"spatialLIBD","barcode"
"L1","AAACAAGTATCTCCCA-1"
"L5","AAACACCAATAACTGC-1"
"L3","AAACAGAGCGACTCCT-1"
"L4","AAACAGCTTTCAGAAG-1"
"L4","AAACAGGGTCTATATT-1"
"L6","AAACAGTGTTCCTGGG-1"
"WM","AAACATGGTGAGAGGA-1"
"L3","AAACATTTCCCGGATT-1"
"L1","AAACCCGAACGAAATC-1"
"L2","AAACCGGAAATGTTAA-1"
"L3","AAACCGGGTAGGTACC-1"
"L3","AAACCGTTCGTCCAGG-1"
"L3","AAACCTAAGCAGCCGG-1"
"L3","AAACCTCATGAAGTTG-1"
"L3","AAACGAAGAACATACC-1"
"L6","AAACGAAGATGGAGTA-1"
"L1","AAACGAGACGGTTGAT-1"
"L3","AAACGCTGGGCACGAC-1"
"L3","AAACGGGCGTACGGGT-1"
"L5","AAACGGTTGCGAACTG-1"
"L3","AAACGTGTTCGCCCTA-1"
"L4","AAACTCGGTTCGCAAT-1"
"L3","AAACTCGTGATATAAG-1"
"L2","AAACTGCTGGCTCCAA-1"
"WM","AAACTTAATTGCACGC-1"
"L3","AAACTTGCAAACGTAT-1"
"WM","AAAGAATGACCTTAGA-1"
"L3","AAAGAATGTGGACTAA-1"
"L2","AAAGACCCAAGTCGCG-1"
"L2","AAAGACTGGGCGCTTT-1"
"L3","AAAGCTTGCCTACATA-1"
"L6","AAAGGCCCTATAATAC-1"
"L4","AAAGGCTACGGACCAT-1"
"L3","AAAGGCTCTCGCGCCG-1"
"L1","AAAGGGATGTAGCAAG-1"
"L1","AAAGGGCAGCTTGAAT-1"
"L3","AAAGGTAAGCTGTACC-1"
"L4","AAAGTAGCATTGCTCA-1"
"L3","AAAGTCACTGATGTAA-1"
"L3","AAAGTCGACCCTCAGT-1"
"L3","AAAGTGCCATCAATTA-1"
"L1","AAAGTGTGATTTATCT-1"
"L1","AAAGTTGACTCCCGTA-1"
"L3","AAATAACCATACGGGA-1"
"L2","AAATAAGGTAGTGCCC-1"
"L3","AAATACCTATAAGCAT-1"
"L1","AAATAGCTTAGACTTT-1"
"L3","AAATAGGGTGCTATTG-1"
"L3","AAATCCGATACACGCC-1"
"L6","AAATCGCGGAAGGAGT-1"
"L3","AAATCGTGTACCACAA-1"
"L2","AAATCTAGCCCTGCTA-1"
"L6","AAATGACTGATCAAAC-1"
"L3","AAATGATTCGATCAGC-1"
"L1","AAATGCTCGTTACGTT-1"
"L3","AAATGGCATGTCTTGT-1"
"L4","AAATGGCCCGTGCCCT-1"
"L1","AAATGGTCAATGTGCC-1"
"L3","AAATGTATCTTATCCC-1"
"L3","AAATGTGGGTGCTCCT-1"
"L1","AAATTAACGGGTAGCT-1"
"L3","AAATTAATAAGCGCGA-1"
"L3","AAATTACACGACTCTG-1"
"L2","AAATTACCTATCGATG-1"
"L1","AAATTCCAGGTCCAAA-1"
"L4","AAATTGATAGTCCTTT-1"
"L3","AAATTGGTGAGAAGCA-1"
"L3","AAATTTACCGAAATCC-1"
"L3","AAATTTGCGGGTGTGG-1"
"L1","AACAACTGGTAGTTGC-1"
"L5","AACAATACATTGTCGA-1"
"L2","AACAATTACTCTACGC-1"
"L2","AACACACGCTCGCCGC-1"
"L3","AACACGACTGTACTGA-1"
"L3","AACACGAGACGCGGCC-1"
"L3","AACACGCGGCCGCGAA-1"
"L5","AACAGCTGTGTGGCAA-1"
"L2","AACAGGAAATCGAATA-1"
"L1","AACAGGATGGGCCGCG-1"
"L1","AACAGGTAGTATGGAT-1"
"L4","AACATAGCGTGTATCG-1"
"L2","AACATATCAACTGGTG-1"
"L3","AACATCGATACGTCTA-1"
"L6","AACATTGAAGTTGATC-1"
"L4","AACATTGTGACTCGAG-1"
"L3","AACCAAGACTTCTCTG-1"
"L3","AACCAGTATCACTCTT-1"
"WM","AACCATAGGGTTGAAC-1"
"L1","AACCATGGGATCGCTA-1"
"L1","AACCCAGAGACGGAGA-1"
"L5","AACCCATCCCATGATC-1"
"L5","AACCCGACAACCCGTG-1"
"L2","AACCCGAGCAGAATCG-1"
"L6","AACCCGCTGTATTCCA-1"
"L1","AACCCTACTGTCAATA-1"
"L3","AACCCTGGTGGAACCA-1"
"L1","AACCGAGCTTGGTCAT-1"
"L1","AACCGCTAAGGGATGC-1"
"L3","AACCGTTGTGTTTGCT-1"
"L3","AACCTCGCTTTAGCCC-1"
"L1","AACCTGTCACGGAATT-1"
"L3","AACCTTTAAATACGGT-1"
"L3","AACCTTTACGACGTCT-1"
"L6","AACGAAAGTCGTCCCA-1"
"L3","AACGACCTCCTAGCCG-1"
"L3","AACGATAATGCCGTAG-1"
"L2","AACGATAGAAGGGCCG-1"
"L1","AACGATATGTCAACTG-1"
"L3","AACGCATGATCTGGGT-1"
"L2","AACGCGAACGGCAACA-1"
"L5","AACGCGACCTTGGGCG-1"
"L1","AACGCGGTCTCCAGCC-1"
"L3","AACGCTGTTGCTGAAA-1"
"L2","AACGGACGTACGTATA-1"
"L3","AACGGCCATCTCCGGT-1"
"L3","AACGTACTGTGGGTAC-1"
NA,"AACGTAGTCTACCCAT-1"
"L1","AACGTCAGACTAGTGG-1"
"L6","AACGTCATCCGGCTTG-1"
"L3","AACGTCGCTGCACTTC-1"
"L3","AACGTGATGAAGGACA-1"
"L1","AACGTGCGAAAGTCTC-1"
"L1","AACGTTATCAGCACCT-1"
"L3","AACGTTCTACCATTGT-1"
"L1","AACTACCCGTTTGTCA-1"
"L3","AACTAGCGTATCGCAC-1"
"L3","AACTAGGCTTGGGTGT-1"
"L2","AACTCAAGTTAATTGC-1"
"L3","AACTCCAGAGCGTGTT-1"
"L3","AACTCCTAATCCCATG-1"
"L1","AACTCGATGGCGCAGT-1"
"L1","AACTCTCAATAGAGCG-1"
"L3","AACTCTCAGTGTGCTC-1"
"L1","AACTGAGTTATACTGA-1"
"L2","AACTGATATTAGGCCT-1"
"L1","AACTGGGTCCCGACGT-1"
"L3","AACTGGGTTCGAGCCG-1"
"L3","AACTGGTGTGGGCCTT-1"
"L1","AACTTCTGCGTCTATC-1"
"L2","AACTTGCCCGTATGCA-1"
"L1","AACTTGCGTTCTCGCG-1"
"L3","AACTTTACGGGAGCTT-1"
"L3","AACTTTAGCTGCTGAG-1"
"L3","AACTTTCTCGATCATG-1"
"L3","AAGAAATCACCAGATT-1"
"L1","AAGAAGGATCAGTTAG-1"
"L3","AAGACATACGTGGTTT-1"
"WM","AAGACCAAATAACTCA-1"
"L4","AAGACCCAACTGAACA-1"
"L3","AAGACTCACGCCCACT-1"
"L1","AAGACTGCAAGCTACT-1"
"L1","AAGAGATGAATCGGTA-1"
"L1","AAGAGCTCTTTATCGG-1"
"L3","AAGAGGATGTACGCGA-1"
"L1","AAGAGGCATGGATCGC-1"
"L3","AAGAGGCCCTTTGGAA-1"
"L4","AAGATGGCACCGGACC-1"
"L2","AAGATTGGCGGAACGT-1"
"L3","AAGCACCCTGCGTATC-1"
"L3","AAGCATACTCTCCTGA-1"
"WM","AAGCCACTTGCAGGTA-1"
"L1","AAGCCGAAGCGGTTTA-1"
"L6","AAGCCGCCGTGAAATC-1"
"L3","AAGCCGCTTTACCTTG-1"
"L3","AAGCCGGAGAGCAGGA-1"
"L4","AAGCGCAGGGCTTTGA-1"
"L3","AAGCGGAGTGCGCGCA-1"
"L3","AAGCGGCGTCATGGGT-1"
"L4","AAGCGTCCCTCATCGA-1"
"L3","AAGCTAGATCGAGTAA-1"
"L1","AAGCTCGTGCCAAGTC-1"
"L3","AAGCTCTTTCATGGTG-1"
"L3","AAGGAGAACTTATAAG-1"
"L1","AAGGAGCGGTTGGTGC-1"
"L1","AAGGATCGATCGCTTG-1"
"L1","AAGGATGAGGGACCTC-1"
"L1","AAGGCAGGCTGTCTCC-1"
"L1","AAGGCGCGTAAAGCTT-1"
"L1","AAGGCTGTGCTCATCG-1"
"L6","AAGGGAACGACTGGCT-1"
"L2","AAGGGACAGATTCTGT-1"
"L5","AAGGGACTATGCATTC-1"
"L3","AAGGGTTAGCCATGCG-1"
"WM","AAGGGTTTGATTTCAG-1"
"L1","AAGGTATCCTAATATA-1"
"L1","AAGGTGATAAACCAGC-1"
NA,"AAGTAAGCTTCCAAAC-1"
"L1","AAGTAGAAGACCGGGT-1"
"L2","AAGTAGTGACGCGAGG-1"
"L1","AAGTCAATTGTCGTCA-1"
"L3","AAGTCTAGTAGCTGCC-1"
"L4","AAGTCTTCTGTGGCCT-1"
"L3","AAGTGACGACCGAATT-1"
"L4","AAGTGAGTCGGGTTTA-1"
"L2","AAGTGCAAAGGTAGAC-1"
"L1","AAGTGCCTTGACTGTA-1"
"L3","AAGTGCGTTAGAATCT-1"
"L6","AAGTGCTTCTCTATTG-1"
"L3","AAGTGTTTGGAGACGG-1"
"L3","AAGTTCACTCCAAGCT-1"
"L3","AAGTTCAGTCTGCGTA-1"
"L3","AAGTTCGGCCAACAGG-1"
"L3","AAGTTGTGATGTTATA-1"
"L3","AAGTTTACTAATGGCA-1"
"L4","AAGTTTATGGGCCCAA-1"
"L3","AATAACAACGCTCGGC-1"
"L3","AATAACACTAGAACAA-1"
"L3","AATAACGTCGCGCCCA-1"
"L3","AATAAGTCCTCGAGAC-1"
"L1","AATAATCTTCGTATCG-1"
"L1","AATACAATGTTTCAGG-1"
"L5","AATACCGGAGGGCTGT-1"
"L3","AATACCTGATGTGAAC-1"
"L3","AATAGAACAGAGTGGC-1"
"L2","AATAGAATCTGTTTCA-1"
"L3","AATAGCTACCGCGTGC-1"
"WM","AATAGGCACGACCCTT-1"
"L3","AATAGTCCGTCCCGAC-1"
"L2","AATAGTCGCGAGTCGG-1"
"L2","AATATCAAGGTCGGAT-1"
"L5","AATATCCTAGCAAACT-1"
"L1","AATATCGAATCAATGC-1"
"L2","AATATCGAGGGTTCTC-1"
"L3","AATATTGGAGTATTGA-1"
"L6","AATCAGGTTTCATTTA-1"
"L2","AATCATGTAAAGACTC-1"
"L2","AATCCAAGGGCCTGAG-1"
"L2","AATCCATGCAAGGGTG-1"
"L6","AATCCCGCTCAGAGCC-1"
"L5","AATCGAGGTCTCAAGG-1"
"L1","AATCGCCTCAGCGCCA-1"
"L1","AATCGCGCAGAGGACT-1"
"L3","AATCGGGACACTACGA-1"
"L3","AATCGGTATAGCCCTC-1"
"L3","AATCGTGAGCCGAGCA-1"
"L5","AATCTAGGTTTACTTG-1"
"L3","AATCTATGCCGGAGCC-1"
"L3","AATCTCTACTGTGGTT-1"
"L1","AATCTGCGTTGGGACG-1"
"L5","AATCTGGCTTTCTAGT-1"
"L3","AATCTGGGTAGACCCT-1"
"L3","AATGACAGCAATGTCT-1"
"L2","AATGACGTAGGATGTC-1"
"L1","AATGACTGTCAGCCGG-1"
"L1","AATGAGTTCGCATATG-1"
"L2","AATGATGATACGCTAT-1"
"L2","AATGATGCGACTCCTG-1"
"L1","AATGCAACCGGGTACC-1"
"L3","AATGCACCAAGCAATG-1"
"L2","AATGGTCCACCGTTCA-1"
"L1","AATGGTTCTCACAAGC-1"
"WM","AATGTATGGCACTGTA-1"
"L4","AATGTGCCCGAGGTGT-1"
"L6","AATGTGCTAATCTGAG-1"
"L4","AATGTTAAGACCCTGA-1"
"L3","AATGTTGTCGTGAGAC-1"
"L2","AATTAAAGGTCGGCGT-1"
"L3","AATTAACGGATTTCCA-1"
"L6","AATTACGAGACCCATC-1"
"L1","AATTACTCGTACGCTC-1"
"L3","AATTAGCGCTGCAGCG-1"
"L4","AATTATACCCAGCAAG-1"
"L2","AATTCATAAGGGATCT-1"
"WM","AATTCATTGTCATGCA-1"
"L4","AATTCCAAGCATGTAC-1"
"L4","AATTCGATTCGAGGAT-1"
"L3","AATTCTAGAGTTAGGC-1"
"L2","AATTGAACGCTCTGGT-1"
"L3","AATTGCAGCAATCGAC-1"
"WM","AATTGCGTGGATTACA-1"
"L3","AATTGTGGTTGCCAAA-1"
"L3","AATTTGGGACATAGTA-1"
"L3","AATTTGGTTCCAAAGA-1"
"L6","ACAAACCATGCGTCCT-1"
NA,"ACAAACCGACAAGGCG-1"
"WM","ACAAACTCCATCAGAG-1"
"L5","ACAAAGAAGGTAGGCC-1"
"L3","ACAAAGCATGACCTAG-1"
"L2","ACAAATCGCACCGAAT-1"
"L2","ACAAATGGTAGTGTTT-1"
"L3","ACAAATTCAGATCTGA-1"
"L1","ACAACAGCATGAGCTA-1"
"L1","ACAACGGTCCCTGCGA-1"
"L2","ACAAGCAGTGCCTAGC-1"
"L3","ACAAGCTATATGGAAG-1"
"L3","ACAAGGAAATCCGCCC-1"
"L1","ACAAGGACAAGAGGTT-1"
"L3","ACAAGGATGCTTTAGG-1"
"L2","ACAAGGGCAGGCTCTG-1"
"WM","ACAAGTAATTGTAAGG-1"
"L3","ACAATAGTCGTACGTT-1"
"L3","ACAATCCATTTAAACC-1"
"L3","ACAATCGATCTTTATA-1"
"L4","ACAATGAATACGGAGA-1"
"L2","ACAATTGTGTCTCTTT-1"
"L3","ACAATTTAGGAGGCTC-1"
"L1","ACAATTTGAGCAGTGG-1"
"L1","ACAATTTGGCCATATT-1"
"L1","ACACAAAGACGGGTGG-1"
"L3","ACACAAATATTCCTAG-1"
"L1","ACACACCAGGACCAGT-1"
"L2","ACACACTTTCTACACG-1"
"L6","ACACATGATCAAATCT-1"
"L5","ACACATTTCCGTAGAC-1"
"L2","ACACCACATAATTAGC-1"
"L1","ACACCCAGCATGCAGC-1"
"L1","ACACCCGAGAAATCCG-1"
"L1","ACACCGAGCGCTCTTT-1"
"L6","ACACCGGTCTGACCGC-1"
"L1","ACACCTTAAGTAGGGC-1"
"L1","ACACCTTACTACTTGC-1"
"L3","ACACGGCACTATGCAT-1"
"L1","ACACGGGAACTTAGGG-1"
"L3","ACACGTAGGCCACAAG-1"
"L1","ACACTCCAATGTCACT-1"
"L3","ACACTGATCAAGGTGT-1"
"L3","ACACTGGGACAGTCGT-1"
"L4","ACAGAACTGAGAACAA-1"
"L3","ACAGATTAGGTTAGTG-1"
"L3","ACAGCATAGAGCCAGT-1"
"L3","ACAGCGACATTCTCAT-1"
"L3","ACAGCGCACCCGCAGC-1"
"L3","ACAGGCACGGATCCTT-1"
"L3","ACAGGCTTGCCCGACT-1"
"L3","ACAGGTGGAGGTGAGG-1"
"L4","ACAGGTGTGTTGTTGC-1"
"L4","ACAGTAATACAACTTG-1"
"L3","ACAGTATACCGTGGGA-1"
"L6","ACATAAGTCGTGGTGA-1"
"L1","ACATAATAAGGCGGTG-1"
"L4","ACATACAATCAAGCGG-1"
"L3","ACATCAGCTGGGACGC-1"
"L3","ACATCCCGGCCATACG-1"
"L1","ACATCCTGGTAACTGT-1"
"L2","ACATCGATCGTTTACC-1"
"WM","ACATCGCAATATTCGG-1"
"L3","ACATCGGTCAGCCGCG-1"
"L2","ACATCGTATGCAATGG-1"
"L3","ACATCGTTAACCTAGT-1"
"L3","ACATCTCAACGCGTAA-1"
"WM","ACATGCTTACGGCAGC-1"
"L1","ACATGGCGCCAAAGTA-1"
"L1","ACATGGCTCAATTTAG-1"
"L3","ACATTAGTTTATATCC-1"
"WM","ACATTCGCGCGGAATA-1"
"L3","ACATTTGAAACCTAAC-1"
"L3","ACCAAACACCCAGCGA-1"
"L3","ACCAAACTAGAAATCC-1"
"L3","ACCAACACCACACACT-1"
"L3","ACCAACCGCACTCCAC-1"
"L3","ACCAACGCTTATTTAT-1"
"L1","ACCAAGAACGCGTGTC-1"
"L3","ACCAAGTCATCGGCAG-1"
"L3","ACCAATATGCAAGTTA-1"
"L3","ACCACAACTCAGAACA-1"
"L1","ACCACAAGTTTCTATC-1"
"L5","ACCACACGGTTGATGG-1"
"L1","ACCACCAATGTAACAA-1"
"L3","ACCACCCTCTCTTCTA-1"
"L2","ACCACGTGCAGCTATA-1"
"L1","ACCACTGTTCAAGAAG-1"
"L3","ACCAGACCATAACAAC-1"
"L3","ACCAGCCCGGTCTTTG-1"
"L3","ACCAGGAGTGTGATCT-1"
"L3","ACCAGTGCCCGGTCAA-1"
"L1","ACCAGTGCGGGAGACG-1"
"L2","ACCATATCCGCAATAA-1"
"L4","ACCATCCGCCAACTAG-1"
"L3","ACCATCGTATATGGTA-1"
"L1","ACCATTAAGGGTGTCA-1"
"L1","ACCCAACGCCCGTGGC-1"
"L1","ACCCACCTACATGCTC-1"
"L3","ACCCATCTTGAGGGTA-1"
"L3","ACCCATTTGTCCCTCT-1"
"L5","ACCCGAGCGAAATTAC-1"
"L6","ACCCGATTGGTTCCGA-1"
"L3","ACCCGGAAACTCCCAG-1"
"L3","ACCCGGAGCACCACAA-1"
"L1","ACCCGGATGACGCATC-1"
"L3","ACCCGGTTACACTTCC-1"
"WM","ACCCGTAGCAGAGAAT-1"
"L3","ACCCGTAGTCTAGTTG-1"
"L3","ACCCGTGTCATCAGTA-1"
"L1","ACCCTATAGGACTGAG-1"
"L4","ACCCTATGCCATATCG-1"
"L3","ACCCTCCCGTCAGGGC-1"
"L2","ACCCTCCCTTGCTATT-1"
"L3","ACCCTGGTAACGCCCT-1"
"L3","ACCCTTCATCTGCGAA-1"
"L3","ACCCTTGCCTGGGTCG-1"
"L3","ACCCTTTAGTTCTCCA-1"
"L3","ACCGAAAGGGCCCTGC-1"
"L5","ACCGAAGAGTCTGGTT-1"
"L3","ACCGACACATCTCCCA-1"
"L1","ACCGACTGAGTCCCAC-1"
"L4","ACCGAGTCTCCTTATT-1"
"L3","ACCGATAGGCATAACC-1"
"L1","ACCGATATTTAATCAT-1"
"L1","ACCGATGGTAGCATCG-1"
"L3","ACCGCAATAACTGCCT-1"
"L1","ACCGCGGTGGAAGTCG-1"
"WM","ACCGCTAGTCATTGGT-1"
"L1","ACCGGGCCTTTGTTGA-1"
"L6","ACCGGTCAGGTACACC-1"
"WM","ACCGTCCACTGGGCCC-1"
"L5","ACCGTGACCACGTGGG-1"
"L3","ACCGTTCCCGCTCTGA-1"
"L3","ACCTAAGTACCTTTCA-1"
"L2","ACCTAATCGACTTCCT-1"
"L1","ACCTACAGTATGTGGT-1"
"L5","ACCTACTATAAATCTA-1"
"L3","ACCTCAGCGAGGCGCA-1"
"L2","ACCTCCGCCCTCGCTG-1"
"L1","ACCTCCGTTATTCACC-1"
"WM","ACCTCGAACTTATGCT-1"
"L4","ACCTGCGTGTCATGTT-1"
"L2","ACGAAATGGGCGGCAC-1"
"L3","ACGACCCATGAGTTGC-1"
"L3","ACGACTCTAGGGCCGA-1"
"L5","ACGACTGGTCATACTC-1"
"L2","ACGAGAACCCATCACG-1"
"L3","ACGAGATATTTGCTTA-1"
"L4","ACGAGGATACCACTCT-1"
"L5","ACGAGGTTTACAACGT-1"
"L2","ACGAGTACGGATGCCC-1"
"L2","ACGATACATAGAACTA-1"
"L3","ACGATACCTATCCTGA-1"
"L1","ACGATCATACATAGAG-1"
"L1","ACGATCATCTTGTAAA-1"
"L2","ACGATGCATATGTTAT-1"
"L3","ACGATGGATCCGATGC-1"
"L4","ACGCAAACTAATAGAT-1"
"L3","ACGCAATCACTACAGC-1"
"L3","ACGCATACGTTTACTA-1"
"L1","ACGCATTCGTGAGTAC-1"
"L5","ACGCCACTCGAAACAG-1"
"L2","ACGCCAGATGATTTCT-1"
"L3","ACGCCAGTGCGTTTGC-1"
"L3","ACGCCCAGCTGTCGAT-1"
"L2","ACGCCGCTAGACGACC-1"
"L3","ACGCGAAGTCAGACGA-1"
"L3","ACGCGCTACACAGGGT-1"
"L1","ACGCGGGCCAAGGACA-1"
"L3","ACGCGTTTCTTAAGAG-1"
"L3","ACGCTACTGAATGGGC-1"
"L2","ACGCTAGTGATACACT-1"
"L3","ACGCTGTGAGGCGTAG-1"
"L3","ACGCTTAGTGTCTCTC-1"
"L3","ACGGAACACGAGTGCC-1"
"L1","ACGGAATTTAGCAAAT-1"
"WM","ACGGACGCAGCGACAA-1"
"L3","ACGGACTCTCAAAGCG-1"
"L3","ACGGAGCGCAAATTAC-1"
"L3","ACGGATGGTGCGGATA-1"
"L3","ACGGCACTTGCTTGGG-1"
"L3","ACGGCCAACATGGACT-1"
"L3","ACGGCGACGATGGGAA-1"
"L3","ACGGCGGGTTGCCCTG-1"
"L6","ACGGCTGGATGTAGAA-1"
"L3","ACGGGAGTGTCGGCCC-1"
"L3","ACGGGCGTATGCGACA-1"
"L1","ACGGGTCATGTGACTT-1"
"L3","ACGGTACAGTTCAATG-1"
"WM","ACGGTCACCGAGAACA-1"
"L3","ACGTACAGATTTCTCT-1"
"L6","ACGTACTTTGGCACGG-1"
"L1","ACGTAGATTGCTGATG-1"
"L4","ACGTAGGAGAGTCGCT-1"
"L1","ACGTATTACTCCGATC-1"
NA,"ACGTCCTAAACGAGAT-1"
"L4","ACGTCTCGTTCCGGGA-1"
"L5","ACGTGACAAAGTAAGT-1"
"L2","ACGTGCGCCTCGTGCA-1"
"L3","ACGTGGTCGAATGTGC-1"
"L2","ACGTTAATGTCGAAGA-1"
"L3","ACGTTAGATTTGCCCG-1"
"L1","ACGTTATTGGTCACTC-1"
"WM","ACGTTCACTATGCCGC-1"
"L3","ACGTTCCGCGCTCCGT-1"
"L2","ACGTTCGCAATCAATT-1"
"L4","ACGTTCGTTCAGGAAA-1"
"L3","ACGTTCTGTACAAGTC-1"
"WM","ACGTTGTCGTTGAAAG-1"
"L3","ACGTTTAGTTGTGATC-1"
"L3","ACGTTTCGGTGCACTT-1"
"L3","ACTAATACGTCAGGCG-1"
"L6","ACTACAAAGAGAGGTG-1"
"L6","ACTACATCCCGACAAG-1"
"L1","ACTACCAGCTCTCTGG-1"
"WM","ACTACCATCCGAGGGC-1"
"L4","ACTACGCGTTAGAATT-1"
"L1","ACTAGTTGCGATCGTC-1"
"L3","ACTATATGCTGTGTTC-1"
"L1","ACTATCCAGGGCATGG-1"
"L1","ACTATCGCCGGCTAAA-1"
"L2","ACTATCTGCCCGCGTA-1"
"L6","ACTATGTCCAGCTGCC-1"
"L3","ACTATTCGTCCGTGGT-1"
"L4","ACTATTTCCGGGCCCA-1"
"L2","ACTCAACGAATGTATT-1"
"L3","ACTCAAGTGCAAGGCT-1"
"L1","ACTCAATAAAGGCACG-1"
"L2","ACTCAGACCTGCTTCT-1"
"WM","ACTCATGGCAGCCTTC-1"
"L5","ACTCCAATATCATCAT-1"
"L4","ACTCCCATTCCTAAAG-1"
"L1","ACTCCCGAATTCGTTT-1"
"L3","ACTCCCGTAGACTAGG-1"
"L3","ACTCCCTAATGCTAAA-1"
"L3","ACTCCCTAGAATAGTA-1"
"L3","ACTCCGGCCGACCACT-1"
"L1","ACTCGATGTATTTCAT-1"
"L3","ACTCGCCGTTCGATAA-1"
"L1","ACTCGCGATCTGACGC-1"
"L4","ACTCGTAACCCGTCCT-1"
"L1","ACTCGTCAGTAATCCC-1"
"L3","ACTCTAAACCTGGGAT-1"
"L2","ACTCTCTGACTTAGGT-1"
"L3","ACTCTCTTATACACGA-1"
"L3","ACTCTGACCTAATAGA-1"
"L2","ACTCTTCAGCTCCCGC-1"
"L1","ACTCTTGTATAGTAAC-1"
"L3","ACTGAAACGCCGTTAG-1"
"L2","ACTGAATGGCGAAAGT-1"
"L3","ACTGATTTAGTGATTC-1"
"L6","ACTGCCCGCCATTCTC-1"
"L2","ACTGCCGTCGTAACTC-1"
"L1","ACTGCGGACACACCGT-1"
"L5","ACTGCTCGGAAGGATG-1"
"L6","ACTGGGATGCCAGTGC-1"
"L1","ACTGTACGATACACAT-1"
"L1","ACTGTAGCACTTTGGA-1"
"L2","ACTGTATACGCGAGCA-1"
"L1","ACTGTCCAGGATTATA-1"
"L1","ACTGTCTTCTTTAGAA-1"
"L1","ACTGTGCTAGTAGATC-1"
"L3","ACTGTTTAGTGTAGGC-1"
"L3","ACTTACCGGGCGCGCA-1"
"L3","ACTTACGCATCCACGC-1"
"L1","ACTTAGTACGACAAGA-1"
"L1","ACTTATACTTACCCGG-1"
"L2","ACTTATTAGGATCGGT-1"
"L1","ACTTATTTATGTGCCA-1"
"L3","ACTTCAGGCTGATCCC-1"
"L6","ACTTCCAGTGGAAGCT-1"
"L3","ACTTCCATGCGGGACA-1"
"L1","ACTTCGCCATACGCAC-1"
"L2","ACTTCGCTAGCGAGTG-1"
"L2","ACTTGACTCCCTCTTT-1"
"L3","ACTTGCCATATTGTAC-1"
"L1","ACTTGGGACCCGGTGG-1"
"L5","ACTTGGGCTTTCGCCA-1"
"L4","ACTTGTAGTCCCTTCA-1"
"L1","ACTTGTGGATGGAACG-1"
"L6","ACTTGTTACCGGATCA-1"
"L1","ACTTTACCCTCATGAA-1"
"L1","ACTTTCCTATAGCTTC-1"
"L3","ACTTTGACTGCATCCT-1"
"L6","ACTTTGGTCGTGCTCC-1"
"L2","ACTTTGTCGACGCACT-1"
"L1","AGAAATTATGACTCGC-1"
"WM","AGAACACGGCGATGGT-1"
"L1","AGAACCCAGCGTGACA-1"
"WM","AGAACCCTCAATTGGG-1"
"L1","AGAACGTGGTACATTC-1"
"L3","AGAACTGTACTTTGTA-1"
"L1","AGAAGAGCGCCGTTCC-1"
"L5","AGAAGGTACACTTCAC-1"
"L3","AGAAGGTTGCCGAATT-1"
"L3","AGAAGGTTGTAGGTCG-1"
"L3","AGAAGTGATTCGTGAT-1"
"L3","AGAATAAATCTTCAGG-1"
"L3","AGAATACAGGCTATCC-1"
"L3","AGAATGCGGGTTCGGA-1"
"L1","AGAATTATGGATTCGA-1"
"L1","AGAATTGTTTGACATA-1"
"L1","AGACAGCTCAGAATCC-1"
"L2","AGACAGGCATCTCAGC-1"
"L3","AGACATAGATCCTTCC-1"
"L5","AGACCAAACCACACCT-1"
"L1","AGACCATGGGATACAA-1"
"L3","AGACCCACCGCTGATC-1"
"L1","AGACCCGCCCTCCTCG-1"
"L1","AGACCGCTCCGCGGTT-1"
"L3","AGACCGGGAAACCCTG-1"
"L1","AGACGAAGTGCCGGTC-1"
"L4","AGACGACGATGCCGCT-1"
"L3","AGACGCCCACTTCGCC-1"
"L3","AGACGGGATTGGTATA-1"
"L3","AGACGGGCCGATTTAA-1"
"L1","AGACTAGCCTTCCAGA-1"
"L5","AGACTGTTACCGGGTC-1"
"L6","AGAGAAACACCAGAAA-1"
"L2","AGAGAACCGTCTAGGA-1"
"L4","AGAGAAGGAGTACAAT-1"
"L3","AGAGATCTCTAAAGCG-1"
"L2","AGAGCAGTTATGAGAC-1"
"L3","AGAGCCGCCGAGATTT-1"
"L3","AGAGCGCTTGTAACGG-1"
"L2","AGAGCGGGCTAATCAT-1"
"L1","AGAGCGTACAAGCTCG-1"
"L1","AGAGCTACGAAAGCAT-1"
"L1","AGAGGCTTCGGAAACC-1"
"L3","AGAGGTATCTCGGTCC-1"
"L1","AGAGTAAACTTCACTA-1"
"L3","AGAGTATAGTGTTACG-1"
"L3","AGAGTCTTAATGAAAG-1"
"L3","AGAGTTAGAGACCGAT-1"
"L3","AGAGTTGCAGGCCTCC-1"
"L1","AGATAACTTCAGGGCC-1"
"WM","AGATAATCACACCTAT-1"
"L3","AGATACCAATAGAACC-1"
"L3","AGATACCAGCACTTCA-1"
"L3","AGATACCGGTGTTCAC-1"
"L1","AGATACGACTTCATAT-1"
"L2","AGATACTCAAGATCGA-1"
"L3","AGATATAATACGACTA-1"
"L3","AGATCGTGCATAAGAT-1"
"L1","AGATCTCAGGTGTGAT-1"
"WM","AGATCTGGAGAGGATA-1"
"L1","AGATGACTCGCCCACG-1"
"L3","AGATGAGGGTTGCGAT-1"
"L1","AGATGATGGAGTCTGG-1"
"L5","AGATGCAAGACGTGCA-1"
"L5","AGATGCATCCTGTGTC-1"
"L1","AGATGCTATAACGAGC-1"
"L2","AGATTATAGGACGTTT-1"
"L5","AGATTCACAACCGATA-1"
"L3","AGCAAAGGCCGCTAGT-1"
"L1","AGCAACATATCTTATT-1"
"L5","AGCAACCGAAAGTAAT-1"
"L6","AGCACACGTTTAGACT-1"
"L1","AGCACCAGTACTCACG-1"
"L3","AGCACTACCGGCCTGT-1"
"L3","AGCACTACCTCACCAG-1"
"L2","AGCACTTAAGGACGCC-1"
"L4","AGCAGAAGGAGAAAGA-1"
"L3","AGCAGCCAGATGAATA-1"
"L4","AGCAGTCGAAGCATGC-1"
"L2","AGCATATCAATATGCT-1"
"L5","AGCATCATTTCGAAAG-1"
"L1","AGCATCGTCGATAATT-1"
"L3","AGCATTACGAGGCAAG-1"
"L4","AGCCAAGCTTTGTGTC-1"
"L3","AGCCACAGGTTACCCG-1"
"L2","AGCCACTCCCGTGCTT-1"
"L5","AGCCATATAGTATGTG-1"
"L3","AGCCCATACATGTAAG-1"
"L5","AGCCCGCAACAAGCAG-1"
"L3","AGCCCGCACTACAATG-1"
"L6","AGCCCGGCATTAGAGG-1"
"L4","AGCCCGGTAGCCTGTA-1"
"L2","AGCCCTAAGCGAAGTT-1"
"L6","AGCCCTCCCTGGTGGC-1"
"L1","AGCCCTGTCGCACCGT-1"
"L3","AGCCCTTCTAATCCGA-1"
"L2","AGCCCTTGGACATCCC-1"
"L3","AGCCGCAAATTCAAAT-1"
"L4","AGCCGTGGCTAAATGT-1"
"L5","AGCCTAATACCCACGT-1"
"L1","AGCCTTAAAGCGGAAG-1"
"L3","AGCGACAGGAACGGTC-1"
"L2","AGCGACATCCCATTCA-1"
"L1","AGCGACCAACGATATT-1"
"L6","AGCGACTTTGAAGACA-1"
"WM","AGCGAGACGTGAAGGC-1"
"L3","AGCGATGCGCCTAATA-1"
"L3","AGCGCATAATGAATCG-1"
"L2","AGCGCGGGTGCCAATG-1"
"L1","AGCGCTAGAGCGATGT-1"
"L3","AGCGCTTATGGGCAAG-1"
"L4","AGCGGACACTTCGTAG-1"
"L5","AGCGGCGGTTAGCGGT-1"
"L1","AGCGGGAAGGGTCCAT-1"
"L4","AGCGGGTCTGACACTC-1"
"L3","AGCGGTTGCCGCTCTG-1"
"L2","AGCGTACGAGAGCTAG-1"
"L3","AGCGTCTGAACCCGCA-1"
"L2","AGCGTGGTATTCTACT-1"
"L3","AGCGTTCCGATTTAAA-1"
"L5","AGCTAACAAGCAATGT-1"
"WM","AGCTAAGCTCCGTCCG-1"
"L3","AGCTAAGTACGCAGGC-1"
"L3","AGCTACGAATGGTGGT-1"
"L3","AGCTAGAAGCAGAAGT-1"
"L3","AGCTATTTAATCCAAC-1"
"L3","AGCTCCATATATGTTC-1"
"L3","AGCTCCTTCGCACATC-1"
"L3","AGCTCGTTGATGGAAA-1"
"L1","AGCTCTAGACGTTCCA-1"
"L3","AGCTCTTCCCAGTGCA-1"
"L1","AGCTCTTCGTAACCTT-1"
"L3","AGCTCTTTACTCAGTT-1"
"L2","AGCTGAAGTAAACCAA-1"
"L4","AGCTGTAACCTCAATC-1"
"L3","AGCTTATAGAGACCTG-1"
"L3","AGCTTCTTCTCGAGCA-1"
"WM","AGCTTGATCAGGGTAG-1"
"L3","AGCTTGATCTTAACTT-1"
"L3","AGGAACGAACGACTTC-1"
"L3","AGGAAGCTGTCCGCCG-1"
"L1","AGGACAGTCGAATCCC-1"
"L1","AGGACATCGCACGTCG-1"
"L3","AGGACATCGGCACACT-1"
"L3","AGGACGACCCATTAGA-1"
"L3","AGGACGCTCGATGTTG-1"
"L1","AGGACTTATAGGAGAA-1"
"L3","AGGAGACATCCACAGT-1"
"L3","AGGAGAGTCTGGCTAC-1"
"L3","AGGAGCGTTTATTATC-1"
"L2","AGGAGGCCTTCGCGCG-1"
"L3","AGGATAAAGTCGGGAT-1"
"L1","AGGATATAGGGATTTA-1"
"L3","AGGATATCCGACTGCA-1"
"L4","AGGATCACGCGATCTG-1"
"L2","AGGATTGCTTACGACA-1"
NA,"AGGCAAAGAGGAATCA-1"
"L2","AGGCACGTGACTGTCC-1"
"L1","AGGCAGATGCGTAAAC-1"
"L4","AGGCAGGGAGCGTACT-1"
"L1","AGGCATTGTCGTAGGG-1"
"L1","AGGCCACATTGGTTAC-1"
"L1","AGGCCACCCGTTATGA-1"
"L1","AGGCCCAGTGACTGGT-1"
"L2","AGGCCCATTGTACAGG-1"
"L3","AGGCCCTAGAACGCCA-1"
"L5","AGGCCTATCATACCAA-1"
"L3","AGGCCTGAGAATCTCG-1"
"L2","AGGCGATAACTGGCGT-1"
"L5","AGGCGGTTTGTCCCGC-1"
"L3","AGGCGTCTATGGACGG-1"
"L1","AGGCTATGGTTAGCTT-1"
"L5","AGGCTTAAGTTGCACA-1"
"L3","AGGCTTCCCGAAGAAG-1"
"L1","AGGCTTGCTAGACACC-1"
"L3","AGGGAAACGAGGTACT-1"
"L3","AGGGACAGCACGGCGG-1"
"L1","AGGGACCGGCTGCGTT-1"
"L3","AGGGACTCTACGCGAC-1"
"L2","AGGGAGACATACTTCG-1"
"L3","AGGGCAGCGGCGTGGT-1"
"L3","AGGGCCCTAATGTTCT-1"
"L3","AGGGCGAGCAGCTGAT-1"
"L1","AGGGCGTGATCGGCTA-1"
"L1","AGGGCTGCAGTTACAG-1"
"L5","AGGGTCAGAGCACTCG-1"
"L3","AGGGTCAGTAACCCTA-1"
"L1","AGGGTCGATGCGAACT-1"
"L3","AGGGTCTGGACGCAGT-1"
"L5","AGGGTGCCGTTCTTTA-1"
"L1","AGGGTGCTCTCGAGGG-1"
"L3","AGGGTGGATAGTGCAT-1"
"L5","AGGGTTCAGACGGTCC-1"
"L1","AGGGTTCCCTTTGGTT-1"
"L1","AGGGTTTAGTTCGGGA-1"
"L2","AGGTAACCTCCTATTC-1"
"L3","AGGTACGATATTGCCA-1"
"L5","AGGTAGATCGAGATAT-1"
"L2","AGGTAGGTACAAAGCT-1"
"L1","AGGTATAATTGATAGT-1"
"L1","AGGTATGCGGACATTA-1"
"L3","AGGTCAGGTGAGAGTG-1"
"L3","AGGTCGCCTCCCAACA-1"
"L2","AGGTCGCGGAGTTACT-1"
"L3","AGGTGCACGTCCACAT-1"
"L4","AGGTGGTGACCTTCGC-1"
"L3","AGGTGTATCGCCATGA-1"
"L3","AGGTGTTGCCGACCAC-1"
"L1","AGGTTACACCATGCCG-1"
"WM","AGGTTCTCCTTTCCGG-1"
"L1","AGGTTGAGGCACGCTT-1"
"L2","AGGTTTCACACACCTT-1"
"L3","AGTAACGTTCATCCTG-1"
"L3","AGTAACTATAGCAGCC-1"
"L3","AGTAAGGGACAGAATC-1"
"L4","AGTAATCTAAGGGTGG-1"
"L2","AGTAATGTCTTGCCGC-1"
"WM","AGTAATTTGCAAGCGT-1"
"L4","AGTACAGAAGCTTATA-1"
"L2","AGTACATCATTTATCA-1"
"L3","AGTACCTTCGAGTGCT-1"
"L3","AGTACGGCCCGTATCG-1"
"L1","AGTACGGGCACCTGGC-1"
"L3","AGTACGTGGCCTGTCT-1"
"L3","AGTACTCTTATGCCCA-1"
"L5","AGTAGAAGGCGCCTCA-1"
"L3","AGTAGGAAGGAAGTTG-1"
"L2","AGTAGGTAACATACAT-1"
"L1","AGTATAATACTAGGCA-1"
"L5","AGTATACACAGCGACA-1"
"L5","AGTATGCTGGAGACCA-1"
"L4","AGTATTTGGCACGACC-1"
"L6","AGTCAAATGATGTGAT-1"
"L3","AGTCAACACCACCATC-1"
"L2","AGTCAAGATGACACTT-1"
"L3","AGTCACTAGCTCTCGA-1"
"L2","AGTCACTCCGCCTCAT-1"
"L1","AGTCAGCCACCGCCTG-1"
"L1","AGTCCATTGGCTGATG-1"
"L3","AGTCCCGCCTTTAATT-1"
"L3","AGTCCCTCGCAGAAAG-1"
"L3","AGTCGAATTAGCGTAA-1"
"L1","AGTCGACGGTCTCAAG-1"
"L1","AGTCGGCCCAAACGAC-1"
"L3","AGTCGGCTCAACTTTA-1"
"L1","AGTCGGTTGCGTGAGA-1"
"L3","AGTCGTATAAAGCAGA-1"
"L3","AGTCGTCGACCACCAA-1"
"L4","AGTCGTGGGCATTACG-1"
"L2","AGTCTAAAGTATACTC-1"
"L4","AGTCTCACAAGACTAC-1"
"L1","AGTCTGGACATCCTTG-1"
"L1","AGTCTTCTCCTCAAAT-1"
"L4","AGTCTTTAAAGTGTCC-1"
"L1","AGTGAACAAACTTCTC-1"
"L3","AGTGAAGATGGTGTCC-1"
"L3","AGTGACCTACTTTACG-1"
"L6","AGTGACTGTGACACAA-1"
"L1","AGTGAGACTTCCAGTA-1"
"L2","AGTGAGCCTCGCCGCC-1"
"L3","AGTGAGGGTTTCTGAC-1"
"L3","AGTGAGTCGAATTAAC-1"
"L3","AGTGATAACCTGCGCG-1"
"L3","AGTGATATGAGTAGTT-1"
"L1","AGTGATTCAAGCAGGA-1"
"L2","AGTGCACGCTTAAGAA-1"
"L3","AGTGCGTAGCTCGTAA-1"
"L3","AGTGCTAAACACAGCA-1"
"L1","AGTGCTTGCACGAATA-1"
"L3","AGTGGCCCGCAAATGG-1"
"L2","AGTGGCGGCAATTTGA-1"
"L3","AGTGGCGTCTGAAGGT-1"
"L3","AGTGGCTCCGTCGGCC-1"
"L5","AGTGGTGTTACCCGTG-1"
"L3","AGTGGTTGCGTATAGG-1"
"L3","AGTGTATTGCGCATTG-1"
"L1","AGTGTGCTAAGATCGC-1"
"L1","AGTGTGGTCTATTGTG-1"
"L3","AGTTAAACACTTGCGA-1"
"L3","AGTTAAGCGGTCCCGG-1"
"L4","AGTTAAGTCAACCGCT-1"
"L2","AGTTACCCTTAAGACT-1"
"L2","AGTTACCGCACATGGT-1"
"L3","AGTTACTCTATCGTGG-1"
"L3","AGTTATTCAGACTGTG-1"
"L1","AGTTCACCGGTTGGAC-1"
"L1","AGTTCCTACAGAATTA-1"
"L2","AGTTCCTATTTATGTT-1"
"L1","AGTTCTGCGTTGTATC-1"
"L1","AGTTGACATCGGCTGG-1"
"L4","AGTTGACGGTCCTTGC-1"
"WM","AGTTGCGGTCCTCAAC-1"
"L1","AGTTGCTGACTGATAT-1"
"L3","AGTTGGCAAGGCTAGA-1"
"L3","AGTTTATGTAAAGACA-1"
"L3","AGTTTCGCAGGTCGGA-1"
"L3","AGTTTGCACCTGCCTC-1"
"L1","AGTTTGGCACGGGTTG-1"
"L3","AGTTTGGCCAGACCTA-1"
"L3","ATAAACGGACCCGTAA-1"
"L3","ATAAACGTTGCACCAC-1"
"L1","ATAAAGGCTCGGTCGT-1"
"L3","ATAAAGGTCAAGTACG-1"
"L3","ATAAATATTAGCAGCT-1"
"L1","ATAACGCCGGAGGGTC-1"
"L1","ATAACGGAGTCCAACG-1"
"L3","ATAACGTTACCTCCAC-1"
"L3","ATAAGGTGGAGAACAT-1"
"L2","ATAAGTAGGATTCAGA-1"
"L1","ATAAGTAGGGCGACTC-1"
"L3","ATAAGTTACCGCGACG-1"
"L1","ATAATACCGTTAGCCG-1"
"L3","ATAATAGCTGTTGAAT-1"
"L1","ATAATAGTGTAGGGAC-1"
"L3","ATAATCTTGGAGAACC-1"
"L4","ATAATTAGCTAAGTAG-1"
"L3","ATACAGGCCCTCCAAT-1"
"L3","ATACCACGGGCAACTT-1"
"L3","ATACCAGCAAATTGCT-1"
"L3","ATACCAGGCTAATAGA-1"
NA,"ATACCAGGTGAGCGAT-1"
"L3","ATACCGTCATCCATAA-1"
"L3","ATACCTAACCAAGAAA-1"
"L1","ATACGAAGGCTTTCCA-1"
"L6","ATACGAGGTTTGTAAG-1"
"L1","ATACGCCGGCGAAACC-1"
"L5","ATACGGAACGTCGTTT-1"
"L2","ATACGGGTTTCGATTG-1"
"L3","ATACGGTGAAGATGCA-1"
"L3","ATACGTACTTAGCCAC-1"
"L1","ATACGTCCACTCCTGT-1"
"L4","ATACGTTATGCACGGA-1"
"L3","ATACTACCCGTACCAC-1"
"L1","ATACTAGCATGACCCT-1"
"L2","ATACTCTCGCCACTCT-1"
"L3","ATACTGCCTTACACCG-1"
"L3","ATACTTGTTCTCGAGC-1"
"L1","ATAGACAACGGGACCT-1"
"L1","ATAGACGAAGAGAAAG-1"
"L1","ATAGAGTACTGGGACA-1"
"L2","ATAGAGTTATCAACTT-1"
"L3","ATAGCAACTAGGGAAG-1"
"L3","ATAGCCATAACAGTCA-1"
"L1","ATAGCCTCAGTACCCA-1"
"L1","ATAGCTGCTCTTGTTA-1"
"L3","ATAGGCGGCTATAGAA-1"
"L2","ATAGGCTAGCTTCGCA-1"
"L1","ATAGGGATATCCTTGA-1"
"L1","ATAGGTTGGGCAGATG-1"
"L3","ATAGTCTTTGACGTGC-1"
"L2","ATAGTGAAGCGTTCTC-1"
"L1","ATAGTTCCACCCACTC-1"
"L3","ATATAAAGCGCTCGTG-1"
"L3","ATATAAATGTAGCTGC-1"
"L3","ATATAACACGGGCGCA-1"
"L5","ATATACATGTATGGTA-1"
"L3","ATATACGCTCGTGACG-1"
"WM","ATATAGAGTATTGGTC-1"
"L1","ATATCAACCTACAGAG-1"
"L6","ATATCAATTCCAGCCT-1"
"L1","ATATCGGTAGGGAGAT-1"
"L3","ATATCGTGCCAGACCC-1"
"L3","ATATCGTTCCTCGAAC-1"
"L3","ATATCTCCCTCGTTAA-1"
"L1","ATATCTTAGGGCCTTC-1"
"L5","ATATGGGATAGCAACT-1"
"L5","ATATGTCTAGAGCGTG-1"
"L1","ATATGTCTCCCTAGCC-1"
"L3","ATATTCAGTTAAACCT-1"
"L3","ATATTCCACATAGTGA-1"
"L3","ATATTCCCACAGGTCA-1"
"L1","ATATTGCTGTCAAAGT-1"
"L3","ATATTGGAGAGGCCTT-1"
"L1","ATATTTAACCCTCAAG-1"
"L1","ATCAAACACTGTTCCA-1"
"L3","ATCAAACGAAGGTTTG-1"
"L6","ATCAAAGAGCCGTGGT-1"
"L5","ATCAAGATCCCAGGAC-1"
"L1","ATCAATCTGGGCTGCA-1"
"L6","ATCAATGCCGTGGCTG-1"
"L2","ATCACATTAGAATATC-1"
"L3","ATCACGTGCTAATTAA-1"
"L1","ATCACTTCATCCTCGC-1"
"L3","ATCAGACGGCACGCCG-1"
"L3","ATCAGCCTCATGCTGC-1"
"L4","ATCAGCTCGTCCACTA-1"
"L2","ATCAGGTAGCTGACAG-1"
"L3","ATCAGGTCGCCATTGC-1"
"L2","ATCAGTAGGCAGGGAT-1"
"L6","ATCATAGATCGACGAG-1"
"L3","ATCATAGCCCTATGTA-1"
"L2","ATCATCCAATATTTGT-1"
"L3","ATCATCTGCCCAGTGT-1"
"L1","ATCATGGACTACCGAC-1"
"WM","ATCATTGTACCGCATT-1"
"L1","ATCCAACGCAGTCATA-1"
"L3","ATCCAATGGAGGGTCC-1"
"L3","ATCCAATGGTACCGAA-1"
"L3","ATCCACATCGACAGAA-1"
"L3","ATCCACGCTAAATGTT-1"
"L3","ATCCAGAGCAACAACC-1"
"L3","ATCCAGGATTCGTGAA-1"
"L6","ATCCCATCCACAGCGC-1"
"L5","ATCCCATTTCCGTGGG-1"
"L3","ATCCGGACCAGCCTGA-1"
"L3","ATCCTACCTAAGCTCT-1"
"L3","ATCCTGAATCGCTGCG-1"
"L3","ATCCTGCGTGGAATGG-1"
"L3","ATCCTGCTGCAGATAG-1"
"L1","ATCCTTCTGAAAGAAC-1"
"L2","ATCGACCCAATACAGA-1"
"L1","ATCGACTCTTTCCGTT-1"
"L2","ATCGCACGATTGTTCA-1"
"L1","ATCGCACGCCGGGAGA-1"
"L1","ATCGCCAGTCAACATT-1"
"L3","ATCGCCGTGGTTCATG-1"
"L3","ATCGCTGCGTGCAGCA-1"
"L2","ATCGCTTTACGTCTCA-1"
"L3","ATCGGAGACAGACGGC-1"
"L3","ATCGGCAAGCAGTCCA-1"
"L3","ATCGGTTACCTAGTAA-1"
"L3","ATCGTATTCCGAGAAC-1"
"L1","ATCGTCCAATCGAGTC-1"
"L6","ATCGTGGAAAGTCTGG-1"
"L3","ATCGTTAGCTAGCGGA-1"
"L3","ATCGTTCACTTTCGCC-1"
"L3","ATCTAATATCCTACGG-1"
"L3","ATCTACCATCTGCTCC-1"
"L4","ATCTAGCTTGTGAGGG-1"
"L3","ATCTCCCACGGAATAT-1"
"L2","ATCTCCCTGCAATCTA-1"
"L1","ATCTCGTGAGCGAAAC-1"
"L5","ATCTGACATGGAAGGA-1"
"L1","ATCTGATAGTGTCTTA-1"
"L2","ATCTGCACCTCTGCGA-1"
"L5","ATCTGCTGTTATCGCC-1"
"L3","ATCTGGGCTGTTCTTG-1"
"L1","ATCTGGTTAAGACTGT-1"
"L2","ATCTGTAATTGTACCC-1"
"WM","ATCTTAGGGCATTAAT-1"
"L3","ATCTTATCGCACACCC-1"
"L1","ATCTTGACCTGCAACG-1"
"L2","ATCTTGACTTGTCCAA-1"
"L3","ATCTTTCGTATAACCA-1"
"L1","ATGAAGCCAAGGAGCC-1"
"L3","ATGAAGTGGACCCAGC-1"
"L2","ATGACGCCGGCTCTAA-1"
"L4","ATGACGCGTTCTATCC-1"
"L5","ATGACTATCAGCTGTG-1"
"L2","ATGACTATGCGACATT-1"
"L1","ATGAGGAGTGTTAATC-1"
"L1","ATGAGGGCAGCGGCTA-1"
"L2","ATGATCGGGAATAGAC-1"
"L3","ATGATGCAATGGTACA-1"
"L1","ATGCACCTTCCTTAAT-1"
"L6","ATGCACGCGCTGTTCA-1"
"L1","ATGCACTACCGCATTG-1"
"L1","ATGCATGATCCAGGAT-1"
"L3","ATGCATTCCGTGATGG-1"
"L3","ATGCCAATCGCTCTGC-1"
"L1","ATGCCATTTGCGACCA-1"
"L1","ATGCCGGTCTTGCATA-1"
"L2","ATGCCGGTTGATGGGA-1"
"L3","ATGCGACAATTGGTCC-1"
"L1","ATGCGACAGTCCCATT-1"
"L1","ATGCGAGTCCCACCAC-1"
"L1","ATGCTCAGTGTTGCAT-1"
"L3","ATGCTCTGGCGCGGTA-1"
"L2","ATGCTTAGGAGTTGAT-1"
"L5","ATGGAAATTTAAGGAG-1"
"L1","ATGGAACCTTTGCACA-1"
"WM","ATGGACTGCTTAGTTG-1"
"L1","ATGGAGCAGGCCGTGA-1"
"L2","ATGGATCCGGCGTCCG-1"
"L1","ATGGATTGACCAAACG-1"
"L6","ATGGCAGCATTACGAT-1"
"L3","ATGGCAGCCGAGAAAC-1"
"L3","ATGGCCCGAAAGGTTA-1"
"L2","ATGGCGGAATAGTCGC-1"
"L3","ATGGCTGGAAATGGCC-1"
"L3","ATGGGAACGGAAGCGG-1"
"L5","ATGGGACCTGCTGAAC-1"
"L1","ATGGGCCTCGGCCTCT-1"
"L6","ATGGGTGTATACCTCC-1"
"L5","ATGGTATTGGGAACCG-1"
"WM","ATGGTATTTACTGATT-1"
"L2","ATGGTCGCGTGGTTTC-1"
NA,"ATGGTGCTCAAAGCCA-1"
"L2","ATGTAAGGCTGCTCTT-1"
"L3","ATGTACATGCGGTGAG-1"
"L4","ATGTACGATGACGTCG-1"
"L4","ATGTAGCGCGCGTAGG-1"
"L6","ATGTCATAATAAACGA-1"
"L1","ATGTCATTTCCCATTG-1"
"WM","ATGTCTTGTTTGACTC-1"
"L3","ATGTGAAAGCCTAATG-1"
"L1","ATGTGCATCCGACGCA-1"
"L3","ATGTGGACATCTTGAT-1"
"L3","ATGTGTAGTTTAGTCA-1"
"L1","ATGTTACGAGCAATAC-1"
"L1","ATGTTCCTGCCCACCT-1"
"L3","ATGTTCGTCGACCCAC-1"
"L3","ATGTTGATTAGAGACT-1"
"L5","ATGTTGTAGTCTGTTT-1"
"L2","ATGTTTCGGCCCGGAG-1"
"L2","ATTAAACATGCGGACC-1"
"L1","ATTAACACCTGAGATA-1"
"L1","ATTAATACTACGCGGG-1"
"L2","ATTAATGAACCAGTCG-1"
"L3","ATTAATTCGGTCACTC-1"
"L3","ATTACAACTACCGGCC-1"
"L1","ATTACATGTCAGTCTT-1"
"L1","ATTACCACACTGCCTG-1"
"L3","ATTACGACTCCACAGT-1"
"L3","ATTACGCGCTGGCAGG-1"
"WM","ATTACGGGCTACGGTT-1"
"L1","ATTACTAGCCTCTTGC-1"
"L3","ATTACTTACTGGGCAT-1"
"L2","ATTAGATTCCTCAGCA-1"
"L1","ATTAGATTGATAGCGG-1"
"L1","ATTAGGCGATGCTTTC-1"
"L2","ATTATACTTTGCTCGT-1"
"L2","ATTATAGCTACTTTAC-1"
"L5","ATTATCGGAATGTACG-1"
"L3","ATTATCTCGACAGATC-1"
"WM","ATTATGAGACCCAATT-1"
"L1","ATTATGCCATAGGGAG-1"
"L4","ATTATTATGTCCGTCA-1"
"L3","ATTATTCAGAGTCACT-1"
"L3","ATTCAACCATTTAAGG-1"
"L3","ATTCACTGATGTTGGA-1"
"L3","ATTCAGGACCTATTTC-1"
"L1","ATTCAGTAGCAGGGTC-1"
"L3","ATTCATATACTGTCCA-1"
"L3","ATTCATCGTTGAGGCA-1"
"L1","ATTCCCACATAAACAA-1"
"WM","ATTCCCGAAGGTACAG-1"
"L3","ATTCCTAAGACGTGGA-1"
"L1","ATTCCTCCGCCAGTGC-1"
"L1","ATTCCTTCCAGGCGGT-1"
"L3","ATTCGACGCCGGGCCT-1"
"L3","ATTCGCAGAGGACACT-1"
"L3","ATTCGCGCCTTGAGAG-1"
"L3","ATTCGTCCCGAGGTTA-1"
"L1","ATTCGTGCTATCTCTT-1"
"L4","ATTCGTGTACCCATTC-1"
"L3","ATTCGTTTATCGTATT-1"
"L2","ATTCTCGTCTCTTTAG-1"
"L3","ATTCTGAGTATGAACT-1"
"L3","ATTCTTCGTACTTATG-1"
"L1","ATTGAAGATCTTAGTG-1"
"L3","ATTGAATTCCCTGTAG-1"
"L3","ATTGACCGGCGATGAC-1"
"L3","ATTGACGTAACTCGGT-1"
"L1","ATTGATAGCAACGAGA-1"
"L5","ATTGATCACCACATTT-1"
"L1","ATTGATGAGTCCTAAC-1"
"L6","ATTGCCTATTAGACCG-1"
"L3","ATTGCCTTTATGTTTG-1"
"L1","ATTGCGATCAGTAACT-1"
"L2","ATTGCTGCTCCTCCAT-1"
"L2","ATTGGATTACAGCGTA-1"
"L2","ATTGGGAATATCTTGG-1"
"L2","ATTGGTAGGATCCGCT-1"
"L3","ATTGGTTGTGCATTAC-1"
"L1","ATTGTACAACTCGGCT-1"
"L3","ATTGTCGCAATACCTT-1"
"L5","ATTGTCTGTTTCATGT-1"
"L3","ATTGTGACTTCGCTGC-1"
"L1","ATTGTTCAACGATCCG-1"
"L2","ATTTAACTCGTATTAC-1"
"L1","ATTTACAGTTTACTGG-1"
"L2","ATTTACTAAGTCCATT-1"
"L5","ATTTATACTGGTAAAG-1"
"L3","ATTTCATTATTTCGCG-1"
"L4","ATTTCCGGGTTCTGCG-1"
NA,"ATTTGCCTAGTTACGA-1"
"L4","ATTTGCGCGAGTAGCT-1"
"L6","ATTTGGAGATTGCGGT-1"
"L1","ATTTGTCTTGGGAGCT-1"
"L2","ATTTGTTCCAGGGCTC-1"
"L3","CAAACCAGGTCTGCAT-1"
"L4","CAAACCATAAGCGTAT-1"
"L4","CAAACCCTCCGGCGGG-1"
"L3","CAAACGAGTATCGCAG-1"
"L1","CAAACGGTCGCACTTT-1"
"L3","CAAACGTGGTCTTGCG-1"
"L3","CAAACTACGATAGAGA-1"
"L3","CAAACTATTGAGCTTC-1"
"L1","CAAACTCGCGACGCCG-1"
"L4","CAAAGATTATTGGGCC-1"
"L1","CAAAGGTCATCTGAAA-1"
"L1","CAAAGTCAGGTTAGCT-1"
"L3","CAAATCTCTCACAAGG-1"
NA,"CAAATGCGGAGTGTTC-1"
"L3","CAAATGTCCTTCCGTG-1"
"L3","CAAATTGGATTATGCC-1"
"L3","CAAATTGTCAGCAAGC-1"
"L2","CAACACATCTCCTGCC-1"
"L3","CAACAGAATAACGCTA-1"
"L3","CAACCAGTGGCCTACC-1"
"L1","CAACCGCACCTAGACA-1"
"L3","CAACCTACCGAGCAGT-1"
"L3","CAACCTGAACCTGCCA-1"
"L1","CAACGACCCGTTTACA-1"
"WM","CAACGAGCTTATTATG-1"
"L3","CAACGATCGATCCAAT-1"
"WM","CAACGCGATGAGCCAA-1"
"L1","CAACGGTTCTTGATAC-1"
"L2","CAACGTGGTGGAGTCT-1"
"L3","CAACTATATCGAATGC-1"
"L3","CAACTCCAACGTTTAG-1"
"L3","CAACTCCGTAACTTGC-1"
"L1","CAACTCCTTGATCCCG-1"
"L4","CAACTGCTCATCCGAT-1"
"L2","CAACTTGTAGTGGGCA-1"
"L3","CAAGACTCAGAAGCGC-1"
"L2","CAAGAGGGCGGAGTAC-1"
"L1","CAAGATATTATAACGT-1"
"L2","CAAGCAACGTCGGAGT-1"
"L2","CAAGCACCAAATGCCT-1"
"L3","CAAGCGGCACATAATT-1"
"L2","CAAGGATCGCATGTTC-1"
"L3","CAAGGCCAGTGGTGCA-1"
"L1","CAAGGTCCTATAGGCT-1"
"L5","CAAGTAAGTGATAGAC-1"
"L6","CAAGTCGTTGAAATCT-1"
"L3","CAAGTGAACTTTGGTT-1"
"L1","CAAGTGTGGTTGCAAA-1"
"L1","CAATAAACCTTGGCCC-1"
"L1","CAATACGAGAGTCTGA-1"
"L3","CAATACGCTCTGAGGC-1"
"L4","CAATATTCTTGACCTA-1"
"L2","CAATATTGGACTAGTG-1"
"L3","CAATCCCTATACCAGC-1"
"L1","CAATCCTGCCGTGGAG-1"
"L5","CAATGACCCTTAATTT-1"
"L2","CAATGAGGTTCGACTA-1"
"L3","CAATGCGAGAAGTATC-1"
"L3","CAATGGAATCTACATA-1"
"L1","CAATGGATCTCTACCA-1"
"L3","CAATGGTCGGCCTGGG-1"
"L1","CAATGTGCCAACCCTT-1"
"L1","CAATTAAGGGTGATGA-1"
"L6","CAATTGGGCCGCACTC-1"
"L1","CAATTTCGTATAAGGG-1"
"L3","CACAAACCGCAGAACT-1"
"L3","CACAAGAAAGATATTA-1"
"WM","CACAAGCTAAGAAAGG-1"
"L3","CACAATGAGCTGCTAT-1"
"L2","CACACACGCTAACGAG-1"
"L1","CACACAGCTTGCGCTC-1"
"L1","CACACAGGGATAGATT-1"
"L1","CACACGCGCTGTCTTA-1"
"L3","CACACGTTTCAATGGG-1"
"L6","CACAGAGACGAGGACG-1"
"L1","CACAGCACCCACGGCA-1"
"L1","CACAGCTAGGGAGTGA-1"
"L3","CACAGGGCCATATAGT-1"
"L4","CACAGGGCCGTTGTCA-1"
"L3","CACAGTCCCGCTTCGC-1"
"L2","CACAGTTCGCTTCCCA-1"
"L2","CACATATTAGCAGGAT-1"
"L4","CACATCGTGCACGCGC-1"
"L3","CACATCTCACCGACGA-1"
"L1","CACATGATTCAGCAAC-1"
"L1","CACATGTTTGGACATG-1"
"L3","CACATTCTTTCGATGG-1"
"L1","CACATTTCTTGTCAGA-1"
"L5","CACCAATCATCCGTCT-1"
"L3","CACCACGCCACACAGA-1"
"L5","CACCAGTCAGCATGCA-1"
"L3","CACCATCGGAGGAGAC-1"
"L3","CACCATGATCGCAAAG-1"
"L1","CACCCAAATCTTATGT-1"
"L1","CACCCACACGTCACCC-1"
"L2","CACCCACGAGGCAATT-1"
"L3","CACCCGCGTTTGACAC-1"
"L3","CACCCGGTTTGTGACT-1"
"L3","CACCCTAACAAGATCT-1"
"L4","CACCCTTGGTGAGACC-1"
"L2","CACCCTTTCCTCGCTC-1"
"L3","CACCGATACACCGAGC-1"
"L3","CACCGATGATGGGTAC-1"
"L1","CACCGCCAGAAGGTTT-1"
"L3","CACCGCCGACCAGCGA-1"
"L3","CACCGCGTCCACTCTA-1"
"L3","CACCGGAGATATCTCC-1"
"L3","CACCGGGCATCACAAG-1"
"WM","CACCGGTAGAGACATT-1"
"L1","CACCGTATCCCATCCG-1"
"L4","CACCGTTAGGGATCAC-1"
"L3","CACCGTTGCGCGATAT-1"
"L1","CACCTAATAGAGTCGT-1"
"L2","CACCTAATCAGTTTAC-1"
"L2","CACCTCGATGGTGGAC-1"
"L2","CACCTTGCGAAACTCG-1"
"L1","CACCTTGGCGCCTTTG-1"
"L2","CACGAAAGTTAGTCCC-1"
NA,"CACGACCACAGACTTT-1"
"L3","CACGACTAAAGTTCTG-1"
"WM","CACGAGCAAACCAGAC-1"
NA,"CACGATTGGTCGTTAA-1"
"L1","CACGCACAGCGCAGCT-1"
"L1","CACGCAGCGAGGCTTT-1"
"L1","CACGCGGAACTGTTGC-1"
"L3","CACGGACGTGGATGGC-1"
"L3","CACGGCGCGCCAAAGG-1"
"L3","CACGGGATTGAGGGTT-1"
"L3","CACGTCAATCAATGGA-1"
"L3","CACGTCGGCAACCTCT-1"
"L1","CACGTCGGGTTCTAGA-1"
"L3","CACGTCTATGATGTGG-1"
"L1","CACGTTCGTGCTCTAG-1"
"L3","CACGTTTCGTACACAC-1"
"L2","CACTAAAGTTGCCTAT-1"
"L3","CACTACGGGAGCTGCC-1"
"L3","CACTACTCAGTTCTGT-1"
"L2","CACTCAAGAGCTATGG-1"
"L3","CACTCAGCTCTTGAGG-1"
"L4","CACTCCTATGTAAGAT-1"
"L3","CACTCCTCTCGGTCGG-1"
"L3","CACTCGAGCTGAACAA-1"
"L3","CACTCGGTTAGGAGGA-1"
"L5","CACTCTCAAGCATCGA-1"
"L3","CACTCTTCTGCTAGCC-1"
"L5","CACTGACGATTGTGGA-1"
"L1","CACTGTCCAAGTGAGA-1"
"L2","CACTTAATCAGACGGA-1"
"L1","CACTTCGCCACAGGCT-1"
"L1","CACTTCGTCTTATCTC-1"
"L3","CAGAACTTAGCCCTCT-1"
"L2","CAGAATAACACACGGA-1"
"L1","CAGAATATTCGTTATC-1"
"L3","CAGACACCGATCGCTG-1"
"L1","CAGACCTGTAAGTGTT-1"
"L3","CAGACGAACCTGATAC-1"
"L3","CAGAGACGGTCACCCA-1"
"L1","CAGAGCATGAGCTTGC-1"
"L3","CAGAGCGATGGATGCT-1"
"L3","CAGAGGCGATGCATGA-1"
"L3","CAGAGTGATTTAACGT-1"
"L3","CAGATAATGGGCGGGT-1"
"L1","CAGATACTAACATAGT-1"
"WM","CAGATATGAAGATGAC-1"
"L3","CAGATCATTTAAAGTC-1"
"L5","CAGATCCTGGTTTGAA-1"
"L5","CAGATGTTTGTCCCAA-1"
"L1","CAGCAGCCCGTTCCTT-1"
"L1","CAGCAGTCCAGACTAT-1"
"L3","CAGCAGTCTGTGCTGC-1"
"L3","CAGCCCTCACAGGCAG-1"
"L3","CAGCCGGGCCCTCTAT-1"
"L1","CAGCCTCCTGCAGAGG-1"
"L3","CAGCCTCGATAGCGGT-1"
"L3","CAGCCTCTCCTCAAGA-1"
"L3","CAGCGATTCCCTTCAA-1"
"L3","CAGCGCCAACACGATA-1"
"L1","CAGCTCACTGAGACAT-1"
"L1","CAGCTCGACAAGTTAA-1"
"L1","CAGCTCGTGCTTGTGT-1"
"WM","CAGCTCTGGGCTCACT-1"
"L4","CAGCTGGCGTAACCGT-1"
"L2","CAGCTTAGTAGGTAGC-1"
"L3","CAGGAAGACTTTATAT-1"
"L2","CAGGACAGCTGCCCTT-1"
"L3","CAGGATATATCGTTGT-1"
NA,"CAGGATCCGCCCGACC-1"
"L3","CAGGCAGTCTTACCAG-1"
"WM","CAGGCCAGTACCACCT-1"
"L3","CAGGCCGTTTGGGTGT-1"
"L4","CAGGCGCACGGTGGTC-1"
"L3","CAGGCGCCATGCTAGG-1"
"WM","CAGGGAGATAGGCCAG-1"
"L3","CAGGTTTAGTACTACA-1"
"L3","CAGTAACTATTTATTG-1"
"WM","CAGTAAGGGACGTCTC-1"
"L1","CAGTAATCCCTCCCAG-1"
"L3","CAGTACATTCTCTAAA-1"
"L4","CAGTACCAGTTTACGT-1"
"L1","CAGTAGATGATGTCCG-1"
"L2","CAGTAGCCCACGCGGT-1"
"L2","CAGTCGAGGATGCAAT-1"
"L5","CAGTCGGCCTAGATAT-1"
"L2","CAGTCTCTCGGCTAAT-1"
"L2","CAGTCTGTATACTGGG-1"
"L1","CAGTGAATAAATGACT-1"
"L1","CAGTGGTTGCACATGA-1"
"L1","CAGTGTCCGCAGAATG-1"
"L2","CAGTGTCGGCTGGCCC-1"
"WM","CAGTGTTAATCTCTCA-1"
"L1","CAGTTCAAATTGACAC-1"
"L1","CAGTTCCGCGGGTCGA-1"
"L5","CAGTTCGAGGACCCGA-1"
"L1","CATAACGGACAGTCGT-1"
"L3","CATAAGAAGCTTGGCT-1"
"L3","CATAAGCTCTCCGTCT-1"
"L3","CATAATGAGCGGGCGA-1"
"L1","CATACAAAGCCGAACC-1"
"L6","CATACACAAAGTCAGC-1"
"L4","CATACACGGTTCCCAC-1"
"L3","CATACCCGTACCCAGT-1"
"L5","CATACGAACTAGCTGG-1"
"L2","CATACGGCGTCTGGGC-1"
"L2","CATACTATGTAATTGT-1"
"L1","CATACTTAGGCAATAC-1"
"L5","CATACTTCTTTCTCCG-1"
"L3","CATAGAGGAGATACTA-1"
"L1","CATAGCCGCCCGGGAT-1"
"L3","CATAGCGTTGCCCACC-1"
"WM","CATAGGGACACTTGTG-1"
"L3","CATAGTACATTGAGAG-1"
"L1","CATAGTAGCATAGTAG-1"
"L3","CATAGTCAAATACATA-1"
"L3","CATAGTCCACAAGAAC-1"
"L3","CATAGTGGGCACGCCT-1"
"L3","CATATACTACTGATAA-1"
"L3","CATATAGGTACAGTCA-1"
"L4","CATATGTCAGGCTACG-1"
"L3","CATATTATTTGCCCTA-1"
"L3","CATCAAACTGGCGCCC-1"
"L1","CATCAACACCTACTAA-1"
"L3","CATCATCTACCCGGAC-1"
"L2","CATCATTACCCTGAGG-1"
"WM","CATCCAATATAGTTTG-1"
"L3","CATCCCGAGATTCATA-1"
"L1","CATCCGCAGGCCCGAA-1"
"L3","CATCCTCTCAAAGATC-1"
"L2","CATCGCCCGCGGCCAA-1"
"L2","CATCGGACGGGTTAAT-1"
"L1","CATCGTCCGGTTACTA-1"
"L1","CATCTAGTGAAGGGAA-1"
"L3","CATCTGCAGGATCATT-1"
"L1","CATCTTACACCACCTC-1"
"L2","CATGAACCGACATTTG-1"
"L3","CATGAACCTCTTATCA-1"
"L1","CATGACTTCGCTGAAT-1"
"L3","CATGAGATGCACTCTC-1"
"WM","CATGAGTCCATCACGG-1"
"L5","CATGATACGGTGAAAC-1"
"L3","CATGATCGCTTTGAGA-1"
"L1","CATGATGCACAATTCT-1"
"L1","CATGATGGAAGTTAGC-1"
"WM","CATGCACATGAGAGGC-1"
"L3","CATGCACGTGTTACTG-1"
"L3","CATGCATGGAGACCCT-1"
"L3","CATGCCAACTCGCAAA-1"
"L2","CATGCGACCAGTTTAA-1"
"L2","CATGCGTTAGACAGAA-1"
"L6","CATGCGTTGAGAGGAG-1"
"L3","CATGCTGGCTCCAATT-1"
"L2","CATGGATTGTCTTCCG-1"
"L1","CATGGCAGGAAGATCG-1"
"L2","CATGGCTCCCTATGTC-1"
"L3","CATGGGTATGCCTTAT-1"
"L2","CATGGGTCGGGTGTGG-1"
"L2","CATGGTAAGTAGCGTT-1"
"L6","CATGGTATTAGTTTGT-1"
"L1","CATGGTCTAGATACCG-1"
"L3","CATGGTTTATTAATCA-1"
"L3","CATGTAAGAGACATTT-1"
"L3","CATGTAGGAGCGCCAA-1"
"L2","CATGTCTCATTTATGG-1"
"L4","CATGTGGGCTCATCAC-1"
"L3","CATTACATAGATTGTG-1"
"L3","CATTACGCAGGAAGGG-1"
"L2","CATTACGTCGGCCCGT-1"
NA,"CATTATAACAGGGTCC-1"
"L6","CATTATCCCATTAACG-1"
"L1","CATTATGCTTGTTGTG-1"
"L3","CATTCACTGACAGCTA-1"
"L2","CATTCCCATTCCGTCG-1"
"L1","CATTCCCTAAGTACAA-1"
"L3","CATTCGTCGTAGCGGT-1"
"L3","CATTGATGAACACGCC-1"
"L3","CATTGCAAAGCATAAT-1"
"L3","CATTGCGAAATGGGCG-1"
"L3","CATTGCGGGTCAATTC-1"
"L1","CATTGTGTGCTAGATC-1"
"L2","CATTTAGCGGACCATG-1"
"L3","CATTTATCGTTCAAGA-1"
"L1","CATTTCTAGCAGACTA-1"
"L3","CATTTGAGTGGTACGT-1"
"L1","CCAAACAGAACCCTCG-1"
"L1","CCAAAGCAGTTGGTTG-1"
"L1","CCAAATAACAAGATTC-1"
"WM","CCAAATCAAAGGGCAA-1"
"L5","CCAACCTTATGTAACT-1"
"L1","CCAACGATGCACTGAT-1"
"L3","CCAACGCTTGCCAGGG-1"
"L1","CCAACTTGATAGATCC-1"
"L3","CCAAGAAAGTGGGCGA-1"
"L1","CCAAGACTTCTGCGAA-1"
"L1","CCAAGCGTAACTCGTA-1"
"L2","CCAAGGAACAGAGAGG-1"
"L3","CCAAGGTTGCCCTTTC-1"
"L1","CCAAGTTTCTACAGAT-1"
"L3","CCAATAGATTTCATCT-1"
"L2","CCAATAGTGCCGTCGA-1"
"L3","CCAATCGGTAGATCGA-1"
"L2","CCAATGTCACAGCAAG-1"
"L3","CCAATTACGGGTCGAG-1"
"L1","CCAATTGAATGTTAAT-1"
"L1","CCACAATGTACGTCTT-1"
"L2","CCACACTGAGATATTA-1"
"L2","CCACAGCTGAAATCAT-1"
"L2","CCACAGTACCCATCCT-1"
"L1","CCACATACTGCACCCA-1"
"L6","CCACATGGCTCTTTAT-1"
"L3","CCACCAACTTTACTGT-1"
"L1","CCACCCAAGGAAAGTG-1"
"L3","CCACCTGTATGGAATA-1"
"L1","CCACGAATTTAACCTC-1"
"L2","CCACGAGAAGAGAATC-1"
"L3","CCACGGAGCCATAAGA-1"
"L6","CCACGGCAGGTGTAGG-1"
"L1","CCACGGTGCCCGGTAG-1"
"L2","CCACGTAAATTAGACT-1"
"L2","CCACTATCCGGGTCAC-1"
"L4","CCACTCAGATCCGCAA-1"
"L3","CCACTGGTGGCTGGTT-1"
"L3","CCACTGTTTGGATTAA-1"
"L3","CCACTTTCCTTCTAGG-1"
"L3","CCAGAAACTGATGCGA-1"
"L3","CCAGAAAGCAACTCAT-1"
"L1","CCAGAGACAAAGCCGG-1"
"L1","CCAGATAGTTGAGTGA-1"
"L3","CCAGATGTAAATGGGT-1"
"L1","CCAGCCTGGACCAATA-1"
"L2","CCAGCGGGATCACCAG-1"
"L2","CCAGCTACGCCTCATA-1"
"L4","CCAGCTCGAACGCATT-1"
"L3","CCAGCTGATGGTACTT-1"
"L2","CCAGCTTCCGCCCGCA-1"
"WM","CCAGGCGAGATGGTCT-1"
"L2","CCAGGCTGGCGTCTGA-1"
"L1","CCAGGGACGTGGCCTC-1"
"L1","CCAGTAGTCTGATCCA-1"
"L4","CCAGTCAAATCTCTTA-1"
"L1","CCAGTCCATTATTCGA-1"
"L2","CCAGTCTAGACGGCGC-1"
"L3","CCAGTCTTGTCATAGA-1"
"WM","CCAGTGTACAGACCGA-1"
"L4","CCAGTTCGGTAACTCA-1"
"L3","CCATAAACAACCCGAC-1"
"L5","CCATAACCTGTGCAGT-1"
"L2","CCATACCTTTACTTGT-1"
"L3","CCATACTCGCCTCTCC-1"
"WM","CCATAGAGGCTGCCAG-1"
"L1","CCATAGGTTGGCGTGG-1"
"L1","CCATAGTCAGTAACCC-1"
"L2","CCATATGGAAACTATA-1"
"L1","CCATATTGGATCATGA-1"
"L1","CCATCCATACCAAGTC-1"
"L3","CCATCGCAGTTAAACT-1"
"L1","CCATCTCACCAGTGAA-1"
"L3","CCATCTTGTTCACAAT-1"
"L3","CCATGCCCTAGATTTC-1"
"L2","CCATGCCTGTTTAGTA-1"
"L1","CCATGCTCTGCAGGAA-1"
"L6","CCATGGCAAACGCTCA-1"
"L2","CCATGGCCCTTGTACC-1"
"L6","CCATGTTCATCTATAT-1"
"L1","CCATTAGCGATAATCC-1"
"L2","CCATTCCCTGCCCACA-1"
"L3","CCATTGTTTCCTCCAT-1"
"L3","CCATTTCTACCTATTA-1"
"L1","CCCAAACATGCTGCTC-1"
"L3","CCCAACATACGTCGCG-1"
"L3","CCCAACCACACTAACA-1"
"L3","CCCAAGAATGCACGGT-1"
"L3","CCCAAGACAGAGTATG-1"
"L3","CCCAAGTCATTACACT-1"
"L4","CCCAATGAGATTTGCA-1"
"L3","CCCAATTTCACAACTT-1"
"L5","CCCACTCCACGGTATC-1"
"L3","CCCAGAGGAGGGCGTA-1"
"WM","CCCAGATTCCCGTGAC-1"
"L5","CCCAGGAAGAATTCGA-1"
"L1","CCCAGGTCTGAAGGCT-1"
"L5","CCCAGTAAACTTGGGA-1"
"L1","CCCAGTTAAGGCGCCG-1"
"L3","CCCATATAGGTCGATT-1"
"L3","CCCATTATTGTATCCT-1"
"L4","CCCGAAGTTTCGCGAA-1"
"L2","CCCGACCATAGTCCGC-1"
"L1","CCCGAGTTTCTCCGTA-1"
"L2","CCCGATAGCCTCGCCT-1"
"L6","CCCGCAAATAATCATC-1"
"L3","CCCGCAGCGCGAACTA-1"
"L3","CCCGCAGGGCCCAAAG-1"
"L1","CCCGCCATGCTCCCGT-1"
"L1","CCCGCGCAATGCACCC-1"
"L3","CCCGGCACGTGTCAGG-1"
"L4","CCCGGGTCGTTCAGGG-1"
"L1","CCCGGTGGAAGAACCT-1"
"L5","CCCGGTGTATCGGAAT-1"
"L3","CCCGTAAGTCTAGGCC-1"
"L4","CCCGTAGCTGGGAAGA-1"
"L1","CCCGTCAGCGTCTGAC-1"
"L4","CCCGTGACAGTGCCTT-1"
"L4","CCCGTGAGGGCGGTGA-1"
"L1","CCCGTTTCGCAGATGT-1"
"L4","CCCTACCCACACCCAG-1"
"L3","CCCTACTTGAACAATG-1"
"L6","CCCTAGCTCTAAGGTC-1"
"L5","CCCTAGGCAACAAGAG-1"
"L1","CCCTAGTGTCAGGTGT-1"
"L5","CCCTATGTAGAGCAGA-1"
"L1","CCCTCAAGCTCTTAGT-1"
"WM","CCCTCAGATCGAGAAC-1"
"WM","CCCTCATCACAGAGTA-1"
"L1","CCCTCATTCTGGAATT-1"
"L1","CCCTCCTCGCTCGTAT-1"
"L6","CCCTCGATAATACACA-1"
"L3","CCCTCGGGAGCCTTGT-1"
"L1","CCCTGAAATGAGTTGA-1"
"L3","CCCTGACTAACAAATT-1"
"L1","CCCTGATGTAACTCGT-1"
"L3","CCCTGCCCAATCCGCT-1"
"L3","CCCTGCGCTACGCATA-1"
"L5","CCCTGGCTGTTCCTTC-1"
"L5","CCCTGGGAGGGATCCT-1"
"L3","CCCTGGTATGGGCGGC-1"
"L1","CCCTGTTGGCAAAGAC-1"
"L3","CCCTTTAATGGAGTTC-1"
"L3","CCCTTTGACAGGTCTT-1"
"L1","CCGAAAGTGGTGAGCA-1"
"L3","CCGAACACTGGGCCTC-1"
"L3","CCGAACCTTCCCGGCC-1"
"WM","CCGAAGCATTGACCAA-1"
"L3","CCGAAGGGCGTACCGC-1"
"L1","CCGAAGTATATTGTTC-1"
"L1","CCGACAAACACATGAG-1"
"L3","CCGACAAAGGGAGTGC-1"
"L2","CCGACAATAGGCCGCC-1"
"L4","CCGACGGGCATGAGGT-1"
"L3","CCGACGTAAACACAAC-1"
"L3","CCGACTCGCATAGTCT-1"
"L1","CCGAGAAGTCGCATAA-1"
"L3","CCGAGCTGTGCTTGTC-1"
"L3","CCGAGGGATGTTAGGC-1"
"L2","CCGATATGACGTAAGG-1"
"L1","CCGATCTCAACCTTAT-1"
"L3","CCGATTCGAGGGACCC-1"
"L3","CCGATTGGTCAATGAA-1"
"L1","CCGCACAAAGACCAAC-1"
"L1","CCGCACACGAACGTGT-1"
"L2","CCGCACGTGACCTCGG-1"
"L3","CCGCACTTGCAATGAC-1"
"L3","CCGCATGTGGTACGAT-1"
"L3","CCGCCACCACAATCCA-1"
"L5","CCGCCGGAACTTCTCG-1"
"L2","CCGCCGGTCAACACAC-1"
"L1","CCGCCGTTGAGGATAA-1"
"L3","CCGCCTGCGAATTGGT-1"
"L4","CCGCCTTGCGATGTCG-1"
"L3","CCGCGATTTGGTAGGT-1"
"WM","CCGCGCAAGATACCCA-1"
"L3","CCGCGGAATGCGTCAC-1"
"L2","CCGCGGGTACGAAGAA-1"
"L2","CCGCGTAGGTAAGGGC-1"
"L3","CCGCTATCAGCACCAG-1"
"L5","CCGCTCCAGGGCGATC-1"
"WM","CCGCTCCGGATAAGCT-1"
"L3","CCGCTCTTCCGAACTA-1"
"L3","CCGCTGGTGCCATTCA-1"
"L3","CCGCTTACCTCACTCT-1"
"L3","CCGCTTGCTGACATGG-1"
"L3","CCGGAAGTGCAATATG-1"
"L1","CCGGAAGTTATCAGTC-1"
"L1","CCGGAATGGTTTCAGT-1"
"L3","CCGGAGCGTACTTTCT-1"
"L3","CCGGAGGTCTTATGGT-1"
"L1","CCGGCACGACCGTTTC-1"
"L6","CCGGCCGCGAGCATAT-1"
"L2","CCGGCGCATATTGGAT-1"
"L4","CCGGCGTGAGACTCTG-1"
"L1","CCGGGACCCGCAGAGA-1"
"L1","CCGGGCGGTCTCGTCA-1"
"WM","CCGGGCTAAGAATTTC-1"
"L1","CCGGGCTGCTCCATAC-1"
"L3","CCGGGTTCGAGGTTAC-1"
"L1","CCGGTAATGGCTAGTC-1"
"L5","CCGGTATCTGGCGACT-1"
"L4","CCGGTTTGTAATTGTG-1"
"L1","CCGTAAGTTGGTCCCA-1"
"L1","CCGTACCCAAGCGCCA-1"
"L3","CCGTAGGAAATCCCTG-1"
"L3","CCGTAGGGTTGTTTAC-1"
"L4","CCGTATCTCGTCGTAG-1"
"L3","CCGTATTAGCGCAGTT-1"
"WM","CCGTCAACCTCTGGCG-1"
"L1","CCGTGAGGCATTCATG-1"
"L2","CCGTGCCCATGACGGC-1"
"L3","CCGTGGAACGATCCAA-1"
"L3","CCGTGTTAAATTCCAT-1"
"L2","CCGTTACGTTAGAACA-1"
"L3","CCGTTCCGAATCTCGG-1"
"L6","CCGTTTCCTTTCCGTG-1"
NA,"CCTAAACAGGGTCCGT-1"
"L3","CCTAAAGGCTGACGCT-1"
"L2","CCTAAATTAACGGTTC-1"
"L1","CCTAAATTGTATCCTA-1"
"L2","CCTAACCCAAACAAGT-1"
"L3","CCTAACTAAGGCTCTA-1"
"L3","CCTACAAGTCCGGAAT-1"
"L5","CCTACAGTTGAGGGAG-1"
"L3","CCTACATTCACAGACG-1"
"L3","CCTACGCGACCTTACA-1"
"L1","CCTACGGCTCAGTCGA-1"
"L3","CCTACTCAACACGATT-1"
"L3","CCTACTGCGGCGGCCA-1"
"L1","CCTACTGCTTACACTT-1"
"L1","CCTAGGCGTAGCGATC-1"
"L5","CCTAGGTAAAGGTAGC-1"
"L3","CCTAGTTAGTCGCATG-1"
"L3","CCTATAATGAGTGCCC-1"
"L3","CCTATACCGTCCTGTC-1"
"L6","CCTATATCGTGTCACG-1"
"L4","CCTATATTTGTCCTGG-1"
"L2","CCTATCTATATCGGAA-1"
"L1","CCTATGAAGTGGTGCC-1"
"L5","CCTATGGCTCCTAGTG-1"
"L1","CCTATGGGTTACCGTC-1"
"L4","CCTATGGTCAAAGCTG-1"
"L3","CCTATGTCCACTCCAC-1"
"WM","CCTATTATTCCGGCCG-1"
"L5","CCTCAACGATCGCTGT-1"
"L1","CCTCACCAATCTTGAC-1"
"L2","CCTCACCTGAGGGAGC-1"
"L2","CCTCACCTTAGCATCG-1"
"L3","CCTCACGTCAGCTAAT-1"
"L2","CCTCATGCAGCTACGA-1"
"L3","CCTCCCGACAATCCCT-1"
"L2","CCTCCGACAATTCAAG-1"
"WM","CCTCCTAGCTAGAGTC-1"
"L3","CCTCCTGAGCCCACAT-1"
"L3","CCTCCTGTTGTGTCGT-1"
"L3","CCTCGAAGTGGACGGG-1"
"L3","CCTCGACCCACTGCCT-1"
"L2","CCTCGCCAGCAAATTA-1"
"L3","CCTCGCGCGATATAGG-1"
"L3","CCTCGCGCTGTGCGAT-1"
"L1","CCTCGGACCGGGATAG-1"
"L3","CCTCGGATGCTACCTG-1"
"L6","CCTCGGTTTCCTTGCC-1"
"L1","CCTCTAATCTGCCAAG-1"
"L6","CCTCTACAAGGATTGG-1"
"L4","CCTCTATCGATTAGCA-1"
"L2","CCTCTCTCCCATCTAG-1"
"L3","CCTCTGGCCTAGACGG-1"
"L3","CCTCTGTACTATTCTA-1"
"L1","CCTGAACGATATATTC-1"
"L1","CCTGAATATTTACATA-1"
"L1","CCTGACAAACTCGCGC-1"
"L3","CCTGACCACCGATGGT-1"
"L3","CCTGACGCAACCTTTA-1"
"L6","CCTGAGAATAAATGCA-1"
"L4","CCTGATTCGCGAAGAA-1"
"L3","CCTGCCCGTTGTCTAG-1"
"L1","CCTGCGATAGAACTGT-1"
"L3","CCTGCGTTCTACGCTT-1"
"L3","CCTGCTACAACCATAC-1"
"L1","CCTGCTATTTGAGAAG-1"
"L1","CCTGGAAACGTTCTGC-1"
"L1","CCTGGCTAGACCCGCC-1"
"L3","CCTGGTCGAATGTGGG-1"
"L2","CCTGTAAGACATGATA-1"
"L3","CCTGTACTCACGCCCA-1"
"L1","CCTGTCACCCGGGCTC-1"
"L1","CCTGTCCCTCACGTTA-1"
"L1","CCTGTCGCCCGTAAAT-1"
"WM","CCTGTCGTGTATGAAG-1"
"L3","CCTGTGAAACCGTAAC-1"
"L3","CCTGTGCGGATTGTAA-1"
"L5","CCTGTTCAACCTCGGG-1"
"L3","CCTGTTTGAAGACACG-1"
"L3","CCTTAAGTACGCAATT-1"
"L4","CCTTCAGTTAAAGTGA-1"
"WM","CCTTCCGCAACGCTGC-1"
"L5","CCTTCGTATAGAATCC-1"
"L3","CCTTCTCAGCGTTCCT-1"
"L2","CCTTCTTGATCCAGTG-1"
"L2","CCTTGACCACTTTATT-1"
"L6","CCTTGTGAACGTGGTT-1"
"L4","CCTTTAAGGGAGCACT-1"
"L2","CCTTTCAATGAAGAAA-1"
"L6","CCTTTGAATTATGGCT-1"
"L3","CGAAACATAGATGGCA-1"
"L3","CGAAACGCAATTCATG-1"
"L2","CGAACAGTATGGGCGT-1"
"L3","CGAACCCGCATGCGTC-1"
"WM","CGAACCTCTTTCCTAG-1"
"L3","CGAACGCCCAGTGCCG-1"
"L4","CGAACGGCCGGACAAC-1"
"L3","CGAAGACGGTGAGTGC-1"
NA,"CGAAGACTGCCCGGGA-1"
"L5","CGAAGATCAGTTTCAT-1"
"WM","CGAAGCCACAGCATGG-1"
"L3","CGAAGCTATAAATTCA-1"
"WM","CGAAGGGTTTCAGATT-1"
"L2","CGAAGTTGCTCTGTGT-1"
"L6","CGAATCTGCTCGACGC-1"
"L6","CGAATGAAGTCATTGC-1"
"L4","CGAATGACGCATAATG-1"
"WM","CGAATGGTAGGTCGTC-1"
"L3","CGAATTACATGGTGTT-1"
"L3","CGAATTCCCGGTTCAA-1"
"L1","CGACAATTTGATCTAA-1"
"L1","CGACACGCTCCGACAG-1"
"L2","CGACAGTTCGCGTTAT-1"
"L3","CGACATGCGATCTTCT-1"
"L5","CGACCCTTAACGCCGG-1"
"WM","CGACCGTTGGTATTCG-1"
"L5","CGACCTACTAGACAAT-1"
"L5","CGACGCATCCGTACCT-1"
"L2","CGACTCAGGATGTTAT-1"
"L3","CGACTCGGTACACGGT-1"
"WM","CGACTTGCCGGGAAAT-1"
"L1","CGACTTTGTATAGCCT-1"
"L2","CGAGACCCTAGAGTGT-1"
"L3","CGAGACTACTGCTGCT-1"
"L1","CGAGAGATGTGAACCT-1"
"L4","CGAGAGCGCGTAGATA-1"
"L3","CGAGAGCTTTCACTAC-1"
"L3","CGAGAGGGTAGCCGCG-1"
"L1","CGAGATTTCGCTCGGG-1"
"L1","CGAGCACTTCAAGTTT-1"
"L1","CGAGCCGAGCACTCGA-1"
"L2","CGAGCGTTGATCAGCC-1"
"L2","CGAGCTGGGCTTTAGG-1"
"L3","CGAGGAGCTTCCATAT-1"
"L3","CGAGGATCGGGAACGA-1"
"L1","CGAGGCCAGGCATTGG-1"
"L1","CGAGGCTAAATATGGC-1"
"L1","CGAGGGACTGCGGTCG-1"
"L4","CGAGGGTATCCAGGTG-1"
"L3","CGAGTACTAAAGAGGA-1"
"L4","CGAGTGAAGGTACCAG-1"
"L2","CGAGTGCTATAGTTCG-1"
"L1","CGAGTTCTGTCCCACC-1"
"L1","CGAGTTTATCGGACTG-1"
"L1","CGATAATACTCAGGTT-1"
"L3","CGATACCTCGCGGACA-1"
"WM","CGATAGCGATACAGTG-1"
"L3","CGATAGTCGTACTGCA-1"
"L2","CGATATTAGCCGCAGG-1"
"L3","CGATCATTAGAGGCAC-1"
"L5","CGATCCACCATTGTTG-1"
"L2","CGATCCGACCCAGTGC-1"
"L5","CGATCCTCGCAACATA-1"
"L5","CGATCGAGAAGCACCA-1"
"L3","CGATCTGTTGGAGGAC-1"
"L3","CGATGGACCCTACGCC-1"
"L6","CGATGTTGTTATCTAC-1"
"L3","CGATTAAATATCTCCT-1"
"L3","CGATTCGCCTGGCTGC-1"
"WM","CGATTTGTCATTAATG-1"
"L1","CGCAAACACGAGTTAC-1"
"L2","CGCAATCGATCATTAG-1"
"L1","CGCAATTACTTTCGGT-1"
"L1","CGCAATTAGGGTAATA-1"
"L1","CGCAATTCTACAATAA-1"
"L1","CGCACATGTCCACTAC-1"
"L6","CGCACGTCTGTTTATG-1"
"L1","CGCACGTGCGCTATCA-1"
"L3","CGCAGAAACATTTGCG-1"
"L3","CGCAGATCTTCACCCG-1"
"L2","CGCAGGCGATCCAAAC-1"
"L3","CGCAGTTCTATCTTTC-1"
"L3","CGCATCATGGCTTCAG-1"
"L2","CGCATCCATCAGCCAG-1"
"L3","CGCATGCCGAATGCGT-1"
"L2","CGCATGGTGCGATGCT-1"
"L1","CGCATTAGCTAATAGG-1"
"L3","CGCCAAGAAGCCGAGT-1"
"L5","CGCCACAGGTCGCGAT-1"
"L1","CGCCATCCGATTATGA-1"
"L4","CGCCCAGCACGCCTAG-1"
"L3","CGCCCAGCGTTTCACG-1"
"L2","CGCCCGCTTCCGTACA-1"
"WM","CGCCCTAATTGTTCAA-1"
"L1","CGCCCTTGAAGGCTGA-1"
"L3","CGCCGACTATTCGCTA-1"
"L1","CGCCGCCCATGCCTGT-1"
"L6","CGCCGCGTTCTGAACG-1"
"L1","CGCCGTCTACCCATCG-1"
"L3","CGCCGTTCAGCATAGT-1"
"L2","CGCCTCCCTCCTCTAT-1"
"L3","CGCCTGGCCTACGTAA-1"
"L1","CGCCTTTAGCATGCTC-1"
"L3","CGCGAAGTGGCATACT-1"
"L2","CGCGACACTGCGCAGC-1"
"L3","CGCGACCGCGACAGAT-1"
"L3","CGCGAGAGGGACTTGT-1"
"L4","CGCGAGTCTGCCGGGT-1"
"L5","CGCGCAAATGTCCAGA-1"
"L3","CGCGCATGTTTGATTG-1"
"L2","CGCGCCCGACTTAATA-1"
"L1","CGCGGCAGTATTACGG-1"
"L1","CGCGGCTCAACTTGAA-1"
"L1","CGCGGGAATTAGGCAG-1"
"L4","CGCGGGAATTCCTTTC-1"
"L2","CGCGGTAAGTCTAGCT-1"
"L3","CGCGGTACGGTATACA-1"
"L3","CGCGGTCACAAACCAA-1"
"L3","CGCGTCATATTAAACC-1"
"L1","CGCGTTCATGAAATAC-1"
NA,"CGCTACCGCCCTATGA-1"
"L2","CGCTACGGGACATTTA-1"
"L1","CGCTAGAGACCGCTGC-1"
"L1","CGCTATACCGCCCACT-1"
"L1","CGCTATTCAATGTATG-1"
"L2","CGCTATTCTTAGGCTC-1"
"L1","CGCTCGACATAATGAT-1"
"L2","CGCTCTCCGTAGATTA-1"
"L1","CGCTGGTGACTACCCT-1"
"L1","CGCTGTGACGCCGCAC-1"
"L4","CGCTGTGTGGATGTTG-1"
"L5","CGCTTAGTATTGATAC-1"
"L3","CGCTTATTCCCGGTCG-1"
"L1","CGCTTCCACTGAAATC-1"
"L3","CGCTTCGGTCTAAGAC-1"
"L3","CGCTTGGACGGATAGA-1"
"L2","CGCTTTCATACCGGTG-1"
"L4","CGCTTTCCGCCAAGGT-1"
"L1","CGCTTTCTTGCATTCG-1"
"L4","CGGAAAGAATCAAACG-1"
"L1","CGGAAAGCAAATGTGC-1"
"L3","CGGAAATTTCACATCC-1"
"L3","CGGAACGTAAACATAG-1"
"L6","CGGACCTCTGTAGTTA-1"
"L4","CGGACCTTTACGTCCC-1"
"L4","CGGACGTTACTTGAAG-1"
"L3","CGGAGCAATTTAATCG-1"
"L2","CGGAGCATGGCGATCC-1"
"L3","CGGAGCTTATAACACC-1"
"L1","CGGAGTTTGAGAGACA-1"
"L1","CGGATAAGCGGACATG-1"
"L3","CGGATCCTCAAGGACT-1"
"WM","CGGATGAATGCTGTGA-1"
"WM","CGGATTCTGCCTTATG-1"
"L3","CGGCAAACATCGTGCG-1"
"L2","CGGCAATAAGATCGCC-1"
"L3","CGGCACCGTTAGCGCC-1"
"L1","CGGCACTCAAGAAAGT-1"
"L1","CGGCAGGGTCGGGTTG-1"
"L1","CGGCCACGCACAAAGT-1"
"L5","CGGCCAGAGCGACCAT-1"
"L2","CGGCCCAACCTGTAGT-1"
"L1","CGGCCCAGGTATATCC-1"
"L3","CGGCGCCATCAATCCC-1"
"L1","CGGCTCTAAAGCTGCA-1"
"L3","CGGCTCTTCGTCGAAC-1"
"L3","CGGCTGCAAGATTAAG-1"
"L3","CGGCTTTGTATGATAA-1"
"WM","CGGGAACGCCCTGCAT-1"
"WM","CGGGAAGTACCGTGGC-1"
"L1","CGGGAATATAGTATAC-1"
"L3","CGGGAATTTATGTAAA-1"
"L2","CGGGAGCTTCAGTGTA-1"
"L1","CGGGAGTATACCGCCG-1"
"L1","CGGGATCAATGTAAGA-1"
"L1","CGGGCAGCTAAACCGC-1"
"L1","CGGGCCATAGCCGCAC-1"
"L2","CGGGCCTTCTTTGTAA-1"
"L4","CGGGCGATGGATCACG-1"
"L1","CGGGTGTACCCATTTA-1"
"L2","CGGGTTTGTTAGGGCT-1"
"L5","CGGTACGGCAAACCCA-1"
"L1","CGGTACTAGAATCAAA-1"
"L2","CGGTAGAGGTGCAGGT-1"
"L3","CGGTATAGGTATTAGC-1"
"L5","CGGTATGGGCACTCTG-1"
"L1","CGGTCAAGTGGGAACC-1"
NA,"CGGTCAGTCCATATTT-1"
"L3","CGGTCCATGAGACTCC-1"
"L4","CGGTCCGTCGCAAGCC-1"
"L3","CGGTCTATCAACCCGT-1"
"L3","CGGTGAAGACTAAAGT-1"
"L3","CGGTGCAGATAGAACG-1"
"L3","CGGTGCGCGTTGGTCC-1"
"L3","CGGTGGGCTCCAGCCT-1"
"L1","CGGTGTACTTGATCCC-1"
"L1","CGGTTATCCAACAGTG-1"
"L2","CGGTTCAAGTAGGTGT-1"
"L2","CGGTTCCGGCTTCTTG-1"
"L3","CGGTTGACCTGGCATA-1"
"L6","CGGTTGAGTATCCTTC-1"
"L5","CGGTTGGGCAGGGTCC-1"
"L3","CGGTTGGGTTCAAGTT-1"
"WM","CGGTTTACTGAACATT-1"
"L3","CGGTTTATGAAGGAAC-1"
"L1","CGTAAACGCTTGAGTG-1"
"L6","CGTAAAGCAAGAAATC-1"
"L6","CGTAAATAACAAAGGG-1"
"L5","CGTAACTTCGACACTT-1"
"L1","CGTAATAATTACGAGT-1"
"L3","CGTAATATGGCCCTTG-1"
"L1","CGTACCGAAAGTCTAG-1"
"L1","CGTACCTGATAGGCCT-1"
"L3","CGTAGAGAGTAATTAT-1"
"L3","CGTAGCGAATTGTCAG-1"
"L3","CGTAGCGCCGACGTTG-1"
"L3","CGTATCTAGAACTAAG-1"
"L1","CGTATTAAGAGATCTA-1"
"L3","CGTATTGTTTCCTAAT-1"
"L3","CGTCAAATGGTCGCAG-1"
"L3","CGTCAAGGCTATAAAT-1"
"L1","CGTCAATCTTTAACAT-1"
"L3","CGTCACGTCCATTGGT-1"
"L1","CGTCAGCTATTTACTC-1"
"L2","CGTCAGTGCGCACAAG-1"
"L3","CGTCAGTTTATCGTCT-1"
"L1","CGTCATACCATATCCA-1"
"L1","CGTCCAGATGGCTCCA-1"
"L3","CGTCCTCATCGCGTGC-1"
"L3","CGTCGCATGTGAGCCA-1"
"L1","CGTCGCGGCGGGATTT-1"
"L6","CGTCGCTTGGTTATAC-1"
"L1","CGTCGGATAGTGTTGA-1"
"L5","CGTCGGGTCTAAGCGC-1"
"L3","CGTCGTCCTTCGCGAA-1"
"L2","CGTCTGGAAGGGCCCG-1"
"L1","CGTCTTGAGTGTGACG-1"
"L2","CGTGAAGTTAATTCAC-1"
"L3","CGTGACATTGGGTCGT-1"
"L4","CGTGACCAGTCCTCTG-1"
"L3","CGTGCACACCACTGTA-1"
"L1","CGTGCAGACTGGGACA-1"
"L3","CGTGCATTGTCGACGC-1"
NA,"CGTGCCCGACATTTGT-1"
"L2","CGTGCCCTCCCGAAGA-1"
"L1","CGTGCTGGCCTAGTCG-1"
"L5","CGTGCTTCTACCTAAA-1"
"L1","CGTGGAAGCCTCGTAC-1"
"L1","CGTGGCCGAATATCTA-1"
"L5","CGTGGTACCCAAAGGC-1"
"L3","CGTGTATGGGAGCTGA-1"
"L1","CGTGTCCCATTCGCGA-1"
"L5","CGTGTCTCGTTACGAC-1"
"L2","CGTGTGTTAAACCCTG-1"
"L1","CGTTAAACTAGTTAGG-1"
"L3","CGTTAAATACGACCAG-1"
"L3","CGTTAATGTCCCGACG-1"
"L3","CGTTAGCTCACAACTG-1"
"L5","CGTTATCATACTTCCA-1"
"L5","CGTTCAAGGAAACGGA-1"
"L4","CGTTCAGACCCGCGAA-1"
"L4","CGTTCATGGTGCGCGT-1"
"L3","CGTTCTTCGCACACCT-1"
"L3","CGTTGAATACCGCGCT-1"
"L2","CGTTGAGCGACCGTCG-1"
"L3","CGTTGAGTAATTGCGT-1"
"L5","CGTTGCCCGCGTGGGA-1"
"L1","CGTTGTAAACGTCAGG-1"
"L2","CGTTGTAAGATTGATT-1"
"L4","CGTTGTCGGCAATTGA-1"
"L2","CGTTGTTTCAATTCCC-1"
"L2","CGTTTAAGCGGAGCAC-1"
"L3","CGTTTACAAGGCAGCT-1"
"L3","CGTTTCACTTCGGGCG-1"
"L2","CGTTTCGCTCATTACA-1"
"L3","CGTTTCGGTTATATGC-1"
"L3","CGTTTGGTGTTGTGGG-1"
"L4","CGTTTGTGTAGAGGGT-1"
"L2","CTAAAGAATGCCTACT-1"
"L6","CTAAAGGATGAGATAC-1"
"L3","CTAAAGGGAAATAGGA-1"
"L5","CTAAATCCGGTGTACA-1"
"L1","CTAAATCCTATTCCGG-1"
"WM","CTAACAGCACAATAAC-1"
"L3","CTAACCGCGCGCCCGT-1"
"L1","CTAACGAAACTTGCTG-1"
"L3","CTAACTGATAATCGCC-1"
"L3","CTAACTGGTCCGGTTC-1"
"L2","CTAAGGGAATGATTGG-1"
"L3","CTAAGTACAGGGCTAC-1"
"L3","CTAATTATGAAGCGTA-1"
"L1","CTAATTCGCACGCGCT-1"
"L2","CTAATTCTCAGATATT-1"
"L1","CTAATTTCAACAACAC-1"
"L4","CTACAAGAAATAACCC-1"
"L3","CTACACTCGCAGATGG-1"
"WM","CTACATATCGCGGGAC-1"
"L1","CTACCCTAAGGTCATA-1"
"L3","CTACGAACTAGGTCGA-1"
"L3","CTACGACTAGCTATAA-1"
"WM","CTACGATCCTATCCTA-1"
"L1","CTACGCACGGAGTACC-1"
"L3","CTACGCCATTTCCGAT-1"
"L4","CTACTATCATAGGTTT-1"
"L1","CTACTATCTTTCAGAG-1"
"L4","CTACTCAAGGTATAGT-1"
"L2","CTACTCTAGGCCCGGC-1"
"L1","CTACTGCCACCTGACC-1"
"L3","CTAGACTGCATTTCGT-1"
"L2","CTAGATAAACTCCTCG-1"
"L1","CTAGATGTGAGTGTAA-1"
"L2","CTAGATTTACGACGGC-1"
"L1","CTAGCATAGTATAATG-1"
"L3","CTAGCCACAGGCGAGC-1"
"WM","CTAGCCCGGGAGACGA-1"
"L3","CTAGCCGATGTTATGA-1"
"L1","CTAGCTTAATGGTCCC-1"
"L2","CTAGGCGCCCTATCAG-1"
"L3","CTAGGCGGCAGAGAAT-1"
"L6","CTAGGGATAGGGACAA-1"
"L1","CTAGGTCTGAAGGAAT-1"
"L3","CTAGGTTCGGACGTGA-1"
"L3","CTAGTAGAAAGGGATT-1"
"L3","CTAGTATTCGGAATTA-1"
"L1","CTAGTCACGTCTTAAG-1"
"L2","CTAGTGAAGGACAGGA-1"
"L3","CTAGTTACAACCCGGT-1"
"L1","CTAGTTGGGCCCGGTA-1"
"L2","CTATAAGAGCCAATCG-1"
"WM","CTATAAGTAGGGTTTG-1"
"WM","CTATACTTAAAGCGAG-1"
"L5","CTATAGGCGTTGATGT-1"
"L6","CTATATCCAGCCTGGC-1"
"L5","CTATCACAACGCTGGA-1"
"L3","CTATCGACGAAATACA-1"
"L2","CTATCGCGTAGAGAAC-1"
"L1","CTATCGGGTCTCAACA-1"
"WM","CTATGAACACCTTGCC-1"
"L4","CTATGCCCGAATGCAA-1"
"L2","CTATGGGAAGCGGAAT-1"
"L1","CTATGTCACTAGCCCA-1"
"L3","CTATGTCTATTGAAAC-1"
"L3","CTATGTGAGTCACGGC-1"
"L3","CTATTCATGTGTCCCA-1"
"L3","CTATTGTGTTTGGTCA-1"
"L5","CTATTTGCTTGGAGGA-1"
"L1","CTATTTGGTTACGGAT-1"
"L5","CTCAAACCACTGCCCG-1"
"L3","CTCAACTAACCCGGAT-1"
"L3","CTCAAGACATTAGCGC-1"
"L3","CTCACACGCAAGCCTA-1"
"L3","CTCACATTTACTAAAT-1"
"L3","CTCACCAGTACAAGTG-1"
"L3","CTCACTGTGATACTTA-1"
"L3","CTCACTTGGCTGGTAA-1"
"L5","CTCAGAGCTAATGTCG-1"
"L4","CTCAGATTGTGATAAG-1"
"L1","CTCAGGACTCACCTGT-1"
"L2","CTCAGTCACGACAAAT-1"
"L3","CTCATAAATGTGTATA-1"
"L3","CTCATCACTTAGTGAT-1"
"L3","CTCATGGCTCACAATC-1"
"L4","CTCATGGTAATTTGCG-1"
"L3","CTCATTAACGTTGCCC-1"
"L3","CTCATTCGTGAACATC-1"
"L3","CTCATTGCTCTAACAA-1"
"L1","CTCATTTGATGGGCGG-1"
"L1","CTCCCAATGAGTCGCG-1"
"L4","CTCCCTCCTTTCGATC-1"
"L3","CTCCGCCCACATGAGG-1"
"L1","CTCCGGCCTAATATGC-1"
"L1","CTCCGGCTTGTAGACA-1"
"L1","CTCCTAAGTTATGTCT-1"
"WM","CTCCTAGTAATCGTGA-1"
"L4","CTCCTCCAGCTCACAC-1"
"L2","CTCCTGTTCAAGGCAG-1"
"L3","CTCCTTTACGCAAGTC-1"
"L3","CTCGAATGGAACGTAT-1"
"L5","CTCGAGACATACGATA-1"
"L1","CTCGAGATCCAAAGCA-1"
"WM","CTCGAGGCAAGTTTCA-1"
"L1","CTCGAGGTCGAACAGT-1"
"L3","CTCGATATTTGCGAGC-1"
"L1","CTCGCACCTATATAGT-1"
"L6","CTCGCATTGCATAGCC-1"
"L3","CTCGCCGAATGTAGGG-1"
"L3","CTCGCTAGGTAAGCGA-1"
"L2","CTCGGGATAACACCTA-1"
"L5","CTCGGGTTCTCTGGCC-1"
"L1","CTCGGTACCACTGCTC-1"
"L1","CTCGGTCCGTAGCCTG-1"
"L5","CTCGGTTGTCGGCCCT-1"
"L5","CTCGTCGAGGGCTCAT-1"
"L4","CTCGTCTGTGCCTTCG-1"
"L6","CTCGTGGCACTGAAAG-1"
"L6","CTCGTTACGGCTACCA-1"
"L3","CTCGTTTCTAATGTTT-1"
"L4","CTCTAACACCGGCAGC-1"
"L3","CTCTAATGCATTGATC-1"
"L3","CTCTACACTGGCGATT-1"
"L5","CTCTACATCCTGCGTG-1"
"L3","CTCTAGCCCTCGGAAA-1"
"L3","CTCTATTTGGCTGCAG-1"
"L1","CTCTCACAATCGATGA-1"
"L3","CTCTCGATGTGCGCCT-1"
"L2","CTCTCGCTGTACTATG-1"
"L5","CTCTCTAACTGCCTAG-1"
"WM","CTCTGCAGGCATTCTT-1"
"L2","CTCTGCGAAGCAAGCA-1"
"L1","CTCTGGACGCCTGGTG-1"
"L4","CTCTGTCCATGCACCA-1"
NA,"CTCTGTGCCTGCTATG-1"
"L3","CTCTGTTTGAGGATTC-1"
"L1","CTCTTCTATTGACTGG-1"
"L5","CTCTTCTGGAAGTTAG-1"
"L3","CTCTTGTCCCGCTTGG-1"
"L2","CTGAAAGAGATCCGAC-1"
"L3","CTGAATCCGAGACCTC-1"
"L3","CTGAATTTATTGCCAG-1"
"L1","CTGACATAGAAATAGA-1"
"L1","CTGACTGCGCAGCTCG-1"
"L1","CTGAGAAAGTTCGGCG-1"
"L3","CTGAGAGTAGAAATAC-1"
"L1","CTGAGCAAGTAACAAG-1"
"L2","CTGAGCGAGACTTATT-1"
"L3","CTGATAGTGTATCTCA-1"
"L6","CTGATCCCTTTATGCA-1"
NA,"CTGCAAATGGGCTCCA-1"
"L3","CTGCAAGCACGTTCCG-1"
"L3","CTGCACAACTACATAT-1"
"L2","CTGCACCTAGTCCACA-1"
"L2","CTGCACCTGGAACCGC-1"
"L3","CTGCACTCCAGTACAG-1"
"L3","CTGCAGAGAATCAGAG-1"
"L3","CTGCAGGGTGACGCTC-1"
"L2","CTGCCAAGGTTGGAAG-1"
"L2","CTGCCATGCATCACAT-1"
"L3","CTGCCCACGAAGCGTT-1"
"L3","CTGCCTAGCCACCAAG-1"
"L2","CTGCCTCATATGCAAC-1"
"L6","CTGCCTTTAATACCTT-1"
"L3","CTGCCTTTCTAGTAAA-1"
"L4","CTGCGACCTCGCCGAA-1"
"L5","CTGCGATTTCGAGATT-1"
"L2","CTGCGGGTGAAATGTT-1"
"L3","CTGCGGTAGTCACGTG-1"
"L3","CTGCGTTACGATATAA-1"
"L3","CTGCTCTCAACACACC-1"
"L5","CTGCTCTGACGGCAAA-1"
"L3","CTGCTGAGGCCACGAA-1"
"L1","CTGCTGTCTAACGAGC-1"
"L3","CTGCTTGGCGATAGCT-1"
"L3","CTGCTTTATGTCCGCG-1"
"L1","CTGGAAATGGATGCTT-1"
"L2","CTGGAAGACACGGTGG-1"
"L5","CTGGACGCAGTCCGGC-1"
"L3","CTGGATTTACACTTGA-1"
"L3","CTGGCATCCGAATGAG-1"
"L3","CTGGCGACATAAGTCC-1"
"L3","CTGGCGATTTACATGT-1"
"L1","CTGGCGCACAGGTCTG-1"
"L1","CTGGCGGGAATAAGTA-1"
"L2","CTGGCTCCTGCGGGAT-1"
"L1","CTGGCTGATTCATCCT-1"
"L3","CTGGCTGGTTGTCAGT-1"
"L1","CTGGGATAAATAATGG-1"
"L1","CTGGGATACGCTACCC-1"
NA,"CTGGGATCGCCCAGAT-1"
NA,"CTGGGCACTAGTCGGA-1"
"L3","CTGGGCCTGCTATATC-1"
"L3","CTGGGCTACTGGAGAG-1"
"L2","CTGGGTAGGCAGTTAA-1"
"L5","CTGGGTTGAGTTAAAG-1"
"L3","CTGGTAAAGACTTACA-1"
"L3","CTGGTAAAGTGTGGGC-1"
"L1","CTGGTAACACATAGAA-1"
"L1","CTGGTAACGAGCTCTT-1"
"L1","CTGGTCATTCCAATCC-1"
"L3","CTGGTCCTAACTTGGC-1"
"L6","CTGGTGAATGGGCCTA-1"
"L2","CTGGTTCAACGCATCA-1"
"L1","CTGGTTCGCGAGCTAC-1"
"L2","CTGGTTTCGAGCAAGA-1"
"L2","CTGTACTTCTTAGCAT-1"
"L4","CTGTAGCCATCTCACT-1"
"L5","CTGTAGTGAGGATCGA-1"
"L1","CTGTATGGTGTAGAAA-1"
"L2","CTGTCAAATGGCTCGG-1"
"L3","CTGTCACGCCAGGCGC-1"
"L2","CTGTGCAGGGTAGGTC-1"
"L3","CTGTGGTCGGGAGATA-1"
"L3","CTGTTACCCAATCTAG-1"
"L1","CTGTTCACTGCCTGTG-1"
"L1","CTGTTCATCTCACGGG-1"
"L1","CTGTTGGCTCTTCTGA-1"
"L6","CTGTTGTTCAGTCGTA-1"
"L2","CTTAAATAAGACCCAT-1"
"L3","CTTAACTTACAGTATA-1"
"L3","CTTAACTTCGAAGTAC-1"
"L5","CTTAAGCAGCGAGCCG-1"
"L6","CTTAATCGACTTAGTA-1"
"L1","CTTACACGGTATTCCA-1"
"L1","CTTACACTGGGAAATA-1"
"L4","CTTACATAGATTTCTT-1"
"L3","CTTACTGACTCCTCTG-1"
"L5","CTTAGATGTTTCATCC-1"
"L2","CTTAGCCCGGATAGTG-1"
"L2","CTTAGCCTTCCACATG-1"
"L6","CTTAGGTATAGACCAG-1"
"L3","CTTAGGTCCCAATCGT-1"
"L1","CTTAGTAGGCCTACAG-1"
"L3","CTTAGTGTAGTAGCAT-1"
"L6","CTTAGTTGAGGAATCG-1"
"L3","CTTATAGATGGCTGTT-1"
"L4","CTTATGCGCTCAGGGC-1"
"L1","CTTATGTTGACTACCA-1"
"L3","CTTCAACTCCACTTGG-1"
"WM","CTTCACGCCCTGGTAC-1"
"L5","CTTCAGTGGTCGCCTA-1"
"L4","CTTCAGTTGGACAACG-1"
"L1","CTTCATAGCTCAAGAA-1"
"L4","CTTCATCACCAGGGCT-1"
"L1","CTTCATTGTCAGTGGA-1"
"L3","CTTCCGCTCCGTGAAG-1"
"L3","CTTCGATTGCGCAAGC-1"
"L1","CTTCGGCCAATTGTTT-1"
"L3","CTTCGTAGATAGGTGA-1"
"L3","CTTCTATGTTGAAGTA-1"
"L3","CTTCTATTAATGCTAG-1"
"L5","CTTCTGGGCGTACCTA-1"
"L2","CTTCTTACGTCGTATA-1"
"L3","CTTGACCCGAAAGATA-1"
"L1","CTTGAGGTTATCCCGA-1"
"L1","CTTGAGTTAGGGTAAT-1"
"L3","CTTGATGACCATCCAG-1"
"L3","CTTGCAACCGCCTCCT-1"
"L3","CTTGCCCACCCACGCA-1"
"L3","CTTGCCCAGGCTCTAC-1"
"L4","CTTGGCCAAGCTGGGA-1"
"L1","CTTGTACTTGTTGACT-1"
"L3","CTTGTCAACATTCGAG-1"
"L2","CTTGTGAGTCTTTGAC-1"
"L3","CTTGTGCTCACCGATT-1"
"L1","CTTGTTGCTGAGTCAA-1"
"L1","CTTGTTTATGTAGCCA-1"
"L1","CTTTAACTTTCAAAGG-1"
"L3","CTTTAATATTGGTCGA-1"
"L2","CTTTACCGAATAGTAG-1"
"L1","CTTTAGGAACACTGTT-1"
"L2","CTTTAGTGCTATTATT-1"
"L6","CTTTATCCGACGCATG-1"
"L3","CTTTCTGTGCGGGCTT-1"
"L5","CTTTGACGTCGCTTCT-1"
"L3","CTTTGCATCGCTCTTG-1"
"L1","CTTTGCTGTCATGGAT-1"
"L3","CTTTGGCGCTTTATAC-1"
"L1","CTTTGGCTTTAGTAAA-1"
"L4","CTTTGGGATTGTTGCA-1"
"L6","CTTTGTCGAATGCTCC-1"
"L1","GAAACAGATGACCACC-1"
"L2","GAAACAGCCATGCAGT-1"
"L5","GAAACATAGGAAACAG-1"
"L2","GAAACCATGGTGCGCT-1"
"L3","GAAACCGAATTACCTT-1"
"L4","GAAACCTATACAAATG-1"
"L2","GAAACTCGTGCGATGC-1"
"L3","GAAACTCTAATGAAGG-1"
"L1","GAAAGAACAGCGTTAT-1"
"L3","GAAAGCCCTTTGGACC-1"
"L1","GAAAGTGACTAACTGC-1"
"L3","GAAATACCTGCTGGCT-1"
"L1","GAAATACTAAACGTTT-1"
"L3","GAAATATCACCATCAG-1"
"L3","GAAATATGCTTGAATG-1"
"L2","GAAATCGCGCGCAACT-1"
"L1","GAAATCTGACCAAGTT-1"
"L1","GAAATGGCGGTGTTAG-1"
"L1","GAAATGGGATGTAAAC-1"
"L3","GAAATTAGCACGGATA-1"
"L2","GAAATTCACATCGCTG-1"
"L3","GAAATTGTCTCTATAA-1"
"L3","GAACAACTGGGATGAA-1"
"L1","GAACACACATCAACCA-1"
"L3","GAACAGATTACTAAAT-1"
"L3","GAACATTAGTATGTTA-1"
"L3","GAACCATCTGGGAGAC-1"
"L3","GAACCCTCTGTGTTCT-1"
"L4","GAACCTCGACCTACAC-1"
"L3","GAACCTTTAACGATCC-1"
"L1","GAACGACCGAATGATA-1"
"L3","GAACGATAAGTTAAAG-1"
"L1","GAACGCGGGTCACACG-1"
"L1","GAACGTCTCATGGTCG-1"
"L3","GAACGTTAGGAAGACG-1"
"L3","GAACGTTTGTATCCAC-1"
"L4","GAACTGTGGAGAGACA-1"
"L3","GAACTTAGCGCCCGGT-1"
"L3","GAACTTGTGCACGGGA-1"
"L5","GAAGAAACGATATTGT-1"
"L1","GAAGAACGGTGCAGGT-1"
"L3","GAAGACTTCAATGCCG-1"
NA,"GAAGCAAGGCAATGTT-1"
"L4","GAAGCCACTGATTATG-1"
"L2","GAAGCCGGGTAAGCTC-1"
"L4","GAAGCCTGCACATTCC-1"
"L1","GAAGCGTGAGGAATTT-1"
"L5","GAAGCTCGGACCCGTC-1"
"L1","GAAGCTCTTTGCTTAG-1"
"L1","GAAGCTTGCTGACCGC-1"
"L4","GAAGGAGTCGAGTGCG-1"
"L3","GAAGGCTACCATTGTT-1"
"L4","GAAGGGTCATTAAGAC-1"
"L3","GAAGTCAGTTGCACTA-1"
"L1","GAAGTCTCCCTAGCGA-1"
"L2","GAAGTGATTTATCGTG-1"
"L2","GAAGTGCTGGATAGCT-1"
"L2","GAAGTTTCCACTCAAT-1"
"L1","GAATAGACGCGACCCA-1"
"L1","GAATAGCATTTAGGGT-1"
"L3","GAATAGCCCTGCGGTC-1"
"L5","GAATAGTGCTCGATTA-1"
"L3","GAATATTCGGAGTCCC-1"
"L1","GAATCGACATGGTCAC-1"
"L2","GAATCGCCGGACACGG-1"
"L2","GAATCTGAACATTCTC-1"
"L3","GAATGAAGGTCTTCAG-1"
"L1","GAATGCCGAAATGACC-1"
"L3","GAATGCGAATCGGTTC-1"
"L4","GAATGGGCTTATCGAC-1"
"L3","GAATGTATGGCAGGTC-1"
"L2","GAATGTGGTCCGGATT-1"
"L1","GAATGTTGGGTAATCT-1"
"L1","GAATTATAGTGAAAGG-1"
"L3","GAATTCACCCGGGTGT-1"
"L1","GAATTTCTCGCTGCAG-1"
"L1","GACAAACATATGCAGG-1"
"L1","GACAACGACCATTGAA-1"
"L1","GACAACGCAGCTTACG-1"
"L3","GACAAGACGCCCGTGC-1"
"L2","GACAAGAGATGAGATT-1"
"L1","GACACAAGGGAAGAAA-1"
"L3","GACACAGCCGGGACTG-1"
"WM","GACACCCAAAGACGCG-1"
"L1","GACACGAGTTAGAGGA-1"
"L3","GACACTGAGTTCAGTG-1"
"L1","GACACTGGAACCCGAT-1"
"L3","GACACTTCCAATTACC-1"
"L6","GACAGAGGTCTTCAGT-1"
"L4","GACAGATTTCTGGCTC-1"
"L1","GACAGCCAGACCTGAC-1"
"L3","GACAGGCACACACTAT-1"
"L3","GACAGGTAATCCGTGT-1"
"L1","GACATACTGTCGCAGA-1"
"L4","GACATCCGTCGAACTG-1"
"L3","GACATCGATTTATAAC-1"
"WM","GACATTTCGCCCAGCC-1"
"L3","GACCAAACGTTGACTG-1"
"L4","GACCACACTTCCCTTT-1"
"L1","GACCAGAGCCCTGTAG-1"
"L3","GACCAGGTCATTCATA-1"
"L5","GACCCAATTATGATAC-1"
"L3","GACCCGTCGCCGGCTA-1"
"L1","GACCGACGTGAAAGCA-1"
"L3","GACCGACTGAAGCGTC-1"
"WM","GACCGATTAAATATGT-1"
"L1","GACCGCGTCTGACGTG-1"
"L3","GACCGTCAGGTCGTGA-1"
"L2","GACCGTGCTGACGGTG-1"
"L3","GACCGTTACATGCGAC-1"
"L4","GACCTTCCACGTCTAC-1"
"L3","GACGACGATCCGCGTT-1"
"L3","GACGAGGCTAATAAAC-1"
"L6","GACGATATCACTGGGT-1"
"WM","GACGCATACCCGTCGG-1"
"L3","GACGCCGTAAAGGCTA-1"
"L1","GACGCCTGTTGCAGGG-1"
"L3","GACGCTTGCTTCTAAA-1"
"L3","GACGGACCGCGTTCCT-1"
"L3","GACGGGCATCGAATTT-1"
"L4","GACGGGTTGGCCCGTA-1"
"L1","GACGGTCAATAGAAGC-1"
"L1","GACGGTCCTAGGGTGT-1"
"L2","GACGTGAGACTCCATG-1"
"L1","GACGTGTAGGGATTAT-1"
"L3","GACGTTCGTAAATACA-1"
"WM","GACGTTGCTCGGCGGC-1"
"L3","GACTAACACAGCACCT-1"
"L1","GACTAAGATCATGCAC-1"
"L1","GACTAAGTAGGCTCAC-1"
"L4","GACTACAAAGCGGTGG-1"
"L3","GACTACAATTGCTCGT-1"
"L3","GACTAGGCCGTTAGGT-1"
"L1","GACTCACCCACGTGAG-1"
"L2","GACTCCCAGAATAAGG-1"
"L5","GACTCCTTCCAATTGA-1"
"L2","GACTCGCGGGAATGAC-1"
"L3","GACTCGGTCGGCGGAT-1"
"L6","GACTCTAGAGTTCCAA-1"
"L3","GACTGATTGGTCACAA-1"
"L3","GACTGCAAATCGAGCT-1"
"L2","GACTGCACCAGCCCAG-1"
"L2","GACTGCGGCACGTGTA-1"
"L5","GACTGCTGGTGAGAAA-1"
"L3","GACTGGGCGCCGCAAC-1"
"L3","GACTTCAACGCATCAA-1"
"L5","GACTTTCGAGCGGTTC-1"
"L3","GAGAAACTGGATCCCA-1"
"L3","GAGAACGGTTCTGACT-1"
"L3","GAGAATCTCACGATCA-1"
"L3","GAGACCCTGCAACGCC-1"
"L1","GAGACTGATGGGTAGA-1"
"L3","GAGACTTCGCGACCGA-1"
"L3","GAGAGCGCAGTCCCTG-1"
"L3","GAGAGGCCTATGTGTA-1"
"L3","GAGAGGGCGCGAGGTT-1"
"L3","GAGAGGTGCATTCTGG-1"
"L6","GAGAGTCTCGGGAGAG-1"
"WM","GAGATCGATCTTACTC-1"
"L2","GAGATCTGCTTGGCAT-1"
"L1","GAGATCTGTCACTCCG-1"
"L2","GAGATCTTCCATGACA-1"
"L3","GAGATGACAATCCTTA-1"
"L4","GAGATGGCTTTAATCA-1"
"L3","GAGATGGGAGTCGACA-1"
"L3","GAGCACCTGTGTCCAG-1"
"L1","GAGCACGGCGCCTCTT-1"
"L5","GAGCATCAACAACTTG-1"
"L2","GAGCATCATCCCTGGG-1"
"L3","GAGCCACGGTAGTAGG-1"
"L3","GAGCCAGCTACCTGTG-1"
"L3","GAGCCGAGCGTTTATT-1"
"L2","GAGCGAGGGAGTACCG-1"
"L1","GAGCGCAAATACTCCG-1"
"L2","GAGCGCGCACGAGTAG-1"
"L5","GAGCGCTGTTAGGTAA-1"
"L5","GAGCGGAATGCGGTGT-1"
"L1","GAGCTAAGGGCATATC-1"
"L5","GAGCTCAACATGAGCG-1"
"L1","GAGCTCTCGGACCTAA-1"
"L3","GAGCTGTCGTCTCGGA-1"
"L6","GAGGAATATCTCTTTG-1"
"L1","GAGGAATGGAGAGGTT-1"
"L1","GAGGAGATCCTCATGC-1"
NA,"GAGGAGTAATTCCTAC-1"
"L1","GAGGATAAACAGTGCT-1"
"L3","GAGGCATTTGCAGCAG-1"
"L5","GAGGCCCGACTCCGCA-1"
"L3","GAGGCCTGTTGATACA-1"
"L3","GAGGCTATCAAAGTCG-1"
"L5","GAGGGAGTCAGATCGC-1"
"L2","GAGGGCATCGCGTATC-1"
"L3","GAGGGCCATAATATTA-1"
"L1","GAGGGCGCAGCTCTGC-1"
"L5","GAGGGTAGTAACAAAG-1"
"L3","GAGGTACATCCATCTT-1"
"L4","GAGGTACGCGTGTCCC-1"
"L1","GAGGTCCCAAAGATCT-1"
"WM","GAGGTCCGTTCGCTGT-1"
"L3","GAGGTCTTAGTGGGTC-1"
"L1","GAGTAAACCGGAAAGT-1"
"L3","GAGTAAATTAAGAACC-1"
"L4","GAGTAAGGCCACGGGA-1"
"L1","GAGTACGGGTATACAA-1"
"L4","GAGTAGATACTAGTTG-1"
"L6","GAGTATACCCTAATCA-1"
"L2","GAGTATCAAAGTTACA-1"
"L3","GAGTATGCCCGCCTTG-1"
"L3","GAGTATGCGCGTGCAT-1"
"L3","GAGTCAGACCAGAATC-1"
"L4","GAGTCCACCAGGTTTA-1"
"L3","GAGTCCGCTTACCGGA-1"
"L3","GAGTCGACAGACCCTC-1"
"L5","GAGTCTTGTAAAGGAC-1"
"L3","GAGTGCACGGACAACA-1"
"L3","GAGTGTCAACCAGAAA-1"
"L1","GAGTGTGCGGTACCCA-1"
"WM","GAGTTCTGTGGGTGCT-1"
"L4","GAGTTGATGGCAATTT-1"
"WM","GAGTTGTCACCAGTCT-1"
"L1","GATAAATCGGTGGATG-1"
"L1","GATAACTCGCACTGTG-1"
"L1","GATAAGGCAGATGCAA-1"
"L1","GATACCGTGTCGGAGT-1"
"L3","GATACGATGGGAGTCA-1"
"L5","GATAGAACCCGCTAGG-1"
"L3","GATAGATAGTACAGTC-1"
"L1","GATAGCGTACCACGCG-1"
"L1","GATAGGATTAATTACA-1"
"L3","GATAGGTAACGTTGAC-1"
"L1","GATAGGTGTCCCGGGC-1"
"L5","GATAGTGCGAGTAAGT-1"
"L6","GATATCAAGCAGGAGC-1"
"L1","GATATCAGTATGTATC-1"
"L3","GATATCTCATGCAATA-1"
"L1","GATATGAGACACTAAC-1"
"L3","GATATGCGGTAGCCAA-1"
"L2","GATATGGATTACGCGG-1"
"L1","GATATTGAGATTGGCG-1"
"L3","GATATTTCCTACATGG-1"
"L5","GATCAACATAAAGGGA-1"
"L1","GATCATTCCAAACATT-1"
"L1","GATCCCTTTATACTGC-1"
"L2","GATCCGAATATAAGTG-1"
"L1","GATCCGGGAATTAACA-1"
"L2","GATCCTAAATCGGGAC-1"
"L3","GATCCTCGACACTGGC-1"
"L3","GATCCTCTTGCGCTTA-1"
"L1","GATCGACACTATCTGA-1"
"L2","GATCGCGGGCTCTCCA-1"
"L1","GATCGCTACCCGATTT-1"
"L5","GATCGCTATATCTCAG-1"
"WM","GATCGCTGTGGTGCGT-1"
"L3","GATCGGATAGAACCAT-1"
"L1","GATCGGCGATAAGTCG-1"
"L1","GATCGGTGGCCATAAC-1"
"L1","GATCGTGACTGATATC-1"
"L5","GATCTAACCGTATTCA-1"
"L1","GATCTCGACGCTGTGG-1"
"L4","GATCTGCTATCTAAGG-1"
"L1","GATCTTCATTGTCCTC-1"
"L2","GATCTTGGAGGGCATA-1"
"L2","GATCTTTGCAGGGTAT-1"
"L3","GATCTTTGCTCAAAGA-1"
"L4","GATGACAAGTAGGGCA-1"
"L3","GATGACGATGATCGCG-1"
"L3","GATGAGGAACCTTCGG-1"
NA,"GATGCCACACTACAGC-1"
"L1","GATGCCAGCAGAAGGC-1"
"L5","GATGCCTTCTGCGGCA-1"
"L2","GATGCGAATGGTATTA-1"
"L2","GATGCGTCCTGCATTC-1"
"L1","GATGCTACAAGCGCCT-1"
"L5","GATGCTACCTTCGATG-1"
"L2","GATGCTGTATTTCATC-1"
"L1","GATGGCGCACACATTA-1"
"L3","GATGGTGCCCTAGGCA-1"
"L4","GATGTAACGAACCACC-1"
"L2","GATGTCCGGATCACAT-1"
"L3","GATGTCGGTCAACTGC-1"
"L3","GATGTGTTGTCACAAG-1"
"L3","GATGTTCAATCCACGA-1"
"L1","GATGTTTGTGCGAGAT-1"
"L3","GATTAACCGAAAGCCC-1"
"L3","GATTACTGAATTTGGG-1"
"L6","GATTAGAAACAAGCGT-1"
"L4","GATTATCTTGCATTAT-1"
"L1","GATTCCCTTGTCGCAG-1"
"L3","GATTCCGCGTTTCCGT-1"
"L1","GATTCCTATACGGCGC-1"
"L2","GATTCGACGGTTCACG-1"
"L5","GATTCTGTTAATGAGT-1"
"L3","GATTGACACTCTGCTC-1"
"L5","GATTGCTCCAGTTGCA-1"
"L3","GATTGGGAAAGGTTGT-1"
"L3","GATTTAGTGCGTACTG-1"
"L6","GATTTGCGCTAACACC-1"
"L2","GCAAACCCTACATTAT-1"
"L3","GCAAACCTTGGCCATA-1"
"WM","GCAAACGTAAGCGACC-1"
"L1","GCAAACGTCGCCAGGT-1"
"L6","GCAAAGGGCGTTAGCC-1"
"L2","GCAAATATTACGCTTT-1"
"L4","GCAAATGAGGACACTT-1"
"L4","GCAACACACTAGAACT-1"
"L1","GCAACAGCAGTATGCG-1"
"L3","GCAACCACCAGACCGG-1"
"L3","GCAACCACGGCCGCGT-1"
"L3","GCAACCCAAGTTGTTT-1"
"L1","GCAACGGCTAGTTATG-1"
"L3","GCAAGAATTCCTTGGC-1"
"L3","GCAAGATGTGTTCGCG-1"
"L6","GCAAGCTGGAAACCGC-1"
"L1","GCAAGTGCACAGAGAA-1"
"L5","GCAAGTGTAAAGCATG-1"
"L2","GCAATTAGTCGCACCG-1"
"L6","GCACAAACCCTAGATG-1"
"L1","GCACAAACGAGGCGTG-1"
"L6","GCACAACCTCGGGCGT-1"
"L1","GCACAAGTGGATCATA-1"
"L3","GCACAAGTGTCGGAAG-1"
"L3","GCACACACTGGTAGCC-1"
"L5","GCACACAGCTATTACC-1"
"L3","GCACACGCCCATGGTC-1"
"L6","GCACAGCACGGGCCGA-1"
"L3","GCACCTAGGCGAGTCC-1"
"L3","GCACCTTCCCGAAGGT-1"
"L4","GCACGCCGATTCCCGC-1"
"L4","GCACGCCTACTTAGAT-1"
"L3","GCACGTGGTTTACTTA-1"
"L2","GCACTAGTCGCGCTAT-1"
NA,"GCACTCCCACAGTCCC-1"
"L4","GCACTGCCTACCTTTA-1"
"L2","GCACTGTGCAAATGTA-1"
"L1","GCAGAAGGTAATCTCC-1"
"L1","GCAGACCCAGCACGTA-1"
"L3","GCAGATCCATAAGACT-1"
"L1","GCAGATCCTCGCAAAT-1"
"L1","GCAGATTAGGGATATC-1"
"L3","GCAGCACACAGCCCAG-1"
"L1","GCAGCCTATATCACAT-1"
"L2","GCAGCGGTGGGCATTA-1"
"L3","GCAGCTATGGACAGGT-1"
"L4","GCAGCTGTCAACGCAT-1"
"L5","GCAGGAACTTAGATCT-1"
"L2","GCAGGACTATAGAATA-1"
"L3","GCAGGTAGAGTATGGT-1"
"L2","GCAGTGCGGGCGGATG-1"
"L3","GCAGTGTGGCTATAGG-1"
"L2","GCAGTTCGATCCGAGC-1"
"L3","GCATACGAGGTCTTTA-1"
"L2","GCATAGAGCACTCAGG-1"
"L1","GCATCCCTAACTTTGA-1"
"L1","GCATCGGCCGTGTAGG-1"
"L3","GCATGACACAAAGGAA-1"
"L1","GCATGAGGGACGCGGC-1"
"L3","GCATGCTAATAACGAT-1"
"L4","GCATGGGTACTGACGC-1"
"L2","GCATTCAAGGCAACGC-1"
"L2","GCATTCGAAATGAACA-1"
"L5","GCATTGACTTGCGGAA-1"
"L3","GCATTGTAATTCATAT-1"
"L1","GCATTTCCAAGGCTCC-1"
"L2","GCCAACCATTTCCGGA-1"
"L4","GCCAAGAATACTTCTG-1"
"L2","GCCAATAGGGCATCTC-1"
"L3","GCCACAATTTAAGGAC-1"
"L3","GCCACTCAGAGCGCGA-1"
"L2","GCCACTCCTTACGGTA-1"
"L6","GCCAGGAAAGAACACT-1"
"L2","GCCAGGAGTAACCGAT-1"
"L3","GCCAGGCGTTCGCATG-1"
"L2","GCCATATTGCACACAG-1"
"L3","GCCATCGAGCTGCGTG-1"
"L2","GCCATCGATGCTGCAT-1"
"L5","GCCATTAGCCTCAAAC-1"
"L2","GCCCACCAAGGCTGTC-1"
"L1","GCCCAGATGCTGGAGA-1"
"L1","GCCCAGTTGGTATGCC-1"
"L4","GCCCGACTTCTTCCCG-1"
"WM","GCCCGAGAGTCTAAAT-1"
"L3","GCCCGATCTGTGGTCG-1"
"WM","GCCCGATGCCCAGTTC-1"
"L3","GCCCGCGCGTAAACGG-1"
"L1","GCCCGCGCGTTTGACA-1"
"L1","GCCCGTAATACCTTCT-1"
"L3","GCCCGTCAAGCCCAAT-1"
"WM","GCCCGTTCACACAATT-1"
"L5","GCCCTAAGTGCAGGAT-1"
"L5","GCCCTAGCCGTCGCGA-1"
"L4","GCCCTGAGGATGGGCT-1"
"L2","GCCGAAATTCCTACGT-1"
"L5","GCCGACCCACGACTGC-1"
"L2","GCCGATTGGCCAAGCT-1"
"L1","GCCGCACTCCGTTTCA-1"
"L3","GCCGCATTAGTCCGGC-1"
"L3","GCCGCTAGATACGCAG-1"
"L2","GCCGCTTGTGAGAAAC-1"
"L3","GCCGGAAACACATCTT-1"
"L2","GCCGGGTTAGGGTCGC-1"
"L5","GCCGGTCGTATCTCTC-1"
"L6","GCCGTCGGTTTCGGGC-1"
"L1","GCCGTGGAAGAAATGT-1"
"L3","GCCTACGTTCTGTGCA-1"
"L1","GCCTAGCGATCTGACC-1"
"L1","GCCTATAGTGTCAGGG-1"
"L3","GCCTATCAGGTAAGAT-1"
"L3","GCCTATGCTGGGCCTT-1"
"L1","GCCTATTCCGATATAG-1"
"L3","GCCTATTTGCTACACA-1"
"WM","GCCTCAGGTACCGGTC-1"
"L1","GCCTCATCTGGAAATA-1"
"L3","GCCTCCGACAATTCAC-1"
"L3","GCCTCTATACATAGCA-1"
"L5","GCCTGTCCCGGTGCAT-1"
"L1","GCCTTCAGCCCTACCG-1"
"L1","GCCTTGTATATGCAGT-1"
"WM","GCCTTTGTCAGTGGAC-1"
"L2","GCGAAACGATCGGGAG-1"
"L2","GCGAAACTTAACTGGA-1"
"L3","GCGAAGAATCTGACGG-1"
"L1","GCGAAGCCATACCCGT-1"
"L5","GCGAATGGACTAGCGA-1"
"L1","GCGACATGTAAACATC-1"
"L5","GCGACCCAACCATCTG-1"
"L3","GCGACGATAGTTGTAC-1"
"L5","GCGACGGTAGTCTCCT-1"
"L1","GCGAGAAACGGGAGTT-1"
"L3","GCGAGAGGCCATGTAA-1"
"L1","GCGAGAGTTGCGTCCA-1"
"L1","GCGAGCGCATGCTCCC-1"
"L2","GCGAGGCCCGAGCAGA-1"
"L1","GCGAGTTCTGCAAAGA-1"
"L1","GCGATGTCTGTGCTTG-1"
"L3","GCGATTCTGGAAGCAG-1"
"L1","GCGATTGTTAACGTTA-1"
"L5","GCGCAAATATATTCAA-1"
"L1","GCGCAAGAGCGCGCTG-1"
"L1","GCGCATCCAGTCAGCA-1"
"L2","GCGCCGTTCCACGATA-1"
"L1","GCGCCTCCCACTCCGA-1"
NA,"GCGCGATGGGTCAAGT-1"
"L5","GCGCGGTCTAGTAACT-1"
"L3","GCGCTAAGTATGCATG-1"
"L1","GCGCTAATTGAATAGA-1"
"L3","GCGCTATGCCGAGGCA-1"
"L1","GCGCTCGATCACCTGT-1"
"L3","GCGCTGATCCAGACTC-1"
"L1","GCGCTGCTTTGCATTT-1"
"L3","GCGCTTAAATAATTGG-1"
"L3","GCGGACCGCGTTGTGG-1"
"L4","GCGGAGAAACTTCGCA-1"
"L2","GCGGAGAGGGAGAACG-1"
"L3","GCGGATTACTTGTTCT-1"
"L5","GCGGCAAAGTATTGCC-1"
"L3","GCGGCTCTGACGTACC-1"
"L4","GCGGCTTTAGCAAGTT-1"
"L1","GCGGGAACCAGGCCCT-1"
"L5","GCGGGCAGACGGGTGA-1"
"L2","GCGGGCATTACGATGC-1"
"L3","GCGGGCGAGCCTTACC-1"
"L2","GCGGTAACCCAAATGA-1"
"L3","GCGGTCCCGGTGAAGG-1"
"L2","GCGGTCCCTAGACGCA-1"
"L4","GCGGTCTTGCTTTCAC-1"
"L3","GCGGTGAACTGCGCTC-1"
"L1","GCGGTGCGGAGCATCG-1"
"L3","GCGGTTCCCTATCATG-1"
"L1","GCGTAAATGGCCATAA-1"
"L5","GCGTCCCTAAGACATA-1"
"L2","GCGTCGAAATGTCGGT-1"
"L3","GCGTCGCCAGGGTGAT-1"
"L5","GCGTCGTAACATGGTC-1"
"L2","GCGTCTAACCTCCTAA-1"
"L3","GCGTCTCTGCATTGGG-1"
"L1","GCGTGGTACTGGGTTA-1"
"L3","GCGTGTATGTCGTATT-1"
"L3","GCGTTATATTTGGAAC-1"
"L3","GCGTTCGGAGACCGGG-1"
"L2","GCGTTCTGACTAAGCG-1"
"L1","GCTAAACCTGAGGTGA-1"
"L3","GCTAACTGAAGTCTGA-1"
"L3","GCTAAGCCCAGTATGC-1"
"L2","GCTAAGTAAAGGCGAT-1"
"L1","GCTAAGTAGTTTCTCT-1"
"L1","GCTAATACCGAATGCC-1"
"L3","GCTACAATCGAGGATA-1"
"L3","GCTACAGTACGGACCG-1"
"L2","GCTACGACTTATTGGG-1"
"L2","GCTACTATAGTAGAGT-1"
"L1","GCTAGACCGTCTACTG-1"
"L3","GCTAGAGTAGAGATGT-1"
"L3","GCTAGCAACGCACCTA-1"
"L1","GCTAGCACCTGGGCCA-1"
"L3","GCTAGCAGGGAGTGGG-1"
"L6","GCTAGCGATAGGTCTT-1"
"L3","GCTAGCTTGAATAGCT-1"
"L3","GCTAGGCACCACGGAG-1"
"L2","GCTAGTAGAGCTTGTA-1"
"L1","GCTAGTTTCATTGAGG-1"
"L3","GCTATAAGGGCCAGGA-1"
"L3","GCTATACGTCTCGGAC-1"
"L3","GCTATCATACTCATGG-1"
"L1","GCTATCGCGGCGCAAC-1"
"L4","GCTATGCCAGCTTATG-1"
"L1","GCTCAACCTCTTAGAG-1"
"L4","GCTCAATCCGTTTATT-1"
"L4","GCTCAATGTAATACCG-1"
"L3","GCTCATTACTGCATGT-1"
"L6","GCTCATTGATCATATC-1"
"L2","GCTCCATGAGTGCAGA-1"
"L5","GCTCCATGCAAAGCAA-1"
"L1","GCTCCCAGTCGGTCCA-1"
"L1","GCTCCGCTCGCTTCAG-1"
"L4","GCTCCTGACATACTGG-1"
"L2","GCTCGCGGTTCCGCTC-1"
"L1","GCTCGCTCATGTCCAA-1"
"L2","GCTCGGAATTTAAAGC-1"
"L1","GCTCTAAACCCTGACG-1"
"L1","GCTCTATGTTACGTGC-1"
"L1","GCTCTCGGGTACCGAA-1"
"L4","GCTCTTTCCGCTAGTG-1"
"L1","GCTGAACTCTCCAGGG-1"
"L5","GCTGAATCTTCCAATC-1"
"L1","GCTGAGCAACGGTTCT-1"
"L2","GCTGAGGCGTGAGTAT-1"
"L2","GCTGCACGGTTTCTTA-1"
"L6","GCTGCGAAGAATTATT-1"
"L1","GCTGCGCCTCCCACGT-1"
"L3","GCTGCTAAGTAGTCGA-1"
"L3","GCTGCTACTGCGTAGC-1"
"L1","GCTGCTCTCCGGACAC-1"
"L3","GCTGGACCCAAAGTGG-1"
"L3","GCTGGCAGGTGCCGTG-1"
"L2","GCTGGCATATTCACCT-1"
"L3","GCTGGCGGCGCATGCT-1"
"WM","GCTGGGAGCGCGTCAA-1"
"L3","GCTGGTGACTCGTAGT-1"
"L6","GCTGGTTTAGGCCATA-1"
"L3","GCTGTATTACTGGCCC-1"
"L3","GCTGTCTGTGATCGAC-1"
"L1","GCTGTTGCTACCGAAC-1"
"L1","GCTTAATGTAACTAAC-1"
"L1","GCTTACGTAGTTAGTA-1"
"L3","GCTTAGGGAAGCGGTA-1"
"L1","GCTTATGAAGCAGGAA-1"
"L2","GCTTCCAGCTTAGATT-1"
"L3","GCTTCCATGTAACCGC-1"
"L4","GCTTCCCGTAAGCTCC-1"
"L1","GCTTCCGTCCCTAGAC-1"
"WM","GCTTCGACGTTCAATC-1"
"L3","GCTTGAGTGACCTCTG-1"
"L1","GCTTGATGATAATCAG-1"
"L3","GCTTGCAGCACAATTG-1"
"L1","GCTTGGATCGATTAGG-1"
"L3","GCTTTACACAACTGGG-1"
"L5","GCTTTATTAAGTTACC-1"
"L1","GCTTTCAGAGGAGGTG-1"
"WM","GGAAACAGAGCTTGGG-1"
"L3","GGAAACCTTGTTGAAT-1"
"L3","GGAAACTAAATGGGCC-1"
"L5","GGAAAGGGAATTGAGC-1"
"L6","GGAAAGTCTTGATTGT-1"
"L3","GGAAAGTGCCCATGCC-1"
"L2","GGAACCCGAACAAGAA-1"
"L3","GGAACCGTGTAAATTG-1"
"L5","GGAACCTTGACTCTGC-1"
"L2","GGAACGGCCTGCAGCC-1"
"L6","GGAACTCGTGAATACG-1"
"L3","GGAACTTTGGCGATTA-1"
"L3","GGAAGCTCGCTTACAG-1"
"L4","GGAAGGACACCGTATA-1"
"L3","GGAATAACCTCAAGAA-1"
"L1","GGAATGCGCTAGCGTG-1"
"L3","GGACAACCATGAAGCC-1"
"WM","GGACAAGCCATGATCG-1"
"L3","GGACAAGTTGCAGTGA-1"
"L1","GGACACAAGTTTACAC-1"
"L5","GGACACCTCGGTGTTG-1"
"L3","GGACCAACAGGATAAC-1"
"L3","GGACCTACGGTAACGT-1"
"L5","GGACCTCTAGGCCGCC-1"
"L3","GGACGGCTTGCGCAAC-1"
"L3","GGACGGGCGACCAACC-1"
"L3","GGACGTCCATAGTTGG-1"
"L3","GGACTAAGTCAGGAGT-1"
"L1","GGACTCACAAATTAGG-1"
"L3","GGACTCGAAGCTTTCA-1"
"L5","GGACTCGACAGCGCAT-1"
"L5","GGACTCGTGAGTGGTC-1"
"L2","GGACTCTTCCGGTTGA-1"
"L4","GGACTCTTTGACTAAG-1"
"L1","GGAGAAGTCATTGGCA-1"
"L3","GGAGACCAATGTGCTT-1"
"L5","GGAGACCATCTACATA-1"
"L2","GGAGACGACACCTTTG-1"
"L3","GGAGCAACATTTCAAG-1"
"L1","GGAGCACCAAGAACTA-1"
"L4","GGAGCGAGGCCTACTT-1"
"L3","GGAGGATTGAAAGGAG-1"
"L1","GGAGGCCGAAGTCGTC-1"
"L1","GGAGGGCTTGGTTGGC-1"
"L3","GGAGGGTCAAGTAAGA-1"
"L1","GGAGTACACATGAGCT-1"
"L1","GGAGTGCCGCCCTGGA-1"
"L3","GGAGTTGATTCTGTGT-1"
"L2","GGATACTCATGAATTG-1"
"L3","GGATCAAAGGACGAGG-1"
"L4","GGATCAGAGCCATCAG-1"
"L3","GGATCATCCCGTACGC-1"
"L1","GGATCCCTACCAGCTA-1"
"L1","GGATCCGGAATATACT-1"
"WM","GGATCTACCGTTCGTC-1"
"L5","GGATCTTACTGCCCTT-1"
"L4","GGATCTTGACTCAACC-1"
"L1","GGATGAAGATCGCTGA-1"
"L2","GGATGACGCGAGTTTA-1"
"L3","GGATGCTGGCGTTCCT-1"
"L3","GGATGGCTTGAAGTAT-1"
"L1","GGATGTCCTTACCGCA-1"
"L3","GGATTAAGCTAAGGTC-1"
"L4","GGATTAATCATGGACC-1"
"L1","GGATTCAGTACGGTGG-1"
"L2","GGATTCCGCTATACCC-1"
"L3","GGATTGAAGTAGCCTC-1"
"L3","GGATTGCTGTGACTCC-1"
"L1","GGATTTCACTTCTATA-1"
"L4","GGCAAAGGCGCCAATA-1"
"L2","GGCAAATTACTTTACT-1"
"L3","GGCAAGCCAGGGATAG-1"
"L4","GGCAAGCCCATAGTGG-1"
"L2","GGCAAGGCGAAATAGC-1"
"L1","GGCAATAGTCAATGAG-1"
"L3","GGCACGCTGCTACAGT-1"
"L2","GGCACTCAGCCGACCC-1"
"L2","GGCACTCCACTGGGCA-1"
"L3","GGCACTGCGGTGGTTT-1"
"L3","GGCAGAGAGATCGGGA-1"
"L1","GGCAGCAAACCTATGC-1"
"L3","GGCAGCGGTAATCCTA-1"
"L2","GGCATACAGGTAGCGG-1"
"L3","GGCATATCGGTTCTGC-1"
"L3","GGCATCAACGAGCACG-1"
"L3","GGCATTCCCTCCCTCG-1"
"L5","GGCATTGAACATCTCA-1"
"L3","GGCCAATTGTATAGAC-1"
"L2","GGCCACACGAAAGCCT-1"
"L4","GGCCCAGCTGGTTTGC-1"
"L3","GGCCCAGTTATCAGCA-1"
"L2","GGCCCGGAGCATGTCT-1"
"L3","GGCCCGTATACCATGC-1"
"L3","GGCCCTCACCCACTTA-1"
"L5","GGCCGAGACTCTGGTG-1"
"L3","GGCCGCAGGAACCGCA-1"
"L3","GGCCGGCGTCTGCTAT-1"
"L4","GGCCGTTTGGGTTTCA-1"
"L5","GGCCTGCTCTGATGTT-1"
"L3","GGCCTGCTTCTCCCGA-1"
"L3","GGCCTTTGCAACTGGC-1"
"L1","GGCGAAATCTAACTTG-1"
"L3","GGCGAACCGTTCTGAT-1"
"L5","GGCGAGCGAAACGGCA-1"
"L3","GGCGCACAGTTTACCT-1"
"L3","GGCGCAGGACATCTTC-1"
"L3","GGCGCATGAATTGATG-1"
"L3","GGCGCGGAGATCTTTC-1"
"L3","GGCGCGTTCGAGTTTA-1"
"L1","GGCGCTCCTCATCAAT-1"
"L4","GGCGCTTCATTCCCTG-1"
"L1","GGCGGAGTAATATTAG-1"
"L1","GGCGGGCTCTAAGAGT-1"
"L1","GGCGGTAGGATCATTG-1"
"L1","GGCGGTTTGCCGGTGC-1"
"L3","GGCGTACCCTATATAA-1"
"L3","GGCGTAGGGAAAGCTG-1"
"L2","GGCGTCCTATCCGCTG-1"
"L3","GGCTAAAGGGCGGGTC-1"
"L3","GGCTAATGATTGAAAT-1"
"L5","GGCTACTATACACTCC-1"
"L2","GGCTATTAAGTTGTAT-1"
"L4","GGCTCCTCCACCTGTT-1"
"L1","GGCTCGCGTTGAGGTA-1"
"L1","GGCTCGTGCCACCAGC-1"
"L1","GGCTCTGCTCCAACGC-1"
"L2","GGCTGAAATAGCAAAG-1"
"L3","GGCTGAGCATCGTAAG-1"
"L4","GGCTGGCAATCCCACG-1"
"L1","GGCTGGCTAGCTTAAA-1"
"L6","GGCTGTCCTACTGCGG-1"
"L5","GGCTTCTCGTGGGTGG-1"
"L2","GGCTTGGCTCTCACCT-1"
"L3","GGCTTTCAATAAGGGT-1"
"L3","GGGAAAGAATGCCAAC-1"
"L3","GGGAACGGGAGGTTAG-1"
"L5","GGGAACGGTTTCAGAT-1"
"L3","GGGAAGACGGTCTGTC-1"
"L3","GGGAAGGGCTTTCTCA-1"
"L3","GGGAATGAGCCCTCAC-1"
"L3","GGGAATTCTGTCCAGT-1"
"L5","GGGACAGAGTTACTCC-1"
"L3","GGGACCCGTATATCTT-1"
"L1","GGGACTGCATAGATAG-1"
"L1","GGGAGAACTCACAGTA-1"
"L3","GGGAGCGACCGTAGTG-1"
"L2","GGGAGGATGCCCGAAA-1"
"L2","GGGAGTAATGGCTGGC-1"
"L1","GGGAGTTAATGAGGCG-1"
"L1","GGGATACGGTAATAAT-1"
"WM","GGGATATTGATCGCCA-1"
"L3","GGGATCCCAATACAAA-1"
"WM","GGGATGGACCCGCGTC-1"
"L3","GGGATGGTCGTAACCG-1"
"L1","GGGATTTACCGCACCT-1"
"L5","GGGCAACCGCACGTGC-1"
"L3","GGGCACGAATTGGCCG-1"
"L5","GGGCACGTAGTACTGT-1"
"WM","GGGCACTATTGACCAT-1"
"L5","GGGCAGACGTCACTGC-1"
"L3","GGGCAGAGCAATCGTT-1"
"WM","GGGCAGGATTTCTGTG-1"
"L4","GGGCAGTCAACGCCAA-1"
"L5","GGGCATGCATGTCGAG-1"
"WM","GGGCCATTCGTGCTGG-1"
"L3","GGGCCCGTCTTAAACA-1"
"L3","GGGCCCTACGAAAGGG-1"
"L3","GGGCCCTTATCTATAC-1"
"L1","GGGCCGGCCGAAGTAC-1"
"L4","GGGCCTAAATGGGCTA-1"
"L3","GGGCCTATTTAAGTAT-1"
"L1","GGGCGAATTTCTCCAC-1"
"L1","GGGCGATATGTGTGAA-1"
"L2","GGGCGCAGCGTTACTC-1"
"L3","GGGCGGCAAATGAATT-1"
"L3","GGGCGGGTTCCCTACG-1"
"L1","GGGCGGTCCTATTGTC-1"
"L1","GGGCGTACATTTATAT-1"
"L3","GGGCGTCACCACGTAA-1"
"L3","GGGCGTCCACTGGCTC-1"
"L3","GGGCGTGGTTTCCCAG-1"
"L6","GGGCGTTTACATTCAT-1"
"L5","GGGCTACTATTTCGTG-1"
"L3","GGGCTATGATCGATGG-1"
"L2","GGGCTCATCGAACCCA-1"
"L1","GGGCTGCCTAGGGCGA-1"
"L1","GGGCTGGTTAGTCGCG-1"
"L1","GGGTAATGCTGTGTTT-1"
"L1","GGGTACCCACGGTCCT-1"
"L2","GGGTACTTCATGAACT-1"
"L1","GGGTATGTATGCACTT-1"
"L5","GGGTATTCTAGCAAAC-1"
"L2","GGGTCACCGTGACGGT-1"
"L4","GGGTCAGGAGCTAGAT-1"
"L1","GGGTCATGCGTACCAT-1"
"WM","GGGTCCTTGGAAGAAG-1"
"L3","GGGTCGTGGCAAGTGT-1"
"L3","GGGTCTATCGCTTTCC-1"
"L3","GGGTGACACCTTAACT-1"
"L2","GGGTGCATATGAAAGC-1"
"L3","GGGTGGTCCAGCCTGT-1"
"L2","GGGTGTTTCAGCTATG-1"
"L3","GGGTTAACATTTGAGT-1"
"L1","GGGTTCAGACGAACAA-1"
"L1","GGGTTTAGGATAGGAT-1"
"L3","GGTAAACTCTGCGCTG-1"
"L3","GGTAAATGTGCGTTAC-1"
"L5","GGTAACCGGGAGGATA-1"
"L2","GGTAACTATGTATCTG-1"
"L2","GGTACAAACATGCTAT-1"
"L3","GGTACACCAGATTTAT-1"
"L3","GGTACATCTGGGACGA-1"
"L2","GGTACCATTAAGACGG-1"
"L3","GGTACGTTGCGGCCGG-1"
"L1","GGTACTAAGTGCTTTG-1"
"L3","GGTAGAAGACCGCCTG-1"
"L3","GGTAGACCGTTGGGCG-1"
"L6","GGTAGGCCAATATCAC-1"
"L1","GGTAGTGCTCGCACCA-1"
"L1","GGTATAGTGACACATA-1"
"L3","GGTATGAAAGAACTGA-1"
"L1","GGTATTGCCGAGTTTA-1"
"L2","GGTCAAGACTACTTCG-1"
"L3","GGTCACGTTAGATTCA-1"
"L3","GGTCAGTGGGTCCCAC-1"
"L3","GGTCATTGTAGTCATA-1"
"WM","GGTCCACGTCTATTTG-1"
"L1","GGTCCTTCATACGACT-1"
"L3","GGTCGGATAAACGGCG-1"
"L1","GGTCGGCCAGGAGCTT-1"
"L1","GGTCGGTAATTAGACA-1"
"L3","GGTCGGTCGTCCACAG-1"
"L4","GGTCGTAAGCTCGCAC-1"
"L1","GGTCTCCAAGTAGTGC-1"
"L3","GGTCTCCGTCCAGGTT-1"
"L4","GGTCTCTGAATGGACT-1"
"L1","GGTCTGAGAATCTGGA-1"
"L4","GGTCTTGAGCGCTCTT-1"
"L3","GGTGAAACCGGGAATG-1"
"L2","GGTGAACGGGCTAGCC-1"
"L3","GGTGAAGTACAGGGAT-1"
"L3","GGTGACTGATAGAGAG-1"
"L1","GGTGAGATGCAGATAA-1"
"L1","GGTGATAAGGAGCAGT-1"
"L3","GGTGATGAAGGAAGTG-1"
"L2","GGTGATTTCATCTTGT-1"
"L3","GGTGCAGAGCCTATCG-1"
"L5","GGTGCATAAATGATTA-1"
"L1","GGTGCGGATAAGTGGC-1"
"L2","GGTGCTGATCACAAAG-1"
"L3","GGTGCTGGTACACATT-1"
"L3","GGTGGACTGCTCTGGC-1"
"L1","GGTGGAGGTTGATACG-1"
"WM","GGTGGGATTAGGTCCC-1"
"L5","GGTGTAAATCGATTGT-1"
"L5","GGTGTAGGTAAGTAAA-1"
"L3","GGTGTTCTGTTTCTAC-1"
"L1","GGTGTTGGGCGTCTTA-1"
"L3","GGTTACCACCCTCGGG-1"
"L2","GGTTACCCGACACTTT-1"
"L6","GGTTACCGCTCCCTAC-1"
"L2","GGTTAGCTATATGTCT-1"
"L1","GGTTAGGCTTGGAGAA-1"
"WM","GGTTAGGGATGCTAAT-1"
"L2","GGTTAGTTACGGCGCC-1"
"L3","GGTTCCACCCGCTTCT-1"
"WM","GGTTCCGTACGACTAA-1"
"L3","GGTTCGCATTTGCCGT-1"
"L3","GGTTCGGATTATACTA-1"
"L1","GGTTCTACTCGTCTGA-1"
NA,"GGTTGTATCGTGAAAT-1"
"L2","GGTTGTGCTCTTGTCC-1"
"L3","GGTTGTGTAGCCTGGC-1"
"L5","GGTTTAATTACCATCG-1"
"L3","GGTTTAATTGAGCAGG-1"
"L1","GGTTTACAATCTCAAT-1"
"L1","GGTTTAGCCTTTCTTG-1"
"L1","GGTTTCAATCGGTCAG-1"
"L3","GGTTTGACAAGAAGCT-1"
"L2","GGTTTGAGTGCTGGAA-1"
"L3","GGTTTGCGAACACGTA-1"
"L3","GGTTTGTGACCTGAGG-1"
"L3","GTAACAACTGACCTTG-1"
"L6","GTAACAGGTTAACGGC-1"
"L2","GTAACATCTAAGATAA-1"
"WM","GTAACTACGTAGACCT-1"
"L5","GTAACTGCCCAAGGAG-1"
"L2","GTAACTTGCGGCAGTC-1"
"L1","GTAAGCGGGCAGTCAG-1"
"L3","GTAAGGATTTGTCGGA-1"
"L1","GTAAGTAACAGTCTGG-1"
"L1","GTAAGTAGGGTATACC-1"
"L1","GTAAGTCCACACTCTA-1"
"L1","GTAATAAAGGGCTCCC-1"
"L3","GTAATCTGATTCTTCG-1"
"L1","GTACACTTACCTGAAG-1"
"L1","GTACAGAGGCAAGGGT-1"
"L1","GTACGACGGCGCTGCG-1"
"L1","GTACGAGATTGCGACA-1"
"L2","GTACGCTTCATTGCAC-1"
"L3","GTACGTCACGTATTAA-1"
"L2","GTACGTTTGCCCGTCA-1"
"L1","GTACTAAGATTTGGAG-1"
"L4","GTACTACGGCCTCGTT-1"
"L3","GTACTCCCTTATCGCT-1"
"L2","GTACTCCTGGGTATGC-1"
"L2","GTACTGAGGTCGTAAC-1"
"L2","GTACTGCATGAAGCGT-1"
"L1","GTACTGGAGTTAGACC-1"
"L1","GTACTTGGGCACTTCT-1"
"L1","GTAGAAACGGGTGGAG-1"
"L3","GTAGACAACCGATGAA-1"
"L4","GTAGACACGCCTGACT-1"
"L1","GTAGACGTCGTTACAT-1"
"L4","GTAGAGGGAGACAAGT-1"
"L3","GTAGCCAAACATGGGA-1"
"L3","GTAGCGCTGTTGTAGT-1"
"L2","GTAGCGGCTATACACT-1"
"L3","GTAGCTAGTAAGCGCG-1"
"L5","GTAGCTCCGGGAGGCT-1"
"L1","GTAGCTTCCTCTTGTT-1"
"L3","GTAGGTGATCCGTGTA-1"
"L2","GTAGTCGCGGGAATCA-1"
"L3","GTAGTCTACGATATTG-1"
"L3","GTAGTGAGCAACCTCA-1"
"L5","GTAGTTCGAAGGCGAA-1"
"WM","GTAGTTTAAGCACACG-1"
"L1","GTATAATCTCCCGGAT-1"
"L1","GTATAGGACTCAGTAG-1"
"L3","GTATAGTGGCCCATGT-1"
"L2","GTATATGTTACGGCGG-1"
"L3","GTATCAAACGTTAGCT-1"
"L5","GTATCAAGGTACTTCC-1"
"L1","GTATCAGCTTGGGTTC-1"
"L3","GTATCCTTTGGTAACC-1"
"L5","GTATCTCAGTCTTGAC-1"
NA,"GTATCTCCCTAACTGT-1"
"WM","GTATCTCGGGCGCTTT-1"
NA,"GTATCTTGTTGCTCAC-1"
"L3","GTATCTTTCATAACCA-1"
"L4","GTATGAAATTTCACTC-1"
"L2","GTATGACGTGGGAAAC-1"
"L1","GTATGTGGGTCTAGTT-1"
"L1","GTATTAAGGCGTCTAA-1"
"L3","GTATTCTGAGAAACGA-1"
"L2","GTATTCTTACCGTGCT-1"
"L1","GTATTTAATGGCATAA-1"
"L5","GTCAAAGAAGTGGTGT-1"
"L1","GTCAAAGTTTACATAG-1"
"L3","GTCAACCAGGCCTATA-1"
"L1","GTCAAGCGGACTCGGG-1"
"L3","GTCAATGCTATAATTT-1"
"L3","GTCAATTGTACTGAAG-1"
"L3","GTCACAAAGTTTCCAA-1"
"L3","GTCACCTGTCTATGTC-1"
"L1","GTCACTCTCCAAATCT-1"
"L2","GTCAGAATAGTCTATG-1"
"L3","GTCAGTTGTGCTCGTT-1"
"L2","GTCAGTTTGGTAGTCG-1"
"WM","GTCATCCCAAACTCAC-1"
"L1","GTCATCTCCTACAGCT-1"
"L1","GTCATGCACCTCCGTT-1"
"L3","GTCATGCGCGAGGGCT-1"
"L1","GTCATGGACATGACTA-1"
"L1","GTCATTAGAGCGAACG-1"
"L3","GTCATTGCATTGACCC-1"
"L4","GTCCAATATTTAGCCT-1"
"L3","GTCCACGTCGCATTCG-1"
"L6","GTCCAGGCACGTGTGC-1"
"L1","GTCCATTACTGCTACG-1"
"L1","GTCCCAACGTAAAGTA-1"
"L4","GTCCCAATCATCCCGC-1"
"L3","GTCCCGCGACGTTATG-1"
"L3","GTCCGAGAGCAATCAT-1"
"L3","GTCCGGACCTGAAATT-1"
"L1","GTCCGGCTGAATTGCG-1"
"L4","GTCCGGGTTCACATTA-1"
"L5","GTCCGTTAGAGGGCCT-1"
"L1","GTCCTACAGGCGGCTC-1"
"L3","GTCCTACGAATAGTCT-1"
"L5","GTCCTACTCTACGGGC-1"
"WM","GTCCTAGGATACCTTA-1"
"L3","GTCCTATTGTTGTGGT-1"
"L1","GTCCTTCTACAACCCA-1"
"L3","GTCCTTCTAGTGGGTT-1"
"L3","GTCCTTTAATGACTTC-1"
"WM","GTCGAATTTGGGCGCT-1"
"L1","GTCGATAGGTGACTTT-1"
"L4","GTCGCCGTTGTGTGTT-1"
"L1","GTCGCGTAACCCGTTG-1"
"L3","GTCGGAAGGATACCAG-1"
"L2","GTCGGATATCTCAGAC-1"
"L3","GTCGGATGTAGCGCGC-1"
"L4","GTCGGGAACATGGTAG-1"
"L3","GTCGGGAAGCAGAAAC-1"
"L3","GTCGGGTGAAGTACCG-1"
"L3","GTCGTACCATCTCGGG-1"
"L3","GTCGTACCTACGATTG-1"
"L3","GTCGTATTGGCGTACA-1"
"L2","GTCGTCAATTATAAGG-1"
"L2","GTCGTCTGGTTGGCTA-1"
"L2","GTCGTGTCTGGTCATC-1"
"L2","GTCGTTATTCGCTTAT-1"
"L3","GTCTACTCAATTACAA-1"
"L3","GTCTAGTGAGCCGCTT-1"
"L6","GTCTATACACGCATGG-1"
"L3","GTCTATCTGAGTTTCT-1"
"L3","GTCTATTGCATGCTCG-1"
"L2","GTCTATTGGTTCCGGT-1"
"L3","GTCTCAAGGCCCGGCT-1"
"L3","GTCTCCCGAGTCCCGT-1"
"L5","GTCTCCGCCTCAATAC-1"
"L6","GTCTCCTGCCAGTATG-1"
"L3","GTCTCGACTAAGTTTG-1"
"L2","GTCTCGATCTGCTTTC-1"
"L4","GTCTGCCGACTCGACG-1"
"L3","GTCTGGGCGGTCGAGA-1"
"L6","GTCTGTAGGTTGAACA-1"
"L3","GTCTTACCACGCCAAG-1"
"L3","GTCTTAGTACAGCCGG-1"
"L3","GTCTTCCTCACCTAAG-1"
"L1","GTCTTGAGGAGCAGTG-1"
"L1","GTCTTGTAGCTATTCA-1"
"L2","GTGAAACGGCGCCACC-1"
"L2","GTGAAACGTGCTCCAC-1"
"L2","GTGAACTCCCATTCGA-1"
"L3","GTGAAGATTTCAAGTG-1"
"L3","GTGAAGCCGTATAGTC-1"
"L5","GTGAAGTCACGACTCG-1"
"L3","GTGACAGCTTCCCACT-1"
"L1","GTGACCGCACACTACG-1"
"L2","GTGACCTAAAGAATAA-1"
"L2","GTGACGAGGGTGACCC-1"
"L3","GTGACGCAGGTTTCAT-1"
"L3","GTGACTTCAGTAGTGC-1"
"L6","GTGAGATAACCTTATA-1"
"L2","GTGAGCGTGCTGCACT-1"
"L1","GTGAGGACACTTAAGG-1"
"L3","GTGAGGAGCGGTTGAG-1"
"L3","GTGAGTCGACTAATAG-1"
"L2","GTGAGTCTAAGACGGA-1"
"L3","GTGAGTGGTACAACGC-1"
"L6","GTGATCAAGCGTGCAC-1"
"L1","GTGATCACTAACGCCT-1"
"L3","GTGATCATAGATCTGC-1"
"L3","GTGATCCTTGTCATGA-1"
"L3","GTGATGCACAACATCT-1"
"L3","GTGATTCGCCGCTCAA-1"
"L2","GTGCAACAAATGTGGC-1"
"L5","GTGCACCAGCTTCAAC-1"
"L2","GTGCACGAAAGTGACT-1"
"L1","GTGCAGCGTAGAGTAG-1"
"WM","GTGCCAAACGTTTCGA-1"
"L3","GTGCCATCACACGGTG-1"
"L1","GTGCCCGTTCGGATTC-1"
"L3","GTGCCGCTTCAAAGGT-1"
"L1","GTGCCTAGCTATGCTT-1"
"L3","GTGCCTCAGTGTACGG-1"
"L3","GTGCCTGAGACCAAAC-1"
"L3","GTGCGAAATCGAACAC-1"
"L1","GTGCGACAGGGAGTGT-1"
"L3","GTGCGCAGCTTGCTCC-1"
NA,"GTGCGCTTACAAATGA-1"
"L3","GTGCGGGACCATCGGC-1"
"L1","GTGCGGGTCTCCAAAT-1"
"L1","GTGCGTGTATATGAGC-1"
"L5","GTGCTATCCAGCTGGA-1"
"L1","GTGCTCAAGTACTGTC-1"
"L3","GTGCTGCAGATAAGGA-1"
"L5","GTGCTGTTAGAACATA-1"
"L1","GTGCTTACATCAGCGC-1"
"L3","GTGGAACCTACATGCG-1"
"L3","GTGGACCAACCCGATT-1"
"L3","GTGGACGCATTTGTCC-1"
"L1","GTGGACGTGCTGAGAC-1"
"L2","GTGGAGCATGTCGGCC-1"
"L5","GTGGAGCGTTTACCGA-1"
"L4","GTGGAGTCGGCGGTTG-1"
"L4","GTGGCAAACAGCGGCA-1"
"WM","GTGGCCGGTTTCTCGG-1"
"L3","GTGGCCTAATATCATT-1"
"L3","GTGGCGGTCCCAGCGT-1"
"L3","GTGGCTGTTTCTGTTC-1"
"L6","GTGGGAACAAACCGGG-1"
"L4","GTGGGAAGACTGAATC-1"
"L1","GTGGGCTTAGACACAC-1"
"L5","GTGGGTACTGAGCGTA-1"
"L4","GTGGTATAGTCTGCCG-1"
"L3","GTGGTCAGCGAAGTAT-1"
"L1","GTGGTGATGGTTTGTG-1"
"L2","GTGGTGGCCAAGTGAA-1"
"L1","GTGGTTACTTCTTTCG-1"
"L3","GTGGTTTCCGCCTTTC-1"
"L1","GTGTACCTTGGCTACG-1"
"L1","GTGTACGAACCGTTCC-1"
"L3","GTGTATATCAGCGGGC-1"
"L3","GTGTATGACTTTAAAG-1"
"L5","GTGTCAGTGTACGTGG-1"
"L3","GTGTCCGATAAGGCAT-1"
"L3","GTGTCGTATAGCGTTC-1"
"L1","GTGTGAATAACTTAGG-1"
"L1","GTGTGTCGACGTCGCT-1"
"L2","GTGTTACTATGCGTCC-1"
"L2","GTTAAAGTAGGACTGG-1"
"L3","GTTAACATCACTTAAA-1"
"L1","GTTAACTATGTTGTCA-1"
"L3","GTTAAGGGTGCGATGT-1"
"L1","GTTAAGTTAGAGTGGG-1"
"L3","GTTAATAGCGTCATTA-1"
"L3","GTTAATGTCTATCTTA-1"
"L3","GTTACAATTGGTGACG-1"
"L3","GTTACCAAGGCGTACG-1"
"L3","GTTACCTACAACTTGC-1"
"L3","GTTACTTTGGGCCTAG-1"
"L3","GTTAGAGTGTGCCGCT-1"
"L4","GTTAGCCCATGACATC-1"
"L2","GTTAGCCGTAAATCAA-1"
"L5","GTTAGGCTACCCGTTT-1"
"L2","GTTATAATACGGTGAA-1"
"L3","GTTATATCAGGAGCCA-1"
"L3","GTTATATTATCTCCCT-1"
"L3","GTTATCAAGCTATCGA-1"
"L3","GTTATCACCTTCTGAA-1"
"L3","GTTATTAAATACGACC-1"
"L1","GTTATTAACGTGGGAG-1"
"L2","GTTCAAATCAGATGTC-1"
"L3","GTTCAATCTATGTCAA-1"
"L2","GTTCACAGGAGTCTAG-1"
"L5","GTTCAGTCGCCAAATG-1"
"L1","GTTCATCGTTTGGCTG-1"
"L1","GTTCCAGTCTGACCAT-1"
"L3","GTTCCCGTAAACATAT-1"
"L6","GTTCCGTCCGCCTGCA-1"
"L6","GTTCGACAATTGTATA-1"
"L2","GTTCGCCATAAGTGCC-1"
"L2","GTTCGCTGAGACGTCT-1"
"L3","GTTCGGAGCACTCAAC-1"
"L1","GTTCGGATCGGGAACA-1"
"L1","GTTCGGGCGTACCATT-1"
"L2","GTTCGTCTAAAGAACT-1"
"L3","GTTCGTCTGGGTCCCT-1"
"L2","GTTCTTCCCTCGATGT-1"
"L5","GTTCTTGTAACTCAAT-1"
"L3","GTTGAACCGGTTCCAT-1"
"L3","GTTGAGTCCCGCCGGT-1"
"L1","GTTGCACGGAGTTTCG-1"
"L3","GTTGCAGTCGACAACA-1"
"WM","GTTGCCCTAACGGGTG-1"
"L1","GTTGCGCTAACATTAC-1"
"L1","GTTGCGGACGGTCAGG-1"
"L3","GTTGGACCGCATCAGG-1"
"L3","GTTGGATTCAGTGGCT-1"
"L1","GTTGGATTGAGAACAC-1"
"L2","GTTGGATTTGCGTTGG-1"
"L3","GTTGGTCATGCTATCC-1"
"L5","GTTGTAGATTTATGAG-1"
"L1","GTTGTCGTGTTAGTTG-1"
"L3","GTTGTTACATTGCGCT-1"
"L3","GTTGTTGCAAGATGGC-1"
"L3","GTTTACGTTCCATCTG-1"
"L1","GTTTATGGGATTTAGA-1"
"L3","GTTTCAAACGAGTTGT-1"
"L3","GTTTCATATCGTCGCT-1"
"L1","GTTTCCTGGAGGGTGA-1"
"L3","GTTTCTAGAGGCGCGG-1"
"L2","GTTTCTGCAGTCTCCC-1"
"L1","GTTTGACCAAATCCTA-1"
NA,"GTTTGAGCGGTTATGT-1"
"L1","GTTTGGCCCAAGTTAT-1"
"L1","GTTTGGCCGCTCAGCG-1"
"L3","GTTTGGGCTTGTGAGC-1"
"L3","GTTTGGGTTTCGCCCG-1"
"L3","GTTTGGTAGGGTCAAC-1"
"L5","GTTTGGTGATCGGTGC-1"
"L5","GTTTGTTAGCCAAGTA-1"
"L4","TAAACCCAGGAGGGCA-1"
"L1","TAAACGTCGTCAATGA-1"
"L1","TAAAGACAACCCTTTA-1"
"L2","TAAAGAGCCCGAAACC-1"
"L4","TAAAGCGGTATTTCCA-1"
"L1","TAAAGCGTTAGGAGAA-1"
"L3","TAAAGCTGCAATAGGG-1"
"L6","TAAAGTGCACGTCTCG-1"
"L3","TAAATCTTTACACCTC-1"
"L1","TAAATGAATCCGTTTC-1"
"L3","TAAATGCCGTCTCATG-1"
"L3","TAAATGGGCTACTGAG-1"
"L5","TAAATTGTGGGTAAAG-1"
"L6","TAAATTTAGTAACACC-1"
"L1","TAACAAAGGGAGAAGC-1"
"L2","TAACAATATTTGTTGC-1"
"L5","TAACAGCGTTTGTGCT-1"
"L5","TAACAGGTTCCCTTAG-1"
"L1","TAACATACAATGTGGG-1"
"L5","TAACATACACGCGATC-1"
"L3","TAACCGCCCGCAGTGC-1"
"L1","TAACCTACCGTCCGAG-1"
"L3","TAACCTAGGGAGTCCA-1"
"L1","TAACGCTTTGAGAGCG-1"
"L1","TAACTATCGAAGGTCC-1"
"L2","TAACTATTACGCCAAA-1"
"L3","TAACTCATCCGCGCGG-1"
"L1","TAACTCCATGGAGGCT-1"
"WM","TAACTGAAATACGCCT-1"
"L6","TAAGAGGGACAGGGAC-1"
"L3","TAAGATTTAGCGGGAG-1"
"L3","TAAGCAGGCGACACGC-1"
"L3","TAAGCCCTTACGACCA-1"
"L6","TAAGCGCGAATCAAAT-1"
"L1","TAAGGAACTTGTGGGA-1"
"L1","TAAGGCAACATAAGAT-1"
"L4","TAAGGCATAACATCAA-1"
"L3","TAAGGCCCGTCACCCT-1"
"L1","TAAGGCTGAATCCCTC-1"
"L3","TAAGGGCCTGTCCGAT-1"
"L3","TAAGGGCTGGGAGAGG-1"
"L3","TAAGTAAATGTGCCGC-1"
"L3","TAAGTAACATCTTGAC-1"
"L4","TAAGTCGCCGAGTATC-1"
"L3","TAAGTCGGTGAGCTAG-1"
"WM","TAAGTGAATAGTCTAC-1"
"L2","TAAGTTGCGACGTAGG-1"
"L3","TAATAAACAAGGAGAT-1"
"L1","TAATACACAGTAGTAT-1"
"L4","TAATACTAGAACAGAC-1"
"L3","TAATAGAACAGAGTTA-1"
"L3","TAATAGCTAAATGATG-1"
"L5","TAATAGGTCACCAGAA-1"
"L1","TAATAGTGACGACCAG-1"
"L1","TAATATTGAAATTCGC-1"
"L1","TAATCAACCAAATGGG-1"
"L2","TAATCGATCCGTACGT-1"
"L2","TAATGAAAGACCCTTG-1"
"WM","TAATGTCGGTTCATGG-1"
"L3","TAATTACGTCAGTAGA-1"
"L2","TAATTAGATGGATATG-1"
"L1","TAATTAGGACATCCGT-1"
"L3","TAATTCCAATGCTTCA-1"
"L3","TAATTGGAATCGGGAA-1"
"L4","TAATTTCCGTCCAGTA-1"
"L3","TACAAATTGCGGAGGT-1"
"L3","TACAACAGCGCATACA-1"
"L3","TACAACGCACAACTCA-1"
NA,"TACAAGCTGTTCACTG-1"
"L3","TACAAGGGCTTCTTTA-1"
"L2","TACAAGTCTCGTGCAT-1"
NA,"TACAATGAAACCAGCA-1"
"L4","TACACAGCCGTGGTGC-1"
"L3","TACACCGTCGTTAGTC-1"
"L3","TACACCTCTTCGAATC-1"
"L3","TACAGAAACGGTGGGC-1"
"L2","TACATAGGCATACACC-1"
"L4","TACATCCCTATCCCTG-1"
"L1","TACATCTTGTTTCTTG-1"
"L2","TACATGACCTTATCCG-1"
"L2","TACATGCCGGAATTGT-1"
"L2","TACATTTCTAACGTGC-1"
"L3","TACCAAATAGCCCAGA-1"
"L3","TACCAATAAAGTACCA-1"
"L3","TACCAGAAGTAGGTTC-1"
"L3","TACCAGCTAGGTTTAA-1"
"L6","TACCAGGAATCCCGTC-1"
"L1","TACCATGTATTGATTT-1"
"L3","TACCCTCGGTAACCCT-1"
"L3","TACCGAATAATTGTAA-1"
"L1","TACCGCGGACTTGCAG-1"
"L3","TACCGGCTCACTGCCC-1"
"L3","TACCGGTCGTTTCCAT-1"
"L3","TACCGTAGGTTAACTA-1"
"L3","TACCGTGCCTCGGACC-1"
"L3","TACCTACTCCCAGTAT-1"
"L4","TACCTATCCCTAGAGG-1"
"L3","TACCTCACCAATTGTA-1"
"L2","TACCTCACGCTTGTAC-1"
"L4","TACCTCAGTTGTCTGT-1"
"L6","TACCTCCACACCAATG-1"
"L3","TACCTCTTTACCATCC-1"
"L2","TACCTGCTGCACTGTG-1"
"L3","TACCTTAAGATTTCCC-1"
"L1","TACGAACACGACTTCA-1"
"L3","TACGACGCTTGCTGCG-1"
"L2","TACGACTGCCTCTTAG-1"
"L2","TACGAGAACTTCACGT-1"
"L2","TACGATGTTGATCATC-1"
"L3","TACGCAGTTCTTTCCT-1"
"L2","TACGCCATATTCTAAT-1"
"L4","TACGCCGAGGGTACCC-1"
"L1","TACGCCGCCTCAGAAG-1"
"L3","TACGCCTCCATTCCGA-1"
"L1","TACGCTATAGAAACCT-1"
"L6","TACGCTCCTAGAACTG-1"
"L3","TACGCTCGGTATTGGA-1"
"WM","TACGCTGATAGTTGTA-1"
"L3","TACGCTGCACGGTCGT-1"
"L6","TACGCTGCTGTGTTAA-1"
"L4","TACGGAAGCCAAACCA-1"
"L3","TACGGCATGGACGCTA-1"
"L2","TACGGGATGCTAGCAG-1"
"L4","TACGGGTAATAACATA-1"
"L3","TACGTAAAGCGGAGTG-1"
"L5","TACGTACTAGTGCTGA-1"
"L2","TACGTGCAAGGTTCCT-1"
"L1","TACGTGCACTATGCTG-1"
"L4","TACGTGGGCCCAGGGC-1"
"L3","TACGTTTACCGGCAAT-1"
"L4","TACTACGTGCAATGCG-1"
"L4","TACTATGGTTCCTCAG-1"
"L3","TACTCATTGACGCATC-1"
"L5","TACTCCTCTAGTTGAC-1"
"L3","TACTCGGCACGCCGGG-1"
"L4","TACTCGTTTGAATCAA-1"
"L2","TACTCTCCGAACAAAT-1"
"L3","TACTCTTACTTTACTG-1"
"L4","TACTCTTTCGTCTTCA-1"
"L4","TACTGAACAGATTTAG-1"
"WM","TACTGAGGGAAGAAAG-1"
"L3","TACTGCAATCAATTAC-1"
"L6","TACTGCATGATTAAAT-1"
"L3","TACTGGACAGCTCGGC-1"
"L1","TACTGTTTCTCTGGTA-1"
"L3","TACTTAAACATGTACA-1"
"L1","TACTTGTTAGTAGTCC-1"
"L1","TACTTTACTGAGCCGG-1"
"L4","TACTTTCCGCACGCCA-1"
"L1","TAGAAACACAATAGTG-1"
"L3","TAGAAACCACTAAGTA-1"
"L1","TAGAAAGGTGGCGCTA-1"
"L3","TAGAAATTCACGTATA-1"
"L3","TAGAAGAAGGGTTACA-1"
"L3","TAGAATAGCCGATGAA-1"
"L3","TAGAATTAAGGGCAAC-1"
"L3","TAGACGAAACGCCAAT-1"
"L1","TAGACGCCCGTACCGG-1"
"L1","TAGACTACCTAGCGTT-1"
"WM","TAGACTCAGTTGGCCT-1"
"L3","TAGAGATCATGCAACT-1"
"L2","TAGAGCTACGAAGAAC-1"
"L5","TAGAGGGAGTTTATCT-1"
"L3","TAGAGGTTCTACTTGT-1"
"L1","TAGAGTCTAAGCGAAC-1"
"L3","TAGAGTGTTCCGGGTA-1"
"L3","TAGATATGGACTGGAA-1"
"L3","TAGATCCGAAGTCGCA-1"
"L3","TAGATGGTTCCTTACT-1"
"L6","TAGATTCAAAGTGCGG-1"
"L3","TAGATTCCTGGTTATT-1"
"L3","TAGATTCTCTAGCAAA-1"
"L1","TAGCAACCTGTCACAA-1"
"L3","TAGCAGATACTTAGGG-1"
"L3","TAGCAGTATGACTAAA-1"
"L1","TAGCCATTTCAAAGTC-1"
"L1","TAGCCGGCGGTCAGCG-1"
"L1","TAGCGTCCCTCGATTG-1"
"L3","TAGCGTCCGGTGTGGT-1"
"L3","TAGCGTCGAATATTGA-1"
"L1","TAGCGTTGGGTCTTAC-1"
"L1","TAGCTAAGTCCGGGAG-1"
"L3","TAGCTAGAAGGCATGA-1"
"L4","TAGCTAGTGATGATGG-1"
"L3","TAGCTCACTGTGTTTG-1"
"L3","TAGCTCGCCTGATAAC-1"
"L4","TAGCTGATGTGAAGCG-1"
"L3","TAGGAACAGCCTCCAG-1"
"L3","TAGGAGGCTCGAGAAC-1"
"L5","TAGGATCTTAACCGCA-1"
"L2","TAGGCATGTTACGCCA-1"
"L3","TAGGCCTATATAGTCT-1"
"L5","TAGGCGATGAGGTCTC-1"
"WM","TAGGCGGCTGCAAAGA-1"
"L3","TAGGCTAAAGTGGCAC-1"
"L1","TAGGGAGCTTGGGATG-1"
"L1","TAGGGTGTTTCAAGAG-1"
"L2","TAGGTCCAAGTAAGGA-1"
"L1","TAGGTCGCCGGAACTG-1"
"L3","TAGGTGACGATAACCT-1"
"L1","TAGGTGAGCCCTACTC-1"
"L1","TAGGTGCTCGCCTAGC-1"
"L3","TAGGTGTTCCACAGAT-1"
"L1","TAGGTTCGAGTTCGTC-1"
"L5","TAGGTTCTGCTGAGAA-1"
"WM","TAGTACCACAACTTTC-1"
"L1","TAGTACCTTAGTGGTC-1"
"L4","TAGTAGCTTATACCAG-1"
"L5","TAGTAGTTGCCGGACA-1"
"L5","TAGTCCCGGAGACCAC-1"
"L2","TAGTCCGCAGAGAATG-1"
"L1","TAGTCCGTATGCATAA-1"
"L6","TAGTCCTGCACTAAGC-1"
"L1","TAGTCGATCACGGGTT-1"
"L1","TAGTCGGGATTCTTCG-1"
"L3","TAGTCTAACAACGAGA-1"
"L6","TAGTCTGCGGCACATT-1"
"L3","TAGTCTGTGACGTTGC-1"
"L1","TAGTCTTTCCGAATTG-1"
"L3","TAGTGACAAGCTCTAC-1"
"L1","TAGTGCCCTCCAGAGT-1"
"L3","TAGTGGAACTCATACA-1"
"L1","TAGTGTCAGAAACGGC-1"
"L3","TAGTTAAGATAGGATA-1"
"L2","TAGTTTATTCTTGCTT-1"
"L1","TATAAATCCACAAGCT-1"
"L1","TATAAGTGAGGATAGC-1"
"L3","TATACACAGACGCCTT-1"
"L1","TATACACGCAAAGTAT-1"
"L1","TATACCGAGTGCCACA-1"
"L3","TATACGCGTCATCACT-1"
"L1","TATACTCATGCGGCAA-1"
"L5","TATAGAGTCGCTTGAA-1"
"L1","TATAGATGGTCGCAGT-1"
"L5","TATAGCGCACGTTATC-1"
"L3","TATAGGGTACTCATGA-1"
"WM","TATAGTTAGGTGTACT-1"
"L5","TATATAGGGCTTTACG-1"
"L5","TATATATCGAGAAATG-1"
"L6","TATATCAAAGTGATCT-1"
"L3","TATATCATTGATCAGT-1"
"L1","TATATCCCTGGGAGGA-1"
"L1","TATATGCTGGGTTGCC-1"
"L3","TATATTACAAATGTCG-1"
"L3","TATATTCGCGTCGATA-1"
"L2","TATCAAAGGTCTGTAA-1"
"L3","TATCACAGCACGGGCA-1"
"L3","TATCACCATGTAAAGT-1"
"L2","TATCACCCAACCGACC-1"
"L3","TATCACTTCGAGTAAC-1"
"L5","TATCAGTGGCGTAGTC-1"
"L3","TATCCAATTGGTTATC-1"
"L1","TATCCATATCATGCGA-1"
"L6","TATCCATCTCGGTTAG-1"
"L4","TATCCCTCGATCTGCA-1"
"L4","TATCCGCACCGTCGGG-1"
"L5","TATCCTATCAACTGGT-1"
"L2","TATCCTGCATGGGAAT-1"
"L2","TATCGATCTATGCATA-1"
"L1","TATCGATGATTAAACG-1"
"L2","TATCTACAGAGGTAAT-1"
"L2","TATCTACCACAGCGGG-1"
"L3","TATCTAGCCTAAAGGA-1"
"WM","TATCTGAGCCGATATT-1"
"L5","TATCTTGCAATACAAC-1"
"L3","TATGAAGAATTAAGGT-1"
"L2","TATGAAGACAGGTGCG-1"
"L5","TATGACCTTGCGCTGG-1"
"L3","TATGATAAATCTAACG-1"
"L3","TATGATCCGGCACGCC-1"
"L3","TATGATCTTCTCTTTA-1"
"L3","TATGATTCTGCTTGGT-1"
"L1","TATGCTCCCTACTTAC-1"
"L2","TATGGAGTTTCTCGTT-1"
"L1","TATGGATGTGCTACGC-1"
"L2","TATGGCCCGGCCTCGC-1"
"L3","TATGGCTAGGCTAATT-1"
"L2","TATGGGACCGAGCAGG-1"
"L1","TATGGGTACGTATCGT-1"
"L2","TATGGTCTGAGTAACA-1"
"L1","TATGGTTAGTGGGAGA-1"
"L5","TATGTAAAGTGCTTAA-1"
"WM","TATGTAGAAACCCGGC-1"
"L3","TATGTCAAGACCGACT-1"
"L1","TATGTCTCATTGTGCC-1"
"L5","TATTAACACCAAAGCA-1"
"L4","TATTAACCTGACCGCG-1"
"L1","TATTACCATCCTGCTT-1"
"L5","TATTATGTTTGCCTGC-1"
"L1","TATTCAATTCTAATCC-1"
"L3","TATTCCACTCAGCTCG-1"
"L3","TATTCCGAGCTGTTAT-1"
"L3","TATTCCGGCAGTCCTA-1"
"L3","TATTCCTCCGCCCACT-1"
"L1","TATTCGTGCCAGAATA-1"
"L1","TATTGACATTTCTGCC-1"
"L3","TATTGCCGGGCTTGTA-1"
"L1","TATTTAGTCTAGATCG-1"
"L3","TATTTATACCGAGTAG-1"
"L2","TATTTGATTTGCACAG-1"
"L1","TATTTGTTACCCTTTA-1"
"L1","TCAAACAACCGCGTCG-1"
"L1","TCAAACTTAGATTGTT-1"
"L5","TCAAAGAGCTATCTGT-1"
"WM","TCAAAGTCACGGCGTC-1"
"L3","TCAAATTATGTTCGAC-1"
"L4","TCAAATTGTTGTGCCG-1"
"L3","TCAAATTTGAGACTCA-1"
"L4","TCAACAAAGATAATTC-1"
"L2","TCAACACATTGGGTAA-1"
"L4","TCAACATAGCGCCCTA-1"
"L3","TCAACATCGACCGAGA-1"
"L1","TCAACCATGTTCGGGC-1"
"L2","TCAACGAGGAGACAAA-1"
"L3","TCAACGCAGGAAATAA-1"
"L3","TCAACGCGACCGGCAG-1"
"L2","TCAACTAACGTATAAC-1"
"L2","TCAACTGCAGAGTCAG-1"
"L1","TCAAGAAATACTAGCT-1"
"L3","TCAAGCGCGGACGGTA-1"
"L3","TCAAGCTGCCTTGAAA-1"
"L1","TCAAGGTTACTACACC-1"
"L3","TCAATACAATTGCTGC-1"
"L4","TCAATACGCCGTCATG-1"
"L3","TCAATATACAGGAGGC-1"
"L3","TCAATCCCGCGCCAAA-1"
"L3","TCAATCCGGGAAGTTT-1"
"L3","TCACAAACCGAGGTAC-1"
"L1","TCACAGATCCTCAAAC-1"
"L3","TCACAGCAAACTCGAA-1"
"L3","TCACAGGAGAATAAGA-1"
"L2","TCACAGGGAATCGCAA-1"
"L1","TCACAGGTTATTGGGC-1"
"L2","TCACATCTTATCTGAT-1"
"L3","TCACCCTCTTAAGATT-1"
"L1","TCACCGCTCGGCACTC-1"
"L4","TCACGATGTCCGTGGA-1"
"L1","TCACGCATTGTAGATC-1"
"WM","TCACGGCCCAAGAGAG-1"
"L1","TCACGGTCATCGCACA-1"
"L2","TCACGTGCCCGATTCA-1"
"L3","TCACTACGACCAATGC-1"
"L3","TCACTATCCCTTCGGT-1"
"L3","TCACTATCGTGCAATC-1"
NA,"TCACTCAGCGCATTAG-1"
"L3","TCACTCGTGCAACGGC-1"
"L1","TCACTCTTCGTCTGTC-1"
"L2","TCAGAACCTCCACAGG-1"
"L4","TCAGAACGGCGGTAAT-1"
"L3","TCAGACGCTATAGAAG-1"
"L4","TCAGAGGACGCGTTAG-1"
"L3","TCAGAGTGTGAGCATG-1"
"L3","TCAGATGGAGACGTAG-1"
"L1","TCAGCAAATGCATCTC-1"
"L4","TCAGCAGTAGGCCCTG-1"
"L3","TCAGCCAATCCGTAAA-1"
"L4","TCAGCGCACGCCGTTT-1"
"WM","TCAGCTTGAGCTTTCG-1"
"L2","TCAGGGCGACTTCCTT-1"
"L1","TCAGGGCGCAAACTCG-1"
"L3","TCAGGGTGCACGAAAC-1"
"L1","TCAGGGTGTAACGTAA-1"
"L1","TCAGGTTCTTTGAGAA-1"
"L1","TCAGTACTGACCCGCG-1"
"L3","TCAGTAGGGACTATAA-1"
"L4","TCAGTGTATACGTCAT-1"
"L3","TCAGTTACGGAATGAT-1"
"L3","TCATAAGTCCAAGAAG-1"
"L1","TCATACTTACAGATCC-1"
"L4","TCATATGAGCTTTGTT-1"
"L1","TCATCACTCGAGCTCG-1"
"WM","TCATCCATCTGATCAC-1"
"L3","TCATCCCAGAGGGTGG-1"
"L3","TCATCCTCAGCTGCTT-1"
"L4","TCATCGACGACCGTCG-1"
"L5","TCATCGATGGTCCCAA-1"
"WM","TCATGAAGCGCTGCAT-1"
"L3","TCATGCAGGTTCTCAT-1"
"L3","TCATGGAGGCCTTTGT-1"
"L1","TCATTTAAGTCTCCGA-1"
"L2","TCATTTAGAAGTGTGA-1"
"L3","TCCAACTCAGCTATCT-1"
"L3","TCCAACTTTAAATTCT-1"
"L3","TCCAAGCCTAGACACA-1"
"L4","TCCAATAAAGGCTACC-1"
"L1","TCCACAATGGTTTACG-1"
"L4","TCCACATCGTATATTG-1"
"L3","TCCACCAAGACATAGG-1"
"L4","TCCACCTCTAGCCTTT-1"
"L1","TCCACTTTATCTAGGT-1"
"L2","TCCAGAGCACCGGTTC-1"
"L3","TCCAGATGTACGCCAA-1"
"L1","TCCAGCGCTATAAGCG-1"
"L5","TCCAGGCAGGACGATC-1"
"L1","TCCAGGCGAGTACGGT-1"
"L3","TCCAGGGTATATACGA-1"
"WM","TCCATCAATACTAATC-1"
"L2","TCCATTAGTTGGATAG-1"
"L3","TCCATTCCCACTAGAG-1"
"L3","TCCATTGTGACCTCGT-1"
"L3","TCCCAAACAGACAACG-1"
"WM","TCCCAAACATCCTCTA-1"
"L1","TCCCAAAGACGAAGGA-1"
"L1","TCCCAAAGCCCTAAAT-1"
"L3","TCCCAATATCGACGAC-1"
"L2","TCCCACTCTCTTCCGG-1"
"L2","TCCCAGCACACGACAT-1"
"L1","TCCCAGCTTTAGTCTG-1"
"L1","TCCCAGGCTTAGCTAA-1"
"L2","TCCCGCCTATGTGCGT-1"
"L1","TCCCGCGTACTCCTGG-1"
"L2","TCCCGGGTGTGCTGCT-1"
"L2","TCCCGGTCAGGAATTT-1"
"L1","TCCCGTCAGTCCCGCA-1"
"L2","TCCCGTCGCGTCATAG-1"
"L2","TCCCGTGTGCAATTTG-1"
"L2","TCCCTAGATCAATAGG-1"
"L3","TCCCTCTTCTCAAGGG-1"
"L5","TCCCTGGCGTATTAAC-1"
"L2","TCCCTGGCTCGCTGGA-1"
"L3","TCCCTTAGATTACTCG-1"
"L3","TCCCTTGTCTGAAACT-1"
"L1","TCCGAACGTTGCCGCT-1"
"L3","TCCGAACTTGGCTTAC-1"
"L3","TCCGAAGTAGTCACCA-1"
"L2","TCCGAATGGTCCTGAG-1"
"L6","TCCGACCGCTAATCAA-1"
"L3","TCCGAGAAGGCTAAGC-1"
"L2","TCCGATAATTGCCATA-1"
"L1","TCCGATGACTGAGCTC-1"
"L1","TCCGATGGTGCGACAT-1"
"L2","TCCGATTACATTGCCG-1"
"L1","TCCGCAGCCACCTAGC-1"
"L3","TCCGCCTGTCTACAAG-1"
"L1","TCCGCGGCAGCATCTG-1"
"L2","TCCGCGGCCCAATGAA-1"
"L2","TCCGCTGTCATCCCGG-1"
"L3","TCCGCTTATCCCATTA-1"
"L3","TCCGGAGGAAGGGCTG-1"
"L2","TCCGGCCTAGCGTACA-1"
"L3","TCCGGCCTGCATCGAT-1"
"L3","TCCGGCTGTCGGGTCG-1"
"L3","TCCGGGCCACTAACGG-1"
"L3","TCCGGGCTTGACGGGA-1"
"L3","TCCGGTTCGTCCGGTC-1"
"L1","TCCGTAACCACAATCC-1"
"L2","TCCGTTAAGCTAATAT-1"
"L1","TCCGTTTAGCCTTGAA-1"
"L3","TCCTAAAGATTCAGAC-1"
"L3","TCCTAAATTGGGAAGC-1"
"L4","TCCTAACCGTCGGGCA-1"
"L2","TCCTACATCCACGGCC-1"
"L3","TCCTAGCAAAGAAGCT-1"
"L1","TCCTATCATAGGTAAC-1"
"L4","TCCTCCTAAGACATTC-1"
"L1","TCCTCGGGCTGGGCTT-1"
"L1","TCCTCTACGAGATGGC-1"
"L2","TCCTCTCCAGTTGTCC-1"
"L3","TCCTCTGGCCCATTAG-1"
"L5","TCCTGCAGCCGCCAAT-1"
"L3","TCCTGCCAACTGGAGA-1"
"L3","TCCTGCGTTGATACTC-1"
"L3","TCCTGGCGCTGCCTGG-1"
"L2","TCCTTACGACGGTCCG-1"
"L4","TCCTTCAATCCCTACG-1"
"L3","TCCTTCAGTGGTCGAA-1"
"L4","TCCTTGTCCTTTAATT-1"
"L3","TCCTTTAAATCCGCTT-1"
"L1","TCCTTTCTTACGCTTA-1"
"L1","TCGAAATTTAGGACCA-1"
"L1","TCGAAGAACCGAGCAC-1"
"L5","TCGAATATCCCGCAGG-1"
"L6","TCGAATCGCAGGGTAG-1"
"L5","TCGACAACTGAACCCG-1"
"WM","TCGACATAGCGTAGCG-1"
"L3","TCGACTGACGATGGCT-1"
"L2","TCGAGACCAACACCGT-1"
"L4","TCGAGCCAGGCAGGCC-1"
"L2","TCGAGGGCAACAGACG-1"
"L6","TCGAGTCTACGATTCG-1"
"L3","TCGATAGGCTAGTCGC-1"
"L5","TCGATTTACGAAACGA-1"
"L2","TCGCAAAGATGCATTT-1"
"L3","TCGCACCAGGAGGCAG-1"
"L1","TCGCACTAACGTTTGT-1"
"L3","TCGCATAAAGGGCGCA-1"
"L1","TCGCATCCCTAAGTGT-1"
"L2","TCGCATTCAATGACTT-1"
"WM","TCGCCACCCGGATTAC-1"
"L3","TCGCCCACTGCGAGAG-1"
"L3","TCGCCGAAGTTGCGTC-1"
"L3","TCGCCGACATATTCGC-1"
"L5","TCGCCGCACCGCGTGA-1"
"L2","TCGCCGGATGGGCAAG-1"
"L1","TCGCCGGTCGATCCGT-1"
"L4","TCGCCTCCTTCGGCTC-1"
"L3","TCGCGTAGCAGTGTCC-1"
"L2","TCGCGTCCAGAAGGTC-1"
"L3","TCGCTAAACCGCTATC-1"
"L4","TCGCTACTGGCTTTGA-1"
"L1","TCGCTCGATATATTCC-1"
"L3","TCGCTCGGCACCAGCG-1"
"L4","TCGCTGCCAATGCTGT-1"
"L1","TCGCTGGGCGGATTGT-1"
"L1","TCGCTGTGCGTAAATC-1"
"L3","TCGCTTAATTACGAAG-1"
"L2","TCGCTTTAAACGTTTG-1"
"L3","TCGGAATGACCATCAA-1"
"L2","TCGGAATGCGCTCTGA-1"
"L1","TCGGACGCCCAGCCCA-1"
"L3","TCGGAGAGTATCGGGA-1"
"L1","TCGGAGTACATGAGTA-1"
"WM","TCGGATCTGGATGACC-1"
"L3","TCGGCAGGGTTAAGGG-1"
"L1","TCGGCGAACCCAAACC-1"
"L5","TCGGCGTACTGCACAA-1"
"L3","TCGGCTAACTTCCCTT-1"
"L3","TCGGCTTGTATCGACG-1"
"L2","TCGGGAACGTGCCTAG-1"
"L3","TCGGGAGACAGCGTAC-1"
"L3","TCGGGATTCAAACATA-1"
NA,"TCGGGCACTTCTGGAT-1"
"L1","TCGGGCCGTCGTGGTA-1"
"L3","TCGGGTGAAACTGCTA-1"
"L5","TCGGTCCCGACAATAG-1"
"L3","TCGGTCCCTGACTCCA-1"
"L3","TCGGTGACCGCTCCGG-1"
"L3","TCGGTTAGCCATGTAG-1"
"L3","TCGTAACTCCCAAGAC-1"
"L1","TCGTAAGACGACATTG-1"
"L3","TCGTAAGCTCCGAGGA-1"
"L5","TCGTACCGACGTCAAG-1"
"L2","TCGTATAGTGCAATTA-1"
"L3","TCGTATTACCCATTGC-1"
"L3","TCGTATTTCGTCCGGA-1"
"L4","TCGTCAAGTACGCGCA-1"
"L2","TCGTCACACTGTTAGC-1"
"L1","TCGTCCGCTGGCGTCT-1"
"L3","TCGTCTTAGGCGTTAA-1"
"L2","TCGTGTACTATGGATG-1"
"L1","TCGTGTATTGGTCACG-1"
"L3","TCGTGTCACGCTGACA-1"
"L3","TCGTGTTCGACCACAA-1"
"L3","TCGTTAGGAGTCCCTA-1"
"L3","TCGTTCGTTATTATGT-1"
"L3","TCGTTGACAGGGTCCC-1"
"L3","TCGTTGCTATCCGGTC-1"
"L2","TCGTTGGCTCGTCAAT-1"
"L3","TCGTTTACGCGACCCT-1"
"L5","TCTAAAGAACAGTCTC-1"
"L3","TCTAACCTAGCCTGCG-1"
"L2","TCTAACTGTATGTAAA-1"
"L5","TCTAATACTGCCTCAG-1"
"L3","TCTACACGTTCATGCA-1"
"L2","TCTACCCAATAGAGAG-1"
"L3","TCTACCCGCATCATTT-1"
"L1","TCTACCGTCCACAAGC-1"
"WM","TCTACGCACGATCTCC-1"
"L3","TCTACGGGCTCAGTTG-1"
"L3","TCTAGCAATCTCCGCC-1"
"L1","TCTAGCATCTTCGATG-1"
"L3","TCTAGCATGCCCAGAA-1"
"L1","TCTAGGTGGCGACGCT-1"
"L1","TCTAGTGATATCGTGG-1"
"L1","TCTAGTTATCAGAAGA-1"
"L3","TCTATAGGTGGGTAAT-1"
"L1","TCTATCATGCAGTTAC-1"
"L4","TCTATCCGATTGCACA-1"
"L1","TCTATCGGTCGCAACA-1"
"L3","TCTATGCTATAACGAC-1"
"L1","TCTATTACGCTGGCGA-1"
"L3","TCTATTACTAGAGGAT-1"
"L3","TCTCAAATCAATCGGG-1"
"L3","TCTCAGGCTACTCGCT-1"
"L2","TCTCATGAGATAGGGT-1"
"L2","TCTCCAACGTAGGTTA-1"
"L3","TCTCCACAAGTTGAAT-1"
"L3","TCTCCCTGGGCAGCGT-1"
"L3","TCTCGAACGAGGTCAC-1"
"L1","TCTCGACGTATCGCCG-1"
"L1","TCTCGAGGAGGTTCGC-1"
"L1","TCTCGGCTCCAGGACT-1"
"L4","TCTCGTGTTACGAGGA-1"
"L1","TCTCTAATAGCTGGTA-1"
"L2","TCTCTCGCCGCACATA-1"
"L5","TCTCTTACCGCGAACC-1"
"L1","TCTGAACCGGTCGGCT-1"
"L1","TCTGAACTCGTACCCG-1"
"L3","TCTGAAGCACGTGGTC-1"
"L1","TCTGAATTCCGTACAA-1"
"L3","TCTGACGGGCTAACCC-1"
"L2","TCTGAGCAATTGACTG-1"
"L2","TCTGATCGGGTGCTAG-1"
"L3","TCTGATGTATTCTGTC-1"
"L2","TCTGATTGGAAATGGA-1"
"L3","TCTGCACCATTAGTAA-1"
"L2","TCTGCAGATTCGAGTC-1"
"L3","TCTGCATACCTTGCTT-1"
"L1","TCTGCCAGAAACTGCA-1"
"L3","TCTGCGAATCGTTCGC-1"
"L1","TCTGCGTCCGGTTTCT-1"
"L1","TCTGCTTAGAACAAGC-1"
"L1","TCTGGAGCGTAAGAGT-1"
"L1","TCTGGCCGTTCAAGTT-1"
"L3","TCTGGCGCAAGCCGGG-1"
"L1","TCTGGGAACCTTTGAA-1"
"L3","TCTGGGTAGCGCTCAT-1"
"L2","TCTGTCATACAAGAGC-1"
"L1","TCTGTGCCATCATAGT-1"
"L3","TCTGTTACCCAGCATA-1"
"L1","TCTTAACTCGGATGTA-1"
"L1","TCTTACAGAGGTACCG-1"
"L2","TCTTACCGGAACTCGT-1"
"L1","TCTTACGGCATCCGAC-1"
"L1","TCTTACTTATGCCTCT-1"
"L1","TCTTAGAGCTCCAATT-1"
"L1","TCTTAGAGTGAACTCT-1"
NA,"TCTTATGGGTAGTACC-1"
"L1","TCTTCCCATGGGCACA-1"
"L1","TCTTCGAATAGACGTT-1"
"L1","TCTTCGATACCAATAA-1"
"L3","TCTTCGCGGTGAGAGG-1"
"L1","TCTTCTATAACCCGCC-1"
"L1","TCTTGATGCGTAGCGA-1"
"L4","TCTTGCTCCCGATACT-1"
"L1","TCTTGGTAACACCAAA-1"
"WM","TCTTGGTCAATGATAC-1"
"L1","TCTTTAAGACTATGAA-1"
"L1","TCTTTAGAGTCTAACA-1"
"L2","TCTTTAGCAGGCGAAC-1"
"WM","TCTTTCATCCGTCCTT-1"
"L2","TCTTTCCTTCGAGATA-1"
"L3","TCTTTCTCTTAAGGAG-1"
"L3","TGAAACTTATGCAAGC-1"
"L1","TGAAAGGACCTGACTC-1"
"L5","TGAACAAGCAGGGACT-1"
"L4","TGAACTGCTATGACTT-1"
"L1","TGAAGAGCGGTCCTAG-1"
"L1","TGAAGTAGCTTACGGA-1"
"L3","TGAATACCGACGCGTA-1"
"L3","TGAATATGCTATAAAC-1"
"L3","TGAATGAGATACAGCA-1"
"L5","TGAATGAGTGTTTCCC-1"
"L1","TGAATGTCAGCCGGCC-1"
"L4","TGAATTTCACTTGCCT-1"
"L1","TGACAACGCATGTCGC-1"
"WM","TGACAACTTAAAGGTG-1"
"L3","TGACACTTCTCTTTGC-1"
"L5","TGACAGGACAAGTCCA-1"
"L3","TGACATATATGACGAT-1"
"L1","TGACATCGAGCGGACC-1"
"L5","TGACATGTAACGTGAC-1"
"L4","TGACCAAATCTTAAAC-1"
"L3","TGACCAGCTTCAAAGT-1"
"L1","TGACCCACGTTAGACA-1"
"L3","TGACGAATATTTCCCT-1"
"L1","TGACGATGCACTAGAA-1"
"L3","TGACTATAATCCTTTC-1"
"L6","TGACTCCGAATCATAC-1"
"L3","TGACTCTAACTGGTAA-1"
"L1","TGAGAATGCTTTACCG-1"
"L3","TGAGACGTACCTCTCA-1"
"L1","TGAGAGATTTACCACG-1"
"L3","TGAGATCAAATACTCA-1"
"L3","TGAGATTAGGCCCTAA-1"
"L3","TGAGCAGTCGTGAAGT-1"
"L3","TGAGCCATACAGTCTC-1"
"L3","TGAGCGGAAAGTGTTC-1"
"L2","TGAGCTCAACTGTATA-1"
"L3","TGAGCTTTAATGACGC-1"
"L3","TGAGGAGTGCCAGCTT-1"
"L6","TGAGGCATGTACTGTG-1"
"L5","TGAGGTGTGTGGCGGA-1"
NA,"TGAGGTTGATCCCAAG-1"
"L3","TGAGTAAATTAGCGTA-1"
"L3","TGAGTGCCTCTTAAAT-1"
"L1","TGAGTGGTCCGTGACG-1"
"L3","TGAGTGTAACAACGGG-1"
"L1","TGAGTTAAAGACATTC-1"
"L4","TGATACATTTAGCCGT-1"
"L2","TGATAGCGGGATTCTA-1"
"L5","TGATCACCACACTGAC-1"
"L3","TGATCAGGGAACTGCT-1"
"L2","TGATCCCAGCATTAGT-1"
"L1","TGATCGGTTTGACCCT-1"
"L3","TGATCTACGCTGATCT-1"
"L3","TGATCTATCACACTCT-1"
"L1","TGATCTCCGGCGCCAG-1"
"L2","TGATGGCTGTTTCTGA-1"
"L3","TGATGTCAATTAAGTG-1"
"L3","TGATTATGGCACGCAG-1"
"L5","TGATTCAGGTCCCGCG-1"
"L4","TGATTCCCGGTTACCT-1"
"L1","TGATTCGTCTATCACT-1"
"L3","TGATTCTGTCGCCGGT-1"
"L3","TGATTTATTAGCTGTG-1"
"L1","TGATTTCCTCCTGACG-1"
"L6","TGCAAACGTACTAGTT-1"
"L5","TGCAAAGTTCGTCTGT-1"
"L3","TGCAACCCATCTGCGG-1"
"L3","TGCAACTACTGGTTGA-1"
"L1","TGCAAGAATGACGTAA-1"
"L3","TGCAATCTAACACGGT-1"
"L3","TGCAATTTGGGCACGG-1"
"L3","TGCACAGTGAAGTTAT-1"
"L3","TGCACGAGTCGGCAGC-1"
"L1","TGCACTATGTGAGTGC-1"
"L3","TGCAGAACTATATCGT-1"
"L2","TGCAGAGTACCGAGCA-1"
"L3","TGCAGATCGTCCTAGG-1"
"L3","TGCAGCTACGTACTTC-1"
"L1","TGCAGGATCGGCAAAG-1"
"L3","TGCAGTGAGGCTCGGG-1"
"WM","TGCAGTGGTAGGGAAC-1"
"L1","TGCAGTTTCCTCCCAT-1"
"L1","TGCATATGTCTGTCAC-1"
"L2","TGCATGGATCGGATCT-1"
"L6","TGCATGTGACCCATAG-1"
"L1","TGCATGTGGTAATCTA-1"
"L3","TGCCAAAGTCAGACTT-1"
"L3","TGCCAATGGGTACTCT-1"
"L4","TGCCACACTAGAGGAA-1"
"L2","TGCCACCTGGCGAAAC-1"
"L3","TGCCAGTACGTGGAGA-1"
"L3","TGCCATGGCTTATAAG-1"
"L2","TGCCATTACTAAAGAA-1"
"L4","TGCCCGATAGTTAGAA-1"
"L2","TGCCCGTACCGTTAAA-1"
"L2","TGCCGAAAGCGTATTC-1"
"L5","TGCCGGATGTACGAGC-1"
"L3","TGCCGTGGATCGTCCT-1"
"L5","TGCCGTGGGACCCAAT-1"
"L6","TGCCGTTCTTAATCGG-1"
"L1","TGCCTAAATTTAATAG-1"
"L2","TGCCTAATTGAAGATT-1"
"L1","TGCCTGACATCGGTCA-1"
"L2","TGCCTGATCAAACGAT-1"
"L3","TGCCTTGGCCAGGCAA-1"
"L4","TGCGAATATGGGATTT-1"
"L3","TGCGACACCCTAGTGC-1"
"L5","TGCGACGGCCGAACGT-1"
"L3","TGCGAGAATATTACCC-1"
"L3","TGCGAGATGGCGGCCA-1"
"L3","TGCGAGCCCTTCCGCG-1"
"L1","TGCGATGCTAATGGCT-1"
"L1","TGCGCAAAGCATTTGG-1"
"L1","TGCGCCGTTAATAACG-1"
"L1","TGCGCGATTAACGGAG-1"
"L4","TGCGGACTTGACTCCG-1"
"L1","TGCGGAGTAAAGGTGC-1"
"L2","TGCGGCATAGTTCAAC-1"
"L3","TGCGGTGAAATTTCAT-1"
"L3","TGCGTAAGAACCTGAT-1"
"L3","TGCGTACGGCTAATTG-1"
"L4","TGCGTCATGACTGAGC-1"
"L1","TGCGTGATTGGGTGTC-1"
"L2","TGCGTTTGTTGACACT-1"
"L3","TGCTAAGTGTCTATTT-1"
"L3","TGCTATACAAACGGAC-1"
"L6","TGCTATGGCAAAGGGA-1"
"WM","TGCTCAAAGGATGCAC-1"
"L1","TGCTCCACAGTTCTTA-1"
"L3","TGCTCGGCGAAACCCA-1"
"L4","TGCTCGGTGGGTCACC-1"
"L3","TGCTCTGCCGGTTCAC-1"
"L4","TGCTCTTGAGAGTTTG-1"
"L1","TGCTGGTTGGACAATT-1"
"L1","TGCTGTTGAAGAACTC-1"
"L5","TGCTTAGAGAGAATGC-1"
"L3","TGCTTCCCAAGCAGTA-1"
"L1","TGCTTGAAACCATGCA-1"
"L3","TGGAACCACTGACACA-1"
"L3","TGGAAGAAGGGAACGT-1"
"L2","TGGAAGACGAACACCA-1"
"L1","TGGAAGGATAAAGATG-1"
"L3","TGGAATATCCTTGACC-1"
"L2","TGGAATTAGACGCTTT-1"
"L1","TGGACACCGTTGCTTG-1"
"L3","TGGACCAATCTAAGAT-1"
"L2","TGGACCACGGCGTTGA-1"
"L5","TGGACGCAATCCAGCC-1"
"L1","TGGACGTAGGCGAATC-1"
"L1","TGGACTGTTCGCTCAA-1"
"L6","TGGAGAATAATCGTCC-1"
"L3","TGGAGCTAAAGTTCCC-1"
"L3","TGGAGGGAAACACCTC-1"
"L1","TGGAGTGATGCGATGA-1"
"L1","TGGATAGAGTAACAGA-1"
"L6","TGGATGGCATCTTGGA-1"
"L3","TGGCAAACTAAATTAC-1"
"L2","TGGCAACTCGCGCGCC-1"
"L5","TGGCAAGCACAAGTCG-1"
"L2","TGGCAATGGGACGGCG-1"
"L3","TGGCACGAGCTCGAGT-1"
"L3","TGGCAGATTACGATCA-1"
"L2","TGGCAGCAGTAATAGT-1"
"L5","TGGCATGAAGTTTGGG-1"
"L1","TGGCCAAACTGAAGTA-1"
"L5","TGGCCAATTTGGTACT-1"
"L1","TGGCCGTATATTGACC-1"
"L3","TGGCGACTGCTCCAAA-1"
"L3","TGGCGATCAAGTTATG-1"
"L3","TGGCGGTGTGCGATTG-1"
"L3","TGGCTACACTCTACCT-1"
"L3","TGGCTATGTGACATAC-1"
"L3","TGGCTCTTGTCGCGTA-1"
"L6","TGGCTTATGTATAATG-1"
"L3","TGGCTTGTACAAGCTT-1"
"L1","TGGCTTTGGGTAGACA-1"
"L1","TGGGAAATGCCTTTCC-1"
"L3","TGGGATGCACTCATTC-1"
"L1","TGGGCAATAGTTGGGT-1"
"L3","TGGGCACAAACAGAAC-1"
"L3","TGGGCACGTTCTATGG-1"
"L2","TGGGCAGGCCACCGCA-1"
"L2","TGGGCCACAAGAGCGC-1"
"L2","TGGGCCCATACTAATT-1"
"L5","TGGGCGATACAATAAG-1"
"L3","TGGGTAAGGTTCCCGC-1"
"L3","TGGGTGCACAAGCCAT-1"
"L3","TGGGTGGGATGTCATT-1"
"L3","TGGGTGTAATAGATTT-1"
"L5","TGGGTGTTAAGTAGAA-1"
"L1","TGGGTTCCCGGACGGA-1"
"WM","TGGGTTTCGGGCGTAC-1"
"L3","TGGTAAGCAGGATTGA-1"
"L1","TGGTAGAATATATGGG-1"
"L3","TGGTATCGCATCCCAA-1"
"L3","TGGTATCGGTCTGTAT-1"
"L3","TGGTCCCACGCTACGG-1"
"L6","TGGTCGATATACCTCT-1"
"WM","TGGTCGGGTACAGGGC-1"
"L4","TGGTCGTGCAAGGCAA-1"
"L1","TGGTCTAGCTTACATG-1"
"L3","TGGTCTGTTGGGCGTA-1"
"L2","TGGTGATCGTATTTGT-1"
"L6","TGGTGCCCTGCCTTAC-1"
"L6","TGGTTAACTTACATTT-1"
"L3","TGGTTAAGGGCGCTGG-1"
"L2","TGGTTATGCTTGCGGT-1"
"L3","TGGTTCAACGGGTAAT-1"
"L1","TGGTTCGTAGCAAAGG-1"
"L3","TGGTTGGAGGATCCTG-1"
"L3","TGGTTTAAACGTGGGT-1"
"L3","TGTAATGACCACAATA-1"
"WM","TGTACCCGACCCTAAT-1"
"L3","TGTACCTACACGAGGG-1"
"L2","TGTACGAACAAATCCG-1"
"L3","TGTACTACTCTCACGG-1"
"L4","TGTACTATCGCTCGTT-1"
"L3","TGTACTGTGCCAAAGT-1"
"L3","TGTACTTCCGGGCATG-1"
"L4","TGTAGCCAATTCCGTT-1"
"L3","TGTAGCCATCCCATTC-1"
"L1","TGTAGGAGAAATTTCC-1"
"L2","TGTAGTGATCTATAAT-1"
"L1","TGTATAACAGATCCTG-1"
"L3","TGTATACGGATGATGA-1"
"L3","TGTATCAGACTGAAGC-1"
"L2","TGTATCCTTATTCCAT-1"
"L1","TGTATGGCGCAGACAG-1"
"L3","TGTATTTACCTAATGC-1"
"L3","TGTCATTTGTTGGGAA-1"
"L3","TGTCCACGGCTCAACT-1"
"L3","TGTCCCGACATAGCAC-1"
"L6","TGTCCGCAAACAATTC-1"
"L2","TGTCCGTGGCGCCTTT-1"
"L2","TGTCCTAAGTCACCGC-1"
"L2","TGTCGGCATGGTGGAA-1"
"L5","TGTCGTGGGTATAGGC-1"
"L6","TGTCGTTATCACATAT-1"
"L2","TGTCTACAGTTTCTGT-1"
"L1","TGTGACTACGCCAGTC-1"
"L3","TGTGACTAGAGTTTGC-1"
"L3","TGTGAGACTAGCCCAA-1"
"L6","TGTGCCAGAGGCAAAG-1"
"L2","TGTGCCGGTGCCGGAA-1"
"L3","TGTGCTTTACGTAAGA-1"
"L1","TGTGGACTATCTACGT-1"
"L3","TGTGGAGGAAGCTTAA-1"
"L1","TGTGGCAAAGCGTATG-1"
"L4","TGTGGCGGGCTTCTGG-1"
"L1","TGTGGCTCCCACCAAC-1"
"L1","TGTGGTAGGGTGCCTT-1"
"L5","TGTGGTTGCTAAAGCT-1"
"L3","TGTGTAGTAGCACGTG-1"
"L4","TGTGTCGAAGTCGAGG-1"
"L1","TGTGTCGCGAGTTGCA-1"
"L5","TGTGTGACCATGAATC-1"
"L2","TGTGTTCGTATCCAAG-1"
"L3","TGTTAACAAAGTGACT-1"
"L1","TGTTATTGTATGTGGC-1"
"L2","TGTTCATAAATGTGCT-1"
"L2","TGTTCCGCTTCCATGA-1"
"L5","TGTTCCGGCCTGAGCT-1"
"L3","TGTTCGTATTGCGGTG-1"
"L3","TGTTCTCATACTATAG-1"
"L3","TGTTCTCTACTCCCTA-1"
"L1","TGTTCTTCCATTGACT-1"
"L1","TGTTGCCGTCGTCCCA-1"
"L2","TGTTGTCAAGAAGTCT-1"
"L3","TGTTTAATACTTCATC-1"
"L1","TGTTTCGGTACTTCTC-1"
"WM","TGTTTCTGAAGCGTGC-1"
"L1","TGTTTGAGATCGTCAG-1"
"L2","TTAAACAGAGTCCCGC-1"
"L3","TTAAACCGGTAGCGAC-1"
"L2","TTAAACCTGGTTCCTT-1"
"L1","TTAAACTCGAATTCAT-1"
"L6","TTAAAGGCGATGCTCG-1"
"L3","TTAAAGTAAGTCGCCA-1"
"L1","TTAACACCTCGAACAT-1"
"L1","TTAACCAACCCTCCCT-1"
"L3","TTAACCCGAGGCGTGT-1"
"L3","TTAACGAACAAGCAGT-1"
"L3","TTAACGTCGCAAGACC-1"
"L3","TTAACGTTAAAGCCTG-1"
"L1","TTAACTCACGCGTGGA-1"
"L3","TTAACTGATCGTTTGG-1"
"L3","TTAACTTCAGGTAGGA-1"
"L3","TTAAGACGAACGAACC-1"
"WM","TTAAGATACCCAGAGA-1"
"L1","TTAAGATAGGATTGAC-1"
"L3","TTAAGCCGACAACTTC-1"
"L1","TTAAGCGCCTGACCCA-1"
"L3","TTAAGGATACGGAGGT-1"
"L5","TTAAGGCCCGTACTTT-1"
"L3","TTAAGTATTGTTATCC-1"
"L2","TTAATCAGTACGTCAG-1"
"L3","TTAATGCGAGGTAACT-1"
"L1","TTAATGTAGACCAGGT-1"
"L1","TTAATGTGTTTGCAGG-1"
"L3","TTAATTGCTTTGGGTG-1"
"L2","TTAATTTCAGACGCGG-1"
"L1","TTACAACTACGCATCC-1"
"L3","TTACACGATCTGCGAC-1"
"L2","TTACAGACCTAAATGA-1"
"L1","TTACATCGTGGCCTGG-1"
"L1","TTACATGCCACAACTA-1"
"L2","TTACCATTGATTACCC-1"
"L3","TTACCCATTGCCGGGT-1"
"L1","TTACCCTAACAGTCCT-1"
"L4","TTACCCTAGGGATTGG-1"
"L1","TTACCGCCTTAGGGAA-1"
"L1","TTACGGATGGTTCGAG-1"
"L3","TTACGGTGTCACCGAG-1"
NA,"TTACGTAGCGCGTGCT-1"
"L3","TTACGTATCTATGACA-1"
"L2","TTACTAAAGGACTTTA-1"
"L3","TTACTATCGGCTTCTC-1"
"L1","TTACTCCGGCCGGGAA-1"
"L3","TTACTCTGGTACGTAC-1"
"L3","TTACTGGGATATTTCA-1"
"L3","TTACTGTCTAGAGCTC-1"
"L3","TTAGAAGAACATGACT-1"
"L4","TTAGAATAAGGGTCGG-1"
"L3","TTAGACACGATCGTTG-1"
"L2","TTAGACGAGTCACCTC-1"
"L5","TTAGAGGGATATACAG-1"
"WM","TTAGAGTATTGTCGAG-1"
"L2","TTAGAGTTTAGAAGGA-1"
"L1","TTAGATAGGTCGATAC-1"
"L1","TTAGCAACATGGATGT-1"
"WM","TTAGCCATAGGGCTCG-1"
"L4","TTAGCGAATAGATAGG-1"
"L3","TTAGCTAATACGATCT-1"
"L3","TTAGCTCTGTAATCCG-1"
"L1","TTAGCTGATTTGCCGT-1"
"L1","TTAGGATGGGAGGGTA-1"
"L4","TTAGGTCATAACCGAC-1"
"L3","TTAGTAAACCTGCTCT-1"
"L3","TTAGTAGGGCGGCGGG-1"
"L2","TTAGTTATTCGTGGCA-1"
"L3","TTAGTTCAAGTGTTCG-1"
"L3","TTATAGATGCACATTA-1"
"L3","TTATAGGTAATTGTCT-1"
"L1","TTATATACGCTGTCAC-1"
"L1","TTATATTTGGCAATCC-1"
"L1","TTATCCAATCGAACTC-1"
"L2","TTATCCGGGATCTATA-1"
"L4","TTATCCTCAAGGAATA-1"
"L2","TTATCGCCTGCGAAGC-1"
"L4","TTATCTGACATTAGGA-1"
"L1","TTATCTGTATCATAAC-1"
"L2","TTATGAATGAAAGGGA-1"
"L1","TTATGACAAACTGGAT-1"
"L1","TTATGATCTTAACGAA-1"
"L3","TTATGCGTCCCGGTCC-1"
"L2","TTATGTTTGCGATAGA-1"
"L2","TTATTAGAGCGTGTTC-1"
"L2","TTATTAGGGAAGCATC-1"
"L2","TTATTATCTGGAAGGC-1"
"L3","TTATTTAGGTTCCTTA-1"
"L1","TTCAAAGTCTCTAGCC-1"
"L1","TTCAACGACCCGACCG-1"
"L3","TTCAAGCCGAGCTGAG-1"
"L1","TTCAATACTCTGAATC-1"
"L3","TTCAATTAGCCATAAT-1"
"L2","TTCACGAAAGGATCAC-1"
"WM","TTCACGGTCGTCACGT-1"
"L3","TTCACTCGAGCACCTA-1"
"L5","TTCACTTCCTAGAACG-1"
"L2","TTCAGAGTAACCTGAC-1"
"L2","TTCAGCCCTGGTCCAC-1"
"L3","TTCAGCTGGCGTGCCC-1"
"L3","TTCAGGCGTCAAAGCC-1"
"L6","TTCAGTTCAAGAGGAG-1"
"L2","TTCAGTTTGTGGCAGC-1"
"L2","TTCATAGCCTTGTAAC-1"
"L1","TTCATAGGGTGTCCAT-1"
"L2","TTCATGGCGCAACAGG-1"
"L2","TTCCAATCAGAGCTAG-1"
"L3","TTCCAATCTGGCTATC-1"
"L3","TTCCACACAGATTTGA-1"
"L1","TTCCAGACGAGATTTA-1"
"L6","TTCCAGTGGGTTTCGT-1"
"L3","TTCCATCATGCGGTGA-1"
"L3","TTCCATCGACAGCGTG-1"
"L3","TTCCCAAAGTACTGAT-1"
"L4","TTCCCGGCGCCAATAG-1"
"L3","TTCCGCAGAGAAATAT-1"
"L3","TTCCGCGTGAGGCGAT-1"
"L3","TTCCGGCCTTGAGGCT-1"
"L3","TTCCGGCTCGACTTCT-1"
"L1","TTCCGGTATCTGTGTC-1"
"L2","TTCCGGTTACCCACTT-1"
"L1","TTCCTCGAGGGTGTCT-1"
"L2","TTCCTCGGACTAACCA-1"
"L3","TTCCTCTGCCCGAATA-1"
"L1","TTCCTTTCTGTGTTGC-1"
"L6","TTCGAACGAAACATGC-1"
"L3","TTCGACAGAGCCCGTG-1"
"L1","TTCGACGGGAAGGGCG-1"
"L1","TTCGCACTCGCGTGCT-1"
"L4","TTCGCACTGTACGACA-1"
"L1","TTCGCATCCGGAAGCA-1"
"L6","TTCGCCGCTCGCGCTA-1"
"L4","TTCGCGCGCCATACGA-1"
"L1","TTCGCTAGGAAGTTGT-1"
"L3","TTCGCTATCTGACGTG-1"
"L3","TTCGGACTGATGCCTT-1"
"WM","TTCGGACTGGGCATGG-1"
"L3","TTCGGCAACCCGCTGA-1"
"L1","TTCGGCTAGAGATGGT-1"
"L1","TTCGGGACTAATCGCG-1"
"L4","TTCGGGCGCTAGTCTT-1"
"L3","TTCGGGTTGCCACGGG-1"
"L4","TTCGGTACTGTAGAGG-1"
"L1","TTCGGTGGAGACGCCC-1"
"L3","TTCGTAATCCCAGCGG-1"
"L2","TTCGTACTCCAGAACG-1"
"L6","TTCGTGCATGTTATAG-1"
"L3","TTCGTTCAACGAAGTT-1"
"L1","TTCTAACCGAAGCTTA-1"
"WM","TTCTACCTCAATCGGT-1"
"L3","TTCTACCTTTATGTTG-1"
"L1","TTCTACTTGCGAGGGC-1"
"L4","TTCTAGAAAGTCTTAT-1"
"L1","TTCTAGGCCAATTGTG-1"
"L3","TTCTATGCCTTTCGCA-1"
"L5","TTCTATTAAACGCAGC-1"
"WM","TTCTCAATTGCTACAA-1"
"WM","TTCTCTTACAGGTGAT-1"
"L3","TTCTGACCGGGCTCAA-1"
"L3","TTCTGCCGCGCCTAGA-1"
"L3","TTCTGCGAGCGCCCTT-1"
"L1","TTCTGCGGGTTAGCGG-1"
"L2","TTCTGCTAGACTCCAA-1"
"L1","TTCTGTTTCCTGTCGC-1"
"L1","TTCTTAGTGAACGGTG-1"
"L2","TTCTTAGTGGCTCAGA-1"
"L1","TTCTTATCCGCTGGGT-1"
"L3","TTCTTCCCTTTGATAT-1"
"L3","TTCTTCGCAATAGAGC-1"
"L3","TTCTTGAGCCGCGCTA-1"
"L1","TTCTTGCTAGCATCTC-1"
"L4","TTCTTGGACGATCTGC-1"
"L2","TTCTTGGAGTAATGAG-1"
"L1","TTCTTGTAACCTAATG-1"
"L3","TTCTTGTGTCCATCAG-1"
"L3","TTCTTTGGTCGCGACG-1"
"L3","TTGAAACCCTCATTCC-1"
"L3","TTGAAAGGTGTAAAGG-1"
"L1","TTGAACGAATCCTTTG-1"
"L3","TTGAACGACGTGCTGA-1"
"L1","TTGAAGAATTCCCAGG-1"
"L6","TTGAAGGATGGGCGCC-1"
"L3","TTGAAGTGCATCTACA-1"
"L1","TTGAATATGGACTTTC-1"
"L5","TTGAATCGTTGTATAA-1"
"L1","TTGAATTCACGTGAGG-1"
"L1","TTGACAGGAGCTCCCG-1"
"L3","TTGACATGAACGTGGA-1"
"L3","TTGACCAGGAACAACT-1"
"L1","TTGACCATGTTCTCCG-1"
"L3","TTGACCGTGTTAATGA-1"
"L3","TTGACGATTCAGCACG-1"
"L1","TTGACGCTCCATGAGC-1"
"L3","TTGACTACCATATGGT-1"
"L1","TTGACTATTGTCCGGC-1"
"L3","TTGAGAAGTTTAGCAT-1"
"L3","TTGAGAGTACTGCTAA-1"
"L1","TTGAGCAGCCCACGGT-1"
"L1","TTGAGCGCCACGTGAT-1"
"L3","TTGAGGCATTTAACTC-1"
"L1","TTGAGTCCCGCTGCTG-1"
"L3","TTGATAGTCAATACAT-1"
"L1","TTGATCTAACTTTGTC-1"
"L6","TTGATGCCGCTCGTCG-1"
"L2","TTGATGTGTAGTCCCG-1"
"L3","TTGATTAGCTGTTTCT-1"
"L1","TTGATTATGCAGATGA-1"
"L4","TTGCAAGAAGACTCCT-1"
"L3","TTGCACAATTCAGAAA-1"
"L1","TTGCACGGAGCAGCAC-1"
"L3","TTGCATGCTGATCACG-1"
"L1","TTGCCAAGCAGAACCC-1"
"L4","TTGCCATAGCCCGCTC-1"
"L3","TTGCCCTGATCACGGG-1"
"L6","TTGCCGCAGACCTACA-1"
"L3","TTGCCGCTTTCTAGTA-1"
"L3","TTGCCGGTGATCCCTC-1"
"WM","TTGCCTAATCCAAAGT-1"
"L3","TTGCCTTCTCGCCGGG-1"
"L3","TTGCGCACAACCACGT-1"
"L2","TTGCGCTCTCTCGCTT-1"
"L3","TTGCGCTTGATCAATA-1"
"L6","TTGCGGAAAGCTGCCC-1"
"L3","TTGCGGCATCAGAAAG-1"
"L3","TTGCGGCGACTCATGC-1"
"L1","TTGCGTAGTTTGAGGA-1"
"L3","TTGCGTCGGCCAACCG-1"
"L3","TTGCGTGAACGCTTAG-1"
"L3","TTGCGTGTGTAGGCAT-1"
"L3","TTGCTCATAGTACGTG-1"
"L1","TTGCTCCCATACCGGA-1"
"L1","TTGCTGAAGGAACCAC-1"
"L1","TTGCTGATCATGTTCG-1"
"L1","TTGCTGCACCTATCCA-1"
"L3","TTGCTGGCCGGGCTTC-1"
"L4","TTGGAAGAATACAGTC-1"
"L3","TTGGACATGTGGCTTA-1"
"L1","TTGGACCATCTGGCAA-1"
"L3","TTGGACCTATAACAGT-1"
"L3","TTGGAGTCTCCCTTCT-1"
"L3","TTGGATATCGTCTACG-1"
"L3","TTGGATCGACTTCTGG-1"
"L1","TTGGATTGGGTACCAC-1"
"L4","TTGGCCAAATTGTATC-1"
"L1","TTGGCCATCTTGCGCT-1"
"L3","TTGGCCTAGAATTTCG-1"
"L2","TTGGCGATCCGAATAT-1"
"L3","TTGGCTCAATATGTGT-1"
"L1","TTGGCTCGCATGAGAC-1"
"L4","TTGGGAAGACGAGCCG-1"
"L1","TTGGGACACTGCCCGC-1"
"L1","TTGGGACGTAAGAGTT-1"
"L1","TTGGGCGGCGGTTGCC-1"
"L3","TTGGGTTTATTCAGCG-1"
"L2","TTGGTATGGCTTGTGT-1"
"L3","TTGGTCACACTCGTAA-1"
"L1","TTGGTTCGCTCAAAGG-1"
"L4","TTGGTTGCGGTGCGCG-1"
"L3","TTGTAAGGACCTAAGT-1"
"L1","TTGTAAGGCCAGTTGG-1"
"L1","TTGTAATCCGTACTCG-1"
"L5","TTGTACACCTCGAACA-1"
"L3","TTGTATCACACAGAAT-1"
"L5","TTGTCACCGCGGTATC-1"
"L1","TTGTCGTTCAGTTACC-1"
"L6","TTGTCTCGGCAAGATG-1"
"L3","TTGTGAACCTAATCCG-1"
"L4","TTGTGAGGCATGACGC-1"
"L3","TTGTGATCTGTTCAGT-1"
"L3","TTGTGCAGCCACGTCA-1"
"WM","TTGTGCGGAAGCGGAT-1"
"WM","TTGTGGAGACAGCCGG-1"
"L1","TTGTGGCCCTGACAGT-1"
"L4","TTGTGGTAGGAGGGAT-1"
"L3","TTGTGGTATAGGTATG-1"
"L3","TTGTGGTGGTACTAAG-1"
"L3","TTGTGTATGCCACCAA-1"
"L3","TTGTGTTTCCCGAAAG-1"
"L1","TTGTTAGCAAATTCGA-1"
"L1","TTGTTCAGTGTGCTAC-1"
"L1","TTGTTCTAGATACGCT-1"
"WM","TTGTTGGCAATGACTG-1"
"L1","TTGTTGTGTGTCAAGA-1"
"L4","TTGTTTCACATCCAGG-1"
"L5","TTGTTTCATTAGTCTA-1"
"L3","TTGTTTCCATACAACT-1"
"L6","TTGTTTGTATTACACG-1"
"L3","TTGTTTGTGTAAATTC-1"
