"spatialLIBD","barcode"
"L3","AAACAAGTATCTCCCA-1"
"L1","AAACAATCTACTAGCA-1"
"WM","AAACACCAATAACTGC-1"
"L1","AAACAGAGCGACTCCT-1"
"L6","AAACAGCTTTCAGAAG-1"
"L6","AAACAGGGTCTATATT-1"
"WM","AAACAGTGTTCCTGGG-1"
"L5","AAACATTTCCCGGATT-1"
"L3","AAACCACTACACAGAT-1"
"L3","AAACCCGAACGAAATC-1"
"L5","AAACCGGGTAGGTACC-1"
"L5","AAACCGTTCGTCCAGG-1"
"L5","AAACCTAAGCAGCCGG-1"
"L5","AAACCTCATGAAGTTG-1"
"L1","AAACGAAGAACATACC-1"
"L3","AAACGACAGTCTTGCC-1"
"L3","AAACGAGACGGTTGAT-1"
"L3","AAACGCCCGAGATCGG-1"
"L5","AAACGGGCGTACGGGT-1"
"L1","AAACGGGTTGGTATCC-1"
"L6","AAACGGTTGCGAACTG-1"
"L1","AAACGTGTTCGCCCTA-1"
"L2","AAACTAACGTGGCGAC-1"
"L6","AAACTCGGTTCGCAAT-1"
"L1","AAACTCGTGATATAAG-1"
"L4","AAACTGCTGGCTCCAA-1"
"L6","AAACTTGCAAACGTAT-1"
"L5","AAAGAATGTGGACTAA-1"
"L3","AAAGACATGAAGTTTA-1"
"L1","AAAGACCCAAGTCGCG-1"
"L4","AAAGACTGGGCGCTTT-1"
"L6","AAAGGCTACGGACCAT-1"
"L5","AAAGGCTCTCGCGCCG-1"
"L3","AAAGGGATGTAGCAAG-1"
"L3","AAAGGGCAGCTTGAAT-1"
"L1","AAAGGTAAGCTGTACC-1"
"L3","AAAGGTCAACGACATG-1"
"L6","AAAGTAGCATTGCTCA-1"
"L1","AAAGTCACTGATGTAA-1"
"L5","AAAGTCGACCCTCAGT-1"
"L3","AAAGTGTGATTTATCT-1"
"L3","AAAGTTGACTCCCGTA-1"
"L1","AAATAACCATACGGGA-1"
"L1","AAATAAGGTAGTGCCC-1"
"L4","AAATACCTATAAGCAT-1"
"L3","AAATAGCTTAGACTTT-1"
"L4","AAATAGGGTGCTATTG-1"
"L3","AAATCACTCCTAAACG-1"
"L5","AAATCCGATACACGCC-1"
"L4","AAATCGTGTACCACAA-1"
"L3","AAATCTAGCCCTGCTA-1"
"WM","AAATGACTGATCAAAC-1"
"L1","AAATGATTCGATCAGC-1"
"L3","AAATGCTCGTTACGTT-1"
"L1","AAATGGCATGTCTTGT-1"
"L6","AAATGGCCCGTGCCCT-1"
"L3","AAATGGTCAATGTGCC-1"
NA,"AAATGTATCTTATCCC-1"
"L1","AAATGTGGGTGCTCCT-1"
"L3","AAATTAACGGGTAGCT-1"
"L5","AAATTAATAAGCGCGA-1"
"L1","AAATTACACGACTCTG-1"
"L1","AAATTACCTATCGATG-1"
"L2","AAATTCCAGGTCCAAA-1"
"L6","AAATTGATAGTCCTTT-1"
"L2","AAATTGCGGCGGTTCT-1"
"L1","AAATTGGTGAGAAGCA-1"
"L1","AAATTTACCGAAATCC-1"
"L5","AAATTTGCGGGTGTGG-1"
"L3","AACAACTGGTAGTTGC-1"
"L6","AACAATACATTGTCGA-1"
"L4","AACAATTACTCTACGC-1"
"L3","AACACACGCTCGCCGC-1"
"L1","AACACGACTGTACTGA-1"
"L5","AACACGAGACGCGGCC-1"
"L1","AACACGCGGCCGCGAA-1"
"L6","AACAGCTGTGTGGCAA-1"
"L1","AACAGGAAATCGAATA-1"
"L3","AACAGGATGGGCCGCG-1"
"L3","AACAGGTAGTATGGAT-1"
"L6","AACATAGCGTGTATCG-1"
"L1","AACATATCAACTGGTG-1"
"L1","AACATCGATACGTCTA-1"
"L6","AACATTGTGACTCGAG-1"
"L5","AACCAAGACTTCTCTG-1"
"L1","AACCAGTATCACTCTT-1"
"L3","AACCATGGGATCGCTA-1"
"L3","AACCCAGAGACGGAGA-1"
"L6","AACCCATCCCATGATC-1"
"WM","AACCCGACAACCCGTG-1"
"L3","AACCCGAGCAGAATCG-1"
"L3","AACCCGATAGGGCTTC-1"
"WM","AACCCGCTGTATTCCA-1"
"L3","AACCCTACTGTCAATA-1"
"L1","AACCCTGGTGGAACCA-1"
"L3","AACCGAGCTTGGTCAT-1"
"L3","AACCGCTAAGGGATGC-1"
"L1","AACCGTTGTGTTTGCT-1"
"L2","AACCTAAAGCCGTCCG-1"
"L5","AACCTCGCTTTAGCCC-1"
"L2","AACCTGTCACGGAATT-1"
"L5","AACCTTTAAATACGGT-1"
"L1","AACCTTTACGACGTCT-1"
"L5","AACGACCTCCTAGCCG-1"
"L5","AACGATAATGCCGTAG-1"
"L2","AACGATAGAAGGGCCG-1"
"L2","AACGATATGTCAACTG-1"
"L1","AACGCATGATCTGGGT-1"
"L3","AACGCGAACGGCAACA-1"
"L6","AACGCGACCTTGGGCG-1"
"L3","AACGCGGTCTCCAGCC-1"
"L4","AACGCTGTTGCTGAAA-1"
"L3","AACGGACGTACGTATA-1"
"L5","AACGGCCATCTCCGGT-1"
"L5","AACGTACTGTGGGTAC-1"
"L1","AACGTAGTCTACCCAT-1"
"L3","AACGTCAGACTAGTGG-1"
"WM","AACGTCATCCGGCTTG-1"
"L5","AACGTCGCTGCACTTC-1"
"L1","AACGTGATGAAGGACA-1"
"L3","AACGTGCGAAAGTCTC-1"
"L3","AACGTTATCAGCACCT-1"
"L3","AACTACCCGTTTGTCA-1"
"L1","AACTAGCGTATCGCAC-1"
"L5","AACTAGGCTTGGGTGT-1"
"L4","AACTCAAGTTAATTGC-1"
"L5","AACTCCAGAGCGTGTT-1"
"L1","AACTCCTAATCCCATG-1"
"L3","AACTCGATGGCGCAGT-1"
"L3","AACTCTCAATAGAGCG-1"
"L6","AACTCTCAGTGTGCTC-1"
"L2","AACTGAGGTCAGCGTC-1"
"L1","AACTGATATTAGGCCT-1"
"L2","AACTGGGTCCCGACGT-1"
"L1","AACTGGGTTCGAGCCG-1"
"L1","AACTGGTGTGGGCCTT-1"
"L3","AACTTCTGCGTCTATC-1"
"L3","AACTTGCCCGTATGCA-1"
"L3","AACTTGCGTTCTCGCG-1"
"L5","AACTTTACGGGAGCTT-1"
"L1","AACTTTAGCTGCTGAG-1"
"L1","AACTTTCTCGATCATG-1"
"L1","AAGAAATCACCAGATT-1"
"L3","AAGAAGGATCAGTTAG-1"
"L5","AAGACATACGTGGTTT-1"
"L6","AAGACCCAACTGAACA-1"
"L1","AAGACTAACCCGTTGT-1"
"L3","AAGACTCACGCCCACT-1"
"L3","AAGACTGCAAGCTACT-1"
"L3","AAGAGATGAATCGGTA-1"
"L3","AAGAGCTCTTTATCGG-1"
"L5","AAGAGGATGTACGCGA-1"
"L3","AAGAGGCATGGATCGC-1"
"L4","AAGAGGCCCTTTGGAA-1"
"L6","AAGATGGCACCGGACC-1"
"L2","AAGATTGGCGGAACGT-1"
"L5","AAGCACCCTGCGTATC-1"
"L5","AAGCATACTCTCCTGA-1"
"L3","AAGCCGAAGCGGTTTA-1"
"WM","AAGCCGCCGTGAAATC-1"
"L1","AAGCCGCTTTACCTTG-1"
"L6","AAGCGCAGGGCTTTGA-1"
"L2","AAGCGGAGTGCGCGCA-1"
"L1","AAGCGGCGTCATGGGT-1"
"L6","AAGCGTCCCTCATCGA-1"
"L4","AAGCTAGATCGAGTAA-1"
"L3","AAGCTCGTGCCAAGTC-1"
"L5","AAGCTCTTTCATGGTG-1"
"L1","AAGGAGAACTTATAAG-1"
"L3","AAGGAGCGGTTGGTGC-1"
"L3","AAGGATCGATCGCTTG-1"
"L2","AAGGATGAGGGACCTC-1"
"L3","AAGGCAGGCTGTCTCC-1"
"L3","AAGGCGCGTAAAGCTT-1"
"L3","AAGGCTGTGCTCATCG-1"
"WM","AAGGGAACGACTGGCT-1"
"L1","AAGGGACAGATTCTGT-1"
"WM","AAGGGACTATGCATTC-1"
"L2","AAGGTATCCTAATATA-1"
"L3","AAGGTGATAAACCAGC-1"
"L1","AAGTAAGCTTCCAAAC-1"
"L3","AAGTAGAAGACCGGGT-1"
"L4","AAGTAGTGACGCGAGG-1"
"L3","AAGTCAATTGTCGTCA-1"
"L1","AAGTCTAGTAGCTGCC-1"
"L5","AAGTCTTCTGTGGCCT-1"
"L5","AAGTGACGACCGAATT-1"
"L6","AAGTGAGTCGGGTTTA-1"
"L4","AAGTGCAAAGGTAGAC-1"
"L3","AAGTGCCTTGACTGTA-1"
"L6","AAGTGCGTTAGAATCT-1"
"WM","AAGTGCTTCTCTATTG-1"
"L4","AAGTGTTTGGAGACGG-1"
"L5","AAGTTCACTCCAAGCT-1"
"L1","AAGTTCAGTCTGCGTA-1"
"L5","AAGTTCGGCCAACAGG-1"
"L5","AAGTTGTGATGTTATA-1"
"L1","AAGTTTACTAATGGCA-1"
"L6","AAGTTTATGGGCCCAA-1"
"L4","AATAACAACGCTCGGC-1"
"L6","AATAACACTAGAACAA-1"
"L1","AATAAGTCCTCGAGAC-1"
"L3","AATACAATGTTTCAGG-1"
"WM","AATACCGGAGGGCTGT-1"
"L5","AATACCTGATGTGAAC-1"
"L5","AATAGAACAGAGTGGC-1"
"L3","AATAGAATCTGTTTCA-1"
"L2","AATAGCAAGCCTCCTG-1"
"L1","AATAGCTACCGCGTGC-1"
"L5","AATAGTCCGTCCCGAC-1"
"L4","AATAGTCGCGAGTCGG-1"
"L1","AATATCAAGGTCGGAT-1"
"L6","AATATCCTAGCAAACT-1"
"L3","AATATCGAATCAATGC-1"
"L1","AATATCGAGGGTTCTC-1"
"L5","AATATTGGAGTATTGA-1"
"L2","AATCAGACTGCAGGAC-1"
"WM","AATCAGGTTTCATTTA-1"
"L3","AATCATGTAAAGACTC-1"
"L2","AATCCAAGGGCCTGAG-1"
"L2","AATCCATGCAAGGGTG-1"
"WM","AATCCCGCTCAGAGCC-1"
"L6","AATCGAGGTCTCAAGG-1"
"L3","AATCGCCTCAGCGCCA-1"
"L3","AATCGCGCAGAGGACT-1"
"L1","AATCGGGACACTACGA-1"
"L5","AATCGGTATAGCCCTC-1"
"L5","AATCGTGAGCCGAGCA-1"
"L6","AATCTAGGTTTACTTG-1"
"L1","AATCTATGCCGGAGCC-1"
"L5","AATCTCTACTGTGGTT-1"
"L6","AATCTGGCTTTCTAGT-1"
"L2","AATCTGGGTAGACCCT-1"
"L5","AATGACAGCAATGTCT-1"
"L3","AATGACGTAGGATGTC-1"
"L3","AATGACTGTCAGCCGG-1"
"L3","AATGAGTTCGCATATG-1"
"L1","AATGATGATACGCTAT-1"
"L1","AATGATGCGACTCCTG-1"
"L3","AATGCAACCGGGTACC-1"
"L1","AATGCACCAAGCAATG-1"
"L3","AATGGCCGCCAATGCG-1"
"L4","AATGGTCCACCGTTCA-1"
"L3","AATGGTTCTCACAAGC-1"
"L6","AATGTGCCCGAGGTGT-1"
"WM","AATGTGCTAATCTGAG-1"
"L6","AATGTTAAGACCCTGA-1"
"L5","AATGTTGTCGTGAGAC-1"
"L4","AATTAAAGGTCGGCGT-1"
"L5","AATTAACGGATTTCCA-1"
"L5","AATTAGCGCTGCAGCG-1"
"L6","AATTATACCCAGCAAG-1"
"L1","AATTCATAAGGGATCT-1"
"L6","AATTCCAAGCATGTAC-1"
"L5","AATTCGATTCGAGGAT-1"
"L5","AATTCTAGAGTTAGGC-1"
"L3","AATTGAACGCTCTGGT-1"
"L5","AATTGCAGCAATCGAC-1"
"L4","AATTGTGGTTGCCAAA-1"
"L1","AATTTGGGACATAGTA-1"
"L1","AATTTGGTTCCAAAGA-1"
"L2","ACAAACCGACAAGGCG-1"
"L6","ACAAAGAAGGTAGGCC-1"
"L5","ACAAAGCATGACCTAG-1"
"L4","ACAAATCGCACCGAAT-1"
"L3","ACAAATGGTAGTGTTT-1"
"L2","ACAAATTCAGATCTGA-1"
"L3","ACAACAGCATGAGCTA-1"
"L3","ACAACGGTCCCTGCGA-1"
"L4","ACAAGCAGTGCCTAGC-1"
"L5","ACAAGCTATATGGAAG-1"
"L4","ACAAGGAAATCCGCCC-1"
"L3","ACAAGGACAAGAGGTT-1"
"L5","ACAAGGATGCTTTAGG-1"
"L3","ACAAGGCCTACCAGCC-1"
"L3","ACAAGGGCAGGCTCTG-1"
"L5","ACAATAGTCGTACGTT-1"
"L4","ACAATCCATTTAAACC-1"
"L1","ACAATCGATCTTTATA-1"
"L6","ACAATGAATACGGAGA-1"
"L2","ACAATGATTCTTCTAC-1"
"L3","ACAATTGTGTCTCTTT-1"
"L5","ACAATTTAGGAGGCTC-1"
"L3","ACAATTTGAGCAGTGG-1"
"L3","ACACAAAGACGGGTGG-1"
"L2","ACACAAATATTCCTAG-1"
"L3","ACACACCAGGACCAGT-1"
"L1","ACACACTTTCTACACG-1"
"L6","ACACATTTCCGTAGAC-1"
"L1","ACACCACATAATTAGC-1"
"L3","ACACCCAGCATGCAGC-1"
"L3","ACACCCGAGAAATCCG-1"
"L3","ACACCCGTAAATCTGT-1"
"L3","ACACCGAGCGCTCTTT-1"
"L3","ACACCTTAAGTAGGGC-1"
"L3","ACACCTTACTACTTGC-1"
"L3","ACACGAGACTCCTTCT-1"
"L1","ACACGGCACTATGCAT-1"
"L3","ACACGGGAACTTAGGG-1"
"L3","ACACGTAGGCCACAAG-1"
"L3","ACACTCCAATGTCACT-1"
"L5","ACACTGATCAAGGTGT-1"
"L3","ACACTGGGACAGTCGT-1"
"L6","ACAGAACTGAGAACAA-1"
"L1","ACAGATTAGGTTAGTG-1"
"L1","ACAGCATAGAGCCAGT-1"
"L4","ACAGCGACATTCTCAT-1"
"L1","ACAGCGCACCCGCAGC-1"
"L5","ACAGGCACGGATCCTT-1"
"L4","ACAGGCTTGCCCGACT-1"
"L5","ACAGGTGGAGGTGAGG-1"
"L5","ACAGGTGTGTTGTTGC-1"
"L6","ACAGTAATACAACTTG-1"
"L1","ACAGTATACCGTGGGA-1"
"L3","ACAGTGCAGCGCATTT-1"
"L3","ACATAATAAGGCGGTG-1"
"L6","ACATACAATCAAGCGG-1"
"L5","ACATCAGCTGGGACGC-1"
"L5","ACATCCCGGCCATACG-1"
"L3","ACATCCTGGTAACTGT-1"
"L4","ACATCGATCGTTTACC-1"
"L5","ACATCGGTCAGCCGCG-1"
"L3","ACATCGTATGCAATGG-1"
"L1","ACATCGTTAACCTAGT-1"
"L1","ACATCTCAACGCGTAA-1"
"L3","ACATGGCGCCAAAGTA-1"
"L3","ACATGGCTCAATTTAG-1"
"L5","ACATTAGTTTATATCC-1"
"L5","ACATTTGAAACCTAAC-1"
"L1","ACCAAACACCCAGCGA-1"
"L1","ACCAAACTAGAAATCC-1"
"L1","ACCAACACCACACACT-1"
"L5","ACCAACCGCACTCCAC-1"
"L5","ACCAACGCTTATTTAT-1"
"L3","ACCAAGAACGCGTGTC-1"
"L5","ACCAAGTCATCGGCAG-1"
"L5","ACCAATATGCAAGTTA-1"
"L1","ACCACAACTCAGAACA-1"
"L3","ACCACAAGTTTCTATC-1"
"L6","ACCACACGGTTGATGG-1"
"L3","ACCACCAATGTAACAA-1"
"L1","ACCACCCTCTCTTCTA-1"
"L4","ACCACGTGCAGCTATA-1"
"L5","ACCAGACCATAACAAC-1"
"L1","ACCAGCCCGGTCTTTG-1"
"L1","ACCAGGAGTGTGATCT-1"
"L1","ACCAGTGCCCGGTCAA-1"
"L3","ACCAGTGCGGGAGACG-1"
"L3","ACCATATCCGCAATAA-1"
"L6","ACCATCCGCCAACTAG-1"
"L5","ACCATCGTATATGGTA-1"
"L3","ACCATTAAGGGTGTCA-1"
"L3","ACCCAACGCCCGTGGC-1"
"L3","ACCCACCTACATGCTC-1"
"L4","ACCCATCTTGAGGGTA-1"
"L4","ACCCATTTGTCCCTCT-1"
"WM","ACCCGAGCGAAATTAC-1"
"WM","ACCCGATTGGTTCCGA-1"
"L5","ACCCGGAAACTCCCAG-1"
"L3","ACCCGGATGACGCATC-1"
"L4","ACCCGGTTACACTTCC-1"
"L5","ACCCGTAGTCTAGTTG-1"
"L5","ACCCGTGTCATCAGTA-1"
"L3","ACCCTATAGGACTGAG-1"
"L6","ACCCTATGCCATATCG-1"
"L5","ACCCTCCCGTCAGGGC-1"
"L3","ACCCTCCCTTGCTATT-1"
"L1","ACCCTGGTAACGCCCT-1"
"L1","ACCCTTCATCTGCGAA-1"
"L1","ACCCTTGCCTGGGTCG-1"
"L1","ACCCTTTAGTTCTCCA-1"
"L1","ACCGAAAGGGCCCTGC-1"
"L5","ACCGACACATCTCCCA-1"
"L3","ACCGACTGAGTCCCAC-1"
"L6","ACCGAGTCTCCTTATT-1"
"L3","ACCGATAGGCATAACC-1"
"L3","ACCGATATTTAATCAT-1"
"L3","ACCGATGGTAGCATCG-1"
"L4","ACCGCAATAACTGCCT-1"
"L3","ACCGCGGTGGAAGTCG-1"
"L3","ACCGGGCCTTTGTTGA-1"
"L2","ACCGGTCTGAGTACGG-1"
"L6","ACCGTGACCACGTGGG-1"
"L1","ACCGTTCCCGCTCTGA-1"
"L6","ACCTAAGTACCTTTCA-1"
"L4","ACCTAATCGACTTCCT-1"
"L3","ACCTACAGTATGTGGT-1"
"L6","ACCTACTATAAATCTA-1"
"L6","ACCTCAGCGAGGCGCA-1"
"L3","ACCTCCGCCCTCGCTG-1"
"L1","ACCTCCGTTATTCACC-1"
"L6","ACCTGCGTGTCATGTT-1"
"L1","ACCTTTCCTTTAGAAG-1"
"L4","ACGAAATGGGCGGCAC-1"
"L5","ACGACTCTAGGGCCGA-1"
"WM","ACGACTGGTCATACTC-1"
"L2","ACGAGAACCCATCACG-1"
"L1","ACGAGATATTTGCTTA-1"
"L6","ACGAGGATACCACTCT-1"
"WM","ACGAGGTTTACAACGT-1"
"L1","ACGAGTACGGATGCCC-1"
"L2","ACGATACATAGAACTA-1"
"L5","ACGATACCTATCCTGA-1"
"L3","ACGATCATACATAGAG-1"
"L3","ACGATCATCTTGTAAA-1"
"L4","ACGATGCATATGTTAT-1"
"L1","ACGATGGATCCGATGC-1"
"L6","ACGCAAACTAATAGAT-1"
"L1","ACGCAATCACTACAGC-1"
"L3","ACGCATAAATGACATG-1"
"L3","ACGCATACGTTTACTA-1"
"L3","ACGCATTCGTGAGTAC-1"
"L6","ACGCCACTCGAAACAG-1"
"L1","ACGCCAGATGATTTCT-1"
"L5","ACGCCAGTGCGTTTGC-1"
"L1","ACGCCCAGCTGTCGAT-1"
"L3","ACGCCGCTAGACGACC-1"
"L5","ACGCGAAGTCAGACGA-1"
"L5","ACGCGCTACACAGGGT-1"
"L3","ACGCGGGCCAAGGACA-1"
"L5","ACGCGTTTCTTAAGAG-1"
"L3","ACGCTAGTATCAGTGC-1"
"L1","ACGCTAGTGATACACT-1"
"L5","ACGCTGTGAGGCGTAG-1"
"L1","ACGCTTAGTGTCTCTC-1"
"L5","ACGGAACACGAGTGCC-1"
"L3","ACGGAATTTAGCAAAT-1"
"L5","ACGGACTCTCAAAGCG-1"
"L1","ACGGAGCGCAAATTAC-1"
"L5","ACGGATGGTGCGGATA-1"
"L5","ACGGCACTTGCTTGGG-1"
"L5","ACGGCCAACATGGACT-1"
"L4","ACGGCGACGATGGGAA-1"
"L1","ACGGCGGGTTGCCCTG-1"
"L6","ACGGGAGTGTCGGCCC-1"
"L1","ACGGGCGTATGCGACA-1"
"L3","ACGGGTCATGTGACTT-1"
"L5","ACGGTACAGTTCAATG-1"
"L1","ACGTACAGATTTCTCT-1"
"WM","ACGTACTTTGGCACGG-1"
"L3","ACGTAGATTGCTGATG-1"
"L6","ACGTAGGAGAGTCGCT-1"
"L3","ACGTATTACTCCGATC-1"
"L1","ACGTCCTAAACGAGAT-1"
"L6","ACGTCTCGTTCCGGGA-1"
"L2","ACGTGCGCCTCGTGCA-1"
"L1","ACGTGGTCGAATGTGC-1"
"L3","ACGTTAATGTCGAAGA-1"
"L4","ACGTTAGATTTGCCCG-1"
"L3","ACGTTATTGGTCACTC-1"
"WM","ACGTTCACTATGCCGC-1"
"L1","ACGTTCCGCGCTCCGT-1"
"L1","ACGTTCGCAATCAATT-1"
"L6","ACGTTCGTTCAGGAAA-1"
"L5","ACGTTCTGTACAAGTC-1"
"L1","ACGTTTAGTTGTGATC-1"
"L3","ACTAAGGACGCACACC-1"
"L1","ACTAATACGTCAGGCG-1"
"WM","ACTACAAAGAGAGGTG-1"
"L3","ACTACCAGCTCTCTGG-1"
"L6","ACTACGCGTTAGAATT-1"
"L3","ACTAGTTGCGATCGTC-1"
"L1","ACTATATGCTGTGTTC-1"
"L3","ACTATCCAGGGCATGG-1"
"L3","ACTATCTGCCCGCGTA-1"
"WM","ACTATGTCCAGCTGCC-1"
"L1","ACTATTCGTCCGTGGT-1"
"L6","ACTATTTCCGGGCCCA-1"
"L2","ACTCAACGAATGTATT-1"
"L5","ACTCAAGTGCAAGGCT-1"
"L3","ACTCAATAAAGGCACG-1"
"L1","ACTCAGACCTGCTTCT-1"
"WM","ACTCCAATATCATCAT-1"
"L6","ACTCCCATTCCTAAAG-1"
"L2","ACTCCCGAATTCGTTT-1"
"L1","ACTCCCGTAGACTAGG-1"
"L5","ACTCCCTAATGCTAAA-1"
"L4","ACTCCCTAGAATAGTA-1"
"L5","ACTCCGGCCGACCACT-1"
"L3","ACTCGATGTATTTCAT-1"
"L5","ACTCGCCGTTCGATAA-1"
"L6","ACTCGTAACCCGTCCT-1"
"L3","ACTCGTCAGTAATCCC-1"
"L5","ACTCTAAACCTGGGAT-1"
"L3","ACTCTCTGACTTAGGT-1"
"L1","ACTCTCTTATACACGA-1"
"L5","ACTCTGACCTAATAGA-1"
"L3","ACTCTTGTATAGTAAC-1"
"L4","ACTGAAACGCCGTTAG-1"
"L3","ACTGAATGGCGAAAGT-1"
"L1","ACTGATTTAGTGATTC-1"
"WM","ACTGCCCGCCATTCTC-1"
"L1","ACTGCCGTCGTAACTC-1"
"L2","ACTGCGGACACACCGT-1"
"L6","ACTGCTCGGAAGGATG-1"
"L3","ACTGGCGAACCTGCGT-1"
"WM","ACTGGGATGCCAGTGC-1"
"L3","ACTGTACGATACACAT-1"
"L3","ACTGTAGCACTTTGGA-1"
"L2","ACTGTATACGCGAGCA-1"
"L3","ACTGTCCAGGATTATA-1"
"L3","ACTGTCTTCTTTAGAA-1"
"L3","ACTGTGCTAGTAGATC-1"
"L1","ACTGTTTAGTGTAGGC-1"
"L1","ACTTACCGGGCGCGCA-1"
"L5","ACTTACGCATCCACGC-1"
"L3","ACTTAGTACGACAAGA-1"
"L3","ACTTATACTTACCCGG-1"
"L1","ACTTATCTGATCTATA-1"
"L3","ACTTATTAGGATCGGT-1"
"L3","ACTTATTTATGTGCCA-1"
"L4","ACTTCAGGCTGATCCC-1"
"L5","ACTTCCATGCGGGACA-1"
"L3","ACTTCCTGTCGTGCGA-1"
"L3","ACTTCGCCATACGCAC-1"
"L3","ACTTGACTCCCTCTTT-1"
"L1","ACTTGCCATATTGTAC-1"
"L3","ACTTGGGACCCGGTGG-1"
"L6","ACTTGGGCTTTCGCCA-1"
"L6","ACTTGTAGTCCCTTCA-1"
"L3","ACTTGTGGATGGAACG-1"
"WM","ACTTGTTACCGGATCA-1"
"L1","ACTTTACCCTCATGAA-1"
"L3","ACTTTCCTATAGCTTC-1"
"L5","ACTTTGACTGCATCCT-1"
"L3","AGAAATTATGACTCGC-1"
"L3","AGAACGTGGTACATTC-1"
"L5","AGAACTGTACTTTGTA-1"
"L3","AGAAGAGCGCCGTTCC-1"
"L6","AGAAGGTACACTTCAC-1"
"L4","AGAAGGTTGCCGAATT-1"
"L5","AGAAGGTTGTAGGTCG-1"
"L6","AGAAGTGATTCGTGAT-1"
"L5","AGAATAAATCTTCAGG-1"
"L5","AGAATACAGGCTATCC-1"
"L1","AGAATGCGGGTTCGGA-1"
"L2","AGAATTATGGATTCGA-1"
"L3","AGAATTGTTTGACATA-1"
"L3","AGACAGCTCAGAATCC-1"
"L1","AGACATAGATCCTTCC-1"
"L6","AGACCAAACCACACCT-1"
"L3","AGACCATGGGATACAA-1"
"L4","AGACCCACCGCTGATC-1"
"L3","AGACCCGCCCTCCTCG-1"
"L3","AGACCGCTCCGCGGTT-1"
"L5","AGACCGGGAAACCCTG-1"
"L3","AGACGAAGTGCCGGTC-1"
"L6","AGACGACGATGCCGCT-1"
"L2","AGACGGGATTGGTATA-1"
"L1","AGACGGGCCGATTTAA-1"
"L3","AGACTAGCCTTCCAGA-1"
"L6","AGACTGTTACCGGGTC-1"
"WM","AGAGAAACACCAGAAA-1"
"L2","AGAGAACCGTCTAGGA-1"
"L6","AGAGAAGGAGTACAAT-1"
"L5","AGAGATCTCTAAAGCG-1"
"L4","AGAGCAGTTATGAGAC-1"
"L3","AGAGCCGCCGAGATTT-1"
"L1","AGAGCGCTTGTAACGG-1"
"L1","AGAGCGGGCTAATCAT-1"
"L3","AGAGCGTACAAGCTCG-1"
"L3","AGAGCTACGAAAGCAT-1"
"L3","AGAGGCTTCGGAAACC-1"
"L3","AGAGGGACAATTGTCC-1"
"L1","AGAGGTATCTCGGTCC-1"
"L3","AGAGTAAACTTCACTA-1"
"L3","AGAGTGAACAGACACC-1"
"L2","AGAGTTAGAGACCGAT-1"
"L3","AGAGTTGCAGGCCTCC-1"
"L3","AGATAACTTCAGGGCC-1"
"L5","AGATACCAATAGAACC-1"
"L1","AGATACCAGCACTTCA-1"
"L4","AGATACCGGTGTTCAC-1"
"L3","AGATACGACTTCATAT-1"
"L3","AGATACTCAAGATCGA-1"
"L5","AGATATAATACGACTA-1"
"L1","AGATCGTGCATAAGAT-1"
"L3","AGATCTCAGGTGTGAT-1"
"L3","AGATGACTCGCCCACG-1"
"L1","AGATGAGGGTTGCGAT-1"
"L2","AGATGATGGAGTCTGG-1"
"L6","AGATGCAAGACGTGCA-1"
"L6","AGATGCATCCTGTGTC-1"
"L3","AGATTATAGGACGTTT-1"
"L3","AGATTCAAGCGGGTCG-1"
"L6","AGATTCACAACCGATA-1"
"L5","AGCAAAGGCCGCTAGT-1"
"L3","AGCAACATATCTTATT-1"
"L6","AGCAACCGAAAGTAAT-1"
"L3","AGCACCAGTACTCACG-1"
"L5","AGCACTACCGGCCTGT-1"
"L4","AGCACTACCTCACCAG-1"
"L3","AGCACTTAAGGACGCC-1"
"L5","AGCAGAAGGAGAAAGA-1"
"L5","AGCAGCCAGATGAATA-1"
"L6","AGCAGTCGAAGCATGC-1"
"L3","AGCATATCAATATGCT-1"
"L6","AGCATCATTTCGAAAG-1"
"L3","AGCATCGTCGATAATT-1"
"L5","AGCATTACGAGGCAAG-1"
"L6","AGCCAAGCTTTGTGTC-1"
"L5","AGCCACAGGTTACCCG-1"
"L2","AGCCACTCCCGTGCTT-1"
"L6","AGCCATATAGTATGTG-1"
"L5","AGCCCATACATGTAAG-1"
"L6","AGCCCGCAACAAGCAG-1"
"L5","AGCCCGCACTACAATG-1"
"WM","AGCCCGGCATTAGAGG-1"
"L6","AGCCCGGTAGCCTGTA-1"
"L1","AGCCCTAAGCGAAGTT-1"
"WM","AGCCCTCCCTGGTGGC-1"
"L3","AGCCCTGTCGCACCGT-1"
"L1","AGCCCTTCTAATCCGA-1"
"L3","AGCCCTTGGACATCCC-1"
"L5","AGCCGCAAATTCAAAT-1"
"L6","AGCCGTGGCTAAATGT-1"
"L6","AGCCTAATACCCACGT-1"
"L3","AGCCTTAAAGCGGAAG-1"
"L5","AGCGACAGGAACGGTC-1"
"L2","AGCGACATCCCATTCA-1"
"L3","AGCGACCAACGATATT-1"
"L5","AGCGATGCGCCTAATA-1"
"L5","AGCGCATAATGAATCG-1"
"L1","AGCGCGGGTGCCAATG-1"
"L3","AGCGCTAGAGCGATGT-1"
"L1","AGCGCTTATGGGCAAG-1"
"L5","AGCGGACACTTCGTAG-1"
"L6","AGCGGCGGTTAGCGGT-1"
"L3","AGCGGGAAGGGTCCAT-1"
"L6","AGCGGGTCTGACACTC-1"
"L3","AGCGGTTGAGATGTAC-1"
"L1","AGCGGTTGCCGCTCTG-1"
"L2","AGCGTACGAGAGCTAG-1"
"L1","AGCGTAGCGCTAGACC-1"
"L1","AGCGTCTGAACCCGCA-1"
"L3","AGCGTGGTATTCTACT-1"
"L2","AGCGTTCCGATTTAAA-1"
"L6","AGCTAACAAGCAATGT-1"
"L5","AGCTAAGTACGCAGGC-1"
"L1","AGCTAGAAGCAGAAGT-1"
"L1","AGCTATTTAATCCAAC-1"
"L3","AGCTCCATATATGTTC-1"
"L4","AGCTCCTTCGCACATC-1"
"L1","AGCTCGTTGATGGAAA-1"
"L3","AGCTCTAGACGTTCCA-1"
"L1","AGCTCTTCCCAGTGCA-1"
"L3","AGCTCTTCGTAACCTT-1"
"L4","AGCTCTTTACTCAGTT-1"
"L1","AGCTGAAGTAAACCAA-1"
"L3","AGCTGCATTTGAGGTG-1"
"L3","AGCTGCTGTGCCGAAT-1"
"L6","AGCTGTAACCTCAATC-1"
"L1","AGCTTATAGAGACCTG-1"
"L2","AGCTTCAATACTTTGA-1"
"L5","AGCTTCTTCTCGAGCA-1"
"L5","AGCTTGATCTTAACTT-1"
"L4","AGGAACGAACGACTTC-1"
"L5","AGGAAGCTGTCCGCCG-1"
"L3","AGGACAGTCGAATCCC-1"
"L3","AGGACATCGCACGTCG-1"
"L5","AGGACGACCCATTAGA-1"
"L1","AGGACGCTCGATGTTG-1"
"L3","AGGACTTATAGGAGAA-1"
"L1","AGGAGACATCCACAGT-1"
"L3","AGGAGGCCTTCGCGCG-1"
"L5","AGGATAAAGTCGGGAT-1"
"L3","AGGATATAGGGATTTA-1"
"L5","AGGATATCCGACTGCA-1"
"L6","AGGATCACGCGATCTG-1"
"L1","AGGATTGCTTACGACA-1"
"L1","AGGCAAAGAGGAATCA-1"
"L3","AGGCACGTGACTGTCC-1"
"L2","AGGCAGATGCGTAAAC-1"
"L6","AGGCAGGGAGCGTACT-1"
"L3","AGGCATTGTCGTAGGG-1"
"L3","AGGCCACCCGTTATGA-1"
"L3","AGGCCCAGTGACTGGT-1"
"L2","AGGCCCATTGTACAGG-1"
"L5","AGGCCCTAGAACGCCA-1"
"WM","AGGCCTATCATACCAA-1"
"L5","AGGCCTGAGAATCTCG-1"
"WM","AGGCGGTTTGTCCCGC-1"
"L1","AGGCGTCTATGGACGG-1"
"L3","AGGCTATGGTTAGCTT-1"
"L6","AGGCTTAAGTTGCACA-1"
"L5","AGGCTTCCCGAAGAAG-1"
"L3","AGGCTTGCTAGACACC-1"
"L1","AGGGAAACGAGGTACT-1"
"L1","AGGGACAGCACGGCGG-1"
"L2","AGGGACCGGCTGCGTT-1"
"L5","AGGGACTCTACGCGAC-1"
"L1","AGGGAGACATACTTCG-1"
"L1","AGGGCAGCGGCGTGGT-1"
"L5","AGGGCGAGCAGCTGAT-1"
"L3","AGGGCGTGATCGGCTA-1"
"L3","AGGGCTGCAGTTACAG-1"
"WM","AGGGTCAGAGCACTCG-1"
"L1","AGGGTCAGTAACCCTA-1"
"L3","AGGGTCGATGCGAACT-1"
"L5","AGGGTCTGGACGCAGT-1"
"WM","AGGGTGCCGTTCTTTA-1"
"L3","AGGGTGCTCTCGAGGG-1"
"L4","AGGGTGGATAGTGCAT-1"
"L3","AGGGTGTGCTACACGC-1"
"WM","AGGGTTCAGACGGTCC-1"
"L3","AGGGTTCCCTTTGGTT-1"
"L3","AGGGTTTAGTTCGGGA-1"
"L3","AGGTAACCTCCTATTC-1"
"L1","AGGTACGATATTGCCA-1"
"WM","AGGTAGATCGAGATAT-1"
"L4","AGGTAGGTACAAAGCT-1"
"L2","AGGTATAATTGATAGT-1"
"L6","AGGTCAGGTGAGAGTG-1"
"L1","AGGTCGCCACTTCGGT-1"
"L1","AGGTCGCGGAGTTACT-1"
"L5","AGGTGCACGTCCACAT-1"
"L6","AGGTGGTGACCTTCGC-1"
"L5","AGGTGTATCGCCATGA-1"
"L3","AGGTTACACCATGCCG-1"
"L2","AGGTTGAGGCACGCTT-1"
"L3","AGGTTTCACACACCTT-1"
"L1","AGTAACGTTCATCCTG-1"
"L5","AGTAACTATAGCAGCC-1"
"L5","AGTAAGGGACAGAATC-1"
"L6","AGTAATCTAAGGGTGG-1"
"L2","AGTAATGTCTTGCCGC-1"
"L6","AGTACAGAAGCTTATA-1"
"L1","AGTACATCATTTATCA-1"
"L1","AGTACCTTCGAGTGCT-1"
"L5","AGTACGGCCCGTATCG-1"
"L2","AGTACGGGCACCTGGC-1"
"L1","AGTACGTGGCCTGTCT-1"
"L4","AGTACTCTTATGCCCA-1"
"L6","AGTAGAAGGCGCCTCA-1"
"L1","AGTAGCGTGAACGAAC-1"
"L3","AGTAGCTAGACGCCGA-1"
"L1","AGTAGGAAGGAAGTTG-1"
"L2","AGTAGGTAACATACAT-1"
"L3","AGTATAATACTAGGCA-1"
"L6","AGTATACACAGCGACA-1"
"L1","AGTATCCATAATAACG-1"
"L6","AGTATGCTGGAGACCA-1"
"L6","AGTATTTGGCACGACC-1"
"WM","AGTCAAATGATGTGAT-1"
"L4","AGTCAACACCACCATC-1"
"L3","AGTCAAGATGACACTT-1"
"L3","AGTCACTAGCTCTCGA-1"
"L1","AGTCACTCCGCCTCAT-1"
"L3","AGTCAGCCACCGCCTG-1"
"L2","AGTCCAGCGGGTACGT-1"
"L3","AGTCCATTGGCTGATG-1"
"L1","AGTCCCGCCTTTAATT-1"
"L1","AGTCCCTCGCAGAAAG-1"
"L3","AGTCGACGGTCTCAAG-1"
"L3","AGTCGGCCCAAACGAC-1"
"L6","AGTCGGCTCAACTTTA-1"
"L3","AGTCGGTTGCGTGAGA-1"
"L5","AGTCGTATAAAGCAGA-1"
"L4","AGTCGTCGACCACCAA-1"
"L6","AGTCGTGGGCATTACG-1"
"L1","AGTCTAAAGTATACTC-1"
"L6","AGTCTCACAAGACTAC-1"
"L3","AGTCTGGACATCCTTG-1"
"L3","AGTCTTCTCCTCAAAT-1"
"L5","AGTCTTTAAAGTGTCC-1"
"L3","AGTGAACAAACTTCTC-1"
"L1","AGTGAAGATGGTGTCC-1"
"L4","AGTGACCTACTTTACG-1"
"WM","AGTGACTGTGACACAA-1"
"L3","AGTGAGACTTCCAGTA-1"
"L1","AGTGAGCCTCGCCGCC-1"
"L1","AGTGAGGGTTTCTGAC-1"
"L5","AGTGAGTCGAATTAAC-1"
"L5","AGTGATAACCTGCGCG-1"
"L5","AGTGATATGAGTAGTT-1"
"L3","AGTGATTCAAGCAGGA-1"
"L3","AGTGCACGCTTAAGAA-1"
"L5","AGTGCGTAGCTCGTAA-1"
"L5","AGTGCTAAACACAGCA-1"
"L3","AGTGCTTGCACGAATA-1"
"L5","AGTGGCCCGCAAATGG-1"
"L1","AGTGGCGGCAATTTGA-1"
"L5","AGTGGCGTCTGAAGGT-1"
"L5","AGTGGCTCCGTCGGCC-1"
"L6","AGTGGTGTTACCCGTG-1"
"L5","AGTGGTTGCGTATAGG-1"
"L1","AGTGTATTGCGCATTG-1"
"L3","AGTGTGCTAAGATCGC-1"
"L3","AGTGTGGTCTATTGTG-1"
"L4","AGTTAAACACTTGCGA-1"
"L1","AGTTAAGCGGTCCCGG-1"
"L6","AGTTAAGTCAACCGCT-1"
"L4","AGTTACCCTTAAGACT-1"
"L4","AGTTACCGCACATGGT-1"
"L1","AGTTACTCTATCGTGG-1"
"L1","AGTTATTGAAAGGTAA-1"
"L3","AGTTCACCGGTTGGAC-1"
"L3","AGTTCCTACAGAATTA-1"
"L3","AGTTCCTATTTATGTT-1"
"L3","AGTTCTGCGTTGTATC-1"
"L3","AGTTGACATCGGCTGG-1"
"L6","AGTTGACGGTCCTTGC-1"
"L3","AGTTGCTGACTGATAT-1"
"L5","AGTTGGCAAGGCTAGA-1"
"L1","AGTTTATGTAAAGACA-1"
"L1","AGTTTCGCAGGTCGGA-1"
"L5","AGTTTGCACCTGCCTC-1"
"L3","AGTTTGGCACGGGTTG-1"
"L5","AGTTTGGCCAGACCTA-1"
"L1","ATAAACCATTGGACGG-1"
"L4","ATAAACGGACCCGTAA-1"
"L3","ATAAACGTTGCACCAC-1"
"L3","ATAAAGGCTCGGTCGT-1"
"L1","ATAAAGGTCAAGTACG-1"
"L5","ATAAATATTAGCAGCT-1"
"L3","ATAACGCCGGAGGGTC-1"
"L3","ATAACGGAGTCCAACG-1"
"L2","ATAACGTTACCTCCAC-1"
"L3","ATAAGCAAACACCGAG-1"
"L4","ATAAGGTGGAGAACAT-1"
"L2","ATAAGTACCCGATTGT-1"
"L1","ATAAGTAGGATTCAGA-1"
"L2","ATAAGTAGGGCGACTC-1"
"L5","ATAAGTTACCGCGACG-1"
"L3","ATAATACCGTTAGCCG-1"
"L4","ATAATAGCTGTTGAAT-1"
"L3","ATAATAGTGTAGGGAC-1"
"L5","ATAATCTTGGAGAACC-1"
"L6","ATAATTAGCTAAGTAG-1"
"L5","ATACAGGCCCTCCAAT-1"
"L4","ATACCACGGGCAACTT-1"
"L1","ATACCAGCAAATTGCT-1"
"L1","ATACCAGGCTAATAGA-1"
"L1","ATACCAGGTGAGCGAT-1"
"L1","ATACCGTCATCCATAA-1"
"L5","ATACCTAACCAAGAAA-1"
"L2","ATACGAAGGCTTTCCA-1"
"L3","ATACGACAGATGGGTA-1"
"WM","ATACGAGGTTTGTAAG-1"
"L1","ATACGCCGATCTACCG-1"
"L3","ATACGCCGGCGAAACC-1"
"L6","ATACGGAACGTCGTTT-1"
"L1","ATACGGGTTTCGATTG-1"
"L5","ATACGGTGAAGATGCA-1"
"L5","ATACGTACTTAGCCAC-1"
"L3","ATACGTCCACTCCTGT-1"
"L6","ATACGTTATGCACGGA-1"
"L4","ATACTACCCGTACCAC-1"
"L3","ATACTAGCATGACCCT-1"
"L3","ATACTCTCGCCACTCT-1"
"L5","ATACTGCCTTACACCG-1"
"L4","ATACTTGTTCTCGAGC-1"
"L2","ATAGACAACGGGACCT-1"
"L3","ATAGACGAAGAGAAAG-1"
"L3","ATAGAGTACTGGGACA-1"
"L1","ATAGAGTTATCAACTT-1"
"L1","ATAGATTTGCAGTCGG-1"
"L5","ATAGCAACTAGGGAAG-1"
"L5","ATAGCCATAACAGTCA-1"
"L3","ATAGCCTCAGTACCCA-1"
"L3","ATAGCTGCTCTTGTTA-1"
"L2","ATAGGAATCTAAGCTT-1"
"L5","ATAGGCGGCTATAGAA-1"
"L1","ATAGGCTAGCTTCGCA-1"
"L2","ATAGGGATATCCTTGA-1"
"L3","ATAGGTTGGGCAGATG-1"
"L1","ATAGTCTTTGACGTGC-1"
"L4","ATAGTGAAGCGTTCTC-1"
"L3","ATAGTTCCACCCACTC-1"
"L5","ATATAAAGCGCTCGTG-1"
"L5","ATATAAATGTAGCTGC-1"
"L5","ATATAACACGGGCGCA-1"
"L4","ATATACGCTCGTGACG-1"
"L3","ATATCAACCTACAGAG-1"
"L3","ATATCGGTAGGGAGAT-1"
"L1","ATATCGTGCCAGACCC-1"
"L4","ATATCGTTCCTCGAAC-1"
"L1","ATATCTCCCTCGTTAA-1"
"L3","ATATCTTAGGGCCTTC-1"
"L6","ATATGGGATAGCAACT-1"
"L6","ATATGTCTAGAGCGTG-1"
"L3","ATATGTCTCCCTAGCC-1"
"L3","ATATGTGCACAAACCA-1"
"L5","ATATTCAGTTAAACCT-1"
"L4","ATATTCCACATAGTGA-1"
"L1","ATATTCCCACAGGTCA-1"
"L3","ATATTGCTGTCAAAGT-1"
"L3","ATATTTAACCCTCAAG-1"
"L3","ATCAAACACTGTTCCA-1"
"L5","ATCAAACGAAGGTTTG-1"
"WM","ATCAAAGAGCCGTGGT-1"
"L6","ATCAAGATCCCAGGAC-1"
"L3","ATCAATCTGGGCTGCA-1"
"WM","ATCAATGCCGTGGCTG-1"
"L1","ATCACATTAGAATATC-1"
"L5","ATCACGTGCTAATTAA-1"
"L2","ATCACTTCATCCTCGC-1"
"L5","ATCAGACGGCACGCCG-1"
"L4","ATCAGCCTCATGCTGC-1"
"L6","ATCAGCTCGTCCACTA-1"
"L1","ATCAGGTCGCCATTGC-1"
"L1","ATCAGTAGGCAGGGAT-1"
"WM","ATCATAGATCGACGAG-1"
"L4","ATCATAGCCCTATGTA-1"
"L3","ATCATCCAATATTTGT-1"
"L2","ATCATCTGCCCAGTGT-1"
"L3","ATCCAACGCAGTCATA-1"
"L5","ATCCAATGGAGGGTCC-1"
"L5","ATCCAATGGTACCGAA-1"
"L5","ATCCACATCGACAGAA-1"
"L1","ATCCACGCTAAATGTT-1"
"L3","ATCCACTTTCAGACTA-1"
"L5","ATCCAGAGCAACAACC-1"
"L4","ATCCAGGATTCGTGAA-1"
"L6","ATCCCATTTCCGTGGG-1"
"L5","ATCCTACCTAAGCTCT-1"
"L5","ATCCTGAATCGCTGCG-1"
"L5","ATCCTGCGTGGAATGG-1"
"L1","ATCCTGCTGCAGATAG-1"
"L4","ATCGACCCAATACAGA-1"
"L3","ATCGACTCTTTCCGTT-1"
"L3","ATCGCACGATTGTTCA-1"
"L3","ATCGCACGCCGGGAGA-1"
"L3","ATCGCCAGTCAACATT-1"
"L1","ATCGCTGCGTGCAGCA-1"
"L4","ATCGGAGACAGACGGC-1"
"L1","ATCGGCAAGCAGTCCA-1"
"L5","ATCGGTTACCTAGTAA-1"
"L5","ATCGTATTCCGAGAAC-1"
"L3","ATCGTCCAATCGAGTC-1"
"WM","ATCGTGGAAAGTCTGG-1"
"L4","ATCGTTAGCTAGCGGA-1"
"L1","ATCGTTCACTTTCGCC-1"
"L5","ATCTAATATCCTACGG-1"
"L5","ATCTACCATCTGCTCC-1"
"L6","ATCTAGCTTGTGAGGG-1"
"L3","ATCTCATAAACCTACC-1"
"L4","ATCTCCCACGGAATAT-1"
"L1","ATCTCCCTGCAATCTA-1"
"L3","ATCTCGTGAGCGAAAC-1"
"L6","ATCTGACATGGAAGGA-1"
"L3","ATCTGATAGTGTCTTA-1"
"L1","ATCTGCACCTCTGCGA-1"
"L6","ATCTGCTGTTATCGCC-1"
"L5","ATCTGGGCTGTTCTTG-1"
"L3","ATCTGGTTAAGACTGT-1"
"L2","ATCTGTAATTGTACCC-1"
"L5","ATCTTATCGCACACCC-1"
"L3","ATCTTGACCTGCAACG-1"
"L1","ATCTTGACTTGTCCAA-1"
"L1","ATCTTTCGTATAACCA-1"
"L3","ATGAAGCCAAGGAGCC-1"
"L5","ATGAAGTGGACCCAGC-1"
"L2","ATGACGCCGGCTCTAA-1"
"L6","ATGACGCGTTCTATCC-1"
"L6","ATGACTATCAGCTGTG-1"
"L3","ATGACTATGCGACATT-1"
"L3","ATGAGGAGTGTTAATC-1"
"L3","ATGAGGGCAGCGGCTA-1"
"L2","ATGATCGGGAATAGAC-1"
"L4","ATGATGCAATGGTACA-1"
"L3","ATGCACCTTCCTTAAT-1"
"L3","ATGCACTACCGCATTG-1"
"L3","ATGCATGATCCAGGAT-1"
"L1","ATGCATTCCGTGATGG-1"
"L1","ATGCCAATCGCTCTGC-1"
"L3","ATGCCATTTGCGACCA-1"
"L3","ATGCCGGTCTTGCATA-1"
"L1","ATGCCGGTTGATGGGA-1"
"L1","ATGCGACAATTGGTCC-1"
"L3","ATGCGACAGTCCCATT-1"
"L3","ATGCGAGTCCCACCAC-1"
"L3","ATGCTCAGTGTTGCAT-1"
"L5","ATGCTCTGGCGCGGTA-1"
"L3","ATGCTTAGGAGTTGAT-1"
"L3","ATGGAACAGAATAAAC-1"
"L2","ATGGAACCTTTGCACA-1"
"WM","ATGGACTGCTTAGTTG-1"
"L3","ATGGAGCAGGCCGTGA-1"
"L1","ATGGATCCGGCGTCCG-1"
"L3","ATGGATTGACCAAACG-1"
"L5","ATGGCAGCCGAGAAAC-1"
"L1","ATGGCTGGAAATGGCC-1"
"L1","ATGGGAACGGAAGCGG-1"
"WM","ATGGGACCTGCTGAAC-1"
"L3","ATGGGCCTCGGCCTCT-1"
"WM","ATGGGTGTATACCTCC-1"
"L6","ATGGTATTGGGAACCG-1"
"L3","ATGGTCGCGTGGTTTC-1"
"L1","ATGGTGCTCAAAGCCA-1"
"L3","ATGGTTACGAAACATG-1"
"L1","ATGTAAGGCTGCTCTT-1"
"L4","ATGTACATGCGGTGAG-1"
"L6","ATGTACGATGACGTCG-1"
"L6","ATGTAGCGCGCGTAGG-1"
"L6","ATGTCATAATAAACGA-1"
"L3","ATGTCATTTCCCATTG-1"
"WM","ATGTCTTGTTTGACTC-1"
"L6","ATGTGAAAGCCTAATG-1"
"L3","ATGTGCATCCGACGCA-1"
"L4","ATGTGGACATCTTGAT-1"
"L1","ATGTGTAGTTTAGTCA-1"
"L3","ATGTTACGAGCAATAC-1"
"L3","ATGTTCCTGCCCACCT-1"
"L5","ATGTTCGTCGACCCAC-1"
"L5","ATGTTGATTAGAGACT-1"
"L6","ATGTTGTAGTCTGTTT-1"
"L3","ATGTTTGTAAGATCAT-1"
"L4","ATTAAACATGCGGACC-1"
"L3","ATTAACACCTGAGATA-1"
"L3","ATTAATACTACGCGGG-1"
"L2","ATTAATGAACCAGTCG-1"
"L1","ATTAATTCGGTCACTC-1"
"L1","ATTACAACTACCGGCC-1"
"L3","ATTACATGTCAGTCTT-1"
"L3","ATTACCACACTGCCTG-1"
"L1","ATTACGACTCCACAGT-1"
"L5","ATTACGCGCTGGCAGG-1"
"L3","ATTACTAGCCTCTTGC-1"
"L1","ATTACTTACTGGGCAT-1"
"L1","ATTAGATTCCTCAGCA-1"
"L3","ATTAGATTGATAGCGG-1"
"L3","ATTAGGCGATGCTTTC-1"
"L1","ATTATACTTTGCTCGT-1"
"L1","ATTATAGCTACTTTAC-1"
"L6","ATTATCGGAATGTACG-1"
"L1","ATTATCTCGACAGATC-1"
"L3","ATTATGCCATAGGGAG-1"
"L3","ATTATGCTCAGTATTG-1"
"L6","ATTATTATGTCCGTCA-1"
"L5","ATTATTCAGAGTCACT-1"
"L4","ATTCAACCATTTAAGG-1"
"L5","ATTCACTGATGTTGGA-1"
"L3","ATTCAGATGAATCCCT-1"
"L1","ATTCAGGACCTATTTC-1"
"L2","ATTCAGGATCGCCTCT-1"
"L3","ATTCAGTAGCAGGGTC-1"
"L4","ATTCATATACTGTCCA-1"
"L5","ATTCATCGTTGAGGCA-1"
"L3","ATTCCCACATAAACAA-1"
"L1","ATTCCTAAGACGTGGA-1"
"L3","ATTCCTCCGCCAGTGC-1"
"L3","ATTCCTTCCAGGCGGT-1"
"L5","ATTCGACGCCGGGCCT-1"
"L2","ATTCGCAGAGGACACT-1"
"L5","ATTCGCGCCTTGAGAG-1"
"L3","ATTCGTGCTATCTCTT-1"
"L6","ATTCGTGTACCCATTC-1"
"L1","ATTCTCGTCTCTTTAG-1"
"L1","ATTCTGAGTATGAACT-1"
"L1","ATTCTTCGTACTTATG-1"
"L3","ATTGAAGATCTTAGTG-1"
"L1","ATTGACCGGCGATGAC-1"
"L1","ATTGACGTAACTCGGT-1"
"L3","ATTGATAGCAACGAGA-1"
"L3","ATTGATGAGTCCTAAC-1"
"L5","ATTGCCTTTATGTTTG-1"
"L3","ATTGCGATCAGTAACT-1"
"L3","ATTGCTGCTCCTCCAT-1"
"L3","ATTGGATTACAGCGTA-1"
"L1","ATTGGGAATATCTTGG-1"
"L2","ATTGGGAGTTCTGTAA-1"
"L4","ATTGGTAGGATCCGCT-1"
"L5","ATTGGTTGTGCATTAC-1"
"L3","ATTGTACAACTCGGCT-1"
"L1","ATTGTCGCAATACCTT-1"
"WM","ATTGTCTGTTTCATGT-1"
"L1","ATTGTGACTTCGCTGC-1"
"L2","ATTTAACTCGTATTAC-1"
"L3","ATTTACAGTTTACTGG-1"
"L1","ATTTACTAAGTCCATT-1"
"L6","ATTTATACTGGTAAAG-1"
"L1","ATTTCATTATTTCGCG-1"
"L6","ATTTCCGGGTTCTGCG-1"
"L1","ATTTGCCTAGTTACGA-1"
"L6","ATTTGCGCGAGTAGCT-1"
"L3","ATTTGTCTTGGGAGCT-1"
"L2","ATTTGTTCCAGGGCTC-1"
"L5","CAAACCAGGTCTGCAT-1"
"L6","CAAACCATAAGCGTAT-1"
"L6","CAAACCCTCCGGCGGG-1"
"L5","CAAACGAGTATCGCAG-1"
"L3","CAAACGGTCGCACTTT-1"
"L1","CAAACGTGGTCTTGCG-1"
"L1","CAAACTACGATAGAGA-1"
"L1","CAAACTATTGAGCTTC-1"
"L3","CAAACTCGCGACGCCG-1"
"L6","CAAAGATTATTGGGCC-1"
"L3","CAAAGGTTAAATTCAG-1"
"L3","CAAAGTCAGGTTAGCT-1"
"L5","CAAATCTCTCACAAGG-1"
"L1","CAAATGCGGAGTGTTC-1"
"L4","CAAATGTCCTTCCGTG-1"
"L1","CAAATTGGATTATGCC-1"
"L1","CAAATTGTCAGCAAGC-1"
"L1","CAACACATCTCCTGCC-1"
"L3","CAACAGAATAACGCTA-1"
"L1","CAACAGTGCCAAACGG-1"
"L4","CAACCAGTGGCCTACC-1"
"L4","CAACCTACCGAGCAGT-1"
"L1","CAACCTGAACCTGCCA-1"
"L3","CAACGACCCGTTTACA-1"
"WM","CAACGCGATGAGCCAA-1"
"L3","CAACGGTTCTTGATAC-1"
"L3","CAACGTGGTGGAGTCT-1"
"L1","CAACTATATCGAATGC-1"
"L1","CAACTCCAACGTTTAG-1"
"L2","CAACTCCGTAACTTGC-1"
"L3","CAACTCCTTGATCCCG-1"
"L2","CAACTGAGGGTATGAC-1"
"L5","CAACTGCTCATCCGAT-1"
"L2","CAACTTGTAGTGGGCA-1"
"L3","CAAGAAACCCTAAACT-1"
"L3","CAAGAGGGCGGAGTAC-1"
"L3","CAAGATATTATAACGT-1"
"L3","CAAGCAACGTCGGAGT-1"
"L2","CAAGCACCAAATGCCT-1"
"L5","CAAGCGGCACATAATT-1"
"L3","CAAGGATCGCATGTTC-1"
"L5","CAAGGCCAGTGGTGCA-1"
"L2","CAAGGTCCTATAGGCT-1"
"L6","CAAGTAAGTGATAGAC-1"
"L1","CAAGTGAACTTTGGTT-1"
"L3","CAAGTGTGGTTGCAAA-1"
"L3","CAATAAACCTTGGCCC-1"
"L5","CAATACGCTCTGAGGC-1"
"L2","CAATATGTAGATTTAC-1"
"L6","CAATATTCTTGACCTA-1"
"L3","CAATATTGGACTAGTG-1"
"L3","CAATCCATTATCCGTT-1"
"L1","CAATCCCTATACCAGC-1"
"L3","CAATCCTGCCGTGGAG-1"
"WM","CAATGACCCTTAATTT-1"
"L1","CAATGAGGTTCGACTA-1"
"L4","CAATGCGAGAAGTATC-1"
"L1","CAATGGAATCTACATA-1"
"L3","CAATGGATCTCTACCA-1"
"L1","CAATGGTCGGCCTGGG-1"
"L2","CAATGTGCCAACCCTT-1"
"L3","CAATTAAGGGTGATGA-1"
"L3","CAATTTCGTATAAGGG-1"
"L3","CAATTTGACCGGGAAG-1"
"L5","CACAAACCGCAGAACT-1"
"L1","CACAAGAAAGATATTA-1"
"L4","CACAATGAGCTGCTAT-1"
"L3","CACACACGCTAACGAG-1"
"L3","CACACAGCTTGCGCTC-1"
"L3","CACACAGGGATAGATT-1"
"L3","CACACGCGCTGTCTTA-1"
"L1","CACACGTTTCAATGGG-1"
"L2","CACACTTGTATTGCGA-1"
"L3","CACAGCACCCACGGCA-1"
"L3","CACAGCTAGGGAGTGA-1"
"L4","CACAGGGCCATATAGT-1"
"L6","CACAGGGCCGTTGTCA-1"
"L4","CACAGTCCCGCTTCGC-1"
"L3","CACAGTTCGCTTCCCA-1"
"L1","CACATAAGGCGACCGT-1"
"L4","CACATATTAGCAGGAT-1"
"L6","CACATCGTGCACGCGC-1"
"L5","CACATCTCACCGACGA-1"
"L3","CACATGATTCAGCAAC-1"
"L3","CACATGTTTGGACATG-1"
"L1","CACATTCTTTCGATGG-1"
"L3","CACATTTCTTGTCAGA-1"
"L5","CACCACGCCACACAGA-1"
"WM","CACCAGTCAGCATGCA-1"
"L1","CACCATCGGAGGAGAC-1"
"L2","CACCATGATCGCAAAG-1"
"L2","CACCCAAATCTTATGT-1"
"L3","CACCCACACGTCACCC-1"
"L1","CACCCACGAGGCAATT-1"
"L5","CACCCGCGTTTGACAC-1"
"L6","CACCCGGTTTGTGACT-1"
"L5","CACCCTAACAAGATCT-1"
"L6","CACCCTTGGTGAGACC-1"
"L1","CACCCTTTCCTCGCTC-1"
"L1","CACCGATACACCGAGC-1"
"L5","CACCGATGATGGGTAC-1"
"L3","CACCGCCAGAAGGTTT-1"
"L1","CACCGCCGACCAGCGA-1"
"L1","CACCGCGTCCACTCTA-1"
"L1","CACCGGAGATATCTCC-1"
"L5","CACCGGGCATCACAAG-1"
"L3","CACCGTATCCCATCCG-1"
"L6","CACCGTTAGGGATCAC-1"
"L5","CACCGTTGCGCGATAT-1"
"L3","CACCTAATAGAGTCGT-1"
"L2","CACCTAATCAGTTTAC-1"
"L2","CACCTCGATGGTGGAC-1"
"L3","CACCTCTACGAGTGTG-1"
"L2","CACCTTGCGAAACTCG-1"
"L3","CACCTTGGCGCCTTTG-1"
"L4","CACGAAAGTTAGTCCC-1"
"L3","CACGACCACAGACTTT-1"
"L2","CACGACGTAATAGTAA-1"
"L1","CACGACTAAAGTTCTG-1"
"L1","CACGATTGGTCGTTAA-1"
"L3","CACGCACAGCGCAGCT-1"
"L3","CACGCAGCGAGGCTTT-1"
"L3","CACGCGGAACTGTTGC-1"
"L1","CACGGACGTGGATGGC-1"
"L1","CACGGCGCGCCAAAGG-1"
"L5","CACGGGATTGAGGGTT-1"
"L4","CACGTCAATCAATGGA-1"
"L5","CACGTCGGCAACCTCT-1"
"L3","CACGTCGGGTTCTAGA-1"
"L1","CACGTCTATGATGTGG-1"
"L3","CACGTTCGTGCTCTAG-1"
"L4","CACGTTTCGTACACAC-1"
"L3","CACTAAAGTTGCCTAT-1"
"L4","CACTACGGGAGCTGCC-1"
"L1","CACTACTCAGTTCTGT-1"
"L3","CACTCAAGAGCTATGG-1"
"L1","CACTCAGCTCTTGAGG-1"
"L6","CACTCCTATGTAAGAT-1"
"L1","CACTCCTCTCGGTCGG-1"
"L4","CACTCGAGCTGAACAA-1"
"L5","CACTCGGTTAGGAGGA-1"
"WM","CACTCTCAAGCATCGA-1"
"L4","CACTCTTCTGCTAGCC-1"
"L6","CACTGACGATTGTGGA-1"
"L3","CACTGTCCAAGTGAGA-1"
"L3","CACTTAATCAGACGGA-1"
"L3","CACTTCGCCACAGGCT-1"
"L3","CACTTCGTCTTATCTC-1"
"L4","CAGAACTTAGCCCTCT-1"
"L3","CAGAATAACACACGGA-1"
"L5","CAGACACCGATCGCTG-1"
"L2","CAGACCTGTAAGTGTT-1"
"L5","CAGACGAACCTGATAC-1"
"L5","CAGAGACGGTCACCCA-1"
"L3","CAGAGCATGAGCTTGC-1"
"L5","CAGAGGCGATGCATGA-1"
"L1","CAGAGTGATTTAACGT-1"
"L5","CAGATAATGGGCGGGT-1"
"L3","CAGATACTAACATAGT-1"
"L1","CAGATCATTTAAAGTC-1"
"L6","CAGATCCTGGTTTGAA-1"
"L3","CAGCAGCCCGTTCCTT-1"
"L3","CAGCAGTCCAGACTAT-1"
"L5","CAGCAGTCTGTGCTGC-1"
"L1","CAGCCCTCACAGGCAG-1"
"L1","CAGCCGGGCCCTCTAT-1"
"L2","CAGCCTCCTGCAGAGG-1"
"L1","CAGCCTCTCCTCAAGA-1"
"L5","CAGCGATTCCCTTCAA-1"
"L5","CAGCGCCAACACGATA-1"
"L3","CAGCTCACTGAGACAT-1"
"L2","CAGCTCGACAAGTTAA-1"
"L3","CAGCTCGTGCTTGTGT-1"
"WM","CAGCTCTGGGCTCACT-1"
"L6","CAGCTGGCGTAACCGT-1"
"L4","CAGCTTAGTAGGTAGC-1"
"L1","CAGGAAGACTTTATAT-1"
"L4","CAGGATATATCGTTGT-1"
"L1","CAGGATCCGCCCGACC-1"
"L5","CAGGCAGTCTTACCAG-1"
"L4","CAGGCCGTTTGGGTGT-1"
"L6","CAGGCGCACGGTGGTC-1"
"L4","CAGGCGCCATGCTAGG-1"
"L2","CAGGTTTAGTACTACA-1"
"L1","CAGTAACTATTTATTG-1"
"L3","CAGTAATCCCTCCCAG-1"
"L1","CAGTACATTCTCTAAA-1"
"L6","CAGTACCAGTTTACGT-1"
"L3","CAGTAGATGATGTCCG-1"
"L1","CAGTAGCCCACGCGGT-1"
"L1","CAGTAGCGAGGTAGTA-1"
"L3","CAGTCCAACGCCTTCT-1"
"L1","CAGTCGAGGATGCAAT-1"
"L6","CAGTCGGCCTAGATAT-1"
"L2","CAGTCTCTCGGCTAAT-1"
"L3","CAGTCTGTATACTGGG-1"
"L2","CAGTGAATAAATGACT-1"
"L3","CAGTGGTTGCACATGA-1"
"L3","CAGTGTCCGCAGAATG-1"
"L3","CAGTGTCGGCTGGCCC-1"
"L3","CAGTTCAAATTGACAC-1"
"L3","CAGTTCCGCGGGTCGA-1"
"WM","CAGTTCGAGGACCCGA-1"
"L3","CATAACGGACAGTCGT-1"
"L5","CATAAGAAGCTTGGCT-1"
"L5","CATAAGCTCTCCGTCT-1"
"L1","CATAATGAGCGGGCGA-1"
"L3","CATACAAAGCCGAACC-1"
"L6","CATACACGGTTCCCAC-1"
"L4","CATACCCGTACCCAGT-1"
"WM","CATACGAACTAGCTGG-1"
"L3","CATACGGCGTCTGGGC-1"
"L3","CATACGGGTGCATGAT-1"
"L3","CATACTATGTAATTGT-1"
"L2","CATACTTAGGCAATAC-1"
"L6","CATACTTCTTTCTCCG-1"
"L5","CATAGAGGAGATACTA-1"
"L3","CATAGCCGCCCGGGAT-1"
"L6","CATAGCGTTGCCCACC-1"
"L1","CATAGTACATTGAGAG-1"
"L3","CATAGTAGCATAGTAG-1"
"L5","CATAGTCAAATACATA-1"
"L1","CATATACTACTGATAA-1"
"L4","CATATAGGTACAGTCA-1"
"L6","CATATGTCAGGCTACG-1"
"L1","CATATTATTTGCCCTA-1"
"L1","CATCAAACTGGCGCCC-1"
"L3","CATCAACACCTACTAA-1"
"L1","CATCATCTACCCGGAC-1"
"L3","CATCATTACCCTGAGG-1"
"L5","CATCCCGAGATTCATA-1"
"L3","CATCCGCAGGCCCGAA-1"
"L4","CATCCTCTCAAAGATC-1"
"L2","CATCGAATGGATCTCT-1"
"L3","CATCGCCCGCGGCCAA-1"
"L4","CATCGGACGGGTTAAT-1"
"L3","CATCGTCCGGTTACTA-1"
"L3","CATCTACCCGAGAACG-1"
"L3","CATCTAGTGAAGGGAA-1"
"L1","CATCTATCCCGTGTCT-1"
"L4","CATCTGCAGGATCATT-1"
"L3","CATCTTACACCACCTC-1"
"L2","CATGAACCGACATTTG-1"
"L1","CATGAACCTCTTATCA-1"
"L3","CATGACTTCGCTGAAT-1"
"L5","CATGAGATGCACTCTC-1"
"L6","CATGATACGGTGAAAC-1"
"L5","CATGATCGCTTTGAGA-1"
"L2","CATGATGCACAATTCT-1"
"L3","CATGATGGAAGTTAGC-1"
"L2","CATGCACGTGTTACTG-1"
"L1","CATGCATGGAGACCCT-1"
"L5","CATGCCAACTCGCAAA-1"
"L1","CATGCGACCAGTTTAA-1"
"L1","CATGCGTTAGACAGAA-1"
"WM","CATGCGTTGAGAGGAG-1"
"L1","CATGCTGGCTCCAATT-1"
"L2","CATGGAAATGGGACCA-1"
"L3","CATGGATTGTCTTCCG-1"
"L2","CATGGCAGGAAGATCG-1"
"L4","CATGGCTCCCTATGTC-1"
"L5","CATGGGTATGCCTTAT-1"
"L1","CATGGGTCGGGTGTGG-1"
"L3","CATGGTAAGTAGCGTT-1"
"L3","CATGGTCTAGATACCG-1"
"L5","CATGGTTTATTAATCA-1"
"L4","CATGTAAGAGACATTT-1"
"L1","CATGTAGGAGCGCCAA-1"
"L3","CATGTCTCATTTATGG-1"
"L6","CATGTGGGCTCATCAC-1"
"L1","CATTACATAGATTGTG-1"
"L5","CATTACGCAGGAAGGG-1"
"L2","CATTACGTCGGCCCGT-1"
"L1","CATTATAACAGGGTCC-1"
"WM","CATTATCCCATTAACG-1"
"L3","CATTATGCTTGTTGTG-1"
"L1","CATTCACTGACAGCTA-1"
"L2","CATTCAGGTCAGTGCG-1"
"L1","CATTCCCATTCCGTCG-1"
"L3","CATTCCCTAAGTACAA-1"
"L1","CATTGATGAACACGCC-1"
"L2","CATTGCAAAGCATAAT-1"
"L5","CATTGCGAAATGGGCG-1"
"L1","CATTGCGGGTCAATTC-1"
"L3","CATTGTGTGCTAGATC-1"
"L2","CATTTAGCGGACCATG-1"
"L1","CATTTATCGTTCAAGA-1"
"L3","CATTTCTAGCAGACTA-1"
"L5","CATTTGAGTGGTACGT-1"
"L3","CCAAACAGAACCCTCG-1"
"L3","CCAAAGCAGTTGGTTG-1"
"L1","CCAAAGTCCCGCTAAC-1"
"L3","CCAAATAACAAGATTC-1"
"WM","CCAACCTTATGTAACT-1"
"L3","CCAACGATGCACTGAT-1"
"L1","CCAACGCTTGCCAGGG-1"
"L5","CCAAGAAAGTGGGCGA-1"
"L2","CCAAGACTTCTGCGAA-1"
"L3","CCAAGCGTAACTCGTA-1"
"L1","CCAAGCTTGATCTCCT-1"
"L2","CCAAGGAACAGAGAGG-1"
"L5","CCAAGGTTGCCCTTTC-1"
"L3","CCAAGTTTCTACAGAT-1"
"L5","CCAATAGATTTCATCT-1"
"L3","CCAATAGTGCCGTCGA-1"
"L1","CCAATCGGTAGATCGA-1"
"L3","CCAATGTCACAGCAAG-1"
"L1","CCAATTACGGGTCGAG-1"
"L3","CCAATTGAATGTTAAT-1"
"L3","CCACAATGTACGTCTT-1"
"L4","CCACACTGAGATATTA-1"
"L2","CCACAGCTGAAATCAT-1"
"L3","CCACAGTACCCATCCT-1"
"L3","CCACATACTGCACCCA-1"
"L5","CCACCAACTTTACTGT-1"
"L3","CCACCCAAGGAAAGTG-1"
"L3","CCACGAATTTAACCTC-1"
"L1","CCACGAGAAGAGAATC-1"
"L5","CCACGGAGCCATAAGA-1"
"WM","CCACGGCAGGTGTAGG-1"
"L2","CCACGGTGCCCGGTAG-1"
"L2","CCACTAAACTGAATCG-1"
"L1","CCACTATCCGGGTCAC-1"
"L6","CCACTCAGATCCGCAA-1"
"L5","CCACTGGTGGCTGGTT-1"
"L4","CCACTGTTTGGATTAA-1"
"L5","CCAGAAACTGATGCGA-1"
"L6","CCAGAAAGCAACTCAT-1"
"L3","CCAGAGACAAAGCCGG-1"
"L3","CCAGATAGTTGAGTGA-1"
"L1","CCAGATGTAAATGGGT-1"
"L3","CCAGCCTGGACCAATA-1"
"L2","CCAGCTACGCCTCATA-1"
"L5","CCAGCTCGAACGCATT-1"
"L5","CCAGCTGATGGTACTT-1"
"L4","CCAGCTTCCGCCCGCA-1"
"L3","CCAGGGACGTGGCCTC-1"
"L2","CCAGTAGTCTGATCCA-1"
"L6","CCAGTCAAATCTCTTA-1"
"L3","CCAGTCCATTATTCGA-1"
"L1","CCAGTCTAGACGGCGC-1"
"L5","CCAGTCTTGTCATAGA-1"
"L6","CCAGTTCGGTAACTCA-1"
"L1","CCATAAACAACCCGAC-1"
"L1","CCATACCTTTACTTGT-1"
"L5","CCATACTCGCCTCTCC-1"
"L2","CCATAGGTTGGCGTGG-1"
"L3","CCATAGTCAGTAACCC-1"
"L3","CCATATGGAAACTATA-1"
"L3","CCATATTGGATCATGA-1"
"L3","CCATCATAAGAACAGG-1"
"L3","CCATCCATACCAAGTC-1"
"L5","CCATCGCAGTTAAACT-1"
"L3","CCATCTCACCAGTGAA-1"
"L1","CCATCTTGTTCACAAT-1"
"L4","CCATGCCCTAGATTTC-1"
"L3","CCATGCCTGTTTAGTA-1"
"L3","CCATGCTCTGCAGGAA-1"
"WM","CCATGGCAAACGCTCA-1"
"L4","CCATGGCCCTTGTACC-1"
"WM","CCATGTTCATCTATAT-1"
"L3","CCATTAGCGATAATCC-1"
"L3","CCATTCCCTGCCCACA-1"
"L5","CCATTTCTACCTATTA-1"
"L3","CCCAAACATGCTGCTC-1"
"L5","CCCAACATACGTCGCG-1"
"L1","CCCAACCACACTAACA-1"
"L2","CCCAAGAATGCACGGT-1"
"L1","CCCAAGACAGAGTATG-1"
"L5","CCCAAGTCATTACACT-1"
"L6","CCCAATGAGATTTGCA-1"
"L5","CCCAATTTCACAACTT-1"
"L1","CCCAGAGGAGGGCGTA-1"
"L6","CCCAGGAAGAATTCGA-1"
"L3","CCCAGGTCTGAAGGCT-1"
"L6","CCCAGTAAACTTGGGA-1"
"L3","CCCAGTTAAGGCGCCG-1"
"L4","CCCATATAGGTCGATT-1"
"L6","CCCGAAGTTTCGCGAA-1"
"L2","CCCGACCATAGTCCGC-1"
"L3","CCCGAGTTTCTCCGTA-1"
"WM","CCCGCAAATAATCATC-1"
"L4","CCCGCAGCGCGAACTA-1"
"L1","CCCGCAGGGCCCAAAG-1"
"L3","CCCGCCATGCTCCCGT-1"
"L3","CCCGCGCAATGCACCC-1"
"L2","CCCGCTAGAGGGTTAA-1"
"L1","CCCGCTTGCCCTCGTC-1"
"L5","CCCGGCACGTGTCAGG-1"
"L6","CCCGGGTCGTTCAGGG-1"
"L3","CCCGGTGGAAGAACCT-1"
"L6","CCCGGTGTATCGGAAT-1"
"L5","CCCGTAAGTCTAGGCC-1"
"L6","CCCGTAGCTGGGAAGA-1"
"L3","CCCGTCAGCGTCTGAC-1"
"L6","CCCGTGACAGTGCCTT-1"
"L6","CCCGTGAGGGCGGTGA-1"
"L3","CCCGTTTCGCAGATGT-1"
"L6","CCCTACCCACACCCAG-1"
"L5","CCCTACTTGAACAATG-1"
"L6","CCCTAGGCAACAAGAG-1"
"L3","CCCTAGTGTCAGGTGT-1"
"WM","CCCTATGTAGAGCAGA-1"
"L3","CCCTCAAGCTCTTAGT-1"
"L3","CCCTCATTCTGGAATT-1"
"L3","CCCTCCTCGCTCGTAT-1"
"WM","CCCTCGATAATACACA-1"
"L1","CCCTCGGGAGCCTTGT-1"
"L3","CCCTGAAATGAGTTGA-1"
"L5","CCCTGACTAACAAATT-1"
"L3","CCCTGATGTAACTCGT-1"
"L5","CCCTGCCCAATCCGCT-1"
"L4","CCCTGCGCTACGCATA-1"
"L6","CCCTGGCTGTTCCTTC-1"
"L6","CCCTGGGAGGGATCCT-1"
"L1","CCCTGGTATGGGCGGC-1"
"L3","CCCTGTTGGCAAAGAC-1"
"L1","CCCTTCTCGTACGCGA-1"
"L4","CCCTTTAATGGAGTTC-1"
"L5","CCCTTTGACAGGTCTT-1"
"L3","CCGAAAGTGGTGAGCA-1"
"L6","CCGAACACTGGGCCTC-1"
"L4","CCGAACCTTCCCGGCC-1"
"L3","CCGAAGTATATTGTTC-1"
"L3","CCGACAAACACATGAG-1"
"L4","CCGACAAAGGGAGTGC-1"
"L3","CCGACAATAGGCCGCC-1"
"L6","CCGACGGGCATGAGGT-1"
"L1","CCGACGTAAACACAAC-1"
"L1","CCGACTCGCATAGTCT-1"
"L3","CCGAGAAGTCGCATAA-1"
"L1","CCGAGCTGTGCTTGTC-1"
"L1","CCGAGGGATGTTAGGC-1"
"L3","CCGATCTCAACCTTAT-1"
"L3","CCGATCTTAAGAGGCT-1"
"L5","CCGATTCGAGGGACCC-1"
"L3","CCGATTGGTCAATGAA-1"
"L3","CCGCACAAAGACCAAC-1"
"L3","CCGCACGTGACCTCGG-1"
"L5","CCGCACTTGCAATGAC-1"
"L5","CCGCATGTGGTACGAT-1"
"L1","CCGCCACCACAATCCA-1"
"L6","CCGCCGGAACTTCTCG-1"
"L2","CCGCCGGTCAACACAC-1"
"L3","CCGCCGTTGAGGATAA-1"
"L1","CCGCCTGCGAATTGGT-1"
"L6","CCGCCTTGCGATGTCG-1"
"L5","CCGCGATTTGGTAGGT-1"
"L5","CCGCGGAATGCGTCAC-1"
"L4","CCGCGGGTACGAAGAA-1"
"L4","CCGCGTAGGTAAGGGC-1"
"L4","CCGCTATCAGCACCAG-1"
"L6","CCGCTCCAGGGCGATC-1"
"L5","CCGCTCTTCCGAACTA-1"
"L1","CCGCTGGTGCCATTCA-1"
"L5","CCGCTTACCTCACTCT-1"
"L1","CCGCTTCGCGGTTAAC-1"
"L1","CCGCTTGCTGACATGG-1"
"L5","CCGGAAGTGCAATATG-1"
"L3","CCGGAATGGTTTCAGT-1"
"L5","CCGGAGCGTACTTTCT-1"
"L1","CCGGAGGTCTTATGGT-1"
"L2","CCGGCACGACCGTTTC-1"
"L2","CCGGCGCATATTGGAT-1"
"L6","CCGGCGTGAGACTCTG-1"
"L2","CCGGGACCCGCAGAGA-1"
"L3","CCGGGCGGTCTCGTCA-1"
"L3","CCGGGCTGCTCCATAC-1"
"L4","CCGGGTTCGAGGTTAC-1"
"L3","CCGGTAATGGCTAGTC-1"
"L6","CCGGTATCTGGCGACT-1"
"L6","CCGGTTTGTAATTGTG-1"
"L3","CCGTAAGTTGGTCCCA-1"
"L3","CCGTACCCAAGCGCCA-1"
"L4","CCGTAGGAAATCCCTG-1"
"L4","CCGTAGGGTTGTTTAC-1"
"L6","CCGTATCTCGTCGTAG-1"
"L1","CCGTATTAGCGCAGTT-1"
"L1","CCGTGAGGCATTCATG-1"
"L2","CCGTGCCCATGACGGC-1"
"L1","CCGTGGAACGATCCAA-1"
"L5","CCGTGTTAAATTCCAT-1"
"L1","CCGTTACGTTAGAACA-1"
"L5","CCGTTCCGAATCTCGG-1"
"L1","CCTAAACAGGGTCCGT-1"
"L1","CCTAAAGGCTGACGCT-1"
"L3","CCTAAATTAACGGTTC-1"
"L3","CCTAAATTGTATCCTA-1"
"L3","CCTAACCCAAACAAGT-1"
"L1","CCTAACTAAGGCTCTA-1"
"L1","CCTAAGTGTCTAACCG-1"
"L1","CCTACAAGTCCGGAAT-1"
"L6","CCTACAGTTGAGGGAG-1"
"L6","CCTACATTCACAGACG-1"
"L2","CCTACGCGACCTTACA-1"
"L3","CCTACGGCTCAGTCGA-1"
"L4","CCTACTCAACACGATT-1"
"L1","CCTACTGCGGCGGCCA-1"
"L3","CCTACTGCTTACACTT-1"
"L3","CCTAGGCGTAGCGATC-1"
"L6","CCTAGGTAAAGGTAGC-1"
"L1","CCTAGTTAGTCGCATG-1"
"L4","CCTATAATGAGTGCCC-1"
"L6","CCTATACCGTCCTGTC-1"
"L6","CCTATATTTGTCCTGG-1"
"L1","CCTATCTATATCGGAA-1"
"L3","CCTATGAAGTGGTGCC-1"
"WM","CCTATGGCTCCTAGTG-1"
"L3","CCTATGGGTTACCGTC-1"
"L6","CCTATGGTCAAAGCTG-1"
"L5","CCTATGTCCACTCCAC-1"
"L3","CCTCACCAATCTTGAC-1"
"L1","CCTCACCTGAGGGAGC-1"
"L1","CCTCACCTTAGCATCG-1"
"L3","CCTCATGCAGCTACGA-1"
"L1","CCTCCCGACAATCCCT-1"
"L4","CCTCCGACAATTCAAG-1"
"L5","CCTCCTGAGCCCACAT-1"
"L5","CCTCCTGTTGTGTCGT-1"
"L1","CCTCGAAGTGGACGGG-1"
"L1","CCTCGACCCACTGCCT-1"
"L1","CCTCGCCAGCAAATTA-1"
"L1","CCTCGCGCGATATAGG-1"
"L5","CCTCGCGCTGTGCGAT-1"
"L3","CCTCGGACCGGGATAG-1"
"L5","CCTCGGATGCTACCTG-1"
"WM","CCTCGGTTTCCTTGCC-1"
"L3","CCTCGTTACGCCTGTT-1"
"L2","CCTCTAATCTGCCAAG-1"
"WM","CCTCTACAAGGATTGG-1"
"L6","CCTCTATCGATTAGCA-1"
"L4","CCTCTCTCCCATCTAG-1"
"L1","CCTCTGGCCTAGACGG-1"
"L5","CCTCTGTACTATTCTA-1"
"L3","CCTGAACGATATATTC-1"
"L2","CCTGAATATTTACATA-1"
"L3","CCTGACAAACTCGCGC-1"
"L4","CCTGACCACCGATGGT-1"
"L1","CCTGACGCAACCTTTA-1"
"WM","CCTGAGAATAAATGCA-1"
"L6","CCTGATTCGCGAAGAA-1"
"L5","CCTGCCCGTTGTCTAG-1"
"L3","CCTGCGATAGAACTGT-1"
"L5","CCTGCGTTCTACGCTT-1"
"L5","CCTGCTACAACCATAC-1"
"L3","CCTGCTATTTGAGAAG-1"
"L3","CCTGGAAACGTTCTGC-1"
"L3","CCTGGCTAGACCCGCC-1"
"L5","CCTGGTCGAATGTGGG-1"
"L4","CCTGTAAGACATGATA-1"
"L5","CCTGTACTCACGCCCA-1"
"L3","CCTGTCACCCGGGCTC-1"
"L2","CCTGTCCCTCACGTTA-1"
"L3","CCTGTCGCCCGTAAAT-1"
"L5","CCTGTGAAACCGTAAC-1"
"L3","CCTGTGCATAGGAGAC-1"
"L3","CCTGTGCGGATTGTAA-1"
"WM","CCTGTTCAACCTCGGG-1"
"L4","CCTGTTTGAAGACACG-1"
"L6","CCTTAAGTACGCAATT-1"
"L6","CCTTCAGTTAAAGTGA-1"
"L6","CCTTCGTATAGAATCC-1"
"L5","CCTTCTCAGCGTTCCT-1"
"L2","CCTTCTTGATCCAGTG-1"
"L3","CCTTGACCACTTTATT-1"
"WM","CCTTGTGAACGTGGTT-1"
"L6","CCTTTAAGGGAGCACT-1"
"L1","CCTTTCAATGAAGAAA-1"
"L1","CGAAACATAGATGGCA-1"
"L5","CGAAACGCAATTCATG-1"
"L3","CGAACAGTATGGGCGT-1"
"L2","CGAACATAGTCAGAAA-1"
"L5","CGAACCCGCATGCGTC-1"
"L1","CGAACGCCCAGTGCCG-1"
"L6","CGAACGGCCGGACAAC-1"
"L5","CGAAGACGGTGAGTGC-1"
"L1","CGAAGACTGCCCGGGA-1"
"L6","CGAAGATCAGTTTCAT-1"
"L1","CGAAGCTATAAATTCA-1"
"L4","CGAAGTTGCTCTGTGT-1"
"WM","CGAATCTGCTCGACGC-1"
"WM","CGAATGAAGTCATTGC-1"
"L6","CGAATGACGCATAATG-1"
"L2","CGAATTACATGGTGTT-1"
"L3","CGACAATTTGATCTAA-1"
"L2","CGACACCGCTTAAGGA-1"
"L3","CGACACGCTCCGACAG-1"
"L3","CGACACGGATGCCCAC-1"
"L4","CGACAGTTCGCGTTAT-1"
"L1","CGACATGCGATCTTCT-1"
"L6","CGACCCTTAACGCCGG-1"
"L6","CGACGCATCCGTACCT-1"
"L1","CGACTCAGGATGTTAT-1"
"L2","CGACTCGGTACACGGT-1"
"L2","CGACTTTGTATAGCCT-1"
"L4","CGAGACCCTAGAGTGT-1"
"L5","CGAGACTACTGCTGCT-1"
"L3","CGAGAGATGTGAACCT-1"
"L6","CGAGAGCGCGTAGATA-1"
"L5","CGAGAGCTTTCACTAC-1"
"L3","CGAGAGGGTAGCCGCG-1"
"L1","CGAGATGTTGCCTATA-1"
"L3","CGAGATTTCGCTCGGG-1"
"L3","CGAGCACTTCAAGTTT-1"
"L3","CGAGCCGAGCACTCGA-1"
"L2","CGAGCGTTGATCAGCC-1"
"L1","CGAGCTGGGCTTTAGG-1"
"L1","CGAGGAGCTTCCATAT-1"
"L1","CGAGGATCGGGAACGA-1"
"L3","CGAGGCCAGGCATTGG-1"
"L3","CGAGGCTAAATATGGC-1"
"L3","CGAGGGACTGCGGTCG-1"
"L6","CGAGGGTATCCAGGTG-1"
"L5","CGAGTACTAAAGAGGA-1"
"L6","CGAGTGAAGGTACCAG-1"
"L2","CGAGTGCTATAGTTCG-1"
"L2","CGAGTTCTGTCCCACC-1"
"L3","CGAGTTTATCGGACTG-1"
"L3","CGATAACCAATTTGAG-1"
"L3","CGATAATACTCAGGTT-1"
"L4","CGATACCTCGCGGACA-1"
"L5","CGATAGTCGTACTGCA-1"
"L2","CGATATTAGCCGCAGG-1"
"L2","CGATCATTAGAGGCAC-1"
"WM","CGATCCACCATTGTTG-1"
"L4","CGATCCGACCCAGTGC-1"
"WM","CGATCCTCGCAACATA-1"
"L6","CGATCGAGAAGCACCA-1"
"L5","CGATCTGTTGGAGGAC-1"
"L1","CGATGGACCCTACGCC-1"
"L5","CGATTAAATATCTCCT-1"
"L5","CGATTCGCCTGGCTGC-1"
"L3","CGCAAACACGAGTTAC-1"
"L4","CGCAATCGATCATTAG-1"
"L3","CGCAATTACTTTCGGT-1"
"L3","CGCAATTAGGGTAATA-1"
"L3","CGCAATTCTACAATAA-1"
"L3","CGCACATGTCCACTAC-1"
"WM","CGCACGTCTGTTTATG-1"
"L3","CGCACGTGCGCTATCA-1"
"L1","CGCAGAAACATTTGCG-1"
"L1","CGCAGATCTTCACCCG-1"
"L3","CGCAGGCGATCCAAAC-1"
"L1","CGCATCATGGCTTCAG-1"
"L1","CGCATCCATCAGCCAG-1"
"L5","CGCATGCCGAATGCGT-1"
"L3","CGCATGGTGCGATGCT-1"
"L3","CGCATTAGCTAATAGG-1"
"L5","CGCCAAGAAGCCGAGT-1"
"L6","CGCCACAGGTCGCGAT-1"
"L3","CGCCACCCGCATTAAC-1"
"L2","CGCCATCCGATTATGA-1"
"L6","CGCCCAGCACGCCTAG-1"
"L5","CGCCCAGCGTTTCACG-1"
"L1","CGCCCGCTTCCGTACA-1"
"L3","CGCCCTTACATCCACC-1"
"L3","CGCCCTTGAAGGCTGA-1"
"L5","CGCCGACTATTCGCTA-1"
"L3","CGCCGCCCATGCCTGT-1"
"WM","CGCCGCGTTCTGAACG-1"
"L3","CGCCGGTGTCGCAGTA-1"
"L2","CGCCGTCTACCCATCG-1"
"L4","CGCCGTTCAGCATAGT-1"
"L3","CGCCTCCCTCCTCTAT-1"
"L5","CGCCTGGCCTACGTAA-1"
"L3","CGCCTTTAGCATGCTC-1"
"L5","CGCGAAGTGGCATACT-1"
"L4","CGCGACACTGCGCAGC-1"
"L5","CGCGACCGCGACAGAT-1"
"L1","CGCGAGAGGGACTTGT-1"
"L6","CGCGAGTCTGCCGGGT-1"
"L6","CGCGCAAATGTCCAGA-1"
"L1","CGCGCAAGGAACTACA-1"
"L5","CGCGCATGTTTGATTG-1"
"L2","CGCGCCCGACTTAATA-1"
"L3","CGCGGCAGTATTACGG-1"
"L3","CGCGGCTCAACTTGAA-1"
"L3","CGCGGGAATTAGGCAG-1"
"L6","CGCGGGAATTCCTTTC-1"
"L1","CGCGGTAAGTCTAGCT-1"
"L4","CGCGGTACGGTATACA-1"
"L1","CGCGGTCACAAACCAA-1"
"L3","CGCGTACATTCTGGAA-1"
"L1","CGCGTCATATTAAACC-1"
"L1","CGCGTGCTATCAACGA-1"
"L3","CGCGTTCATGAAATAC-1"
"L1","CGCTACCGCCCTATGA-1"
"L4","CGCTACGGGACATTTA-1"
"L3","CGCTAGAGACCGCTGC-1"
"L3","CGCTATACCGCCCACT-1"
"L3","CGCTATCGTGGCTTTA-1"
"L3","CGCTATTCAATGTATG-1"
"L3","CGCTATTCTTAGGCTC-1"
"L3","CGCTCGACATAATGAT-1"
"L3","CGCTCTCCGTAGATTA-1"
"L1","CGCTGAGGACGTCCAA-1"
"L3","CGCTGGTGACTACCCT-1"
"L3","CGCTGTGACGCCGCAC-1"
"L6","CGCTGTGTGGATGTTG-1"
"L6","CGCTTAGTATTGATAC-1"
"L5","CGCTTATTCCCGGTCG-1"
"L3","CGCTTCCACTGAAATC-1"
"L5","CGCTTCGGTCTAAGAC-1"
"L4","CGCTTGGACGGATAGA-1"
"L2","CGCTTTCATACCGGTG-1"
"L6","CGCTTTCCGCCAAGGT-1"
"L3","CGCTTTCTTGCATTCG-1"
"L6","CGGAAAGAATCAAACG-1"
"L3","CGGAAAGCAAATGTGC-1"
"L1","CGGAAATTTCACATCC-1"
"L5","CGGAACGTAAACATAG-1"
"WM","CGGACCTCTGTAGTTA-1"
"L6","CGGACCTTTACGTCCC-1"
"L6","CGGACGTTACTTGAAG-1"
"L5","CGGAGCAATTTAATCG-1"
"L3","CGGAGCATGGCGATCC-1"
"L1","CGGAGCTTATAACACC-1"
"L3","CGGAGTCCTAACCTGG-1"
"L3","CGGAGTTTGAGAGACA-1"
"L3","CGGATAAGCGGACATG-1"
"L5","CGGATCCTCAAGGACT-1"
"L5","CGGCAAACATCGTGCG-1"
"L3","CGGCAATAAGATCGCC-1"
"L1","CGGCACCGTTAGCGCC-1"
"L3","CGGCACTCAAGAAAGT-1"
"L3","CGGCAGGGTCGGGTTG-1"
"L3","CGGCCACGCACAAAGT-1"
"L6","CGGCCAGAGCGACCAT-1"
"L1","CGGCCCAACCTGTAGT-1"
"L3","CGGCCCAGGTATATCC-1"
"L4","CGGCGCCATCAATCCC-1"
"L3","CGGCTCTAAAGCTGCA-1"
"L1","CGGCTCTTCGTCGAAC-1"
"L3","CGGCTGAAGGTTACGC-1"
"L1","CGGCTGCAAGATTAAG-1"
"L1","CGGCTTTGTATGATAA-1"
"L3","CGGGAATATAGTATAC-1"
"L4","CGGGAATTTATGTAAA-1"
"L3","CGGGAGCTTCAGTGTA-1"
"L3","CGGGAGTATACCGCCG-1"
"L3","CGGGATCAATGTAAGA-1"
"L3","CGGGCAGCTAAACCGC-1"
"L3","CGGGCCATAGCCGCAC-1"
"L4","CGGGCCTTCTTTGTAA-1"
"L6","CGGGCGATGGATCACG-1"
"L3","CGGGCTACTTAAATTG-1"
"L3","CGGGTGTACCCATTTA-1"
"L2","CGGGTTCGGCACGTAT-1"
"L1","CGGGTTGTAGCTTTGG-1"
"L3","CGGGTTTGTTAGGGCT-1"
"L3","CGGTACTAGAATCAAA-1"
"L1","CGGTAGAGGTGCAGGT-1"
"L1","CGGTATAGGTATTAGC-1"
"L6","CGGTATGGGCACTCTG-1"
"L3","CGGTCAAGTGGGAACC-1"
"L1","CGGTCCATGAGACTCC-1"
"L6","CGGTCCGTCGCAAGCC-1"
"L1","CGGTCTATCAACCCGT-1"
"L5","CGGTGAAGACTAAAGT-1"
"L5","CGGTGCAGATAGAACG-1"
"L5","CGGTGCGCGTTGGTCC-1"
"L1","CGGTGGGCTCCAGCCT-1"
"L3","CGGTGTACTTGATCCC-1"
"L2","CGGTTATCCAACAGTG-1"
"L1","CGGTTCAAGTAGGTGT-1"
"L2","CGGTTCCGGCTTCTTG-1"
"L5","CGGTTGACCTGGCATA-1"
"WM","CGGTTGAGTATCCTTC-1"
"L6","CGGTTGGGCAGGGTCC-1"
"L1","CGGTTGGGTTCAAGTT-1"
"L1","CGGTTTATGAAGGAAC-1"
"L3","CGTAAACGCTTGAGTG-1"
"WM","CGTAAATAACAAAGGG-1"
"L3","CGTAACGGAACGATCA-1"
"L6","CGTAACTTCGACACTT-1"
"L3","CGTAATAATTACGAGT-1"
"L3","CGTACCGAAAGTCTAG-1"
"L2","CGTACCTGATAGGCCT-1"
"L5","CGTAGAGAGTAATTAT-1"
"L1","CGTAGCGAATTGTCAG-1"
"L1","CGTAGCGCCGACGTTG-1"
"L3","CGTATTAAGAGATCTA-1"
"L1","CGTATTGTTTCCTAAT-1"
"L1","CGTCAAATGGTCGCAG-1"
"L4","CGTCAAGGCTATAAAT-1"
"L3","CGTCAATCTTTAACAT-1"
"L5","CGTCACGTCCATTGGT-1"
"L3","CGTCAGCTATTTACTC-1"
"L1","CGTCAGTGCGCACAAG-1"
"L1","CGTCAGTTTATCGTCT-1"
"L3","CGTCATACCATATCCA-1"
"L5","CGTCCTCATCGCGTGC-1"
"L5","CGTCGCATGTGAGCCA-1"
"L3","CGTCGCGGCGGGATTT-1"
"WM","CGTCGCTTGGTTATAC-1"
"L3","CGTCGGATAGTGTTGA-1"
"L6","CGTCGGGTCTAAGCGC-1"
"L5","CGTCGTCCTTCGCGAA-1"
"L3","CGTCTCTCGCCGAGGC-1"
"L2","CGTCTGGAAGGGCCCG-1"
"L4","CGTGAAGTTAATTCAC-1"
"L1","CGTGACATTGGGTCGT-1"
"L6","CGTGACCAGTCCTCTG-1"
"L5","CGTGCACACCACTGTA-1"
"L3","CGTGCAGACTGGGACA-1"
"L5","CGTGCATTGTCGACGC-1"
"L1","CGTGCCCGACATTTGT-1"
"L3","CGTGCCCTCCCGAAGA-1"
"L3","CGTGCTGGCCTAGTCG-1"
"WM","CGTGCTTCTACCTAAA-1"
"L3","CGTGGAAGCCTCGTAC-1"
"L3","CGTGGCCGAATATCTA-1"
"WM","CGTGGTACCCAAAGGC-1"
"L5","CGTGTATGGGAGCTGA-1"
"L3","CGTGTCCCATTCGCGA-1"
"L6","CGTGTCTCGTTACGAC-1"
"L1","CGTGTGTTAAACCCTG-1"
"L3","CGTTAAACTAGTTAGG-1"
"L5","CGTTAATGTCCCGACG-1"
"L1","CGTTAGCTCACAACTG-1"
"WM","CGTTCAAGGAAACGGA-1"
"L6","CGTTCAGACCCGCGAA-1"
"L6","CGTTCATGGTGCGCGT-1"
"L1","CGTTCTTCGCACACCT-1"
"L5","CGTTGAATACCGCGCT-1"
"L3","CGTTGAGCGACCGTCG-1"
"L1","CGTTGAGTAATTGCGT-1"
"L6","CGTTGCCCGCGTGGGA-1"
"L3","CGTTGTAAACGTCAGG-1"
"L1","CGTTGTAAGATTGATT-1"
"L6","CGTTGTCGGCAATTGA-1"
"L3","CGTTGTTTCAATTCCC-1"
"L1","CGTTTAAGCGGAGCAC-1"
"L1","CGTTTACAAGGCAGCT-1"
"L1","CGTTTCACTTCGGGCG-1"
"L3","CGTTTCGCTCATTACA-1"
"L6","CGTTTGTGTAGAGGGT-1"
"L1","CTAAACGGGTGTAATC-1"
"L4","CTAAAGAATGCCTACT-1"
"L6","CTAAAGGATGAGATAC-1"
"L4","CTAAAGGGAAATAGGA-1"
"L1","CTAAAGTCCGAAGCTA-1"
"L6","CTAAATCCGGTGTACA-1"
"L2","CTAAATCCTATTCCGG-1"
"L4","CTAACCGCGCGCCCGT-1"
"L2","CTAACGAAACTTGCTG-1"
"L4","CTAACTGATAATCGCC-1"
"L5","CTAACTGGTCCGGTTC-1"
"L3","CTAAGGGAATGATTGG-1"
"L2","CTAAGTACAGGGCTAC-1"
"L2","CTAATTATGAAGCGTA-1"
"L3","CTAATTCGCACGCGCT-1"
"L1","CTAATTCTCAGATATT-1"
"L3","CTAATTTCAACAACAC-1"
"L6","CTACAAGAAATAACCC-1"
"L1","CTACACTAGCTTGTTC-1"
"L4","CTACACTCGCAGATGG-1"
"L3","CTACCCTAAGGTCATA-1"
"L1","CTACGAACTAGGTCGA-1"
"L5","CTACGACTAGCTATAA-1"
"L3","CTACGCACGGAGTACC-1"
"L1","CTACGCCATTTCCGAT-1"
"L2","CTACGTGTTGCCACCA-1"
"L6","CTACTATCATAGGTTT-1"
"L2","CTACTATCTTTCAGAG-1"
"L6","CTACTCAAGGTATAGT-1"
"L4","CTACTCTAGGCCCGGC-1"
"L3","CTACTGCCACCTGACC-1"
"L2","CTAGACATATATGTAG-1"
"L1","CTAGACTGCATTTCGT-1"
"L2","CTAGATAAACTCCTCG-1"
"L2","CTAGATGTGAGTGTAA-1"
"L3","CTAGATTTACGACGGC-1"
"L1","CTAGCAACTAATTTAC-1"
"L3","CTAGCATAGTATAATG-1"
"L3","CTAGCCACAGGCGAGC-1"
"L1","CTAGCCGATGTTATGA-1"
"L3","CTAGCGCCAATCCTAC-1"
"L3","CTAGGCGCCCTATCAG-1"
"L1","CTAGGCGGCAGAGAAT-1"
"WM","CTAGGGATAGGGACAA-1"
"L3","CTAGGTCTGAAGGAAT-1"
"L5","CTAGGTTCGGACGTGA-1"
"L5","CTAGTAGAAAGGGATT-1"
"L1","CTAGTATTCGGAATTA-1"
"L3","CTAGTCACGTCTTAAG-1"
"L4","CTAGTGAAGGACAGGA-1"
"L5","CTAGTTACAACCCGGT-1"
"L3","CTAGTTGGGCCCGGTA-1"
"L1","CTATAAGAGCCAATCG-1"
"L6","CTATAGGCGTTGATGT-1"
"WM","CTATATCCAGCCTGGC-1"
"L6","CTATCACAACGCTGGA-1"
"L3","CTATCGACGAAATACA-1"
"L3","CTATCGCGTAGAGAAC-1"
"L3","CTATCGGGTCTCAACA-1"
"L6","CTATGCCCGAATGCAA-1"
"L3","CTATGGGAAGCGGAAT-1"
"L3","CTATGTCACTAGCCCA-1"
"L1","CTATGTCTATTGAAAC-1"
"L6","CTATGTGAGTCACGGC-1"
"L5","CTATTCATGTGTCCCA-1"
"L1","CTATTGTGTTTGGTCA-1"
"L6","CTATTTGCTTGGAGGA-1"
"L3","CTATTTGGTTACGGAT-1"
"L6","CTCAAACCACTGCCCG-1"
"L5","CTCAACTAACCCGGAT-1"
"L1","CTCAAGACATTAGCGC-1"
"L1","CTCACACGCAAGCCTA-1"
"L5","CTCACATTTACTAAAT-1"
"L5","CTCACCAGTACAAGTG-1"
"L3","CTCACCGATCCAAACT-1"
"L5","CTCACTGTGATACTTA-1"
"L5","CTCACTTGGCTGGTAA-1"
"L6","CTCAGAGCTAATGTCG-1"
"L6","CTCAGATTGTGATAAG-1"
"L3","CTCAGCAGACTGCCGA-1"
"L3","CTCAGGACTCACCTGT-1"
"L1","CTCAGTCACGACAAAT-1"
"L5","CTCATAAATGTGTATA-1"
"L1","CTCATGGCTCACAATC-1"
"L6","CTCATGGTAATTTGCG-1"
"L4","CTCATTCGTGAACATC-1"
"L5","CTCATTGCTCTAACAA-1"
"L3","CTCATTTGATGGGCGG-1"
"L3","CTCCCAATGAGTCGCG-1"
"L6","CTCCCTCCTTTCGATC-1"
"L3","CTCCGAGTAAATCCGC-1"
"L5","CTCCGCCCACATGAGG-1"
"L2","CTCCGGCCTAATATGC-1"
"L3","CTCCGGCTTGTAGACA-1"
"L3","CTCCTAAGTTATGTCT-1"
"L6","CTCCTCCAGCTCACAC-1"
"L3","CTCCTGTTCAAGGCAG-1"
"L1","CTCCTTTACGCAAGTC-1"
"L2","CTCGAATGGAACGTAT-1"
"L3","CTCGAGATCCAAAGCA-1"
"WM","CTCGAGGCAAGTTTCA-1"
"L3","CTCGAGGTCGAACAGT-1"
"L1","CTCGATATTTGCGAGC-1"
"L3","CTCGCACCTATATAGT-1"
"L5","CTCGCCGAATGTAGGG-1"
"L5","CTCGCTAGGTAAGCGA-1"
"L1","CTCGGGCATCGTCGGG-1"
"WM","CTCGGGTTCTCTGGCC-1"
"L3","CTCGGTACCACTGCTC-1"
"L3","CTCGGTCCGTAGCCTG-1"
"L6","CTCGGTTGTCGGCCCT-1"
"WM","CTCGTCGAGGGCTCAT-1"
"L6","CTCGTCTGTGCCTTCG-1"
"WM","CTCGTGGCACTGAAAG-1"
"WM","CTCGTTACGGCTACCA-1"
"L1","CTCGTTTCTAATGTTT-1"
"L6","CTCTAACACCGGCAGC-1"
"L1","CTCTAATGCATTGATC-1"
"L5","CTCTACACTGGCGATT-1"
"L6","CTCTACATCCTGCGTG-1"
"L5","CTCTAGCCCTCGGAAA-1"
"L4","CTCTATTTGGCTGCAG-1"
"L3","CTCTCACAATCGATGA-1"
"L1","CTCTCGATGTGCGCCT-1"
"L4","CTCTCGCTGTACTATG-1"
"L6","CTCTCTAACTGCCTAG-1"
"L2","CTCTGCGAAGCAAGCA-1"
"L3","CTCTGGACGCCTGGTG-1"
"L6","CTCTGTCCATGCACCA-1"
"L1","CTCTGTGCCTGCTATG-1"
"L1","CTCTGTTTGAGGATTC-1"
"L3","CTCTTCTATTGACTGG-1"
"L6","CTCTTCTGGAAGTTAG-1"
"L5","CTCTTGTCCCGCTTGG-1"
"L3","CTGAAACGGCCCTCAG-1"
"L2","CTGAAAGAGATCCGAC-1"
"L5","CTGAATCCGAGACCTC-1"
"L1","CTGAATTTATTGCCAG-1"
"L3","CTGACATAGAAATAGA-1"
"L2","CTGACTGCGCAGCTCG-1"
"L3","CTGAGAAAGTTCGGCG-1"
"L3","CTGAGCAAGTAACAAG-1"
"WM","CTGATCCCTTTATGCA-1"
"L1","CTGCAAATGGGCTCCA-1"
"L4","CTGCAAGCACGTTCCG-1"
"L4","CTGCACAACTACATAT-1"
"L1","CTGCACCTAGTCCACA-1"
"L2","CTGCACCTGGAACCGC-1"
"L5","CTGCACTCCAGTACAG-1"
"L4","CTGCAGAGAATCAGAG-1"
"L2","CTGCCAAGGTTGGAAG-1"
"L3","CTGCCATGCATCACAT-1"
"L5","CTGCCCACGAAGCGTT-1"
"L1","CTGCCTAGCCACCAAG-1"
"L1","CTGCCTCATATGCAAC-1"
"WM","CTGCCTTTAATACCTT-1"
"L5","CTGCCTTTCTAGTAAA-1"
"L6","CTGCGACCTCGCCGAA-1"
"L6","CTGCGATTTCGAGATT-1"
"L4","CTGCGGGTGAAATGTT-1"
"L1","CTGCGGTAGTCACGTG-1"
"L1","CTGCGTTACGATATAA-1"
"L6","CTGCTCTGACGGCAAA-1"
"L5","CTGCTGAGGCCACGAA-1"
"L3","CTGCTGTCTAACGAGC-1"
"L5","CTGCTTGGCGATAGCT-1"
"L1","CTGCTTTATGTCCGCG-1"
"L3","CTGGAAATGGATGCTT-1"
"L3","CTGGAAGACACGGTGG-1"
"L6","CTGGACGCAGTCCGGC-1"
"L5","CTGGATTTACACTTGA-1"
"L6","CTGGCATCCGAATGAG-1"
"L1","CTGGCGACATAAGTCC-1"
"L5","CTGGCGATTTACATGT-1"
"L3","CTGGCGCACAGGTCTG-1"
"L3","CTGGCGGGAATAAGTA-1"
"L2","CTGGCTCCTGCGGGAT-1"
"L3","CTGGCTGATTCATCCT-1"
"L1","CTGGCTGCTAACGTAA-1"
"L5","CTGGCTGGTTGTCAGT-1"
"L3","CTGGGATAAATAATGG-1"
"L2","CTGGGATACGCTACCC-1"
"L1","CTGGGATCGCCCAGAT-1"
"L3","CTGGGCACTAGTCGGA-1"
"L5","CTGGGCCTGCTATATC-1"
"L1","CTGGGCGGCCAAATGT-1"
"L5","CTGGGCTACTGGAGAG-1"
"L2","CTGGGCTATCCTTTGG-1"
"L3","CTGGGTAGGCAGTTAA-1"
"L6","CTGGGTTGAGTTAAAG-1"
"L5","CTGGTAAAGACTTACA-1"
"L3","CTGGTAAAGTGTGGGC-1"
"L3","CTGGTAACACATAGAA-1"
"L2","CTGGTAACGAGCTCTT-1"
"L3","CTGGTCATTCCAATCC-1"
"L1","CTGGTCCTAACTTGGC-1"
"L2","CTGGTTCAACGCATCA-1"
"L3","CTGGTTTCGAGCAAGA-1"
"L4","CTGTACTTCTTAGCAT-1"
"L6","CTGTAGCCATCTCACT-1"
"WM","CTGTAGTGAGGATCGA-1"
"L3","CTGTATGGTGTAGAAA-1"
"L1","CTGTCAAATGGCTCGG-1"
"L1","CTGTCACGCCAGGCGC-1"
"L3","CTGTGCAGGGTAGGTC-1"
"L4","CTGTGGTCGGGAGATA-1"
"L5","CTGTTACCCAATCTAG-1"
"L3","CTGTTCACTGCCTGTG-1"
"L3","CTGTTCATCTCACGGG-1"
"L3","CTGTTGGCTCTTCTGA-1"
"L4","CTTAAATAAGACCCAT-1"
"L5","CTTAACTTACAGTATA-1"
"L1","CTTAACTTCGAAGTAC-1"
"L6","CTTAATCGACTTAGTA-1"
"L3","CTTACACGGTATTCCA-1"
"L3","CTTACACTGGGAAATA-1"
"L6","CTTACATAGATTTCTT-1"
"L6","CTTAGATGTTTCATCC-1"
"L4","CTTAGCCCGGATAGTG-1"
"L2","CTTAGCCTTCCACATG-1"
"L1","CTTAGGTCCCAATCGT-1"
"L2","CTTAGTAGGCCTACAG-1"
"L5","CTTAGTGTAGTAGCAT-1"
"WM","CTTAGTTGAGGAATCG-1"
"L3","CTTATAGATGGCTGTT-1"
"L6","CTTATGCGCTCAGGGC-1"
"L3","CTTATGTTGACTACCA-1"
"L5","CTTCAACTCCACTTGG-1"
"L6","CTTCAGTGGTCGCCTA-1"
"L6","CTTCAGTTGGACAACG-1"
"L3","CTTCATAGCTCAAGAA-1"
"L6","CTTCATCACCAGGGCT-1"
"L3","CTTCATTGTCAGTGGA-1"
"L5","CTTCCGCTCCGTGAAG-1"
"L3","CTTCCTGCATATTTAC-1"
"L5","CTTCGATTGCGCAAGC-1"
"L3","CTTCGGCCAATTGTTT-1"
"L4","CTTCGTAGATAGGTGA-1"
"L1","CTTCGTGCCCGCATCG-1"
"L5","CTTCTATGTTGAAGTA-1"
"L5","CTTCTATTAATGCTAG-1"
"WM","CTTCTGGGCGTACCTA-1"
"L1","CTTCTTACGTCGTATA-1"
"L1","CTTGACCCGAAAGATA-1"
"L3","CTTGAGGTTATCCCGA-1"
"L3","CTTGAGTTAGGGTAAT-1"
"L5","CTTGATGACCATCCAG-1"
"L5","CTTGCAACCGCCTCCT-1"
"L5","CTTGCCCACCCACGCA-1"
"L4","CTTGCCCAGGCTCTAC-1"
"L6","CTTGGCCAAGCTGGGA-1"
"L3","CTTGTACTTGTTGACT-1"
"L5","CTTGTCAACATTCGAG-1"
"L1","CTTGTCGTACGTGTCA-1"
"L2","CTTGTGAGTCTTTGAC-1"
"L1","CTTGTGCTCACCGATT-1"
"L3","CTTGTTGCTGAGTCAA-1"
"L3","CTTGTTTATGTAGCCA-1"
"L3","CTTTAACTTTCAAAGG-1"
"L4","CTTTAATATTGGTCGA-1"
"L3","CTTTACCGAATAGTAG-1"
"L3","CTTTAGGAACACTGTT-1"
"L4","CTTTAGTGCTATTATT-1"
"WM","CTTTATCCGACGCATG-1"
"L5","CTTTCTGTGCGGGCTT-1"
"L3","CTTTGAAACATATTCC-1"
"L6","CTTTGACGTCGCTTCT-1"
"L5","CTTTGCATCGCTCTTG-1"
"L3","CTTTGGCAGACAGAGT-1"
"L4","CTTTGGCGCTTTATAC-1"
"L3","CTTTGGCTTTAGTAAA-1"
"L6","CTTTGGGATTGTTGCA-1"
"L3","GAAACAGATGACCACC-1"
"L1","GAAACAGCCATGCAGT-1"
"WM","GAAACATAGGAAACAG-1"
"L1","GAAACCATGGTGCGCT-1"
"L5","GAAACCGAATTACCTT-1"
"L6","GAAACCTATACAAATG-1"
"L3","GAAACTCGTGCGATGC-1"
"L1","GAAACTCTAATGAAGG-1"
"L3","GAAAGAACAGCGTTAT-1"
"L5","GAAAGCAGTGCACTTT-1"
"L5","GAAAGCCCTTTGGACC-1"
"L3","GAAAGTGACTAACTGC-1"
"L1","GAAATACCTGCTGGCT-1"
"L3","GAAATACTAAACGTTT-1"
"L4","GAAATATCACCATCAG-1"
"L1","GAAATATGCTTGAATG-1"
"L2","GAAATCGCGCGCAACT-1"
"L3","GAAATCTGACCAAGTT-1"
"L3","GAAATGGCGGTGTTAG-1"
"L3","GAAATGGGATGTAAAC-1"
"L1","GAAATTAGCACGGATA-1"
"L2","GAAATTCACATCGCTG-1"
"L4","GAAATTGTCTCTATAA-1"
"L5","GAACAACTGGGATGAA-1"
"L3","GAACACACATCAACCA-1"
"L5","GAACAGATTACTAAAT-1"
"L2","GAACATTAGTATGTTA-1"
"L1","GAACCATCTGGGAGAC-1"
"L5","GAACCCTCTGTGTTCT-1"
"L5","GAACCTCGACCTACAC-1"
"L5","GAACCTTTAACGATCC-1"
"L2","GAACGACCGAATGATA-1"
"L3","GAACGCGGGTCACACG-1"
"L3","GAACGGTGTAAAGCAG-1"
"L3","GAACGTCTCATGGTCG-1"
"L5","GAACGTTAGGAAGACG-1"
"L6","GAACTGTGGAGAGACA-1"
"L2","GAACTTAGCGCCCGGT-1"
"L1","GAACTTGTGCACGGGA-1"
"L6","GAAGAAACGATATTGT-1"
"L3","GAAGAACGGTGCAGGT-1"
"L1","GAAGACTTCAATGCCG-1"
"L1","GAAGCAAGGCAATGTT-1"
"L6","GAAGCCACTGATTATG-1"
"L4","GAAGCCGGGTAAGCTC-1"
"L5","GAAGCCTGCACATTCC-1"
"L3","GAAGCGTGAGGAATTT-1"
"L6","GAAGCTCGGACCCGTC-1"
"L3","GAAGCTCTTTGCTTAG-1"
"L3","GAAGCTTGCTGACCGC-1"
"L6","GAAGGAGTCGAGTGCG-1"
"L1","GAAGGCTACCATTGTT-1"
"L6","GAAGGGTCATTAAGAC-1"
"L5","GAAGTCAGTTGCACTA-1"
"L3","GAAGTCTCCCTAGCGA-1"
"L4","GAAGTGATTTATCGTG-1"
"L2","GAAGTGCTGGATAGCT-1"
"L3","GAAGTTTCCACTCAAT-1"
"L3","GAATAGACGCGACCCA-1"
"L3","GAATAGCATTTAGGGT-1"
"L1","GAATAGCCCTGCGGTC-1"
"L6","GAATAGTGCTCGATTA-1"
"L1","GAATATTCGGAGTCCC-1"
"L3","GAATCGACATGGTCAC-1"
"L2","GAATCGCCGGACACGG-1"
"L1","GAATCTATACTCGGAC-1"
"L3","GAATCTGAACATTCTC-1"
"L1","GAATGAAGGTCTTCAG-1"
"L3","GAATGCCGAAATGACC-1"
"L5","GAATGCGAATCGGTTC-1"
"L5","GAATGGGCTTATCGAC-1"
"L1","GAATGTATGGCAGGTC-1"
"L3","GAATGTGGTCCGGATT-1"
"L3","GAATGTTGGGTAATCT-1"
"L3","GAATTATAGTGAAAGG-1"
"L3","GAATTATGCAACCTAC-1"
"L5","GAATTCACCCGGGTGT-1"
"L3","GAATTTCTCGCTGCAG-1"
"L3","GACAAACATATGCAGG-1"
"L3","GACAACGACCATTGAA-1"
"L3","GACAACGCAGCTTACG-1"
"L3","GACAAGAGATGAGATT-1"
"L3","GACACAAGGGAAGAAA-1"
"L5","GACACAGCCGGGACTG-1"
"WM","GACACCCAAAGACGCG-1"
"L3","GACACGAGTTAGAGGA-1"
"L5","GACACTGAGTTCAGTG-1"
"L3","GACACTGGAACCCGAT-1"
"L5","GACACTTCCAATTACC-1"
"L6","GACAGAGGTCTTCAGT-1"
"L6","GACAGATTTCTGGCTC-1"
"L3","GACAGCCAGACCTGAC-1"
"L5","GACAGGCACACACTAT-1"
"L3","GACATACTGTCGCAGA-1"
"L5","GACATCCGTCGAACTG-1"
"L5","GACATCGATTTATAAC-1"
"L3","GACCAAACGTTGACTG-1"
"L6","GACCACACTTCCCTTT-1"
"L3","GACCAGAGCCCTGTAG-1"
"L1","GACCAGGTCATTCATA-1"
"L6","GACCCAATTATGATAC-1"
"L1","GACCCGTCGCCGGCTA-1"
"L3","GACCGACGTGAAAGCA-1"
"L4","GACCGACTGAAGCGTC-1"
"L3","GACCGCGTCTGACGTG-1"
"L1","GACCGTCAGGTCGTGA-1"
"L4","GACCGTGCTGACGGTG-1"
"L5","GACCGTTACATGCGAC-1"
"L5","GACCTTCCACGTCTAC-1"
"L5","GACGACGATCCGCGTT-1"
"L4","GACGAGGCTAATAAAC-1"
"WM","GACGATATCACTGGGT-1"
"L5","GACGCCGTAAAGGCTA-1"
"L3","GACGCCTGTTGCAGGG-1"
"L4","GACGCTTGCTTCTAAA-1"
"L1","GACGGACCGCGTTCCT-1"
"L1","GACGGGATGTCTTATG-1"
"L5","GACGGGCATCGAATTT-1"
"L6","GACGGGTTGGCCCGTA-1"
"L1","GACGGTCAATAGAAGC-1"
"L2","GACGTGAGACTCCATG-1"
"L3","GACGTGTAGGGATTAT-1"
"L1","GACGTTCGTAAATACA-1"
"WM","GACGTTGCTCGGCGGC-1"
"L1","GACTAACACAGCACCT-1"
"L3","GACTAAGATCATGCAC-1"
"L3","GACTAAGTAGGCTCAC-1"
"L6","GACTACAAAGCGGTGG-1"
"L1","GACTACAATTGCTCGT-1"
"L5","GACTAGGCCGTTAGGT-1"
"L3","GACTCACCCACGTGAG-1"
"L1","GACTCCCAGAATAAGG-1"
"L1","GACTCGCGGGAATGAC-1"
"L2","GACTCGGTCGGCGGAT-1"
"WM","GACTCTAGAGTTCCAA-1"
"L1","GACTGATTGGTCACAA-1"
"L5","GACTGCAAATCGAGCT-1"
"L3","GACTGCACCAGCCCAG-1"
"L4","GACTGCGGCACGTGTA-1"
"WM","GACTGCTGGTGAGAAA-1"
"L1","GACTGGGCGCCGCAAC-1"
"L6","GACTTCAACGCATCAA-1"
"L6","GACTTTCGAGCGGTTC-1"
"L5","GAGAACGGTTCTGACT-1"
"L5","GAGAATCTCACGATCA-1"
"L1","GAGACCCTGCAACGCC-1"
"L3","GAGACTGATGGGTAGA-1"
"L5","GAGACTTCGCGACCGA-1"
"L4","GAGAGCGCAGTCCCTG-1"
"L5","GAGAGGCCTATGTGTA-1"
"L4","GAGAGGGCGCGAGGTT-1"
"L5","GAGAGGTGCATTCTGG-1"
"WM","GAGAGTCTCGGGAGAG-1"
"L3","GAGATCTGCTTGGCAT-1"
"L3","GAGATCTGTCACTCCG-1"
"L3","GAGATCTTCCATGACA-1"
"L1","GAGATGACAATCCTTA-1"
"L6","GAGATGGCTTTAATCA-1"
"L5","GAGATGGGAGTCGACA-1"
"L5","GAGCACCTGTGTCCAG-1"
"L3","GAGCACGGCGCCTCTT-1"
"WM","GAGCATCAACAACTTG-1"
"L2","GAGCATCATCCCTGGG-1"
"L1","GAGCCACGGTAGTAGG-1"
"L4","GAGCCAGCTACCTGTG-1"
"L1","GAGCCGAGCGTTTATT-1"
"L1","GAGCGAGGGAGTACCG-1"
"L3","GAGCGCAAATACTCCG-1"
"L3","GAGCGCGCACGAGTAG-1"
"L1","GAGCGCTATGTCAGGC-1"
"WM","GAGCGCTGTTAGGTAA-1"
"WM","GAGCGGAATGCGGTGT-1"
"L3","GAGCTAAGGGCATATC-1"
"L6","GAGCTCAACATGAGCG-1"
"L3","GAGCTCTCGGACCTAA-1"
"L1","GAGCTGTCGTCTCGGA-1"
"WM","GAGGAATATCTCTTTG-1"
"L3","GAGGAATGGAGAGGTT-1"
"L3","GAGGAGATCCTCATGC-1"
"L1","GAGGAGTAATTCCTAC-1"
"L1","GAGGCATTTGCAGCAG-1"
"L6","GAGGCCCGACTCCGCA-1"
"L4","GAGGCCTGTTGATACA-1"
"L4","GAGGCTATCAAAGTCG-1"
"WM","GAGGGAGTCAGATCGC-1"
"L3","GAGGGCATCGCGTATC-1"
"L1","GAGGGCCATAATATTA-1"
"L3","GAGGGCCGGCAGAGTC-1"
"L2","GAGGGCGCAGCTCTGC-1"
"WM","GAGGGTAGTAACAAAG-1"
"L1","GAGGTACATCCATCTT-1"
"L6","GAGGTACGCGTGTCCC-1"
"L3","GAGGTCCCAAAGATCT-1"
"L2","GAGGTCTTAGTGGGTC-1"
"L3","GAGTAAACCGGAAAGT-1"
"L6","GAGTAAGGCCACGGGA-1"
"L3","GAGTACGGGTATACAA-1"
"L5","GAGTAGATACTAGTTG-1"
"WM","GAGTATACCCTAATCA-1"
"L5","GAGTATGCCCGCCTTG-1"
"L5","GAGTATGCGCGTGCAT-1"
"L6","GAGTCAGACCAGAATC-1"
"L6","GAGTCCACCAGGTTTA-1"
"L4","GAGTCCGCTTACCGGA-1"
"L4","GAGTCGACAGACCCTC-1"
"L1","GAGTGCACGGACAACA-1"
"L5","GAGTGTCAACCAGAAA-1"
"L3","GAGTGTGCGGTACCCA-1"
"L6","GAGTTGATGGCAATTT-1"
"L3","GATAAATCGGTGGATG-1"
"L3","GATAACTCGCACTGTG-1"
"L3","GATAAGGCAGATGCAA-1"
"L5","GATACGATGGGAGTCA-1"
"L6","GATAGAACCCGCTAGG-1"
"L5","GATAGATAGTACAGTC-1"
"L3","GATAGCGTACCACGCG-1"
"L5","GATAGGTAACGTTGAC-1"
"L2","GATAGGTGTCCCGGGC-1"
"WM","GATAGTGCGAGTAAGT-1"
"L1","GATATCTCATGCAATA-1"
"L3","GATATGAGACACTAAC-1"
"L1","GATATGCGGTAGCCAA-1"
"L4","GATATGGATTACGCGG-1"
"L3","GATATTGAGATTGGCG-1"
"L1","GATATTTCCTACATGG-1"
"L6","GATCAACATAAAGGGA-1"
"L3","GATCATTCCAAACATT-1"
"L3","GATCCCTTTATACTGC-1"
"L3","GATCCGGGAATTAACA-1"
"L1","GATCCTAAATCGGGAC-1"
"L6","GATCCTCGACACTGGC-1"
"L1","GATCCTCTTGCGCTTA-1"
"L3","GATCGACACTATCTGA-1"
"L3","GATCGCGGGCTCTCCA-1"
"L3","GATCGCTACCCGATTT-1"
"WM","GATCGCTATATCTCAG-1"
"L5","GATCGGATAGAACCAT-1"
"L3","GATCGGCGATAAGTCG-1"
"L3","GATCGGTGGCCATAAC-1"
"L3","GATCGTGACTGATATC-1"
"L3","GATCTCGACGCTGTGG-1"
"L6","GATCTGCTATCTAAGG-1"
"L3","GATCTTAGTGAACGTG-1"
"L3","GATCTTCATTGTCCTC-1"
"L3","GATCTTGGAGGGCATA-1"
"L4","GATCTTTGCAGGGTAT-1"
"L2","GATCTTTGCTCAAAGA-1"
"L6","GATGACAAGTAGGGCA-1"
"L1","GATGACGATGATCGCG-1"
"L5","GATGAGGAACCTTCGG-1"
"L1","GATGATTTGAAACTGG-1"
"L1","GATGCCACACTACAGC-1"
"L3","GATGCCAGCAGAAGGC-1"
"WM","GATGCCTTCTGCGGCA-1"
"L4","GATGCGAATGGTATTA-1"
"L3","GATGCGTCCTGCATTC-1"
"L3","GATGCTACAAGCGCCT-1"
"L6","GATGCTACCTTCGATG-1"
"L3","GATGCTGTATTTCATC-1"
"L3","GATGGCGCACACATTA-1"
"L3","GATGGTGAAATAACCC-1"
"L1","GATGGTGCCCTAGGCA-1"
"L6","GATGTAACGAACCACC-1"
"L1","GATGTCCGGATCACAT-1"
"L1","GATGTCGGTCAACTGC-1"
"L1","GATGTGTTGTCACAAG-1"
"L4","GATGTTCAATCCACGA-1"
"L3","GATGTTTGTGCGAGAT-1"
"L4","GATTAACCGAAAGCCC-1"
"L1","GATTAATCCTGGCTCA-1"
"L4","GATTACTGAATTTGGG-1"
"WM","GATTAGAAACAAGCGT-1"
"L6","GATTATCTTGCATTAT-1"
"L3","GATTCCCTTGTCGCAG-1"
"L1","GATTCCGCGTTTCCGT-1"
"L3","GATTCCTATACGGCGC-1"
"L3","GATTCGACGGTTCACG-1"
"L6","GATTCTGTTAATGAGT-1"
"L1","GATTGACACTCTGCTC-1"
"WM","GATTGCTCCAGTTGCA-1"
"L5","GATTGGGAAAGGTTGT-1"
"L2","GATTTAGTGCGTACTG-1"
"WM","GATTTGCGCTAACACC-1"
"L3","GCAAACCCTACATTAT-1"
"L5","GCAAACCTTGGCCATA-1"
"L3","GCAAACGTCGCCAGGT-1"
"L4","GCAAATATTACGCTTT-1"
"L6","GCAAATGAGGACACTT-1"
"L6","GCAACACACTAGAACT-1"
"L3","GCAACAGCAGTATGCG-1"
"L1","GCAACCACCAGACCGG-1"
"L5","GCAACCACGGCCGCGT-1"
"L5","GCAACCCAAGTTGTTT-1"
"L3","GCAACGGCTAGTTATG-1"
"L5","GCAAGAATTCCTTGGC-1"
"L1","GCAAGATGTGTTCGCG-1"
"L3","GCAAGTGCACAGAGAA-1"
"WM","GCAAGTGTAAAGCATG-1"
"WM","GCACAAACCCTAGATG-1"
"L3","GCACAAACGAGGCGTG-1"
"L3","GCACAAGTGGATCATA-1"
"L1","GCACAAGTGTCGGAAG-1"
"L4","GCACACACTGGTAGCC-1"
"L6","GCACACAGCTATTACC-1"
"L5","GCACACGCCCATGGTC-1"
"WM","GCACAGCACGGGCCGA-1"
"L5","GCACCTAGGCGAGTCC-1"
"L6","GCACGCCGATTCCCGC-1"
"L6","GCACGCCTACTTAGAT-1"
"L5","GCACGTGGTTTACTTA-1"
"L2","GCACTAGTCGCGCTAT-1"
"L1","GCACTCCCACAGTCCC-1"
"L6","GCACTGCCTACCTTTA-1"
"L2","GCACTGTGCAAATGTA-1"
"L3","GCAGAAACGTAATCCA-1"
"L3","GCAGACCCAGCACGTA-1"
"L4","GCAGATCCATAAGACT-1"
"L3","GCAGATCCTCGCAAAT-1"
"L3","GCAGATTAGGGATATC-1"
"L4","GCAGCACACAGCCCAG-1"
"L2","GCAGCCTATATCACAT-1"
"L2","GCAGCGGTGGGCATTA-1"
"L1","GCAGCTATGGACAGGT-1"
"L6","GCAGCTGTCAACGCAT-1"
"L6","GCAGGAACTTAGATCT-1"
"L4","GCAGGACTATAGAATA-1"
"L1","GCAGGTAGAGTATGGT-1"
"L5","GCAGTGTGGCTATAGG-1"
"L3","GCAGTTCGATCCGAGC-1"
"L3","GCATAAATTGAACGCC-1"
"L5","GCATACGAGGTCTTTA-1"
"L3","GCATAGAGCACTCAGG-1"
"L3","GCATCCCTAACTTTGA-1"
"L3","GCATCGGCCGTGTAGG-1"
"L3","GCATGAGGGACGCGGC-1"
"L5","GCATGCTAATAACGAT-1"
"L6","GCATGGGTACTGACGC-1"
"L1","GCATTCAAGGCAACGC-1"
"L4","GCATTCGAAATGAACA-1"
"L5","GCATTGTAATTCATAT-1"
"L1","GCATTTCCAAGGCTCC-1"
"L1","GCCAACCATTTCCGGA-1"
"L6","GCCAAGAATACTTCTG-1"
"L1","GCCAATAGGGCATCTC-1"
"L5","GCCACAATTTAAGGAC-1"
"L4","GCCACTCAGAGCGCGA-1"
"L3","GCCACTCCTTACGGTA-1"
"WM","GCCAGGAAAGAACACT-1"
"L1","GCCAGGAGTAACCGAT-1"
"L1","GCCAGGCGTTCGCATG-1"
"L3","GCCAGGCTTAGTGGTA-1"
"L1","GCCATATTGCACACAG-1"
"L5","GCCATCGAGCTGCGTG-1"
"L1","GCCATCGATGCTGCAT-1"
"L6","GCCATTAGCCTCAAAC-1"
"L2","GCCCACCAAGGCTGTC-1"
"L3","GCCCACTGGTCCACAA-1"
"L2","GCCCAGATGCTGGAGA-1"
"L3","GCCCAGTTGGTATGCC-1"
"L3","GCCCATGGGTGCAATG-1"
"L6","GCCCGACTTCTTCCCG-1"
"L5","GCCCGATCTGTGGTCG-1"
"L5","GCCCGCGCGTAAACGG-1"
"L3","GCCCGCGCGTTTGACA-1"
"L3","GCCCGTAATACCTTCT-1"
"L6","GCCCTAAGTGCAGGAT-1"
"L6","GCCCTAGCCGTCGCGA-1"
"L6","GCCCTGAGGATGGGCT-1"
"L3","GCCGAAATTCCTACGT-1"
"WM","GCCGACCCACGACTGC-1"
"L3","GCCGATTGGCCAAGCT-1"
"L3","GCCGCACTCCGTTTCA-1"
"L5","GCCGCATTAGTCCGGC-1"
"L3","GCCGCTAGATACGCAG-1"
"L4","GCCGCTTGTGAGAAAC-1"
"L1","GCCGGAAACACATCTT-1"
"L4","GCCGGGTTAGGGTCGC-1"
"L6","GCCGGTCGTATCTCTC-1"
"L1","GCCGGTTTGGGCGGAT-1"
"WM","GCCGTCGGTTTCGGGC-1"
"L3","GCCGTGGAAGAAATGT-1"
"L5","GCCTACGTTCTGTGCA-1"
"L3","GCCTAGCGATCTGACC-1"
"L2","GCCTATAGTGTCAGGG-1"
"L1","GCCTATGCTGGGCCTT-1"
"L3","GCCTATTCCGATATAG-1"
"L1","GCCTATTTGCTACACA-1"
"L3","GCCTCATCTGGAAATA-1"
"L4","GCCTCCGACAATTCAC-1"
"L5","GCCTCTATACATAGCA-1"
"L2","GCCTGCTACACTGAGA-1"
"L6","GCCTGTCCCGGTGCAT-1"
"L2","GCCTTCAGCCCTACCG-1"
"L3","GCCTTGTATATGCAGT-1"
"L3","GCGAAACGATCGGGAG-1"
"L3","GCGAAACTTAACTGGA-1"
"L5","GCGAAGAATCTGACGG-1"
"L3","GCGAAGCCATACCCGT-1"
"L6","GCGAATGGACTAGCGA-1"
"L3","GCGACATGTAAACATC-1"
"L6","GCGACCCAACCATCTG-1"
"L5","GCGACGATAGTTGTAC-1"
"L6","GCGACGGTAGTCTCCT-1"
"L3","GCGAGAAACGGGAGTT-1"
"L1","GCGAGAGGCCATGTAA-1"
"L2","GCGAGAGTTGCGTCCA-1"
"L3","GCGAGCGCATGCTCCC-1"
"L4","GCGAGGCCCGAGCAGA-1"
"L3","GCGAGTTCTGCAAAGA-1"
"L3","GCGATGTCTGTGCTTG-1"
"L1","GCGATTCTGGAAGCAG-1"
"L3","GCGATTGTTAACGTTA-1"
"L6","GCGCAAATATATTCAA-1"
"L3","GCGCAAGAGCGCGCTG-1"
"L2","GCGCATCCAGTCAGCA-1"
"L3","GCGCCGTTCCACGATA-1"
"L3","GCGCCTCCCACTCCGA-1"
"L1","GCGCGATGGGTCAAGT-1"
"L6","GCGCGGTCTAGTAACT-1"
"L5","GCGCGTCATTGGTACA-1"
"L2","GCGCTAAGTATGCATG-1"
"L3","GCGCTAATTGAATAGA-1"
"L4","GCGCTATGCCGAGGCA-1"
"L1","GCGCTGATCCAGACTC-1"
"L2","GCGCTGCTTTGCATTT-1"
"L4","GCGCTTAAATAATTGG-1"
"L5","GCGGACCGCGTTGTGG-1"
"L6","GCGGAGAAACTTCGCA-1"
"L3","GCGGAGAGGGAGAACG-1"
"L6","GCGGCAAAGTATTGCC-1"
"L4","GCGGCTCTGACGTACC-1"
"L6","GCGGCTTTAGCAAGTT-1"
"L3","GCGGGAACCAGGCCCT-1"
"L6","GCGGGCAGACGGGTGA-1"
"L1","GCGGGCATTACGATGC-1"
"L5","GCGGGCGAGCCTTACC-1"
"L2","GCGGTAACCCAAATGA-1"
"L1","GCGGTCCCGGTGAAGG-1"
"L2","GCGGTCCCTAGACGCA-1"
"L6","GCGGTCTTGCTTTCAC-1"
"L1","GCGGTGAACTGCGCTC-1"
"L3","GCGGTGCGGAGCATCG-1"
"L5","GCGGTTCCCTATCATG-1"
"L2","GCGTAAATGGCCATAA-1"
"L1","GCGTCCAGCTCGTGGC-1"
"L6","GCGTCCCTAAGACATA-1"
"L2","GCGTCGAAATGTCGGT-1"
"L5","GCGTCGCCAGGGTGAT-1"
"L6","GCGTCGTAACATGGTC-1"
"L4","GCGTCTCTGCATTGGG-1"
"L3","GCGTGGTACTGGGTTA-1"
"L1","GCGTGTATGTCGTATT-1"
"L5","GCGTTATATTTGGAAC-1"
"L1","GCGTTCGGAGACCGGG-1"
"L3","GCTAAACCTGAGGTGA-1"
"L5","GCTAACTGAAGTCTGA-1"
"L4","GCTAAGTAAAGGCGAT-1"
"L3","GCTAAGTAGTTTCTCT-1"
"L3","GCTAATACCGAATGCC-1"
"L4","GCTACAATCGAGGATA-1"
"L1","GCTACACTGTCCGAAC-1"
"L5","GCTACAGTACGGACCG-1"
"L3","GCTACGACTTATTGGG-1"
"L3","GCTACTATAGTAGAGT-1"
"L3","GCTAGACCGTCTACTG-1"
"L4","GCTAGAGTAGAGATGT-1"
"L6","GCTAGCAACGCACCTA-1"
"L2","GCTAGCACCTGGGCCA-1"
"L1","GCTAGCAGGGAGTGGG-1"
"WM","GCTAGCGATAGGTCTT-1"
"L5","GCTAGCTTGAATAGCT-1"
"L4","GCTAGGCACCACGGAG-1"
"L3","GCTAGTAGAGCTTGTA-1"
"L3","GCTAGTTTCATTGAGG-1"
"L4","GCTATACGTCTCGGAC-1"
"L5","GCTATCATACTCATGG-1"
"L3","GCTATCGCGGCGCAAC-1"
"L6","GCTATGCCAGCTTATG-1"
"L3","GCTCAACCTCTTAGAG-1"
"L6","GCTCAATCCGTTTATT-1"
"L6","GCTCAATGTAATACCG-1"
"L1","GCTCATTACTGCATGT-1"
"WM","GCTCATTGATCATATC-1"
"L6","GCTCCATGCAAAGCAA-1"
"L3","GCTCCCAGTCGGTCCA-1"
"L3","GCTCCGCTCGCTTCAG-1"
"L3","GCTCCGGACGTTGATA-1"
"L6","GCTCCTGACATACTGG-1"
"L3","GCTCGACCGAACTGAA-1"
"L4","GCTCGCGGTTCCGCTC-1"
"L3","GCTCGCTCATGTCCAA-1"
"L1","GCTCGGAATTTAAAGC-1"
"L3","GCTCTAAACCCTGACG-1"
"L3","GCTCTATGTTACGTGC-1"
"L3","GCTCTCGGGTACCGAA-1"
"L6","GCTCTTTCCGCTAGTG-1"
"L3","GCTGAACTCTCCAGGG-1"
"WM","GCTGAATCTTCCAATC-1"
"L3","GCTGAGCAACGGTTCT-1"
"L3","GCTGAGGCGTGAGTAT-1"
"L3","GCTGCACGGTTTCTTA-1"
"WM","GCTGCGAAGAATTATT-1"
"L4","GCTGCGCCTCCCACGT-1"
"L5","GCTGCTAAGTAGTCGA-1"
"L4","GCTGCTACTGCGTAGC-1"
"L3","GCTGCTCTCCGGACAC-1"
"L1","GCTGGACCCAAAGTGG-1"
"L4","GCTGGCAGGTGCCGTG-1"
"L3","GCTGGCATATTCACCT-1"
"L5","GCTGGCGGCGCATGCT-1"
"WM","GCTGGGAGCGCGTCAA-1"
"L2","GCTGGTGACTCGTAGT-1"
"L5","GCTGTATTACTGGCCC-1"
"L2","GCTGTCTGTGATCGAC-1"
"L3","GCTGTTGCTACCGAAC-1"
"L3","GCTTAATGTAACTAAC-1"
"L2","GCTTACGTAGTTAGTA-1"
"L2","GCTTAGGGAAGCGGTA-1"
"L3","GCTTATGAAGCAGGAA-1"
"L3","GCTTCAGTGGGATTAC-1"
"L3","GCTTCCAGCTTAGATT-1"
"L5","GCTTCCATGTAACCGC-1"
"L6","GCTTCCCGTAAGCTCC-1"
"L3","GCTTCCGTCCCTAGAC-1"
"L5","GCTTGAGTGACCTCTG-1"
"L3","GCTTGATGATAATCAG-1"
"L1","GCTTGCAGCACAATTG-1"
"L2","GCTTGGATCGATTAGG-1"
"L5","GCTTTACACAACTGGG-1"
"L6","GCTTTATTAAGTTACC-1"
"L3","GCTTTCAGAGGAGGTG-1"
"L3","GCTTTCTATCTCAACT-1"
"L3","GCTTTGCTGCCGGGTA-1"
"L1","GGAAACCTTGTTGAAT-1"
"L4","GGAAACTAAATGGGCC-1"
"L6","GGAAAGGGAATTGAGC-1"
"WM","GGAAAGTCTTGATTGT-1"
"L1","GGAAAGTGCCCATGCC-1"
"L4","GGAACCCGAACAAGAA-1"
"L5","GGAACCGTGTAAATTG-1"
"WM","GGAACCTTGACTCTGC-1"
"L4","GGAACGGCCTGCAGCC-1"
"L4","GGAACTTTGGCGATTA-1"
"L3","GGAAGATAAGACTGTA-1"
"L1","GGAAGCTCGCTTACAG-1"
"L6","GGAAGGACACCGTATA-1"
"L1","GGAATAACCTCAAGAA-1"
"L3","GGAATGCGCTAGCGTG-1"
"L5","GGACAACCATGAAGCC-1"
"L5","GGACAAGTTGCAGTGA-1"
"L3","GGACACAAGTTTACAC-1"
"L6","GGACACCTCGGTGTTG-1"
"L5","GGACCAACAGGATAAC-1"
"L1","GGACCTACGGTAACGT-1"
"L6","GGACCTCTAGGCCGCC-1"
"L1","GGACGGCTTGCGCAAC-1"
"L5","GGACGGGCGACCAACC-1"
"L1","GGACGTCCATAGTTGG-1"
"L4","GGACTAAGTCAGGAGT-1"
"L3","GGACTCACAAATTAGG-1"
"WM","GGACTCGACAGCGCAT-1"
"WM","GGACTCGTGAGTGGTC-1"
"L6","GGACTCTTTGACTAAG-1"
"L3","GGAGAAGTCATTGGCA-1"
"L1","GGAGACCAATGTGCTT-1"
"L6","GGAGACCATCTACATA-1"
"L3","GGAGACGACACCTTTG-1"
"L4","GGAGCAACATTTCAAG-1"
"L2","GGAGCACCAAGAACTA-1"
"L6","GGAGCGAGGCCTACTT-1"
"L1","GGAGGATTGAAAGGAG-1"
"L3","GGAGGCCGAAGTCGTC-1"
"L3","GGAGGCGAAGAACCGC-1"
"L3","GGAGGGCTTGGTTGGC-1"
"L4","GGAGGGTCAAGTAAGA-1"
"L3","GGAGTACACATGAGCT-1"
"L3","GGAGTGCCGCCCTGGA-1"
"L5","GGAGTTGATTCTGTGT-1"
"L1","GGATACTCATGAATTG-1"
"L1","GGATCAAAGGACGAGG-1"
"L6","GGATCAGAGCCATCAG-1"
"L1","GGATCATCCCGTACGC-1"
"L3","GGATCCCTACCAGCTA-1"
"L3","GGATCCGGAATATACT-1"
"WM","GGATCTTACTGCCCTT-1"
"L6","GGATCTTGACTCAACC-1"
"L3","GGATGAAGATCGCTGA-1"
"L4","GGATGACGCGAGTTTA-1"
"L5","GGATGCTGGCGTTCCT-1"
"L5","GGATGGCTTGAAGTAT-1"
"L3","GGATGTCCTTACCGCA-1"
"L1","GGATTAAGCTAAGGTC-1"
"L6","GGATTAATCATGGACC-1"
"L3","GGATTCAGTACGGTGG-1"
"L1","GGATTCCGCTATACCC-1"
"L5","GGATTGAAGTAGCCTC-1"
"L5","GGATTGCTGTGACTCC-1"
"L3","GGATTTCACTTCTATA-1"
"L6","GGCAAAGGCGCCAATA-1"
"L4","GGCAAATTACTTTACT-1"
"L1","GGCAAGCCAGGGATAG-1"
"L6","GGCAAGCCCATAGTGG-1"
"L4","GGCAAGGCGAAATAGC-1"
"L3","GGCAATAGTCAATGAG-1"
"L5","GGCACGCTGCTACAGT-1"
"L3","GGCACTCCACTGGGCA-1"
"L5","GGCACTGCGGTGGTTT-1"
"L5","GGCAGAGAGATCGGGA-1"
"L3","GGCAGCAAACCTATGC-1"
"L1","GGCAGCGGTAATCCTA-1"
"L4","GGCATACAGGTAGCGG-1"
"L1","GGCATATCGGTTCTGC-1"
"L1","GGCATCAACGAGCACG-1"
"WM","GGCATTGAACATCTCA-1"
"L5","GGCCAATTGTATAGAC-1"
"L1","GGCCACAAGCGATGGC-1"
"L4","GGCCACACGAAAGCCT-1"
"L3","GGCCCAATCTAGAGGG-1"
"L6","GGCCCAGCTGGTTTGC-1"
"L2","GGCCCAGTTATCAGCA-1"
"L1","GGCCCGGAGCATGTCT-1"
"L1","GGCCCGTATACCATGC-1"
"L5","GGCCCTCACCCACTTA-1"
"WM","GGCCGAGACTCTGGTG-1"
"L5","GGCCGCAGGAACCGCA-1"
"L5","GGCCGGCGTCTGCTAT-1"
"L6","GGCCGTTTGGGTTTCA-1"
"L6","GGCCTGCTCTGATGTT-1"
"L3","GGCCTGCTTCTCCCGA-1"
"L5","GGCCTTTGCAACTGGC-1"
"L3","GGCGAAATCTAACTTG-1"
"L1","GGCGAACCGTTCTGAT-1"
"L1","GGCGAGCATCGAGGAC-1"
"L5","GGCGCACAGTTTACCT-1"
"L5","GGCGCAGGACATCTTC-1"
"L4","GGCGCATGAATTGATG-1"
"L5","GGCGCGGAGATCTTTC-1"
"L4","GGCGCGTTCGAGTTTA-1"
"L3","GGCGCTCCTCATCAAT-1"
"L6","GGCGCTTCATTCCCTG-1"
"L3","GGCGGAGTAATATTAG-1"
"L3","GGCGGTAGGATCATTG-1"
"L3","GGCGGTTTGCCGGTGC-1"
"L1","GGCGTACCCTATATAA-1"
"L5","GGCGTAGGGAAAGCTG-1"
"L3","GGCGTCCTATCCGCTG-1"
"L1","GGCTAAAGGGCGGGTC-1"
"L2","GGCTAATGATTGAAAT-1"
"L6","GGCTACTATACACTCC-1"
"L3","GGCTATTAAGTTGTAT-1"
"L6","GGCTCCTCCACCTGTT-1"
"L3","GGCTCGCGTTGAGGTA-1"
"L3","GGCTCGTGCCACCAGC-1"
"L3","GGCTCTGCTCCAACGC-1"
"L4","GGCTGAAATAGCAAAG-1"
"L1","GGCTGAGCATCGTAAG-1"
"L6","GGCTGGCAATCCCACG-1"
"L3","GGCTGGCTAGCTTAAA-1"
"L6","GGCTTCTCGTGGGTGG-1"
"L4","GGCTTGGCTCTCACCT-1"
"L5","GGCTTTCAATAAGGGT-1"
"L5","GGGAAAGAATGCCAAC-1"
"L1","GGGAACCACCTGTTTC-1"
"L4","GGGAACGGGAGGTTAG-1"
"WM","GGGAACGGTTTCAGAT-1"
"L5","GGGAAGACGGTCTGTC-1"
"L5","GGGAAGGGCTTTCTCA-1"
"L1","GGGAATGAGCCCTCAC-1"
"L4","GGGAATTCTGTCCAGT-1"
"WM","GGGACAGAGTTACTCC-1"
"L5","GGGACCCGTATATCTT-1"
"L3","GGGACTGCATAGATAG-1"
"L3","GGGAGAACTCACAGTA-1"
"L5","GGGAGCGACCGTAGTG-1"
"L3","GGGAGGATGCCCGAAA-1"
"L2","GGGAGTAATGGCTGGC-1"
"L3","GGGAGTTAATGAGGCG-1"
"L3","GGGATACGGTAATAAT-1"
"L1","GGGATCCCAATACAAA-1"
"L5","GGGATGGTCGTAACCG-1"
"L3","GGGATTTACCGCACCT-1"
"L6","GGGCAACCGCACGTGC-1"
"L5","GGGCACGAATTGGCCG-1"
"WM","GGGCACGTAGTACTGT-1"
"L5","GGGCAGAGCAATCGTT-1"
"L6","GGGCAGTCAACGCCAA-1"
"WM","GGGCATGCATGTCGAG-1"
"L4","GGGCCCGTCTTAAACA-1"
"L5","GGGCCCTACGAAAGGG-1"
"L5","GGGCCCTTATCTATAC-1"
"L3","GGGCCGGCCGAAGTAC-1"
"L6","GGGCCTAAATGGGCTA-1"
"L3","GGGCCTATACAACCGG-1"
"L1","GGGCCTATTTAAGTAT-1"
"L3","GGGCGAATTTCTCCAC-1"
"L3","GGGCGATATGTGTGAA-1"
"L1","GGGCGCAGCGTTACTC-1"
"L5","GGGCGGCAAATGAATT-1"
"L5","GGGCGGGTTCCCTACG-1"
"L3","GGGCGGTCCTATTGTC-1"
"L3","GGGCGTACATTTATAT-1"
"L5","GGGCGTCACCACGTAA-1"
"L1","GGGCGTCCACTGGCTC-1"
"L5","GGGCGTGGTTTCCCAG-1"
"WM","GGGCGTTTACATTCAT-1"
"L6","GGGCTACTATTTCGTG-1"
"L5","GGGCTATGATCGATGG-1"
"L1","GGGCTCATCGAACCCA-1"
"L3","GGGCTGCCTAGGGCGA-1"
"L3","GGGCTGGTTAGTCGCG-1"
"L3","GGGTAATGCTGTGTTT-1"
"L3","GGGTACCCACGGTCCT-1"
"L4","GGGTACTTCATGAACT-1"
"L3","GGGTATGTATGCACTT-1"
"L6","GGGTATTCTAGCAAAC-1"
"L3","GGGTCACCGTGACGGT-1"
"L3","GGGTCACGTGCTTATG-1"
"L3","GGGTCACTGAGTAGTG-1"
"L6","GGGTCAGGAGCTAGAT-1"
"L3","GGGTCATGCGTACCAT-1"
"L1","GGGTCGTGGCAAGTGT-1"
"L4","GGGTCTATCGCTTTCC-1"
"L4","GGGTGACACCTTAACT-1"
"L1","GGGTGCATATGAAAGC-1"
"L1","GGGTGGTCCAGCCTGT-1"
"L1","GGGTGTTTCAGCTATG-1"
"L5","GGGTTAACATTTGAGT-1"
"L3","GGGTTCAGACGAACAA-1"
"L3","GGGTTTAGGATAGGAT-1"
"L5","GGTAAACTCTGCGCTG-1"
"L1","GGTAAATGTGCGTTAC-1"
"L6","GGTAACCGGGAGGATA-1"
"L2","GGTAACTATGTATCTG-1"
"L4","GGTACAAACATGCTAT-1"
"L1","GGTACACCAGATTTAT-1"
"L5","GGTACATCTGGGACGA-1"
"L1","GGTACCATTAAGACGG-1"
"L5","GGTACGTTGCGGCCGG-1"
"L5","GGTAGAAGACCGCCTG-1"
"L5","GGTAGACCGTTGGGCG-1"
"WM","GGTAGGCCAATATCAC-1"
"L3","GGTAGTGCTCGCACCA-1"
"L1","GGTATAGTGACACATA-1"
"L5","GGTATGAAAGAACTGA-1"
"L3","GGTATTGCCGAGTTTA-1"
"L3","GGTCAAGACTACTTCG-1"
"L1","GGTCACGTTAGATTCA-1"
"L4","GGTCAGTGGGTCCCAC-1"
"L1","GGTCATTGTAGTCATA-1"
"L3","GGTCCCATAACATAGA-1"
"L3","GGTCCTTCATACGACT-1"
"L1","GGTCGGATAAACGGCG-1"
"L3","GGTCGGCCAGGAGCTT-1"
"L3","GGTCGGTAATTAGACA-1"
"L5","GGTCGGTCGTCCACAG-1"
"L6","GGTCGTAAGCTCGCAC-1"
"L5","GGTCTCCGTCCAGGTT-1"
"L6","GGTCTCTGAATGGACT-1"
"L3","GGTCTGAGAATCTGGA-1"
"L6","GGTCTTGAGCGCTCTT-1"
"L1","GGTGAAACCGGGAATG-1"
"L2","GGTGAACGGGCTAGCC-1"
"L5","GGTGAAGTACAGGGAT-1"
"L3","GGTGAGATGCAGATAA-1"
"L3","GGTGATAAGGAGCAGT-1"
"L5","GGTGATGAAGGAAGTG-1"
"L2","GGTGATTTCATCTTGT-1"
"L1","GGTGCAGAGCCTATCG-1"
"L6","GGTGCATAAATGATTA-1"
"L3","GGTGCGGATAAGTGGC-1"
"L3","GGTGCTGATCACAAAG-1"
"L4","GGTGCTGGTACACATT-1"
"L2","GGTGGACCACGTGTTA-1"
"L4","GGTGGACTGCTCTGGC-1"
"L3","GGTGGAGGTTGATACG-1"
"L6","GGTGTAAATCGATTGT-1"
"WM","GGTGTAGGTAAGTAAA-1"
"L1","GGTGTTCTGTTTCTAC-1"
"L3","GGTTAGCTATATGTCT-1"
"L3","GGTTAGGCTTGGAGAA-1"
"L3","GGTTAGTTACGGCGCC-1"
"L2","GGTTCCACCCGCTTCT-1"
"L3","GGTTCCCTAGTGTCTC-1"
"L3","GGTTCGATGCTGAGTT-1"
"L5","GGTTCGCATTTGCCGT-1"
"L5","GGTTCGGATTATACTA-1"
"L3","GGTTCTACTCGTCTGA-1"
"L1","GGTTGTATCGTGAAAT-1"
"L4","GGTTGTGCTCTTGTCC-1"
"L5","GGTTGTGTAGCCTGGC-1"
"L6","GGTTTAATTACCATCG-1"
"L1","GGTTTAATTGAGCAGG-1"
"L3","GGTTTACAATCTCAAT-1"
"L3","GGTTTAGCCTTTCTTG-1"
"L3","GGTTTCAATCGGTCAG-1"
"L1","GGTTTGACAAGAAGCT-1"
"L2","GGTTTGAGTGCTGGAA-1"
"L2","GGTTTGCGAACACGTA-1"
"L4","GGTTTGTGACCTGAGG-1"
"L2","GTAACAACTGACCTTG-1"
"WM","GTAACAGGTTAACGGC-1"
"L3","GTAACATCAGCTCATC-1"
"L3","GTAACATCTAAGATAA-1"
"L6","GTAACTGCCCAAGGAG-1"
"L2","GTAACTTGCGGCAGTC-1"
"L3","GTAAGCGGGCAGTCAG-1"
"L1","GTAAGGATTTGTCGGA-1"
"L3","GTAAGTAACAGTCTGG-1"
"L3","GTAAGTAGGGTATACC-1"
"L3","GTAAGTCCACACTCTA-1"
"L1","GTAATAAAGGGCTCCC-1"
"L5","GTAATCTGATTCTTCG-1"
"L3","GTACACTTACCTGAAG-1"
"L3","GTACAGAGGCAAGGGT-1"
"L3","GTACGACGGCGCTGCG-1"
"L3","GTACGAGATTGCGACA-1"
"L3","GTACGCTTCATTGCAC-1"
"L1","GTACGTCACGTATTAA-1"
"L3","GTACGTTTGCCCGTCA-1"
"L3","GTACTAAGATTTGGAG-1"
"L6","GTACTACGGCCTCGTT-1"
"L4","GTACTCCCTTATCGCT-1"
"L1","GTACTCCTGGGTATGC-1"
"L2","GTACTGAGGTCGTAAC-1"
"L2","GTACTGCATGAAGCGT-1"
"L3","GTACTGGAGTTAGACC-1"
"L3","GTACTTGGGCACTTCT-1"
"L3","GTAGAAACGGGTGGAG-1"
"L1","GTAGACAACCGATGAA-1"
"L5","GTAGACACGCCTGACT-1"
"L3","GTAGACGTCGTTACAT-1"
"L6","GTAGAGGGAGACAAGT-1"
"L4","GTAGCCAAACATGGGA-1"
"L1","GTAGCGCTGTTGTAGT-1"
"L3","GTAGCGGCTATACACT-1"
"L1","GTAGCTAGTAAGCGCG-1"
"WM","GTAGCTCCGGGAGGCT-1"
"L3","GTAGCTTCCTCTTGTT-1"
"L1","GTAGGTGATCCGTGTA-1"
"L3","GTAGTCGCGGGAATCA-1"
"L5","GTAGTCTACGATATTG-1"
"L5","GTAGTGAGCAACCTCA-1"
"L3","GTAGTTAGACAATATA-1"
"WM","GTAGTTCGAAGGCGAA-1"
"L3","GTATAATCTCCCGGAT-1"
"L3","GTATAGGACTCAGTAG-1"
"L2","GTATAGTGGCCCATGT-1"
"L2","GTATATGTTACGGCGG-1"
"L4","GTATCAAACGTTAGCT-1"
"L6","GTATCAAGGTACTTCC-1"
"L3","GTATCAGCTTGGGTTC-1"
"L5","GTATCCTTTGGTAACC-1"
"L3","GTATCGGGACGAGCTG-1"
"WM","GTATCTCAGTCTTGAC-1"
"L1","GTATCTCCCTAACTGT-1"
"L1","GTATCTTGTTGCTCAC-1"
"L4","GTATCTTTCATAACCA-1"
"L6","GTATGAAATTTCACTC-1"
"L2","GTATGACGTGGGAAAC-1"
"L3","GTATGTGGGTCTAGTT-1"
"L3","GTATTAAGGCGTCTAA-1"
"L2","GTATTAGGGTTCGCGT-1"
"L5","GTATTCTGAGAAACGA-1"
"L2","GTATTCTTACCGTGCT-1"
"L3","GTATTTAATGGCATAA-1"
"L6","GTCAAAGAAGTGGTGT-1"
"L3","GTCAAAGTTTACATAG-1"
"L5","GTCAACCAGGCCTATA-1"
"L3","GTCAAGCGGACTCGGG-1"
"L1","GTCAATGCTATAATTT-1"
"L1","GTCAATTGTACTGAAG-1"
"L1","GTCACAAAGTTTCCAA-1"
"L2","GTCACCTGTCTATGTC-1"
"L3","GTCACTCTCCAAATCT-1"
"L3","GTCAGAATAGTCTATG-1"
"L1","GTCAGTTGTGCTCGTT-1"
"L4","GTCAGTTTGGTAGTCG-1"
"L3","GTCATCTCCTACAGCT-1"
"L3","GTCATGCACCTCCGTT-1"
"L5","GTCATGCGCGAGGGCT-1"
"L3","GTCATGGACATGACTA-1"
"L3","GTCATTAGAGCGAACG-1"
"L4","GTCATTGCATTGACCC-1"
"L6","GTCCAATATTTAGCCT-1"
"L4","GTCCACGTCGCATTCG-1"
"WM","GTCCAGGCACGTGTGC-1"
"L3","GTCCATTACTGCTACG-1"
"L3","GTCCCAACGTAAAGTA-1"
"L6","GTCCCAATCATCCCGC-1"
"L5","GTCCCGCGACGTTATG-1"
"L5","GTCCGAGAGCAATCAT-1"
"L4","GTCCGGACCTGAAATT-1"
"L3","GTCCGGCTGAATTGCG-1"
"L6","GTCCGGGTTCACATTA-1"
"L6","GTCCGTTAGAGGGCCT-1"
"L3","GTCCTACAGGCGGCTC-1"
"L4","GTCCTACGAATAGTCT-1"
"L4","GTCCTATTGTTGTGGT-1"
"L4","GTCCTTCTACAACCCA-1"
"L1","GTCCTTCTAGTGGGTT-1"
"L1","GTCCTTTAATGACTTC-1"
"L6","GTCGCCGTTGTGTGTT-1"
"L3","GTCGCGTAACCCGTTG-1"
"L1","GTCGGAAGGATACCAG-1"
"L3","GTCGGATATCTCAGAC-1"
"L1","GTCGGATGTAGCGCGC-1"
"L6","GTCGGGAACATGGTAG-1"
"L5","GTCGGGAAGCAGAAAC-1"
"L5","GTCGGGTGAAGTACCG-1"
"L4","GTCGTACCATCTCGGG-1"
"L5","GTCGTACCTACGATTG-1"
"L1","GTCGTATTGGCGTACA-1"
"L2","GTCGTCAATTATAAGG-1"
"L1","GTCGTGTCTGGTCATC-1"
"L3","GTCGTTATTCGCTTAT-1"
"L3","GTCTAAGATGCCCAGC-1"
"L5","GTCTACTCAATTACAA-1"
"L5","GTCTAGTGAGCCGCTT-1"
"WM","GTCTATACACGCATGG-1"
"L4","GTCTATCTGAGTTTCT-1"
"L5","GTCTATTGCATGCTCG-1"
"L3","GTCTATTGGTTCCGGT-1"
"L5","GTCTCAAGGCCCGGCT-1"
"L5","GTCTCCCGAGTCCCGT-1"
"L6","GTCTCCGCCTCAATAC-1"
"L1","GTCTCGACTAAGTTTG-1"
"L1","GTCTCGATCTGCTTTC-1"
"L1","GTCTCGCCAACACGCC-1"
"L6","GTCTGCCGACTCGACG-1"
"L5","GTCTGGGCGGTCGAGA-1"
"WM","GTCTGTAGGTTGAACA-1"
"L1","GTCTTAGTACAGCCGG-1"
"L5","GTCTTCCTCACCTAAG-1"
"L2","GTCTTGAGGAGCAGTG-1"
"L3","GTCTTGTAGCTATTCA-1"
"L1","GTGAAACGGCGCCACC-1"
"L2","GTGAAACGTGCTCCAC-1"
"L1","GTGAACTCCCATTCGA-1"
"L1","GTGAAGATTTCAAGTG-1"
"L1","GTGAAGCCGTATAGTC-1"
"L6","GTGAAGTCACGACTCG-1"
"L5","GTGACAGCTTCCCACT-1"
"L3","GTGACCGCACACTACG-1"
"L1","GTGACGAGGGTGACCC-1"
"L5","GTGACGCAGGTTTCAT-1"
"L5","GTGACTTCAGTAGTGC-1"
"WM","GTGAGATAACCTTATA-1"
"L4","GTGAGCGTGCTGCACT-1"
"L3","GTGAGGACACTTAAGG-1"
"L1","GTGAGGAGCGGTTGAG-1"
"L5","GTGAGTCGACTAATAG-1"
"L4","GTGAGTCTAAGACGGA-1"
"L5","GTGAGTGGTACAACGC-1"
"WM","GTGATCAAGCGTGCAC-1"
"L3","GTGATCACTAACGCCT-1"
"L4","GTGATCATAGATCTGC-1"
"L5","GTGATCCTTGTCATGA-1"
"L1","GTGATGCACAACATCT-1"
"L5","GTGATTCGCCGCTCAA-1"
"L1","GTGCAACAAATGTGGC-1"
"L6","GTGCACCAGCTTCAAC-1"
"L1","GTGCACGAAAGTGACT-1"
"L5","GTGCCATCACACGGTG-1"
"L3","GTGCCCGTTCGGATTC-1"
"L5","GTGCCGCTTCAAAGGT-1"
"L3","GTGCCTAGCTATGCTT-1"
"L1","GTGCCTCAGTGTACGG-1"
"L5","GTGCCTGAGACCAAAC-1"
"L5","GTGCGAAATCGAACAC-1"
"L3","GTGCGACAGGGAGTGT-1"
"L1","GTGCGCAGCTTGCTCC-1"
"L1","GTGCGCTTACAAATGA-1"
"L1","GTGCGGGACCATCGGC-1"
"L3","GTGCGGGTCTCCAAAT-1"
"L3","GTGCGTGTATATGAGC-1"
"L6","GTGCTATCCAGCTGGA-1"
"L3","GTGCTCAAGTACTGTC-1"
"L5","GTGCTGCAGATAAGGA-1"
"L6","GTGCTGTTAGAACATA-1"
"L3","GTGCTTACATCAGCGC-1"
"L1","GTGGAACCTACATGCG-1"
"L5","GTGGACCAACCCGATT-1"
"L5","GTGGACGCATTTGTCC-1"
"L3","GTGGACGTGCTGAGAC-1"
"WM","GTGGAGCGTTTACCGA-1"
"L6","GTGGAGTCGGCGGTTG-1"
"L6","GTGGCAAACAGCGGCA-1"
"L5","GTGGCCTAATATCATT-1"
"L1","GTGGCGGGCCGTAGCT-1"
"L5","GTGGCGGTCCCAGCGT-1"
"L3","GTGGCGTGCACCAGAG-1"
"L5","GTGGCTGTTTCTGTTC-1"
"WM","GTGGGAACAAACCGGG-1"
"L6","GTGGGAAGACTGAATC-1"
"L3","GTGGGCTTAGACACAC-1"
"L6","GTGGTATAGTCTGCCG-1"
"L1","GTGGTCAGCGAAGTAT-1"
"L3","GTGGTGGCCAAGTGAA-1"
"L1","GTGGTTACTTCTTTCG-1"
"L5","GTGGTTTCCGCCTTTC-1"
"L3","GTGTACCTTGGCTACG-1"
NA,"GTGTACGAACCGTTCC-1"
"L5","GTGTATATCAGCGGGC-1"
"L1","GTGTATGACTTTAAAG-1"
"WM","GTGTCAGTGTACGTGG-1"
"L2","GTGTCCGATAAGGCAT-1"
"L5","GTGTCGTATAGCGTTC-1"
"L2","GTGTCGTATTCACCTT-1"
"L3","GTGTGAATAACTTAGG-1"
"L1","GTGTGAGCCGAGGTGC-1"
"L3","GTGTGTCGACGTCGCT-1"
"L3","GTGTTACTATGCGTCC-1"
"L3","GTTAAAGTAGGACTGG-1"
"L5","GTTAACATCACTTAAA-1"
"L3","GTTAACTATGTTGTCA-1"
"L5","GTTAAGGGTGCGATGT-1"
"L2","GTTAAGTTAGAGTGGG-1"
"L4","GTTAATGTCTATCTTA-1"
"L4","GTTACAATTGGTGACG-1"
"L4","GTTACCTACAACTTGC-1"
"L1","GTTACGAAATCCACGC-1"
"L1","GTTACGGCCCGACTGC-1"
"L4","GTTACTTTGGGCCTAG-1"
"L1","GTTAGAGTGTGCCGCT-1"
"L6","GTTAGCCCATGACATC-1"
"L1","GTTAGCCGTAAATCAA-1"
"L6","GTTAGGCTACCCGTTT-1"
"L3","GTTATAATACGGTGAA-1"
"L1","GTTATATCAGGAGCCA-1"
"L5","GTTATATTATCTCCCT-1"
"L5","GTTATCAAGCTATCGA-1"
"L1","GTTATCACCTTCTGAA-1"
"L1","GTTATTAAATACGACC-1"
"L3","GTTATTAACGTGGGAG-1"
"L4","GTTCAAATCAGATGTC-1"
"L1","GTTCAATCTATGTCAA-1"
"L3","GTTCACAGGAGTCTAG-1"
"L6","GTTCAGTCGCCAAATG-1"
"L2","GTTCATCGTTTGGCTG-1"
"L1","GTTCCAAGACAGCGAC-1"
"L2","GTTCCAGTCTGACCAT-1"
"L3","GTTCCCGTAAACATAT-1"
"WM","GTTCCGTCCGCCTGCA-1"
"L3","GTTCGCCATAAGTGCC-1"
"L3","GTTCGCTGAGACGTCT-1"
"L4","GTTCGGAGCACTCAAC-1"
"L3","GTTCGGATCGGGAACA-1"
"L1","GTTCGGGCGTACCATT-1"
"L3","GTTCGTCTAAAGAACT-1"
"L1","GTTCGTCTGGGTCCCT-1"
"L1","GTTCGTTGCGGACCAG-1"
"L2","GTTCTTCCCTCGATGT-1"
"WM","GTTCTTGTAACTCAAT-1"
"L5","GTTGAACCGGTTCCAT-1"
"L4","GTTGAGTCCCGCCGGT-1"
"L3","GTTGCACGGAGTTTCG-1"
"L3","GTTGCGCTAACATTAC-1"
"L3","GTTGCGGACGGTCAGG-1"
"L1","GTTGGACCGCATCAGG-1"
"L1","GTTGGATTCAGTGGCT-1"
"L3","GTTGGATTTGCGTTGG-1"
"L5","GTTGGTCATGCTATCC-1"
"L6","GTTGTAGATTTATGAG-1"
"L2","GTTGTCGTGTTAGTTG-1"
"L2","GTTGTTACATTGCGCT-1"
"L4","GTTTACGTTCCATCTG-1"
"L3","GTTTATGGGATTTAGA-1"
"L4","GTTTCAAACGAGTTGT-1"
"L5","GTTTCATATCGTCGCT-1"
"L3","GTTTCCTGGAGGGTGA-1"
"L5","GTTTCTAGAGGCGCGG-1"
"L3","GTTTCTGCAGTCTCCC-1"
"L3","GTTTGACCAAATCCTA-1"
"L1","GTTTGAGCGGTTATGT-1"
"L3","GTTTGGCCCAAGTTAT-1"
"L3","GTTTGGCCGCTCAGCG-1"
"L3","GTTTGGCGTCAGGCAC-1"
"L5","GTTTGGGCTTGTGAGC-1"
"L5","GTTTGGGTTTCGCCCG-1"
"L5","GTTTGGTAGGGTCAAC-1"
"WM","GTTTGGTGATCGGTGC-1"
"L6","TAAACCCAGGAGGGCA-1"
"L3","TAAACGTCGTCAATGA-1"
"L3","TAAAGACAACCCTTTA-1"
"L1","TAAAGAGCCCGAAACC-1"
"L6","TAAAGCGGTATTTCCA-1"
"L2","TAAAGCGTTAGGAGAA-1"
"L1","TAAAGCTGCAATAGGG-1"
"L2","TAAAGGAGAAACTAGT-1"
"WM","TAAAGTGCACGTCTCG-1"
"L1","TAAATCTTTACACCTC-1"
"L3","TAAATGAATCCGTTTC-1"
"L1","TAAATGCCGTCTCATG-1"
"L6","TAAATTGTGGGTAAAG-1"
"WM","TAAATTTAGTAACACC-1"
"L3","TAACAAAGGGAGAAGC-1"
"L4","TAACAATATTTGTTGC-1"
"WM","TAACAGCGTTTGTGCT-1"
"WM","TAACAGGTTCCCTTAG-1"
"L3","TAACATACAATGTGGG-1"
"L6","TAACATACACGCGATC-1"
"L1","TAACCGCCCGCAGTGC-1"
"L2","TAACCTACCGTCCGAG-1"
"L4","TAACCTAGGGAGTCCA-1"
"L3","TAACGCTTTGAGAGCG-1"
"L3","TAACTATCGAAGGTCC-1"
"L1","TAACTATTACGCCAAA-1"
"L4","TAACTCATCCGCGCGG-1"
"L3","TAACTCCATGGAGGCT-1"
"L1","TAAGATTTAGCGGGAG-1"
"L5","TAAGCAGGCGACACGC-1"
"L1","TAAGCCCTTACGACCA-1"
"WM","TAAGCGCGAATCAAAT-1"
"L3","TAAGGAACTTGTGGGA-1"
"L3","TAAGGCAACATAAGAT-1"
"L6","TAAGGCATAACATCAA-1"
"L5","TAAGGCCCGTCACCCT-1"
"L3","TAAGGCTGAATCCCTC-1"
"L4","TAAGGGCCTGTCCGAT-1"
"L5","TAAGGGCTGGGAGAGG-1"
"L2","TAAGTAAATGTGCCGC-1"
"L5","TAAGTAACATCTTGAC-1"
"L6","TAAGTCGCCGAGTATC-1"
"L3","TAAGTTGCGACGTAGG-1"
"L1","TAATAAACAAGGAGAT-1"
"L2","TAATACACAGTAGTAT-1"
"L6","TAATACTAGAACAGAC-1"
"L5","TAATAGAACAGAGTTA-1"
"WM","TAATAGGTCACCAGAA-1"
"L3","TAATAGTGACGACCAG-1"
"L3","TAATATTGAAATTCGC-1"
"L3","TAATCAGGAATGCTGC-1"
"L1","TAATCGATCCGTACGT-1"
"L3","TAATGAAAGACCCTTG-1"
"L5","TAATTACGTCAGTAGA-1"
"L2","TAATTAGATGGATATG-1"
"L3","TAATTAGGACATCCGT-1"
"L1","TAATTGGAATCGGGAA-1"
"L6","TAATTTCCGTCCAGTA-1"
"L2","TACAAATTGCGGAGGT-1"
"L4","TACAACGCACAACTCA-1"
"L1","TACAAGCTGTTCACTG-1"
"L5","TACAAGGGCTTCTTTA-1"
"L4","TACAAGTCTCGTGCAT-1"
"L1","TACAATGAAACCAGCA-1"
"L6","TACACAGCCGTGGTGC-1"
"L1","TACACCGTCGTTAGTC-1"
"L5","TACACCTCTTCGAATC-1"
"L5","TACAGAAACGGTGGGC-1"
"L3","TACATAGGCATACACC-1"
"L6","TACATCCCTATCCCTG-1"
"L3","TACATCTTGTTTCTTG-1"
"L4","TACATGACCTTATCCG-1"
"L3","TACATTTCTAACGTGC-1"
"L5","TACCAAATAGCCCAGA-1"
"L4","TACCAATAAAGTACCA-1"
"L5","TACCAGAAGTAGGTTC-1"
"L1","TACCAGCTAGGTTTAA-1"
"WM","TACCAGGAATCCCGTC-1"
"L5","TACCGAATAATTGTAA-1"
"L3","TACCGCGGACTTGCAG-1"
"L4","TACCGGCTCACTGCCC-1"
"L5","TACCGGTCGTTTCCAT-1"
"L5","TACCGTAGGTTAACTA-1"
"L5","TACCGTGCCTCGGACC-1"
"L5","TACCTACTCCCAGTAT-1"
"L6","TACCTATCCCTAGAGG-1"
"L2","TACCTCACGCTTGTAC-1"
"L6","TACCTCAGTTGTCTGT-1"
"WM","TACCTCCACACCAATG-1"
"L4","TACCTGCTGCACTGTG-1"
"L6","TACCTTAAGATTTCCC-1"
"L3","TACGAACACGACTTCA-1"
"L5","TACGACGCTTGCTGCG-1"
"L4","TACGACTGCCTCTTAG-1"
"L4","TACGAGAACTTCACGT-1"
"L3","TACGATCCAAGCCACT-1"
"L4","TACGATGTTGATCATC-1"
"L4","TACGCAGTTCTTTCCT-1"
"L3","TACGCCATATTCTAAT-1"
"L6","TACGCCGAGGGTACCC-1"
NA,"TACGCCGCCTCAGAAG-1"
"L5","TACGCCTCCATTCCGA-1"
"L2","TACGCTATAGAAACCT-1"
"WM","TACGCTCCTAGAACTG-1"
"L4","TACGCTCGGTATTGGA-1"
"L6","TACGGAAGCCAAACCA-1"
"L4","TACGGCATGGACGCTA-1"
"L1","TACGGGATGCTAGCAG-1"
"L6","TACGGGTAATAACATA-1"
"L5","TACGTAAAGCGGAGTG-1"
"L6","TACGTACTAGTGCTGA-1"
"L3","TACGTGCACTATGCTG-1"
"L6","TACGTGGGCCCAGGGC-1"
"L5","TACGTTTACCGGCAAT-1"
"L6","TACTACGTGCAATGCG-1"
"L6","TACTATGGTTCCTCAG-1"
"WM","TACTCCTCTAGTTGAC-1"
"L5","TACTCGGCACGCCGGG-1"
"L6","TACTCGTTTGAATCAA-1"
"L1","TACTCTCCGAACAAAT-1"
"L3","TACTCTTACTTTACTG-1"
"L6","TACTCTTTCGTCTTCA-1"
"L6","TACTGAACAGATTTAG-1"
"L1","TACTGCAATCAATTAC-1"
"L4","TACTGGACAGCTCGGC-1"
"L3","TACTGTTTCTCTGGTA-1"
"L5","TACTTAAACATGTACA-1"
"L3","TACTTGTTAGTAGTCC-1"
"L2","TACTTTACTGAGCCGG-1"
"L6","TACTTTCCGCACGCCA-1"
"L3","TAGAAACACAATAGTG-1"
"L1","TAGAAACCACTAAGTA-1"
"L3","TAGAAAGGTGGCGCTA-1"
"L5","TAGAATAGCCGATGAA-1"
"L1","TAGAATTAAGGGCAAC-1"
"L5","TAGACGAAACGCCAAT-1"
"L3","TAGACGCCCGTACCGG-1"
"L3","TAGACTACCTAGCGTT-1"
"L5","TAGAGATCATGCAACT-1"
"L2","TAGAGCTACGAAGAAC-1"
"L6","TAGAGGGAGTTTATCT-1"
"L3","TAGAGGTTCTACTTGT-1"
"L3","TAGAGTCTAAGCGAAC-1"
"L5","TAGAGTGTTCCGGGTA-1"
"L5","TAGATATGGACTGGAA-1"
"L1","TAGATCCGAAGTCGCA-1"
"L4","TAGATGGTTCCTTACT-1"
"WM","TAGATTCAAAGTGCGG-1"
"L4","TAGATTCCTGGTTATT-1"
"L5","TAGATTCTCTAGCAAA-1"
"L3","TAGCAACCTGTCACAA-1"
"L5","TAGCAGATACTTAGGG-1"
"L3","TAGCAGTAAATACGCG-1"
"L5","TAGCAGTATGACTAAA-1"
"L3","TAGCCATTTCAAAGTC-1"
"L3","TAGCCGGCGGTCAGCG-1"
"L3","TAGCGTCCCTCGATTG-1"
"L4","TAGCGTCCGGTGTGGT-1"
"L5","TAGCGTCGAATATTGA-1"
"L3","TAGCGTTGGGTCTTAC-1"
"L3","TAGCTAAGTCCGGGAG-1"
"L5","TAGCTAGAAGGCATGA-1"
"L6","TAGCTAGTGATGATGG-1"
"L3","TAGCTCAGATCCTAGT-1"
"L5","TAGCTCGCCTGATAAC-1"
"L6","TAGCTGATGTGAAGCG-1"
"L1","TAGGAACAGCCTCCAG-1"
"L5","TAGGAGGCTCGAGAAC-1"
"L6","TAGGATCTTAACCGCA-1"
"L1","TAGGCATGTTACGCCA-1"
"L5","TAGGCCTATATAGTCT-1"
"L5","TAGGCTAAAGTGGCAC-1"
"L3","TAGGGAGCTTGGGATG-1"
"L3","TAGGGTGTTTCAAGAG-1"
"L4","TAGGTCCAAGTAAGGA-1"
"L2","TAGGTCGCCGGAACTG-1"
"L5","TAGGTGACGATAACCT-1"
"L3","TAGGTGAGCCCTACTC-1"
"L3","TAGGTGCTCGCCTAGC-1"
"L5","TAGGTGTTCCACAGAT-1"
"L3","TAGGTTCGAGTTCGTC-1"
"L6","TAGGTTCTGCTGAGAA-1"
"L3","TAGTACCTTAGTGGTC-1"
"L6","TAGTAGCTTATACCAG-1"
"L6","TAGTAGTTGCCGGACA-1"
"L6","TAGTCCCGGAGACCAC-1"
"L4","TAGTCCGCAGAGAATG-1"
"L3","TAGTCCGTATGCATAA-1"
"L3","TAGTCGATCACGGGTT-1"
"L3","TAGTCGGGATTCTTCG-1"
"L5","TAGTCTAACAACGAGA-1"
"WM","TAGTCTGCGGCACATT-1"
"L1","TAGTCTGTGACGTTGC-1"
"L3","TAGTCTTTCCGAATTG-1"
"L1","TAGTGAGAAGTGGTTG-1"
"L3","TAGTGCCCTCCAGAGT-1"
"L1","TAGTGGAACTCATACA-1"
"L3","TAGTGTCAGAAACGGC-1"
"L1","TAGTTAAGATAGGATA-1"
"L1","TAGTTTATTCTTGCTT-1"
"L3","TATAAATCCACAAGCT-1"
"L3","TATAAGTGAGGATAGC-1"
"L5","TATACACAGACGCCTT-1"
"L3","TATACACGCAAAGTAT-1"
"L3","TATACCGAGTGCCACA-1"
"L5","TATACGCGTCATCACT-1"
"L3","TATACTCATGCGGCAA-1"
"L6","TATAGAGTCGCTTGAA-1"
"L3","TATAGATGGTCGCAGT-1"
"L6","TATAGCGCACGTTATC-1"
"L5","TATAGGGTACTCATGA-1"
"WM","TATATAGGGCTTTACG-1"
"WM","TATATATCGAGAAATG-1"
"WM","TATATCAAAGTGATCT-1"
"L5","TATATCATTGATCAGT-1"
"L3","TATATCCCTGGGAGGA-1"
"L4","TATATGCTGGGTTGCC-1"
"L1","TATATTACAAATGTCG-1"
"L1","TATATTCGCGTCGATA-1"
"L4","TATCAAAGGTCTGTAA-1"
"L1","TATCACAGCACGGGCA-1"
"L1","TATCACCATGTAAAGT-1"
"L1","TATCACCCAACCGACC-1"
"L1","TATCACTTCGAGTAAC-1"
"L5","TATCCAATTGGTTATC-1"
"L3","TATCCATATCATGCGA-1"
"WM","TATCCATCTCGGTTAG-1"
"L6","TATCCCTCGATCTGCA-1"
"L6","TATCCGCACCGTCGGG-1"
"L6","TATCCTATCAACTGGT-1"
"L2","TATCCTGCATGGGAAT-1"
"L1","TATCGATCTATGCATA-1"
"L3","TATCGATGATTAAACG-1"
"L4","TATCTACAGAGGTAAT-1"
"L4","TATCTACCACAGCGGG-1"
"L5","TATCTAGCCTAAAGGA-1"
"L6","TATCTTGCAATACAAC-1"
"L5","TATGAAGAATTAAGGT-1"
"L4","TATGAAGACAGGTGCG-1"
"L1","TATGATAAATCTAACG-1"
"L1","TATGATCCGGCACGCC-1"
"L4","TATGATCTTCTCTTTA-1"
"L1","TATGATTCTGCTTGGT-1"
"L3","TATGCTCCCTACTTAC-1"
"L1","TATGGAGTTTCTCGTT-1"
"L3","TATGGATGTGCTACGC-1"
"L1","TATGGCAGACTTTCGA-1"
"L3","TATGGCCCGGCCTCGC-1"
"L3","TATGGGACCGAGCAGG-1"
"L3","TATGGGTACGTATCGT-1"
"L3","TATGGTCTGAGTAACA-1"
"L3","TATGGTTAGTGGGAGA-1"
"WM","TATGTAAAGTGCTTAA-1"
"L1","TATGTCAAGACCGACT-1"
"L3","TATGTCTCATTGTGCC-1"
"L6","TATTAACACCAAAGCA-1"
"L6","TATTAACCTGACCGCG-1"
"L3","TATTACCATCCTGCTT-1"
"WM","TATTATGTTTGCCTGC-1"
"L3","TATTCAATTCTAATCC-1"
"L5","TATTCCACTCAGCTCG-1"
"L4","TATTCCGAGCTGTTAT-1"
"L1","TATTCCGGCAGTCCTA-1"
"L5","TATTCCTCCGCCCACT-1"
"L3","TATTCGTGCCAGAATA-1"
"L1","TATTGACATTTCTGCC-1"
"L5","TATTGCCGGGCTTGTA-1"
"L2","TATTTAGTCTAGATCG-1"
"L1","TATTTATACCGAGTAG-1"
"L3","TATTTGATTTGCACAG-1"
"L3","TATTTGTTACCCTTTA-1"
"L3","TCAAACAACCGCGTCG-1"
"L3","TCAAACAATTAGGACA-1"
"L3","TCAAACTTAGATTGTT-1"
"L6","TCAAAGAGCTATCTGT-1"
"L6","TCAAATTGTTGTGCCG-1"
"L5","TCAAATTTGAGACTCA-1"
"L6","TCAACAAAGATAATTC-1"
"L2","TCAACACATTGGGTAA-1"
"L6","TCAACATAGCGCCCTA-1"
"L6","TCAACATCGACCGAGA-1"
"L3","TCAACCATGTTCGGGC-1"
"L4","TCAACGAGGAGACAAA-1"
"L6","TCAACGCAGGAAATAA-1"
"L5","TCAACGCGACCGGCAG-1"
"L4","TCAACTAACGTATAAC-1"
"L3","TCAACTGCAGAGTCAG-1"
"L2","TCAAGAAATACTAGCT-1"
"L3","TCAAGCGCGGACGGTA-1"
"L3","TCAAGGTTACTACACC-1"
"L5","TCAATACAATTGCTGC-1"
"L6","TCAATACGCCGTCATG-1"
"L5","TCAATATACAGGAGGC-1"
"L5","TCAATCCGGGAAGTTT-1"
"L5","TCACAAACCGAGGTAC-1"
"L3","TCACAGATCCTCAAAC-1"
"L5","TCACAGCAAACTCGAA-1"
"L5","TCACAGGAGAATAAGA-1"
"L3","TCACAGGGAATCGCAA-1"
"L3","TCACAGGTTATTGGGC-1"
"L4","TCACATCTTATCTGAT-1"
"L4","TCACCCTCTTAAGATT-1"
"L3","TCACCGCTCGGCACTC-1"
"L6","TCACGATGTCCGTGGA-1"
"L3","TCACGCATTGTAGATC-1"
"L3","TCACGGTCATCGCACA-1"
"L3","TCACGTGCCCGATTCA-1"
"L1","TCACTACGACCAATGC-1"
"L5","TCACTATCCCTTCGGT-1"
"L1","TCACTATCGTGCAATC-1"
"L1","TCACTCAGCGCATTAG-1"
"L1","TCACTCGTGCAACGGC-1"
"L3","TCACTCTTCGTCTGTC-1"
"L1","TCAGAACCTCCACAGG-1"
"L6","TCAGAACGGCGGTAAT-1"
"L4","TCAGACGCTATAGAAG-1"
"L6","TCAGAGGACGCGTTAG-1"
"L2","TCAGATGGAGACGTAG-1"
"L3","TCAGCAAATGCATCTC-1"
"L6","TCAGCAGTAGGCCCTG-1"
"L5","TCAGCCAATCCGTAAA-1"
"L6","TCAGCGCACGCCGTTT-1"
"L4","TCAGGGCGACTTCCTT-1"
"L3","TCAGGGCGCAAACTCG-1"
"L1","TCAGGGTGCACGAAAC-1"
"L3","TCAGGGTGTAACGTAA-1"
"L3","TCAGGTTCTTTGAGAA-1"
"L3","TCAGTACTGACCCGCG-1"
"L5","TCAGTAGGGACTATAA-1"
"L6","TCAGTGTATACGTCAT-1"
"L1","TCAGTTACGGAATGAT-1"
"L3","TCATACTTACAGATCC-1"
"L6","TCATATGAGCTTTGTT-1"
"L3","TCATCACTCGAGCTCG-1"
"L1","TCATCCCAGAGGGTGG-1"
"L5","TCATCCTCAGCTGCTT-1"
"L6","TCATCGACGACCGTCG-1"
"L6","TCATCGATGGTCCCAA-1"
"L1","TCATGCAGGTTCTCAT-1"
"L3","TCATTCGTATAATTTG-1"
"L3","TCATTTAAGTCTCCGA-1"
"L3","TCATTTAGAAGTGTGA-1"
"L5","TCCAACTCAGCTATCT-1"
"L4","TCCAACTTTAAATTCT-1"
"L5","TCCAAGCCTAGACACA-1"
"L6","TCCAATAAAGGCTACC-1"
"L3","TCCACAATGGTTTACG-1"
"L6","TCCACATCGTATATTG-1"
"L5","TCCACCAAGACATAGG-1"
"L6","TCCACCTCTAGCCTTT-1"
"L3","TCCACTTTATCTAGGT-1"
"L3","TCCAGAGCACCGGTTC-1"
"L1","TCCAGATGTACGCCAA-1"
"L3","TCCAGCGCTATAAGCG-1"
"WM","TCCAGGCAGGACGATC-1"
"L3","TCCAGGCGAGTACGGT-1"
"L5","TCCAGGGTATATACGA-1"
"L2","TCCATTAGTTGGATAG-1"
"L1","TCCATTCCCACTAGAG-1"
"L1","TCCATTGTGACCTCGT-1"
"L1","TCCCAAACAGACAACG-1"
"WM","TCCCAAACATCCTCTA-1"
"L3","TCCCAAAGACGAAGGA-1"
"L3","TCCCAAAGCCCTAAAT-1"
"L5","TCCCAATATCGACGAC-1"
"L1","TCCCACGGAGGGAGCT-1"
"L1","TCCCACTCTCTTCCGG-1"
"L3","TCCCAGCTTTAGTCTG-1"
"L3","TCCCAGGCTTAGCTAA-1"
"L3","TCCCGCGTACTCCTGG-1"
"L4","TCCCGGGTGTGCTGCT-1"
"L2","TCCCGGTCAGGAATTT-1"
"L2","TCCCGTCAGTCCCGCA-1"
"L1","TCCCGTCGCGTCATAG-1"
"L3","TCCCGTGTGCAATTTG-1"
"L1","TCCCTAGATCAATAGG-1"
"L1","TCCCTCCGAAATCGTT-1"
"L4","TCCCTCTTCTCAAGGG-1"
"WM","TCCCTGGCGTATTAAC-1"
"L4","TCCCTGGCTCGCTGGA-1"
"L1","TCCCTTAGATTACTCG-1"
"L5","TCCCTTGTCTGAAACT-1"
"L3","TCCGAACGTTGCCGCT-1"
"L5","TCCGAACTTGGCTTAC-1"
"L1","TCCGAAGTAGTCACCA-1"
"L1","TCCGAATGGTCCTGAG-1"
"WM","TCCGACCGCTAATCAA-1"
"L1","TCCGAGAAGGCTAAGC-1"
"L2","TCCGATAATTGCCATA-1"
"L2","TCCGATGACTGAGCTC-1"
"L3","TCCGATGGTGCGACAT-1"
"L4","TCCGATTACATTGCCG-1"
"L3","TCCGCAGCCACCTAGC-1"
"L5","TCCGCCTGTCTACAAG-1"
"L3","TCCGCGGCAGCATCTG-1"
"L3","TCCGCGGCCCAATGAA-1"
"L3","TCCGCTGTCATCCCGG-1"
"L5","TCCGCTTATCCCATTA-1"
"L1","TCCGGAGGAAGGGCTG-1"
"L1","TCCGGCCTAGCGTACA-1"
"L2","TCCGGCCTGCATCGAT-1"
"L5","TCCGGGCCACTAACGG-1"
"L5","TCCGGGCTTGACGGGA-1"
"L5","TCCGGTTCGTCCGGTC-1"
"L3","TCCGTAACCACAATCC-1"
"L3","TCCGTTAAGCTAATAT-1"
"L3","TCCGTTTAGCCTTGAA-1"
"L5","TCCTAAAGATTCAGAC-1"
"L5","TCCTAAATTGGGAAGC-1"
"L6","TCCTAACCGTCGGGCA-1"
"L3","TCCTACATCCACGGCC-1"
"L4","TCCTAGCAAAGAAGCT-1"
"L3","TCCTATCATAGGTAAC-1"
"L6","TCCTCCTAAGACATTC-1"
"L3","TCCTCGGGCTGGGCTT-1"
"L3","TCCTCTACGAGATGGC-1"
"L4","TCCTCTCCAGTTGTCC-1"
"L1","TCCTCTGGCCCATTAG-1"
"L6","TCCTGCAGCCGCCAAT-1"
"L1","TCCTGCCAACTGGAGA-1"
"L5","TCCTGCGTTGATACTC-1"
"L1","TCCTGGCGCTGCCTGG-1"
"L3","TCCTTACGACGGTCCG-1"
"L6","TCCTTCAATCCCTACG-1"
"L1","TCCTTCAGTGGTCGAA-1"
"L6","TCCTTGTCCTTTAATT-1"
"L4","TCCTTTAAATCCGCTT-1"
"L3","TCCTTTCTTACGCTTA-1"
"L3","TCGAAATTTAGGACCA-1"
"L3","TCGAAGAACCGAGCAC-1"
"L6","TCGAATATCCCGCAGG-1"
"WM","TCGAATCGCAGGGTAG-1"
"WM","TCGACAACTGAACCCG-1"
"WM","TCGACATAGCGTAGCG-1"
"L3","TCGAGACCAACACCGT-1"
"L6","TCGAGCCAGGCAGGCC-1"
"L3","TCGAGGGCAACAGACG-1"
"L1","TCGATAGGCTAGTCGC-1"
"L6","TCGATTTACGAAACGA-1"
"L3","TCGCAAAGATGCATTT-1"
"L4","TCGCACCAGGAGGCAG-1"
"L3","TCGCACTAACGTTTGT-1"
"L4","TCGCATAAAGGGCGCA-1"
"L3","TCGCATCCCTAAGTGT-1"
"L2","TCGCATTCAATGACTT-1"
"L2","TCGCCCAACTGACTCC-1"
"L5","TCGCCCACTGCGAGAG-1"
"L5","TCGCCGAAGTTGCGTC-1"
"L5","TCGCCGACATATTCGC-1"
"L6","TCGCCGCACCGCGTGA-1"
"L4","TCGCCGGATGGGCAAG-1"
"L2","TCGCCGGTCGATCCGT-1"
"L6","TCGCCTCCTTCGGCTC-1"
"L4","TCGCGTAGCAGTGTCC-1"
"L4","TCGCGTCCAGAAGGTC-1"
"L1","TCGCTAAACCGCTATC-1"
"L5","TCGCTACTGGCTTTGA-1"
"L3","TCGCTCGATATATTCC-1"
"L1","TCGCTCGGCACCAGCG-1"
"L5","TCGCTGCCAATGCTGT-1"
"L3","TCGCTGGGCGGATTGT-1"
"L3","TCGCTGTGCGTAAATC-1"
"L2","TCGCTTAATTACGAAG-1"
"L2","TCGCTTTAAACGTTTG-1"
"L1","TCGGAATGACCATCAA-1"
"L4","TCGGAATGCGCTCTGA-1"
"L3","TCGGACGCCCAGCCCA-1"
"L5","TCGGAGAGTATCGGGA-1"
"L3","TCGGAGTACATGAGTA-1"
"L3","TCGGCGAACCCAAACC-1"
"L3","TCGGCGGTATTAGATT-1"
"L6","TCGGCGTACTGCACAA-1"
"L1","TCGGCTAACTTCCCTT-1"
"L4","TCGGCTTGTATCGACG-1"
"L1","TCGGGAACGTGCCTAG-1"
"L5","TCGGGAGACAGCGTAC-1"
"L5","TCGGGATTCAAACATA-1"
"L1","TCGGGCACTTCTGGAT-1"
"L3","TCGGGCCGTCGTGGTA-1"
"L1","TCGGGTGAAACTGCTA-1"
"L6","TCGGTCCCGACAATAG-1"
"L1","TCGGTCCCTGACTCCA-1"
"L1","TCGGTGACCGCTCCGG-1"
"L2","TCGGTTAGCCATGTAG-1"
"L5","TCGTAACTCCCAAGAC-1"
"L3","TCGTAAGACGACATTG-1"
"L1","TCGTAAGCTCCGAGGA-1"
"L6","TCGTACCGACGTCAAG-1"
"L1","TCGTATAGTGCAATTA-1"
"L3","TCGTATCACCAAGCTA-1"
"L5","TCGTATTACCCATTGC-1"
"L1","TCGTATTTCGTCCGGA-1"
"L6","TCGTCAAGTACGCGCA-1"
"L4","TCGTCACACTGTTAGC-1"
"L3","TCGTCCGCTGGCGTCT-1"
"L3","TCGTCCGGGTACACTC-1"
"L4","TCGTCTTAGGCGTTAA-1"
"L3","TCGTGTACTATGGATG-1"
"L3","TCGTGTATTGGTCACG-1"
"L5","TCGTGTCACGCTGACA-1"
"L3","TCGTGTTCGACCACAA-1"
"L5","TCGTTAGGAGTCCCTA-1"
"L1","TCGTTCGTTATTATGT-1"
"L5","TCGTTGACAGGGTCCC-1"
"L5","TCGTTGCTATCCGGTC-1"
"L2","TCGTTGGCTCGTCAAT-1"
"L5","TCGTTTACGCGACCCT-1"
"L6","TCTAAAGAACAGTCTC-1"
"L4","TCTAACTGTATGTAAA-1"
"L6","TCTAATACTGCCTCAG-1"
"L1","TCTACACGTTCATGCA-1"
"L3","TCTACCCAATAGAGAG-1"
"L3","TCTACCGTCCACAAGC-1"
"L1","TCTACGGGCTCAGTTG-1"
"L5","TCTAGCAATCTCCGCC-1"
"L3","TCTAGCATCTTCGATG-1"
"L4","TCTAGCATGCCCAGAA-1"
"L1","TCTAGGTGGCGACGCT-1"
"L3","TCTAGTGATATCGTGG-1"
"L3","TCTAGTTATCAGAAGA-1"
"L5","TCTATAGGTGGGTAAT-1"
"L3","TCTATCATGCAGTTAC-1"
"L6","TCTATCCGATTGCACA-1"
"L3","TCTATCGGTCGCAACA-1"
"L5","TCTATGCTATAACGAC-1"
"L3","TCTATTACGCTGGCGA-1"
"L5","TCTATTACTAGAGGAT-1"
"L5","TCTCAAATCAATCGGG-1"
"L5","TCTCAGGCTACTCGCT-1"
"L3","TCTCATGAGATAGGGT-1"
"L1","TCTCCAACGTAGGTTA-1"
"L5","TCTCCACAAGTTGAAT-1"
"L4","TCTCCCTGGGCAGCGT-1"
"L1","TCTCGAACGAGGTCAC-1"
"L3","TCTCGACGTATCGCCG-1"
"L3","TCTCGAGGAGGTTCGC-1"
"L3","TCTCGGCTCCAGGACT-1"
"L6","TCTCGTGTTACGAGGA-1"
"L3","TCTCTAATAGCTGGTA-1"
"L3","TCTCTCGCCGCACATA-1"
"L6","TCTCTTACCGCGAACC-1"
"L3","TCTGAACCGGTCGGCT-1"
"L3","TCTGAACTCGTACCCG-1"
"L4","TCTGAAGCACGTGGTC-1"
"L3","TCTGAATTCCGTACAA-1"
"L1","TCTGACGGGCTAACCC-1"
"L3","TCTGACTGTAATGGTT-1"
"L3","TCTGAGCAATTGACTG-1"
"L1","TCTGATCGGGTGCTAG-1"
"L4","TCTGATGTATTCTGTC-1"
"L4","TCTGCAGATTCGAGTC-1"
"L4","TCTGCATACCTTGCTT-1"
"L3","TCTGCCAGAAACTGCA-1"
"L1","TCTGCGAATCGTTCGC-1"
"L3","TCTGCGTCCGGTTTCT-1"
"L2","TCTGGCCGTTCAAGTT-1"
"L5","TCTGGCGCAAGCCGGG-1"
"L3","TCTGGGAACCTTTGAA-1"
"L4","TCTGGGTAGCGCTCAT-1"
"L2","TCTGTCATACAAGAGC-1"
"L1","TCTGTGACTGACCGTT-1"
"L3","TCTGTGATGGAGGTTG-1"
"L3","TCTGTGCCATCATAGT-1"
"L1","TCTGTGGCTACATTTC-1"
"L6","TCTGTTACCCAGCATA-1"
"L3","TCTTAACTCGGATGTA-1"
"L3","TCTTACAGAGGTACCG-1"
"L1","TCTTACCGGAACTCGT-1"
"L3","TCTTACGGCATCCGAC-1"
"L3","TCTTACTTATGCCTCT-1"
"L3","TCTTAGAGCTCCAATT-1"
"L3","TCTTAGAGTGAACTCT-1"
"L1","TCTTATGGGTAGTACC-1"
"L3","TCTTCCCATGGGCACA-1"
"L3","TCTTCGAATAGACGTT-1"
"L3","TCTTCGATACCAATAA-1"
"L3","TCTTCGCGGTGAGAGG-1"
"L3","TCTTCTATAACCCGCC-1"
"L3","TCTTGATGCGTAGCGA-1"
"L6","TCTTGCTCCCGATACT-1"
"L2","TCTTGGTAACACCAAA-1"
"L3","TCTTTAAGACTATGAA-1"
"L3","TCTTTAGAGTCTAACA-1"
"L1","TCTTTAGCAGGCGAAC-1"
"L3","TCTTTCCTTCGAGATA-1"
"L1","TCTTTCTCTTAAGGAG-1"
"L1","TGAAACCTCAACTCAC-1"
"L1","TGAAACTTATGCAAGC-1"
"L3","TGAAAGGACCTGACTC-1"
"WM","TGAACAAGCAGGGACT-1"
"L6","TGAACTGCTATGACTT-1"
"L3","TGAAGAGCGGTCCTAG-1"
"L3","TGAAGTAGCTTACGGA-1"
"L5","TGAATACCGACGCGTA-1"
"L1","TGAATATGCTATAAAC-1"
"L1","TGAATGAGATACAGCA-1"
"L6","TGAATGAGTGTTTCCC-1"
"L3","TGAATGTCAGCCGGCC-1"
"L6","TGAATTTCACTTGCCT-1"
"L1","TGACACTTCTCTTTGC-1"
"L5","TGACATATATGACGAT-1"
"L3","TGACATCGAGCGGACC-1"
"L6","TGACATGTAACGTGAC-1"
"L6","TGACCAAATCTTAAAC-1"
"L1","TGACCAGCTTCAAAGT-1"
"L1","TGACCCAACTCACATT-1"
"L3","TGACCCACGTTAGACA-1"
"L3","TGACCCAGCATTCCCG-1"
"L5","TGACGAATATTTCCCT-1"
"L3","TGACGATGCACTAGAA-1"
"L4","TGACTATAATCCTTTC-1"
"L3","TGAGAATGCTTTACCG-1"
"L5","TGAGACGTACCTCTCA-1"
"L3","TGAGAGATTTACCACG-1"
"L1","TGAGATCAAATACTCA-1"
"L1","TGAGATTAGGCCCTAA-1"
"L1","TGAGCAGTCGTGAAGT-1"
"L5","TGAGCCATACAGTCTC-1"
"L5","TGAGCGGAAAGTGTTC-1"
"L1","TGAGCTTTAATGACGC-1"
"L5","TGAGGAGTGCCAGCTT-1"
"WM","TGAGGTGTGTGGCGGA-1"
"L1","TGAGGTTGATCCCAAG-1"
"L5","TGAGTAAATTAGCGTA-1"
"L5","TGAGTGCCTCTTAAAT-1"
"L3","TGAGTGGTCCGTGACG-1"
"L5","TGAGTGTAACAACGGG-1"
"L3","TGAGTTAAAGACATTC-1"
"L6","TGATACATTTAGCCGT-1"
"L4","TGATAGCGGGATTCTA-1"
"L6","TGATCACCACACTGAC-1"
"L5","TGATCAGGGAACTGCT-1"
"L1","TGATCCCAGCATTAGT-1"
"L3","TGATCGGTTTGACCCT-1"
"L1","TGATCTACGCTGATCT-1"
"L5","TGATCTATCACACTCT-1"
"L3","TGATCTCCGGCGCCAG-1"
"L3","TGATGCTCACGTAGTC-1"
"L1","TGATGGCTGTTTCTGA-1"
"L4","TGATGTCAATTAAGTG-1"
"L1","TGATTATGGCACGCAG-1"
"L6","TGATTCAGGTCCCGCG-1"
"L6","TGATTCCCGGTTACCT-1"
"L3","TGATTCGTCTATCACT-1"
"L5","TGATTCTGTCGCCGGT-1"
"L4","TGATTTATTAGCTGTG-1"
"L3","TGATTTCCTCCTGACG-1"
"L1","TGCAAACCCACATCAA-1"
"L6","TGCAAAGTTCGTCTGT-1"
"L5","TGCAACCCATCTGCGG-1"
"L5","TGCAACTACTGGTTGA-1"
"L3","TGCAAGAATGACGTAA-1"
"L5","TGCAATCTAACACGGT-1"
"L1","TGCAATTTGGGCACGG-1"
"L1","TGCACAGTGAAGTTAT-1"
"L1","TGCACGAGTCGGCAGC-1"
"L3","TGCACTATGTGAGTGC-1"
"L5","TGCAGAACTATATCGT-1"
"L4","TGCAGAGTACCGAGCA-1"
"L5","TGCAGATCGTCCTAGG-1"
"L5","TGCAGCTACGTACTTC-1"
"L3","TGCAGGATCGGCAAAG-1"
"L1","TGCAGTGAGGCTCGGG-1"
"L3","TGCAGTTTCCTCCCAT-1"
"L3","TGCATATGTCTGTCAC-1"
"L3","TGCATCTCCGGATCTT-1"
"L2","TGCATGGATCGGATCT-1"
"L3","TGCATGGCAGTCTTGC-1"
"WM","TGCATGTGACCCATAG-1"
"L3","TGCATGTGGTAATCTA-1"
"L5","TGCCAAAGTCAGACTT-1"
"L5","TGCCAATGGGTACTCT-1"
"L6","TGCCACACTAGAGGAA-1"
"L1","TGCCACCTGGCGAAAC-1"
"L4","TGCCAGTACGTGGAGA-1"
"L2","TGCCATGGCTTATAAG-1"
"L1","TGCCATTACTAAAGAA-1"
"L6","TGCCCGATAGTTAGAA-1"
"L3","TGCCCGTACCGTTAAA-1"
"L1","TGCCGAAAGCGTATTC-1"
"WM","TGCCGGATGTACGAGC-1"
"L5","TGCCGTGGATCGTCCT-1"
"L6","TGCCGTGGGACCCAAT-1"
"L3","TGCCTAATTGAAGATT-1"
"L3","TGCCTGACATCGGTCA-1"
"L2","TGCCTGATCAAACGAT-1"
"L4","TGCCTTGGCCAGGCAA-1"
"L6","TGCGAATATGGGATTT-1"
"L5","TGCGACACCCTAGTGC-1"
"L6","TGCGACGGCCGAACGT-1"
"L5","TGCGAGAATATTACCC-1"
"L2","TGCGAGATGGCGGCCA-1"
"L1","TGCGAGCCCTTCCGCG-1"
"L3","TGCGATGCTAATGGCT-1"
"L3","TGCGCAAAGCATTTGG-1"
"L3","TGCGCGATTAACGGAG-1"
"L6","TGCGGACTTGACTCCG-1"
"L2","TGCGGAGTAAAGGTGC-1"
"L1","TGCGGCATAGTTCAAC-1"
"L1","TGCGGGTATTGGGATC-1"
"L3","TGCGGTCTACGAGTAA-1"
"L1","TGCGGTGAAATTTCAT-1"
"L5","TGCGTAAGAACCTGAT-1"
"L5","TGCGTACGGCTAATTG-1"
"L6","TGCGTCATGACTGAGC-1"
"L3","TGCGTGATTGGGTGTC-1"
"L3","TGCGTTTGTTGACACT-1"
"L3","TGCTAAGTGTCTATTT-1"
"L1","TGCTATACAAACGGAC-1"
"L3","TGCTCACACAACAACC-1"
"L3","TGCTCCACAGTTCTTA-1"
"L5","TGCTCGGCGAAACCCA-1"
"L6","TGCTCGGTGGGTCACC-1"
"L5","TGCTCTTGAGAGTTTG-1"
"L3","TGCTGCGTCAGAGTTA-1"
"L3","TGCTGGTTGGACAATT-1"
"L3","TGCTGTTGAAGAACTC-1"
"WM","TGCTTAGAGAGAATGC-1"
"L5","TGCTTCCCAAGCAGTA-1"
"L3","TGCTTGAAACCATGCA-1"
"L3","TGGAAACGGAGTGAAC-1"
"L1","TGGAACCACTGACACA-1"
"L4","TGGAAGAAGGGAACGT-1"
"L2","TGGAAGACGAACACCA-1"
"L2","TGGAAGGATAAAGATG-1"
"L1","TGGAATATCCTTGACC-1"
"L4","TGGAATTAGACGCTTT-1"
"L3","TGGACACCGTTGCTTG-1"
"L5","TGGACCAATCTAAGAT-1"
"L3","TGGACCACGGCGTTGA-1"
"WM","TGGACGCAATCCAGCC-1"
"L3","TGGACTGTTCGCTCAA-1"
"WM","TGGAGAATAATCGTCC-1"
"L1","TGGAGCTAAAGTTCCC-1"
"L1","TGGAGGGAAACACCTC-1"
"L3","TGGAGTGATGCGATGA-1"
"L3","TGGATAGAGTAACAGA-1"
"L4","TGGCAAACTAAATTAC-1"
"L1","TGGCAACTCGCGCGCC-1"
"L6","TGGCAAGCACAAGTCG-1"
"L3","TGGCAATGGGACGGCG-1"
"L2","TGGCACGAGCTCGAGT-1"
"L4","TGGCAGATTACGATCA-1"
"L3","TGGCAGCAGTAATAGT-1"
"L3","TGGCCAAACTGAAGTA-1"
"L6","TGGCCAATTTGGTACT-1"
"L3","TGGCCGTATATTGACC-1"
"L5","TGGCGACTGCTCCAAA-1"
"L5","TGGCGATCAAGTTATG-1"
"L1","TGGCGGTGTGCGATTG-1"
"L5","TGGCTACACTCTACCT-1"
"L5","TGGCTATGTGACATAC-1"
"L5","TGGCTCTTGTCGCGTA-1"
"L1","TGGCTTGTACAAGCTT-1"
"L3","TGGCTTTGGGTAGACA-1"
"L3","TGGGAAATGCCTTTCC-1"
"L1","TGGGATGCACTCATTC-1"
"L3","TGGGCAATAGTTGGGT-1"
"L1","TGGGCACAAACAGAAC-1"
"L1","TGGGCACGTTCTATGG-1"
"L3","TGGGCAGGCCACCGCA-1"
"L1","TGGGCCACAAGAGCGC-1"
"L3","TGGGCCCATACTAATT-1"
"L6","TGGGCGATACAATAAG-1"
"L1","TGGGTAAGGTTCCCGC-1"
"L5","TGGGTGCACAAGCCAT-1"
"L2","TGGGTGGGATGTCATT-1"
"L5","TGGGTGTAATAGATTT-1"
"L6","TGGGTGTTAAGTAGAA-1"
"L4","TGGGTTCCCGGACGGA-1"
"L5","TGGTAAGCAGGATTGA-1"
"L3","TGGTAGAATATATGGG-1"
"L1","TGGTATCGCATCCCAA-1"
"L1","TGGTATCGGTCTGTAT-1"
"L4","TGGTCCCACGCTACGG-1"
"WM","TGGTCGATATACCTCT-1"
"L6","TGGTCGTGCAAGGCAA-1"
"L3","TGGTCGTTTGATAGAT-1"
"L3","TGGTCTAGCTTACATG-1"
"L4","TGGTCTGTTGGGCGTA-1"
"L4","TGGTGATCGTATTTGT-1"
"WM","TGGTGCCCTGCCTTAC-1"
"L1","TGGTTAAGGGCGCTGG-1"
"L4","TGGTTATGCTTGCGGT-1"
"L4","TGGTTCAACGGGTAAT-1"
"L3","TGGTTCGTAGCAAAGG-1"
"L1","TGGTTGGAGGATCCTG-1"
"L1","TGGTTTAAACGTGGGT-1"
"L1","TGTAACTTGTCAACCT-1"
"L5","TGTAATGACCACAATA-1"
"L3","TGTAATGCCTTCGGAC-1"
"L5","TGTACCTACACGAGGG-1"
"L3","TGTACGAACAAATCCG-1"
"L2","TGTACGCTATCAGCTT-1"
"L1","TGTACTACTCTCACGG-1"
"L6","TGTACTATCGCTCGTT-1"
"L1","TGTACTGTGCCAAAGT-1"
"L5","TGTACTTCCGGGCATG-1"
"L6","TGTAGCCAATTCCGTT-1"
"L4","TGTAGCCATCCCATTC-1"
"L3","TGTAGGAGAAATTTCC-1"
"L4","TGTAGTGATCTATAAT-1"
"L3","TGTATAACAGATCCTG-1"
"L2","TGTATCAGACTGAAGC-1"
"L1","TGTATCCTTATTCCAT-1"
"L3","TGTATGGCGCAGACAG-1"
"L1","TGTATTTACCTAATGC-1"
"L1","TGTCATTTGTTGGGAA-1"
"L5","TGTCCACGGCTCAACT-1"
"L1","TGTCCCGACATAGCAC-1"
"WM","TGTCCGCAAACAATTC-1"
"L4","TGTCCGTGGCGCCTTT-1"
"L4","TGTCCTAAGTCACCGC-1"
"L3","TGTCGGCATGGTGGAA-1"
"L6","TGTCGTGGGTATAGGC-1"
"L1","TGTCTACAGTTTCTGT-1"
"L2","TGTGACTACGCCAGTC-1"
"L5","TGTGACTAGAGTTTGC-1"
"L5","TGTGAGACTAGCCCAA-1"
"L2","TGTGATTCCAGCGCTT-1"
"L3","TGTGCCGGTGCCGGAA-1"
"L5","TGTGCTTTACGTAAGA-1"
"L1","TGTGGAGGAAGCTTAA-1"
"L3","TGTGGCAAAGCGTATG-1"
"L6","TGTGGCGGGCTTCTGG-1"
"L3","TGTGGCTCCCACCAAC-1"
"L6","TGTGGTTGCTAAAGCT-1"
"L3","TGTGTAGTAGCACGTG-1"
"L6","TGTGTCGAAGTCGAGG-1"
"L3","TGTGTCGCGAGTTGCA-1"
"L4","TGTGTTCGTATCCAAG-1"
"L3","TGTTATTGTATGTGGC-1"
"L4","TGTTCATAAATGTGCT-1"
"L4","TGTTCCGCTTCCATGA-1"
"L6","TGTTCCGGCCTGAGCT-1"
"L5","TGTTCGTATTGCGGTG-1"
"L2","TGTTCTCTACTCCCTA-1"
"L3","TGTTCTTCCATTGACT-1"
"L3","TGTTGATCACTGTTTA-1"
"L2","TGTTGTCAAGAAGTCT-1"
"L1","TGTTTAATACTTCATC-1"
"L2","TGTTTCGGTACTTCTC-1"
"L3","TGTTTGAGATCGTCAG-1"
"L2","TTAAACAGAGTCCCGC-1"
"L1","TTAAACCGGTAGCGAC-1"
"L4","TTAAACCTGGTTCCTT-1"
"L2","TTAAACTCGAATTCAT-1"
"WM","TTAAAGGCGATGCTCG-1"
"L5","TTAAAGTAAGTCGCCA-1"
"L3","TTAACACCTCGAACAT-1"
"L3","TTAACCAACCCTCCCT-1"
"L1","TTAACGAACAAGCAGT-1"
"L1","TTAACGTCGCAAGACC-1"
"L5","TTAACGTTAAAGCCTG-1"
"L3","TTAACTCACGCGTGGA-1"
"L5","TTAACTTCAGGTAGGA-1"
"L1","TTAAGACGAACGAACC-1"
"L3","TTAAGATAGGATTGAC-1"
"L1","TTAAGCCGACAACTTC-1"
"L3","TTAAGCGCCTGACCCA-1"
"L1","TTAAGGATACGGAGGT-1"
"WM","TTAAGGCCCGTACTTT-1"
"L5","TTAAGTATTGTTATCC-1"
"L1","TTAATCAGTACGTCAG-1"
"L1","TTAATGCGAGGTAACT-1"
"L3","TTAATGTAGACCAGGT-1"
"L3","TTAATGTGTTTGCAGG-1"
"L5","TTAATTGCTTTGGGTG-1"
"L1","TTAATTTCAGACGCGG-1"
"L3","TTACAACTACGCATCC-1"
"L4","TTACACGATCTGCGAC-1"
"L1","TTACAGACCTAAATGA-1"
"L3","TTACATCGTGGCCTGG-1"
"L3","TTACATGCCACAACTA-1"
"L4","TTACCATTGATTACCC-1"
"L1","TTACCCATTGCCGGGT-1"
"L3","TTACCCTAACAGTCCT-1"
"L5","TTACCCTAGGGATTGG-1"
"L3","TTACCGCCTTAGGGAA-1"
"L3","TTACGGATGGTTCGAG-1"
"L1","TTACGGTGTCACCGAG-1"
"L3","TTACGTAGCGCGTGCT-1"
"L4","TTACGTATCTATGACA-1"
"L3","TTACTAAAGGACTTTA-1"
"L5","TTACTATCGGCTTCTC-1"
"L3","TTACTCCGGCCGGGAA-1"
"L5","TTACTCTGGTACGTAC-1"
"L4","TTACTGGGATATTTCA-1"
"L1","TTACTGTCTAGAGCTC-1"
"L1","TTACTGTTTCTCTACG-1"
"L5","TTAGAAGAACATGACT-1"
"L6","TTAGAATAAGGGTCGG-1"
"L1","TTAGACACGATCGTTG-1"
"L3","TTAGACGAGTCACCTC-1"
"L3","TTAGAGTTTAGAAGGA-1"
"L3","TTAGATAGGTCGATAC-1"
"L3","TTAGCAACATGGATGT-1"
"L6","TTAGCGAATAGATAGG-1"
"L1","TTAGCTAATACGATCT-1"
"L4","TTAGCTCTGTAATCCG-1"
"L3","TTAGCTGATTTGCCGT-1"
"L6","TTAGGTCATAACCGAC-1"
"L5","TTAGTAAACCTGCTCT-1"
"L4","TTAGTAGGGCGGCGGG-1"
"L3","TTAGTTATTCGTGGCA-1"
"L1","TTAGTTCAAGTGTTCG-1"
"L1","TTATAGATGCACATTA-1"
"L5","TTATAGGTAATTGTCT-1"
"L3","TTATAGTCCAAGGTGC-1"
"L3","TTATATACGCTGTCAC-1"
"L3","TTATATTTGGCAATCC-1"
"L1","TTATCATACTCGCAAA-1"
"L3","TTATCCAATCGAACTC-1"
"L3","TTATCCGGGATCTATA-1"
"L6","TTATCCTCAAGGAATA-1"
"L4","TTATCGCCTGCGAAGC-1"
"L6","TTATCTGACATTAGGA-1"
"L3","TTATCTGTATCATAAC-1"
"L3","TTATGAATGAAAGGGA-1"
"L3","TTATGACAAACTGGAT-1"
"L3","TTATGATCTTAACGAA-1"
"L1","TTATGCGTCCCGGTCC-1"
"L3","TTATGTTTGCGATAGA-1"
"L4","TTATTAGAGCGTGTTC-1"
"L2","TTATTAGGGAAGCATC-1"
"L1","TTATTTCATCCCAAAC-1"
"L3","TTCAAAGTCTCTAGCC-1"
"L3","TTCAACGACCCGACCG-1"
"L1","TTCAAGCCGAGCTGAG-1"
"L3","TTCAATACTCTGAATC-1"
"L1","TTCAATTAGCCATAAT-1"
"L3","TTCACGAAAGGATCAC-1"
"L5","TTCACTCGAGCACCTA-1"
"L6","TTCACTTCCTAGAACG-1"
"L2","TTCAGAGTAACCTGAC-1"
"L3","TTCAGCCCTGGTCCAC-1"
"L4","TTCAGCTGGCGTGCCC-1"
"L5","TTCAGGCGTCAAAGCC-1"
"WM","TTCAGTTCAAGAGGAG-1"
"L4","TTCAGTTTGTGGCAGC-1"
"L3","TTCATAGCCTTGTAAC-1"
"L3","TTCATAGGGTGTCCAT-1"
"L1","TTCATGGCGCAACAGG-1"
"L1","TTCCAATCAGAGCTAG-1"
"L5","TTCCAATCTGGCTATC-1"
"L5","TTCCACACAGATTTGA-1"
"L1","TTCCACATTTCTCGTC-1"
"L3","TTCCAGACGAGATTTA-1"
"WM","TTCCAGTGGGTTTCGT-1"
"L1","TTCCATCATGCGGTGA-1"
"L4","TTCCATCGACAGCGTG-1"
"L2","TTCCCGACGCTTCACT-1"
"L6","TTCCCGGCGCCAATAG-1"
"L1","TTCCGCAGAGAAATAT-1"
"L4","TTCCGCGTGAGGCGAT-1"
"L6","TTCCGGCCTTGAGGCT-1"
"L1","TTCCGGCTCGACTTCT-1"
"L3","TTCCGGTATCTGTGTC-1"
"L3","TTCCGGTTACCCACTT-1"
"L3","TTCCTCGAGGGTGTCT-1"
"L3","TTCCTCGGACTAACCA-1"
"L5","TTCCTCTGCCCGAATA-1"
"L3","TTCCTTTCTGTGTTGC-1"
"WM","TTCGAACGAAACATGC-1"
"L5","TTCGACAGAGCCCGTG-1"
"L3","TTCGACGGGAAGGGCG-1"
"L3","TTCGAGCCGGCGCTAC-1"
"L3","TTCGCACTCGCGTGCT-1"
"L5","TTCGCACTGTACGACA-1"
"L3","TTCGCATCCGGAAGCA-1"
"L6","TTCGCGCGCCATACGA-1"
"L3","TTCGCTAGGAAGTTGT-1"
"L1","TTCGCTATCTGACGTG-1"
"L1","TTCGGACTGATGCCTT-1"
"L1","TTCGGCAACCCGCTGA-1"
"L3","TTCGGCTAGAGATGGT-1"
"L3","TTCGGGACTAATCGCG-1"
"L6","TTCGGGCGCTAGTCTT-1"
"L3","TTCGGGTTGCCACGGG-1"
"L6","TTCGGTACTGTAGAGG-1"
"L3","TTCGGTGGAGACGCCC-1"
"L1","TTCGTAATCCCAGCGG-1"
"L3","TTCGTACTCCAGAACG-1"
"WM","TTCGTGCATGTTATAG-1"
"L3","TTCGTGGGCTGGAAGC-1"
"L1","TTCGTTCAACGAAGTT-1"
"L3","TTCTAACCGAAGCTTA-1"
"L1","TTCTACCTTTATGTTG-1"
"L3","TTCTACTTGCGAGGGC-1"
"L6","TTCTAGAAAGTCTTAT-1"
"L3","TTCTAGGCCAATTGTG-1"
"L1","TTCTATGCCTTTCGCA-1"
"L6","TTCTATTAAACGCAGC-1"
"L4","TTCTGACCGGGCTCAA-1"
"L4","TTCTGCCGCGCCTAGA-1"
"L3","TTCTGCGGGTTAGCGG-1"
"L1","TTCTGCTAGACTCCAA-1"
"L3","TTCTGTTTCCTGTCGC-1"
"L3","TTCTTAGTGAACGGTG-1"
"L2","TTCTTAGTGGCTCAGA-1"
"L3","TTCTTATCCGCTGGGT-1"
"L1","TTCTTCCCTTTGATAT-1"
"L2","TTCTTCGCAATAGAGC-1"
"L5","TTCTTGAGCCGCGCTA-1"
"L3","TTCTTGCTAGCATCTC-1"
"L6","TTCTTGGACGATCTGC-1"
"L1","TTCTTGGAGTAATGAG-1"
"L3","TTCTTGTAACCTAATG-1"
"L5","TTCTTGTGTCCATCAG-1"
"L1","TTCTTTGGTCGCGACG-1"
"L1","TTGAAAGGTGTAAAGG-1"
"L3","TTGAACGAATCCTTTG-1"
"L5","TTGAACGACGTGCTGA-1"
"L3","TTGAAGAATTCCCAGG-1"
"L3","TTGAATATGGACTTTC-1"
"L6","TTGAATCGTTGTATAA-1"
"L3","TTGAATTCACGTGAGG-1"
"L3","TTGACAGGAGCTCCCG-1"
"L5","TTGACATGAACGTGGA-1"
"L5","TTGACCAGGAACAACT-1"
"L2","TTGACCATGTTCTCCG-1"
"L5","TTGACCGTGTTAATGA-1"
"L1","TTGACGATTCAGCACG-1"
"L3","TTGACGCTCCATGAGC-1"
"L5","TTGACTACCATATGGT-1"
"L3","TTGACTATTGTCCGGC-1"
"L4","TTGAGAAGTTTAGCAT-1"
"L5","TTGAGAGTACTGCTAA-1"
"L3","TTGAGCAGCCCACGGT-1"
"L2","TTGAGCGCCACGTGAT-1"
"L1","TTGAGGCATTTAACTC-1"
"L3","TTGAGGGTCGAACGCG-1"
"L3","TTGAGTCCCGCTGCTG-1"
"L1","TTGATAGTCAATACAT-1"
"L3","TTGATCTAACTTTGTC-1"
"WM","TTGATGCCGCTCGTCG-1"
"L1","TTGATGTGTAGTCCCG-1"
"L5","TTGATTAGCTGTTTCT-1"
"L3","TTGATTATGCAGATGA-1"
"L6","TTGCAAGAAGACTCCT-1"
"L4","TTGCACAATTCAGAAA-1"
"L3","TTGCACGGAGCAGCAC-1"
"L3","TTGCAGGTCATGAAGT-1"
"L5","TTGCATGCTGATCACG-1"
"L3","TTGCCAAGCAGAACCC-1"
"L6","TTGCCATAGCCCGCTC-1"
"L4","TTGCCCTGATCACGGG-1"
"WM","TTGCCGCAGACCTACA-1"
"L5","TTGCCGCTTTCTAGTA-1"
"L1","TTGCCGGTGATCCCTC-1"
"L5","TTGCCTTCTCGCCGGG-1"
"L5","TTGCGCACAACCACGT-1"
"L4","TTGCGCTCTCTCGCTT-1"
"L5","TTGCGCTTGATCAATA-1"
"L5","TTGCGGCATCAGAAAG-1"
"L1","TTGCGGCGACTCATGC-1"
"L3","TTGCGTAGTTTGAGGA-1"
"L5","TTGCGTCGGCCAACCG-1"
"L1","TTGCGTGAACGCTTAG-1"
"L5","TTGCGTGTGTAGGCAT-1"
"L1","TTGCTAGCTACCAATC-1"
"L5","TTGCTCATAGTACGTG-1"
"L2","TTGCTCCCATACCGGA-1"
"L3","TTGCTGAAGGAACCAC-1"
"L3","TTGCTGATCATGTTCG-1"
"L3","TTGCTGCACCTATCCA-1"
"L1","TTGCTGGCCGGGCTTC-1"
"L6","TTGGAAGAATACAGTC-1"
"L5","TTGGACATGTGGCTTA-1"
"L3","TTGGACCATCTGGCAA-1"
"L4","TTGGACCTATAACAGT-1"
"L1","TTGGAGTCTCCCTTCT-1"
"L5","TTGGATATCGTCTACG-1"
"L1","TTGGATCGACTTCTGG-1"
"L2","TTGGATTGGGTACCAC-1"
"L6","TTGGCCAAATTGTATC-1"
"L3","TTGGCCATCTTGCGCT-1"
"L1","TTGGCCTAGAATTTCG-1"
"L1","TTGGCGATCCGAATAT-1"
"L5","TTGGCTCAATATGTGT-1"
"L3","TTGGCTCGCATGAGAC-1"
"L6","TTGGGAAGACGAGCCG-1"
"L3","TTGGGACACTGCCCGC-1"
"L3","TTGGGACGTAAGAGTT-1"
"L3","TTGGGCGGCGGTTGCC-1"
"L2","TTGGGTTTATTCAGCG-1"
"L1","TTGGTATGGCTTGTGT-1"
"L5","TTGGTCACACTCGTAA-1"
"L3","TTGGTGCGGTGTTGAA-1"
"L6","TTGGTTGCGGTGCGCG-1"
"L3","TTGTAACTTCATAGCG-1"
"L5","TTGTAAGGACCTAAGT-1"
"L3","TTGTAAGGCCAGTTGG-1"
"L3","TTGTAATCCGTACTCG-1"
"L1","TTGTATCACACAGAAT-1"
"L3","TTGTCGTTCAGTTACC-1"
"WM","TTGTCTCGGCAAGATG-1"
"L4","TTGTGAACCTAATCCG-1"
"L6","TTGTGAGGCATGACGC-1"
"L5","TTGTGATCTGTTCAGT-1"
"L5","TTGTGCAGCCACGTCA-1"
"L2","TTGTGGCCCTGACAGT-1"
"L6","TTGTGGTAGGAGGGAT-1"
"L1","TTGTGGTATAGGTATG-1"
"L5","TTGTGGTGGTACTAAG-1"
"L5","TTGTGTATGCCACCAA-1"
"L5","TTGTGTTTCCCGAAAG-1"
"L3","TTGTTAGCAAATTCGA-1"
"L3","TTGTTCAGTGTGCTAC-1"
"L4","TTGTTCTAGATACGCT-1"
"L3","TTGTTGTGTGTCAAGA-1"
"L6","TTGTTTCACATCCAGG-1"
"L6","TTGTTTCATTAGTCTA-1"
"L5","TTGTTTCCATACAACT-1"
"WM","TTGTTTGTATTACACG-1"
"L1","TTGTTTGTGTAAATTC-1"
