"barcode","spatialLIBD"
"AAACAAGTATCTCCCA-1","L5"
"AAACACCAATAACTGC-1","L6"
"AAACAGAGCGACTCCT-1","L3"
"AAACAGCTTTCAGAAG-1","L5"
"AAACAGGGTCTATATT-1","L5"
"AAACATTTCCCGGATT-1","L6"
"AAACCACTACACAGAT-1","L3"
"AAACCCGAACGAAATC-1","L4"
"AAACCGGAAATGTTAA-1","L5"
"AAACCGGGTAGGTACC-1","L6"
"AAACCGTTCGTCCAGG-1","L6"
"AAACCTAAGCAGCCGG-1","WM"
"AAACCTCATGAAGTTG-1","L5"
"AAACGAAGAACATACC-1","L3"
"AAACGACAGTCTTGCC-1","L3"
"AAACGAGACGGTTGAT-1","L4"
"AAACGCCCGAGATCGG-1","L3"
"AAACGGGCGTACGGGT-1","L6"
"AAACGGTTGCGAACTG-1","WM"
"AAACGTGTTCGCCCTA-1","L3"
"AAACTAACGTGGCGAC-1","L3"
"AAACTCGGTTCGCAAT-1","WM"
"AAACTCGTGATATAAG-1","L3"
"AAACTGCTGGCTCCAA-1","L6"
"AAACTTAATTGCACGC-1","L6"
"AAACTTGCAAACGTAT-1","L6"
"AAAGACATGAAGTTTA-1","L3"
"AAAGACCCAAGTCGCG-1","L3"
"AAAGACTGGGCGCTTT-1","L5"
"AAAGCTTGCCTACATA-1","L3"
"AAAGGCCCTATAATAC-1","L6"
"AAAGGCTACGGACCAT-1","WM"
"AAAGGCTCTCGCGCCG-1","WM"
"AAAGGGATGTAGCAAG-1","L3"
"AAAGGGCAGCTTGAAT-1","L5"
"AAAGGTAAGCTGTACC-1","L3"
"AAAGGTCAACGACATG-1","L3"
"AAAGTAGCATTGCTCA-1","L6"
"AAAGTCACTGATGTAA-1","L3"
"AAAGTCGACCCTCAGT-1","L5"
"AAAGTGTGATTTATCT-1","L5"
"AAAGTTGACTCCCGTA-1","L4"
"AAATAACCATACGGGA-1","L3"
"AAATAAGGTAGTGCCC-1","L3"
"AAATACCTATAAGCAT-1","L6"
"AAATAGCTTAGACTTT-1","L3"
"AAATAGGGTGCTATTG-1","L6"
"AAATCCGATACACGCC-1","WM"
"AAATCGTGTACCACAA-1","L6"
"AAATCTAGCCCTGCTA-1","L6"
"AAATGATTCGATCAGC-1","L3"
"AAATGCTCGTTACGTT-1","L3"
"AAATGGCATGTCTTGT-1","L3"
"AAATGGCCCGTGCCCT-1","L6"
"AAATGGTCAATGTGCC-1","L5"
"AAATGTATCTTATCCC-1",NA
"AAATGTGGGTGCTCCT-1","L3"
"AAATTAACGGGTAGCT-1","L5"
"AAATTAATAAGCGCGA-1",NA
"AAATTACACGACTCTG-1","L3"
"AAATTACCTATCGATG-1","L3"
"AAATTCCAGGTCCAAA-1","L3"
"AAATTGATAGTCCTTT-1","L6"
"AAATTGCGGCGGTTCT-1",NA
"AAATTGGTGAGAAGCA-1","L3"
"AAATTTACCGAAATCC-1","L3"
"AAATTTGCGGGTGTGG-1","L6"
"AACAACTGGTAGTTGC-1","L5"
"AACAATACATTGTCGA-1","WM"
"AACAATTACTCTACGC-1","L5"
"AACACACGCTCGCCGC-1","L6"
"AACACGACTGTACTGA-1","L3"
"AACACGAGACGCGGCC-1","L6"
"AACACGCGGCCGCGAA-1","L3"
"AACAGCTGTGTGGCAA-1","L6"
"AACAGGAAATCGAATA-1","L3"
"AACAGGATGGGCCGCG-1","L5"
"AACAGGTAGTATGGAT-1","L5"
"AACATATCAACTGGTG-1","L3"
"AACATCGATACGTCTA-1","L3"
"AACATTGAAGTTGATC-1","L6"
"AACATTGTGACTCGAG-1","WM"
"AACCAAGACTTCTCTG-1","L5"
"AACCAGTATCACTCTT-1","L3"
"AACCATAGGGTTGAAC-1","L6"
"AACCATGGGATCGCTA-1","L3"
"AACCCAGAGACGGAGA-1","L3"
"AACCCATCCCATGATC-1","L6"
"AACCCGACAACCCGTG-1","WM"
"AACCCGAGCAGAATCG-1","L6"
"AACCCGATAGGGCTTC-1","L3"
"AACCCTACTGTCAATA-1","L4"
"AACCCTGGTGGAACCA-1","L3"
"AACCGAGCTTGGTCAT-1","L3"
"AACCGCTAAGGGATGC-1","L5"
"AACCGTTGTGTTTGCT-1","L3"
"AACCTAAAGCCGTCCG-1","L3"
"AACCTCGCTTTAGCCC-1","WM"
"AACCTGTCACGGAATT-1","L3"
"AACCTTTAAATACGGT-1","L6"
"AACCTTTACGACGTCT-1","L3"
"AACGAAAGTCGTCCCA-1","L6"
"AACGATAATGCCGTAG-1","L6"
"AACGATAGAAGGGCCG-1","L3"
"AACGATATGTCAACTG-1","L3"
"AACGCATGATCTGGGT-1","L3"
"AACGCGAACGGCAACA-1","L3"
"AACGCGACCTTGGGCG-1","WM"
"AACGCGGTCTCCAGCC-1","L3"
"AACGCTGTTGCTGAAA-1","L6"
"AACGGACGTACGTATA-1","L6"
"AACGGCCATCTCCGGT-1","L6"
"AACGTACTGTGGGTAC-1","L6"
"AACGTCAGACTAGTGG-1","L5"
"AACGTGATGAAGGACA-1","L3"
"AACGTGCGAAAGTCTC-1","L5"
"AACGTTATCAGCACCT-1","L3"
"AACTACCCGTTTGTCA-1","L4"
"AACTAGCGTATCGCAC-1","L3"
"AACTAGGCTTGGGTGT-1","WM"
"AACTCAAGTTAATTGC-1","L5"
"AACTCCAGAGCGTGTT-1","L6"
"AACTCCTAATCCCATG-1","L3"
"AACTCGATGGCGCAGT-1","L3"
"AACTCTCAATAGAGCG-1","L3"
"AACTCTCAGTGTGCTC-1","L6"
"AACTGAGGTCAGCGTC-1","L3"
"AACTGATATTAGGCCT-1","L3"
"AACTGGGTCCCGACGT-1","L3"
"AACTGGGTTCGAGCCG-1","L3"
"AACTGGTGTGGGCCTT-1","L3"
"AACTTCTGCGTCTATC-1","L3"
"AACTTGCCCGTATGCA-1","L5"
"AACTTGCGTTCTCGCG-1","L3"
"AACTTTACGGGAGCTT-1","L4"
"AACTTTAGCTGCTGAG-1","L3"
"AACTTTCTCGATCATG-1","L3"
"AAGAAATCACCAGATT-1","L3"
"AAGAAGGATCAGTTAG-1","L3"
"AAGACCCAACTGAACA-1","WM"
"AAGACTAACCCGTTGT-1",NA
"AAGACTCACGCCCACT-1","L3"
"AAGACTGCAAGCTACT-1","L5"
"AAGAGATGAATCGGTA-1","L5"
"AAGAGCTCTTTATCGG-1","L4"
"AAGAGGATGTACGCGA-1","L5"
"AAGAGGCATGGATCGC-1","L4"
"AAGAGGCCCTTTGGAA-1","L6"
"AAGATGGCACCGGACC-1","WM"
"AAGATTGGCGGAACGT-1","L3"
"AAGCACCCTGCGTATC-1","WM"
"AAGCATACTCTCCTGA-1","L6"
"AAGCCGAAGCGGTTTA-1","L5"
"AAGCCGCCGTGAAATC-1","L6"
"AAGCCGCTTTACCTTG-1","L3"
"AAGCGCAGGGCTTTGA-1","WM"
"AAGCGGAGTGCGCGCA-1","L3"
"AAGCGGCGTCATGGGT-1","L3"
"AAGCGTCCCTCATCGA-1","L6"
"AAGCTAGATCGAGTAA-1","L6"
"AAGCTCGTGCCAAGTC-1","L5"
"AAGCTCTTTCATGGTG-1","L6"
"AAGGAGAACTTATAAG-1","L3"
"AAGGAGCGGTTGGTGC-1","L5"
"AAGGATCGATCGCTTG-1","L3"
"AAGGATGAGGGACCTC-1","L3"
"AAGGCAGGCTGTCTCC-1","L3"
"AAGGCGCGTAAAGCTT-1","L5"
"AAGGCTGTGCTCATCG-1","L5"
"AAGGGAACGACTGGCT-1","L6"
"AAGGGACAGATTCTGT-1","L3"
"AAGGGACTATGCATTC-1","L6"
"AAGGTATCCTAATATA-1","L3"
"AAGGTGATAAACCAGC-1","L5"
"AAGTAGAAGACCGGGT-1","L3"
"AAGTAGTGACGCGAGG-1","L5"
"AAGTCAATTGTCGTCA-1","L5"
"AAGTCTAGTAGCTGCC-1","L3"
"AAGTGACGACCGAATT-1","L5"
"AAGTGAGTCGGGTTTA-1","WM"
"AAGTGCAAAGGTAGAC-1","L4"
"AAGTGCCTTGACTGTA-1","L4"
"AAGTGCGTTAGAATCT-1","L6"
"AAGTGCTTCTCTATTG-1","WM"
"AAGTGTTTGGAGACGG-1","L6"
"AAGTTCACTCCAAGCT-1","L6"
"AAGTTCAGTCTGCGTA-1","L3"
"AAGTTCGGCCAACAGG-1","L6"
"AAGTTGTGATGTTATA-1","L6"
"AAGTTTACTAATGGCA-1","L3"
"AAGTTTATGGGCCCAA-1","WM"
"AATAACAACGCTCGGC-1","L5"
"AATAACACTAGAACAA-1","L6"
"AATAAGTCCTCGAGAC-1","L3"
"AATAATCTTCGTATCG-1","L5"
"AATACAATGTTTCAGG-1","L4"
"AATACCGGAGGGCTGT-1","WM"
"AATAGAACAGAGTGGC-1","L6"
"AATAGAATCTGTTTCA-1","L6"
"AATAGCAAGCCTCCTG-1","L3"
"AATAGCTACCGCGTGC-1","L3"
"AATAGTCCGTCCCGAC-1","WM"
"AATAGTCGCGAGTCGG-1","L3"
"AATATCAAGGTCGGAT-1","L3"
"AATATCGAATCAATGC-1","L5"
"AATATCGAGGGTTCTC-1","L3"
"AATATTGGAGTATTGA-1","L5"
"AATCAGACTGCAGGAC-1",NA
"AATCAGGTTTCATTTA-1","WM"
"AATCATGTAAAGACTC-1","L6"
"AATCCAAGGGCCTGAG-1","L3"
"AATCCATGCAAGGGTG-1","L3"
"AATCGCCTCAGCGCCA-1","L5"
"AATCGCGCAGAGGACT-1","L3"
"AATCGGGACACTACGA-1","L3"
"AATCGTGAGCCGAGCA-1","WM"
"AATCTAGGTTTACTTG-1","L6"
"AATCTATGCCGGAGCC-1","L3"
"AATCTCTACTGTGGTT-1","L5"
"AATCTGCGTTGGGACG-1","L3"
"AATCTGGCTTTCTAGT-1","L6"
"AATCTGGGTAGACCCT-1","L3"
"AATGACAGCAATGTCT-1","L6"
"AATGACGTAGGATGTC-1","L5"
"AATGACTGTCAGCCGG-1","L4"
"AATGAGTTCGCATATG-1","L3"
"AATGATGATACGCTAT-1","L3"
"AATGATGCGACTCCTG-1","L3"
"AATGCAACCGGGTACC-1","L4"
"AATGCACCAAGCAATG-1","L3"
"AATGGCCGCCAATGCG-1","L3"
"AATGGTCCACCGTTCA-1","L5"
"AATGGTTCTCACAAGC-1","L4"
"AATGTGCCCGAGGTGT-1","L6"
"AATGTGCTAATCTGAG-1","WM"
"AATTAAAGGTCGGCGT-1","L6"
"AATTAACGGATTTCCA-1","WM"
"AATTAGCGCTGCAGCG-1","L6"
"AATTCATAAGGGATCT-1","L3"
"AATTCATTGTCATGCA-1","L6"
"AATTCCAAGCATGTAC-1","WM"
"AATTCGATTCGAGGAT-1","WM"
"AATTCTAGAGTTAGGC-1","L6"
"AATTGAACGCTCTGGT-1","L5"
"AATTGCAGCAATCGAC-1","L6"
"AATTTGGGACATAGTA-1","L3"
"AATTTGGTTCCAAAGA-1","L3"
"ACAAACCATGCGTCCT-1","L6"
"ACAAACCGACAAGGCG-1","L3"
"ACAAAGCATGACCTAG-1","L6"
"ACAAATCGCACCGAAT-1","L6"
"ACAAATGGTAGTGTTT-1","L5"
"ACAAATTCAGATCTGA-1","L3"
"ACAACAGCATGAGCTA-1","L4"
"ACAACGGTCCCTGCGA-1","L4"
"ACAAGCAGTGCCTAGC-1","L5"
"ACAAGCTATATGGAAG-1",NA
"ACAAGGAAATCCGCCC-1","L6"
"ACAAGGACAAGAGGTT-1","L5"
"ACAAGGATGCTTTAGG-1","L6"
"ACAAGGCCTACCAGCC-1","L3"
"ACAAGGGCAGGCTCTG-1","L5"
"ACAATAGTCGTACGTT-1","L5"
"ACAATCCATTTAAACC-1","L5"
"ACAATCGATCTTTATA-1","L3"
"ACAATGAATACGGAGA-1","L6"
"ACAATGATTCTTCTAC-1","L3"
"ACAATTGTGTCTCTTT-1","L6"
"ACAATTTAGGAGGCTC-1","L4"
"ACAATTTGAGCAGTGG-1","L3"
"ACAATTTGGCCATATT-1","L3"
"ACACAAAGACGGGTGG-1","L4"
"ACACAAATATTCCTAG-1","L3"
"ACACACCAGGACCAGT-1","L5"
"ACACACTTTCTACACG-1","L3"
"ACACATGATCAAATCT-1","L6"
"ACACATTGACGCAACA-1",NA
"ACACCACATAATTAGC-1","L3"
"ACACCCAGCATGCAGC-1","L4"
"ACACCCGAGAAATCCG-1","L4"
"ACACCGGTCTGACCGC-1","L6"
"ACACCTTAAGTAGGGC-1","L5"
"ACACCTTACTACTTGC-1","L3"
"ACACGAGACTCCTTCT-1","L4"
"ACACGGCACTATGCAT-1","L3"
"ACACGGGAACTTAGGG-1","L3"
"ACACGTAGGCCACAAG-1","L6"
"ACACTCCAATGTCACT-1","L3"
"ACACTGATCAAGGTGT-1","L6"
"ACACTGGGACAGTCGT-1","L6"
"ACAGAACTGAGAACAA-1","L6"
"ACAGATTAGGTTAGTG-1","L3"
"ACAGCATAGAGCCAGT-1","L3"
"ACAGCGACATTCTCAT-1","L6"
"ACAGCGCACCCGCAGC-1","L3"
"ACAGGCTTGCCCGACT-1","L6"
"ACAGGTGGAGGTGAGG-1","L6"
"ACAGGTGTGTTGTTGC-1",NA
"ACAGTAATACAACTTG-1","L5"
"ACAGTGCAGCGCATTT-1","L3"
"ACATAAGTCGTGGTGA-1","L6"
"ACATAATAAGGCGGTG-1","L3"
"ACATCAGCTGGGACGC-1","L5"
"ACATCCCGGCCATACG-1","WM"
"ACATCCTGGTAACTGT-1","L4"
"ACATCGATCGTTTACC-1","L6"
"ACATCGGTCAGCCGCG-1","L6"
"ACATCGTATGCAATGG-1","L5"
"ACATCGTTAACCTAGT-1","L3"
"ACATCTCAACGCGTAA-1","L3"
"ACATGGCGCCAAAGTA-1","L4"
"ACATTAGTTTATATCC-1","L6"
"ACCAAACACCCAGCGA-1","L3"
"ACCAAACTAGAAATCC-1","L3"
"ACCAACACCACACACT-1","L3"
"ACCAACCGCACTCCAC-1","L6"
"ACCAACGCTTATTTAT-1","WM"
"ACCAAGAACGCGTGTC-1","L3"
"ACCAATATGCAAGTTA-1","L6"
"ACCACAACTCAGAACA-1","L3"
"ACCACAAGTTTCTATC-1","L5"
"ACCACCAATGTAACAA-1","L4"
"ACCACCCTCTCTTCTA-1","L3"
"ACCACGTGCAGCTATA-1","L6"
"ACCAGCCCGGTCTTTG-1","L3"
"ACCAGGAGTGTGATCT-1","L3"
"ACCAGTGCCCGGTCAA-1","L3"
"ACCAGTGCGGGAGACG-1","L5"
"ACCATATCCGCAATAA-1","L5"
"ACCATCCGCCAACTAG-1","L5"
"ACCATCGTATATGGTA-1","L6"
"ACCCAACGCCCGTGGC-1","L3"
"ACCCACCTACATGCTC-1","L5"
"ACCCATCTTGAGGGTA-1","L5"
"ACCCATTTGTCCCTCT-1","L6"
"ACCCGAGCGAAATTAC-1","L6"
"ACCCGATTGGTTCCGA-1","WM"
"ACCCGGAAACTCCCAG-1","WM"
"ACCCGGATGACGCATC-1","L3"
"ACCCGGTTACACTTCC-1","L6"
"ACCCGTGTCATCAGTA-1","WM"
"ACCCTATAGGACTGAG-1","L3"
"ACCCTATGCCATATCG-1","WM"
"ACCCTCCCTTGCTATT-1","L6"
"ACCCTGGTAACGCCCT-1","L3"
"ACCCTTCATCTGCGAA-1","L3"
"ACCCTTGCCTGGGTCG-1","L3"
"ACCCTTTAGTTCTCCA-1","L3"
"ACCGAAAGGGCCCTGC-1","L3"
"ACCGAAGAGTCTGGTT-1","L6"
"ACCGACACATCTCCCA-1","WM"
"ACCGACTGAGTCCCAC-1","L4"
"ACCGATAGGCATAACC-1","L6"
"ACCGATATTTAATCAT-1","L5"
"ACCGATGGTAGCATCG-1","L4"
"ACCGCAATAACTGCCT-1","L6"
"ACCGCGGTGGAAGTCG-1","L4"
"ACCGGGCCTTTGTTGA-1","L5"
"ACCGGTCAGGTACACC-1","L6"
"ACCGGTCTGAGTACGG-1","L3"
"ACCGTGACCACGTGGG-1","WM"
"ACCGTTCCCGCTCTGA-1","L3"
"ACCTAAGTACCTTTCA-1","L6"
"ACCTAATCGACTTCCT-1","L5"
"ACCTACAGTATGTGGT-1","L3"
"ACCTACTATAAATCTA-1","WM"
"ACCTCCGCCCTCGCTG-1","L6"
"ACCTCCGTTATTCACC-1","L3"
"ACCTCGAACTTATGCT-1","L6"
"ACCTGCGTGTCATGTT-1","L6"
"ACGAAATGGGCGGCAC-1","L5"
"ACGACTGGTCATACTC-1","WM"
"ACGAGAACCCATCACG-1","L3"
"ACGAGATATTTGCTTA-1","L3"
"ACGAGGATACCACTCT-1","L6"
"ACGAGGTTTACAACGT-1","L6"
"ACGAGTACGGATGCCC-1","L3"
"ACGATACATAGAACTA-1","L3"
"ACGATACCTATCCTGA-1",NA
"ACGATCATACATAGAG-1","L3"
"ACGATCATCTTGTAAA-1","L3"
"ACGATGCATATGTTAT-1","L5"
"ACGATGGATCCGATGC-1","L3"
"ACGCAAACTAATAGAT-1","WM"
"ACGCAATCACTACAGC-1","L3"
"ACGCATAAATGACATG-1","L3"
"ACGCATACGTTTACTA-1","L6"
"ACGCATTCGTGAGTAC-1","L5"
"ACGCCAGATGATTTCT-1","L3"
"ACGCCCAGCTGTCGAT-1","L3"
"ACGCCGCTAGACGACC-1","L5"
"ACGCGAAGTCAGACGA-1","L6"
"ACGCGCTACACAGGGT-1","L6"
"ACGCGGGCCAAGGACA-1","L5"
"ACGCGTTTCTTAAGAG-1","L4"
"ACGCTAGTGATACACT-1","L3"
"ACGCTGTGAGGCGTAG-1","L5"
"ACGCTTAGTGTCTCTC-1","L3"
"ACGGAATTTAGCAAAT-1","L3"
"ACGGACTCTCAAAGCG-1","WM"
"ACGGAGCGCAAATTAC-1","L3"
"ACGGATGGTGCGGATA-1","L6"
"ACGGCACTTGCTTGGG-1","L6"
"ACGGCCAACATGGACT-1","WM"
"ACGGCGACGATGGGAA-1","L6"
"ACGGCGGGTTGCCCTG-1","L3"
"ACGGCTGGATGTAGAA-1","L6"
"ACGGGAGTGTCGGCCC-1","L6"
"ACGGGCGTATGCGACA-1","L3"
"ACGGGTCATGTGACTT-1","L3"
"ACGTACAGATTTCTCT-1","L3"
"ACGTAGATTGCTGATG-1","L4"
"ACGTATTACTCCGATC-1","L4"
"ACGTGCGCCTCGTGCA-1","L3"
"ACGTGGTCGAATGTGC-1","L3"
"ACGTTAATGTCGAAGA-1","L5"
"ACGTTAGATTTGCCCG-1","L5"
"ACGTTATTGGTCACTC-1","L3"
"ACGTTCCGCGCTCCGT-1","L3"
"ACGTTCGCAATCAATT-1","L3"
"ACGTTCGTTCAGGAAA-1","WM"
"ACGTTCTGTACAAGTC-1","L6"
"ACGTTTAGTTGTGATC-1","L3"
"ACTAAGGACGCACACC-1","L3"
"ACTAATACGTCAGGCG-1","L3"
"ACTACATCCCGACAAG-1","L6"
"ACTACCAGCTCTCTGG-1","L5"
"ACTACGCGTTAGAATT-1","WM"
"ACTAGTTGCGATCGTC-1","L5"
"ACTATATGCTGTGTTC-1","L3"
"ACTATCCAGGGCATGG-1","L3"
"ACTATCTGCCCGCGTA-1","L5"
"ACTATGTCCAGCTGCC-1","L6"
"ACTATTCGTCCGTGGT-1","L3"
"ACTATTTCCGGGCCCA-1","WM"
"ACTCAACGAATGTATT-1","L3"
"ACTCAAGTGCAAGGCT-1","L6"
"ACTCAATAAAGGCACG-1","L3"
"ACTCAGACCTGCTTCT-1","L3"
"ACTCATGGCAGCCTTC-1","L6"
"ACTCCAATATCATCAT-1","L6"
"ACTCCCATTCCTAAAG-1","L6"
"ACTCCCGAATTCGTTT-1","L3"
"ACTCCCTAATGCTAAA-1","WM"
"ACTCCCTAGAATAGTA-1","L6"
"ACTCGATGTATTTCAT-1","L3"
"ACTCGTAACCCGTCCT-1","L6"
"ACTCGTCAGTAATCCC-1","L4"
"ACTCTAAACCTGGGAT-1",NA
"ACTCTCTGACTTAGGT-1","L5"
"ACTCTCTTATACACGA-1","L3"
"ACTCTTCAGCTCCCGC-1","L3"
"ACTCTTGTATAGTAAC-1","L5"
"ACTGAAACGCCGTTAG-1","L6"
"ACTGAATGGCGAAAGT-1","L5"
"ACTGATTTAGTGATTC-1","L3"
"ACTGCCCGCCATTCTC-1",NA
"ACTGCCGTCGTAACTC-1","L3"
"ACTGCGGACACACCGT-1","L3"
"ACTGCTCGGAAGGATG-1","L6"
"ACTGGCGAACCTGCGT-1","L3"
"ACTGTACGATACACAT-1","L3"
"ACTGTAGCACTTTGGA-1","L5"
"ACTGTATACGCGAGCA-1","L3"
"ACTGTCCAGGATTATA-1","L5"
"ACTGTCTTCTTTAGAA-1","L4"
"ACTGTGCTAGTAGATC-1","L3"
"ACTGTTTAGTGTAGGC-1","L3"
"ACTTACCGGGCGCGCA-1","L3"
"ACTTACGCATCCACGC-1","L6"
"ACTTAGTACGACAAGA-1","L3"
"ACTTATACTTACCCGG-1","L4"
"ACTTATTAGGATCGGT-1","L5"
"ACTTATTTATGTGCCA-1","L5"
"ACTTCAGGCTGATCCC-1","L6"
"ACTTCCATGCGGGACA-1","L6"
"ACTTCGCCATACGCAC-1","L3"
"ACTTGACTCCCTCTTT-1","L5"
"ACTTGCCATATTGTAC-1","L3"
"ACTTGGGACCCGGTGG-1","L5"
"ACTTGTAGTCCCTTCA-1","L5"
"ACTTGTGGATGGAACG-1","L5"
"ACTTTACCCTCATGAA-1","L3"
"ACTTTCCTATAGCTTC-1","L4"
"ACTTTGACTGCATCCT-1","L5"
"ACTTTGGTCGTGCTCC-1","L6"
"ACTTTGTCGACGCACT-1","L5"
"AGAAATTATGACTCGC-1","L5"
"AGAACCCAGCGTGACA-1","L3"
"AGAACCCTCAATTGGG-1","L6"
"AGAACGTGGTACATTC-1","L3"
"AGAAGAGCGCCGTTCC-1","L4"
"AGAAGGTACACTTCAC-1","L6"
"AGAAGGTTGCCGAATT-1","L6"
"AGAAGGTTGTAGGTCG-1","WM"
"AGAAGTGATTCGTGAT-1","L6"
"AGAATAAATCTTCAGG-1","L5"
"AGAATGCGGGTTCGGA-1","L3"
"AGAATTATGGATTCGA-1","L3"
"AGAATTGTTTGACATA-1","L3"
"AGACAGCTCAGAATCC-1","L3"
"AGACAGGCATCTCAGC-1","L5"
"AGACATAGATCCTTCC-1","L3"
"AGACCAAACCACACCT-1","L5"
"AGACCATGGGATACAA-1","L4"
"AGACCCACCGCTGATC-1","L6"
"AGACCCGCCCTCCTCG-1","L4"
"AGACCGCTCCGCGGTT-1","L5"
"AGACCGGGAAACCCTG-1","L5"
"AGACGAAGTGCCGGTC-1","L5"
"AGACGACGATGCCGCT-1","L6"
"AGACGCCCACTTCGCC-1","L6"
"AGACGGGATTGGTATA-1","L3"
"AGACGGGCCGATTTAA-1","L3"
"AGACTAGCCTTCCAGA-1","L5"
"AGACTGTTACCGGGTC-1","WM"
"AGAGAAACACCAGAAA-1","WM"
"AGAGAACCGTCTAGGA-1","L3"
"AGAGAAGGAGTACAAT-1","L6"
"AGAGATCTCTAAAGCG-1","L5"
"AGAGCAGTTATGAGAC-1","L5"
"AGAGCCGCCGAGATTT-1","L6"
"AGAGCGCTTGTAACGG-1","L3"
"AGAGCGGGCTAATCAT-1","L3"
"AGAGCGTACAAGCTCG-1","L5"
"AGAGCTACGAAAGCAT-1","L3"
"AGAGGCTTCGGAAACC-1","L5"
"AGAGGGACAATTGTCC-1","L3"
"AGAGGTATCTCGGTCC-1","L3"
"AGAGTAAACTTCACTA-1","L5"
"AGAGTATAGTGTTACG-1","L3"
"AGAGTGAACAGACACC-1","L3"
"AGAGTTAGAGACCGAT-1","L3"
"AGAGTTGCAGGCCTCC-1","L3"
"AGATAACTTCAGGGCC-1","L5"
"AGATACCAATAGAACC-1","L6"
"AGATACCAGCACTTCA-1","L3"
"AGATACCGGTGTTCAC-1","L6"
"AGATACGACTTCATAT-1","L3"
"AGATACTCAAGATCGA-1","L5"
"AGATATAATACGACTA-1","WM"
"AGATCGTGCATAAGAT-1","L3"
"AGATCTCAGGTGTGAT-1","L3"
"AGATGACTCGCCCACG-1","L3"
"AGATGAGGGTTGCGAT-1","L3"
"AGATGATGGAGTCTGG-1","L3"
"AGATGCAAGACGTGCA-1","L6"
"AGATTATAGGACGTTT-1","L5"
"AGATTCAAGCGGGTCG-1","L3"
"AGATTCACAACCGATA-1","L6"
"AGCAAAGGCCGCTAGT-1","WM"
"AGCAACATATCTTATT-1","L5"
"AGCAACCGAAAGTAAT-1","L6"
"AGCACACGTTTAGACT-1","L6"
"AGCACCAGTACTCACG-1","L3"
"AGCACTACCGGCCTGT-1","L5"
"AGCACTACCTCACCAG-1","L6"
"AGCACTTAAGGACGCC-1","L5"
"AGCAGAAGGAGAAAGA-1","WM"
"AGCAGCCAGATGAATA-1","WM"
"AGCATATCAATATGCT-1","L6"
"AGCATCATTTCGAAAG-1","L6"
"AGCATCGTCGATAATT-1","L3"
"AGCCAAGCTTTGTGTC-1","WM"
"AGCCACAGGTTACCCG-1","L6"
"AGCCACTCCCGTGCTT-1","L3"
"AGCCCATACATGTAAG-1","L6"
"AGCCCGCAACAAGCAG-1","WM"
"AGCCCGGCATTAGAGG-1","L6"
"AGCCCGGTAGCCTGTA-1","WM"
"AGCCCTAAGCGAAGTT-1","L3"
"AGCCCTCCCTGGTGGC-1","L6"
"AGCCCTGTCGCACCGT-1","L3"
"AGCCCTTCTAATCCGA-1","L3"
"AGCCCTTGGACATCCC-1","L5"
"AGCCGTGGCTAAATGT-1","L6"
"AGCCTAATACCCACGT-1","L6"
"AGCCTTAAAGCGGAAG-1","L3"
"AGCGACAGGAACGGTC-1","L6"
"AGCGACATCCCATTCA-1","L3"
"AGCGACCAACGATATT-1","L4"
"AGCGAGACGTGAAGGC-1","L6"
"AGCGATGCGCCTAATA-1","L6"
"AGCGCATAATGAATCG-1","WM"
"AGCGCGGGTGCCAATG-1","L3"
"AGCGCTAGAGCGATGT-1","L3"
"AGCGCTTATGGGCAAG-1","L3"
"AGCGGACACTTCGTAG-1","WM"
"AGCGGCGGTTAGCGGT-1","L6"
"AGCGGGAAGGGTCCAT-1","L3"
"AGCGGGTCTGACACTC-1","WM"
"AGCGGTTGAGATGTAC-1","L3"
"AGCGGTTGCCGCTCTG-1","L3"
"AGCGTACGAGAGCTAG-1","L3"
"AGCGTAGCGCTAGACC-1",NA
"AGCGTGGTATTCTACT-1","L6"
"AGCGTTCCGATTTAAA-1","L3"
"AGCTAACAAGCAATGT-1","WM"
"AGCTAAGTACGCAGGC-1","WM"
"AGCTAGAAGCAGAAGT-1","L3"
"AGCTATTTAATCCAAC-1","L3"
"AGCTCCATATATGTTC-1","L6"
"AGCTCCTTCGCACATC-1","L6"
"AGCTCGTTGATGGAAA-1","L3"
"AGCTCTAGACGTTCCA-1","L5"
"AGCTCTTCCCAGTGCA-1","L3"
"AGCTCTTCGTAACCTT-1","L3"
"AGCTCTTTACTCAGTT-1","L6"
"AGCTGAAGTAAACCAA-1","L3"
"AGCTGCATTTGAGGTG-1","L3"
"AGCTGCTGTGCCGAAT-1","L3"
"AGCTGTAACCTCAATC-1","L6"
"AGCTTATAGAGACCTG-1","L3"
"AGCTTCAATACTTTGA-1",NA
"AGCTTGATCTTAACTT-1","L5"
"AGGAACGAACGACTTC-1","L6"
"AGGAAGCTGTCCGCCG-1","WM"
"AGGACAGTCGAATCCC-1","L5"
"AGGACATCGCACGTCG-1","L3"
"AGGACGACCCATTAGA-1","L6"
"AGGACGCTCGATGTTG-1","L3"
"AGGAGACATCCACAGT-1","L3"
"AGGAGGCCTTCGCGCG-1","L6"
"AGGATAAAGTCGGGAT-1","L6"
"AGGATATAGGGATTTA-1","L5"
"AGGATCACGCGATCTG-1","L6"
"AGGATTGCTTACGACA-1","L3"
"AGGCACGTGACTGTCC-1","L6"
"AGGCAGATGCGTAAAC-1","L3"
"AGGCAGGGAGCGTACT-1","WM"
"AGGCATTGTCGTAGGG-1","L5"
"AGGCCACCCGTTATGA-1","L5"
"AGGCCCATTGTACAGG-1","L3"
"AGGCCCTAGAACGCCA-1","L6"
"AGGCCTGAGAATCTCG-1","L6"
"AGGCGATAACTGGCGT-1","L5"
"AGGCGGTTTGTCCCGC-1","L6"
"AGGCGTCTATGGACGG-1","L3"
"AGGCTATGGTTAGCTT-1","L5"
"AGGCTTCCCGAAGAAG-1","L6"
"AGGCTTGCTAGACACC-1","L4"
"AGGGAAACGAGGTACT-1","L3"
"AGGGACCGGCTGCGTT-1","L3"
"AGGGACTCTACGCGAC-1","WM"
"AGGGAGACATACTTCG-1","L3"
"AGGGCAGCGGCGTGGT-1","L3"
"AGGGCGAGCAGCTGAT-1","L6"
"AGGGCGTGATCGGCTA-1","L3"
"AGGGCTGCAGTTACAG-1","L5"
"AGGGTCAGAGCACTCG-1","WM"
"AGGGTCAGTAACCCTA-1","L3"
"AGGGTCGATGCGAACT-1","L3"
"AGGGTGCCGTTCTTTA-1","WM"
"AGGGTGCTCTCGAGGG-1","L3"
"AGGGTGGATAGTGCAT-1","L4"
"AGGGTGTGCTACACGC-1","L3"
"AGGGTTCAGACGGTCC-1","WM"
"AGGGTTCCCTTTGGTT-1","L3"
"AGGGTTTAGTTCGGGA-1","L5"
"AGGTAACCTCCTATTC-1","L3"
"AGGTACGATATTGCCA-1","L3"
"AGGTAGATCGAGATAT-1","WM"
"AGGTAGGTACAAAGCT-1","L5"
"AGGTATAATTGATAGT-1","L3"
"AGGTATGCGGACATTA-1","L3"
"AGGTCAGGTGAGAGTG-1","L6"
"AGGTCGCCACTTCGGT-1",NA
"AGGTCGCCTCCCAACA-1","L6"
"AGGTCGCGGAGTTACT-1","L3"
"AGGTGGTGACCTTCGC-1","WM"
"AGGTGTATCGCCATGA-1","L5"
"AGGTTACACCATGCCG-1","L4"
"AGGTTGAGGCACGCTT-1","L3"
"AGGTTTCACACACCTT-1","L5"
"AGTAACGTTCATCCTG-1","L3"
"AGTAATGTCTTGCCGC-1","L3"
"AGTACATCATTTATCA-1","L3"
"AGTACCTTCGAGTGCT-1","L3"
"AGTACGGCCCGTATCG-1","L5"
"AGTACGGGCACCTGGC-1","L3"
"AGTACGTGGCCTGTCT-1","L3"
"AGTACTCTTATGCCCA-1","L6"
"AGTAGCGTGAACGAAC-1","L3"
"AGTAGCTAGACGCCGA-1","L3"
"AGTAGGAAGGAAGTTG-1","L3"
"AGTAGGTAACATACAT-1","L3"
"AGTATAATACTAGGCA-1","L5"
"AGTATACACAGCGACA-1","WM"
"AGTATCCATAATAACG-1",NA
"AGTATGCTGGAGACCA-1","L6"
"AGTATTTGGCACGACC-1","WM"
"AGTCAAATGATGTGAT-1","WM"
"AGTCAACACCACCATC-1","L6"
"AGTCAAGATGACACTT-1","L5"
"AGTCACTAGCTCTCGA-1","L6"
"AGTCACTCCGCCTCAT-1","L3"
"AGTCAGCCACCGCCTG-1","L3"
"AGTCCAGCGGGTACGT-1",NA
"AGTCCATTGGCTGATG-1","L4"
"AGTCCCGCCTTTAATT-1","L3"
"AGTCGACGGTCTCAAG-1","L4"
"AGTCGGCCCAAACGAC-1","L5"
"AGTCGGCTCAACTTTA-1","L6"
"AGTCGGTTGCGTGAGA-1","L3"
"AGTCGTATAAAGCAGA-1","WM"
"AGTCGTCGACCACCAA-1","L6"
"AGTCGTGGGCATTACG-1","L6"
"AGTCTAAAGTATACTC-1","L3"
"AGTCTCACAAGACTAC-1","L6"
"AGTCTGGACATCCTTG-1","L3"
"AGTCTTCTCCTCAAAT-1","L3"
"AGTCTTTAAAGTGTCC-1","WM"
"AGTGAACAAACTTCTC-1","L4"
"AGTGACCTACTTTACG-1","L6"
"AGTGACTGTGACACAA-1","L6"
"AGTGAGACTTCCAGTA-1","L4"
"AGTGAGCCTCGCCGCC-1","L3"
"AGTGAGGGTTTCTGAC-1","L3"
"AGTGATAACCTGCGCG-1","L6"
"AGTGATATGAGTAGTT-1","L6"
"AGTGATTCAAGCAGGA-1","L3"
"AGTGCACGCTTAAGAA-1","L6"
"AGTGCGTAGCTCGTAA-1","L6"
"AGTGCTAAACACAGCA-1","L6"
"AGTGCTTGCACGAATA-1","L5"
"AGTGGCGGCAATTTGA-1","L3"
"AGTGGCGTCTGAAGGT-1","L6"
"AGTGGCTCCGTCGGCC-1","L5"
"AGTGGTGTTACCCGTG-1","L5"
"AGTGTATTGCGCATTG-1","L3"
"AGTGTGCTAAGATCGC-1","L3"
"AGTGTGGTCTATTGTG-1","L4"
"AGTTAAACACTTGCGA-1","L6"
"AGTTAAGCGGTCCCGG-1","L3"
"AGTTAAGTCAACCGCT-1","L6"
"AGTTACCCTTAAGACT-1","L3"
"AGTTACCGCACATGGT-1","L4"
"AGTTACTCTATCGTGG-1","L3"
"AGTTATTGAAAGGTAA-1","L3"
"AGTTCACCGGTTGGAC-1","L3"
"AGTTCCTACAGAATTA-1","L5"
"AGTTCCTATTTATGTT-1","L6"
"AGTTCTGCGTTGTATC-1","L3"
"AGTTGACATCGGCTGG-1","L3"
"AGTTGACGGTCCTTGC-1","WM"
"AGTTGCTGACTGATAT-1","L3"
"AGTTTATGTAAAGACA-1","L3"
"AGTTTCGCAGGTCGGA-1","L3"
"AGTTTGCACCTGCCTC-1","WM"
"AGTTTGGCACGGGTTG-1","L5"
"AGTTTGGCCAGACCTA-1","L6"
"ATAAACGGACCCGTAA-1","L6"
"ATAAACGTTGCACCAC-1","L6"
"ATAAAGGCTCGGTCGT-1","L5"
"ATAAAGGTCAAGTACG-1","L3"
"ATAAATATTAGCAGCT-1","L5"
"ATAACGCCGGAGGGTC-1","L4"
"ATAACGGAGTCCAACG-1","L3"
"ATAACGTTACCTCCAC-1","L3"
"ATAAGCAAACACCGAG-1","L3"
"ATAAGGTGGAGAACAT-1","L6"
"ATAAGTACCCGATTGT-1","L3"
"ATAAGTAGGATTCAGA-1","L3"
"ATAAGTAGGGCGACTC-1","L3"
"ATAAGTTACCGCGACG-1","L6"
"ATAATACCGTTAGCCG-1","L3"
"ATAATAGCTGTTGAAT-1","L6"
"ATAATAGTGTAGGGAC-1","L3"
"ATAATCTTGGAGAACC-1","WM"
"ATAATTAGCTAAGTAG-1","WM"
"ATACAGGCCCTCCAAT-1","WM"
"ATACCACGGGCAACTT-1","L5"
"ATACCAGCAAATTGCT-1","L3"
"ATACCAGGCTAATAGA-1","L3"
"ATACCAGGTGAGCGAT-1","L3"
"ATACCGTCATCCATAA-1","L3"
"ATACCTAACCAAGAAA-1","WM"
"ATACGAAGGCTTTCCA-1","L3"
"ATACGACAGATGGGTA-1","L3"
"ATACGCCGGCGAAACC-1","L5"
"ATACGGAACGTCGTTT-1","L6"
"ATACGGGTTTCGATTG-1","L3"
"ATACGGTGAAGATGCA-1","L5"
"ATACGTACTTAGCCAC-1","L6"
"ATACGTCCACTCCTGT-1","L5"
"ATACGTTATGCACGGA-1","WM"
"ATACTACCCGTACCAC-1","L6"
"ATACTAGCATGACCCT-1","L3"
"ATACTCTCGCCACTCT-1","L3"
"ATACTGCCTTACACCG-1","L6"
"ATACTTGTTCTCGAGC-1","L4"
"ATAGACAACGGGACCT-1","L3"
"ATAGACGAAGAGAAAG-1","L5"
"ATAGAGTACTGGGACA-1","L5"
"ATAGAGTTATCAACTT-1","L3"
"ATAGCAACTAGGGAAG-1","L6"
"ATAGCCTCAGTACCCA-1","L3"
"ATAGCTGCTCTTGTTA-1","L3"
"ATAGGAATCTAAGCTT-1","L3"
"ATAGGCGGCTATAGAA-1","L6"
"ATAGGCTAGCTTCGCA-1","L3"
"ATAGGGATATCCTTGA-1","L3"
"ATAGGTTGGGCAGATG-1","L4"
"ATAGTCTTTGACGTGC-1","L3"
"ATAGTGAAGCGTTCTC-1","L6"
"ATAGTTCCACCCACTC-1","L3"
"ATATAAAGCGCTCGTG-1","WM"
"ATATAAATGTAGCTGC-1","L6"
"ATATAACACGGGCGCA-1","L6"
"ATATACGCTCGTGACG-1","L6"
"ATATAGAGTATTGGTC-1","L6"
"ATATCAACCTACAGAG-1","L3"
"ATATCGGTAGGGAGAT-1","L3"
"ATATCGTGCCAGACCC-1","L3"
"ATATCGTTCCTCGAAC-1","L6"
"ATATCTCCCTCGTTAA-1","L3"
"ATATCTTAGGGCCTTC-1","L5"
"ATATGTCTCCCTAGCC-1","L3"
"ATATGTGCACAAACCA-1","L3"
"ATATTCAGTTAAACCT-1","L6"
"ATATTCCACATAGTGA-1","L6"
"ATATTCCCACAGGTCA-1","L3"
"ATATTGCTGTCAAAGT-1","L3"
"ATATTGGAGAGGCCTT-1","L6"
"ATATTTAACCCTCAAG-1","L5"
"ATCAAACACTGTTCCA-1","L5"
"ATCAAACGAAGGTTTG-1","L6"
"ATCAAGATCCCAGGAC-1",NA
"ATCAATCTGGGCTGCA-1","L5"
"ATCAATGCCGTGGCTG-1","L6"
"ATCACATTAGAATATC-1","L3"
"ATCACGTGCTAATTAA-1","L6"
"ATCACTTCATCCTCGC-1","L3"
"ATCAGACGGCACGCCG-1","L6"
"ATCAGCCTCATGCTGC-1","L6"
"ATCAGCTCGTCCACTA-1","L6"
"ATCAGGTCGCCATTGC-1","L3"
"ATCAGTAGGCAGGGAT-1","L3"
"ATCATAGCCCTATGTA-1","L6"
"ATCATCCAATATTTGT-1","L5"
"ATCATCTGCCCAGTGT-1","L3"
"ATCCAACGCAGTCATA-1","L5"
"ATCCAATGGAGGGTCC-1","L6"
"ATCCACATCGACAGAA-1","WM"
"ATCCACGCTAAATGTT-1","L3"
"ATCCACTTTCAGACTA-1","L3"
"ATCCAGAGCAACAACC-1","L6"
"ATCCAGGATTCGTGAA-1","L6"
"ATCCCATCCACAGCGC-1","L6"
"ATCCTACCTAAGCTCT-1","L6"
"ATCCTGAATCGCTGCG-1","L5"
"ATCCTGCGTGGAATGG-1","L6"
"ATCCTGCTGCAGATAG-1","L3"
"ATCGACCCAATACAGA-1","L6"
"ATCGACTCTTTCCGTT-1","L3"
"ATCGCACGATTGTTCA-1",NA
"ATCGCACGCCGGGAGA-1","L4"
"ATCGCCAGTCAACATT-1","L4"
"ATCGCTGCGTGCAGCA-1","L3"
"ATCGCTTTACGTCTCA-1","L3"
"ATCGGAGACAGACGGC-1","L6"
"ATCGGCAAGCAGTCCA-1","L3"
"ATCGGTTACCTAGTAA-1","L5"
"ATCGTATTCCGAGAAC-1",NA
"ATCGTGGAAAGTCTGG-1","L6"
"ATCGTTAGCTAGCGGA-1","L6"
"ATCGTTCACTTTCGCC-1","L3"
"ATCTAATATCCTACGG-1","WM"
"ATCTAGCTTGTGAGGG-1","WM"
"ATCTCATAAACCTACC-1","L3"
"ATCTCCCACGGAATAT-1","L6"
"ATCTCCCTGCAATCTA-1","L3"
"ATCTCGTGAGCGAAAC-1","L4"
"ATCTGACATGGAAGGA-1","WM"
"ATCTGATAGTGTCTTA-1","L3"
"ATCTGCACCTCTGCGA-1","L3"
"ATCTGCTGTTATCGCC-1","WM"
"ATCTGGGCTGTTCTTG-1","WM"
"ATCTGGTTAAGACTGT-1","L3"
"ATCTGTAATTGTACCC-1","L3"
"ATCTTATCGCACACCC-1","L6"
"ATCTTGACCTGCAACG-1","L5"
"ATCTTGACTTGTCCAA-1","L3"
"ATCTTTCGTATAACCA-1","L3"
"ATGAAGCCAAGGAGCC-1","L4"
"ATGAAGTGGACCCAGC-1",NA
"ATGACGCCGGCTCTAA-1","L3"
"ATGACGCGTTCTATCC-1","L6"
"ATGACTATCAGCTGTG-1","WM"
"ATGACTATGCGACATT-1","L5"
"ATGAGGAGTGTTAATC-1","L5"
"ATGAGGGCAGCGGCTA-1","L3"
"ATGATCGGGAATAGAC-1","L3"
"ATGATGCAATGGTACA-1","L6"
"ATGCACCTTCCTTAAT-1","L3"
"ATGCACGCGCTGTTCA-1","L6"
"ATGCACTACCGCATTG-1","L5"
"ATGCATGATCCAGGAT-1","L3"
"ATGCATTCCGTGATGG-1","L3"
"ATGCCAATCGCTCTGC-1","L3"
"ATGCCATTTGCGACCA-1","L5"
"ATGCCGGTCTTGCATA-1","L4"
"ATGCCGGTTGATGGGA-1","L3"
"ATGCGACAATTGGTCC-1","L3"
"ATGCGACAGTCCCATT-1","L5"
"ATGCGAGTCCCACCAC-1","L5"
"ATGCTCAGTGTTGCAT-1","L4"
"ATGCTCTGGCGCGGTA-1","WM"
"ATGCTTAGGAGTTGAT-1","L6"
"ATGGAAATTTAAGGAG-1","L5"
"ATGGAACAGAATAAAC-1","L3"
"ATGGAACCTTTGCACA-1","L3"
"ATGGAGCAGGCCGTGA-1","L5"
"ATGGATCCGGCGTCCG-1","L3"
"ATGGATTGACCAAACG-1","L4"
"ATGGCAGCATTACGAT-1","L6"
"ATGGCAGCCGAGAAAC-1","L4"
"ATGGCTGGAAATGGCC-1","L3"
"ATGGGAACGGAAGCGG-1","L3"
"ATGGGACCTGCTGAAC-1","L6"
"ATGGGCCTCGGCCTCT-1","L5"
"ATGGGTGTATACCTCC-1","L6"
"ATGGTCGCGTGGTTTC-1","L5"
"ATGGTGCTCAAAGCCA-1","L3"
"ATGGTTACGAAACATG-1","L3"
"ATGTAAGGCTGCTCTT-1","L3"
"ATGTACATGCGGTGAG-1","L6"
"ATGTACGATGACGTCG-1","WM"
"ATGTAGCGCGCGTAGG-1","WM"
"ATGTCATTTCCCATTG-1",NA
"ATGTGAAAGCCTAATG-1","L6"
"ATGTGCATCCGACGCA-1","L3"
"ATGTGGACATCTTGAT-1","L6"
"ATGTGTAGTTTAGTCA-1","L3"
"ATGTTACGAGCAATAC-1","L3"
"ATGTTCCTGCCCACCT-1","L3"
"ATGTTCGTCGACCCAC-1","L5"
"ATGTTGATTAGAGACT-1","L6"
"ATGTTGTAGTCTGTTT-1","WM"
"ATGTTTGTAAGATCAT-1","L3"
"ATTAAACATGCGGACC-1","L6"
"ATTAACACCTGAGATA-1",NA
"ATTAATACTACGCGGG-1","L3"
"ATTAATGAACCAGTCG-1","L3"
"ATTAATTCGGTCACTC-1","L3"
"ATTACAACTACCGGCC-1","L3"
"ATTACATGTCAGTCTT-1","L5"
"ATTACCACACTGCCTG-1","L4"
"ATTACGCGCTGGCAGG-1","L6"
"ATTACTAGCCTCTTGC-1","L3"
"ATTACTTACTGGGCAT-1","L3"
"ATTAGATTCCTCAGCA-1","L3"
"ATTAGATTGATAGCGG-1","L3"
"ATTAGGCGATGCTTTC-1","L5"
"ATTATACTTTGCTCGT-1","L3"
"ATTATAGCTACTTTAC-1","L3"
"ATTATCGGAATGTACG-1","WM"
"ATTATCTCGACAGATC-1","L3"
"ATTATGAGACCCAATT-1","L6"
"ATTATGCCATAGGGAG-1","L3"
"ATTATGCTCAGTATTG-1","L3"
"ATTATTATGTCCGTCA-1","WM"
"ATTATTCAGAGTCACT-1","L6"
"ATTCAAAGTACCTGTT-1",NA
"ATTCAACCATTTAAGG-1","L6"
"ATTCACTGATGTTGGA-1","WM"
"ATTCAGATGAATCCCT-1","L3"
"ATTCAGGACCTATTTC-1","L3"
"ATTCAGGATCGCCTCT-1","L3"
"ATTCAGTAGCAGGGTC-1","L5"
"ATTCATATACTGTCCA-1","L6"
"ATTCATCGTTGAGGCA-1","L6"
"ATTCCCACATAAACAA-1","L5"
"ATTCCTAAGACGTGGA-1","L3"
"ATTCCTCCGCCAGTGC-1","L4"
"ATTCCTTCCAGGCGGT-1","L3"
"ATTCGACGCCGGGCCT-1","L5"
"ATTCGCAGAGGACACT-1","L3"
"ATTCGCGCCTTGAGAG-1","L6"
"ATTCGTGCTATCTCTT-1","L4"
"ATTCTCGTCTCTTTAG-1","L3"
"ATTCTGAGTATGAACT-1","L3"
"ATTCTTCGTACTTATG-1","L3"
"ATTGAAGATCTTAGTG-1","L5"
"ATTGACCGGCGATGAC-1","L3"
"ATTGACGTAACTCGGT-1","L3"
"ATTGATAGCAACGAGA-1","L3"
"ATTGATCACCACATTT-1","L5"
"ATTGATGAGTCCTAAC-1","L3"
"ATTGCCTATTAGACCG-1","L6"
"ATTGCCTTTATGTTTG-1","WM"
"ATTGCGATCAGTAACT-1","L5"
"ATTGCTGCTCCTCCAT-1","L5"
"ATTGGATTACAGCGTA-1","L6"
"ATTGGGAATATCTTGG-1","L3"
"ATTGGGAGTTCTGTAA-1","L3"
"ATTGGTAGGATCCGCT-1",NA
"ATTGTACAACTCGGCT-1","L3"
"ATTGTCGCAATACCTT-1","L3"
"ATTGTGACTTCGCTGC-1","L3"
"ATTGTTCAACGATCCG-1","L5"
"ATTTAACTCGTATTAC-1","L3"
"ATTTACAGTTTACTGG-1","L5"
"ATTTACTAAGTCCATT-1","L3"
"ATTTCATTATTTCGCG-1","L3"
"ATTTCCGGGTTCTGCG-1","L6"
"ATTTGCGCGAGTAGCT-1","L6"
"ATTTGTCTTGGGAGCT-1","L5"
"ATTTGTTCCAGGGCTC-1","L3"
"CAAACCAGGTCTGCAT-1",NA
"CAAACGAGTATCGCAG-1","L6"
"CAAACGGTCGCACTTT-1","L5"
"CAAACGTGGTCTTGCG-1","L3"
"CAAACTACGATAGAGA-1","L3"
"CAAACTATTGAGCTTC-1","L3"
"CAAACTCGCGACGCCG-1","L4"
"CAAAGATTATTGGGCC-1","L6"
"CAAAGGTCATCTGAAA-1","L4"
"CAAAGGTTAAATTCAG-1","L3"
"CAAAGTCAGGTTAGCT-1",NA
"CAAATCTCTCACAAGG-1","L6"
"CAAATGTCCTTCCGTG-1","L6"
"CAAATTGGATTATGCC-1","L3"
"CAAATTGTCAGCAAGC-1","L3"
"CAACACATCTCCTGCC-1","L3"
"CAACAGAATAACGCTA-1","L3"
"CAACATGGCCTGATAA-1",NA
"CAACCAGTGGCCTACC-1","L6"
"CAACCTACCGAGCAGT-1","L6"
"CAACCTGAACCTGCCA-1","L3"
"CAACGACCCGTTTACA-1","L3"
"CAACGGTTCTTGATAC-1","L3"
"CAACGTGGTGGAGTCT-1","L5"
"CAACTATATCGAATGC-1","L3"
"CAACTCCAACGTTTAG-1","L3"
"CAACTCCGTAACTTGC-1","L3"
"CAACTCCTTGATCCCG-1","L3"
"CAACTGAGGGTATGAC-1","L3"
"CAACTGCTCATCCGAT-1","WM"
"CAACTTGTAGTGGGCA-1","L3"
"CAAGAAACCCTAAACT-1","L3"
"CAAGAGGGCGGAGTAC-1","L6"
"CAAGATATTATAACGT-1","L5"
"CAAGCAACGTCGGAGT-1","L5"
"CAAGCACCAAATGCCT-1","L3"
"CAAGCGGCACATAATT-1","L6"
"CAAGGATCGCATGTTC-1","L5"
"CAAGGCCAGTGGTGCA-1","L6"
"CAAGGTCCTATAGGCT-1","L3"
"CAAGTAAGTGATAGAC-1","WM"
"CAAGTGAACTTTGGTT-1","L3"
"CAAGTGTGGTTGCAAA-1","L4"
"CAATAAACCTTGGCCC-1","L3"
"CAATACGAGAGTCTGA-1","L4"
"CAATACGCTCTGAGGC-1","L5"
"CAATATGTAGATTTAC-1","L3"
"CAATATTCTTGACCTA-1","L6"
"CAATCCATTATCCGTT-1","L3"
"CAATCCCTATACCAGC-1","L3"
"CAATCCTGCCGTGGAG-1","L3"
"CAATGACCCTTAATTT-1",NA
"CAATGAGGTTCGACTA-1","L3"
"CAATGCGAGAAGTATC-1","L6"
"CAATGGAATCTACATA-1","L3"
"CAATGGATCTCTACCA-1","L3"
"CAATGGTCGGCCTGGG-1","L3"
"CAATGTGCCAACCCTT-1","L3"
"CAATTAAGGGTGATGA-1","L4"
"CAATTTCGTATAAGGG-1","L5"
"CACAAGAAAGATATTA-1","L3"
"CACAAGCTAAGAAAGG-1","L6"
"CACAATGAGCTGCTAT-1","L6"
"CACACACGCTAACGAG-1","L6"
"CACACAGCTTGCGCTC-1","L4"
"CACACAGGGATAGATT-1","L5"
"CACACGCGCTGTCTTA-1","L3"
"CACACGTTTCAATGGG-1","L3"
"CACACTTGTATTGCGA-1","L3"
"CACAGAGACGAGGACG-1","L6"
"CACAGCACCCACGGCA-1","L5"
"CACAGCTAGGGAGTGA-1","L3"
"CACAGGGCCATATAGT-1","L6"
"CACAGGGCCGTTGTCA-1","WM"
"CACAGTCCCGCTTCGC-1","L6"
"CACAGTTCGCTTCCCA-1","L5"
"CACATATTAGCAGGAT-1","L6"
"CACATCGTGCACGCGC-1","WM"
"CACATCTCACCGACGA-1","WM"
"CACATGATTCAGCAAC-1","L5"
"CACATGTTTGGACATG-1","L3"
"CACATTCTTTCGATGG-1","L3"
"CACATTTCTTGTCAGA-1","L4"
"CACCACGCCACACAGA-1","L5"
"CACCAGTCAGCATGCA-1","L6"
"CACCATCGGAGGAGAC-1","L3"
"CACCATGATCGCAAAG-1","L3"
"CACCCAAATCTTATGT-1","L3"
"CACCCACACGTCACCC-1","L3"
"CACCCACGAGGCAATT-1","L3"
"CACCCGGTTTGTGACT-1","L6"
"CACCCTAACAAGATCT-1","L6"
"CACCCTTGGTGAGACC-1","L6"
"CACCCTTTCCTCGCTC-1","L3"
"CACCGATACACCGAGC-1","L3"
"CACCGCCAGAAGGTTT-1","L4"
"CACCGCCGACCAGCGA-1","L3"
"CACCGCGTCCACTCTA-1","L3"
"CACCGGAGATATCTCC-1","L3"
"CACCGGTAGAGACATT-1","L6"
"CACCGTATCCCATCCG-1","L5"
"CACCGTTAGGGATCAC-1","L6"
"CACCGTTGCGCGATAT-1","L6"
"CACCTAATAGAGTCGT-1","L3"
"CACCTAATCAGTTTAC-1","L3"
"CACCTCGATGGTGGAC-1","L3"
"CACCTCTACGAGTGTG-1","L3"
"CACCTTGCGAAACTCG-1","L3"
"CACCTTGGCGCCTTTG-1","L4"
"CACGAAAGTTAGTCCC-1","L5"
"CACGACCACAGACTTT-1","L3"
"CACGACGTAATAGTAA-1","L3"
"CACGACTAAAGTTCTG-1","L3"
"CACGCACAGCGCAGCT-1","L3"
"CACGCAGCGAGGCTTT-1","L5"
"CACGCGGAACTGTTGC-1","L4"
"CACGGCGCGCCAAAGG-1","L3"
"CACGGGATTGAGGGTT-1","L4"
"CACGTCAATCAATGGA-1","L6"
"CACGTCGGCAACCTCT-1","L6"
"CACGTCTATGATGTGG-1","L3"
"CACGTTCGTGCTCTAG-1","L5"
"CACGTTTCGTACACAC-1","L6"
"CACTAAAGTTGCCTAT-1","L5"
"CACTACGGGAGCTGCC-1","L6"
"CACTACTCAGTTCTGT-1","L3"
"CACTCAAGAGCTATGG-1","L5"
"CACTCAGCTCTTGAGG-1","L3"
"CACTCCTATGTAAGAT-1","L6"
"CACTCCTCTCGGTCGG-1","L3"
"CACTCGAGCTGAACAA-1","L6"
"CACTCGGTTAGGAGGA-1","L5"
"CACTCTCAAGCATCGA-1","WM"
"CACTCTTCTGCTAGCC-1","L6"
"CACTGACGATTGTGGA-1","WM"
"CACTGTCCAAGTGAGA-1","L3"
"CACTTAATCAGACGGA-1","L5"
"CACTTCGCCACAGGCT-1","L4"
"CACTTCGTCTTATCTC-1","L3"
"CAGAACTTAGCCCTCT-1","L6"
"CAGAATAACACACGGA-1","L5"
"CAGAATATTCGTTATC-1","L4"
"CAGACACCGATCGCTG-1","WM"
"CAGACCTGTAAGTGTT-1","L3"
"CAGACGAACCTGATAC-1","L6"
"CAGAGACGGTCACCCA-1","L6"
"CAGAGCATGAGCTTGC-1","L3"
"CAGAGGCGATGCATGA-1","WM"
"CAGAGTGATTTAACGT-1","L3"
"CAGATAATGGGCGGGT-1","L6"
"CAGATACTAACATAGT-1","L5"
"CAGATATGAAGATGAC-1","L6"
"CAGATCATTTAAAGTC-1","L3"
"CAGATCCTGGTTTGAA-1","L6"
"CAGCAGCCCGTTCCTT-1","L3"
"CAGCAGTCCAGACTAT-1","L5"
"CAGCAGTCTGTGCTGC-1","WM"
"CAGCCCTCACAGGCAG-1","L3"
"CAGCCGGGCCCTCTAT-1","L3"
"CAGCCTCCTGCAGAGG-1","L3"
"CAGCCTCTCCTCAAGA-1","L3"
"CAGCGATTCCCTTCAA-1","L6"
"CAGCTCACTGAGACAT-1","L5"
"CAGCTCGACAAGTTAA-1","L3"
"CAGCTCGTGCTTGTGT-1","L3"
"CAGCTGGCGTAACCGT-1","L6"
"CAGCTTAGTAGGTAGC-1","L5"
"CAGGAAGACTTTATAT-1","L3"
"CAGGATATATCGTTGT-1","L6"
"CAGGCAGTCTTACCAG-1","WM"
"CAGGCCGTTTGGGTGT-1","L5"
"CAGGCGCACGGTGGTC-1","L6"
"CAGGCGCCATGCTAGG-1","L6"
"CAGGGAGATAGGCCAG-1",NA
"CAGGTTTAGTACTACA-1","L3"
"CAGTAACTATTTATTG-1","L3"
"CAGTAATCCCTCCCAG-1","L4"
"CAGTACATTCTCTAAA-1","L3"
"CAGTACCAGTTTACGT-1","L6"
"CAGTAGATGATGTCCG-1",NA
"CAGTAGCCCACGCGGT-1","L3"
"CAGTAGCGAGGTAGTA-1","L3"
"CAGTCCAACGCCTTCT-1","L3"
"CAGTCGAGGATGCAAT-1","L3"
"CAGTCTCTCGGCTAAT-1","L3"
"CAGTCTGTATACTGGG-1","L5"
"CAGTGAATAAATGACT-1","L3"
"CAGTGGTTGCACATGA-1","L3"
"CAGTGTCCGCAGAATG-1","L3"
"CAGTGTCGGCTGGCCC-1","L6"
"CAGTTCAAATTGACAC-1","L5"
"CAGTTCCGCGGGTCGA-1","L5"
"CAGTTCGAGGACCCGA-1","WM"
"CATAACGGACAGTCGT-1","L3"
"CATAAGAAGCTTGGCT-1","WM"
"CATAAGCTCTCCGTCT-1","L5"
"CATAATGAGCGGGCGA-1","L3"
"CATACAAAGCCGAACC-1","L3"
"CATACACGGTTCCCAC-1","WM"
"CATACCCGTACCCAGT-1","L5"
"CATACGAACTAGCTGG-1","WM"
"CATACGGCGTCTGGGC-1","L5"
"CATACGGGTGCATGAT-1",NA
"CATACTATGTAATTGT-1","L5"
"CATACTTAGGCAATAC-1","L3"
"CATACTTCTTTCTCCG-1","WM"
"CATAGCCGCCCGGGAT-1","L5"
"CATAGCGTTGCCCACC-1","WM"
"CATAGTACATTGAGAG-1","L3"
"CATAGTAGCATAGTAG-1","L3"
"CATAGTCAAATACATA-1","L6"
"CATAGTCCACAAGAAC-1","L6"
"CATATACTACTGATAA-1","L3"
"CATATAGGTACAGTCA-1","L6"
"CATATGTCAGGCTACG-1","L6"
"CATATTATTTGCCCTA-1","L3"
"CATCAAACTGGCGCCC-1","L3"
"CATCAACACCTACTAA-1","L3"
"CATCATCTACCCGGAC-1","L3"
"CATCATTACCCTGAGG-1","L6"
"CATCCAATATAGTTTG-1","L6"
"CATCCGCAGGCCCGAA-1","L3"
"CATCCTCTCAAAGATC-1","L6"
"CATCGCCCGCGGCCAA-1","L3"
"CATCGGACGGGTTAAT-1","L6"
"CATCGTCCGGTTACTA-1","L3"
"CATCTACCCGAGAACG-1","L3"
"CATCTAGTGAAGGGAA-1","L4"
"CATCTATCCCGTGTCT-1","L3"
"CATCTGCAGGATCATT-1","L4"
"CATCTTACACCACCTC-1","L3"
"CATGAACCGACATTTG-1","L3"
"CATGAACCTCTTATCA-1","L3"
"CATGACTTCGCTGAAT-1","L4"
"CATGAGATGCACTCTC-1","WM"
"CATGATGCACAATTCT-1","L3"
"CATGATGGAAGTTAGC-1","L5"
"CATGCACGTGTTACTG-1","L3"
"CATGCATGGAGACCCT-1","L3"
"CATGCCAACTCGCAAA-1","L5"
"CATGCGACCAGTTTAA-1","L3"
"CATGCGTTAGACAGAA-1","L3"
"CATGCTGGCTCCAATT-1","L3"
"CATGGAAATGGGACCA-1","L3"
"CATGGATTGTCTTCCG-1","L6"
"CATGGCAGGAAGATCG-1","L3"
"CATGGCTCCCTATGTC-1",NA
"CATGGGTATGCCTTAT-1","L6"
"CATGGGTCGGGTGTGG-1","L3"
"CATGGTAAGTAGCGTT-1","L6"
"CATGGTCTAGATACCG-1","L3"
"CATGTAAGAGACATTT-1","L6"
"CATGTAGGAGCGCCAA-1","L3"
"CATGTCTCATTTATGG-1","L6"
"CATTACATAGATTGTG-1","L3"
"CATTACGTCGGCCCGT-1","L3"
"CATTATCCCATTAACG-1","WM"
"CATTATGCTTGTTGTG-1","L4"
"CATTCACTGACAGCTA-1","L3"
"CATTCAGGTCAGTGCG-1",NA
"CATTCCCATTCCGTCG-1","L3"
"CATTCCCTAAGTACAA-1","L3"
"CATTGATGAACACGCC-1","L3"
"CATTGCAAAGCATAAT-1","L3"
"CATTGCGAAATGGGCG-1","L5"
"CATTGCGGGTCAATTC-1","L3"
"CATTGTGTGCTAGATC-1","L3"
"CATTTAGCGGACCATG-1","L3"
"CATTTATCGTTCAAGA-1","L3"
"CATTTCTAGCAGACTA-1","L3"
"CATTTGAGTGGTACGT-1","L6"
"CCAAACAGAACCCTCG-1","L4"
"CCAAAGTCCCGCTAAC-1",NA
"CCAAATAACAAGATTC-1","L5"
"CCAAATCAAAGGGCAA-1",NA
"CCAACCTTATGTAACT-1","WM"
"CCAACGATGCACTGAT-1","L5"
"CCAACGCTTGCCAGGG-1","L3"
"CCAACTTGATAGATCC-1","L4"
"CCAAGAAAGTGGGCGA-1","L6"
"CCAAGACTTCTGCGAA-1","L3"
"CCAAGCGTAACTCGTA-1","L4"
"CCAAGGAACAGAGAGG-1","L3"
"CCAAGTTTCTACAGAT-1","L3"
"CCAATAGATTTCATCT-1",NA
"CCAATAGTGCCGTCGA-1","L5"
"CCAATCGGTAGATCGA-1","L3"
"CCAATGTCACAGCAAG-1","L5"
"CCAATTACGGGTCGAG-1","L3"
"CCAATTGAATGTTAAT-1","L3"
"CCACAATGTACGTCTT-1","L3"
"CCACACTGAGATATTA-1","L5"
"CCACAGCTGAAATCAT-1","L3"
"CCACAGTACCCATCCT-1","L5"
"CCACATACTGCACCCA-1","L5"
"CCACCAACTTTACTGT-1","L6"
"CCACCCAAGGAAAGTG-1","L5"
"CCACGAATTTAACCTC-1","L4"
"CCACGAGAAGAGAATC-1","L3"
"CCACGGAGCCATAAGA-1","L6"
"CCACGGTGCCCGGTAG-1","L3"
"CCACGTAAATTAGACT-1","L3"
"CCACTAAACTGAATCG-1",NA
"CCACTATCCGGGTCAC-1","L3"
"CCACTGGTGGCTGGTT-1","L5"
"CCACTGTTTGGATTAA-1","L6"
"CCAGAAAGCAACTCAT-1","L6"
"CCAGAGACAAAGCCGG-1","L4"
"CCAGATAGTTGAGTGA-1","L3"
"CCAGATGTAAATGGGT-1","L3"
"CCAGCCTGGACCAATA-1","L5"
"CCAGCGGGATCACCAG-1","L3"
"CCAGCTACGCCTCATA-1","L3"
"CCAGCTCGAACGCATT-1","WM"
"CCAGCTGATGGTACTT-1","L5"
"CCAGCTTCCGCCCGCA-1","L5"
"CCAGGCTGGCGTCTGA-1","L5"
"CCAGGGACGTGGCCTC-1","L4"
"CCAGTAGTCTGATCCA-1","L3"
"CCAGTCAAATCTCTTA-1","L5"
"CCAGTCCATTATTCGA-1","L3"
"CCAGTCTAGACGGCGC-1","L3"
"CCAGTCTTGTCATAGA-1","WM"
"CCATAAACAACCCGAC-1","L3"
"CCATACCTTTACTTGT-1","L3"
"CCATACTCGCCTCTCC-1",NA
"CCATAGGTTGGCGTGG-1","L3"
"CCATAGTCAGTAACCC-1","L3"
"CCATATGGAAACTATA-1","L6"
"CCATCATAAGAACAGG-1","L3"
"CCATCCATACCAAGTC-1","L3"
"CCATCGCAGTTAAACT-1","L6"
"CCATCTCACCAGTGAA-1","L4"
"CCATCTTGTTCACAAT-1","L3"
"CCATGCCCTAGATTTC-1","L6"
"CCATGCCTGTTTAGTA-1","L5"
"CCATGCTCTGCAGGAA-1","L4"
"CCATGGCCCTTGTACC-1","L5"
"CCATGTTCATCTATAT-1","L6"
"CCATTAGCGATAATCC-1","L5"
"CCATTCCCTGCCCACA-1","L5"
"CCATTGTTTCCTCCAT-1","L3"
"CCATTTCTACCTATTA-1","L6"
"CCCAAACATGCTGCTC-1","L3"
"CCCAACATACGTCGCG-1","L6"
"CCCAACCACACTAACA-1","L3"
"CCCAAGAATGCACGGT-1","L3"
"CCCAAGACAGAGTATG-1","L3"
"CCCAATGAGATTTGCA-1","WM"
"CCCAATTTCACAACTT-1","L5"
"CCCAGAGGAGGGCGTA-1","L3"
"CCCAGGTCTGAAGGCT-1","L5"
"CCCAGTAAACTTGGGA-1","L6"
"CCCAGTTAAGGCGCCG-1","L5"
"CCCATATAGGTCGATT-1","L6"
"CCCGAAGTTTCGCGAA-1","L5"
"CCCGACCATAGTCCGC-1","L3"
"CCCGAGTTTCTCCGTA-1","L5"
"CCCGCAGCGCGAACTA-1","L6"
"CCCGCAGGGCCCAAAG-1","L3"
"CCCGCCATGCTCCCGT-1","L3"
"CCCGCGCAATGCACCC-1","L4"
"CCCGCTAGAGGGTTAA-1","L3"
"CCCGGGTCGTTCAGGG-1","WM"
"CCCGGTGGAAGAACCT-1","L5"
"CCCGGTGTATCGGAAT-1","L6"
"CCCGTAAGTCTAGGCC-1","L5"
"CCCGTAGCTGGGAAGA-1","WM"
"CCCGTCAGCGTCTGAC-1","L4"
"CCCGTTTCGCAGATGT-1","L5"
"CCCTAGTGTCAGGTGT-1","L3"
"CCCTATGTAGAGCAGA-1","L6"
"CCCTCAAGCTCTTAGT-1",NA
"CCCTCATTCTGGAATT-1","L3"
"CCCTCCTCGCTCGTAT-1","L5"
"CCCTCGGGAGCCTTGT-1","L3"
"CCCTGAAATGAGTTGA-1","L5"
"CCCTGACTAACAAATT-1","L5"
"CCCTGATGTAACTCGT-1","L3"
"CCCTGCCCAATCCGCT-1","L5"
"CCCTGCGCTACGCATA-1","L5"
"CCCTGGTATGGGCGGC-1","L3"
"CCCTTTAATGGAGTTC-1","L6"
"CCCTTTGACAGGTCTT-1","L6"
"CCGAAAGTGGTGAGCA-1","L3"
"CCGAACACTGGGCCTC-1","L5"
"CCGAACCTTCCCGGCC-1","L6"
"CCGAAGTATATTGTTC-1","L4"
"CCGACAAACACATGAG-1","L3"
"CCGACAAAGGGAGTGC-1","L5"
"CCGACAATAGGCCGCC-1","L6"
"CCGACGGGCATGAGGT-1","L6"
"CCGACGTAAACACAAC-1","L3"
"CCGACTCGCATAGTCT-1","L3"
"CCGAGAAGTCGCATAA-1","L4"
"CCGAGCTGTGCTTGTC-1","L3"
"CCGAGGGATGTTAGGC-1","L3"
"CCGATATGACGTAAGG-1","L5"
"CCGATCTCAACCTTAT-1","L3"
"CCGATCTTAAGAGGCT-1","L3"
"CCGATTCGAGGGACCC-1","L5"
"CCGATTGGTCAATGAA-1","L3"
"CCGCACAAAGACCAAC-1","L5"
"CCGCACACGAACGTGT-1","L4"
"CCGCACGTGACCTCGG-1","L5"
"CCGCATGTGGTACGAT-1","WM"
"CCGCCACCACAATCCA-1","L3"
"CCGCCGGAACTTCTCG-1","L6"
"CCGCCGGTCAACACAC-1","L3"
"CCGCCGTTGAGGATAA-1","L4"
"CCGCCTGCGAATTGGT-1","L3"
"CCGCCTTGCGATGTCG-1","L5"
"CCGCGATTTGGTAGGT-1","L5"
"CCGCGGAATGCGTCAC-1","L6"
"CCGCGGGTACGAAGAA-1","L5"
"CCGCGTAGGTAAGGGC-1","L5"
"CCGCTATCAGCACCAG-1","L6"
"CCGCTCTTCCGAACTA-1","L6"
"CCGCTGGTGCCATTCA-1","L3"
"CCGCTTACCTCACTCT-1","L6"
"CCGCTTCGCGGTTAAC-1",NA
"CCGCTTGCTGACATGG-1","L3"
"CCGGAATGGTTTCAGT-1","L5"
"CCGGAGCGTACTTTCT-1","WM"
"CCGGCACGACCGTTTC-1","L3"
"CCGGCGCATATTGGAT-1","L3"
"CCGGCGTGAGACTCTG-1","L5"
"CCGGGACCCGCAGAGA-1","L3"
"CCGGGCGGTCTCGTCA-1","L4"
"CCGGGCTAAGAATTTC-1",NA
"CCGGGCTGCTCCATAC-1","L4"
"CCGGGTTCGAGGTTAC-1","L5"
"CCGGTAATGGCTAGTC-1","L3"
"CCGGTGCGAGTGATAG-1",NA
"CCGGTTTGTAATTGTG-1","WM"
"CCGTAAGTTGGTCCCA-1","L4"
"CCGTACCCAAGCGCCA-1","L3"
"CCGTAGGAAATCCCTG-1","L6"
"CCGTAGGGTTGTTTAC-1","L6"
"CCGTATCTCGTCGTAG-1","L6"
"CCGTATTAGCGCAGTT-1","L3"
"CCGTCAACCTCTGGCG-1",NA
"CCGTGAGGCATTCATG-1","L3"
"CCGTGCCCATGACGGC-1","L3"
"CCGTGGAACGATCCAA-1","L3"
"CCGTGTTAAATTCCAT-1","L6"
"CCGTTACGTTAGAACA-1","L3"
"CCGTTCCGAATCTCGG-1","L5"
"CCTAAAGGCTGACGCT-1","L3"
"CCTAAATTAACGGTTC-1","L5"
"CCTAAATTGTATCCTA-1","L5"
"CCTAACCCAAACAAGT-1","L6"
"CCTAACTAAGGCTCTA-1","L3"
"CCTACAAGTCCGGAAT-1","L3"
"CCTACATTCACAGACG-1","L6"
"CCTACGCGACCTTACA-1","L3"
"CCTACGGCTCAGTCGA-1","L3"
"CCTACTCAACACGATT-1","L6"
"CCTACTGCGGCGGCCA-1","L3"
"CCTACTGCTTACACTT-1","L5"
"CCTAGGCGTAGCGATC-1","L4"
"CCTAGGTAAAGGTAGC-1","L6"
"CCTAGTTAGTCGCATG-1","L3"
"CCTATAATGAGTGCCC-1","L6"
"CCTATACCGTCCTGTC-1","WM"
"CCTATATCGTGTCACG-1","L6"
"CCTATATTTGTCCTGG-1","WM"
"CCTATCTATATCGGAA-1","L3"
"CCTATGAAGTGGTGCC-1","L3"
"CCTATGGCTCCTAGTG-1","L6"
"CCTATGGGTTACCGTC-1","L4"
"CCTATGGTCAAAGCTG-1","WM"
"CCTATGTCCACTCCAC-1","L6"
"CCTCACCAATCTTGAC-1","L3"
"CCTCACCTGAGGGAGC-1","L3"
"CCTCACCTTAGCATCG-1","L3"
"CCTCATGCAGCTACGA-1","L3"
"CCTCCCGACAATCCCT-1","L3"
"CCTCCGACAATTCAAG-1","L5"
"CCTCCTAGCTAGAGTC-1","L6"
"CCTCCTGAGCCCACAT-1","L5"
"CCTCCTGTTGTGTCGT-1","L6"
"CCTCGAAGTGGACGGG-1","L3"
"CCTCGACCCACTGCCT-1","L3"
"CCTCGCCAGCAAATTA-1","L3"
"CCTCGCGCGATATAGG-1","L3"
"CCTCGCGCTGTGCGAT-1","WM"
"CCTCGGACCGGGATAG-1","L5"
"CCTCGGATGCTACCTG-1","L4"
"CCTCGTTACGCCTGTT-1","L3"
"CCTCTAATCTGCCAAG-1","L3"
"CCTCTACAAGGATTGG-1","L6"
"CCTCTATCGATTAGCA-1","L6"
"CCTCTCTCCCATCTAG-1","L5"
"CCTCTGGCCTAGACGG-1","L3"
"CCTCTGTACTATTCTA-1","L6"
"CCTGAACGATATATTC-1","L4"
"CCTGAATATTTACATA-1","L3"
"CCTGACAAACTCGCGC-1",NA
"CCTGACCACCGATGGT-1","L6"
"CCTGACGCAACCTTTA-1","L3"
"CCTGCCCGTTGTCTAG-1","L5"
"CCTGCGATAGAACTGT-1","L3"
"CCTGCGTTCTACGCTT-1","L5"
"CCTGCTATTTGAGAAG-1","L4"
"CCTGGAAACGTTCTGC-1","L3"
"CCTGGCTAGACCCGCC-1","L5"
"CCTGGTCGAATGTGGG-1","WM"
"CCTGTAAGACATGATA-1","L5"
"CCTGTACTCACGCCCA-1","L5"
"CCTGTCACCCGGGCTC-1","L4"
"CCTGTCCCTCACGTTA-1","L3"
"CCTGTCGCCCGTAAAT-1","L5"
"CCTGTGAAACCGTAAC-1",NA
"CCTGTGCGGATTGTAA-1","L3"
"CCTGTTTGAAGACACG-1","L6"
"CCTTCAGTTAAAGTGA-1","WM"
"CCTTCGTATAGAATCC-1","WM"
"CCTTCTCAGCGTTCCT-1","L5"
"CCTTCTTGATCCAGTG-1","L3"
"CCTTGACCACTTTATT-1","L6"
"CCTTTAAGGGAGCACT-1","WM"
"CCTTTCAATGAAGAAA-1","L3"
"CGAAACATAGATGGCA-1","L3"
"CGAAACGCAATTCATG-1","L6"
"CGAACAGTATGGGCGT-1","L5"
"CGAACATAGTCAGAAA-1","L3"
"CGAACCCGCATGCGTC-1","L6"
"CGAACGCCCAGTGCCG-1","L3"
"CGAACGGCCGGACAAC-1","L6"
"CGAAGACGGTGAGTGC-1",NA
"CGAAGCTATAAATTCA-1","L3"
"CGAAGGGTTTCAGATT-1","L6"
"CGAAGTTGCTCTGTGT-1","L5"
"CGAATCTGCTCGACGC-1","L6"
"CGAATGAAGTCATTGC-1","L6"
"CGAATGACGCATAATG-1","WM"
"CGAATTACATGGTGTT-1","L3"
"CGACAATTTGATCTAA-1","L5"
"CGACACCGCTTAAGGA-1","L3"
"CGACACGCTCCGACAG-1","L5"
"CGACACGGATGCCCAC-1","L3"
"CGACAGTTCGCGTTAT-1","L5"
"CGACATGCGATCTTCT-1","L3"
"CGACCCTTAACGCCGG-1","L5"
"CGACGCATCCGTACCT-1","L5"
"CGACTCAGGATGTTAT-1","L3"
"CGACTCGGTACACGGT-1","L3"
"CGACTTTGTATAGCCT-1","L3"
"CGAGACCCTAGAGTGT-1","L6"
"CGAGAGATGTGAACCT-1","L3"
"CGAGAGCGCGTAGATA-1","L5"
"CGAGAGCTTTCACTAC-1","L6"
"CGAGAGGGTAGCCGCG-1","L6"
"CGAGATGTTGCCTATA-1",NA
"CGAGATTTCGCTCGGG-1","L3"
"CGAGCACTTCAAGTTT-1","L5"
"CGAGCGTTGATCAGCC-1","L3"
"CGAGCTGGGCTTTAGG-1","L3"
"CGAGGAGCTTCCATAT-1","L3"
"CGAGGATCGGGAACGA-1","L3"
"CGAGGCCAGGCATTGG-1","L3"
"CGAGGCTAAATATGGC-1","L3"
"CGAGGGACTGCGGTCG-1","L5"
"CGAGGGTATCCAGGTG-1","WM"
"CGAGTACTAAAGAGGA-1","L6"
"CGAGTGAAGGTACCAG-1","L6"
"CGAGTGCTATAGTTCG-1","L3"
"CGAGTTCTGTCCCACC-1","L3"
"CGAGTTTATCGGACTG-1","L4"
"CGATAACCAATTTGAG-1","L3"
"CGATAATACTCAGGTT-1","L3"
"CGATACCTCGCGGACA-1","L6"
"CGATAGCGATACAGTG-1","L6"
"CGATAGTCGTACTGCA-1","WM"
"CGATATTAGCCGCAGG-1","L3"
"CGATCATTAGAGGCAC-1","L3"
"CGATCCGACCCAGTGC-1","L5"
"CGATCCTCGCAACATA-1","WM"
"CGATCTGTTGGAGGAC-1","L6"
"CGATGGACCCTACGCC-1","L3"
"CGATGTTGTTATCTAC-1","L6"
"CGATTAAATATCTCCT-1","WM"
"CGATTCGCCTGGCTGC-1","WM"
"CGCAAACACGAGTTAC-1","L5"
"CGCAATCGATCATTAG-1",NA
"CGCAATTACTTTCGGT-1","L5"
"CGCAATTAGGGTAATA-1","L5"
"CGCAATTCTACAATAA-1","L5"
"CGCACATGTCCACTAC-1","L5"
"CGCACGTCTGTTTATG-1","WM"
"CGCACGTGCGCTATCA-1","L4"
"CGCAGAAACATTTGCG-1","L3"
"CGCAGATCTTCACCCG-1","L3"
"CGCAGGCGATCCAAAC-1","L5"
"CGCATCATGGCTTCAG-1","L3"
"CGCATCCATCAGCCAG-1","L3"
"CGCATGCCGAATGCGT-1","WM"
"CGCATGGTGCGATGCT-1","L5"
"CGCATTAGCTAATAGG-1","L4"
"CGCCAAGAAGCCGAGT-1","L5"
"CGCCACAGGTCGCGAT-1","L5"
"CGCCACCCGCATTAAC-1",NA
"CGCCATCCGATTATGA-1","L3"
"CGCCCAGCACGCCTAG-1","WM"
"CGCCCAGCGTTTCACG-1","L6"
"CGCCCGCTTCCGTACA-1","L3"
"CGCCCTAATTGTTCAA-1","L6"
"CGCCCTTACATCCACC-1","L3"
"CGCCCTTGAAGGCTGA-1","L5"
"CGCCGCCCATGCCTGT-1","L5"
"CGCCGGTGTCGCAGTA-1","L3"
"CGCCGTCTACCCATCG-1","L3"
"CGCCGTTCAGCATAGT-1","L6"
"CGCCTCCCTCCTCTAT-1","L5"
"CGCCTGGCCTACGTAA-1","L6"
"CGCCTTTAGCATGCTC-1","L4"
"CGCGAAGTGGCATACT-1","L6"
"CGCGACACTGCGCAGC-1","L3"
"CGCGACCGCGACAGAT-1","L6"
"CGCGAGAGGGACTTGT-1","L3"
"CGCGAGTCTGCCGGGT-1","L6"
"CGCGCAAATGTCCAGA-1","L6"
"CGCGCAAGGAACTACA-1","L3"
"CGCGCATGTTTGATTG-1","L6"
"CGCGCCCGACTTAATA-1","L3"
"CGCGGCAGTATTACGG-1","L3"
"CGCGGCTCAACTTGAA-1","L5"
"CGCGGGAATTAGGCAG-1","L3"
"CGCGGTAAGTCTAGCT-1","L3"
"CGCGGTACGGTATACA-1","L6"
"CGCGGTCACAAACCAA-1","L3"
"CGCGTACATTCTGGAA-1","L3"
"CGCGTCATATTAAACC-1","L3"
"CGCGTTCATGAAATAC-1","L4"
"CGCTACCGCCCTATGA-1",NA
"CGCTACGGGACATTTA-1","L5"
"CGCTAGAGACCGCTGC-1","L4"
"CGCTATACCGCCCACT-1","L3"
"CGCTATCGTGGCTTTA-1","L3"
"CGCTATTCAATGTATG-1","L4"
"CGCTATTCTTAGGCTC-1","L5"
"CGCTCGACATAATGAT-1","L4"
"CGCTCTCCGTAGATTA-1","L5"
"CGCTGGTGACTACCCT-1","L5"
"CGCTGTGACGCCGCAC-1","L4"
"CGCTGTGTGGATGTTG-1","WM"
"CGCTTAGTATTGATAC-1","WM"
"CGCTTATTCCCGGTCG-1","L6"
"CGCTTCCACTGAAATC-1","L3"
"CGCTTCGGTCTAAGAC-1","L6"
"CGCTTGGACGGATAGA-1","L6"
"CGCTTTCATACCGGTG-1","L3"
"CGCTTTCTTGCATTCG-1","L3"
"CGGAAAGAATCAAACG-1","WM"
"CGGAAAGCAAATGTGC-1",NA
"CGGAAATTTCACATCC-1","L3"
"CGGAACGTAAACATAG-1","L6"
"CGGAGCAATTTAATCG-1","WM"
"CGGAGCATGGCGATCC-1","L5"
"CGGAGCTTATAACACC-1","L3"
"CGGAGTTTGAGAGACA-1","L5"
"CGGATAAGCGGACATG-1","L3"
"CGGATCCTCAAGGACT-1","WM"
"CGGCAAACATCGTGCG-1","L6"
"CGGCAATAAGATCGCC-1","L6"
"CGGCACCGTTAGCGCC-1","L3"
"CGGCACTCAAGAAAGT-1","L3"
"CGGCAGGGTCGGGTTG-1","L3"
"CGGCCACGCACAAAGT-1","L5"
"CGGCCAGAGCGACCAT-1","WM"
"CGGCCCAACCTGTAGT-1","L3"
"CGGCCCAGGTATATCC-1","L4"
"CGGCGCCATCAATCCC-1","L6"
"CGGCTCTAAAGCTGCA-1","L4"
"CGGCTCTTCGTCGAAC-1","L3"
"CGGCTGAAGGTTACGC-1","L3"
"CGGCTGCAAGATTAAG-1","L3"
"CGGCTTTGTATGATAA-1","L3"
"CGGGAATATAGTATAC-1","L5"
"CGGGAATTTATGTAAA-1","L6"
"CGGGAGCTTCAGTGTA-1","L5"
"CGGGAGTATACCGCCG-1","L3"
"CGGGATCAATGTAAGA-1","L3"
"CGGGCAGCTAAACCGC-1","L5"
"CGGGCCATAGCCGCAC-1","L3"
"CGGGCCTTCTTTGTAA-1","L6"
"CGGGCGATGGATCACG-1","WM"
"CGGGCTACTTAAATTG-1","L3"
"CGGGTGTACCCATTTA-1","L3"
"CGGGTTCGGCACGTAT-1","L3"
"CGGGTTTGTTAGGGCT-1","L5"
"CGGTACTAGAATCAAA-1","L5"
"CGGTAGAGGTGCAGGT-1","L3"
"CGGTATAGGTATTAGC-1","L3"
"CGGTCAAGTGGGAACC-1","L3"
"CGGTCCATGAGACTCC-1","L3"
"CGGTCCGTCGCAAGCC-1","WM"
"CGGTCTATCAACCCGT-1","L3"
"CGGTGAAGACTAAAGT-1","L5"
"CGGTGCAGATAGAACG-1","L6"
"CGGTGCGCGTTGGTCC-1","L6"
"CGGTGGGCTCCAGCCT-1","L3"
"CGGTGTACTTGATCCC-1","L3"
"CGGTTATCCAACAGTG-1","L3"
"CGGTTCAAGTAGGTGT-1","L3"
"CGGTTCCGGCTTCTTG-1","L3"
"CGGTTGACCTGGCATA-1","L5"
"CGGTTGAGTATCCTTC-1","L6"
"CGGTTGGGTTCAAGTT-1","L3"
"CGGTTTATGAAGGAAC-1","L3"
"CGTAAACGCTTGAGTG-1","L3"
"CGTAACGGAACGATCA-1","L3"
"CGTAACTTCGACACTT-1","WM"
"CGTACCGAAAGTCTAG-1",NA
"CGTACCTGATAGGCCT-1","L3"
"CGTAGAGAGTAATTAT-1","WM"
"CGTAGCGAATTGTCAG-1","L3"
"CGTAGCGCCGACGTTG-1","L3"
"CGTATTAAGAGATCTA-1","L5"
"CGTCAAATGGTCGCAG-1","L3"
"CGTCAAGGCTATAAAT-1","L5"
"CGTCACGTCCATTGGT-1","L6"
"CGTCAGCTATTTACTC-1","L3"
"CGTCAGTGCGCACAAG-1","L3"
"CGTCAGTTTATCGTCT-1","L3"
"CGTCATACCATATCCA-1","L4"
"CGTCGCATGTGAGCCA-1","WM"
"CGTCGCGGCGGGATTT-1","L3"
"CGTCGCTTGGTTATAC-1","L6"
"CGTCGGATAGTGTTGA-1","L3"
"CGTCGGGTCTAAGCGC-1","L6"
"CGTCGTCCTTCGCGAA-1","L6"
"CGTCTCTCGCCGAGGC-1","L3"
"CGTCTGGAAGGGCCCG-1","L3"
"CGTGAAGTTAATTCAC-1","L5"
"CGTGACATTGGGTCGT-1","L3"
"CGTGACCAGTCCTCTG-1","WM"
"CGTGCAGACTGGGACA-1","L5"
"CGTGCATTGTCGACGC-1","L5"
"CGTGCCCTCCCGAAGA-1","L5"
"CGTGCTGGCCTAGTCG-1","L3"
"CGTGCTTCTACCTAAA-1","L6"
"CGTGGAAGCCTCGTAC-1","L4"
"CGTGGCCGAATATCTA-1","L5"
"CGTGGTACCCAAAGGC-1","WM"
"CGTGTATGGGAGCTGA-1","L6"
"CGTGTCCCATTCGCGA-1","L5"
"CGTGTCTCGTTACGAC-1","WM"
"CGTGTGTTAAACCCTG-1","L3"
"CGTTAAACTAGTTAGG-1","L5"
"CGTTAATGTCCCGACG-1","L6"
"CGTTAGCTCACAACTG-1","L3"
"CGTTCAAGGAAACGGA-1","WM"
"CGTTCAGACCCGCGAA-1","WM"
"CGTTCATGGTGCGCGT-1","L6"
"CGTTCTTCGCACACCT-1","L3"
"CGTTGAATACCGCGCT-1","L6"
"CGTTGAGCGACCGTCG-1","L5"
"CGTTGAGTAATTGCGT-1","L3"
"CGTTGCCCGCGTGGGA-1","WM"
"CGTTGTAAACGTCAGG-1","L3"
"CGTTGTAAGATTGATT-1","L3"
"CGTTGTCGGCAATTGA-1","WM"
"CGTTGTTTCAATTCCC-1","L5"
"CGTTTAAGCGGAGCAC-1","L3"
"CGTTTACAAGGCAGCT-1","L3"
"CGTTTCACTTCGGGCG-1","L3"
"CGTTTCGCTCATTACA-1","L5"
"CGTTTGGTGTTGTGGG-1","L6"
"CGTTTGTGTAGAGGGT-1","WM"
"CTAAAGAATGCCTACT-1","L5"
"CTAAAGGGAAATAGGA-1","L6"
"CTAAAGTCCGAAGCTA-1",NA
"CTAAATCCGGTGTACA-1","WM"
"CTAAATCCTATTCCGG-1","L3"
"CTAACCGCGCGCCCGT-1","L5"
"CTAACGAAACTTGCTG-1","L3"
"CTAACTGATAATCGCC-1","L6"
"CTAACTGGTCCGGTTC-1","L6"
"CTAAGGGAATGATTGG-1","L5"
"CTAAGTACAGGGCTAC-1","L3"
"CTAATTATGAAGCGTA-1","L3"
"CTAATTCGCACGCGCT-1","L5"
"CTAATTCTCAGATATT-1","L3"
"CTAATTTCAACAACAC-1","L4"
"CTACAAGAAATAACCC-1","WM"
"CTACACTCGCAGATGG-1","L6"
"CTACCCTAAGGTCATA-1","L3"
"CTACGAACTAGGTCGA-1","L3"
"CTACGACTAGCTATAA-1","L5"
"CTACGATCCTATCCTA-1",NA
"CTACGCACGGAGTACC-1","L5"
"CTACGCCATTTCCGAT-1","L3"
"CTACGTGTTGCCACCA-1",NA
"CTACTATCATAGGTTT-1","L6"
"CTACTATCTTTCAGAG-1","L3"
"CTACTCAAGGTATAGT-1","WM"
"CTACTCTAGGCCCGGC-1","L5"
"CTACTGCCACCTGACC-1","L4"
"CTAGACATATATGTAG-1","L3"
"CTAGACTGCATTTCGT-1","L3"
"CTAGATAAACTCCTCG-1","L3"
"CTAGATGTGAGTGTAA-1","L3"
"CTAGATTTACGACGGC-1","L5"
"CTAGCATAGTATAATG-1","L5"
"CTAGCCACAGGCGAGC-1","L6"
"CTAGCCGATGTTATGA-1","L3"
"CTAGCGCCAATCCTAC-1","L3"
"CTAGCTTAATGGTCCC-1","L4"
"CTAGGCGCCCTATCAG-1","L6"
"CTAGGCGGCAGAGAAT-1","L3"
"CTAGGGATAGGGACAA-1",NA
"CTAGGTCTGAAGGAAT-1","L3"
"CTAGGTTCGGACGTGA-1","WM"
"CTAGTAGAAAGGGATT-1","WM"
"CTAGTATTCGGAATTA-1","L3"
"CTAGTCACGTCTTAAG-1","L5"
"CTAGTGAAGGACAGGA-1","L5"
"CTAGTTACAACCCGGT-1","L6"
"CTAGTTGGGCCCGGTA-1","L3"
"CTATAAGAGCCAATCG-1","L3"
"CTATAGGCGTTGATGT-1","WM"
"CTATATCCAGCCTGGC-1","WM"
"CTATCGACGAAATACA-1","L6"
"CTATCGCGTAGAGAAC-1","L6"
"CTATCGGGTCTCAACA-1","L5"
"CTATGCCCGAATGCAA-1","WM"
"CTATGGGAAGCGGAAT-1","L6"
"CTATGTCACTAGCCCA-1","L4"
"CTATGTCTATTGAAAC-1","L3"
"CTATGTGAGTCACGGC-1","L5"
"CTATTCATGTGTCCCA-1","L6"
"CTATTGTGTTTGGTCA-1","L3"
"CTATTTGGTTACGGAT-1","L4"
"CTCAAACCACTGCCCG-1","WM"
"CTCAACTAACCCGGAT-1","WM"
"CTCAAGACATTAGCGC-1","L3"
"CTCACACGCAAGCCTA-1","L3"
"CTCACATTTACTAAAT-1","WM"
"CTCACCAGTACAAGTG-1",NA
"CTCACCGATCCAAACT-1","L3"
"CTCACTGTGATACTTA-1","WM"
"CTCACTTGGCTGGTAA-1","L5"
"CTCAGCAGACTGCCGA-1","L3"
"CTCAGGACTCACCTGT-1","L3"
"CTCAGTCACGACAAAT-1","L3"
"CTCATGGCTCACAATC-1","L3"
"CTCATGGTAATTTGCG-1","L6"
"CTCATTCGTGAACATC-1",NA
"CTCATTGCTCTAACAA-1","WM"
"CTCATTTGATGGGCGG-1","L3"
"CTCCCAATGAGTCGCG-1","L5"
"CTCCCTCCTTTCGATC-1","L6"
"CTCCGAGTAAATCCGC-1","L3"
"CTCCGCCCACATGAGG-1","L6"
"CTCCGGCCTAATATGC-1","L3"
"CTCCGGCTTGTAGACA-1","L3"
"CTCCTAAGTTATGTCT-1","L3"
"CTCCTCCAGCTCACAC-1","WM"
"CTCCTGTTCAAGGCAG-1","L5"
"CTCCTTTACGCAAGTC-1","L3"
"CTCGAATGGAACGTAT-1","L3"
"CTCGAGACATACGATA-1","L6"
"CTCGAGATCCAAAGCA-1","L3"
"CTCGAGGTCGAACAGT-1","L4"
"CTCGATATTTGCGAGC-1","L3"
"CTCGCACCTATATAGT-1","L3"
"CTCGCATTGCATAGCC-1","L6"
"CTCGCCGAATGTAGGG-1","WM"
"CTCGGGATAACACCTA-1","L3"
"CTCGGGTTCTCTGGCC-1","L6"
"CTCGGTACCACTGCTC-1","L5"
"CTCGGTCCGTAGCCTG-1","L3"
"CTCGGTTGTCGGCCCT-1","L6"
"CTCGTCGAGGGCTCAT-1","L6"
"CTCGTTTCTAATGTTT-1","L3"
"CTCTAATGCATTGATC-1","L3"
"CTCTACACTGGCGATT-1","L5"
"CTCTAGCCCTCGGAAA-1","L6"
"CTCTATTTGGCTGCAG-1","L6"
"CTCTCACAATCGATGA-1","L4"
"CTCTCGATGTGCGCCT-1","L3"
"CTCTCGCTGTACTATG-1","L3"
"CTCTCTAACTGCCTAG-1","L6"
"CTCTGCGAAGCAAGCA-1","L3"
"CTCTGGACGCCTGGTG-1","L5"
"CTCTGTTTGAGGATTC-1","L3"
"CTCTTCTATTGACTGG-1","L5"
"CTCTTCTGGAAGTTAG-1","WM"
"CTCTTGTCCCGCTTGG-1","WM"
"CTGAAACGGCCCTCAG-1","L3"
"CTGAAAGAGATCCGAC-1","L3"
"CTGAATCCGAGACCTC-1","L6"
"CTGAATTTATTGCCAG-1","L3"
"CTGACATAGAAATAGA-1","L5"
"CTGACTGCGCAGCTCG-1","L3"
"CTGAGAAAGTTCGGCG-1","L5"
"CTGAGCAAGTAACAAG-1","L3"
"CTGAGCGAGACTTATT-1","L3"
"CTGATAGTGTATCTCA-1","L5"
"CTGCAAGCACGTTCCG-1","L6"
"CTGCACAACTACATAT-1","L6"
"CTGCACCTAGTCCACA-1","L3"
"CTGCACCTGGAACCGC-1","L3"
"CTGCACTCCAGTACAG-1","L6"
"CTGCAGAGAATCAGAG-1","L6"
"CTGCCAAGGTTGGAAG-1","L3"
"CTGCCATGCATCACAT-1","L5"
"CTGCCCACGAAGCGTT-1","L4"
"CTGCCTAGCCACCAAG-1","L3"
"CTGCCTCATATGCAAC-1","L3"
"CTGCCTTTAATACCTT-1","L6"
"CTGCCTTTCTAGTAAA-1","L6"
"CTGCGGGTGAAATGTT-1","L5"
"CTGCGGTAGTCACGTG-1","L3"
"CTGCGTTACGATATAA-1","L3"
"CTGCTGAGGCCACGAA-1","L6"
"CTGCTGTCTAACGAGC-1","L4"
"CTGCTTGGCGATAGCT-1","L6"
"CTGCTTTATGTCCGCG-1","L3"
"CTGGAAATGGATGCTT-1","L5"
"CTGGAAGACACGGTGG-1","L6"
"CTGGACGCAGTCCGGC-1","L6"
"CTGGATTTACACTTGA-1","L6"
"CTGGCATCCGAATGAG-1","L6"
"CTGGCGACATAAGTCC-1","L3"
"CTGGCGCACAGGTCTG-1","L4"
"CTGGCGGGAATAAGTA-1","L4"
"CTGGCTCCTGCGGGAT-1","L3"
"CTGGCTGATTCATCCT-1","L5"
"CTGGCTGCTAACGTAA-1",NA
"CTGGCTGGTTGTCAGT-1","WM"
"CTGGGATAAATAATGG-1","L5"
"CTGGGATACGCTACCC-1","L3"
"CTGGGCACTAGTCGGA-1","L3"
"CTGGGCCTGCTATATC-1","L6"
"CTGGGCGGCCAAATGT-1","L3"
"CTGGGCTATCCTTTGG-1","L3"
"CTGGGTAGGCAGTTAA-1","L5"
"CTGGGTTGAGTTAAAG-1","L6"
"CTGGTAAAGTGTGGGC-1","L6"
"CTGGTAACACATAGAA-1","L5"
"CTGGTAACGAGCTCTT-1","L3"
"CTGGTCATTCCAATCC-1","L4"
"CTGGTCCTAACTTGGC-1","L3"
"CTGGTGAATGGGCCTA-1","L6"
"CTGGTTCAACGCATCA-1","L3"
"CTGGTTTCGAGCAAGA-1","L5"
"CTGTACTTCTTAGCAT-1","L5"
"CTGTAGCCATCTCACT-1","WM"
"CTGTAGTGAGGATCGA-1","WM"
"CTGTATGGTGTAGAAA-1","L4"
"CTGTCAAATGGCTCGG-1","L3"
"CTGTCACGCCAGGCGC-1","L3"
"CTGTGCAGGGTAGGTC-1","L5"
"CTGTGGTCGGGAGATA-1","L6"
"CTGTTACCCAATCTAG-1","L6"
"CTGTTCACTGCCTGTG-1","L3"
"CTGTTCATCTCACGGG-1","L4"
"CTGTTGGCTCTTCTGA-1",NA
"CTGTTGTTCAGTCGTA-1","L6"
"CTTAAATAAGACCCAT-1","L3"
"CTTAACTTCGAAGTAC-1","L3"
"CTTACACGGTATTCCA-1","L5"
"CTTACACTGGGAAATA-1","L3"
"CTTAGCCCGGATAGTG-1","L4"
"CTTAGCCTTCCACATG-1","L3"
"CTTAGGTATAGACCAG-1","L6"
"CTTAGTAGGCCTACAG-1","L3"
"CTTAGTGTAGTAGCAT-1","WM"
"CTTAGTTGAGGAATCG-1","WM"
"CTTATAGATGGCTGTT-1","L6"
"CTTATGCGCTCAGGGC-1","L5"
"CTTATGTTGACTACCA-1","L3"
"CTTCAACTCCACTTGG-1","WM"
"CTTCAGTGGTCGCCTA-1","L6"
"CTTCATAGCTCAAGAA-1","L4"
"CTTCATTGTCAGTGGA-1","L5"
"CTTCCGCTCCGTGAAG-1","WM"
"CTTCCTGCATATTTAC-1","L3"
"CTTCGATTGCGCAAGC-1","WM"
"CTTCGGCCAATTGTTT-1","L5"
"CTTCGTAGATAGGTGA-1","L5"
"CTTCTATGTTGAAGTA-1","L6"
"CTTCTATTAATGCTAG-1","L6"
"CTTCTGGGCGTACCTA-1","WM"
"CTTCTTACGTCGTATA-1","L3"
"CTTGACCCGAAAGATA-1","L3"
"CTTGAGGTTATCCCGA-1","L3"
"CTTGAGTTAGGGTAAT-1","L4"
"CTTGCAACCGCCTCCT-1","L6"
"CTTGCCCAGGCTCTAC-1","L6"
"CTTGGCCAAGCTGGGA-1","WM"
"CTTGTACTTGTTGACT-1","L3"
"CTTGTCAACATTCGAG-1","L6"
"CTTGTCGTACGTGTCA-1",NA
"CTTGTGAGGACAGCGG-1",NA
"CTTGTGAGTCTTTGAC-1","L3"
"CTTGTGCTCACCGATT-1","L3"
"CTTGTTGCTGAGTCAA-1","L5"
"CTTGTTTATGTAGCCA-1","L3"
"CTTTAACTTTCAAAGG-1","L3"
"CTTTAATATTGGTCGA-1","L6"
"CTTTACCGAATAGTAG-1","L6"
"CTTTAGGAACACTGTT-1","L5"
"CTTTAGTGCTATTATT-1","L6"
"CTTTCTGTGCGGGCTT-1","L6"
"CTTTGAAACATATTCC-1","L3"
"CTTTGCATCGCTCTTG-1","L6"
"CTTTGCTGTCATGGAT-1","L4"
"CTTTGGCAGACAGAGT-1","L3"
"CTTTGGCGCTTTATAC-1","L5"
"CTTTGGCTTTAGTAAA-1","L5"
"CTTTGGGATTGTTGCA-1","WM"
"GAAACAGATGACCACC-1","L4"
"GAAACAGCCATGCAGT-1","L3"
"GAAACATAGGAAACAG-1","L6"
"GAAACCATGGTGCGCT-1","L3"
"GAAACCGAATTACCTT-1","L6"
"GAAACCTATACAAATG-1","WM"
"GAAACTCGTGCGATGC-1","L5"
"GAAACTCTAATGAAGG-1","L3"
"GAAAGAACAGCGTTAT-1","L3"
"GAAAGCAGTGCACTTT-1","WM"
"GAAAGCCCTTTGGACC-1","L5"
"GAAAGTGACTAACTGC-1","L5"
"GAAATACCTGCTGGCT-1","L3"
"GAAATACTAAACGTTT-1","L3"
"GAAATATCACCATCAG-1","L5"
"GAAATATGCTTGAATG-1","L3"
"GAAATCGCGCGCAACT-1","L3"
"GAAATCTGACCAAGTT-1",NA
"GAAATGGCGGTGTTAG-1","L5"
"GAAATGGGATGTAAAC-1","L3"
"GAAATTAGCACGGATA-1","L3"
"GAAATTCACATCGCTG-1","L3"
"GAAATTGTCTCTATAA-1","L6"
"GAACAACTGGGATGAA-1","WM"
"GAACACACATCAACCA-1","L4"
"GAACAGATTACTAAAT-1","WM"
"GAACATTAGTATGTTA-1","L3"
"GAACCATCTGGGAGAC-1","L3"
"GAACCCTCTGTGTTCT-1","WM"
"GAACCTCGACCTACAC-1","L5"
"GAACCTTTAACGATCC-1","WM"
"GAACGACCGAATGATA-1","L3"
"GAACGATAAGTTAAAG-1","L3"
"GAACGCGGGTCACACG-1","L5"
"GAACGGTGTAAAGCAG-1","L3"
"GAACGTCTCATGGTCG-1","L3"
"GAACGTTAGGAAGACG-1","L5"
"GAACTGTGGAGAGACA-1","WM"
"GAACTTAGCGCCCGGT-1","L3"
"GAACTTGTGCACGGGA-1","L3"
"GAAGAAACGATATTGT-1","L6"
"GAAGAACGGTGCAGGT-1","L3"
"GAAGACTTCAATGCCG-1","L3"
"GAAGCCACTGATTATG-1","WM"
"GAAGCCGGGTAAGCTC-1",NA
"GAAGCCTGCACATTCC-1","WM"
"GAAGCGTGAGGAATTT-1","L5"
"GAAGCTCGGACCCGTC-1","L6"
"GAAGCTTGCTGACCGC-1","L5"
"GAAGGAGTCGAGTGCG-1","WM"
"GAAGGCTACCATTGTT-1","L3"
"GAAGTCAGTTGCACTA-1","L6"
"GAAGTCTCCCTAGCGA-1","L4"
"GAAGTGATTTATCGTG-1","L5"
"GAAGTGCTGGATAGCT-1","L3"
"GAAGTTTCCACTCAAT-1","L5"
"GAATAGACGCGACCCA-1","L5"
"GAATAGCATTTAGGGT-1","L4"
"GAATAGCCCTGCGGTC-1","L3"
"GAATAGTGCTCGATTA-1","WM"
"GAATATTCGGAGTCCC-1","L3"
"GAATCGACATGGTCAC-1","L5"
"GAATCGCCGGACACGG-1","L3"
"GAATCTATACTCGGAC-1","L3"
"GAATCTGAACATTCTC-1","L5"
"GAATGAAGGTCTTCAG-1","L3"
"GAATGCCGAAATGACC-1","L3"
"GAATGCGAATCGGTTC-1","WM"
"GAATGTATGGCAGGTC-1","L3"
"GAATGTGGTCCGGATT-1","L5"
"GAATGTTGGGTAATCT-1","L3"
"GAATTATAGTGAAAGG-1","L5"
"GAATTATGCAACCTAC-1","L3"
"GAATTCACCCGGGTGT-1","L6"
"GAATTTCTCGCTGCAG-1","L5"
"GACAAACATATGCAGG-1","L5"
"GACAACGACCATTGAA-1","L3"
"GACAACGCAGCTTACG-1","L3"
"GACAAGAGATGAGATT-1","L5"
"GACACAAGGGAAGAAA-1","L4"
"GACACGAGTTAGAGGA-1","L4"
"GACACTGAGTTCAGTG-1","L6"
"GACACTGGAACCCGAT-1","L5"
"GACAGATTTCTGGCTC-1","L5"
"GACAGCCAGACCTGAC-1","L5"
"GACAGGCACACACTAT-1","L5"
"GACATACTGTCGCAGA-1","L3"
"GACATCCGTCGAACTG-1","WM"
"GACATCGATTTATAAC-1","L6"
"GACCAAACGTTGACTG-1","L6"
"GACCAGAGCCCTGTAG-1","L5"
"GACCAGGTCATTCATA-1","L3"
"GACCCAATTATGATAC-1","L6"
"GACCCGTCGCCGGCTA-1","L3"
"GACCGACGTGAAAGCA-1","L3"
"GACCGACTGAAGCGTC-1","L5"
"GACCGATTAAATATGT-1","L6"
"GACCGCGTCTGACGTG-1","L5"
"GACCGTCAGGTCGTGA-1","L3"
"GACCGTGCTGACGGTG-1","L6"
"GACCTTCCACGTCTAC-1","WM"
"GACGACGATCCGCGTT-1","L6"
"GACGAGGCTAATAAAC-1","L6"
"GACGCCGTAAAGGCTA-1","WM"
"GACGCCTGTTGCAGGG-1","L3"
"GACGCTTGCTTCTAAA-1","L5"
"GACGGACCGCGTTCCT-1","L3"
"GACGGGTTGGCCCGTA-1","WM"
"GACGGTCAATAGAAGC-1","L3"
"GACGTGAGACTCCATG-1","L3"
"GACGTGTAGGGATTAT-1","L5"
"GACGTTCGTAAATACA-1","L3"
"GACTAACACAGCACCT-1","L3"
"GACTAAGATCATGCAC-1","L4"
"GACTAAGTAGGCTCAC-1","L5"
"GACTACAAAGCGGTGG-1","L6"
"GACTACAATTGCTCGT-1","L3"
"GACTAGGCCGTTAGGT-1","WM"
"GACTCACCCACGTGAG-1","L3"
"GACTCCCAGAATAAGG-1","L3"
"GACTCCTTCCAATTGA-1","L6"
"GACTCGCGGGAATGAC-1","L3"
"GACTCGGTCGGCGGAT-1","L3"
"GACTGATTGGTCACAA-1","L3"
"GACTGCAAATCGAGCT-1","WM"
"GACTGCACCAGCCCAG-1","L5"
"GACTGCGGCACGTGTA-1","L4"
"GACTGCTGGTGAGAAA-1","WM"
"GACTGGGCGCCGCAAC-1","L3"
"GAGAATCTCACGATCA-1","L4"
"GAGACCCTGCAACGCC-1","L3"
"GAGACTGATGGGTAGA-1","L4"
"GAGACTTCGCGACCGA-1","WM"
"GAGAGCGCAGTCCCTG-1","L4"
"GAGAGGGCGCGAGGTT-1","L5"
"GAGAGGTGCATTCTGG-1","L6"
"GAGATCTGCTTGGCAT-1","L5"
"GAGATCTGTCACTCCG-1","L3"
"GAGATCTTCCATGACA-1","L5"
"GAGATGACAATCCTTA-1","L3"
"GAGATGGCTTTAATCA-1","WM"
"GAGATGGGAGTCGACA-1","L6"
"GAGCACCTGTGTCCAG-1","L6"
"GAGCACGGCGCCTCTT-1","L3"
"GAGCATCAACAACTTG-1","L6"
"GAGCATCATCCCTGGG-1","L3"
"GAGCCACGGTAGTAGG-1","L3"
"GAGCCAGCTACCTGTG-1","L6"
"GAGCCGAGCGTTTATT-1","L3"
"GAGCGAGGGAGTACCG-1","L3"
"GAGCGCAAATACTCCG-1","L5"
"GAGCGCGCACGAGTAG-1","L5"
"GAGCGCTGTTAGGTAA-1","L6"
"GAGCGGAATGCGGTGT-1","WM"
"GAGCTAAGGGCATATC-1","L3"
"GAGCTCTCGGACCTAA-1","L3"
"GAGCTGTCGTCTCGGA-1","L3"
"GAGGAATGGAGAGGTT-1","L5"
"GAGGATAAACAGTGCT-1","L3"
"GAGGCATTTGCAGCAG-1","L3"
"GAGGCCCGACTCCGCA-1","L6"
"GAGGCCTGTTGATACA-1","L6"
"GAGGCTATCAAAGTCG-1","L5"
"GAGGGAGTCAGATCGC-1","WM"
"GAGGGCATCGCGTATC-1","L3"
"GAGGGCCGGCAGAGTC-1","L3"
"GAGGGCGCAGCTCTGC-1","L3"
"GAGGGTAGTAACAAAG-1","L6"
"GAGGTACATCCATCTT-1","L3"
"GAGGTACGCGTGTCCC-1","WM"
"GAGGTCCCAAAGATCT-1","L3"
"GAGGTCTTAGTGGGTC-1","L3"
"GAGTAAACCGGAAAGT-1","L5"
"GAGTAAGGCCACGGGA-1","L6"
"GAGTACGGGTATACAA-1","L3"
"GAGTAGATACTAGTTG-1","WM"
"GAGTATCAAAGTTACA-1","L5"
"GAGTATGCCCGCCTTG-1","L6"
"GAGTATGCGCGTGCAT-1","WM"
"GAGTCAGACCAGAATC-1","WM"
"GAGTCCGCTTACCGGA-1","L6"
"GAGTCGACAGACCCTC-1","L4"
"GAGTGCACGGACAACA-1","L3"
"GAGTGTCAACCAGAAA-1","WM"
"GAGTGTGCGGTACCCA-1","L5"
"GAGTTGATGGCAATTT-1","L6"
"GATAAATCGGTGGATG-1","L3"
"GATAACTCGCACTGTG-1","L4"
"GATAAGGCAGATGCAA-1","L3"
"GATACGATGGGAGTCA-1","L6"
"GATAGGTAACGTTGAC-1","L6"
"GATAGGTGTCCCGGGC-1","L3"
"GATAGTGCGAGTAAGT-1","WM"
"GATATCAGTATGTATC-1",NA
"GATATCTCATGCAATA-1","L3"
"GATATGAGACACTAAC-1","L5"
"GATATGCGGTAGCCAA-1","L3"
"GATATGGATTACGCGG-1","L5"
"GATATTGAGATTGGCG-1","L3"
"GATATTTCCTACATGG-1","L3"
"GATCAACATAAAGGGA-1","WM"
"GATCATTCCAAACATT-1","L5"
"GATCCCTTTATACTGC-1","L4"
"GATCCGAATATAAGTG-1","L3"
"GATCCGGGAATTAACA-1","L5"
"GATCCTAAATCGGGAC-1","L3"
"GATCCTCGACACTGGC-1","L6"
"GATCCTCTTGCGCTTA-1","L3"
"GATCGACACTATCTGA-1","L5"
"GATCGCGGGCTCTCCA-1","L5"
"GATCGCTACCCGATTT-1","L5"
"GATCGCTATATCTCAG-1","L6"
"GATCGCTGTGGTGCGT-1",NA
"GATCGGATAGAACCAT-1","L5"
"GATCGGCGATAAGTCG-1","L3"
"GATCGGTGGCCATAAC-1","L3"
"GATCGTGACTGATATC-1","L5"
"GATCTCGACGCTGTGG-1","L5"
"GATCTGCTATCTAAGG-1","WM"
"GATCTTAGTGAACGTG-1","L3"
"GATCTTCATTGTCCTC-1","L3"
"GATCTTGGAGGGCATA-1","L6"
"GATCTTTGCAGGGTAT-1","L5"
"GATCTTTGCTCAAAGA-1","L3"
"GATGACAAGTAGGGCA-1","L6"
"GATGACGATGATCGCG-1","L3"
"GATGAGGAACCTTCGG-1","WM"
"GATGCCAGCAGAAGGC-1","L4"
"GATGCCTTCTGCGGCA-1","L6"
"GATGCGAATGGTATTA-1","L4"
"GATGCGTCCTGCATTC-1","L5"
"GATGCTACAAGCGCCT-1","L3"
"GATGCTGTATTTCATC-1","L5"
"GATGGCGCACACATTA-1","L4"
"GATGGTGAAATAACCC-1","L3"
"GATGGTGCCCTAGGCA-1","L3"
"GATGTAACGAACCACC-1","L6"
"GATGTCCGGATCACAT-1","L3"
"GATGTCGGTCAACTGC-1","L3"
"GATGTGTTGTCACAAG-1","L3"
"GATGTTCAATCCACGA-1","L6"
"GATGTTTGTGCGAGAT-1","L4"
"GATTAACCGAAAGCCC-1","L6"
"GATTAATCCTGGCTCA-1",NA
"GATTACTGAATTTGGG-1","L6"
"GATTCCCTTGTCGCAG-1","L3"
"GATTCCGCGTTTCCGT-1","L3"
"GATTCCTATACGGCGC-1","L5"
"GATTCGACGGTTCACG-1","L5"
"GATTGACACTCTGCTC-1","L3"
"GATTGCTCCAGTTGCA-1","L6"
"GATTGGGAAAGGTTGT-1","WM"
"GATTTAGTGCGTACTG-1","L3"
"GCAAACCCTACATTAT-1","L6"
"GCAAACCTTGGCCATA-1","WM"
"GCAAACGTCGCCAGGT-1","L4"
"GCAAAGGGCGTTAGCC-1","L6"
"GCAAATATTACGCTTT-1","L5"
"GCAACACACTAGAACT-1","L6"
"GCAACAGCAGTATGCG-1","L5"
"GCAACCACCAGACCGG-1","L3"
"GCAACCACGGCCGCGT-1","L6"
"GCAACCCAAGTTGTTT-1",NA
"GCAACGGCTAGTTATG-1","L4"
"GCAAGAATTCCTTGGC-1","L6"
"GCAAGATGTGTTCGCG-1","L3"
"GCAAGTGCACAGAGAA-1","L4"
"GCAAGTGTAAAGCATG-1","WM"
"GCAATTAGTCGCACCG-1","L3"
"GCACAAACCCTAGATG-1","L6"
"GCACAAACGAGGCGTG-1","L4"
"GCACAACCTCGGGCGT-1","L6"
"GCACAAGTGGATCATA-1",NA
"GCACAAGTGTCGGAAG-1","L3"
"GCACACACTGGTAGCC-1","L6"
"GCACACGCCCATGGTC-1","L5"
"GCACGCCTACTTAGAT-1","WM"
"GCACGTGGTTTACTTA-1","L6"
"GCACTAGTCGCGCTAT-1","L3"
"GCACTGCCTACCTTTA-1","WM"
"GCACTGTGCAAATGTA-1","L3"
"GCAGAAACGTAATCCA-1","L3"
"GCAGAAGGTAATCTCC-1","L5"
"GCAGACCCAGCACGTA-1","L3"
"GCAGATCCATAAGACT-1","L6"
"GCAGATCCTCGCAAAT-1","L3"
"GCAGATTAGGGATATC-1","L5"
"GCAGCACACAGCCCAG-1","L5"
"GCAGCCTATATCACAT-1","L3"
"GCAGCGGTGGGCATTA-1","L3"
"GCAGCTATGGACAGGT-1","L3"
"GCAGGAACTTAGATCT-1","L6"
"GCAGGACTATAGAATA-1","L5"
"GCAGGTAGAGTATGGT-1","L3"
"GCAGTGCGGGCGGATG-1","L5"
"GCAGTGTGGCTATAGG-1","L6"
"GCAGTTCGATCCGAGC-1","L5"
"GCATAAATTGAACGCC-1","L3"
"GCATACGAGGTCTTTA-1","L5"
"GCATAGAGCACTCAGG-1","L5"
"GCATCCCTAACTTTGA-1","L3"
"GCATCGGCCGTGTAGG-1","L5"
"GCATGAGGGACGCGGC-1","L3"
"GCATGCTAATAACGAT-1","L6"
"GCATTCAAGGCAACGC-1","L3"
"GCATTCGAAATGAACA-1","L4"
"GCATTGTAATTCATAT-1","L5"
"GCATTTCCAAGGCTCC-1","L3"
"GCCAACCATTTCCGGA-1","L3"
"GCCAAGAATACTTCTG-1","L5"
"GCCAATAGGGCATCTC-1","L3"
"GCCACAATTTAAGGAC-1","L6"
"GCCACTCAGAGCGCGA-1","L6"
"GCCACTCCTTACGGTA-1","L5"
"GCCAGGAGTAACCGAT-1","L3"
"GCCAGGCGTTCGCATG-1","L3"
"GCCATATTGCACACAG-1","L3"
"GCCATCGAGCTGCGTG-1","WM"
"GCCATCGATGCTGCAT-1","L3"
"GCCATTAGCCTCAAAC-1","L6"
"GCCCACCAAGGCTGTC-1","L3"
"GCCCACTGGTCCACAA-1","L3"
"GCCCAGATGCTGGAGA-1","L3"
"GCCCAGTTGGTATGCC-1","L4"
"GCCCATGGGTGCAATG-1","L3"
"GCCCGACTTCTTCCCG-1","L6"
"GCCCGAGAGTCTAAAT-1","L6"
"GCCCGATCTGTGGTCG-1","L6"
"GCCCGCGCGTAAACGG-1","L6"
"GCCCGCGCGTTTGACA-1","L4"
"GCCCGTAATACCTTCT-1","L3"
"GCCCTAGCCGTCGCGA-1","L6"
"GCCCTGAGGATGGGCT-1","WM"
"GCCGAAATTCCTACGT-1","L5"
"GCCGACCCACGACTGC-1","L6"
"GCCGATTGGCCAAGCT-1","L5"
"GCCGCACTCCGTTTCA-1","L3"
"GCCGCATTAGTCCGGC-1","L5"
"GCCGCTAGATACGCAG-1","L3"
"GCCGCTTGTGAGAAAC-1","L5"
"GCCGGAAACACATCTT-1","L3"
"GCCGGGTTAGGGTCGC-1","L6"
"GCCGTCGGTTTCGGGC-1",NA
"GCCGTGGAAGAAATGT-1","L3"
"GCCTACGTTCTGTGCA-1","WM"
"GCCTAGCGATCTGACC-1","L4"
"GCCTATAGTGTCAGGG-1","L3"
"GCCTATGCTGGGCCTT-1","L3"
"GCCTATTCCGATATAG-1","L5"
"GCCTATTTGCTACACA-1","L3"
"GCCTCATCTGGAAATA-1","L4"
"GCCTCCGACAATTCAC-1","L6"
"GCCTCTATACATAGCA-1","L6"
"GCCTGCTACACTGAGA-1","L3"
"GCCTTCAGCCCTACCG-1","L3"
"GCCTTGTATATGCAGT-1","L3"
"GCCTTTGTCAGTGGAC-1","L6"
"GCGAAACGATCGGGAG-1","L6"
"GCGAAACTTAACTGGA-1","L5"
"GCGAAGAATCTGACGG-1","WM"
"GCGAAGCCATACCCGT-1","L5"
"GCGACATGTAAACATC-1","L3"
"GCGACCCAACCATCTG-1","L6"
"GCGACGATAGTTGTAC-1","L6"
"GCGAGAAACGGGAGTT-1","L3"
"GCGAGAGGCCATGTAA-1","L3"
"GCGAGAGTTGCGTCCA-1","L3"
"GCGAGCGCATGCTCCC-1","L3"
"GCGAGGCCCGAGCAGA-1","L5"
"GCGAGTTCTGCAAAGA-1","L5"
"GCGATGTCTGTGCTTG-1",NA
"GCGATTCTGGAAGCAG-1","L3"
"GCGATTGTTAACGTTA-1","L5"
"GCGCAAATATATTCAA-1","L6"
"GCGCAAGAGCGCGCTG-1","L4"
"GCGCATCCAGTCAGCA-1","L3"
"GCGCCGTTCCACGATA-1","L5"
"GCGCCTCCCACTCCGA-1","L5"
"GCGCGATGGGTCAAGT-1",NA
"GCGCGGTCTAGTAACT-1","WM"
"GCGCGTCATTGGTACA-1","L6"
"GCGCTAAGTATGCATG-1","L3"
"GCGCTAATTGAATAGA-1","L4"
"GCGCTATGCCGAGGCA-1","L6"
"GCGCTCGATCACCTGT-1","L3"
"GCGCTGATCCAGACTC-1","L3"
"GCGCTGCTTTGCATTT-1","L3"
"GCGCTTAAATAATTGG-1","L6"
"GCGGACCGCGTTGTGG-1","L6"
"GCGGAGAAACTTCGCA-1","L6"
"GCGGAGAGGGAGAACG-1","L6"
"GCGGCAAAGTATTGCC-1","L6"
"GCGGCTCTGACGTACC-1","L5"
"GCGGGAACCAGGCCCT-1","L3"
"GCGGGCATTACGATGC-1","L3"
"GCGGGCGAGCCTTACC-1","WM"
"GCGGTAACCCAAATGA-1","L3"
"GCGGTCCCTAGACGCA-1","L3"
"GCGGTGAACTGCGCTC-1","L3"
"GCGGTGCGGAGCATCG-1",NA
"GCGGTTCCCTATCATG-1","L6"
"GCGTAAATGGCCATAA-1","L3"
"GCGTCCCTAAGACATA-1","WM"
"GCGTCGAAATGTCGGT-1","L3"
"GCGTCGCCAGGGTGAT-1","WM"
"GCGTCTCTGCATTGGG-1","L5"
"GCGTGGTACTGGGTTA-1","L3"
"GCGTGTATGTCGTATT-1","L3"
"GCGTTATATTTGGAAC-1","L5"
"GCGTTCGGAGACCGGG-1","L3"
"GCTAAACCTGAGGTGA-1","L5"
"GCTAACTGAAGTCTGA-1","L6"
"GCTAAGTAAAGGCGAT-1","L4"
"GCTAAGTAGTTTCTCT-1","L4"
"GCTAATACCGAATGCC-1","L4"
"GCTACAATCGAGGATA-1","L6"
"GCTACAGTACGGACCG-1","L5"
"GCTACGACTTATTGGG-1","L5"
"GCTACTATAGTAGAGT-1","L6"
"GCTAGACCGTCTACTG-1","L4"
"GCTAGAGTAGAGATGT-1","L6"
"GCTAGCACCTGGGCCA-1","L3"
"GCTAGCAGGGAGTGGG-1","L3"
"GCTAGCGATAGGTCTT-1","L6"
"GCTAGCTTGAATAGCT-1","L6"
"GCTAGGCACCACGGAG-1","L6"
"GCTAGTAGAGCTTGTA-1","L5"
"GCTAGTTTCATTGAGG-1","L3"
"GCTATACGTCTCGGAC-1","L6"
"GCTATCATACTCATGG-1","L6"
"GCTATCGCGGCGCAAC-1","L4"
"GCTCAACCTCTTAGAG-1","L3"
"GCTCAATCCGTTTATT-1","L6"
"GCTCAATGTAATACCG-1","WM"
"GCTCATTACTGCATGT-1","L3"
"GCTCCATGAGTGCAGA-1","L5"
"GCTCCATGCAAAGCAA-1","WM"
"GCTCCCAGTCGGTCCA-1","L4"
"GCTCCGCTCGCTTCAG-1","L4"
"GCTCCGGACGTTGATA-1","L3"
"GCTCCTGACATACTGG-1","L6"
"GCTCGACCGAACTGAA-1","L3"
"GCTCGCGGTTCCGCTC-1","L4"
"GCTCGCTCATGTCCAA-1","L4"
"GCTCGGAATTTAAAGC-1","L3"
"GCTCTAAACCCTGACG-1","L3"
"GCTCTATGTTACGTGC-1","L5"
"GCTCTCGGGTACCGAA-1","L4"
"GCTCTTTCCGCTAGTG-1","WM"
"GCTGAACTCTCCAGGG-1","L3"
"GCTGAATCTTCCAATC-1","L6"
"GCTGAGCAACGGTTCT-1","L3"
"GCTGAGGCGTGAGTAT-1","L5"
"GCTGCACGGTTTCTTA-1","L5"
"GCTGCGCCTCCCACGT-1",NA
"GCTGCTAAGTAGTCGA-1","WM"
"GCTGCTACTGCGTAGC-1","L6"
"GCTGCTCTCCGGACAC-1","L4"
"GCTGGACCCAAAGTGG-1","L3"
"GCTGGCAGGTGCCGTG-1",NA
"GCTGGCATATTCACCT-1","L5"
"GCTGGCGGCGCATGCT-1","L6"
"GCTGGTGACTCGTAGT-1","L3"
"GCTGGTTTAGGCCATA-1","L6"
"GCTGTATTACTGGCCC-1","L6"
"GCTGTCTGTGATCGAC-1","L3"
"GCTGTTGCTACCGAAC-1","L4"
"GCTTAATGTAACTAAC-1","L5"
"GCTTACGTAGTTAGTA-1","L3"
"GCTTAGGGAAGCGGTA-1","L3"
"GCTTATGAAGCAGGAA-1","L4"
"GCTTCAGTGGGATTAC-1","L3"
"GCTTCCGTCCCTAGAC-1","L3"
"GCTTCGACGTTCAATC-1",NA
"GCTTGATGATAATCAG-1","L4"
"GCTTGCAGCACAATTG-1","L3"
"GCTTGGATCGATTAGG-1","L3"
"GCTTTCAGAGGAGGTG-1","L3"
"GCTTTCTATCTCAACT-1","L3"
"GCTTTGCTGCCGGGTA-1","L3"
"GGAAACCTTGTTGAAT-1","L3"
"GGAAACTAAATGGGCC-1","L6"
"GGAAAGTGCCCATGCC-1","L3"
"GGAACCCGAACAAGAA-1","L3"
"GGAACCGTGTAAATTG-1","L6"
"GGAACCTTGACTCTGC-1","L6"
"GGAACGGCCTGCAGCC-1","L4"
"GGAACTTTGGCGATTA-1","L6"
"GGAAGATAAGACTGTA-1","L3"
"GGAAGCTCGCTTACAG-1","L3"
"GGAATAACCTCAAGAA-1","L3"
"GGAATGCGCTAGCGTG-1","L3"
"GGACAAGTTGCAGTGA-1","L4"
"GGACACAAGTTTACAC-1","L5"
"GGACCAACAGGATAAC-1","L6"
"GGACCTACGGTAACGT-1","L3"
"GGACCTCTAGGCCGCC-1","L6"
"GGACGGCTTGCGCAAC-1","L3"
"GGACGTCCATAGTTGG-1","L3"
"GGACTAAGTCAGGAGT-1",NA
"GGACTCACAAATTAGG-1","L4"
"GGACTCGACAGCGCAT-1","WM"
"GGACTCGTGAGTGGTC-1","WM"
"GGACTCTTCCGGTTGA-1","L5"
"GGAGAAGTCATTGGCA-1","L4"
"GGAGACCAATGTGCTT-1","L3"
"GGAGACCATCTACATA-1","L5"
"GGAGACGACACCTTTG-1","L6"
"GGAGCAACATTTCAAG-1","L6"
"GGAGCACCAAGAACTA-1","L3"
"GGAGCGAGGCCTACTT-1","WM"
"GGAGGATTGAAAGGAG-1","L3"
"GGAGGCCGAAGTCGTC-1","L3"
"GGAGGCGAAGAACCGC-1","L3"
"GGAGGGCTTGGTTGGC-1","L4"
"GGAGGGTCAAGTAAGA-1","L6"
"GGAGTGCCGCCCTGGA-1","L3"
"GGATACTCATGAATTG-1","L3"
"GGATCAAAGGACGAGG-1","L3"
"GGATCATCCCGTACGC-1","L3"
"GGATCCGGAATATACT-1","L4"
"GGATCTTACTGCCCTT-1","WM"
"GGATCTTGACTCAACC-1","L6"
"GGATGAAGATCGCTGA-1","L5"
"GGATGACGCGAGTTTA-1","L5"
"GGATGCTGGCGTTCCT-1","L5"
"GGATGTCCTTACCGCA-1","L3"
"GGATTAAGCTAAGGTC-1","L3"
"GGATTCAGTACGGTGG-1","L4"
"GGATTCCGCTATACCC-1","L3"
"GGATTGCTGTGACTCC-1","L6"
"GGATTTCACTTCTATA-1","L3"
"GGCAAAGGCGCCAATA-1","L6"
"GGCAAATTACTTTACT-1","L6"
"GGCAAGCCAGGGATAG-1","L3"
"GGCAAGCCCATAGTGG-1","WM"
"GGCAAGGCGAAATAGC-1","L6"
"GGCAATAGTCAATGAG-1","L4"
"GGCACTCAGCCGACCC-1","L5"
"GGCACTCCACTGGGCA-1","L5"
"GGCAGCAAACCTATGC-1","L5"
"GGCAGCGGTAATCCTA-1","L3"
"GGCATACAGGTAGCGG-1","L5"
"GGCATATCGGTTCTGC-1","L3"
"GGCATCAACGAGCACG-1","L3"
"GGCCACACGAAAGCCT-1",NA
"GGCCCAATCTAGAGGG-1","L3"
"GGCCCAGTTATCAGCA-1","L3"
"GGCCCGGAGCATGTCT-1","L3"
"GGCCCGTATACCATGC-1","L3"
"GGCCCTCACCCACTTA-1","L5"
"GGCCGAGACTCTGGTG-1","WM"
"GGCCGGCGTCTGCTAT-1","WM"
"GGCCGTTTGGGTTTCA-1","WM"
"GGCCTGCTTCTCCCGA-1","L6"
"GGCCTTTGCAACTGGC-1","L5"
"GGCGAAATCTAACTTG-1","L5"
"GGCGAACCGTTCTGAT-1","L3"
"GGCGAGCGAAACGGCA-1","L5"
"GGCGCAGGACATCTTC-1","L5"
"GGCGCATGAATTGATG-1","L6"
"GGCGCGGAGATCTTTC-1","L6"
"GGCGCGTTCGAGTTTA-1","L6"
"GGCGCTCCTCATCAAT-1","L3"
"GGCGCTTCATTCCCTG-1","WM"
"GGCGGAGTAATATTAG-1","L5"
"GGCGGGCTCTAAGAGT-1","L5"
"GGCGGTAGGATCATTG-1","L4"
"GGCGGTTTGCCGGTGC-1","L3"
"GGCGTACCCTATATAA-1","L3"
"GGCGTAGGGAAAGCTG-1","WM"
"GGCGTCCTATCCGCTG-1","L5"
"GGCTAAAGGGCGGGTC-1","L3"
"GGCTAATGATTGAAAT-1","L3"
"GGCTACTATACACTCC-1","WM"
"GGCTATTAAGTTGTAT-1","L5"
"GGCTCCTCCACCTGTT-1","WM"
"GGCTCGCGTTGAGGTA-1","L3"
"GGCTCGTGCCACCAGC-1","L4"
"GGCTCTGCTCCAACGC-1","L3"
"GGCTGAAATAGCAAAG-1","L6"
"GGCTGAGCATCGTAAG-1","L3"
"GGCTGGCTAGCTTAAA-1","L3"
"GGCTTGGCTCTCACCT-1",NA
"GGCTTTCAATAAGGGT-1","WM"
"GGGAACGGGAGGTTAG-1","L5"
"GGGAACGGTTTCAGAT-1","WM"
"GGGAAGACGGTCTGTC-1","WM"
"GGGAAGGGCTTTCTCA-1","L6"
"GGGAATGAGCCCTCAC-1","L3"
"GGGAATTCTGTCCAGT-1",NA
"GGGACAGAGTTACTCC-1","L6"
"GGGACCCGTATATCTT-1","WM"
"GGGACTGCATAGATAG-1","L5"
"GGGAGAACTCACAGTA-1","L4"
"GGGAGCGACCGTAGTG-1","WM"
"GGGAGGATGCCCGAAA-1","L5"
"GGGAGTAATGGCTGGC-1","L3"
"GGGAGTTAATGAGGCG-1","L4"
"GGGATACGGTAATAAT-1","L3"
"GGGATGGTCGTAACCG-1","L6"
"GGGATTTACCGCACCT-1","L5"
"GGGCAACCGCACGTGC-1","L6"
"GGGCACGAATTGGCCG-1",NA
"GGGCACGTAGTACTGT-1","WM"
"GGGCAGAGCAATCGTT-1","WM"
"GGGCAGTCAACGCCAA-1","WM"
"GGGCCCGTCTTAAACA-1","L6"
"GGGCCCTACGAAAGGG-1","L5"
"GGGCCGGCCGAAGTAC-1","L4"
"GGGCCTAAATGGGCTA-1","L5"
"GGGCCTATACAACCGG-1","L3"
"GGGCCTATTTAAGTAT-1","L3"
"GGGCGAATTTCTCCAC-1",NA
"GGGCGATATGTGTGAA-1","L4"
"GGGCGCAGCGTTACTC-1","L3"
"GGGCGGCAAATGAATT-1","L6"
"GGGCGGGTTCCCTACG-1","L6"
"GGGCGGTCCTATTGTC-1","L3"
"GGGCGTACATTTATAT-1","L4"
"GGGCGTCACCACGTAA-1","L6"
"GGGCGTCCACTGGCTC-1","L3"
"GGGCGTGGTTTCCCAG-1","WM"
"GGGCGTTTACATTCAT-1","L6"
"GGGCTATGATCGATGG-1","WM"
"GGGCTCATCGAACCCA-1","L3"
"GGGCTGCCTAGGGCGA-1","L4"
"GGGCTGGTTAGTCGCG-1","L5"
"GGGTAATGCTGTGTTT-1","L3"
"GGGTACCCACGGTCCT-1","L3"
"GGGTACTTCATGAACT-1","L5"
"GGGTATGTATGCACTT-1","L5"
"GGGTATTCTAGCAAAC-1","L6"
"GGGTCACCGTGACGGT-1","L5"
"GGGTCACGTGCTTATG-1","L3"
"GGGTCACTGAGTAGTG-1","L3"
"GGGTCAGGAGCTAGAT-1","WM"
"GGGTCATGCGTACCAT-1","L3"
"GGGTCGTGGCAAGTGT-1","L3"
"GGGTCTATCGCTTTCC-1","L6"
"GGGTGACACCTTAACT-1","L6"
"GGGTGCATATGAAAGC-1","L3"
"GGGTGGTCCAGCCTGT-1","L3"
"GGGTGTTTCAGCTATG-1","L3"
"GGGTTAACATTTGAGT-1","WM"
"GGGTTCAGACGAACAA-1","L3"
"GGGTTTAGGATAGGAT-1","L4"
"GGTAAATGTGCGTTAC-1","L3"
"GGTAACCGGGAGGATA-1","L6"
"GGTAACTATGTATCTG-1","L3"
"GGTACAAACATGCTAT-1","L5"
"GGTACACCAGATTTAT-1","L3"
"GGTACATCTGGGACGA-1","L5"
"GGTACCATTAAGACGG-1","L3"
"GGTACTAAGTGCTTTG-1","L5"
"GGTAGAAGACCGCCTG-1","L6"
"GGTAGACCGTTGGGCG-1","WM"
"GGTAGTGCTCGCACCA-1","L4"
"GGTATAGTGACACATA-1","L3"
"GGTATTGCCGAGTTTA-1","L5"
"GGTCAAGACTACTTCG-1","L6"
"GGTCAGTGGGTCCCAC-1","L6"
"GGTCATTGTAGTCATA-1","L3"
"GGTCCCATAACATAGA-1","L3"
"GGTCCTTCATACGACT-1","L3"
"GGTCGGATAAACGGCG-1","L3"
"GGTCGGCCAGGAGCTT-1","L3"
"GGTCGGTAATTAGACA-1","L3"
"GGTCGGTCGTCCACAG-1","WM"
"GGTCGTAAGCTCGCAC-1","L6"
"GGTCTCCAAGTAGTGC-1","L4"
"GGTCTCCGTCCAGGTT-1","L6"
"GGTCTCTGAATGGACT-1","L6"
"GGTCTGAGAATCTGGA-1","L3"
"GGTCTTGAGCGCTCTT-1","WM"
"GGTGAAACCGGGAATG-1","L3"
"GGTGAACGGGCTAGCC-1","L3"
"GGTGAAGTACAGGGAT-1","L6"
"GGTGAGATGCAGATAA-1","L3"
"GGTGATAAGGAGCAGT-1","L5"
"GGTGATGAAGGAAGTG-1",NA
"GGTGATTTCATCTTGT-1","L3"
"GGTGCAGAGCCTATCG-1","L3"
"GGTGCATAAATGATTA-1","WM"
"GGTGCGGATAAGTGGC-1","L3"
"GGTGCTGATCACAAAG-1","L5"
"GGTGCTGGTACACATT-1","L6"
"GGTGGACCACGTGTTA-1","L3"
"GGTGGACTGCTCTGGC-1","L6"
"GGTGGAGGTTGATACG-1","L3"
"GGTGTAAATCGATTGT-1","WM"
"GGTGTTCTGTTTCTAC-1","L3"
"GGTGTTGGGCGTCTTA-1","L4"
"GGTTACCACCCTCGGG-1","L6"
"GGTTACCCGACACTTT-1","L3"
"GGTTAGCTATATGTCT-1","L5"
"GGTTAGGCTTGGAGAA-1","L5"
"GGTTAGTTACGGCGCC-1","L5"
"GGTTCCACCCGCTTCT-1","L3"
"GGTTCCCTAGTGTCTC-1","L3"
"GGTTCGATGCTGAGTT-1","L3"
"GGTTCGGATTATACTA-1","L5"
"GGTTCTACTCGTCTGA-1","L3"
"GGTTGTGCTCTTGTCC-1","L3"
"GGTTGTGTAGCCTGGC-1","L5"
"GGTTTAATTACCATCG-1","WM"
"GGTTTAATTGAGCAGG-1","L3"
"GGTTTACAATCTCAAT-1","L3"
"GGTTTAGCCTTTCTTG-1","L5"
"GGTTTCAATCGGTCAG-1","L3"
"GGTTTGACAAGAAGCT-1","L3"
"GGTTTGAGTGCTGGAA-1","L3"
"GGTTTGCGAACACGTA-1","L3"
"GGTTTGTGACCTGAGG-1","L6"
"GTAACAACTGACCTTG-1","L3"
"GTAACATCAGCTCATC-1","L3"
"GTAACATCTAAGATAA-1","L6"
"GTAACTGCCCAAGGAG-1","WM"
"GTAACTTGCGGCAGTC-1","L3"
"GTAAGCGGGCAGTCAG-1","L3"
"GTAAGGATTTGTCGGA-1","L3"
"GTAAGTAACAGTCTGG-1","L5"
"GTAAGTAGGGTATACC-1","L5"
"GTAAGTCCACACTCTA-1","L3"
"GTAATAAAGGGCTCCC-1","L3"
"GTAATCTGATTCTTCG-1","L6"
"GTACACTTACCTGAAG-1","L5"
"GTACAGAGGCAAGGGT-1","L4"
"GTACGACGGCGCTGCG-1","L3"
"GTACGAGATTGCGACA-1","L3"
"GTACGCTTCATTGCAC-1","L6"
"GTACGTCACGTATTAA-1","L3"
"GTACGTTTGCCCGTCA-1","L6"
"GTACTAAGATTTGGAG-1","L4"
"GTACTCCCTTATCGCT-1","L5"
"GTACTCCTGGGTATGC-1","L3"
"GTACTGAGGTCGTAAC-1","L3"
"GTACTGCATGAAGCGT-1","L3"
"GTACTGGAGTTAGACC-1","L4"
"GTACTTGGGCACTTCT-1","L3"
"GTAGAAACGGGTGGAG-1","L4"
"GTAGACAACCGATGAA-1","L3"
"GTAGACACGCCTGACT-1","WM"
"GTAGACGTCGTTACAT-1","L3"
"GTAGAGGGAGACAAGT-1","L6"
"GTAGCCAAACATGGGA-1","L6"
"GTAGCGCTGTTGTAGT-1","L3"
"GTAGCGGCTATACACT-1","L5"
"GTAGCTAGTAAGCGCG-1","L3"
"GTAGCTCCGGGAGGCT-1","WM"
"GTAGCTTCCTCTTGTT-1","L3"
"GTAGGTGATCCGTGTA-1","L3"
"GTAGTCGCGGGAATCA-1","L6"
"GTAGTCTACGATATTG-1","WM"
"GTAGTTAGACAATATA-1","L3"
"GTAGTTCGAAGGCGAA-1","WM"
"GTAGTTTAAGCACACG-1",NA
"GTATAATCTCCCGGAT-1","L3"
"GTATAGGACTCAGTAG-1","L3"
"GTATAGTGGCCCATGT-1","L3"
"GTATATGTTACGGCGG-1",NA
"GTATCAAACGTTAGCT-1","L6"
"GTATCAGCTTGGGTTC-1","L4"
"GTATCCTTTGGTAACC-1","L6"
"GTATCGGGACGAGCTG-1",NA
"GTATCTCAGTCTTGAC-1","L6"
"GTATCTTTCATAACCA-1","L6"
"GTATGAAATTTCACTC-1","L6"
"GTATGACGTGGGAAAC-1","L3"
"GTATGTGGGTCTAGTT-1","L4"
"GTATTAAGGCGTCTAA-1","L4"
"GTATTAGGGTTCGCGT-1","L3"
"GTATTCTGAGAAACGA-1","L6"
"GTATTCTTACCGTGCT-1",NA
"GTATTTAATGGCATAA-1","L5"
"GTCAAAGAAGTGGTGT-1","L6"
"GTCAAAGTTTACATAG-1","L3"
"GTCAACCAGGCCTATA-1","L6"
"GTCAAGCGGACTCGGG-1","L5"
"GTCAATTGTACTGAAG-1","L3"
"GTCACAAAGTTTCCAA-1","L3"
"GTCACCTGTCTATGTC-1","L3"
"GTCACTCTCCAAATCT-1","L5"
"GTCAGAATAGTCTATG-1","L5"
"GTCAGTTGTGCTCGTT-1","L3"
"GTCAGTTTGGTAGTCG-1","L4"
"GTCATGCACCTCCGTT-1","L4"
"GTCATGCGCGAGGGCT-1","L6"
"GTCATGGACATGACTA-1","L3"
"GTCATTAGAGCGAACG-1","L5"
"GTCATTGCATTGACCC-1","L5"
"GTCCAATATTTAGCCT-1","WM"
"GTCCACGTCGCATTCG-1","L6"
"GTCCAGGCACGTGTGC-1","WM"
"GTCCATTACTGCTACG-1","L4"
"GTCCCAACGTAAAGTA-1","L4"
"GTCCCGCGACGTTATG-1","L6"
"GTCCGAGAGCAATCAT-1","L4"
"GTCCGGACCTGAAATT-1","L6"
"GTCCGGCTGAATTGCG-1","L5"
"GTCCGGGTTCACATTA-1","WM"
"GTCCTACAGGCGGCTC-1","L3"
"GTCCTACGAATAGTCT-1","L6"
"GTCCTATTGTTGTGGT-1","L4"
"GTCCTTCTACAACCCA-1","L3"
"GTCCTTCTAGTGGGTT-1","L3"
"GTCCTTTAATGACTTC-1","L3"
"GTCGAATTTGGGCGCT-1",NA
"GTCGATAGGTGACTTT-1","L5"
"GTCGCCGTTGTGTGTT-1","WM"
"GTCGCGTAACCCGTTG-1","L5"
"GTCGGAAGGATACCAG-1","L3"
"GTCGGATATCTCAGAC-1","L5"
"GTCGGATGTAGCGCGC-1","L3"
"GTCGGGAAGCAGAAAC-1","WM"
"GTCGTACCATCTCGGG-1","L6"
"GTCGTACCTACGATTG-1","L5"
"GTCGTATTGGCGTACA-1","L3"
"GTCGTCAATTATAAGG-1","L3"
"GTCGTCTGGTTGGCTA-1","L3"
"GTCGTGTCTGGTCATC-1","L3"
"GTCGTTATTCGCTTAT-1","L6"
"GTCTAAGATGCCCAGC-1","L3"
"GTCTACTCAATTACAA-1","L5"
"GTCTAGTGAGCCGCTT-1","L6"
"GTCTATCTGAGTTTCT-1","L6"
"GTCTATTGCATGCTCG-1","L6"
"GTCTATTGGTTCCGGT-1","L6"
"GTCTCAAGGCCCGGCT-1","WM"
"GTCTCCTGCCAGTATG-1","L6"
"GTCTCGACTAAGTTTG-1","L3"
"GTCTCGATCTGCTTTC-1","L3"
"GTCTGGGCGGTCGAGA-1","L6"
"GTCTTAGTACAGCCGG-1","L3"
"GTCTTCCTCACCTAAG-1",NA
"GTCTTGAGGAGCAGTG-1","L3"
"GTCTTGTAGCTATTCA-1","L4"
"GTGAAACGGCGCCACC-1","L3"
"GTGAAACGTGCTCCAC-1","L3"
"GTGAACTCCCATTCGA-1","L3"
"GTGAAGATTTCAAGTG-1","L3"
"GTGAAGCCGTATAGTC-1","L3"
"GTGAAGTCACGACTCG-1","L5"
"GTGACAGCTTCCCACT-1","WM"
"GTGACCGCACACTACG-1","L4"
"GTGACCTAAAGAATAA-1","L3"
"GTGACGAGGGTGACCC-1","L3"
"GTGACGCAGGTTTCAT-1","WM"
"GTGACTTCAGTAGTGC-1","L6"
"GTGAGATAACCTTATA-1","WM"
"GTGAGCGTGCTGCACT-1","L5"
"GTGAGGACACTTAAGG-1","L5"
"GTGAGGAGCGGTTGAG-1","L3"
"GTGAGTCTAAGACGGA-1","L4"
"GTGAGTGGTACAACGC-1","L6"
"GTGATCAAGCGTGCAC-1","L6"
"GTGATCACTAACGCCT-1","L5"
"GTGATCATAGATCTGC-1","L6"
"GTGATCCTTGTCATGA-1","WM"
"GTGATGCACAACATCT-1","L3"
"GTGATTCGCCGCTCAA-1","L6"
"GTGCAACAAATGTGGC-1","L3"
"GTGCACCAGCTTCAAC-1","WM"
"GTGCACGAAAGTGACT-1","L3"
"GTGCAGCGTAGAGTAG-1","L5"
"GTGCCATCACACGGTG-1","L6"
"GTGCCCGTTCGGATTC-1","L5"
"GTGCCGCTTCAAAGGT-1","L6"
"GTGCCTAGCTATGCTT-1","L3"
"GTGCCTCAGTGTACGG-1","L3"
"GTGCCTGAGACCAAAC-1","WM"
"GTGCGAAATCGAACAC-1","L6"
"GTGCGACAGGGAGTGT-1","L3"
"GTGCGCAGCTTGCTCC-1","L3"
"GTGCGGGTCTCCAAAT-1","L3"
"GTGCGTGTATATGAGC-1","L5"
"GTGCTCAAGTACTGTC-1","L5"
"GTGCTGCAGATAAGGA-1","L5"
"GTGCTTACATCAGCGC-1","L4"
"GTGGAACCTACATGCG-1","L3"
"GTGGACCAACCCGATT-1","L6"
"GTGGACGCATTTGTCC-1","WM"
"GTGGACGTGCTGAGAC-1","L3"
"GTGGAGCATGTCGGCC-1","L3"
"GTGGAGCGTTTACCGA-1","L6"
"GTGGAGTCGGCGGTTG-1","L6"
"GTGGCAAACAGCGGCA-1","L6"
"GTGGCGGTCCCAGCGT-1","L5"
"GTGGCGTGCACCAGAG-1","L3"
"GTGGGAAGACTGAATC-1","L5"
"GTGGGCTTAGACACAC-1","L5"
"GTGGTATAGTCTGCCG-1","WM"
"GTGGTCAGCGAAGTAT-1","L3"
"GTGGTGGCCAAGTGAA-1","L5"
"GTGGTTACTTCTTTCG-1","L3"
"GTGGTTTCCGCCTTTC-1","L6"
"GTGTACCTTGGCTACG-1","L3"
"GTGTATATCAGCGGGC-1","WM"
"GTGTCAGTGTACGTGG-1","WM"
"GTGTCCGATAAGGCAT-1","L3"
"GTGTCGTATAGCGTTC-1","L6"
"GTGTCGTATTCACCTT-1","L3"
"GTGTGAATAACTTAGG-1","L3"
"GTGTTACTATGCGTCC-1","L5"
"GTTAAAGTAGGACTGG-1","L6"
"GTTAACATCACTTAAA-1","L6"
"GTTAACTATGTTGTCA-1","L4"
"GTTAAGGGTGCGATGT-1","WM"
"GTTAAGTTAGAGTGGG-1","L3"
"GTTAATGTCTATCTTA-1","L4"
"GTTACAATTGGTGACG-1","L5"
"GTTACCTACAACTTGC-1","L6"
"GTTACGGCCCGACTGC-1",NA
"GTTACTTTGGGCCTAG-1","L6"
"GTTAGAGTGTGCCGCT-1","L3"
"GTTAGCCCATGACATC-1","WM"
"GTTAGCCGTAAATCAA-1","L3"
"GTTAGGCTACCCGTTT-1","L6"
"GTTATAATACGGTGAA-1","L5"
"GTTATATCAGGAGCCA-1","L3"
"GTTATATTATCTCCCT-1","L6"
"GTTATCACCTTCTGAA-1","L3"
"GTTATTAAATACGACC-1","L3"
"GTTATTAACGTGGGAG-1","L4"
"GTTCAAATCAGATGTC-1",NA
"GTTCAATCTATGTCAA-1","L3"
"GTTCACAGGAGTCTAG-1","L5"
"GTTCATCGTTTGGCTG-1","L3"
"GTTCCAAGACAGCGAC-1",NA
"GTTCCAGTCTGACCAT-1","L3"
"GTTCCCGTAAACATAT-1","L6"
"GTTCCGTCCGCCTGCA-1","WM"
"GTTCGCCATAAGTGCC-1","L5"
"GTTCGCTGAGACGTCT-1","L5"
"GTTCGGAGCACTCAAC-1","L6"
"GTTCGGATCGGGAACA-1","L4"
"GTTCGGGCGTACCATT-1","L3"
"GTTCGTCTAAAGAACT-1","L6"
"GTTCTTCCCTCGATGT-1","L3"
"GTTGAACCGGTTCCAT-1","L6"
"GTTGAGTCCCGCCGGT-1","L6"
"GTTGCACGGAGTTTCG-1","L4"
"GTTGCGCTAACATTAC-1","L3"
"GTTGCGGACGGTCAGG-1","L5"
"GTTGGACCGCATCAGG-1","L3"
"GTTGGATTCAGTGGCT-1","L3"
"GTTGGATTGAGAACAC-1","L3"
"GTTGGATTTGCGTTGG-1","L5"
"GTTGGTCATGCTATCC-1","WM"
"GTTGTCGTGTTAGTTG-1","L3"
"GTTGTTACATTGCGCT-1","L3"
"GTTGTTGCAAGATGGC-1","L6"
"GTTTACGTTCCATCTG-1","L6"
"GTTTATGGGATTTAGA-1","L3"
"GTTTCAAACGAGTTGT-1","L6"
"GTTTCATATCGTCGCT-1","L5"
"GTTTCCTGGAGGGTGA-1","L4"
"GTTTCTGCAGTCTCCC-1","L5"
"GTTTGACCAAATCCTA-1","L5"
"GTTTGGCCCAAGTTAT-1","L5"
"GTTTGGCCGCTCAGCG-1","L3"
"GTTTGGCGTCAGGCAC-1","L3"
"GTTTGGGCTTGTGAGC-1","L6"
"GTTTGGGTTTCGCCCG-1","L6"
"GTTTGGTAGGGTCAAC-1","L6"
"GTTTGGTGATCGGTGC-1","WM"
"TAAACCCAGGAGGGCA-1","L6"
"TAAACGTCGTCAATGA-1","L3"
"TAAAGACAACCCTTTA-1","L3"
"TAAAGAGCCCGAAACC-1","L3"
"TAAAGCGGTATTTCCA-1","WM"
"TAAAGCGTTAGGAGAA-1","L3"
"TAAAGCTGCAATAGGG-1","L3"
"TAAATCTTTACACCTC-1","L3"
"TAAATGAATCCGTTTC-1","L5"
"TAAATGCCGTCTCATG-1","L3"
"TAACAAAGGGAGAAGC-1","L4"
"TAACAATATTTGTTGC-1","L5"
"TAACAGCGTTTGTGCT-1","WM"
"TAACATACAATGTGGG-1","L5"
"TAACATACACGCGATC-1","L6"
"TAACCGCCCGCAGTGC-1","L3"
"TAACCTACCGTCCGAG-1","L3"
"TAACCTAGGGAGTCCA-1","L6"
"TAACGCTTTGAGAGCG-1","L5"
"TAACTATCGAAGGTCC-1","L5"
"TAACTATTACGCCAAA-1","L3"
"TAACTCATCCGCGCGG-1","L6"
"TAACTCCATGGAGGCT-1","L4"
"TAAGAGGGACAGGGAC-1","L6"
"TAAGCAGGCGACACGC-1","L5"
"TAAGCCCTTACGACCA-1","L3"
"TAAGCGCGAATCAAAT-1","L6"
"TAAGGAACTTGTGGGA-1","L3"
"TAAGGCAACATAAGAT-1","L3"
"TAAGGCATAACATCAA-1","WM"
"TAAGGCCCGTCACCCT-1","WM"
"TAAGGCTGAATCCCTC-1","L5"
"TAAGGGCCTGTCCGAT-1","L6"
"TAAGGGCTGGGAGAGG-1","L5"
"TAAGTAAATGTGCCGC-1","L3"
"TAAGTAACATCTTGAC-1","L6"
"TAAGTCGCCGAGTATC-1","L6"
"TAAGTTGCGACGTAGG-1","L6"
"TAATAAACAAGGAGAT-1","L3"
"TAATACACAGTAGTAT-1","L3"
"TAATACTAGAACAGAC-1","WM"
"TAATAGAACAGAGTTA-1","L6"
"TAATAGGTCACCAGAA-1","L6"
"TAATAGTGACGACCAG-1","L3"
"TAATATTGAAATTCGC-1","L3"
"TAATCAACCAAATGGG-1","L5"
"TAATCAGGAATGCTGC-1","L3"
"TAATCGATCCGTACGT-1","L3"
"TAATGAAAGACCCTTG-1","L4"
"TAATTACGTCAGTAGA-1","L6"
"TAATTAGATGGATATG-1","L3"
"TAATTAGGACATCCGT-1","L4"
"TAATTGGAATCGGGAA-1","L3"
"TACAAATTGCGGAGGT-1","L3"
"TACAACGCACAACTCA-1","L6"
"TACAAGCTGTTCACTG-1","L3"
"TACAAGTCTCGTGCAT-1","L5"
"TACACCGTCGTTAGTC-1","L3"
"TACAGAAACGGTGGGC-1","L6"
"TACATAGGCATACACC-1","L5"
"TACATCCCTATCCCTG-1","L5"
"TACATCTTGTTTCTTG-1",NA
"TACATGACCTTATCCG-1",NA
"TACATGCCGGAATTGT-1","L5"
"TACATTTCTAACGTGC-1","L5"
"TACCAAATAGCCCAGA-1","WM"
"TACCAATAAAGTACCA-1","L6"
"TACCAGAAGTAGGTTC-1","L6"
"TACCAGCTAGGTTTAA-1","L3"
"TACCAGGAATCCCGTC-1","WM"
"TACCGAATAATTGTAA-1","L6"
"TACCGCGGACTTGCAG-1","L3"
"TACCGGCTCACTGCCC-1","L6"
"TACCGGTCGTTTCCAT-1","L6"
"TACCGTAGGTTAACTA-1","WM"
"TACCGTGCCTCGGACC-1","L6"
"TACCTACTCCCAGTAT-1","WM"
"TACCTCACGCTTGTAC-1","L3"
"TACCTCAGTTGTCTGT-1","WM"
"TACCTCCACACCAATG-1","L6"
"TACCTGCTGCACTGTG-1","L5"
"TACCTTAAGATTTCCC-1","L6"
"TACGAACACGACTTCA-1","L5"
"TACGACGCTTGCTGCG-1","L6"
"TACGACTGCCTCTTAG-1","L6"
"TACGAGAACTTCACGT-1","L5"
"TACGATCCAAGCCACT-1","L3"
"TACGATGTTGATCATC-1","L5"
"TACGCAGTTCTTTCCT-1","L6"
"TACGCCATATTCTAAT-1","L5"
"TACGCCGAGGGTACCC-1","L6"
"TACGCCTCCATTCCGA-1","WM"
"TACGCTATAGAAACCT-1","L3"
"TACGCTCGGTATTGGA-1","L6"
"TACGCTGCTGTGTTAA-1","L6"
"TACGGAAGCCAAACCA-1","WM"
"TACGGCATGGACGCTA-1","L6"
"TACGGGATGCTAGCAG-1","L3"
"TACGTAAAGCGGAGTG-1","L6"
"TACGTACTAGTGCTGA-1","WM"
"TACGTGCACTATGCTG-1","L4"
"TACGTGGGCCCAGGGC-1","WM"
"TACGTTTACCGGCAAT-1","L6"
"TACTATGGTTCCTCAG-1","WM"
"TACTCCTCTAGTTGAC-1","WM"
"TACTCGGCACGCCGGG-1","L5"
"TACTCTCCGAACAAAT-1","L3"
"TACTCTTACTTTACTG-1","L6"
"TACTCTTTCGTCTTCA-1","WM"
"TACTGAACAGATTTAG-1","WM"
"TACTGCAATCAATTAC-1","L3"
"TACTGGACAGCTCGGC-1","L5"
"TACTGTTTCTCTGGTA-1","L4"
"TACTTAAACATGTACA-1","L6"
"TACTTGTTAGTAGTCC-1","L4"
"TACTTTACTGAGCCGG-1","L3"
"TACTTTCCGCACGCCA-1","L6"
"TAGAAACCACTAAGTA-1","L3"
"TAGAAAGGTGGCGCTA-1","L3"
"TAGAAATTCACGTATA-1","L5"
"TAGAATAGCCGATGAA-1","L6"
"TAGAATTAAGGGCAAC-1","L3"
"TAGACGAAACGCCAAT-1","WM"
"TAGACGCCCGTACCGG-1","L3"
"TAGACTACCTAGCGTT-1","L3"
"TAGAGATCATGCAACT-1","L6"
"TAGAGCTACGAAGAAC-1","L3"
"TAGAGGTTCTACTTGT-1","L6"
"TAGAGTCTAAGCGAAC-1","L5"
"TAGATATGGACTGGAA-1","L6"
"TAGATCCGAAGTCGCA-1","L3"
"TAGATGGTTCCTTACT-1","L6"
"TAGATTCAAAGTGCGG-1","WM"
"TAGATTCCTGGTTATT-1","L5"
"TAGCAACCTGTCACAA-1","L4"
"TAGCAGTAAATACGCG-1","L3"
"TAGCAGTATGACTAAA-1","L6"
"TAGCCATTTCAAAGTC-1","L5"
"TAGCCGGCGGTCAGCG-1","L3"
"TAGCGTCCCTCGATTG-1","L4"
"TAGCGTCCGGTGTGGT-1","L6"
"TAGCGTTGGGTCTTAC-1","L5"
"TAGCTAAGTCCGGGAG-1","L4"
"TAGCTAGAAGGCATGA-1","L6"
"TAGCTAGTGATGATGG-1","WM"
"TAGCTCAGATCCTAGT-1","L3"
"TAGCTCGCCTGATAAC-1","L6"
"TAGCTGATGTGAAGCG-1","L5"
"TAGGAACAGCCTCCAG-1","L3"
"TAGGCATGTTACGCCA-1","L3"
"TAGGCCTATATAGTCT-1","L6"
"TAGGCGATGAGGTCTC-1","L6"
"TAGGCGGCTGCAAAGA-1","L6"
"TAGGCTAAAGTGGCAC-1","L6"
"TAGGGAGCTTGGGATG-1","L3"
"TAGGGTGTTTCAAGAG-1","L3"
"TAGGTCCAAGTAAGGA-1","L5"
"TAGGTCGCCGGAACTG-1","L3"
"TAGGTGACGATAACCT-1","WM"
"TAGGTGAGCCCTACTC-1","L5"
"TAGGTGCTCGCCTAGC-1","L5"
"TAGGTGTTCCACAGAT-1","WM"
"TAGGTTCGAGTTCGTC-1","L5"
"TAGTACCACAACTTTC-1","L6"
"TAGTACCTTAGTGGTC-1","L4"
"TAGTAGCTTATACCAG-1","WM"
"TAGTCCCGGAGACCAC-1","WM"
"TAGTCCGCAGAGAATG-1","L5"
"TAGTCCGTATGCATAA-1","L3"
"TAGTCGATCACGGGTT-1","L5"
"TAGTCTAACAACGAGA-1","L6"
"TAGTCTGTGACGTTGC-1","L3"
"TAGTCTTTCCGAATTG-1","L5"
"TAGTGAGAAGTGGTTG-1",NA
"TAGTGCCCTCCAGAGT-1","L5"
"TAGTGGAACTCATACA-1","L3"
"TAGTGTCAGAAACGGC-1","L4"
"TAGTTAAGATAGGATA-1","L3"
"TAGTTTATTCTTGCTT-1","L3"
"TATAAATCCACAAGCT-1","L4"
"TATAAGTGAGGATAGC-1","L4"
"TATACACAGACGCCTT-1","L6"
"TATACACGCAAAGTAT-1","L3"
"TATACCGAGTGCCACA-1","L5"
"TATACGCGTCATCACT-1","WM"
"TATACTCATGCGGCAA-1","L3"
"TATAGAGTCGCTTGAA-1","WM"
"TATAGATGGTCGCAGT-1","L4"
"TATAGCGCACGTTATC-1","L5"
"TATAGGGTACTCATGA-1","L5"
"TATATAGGGCTTTACG-1","WM"
"TATATATCGAGAAATG-1","L6"
"TATATCATTGATCAGT-1","L4"
"TATATCCCTGGGAGGA-1","L3"
"TATATGCTGGGTTGCC-1","L3"
"TATATTACAAATGTCG-1","L3"
"TATATTCGCGTCGATA-1","L3"
"TATCAAAGGTCTGTAA-1",NA
"TATCACAGCACGGGCA-1","L3"
"TATCACCATGTAAAGT-1","L3"
"TATCACCCAACCGACC-1","L3"
"TATCACTTCGAGTAAC-1","L3"
"TATCAGTGGCGTAGTC-1","L6"
"TATCCAATTGGTTATC-1","L6"
"TATCCATATCATGCGA-1","L3"
"TATCCATCTCGGTTAG-1","L6"
"TATCCGCACCGTCGGG-1","WM"
"TATCCTATCAACTGGT-1","WM"
"TATCCTGCATGGGAAT-1","L3"
"TATCGATCTATGCATA-1","L3"
"TATCGATGATTAAACG-1","L4"
"TATCTACAGAGGTAAT-1","L5"
"TATCTACCACAGCGGG-1","L6"
"TATCTAGCCTAAAGGA-1","L5"
"TATCTGAGCCGATATT-1","L6"
"TATCTTGCAATACAAC-1","L6"
"TATGAAGAATTAAGGT-1","L6"
"TATGAAGACAGGTGCG-1","L5"
"TATGATAAATCTAACG-1","L3"
"TATGATCCGGCACGCC-1","L3"
"TATGATCTTCTCTTTA-1","L6"
"TATGCTCCCTACTTAC-1","L3"
"TATGGAGTTTCTCGTT-1","L3"
"TATGGATGTGCTACGC-1","L4"
"TATGGCCCGGCCTCGC-1","L5"
"TATGGCTAGGCTAATT-1",NA
"TATGGGACCGAGCAGG-1","L5"
"TATGGGTACGTATCGT-1","L5"
"TATGGTCTGAGTAACA-1","L5"
"TATGGTTAGTGGGAGA-1","L4"
"TATGTAAAGTGCTTAA-1","WM"
"TATGTCAAGACCGACT-1","L3"
"TATGTCTCATTGTGCC-1","L3"
"TATTAACACCAAAGCA-1","L6"
"TATTAACCTGACCGCG-1","WM"
"TATTACCATCCTGCTT-1","L4"
"TATTATGTTTGCCTGC-1","L6"
"TATTCAATTCTAATCC-1","L4"
"TATTCCACTCAGCTCG-1","L6"
"TATTCCGAGCTGTTAT-1","L6"
"TATTCCGGCAGTCCTA-1","L3"
"TATTCCTCCGCCCACT-1","L6"
"TATTCGTGCCAGAATA-1","L5"
"TATTGACATTTCTGCC-1","L3"
"TATTTAGTCTAGATCG-1","L3"
"TATTTATACCGAGTAG-1","L3"
"TATTTGATTTGCACAG-1","L5"
"TATTTGTTACCCTTTA-1","L4"
"TCAAACAACCGCGTCG-1","L3"
"TCAAACAATTAGGACA-1","L3"
"TCAAACTTAGATTGTT-1","L4"
"TCAAATTGTTGTGCCG-1","WM"
"TCAAATTTGAGACTCA-1","WM"
"TCAACAAAGATAATTC-1","L6"
"TCAACACATTGGGTAA-1","L3"
"TCAACATAGCGCCCTA-1","WM"
"TCAACATCGACCGAGA-1","L5"
"TCAACCATGTTCGGGC-1","L4"
"TCAACGAGGAGACAAA-1","L6"
"TCAACGCAGGAAATAA-1","L6"
"TCAACGCGACCGGCAG-1","L5"
"TCAACTAACGTATAAC-1","L5"
"TCAACTGCAGAGTCAG-1","L6"
"TCAAGAAATACTAGCT-1","L3"
"TCAAGCGCGGACGGTA-1","L6"
"TCAAGCTGCCTTGAAA-1",NA
"TCAAGGTTACTACACC-1","L5"
"TCAATACAATTGCTGC-1",NA
"TCAATACGCCGTCATG-1","WM"
"TCACAAACCGAGGTAC-1","L6"
"TCACAGATCCTCAAAC-1","L3"
"TCACAGCAAACTCGAA-1","L6"
"TCACAGGAGAATAAGA-1","WM"
"TCACAGGGAATCGCAA-1","L6"
"TCACAGGTTATTGGGC-1","L5"
"TCACATCTTATCTGAT-1","L5"
"TCACCCTCTTAAGATT-1","L6"
"TCACCGCTCGGCACTC-1","L3"
"TCACGATGTCCGTGGA-1","L6"
"TCACGCATTGTAGATC-1","L5"
"TCACGGCCCAAGAGAG-1","L6"
"TCACGGTCATCGCACA-1","L4"
"TCACGTGCCCGATTCA-1","L5"
"TCACTACGACCAATGC-1","L3"
"TCACTCGTGCAACGGC-1","L3"
"TCACTCTTCGTCTGTC-1",NA
"TCAGAACCTCCACAGG-1","L3"
"TCAGACGCTATAGAAG-1","L6"
"TCAGATGGAGACGTAG-1","L3"
"TCAGCAAATGCATCTC-1","L4"
"TCAGCAGTAGGCCCTG-1","WM"
"TCAGCCAATCCGTAAA-1","L6"
"TCAGGGCGACTTCCTT-1",NA
"TCAGGGCGCAAACTCG-1","L4"
"TCAGGGTGCACGAAAC-1","L3"
"TCAGGGTGTAACGTAA-1","L3"
"TCAGGTTCTTTGAGAA-1","L5"
"TCAGTACTGACCCGCG-1","L5"
"TCAGTAGGGACTATAA-1","L6"
"TCAGTGTATACGTCAT-1","WM"
"TCAGTTACGGAATGAT-1","L3"
"TCATACTTACAGATCC-1","L4"
"TCATATGAGCTTTGTT-1","WM"
"TCATCACTCGAGCTCG-1","L3"
"TCATCCCAGAGGGTGG-1","L3"
"TCATCCTCAGCTGCTT-1","WM"
"TCATCGATGGTCCCAA-1","L6"
"TCATGCAGGTTCTCAT-1","L3"
"TCATTCGTATAATTTG-1","L3"
"TCATTTAAGTCTCCGA-1","L3"
"TCATTTAGAAGTGTGA-1","L5"
"TCCAACTCAGCTATCT-1","L6"
"TCCAACTTTAAATTCT-1","L6"
"TCCAAGCCTAGACACA-1","WM"
"TCCAATAAAGGCTACC-1","WM"
"TCCACAATGGTTTACG-1","L5"
"TCCACATCGTATATTG-1","WM"
"TCCACCTCTAGCCTTT-1","WM"
"TCCACTTTATCTAGGT-1","L3"
"TCCAGAGCACCGGTTC-1","L5"
"TCCAGATGTACGCCAA-1","L3"
"TCCAGCGCTATAAGCG-1","L5"
"TCCAGGCGAGTACGGT-1","L5"
"TCCAGGGTATATACGA-1","WM"
"TCCATCAATACTAATC-1","L6"
"TCCATTAGTTGGATAG-1","L3"
"TCCATTCCCACTAGAG-1","L3"
"TCCATTGTGACCTCGT-1","L3"
"TCCCAAACAGACAACG-1","L3"
"TCCCAAAGACGAAGGA-1","L4"
"TCCCAAAGCCCTAAAT-1","L3"
"TCCCACGGAGGGAGCT-1","L3"
"TCCCACTCTCTTCCGG-1","L3"
"TCCCAGCACACGACAT-1","L5"
"TCCCAGCTTTAGTCTG-1","L5"
"TCCCAGGCTTAGCTAA-1","L5"
"TCCCGCCTATGTGCGT-1","L3"
"TCCCGCGTACTCCTGG-1","L3"
"TCCCGGGTGTGCTGCT-1","L5"
"TCCCGGTCAGGAATTT-1","L3"
"TCCCGTCAGTCCCGCA-1","L3"
"TCCCGTCGCGTCATAG-1","L3"
"TCCCGTGTGCAATTTG-1","L5"
"TCCCTAGATCAATAGG-1","L3"
"TCCCTCTTCTCAAGGG-1","L6"
"TCCCTGGCGTATTAAC-1","L6"
"TCCCTGGCTCGCTGGA-1","L5"
"TCCCTTAGATTACTCG-1","L3"
"TCCGAACGTTGCCGCT-1","L5"
"TCCGAACTTGGCTTAC-1","L5"
"TCCGAAGTAGTCACCA-1","L3"
"TCCGAATGGTCCTGAG-1","L3"
"TCCGAGAAGGCTAAGC-1","L3"
"TCCGATAATTGCCATA-1","L3"
"TCCGATGACTGAGCTC-1","L3"
"TCCGATGGTGCGACAT-1","L4"
"TCCGATTACATTGCCG-1","L5"
"TCCGCCTGTCTACAAG-1","L6"
"TCCGCGGCAGCATCTG-1","L4"
"TCCGCGGCCCAATGAA-1","L6"
"TCCGCTGTCATCCCGG-1","L6"
"TCCGCTTATCCCATTA-1","L6"
"TCCGGAGGAAGGGCTG-1","L3"
"TCCGGCCTAGCGTACA-1","L3"
"TCCGGCCTGCATCGAT-1","L3"
"TCCGGGCTTGACGGGA-1","L6"
"TCCGGTTCGTCCGGTC-1","L6"
"TCCGTAACCACAATCC-1","L3"
"TCCGTTAAGCTAATAT-1","L6"
"TCCGTTTAGCCTTGAA-1","L3"
"TCCTAAAGATTCAGAC-1","WM"
"TCCTAAATTGGGAAGC-1","WM"
"TCCTAACCGTCGGGCA-1","WM"
"TCCTACATCCACGGCC-1","L5"
"TCCTAGCAAAGAAGCT-1","L6"
"TCCTATCATAGGTAAC-1","L4"
"TCCTCCTAAGACATTC-1","L6"
"TCCTCGGGCTGGGCTT-1","L5"
"TCCTCTACGAGATGGC-1","L5"
"TCCTCTCCAGTTGTCC-1","L5"
"TCCTCTGGCCCATTAG-1","L3"
"TCCTGCCAACTGGAGA-1","L3"
"TCCTGCGTTGATACTC-1","L5"
"TCCTGGCGCTGCCTGG-1","L3"
"TCCTTACGACGGTCCG-1","L5"
"TCCTTCAGTGGTCGAA-1","L3"
"TCCTTGTCCTTTAATT-1","WM"
"TCCTTTAAATCCGCTT-1","L6"
"TCCTTTCTTACGCTTA-1","L4"
"TCGAAATTTAGGACCA-1","L5"
"TCGAAGAACCGAGCAC-1","L5"
"TCGAATATCCCGCAGG-1","L6"
"TCGACAACTGAACCCG-1","L6"
"TCGAGACCAACACCGT-1","L5"
"TCGAGCCAGGCAGGCC-1","WM"
"TCGAGGGCAACAGACG-1","L5"
"TCGATAGGCTAGTCGC-1","L3"
"TCGCAAAGATGCATTT-1","L6"
"TCGCACCAGGAGGCAG-1","L6"
"TCGCATAAAGGGCGCA-1","L6"
"TCGCATCCCTAAGTGT-1","L3"
"TCGCATTCAATGACTT-1","L3"
"TCGCCCAACTGACTCC-1","L3"
"TCGCCGAAGTTGCGTC-1","L6"
"TCGCCGACATATTCGC-1","WM"
"TCGCCGGATGGGCAAG-1",NA
"TCGCCGGTCGATCCGT-1","L3"
"TCGCGTAGCAGTGTCC-1","L6"
"TCGCGTCCAGAAGGTC-1","L5"
"TCGCTAAACCGCTATC-1","L3"
"TCGCTACTGGCTTTGA-1","WM"
"TCGCTCGATATATTCC-1","L4"
"TCGCTCGGCACCAGCG-1","L3"
"TCGCTGCCAATGCTGT-1","WM"
"TCGCTGGGCGGATTGT-1","L3"
"TCGCTGTGCGTAAATC-1","L3"
"TCGCTTAATTACGAAG-1","L3"
"TCGCTTTAAACGTTTG-1","L3"
"TCGGAATGACCATCAA-1","L3"
"TCGGAATGCGCTCTGA-1","L5"
"TCGGACGCCCAGCCCA-1","L4"
"TCGGAGAGTATCGGGA-1","L6"
"TCGGAGTACATGAGTA-1","L4"
"TCGGCGAACCCAAACC-1","L5"
"TCGGCGGTATTAGATT-1","L3"
"TCGGCGTACTGCACAA-1","L6"
"TCGGCTAACTTCCCTT-1","L3"
"TCGGCTTGTATCGACG-1","L6"
"TCGGGAACGTGCCTAG-1","L3"
"TCGGGAGACAGCGTAC-1","WM"
"TCGGGATTCAAACATA-1","L5"
"TCGGGCCGTCGTGGTA-1","L5"
"TCGGGTGAAACTGCTA-1","L3"
"TCGGTCCCGACAATAG-1","L6"
"TCGGTCCCTGACTCCA-1","L3"
"TCGGTGACCGCTCCGG-1","L3"
"TCGGTTAGCCATGTAG-1","L3"
"TCGTAAGACGACATTG-1","L3"
"TCGTAAGCTCCGAGGA-1","L3"
"TCGTACCGACGTCAAG-1","WM"
"TCGTATAGTGCAATTA-1","L3"
"TCGTATCACCAAGCTA-1","L3"
"TCGTATTACCCATTGC-1","L5"
"TCGTATTTCGTCCGGA-1","L3"
"TCGTCAAGTACGCGCA-1","WM"
"TCGTCACACTGTTAGC-1","L5"
"TCGTCCGCTGGCGTCT-1","L4"
"TCGTCCGGGTACACTC-1","L3"
"TCGTCTTAGGCGTTAA-1","L6"
"TCGTGTACTATGGATG-1","L6"
"TCGTGTATTGGTCACG-1","L5"
"TCGTGTCACGCTGACA-1","L6"
"TCGTGTTCGACCACAA-1","L6"
"TCGTTAGGAGTCCCTA-1","L6"
"TCGTTCGTTATTATGT-1","L3"
"TCGTTGACAGGGTCCC-1",NA
"TCGTTGCTATCCGGTC-1","WM"
"TCGTTGGCTCGTCAAT-1","L3"
"TCTAAAGAACAGTCTC-1","L6"
"TCTAACTGTATGTAAA-1","L4"
"TCTAATACTGCCTCAG-1","L6"
"TCTACACGTTCATGCA-1","L3"
"TCTACCCAATAGAGAG-1","L6"
"TCTACCGTCCACAAGC-1","L3"
"TCTACGGGCTCAGTTG-1","L3"
"TCTAGCAATCTCCGCC-1","L6"
"TCTAGCATCTTCGATG-1","L4"
"TCTAGCATGCCCAGAA-1","L6"
"TCTAGGTGGCGACGCT-1","L3"
"TCTAGTGATATCGTGG-1","L5"
"TCTAGTTATCAGAAGA-1","L5"
"TCTATAGGTGGGTAAT-1","L6"
"TCTATCATGCAGTTAC-1","L3"
"TCTATCGGTCGCAACA-1","L3"
"TCTATGCTATAACGAC-1","L6"
"TCTATTACGCTGGCGA-1","L3"
"TCTATTACTAGAGGAT-1","L5"
"TCTCATGAGATAGGGT-1","L6"
"TCTCCAACGTAGGTTA-1","L3"
"TCTCCACAAGTTGAAT-1","L6"
"TCTCCCTGGGCAGCGT-1","L6"
"TCTCGAACGAGGTCAC-1","L3"
"TCTCGACGTATCGCCG-1","L4"
"TCTCGAGGAGGTTCGC-1","L5"
"TCTCGGCTCCAGGACT-1","L3"
"TCTCTAATAGCTGGTA-1","L3"
"TCTCTCGCCGCACATA-1","L5"
"TCTCTTACCGCGAACC-1","WM"
"TCTGAACCGGTCGGCT-1","L4"
"TCTGAACTCGTACCCG-1","L5"
"TCTGAAGCACGTGGTC-1","L6"
"TCTGAATTCCGTACAA-1","L3"
"TCTGACGGGCTAACCC-1","L3"
"TCTGACTGTAATGGTT-1",NA
"TCTGAGCAATTGACTG-1","L5"
"TCTGATCGGGTGCTAG-1","L3"
"TCTGATGTATTCTGTC-1","L6"
"TCTGATTGGAAATGGA-1","L3"
"TCTGCAGATTCGAGTC-1",NA
"TCTGCATACCTTGCTT-1","L6"
"TCTGCCAGAAACTGCA-1","L5"
"TCTGCGAATCGTTCGC-1","L3"
"TCTGCGTCCGGTTTCT-1","L3"
"TCTGCTTAGAACAAGC-1","L4"
"TCTGGCCGTTCAAGTT-1","L3"
"TCTGGGAACCTTTGAA-1","L4"
"TCTGGGTAGCGCTCAT-1","L6"
"TCTGTCATACAAGAGC-1","L3"
"TCTGTGACTGACCGTT-1",NA
"TCTGTGATGGAGGTTG-1","L3"
"TCTGTGCCATCATAGT-1","L3"
"TCTGTTACCCAGCATA-1","L6"
"TCTTACAGAGGTACCG-1","L3"
"TCTTACCGGAACTCGT-1","L3"
"TCTTACGGCATCCGAC-1","L5"
"TCTTACTTATGCCTCT-1","L5"
"TCTTAGAGCTCCAATT-1","L3"
"TCTTAGAGTGAACTCT-1","L4"
"TCTTCCCATGGGCACA-1","L3"
"TCTTCGAATAGACGTT-1","L5"
"TCTTCGATACCAATAA-1","L4"
"TCTTCGCGGTGAGAGG-1","L6"
"TCTTCTATAACCCGCC-1","L4"
"TCTTGATGCGTAGCGA-1","L4"
"TCTTGCTCCCGATACT-1","WM"
"TCTTGGTAACACCAAA-1","L3"
"TCTTGGTCAATGATAC-1",NA
"TCTTTAAGACTATGAA-1","L3"
"TCTTTAGAGTCTAACA-1","L5"
"TCTTTAGCAGGCGAAC-1","L3"
"TCTTTCCTTCGAGATA-1","L6"
"TCTTTCTCTTAAGGAG-1","L3"
"TGAAACTTATGCAAGC-1","L3"
"TGAAAGGACCTGACTC-1","L4"
"TGAACAAGCAGGGACT-1","WM"
"TGAACTGCTATGACTT-1",NA
"TGAAGAGCGGTCCTAG-1","L3"
"TGAAGTAGCTTACGGA-1",NA
"TGAATACCGACGCGTA-1","WM"
"TGAATATGCTATAAAC-1","L3"
"TGAATGAGATACAGCA-1","L3"
"TGAATGAGTGTTTCCC-1","WM"
"TGAATGTCAGCCGGCC-1","L5"
"TGACACTTCTCTTTGC-1","L3"
"TGACAGGACAAGTCCA-1","L6"
"TGACATCGAGCGGACC-1","L3"
"TGACATGTAACGTGAC-1","WM"
"TGACCAAATCTTAAAC-1","WM"
"TGACCAGCTTCAAAGT-1","L3"
"TGACCCACGTTAGACA-1","L5"
"TGACCCAGCATTCCCG-1","L3"
"TGACGAATATTTCCCT-1","L6"
"TGACGATGCACTAGAA-1","L4"
"TGACTATAATCCTTTC-1","L6"
"TGACTCCGAATCATAC-1","L6"
"TGAGAATGCTTTACCG-1","L3"
"TGAGAGATTTACCACG-1","L5"
"TGAGATCAAATACTCA-1","L3"
"TGAGATTAGGCCCTAA-1","L3"
"TGAGCCATACAGTCTC-1","L6"
"TGAGCGGAAAGTGTTC-1","WM"
"TGAGCTTTAATGACGC-1","L3"
"TGAGGAGTGCCAGCTT-1","WM"
"TGAGGCATGTACTGTG-1","L6"
"TGAGTAAATTAGCGTA-1","L6"
"TGAGTGCCTCTTAAAT-1","L6"
"TGAGTGGTCCGTGACG-1","L3"
"TGAGTTAAAGACATTC-1","L5"
"TGATACATTTAGCCGT-1","WM"
"TGATAGCGGGATTCTA-1","L4"
"TGATCACCACACTGAC-1","WM"
"TGATCAGGGAACTGCT-1","L6"
"TGATCCCAGCATTAGT-1","L3"
"TGATCGGTTTGACCCT-1","L4"
"TGATCTACGCTGATCT-1","L3"
"TGATCTCCGGCGCCAG-1","L5"
"TGATGCTCACGTAGTC-1","L3"
"TGATGGCTGTTTCTGA-1","L3"
"TGATGTCAATTAAGTG-1","L6"
"TGATTATGGCACGCAG-1","L3"
"TGATTCAGGTCCCGCG-1","L5"
"TGATTCCCGGTTACCT-1","WM"
"TGATTCGTCTATCACT-1","L5"
"TGATTCTGTCGCCGGT-1","L6"
"TGATTTATTAGCTGTG-1","L5"
"TGATTTCCTCCTGACG-1","L3"
"TGCAAAGTTCGTCTGT-1",NA
"TGCAACCCATCTGCGG-1","L6"
"TGCAAGAATGACGTAA-1","L4"
"TGCAATCTAACACGGT-1","L6"
"TGCAATTTGGGCACGG-1","L3"
"TGCACAGTGAAGTTAT-1","L3"
"TGCACGAGTCGGCAGC-1","L3"
"TGCACTATGTGAGTGC-1","L3"
"TGCAGAACTATATCGT-1","L5"
"TGCAGAGTACCGAGCA-1","L5"
"TGCAGATCGTCCTAGG-1","L5"
"TGCAGCTACGTACTTC-1","L5"
"TGCAGGATCGGCAAAG-1","L3"
"TGCAGTGAGGCTCGGG-1","L3"
"TGCAGTGGTAGGGAAC-1","L6"
"TGCAGTTTCCTCCCAT-1","L5"
"TGCATATGTCTGTCAC-1","L4"
"TGCATCTCCGGATCTT-1","L3"
"TGCATGGATCGGATCT-1","L3"
"TGCATGGCAGTCTTGC-1","L3"
"TGCATGTGACCCATAG-1","WM"
"TGCATGTGGTAATCTA-1","L3"
"TGCCAAAGTCAGACTT-1","L5"
"TGCCAATGGGTACTCT-1","WM"
"TGCCACCTGGCGAAAC-1","L3"
"TGCCAGTACGTGGAGA-1","L6"
"TGCCATGGCTTATAAG-1","L3"
"TGCCATTACTAAAGAA-1","L3"
"TGCCCGTACCGTTAAA-1","L6"
"TGCCGAAAGCGTATTC-1","L3"
"TGCCGGATGTACGAGC-1","WM"
"TGCCGTGGATCGTCCT-1","WM"
"TGCCTAATTGAAGATT-1","L6"
"TGCCTGACATCGGTCA-1","L3"
"TGCCTGATCAAACGAT-1","L3"
"TGCCTTGGCCAGGCAA-1","L6"
"TGCGAATATGGGATTT-1","L5"
"TGCGACACCCTAGTGC-1","L6"
"TGCGACGGCCGAACGT-1","L6"
"TGCGAGAATATTACCC-1","L6"
"TGCGAGATGGCGGCCA-1","L3"
"TGCGAGCCCTTCCGCG-1","L3"
"TGCGATGCTAATGGCT-1","L3"
"TGCGCAAAGCATTTGG-1","L4"
"TGCGCGATTAACGGAG-1","L5"
"TGCGGACTTGACTCCG-1","WM"
"TGCGGAGTAAAGGTGC-1","L3"
"TGCGGCATAGTTCAAC-1","L3"
"TGCGGGTATTGGGATC-1",NA
"TGCGGTCTACGAGTAA-1","L3"
"TGCGGTGAAATTTCAT-1","L3"
"TGCGTAAGAACCTGAT-1","L6"
"TGCGTACGGCTAATTG-1","L6"
"TGCGTCATGACTGAGC-1","L6"
"TGCGTGATTGGGTGTC-1","L3"
"TGCGTTTGTTGACACT-1","L5"
"TGCTAAGTGTCTATTT-1","L6"
"TGCTATACAAACGGAC-1","L3"
"TGCTCACACAACAACC-1","L3"
"TGCTCCACAGTTCTTA-1","L5"
"TGCTCGGCGAAACCCA-1","WM"
"TGCTCGGTGGGTCACC-1","WM"
"TGCTCTGCCGGTTCAC-1",NA
"TGCTCTTGAGAGTTTG-1","WM"
"TGCTGCGTCAGAGTTA-1","L3"
"TGCTGGTTGGACAATT-1","L4"
"TGCTGTTGAAGAACTC-1","L5"
"TGCTTAGAGAGAATGC-1","L6"
"TGCTTCCCAAGCAGTA-1","WM"
"TGGAAACGGAGTGAAC-1",NA
"TGGAACCACTGACACA-1","L3"
"TGGAAGAAGGGAACGT-1","L5"
"TGGAAGACGAACACCA-1","L3"
"TGGAAGGATAAAGATG-1","L3"
"TGGAATATCCTTGACC-1","L3"
"TGGAATTAGACGCTTT-1","L5"
"TGGACACCGTTGCTTG-1","L3"
"TGGACCAATCTAAGAT-1","WM"
"TGGACCACGGCGTTGA-1",NA
"TGGACGCAATCCAGCC-1","L6"
"TGGACTGTTCGCTCAA-1","L5"
"TGGAGCTAAAGTTCCC-1","L3"
"TGGAGTGATGCGATGA-1","L5"
"TGGATAGAGTAACAGA-1","L3"
"TGGCAAACTAAATTAC-1","L6"
"TGGCAACTCGCGCGCC-1","L3"
"TGGCAAGCACAAGTCG-1","WM"
"TGGCAATGGGACGGCG-1","L6"
"TGGCACGAGCTCGAGT-1","L3"
"TGGCAGATTACGATCA-1","L6"
"TGGCAGCAGTAATAGT-1","L5"
"TGGCATGAAGTTTGGG-1","L6"
"TGGCCAAACTGAAGTA-1","L3"
"TGGCCAATTTGGTACT-1","L5"
"TGGCCGTATATTGACC-1","L5"
"TGGCGACTGCTCCAAA-1","WM"
"TGGCGATCAAGTTATG-1","L6"
"TGGCGGTGTGCGATTG-1","L3"
"TGGCTACACTCTACCT-1","L6"
"TGGCTATGTGACATAC-1","WM"
"TGGCTCTTGTCGCGTA-1","L5"
"TGGCTTGTACAAGCTT-1","L3"
"TGGCTTTGGGTAGACA-1","L3"
"TGGGAAATGCCTTTCC-1","L5"
"TGGGATGCACTCATTC-1","L3"
"TGGGCAATAGTTGGGT-1","L4"
"TGGGCACAAACAGAAC-1","L3"
"TGGGCACGTTCTATGG-1","L3"
"TGGGCAGGCCACCGCA-1","L5"
"TGGGCCACAAGAGCGC-1","L3"
"TGGGCCCATACTAATT-1","L5"
"TGGGCGATACAATAAG-1","WM"
"TGGGTAAGGTTCCCGC-1","L3"
"TGGGTGCACAAGCCAT-1","WM"
"TGGGTGGGATGTCATT-1","L3"
"TGGGTTCCCGGACGGA-1",NA
"TGGTAAGCAGGATTGA-1","L5"
"TGGTAGAATATATGGG-1","L5"
"TGGTATCGCATCCCAA-1","L3"
"TGGTATCGGTCTGTAT-1","L3"
"TGGTCCCACGCTACGG-1","L6"
"TGGTCGTGCAAGGCAA-1","L5"
"TGGTCGTTTGATAGAT-1","L3"
"TGGTCTAGCTTACATG-1",NA
"TGGTCTGTTGGGCGTA-1","L5"
"TGGTGATCGTATTTGT-1","L4"
"TGGTTAAGGGCGCTGG-1","L3"
"TGGTTATGCTTGCGGT-1",NA
"TGGTTCAACGGGTAAT-1","L6"
"TGGTTCGTAGCAAAGG-1","L3"
"TGGTTGGAGGATCCTG-1","L3"
"TGGTTTAAACGTGGGT-1","L3"
"TGTAACTTGTCAACCT-1",NA
"TGTAATGACCACAATA-1","L5"
"TGTAATGCCTTCGGAC-1","L3"
"TGTACCTACACGAGGG-1","L6"
"TGTACGAACAAATCCG-1","L5"
"TGTACGCTATCAGCTT-1","L3"
"TGTACTGTGCCAAAGT-1","L3"
"TGTAGCCATCCCATTC-1","L6"
"TGTAGGAGAAATTTCC-1","L4"
"TGTAGTGATCTATAAT-1","L5"
"TGTATAACAGATCCTG-1","L3"
"TGTATCAGACTGAAGC-1","L3"
"TGTATCCTTATTCCAT-1","L3"
"TGTATGGCGCAGACAG-1","L5"
"TGTATTTACCTAATGC-1","L3"
"TGTCATTTGTTGGGAA-1","L3"
"TGTCCACGGCTCAACT-1","L6"
"TGTCCCGACATAGCAC-1","L3"
"TGTCCGTGGCGCCTTT-1","L5"
"TGTCCTAAGTCACCGC-1","L5"
"TGTCGGCATGGTGGAA-1","L3"
"TGTCGTTATCACATAT-1","L6"
"TGTCTACAGTTTCTGT-1","L3"
"TGTGACTACGCCAGTC-1","L3"
"TGTGAGACTAGCCCAA-1","WM"
"TGTGATTCCAGCGCTT-1","L3"
"TGTGCCGGTGCCGGAA-1","L6"
"TGTGCTTTACGTAAGA-1","L5"
"TGTGGACTATCTACGT-1","L5"
"TGTGGAGGAAGCTTAA-1","L3"
"TGTGGCAAAGCGTATG-1","L3"
"TGTGGCGGGCTTCTGG-1","WM"
"TGTGGCTCCCACCAAC-1","L4"
"TGTGGTAGGGTGCCTT-1","L5"
"TGTGGTTGCTAAAGCT-1","WM"
"TGTGTAGTAGCACGTG-1","L6"
"TGTGTCGCGAGTTGCA-1","L5"
"TGTGTTCGTATCCAAG-1","L5"
"TGTTATTGTATGTGGC-1","L5"
"TGTTCATAAATGTGCT-1","L3"
"TGTTCCGCTTCCATGA-1","L5"
"TGTTCGTATTGCGGTG-1","L6"
"TGTTCTCTACTCCCTA-1","L3"
"TGTTCTTCCATTGACT-1","L5"
"TGTTGATCACTGTTTA-1","L3"
"TGTTGCCGTCGTCCCA-1","L4"
"TGTTGTCAAGAAGTCT-1","L3"
"TGTTTAATACTTCATC-1","L3"
"TGTTTCGGTACTTCTC-1","L3"
"TGTTTGAGATCGTCAG-1","L5"
"TTAAACAGAGTCCCGC-1","L3"
"TTAAACCGGTAGCGAC-1","L3"
"TTAAACCTGGTTCCTT-1","L4"
"TTAAACTCGAATTCAT-1","L3"
"TTAACACCTCGAACAT-1","L5"
"TTAACCAACCCTCCCT-1","L3"
"TTAACGAACAAGCAGT-1","L3"
"TTAACGTCGCAAGACC-1","L3"
"TTAACTCACGCGTGGA-1","L4"
"TTAACTTCAGGTAGGA-1","L6"
"TTAAGACGAACGAACC-1","L3"
"TTAAGATAGGATTGAC-1","L4"
"TTAAGCCGACAACTTC-1","L3"
"TTAAGCGCCTGACCCA-1","L5"
"TTAAGGATACGGAGGT-1","L3"
"TTAAGGCCCGTACTTT-1","L6"
"TTAAGTATTGTTATCC-1","L6"
"TTAATCAGTACGTCAG-1","L3"
"TTAATGCGAGGTAACT-1","L3"
"TTAATGTAGACCAGGT-1","L4"
"TTAATTGCTTTGGGTG-1","WM"
"TTAATTTCAGACGCGG-1","L3"
"TTACAACTACGCATCC-1","L4"
"TTACACGATCTGCGAC-1","L6"
"TTACAGACCTAAATGA-1","L3"
"TTACATCGTGGCCTGG-1","L4"
"TTACATGCCACAACTA-1","L4"
"TTACCATTGATTACCC-1","L5"
"TTACCCATTGCCGGGT-1","L3"
"TTACCCTAACAGTCCT-1","L5"
"TTACCCTAGGGATTGG-1","WM"
"TTACCGCCTTAGGGAA-1","L3"
"TTACGGATGGTTCGAG-1","L3"
"TTACGTAGCGCGTGCT-1","L3"
"TTACGTATCTATGACA-1","L6"
"TTACTAAAGGACTTTA-1","L6"
"TTACTATCGGCTTCTC-1","L5"
"TTACTCCGGCCGGGAA-1","L4"
"TTACTCTGGTACGTAC-1","L6"
"TTACTGGGATATTTCA-1","L6"
"TTACTGTCTAGAGCTC-1","L3"
"TTACTGTTTCTCTACG-1","L3"
"TTAGAAGAACATGACT-1","L6"
"TTAGAATAAGGGTCGG-1","WM"
"TTAGACACGATCGTTG-1","L3"
"TTAGACGAGTCACCTC-1","L6"
"TTAGAGTTTAGAAGGA-1","L5"
"TTAGATAGGTCGATAC-1","L3"
"TTAGCAACATGGATGT-1","L4"
"TTAGCTAATACGATCT-1","L3"
"TTAGCTCTGTAATCCG-1","L5"
"TTAGCTGATTTGCCGT-1","L4"
"TTAGGTCATAACCGAC-1","WM"
"TTAGTAAACCTGCTCT-1","L6"
"TTAGTAGGGCGGCGGG-1","L5"
"TTAGTTATTCGTGGCA-1","L5"
"TTAGTTCAAGTGTTCG-1","L3"
"TTATAGATGCACATTA-1","L3"
"TTATAGGTAATTGTCT-1","WM"
"TTATAGTCCAAGGTGC-1","L3"
"TTATATACGCTGTCAC-1","L5"
"TTATATTTGGCAATCC-1","L3"
"TTATCCAATCGAACTC-1","L3"
"TTATCCGGGATCTATA-1","L6"
"TTATCCTCAAGGAATA-1","L6"
"TTATCGCCTGCGAAGC-1","L5"
"TTATCTGACATTAGGA-1","L5"
"TTATCTGTATCATAAC-1","L3"
"TTATGAATGAAAGGGA-1","L5"
"TTATGACAAACTGGAT-1","L5"
"TTATGATCTTAACGAA-1","L5"
"TTATGCGTCCCGGTCC-1","L3"
"TTATGTTTGCGATAGA-1","L5"
"TTATTAGAGCGTGTTC-1","L6"
"TTATTAGGGAAGCATC-1","L3"
"TTATTATCTGGAAGGC-1","L5"
"TTCAAAGTCTCTAGCC-1","L4"
"TTCAACGACCCGACCG-1","L3"
"TTCAAGCCGAGCTGAG-1","L3"
"TTCAATACTCTGAATC-1","L4"
"TTCAATTAGCCATAAT-1","L3"
"TTCACGAAAGGATCAC-1","L5"
"TTCACTCGAGCACCTA-1","L6"
"TTCACTTCCTAGAACG-1","WM"
"TTCAGAGTAACCTGAC-1",NA
"TTCAGCCCTGGTCCAC-1","L5"
"TTCAGCTGGCGTGCCC-1","L6"
"TTCAGGCGTCAAAGCC-1","L5"
"TTCAGTTTGTGGCAGC-1",NA
"TTCATAGCCTTGTAAC-1",NA
"TTCATAGGGTGTCCAT-1",NA
"TTCATGGCGCAACAGG-1","L3"
"TTCCAATCAGAGCTAG-1","L3"
"TTCCAATCTGGCTATC-1","L6"
"TTCCACACAGATTTGA-1","L6"
"TTCCACATTTCTCGTC-1","L3"
"TTCCAGACGAGATTTA-1","L3"
"TTCCATCATGCGGTGA-1","L3"
"TTCCATCGACAGCGTG-1","L6"
"TTCCCGACGCTTCACT-1","L3"
"TTCCCGGCGCCAATAG-1","L5"
"TTCCGCAGAGAAATAT-1","L3"
"TTCCGCGTGAGGCGAT-1","L6"
"TTCCGGCCTTGAGGCT-1","WM"
"TTCCGGCTCGACTTCT-1","L3"
"TTCCGGTATCTGTGTC-1","L3"
"TTCCGGTTACCCACTT-1","L5"
"TTCCTCGAGGGTGTCT-1","L3"
"TTCCTCGGACTAACCA-1","L6"
"TTCCTCTGCCCGAATA-1","L5"
"TTCCTTTCTGTGTTGC-1","L3"
"TTCGACAGAGCCCGTG-1","L6"
"TTCGACGGGAAGGGCG-1","L4"
"TTCGAGCCGGCGCTAC-1","L3"
"TTCGCACTCGCGTGCT-1","L5"
"TTCGCACTGTACGACA-1","WM"
"TTCGCATCCGGAAGCA-1","L3"
"TTCGCCGCTCGCGCTA-1","L6"
"TTCGCGCGCCATACGA-1","WM"
"TTCGCTAGGAAGTTGT-1","L3"
"TTCGCTATCTGACGTG-1","L3"
"TTCGGACTGATGCCTT-1","L3"
"TTCGGCAACCCGCTGA-1","L3"
"TTCGGCTAGAGATGGT-1","L3"
"TTCGGGACTAATCGCG-1","L5"
"TTCGGGCGCTAGTCTT-1","L6"
"TTCGGGTTGCCACGGG-1","L6"
"TTCGGTACTGTAGAGG-1","WM"
"TTCGGTGGAGACGCCC-1","L4"
"TTCGTAATCCCAGCGG-1","L3"
"TTCGTACTCCAGAACG-1","L5"
"TTCGTGGGCTGGAAGC-1","L3"
"TTCGTTCAACGAAGTT-1","L3"
"TTCTAACCGAAGCTTA-1","L3"
"TTCTACCTCAATCGGT-1",NA
"TTCTACCTTTATGTTG-1","L3"
"TTCTACTTGCGAGGGC-1","L4"
"TTCTAGAAAGTCTTAT-1","WM"
"TTCTAGGCCAATTGTG-1","L4"
"TTCTATGCCTTTCGCA-1","L3"
"TTCTATTAAACGCAGC-1","WM"
"TTCTCTTACAGGTGAT-1","L6"
"TTCTGACCGGGCTCAA-1","L6"
"TTCTGCCGCGCCTAGA-1","L6"
"TTCTGCGAGCGCCCTT-1","L5"
"TTCTGCGGGTTAGCGG-1","L5"
"TTCTGCTAGACTCCAA-1","L3"
"TTCTGTTTCCTGTCGC-1","L3"
"TTCTTAGTGAACGGTG-1","L3"
"TTCTTAGTGGCTCAGA-1","L3"
"TTCTTATCCGCTGGGT-1","L5"
"TTCTTCCCTTTGATAT-1","L3"
"TTCTTCGCAATAGAGC-1","L3"
"TTCTTGAGCCGCGCTA-1","L6"
"TTCTTGCTAGCATCTC-1","L3"
"TTCTTGGACGATCTGC-1","L6"
"TTCTTGGAGTAATGAG-1","L3"
"TTCTTGTAACCTAATG-1","L5"
"TTCTTGTGTCCATCAG-1","L4"
"TTCTTTGGTCGCGACG-1","L3"
"TTGAAAGGTGTAAAGG-1","L3"
"TTGAACGAATCCTTTG-1","L3"
"TTGAACGACGTGCTGA-1","L6"
"TTGAAGAATTCCCAGG-1","L5"
"TTGAAGGATGGGCGCC-1","L6"
"TTGAATATGGACTTTC-1","L4"
"TTGAATCGTTGTATAA-1","L5"
"TTGAATTCACGTGAGG-1","L4"
"TTGACAGGAGCTCCCG-1","L5"
"TTGACATGAACGTGGA-1","L6"
"TTGACCAGGAACAACT-1","WM"
"TTGACCATGTTCTCCG-1","L3"
"TTGACCGTGTTAATGA-1","L6"
"TTGACGATTCAGCACG-1","L3"
"TTGACGCTCCATGAGC-1","L4"
"TTGACTACCATATGGT-1","L6"
"TTGACTATTGTCCGGC-1","L5"
"TTGAGAAGTTTAGCAT-1","L6"
"TTGAGAGTACTGCTAA-1","L6"
"TTGAGCAGCCCACGGT-1","L4"
"TTGAGCGCCACGTGAT-1","L3"
"TTGAGGCATTTAACTC-1","L3"
"TTGAGGGTCGAACGCG-1","L3"
"TTGAGTCCCGCTGCTG-1","L3"
"TTGATAGTCAATACAT-1","L3"
"TTGATCTAACTTTGTC-1","L5"
"TTGATGTGTAGTCCCG-1","L3"
"TTGATTAGCTGTTTCT-1","L6"
"TTGATTATGCAGATGA-1","L5"
"TTGCACAATTCAGAAA-1","L6"
"TTGCACGGAGCAGCAC-1","L3"
"TTGCAGGTCATGAAGT-1","L3"
"TTGCATGCTGATCACG-1","L6"
"TTGCCAAGCAGAACCC-1","L4"
"TTGCCATAGCCCGCTC-1","L6"
"TTGCCCTGATCACGGG-1","L5"
"TTGCCGCAGACCTACA-1","L6"
"TTGCCGCTTTCTAGTA-1","WM"
"TTGCCGGTGATCCCTC-1","L3"
"TTGCCTAATCCAAAGT-1",NA
"TTGCGCTCTCTCGCTT-1",NA
"TTGCGGCATCAGAAAG-1","L6"
"TTGCGGCGACTCATGC-1","L3"
"TTGCGTAGTTTGAGGA-1","L5"
"TTGCGTCGGCCAACCG-1","L6"
"TTGCGTGAACGCTTAG-1","L3"
"TTGCGTGTGTAGGCAT-1","WM"
"TTGCTAGCTACCAATC-1",NA
"TTGCTCCCATACCGGA-1","L3"
"TTGCTGAAGGAACCAC-1","L3"
"TTGCTGATCATGTTCG-1","L5"
"TTGCTGCACCTATCCA-1","L4"
"TTGCTGGCCGGGCTTC-1","L3"
"TTGGAAGAATACAGTC-1","L6"
"TTGGACATGTGGCTTA-1","L6"
"TTGGACCATCTGGCAA-1","L5"
"TTGGACCTATAACAGT-1","L6"
"TTGGAGTCTCCCTTCT-1","L3"
"TTGGATATCGTCTACG-1","L6"
"TTGGATCGACTTCTGG-1","L3"
"TTGGATTGGGTACCAC-1","L3"
"TTGGCCATCTTGCGCT-1","L3"
"TTGGCCTAGAATTTCG-1","L3"
"TTGGCGATCCGAATAT-1","L3"
"TTGGCTCAATATGTGT-1","L6"
"TTGGCTCGCATGAGAC-1","L4"
"TTGGGAAGACGAGCCG-1","WM"
"TTGGGACACTGCCCGC-1","L3"
"TTGGGACGTAAGAGTT-1","L5"
"TTGGGCGGCGGTTGCC-1","L3"
"TTGGGTTTATTCAGCG-1","L3"
"TTGGTATGGCTTGTGT-1","L3"
"TTGGTCACACTCGTAA-1","L6"
"TTGGTGCGGTGTTGAA-1","L3"
"TTGGTTGCGGTGCGCG-1","L6"
"TTGTAACTTCATAGCG-1","L3"
"TTGTAAGGACCTAAGT-1","L6"
"TTGTAAGGCCAGTTGG-1","L3"
"TTGTAATCCGTACTCG-1","L5"
"TTGTATCACACAGAAT-1","L3"
"TTGTCGTTCAGTTACC-1","L3"
"TTGTGAACCTAATCCG-1","L6"
"TTGTGAGGCATGACGC-1","L5"
"TTGTGCAGCCACGTCA-1","WM"
"TTGTGGCCCTGACAGT-1","L3"
"TTGTGGTAGGAGGGAT-1","L6"
"TTGTGGTGGTACTAAG-1","L6"
"TTGTGTATGCCACCAA-1","WM"
"TTGTGTTTCCCGAAAG-1","L6"
"TTGTTAGCAAATTCGA-1","L4"
"TTGTTCAGTGTGCTAC-1","L3"
"TTGTTCTAGATACGCT-1",NA
"TTGTTGTGTGTCAAGA-1","L3"
"TTGTTTCACATCCAGG-1","WM"
"TTGTTTCATTAGTCTA-1","L6"
"TTGTTTCCATACAACT-1","L6"
"TTGTTTGTGTAAATTC-1","L3"
