"barcode","spatialLIBD"
"AAACAAGTATCTCCCA-1","L5"
"AAACACCAATAACTGC-1","L6"
"AAACAGAGCGACTCCT-1","L3"
"AAACAGCTTTCAGAAG-1","L5"
"AAACAGGGTCTATATT-1","L5"
"AAACAGTGTTCCTGGG-1","WM"
"AAACATTTCCCGGATT-1","L6"
"AAACCCGAACGAAATC-1","L3"
"AAACCGGAAATGTTAA-1","L4"
"AAACCGGGTAGGTACC-1","L5"
"AAACCGTTCGTCCAGG-1","L6"
"AAACCTAAGCAGCCGG-1","WM"
"AAACCTCATGAAGTTG-1","L4"
"AAACGAGACGGTTGAT-1","L3"
"AAACGCCCGAGATCGG-1","L3"
"AAACGGGCGTACGGGT-1","L6"
"AAACGGTTGCGAACTG-1","WM"
"AAACGTGTTCGCCCTA-1","L3"
"AAACTAACGTGGCGAC-1","L3"
"AAACTCGGTTCGCAAT-1","WM"
"AAACTCGTGATATAAG-1","L3"
"AAACTGCTGGCTCCAA-1","L5"
"AAACTTAATTGCACGC-1","L6"
"AAACTTGCAAACGTAT-1","L5"
"AAAGAATGTGGACTAA-1","L6"
"AAAGACCCAAGTCGCG-1","L3"
"AAAGACTGGGCGCTTT-1","L3"
"AAAGCTTGCCTACATA-1","L3"
"AAAGGCCCTATAATAC-1","L6"
"AAAGGCTACGGACCAT-1","WM"
"AAAGGCTCTCGCGCCG-1","L6"
"AAAGGGATGTAGCAAG-1","L3"
"AAAGGGCAGCTTGAAT-1","L3"
"AAAGGTAAGCTGTACC-1","L3"
"AAAGTAGCATTGCTCA-1","L6"
"AAAGTCACTGATGTAA-1","L3"
"AAAGTCGACCCTCAGT-1","L4"
"AAAGTGCCATCAATTA-1","L5"
"AAAGTGTGATTTATCT-1","L4"
"AAAGTTGACTCCCGTA-1","L3"
"AAATAACCATACGGGA-1","L3"
"AAATAAGGTAGTGCCC-1","L3"
"AAATACCTATAAGCAT-1","L5"
"AAATAGCTTAGACTTT-1","L3"
"AAATAGGGTGCTATTG-1","L6"
"AAATCCGATACACGCC-1","L6"
"AAATCGTGTACCACAA-1","L5"
"AAATCTAGCCCTGCTA-1","L5"
"AAATGATTCGATCAGC-1","L3"
"AAATGCTCGTTACGTT-1","L3"
"AAATGGCATGTCTTGT-1","L3"
"AAATGGCCCGTGCCCT-1","L5"
"AAATGGTCAATGTGCC-1","L4"
"AAATGTATCTTATCCC-1","L3"
"AAATTAACGGGTAGCT-1","L4"
"AAATTAATAAGCGCGA-1","L3"
"AAATTACACGACTCTG-1","L3"
"AAATTACCTATCGATG-1","L3"
"AAATTCCAGGTCCAAA-1","L3"
"AAATTGATAGTCCTTT-1","L6"
"AAATTGGTGAGAAGCA-1","L3"
"AAATTTACCGAAATCC-1","L3"
"AAATTTGCGGGTGTGG-1","L5"
"AACAACTGGTAGTTGC-1","L3"
"AACAATACATTGTCGA-1","WM"
"AACAATTACTCTACGC-1","L3"
"AACACACGCTCGCCGC-1","L5"
"AACACGACTGTACTGA-1","L3"
"AACACGAGACGCGGCC-1","L5"
"AACAGCTGTGTGGCAA-1","L6"
"AACAGGAAATCGAATA-1","L3"
"AACAGGATGGGCCGCG-1","L3"
"AACAGGTAGTATGGAT-1","L4"
"AACATATCAACTGGTG-1","L3"
"AACATCGATACGTCTA-1","L3"
"AACATTGAAGTTGATC-1","L6"
"AACATTGTGACTCGAG-1","WM"
"AACCAAGACTTCTCTG-1","L5"
"AACCAGTATCACTCTT-1","L3"
"AACCATAGGGTTGAAC-1","L6"
"AACCATGGGATCGCTA-1","L3"
"AACCCAGAGACGGAGA-1","L3"
"AACCCATCCCATGATC-1","L5"
"AACCCGACAACCCGTG-1","WM"
"AACCCGAGCAGAATCG-1","L5"
"AACCCGCTGTATTCCA-1","WM"
"AACCCTACTGTCAATA-1","L3"
"AACCCTGGTGGAACCA-1","L3"
"AACCGAGCTTGGTCAT-1","L3"
"AACCGCTAAGGGATGC-1","L4"
"AACCGTTGTGTTTGCT-1","L3"
"AACCTCGCTTTAGCCC-1","L6"
"AACCTGTCACGGAATT-1","L3"
"AACCTTTAAATACGGT-1","L6"
"AACCTTTACGACGTCT-1","L3"
"AACGAAAGTCGTCCCA-1","L5"
"AACGACCTCCTAGCCG-1",NA
"AACGATAATGCCGTAG-1","L6"
"AACGATAGAAGGGCCG-1","L3"
"AACGATATGTCAACTG-1","L3"
"AACGCATGATCTGGGT-1","L3"
"AACGCGACCTTGGGCG-1","WM"
"AACGCGGTCTCCAGCC-1","L3"
"AACGCTGTTGCTGAAA-1","L5"
"AACGGACGTACGTATA-1","L5"
"AACGGCCATCTCCGGT-1","L6"
"AACGTACTGTGGGTAC-1","L6"
"AACGTCAGACTAGTGG-1","L3"
"AACGTGATGAAGGACA-1","L3"
"AACGTGCGAAAGTCTC-1","L3"
"AACGTTATCAGCACCT-1","L3"
"AACTACCCGTTTGTCA-1","L3"
"AACTAGGCTTGGGTGT-1","L6"
"AACTCAAGTTAATTGC-1","L5"
"AACTCCAGAGCGTGTT-1","L6"
"AACTCCTAATCCCATG-1","L3"
"AACTCGATGGCGCAGT-1","L3"
"AACTCTCAATAGAGCG-1","L3"
"AACTCTCAGTGTGCTC-1","L6"
"AACTGAGGTCAGCGTC-1","L3"
"AACTGATATTAGGCCT-1","L3"
"AACTGGGTCCCGACGT-1","L3"
"AACTGGTGTGGGCCTT-1","L3"
"AACTTCTGCGTCTATC-1","L3"
"AACTTGCCCGTATGCA-1","L3"
"AACTTGCGTTCTCGCG-1","L3"
"AACTTTACGGGAGCTT-1","L3"
"AACTTTCTCGATCATG-1","L3"
"AAGAAATCACCAGATT-1","L3"
"AAGAAGGATCAGTTAG-1","L3"
"AAGACATACGTGGTTT-1","L6"
"AAGACCAAATAACTCA-1","L6"
"AAGACCCAACTGAACA-1","WM"
"AAGACTGCAAGCTACT-1","L4"
"AAGAGATGAATCGGTA-1","L3"
"AAGAGCTCTTTATCGG-1","L3"
"AAGAGGATGTACGCGA-1","L5"
"AAGAGGCATGGATCGC-1","L3"
"AAGAGGCCCTTTGGAA-1","L5"
"AAGATGGCACCGGACC-1","L6"
"AAGATTGGCGGAACGT-1","L3"
"AAGCACCCTGCGTATC-1","L6"
"AAGCATACTCTCCTGA-1","L6"
"AAGCCACTTGCAGGTA-1","WM"
"AAGCCGAAGCGGTTTA-1","L4"
"AAGCCGCCGTGAAATC-1","L6"
"AAGCCGCTTTACCTTG-1","L3"
"AAGCCGGAGAGCAGGA-1","L5"
"AAGCGCAGGGCTTTGA-1","WM"
"AAGCGGAGTGCGCGCA-1","L3"
"AAGCGGCGTCATGGGT-1","L3"
"AAGCGTCCCTCATCGA-1","L6"
"AAGCTAGATCGAGTAA-1","L6"
"AAGCTCGTGCCAAGTC-1","L3"
"AAGCTCTTTCATGGTG-1","L6"
"AAGGAGCGGTTGGTGC-1","L3"
"AAGGATCGATCGCTTG-1","L3"
"AAGGATGAGGGACCTC-1","L3"
"AAGGCAGGCTGTCTCC-1","L3"
"AAGGCGCGTAAAGCTT-1","L3"
"AAGGCTGTGCTCATCG-1","L4"
"AAGGGAACGACTGGCT-1","L6"
"AAGGGACAGATTCTGT-1","L3"
"AAGGGACTATGCATTC-1","L6"
"AAGGTATCCTAATATA-1","L3"
"AAGGTGATAAACCAGC-1","L4"
"AAGTAGAAGACCGGGT-1","L3"
"AAGTAGTGACGCGAGG-1","L4"
"AAGTCAATTGTCGTCA-1","L4"
"AAGTCTAGTAGCTGCC-1","L3"
"AAGTCTTCTGTGGCCT-1","L3"
"AAGTGACGACCGAATT-1","L5"
"AAGTGAGTCGGGTTTA-1","WM"
"AAGTGCAAAGGTAGAC-1","L3"
"AAGTGCCTTGACTGTA-1","L3"
"AAGTGCGTTAGAATCT-1","L5"
"AAGTGCTTCTCTATTG-1","WM"
"AAGTGTTTGGAGACGG-1","L5"
"AAGTTCACTCCAAGCT-1","L6"
"AAGTTCAGTCTGCGTA-1","L3"
"AAGTTCGGCCAACAGG-1","L5"
"AAGTTGTGATGTTATA-1","L6"
"AAGTTTATGGGCCCAA-1","WM"
"AATAACAACGCTCGGC-1","L5"
"AATAACACTAGAACAA-1","L6"
"AATAATCTTCGTATCG-1","L4"
"AATACAATGTTTCAGG-1","L3"
"AATACCGGAGGGCTGT-1","WM"
"AATAGAACAGAGTGGC-1","L6"
"AATAGAATCTGTTTCA-1","L5"
"AATAGCAAGCCTCCTG-1","L3"
"AATAGCTACCGCGTGC-1","L3"
"AATAGTCCGTCCCGAC-1","L6"
"AATAGTCGCGAGTCGG-1","L3"
"AATATCAAGGTCGGAT-1","L3"
"AATATCGAATCAATGC-1","L4"
"AATATCGAGGGTTCTC-1","L3"
"AATATTGGAGTATTGA-1","L4"
"AATCAGGTTTCATTTA-1","WM"
"AATCATGTAAAGACTC-1","L5"
"AATCCAAGGGCCTGAG-1","L3"
"AATCGCCTCAGCGCCA-1","L4"
"AATCGCGCAGAGGACT-1","L3"
"AATCGGGACACTACGA-1","L3"
"AATCGGTATAGCCCTC-1","L6"
"AATCGTGAGCCGAGCA-1","WM"
"AATCTAGGTTTACTTG-1","L5"
"AATCTATGCCGGAGCC-1","L3"
"AATCTCTACTGTGGTT-1","L4"
"AATCTGCGTTGGGACG-1","L3"
"AATCTGGCTTTCTAGT-1","L5"
"AATGACAGCAATGTCT-1","L5"
"AATGACGTAGGATGTC-1","L5"
"AATGACTGTCAGCCGG-1","L3"
"AATGAGTTCGCATATG-1","L3"
"AATGATGATACGCTAT-1","L3"
"AATGATGCGACTCCTG-1","L3"
"AATGCAACCGGGTACC-1","L3"
"AATGCACCAAGCAATG-1","L3"
"AATGGTCCACCGTTCA-1","L3"
"AATGGTTCTCACAAGC-1","L3"
"AATGTATGGCACTGTA-1","L6"
"AATGTGCCCGAGGTGT-1","L6"
"AATGTGCTAATCTGAG-1","WM"
"AATGTTGTCGTGAGAC-1","L6"
"AATTAAAGGTCGGCGT-1","L5"
"AATTAACGGATTTCCA-1","L6"
"AATTAGCGCTGCAGCG-1","L6"
"AATTCATAAGGGATCT-1","L3"
"AATTCATTGTCATGCA-1","L6"
"AATTCCAAGCATGTAC-1","WM"
"AATTCGATTCGAGGAT-1","WM"
"AATTCTAGAGTTAGGC-1","L6"
"AATTGAACGCTCTGGT-1","L5"
"AATTGCAGCAATCGAC-1","L6"
"AATTGCGTGGATTACA-1","L6"
"AATTGTGGTTGCCAAA-1","L6"
"AATTTGGGACATAGTA-1","L3"
"AATTTGGTTCCAAAGA-1","L3"
"ACAAACCATGCGTCCT-1","L6"
"ACAAAGCATGACCTAG-1","L6"
"ACAAATCGCACCGAAT-1","L5"
"ACAAATGGTAGTGTTT-1","L4"
"ACAAATTCAGATCTGA-1","L3"
"ACAACAGCATGAGCTA-1","L3"
"ACAACGGTCCCTGCGA-1","L3"
"ACAAGCAGTGCCTAGC-1","L3"
"ACAAGCTATATGGAAG-1","L3"
"ACAAGGAAATCCGCCC-1","L5"
"ACAAGGACAAGAGGTT-1","L3"
"ACAAGGATGCTTTAGG-1","L6"
"ACAAGGCCTACCAGCC-1","L3"
"ACAAGGGCAGGCTCTG-1","L5"
"ACAATAGTCGTACGTT-1","L5"
"ACAATCCATTTAAACC-1","L5"
"ACAATGAATACGGAGA-1","L6"
"ACAATGATTCTTCTAC-1","L3"
"ACAATTGTGTCTCTTT-1","L5"
"ACAATTTAGGAGGCTC-1","L3"
"ACAATTTGAGCAGTGG-1","L3"
"ACAATTTGGCCATATT-1","L3"
"ACACAAAGACGGGTGG-1","L3"
"ACACAAATATTCCTAG-1","L3"
"ACACACCAGGACCAGT-1","L4"
"ACACACTTTCTACACG-1","L3"
"ACACATGATCAAATCT-1","L6"
"ACACATTTCCGTAGAC-1","WM"
"ACACCACATAATTAGC-1","L3"
"ACACCCAGCATGCAGC-1","L3"
"ACACCCGAGAAATCCG-1","L3"
"ACACCGAGCGCTCTTT-1","L3"
"ACACCGGTCTGACCGC-1","L6"
"ACACCTTAAGTAGGGC-1","L3"
"ACACCTTACTACTTGC-1","L3"
"ACACGAGACTCCTTCT-1","L3"
"ACACGGCACTATGCAT-1","L3"
"ACACGGGAACTTAGGG-1","L3"
"ACACGTAGGCCACAAG-1","L5"
"ACACTCCAATGTCACT-1","L3"
"ACACTGATCAAGGTGT-1","L6"
"ACACTGGGACAGTCGT-1","L5"
"ACAGAACTGAGAACAA-1","L6"
"ACAGATTAGGTTAGTG-1","L3"
"ACAGCATAGAGCCAGT-1","L3"
"ACAGCGACATTCTCAT-1","L6"
"ACAGCGCACCCGCAGC-1","L3"
"ACAGGCACGGATCCTT-1","L6"
"ACAGGCTTGCCCGACT-1","L5"
"ACAGGTGGAGGTGAGG-1","L6"
"ACAGGTGTGTTGTTGC-1","L3"
"ACAGTAATACAACTTG-1","L5"
"ACAGTATACCGTGGGA-1","L3"
"ACATAAGTCGTGGTGA-1","L5"
"ACATAATAAGGCGGTG-1","L3"
"ACATCAGCTGGGACGC-1","L3"
"ACATCCCGGCCATACG-1","L6"
"ACATCCTGGTAACTGT-1","L3"
"ACATCGATCGTTTACC-1","L5"
"ACATCGGTCAGCCGCG-1","L5"
"ACATCGTATGCAATGG-1","L5"
"ACATCGTTAACCTAGT-1","L3"
"ACATGCTTACGGCAGC-1",NA
"ACATGGCGCCAAAGTA-1","L3"
"ACATTAGTTTATATCC-1","L6"
"ACATTCGCGCGGAATA-1","L6"
"ACCAAACACCCAGCGA-1","L3"
"ACCAACACCACACACT-1","L3"
"ACCAACCGCACTCCAC-1","L6"
"ACCAACGCTTATTTAT-1","L6"
"ACCAAGAACGCGTGTC-1","L3"
"ACCAAGTCATCGGCAG-1","L6"
"ACCAATATGCAAGTTA-1","L6"
"ACCACAACTCAGAACA-1","L3"
"ACCACAAGTTTCTATC-1","L4"
"ACCACACGGTTGATGG-1","WM"
"ACCACCAATGTAACAA-1","L3"
"ACCACCCTCTCTTCTA-1","L3"
"ACCACGTGCAGCTATA-1","L5"
"ACCAGACCATAACAAC-1","L3"
"ACCAGTGCCCGGTCAA-1","L3"
"ACCAGTGCGGGAGACG-1","L5"
"ACCATATCCGCAATAA-1","L5"
"ACCATCCGCCAACTAG-1","L5"
"ACCATCGTATATGGTA-1","L5"
"ACCCAACGCCCGTGGC-1","L3"
"ACCCACCTACATGCTC-1","L3"
"ACCCATCTTGAGGGTA-1","L5"
"ACCCATTTGTCCCTCT-1","L6"
"ACCCGAGCGAAATTAC-1","L6"
"ACCCGATTGGTTCCGA-1","WM"
"ACCCGGAAACTCCCAG-1","L6"
"ACCCGGAGCACCACAA-1","L5"
"ACCCGGATGACGCATC-1","L3"
"ACCCGGTTACACTTCC-1","L5"
"ACCCGTAGTCTAGTTG-1","L6"
"ACCCGTGTCATCAGTA-1","L6"
"ACCCTATAGGACTGAG-1","L3"
"ACCCTATGCCATATCG-1","L6"
"ACCCTCCCGTCAGGGC-1","L6"
"ACCCTCCCTTGCTATT-1","L5"
"ACCCTGGTAACGCCCT-1","L3"
"ACCCTTCATCTGCGAA-1","L3"
"ACCCTTGCCTGGGTCG-1","L3"
"ACCCTTTAGTTCTCCA-1","L3"
"ACCGAAAGGGCCCTGC-1","L3"
"ACCGAAGAGTCTGGTT-1","L5"
"ACCGACACATCTCCCA-1","WM"
"ACCGACTGAGTCCCAC-1","L3"
"ACCGAGTCTCCTTATT-1","WM"
"ACCGATAGGCATAACC-1","L5"
"ACCGATATTTAATCAT-1","L4"
"ACCGATGGTAGCATCG-1","L3"
"ACCGCAATAACTGCCT-1","L5"
"ACCGCGGTGGAAGTCG-1","L3"
"ACCGCTAGTCATTGGT-1","WM"
"ACCGGGCCTTTGTTGA-1","L4"
"ACCGGTCAGGTACACC-1","L6"
"ACCGTGACCACGTGGG-1","WM"
"ACCTAAGTACCTTTCA-1","L6"
"ACCTAATCGACTTCCT-1","L4"
"ACCTACAGTATGTGGT-1","L3"
"ACCTACTATAAATCTA-1","WM"
"ACCTCCGCCCTCGCTG-1","L5"
"ACCTCCGTTATTCACC-1","L3"
"ACCTCGAACTTATGCT-1","L6"
"ACCTGCGTGTCATGTT-1","L5"
"ACGAAATGGGCGGCAC-1","L4"
"ACGACCCATGAGTTGC-1","L5"
"ACGACTCTAGGGCCGA-1","WM"
"ACGACTGGTCATACTC-1","WM"
"ACGAGAACCCATCACG-1","L3"
"ACGAGATATTTGCTTA-1","L3"
"ACGAGGATACCACTCT-1","L5"
"ACGAGGTTTACAACGT-1","L5"
"ACGAGTACGGATGCCC-1","L3"
"ACGATACATAGAACTA-1","L3"
"ACGATACCTATCCTGA-1","L3"
"ACGATCATACATAGAG-1","L3"
"ACGATCATCTTGTAAA-1","L3"
"ACGATGCATATGTTAT-1","L5"
"ACGATGGATCCGATGC-1","L3"
"ACGCAAACTAATAGAT-1","WM"
"ACGCAATCACTACAGC-1","L3"
"ACGCATAAATGACATG-1","L3"
"ACGCATACGTTTACTA-1","L5"
"ACGCATTCGTGAGTAC-1","L4"
"ACGCCACTCGAAACAG-1","WM"
"ACGCCAGATGATTTCT-1","L3"
"ACGCCAGTGCGTTTGC-1","L6"
"ACGCCGCTAGACGACC-1","L5"
"ACGCGAAGTCAGACGA-1","L6"
"ACGCGCTACACAGGGT-1","L5"
"ACGCGGGCCAAGGACA-1","L4"
"ACGCGTTTCTTAAGAG-1","L3"
"ACGCTAGTGATACACT-1","L3"
"ACGCTGTGAGGCGTAG-1","L4"
"ACGGAATTTAGCAAAT-1","L3"
"ACGGACGCAGCGACAA-1","L6"
"ACGGACTCTCAAAGCG-1","L6"
"ACGGAGCGCAAATTAC-1","L3"
"ACGGATGGTGCGGATA-1","L6"
"ACGGCACTTGCTTGGG-1","L6"
"ACGGCCAACATGGACT-1","L6"
"ACGGCGACGATGGGAA-1","L5"
"ACGGCTGGATGTAGAA-1","L6"
"ACGGGAGTGTCGGCCC-1","L5"
"ACGGGCGTATGCGACA-1","L3"
"ACGGGTCATGTGACTT-1","L3"
"ACGGTACAGTTCAATG-1","L6"
"ACGGTCACCGAGAACA-1","L6"
"ACGTACAGATTTCTCT-1","L3"
"ACGTACTTTGGCACGG-1","WM"
"ACGTAGATTGCTGATG-1","L3"
"ACGTAGGAGAGTCGCT-1","WM"
"ACGTATTACTCCGATC-1","L3"
"ACGTCTCGTTCCGGGA-1","L5"
"ACGTGCGCCTCGTGCA-1","L3"
"ACGTTAATGTCGAAGA-1","L5"
"ACGTTAGATTTGCCCG-1","L5"
"ACGTTCACTATGCCGC-1","WM"
"ACGTTCCGCGCTCCGT-1","L3"
"ACGTTCGCAATCAATT-1","L3"
"ACGTTCGTTCAGGAAA-1","WM"
"ACGTTCTGTACAAGTC-1","L6"
"ACGTTGTCGTTGAAAG-1","WM"
"ACGTTTAGTTGTGATC-1","L3"
"ACTAAGGACGCACACC-1","L3"
"ACTAATACGTCAGGCG-1","L3"
"ACTACAAAGAGAGGTG-1","WM"
"ACTACATCCCGACAAG-1","L6"
"ACTACCAGCTCTCTGG-1","L3"
"ACTACCATCCGAGGGC-1","WM"
"ACTACGCGTTAGAATT-1","WM"
"ACTAGTTGCGATCGTC-1","L5"
"ACTATATGCTGTGTTC-1","L3"
"ACTATCCAGGGCATGG-1","L3"
"ACTATCTGCCCGCGTA-1","L5"
"ACTATGTCCAGCTGCC-1","L6"
"ACTATTCGTCCGTGGT-1","L3"
"ACTATTTCCGGGCCCA-1","L6"
"ACTCAAGTGCAAGGCT-1","L6"
"ACTCAATAAAGGCACG-1","L3"
"ACTCAGACCTGCTTCT-1","L3"
"ACTCATGGCAGCCTTC-1","L6"
"ACTCCAATATCATCAT-1","L6"
"ACTCCCATTCCTAAAG-1","L5"
"ACTCCCGAATTCGTTT-1","L3"
"ACTCCCGTAGACTAGG-1","L3"
"ACTCCCTAATGCTAAA-1","L6"
"ACTCCCTAGAATAGTA-1","L5"
"ACTCCGGCCGACCACT-1","WM"
"ACTCGCCGTTCGATAA-1","L6"
"ACTCGTAACCCGTCCT-1","L5"
"ACTCGTCAGTAATCCC-1","L3"
"ACTCTAAACCTGGGAT-1","L3"
"ACTCTCTGACTTAGGT-1","L4"
"ACTCTCTTATACACGA-1","L3"
"ACTCTGACCTAATAGA-1","L6"
"ACTCTTGTATAGTAAC-1","L4"
"ACTGAAACGCCGTTAG-1","L5"
"ACTGAATGGCGAAAGT-1","L5"
"ACTGCCCGCCATTCTC-1","WM"
"ACTGCCGTCGTAACTC-1","L3"
"ACTGCGGACACACCGT-1","L3"
"ACTGCTCGGAAGGATG-1","L5"
"ACTGGCGAACCTGCGT-1","L3"
"ACTGGGATGCCAGTGC-1","WM"
"ACTGTACGATACACAT-1","L3"
"ACTGTAGCACTTTGGA-1","L3"
"ACTGTATACGCGAGCA-1","L3"
"ACTGTCCAGGATTATA-1","L4"
"ACTGTCTTCTTTAGAA-1","L3"
"ACTGTGCTAGTAGATC-1","L3"
"ACTTACCGGGCGCGCA-1","L3"
"ACTTACGCATCCACGC-1","L6"
"ACTTAGTACGACAAGA-1","L3"
"ACTTATACTTACCCGG-1","L3"
"ACTTATTAGGATCGGT-1","L5"
"ACTTATTTATGTGCCA-1","L5"
"ACTTCAGGCTGATCCC-1","L5"
"ACTTCCATGCGGGACA-1","L6"
"ACTTCGCCATACGCAC-1","L3"
"ACTTGACTCCCTCTTT-1","L5"
"ACTTGGGACCCGGTGG-1","L3"
"ACTTGTAGTCCCTTCA-1","L5"
"ACTTGTGGATGGAACG-1","L5"
"ACTTGTTACCGGATCA-1","WM"
"ACTTTACCCTCATGAA-1","L3"
"ACTTTCCTATAGCTTC-1","L3"
"ACTTTGACTGCATCCT-1","L4"
"ACTTTGGTCGTGCTCC-1","L6"
"ACTTTGTCGACGCACT-1","L5"
"AGAAATTATGACTCGC-1","L5"
"AGAACCCAGCGTGACA-1","L3"
"AGAACCCTCAATTGGG-1","L6"
"AGAACGTGGTACATTC-1","L3"
"AGAAGAGCGCCGTTCC-1","L3"
"AGAAGGTACACTTCAC-1","L5"
"AGAAGGTTGCCGAATT-1","L5"
"AGAAGGTTGTAGGTCG-1","WM"
"AGAAGTGATTCGTGAT-1","L5"
"AGAATAAATCTTCAGG-1","L4"
"AGAATGCGGGTTCGGA-1","L3"
"AGAATTATGGATTCGA-1","L3"
"AGAATTGTTTGACATA-1","L3"
"AGACAGCTCAGAATCC-1","L3"
"AGACAGGCATCTCAGC-1","L4"
"AGACATAGATCCTTCC-1","L3"
"AGACCAAACCACACCT-1","L5"
"AGACCATGGGATACAA-1","L3"
"AGACCCACCGCTGATC-1","L6"
"AGACCCGCCCTCCTCG-1","L3"
"AGACCGCTCCGCGGTT-1","L4"
"AGACCGGGAAACCCTG-1","L5"
"AGACGAAGTGCCGGTC-1","L5"
"AGACGACGATGCCGCT-1","L6"
"AGACGCCCACTTCGCC-1","L5"
"AGACGGGCCGATTTAA-1","L3"
"AGACTAGCCTTCCAGA-1","L3"
"AGACTGTTACCGGGTC-1","WM"
"AGAGAAACACCAGAAA-1","WM"
"AGAGAACCGTCTAGGA-1","L3"
"AGAGAAGGAGTACAAT-1","L6"
"AGAGATCTCTAAAGCG-1","L5"
"AGAGCAGTTATGAGAC-1","L3"
"AGAGCCGCCGAGATTT-1","L5"
"AGAGCGCTTGTAACGG-1","L3"
"AGAGCGGGCTAATCAT-1","L3"
"AGAGCGTACAAGCTCG-1","L3"
"AGAGGCTTCGGAAACC-1","L5"
"AGAGGGACAATTGTCC-1","L3"
"AGAGTAAACTTCACTA-1","L4"
"AGAGTATAGTGTTACG-1","L3"
"AGAGTTAGAGACCGAT-1","L3"
"AGAGTTGCAGGCCTCC-1","L3"
"AGATAACTTCAGGGCC-1","L4"
"AGATACCAATAGAACC-1","L6"
"AGATACCAGCACTTCA-1","L3"
"AGATACCGGTGTTCAC-1","L5"
"AGATACGACTTCATAT-1","L3"
"AGATACTCAAGATCGA-1","L5"
"AGATATAATACGACTA-1","WM"
"AGATCGTGCATAAGAT-1","L3"
"AGATCTCAGGTGTGAT-1","L3"
"AGATGACTCGCCCACG-1","L3"
"AGATGAGGGTTGCGAT-1","L3"
"AGATGATGGAGTCTGG-1","L3"
"AGATGCAAGACGTGCA-1","L6"
"AGATTATAGGACGTTT-1","L5"
"AGATTCACAACCGATA-1","L5"
"AGCAAAGGCCGCTAGT-1","L6"
"AGCAACATATCTTATT-1","L3"
"AGCAACCGAAAGTAAT-1","L6"
"AGCACACGTTTAGACT-1","L6"
"AGCACCAGTACTCACG-1","L3"
"AGCACTACCGGCCTGT-1","L4"
"AGCACTACCTCACCAG-1","L5"
"AGCACTTAAGGACGCC-1","L4"
"AGCAGAAGGAGAAAGA-1","WM"
"AGCAGCCAGATGAATA-1","L6"
"AGCAGTCGAAGCATGC-1","WM"
"AGCATATCAATATGCT-1","L5"
"AGCATCATTTCGAAAG-1","L5"
"AGCATCGTCGATAATT-1","L3"
"AGCATTACGAGGCAAG-1","L6"
"AGCCAAGCTTTGTGTC-1","WM"
"AGCCACAGGTTACCCG-1","L6"
"AGCCACTCCCGTGCTT-1","L3"
"AGCCATATAGTATGTG-1","WM"
"AGCCCATACATGTAAG-1","L5"
"AGCCCGCAACAAGCAG-1","WM"
"AGCCCGGCATTAGAGG-1","L6"
"AGCCCGGTAGCCTGTA-1","WM"
"AGCCCTAAGCGAAGTT-1","L3"
"AGCCCTCCCTGGTGGC-1","WM"
"AGCCCTGTCGCACCGT-1","L3"
"AGCCCTTCTAATCCGA-1","L3"
"AGCCCTTGGACATCCC-1","L5"
"AGCCGCAAATTCAAAT-1","L3"
"AGCCGTGGCTAAATGT-1","L5"
"AGCCTAATACCCACGT-1","L5"
"AGCCTTAAAGCGGAAG-1","L3"
"AGCGACAGGAACGGTC-1","L6"
"AGCGACATCCCATTCA-1","L3"
"AGCGACCAACGATATT-1","L3"
"AGCGAGACGTGAAGGC-1","L6"
"AGCGATGCGCCTAATA-1","L6"
"AGCGCATAATGAATCG-1","L6"
"AGCGCGGGTGCCAATG-1","L3"
"AGCGCTAGAGCGATGT-1","L3"
"AGCGCTTATGGGCAAG-1","L3"
"AGCGGACACTTCGTAG-1","WM"
"AGCGGCGGTTAGCGGT-1","L5"
"AGCGGGAAGGGTCCAT-1","L3"
"AGCGGGTCTGACACTC-1","WM"
"AGCGGTTGCCGCTCTG-1","L3"
"AGCGTGGTATTCTACT-1","L5"
"AGCTAACAAGCAATGT-1","L6"
"AGCTAAGTACGCAGGC-1","L6"
"AGCTAGAAGCAGAAGT-1","L3"
"AGCTATTTAATCCAAC-1","L3"
"AGCTCCATATATGTTC-1","L5"
"AGCTCCTTCGCACATC-1","L5"
"AGCTCGTTGATGGAAA-1","L3"
"AGCTCTAGACGTTCCA-1","L4"
"AGCTCTTCCCAGTGCA-1","L3"
"AGCTCTTCGTAACCTT-1","L3"
"AGCTCTTTACTCAGTT-1","L5"
"AGCTGAAGTAAACCAA-1","L3"
"AGCTGTAACCTCAATC-1","L6"
"AGCTTCTTCTCGAGCA-1","L6"
"AGCTTGATCAGGGTAG-1","L6"
"AGCTTGATCTTAACTT-1","L5"
"AGGAACGAACGACTTC-1","L6"
"AGGAAGCTGTCCGCCG-1","WM"
"AGGACAGTCGAATCCC-1","L4"
"AGGACATCGCACGTCG-1","L3"
"AGGACATCGGCACACT-1","L6"
"AGGACGACCCATTAGA-1","L5"
"AGGACGCTCGATGTTG-1","L3"
"AGGAGACATCCACAGT-1","L3"
"AGGAGAGTCTGGCTAC-1","L3"
"AGGAGGCCTTCGCGCG-1","L5"
"AGGATAAAGTCGGGAT-1","L6"
"AGGATATAGGGATTTA-1","L4"
"AGGATATCCGACTGCA-1","L6"
"AGGATCACGCGATCTG-1","L5"
"AGGATTGCTTACGACA-1","L3"
"AGGCACGTGACTGTCC-1","L5"
"AGGCAGATGCGTAAAC-1","L3"
"AGGCAGGGAGCGTACT-1","WM"
"AGGCATTGTCGTAGGG-1","L5"
"AGGCCACCCGTTATGA-1","L3"
"AGGCCCATTGTACAGG-1","L3"
"AGGCCCTAGAACGCCA-1","L5"
"AGGCCTATCATACCAA-1","WM"
"AGGCCTGAGAATCTCG-1","L6"
"AGGCGATAACTGGCGT-1","L5"
"AGGCGGTTTGTCCCGC-1","L6"
"AGGCGTCTATGGACGG-1","L3"
"AGGCTATGGTTAGCTT-1","L3"
"AGGCTTCCCGAAGAAG-1","L6"
"AGGCTTGCTAGACACC-1","L3"
"AGGGAAACGAGGTACT-1","L3"
"AGGGACCGGCTGCGTT-1","L3"
"AGGGACTCTACGCGAC-1","L6"
"AGGGAGACATACTTCG-1","L3"
"AGGGCAGCGGCGTGGT-1","L3"
"AGGGCCCTAATGTTCT-1","L5"
"AGGGCGAGCAGCTGAT-1","L5"
"AGGGCGTGATCGGCTA-1","L3"
"AGGGCTGCAGTTACAG-1","L4"
"AGGGTCAGAGCACTCG-1","WM"
"AGGGTCAGTAACCCTA-1","L3"
"AGGGTCGATGCGAACT-1","L3"
"AGGGTCTGGACGCAGT-1","L6"
"AGGGTGCCGTTCTTTA-1","WM"
"AGGGTGCTCTCGAGGG-1","L3"
"AGGGTGGATAGTGCAT-1","L3"
"AGGGTTCAGACGGTCC-1","WM"
"AGGGTTCCCTTTGGTT-1","L3"
"AGGGTTTAGTTCGGGA-1","L4"
"AGGTAACCTCCTATTC-1","L3"
"AGGTACGATATTGCCA-1","L3"
"AGGTAGATCGAGATAT-1","WM"
"AGGTAGGTACAAAGCT-1","L5"
"AGGTATAATTGATAGT-1","L3"
"AGGTATGCGGACATTA-1","L3"
"AGGTCAGGTGAGAGTG-1","L5"
"AGGTCGCCTCCCAACA-1","L5"
"AGGTCGCGGAGTTACT-1","L3"
"AGGTGCACGTCCACAT-1","L6"
"AGGTGGTGACCTTCGC-1","WM"
"AGGTGTATCGCCATGA-1","L4"
"AGGTGTTGCCGACCAC-1","L5"
"AGGTTACACCATGCCG-1","L3"
"AGGTTGAGGCACGCTT-1","L3"
"AGGTTTCACACACCTT-1","L5"
"AGTAACGTTCATCCTG-1","L3"
"AGTAACTATAGCAGCC-1","L6"
"AGTAATCTAAGGGTGG-1","WM"
"AGTAATGTCTTGCCGC-1","L3"
"AGTAATTTGCAAGCGT-1","L6"
"AGTACAGAAGCTTATA-1","WM"
"AGTACATCATTTATCA-1","L3"
"AGTACCTTCGAGTGCT-1","L3"
"AGTACGGCCCGTATCG-1","L3"
"AGTACGGGCACCTGGC-1","L3"
"AGTACGTGGCCTGTCT-1","L3"
"AGTACTCTTATGCCCA-1","L6"
"AGTAGAAGGCGCCTCA-1","WM"
"AGTAGGAAGGAAGTTG-1","L3"
"AGTAGGTAACATACAT-1","L3"
"AGTATAATACTAGGCA-1","L3"
"AGTATACACAGCGACA-1","WM"
"AGTATGCTGGAGACCA-1","L6"
"AGTATTTGGCACGACC-1","L6"
"AGTCAAATGATGTGAT-1","WM"
"AGTCAACACCACCATC-1","L5"
"AGTCAAGATGACACTT-1","L5"
"AGTCACTAGCTCTCGA-1","L5"
"AGTCAGCCACCGCCTG-1","L3"
"AGTCCATTGGCTGATG-1","L3"
"AGTCCCGCCTTTAATT-1","L3"
"AGTCCCTCGCAGAAAG-1","L3"
"AGTCGACGGTCTCAAG-1","L3"
"AGTCGGCCCAAACGAC-1","L3"
"AGTCGGCTCAACTTTA-1","L5"
"AGTCGGTTGCGTGAGA-1","L3"
"AGTCGTATAAAGCAGA-1","WM"
"AGTCGTCGACCACCAA-1","L6"
"AGTCGTGGGCATTACG-1","L6"
"AGTCTAAAGTATACTC-1","L3"
"AGTCTCACAAGACTAC-1","L6"
"AGTCTGGACATCCTTG-1","L3"
"AGTCTTCTCCTCAAAT-1","L3"
"AGTCTTTAAAGTGTCC-1","WM"
"AGTGAACAAACTTCTC-1","L3"
"AGTGAAGATGGTGTCC-1","L3"
"AGTGACCTACTTTACG-1","L5"
"AGTGACTGTGACACAA-1","L6"
"AGTGAGACTTCCAGTA-1","L3"
"AGTGAGCCTCGCCGCC-1","L3"
"AGTGAGGGTTTCTGAC-1","L3"
"AGTGAGTCGAATTAAC-1","L6"
"AGTGATAACCTGCGCG-1","L6"
"AGTGATATGAGTAGTT-1","L6"
"AGTGATTCAAGCAGGA-1","L3"
"AGTGCACGCTTAAGAA-1","L5"
"AGTGCGTAGCTCGTAA-1","L6"
"AGTGCTAAACACAGCA-1","L6"
"AGTGCTTGCACGAATA-1","L3"
"AGTGGCGGCAATTTGA-1","L3"
"AGTGGCGTCTGAAGGT-1","L6"
"AGTGGCTCCGTCGGCC-1","L4"
"AGTGGTGTTACCCGTG-1","L5"
"AGTGGTTGCGTATAGG-1","L3"
"AGTGTATTGCGCATTG-1","L3"
"AGTGTGCTAAGATCGC-1","L3"
"AGTGTGGTCTATTGTG-1","L3"
"AGTTAAACACTTGCGA-1","L5"
"AGTTAAGCGGTCCCGG-1","L3"
"AGTTAAGTCAACCGCT-1","L5"
"AGTTACCCTTAAGACT-1","L3"
"AGTTACCGCACATGGT-1","L3"
"AGTTACTCTATCGTGG-1","L3"
"AGTTCCTACAGAATTA-1","L4"
"AGTTCCTATTTATGTT-1","L5"
"AGTTCTGCGTTGTATC-1","L3"
"AGTTGACATCGGCTGG-1","L3"
"AGTTGACGGTCCTTGC-1","WM"
"AGTTGCGGTCCTCAAC-1","L6"
"AGTTGCTGACTGATAT-1","L3"
"AGTTGGCAAGGCTAGA-1","L6"
"AGTTTATGTAAAGACA-1","L3"
"AGTTTCGCAGGTCGGA-1","L3"
"AGTTTGCACCTGCCTC-1","L6"
"AGTTTGGCACGGGTTG-1","L4"
"AGTTTGGCCAGACCTA-1","L5"
"ATAAACGGACCCGTAA-1","L5"
"ATAAACGTTGCACCAC-1","L5"
"ATAAAGGCTCGGTCGT-1","L5"
"ATAAAGGTCAAGTACG-1","L3"
"ATAAATATTAGCAGCT-1","L5"
"ATAACGCCGGAGGGTC-1","L3"
"ATAACGGAGTCCAACG-1","L3"
"ATAACGTTACCTCCAC-1","L3"
"ATAAGCAAACACCGAG-1","L3"
"ATAAGGTGGAGAACAT-1","L5"
"ATAAGTACCCGATTGT-1","L3"
"ATAAGTAGGATTCAGA-1","L3"
"ATAAGTAGGGCGACTC-1","L3"
"ATAAGTTACCGCGACG-1","L6"
"ATAATACCGTTAGCCG-1","L3"
"ATAATAGCTGTTGAAT-1","L5"
"ATAATAGTGTAGGGAC-1","L3"
"ATAATCTTGGAGAACC-1","L6"
"ATAATTAGCTAAGTAG-1","WM"
"ATACAGGCCCTCCAAT-1","L6"
"ATACCACGGGCAACTT-1","L5"
"ATACCAGGCTAATAGA-1","L3"
"ATACCGTCATCCATAA-1","L3"
"ATACCTAACCAAGAAA-1","L6"
"ATACGAAGGCTTTCCA-1","L3"
"ATACGAGGTTTGTAAG-1","WM"
"ATACGCCGGCGAAACC-1","L4"
"ATACGGAACGTCGTTT-1","L6"
"ATACGGGTTTCGATTG-1","L3"
"ATACGGTGAAGATGCA-1","L3"
"ATACGTACTTAGCCAC-1","L6"
"ATACGTCCACTCCTGT-1","L5"
"ATACGTTATGCACGGA-1","WM"
"ATACTACCCGTACCAC-1","L5"
"ATACTAGCATGACCCT-1","L3"
"ATACTCTCGCCACTCT-1","L3"
"ATACTGCCTTACACCG-1","L6"
"ATACTTGTTCTCGAGC-1","L3"
"ATAGACAACGGGACCT-1","L3"
"ATAGACGAAGAGAAAG-1","L5"
"ATAGAGTACTGGGACA-1","L3"
"ATAGAGTTATCAACTT-1","L3"
"ATAGCAACTAGGGAAG-1","L6"
"ATAGCTGCTCTTGTTA-1","L3"
"ATAGGAATCTAAGCTT-1","L3"
"ATAGGCGGCTATAGAA-1","L5"
"ATAGGCTAGCTTCGCA-1","L3"
"ATAGGGATATCCTTGA-1","L3"
"ATAGGTTGGGCAGATG-1","L3"
"ATAGTCTTTGACGTGC-1","L3"
"ATAGTGAAGCGTTCTC-1","L5"
"ATAGTTCCACCCACTC-1","L3"
"ATATAAAGCGCTCGTG-1","L6"
"ATATAAATGTAGCTGC-1","L6"
"ATATAACACGGGCGCA-1","L6"
"ATATACGCTCGTGACG-1","L6"
"ATATAGAGTATTGGTC-1","L6"
"ATATCAACCTACAGAG-1","L3"
"ATATCGGTAGGGAGAT-1","L3"
"ATATCGTTCCTCGAAC-1","L6"
"ATATCTCCCTCGTTAA-1","L3"
"ATATCTTAGGGCCTTC-1","L4"
"ATATGGGATAGCAACT-1","WM"
"ATATGTCTAGAGCGTG-1","WM"
"ATATGTCTCCCTAGCC-1","L3"
"ATATGTGCACAAACCA-1","L3"
"ATATTCAGTTAAACCT-1","L5"
"ATATTCCACATAGTGA-1","L5"
"ATATTCCCACAGGTCA-1","L3"
"ATATTGCTGTCAAAGT-1","L3"
"ATATTGGAGAGGCCTT-1","L5"
"ATATTTAACCCTCAAG-1","L4"
"ATCAAACACTGTTCCA-1","L4"
"ATCAAACGAAGGTTTG-1","L6"
"ATCAAGATCCCAGGAC-1","WM"
"ATCAATCTGGGCTGCA-1","L3"
"ATCAATGCCGTGGCTG-1","L6"
"ATCACATTAGAATATC-1","L3"
"ATCACGTGCTAATTAA-1","L5"
"ATCACTTCATCCTCGC-1","L3"
"ATCAGACGGCACGCCG-1","L5"
"ATCAGCCTCATGCTGC-1","L6"
"ATCAGCTCGTCCACTA-1","L5"
"ATCAGGTCGCCATTGC-1","L3"
"ATCAGTAGGCAGGGAT-1","L3"
"ATCATAGATCGACGAG-1","WM"
"ATCATAGCCCTATGTA-1","L6"
"ATCATCCAATATTTGT-1","L5"
"ATCCAACGCAGTCATA-1","L3"
"ATCCAATGGAGGGTCC-1","L5"
"ATCCAATGGTACCGAA-1","L3"
"ATCCACATCGACAGAA-1","WM"
"ATCCACGCTAAATGTT-1","L3"
"ATCCACTTTCAGACTA-1","L3"
"ATCCAGAGCAACAACC-1","L6"
"ATCCAGGATTCGTGAA-1","L5"
"ATCCCATCCACAGCGC-1","L6"
"ATCCCATTTCCGTGGG-1","WM"
"ATCCTACCTAAGCTCT-1","L5"
"ATCCTGAATCGCTGCG-1","L5"
"ATCCTGCGTGGAATGG-1","L6"
"ATCGACCCAATACAGA-1","L5"
"ATCGACTCTTTCCGTT-1","L3"
"ATCGCACGCCGGGAGA-1","L3"
"ATCGCCAGTCAACATT-1","L3"
"ATCGCTGCGTGCAGCA-1","L3"
"ATCGGAGACAGACGGC-1","L6"
"ATCGGCAAGCAGTCCA-1","L3"
"ATCGGTTACCTAGTAA-1","L3"
"ATCGTATTCCGAGAAC-1","L3"
"ATCGTGGAAAGTCTGG-1","L6"
"ATCGTTAGCTAGCGGA-1","L5"
"ATCGTTCACTTTCGCC-1","L3"
"ATCTAATATCCTACGG-1","L6"
"ATCTACCATCTGCTCC-1","WM"
"ATCTAGCTTGTGAGGG-1","WM"
"ATCTCCCACGGAATAT-1","L5"
"ATCTCCCTGCAATCTA-1","L3"
"ATCTCGTGAGCGAAAC-1","L3"
"ATCTGACATGGAAGGA-1","WM"
"ATCTGATAGTGTCTTA-1","L3"
"ATCTGCACCTCTGCGA-1","L3"
"ATCTGCTGTTATCGCC-1","WM"
"ATCTGGGCTGTTCTTG-1","WM"
"ATCTGGTTAAGACTGT-1","L3"
"ATCTGTAATTGTACCC-1","L3"
"ATCTTAGGGCATTAAT-1","L6"
"ATCTTATCGCACACCC-1","L6"
"ATCTTGACCTGCAACG-1","L3"
"ATCTTGACTTGTCCAA-1","L3"
"ATCTTTCGTATAACCA-1","L3"
"ATGAAGCCAAGGAGCC-1","L3"
"ATGAAGTGGACCCAGC-1","L3"
"ATGACGCCGGCTCTAA-1","L3"
"ATGACGCGTTCTATCC-1","L6"
"ATGACTATCAGCTGTG-1","WM"
"ATGACTATGCGACATT-1","L5"
"ATGAGGAGTGTTAATC-1","L3"
"ATGAGGGCAGCGGCTA-1","L3"
"ATGATCGGGAATAGAC-1","L3"
"ATGATGCAATGGTACA-1","L5"
"ATGCACGCGCTGTTCA-1","L5"
"ATGCACTACCGCATTG-1","L3"
"ATGCATGATCCAGGAT-1","L3"
"ATGCCAATCGCTCTGC-1","L3"
"ATGCCATTTGCGACCA-1","L4"
"ATGCCGGTCTTGCATA-1","L3"
"ATGCCGGTTGATGGGA-1","L3"
"ATGCGACAATTGGTCC-1","L3"
"ATGCGACAGTCCCATT-1","L3"
"ATGCGAGTCCCACCAC-1","L4"
"ATGCTCAGTGTTGCAT-1","L3"
"ATGCTCTGGCGCGGTA-1","L6"
"ATGCTTAGGAGTTGAT-1","L5"
"ATGGAAATTTAAGGAG-1","L5"
"ATGGAACCTTTGCACA-1","L3"
"ATGGACTGCTTAGTTG-1","WM"
"ATGGAGCAGGCCGTGA-1","L4"
"ATGGATCCGGCGTCCG-1","L3"
"ATGGATTGACCAAACG-1","L3"
"ATGGCAGCATTACGAT-1","L6"
"ATGGCAGCCGAGAAAC-1","L3"
"ATGGCTGGAAATGGCC-1","L3"
"ATGGGACCTGCTGAAC-1","L6"
"ATGGGCCTCGGCCTCT-1","L4"
"ATGGGTGTATACCTCC-1","L6"
"ATGGTATTGGGAACCG-1","WM"
"ATGGTATTTACTGATT-1","L6"
"ATGGTCGCGTGGTTTC-1","L5"
"ATGGTTACGAAACATG-1","L3"
"ATGTAAGGCTGCTCTT-1","L3"
"ATGTACATGCGGTGAG-1","L6"
"ATGTACGATGACGTCG-1","WM"
"ATGTAGCGCGCGTAGG-1","WM"
"ATGTCTTGTTTGACTC-1","WM"
"ATGTGAAAGCCTAATG-1","L5"
"ATGTGCATCCGACGCA-1","L3"
"ATGTGGACATCTTGAT-1","L5"
"ATGTTACGAGCAATAC-1","L3"
"ATGTTCGTCGACCCAC-1","L3"
"ATGTTGATTAGAGACT-1","L6"
"ATGTTGTAGTCTGTTT-1","WM"
"ATGTTTGTAAGATCAT-1","L3"
"ATTAAACATGCGGACC-1","L5"
"ATTAATACTACGCGGG-1","L3"
"ATTAATGAACCAGTCG-1","L3"
"ATTAATTCGGTCACTC-1","L3"
"ATTACAACTACCGGCC-1","L3"
"ATTACATGTCAGTCTT-1","L4"
"ATTACCACACTGCCTG-1","L3"
"ATTACGACTCCACAGT-1","L3"
"ATTACGCGCTGGCAGG-1","L5"
"ATTACTAGCCTCTTGC-1","L3"
"ATTACTTACTGGGCAT-1","L3"
"ATTAGATTCCTCAGCA-1","L3"
"ATTAGATTGATAGCGG-1","L3"
"ATTAGGCGATGCTTTC-1","L4"
"ATTATACTTTGCTCGT-1","L3"
"ATTATAGCTACTTTAC-1","L3"
"ATTATCGGAATGTACG-1","WM"
"ATTATCTCGACAGATC-1","L3"
"ATTATGAGACCCAATT-1","L6"
"ATTATGCCATAGGGAG-1","L3"
"ATTATTATGTCCGTCA-1","L6"
"ATTATTCAGAGTCACT-1","L6"
"ATTCAACCATTTAAGG-1","L5"
"ATTCACTGATGTTGGA-1","L6"
"ATTCAGGACCTATTTC-1","L3"
"ATTCAGTAGCAGGGTC-1","L3"
"ATTCATATACTGTCCA-1","L5"
"ATTCATCGTTGAGGCA-1","L6"
"ATTCCCACATAAACAA-1","L3"
"ATTCCTAAGACGTGGA-1","L3"
"ATTCCTCCGCCAGTGC-1","L3"
"ATTCCTTCCAGGCGGT-1","L3"
"ATTCGACGCCGGGCCT-1","L5"
"ATTCGCAGAGGACACT-1","L3"
"ATTCGCGCCTTGAGAG-1","L6"
"ATTCGTGCTATCTCTT-1","L3"
"ATTCTCGTCTCTTTAG-1","L3"
"ATTCTGAGTATGAACT-1","L3"
"ATTCTTCGTACTTATG-1","L3"
"ATTGAAGATCTTAGTG-1","L4"
"ATTGACCGGCGATGAC-1","L3"
"ATTGACGTAACTCGGT-1","L3"
"ATTGATAGCAACGAGA-1","L3"
"ATTGATCACCACATTT-1","L5"
"ATTGATGAGTCCTAAC-1","L3"
"ATTGCCTATTAGACCG-1","L6"
"ATTGCCTTTATGTTTG-1","L6"
"ATTGCGATCAGTAACT-1","L5"
"ATTGCTGCTCCTCCAT-1","L5"
"ATTGGATTACAGCGTA-1","L5"
"ATTGGGAATATCTTGG-1","L3"
"ATTGGGAGTTCTGTAA-1","L3"
"ATTGGTAGGATCCGCT-1","L3"
"ATTGGTTGTGCATTAC-1","L6"
"ATTGTACAACTCGGCT-1","L3"
"ATTGTCGCAATACCTT-1","L3"
"ATTGTCTGTTTCATGT-1","WM"
"ATTGTGACTTCGCTGC-1","L3"
"ATTGTTCAACGATCCG-1","L4"
"ATTTAACTCGTATTAC-1","L3"
"ATTTACAGTTTACTGG-1","L4"
"ATTTACTAAGTCCATT-1","L3"
"ATTTATACTGGTAAAG-1","WM"
"ATTTCATTATTTCGCG-1","L3"
"ATTTCCGGGTTCTGCG-1","L6"
"ATTTGCGCGAGTAGCT-1","L6"
"ATTTGTCTTGGGAGCT-1","L4"
"ATTTGTTCCAGGGCTC-1","L3"
"CAAACCAGGTCTGCAT-1","L3"
"CAAACCCTCCGGCGGG-1","WM"
"CAAACGAGTATCGCAG-1","L6"
"CAAACGGTCGCACTTT-1","L4"
"CAAACTACGATAGAGA-1","L3"
"CAAACTATTGAGCTTC-1","L3"
"CAAACTCGCGACGCCG-1","L3"
"CAAAGATTATTGGGCC-1","L6"
"CAAAGGTTAAATTCAG-1","L3"
"CAAATCTCTCACAAGG-1","L5"
"CAAATGTCCTTCCGTG-1","L6"
"CAAATTGGATTATGCC-1","L3"
"CAAATTGTCAGCAAGC-1","L3"
"CAACACATCTCCTGCC-1","L3"
"CAACCAGTGGCCTACC-1","L5"
"CAACCTACCGAGCAGT-1","L6"
"CAACCTGAACCTGCCA-1","L3"
"CAACGACCCGTTTACA-1","L3"
"CAACGCGATGAGCCAA-1","WM"
"CAACGGTTCTTGATAC-1","L3"
"CAACGTGGTGGAGTCT-1","L5"
"CAACTATATCGAATGC-1","L3"
"CAACTCCGTAACTTGC-1","L3"
"CAACTCCTTGATCCCG-1","L3"
"CAACTGAGGGTATGAC-1","L3"
"CAACTGCTCATCCGAT-1","WM"
"CAACTTGTAGTGGGCA-1","L3"
"CAAGAAACCCTAAACT-1","L3"
"CAAGAGGGCGGAGTAC-1","L5"
"CAAGATATTATAACGT-1","L4"
"CAAGCAACGTCGGAGT-1","L4"
"CAAGCACCAAATGCCT-1","L3"
"CAAGCGGCACATAATT-1","L6"
"CAAGGATCGCATGTTC-1","L5"
"CAAGGCCAGTGGTGCA-1","L6"
"CAAGGTCCTATAGGCT-1","L3"
"CAAGTAAGTGATAGAC-1","WM"
"CAAGTGTGGTTGCAAA-1","L3"
"CAATAAACCTTGGCCC-1","L3"
"CAATACGAGAGTCTGA-1","L3"
"CAATACGCTCTGAGGC-1","L4"
"CAATATGTAGATTTAC-1","L3"
"CAATATTCTTGACCTA-1","L6"
"CAATCCCTATACCAGC-1","L3"
"CAATCCTGCCGTGGAG-1","L3"
"CAATGACCCTTAATTT-1","WM"
"CAATGAGGTTCGACTA-1","L3"
"CAATGCGAGAAGTATC-1","L6"
"CAATGGAATCTACATA-1","L3"
"CAATGGATCTCTACCA-1","L3"
"CAATGTGCCAACCCTT-1","L3"
"CAATTAAGGGTGATGA-1","L3"
"CAATTTCGTATAAGGG-1","L5"
"CACAAGAAAGATATTA-1","L3"
"CACAAGCTAAGAAAGG-1","L6"
"CACAATGAGCTGCTAT-1","L5"
"CACACACGCTAACGAG-1","L5"
"CACACAGCTTGCGCTC-1","L3"
"CACACAGGGATAGATT-1","L3"
"CACACGCGCTGTCTTA-1","L3"
"CACACGTTTCAATGGG-1","L3"
"CACACTTGTATTGCGA-1","L3"
"CACAGAGACGAGGACG-1","L6"
"CACAGCACCCACGGCA-1","L3"
"CACAGCTAGGGAGTGA-1","L3"
"CACAGGGCCATATAGT-1","L5"
"CACAGGGCCGTTGTCA-1","WM"
"CACAGTCCCGCTTCGC-1","L5"
"CACAGTTCGCTTCCCA-1","L5"
"CACATATTAGCAGGAT-1","L5"
"CACATCGTGCACGCGC-1","L6"
"CACATCTCACCGACGA-1","L6"
"CACATGATTCAGCAAC-1","L5"
"CACATGTTTGGACATG-1","L3"
"CACATTCTTTCGATGG-1","L3"
"CACATTTCTTGTCAGA-1","L3"
"CACCACGCCACACAGA-1","L4"
"CACCAGTCAGCATGCA-1","L6"
"CACCATCGGAGGAGAC-1","L3"
"CACCATGATCGCAAAG-1","L3"
"CACCCAAATCTTATGT-1","L3"
"CACCCACACGTCACCC-1","L3"
"CACCCACGAGGCAATT-1","L3"
"CACCCGGTTTGTGACT-1","L6"
"CACCCTAACAAGATCT-1","L6"
"CACCCTTGGTGAGACC-1","L5"
"CACCCTTTCCTCGCTC-1","L3"
"CACCGATACACCGAGC-1","L3"
"CACCGATGATGGGTAC-1",NA
"CACCGCCAGAAGGTTT-1","L3"
"CACCGCCGACCAGCGA-1","L3"
"CACCGCGTCCACTCTA-1","L3"
"CACCGGAGATATCTCC-1","L3"
"CACCGGGCATCACAAG-1","WM"
"CACCGGTAGAGACATT-1","L6"
"CACCGTATCCCATCCG-1","L5"
"CACCGTTAGGGATCAC-1","L6"
"CACCGTTGCGCGATAT-1","L5"
"CACCTAATAGAGTCGT-1","L3"
"CACCTAATCAGTTTAC-1","L3"
"CACCTCGATGGTGGAC-1","L3"
"CACCTTGCGAAACTCG-1","L3"
"CACCTTGGCGCCTTTG-1","L3"
"CACGAAAGTTAGTCCC-1","L4"
"CACGACGTAATAGTAA-1","L3"
"CACGAGCAAACCAGAC-1","L6"
"CACGCACAGCGCAGCT-1","L3"
"CACGCAGCGAGGCTTT-1","L4"
"CACGCGGAACTGTTGC-1","L3"
"CACGGACGTGGATGGC-1","L3"
"CACGGCGCGCCAAAGG-1","L3"
"CACGGGATTGAGGGTT-1","L3"
"CACGTCAATCAATGGA-1","L5"
"CACGTCGGCAACCTCT-1","L6"
"CACGTCTATGATGTGG-1","L3"
"CACGTTCGTGCTCTAG-1","L3"
"CACGTTTCGTACACAC-1","L5"
"CACTAAAGTTGCCTAT-1","L5"
"CACTACGGGAGCTGCC-1","L5"
"CACTCAAGAGCTATGG-1","L5"
"CACTCAGCTCTTGAGG-1","L3"
"CACTCCTATGTAAGAT-1","L6"
"CACTCCTCTCGGTCGG-1","L3"
"CACTCGAGCTGAACAA-1","L5"
"CACTCGGTTAGGAGGA-1","L3"
"CACTCTCAAGCATCGA-1","WM"
"CACTCTTCTGCTAGCC-1","L5"
"CACTGACGATTGTGGA-1","WM"
"CACTGTCCAAGTGAGA-1","L3"
"CACTTAATCAGACGGA-1","L5"
"CACTTCGCCACAGGCT-1","L3"
"CACTTCGTCTTATCTC-1","L3"
"CAGAACTTAGCCCTCT-1","L5"
"CAGAATAACACACGGA-1","L5"
"CAGACACCGATCGCTG-1","L6"
"CAGACCTGTAAGTGTT-1","L3"
"CAGACGAACCTGATAC-1","L6"
"CAGAGACGGTCACCCA-1","L6"
"CAGAGCATGAGCTTGC-1","L3"
"CAGAGGCGATGCATGA-1","L6"
"CAGAGTGATTTAACGT-1","L3"
"CAGATAATGGGCGGGT-1","L6"
"CAGATACTAACATAGT-1","L3"
"CAGATATGAAGATGAC-1","L6"
"CAGATCATTTAAAGTC-1","L3"
"CAGATCCTGGTTTGAA-1","L5"
"CAGCAGCCCGTTCCTT-1","L3"
"CAGCAGTCCAGACTAT-1","L5"
"CAGCAGTCTGTGCTGC-1","WM"
"CAGCCGGGCCCTCTAT-1","L3"
"CAGCCTCCTGCAGAGG-1","L3"
"CAGCCTCGATAGCGGT-1","L5"
"CAGCCTCTCCTCAAGA-1","L3"
"CAGCGATTCCCTTCAA-1","L6"
"CAGCGCCAACACGATA-1","L3"
"CAGCTCACTGAGACAT-1","L4"
"CAGCTCGACAAGTTAA-1","L3"
"CAGCTCGTGCTTGTGT-1","L3"
"CAGCTCTGGGCTCACT-1","WM"
"CAGCTGGCGTAACCGT-1","L5"
"CAGCTTAGTAGGTAGC-1","L4"
"CAGGAAGACTTTATAT-1","L3"
"CAGGATATATCGTTGT-1","L5"
"CAGGCAGTCTTACCAG-1","L6"
"CAGGCCAGTACCACCT-1","L6"
"CAGGCCGTTTGGGTGT-1","L5"
"CAGGCGCACGGTGGTC-1","L6"
"CAGGCGCCATGCTAGG-1","L5"
"CAGGGAGATAGGCCAG-1","L6"
"CAGGTTTAGTACTACA-1","L3"
"CAGTAACTATTTATTG-1","L3"
"CAGTAATCCCTCCCAG-1","L3"
"CAGTACATTCTCTAAA-1","L3"
"CAGTACCAGTTTACGT-1","L5"
"CAGTAGCCCACGCGGT-1","L3"
"CAGTCCAACGCCTTCT-1","L3"
"CAGTCGAGGATGCAAT-1","L3"
"CAGTCTGTATACTGGG-1","L5"
"CAGTGAATAAATGACT-1","L3"
"CAGTGGTTGCACATGA-1","L3"
"CAGTGTCCGCAGAATG-1","L3"
"CAGTGTCGGCTGGCCC-1","L5"
"CAGTGTTAATCTCTCA-1","L6"
"CAGTTCAAATTGACAC-1","L3"
"CAGTTCCGCGGGTCGA-1","L3"
"CAGTTCGAGGACCCGA-1","WM"
"CATAACGGACAGTCGT-1","L3"
"CATAAGAAGCTTGGCT-1","L6"
"CATAAGCTCTCCGTCT-1","L5"
"CATACAAAGCCGAACC-1","L3"
"CATACACGGTTCCCAC-1","WM"
"CATACCCGTACCCAGT-1","L5"
"CATACGAACTAGCTGG-1","WM"
"CATACGGCGTCTGGGC-1","L5"
"CATACTATGTAATTGT-1","L5"
"CATACTTAGGCAATAC-1","L3"
"CATACTTCTTTCTCCG-1","WM"
"CATAGAGGAGATACTA-1","WM"
"CATAGCCGCCCGGGAT-1","L3"
"CATAGCGTTGCCCACC-1","L6"
"CATAGGGACACTTGTG-1",NA
"CATAGTACATTGAGAG-1","L3"
"CATAGTAGCATAGTAG-1","L3"
"CATAGTCAAATACATA-1","L6"
"CATAGTCCACAAGAAC-1","L5"
"CATATACTACTGATAA-1","L3"
"CATATAGGTACAGTCA-1","L5"
"CATATGTCAGGCTACG-1","L5"
"CATATTATTTGCCCTA-1","L3"
"CATCAAACTGGCGCCC-1","L3"
"CATCAACACCTACTAA-1","L3"
"CATCATCTACCCGGAC-1","L3"
"CATCATTACCCTGAGG-1","L5"
"CATCCAATATAGTTTG-1","L6"
"CATCCCGAGATTCATA-1","L6"
"CATCCGCAGGCCCGAA-1","L3"
"CATCCTCTCAAAGATC-1","L5"
"CATCGCCCGCGGCCAA-1","L3"
"CATCGGACGGGTTAAT-1","L5"
"CATCGTCCGGTTACTA-1","L3"
"CATCTACCCGAGAACG-1","L3"
"CATCTAGTGAAGGGAA-1","L3"
"CATCTATCCCGTGTCT-1","L3"
"CATCTGCAGGATCATT-1","L3"
"CATCTTACACCACCTC-1","L3"
"CATGAACCGACATTTG-1","L3"
"CATGACTTCGCTGAAT-1","L3"
"CATGAGATGCACTCTC-1","L6"
"CATGAGTCCATCACGG-1","WM"
"CATGATCGCTTTGAGA-1","L6"
"CATGATGCACAATTCT-1","L3"
"CATGATGGAAGTTAGC-1","L3"
"CATGCACATGAGAGGC-1","L6"
"CATGCCAACTCGCAAA-1","L5"
"CATGCGACCAGTTTAA-1","L3"
"CATGCGTTAGACAGAA-1","L3"
"CATGCGTTGAGAGGAG-1","WM"
"CATGCTGGCTCCAATT-1","L3"
"CATGGAAATGGGACCA-1","L3"
"CATGGATTGTCTTCCG-1","L5"
"CATGGCAGGAAGATCG-1","L3"
"CATGGGTATGCCTTAT-1","L6"
"CATGGGTCGGGTGTGG-1","L3"
"CATGGTAAGTAGCGTT-1","L5"
"CATGGTATTAGTTTGT-1","L5"
"CATGGTCTAGATACCG-1","L3"
"CATGGTTTATTAATCA-1","L6"
"CATGTAAGAGACATTT-1","L5"
"CATGTAGGAGCGCCAA-1","L3"
"CATGTCTCATTTATGG-1","L5"
"CATTACATAGATTGTG-1","L3"
"CATTACGCAGGAAGGG-1","L6"
"CATTACGTCGGCCCGT-1","L3"
"CATTATCCCATTAACG-1","WM"
"CATTATGCTTGTTGTG-1","L3"
"CATTCCCATTCCGTCG-1","L3"
"CATTCCCTAAGTACAA-1","L3"
"CATTCGTCGTAGCGGT-1","L5"
"CATTGATGAACACGCC-1","L3"
"CATTGCGAAATGGGCG-1","L3"
"CATTGCGGGTCAATTC-1","L3"
"CATTGTGTGCTAGATC-1","L3"
"CATTTAGCGGACCATG-1","L3"
"CATTTATCGTTCAAGA-1","L3"
"CATTTCTAGCAGACTA-1","L3"
"CATTTGAGTGGTACGT-1","L6"
"CCAAACAGAACCCTCG-1","L3"
"CCAAATAACAAGATTC-1","L4"
"CCAAATCAAAGGGCAA-1","L6"
"CCAACCTTATGTAACT-1","WM"
"CCAACGATGCACTGAT-1","L4"
"CCAACGCTTGCCAGGG-1","L3"
"CCAAGAAAGTGGGCGA-1","L6"
"CCAAGACTTCTGCGAA-1","L3"
"CCAAGCGTAACTCGTA-1","L3"
"CCAAGGAACAGAGAGG-1","L3"
"CCAAGGTTGCCCTTTC-1","L6"
"CCAAGTTTCTACAGAT-1","L3"
"CCAATAGATTTCATCT-1","L3"
"CCAATAGTGCCGTCGA-1","L5"
"CCAATCGGTAGATCGA-1","L3"
"CCAATGTCACAGCAAG-1","L5"
"CCAATTACGGGTCGAG-1","L3"
"CCAATTGAATGTTAAT-1","L3"
"CCACAATGTACGTCTT-1","L3"
"CCACACTGAGATATTA-1","L5"
"CCACAGTACCCATCCT-1","L5"
"CCACATACTGCACCCA-1","L4"
"CCACCAACTTTACTGT-1","L6"
"CCACCCAAGGAAAGTG-1","L3"
"CCACCTGTATGGAATA-1","L5"
"CCACGAATTTAACCTC-1","L3"
"CCACGAGAAGAGAATC-1","L3"
"CCACGGAGCCATAAGA-1","L5"
"CCACGGCAGGTGTAGG-1","WM"
"CCACGGTGCCCGGTAG-1","L3"
"CCACGTAAATTAGACT-1","L3"
"CCACTATCCGGGTCAC-1","L3"
"CCACTCAGATCCGCAA-1","WM"
"CCACTGGTGGCTGGTT-1","L5"
"CCACTGTTTGGATTAA-1","L5"
"CCAGAAACTGATGCGA-1","L6"
"CCAGAAAGCAACTCAT-1","L6"
"CCAGAGACAAAGCCGG-1","L3"
"CCAGATAGTTGAGTGA-1","L3"
"CCAGATGTAAATGGGT-1","L3"
"CCAGCCTGGACCAATA-1","L4"
"CCAGCGGGATCACCAG-1","L3"
"CCAGCTACGCCTCATA-1","L3"
"CCAGCTCGAACGCATT-1","WM"
"CCAGCTGATGGTACTT-1","L5"
"CCAGCTTCCGCCCGCA-1","L3"
"CCAGGCGAGATGGTCT-1",NA
"CCAGGCTGGCGTCTGA-1","L5"
"CCAGGGACGTGGCCTC-1","L3"
"CCAGTAGTCTGATCCA-1","L3"
"CCAGTCAAATCTCTTA-1","L4"
"CCAGTCCATTATTCGA-1","L3"
"CCAGTCTAGACGGCGC-1","L3"
"CCAGTCTTGTCATAGA-1","L6"
"CCAGTGTACAGACCGA-1","L6"
"CCAGTTCGGTAACTCA-1","WM"
"CCATAAACAACCCGAC-1","L3"
"CCATACCTTTACTTGT-1","L3"
"CCATACTCGCCTCTCC-1","L3"
"CCATAGGTTGGCGTGG-1","L3"
"CCATAGTCAGTAACCC-1","L3"
"CCATATGGAAACTATA-1","L5"
"CCATCCATACCAAGTC-1","L3"
"CCATCGCAGTTAAACT-1","L6"
"CCATCTCACCAGTGAA-1","L3"
"CCATGCCCTAGATTTC-1","L5"
"CCATGCCTGTTTAGTA-1","L5"
"CCATGCTCTGCAGGAA-1","L3"
"CCATGGCAAACGCTCA-1","WM"
"CCATGGCCCTTGTACC-1","L3"
"CCATGTTCATCTATAT-1","WM"
"CCATTAGCGATAATCC-1","L4"
"CCATTCCCTGCCCACA-1","L5"
"CCATTGTTTCCTCCAT-1","L3"
"CCATTTCTACCTATTA-1","L6"
"CCCAAACATGCTGCTC-1","L3"
"CCCAACATACGTCGCG-1","L5"
"CCCAACCACACTAACA-1","L3"
"CCCAAGTCATTACACT-1","L6"
"CCCAATGAGATTTGCA-1","WM"
"CCCAATTTCACAACTT-1","L5"
"CCCAGAGGAGGGCGTA-1","L3"
"CCCAGGAAGAATTCGA-1","WM"
"CCCAGGTCTGAAGGCT-1","L5"
"CCCAGTAAACTTGGGA-1","L5"
"CCCAGTTAAGGCGCCG-1","L4"
"CCCATATAGGTCGATT-1","L6"
"CCCGAAGTTTCGCGAA-1","L5"
"CCCGACCATAGTCCGC-1","L3"
"CCCGAGTTTCTCCGTA-1","L4"
"CCCGCAGCGCGAACTA-1","L6"
"CCCGCAGGGCCCAAAG-1","L3"
"CCCGCCATGCTCCCGT-1","L3"
"CCCGCGCAATGCACCC-1","L3"
"CCCGGGTCGTTCAGGG-1","WM"
"CCCGGTGGAAGAACCT-1","L3"
"CCCGGTGTATCGGAAT-1","L5"
"CCCGTAAGTCTAGGCC-1","L5"
"CCCGTAGCTGGGAAGA-1","L6"
"CCCGTCAGCGTCTGAC-1","L3"
"CCCGTTTCGCAGATGT-1","L5"
"CCCTACCCACACCCAG-1","WM"
"CCCTACTTGAACAATG-1","WM"
"CCCTAGTGTCAGGTGT-1","L3"
"CCCTATGTAGAGCAGA-1","L6"
"CCCTCAGATCGAGAAC-1","L6"
"CCCTCATTCTGGAATT-1","L3"
"CCCTCCTCGCTCGTAT-1","L4"
"CCCTCGATAATACACA-1","WM"
"CCCTGAAATGAGTTGA-1","L4"
"CCCTGACTAACAAATT-1","L4"
"CCCTGATGTAACTCGT-1","L3"
"CCCTGCCCAATCCGCT-1","L5"
"CCCTGCGCTACGCATA-1","L4"
"CCCTGGTATGGGCGGC-1","L3"
"CCCTTTAATGGAGTTC-1","L6"
"CCCTTTGACAGGTCTT-1","L6"
"CCGAAAGTGGTGAGCA-1","L3"
"CCGAACACTGGGCCTC-1","L5"
"CCGAACCTTCCCGGCC-1","L5"
"CCGAAGGGCGTACCGC-1","L3"
"CCGAAGTATATTGTTC-1","L3"
"CCGACAAACACATGAG-1","L3"
"CCGACAAAGGGAGTGC-1","L4"
"CCGACAATAGGCCGCC-1","L5"
"CCGACGGGCATGAGGT-1","L6"
"CCGACGTAAACACAAC-1","L3"
"CCGAGAAGTCGCATAA-1","L3"
"CCGAGCTGTGCTTGTC-1","L3"
"CCGATATGACGTAAGG-1","L4"
"CCGATCTCAACCTTAT-1","L3"
"CCGATCTTAAGAGGCT-1","L3"
"CCGATTCGAGGGACCC-1","L5"
"CCGCACAAAGACCAAC-1","L3"
"CCGCACACGAACGTGT-1","L3"
"CCGCACGTGACCTCGG-1","L3"
"CCGCACTTGCAATGAC-1","L6"
"CCGCATGTGGTACGAT-1","L6"
"CCGCCGGAACTTCTCG-1","L5"
"CCGCCGGTCAACACAC-1","L3"
"CCGCCGTTGAGGATAA-1","L3"
"CCGCCTGCGAATTGGT-1","L3"
"CCGCCTTGCGATGTCG-1","L5"
"CCGCGATTTGGTAGGT-1","L4"
"CCGCGGAATGCGTCAC-1","L6"
"CCGCGGGTACGAAGAA-1","L4"
"CCGCGTAGGTAAGGGC-1","L3"
"CCGCTATCAGCACCAG-1","L5"
"CCGCTCCAGGGCGATC-1","WM"
"CCGCTCTTCCGAACTA-1","L6"
"CCGCTGGTGCCATTCA-1","L3"
"CCGCTTACCTCACTCT-1","L6"
"CCGCTTGCTGACATGG-1","L3"
"CCGGAATGGTTTCAGT-1","L3"
"CCGGAGCGTACTTTCT-1","L6"
"CCGGAGGTCTTATGGT-1","L3"
"CCGGCACGACCGTTTC-1","L3"
"CCGGCGCATATTGGAT-1","L3"
"CCGGCGTGAGACTCTG-1","L5"
"CCGGGACCCGCAGAGA-1","L3"
"CCGGGCGGTCTCGTCA-1","L3"
"CCGGGCTAAGAATTTC-1","L6"
"CCGGGCTGCTCCATAC-1","L3"
"CCGGGTTCGAGGTTAC-1","L5"
"CCGGTAATGGCTAGTC-1","L3"
"CCGGTTTGTAATTGTG-1","L6"
"CCGTAAGTTGGTCCCA-1","L3"
"CCGTACCCAAGCGCCA-1","L3"
"CCGTAGGAAATCCCTG-1","L6"
"CCGTAGGGTTGTTTAC-1","L6"
"CCGTATCTCGTCGTAG-1","L6"
"CCGTATTAGCGCAGTT-1","L3"
"CCGTCAACCTCTGGCG-1","L6"
"CCGTGAGGCATTCATG-1","L3"
"CCGTGCCCATGACGGC-1","L3"
"CCGTGGAACGATCCAA-1","L3"
"CCGTGTTAAATTCCAT-1","L6"
"CCGTTACGTTAGAACA-1","L3"
"CCGTTCCGAATCTCGG-1","L5"
"CCGTTTCCTTTCCGTG-1","WM"
"CCTAAAGGCTGACGCT-1","L3"
"CCTAAATTAACGGTTC-1","L5"
"CCTAAATTGTATCCTA-1","L4"
"CCTAACCCAAACAAGT-1","L5"
"CCTAACTAAGGCTCTA-1","L3"
"CCTACAAGTCCGGAAT-1","L3"
"CCTACATTCACAGACG-1","L6"
"CCTACGGCTCAGTCGA-1","L3"
"CCTACTCAACACGATT-1","L5"
"CCTACTGCGGCGGCCA-1","L3"
"CCTACTGCTTACACTT-1","L3"
"CCTAGGCGTAGCGATC-1","L3"
"CCTAGGTAAAGGTAGC-1","L5"
"CCTAGTTAGTCGCATG-1","L3"
"CCTATAATGAGTGCCC-1","L6"
"CCTATACCGTCCTGTC-1","L6"
"CCTATATCGTGTCACG-1","L6"
"CCTATATTTGTCCTGG-1","WM"
"CCTATCTATATCGGAA-1","L3"
"CCTATGAAGTGGTGCC-1","L3"
"CCTATGGCTCCTAGTG-1","L6"
"CCTATGGGTTACCGTC-1","L3"
"CCTATGGTCAAAGCTG-1","WM"
"CCTATGTCCACTCCAC-1","L6"
"CCTCACCAATCTTGAC-1","L3"
"CCTCACCTGAGGGAGC-1","L3"
"CCTCACCTTAGCATCG-1","L3"
"CCTCACGTCAGCTAAT-1","L5"
"CCTCATGCAGCTACGA-1","L3"
"CCTCCCGACAATCCCT-1","L3"
"CCTCCGACAATTCAAG-1","L4"
"CCTCCTAGCTAGAGTC-1","L6"
"CCTCCTGAGCCCACAT-1","L3"
"CCTCCTGTTGTGTCGT-1","L6"
"CCTCGAAGTGGACGGG-1","L3"
"CCTCGCCAGCAAATTA-1","L3"
"CCTCGCGCGATATAGG-1","L3"
"CCTCGCGCTGTGCGAT-1","L6"
"CCTCGGACCGGGATAG-1","L4"
"CCTCGGATGCTACCTG-1","L3"
"CCTCGGTTTCCTTGCC-1","WM"
"CCTCGTTACGCCTGTT-1","L3"
"CCTCTAATCTGCCAAG-1","L3"
"CCTCTACAAGGATTGG-1","L6"
"CCTCTATCGATTAGCA-1","L6"
"CCTCTCTCCCATCTAG-1","L5"
"CCTCTGGCCTAGACGG-1","L3"
"CCTCTGTACTATTCTA-1","L6"
"CCTGAACGATATATTC-1","L3"
"CCTGAATATTTACATA-1","L3"
"CCTGACCACCGATGGT-1","L5"
"CCTGAGAATAAATGCA-1","WM"
"CCTGCCCGTTGTCTAG-1","L3"
"CCTGCGTTCTACGCTT-1","L3"
"CCTGCTATTTGAGAAG-1","L3"
"CCTGGAAACGTTCTGC-1","L3"
"CCTGGCTAGACCCGCC-1","L3"
"CCTGGTCGAATGTGGG-1","L6"
"CCTGTAAGACATGATA-1","L5"
"CCTGTACTCACGCCCA-1","L5"
"CCTGTCACCCGGGCTC-1","L3"
"CCTGTCCCTCACGTTA-1","L3"
"CCTGTCGCCCGTAAAT-1","L4"
"CCTGTCGTGTATGAAG-1","L6"
"CCTGTGAAACCGTAAC-1","L3"
"CCTGTTCAACCTCGGG-1","WM"
"CCTGTTTGAAGACACG-1","L6"
"CCTTCAGTTAAAGTGA-1","WM"
"CCTTCCGCAACGCTGC-1","L6"
"CCTTCGTATAGAATCC-1","WM"
"CCTTCTCAGCGTTCCT-1","L5"
"CCTTCTTGATCCAGTG-1","L3"
"CCTTGACCACTTTATT-1","L5"
"CCTTGTGAACGTGGTT-1","WM"
"CCTTTAAGGGAGCACT-1","L6"
"CCTTTCAATGAAGAAA-1","L3"
"CCTTTGAATTATGGCT-1","L5"
"CGAAACATAGATGGCA-1","L3"
"CGAAACGCAATTCATG-1","L5"
"CGAACAGTATGGGCGT-1","L5"
"CGAACATAGTCAGAAA-1","L3"
"CGAACCCGCATGCGTC-1","L6"
"CGAACCTCTTTCCTAG-1","L6"
"CGAACGCCCAGTGCCG-1","L3"
"CGAACGGCCGGACAAC-1","L5"
"CGAAGACGGTGAGTGC-1","L3"
"CGAAGATCAGTTTCAT-1","WM"
"CGAAGCTATAAATTCA-1","L3"
"CGAAGGGTTTCAGATT-1","L6"
"CGAAGTTGCTCTGTGT-1","L5"
"CGAATCTGCTCGACGC-1","L6"
"CGAATGAAGTCATTGC-1","L6"
"CGAATGACGCATAATG-1","WM"
"CGAATGGTAGGTCGTC-1","WM"
"CGACAATTTGATCTAA-1","L4"
"CGACACCGCTTAAGGA-1","L3"
"CGACACGCTCCGACAG-1","L4"
"CGACACGGATGCCCAC-1","L3"
"CGACAGTTCGCGTTAT-1","L5"
"CGACATGCGATCTTCT-1","L3"
"CGACCCTTAACGCCGG-1","L5"
"CGACGCATCCGTACCT-1","L5"
"CGACTCAGGATGTTAT-1","L3"
"CGACTCGGTACACGGT-1","L3"
"CGACTTTGTATAGCCT-1","L3"
"CGAGACCCTAGAGTGT-1","L5"
"CGAGACTACTGCTGCT-1","L6"
"CGAGAGATGTGAACCT-1","L3"
"CGAGAGCGCGTAGATA-1","L5"
"CGAGAGCTTTCACTAC-1","L6"
"CGAGAGGGTAGCCGCG-1","L5"
"CGAGATTTCGCTCGGG-1","L3"
"CGAGCACTTCAAGTTT-1","L3"
"CGAGCGTTGATCAGCC-1","L3"
"CGAGCTGGGCTTTAGG-1","L3"
"CGAGGAGCTTCCATAT-1","L3"
"CGAGGATCGGGAACGA-1","L3"
"CGAGGCCAGGCATTGG-1","L3"
"CGAGGCTAAATATGGC-1","L3"
"CGAGGGACTGCGGTCG-1","L3"
"CGAGGGTATCCAGGTG-1","WM"
"CGAGTACTAAAGAGGA-1","L5"
"CGAGTGAAGGTACCAG-1","L6"
"CGAGTGCTATAGTTCG-1","L3"
"CGAGTTCTGTCCCACC-1","L3"
"CGAGTTTATCGGACTG-1","L3"
"CGATAACCAATTTGAG-1","L3"
"CGATAATACTCAGGTT-1","L3"
"CGATACCTCGCGGACA-1","L5"
"CGATAGCGATACAGTG-1","L6"
"CGATAGTCGTACTGCA-1","L6"
"CGATCATTAGAGGCAC-1","L3"
"CGATCCACCATTGTTG-1","WM"
"CGATCCGACCCAGTGC-1","L5"
"CGATCCTCGCAACATA-1","WM"
"CGATCGAGAAGCACCA-1","WM"
"CGATCTGTTGGAGGAC-1","L5"
"CGATGGACCCTACGCC-1","L3"
"CGATGTTGTTATCTAC-1","L5"
"CGATTAAATATCTCCT-1","L6"
"CGATTCGCCTGGCTGC-1","L6"
"CGCAAACACGAGTTAC-1","L3"
"CGCAATCGATCATTAG-1","L3"
"CGCAATTACTTTCGGT-1","L3"
"CGCAATTAGGGTAATA-1","L3"
"CGCAATTCTACAATAA-1","L3"
"CGCACATGTCCACTAC-1","L3"
"CGCACGTCTGTTTATG-1","WM"
"CGCACGTGCGCTATCA-1","L3"
"CGCAGAAACATTTGCG-1","L3"
"CGCAGATCTTCACCCG-1","L3"
"CGCAGGCGATCCAAAC-1","L5"
"CGCATCATGGCTTCAG-1","L3"
"CGCATCCATCAGCCAG-1","L3"
"CGCATGCCGAATGCGT-1","WM"
"CGCATGGTGCGATGCT-1","L5"
"CGCATTAGCTAATAGG-1","L3"
"CGCCAAGAAGCCGAGT-1","L5"
"CGCCACAGGTCGCGAT-1","L5"
"CGCCATCCGATTATGA-1","L3"
"CGCCCAGCACGCCTAG-1","WM"
"CGCCCAGCGTTTCACG-1","L6"
"CGCCCGCTTCCGTACA-1","L3"
"CGCCCTAATTGTTCAA-1","L6"
"CGCCCTTGAAGGCTGA-1","L3"
"CGCCGACTATTCGCTA-1","L3"
"CGCCGCCCATGCCTGT-1","L3"
"CGCCGCGTTCTGAACG-1","WM"
"CGCCGGTGTCGCAGTA-1","L3"
"CGCCGTCTACCCATCG-1","L3"
"CGCCGTTCAGCATAGT-1","L5"
"CGCCTCCCTCCTCTAT-1","L5"
"CGCCTGGCCTACGTAA-1","L5"
"CGCCTTTAGCATGCTC-1","L3"
"CGCGAAGTGGCATACT-1","L6"
"CGCGACACTGCGCAGC-1","L3"
"CGCGACCGCGACAGAT-1","L6"
"CGCGAGAGGGACTTGT-1","L3"
"CGCGAGTCTGCCGGGT-1","L5"
"CGCGCAAATGTCCAGA-1","L6"
"CGCGCATGTTTGATTG-1","L6"
"CGCGCCCGACTTAATA-1","L3"
"CGCGGCAGTATTACGG-1","L3"
"CGCGGCTCAACTTGAA-1","L3"
"CGCGGGAATTAGGCAG-1","L3"
"CGCGGGAATTCCTTTC-1","WM"
"CGCGGTAAGTCTAGCT-1","L3"
"CGCGGTACGGTATACA-1","L5"
"CGCGGTCACAAACCAA-1","L3"
"CGCGTACATTCTGGAA-1","L3"
"CGCGTTCATGAAATAC-1","L3"
"CGCTACGGGACATTTA-1","L5"
"CGCTAGAGACCGCTGC-1","L3"
"CGCTATACCGCCCACT-1","L3"
"CGCTATTCAATGTATG-1","L3"
"CGCTATTCTTAGGCTC-1","L5"
"CGCTCGACATAATGAT-1","L3"
"CGCTCTCCGTAGATTA-1","L5"
"CGCTGGTGACTACCCT-1","L4"
"CGCTGTGACGCCGCAC-1","L3"
"CGCTGTGTGGATGTTG-1","WM"
"CGCTTAGTATTGATAC-1","WM"
"CGCTTATTCCCGGTCG-1","L5"
"CGCTTCCACTGAAATC-1","L3"
"CGCTTCGGTCTAAGAC-1","L6"
"CGCTTGGACGGATAGA-1","L6"
"CGCTTTCATACCGGTG-1","L3"
"CGCTTTCCGCCAAGGT-1","WM"
"CGCTTTCTTGCATTCG-1","L3"
"CGGAAAGAATCAAACG-1","L6"
"CGGAACGTAAACATAG-1","L6"
"CGGACCTTTACGTCCC-1","WM"
"CGGACGTTACTTGAAG-1","L4"
"CGGAGCAATTTAATCG-1","L6"
"CGGAGCATGGCGATCC-1","L5"
"CGGAGCTTATAACACC-1","L3"
"CGGAGTCCTAACCTGG-1","L3"
"CGGAGTTTGAGAGACA-1","L3"
"CGGATAAGCGGACATG-1","L3"
"CGGATCCTCAAGGACT-1","L6"
"CGGATGAATGCTGTGA-1","L6"
"CGGCAAACATCGTGCG-1","L6"
"CGGCAATAAGATCGCC-1","L5"
"CGGCACCGTTAGCGCC-1","L3"
"CGGCACTCAAGAAAGT-1","L3"
"CGGCAGGGTCGGGTTG-1","L3"
"CGGCCACGCACAAAGT-1","L4"
"CGGCCAGAGCGACCAT-1","WM"
"CGGCCCAACCTGTAGT-1","L3"
"CGGCCCAGGTATATCC-1","L3"
"CGGCGCCATCAATCCC-1","L6"
"CGGCTCTAAAGCTGCA-1","L3"
"CGGCTCTTCGTCGAAC-1","L3"
"CGGCTTTGTATGATAA-1","L3"
"CGGGAACGCCCTGCAT-1","L6"
"CGGGAAGTACCGTGGC-1","L6"
"CGGGAATATAGTATAC-1","L4"
"CGGGAATTTATGTAAA-1","L5"
"CGGGAGCTTCAGTGTA-1","L5"
"CGGGAGTATACCGCCG-1","L3"
"CGGGATCAATGTAAGA-1","L3"
"CGGGCAGCTAAACCGC-1","L4"
"CGGGCCATAGCCGCAC-1","L3"
"CGGGCCTTCTTTGTAA-1","L5"
"CGGGCGATGGATCACG-1","WM"
"CGGGTGTACCCATTTA-1","L3"
"CGGGTTCGGCACGTAT-1","L3"
"CGGGTTTGTTAGGGCT-1","L5"
"CGGTACTAGAATCAAA-1","L4"
"CGGTAGAGGTGCAGGT-1","L3"
"CGGTATAGGTATTAGC-1","L3"
"CGGTATGGGCACTCTG-1","WM"
"CGGTCAAGTGGGAACC-1","L3"
"CGGTCAGTCCATATTT-1","L5"
"CGGTCCATGAGACTCC-1","L3"
"CGGTCCGTCGCAAGCC-1","WM"
"CGGTCTATCAACCCGT-1","L3"
"CGGTGAAGACTAAAGT-1","L4"
"CGGTGCAGATAGAACG-1","L5"
"CGGTGCGCGTTGGTCC-1","L6"
"CGGTGGGCTCCAGCCT-1","L3"
"CGGTGTACTTGATCCC-1","L3"
"CGGTTATCCAACAGTG-1","L3"
"CGGTTCAAGTAGGTGT-1","L3"
"CGGTTCCGGCTTCTTG-1","L3"
"CGGTTGACCTGGCATA-1","L5"
"CGGTTGAGTATCCTTC-1","WM"
"CGGTTGGGCAGGGTCC-1","WM"
"CGGTTGGGTTCAAGTT-1","L3"
"CGGTTTATGAAGGAAC-1","L3"
"CGTAAACGCTTGAGTG-1","L3"
"CGTAAAGCAAGAAATC-1","WM"
"CGTAAATAACAAAGGG-1","WM"
"CGTAACTTCGACACTT-1","WM"
"CGTACCTGATAGGCCT-1","L3"
"CGTAGAGAGTAATTAT-1","WM"
"CGTAGCGAATTGTCAG-1","L3"
"CGTAGCGCCGACGTTG-1","L3"
"CGTATTAAGAGATCTA-1","L4"
"CGTATTGTTTCCTAAT-1","L3"
"CGTCAAATGGTCGCAG-1","L3"
"CGTCAAGGCTATAAAT-1","L3"
"CGTCACGTCCATTGGT-1","L6"
"CGTCAGTGCGCACAAG-1","L3"
"CGTCATACCATATCCA-1","L3"
"CGTCCTCATCGCGTGC-1","L6"
"CGTCGCATGTGAGCCA-1","WM"
"CGTCGCGGCGGGATTT-1","L3"
"CGTCGCTTGGTTATAC-1","L6"
"CGTCGGATAGTGTTGA-1","L3"
"CGTCGGGTCTAAGCGC-1","L6"
"CGTCGTCCTTCGCGAA-1","L6"
"CGTCTCTCGCCGAGGC-1","L3"
"CGTCTGGAAGGGCCCG-1","L3"
"CGTCTTGAGTGTGACG-1","L3"
"CGTGAAGTTAATTCAC-1","L5"
"CGTGACATTGGGTCGT-1","L3"
"CGTGACCAGTCCTCTG-1","WM"
"CGTGCACACCACTGTA-1","WM"
"CGTGCAGACTGGGACA-1","L4"
"CGTGCATTGTCGACGC-1","L5"
"CGTGCCCTCCCGAAGA-1","L5"
"CGTGCTTCTACCTAAA-1","L6"
"CGTGGAAGCCTCGTAC-1","L3"
"CGTGGCCGAATATCTA-1","L4"
"CGTGGTACCCAAAGGC-1","WM"
"CGTGTATGGGAGCTGA-1","L6"
"CGTGTCCCATTCGCGA-1","L3"
"CGTGTCTCGTTACGAC-1","L6"
"CGTGTGTTAAACCCTG-1","L3"
"CGTTAAACTAGTTAGG-1","L4"
"CGTTAATGTCCCGACG-1","L6"
"CGTTAGCTCACAACTG-1","L3"
"CGTTCAAGGAAACGGA-1","WM"
"CGTTCAGACCCGCGAA-1","WM"
"CGTTCATGGTGCGCGT-1","L5"
"CGTTCTTCGCACACCT-1","L3"
"CGTTGAATACCGCGCT-1","L6"
"CGTTGAGCGACCGTCG-1","L5"
"CGTTGAGTAATTGCGT-1","L3"
"CGTTGCCCGCGTGGGA-1","WM"
"CGTTGTAAACGTCAGG-1","L3"
"CGTTGTAAGATTGATT-1","L3"
"CGTTGTCGGCAATTGA-1","WM"
"CGTTGTTTCAATTCCC-1","L5"
"CGTTTAAGCGGAGCAC-1","L3"
"CGTTTACAAGGCAGCT-1","L3"
"CGTTTCACTTCGGGCG-1","L3"
"CGTTTCGCTCATTACA-1","L5"
"CGTTTGGTGTTGTGGG-1","L5"
"CGTTTGTGTAGAGGGT-1","L6"
"CTAAAGAATGCCTACT-1","L5"
"CTAAAGGGAAATAGGA-1","L5"
"CTAAATCCGGTGTACA-1","L6"
"CTAAATCCTATTCCGG-1","L3"
"CTAACCGCGCGCCCGT-1","L5"
"CTAACGAAACTTGCTG-1","L3"
"CTAACTGATAATCGCC-1","L5"
"CTAACTGGTCCGGTTC-1","L6"
"CTAAGGGAATGATTGG-1","L5"
"CTAAGTACAGGGCTAC-1","L3"
"CTAATTATGAAGCGTA-1","L3"
"CTAATTCGCACGCGCT-1","L3"
"CTAATTCTCAGATATT-1","L3"
"CTAATTTCAACAACAC-1","L3"
"CTACAAGAAATAACCC-1","L6"
"CTACACTCGCAGATGG-1","L5"
"CTACATATCGCGGGAC-1","L6"
"CTACCCTAAGGTCATA-1","L3"
"CTACGACTAGCTATAA-1","L5"
"CTACGATCCTATCCTA-1","L6"
"CTACGCACGGAGTACC-1","L5"
"CTACGCCATTTCCGAT-1","L3"
"CTACTATCATAGGTTT-1","L6"
"CTACTATCTTTCAGAG-1","L3"
"CTACTCAAGGTATAGT-1","WM"
"CTACTCTAGGCCCGGC-1","L3"
"CTACTGCCACCTGACC-1","L3"
"CTAGACATATATGTAG-1","L3"
"CTAGACTGCATTTCGT-1","L3"
"CTAGATGTGAGTGTAA-1","L3"
"CTAGATTTACGACGGC-1","L5"
"CTAGCATAGTATAATG-1","L4"
"CTAGCCACAGGCGAGC-1","L5"
"CTAGCCGATGTTATGA-1","L3"
"CTAGGCGCCCTATCAG-1","L5"
"CTAGGGATAGGGACAA-1","WM"
"CTAGGTCTGAAGGAAT-1","L3"
"CTAGGTTCGGACGTGA-1","L6"
"CTAGTAGAAAGGGATT-1","L6"
"CTAGTATTCGGAATTA-1","L3"
"CTAGTCACGTCTTAAG-1","L4"
"CTAGTGAAGGACAGGA-1","L5"
"CTAGTTACAACCCGGT-1","L6"
"CTAGTTGGGCCCGGTA-1","L3"
"CTATAAGAGCCAATCG-1","L3"
"CTATAAGTAGGGTTTG-1","L6"
"CTATAGGCGTTGATGT-1","WM"
"CTATATCCAGCCTGGC-1","WM"
"CTATCACAACGCTGGA-1","WM"
"CTATCGACGAAATACA-1","L5"
"CTATCGCGTAGAGAAC-1","L5"
"CTATCGGGTCTCAACA-1","L4"
"CTATGAACACCTTGCC-1","WM"
"CTATGCCCGAATGCAA-1","WM"
"CTATGGGAAGCGGAAT-1","L5"
"CTATGTCACTAGCCCA-1","L3"
"CTATGTCTATTGAAAC-1","L3"
"CTATGTGAGTCACGGC-1","L5"
"CTATTCATGTGTCCCA-1","L6"
"CTATTGTGTTTGGTCA-1","L3"
"CTATTTGCTTGGAGGA-1","WM"
"CTATTTGGTTACGGAT-1","L3"
"CTCAAACCACTGCCCG-1","WM"
"CTCAACTAACCCGGAT-1","L6"
"CTCAAGACATTAGCGC-1","L3"
"CTCACACGCAAGCCTA-1","L3"
"CTCACATTTACTAAAT-1","WM"
"CTCACCAGTACAAGTG-1","L3"
"CTCACCGATCCAAACT-1","L3"
"CTCACTGTGATACTTA-1","WM"
"CTCACTTGGCTGGTAA-1","L5"
"CTCAGAGCTAATGTCG-1","WM"
"CTCAGGACTCACCTGT-1","L3"
"CTCAGTCACGACAAAT-1","L3"
"CTCATCACTTAGTGAT-1","L3"
"CTCATGGCTCACAATC-1","L3"
"CTCATGGTAATTTGCG-1","L5"
"CTCATTAACGTTGCCC-1","L3"
"CTCATTCGTGAACATC-1","L3"
"CTCATTGCTCTAACAA-1","L6"
"CTCATTTGATGGGCGG-1","L3"
"CTCCCAATGAGTCGCG-1","L4"
"CTCCCTCCTTTCGATC-1","L5"
"CTCCGCCCACATGAGG-1","L5"
"CTCCGGCCTAATATGC-1","L3"
"CTCCGGCTTGTAGACA-1","L3"
"CTCCTAAGTTATGTCT-1","L3"
"CTCCTCCAGCTCACAC-1","WM"
"CTCCTGTTCAAGGCAG-1","L5"
"CTCCTTTACGCAAGTC-1","L3"
"CTCGAATGGAACGTAT-1","L3"
"CTCGAGACATACGATA-1","L5"
"CTCGAGGCAAGTTTCA-1","WM"
"CTCGAGGTCGAACAGT-1","L3"
"CTCGATATTTGCGAGC-1","L3"
"CTCGCACCTATATAGT-1","L3"
"CTCGCATTGCATAGCC-1","L6"
"CTCGCCGAATGTAGGG-1","WM"
"CTCGCTAGGTAAGCGA-1","L6"
"CTCGGGATAACACCTA-1","L3"
"CTCGGGTTCTCTGGCC-1","L6"
"CTCGGTACCACTGCTC-1","L4"
"CTCGGTCCGTAGCCTG-1","L3"
"CTCGGTTGTCGGCCCT-1","L6"
"CTCGTCGAGGGCTCAT-1","L6"
"CTCGTCTGTGCCTTCG-1","WM"
"CTCGTTACGGCTACCA-1","WM"
"CTCGTTTCTAATGTTT-1","L3"
"CTCTAATGCATTGATC-1","L3"
"CTCTACACTGGCGATT-1","L5"
"CTCTACATCCTGCGTG-1","WM"
"CTCTAGCCCTCGGAAA-1","L6"
"CTCTATTTGGCTGCAG-1","L5"
"CTCTCACAATCGATGA-1","L3"
"CTCTCGCTGTACTATG-1","L3"
"CTCTCTAACTGCCTAG-1","L6"
"CTCTGCAGGCATTCTT-1","L6"
"CTCTGCGAAGCAAGCA-1","L3"
"CTCTGGACGCCTGGTG-1","L4"
"CTCTGTTTGAGGATTC-1","L3"
"CTCTTCTATTGACTGG-1","L4"
"CTCTTCTGGAAGTTAG-1","WM"
"CTCTTGTCCCGCTTGG-1","L6"
"CTGAAACGGCCCTCAG-1","L3"
"CTGAAAGAGATCCGAC-1","L3"
"CTGAATCCGAGACCTC-1","L6"
"CTGAATTTATTGCCAG-1","L3"
"CTGACATAGAAATAGA-1","L4"
"CTGACTGCGCAGCTCG-1","L3"
"CTGAGAAAGTTCGGCG-1","L3"
"CTGAGAGTAGAAATAC-1","L5"
"CTGAGCAAGTAACAAG-1","L3"
"CTGAGCGAGACTTATT-1","L3"
"CTGATAGTGTATCTCA-1","L3"
"CTGATCCCTTTATGCA-1","WM"
"CTGCAAGCACGTTCCG-1","L5"
"CTGCACAACTACATAT-1","L5"
"CTGCACCTAGTCCACA-1","L3"
"CTGCACCTGGAACCGC-1","L3"
"CTGCACTCCAGTACAG-1","L6"
"CTGCAGAGAATCAGAG-1","L6"
"CTGCCAAGGTTGGAAG-1","L3"
"CTGCCATGCATCACAT-1","L5"
"CTGCCCACGAAGCGTT-1","L3"
"CTGCCTAGCCACCAAG-1","L3"
"CTGCCTCATATGCAAC-1","L3"
"CTGCCTTTAATACCTT-1","L6"
"CTGCCTTTCTAGTAAA-1","L6"
"CTGCGACCTCGCCGAA-1","WM"
"CTGCGATTTCGAGATT-1","WM"
"CTGCGGGTGAAATGTT-1","L3"
"CTGCGGTAGTCACGTG-1","L3"
"CTGCGTTACGATATAA-1","L3"
"CTGCTGAGGCCACGAA-1","L6"
"CTGCTGTCTAACGAGC-1","L3"
"CTGCTTGGCGATAGCT-1","L6"
"CTGCTTTATGTCCGCG-1","L3"
"CTGGAAATGGATGCTT-1","L3"
"CTGGAAGACACGGTGG-1","L5"
"CTGGACGCAGTCCGGC-1","L5"
"CTGGATTTACACTTGA-1","L6"
"CTGGCATCCGAATGAG-1","L5"
"CTGGCGACATAAGTCC-1","L3"
"CTGGCGCACAGGTCTG-1","L3"
"CTGGCGGGAATAAGTA-1","L3"
"CTGGCTGATTCATCCT-1","L4"
"CTGGCTGGTTGTCAGT-1","L6"
"CTGGGATAAATAATGG-1","L3"
"CTGGGATACGCTACCC-1","L3"
"CTGGGCCTGCTATATC-1","L5"
"CTGGGCTATCCTTTGG-1","L3"
"CTGGGTAGGCAGTTAA-1","L5"
"CTGGGTTGAGTTAAAG-1","L5"
"CTGGTAAAGACTTACA-1","L6"
"CTGGTAAAGTGTGGGC-1","L5"
"CTGGTAACACATAGAA-1","L4"
"CTGGTAACGAGCTCTT-1","L3"
"CTGGTCATTCCAATCC-1","L3"
"CTGGTCCTAACTTGGC-1","L3"
"CTGGTGAATGGGCCTA-1","L6"
"CTGGTTCAACGCATCA-1","L3"
"CTGGTTCGCGAGCTAC-1","L3"
"CTGGTTTCGAGCAAGA-1","L5"
"CTGTACTTCTTAGCAT-1","L5"
"CTGTAGCCATCTCACT-1","L6"
"CTGTAGTGAGGATCGA-1","WM"
"CTGTATGGTGTAGAAA-1","L3"
"CTGTCAAATGGCTCGG-1","L3"
"CTGTCACGCCAGGCGC-1","L3"
"CTGTGCAGGGTAGGTC-1","L5"
"CTGTGGTCGGGAGATA-1","L5"
"CTGTTACCCAATCTAG-1","L6"
"CTGTTCACTGCCTGTG-1","L3"
"CTGTTCATCTCACGGG-1","L3"
"CTGTTGTTCAGTCGTA-1","L6"
"CTTAAATAAGACCCAT-1","L3"
"CTTAACTTACAGTATA-1","L6"
"CTTAACTTCGAAGTAC-1","L3"
"CTTACACGGTATTCCA-1","L4"
"CTTACACTGGGAAATA-1","L3"
"CTTACATAGATTTCTT-1","WM"
"CTTAGATGTTTCATCC-1","WM"
"CTTAGCCCGGATAGTG-1","L3"
"CTTAGCCTTCCACATG-1","L3"
"CTTAGGTATAGACCAG-1","L6"
"CTTAGGTCCCAATCGT-1","L3"
"CTTAGTAGGCCTACAG-1","L3"
"CTTAGTGTAGTAGCAT-1","L6"
"CTTAGTTGAGGAATCG-1","WM"
"CTTATAGATGGCTGTT-1","L5"
"CTTATGCGCTCAGGGC-1","L5"
"CTTATGTTGACTACCA-1","L3"
"CTTCAACTCCACTTGG-1","L6"
"CTTCACGCCCTGGTAC-1","L6"
"CTTCAGTGGTCGCCTA-1","L5"
"CTTCAGTTGGACAACG-1","WM"
"CTTCATAGCTCAAGAA-1","L3"
"CTTCATTGTCAGTGGA-1","L5"
"CTTCCGCTCCGTGAAG-1","L6"
"CTTCCTGCATATTTAC-1","L3"
"CTTCGATTGCGCAAGC-1","WM"
"CTTCGGCCAATTGTTT-1","L4"
"CTTCGTAGATAGGTGA-1","L5"
"CTTCTATGTTGAAGTA-1","L5"
"CTTCTATTAATGCTAG-1","L6"
"CTTCTGGGCGTACCTA-1","WM"
"CTTCTTACGTCGTATA-1","L3"
"CTTGACCCGAAAGATA-1","L3"
"CTTGAGGTTATCCCGA-1","L3"
"CTTGAGTTAGGGTAAT-1","L3"
"CTTGATGACCATCCAG-1","L6"
"CTTGCAACCGCCTCCT-1","L5"
"CTTGCCCACCCACGCA-1","L6"
"CTTGCCCAGGCTCTAC-1","L5"
"CTTGGCCAAGCTGGGA-1","WM"
"CTTGTACTTGTTGACT-1","L3"
"CTTGTCAACATTCGAG-1","L6"
"CTTGTGAGTCTTTGAC-1","L3"
"CTTGTGCTCACCGATT-1","L3"
"CTTGTTGCTGAGTCAA-1","L3"
"CTTGTTTATGTAGCCA-1","L3"
"CTTTAACTTTCAAAGG-1","L3"
"CTTTAATATTGGTCGA-1","L6"
"CTTTACCGAATAGTAG-1","L5"
"CTTTAGGAACACTGTT-1","L4"
"CTTTAGTGCTATTATT-1","L5"
"CTTTCTGTGCGGGCTT-1","L6"
"CTTTGACGTCGCTTCT-1",NA
"CTTTGCATCGCTCTTG-1","L6"
"CTTTGCTGTCATGGAT-1","L3"
"CTTTGGCAGACAGAGT-1","L3"
"CTTTGGCGCTTTATAC-1","L3"
"CTTTGGCTTTAGTAAA-1","L4"
"CTTTGGGATTGTTGCA-1","WM"
"CTTTGTCGAATGCTCC-1","L5"
"GAAACAGATGACCACC-1","L3"
"GAAACAGCCATGCAGT-1","L3"
"GAAACATAGGAAACAG-1","L6"
"GAAACCATGGTGCGCT-1","L3"
"GAAACCGAATTACCTT-1","L6"
"GAAACCTATACAAATG-1","WM"
"GAAACTCGTGCGATGC-1","L3"
"GAAACTCTAATGAAGG-1","L3"
"GAAAGAACAGCGTTAT-1","L3"
"GAAAGCAGTGCACTTT-1","L6"
"GAAAGCCCTTTGGACC-1","L4"
"GAAAGTGACTAACTGC-1","L3"
"GAAATACCTGCTGGCT-1","L3"
"GAAATACTAAACGTTT-1","L3"
"GAAATATCACCATCAG-1","L4"
"GAAATATGCTTGAATG-1","L3"
"GAAATCGCGCGCAACT-1","L3"
"GAAATGGCGGTGTTAG-1","L4"
"GAAATGGGATGTAAAC-1","L3"
"GAAATTAGCACGGATA-1","L3"
"GAAATTCACATCGCTG-1","L3"
"GAAATTGTCTCTATAA-1","L5"
"GAACAACTGGGATGAA-1","WM"
"GAACACACATCAACCA-1","L3"
"GAACAGATTACTAAAT-1","L6"
"GAACATTAGTATGTTA-1","L3"
"GAACCCTCTGTGTTCT-1","L6"
"GAACCTCGACCTACAC-1","L4"
"GAACCTTTAACGATCC-1","L6"
"GAACGACCGAATGATA-1","L3"
"GAACGATAAGTTAAAG-1","L3"
"GAACGCGGGTCACACG-1","L3"
"GAACGGTGTAAAGCAG-1","L3"
"GAACGTCTCATGGTCG-1","L3"
"GAACGTTAGGAAGACG-1","L3"
"GAACTGTGGAGAGACA-1","WM"
"GAACTTAGCGCCCGGT-1","L3"
"GAACTTGTGCACGGGA-1","L3"
"GAAGAAACGATATTGT-1","L6"
"GAAGAACGGTGCAGGT-1","L3"
"GAAGCCACTGATTATG-1","WM"
"GAAGCCGGGTAAGCTC-1","L3"
"GAAGCCTGCACATTCC-1","WM"
"GAAGCGTGAGGAATTT-1","L4"
"GAAGCTCGGACCCGTC-1","L6"
"GAAGCTTGCTGACCGC-1","L3"
"GAAGGAGTCGAGTGCG-1","WM"
"GAAGGCTACCATTGTT-1","L3"
"GAAGGGTCATTAAGAC-1","WM"
"GAAGTCAGTTGCACTA-1","L6"
"GAAGTCTCCCTAGCGA-1","L3"
"GAAGTGATTTATCGTG-1","L5"
"GAAGTGCTGGATAGCT-1","L3"
"GAAGTTTCCACTCAAT-1","L5"
"GAATAGACGCGACCCA-1","L3"
"GAATAGCATTTAGGGT-1","L3"
"GAATAGCCCTGCGGTC-1","L3"
"GAATAGTGCTCGATTA-1","L6"
"GAATATTCGGAGTCCC-1","L3"
"GAATCGACATGGTCAC-1","L3"
"GAATCGCCGGACACGG-1","L3"
"GAATCTGAACATTCTC-1","L5"
"GAATGAAGGTCTTCAG-1","L3"
"GAATGCCGAAATGACC-1","L3"
"GAATGCGAATCGGTTC-1","WM"
"GAATGGGCTTATCGAC-1","L4"
"GAATGTATGGCAGGTC-1","L3"
"GAATGTGGTCCGGATT-1","L4"
"GAATGTTGGGTAATCT-1","L3"
"GAATTATAGTGAAAGG-1","L3"
"GAATTCACCCGGGTGT-1","L6"
"GAATTTCTCGCTGCAG-1","L3"
"GACAAACATATGCAGG-1","L3"
"GACAACGACCATTGAA-1","L3"
"GACAACGCAGCTTACG-1","L3"
"GACAAGAGATGAGATT-1","L5"
"GACACAAGGGAAGAAA-1","L3"
"GACACAGCCGGGACTG-1","L6"
"GACACCCAAAGACGCG-1","WM"
"GACACGAGTTAGAGGA-1","L3"
"GACACTGAGTTCAGTG-1","L5"
"GACACTGGAACCCGAT-1","L5"
"GACACTTCCAATTACC-1","L6"
"GACAGATTTCTGGCTC-1","L5"
"GACAGCCAGACCTGAC-1","L4"
"GACAGGCACACACTAT-1","L5"
"GACATCCGTCGAACTG-1","WM"
"GACATCGATTTATAAC-1","L6"
"GACATTTCGCCCAGCC-1","L6"
"GACCAAACGTTGACTG-1","L5"
"GACCACACTTCCCTTT-1","WM"
"GACCAGAGCCCTGTAG-1","L4"
"GACCCAATTATGATAC-1","L5"
"GACCCGTCGCCGGCTA-1","L3"
"GACCGACGTGAAAGCA-1","L3"
"GACCGACTGAAGCGTC-1","L4"
"GACCGATTAAATATGT-1","L6"
"GACCGCGTCTGACGTG-1","L4"
"GACCGTCAGGTCGTGA-1","L3"
"GACCGTGCTGACGGTG-1","L5"
"GACCGTTACATGCGAC-1","L3"
"GACCTTCCACGTCTAC-1","WM"
"GACGACGATCCGCGTT-1","L6"
"GACGAGGCTAATAAAC-1","L5"
"GACGATATCACTGGGT-1","WM"
"GACGCATACCCGTCGG-1","L6"
"GACGCCGTAAAGGCTA-1","L6"
"GACGCCTGTTGCAGGG-1","L3"
"GACGCTTGCTTCTAAA-1","L5"
"GACGGGTTGGCCCGTA-1","WM"
"GACGGTCAATAGAAGC-1","L3"
"GACGGTCCTAGGGTGT-1","L3"
"GACGTGTAGGGATTAT-1","L3"
"GACGTTCGTAAATACA-1","L3"
"GACGTTGCTCGGCGGC-1","WM"
"GACTAACACAGCACCT-1","L3"
"GACTAAGATCATGCAC-1","L3"
"GACTAAGTAGGCTCAC-1","L3"
"GACTACAAAGCGGTGG-1","L5"
"GACTACAATTGCTCGT-1","L3"
"GACTAGGCCGTTAGGT-1","WM"
"GACTCACCCACGTGAG-1","L3"
"GACTCCCAGAATAAGG-1","L3"
"GACTCCTTCCAATTGA-1","L5"
"GACTCGCGGGAATGAC-1","L3"
"GACTCGGTCGGCGGAT-1","L3"
"GACTCTAGAGTTCCAA-1","WM"
"GACTGATTGGTCACAA-1","L3"
"GACTGCAAATCGAGCT-1","L6"
"GACTGCACCAGCCCAG-1","L5"
"GACTGCGGCACGTGTA-1","L3"
"GACTGCTGGTGAGAAA-1","WM"
"GACTGGGCGCCGCAAC-1","L3"
"GAGAACGGTTCTGACT-1","L6"
"GAGAATCTCACGATCA-1","L3"
"GAGACCCTGCAACGCC-1","L3"
"GAGACTGATGGGTAGA-1","L3"
"GAGACTTCGCGACCGA-1","L6"
"GAGAGCGCAGTCCCTG-1","L3"
"GAGAGGCCTATGTGTA-1","L6"
"GAGAGGGCGCGAGGTT-1","L5"
"GAGAGGTGCATTCTGG-1","L5"
"GAGAGTCTCGGGAGAG-1","WM"
"GAGATCTGCTTGGCAT-1","L5"
"GAGATCTGTCACTCCG-1","L3"
"GAGATCTTCCATGACA-1","L5"
"GAGATGACAATCCTTA-1","L3"
"GAGATGGCTTTAATCA-1","WM"
"GAGATGGGAGTCGACA-1","L6"
"GAGCACCTGTGTCCAG-1","L6"
"GAGCACGGCGCCTCTT-1","L3"
"GAGCATCAACAACTTG-1","L6"
"GAGCATCATCCCTGGG-1","L3"
"GAGCCACGGTAGTAGG-1","L3"
"GAGCCAGCTACCTGTG-1","L5"
"GAGCCGAGCGTTTATT-1","L3"
"GAGCGAGGGAGTACCG-1","L3"
"GAGCGCAAATACTCCG-1","L5"
"GAGCGCGCACGAGTAG-1","L5"
"GAGCGCTGTTAGGTAA-1","L6"
"GAGCGGAATGCGGTGT-1","WM"
"GAGCTAAGGGCATATC-1","L3"
"GAGCTCAACATGAGCG-1","WM"
"GAGCTCTCGGACCTAA-1","L3"
"GAGCTGTCGTCTCGGA-1","L3"
"GAGGAATATCTCTTTG-1","WM"
"GAGGAATGGAGAGGTT-1","L3"
"GAGGATAAACAGTGCT-1","L3"
"GAGGCATTTGCAGCAG-1","L3"
"GAGGCCCGACTCCGCA-1","L6"
"GAGGCCTGTTGATACA-1","L6"
"GAGGCTATCAAAGTCG-1","L5"
"GAGGGAGTCAGATCGC-1","WM"
"GAGGGCATCGCGTATC-1","L3"
"GAGGGCCATAATATTA-1","L3"
"GAGGGCCGGCAGAGTC-1","L3"
"GAGGGCGCAGCTCTGC-1","L3"
"GAGGGTAGTAACAAAG-1","L6"
"GAGGTACATCCATCTT-1","L3"
"GAGGTACGCGTGTCCC-1","WM"
"GAGGTCCCAAAGATCT-1","L3"
"GAGTAAACCGGAAAGT-1","L4"
"GAGTAAGGCCACGGGA-1","L5"
"GAGTACGGGTATACAA-1","L3"
"GAGTAGATACTAGTTG-1","WM"
"GAGTATACCCTAATCA-1","WM"
"GAGTATCAAAGTTACA-1","L5"
"GAGTATGCCCGCCTTG-1","L6"
"GAGTATGCGCGTGCAT-1","WM"
"GAGTCAGACCAGAATC-1","L6"
"GAGTCCGCTTACCGGA-1","L5"
"GAGTCGACAGACCCTC-1","L3"
"GAGTGCACGGACAACA-1","L3"
"GAGTGTCAACCAGAAA-1","L6"
"GAGTGTGCGGTACCCA-1","L4"
"GAGTTGATGGCAATTT-1","L5"
"GAGTTGTCACCAGTCT-1","L6"
"GATAAATCGGTGGATG-1","L3"
"GATAACTCGCACTGTG-1","L3"
"GATAAGGCAGATGCAA-1","L3"
"GATACCGTGTCGGAGT-1","L3"
"GATACGATGGGAGTCA-1","L6"
"GATAGAACCCGCTAGG-1","WM"
"GATAGGTAACGTTGAC-1","L6"
"GATAGGTGTCCCGGGC-1","L3"
"GATAGTGCGAGTAAGT-1","WM"
"GATATCTCATGCAATA-1","L3"
"GATATGAGACACTAAC-1","L3"
"GATATGCGGTAGCCAA-1","L3"
"GATATGGATTACGCGG-1","L3"
"GATATTGAGATTGGCG-1","L3"
"GATATTTCCTACATGG-1","L3"
"GATCAACATAAAGGGA-1","WM"
"GATCATTCCAAACATT-1","L3"
"GATCCCTTTATACTGC-1","L3"
"GATCCGAATATAAGTG-1","L3"
"GATCCGGGAATTAACA-1","L4"
"GATCCTAAATCGGGAC-1","L3"
"GATCCTCGACACTGGC-1","L6"
"GATCCTCTTGCGCTTA-1","L3"
"GATCGACACTATCTGA-1","L3"
"GATCGCGGGCTCTCCA-1","L5"
"GATCGCTACCCGATTT-1","L5"
"GATCGCTATATCTCAG-1","L6"
"GATCGCTGTGGTGCGT-1","L6"
"GATCGGATAGAACCAT-1","L5"
"GATCGGCGATAAGTCG-1","L3"
"GATCGGTGGCCATAAC-1","L3"
"GATCGTGACTGATATC-1","L4"
"GATCTCGACGCTGTGG-1","L4"
"GATCTGCTATCTAAGG-1","WM"
"GATCTTGGAGGGCATA-1","L5"
"GATCTTTGCAGGGTAT-1","L5"
"GATCTTTGCTCAAAGA-1","L3"
"GATGACAAGTAGGGCA-1","L6"
"GATGACGATGATCGCG-1","L3"
"GATGAGGAACCTTCGG-1","WM"
"GATGCCAGCAGAAGGC-1","L3"
"GATGCCTTCTGCGGCA-1","L6"
"GATGCGAATGGTATTA-1","L3"
"GATGCGTCCTGCATTC-1","L5"
"GATGCTACAAGCGCCT-1","L3"
"GATGCTACCTTCGATG-1","WM"
"GATGCTGTATTTCATC-1","L5"
"GATGGCGCACACATTA-1","L3"
"GATGGTGAAATAACCC-1","L3"
"GATGGTGCCCTAGGCA-1","L3"
"GATGTAACGAACCACC-1","L5"
"GATGTCGGTCAACTGC-1","L3"
"GATGTGTTGTCACAAG-1","L3"
"GATGTTCAATCCACGA-1","L5"
"GATGTTTGTGCGAGAT-1","L3"
"GATTAACCGAAAGCCC-1","L5"
"GATTACTGAATTTGGG-1","L5"
"GATTAGAAACAAGCGT-1","WM"
"GATTCCCTTGTCGCAG-1","L3"
"GATTCCGCGTTTCCGT-1","L3"
"GATTCCTATACGGCGC-1","L3"
"GATTCGACGGTTCACG-1","L5"
"GATTCTGTTAATGAGT-1","WM"
"GATTGCTCCAGTTGCA-1","L6"
"GATTGGGAAAGGTTGT-1","WM"
"GATTTAGTGCGTACTG-1","L3"
"GATTTGCGCTAACACC-1","WM"
"GCAAACCCTACATTAT-1","L5"
"GCAAACCTTGGCCATA-1","L6"
"GCAAACGTCGCCAGGT-1","L3"
"GCAAAGGGCGTTAGCC-1","L6"
"GCAAATATTACGCTTT-1","L5"
"GCAAATGAGGACACTT-1","L4"
"GCAACACACTAGAACT-1","L5"
"GCAACAGCAGTATGCG-1","L3"
"GCAACCACCAGACCGG-1","L3"
"GCAACCACGGCCGCGT-1","L5"
"GCAACCCAAGTTGTTT-1","L3"
"GCAACGGCTAGTTATG-1","L3"
"GCAAGAATTCCTTGGC-1","L5"
"GCAAGATGTGTTCGCG-1","L3"
"GCAAGTGCACAGAGAA-1","L3"
"GCAAGTGTAAAGCATG-1","WM"
"GCAATTAGTCGCACCG-1","L3"
"GCACAAACCCTAGATG-1","L6"
"GCACAAACGAGGCGTG-1","L3"
"GCACAACCTCGGGCGT-1","L5"
"GCACAAGTGTCGGAAG-1","L3"
"GCACACACTGGTAGCC-1","L5"
"GCACACAGCTATTACC-1","WM"
"GCACACGCCCATGGTC-1","L3"
"GCACAGCACGGGCCGA-1","WM"
"GCACCTTCCCGAAGGT-1","L6"
"GCACGCCGATTCCCGC-1","WM"
"GCACGCCTACTTAGAT-1","L6"
"GCACGTGGTTTACTTA-1","L6"
"GCACTAGTCGCGCTAT-1","L3"
"GCACTGCCTACCTTTA-1","WM"
"GCACTGTGCAAATGTA-1","L3"
"GCAGAAACGTAATCCA-1","L3"
"GCAGAAGGTAATCTCC-1","L3"
"GCAGACCCAGCACGTA-1","L3"
"GCAGATCCATAAGACT-1","L5"
"GCAGATCCTCGCAAAT-1","L3"
"GCAGATTAGGGATATC-1","L5"
"GCAGCACACAGCCCAG-1","L5"
"GCAGCCTATATCACAT-1","L3"
"GCAGCTATGGACAGGT-1","L3"
"GCAGCTGTCAACGCAT-1","WM"
"GCAGGAACTTAGATCT-1","L5"
"GCAGGACTATAGAATA-1","L5"
"GCAGGTAGAGTATGGT-1","L3"
"GCAGTGCGGGCGGATG-1","L4"
"GCAGTGTGGCTATAGG-1","L6"
"GCAGTTCGATCCGAGC-1","L5"
"GCATAAATTGAACGCC-1","L3"
"GCATACGAGGTCTTTA-1","L4"
"GCATAGAGCACTCAGG-1","L5"
"GCATCCCTAACTTTGA-1","L3"
"GCATCGGCCGTGTAGG-1","L4"
"GCATGAGGGACGCGGC-1","L3"
"GCATGCTAATAACGAT-1","L6"
"GCATTCAAGGCAACGC-1","L3"
"GCATTCGAAATGAACA-1","L3"
"GCATTGTAATTCATAT-1","L5"
"GCATTTCCAAGGCTCC-1","L3"
"GCCAACCATTTCCGGA-1","L3"
"GCCAAGAATACTTCTG-1","L5"
"GCCAATAGGGCATCTC-1","L3"
"GCCACAATTTAAGGAC-1","L5"
"GCCACTCAGAGCGCGA-1","L6"
"GCCACTCCTTACGGTA-1","L5"
"GCCAGGAAAGAACACT-1","WM"
"GCCAGGAGTAACCGAT-1","L3"
"GCCAGGCGTTCGCATG-1","L3"
"GCCATATTGCACACAG-1","L3"
"GCCATCGAGCTGCGTG-1","L6"
"GCCATCGATGCTGCAT-1","L3"
"GCCATTAGCCTCAAAC-1","L5"
"GCCCACCAAGGCTGTC-1","L3"
"GCCCACTGGTCCACAA-1","L3"
"GCCCAGATGCTGGAGA-1","L3"
"GCCCAGTTGGTATGCC-1","L3"
"GCCCGACTTCTTCCCG-1","L5"
"GCCCGAGAGTCTAAAT-1","L6"
"GCCCGATCTGTGGTCG-1","L6"
"GCCCGATGCCCAGTTC-1","L6"
"GCCCGCGCGTAAACGG-1","L6"
"GCCCGCGCGTTTGACA-1","L3"
"GCCCGTAATACCTTCT-1","L3"
"GCCCTAGCCGTCGCGA-1","L5"
"GCCCTGAGGATGGGCT-1","WM"
"GCCGAAATTCCTACGT-1","L5"
"GCCGACCCACGACTGC-1","L6"
"GCCGATTGGCCAAGCT-1","L5"
"GCCGCACTCCGTTTCA-1","L3"
"GCCGCATTAGTCCGGC-1","L4"
"GCCGCTTGTGAGAAAC-1","L5"
"GCCGGGTTAGGGTCGC-1","L5"
"GCCGGTCGTATCTCTC-1","WM"
"GCCGTCGGTTTCGGGC-1","WM"
"GCCGTGGAAGAAATGT-1","L3"
"GCCTACGTTCTGTGCA-1","WM"
"GCCTAGCGATCTGACC-1","L3"
"GCCTATAGTGTCAGGG-1","L3"
"GCCTATCAGGTAAGAT-1","L5"
"GCCTATGCTGGGCCTT-1","L3"
"GCCTATTCCGATATAG-1","L3"
"GCCTATTTGCTACACA-1","L3"
"GCCTCAGGTACCGGTC-1",NA
"GCCTCATCTGGAAATA-1","L3"
"GCCTCCGACAATTCAC-1","L6"
"GCCTCTATACATAGCA-1","L6"
"GCCTGCTACACTGAGA-1","L3"
"GCCTGTCCCGGTGCAT-1","WM"
"GCCTTCAGCCCTACCG-1","L3"
"GCCTTGTATATGCAGT-1","L3"
"GCCTTTGTCAGTGGAC-1","L6"
"GCGAAACGATCGGGAG-1","L5"
"GCGAAACTTAACTGGA-1","L5"
"GCGAAGAATCTGACGG-1","WM"
"GCGAAGCCATACCCGT-1","L3"
"GCGAATGGACTAGCGA-1","WM"
"GCGACATGTAAACATC-1","L3"
"GCGACCCAACCATCTG-1","L6"
"GCGACGATAGTTGTAC-1","L6"
"GCGACGGTAGTCTCCT-1","WM"
"GCGAGAAACGGGAGTT-1","L3"
"GCGAGAGGCCATGTAA-1","L3"
"GCGAGAGTTGCGTCCA-1","L3"
"GCGAGCGCATGCTCCC-1","L3"
"GCGAGGCCCGAGCAGA-1","L5"
"GCGAGTTCTGCAAAGA-1","L4"
"GCGATTCTGGAAGCAG-1","L3"
"GCGATTGTTAACGTTA-1","L3"
"GCGCAAATATATTCAA-1","L6"
"GCGCAAGAGCGCGCTG-1","L3"
"GCGCATCCAGTCAGCA-1","L3"
"GCGCCGTTCCACGATA-1","L5"
"GCGCCTCCCACTCCGA-1","L4"
"GCGCGGTCTAGTAACT-1","WM"
"GCGCGTCATTGGTACA-1","L6"
"GCGCTAATTGAATAGA-1","L3"
"GCGCTATGCCGAGGCA-1","L5"
"GCGCTCGATCACCTGT-1","L3"
"GCGCTGATCCAGACTC-1","L3"
"GCGCTGCTTTGCATTT-1","L3"
"GCGCTTAAATAATTGG-1","L6"
"GCGGACCGCGTTGTGG-1","L6"
"GCGGAGAAACTTCGCA-1","L6"
"GCGGAGAGGGAGAACG-1","L5"
"GCGGCAAAGTATTGCC-1","L6"
"GCGGCTCTGACGTACC-1","L5"
"GCGGCTTTAGCAAGTT-1","WM"
"GCGGGAACCAGGCCCT-1","L3"
"GCGGGCATTACGATGC-1","L3"
"GCGGGCGAGCCTTACC-1","L6"
"GCGGTCCCGGTGAAGG-1","L3"
"GCGGTCCCTAGACGCA-1","L3"
"GCGGTCTTGCTTTCAC-1","WM"
"GCGGTGAACTGCGCTC-1","L3"
"GCGGTTCCCTATCATG-1","L6"
"GCGTAAATGGCCATAA-1","L3"
"GCGTCCCTAAGACATA-1","WM"
"GCGTCGAAATGTCGGT-1","L3"
"GCGTCGCCAGGGTGAT-1","L6"
"GCGTCGTAACATGGTC-1","WM"
"GCGTCTAACCTCCTAA-1","L3"
"GCGTCTCTGCATTGGG-1","L5"
"GCGTGGTACTGGGTTA-1","L3"
"GCGTTATATTTGGAAC-1","L3"
"GCGTTCGGAGACCGGG-1","L3"
"GCTAAACCTGAGGTGA-1","L3"
"GCTAACTGAAGTCTGA-1","L6"
"GCTAAGTAAAGGCGAT-1","L3"
"GCTAAGTAGTTTCTCT-1","L3"
"GCTAATACCGAATGCC-1","L3"
"GCTACAATCGAGGATA-1","L6"
"GCTACAGTACGGACCG-1","L5"
"GCTACGACTTATTGGG-1","L5"
"GCTACTATAGTAGAGT-1","L5"
"GCTAGACCGTCTACTG-1","L3"
"GCTAGAGTAGAGATGT-1","L5"
"GCTAGCACCTGGGCCA-1","L3"
"GCTAGCAGGGAGTGGG-1","L3"
"GCTAGCGATAGGTCTT-1","L6"
"GCTAGCTTGAATAGCT-1","L6"
"GCTAGGCACCACGGAG-1","L5"
"GCTAGTAGAGCTTGTA-1","L5"
"GCTAGTTTCATTGAGG-1","L3"
"GCTATACGTCTCGGAC-1","L5"
"GCTATCATACTCATGG-1","L6"
"GCTATCGCGGCGCAAC-1","L3"
"GCTCAATCCGTTTATT-1","L6"
"GCTCAATGTAATACCG-1","WM"
"GCTCATTACTGCATGT-1","L3"
"GCTCATTGATCATATC-1","WM"
"GCTCCATGAGTGCAGA-1","L5"
"GCTCCATGCAAAGCAA-1","WM"
"GCTCCCAGTCGGTCCA-1","L3"
"GCTCCGCTCGCTTCAG-1","L3"
"GCTCCGGACGTTGATA-1","L3"
"GCTCCTGACATACTGG-1","L6"
"GCTCGCGGTTCCGCTC-1","L3"
"GCTCGCTCATGTCCAA-1","L3"
"GCTCGGAATTTAAAGC-1","L3"
"GCTCTAAACCCTGACG-1","L3"
"GCTCTATGTTACGTGC-1","L3"
"GCTCTCGGGTACCGAA-1","L3"
"GCTCTTTCCGCTAGTG-1","WM"
"GCTGAACTCTCCAGGG-1","L3"
"GCTGAATCTTCCAATC-1","L6"
"GCTGAGGCGTGAGTAT-1","L5"
"GCTGCACGGTTTCTTA-1","L5"
"GCTGCGAAGAATTATT-1","WM"
"GCTGCTAAGTAGTCGA-1","L6"
"GCTGCTACTGCGTAGC-1","L5"
"GCTGCTCTCCGGACAC-1","L3"
"GCTGGACCCAAAGTGG-1","L3"
"GCTGGCAGGTGCCGTG-1","L3"
"GCTGGCATATTCACCT-1","L4"
"GCTGGCGGCGCATGCT-1","L6"
"GCTGGGAGCGCGTCAA-1","WM"
"GCTGGTGACTCGTAGT-1","L3"
"GCTGGTTTAGGCCATA-1","L6"
"GCTGTATTACTGGCCC-1","L6"
"GCTGTTGCTACCGAAC-1","L3"
"GCTTAATGTAACTAAC-1","L4"
"GCTTACGTAGTTAGTA-1","L3"
"GCTTAGGGAAGCGGTA-1","L3"
"GCTTATGAAGCAGGAA-1","L3"
"GCTTCAGTGGGATTAC-1","L3"
"GCTTCCGTCCCTAGAC-1","L3"
"GCTTCGACGTTCAATC-1","L6"
"GCTTGATGATAATCAG-1","L3"
"GCTTGCAGCACAATTG-1","L3"
"GCTTGGATCGATTAGG-1","L3"
"GCTTTACACAACTGGG-1","L6"
"GCTTTCAGAGGAGGTG-1","L3"
"GCTTTCTATCTCAACT-1","L3"
"GGAAACCTTGTTGAAT-1","L3"
"GGAAACTAAATGGGCC-1","L6"
"GGAAAGGGAATTGAGC-1","WM"
"GGAAAGTCTTGATTGT-1","WM"
"GGAAAGTGCCCATGCC-1","L3"
"GGAACCCGAACAAGAA-1","L3"
"GGAACCGTGTAAATTG-1","L6"
"GGAACCTTGACTCTGC-1","L6"
"GGAACGGCCTGCAGCC-1","L3"
"GGAACTTTGGCGATTA-1","L5"
"GGAAGATAAGACTGTA-1","L3"
"GGAAGCTCGCTTACAG-1","L3"
"GGAAGGACACCGTATA-1","WM"
"GGAATGCGCTAGCGTG-1","L3"
"GGACAACCATGAAGCC-1","L6"
"GGACAAGTTGCAGTGA-1","L3"
"GGACACAAGTTTACAC-1","L3"
"GGACCAACAGGATAAC-1","L6"
"GGACCTACGGTAACGT-1","L3"
"GGACCTCTAGGCCGCC-1","L6"
"GGACGGCTTGCGCAAC-1","L3"
"GGACGGGCGACCAACC-1","L6"
"GGACGTCCATAGTTGG-1","L3"
"GGACTAAGTCAGGAGT-1","L3"
"GGACTCACAAATTAGG-1","L3"
"GGACTCGAAGCTTTCA-1","L5"
"GGACTCGACAGCGCAT-1","WM"
"GGACTCGTGAGTGGTC-1","WM"
"GGACTCTTCCGGTTGA-1","L5"
"GGACTCTTTGACTAAG-1","WM"
"GGAGAAGTCATTGGCA-1","L3"
"GGAGACCAATGTGCTT-1","L3"
"GGAGACCATCTACATA-1","L5"
"GGAGACGACACCTTTG-1","L5"
"GGAGCAACATTTCAAG-1","L5"
"GGAGCACCAAGAACTA-1","L3"
"GGAGCGAGGCCTACTT-1","WM"
"GGAGGATTGAAAGGAG-1","L3"
"GGAGGCCGAAGTCGTC-1","L3"
"GGAGGGCTTGGTTGGC-1","L3"
"GGAGGGTCAAGTAAGA-1","L5"
"GGAGTGCCGCCCTGGA-1","L3"
"GGAGTTGATTCTGTGT-1","L6"
"GGATACTCATGAATTG-1","L3"
"GGATCAGAGCCATCAG-1",NA
"GGATCATCCCGTACGC-1","L3"
"GGATCCGGAATATACT-1","L3"
"GGATCTTACTGCCCTT-1","WM"
"GGATCTTGACTCAACC-1","L5"
"GGATGAAGATCGCTGA-1","L3"
"GGATGACGCGAGTTTA-1","L5"
"GGATGCTGGCGTTCCT-1","L5"
"GGATGGCTTGAAGTAT-1","L6"
"GGATGTCCTTACCGCA-1","L3"
"GGATTAAGCTAAGGTC-1","L3"
"GGATTAATCATGGACC-1","WM"
"GGATTCAGTACGGTGG-1","L3"
"GGATTCCGCTATACCC-1","L3"
"GGATTGCTGTGACTCC-1","L6"
"GGATTTCACTTCTATA-1","L3"
"GGCAAAGGCGCCAATA-1","L6"
"GGCAAATTACTTTACT-1","L5"
"GGCAAGCCAGGGATAG-1","L3"
"GGCAAGCCCATAGTGG-1","WM"
"GGCAAGGCGAAATAGC-1","L5"
"GGCAATAGTCAATGAG-1","L3"
"GGCACTCAGCCGACCC-1","L4"
"GGCACTCCACTGGGCA-1","L5"
"GGCACTGCGGTGGTTT-1","L6"
"GGCAGAGAGATCGGGA-1","L3"
"GGCAGCAAACCTATGC-1","L5"
"GGCAGCGGTAATCCTA-1","L3"
"GGCATACAGGTAGCGG-1","L5"
"GGCATATCGGTTCTGC-1","L3"
"GGCATTGAACATCTCA-1","WM"
"GGCCCAATCTAGAGGG-1","L3"
"GGCCCAGCTGGTTTGC-1","WM"
"GGCCCAGTTATCAGCA-1","L3"
"GGCCCGGAGCATGTCT-1","L3"
"GGCCCGTATACCATGC-1","L3"
"GGCCCTCACCCACTTA-1","L5"
"GGCCGAGACTCTGGTG-1","L6"
"GGCCGCAGGAACCGCA-1","L6"
"GGCCGGCGTCTGCTAT-1","WM"
"GGCCGTTTGGGTTTCA-1","WM"
"GGCCTGCTCTGATGTT-1","WM"
"GGCCTGCTTCTCCCGA-1","L5"
"GGCCTTTGCAACTGGC-1","L3"
"GGCGAAATCTAACTTG-1","L4"
"GGCGAACCGTTCTGAT-1","L3"
"GGCGAGCGAAACGGCA-1","L5"
"GGCGCAGGACATCTTC-1","L5"
"GGCGCATGAATTGATG-1","L5"
"GGCGCGGAGATCTTTC-1","L6"
"GGCGCGTTCGAGTTTA-1","L6"
"GGCGCTCCTCATCAAT-1","L3"
"GGCGCTTCATTCCCTG-1","WM"
"GGCGGAGTAATATTAG-1","L4"
"GGCGGTAGGATCATTG-1","L3"
"GGCGGTTTGCCGGTGC-1","L3"
"GGCGTAGGGAAAGCTG-1","L6"
"GGCGTCCTATCCGCTG-1","L4"
"GGCTAAAGGGCGGGTC-1","L3"
"GGCTAATGATTGAAAT-1","L3"
"GGCTACTATACACTCC-1","WM"
"GGCTATTAAGTTGTAT-1","L5"
"GGCTCCTCCACCTGTT-1","L6"
"GGCTCGCGTTGAGGTA-1","L3"
"GGCTCGTGCCACCAGC-1","L3"
"GGCTCTGCTCCAACGC-1","L3"
"GGCTGAAATAGCAAAG-1","L5"
"GGCTGAGCATCGTAAG-1","L3"
"GGCTGGCTAGCTTAAA-1","L3"
"GGCTTGGCTCTCACCT-1","L3"
"GGCTTTCAATAAGGGT-1","WM"
"GGGAAAGAATGCCAAC-1","L6"
"GGGAACGGGAGGTTAG-1","L5"
"GGGAACGGTTTCAGAT-1","WM"
"GGGAAGACGGTCTGTC-1","WM"
"GGGAAGGGCTTTCTCA-1","L6"
"GGGAATGAGCCCTCAC-1","L3"
"GGGAATTCTGTCCAGT-1","L3"
"GGGACAGAGTTACTCC-1","L6"
"GGGACCCGTATATCTT-1","L6"
"GGGACTGCATAGATAG-1","L4"
"GGGAGAACTCACAGTA-1","L3"
"GGGAGCGACCGTAGTG-1","WM"
"GGGAGGATGCCCGAAA-1","L5"
"GGGAGTAATGGCTGGC-1","L3"
"GGGAGTTAATGAGGCG-1","L3"
"GGGATATTGATCGCCA-1",NA
"GGGATCCCAATACAAA-1","L3"
"GGGATGGTCGTAACCG-1","L6"
"GGGATTTACCGCACCT-1","L4"
"GGGCAACCGCACGTGC-1","L6"
"GGGCACGAATTGGCCG-1","L3"
"GGGCACGTAGTACTGT-1","WM"
"GGGCAGAGCAATCGTT-1","L6"
"GGGCAGTCAACGCCAA-1","WM"
"GGGCATGCATGTCGAG-1","WM"
"GGGCCATTCGTGCTGG-1","L6"
"GGGCCCGTCTTAAACA-1","L5"
"GGGCCCTACGAAAGGG-1","L4"
"GGGCCCTTATCTATAC-1","L3"
"GGGCCGGCCGAAGTAC-1","L3"
"GGGCCTAAATGGGCTA-1","L5"
"GGGCCTATTTAAGTAT-1","L3"
"GGGCGATATGTGTGAA-1","L3"
"GGGCGCAGCGTTACTC-1","L3"
"GGGCGGCAAATGAATT-1","L6"
"GGGCGGGTTCCCTACG-1","L5"
"GGGCGGTCCTATTGTC-1","L3"
"GGGCGTACATTTATAT-1","L3"
"GGGCGTCACCACGTAA-1","L6"
"GGGCGTCCACTGGCTC-1","L3"
"GGGCGTGGTTTCCCAG-1","L6"
"GGGCGTTTACATTCAT-1","L6"
"GGGCTACTATTTCGTG-1","L5"
"GGGCTATGATCGATGG-1","L6"
"GGGCTCATCGAACCCA-1","L3"
"GGGCTGCCTAGGGCGA-1","L3"
"GGGCTGGTTAGTCGCG-1","L4"
"GGGTACCCACGGTCCT-1","L3"
"GGGTACTTCATGAACT-1","L5"
"GGGTATGTATGCACTT-1","L3"
"GGGTATTCTAGCAAAC-1","L5"
"GGGTCACCGTGACGGT-1","L5"
"GGGTCACGTGCTTATG-1","L3"
"GGGTCAGGAGCTAGAT-1","WM"
"GGGTCATGCGTACCAT-1","L3"
"GGGTCCTTGGAAGAAG-1","L6"
"GGGTCGTGGCAAGTGT-1","L3"
"GGGTCTATCGCTTTCC-1","L6"
"GGGTGACACCTTAACT-1","L6"
"GGGTGCATATGAAAGC-1","L3"
"GGGTGGTCCAGCCTGT-1","L3"
"GGGTGTTTCAGCTATG-1","L3"
"GGGTTAACATTTGAGT-1","L6"
"GGGTTCAGACGAACAA-1","L3"
"GGGTTTAGGATAGGAT-1","L3"
"GGTAAACTCTGCGCTG-1","L6"
"GGTAAATGTGCGTTAC-1","L3"
"GGTAACCGGGAGGATA-1","L6"
"GGTAACTATGTATCTG-1","L3"
"GGTACAAACATGCTAT-1","L5"
"GGTACACCAGATTTAT-1","L3"
"GGTACATCTGGGACGA-1","L5"
"GGTACCATTAAGACGG-1","L3"
"GGTACGTTGCGGCCGG-1","L6"
"GGTACTAAGTGCTTTG-1","L3"
"GGTAGAAGACCGCCTG-1","L6"
"GGTAGACCGTTGGGCG-1","L6"
"GGTAGGCCAATATCAC-1","WM"
"GGTAGTGCTCGCACCA-1","L3"
"GGTATAGTGACACATA-1","L3"
"GGTATGAAAGAACTGA-1","L3"
"GGTATTGCCGAGTTTA-1","L4"
"GGTCAAGACTACTTCG-1","L5"
"GGTCAGTGGGTCCCAC-1","L6"
"GGTCATTGTAGTCATA-1","L3"
"GGTCCACGTCTATTTG-1","L6"
"GGTCCCATAACATAGA-1","L3"
"GGTCCTTCATACGACT-1","L3"
"GGTCGGATAAACGGCG-1","L3"
"GGTCGGCCAGGAGCTT-1","L3"
"GGTCGGTAATTAGACA-1","L3"
"GGTCGGTCGTCCACAG-1","L6"
"GGTCGTAAGCTCGCAC-1","L5"
"GGTCTCCGTCCAGGTT-1","L6"
"GGTCTCTGAATGGACT-1","L6"
"GGTCTGAGAATCTGGA-1","L3"
"GGTCTTGAGCGCTCTT-1","WM"
"GGTGAACGGGCTAGCC-1","L3"
"GGTGAAGTACAGGGAT-1","L6"
"GGTGAGATGCAGATAA-1","L3"
"GGTGATAAGGAGCAGT-1","L3"
"GGTGATGAAGGAAGTG-1","L3"
"GGTGATTTCATCTTGT-1","L3"
"GGTGCAGAGCCTATCG-1","L3"
"GGTGCATAAATGATTA-1","WM"
"GGTGCGGATAAGTGGC-1","L3"
"GGTGCTGATCACAAAG-1","L3"
"GGTGCTGGTACACATT-1","L5"
"GGTGGACCACGTGTTA-1","L3"
"GGTGGACTGCTCTGGC-1","L6"
"GGTGGAGGTTGATACG-1","L3"
"GGTGTAAATCGATTGT-1","WM"
"GGTGTAGGTAAGTAAA-1","WM"
"GGTGTTGGGCGTCTTA-1","L3"
"GGTTACCACCCTCGGG-1","L5"
"GGTTACCCGACACTTT-1","L3"
"GGTTACCGCTCCCTAC-1","WM"
"GGTTAGCTATATGTCT-1","L5"
"GGTTAGGCTTGGAGAA-1","L3"
"GGTTAGTTACGGCGCC-1","L3"
"GGTTCCCTAGTGTCTC-1","L3"
"GGTTCGGATTATACTA-1","L4"
"GGTTCTACTCGTCTGA-1","L3"
"GGTTGTGCTCTTGTCC-1","L3"
"GGTTGTGTAGCCTGGC-1","L3"
"GGTTTAATTACCATCG-1","WM"
"GGTTTAATTGAGCAGG-1","L3"
"GGTTTACAATCTCAAT-1","L3"
"GGTTTAGCCTTTCTTG-1","L4"
"GGTTTCAATCGGTCAG-1","L3"
"GGTTTGACAAGAAGCT-1","L3"
"GGTTTGAGTGCTGGAA-1","L3"
"GGTTTGCGAACACGTA-1","L3"
"GGTTTGTGACCTGAGG-1","L6"
"GTAACAACTGACCTTG-1","L3"
"GTAACATCTAAGATAA-1","L5"
"GTAACTACGTAGACCT-1","L6"
"GTAACTGCCCAAGGAG-1","WM"
"GTAACTTGCGGCAGTC-1","L3"
"GTAAGCGGGCAGTCAG-1","L3"
"GTAAGGATTTGTCGGA-1","L3"
"GTAAGTAACAGTCTGG-1","L4"
"GTAAGTAGGGTATACC-1","L3"
"GTAAGTCCACACTCTA-1","L3"
"GTAATAAAGGGCTCCC-1","L3"
"GTAATCTGATTCTTCG-1","L6"
"GTACACTTACCTGAAG-1","L4"
"GTACAGAGGCAAGGGT-1","L3"
"GTACGACGGCGCTGCG-1","L3"
"GTACGAGATTGCGACA-1","L3"
"GTACGCTTCATTGCAC-1","L5"
"GTACGTCACGTATTAA-1","L3"
"GTACGTTTGCCCGTCA-1","L5"
"GTACTAAGATTTGGAG-1","L3"
"GTACTCCCTTATCGCT-1","L5"
"GTACTCCTGGGTATGC-1","L3"
"GTACTGAGGTCGTAAC-1","L3"
"GTACTGCATGAAGCGT-1","L3"
"GTACTGGAGTTAGACC-1","L3"
"GTACTTGGGCACTTCT-1","L3"
"GTAGAAACGGGTGGAG-1","L3"
"GTAGACAACCGATGAA-1","L3"
"GTAGACACGCCTGACT-1","WM"
"GTAGACGTCGTTACAT-1","L3"
"GTAGAGGGAGACAAGT-1","L6"
"GTAGCCAAACATGGGA-1","L6"
"GTAGCGGCTATACACT-1","L5"
"GTAGCTCCGGGAGGCT-1","WM"
"GTAGCTTCCTCTTGTT-1","L3"
"GTAGGTGATCCGTGTA-1","L3"
"GTAGTCGCGGGAATCA-1","L5"
"GTAGTCTACGATATTG-1","WM"
"GTAGTGAGCAACCTCA-1","L6"
"GTAGTTCGAAGGCGAA-1","WM"
"GTAGTTTAAGCACACG-1","L6"
"GTATAATCTCCCGGAT-1","L3"
"GTATAGGACTCAGTAG-1","L3"
"GTATCAAACGTTAGCT-1","L5"
"GTATCAAGGTACTTCC-1","WM"
"GTATCAGCTTGGGTTC-1","L3"
"GTATCCTTTGGTAACC-1","L6"
"GTATCTCAGTCTTGAC-1","L6"
"GTATCTCGGGCGCTTT-1","L6"
"GTATCTTTCATAACCA-1","L5"
"GTATGAAATTTCACTC-1","L5"
"GTATGTGGGTCTAGTT-1","L3"
"GTATTAAGGCGTCTAA-1","L3"
"GTATTAGGGTTCGCGT-1","L3"
"GTATTCTGAGAAACGA-1","L6"
"GTATTTAATGGCATAA-1","L4"
"GTCAAAGAAGTGGTGT-1","L6"
"GTCAAAGTTTACATAG-1","L3"
"GTCAACCAGGCCTATA-1","L6"
"GTCAAGCGGACTCGGG-1","L4"
"GTCAATGCTATAATTT-1","L3"
"GTCACAAAGTTTCCAA-1","L3"
"GTCACTCTCCAAATCT-1","L3"
"GTCAGAATAGTCTATG-1","L3"
"GTCAGTTGTGCTCGTT-1","L3"
"GTCAGTTTGGTAGTCG-1","L3"
"GTCATCTCCTACAGCT-1","L3"
"GTCATGCACCTCCGTT-1","L3"
"GTCATGCGCGAGGGCT-1","L6"
"GTCATGGACATGACTA-1","L3"
"GTCATTAGAGCGAACG-1","L4"
"GTCATTGCATTGACCC-1","L3"
"GTCCAATATTTAGCCT-1","WM"
"GTCCACGTCGCATTCG-1","L6"
"GTCCAGGCACGTGTGC-1","WM"
"GTCCATTACTGCTACG-1","L3"
"GTCCCAACGTAAAGTA-1","L3"
"GTCCCGCGACGTTATG-1","L6"
"GTCCGAGAGCAATCAT-1","L3"
"GTCCGGACCTGAAATT-1","L5"
"GTCCGGCTGAATTGCG-1","L3"
"GTCCGGGTTCACATTA-1","WM"
"GTCCTACAGGCGGCTC-1","L3"
"GTCCTACGAATAGTCT-1","L5"
"GTCCTACTCTACGGGC-1","L5"
"GTCCTATTGTTGTGGT-1","L3"
"GTCCTTCTACAACCCA-1","L3"
"GTCCTTCTAGTGGGTT-1","L3"
"GTCCTTTAATGACTTC-1","L3"
"GTCGAATTTGGGCGCT-1","L6"
"GTCGATAGGTGACTTT-1","L4"
"GTCGCCGTTGTGTGTT-1","L6"
"GTCGCGTAACCCGTTG-1","L4"
"GTCGGAAGGATACCAG-1","L3"
"GTCGGATATCTCAGAC-1","L4"
"GTCGGATGTAGCGCGC-1","L3"
"GTCGGGAACATGGTAG-1","L3"
"GTCGGGAAGCAGAAAC-1","L6"
"GTCGTACCATCTCGGG-1","L5"
"GTCGTACCTACGATTG-1","L3"
"GTCGTATTGGCGTACA-1","L3"
"GTCGTCAATTATAAGG-1","L3"
"GTCGTCTGGTTGGCTA-1","L3"
"GTCGTGTCTGGTCATC-1","L3"
"GTCGTTATTCGCTTAT-1","L5"
"GTCTACTCAATTACAA-1","L4"
"GTCTAGTGAGCCGCTT-1","L6"
"GTCTATACACGCATGG-1","WM"
"GTCTATCTGAGTTTCT-1","L5"
"GTCTATTGCATGCTCG-1","L6"
"GTCTATTGGTTCCGGT-1","L5"
"GTCTCAAGGCCCGGCT-1","WM"
"GTCTCCCGAGTCCCGT-1","L6"
"GTCTCCGCCTCAATAC-1","WM"
"GTCTCCTGCCAGTATG-1","L6"
"GTCTCGACTAAGTTTG-1","L3"
"GTCTCGATCTGCTTTC-1","L3"
"GTCTGCCGACTCGACG-1","WM"
"GTCTGGGCGGTCGAGA-1","L6"
"GTCTGTAGGTTGAACA-1","WM"
"GTCTTAGTACAGCCGG-1","L3"
"GTCTTCCTCACCTAAG-1","L3"
"GTCTTGAGGAGCAGTG-1","L3"
"GTCTTGTAGCTATTCA-1","L3"
"GTGAAACGGCGCCACC-1","L3"
"GTGAAACGTGCTCCAC-1","L3"
"GTGAACTCCCATTCGA-1","L3"
"GTGAAGATTTCAAGTG-1","L3"
"GTGAAGCCGTATAGTC-1","L3"
"GTGAAGTCACGACTCG-1","L5"
"GTGACAGCTTCCCACT-1","WM"
"GTGACCGCACACTACG-1","L3"
"GTGACCTAAAGAATAA-1","L3"
"GTGACGAGGGTGACCC-1","L3"
"GTGACGCAGGTTTCAT-1","WM"
"GTGACTTCAGTAGTGC-1","L6"
"GTGAGATAACCTTATA-1","WM"
"GTGAGCGTGCTGCACT-1","L4"
"GTGAGGACACTTAAGG-1","L4"
"GTGAGGAGCGGTTGAG-1","L3"
"GTGAGTCGACTAATAG-1","L6"
"GTGAGTCTAAGACGGA-1","L3"
"GTGAGTGGTACAACGC-1","L6"
"GTGATCAAGCGTGCAC-1","L6"
"GTGATCACTAACGCCT-1","L4"
"GTGATCATAGATCTGC-1","L5"
"GTGATCCTTGTCATGA-1","L6"
"GTGATGCACAACATCT-1","L3"
"GTGATTCGCCGCTCAA-1","L6"
"GTGCAACAAATGTGGC-1","L3"
"GTGCACCAGCTTCAAC-1","WM"
"GTGCACGAAAGTGACT-1","L3"
"GTGCAGCGTAGAGTAG-1","L4"
"GTGCCAAACGTTTCGA-1",NA
"GTGCCATCACACGGTG-1","L5"
"GTGCCCGTTCGGATTC-1","L3"
"GTGCCGCTTCAAAGGT-1","L6"
"GTGCCTAGCTATGCTT-1","L3"
"GTGCCTCAGTGTACGG-1","L3"
"GTGCCTGAGACCAAAC-1","WM"
"GTGCGAAATCGAACAC-1","L6"
"GTGCGACAGGGAGTGT-1","L3"
"GTGCGGGTCTCCAAAT-1","L3"
"GTGCGTGTATATGAGC-1","L4"
"GTGCTCAAGTACTGTC-1","L5"
"GTGCTGCAGATAAGGA-1","L3"
"GTGCTTACATCAGCGC-1","L3"
"GTGGAACCTACATGCG-1","L3"
"GTGGACCAACCCGATT-1","L5"
"GTGGACGCATTTGTCC-1","L6"
"GTGGACGTGCTGAGAC-1","L3"
"GTGGAGCATGTCGGCC-1","L3"
"GTGGAGCGTTTACCGA-1","L6"
"GTGGAGTCGGCGGTTG-1","L6"
"GTGGCAAACAGCGGCA-1","L5"
"GTGGCCGGTTTCTCGG-1","L6"
"GTGGCCTAATATCATT-1","L3"
"GTGGCGGTCCCAGCGT-1","L5"
"GTGGCGTGCACCAGAG-1","L3"
"GTGGCTGTTTCTGTTC-1","WM"
"GTGGGAACAAACCGGG-1","WM"
"GTGGGAAGACTGAATC-1","L5"
"GTGGGCTTAGACACAC-1","L3"
"GTGGTATAGTCTGCCG-1","L6"
"GTGGTCAGCGAAGTAT-1","L3"
"GTGGTGGCCAAGTGAA-1","L5"
"GTGGTTACTTCTTTCG-1","L3"
"GTGGTTTCCGCCTTTC-1","L5"
"GTGTACCTTGGCTACG-1","L3"
"GTGTATATCAGCGGGC-1","L6"
"GTGTCAGTGTACGTGG-1","WM"
"GTGTCGTATAGCGTTC-1","L6"
"GTGTCGTATTCACCTT-1","L3"
"GTGTGAATAACTTAGG-1","L3"
"GTGTTACTATGCGTCC-1","L4"
"GTTAAAGTAGGACTGG-1","L5"
"GTTAACATCACTTAAA-1","L6"
"GTTAACTATGTTGTCA-1","L3"
"GTTAAGGGTGCGATGT-1","WM"
"GTTAAGTTAGAGTGGG-1","L3"
"GTTAATGTCTATCTTA-1","L3"
"GTTACAATTGGTGACG-1","L5"
"GTTACCAAGGCGTACG-1",NA
"GTTACCTACAACTTGC-1","L5"
"GTTACTTTGGGCCTAG-1","L5"
"GTTAGAGTGTGCCGCT-1","L3"
"GTTAGCCCATGACATC-1","WM"
"GTTAGCCGTAAATCAA-1","L3"
"GTTAGGCTACCCGTTT-1","L5"
"GTTATAATACGGTGAA-1","L5"
"GTTATATCAGGAGCCA-1","L3"
"GTTATATTATCTCCCT-1","L6"
"GTTATCAAGCTATCGA-1","L6"
"GTTATTAACGTGGGAG-1","L3"
"GTTCACAGGAGTCTAG-1","L4"
"GTTCAGTCGCCAAATG-1","WM"
"GTTCATCGTTTGGCTG-1","L3"
"GTTCCAGTCTGACCAT-1","L3"
"GTTCCCGTAAACATAT-1","L5"
"GTTCCGTCCGCCTGCA-1","WM"
"GTTCGACAATTGTATA-1","L6"
"GTTCGCCATAAGTGCC-1","L5"
"GTTCGCTGAGACGTCT-1","L5"
"GTTCGGAGCACTCAAC-1","L6"
"GTTCGGATCGGGAACA-1","L3"
"GTTCGGGCGTACCATT-1","L3"
"GTTCGTCTAAAGAACT-1","L5"
"GTTCGTCTGGGTCCCT-1","L3"
"GTTCTTCCCTCGATGT-1","L3"
"GTTCTTGTAACTCAAT-1","WM"
"GTTGAACCGGTTCCAT-1","L5"
"GTTGAGTCCCGCCGGT-1","L5"
"GTTGCACGGAGTTTCG-1","L3"
"GTTGCCCTAACGGGTG-1","L6"
"GTTGCGCTAACATTAC-1","L3"
"GTTGCGGACGGTCAGG-1","L4"
"GTTGGACCGCATCAGG-1","L3"
"GTTGGATTCAGTGGCT-1","L3"
"GTTGGATTGAGAACAC-1","L3"
"GTTGGATTTGCGTTGG-1","L5"
"GTTGGTCATGCTATCC-1","L6"
"GTTGTAGATTTATGAG-1","WM"
"GTTGTCGTGTTAGTTG-1","L3"
"GTTGTTACATTGCGCT-1","L3"
"GTTGTTGCAAGATGGC-1","L5"
"GTTTACGTTCCATCTG-1","L5"
"GTTTATGGGATTTAGA-1","L3"
"GTTTCAAACGAGTTGT-1","L5"
"GTTTCATATCGTCGCT-1","L5"
"GTTTCCTGGAGGGTGA-1","L3"
"GTTTCTAGAGGCGCGG-1","L6"
"GTTTCTGCAGTCTCCC-1","L4"
"GTTTGACCAAATCCTA-1","L3"
"GTTTGGCCCAAGTTAT-1","L4"
"GTTTGGCCGCTCAGCG-1","L3"
"GTTTGGGCTTGTGAGC-1","L6"
"GTTTGGGTTTCGCCCG-1","L6"
"GTTTGGTAGGGTCAAC-1","L6"
"GTTTGGTGATCGGTGC-1","WM"
"TAAACCCAGGAGGGCA-1","L6"
"TAAAGACAACCCTTTA-1","L3"
"TAAAGAGCCCGAAACC-1","L3"
"TAAAGCGGTATTTCCA-1","WM"
"TAAAGCGTTAGGAGAA-1","L3"
"TAAAGCTGCAATAGGG-1","L3"
"TAAAGTGCACGTCTCG-1","WM"
"TAAATCTTTACACCTC-1","L3"
"TAAATGAATCCGTTTC-1","L3"
"TAAATGCCGTCTCATG-1","L3"
"TAAATTGTGGGTAAAG-1","WM"
"TAAATTTAGTAACACC-1","WM"
"TAACAAAGGGAGAAGC-1","L3"
"TAACAATATTTGTTGC-1","L3"
"TAACAGCGTTTGTGCT-1","WM"
"TAACAGGTTCCCTTAG-1","WM"
"TAACATACAATGTGGG-1","L4"
"TAACATACACGCGATC-1","L6"
"TAACCGCCCGCAGTGC-1","L3"
"TAACCTACCGTCCGAG-1","L3"
"TAACCTAGGGAGTCCA-1","L5"
"TAACGCTTTGAGAGCG-1","L3"
"TAACTATCGAAGGTCC-1","L3"
"TAACTATTACGCCAAA-1","L3"
"TAACTCATCCGCGCGG-1","L5"
"TAACTCCATGGAGGCT-1","L3"
"TAACTGAAATACGCCT-1","L6"
"TAAGAGGGACAGGGAC-1","L6"
"TAAGCAGGCGACACGC-1","L4"
"TAAGCCCTTACGACCA-1","L3"
"TAAGCGCGAATCAAAT-1","L6"
"TAAGGAACTTGTGGGA-1","L3"
"TAAGGCAACATAAGAT-1","L3"
"TAAGGCATAACATCAA-1","L6"
"TAAGGCCCGTCACCCT-1","WM"
"TAAGGCTGAATCCCTC-1","L4"
"TAAGGGCCTGTCCGAT-1","L5"
"TAAGGGCTGGGAGAGG-1","L4"
"TAAGTAACATCTTGAC-1","L6"
"TAAGTCGCCGAGTATC-1","L6"
"TAAGTGAATAGTCTAC-1","L6"
"TAAGTTGCGACGTAGG-1","L5"
"TAATAAACAAGGAGAT-1","L3"
"TAATACACAGTAGTAT-1","L3"
"TAATACTAGAACAGAC-1","WM"
"TAATAGAACAGAGTTA-1","L6"
"TAATAGCTAAATGATG-1","L3"
"TAATAGGTCACCAGAA-1","L6"
"TAATAGTGACGACCAG-1","L3"
"TAATATTGAAATTCGC-1","L3"
"TAATCAACCAAATGGG-1","L3"
"TAATCGATCCGTACGT-1","L3"
"TAATGAAAGACCCTTG-1","L3"
"TAATGTCGGTTCATGG-1","L6"
"TAATTACGTCAGTAGA-1","L6"
"TAATTAGATGGATATG-1","L3"
"TAATTAGGACATCCGT-1","L3"
"TAATTCCAATGCTTCA-1","L6"
"TAATTGGAATCGGGAA-1","L3"
"TAATTTCCGTCCAGTA-1","L3"
"TACAACGCACAACTCA-1","L5"
"TACAAGGGCTTCTTTA-1","L6"
"TACAAGTCTCGTGCAT-1","L4"
"TACACAGCCGTGGTGC-1","WM"
"TACACCGTCGTTAGTC-1","L3"
"TACACCTCTTCGAATC-1","WM"
"TACAGAAACGGTGGGC-1","L6"
"TACATAGGCATACACC-1","L5"
"TACATCCCTATCCCTG-1","L5"
"TACATGACCTTATCCG-1","L3"
"TACATGCCGGAATTGT-1","L4"
"TACATTTCTAACGTGC-1","L5"
"TACCAAATAGCCCAGA-1","L6"
"TACCAATAAAGTACCA-1","L6"
"TACCAGAAGTAGGTTC-1","L6"
"TACCAGCTAGGTTTAA-1","L3"
"TACCAGGAATCCCGTC-1","WM"
"TACCGAATAATTGTAA-1","L6"
"TACCGCGGACTTGCAG-1","L3"
"TACCGGCTCACTGCCC-1","L5"
"TACCGGTCGTTTCCAT-1","L5"
"TACCGTAGGTTAACTA-1","WM"
"TACCGTGCCTCGGACC-1","L6"
"TACCTACTCCCAGTAT-1","L6"
"TACCTATCCCTAGAGG-1","L3"
"TACCTCACGCTTGTAC-1","L3"
"TACCTCAGTTGTCTGT-1","WM"
"TACCTCCACACCAATG-1","L6"
"TACCTGCTGCACTGTG-1","L3"
"TACCTTAAGATTTCCC-1","L6"
"TACGAACACGACTTCA-1","L4"
"TACGACGCTTGCTGCG-1","L6"
"TACGACTGCCTCTTAG-1","L5"
"TACGAGAACTTCACGT-1","L5"
"TACGATCCAAGCCACT-1","L3"
"TACGATGTTGATCATC-1","L5"
"TACGCAGTTCTTTCCT-1","L5"
"TACGCCATATTCTAAT-1","L5"
"TACGCCGAGGGTACCC-1","L6"
"TACGCCGCCTCAGAAG-1","L3"
"TACGCCTCCATTCCGA-1","L6"
"TACGCTATAGAAACCT-1","L3"
"TACGCTCCTAGAACTG-1","WM"
"TACGCTCGGTATTGGA-1","L5"
"TACGCTGATAGTTGTA-1","L6"
"TACGCTGCTGTGTTAA-1","L6"
"TACGGAAGCCAAACCA-1","WM"
"TACGGCATGGACGCTA-1","L6"
"TACGGGATGCTAGCAG-1","L3"
"TACGGGTAATAACATA-1","WM"
"TACGTAAAGCGGAGTG-1","L6"
"TACGTACTAGTGCTGA-1","WM"
"TACGTGCACTATGCTG-1","L3"
"TACGTGGGCCCAGGGC-1","WM"
"TACGTTTACCGGCAAT-1","L5"
"TACTACGTGCAATGCG-1","WM"
"TACTATGGTTCCTCAG-1","L6"
"TACTCCTCTAGTTGAC-1","WM"
"TACTCGGCACGCCGGG-1","L4"
"TACTCGTTTGAATCAA-1","WM"
"TACTCTCCGAACAAAT-1","L3"
"TACTCTTACTTTACTG-1","L5"
"TACTCTTTCGTCTTCA-1","L6"
"TACTGAACAGATTTAG-1","L6"
"TACTGAGGGAAGAAAG-1","L5"
"TACTGCAATCAATTAC-1","L3"
"TACTGGACAGCTCGGC-1","L4"
"TACTGTTTCTCTGGTA-1","L3"
"TACTTAAACATGTACA-1","L6"
"TACTTGTTAGTAGTCC-1","L3"
"TACTTTACTGAGCCGG-1","L3"
"TACTTTCCGCACGCCA-1","L5"
"TAGAAACCACTAAGTA-1","L3"
"TAGAAAGGTGGCGCTA-1","L3"
"TAGAAATTCACGTATA-1","L3"
"TAGAATAGCCGATGAA-1","L6"
"TAGAATTAAGGGCAAC-1","L3"
"TAGACGAAACGCCAAT-1","WM"
"TAGACGCCCGTACCGG-1","L3"
"TAGACTACCTAGCGTT-1","L3"
"TAGACTCAGTTGGCCT-1","L6"
"TAGAGATCATGCAACT-1","L5"
"TAGAGCTACGAAGAAC-1","L3"
"TAGAGGGAGTTTATCT-1","WM"
"TAGAGGTTCTACTTGT-1","L5"
"TAGAGTCTAAGCGAAC-1","L3"
"TAGATATGGACTGGAA-1","L6"
"TAGATCCGAAGTCGCA-1","L3"
"TAGATGGTTCCTTACT-1","L6"
"TAGATTCAAAGTGCGG-1","WM"
"TAGATTCCTGGTTATT-1","L3"
"TAGCAACCTGTCACAA-1","L3"
"TAGCAGATACTTAGGG-1","WM"
"TAGCAGTATGACTAAA-1","L6"
"TAGCCATTTCAAAGTC-1","L4"
"TAGCCGGCGGTCAGCG-1","L3"
"TAGCGTCCCTCGATTG-1","L3"
"TAGCGTCCGGTGTGGT-1","L6"
"TAGCGTCGAATATTGA-1","L3"
"TAGCGTTGGGTCTTAC-1","L4"
"TAGCTAAGTCCGGGAG-1","L3"
"TAGCTAGAAGGCATGA-1","L6"
"TAGCTAGTGATGATGG-1","WM"
"TAGCTCAGATCCTAGT-1","L3"
"TAGCTCGCCTGATAAC-1","L6"
"TAGCTGATGTGAAGCG-1","L5"
"TAGGCATGTTACGCCA-1","L3"
"TAGGCCTATATAGTCT-1","L6"
"TAGGCGATGAGGTCTC-1","L5"
"TAGGCGGCTGCAAAGA-1","L6"
"TAGGCTAAAGTGGCAC-1","L6"
"TAGGGAGCTTGGGATG-1","L3"
"TAGGGTGTTTCAAGAG-1","L3"
"TAGGTCCAAGTAAGGA-1","L3"
"TAGGTCGCCGGAACTG-1","L3"
"TAGGTGACGATAACCT-1","L6"
"TAGGTGAGCCCTACTC-1","L3"
"TAGGTGCTCGCCTAGC-1","L3"
"TAGGTGTTCCACAGAT-1","WM"
"TAGGTTCGAGTTCGTC-1","L4"
"TAGGTTCTGCTGAGAA-1","WM"
"TAGTACCACAACTTTC-1","L6"
"TAGTACCTTAGTGGTC-1","L3"
"TAGTAGCTTATACCAG-1","WM"
"TAGTCCCGGAGACCAC-1","WM"
"TAGTCCGCAGAGAATG-1","L5"
"TAGTCCGTATGCATAA-1","L3"
"TAGTCCTGCACTAAGC-1","L6"
"TAGTCGATCACGGGTT-1","L5"
"TAGTCTAACAACGAGA-1","L5"
"TAGTCTGCGGCACATT-1","WM"
"TAGTCTGTGACGTTGC-1","L3"
"TAGTCTTTCCGAATTG-1","L4"
"TAGTGCCCTCCAGAGT-1","L4"
"TAGTGTCAGAAACGGC-1","L3"
"TAGTTAAGATAGGATA-1","L3"
"TAGTTTATTCTTGCTT-1","L3"
"TATAAATCCACAAGCT-1","L3"
"TATAAGTGAGGATAGC-1","L3"
"TATACACAGACGCCTT-1","L6"
"TATACACGCAAAGTAT-1","L3"
"TATACCGAGTGCCACA-1","L4"
"TATACGCGTCATCACT-1","L6"
"TATACTCATGCGGCAA-1","L3"
"TATAGAGTCGCTTGAA-1","WM"
"TATAGATGGTCGCAGT-1","L3"
"TATAGCGCACGTTATC-1","L5"
"TATAGGGTACTCATGA-1","L4"
"TATAGTTAGGTGTACT-1","L6"
"TATATAGGGCTTTACG-1","WM"
"TATATATCGAGAAATG-1","L6"
"TATATCAAAGTGATCT-1","WM"
"TATATCATTGATCAGT-1","L3"
"TATATCCCTGGGAGGA-1","L3"
"TATATGCTGGGTTGCC-1","L3"
"TATATTACAAATGTCG-1","L3"
"TATATTCGCGTCGATA-1","L3"
"TATCAAAGGTCTGTAA-1","L3"
"TATCACCATGTAAAGT-1","L3"
"TATCACCCAACCGACC-1","L3"
"TATCACTTCGAGTAAC-1","L3"
"TATCAGTGGCGTAGTC-1","L5"
"TATCCAATTGGTTATC-1","L6"
"TATCCATATCATGCGA-1","L3"
"TATCCATCTCGGTTAG-1","L6"
"TATCCGCACCGTCGGG-1","WM"
"TATCCTATCAACTGGT-1","WM"
"TATCCTGCATGGGAAT-1","L3"
"TATCGATCTATGCATA-1","L3"
"TATCGATGATTAAACG-1","L3"
"TATCTACAGAGGTAAT-1","L3"
"TATCTACCACAGCGGG-1","L5"
"TATCTAGCCTAAAGGA-1","L3"
"TATCTGAGCCGATATT-1","L6"
"TATCTTGCAATACAAC-1","L5"
"TATGAAGAATTAAGGT-1","L6"
"TATGAAGACAGGTGCG-1","L3"
"TATGATAAATCTAACG-1","L3"
"TATGATCCGGCACGCC-1","L3"
"TATGATCTTCTCTTTA-1","L6"
"TATGCTCCCTACTTAC-1","L3"
"TATGGATGTGCTACGC-1","L3"
"TATGGCCCGGCCTCGC-1","L3"
"TATGGCTAGGCTAATT-1","L3"
"TATGGGACCGAGCAGG-1","L5"
"TATGGGTACGTATCGT-1","L4"
"TATGGTCTGAGTAACA-1","L5"
"TATGGTTAGTGGGAGA-1","L3"
"TATGTAAAGTGCTTAA-1","WM"
"TATGTAGAAACCCGGC-1","L6"
"TATGTCAAGACCGACT-1","L3"
"TATGTCTCATTGTGCC-1","L3"
"TATTAACACCAAAGCA-1","L5"
"TATTAACCTGACCGCG-1","L6"
"TATTACCATCCTGCTT-1","L3"
"TATTATGTTTGCCTGC-1","L6"
"TATTCAATTCTAATCC-1","L3"
"TATTCCACTCAGCTCG-1","L6"
"TATTCCGAGCTGTTAT-1","L5"
"TATTCCTCCGCCCACT-1","L6"
"TATTCGTGCCAGAATA-1","L4"
"TATTGACATTTCTGCC-1","L3"
"TATTGCCGGGCTTGTA-1","L6"
"TATTTAGTCTAGATCG-1","L3"
"TATTTATACCGAGTAG-1","L3"
"TATTTGATTTGCACAG-1","L5"
"TATTTGTTACCCTTTA-1","L3"
"TCAAACAACCGCGTCG-1","L3"
"TCAAACTTAGATTGTT-1","L3"
"TCAAAGAGCTATCTGT-1","L5"
"TCAAAGTCACGGCGTC-1","L6"
"TCAAATTGTTGTGCCG-1","WM"
"TCAAATTTGAGACTCA-1","L6"
"TCAACAAAGATAATTC-1","L6"
"TCAACACATTGGGTAA-1","L3"
"TCAACATAGCGCCCTA-1","L6"
"TCAACATCGACCGAGA-1","L5"
"TCAACCATGTTCGGGC-1","L3"
"TCAACGAGGAGACAAA-1","L5"
"TCAACGCAGGAAATAA-1","L6"
"TCAACGCGACCGGCAG-1","L5"
"TCAACTAACGTATAAC-1","L3"
"TCAACTGCAGAGTCAG-1","L5"
"TCAAGAAATACTAGCT-1","L3"
"TCAAGCGCGGACGGTA-1","L5"
"TCAAGCTGCCTTGAAA-1","L3"
"TCAAGGTTACTACACC-1","L4"
"TCAATACAATTGCTGC-1","L3"
"TCAATACGCCGTCATG-1","WM"
"TCAATATACAGGAGGC-1",NA
"TCAATCCCGCGCCAAA-1",NA
"TCACAAACCGAGGTAC-1","L6"
"TCACAGCAAACTCGAA-1","L6"
"TCACAGGAGAATAAGA-1","L6"
"TCACAGGGAATCGCAA-1","L5"
"TCACAGGTTATTGGGC-1","L4"
"TCACATCTTATCTGAT-1","L3"
"TCACCCTCTTAAGATT-1","L5"
"TCACCGCTCGGCACTC-1","L3"
"TCACGATGTCCGTGGA-1","L6"
"TCACGCATTGTAGATC-1","L5"
"TCACGGCCCAAGAGAG-1","L6"
"TCACGGTCATCGCACA-1","L3"
"TCACGTGCCCGATTCA-1","L5"
"TCACTACGACCAATGC-1","L3"
"TCACTATCCCTTCGGT-1","L6"
"TCACTCGTGCAACGGC-1","L3"
"TCAGAACCTCCACAGG-1","L3"
"TCAGAACGGCGGTAAT-1","WM"
"TCAGACGCTATAGAAG-1","L5"
"TCAGATGGAGACGTAG-1","L3"
"TCAGCAAATGCATCTC-1","L3"
"TCAGCAGTAGGCCCTG-1","WM"
"TCAGCCAATCCGTAAA-1","L6"
"TCAGCGCACGCCGTTT-1","WM"
"TCAGGGCGACTTCCTT-1","L3"
"TCAGGGCGCAAACTCG-1","L3"
"TCAGGGTGCACGAAAC-1","L3"
"TCAGGGTGTAACGTAA-1","L3"
"TCAGGTTCTTTGAGAA-1","L4"
"TCAGTACTGACCCGCG-1","L3"
"TCAGTAGGGACTATAA-1","L6"
"TCAGTGTATACGTCAT-1","L6"
"TCATAAGTCCAAGAAG-1","L5"
"TCATACTTACAGATCC-1","L3"
"TCATATGAGCTTTGTT-1","WM"
"TCATCACTCGAGCTCG-1","L3"
"TCATCCCAGAGGGTGG-1","L3"
"TCATCCTCAGCTGCTT-1","WM"
"TCATCGACGACCGTCG-1","WM"
"TCATCGATGGTCCCAA-1","L6"
"TCATGCAGGTTCTCAT-1","L3"
"TCATTCGTATAATTTG-1","L3"
"TCATTTAAGTCTCCGA-1","L3"
"TCATTTAGAAGTGTGA-1","L5"
"TCCAACTCAGCTATCT-1","L6"
"TCCAACTTTAAATTCT-1","L5"
"TCCAAGCCTAGACACA-1","WM"
"TCCAATAAAGGCTACC-1","WM"
"TCCACAATGGTTTACG-1","L4"
"TCCACATCGTATATTG-1","WM"
"TCCACCAAGACATAGG-1","L6"
"TCCACCTCTAGCCTTT-1","WM"
"TCCACTTTATCTAGGT-1","L3"
"TCCAGAGCACCGGTTC-1","L5"
"TCCAGATGTACGCCAA-1","L3"
"TCCAGCGCTATAAGCG-1","L4"
"TCCAGGCAGGACGATC-1","WM"
"TCCAGGCGAGTACGGT-1","L4"
"TCCAGGGTATATACGA-1","WM"
"TCCATCAATACTAATC-1","L6"
"TCCATTCCCACTAGAG-1","L3"
"TCCATTGTGACCTCGT-1","L3"
"TCCCAAACAGACAACG-1","L3"
"TCCCAAAGACGAAGGA-1","L3"
"TCCCAAAGCCCTAAAT-1","L3"
"TCCCACTCTCTTCCGG-1","L3"
"TCCCAGCACACGACAT-1","L4"
"TCCCAGCTTTAGTCTG-1","L4"
"TCCCAGGCTTAGCTAA-1","L4"
"TCCCGCCTATGTGCGT-1","L3"
"TCCCGCGTACTCCTGG-1","L3"
"TCCCGGGTGTGCTGCT-1","L5"
"TCCCGGTCAGGAATTT-1","L3"
"TCCCGTCAGTCCCGCA-1","L3"
"TCCCGTCGCGTCATAG-1","L3"
"TCCCGTGTGCAATTTG-1","L5"
"TCCCTAGATCAATAGG-1","L3"
"TCCCTCTTCTCAAGGG-1","L6"
"TCCCTGGCGTATTAAC-1","L6"
"TCCCTGGCTCGCTGGA-1","L4"
"TCCCTTAGATTACTCG-1","L3"
"TCCCTTGTCTGAAACT-1","L6"
"TCCGAACGTTGCCGCT-1","L4"
"TCCGAACTTGGCTTAC-1","L3"
"TCCGAAGTAGTCACCA-1","L3"
"TCCGAATGGTCCTGAG-1","L3"
"TCCGACCGCTAATCAA-1","WM"
"TCCGATAATTGCCATA-1","L3"
"TCCGATGACTGAGCTC-1","L3"
"TCCGATGGTGCGACAT-1","L3"
"TCCGATTACATTGCCG-1","L4"
"TCCGCCTGTCTACAAG-1","L6"
"TCCGCGGCAGCATCTG-1","L3"
"TCCGCGGCCCAATGAA-1","L5"
"TCCGCTGTCATCCCGG-1","L5"
"TCCGCTTATCCCATTA-1","L6"
"TCCGGAGGAAGGGCTG-1","L3"
"TCCGGCCTAGCGTACA-1","L3"
"TCCGGGCTTGACGGGA-1","L6"
"TCCGGTTCGTCCGGTC-1","L6"
"TCCGTAACCACAATCC-1","L3"
"TCCGTTAAGCTAATAT-1","L5"
"TCCGTTTAGCCTTGAA-1","L3"
"TCCTAAAGATTCAGAC-1","WM"
"TCCTAAATTGGGAAGC-1","L6"
"TCCTAACCGTCGGGCA-1","WM"
"TCCTACATCCACGGCC-1","L5"
"TCCTAGCAAAGAAGCT-1","L5"
"TCCTATCATAGGTAAC-1","L3"
"TCCTCCTAAGACATTC-1","L5"
"TCCTCGGGCTGGGCTT-1","L4"
"TCCTCTACGAGATGGC-1","L3"
"TCCTCTCCAGTTGTCC-1","L3"
"TCCTCTGGCCCATTAG-1","L3"
"TCCTGCCAACTGGAGA-1","L3"
"TCCTGCGTTGATACTC-1","L5"
"TCCTGGCGCTGCCTGG-1","L3"
"TCCTTACGACGGTCCG-1","L5"
"TCCTTCAGTGGTCGAA-1","L3"
"TCCTTGTCCTTTAATT-1","WM"
"TCCTTTAAATCCGCTT-1","L5"
"TCCTTTCTTACGCTTA-1","L3"
"TCGAAATTTAGGACCA-1","L3"
"TCGAAGAACCGAGCAC-1","L4"
"TCGAATATCCCGCAGG-1","L6"
"TCGAATCGCAGGGTAG-1","WM"
"TCGACAACTGAACCCG-1","L5"
"TCGACATAGCGTAGCG-1","WM"
"TCGAGACCAACACCGT-1","L5"
"TCGAGCCAGGCAGGCC-1","L6"
"TCGAGGGCAACAGACG-1","L5"
"TCGATAGGCTAGTCGC-1","L3"
"TCGCAAAGATGCATTT-1","L5"
"TCGCACCAGGAGGCAG-1","L5"
"TCGCATAAAGGGCGCA-1","L6"
"TCGCATCCCTAAGTGT-1","L3"
"TCGCATTCAATGACTT-1","L3"
"TCGCCACCCGGATTAC-1",NA
"TCGCCCAACTGACTCC-1","L3"
"TCGCCCACTGCGAGAG-1","L3"
"TCGCCGAAGTTGCGTC-1","L5"
"TCGCCGACATATTCGC-1","WM"
"TCGCCGGATGGGCAAG-1","L3"
"TCGCCGGTCGATCCGT-1","L3"
"TCGCGCGTTTACATGA-1","L6"
"TCGCGTAGCAGTGTCC-1","L5"
"TCGCGTCCAGAAGGTC-1","L4"
"TCGCTAAACCGCTATC-1","L3"
"TCGCTACTGGCTTTGA-1","WM"
"TCGCTCGATATATTCC-1","L3"
"TCGCTCGGCACCAGCG-1","L3"
"TCGCTGCCAATGCTGT-1","WM"
"TCGCTGGGCGGATTGT-1","L3"
"TCGCTGTGCGTAAATC-1","L3"
"TCGCTTAATTACGAAG-1","L3"
"TCGCTTTAAACGTTTG-1","L3"
"TCGGAATGACCATCAA-1","L3"
"TCGGAATGCGCTCTGA-1","L3"
"TCGGACGCCCAGCCCA-1","L3"
"TCGGAGAGTATCGGGA-1","L5"
"TCGGAGTACATGAGTA-1","L3"
"TCGGCAGGGTTAAGGG-1",NA
"TCGGCGAACCCAAACC-1","L4"
"TCGGCGTACTGCACAA-1","L5"
"TCGGCTTGTATCGACG-1","L6"
"TCGGGAACGTGCCTAG-1","L3"
"TCGGGAGACAGCGTAC-1","L6"
"TCGGGATTCAAACATA-1","L4"
"TCGGGCCGTCGTGGTA-1","L3"
"TCGGGTGAAACTGCTA-1","L3"
"TCGGTCCCGACAATAG-1","L6"
"TCGGTCCCTGACTCCA-1","L3"
"TCGGTGACCGCTCCGG-1","L3"
"TCGGTTAGCCATGTAG-1","L3"
"TCGTAACTCCCAAGAC-1","L6"
"TCGTAAGACGACATTG-1","L3"
"TCGTAAGCTCCGAGGA-1","L3"
"TCGTACCGACGTCAAG-1","WM"
"TCGTATAGTGCAATTA-1","L3"
"TCGTATTACCCATTGC-1","L5"
"TCGTATTTCGTCCGGA-1","L3"
"TCGTCAAGTACGCGCA-1","L6"
"TCGTCACACTGTTAGC-1","L3"
"TCGTCCGCTGGCGTCT-1","L3"
"TCGTCCGGGTACACTC-1","L3"
"TCGTCTTAGGCGTTAA-1","L5"
"TCGTGTACTATGGATG-1","L5"
"TCGTGTATTGGTCACG-1","L4"
"TCGTGTCACGCTGACA-1","L5"
"TCGTGTTCGACCACAA-1","L5"
"TCGTTAGGAGTCCCTA-1","L6"
"TCGTTCGTTATTATGT-1","L3"
"TCGTTGACAGGGTCCC-1","L3"
"TCGTTGCTATCCGGTC-1","L6"
"TCGTTGGCTCGTCAAT-1","L3"
"TCGTTTACGCGACCCT-1","L6"
"TCTAAAGAACAGTCTC-1","L5"
"TCTAACTGTATGTAAA-1","L3"
"TCTAATACTGCCTCAG-1","L6"
"TCTACACGTTCATGCA-1","L3"
"TCTACCCAATAGAGAG-1","L5"
"TCTACCGTCCACAAGC-1","L3"
"TCTACGGGCTCAGTTG-1","L3"
"TCTAGCAATCTCCGCC-1","L5"
"TCTAGCATCTTCGATG-1","L3"
"TCTAGCATGCCCAGAA-1","L5"
"TCTAGGTGGCGACGCT-1","L3"
"TCTAGTGATATCGTGG-1","L4"
"TCTAGTTATCAGAAGA-1","L4"
"TCTATAGGTGGGTAAT-1","L6"
"TCTATCATGCAGTTAC-1","L3"
"TCTATCCGATTGCACA-1","WM"
"TCTATCGGTCGCAACA-1","L3"
"TCTATGCTATAACGAC-1","L6"
"TCTATTACGCTGGCGA-1","L3"
"TCTATTACTAGAGGAT-1","L5"
"TCTCAAATCAATCGGG-1","WM"
"TCTCATGAGATAGGGT-1","L5"
"TCTCCAACGTAGGTTA-1","L3"
"TCTCCACAAGTTGAAT-1","L6"
"TCTCCCTGGGCAGCGT-1","L6"
"TCTCGAACGAGGTCAC-1","L3"
"TCTCGACGTATCGCCG-1","L3"
"TCTCGAGGAGGTTCGC-1","L4"
"TCTCGGCTCCAGGACT-1","L3"
"TCTCTAATAGCTGGTA-1","L3"
"TCTCTCGCCGCACATA-1","L5"
"TCTCTTACCGCGAACC-1","WM"
"TCTGAACCGGTCGGCT-1","L3"
"TCTGAACTCGTACCCG-1","L4"
"TCTGAAGCACGTGGTC-1","L6"
"TCTGAATTCCGTACAA-1","L3"
"TCTGACGGGCTAACCC-1","L3"
"TCTGAGCAATTGACTG-1","L5"
"TCTGATCGGGTGCTAG-1","L3"
"TCTGATGTATTCTGTC-1","L5"
"TCTGATTGGAAATGGA-1","L3"
"TCTGCACCATTAGTAA-1","L3"
"TCTGCAGATTCGAGTC-1","L3"
"TCTGCATACCTTGCTT-1","L6"
"TCTGCCAGAAACTGCA-1","L4"
"TCTGCGAATCGTTCGC-1","L3"
"TCTGCGTCCGGTTTCT-1","L3"
"TCTGGCCGTTCAAGTT-1","L3"
"TCTGGCGCAAGCCGGG-1","L3"
"TCTGGGAACCTTTGAA-1","L3"
"TCTGGGTAGCGCTCAT-1","L5"
"TCTGTCATACAAGAGC-1","L3"
"TCTGTGATGGAGGTTG-1","L3"
"TCTGTGCCATCATAGT-1","L3"
"TCTGTTACCCAGCATA-1","L6"
"TCTTACAGAGGTACCG-1","L3"
"TCTTACCGGAACTCGT-1","L3"
"TCTTACGGCATCCGAC-1","L3"
"TCTTACTTATGCCTCT-1","L4"
"TCTTAGAGCTCCAATT-1","L3"
"TCTTAGAGTGAACTCT-1","L3"
"TCTTCCCATGGGCACA-1","L3"
"TCTTCGAATAGACGTT-1","L4"
"TCTTCGATACCAATAA-1","L3"
"TCTTCGCGGTGAGAGG-1","L5"
"TCTTCTATAACCCGCC-1","L3"
"TCTTGATGCGTAGCGA-1","L3"
"TCTTGCTCCCGATACT-1","WM"
"TCTTGGTAACACCAAA-1","L3"
"TCTTGGTCAATGATAC-1","L6"
"TCTTTAAGACTATGAA-1","L3"
"TCTTTAGAGTCTAACA-1","L4"
"TCTTTAGCAGGCGAAC-1","L3"
"TCTTTCCTTCGAGATA-1","L5"
"TCTTTCTCTTAAGGAG-1","L3"
"TGAAACTTATGCAAGC-1","L3"
"TGAAAGGACCTGACTC-1","L3"
"TGAACAAGCAGGGACT-1","WM"
"TGAACTGCTATGACTT-1","L3"
"TGAATACCGACGCGTA-1","WM"
"TGAATATGCTATAAAC-1","L3"
"TGAATGAGATACAGCA-1","L3"
"TGAATGAGTGTTTCCC-1","WM"
"TGAATGTCAGCCGGCC-1","L3"
"TGACACTTCTCTTTGC-1","L3"
"TGACAGGACAAGTCCA-1","L5"
"TGACATATATGACGAT-1","L3"
"TGACATCGAGCGGACC-1","L3"
"TGACATGTAACGTGAC-1","WM"
"TGACCAAATCTTAAAC-1","WM"
"TGACCAGCTTCAAAGT-1","L3"
"TGACCCACGTTAGACA-1","L5"
"TGACCCAGCATTCCCG-1","L3"
"TGACGAATATTTCCCT-1","L5"
"TGACGATGCACTAGAA-1","L3"
"TGACTATAATCCTTTC-1","L5"
"TGACTCCGAATCATAC-1","L6"
"TGACTCTAACTGGTAA-1","L6"
"TGAGAATGCTTTACCG-1","L3"
"TGAGACGTACCTCTCA-1","L3"
"TGAGAGATTTACCACG-1","L3"
"TGAGATCAAATACTCA-1","L3"
"TGAGATTAGGCCCTAA-1","L3"
"TGAGCCATACAGTCTC-1","L5"
"TGAGCGGAAAGTGTTC-1","L6"
"TGAGCTCAACTGTATA-1","L5"
"TGAGCTTTAATGACGC-1","L3"
"TGAGGAGTGCCAGCTT-1","L6"
"TGAGGCATGTACTGTG-1","L5"
"TGAGGTGTGTGGCGGA-1","WM"
"TGAGTAAATTAGCGTA-1","L6"
"TGAGTGCCTCTTAAAT-1","L6"
"TGAGTGGTCCGTGACG-1","L3"
"TGAGTTAAAGACATTC-1","L3"
"TGATACATTTAGCCGT-1","L6"
"TGATAGCGGGATTCTA-1","L3"
"TGATCACCACACTGAC-1","WM"
"TGATCAGGGAACTGCT-1","L5"
"TGATCCCAGCATTAGT-1","L3"
"TGATCGGTTTGACCCT-1","L3"
"TGATCTACGCTGATCT-1","L3"
"TGATCTATCACACTCT-1","WM"
"TGATCTCCGGCGCCAG-1","L3"
"TGATGGCTGTTTCTGA-1","L3"
"TGATGTCAATTAAGTG-1","L5"
"TGATTATGGCACGCAG-1","L3"
"TGATTCAGGTCCCGCG-1","L5"
"TGATTCCCGGTTACCT-1","WM"
"TGATTCGTCTATCACT-1","L4"
"TGATTCTGTCGCCGGT-1","L6"
"TGATTTATTAGCTGTG-1","L5"
"TGATTTCCTCCTGACG-1","L3"
"TGCAAAGTTCGTCTGT-1","WM"
"TGCAACCCATCTGCGG-1","L6"
"TGCAACTACTGGTTGA-1","WM"
"TGCAAGAATGACGTAA-1","L3"
"TGCAATCTAACACGGT-1","L6"
"TGCAATTTGGGCACGG-1","L3"
"TGCACAGTGAAGTTAT-1","L3"
"TGCACGAGTCGGCAGC-1","L3"
"TGCACTATGTGAGTGC-1","L3"
"TGCAGAACTATATCGT-1","L5"
"TGCAGAGTACCGAGCA-1","L5"
"TGCAGATCGTCCTAGG-1","L5"
"TGCAGCTACGTACTTC-1","L5"
"TGCAGGATCGGCAAAG-1","L3"
"TGCAGTGAGGCTCGGG-1","L3"
"TGCAGTGGTAGGGAAC-1","L6"
"TGCAGTTTCCTCCCAT-1","L3"
"TGCATATGTCTGTCAC-1","L3"
"TGCATGGATCGGATCT-1","L3"
"TGCATGGCAGTCTTGC-1","L3"
"TGCATGTGACCCATAG-1","WM"
"TGCATGTGGTAATCTA-1","L3"
"TGCCAAAGTCAGACTT-1","L5"
"TGCCAATGGGTACTCT-1","L6"
"TGCCACCTGGCGAAAC-1","L3"
"TGCCAGTACGTGGAGA-1","L6"
"TGCCATTACTAAAGAA-1","L3"
"TGCCCGATAGTTAGAA-1","WM"
"TGCCCGTACCGTTAAA-1","L5"
"TGCCGAAAGCGTATTC-1","L3"
"TGCCGGATGTACGAGC-1","WM"
"TGCCGTGGATCGTCCT-1","L6"
"TGCCGTGGGACCCAAT-1","WM"
"TGCCTAATTGAAGATT-1","L5"
"TGCCTGACATCGGTCA-1","L3"
"TGCCTGATCAAACGAT-1","L3"
"TGCCTTGGCCAGGCAA-1","L5"
"TGCGAATATGGGATTT-1","L5"
"TGCGACACCCTAGTGC-1","L6"
"TGCGACGGCCGAACGT-1","L6"
"TGCGAGAATATTACCC-1","L6"
"TGCGAGATGGCGGCCA-1","L3"
"TGCGAGCCCTTCCGCG-1","L3"
"TGCGATGCTAATGGCT-1","L3"
"TGCGCAAAGCATTTGG-1","L3"
"TGCGCCGTTAATAACG-1","L3"
"TGCGCGATTAACGGAG-1","L3"
"TGCGGACTTGACTCCG-1","WM"
"TGCGGAGTAAAGGTGC-1","L3"
"TGCGGCATAGTTCAAC-1","L3"
"TGCGGTGAAATTTCAT-1","L3"
"TGCGTAAGAACCTGAT-1","L5"
"TGCGTACGGCTAATTG-1","L6"
"TGCGTCATGACTGAGC-1","L5"
"TGCGTGATTGGGTGTC-1","L3"
"TGCGTTTGTTGACACT-1","L5"
"TGCTAAGTGTCTATTT-1","L5"
"TGCTATGGCAAAGGGA-1","L6"
"TGCTCACACAACAACC-1","L3"
"TGCTCCACAGTTCTTA-1","L4"
"TGCTCGGCGAAACCCA-1","L6"
"TGCTCGGTGGGTCACC-1","WM"
"TGCTCTGCCGGTTCAC-1","L3"
"TGCTCTTGAGAGTTTG-1","WM"
"TGCTGCGTCAGAGTTA-1","L3"
"TGCTGGTTGGACAATT-1","L3"
"TGCTGTTGAAGAACTC-1","L5"
"TGCTTAGAGAGAATGC-1","L6"
"TGCTTCCCAAGCAGTA-1","WM"
"TGGAACCACTGACACA-1","L3"
"TGGAAGAAGGGAACGT-1","L5"
"TGGAAGACGAACACCA-1","L3"
"TGGAAGGATAAAGATG-1","L3"
"TGGAATATCCTTGACC-1","L3"
"TGGAATTAGACGCTTT-1","L3"
"TGGACCAATCTAAGAT-1","L6"
"TGGACGCAATCCAGCC-1","L6"
"TGGACTGTTCGCTCAA-1","L4"
"TGGAGAATAATCGTCC-1","WM"
"TGGAGCTAAAGTTCCC-1","L3"
"TGGAGGGAAACACCTC-1","L3"
"TGGAGTGATGCGATGA-1","L3"
"TGGCAAACTAAATTAC-1","L5"
"TGGCAACTCGCGCGCC-1","L3"
"TGGCAAGCACAAGTCG-1","WM"
"TGGCAATGGGACGGCG-1","L5"
"TGGCACGAGCTCGAGT-1","L3"
"TGGCAGATTACGATCA-1","L5"
"TGGCAGCAGTAATAGT-1","L5"
"TGGCATGAAGTTTGGG-1","L5"
"TGGCCAAACTGAAGTA-1","L3"
"TGGCCAATTTGGTACT-1","L5"
"TGGCCGTATATTGACC-1","L3"
"TGGCGACTGCTCCAAA-1","L6"
"TGGCGATCAAGTTATG-1","L6"
"TGGCTACACTCTACCT-1","L6"
"TGGCTATGTGACATAC-1","L6"
"TGGCTCTTGTCGCGTA-1","L5"
"TGGCTTGTACAAGCTT-1","L3"
"TGGCTTTGGGTAGACA-1","L3"
"TGGGAAATGCCTTTCC-1","L3"
"TGGGATGCACTCATTC-1","L3"
"TGGGCAATAGTTGGGT-1","L3"
"TGGGCACAAACAGAAC-1","L3"
"TGGGCACGTTCTATGG-1","L3"
"TGGGCAGGCCACCGCA-1","L5"
"TGGGCCACAAGAGCGC-1","L3"
"TGGGCCCATACTAATT-1","L5"
"TGGGCGATACAATAAG-1","WM"
"TGGGTAAGGTTCCCGC-1","L3"
"TGGGTGCACAAGCCAT-1","WM"
"TGGGTGGGATGTCATT-1","L3"
"TGGGTGTAATAGATTT-1","L6"
"TGGGTGTTAAGTAGAA-1","WM"
"TGGGTTTCGGGCGTAC-1","L6"
"TGGTAAGCAGGATTGA-1","L5"
"TGGTAGAATATATGGG-1","L4"
"TGGTATCGCATCCCAA-1","L3"
"TGGTATCGGTCTGTAT-1","L3"
"TGGTCCCACGCTACGG-1","L6"
"TGGTCGATATACCTCT-1","WM"
"TGGTCGGGTACAGGGC-1",NA
"TGGTCGTGCAAGGCAA-1","L4"
"TGGTCGTTTGATAGAT-1","L3"
"TGGTCTGTTGGGCGTA-1","L5"
"TGGTGATCGTATTTGT-1","L3"
"TGGTGCCCTGCCTTAC-1","WM"
"TGGTTAACTTACATTT-1","L5"
"TGGTTAAGGGCGCTGG-1","L3"
"TGGTTATGCTTGCGGT-1","L3"
"TGGTTCAACGGGTAAT-1","L5"
"TGGTTCGTAGCAAAGG-1","L3"
"TGGTTGGAGGATCCTG-1","L3"
"TGGTTTAAACGTGGGT-1","L3"
"TGTAATGACCACAATA-1","L4"
"TGTAATGCCTTCGGAC-1","L3"
"TGTACCTACACGAGGG-1","L6"
"TGTACGAACAAATCCG-1","L5"
"TGTACTACTCTCACGG-1","L3"
"TGTACTTCCGGGCATG-1","L6"
"TGTAGCCAATTCCGTT-1","WM"
"TGTAGCCATCCCATTC-1","L5"
"TGTAGGAGAAATTTCC-1","L3"
"TGTAGTGATCTATAAT-1","L5"
"TGTATAACAGATCCTG-1","L3"
"TGTATACGGATGATGA-1","L3"
"TGTATCAGACTGAAGC-1","L3"
"TGTATCCTTATTCCAT-1","L3"
"TGTATGGCGCAGACAG-1","L4"
"TGTATTTACCTAATGC-1","L3"
"TGTCATTTGTTGGGAA-1","L3"
"TGTCCACGGCTCAACT-1","L6"
"TGTCCCGACATAGCAC-1","L3"
"TGTCCGCAAACAATTC-1","WM"
"TGTCCGTGGCGCCTTT-1","L3"
"TGTCCTAAGTCACCGC-1","L4"
"TGTCGGCATGGTGGAA-1","L3"
"TGTCGTTATCACATAT-1","L6"
"TGTCTACAGTTTCTGT-1","L3"
"TGTGACTACGCCAGTC-1","L3"
"TGTGACTAGAGTTTGC-1","L6"
"TGTGAGACTAGCCCAA-1","L6"
"TGTGCCGGTGCCGGAA-1","L5"
"TGTGCTTTACGTAAGA-1","L4"
"TGTGGCAAAGCGTATG-1","L3"
"TGTGGCGGGCTTCTGG-1","WM"
"TGTGGCTCCCACCAAC-1","L3"
"TGTGGTAGGGTGCCTT-1","L4"
"TGTGGTTGCTAAAGCT-1","WM"
"TGTGTAGTAGCACGTG-1","L5"
"TGTGTCGCGAGTTGCA-1","L3"
"TGTGTTCGTATCCAAG-1","L3"
"TGTTATTGTATGTGGC-1","L4"
"TGTTCATAAATGTGCT-1","L3"
"TGTTCCGCTTCCATGA-1","L5"
"TGTTCCGGCCTGAGCT-1","WM"
"TGTTCGTATTGCGGTG-1","L6"
"TGTTCTCTACTCCCTA-1","L3"
"TGTTCTTCCATTGACT-1","L5"
"TGTTGCCGTCGTCCCA-1","L3"
"TGTTGTCAAGAAGTCT-1","L3"
"TGTTTAATACTTCATC-1","L3"
"TGTTTCGGTACTTCTC-1","L3"
"TGTTTCTGAAGCGTGC-1","L6"
"TGTTTGAGATCGTCAG-1","L4"
"TTAAACAGAGTCCCGC-1","L3"
"TTAAACCGGTAGCGAC-1","L3"
"TTAAACCTGGTTCCTT-1","L3"
"TTAAACTCGAATTCAT-1","L3"
"TTAAAGGCGATGCTCG-1","WM"
"TTAAAGTAAGTCGCCA-1","L6"
"TTAACACCTCGAACAT-1","L3"
"TTAACCAACCCTCCCT-1","L3"
"TTAACGAACAAGCAGT-1","L3"
"TTAACGTCGCAAGACC-1","L3"
"TTAACGTTAAAGCCTG-1","L3"
"TTAACTCACGCGTGGA-1","L3"
"TTAACTTCAGGTAGGA-1","L5"
"TTAAGACGAACGAACC-1","L3"
"TTAAGATACCCAGAGA-1","L6"
"TTAAGATAGGATTGAC-1","L3"
"TTAAGCCGACAACTTC-1","L3"
"TTAAGCGCCTGACCCA-1","L4"
"TTAAGGCCCGTACTTT-1","L6"
"TTAAGTATTGTTATCC-1","L6"
"TTAATCAGTACGTCAG-1","L3"
"TTAATGTAGACCAGGT-1","L3"
"TTAATTGCTTTGGGTG-1","L6"
"TTAATTTCAGACGCGG-1","L3"
"TTACAACTACGCATCC-1","L3"
"TTACACGATCTGCGAC-1","L6"
"TTACAGACCTAAATGA-1","L3"
"TTACATCGTGGCCTGG-1","L3"
"TTACATGCCACAACTA-1","L3"
"TTACCATTGATTACCC-1","L4"
"TTACCCATTGCCGGGT-1","L3"
"TTACCCTAACAGTCCT-1","L3"
"TTACCCTAGGGATTGG-1","WM"
"TTACCGCCTTAGGGAA-1","L3"
"TTACGGATGGTTCGAG-1","L3"
"TTACGTATCTATGACA-1","L6"
"TTACTAAAGGACTTTA-1","L5"
"TTACTATCGGCTTCTC-1","L3"
"TTACTCCGGCCGGGAA-1","L3"
"TTACTCTGGTACGTAC-1","L5"
"TTACTGGGATATTTCA-1","L5"
"TTACTGTCTAGAGCTC-1","L3"
"TTAGAAGAACATGACT-1","L6"
"TTAGAATAAGGGTCGG-1","WM"
"TTAGACACGATCGTTG-1","L3"
"TTAGACGAGTCACCTC-1","L5"
"TTAGAGTATTGTCGAG-1",NA
"TTAGAGTTTAGAAGGA-1","L5"
"TTAGATAGGTCGATAC-1","L3"
"TTAGCAACATGGATGT-1","L3"
"TTAGCTAATACGATCT-1","L3"
"TTAGCTCTGTAATCCG-1","L3"
"TTAGCTGATTTGCCGT-1","L3"
"TTAGGTCATAACCGAC-1","L6"
"TTAGTAAACCTGCTCT-1","L6"
"TTAGTAGGGCGGCGGG-1","L4"
"TTAGTTATTCGTGGCA-1","L5"
"TTAGTTCAAGTGTTCG-1","L3"
"TTATAGGTAATTGTCT-1","WM"
"TTATAGTCCAAGGTGC-1","L3"
"TTATATACGCTGTCAC-1","L4"
"TTATATTTGGCAATCC-1","L3"
"TTATCCAATCGAACTC-1","L3"
"TTATCCGGGATCTATA-1","L5"
"TTATCCTCAAGGAATA-1","L5"
"TTATCGCCTGCGAAGC-1","L3"
"TTATCTGACATTAGGA-1","L5"
"TTATCTGTATCATAAC-1","L3"
"TTATGAATGAAAGGGA-1","L5"
"TTATGACAAACTGGAT-1","L3"
"TTATGATCTTAACGAA-1","L3"
"TTATGCGTCCCGGTCC-1","L3"
"TTATGTTTGCGATAGA-1","L3"
"TTATTAGAGCGTGTTC-1","L5"
"TTATTAGGGAAGCATC-1","L3"
"TTATTATCTGGAAGGC-1","L4"
"TTCAAAGTCTCTAGCC-1","L3"
"TTCAACGACCCGACCG-1","L3"
"TTCAAGCCGAGCTGAG-1","L3"
"TTCAATACTCTGAATC-1","L3"
"TTCAATTAGCCATAAT-1","L3"
"TTCACGAAAGGATCAC-1","L5"
"TTCACGGTCGTCACGT-1","L6"
"TTCACTCGAGCACCTA-1","L6"
"TTCACTTCCTAGAACG-1","WM"
"TTCAGCCCTGGTCCAC-1","L5"
"TTCAGCTGGCGTGCCC-1","L5"
"TTCAGGCGTCAAAGCC-1","L5"
"TTCAGTTCAAGAGGAG-1","WM"
"TTCAGTTTGTGGCAGC-1","L3"
"TTCATGGCGCAACAGG-1","L3"
"TTCCAATCAGAGCTAG-1","L3"
"TTCCAATCTGGCTATC-1","L6"
"TTCCACACAGATTTGA-1","L6"
"TTCCAGACGAGATTTA-1","L3"
"TTCCAGTGGGTTTCGT-1","WM"
"TTCCATCATGCGGTGA-1","L3"
"TTCCATCGACAGCGTG-1","L6"
"TTCCCGGCGCCAATAG-1","L5"
"TTCCGCAGAGAAATAT-1","L3"
"TTCCGCGTGAGGCGAT-1","L5"
"TTCCGGCCTTGAGGCT-1","L6"
"TTCCGGCTCGACTTCT-1","L3"
"TTCCGGTATCTGTGTC-1","L3"
"TTCCGGTTACCCACTT-1","L4"
"TTCCTCGAGGGTGTCT-1","L3"
"TTCCTCGGACTAACCA-1","L5"
"TTCCTCTGCCCGAATA-1","L4"
"TTCCTTTCTGTGTTGC-1","L3"
"TTCGAACGAAACATGC-1","WM"
"TTCGACAGAGCCCGTG-1","L6"
"TTCGACGGGAAGGGCG-1","L3"
"TTCGAGCCGGCGCTAC-1","L3"
"TTCGCACTCGCGTGCT-1","L3"
"TTCGCACTGTACGACA-1","WM"
"TTCGCATCCGGAAGCA-1","L3"
"TTCGCCGCTCGCGCTA-1","L5"
"TTCGCGCGCCATACGA-1","WM"
"TTCGCTAGGAAGTTGT-1","L3"
"TTCGCTATCTGACGTG-1","L3"
"TTCGGACTGATGCCTT-1","L3"
"TTCGGCAACCCGCTGA-1","L3"
"TTCGGCTAGAGATGGT-1","L3"
"TTCGGGACTAATCGCG-1","L4"
"TTCGGGCGCTAGTCTT-1","L6"
"TTCGGGTTGCCACGGG-1","L5"
"TTCGGTACTGTAGAGG-1","WM"
"TTCGGTGGAGACGCCC-1","L3"
"TTCGTAATCCCAGCGG-1","L3"
"TTCGTACTCCAGAACG-1","L3"
"TTCGTGGGCTGGAAGC-1","L3"
"TTCGTTCAACGAAGTT-1","L3"
"TTCTAACCGAAGCTTA-1","L3"
"TTCTACCTCAATCGGT-1","L6"
"TTCTACCTTTATGTTG-1","L3"
"TTCTACTTGCGAGGGC-1","L3"
"TTCTAGAAAGTCTTAT-1","WM"
"TTCTAGGCCAATTGTG-1","L3"
"TTCTATGCCTTTCGCA-1","L3"
"TTCTATTAAACGCAGC-1","WM"
"TTCTCAATTGCTACAA-1","L6"
"TTCTCTTACAGGTGAT-1","L6"
"TTCTGACCGGGCTCAA-1","L5"
"TTCTGCCGCGCCTAGA-1","L5"
"TTCTGCGAGCGCCCTT-1","L3"
"TTCTGCGGGTTAGCGG-1","L4"
"TTCTGCTAGACTCCAA-1","L3"
"TTCTTAGTGAACGGTG-1","L3"
"TTCTTAGTGGCTCAGA-1","L3"
"TTCTTATCCGCTGGGT-1","L4"
"TTCTTGAGCCGCGCTA-1","L6"
"TTCTTGCTAGCATCTC-1","L3"
"TTCTTGGACGATCTGC-1","L6"
"TTCTTGGAGTAATGAG-1","L3"
"TTCTTGTAACCTAATG-1","L3"
"TTCTTGTGTCCATCAG-1","L3"
"TTCTTTGGTCGCGACG-1","L3"
"TTGAAACCCTCATTCC-1","L6"
"TTGAAAGGTGTAAAGG-1","L3"
"TTGAACGAATCCTTTG-1","L3"
"TTGAACGACGTGCTGA-1","L6"
"TTGAAGAATTCCCAGG-1","L4"
"TTGAAGGATGGGCGCC-1","L6"
"TTGAATATGGACTTTC-1","L3"
"TTGAATCGTTGTATAA-1","L5"
"TTGAATTCACGTGAGG-1","L3"
"TTGACAGGAGCTCCCG-1","L4"
"TTGACATGAACGTGGA-1","L5"
"TTGACCAGGAACAACT-1","WM"
"TTGACCATGTTCTCCG-1","L3"
"TTGACCGTGTTAATGA-1","L6"
"TTGACGATTCAGCACG-1","L3"
"TTGACGCTCCATGAGC-1","L3"
"TTGACTACCATATGGT-1","L5"
"TTGACTATTGTCCGGC-1","L4"
"TTGAGAAGTTTAGCAT-1","L5"
"TTGAGAGTACTGCTAA-1","L5"
"TTGAGCAGCCCACGGT-1","L3"
"TTGAGCGCCACGTGAT-1","L3"
"TTGAGGCATTTAACTC-1","L3"
"TTGAGTCCCGCTGCTG-1","L3"
"TTGATAGTCAATACAT-1","L3"
"TTGATCTAACTTTGTC-1","L3"
"TTGATGCCGCTCGTCG-1","WM"
"TTGATGTGTAGTCCCG-1","L3"
"TTGATTAGCTGTTTCT-1","L6"
"TTGATTATGCAGATGA-1","L3"
"TTGCAAGAAGACTCCT-1","WM"
"TTGCACAATTCAGAAA-1","L5"
"TTGCACGGAGCAGCAC-1","L3"
"TTGCATGCTGATCACG-1","L5"
"TTGCCAAGCAGAACCC-1","L3"
"TTGCCATAGCCCGCTC-1","L6"
"TTGCCCTGATCACGGG-1","L5"
"TTGCCGCAGACCTACA-1","L6"
"TTGCCGCTTTCTAGTA-1","L6"
"TTGCCGGTGATCCCTC-1","L3"
"TTGCCTAATCCAAAGT-1","L6"
"TTGCCTTCTCGCCGGG-1","L6"
"TTGCGCTTGATCAATA-1","L6"
"TTGCGGAAAGCTGCCC-1","WM"
"TTGCGGCATCAGAAAG-1","L6"
"TTGCGTAGTTTGAGGA-1","L3"
"TTGCGTCGGCCAACCG-1","L6"
"TTGCGTGAACGCTTAG-1","L3"
"TTGCGTGTGTAGGCAT-1","WM"
"TTGCTCATAGTACGTG-1","L6"
"TTGCTCCCATACCGGA-1","L3"
"TTGCTGAAGGAACCAC-1","L3"
"TTGCTGATCATGTTCG-1","L4"
"TTGCTGCACCTATCCA-1","L3"
"TTGCTGGCCGGGCTTC-1","L3"
"TTGGAAGAATACAGTC-1","L5"
"TTGGACATGTGGCTTA-1","L5"
"TTGGACCATCTGGCAA-1","L5"
"TTGGACCTATAACAGT-1","L6"
"TTGGAGTCTCCCTTCT-1","L3"
"TTGGATATCGTCTACG-1","L6"
"TTGGATCGACTTCTGG-1","L3"
"TTGGATTGGGTACCAC-1","L3"
"TTGGCCAAATTGTATC-1","WM"
"TTGGCCATCTTGCGCT-1","L3"
"TTGGCCTAGAATTTCG-1","L3"
"TTGGCGATCCGAATAT-1","L3"
"TTGGCTCAATATGTGT-1","L6"
"TTGGCTCGCATGAGAC-1","L3"
"TTGGGAAGACGAGCCG-1","WM"
"TTGGGACACTGCCCGC-1","L3"
"TTGGGACGTAAGAGTT-1","L4"
"TTGGGCGGCGGTTGCC-1","L3"
"TTGGGTTTATTCAGCG-1","L3"
"TTGGTATGGCTTGTGT-1","L3"
"TTGGTCACACTCGTAA-1","L6"
"TTGGTGCGGTGTTGAA-1","L3"
"TTGGTTGCGGTGCGCG-1","L6"
"TTGTAAGGACCTAAGT-1","L5"
"TTGTAAGGCCAGTTGG-1","L3"
"TTGTAATCCGTACTCG-1","L5"
"TTGTATCACACAGAAT-1","L3"
"TTGTCGTTCAGTTACC-1","L3"
"TTGTCTCGGCAAGATG-1","WM"
"TTGTGAACCTAATCCG-1","L5"
"TTGTGAGGCATGACGC-1","L5"
"TTGTGATCTGTTCAGT-1","L6"
"TTGTGCAGCCACGTCA-1","L6"
"TTGTGGCCCTGACAGT-1","L3"
"TTGTGGTAGGAGGGAT-1","L6"
"TTGTGGTATAGGTATG-1","L3"
"TTGTGGTGGTACTAAG-1","L6"
"TTGTGTATGCCACCAA-1","L6"
"TTGTGTTTCCCGAAAG-1","L6"
"TTGTTAGCAAATTCGA-1","L3"
"TTGTTCAGTGTGCTAC-1","L3"
"TTGTTGTGTGTCAAGA-1","L3"
"TTGTTTCACATCCAGG-1","L6"
"TTGTTTCATTAGTCTA-1","L6"
"TTGTTTCCATACAACT-1","L5"
"TTGTTTGTATTACACG-1","WM"
"TTGTTTGTGTAAATTC-1","L3"
