timestamp	k	seed	tol	L1	elapsed_min	output_path
2025-11-07T20:06:34Z	10	42	1e-5	0.1	2.38892788092295	/zata/zippy/kresgeb/nmf_stuff/dlPFC/data/batched_nmf/nmf_k10_seed42_tol1e-05_L10.1.rds
2025-11-07T20:09:42Z	20	42	1e-5	0.1	3.06637013355891	/zata/zippy/kresgeb/nmf_stuff/dlPFC/data/batched_nmf/nmf_k20_seed42_tol1e-05_L10.1.rds
2025-11-07T20:15:59Z	30	42	1e-5	0.1	6.25851397116979	/zata/zippy/kresgeb/nmf_stuff/dlPFC/data/batched_nmf/nmf_k30_seed42_tol1e-05_L10.1.rds
2025-11-07T20:21:24Z	40	42	1e-5	0.1	5.35228674411774	/zata/zippy/kresgeb/nmf_stuff/dlPFC/data/batched_nmf/nmf_k40_seed42_tol1e-05_L10.1.rds
2025-11-07T20:28:44Z	50	42	1e-5	0.1	7.27921635309855	/zata/zippy/kresgeb/nmf_stuff/dlPFC/data/batched_nmf/nmf_k50_seed42_tol1e-05_L10.1.rds
2025-11-07T20:36:07Z	60	42	1e-5	0.1	7.31317378679911	/zata/zippy/kresgeb/nmf_stuff/dlPFC/data/batched_nmf/nmf_k60_seed42_tol1e-05_L10.1.rds
2025-11-07T20:45:57Z	70	42	1e-5	0.1	9.76847238938014	/zata/zippy/kresgeb/nmf_stuff/dlPFC/data/batched_nmf/nmf_k70_seed42_tol1e-05_L10.1.rds
2025-11-07T21:02:18Z	80	42	1e-5	0.1	16.2622415264448	/zata/zippy/kresgeb/nmf_stuff/dlPFC/data/batched_nmf/nmf_k80_seed42_tol1e-05_L10.1.rds
2025-11-07T21:21:16Z	90	42	1e-5	0.1	18.8756593863169	/zata/zippy/kresgeb/nmf_stuff/dlPFC/data/batched_nmf/nmf_k90_seed42_tol1e-05_L10.1.rds
2025-11-07T22:00:16Z	100	42	1e-5	0.1	38.8828266183535	/zata/zippy/kresgeb/nmf_stuff/dlPFC/data/batched_nmf/nmf_k100_seed42_tol1e-05_L10.1.rds
2025-11-07T22:02:37Z	10	1029	1e-5	0.1	2.33460561037064	/zata/zippy/kresgeb/nmf_stuff/dlPFC/data/batched_nmf/nmf_k10_seed1029_tol1e-05_L10.1.rds
2025-11-07T22:06:52Z	20	1029	1e-5	0.1	4.22472835381826	/zata/zippy/kresgeb/nmf_stuff/dlPFC/data/batched_nmf/nmf_k20_seed1029_tol1e-05_L10.1.rds
2025-11-07T22:10:43Z	30	1029	1e-5	0.1	3.8082745830218	/zata/zippy/kresgeb/nmf_stuff/dlPFC/data/batched_nmf/nmf_k30_seed1029_tol1e-05_L10.1.rds
2025-11-07T22:15:49Z	40	1029	1e-5	0.1	5.05546732346217	/zata/zippy/kresgeb/nmf_stuff/dlPFC/data/batched_nmf/nmf_k40_seed1029_tol1e-05_L10.1.rds
2025-11-07T22:23:04Z	50	1029	1e-5	0.1	7.18799083630244	/zata/zippy/kresgeb/nmf_stuff/dlPFC/data/batched_nmf/nmf_k50_seed1029_tol1e-05_L10.1.rds
2025-11-07T22:33:31Z	60	1029	1e-5	0.1	10.3789864261945	/zata/zippy/kresgeb/nmf_stuff/dlPFC/data/batched_nmf/nmf_k60_seed1029_tol1e-05_L10.1.rds
2025-11-07T22:45:39Z	70	1029	1e-5	0.1	12.0623540480932	/zata/zippy/kresgeb/nmf_stuff/dlPFC/data/batched_nmf/nmf_k70_seed1029_tol1e-05_L10.1.rds
2025-11-07T23:00:01Z	80	1029	1e-5	0.1	14.2713037967682	/zata/zippy/kresgeb/nmf_stuff/dlPFC/data/batched_nmf/nmf_k80_seed1029_tol1e-05_L10.1.rds
2025-11-07T23:21:15Z	90	1029	1e-5	0.1	21.1283110936483	/zata/zippy/kresgeb/nmf_stuff/dlPFC/data/batched_nmf/nmf_k90_seed1029_tol1e-05_L10.1.rds
2025-11-07T23:55:11Z	100	1029	1e-5	0.1	33.816531876723	/zata/zippy/kresgeb/nmf_stuff/dlPFC/data/batched_nmf/nmf_k100_seed1029_tol1e-05_L10.1.rds
2025-11-07T23:57:27Z	10	31415	1e-5	0.1	2.24876276254654	/zata/zippy/kresgeb/nmf_stuff/dlPFC/data/batched_nmf/nmf_k10_seed31415_tol1e-05_L10.1.rds
2025-11-08T00:00:41Z	20	31415	1e-5	0.1	3.20981047550837	/zata/zippy/kresgeb/nmf_stuff/dlPFC/data/batched_nmf/nmf_k20_seed31415_tol1e-05_L10.1.rds
2025-11-08T00:05:33Z	30	31415	1e-5	0.1	4.82758156855901	/zata/zippy/kresgeb/nmf_stuff/dlPFC/data/batched_nmf/nmf_k30_seed31415_tol1e-05_L10.1.rds
2025-11-08T00:11:16Z	40	31415	1e-5	0.1	5.67463917732239	/zata/zippy/kresgeb/nmf_stuff/dlPFC/data/batched_nmf/nmf_k40_seed31415_tol1e-05_L10.1.rds
2025-11-08T00:18:06Z	50	31415	1e-5	0.1	6.77341050306956	/zata/zippy/kresgeb/nmf_stuff/dlPFC/data/batched_nmf/nmf_k50_seed31415_tol1e-05_L10.1.rds
2025-11-08T00:26:45Z	60	31415	1e-5	0.1	8.57323944568634	/zata/zippy/kresgeb/nmf_stuff/dlPFC/data/batched_nmf/nmf_k60_seed31415_tol1e-05_L10.1.rds
2025-11-08T00:38:00Z	70	31415	1e-5	0.1	11.1749354283015	/zata/zippy/kresgeb/nmf_stuff/dlPFC/data/batched_nmf/nmf_k70_seed31415_tol1e-05_L10.1.rds
2025-11-08T00:51:42Z	80	31415	1e-5	0.1	13.6157490173976	/zata/zippy/kresgeb/nmf_stuff/dlPFC/data/batched_nmf/nmf_k80_seed31415_tol1e-05_L10.1.rds
2025-11-08T01:07:17Z	90	31415	1e-5	0.1	15.4685393850009	/zata/zippy/kresgeb/nmf_stuff/dlPFC/data/batched_nmf/nmf_k90_seed31415_tol1e-05_L10.1.rds
2025-11-08T01:28:45Z	100	31415	1e-5	0.1	21.3468666116397	/zata/zippy/kresgeb/nmf_stuff/dlPFC/data/batched_nmf/nmf_k100_seed31415_tol1e-05_L10.1.rds
2025-11-08T01:31:11Z	10	120301	1e-5	0.1	2.42274494171143	/zata/zippy/kresgeb/nmf_stuff/dlPFC/data/batched_nmf/nmf_k10_seed120301_tol1e-05_L10.1.rds
2025-11-08T01:34:40Z	20	120301	1e-5	0.1	3.46000829935074	/zata/zippy/kresgeb/nmf_stuff/dlPFC/data/batched_nmf/nmf_k20_seed120301_tol1e-05_L10.1.rds
2025-11-08T01:39:47Z	30	120301	1e-5	0.1	5.07741345564524	/zata/zippy/kresgeb/nmf_stuff/dlPFC/data/batched_nmf/nmf_k30_seed120301_tol1e-05_L10.1.rds
2025-11-08T01:45:47Z	40	120301	1e-5	0.1	5.94969730377197	/zata/zippy/kresgeb/nmf_stuff/dlPFC/data/batched_nmf/nmf_k40_seed120301_tol1e-05_L10.1.rds
2025-11-08T01:55:35Z	50	120301	1e-5	0.1	9.75147158702215	/zata/zippy/kresgeb/nmf_stuff/dlPFC/data/batched_nmf/nmf_k50_seed120301_tol1e-05_L10.1.rds
2025-11-08T02:05:28Z	60	120301	1e-5	0.1	9.80196479558945	/zata/zippy/kresgeb/nmf_stuff/dlPFC/data/batched_nmf/nmf_k60_seed120301_tol1e-05_L10.1.rds
2025-11-08T02:15:30Z	70	120301	1e-5	0.1	9.95321750243505	/zata/zippy/kresgeb/nmf_stuff/dlPFC/data/batched_nmf/nmf_k70_seed120301_tol1e-05_L10.1.rds
2025-11-08T02:28:14Z	80	120301	1e-5	0.1	12.6582926392555	/zata/zippy/kresgeb/nmf_stuff/dlPFC/data/batched_nmf/nmf_k80_seed120301_tol1e-05_L10.1.rds
2025-11-08T02:46:04Z	90	120301	1e-5	0.1	17.7233691771825	/zata/zippy/kresgeb/nmf_stuff/dlPFC/data/batched_nmf/nmf_k90_seed120301_tol1e-05_L10.1.rds
2025-11-08T03:10:22Z	100	120301	1e-5	0.1	24.1879740357399	/zata/zippy/kresgeb/nmf_stuff/dlPFC/data/batched_nmf/nmf_k100_seed120301_tol1e-05_L10.1.rds
2025-11-08T03:12:32Z	10	2025	1e-5	0.1	2.15518589019775	/zata/zippy/kresgeb/nmf_stuff/dlPFC/data/batched_nmf/nmf_k10_seed2025_tol1e-05_L10.1.rds
2025-11-08T03:16:31Z	20	2025	1e-5	0.1	3.95455774466197	/zata/zippy/kresgeb/nmf_stuff/dlPFC/data/batched_nmf/nmf_k20_seed2025_tol1e-05_L10.1.rds
2025-11-08T03:21:23Z	30	2025	1e-5	0.1	4.83033153216044	/zata/zippy/kresgeb/nmf_stuff/dlPFC/data/batched_nmf/nmf_k30_seed2025_tol1e-05_L10.1.rds
2025-11-08T03:27:08Z	40	2025	1e-5	0.1	5.69914241234461	/zata/zippy/kresgeb/nmf_stuff/dlPFC/data/batched_nmf/nmf_k40_seed2025_tol1e-05_L10.1.rds
2025-11-08T03:35:33Z	50	2025	1e-5	0.1	8.35007066726684	/zata/zippy/kresgeb/nmf_stuff/dlPFC/data/batched_nmf/nmf_k50_seed2025_tol1e-05_L10.1.rds
2025-11-08T03:44:45Z	60	2025	1e-5	0.1	9.13784070809682	/zata/zippy/kresgeb/nmf_stuff/dlPFC/data/batched_nmf/nmf_k60_seed2025_tol1e-05_L10.1.rds
2025-11-08T03:56:58Z	70	2025	1e-5	0.1	12.1425874749819	/zata/zippy/kresgeb/nmf_stuff/dlPFC/data/batched_nmf/nmf_k70_seed2025_tol1e-05_L10.1.rds
2025-11-08T04:13:18Z	80	2025	1e-5	0.1	16.2291179339091	/zata/zippy/kresgeb/nmf_stuff/dlPFC/data/batched_nmf/nmf_k80_seed2025_tol1e-05_L10.1.rds
2025-11-08T04:29:37Z	90	2025	1e-5	0.1	16.2258551637332	/zata/zippy/kresgeb/nmf_stuff/dlPFC/data/batched_nmf/nmf_k90_seed2025_tol1e-05_L10.1.rds
2025-11-08T04:58:50Z	100	2025	1e-5	0.1	29.1025078376134	/zata/zippy/kresgeb/nmf_stuff/dlPFC/data/batched_nmf/nmf_k100_seed2025_tol1e-05_L10.1.rds
2025-11-08T05:01:22Z	10	42	1e-6	0.1	2.51207255125046	/zata/zippy/kresgeb/nmf_stuff/dlPFC/data/batched_nmf/nmf_k10_seed42_tol1e-06_L10.1.rds
2025-11-08T05:06:02Z	20	42	1e-6	0.1	4.64895486831665	/zata/zippy/kresgeb/nmf_stuff/dlPFC/data/batched_nmf/nmf_k20_seed42_tol1e-06_L10.1.rds
2025-11-08T05:13:09Z	30	42	1e-6	0.1	7.06532816092173	/zata/zippy/kresgeb/nmf_stuff/dlPFC/data/batched_nmf/nmf_k30_seed42_tol1e-06_L10.1.rds
2025-11-08T05:27:59Z	40	42	1e-6	0.1	14.7989194552104	/zata/zippy/kresgeb/nmf_stuff/dlPFC/data/batched_nmf/nmf_k40_seed42_tol1e-06_L10.1.rds
2025-11-08T05:44:37Z	50	42	1e-6	0.1	16.5759907881419	/zata/zippy/kresgeb/nmf_stuff/dlPFC/data/batched_nmf/nmf_k50_seed42_tol1e-06_L10.1.rds
2025-11-08T05:56:04Z	60	42	1e-6	0.1	11.3695085803668	/zata/zippy/kresgeb/nmf_stuff/dlPFC/data/batched_nmf/nmf_k60_seed42_tol1e-06_L10.1.rds
2025-11-08T06:17:59Z	70	42	1e-6	0.1	21.8489020744959	/zata/zippy/kresgeb/nmf_stuff/dlPFC/data/batched_nmf/nmf_k70_seed42_tol1e-06_L10.1.rds
2025-11-08T06:40:26Z	80	42	1e-6	0.1	22.3542098561923	/zata/zippy/kresgeb/nmf_stuff/dlPFC/data/batched_nmf/nmf_k80_seed42_tol1e-06_L10.1.rds
2025-11-08T07:12:22Z	90	42	1e-6	0.1	31.836437980334	/zata/zippy/kresgeb/nmf_stuff/dlPFC/data/batched_nmf/nmf_k90_seed42_tol1e-06_L10.1.rds
2025-11-08T07:57:30Z	100	42	1e-6	0.1	45.0292990485827	/zata/zippy/kresgeb/nmf_stuff/dlPFC/data/batched_nmf/nmf_k100_seed42_tol1e-06_L10.1.rds
2025-11-08T07:59:41Z	10	1029	1e-6	0.1	2.16401934623718	/zata/zippy/kresgeb/nmf_stuff/dlPFC/data/batched_nmf/nmf_k10_seed1029_tol1e-06_L10.1.rds
2025-11-08T08:04:34Z	20	1029	1e-6	0.1	4.86194175481796	/zata/zippy/kresgeb/nmf_stuff/dlPFC/data/batched_nmf/nmf_k20_seed1029_tol1e-06_L10.1.rds
2025-11-08T08:11:58Z	30	1029	1e-6	0.1	7.36294198433558	/zata/zippy/kresgeb/nmf_stuff/dlPFC/data/batched_nmf/nmf_k30_seed1029_tol1e-06_L10.1.rds
2025-11-08T08:20:54Z	40	1029	1e-6	0.1	8.87703821261724	/zata/zippy/kresgeb/nmf_stuff/dlPFC/data/batched_nmf/nmf_k40_seed1029_tol1e-06_L10.1.rds
2025-11-08T08:39:01Z	50	1029	1e-6	0.1	18.0597589373589	/zata/zippy/kresgeb/nmf_stuff/dlPFC/data/batched_nmf/nmf_k50_seed1029_tol1e-06_L10.1.rds
2025-11-08T09:05:47Z	60	1029	1e-6	0.1	26.6926727414131	/zata/zippy/kresgeb/nmf_stuff/dlPFC/data/batched_nmf/nmf_k60_seed1029_tol1e-06_L10.1.rds
2025-11-08T09:40:05Z	70	1029	1e-6	0.1	34.2197906176249	/zata/zippy/kresgeb/nmf_stuff/dlPFC/data/batched_nmf/nmf_k70_seed1029_tol1e-06_L10.1.rds
2025-11-08T10:08:11Z	80	1029	1e-6	0.1	28.0110579053561	/zata/zippy/kresgeb/nmf_stuff/dlPFC/data/batched_nmf/nmf_k80_seed1029_tol1e-06_L10.1.rds
2025-11-08T10:56:29Z	90	1029	1e-6	0.1	48.1993778824806	/zata/zippy/kresgeb/nmf_stuff/dlPFC/data/batched_nmf/nmf_k90_seed1029_tol1e-06_L10.1.rds
2025-11-08T12:07:28Z	100	1029	1e-6	0.1	70.8719067454338	/zata/zippy/kresgeb/nmf_stuff/dlPFC/data/batched_nmf/nmf_k100_seed1029_tol1e-06_L10.1.rds
2025-11-08T12:10:08Z	10	31415	1e-6	0.1	2.66238150993983	/zata/zippy/kresgeb/nmf_stuff/dlPFC/data/batched_nmf/nmf_k10_seed31415_tol1e-06_L10.1.rds
2025-11-08T12:14:36Z	20	31415	1e-6	0.1	4.43487292528152	/zata/zippy/kresgeb/nmf_stuff/dlPFC/data/batched_nmf/nmf_k20_seed31415_tol1e-06_L10.1.rds
2025-11-08T12:19:56Z	30	31415	1e-6	0.1	5.29922765493393	/zata/zippy/kresgeb/nmf_stuff/dlPFC/data/batched_nmf/nmf_k30_seed31415_tol1e-06_L10.1.rds
2025-11-08T12:29:24Z	40	31415	1e-6	0.1	9.42405658562978	/zata/zippy/kresgeb/nmf_stuff/dlPFC/data/batched_nmf/nmf_k40_seed31415_tol1e-06_L10.1.rds
2025-11-08T12:42:05Z	50	31415	1e-6	0.1	12.6139112710953	/zata/zippy/kresgeb/nmf_stuff/dlPFC/data/batched_nmf/nmf_k50_seed31415_tol1e-06_L10.1.rds
2025-11-08T12:54:59Z	60	31415	1e-6	0.1	12.8346503218015	/zata/zippy/kresgeb/nmf_stuff/dlPFC/data/batched_nmf/nmf_k60_seed31415_tol1e-06_L10.1.rds
2025-11-08T13:19:55Z	70	31415	1e-6	0.1	24.8651124835014	/zata/zippy/kresgeb/nmf_stuff/dlPFC/data/batched_nmf/nmf_k70_seed31415_tol1e-06_L10.1.rds
2025-11-08T13:44:26Z	80	31415	1e-6	0.1	24.4197850505511	/zata/zippy/kresgeb/nmf_stuff/dlPFC/data/batched_nmf/nmf_k80_seed31415_tol1e-06_L10.1.rds
2025-11-08T14:10:25Z	90	31415	1e-6	0.1	25.8882561127345	/zata/zippy/kresgeb/nmf_stuff/dlPFC/data/batched_nmf/nmf_k90_seed31415_tol1e-06_L10.1.rds
2025-11-08T15:21:38Z	100	31415	1e-6	0.1	71.0892539223035	/zata/zippy/kresgeb/nmf_stuff/dlPFC/data/batched_nmf/nmf_k100_seed31415_tol1e-06_L10.1.rds
2025-11-08T15:24:13Z	10	120301	1e-6	0.1	2.57421276966731	/zata/zippy/kresgeb/nmf_stuff/dlPFC/data/batched_nmf/nmf_k10_seed120301_tol1e-06_L10.1.rds
2025-11-08T15:27:51Z	20	120301	1e-6	0.1	3.61159859100978	/zata/zippy/kresgeb/nmf_stuff/dlPFC/data/batched_nmf/nmf_k20_seed120301_tol1e-06_L10.1.rds
2025-11-08T15:34:29Z	30	120301	1e-6	0.1	6.58989293575287	/zata/zippy/kresgeb/nmf_stuff/dlPFC/data/batched_nmf/nmf_k30_seed120301_tol1e-06_L10.1.rds
2025-11-08T15:53:58Z	40	120301	1e-6	0.1	19.4477939248085	/zata/zippy/kresgeb/nmf_stuff/dlPFC/data/batched_nmf/nmf_k40_seed120301_tol1e-06_L10.1.rds
2025-11-08T16:05:25Z	50	120301	1e-6	0.1	11.3928941210111	/zata/zippy/kresgeb/nmf_stuff/dlPFC/data/batched_nmf/nmf_k50_seed120301_tol1e-06_L10.1.rds
2025-11-08T16:21:23Z	60	120301	1e-6	0.1	15.885200325648	/zata/zippy/kresgeb/nmf_stuff/dlPFC/data/batched_nmf/nmf_k60_seed120301_tol1e-06_L10.1.rds
2025-11-08T16:54:03Z	70	120301	1e-6	0.1	32.5866390744845	/zata/zippy/kresgeb/nmf_stuff/dlPFC/data/batched_nmf/nmf_k70_seed120301_tol1e-06_L10.1.rds
2025-11-08T17:11:55Z	80	120301	1e-6	0.1	17.7916837771734	/zata/zippy/kresgeb/nmf_stuff/dlPFC/data/batched_nmf/nmf_k80_seed120301_tol1e-06_L10.1.rds
2025-11-08T17:44:45Z	90	120301	1e-6	0.1	32.7295862952868	/zata/zippy/kresgeb/nmf_stuff/dlPFC/data/batched_nmf/nmf_k90_seed120301_tol1e-06_L10.1.rds
2025-11-08T18:33:45Z	100	120301	1e-6	0.1	48.892137614886	/zata/zippy/kresgeb/nmf_stuff/dlPFC/data/batched_nmf/nmf_k100_seed120301_tol1e-06_L10.1.rds
2025-11-08T18:35:57Z	10	2025	1e-6	0.1	2.18638258775075	/zata/zippy/kresgeb/nmf_stuff/dlPFC/data/batched_nmf/nmf_k10_seed2025_tol1e-06_L10.1.rds
2025-11-08T18:42:13Z	20	2025	1e-6	0.1	6.24163870414098	/zata/zippy/kresgeb/nmf_stuff/dlPFC/data/batched_nmf/nmf_k20_seed2025_tol1e-06_L10.1.rds
2025-11-08T18:48:26Z	30	2025	1e-6	0.1	6.18531633615494	/zata/zippy/kresgeb/nmf_stuff/dlPFC/data/batched_nmf/nmf_k30_seed2025_tol1e-06_L10.1.rds
2025-11-08T19:04:38Z	40	2025	1e-6	0.1	16.1453724980354	/zata/zippy/kresgeb/nmf_stuff/dlPFC/data/batched_nmf/nmf_k40_seed2025_tol1e-06_L10.1.rds
2025-11-08T19:15:39Z	50	2025	1e-6	0.1	10.9607989907265	/zata/zippy/kresgeb/nmf_stuff/dlPFC/data/batched_nmf/nmf_k50_seed2025_tol1e-06_L10.1.rds
2025-11-08T19:35:07Z	60	2025	1e-6	0.1	19.4095927158991	/zata/zippy/kresgeb/nmf_stuff/dlPFC/data/batched_nmf/nmf_k60_seed2025_tol1e-06_L10.1.rds
2025-11-08T20:01:04Z	70	2025	1e-6	0.1	25.8724354028702	/zata/zippy/kresgeb/nmf_stuff/dlPFC/data/batched_nmf/nmf_k70_seed2025_tol1e-06_L10.1.rds
2025-11-08T20:34:07Z	80	2025	1e-6	0.1	32.9737970113754	/zata/zippy/kresgeb/nmf_stuff/dlPFC/data/batched_nmf/nmf_k80_seed2025_tol1e-06_L10.1.rds
2025-11-08T21:20:01Z	90	2025	1e-6	0.1	45.8090220808983	/zata/zippy/kresgeb/nmf_stuff/dlPFC/data/batched_nmf/nmf_k90_seed2025_tol1e-06_L10.1.rds
2025-11-08T22:01:34Z	100	2025	1e-6	0.1	41.4356209039688	/zata/zippy/kresgeb/nmf_stuff/dlPFC/data/batched_nmf/nmf_k100_seed2025_tol1e-06_L10.1.rds
2025-11-08T22:03:49Z	10	42	1e-7	0.1	2.24587901830673	/zata/zippy/kresgeb/nmf_stuff/dlPFC/data/batched_nmf/nmf_k10_seed42_tol1e-07_L10.1.rds
2025-11-08T22:15:08Z	20	42	1e-7	0.1	11.2918647448222	/zata/zippy/kresgeb/nmf_stuff/dlPFC/data/batched_nmf/nmf_k20_seed42_tol1e-07_L10.1.rds
2025-11-08T22:24:48Z	30	42	1e-7	0.1	9.63439175287882	/zata/zippy/kresgeb/nmf_stuff/dlPFC/data/batched_nmf/nmf_k30_seed42_tol1e-07_L10.1.rds
2025-11-08T22:45:57Z	40	42	1e-7	0.1	21.1025188525518	/zata/zippy/kresgeb/nmf_stuff/dlPFC/data/batched_nmf/nmf_k40_seed42_tol1e-07_L10.1.rds
2025-11-08T23:09:49Z	50	42	1e-7	0.1	23.8157945950826	/zata/zippy/kresgeb/nmf_stuff/dlPFC/data/batched_nmf/nmf_k50_seed42_tol1e-07_L10.1.rds
2025-11-08T23:33:13Z	60	42	1e-7	0.1	23.3399136304855	/zata/zippy/kresgeb/nmf_stuff/dlPFC/data/batched_nmf/nmf_k60_seed42_tol1e-07_L10.1.rds
2025-11-08T23:58:06Z	70	42	1e-7	0.1	24.8044229865074	/zata/zippy/kresgeb/nmf_stuff/dlPFC/data/batched_nmf/nmf_k70_seed42_tol1e-07_L10.1.rds
2025-11-09T00:57:54Z	80	42	1e-7	0.1	59.7132609963417	/zata/zippy/kresgeb/nmf_stuff/dlPFC/data/batched_nmf/nmf_k80_seed42_tol1e-07_L10.1.rds
2025-11-09T02:06:05Z	90	42	1e-7	0.1	68.0913452823957	/zata/zippy/kresgeb/nmf_stuff/dlPFC/data/batched_nmf/nmf_k90_seed42_tol1e-07_L10.1.rds
2025-11-09T03:25:22Z	100	42	1e-7	0.1	79.1825885852178	/zata/zippy/kresgeb/nmf_stuff/dlPFC/data/batched_nmf/nmf_k100_seed42_tol1e-07_L10.1.rds
2025-11-09T03:27:45Z	10	1029	1e-7	0.1	2.36034530003866	/zata/zippy/kresgeb/nmf_stuff/dlPFC/data/batched_nmf/nmf_k10_seed1029_tol1e-07_L10.1.rds
2025-11-09T03:45:37Z	20	1029	1e-7	0.1	17.8446633895238	/zata/zippy/kresgeb/nmf_stuff/dlPFC/data/batched_nmf/nmf_k20_seed1029_tol1e-07_L10.1.rds
2025-11-09T04:09:50Z	30	1029	1e-7	0.1	24.1760453184446	/zata/zippy/kresgeb/nmf_stuff/dlPFC/data/batched_nmf/nmf_k30_seed1029_tol1e-07_L10.1.rds
2025-11-09T04:20:40Z	40	1029	1e-7	0.1	10.7765339334806	/zata/zippy/kresgeb/nmf_stuff/dlPFC/data/batched_nmf/nmf_k40_seed1029_tol1e-07_L10.1.rds
2025-11-09T04:45:36Z	50	1029	1e-7	0.1	24.8742436766624	/zata/zippy/kresgeb/nmf_stuff/dlPFC/data/batched_nmf/nmf_k50_seed1029_tol1e-07_L10.1.rds
2025-11-09T05:13:33Z	60	1029	1e-7	0.1	27.8895277659098	/zata/zippy/kresgeb/nmf_stuff/dlPFC/data/batched_nmf/nmf_k60_seed1029_tol1e-07_L10.1.rds
2025-11-09T06:03:08Z	70	1029	1e-7	0.1	49.5027724186579	/zata/zippy/kresgeb/nmf_stuff/dlPFC/data/batched_nmf/nmf_k70_seed1029_tol1e-07_L10.1.rds
2025-11-09T07:13:09Z	80	1029	1e-7	0.1	69.9369547247887	/zata/zippy/kresgeb/nmf_stuff/dlPFC/data/batched_nmf/nmf_k80_seed1029_tol1e-07_L10.1.rds
2025-11-09T08:21:04Z	90	1029	1e-7	0.1	67.8163959900538	/zata/zippy/kresgeb/nmf_stuff/dlPFC/data/batched_nmf/nmf_k90_seed1029_tol1e-07_L10.1.rds
2025-11-09T11:06:09Z	100	1029	1e-7	0.1	164.98909933567	/zata/zippy/kresgeb/nmf_stuff/dlPFC/data/batched_nmf/nmf_k100_seed1029_tol1e-07_L10.1.rds
2025-11-09T11:08:38Z	10	31415	1e-7	0.1	2.46314990520477	/zata/zippy/kresgeb/nmf_stuff/dlPFC/data/batched_nmf/nmf_k10_seed31415_tol1e-07_L10.1.rds
2025-11-09T11:15:48Z	20	31415	1e-7	0.1	7.14508106311162	/zata/zippy/kresgeb/nmf_stuff/dlPFC/data/batched_nmf/nmf_k20_seed31415_tol1e-07_L10.1.rds
2025-11-09T11:26:05Z	30	31415	1e-7	0.1	10.2439372857412	/zata/zippy/kresgeb/nmf_stuff/dlPFC/data/batched_nmf/nmf_k30_seed31415_tol1e-07_L10.1.rds
2025-11-09T11:37:33Z	40	31415	1e-7	0.1	11.4251973152161	/zata/zippy/kresgeb/nmf_stuff/dlPFC/data/batched_nmf/nmf_k40_seed31415_tol1e-07_L10.1.rds
2025-11-09T11:52:10Z	50	31415	1e-7	0.1	14.5679799636205	/zata/zippy/kresgeb/nmf_stuff/dlPFC/data/batched_nmf/nmf_k50_seed31415_tol1e-07_L10.1.rds
2025-11-09T12:22:07Z	60	31415	1e-7	0.1	29.8876788894335	/zata/zippy/kresgeb/nmf_stuff/dlPFC/data/batched_nmf/nmf_k60_seed31415_tol1e-07_L10.1.rds
2025-11-09T12:49:10Z	70	31415	1e-7	0.1	26.9726637641589	/zata/zippy/kresgeb/nmf_stuff/dlPFC/data/batched_nmf/nmf_k70_seed31415_tol1e-07_L10.1.rds
2025-11-09T13:30:59Z	80	31415	1e-7	0.1	41.7314155975978	/zata/zippy/kresgeb/nmf_stuff/dlPFC/data/batched_nmf/nmf_k80_seed31415_tol1e-07_L10.1.rds
2025-11-09T14:59:17Z	90	31415	1e-7	0.1	88.2109611908595	/zata/zippy/kresgeb/nmf_stuff/dlPFC/data/batched_nmf/nmf_k90_seed31415_tol1e-07_L10.1.rds
2025-11-09T16:52:11Z	100	31415	1e-7	0.1	112.79829274416	/zata/zippy/kresgeb/nmf_stuff/dlPFC/data/batched_nmf/nmf_k100_seed31415_tol1e-07_L10.1.rds
2025-11-09T16:54:35Z	10	120301	1e-7	0.1	2.37193034887314	/zata/zippy/kresgeb/nmf_stuff/dlPFC/data/batched_nmf/nmf_k10_seed120301_tol1e-07_L10.1.rds
2025-11-09T17:11:11Z	20	120301	1e-7	0.1	16.5843451062838	/zata/zippy/kresgeb/nmf_stuff/dlPFC/data/batched_nmf/nmf_k20_seed120301_tol1e-07_L10.1.rds
2025-11-09T17:18:03Z	30	120301	1e-7	0.1	6.82313892046611	/zata/zippy/kresgeb/nmf_stuff/dlPFC/data/batched_nmf/nmf_k30_seed120301_tol1e-07_L10.1.rds
2025-11-09T17:38:22Z	40	120301	1e-7	0.1	20.2823956449827	/zata/zippy/kresgeb/nmf_stuff/dlPFC/data/batched_nmf/nmf_k40_seed120301_tol1e-07_L10.1.rds
2025-11-09T17:51:07Z	50	120301	1e-7	0.1	12.7019553144773	/zata/zippy/kresgeb/nmf_stuff/dlPFC/data/batched_nmf/nmf_k50_seed120301_tol1e-07_L10.1.rds
2025-11-09T18:33:19Z	60	120301	1e-7	0.1	42.1327255527178	/zata/zippy/kresgeb/nmf_stuff/dlPFC/data/batched_nmf/nmf_k60_seed120301_tol1e-07_L10.1.rds
2025-11-09T19:20:56Z	70	120301	1e-7	0.1	47.5410574277242	/zata/zippy/kresgeb/nmf_stuff/dlPFC/data/batched_nmf/nmf_k70_seed120301_tol1e-07_L10.1.rds
2025-11-09T20:00:27Z	80	120301	1e-7	0.1	39.431556892395	/zata/zippy/kresgeb/nmf_stuff/dlPFC/data/batched_nmf/nmf_k80_seed120301_tol1e-07_L10.1.rds
2025-11-09T21:16:21Z	90	120301	1e-7	0.1	75.8163267413775	/zata/zippy/kresgeb/nmf_stuff/dlPFC/data/batched_nmf/nmf_k90_seed120301_tol1e-07_L10.1.rds
2025-11-09T22:26:02Z	100	120301	1e-7	0.1	69.5651756882667	/zata/zippy/kresgeb/nmf_stuff/dlPFC/data/batched_nmf/nmf_k100_seed120301_tol1e-07_L10.1.rds
2025-11-09T22:28:29Z	10	2025	1e-7	0.1	2.43381941318512	/zata/zippy/kresgeb/nmf_stuff/dlPFC/data/batched_nmf/nmf_k10_seed2025_tol1e-07_L10.1.rds
2025-11-09T22:43:28Z	20	2025	1e-7	0.1	14.9644925475121	/zata/zippy/kresgeb/nmf_stuff/dlPFC/data/batched_nmf/nmf_k20_seed2025_tol1e-07_L10.1.rds
2025-11-09T22:55:53Z	30	2025	1e-7	0.1	12.3800986369451	/zata/zippy/kresgeb/nmf_stuff/dlPFC/data/batched_nmf/nmf_k30_seed2025_tol1e-07_L10.1.rds
2025-11-09T23:17:52Z	40	2025	1e-7	0.1	21.9374833782514	/zata/zippy/kresgeb/nmf_stuff/dlPFC/data/batched_nmf/nmf_k40_seed2025_tol1e-07_L10.1.rds
2025-11-09T23:31:28Z	50	2025	1e-7	0.1	13.5453726530075	/zata/zippy/kresgeb/nmf_stuff/dlPFC/data/batched_nmf/nmf_k50_seed2025_tol1e-07_L10.1.rds
2025-11-10T00:15:22Z	60	2025	1e-7	0.1	43.836932750543	/zata/zippy/kresgeb/nmf_stuff/dlPFC/data/batched_nmf/nmf_k60_seed2025_tol1e-07_L10.1.rds
2025-11-10T01:29:17Z	70	2025	1e-7	0.1	73.8513527115186	/zata/zippy/kresgeb/nmf_stuff/dlPFC/data/batched_nmf/nmf_k70_seed2025_tol1e-07_L10.1.rds
2025-11-10T02:09:13Z	80	2025	1e-7	0.1	39.8388722976049	/zata/zippy/kresgeb/nmf_stuff/dlPFC/data/batched_nmf/nmf_k80_seed2025_tol1e-07_L10.1.rds
2025-11-10T04:32:57Z	90	2025	1e-7	0.1	143.650628876686	/zata/zippy/kresgeb/nmf_stuff/dlPFC/data/batched_nmf/nmf_k90_seed2025_tol1e-07_L10.1.rds
2025-11-10T06:16:55Z	100	2025	1e-7	0.1	103.856982739766	/zata/zippy/kresgeb/nmf_stuff/dlPFC/data/batched_nmf/nmf_k100_seed2025_tol1e-07_L10.1.rds
2025-11-12T17:27:38Z	10	42	1e-5	0	2.071515969435374	/zata/zippy/kresgeb/nmf_stuff/dlPFC/data/batched_nmf/nmf_k10_seed42_tol1e-05_L10.0.rds
2025-11-12T17:36:26Z	20	42	1e-5	0	2.938481795787811	/zata/zippy/kresgeb/nmf_stuff/dlPFC/data/batched_nmf/nmf_k20_seed42_tol1e-05_L10.0.rds
2025-11-12T17:40:22Z	30	42	1e-5	0	3.8937173167864483	/zata/zippy/kresgeb/nmf_stuff/dlPFC/data/batched_nmf/nmf_k30_seed42_tol1e-05_L10.0.rds
2025-11-12T17:47:59Z	40	42	1e-5	0	7.564136028289795	/zata/zippy/kresgeb/nmf_stuff/dlPFC/data/batched_nmf/nmf_k40_seed42_tol1e-05_L10.0.rds
2025-11-12T17:54:13Z	50	42	1e-5	0	6.17089817126592	/zata/zippy/kresgeb/nmf_stuff/dlPFC/data/batched_nmf/nmf_k50_seed42_tol1e-05_L10.0.rds
2025-11-12T18:04:18Z	60	42	1e-5	0	10.014761141935985	/zata/zippy/kresgeb/nmf_stuff/dlPFC/data/batched_nmf/nmf_k60_seed42_tol1e-05_L10.0.rds
2025-11-12T18:17:50Z	70	42	1e-5	0	13.43248409430186	/zata/zippy/kresgeb/nmf_stuff/dlPFC/data/batched_nmf/nmf_k70_seed42_tol1e-05_L10.0.rds
2025-11-12T18:32:36Z	80	42	1e-5	0	14.675768633683523	/zata/zippy/kresgeb/nmf_stuff/dlPFC/data/batched_nmf/nmf_k80_seed42_tol1e-05_L10.0.rds
2025-11-12T18:50:15Z	90	42	1e-5	0	17.507031122843426	/zata/zippy/kresgeb/nmf_stuff/dlPFC/data/batched_nmf/nmf_k90_seed42_tol1e-05_L10.0.rds
2025-11-12T19:16:34Z	100	42	1e-5	0	26.216023631890614	/zata/zippy/kresgeb/nmf_stuff/dlPFC/data/batched_nmf/nmf_k100_seed42_tol1e-05_L10.0.rds
2025-11-12T19:18:32Z	10	1029	1e-5	0	1.94955313205719	/zata/zippy/kresgeb/nmf_stuff/dlPFC/data/batched_nmf/nmf_k10_seed1029_tol1e-05_L10.0.rds
2025-11-12T19:21:46Z	20	1029	1e-5	0	3.1919684529304506	/zata/zippy/kresgeb/nmf_stuff/dlPFC/data/batched_nmf/nmf_k20_seed1029_tol1e-05_L10.0.rds
2025-11-12T19:27:25Z	30	1029	1e-5	0	5.615429405371348	/zata/zippy/kresgeb/nmf_stuff/dlPFC/data/batched_nmf/nmf_k30_seed1029_tol1e-05_L10.0.rds
2025-11-12T19:33:42Z	40	1029	1e-5	0	6.239633635679881	/zata/zippy/kresgeb/nmf_stuff/dlPFC/data/batched_nmf/nmf_k40_seed1029_tol1e-05_L10.0.rds
2025-11-12T19:42:42Z	50	1029	1e-5	0	8.92968539794286	/zata/zippy/kresgeb/nmf_stuff/dlPFC/data/batched_nmf/nmf_k50_seed1029_tol1e-05_L10.0.rds
2025-11-12T19:53:52Z	60	1029	1e-5	0	11.090837669372558	/zata/zippy/kresgeb/nmf_stuff/dlPFC/data/batched_nmf/nmf_k60_seed1029_tol1e-05_L10.0.rds
2025-11-12T20:04:42Z	70	1029	1e-5	0	10.74106206893921	/zata/zippy/kresgeb/nmf_stuff/dlPFC/data/batched_nmf/nmf_k70_seed1029_tol1e-05_L10.0.rds
2025-11-12T20:28:45Z	80	1029	1e-5	0	23.950206979115805	/zata/zippy/kresgeb/nmf_stuff/dlPFC/data/batched_nmf/nmf_k80_seed1029_tol1e-05_L10.0.rds
2025-11-12T20:50:22Z	90	1029	1e-5	0	21.498057544231415	/zata/zippy/kresgeb/nmf_stuff/dlPFC/data/batched_nmf/nmf_k90_seed1029_tol1e-05_L10.0.rds
2025-11-12T21:17:18Z	100	1029	1e-5	0	26.788046344121298	/zata/zippy/kresgeb/nmf_stuff/dlPFC/data/batched_nmf/nmf_k100_seed1029_tol1e-05_L10.0.rds
2025-11-12T21:19:59Z	10	31415	1e-5	0	2.6667974829673766	/zata/zippy/kresgeb/nmf_stuff/dlPFC/data/batched_nmf/nmf_k10_seed31415_tol1e-05_L10.0.rds
2025-11-12T21:23:32Z	20	31415	1e-5	0	3.5167150338490805	/zata/zippy/kresgeb/nmf_stuff/dlPFC/data/batched_nmf/nmf_k20_seed31415_tol1e-05_L10.0.rds
2025-11-12T21:29:11Z	30	31415	1e-5	0	5.59348791440328	/zata/zippy/kresgeb/nmf_stuff/dlPFC/data/batched_nmf/nmf_k30_seed31415_tol1e-05_L10.0.rds
2025-11-12T21:38:53Z	40	31415	1e-5	0	9.656287566820781	/zata/zippy/kresgeb/nmf_stuff/dlPFC/data/batched_nmf/nmf_k40_seed31415_tol1e-05_L10.0.rds
2025-11-12T21:50:04Z	50	31415	1e-5	0	11.112758127848307	/zata/zippy/kresgeb/nmf_stuff/dlPFC/data/batched_nmf/nmf_k50_seed31415_tol1e-05_L10.0.rds
2025-11-12T21:59:43Z	60	31415	1e-5	0	9.59694386323293	/zata/zippy/kresgeb/nmf_stuff/dlPFC/data/batched_nmf/nmf_k60_seed31415_tol1e-05_L10.0.rds
2025-11-12T22:12:12Z	70	31415	1e-5	0	12.38884994983673	/zata/zippy/kresgeb/nmf_stuff/dlPFC/data/batched_nmf/nmf_k70_seed31415_tol1e-05_L10.0.rds
2025-11-12T22:33:06Z	80	31415	1e-5	0	20.812133971850077	/zata/zippy/kresgeb/nmf_stuff/dlPFC/data/batched_nmf/nmf_k80_seed31415_tol1e-05_L10.0.rds
2025-11-12T22:53:18Z	90	31415	1e-5	0	20.094114327430724	/zata/zippy/kresgeb/nmf_stuff/dlPFC/data/batched_nmf/nmf_k90_seed31415_tol1e-05_L10.0.rds
2025-11-12T23:25:40Z	100	31415	1e-5	0	32.25862326224645	/zata/zippy/kresgeb/nmf_stuff/dlPFC/data/batched_nmf/nmf_k100_seed31415_tol1e-05_L10.0.rds
2025-11-12T23:27:41Z	10	120301	1e-5	0	1.998151969909668	/zata/zippy/kresgeb/nmf_stuff/dlPFC/data/batched_nmf/nmf_k10_seed120301_tol1e-05_L10.0.rds
2025-11-12T23:30:35Z	20	120301	1e-5	0	2.8724698225657144	/zata/zippy/kresgeb/nmf_stuff/dlPFC/data/batched_nmf/nmf_k20_seed120301_tol1e-05_L10.0.rds
2025-11-12T23:34:05Z	30	120301	1e-5	0	3.475214699904124	/zata/zippy/kresgeb/nmf_stuff/dlPFC/data/batched_nmf/nmf_k30_seed120301_tol1e-05_L10.0.rds
2025-11-12T23:40:07Z	40	120301	1e-5	0	5.984359840552012	/zata/zippy/kresgeb/nmf_stuff/dlPFC/data/batched_nmf/nmf_k40_seed120301_tol1e-05_L10.0.rds
2025-11-12T23:49:04Z	50	120301	1e-5	0	8.891728055477142	/zata/zippy/kresgeb/nmf_stuff/dlPFC/data/batched_nmf/nmf_k50_seed120301_tol1e-05_L10.0.rds
2025-11-13T00:00:01Z	60	120301	1e-5	0	10.86629476149877	/zata/zippy/kresgeb/nmf_stuff/dlPFC/data/batched_nmf/nmf_k60_seed120301_tol1e-05_L10.0.rds
2025-11-13T00:10:40Z	70	120301	1e-5	0	10.57422715028127	/zata/zippy/kresgeb/nmf_stuff/dlPFC/data/batched_nmf/nmf_k70_seed120301_tol1e-05_L10.0.rds
2025-11-13T00:28:39Z	80	120301	1e-5	0	17.884801371892294	/zata/zippy/kresgeb/nmf_stuff/dlPFC/data/batched_nmf/nmf_k80_seed120301_tol1e-05_L10.0.rds
2025-11-13T00:47:20Z	90	120301	1e-5	0	18.57691597143809	/zata/zippy/kresgeb/nmf_stuff/dlPFC/data/batched_nmf/nmf_k90_seed120301_tol1e-05_L10.0.rds
2025-11-13T01:21:32Z	100	120301	1e-5	0	34.08980285724004	/zata/zippy/kresgeb/nmf_stuff/dlPFC/data/batched_nmf/nmf_k100_seed120301_tol1e-05_L10.0.rds
2025-11-13T01:23:24Z	10	2025	1e-5	0	1.8603830973307292	/zata/zippy/kresgeb/nmf_stuff/dlPFC/data/batched_nmf/nmf_k10_seed2025_tol1e-05_L10.0.rds
2025-11-13T01:26:20Z	20	2025	1e-5	0	2.909135297934214	/zata/zippy/kresgeb/nmf_stuff/dlPFC/data/batched_nmf/nmf_k20_seed2025_tol1e-05_L10.0.rds
2025-11-13T01:30:35Z	30	2025	1e-5	0	4.2068403482437136	/zata/zippy/kresgeb/nmf_stuff/dlPFC/data/batched_nmf/nmf_k30_seed2025_tol1e-05_L10.0.rds
2025-11-13T01:38:51Z	40	2025	1e-5	0	8.2131476521492	/zata/zippy/kresgeb/nmf_stuff/dlPFC/data/batched_nmf/nmf_k40_seed2025_tol1e-05_L10.0.rds
2025-11-13T01:45:39Z	50	2025	1e-5	0	6.737446451187134	/zata/zippy/kresgeb/nmf_stuff/dlPFC/data/batched_nmf/nmf_k50_seed2025_tol1e-05_L10.0.rds
2025-11-13T01:55:56Z	60	2025	1e-5	0	10.229318837324778	/zata/zippy/kresgeb/nmf_stuff/dlPFC/data/batched_nmf/nmf_k60_seed2025_tol1e-05_L10.0.rds
2025-11-13T02:05:01Z	70	2025	1e-5	0	9.003392855326334	/zata/zippy/kresgeb/nmf_stuff/dlPFC/data/batched_nmf/nmf_k70_seed2025_tol1e-05_L10.0.rds
2025-11-13T02:16:32Z	80	2025	1e-5	0	11.415272382895152	/zata/zippy/kresgeb/nmf_stuff/dlPFC/data/batched_nmf/nmf_k80_seed2025_tol1e-05_L10.0.rds
2025-11-13T02:34:00Z	90	2025	1e-5	0	17.36825294891993	/zata/zippy/kresgeb/nmf_stuff/dlPFC/data/batched_nmf/nmf_k90_seed2025_tol1e-05_L10.0.rds
2025-11-13T03:11:45Z	100	2025	1e-5	0	37.643143745263416	/zata/zippy/kresgeb/nmf_stuff/dlPFC/data/batched_nmf/nmf_k100_seed2025_tol1e-05_L10.0.rds
2025-11-13T03:14:02Z	10	42	1e-6	0	2.2678760210673015	/zata/zippy/kresgeb/nmf_stuff/dlPFC/data/batched_nmf/nmf_k10_seed42_tol1e-06_L10.0.rds
2025-11-13T03:17:24Z	20	42	1e-6	0	3.340442736943563	/zata/zippy/kresgeb/nmf_stuff/dlPFC/data/batched_nmf/nmf_k20_seed42_tol1e-06_L10.0.rds
2025-11-13T03:26:05Z	30	42	1e-6	0	8.64913005431493	/zata/zippy/kresgeb/nmf_stuff/dlPFC/data/batched_nmf/nmf_k30_seed42_tol1e-06_L10.0.rds
2025-11-13T03:39:18Z	40	42	1e-6	0	13.162058023611705	/zata/zippy/kresgeb/nmf_stuff/dlPFC/data/batched_nmf/nmf_k40_seed42_tol1e-06_L10.0.rds
2025-11-13T03:48:06Z	50	42	1e-6	0	8.743972539901733	/zata/zippy/kresgeb/nmf_stuff/dlPFC/data/batched_nmf/nmf_k50_seed42_tol1e-06_L10.0.rds
2025-11-13T04:03:26Z	60	42	1e-6	0	15.265678592522939	/zata/zippy/kresgeb/nmf_stuff/dlPFC/data/batched_nmf/nmf_k60_seed42_tol1e-06_L10.0.rds
2025-11-13T04:31:18Z	70	42	1e-6	0	27.787327404816946	/zata/zippy/kresgeb/nmf_stuff/dlPFC/data/batched_nmf/nmf_k70_seed42_tol1e-06_L10.0.rds
2025-11-13T05:18:30Z	80	42	1e-6	0	47.118781785170235	/zata/zippy/kresgeb/nmf_stuff/dlPFC/data/batched_nmf/nmf_k80_seed42_tol1e-06_L10.0.rds
2025-11-13T06:21:12Z	90	42	1e-6	0	62.60025986830394	/zata/zippy/kresgeb/nmf_stuff/dlPFC/data/batched_nmf/nmf_k90_seed42_tol1e-06_L10.0.rds
2025-11-13T07:01:19Z	100	42	1e-6	0	39.99543987512588	/zata/zippy/kresgeb/nmf_stuff/dlPFC/data/batched_nmf/nmf_k100_seed42_tol1e-06_L10.0.rds
2025-11-13T07:03:24Z	10	1029	1e-6	0	2.0828041434288025	/zata/zippy/kresgeb/nmf_stuff/dlPFC/data/batched_nmf/nmf_k10_seed1029_tol1e-06_L10.0.rds
2025-11-13T07:06:37Z	20	1029	1e-6	0	3.178462564945221	/zata/zippy/kresgeb/nmf_stuff/dlPFC/data/batched_nmf/nmf_k20_seed1029_tol1e-06_L10.0.rds
2025-11-13T07:13:09Z	30	1029	1e-6	0	6.505643856525421	/zata/zippy/kresgeb/nmf_stuff/dlPFC/data/batched_nmf/nmf_k30_seed1029_tol1e-06_L10.0.rds
2025-11-13T07:22:33Z	40	1029	1e-6	0	9.346868515014648	/zata/zippy/kresgeb/nmf_stuff/dlPFC/data/batched_nmf/nmf_k40_seed1029_tol1e-06_L10.0.rds
2025-11-13T07:35:12Z	50	1029	1e-6	0	12.59518666267395	/zata/zippy/kresgeb/nmf_stuff/dlPFC/data/batched_nmf/nmf_k50_seed1029_tol1e-06_L10.0.rds
2025-11-13T08:02:50Z	60	1029	1e-6	0	27.554065493742623	/zata/zippy/kresgeb/nmf_stuff/dlPFC/data/batched_nmf/nmf_k60_seed1029_tol1e-06_L10.0.rds
2025-11-13T08:19:02Z	70	1029	1e-6	0	16.135994895299277	/zata/zippy/kresgeb/nmf_stuff/dlPFC/data/batched_nmf/nmf_k70_seed1029_tol1e-06_L10.0.rds
2025-11-13T08:46:51Z	80	1029	1e-6	0	27.72374081214269	/zata/zippy/kresgeb/nmf_stuff/dlPFC/data/batched_nmf/nmf_k80_seed1029_tol1e-06_L10.0.rds
2025-11-13T09:19:34Z	90	1029	1e-6	0	32.61057147185008	/zata/zippy/kresgeb/nmf_stuff/dlPFC/data/batched_nmf/nmf_k90_seed1029_tol1e-06_L10.0.rds
2025-11-13T10:38:10Z	100	1029	1e-6	0	78.49844530820846	/zata/zippy/kresgeb/nmf_stuff/dlPFC/data/batched_nmf/nmf_k100_seed1029_tol1e-06_L10.0.rds
2025-11-13T10:40:24Z	10	31415	1e-6	0	2.207735280195872	/zata/zippy/kresgeb/nmf_stuff/dlPFC/data/batched_nmf/nmf_k10_seed31415_tol1e-06_L10.0.rds
2025-11-13T10:44:49Z	20	31415	1e-6	0	4.389290058612824	/zata/zippy/kresgeb/nmf_stuff/dlPFC/data/batched_nmf/nmf_k20_seed31415_tol1e-06_L10.0.rds
2025-11-13T10:50:31Z	30	31415	1e-6	0	5.666551733016968	/zata/zippy/kresgeb/nmf_stuff/dlPFC/data/batched_nmf/nmf_k30_seed31415_tol1e-06_L10.0.rds
2025-11-13T11:05:25Z	40	31415	1e-6	0	14.857766969998677	/zata/zippy/kresgeb/nmf_stuff/dlPFC/data/batched_nmf/nmf_k40_seed31415_tol1e-06_L10.0.rds
2025-11-13T11:21:26Z	50	31415	1e-6	0	15.961624312400819	/zata/zippy/kresgeb/nmf_stuff/dlPFC/data/batched_nmf/nmf_k50_seed31415_tol1e-06_L10.0.rds
2025-11-13T11:34:33Z	60	31415	1e-6	0	13.047975293795268	/zata/zippy/kresgeb/nmf_stuff/dlPFC/data/batched_nmf/nmf_k60_seed31415_tol1e-06_L10.0.rds
2025-11-13T11:49:42Z	70	31415	1e-6	0	15.0596542040507	/zata/zippy/kresgeb/nmf_stuff/dlPFC/data/batched_nmf/nmf_k70_seed31415_tol1e-06_L10.0.rds
2025-11-13T12:16:13Z	80	31415	1e-6	0	26.440162046750388	/zata/zippy/kresgeb/nmf_stuff/dlPFC/data/batched_nmf/nmf_k80_seed31415_tol1e-06_L10.0.rds
2025-11-13T12:43:16Z	90	31415	1e-6	0	26.942130649089812	/zata/zippy/kresgeb/nmf_stuff/dlPFC/data/batched_nmf/nmf_k90_seed31415_tol1e-06_L10.0.rds
2025-11-13T13:34:13Z	100	31415	1e-6	0	50.84302343130112	/zata/zippy/kresgeb/nmf_stuff/dlPFC/data/batched_nmf/nmf_k100_seed31415_tol1e-06_L10.0.rds
2025-11-13T13:37:16Z	10	120301	1e-6	0	3.0374487121899922	/zata/zippy/kresgeb/nmf_stuff/dlPFC/data/batched_nmf/nmf_k10_seed120301_tol1e-06_L10.0.rds
2025-11-13T13:42:43Z	20	120301	1e-6	0	5.42645925283432	/zata/zippy/kresgeb/nmf_stuff/dlPFC/data/batched_nmf/nmf_k20_seed120301_tol1e-06_L10.0.rds
2025-11-13T13:51:48Z	30	120301	1e-6	0	9.038152686754863	/zata/zippy/kresgeb/nmf_stuff/dlPFC/data/batched_nmf/nmf_k30_seed120301_tol1e-06_L10.0.rds
2025-11-13T13:59:37Z	40	120301	1e-6	0	7.768957046667735	/zata/zippy/kresgeb/nmf_stuff/dlPFC/data/batched_nmf/nmf_k40_seed120301_tol1e-06_L10.0.rds
2025-11-13T14:11:41Z	50	120301	1e-6	0	12.00800580183665	/zata/zippy/kresgeb/nmf_stuff/dlPFC/data/batched_nmf/nmf_k50_seed120301_tol1e-06_L10.0.rds
2025-11-13T14:30:18Z	60	120301	1e-6	0	18.541878565152487	/zata/zippy/kresgeb/nmf_stuff/dlPFC/data/batched_nmf/nmf_k60_seed120301_tol1e-06_L10.0.rds
2025-11-13T14:51:30Z	70	120301	1e-6	0	21.120394496122994	/zata/zippy/kresgeb/nmf_stuff/dlPFC/data/batched_nmf/nmf_k70_seed120301_tol1e-06_L10.0.rds
2025-11-13T15:57:53Z	80	120301	1e-6	0	66.27636235555013	/zata/zippy/kresgeb/nmf_stuff/dlPFC/data/batched_nmf/nmf_k80_seed120301_tol1e-06_L10.0.rds
2025-11-13T16:41:14Z	90	120301	1e-6	0	43.251541169484454	/zata/zippy/kresgeb/nmf_stuff/dlPFC/data/batched_nmf/nmf_k90_seed120301_tol1e-06_L10.0.rds
2025-11-13T18:14:53Z	100	120301	1e-6	0	93.53259791533152	/zata/zippy/kresgeb/nmf_stuff/dlPFC/data/batched_nmf/nmf_k100_seed120301_tol1e-06_L10.0.rds
2025-11-13T18:16:59Z	10	2025	1e-6	0	2.0873348991076153	/zata/zippy/kresgeb/nmf_stuff/dlPFC/data/batched_nmf/nmf_k10_seed2025_tol1e-06_L10.0.rds
2025-11-13T18:21:57Z	20	2025	1e-6	0	4.936597498257955	/zata/zippy/kresgeb/nmf_stuff/dlPFC/data/batched_nmf/nmf_k20_seed2025_tol1e-06_L10.0.rds
2025-11-13T18:27:23Z	30	2025	1e-6	0	5.404447984695435	/zata/zippy/kresgeb/nmf_stuff/dlPFC/data/batched_nmf/nmf_k30_seed2025_tol1e-06_L10.0.rds
2025-11-13T18:36:57Z	40	2025	1e-6	0	9.518082936604818	/zata/zippy/kresgeb/nmf_stuff/dlPFC/data/batched_nmf/nmf_k40_seed2025_tol1e-06_L10.0.rds
2025-11-13T18:50:17Z	50	2025	1e-6	0	13.279940152168274	/zata/zippy/kresgeb/nmf_stuff/dlPFC/data/batched_nmf/nmf_k50_seed2025_tol1e-06_L10.0.rds
2025-11-13T19:04:18Z	60	2025	1e-6	0	13.934692295392354	/zata/zippy/kresgeb/nmf_stuff/dlPFC/data/batched_nmf/nmf_k60_seed2025_tol1e-06_L10.0.rds
2025-11-13T19:23:35Z	70	2025	1e-6	0	19.2118261218071	/zata/zippy/kresgeb/nmf_stuff/dlPFC/data/batched_nmf/nmf_k70_seed2025_tol1e-06_L10.0.rds
2025-11-13T20:03:42Z	80	2025	1e-6	0	40.028054165840146	/zata/zippy/kresgeb/nmf_stuff/dlPFC/data/batched_nmf/nmf_k80_seed2025_tol1e-06_L10.0.rds
2025-11-13T20:42:52Z	90	2025	1e-6	0	39.067640312512715	/zata/zippy/kresgeb/nmf_stuff/dlPFC/data/batched_nmf/nmf_k90_seed2025_tol1e-06_L10.0.rds
2025-11-13T21:26:48Z	100	2025	1e-6	0	43.813553341229756	/zata/zippy/kresgeb/nmf_stuff/dlPFC/data/batched_nmf/nmf_k100_seed2025_tol1e-06_L10.0.rds
2025-11-13T21:29:58Z	10	42	1e-7	0	3.1467300136884053	/zata/zippy/kresgeb/nmf_stuff/dlPFC/data/batched_nmf/nmf_k10_seed42_tol1e-07_L10.0.rds
2025-11-13T21:34:18Z	20	42	1e-7	0	4.311509164174398	/zata/zippy/kresgeb/nmf_stuff/dlPFC/data/batched_nmf/nmf_k20_seed42_tol1e-07_L10.0.rds
2025-11-13T21:43:43Z	30	42	1e-7	0	9.378597660859425	/zata/zippy/kresgeb/nmf_stuff/dlPFC/data/batched_nmf/nmf_k30_seed42_tol1e-07_L10.0.rds
2025-11-13T22:00:02Z	40	42	1e-7	0	16.25736713409424	/zata/zippy/kresgeb/nmf_stuff/dlPFC/data/batched_nmf/nmf_k40_seed42_tol1e-07_L10.0.rds
2025-11-13T22:15:28Z	50	42	1e-7	0	15.367969238758088	/zata/zippy/kresgeb/nmf_stuff/dlPFC/data/batched_nmf/nmf_k50_seed42_tol1e-07_L10.0.rds
2025-11-13T22:37:39Z	60	42	1e-7	0	22.11497635046641	/zata/zippy/kresgeb/nmf_stuff/dlPFC/data/batched_nmf/nmf_k60_seed42_tol1e-07_L10.0.rds
2025-11-13T23:40:40Z	70	42	1e-7	0	62.94857361316681	/zata/zippy/kresgeb/nmf_stuff/dlPFC/data/batched_nmf/nmf_k70_seed42_tol1e-07_L10.0.rds
2025-11-14T00:45:24Z	80	42	1e-7	0	64.62568844159445	/zata/zippy/kresgeb/nmf_stuff/dlPFC/data/batched_nmf/nmf_k80_seed42_tol1e-07_L10.0.rds
2025-11-14T01:54:02Z	90	42	1e-7	0	68.53740722338358	/zata/zippy/kresgeb/nmf_stuff/dlPFC/data/batched_nmf/nmf_k90_seed42_tol1e-07_L10.0.rds
2025-11-14T04:37:21Z	100	42	1e-7	0	163.19887934128442	/zata/zippy/kresgeb/nmf_stuff/dlPFC/data/batched_nmf/nmf_k100_seed42_tol1e-07_L10.0.rds
2025-11-14T04:39:58Z	10	1029	1e-7	0	2.6110873659451803	/zata/zippy/kresgeb/nmf_stuff/dlPFC/data/batched_nmf/nmf_k10_seed1029_tol1e-07_L10.0.rds
2025-11-14T04:46:51Z	20	1029	1e-7	0	6.8505951563517256	/zata/zippy/kresgeb/nmf_stuff/dlPFC/data/batched_nmf/nmf_k20_seed1029_tol1e-07_L10.0.rds
2025-11-14T04:54:27Z	30	1029	1e-7	0	7.557943260669708	/zata/zippy/kresgeb/nmf_stuff/dlPFC/data/batched_nmf/nmf_k30_seed1029_tol1e-07_L10.0.rds
2025-11-14T05:06:26Z	40	1029	1e-7	0	11.948942836125692	/zata/zippy/kresgeb/nmf_stuff/dlPFC/data/batched_nmf/nmf_k40_seed1029_tol1e-07_L10.0.rds
2025-11-14T05:23:53Z	50	1029	1e-7	0	17.376273187001548	/zata/zippy/kresgeb/nmf_stuff/dlPFC/data/batched_nmf/nmf_k50_seed1029_tol1e-07_L10.0.rds
2025-11-14T05:56:23Z	60	1029	1e-7	0	32.43716015021006	/zata/zippy/kresgeb/nmf_stuff/dlPFC/data/batched_nmf/nmf_k60_seed1029_tol1e-07_L10.0.rds
2025-11-14T06:36:27Z	70	1029	1e-7	0	39.98437821865082	/zata/zippy/kresgeb/nmf_stuff/dlPFC/data/batched_nmf/nmf_k70_seed1029_tol1e-07_L10.0.rds
2025-11-14T07:55:22Z	80	1029	1e-7	0	78.83305876255035	/zata/zippy/kresgeb/nmf_stuff/dlPFC/data/batched_nmf/nmf_k80_seed1029_tol1e-07_L10.0.rds
2025-11-14T08:49:13Z	90	1029	1e-7	0	53.74837511380513	/zata/zippy/kresgeb/nmf_stuff/dlPFC/data/batched_nmf/nmf_k90_seed1029_tol1e-07_L10.0.rds
2025-11-14T11:20:27Z	100	1029	1e-7	0	151.13007030089696	/zata/zippy/kresgeb/nmf_stuff/dlPFC/data/batched_nmf/nmf_k100_seed1029_tol1e-07_L10.0.rds
2025-11-14T11:23:06Z	10	31415	1e-7	0	2.634882847468058	/zata/zippy/kresgeb/nmf_stuff/dlPFC/data/batched_nmf/nmf_k10_seed31415_tol1e-07_L10.0.rds
2025-11-14T11:27:42Z	20	31415	1e-7	0	4.578295918305715	/zata/zippy/kresgeb/nmf_stuff/dlPFC/data/batched_nmf/nmf_k20_seed31415_tol1e-07_L10.0.rds
2025-11-14T11:34:33Z	30	31415	1e-7	0	6.806133242448171	/zata/zippy/kresgeb/nmf_stuff/dlPFC/data/batched_nmf/nmf_k30_seed31415_tol1e-07_L10.0.rds
2025-11-14T11:53:07Z	40	31415	1e-7	0	18.511362298329672	/zata/zippy/kresgeb/nmf_stuff/dlPFC/data/batched_nmf/nmf_k40_seed31415_tol1e-07_L10.0.rds
2025-11-14T12:11:30Z	50	31415	1e-7	0	18.334510294596353	/zata/zippy/kresgeb/nmf_stuff/dlPFC/data/batched_nmf/nmf_k50_seed31415_tol1e-07_L10.0.rds
2025-11-14T12:41:54Z	60	31415	1e-7	0	30.331409843762717	/zata/zippy/kresgeb/nmf_stuff/dlPFC/data/batched_nmf/nmf_k60_seed31415_tol1e-07_L10.0.rds
2025-11-14T13:42:07Z	70	31415	1e-7	0	60.132841646671295	/zata/zippy/kresgeb/nmf_stuff/dlPFC/data/batched_nmf/nmf_k70_seed31415_tol1e-07_L10.0.rds
2025-11-14T14:31:53Z	80	31415	1e-7	0	49.68318650722504	/zata/zippy/kresgeb/nmf_stuff/dlPFC/data/batched_nmf/nmf_k80_seed31415_tol1e-07_L10.0.rds
2025-11-14T15:37:52Z	90	31415	1e-7	0	65.88171326716741	/zata/zippy/kresgeb/nmf_stuff/dlPFC/data/batched_nmf/nmf_k90_seed31415_tol1e-07_L10.0.rds
2025-11-14T16:35:53Z	100	31415	1e-7	0	57.91928023497264	/zata/zippy/kresgeb/nmf_stuff/dlPFC/data/batched_nmf/nmf_k100_seed31415_tol1e-07_L10.0.rds
2025-11-14T16:38:50Z	10	120301	1e-7	0	2.9247368137041727	/zata/zippy/kresgeb/nmf_stuff/dlPFC/data/batched_nmf/nmf_k10_seed120301_tol1e-07_L10.0.rds
2025-11-14T16:44:52Z	20	120301	1e-7	0	6.010258746147156	/zata/zippy/kresgeb/nmf_stuff/dlPFC/data/batched_nmf/nmf_k20_seed120301_tol1e-07_L10.0.rds
2025-11-14T16:56:01Z	30	120301	1e-7	0	11.113339789708455	/zata/zippy/kresgeb/nmf_stuff/dlPFC/data/batched_nmf/nmf_k30_seed120301_tol1e-07_L10.0.rds
2025-11-14T17:05:44Z	40	120301	1e-7	0	9.665094355742136	/zata/zippy/kresgeb/nmf_stuff/dlPFC/data/batched_nmf/nmf_k40_seed120301_tol1e-07_L10.0.rds
2025-11-14T17:20:07Z	50	120301	1e-7	0	14.33475250005722	/zata/zippy/kresgeb/nmf_stuff/dlPFC/data/batched_nmf/nmf_k50_seed120301_tol1e-07_L10.0.rds
2025-11-14T17:41:38Z	60	120301	1e-7	0	21.44597169558207	/zata/zippy/kresgeb/nmf_stuff/dlPFC/data/batched_nmf/nmf_k60_seed120301_tol1e-07_L10.0.rds
2025-11-14T18:11:45Z	70	120301	1e-7	0	30.01822372674942	/zata/zippy/kresgeb/nmf_stuff/dlPFC/data/batched_nmf/nmf_k70_seed120301_tol1e-07_L10.0.rds
2025-11-14T19:48:08Z	80	120301	1e-7	0	96.29828714132309	/zata/zippy/kresgeb/nmf_stuff/dlPFC/data/batched_nmf/nmf_k80_seed120301_tol1e-07_L10.0.rds
2025-11-14T21:37:10Z	90	120301	1e-7	0	108.92923910617829	/zata/zippy/kresgeb/nmf_stuff/dlPFC/data/batched_nmf/nmf_k90_seed120301_tol1e-07_L10.0.rds
2025-11-15T00:04:51Z	100	120301	1e-7	0	147.56406755844753	/zata/zippy/kresgeb/nmf_stuff/dlPFC/data/batched_nmf/nmf_k100_seed120301_tol1e-07_L10.0.rds
2025-11-15T00:07:23Z	10	2025	1e-7	0	2.5099717458089192	/zata/zippy/kresgeb/nmf_stuff/dlPFC/data/batched_nmf/nmf_k10_seed2025_tol1e-07_L10.0.rds
2025-11-15T00:14:09Z	20	2025	1e-7	0	6.740957693258921	/zata/zippy/kresgeb/nmf_stuff/dlPFC/data/batched_nmf/nmf_k20_seed2025_tol1e-07_L10.0.rds
2025-11-15T00:21:42Z	30	2025	1e-7	0	7.506127548217774	/zata/zippy/kresgeb/nmf_stuff/dlPFC/data/batched_nmf/nmf_k30_seed2025_tol1e-07_L10.0.rds
2025-11-15T00:34:11Z	40	2025	1e-7	0	12.43580275774002	/zata/zippy/kresgeb/nmf_stuff/dlPFC/data/batched_nmf/nmf_k40_seed2025_tol1e-07_L10.0.rds
2025-11-15T00:53:50Z	50	2025	1e-7	0	19.581112309296927	/zata/zippy/kresgeb/nmf_stuff/dlPFC/data/batched_nmf/nmf_k50_seed2025_tol1e-07_L10.0.rds
2025-11-15T01:24:10Z	60	2025	1e-7	0	30.262359289328256	/zata/zippy/kresgeb/nmf_stuff/dlPFC/data/batched_nmf/nmf_k60_seed2025_tol1e-07_L10.0.rds
2025-11-15T02:03:34Z	70	2025	1e-7	0	39.319659515221915	/zata/zippy/kresgeb/nmf_stuff/dlPFC/data/batched_nmf/nmf_k70_seed2025_tol1e-07_L10.0.rds
2025-11-15T02:55:54Z	80	2025	1e-7	0	52.240481940905255	/zata/zippy/kresgeb/nmf_stuff/dlPFC/data/batched_nmf/nmf_k80_seed2025_tol1e-07_L10.0.rds
2025-11-15T04:26:21Z	90	2025	1e-7	0	90.33436092138291	/zata/zippy/kresgeb/nmf_stuff/dlPFC/data/batched_nmf/nmf_k90_seed2025_tol1e-07_L10.0.rds
2025-11-15T05:51:00Z	100	2025	1e-7	0	84.53802845875423	/zata/zippy/kresgeb/nmf_stuff/dlPFC/data/batched_nmf/nmf_k100_seed2025_tol1e-07_L10.0.rds
2025-11-15T05:53:22Z	10	42	1e-5	0.2	2.195691402753194	/zata/zippy/kresgeb/nmf_stuff/dlPFC/data/batched_nmf/nmf_k10_seed42_tol1e-05_L10.2.rds
2025-11-15T05:56:37Z	20	42	1e-5	0.2	3.2264978170394896	/zata/zippy/kresgeb/nmf_stuff/dlPFC/data/batched_nmf/nmf_k20_seed42_tol1e-05_L10.2.rds
2025-11-15T06:02:47Z	30	42	1e-5	0.2	6.131605021158854	/zata/zippy/kresgeb/nmf_stuff/dlPFC/data/batched_nmf/nmf_k30_seed42_tol1e-05_L10.2.rds
2025-11-15T06:09:56Z	40	42	1e-5	0.2	7.103257004419962	/zata/zippy/kresgeb/nmf_stuff/dlPFC/data/batched_nmf/nmf_k40_seed42_tol1e-05_L10.2.rds
2025-11-15T06:17:56Z	50	42	1e-5	0.2	7.939655888080597	/zata/zippy/kresgeb/nmf_stuff/dlPFC/data/batched_nmf/nmf_k50_seed42_tol1e-05_L10.2.rds
2025-11-15T06:25:53Z	60	42	1e-5	0.2	7.874923646450043	/zata/zippy/kresgeb/nmf_stuff/dlPFC/data/batched_nmf/nmf_k60_seed42_tol1e-05_L10.2.rds
2025-11-15T06:36:48Z	70	42	1e-5	0.2	10.840082462628683	/zata/zippy/kresgeb/nmf_stuff/dlPFC/data/batched_nmf/nmf_k70_seed42_tol1e-05_L10.2.rds
2025-11-15T06:52:12Z	80	42	1e-5	0.2	15.320425697167714	/zata/zippy/kresgeb/nmf_stuff/dlPFC/data/batched_nmf/nmf_k80_seed42_tol1e-05_L10.2.rds
2025-11-15T07:15:23Z	90	42	1e-5	0.2	23.087940708796182	/zata/zippy/kresgeb/nmf_stuff/dlPFC/data/batched_nmf/nmf_k90_seed42_tol1e-05_L10.2.rds
2025-11-15T07:39:00Z	100	42	1e-5	0.2	23.49908330043157	/zata/zippy/kresgeb/nmf_stuff/dlPFC/data/batched_nmf/nmf_k100_seed42_tol1e-05_L10.2.rds
2025-11-15T07:41:20Z	10	1029	1e-5	0.2	2.323161021868388	/zata/zippy/kresgeb/nmf_stuff/dlPFC/data/batched_nmf/nmf_k10_seed1029_tol1e-05_L10.2.rds
2025-11-15T07:45:25Z	20	1029	1e-5	0.2	4.041959047317505	/zata/zippy/kresgeb/nmf_stuff/dlPFC/data/batched_nmf/nmf_k20_seed1029_tol1e-05_L10.2.rds
2025-11-15T07:50:00Z	30	1029	1e-5	0.2	4.5609806180000305	/zata/zippy/kresgeb/nmf_stuff/dlPFC/data/batched_nmf/nmf_k30_seed1029_tol1e-05_L10.2.rds
2025-11-15T07:56:11Z	40	1029	1e-5	0.2	6.13192157347997	/zata/zippy/kresgeb/nmf_stuff/dlPFC/data/batched_nmf/nmf_k40_seed1029_tol1e-05_L10.2.rds
2025-11-15T08:03:29Z	50	1029	1e-5	0.2	7.249545129140218	/zata/zippy/kresgeb/nmf_stuff/dlPFC/data/batched_nmf/nmf_k50_seed1029_tol1e-05_L10.2.rds
2025-11-15T08:12:12Z	60	1029	1e-5	0.2	8.649733539422353	/zata/zippy/kresgeb/nmf_stuff/dlPFC/data/batched_nmf/nmf_k60_seed1029_tol1e-05_L10.2.rds
2025-11-15T08:23:15Z	70	1029	1e-5	0.2	10.968672919273377	/zata/zippy/kresgeb/nmf_stuff/dlPFC/data/batched_nmf/nmf_k70_seed1029_tol1e-05_L10.2.rds
2025-11-15T08:37:39Z	80	1029	1e-5	0.2	14.3125661611557	/zata/zippy/kresgeb/nmf_stuff/dlPFC/data/batched_nmf/nmf_k80_seed1029_tol1e-05_L10.2.rds
2025-11-15T08:55:52Z	90	1029	1e-5	0.2	18.119100920359294	/zata/zippy/kresgeb/nmf_stuff/dlPFC/data/batched_nmf/nmf_k90_seed1029_tol1e-05_L10.2.rds
2025-11-15T09:22:06Z	100	1029	1e-5	0.2	26.121954452991485	/zata/zippy/kresgeb/nmf_stuff/dlPFC/data/batched_nmf/nmf_k100_seed1029_tol1e-05_L10.2.rds
2025-11-15T09:24:04Z	10	31415	1e-5	0.2	1.9407312989234924	/zata/zippy/kresgeb/nmf_stuff/dlPFC/data/batched_nmf/nmf_k10_seed31415_tol1e-05_L10.2.rds
2025-11-15T09:28:21Z	20	31415	1e-5	0.2	4.265167975425721	/zata/zippy/kresgeb/nmf_stuff/dlPFC/data/batched_nmf/nmf_k20_seed31415_tol1e-05_L10.2.rds
2025-11-15T09:33:23Z	30	31415	1e-5	0.2	4.99017558892568	/zata/zippy/kresgeb/nmf_stuff/dlPFC/data/batched_nmf/nmf_k30_seed31415_tol1e-05_L10.2.rds
2025-11-15T09:38:56Z	40	31415	1e-5	0.2	5.507523318131764	/zata/zippy/kresgeb/nmf_stuff/dlPFC/data/batched_nmf/nmf_k40_seed31415_tol1e-05_L10.2.rds
2025-11-15T09:45:41Z	50	31415	1e-5	0.2	6.687661119302114	/zata/zippy/kresgeb/nmf_stuff/dlPFC/data/batched_nmf/nmf_k50_seed31415_tol1e-05_L10.2.rds
2025-11-15T09:53:29Z	60	31415	1e-5	0.2	7.742212680975596	/zata/zippy/kresgeb/nmf_stuff/dlPFC/data/batched_nmf/nmf_k60_seed31415_tol1e-05_L10.2.rds
2025-11-15T10:11:47Z	70	31415	1e-5	0.2	18.217730927467347	/zata/zippy/kresgeb/nmf_stuff/dlPFC/data/batched_nmf/nmf_k70_seed31415_tol1e-05_L10.2.rds
2025-11-15T10:25:12Z	80	31415	1e-5	0.2	13.329020126660664	/zata/zippy/kresgeb/nmf_stuff/dlPFC/data/batched_nmf/nmf_k80_seed31415_tol1e-05_L10.2.rds
2025-11-15T10:41:56Z	90	31415	1e-5	0.2	16.638076941172283	/zata/zippy/kresgeb/nmf_stuff/dlPFC/data/batched_nmf/nmf_k90_seed31415_tol1e-05_L10.2.rds
2025-11-15T11:15:10Z	100	31415	1e-5	0.2	33.1110085050265	/zata/zippy/kresgeb/nmf_stuff/dlPFC/data/batched_nmf/nmf_k100_seed31415_tol1e-05_L10.2.rds
2025-11-15T11:17:22Z	10	120301	1e-5	0.2	2.187311577796936	/zata/zippy/kresgeb/nmf_stuff/dlPFC/data/batched_nmf/nmf_k10_seed120301_tol1e-05_L10.2.rds
2025-11-15T11:20:37Z	20	120301	1e-5	0.2	3.2335867365201314	/zata/zippy/kresgeb/nmf_stuff/dlPFC/data/batched_nmf/nmf_k20_seed120301_tol1e-05_L10.2.rds
2025-11-15T11:25:35Z	30	120301	1e-5	0.2	4.926812056700388	/zata/zippy/kresgeb/nmf_stuff/dlPFC/data/batched_nmf/nmf_k30_seed120301_tol1e-05_L10.2.rds
2025-11-15T11:30:01Z	40	120301	1e-5	0.2	4.384281464417776	/zata/zippy/kresgeb/nmf_stuff/dlPFC/data/batched_nmf/nmf_k40_seed120301_tol1e-05_L10.2.rds
2025-11-15T11:39:06Z	50	120301	1e-5	0.2	9.019964162508646	/zata/zippy/kresgeb/nmf_stuff/dlPFC/data/batched_nmf/nmf_k50_seed120301_tol1e-05_L10.2.rds
2025-11-15T11:50:31Z	60	120301	1e-5	0.2	11.350665398438771	/zata/zippy/kresgeb/nmf_stuff/dlPFC/data/batched_nmf/nmf_k60_seed120301_tol1e-05_L10.2.rds
2025-11-15T12:07:38Z	70	120301	1e-5	0.2	17.0505123257637	/zata/zippy/kresgeb/nmf_stuff/dlPFC/data/batched_nmf/nmf_k70_seed120301_tol1e-05_L10.2.rds
2025-11-15T12:22:02Z	80	120301	1e-5	0.2	14.310538653532664	/zata/zippy/kresgeb/nmf_stuff/dlPFC/data/batched_nmf/nmf_k80_seed120301_tol1e-05_L10.2.rds
2025-11-15T12:45:11Z	90	120301	1e-5	0.2	23.049757182598114	/zata/zippy/kresgeb/nmf_stuff/dlPFC/data/batched_nmf/nmf_k90_seed120301_tol1e-05_L10.2.rds
2025-11-15T13:10:41Z	100	120301	1e-5	0.2	25.390683543682098	/zata/zippy/kresgeb/nmf_stuff/dlPFC/data/batched_nmf/nmf_k100_seed120301_tol1e-05_L10.2.rds
2025-11-15T13:12:59Z	10	2025	1e-5	0.2	2.2803436795870464	/zata/zippy/kresgeb/nmf_stuff/dlPFC/data/batched_nmf/nmf_k10_seed2025_tol1e-05_L10.2.rds
2025-11-15T13:16:33Z	20	2025	1e-5	0.2	3.5424323121706647	/zata/zippy/kresgeb/nmf_stuff/dlPFC/data/batched_nmf/nmf_k20_seed2025_tol1e-05_L10.2.rds
2025-11-15T13:21:22Z	30	2025	1e-5	0.2	4.773765528202057	/zata/zippy/kresgeb/nmf_stuff/dlPFC/data/batched_nmf/nmf_k30_seed2025_tol1e-05_L10.2.rds
2025-11-15T13:26:20Z	40	2025	1e-5	0.2	4.917456698417664	/zata/zippy/kresgeb/nmf_stuff/dlPFC/data/batched_nmf/nmf_k40_seed2025_tol1e-05_L10.2.rds
2025-11-15T13:34:25Z	50	2025	1e-5	0.2	8.031789414087932	/zata/zippy/kresgeb/nmf_stuff/dlPFC/data/batched_nmf/nmf_k50_seed2025_tol1e-05_L10.2.rds
2025-11-15T13:44:01Z	60	2025	1e-5	0.2	9.540267753601075	/zata/zippy/kresgeb/nmf_stuff/dlPFC/data/batched_nmf/nmf_k60_seed2025_tol1e-05_L10.2.rds
2025-11-15T14:00:40Z	70	2025	1e-5	0.2	16.55910700559616	/zata/zippy/kresgeb/nmf_stuff/dlPFC/data/batched_nmf/nmf_k70_seed2025_tol1e-05_L10.2.rds
2025-11-15T14:19:04Z	80	2025	1e-5	0.2	18.31567259232203	/zata/zippy/kresgeb/nmf_stuff/dlPFC/data/batched_nmf/nmf_k80_seed2025_tol1e-05_L10.2.rds
2025-11-15T14:41:23Z	90	2025	1e-5	0.2	22.216963787873585	/zata/zippy/kresgeb/nmf_stuff/dlPFC/data/batched_nmf/nmf_k90_seed2025_tol1e-05_L10.2.rds
2025-11-15T15:08:22Z	100	2025	1e-5	0.2	26.86867373784383	/zata/zippy/kresgeb/nmf_stuff/dlPFC/data/batched_nmf/nmf_k100_seed2025_tol1e-05_L10.2.rds
2025-11-15T15:10:41Z	10	42	1e-6	0.2	2.301833248138428	/zata/zippy/kresgeb/nmf_stuff/dlPFC/data/batched_nmf/nmf_k10_seed42_tol1e-06_L10.2.rds
2025-11-15T15:14:24Z	20	42	1e-6	0.2	3.7021618684132895	/zata/zippy/kresgeb/nmf_stuff/dlPFC/data/batched_nmf/nmf_k20_seed42_tol1e-06_L10.2.rds
2025-11-15T15:25:02Z	30	42	1e-6	0.2	10.601989916960399	/zata/zippy/kresgeb/nmf_stuff/dlPFC/data/batched_nmf/nmf_k30_seed42_tol1e-06_L10.2.rds
2025-11-15T15:38:50Z	40	42	1e-6	0.2	13.74327263434728	/zata/zippy/kresgeb/nmf_stuff/dlPFC/data/batched_nmf/nmf_k40_seed42_tol1e-06_L10.2.rds
2025-11-15T15:54:27Z	50	42	1e-6	0.2	15.565473755200705	/zata/zippy/kresgeb/nmf_stuff/dlPFC/data/batched_nmf/nmf_k50_seed42_tol1e-06_L10.2.rds
2025-11-15T16:07:54Z	60	42	1e-6	0.2	13.37600506544113	/zata/zippy/kresgeb/nmf_stuff/dlPFC/data/batched_nmf/nmf_k60_seed42_tol1e-06_L10.2.rds
2025-11-15T16:24:27Z	70	42	1e-6	0.2	16.47424588998159	/zata/zippy/kresgeb/nmf_stuff/dlPFC/data/batched_nmf/nmf_k70_seed42_tol1e-06_L10.2.rds
2025-11-15T16:47:35Z	80	42	1e-6	0.2	23.046420709292093	/zata/zippy/kresgeb/nmf_stuff/dlPFC/data/batched_nmf/nmf_k80_seed42_tol1e-06_L10.2.rds
2025-11-15T17:36:46Z	90	42	1e-6	0.2	49.07606878678004	/zata/zippy/kresgeb/nmf_stuff/dlPFC/data/batched_nmf/nmf_k90_seed42_tol1e-06_L10.2.rds
2025-11-15T18:32:13Z	100	42	1e-6	0.2	55.340177635351814	/zata/zippy/kresgeb/nmf_stuff/dlPFC/data/batched_nmf/nmf_k100_seed42_tol1e-06_L10.2.rds
2025-11-15T18:34:48Z	10	1029	1e-6	0.2	2.564178097248077	/zata/zippy/kresgeb/nmf_stuff/dlPFC/data/batched_nmf/nmf_k10_seed1029_tol1e-06_L10.2.rds
2025-11-15T18:39:12Z	20	1029	1e-6	0.2	4.370135780175527	/zata/zippy/kresgeb/nmf_stuff/dlPFC/data/batched_nmf/nmf_k20_seed1029_tol1e-06_L10.2.rds
2025-11-15T18:45:15Z	30	1029	1e-6	0.2	6.024223184585571	/zata/zippy/kresgeb/nmf_stuff/dlPFC/data/batched_nmf/nmf_k30_seed1029_tol1e-06_L10.2.rds
2025-11-15T18:53:55Z	40	1029	1e-6	0.2	8.609264667828878	/zata/zippy/kresgeb/nmf_stuff/dlPFC/data/batched_nmf/nmf_k40_seed1029_tol1e-06_L10.2.rds
2025-11-15T19:06:53Z	50	1029	1e-6	0.2	12.917795153458913	/zata/zippy/kresgeb/nmf_stuff/dlPFC/data/batched_nmf/nmf_k50_seed1029_tol1e-06_L10.2.rds
2025-11-15T19:22:21Z	60	1029	1e-6	0.2	15.40042560895284	/zata/zippy/kresgeb/nmf_stuff/dlPFC/data/batched_nmf/nmf_k60_seed1029_tol1e-06_L10.2.rds
2025-11-15T19:47:31Z	70	1029	1e-6	0.2	25.082916255791982	/zata/zippy/kresgeb/nmf_stuff/dlPFC/data/batched_nmf/nmf_k70_seed1029_tol1e-06_L10.2.rds
2025-11-15T20:04:36Z	80	1029	1e-6	0.2	16.999845524628956	/zata/zippy/kresgeb/nmf_stuff/dlPFC/data/batched_nmf/nmf_k80_seed1029_tol1e-06_L10.2.rds
2025-11-15T20:59:07Z	90	1029	1e-6	0.2	54.4113814552625	/zata/zippy/kresgeb/nmf_stuff/dlPFC/data/batched_nmf/nmf_k90_seed1029_tol1e-06_L10.2.rds
2025-11-15T21:58:43Z	100	1029	1e-6	0.2	59.499087731043495	/zata/zippy/kresgeb/nmf_stuff/dlPFC/data/batched_nmf/nmf_k100_seed1029_tol1e-06_L10.2.rds
2025-11-15T22:01:18Z	10	31415	1e-6	0.2	2.5573623140652972	/zata/zippy/kresgeb/nmf_stuff/dlPFC/data/batched_nmf/nmf_k10_seed31415_tol1e-06_L10.2.rds
2025-11-15T22:06:14Z	20	31415	1e-6	0.2	4.907429718971253	/zata/zippy/kresgeb/nmf_stuff/dlPFC/data/batched_nmf/nmf_k20_seed31415_tol1e-06_L10.2.rds
2025-11-15T22:12:54Z	30	31415	1e-6	0.2	6.634360881646474	/zata/zippy/kresgeb/nmf_stuff/dlPFC/data/batched_nmf/nmf_k30_seed31415_tol1e-06_L10.2.rds
2025-11-15T22:19:39Z	40	31415	1e-6	0.2	6.701379632949829	/zata/zippy/kresgeb/nmf_stuff/dlPFC/data/batched_nmf/nmf_k40_seed31415_tol1e-06_L10.2.rds
2025-11-15T22:28:01Z	50	31415	1e-6	0.2	8.321211167176564	/zata/zippy/kresgeb/nmf_stuff/dlPFC/data/batched_nmf/nmf_k50_seed31415_tol1e-06_L10.2.rds
2025-11-15T22:47:12Z	60	31415	1e-6	0.2	19.10534064769745	/zata/zippy/kresgeb/nmf_stuff/dlPFC/data/batched_nmf/nmf_k60_seed31415_tol1e-06_L10.2.rds
2025-11-15T23:12:09Z	70	31415	1e-6	0.2	24.86959123214086	/zata/zippy/kresgeb/nmf_stuff/dlPFC/data/batched_nmf/nmf_k70_seed31415_tol1e-06_L10.2.rds
2025-11-15T23:32:22Z	80	31415	1e-6	0.2	20.132741157213847	/zata/zippy/kresgeb/nmf_stuff/dlPFC/data/batched_nmf/nmf_k80_seed31415_tol1e-06_L10.2.rds
2025-11-16T00:12:06Z	90	31415	1e-6	0.2	39.62720933755239	/zata/zippy/kresgeb/nmf_stuff/dlPFC/data/batched_nmf/nmf_k90_seed31415_tol1e-06_L10.2.rds
2025-11-16T00:59:19Z	100	31415	1e-6	0.2	47.1231467405955	/zata/zippy/kresgeb/nmf_stuff/dlPFC/data/batched_nmf/nmf_k100_seed31415_tol1e-06_L10.2.rds
2025-11-16T01:01:58Z	10	120301	1e-6	0.2	2.6274389028549194	/zata/zippy/kresgeb/nmf_stuff/dlPFC/data/batched_nmf/nmf_k10_seed120301_tol1e-06_L10.2.rds
2025-11-16T01:05:25Z	20	120301	1e-6	0.2	3.430974594751994	/zata/zippy/kresgeb/nmf_stuff/dlPFC/data/batched_nmf/nmf_k20_seed120301_tol1e-06_L10.2.rds
2025-11-16T01:12:30Z	30	120301	1e-6	0.2	7.037180213133494	/zata/zippy/kresgeb/nmf_stuff/dlPFC/data/batched_nmf/nmf_k30_seed120301_tol1e-06_L10.2.rds
2025-11-16T01:20:54Z	40	120301	1e-6	0.2	8.365096481641134	/zata/zippy/kresgeb/nmf_stuff/dlPFC/data/batched_nmf/nmf_k40_seed120301_tol1e-06_L10.2.rds
2025-11-16T01:31:52Z	50	120301	1e-6	0.2	10.905603675047557	/zata/zippy/kresgeb/nmf_stuff/dlPFC/data/batched_nmf/nmf_k50_seed120301_tol1e-06_L10.2.rds
2025-11-16T01:50:01Z	60	120301	1e-6	0.2	18.08784576654434	/zata/zippy/kresgeb/nmf_stuff/dlPFC/data/batched_nmf/nmf_k60_seed120301_tol1e-06_L10.2.rds
2025-11-16T02:20:35Z	70	120301	1e-6	0.2	30.485482676823935	/zata/zippy/kresgeb/nmf_stuff/dlPFC/data/batched_nmf/nmf_k70_seed120301_tol1e-06_L10.2.rds
2025-11-16T02:53:00Z	80	120301	1e-6	0.2	32.31980088154475	/zata/zippy/kresgeb/nmf_stuff/dlPFC/data/batched_nmf/nmf_k80_seed120301_tol1e-06_L10.2.rds
2025-11-16T03:26:55Z	90	120301	1e-6	0.2	33.82203307946523	/zata/zippy/kresgeb/nmf_stuff/dlPFC/data/batched_nmf/nmf_k90_seed120301_tol1e-06_L10.2.rds
2025-11-16T04:14:16Z	100	120301	1e-6	0.2	47.24472272396088	/zata/zippy/kresgeb/nmf_stuff/dlPFC/data/batched_nmf/nmf_k100_seed120301_tol1e-06_L10.2.rds
2025-11-16T04:16:25Z	10	2025	1e-6	0.2	2.1366889039675394	/zata/zippy/kresgeb/nmf_stuff/dlPFC/data/batched_nmf/nmf_k10_seed2025_tol1e-06_L10.2.rds
2025-11-16T04:21:09Z	20	2025	1e-6	0.2	4.696555884679158	/zata/zippy/kresgeb/nmf_stuff/dlPFC/data/batched_nmf/nmf_k20_seed2025_tol1e-06_L10.2.rds
2025-11-16T04:27:12Z	30	2025	1e-6	0.2	6.019065304597219	/zata/zippy/kresgeb/nmf_stuff/dlPFC/data/batched_nmf/nmf_k30_seed2025_tol1e-06_L10.2.rds
2025-11-16T04:41:06Z	40	2025	1e-6	0.2	13.849606688817342	/zata/zippy/kresgeb/nmf_stuff/dlPFC/data/batched_nmf/nmf_k40_seed2025_tol1e-06_L10.2.rds
2025-11-16T04:57:56Z	50	2025	1e-6	0.2	16.777521189053854	/zata/zippy/kresgeb/nmf_stuff/dlPFC/data/batched_nmf/nmf_k50_seed2025_tol1e-06_L10.2.rds
2025-11-16T05:24:41Z	60	2025	1e-6	0.2	26.68796497186025	/zata/zippy/kresgeb/nmf_stuff/dlPFC/data/batched_nmf/nmf_k60_seed2025_tol1e-06_L10.2.rds
2025-11-16T05:43:14Z	70	2025	1e-6	0.2	18.471314970652262	/zata/zippy/kresgeb/nmf_stuff/dlPFC/data/batched_nmf/nmf_k70_seed2025_tol1e-06_L10.2.rds
2025-11-16T06:19:17Z	80	2025	1e-6	0.2	35.945669023195904	/zata/zippy/kresgeb/nmf_stuff/dlPFC/data/batched_nmf/nmf_k80_seed2025_tol1e-06_L10.2.rds
2025-11-16T07:00:41Z	90	2025	1e-6	0.2	41.3034087061882	/zata/zippy/kresgeb/nmf_stuff/dlPFC/data/batched_nmf/nmf_k90_seed2025_tol1e-06_L10.2.rds
2025-11-16T07:49:30Z	100	2025	1e-6	0.2	48.71098677317301	/zata/zippy/kresgeb/nmf_stuff/dlPFC/data/batched_nmf/nmf_k100_seed2025_tol1e-06_L10.2.rds
2025-11-16T07:52:13Z	10	42	1e-7	0.2	2.708477807044983	/zata/zippy/kresgeb/nmf_stuff/dlPFC/data/batched_nmf/nmf_k10_seed42_tol1e-07_L10.2.rds
2025-11-16T07:56:52Z	20	42	1e-7	0.2	4.6166494210561115	/zata/zippy/kresgeb/nmf_stuff/dlPFC/data/batched_nmf/nmf_k20_seed42_tol1e-07_L10.2.rds
2025-11-16T08:09:41Z	30	42	1e-7	0.2	12.78691703081131	/zata/zippy/kresgeb/nmf_stuff/dlPFC/data/batched_nmf/nmf_k30_seed42_tol1e-07_L10.2.rds
2025-11-16T08:27:15Z	40	42	1e-7	0.2	17.521492222944897	/zata/zippy/kresgeb/nmf_stuff/dlPFC/data/batched_nmf/nmf_k40_seed42_tol1e-07_L10.2.rds
2025-11-16T08:49:06Z	50	42	1e-7	0.2	21.78146048784256	/zata/zippy/kresgeb/nmf_stuff/dlPFC/data/batched_nmf/nmf_k50_seed42_tol1e-07_L10.2.rds
2025-11-16T09:21:13Z	60	42	1e-7	0.2	32.04815652370453	/zata/zippy/kresgeb/nmf_stuff/dlPFC/data/batched_nmf/nmf_k60_seed42_tol1e-07_L10.2.rds
2025-11-16T09:50:57Z	70	42	1e-7	0.2	29.669041124979653	/zata/zippy/kresgeb/nmf_stuff/dlPFC/data/batched_nmf/nmf_k70_seed42_tol1e-07_L10.2.rds
2025-11-16T10:33:13Z	80	42	1e-7	0.2	42.17150853872299	/zata/zippy/kresgeb/nmf_stuff/dlPFC/data/batched_nmf/nmf_k80_seed42_tol1e-07_L10.2.rds
2025-11-16T11:27:05Z	90	42	1e-7	0.2	53.759236538410185	/zata/zippy/kresgeb/nmf_stuff/dlPFC/data/batched_nmf/nmf_k90_seed42_tol1e-07_L10.2.rds
2025-11-16T13:02:31Z	100	42	1e-7	0.2	95.34019002914428	/zata/zippy/kresgeb/nmf_stuff/dlPFC/data/batched_nmf/nmf_k100_seed42_tol1e-07_L10.2.rds
2025-11-16T13:04:54Z	10	1029	1e-7	0.2	2.365082800388336	/zata/zippy/kresgeb/nmf_stuff/dlPFC/data/batched_nmf/nmf_k10_seed1029_tol1e-07_L10.2.rds
2025-11-16T13:13:13Z	20	1029	1e-7	0.2	8.284785485267639	/zata/zippy/kresgeb/nmf_stuff/dlPFC/data/batched_nmf/nmf_k20_seed1029_tol1e-07_L10.2.rds
2025-11-16T13:20:12Z	30	1029	1e-7	0.2	6.952744332949321	/zata/zippy/kresgeb/nmf_stuff/dlPFC/data/batched_nmf/nmf_k30_seed1029_tol1e-07_L10.2.rds
2025-11-16T13:30:35Z	40	1029	1e-7	0.2	10.32914530436198	/zata/zippy/kresgeb/nmf_stuff/dlPFC/data/batched_nmf/nmf_k40_seed1029_tol1e-07_L10.2.rds
2025-11-16T13:58:44Z	50	1029	1e-7	0.2	28.10109814008077	/zata/zippy/kresgeb/nmf_stuff/dlPFC/data/batched_nmf/nmf_k50_seed1029_tol1e-07_L10.2.rds
2025-11-16T14:19:05Z	60	1029	1e-7	0.2	20.284321721394857	/zata/zippy/kresgeb/nmf_stuff/dlPFC/data/batched_nmf/nmf_k60_seed1029_tol1e-07_L10.2.rds
2025-11-16T14:50:46Z	70	1029	1e-7	0.2	31.60384178161621	/zata/zippy/kresgeb/nmf_stuff/dlPFC/data/batched_nmf/nmf_k70_seed1029_tol1e-07_L10.2.rds
2025-11-16T15:55:52Z	80	1029	1e-7	0.2	65.00751740137736	/zata/zippy/kresgeb/nmf_stuff/dlPFC/data/batched_nmf/nmf_k80_seed1029_tol1e-07_L10.2.rds
2025-11-16T17:07:12Z	90	1029	1e-7	0.2	71.23944418827692	/zata/zippy/kresgeb/nmf_stuff/dlPFC/data/batched_nmf/nmf_k90_seed1029_tol1e-07_L10.2.rds
2025-11-16T18:16:09Z	100	1029	1e-7	0.2	68.82995076974233	/zata/zippy/kresgeb/nmf_stuff/dlPFC/data/batched_nmf/nmf_k100_seed1029_tol1e-07_L10.2.rds
2025-11-16T18:19:09Z	10	31415	1e-7	0.2	2.9994161764780682	/zata/zippy/kresgeb/nmf_stuff/dlPFC/data/batched_nmf/nmf_k10_seed31415_tol1e-07_L10.2.rds
2025-11-16T18:24:17Z	20	31415	1e-7	0.2	5.101536071300506	/zata/zippy/kresgeb/nmf_stuff/dlPFC/data/batched_nmf/nmf_k20_seed31415_tol1e-07_L10.2.rds
2025-11-16T18:32:22Z	30	31415	1e-7	0.2	8.041438333193462	/zata/zippy/kresgeb/nmf_stuff/dlPFC/data/batched_nmf/nmf_k30_seed31415_tol1e-07_L10.2.rds
2025-11-16T18:46:08Z	40	31415	1e-7	0.2	13.721874022483826	/zata/zippy/kresgeb/nmf_stuff/dlPFC/data/batched_nmf/nmf_k40_seed31415_tol1e-07_L10.2.rds
2025-11-16T19:22:03Z	50	31415	1e-7	0.2	35.862467428048454	/zata/zippy/kresgeb/nmf_stuff/dlPFC/data/batched_nmf/nmf_k50_seed31415_tol1e-07_L10.2.rds
2025-11-16T19:45:48Z	60	31415	1e-7	0.2	23.689076586564383	/zata/zippy/kresgeb/nmf_stuff/dlPFC/data/batched_nmf/nmf_k60_seed31415_tol1e-07_L10.2.rds
2025-11-16T20:46:05Z	70	31415	1e-7	0.2	60.19434665044149	/zata/zippy/kresgeb/nmf_stuff/dlPFC/data/batched_nmf/nmf_k70_seed31415_tol1e-07_L10.2.rds
2025-11-16T21:31:32Z	80	31415	1e-7	0.2	45.37445944945018	/zata/zippy/kresgeb/nmf_stuff/dlPFC/data/batched_nmf/nmf_k80_seed31415_tol1e-07_L10.2.rds
2025-11-16T22:48:56Z	90	31415	1e-7	0.2	77.29496357043584	/zata/zippy/kresgeb/nmf_stuff/dlPFC/data/batched_nmf/nmf_k90_seed31415_tol1e-07_L10.2.rds
2025-11-17T00:36:30Z	100	31415	1e-7	0.2	107.4535829226176	/zata/zippy/kresgeb/nmf_stuff/dlPFC/data/batched_nmf/nmf_k100_seed31415_tol1e-07_L10.2.rds
2025-11-17T00:39:44Z	10	120301	1e-7	0.2	3.2194851199785868	/zata/zippy/kresgeb/nmf_stuff/dlPFC/data/batched_nmf/nmf_k10_seed120301_tol1e-07_L10.2.rds
2025-11-17T00:44:22Z	20	120301	1e-7	0.2	4.609405648708344	/zata/zippy/kresgeb/nmf_stuff/dlPFC/data/batched_nmf/nmf_k20_seed120301_tol1e-07_L10.2.rds
2025-11-17T00:52:11Z	30	120301	1e-7	0.2	7.772101946671804	/zata/zippy/kresgeb/nmf_stuff/dlPFC/data/batched_nmf/nmf_k30_seed120301_tol1e-07_L10.2.rds
2025-11-17T01:08:25Z	40	120301	1e-7	0.2	16.188829489549	/zata/zippy/kresgeb/nmf_stuff/dlPFC/data/batched_nmf/nmf_k40_seed120301_tol1e-07_L10.2.rds
2025-11-17T01:27:36Z	50	120301	1e-7	0.2	19.132203408082326	/zata/zippy/kresgeb/nmf_stuff/dlPFC/data/batched_nmf/nmf_k50_seed120301_tol1e-07_L10.2.rds
2025-11-17T02:27:21Z	60	120301	1e-7	0.2	59.67645899852117	/zata/zippy/kresgeb/nmf_stuff/dlPFC/data/batched_nmf/nmf_k60_seed120301_tol1e-07_L10.2.rds
2025-11-17T03:15:58Z	70	120301	1e-7	0.2	48.5356397708257	/zata/zippy/kresgeb/nmf_stuff/dlPFC/data/batched_nmf/nmf_k70_seed120301_tol1e-07_L10.2.rds
2025-11-17T03:50:32Z	80	120301	1e-7	0.2	34.49054581721624	/zata/zippy/kresgeb/nmf_stuff/dlPFC/data/batched_nmf/nmf_k80_seed120301_tol1e-07_L10.2.rds
2025-11-17T04:44:27Z	90	120301	1e-7	0.2	53.81484215656916	/zata/zippy/kresgeb/nmf_stuff/dlPFC/data/batched_nmf/nmf_k90_seed120301_tol1e-07_L10.2.rds
2025-11-17T06:27:56Z	100	120301	1e-7	0.2	103.36876106659571	/zata/zippy/kresgeb/nmf_stuff/dlPFC/data/batched_nmf/nmf_k100_seed120301_tol1e-07_L10.2.rds
2025-11-17T06:30:17Z	10	2025	1e-7	0.2	2.3348153869311017	/zata/zippy/kresgeb/nmf_stuff/dlPFC/data/batched_nmf/nmf_k10_seed2025_tol1e-07_L10.2.rds
2025-11-17T06:35:59Z	20	2025	1e-7	0.2	5.676143288612366	/zata/zippy/kresgeb/nmf_stuff/dlPFC/data/batched_nmf/nmf_k20_seed2025_tol1e-07_L10.2.rds
2025-11-17T06:48:25Z	30	2025	1e-7	0.2	12.390700467427571	/zata/zippy/kresgeb/nmf_stuff/dlPFC/data/batched_nmf/nmf_k30_seed2025_tol1e-07_L10.2.rds
2025-11-17T07:04:54Z	40	2025	1e-7	0.2	16.441103259722393	/zata/zippy/kresgeb/nmf_stuff/dlPFC/data/batched_nmf/nmf_k40_seed2025_tol1e-07_L10.2.rds
2025-11-17T07:25:54Z	50	2025	1e-7	0.2	20.943244075775148	/zata/zippy/kresgeb/nmf_stuff/dlPFC/data/batched_nmf/nmf_k50_seed2025_tol1e-07_L10.2.rds
2025-11-17T07:56:09Z	60	2025	1e-7	0.2	30.18251181046168	/zata/zippy/kresgeb/nmf_stuff/dlPFC/data/batched_nmf/nmf_k60_seed2025_tol1e-07_L10.2.rds
2025-11-17T08:23:40Z	70	2025	1e-7	0.2	27.439920930067697	/zata/zippy/kresgeb/nmf_stuff/dlPFC/data/batched_nmf/nmf_k70_seed2025_tol1e-07_L10.2.rds
2025-11-17T09:10:03Z	80	2025	1e-7	0.2	46.29057916800181	/zata/zippy/kresgeb/nmf_stuff/dlPFC/data/batched_nmf/nmf_k80_seed2025_tol1e-07_L10.2.rds
2025-11-17T10:14:31Z	90	2025	1e-7	0.2	64.37291102011999	/zata/zippy/kresgeb/nmf_stuff/dlPFC/data/batched_nmf/nmf_k90_seed2025_tol1e-07_L10.2.rds
2025-11-17T11:38:38Z	100	2025	1e-7	0.2	84.02984297672907	/zata/zippy/kresgeb/nmf_stuff/dlPFC/data/batched_nmf/nmf_k100_seed2025_tol1e-07_L10.2.rds
2025-11-17T11:40:55Z	10	42	1e-5	0.5	2.2691797812779746	/zata/zippy/kresgeb/nmf_stuff/dlPFC/data/batched_nmf/nmf_k10_seed42_tol1e-05_L10.5.rds
2025-11-17T11:43:48Z	20	42	1e-5	0.5	2.84679354429245	/zata/zippy/kresgeb/nmf_stuff/dlPFC/data/batched_nmf/nmf_k20_seed42_tol1e-05_L10.5.rds
2025-11-17T11:48:05Z	30	42	1e-5	0.5	4.256834681828817	/zata/zippy/kresgeb/nmf_stuff/dlPFC/data/batched_nmf/nmf_k30_seed42_tol1e-05_L10.5.rds
2025-11-17T11:53:57Z	40	42	1e-5	0.5	5.824922935167948	/zata/zippy/kresgeb/nmf_stuff/dlPFC/data/batched_nmf/nmf_k40_seed42_tol1e-05_L10.5.rds
2025-11-17T12:02:40Z	50	42	1e-5	0.5	8.669422058264415	/zata/zippy/kresgeb/nmf_stuff/dlPFC/data/batched_nmf/nmf_k50_seed42_tol1e-05_L10.5.rds
2025-11-17T12:10:11Z	60	42	1e-5	0.5	7.451193368434906	/zata/zippy/kresgeb/nmf_stuff/dlPFC/data/batched_nmf/nmf_k60_seed42_tol1e-05_L10.5.rds
2025-11-17T12:19:42Z	70	42	1e-5	0.5	9.461704599857331	/zata/zippy/kresgeb/nmf_stuff/dlPFC/data/batched_nmf/nmf_k70_seed42_tol1e-05_L10.5.rds
2025-11-17T12:39:05Z	80	42	1e-5	0.5	19.25054050683975	/zata/zippy/kresgeb/nmf_stuff/dlPFC/data/batched_nmf/nmf_k80_seed42_tol1e-05_L10.5.rds
2025-11-17T13:04:25Z	90	42	1e-5	0.5	25.25107528368632	/zata/zippy/kresgeb/nmf_stuff/dlPFC/data/batched_nmf/nmf_k90_seed42_tol1e-05_L10.5.rds
2025-11-17T13:30:19Z	100	42	1e-5	0.5	25.787254059314726	/zata/zippy/kresgeb/nmf_stuff/dlPFC/data/batched_nmf/nmf_k100_seed42_tol1e-05_L10.5.rds
2025-11-17T13:32:31Z	10	1029	1e-5	0.5	2.1838273843129477	/zata/zippy/kresgeb/nmf_stuff/dlPFC/data/batched_nmf/nmf_k10_seed1029_tol1e-05_L10.5.rds
2025-11-17T13:35:03Z	20	1029	1e-5	0.5	2.5089439431826275	/zata/zippy/kresgeb/nmf_stuff/dlPFC/data/batched_nmf/nmf_k20_seed1029_tol1e-05_L10.5.rds
2025-11-17T13:39:23Z	30	1029	1e-5	0.5	4.30733464161555	/zata/zippy/kresgeb/nmf_stuff/dlPFC/data/batched_nmf/nmf_k30_seed1029_tol1e-05_L10.5.rds
2025-11-17T13:46:08Z	40	1029	1e-5	0.5	6.7031959613164265	/zata/zippy/kresgeb/nmf_stuff/dlPFC/data/batched_nmf/nmf_k40_seed1029_tol1e-05_L10.5.rds
2025-11-17T13:54:12Z	50	1029	1e-5	0.5	8.00847894748052	/zata/zippy/kresgeb/nmf_stuff/dlPFC/data/batched_nmf/nmf_k50_seed1029_tol1e-05_L10.5.rds
2025-11-17T14:03:14Z	60	1029	1e-5	0.5	8.97852707306544	/zata/zippy/kresgeb/nmf_stuff/dlPFC/data/batched_nmf/nmf_k60_seed1029_tol1e-05_L10.5.rds
2025-11-17T14:17:39Z	70	1029	1e-5	0.5	14.340138606230418	/zata/zippy/kresgeb/nmf_stuff/dlPFC/data/batched_nmf/nmf_k70_seed1029_tol1e-05_L10.5.rds
2025-11-17T14:30:52Z	80	1029	1e-5	0.5	13.131349309285481	/zata/zippy/kresgeb/nmf_stuff/dlPFC/data/batched_nmf/nmf_k80_seed1029_tol1e-05_L10.5.rds
2025-11-17T14:53:23Z	90	1029	1e-5	0.5	22.4075442870458	/zata/zippy/kresgeb/nmf_stuff/dlPFC/data/batched_nmf/nmf_k90_seed1029_tol1e-05_L10.5.rds
2025-11-17T15:14:18Z	100	1029	1e-5	0.5	20.800115152200064	/zata/zippy/kresgeb/nmf_stuff/dlPFC/data/batched_nmf/nmf_k100_seed1029_tol1e-05_L10.5.rds
2025-11-17T15:17:44Z	10	31415	1e-5	0.5	3.4248056848843893	/zata/zippy/kresgeb/nmf_stuff/dlPFC/data/batched_nmf/nmf_k10_seed31415_tol1e-05_L10.5.rds
2025-11-17T15:22:14Z	20	31415	1e-5	0.5	4.463924694061279	/zata/zippy/kresgeb/nmf_stuff/dlPFC/data/batched_nmf/nmf_k20_seed31415_tol1e-05_L10.5.rds
2025-11-17T15:26:45Z	30	31415	1e-5	0.5	4.485062082608541	/zata/zippy/kresgeb/nmf_stuff/dlPFC/data/batched_nmf/nmf_k30_seed31415_tol1e-05_L10.5.rds
2025-11-17T15:33:11Z	40	31415	1e-5	0.5	6.382070430119833	/zata/zippy/kresgeb/nmf_stuff/dlPFC/data/batched_nmf/nmf_k40_seed31415_tol1e-05_L10.5.rds
2025-11-17T15:40:48Z	50	31415	1e-5	0.5	7.564790892601013	/zata/zippy/kresgeb/nmf_stuff/dlPFC/data/batched_nmf/nmf_k50_seed31415_tol1e-05_L10.5.rds
2025-11-17T15:50:00Z	60	31415	1e-5	0.5	9.132114799817403	/zata/zippy/kresgeb/nmf_stuff/dlPFC/data/batched_nmf/nmf_k60_seed31415_tol1e-05_L10.5.rds
2025-11-17T16:04:42Z	70	31415	1e-5	0.5	14.626907857259114	/zata/zippy/kresgeb/nmf_stuff/dlPFC/data/batched_nmf/nmf_k70_seed31415_tol1e-05_L10.5.rds
2025-11-17T16:16:08Z	80	31415	1e-5	0.5	11.3315704981486	/zata/zippy/kresgeb/nmf_stuff/dlPFC/data/batched_nmf/nmf_k80_seed31415_tol1e-05_L10.5.rds
2025-11-17T16:35:45Z	90	31415	1e-5	0.5	19.525371766090394	/zata/zippy/kresgeb/nmf_stuff/dlPFC/data/batched_nmf/nmf_k90_seed31415_tol1e-05_L10.5.rds
2025-11-17T16:55:26Z	100	31415	1e-5	0.5	19.58723763227463	/zata/zippy/kresgeb/nmf_stuff/dlPFC/data/batched_nmf/nmf_k100_seed31415_tol1e-05_L10.5.rds
2025-11-17T16:57:54Z	10	120301	1e-5	0.5	2.443430999914805	/zata/zippy/kresgeb/nmf_stuff/dlPFC/data/batched_nmf/nmf_k10_seed120301_tol1e-05_L10.5.rds
2025-11-17T17:01:15Z	20	120301	1e-5	0.5	3.3284220735232037	/zata/zippy/kresgeb/nmf_stuff/dlPFC/data/batched_nmf/nmf_k20_seed120301_tol1e-05_L10.5.rds
2025-11-17T17:05:35Z	30	120301	1e-5	0.5	4.29567121664683	/zata/zippy/kresgeb/nmf_stuff/dlPFC/data/batched_nmf/nmf_k30_seed120301_tol1e-05_L10.5.rds
2025-11-17T17:11:51Z	40	120301	1e-5	0.5	6.225001513957977	/zata/zippy/kresgeb/nmf_stuff/dlPFC/data/batched_nmf/nmf_k40_seed120301_tol1e-05_L10.5.rds
2025-11-17T17:19:47Z	50	120301	1e-5	0.5	7.878613324960073	/zata/zippy/kresgeb/nmf_stuff/dlPFC/data/batched_nmf/nmf_k50_seed120301_tol1e-05_L10.5.rds
2025-11-17T17:31:51Z	60	120301	1e-5	0.5	12.00339733362198	/zata/zippy/kresgeb/nmf_stuff/dlPFC/data/batched_nmf/nmf_k60_seed120301_tol1e-05_L10.5.rds
2025-11-17T17:48:26Z	70	120301	1e-5	0.5	16.502758824825285	/zata/zippy/kresgeb/nmf_stuff/dlPFC/data/batched_nmf/nmf_k70_seed120301_tol1e-05_L10.5.rds
2025-11-17T18:02:16Z	80	120301	1e-5	0.5	13.746628085772196	/zata/zippy/kresgeb/nmf_stuff/dlPFC/data/batched_nmf/nmf_k80_seed120301_tol1e-05_L10.5.rds
2025-11-17T18:22:34Z	90	120301	1e-5	0.5	20.223881947994233	/zata/zippy/kresgeb/nmf_stuff/dlPFC/data/batched_nmf/nmf_k90_seed120301_tol1e-05_L10.5.rds
2025-11-17T18:43:17Z	100	120301	1e-5	0.5	20.60505830446879	/zata/zippy/kresgeb/nmf_stuff/dlPFC/data/batched_nmf/nmf_k100_seed120301_tol1e-05_L10.5.rds
2025-11-17T18:45:13Z	10	2025	1e-5	0.5	1.9260605454444886	/zata/zippy/kresgeb/nmf_stuff/dlPFC/data/batched_nmf/nmf_k10_seed2025_tol1e-05_L10.5.rds
2025-11-17T18:49:07Z	20	2025	1e-5	0.5	3.87544823884964	/zata/zippy/kresgeb/nmf_stuff/dlPFC/data/batched_nmf/nmf_k20_seed2025_tol1e-05_L10.5.rds
2025-11-17T18:52:45Z	30	2025	1e-5	0.5	3.6013623317082724	/zata/zippy/kresgeb/nmf_stuff/dlPFC/data/batched_nmf/nmf_k30_seed2025_tol1e-05_L10.5.rds
2025-11-17T18:59:34Z	40	2025	1e-5	0.5	6.781179928779602	/zata/zippy/kresgeb/nmf_stuff/dlPFC/data/batched_nmf/nmf_k40_seed2025_tol1e-05_L10.5.rds
2025-11-17T19:07:17Z	50	2025	1e-5	0.5	7.660244278113047	/zata/zippy/kresgeb/nmf_stuff/dlPFC/data/batched_nmf/nmf_k50_seed2025_tol1e-05_L10.5.rds
2025-11-17T19:18:01Z	60	2025	1e-5	0.5	10.679937565326691	/zata/zippy/kresgeb/nmf_stuff/dlPFC/data/batched_nmf/nmf_k60_seed2025_tol1e-05_L10.5.rds
2025-11-17T19:31:33Z	70	2025	1e-5	0.5	13.449514551957447	/zata/zippy/kresgeb/nmf_stuff/dlPFC/data/batched_nmf/nmf_k70_seed2025_tol1e-05_L10.5.rds
2025-11-17T19:45:43Z	80	2025	1e-5	0.5	14.090173184871674	/zata/zippy/kresgeb/nmf_stuff/dlPFC/data/batched_nmf/nmf_k80_seed2025_tol1e-05_L10.5.rds
2025-11-17T20:20:19Z	90	2025	1e-5	0.5	18.58588631550471	/zata/zippy/kresgeb/nmf_stuff/dlPFC/data/batched_nmf/nmf_k90_seed2025_tol1e-05_L10.5.rds
2025-11-17T20:39:03Z	100	2025	1e-5	0.5	18.629132604599	/zata/zippy/kresgeb/nmf_stuff/dlPFC/data/batched_nmf/nmf_k100_seed2025_tol1e-05_L10.5.rds
2025-11-17T20:41:59Z	10	42	1e-6	0.5	2.9228678981463116	/zata/zippy/kresgeb/nmf_stuff/dlPFC/data/batched_nmf/nmf_k10_seed42_tol1e-06_L10.5.rds
2025-11-17T20:47:36Z	20	42	1e-6	0.5	5.592621393998464	/zata/zippy/kresgeb/nmf_stuff/dlPFC/data/batched_nmf/nmf_k20_seed42_tol1e-06_L10.5.rds
2025-11-17T20:56:46Z	30	42	1e-6	0.5	9.129282601674397	/zata/zippy/kresgeb/nmf_stuff/dlPFC/data/batched_nmf/nmf_k30_seed42_tol1e-06_L10.5.rds
2025-11-17T21:05:32Z	40	42	1e-6	0.5	8.737987224260966	/zata/zippy/kresgeb/nmf_stuff/dlPFC/data/batched_nmf/nmf_k40_seed42_tol1e-06_L10.5.rds
2025-11-17T21:16:02Z	50	42	1e-6	0.5	10.446272460619609	/zata/zippy/kresgeb/nmf_stuff/dlPFC/data/batched_nmf/nmf_k50_seed42_tol1e-06_L10.5.rds
2025-11-17T21:35:56Z	60	42	1e-6	0.5	19.845635171731313	/zata/zippy/kresgeb/nmf_stuff/dlPFC/data/batched_nmf/nmf_k60_seed42_tol1e-06_L10.5.rds
2025-11-17T22:06:27Z	70	42	1e-6	0.5	30.452184891700746	/zata/zippy/kresgeb/nmf_stuff/dlPFC/data/batched_nmf/nmf_k70_seed42_tol1e-06_L10.5.rds
2025-11-17T22:27:32Z	80	42	1e-6	0.5	20.992211854457857	/zata/zippy/kresgeb/nmf_stuff/dlPFC/data/batched_nmf/nmf_k80_seed42_tol1e-06_L10.5.rds
2025-11-17T23:13:05Z	90	42	1e-6	0.5	45.47687786022822	/zata/zippy/kresgeb/nmf_stuff/dlPFC/data/batched_nmf/nmf_k90_seed42_tol1e-06_L10.5.rds
2025-11-17T23:54:20Z	100	42	1e-6	0.5	41.14804171323776	/zata/zippy/kresgeb/nmf_stuff/dlPFC/data/batched_nmf/nmf_k100_seed42_tol1e-06_L10.5.rds
2025-11-17T23:56:31Z	10	1029	1e-6	0.5	2.1778780778249103	/zata/zippy/kresgeb/nmf_stuff/dlPFC/data/batched_nmf/nmf_k10_seed1029_tol1e-06_L10.5.rds
2025-11-18T00:00:06Z	20	1029	1e-6	0.5	3.556057806809743	/zata/zippy/kresgeb/nmf_stuff/dlPFC/data/batched_nmf/nmf_k20_seed1029_tol1e-06_L10.5.rds
2025-11-18T00:06:06Z	30	1029	1e-6	0.5	5.976114539305369	/zata/zippy/kresgeb/nmf_stuff/dlPFC/data/batched_nmf/nmf_k30_seed1029_tol1e-06_L10.5.rds
2025-11-18T00:15:00Z	40	1029	1e-6	0.5	8.863046296437581	/zata/zippy/kresgeb/nmf_stuff/dlPFC/data/batched_nmf/nmf_k40_seed1029_tol1e-06_L10.5.rds
2025-11-18T00:24:15Z	50	1029	1e-6	0.5	9.186095988750457	/zata/zippy/kresgeb/nmf_stuff/dlPFC/data/batched_nmf/nmf_k50_seed1029_tol1e-06_L10.5.rds
2025-11-18T00:42:48Z	60	1029	1e-6	0.5	18.498433391253155	/zata/zippy/kresgeb/nmf_stuff/dlPFC/data/batched_nmf/nmf_k60_seed1029_tol1e-06_L10.5.rds
2025-11-18T01:10:06Z	70	1029	1e-6	0.5	27.2336524327596	/zata/zippy/kresgeb/nmf_stuff/dlPFC/data/batched_nmf/nmf_k70_seed1029_tol1e-06_L10.5.rds
2025-11-18T01:35:35Z	80	1029	1e-6	0.5	25.414694690704344	/zata/zippy/kresgeb/nmf_stuff/dlPFC/data/batched_nmf/nmf_k80_seed1029_tol1e-06_L10.5.rds
2025-11-18T02:13:32Z	90	1029	1e-6	0.5	37.85580040216446	/zata/zippy/kresgeb/nmf_stuff/dlPFC/data/batched_nmf/nmf_k90_seed1029_tol1e-06_L10.5.rds
2025-11-18T02:54:33Z	100	1029	1e-6	0.5	40.93178010384242	/zata/zippy/kresgeb/nmf_stuff/dlPFC/data/batched_nmf/nmf_k100_seed1029_tol1e-06_L10.5.rds
2025-11-18T02:57:08Z	10	31415	1e-6	0.5	2.5682987650235494	/zata/zippy/kresgeb/nmf_stuff/dlPFC/data/batched_nmf/nmf_k10_seed31415_tol1e-06_L10.5.rds
2025-11-18T03:00:55Z	20	31415	1e-6	0.5	3.7550350109736126	/zata/zippy/kresgeb/nmf_stuff/dlPFC/data/batched_nmf/nmf_k20_seed31415_tol1e-06_L10.5.rds
2025-11-18T03:05:57Z	30	31415	1e-6	0.5	4.99813537200292	/zata/zippy/kresgeb/nmf_stuff/dlPFC/data/batched_nmf/nmf_k30_seed31415_tol1e-06_L10.5.rds
2025-11-18T03:12:44Z	40	31415	1e-6	0.5	6.753172039985657	/zata/zippy/kresgeb/nmf_stuff/dlPFC/data/batched_nmf/nmf_k40_seed31415_tol1e-06_L10.5.rds
2025-11-18T03:29:17Z	50	31415	1e-6	0.5	16.50447018543879	/zata/zippy/kresgeb/nmf_stuff/dlPFC/data/batched_nmf/nmf_k50_seed31415_tol1e-06_L10.5.rds
2025-11-18T03:43:03Z	60	31415	1e-6	0.5	13.707137564818064	/zata/zippy/kresgeb/nmf_stuff/dlPFC/data/batched_nmf/nmf_k60_seed31415_tol1e-06_L10.5.rds
2025-11-18T03:58:44Z	70	31415	1e-6	0.5	15.60473926862081	/zata/zippy/kresgeb/nmf_stuff/dlPFC/data/batched_nmf/nmf_k70_seed31415_tol1e-06_L10.5.rds
2025-11-18T04:20:32Z	80	31415	1e-6	0.5	21.728402856985728	/zata/zippy/kresgeb/nmf_stuff/dlPFC/data/batched_nmf/nmf_k80_seed31415_tol1e-06_L10.5.rds
2025-11-18T04:49:44Z	90	31415	1e-6	0.5	29.116919561227164	/zata/zippy/kresgeb/nmf_stuff/dlPFC/data/batched_nmf/nmf_k90_seed31415_tol1e-06_L10.5.rds
2025-11-18T05:41:15Z	100	31415	1e-6	0.5	51.430748120943704	/zata/zippy/kresgeb/nmf_stuff/dlPFC/data/batched_nmf/nmf_k100_seed31415_tol1e-06_L10.5.rds
2025-11-18T05:43:33Z	10	120301	1e-6	0.5	2.285797107219696	/zata/zippy/kresgeb/nmf_stuff/dlPFC/data/batched_nmf/nmf_k10_seed120301_tol1e-06_L10.5.rds
2025-11-18T05:48:34Z	20	120301	1e-6	0.5	4.987116042772929	/zata/zippy/kresgeb/nmf_stuff/dlPFC/data/batched_nmf/nmf_k20_seed120301_tol1e-06_L10.5.rds
2025-11-18T05:52:58Z	30	120301	1e-6	0.5	4.368807697296143	/zata/zippy/kresgeb/nmf_stuff/dlPFC/data/batched_nmf/nmf_k30_seed120301_tol1e-06_L10.5.rds
2025-11-18T06:00:46Z	40	120301	1e-6	0.5	7.766010602315267	/zata/zippy/kresgeb/nmf_stuff/dlPFC/data/batched_nmf/nmf_k40_seed120301_tol1e-06_L10.5.rds
2025-11-18T06:09:42Z	50	120301	1e-6	0.5	8.891498629252116	/zata/zippy/kresgeb/nmf_stuff/dlPFC/data/batched_nmf/nmf_k50_seed120301_tol1e-06_L10.5.rds
2025-11-18T06:28:15Z	60	120301	1e-6	0.5	18.481884479522705	/zata/zippy/kresgeb/nmf_stuff/dlPFC/data/batched_nmf/nmf_k60_seed120301_tol1e-06_L10.5.rds
2025-11-18T06:46:44Z	70	120301	1e-6	0.5	18.422702078024546	/zata/zippy/kresgeb/nmf_stuff/dlPFC/data/batched_nmf/nmf_k70_seed120301_tol1e-06_L10.5.rds
2025-11-18T07:11:12Z	80	120301	1e-6	0.5	24.388035893440247	/zata/zippy/kresgeb/nmf_stuff/dlPFC/data/batched_nmf/nmf_k80_seed120301_tol1e-06_L10.5.rds
2025-11-18T07:35:44Z	90	120301	1e-6	0.5	24.444269625345864	/zata/zippy/kresgeb/nmf_stuff/dlPFC/data/batched_nmf/nmf_k90_seed120301_tol1e-06_L10.5.rds
2025-11-18T08:14:37Z	100	120301	1e-6	0.5	38.7969016512235	/zata/zippy/kresgeb/nmf_stuff/dlPFC/data/batched_nmf/nmf_k100_seed120301_tol1e-06_L10.5.rds
2025-11-18T08:16:42Z	10	2025	1e-6	0.5	2.0597778956095376	/zata/zippy/kresgeb/nmf_stuff/dlPFC/data/batched_nmf/nmf_k10_seed2025_tol1e-06_L10.5.rds
2025-11-18T08:21:00Z	20	2025	1e-6	0.5	4.290226686000824	/zata/zippy/kresgeb/nmf_stuff/dlPFC/data/batched_nmf/nmf_k20_seed2025_tol1e-06_L10.5.rds
2025-11-18T08:28:24Z	30	2025	1e-6	0.5	7.367210602760315	/zata/zippy/kresgeb/nmf_stuff/dlPFC/data/batched_nmf/nmf_k30_seed2025_tol1e-06_L10.5.rds
2025-11-18T08:35:52Z	40	2025	1e-6	0.5	7.428439740339915	/zata/zippy/kresgeb/nmf_stuff/dlPFC/data/batched_nmf/nmf_k40_seed2025_tol1e-06_L10.5.rds
2025-11-18T08:46:07Z	50	2025	1e-6	0.5	10.196061519781749	/zata/zippy/kresgeb/nmf_stuff/dlPFC/data/batched_nmf/nmf_k50_seed2025_tol1e-06_L10.5.rds
2025-11-18T09:04:13Z	60	2025	1e-6	0.5	18.043517303466796	/zata/zippy/kresgeb/nmf_stuff/dlPFC/data/batched_nmf/nmf_k60_seed2025_tol1e-06_L10.5.rds
2025-11-18T09:28:47Z	70	2025	1e-6	0.5	24.494435830911	/zata/zippy/kresgeb/nmf_stuff/dlPFC/data/batched_nmf/nmf_k70_seed2025_tol1e-06_L10.5.rds
2025-11-18T09:59:50Z	80	2025	1e-6	0.5	30.982291972637178	/zata/zippy/kresgeb/nmf_stuff/dlPFC/data/batched_nmf/nmf_k80_seed2025_tol1e-06_L10.5.rds
2025-11-18T10:30:52Z	90	2025	1e-6	0.5	30.943097384770713	/zata/zippy/kresgeb/nmf_stuff/dlPFC/data/batched_nmf/nmf_k90_seed2025_tol1e-06_L10.5.rds
2025-11-18T11:16:37Z	100	2025	1e-6	0.5	45.66249483029048	/zata/zippy/kresgeb/nmf_stuff/dlPFC/data/batched_nmf/nmf_k100_seed2025_tol1e-06_L10.5.rds
2025-11-18T11:19:47Z	10	42	1e-7	0.5	3.144613293806712	/zata/zippy/kresgeb/nmf_stuff/dlPFC/data/batched_nmf/nmf_k10_seed42_tol1e-07_L10.5.rds
2025-11-18T11:26:02Z	20	42	1e-7	0.5	6.238649181524912	/zata/zippy/kresgeb/nmf_stuff/dlPFC/data/batched_nmf/nmf_k20_seed42_tol1e-07_L10.5.rds
2025-11-18T11:35:37Z	30	42	1e-7	0.5	9.538580854733786	/zata/zippy/kresgeb/nmf_stuff/dlPFC/data/batched_nmf/nmf_k30_seed42_tol1e-07_L10.5.rds
2025-11-18T11:51:42Z	40	42	1e-7	0.5	16.045883135000864	/zata/zippy/kresgeb/nmf_stuff/dlPFC/data/batched_nmf/nmf_k40_seed42_tol1e-07_L10.5.rds
2025-11-18T12:04:58Z	50	42	1e-7	0.5	13.223949714501698	/zata/zippy/kresgeb/nmf_stuff/dlPFC/data/batched_nmf/nmf_k50_seed42_tol1e-07_L10.5.rds
2025-11-18T12:28:20Z	60	42	1e-7	0.5	23.308270263671876	/zata/zippy/kresgeb/nmf_stuff/dlPFC/data/batched_nmf/nmf_k60_seed42_tol1e-07_L10.5.rds
2025-11-18T13:03:14Z	70	42	1e-7	0.5	34.8289648214976	/zata/zippy/kresgeb/nmf_stuff/dlPFC/data/batched_nmf/nmf_k70_seed42_tol1e-07_L10.5.rds
2025-11-18T13:59:09Z	80	42	1e-7	0.5	55.83944581747055	/zata/zippy/kresgeb/nmf_stuff/dlPFC/data/batched_nmf/nmf_k80_seed42_tol1e-07_L10.5.rds
2025-11-18T15:16:02Z	90	42	1e-7	0.5	76.80245813926061	/zata/zippy/kresgeb/nmf_stuff/dlPFC/data/batched_nmf/nmf_k90_seed42_tol1e-07_L10.5.rds
2025-11-18T16:36:48Z	100	42	1e-7	0.5	80.67160025040309	/zata/zippy/kresgeb/nmf_stuff/dlPFC/data/batched_nmf/nmf_k100_seed42_tol1e-07_L10.5.rds
2025-11-18T16:39:04Z	10	1029	1e-7	0.5	2.254092291990916	/zata/zippy/kresgeb/nmf_stuff/dlPFC/data/batched_nmf/nmf_k10_seed1029_tol1e-07_L10.5.rds
2025-11-18T16:45:07Z	20	1029	1e-7	0.5	6.0178528189659115	/zata/zippy/kresgeb/nmf_stuff/dlPFC/data/batched_nmf/nmf_k20_seed1029_tol1e-07_L10.5.rds
2025-11-18T16:51:24Z	30	1029	1e-7	0.5	6.265132439136505	/zata/zippy/kresgeb/nmf_stuff/dlPFC/data/batched_nmf/nmf_k30_seed1029_tol1e-07_L10.5.rds
2025-11-18T17:04:25Z	40	1029	1e-7	0.5	12.964745612939199	/zata/zippy/kresgeb/nmf_stuff/dlPFC/data/batched_nmf/nmf_k40_seed1029_tol1e-07_L10.5.rds
2025-11-18T17:16:57Z	50	1029	1e-7	0.5	12.491628932952882	/zata/zippy/kresgeb/nmf_stuff/dlPFC/data/batched_nmf/nmf_k50_seed1029_tol1e-07_L10.5.rds
2025-11-18T17:37:03Z	60	1029	1e-7	0.5	20.046967673301697	/zata/zippy/kresgeb/nmf_stuff/dlPFC/data/batched_nmf/nmf_k60_seed1029_tol1e-07_L10.5.rds
2025-11-18T18:05:15Z	70	1029	1e-7	0.5	28.12752939860026	/zata/zippy/kresgeb/nmf_stuff/dlPFC/data/batched_nmf/nmf_k70_seed1029_tol1e-07_L10.5.rds
2025-11-18T19:00:59Z	80	1029	1e-7	0.5	55.65272665818532	/zata/zippy/kresgeb/nmf_stuff/dlPFC/data/batched_nmf/nmf_k80_seed1029_tol1e-07_L10.5.rds
2025-11-18T19:58:38Z	90	1029	1e-7	0.5	57.57282664775848	/zata/zippy/kresgeb/nmf_stuff/dlPFC/data/batched_nmf/nmf_k90_seed1029_tol1e-07_L10.5.rds
2025-11-18T21:02:57Z	100	1029	1e-7	0.5	64.228517695268	/zata/zippy/kresgeb/nmf_stuff/dlPFC/data/batched_nmf/nmf_k100_seed1029_tol1e-07_L10.5.rds
2025-11-18T21:05:49Z	10	31415	1e-7	0.5	2.845305073261261	/zata/zippy/kresgeb/nmf_stuff/dlPFC/data/batched_nmf/nmf_k10_seed31415_tol1e-07_L10.5.rds
2025-11-18T21:09:34Z	20	31415	1e-7	0.5	3.729979677995046	/zata/zippy/kresgeb/nmf_stuff/dlPFC/data/batched_nmf/nmf_k20_seed31415_tol1e-07_L10.5.rds
2025-11-18T21:15:23Z	30	31415	1e-7	0.5	5.776862355073293	/zata/zippy/kresgeb/nmf_stuff/dlPFC/data/batched_nmf/nmf_k30_seed31415_tol1e-07_L10.5.rds
2025-11-18T21:23:58Z	40	31415	1e-7	0.5	8.552787725130717	/zata/zippy/kresgeb/nmf_stuff/dlPFC/data/batched_nmf/nmf_k40_seed31415_tol1e-07_L10.5.rds
2025-11-18T21:44:15Z	50	31415	1e-7	0.5	20.230868701140086	/zata/zippy/kresgeb/nmf_stuff/dlPFC/data/batched_nmf/nmf_k50_seed31415_tol1e-07_L10.5.rds
2025-11-18T22:20:04Z	60	31415	1e-7	0.5	35.76186302105586	/zata/zippy/kresgeb/nmf_stuff/dlPFC/data/batched_nmf/nmf_k60_seed31415_tol1e-07_L10.5.rds
2025-11-18T22:49:32Z	70	31415	1e-7	0.5	29.395788212617237	/zata/zippy/kresgeb/nmf_stuff/dlPFC/data/batched_nmf/nmf_k70_seed31415_tol1e-07_L10.5.rds
2025-11-18T23:17:57Z	80	31415	1e-7	0.5	28.32668271859487	/zata/zippy/kresgeb/nmf_stuff/dlPFC/data/batched_nmf/nmf_k80_seed31415_tol1e-07_L10.5.rds
2025-11-19T00:19:50Z	90	31415	1e-7	0.5	61.80270133018494	/zata/zippy/kresgeb/nmf_stuff/dlPFC/data/batched_nmf/nmf_k90_seed31415_tol1e-07_L10.5.rds
2025-11-19T01:16:35Z	100	31415	1e-7	0.5	56.651213280359904	/zata/zippy/kresgeb/nmf_stuff/dlPFC/data/batched_nmf/nmf_k100_seed31415_tol1e-07_L10.5.rds
2025-11-19T01:19:01Z	10	120301	1e-7	0.5	2.4108420689900716	/zata/zippy/kresgeb/nmf_stuff/dlPFC/data/batched_nmf/nmf_k10_seed120301_tol1e-07_L10.5.rds
2025-11-19T01:25:20Z	20	120301	1e-7	0.5	6.307225847244263	/zata/zippy/kresgeb/nmf_stuff/dlPFC/data/batched_nmf/nmf_k20_seed120301_tol1e-07_L10.5.rds
2025-11-19T01:36:55Z	30	120301	1e-7	0.5	11.537843179702758	/zata/zippy/kresgeb/nmf_stuff/dlPFC/data/batched_nmf/nmf_k30_seed120301_tol1e-07_L10.5.rds
2025-11-19T01:53:58Z	40	120301	1e-7	0.5	17.019289517402648	/zata/zippy/kresgeb/nmf_stuff/dlPFC/data/batched_nmf/nmf_k40_seed120301_tol1e-07_L10.5.rds
2025-11-19T02:07:14Z	50	120301	1e-7	0.5	13.209967807928722	/zata/zippy/kresgeb/nmf_stuff/dlPFC/data/batched_nmf/nmf_k50_seed120301_tol1e-07_L10.5.rds
2025-11-19T02:36:25Z	60	120301	1e-7	0.5	29.12555546760559	/zata/zippy/kresgeb/nmf_stuff/dlPFC/data/batched_nmf/nmf_k60_seed120301_tol1e-07_L10.5.rds
2025-11-19T03:34:47Z	70	120301	1e-7	0.5	58.302846451600395	/zata/zippy/kresgeb/nmf_stuff/dlPFC/data/batched_nmf/nmf_k70_seed120301_tol1e-07_L10.5.rds
2025-11-19T04:26:16Z	80	120301	1e-7	0.5	51.40515956083934	/zata/zippy/kresgeb/nmf_stuff/dlPFC/data/batched_nmf/nmf_k80_seed120301_tol1e-07_L10.5.rds
2025-11-19T05:23:52Z	90	120301	1e-7	0.5	57.514923961957294	/zata/zippy/kresgeb/nmf_stuff/dlPFC/data/batched_nmf/nmf_k90_seed120301_tol1e-07_L10.5.rds
2025-11-19T06:50:35Z	100	120301	1e-7	0.5	86.63369807004929	/zata/zippy/kresgeb/nmf_stuff/dlPFC/data/batched_nmf/nmf_k100_seed120301_tol1e-07_L10.5.rds
2025-11-19T06:52:43Z	10	2025	1e-7	0.5	2.107337967554728	/zata/zippy/kresgeb/nmf_stuff/dlPFC/data/batched_nmf/nmf_k10_seed2025_tol1e-07_L10.5.rds
2025-11-19T06:57:43Z	20	2025	1e-7	0.5	4.977115499973297	/zata/zippy/kresgeb/nmf_stuff/dlPFC/data/batched_nmf/nmf_k20_seed2025_tol1e-07_L10.5.rds
2025-11-19T07:05:58Z	30	2025	1e-7	0.5	8.224327405293783	/zata/zippy/kresgeb/nmf_stuff/dlPFC/data/batched_nmf/nmf_k30_seed2025_tol1e-07_L10.5.rds
2025-11-19T07:23:10Z	40	2025	1e-7	0.5	17.167096094290414	/zata/zippy/kresgeb/nmf_stuff/dlPFC/data/batched_nmf/nmf_k40_seed2025_tol1e-07_L10.5.rds
2025-11-19T07:36:59Z	50	2025	1e-7	0.5	13.769350790977478	/zata/zippy/kresgeb/nmf_stuff/dlPFC/data/batched_nmf/nmf_k50_seed2025_tol1e-07_L10.5.rds
2025-11-19T08:34:03Z	60	2025	1e-7	0.5	57.01104193528493	/zata/zippy/kresgeb/nmf_stuff/dlPFC/data/batched_nmf/nmf_k60_seed2025_tol1e-07_L10.5.rds
2025-11-19T08:59:59Z	70	2025	1e-7	0.5	25.85891902844111	/zata/zippy/kresgeb/nmf_stuff/dlPFC/data/batched_nmf/nmf_k70_seed2025_tol1e-07_L10.5.rds
2025-11-19T10:03:10Z	80	2025	1e-7	0.5	63.104385538895926	/zata/zippy/kresgeb/nmf_stuff/dlPFC/data/batched_nmf/nmf_k80_seed2025_tol1e-07_L10.5.rds
2025-11-19T10:38:16Z	90	2025	1e-7	0.5	35.017206223805744	/zata/zippy/kresgeb/nmf_stuff/dlPFC/data/batched_nmf/nmf_k90_seed2025_tol1e-07_L10.5.rds
2025-11-19T11:26:55Z	100	2025	1e-7	0.5	48.564511966705325	/zata/zippy/kresgeb/nmf_stuff/dlPFC/data/batched_nmf/nmf_k100_seed2025_tol1e-07_L10.5.rds
2025-11-19T11:29:07Z	10	42	1e-5	0.7	2.173550013701121	/zata/zippy/kresgeb/nmf_stuff/dlPFC/data/batched_nmf/nmf_k10_seed42_tol1e-05_L10.7.rds
2025-11-19T11:32:34Z	20	42	1e-5	0.7	3.4399943232536314	/zata/zippy/kresgeb/nmf_stuff/dlPFC/data/batched_nmf/nmf_k20_seed42_tol1e-05_L10.7.rds
2025-11-19T11:37:31Z	30	42	1e-5	0.7	4.923536511262258	/zata/zippy/kresgeb/nmf_stuff/dlPFC/data/batched_nmf/nmf_k30_seed42_tol1e-05_L10.7.rds
2025-11-19T11:45:55Z	40	42	1e-5	0.7	8.345340951283772	/zata/zippy/kresgeb/nmf_stuff/dlPFC/data/batched_nmf/nmf_k40_seed42_tol1e-05_L10.7.rds
2025-11-19T11:55:10Z	50	42	1e-5	0.7	9.205978651841482	/zata/zippy/kresgeb/nmf_stuff/dlPFC/data/batched_nmf/nmf_k50_seed42_tol1e-05_L10.7.rds
2025-11-19T12:04:40Z	60	42	1e-5	0.7	9.449826494852703	/zata/zippy/kresgeb/nmf_stuff/dlPFC/data/batched_nmf/nmf_k60_seed42_tol1e-05_L10.7.rds
2025-11-19T12:16:59Z	70	42	1e-5	0.7	12.250011984507243	/zata/zippy/kresgeb/nmf_stuff/dlPFC/data/batched_nmf/nmf_k70_seed42_tol1e-05_L10.7.rds
2025-11-19T12:31:49Z	80	42	1e-5	0.7	14.750594890117645	/zata/zippy/kresgeb/nmf_stuff/dlPFC/data/batched_nmf/nmf_k80_seed42_tol1e-05_L10.7.rds
2025-11-19T12:48:04Z	90	42	1e-5	0.7	16.17125931978226	/zata/zippy/kresgeb/nmf_stuff/dlPFC/data/batched_nmf/nmf_k90_seed42_tol1e-05_L10.7.rds
2025-11-19T13:06:29Z	100	42	1e-5	0.7	18.318268934885662	/zata/zippy/kresgeb/nmf_stuff/dlPFC/data/batched_nmf/nmf_k100_seed42_tol1e-05_L10.7.rds
2025-11-19T13:09:07Z	10	1029	1e-5	0.7	2.6340161601702374	/zata/zippy/kresgeb/nmf_stuff/dlPFC/data/batched_nmf/nmf_k10_seed1029_tol1e-05_L10.7.rds
2025-11-19T13:12:09Z	20	1029	1e-5	0.7	2.999710543950399	/zata/zippy/kresgeb/nmf_stuff/dlPFC/data/batched_nmf/nmf_k20_seed1029_tol1e-05_L10.7.rds
2025-11-19T13:16:00Z	30	1029	1e-5	0.7	3.829767870903015	/zata/zippy/kresgeb/nmf_stuff/dlPFC/data/batched_nmf/nmf_k30_seed1029_tol1e-05_L10.7.rds
2025-11-19T13:26:03Z	40	1029	1e-5	0.7	10.008559616406759	/zata/zippy/kresgeb/nmf_stuff/dlPFC/data/batched_nmf/nmf_k40_seed1029_tol1e-05_L10.7.rds
2025-11-19T13:32:51Z	50	1029	1e-5	0.7	6.754163412253062	/zata/zippy/kresgeb/nmf_stuff/dlPFC/data/batched_nmf/nmf_k50_seed1029_tol1e-05_L10.7.rds
2025-11-19T13:40:53Z	60	1029	1e-5	0.7	7.973308730125427	/zata/zippy/kresgeb/nmf_stuff/dlPFC/data/batched_nmf/nmf_k60_seed1029_tol1e-05_L10.7.rds
2025-11-19T13:52:01Z	70	1029	1e-5	0.7	11.069992490609486	/zata/zippy/kresgeb/nmf_stuff/dlPFC/data/batched_nmf/nmf_k70_seed1029_tol1e-05_L10.7.rds
2025-11-19T14:07:20Z	80	1029	1e-5	0.7	15.243450140953064	/zata/zippy/kresgeb/nmf_stuff/dlPFC/data/batched_nmf/nmf_k80_seed1029_tol1e-05_L10.7.rds
2025-11-19T14:33:44Z	90	1029	1e-5	0.7	26.31448878844579	/zata/zippy/kresgeb/nmf_stuff/dlPFC/data/batched_nmf/nmf_k90_seed1029_tol1e-05_L10.7.rds
2025-11-19T14:49:21Z	100	1029	1e-5	0.7	15.521472561359406	/zata/zippy/kresgeb/nmf_stuff/dlPFC/data/batched_nmf/nmf_k100_seed1029_tol1e-05_L10.7.rds
2025-11-19T14:51:21Z	10	31415	1e-5	0.7	1.9872098882993063	/zata/zippy/kresgeb/nmf_stuff/dlPFC/data/batched_nmf/nmf_k10_seed31415_tol1e-05_L10.7.rds
2025-11-19T14:54:56Z	20	31415	1e-5	0.7	3.5664313356081645	/zata/zippy/kresgeb/nmf_stuff/dlPFC/data/batched_nmf/nmf_k20_seed31415_tol1e-05_L10.7.rds
2025-11-19T14:58:46Z	30	31415	1e-5	0.7	3.794871811072032	/zata/zippy/kresgeb/nmf_stuff/dlPFC/data/batched_nmf/nmf_k30_seed31415_tol1e-05_L10.7.rds
2025-11-19T15:04:36Z	40	31415	1e-5	0.7	5.788087232907613	/zata/zippy/kresgeb/nmf_stuff/dlPFC/data/batched_nmf/nmf_k40_seed31415_tol1e-05_L10.7.rds
2025-11-19T15:11:32Z	50	31415	1e-5	0.7	6.886915842692058	/zata/zippy/kresgeb/nmf_stuff/dlPFC/data/batched_nmf/nmf_k50_seed31415_tol1e-05_L10.7.rds
2025-11-19T15:20:09Z	60	31415	1e-5	0.7	8.570977056026459	/zata/zippy/kresgeb/nmf_stuff/dlPFC/data/batched_nmf/nmf_k60_seed31415_tol1e-05_L10.7.rds
2025-11-19T15:32:04Z	70	31415	1e-5	0.7	11.844526902834575	/zata/zippy/kresgeb/nmf_stuff/dlPFC/data/batched_nmf/nmf_k70_seed31415_tol1e-05_L10.7.rds
2025-11-19T15:42:42Z	80	31415	1e-5	0.7	10.55158281326294	/zata/zippy/kresgeb/nmf_stuff/dlPFC/data/batched_nmf/nmf_k80_seed31415_tol1e-05_L10.7.rds
2025-11-19T16:01:21Z	90	31415	1e-5	0.7	18.57732580502828	/zata/zippy/kresgeb/nmf_stuff/dlPFC/data/batched_nmf/nmf_k90_seed31415_tol1e-05_L10.7.rds
2025-11-19T16:20:43Z	100	31415	1e-5	0.7	19.266836603482563	/zata/zippy/kresgeb/nmf_stuff/dlPFC/data/batched_nmf/nmf_k100_seed31415_tol1e-05_L10.7.rds
2025-11-19T16:23:04Z	10	120301	1e-5	0.7	2.3374422828356427	/zata/zippy/kresgeb/nmf_stuff/dlPFC/data/batched_nmf/nmf_k10_seed120301_tol1e-05_L10.7.rds
2025-11-19T16:26:19Z	20	120301	1e-5	0.7	3.2314069191614787	/zata/zippy/kresgeb/nmf_stuff/dlPFC/data/batched_nmf/nmf_k20_seed120301_tol1e-05_L10.7.rds
2025-11-19T16:30:37Z	30	120301	1e-5	0.7	4.269762913386027	/zata/zippy/kresgeb/nmf_stuff/dlPFC/data/batched_nmf/nmf_k30_seed120301_tol1e-05_L10.7.rds
2025-11-19T16:40:40Z	40	120301	1e-5	0.7	10.003424898783367	/zata/zippy/kresgeb/nmf_stuff/dlPFC/data/batched_nmf/nmf_k40_seed120301_tol1e-05_L10.7.rds
2025-11-19T16:49:01Z	50	120301	1e-5	0.7	8.307396535078684	/zata/zippy/kresgeb/nmf_stuff/dlPFC/data/batched_nmf/nmf_k50_seed120301_tol1e-05_L10.7.rds
2025-11-19T16:57:05Z	60	120301	1e-5	0.7	8.000551573435466	/zata/zippy/kresgeb/nmf_stuff/dlPFC/data/batched_nmf/nmf_k60_seed120301_tol1e-05_L10.7.rds
2025-11-19T17:11:02Z	70	120301	1e-5	0.7	13.89525785446167	/zata/zippy/kresgeb/nmf_stuff/dlPFC/data/batched_nmf/nmf_k70_seed120301_tol1e-05_L10.7.rds
2025-11-19T17:23:20Z	80	120301	1e-5	0.7	12.221863031387329	/zata/zippy/kresgeb/nmf_stuff/dlPFC/data/batched_nmf/nmf_k80_seed120301_tol1e-05_L10.7.rds
2025-11-19T17:43:00Z	90	120301	1e-5	0.7	19.581837558746336	/zata/zippy/kresgeb/nmf_stuff/dlPFC/data/batched_nmf/nmf_k90_seed120301_tol1e-05_L10.7.rds
2025-11-19T18:03:13Z	100	120301	1e-5	0.7	20.124746990203857	/zata/zippy/kresgeb/nmf_stuff/dlPFC/data/batched_nmf/nmf_k100_seed120301_tol1e-05_L10.7.rds
2025-11-19T18:05:35Z	10	2025	1e-5	0.7	2.3409067670504253	/zata/zippy/kresgeb/nmf_stuff/dlPFC/data/batched_nmf/nmf_k10_seed2025_tol1e-05_L10.7.rds
2025-11-19T18:08:29Z	20	2025	1e-5	0.7	2.882930640379588	/zata/zippy/kresgeb/nmf_stuff/dlPFC/data/batched_nmf/nmf_k20_seed2025_tol1e-05_L10.7.rds
2025-11-19T18:14:37Z	30	2025	1e-5	0.7	6.104227924346924	/zata/zippy/kresgeb/nmf_stuff/dlPFC/data/batched_nmf/nmf_k30_seed2025_tol1e-05_L10.7.rds
2025-11-19T18:21:38Z	40	2025	1e-5	0.7	6.972446159521739	/zata/zippy/kresgeb/nmf_stuff/dlPFC/data/batched_nmf/nmf_k40_seed2025_tol1e-05_L10.7.rds
2025-11-19T18:31:18Z	50	2025	1e-5	0.7	9.619038172562917	/zata/zippy/kresgeb/nmf_stuff/dlPFC/data/batched_nmf/nmf_k50_seed2025_tol1e-05_L10.7.rds
2025-11-19T18:40:52Z	60	2025	1e-5	0.7	9.509133040904999	/zata/zippy/kresgeb/nmf_stuff/dlPFC/data/batched_nmf/nmf_k60_seed2025_tol1e-05_L10.7.rds
2025-11-19T18:57:44Z	70	2025	1e-5	0.7	16.81324853102366	/zata/zippy/kresgeb/nmf_stuff/dlPFC/data/batched_nmf/nmf_k70_seed2025_tol1e-05_L10.7.rds
2025-11-19T19:13:17Z	80	2025	1e-5	0.7	15.462551919619242	/zata/zippy/kresgeb/nmf_stuff/dlPFC/data/batched_nmf/nmf_k80_seed2025_tol1e-05_L10.7.rds
2025-11-19T19:30:37Z	90	2025	1e-5	0.7	17.24780083100001	/zata/zippy/kresgeb/nmf_stuff/dlPFC/data/batched_nmf/nmf_k90_seed2025_tol1e-05_L10.7.rds
2025-11-19T19:46:19Z	100	2025	1e-5	0.7	15.60984990199407	/zata/zippy/kresgeb/nmf_stuff/dlPFC/data/batched_nmf/nmf_k100_seed2025_tol1e-05_L10.7.rds
2025-11-19T19:49:20Z	10	42	1e-6	0.7	3.013319536050161	/zata/zippy/kresgeb/nmf_stuff/dlPFC/data/batched_nmf/nmf_k10_seed42_tol1e-06_L10.7.rds
2025-11-19T19:55:04Z	20	42	1e-6	0.7	5.7040154059727985	/zata/zippy/kresgeb/nmf_stuff/dlPFC/data/batched_nmf/nmf_k20_seed42_tol1e-06_L10.7.rds
2025-11-19T20:00:42Z	30	42	1e-6	0.7	5.609945551554362	/zata/zippy/kresgeb/nmf_stuff/dlPFC/data/batched_nmf/nmf_k30_seed42_tol1e-06_L10.7.rds
2025-11-19T20:17:03Z	40	42	1e-6	0.7	16.31069551706314	/zata/zippy/kresgeb/nmf_stuff/dlPFC/data/batched_nmf/nmf_k40_seed42_tol1e-06_L10.7.rds
2025-11-19T20:28:03Z	50	42	1e-6	0.7	10.943413019180298	/zata/zippy/kresgeb/nmf_stuff/dlPFC/data/batched_nmf/nmf_k50_seed42_tol1e-06_L10.7.rds
2025-11-19T20:44:09Z	60	42	1e-6	0.7	16.051340238253275	/zata/zippy/kresgeb/nmf_stuff/dlPFC/data/batched_nmf/nmf_k60_seed42_tol1e-06_L10.7.rds
2025-11-19T20:57:33Z	70	42	1e-6	0.7	13.325896966457368	/zata/zippy/kresgeb/nmf_stuff/dlPFC/data/batched_nmf/nmf_k70_seed42_tol1e-06_L10.7.rds
2025-11-19T21:22:34Z	80	42	1e-6	0.7	24.93749543825785	/zata/zippy/kresgeb/nmf_stuff/dlPFC/data/batched_nmf/nmf_k80_seed42_tol1e-06_L10.7.rds
2025-11-19T21:53:21Z	90	42	1e-6	0.7	30.710560655593873	/zata/zippy/kresgeb/nmf_stuff/dlPFC/data/batched_nmf/nmf_k90_seed42_tol1e-06_L10.7.rds
2025-11-19T22:27:39Z	100	42	1e-6	0.7	34.19954167604446	/zata/zippy/kresgeb/nmf_stuff/dlPFC/data/batched_nmf/nmf_k100_seed42_tol1e-06_L10.7.rds
2025-11-19T22:30:26Z	10	1029	1e-6	0.7	2.761590230464935	/zata/zippy/kresgeb/nmf_stuff/dlPFC/data/batched_nmf/nmf_k10_seed1029_tol1e-06_L10.7.rds
2025-11-19T22:33:54Z	20	1029	1e-6	0.7	3.4516967574755353	/zata/zippy/kresgeb/nmf_stuff/dlPFC/data/batched_nmf/nmf_k20_seed1029_tol1e-06_L10.7.rds
2025-11-19T22:40:45Z	30	1029	1e-6	0.7	6.828188741207123	/zata/zippy/kresgeb/nmf_stuff/dlPFC/data/batched_nmf/nmf_k30_seed1029_tol1e-06_L10.7.rds
2025-11-19T22:54:28Z	40	1029	1e-6	0.7	13.668323238690695	/zata/zippy/kresgeb/nmf_stuff/dlPFC/data/batched_nmf/nmf_k40_seed1029_tol1e-06_L10.7.rds
2025-11-19T23:10:30Z	50	1029	1e-6	0.7	15.984197127819062	/zata/zippy/kresgeb/nmf_stuff/dlPFC/data/batched_nmf/nmf_k50_seed1029_tol1e-06_L10.7.rds
2025-11-19T23:26:19Z	60	1029	1e-6	0.7	15.764590458075206	/zata/zippy/kresgeb/nmf_stuff/dlPFC/data/batched_nmf/nmf_k60_seed1029_tol1e-06_L10.7.rds
2025-11-19T23:41:37Z	70	1029	1e-6	0.7	15.238023682435353	/zata/zippy/kresgeb/nmf_stuff/dlPFC/data/batched_nmf/nmf_k70_seed1029_tol1e-06_L10.7.rds
2025-11-19T23:59:37Z	80	1029	1e-6	0.7	17.91029618581136	/zata/zippy/kresgeb/nmf_stuff/dlPFC/data/batched_nmf/nmf_k80_seed1029_tol1e-06_L10.7.rds
2025-11-20T00:39:03Z	90	1029	1e-6	0.7	39.348283398151395	/zata/zippy/kresgeb/nmf_stuff/dlPFC/data/batched_nmf/nmf_k90_seed1029_tol1e-06_L10.7.rds
2025-11-20T01:15:26Z	100	1029	1e-6	0.7	36.29980000257492	/zata/zippy/kresgeb/nmf_stuff/dlPFC/data/batched_nmf/nmf_k100_seed1029_tol1e-06_L10.7.rds
2025-11-20T01:18:09Z	10	31415	1e-6	0.7	2.6932629307111102	/zata/zippy/kresgeb/nmf_stuff/dlPFC/data/batched_nmf/nmf_k10_seed31415_tol1e-06_L10.7.rds
2025-11-20T01:21:50Z	20	31415	1e-6	0.7	3.66105401913325	/zata/zippy/kresgeb/nmf_stuff/dlPFC/data/batched_nmf/nmf_k20_seed31415_tol1e-06_L10.7.rds
2025-11-20T01:31:06Z	30	31415	1e-6	0.7	9.236291241645812	/zata/zippy/kresgeb/nmf_stuff/dlPFC/data/batched_nmf/nmf_k30_seed31415_tol1e-06_L10.7.rds
2025-11-20T01:41:09Z	40	31415	1e-6	0.7	10.011402281125386	/zata/zippy/kresgeb/nmf_stuff/dlPFC/data/batched_nmf/nmf_k40_seed31415_tol1e-06_L10.7.rds
2025-11-20T01:59:36Z	50	31415	1e-6	0.7	18.402531254291535	/zata/zippy/kresgeb/nmf_stuff/dlPFC/data/batched_nmf/nmf_k50_seed31415_tol1e-06_L10.7.rds
2025-11-20T02:14:20Z	60	31415	1e-6	0.7	14.685500880082449	/zata/zippy/kresgeb/nmf_stuff/dlPFC/data/batched_nmf/nmf_k60_seed31415_tol1e-06_L10.7.rds
2025-11-20T02:29:23Z	70	31415	1e-6	0.7	14.982017191251119	/zata/zippy/kresgeb/nmf_stuff/dlPFC/data/batched_nmf/nmf_k70_seed31415_tol1e-06_L10.7.rds
2025-11-20T02:57:03Z	80	31415	1e-6	0.7	27.594727206230164	/zata/zippy/kresgeb/nmf_stuff/dlPFC/data/batched_nmf/nmf_k80_seed31415_tol1e-06_L10.7.rds
2025-11-20T03:20:19Z	90	31415	1e-6	0.7	23.17462195555369	/zata/zippy/kresgeb/nmf_stuff/dlPFC/data/batched_nmf/nmf_k90_seed31415_tol1e-06_L10.7.rds
2025-11-20T03:50:14Z	100	31415	1e-6	0.7	29.835175585746764	/zata/zippy/kresgeb/nmf_stuff/dlPFC/data/batched_nmf/nmf_k100_seed31415_tol1e-06_L10.7.rds
2025-11-20T03:52:39Z	10	120301	1e-6	0.7	2.395303746064504	/zata/zippy/kresgeb/nmf_stuff/dlPFC/data/batched_nmf/nmf_k10_seed120301_tol1e-06_L10.7.rds
2025-11-20T03:58:58Z	20	120301	1e-6	0.7	6.292534939448038	/zata/zippy/kresgeb/nmf_stuff/dlPFC/data/batched_nmf/nmf_k20_seed120301_tol1e-06_L10.7.rds
2025-11-20T04:04:25Z	30	120301	1e-6	0.7	5.417466612656911	/zata/zippy/kresgeb/nmf_stuff/dlPFC/data/batched_nmf/nmf_k30_seed120301_tol1e-06_L10.7.rds
2025-11-20T04:14:59Z	40	120301	1e-6	0.7	10.540498848756155	/zata/zippy/kresgeb/nmf_stuff/dlPFC/data/batched_nmf/nmf_k40_seed120301_tol1e-06_L10.7.rds
2025-11-20T04:25:42Z	50	120301	1e-6	0.7	10.669272887706757	/zata/zippy/kresgeb/nmf_stuff/dlPFC/data/batched_nmf/nmf_k50_seed120301_tol1e-06_L10.7.rds
2025-11-20T04:40:15Z	60	120301	1e-6	0.7	14.483768916130066	/zata/zippy/kresgeb/nmf_stuff/dlPFC/data/batched_nmf/nmf_k60_seed120301_tol1e-06_L10.7.rds
2025-11-20T05:13:51Z	70	120301	1e-6	0.7	33.540471053123476	/zata/zippy/kresgeb/nmf_stuff/dlPFC/data/batched_nmf/nmf_k70_seed120301_tol1e-06_L10.7.rds
2025-11-20T05:36:28Z	80	120301	1e-6	0.7	22.53247279326121	/zata/zippy/kresgeb/nmf_stuff/dlPFC/data/batched_nmf/nmf_k80_seed120301_tol1e-06_L10.7.rds
2025-11-20T06:11:04Z	90	120301	1e-6	0.7	34.517603580156965	/zata/zippy/kresgeb/nmf_stuff/dlPFC/data/batched_nmf/nmf_k90_seed120301_tol1e-06_L10.7.rds
2025-11-20T06:48:02Z	100	120301	1e-6	0.7	36.883647457758585	/zata/zippy/kresgeb/nmf_stuff/dlPFC/data/batched_nmf/nmf_k100_seed120301_tol1e-06_L10.7.rds
2025-11-20T06:50:22Z	10	2025	1e-6	0.7	2.3180536150932314	/zata/zippy/kresgeb/nmf_stuff/dlPFC/data/batched_nmf/nmf_k10_seed2025_tol1e-06_L10.7.rds
2025-11-20T06:54:12Z	20	2025	1e-6	0.7	3.7995062430699664	/zata/zippy/kresgeb/nmf_stuff/dlPFC/data/batched_nmf/nmf_k20_seed2025_tol1e-06_L10.7.rds
2025-11-20T07:00:42Z	30	2025	1e-6	0.7	6.485638833045959	/zata/zippy/kresgeb/nmf_stuff/dlPFC/data/batched_nmf/nmf_k30_seed2025_tol1e-06_L10.7.rds
2025-11-20T07:10:44Z	40	2025	1e-6	0.7	9.986936767896017	/zata/zippy/kresgeb/nmf_stuff/dlPFC/data/batched_nmf/nmf_k40_seed2025_tol1e-06_L10.7.rds
2025-11-20T07:22:19Z	50	2025	1e-6	0.7	11.53396985133489	/zata/zippy/kresgeb/nmf_stuff/dlPFC/data/batched_nmf/nmf_k50_seed2025_tol1e-06_L10.7.rds
2025-11-20T07:47:03Z	60	2025	1e-6	0.7	24.681131994724275	/zata/zippy/kresgeb/nmf_stuff/dlPFC/data/batched_nmf/nmf_k60_seed2025_tol1e-06_L10.7.rds
2025-11-20T08:14:59Z	70	2025	1e-6	0.7	27.862868956724803	/zata/zippy/kresgeb/nmf_stuff/dlPFC/data/batched_nmf/nmf_k70_seed2025_tol1e-06_L10.7.rds
2025-11-20T08:32:17Z	80	2025	1e-6	0.7	17.21808313926061	/zata/zippy/kresgeb/nmf_stuff/dlPFC/data/batched_nmf/nmf_k80_seed2025_tol1e-06_L10.7.rds
2025-11-20T09:05:44Z	90	2025	1e-6	0.7	33.3730037411054	/zata/zippy/kresgeb/nmf_stuff/dlPFC/data/batched_nmf/nmf_k90_seed2025_tol1e-06_L10.7.rds
2025-11-20T09:45:41Z	100	2025	1e-6	0.7	39.86087064743042	/zata/zippy/kresgeb/nmf_stuff/dlPFC/data/batched_nmf/nmf_k100_seed2025_tol1e-06_L10.7.rds
2025-11-20T09:50:08Z	10	42	1e-7	0.7	4.4284761587778725	/zata/zippy/kresgeb/nmf_stuff/dlPFC/data/batched_nmf/nmf_k10_seed42_tol1e-07_L10.7.rds
2025-11-20T09:56:10Z	20	42	1e-7	0.7	6.010156067212423	/zata/zippy/kresgeb/nmf_stuff/dlPFC/data/batched_nmf/nmf_k20_seed42_tol1e-07_L10.7.rds
2025-11-20T10:06:08Z	30	42	1e-7	0.7	9.944218091169994	/zata/zippy/kresgeb/nmf_stuff/dlPFC/data/batched_nmf/nmf_k30_seed42_tol1e-07_L10.7.rds
2025-11-20T10:24:21Z	40	42	1e-7	0.7	18.180901610851286	/zata/zippy/kresgeb/nmf_stuff/dlPFC/data/batched_nmf/nmf_k40_seed42_tol1e-07_L10.7.rds
2025-11-20T11:02:39Z	50	42	1e-7	0.7	38.25423610607783	/zata/zippy/kresgeb/nmf_stuff/dlPFC/data/batched_nmf/nmf_k50_seed42_tol1e-07_L10.7.rds
2025-11-20T11:22:32Z	60	42	1e-7	0.7	19.81844990650813	/zata/zippy/kresgeb/nmf_stuff/dlPFC/data/batched_nmf/nmf_k60_seed42_tol1e-07_L10.7.rds
2025-11-20T11:44:33Z	70	42	1e-7	0.7	21.95172042051951	/zata/zippy/kresgeb/nmf_stuff/dlPFC/data/batched_nmf/nmf_k70_seed42_tol1e-07_L10.7.rds
2025-11-20T12:16:52Z	80	42	1e-7	0.7	32.235271688302355	/zata/zippy/kresgeb/nmf_stuff/dlPFC/data/batched_nmf/nmf_k80_seed42_tol1e-07_L10.7.rds
2025-11-20T13:19:10Z	90	42	1e-7	0.7	62.22714335521062	/zata/zippy/kresgeb/nmf_stuff/dlPFC/data/batched_nmf/nmf_k90_seed42_tol1e-07_L10.7.rds
2025-11-20T14:07:30Z	100	42	1e-7	0.7	48.2281094789505	/zata/zippy/kresgeb/nmf_stuff/dlPFC/data/batched_nmf/nmf_k100_seed42_tol1e-07_L10.7.rds
2025-11-20T14:10:18Z	10	1029	1e-7	0.7	2.792769197622935	/zata/zippy/kresgeb/nmf_stuff/dlPFC/data/batched_nmf/nmf_k10_seed1029_tol1e-07_L10.7.rds
2025-11-20T14:16:48Z	20	1029	1e-7	0.7	6.473771659533183	/zata/zippy/kresgeb/nmf_stuff/dlPFC/data/batched_nmf/nmf_k20_seed1029_tol1e-07_L10.7.rds
2025-11-20T14:24:46Z	30	1029	1e-7	0.7	7.949340160687765	/zata/zippy/kresgeb/nmf_stuff/dlPFC/data/batched_nmf/nmf_k30_seed1029_tol1e-07_L10.7.rds
2025-11-20T14:40:09Z	40	1029	1e-7	0.7	15.337055150667826	/zata/zippy/kresgeb/nmf_stuff/dlPFC/data/batched_nmf/nmf_k40_seed1029_tol1e-07_L10.7.rds
2025-11-20T15:01:48Z	50	1029	1e-7	0.7	21.608911148707072	/zata/zippy/kresgeb/nmf_stuff/dlPFC/data/batched_nmf/nmf_k50_seed1029_tol1e-07_L10.7.rds
2025-11-20T15:20:38Z	60	1029	1e-7	0.7	18.767633601029715	/zata/zippy/kresgeb/nmf_stuff/dlPFC/data/batched_nmf/nmf_k60_seed1029_tol1e-07_L10.7.rds
2025-11-20T17:36:19Z	70	1029	1e-7	0.7	64.702681128184	/zata/zippy/kresgeb/nmf_stuff/dlPFC/data/batched_nmf/nmf_k70_seed1029_tol1e-07_L10.7.rds
2025-11-20T18:19:02Z	80	1029	1e-7	0.7	42.65607315301895	/zata/zippy/kresgeb/nmf_stuff/dlPFC/data/batched_nmf/nmf_k80_seed1029_tol1e-07_L10.7.rds
2025-11-20T19:01:26Z	90	1029	1e-7	0.7	42.30201633373896	/zata/zippy/kresgeb/nmf_stuff/dlPFC/data/batched_nmf/nmf_k90_seed1029_tol1e-07_L10.7.rds
2025-11-20T20:09:30Z	100	1029	1e-7	0.7	67.97036465009053	/zata/zippy/kresgeb/nmf_stuff/dlPFC/data/batched_nmf/nmf_k100_seed1029_tol1e-07_L10.7.rds
2025-11-20T20:13:38Z	10	31415	1e-7	0.7	4.126055109500885	/zata/zippy/kresgeb/nmf_stuff/dlPFC/data/batched_nmf/nmf_k10_seed31415_tol1e-07_L10.7.rds
2025-11-20T20:17:54Z	20	31415	1e-7	0.7	4.237670040130615	/zata/zippy/kresgeb/nmf_stuff/dlPFC/data/batched_nmf/nmf_k20_seed31415_tol1e-07_L10.7.rds
2025-11-20T20:27:10Z	30	31415	1e-7	0.7	9.24757379690806	/zata/zippy/kresgeb/nmf_stuff/dlPFC/data/batched_nmf/nmf_k30_seed31415_tol1e-07_L10.7.rds
2025-11-20T20:53:43Z	40	31415	1e-7	0.7	26.499535961945853	/zata/zippy/kresgeb/nmf_stuff/dlPFC/data/batched_nmf/nmf_k40_seed31415_tol1e-07_L10.7.rds
2025-11-20T21:18:32Z	50	31415	1e-7	0.7	24.76785713036855	/zata/zippy/kresgeb/nmf_stuff/dlPFC/data/batched_nmf/nmf_k50_seed31415_tol1e-07_L10.7.rds
2025-11-20T21:34:24Z	60	31415	1e-7	0.7	15.820111660162608	/zata/zippy/kresgeb/nmf_stuff/dlPFC/data/batched_nmf/nmf_k60_seed31415_tol1e-07_L10.7.rds
2025-11-20T22:04:59Z	70	31415	1e-7	0.7	30.515880501270296	/zata/zippy/kresgeb/nmf_stuff/dlPFC/data/batched_nmf/nmf_k70_seed31415_tol1e-07_L10.7.rds
2025-11-20T22:37:16Z	80	31415	1e-7	0.7	32.2138444463412	/zata/zippy/kresgeb/nmf_stuff/dlPFC/data/batched_nmf/nmf_k80_seed31415_tol1e-07_L10.7.rds
2025-11-20T23:54:37Z	90	31415	1e-7	0.7	77.26256124178569	/zata/zippy/kresgeb/nmf_stuff/dlPFC/data/batched_nmf/nmf_k90_seed31415_tol1e-07_L10.7.rds
2025-11-21T01:20:25Z	100	31415	1e-7	0.7	85.69851962327957	/zata/zippy/kresgeb/nmf_stuff/dlPFC/data/batched_nmf/nmf_k100_seed31415_tol1e-07_L10.7.rds
2025-11-21T01:22:53Z	10	120301	1e-7	0.7	2.4603853384653727	/zata/zippy/kresgeb/nmf_stuff/dlPFC/data/batched_nmf/nmf_k10_seed120301_tol1e-07_L10.7.rds
2025-11-21T01:29:25Z	20	120301	1e-7	0.7	6.513895646731059	/zata/zippy/kresgeb/nmf_stuff/dlPFC/data/batched_nmf/nmf_k20_seed120301_tol1e-07_L10.7.rds
2025-11-21T01:35:26Z	30	120301	1e-7	0.7	5.978771873315176	/zata/zippy/kresgeb/nmf_stuff/dlPFC/data/batched_nmf/nmf_k30_seed120301_tol1e-07_L10.7.rds
2025-11-21T01:54:19Z	40	120301	1e-7	0.7	18.845320280392965	/zata/zippy/kresgeb/nmf_stuff/dlPFC/data/batched_nmf/nmf_k40_seed120301_tol1e-07_L10.7.rds
2025-11-21T02:09:13Z	50	120301	1e-7	0.7	14.85365799665451	/zata/zippy/kresgeb/nmf_stuff/dlPFC/data/batched_nmf/nmf_k50_seed120301_tol1e-07_L10.7.rds
2025-11-21T02:24:35Z	60	120301	1e-7	0.7	15.311834641297658	/zata/zippy/kresgeb/nmf_stuff/dlPFC/data/batched_nmf/nmf_k60_seed120301_tol1e-07_L10.7.rds
2025-11-21T03:02:57Z	70	120301	1e-7	0.7	38.29325778484345	/zata/zippy/kresgeb/nmf_stuff/dlPFC/data/batched_nmf/nmf_k70_seed120301_tol1e-07_L10.7.rds
2025-11-21T03:40:45Z	80	120301	1e-7	0.7	37.72644774119059	/zata/zippy/kresgeb/nmf_stuff/dlPFC/data/batched_nmf/nmf_k80_seed120301_tol1e-07_L10.7.rds
2025-11-21T04:33:03Z	90	120301	1e-7	0.7	52.23012384573619	/zata/zippy/kresgeb/nmf_stuff/dlPFC/data/batched_nmf/nmf_k90_seed120301_tol1e-07_L10.7.rds
2025-11-21T05:29:35Z	100	120301	1e-7	0.7	56.43888388077418	/zata/zippy/kresgeb/nmf_stuff/dlPFC/data/batched_nmf/nmf_k100_seed120301_tol1e-07_L10.7.rds
2025-11-21T05:31:59Z	10	2025	1e-7	0.7	2.386543341477712	/zata/zippy/kresgeb/nmf_stuff/dlPFC/data/batched_nmf/nmf_k10_seed2025_tol1e-07_L10.7.rds
2025-11-21T05:40:17Z	20	2025	1e-7	0.7	8.271002594629923	/zata/zippy/kresgeb/nmf_stuff/dlPFC/data/batched_nmf/nmf_k20_seed2025_tol1e-07_L10.7.rds
2025-11-21T05:48:26Z	30	2025	1e-7	0.7	8.119729284445445	/zata/zippy/kresgeb/nmf_stuff/dlPFC/data/batched_nmf/nmf_k30_seed2025_tol1e-07_L10.7.rds
2025-11-21T06:09:56Z	40	2025	1e-7	0.7	21.45811991294225	/zata/zippy/kresgeb/nmf_stuff/dlPFC/data/batched_nmf/nmf_k40_seed2025_tol1e-07_L10.7.rds
2025-11-21T06:27:03Z	50	2025	1e-7	0.7	17.0721595565478	/zata/zippy/kresgeb/nmf_stuff/dlPFC/data/batched_nmf/nmf_k50_seed2025_tol1e-07_L10.7.rds
2025-11-21T07:07:07Z	60	2025	1e-7	0.7	40.00822042624156	/zata/zippy/kresgeb/nmf_stuff/dlPFC/data/batched_nmf/nmf_k60_seed2025_tol1e-07_L10.7.rds
2025-11-21T07:46:16Z	70	2025	1e-7	0.7	39.08944183588028	/zata/zippy/kresgeb/nmf_stuff/dlPFC/data/batched_nmf/nmf_k70_seed2025_tol1e-07_L10.7.rds
2025-11-21T08:30:33Z	80	2025	1e-7	0.7	44.20813272794088	/zata/zippy/kresgeb/nmf_stuff/dlPFC/data/batched_nmf/nmf_k80_seed2025_tol1e-07_L10.7.rds
2025-11-21T09:08:46Z	90	2025	1e-7	0.7	38.131808531284335	/zata/zippy/kresgeb/nmf_stuff/dlPFC/data/batched_nmf/nmf_k90_seed2025_tol1e-07_L10.7.rds
2025-11-21T10:04:10Z	100	2025	1e-7	0.7	55.30763725042343	/zata/zippy/kresgeb/nmf_stuff/dlPFC/data/batched_nmf/nmf_k100_seed2025_tol1e-07_L10.7.rds
