"manual_layer_label","barcode"
"Layer 4","AAACAAGTATCTCCCA-1"
"Layer 4","AAACAATCTACTAGCA-1"
"Layer 6","AAACACCAATAACTGC-1"
"Layer 4","AAACAGAGCGACTCCT-1"
"WM","AAACAGTGTTCCTGGG-1"
"Layer 5","AAACATTTCCCGGATT-1"
"Layer 3","AAACCCGAACGAAATC-1"
"Layer 3","AAACCGGAAATGTTAA-1"
"Layer 3","AAACCGGGTAGGTACC-1"
"Layer 5","AAACCGTTCGTCCAGG-1"
"Layer 6","AAACCTAAGCAGCCGG-1"
"Layer 3","AAACGAGACGGTTGAT-1"
"Layer 4","AAACGCTGGGCACGAC-1"
"Layer 6","AAACGGGCGTACGGGT-1"
"WM","AAACGGTTGCGAACTG-1"
"Layer 4","AAACGTGTTCGCCCTA-1"
"Layer 6","AAACTCGGTTCGCAAT-1"
"Layer 3","AAACTCGTGATATAAG-1"
"Layer 4","AAACTGCTGGCTCCAA-1"
"Layer 5","AAAGAATGTGGACTAA-1"
"Layer 3","AAAGACCCAAGTCGCG-1"
"Layer 3","AAAGCTTGCCTACATA-1"
"Layer 6","AAAGGCCCTATAATAC-1"
"Layer 6","AAAGGCTACGGACCAT-1"
"Layer 5","AAAGGCTCTCGCGCCG-1"
"Layer 1","AAAGGGCAGCTTGAAT-1"
"Layer 4","AAAGGTAAGCTGTACC-1"
"Layer 5","AAAGTAGCATTGCTCA-1"
"Layer 3","AAAGTCACTGATGTAA-1"
"Layer 3","AAAGTGCCATCAATTA-1"
"Layer 3","AAAGTGTGATTTATCT-1"
"Layer 3","AAAGTTGACTCCCGTA-1"
"Layer 3","AAATAACCATACGGGA-1"
"Layer 3","AAATAAGGTAGTGCCC-1"
"Layer 4","AAATACCTATAAGCAT-1"
"Layer 1","AAATAGCTTAGACTTT-1"
"Layer 5","AAATAGGGTGCTATTG-1"
"Layer 6","AAATCCGATACACGCC-1"
"Layer 4","AAATCGTGTACCACAA-1"
"Layer 4","AAATCTAGCCCTGCTA-1"
"WM","AAATGACTGATCAAAC-1"
"Layer 3","AAATGATTCGATCAGC-1"
"Layer 3","AAATGGCATGTCTTGT-1"
"Layer 2","AAATGGTCAATGTGCC-1"
"Layer 4","AAATGTGGGTGCTCCT-1"
"Layer 3","AAATTAACGGGTAGCT-1"
"Layer 3","AAATTACACGACTCTG-1"
"Layer 2","AAATTACCTATCGATG-1"
"Layer 2","AAATTCCAGGTCCAAA-1"
"Layer 5","AAATTGATAGTCCTTT-1"
"Layer 4","AAATTGGTGAGAAGCA-1"
"Layer 4","AAATTTGCGGGTGTGG-1"
"Layer 1","AACAACTGGTAGTTGC-1"
"Layer 6","AACAATACATTGTCGA-1"
"Layer 2","AACAATTACTCTACGC-1"
"Layer 4","AACACACGCTCGCCGC-1"
"Layer 4","AACACGACTGTACTGA-1"
"Layer 3","AACACGCGGCCGCGAA-1"
"Layer 6","AACAGCTGTGTGGCAA-1"
"Layer 3","AACAGGAAATCGAATA-1"
"Layer 2","AACAGGATGGGCCGCG-1"
"Layer 3","AACAGGTAGTATGGAT-1"
"Layer 6","AACATAGCGTGTATCG-1"
"Layer 2","AACATATCAACTGGTG-1"
"Layer 4","AACATCGATACGTCTA-1"
"Layer 6","AACATTGAAGTTGATC-1"
"Layer 6","AACATTGTGACTCGAG-1"
"Layer 3","AACCAAGACTTCTCTG-1"
"Layer 2","AACCCAGAGACGGAGA-1"
"WM","AACCCGACAACCCGTG-1"
"Layer 4","AACCCGAGCAGAATCG-1"
"WM","AACCCGCTGTATTCCA-1"
"Layer 3","AACCCTACTGTCAATA-1"
"Layer 4","AACCCTGGTGGAACCA-1"
"Layer 1","AACCGAGCTTGGTCAT-1"
"Layer 3","AACCGCTAAGGGATGC-1"
"Layer 3","AACCGTTGTGTTTGCT-1"
"Layer 6","AACCTCGCTTTAGCCC-1"
"Layer 2","AACCTGTCACGGAATT-1"
"Layer 5","AACCTTTAAATACGGT-1"
"Layer 3","AACCTTTACGACGTCT-1"
"Layer 4","AACGACCTCCTAGCCG-1"
"Layer 5","AACGATAATGCCGTAG-1"
"Layer 3","AACGATAGAAGGGCCG-1"
"Layer 1","AACGATATGTCAACTG-1"
"Layer 3","AACGCATGATCTGGGT-1"
"Layer 3","AACGCGAACGGCAACA-1"
"WM","AACGCGACCTTGGGCG-1"
"Layer 1","AACGCGGTCTCCAGCC-1"
"Layer 5","AACGCTGTTGCTGAAA-1"
"Layer 4","AACGGACGTACGTATA-1"
"Layer 4","AACGGCCATCTCCGGT-1"
"Layer 4","AACGTACTGTGGGTAC-1"
"Layer 4","AACGTAGTCTACCCAT-1"
"WM","AACGTCATCCGGCTTG-1"
"Layer 5","AACGTCGCTGCACTTC-1"
"Layer 4","AACGTGATGAAGGACA-1"
"Layer 3","AACGTGCGAAAGTCTC-1"
"Layer 4","AACGTTCTACCATTGT-1"
"Layer 3","AACTACCCGTTTGTCA-1"
"Layer 5","AACTAGGCTTGGGTGT-1"
"Layer 3","AACTCAAGTTAATTGC-1"
"Layer 5","AACTCCAGAGCGTGTT-1"
"Layer 4","AACTCCTAATCCCATG-1"
"Layer 3","AACTCGATGGCGCAGT-1"
"Layer 2","AACTCTCAATAGAGCG-1"
"Layer 5","AACTCTCAGTGTGCTC-1"
"Layer 2","AACTGAGTTATACTGA-1"
"Layer 3","AACTGATATTAGGCCT-1"
"Layer 2","AACTGGGTCCCGACGT-1"
"Layer 4","AACTGGTGTGGGCCTT-1"
"Layer 2","AACTTGCCCGTATGCA-1"
"Layer 3","AACTTTCTCGATCATG-1"
"Layer 4","AAGAAATCACCAGATT-1"
"Layer 2","AAGAAGGATCAGTTAG-1"
"Layer 5","AAGACATACGTGGTTT-1"
"Layer 6","AAGACCCAACTGAACA-1"
"Layer 3","AAGACTGCAAGCTACT-1"
"Layer 1","AAGAGATGAATCGGTA-1"
"Layer 3","AAGAGCTCTTTATCGG-1"
"Layer 3","AAGAGGATGTACGCGA-1"
"Layer 3","AAGAGGCATGGATCGC-1"
"Layer 5","AAGAGGCCCTTTGGAA-1"
"Layer 6","AAGATGGCACCGGACC-1"
"Layer 2","AAGATTGGCGGAACGT-1"
"Layer 6","AAGCACCCTGCGTATC-1"
"Layer 5","AAGCATACTCTCCTGA-1"
"WM","AAGCCACTTGCAGGTA-1"
"Layer 3","AAGCCGAAGCGGTTTA-1"
"Layer 6","AAGCCGCCGTGAAATC-1"
"Layer 4","AAGCCGCTTTACCTTG-1"
"Layer 3","AAGCCGGAGAGCAGGA-1"
"Layer 6","AAGCGCAGGGCTTTGA-1"
"Layer 6","AAGCGTCCCTCATCGA-1"
"Layer 5","AAGCTAGATCGAGTAA-1"
"Layer 3","AAGCTCGTGCCAAGTC-1"
"Layer 5","AAGCTCTTTCATGGTG-1"
"Layer 4","AAGGAGAACTTATAAG-1"
"Layer 1","AAGGAGCGGTTGGTGC-1"
"Layer 1","AAGGATCGATCGCTTG-1"
"Layer 1","AAGGATGAGGGACCTC-1"
"Layer 2","AAGGCAGGCTGTCTCC-1"
"Layer 2","AAGGCTGTGCTCATCG-1"
"Layer 6","AAGGGAACGACTGGCT-1"
"Layer 2","AAGGGACAGATTCTGT-1"
"Layer 6","AAGGGACTATGCATTC-1"
"Layer 4","AAGGGTTAGCCATGCG-1"
"Layer 1","AAGGTATCCTAATATA-1"
"Layer 3","AAGGTGATAAACCAGC-1"
"Layer 1","AAGTAGAAGACCGGGT-1"
"Layer 2","AAGTAGTGACGCGAGG-1"
"Layer 3","AAGTCAATTGTCGTCA-1"
"Layer 4","AAGTCTAGTAGCTGCC-1"
"Layer 3","AAGTGACGACCGAATT-1"
"Layer 6","AAGTGAGTCGGGTTTA-1"
"Layer 3","AAGTGCCTTGACTGTA-1"
"Layer 4","AAGTGCGTTAGAATCT-1"
"WM","AAGTGCTTCTCTATTG-1"
"Layer 5","AAGTGTTTGGAGACGG-1"
"Layer 5","AAGTTCACTCCAAGCT-1"
"Layer 3","AAGTTCAGTCTGCGTA-1"
"Layer 4","AAGTTCGGCCAACAGG-1"
"Layer 5","AAGTTGTGATGTTATA-1"
"WM","AAGTTTATGGGCCCAA-1"
"Layer 3","AATAACAACGCTCGGC-1"
"Layer 5","AATAACACTAGAACAA-1"
"Layer 5","AATAACGTCGCGCCCA-1"
"Layer 4","AATAAGTCCTCGAGAC-1"
"Layer 3","AATAATCTTCGTATCG-1"
"Layer 6","AATACCGGAGGGCTGT-1"
"Layer 5","AATACCTGATGTGAAC-1"
"Layer 5","AATAGAACAGAGTGGC-1"
"Layer 4","AATAGAATCTGTTTCA-1"
"Layer 4","AATAGCAAGCCTCCTG-1"
"Layer 3","AATAGCTACCGCGTGC-1"
"WM","AATAGGCACGACCCTT-1"
"Layer 5","AATAGTCCGTCCCGAC-1"
"Layer 3","AATATCAAGGTCGGAT-1"
"Layer 3","AATATCGAATCAATGC-1"
"Layer 3","AATATCGAGGGTTCTC-1"
"WM","AATCAGGTTTCATTTA-1"
"Layer 5","AATCATGTAAAGACTC-1"
"Layer 3","AATCCAAGGGCCTGAG-1"
"Layer 3","AATCCATGCAAGGGTG-1"
"WM","AATCCCGCTCAGAGCC-1"
"Layer 6","AATCGAGGTCTCAAGG-1"
"Layer 3","AATCGCCTCAGCGCCA-1"
"Layer 2","AATCGCGCAGAGGACT-1"
"Layer 4","AATCGGGACACTACGA-1"
"Layer 5","AATCGGTATAGCCCTC-1"
"Layer 6","AATCGTGAGCCGAGCA-1"
"Layer 3","AATCTATGCCGGAGCC-1"
"Layer 1","AATCTGCGTTGGGACG-1"
"Layer 4","AATGACAGCAATGTCT-1"
"Layer 3","AATGACGTAGGATGTC-1"
"Layer 1","AATGACTGTCAGCCGG-1"
"Layer 3","AATGATGATACGCTAT-1"
"Layer 3","AATGATGCGACTCCTG-1"
"Layer 3","AATGCACCAAGCAATG-1"
"Layer 1","AATGGTTCTCACAAGC-1"
"Layer 5","AATGTGCCCGAGGTGT-1"
"Layer 6","AATGTGCTAATCTGAG-1"
"Layer 6","AATGTTAAGACCCTGA-1"
"Layer 5","AATGTTGTCGTGAGAC-1"
"Layer 3","AATTAAAGGTCGGCGT-1"
"Layer 6","AATTAACGGATTTCCA-1"
"Layer 5","AATTAGCGCTGCAGCG-1"
"Layer 6","AATTATACCCAGCAAG-1"
"Layer 3","AATTCATAAGGGATCT-1"
"Layer 6","AATTCCAAGCATGTAC-1"
"Layer 6","AATTCGATTCGAGGAT-1"
"Layer 5","AATTCTAGAGTTAGGC-1"
"Layer 3","AATTGAACGCTCTGGT-1"
"Layer 5","AATTGCAGCAATCGAC-1"
"Layer 4","AATTGTGGTTGCCAAA-1"
"Layer 4","AATTTGGGACATAGTA-1"
"Layer 3","AATTTGGTTCCAAAGA-1"
"WM","ACAAACTCCATCAGAG-1"
"Layer 5","ACAAAGCATGACCTAG-1"
"Layer 5","ACAAATCGCACCGAAT-1"
"Layer 3","ACAAATGGTAGTGTTT-1"
"Layer 2","ACAACAGCATGAGCTA-1"
"Layer 2","ACAAGCAGTGCCTAGC-1"
"Layer 5","ACAAGGAAATCCGCCC-1"
"Layer 1","ACAAGGACAAGAGGTT-1"
"Layer 6","ACAAGGATGCTTTAGG-1"
"Layer 3","ACAAGGGCAGGCTCTG-1"
"Layer 3","ACAATCCATTTAAACC-1"
"Layer 4","ACAATCGATCTTTATA-1"
"Layer 6","ACAATGAATACGGAGA-1"
"Layer 4","ACAATGATTCTTCTAC-1"
"Layer 4","ACAATTGTGTCTCTTT-1"
"Layer 1","ACAATTTGAGCAGTGG-1"
"Layer 2","ACAATTTGGCCATATT-1"
"Layer 1","ACACAAAGACGGGTGG-1"
"Layer 4","ACACAAATATTCCTAG-1"
"Layer 3","ACACACCAGGACCAGT-1"
"Layer 3","ACACACTTTCTACACG-1"
"WM","ACACATTTCCGTAGAC-1"
"Layer 3","ACACCACATAATTAGC-1"
"Layer 1","ACACCCGAGAAATCCG-1"
"Layer 1","ACACCTTAAGTAGGGC-1"
"Layer 2","ACACCTTACTACTTGC-1"
"Layer 2","ACACGAGACTCCTTCT-1"
"Layer 4","ACACGGCACTATGCAT-1"
"Layer 1","ACACGGGAACTTAGGG-1"
"Layer 5","ACACGTAGGCCACAAG-1"
"Layer 5","ACACTGATCAAGGTGT-1"
"Layer 4","ACACTGGGACAGTCGT-1"
"Layer 5","ACAGAACTGAGAACAA-1"
"Layer 4","ACAGATTAGGTTAGTG-1"
"Layer 3","ACAGCATAGAGCCAGT-1"
"Layer 5","ACAGCGACATTCTCAT-1"
"Layer 4","ACAGCGCACCCGCAGC-1"
"Layer 6","ACAGGCACGGATCCTT-1"
"Layer 5","ACAGGCTTGCCCGACT-1"
"Layer 5","ACAGGTGGAGGTGAGG-1"
"Layer 4","ACAGTATACCGTGGGA-1"
"Layer 1","ACATAATAAGGCGGTG-1"
"Layer 5","ACATACAATCAAGCGG-1"
"Layer 5","ACATCCCGGCCATACG-1"
"Layer 3","ACATCCTGGTAACTGT-1"
"Layer 3","ACATCGATCGTTTACC-1"
"Layer 3","ACATCGGTCAGCCGCG-1"
"Layer 3","ACATCGTATGCAATGG-1"
"Layer 4","ACATCGTTAACCTAGT-1"
"Layer 4","ACATCTCAACGCGTAA-1"
"Layer 2","ACATGGCGCCAAAGTA-1"
"Layer 5","ACATTAGTTTATATCC-1"
"WM","ACATTCGCGCGGAATA-1"
"Layer 5","ACATTTGAAACCTAAC-1"
"Layer 4","ACCAAACACCCAGCGA-1"
"Layer 4","ACCAAACTAGAAATCC-1"
"Layer 3","ACCAACACCACACACT-1"
"Layer 5","ACCAACCGCACTCCAC-1"
"Layer 5","ACCAACGCTTATTTAT-1"
"Layer 2","ACCAAGAACGCGTGTC-1"
"Layer 5","ACCAAGTCATCGGCAG-1"
"Layer 5","ACCAATATGCAAGTTA-1"
"Layer 2","ACCACAAGTTTCTATC-1"
"Layer 6","ACCACACGGTTGATGG-1"
"Layer 2","ACCACCAATGTAACAA-1"
"Layer 3","ACCACCCTCTCTTCTA-1"
"Layer 4","ACCACGTGCAGCTATA-1"
"Layer 4","ACCAGCCCGGTCTTTG-1"
"Layer 4","ACCAGGAGTGTGATCT-1"
"Layer 4","ACCAGTGCCCGGTCAA-1"
"Layer 4","ACCAGTGCGGGAGACG-1"
"Layer 3","ACCATATCCGCAATAA-1"
"Layer 3","ACCATCGTATATGGTA-1"
"Layer 1","ACCCAACGCCCGTGGC-1"
"Layer 1","ACCCACCTACATGCTC-1"
"Layer 3","ACCCATCTTGAGGGTA-1"
"Layer 5","ACCCATTTGTCCCTCT-1"
"Layer 6","ACCCGAGCGAAATTAC-1"
"WM","ACCCGATTGGTTCCGA-1"
"Layer 5","ACCCGGAAACTCCCAG-1"
"Layer 3","ACCCGGAGCACCACAA-1"
"Layer 2","ACCCGGATGACGCATC-1"
"Layer 3","ACCCGGTTACACTTCC-1"
"Layer 4","ACCCGTAGTCTAGTTG-1"
"Layer 6","ACCCGTGTCATCAGTA-1"
"Layer 5","ACCCTATGCCATATCG-1"
"Layer 5","ACCCTCCCGTCAGGGC-1"
"Layer 4","ACCCTCCCTTGCTATT-1"
"Layer 3","ACCCTGGTAACGCCCT-1"
"Layer 3","ACCCTTCATCTGCGAA-1"
"Layer 4","ACCCTTGCCTGGGTCG-1"
"Layer 3","ACCGAAAGGGCCCTGC-1"
"Layer 6","ACCGACACATCTCCCA-1"
"Layer 1","ACCGACTGAGTCCCAC-1"
"Layer 6","ACCGAGTCTCCTTATT-1"
"Layer 4","ACCGATAGGCATAACC-1"
"Layer 3","ACCGATATTTAATCAT-1"
"Layer 2","ACCGATGGTAGCATCG-1"
"Layer 5","ACCGCAATAACTGCCT-1"
"Layer 3","ACCGCGGTGGAAGTCG-1"
"WM","ACCGCTAGTCATTGGT-1"
"Layer 3","ACCGGGCCTTTGTTGA-1"
"Layer 6","ACCGTGACCACGTGGG-1"
"Layer 5","ACCTAAGTACCTTTCA-1"
"Layer 2","ACCTAATCGACTTCCT-1"
"Layer 2","ACCTACAGTATGTGGT-1"
"WM","ACCTACTATAAATCTA-1"
"Layer 4","ACCTCCGCCCTCGCTG-1"
"Layer 2","ACCTCCGTTATTCACC-1"
"Layer 2","ACGAAATGGGCGGCAC-1"
"Layer 3","ACGACCCATGAGTTGC-1"
"Layer 6","ACGACTCTAGGGCCGA-1"
"Layer 6","ACGACTGGTCATACTC-1"
"Layer 3","ACGAGAACCCATCACG-1"
"Layer 4","ACGAGATATTTGCTTA-1"
"Layer 3","ACGAGTACGGATGCCC-1"
"Layer 2","ACGATACATAGAACTA-1"
"Layer 1","ACGATCATCTTGTAAA-1"
"Layer 3","ACGATGCATATGTTAT-1"
"Layer 4","ACGATGGATCCGATGC-1"
"Layer 6","ACGCAAACTAATAGAT-1"
"Layer 3","ACGCAATCACTACAGC-1"
"Layer 5","ACGCATACGTTTACTA-1"
"Layer 3","ACGCATTCGTGAGTAC-1"
"WM","ACGCCACTCGAAACAG-1"
"Layer 3","ACGCCAGATGATTTCT-1"
"Layer 5","ACGCCAGTGCGTTTGC-1"
"Layer 4","ACGCCCAGCTGTCGAT-1"
"Layer 3","ACGCCGCTAGACGACC-1"
"Layer 5","ACGCGAAGTCAGACGA-1"
"Layer 3","ACGCGCTACACAGGGT-1"
"Layer 3","ACGCGGGCCAAGGACA-1"
"Layer 4","ACGCTACTGAATGGGC-1"
"Layer 2","ACGCTAGTGATACACT-1"
"Layer 4","ACGCTTAGTGTCTCTC-1"
"Layer 5","ACGGAACACGAGTGCC-1"
"Layer 6","ACGGACTCTCAAAGCG-1"
"Layer 3","ACGGAGCGCAAATTAC-1"
"Layer 5","ACGGATGGTGCGGATA-1"
"Layer 5","ACGGCACTTGCTTGGG-1"
"Layer 5","ACGGCCAACATGGACT-1"
"Layer 4","ACGGCGACGATGGGAA-1"
"Layer 4","ACGGCGGGTTGCCCTG-1"
"Layer 4","ACGGGAGTGTCGGCCC-1"
"Layer 3","ACGGGCGTATGCGACA-1"
"Layer 5","ACGGTACAGTTCAATG-1"
"Layer 3","ACGTACAGATTTCTCT-1"
"WM","ACGTACTTTGGCACGG-1"
"Layer 2","ACGTAGATTGCTGATG-1"
"WM","ACGTAGGAGAGTCGCT-1"
"Layer 3","ACGTATTACTCCGATC-1"
"Layer 3","ACGTGCGCCTCGTGCA-1"
"Layer 3","ACGTTAATGTCGAAGA-1"
"Layer 3","ACGTTAGATTTGCCCG-1"
"WM","ACGTTCACTATGCCGC-1"
"Layer 4","ACGTTCCGCGCTCCGT-1"
"Layer 2","ACGTTCGCAATCAATT-1"
"Layer 6","ACGTTCGTTCAGGAAA-1"
"Layer 5","ACGTTCTGTACAAGTC-1"
"WM","ACGTTGTCGTTGAAAG-1"
"Layer 3","ACGTTTAGTTGTGATC-1"
"Layer 4","ACGTTTCGGTGCACTT-1"
"WM","ACTACAAAGAGAGGTG-1"
"Layer 1","ACTACCAGCTCTCTGG-1"
"WM","ACTACCATCCGAGGGC-1"
"Layer 6","ACTACGCGTTAGAATT-1"
"Layer 4","ACTAGTTGCGATCGTC-1"
"Layer 1","ACTATCCAGGGCATGG-1"
"Layer 4","ACTATCTGCCCGCGTA-1"
"Layer 6","ACTATGTCCAGCTGCC-1"
"Layer 3","ACTATTCGTCCGTGGT-1"
"Layer 6","ACTATTTCCGGGCCCA-1"
"Layer 3","ACTCAACGAATGTATT-1"
"Layer 5","ACTCAAGTGCAAGGCT-1"
"Layer 1","ACTCAATAAAGGCACG-1"
"Layer 3","ACTCAGACCTGCTTCT-1"
"Layer 6","ACTCCAATATCATCAT-1"
"Layer 2","ACTCCCGAATTCGTTT-1"
"Layer 4","ACTCCCGTAGACTAGG-1"
"Layer 5","ACTCCCTAATGCTAAA-1"
"Layer 4","ACTCCCTAGAATAGTA-1"
"Layer 6","ACTCCGGCCGACCACT-1"
"Layer 5","ACTCGCCGTTCGATAA-1"
"Layer 1","ACTCGCGATCTGACGC-1"
"Layer 4","ACTCGTAACCCGTCCT-1"
"Layer 3","ACTCGTCAGTAATCCC-1"
"Layer 3","ACTCTCTGACTTAGGT-1"
"Layer 5","ACTCTGACCTAATAGA-1"
"Layer 2","ACTCTTCAGCTCCCGC-1"
"Layer 3","ACTCTTGTATAGTAAC-1"
"Layer 5","ACTGAAACGCCGTTAG-1"
"Layer 4","ACTGAATGGCGAAAGT-1"
"Layer 4","ACTGATTTAGTGATTC-1"
"Layer 6","ACTGCCCGCCATTCTC-1"
"Layer 3","ACTGCCGTCGTAACTC-1"
"Layer 1","ACTGCGGACACACCGT-1"
"WM","ACTGGGATGCCAGTGC-1"
"Layer 1","ACTGTACGATACACAT-1"
"Layer 1","ACTGTAGCACTTTGGA-1"
"Layer 3","ACTGTATACGCGAGCA-1"
"Layer 3","ACTGTCCAGGATTATA-1"
"Layer 2","ACTGTCTTCTTTAGAA-1"
"Layer 3","ACTGTGCTAGTAGATC-1"
"Layer 4","ACTGTTTAGTGTAGGC-1"
"Layer 4","ACTTACCGGGCGCGCA-1"
"Layer 5","ACTTACGCATCCACGC-1"
"Layer 2","ACTTAGTACGACAAGA-1"
"Layer 2","ACTTATACTTACCCGG-1"
"Layer 3","ACTTATTAGGATCGGT-1"
"Layer 3","ACTTATTTATGTGCCA-1"
"Layer 5","ACTTCAGGCTGATCCC-1"
"Layer 6","ACTTCCATGCGGGACA-1"
"Layer 1","ACTTCGCCATACGCAC-1"
"Layer 3","ACTTCGCTAGCGAGTG-1"
"Layer 3","ACTTGACTCCCTCTTT-1"
"Layer 4","ACTTGCCATATTGTAC-1"
"Layer 6","ACTTGGGCTTTCGCCA-1"
"Layer 4","ACTTGTGGATGGAACG-1"
"WM","ACTTGTTACCGGATCA-1"
"Layer 2","ACTTTACCCTCATGAA-1"
"Layer 1","ACTTTCCTATAGCTTC-1"
"Layer 3","ACTTTGTCGACGCACT-1"
"Layer 4","AGAAATTATGACTCGC-1"
"Layer 2","AGAACCCAGCGTGACA-1"
"Layer 1","AGAACGTGGTACATTC-1"
"Layer 5","AGAACTGTACTTTGTA-1"
"Layer 3","AGAAGGTTGCCGAATT-1"
"Layer 6","AGAAGGTTGTAGGTCG-1"
"Layer 4","AGAAGTGATTCGTGAT-1"
"Layer 5","AGAATACAGGCTATCC-1"
"Layer 1","AGAATTATGGATTCGA-1"
"Layer 3","AGACAGGCATCTCAGC-1"
"Layer 4","AGACATAGATCCTTCC-1"
"Layer 5","AGACCCACCGCTGATC-1"
"Layer 1","AGACCCGCCCTCCTCG-1"
"Layer 3","AGACCGCTCCGCGGTT-1"
"Layer 4","AGACGAAGTGCCGGTC-1"
"Layer 5","AGACGACGATGCCGCT-1"
"Layer 4","AGACGCCCACTTCGCC-1"
"Layer 4","AGACGGGCCGATTTAA-1"
"Layer 1","AGACTAGCCTTCCAGA-1"
"Layer 6","AGACTGTTACCGGGTC-1"
"WM","AGAGAAACACCAGAAA-1"
"Layer 2","AGAGAACCGTCTAGGA-1"
"Layer 6","AGAGAAGGAGTACAAT-1"
"Layer 5","AGAGCCGCCGAGATTT-1"
"Layer 4","AGAGCGCTTGTAACGG-1"
"Layer 3","AGAGCGGGCTAATCAT-1"
"Layer 1","AGAGCGTACAAGCTCG-1"
"Layer 4","AGAGGCTTCGGAAACC-1"
"Layer 4","AGAGGGACAATTGTCC-1"
"Layer 4","AGAGGTATCTCGGTCC-1"
"Layer 3","AGAGTAAACTTCACTA-1"
"Layer 3","AGAGTATAGTGTTACG-1"
"Layer 4","AGAGTTAGAGACCGAT-1"
"Layer 4","AGAGTTGCAGGCCTCC-1"
"Layer 2","AGATAACTTCAGGGCC-1"
"Layer 5","AGATACCAATAGAACC-1"
"Layer 4","AGATACCAGCACTTCA-1"
"Layer 3","AGATACCGGTGTTCAC-1"
"Layer 2","AGATACGACTTCATAT-1"
"Layer 4","AGATACTCAAGATCGA-1"
"Layer 6","AGATATAATACGACTA-1"
"Layer 3","AGATCGTGCATAAGAT-1"
"Layer 1","AGATCTCAGGTGTGAT-1"
"Layer 1","AGATGACTCGCCCACG-1"
"Layer 4","AGATGAGGGTTGCGAT-1"
"Layer 1","AGATGATGGAGTCTGG-1"
"Layer 6","AGATGCAAGACGTGCA-1"
"Layer 3","AGATTATAGGACGTTT-1"
"Layer 6","AGCAAAGGCCGCTAGT-1"
"Layer 3","AGCAACATATCTTATT-1"
"Layer 6","AGCACACGTTTAGACT-1"
"Layer 1","AGCACCAGTACTCACG-1"
"Layer 5","AGCACTACCTCACCAG-1"
"Layer 2","AGCACTTAAGGACGCC-1"
"Layer 6","AGCAGAAGGAGAAAGA-1"
"Layer 5","AGCAGCCAGATGAATA-1"
"Layer 6","AGCAGTCGAAGCATGC-1"
"Layer 4","AGCATATCAATATGCT-1"
"Layer 1","AGCATCGTCGATAATT-1"
"Layer 5","AGCATTACGAGGCAAG-1"
"Layer 6","AGCCAAGCTTTGTGTC-1"
"Layer 6","AGCCACAGGTTACCCG-1"
"Layer 2","AGCCACTCCCGTGCTT-1"
"WM","AGCCATATAGTATGTG-1"
"Layer 3","AGCCCATACATGTAAG-1"
"WM","AGCCCGCAACAAGCAG-1"
"Layer 5","AGCCCGCACTACAATG-1"
"Layer 6","AGCCCGGCATTAGAGG-1"
"Layer 6","AGCCCGGTAGCCTGTA-1"
"Layer 3","AGCCCTAAGCGAAGTT-1"
"Layer 6","AGCCCTCCCTGGTGGC-1"
"Layer 1","AGCCCTGTCGCACCGT-1"
"Layer 3","AGCCCTTCTAATCCGA-1"
"Layer 4","AGCCCTTGGACATCCC-1"
"Layer 4","AGCCGTGGCTAAATGT-1"
"Layer 5","AGCGACAGGAACGGTC-1"
"Layer 2","AGCGACATCCCATTCA-1"
"WM","AGCGACTTTGAAGACA-1"
"Layer 6","AGCGAGACGTGAAGGC-1"
"Layer 5","AGCGATGCGCCTAATA-1"
"Layer 5","AGCGCATAATGAATCG-1"
"Layer 2","AGCGCGGGTGCCAATG-1"
"Layer 1","AGCGCTAGAGCGATGT-1"
"Layer 6","AGCGGACACTTCGTAG-1"
"Layer 3","AGCGGGAAGGGTCCAT-1"
"Layer 6","AGCGGGTCTGACACTC-1"
"Layer 4","AGCGGTTGCCGCTCTG-1"
"Layer 3","AGCGTACGAGAGCTAG-1"
"Layer 4","AGCGTCTGAACCCGCA-1"
"Layer 4","AGCGTGGTATTCTACT-1"
"Layer 6","AGCTAACAAGCAATGT-1"
"WM","AGCTAAGCTCCGTCCG-1"
"Layer 6","AGCTAAGTACGCAGGC-1"
"Layer 3","AGCTAGAAGCAGAAGT-1"
"Layer 3","AGCTATTTAATCCAAC-1"
"Layer 5","AGCTCCATATATGTTC-1"
"Layer 5","AGCTCCTTCGCACATC-1"
"Layer 4","AGCTCGTTGATGGAAA-1"
"Layer 3","AGCTCTAGACGTTCCA-1"
"Layer 3","AGCTCTTCCCAGTGCA-1"
"Layer 2","AGCTCTTCGTAACCTT-1"
"Layer 3","AGCTCTTTACTCAGTT-1"
"Layer 3","AGCTGAAGTAAACCAA-1"
"Layer 5","AGCTGTAACCTCAATC-1"
"Layer 4","AGCTTATAGAGACCTG-1"
"Layer 5","AGCTTCTTCTCGAGCA-1"
"Layer 3","AGCTTGATCTTAACTT-1"
"Layer 4","AGGAACGAACGACTTC-1"
"Layer 6","AGGAAGCTGTCCGCCG-1"
"Layer 3","AGGACAGTCGAATCCC-1"
"Layer 2","AGGACATCGCACGTCG-1"
"Layer 4","AGGACATCGGCACACT-1"
"Layer 3","AGGACGACCCATTAGA-1"
"Layer 3","AGGACGCTCGATGTTG-1"
"Layer 3","AGGAGACATCCACAGT-1"
"Layer 3","AGGAGAGTCTGGCTAC-1"
"Layer 4","AGGAGGCCTTCGCGCG-1"
"Layer 5","AGGATAAAGTCGGGAT-1"
"Layer 3","AGGATATAGGGATTTA-1"
"Layer 6","AGGATATCCGACTGCA-1"
"Layer 3","AGGATTGCTTACGACA-1"
"Layer 4","AGGCAAAGAGGAATCA-1"
"Layer 4","AGGCACGTGACTGTCC-1"
"Layer 1","AGGCAGATGCGTAAAC-1"
"Layer 6","AGGCAGGGAGCGTACT-1"
"Layer 4","AGGCATTGTCGTAGGG-1"
"Layer 2","AGGCCACATTGGTTAC-1"
"Layer 1","AGGCCACCCGTTATGA-1"
"Layer 3","AGGCCCATTGTACAGG-1"
"Layer 4","AGGCCCTAGAACGCCA-1"
"WM","AGGCCTATCATACCAA-1"
"Layer 6","AGGCCTGAGAATCTCG-1"
"Layer 3","AGGCGATAACTGGCGT-1"
"Layer 4","AGGCGTCTATGGACGG-1"
"Layer 1","AGGCTATGGTTAGCTT-1"
"WM","AGGCTTAAGTTGCACA-1"
"Layer 5","AGGCTTCCCGAAGAAG-1"
"Layer 4","AGGGAAACGAGGTACT-1"
"Layer 1","AGGGACCGGCTGCGTT-1"
"Layer 5","AGGGACTCTACGCGAC-1"
"Layer 3","AGGGAGACATACTTCG-1"
"Layer 4","AGGGCAGCGGCGTGGT-1"
"Layer 4","AGGGCCCTAATGTTCT-1"
"Layer 2","AGGGCGTGATCGGCTA-1"
"Layer 3","AGGGCTGCAGTTACAG-1"
"WM","AGGGTCAGAGCACTCG-1"
"Layer 4","AGGGTCAGTAACCCTA-1"
"Layer 2","AGGGTCGATGCGAACT-1"
"Layer 4","AGGGTCTGGACGCAGT-1"
"Layer 6","AGGGTGCCGTTCTTTA-1"
"Layer 1","AGGGTGCTCTCGAGGG-1"
"WM","AGGGTTCAGACGGTCC-1"
"Layer 1","AGGGTTCCCTTTGGTT-1"
"Layer 3","AGGGTTTAGTTCGGGA-1"
"Layer 3","AGGTAACCTCCTATTC-1"
"Layer 3","AGGTACGATATTGCCA-1"
"Layer 6","AGGTAGATCGAGATAT-1"
"Layer 3","AGGTAGGTACAAAGCT-1"
"Layer 1","AGGTATAATTGATAGT-1"
"Layer 2","AGGTATGCGGACATTA-1"
"Layer 4","AGGTCGCCTCCCAACA-1"
"Layer 3","AGGTCGCGGAGTTACT-1"
"Layer 5","AGGTGCACGTCCACAT-1"
"Layer 6","AGGTGGTGACCTTCGC-1"
"Layer 4","AGGTGTTGCCGACCAC-1"
"Layer 2","AGGTTACACCATGCCG-1"
"Layer 2","AGGTTGAGGCACGCTT-1"
"Layer 3","AGGTTTCACACACCTT-1"
"Layer 4","AGTAACGTTCATCCTG-1"
"Layer 5","AGTAACTATAGCAGCC-1"
"Layer 6","AGTAATCTAAGGGTGG-1"
"Layer 3","AGTAATGTCTTGCCGC-1"
"Layer 6","AGTACAGAAGCTTATA-1"
"Layer 3","AGTACATCATTTATCA-1"
"Layer 4","AGTACCTTCGAGTGCT-1"
"Layer 1","AGTACGGGCACCTGGC-1"
"Layer 5","AGTACTCTTATGCCCA-1"
"WM","AGTAGAAGGCGCCTCA-1"
"Layer 4","AGTAGCGTGAACGAAC-1"
"Layer 3","AGTAGGAAGGAAGTTG-1"
"Layer 3","AGTAGGTAACATACAT-1"
"Layer 1","AGTATAATACTAGGCA-1"
"Layer 6","AGTATACACAGCGACA-1"
"Layer 6","AGTATGCTGGAGACCA-1"
"Layer 6","AGTATTTGGCACGACC-1"
"Layer 6","AGTCAAATGATGTGAT-1"
"Layer 3","AGTCAACACCACCATC-1"
"Layer 4","AGTCAAGATGACACTT-1"
"Layer 5","AGTCACTAGCTCTCGA-1"
"Layer 3","AGTCACTCCGCCTCAT-1"
"Layer 3","AGTCCATTGGCTGATG-1"
"Layer 3","AGTCCCGCCTTTAATT-1"
"Layer 3","AGTCCCTCGCAGAAAG-1"
"Layer 3","AGTCGACGGTCTCAAG-1"
"Layer 1","AGTCGGCCCAAACGAC-1"
"Layer 4","AGTCGGCTCAACTTTA-1"
"Layer 2","AGTCGGTTGCGTGAGA-1"
"Layer 6","AGTCGTATAAAGCAGA-1"
"Layer 5","AGTCGTCGACCACCAA-1"
"Layer 5","AGTCGTGGGCATTACG-1"
"Layer 3","AGTCTAAAGTATACTC-1"
"Layer 5","AGTCTCACAAGACTAC-1"
"Layer 1","AGTCTTCTCCTCAAAT-1"
"Layer 6","AGTCTTTAAAGTGTCC-1"
"Layer 3","AGTGAACAAACTTCTC-1"
"Layer 3","AGTGAAGATGGTGTCC-1"
"Layer 4","AGTGACCTACTTTACG-1"
"Layer 6","AGTGACTGTGACACAA-1"
"Layer 2","AGTGAGACTTCCAGTA-1"
"Layer 2","AGTGAGCCTCGCCGCC-1"
"Layer 5","AGTGAGTCGAATTAAC-1"
"Layer 5","AGTGATAACCTGCGCG-1"
"Layer 4","AGTGATATGAGTAGTT-1"
"Layer 1","AGTGATTCAAGCAGGA-1"
"Layer 5","AGTGCACGCTTAAGAA-1"
"Layer 4","AGTGCGTAGCTCGTAA-1"
"Layer 5","AGTGCTAAACACAGCA-1"
"Layer 3","AGTGCTTGCACGAATA-1"
"Layer 6","AGTGGCCCGCAAATGG-1"
"Layer 3","AGTGGCGGCAATTTGA-1"
"Layer 6","AGTGGCGTCTGAAGGT-1"
"Layer 3","AGTGTATTGCGCATTG-1"
"Layer 3","AGTTAAACACTTGCGA-1"
"Layer 3","AGTTAAGCGGTCCCGG-1"
"Layer 5","AGTTAAGTCAACCGCT-1"
"Layer 3","AGTTACTCTATCGTGG-1"
"Layer 4","AGTTATTGAAAGGTAA-1"
"Layer 2","AGTTCCTACAGAATTA-1"
"Layer 3","AGTTCCTATTTATGTT-1"
"Layer 3","AGTTGACATCGGCTGG-1"
"Layer 6","AGTTGACGGTCCTTGC-1"
"Layer 5","AGTTGGCAAGGCTAGA-1"
"Layer 3","AGTTTATGTAAAGACA-1"
"Layer 3","AGTTTCGCAGGTCGGA-1"
"Layer 5","AGTTTGCACCTGCCTC-1"
"Layer 3","AGTTTGGCACGGGTTG-1"
"Layer 4","AGTTTGGCCAGACCTA-1"
"Layer 4","ATAAACCATTGGACGG-1"
"Layer 4","ATAAACGGACCCGTAA-1"
"Layer 5","ATAAACGTTGCACCAC-1"
"Layer 3","ATAAAGGCTCGGTCGT-1"
"Layer 4","ATAAAGGTCAAGTACG-1"
"Layer 3","ATAAATATTAGCAGCT-1"
"Layer 2","ATAACGCCGGAGGGTC-1"
"Layer 1","ATAACGGAGTCCAACG-1"
"Layer 4","ATAAGCAAACACCGAG-1"
"Layer 5","ATAAGGTGGAGAACAT-1"
"Layer 4","ATAAGTACCCGATTGT-1"
"Layer 3","ATAAGTAGGATTCAGA-1"
"Layer 1","ATAAGTAGGGCGACTC-1"
"Layer 4","ATAAGTTACCGCGACG-1"
"Layer 4","ATAATAGCTGTTGAAT-1"
"Layer 1","ATAATAGTGTAGGGAC-1"
"Layer 6","ATAATCTTGGAGAACC-1"
"Layer 6","ATAATTAGCTAAGTAG-1"
"Layer 5","ATACAGGCCCTCCAAT-1"
"Layer 3","ATACCACGGGCAACTT-1"
"Layer 4","ATACCAGCAAATTGCT-1"
"Layer 3","ATACCAGGCTAATAGA-1"
"Layer 4","ATACCAGGTGAGCGAT-1"
"Layer 4","ATACCGTCATCCATAA-1"
"Layer 6","ATACCTAACCAAGAAA-1"
"Layer 2","ATACGAAGGCTTTCCA-1"
"WM","ATACGAGGTTTGTAAG-1"
"Layer 3","ATACGCCGGCGAAACC-1"
"Layer 5","ATACGGAACGTCGTTT-1"
"Layer 2","ATACGGGTTTCGATTG-1"
"Layer 5","ATACGTACTTAGCCAC-1"
"Layer 3","ATACGTCCACTCCTGT-1"
"Layer 6","ATACGTTATGCACGGA-1"
"Layer 5","ATACTACCCGTACCAC-1"
"Layer 1","ATACTAGCATGACCCT-1"
"Layer 3","ATACTCTCGCCACTCT-1"
"Layer 5","ATACTGCCTTACACCG-1"
"Layer 2","ATAGACAACGGGACCT-1"
"Layer 2","ATAGACGAAGAGAAAG-1"
"Layer 1","ATAGAGTACTGGGACA-1"
"Layer 2","ATAGAGTTATCAACTT-1"
"Layer 4","ATAGATTTGCAGTCGG-1"
"Layer 5","ATAGCAACTAGGGAAG-1"
"Layer 5","ATAGCCATAACAGTCA-1"
"Layer 3","ATAGGCGGCTATAGAA-1"
"Layer 3","ATAGGCTAGCTTCGCA-1"
"Layer 2","ATAGGGATATCCTTGA-1"
"Layer 1","ATAGGTTGGGCAGATG-1"
"Layer 3","ATAGTGAAGCGTTCTC-1"
"Layer 1","ATAGTTCCACCCACTC-1"
"Layer 6","ATATAAAGCGCTCGTG-1"
"Layer 5","ATATAAATGTAGCTGC-1"
"Layer 6","ATATAACACGGGCGCA-1"
"Layer 5","ATATACGCTCGTGACG-1"
"Layer 1","ATATCAACCTACAGAG-1"
"Layer 1","ATATCGGTAGGGAGAT-1"
"Layer 4","ATATCGTGCCAGACCC-1"
"Layer 5","ATATCGTTCCTCGAAC-1"
"Layer 3","ATATCTCCCTCGTTAA-1"
"Layer 3","ATATCTTAGGGCCTTC-1"
"WM","ATATGGGATAGCAACT-1"
"WM","ATATGTCTAGAGCGTG-1"
"Layer 1","ATATGTCTCCCTAGCC-1"
"Layer 4","ATATGTGCACAAACCA-1"
"Layer 4","ATATTCAGTTAAACCT-1"
"Layer 5","ATATTCCACATAGTGA-1"
"Layer 3","ATATTCCCACAGGTCA-1"
"Layer 1","ATATTGCTGTCAAAGT-1"
"Layer 3","ATATTGGAGAGGCCTT-1"
"Layer 2","ATATTTAACCCTCAAG-1"
"Layer 3","ATCAAACACTGTTCCA-1"
"Layer 4","ATCAAACGAAGGTTTG-1"
"WM","ATCAAAGAGCCGTGGT-1"
"WM","ATCAAGATCCCAGGAC-1"
"Layer 3","ATCAATCTGGGCTGCA-1"
"Layer 6","ATCAATGCCGTGGCTG-1"
"Layer 3","ATCACATTAGAATATC-1"
"Layer 4","ATCACGTGCTAATTAA-1"
"Layer 2","ATCACTTCATCCTCGC-1"
"Layer 4","ATCAGACGGCACGCCG-1"
"Layer 5","ATCAGCCTCATGCTGC-1"
"Layer 3","ATCAGGTAGCTGACAG-1"
"Layer 2","ATCAGTAGGCAGGGAT-1"
"WM","ATCATAGATCGACGAG-1"
"Layer 5","ATCATAGCCCTATGTA-1"
"Layer 3","ATCATCCAATATTTGT-1"
"Layer 1","ATCATGGACTACCGAC-1"
"Layer 1","ATCCAACGCAGTCATA-1"
"Layer 3","ATCCAATGGAGGGTCC-1"
"Layer 6","ATCCACATCGACAGAA-1"
"Layer 4","ATCCACTTTCAGACTA-1"
"Layer 5","ATCCAGAGCAACAACC-1"
"Layer 3","ATCCAGGATTCGTGAA-1"
"WM","ATCCCATTTCCGTGGG-1"
"Layer 4","ATCCGGACCAGCCTGA-1"
"Layer 4","ATCCTACCTAAGCTCT-1"
"Layer 3","ATCCTGAATCGCTGCG-1"
"Layer 4","ATCCTGCGTGGAATGG-1"
"Layer 4","ATCCTGCTGCAGATAG-1"
"Layer 2","ATCCTTCTGAAAGAAC-1"
"Layer 3","ATCGACCCAATACAGA-1"
"Layer 1","ATCGACTCTTTCCGTT-1"
"Layer 1","ATCGCACGCCGGGAGA-1"
"Layer 3","ATCGCCAGTCAACATT-1"
"Layer 4","ATCGCCGTGGTTCATG-1"
"Layer 3","ATCGCTGCGTGCAGCA-1"
"Layer 2","ATCGCTTTACGTCTCA-1"
"Layer 5","ATCGGAGACAGACGGC-1"
"Layer 3","ATCGGCAAGCAGTCCA-1"
"Layer 6","ATCGTGGAAAGTCTGG-1"
"Layer 5","ATCGTTAGCTAGCGGA-1"
"Layer 5","ATCTAATATCCTACGG-1"
"Layer 6","ATCTACCATCTGCTCC-1"
"WM","ATCTAGCTTGTGAGGG-1"
"Layer 5","ATCTCCCACGGAATAT-1"
"Layer 3","ATCTCCCTGCAATCTA-1"
"Layer 3","ATCTCGTGAGCGAAAC-1"
"Layer 6","ATCTGACATGGAAGGA-1"
"Layer 2","ATCTGCACCTCTGCGA-1"
"WM","ATCTGCTGTTATCGCC-1"
"Layer 6","ATCTGGGCTGTTCTTG-1"
"Layer 1","ATCTGGTTAAGACTGT-1"
"Layer 3","ATCTGTAATTGTACCC-1"
"Layer 5","ATCTTATCGCACACCC-1"
"Layer 1","ATCTTGACCTGCAACG-1"
"Layer 3","ATCTTGACTTGTCCAA-1"
"Layer 3","ATCTTTCGTATAACCA-1"
"Layer 1","ATGAAGCCAAGGAGCC-1"
"Layer 3","ATGACGCCGGCTCTAA-1"
"Layer 5","ATGACGCGTTCTATCC-1"
"Layer 6","ATGACTATCAGCTGTG-1"
"Layer 4","ATGACTATGCGACATT-1"
"Layer 1","ATGAGGAGTGTTAATC-1"
"Layer 2","ATGAGGGCAGCGGCTA-1"
"Layer 2","ATGATCGGGAATAGAC-1"
"Layer 4","ATGATGCAATGGTACA-1"
"Layer 1","ATGCACTACCGCATTG-1"
"Layer 4","ATGCCAATCGCTCTGC-1"
"Layer 3","ATGCCATTTGCGACCA-1"
"Layer 2","ATGCCGGTCTTGCATA-1"
"Layer 3","ATGCCGGTTGATGGGA-1"
"Layer 4","ATGCGACAATTGGTCC-1"
"Layer 3","ATGCGACAGTCCCATT-1"
"Layer 3","ATGCGAGTCCCACCAC-1"
"Layer 6","ATGCTCTGGCGCGGTA-1"
"Layer 4","ATGCTTAGGAGTTGAT-1"
"Layer 1","ATGGAACCTTTGCACA-1"
"WM","ATGGACTGCTTAGTTG-1"
"Layer 3","ATGGAGCAGGCCGTGA-1"
"Layer 3","ATGGATCCGGCGTCCG-1"
"Layer 1","ATGGATTGACCAAACG-1"
"Layer 3","ATGGCGGAATAGTCGC-1"
"Layer 4","ATGGGAACGGAAGCGG-1"
"Layer 6","ATGGGACCTGCTGAAC-1"
"Layer 3","ATGGGCCTCGGCCTCT-1"
"Layer 6","ATGGGTGTATACCTCC-1"
"WM","ATGGTATTGGGAACCG-1"
"Layer 3","ATGGTCGCGTGGTTTC-1"
"Layer 4","ATGGTGCTCAAAGCCA-1"
"Layer 4","ATGGTTACGAAACATG-1"
"Layer 2","ATGTAAGGCTGCTCTT-1"
"Layer 5","ATGTACATGCGGTGAG-1"
"Layer 6","ATGTACGATGACGTCG-1"
"WM","ATGTAGCGCGCGTAGG-1"
"WM","ATGTCATAATAAACGA-1"
"WM","ATGTCTTGTTTGACTC-1"
"Layer 1","ATGTGCATCCGACGCA-1"
"Layer 4","ATGTGGACATCTTGAT-1"
"Layer 2","ATGTTACGAGCAATAC-1"
"Layer 6","ATGTTGATTAGAGACT-1"
"Layer 6","ATGTTGTAGTCTGTTT-1"
"Layer 3","ATGTTTCGGCCCGGAG-1"
"Layer 3","ATTAAACATGCGGACC-1"
"Layer 1","ATTAATACTACGCGGG-1"
"Layer 2","ATTAATGAACCAGTCG-1"
"Layer 3","ATTAATTCGGTCACTC-1"
"Layer 4","ATTACAACTACCGGCC-1"
"Layer 3","ATTACATGTCAGTCTT-1"
"Layer 3","ATTACCACACTGCCTG-1"
"Layer 4","ATTACGACTCCACAGT-1"
"Layer 3","ATTACGCGCTGGCAGG-1"
"Layer 1","ATTACTAGCCTCTTGC-1"
"Layer 3","ATTACTTACTGGGCAT-1"
"Layer 3","ATTAGATTCCTCAGCA-1"
"Layer 1","ATTAGATTGATAGCGG-1"
"Layer 3","ATTAGGCGATGCTTTC-1"
"Layer 3","ATTATACTTTGCTCGT-1"
"Layer 2","ATTATAGCTACTTTAC-1"
"WM","ATTATCGGAATGTACG-1"
"Layer 4","ATTATCTCGACAGATC-1"
"Layer 1","ATTATGCCATAGGGAG-1"
"Layer 6","ATTATTATGTCCGTCA-1"
"Layer 5","ATTATTCAGAGTCACT-1"
"Layer 5","ATTCAACCATTTAAGG-1"
"Layer 5","ATTCACTGATGTTGGA-1"
"Layer 3","ATTCAGGACCTATTTC-1"
"Layer 1","ATTCAGTAGCAGGGTC-1"
"Layer 4","ATTCATATACTGTCCA-1"
"Layer 6","ATTCATCGTTGAGGCA-1"
"Layer 1","ATTCCCACATAAACAA-1"
"Layer 4","ATTCCTAAGACGTGGA-1"
"Layer 3","ATTCCTTCCAGGCGGT-1"
"Layer 3","ATTCGACGCCGGGCCT-1"
"Layer 5","ATTCGCGCCTTGAGAG-1"
"Layer 4","ATTCGTCCCGAGGTTA-1"
"Layer 2","ATTCGTGCTATCTCTT-1"
"Layer 3","ATTCTCGTCTCTTTAG-1"
"Layer 2","ATTGAAGATCTTAGTG-1"
"Layer 3","ATTGACCGGCGATGAC-1"
"Layer 4","ATTGACGTAACTCGGT-1"
"Layer 2","ATTGATAGCAACGAGA-1"
"Layer 1","ATTGATGAGTCCTAAC-1"
"Layer 6","ATTGCCTATTAGACCG-1"
"Layer 6","ATTGCCTTTATGTTTG-1"
"Layer 4","ATTGCGATCAGTAACT-1"
"Layer 3","ATTGCTGCTCCTCCAT-1"
"Layer 5","ATTGGATTACAGCGTA-1"
"Layer 3","ATTGGGAATATCTTGG-1"
"Layer 4","ATTGGGAGTTCTGTAA-1"
"Layer 5","ATTGGTTGTGCATTAC-1"
"Layer 1","ATTGTACAACTCGGCT-1"
"Layer 3","ATTGTCGCAATACCTT-1"
"WM","ATTGTCTGTTTCATGT-1"
"Layer 4","ATTGTGACTTCGCTGC-1"
"Layer 3","ATTGTTCAACGATCCG-1"
"Layer 3","ATTTAACTCGTATTAC-1"
"Layer 2","ATTTACAGTTTACTGG-1"
"Layer 3","ATTTACTAAGTCCATT-1"
"Layer 6","ATTTATACTGGTAAAG-1"
"Layer 3","ATTTCATTATTTCGCG-1"
"Layer 5","ATTTCCGGGTTCTGCG-1"
"Layer 4","ATTTGCCTAGTTACGA-1"
"Layer 5","ATTTGCGCGAGTAGCT-1"
"Layer 3","ATTTGTCTTGGGAGCT-1"
"Layer 2","ATTTGTTCCAGGGCTC-1"
"Layer 6","CAAACCATAAGCGTAT-1"
"WM","CAAACCCTCCGGCGGG-1"
"Layer 4","CAAACGAGTATCGCAG-1"
"Layer 2","CAAACGGTCGCACTTT-1"
"Layer 4","CAAACGTGGTCTTGCG-1"
"Layer 4","CAAACTACGATAGAGA-1"
"Layer 4","CAAACTATTGAGCTTC-1"
"Layer 3","CAAACTCGCGACGCCG-1"
"Layer 5","CAAAGATTATTGGGCC-1"
"Layer 2","CAAAGGTCATCTGAAA-1"
"Layer 4","CAAATCTCTCACAAGG-1"
"Layer 4","CAAATGCGGAGTGTTC-1"
"Layer 4","CAAATGTCCTTCCGTG-1"
"Layer 3","CAAATTGGATTATGCC-1"
"Layer 3","CAAATTGTCAGCAAGC-1"
"Layer 3","CAACACATCTCCTGCC-1"
"Layer 4","CAACCAGTGGCCTACC-1"
"Layer 5","CAACCTACCGAGCAGT-1"
"Layer 3","CAACCTGAACCTGCCA-1"
"Layer 1","CAACGACCCGTTTACA-1"
"Layer 4","CAACGATCGATCCAAT-1"
"WM","CAACGCGATGAGCCAA-1"
"Layer 1","CAACGGTTCTTGATAC-1"
"Layer 4","CAACGTGGTGGAGTCT-1"
"Layer 3","CAACTATATCGAATGC-1"
"Layer 4","CAACTCCAACGTTTAG-1"
"Layer 4","CAACTCCGTAACTTGC-1"
"Layer 1","CAACTCCTTGATCCCG-1"
"Layer 4","CAACTGAGGGTATGAC-1"
"Layer 6","CAACTGCTCATCCGAT-1"
"Layer 3","CAACTTGTAGTGGGCA-1"
"Layer 4","CAAGAAACCCTAAACT-1"
"Layer 3","CAAGACTCAGAAGCGC-1"
"Layer 4","CAAGAGGGCGGAGTAC-1"
"Layer 3","CAAGATATTATAACGT-1"
"Layer 2","CAAGCAACGTCGGAGT-1"
"Layer 2","CAAGCACCAAATGCCT-1"
"Layer 5","CAAGCGGCACATAATT-1"
"Layer 3","CAAGGATCGCATGTTC-1"
"Layer 5","CAAGGCCAGTGGTGCA-1"
"Layer 2","CAAGGTCCTATAGGCT-1"
"WM","CAAGTAAGTGATAGAC-1"
"WM","CAAGTCGTTGAAATCT-1"
"Layer 4","CAAGTGAACTTTGGTT-1"
"Layer 3","CAAGTGTGGTTGCAAA-1"
"Layer 1","CAATAAACCTTGGCCC-1"
"Layer 2","CAATACGAGAGTCTGA-1"
"Layer 5","CAATATTCTTGACCTA-1"
"Layer 4","CAATCCCTATACCAGC-1"
"Layer 2","CAATCCTGCCGTGGAG-1"
"WM","CAATGACCCTTAATTT-1"
"Layer 3","CAATGAGGTTCGACTA-1"
"Layer 5","CAATGCGAGAAGTATC-1"
"Layer 1","CAATGGATCTCTACCA-1"
"Layer 4","CAATGGTCGGCCTGGG-1"
"Layer 1","CAATGTGCCAACCCTT-1"
"Layer 1","CAATTAAGGGTGATGA-1"
"Layer 3","CAATTTCGTATAAGGG-1"
"Layer 5","CACAAACCGCAGAACT-1"
"Layer 4","CACAAGAAAGATATTA-1"
"Layer 3","CACAATGAGCTGCTAT-1"
"Layer 5","CACACACGCTAACGAG-1"
"Layer 3","CACACAGCTTGCGCTC-1"
"Layer 1","CACACAGGGATAGATT-1"
"Layer 1","CACACGCGCTGTCTTA-1"
"Layer 4","CACACGTTTCAATGGG-1"
"Layer 4","CACACTTGTATTGCGA-1"
"Layer 6","CACAGAGACGAGGACG-1"
"Layer 2","CACAGCACCCACGGCA-1"
"Layer 1","CACAGCTAGGGAGTGA-1"
"Layer 5","CACAGGGCCATATAGT-1"
"Layer 6","CACAGGGCCGTTGTCA-1"
"Layer 5","CACAGTCCCGCTTCGC-1"
"Layer 4","CACAGTTCGCTTCCCA-1"
"Layer 4","CACATATTAGCAGGAT-1"
"Layer 6","CACATCGTGCACGCGC-1"
"Layer 5","CACATCTCACCGACGA-1"
"Layer 3","CACATGATTCAGCAAC-1"
"Layer 3","CACATTCTTTCGATGG-1"
"Layer 3","CACATTTCTTGTCAGA-1"
"Layer 6","CACCAGTCAGCATGCA-1"
"Layer 3","CACCATCGGAGGAGAC-1"
"Layer 4","CACCATGATCGCAAAG-1"
"Layer 2","CACCCACACGTCACCC-1"
"Layer 3","CACCCACGAGGCAATT-1"
"Layer 5","CACCCGCGTTTGACAC-1"
"Layer 5","CACCCGGTTTGTGACT-1"
"Layer 5","CACCCTAACAAGATCT-1"
"Layer 3","CACCCTTTCCTCGCTC-1"
"Layer 4","CACCGATACACCGAGC-1"
"Layer 5","CACCGATGATGGGTAC-1"
"Layer 1","CACCGCCAGAAGGTTT-1"
"Layer 4","CACCGCCGACCAGCGA-1"
"Layer 4","CACCGCGTCCACTCTA-1"
"Layer 6","CACCGGGCATCACAAG-1"
"Layer 4","CACCGTATCCCATCCG-1"
"Layer 5","CACCGTTAGGGATCAC-1"
"Layer 4","CACCGTTGCGCGATAT-1"
"Layer 2","CACCTAATCAGTTTAC-1"
"Layer 3","CACCTCGATGGTGGAC-1"
"Layer 2","CACCTTGCGAAACTCG-1"
"Layer 3","CACCTTGGCGCCTTTG-1"
"Layer 2","CACGAAAGTTAGTCCC-1"
"Layer 4","CACGACTAAAGTTCTG-1"
"Layer 4","CACGATTGGTCGTTAA-1"
"Layer 1","CACGCACAGCGCAGCT-1"
"Layer 2","CACGCAGCGAGGCTTT-1"
"Layer 3","CACGCGGAACTGTTGC-1"
"Layer 3","CACGGACGTGGATGGC-1"
"Layer 4","CACGGCGCGCCAAAGG-1"
"Layer 4","CACGTCAATCAATGGA-1"
"Layer 4","CACGTCGGCAACCTCT-1"
"Layer 3","CACGTTCGTGCTCTAG-1"
"Layer 5","CACGTTTCGTACACAC-1"
"Layer 3","CACTAAAGTTGCCTAT-1"
"Layer 5","CACTACGGGAGCTGCC-1"
"Layer 4","CACTACTCAGTTCTGT-1"
"Layer 3","CACTCAAGAGCTATGG-1"
"Layer 3","CACTCAGCTCTTGAGG-1"
"Layer 5","CACTCCTATGTAAGAT-1"
"Layer 3","CACTCCTCTCGGTCGG-1"
"Layer 4","CACTCGAGCTGAACAA-1"
"WM","CACTCTCAAGCATCGA-1"
"Layer 5","CACTCTTCTGCTAGCC-1"
"Layer 6","CACTGACGATTGTGGA-1"
"Layer 1","CACTGTCCAAGTGAGA-1"
"Layer 3","CACTTAATCAGACGGA-1"
"Layer 1","CACTTCGCCACAGGCT-1"
"Layer 5","CAGAACTTAGCCCTCT-1"
"Layer 4","CAGAATAACACACGGA-1"
"Layer 3","CAGAATATTCGTTATC-1"
"Layer 5","CAGACACCGATCGCTG-1"
"Layer 1","CAGACCTGTAAGTGTT-1"
"Layer 5","CAGACGAACCTGATAC-1"
"Layer 5","CAGAGACGGTCACCCA-1"
"Layer 1","CAGAGCATGAGCTTGC-1"
"Layer 4","CAGAGCGATGGATGCT-1"
"Layer 5","CAGAGGCGATGCATGA-1"
"Layer 4","CAGAGTGATTTAACGT-1"
"Layer 5","CAGATAATGGGCGGGT-1"
"Layer 1","CAGATACTAACATAGT-1"
"Layer 6","CAGATATGAAGATGAC-1"
"Layer 3","CAGATCATTTAAAGTC-1"
"Layer 1","CAGCAGCCCGTTCCTT-1"
"Layer 4","CAGCAGTCCAGACTAT-1"
"Layer 6","CAGCAGTCTGTGCTGC-1"
"Layer 4","CAGCCCTCACAGGCAG-1"
"Layer 4","CAGCCGGGCCCTCTAT-1"
"Layer 2","CAGCCTCCTGCAGAGG-1"
"Layer 4","CAGCCTCGATAGCGGT-1"
"Layer 3","CAGCCTCTCCTCAAGA-1"
"Layer 5","CAGCGATTCCCTTCAA-1"
"Layer 3","CAGCTCACTGAGACAT-1"
"Layer 1","CAGCTCGACAAGTTAA-1"
"Layer 3","CAGCTCGTGCTTGTGT-1"
"WM","CAGCTCTGGGCTCACT-1"
"Layer 2","CAGCTTAGTAGGTAGC-1"
"Layer 4","CAGGAAGACTTTATAT-1"
"Layer 2","CAGGACAGCTGCCCTT-1"
"Layer 3","CAGGATATATCGTTGT-1"
"Layer 4","CAGGATCCGCCCGACC-1"
"Layer 6","CAGGCAGTCTTACCAG-1"
"Layer 3","CAGGCCGTTTGGGTGT-1"
"Layer 5","CAGGCGCACGGTGGTC-1"
"Layer 5","CAGGCGCCATGCTAGG-1"
"Layer 4","CAGGTTTAGTACTACA-1"
"Layer 3","CAGTAACTATTTATTG-1"
"Layer 3","CAGTACATTCTCTAAA-1"
"Layer 2","CAGTAGCCCACGCGGT-1"
"Layer 4","CAGTAGCGAGGTAGTA-1"
"Layer 4","CAGTCCAACGCCTTCT-1"
"Layer 3","CAGTCGAGGATGCAAT-1"
"Layer 3","CAGTCTCTCGGCTAAT-1"
"Layer 3","CAGTCTGTATACTGGG-1"
"Layer 2","CAGTGAATAAATGACT-1"
"Layer 2","CAGTGTCCGCAGAATG-1"
"Layer 5","CAGTGTCGGCTGGCCC-1"
"Layer 1","CAGTTCAAATTGACAC-1"
"Layer 1","CAGTTCCGCGGGTCGA-1"
"WM","CAGTTCGAGGACCCGA-1"
"Layer 2","CATAACGGACAGTCGT-1"
"Layer 5","CATAAGAAGCTTGGCT-1"
"Layer 4","CATAATGAGCGGGCGA-1"
"Layer 3","CATACAAAGCCGAACC-1"
"Layer 6","CATACACGGTTCCCAC-1"
"Layer 3","CATACCCGTACCCAGT-1"
"Layer 6","CATACGAACTAGCTGG-1"
"Layer 3","CATACGGCGTCTGGGC-1"
"Layer 3","CATACTATGTAATTGT-1"
"Layer 1","CATACTTAGGCAATAC-1"
"WM","CATACTTCTTTCTCCG-1"
"Layer 6","CATAGAGGAGATACTA-1"
"Layer 5","CATAGCGTTGCCCACC-1"
"Layer 3","CATAGTACATTGAGAG-1"
"Layer 1","CATAGTAGCATAGTAG-1"
"Layer 6","CATAGTCAAATACATA-1"
"Layer 4","CATAGTCCACAAGAAC-1"
"Layer 4","CATAGTGGGCACGCCT-1"
"Layer 3","CATATACTACTGATAA-1"
"Layer 3","CATATAGGTACAGTCA-1"
"Layer 4","CATATGTCAGGCTACG-1"
"Layer 4","CATATTATTTGCCCTA-1"
"Layer 4","CATCAAACTGGCGCCC-1"
"Layer 3","CATCATCTACCCGGAC-1"
"Layer 5","CATCATTACCCTGAGG-1"
"Layer 5","CATCCCGAGATTCATA-1"
"Layer 5","CATCCTCTCAAAGATC-1"
"Layer 3","CATCGCCCGCGGCCAA-1"
"Layer 3","CATCGGACGGGTTAAT-1"
"Layer 4","CATCTACCCGAGAACG-1"
"Layer 2","CATCTAGTGAAGGGAA-1"
"Layer 3","CATCTATCCCGTGTCT-1"
"Layer 1","CATCTTACACCACCTC-1"
"Layer 3","CATGAACCGACATTTG-1"
"Layer 4","CATGAACCTCTTATCA-1"
"Layer 2","CATGACTTCGCTGAAT-1"
"Layer 6","CATGAGATGCACTCTC-1"
"WM","CATGAGTCCATCACGG-1"
"Layer 6","CATGATACGGTGAAAC-1"
"Layer 5","CATGATCGCTTTGAGA-1"
"Layer 2","CATGATGCACAATTCT-1"
"Layer 3","CATGATGGAAGTTAGC-1"
"WM","CATGCACATGAGAGGC-1"
"Layer 4","CATGCATGGAGACCCT-1"
"Layer 2","CATGCGACCAGTTTAA-1"
"Layer 3","CATGCGTTAGACAGAA-1"
"WM","CATGCGTTGAGAGGAG-1"
"Layer 3","CATGCTGGCTCCAATT-1"
"Layer 5","CATGGATTGTCTTCCG-1"
"Layer 2","CATGGCAGGAAGATCG-1"
"Layer 5","CATGGGTATGCCTTAT-1"
"Layer 3","CATGGGTCGGGTGTGG-1"
"Layer 3","CATGGTAAGTAGCGTT-1"
"Layer 1","CATGGTCTAGATACCG-1"
"Layer 5","CATGGTTTATTAATCA-1"
"Layer 5","CATGTAAGAGACATTT-1"
"Layer 4","CATGTAGGAGCGCCAA-1"
"Layer 4","CATGTCTCATTTATGG-1"
"Layer 6","CATGTGGGCTCATCAC-1"
"Layer 3","CATTACATAGATTGTG-1"
"Layer 5","CATTACGCAGGAAGGG-1"
"Layer 2","CATTACGTCGGCCCGT-1"
"Layer 4","CATTATAACAGGGTCC-1"
"Layer 6","CATTATCCCATTAACG-1"
"Layer 1","CATTATGCTTGTTGTG-1"
"Layer 3","CATTCCCATTCCGTCG-1"
"Layer 4","CATTCGTCGTAGCGGT-1"
"Layer 3","CATTGATGAACACGCC-1"
"Layer 3","CATTGCGGGTCAATTC-1"
"Layer 2","CATTTAGCGGACCATG-1"
"Layer 4","CATTTATCGTTCAAGA-1"
"Layer 5","CATTTGAGTGGTACGT-1"
"Layer 1","CCAAACAGAACCCTCG-1"
"Layer 4","CCAAAGTCCCGCTAAC-1"
"Layer 3","CCAAATAACAAGATTC-1"
"WM","CCAAATCAAAGGGCAA-1"
"WM","CCAACCTTATGTAACT-1"
"Layer 2","CCAACGATGCACTGAT-1"
"Layer 2","CCAACTTGATAGATCC-1"
"Layer 5","CCAAGAAAGTGGGCGA-1"
"Layer 2","CCAAGACTTCTGCGAA-1"
"Layer 2","CCAAGCGTAACTCGTA-1"
"Layer 3","CCAAGGAACAGAGAGG-1"
"Layer 5","CCAAGGTTGCCCTTTC-1"
"Layer 3","CCAATAGTGCCGTCGA-1"
"Layer 3","CCAATCGGTAGATCGA-1"
"Layer 3","CCAATGTCACAGCAAG-1"
"Layer 3","CCAATTACGGGTCGAG-1"
"Layer 1","CCAATTGAATGTTAAT-1"
"Layer 1","CCACAATGTACGTCTT-1"
"Layer 3","CCACACTGAGATATTA-1"
"Layer 3","CCACAGCTGAAATCAT-1"
"Layer 4","CCACAGTACCCATCCT-1"
"Layer 3","CCACATACTGCACCCA-1"
"Layer 5","CCACCAACTTTACTGT-1"
"Layer 3","CCACCCAAGGAAAGTG-1"
"Layer 3","CCACCTGTATGGAATA-1"
"Layer 2","CCACGAATTTAACCTC-1"
"Layer 3","CCACGAGAAGAGAATC-1"
"Layer 4","CCACGGAGCCATAAGA-1"
"WM","CCACGGCAGGTGTAGG-1"
"Layer 1","CCACGGTGCCCGGTAG-1"
"Layer 3","CCACGTAAATTAGACT-1"
"Layer 3","CCACTATCCGGGTCAC-1"
"Layer 6","CCACTCAGATCCGCAA-1"
"Layer 5","CCACTGTTTGGATTAA-1"
"Layer 5","CCAGAAACTGATGCGA-1"
"Layer 5","CCAGAAAGCAACTCAT-1"
"Layer 1","CCAGATAGTTGAGTGA-1"
"Layer 4","CCAGATGTAAATGGGT-1"
"Layer 3","CCAGCCTGGACCAATA-1"
"Layer 3","CCAGCGGGATCACCAG-1"
"Layer 3","CCAGCTACGCCTCATA-1"
"Layer 6","CCAGCTCGAACGCATT-1"
"Layer 3","CCAGGCTGGCGTCTGA-1"
"Layer 1","CCAGGGACGTGGCCTC-1"
"Layer 2","CCAGTAGTCTGATCCA-1"
"Layer 3","CCAGTCCATTATTCGA-1"
"Layer 2","CCAGTCTAGACGGCGC-1"
"Layer 6","CCAGTCTTGTCATAGA-1"
"Layer 6","CCAGTTCGGTAACTCA-1"
"Layer 3","CCATAAACAACCCGAC-1"
"Layer 2","CCATACCTTTACTTGT-1"
"Layer 2","CCATAGGTTGGCGTGG-1"
"Layer 4","CCATATGGAAACTATA-1"
"Layer 3","CCATCCATACCAAGTC-1"
"Layer 5","CCATCGCAGTTAAACT-1"
"Layer 2","CCATCTCACCAGTGAA-1"
"Layer 3","CCATCTTGTTCACAAT-1"
"Layer 5","CCATGCCCTAGATTTC-1"
"Layer 3","CCATGCCTGTTTAGTA-1"
"WM","CCATGGCAAACGCTCA-1"
"Layer 6","CCATGTTCATCTATAT-1"
"Layer 2","CCATTAGCGATAATCC-1"
"Layer 2","CCATTCCCTGCCCACA-1"
"Layer 3","CCATTGTTTCCTCCAT-1"
"Layer 5","CCATTTCTACCTATTA-1"
"Layer 1","CCCAAACATGCTGCTC-1"
"Layer 3","CCCAACATACGTCGCG-1"
"Layer 4","CCCAACCACACTAACA-1"
"Layer 5","CCCAAGTCATTACACT-1"
"Layer 6","CCCAATGAGATTTGCA-1"
"Layer 3","CCCAATTTCACAACTT-1"
"Layer 3","CCCAGAGGAGGGCGTA-1"
"WM","CCCAGATTCCCGTGAC-1"
"WM","CCCAGGAAGAATTCGA-1"
"Layer 4","CCCAGGTCTGAAGGCT-1"
"Layer 3","CCCAGTTAAGGCGCCG-1"
"Layer 4","CCCATATAGGTCGATT-1"
"Layer 4","CCCATTATTGTATCCT-1"
"Layer 2","CCCGACCATAGTCCGC-1"
"Layer 3","CCCGAGTTTCTCCGTA-1"
"Layer 2","CCCGATAGCCTCGCCT-1"
"WM","CCCGCAAATAATCATC-1"
"Layer 5","CCCGCAGCGCGAACTA-1"
"Layer 4","CCCGCAGGGCCCAAAG-1"
"Layer 1","CCCGCCATGCTCCCGT-1"
"Layer 4","CCCGCTTGCCCTCGTC-1"
"Layer 6","CCCGGGTCGTTCAGGG-1"
"Layer 3","CCCGTAAGTCTAGGCC-1"
"Layer 6","CCCGTAGCTGGGAAGA-1"
"Layer 1","CCCGTCAGCGTCTGAC-1"
"Layer 4","CCCGTTTCGCAGATGT-1"
"Layer 6","CCCTACCCACACCCAG-1"
"Layer 6","CCCTACTTGAACAATG-1"
"WM","CCCTAGCTCTAAGGTC-1"
"Layer 3","CCCTAGTGTCAGGTGT-1"
"Layer 6","CCCTATGTAGAGCAGA-1"
"WM","CCCTCAGATCGAGAAC-1"
"Layer 2","CCCTCATTCTGGAATT-1"
"Layer 4","CCCTCCTCGCTCGTAT-1"
"WM","CCCTCGATAATACACA-1"
"Layer 4","CCCTCGGGAGCCTTGT-1"
"Layer 2","CCCTGAAATGAGTTGA-1"
"Layer 2","CCCTGCGCTACGCATA-1"
"Layer 6","CCCTGGGAGGGATCCT-1"
"Layer 4","CCCTGGTATGGGCGGC-1"
"Layer 4","CCCTTCTCGTACGCGA-1"
"Layer 5","CCCTTTAATGGAGTTC-1"
"Layer 5","CCCTTTGACAGGTCTT-1"
"Layer 5","CCGAACCTTCCCGGCC-1"
"Layer 3","CCGAAGGGCGTACCGC-1"
"Layer 5","CCGACAATAGGCCGCC-1"
"Layer 5","CCGACGGGCATGAGGT-1"
"Layer 4","CCGACGTAAACACAAC-1"
"Layer 4","CCGACTCGCATAGTCT-1"
"Layer 3","CCGAGAAGTCGCATAA-1"
"Layer 4","CCGAGCTGTGCTTGTC-1"
"Layer 3","CCGATATGACGTAAGG-1"
"Layer 1","CCGATCTCAACCTTAT-1"
"Layer 4","CCGATCTTAAGAGGCT-1"
"Layer 3","CCGCACAAAGACCAAC-1"
"Layer 2","CCGCACACGAACGTGT-1"
"Layer 1","CCGCACGTGACCTCGG-1"
"Layer 5","CCGCACTTGCAATGAC-1"
"Layer 5","CCGCATGTGGTACGAT-1"
"Layer 3","CCGCCGGTCAACACAC-1"
"Layer 2","CCGCCGTTGAGGATAA-1"
"Layer 4","CCGCCTGCGAATTGGT-1"
"Layer 5","CCGCGGAATGCGTCAC-1"
"Layer 2","CCGCGGGTACGAAGAA-1"
"Layer 4","CCGCTATCAGCACCAG-1"
"WM","CCGCTCCAGGGCGATC-1"
"Layer 5","CCGCTCTTCCGAACTA-1"
"Layer 4","CCGCTGGTGCCATTCA-1"
"Layer 4","CCGCTTACCTCACTCT-1"
"Layer 4","CCGCTTCGCGGTTAAC-1"
"Layer 3","CCGCTTGCTGACATGG-1"
"Layer 5","CCGGAAGTGCAATATG-1"
"Layer 2","CCGGAAGTTATCAGTC-1"
"Layer 1","CCGGAATGGTTTCAGT-1"
"Layer 6","CCGGAGCGTACTTTCT-1"
"Layer 4","CCGGAGGTCTTATGGT-1"
"Layer 3","CCGGCGCATATTGGAT-1"
"Layer 2","CCGGGACCCGCAGAGA-1"
"Layer 2","CCGGGCGGTCTCGTCA-1"
"Layer 6","CCGGGCTAAGAATTTC-1"
"Layer 2","CCGGGCTGCTCCATAC-1"
"Layer 3","CCGGGTTCGAGGTTAC-1"
"Layer 1","CCGGTAATGGCTAGTC-1"
"Layer 6","CCGGTATCTGGCGACT-1"
"Layer 5","CCGGTTTGTAATTGTG-1"
"Layer 2","CCGTAAGTTGGTCCCA-1"
"Layer 3","CCGTACCCAAGCGCCA-1"
"Layer 5","CCGTAGGAAATCCCTG-1"
"Layer 5","CCGTAGGGTTGTTTAC-1"
"Layer 5","CCGTATCTCGTCGTAG-1"
"Layer 4","CCGTATTAGCGCAGTT-1"
"Layer 2","CCGTGAGGCATTCATG-1"
"Layer 3","CCGTGCCCATGACGGC-1"
"Layer 3","CCGTGGAACGATCCAA-1"
"Layer 4","CCGTGTTAAATTCCAT-1"
"Layer 3","CCGTTACGTTAGAACA-1"
"WM","CCGTTTCCTTTCCGTG-1"
"Layer 4","CCTAAACAGGGTCCGT-1"
"Layer 3","CCTAAAGGCTGACGCT-1"
"Layer 3","CCTAAATTAACGGTTC-1"
"Layer 3","CCTAAATTGTATCCTA-1"
"Layer 4","CCTAACCCAAACAAGT-1"
"Layer 3","CCTAACTAAGGCTCTA-1"
"Layer 4","CCTACAAGTCCGGAAT-1"
"Layer 6","CCTACAGTTGAGGGAG-1"
"Layer 5","CCTACATTCACAGACG-1"
"Layer 2","CCTACGGCTCAGTCGA-1"
"Layer 4","CCTACTCAACACGATT-1"
"Layer 3","CCTACTGCGGCGGCCA-1"
"Layer 1","CCTACTGCTTACACTT-1"
"Layer 2","CCTAGGCGTAGCGATC-1"
"Layer 3","CCTAGTTAGTCGCATG-1"
"Layer 5","CCTATAATGAGTGCCC-1"
"Layer 5","CCTATACCGTCCTGTC-1"
"Layer 6","CCTATATTTGTCCTGG-1"
"Layer 3","CCTATCTATATCGGAA-1"
"Layer 1","CCTATGAAGTGGTGCC-1"
"Layer 6","CCTATGGCTCCTAGTG-1"
"Layer 1","CCTATGGGTTACCGTC-1"
"WM","CCTATGGTCAAAGCTG-1"
"Layer 5","CCTATGTCCACTCCAC-1"
"Layer 2","CCTCACCAATCTTGAC-1"
"Layer 2","CCTCACCTGAGGGAGC-1"
"Layer 2","CCTCACCTTAGCATCG-1"
"Layer 3","CCTCACGTCAGCTAAT-1"
"Layer 3","CCTCATGCAGCTACGA-1"
"Layer 4","CCTCCCGACAATCCCT-1"
"Layer 2","CCTCCGACAATTCAAG-1"
"Layer 5","CCTCCTGTTGTGTCGT-1"
"Layer 3","CCTCGAAGTGGACGGG-1"
"Layer 4","CCTCGACCCACTGCCT-1"
"Layer 3","CCTCGCCAGCAAATTA-1"
"Layer 3","CCTCGCGCGATATAGG-1"
"Layer 5","CCTCGCGCTGTGCGAT-1"
"Layer 3","CCTCGGACCGGGATAG-1"
"WM","CCTCGGTTTCCTTGCC-1"
"Layer 1","CCTCTAATCTGCCAAG-1"
"Layer 6","CCTCTACAAGGATTGG-1"
"Layer 5","CCTCTATCGATTAGCA-1"
"Layer 3","CCTCTCTCCCATCTAG-1"
"Layer 3","CCTCTGGCCTAGACGG-1"
"Layer 5","CCTCTGTACTATTCTA-1"
"Layer 3","CCTGAACGATATATTC-1"
"Layer 1","CCTGAATATTTACATA-1"
"Layer 4","CCTGACCACCGATGGT-1"
"WM","CCTGAGAATAAATGCA-1"
"Layer 6","CCTGATTCGCGAAGAA-1"
"Layer 1","CCTGCTATTTGAGAAG-1"
"Layer 1","CCTGGAAACGTTCTGC-1"
"Layer 1","CCTGGCTAGACCCGCC-1"
"Layer 6","CCTGGTCGAATGTGGG-1"
"Layer 3","CCTGTAAGACATGATA-1"
"Layer 3","CCTGTACTCACGCCCA-1"
"Layer 1","CCTGTCACCCGGGCTC-1"
"Layer 1","CCTGTCCCTCACGTTA-1"
"Layer 3","CCTGTCGCCCGTAAAT-1"
"WM","CCTGTTCAACCTCGGG-1"
"Layer 5","CCTGTTTGAAGACACG-1"
"Layer 5","CCTTAAGTACGCAATT-1"
"Layer 6","CCTTCAGTTAAAGTGA-1"
"WM","CCTTCGTATAGAATCC-1"
"Layer 3","CCTTCTTGATCCAGTG-1"
"Layer 4","CCTTGACCACTTTATT-1"
"WM","CCTTGTGAACGTGGTT-1"
"Layer 6","CCTTTAAGGGAGCACT-1"
"Layer 2","CCTTTCAATGAAGAAA-1"
"Layer 4","CGAAACATAGATGGCA-1"
"Layer 3","CGAAACGCAATTCATG-1"
"Layer 4","CGAACAGTATGGGCGT-1"
"Layer 4","CGAACATAGTCAGAAA-1"
"Layer 4","CGAACCCGCATGCGTC-1"
"Layer 3","CGAACGCCCAGTGCCG-1"
"Layer 4","CGAAGACTGCCCGGGA-1"
"WM","CGAAGATCAGTTTCAT-1"
"Layer 3","CGAAGCTATAAATTCA-1"
"Layer 2","CGAAGTTGCTCTGTGT-1"
"Layer 6","CGAATCTGCTCGACGC-1"
"Layer 6","CGAATGAAGTCATTGC-1"
"Layer 6","CGAATGACGCATAATG-1"
"WM","CGAATGGTAGGTCGTC-1"
"Layer 4","CGAATTCCCGGTTCAA-1"
"Layer 3","CGACAATTTGATCTAA-1"
"Layer 4","CGACACCGCTTAAGGA-1"
"Layer 3","CGACACGCTCCGACAG-1"
"Layer 3","CGACAGTTCGCGTTAT-1"
"Layer 4","CGACATGCGATCTTCT-1"
"Layer 2","CGACTCAGGATGTTAT-1"
"Layer 4","CGACTCGGTACACGGT-1"
"Layer 2","CGACTTTGTATAGCCT-1"
"Layer 3","CGAGACCCTAGAGTGT-1"
"Layer 5","CGAGACTACTGCTGCT-1"
"Layer 1","CGAGAGATGTGAACCT-1"
"Layer 6","CGAGAGCTTTCACTAC-1"
"Layer 5","CGAGAGGGTAGCCGCG-1"
"Layer 2","CGAGATTTCGCTCGGG-1"
"Layer 3","CGAGCGTTGATCAGCC-1"
"Layer 3","CGAGCTGGGCTTTAGG-1"
"Layer 3","CGAGGAGCTTCCATAT-1"
"Layer 3","CGAGGATCGGGAACGA-1"
"Layer 1","CGAGGCTAAATATGGC-1"
"Layer 3","CGAGGGACTGCGGTCG-1"
"Layer 6","CGAGGGTATCCAGGTG-1"
"Layer 4","CGAGTACTAAAGAGGA-1"
"Layer 5","CGAGTGAAGGTACCAG-1"
"Layer 3","CGAGTGCTATAGTTCG-1"
"Layer 1","CGAGTTCTGTCCCACC-1"
"Layer 2","CGAGTTTATCGGACTG-1"
"Layer 2","CGATAATACTCAGGTT-1"
"Layer 3","CGATACCTCGCGGACA-1"
"Layer 6","CGATAGTCGTACTGCA-1"
"Layer 3","CGATATTAGCCGCAGG-1"
"Layer 4","CGATCATTAGAGGCAC-1"
"WM","CGATCCACCATTGTTG-1"
"Layer 3","CGATCCGACCCAGTGC-1"
"Layer 6","CGATCCTCGCAACATA-1"
"WM","CGATCGAGAAGCACCA-1"
"Layer 4","CGATCTGTTGGAGGAC-1"
"Layer 3","CGATGGACCCTACGCC-1"
"Layer 5","CGATTAAATATCTCCT-1"
"Layer 5","CGATTCGCCTGGCTGC-1"
"WM","CGATTTGTCATTAATG-1"
"Layer 1","CGCAAACACGAGTTAC-1"
"Layer 1","CGCAATTAGGGTAATA-1"
"Layer 1","CGCAATTCTACAATAA-1"
"Layer 3","CGCACATGTCCACTAC-1"
"WM","CGCACGTCTGTTTATG-1"
"Layer 2","CGCACGTGCGCTATCA-1"
"Layer 4","CGCAGAAACATTTGCG-1"
"Layer 3","CGCAGATCTTCACCCG-1"
"Layer 4","CGCAGGCGATCCAAAC-1"
"Layer 4","CGCATCATGGCTTCAG-1"
"Layer 3","CGCATCCATCAGCCAG-1"
"Layer 6","CGCATGCCGAATGCGT-1"
"Layer 3","CGCATGGTGCGATGCT-1"
"Layer 1","CGCATTAGCTAATAGG-1"
"Layer 2","CGCCATCCGATTATGA-1"
"Layer 6","CGCCCAGCACGCCTAG-1"
"Layer 6","CGCCCAGCGTTTCACG-1"
"Layer 3","CGCCCGCTTCCGTACA-1"
"Layer 3","CGCCGCCCATGCCTGT-1"
"WM","CGCCGCGTTCTGAACG-1"
"Layer 1","CGCCGTCTACCCATCG-1"
"Layer 5","CGCCGTTCAGCATAGT-1"
"Layer 3","CGCCTCCCTCCTCTAT-1"
"Layer 3","CGCCTGGCCTACGTAA-1"
"Layer 2","CGCCTTTAGCATGCTC-1"
"Layer 5","CGCGAAGTGGCATACT-1"
"Layer 5","CGCGACCGCGACAGAT-1"
"Layer 4","CGCGAGAGGGACTTGT-1"
"Layer 5","CGCGCAAATGTCCAGA-1"
"Layer 4","CGCGCAAGGAACTACA-1"
"Layer 5","CGCGCATGTTTGATTG-1"
"Layer 2","CGCGCCCGACTTAATA-1"
"Layer 3","CGCGGCTCAACTTGAA-1"
"Layer 1","CGCGGGAATTAGGCAG-1"
"Layer 6","CGCGGGAATTCCTTTC-1"
"Layer 3","CGCGGTAAGTCTAGCT-1"
"Layer 4","CGCGGTACGGTATACA-1"
"Layer 3","CGCGGTCACAAACCAA-1"
"Layer 4","CGCGTCATATTAAACC-1"
"Layer 1","CGCGTTCATGAAATAC-1"
"Layer 4","CGCTACCGCCCTATGA-1"
"Layer 3","CGCTACGGGACATTTA-1"
"Layer 2","CGCTAGAGACCGCTGC-1"
"Layer 3","CGCTATACCGCCCACT-1"
"Layer 1","CGCTATTCAATGTATG-1"
"Layer 3","CGCTATTCTTAGGCTC-1"
"Layer 1","CGCTCGACATAATGAT-1"
"Layer 2","CGCTCTCCGTAGATTA-1"
"Layer 4","CGCTGAGGACGTCCAA-1"
"Layer 3","CGCTGGTGACTACCCT-1"
"Layer 1","CGCTGTGACGCCGCAC-1"
"Layer 6","CGCTGTGTGGATGTTG-1"
"Layer 6","CGCTTAGTATTGATAC-1"
"Layer 3","CGCTTATTCCCGGTCG-1"
"Layer 1","CGCTTCCACTGAAATC-1"
"Layer 5","CGCTTCGGTCTAAGAC-1"
"Layer 4","CGCTTGGACGGATAGA-1"
"Layer 3","CGCTTTCATACCGGTG-1"
"Layer 6","CGCTTTCCGCCAAGGT-1"
"Layer 1","CGCTTTCTTGCATTCG-1"
"Layer 6","CGGAAAGAATCAAACG-1"
"Layer 4","CGGAAATTTCACATCC-1"
"Layer 4","CGGAACGTAAACATAG-1"
"WM","CGGACCTCTGTAGTTA-1"
"WM","CGGACCTTTACGTCCC-1"
"Layer 5","CGGAGCAATTTAATCG-1"
"Layer 3","CGGAGCATGGCGATCC-1"
"Layer 4","CGGAGCTTATAACACC-1"
"Layer 2","CGGAGTTTGAGAGACA-1"
"Layer 6","CGGATCCTCAAGGACT-1"
"Layer 6","CGGATGAATGCTGTGA-1"
"WM","CGGATTCTGCCTTATG-1"
"Layer 5","CGGCAAACATCGTGCG-1"
"Layer 4","CGGCAATAAGATCGCC-1"
"Layer 4","CGGCACCGTTAGCGCC-1"
"Layer 3","CGGCACTCAAGAAAGT-1"
"Layer 1","CGGCAGGGTCGGGTTG-1"
"Layer 3","CGGCCACGCACAAAGT-1"
"WM","CGGCCAGAGCGACCAT-1"
"Layer 3","CGGCCCAACCTGTAGT-1"
"Layer 3","CGGCCCAGGTATATCC-1"
"Layer 5","CGGCGCCATCAATCCC-1"
"Layer 3","CGGCTCTAAAGCTGCA-1"
"Layer 4","CGGCTGCAAGATTAAG-1"
"Layer 4","CGGCTTTGTATGATAA-1"
"Layer 3","CGGGAATATAGTATAC-1"
"Layer 4","CGGGAATTTATGTAAA-1"
"Layer 4","CGGGAGCTTCAGTGTA-1"
"Layer 1","CGGGATCAATGTAAGA-1"
"Layer 2","CGGGCAGCTAAACCGC-1"
"Layer 3","CGGGCCTTCTTTGTAA-1"
"WM","CGGGCGATGGATCACG-1"
"Layer 1","CGGGTGTACCCATTTA-1"
"Layer 4","CGGGTTTGTTAGGGCT-1"
"Layer 3","CGGTACTAGAATCAAA-1"
"Layer 3","CGGTAGAGGTGCAGGT-1"
"Layer 6","CGGTATGGGCACTCTG-1"
"Layer 1","CGGTCAAGTGGGAACC-1"
"Layer 3","CGGTCAGTCCATATTT-1"
"Layer 3","CGGTCCATGAGACTCC-1"
"Layer 6","CGGTCCGTCGCAAGCC-1"
"Layer 3","CGGTCTATCAACCCGT-1"
"Layer 3","CGGTGAAGACTAAAGT-1"
"Layer 3","CGGTGCAGATAGAACG-1"
"Layer 4","CGGTGCGCGTTGGTCC-1"
"Layer 4","CGGTGGGCTCCAGCCT-1"
"Layer 2","CGGTGTACTTGATCCC-1"
"Layer 2","CGGTTATCCAACAGTG-1"
"Layer 3","CGGTTCAAGTAGGTGT-1"
"Layer 3","CGGTTCCGGCTTCTTG-1"
"Layer 3","CGGTTGACCTGGCATA-1"
"Layer 6","CGGTTGAGTATCCTTC-1"
"Layer 6","CGGTTGGGCAGGGTCC-1"
"Layer 4","CGGTTGGGTTCAAGTT-1"
"Layer 4","CGGTTTATGAAGGAAC-1"
"Layer 3","CGTAAACGCTTGAGTG-1"
"WM","CGTAAAGCAAGAAATC-1"
"WM","CGTAAATAACAAAGGG-1"
"WM","CGTAACTTCGACACTT-1"
"Layer 1","CGTACCTGATAGGCCT-1"
"Layer 6","CGTAGAGAGTAATTAT-1"
"Layer 3","CGTAGCGAATTGTCAG-1"
"Layer 4","CGTAGCGCCGACGTTG-1"
"Layer 4","CGTATCTAGAACTAAG-1"
"Layer 2","CGTATTAAGAGATCTA-1"
"Layer 3","CGTATTGTTTCCTAAT-1"
"Layer 4","CGTCAAATGGTCGCAG-1"
"Layer 4","CGTCACGTCCATTGGT-1"
"Layer 3","CGTCAGTGCGCACAAG-1"
"Layer 4","CGTCAGTTTATCGTCT-1"
"Layer 5","CGTCCTCATCGCGTGC-1"
"Layer 6","CGTCGCATGTGAGCCA-1"
"Layer 6","CGTCGCTTGGTTATAC-1"
"Layer 1","CGTCGGATAGTGTTGA-1"
"Layer 5","CGTCGGGTCTAAGCGC-1"
"Layer 5","CGTCGTCCTTCGCGAA-1"
"Layer 3","CGTCTGGAAGGGCCCG-1"
"Layer 1","CGTCTTGAGTGTGACG-1"
"Layer 3","CGTGAAGTTAATTCAC-1"
"Layer 3","CGTGACATTGGGTCGT-1"
"Layer 6","CGTGACCAGTCCTCTG-1"
"Layer 6","CGTGCACACCACTGTA-1"
"Layer 3","CGTGCAGACTGGGACA-1"
"Layer 3","CGTGCATTGTCGACGC-1"
"Layer 4","CGTGCCCGACATTTGT-1"
"Layer 3","CGTGCCCTCCCGAAGA-1"
"Layer 6","CGTGCTTCTACCTAAA-1"
"Layer 3","CGTGGAAGCCTCGTAC-1"
"Layer 3","CGTGGCCGAATATCTA-1"
"Layer 6","CGTGGTACCCAAAGGC-1"
"Layer 5","CGTGTATGGGAGCTGA-1"
"Layer 1","CGTGTCCCATTCGCGA-1"
"Layer 6","CGTGTCTCGTTACGAC-1"
"Layer 3","CGTGTGTTAAACCCTG-1"
"Layer 3","CGTTAAACTAGTTAGG-1"
"Layer 4","CGTTAAATACGACCAG-1"
"Layer 5","CGTTAATGTCCCGACG-1"
"Layer 4","CGTTAGCTCACAACTG-1"
"WM","CGTTCAAGGAAACGGA-1"
"Layer 6","CGTTCAGACCCGCGAA-1"
"Layer 3","CGTTCTTCGCACACCT-1"
"Layer 5","CGTTGAATACCGCGCT-1"
"Layer 3","CGTTGAGCGACCGTCG-1"
"Layer 6","CGTTGCCCGCGTGGGA-1"
"Layer 3","CGTTGTAAGATTGATT-1"
"Layer 6","CGTTGTCGGCAATTGA-1"
"Layer 3","CGTTGTTTCAATTCCC-1"
"Layer 3","CGTTTAAGCGGAGCAC-1"
"Layer 3","CGTTTACAAGGCAGCT-1"
"Layer 3","CGTTTCACTTCGGGCG-1"
"Layer 3","CGTTTCGCTCATTACA-1"
"Layer 5","CGTTTCGGTTATATGC-1"
"Layer 4","CGTTTGGTGTTGTGGG-1"
"Layer 5","CGTTTGTGTAGAGGGT-1"
"Layer 4","CTAAACGGGTGTAATC-1"
"Layer 3","CTAAAGAATGCCTACT-1"
"WM","CTAAAGGATGAGATAC-1"
"Layer 3","CTAAAGGGAAATAGGA-1"
"Layer 6","CTAAATCCGGTGTACA-1"
"Layer 1","CTAAATCCTATTCCGG-1"
"Layer 3","CTAACCGCGCGCCCGT-1"
"Layer 1","CTAACGAAACTTGCTG-1"
"Layer 5","CTAACTGATAATCGCC-1"
"Layer 5","CTAACTGGTCCGGTTC-1"
"Layer 3","CTAAGGGAATGATTGG-1"
"Layer 4","CTAATTATGAAGCGTA-1"
"Layer 1","CTAATTCGCACGCGCT-1"
"Layer 3","CTAATTCTCAGATATT-1"
"Layer 6","CTACAAGAAATAACCC-1"
"Layer 4","CTACACTAGCTTGTTC-1"
"Layer 5","CTACACTCGCAGATGG-1"
"Layer 1","CTACCCTAAGGTCATA-1"
"Layer 4","CTACGAACTAGGTCGA-1"
"Layer 3","CTACGACTAGCTATAA-1"
"Layer 6","CTACGATCCTATCCTA-1"
"Layer 3","CTACGCACGGAGTACC-1"
"Layer 4","CTACGCCATTTCCGAT-1"
"Layer 3","CTACGTGTTGCCACCA-1"
"Layer 5","CTACTATCATAGGTTT-1"
"Layer 1","CTACTATCTTTCAGAG-1"
"Layer 6","CTACTCAAGGTATAGT-1"
"Layer 2","CTACTCTAGGCCCGGC-1"
"Layer 1","CTACTGCCACCTGACC-1"
"Layer 3","CTAGATAAACTCCTCG-1"
"Layer 3","CTAGATTTACGACGGC-1"
"Layer 3","CTAGCATAGTATAATG-1"
"Layer 4","CTAGCCACAGGCGAGC-1"
"WM","CTAGCCCGGGAGACGA-1"
"Layer 3","CTAGCCGATGTTATGA-1"
"Layer 2","CTAGCTTAATGGTCCC-1"
"Layer 5","CTAGGCGCCCTATCAG-1"
"Layer 4","CTAGGCGGCAGAGAAT-1"
"WM","CTAGGGATAGGGACAA-1"
"Layer 1","CTAGGTCTGAAGGAAT-1"
"Layer 6","CTAGGTTCGGACGTGA-1"
"Layer 6","CTAGTAGAAAGGGATT-1"
"Layer 3","CTAGTATTCGGAATTA-1"
"Layer 3","CTAGTCACGTCTTAAG-1"
"Layer 3","CTAGTGAAGGACAGGA-1"
"Layer 5","CTAGTTACAACCCGGT-1"
"Layer 1","CTAGTTGGGCCCGGTA-1"
"Layer 3","CTATAAGAGCCAATCG-1"
"Layer 6","CTATAGGCGTTGATGT-1"
"WM","CTATATCCAGCCTGGC-1"
"Layer 6","CTATCACAACGCTGGA-1"
"Layer 5","CTATCGACGAAATACA-1"
"Layer 4","CTATCGCGTAGAGAAC-1"
"Layer 3","CTATCGGGTCTCAACA-1"
"WM","CTATGAACACCTTGCC-1"
"Layer 6","CTATGCCCGAATGCAA-1"
"Layer 5","CTATGGGAAGCGGAAT-1"
"Layer 2","CTATGTCACTAGCCCA-1"
"Layer 3","CTATGTCTATTGAAAC-1"
"Layer 5","CTATTCATGTGTCCCA-1"
"Layer 4","CTATTGTGTTTGGTCA-1"
"WM","CTATTTGCTTGGAGGA-1"
"Layer 3","CTATTTGGTTACGGAT-1"
"Layer 6","CTCAAACCACTGCCCG-1"
"Layer 6","CTCAACTAACCCGGAT-1"
"Layer 4","CTCAAGACATTAGCGC-1"
"Layer 4","CTCACACGCAAGCCTA-1"
"Layer 6","CTCACATTTACTAAAT-1"
"Layer 4","CTCACCGATCCAAACT-1"
"Layer 6","CTCACTGTGATACTTA-1"
"Layer 3","CTCACTTGGCTGGTAA-1"
"WM","CTCAGAGCTAATGTCG-1"
"Layer 2","CTCAGGACTCACCTGT-1"
"Layer 3","CTCAGTCACGACAAAT-1"
"Layer 5","CTCATAAATGTGTATA-1"
"Layer 3","CTCATCACTTAGTGAT-1"
"Layer 3","CTCATGGCTCACAATC-1"
"Layer 5","CTCATGGTAATTTGCG-1"
"Layer 3","CTCATTAACGTTGCCC-1"
"Layer 6","CTCATTGCTCTAACAA-1"
"Layer 1","CTCATTTGATGGGCGG-1"
"Layer 3","CTCCCAATGAGTCGCG-1"
"Layer 5","CTCCCTCCTTTCGATC-1"
"Layer 3","CTCCGCCCACATGAGG-1"
"Layer 2","CTCCGGCCTAATATGC-1"
"Layer 3","CTCCTAAGTTATGTCT-1"
"Layer 6","CTCCTCCAGCTCACAC-1"
"Layer 4","CTCCTGTTCAAGGCAG-1"
"Layer 3","CTCCTTTACGCAAGTC-1"
"WM","CTCGAGGCAAGTTTCA-1"
"Layer 1","CTCGAGGTCGAACAGT-1"
"Layer 3","CTCGATATTTGCGAGC-1"
"Layer 1","CTCGCACCTATATAGT-1"
"Layer 6","CTCGCCGAATGTAGGG-1"
"Layer 6","CTCGCTAGGTAAGCGA-1"
"Layer 3","CTCGGGATAACACCTA-1"
"Layer 6","CTCGGGTTCTCTGGCC-1"
"Layer 3","CTCGGTACCACTGCTC-1"
"Layer 2","CTCGGTCCGTAGCCTG-1"
"Layer 5","CTCGGTTGTCGGCCCT-1"
"Layer 6","CTCGTCTGTGCCTTCG-1"
"WM","CTCGTGGCACTGAAAG-1"
"WM","CTCGTTACGGCTACCA-1"
"Layer 3","CTCGTTTCTAATGTTT-1"
"Layer 6","CTCTAACACCGGCAGC-1"
"Layer 3","CTCTAATGCATTGATC-1"
"WM","CTCTACATCCTGCGTG-1"
"Layer 6","CTCTAGCCCTCGGAAA-1"
"Layer 4","CTCTATTTGGCTGCAG-1"
"Layer 2","CTCTCACAATCGATGA-1"
"Layer 4","CTCTCGATGTGCGCCT-1"
"Layer 6","CTCTCTAACTGCCTAG-1"
"WM","CTCTGCAGGCATTCTT-1"
"Layer 3","CTCTGCGAAGCAAGCA-1"
"Layer 2","CTCTGGACGCCTGGTG-1"
"Layer 6","CTCTGTCCATGCACCA-1"
"Layer 4","CTCTGTGCCTGCTATG-1"
"Layer 3","CTCTGTTTGAGGATTC-1"
"Layer 3","CTCTTCTATTGACTGG-1"
"Layer 6","CTCTTCTGGAAGTTAG-1"
"Layer 5","CTCTTGTCCCGCTTGG-1"
"Layer 2","CTGAAAGAGATCCGAC-1"
"Layer 4","CTGAATCCGAGACCTC-1"
"Layer 3","CTGAATTTATTGCCAG-1"
"Layer 3","CTGACATAGAAATAGA-1"
"Layer 2","CTGACTGCGCAGCTCG-1"
"Layer 3","CTGAGAAAGTTCGGCG-1"
"Layer 4","CTGAGAGTAGAAATAC-1"
"Layer 2","CTGAGCAAGTAACAAG-1"
"Layer 3","CTGAGCGAGACTTATT-1"
"WM","CTGATCCCTTTATGCA-1"
"Layer 5","CTGCAAGCACGTTCCG-1"
"Layer 5","CTGCACAACTACATAT-1"
"Layer 3","CTGCACCTAGTCCACA-1"
"Layer 3","CTGCACCTGGAACCGC-1"
"Layer 5","CTGCACTCCAGTACAG-1"
"Layer 5","CTGCAGAGAATCAGAG-1"
"Layer 2","CTGCCAAGGTTGGAAG-1"
"Layer 3","CTGCCATGCATCACAT-1"
"Layer 4","CTGCCTAGCCACCAAG-1"
"Layer 3","CTGCCTCATATGCAAC-1"
"Layer 6","CTGCCTTTAATACCTT-1"
"Layer 6","CTGCCTTTCTAGTAAA-1"
"WM","CTGCGACCTCGCCGAA-1"
"WM","CTGCGATTTCGAGATT-1"
"Layer 2","CTGCGGGTGAAATGTT-1"
"Layer 4","CTGCGGTAGTCACGTG-1"
"Layer 3","CTGCGTTACGATATAA-1"
"Layer 4","CTGCTCTCAACACACC-1"
"WM","CTGCTCTGACGGCAAA-1"
"Layer 4","CTGCTGAGGCCACGAA-1"
"Layer 3","CTGCTGTCTAACGAGC-1"
"Layer 5","CTGCTTGGCGATAGCT-1"
"Layer 3","CTGCTTTATGTCCGCG-1"
"Layer 1","CTGGAAATGGATGCTT-1"
"Layer 5","CTGGAAGACACGGTGG-1"
"Layer 4","CTGGATTTACACTTGA-1"
"Layer 4","CTGGCATCCGAATGAG-1"
"Layer 3","CTGGCGACATAAGTCC-1"
"Layer 5","CTGGCGATTTACATGT-1"
"Layer 2","CTGGCGCACAGGTCTG-1"
"Layer 3","CTGGCTCCTGCGGGAT-1"
"Layer 3","CTGGCTGATTCATCCT-1"
"Layer 5","CTGGCTGGTTGTCAGT-1"
"Layer 3","CTGGGATAAATAATGG-1"
"Layer 1","CTGGGATACGCTACCC-1"
"Layer 4","CTGGGATCGCCCAGAT-1"
"Layer 4","CTGGGCCTGCTATATC-1"
"Layer 3","CTGGGTAGGCAGTTAA-1"
"Layer 5","CTGGTAAAGACTTACA-1"
"Layer 4","CTGGTAAAGTGTGGGC-1"
"Layer 3","CTGGTAACACATAGAA-1"
"Layer 2","CTGGTAACGAGCTCTT-1"
"Layer 6","CTGGTGAATGGGCCTA-1"
"Layer 3","CTGGTTCAACGCATCA-1"
"Layer 1","CTGGTTCGCGAGCTAC-1"
"Layer 3","CTGGTTTCGAGCAAGA-1"
"Layer 3","CTGTACTTCTTAGCAT-1"
"Layer 5","CTGTAGCCATCTCACT-1"
"WM","CTGTAGTGAGGATCGA-1"
"Layer 1","CTGTATGGTGTAGAAA-1"
"Layer 2","CTGTCAAATGGCTCGG-1"
"Layer 3","CTGTGCAGGGTAGGTC-1"
"Layer 5","CTGTGGTCGGGAGATA-1"
"Layer 4","CTGTTACCCAATCTAG-1"
"Layer 1","CTGTTCACTGCCTGTG-1"
"Layer 6","CTGTTGTTCAGTCGTA-1"
"Layer 5","CTTAACTTACAGTATA-1"
"Layer 3","CTTAACTTCGAAGTAC-1"
"WM","CTTAATCGACTTAGTA-1"
"Layer 2","CTTACACGGTATTCCA-1"
"Layer 2","CTTACACTGGGAAATA-1"
"Layer 6","CTTACATAGATTTCTT-1"
"Layer 4","CTTACTGACTCCTCTG-1"
"WM","CTTAGATGTTTCATCC-1"
"Layer 2","CTTAGCCTTCCACATG-1"
"Layer 3","CTTAGGTCCCAATCGT-1"
"Layer 1","CTTAGTAGGCCTACAG-1"
"Layer 6","CTTAGTGTAGTAGCAT-1"
"Layer 6","CTTAGTTGAGGAATCG-1"
"Layer 4","CTTATAGATGGCTGTT-1"
"Layer 3","CTTATGTTGACTACCA-1"
"Layer 6","CTTCAACTCCACTTGG-1"
"Layer 6","CTTCACGCCCTGGTAC-1"
"Layer 6","CTTCAGTTGGACAACG-1"
"Layer 1","CTTCATAGCTCAAGAA-1"
"Layer 6","CTTCATCACCAGGGCT-1"
"Layer 3","CTTCATTGTCAGTGGA-1"
"Layer 5","CTTCCGCTCCGTGAAG-1"
"Layer 6","CTTCGATTGCGCAAGC-1"
"Layer 3","CTTCGGCCAATTGTTT-1"
"Layer 3","CTTCGTAGATAGGTGA-1"
"Layer 4","CTTCTATGTTGAAGTA-1"
"Layer 5","CTTCTATTAATGCTAG-1"
"Layer 6","CTTCTGGGCGTACCTA-1"
"Layer 3","CTTCTTACGTCGTATA-1"
"Layer 3","CTTGACCCGAAAGATA-1"
"Layer 3","CTTGAGGTTATCCCGA-1"
"Layer 3","CTTGAGTTAGGGTAAT-1"
"Layer 5","CTTGATGACCATCCAG-1"
"Layer 3","CTTGCAACCGCCTCCT-1"
"Layer 5","CTTGCCCACCCACGCA-1"
"Layer 4","CTTGCCCAGGCTCTAC-1"
"Layer 6","CTTGGCCAAGCTGGGA-1"
"Layer 1","CTTGTACTTGTTGACT-1"
"Layer 5","CTTGTCAACATTCGAG-1"
"Layer 3","CTTGTGAGTCTTTGAC-1"
"Layer 3","CTTGTGCTCACCGATT-1"
"Layer 3","CTTGTTGCTGAGTCAA-1"
"Layer 1","CTTGTTTATGTAGCCA-1"
"Layer 1","CTTTAACTTTCAAAGG-1"
"Layer 5","CTTTAATATTGGTCGA-1"
"Layer 5","CTTTACCGAATAGTAG-1"
"Layer 3","CTTTAGGAACACTGTT-1"
"Layer 3","CTTTAGTGCTATTATT-1"
"WM","CTTTATCCGACGCATG-1"
"Layer 5","CTTTCTGTGCGGGCTT-1"
"Layer 5","CTTTGCATCGCTCTTG-1"
"Layer 2","CTTTGCTGTCATGGAT-1"
"Layer 2","CTTTGGCTTTAGTAAA-1"
"Layer 6","CTTTGGGATTGTTGCA-1"
"Layer 3","GAAACAGATGACCACC-1"
"Layer 3","GAAACAGCCATGCAGT-1"
"Layer 6","GAAACATAGGAAACAG-1"
"Layer 3","GAAACCATGGTGCGCT-1"
"Layer 4","GAAACCGAATTACCTT-1"
"Layer 6","GAAACCTATACAAATG-1"
"Layer 1","GAAACTCGTGCGATGC-1"
"Layer 3","GAAACTCTAATGAAGG-1"
"Layer 1","GAAAGAACAGCGTTAT-1"
"Layer 5","GAAAGCAGTGCACTTT-1"
"Layer 1","GAAAGTGACTAACTGC-1"
"Layer 2","GAAATATCACCATCAG-1"
"Layer 4","GAAATATGCTTGAATG-1"
"Layer 3","GAAATCGCGCGCAACT-1"
"Layer 2","GAAATGGCGGTGTTAG-1"
"Layer 3","GAAATTAGCACGGATA-1"
"Layer 3","GAAATTCACATCGCTG-1"
"Layer 3","GAAATTGTCTCTATAA-1"
"Layer 6","GAACAACTGGGATGAA-1"
"Layer 1","GAACACACATCAACCA-1"
"Layer 5","GAACAGATTACTAAAT-1"
"Layer 4","GAACATTAGTATGTTA-1"
"Layer 4","GAACCATCTGGGAGAC-1"
"Layer 6","GAACCCTCTGTGTTCT-1"
"Layer 6","GAACCTTTAACGATCC-1"
"Layer 2","GAACGACCGAATGATA-1"
"Layer 3","GAACGATAAGTTAAAG-1"
"Layer 3","GAACGCGGGTCACACG-1"
"Layer 1","GAACGTCTCATGGTCG-1"
"WM","GAACTGTGGAGAGACA-1"
"Layer 4","GAACTTGTGCACGGGA-1"
"Layer 6","GAAGAAACGATATTGT-1"
"Layer 3","GAAGAACGGTGCAGGT-1"
"Layer 4","GAAGACTTCAATGCCG-1"
"Layer 4","GAAGCAAGGCAATGTT-1"
"Layer 6","GAAGCCACTGATTATG-1"
"Layer 6","GAAGCCTGCACATTCC-1"
"Layer 3","GAAGCGTGAGGAATTT-1"
"Layer 5","GAAGCTCGGACCCGTC-1"
"Layer 1","GAAGCTTGCTGACCGC-1"
"Layer 6","GAAGGAGTCGAGTGCG-1"
"Layer 3","GAAGGCTACCATTGTT-1"
"Layer 6","GAAGGGTCATTAAGAC-1"
"Layer 5","GAAGTCAGTTGCACTA-1"
"Layer 2","GAAGTCTCCCTAGCGA-1"
"Layer 3","GAAGTGATTTATCGTG-1"
"Layer 3","GAAGTGCTGGATAGCT-1"
"Layer 3","GAAGTTTCCACTCAAT-1"
"Layer 3","GAATAGACGCGACCCA-1"
"Layer 3","GAATAGCATTTAGGGT-1"
"Layer 4","GAATAGCCCTGCGGTC-1"
"Layer 6","GAATAGTGCTCGATTA-1"
"Layer 4","GAATATTCGGAGTCCC-1"
"Layer 1","GAATCGACATGGTCAC-1"
"Layer 3","GAATCGCCGGACACGG-1"
"Layer 3","GAATCTGAACATTCTC-1"
"Layer 4","GAATGAAGGTCTTCAG-1"
"Layer 6","GAATGCGAATCGGTTC-1"
"Layer 3","GAATGTATGGCAGGTC-1"
"Layer 3","GAATGTGGTCCGGATT-1"
"Layer 1","GAATGTTGGGTAATCT-1"
"Layer 3","GAATTATAGTGAAAGG-1"
"Layer 4","GAATTCACCCGGGTGT-1"
"Layer 1","GAATTTCTCGCTGCAG-1"
"Layer 3","GACAAACATATGCAGG-1"
"Layer 1","GACAACGACCATTGAA-1"
"Layer 1","GACAACGCAGCTTACG-1"
"Layer 4","GACAAGACGCCCGTGC-1"
"Layer 4","GACAAGAGATGAGATT-1"
"Layer 1","GACACAAGGGAAGAAA-1"
"Layer 5","GACACAGCCGGGACTG-1"
"WM","GACACCCAAAGACGCG-1"
"Layer 4","GACACTGAGTTCAGTG-1"
"Layer 4","GACACTGGAACCCGAT-1"
"Layer 6","GACACTTCCAATTACC-1"
"WM","GACAGAGGTCTTCAGT-1"
"Layer 3","GACAGCCAGACCTGAC-1"
"Layer 6","GACATCCGTCGAACTG-1"
"Layer 5","GACATCGATTTATAAC-1"
"Layer 5","GACCAAACGTTGACTG-1"
"Layer 6","GACCACACTTCCCTTT-1"
"Layer 2","GACCAGAGCCCTGTAG-1"
"Layer 4","GACCAGGTCATTCATA-1"
"Layer 4","GACCCGTCGCCGGCTA-1"
"Layer 1","GACCGACGTGAAAGCA-1"
"Layer 3","GACCGCGTCTGACGTG-1"
"Layer 3","GACCGTCAGGTCGTGA-1"
"Layer 3","GACCGTGCTGACGGTG-1"
"Layer 6","GACCTTCCACGTCTAC-1"
"Layer 5","GACGACGATCCGCGTT-1"
"Layer 5","GACGAGGCTAATAAAC-1"
"WM","GACGATATCACTGGGT-1"
"Layer 5","GACGCCGTAAAGGCTA-1"
"Layer 3","GACGCCTGTTGCAGGG-1"
"Layer 3","GACGCTTGCTTCTAAA-1"
"Layer 4","GACGGACCGCGTTCCT-1"
"Layer 5","GACGGGCATCGAATTT-1"
"Layer 6","GACGGGTTGGCCCGTA-1"
"Layer 2","GACGGTCAATAGAAGC-1"
"Layer 1","GACGGTCCTAGGGTGT-1"
"Layer 3","GACGTGAGACTCCATG-1"
"Layer 3","GACGTTCGTAAATACA-1"
"WM","GACGTTGCTCGGCGGC-1"
"Layer 1","GACTAAGATCATGCAC-1"
"Layer 1","GACTAAGTAGGCTCAC-1"
"Layer 4","GACTACAATTGCTCGT-1"
"Layer 6","GACTAGGCCGTTAGGT-1"
"Layer 1","GACTCACCCACGTGAG-1"
"Layer 3","GACTCCCAGAATAAGG-1"
"Layer 2","GACTCGCGGGAATGAC-1"
"Layer 4","GACTCGGTCGGCGGAT-1"
"WM","GACTCTAGAGTTCCAA-1"
"Layer 4","GACTGATTGGTCACAA-1"
"Layer 6","GACTGCAAATCGAGCT-1"
"Layer 4","GACTGCACCAGCCCAG-1"
"WM","GACTGCTGGTGAGAAA-1"
"Layer 4","GACTGGGCGCCGCAAC-1"
"Layer 6","GACTTCAACGCATCAA-1"
"Layer 6","GACTTTCGAGCGGTTC-1"
"Layer 4","GAGAAACTGGATCCCA-1"
"Layer 5","GAGAACGGTTCTGACT-1"
"Layer 4","GAGACCCTGCAACGCC-1"
"Layer 1","GAGACTGATGGGTAGA-1"
"Layer 5","GAGACTTCGCGACCGA-1"
"Layer 4","GAGAGGCCTATGTGTA-1"
"Layer 3","GAGAGGGCGCGAGGTT-1"
"Layer 4","GAGAGGTGCATTCTGG-1"
"WM","GAGAGTCTCGGGAGAG-1"
"Layer 3","GAGATCTGCTTGGCAT-1"
"Layer 1","GAGATCTGTCACTCCG-1"
"Layer 3","GAGATCTTCCATGACA-1"
"Layer 3","GAGATGACAATCCTTA-1"
"WM","GAGATGGCTTTAATCA-1"
"Layer 5","GAGATGGGAGTCGACA-1"
"Layer 5","GAGCACCTGTGTCCAG-1"
"Layer 1","GAGCACGGCGCCTCTT-1"
"Layer 6","GAGCATCAACAACTTG-1"
"Layer 3","GAGCATCATCCCTGGG-1"
"Layer 3","GAGCCACGGTAGTAGG-1"
"Layer 5","GAGCCAGCTACCTGTG-1"
"Layer 4","GAGCCGAGCGTTTATT-1"
"Layer 3","GAGCGAGGGAGTACCG-1"
"Layer 4","GAGCGCAAATACTCCG-1"
"Layer 4","GAGCGCGCACGAGTAG-1"
"Layer 6","GAGCGCTGTTAGGTAA-1"
"WM","GAGCGGAATGCGGTGT-1"
"Layer 1","GAGCTAAGGGCATATC-1"
"WM","GAGCTCAACATGAGCG-1"
"Layer 2","GAGCTCTCGGACCTAA-1"
"Layer 3","GAGCTGTCGTCTCGGA-1"
"WM","GAGGAATATCTCTTTG-1"
"Layer 1","GAGGAATGGAGAGGTT-1"
"Layer 4","GAGGAGTAATTCCTAC-1"
"Layer 1","GAGGATAAACAGTGCT-1"
"Layer 4","GAGGCATTTGCAGCAG-1"
"Layer 5","GAGGCCCGACTCCGCA-1"
"Layer 5","GAGGCCTGTTGATACA-1"
"Layer 3","GAGGCTATCAAAGTCG-1"
"Layer 6","GAGGGAGTCAGATCGC-1"
"Layer 3","GAGGGCATCGCGTATC-1"
"Layer 4","GAGGGCCATAATATTA-1"
"Layer 2","GAGGGCGCAGCTCTGC-1"
"Layer 6","GAGGGTAGTAACAAAG-1"
"Layer 3","GAGGTACATCCATCTT-1"
"WM","GAGGTACGCGTGTCCC-1"
"WM","GAGGTCCGTTCGCTGT-1"
"Layer 3","GAGTAAACCGGAAAGT-1"
"Layer 4","GAGTAAATTAAGAACC-1"
"Layer 2","GAGTACGGGTATACAA-1"
"Layer 6","GAGTAGATACTAGTTG-1"
"WM","GAGTATACCCTAATCA-1"
"Layer 3","GAGTATCAAAGTTACA-1"
"Layer 5","GAGTATGCCCGCCTTG-1"
"Layer 6","GAGTATGCGCGTGCAT-1"
"Layer 5","GAGTCAGACCAGAATC-1"
"Layer 4","GAGTCCGCTTACCGGA-1"
"Layer 4","GAGTGCACGGACAACA-1"
"Layer 6","GAGTGTCAACCAGAAA-1"
"Layer 3","GAGTGTGCGGTACCCA-1"
"Layer 2","GATAAATCGGTGGATG-1"
"Layer 3","GATAACTCGCACTGTG-1"
"Layer 3","GATAAGGCAGATGCAA-1"
"Layer 1","GATACCGTGTCGGAGT-1"
"Layer 4","GATACGATGGGAGTCA-1"
"WM","GATAGAACCCGCTAGG-1"
"Layer 5","GATAGATAGTACAGTC-1"
"Layer 1","GATAGGATTAATTACA-1"
"Layer 4","GATAGGTAACGTTGAC-1"
"Layer 1","GATAGGTGTCCCGGGC-1"
"WM","GATAGTGCGAGTAAGT-1"
"Layer 3","GATATCTCATGCAATA-1"
"Layer 3","GATATGAGACACTAAC-1"
"Layer 3","GATATGCGGTAGCCAA-1"
"Layer 1","GATATTGAGATTGGCG-1"
"Layer 3","GATATTTCCTACATGG-1"
"Layer 6","GATCAACATAAAGGGA-1"
"Layer 2","GATCATTCCAAACATT-1"
"Layer 1","GATCCCTTTATACTGC-1"
"Layer 2","GATCCGAATATAAGTG-1"
"Layer 3","GATCCGGGAATTAACA-1"
"Layer 2","GATCCTAAATCGGGAC-1"
"Layer 5","GATCCTCGACACTGGC-1"
"Layer 1","GATCGACACTATCTGA-1"
"Layer 3","GATCGCGGGCTCTCCA-1"
"Layer 4","GATCGCTACCCGATTT-1"
"Layer 6","GATCGCTATATCTCAG-1"
"Layer 1","GATCGGTGGCCATAAC-1"
"Layer 3","GATCGTGACTGATATC-1"
"Layer 3","GATCTCGACGCTGTGG-1"
"Layer 6","GATCTGCTATCTAAGG-1"
"Layer 3","GATCTTGGAGGGCATA-1"
"Layer 3","GATCTTTGCAGGGTAT-1"
"Layer 4","GATCTTTGCTCAAAGA-1"
"Layer 6","GATGACAAGTAGGGCA-1"
"Layer 3","GATGACGATGATCGCG-1"
"Layer 6","GATGAGGAACCTTCGG-1"
"Layer 3","GATGCGTCCTGCATTC-1"
"Layer 2","GATGCTACAAGCGCCT-1"
"WM","GATGCTACCTTCGATG-1"
"Layer 3","GATGCTGTATTTCATC-1"
"Layer 1","GATGGCGCACACATTA-1"
"Layer 4","GATGGTGCCCTAGGCA-1"
"Layer 3","GATGTCCGGATCACAT-1"
"Layer 4","GATGTCGGTCAACTGC-1"
"Layer 4","GATGTGTTGTCACAAG-1"
"Layer 3","GATGTTCAATCCACGA-1"
"Layer 5","GATTAACCGAAAGCCC-1"
"Layer 3","GATTACTGAATTTGGG-1"
"WM","GATTAGAAACAAGCGT-1"
"Layer 6","GATTATCTTGCATTAT-1"
"Layer 1","GATTCCCTTGTCGCAG-1"
"Layer 3","GATTCCGCGTTTCCGT-1"
"Layer 3","GATTCGACGGTTCACG-1"
"WM","GATTCTGTTAATGAGT-1"
"Layer 6","GATTGCTCCAGTTGCA-1"
"Layer 6","GATTGGGAAAGGTTGT-1"
"Layer 4","GATTTAGTGCGTACTG-1"
"WM","GATTTGCGCTAACACC-1"
"Layer 4","GCAAACCCTACATTAT-1"
"Layer 5","GCAAACCTTGGCCATA-1"
"Layer 3","GCAAACGTCGCCAGGT-1"
"Layer 6","GCAAAGGGCGTTAGCC-1"
"Layer 3","GCAAATATTACGCTTT-1"
"Layer 3","GCAACAGCAGTATGCG-1"
"Layer 4","GCAACCACCAGACCGG-1"
"Layer 3","GCAACCACGGCCGCGT-1"
"Layer 2","GCAACGGCTAGTTATG-1"
"Layer 4","GCAAGAATTCCTTGGC-1"
"WM","GCAAGTGTAAAGCATG-1"
"Layer 3","GCAATTAGTCGCACCG-1"
"Layer 6","GCACAAACCCTAGATG-1"
"Layer 3","GCACAAACGAGGCGTG-1"
"Layer 3","GCACAAGTGTCGGAAG-1"
"Layer 5","GCACACACTGGTAGCC-1"
"WM","GCACACAGCTATTACC-1"
"WM","GCACAGCACGGGCCGA-1"
"Layer 5","GCACCTAGGCGAGTCC-1"
"Layer 4","GCACCTTCCCGAAGGT-1"
"Layer 6","GCACGCCGATTCCCGC-1"
"Layer 5","GCACGCCTACTTAGAT-1"
"Layer 5","GCACGTGGTTTACTTA-1"
"Layer 3","GCACTAGTCGCGCTAT-1"
"Layer 4","GCACTCCCACAGTCCC-1"
"Layer 6","GCACTGCCTACCTTTA-1"
"Layer 3","GCACTGTGCAAATGTA-1"
"Layer 4","GCAGAAACGTAATCCA-1"
"Layer 3","GCAGAAGGTAATCTCC-1"
"Layer 2","GCAGACCCAGCACGTA-1"
"Layer 5","GCAGATCCATAAGACT-1"
"Layer 3","GCAGATTAGGGATATC-1"
"Layer 3","GCAGCACACAGCCCAG-1"
"Layer 2","GCAGCCTATATCACAT-1"
"Layer 3","GCAGCGGTGGGCATTA-1"
"Layer 4","GCAGCTATGGACAGGT-1"
"Layer 6","GCAGCTGTCAACGCAT-1"
"Layer 3","GCAGGACTATAGAATA-1"
"Layer 3","GCAGGTAGAGTATGGT-1"
"Layer 3","GCAGTGCGGGCGGATG-1"
"Layer 5","GCAGTGTGGCTATAGG-1"
"Layer 4","GCAGTTCGATCCGAGC-1"
"Layer 3","GCATAGAGCACTCAGG-1"
"Layer 2","GCATCCCTAACTTTGA-1"
"Layer 4","GCATGACACAAAGGAA-1"
"Layer 1","GCATGAGGGACGCGGC-1"
"Layer 6","GCATGCTAATAACGAT-1"
"Layer 3","GCATTCAAGGCAACGC-1"
"Layer 2","GCATTTCCAAGGCTCC-1"
"Layer 3","GCCAACCATTTCCGGA-1"
"Layer 3","GCCAATAGGGCATCTC-1"
"Layer 4","GCCACAATTTAAGGAC-1"
"Layer 5","GCCACTCAGAGCGCGA-1"
"Layer 3","GCCACTCCTTACGGTA-1"
"WM","GCCAGGAAAGAACACT-1"
"Layer 3","GCCAGGAGTAACCGAT-1"
"Layer 3","GCCATATTGCACACAG-1"
"Layer 5","GCCATCGAGCTGCGTG-1"
"Layer 2","GCCATCGATGCTGCAT-1"
"Layer 3","GCCCACCAAGGCTGTC-1"
"Layer 2","GCCCAGATGCTGGAGA-1"
"Layer 4","GCCCGACTTCTTCCCG-1"
"Layer 5","GCCCGATCTGTGGTCG-1"
"Layer 5","GCCCGCGCGTAAACGG-1"
"Layer 1","GCCCGCGCGTTTGACA-1"
"Layer 1","GCCCGTAATACCTTCT-1"
"Layer 4","GCCCGTCAAGCCCAAT-1"
"WM","GCCCGTTCACACAATT-1"
"Layer 6","GCCCTAAGTGCAGGAT-1"
"Layer 6","GCCCTGAGGATGGGCT-1"
"Layer 3","GCCGAAATTCCTACGT-1"
"Layer 6","GCCGACCCACGACTGC-1"
"Layer 3","GCCGATTGGCCAAGCT-1"
"Layer 2","GCCGCACTCCGTTTCA-1"
"Layer 3","GCCGCTTGTGAGAAAC-1"
"Layer 4","GCCGGAAACACATCTT-1"
"Layer 3","GCCGGGTTAGGGTCGC-1"
"WM","GCCGGTCGTATCTCTC-1"
"WM","GCCGTCGGTTTCGGGC-1"
"Layer 1","GCCGTGGAAGAAATGT-1"
"Layer 6","GCCTACGTTCTGTGCA-1"
"Layer 1","GCCTAGCGATCTGACC-1"
"Layer 1","GCCTATAGTGTCAGGG-1"
"Layer 3","GCCTATCAGGTAAGAT-1"
"Layer 4","GCCTATGCTGGGCCTT-1"
"Layer 1","GCCTATTCCGATATAG-1"
"Layer 3","GCCTATTTGCTACACA-1"
"Layer 3","GCCTCATCTGGAAATA-1"
"Layer 5","GCCTCCGACAATTCAC-1"
"Layer 5","GCCTCTATACATAGCA-1"
"WM","GCCTGTCCCGGTGCAT-1"
"Layer 2","GCCTTCAGCCCTACCG-1"
"Layer 5","GCGAAACGATCGGGAG-1"
"Layer 3","GCGAAACTTAACTGGA-1"
"Layer 6","GCGAAGAATCTGACGG-1"
"Layer 2","GCGAAGCCATACCCGT-1"
"Layer 6","GCGAATGGACTAGCGA-1"
"Layer 1","GCGACATGTAAACATC-1"
"Layer 6","GCGACCCAACCATCTG-1"
"Layer 4","GCGACGATAGTTGTAC-1"
"WM","GCGACGGTAGTCTCCT-1"
"Layer 3","GCGAGAGGCCATGTAA-1"
"Layer 1","GCGAGCGCATGCTCCC-1"
"Layer 3","GCGAGGCCCGAGCAGA-1"
"Layer 3","GCGAGTTCTGCAAAGA-1"
"Layer 4","GCGATTCTGGAAGCAG-1"
"Layer 3","GCGATTGTTAACGTTA-1"
"Layer 6","GCGCAAATATATTCAA-1"
"Layer 3","GCGCAAGAGCGCGCTG-1"
"Layer 2","GCGCATCCAGTCAGCA-1"
"Layer 3","GCGCCGTTCCACGATA-1"
"Layer 3","GCGCCTCCCACTCCGA-1"
"Layer 4","GCGCGATGGGTCAAGT-1"
"WM","GCGCGGTCTAGTAACT-1"
"Layer 5","GCGCGTCATTGGTACA-1"
"Layer 3","GCGCTAATTGAATAGA-1"
"Layer 3","GCGCTATGCCGAGGCA-1"
"Layer 2","GCGCTCGATCACCTGT-1"
"Layer 3","GCGCTGATCCAGACTC-1"
"Layer 2","GCGCTGCTTTGCATTT-1"
"Layer 5","GCGCTTAAATAATTGG-1"
"Layer 5","GCGGACCGCGTTGTGG-1"
"Layer 5","GCGGAGAAACTTCGCA-1"
"Layer 4","GCGGAGAGGGAGAACG-1"
"Layer 5","GCGGATTACTTGTTCT-1"
"Layer 6","GCGGCAAAGTATTGCC-1"
"Layer 3","GCGGCTCTGACGTACC-1"
"Layer 6","GCGGCTTTAGCAAGTT-1"
"Layer 1","GCGGGAACCAGGCCCT-1"
"WM","GCGGGCAGACGGGTGA-1"
"Layer 3","GCGGGCATTACGATGC-1"
"Layer 5","GCGGGCGAGCCTTACC-1"
"Layer 3","GCGGTAACCCAAATGA-1"
"Layer 4","GCGGTCCCGGTGAAGG-1"
"Layer 3","GCGGTCCCTAGACGCA-1"
"Layer 6","GCGGTCTTGCTTTCAC-1"
"Layer 3","GCGGTGAACTGCGCTC-1"
"Layer 4","GCGGTTCCCTATCATG-1"
"Layer 4","GCGTCCAGCTCGTGGC-1"
"Layer 6","GCGTCCCTAAGACATA-1"
"Layer 3","GCGTCGAAATGTCGGT-1"
"Layer 5","GCGTCGCCAGGGTGAT-1"
"Layer 6","GCGTCGTAACATGGTC-1"
"Layer 3","GCGTCTAACCTCCTAA-1"
"Layer 3","GCGTCTCTGCATTGGG-1"
"Layer 1","GCGTGGTACTGGGTTA-1"
"Layer 4","GCGTGTATGTCGTATT-1"
"Layer 3","GCGTTCGGAGACCGGG-1"
"Layer 3","GCGTTCTGACTAAGCG-1"
"Layer 5","GCTAACTGAAGTCTGA-1"
"Layer 5","GCTAAGCCCAGTATGC-1"
"Layer 2","GCTAAGTAGTTTCTCT-1"
"Layer 1","GCTAATACCGAATGCC-1"
"Layer 5","GCTACAATCGAGGATA-1"
"Layer 3","GCTACGACTTATTGGG-1"
"Layer 4","GCTACTATAGTAGAGT-1"
"Layer 3","GCTAGACCGTCTACTG-1"
"Layer 5","GCTAGAGTAGAGATGT-1"
"Layer 5","GCTAGCAACGCACCTA-1"
"Layer 1","GCTAGCACCTGGGCCA-1"
"Layer 4","GCTAGCAGGGAGTGGG-1"
"Layer 6","GCTAGCGATAGGTCTT-1"
"Layer 5","GCTAGCTTGAATAGCT-1"
"Layer 5","GCTAGGCACCACGGAG-1"
"Layer 3","GCTAGTAGAGCTTGTA-1"
"Layer 2","GCTAGTTTCATTGAGG-1"
"Layer 5","GCTATAAGGGCCAGGA-1"
"Layer 5","GCTATACGTCTCGGAC-1"
"Layer 5","GCTATCATACTCATGG-1"
"Layer 5","GCTCAATCCGTTTATT-1"
"Layer 6","GCTCAATGTAATACCG-1"
"Layer 4","GCTCATTACTGCATGT-1"
"WM","GCTCATTGATCATATC-1"
"Layer 3","GCTCCATGAGTGCAGA-1"
"WM","GCTCCATGCAAAGCAA-1"
"Layer 3","GCTCCCAGTCGGTCCA-1"
"Layer 2","GCTCCGCTCGCTTCAG-1"
"Layer 5","GCTCCTGACATACTGG-1"
"Layer 3","GCTCGCTCATGTCCAA-1"
"Layer 2","GCTCGGAATTTAAAGC-1"
"Layer 1","GCTCTAAACCCTGACG-1"
"Layer 1","GCTCTATGTTACGTGC-1"
"Layer 1","GCTCTCGGGTACCGAA-1"
"Layer 6","GCTCTTTCCGCTAGTG-1"
"Layer 1","GCTGAACTCTCCAGGG-1"
"Layer 6","GCTGAATCTTCCAATC-1"
"Layer 3","GCTGAGGCGTGAGTAT-1"
"Layer 3","GCTGCACGGTTTCTTA-1"
"WM","GCTGCGAAGAATTATT-1"
"Layer 5","GCTGCTAAGTAGTCGA-1"
"Layer 5","GCTGCTACTGCGTAGC-1"
"Layer 2","GCTGCTCTCCGGACAC-1"
"Layer 4","GCTGGACCCAAAGTGG-1"
"Layer 2","GCTGGCATATTCACCT-1"
"Layer 5","GCTGGCGGCGCATGCT-1"
"WM","GCTGGGAGCGCGTCAA-1"
"Layer 4","GCTGGTGACTCGTAGT-1"
"Layer 4","GCTGTATTACTGGCCC-1"
"Layer 3","GCTGTTGCTACCGAAC-1"
"Layer 3","GCTTAATGTAACTAAC-1"
"Layer 1","GCTTACGTAGTTAGTA-1"
"Layer 4","GCTTAGGGAAGCGGTA-1"
"Layer 2","GCTTATGAAGCAGGAA-1"
"Layer 4","GCTTCAGTGGGATTAC-1"
"Layer 5","GCTTCCATGTAACCGC-1"
"Layer 6","GCTTCCCGTAAGCTCC-1"
"Layer 1","GCTTCCGTCCCTAGAC-1"
"Layer 5","GCTTGAGTGACCTCTG-1"
"Layer 4","GCTTGCAGCACAATTG-1"
"Layer 1","GCTTGGATCGATTAGG-1"
"Layer 5","GCTTTACACAACTGGG-1"
"Layer 6","GCTTTATTAAGTTACC-1"
"Layer 1","GCTTTCAGAGGAGGTG-1"
"WM","GGAAACAGAGCTTGGG-1"
"Layer 3","GGAAACCTTGTTGAAT-1"
"Layer 5","GGAAACTAAATGGGCC-1"
"WM","GGAAAGGGAATTGAGC-1"
"WM","GGAAAGTCTTGATTGT-1"
"Layer 3","GGAAAGTGCCCATGCC-1"
"Layer 4","GGAACCGTGTAAATTG-1"
"Layer 6","GGAACCTTGACTCTGC-1"
"WM","GGAACTCGTGAATACG-1"
"Layer 5","GGAACTTTGGCGATTA-1"
"Layer 4","GGAAGCTCGCTTACAG-1"
"Layer 6","GGAAGGACACCGTATA-1"
"Layer 1","GGAATGCGCTAGCGTG-1"
"Layer 5","GGACAACCATGAAGCC-1"
"Layer 3","GGACACAAGTTTACAC-1"
"WM","GGACACCTCGGTGTTG-1"
"Layer 5","GGACCAACAGGATAAC-1"
"Layer 4","GGACCTACGGTAACGT-1"
"Layer 6","GGACCTCTAGGCCGCC-1"
"Layer 4","GGACGGCTTGCGCAAC-1"
"Layer 4","GGACGGGCGACCAACC-1"
"Layer 4","GGACGTCCATAGTTGG-1"
"Layer 3","GGACTCACAAATTAGG-1"
"Layer 3","GGACTCGAAGCTTTCA-1"
"WM","GGACTCGACAGCGCAT-1"
"Layer 6","GGACTCGTGAGTGGTC-1"
"Layer 3","GGACTCTTCCGGTTGA-1"
"Layer 6","GGACTCTTTGACTAAG-1"
"Layer 3","GGAGACCAATGTGCTT-1"
"Layer 3","GGAGACGACACCTTTG-1"
"Layer 5","GGAGCAACATTTCAAG-1"
"Layer 1","GGAGCACCAAGAACTA-1"
"WM","GGAGCGAGGCCTACTT-1"
"Layer 4","GGAGGATTGAAAGGAG-1"
"Layer 1","GGAGGCCGAAGTCGTC-1"
"Layer 2","GGAGGGCTTGGTTGGC-1"
"Layer 5","GGAGGGTCAAGTAAGA-1"
"Layer 1","GGAGTGCCGCCCTGGA-1"
"Layer 5","GGAGTTGATTCTGTGT-1"
"Layer 3","GGATACTCATGAATTG-1"
"Layer 4","GGATCAAAGGACGAGG-1"
"Layer 3","GGATCATCCCGTACGC-1"
"Layer 2","GGATCCGGAATATACT-1"
"WM","GGATCTACCGTTCGTC-1"
"Layer 6","GGATCTTACTGCCCTT-1"
"Layer 3","GGATGAAGATCGCTGA-1"
"Layer 3","GGATGACGCGAGTTTA-1"
"Layer 5","GGATGGCTTGAAGTAT-1"
"Layer 2","GGATGTCCTTACCGCA-1"
"WM","GGATTAATCATGGACC-1"
"Layer 1","GGATTCAGTACGGTGG-1"
"Layer 3","GGATTCCGCTATACCC-1"
"Layer 6","GGATTGCTGTGACTCC-1"
"Layer 1","GGATTTCACTTCTATA-1"
"Layer 5","GGCAAAGGCGCCAATA-1"
"Layer 3","GGCAAATTACTTTACT-1"
"Layer 4","GGCAAGCCAGGGATAG-1"
"WM","GGCAAGCCCATAGTGG-1"
"Layer 4","GGCAAGGCGAAATAGC-1"
"Layer 1","GGCAATAGTCAATGAG-1"
"Layer 5","GGCACGCTGCTACAGT-1"
"Layer 3","GGCACTCAGCCGACCC-1"
"Layer 3","GGCACTCCACTGGGCA-1"
"Layer 5","GGCACTGCGGTGGTTT-1"
"Layer 4","GGCAGCAAACCTATGC-1"
"Layer 4","GGCAGCGGTAATCCTA-1"
"Layer 3","GGCATACAGGTAGCGG-1"
"Layer 3","GGCATATCGGTTCTGC-1"
"WM","GGCATTGAACATCTCA-1"
"Layer 5","GGCCAATTGTATAGAC-1"
"Layer 4","GGCCCAATCTAGAGGG-1"
"WM","GGCCCAGCTGGTTTGC-1"
"Layer 4","GGCCCAGTTATCAGCA-1"
"Layer 2","GGCCCGGAGCATGTCT-1"
"Layer 3","GGCCCGTATACCATGC-1"
"Layer 3","GGCCCTCACCCACTTA-1"
"Layer 6","GGCCGAGACTCTGGTG-1"
"Layer 5","GGCCGCAGGAACCGCA-1"
"Layer 6","GGCCGGCGTCTGCTAT-1"
"Layer 6","GGCCGTTTGGGTTTCA-1"
"WM","GGCCTGCTCTGATGTT-1"
"Layer 4","GGCCTGCTTCTCCCGA-1"
"Layer 3","GGCGAAATCTAACTTG-1"
"Layer 4","GGCGAACCGTTCTGAT-1"
"Layer 3","GGCGCAGGACATCTTC-1"
"Layer 3","GGCGCATGAATTGATG-1"
"Layer 5","GGCGCGGAGATCTTTC-1"
"Layer 4","GGCGCGTTCGAGTTTA-1"
"Layer 6","GGCGCTTCATTCCCTG-1"
"Layer 2","GGCGGAGTAATATTAG-1"
"Layer 3","GGCGGGCTCTAAGAGT-1"
"Layer 2","GGCGGTAGGATCATTG-1"
"Layer 4","GGCGTACCCTATATAA-1"
"Layer 6","GGCGTAGGGAAAGCTG-1"
"Layer 2","GGCGTCCTATCCGCTG-1"
"Layer 3","GGCTAAAGGGCGGGTC-1"
"Layer 6","GGCTACTATACACTCC-1"
"Layer 2","GGCTATTAAGTTGTAT-1"
"Layer 6","GGCTCCTCCACCTGTT-1"
"Layer 1","GGCTCGCGTTGAGGTA-1"
"Layer 1","GGCTCGTGCCACCAGC-1"
"Layer 1","GGCTCTGCTCCAACGC-1"
"Layer 5","GGCTGAAATAGCAAAG-1"
"Layer 6","GGCTGGCAATCCCACG-1"
"Layer 3","GGCTGGCTAGCTTAAA-1"
"WM","GGCTGTCCTACTGCGG-1"
"Layer 6","GGCTTCTCGTGGGTGG-1"
"Layer 6","GGCTTTCAATAAGGGT-1"
"Layer 5","GGGAAAGAATGCCAAC-1"
"Layer 3","GGGAACGGGAGGTTAG-1"
"Layer 6","GGGAACGGTTTCAGAT-1"
"Layer 6","GGGAAGACGGTCTGTC-1"
"Layer 6","GGGAAGGGCTTTCTCA-1"
"Layer 3","GGGAATGAGCCCTCAC-1"
"Layer 6","GGGACCCGTATATCTT-1"
"Layer 2","GGGACTGCATAGATAG-1"
"Layer 2","GGGAGAACTCACAGTA-1"
"Layer 6","GGGAGCGACCGTAGTG-1"
"Layer 3","GGGAGGATGCCCGAAA-1"
"Layer 3","GGGAGTAATGGCTGGC-1"
"Layer 2","GGGAGTTAATGAGGCG-1"
"Layer 4","GGGATCCCAATACAAA-1"
"Layer 4","GGGATGGTCGTAACCG-1"
"Layer 3","GGGATTTACCGCACCT-1"
"WM","GGGCACGTAGTACTGT-1"
"Layer 6","GGGCAGAGCAATCGTT-1"
"Layer 6","GGGCAGTCAACGCCAA-1"
"WM","GGGCATGCATGTCGAG-1"
"Layer 3","GGGCCCGTCTTAAACA-1"
"Layer 3","GGGCCGGCCGAAGTAC-1"
"Layer 4","GGGCCTATTTAAGTAT-1"
"Layer 1","GGGCGATATGTGTGAA-1"
"Layer 2","GGGCGCAGCGTTACTC-1"
"Layer 4","GGGCGGCAAATGAATT-1"
"Layer 3","GGGCGGGTTCCCTACG-1"
"Layer 2","GGGCGGTCCTATTGTC-1"
"Layer 4","GGGCGTCACCACGTAA-1"
"Layer 3","GGGCGTCCACTGGCTC-1"
"Layer 6","GGGCGTGGTTTCCCAG-1"
"Layer 6","GGGCGTTTACATTCAT-1"
"Layer 6","GGGCTATGATCGATGG-1"
"Layer 2","GGGCTCATCGAACCCA-1"
"Layer 2","GGGCTGCCTAGGGCGA-1"
"Layer 2","GGGCTGGTTAGTCGCG-1"
"Layer 3","GGGTAATGCTGTGTTT-1"
"Layer 2","GGGTACCCACGGTCCT-1"
"Layer 3","GGGTACTTCATGAACT-1"
"Layer 1","GGGTATGTATGCACTT-1"
"Layer 3","GGGTCACCGTGACGGT-1"
"Layer 6","GGGTCAGGAGCTAGAT-1"
"Layer 3","GGGTCGTGGCAAGTGT-1"
"Layer 5","GGGTCTATCGCTTTCC-1"
"Layer 4","GGGTGACACCTTAACT-1"
"Layer 3","GGGTGCATATGAAAGC-1"
"Layer 4","GGGTGGTCCAGCCTGT-1"
"Layer 3","GGGTGTTTCAGCTATG-1"
"Layer 5","GGGTTAACATTTGAGT-1"
"Layer 3","GGGTTTAGGATAGGAT-1"
"Layer 5","GGTAAACTCTGCGCTG-1"
"Layer 4","GGTAAATGTGCGTTAC-1"
"Layer 6","GGTAACCGGGAGGATA-1"
"Layer 3","GGTAACTATGTATCTG-1"
"Layer 3","GGTACAAACATGCTAT-1"
"Layer 3","GGTACACCAGATTTAT-1"
"Layer 3","GGTACCATTAAGACGG-1"
"Layer 5","GGTACGTTGCGGCCGG-1"
"Layer 3","GGTACTAAGTGCTTTG-1"
"Layer 5","GGTAGAAGACCGCCTG-1"
"Layer 5","GGTAGACCGTTGGGCG-1"
"WM","GGTAGGCCAATATCAC-1"
"Layer 3","GGTAGTGCTCGCACCA-1"
"Layer 2","GGTATAGTGACACATA-1"
"Layer 2","GGTATTGCCGAGTTTA-1"
"Layer 4","GGTCAAGACTACTTCG-1"
"Layer 4","GGTCACGTTAGATTCA-1"
"Layer 4","GGTCAGTGGGTCCCAC-1"
"Layer 4","GGTCATTGTAGTCATA-1"
"WM","GGTCCACGTCTATTTG-1"
"Layer 3","GGTCGGATAAACGGCG-1"
"Layer 1","GGTCGGCCAGGAGCTT-1"
"Layer 3","GGTCGGTAATTAGACA-1"
"Layer 5","GGTCGGTCGTCCACAG-1"
"Layer 2","GGTCTCCAAGTAGTGC-1"
"Layer 5","GGTCTCCGTCCAGGTT-1"
"Layer 5","GGTCTCTGAATGGACT-1"
"Layer 1","GGTCTGAGAATCTGGA-1"
"Layer 6","GGTCTTGAGCGCTCTT-1"
"Layer 4","GGTGAAACCGGGAATG-1"
"Layer 3","GGTGAACGGGCTAGCC-1"
"Layer 4","GGTGAAGTACAGGGAT-1"
"Layer 3","GGTGACTGATAGAGAG-1"
"Layer 2","GGTGAGATGCAGATAA-1"
"Layer 3","GGTGATAAGGAGCAGT-1"
"Layer 3","GGTGATTTCATCTTGT-1"
"WM","GGTGCATAAATGATTA-1"
"Layer 2","GGTGCGGATAAGTGGC-1"
"Layer 3","GGTGCTGGTACACATT-1"
"Layer 5","GGTGGACTGCTCTGGC-1"
"Layer 2","GGTGGAGGTTGATACG-1"
"WM","GGTGGGATTAGGTCCC-1"
"WM","GGTGTAAATCGATTGT-1"
"WM","GGTGTAGGTAAGTAAA-1"
"Layer 4","GGTGTTCTGTTTCTAC-1"
"Layer 3","GGTGTTGGGCGTCTTA-1"
"Layer 4","GGTTACCACCCTCGGG-1"
"Layer 3","GGTTACCCGACACTTT-1"
"WM","GGTTACCGCTCCCTAC-1"
"Layer 4","GGTTAGCTATATGTCT-1"
"Layer 1","GGTTAGGCTTGGAGAA-1"
"Layer 1","GGTTAGTTACGGCGCC-1"
"WM","GGTTCCGTACGACTAA-1"
"Layer 5","GGTTCGCATTTGCCGT-1"
"Layer 2","GGTTCTACTCGTCTGA-1"
"Layer 4","GGTTGTATCGTGAAAT-1"
"Layer 6","GGTTTAATTACCATCG-1"
"Layer 3","GGTTTAATTGAGCAGG-1"
"Layer 1","GGTTTACAATCTCAAT-1"
"Layer 3","GGTTTAGCCTTTCTTG-1"
"Layer 1","GGTTTCAATCGGTCAG-1"
"Layer 4","GGTTTGACAAGAAGCT-1"
"Layer 3","GGTTTGAGTGCTGGAA-1"
"Layer 4","GGTTTGCGAACACGTA-1"
"Layer 5","GGTTTGTGACCTGAGG-1"
"Layer 4","GTAACAACTGACCTTG-1"
"WM","GTAACAGGTTAACGGC-1"
"Layer 4","GTAACATCTAAGATAA-1"
"Layer 6","GTAACTGCCCAAGGAG-1"
"Layer 3","GTAACTTGCGGCAGTC-1"
"Layer 1","GTAAGCGGGCAGTCAG-1"
"Layer 4","GTAAGGATTTGTCGGA-1"
"Layer 3","GTAAGTAACAGTCTGG-1"
"Layer 1","GTAAGTAGGGTATACC-1"
"Layer 2","GTAAGTCCACACTCTA-1"
"Layer 2","GTAATAAAGGGCTCCC-1"
"Layer 5","GTAATCTGATTCTTCG-1"
"Layer 3","GTACACTTACCTGAAG-1"
"Layer 3","GTACAGAGGCAAGGGT-1"
"Layer 3","GTACGACGGCGCTGCG-1"
"Layer 1","GTACGAGATTGCGACA-1"
"Layer 4","GTACGCTTCATTGCAC-1"
"Layer 3","GTACGTTTGCCCGTCA-1"
"Layer 1","GTACTAAGATTTGGAG-1"
"Layer 6","GTACTACGGCCTCGTT-1"
"Layer 3","GTACTCCCTTATCGCT-1"
"Layer 3","GTACTCCTGGGTATGC-1"
"Layer 3","GTACTGAGGTCGTAAC-1"
"Layer 3","GTACTGCATGAAGCGT-1"
"Layer 2","GTACTGGAGTTAGACC-1"
"Layer 2","GTACTTGGGCACTTCT-1"
"Layer 4","GTAGACAACCGATGAA-1"
"Layer 6","GTAGACACGCCTGACT-1"
"Layer 3","GTAGACGTCGTTACAT-1"
"Layer 5","GTAGAGGGAGACAAGT-1"
"Layer 5","GTAGCCAAACATGGGA-1"
"Layer 4","GTAGCGCTGTTGTAGT-1"
"Layer 3","GTAGCGGCTATACACT-1"
"Layer 6","GTAGCTCCGGGAGGCT-1"
"Layer 1","GTAGCTTCCTCTTGTT-1"
"Layer 3","GTAGGTGATCCGTGTA-1"
"Layer 4","GTAGTCGCGGGAATCA-1"
"Layer 6","GTAGTCTACGATATTG-1"
"Layer 5","GTAGTGAGCAACCTCA-1"
"Layer 6","GTAGTTCGAAGGCGAA-1"
"WM","GTAGTTTAAGCACACG-1"
"Layer 1","GTATAGGACTCAGTAG-1"
"Layer 5","GTATCAAACGTTAGCT-1"
"WM","GTATCAAGGTACTTCC-1"
"Layer 1","GTATCAGCTTGGGTTC-1"
"Layer 6","GTATCCTTTGGTAACC-1"
"Layer 6","GTATCTCAGTCTTGAC-1"
"Layer 4","GTATCTCCCTAACTGT-1"
"Layer 4","GTATCTTGTTGCTCAC-1"
"Layer 4","GTATCTTTCATAACCA-1"
"Layer 5","GTATGAAATTTCACTC-1"
"Layer 3","GTATGACGTGGGAAAC-1"
"Layer 3","GTATGTGGGTCTAGTT-1"
"Layer 4","GTATTCTGAGAAACGA-1"
"Layer 3","GTATTTAATGGCATAA-1"
"Layer 3","GTCAAAGTTTACATAG-1"
"Layer 5","GTCAACCAGGCCTATA-1"
"Layer 3","GTCAAGCGGACTCGGG-1"
"Layer 3","GTCAATGCTATAATTT-1"
"Layer 4","GTCAATTGTACTGAAG-1"
"Layer 4","GTCACAAAGTTTCCAA-1"
"Layer 2","GTCAGAATAGTCTATG-1"
"Layer 4","GTCAGTTGTGCTCGTT-1"
"Layer 1","GTCATGCACCTCCGTT-1"
"Layer 5","GTCATGCGCGAGGGCT-1"
"Layer 3","GTCATTAGAGCGAACG-1"
"Layer 6","GTCCAATATTTAGCCT-1"
"Layer 4","GTCCACGTCGCATTCG-1"
"WM","GTCCAGGCACGTGTGC-1"
"Layer 3","GTCCATTACTGCTACG-1"
"Layer 2","GTCCCAACGTAAAGTA-1"
"Layer 5","GTCCCGCGACGTTATG-1"
"Layer 5","GTCCGGACCTGAAATT-1"
"Layer 1","GTCCGGCTGAATTGCG-1"
"WM","GTCCGGGTTCACATTA-1"
"Layer 6","GTCCGTTAGAGGGCCT-1"
"Layer 5","GTCCTACGAATAGTCT-1"
"Layer 4","GTCCTTCTAGTGGGTT-1"
"Layer 3","GTCGATAGGTGACTTT-1"
"Layer 6","GTCGCCGTTGTGTGTT-1"
"Layer 3","GTCGCGTAACCCGTTG-1"
"Layer 4","GTCGGAAGGATACCAG-1"
"Layer 2","GTCGGATATCTCAGAC-1"
"Layer 3","GTCGGATGTAGCGCGC-1"
"Layer 6","GTCGGGAAGCAGAAAC-1"
"Layer 5","GTCGGGTGAAGTACCG-1"
"Layer 4","GTCGTACCATCTCGGG-1"
"Layer 3","GTCGTATTGGCGTACA-1"
"Layer 3","GTCGTCAATTATAAGG-1"
"Layer 3","GTCGTCTGGTTGGCTA-1"
"Layer 3","GTCGTGTCTGGTCATC-1"
"Layer 4","GTCGTTATTCGCTTAT-1"
"Layer 6","GTCTAGTGAGCCGCTT-1"
"WM","GTCTATACACGCATGG-1"
"Layer 3","GTCTATCTGAGTTTCT-1"
"Layer 5","GTCTATTGCATGCTCG-1"
"Layer 4","GTCTATTGGTTCCGGT-1"
"Layer 6","GTCTCAAGGCCCGGCT-1"
"Layer 5","GTCTCCCGAGTCCCGT-1"
"WM","GTCTCCGCCTCAATAC-1"
"Layer 3","GTCTCGACTAAGTTTG-1"
"Layer 3","GTCTCGATCTGCTTTC-1"
"Layer 6","GTCTGCCGACTCGACG-1"
"Layer 4","GTCTGGGCGGTCGAGA-1"
"WM","GTCTGTAGGTTGAACA-1"
"Layer 5","GTCTTACCACGCCAAG-1"
"Layer 4","GTCTTAGTACAGCCGG-1"
"Layer 1","GTCTTGAGGAGCAGTG-1"
"Layer 3","GTCTTGTAGCTATTCA-1"
"Layer 2","GTGAAACGGCGCCACC-1"
"Layer 3","GTGAAACGTGCTCCAC-1"
"Layer 2","GTGAACTCCCATTCGA-1"
"Layer 3","GTGAAGATTTCAAGTG-1"
"Layer 3","GTGAAGCCGTATAGTC-1"
"Layer 6","GTGACAGCTTCCCACT-1"
"Layer 3","GTGACCGCACACTACG-1"
"Layer 3","GTGACCTAAAGAATAA-1"
"Layer 3","GTGACGAGGGTGACCC-1"
"Layer 6","GTGACGCAGGTTTCAT-1"
"Layer 4","GTGACTTCAGTAGTGC-1"
"WM","GTGAGATAACCTTATA-1"
"Layer 2","GTGAGCGTGCTGCACT-1"
"Layer 3","GTGAGGACACTTAAGG-1"
"Layer 4","GTGAGGAGCGGTTGAG-1"
"Layer 5","GTGAGTCGACTAATAG-1"
"Layer 5","GTGAGTGGTACAACGC-1"
"Layer 6","GTGATCAAGCGTGCAC-1"
"Layer 3","GTGATCACTAACGCCT-1"
"Layer 4","GTGATCATAGATCTGC-1"
"Layer 6","GTGATCCTTGTCATGA-1"
"Layer 4","GTGATGCACAACATCT-1"
"Layer 4","GTGATTCGCCGCTCAA-1"
"Layer 3","GTGCAACAAATGTGGC-1"
"Layer 6","GTGCACCAGCTTCAAC-1"
"Layer 3","GTGCACGAAAGTGACT-1"
"Layer 3","GTGCAGCGTAGAGTAG-1"
"Layer 3","GTGCCATCACACGGTG-1"
"Layer 3","GTGCCCGTTCGGATTC-1"
"Layer 4","GTGCCGCTTCAAAGGT-1"
"Layer 4","GTGCCTCAGTGTACGG-1"
"Layer 6","GTGCCTGAGACCAAAC-1"
"Layer 4","GTGCGAAATCGAACAC-1"
"Layer 1","GTGCGACAGGGAGTGT-1"
"Layer 4","GTGCGCAGCTTGCTCC-1"
"Layer 4","GTGCGCTTACAAATGA-1"
"Layer 4","GTGCGGGACCATCGGC-1"
"Layer 1","GTGCGGGTCTCCAAAT-1"
"Layer 3","GTGCGTGTATATGAGC-1"
"WM","GTGCTATCCAGCTGGA-1"
"Layer 3","GTGCTCAAGTACTGTC-1"
"Layer 6","GTGCTGTTAGAACATA-1"
"Layer 3","GTGCTTACATCAGCGC-1"
"Layer 3","GTGGAACCTACATGCG-1"
"Layer 4","GTGGACCAACCCGATT-1"
"Layer 5","GTGGACGCATTTGTCC-1"
"Layer 2","GTGGACGTGCTGAGAC-1"
"Layer 2","GTGGAGCATGTCGGCC-1"
"Layer 5","GTGGAGTCGGCGGTTG-1"
"Layer 4","GTGGCGGGCCGTAGCT-1"
"Layer 6","GTGGCTGTTTCTGTTC-1"
"WM","GTGGGAACAAACCGGG-1"
"Layer 1","GTGGGCTTAGACACAC-1"
"Layer 6","GTGGTATAGTCTGCCG-1"
"Layer 3","GTGGTGATGGTTTGTG-1"
"Layer 3","GTGGTGGCCAAGTGAA-1"
"Layer 2","GTGGTTACTTCTTTCG-1"
"Layer 3","GTGGTTTCCGCCTTTC-1"
"Layer 1","GTGTACCTTGGCTACG-1"
"Layer 1","GTGTACGAACCGTTCC-1"
"Layer 5","GTGTATATCAGCGGGC-1"
"Layer 4","GTGTATGACTTTAAAG-1"
"WM","GTGTCAGTGTACGTGG-1"
"Layer 5","GTGTCGTATAGCGTTC-1"
"Layer 4","GTGTCGTATTCACCTT-1"
"Layer 2","GTGTGAATAACTTAGG-1"
"Layer 3","GTGTTACTATGCGTCC-1"
"Layer 4","GTTAAAGTAGGACTGG-1"
"Layer 5","GTTAACATCACTTAAA-1"
"Layer 3","GTTAACTATGTTGTCA-1"
"Layer 6","GTTAAGGGTGCGATGT-1"
"Layer 2","GTTAAGTTAGAGTGGG-1"
"Layer 4","GTTAATAGCGTCATTA-1"
"Layer 3","GTTACAATTGGTGACG-1"
"Layer 4","GTTACCAAGGCGTACG-1"
"Layer 4","GTTACCTACAACTTGC-1"
"Layer 4","GTTACGGCCCGACTGC-1"
"Layer 3","GTTACTTTGGGCCTAG-1"
"Layer 4","GTTAGAGTGTGCCGCT-1"
"Layer 6","GTTAGCCCATGACATC-1"
"Layer 3","GTTAGCCGTAAATCAA-1"
"Layer 4","GTTATAATACGGTGAA-1"
"Layer 3","GTTATATCAGGAGCCA-1"
"Layer 4","GTTATATTATCTCCCT-1"
"Layer 5","GTTATCAAGCTATCGA-1"
"Layer 4","GTTATCACCTTCTGAA-1"
"Layer 4","GTTCAATCTATGTCAA-1"
"Layer 2","GTTCACAGGAGTCTAG-1"
"WM","GTTCAGTCGCCAAATG-1"
"Layer 1","GTTCATCGTTTGGCTG-1"
"Layer 2","GTTCCAGTCTGACCAT-1"
"Layer 4","GTTCCCGTAAACATAT-1"
"WM","GTTCCGTCCGCCTGCA-1"
"WM","GTTCGACAATTGTATA-1"
"Layer 3","GTTCGCCATAAGTGCC-1"
"Layer 4","GTTCGCTGAGACGTCT-1"
"Layer 5","GTTCGGAGCACTCAAC-1"
"Layer 3","GTTCGGATCGGGAACA-1"
"Layer 2","GTTCGGGCGTACCATT-1"
"Layer 5","GTTCGTCTAAAGAACT-1"
"Layer 3","GTTCGTCTGGGTCCCT-1"
"Layer 3","GTTCTTCCCTCGATGT-1"
"WM","GTTCTTGTAACTCAAT-1"
"Layer 3","GTTGAACCGGTTCCAT-1"
"Layer 5","GTTGAGTCCCGCCGGT-1"
"Layer 1","GTTGCACGGAGTTTCG-1"
"Layer 3","GTTGCAGTCGACAACA-1"
"Layer 1","GTTGCGCTAACATTAC-1"
"Layer 3","GTTGCGGACGGTCAGG-1"
"Layer 3","GTTGGACCGCATCAGG-1"
"Layer 3","GTTGGATTCAGTGGCT-1"
"Layer 1","GTTGGATTGAGAACAC-1"
"Layer 3","GTTGGATTTGCGTTGG-1"
"Layer 5","GTTGGTCATGCTATCC-1"
"WM","GTTGTAGATTTATGAG-1"
"Layer 2","GTTGTCGTGTTAGTTG-1"
"Layer 4","GTTGTTACATTGCGCT-1"
"Layer 4","GTTGTTGCAAGATGGC-1"
"Layer 4","GTTTACGTTCCATCTG-1"
"Layer 5","GTTTCAAACGAGTTGT-1"
"Layer 3","GTTTCATATCGTCGCT-1"
"Layer 1","GTTTCCTGGAGGGTGA-1"
"Layer 6","GTTTCTAGAGGCGCGG-1"
"Layer 3","GTTTCTGCAGTCTCCC-1"
"Layer 2","GTTTGACCAAATCCTA-1"
"Layer 4","GTTTGAGCGGTTATGT-1"
"Layer 3","GTTTGGCCCAAGTTAT-1"
"Layer 3","GTTTGGCCGCTCAGCG-1"
"Layer 5","GTTTGGGCTTGTGAGC-1"
"Layer 6","GTTTGGGTTTCGCCCG-1"
"Layer 5","GTTTGGTAGGGTCAAC-1"
"Layer 6","GTTTGGTGATCGGTGC-1"
"Layer 5","TAAACCCAGGAGGGCA-1"
"Layer 1","TAAAGACAACCCTTTA-1"
"Layer 3","TAAAGAGCCCGAAACC-1"
"Layer 6","TAAAGCGGTATTTCCA-1"
"Layer 1","TAAAGCGTTAGGAGAA-1"
"Layer 3","TAAAGCTGCAATAGGG-1"
"WM","TAAAGTGCACGTCTCG-1"
"Layer 3","TAAATCTTTACACCTC-1"
"Layer 3","TAAATGGGCTACTGAG-1"
"Layer 6","TAAATTGTGGGTAAAG-1"
"WM","TAAATTTAGTAACACC-1"
"Layer 6","TAACAGCGTTTGTGCT-1"
"WM","TAACAGGTTCCCTTAG-1"
"Layer 3","TAACATACAATGTGGG-1"
"Layer 5","TAACATACACGCGATC-1"
"Layer 3","TAACCGCCCGCAGTGC-1"
"Layer 1","TAACCTACCGTCCGAG-1"
"Layer 5","TAACCTAGGGAGTCCA-1"
"Layer 1","TAACGCTTTGAGAGCG-1"
"Layer 3","TAACTATTACGCCAAA-1"
"Layer 3","TAACTCATCCGCGCGG-1"
"Layer 6","TAAGAGGGACAGGGAC-1"
"Layer 4","TAAGATTTAGCGGGAG-1"
"Layer 4","TAAGCCCTTACGACCA-1"
"Layer 6","TAAGCGCGAATCAAAT-1"
"Layer 2","TAAGGAACTTGTGGGA-1"
"Layer 1","TAAGGCAACATAAGAT-1"
"Layer 6","TAAGGCATAACATCAA-1"
"Layer 6","TAAGGCCCGTCACCCT-1"
"Layer 3","TAAGGCTGAATCCCTC-1"
"Layer 5","TAAGGGCCTGTCCGAT-1"
"Layer 4","TAAGTAACATCTTGAC-1"
"Layer 5","TAAGTCGCCGAGTATC-1"
"Layer 4","TAAGTCGGTGAGCTAG-1"
"WM","TAAGTGAATAGTCTAC-1"
"Layer 5","TAAGTTGCGACGTAGG-1"
"Layer 3","TAATAAACAAGGAGAT-1"
"Layer 2","TAATACACAGTAGTAT-1"
"Layer 6","TAATACTAGAACAGAC-1"
"Layer 5","TAATAGAACAGAGTTA-1"
"Layer 3","TAATAGCTAAATGATG-1"
"Layer 6","TAATAGGTCACCAGAA-1"
"Layer 1","TAATAGTGACGACCAG-1"
"Layer 2","TAATATTGAAATTCGC-1"
"Layer 3","TAATCAACCAAATGGG-1"
"Layer 2","TAATCGATCCGTACGT-1"
"Layer 5","TAATTACGTCAGTAGA-1"
"Layer 3","TAATTAGATGGATATG-1"
"Layer 3","TAATTAGGACATCCGT-1"
"Layer 4","TAATTCCAATGCTTCA-1"
"Layer 4","TAATTGGAATCGGGAA-1"
"Layer 5","TACAACAGCGCATACA-1"
"Layer 3","TACAACGCACAACTCA-1"
"Layer 4","TACAAGCTGTTCACTG-1"
"Layer 6","TACAAGGGCTTCTTTA-1"
"Layer 2","TACAAGTCTCGTGCAT-1"
"Layer 4","TACAATGAAACCAGCA-1"
"WM","TACACAGCCGTGGTGC-1"
"Layer 3","TACACCGTCGTTAGTC-1"
"Layer 6","TACACCTCTTCGAATC-1"
"Layer 5","TACAGAAACGGTGGGC-1"
"Layer 3","TACATAGGCATACACC-1"
"Layer 3","TACATGCCGGAATTGT-1"
"Layer 3","TACATTTCTAACGTGC-1"
"Layer 6","TACCAAATAGCCCAGA-1"
"Layer 5","TACCAATAAAGTACCA-1"
"Layer 4","TACCAGAAGTAGGTTC-1"
"Layer 3","TACCAGCTAGGTTTAA-1"
"WM","TACCAGGAATCCCGTC-1"
"Layer 2","TACCATGTATTGATTT-1"
"Layer 3","TACCCTCGGTAACCCT-1"
"Layer 6","TACCGAATAATTGTAA-1"
"Layer 1","TACCGCGGACTTGCAG-1"
"Layer 4","TACCGGCTCACTGCCC-1"
"Layer 4","TACCGGTCGTTTCCAT-1"
"Layer 6","TACCGTAGGTTAACTA-1"
"Layer 5","TACCGTGCCTCGGACC-1"
"Layer 6","TACCTACTCCCAGTAT-1"
"Layer 2","TACCTCACGCTTGTAC-1"
"Layer 6","TACCTCAGTTGTCTGT-1"
"Layer 6","TACCTCCACACCAATG-1"
"Layer 4","TACCTCTTTACCATCC-1"
"Layer 4","TACCTTAAGATTTCCC-1"
"Layer 2","TACGAACACGACTTCA-1"
"Layer 4","TACGACGCTTGCTGCG-1"
"Layer 3","TACGACTGCCTCTTAG-1"
"Layer 3","TACGAGAACTTCACGT-1"
"Layer 3","TACGATGTTGATCATC-1"
"Layer 3","TACGCAGTTCTTTCCT-1"
"Layer 3","TACGCCATATTCTAAT-1"
"Layer 5","TACGCCGAGGGTACCC-1"
NA,"TACGCCGCCTCAGAAG-1"
"Layer 5","TACGCCTCCATTCCGA-1"
"WM","TACGCTCCTAGAACTG-1"
"Layer 5","TACGCTCGGTATTGGA-1"
"Layer 5","TACGCTGCACGGTCGT-1"
"Layer 6","TACGCTGCTGTGTTAA-1"
"WM","TACGGAAGCCAAACCA-1"
"Layer 5","TACGGCATGGACGCTA-1"
"Layer 2","TACGGGATGCTAGCAG-1"
"Layer 6","TACGGGTAATAACATA-1"
"Layer 5","TACGTAAAGCGGAGTG-1"
"Layer 6","TACGTACTAGTGCTGA-1"
"Layer 3","TACGTGCAAGGTTCCT-1"
"Layer 1","TACGTGCACTATGCTG-1"
"Layer 6","TACGTGGGCCCAGGGC-1"
"Layer 3","TACGTTTACCGGCAAT-1"
"Layer 6","TACTACGTGCAATGCG-1"
"Layer 6","TACTATGGTTCCTCAG-1"
"Layer 4","TACTCATTGACGCATC-1"
"Layer 6","TACTCCTCTAGTTGAC-1"
"Layer 6","TACTCGTTTGAATCAA-1"
"Layer 2","TACTCTCCGAACAAAT-1"
"Layer 5","TACTCTTACTTTACTG-1"
"Layer 6","TACTCTTTCGTCTTCA-1"
"Layer 5","TACTGAACAGATTTAG-1"
"Layer 3","TACTGCAATCAATTAC-1"
"WM","TACTGCATGATTAAAT-1"
"Layer 3","TACTGGACAGCTCGGC-1"
"Layer 3","TACTGTTTCTCTGGTA-1"
"Layer 5","TACTTAAACATGTACA-1"
"Layer 3","TACTTGTTAGTAGTCC-1"
"Layer 1","TACTTTACTGAGCCGG-1"
"Layer 4","TAGAAACCACTAAGTA-1"
"Layer 1","TAGAAAGGTGGCGCTA-1"
"Layer 4","TAGAAGAAGGGTTACA-1"
"Layer 5","TAGAATAGCCGATGAA-1"
"Layer 4","TAGAATTAAGGGCAAC-1"
"Layer 6","TAGACGAAACGCCAAT-1"
"Layer 1","TAGACGCCCGTACCGG-1"
"Layer 1","TAGACTACCTAGCGTT-1"
"Layer 4","TAGAGATCATGCAACT-1"
"Layer 3","TAGAGCTACGAAGAAC-1"
"WM","TAGAGGGAGTTTATCT-1"
"Layer 5","TAGAGGTTCTACTTGT-1"
"Layer 1","TAGAGTCTAAGCGAAC-1"
"Layer 5","TAGAGTGTTCCGGGTA-1"
"Layer 4","TAGATATGGACTGGAA-1"
"Layer 4","TAGATCCGAAGTCGCA-1"
"Layer 5","TAGATGGTTCCTTACT-1"
"WM","TAGATTCAAAGTGCGG-1"
"Layer 4","TAGATTCTCTAGCAAA-1"
"Layer 6","TAGCAGATACTTAGGG-1"
"Layer 5","TAGCAGTATGACTAAA-1"
"Layer 3","TAGCCATTTCAAAGTC-1"
"Layer 2","TAGCCGGCGGTCAGCG-1"
"Layer 3","TAGCGTCCCTCGATTG-1"
"Layer 5","TAGCGTCCGGTGTGGT-1"
"Layer 3","TAGCGTTGGGTCTTAC-1"
"Layer 1","TAGCTAAGTCCGGGAG-1"
"Layer 5","TAGCTAGAAGGCATGA-1"
"Layer 6","TAGCTAGTGATGATGG-1"
"Layer 4","TAGCTCACTGTGTTTG-1"
"Layer 4","TAGCTCAGATCCTAGT-1"
"Layer 5","TAGCTCGCCTGATAAC-1"
"Layer 4","TAGGAACAGCCTCCAG-1"
"Layer 5","TAGGAGGCTCGAGAAC-1"
"WM","TAGGATCTTAACCGCA-1"
"Layer 2","TAGGCATGTTACGCCA-1"
"Layer 5","TAGGCCTATATAGTCT-1"
"Layer 5","TAGGCTAAAGTGGCAC-1"
"Layer 1","TAGGGAGCTTGGGATG-1"
"Layer 1","TAGGGTGTTTCAAGAG-1"
"Layer 2","TAGGTCCAAGTAAGGA-1"
"Layer 1","TAGGTCGCCGGAACTG-1"
"Layer 6","TAGGTGACGATAACCT-1"
"Layer 2","TAGGTGAGCCCTACTC-1"
"Layer 3","TAGGTGCTCGCCTAGC-1"
"Layer 6","TAGGTGTTCCACAGAT-1"
"Layer 3","TAGGTTCGAGTTCGTC-1"
"WM","TAGGTTCTGCTGAGAA-1"
"Layer 6","TAGTAGCTTATACCAG-1"
"Layer 6","TAGTAGTTGCCGGACA-1"
"Layer 6","TAGTCCCGGAGACCAC-1"
"Layer 3","TAGTCCGCAGAGAATG-1"
"WM","TAGTCCTGCACTAAGC-1"
"Layer 4","TAGTCGATCACGGGTT-1"
"Layer 3","TAGTCTAACAACGAGA-1"
"WM","TAGTCTGCGGCACATT-1"
"Layer 3","TAGTCTGTGACGTTGC-1"
"Layer 3","TAGTCTTTCCGAATTG-1"
"Layer 4","TAGTGACAAGCTCTAC-1"
"Layer 4","TAGTGAGAAGTGGTTG-1"
"Layer 2","TAGTGCCCTCCAGAGT-1"
"Layer 4","TAGTGGAACTCATACA-1"
"Layer 4","TAGTTAAGATAGGATA-1"
"Layer 3","TAGTTTATTCTTGCTT-1"
"Layer 1","TATAAATCCACAAGCT-1"
"Layer 1","TATAAGTGAGGATAGC-1"
"Layer 5","TATACACAGACGCCTT-1"
"Layer 1","TATACACGCAAAGTAT-1"
"Layer 3","TATACCGAGTGCCACA-1"
"Layer 6","TATACGCGTCATCACT-1"
"Layer 6","TATAGAGTCGCTTGAA-1"
"Layer 3","TATAGATGGTCGCAGT-1"
"Layer 6","TATATAGGGCTTTACG-1"
"Layer 6","TATATATCGAGAAATG-1"
"WM","TATATCAAAGTGATCT-1"
"Layer 1","TATATCCCTGGGAGGA-1"
"Layer 4","TATATTACAAATGTCG-1"
"Layer 4","TATATTCGCGTCGATA-1"
"Layer 3","TATCACCCAACCGACC-1"
"Layer 3","TATCACTTCGAGTAAC-1"
"Layer 5","TATCCAATTGGTTATC-1"
"Layer 2","TATCCATATCATGCGA-1"
"Layer 6","TATCCCTCGATCTGCA-1"
"Layer 6","TATCCGCACCGTCGGG-1"
"WM","TATCCTATCAACTGGT-1"
"Layer 3","TATCCTGCATGGGAAT-1"
"Layer 3","TATCGATCTATGCATA-1"
"Layer 1","TATCGATGATTAAACG-1"
"Layer 2","TATCTACAGAGGTAAT-1"
"Layer 3","TATCTACCACAGCGGG-1"
"Layer 5","TATGAAGAATTAAGGT-1"
"Layer 3","TATGATCCGGCACGCC-1"
"Layer 5","TATGATCTTCTCTTTA-1"
"Layer 4","TATGATTCTGCTTGGT-1"
"Layer 3","TATGGAGTTTCTCGTT-1"
"Layer 2","TATGGCCCGGCCTCGC-1"
"Layer 3","TATGGCTAGGCTAATT-1"
"Layer 3","TATGGGACCGAGCAGG-1"
"Layer 2","TATGGGTACGTATCGT-1"
"Layer 3","TATGGTCTGAGTAACA-1"
"Layer 3","TATGGTTAGTGGGAGA-1"
"Layer 6","TATGTAAAGTGCTTAA-1"
"Layer 3","TATGTCAAGACCGACT-1"
"Layer 1","TATGTCTCATTGTGCC-1"
"Layer 6","TATTAACCTGACCGCG-1"
"Layer 2","TATTACCATCCTGCTT-1"
"Layer 3","TATTCAATTCTAATCC-1"
"Layer 5","TATTCCACTCAGCTCG-1"
"Layer 5","TATTCCGAGCTGTTAT-1"
"Layer 4","TATTCCTCCGCCCACT-1"
"Layer 3","TATTCGTGCCAGAATA-1"
"Layer 2","TATTGACATTTCTGCC-1"
"Layer 5","TATTGCCGGGCTTGTA-1"
"Layer 2","TATTTAGTCTAGATCG-1"
"Layer 3","TATTTATACCGAGTAG-1"
"Layer 3","TATTTGATTTGCACAG-1"
"Layer 1","TATTTGTTACCCTTTA-1"
"Layer 1","TCAAACAACCGCGTCG-1"
"Layer 2","TCAAACTTAGATTGTT-1"
"WM","TCAAAGTCACGGCGTC-1"
"Layer 4","TCAAATTATGTTCGAC-1"
"Layer 6","TCAAATTGTTGTGCCG-1"
"Layer 6","TCAAATTTGAGACTCA-1"
"Layer 5","TCAACAAAGATAATTC-1"
"Layer 3","TCAACACATTGGGTAA-1"
"Layer 6","TCAACATAGCGCCCTA-1"
"Layer 3","TCAACGAGGAGACAAA-1"
"Layer 4","TCAACGCAGGAAATAA-1"
"Layer 3","TCAACGCGACCGGCAG-1"
"Layer 4","TCAACTGCAGAGTCAG-1"
"Layer 1","TCAAGAAATACTAGCT-1"
"Layer 4","TCAAGCGCGGACGGTA-1"
"Layer 3","TCAAGCTGCCTTGAAA-1"
"Layer 3","TCAAGGTTACTACACC-1"
"Layer 6","TCAATACGCCGTCATG-1"
"Layer 4","TCAATATACAGGAGGC-1"
"Layer 4","TCAATCCCGCGCCAAA-1"
"Layer 5","TCAATCCGGGAAGTTT-1"
"Layer 5","TCACAAACCGAGGTAC-1"
"Layer 5","TCACAGCAAACTCGAA-1"
"Layer 5","TCACAGGAGAATAAGA-1"
"Layer 4","TCACAGGGAATCGCAA-1"
"Layer 2","TCACAGGTTATTGGGC-1"
"Layer 4","TCACCCTCTTAAGATT-1"
"Layer 1","TCACCGCTCGGCACTC-1"
"Layer 5","TCACGATGTCCGTGGA-1"
"Layer 2","TCACGCATTGTAGATC-1"
"Layer 3","TCACGTGCCCGATTCA-1"
"Layer 4","TCACTACGACCAATGC-1"
"Layer 5","TCACTATCCCTTCGGT-1"
"Layer 4","TCACTATCGTGCAATC-1"
"Layer 4","TCACTCAGCGCATTAG-1"
"Layer 3","TCACTCGTGCAACGGC-1"
"Layer 2","TCAGAACCTCCACAGG-1"
"Layer 6","TCAGAACGGCGGTAAT-1"
"Layer 4","TCAGACGCTATAGAAG-1"
"Layer 6","TCAGAGGACGCGTTAG-1"
"Layer 3","TCAGAGTGTGAGCATG-1"
"Layer 2","TCAGCAAATGCATCTC-1"
"Layer 6","TCAGCAGTAGGCCCTG-1"
"Layer 5","TCAGCCAATCCGTAAA-1"
"Layer 6","TCAGCGCACGCCGTTT-1"
"Layer 1","TCAGGGTGTAACGTAA-1"
"Layer 2","TCAGGTTCTTTGAGAA-1"
"Layer 1","TCAGTACTGACCCGCG-1"
"Layer 4","TCAGTAGGGACTATAA-1"
"Layer 6","TCAGTGTATACGTCAT-1"
"Layer 4","TCAGTTACGGAATGAT-1"
"Layer 3","TCATAAGTCCAAGAAG-1"
"Layer 6","TCATATGAGCTTTGTT-1"
"Layer 2","TCATCACTCGAGCTCG-1"
"Layer 3","TCATCCCAGAGGGTGG-1"
"Layer 6","TCATCCTCAGCTGCTT-1"
"Layer 6","TCATCGACGACCGTCG-1"
"Layer 6","TCATCGATGGTCCCAA-1"
"Layer 3","TCATGCAGGTTCTCAT-1"
"Layer 1","TCATTTAAGTCTCCGA-1"
"Layer 4","TCATTTAGAAGTGTGA-1"
"Layer 6","TCCAACTCAGCTATCT-1"
"Layer 3","TCCAACTTTAAATTCT-1"
"Layer 6","TCCAAGCCTAGACACA-1"
"Layer 6","TCCAATAAAGGCTACC-1"
"Layer 2","TCCACAATGGTTTACG-1"
"WM","TCCACATCGTATATTG-1"
"Layer 5","TCCACCAAGACATAGG-1"
"Layer 6","TCCACCTCTAGCCTTT-1"
"Layer 1","TCCACTTTATCTAGGT-1"
"Layer 3","TCCAGAGCACCGGTTC-1"
"Layer 3","TCCAGATGTACGCCAA-1"
"Layer 3","TCCAGCGCTATAAGCG-1"
"WM","TCCAGGCAGGACGATC-1"
"Layer 2","TCCAGGCGAGTACGGT-1"
"Layer 6","TCCAGGGTATATACGA-1"
"Layer 3","TCCATTAGTTGGATAG-1"
"Layer 4","TCCATTCCCACTAGAG-1"
"Layer 4","TCCATTGTGACCTCGT-1"
"Layer 3","TCCCAAACAGACAACG-1"
"WM","TCCCAAACATCCTCTA-1"
"Layer 1","TCCCAAAGCCCTAAAT-1"
"Layer 2","TCCCACTCTCTTCCGG-1"
"Layer 3","TCCCAGCACACGACAT-1"
"Layer 3","TCCCAGCTTTAGTCTG-1"
"Layer 2","TCCCAGGCTTAGCTAA-1"
"Layer 3","TCCCGCCTATGTGCGT-1"
"Layer 1","TCCCGCGTACTCCTGG-1"
"Layer 3","TCCCGGGTGTGCTGCT-1"
"Layer 3","TCCCGGTCAGGAATTT-1"
"Layer 2","TCCCGTCAGTCCCGCA-1"
"Layer 3","TCCCGTCGCGTCATAG-1"
"Layer 3","TCCCGTGTGCAATTTG-1"
"Layer 3","TCCCTAGATCAATAGG-1"
"Layer 5","TCCCTCTTCTCAAGGG-1"
"Layer 2","TCCCTGGCTCGCTGGA-1"
"Layer 3","TCCCTTAGATTACTCG-1"
"Layer 5","TCCCTTGTCTGAAACT-1"
"Layer 3","TCCGAACGTTGCCGCT-1"
"Layer 4","TCCGAAGTAGTCACCA-1"
"Layer 3","TCCGAATGGTCCTGAG-1"
"WM","TCCGACCGCTAATCAA-1"
"Layer 4","TCCGAGAAGGCTAAGC-1"
"Layer 2","TCCGATAATTGCCATA-1"
"Layer 2","TCCGATGACTGAGCTC-1"
"Layer 2","TCCGATTACATTGCCG-1"
"Layer 5","TCCGCCTGTCTACAAG-1"
"Layer 2","TCCGCGGCAGCATCTG-1"
"Layer 5","TCCGCGGCCCAATGAA-1"
"Layer 4","TCCGCTGTCATCCCGG-1"
"Layer 5","TCCGCTTATCCCATTA-1"
"Layer 4","TCCGGAGGAAGGGCTG-1"
"Layer 2","TCCGGCCTAGCGTACA-1"
"Layer 3","TCCGGCTGTCGGGTCG-1"
"Layer 5","TCCGGGCCACTAACGG-1"
"Layer 5","TCCGGGCTTGACGGGA-1"
"Layer 5","TCCGGTTCGTCCGGTC-1"
"Layer 4","TCCGTTAAGCTAATAT-1"
"Layer 1","TCCGTTTAGCCTTGAA-1"
"Layer 6","TCCTAAAGATTCAGAC-1"
"Layer 5","TCCTAAATTGGGAAGC-1"
"Layer 6","TCCTAACCGTCGGGCA-1"
"Layer 3","TCCTACATCCACGGCC-1"
"Layer 3","TCCTAGCAAAGAAGCT-1"
"Layer 2","TCCTATCATAGGTAAC-1"
"Layer 3","TCCTCGGGCTGGGCTT-1"
"Layer 1","TCCTCTACGAGATGGC-1"
"Layer 4","TCCTCTGGCCCATTAG-1"
"Layer 6","TCCTGCAGCCGCCAAT-1"
"Layer 4","TCCTGCCAACTGGAGA-1"
"Layer 3","TCCTGCGTTGATACTC-1"
"Layer 4","TCCTTACGACGGTCCG-1"
"Layer 3","TCCTTCAGTGGTCGAA-1"
"WM","TCCTTGTCCTTTAATT-1"
"Layer 5","TCCTTTAAATCCGCTT-1"
"Layer 2","TCCTTTCTTACGCTTA-1"
"Layer 1","TCGAAATTTAGGACCA-1"
"Layer 3","TCGAAGAACCGAGCAC-1"
"Layer 6","TCGAATATCCCGCAGG-1"
"WM","TCGAATCGCAGGGTAG-1"
"WM","TCGACATAGCGTAGCG-1"
"Layer 4","TCGACTGACGATGGCT-1"
"Layer 3","TCGAGACCAACACCGT-1"
"Layer 6","TCGAGCCAGGCAGGCC-1"
"Layer 3","TCGAGGGCAACAGACG-1"
"Layer 3","TCGATAGGCTAGTCGC-1"
"WM","TCGATTTACGAAACGA-1"
"Layer 4","TCGCAAAGATGCATTT-1"
"Layer 5","TCGCACCAGGAGGCAG-1"
"Layer 5","TCGCATAAAGGGCGCA-1"
"Layer 2","TCGCATCCCTAAGTGT-1"
"Layer 3","TCGCATTCAATGACTT-1"
"Layer 4","TCGCCGAAGTTGCGTC-1"
"Layer 6","TCGCCGACATATTCGC-1"
"Layer 2","TCGCCGGTCGATCCGT-1"
"Layer 6","TCGCCTCCTTCGGCTC-1"
"Layer 2","TCGCGTCCAGAAGGTC-1"
"Layer 3","TCGCTAAACCGCTATC-1"
"Layer 6","TCGCTACTGGCTTTGA-1"
"Layer 1","TCGCTCGATATATTCC-1"
"Layer 3","TCGCTCGGCACCAGCG-1"
"Layer 6","TCGCTGCCAATGCTGT-1"
"Layer 1","TCGCTGGGCGGATTGT-1"
"Layer 2","TCGCTGTGCGTAAATC-1"
"Layer 4","TCGCTTAATTACGAAG-1"
"Layer 2","TCGCTTTAAACGTTTG-1"
"Layer 4","TCGGAATGACCATCAA-1"
"Layer 2","TCGGAATGCGCTCTGA-1"
"Layer 2","TCGGACGCCCAGCCCA-1"
"Layer 4","TCGGAGAGTATCGGGA-1"
"Layer 2","TCGGAGTACATGAGTA-1"
"Layer 4","TCGGCAGGGTTAAGGG-1"
"Layer 3","TCGGCGAACCCAAACC-1"
"Layer 5","TCGGCTTGTATCGACG-1"
"Layer 2","TCGGGAACGTGCCTAG-1"
"Layer 6","TCGGGAGACAGCGTAC-1"
"Layer 4","TCGGGCACTTCTGGAT-1"
"Layer 3","TCGGGCCGTCGTGGTA-1"
"Layer 3","TCGGGTGAAACTGCTA-1"
"Layer 6","TCGGTCCCGACAATAG-1"
"Layer 4","TCGGTCCCTGACTCCA-1"
"Layer 4","TCGGTGACCGCTCCGG-1"
"Layer 4","TCGGTTAGCCATGTAG-1"
"Layer 4","TCGTAACTCCCAAGAC-1"
"Layer 1","TCGTAAGACGACATTG-1"
"Layer 4","TCGTAAGCTCCGAGGA-1"
"WM","TCGTACCGACGTCAAG-1"
"Layer 3","TCGTATAGTGCAATTA-1"
"Layer 3","TCGTATTACCCATTGC-1"
"Layer 4","TCGTATTTCGTCCGGA-1"
"Layer 5","TCGTCAAGTACGCGCA-1"
"Layer 4","TCGTCCGGGTACACTC-1"
"Layer 5","TCGTCTTAGGCGTTAA-1"
"Layer 3","TCGTGTATTGGTCACG-1"
"Layer 4","TCGTGTCACGCTGACA-1"
"Layer 5","TCGTGTTCGACCACAA-1"
"Layer 5","TCGTTAGGAGTCCCTA-1"
"Layer 3","TCGTTCGTTATTATGT-1"
"Layer 5","TCGTTGCTATCCGGTC-1"
"Layer 3","TCGTTGGCTCGTCAAT-1"
"Layer 6","TCGTTTACGCGACCCT-1"
"Layer 5","TCTAACCTAGCCTGCG-1"
"Layer 6","TCTAATACTGCCTCAG-1"
"Layer 4","TCTACACGTTCATGCA-1"
"Layer 5","TCTACCCAATAGAGAG-1"
"Layer 5","TCTACCCGCATCATTT-1"
"Layer 1","TCTACCGTCCACAAGC-1"
"WM","TCTACGCACGATCTCC-1"
"Layer 4","TCTACGGGCTCAGTTG-1"
"Layer 4","TCTAGCAATCTCCGCC-1"
"Layer 4","TCTAGCATGCCCAGAA-1"
"Layer 2","TCTAGGTGGCGACGCT-1"
"Layer 3","TCTAGTGATATCGTGG-1"
"Layer 3","TCTAGTTATCAGAAGA-1"
"Layer 5","TCTATAGGTGGGTAAT-1"
"Layer 1","TCTATCATGCAGTTAC-1"
"Layer 6","TCTATCCGATTGCACA-1"
"Layer 1","TCTATCGGTCGCAACA-1"
"Layer 5","TCTATGCTATAACGAC-1"
"Layer 2","TCTATTACGCTGGCGA-1"
"Layer 6","TCTCAAATCAATCGGG-1"
"Layer 4","TCTCAGGCTACTCGCT-1"
"Layer 4","TCTCATGAGATAGGGT-1"
"Layer 3","TCTCCAACGTAGGTTA-1"
"Layer 5","TCTCCACAAGTTGAAT-1"
"Layer 5","TCTCCCTGGGCAGCGT-1"
"Layer 4","TCTCGAACGAGGTCAC-1"
"Layer 3","TCTCGACGTATCGCCG-1"
"Layer 4","TCTCGAGGAGGTTCGC-1"
"Layer 2","TCTCGGCTCCAGGACT-1"
"Layer 1","TCTCTAATAGCTGGTA-1"
"Layer 4","TCTCTCGCCGCACATA-1"
"Layer 6","TCTCTTACCGCGAACC-1"
"Layer 3","TCTGAACTCGTACCCG-1"
"Layer 5","TCTGAAGCACGTGGTC-1"
"Layer 1","TCTGAATTCCGTACAA-1"
"Layer 3","TCTGACGGGCTAACCC-1"
"Layer 4","TCTGAGCAATTGACTG-1"
"Layer 2","TCTGATCGGGTGCTAG-1"
"Layer 5","TCTGATGTATTCTGTC-1"
"Layer 2","TCTGATTGGAAATGGA-1"
"Layer 3","TCTGCACCATTAGTAA-1"
"Layer 5","TCTGCATACCTTGCTT-1"
"Layer 3","TCTGCCAGAAACTGCA-1"
"Layer 4","TCTGCGAATCGTTCGC-1"
"Layer 2","TCTGCTTAGAACAAGC-1"
"Layer 2","TCTGGAGCGTAAGAGT-1"
"Layer 2","TCTGGCCGTTCAAGTT-1"
"Layer 3","TCTGGGAACCTTTGAA-1"
"Layer 3","TCTGGGTAGCGCTCAT-1"
"Layer 3","TCTGTCATACAAGAGC-1"
"Layer 4","TCTGTGATGGAGGTTG-1"
"Layer 2","TCTGTGCCATCATAGT-1"
"Layer 4","TCTGTGGCTACATTTC-1"
"Layer 5","TCTGTTACCCAGCATA-1"
"Layer 2","TCTTACAGAGGTACCG-1"
"Layer 3","TCTTACCGGAACTCGT-1"
"Layer 1","TCTTACGGCATCCGAC-1"
"Layer 3","TCTTACTTATGCCTCT-1"
"Layer 2","TCTTAGAGCTCCAATT-1"
"Layer 3","TCTTAGAGTGAACTCT-1"
"Layer 4","TCTTATGGGTAGTACC-1"
"Layer 1","TCTTCCCATGGGCACA-1"
"Layer 3","TCTTCGAATAGACGTT-1"
"Layer 2","TCTTCGATACCAATAA-1"
"Layer 4","TCTTCGCGGTGAGAGG-1"
"Layer 3","TCTTCTATAACCCGCC-1"
"Layer 2","TCTTGATGCGTAGCGA-1"
"Layer 6","TCTTGCTCCCGATACT-1"
"Layer 2","TCTTGGTAACACCAAA-1"
"Layer 1","TCTTTAAGACTATGAA-1"
"Layer 3","TCTTTAGAGTCTAACA-1"
"Layer 2","TCTTTAGCAGGCGAAC-1"
"Layer 3","TCTTTCCTTCGAGATA-1"
"Layer 4","TGAAACTTATGCAAGC-1"
"Layer 2","TGAAAGGACCTGACTC-1"
"Layer 6","TGAACAAGCAGGGACT-1"
"Layer 6","TGAATACCGACGCGTA-1"
"Layer 4","TGAATATGCTATAAAC-1"
"Layer 4","TGAATGAGATACAGCA-1"
"Layer 6","TGAATGAGTGTTTCCC-1"
"Layer 3","TGAATGTCAGCCGGCC-1"
"Layer 1","TGACAACGCATGTCGC-1"
"WM","TGACAACTTAAAGGTG-1"
"Layer 4","TGACACTTCTCTTTGC-1"
"Layer 1","TGACATCGAGCGGACC-1"
"WM","TGACATGTAACGTGAC-1"
"Layer 6","TGACCAAATCTTAAAC-1"
"Layer 4","TGACCAGCTTCAAAGT-1"
"Layer 2","TGACCCACGTTAGACA-1"
"Layer 4","TGACGAATATTTCCCT-1"
"Layer 2","TGACGATGCACTAGAA-1"
"Layer 4","TGACTATAATCCTTTC-1"
"Layer 4","TGACTCTAACTGGTAA-1"
"Layer 2","TGAGAATGCTTTACCG-1"
"Layer 3","TGAGAGATTTACCACG-1"
"Layer 3","TGAGATTAGGCCCTAA-1"
"Layer 4","TGAGCAGTCGTGAAGT-1"
"Layer 3","TGAGCCATACAGTCTC-1"
"Layer 5","TGAGCGGAAAGTGTTC-1"
"Layer 3","TGAGCTCAACTGTATA-1"
"Layer 3","TGAGCTTTAATGACGC-1"
"Layer 6","TGAGGAGTGCCAGCTT-1"
"WM","TGAGGTGTGTGGCGGA-1"
"Layer 4","TGAGTAAATTAGCGTA-1"
"Layer 4","TGAGTGCCTCTTAAAT-1"
"Layer 1","TGAGTGGTCCGTGACG-1"
"Layer 5","TGAGTGTAACAACGGG-1"
"Layer 3","TGAGTTAAAGACATTC-1"
"Layer 5","TGATACATTTAGCCGT-1"
"WM","TGATCACCACACTGAC-1"
"Layer 3","TGATCAGGGAACTGCT-1"
"Layer 3","TGATCCCAGCATTAGT-1"
"Layer 1","TGATCGGTTTGACCCT-1"
"Layer 3","TGATCTACGCTGATCT-1"
"Layer 6","TGATCTATCACACTCT-1"
"Layer 1","TGATCTCCGGCGCCAG-1"
"Layer 3","TGATGGCTGTTTCTGA-1"
"Layer 5","TGATGTCAATTAAGTG-1"
"Layer 4","TGATTATGGCACGCAG-1"
"Layer 6","TGATTCCCGGTTACCT-1"
"Layer 2","TGATTCGTCTATCACT-1"
"Layer 4","TGATTCTGTCGCCGGT-1"
"Layer 3","TGATTTATTAGCTGTG-1"
"Layer 2","TGATTTCCTCCTGACG-1"
"WM","TGCAAACGTACTAGTT-1"
"WM","TGCAAAGTTCGTCTGT-1"
"Layer 5","TGCAACCCATCTGCGG-1"
"Layer 6","TGCAACTACTGGTTGA-1"
"Layer 2","TGCAAGAATGACGTAA-1"
"Layer 6","TGCAATCTAACACGGT-1"
"Layer 4","TGCAATTTGGGCACGG-1"
"Layer 4","TGCACAGTGAAGTTAT-1"
"Layer 3","TGCAGAACTATATCGT-1"
"Layer 3","TGCAGAGTACCGAGCA-1"
"Layer 1","TGCAGGATCGGCAAAG-1"
"Layer 4","TGCAGTGAGGCTCGGG-1"
"Layer 6","TGCAGTGGTAGGGAAC-1"
"Layer 3","TGCAGTTTCCTCCCAT-1"
"Layer 2","TGCATATGTCTGTCAC-1"
"Layer 2","TGCATGGATCGGATCT-1"
"WM","TGCATGTGACCCATAG-1"
"Layer 1","TGCATGTGGTAATCTA-1"
"Layer 5","TGCCAATGGGTACTCT-1"
"Layer 2","TGCCACCTGGCGAAAC-1"
"Layer 5","TGCCAGTACGTGGAGA-1"
"Layer 3","TGCCATTACTAAAGAA-1"
"Layer 6","TGCCCGATAGTTAGAA-1"
"Layer 3","TGCCCGTACCGTTAAA-1"
"Layer 3","TGCCGAAAGCGTATTC-1"
"Layer 6","TGCCGGATGTACGAGC-1"
"Layer 5","TGCCGTGGATCGTCCT-1"
"WM","TGCCGTGGGACCCAAT-1"
"Layer 2","TGCCTAAATTTAATAG-1"
"Layer 5","TGCCTAATTGAAGATT-1"
"Layer 2","TGCCTGATCAAACGAT-1"
"Layer 5","TGCCTTGGCCAGGCAA-1"
"Layer 4","TGCGACACCCTAGTGC-1"
"Layer 6","TGCGACGGCCGAACGT-1"
"Layer 5","TGCGAGAATATTACCC-1"
"Layer 2","TGCGCAAAGCATTTGG-1"
"Layer 1","TGCGCCGTTAATAACG-1"
"Layer 1","TGCGCGATTAACGGAG-1"
"Layer 6","TGCGGACTTGACTCCG-1"
"Layer 2","TGCGGAGTAAAGGTGC-1"
"Layer 3","TGCGGCATAGTTCAAC-1"
"Layer 3","TGCGGTGAAATTTCAT-1"
"Layer 3","TGCGTAAGAACCTGAT-1"
"Layer 5","TGCGTACGGCTAATTG-1"
"Layer 5","TGCGTCATGACTGAGC-1"
"Layer 3","TGCGTTTGTTGACACT-1"
"Layer 5","TGCTAAGTGTCTATTT-1"
"WM","TGCTATGGCAAAGGGA-1"
"Layer 3","TGCTCCACAGTTCTTA-1"
"Layer 5","TGCTCGGCGAAACCCA-1"
"Layer 6","TGCTCGGTGGGTCACC-1"
"Layer 3","TGCTCTGCCGGTTCAC-1"
"Layer 6","TGCTCTTGAGAGTTTG-1"
"Layer 4","TGCTGCGTCAGAGTTA-1"
"Layer 3","TGCTGTTGAAGAACTC-1"
"Layer 6","TGCTTAGAGAGAATGC-1"
"Layer 6","TGCTTCCCAAGCAGTA-1"
"Layer 3","TGGAACCACTGACACA-1"
"Layer 3","TGGAAGAAGGGAACGT-1"
"Layer 3","TGGAAGACGAACACCA-1"
"Layer 2","TGGAAGGATAAAGATG-1"
"Layer 3","TGGAATATCCTTGACC-1"
"Layer 6","TGGACCAATCTAAGAT-1"
"Layer 6","TGGACGCAATCCAGCC-1"
"Layer 3","TGGACTGTTCGCTCAA-1"
"WM","TGGAGAATAATCGTCC-1"
"Layer 3","TGGAGGGAAACACCTC-1"
"Layer 1","TGGAGTGATGCGATGA-1"
"WM","TGGATGGCATCTTGGA-1"
"Layer 5","TGGCAAACTAAATTAC-1"
"Layer 2","TGGCAACTCGCGCGCC-1"
"Layer 6","TGGCAAGCACAAGTCG-1"
"Layer 4","TGGCAATGGGACGGCG-1"
"Layer 4","TGGCAGATTACGATCA-1"
"Layer 3","TGGCAGCAGTAATAGT-1"
"Layer 1","TGGCCAAACTGAAGTA-1"
"Layer 1","TGGCCGTATATTGACC-1"
"Layer 5","TGGCGACTGCTCCAAA-1"
"Layer 5","TGGCGATCAAGTTATG-1"
"Layer 3","TGGCGGTGTGCGATTG-1"
"Layer 5","TGGCTACACTCTACCT-1"
"Layer 6","TGGCTATGTGACATAC-1"
"Layer 4","TGGCTTGTACAAGCTT-1"
"Layer 1","TGGCTTTGGGTAGACA-1"
"Layer 4","TGGGATGCACTCATTC-1"
"Layer 3","TGGGCAATAGTTGGGT-1"
"Layer 3","TGGGCACAAACAGAAC-1"
"Layer 3","TGGGCACGTTCTATGG-1"
"Layer 4","TGGGCAGGCCACCGCA-1"
"Layer 3","TGGGCCACAAGAGCGC-1"
"Layer 4","TGGGCCCATACTAATT-1"
"WM","TGGGCGATACAATAAG-1"
"Layer 3","TGGGTAAGGTTCCCGC-1"
"Layer 6","TGGGTGCACAAGCCAT-1"
"Layer 5","TGGGTGTAATAGATTT-1"
"WM","TGGGTGTTAAGTAGAA-1"
"WM","TGGGTTTCGGGCGTAC-1"
"Layer 3","TGGTAGAATATATGGG-1"
"Layer 4","TGGTATCGCATCCCAA-1"
"Layer 4","TGGTATCGGTCTGTAT-1"
"Layer 5","TGGTCCCACGCTACGG-1"
"WM","TGGTCGATATACCTCT-1"
"Layer 3","TGGTCTGTTGGGCGTA-1"
"WM","TGGTGCCCTGCCTTAC-1"
"Layer 3","TGGTTAAGGGCGCTGG-1"
"Layer 5","TGGTTCAACGGGTAAT-1"
"Layer 1","TGGTTCGTAGCAAAGG-1"
"Layer 4","TGGTTGGAGGATCCTG-1"
"Layer 3","TGGTTTAAACGTGGGT-1"
"Layer 5","TGTACCTACACGAGGG-1"
"Layer 3","TGTACGAACAAATCCG-1"
"Layer 4","TGTACTACTCTCACGG-1"
"Layer 6","TGTACTATCGCTCGTT-1"
"Layer 4","TGTACTGTGCCAAAGT-1"
"Layer 5","TGTACTTCCGGGCATG-1"
"Layer 6","TGTAGCCAATTCCGTT-1"
"Layer 5","TGTAGCCATCCCATTC-1"
"Layer 2","TGTAGGAGAAATTTCC-1"
"Layer 3","TGTAGTGATCTATAAT-1"
"Layer 1","TGTATAACAGATCCTG-1"
"Layer 3","TGTATACGGATGATGA-1"
"Layer 3","TGTATCCTTATTCCAT-1"
"Layer 3","TGTATGGCGCAGACAG-1"
"Layer 3","TGTCATTTGTTGGGAA-1"
"Layer 5","TGTCCACGGCTCAACT-1"
"Layer 3","TGTCCCGACATAGCAC-1"
"WM","TGTCCGCAAACAATTC-1"
"Layer 3","TGTCCTAAGTCACCGC-1"
"Layer 3","TGTCGGCATGGTGGAA-1"
"WM","TGTCGTGGGTATAGGC-1"
"Layer 3","TGTCTACAGTTTCTGT-1"
"Layer 2","TGTGACTACGCCAGTC-1"
"Layer 5","TGTGACTAGAGTTTGC-1"
"Layer 6","TGTGAGACTAGCCCAA-1"
"Layer 5","TGTGCCGGTGCCGGAA-1"
"Layer 3","TGTGGACTATCTACGT-1"
"Layer 4","TGTGGAGGAAGCTTAA-1"
"Layer 1","TGTGGCAAAGCGTATG-1"
"Layer 6","TGTGGCGGGCTTCTGG-1"
"Layer 2","TGTGGCTCCCACCAAC-1"
"Layer 3","TGTGGTAGGGTGCCTT-1"
"Layer 6","TGTGGTTGCTAAAGCT-1"
"Layer 4","TGTGTAGTAGCACGTG-1"
"Layer 4","TGTTAACAAAGTGACT-1"
"Layer 3","TGTTATTGTATGTGGC-1"
"Layer 3","TGTTCCGCTTCCATGA-1"
"WM","TGTTCCGGCCTGAGCT-1"
"Layer 5","TGTTCGTATTGCGGTG-1"
"Layer 4","TGTTCTCATACTATAG-1"
"Layer 4","TGTTCTCTACTCCCTA-1"
"Layer 2","TGTTCTTCCATTGACT-1"
"Layer 2","TGTTGCCGTCGTCCCA-1"
"Layer 2","TGTTGTCAAGAAGTCT-1"
"Layer 4","TGTTTAATACTTCATC-1"
"Layer 2","TGTTTCGGTACTTCTC-1"
"Layer 3","TGTTTGAGATCGTCAG-1"
"Layer 3","TTAAACAGAGTCCCGC-1"
"Layer 4","TTAAACCGGTAGCGAC-1"
"Layer 1","TTAAACTCGAATTCAT-1"
"WM","TTAAAGGCGATGCTCG-1"
"Layer 5","TTAAAGTAAGTCGCCA-1"
"Layer 1","TTAACCAACCCTCCCT-1"
"Layer 4","TTAACCCGAGGCGTGT-1"
"Layer 3","TTAACGAACAAGCAGT-1"
"Layer 3","TTAACGTCGCAAGACC-1"
"Layer 4","TTAACTGATCGTTTGG-1"
"Layer 4","TTAACTTCAGGTAGGA-1"
"Layer 4","TTAAGACGAACGAACC-1"
"WM","TTAAGATACCCAGAGA-1"
"Layer 3","TTAAGATAGGATTGAC-1"
"Layer 3","TTAAGCCGACAACTTC-1"
"Layer 2","TTAAGCGCCTGACCCA-1"
"Layer 3","TTAAGGATACGGAGGT-1"
"Layer 6","TTAAGGCCCGTACTTT-1"
"Layer 6","TTAAGTATTGTTATCC-1"
"Layer 3","TTAATCAGTACGTCAG-1"
"Layer 4","TTAATGCGAGGTAACT-1"
"Layer 2","TTAATGTAGACCAGGT-1"
"Layer 6","TTAATTGCTTTGGGTG-1"
"Layer 3","TTAATTTCAGACGCGG-1"
"Layer 5","TTACACGATCTGCGAC-1"
"Layer 2","TTACAGACCTAAATGA-1"
"Layer 3","TTACATGCCACAACTA-1"
"Layer 3","TTACCATTGATTACCC-1"
"Layer 3","TTACCCATTGCCGGGT-1"
"Layer 6","TTACCCTAGGGATTGG-1"
NA,"TTACCGCCTTAGGGAA-1"
"Layer 1","TTACGGATGGTTCGAG-1"
"Layer 4","TTACGGTGTCACCGAG-1"
"Layer 4","TTACGTATCTATGACA-1"
"Layer 4","TTACTAAAGGACTTTA-1"
"Layer 2","TTACTCCGGCCGGGAA-1"
"Layer 3","TTACTCTGGTACGTAC-1"
"Layer 4","TTACTGGGATATTTCA-1"
"Layer 4","TTACTGTCTAGAGCTC-1"
"Layer 4","TTACTGTTTCTCTACG-1"
"Layer 5","TTAGAAGAACATGACT-1"
"Layer 6","TTAGAATAAGGGTCGG-1"
"Layer 3","TTAGACACGATCGTTG-1"
"Layer 4","TTAGACGAGTCACCTC-1"
"Layer 3","TTAGAGTTTAGAAGGA-1"
"WM","TTAGCCATAGGGCTCG-1"
"Layer 3","TTAGCTAATACGATCT-1"
"Layer 2","TTAGCTGATTTGCCGT-1"
"Layer 2","TTAGGATGGGAGGGTA-1"
"Layer 6","TTAGGTCATAACCGAC-1"
"Layer 5","TTAGTAAACCTGCTCT-1"
"Layer 2","TTAGTAGGGCGGCGGG-1"
"Layer 4","TTAGTTATTCGTGGCA-1"
"Layer 3","TTAGTTCAAGTGTTCG-1"
"Layer 6","TTATAGGTAATTGTCT-1"
"Layer 3","TTATATACGCTGTCAC-1"
"Layer 3","TTATCCAATCGAACTC-1"
"Layer 5","TTATCCGGGATCTATA-1"
"Layer 1","TTATCTGTATCATAAC-1"
"Layer 3","TTATGAATGAAAGGGA-1"
"Layer 1","TTATGACAAACTGGAT-1"
"Layer 3","TTATGATCTTAACGAA-1"
"Layer 4","TTATGCGTCCCGGTCC-1"
"Layer 4","TTATTAGAGCGTGTTC-1"
"Layer 3","TTATTAGGGAAGCATC-1"
"Layer 3","TTATTATCTGGAAGGC-1"
"Layer 4","TTATTTAGGTTCCTTA-1"
"Layer 3","TTCAAAGTCTCTAGCC-1"
"Layer 1","TTCAACGACCCGACCG-1"
"Layer 3","TTCAAGCCGAGCTGAG-1"
"Layer 3","TTCAATACTCTGAATC-1"
"Layer 3","TTCACGAAAGGATCAC-1"
"WM","TTCACGGTCGTCACGT-1"
"Layer 5","TTCACTCGAGCACCTA-1"
"WM","TTCACTTCCTAGAACG-1"
"Layer 4","TTCAGCCCTGGTCCAC-1"
"Layer 5","TTCAGCTGGCGTGCCC-1"
"WM","TTCAGTTCAAGAGGAG-1"
"Layer 3","TTCATGGCGCAACAGG-1"
"Layer 3","TTCCAATCAGAGCTAG-1"
"Layer 4","TTCCAATCTGGCTATC-1"
"Layer 5","TTCCACACAGATTTGA-1"
"Layer 1","TTCCAGACGAGATTTA-1"
"WM","TTCCAGTGGGTTTCGT-1"
"Layer 4","TTCCATCATGCGGTGA-1"
"Layer 5","TTCCATCGACAGCGTG-1"
"Layer 3","TTCCGCAGAGAAATAT-1"
"Layer 4","TTCCGCGTGAGGCGAT-1"
"Layer 5","TTCCGGCCTTGAGGCT-1"
"Layer 4","TTCCGGCTCGACTTCT-1"
"Layer 2","TTCCGGTATCTGTGTC-1"
"Layer 3","TTCCGGTTACCCACTT-1"
"Layer 1","TTCCTCGAGGGTGTCT-1"
"Layer 5","TTCCTCGGACTAACCA-1"
"Layer 3","TTCCTTTCTGTGTTGC-1"
"WM","TTCGAACGAAACATGC-1"
"Layer 5","TTCGACAGAGCCCGTG-1"
"Layer 4","TTCGAGCCGGCGCTAC-1"
"Layer 1","TTCGCACTCGCGTGCT-1"
"Layer 6","TTCGCACTGTACGACA-1"
"Layer 6","TTCGCGCGCCATACGA-1"
"Layer 2","TTCGCTAGGAAGTTGT-1"
"Layer 3","TTCGCTATCTGACGTG-1"
"Layer 4","TTCGGACTGATGCCTT-1"
"Layer 3","TTCGGCAACCCGCTGA-1"
"Layer 3","TTCGGGACTAATCGCG-1"
"Layer 5","TTCGGGCGCTAGTCTT-1"
"Layer 4","TTCGGGTTGCCACGGG-1"
"WM","TTCGGTACTGTAGAGG-1"
"Layer 2","TTCGGTGGAGACGCCC-1"
"Layer 4","TTCGTAATCCCAGCGG-1"
"Layer 2","TTCGTACTCCAGAACG-1"
"WM","TTCGTGCATGTTATAG-1"
"Layer 3","TTCGTTCAACGAAGTT-1"
"Layer 1","TTCTAACCGAAGCTTA-1"
"Layer 6","TTCTACCTCAATCGGT-1"
"Layer 1","TTCTACTTGCGAGGGC-1"
"Layer 6","TTCTAGAAAGTCTTAT-1"
"Layer 3","TTCTATGCCTTTCGCA-1"
"WM","TTCTATTAAACGCAGC-1"
"Layer 5","TTCTGACCGGGCTCAA-1"
"Layer 5","TTCTGCCGCGCCTAGA-1"
"Layer 3","TTCTGCGGGTTAGCGG-1"
"Layer 3","TTCTGCTAGACTCCAA-1"
"Layer 1","TTCTTAGTGAACGGTG-1"
"Layer 2","TTCTTAGTGGCTCAGA-1"
"Layer 4","TTCTTATCCGCTGGGT-1"
"Layer 4","TTCTTCCCTTTGATAT-1"
"Layer 4","TTCTTGAGCCGCGCTA-1"
"Layer 2","TTCTTGCTAGCATCTC-1"
"Layer 5","TTCTTGGACGATCTGC-1"
"Layer 2","TTCTTGGAGTAATGAG-1"
"Layer 3","TTCTTTGGTCGCGACG-1"
"Layer 4","TTGAAACCCTCATTCC-1"
"Layer 4","TTGAAAGGTGTAAAGG-1"
"Layer 5","TTGAACGACGTGCTGA-1"
"Layer 2","TTGAAGAATTCCCAGG-1"
"Layer 2","TTGAATATGGACTTTC-1"
"Layer 3","TTGAATTCACGTGAGG-1"
"Layer 3","TTGACAGGAGCTCCCG-1"
"Layer 4","TTGACATGAACGTGGA-1"
"Layer 6","TTGACCAGGAACAACT-1"
"Layer 2","TTGACCATGTTCTCCG-1"
"Layer 5","TTGACCGTGTTAATGA-1"
"Layer 3","TTGACGATTCAGCACG-1"
"Layer 3","TTGACGCTCCATGAGC-1"
"Layer 3","TTGACTACCATATGGT-1"
"Layer 3","TTGACTATTGTCCGGC-1"
"Layer 5","TTGAGAAGTTTAGCAT-1"
"Layer 4","TTGAGAGTACTGCTAA-1"
"Layer 2","TTGAGCAGCCCACGGT-1"
"Layer 1","TTGAGCGCCACGTGAT-1"
"Layer 1","TTGAGTCCCGCTGCTG-1"
"Layer 3","TTGATAGTCAATACAT-1"
"Layer 1","TTGATCTAACTTTGTC-1"
"WM","TTGATGCCGCTCGTCG-1"
"Layer 2","TTGATGTGTAGTCCCG-1"
"Layer 4","TTGATTAGCTGTTTCT-1"
"Layer 1","TTGATTATGCAGATGA-1"
"WM","TTGCAAGAAGACTCCT-1"
"Layer 3","TTGCACAATTCAGAAA-1"
"Layer 1","TTGCACGGAGCAGCAC-1"
"Layer 3","TTGCATGCTGATCACG-1"
"Layer 3","TTGCCAAGCAGAACCC-1"
"Layer 5","TTGCCATAGCCCGCTC-1"
"Layer 3","TTGCCCTGATCACGGG-1"
"Layer 6","TTGCCGCTTTCTAGTA-1"
"Layer 6","TTGCCTAATCCAAAGT-1"
"Layer 5","TTGCCTTCTCGCCGGG-1"
"Layer 5","TTGCGCTTGATCAATA-1"
"WM","TTGCGGAAAGCTGCCC-1"
"Layer 5","TTGCGGCATCAGAAAG-1"
"Layer 4","TTGCGGCGACTCATGC-1"
"Layer 5","TTGCGTCGGCCAACCG-1"
"Layer 4","TTGCGTGAACGCTTAG-1"
"Layer 6","TTGCGTGTGTAGGCAT-1"
"Layer 5","TTGCTCATAGTACGTG-1"
"Layer 2","TTGCTCCCATACCGGA-1"
"Layer 2","TTGCTGAAGGAACCAC-1"
"Layer 3","TTGCTGATCATGTTCG-1"
"Layer 4","TTGCTGGCCGGGCTTC-1"
"Layer 5","TTGGAAGAATACAGTC-1"
"Layer 3","TTGGACATGTGGCTTA-1"
"Layer 4","TTGGACCATCTGGCAA-1"
"Layer 5","TTGGACCTATAACAGT-1"
"Layer 3","TTGGAGTCTCCCTTCT-1"
"Layer 4","TTGGATATCGTCTACG-1"
"Layer 3","TTGGATCGACTTCTGG-1"
"Layer 2","TTGGATTGGGTACCAC-1"
"Layer 6","TTGGCCAAATTGTATC-1"
"Layer 3","TTGGCCTAGAATTTCG-1"
"Layer 2","TTGGCGATCCGAATAT-1"
"Layer 5","TTGGCTCAATATGTGT-1"
"WM","TTGGGAAGACGAGCCG-1"
"Layer 1","TTGGGACACTGCCCGC-1"
"Layer 4","TTGGGACGTAAGAGTT-1"
"Layer 1","TTGGGCGGCGGTTGCC-1"
"Layer 4","TTGGGTTTATTCAGCG-1"
"Layer 3","TTGGTATGGCTTGTGT-1"
"Layer 4","TTGGTCACACTCGTAA-1"
"Layer 2","TTGGTTCGCTCAAAGG-1"
"Layer 5","TTGGTTGCGGTGCGCG-1"
"Layer 4","TTGTAAGGACCTAAGT-1"
"Layer 1","TTGTAAGGCCAGTTGG-1"
"Layer 3","TTGTAATCCGTACTCG-1"
"Layer 3","TTGTATCACACAGAAT-1"
"Layer 1","TTGTCGTTCAGTTACC-1"
"WM","TTGTCTCGGCAAGATG-1"
"Layer 5","TTGTGAACCTAATCCG-1"
"Layer 5","TTGTGATCTGTTCAGT-1"
"Layer 6","TTGTGCAGCCACGTCA-1"
"Layer 2","TTGTGGCCCTGACAGT-1"
"Layer 5","TTGTGGTAGGAGGGAT-1"
"Layer 3","TTGTGGTATAGGTATG-1"
"Layer 5","TTGTGGTGGTACTAAG-1"
"Layer 5","TTGTGTATGCCACCAA-1"
"Layer 5","TTGTGTTTCCCGAAAG-1"
"WM","TTGTTGGCAATGACTG-1"
"Layer 1","TTGTTGTGTGTCAAGA-1"
"Layer 6","TTGTTTCACATCCAGG-1"
"Layer 6","TTGTTTCATTAGTCTA-1"
"Layer 4","TTGTTTCCATACAACT-1"
"WM","TTGTTTGTATTACACG-1"
"Layer 4","TTGTTTGTGTAAATTC-1"
