"manual_layer_label","barcode"
"Layer 6","AAACAAGTATCTCCCA-1"
"Layer 2","AAACACCAATAACTGC-1"
"Layer 5","AAACAGAGCGACTCCT-1"
"Layer 1","AAACAGCTTTCAGAAG-1"
"Layer 2","AAACAGGGTCTATATT-1"
"Layer 1","AAACAGTGTTCCTGGG-1"
"Layer 3","AAACATGGTGAGAGGA-1"
"Layer 5","AAACATTTCCCGGATT-1"
"WM","AAACCCGAACGAAATC-1"
"WM","AAACCGGAAATGTTAA-1"
"Layer 2","AAACCGGGTAGGTACC-1"
"Layer 2","AAACCGTTCGTCCAGG-1"
"Layer 3","AAACCTAAGCAGCCGG-1"
"Layer 2","AAACCTCATGAAGTTG-1"
"Layer 3","AAACGAAGATGGAGTA-1"
"Layer 6","AAACGAGACGGTTGAT-1"
"Layer 6","AAACGCTGGGCACGAC-1"
"Layer 4","AAACGGGCGTACGGGT-1"
"Layer 1","AAACGGTTGCGAACTG-1"
"Layer 4","AAACGTGTTCGCCCTA-1"
"Layer 3","AAACTAACGTGGCGAC-1"
"Layer 3","AAACTCGGTTCGCAAT-1"
"Layer 5","AAACTCGTGATATAAG-1"
"Layer 5","AAACTGCTGGCTCCAA-1"
"Layer 3","AAACTTAATTGCACGC-1"
"Layer 1","AAACTTGCAAACGTAT-1"
"Layer 3","AAAGAATGACCTTAGA-1"
"Layer 5","AAAGAATGTGGACTAA-1"
"Layer 3","AAAGACTGGGCGCTTT-1"
"Layer 5","AAAGCTTGCCTACATA-1"
"Layer 2","AAAGGCCCTATAATAC-1"
"Layer 2","AAAGGCTACGGACCAT-1"
"Layer 3","AAAGGCTCTCGCGCCG-1"
"Layer 6","AAAGGGATGTAGCAAG-1"
"Layer 4","AAAGGGCAGCTTGAAT-1"
"Layer 4","AAAGGTAAGCTGTACC-1"
"Layer 1","AAAGTAGCATTGCTCA-1"
"Layer 1","AAAGTCGACCCTCAGT-1"
"WM","AAAGTGCCATCAATTA-1"
"Layer 6","AAAGTGTGATTTATCT-1"
"WM","AAAGTTGACTCCCGTA-1"
"Layer 6","AAATAACCATACGGGA-1"
"Layer 5","AAATAAGGTAGTGCCC-1"
"Layer 5","AAATACCTATAAGCAT-1"
"Layer 6","AAATAGCTTAGACTTT-1"
"Layer 5","AAATAGGGTGCTATTG-1"
"Layer 4","AAATCCGATACACGCC-1"
"Layer 3","AAATCGCGGAAGGAGT-1"
"Layer 4","AAATCGTGTACCACAA-1"
"Layer 6","AAATCTAGCCCTGCTA-1"
"Layer 3","AAATCTGCCCGCGTCC-1"
"Layer 5","AAATGATTCGATCAGC-1"
"Layer 4","AAATGCTCGTTACGTT-1"
"Layer 6","AAATGGCATGTCTTGT-1"
"Layer 1","AAATGGCCCGTGCCCT-1"
"Layer 5","AAATGGTCAATGTGCC-1"
"Layer 2","AAATGTATCTTATCCC-1"
"Layer 5","AAATTAACGGGTAGCT-1"
"Layer 1","AAATTAATAAGCGCGA-1"
"Layer 6","AAATTACACGACTCTG-1"
"Layer 6","AAATTACCTATCGATG-1"
"Layer 6","AAATTCCAGGTCCAAA-1"
"Layer 1","AAATTGATAGTCCTTT-1"
"Layer 4","AAATTGGTGAGAAGCA-1"
"Layer 2","AAATTTGCGGGTGTGG-1"
"Layer 5","AACAACTGGTAGTTGC-1"
"Layer 1","AACAATACATTGTCGA-1"
"Layer 3","AACAATTACTCTACGC-1"
"Layer 6","AACACACGCTCGCCGC-1"
"Layer 1","AACACGAGACGCGGCC-1"
"Layer 1","AACAGCTGTGTGGCAA-1"
"Layer 6","AACAGGAAATCGAATA-1"
"Layer 4","AACAGGATGGGCCGCG-1"
"WM","AACAGGTAGTATGGAT-1"
"Layer 3","AACATAGCGTGTATCG-1"
"Layer 6","AACATATCAACTGGTG-1"
"Layer 4","AACATCGATACGTCTA-1"
"Layer 2","AACATTGAAGTTGATC-1"
"Layer 1","AACATTGTGACTCGAG-1"
"Layer 3","AACCAAGACTTCTCTG-1"
"Layer 3","AACCATAGGGTTGAAC-1"
"Layer 5","AACCATGGGATCGCTA-1"
"Layer 5","AACCCAGAGACGGAGA-1"
"Layer 3","AACCCATCCCATGATC-1"
"Layer 1","AACCCGACAACCCGTG-1"
"Layer 6","AACCCGAGCAGAATCG-1"
"Layer 1","AACCCGCTGTATTCCA-1"
"WM","AACCCTACTGTCAATA-1"
"Layer 6","AACCGAGCTTGGTCAT-1"
"Layer 6","AACCGCTAAGGGATGC-1"
"Layer 5","AACCGTTGTGTTTGCT-1"
"Layer 4","AACCTCGCTTTAGCCC-1"
"Layer 6","AACCTGTCACGGAATT-1"
"Layer 3","AACCTTTAAATACGGT-1"
"Layer 5","AACCTTTACGACGTCT-1"
"Layer 3","AACGAAAGTCGTCCCA-1"
"Layer 5","AACGACCTCCTAGCCG-1"
"Layer 4","AACGATAATGCCGTAG-1"
"Layer 6","AACGATAGAAGGGCCG-1"
"Layer 6","AACGATATGTCAACTG-1"
"Layer 5","AACGCATGATCTGGGT-1"
"Layer 1","AACGCGACCTTGGGCG-1"
"Layer 6","AACGCGGTCTCCAGCC-1"
"Layer 5","AACGCTGTTGCTGAAA-1"
"Layer 6","AACGGACGTACGTATA-1"
"Layer 3","AACGGCCATCTCCGGT-1"
"Layer 3","AACGTACTGTGGGTAC-1"
"Layer 5","AACGTCAGACTAGTGG-1"
"Layer 5","AACGTCGCTGCACTTC-1"
"Layer 6","AACGTGCGAAAGTCTC-1"
"Layer 3","AACGTTATCAGCACCT-1"
"WM","AACTACCCGTTTGTCA-1"
"Layer 3","AACTAGGCTTGGGTGT-1"
"Layer 4","AACTCAAGTTAATTGC-1"
"Layer 5","AACTCCAGAGCGTGTT-1"
"Layer 5","AACTCCTAATCCCATG-1"
"WM","AACTCTCAATAGAGCG-1"
"Layer 2","AACTCTCAGTGTGCTC-1"
"Layer 6","AACTGATATTAGGCCT-1"
"Layer 6","AACTGGGTCCCGACGT-1"
"Layer 3","AACTTCTGCGTCTATC-1"
"Layer 3","AACTTGCCCGTATGCA-1"
"Layer 3","AACTTGCGTTCTCGCG-1"
"Layer 1","AACTTTACGGGAGCTT-1"
"Layer 4","AACTTTCTCGATCATG-1"
"Layer 3","AAGAAAGTTTGATGGG-1"
"Layer 4","AAGAAATCACCAGATT-1"
"Layer 5","AAGACATACGTGGTTT-1"
"Layer 3","AAGACCAAATAACTCA-1"
"Layer 2","AAGACCCAACTGAACA-1"
"Layer 6","AAGACTGCAAGCTACT-1"
"Layer 3","AAGAGATGAATCGGTA-1"
"Layer 6","AAGAGCTCTTTATCGG-1"
"Layer 3","AAGAGGATGTACGCGA-1"
"Layer 6","AAGAGGCATGGATCGC-1"
"Layer 6","AAGAGGCCCTTTGGAA-1"
"Layer 1","AAGATGGCACCGGACC-1"
"Layer 6","AAGATTGGCGGAACGT-1"
"Layer 3","AAGCACCCTGCGTATC-1"
"Layer 4","AAGCATACTCTCCTGA-1"
"Layer 1","AAGCCACTTGCAGGTA-1"
"WM","AAGCCGAAGCGGTTTA-1"
"Layer 2","AAGCCGCCGTGAAATC-1"
"Layer 4","AAGCCGCTTTACCTTG-1"
"WM","AAGCCGGAGAGCAGGA-1"
"Layer 3","AAGCGCAGGGCTTTGA-1"
"Layer 3","AAGCGGAGTGCGCGCA-1"
"Layer 4","AAGCGGCGTCATGGGT-1"
"Layer 1","AAGCGTCCCTCATCGA-1"
"Layer 4","AAGCTAGATCGAGTAA-1"
"Layer 3","AAGCTATGGATTGACC-1"
"Layer 6","AAGCTCGTGCCAAGTC-1"
"Layer 4","AAGCTCTTTCATGGTG-1"
"Layer 5","AAGGAGCGGTTGGTGC-1"
"WM","AAGGATCGATCGCTTG-1"
"Layer 6","AAGGATGAGGGACCTC-1"
"Layer 6","AAGGCAGGCTGTCTCC-1"
"Layer 5","AAGGCGCGTAAAGCTT-1"
"Layer 5","AAGGCTGTGCTCATCG-1"
"Layer 2","AAGGGAACGACTGGCT-1"
"Layer 6","AAGGGACAGATTCTGT-1"
"Layer 2","AAGGGACTATGCATTC-1"
"Layer 3","AAGGGTTTGATTTCAG-1"
"Layer 6","AAGGTATCCTAATATA-1"
"Layer 6","AAGGTGATAAACCAGC-1"
"Layer 6","AAGTAGAAGACCGGGT-1"
"Layer 3","AAGTAGTGACGCGAGG-1"
"WM","AAGTCAATTGTCGTCA-1"
"Layer 4","AAGTCTAGTAGCTGCC-1"
"Layer 1","AAGTCTTCTGTGGCCT-1"
"Layer 2","AAGTGACGACCGAATT-1"
"Layer 1","AAGTGAGTCGGGTTTA-1"
"Layer 2","AAGTGCAAAGGTAGAC-1"
"WM","AAGTGCCTTGACTGTA-1"
"Layer 1","AAGTGCGTTAGAATCT-1"
"Layer 1","AAGTGCTTCTCTATTG-1"
"Layer 5","AAGTGTTTGGAGACGG-1"
"Layer 5","AAGTTCACTCCAAGCT-1"
"Layer 5","AAGTTCAGTCTGCGTA-1"
"Layer 2","AAGTTCGGCCAACAGG-1"
"Layer 5","AAGTTGTGATGTTATA-1"
"Layer 2","AAGTTTATGGGCCCAA-1"
"Layer 3","AATAACAACGCTCGGC-1"
"Layer 2","AATAACACTAGAACAA-1"
"WM","AATAATCTTCGTATCG-1"
"Layer 3","AATACAATGTTTCAGG-1"
"Layer 1","AATACCGGAGGGCTGT-1"
"Layer 4","AATACCTGATGTGAAC-1"
"Layer 3","AATAGAACAGAGTGGC-1"
"Layer 5","AATAGAATCTGTTTCA-1"
"Layer 5","AATAGCTACCGCGTGC-1"
"Layer 1","AATAGGCACGACCCTT-1"
"Layer 3","AATAGTCCGTCCCGAC-1"
"Layer 2","AATAGTCGCGAGTCGG-1"
"Layer 2","AATATCCTAGCAAACT-1"
"WM","AATATCGAATCAATGC-1"
"Layer 6","AATATCGAGGGTTCTC-1"
"Layer 2","AATATTGGAGTATTGA-1"
"Layer 1","AATCAGGTTTCATTTA-1"
"Layer 6","AATCATGTAAAGACTC-1"
"Layer 5","AATCCAAGGGCCTGAG-1"
"Layer 1","AATCCCGCTCAGAGCC-1"
"Layer 2","AATCGAGGTCTCAAGG-1"
"Layer 6","AATCGCCTCAGCGCCA-1"
"WM","AATCGCGCAGAGGACT-1"
"Layer 5","AATCGGTATAGCCCTC-1"
"Layer 3","AATCGTGAGCCGAGCA-1"
"Layer 2","AATCTAGGTTTACTTG-1"
"Layer 5","AATCTATGCCGGAGCC-1"
"Layer 1","AATCTCTACTGTGGTT-1"
"WM","AATCTGCGTTGGGACG-1"
"Layer 2","AATCTGGCTTTCTAGT-1"
"Layer 1","AATGACAGCAATGTCT-1"
"Layer 5","AATGACGTAGGATGTC-1"
"Layer 6","AATGACTGTCAGCCGG-1"
"Layer 4","AATGAGTTCGCATATG-1"
"Layer 6","AATGATGATACGCTAT-1"
"Layer 6","AATGATGCGACTCCTG-1"
"Layer 6","AATGCAACCGGGTACC-1"
"Layer 5","AATGCACCAAGCAATG-1"
"Layer 3","AATGGTCCACCGTTCA-1"
"Layer 5","AATGGTTCTCACAAGC-1"
"Layer 3","AATGTATGGCACTGTA-1"
"Layer 1","AATGTGCCCGAGGTGT-1"
"Layer 1","AATGTGCTAATCTGAG-1"
"Layer 3","AATGTTAAGACCCTGA-1"
"Layer 5","AATGTTGTCGTGAGAC-1"
"Layer 4","AATTAAAGGTCGGCGT-1"
"Layer 3","AATTAACGGATTTCCA-1"
"Layer 3","AATTACGAGACCCATC-1"
"Layer 4","AATTAGCGCTGCAGCG-1"
"Layer 3","AATTATACCCAGCAAG-1"
"Layer 6","AATTCATAAGGGATCT-1"
"Layer 3","AATTCATTGTCATGCA-1"
"Layer 1","AATTCCAAGCATGTAC-1"
"Layer 3","AATTCGATTCGAGGAT-1"
"Layer 4","AATTCTAGAGTTAGGC-1"
"Layer 5","AATTGAACGCTCTGGT-1"
"Layer 5","AATTGCAGCAATCGAC-1"
"Layer 3","AATTGCGTGGATTACA-1"
"Layer 6","AATTGTGGTTGCCAAA-1"
"Layer 5","AATTTGGGACATAGTA-1"
"Layer 5","AATTTGGTTCCAAAGA-1"
"Layer 3","ACAAACCATGCGTCCT-1"
"Layer 1","ACAAACTCCATCAGAG-1"
"Layer 2","ACAAAGAAGGTAGGCC-1"
"Layer 5","ACAAAGCATGACCTAG-1"
"Layer 5","ACAAATCGCACCGAAT-1"
"Layer 6","ACAAATGGTAGTGTTT-1"
"Layer 6","ACAACAGCATGAGCTA-1"
"Layer 5","ACAACGGTCCCTGCGA-1"
"Layer 3","ACAAGCAGTGCCTAGC-1"
"Layer 1","ACAAGCTATATGGAAG-1"
"Layer 5","ACAAGGAAATCCGCCC-1"
"Layer 5","ACAAGGACAAGAGGTT-1"
"Layer 4","ACAAGGATGCTTTAGG-1"
"Layer 5","ACAAGGGCAGGCTCTG-1"
"Layer 3","ACAAGTAATTGTAAGG-1"
"Layer 1","ACAATAGTCGTACGTT-1"
"Layer 3","ACAATCCATTTAAACC-1"
"Layer 1","ACAATGAATACGGAGA-1"
"Layer 3","ACAATGATTCTTCTAC-1"
"Layer 6","ACAATTGTGTCTCTTT-1"
"Layer 2","ACAATTTAGGAGGCTC-1"
"WM","ACAATTTGAGCAGTGG-1"
"Layer 6","ACAATTTGGCCATATT-1"
"Layer 6","ACACAAAGACGGGTGG-1"
"Layer 3","ACACAAATATTCCTAG-1"
"Layer 6","ACACACCAGGACCAGT-1"
"Layer 6","ACACACTTTCTACACG-1"
"Layer 3","ACACATGATCAAATCT-1"
"Layer 2","ACACATTTCCGTAGAC-1"
"Layer 5","ACACCACATAATTAGC-1"
"Layer 6","ACACCCAGCATGCAGC-1"
"Layer 5","ACACCCGAGAAATCCG-1"
"Layer 3","ACACCGAGCGCTCTTT-1"
"Layer 3","ACACCGGTCTGACCGC-1"
"Layer 5","ACACCTTAAGTAGGGC-1"
"WM","ACACCTTACTACTTGC-1"
"Layer 6","ACACGAGACTCCTTCT-1"
"Layer 6","ACACGGGAACTTAGGG-1"
"Layer 6","ACACGTAGGCCACAAG-1"
"Layer 3","ACACTCCAATGTCACT-1"
"Layer 3","ACACTGATCAAGGTGT-1"
"Layer 6","ACACTGGGACAGTCGT-1"
"Layer 1","ACAGAACTGAGAACAA-1"
"Layer 5","ACAGCATAGAGCCAGT-1"
"Layer 5","ACAGCGACATTCTCAT-1"
"Layer 5","ACAGCGCACCCGCAGC-1"
"Layer 4","ACAGGCACGGATCCTT-1"
"Layer 5","ACAGGCTTGCCCGACT-1"
"Layer 2","ACAGGTGGAGGTGAGG-1"
"Layer 1","ACAGGTGTGTTGTTGC-1"
"Layer 1","ACAGTAATACAACTTG-1"
"Layer 4","ACAGTATACCGTGGGA-1"
"Layer 3","ACATAAGTCGTGGTGA-1"
"Layer 6","ACATAATAAGGCGGTG-1"
"Layer 4","ACATACAATCAAGCGG-1"
"Layer 2","ACATCAGCTGGGACGC-1"
"Layer 3","ACATCCCGGCCATACG-1"
"WM","ACATCCTGGTAACTGT-1"
"Layer 5","ACATCGATCGTTTACC-1"
"Layer 2","ACATCGCAATATTCGG-1"
"Layer 3","ACATCGGTCAGCCGCG-1"
"Layer 5","ACATCGTATGCAATGG-1"
"Layer 5","ACATCGTTAACCTAGT-1"
"Layer 3","ACATGCTTACGGCAGC-1"
"WM","ACATGGCGCCAAAGTA-1"
"Layer 3","ACATTAGTTTATATCC-1"
"Layer 2","ACATTCGCGCGGAATA-1"
"Layer 4","ACATTTGAAACCTAAC-1"
"Layer 4","ACCAAACACCCAGCGA-1"
"Layer 5","ACCAACACCACACACT-1"
"Layer 5","ACCAACCGCACTCCAC-1"
"Layer 3","ACCAACGCTTATTTAT-1"
"Layer 6","ACCAAGAACGCGTGTC-1"
"Layer 5","ACCAAGTCATCGGCAG-1"
"Layer 4","ACCAATATGCAAGTTA-1"
"Layer 5","ACCACAAGTTTCTATC-1"
"Layer 2","ACCACACGGTTGATGG-1"
"WM","ACCACCAATGTAACAA-1"
"Layer 4","ACCACCCTCTCTTCTA-1"
"Layer 5","ACCACGTGCAGCTATA-1"
"Layer 1","ACCAGACCATAACAAC-1"
"Layer 4","ACCAGTGCCCGGTCAA-1"
"Layer 6","ACCAGTGCGGGAGACG-1"
"Layer 5","ACCATATCCGCAATAA-1"
"Layer 1","ACCATCCGCCAACTAG-1"
"Layer 3","ACCATCGTATATGGTA-1"
"Layer 3","ACCATTAAGGGTGTCA-1"
"WM","ACCCAACGCCCGTGGC-1"
"Layer 3","ACCCACCTACATGCTC-1"
"Layer 3","ACCCATCTTGAGGGTA-1"
"Layer 5","ACCCATTTGTCCCTCT-1"
"Layer 1","ACCCGAGCGAAATTAC-1"
"Layer 1","ACCCGATTGGTTCCGA-1"
"Layer 3","ACCCGGAAACTCCCAG-1"
"WM","ACCCGGAGCACCACAA-1"
"WM","ACCCGGATGACGCATC-1"
"Layer 3","ACCCGGTTACACTTCC-1"
"Layer 3","ACCCGTAGCAGAGAAT-1"
"Layer 6","ACCCGTAGTCTAGTTG-1"
"Layer 3","ACCCGTGTCATCAGTA-1"
"Layer 1","ACCCTATGCCATATCG-1"
"Layer 4","ACCCTCCCGTCAGGGC-1"
"Layer 5","ACCCTCCCTTGCTATT-1"
"Layer 5","ACCCTGGTAACGCCCT-1"
"Layer 6","ACCCTTCATCTGCGAA-1"
"Layer 3","ACCCTTGCCTGGGTCG-1"
"Layer 3","ACCGAAGAGTCTGGTT-1"
"Layer 3","ACCGACACATCTCCCA-1"
"Layer 6","ACCGACTGAGTCCCAC-1"
"Layer 3","ACCGAGTCTCCTTATT-1"
"Layer 6","ACCGATAGGCATAACC-1"
"WM","ACCGATATTTAATCAT-1"
"WM","ACCGATGGTAGCATCG-1"
"Layer 5","ACCGCAATAACTGCCT-1"
"WM","ACCGCGGTGGAAGTCG-1"
"Layer 1","ACCGCTAGTCATTGGT-1"
"Layer 6","ACCGGGCCTTTGTTGA-1"
"Layer 3","ACCGGTCAGGTACACC-1"
"Layer 3","ACCGTCCACTGGGCCC-1"
"Layer 1","ACCGTGACCACGTGGG-1"
"Layer 1","ACCTAAGTACCTTTCA-1"
"Layer 3","ACCTAATCGACTTCCT-1"
"WM","ACCTACAGTATGTGGT-1"
"Layer 1","ACCTACTATAAATCTA-1"
"Layer 4","ACCTCAGCGAGGCGCA-1"
"Layer 6","ACCTCCGCCCTCGCTG-1"
"Layer 6","ACCTCCGTTATTCACC-1"
"Layer 3","ACCTCGAACTTATGCT-1"
"Layer 1","ACCTGCGTGTCATGTT-1"
"Layer 3","ACGAAATGGGCGGCAC-1"
"WM","ACGACCCATGAGTTGC-1"
"Layer 4","ACGACTCTAGGGCCGA-1"
"Layer 1","ACGACTGGTCATACTC-1"
"Layer 2","ACGAGGATACCACTCT-1"
"Layer 3","ACGAGGTTTACAACGT-1"
"Layer 6","ACGAGTACGGATGCCC-1"
NA,"ACGAGTCGCCGGCGTT-1"
"Layer 6","ACGATACATAGAACTA-1"
"Layer 1","ACGATACCTATCCTGA-1"
"Layer 6","ACGATCATACATAGAG-1"
"WM","ACGATCATCTTGTAAA-1"
"Layer 4","ACGATGCATATGTTAT-1"
"Layer 5","ACGATGGATCCGATGC-1"
"Layer 1","ACGCAAACTAATAGAT-1"
"Layer 5","ACGCAATCACTACAGC-1"
"Layer 6","ACGCATACGTTTACTA-1"
"Layer 6","ACGCATTCGTGAGTAC-1"
"Layer 2","ACGCCACTCGAAACAG-1"
"Layer 6","ACGCCAGATGATTTCT-1"
"Layer 4","ACGCCAGTGCGTTTGC-1"
"Layer 5","ACGCCGCTAGACGACC-1"
"Layer 3","ACGCGAAGTCAGACGA-1"
"Layer 3","ACGCGCTACACAGGGT-1"
"Layer 6","ACGCGGGCCAAGGACA-1"
"Layer 2","ACGCGTTTCTTAAGAG-1"
"Layer 6","ACGCTAGTGATACACT-1"
"Layer 1","ACGCTGTGAGGCGTAG-1"
"Layer 4","ACGGAACACGAGTGCC-1"
"Layer 4","ACGGAATTTAGCAAAT-1"
"Layer 3","ACGGACGCAGCGACAA-1"
"Layer 3","ACGGACTCTCAAAGCG-1"
"Layer 5","ACGGAGCGCAAATTAC-1"
"Layer 4","ACGGATGGTGCGGATA-1"
"Layer 3","ACGGCACTTGCTTGGG-1"
"Layer 3","ACGGCCAACATGGACT-1"
"Layer 5","ACGGCGACGATGGGAA-1"
"Layer 3","ACGGCTGGATGTAGAA-1"
"Layer 1","ACGGGAGTGTCGGCCC-1"
"Layer 5","ACGGGCGTATGCGACA-1"
"Layer 3","ACGGGTCATGTGACTT-1"
"Layer 3","ACGGGTTGTGACCTGT-1"
"Layer 4","ACGGTACAGTTCAATG-1"
"Layer 3","ACGGTCACCGAGAACA-1"
"Layer 5","ACGTACAGATTTCTCT-1"
"Layer 1","ACGTACTTTGGCACGG-1"
"Layer 6","ACGTAGATTGCTGATG-1"
"Layer 2","ACGTAGGAGAGTCGCT-1"
"WM","ACGTATTACTCCGATC-1"
"Layer 3","ACGTCGGGCAACTCGG-1"
"Layer 2","ACGTCTCGTTCCGGGA-1"
"Layer 3","ACGTGACAAAGTAAGT-1"
"Layer 6","ACGTGCGCCTCGTGCA-1"
"Layer 5","ACGTTAATGTCGAAGA-1"
"Layer 3","ACGTTAGATTTGCCCG-1"
"Layer 3","ACGTTATTGGTCACTC-1"
"Layer 1","ACGTTCACTATGCCGC-1"
"Layer 6","ACGTTCGCAATCAATT-1"
"Layer 1","ACGTTCGTTCAGGAAA-1"
"Layer 5","ACGTTCTGTACAAGTC-1"
"Layer 1","ACGTTGTCGTTGAAAG-1"
"Layer 6","ACGTTTAGTTGTGATC-1"
"Layer 3","ACTAAGGACGCACACC-1"
"Layer 1","ACTACAAAGAGAGGTG-1"
"Layer 3","ACTACATCCCGACAAG-1"
"Layer 5","ACTACCAGCTCTCTGG-1"
"Layer 2","ACTACCATCCGAGGGC-1"
"Layer 2","ACTACGCGTTAGAATT-1"
"Layer 6","ACTAGTTGCGATCGTC-1"
"Layer 4","ACTATATGCTGTGTTC-1"
"WM","ACTATCCAGGGCATGG-1"
"Layer 3","ACTATCGCCGGCTAAA-1"
"WM","ACTATCTGCCCGCGTA-1"
"Layer 2","ACTATGTCCAGCTGCC-1"
"Layer 6","ACTATTCGTCCGTGGT-1"
"Layer 1","ACTATTTCCGGGCCCA-1"
"Layer 4","ACTCAAGTGCAAGGCT-1"
"Layer 6","ACTCAATAAAGGCACG-1"
"Layer 3","ACTCATGGCAGCCTTC-1"
"Layer 1","ACTCCAATATCATCAT-1"
"Layer 1","ACTCCCATTCCTAAAG-1"
"Layer 6","ACTCCCGAATTCGTTT-1"
"Layer 4","ACTCCCGTAGACTAGG-1"
"Layer 3","ACTCCCTAATGCTAAA-1"
"Layer 5","ACTCCCTAGAATAGTA-1"
"Layer 3","ACTCCGGCCGACCACT-1"
"Layer 3","ACTCGATGTATTTCAT-1"
"Layer 5","ACTCGCCGTTCGATAA-1"
"Layer 6","ACTCGCGATCTGACGC-1"
"Layer 1","ACTCGTAACCCGTCCT-1"
"Layer 6","ACTCGTCAGTAATCCC-1"
"Layer 2","ACTCTAAACCTGGGAT-1"
"Layer 5","ACTCTCTGACTTAGGT-1"
"Layer 4","ACTCTGACCTAATAGA-1"
"Layer 5","ACTCTTCAGCTCCCGC-1"
"Layer 6","ACTCTTGTATAGTAAC-1"
"Layer 5","ACTGAAACGCCGTTAG-1"
"Layer 5","ACTGAATGGCGAAAGT-1"
"Layer 1","ACTGCCCGCCATTCTC-1"
"Layer 6","ACTGCCGTCGTAACTC-1"
"Layer 6","ACTGCGGACACACCGT-1"
"Layer 3","ACTGCTCGGAAGGATG-1"
"Layer 3","ACTGGCGAACCTGCGT-1"
"Layer 1","ACTGGGATGCCAGTGC-1"
"Layer 6","ACTGTACGATACACAT-1"
"Layer 5","ACTGTAGCACTTTGGA-1"
"Layer 5","ACTGTCCAGGATTATA-1"
"Layer 6","ACTGTCTTCTTTAGAA-1"
"Layer 5","ACTGTGCTAGTAGATC-1"
"Layer 5","ACTTACCGGGCGCGCA-1"
"Layer 4","ACTTACGCATCCACGC-1"
"Layer 5","ACTTAGTACGACAAGA-1"
"WM","ACTTATACTTACCCGG-1"
"Layer 5","ACTTATTAGGATCGGT-1"
"Layer 6","ACTTATTTATGTGCCA-1"
"Layer 5","ACTTCAGGCTGATCCC-1"
"Layer 3","ACTTCCAGTGGAAGCT-1"
"Layer 4","ACTTCCATGCGGGACA-1"
"Layer 6","ACTTCGCCATACGCAC-1"
"Layer 5","ACTTCGCTAGCGAGTG-1"
"Layer 5","ACTTGACTCCCTCTTT-1"
"Layer 3","ACTTGCTCTATCTACC-1"
"Layer 5","ACTTGGGACCCGGTGG-1"
"Layer 2","ACTTGGGCTTTCGCCA-1"
"Layer 1","ACTTGTAGTCCCTTCA-1"
"Layer 6","ACTTGTGGATGGAACG-1"
"Layer 1","ACTTGTTACCGGATCA-1"
"Layer 6","ACTTTACCCTCATGAA-1"
"Layer 3","ACTTTATACACCACTT-1"
"Layer 6","ACTTTCCTATAGCTTC-1"
"Layer 1","ACTTTGACTGCATCCT-1"
"Layer 3","ACTTTGGTCGTGCTCC-1"
"WM","ACTTTGTCGACGCACT-1"
"WM","AGAAATTATGACTCGC-1"
"Layer 3","AGAACACGGCGATGGT-1"
"Layer 6","AGAACCCAGCGTGACA-1"
"Layer 3","AGAACCCTCAATTGGG-1"
"Layer 6","AGAACGTGGTACATTC-1"
"Layer 4","AGAACTGTACTTTGTA-1"
"Layer 2","AGAAGGTACACTTCAC-1"
"Layer 3","AGAAGGTTGCCGAATT-1"
"Layer 3","AGAAGGTTGTAGGTCG-1"
"Layer 1","AGAAGTGATTCGTGAT-1"
"Layer 1","AGAATAAATCTTCAGG-1"
"Layer 4","AGAATACAGGCTATCC-1"
"Layer 4","AGAATGCGGGTTCGGA-1"
"Layer 6","AGAATTATGGATTCGA-1"
"Layer 4","AGAATTGTTTGACATA-1"
"Layer 3","AGACAGCTCAGAATCC-1"
"WM","AGACAGGCATCTCAGC-1"
"Layer 3","AGACCAAACCACACCT-1"
"Layer 4","AGACCATGGGATACAA-1"
"Layer 4","AGACCCACCGCTGATC-1"
"Layer 6","AGACCCGCCCTCCTCG-1"
"WM","AGACCGCTCCGCGGTT-1"
"Layer 1","AGACCGGGAAACCCTG-1"
"Layer 6","AGACGAAGTGCCGGTC-1"
"Layer 1","AGACGACGATGCCGCT-1"
"WM","AGACGCCCACTTCGCC-1"
"Layer 5","AGACTAGCCTTCCAGA-1"
"Layer 1","AGACTGTTACCGGGTC-1"
"Layer 1","AGAGAAACACCAGAAA-1"
"Layer 6","AGAGAACCGTCTAGGA-1"
"Layer 1","AGAGAAGGAGTACAAT-1"
"Layer 1","AGAGATCTCTAAAGCG-1"
"Layer 3","AGAGCAGTTATGAGAC-1"
"Layer 6","AGAGCCGCCGAGATTT-1"
"Layer 3","AGAGCGCTTGTAACGG-1"
"Layer 6","AGAGCGGGCTAATCAT-1"
"Layer 4","AGAGCGTACAAGCTCG-1"
"Layer 6","AGAGGCTTCGGAAACC-1"
"WM","AGAGTAAACTTCACTA-1"
"Layer 5","AGAGTATAGTGTTACG-1"
"Layer 3","AGAGTTGCAGGCCTCC-1"
"Layer 5","AGATAACTTCAGGGCC-1"
"Layer 3","AGATAATCACACCTAT-1"
"Layer 5","AGATACCAATAGAACC-1"
"Layer 4","AGATACCAGCACTTCA-1"
"Layer 3","AGATACCGGTGTTCAC-1"
"Layer 5","AGATACGACTTCATAT-1"
"Layer 5","AGATACTCAAGATCGA-1"
"Layer 3","AGATATAATACGACTA-1"
"Layer 5","AGATCGTGCATAAGAT-1"
"Layer 6","AGATCTCAGGTGTGAT-1"
"Layer 3","AGATCTGGAGAGGATA-1"
"Layer 6","AGATGACTCGCCCACG-1"
"Layer 5","AGATGAGGGTTGCGAT-1"
"Layer 6","AGATGATGGAGTCTGG-1"
"Layer 2","AGATGCAAGACGTGCA-1"
"Layer 2","AGATGCATCCTGTGTC-1"
"Layer 5","AGATTATAGGACGTTT-1"
"Layer 2","AGATTCACAACCGATA-1"
"Layer 3","AGCAAAGGCCGCTAGT-1"
"WM","AGCAACATATCTTATT-1"
"Layer 2","AGCAACCGAAAGTAAT-1"
"Layer 2","AGCACACGTTTAGACT-1"
"Layer 6","AGCACCAGTACTCACG-1"
"Layer 3","AGCACTACCGGCCTGT-1"
"Layer 5","AGCACTACCTCACCAG-1"
"Layer 4","AGCACTTAAGGACGCC-1"
"Layer 3","AGCAGAAGGAGAAAGA-1"
"Layer 3","AGCAGCCAGATGAATA-1"
"Layer 3","AGCAGTCGAAGCATGC-1"
"Layer 6","AGCATATCAATATGCT-1"
"Layer 2","AGCATCATTTCGAAAG-1"
"Layer 6","AGCATCGTCGATAATT-1"
"Layer 5","AGCATTACGAGGCAAG-1"
"Layer 2","AGCCAAGCTTTGTGTC-1"
"Layer 4","AGCCACAGGTTACCCG-1"
"Layer 6","AGCCACTCCCGTGCTT-1"
"Layer 2","AGCCATATAGTATGTG-1"
"Layer 2","AGCCCATACATGTAAG-1"
"Layer 1","AGCCCGCAACAAGCAG-1"
"Layer 5","AGCCCGCACTACAATG-1"
"Layer 2","AGCCCGGCATTAGAGG-1"
"Layer 1","AGCCCGGTAGCCTGTA-1"
"Layer 6","AGCCCTAAGCGAAGTT-1"
"Layer 1","AGCCCTCCCTGGTGGC-1"
"Layer 6","AGCCCTGTCGCACCGT-1"
"Layer 5","AGCCCTTCTAATCCGA-1"
"WM","AGCCCTTGGACATCCC-1"
"Layer 1","AGCCGCAAATTCAAAT-1"
"Layer 1","AGCCGTGGCTAAATGT-1"
"Layer 2","AGCCTAATACCCACGT-1"
"Layer 3","AGCCTTAAAGCGGAAG-1"
"Layer 3","AGCCTTGTCACTGATA-1"
"Layer 2","AGCGACAGGAACGGTC-1"
"Layer 6","AGCGACATCCCATTCA-1"
"Layer 6","AGCGACCAACGATATT-1"
"Layer 1","AGCGACTTTGAAGACA-1"
"Layer 2","AGCGAGACGTGAAGGC-1"
"Layer 5","AGCGATGCGCCTAATA-1"
"Layer 3","AGCGCATAATGAATCG-1"
"Layer 6","AGCGCGGGTGCCAATG-1"
"Layer 6","AGCGCTAGAGCGATGT-1"
"Layer 3","AGCGGACACTTCGTAG-1"
"Layer 2","AGCGGCGGTTAGCGGT-1"
"Layer 5","AGCGGGAAGGGTCCAT-1"
"Layer 2","AGCGGGTCTGACACTC-1"
"Layer 4","AGCGGTTGCCGCTCTG-1"
"Layer 5","AGCGTGGTATTCTACT-1"
"Layer 1","AGCTAACAAGCAATGT-1"
"Layer 1","AGCTAAGCTCCGTCCG-1"
"Layer 4","AGCTAAGTACGCAGGC-1"
"Layer 5","AGCTAGAAGCAGAAGT-1"
"Layer 6","AGCTATTTAATCCAAC-1"
"Layer 6","AGCTCCATATATGTTC-1"
"Layer 5","AGCTCCTTCGCACATC-1"
"Layer 3","AGCTCGTTGATGGAAA-1"
"Layer 6","AGCTCTAGACGTTCCA-1"
"Layer 6","AGCTCTTCCCAGTGCA-1"
"WM","AGCTCTTCGTAACCTT-1"
"Layer 3","AGCTCTTTACTCAGTT-1"
"Layer 6","AGCTGAAGTAAACCAA-1"
"Layer 1","AGCTGTAACCTCAATC-1"
"Layer 5","AGCTTCTTCTCGAGCA-1"
"Layer 3","AGCTTGATCAGGGTAG-1"
"Layer 2","AGCTTGATCTTAACTT-1"
"Layer 6","AGGAACGAACGACTTC-1"
"Layer 3","AGGAAGCTGTCCGCCG-1"
"Layer 6","AGGACAGTCGAATCCC-1"
"Layer 5","AGGACATCGCACGTCG-1"
"Layer 6","AGGACATCGGCACACT-1"
"Layer 3","AGGACGACCCATTAGA-1"
"Layer 5","AGGACGCTCGATGTTG-1"
"Layer 3","AGGACTTATAGGAGAA-1"
"Layer 5","AGGAGACATCCACAGT-1"
"Layer 4","AGGAGAGTCTGGCTAC-1"
"Layer 6","AGGAGGCCTTCGCGCG-1"
"Layer 3","AGGATAAAGTCGGGAT-1"
"Layer 6","AGGATATAGGGATTTA-1"
"Layer 4","AGGATATCCGACTGCA-1"
"Layer 1","AGGATCACGCGATCTG-1"
"Layer 5","AGGATTGCTTACGACA-1"
"Layer 6","AGGCACGTGACTGTCC-1"
"Layer 6","AGGCAGATGCGTAAAC-1"
"Layer 2","AGGCAGGGAGCGTACT-1"
"Layer 6","AGGCATTGTCGTAGGG-1"
"Layer 6","AGGCCACATTGGTTAC-1"
"Layer 5","AGGCCACCCGTTATGA-1"
"Layer 6","AGGCCCATTGTACAGG-1"
"Layer 1","AGGCCCTAGAACGCCA-1"
"Layer 1","AGGCCTATCATACCAA-1"
"Layer 4","AGGCCTGAGAATCTCG-1"
"WM","AGGCGATAACTGGCGT-1"
"Layer 3","AGGCGGTTTGTCCCGC-1"
"Layer 4","AGGCGTCTATGGACGG-1"
"Layer 4","AGGCTATGGTTAGCTT-1"
"Layer 2","AGGCTTAAGTTGCACA-1"
"Layer 2","AGGCTTCCCGAAGAAG-1"
"Layer 3","AGGCTTGCTAGACACC-1"
"Layer 5","AGGGAAACGAGGTACT-1"
"Layer 6","AGGGACCGGCTGCGTT-1"
"Layer 3","AGGGACTCTACGCGAC-1"
"Layer 5","AGGGAGACATACTTCG-1"
"Layer 6","AGGGCCCTAATGTTCT-1"
"Layer 1","AGGGCGAGCAGCTGAT-1"
"Layer 6","AGGGCGTGATCGGCTA-1"
"Layer 6","AGGGCTGCAGTTACAG-1"
"Layer 1","AGGGTCAGAGCACTCG-1"
"Layer 4","AGGGTCAGTAACCCTA-1"
"WM","AGGGTCGATGCGAACT-1"
"Layer 5","AGGGTCTGGACGCAGT-1"
"Layer 1","AGGGTGCCGTTCTTTA-1"
"WM","AGGGTGCTCTCGAGGG-1"
"Layer 2","AGGGTGGATAGTGCAT-1"
"Layer 1","AGGGTTCAGACGGTCC-1"
"WM","AGGGTTCCCTTTGGTT-1"
"Layer 6","AGGGTTTAGTTCGGGA-1"
"Layer 5","AGGTAACCTCCTATTC-1"
"Layer 6","AGGTACGATATTGCCA-1"
"Layer 1","AGGTAGATCGAGATAT-1"
"Layer 3","AGGTAGGTACAAAGCT-1"
"Layer 6","AGGTATAATTGATAGT-1"
"Layer 6","AGGTATGCGGACATTA-1"
"Layer 1","AGGTCAGGTGAGAGTG-1"
"WM","AGGTCGCCTCCCAACA-1"
"Layer 6","AGGTCGCGGAGTTACT-1"
"Layer 5","AGGTGCACGTCCACAT-1"
"Layer 2","AGGTGGTGACCTTCGC-1"
"Layer 2","AGGTGTATCGCCATGA-1"
"Layer 6","AGGTGTTGCCGACCAC-1"
"WM","AGGTTACACCATGCCG-1"
"Layer 3","AGGTTCTCCTTTCCGG-1"
"Layer 6","AGGTTGAGGCACGCTT-1"
"Layer 5","AGGTTTCACACACCTT-1"
"Layer 5","AGTAACTATAGCAGCC-1"
"Layer 3","AGTAATCTAAGGGTGG-1"
"Layer 6","AGTAATGTCTTGCCGC-1"
"Layer 3","AGTAATTTGCAAGCGT-1"
"Layer 3","AGTACAGAAGCTTATA-1"
"Layer 6","AGTACATCATTTATCA-1"
"Layer 4","AGTACCTTCGAGTGCT-1"
"Layer 1","AGTACGGCCCGTATCG-1"
"Layer 6","AGTACGGGCACCTGGC-1"
"Layer 5","AGTACTCTTATGCCCA-1"
"Layer 1","AGTAGAAGGCGCCTCA-1"
"Layer 5","AGTAGGAAGGAAGTTG-1"
"Layer 5","AGTAGGTAACATACAT-1"
"Layer 5","AGTATAATACTAGGCA-1"
"Layer 1","AGTATACACAGCGACA-1"
"Layer 1","AGTATGCTGGAGACCA-1"
"Layer 2","AGTATTTGGCACGACC-1"
"Layer 1","AGTCAAATGATGTGAT-1"
"Layer 3","AGTCAACACCACCATC-1"
"Layer 6","AGTCAAGATGACACTT-1"
"Layer 6","AGTCACTAGCTCTCGA-1"
"Layer 5","AGTCAGCCACCGCCTG-1"
"WM","AGTCCATTGGCTGATG-1"
"Layer 5","AGTCCCGCCTTTAATT-1"
"Layer 4","AGTCCCTCGCAGAAAG-1"
"Layer 3","AGTCGAAACGATTCAG-1"
"WM","AGTCGACGGTCTCAAG-1"
"Layer 5","AGTCGGCCCAAACGAC-1"
"Layer 1","AGTCGGCTCAACTTTA-1"
"WM","AGTCGGTTGCGTGAGA-1"
"Layer 3","AGTCGTATAAAGCAGA-1"
"Layer 5","AGTCGTCGACCACCAA-1"
"Layer 1","AGTCGTGGGCATTACG-1"
"Layer 5","AGTCTAAAGTATACTC-1"
"Layer 1","AGTCTCACAAGACTAC-1"
"Layer 3","AGTCTGGACATCCTTG-1"
"Layer 6","AGTCTTCTCCTCAAAT-1"
"Layer 3","AGTCTTTAAAGTGTCC-1"
"WM","AGTGAACAAACTTCTC-1"
"Layer 4","AGTGAAGATGGTGTCC-1"
"Layer 3","AGTGACCTACTTTACG-1"
"Layer 2","AGTGACTGTGACACAA-1"
"WM","AGTGAGACTTCCAGTA-1"
"Layer 6","AGTGAGCCTCGCCGCC-1"
"Layer 5","AGTGAGTCGAATTAAC-1"
"Layer 5","AGTGATAACCTGCGCG-1"
"Layer 3","AGTGATATGAGTAGTT-1"
"WM","AGTGATTCAAGCAGGA-1"
"Layer 6","AGTGCACGCTTAAGAA-1"
"Layer 3","AGTGCGTAGCTCGTAA-1"
"Layer 5","AGTGCTAAACACAGCA-1"
"Layer 6","AGTGCTTGCACGAATA-1"
"Layer 4","AGTGGCCCGCAAATGG-1"
"Layer 6","AGTGGCGGCAATTTGA-1"
"Layer 4","AGTGGCGTCTGAAGGT-1"
"Layer 1","AGTGGCTCCGTCGGCC-1"
"Layer 2","AGTGGTGTTACCCGTG-1"
"Layer 1","AGTGGTTGCGTATAGG-1"
"Layer 5","AGTGTATTGCGCATTG-1"
"Layer 3","AGTGTGCTAAGATCGC-1"
"Layer 3","AGTGTGGTCTATTGTG-1"
"Layer 3","AGTTAAACACTTGCGA-1"
"Layer 6","AGTTAAGCGGTCCCGG-1"
"Layer 1","AGTTAAGTCAACCGCT-1"
"Layer 3","AGTTACCCTTAAGACT-1"
"Layer 3","AGTTACCGCACATGGT-1"
"Layer 6","AGTTACTCTATCGTGG-1"
"Layer 3","AGTTCACCGGTTGGAC-1"
"Layer 5","AGTTCCTACAGAATTA-1"
"Layer 5","AGTTCCTATTTATGTT-1"
"Layer 3","AGTTCTGCGTTGTATC-1"
"Layer 2","AGTTGACGGTCCTTGC-1"
"Layer 3","AGTTGCGGTCCTCAAC-1"
"Layer 3","AGTTGCTGACTGATAT-1"
"Layer 5","AGTTGGCAAGGCTAGA-1"
"Layer 5","AGTTTATGTAAAGACA-1"
"Layer 5","AGTTTCGCAGGTCGGA-1"
"Layer 3","AGTTTGCACCTGCCTC-1"
"Layer 6","AGTTTGGCACGGGTTG-1"
"Layer 2","AGTTTGGCCAGACCTA-1"
"Layer 4","ATAAACGGACCCGTAA-1"
"Layer 6","ATAAACGTTGCACCAC-1"
"Layer 5","ATAAAGGCTCGGTCGT-1"
"Layer 3","ATAAATATTAGCAGCT-1"
"Layer 6","ATAACGCCGGAGGGTC-1"
"Layer 6","ATAACGGAGTCCAACG-1"
"Layer 3","ATAACGTTACCTCCAC-1"
"Layer 3","ATAAGCAAACACCGAG-1"
"Layer 5","ATAAGGTGGAGAACAT-1"
"Layer 6","ATAAGTAGGATTCAGA-1"
"Layer 6","ATAAGTAGGGCGACTC-1"
"Layer 3","ATAAGTTACCGCGACG-1"
"Layer 3","ATAATACCGTTAGCCG-1"
"Layer 4","ATAATAGCTGTTGAAT-1"
"Layer 5","ATAATAGTGTAGGGAC-1"
"Layer 3","ATAATCTTGGAGAACC-1"
"Layer 2","ATAATTAGCTAAGTAG-1"
"Layer 3","ATACAGCGTCCACTGA-1"
"Layer 3","ATACAGGCCCTCCAAT-1"
"Layer 3","ATACCACGGGCAACTT-1"
"Layer 3","ATACCCTCCCGGCCAA-1"
"Layer 4","ATACCGTCATCCATAA-1"
"Layer 3","ATACCTAACCAAGAAA-1"
"Layer 5","ATACGAAGGCTTTCCA-1"
"Layer 1","ATACGAGGTTTGTAAG-1"
"Layer 6","ATACGCCGGCGAAACC-1"
"Layer 2","ATACGGAACGTCGTTT-1"
"Layer 6","ATACGGGTTTCGATTG-1"
"Layer 1","ATACGGTGAAGATGCA-1"
"Layer 4","ATACGTACTTAGCCAC-1"
"Layer 6","ATACGTCCACTCCTGT-1"
"Layer 3","ATACGTTATGCACGGA-1"
"Layer 6","ATACTACCCGTACCAC-1"
"Layer 6","ATACTAGCATGACCCT-1"
"Layer 4","ATACTGCCTTACACCG-1"
"Layer 2","ATACTTGTTCTCGAGC-1"
"Layer 6","ATAGACAACGGGACCT-1"
"Layer 5","ATAGACGAAGAGAAAG-1"
"Layer 5","ATAGAGTACTGGGACA-1"
"Layer 6","ATAGAGTTATCAACTT-1"
"Layer 5","ATAGCAACTAGGGAAG-1"
"Layer 5","ATAGCCATAACAGTCA-1"
"Layer 3","ATAGCCTCAGTACCCA-1"
"Layer 3","ATAGCTGCTCTTGTTA-1"
"Layer 3","ATAGGCGGCTATAGAA-1"
"Layer 6","ATAGGCTAGCTTCGCA-1"
"Layer 6","ATAGGGATATCCTTGA-1"
"Layer 6","ATAGGTTGGGCAGATG-1"
"Layer 5","ATAGTGAAGCGTTCTC-1"
"WM","ATAGTTCCACCCACTC-1"
"Layer 3","ATATAAAGCGCTCGTG-1"
"Layer 4","ATATAAATGTAGCTGC-1"
"Layer 4","ATATAACACGGGCGCA-1"
"Layer 3","ATATACATGTATGGTA-1"
"Layer 5","ATATACGCTCGTGACG-1"
"Layer 3","ATATAGAGTATTGGTC-1"
"WM","ATATCAACCTACAGAG-1"
"Layer 3","ATATCAATTCCAGCCT-1"
"Layer 6","ATATCGGTAGGGAGAT-1"
"Layer 5","ATATCGTTCCTCGAAC-1"
"Layer 6","ATATCTCCCTCGTTAA-1"
"Layer 5","ATATCTTAGGGCCTTC-1"
"Layer 1","ATATGGGATAGCAACT-1"
"Layer 2","ATATGTCTAGAGCGTG-1"
"WM","ATATGTCTCCCTAGCC-1"
"Layer 3","ATATTCAGTTAAACCT-1"
"Layer 5","ATATTCCACATAGTGA-1"
"Layer 5","ATATTCCCACAGGTCA-1"
"Layer 5","ATATTGCTGTCAAAGT-1"
"WM","ATATTGGAGAGGCCTT-1"
"Layer 5","ATATTTAACCCTCAAG-1"
"WM","ATCAAACACTGTTCCA-1"
"Layer 1","ATCAAACGAAGGTTTG-1"
"Layer 1","ATCAAAGAGCCGTGGT-1"
"Layer 1","ATCAAGATCCCAGGAC-1"
"Layer 6","ATCAATCTGGGCTGCA-1"
"Layer 3","ATCAATGCCGTGGCTG-1"
"Layer 6","ATCACATTAGAATATC-1"
"Layer 3","ATCACGTGCTAATTAA-1"
"Layer 6","ATCACTTCATCCTCGC-1"
"Layer 3","ATCAGAAGCTGGTTGC-1"
"Layer 3","ATCAGACGGCACGCCG-1"
"Layer 5","ATCAGCCTCATGCTGC-1"
"Layer 2","ATCAGCTCGTCCACTA-1"
"Layer 5","ATCAGGTAGCTGACAG-1"
"Layer 6","ATCAGTAGGCAGGGAT-1"
"Layer 1","ATCATAGATCGACGAG-1"
"Layer 5","ATCATAGCCCTATGTA-1"
"Layer 5","ATCATCCAATATTTGT-1"
"Layer 6","ATCATGGACTACCGAC-1"
"Layer 3","ATCATTGTACCGCATT-1"
"Layer 5","ATCCAACGCAGTCATA-1"
"Layer 2","ATCCAATGGAGGGTCC-1"
"Layer 1","ATCCAATGGTACCGAA-1"
"Layer 3","ATCCACATCGACAGAA-1"
"Layer 3","ATCCAGAGCAACAACC-1"
"Layer 3","ATCCAGGATTCGTGAA-1"
"Layer 3","ATCCCATCCACAGCGC-1"
"Layer 1","ATCCCATTTCCGTGGG-1"
"Layer 6","ATCCGGACCAGCCTGA-1"
"Layer 3","ATCCTACCTAAGCTCT-1"
"Layer 3","ATCCTGAATCGCTGCG-1"
"Layer 3","ATCCTGCGTGGAATGG-1"
"Layer 6","ATCCTTCTGAAAGAAC-1"
"Layer 5","ATCGACCCAATACAGA-1"
"Layer 6","ATCGACTCTTTCCGTT-1"
"Layer 6","ATCGCACGCCGGGAGA-1"
"WM","ATCGCCAGTCAACATT-1"
"Layer 5","ATCGCTGCGTGCAGCA-1"
"Layer 5","ATCGCTTTACGTCTCA-1"
"Layer 5","ATCGGAGACAGACGGC-1"
"Layer 5","ATCGGCAAGCAGTCCA-1"
"Layer 1","ATCGGTTACCTAGTAA-1"
"Layer 1","ATCGTATTCCGAGAAC-1"
"Layer 2","ATCGTGGAAAGTCTGG-1"
"Layer 5","ATCGTTAGCTAGCGGA-1"
"Layer 5","ATCGTTCACTTTCGCC-1"
"Layer 3","ATCTAATATCCTACGG-1"
"Layer 3","ATCTACCATCTGCTCC-1"
"Layer 2","ATCTAGCTTGTGAGGG-1"
"Layer 6","ATCTCCCACGGAATAT-1"
"Layer 6","ATCTCCCTGCAATCTA-1"
"WM","ATCTCGTGAGCGAAAC-1"
"Layer 1","ATCTGACATGGAAGGA-1"
"Layer 3","ATCTGATAGTGTCTTA-1"
"Layer 6","ATCTGCACCTCTGCGA-1"
"Layer 1","ATCTGCTGTTATCGCC-1"
"Layer 3","ATCTGGGCTGTTCTTG-1"
"Layer 6","ATCTGGTTAAGACTGT-1"
"Layer 6","ATCTGTAATTGTACCC-1"
"Layer 3","ATCTTAGGGCATTAAT-1"
"Layer 5","ATCTTATCGCACACCC-1"
"Layer 5","ATCTTGACCTGCAACG-1"
"Layer 6","ATCTTGACTTGTCCAA-1"
"Layer 5","ATCTTTCGTATAACCA-1"
"Layer 6","ATGAAGCCAAGGAGCC-1"
"Layer 1","ATGAAGTGGACCCAGC-1"
"Layer 6","ATGACGCCGGCTCTAA-1"
"Layer 1","ATGACGCGTTCTATCC-1"
"Layer 1","ATGACTATCAGCTGTG-1"
"Layer 6","ATGACTATGCGACATT-1"
"Layer 5","ATGAGGAGTGTTAATC-1"
"Layer 6","ATGAGGGCAGCGGCTA-1"
"Layer 6","ATGATCGGGAATAGAC-1"
"Layer 3","ATGATGCAATGGTACA-1"
"Layer 3","ATGCACCTTCCTTAAT-1"
"Layer 3","ATGCACGCGCTGTTCA-1"
"Layer 5","ATGCACTACCGCATTG-1"
"Layer 6","ATGCATGATCCAGGAT-1"
"Layer 5","ATGCCAATCGCTCTGC-1"
"Layer 6","ATGCCATTTGCGACCA-1"
"Layer 6","ATGCCGGTCTTGCATA-1"
"Layer 6","ATGCCGGTTGATGGGA-1"
"Layer 4","ATGCGACAATTGGTCC-1"
"Layer 6","ATGCGACAGTCCCATT-1"
"WM","ATGCGAGTCCCACCAC-1"
"Layer 5","ATGCTCAGTGTTGCAT-1"
"Layer 3","ATGCTCTGGCGCGGTA-1"
"Layer 6","ATGCTTAGGAGTTGAT-1"
"Layer 3","ATGGAAATTTAAGGAG-1"
"Layer 6","ATGGAACCTTTGCACA-1"
"Layer 1","ATGGACTGCTTAGTTG-1"
"Layer 6","ATGGAGCAGGCCGTGA-1"
"Layer 6","ATGGATCCGGCGTCCG-1"
"Layer 6","ATGGATTGACCAAACG-1"
"Layer 3","ATGGCAGCATTACGAT-1"
"Layer 1","ATGGCAGCCGAGAAAC-1"
"Layer 5","ATGGCGGAATAGTCGC-1"
"Layer 1","ATGGGACCTGCTGAAC-1"
"Layer 6","ATGGGCCTCGGCCTCT-1"
"Layer 2","ATGGGTGTATACCTCC-1"
"Layer 1","ATGGTATTGGGAACCG-1"
"Layer 3","ATGGTATTTACTGATT-1"
"Layer 6","ATGGTCGCGTGGTTTC-1"
"Layer 6","ATGTAAGGCTGCTCTT-1"
"Layer 5","ATGTACATGCGGTGAG-1"
"Layer 2","ATGTACGATGACGTCG-1"
"Layer 3","ATGTAGCGCGCGTAGG-1"
"Layer 1","ATGTCATAATAAACGA-1"
"Layer 3","ATGTCATTTCCCATTG-1"
"Layer 1","ATGTCTTGTTTGACTC-1"
"Layer 1","ATGTGAAAGCCTAATG-1"
"Layer 6","ATGTGCATCCGACGCA-1"
"Layer 5","ATGTGGACATCTTGAT-1"
"Layer 5","ATGTTACGAGCAATAC-1"
"Layer 3","ATGTTCCTGCCCACCT-1"
"Layer 2","ATGTTCGTCGACCCAC-1"
"Layer 4","ATGTTGATTAGAGACT-1"
"Layer 1","ATGTTGTAGTCTGTTT-1"
"Layer 5","ATGTTTCGGCCCGGAG-1"
"Layer 5","ATTAAACATGCGGACC-1"
"Layer 3","ATTAACACCTGAGATA-1"
"Layer 6","ATTAATACTACGCGGG-1"
"Layer 6","ATTAATGAACCAGTCG-1"
"Layer 6","ATTAATTCGGTCACTC-1"
"Layer 6","ATTACAACTACCGGCC-1"
"WM","ATTACATGTCAGTCTT-1"
"WM","ATTACCACACTGCCTG-1"
"Layer 4","ATTACGACTCCACAGT-1"
"Layer 3","ATTACGCGCTGGCAGG-1"
"Layer 3","ATTACGGGCTACGGTT-1"
"Layer 6","ATTACTAGCCTCTTGC-1"
"Layer 5","ATTACTTACTGGGCAT-1"
"Layer 5","ATTAGATTCCTCAGCA-1"
"Layer 6","ATTAGATTGATAGCGG-1"
"Layer 6","ATTAGGCGATGCTTTC-1"
"Layer 6","ATTATACTTTGCTCGT-1"
"Layer 5","ATTATAGCTACTTTAC-1"
"Layer 1","ATTATCGGAATGTACG-1"
"Layer 3","ATTATGAGACCCAATT-1"
"Layer 6","ATTATGCCATAGGGAG-1"
"Layer 1","ATTATTATGTCCGTCA-1"
"Layer 4","ATTATTCAGAGTCACT-1"
"Layer 5","ATTCAACCATTTAAGG-1"
"Layer 3","ATTCACTGATGTTGGA-1"
"Layer 5","ATTCAGGACCTATTTC-1"
"Layer 3","ATTCAGTAGCAGGGTC-1"
"Layer 4","ATTCATATACTGTCCA-1"
"Layer 5","ATTCATCGTTGAGGCA-1"
"Layer 3","ATTCCCACATAAACAA-1"
"Layer 3","ATTCCCGAAGGTACAG-1"
"Layer 5","ATTCCTAAGACGTGGA-1"
"Layer 5","ATTCCTCCGCCAGTGC-1"
"Layer 3","ATTCGACGCCGGGCCT-1"
"Layer 3","ATTCGCAGAGGACACT-1"
"Layer 5","ATTCGCGCCTTGAGAG-1"
"WM","ATTCGTGCTATCTCTT-1"
"Layer 4","ATTCGTGTACCCATTC-1"
"Layer 5","ATTGAAGATCTTAGTG-1"
"Layer 5","ATTGACCGGCGATGAC-1"
"Layer 3","ATTGATCACCACATTT-1"
"Layer 6","ATTGATGAGTCCTAAC-1"
"Layer 2","ATTGCCTATTAGACCG-1"
"Layer 4","ATTGCCTTTATGTTTG-1"
"Layer 6","ATTGCGATCAGTAACT-1"
"Layer 4","ATTGCTGCTCCTCCAT-1"
"Layer 6","ATTGGATTACAGCGTA-1"
"Layer 5","ATTGGGAATATCTTGG-1"
"Layer 3","ATTGGGAGTTCTGTAA-1"
"Layer 2","ATTGGTAGGATCCGCT-1"
"Layer 4","ATTGGTTGTGCATTAC-1"
"Layer 6","ATTGTACAACTCGGCT-1"
"Layer 6","ATTGTCGCAATACCTT-1"
"Layer 1","ATTGTCTGTTTCATGT-1"
"Layer 4","ATTGTGACTTCGCTGC-1"
"WM","ATTGTTCAACGATCCG-1"
"Layer 6","ATTTAACTCGTATTAC-1"
"Layer 5","ATTTACAGTTTACTGG-1"
"Layer 6","ATTTACTAAGTCCATT-1"
"Layer 2","ATTTATACTGGTAAAG-1"
"Layer 6","ATTTCATTATTTCGCG-1"
"Layer 1","ATTTCCGGGTTCTGCG-1"
"Layer 1","ATTTGCGCGAGTAGCT-1"
"Layer 3","ATTTGGAGATTGCGGT-1"
"Layer 6","ATTTGTCTTGGGAGCT-1"
"Layer 6","ATTTGTTCCAGGGCTC-1"
"Layer 1","CAAACCAGGTCTGCAT-1"
"Layer 3","CAAACCATAAGCGTAT-1"
"Layer 2","CAAACCCTCCGGCGGG-1"
"Layer 3","CAAACGAGTATCGCAG-1"
"Layer 5","CAAACGGTCGCACTTT-1"
"Layer 6","CAAACTACGATAGAGA-1"
"Layer 6","CAAACTATTGAGCTTC-1"
"WM","CAAACTCGCGACGCCG-1"
"Layer 1","CAAAGATTATTGGGCC-1"
"Layer 6","CAAAGGTCATCTGAAA-1"
"Layer 1","CAAATCTCTCACAAGG-1"
"Layer 3","CAAATGTCCTTCCGTG-1"
"Layer 5","CAAATTGGATTATGCC-1"
"Layer 6","CAAATTGTCAGCAAGC-1"
"Layer 5","CAACACATCTCCTGCC-1"
"Layer 6","CAACCAGTGGCCTACC-1"
"Layer 5","CAACCTACCGAGCAGT-1"
"Layer 5","CAACCTGAACCTGCCA-1"
"Layer 6","CAACGACCCGTTTACA-1"
"Layer 3","CAACGAGCTTATTATG-1"
"Layer 1","CAACGCGATGAGCCAA-1"
"Layer 5","CAACGGTTCTTGATAC-1"
"WM","CAACGTGGTGGAGTCT-1"
"Layer 6","CAACTATATCGAATGC-1"
"Layer 3","CAACTCCGTAACTTGC-1"
"Layer 6","CAACTCCTTGATCCCG-1"
"Layer 3","CAACTGAGGGTATGAC-1"
"Layer 2","CAACTGCTCATCCGAT-1"
"Layer 5","CAAGACTCAGAAGCGC-1"
"Layer 5","CAAGAGGGCGGAGTAC-1"
"Layer 6","CAAGATATTATAACGT-1"
"Layer 4","CAAGCAACGTCGGAGT-1"
"Layer 6","CAAGCACCAAATGCCT-1"
"Layer 4","CAAGCGGCACATAATT-1"
"Layer 5","CAAGGATCGCATGTTC-1"
"Layer 5","CAAGGCCAGTGGTGCA-1"
"Layer 6","CAAGGTCCTATAGGCT-1"
"Layer 1","CAAGTAAGTGATAGAC-1"
"Layer 1","CAAGTCGTTGAAATCT-1"
"WM","CAAGTGTGGTTGCAAA-1"
"Layer 6","CAATAAACCTTGGCCC-1"
"Layer 1","CAATACGCTCTGAGGC-1"
"Layer 1","CAATATTCTTGACCTA-1"
"Layer 5","CAATCCCTATACCAGC-1"
"Layer 4","CAATCCTGCCGTGGAG-1"
"Layer 1","CAATGACCCTTAATTT-1"
"Layer 5","CAATGAGGTTCGACTA-1"
"Layer 5","CAATGCGAGAAGTATC-1"
"Layer 6","CAATGGATCTCTACCA-1"
"Layer 6","CAATGTGCCAACCCTT-1"
"Layer 6","CAATTAAGGGTGATGA-1"
"Layer 3","CAATTGGGCCGCACTC-1"
"Layer 5","CAATTTCGTATAAGGG-1"
"Layer 5","CACAAACCGCAGAACT-1"
"Layer 4","CACAAGAAAGATATTA-1"
"Layer 3","CACAAGCTAAGAAAGG-1"
"Layer 3","CACAATGAGCTGCTAT-1"
"Layer 6","CACACACGCTAACGAG-1"
"WM","CACACAGCTTGCGCTC-1"
"Layer 4","CACACAGGGATAGATT-1"
"WM","CACACGCGCTGTCTTA-1"
"Layer 3","CACACTTGTATTGCGA-1"
"Layer 2","CACAGAGACGAGGACG-1"
"Layer 6","CACAGCACCCACGGCA-1"
"Layer 6","CACAGCTAGGGAGTGA-1"
"Layer 5","CACAGGGCCATATAGT-1"
"Layer 2","CACAGGGCCGTTGTCA-1"
"Layer 6","CACAGTCCCGCTTCGC-1"
"WM","CACAGTTCGCTTCCCA-1"
"Layer 5","CACATATTAGCAGGAT-1"
"Layer 1","CACATCGTGCACGCGC-1"
"Layer 4","CACATCTCACCGACGA-1"
"Layer 5","CACATGATTCAGCAAC-1"
"Layer 6","CACATTCTTTCGATGG-1"
"Layer 3","CACCAATCATCCGTCT-1"
"Layer 1","CACCACGCCACACAGA-1"
"Layer 2","CACCAGTCAGCATGCA-1"
"Layer 5","CACCATCGGAGGAGAC-1"
"Layer 4","CACCATGATCGCAAAG-1"
"Layer 6","CACCCAAATCTTATGT-1"
"Layer 6","CACCCACACGTCACCC-1"
"Layer 6","CACCCACGAGGCAATT-1"
"Layer 5","CACCCGCGTTTGACAC-1"
"Layer 2","CACCCGGTTTGTGACT-1"
"Layer 4","CACCCTAACAAGATCT-1"
"Layer 2","CACCCTTGGTGAGACC-1"
"Layer 6","CACCGATACACCGAGC-1"
"Layer 5","CACCGATGATGGGTAC-1"
"Layer 6","CACCGCCAGAAGGTTT-1"
"Layer 5","CACCGCGTCCACTCTA-1"
"Layer 4","CACCGGGCATCACAAG-1"
"Layer 3","CACCGGTAGAGACATT-1"
"Layer 6","CACCGTATCCCATCCG-1"
"Layer 1","CACCGTTAGGGATCAC-1"
"Layer 1","CACCGTTGCGCGATAT-1"
"Layer 4","CACCTAATAGAGTCGT-1"
"Layer 6","CACCTAATCAGTTTAC-1"
"Layer 6","CACCTCGATGGTGGAC-1"
"Layer 6","CACCTTGCGAAACTCG-1"
"WM","CACCTTGGCGCCTTTG-1"
"Layer 3","CACGAAAGTTAGTCCC-1"
"Layer 3","CACGAGCAAACCAGAC-1"
"Layer 6","CACGCACAGCGCAGCT-1"
"Layer 5","CACGCAGCGAGGCTTT-1"
"WM","CACGCGGAACTGTTGC-1"
"Layer 4","CACGGACGTGGATGGC-1"
"Layer 5","CACGGCGCGCCAAAGG-1"
"Layer 2","CACGGGATTGAGGGTT-1"
"Layer 6","CACGTCAATCAATGGA-1"
"Layer 2","CACGTCGGCAACCTCT-1"
"Layer 3","CACGTCGGGTTCTAGA-1"
"Layer 6","CACGTTCGTGCTCTAG-1"
"Layer 5","CACGTTTCGTACACAC-1"
"Layer 5","CACTAAAGTTGCCTAT-1"
"Layer 6","CACTACGGGAGCTGCC-1"
"Layer 5","CACTCAAGAGCTATGG-1"
"Layer 5","CACTCAGCTCTTGAGG-1"
"Layer 1","CACTCCTATGTAAGAT-1"
"Layer 6","CACTCCTCTCGGTCGG-1"
"Layer 5","CACTCGAGCTGAACAA-1"
"Layer 1","CACTCGGTTAGGAGGA-1"
"Layer 1","CACTCTCAAGCATCGA-1"
"Layer 5","CACTCTTCTGCTAGCC-1"
"Layer 1","CACTGACGATTGTGGA-1"
"Layer 6","CACTGTCCAAGTGAGA-1"
"Layer 5","CACTTAATCAGACGGA-1"
"Layer 5","CACTTCGCCACAGGCT-1"
"Layer 3","CACTTCGTCTTATCTC-1"
"Layer 5","CAGAACTTAGCCCTCT-1"
"Layer 6","CAGAATAACACACGGA-1"
"WM","CAGAATATTCGTTATC-1"
"Layer 3","CAGACACCGATCGCTG-1"
"Layer 6","CAGACCTGTAAGTGTT-1"
"Layer 3","CAGACGAACCTGATAC-1"
"Layer 3","CAGAGACGGTCACCCA-1"
"Layer 6","CAGAGCATGAGCTTGC-1"
"Layer 6","CAGAGCGATGGATGCT-1"
"Layer 3","CAGAGGCGATGCATGA-1"
"Layer 5","CAGAGTGATTTAACGT-1"
"Layer 5","CAGATAATGGGCGGGT-1"
"Layer 5","CAGATACTAACATAGT-1"
"Layer 3","CAGATATGAAGATGAC-1"
"Layer 5","CAGATCATTTAAAGTC-1"
"Layer 2","CAGATCCTGGTTTGAA-1"
"Layer 3","CAGATGTTTGTCCCAA-1"
"WM","CAGCAGCCCGTTCCTT-1"
"Layer 6","CAGCAGTCCAGACTAT-1"
"Layer 3","CAGCAGTCTGTGCTGC-1"
"Layer 6","CAGCCGGGCCCTCTAT-1"
"Layer 6","CAGCCTCCTGCAGAGG-1"
"WM","CAGCCTCGATAGCGGT-1"
"Layer 5","CAGCCTCTCCTCAAGA-1"
"Layer 2","CAGCGATTCCCTTCAA-1"
"Layer 1","CAGCGCCAACACGATA-1"
"Layer 5","CAGCTCACTGAGACAT-1"
"Layer 6","CAGCTCGACAAGTTAA-1"
"Layer 5","CAGCTCGTGCTTGTGT-1"
"Layer 1","CAGCTCTGGGCTCACT-1"
"Layer 1","CAGCTGGCGTAACCGT-1"
"Layer 3","CAGCTTAGTAGGTAGC-1"
"Layer 6","CAGGAAGACTTTATAT-1"
"Layer 5","CAGGACAGCTGCCCTT-1"
"Layer 4","CAGGATATATCGTTGT-1"
"Layer 4","CAGGCAGTCTTACCAG-1"
"Layer 3","CAGGCCAGTACCACCT-1"
"Layer 3","CAGGCCGTTTGGGTGT-1"
"Layer 1","CAGGCGCACGGTGGTC-1"
"Layer 5","CAGGCGCCATGCTAGG-1"
"Layer 3","CAGGGAGATAGGCCAG-1"
"Layer 3","CAGGTTTAGTACTACA-1"
"Layer 5","CAGTAACTATTTATTG-1"
"Layer 3","CAGTAAGGGACGTCTC-1"
"Layer 4","CAGTAATCCCTCCCAG-1"
"Layer 5","CAGTACATTCTCTAAA-1"
"Layer 1","CAGTACCAGTTTACGT-1"
"Layer 3","CAGTAGATGATGTCCG-1"
"Layer 6","CAGTAGCCCACGCGGT-1"
"Layer 6","CAGTCGAGGATGCAAT-1"
"Layer 2","CAGTCGGCCTAGATAT-1"
"Layer 5","CAGTCTGTATACTGGG-1"
"Layer 6","CAGTGAATAAATGACT-1"
"Layer 4","CAGTGGTTGCACATGA-1"
"Layer 5","CAGTGTCCGCAGAATG-1"
"Layer 5","CAGTGTCGGCTGGCCC-1"
"Layer 3","CAGTGTTAATCTCTCA-1"
"Layer 5","CAGTTCAAATTGACAC-1"
"Layer 3","CAGTTCCGCGGGTCGA-1"
"Layer 1","CAGTTCGAGGACCCGA-1"
"WM","CATAACGGACAGTCGT-1"
"Layer 3","CATAAGAAGCTTGGCT-1"
"Layer 1","CATAAGCTCTCCGTCT-1"
"Layer 5","CATACAAAGCCGAACC-1"
"Layer 3","CATACACAAAGTCAGC-1"
"Layer 2","CATACACGGTTCCCAC-1"
"Layer 3","CATACCCGTACCCAGT-1"
"Layer 1","CATACGAACTAGCTGG-1"
"Layer 5","CATACGGCGTCTGGGC-1"
"Layer 5","CATACTATGTAATTGT-1"
"Layer 6","CATACTTAGGCAATAC-1"
"Layer 1","CATACTTCTTTCTCCG-1"
"Layer 3","CATAGAGGAGATACTA-1"
"Layer 3","CATAGCCGCCCGGGAT-1"
"Layer 2","CATAGCGTTGCCCACC-1"
"Layer 3","CATAGGGACACTTGTG-1"
"Layer 6","CATAGTACATTGAGAG-1"
"Layer 6","CATAGTAGCATAGTAG-1"
"Layer 4","CATAGTCAAATACATA-1"
"Layer 2","CATAGTCCACAAGAAC-1"
"Layer 6","CATAGTGGGCACGCCT-1"
"Layer 5","CATATACTACTGATAA-1"
"Layer 4","CATATAGGTACAGTCA-1"
"Layer 1","CATATGTCAGGCTACG-1"
"Layer 4","CATCAAACTGGCGCCC-1"
"Layer 3","CATCAACACCTACTAA-1"
"Layer 5","CATCATCTACCCGGAC-1"
"Layer 6","CATCATTACCCTGAGG-1"
"Layer 3","CATCCAATATAGTTTG-1"
"Layer 5","CATCCCGAGATTCATA-1"
"Layer 3","CATCCGCAGGCCCGAA-1"
"Layer 5","CATCCTCTCAAAGATC-1"
"Layer 5","CATCGCCCGCGGCCAA-1"
"Layer 5","CATCGGACGGGTTAAT-1"
"Layer 3","CATCGTCCGGTTACTA-1"
"Layer 6","CATCTAGTGAAGGGAA-1"
"Layer 5","CATCTATCCCGTGTCT-1"
"Layer 2","CATCTGCAGGATCATT-1"
"WM","CATCTTACACCACCTC-1"
"Layer 5","CATGAACCGACATTTG-1"
"WM","CATGACTTCGCTGAAT-1"
"Layer 4","CATGAGATGCACTCTC-1"
"Layer 1","CATGAGTCCATCACGG-1"
"Layer 2","CATGATACGGTGAAAC-1"
"Layer 6","CATGATCGCTTTGAGA-1"
"Layer 6","CATGATGCACAATTCT-1"
"WM","CATGATGGAAGTTAGC-1"
"Layer 3","CATGCACATGAGAGGC-1"
"Layer 1","CATGCCAACTCGCAAA-1"
"Layer 6","CATGCGACCAGTTTAA-1"
"Layer 6","CATGCGTTAGACAGAA-1"
"Layer 1","CATGCGTTGAGAGGAG-1"
"Layer 5","CATGCTGGCTCCAATT-1"
"Layer 6","CATGGATTGTCTTCCG-1"
"Layer 6","CATGGCAGGAAGATCG-1"
"Layer 2","CATGGCTCCCTATGTC-1"
"Layer 5","CATGGGTATGCCTTAT-1"
"Layer 6","CATGGGTCGGGTGTGG-1"
"Layer 5","CATGGTAAGTAGCGTT-1"
"Layer 3","CATGGTATTAGTTTGT-1"
"Layer 6","CATGGTCTAGATACCG-1"
"Layer 5","CATGGTTTATTAATCA-1"
"Layer 5","CATGTAAGAGACATTT-1"
"Layer 4","CATGTAGGAGCGCCAA-1"
"Layer 5","CATGTCTCATTTATGG-1"
"Layer 3","CATGTGGGCTCATCAC-1"
"Layer 5","CATTACATAGATTGTG-1"
"Layer 4","CATTACGCAGGAAGGG-1"
"Layer 6","CATTACGTCGGCCCGT-1"
"Layer 1","CATTATCCCATTAACG-1"
"Layer 6","CATTATGCTTGTTGTG-1"
"Layer 5","CATTCCCATTCCGTCG-1"
"Layer 3","CATTCCCTAAGTACAA-1"
"WM","CATTCGTCGTAGCGGT-1"
"Layer 5","CATTGATGAACACGCC-1"
"Layer 1","CATTGCGAAATGGGCG-1"
"Layer 5","CATTGCGGGTCAATTC-1"
"Layer 3","CATTGTGTGCTAGATC-1"
"Layer 6","CATTTAGCGGACCATG-1"
"Layer 4","CATTTCTAGCAGACTA-1"
"Layer 3","CATTTGAGTGGTACGT-1"
"Layer 6","CCAAACAGAACCCTCG-1"
"WM","CCAAATAACAAGATTC-1"
"Layer 3","CCAAATCAAAGGGCAA-1"
"Layer 1","CCAACCTTATGTAACT-1"
"Layer 4","CCAACGATGCACTGAT-1"
"Layer 4","CCAACGCTTGCCAGGG-1"
"Layer 6","CCAACTTGATAGATCC-1"
"Layer 3","CCAAGAAAGTGGGCGA-1"
"Layer 6","CCAAGACTTCTGCGAA-1"
"Layer 6","CCAAGCGTAACTCGTA-1"
"Layer 5","CCAAGGAACAGAGAGG-1"
"Layer 5","CCAAGGTTGCCCTTTC-1"
"Layer 3","CCAAGTTTCTACAGAT-1"
"Layer 1","CCAATAGATTTCATCT-1"
"Layer 4","CCAATAGTGCCGTCGA-1"
"Layer 6","CCAATCGGTAGATCGA-1"
"Layer 5","CCAATGTCACAGCAAG-1"
"Layer 6","CCAATTACGGGTCGAG-1"
"Layer 6","CCAATTGAATGTTAAT-1"
"WM","CCACAATGTACGTCTT-1"
"Layer 4","CCACACTGAGATATTA-1"
"Layer 6","CCACAGTACCCATCCT-1"
"WM","CCACATACTGCACCCA-1"
"Layer 3","CCACATGGCTCTTTAT-1"
"Layer 2","CCACCAACTTTACTGT-1"
"Layer 6","CCACCCAAGGAAAGTG-1"
"WM","CCACCTGTATGGAATA-1"
"WM","CCACGAATTTAACCTC-1"
"Layer 6","CCACGAGAAGAGAATC-1"
"Layer 1","CCACGGAGCCATAAGA-1"
"Layer 1","CCACGGCAGGTGTAGG-1"
"Layer 6","CCACGGTGCCCGGTAG-1"
"Layer 5","CCACGTAAATTAGACT-1"
"Layer 5","CCACTATCCGGGTCAC-1"
"Layer 3","CCACTCAGATCCGCAA-1"
"Layer 2","CCACTGGTGGCTGGTT-1"
"Layer 6","CCACTGTTTGGATTAA-1"
"Layer 5","CCAGAAACTGATGCGA-1"
"Layer 1","CCAGAAAGCAACTCAT-1"
"Layer 3","CCAGAGACAAAGCCGG-1"
"WM","CCAGATAGTTGAGTGA-1"
"Layer 4","CCAGATGTAAATGGGT-1"
"Layer 5","CCAGCCTGGACCAATA-1"
"Layer 5","CCAGCGGGATCACCAG-1"
"Layer 3","CCAGCTCGAACGCATT-1"
"Layer 2","CCAGCTGATGGTACTT-1"
"Layer 3","CCAGCTTCCGCCCGCA-1"
"Layer 3","CCAGGCGAGATGGTCT-1"
"WM","CCAGGCTGGCGTCTGA-1"
"Layer 6","CCAGGGACGTGGCCTC-1"
"Layer 6","CCAGTAGTCTGATCCA-1"
"Layer 1","CCAGTCAAATCTCTTA-1"
"Layer 6","CCAGTCTAGACGGCGC-1"
"Layer 3","CCAGTCTTGTCATAGA-1"
"Layer 3","CCAGTGTACAGACCGA-1"
"Layer 3","CCAGTTCGGTAACTCA-1"
"Layer 6","CCATAAACAACCCGAC-1"
"Layer 3","CCATAACCTGTGCAGT-1"
"Layer 6","CCATACCTTTACTTGT-1"
"Layer 1","CCATACTCGCCTCTCC-1"
"Layer 3","CCATAGAGGCTGCCAG-1"
"Layer 6","CCATAGGTTGGCGTGG-1"
"Layer 3","CCATAGTCAGTAACCC-1"
"Layer 6","CCATATGGAAACTATA-1"
"Layer 5","CCATCCATACCAAGTC-1"
"Layer 4","CCATCGCAGTTAAACT-1"
"WM","CCATCTCACCAGTGAA-1"
"Layer 5","CCATGCCCTAGATTTC-1"
"Layer 5","CCATGCCTGTTTAGTA-1"
"Layer 5","CCATGCTCTGCAGGAA-1"
"Layer 1","CCATGGCAAACGCTCA-1"
"Layer 3","CCATGGCCCTTGTACC-1"
"Layer 2","CCATGTTCATCTATAT-1"
"Layer 5","CCATTAGCGATAATCC-1"
"Layer 4","CCATTCCCTGCCCACA-1"
"Layer 5","CCATTGTTTCCTCCAT-1"
"Layer 4","CCATTTCTACCTATTA-1"
"WM","CCCAAACATGCTGCTC-1"
"Layer 3","CCCAACATACGTCGCG-1"
"Layer 4","CCCAAGTCATTACACT-1"
"Layer 1","CCCAATGAGATTTGCA-1"
"Layer 3","CCCAATTTCACAACTT-1"
"Layer 3","CCCACTCCACGGTATC-1"
"Layer 5","CCCAGAGGAGGGCGTA-1"
"Layer 1","CCCAGATTCCCGTGAC-1"
"Layer 2","CCCAGGAAGAATTCGA-1"
"Layer 2","CCCAGTAAACTTGGGA-1"
"Layer 6","CCCAGTTAAGGCGCCG-1"
"Layer 6","CCCATATAGGTCGATT-1"
"Layer 5","CCCATTATTGTATCCT-1"
"Layer 1","CCCGAAGTTTCGCGAA-1"
"Layer 6","CCCGACCATAGTCCGC-1"
"WM","CCCGAGTTTCTCCGTA-1"
"Layer 5","CCCGATAGCCTCGCCT-1"
"Layer 4","CCCGCAGCGCGAACTA-1"
"Layer 6","CCCGCAGGGCCCAAAG-1"
"Layer 5","CCCGCCATGCTCCCGT-1"
"Layer 4","CCCGCGCAATGCACCC-1"
"Layer 4","CCCGGCACGTGTCAGG-1"
"Layer 1","CCCGGGTCGTTCAGGG-1"
"Layer 3","CCCGGTGGAAGAACCT-1"
"Layer 2","CCCGGTGTATCGGAAT-1"
"Layer 3","CCCGTAAGTCTAGGCC-1"
"Layer 1","CCCGTAGCTGGGAAGA-1"
"Layer 6","CCCGTCAGCGTCTGAC-1"
"Layer 3","CCCGTGACAGTGCCTT-1"
"Layer 2","CCCGTGAGGGCGGTGA-1"
"Layer 6","CCCGTTTCGCAGATGT-1"
"Layer 3","CCCTACCCACACCCAG-1"
"Layer 3","CCCTACTTGAACAATG-1"
"Layer 1","CCCTAGCTCTAAGGTC-1"
"Layer 2","CCCTAGGCAACAAGAG-1"
"Layer 2","CCCTATGTAGAGCAGA-1"
"Layer 3","CCCTCAAGCTCTTAGT-1"
"Layer 2","CCCTCAGATCGAGAAC-1"
"Layer 2","CCCTCATCACAGAGTA-1"
"Layer 6","CCCTCATTCTGGAATT-1"
"WM","CCCTCCTCGCTCGTAT-1"
"Layer 1","CCCTCGATAATACACA-1"
"Layer 4","CCCTGAAATGAGTTGA-1"
"Layer 1","CCCTGACTAACAAATT-1"
"Layer 3","CCCTGATGTAACTCGT-1"
"Layer 1","CCCTGCCCAATCCGCT-1"
"Layer 3","CCCTGCGCTACGCATA-1"
"Layer 2","CCCTGGCTGTTCCTTC-1"
"Layer 2","CCCTGGGAGGGATCCT-1"
"Layer 5","CCCTTTAATGGAGTTC-1"
"Layer 3","CCCTTTGACAGGTCTT-1"
"Layer 3","CCGAAACACGACCTCT-1"
"Layer 5","CCGAAAGTGGTGAGCA-1"
"Layer 1","CCGAACACTGGGCCTC-1"
"Layer 5","CCGAACCTTCCCGGCC-1"
"Layer 3","CCGAAGCATTGACCAA-1"
"Layer 5","CCGAAGGGCGTACCGC-1"
"Layer 3","CCGAAGTATATTGTTC-1"
"Layer 3","CCGACAAACACATGAG-1"
"Layer 3","CCGACAAAGGGAGTGC-1"
"Layer 6","CCGACAATAGGCCGCC-1"
"Layer 1","CCGACGGGCATGAGGT-1"
"Layer 5","CCGACGTAAACACAAC-1"
"WM","CCGAGAAGTCGCATAA-1"
"Layer 5","CCGAGCTGTGCTTGTC-1"
"WM","CCGATATGACGTAAGG-1"
"WM","CCGATCTCAACCTTAT-1"
"Layer 3","CCGATCTTAAGAGGCT-1"
"Layer 2","CCGATTCGAGGGACCC-1"
"Layer 6","CCGCACAAAGACCAAC-1"
"Layer 6","CCGCACACGAACGTGT-1"
"Layer 3","CCGCACGTGACCTCGG-1"
"Layer 5","CCGCACTTGCAATGAC-1"
"Layer 3","CCGCATGTGGTACGAT-1"
"Layer 3","CCGCCGGAACTTCTCG-1"
"Layer 6","CCGCCGGTCAACACAC-1"
"Layer 6","CCGCCGTTGAGGATAA-1"
"Layer 5","CCGCCTGCGAATTGGT-1"
"Layer 1","CCGCCTTGCGATGTCG-1"
"Layer 1","CCGCGATTTGGTAGGT-1"
"Layer 3","CCGCGCAAGATACCCA-1"
"Layer 3","CCGCGGAATGCGTCAC-1"
"Layer 3","CCGCGGGTACGAAGAA-1"
"Layer 3","CCGCGTAGGTAAGGGC-1"
"Layer 5","CCGCTATCAGCACCAG-1"
"Layer 2","CCGCTCCAGGGCGATC-1"
"Layer 3","CCGCTCCGGATAAGCT-1"
"Layer 5","CCGCTCTTCCGAACTA-1"
"Layer 2","CCGCTTACCTCACTCT-1"
"Layer 5","CCGCTTGCTGACATGG-1"
"Layer 4","CCGGAAGTGCAATATG-1"
"Layer 6","CCGGAAGTTATCAGTC-1"
"Layer 5","CCGGAATGGTTTCAGT-1"
"Layer 3","CCGGAGCGTACTTTCT-1"
"Layer 4","CCGGAGGTCTTATGGT-1"
"Layer 6","CCGGCACGACCGTTTC-1"
"Layer 3","CCGGCCGCGAGCATAT-1"
"Layer 6","CCGGCGCATATTGGAT-1"
"Layer 2","CCGGCGTGAGACTCTG-1"
"Layer 6","CCGGGACCCGCAGAGA-1"
"Layer 6","CCGGGCGGTCTCGTCA-1"
"Layer 3","CCGGGCTAAGAATTTC-1"
"WM","CCGGGCTGCTCCATAC-1"
"Layer 3","CCGGGTTCGAGGTTAC-1"
"Layer 6","CCGGTAATGGCTAGTC-1"
"Layer 3","CCGGTATCTGGCGACT-1"
"Layer 1","CCGGTTTGTAATTGTG-1"
"Layer 6","CCGTAAGTTGGTCCCA-1"
"Layer 5","CCGTACCCAAGCGCCA-1"
"Layer 5","CCGTAGGAAATCCCTG-1"
"Layer 5","CCGTAGGGTTGTTTAC-1"
"Layer 1","CCGTATCTCGTCGTAG-1"
"Layer 4","CCGTATTAGCGCAGTT-1"
"Layer 3","CCGTCAACCTCTGGCG-1"
"Layer 6","CCGTGAGGCATTCATG-1"
"Layer 5","CCGTGCCCATGACGGC-1"
"Layer 5","CCGTGGAACGATCCAA-1"
"Layer 2","CCGTGTTAAATTCCAT-1"
"Layer 6","CCGTTACGTTAGAACA-1"
"Layer 2","CCGTTCCGAATCTCGG-1"
"Layer 1","CCGTTTCCTTTCCGTG-1"
"Layer 6","CCTAAAGGCTGACGCT-1"
"Layer 5","CCTAAATTAACGGTTC-1"
"WM","CCTAAATTGTATCCTA-1"
"Layer 5","CCTAACCCAAACAAGT-1"
"Layer 6","CCTAACTAAGGCTCTA-1"
NA,"CCTAAGTGTCTAACCG-1"
"Layer 4","CCTACAAGTCCGGAAT-1"
"Layer 3","CCTACAGTTGAGGGAG-1"
"Layer 1","CCTACATTCACAGACG-1"
"Layer 5","CCTACGGCTCAGTCGA-1"
"Layer 6","CCTACTCAACACGATT-1"
"Layer 4","CCTACTGCGGCGGCCA-1"
"Layer 5","CCTACTGCTTACACTT-1"
"WM","CCTAGGCGTAGCGATC-1"
"Layer 2","CCTAGGTAAAGGTAGC-1"
"Layer 6","CCTAGTTAGTCGCATG-1"
"Layer 5","CCTATAATGAGTGCCC-1"
"Layer 2","CCTATACCGTCCTGTC-1"
"Layer 3","CCTATATCGTGTCACG-1"
"Layer 1","CCTATATTTGTCCTGG-1"
"Layer 6","CCTATCTATATCGGAA-1"
"Layer 6","CCTATGAAGTGGTGCC-1"
"Layer 2","CCTATGGCTCCTAGTG-1"
"Layer 6","CCTATGGGTTACCGTC-1"
"Layer 2","CCTATGGTCAAAGCTG-1"
"Layer 5","CCTATGTCCACTCCAC-1"
"Layer 3","CCTATTATTCCGGCCG-1"
"Layer 3","CCTCAACGATCGCTGT-1"
"Layer 5","CCTCACCAATCTTGAC-1"
"Layer 6","CCTCACCTGAGGGAGC-1"
"Layer 6","CCTCACCTTAGCATCG-1"
"WM","CCTCACGTCAGCTAAT-1"
NA,"CCTCATGCAGCTACGA-1"
"Layer 3","CCTCCGACAATTCAAG-1"
"Layer 3","CCTCCTAGCTAGAGTC-1"
"Layer 1","CCTCCTGAGCCCACAT-1"
"Layer 5","CCTCCTGTTGTGTCGT-1"
"Layer 6","CCTCGAAGTGGACGGG-1"
"Layer 6","CCTCGCCAGCAAATTA-1"
"Layer 6","CCTCGCGCGATATAGG-1"
"Layer 3","CCTCGCGCTGTGCGAT-1"
"Layer 6","CCTCGGACCGGGATAG-1"
"Layer 2","CCTCGGATGCTACCTG-1"
"Layer 1","CCTCGGTTTCCTTGCC-1"
"Layer 6","CCTCTAATCTGCCAAG-1"
"Layer 2","CCTCTACAAGGATTGG-1"
"Layer 1","CCTCTATCGATTAGCA-1"
"Layer 3","CCTCTCTCCCATCTAG-1"
"Layer 6","CCTCTGGCCTAGACGG-1"
"Layer 3","CCTCTGTACTATTCTA-1"
"Layer 6","CCTGAACGATATATTC-1"
"Layer 6","CCTGAATATTTACATA-1"
"Layer 3","CCTGACAAACTCGCGC-1"
"Layer 4","CCTGACCACCGATGGT-1"
"Layer 1","CCTGAGAATAAATGCA-1"
"Layer 3","CCTGATTCGCGAAGAA-1"
"Layer 1","CCTGCCCGTTGTCTAG-1"
"Layer 2","CCTGCGTTCTACGCTT-1"
"Layer 6","CCTGCTATTTGAGAAG-1"
"Layer 6","CCTGGAAACGTTCTGC-1"
"Layer 5","CCTGGCTAGACCCGCC-1"
"Layer 3","CCTGGTCGAATGTGGG-1"
"Layer 3","CCTGTAAGACATGATA-1"
"Layer 2","CCTGTACTCACGCCCA-1"
"Layer 6","CCTGTCACCCGGGCTC-1"
"Layer 6","CCTGTCCCTCACGTTA-1"
"Layer 5","CCTGTCGCCCGTAAAT-1"
"Layer 3","CCTGTCGTGTATGAAG-1"
"Layer 1","CCTGTGAAACCGTAAC-1"
"Layer 1","CCTGTTCAACCTCGGG-1"
"Layer 5","CCTGTTTGAAGACACG-1"
"Layer 4","CCTTAAGTACGCAATT-1"
"Layer 1","CCTTCAGTTAAAGTGA-1"
"Layer 3","CCTTCCGCAACGCTGC-1"
"Layer 1","CCTTCGTATAGAATCC-1"
"Layer 1","CCTTCTCAGCGTTCCT-1"
"Layer 6","CCTTCTTGATCCAGTG-1"
"Layer 6","CCTTGACCACTTTATT-1"
"Layer 1","CCTTGTGAACGTGGTT-1"
"Layer 2","CCTTTAAGGGAGCACT-1"
"Layer 6","CCTTTCAATGAAGAAA-1"
"Layer 3","CCTTTGAATTATGGCT-1"
"Layer 6","CGAAACATAGATGGCA-1"
"Layer 3","CGAAACGCAATTCATG-1"
"Layer 6","CGAACAGTATGGGCGT-1"
"Layer 3","CGAACCCGCATGCGTC-1"
"Layer 3","CGAACCTCTTTCCTAG-1"
"Layer 6","CGAACGCCCAGTGCCG-1"
"Layer 1","CGAACGGCCGGACAAC-1"
"Layer 1","CGAAGACGGTGAGTGC-1"
"Layer 2","CGAAGATCAGTTTCAT-1"
"Layer 3","CGAAGCCACAGCATGG-1"
"Layer 5","CGAAGCTATAAATTCA-1"
"Layer 3","CGAAGGGTTTCAGATT-1"
"Layer 3","CGAAGTTGCTCTGTGT-1"
"Layer 2","CGAATCTGCTCGACGC-1"
"Layer 2","CGAATGAAGTCATTGC-1"
"Layer 2","CGAATGACGCATAATG-1"
"Layer 1","CGAATGGTAGGTCGTC-1"
"Layer 6","CGAATTCCCGGTTCAA-1"
"WM","CGACAATTTGATCTAA-1"
"Layer 3","CGACACCGCTTAAGGA-1"
"Layer 6","CGACACGCTCCGACAG-1"
"Layer 4","CGACAGTTCGCGTTAT-1"
"Layer 2","CGACCCTTAACGCCGG-1"
"Layer 2","CGACCGTTGGTATTCG-1"
"Layer 3","CGACCTACTAGACAAT-1"
"Layer 2","CGACGCATCCGTACCT-1"
"Layer 6","CGACTCAGGATGTTAT-1"
"Layer 3","CGACTCGGTACACGGT-1"
"Layer 3","CGACTTGCCGGGAAAT-1"
"Layer 6","CGACTTTGTATAGCCT-1"
"Layer 5","CGAGACCCTAGAGTGT-1"
"Layer 4","CGAGACTACTGCTGCT-1"
"Layer 6","CGAGAGATGTGAACCT-1"
"Layer 2","CGAGAGCGCGTAGATA-1"
"Layer 4","CGAGAGCTTTCACTAC-1"
"Layer 6","CGAGAGGGTAGCCGCG-1"
"Layer 6","CGAGATTTCGCTCGGG-1"
"Layer 4","CGAGCACTTCAAGTTT-1"
"Layer 5","CGAGCGTTGATCAGCC-1"
"Layer 6","CGAGCTGGGCTTTAGG-1"
"Layer 5","CGAGGAGCTTCCATAT-1"
"Layer 5","CGAGGATCGGGAACGA-1"
"Layer 4","CGAGGCCAGGCATTGG-1"
"Layer 6","CGAGGCTAAATATGGC-1"
"Layer 6","CGAGGGACTGCGGTCG-1"
"Layer 2","CGAGGGTATCCAGGTG-1"
"Layer 3","CGAGTACTAAAGAGGA-1"
"Layer 1","CGAGTGAAGGTACCAG-1"
"Layer 5","CGAGTGCTATAGTTCG-1"
"Layer 6","CGAGTTCTGTCCCACC-1"
"WM","CGAGTTTATCGGACTG-1"
"Layer 6","CGATAATACTCAGGTT-1"
"Layer 4","CGATACCTCGCGGACA-1"
"Layer 3","CGATAGCGATACAGTG-1"
"Layer 4","CGATAGTCGTACTGCA-1"
"Layer 3","CGATCATTAGAGGCAC-1"
"Layer 1","CGATCCACCATTGTTG-1"
"Layer 5","CGATCCGACCCAGTGC-1"
"Layer 1","CGATCCTCGCAACATA-1"
"Layer 1","CGATCGAGAAGCACCA-1"
"Layer 1","CGATCTGTTGGAGGAC-1"
"Layer 6","CGATGGACCCTACGCC-1"
"Layer 3","CGATGTTGTTATCTAC-1"
"Layer 3","CGATTAAATATCTCCT-1"
"Layer 3","CGATTCGCCTGGCTGC-1"
"Layer 2","CGATTTGTCATTAATG-1"
"Layer 5","CGCAAACACGAGTTAC-1"
"Layer 2","CGCAATCGATCATTAG-1"
"Layer 5","CGCAATTACTTTCGGT-1"
"Layer 5","CGCAATTAGGGTAATA-1"
"Layer 4","CGCAATTCTACAATAA-1"
"Layer 6","CGCACATGTCCACTAC-1"
"Layer 1","CGCACGTCTGTTTATG-1"
"WM","CGCACGTGCGCTATCA-1"
"Layer 5","CGCAGATCTTCACCCG-1"
"Layer 6","CGCAGGCGATCCAAAC-1"
"Layer 5","CGCATCCATCAGCCAG-1"
"Layer 4","CGCATGCCGAATGCGT-1"
"Layer 5","CGCATGGTGCGATGCT-1"
"Layer 6","CGCATTAGCTAATAGG-1"
"Layer 1","CGCCAAGAAGCCGAGT-1"
"Layer 2","CGCCACAGGTCGCGAT-1"
"Layer 3","CGCCAGTAGTACCTTG-1"
"Layer 6","CGCCATCCGATTATGA-1"
"Layer 2","CGCCCAGCACGCCTAG-1"
"Layer 4","CGCCCAGCGTTTCACG-1"
"Layer 6","CGCCCGCTTCCGTACA-1"
"Layer 3","CGCCCTAATTGTTCAA-1"
"Layer 3","CGCCCTTGAAGGCTGA-1"
"Layer 1","CGCCGACTATTCGCTA-1"
"Layer 6","CGCCGCCCATGCCTGT-1"
"Layer 1","CGCCGCGTTCTGAACG-1"
"Layer 6","CGCCGTCTACCCATCG-1"
"Layer 6","CGCCGTTCAGCATAGT-1"
"Layer 5","CGCCTCCCTCCTCTAT-1"
"Layer 2","CGCCTGGCCTACGTAA-1"
"WM","CGCCTTTAGCATGCTC-1"
"Layer 5","CGCGAAGTGGCATACT-1"
"Layer 3","CGCGACACTGCGCAGC-1"
"Layer 4","CGCGACCGCGACAGAT-1"
"Layer 5","CGCGAGAGGGACTTGT-1"
"Layer 2","CGCGAGTCTGCCGGGT-1"
"Layer 2","CGCGCAAATGTCCAGA-1"
"Layer 3","CGCGCATGTTTGATTG-1"
"Layer 6","CGCGCCCGACTTAATA-1"
"Layer 3","CGCGGCAGTATTACGG-1"
"WM","CGCGGCTCAACTTGAA-1"
"WM","CGCGGGAATTAGGCAG-1"
"Layer 3","CGCGGGAATTCCTTTC-1"
"Layer 5","CGCGGTAAGTCTAGCT-1"
"Layer 6","CGCGGTACGGTATACA-1"
"Layer 5","CGCGGTCACAAACCAA-1"
"Layer 3","CGCGTGGGCCTGTGTT-1"
"Layer 5","CGCGTTCATGAAATAC-1"
"Layer 4","CGCTACGGGACATTTA-1"
"WM","CGCTAGAGACCGCTGC-1"
"Layer 5","CGCTATACCGCCCACT-1"
"Layer 5","CGCTATTCAATGTATG-1"
"Layer 5","CGCTATTCTTAGGCTC-1"
"Layer 6","CGCTCGACATAATGAT-1"
"Layer 3","CGCTCTCCGTAGATTA-1"
"Layer 6","CGCTGGTGACTACCCT-1"
"Layer 5","CGCTGTGACGCCGCAC-1"
"Layer 1","CGCTGTGTGGATGTTG-1"
"Layer 1","CGCTTAGTATTGATAC-1"
"Layer 3","CGCTTATTCCCGGTCG-1"
"Layer 6","CGCTTCCACTGAAATC-1"
"Layer 5","CGCTTCGGTCTAAGAC-1"
"Layer 6","CGCTTGGACGGATAGA-1"
"Layer 6","CGCTTTCATACCGGTG-1"
"Layer 2","CGCTTTCCGCCAAGGT-1"
"WM","CGCTTTCTTGCATTCG-1"
"Layer 2","CGGAAAGAATCAAACG-1"
"Layer 3","CGGAAAGCAAATGTGC-1"
"Layer 3","CGGAACGTAAACATAG-1"
"Layer 1","CGGACCTCTGTAGTTA-1"
"Layer 2","CGGACCTTTACGTCCC-1"
"Layer 1","CGGACGTTACTTGAAG-1"
"Layer 3","CGGAGCAATTTAATCG-1"
"Layer 5","CGGAGCATGGCGATCC-1"
"Layer 6","CGGAGCTTATAACACC-1"
"Layer 4","CGGAGTTTGAGAGACA-1"
"Layer 3","CGGATAAGCGGACATG-1"
"Layer 4","CGGATCCTCAAGGACT-1"
"Layer 2","CGGATGAATGCTGTGA-1"
"Layer 1","CGGATTCTGCCTTATG-1"
"Layer 4","CGGCAAACATCGTGCG-1"
"Layer 6","CGGCAATAAGATCGCC-1"
"Layer 5","CGGCACCGTTAGCGCC-1"
"WM","CGGCAGGGTCGGGTTG-1"
"Layer 5","CGGCCACGCACAAAGT-1"
"Layer 1","CGGCCAGAGCGACCAT-1"
"Layer 5","CGGCCCAACCTGTAGT-1"
"Layer 5","CGGCGCCATCAATCCC-1"
"WM","CGGCTCTAAAGCTGCA-1"
"Layer 3","CGGGAACGCCCTGCAT-1"
"Layer 3","CGGGAAGTACCGTGGC-1"
"WM","CGGGAATATAGTATAC-1"
"Layer 5","CGGGAATTTATGTAAA-1"
"Layer 6","CGGGAGCTTCAGTGTA-1"
"Layer 3","CGGGAGTATACCGCCG-1"
"Layer 6","CGGGATCAATGTAAGA-1"
"Layer 5","CGGGCAGCTAAACCGC-1"
"Layer 3","CGGGCCATAGCCGCAC-1"
"Layer 5","CGGGCCTTCTTTGTAA-1"
"Layer 3","CGGGCGATGGATCACG-1"
"WM","CGGGTGTACCCATTTA-1"
"WM","CGGGTTTGTTAGGGCT-1"
"Layer 3","CGGTACGGCAAACCCA-1"
"Layer 6","CGGTACTAGAATCAAA-1"
"Layer 6","CGGTAGAGGTGCAGGT-1"
"Layer 4","CGGTATAGGTATTAGC-1"
"Layer 2","CGGTATGGGCACTCTG-1"
"Layer 6","CGGTCAAGTGGGAACC-1"
"WM","CGGTCAGTCCATATTT-1"
"Layer 4","CGGTCCATGAGACTCC-1"
"Layer 1","CGGTCCGTCGCAAGCC-1"
"Layer 6","CGGTCTATCAACCCGT-1"
"Layer 3","CGGTGAAGACTAAAGT-1"
"Layer 3","CGGTGCAGATAGAACG-1"
"Layer 2","CGGTGCGCGTTGGTCC-1"
"Layer 5","CGGTGGGCTCCAGCCT-1"
"Layer 5","CGGTGTACTTGATCCC-1"
"Layer 6","CGGTTATCCAACAGTG-1"
"Layer 6","CGGTTCAAGTAGGTGT-1"
NA,"CGGTTCCGGCTTCTTG-1"
"Layer 2","CGGTTGACCTGGCATA-1"
"Layer 1","CGGTTGAGTATCCTTC-1"
"Layer 2","CGGTTGGGCAGGGTCC-1"
"Layer 3","CGGTTTACTGAACATT-1"
"Layer 4","CGGTTTATGAAGGAAC-1"
"Layer 2","CGTAAAGCAAGAAATC-1"
"Layer 1","CGTAAATAACAAAGGG-1"
"Layer 1","CGTAACTTCGACACTT-1"
"Layer 3","CGTAATAATTACGAGT-1"
"Layer 6","CGTACCTGATAGGCCT-1"
"Layer 4","CGTAGAGAGTAATTAT-1"
"Layer 6","CGTAGCGAATTGTCAG-1"
"Layer 6","CGTATCTAGAACTAAG-1"
"Layer 5","CGTATTAAGAGATCTA-1"
"Layer 4","CGTATTGTTTCCTAAT-1"
"Layer 3","CGTATTGTTTGGCGCC-1"
"Layer 4","CGTCAAATGGTCGCAG-1"
"Layer 2","CGTCAAGGCTATAAAT-1"
"Layer 3","CGTCACGTCCATTGGT-1"
"Layer 3","CGTCAGCTATTTACTC-1"
"Layer 3","CGTCATACCATATCCA-1"
"Layer 5","CGTCCTCATCGCGTGC-1"
"Layer 3","CGTCGCATGTGAGCCA-1"
"Layer 3","CGTCGCGGCGGGATTT-1"
"Layer 2","CGTCGCTTGGTTATAC-1"
"WM","CGTCGGATAGTGTTGA-1"
"Layer 2","CGTCGGGTCTAAGCGC-1"
"Layer 4","CGTCGTCCTTCGCGAA-1"
"Layer 6","CGTCTGGAAGGGCCCG-1"
"Layer 6","CGTCTTGAGTGTGACG-1"
"Layer 3","CGTGAACTGACCCGAT-1"
"Layer 5","CGTGAAGTTAATTCAC-1"
"Layer 6","CGTGACATTGGGTCGT-1"
"Layer 2","CGTGACCAGTCCTCTG-1"
"Layer 3","CGTGCACACCACTGTA-1"
"Layer 6","CGTGCAGACTGGGACA-1"
"Layer 3","CGTGCATTGTCGACGC-1"
"Layer 5","CGTGCCCTCCCGAAGA-1"
"Layer 1","CGTGCTTCTACCTAAA-1"
"WM","CGTGGCCGAATATCTA-1"
"Layer 1","CGTGGTACCCAAAGGC-1"
"Layer 5","CGTGTATGGGAGCTGA-1"
"Layer 5","CGTGTCCCATTCGCGA-1"
"Layer 1","CGTGTCTCGTTACGAC-1"
"Layer 5","CGTGTGTTAAACCCTG-1"
"WM","CGTTAAACTAGTTAGG-1"
"Layer 5","CGTTAAATACGACCAG-1"
"Layer 5","CGTTAATGTCCCGACG-1"
"Layer 5","CGTTAGCTCACAACTG-1"
"Layer 2","CGTTATCATACTTCCA-1"
"Layer 1","CGTTCAAGGAAACGGA-1"
"Layer 2","CGTTCAGACCCGCGAA-1"
"Layer 1","CGTTCATGGTGCGCGT-1"
"Layer 5","CGTTCTTCGCACACCT-1"
"Layer 4","CGTTGAATACCGCGCT-1"
"Layer 5","CGTTGAGCGACCGTCG-1"
"Layer 4","CGTTGAGTAATTGCGT-1"
"Layer 1","CGTTGCCCGCGTGGGA-1"
"Layer 3","CGTTGTAAACGTCAGG-1"
"Layer 5","CGTTGTAAGATTGATT-1"
"Layer 3","CGTTGTCGGCAATTGA-1"
"Layer 4","CGTTGTTTCAATTCCC-1"
"Layer 6","CGTTTAAGCGGAGCAC-1"
"Layer 4","CGTTTACAAGGCAGCT-1"
"Layer 6","CGTTTCACTTCGGGCG-1"
"Layer 5","CGTTTCGCTCATTACA-1"
"Layer 5","CGTTTCGGTTATATGC-1"
"Layer 6","CGTTTGGTGTTGTGGG-1"
"Layer 1","CGTTTGTGTAGAGGGT-1"
"Layer 3","CTAAAGAATGCCTACT-1"
"Layer 1","CTAAAGGATGAGATAC-1"
"Layer 5","CTAAAGGGAAATAGGA-1"
"Layer 1","CTAAATCCGGTGTACA-1"
"Layer 6","CTAAATCCTATTCCGG-1"
"Layer 3","CTAACAGCACAATAAC-1"
"Layer 3","CTAACCGCGCGCCCGT-1"
"Layer 6","CTAACGAAACTTGCTG-1"
"Layer 5","CTAACTGATAATCGCC-1"
"Layer 2","CTAACTGGTCCGGTTC-1"
"Layer 5","CTAAGGGAATGATTGG-1"
"Layer 3","CTAATTATGAAGCGTA-1"
"Layer 4","CTAATTCGCACGCGCT-1"
"Layer 6","CTAATTCTCAGATATT-1"
"Layer 4","CTAATTTCAACAACAC-1"
"Layer 1","CTACAAGAAATAACCC-1"
"Layer 5","CTACACTCGCAGATGG-1"
"Layer 3","CTACATATCGCGGGAC-1"
"WM","CTACCCTAAGGTCATA-1"
"Layer 2","CTACGACTAGCTATAA-1"
"Layer 3","CTACGATCCTATCCTA-1"
"Layer 5","CTACGCACGGAGTACC-1"
"Layer 6","CTACGCCATTTCCGAT-1"
"Layer 1","CTACTATCATAGGTTT-1"
"Layer 6","CTACTATCTTTCAGAG-1"
"Layer 1","CTACTCAAGGTATAGT-1"
"Layer 3","CTACTCTAGGCCCGGC-1"
"Layer 6","CTACTGCCACCTGACC-1"
"Layer 3","CTAGACATATATGTAG-1"
"Layer 4","CTAGACTGCATTTCGT-1"
"Layer 6","CTAGATGTGAGTGTAA-1"
"Layer 5","CTAGATTTACGACGGC-1"
"Layer 6","CTAGCATAGTATAATG-1"
"Layer 6","CTAGCCACAGGCGAGC-1"
"Layer 1","CTAGCCCGGGAGACGA-1"
"Layer 5","CTAGCCGATGTTATGA-1"
"Layer 6","CTAGCTTAATGGTCCC-1"
"Layer 5","CTAGGCGCCCTATCAG-1"
"Layer 1","CTAGGGATAGGGACAA-1"
"WM","CTAGGTCTGAAGGAAT-1"
"Layer 3","CTAGGTTCGGACGTGA-1"
"Layer 3","CTAGTAGAAAGGGATT-1"
"Layer 6","CTAGTATTCGGAATTA-1"
"Layer 6","CTAGTCACGTCTTAAG-1"
"Layer 3","CTAGTGAAGGACAGGA-1"
"Layer 4","CTAGTTACAACCCGGT-1"
"Layer 6","CTAGTTGGGCCCGGTA-1"
"Layer 6","CTATAAGAGCCAATCG-1"
"Layer 3","CTATAAGTAGGGTTTG-1"
"Layer 3","CTATACTTAAAGCGAG-1"
"Layer 1","CTATAGGCGTTGATGT-1"
"Layer 1","CTATATCCAGCCTGGC-1"
"Layer 2","CTATCACAACGCTGGA-1"
"Layer 5","CTATCGACGAAATACA-1"
"WM","CTATCGCGTAGAGAAC-1"
"Layer 6","CTATCGGGTCTCAACA-1"
"Layer 2","CTATGAACACCTTGCC-1"
"Layer 2","CTATGCCCGAATGCAA-1"
"Layer 6","CTATGGGAAGCGGAAT-1"
"Layer 6","CTATGTCACTAGCCCA-1"
"Layer 5","CTATGTCTATTGAAAC-1"
"Layer 1","CTATGTGAGTCACGGC-1"
"Layer 3","CTATTCATGTGTCCCA-1"
"Layer 5","CTATTGTGTTTGGTCA-1"
"Layer 2","CTATTTGCTTGGAGGA-1"
"Layer 6","CTATTTGGTTACGGAT-1"
"Layer 1","CTCAAACCACTGCCCG-1"
"Layer 4","CTCAACTAACCCGGAT-1"
"Layer 5","CTCAAGACATTAGCGC-1"
"Layer 4","CTCACACGCAAGCCTA-1"
"Layer 3","CTCACATTTACTAAAT-1"
"Layer 1","CTCACCAGTACAAGTG-1"
"Layer 3","CTCACTGTGATACTTA-1"
"Layer 2","CTCACTTGGCTGGTAA-1"
"Layer 1","CTCAGAGCTAATGTCG-1"
"Layer 2","CTCAGATTGTGATAAG-1"
"Layer 5","CTCAGGACTCACCTGT-1"
"Layer 6","CTCAGTCACGACAAAT-1"
"Layer 4","CTCATAAATGTGTATA-1"
"Layer 5","CTCATCACTTAGTGAT-1"
"Layer 6","CTCATGGCTCACAATC-1"
"Layer 1","CTCATGGTAATTTGCG-1"
"Layer 5","CTCATTAACGTTGCCC-1"
"Layer 2","CTCATTCGTGAACATC-1"
"Layer 3","CTCATTGCTCTAACAA-1"
"Layer 6","CTCATTTGATGGGCGG-1"
"WM","CTCCCAATGAGTCGCG-1"
"Layer 1","CTCCCTCCTTTCGATC-1"
"Layer 3","CTCCCTTGTATCAAGG-1"
"Layer 3","CTCCGCCCACATGAGG-1"
"Layer 6","CTCCGGCCTAATATGC-1"
"Layer 3","CTCCGGCTTGTAGACA-1"
"Layer 5","CTCCTAAGTTATGTCT-1"
"Layer 2","CTCCTAGTAATCGTGA-1"
"Layer 1","CTCCTCCAGCTCACAC-1"
"WM","CTCCTGTTCAAGGCAG-1"
"Layer 5","CTCCTTTACGCAAGTC-1"
"Layer 3","CTCGAGACATACGATA-1"
"Layer 1","CTCGAGGCAAGTTTCA-1"
"Layer 6","CTCGAGGTCGAACAGT-1"
"Layer 6","CTCGATATTTGCGAGC-1"
"Layer 6","CTCGCACCTATATAGT-1"
"Layer 3","CTCGCATTGCATAGCC-1"
"Layer 3","CTCGCCGAATGTAGGG-1"
"Layer 4","CTCGCTAGGTAAGCGA-1"
"Layer 5","CTCGGGATAACACCTA-1"
"Layer 1","CTCGGGTTCTCTGGCC-1"
"Layer 6","CTCGGTACCACTGCTC-1"
"Layer 6","CTCGGTCCGTAGCCTG-1"
"Layer 1","CTCGGTTGTCGGCCCT-1"
"Layer 3","CTCGTCGAGGGCTCAT-1"
"Layer 3","CTCGTCTGTGCCTTCG-1"
"Layer 1","CTCGTTACGGCTACCA-1"
"Layer 5","CTCGTTTCTAATGTTT-1"
"Layer 3","CTCTAACACCGGCAGC-1"
"Layer 5","CTCTAATGCATTGATC-1"
"Layer 1","CTCTACACTGGCGATT-1"
"Layer 2","CTCTACATCCTGCGTG-1"
"Layer 4","CTCTAGCCCTCGGAAA-1"
"Layer 5","CTCTATTTGGCTGCAG-1"
"Layer 6","CTCTCACAATCGATGA-1"
"Layer 2","CTCTCGCTGTACTATG-1"
"Layer 2","CTCTCTAACTGCCTAG-1"
"Layer 2","CTCTGCAGGCATTCTT-1"
"Layer 5","CTCTGCGAAGCAAGCA-1"
"Layer 6","CTCTGGACGCCTGGTG-1"
"Layer 3","CTCTGTCCATGCACCA-1"
"Layer 6","CTCTGTTTGAGGATTC-1"
"WM","CTCTTCTATTGACTGG-1"
"Layer 1","CTCTTCTGGAAGTTAG-1"
"Layer 3","CTCTTGTCCCGCTTGG-1"
"Layer 6","CTGAAAGAGATCCGAC-1"
"Layer 3","CTGAATCCGAGACCTC-1"
"Layer 5","CTGAATTTATTGCCAG-1"
"WM","CTGACATAGAAATAGA-1"
"Layer 6","CTGACTGCGCAGCTCG-1"
"WM","CTGAGAAAGTTCGGCG-1"
"WM","CTGAGAGTAGAAATAC-1"
"Layer 4","CTGAGCAAGTAACAAG-1"
"Layer 5","CTGAGCGAGACTTATT-1"
"Layer 2","CTGATAGTGTATCTCA-1"
"Layer 1","CTGATCCCTTTATGCA-1"
"Layer 6","CTGCAAGCACGTTCCG-1"
"Layer 5","CTGCACAACTACATAT-1"
"Layer 5","CTGCACCTAGTCCACA-1"
"Layer 6","CTGCACCTGGAACCGC-1"
"Layer 4","CTGCACTCCAGTACAG-1"
"Layer 5","CTGCAGAGAATCAGAG-1"
"Layer 6","CTGCCAAGGTTGGAAG-1"
"Layer 5","CTGCCATGCATCACAT-1"
"Layer 1","CTGCCCACGAAGCGTT-1"
"Layer 5","CTGCCTCATATGCAAC-1"
"Layer 1","CTGCCTTTAATACCTT-1"
"Layer 5","CTGCCTTTCTAGTAAA-1"
"Layer 2","CTGCGACCTCGCCGAA-1"
"Layer 1","CTGCGATTTCGAGATT-1"
"Layer 3","CTGCGGGTGAAATGTT-1"
"Layer 5","CTGCGGTAGTCACGTG-1"
"Layer 6","CTGCGTTACGATATAA-1"
"Layer 1","CTGCTCTGACGGCAAA-1"
"Layer 2","CTGCTGAGGCCACGAA-1"
"WM","CTGCTGTCTAACGAGC-1"
"Layer 4","CTGCTTGGCGATAGCT-1"
"Layer 5","CTGCTTTATGTCCGCG-1"
"Layer 5","CTGGAAATGGATGCTT-1"
"Layer 5","CTGGAAGACACGGTGG-1"
"Layer 2","CTGGACGCAGTCCGGC-1"
"Layer 3","CTGGATTTACACTTGA-1"
"Layer 1","CTGGCATCCGAATGAG-1"
"Layer 6","CTGGCGACATAAGTCC-1"
"Layer 4","CTGGCGATTTACATGT-1"
"WM","CTGGCGCACAGGTCTG-1"
"Layer 3","CTGGCGGGAATAAGTA-1"
"Layer 6","CTGGCTGATTCATCCT-1"
"Layer 3","CTGGCTGGTTGTCAGT-1"
"Layer 6","CTGGGATAAATAATGG-1"
"Layer 6","CTGGGATACGCTACCC-1"
"Layer 2","CTGGGCCTGCTATATC-1"
"Layer 5","CTGGGTAGGCAGTTAA-1"
"Layer 3","CTGGGTTGAGTTAAAG-1"
"Layer 4","CTGGTAAAGACTTACA-1"
"Layer 6","CTGGTAAAGTGTGGGC-1"
"Layer 6","CTGGTAACACATAGAA-1"
"Layer 6","CTGGTAACGAGCTCTT-1"
"Layer 3","CTGGTCATTCCAATCC-1"
"Layer 3","CTGGTGAATGGGCCTA-1"
"Layer 6","CTGGTTCGCGAGCTAC-1"
"Layer 6","CTGGTTTCGAGCAAGA-1"
"Layer 5","CTGTACTTCTTAGCAT-1"
"Layer 2","CTGTAGCCATCTCACT-1"
"Layer 1","CTGTAGTGAGGATCGA-1"
"Layer 5","CTGTATGGTGTAGAAA-1"
"Layer 6","CTGTCAAATGGCTCGG-1"
"Layer 4","CTGTCACGCCAGGCGC-1"
"Layer 3","CTGTCCTGCGCACTAC-1"
"Layer 5","CTGTGCAGGGTAGGTC-1"
"Layer 5","CTGTGGTCGGGAGATA-1"
"Layer 3","CTGTTACCCAATCTAG-1"
"Layer 6","CTGTTCACTGCCTGTG-1"
"Layer 5","CTGTTCATCTCACGGG-1"
"Layer 3","CTGTTGGCTCTTCTGA-1"
"Layer 2","CTGTTGTTCAGTCGTA-1"
"Layer 3","CTTAAATAAGACCCAT-1"
"Layer 5","CTTAACTTACAGTATA-1"
"Layer 5","CTTAACTTCGAAGTAC-1"
"Layer 3","CTTAAGCAGCGAGCCG-1"
"Layer 1","CTTAATCGACTTAGTA-1"
"Layer 5","CTTACACGGTATTCCA-1"
"Layer 6","CTTACACTGGGAAATA-1"
"Layer 3","CTTACATAGATTTCTT-1"
"Layer 6","CTTACTGACTCCTCTG-1"
"Layer 2","CTTAGATGTTTCATCC-1"
"Layer 2","CTTAGCCCGGATAGTG-1"
"Layer 6","CTTAGCCTTCCACATG-1"
"Layer 3","CTTAGGTATAGACCAG-1"
"Layer 4","CTTAGGTCCCAATCGT-1"
"Layer 6","CTTAGTAGGCCTACAG-1"
"Layer 4","CTTAGTGTAGTAGCAT-1"
"Layer 1","CTTAGTTGAGGAATCG-1"
"Layer 6","CTTATAGATGGCTGTT-1"
"Layer 1","CTTATGCGCTCAGGGC-1"
"Layer 4","CTTATGTTGACTACCA-1"
"Layer 3","CTTCAACTCCACTTGG-1"
"Layer 3","CTTCACGCCCTGGTAC-1"
"Layer 2","CTTCAGTGGTCGCCTA-1"
"Layer 3","CTTCAGTTGGACAACG-1"
"Layer 5","CTTCATAGCTCAAGAA-1"
"Layer 3","CTTCATCACCAGGGCT-1"
"Layer 5","CTTCATTGTCAGTGGA-1"
"Layer 2","CTTCCGCTCCGTGAAG-1"
"Layer 3","CTTCGATTGCGCAAGC-1"
"WM","CTTCGGCCAATTGTTT-1"
"Layer 3","CTTCGTAGATAGGTGA-1"
"Layer 1","CTTCTATGTTGAAGTA-1"
"Layer 3","CTTCTATTAATGCTAG-1"
"Layer 1","CTTCTGGGCGTACCTA-1"
"Layer 6","CTTCTTACGTCGTATA-1"
"WM","CTTGAGTTAGGGTAAT-1"
"Layer 4","CTTGATGACCATCCAG-1"
"Layer 2","CTTGCAACCGCCTCCT-1"
"Layer 4","CTTGCCCACCCACGCA-1"
"Layer 3","CTTGCCCAGGCTCTAC-1"
"Layer 2","CTTGGCCAAGCTGGGA-1"
"Layer 6","CTTGTACTTGTTGACT-1"
"Layer 4","CTTGTCAACATTCGAG-1"
NA,"CTTGTGAGTCTTTGAC-1"
"Layer 6","CTTGTGCTCACCGATT-1"
"Layer 6","CTTGTTGCTGAGTCAA-1"
"Layer 5","CTTGTTTATGTAGCCA-1"
"Layer 6","CTTTAACTTTCAAAGG-1"
"Layer 5","CTTTAATATTGGTCGA-1"
"Layer 5","CTTTACCGAATAGTAG-1"
"Layer 6","CTTTAGGAACACTGTT-1"
"Layer 5","CTTTAGTGCTATTATT-1"
"Layer 3","CTTTCTGTGCGGGCTT-1"
"Layer 2","CTTTGACGTCGCTTCT-1"
"Layer 5","CTTTGCATCGCTCTTG-1"
"WM","CTTTGCTGTCATGGAT-1"
"Layer 3","CTTTGGCGCTTTATAC-1"
"Layer 4","CTTTGGCTTTAGTAAA-1"
"Layer 1","CTTTGGGATTGTTGCA-1"
"Layer 3","CTTTGTCGAATGCTCC-1"
"WM","GAAACAGATGACCACC-1"
"Layer 6","GAAACAGCCATGCAGT-1"
"Layer 2","GAAACATAGGAAACAG-1"
"Layer 5","GAAACCATGGTGCGCT-1"
"Layer 3","GAAACCGAATTACCTT-1"
"Layer 2","GAAACCTATACAAATG-1"
"Layer 3","GAAACTCGTGCGATGC-1"
"Layer 6","GAAACTCTAATGAAGG-1"
"WM","GAAAGAACAGCGTTAT-1"
"Layer 3","GAAAGCAGTGCACTTT-1"
"Layer 3","GAAAGCCCTTTGGACC-1"
"Layer 4","GAAAGTGACTAACTGC-1"
"Layer 4","GAAATACTAAACGTTT-1"
"Layer 3","GAAATATCACCATCAG-1"
"Layer 4","GAAATATGCTTGAATG-1"
"Layer 6","GAAATCGCGCGCAACT-1"
"Layer 3","GAAATCTGACCAAGTT-1"
"Layer 5","GAAATGGCGGTGTTAG-1"
"Layer 3","GAAATGGGATGTAAAC-1"
"Layer 5","GAAATTAGCACGGATA-1"
"Layer 5","GAAATTCACATCGCTG-1"
"Layer 4","GAAATTGTCTCTATAA-1"
"Layer 3","GAACAACTGGGATGAA-1"
"Layer 6","GAACACACATCAACCA-1"
"Layer 3","GAACAGATTACTAAAT-1"
"Layer 3","GAACATTAGTATGTTA-1"
"Layer 3","GAACCCTCTGTGTTCT-1"
"Layer 1","GAACCTCGACCTACAC-1"
"Layer 3","GAACCTTTAACGATCC-1"
"Layer 6","GAACGACCGAATGATA-1"
"Layer 5","GAACGATAAGTTAAAG-1"
"WM","GAACGCGGGTCACACG-1"
"WM","GAACGTCTCATGGTCG-1"
"Layer 2","GAACGTTAGGAAGACG-1"
"Layer 2","GAACTGTGGAGAGACA-1"
"Layer 3","GAACTTGTGCACGGGA-1"
"Layer 1","GAAGAAACGATATTGT-1"
"Layer 5","GAAGAACGGTGCAGGT-1"
"Layer 3","GAAGCCACTGATTATG-1"
"Layer 2","GAAGCCGGGTAAGCTC-1"
"Layer 3","GAAGCCTGCACATTCC-1"
"Layer 5","GAAGCGTGAGGAATTT-1"
"Layer 2","GAAGCTCGGACCCGTC-1"
"Layer 3","GAAGCTCTTTGCTTAG-1"
"Layer 4","GAAGCTTGCTGACCGC-1"
"Layer 2","GAAGGAGTCGAGTGCG-1"
"Layer 5","GAAGGCTACCATTGTT-1"
"Layer 3","GAAGGGTCATTAAGAC-1"
"Layer 3","GAAGTCAGTTGCACTA-1"
"WM","GAAGTCTCCCTAGCGA-1"
"Layer 4","GAAGTGATTTATCGTG-1"
"Layer 6","GAAGTGCTGGATAGCT-1"
"Layer 4","GAAGTTTCCACTCAAT-1"
"Layer 6","GAATAGACGCGACCCA-1"
"Layer 5","GAATAGCCCTGCGGTC-1"
"Layer 1","GAATAGTGCTCGATTA-1"
"Layer 6","GAATATTCGGAGTCCC-1"
"Layer 5","GAATCGACATGGTCAC-1"
"Layer 5","GAATCGCCGGACACGG-1"
"Layer 5","GAATCTGAACATTCTC-1"
"Layer 4","GAATGAAGGTCTTCAG-1"
"Layer 3","GAATGCCGAAATGACC-1"
"Layer 3","GAATGCGAATCGGTTC-1"
"Layer 1","GAATGGGCTTATCGAC-1"
"Layer 5","GAATGTATGGCAGGTC-1"
"Layer 6","GAATGTGGTCCGGATT-1"
"Layer 6","GAATGTTGGGTAATCT-1"
"Layer 6","GAATTATAGTGAAAGG-1"
"Layer 3","GAATTCACCCGGGTGT-1"
"Layer 4","GAATTTCTCGCTGCAG-1"
"WM","GACAAACATATGCAGG-1"
"Layer 6","GACAACGACCATTGAA-1"
"Layer 6","GACAACGCAGCTTACG-1"
"Layer 6","GACAAGACGCCCGTGC-1"
"WM","GACAAGAGATGAGATT-1"
"Layer 6","GACACAAGGGAAGAAA-1"
"Layer 4","GACACAGCCGGGACTG-1"
"Layer 1","GACACCCAAAGACGCG-1"
"Layer 4","GACACGAGTTAGAGGA-1"
"Layer 3","GACACTGAGTTCAGTG-1"
"WM","GACACTGGAACCCGAT-1"
"Layer 4","GACACTTCCAATTACC-1"
"Layer 1","GACAGAGGTCTTCAGT-1"
"Layer 2","GACAGATTTCTGGCTC-1"
"Layer 6","GACAGCCAGACCTGAC-1"
"Layer 2","GACAGGCACACACTAT-1"
"Layer 3","GACATACTGTCGCAGA-1"
"Layer 3","GACATCCGTCGAACTG-1"
"Layer 3","GACATCGATTTATAAC-1"
"Layer 3","GACATTTCGCCCAGCC-1"
"Layer 6","GACCAAACGTTGACTG-1"
"Layer 3","GACCACACTTCCCTTT-1"
"Layer 5","GACCAGAGCCCTGTAG-1"
"Layer 2","GACCCAATTATGATAC-1"
"Layer 6","GACCGACGTGAAAGCA-1"
"Layer 3","GACCGACTGAAGCGTC-1"
"Layer 3","GACCGATTAAATATGT-1"
"WM","GACCGCGTCTGACGTG-1"
"Layer 3","GACCGGTGATACTCTC-1"
"Layer 6","GACCGTCAGGTCGTGA-1"
"Layer 4","GACCGTGCTGACGGTG-1"
"Layer 1","GACCGTTACATGCGAC-1"
"Layer 3","GACCTTCCACGTCTAC-1"
"Layer 4","GACGACGATCCGCGTT-1"
"Layer 6","GACGAGGCTAATAAAC-1"
"Layer 1","GACGATATCACTGGGT-1"
"Layer 3","GACGCATACCCGTCGG-1"
"Layer 3","GACGCCGTAAAGGCTA-1"
"Layer 3","GACGCTTGCTTCTAAA-1"
"Layer 4","GACGGGCATCGAATTT-1"
"Layer 2","GACGGGTTGGCCCGTA-1"
"Layer 6","GACGGTCAATAGAAGC-1"
"Layer 6","GACGGTCCTAGGGTGT-1"
NA,"GACGTGAGACTCCATG-1"
"Layer 4","GACGTGTAGGGATTAT-1"
"Layer 5","GACGTTCGTAAATACA-1"
"Layer 1","GACGTTGCTCGGCGGC-1"
"Layer 6","GACTAAGATCATGCAC-1"
"Layer 5","GACTAAGTAGGCTCAC-1"
"Layer 1","GACTACAAAGCGGTGG-1"
"Layer 3","GACTAGGCCGTTAGGT-1"
"WM","GACTCACCCACGTGAG-1"
"Layer 5","GACTCCCAGAATAAGG-1"
"Layer 3","GACTCCTTCCAATTGA-1"
"Layer 6","GACTCGCGGGAATGAC-1"
"Layer 1","GACTCTAGAGTTCCAA-1"
"Layer 4","GACTGATTGGTCACAA-1"
"Layer 3","GACTGCAAATCGAGCT-1"
"Layer 5","GACTGCACCAGCCCAG-1"
"Layer 3","GACTGCGGCACGTGTA-1"
"Layer 1","GACTGCTGGTGAGAAA-1"
"Layer 3","GACTTCAACGCATCAA-1"
"Layer 2","GACTTTCGAGCGGTTC-1"
"Layer 6","GAGAAACTGGATCCCA-1"
"Layer 5","GAGAACGGTTCTGACT-1"
"Layer 1","GAGAATCTCACGATCA-1"
"Layer 4","GAGACCCTGCAACGCC-1"
"Layer 6","GAGACTGATGGGTAGA-1"
"Layer 3","GAGACTTCGCGACCGA-1"
"Layer 2","GAGAGCGCAGTCCCTG-1"
"Layer 6","GAGAGGCCTATGTGTA-1"
"Layer 3","GAGAGGGCGCGAGGTT-1"
"Layer 2","GAGAGGTGCATTCTGG-1"
"Layer 1","GAGAGTCTCGGGAGAG-1"
"Layer 3","GAGATCGATCTTACTC-1"
"Layer 5","GAGATCTGCTTGGCAT-1"
"Layer 6","GAGATCTGTCACTCCG-1"
"Layer 5","GAGATCTTCCATGACA-1"
"Layer 5","GAGATGACAATCCTTA-1"
"Layer 3","GAGATGGCTTTAATCA-1"
"Layer 4","GAGATGGGAGTCGACA-1"
"Layer 4","GAGCACCTGTGTCCAG-1"
"Layer 6","GAGCACGGCGCCTCTT-1"
"Layer 1","GAGCATCAACAACTTG-1"
"Layer 5","GAGCATCATCCCTGGG-1"
"Layer 5","GAGCCAGCTACCTGTG-1"
"Layer 4","GAGCCGAGCGTTTATT-1"
"Layer 6","GAGCGAGGGAGTACCG-1"
"WM","GAGCGCAAATACTCCG-1"
"Layer 6","GAGCGCGCACGAGTAG-1"
"Layer 2","GAGCGCTGTTAGGTAA-1"
"Layer 1","GAGCGGAATGCGGTGT-1"
"WM","GAGCTAAGGGCATATC-1"
"Layer 2","GAGCTCAACATGAGCG-1"
"Layer 5","GAGCTCTCGGACCTAA-1"
"Layer 5","GAGCTGTCGTCTCGGA-1"
"Layer 1","GAGGAATATCTCTTTG-1"
"Layer 4","GAGGAATGGAGAGGTT-1"
"Layer 6","GAGGATAAACAGTGCT-1"
"Layer 4","GAGGCATTTGCAGCAG-1"
"Layer 2","GAGGCCCGACTCCGCA-1"
"Layer 5","GAGGCCTGTTGATACA-1"
"Layer 3","GAGGCTATCAAAGTCG-1"
"Layer 1","GAGGGAGTCAGATCGC-1"
"Layer 4","GAGGGCCATAATATTA-1"
"Layer 6","GAGGGCGCAGCTCTGC-1"
"Layer 1","GAGGGTAGTAACAAAG-1"
"Layer 6","GAGGTACATCCATCTT-1"
"Layer 2","GAGGTACGCGTGTCCC-1"
"Layer 4","GAGGTCCCAAAGATCT-1"
"Layer 1","GAGGTCCGTTCGCTGT-1"
"WM","GAGTAAACCGGAAAGT-1"
"Layer 6","GAGTAAATTAAGAACC-1"
"Layer 2","GAGTAAGGCCACGGGA-1"
"Layer 5","GAGTACGGGTATACAA-1"
"Layer 3","GAGTAGATACTAGTTG-1"
"Layer 1","GAGTATACCCTAATCA-1"
"WM","GAGTATCAAAGTTACA-1"
"Layer 3","GAGTATGCCCGCCTTG-1"
"Layer 3","GAGTATGCGCGTGCAT-1"
"Layer 2","GAGTCAGACCAGAATC-1"
"Layer 3","GAGTCCACCAGGTTTA-1"
"Layer 4","GAGTCCGCTTACCGGA-1"
"Layer 2","GAGTCGACAGACCCTC-1"
"Layer 3","GAGTCTTGTAAAGGAC-1"
"Layer 4","GAGTGCACGGACAACA-1"
"Layer 4","GAGTGTCAACCAGAAA-1"
"Layer 6","GAGTGTGCGGTACCCA-1"
"Layer 3","GAGTTCTGTGGGTGCT-1"
"Layer 2","GAGTTGATGGCAATTT-1"
"Layer 3","GAGTTGTCACCAGTCT-1"
"Layer 5","GATAAATCGGTGGATG-1"
"Layer 6","GATAACTCGCACTGTG-1"
"Layer 6","GATACCGTGTCGGAGT-1"
"Layer 3","GATACGATGGGAGTCA-1"
"Layer 1","GATAGAACCCGCTAGG-1"
"Layer 4","GATAGATAGTACAGTC-1"
"Layer 6","GATAGGATTAATTACA-1"
"Layer 4","GATAGGTAACGTTGAC-1"
"Layer 6","GATAGGTGTCCCGGGC-1"
"Layer 1","GATAGTGCGAGTAAGT-1"
"Layer 3","GATATCAAGCAGGAGC-1"
"Layer 5","GATATCTCATGCAATA-1"
"Layer 6","GATATGAGACACTAAC-1"
"Layer 6","GATATGCGGTAGCCAA-1"
"Layer 3","GATATGGATTACGCGG-1"
"Layer 6","GATATTGAGATTGGCG-1"
"Layer 6","GATATTTCCTACATGG-1"
"Layer 1","GATCAACATAAAGGGA-1"
"Layer 6","GATCATTCCAAACATT-1"
"Layer 3","GATCCAACCTTTAAAC-1"
"Layer 6","GATCCCTTTATACTGC-1"
"Layer 5","GATCCGAATATAAGTG-1"
"Layer 6","GATCCGGGAATTAACA-1"
"Layer 6","GATCCTAAATCGGGAC-1"
"Layer 1","GATCCTCGACACTGGC-1"
"Layer 5","GATCGACACTATCTGA-1"
"Layer 5","GATCGCGGGCTCTCCA-1"
"Layer 6","GATCGCTACCCGATTT-1"
"Layer 2","GATCGCTATATCTCAG-1"
"Layer 3","GATCGCTGTGGTGCGT-1"
"Layer 1","GATCGGATAGAACCAT-1"
"Layer 3","GATCGGCGATAAGTCG-1"
"Layer 6","GATCGGTGGCCATAAC-1"
"Layer 6","GATCGTGACTGATATC-1"
"Layer 3","GATCTAACCGTATTCA-1"
"WM","GATCTCGACGCTGTGG-1"
"Layer 2","GATCTGCTATCTAAGG-1"
"Layer 3","GATCTTCATTGTCCTC-1"
"Layer 5","GATCTTGGAGGGCATA-1"
"Layer 3","GATCTTTGCAGGGTAT-1"
"Layer 3","GATCTTTGCTCAAAGA-1"
"Layer 1","GATGACAAGTAGGGCA-1"
"Layer 5","GATGACGATGATCGCG-1"
"Layer 3","GATGAGGAACCTTCGG-1"
"Layer 3","GATGCCAGCAGAAGGC-1"
"Layer 3","GATGCCTTCTGCGGCA-1"
"Layer 3","GATGCGAATGGTATTA-1"
"Layer 5","GATGCGTCCTGCATTC-1"
"Layer 6","GATGCTACAAGCGCCT-1"
"Layer 1","GATGCTACCTTCGATG-1"
"Layer 5","GATGCTGTATTTCATC-1"
"Layer 5","GATGGCGCACACATTA-1"
"Layer 5","GATGGTGCCCTAGGCA-1"
"Layer 1","GATGTAACGAACCACC-1"
"Layer 5","GATGTCGGTCAACTGC-1"
"Layer 3","GATGTTCAATCCACGA-1"
"Layer 5","GATGTTTGTGCGAGAT-1"
"Layer 5","GATTAACCGAAAGCCC-1"
"Layer 3","GATTACTGAATTTGGG-1"
"Layer 1","GATTAGAAACAAGCGT-1"
"Layer 3","GATTATCTTGCATTAT-1"
"Layer 6","GATTCCCTTGTCGCAG-1"
"Layer 6","GATTCCGCGTTTCCGT-1"
"Layer 3","GATTCCTATACGGCGC-1"
"Layer 5","GATTCGACGGTTCACG-1"
"Layer 1","GATTCTGTTAATGAGT-1"
"Layer 2","GATTGCTCCAGTTGCA-1"
"Layer 3","GATTGGGAAAGGTTGT-1"
"Layer 3","GATTTAGTGCGTACTG-1"
"Layer 1","GATTTGCGCTAACACC-1"
"Layer 5","GCAAACCCTACATTAT-1"
"Layer 3","GCAAACCTTGGCCATA-1"
"Layer 3","GCAAACGTAAGCGACC-1"
"WM","GCAAACGTCGCCAGGT-1"
"Layer 2","GCAAAGGGCGTTAGCC-1"
"Layer 4","GCAAATATTACGCTTT-1"
"Layer 1","GCAAATGAGGACACTT-1"
"Layer 1","GCAACACACTAGAACT-1"
"WM","GCAACAGCAGTATGCG-1"
"Layer 5","GCAACCACCAGACCGG-1"
"Layer 2","GCAACCACGGCCGCGT-1"
"Layer 1","GCAACCCAAGTTGTTT-1"
"Layer 3","GCAAGAATTCCTTGGC-1"
"Layer 4","GCAAGATGTGTTCGCG-1"
"Layer 3","GCAAGCTGGAAACCGC-1"
"Layer 5","GCAAGTGCACAGAGAA-1"
"Layer 1","GCAAGTGTAAAGCATG-1"
"Layer 5","GCAATTAGTCGCACCG-1"
"Layer 2","GCACAAACCCTAGATG-1"
"WM","GCACAAACGAGGCGTG-1"
"Layer 3","GCACAACCTCGGGCGT-1"
"Layer 3","GCACAAGTGGATCATA-1"
"Layer 5","GCACAAGTGTCGGAAG-1"
"Layer 5","GCACACACTGGTAGCC-1"
"Layer 2","GCACACAGCTATTACC-1"
"Layer 1","GCACACGCCCATGGTC-1"
"Layer 1","GCACAGCACGGGCCGA-1"
"Layer 4","GCACCTAGGCGAGTCC-1"
"Layer 6","GCACCTTCCCGAAGGT-1"
"Layer 2","GCACGCCGATTCCCGC-1"
"Layer 1","GCACGCCTACTTAGAT-1"
"Layer 5","GCACGTGGTTTACTTA-1"
"Layer 5","GCACTAGTCGCGCTAT-1"
"Layer 2","GCACTGCCTACCTTTA-1"
NA,"GCACTGTGCAAATGTA-1"
"WM","GCAGAAGGTAATCTCC-1"
"WM","GCAGACCCAGCACGTA-1"
"Layer 5","GCAGATCCATAAGACT-1"
"Layer 3","GCAGATCCTCGCAAAT-1"
"Layer 5","GCAGATTAGGGATATC-1"
"Layer 3","GCAGCACACAGCCCAG-1"
"Layer 6","GCAGCCTATATCACAT-1"
"Layer 4","GCAGCTATGGACAGGT-1"
"Layer 3","GCAGCTGTCAACGCAT-1"
"Layer 2","GCAGGAACTTAGATCT-1"
"Layer 3","GCAGGACTATAGAATA-1"
"Layer 5","GCAGGTAGAGTATGGT-1"
"WM","GCAGTGCGGGCGGATG-1"
"Layer 4","GCAGTGTGGCTATAGG-1"
"WM","GCAGTTCGATCCGAGC-1"
"Layer 1","GCATACGAGGTCTTTA-1"
"Layer 5","GCATAGAGCACTCAGG-1"
"Layer 5","GCATCCCTAACTTTGA-1"
"Layer 6","GCATGAGGGACGCGGC-1"
"Layer 4","GCATGCTAATAACGAT-1"
"Layer 1","GCATGGGTACTGACGC-1"
"Layer 6","GCATTCAAGGCAACGC-1"
"Layer 3","GCATTCGAAATGAACA-1"
"Layer 3","GCATTGACTTGCGGAA-1"
"Layer 2","GCATTGTAATTCATAT-1"
"Layer 6","GCATTTCCAAGGCTCC-1"
"Layer 5","GCCAACCATTTCCGGA-1"
"Layer 2","GCCAAGAATACTTCTG-1"
"Layer 6","GCCAATAGGGCATCTC-1"
"Layer 3","GCCACAATTTAAGGAC-1"
"Layer 3","GCCACCTTATTCGCGA-1"
"Layer 5","GCCACTCAGAGCGCGA-1"
"WM","GCCACTCCTTACGGTA-1"
"Layer 1","GCCAGGAAAGAACACT-1"
"Layer 6","GCCAGGAGTAACCGAT-1"
"Layer 6","GCCATATTGCACACAG-1"
"Layer 3","GCCATCGAGCTGCGTG-1"
"Layer 6","GCCATCGATGCTGCAT-1"
"Layer 3","GCCATTAGCCTCAAAC-1"
"Layer 5","GCCCACCAAGGCTGTC-1"
"Layer 6","GCCCAGATGCTGGAGA-1"
"Layer 3","GCCCAGCGACACAAAG-1"
"Layer 5","GCCCAGTTGGTATGCC-1"
"Layer 1","GCCCGACTTCTTCCCG-1"
"Layer 3","GCCCGAGAGTCTAAAT-1"
"Layer 3","GCCCGATCTGTGGTCG-1"
"Layer 3","GCCCGATGCCCAGTTC-1"
"Layer 2","GCCCGCGCGTAAACGG-1"
"Layer 5","GCCCGCGCGTTTGACA-1"
"WM","GCCCGTAATACCTTCT-1"
"Layer 1","GCCCGTTCACACAATT-1"
"Layer 2","GCCCTAAGTGCAGGAT-1"
"Layer 2","GCCCTAGCCGTCGCGA-1"
"Layer 3","GCCCTGAGGATGGGCT-1"
"Layer 4","GCCGAAATTCCTACGT-1"
"Layer 1","GCCGACCCACGACTGC-1"
"Layer 5","GCCGATTGGCCAAGCT-1"
"Layer 6","GCCGCACTCCGTTTCA-1"
"Layer 2","GCCGCATTAGTCCGGC-1"
"Layer 3","GCCGCTTGTGAGAAAC-1"
"Layer 5","GCCGGGTTAGGGTCGC-1"
"Layer 1","GCCGGTCGTATCTCTC-1"
"Layer 1","GCCGTCGGTTTCGGGC-1"
"Layer 6","GCCGTGGAAGAAATGT-1"
"Layer 3","GCCTACGTTCTGTGCA-1"
"Layer 5","GCCTAGCGATCTGACC-1"
"Layer 6","GCCTATAGTGTCAGGG-1"
"WM","GCCTATCAGGTAAGAT-1"
"Layer 4","GCCTATGCTGGGCCTT-1"
"Layer 4","GCCTATTCCGATATAG-1"
"Layer 3","GCCTCAGGTACCGGTC-1"
"WM","GCCTCATCTGGAAATA-1"
"Layer 5","GCCTCCGACAATTCAC-1"
"Layer 4","GCCTCTATACATAGCA-1"
"Layer 3","GCCTGCTACACTGAGA-1"
"Layer 1","GCCTGTCCCGGTGCAT-1"
"Layer 6","GCCTTCAGCCCTACCG-1"
"Layer 3","GCCTTGTATATGCAGT-1"
"Layer 3","GCCTTTGTCAGTGGAC-1"
"Layer 6","GCGAAACGATCGGGAG-1"
"Layer 5","GCGAAACTTAACTGGA-1"
"Layer 3","GCGAAGAATCTGACGG-1"
"Layer 6","GCGAAGCCATACCCGT-1"
"Layer 2","GCGAATGGACTAGCGA-1"
"WM","GCGACATGTAAACATC-1"
"Layer 1","GCGACCCAACCATCTG-1"
"Layer 3","GCGACGATAGTTGTAC-1"
"Layer 2","GCGACGGTAGTCTCCT-1"
"Layer 3","GCGAGAAACGGGAGTT-1"
"Layer 5","GCGAGAGGCCATGTAA-1"
"Layer 6","GCGAGAGTTGCGTCCA-1"
"Layer 6","GCGAGCGCATGCTCCC-1"
"Layer 4","GCGAGGCCCGAGCAGA-1"
NA,"GCGAGGGACTGCTAGA-1"
"Layer 5","GCGAGTTCTGCAAAGA-1"
"Layer 3","GCGATGTCTGTGCTTG-1"
"Layer 5","GCGATTCTGGAAGCAG-1"
"Layer 6","GCGATTGTTAACGTTA-1"
"Layer 1","GCGCAAATATATTCAA-1"
"WM","GCGCAAGAGCGCGCTG-1"
"Layer 6","GCGCATCCAGTCAGCA-1"
"Layer 5","GCGCCGTTCCACGATA-1"
"WM","GCGCCTCCCACTCCGA-1"
"Layer 1","GCGCGGTCTAGTAACT-1"
"Layer 5","GCGCGTCATTGGTACA-1"
"Layer 6","GCGCTAATTGAATAGA-1"
"Layer 3","GCGCTATGCCGAGGCA-1"
"Layer 6","GCGCTCGATCACCTGT-1"
"Layer 6","GCGCTGATCCAGACTC-1"
"Layer 6","GCGCTGCTTTGCATTT-1"
"Layer 5","GCGCTTAAATAATTGG-1"
"Layer 2","GCGGACCGCGTTGTGG-1"
"Layer 1","GCGGAGAAACTTCGCA-1"
"Layer 5","GCGGAGAGGGAGAACG-1"
"Layer 4","GCGGATTACTTGTTCT-1"
"Layer 1","GCGGCAAAGTATTGCC-1"
"Layer 3","GCGGCTCTGACGTACC-1"
"Layer 3","GCGGCTTTAGCAAGTT-1"
"Layer 6","GCGGGAACCAGGCCCT-1"
"Layer 2","GCGGGCAGACGGGTGA-1"
"Layer 5","GCGGGCATTACGATGC-1"
"Layer 3","GCGGGCGAGCCTTACC-1"
"Layer 4","GCGGTCCCGGTGAAGG-1"
"Layer 5","GCGGTCCCTAGACGCA-1"
"Layer 3","GCGGTCTTGCTTTCAC-1"
"Layer 6","GCGGTGAACTGCGCTC-1"
"Layer 3","GCGGTGCGGAGCATCG-1"
"Layer 3","GCGGTTCCCTATCATG-1"
"Layer 6","GCGTAAATGGCCATAA-1"
"Layer 1","GCGTCCCTAAGACATA-1"
"Layer 6","GCGTCGAAATGTCGGT-1"
"Layer 3","GCGTCGCCAGGGTGAT-1"
"Layer 2","GCGTCGTAACATGGTC-1"
"Layer 5","GCGTCTAACCTCCTAA-1"
"Layer 3","GCGTCTCTGCATTGGG-1"
"WM","GCGTGGTACTGGGTTA-1"
"Layer 2","GCGTTATATTTGGAAC-1"
"Layer 5","GCGTTCGGAGACCGGG-1"
"WM","GCGTTCTGACTAAGCG-1"
"Layer 3","GCTAAACCTGAGGTGA-1"
"Layer 5","GCTAACTGAAGTCTGA-1"
"Layer 4","GCTAAGCCCAGTATGC-1"
"Layer 3","GCTAAGTAAAGGCGAT-1"
"Layer 6","GCTAAGTAGTTTCTCT-1"
"Layer 6","GCTAATACCGAATGCC-1"
"Layer 5","GCTACAATCGAGGATA-1"
"Layer 1","GCTACAGTACGGACCG-1"
"Layer 5","GCTACGACTTATTGGG-1"
"Layer 6","GCTACTATAGTAGAGT-1"
"Layer 3","GCTACTCGGACGCAGA-1"
"WM","GCTAGACCGTCTACTG-1"
"Layer 5","GCTAGAGTAGAGATGT-1"
"Layer 4","GCTAGCAACGCACCTA-1"
"Layer 6","GCTAGCACCTGGGCCA-1"
"Layer 5","GCTAGCAGGGAGTGGG-1"
"Layer 2","GCTAGCGATAGGTCTT-1"
"Layer 3","GCTAGCTTGAATAGCT-1"
"Layer 5","GCTAGGCACCACGGAG-1"
"Layer 5","GCTAGTAGAGCTTGTA-1"
"Layer 5","GCTAGTTTCATTGAGG-1"
"Layer 4","GCTATAAGGGCCAGGA-1"
"Layer 5","GCTATACGTCTCGGAC-1"
"Layer 5","GCTATCATACTCATGG-1"
"Layer 4","GCTATCGCGGCGCAAC-1"
"Layer 2","GCTATGCCAGCTTATG-1"
"Layer 3","GCTCAACCTCTTAGAG-1"
"Layer 1","GCTCAATCCGTTTATT-1"
"Layer 2","GCTCAATGTAATACCG-1"
"Layer 5","GCTCATTACTGCATGT-1"
"WM","GCTCCATGAGTGCAGA-1"
"Layer 1","GCTCCATGCAAAGCAA-1"
"WM","GCTCCCAGTCGGTCCA-1"
"WM","GCTCCGCTCGCTTCAG-1"
"Layer 1","GCTCCTGACATACTGG-1"
"Layer 3","GCTCGCGGTTCCGCTC-1"
"WM","GCTCGCTCATGTCCAA-1"
"Layer 6","GCTCGGAATTTAAAGC-1"
"Layer 6","GCTCTAAACCCTGACG-1"
"Layer 5","GCTCTATGTTACGTGC-1"
"Layer 6","GCTCTCGGGTACCGAA-1"
"Layer 1","GCTCTTTCCGCTAGTG-1"
"Layer 6","GCTGAACTCTCCAGGG-1"
"Layer 3","GCTGAAGGGTTCTTGG-1"
"Layer 2","GCTGAATCTTCCAATC-1"
"Layer 3","GCTGAGCAACGGTTCT-1"
"Layer 5","GCTGAGGCGTGAGTAT-1"
"Layer 5","GCTGCACGGTTTCTTA-1"
"Layer 1","GCTGCGAAGAATTATT-1"
"Layer 2","GCTGCGCCTCCCACGT-1"
"Layer 3","GCTGCTAAGTAGTCGA-1"
"Layer 5","GCTGCTACTGCGTAGC-1"
"Layer 6","GCTGCTCTCCGGACAC-1"
"Layer 4","GCTGGACCCAAAGTGG-1"
"Layer 2","GCTGGCAGGTGCCGTG-1"
"Layer 3","GCTGGCATATTCACCT-1"
"Layer 3","GCTGGCGGCGCATGCT-1"
"Layer 1","GCTGGGAGCGCGTCAA-1"
"Layer 3","GCTGGTGACTCGTAGT-1"
"Layer 3","GCTGGTTTAGGCCATA-1"
"Layer 3","GCTGTATTACTGGCCC-1"
"WM","GCTGTTGCTACCGAAC-1"
"Layer 6","GCTTAATGTAACTAAC-1"
"Layer 6","GCTTACGTAGTTAGTA-1"
"Layer 3","GCTTAGGGAAGCGGTA-1"
"WM","GCTTATGAAGCAGGAA-1"
"Layer 4","GCTTCCATGTAACCGC-1"
"Layer 4","GCTTCCCGTAAGCTCC-1"
"Layer 6","GCTTCCGTCCCTAGAC-1"
"Layer 3","GCTTCGACGTTCAATC-1"
"Layer 5","GCTTGAGTGACCTCTG-1"
"Layer 5","GCTTGATGATAATCAG-1"
"Layer 4","GCTTGCAGCACAATTG-1"
"Layer 6","GCTTGGATCGATTAGG-1"
"Layer 5","GCTTTACACAACTGGG-1"
"Layer 2","GCTTTATTAAGTTACC-1"
"WM","GCTTTCAGAGGAGGTG-1"
"Layer 2","GGAAACAGAGCTTGGG-1"
"Layer 5","GGAAACCTTGTTGAAT-1"
"Layer 5","GGAAACTAAATGGGCC-1"
"Layer 2","GGAAAGGGAATTGAGC-1"
"Layer 1","GGAAAGTCTTGATTGT-1"
"Layer 6","GGAAAGTGCCCATGCC-1"
"Layer 3","GGAACCCGAACAAGAA-1"
"Layer 3","GGAACCGTGTAAATTG-1"
"Layer 2","GGAACCTTGACTCTGC-1"
"Layer 3","GGAACGGCCTGCAGCC-1"
"Layer 1","GGAACTCGTGAATACG-1"
"Layer 6","GGAACTTTGGCGATTA-1"
"Layer 6","GGAAGCTCGCTTACAG-1"
"Layer 3","GGAAGGACACCGTATA-1"
"WM","GGAATGCGCTAGCGTG-1"
"Layer 4","GGACAACCATGAAGCC-1"
"Layer 3","GGACAAGCCATGATCG-1"
"Layer 1","GGACAAGTTGCAGTGA-1"
"WM","GGACACAAGTTTACAC-1"
"Layer 1","GGACACCTCGGTGTTG-1"
"Layer 4","GGACCAACAGGATAAC-1"
"Layer 5","GGACCTACGGTAACGT-1"
"Layer 1","GGACCTCTAGGCCGCC-1"
"Layer 6","GGACGGGCGACCAACC-1"
"Layer 4","GGACGTCCATAGTTGG-1"
"Layer 2","GGACTAAGTCAGGAGT-1"
"WM","GGACTCACAAATTAGG-1"
"WM","GGACTCGAAGCTTTCA-1"
"Layer 1","GGACTCGACAGCGCAT-1"
"Layer 1","GGACTCGTGAGTGGTC-1"
"WM","GGACTCTTCCGGTTGA-1"
"Layer 3","GGACTCTTTGACTAAG-1"
"Layer 5","GGAGAAGTCATTGGCA-1"
"Layer 5","GGAGACCAATGTGCTT-1"
"Layer 3","GGAGACCATCTACATA-1"
"Layer 5","GGAGACGACACCTTTG-1"
"Layer 6","GGAGCAACATTTCAAG-1"
"Layer 6","GGAGCACCAAGAACTA-1"
"Layer 2","GGAGCGAGGCCTACTT-1"
NA,"GGAGGAGTGTGTTTAT-1"
"Layer 6","GGAGGCCGAAGTCGTC-1"
"Layer 6","GGAGGGCTTGGTTGGC-1"
"Layer 6","GGAGGGTCAAGTAAGA-1"
"Layer 3","GGAGTACACATGAGCT-1"
"Layer 6","GGAGTGCCGCCCTGGA-1"
"Layer 5","GGAGTTGATTCTGTGT-1"
"Layer 2","GGATCAGAGCCATCAG-1"
"Layer 5","GGATCATCCCGTACGC-1"
"Layer 6","GGATCCGGAATATACT-1"
"Layer 1","GGATCTACCGTTCGTC-1"
"Layer 1","GGATCTTACTGCCCTT-1"
"Layer 2","GGATCTTGACTCAACC-1"
"WM","GGATGAAGATCGCTGA-1"
"Layer 4","GGATGACGCGAGTTTA-1"
"Layer 2","GGATGCTGGCGTTCCT-1"
"Layer 4","GGATGGCTTGAAGTAT-1"
"WM","GGATGTCCTTACCGCA-1"
"Layer 2","GGATTAATCATGGACC-1"
"Layer 5","GGATTCAGTACGGTGG-1"
"Layer 6","GGATTCCGCTATACCC-1"
"Layer 4","GGATTGAAGTAGCCTC-1"
"Layer 4","GGATTGCTGTGACTCC-1"
"WM","GGATTTCACTTCTATA-1"
"Layer 1","GGCAAAGGCGCCAATA-1"
"Layer 4","GGCAAATTACTTTACT-1"
"Layer 4","GGCAAGCCAGGGATAG-1"
"Layer 2","GGCAAGCCCATAGTGG-1"
"Layer 5","GGCAAGGCGAAATAGC-1"
"Layer 6","GGCAATAGTCAATGAG-1"
"Layer 5","GGCACGCTGCTACAGT-1"
"WM","GGCACTCAGCCGACCC-1"
"Layer 5","GGCACTCCACTGGGCA-1"
"Layer 5","GGCACTGCGGTGGTTT-1"
"Layer 1","GGCAGAGAGATCGGGA-1"
"Layer 6","GGCAGCAAACCTATGC-1"
"Layer 5","GGCAGCGGTAATCCTA-1"
"Layer 3","GGCATACAGGTAGCGG-1"
"Layer 6","GGCATATCGGTTCTGC-1"
"Layer 1","GGCATTGAACATCTCA-1"
"Layer 4","GGCCAATTGTATAGAC-1"
"Layer 2","GGCCACACGAAAGCCT-1"
"Layer 2","GGCCCAGCTGGTTTGC-1"
"Layer 3","GGCCCAGTTATCAGCA-1"
"Layer 5","GGCCCGGAGCATGTCT-1"
"Layer 5","GGCCCGTATACCATGC-1"
"Layer 2","GGCCCTCACCCACTTA-1"
"Layer 1","GGCCGAGACTCTGGTG-1"
"Layer 5","GGCCGCAGGAACCGCA-1"
"Layer 3","GGCCGGCGTCTGCTAT-1"
"Layer 1","GGCCGTTTGGGTTTCA-1"
"Layer 1","GGCCTGCTCTGATGTT-1"
"Layer 6","GGCCTGCTTCTCCCGA-1"
"Layer 1","GGCCTTTGCAACTGGC-1"
"Layer 6","GGCGAAATCTAACTTG-1"
"Layer 3","GGCGAACCGTTCTGAT-1"
"Layer 3","GGCGAGCGAAACGGCA-1"
"Layer 3","GGCGCAGGACATCTTC-1"
"Layer 4","GGCGCATGAATTGATG-1"
"Layer 5","GGCGCGGAGATCTTTC-1"
"Layer 4","GGCGCGTTCGAGTTTA-1"
"Layer 3","GGCGCTCCTCATCAAT-1"
"Layer 3","GGCGCTTCATTCCCTG-1"
"Layer 5","GGCGGAGTAATATTAG-1"
"WM","GGCGGGCTCTAAGAGT-1"
"Layer 6","GGCGGTAGGATCATTG-1"
"Layer 3","GGCGGTTTGCCGGTGC-1"
"Layer 3","GGCGTAGGGAAAGCTG-1"
"Layer 3","GGCGTCCTATCCGCTG-1"
"Layer 5","GGCTAAAGGGCGGGTC-1"
"Layer 3","GGCTAATGATTGAAAT-1"
"Layer 1","GGCTACTATACACTCC-1"
"Layer 4","GGCTATTAAGTTGTAT-1"
"Layer 1","GGCTCCTCCACCTGTT-1"
"Layer 6","GGCTCGCGTTGAGGTA-1"
"Layer 5","GGCTCGTGCCACCAGC-1"
"Layer 6","GGCTCTGCTCCAACGC-1"
"Layer 5","GGCTGAAATAGCAAAG-1"
"Layer 4","GGCTGAGCATCGTAAG-1"
"Layer 3","GGCTGGCAATCCCACG-1"
"Layer 1","GGCTGTCCTACTGCGG-1"
"Layer 3","GGCTTCTCGTGGGTGG-1"
"Layer 2","GGCTTGGCTCTCACCT-1"
"Layer 3","GGCTTTCAATAAGGGT-1"
"Layer 5","GGGAAAGAATGCCAAC-1"
"Layer 3","GGGAACGGGAGGTTAG-1"
"Layer 1","GGGAACGGTTTCAGAT-1"
"Layer 3","GGGAAGACGGTCTGTC-1"
"Layer 4","GGGAAGGGCTTTCTCA-1"
"Layer 5","GGGAATGAGCCCTCAC-1"
"Layer 2","GGGAATTCTGTCCAGT-1"
"Layer 2","GGGACAGAGTTACTCC-1"
"Layer 3","GGGACCCGTATATCTT-1"
"Layer 6","GGGACTGCATAGATAG-1"
"Layer 6","GGGAGAACTCACAGTA-1"
"Layer 3","GGGAGCGACCGTAGTG-1"
"Layer 5","GGGAGGATGCCCGAAA-1"
"Layer 5","GGGAGTAATGGCTGGC-1"
"Layer 6","GGGAGTTAATGAGGCG-1"
"Layer 3","GGGATACGGTAATAAT-1"
"Layer 2","GGGATATTGATCGCCA-1"
"Layer 4","GGGATCCCAATACAAA-1"
"Layer 3","GGGATGGACCCGCGTC-1"
"Layer 3","GGGATGGTCGTAACCG-1"
NA,"GGGATTATCTCACAAC-1"
"Layer 6","GGGATTTACCGCACCT-1"
"Layer 2","GGGCAACCGCACGTGC-1"
"Layer 1","GGGCACGAATTGGCCG-1"
"Layer 1","GGGCACGTAGTACTGT-1"
"Layer 3","GGGCACTATTGACCAT-1"
"Layer 3","GGGCAGACGTCACTGC-1"
"Layer 3","GGGCAGAGCAATCGTT-1"
"Layer 3","GGGCAGGATTTCTGTG-1"
"Layer 3","GGGCAGTCAACGCCAA-1"
"Layer 1","GGGCATGCATGTCGAG-1"
"Layer 3","GGGCCATTCGTGCTGG-1"
"Layer 4","GGGCCCGTCTTAAACA-1"
"Layer 1","GGGCCCTACGAAAGGG-1"
"Layer 1","GGGCCCTTATCTATAC-1"
"Layer 6","GGGCCGGCCGAAGTAC-1"
"Layer 2","GGGCCTAAATGGGCTA-1"
"Layer 3","GGGCCTATTTAAGTAT-1"
"Layer 3","GGGCGAATTTCTCCAC-1"
"Layer 6","GGGCGATATGTGTGAA-1"
"Layer 3","GGGCGATCCATAGGCC-1"
"Layer 5","GGGCGCAGCGTTACTC-1"
"Layer 3","GGGCGGCAAATGAATT-1"
"Layer 3","GGGCGGGTTCCCTACG-1"
"Layer 5","GGGCGGTCCTATTGTC-1"
"Layer 6","GGGCGTACATTTATAT-1"
"Layer 3","GGGCGTCACCACGTAA-1"
"Layer 6","GGGCGTCCACTGGCTC-1"
"Layer 4","GGGCGTGGTTTCCCAG-1"
"Layer 2","GGGCGTTTACATTCAT-1"
"Layer 3","GGGCTACTATTTCGTG-1"
"Layer 2","GGGCTATGATCGATGG-1"
"Layer 6","GGGCTCATCGAACCCA-1"
"Layer 6","GGGCTGCCTAGGGCGA-1"
"Layer 5","GGGCTGGTTAGTCGCG-1"
"Layer 4","GGGTACCCACGGTCCT-1"
"Layer 3","GGGTACTTCATGAACT-1"
"Layer 3","GGGTATGTATGCACTT-1"
"Layer 3","GGGTATTCTAGCAAAC-1"
"Layer 5","GGGTCACCGTGACGGT-1"
"Layer 1","GGGTCAGGAGCTAGAT-1"
"Layer 3","GGGTCATGCGTACCAT-1"
"Layer 3","GGGTCCTTGGAAGAAG-1"
"Layer 5","GGGTCGTGGCAAGTGT-1"
"Layer 6","GGGTCTATCGCTTTCC-1"
"Layer 3","GGGTGACACCTTAACT-1"
"Layer 5","GGGTGCATATGAAAGC-1"
"Layer 6","GGGTGTTTCAGCTATG-1"
"Layer 3","GGGTTAACATTTGAGT-1"
"Layer 3","GGGTTCAGACGAACAA-1"
"WM","GGGTTTAGGATAGGAT-1"
"Layer 5","GGTAAACTCTGCGCTG-1"
"Layer 6","GGTAAATGTGCGTTAC-1"
"Layer 1","GGTAACCGGGAGGATA-1"
"Layer 5","GGTAACTATGTATCTG-1"
"Layer 5","GGTACAAACATGCTAT-1"
"Layer 5","GGTACACCAGATTTAT-1"
"Layer 2","GGTACATCTGGGACGA-1"
"Layer 6","GGTACCATTAAGACGG-1"
"Layer 5","GGTACGTTGCGGCCGG-1"
"WM","GGTACTAAGTGCTTTG-1"
"Layer 4","GGTAGAAGACCGCCTG-1"
"Layer 3","GGTAGACCGTTGGGCG-1"
"Layer 1","GGTAGGCCAATATCAC-1"
"Layer 6","GGTAGTGCTCGCACCA-1"
"Layer 6","GGTATAGTGACACATA-1"
"Layer 1","GGTATGAAAGAACTGA-1"
"Layer 5","GGTATTGCCGAGTTTA-1"
"Layer 6","GGTCAAGACTACTTCG-1"
"Layer 4","GGTCAGTGGGTCCCAC-1"
"Layer 3","GGTCATTGTAGTCATA-1"
"Layer 2","GGTCCACGTCTATTTG-1"
"Layer 6","GGTCGGATAAACGGCG-1"
"WM","GGTCGGCCAGGAGCTT-1"
"Layer 5","GGTCGGTAATTAGACA-1"
"Layer 3","GGTCGGTCGTCCACAG-1"
"Layer 1","GGTCGTAAGCTCGCAC-1"
"Layer 6","GGTCTCCAAGTAGTGC-1"
"Layer 5","GGTCTCCGTCCAGGTT-1"
"Layer 1","GGTCTCTGAATGGACT-1"
"WM","GGTCTGAGAATCTGGA-1"
"Layer 2","GGTCTTGAGCGCTCTT-1"
NA,"GGTGAACGGGCTAGCC-1"
"Layer 2","GGTGAAGTACAGGGAT-1"
"WM","GGTGACTGATAGAGAG-1"
"Layer 5","GGTGAGATGCAGATAA-1"
"Layer 6","GGTGATAAGGAGCAGT-1"
"Layer 1","GGTGATGAAGGAAGTG-1"
"Layer 4","GGTGCAGAGCCTATCG-1"
"Layer 1","GGTGCATAAATGATTA-1"
"Layer 6","GGTGCGGATAAGTGGC-1"
"Layer 3","GGTGCTGATCACAAAG-1"
"Layer 3","GGTGCTGGTACACATT-1"
"Layer 5","GGTGGACTGCTCTGGC-1"
"Layer 6","GGTGGAGGTTGATACG-1"
"Layer 1","GGTGGGATTAGGTCCC-1"
"Layer 2","GGTGTAAATCGATTGT-1"
"Layer 1","GGTGTAGGTAAGTAAA-1"
"WM","GGTGTTGGGCGTCTTA-1"
"Layer 2","GGTTACCACCCTCGGG-1"
"Layer 5","GGTTACCCGACACTTT-1"
"Layer 1","GGTTACCGCTCCCTAC-1"
"Layer 6","GGTTAGCTATATGTCT-1"
"Layer 5","GGTTAGGCTTGGAGAA-1"
"Layer 3","GGTTAGGGATGCTAAT-1"
"Layer 3","GGTTAGTTACGGCGCC-1"
"Layer 1","GGTTCCGTACGACTAA-1"
"Layer 4","GGTTCGCATTTGCCGT-1"
"Layer 1","GGTTCGGATTATACTA-1"
"WM","GGTTCTACTCGTCTGA-1"
"Layer 3","GGTTGTGCTCTTGTCC-1"
"Layer 2","GGTTGTGTAGCCTGGC-1"
"Layer 1","GGTTTAATTACCATCG-1"
"Layer 5","GGTTTAATTGAGCAGG-1"
"Layer 6","GGTTTACAATCTCAAT-1"
"WM","GGTTTAGCCTTTCTTG-1"
"WM","GGTTTCAATCGGTCAG-1"
"Layer 4","GGTTTGACAAGAAGCT-1"
"Layer 5","GGTTTGAGTGCTGGAA-1"
"Layer 3","GGTTTGCGAACACGTA-1"
"Layer 5","GGTTTGTGACCTGAGG-1"
"Layer 3","GTAACAACTGACCTTG-1"
"Layer 1","GTAACAGGTTAACGGC-1"
"Layer 6","GTAACATCTAAGATAA-1"
"Layer 3","GTAACTACGTAGACCT-1"
"Layer 1","GTAACTGCCCAAGGAG-1"
"Layer 5","GTAACTTGCGGCAGTC-1"
"Layer 6","GTAAGCGGGCAGTCAG-1"
"Layer 5","GTAAGGATTTGTCGGA-1"
"Layer 6","GTAAGTAACAGTCTGG-1"
"Layer 5","GTAAGTAGGGTATACC-1"
"Layer 6","GTAAGTCCACACTCTA-1"
"Layer 6","GTAATAAAGGGCTCCC-1"
"Layer 3","GTAATCTGATTCTTCG-1"
"Layer 5","GTACACTTACCTGAAG-1"
"Layer 6","GTACAGAGGCAAGGGT-1"
"Layer 6","GTACGAGATTGCGACA-1"
"Layer 5","GTACGCTTCATTGCAC-1"
"Layer 4","GTACGTCACGTATTAA-1"
"Layer 5","GTACGTTTGCCCGTCA-1"
"Layer 6","GTACTAAGATTTGGAG-1"
"Layer 3","GTACTACGGCCTCGTT-1"
"Layer 3","GTACTCCCTTATCGCT-1"
"Layer 6","GTACTCCTGGGTATGC-1"
"Layer 5","GTACTGCATGAAGCGT-1"
"Layer 6","GTACTGGAGTTAGACC-1"
"Layer 5","GTACTTGGGCACTTCT-1"
"Layer 3","GTAGAAACGGGTGGAG-1"
"Layer 3","GTAGACACGCCTGACT-1"
"Layer 5","GTAGACGTCGTTACAT-1"
"Layer 1","GTAGAGGGAGACAAGT-1"
"Layer 4","GTAGCCAAACATGGGA-1"
"Layer 5","GTAGCGGCTATACACT-1"
"Layer 1","GTAGCTCCGGGAGGCT-1"
"WM","GTAGCTTCCTCTTGTT-1"
"Layer 6","GTAGGTGATCCGTGTA-1"
"Layer 5","GTAGTCGCGGGAATCA-1"
"Layer 3","GTAGTCTACGATATTG-1"
"Layer 5","GTAGTGAGCAACCTCA-1"
"Layer 1","GTAGTTCGAAGGCGAA-1"
"Layer 2","GTAGTTTAAGCACACG-1"
"Layer 3","GTATAATCTCCCGGAT-1"
"Layer 6","GTATAGGACTCAGTAG-1"
"Layer 5","GTATCAAACGTTAGCT-1"
"Layer 2","GTATCAAGGTACTTCC-1"
"Layer 5","GTATCAGCTTGGGTTC-1"
"Layer 4","GTATCCTTTGGTAACC-1"
"Layer 2","GTATCTCAGTCTTGAC-1"
"Layer 3","GTATCTCGGGCGCTTT-1"
"Layer 5","GTATCTTTCATAACCA-1"
"Layer 1","GTATGAAATTTCACTC-1"
"WM","GTATGTGGGTCTAGTT-1"
"Layer 4","GTATTAAGGCGTCTAA-1"
"Layer 2","GTATTCTGAGAAACGA-1"
"WM","GTATTTAATGGCATAA-1"
"Layer 2","GTCAAAGAAGTGGTGT-1"
"Layer 5","GTCAAAGTTTACATAG-1"
"Layer 5","GTCAACCAGGCCTATA-1"
"Layer 6","GTCAAGCGGACTCGGG-1"
"Layer 4","GTCAATGCTATAATTT-1"
"Layer 3","GTCACTCATGAGCGAT-1"
"Layer 5","GTCACTCTCCAAATCT-1"
"Layer 4","GTCAGAATAGTCTATG-1"
"Layer 5","GTCAGTTGTGCTCGTT-1"
"Layer 2","GTCAGTTTGGTAGTCG-1"
"Layer 2","GTCATCCCAAACTCAC-1"
"Layer 3","GTCATCTCCTACAGCT-1"
"Layer 6","GTCATGCACCTCCGTT-1"
"Layer 5","GTCATGCGCGAGGGCT-1"
"Layer 6","GTCATGGACATGACTA-1"
"Layer 6","GTCATTAGAGCGAACG-1"
"Layer 3","GTCATTGCATTGACCC-1"
"Layer 1","GTCCAATATTTAGCCT-1"
"Layer 6","GTCCACGTCGCATTCG-1"
"Layer 1","GTCCAGGCACGTGTGC-1"
"WM","GTCCATTACTGCTACG-1"
"Layer 6","GTCCCAACGTAAAGTA-1"
"Layer 2","GTCCCAATCATCCCGC-1"
"Layer 4","GTCCCGCGACGTTATG-1"
"Layer 1","GTCCGAGAGCAATCAT-1"
"Layer 5","GTCCGGACCTGAAATT-1"
"Layer 5","GTCCGGCTGAATTGCG-1"
"Layer 2","GTCCGGGTTCACATTA-1"
"Layer 2","GTCCGTTAGAGGGCCT-1"
"Layer 3","GTCCTACAGGCGGCTC-1"
"Layer 5","GTCCTACGAATAGTCT-1"
"Layer 3","GTCCTACTCTACGGGC-1"
"Layer 3","GTCCTAGGATACCTTA-1"
"Layer 2","GTCCTATTGTTGTGGT-1"
"Layer 3","GTCCTTCTACAACCCA-1"
"Layer 6","GTCCTTCTAGTGGGTT-1"
"Layer 3","GTCGAATTTGGGCGCT-1"
"WM","GTCGATAGGTGACTTT-1"
"Layer 1","GTCGCCGTTGTGTGTT-1"
"Layer 6","GTCGCGTAACCCGTTG-1"
"Layer 4","GTCGGAAGGATACCAG-1"
"Layer 4","GTCGGATATCTCAGAC-1"
"Layer 6","GTCGGATGTAGCGCGC-1"
"Layer 1","GTCGGGAACATGGTAG-1"
"Layer 3","GTCGGGAAGCAGAAAC-1"
"Layer 5","GTCGGGTGAAGTACCG-1"
"Layer 4","GTCGTACCATCTCGGG-1"
"Layer 1","GTCGTACCTACGATTG-1"
"Layer 5","GTCGTATTGGCGTACA-1"
"Layer 5","GTCGTCAATTATAAGG-1"
"Layer 5","GTCGTCTGGTTGGCTA-1"
"Layer 5","GTCGTGTCTGGTCATC-1"
"Layer 5","GTCGTTATTCGCTTAT-1"
"Layer 1","GTCTACTCAATTACAA-1"
"Layer 4","GTCTAGTGAGCCGCTT-1"
"Layer 1","GTCTATACACGCATGG-1"
"Layer 3","GTCTATCTGAGTTTCT-1"
"Layer 5","GTCTATTGCATGCTCG-1"
"Layer 5","GTCTATTGGTTCCGGT-1"
"Layer 3","GTCTCAAGGCCCGGCT-1"
"Layer 5","GTCTCCCGAGTCCCGT-1"
"Layer 1","GTCTCCGCCTCAATAC-1"
"Layer 3","GTCTCCTGCCAGTATG-1"
"Layer 5","GTCTCGACTAAGTTTG-1"
"Layer 6","GTCTCGATCTGCTTTC-1"
"Layer 3","GTCTGCCGACTCGACG-1"
"Layer 3","GTCTGGGCGGTCGAGA-1"
"Layer 1","GTCTGTAGGTTGAACA-1"
"Layer 5","GTCTTACCACGCCAAG-1"
"Layer 6","GTCTTAGTACAGCCGG-1"
"Layer 1","GTCTTCCTCACCTAAG-1"
"Layer 6","GTCTTGAGGAGCAGTG-1"
"Layer 6","GTGAAACGGCGCCACC-1"
"Layer 6","GTGAACTCCCATTCGA-1"
"Layer 5","GTGAAGATTTCAAGTG-1"
"Layer 5","GTGAAGCCGTATAGTC-1"
"Layer 3","GTGAAGTCACGACTCG-1"
"Layer 3","GTGACAGCTTCCCACT-1"
"WM","GTGACCGCACACTACG-1"
"Layer 5","GTGACCTAAAGAATAA-1"
"Layer 5","GTGACGAGGGTGACCC-1"
"Layer 3","GTGACGCAGGTTTCAT-1"
"Layer 3","GTGACTTCAGTAGTGC-1"
"Layer 1","GTGAGATAACCTTATA-1"
"Layer 3","GTGAGCGTGCTGCACT-1"
"Layer 6","GTGAGGACACTTAAGG-1"
"Layer 6","GTGAGGAGCGGTTGAG-1"
"Layer 5","GTGAGTCGACTAATAG-1"
"Layer 3","GTGAGTCTAAGACGGA-1"
"Layer 3","GTGAGTGGTACAACGC-1"
"Layer 2","GTGATCAAGCGTGCAC-1"
"Layer 6","GTGATCACTAACGCCT-1"
"Layer 4","GTGATCATAGATCTGC-1"
"Layer 4","GTGATCCTTGTCATGA-1"
"Layer 5","GTGATGCACAACATCT-1"
"Layer 3","GTGATTCGCCGCTCAA-1"
"Layer 6","GTGCAACAAATGTGGC-1"
"Layer 1","GTGCACCAGCTTCAAC-1"
"Layer 6","GTGCACGAAAGTGACT-1"
"WM","GTGCAGCGTAGAGTAG-1"
"Layer 3","GTGCCAAACGTTTCGA-1"
"Layer 3","GTGCCATCACACGGTG-1"
"Layer 6","GTGCCCGTTCGGATTC-1"
"Layer 3","GTGCCGCTTCAAAGGT-1"
"Layer 5","GTGCCTCAGTGTACGG-1"
"Layer 3","GTGCCTGAGACCAAAC-1"
"Layer 3","GTGCGAAATCGAACAC-1"
"WM","GTGCGACAGGGAGTGT-1"
"Layer 6","GTGCGGGTCTCCAAAT-1"
"Layer 6","GTGCGTGTATATGAGC-1"
"Layer 1","GTGCTATCCAGCTGGA-1"
"Layer 5","GTGCTCAAGTACTGTC-1"
"Layer 1","GTGCTGCAGATAAGGA-1"
"Layer 2","GTGCTGTTAGAACATA-1"
"WM","GTGCTTACATCAGCGC-1"
"Layer 6","GTGGAACCTACATGCG-1"
"Layer 2","GTGGACCAACCCGATT-1"
"Layer 3","GTGGACGCATTTGTCC-1"
"Layer 5","GTGGACGTGCTGAGAC-1"
"Layer 5","GTGGAGCATGTCGGCC-1"
"Layer 3","GTGGAGCGTTTACCGA-1"
"Layer 1","GTGGAGTCGGCGGTTG-1"
"Layer 1","GTGGCAAACAGCGGCA-1"
"Layer 3","GTGGCCGGTTTCTCGG-1"
"Layer 1","GTGGCCTAATATCATT-1"
"Layer 2","GTGGCGGTCCCAGCGT-1"
"Layer 4","GTGGCTGTTTCTGTTC-1"
"Layer 1","GTGGGAACAAACCGGG-1"
"Layer 1","GTGGGAAGACTGAATC-1"
"Layer 5","GTGGGCTTAGACACAC-1"
"Layer 3","GTGGGTACTGAGCGTA-1"
"Layer 1","GTGGTATAGTCTGCCG-1"
"WM","GTGGTGATGGTTTGTG-1"
"Layer 5","GTGGTGGCCAAGTGAA-1"
"Layer 6","GTGGTTACTTCTTTCG-1"
"Layer 3","GTGGTTTCCGCCTTTC-1"
"Layer 6","GTGTACCTTGGCTACG-1"
"Layer 6","GTGTACGAACCGTTCC-1"
"Layer 3","GTGTATATCAGCGGGC-1"
"Layer 1","GTGTCAGTGTACGTGG-1"
"Layer 4","GTGTCGTATAGCGTTC-1"
"WM","GTGTGAATAACTTAGG-1"
"Layer 3","GTGTGTCGACGTCGCT-1"
"Layer 5","GTGTTACTATGCGTCC-1"
"Layer 5","GTTAAAGTAGGACTGG-1"
"Layer 4","GTTAACATCACTTAAA-1"
"WM","GTTAACTATGTTGTCA-1"
"Layer 3","GTTAAGGGTGCGATGT-1"
"Layer 6","GTTAAGTTAGAGTGGG-1"
"Layer 5","GTTAATAGCGTCATTA-1"
"Layer 2","GTTAATGTCTATCTTA-1"
"Layer 3","GTTACAATTGGTGACG-1"
"Layer 5","GTTACCAAGGCGTACG-1"
"Layer 5","GTTACCTACAACTTGC-1"
"Layer 3","GTTACTTTGGGCCTAG-1"
"Layer 3","GTTAGCCCATGACATC-1"
"Layer 6","GTTAGCCGTAAATCAA-1"
"Layer 3","GTTAGGCTACCCGTTT-1"
"Layer 6","GTTATAATACGGTGAA-1"
"Layer 5","GTTATATCAGGAGCCA-1"
"Layer 3","GTTATATTATCTCCCT-1"
"Layer 4","GTTATCAAGCTATCGA-1"
"Layer 3","GTTATTAACGTGGGAG-1"
"Layer 2","GTTCAAATCAGATGTC-1"
"Layer 3","GTTCACAGGAGTCTAG-1"
"Layer 1","GTTCAGTCGCCAAATG-1"
"Layer 6","GTTCATCGTTTGGCTG-1"
"Layer 6","GTTCCAGTCTGACCAT-1"
"WM","GTTCCCGTAAACATAT-1"
"Layer 1","GTTCCGTCCGCCTGCA-1"
"Layer 2","GTTCGACAATTGTATA-1"
"Layer 5","GTTCGCCATAAGTGCC-1"
"Layer 6","GTTCGCTGAGACGTCT-1"
"Layer 6","GTTCGGAGCACTCAAC-1"
"WM","GTTCGGATCGGGAACA-1"
"Layer 6","GTTCGGGCGTACCATT-1"
"Layer 5","GTTCGTCTAAAGAACT-1"
"Layer 4","GTTCGTCTGGGTCCCT-1"
"Layer 6","GTTCTTCCCTCGATGT-1"
"Layer 1","GTTCTTGTAACTCAAT-1"
"Layer 3","GTTGAACCGGTTCCAT-1"
"Layer 5","GTTGAGTCCCGCCGGT-1"
"Layer 6","GTTGCACGGAGTTTCG-1"
"WM","GTTGCAGTCGACAACA-1"
"Layer 3","GTTGCCCTAACGGGTG-1"
"Layer 6","GTTGCGCTAACATTAC-1"
"WM","GTTGCGGACGGTCAGG-1"
"Layer 4","GTTGGACCGCATCAGG-1"
"Layer 5","GTTGGATTCAGTGGCT-1"
"WM","GTTGGATTGAGAACAC-1"
"Layer 5","GTTGGATTTGCGTTGG-1"
"Layer 3","GTTGGTCATGCTATCC-1"
"Layer 1","GTTGTAGATTTATGAG-1"
"Layer 6","GTTGTCGTGTTAGTTG-1"
"Layer 3","GTTGTTACATTGCGCT-1"
"Layer 6","GTTGTTGCAAGATGGC-1"
"Layer 4","GTTTACGTTCCATCTG-1"
"Layer 3","GTTTATGGGATTTAGA-1"
"Layer 6","GTTTCAAACGAGTTGT-1"
"Layer 3","GTTTCATATCGTCGCT-1"
"Layer 6","GTTTCCTGGAGGGTGA-1"
"Layer 4","GTTTCTAGAGGCGCGG-1"
"Layer 5","GTTTCTGCAGTCTCCC-1"
"Layer 3","GTTTCTTGTTAGAGCT-1"
"Layer 6","GTTTGACCAAATCCTA-1"
"Layer 6","GTTTGGCCCAAGTTAT-1"
"Layer 5","GTTTGGCCGCTCAGCG-1"
"Layer 4","GTTTGGGCTTGTGAGC-1"
"Layer 5","GTTTGGGTTTCGCCCG-1"
"Layer 3","GTTTGGTAGGGTCAAC-1"
"Layer 1","GTTTGGTGATCGGTGC-1"
"Layer 3","GTTTGTTAGCCAAGTA-1"
"Layer 1","TAAACCCAGGAGGGCA-1"
"Layer 3","TAAACGTCGTCAATGA-1"
"Layer 6","TAAAGACAACCCTTTA-1"
"Layer 1","TAAAGCGGTATTTCCA-1"
"Layer 6","TAAAGCGTTAGGAGAA-1"
"Layer 5","TAAAGCTGCAATAGGG-1"
"Layer 1","TAAAGTGCACGTCTCG-1"
"Layer 5","TAAATCTTTACACCTC-1"
"Layer 4","TAAATGAATCCGTTTC-1"
"Layer 4","TAAATGCCGTCTCATG-1"
"WM","TAAATGGGCTACTGAG-1"
"Layer 2","TAAATTGTGGGTAAAG-1"
"Layer 1","TAAATTTAGTAACACC-1"
"Layer 5","TAACAAAGGGAGAAGC-1"
"Layer 3","TAACAATATTTGTTGC-1"
"Layer 1","TAACAGCGTTTGTGCT-1"
"Layer 1","TAACAGGTTCCCTTAG-1"
"Layer 6","TAACATACAATGTGGG-1"
"Layer 1","TAACATACACGCGATC-1"
"Layer 6","TAACCTACCGTCCGAG-1"
"Layer 6","TAACCTAGGGAGTCCA-1"
"Layer 4","TAACGCTTTGAGAGCG-1"
"Layer 5","TAACTATCGAAGGTCC-1"
"Layer 6","TAACTATTACGCCAAA-1"
"Layer 3","TAACTCATCCGCGCGG-1"
"Layer 4","TAACTCCATGGAGGCT-1"
"Layer 3","TAACTGAAATACGCCT-1"
"Layer 3","TAAGAGGGACAGGGAC-1"
"Layer 2","TAAGCAGGCGACACGC-1"
"Layer 4","TAAGCCCTTACGACCA-1"
"Layer 2","TAAGCGCGAATCAAAT-1"
"Layer 5","TAAGGAACTTGTGGGA-1"
"Layer 6","TAAGGCAACATAAGAT-1"
"Layer 2","TAAGGCATAACATCAA-1"
"Layer 3","TAAGGCCCGTCACCCT-1"
"Layer 6","TAAGGCTGAATCCCTC-1"
"Layer 5","TAAGGGCCTGTCCGAT-1"
"Layer 2","TAAGGGCTGGGAGAGG-1"
"Layer 3","TAAGTAACATCTTGAC-1"
"Layer 1","TAAGTCGCCGAGTATC-1"
"Layer 2","TAAGTGAATAGTCTAC-1"
"Layer 5","TAAGTTGCGACGTAGG-1"
"Layer 6","TAATAAACAAGGAGAT-1"
"Layer 6","TAATACACAGTAGTAT-1"
"Layer 3","TAATACTAGAACAGAC-1"
"Layer 2","TAATAGAACAGAGTTA-1"
"Layer 5","TAATAGCTAAATGATG-1"
"Layer 2","TAATAGGTCACCAGAA-1"
"Layer 6","TAATAGTGACGACCAG-1"
"Layer 6","TAATATTGAAATTCGC-1"
"WM","TAATCAACCAAATGGG-1"
"Layer 6","TAATCGATCCGTACGT-1"
"Layer 3","TAATGAAAGACCCTTG-1"
"Layer 2","TAATGTCGGTTCATGG-1"
"Layer 5","TAATTACGTCAGTAGA-1"
NA,"TAATTAGATGGATATG-1"
"WM","TAATTAGGACATCCGT-1"
"Layer 6","TAATTCCAATGCTTCA-1"
"Layer 3","TAATTGCGCTGATTAC-1"
"Layer 5","TAATTGGAATCGGGAA-1"
"Layer 1","TAATTTCCGTCCAGTA-1"
"Layer 4","TACAACAGCGCATACA-1"
"Layer 4","TACAACGCACAACTCA-1"
"Layer 4","TACAAGGGCTTCTTTA-1"
"Layer 3","TACAAGTCTCGTGCAT-1"
"Layer 2","TACACAGCCGTGGTGC-1"
"Layer 5","TACACCGTCGTTAGTC-1"
"Layer 3","TACACCTCTTCGAATC-1"
"Layer 4","TACAGAAACGGTGGGC-1"
"Layer 5","TACATAGGCATACACC-1"
"Layer 1","TACATCCCTATCCCTG-1"
"Layer 3","TACATCTTGTTTCTTG-1"
"Layer 3","TACATGACCTTATCCG-1"
"WM","TACATGCCGGAATTGT-1"
"Layer 5","TACATTTCTAACGTGC-1"
"Layer 3","TACCAAATAGCCCAGA-1"
"Layer 5","TACCAATAAAGTACCA-1"
"Layer 3","TACCAGAAGTAGGTTC-1"
"Layer 5","TACCAGCTAGGTTTAA-1"
"Layer 1","TACCAGGAATCCCGTC-1"
"Layer 6","TACCATGTATTGATTT-1"
"WM","TACCCTCGGTAACCCT-1"
"Layer 4","TACCGAATAATTGTAA-1"
"WM","TACCGCGGACTTGCAG-1"
"Layer 4","TACCGGCTCACTGCCC-1"
"Layer 3","TACCGGTCGTTTCCAT-1"
"Layer 3","TACCGTAGGTTAACTA-1"
"Layer 4","TACCGTGCCTCGGACC-1"
"Layer 3","TACCTACTCCCAGTAT-1"
"Layer 1","TACCTATCCCTAGAGG-1"
"Layer 6","TACCTCACGCTTGTAC-1"
"Layer 2","TACCTCAGTTGTCTGT-1"
"Layer 1","TACCTCCACACCAATG-1"
"Layer 6","TACCTCTTTACCATCC-1"
"Layer 3","TACCTGCTGCACTGTG-1"
"Layer 1","TACCTTAAGATTTCCC-1"
"Layer 5","TACGAACACGACTTCA-1"
"Layer 3","TACGACGCTTGCTGCG-1"
"Layer 5","TACGACTGCCTCTTAG-1"
"Layer 3","TACGAGAACTTCACGT-1"
"Layer 3","TACGATGTTGATCATC-1"
"Layer 4","TACGCAGTTCTTTCCT-1"
"Layer 5","TACGCCATATTCTAAT-1"
"Layer 1","TACGCCGAGGGTACCC-1"
"Layer 6","TACGCCGCCTCAGAAG-1"
"Layer 3","TACGCCTCCATTCCGA-1"
"Layer 6","TACGCTATAGAAACCT-1"
"Layer 1","TACGCTCCTAGAACTG-1"
"Layer 6","TACGCTCGGTATTGGA-1"
"Layer 3","TACGCTGATAGTTGTA-1"
"Layer 2","TACGCTGCTGTGTTAA-1"
"Layer 2","TACGGAAGCCAAACCA-1"
"Layer 6","TACGGCATGGACGCTA-1"
"Layer 6","TACGGGATGCTAGCAG-1"
"Layer 3","TACGGGTAATAACATA-1"
"Layer 5","TACGTAAAGCGGAGTG-1"
"Layer 1","TACGTACTAGTGCTGA-1"
"Layer 5","TACGTGCAAGGTTCCT-1"
"Layer 5","TACGTGCACTATGCTG-1"
"Layer 3","TACGTGGGCCCAGGGC-1"
"Layer 3","TACGTTTACCGGCAAT-1"
"Layer 3","TACTACGTGCAATGCG-1"
"Layer 2","TACTATGGTTCCTCAG-1"
"Layer 5","TACTCATTGACGCATC-1"
"Layer 1","TACTCCTCTAGTTGAC-1"
"Layer 2","TACTCGGCACGCCGGG-1"
"Layer 3","TACTCGTTTGAATCAA-1"
"Layer 6","TACTCTCCGAACAAAT-1"
"Layer 6","TACTCTTACTTTACTG-1"
"Layer 2","TACTCTTTCGTCTTCA-1"
"Layer 2","TACTGAACAGATTTAG-1"
"Layer 3","TACTGAGGGAAGAAAG-1"
"Layer 5","TACTGCAATCAATTAC-1"
"Layer 1","TACTGCATGATTAAAT-1"
"Layer 3","TACTGGACAGCTCGGC-1"
"WM","TACTGTTTCTCTGGTA-1"
"Layer 5","TACTTAAACATGTACA-1"
"WM","TACTTGTTAGTAGTCC-1"
"Layer 6","TACTTTACTGAGCCGG-1"
"Layer 1","TACTTTCCGCACGCCA-1"
"Layer 3","TAGAAACACAATAGTG-1"
"WM","TAGAAAGGTGGCGCTA-1"
"Layer 1","TAGAAATTCACGTATA-1"
NA,"TAGAACGCCAGTAACG-1"
"WM","TAGAAGAAGGGTTACA-1"
"Layer 5","TAGAATAGCCGATGAA-1"
"Layer 5","TAGAATTAAGGGCAAC-1"
"Layer 3","TAGACGAAACGCCAAT-1"
"WM","TAGACGCCCGTACCGG-1"
"WM","TAGACTACCTAGCGTT-1"
"Layer 3","TAGACTCAGTTGGCCT-1"
"Layer 2","TAGAGATCATGCAACT-1"
"Layer 5","TAGAGCTACGAAGAAC-1"
"Layer 2","TAGAGGGAGTTTATCT-1"
"Layer 5","TAGAGGTTCTACTTGT-1"
"Layer 6","TAGAGTCTAAGCGAAC-1"
"Layer 4","TAGAGTGTTCCGGGTA-1"
"Layer 3","TAGATATGGACTGGAA-1"
"Layer 5","TAGATCCGAAGTCGCA-1"
"Layer 5","TAGATGGTTCCTTACT-1"
"Layer 1","TAGATTCAAAGTGCGG-1"
"Layer 3","TAGATTCCTGGTTATT-1"
"Layer 5","TAGATTCTCTAGCAAA-1"
"Layer 4","TAGCAACCTGTCACAA-1"
"Layer 3","TAGCAGATACTTAGGG-1"
"Layer 5","TAGCAGTATGACTAAA-1"
"Layer 3","TAGCCATGATTGCCTA-1"
"Layer 6","TAGCCATTTCAAAGTC-1"
"WM","TAGCCGGCGGTCAGCG-1"
"WM","TAGCGTCCCTCGATTG-1"
"Layer 5","TAGCGTCCGGTGTGGT-1"
"Layer 1","TAGCGTCGAATATTGA-1"
"Layer 5","TAGCGTTGGGTCTTAC-1"
"Layer 6","TAGCTAAGTCCGGGAG-1"
"Layer 3","TAGCTAGAAGGCATGA-1"
"Layer 2","TAGCTAGTGATGATGG-1"
"Layer 5","TAGCTCACTGTGTTTG-1"
"Layer 3","TAGCTCGCCTGATAAC-1"
"Layer 1","TAGCTGATGTGAAGCG-1"
"Layer 5","TAGGAGGCTCGAGAAC-1"
"Layer 2","TAGGATCTTAACCGCA-1"
"Layer 6","TAGGCATGTTACGCCA-1"
"Layer 5","TAGGCCTATATAGTCT-1"
"Layer 3","TAGGCGATGAGGTCTC-1"
"Layer 3","TAGGCGGCTGCAAAGA-1"
"Layer 5","TAGGCTAAAGTGGCAC-1"
"WM","TAGGGAGCTTGGGATG-1"
"Layer 6","TAGGGTGTTTCAAGAG-1"
"Layer 3","TAGGTCCAAGTAAGGA-1"
"Layer 6","TAGGTCGCCGGAACTG-1"
"Layer 3","TAGGTGACGATAACCT-1"
"Layer 4","TAGGTGAGCCCTACTC-1"
"Layer 6","TAGGTGCTCGCCTAGC-1"
"Layer 3","TAGGTGTTCCACAGAT-1"
"Layer 6","TAGGTTCGAGTTCGTC-1"
"Layer 1","TAGGTTCTGCTGAGAA-1"
"Layer 3","TAGTACCACAACTTTC-1"
"Layer 3","TAGTACCTTAGTGGTC-1"
"Layer 1","TAGTAGCTTATACCAG-1"
"Layer 2","TAGTAGTTGCCGGACA-1"
"Layer 1","TAGTCCCGGAGACCAC-1"
"Layer 5","TAGTCCGCAGAGAATG-1"
"Layer 3","TAGTCCGTATGCATAA-1"
"Layer 2","TAGTCCTGCACTAAGC-1"
"Layer 6","TAGTCGATCACGGGTT-1"
"Layer 3","TAGTCGGGATTCTTCG-1"
"Layer 3","TAGTCTAACAACGAGA-1"
"Layer 1","TAGTCTGCGGCACATT-1"
"Layer 5","TAGTCTGTGACGTTGC-1"
"WM","TAGTCTTTCCGAATTG-1"
"Layer 5","TAGTGACAAGCTCTAC-1"
"Layer 5","TAGTGCCCTCCAGAGT-1"
"Layer 3","TAGTGTCAGAAACGGC-1"
"Layer 6","TAGTTAAGATAGGATA-1"
"Layer 6","TAGTTTATTCTTGCTT-1"
"Layer 3","TAGTTTGATCGGTCGC-1"
"Layer 6","TATAAATCCACAAGCT-1"
"Layer 5","TATAAGTGAGGATAGC-1"
"Layer 3","TATACACAGACGCCTT-1"
"Layer 5","TATACACGCAAAGTAT-1"
"WM","TATACCGAGTGCCACA-1"
"Layer 3","TATACGCGTCATCACT-1"
"Layer 3","TATACTCATGCGGCAA-1"
"Layer 1","TATAGAGTCGCTTGAA-1"
"WM","TATAGATGGTCGCAGT-1"
"Layer 2","TATAGCGCACGTTATC-1"
"Layer 3","TATAGCTATTATCTCT-1"
"Layer 2","TATAGGGTACTCATGA-1"
"Layer 3","TATAGTTAGGTGTACT-1"
"Layer 1","TATATAGGGCTTTACG-1"
"Layer 1","TATATATCGAGAAATG-1"
"Layer 1","TATATCAAAGTGATCT-1"
"Layer 2","TATATCATTGATCAGT-1"
"WM","TATATCCCTGGGAGGA-1"
"Layer 3","TATATGCTGGGTTGCC-1"
"Layer 5","TATATTACAAATGTCG-1"
"Layer 2","TATCAAAGGTCTGTAA-1"
"Layer 4","TATCACCATGTAAAGT-1"
"Layer 6","TATCACCCAACCGACC-1"
"Layer 5","TATCACTTCGAGTAAC-1"
"Layer 3","TATCAGTGGCGTAGTC-1"
"Layer 5","TATCCAATTGGTTATC-1"
"Layer 6","TATCCATATCATGCGA-1"
"Layer 3","TATCCATCTCGGTTAG-1"
"Layer 3","TATCCCTCGATCTGCA-1"
"Layer 2","TATCCGCACCGTCGGG-1"
"Layer 1","TATCCTATCAACTGGT-1"
"Layer 6","TATCCTGCATGGGAAT-1"
"Layer 6","TATCGATCTATGCATA-1"
"Layer 6","TATCGATGATTAAACG-1"
"Layer 3","TATCTACAGAGGTAAT-1"
"Layer 5","TATCTACCACAGCGGG-1"
"Layer 1","TATCTAGCCTAAAGGA-1"
"Layer 3","TATCTGAGCCGATATT-1"
"Layer 3","TATCTTGCAATACAAC-1"
"Layer 5","TATGAAGAATTAAGGT-1"
"Layer 3","TATGAAGACAGGTGCG-1"
"Layer 3","TATGACCTTGCGCTGG-1"
"Layer 5","TATGATCCGGCACGCC-1"
"Layer 5","TATGATCTTCTCTTTA-1"
"Layer 6","TATGCTCCCTACTTAC-1"
"Layer 6","TATGGATGTGCTACGC-1"
"Layer 3","TATGGCCCGGCCTCGC-1"
"Layer 5","TATGGCTAGGCTAATT-1"
"Layer 5","TATGGGACCGAGCAGG-1"
"Layer 5","TATGGGTACGTATCGT-1"
"Layer 5","TATGGTCTGAGTAACA-1"
"WM","TATGGTTAGTGGGAGA-1"
"Layer 1","TATGTAAAGTGCTTAA-1"
"Layer 3","TATGTAGAAACCCGGC-1"
"Layer 6","TATGTCAAGACCGACT-1"
"WM","TATGTCTCATTGTGCC-1"
"Layer 3","TATTAACACCAAAGCA-1"
"Layer 2","TATTAACCTGACCGCG-1"
"WM","TATTACCATCCTGCTT-1"
"Layer 3","TATTATGTTTGCCTGC-1"
"Layer 6","TATTCAATTCTAATCC-1"
"Layer 3","TATTCCACTCAGCTCG-1"
"Layer 5","TATTCCGAGCTGTTAT-1"
"Layer 2","TATTCCTCCGCCCACT-1"
"Layer 6","TATTCGTGCCAGAATA-1"
"Layer 6","TATTGACATTTCTGCC-1"
"Layer 5","TATTGCCGGGCTTGTA-1"
"Layer 6","TATTTAGTCTAGATCG-1"
"Layer 6","TATTTATACCGAGTAG-1"
"WM","TATTTGATTTGCACAG-1"
"Layer 5","TATTTGTTACCCTTTA-1"
"Layer 6","TCAAACAACCGCGTCG-1"
"Layer 6","TCAAACTTAGATTGTT-1"
"Layer 3","TCAAAGAGCTATCTGT-1"
"Layer 2","TCAAAGTCACGGCGTC-1"
"Layer 3","TCAAATTGTTGTGCCG-1"
"Layer 3","TCAAATTTGAGACTCA-1"
"Layer 1","TCAACAAAGATAATTC-1"
"Layer 1","TCAACATAGCGCCCTA-1"
"Layer 1","TCAACATCGACCGAGA-1"
"Layer 6","TCAACCATGTTCGGGC-1"
"Layer 4","TCAACGAGGAGACAAA-1"
"Layer 1","TCAACGCAGGAAATAA-1"
"Layer 2","TCAACGCGACCGGCAG-1"
"Layer 3","TCAACTAACGTATAAC-1"
"Layer 6","TCAACTGCAGAGTCAG-1"
"Layer 6","TCAAGAAATACTAGCT-1"
"Layer 6","TCAAGCGCGGACGGTA-1"
"Layer 5","TCAAGCTGCCTTGAAA-1"
"WM","TCAAGGTTACTACACC-1"
"Layer 1","TCAATACAATTGCTGC-1"
"Layer 2","TCAATACGCCGTCATG-1"
"Layer 5","TCAATATACAGGAGGC-1"
"Layer 6","TCAATCCCGCGCCAAA-1"
"Layer 4","TCAATCCGGGAAGTTT-1"
"Layer 5","TCACAAACCGAGGTAC-1"
"Layer 3","TCACAGCAAACTCGAA-1"
"Layer 3","TCACAGGAGAATAAGA-1"
"Layer 5","TCACAGGGAATCGCAA-1"
"Layer 5","TCACAGGTTATTGGGC-1"
"Layer 3","TCACATCTTATCTGAT-1"
"Layer 4","TCACCCTCTTAAGATT-1"
"Layer 6","TCACCGCTCGGCACTC-1"
"Layer 1","TCACGATGTCCGTGGA-1"
"Layer 3","TCACGATTAATACGTT-1"
"Layer 5","TCACGCATTGTAGATC-1"
"Layer 3","TCACGGCCCAAGAGAG-1"
"Layer 6","TCACGGTCATCGCACA-1"
"Layer 5","TCACGTGCCCGATTCA-1"
"Layer 5","TCACTACGACCAATGC-1"
"Layer 4","TCACTATCCCTTCGGT-1"
"Layer 5","TCACTCGTGCAACGGC-1"
"Layer 3","TCACTCTTCGTCTGTC-1"
"Layer 6","TCAGAACCTCCACAGG-1"
"Layer 3","TCAGAACGGCGGTAAT-1"
"Layer 5","TCAGACGCTATAGAAG-1"
"Layer 3","TCAGAGCATGTCAACG-1"
"Layer 3","TCAGAGGACGCGTTAG-1"
"WM","TCAGAGTGTGAGCATG-1"
"Layer 3","TCAGATGGAGACGTAG-1"
"Layer 6","TCAGCAAATGCATCTC-1"
"Layer 1","TCAGCAGTAGGCCCTG-1"
"Layer 5","TCAGCCAATCCGTAAA-1"
"Layer 3","TCAGCGCACGCCGTTT-1"
"Layer 3","TCAGCTTGAGCTTTCG-1"
"Layer 2","TCAGGGCGACTTCCTT-1"
"Layer 3","TCAGGGCGCAAACTCG-1"
"Layer 6","TCAGGGTGTAACGTAA-1"
"Layer 5","TCAGGTTCTTTGAGAA-1"
"Layer 5","TCAGTACTGACCCGCG-1"
"Layer 3","TCAGTAGGGACTATAA-1"
"Layer 1","TCAGTGTATACGTCAT-1"
"WM","TCATAAGTCCAAGAAG-1"
"Layer 4","TCATACTTACAGATCC-1"
"Layer 2","TCATATGAGCTTTGTT-1"
"Layer 5","TCATCACTCGAGCTCG-1"
"Layer 3","TCATCCATCTGATCAC-1"
"Layer 6","TCATCCCAGAGGGTGG-1"
"Layer 4","TCATCCTCAGCTGCTT-1"
"Layer 3","TCATCGACGACCGTCG-1"
"Layer 1","TCATCGATGGTCCCAA-1"
"Layer 3","TCATGAAGCGCTGCAT-1"
"Layer 6","TCATGCAGGTTCTCAT-1"
"WM","TCATTTAAGTCTCCGA-1"
"Layer 6","TCATTTAGAAGTGTGA-1"
"Layer 4","TCCAACTCAGCTATCT-1"
"Layer 3","TCCAACTTTAAATTCT-1"
"Layer 3","TCCAAGCCTAGACACA-1"
"Layer 1","TCCAATAAAGGCTACC-1"
"Layer 3","TCCAATGCGTCGCCGC-1"
"Layer 4","TCCACAATGGTTTACG-1"
"Layer 2","TCCACATCGTATATTG-1"
"Layer 5","TCCACCAAGACATAGG-1"
"Layer 2","TCCACCTCTAGCCTTT-1"
"Layer 6","TCCACTTTATCTAGGT-1"
"Layer 5","TCCAGAGCACCGGTTC-1"
"Layer 5","TCCAGATGTACGCCAA-1"
"WM","TCCAGCGCTATAAGCG-1"
"Layer 1","TCCAGGCAGGACGATC-1"
"Layer 5","TCCAGGCGAGTACGGT-1"
"Layer 3","TCCAGGGTATATACGA-1"
"Layer 3","TCCATCAATACTAATC-1"
"Layer 3","TCCATTCCCACTAGAG-1"
"Layer 5","TCCCAAACAGACAACG-1"
"Layer 1","TCCCAAACATCCTCTA-1"
"Layer 6","TCCCAAAGACGAAGGA-1"
"Layer 6","TCCCAAAGCCCTAAAT-1"
"Layer 4","TCCCAATATCGACGAC-1"
"Layer 6","TCCCACTCTCTTCCGG-1"
"WM","TCCCAGCACACGACAT-1"
"Layer 5","TCCCAGCTTTAGTCTG-1"
"Layer 5","TCCCAGGCTTAGCTAA-1"
"Layer 5","TCCCGCCTATGTGCGT-1"
"Layer 6","TCCCGCGTACTCCTGG-1"
"Layer 3","TCCCGGGTGTGCTGCT-1"
"Layer 6","TCCCGTCAGTCCCGCA-1"
"Layer 5","TCCCGTCGCGTCATAG-1"
"Layer 5","TCCCGTGTGCAATTTG-1"
"Layer 5","TCCCTAGATCAATAGG-1"
NA,"TCCCTCCGAAATCGTT-1"
"Layer 6","TCCCTCTTCTCAAGGG-1"
"Layer 3","TCCCTGGCGTATTAAC-1"
"Layer 3","TCCCTGGCTCGCTGGA-1"
"Layer 6","TCCCTTAGATTACTCG-1"
"Layer 5","TCCCTTGTCTGAAACT-1"
"WM","TCCGAACGTTGCCGCT-1"
"Layer 3","TCCGAACTTGGCTTAC-1"
"Layer 4","TCCGAAGTAGTCACCA-1"
"Layer 5","TCCGAATGGTCCTGAG-1"
"Layer 1","TCCGACCGCTAATCAA-1"
"Layer 6","TCCGATAATTGCCATA-1"
"Layer 6","TCCGATGACTGAGCTC-1"
"Layer 6","TCCGATGGTGCGACAT-1"
"Layer 3","TCCGATTACATTGCCG-1"
"Layer 3","TCCGCAGCCACCTAGC-1"
"Layer 4","TCCGCCTGTCTACAAG-1"
"WM","TCCGCGGCAGCATCTG-1"
"Layer 6","TCCGCGGCCCAATGAA-1"
"Layer 3","TCCGCTGGGTCGATCG-1"
"Layer 5","TCCGCTGTCATCCCGG-1"
"Layer 4","TCCGCTTATCCCATTA-1"
"Layer 4","TCCGGAGGAAGGGCTG-1"
"Layer 6","TCCGGCCTAGCGTACA-1"
"WM","TCCGGCTGTCGGGTCG-1"
"Layer 4","TCCGGGCCACTAACGG-1"
"Layer 5","TCCGGGCTTGACGGGA-1"
"Layer 3","TCCGGTTCGTCCGGTC-1"
"Layer 3","TCCGTAACCACAATCC-1"
"Layer 6","TCCGTTAAGCTAATAT-1"
"Layer 6","TCCGTTTAGCCTTGAA-1"
"Layer 3","TCCTAAAGATTCAGAC-1"
"Layer 3","TCCTAAATTGGGAAGC-1"
"Layer 1","TCCTAACCGTCGGGCA-1"
"Layer 5","TCCTACATCCACGGCC-1"
"Layer 3","TCCTAGCAAAGAAGCT-1"
"Layer 6","TCCTATCATAGGTAAC-1"
"Layer 1","TCCTCCTAAGACATTC-1"
"Layer 6","TCCTCGGGCTGGGCTT-1"
"Layer 5","TCCTCTACGAGATGGC-1"
"Layer 3","TCCTCTCCAGTTGTCC-1"
"Layer 5","TCCTCTGGCCCATTAG-1"
"Layer 2","TCCTGCAGCCGCCAAT-1"
"Layer 5","TCCTGCCAACTGGAGA-1"
"Layer 3","TCCTGCGTTGATACTC-1"
"Layer 4","TCCTGGCGCTGCCTGG-1"
"Layer 6","TCCTTACGACGGTCCG-1"
"Layer 2","TCCTTCAATCCCTACG-1"
"Layer 6","TCCTTCAGTGGTCGAA-1"
"Layer 2","TCCTTGTCCTTTAATT-1"
"Layer 5","TCCTTTAAATCCGCTT-1"
"Layer 6","TCCTTTCTTACGCTTA-1"
"Layer 5","TCGAAATTTAGGACCA-1"
"WM","TCGAAGAACCGAGCAC-1"
"Layer 1","TCGAATATCCCGCAGG-1"
"Layer 1","TCGAATCGCAGGGTAG-1"
"Layer 3","TCGACAACTGAACCCG-1"
"Layer 1","TCGACATAGCGTAGCG-1"
"Layer 5","TCGAGACCAACACCGT-1"
"Layer 1","TCGAGCCAGGCAGGCC-1"
"WM","TCGAGGGCAACAGACG-1"
"Layer 3","TCGAGTCTACGATTCG-1"
"Layer 3","TCGATGTTACGGCCGT-1"
"Layer 2","TCGATTTACGAAACGA-1"
"Layer 5","TCGCAAAGATGCATTT-1"
"Layer 5","TCGCACCAGGAGGCAG-1"
"Layer 3","TCGCACTAACGTTTGT-1"
"Layer 6","TCGCATAAAGGGCGCA-1"
"Layer 5","TCGCATCCCTAAGTGT-1"
"Layer 3","TCGCCACCCGGATTAC-1"
"Layer 1","TCGCCCACTGCGAGAG-1"
"Layer 3","TCGCCGAAGTTGCGTC-1"
"Layer 4","TCGCCGACATATTCGC-1"
"Layer 2","TCGCCGCACCGCGTGA-1"
"Layer 2","TCGCCGGATGGGCAAG-1"
"Layer 6","TCGCCGGTCGATCCGT-1"
"Layer 3","TCGCCTCCTTCGGCTC-1"
"Layer 3","TCGCGCGTTTACATGA-1"
"Layer 3","TCGCGTCCAGAAGGTC-1"
"Layer 6","TCGCTAAACCGCTATC-1"
"Layer 3","TCGCTACTGGCTTTGA-1"
"Layer 6","TCGCTCGATATATTCC-1"
"Layer 5","TCGCTCGGCACCAGCG-1"
"Layer 3","TCGCTGCCAATGCTGT-1"
"Layer 6","TCGCTGGGCGGATTGT-1"
"Layer 5","TCGCTGTGCGTAAATC-1"
"Layer 3","TCGCTTAATTACGAAG-1"
"Layer 6","TCGCTTTAAACGTTTG-1"
"Layer 3","TCGGAATGCGCTCTGA-1"
"Layer 6","TCGGACGCCCAGCCCA-1"
"Layer 1","TCGGAGAGTATCGGGA-1"
"Layer 6","TCGGAGTACATGAGTA-1"
"Layer 3","TCGGAGTCCTGGTTGC-1"
"Layer 3","TCGGATCTGGATGACC-1"
"Layer 6","TCGGCAGGGTTAAGGG-1"
"WM","TCGGCGAACCCAAACC-1"
"Layer 2","TCGGCGTACTGCACAA-1"
"Layer 5","TCGGCTTGTATCGACG-1"
"Layer 6","TCGGGAACGTGCCTAG-1"
"Layer 3","TCGGGAGACAGCGTAC-1"
"Layer 1","TCGGGATTCAAACATA-1"
"Layer 6","TCGGGCCGTCGTGGTA-1"
"Layer 2","TCGGTCCCGACAATAG-1"
"Layer 5","TCGGTCCCTGACTCCA-1"
"Layer 4","TCGGTGACCGCTCCGG-1"
"Layer 6","TCGTAACTCCCAAGAC-1"
"WM","TCGTAAGACGACATTG-1"
"Layer 5","TCGTAAGCTCCGAGGA-1"
"Layer 1","TCGTACCGACGTCAAG-1"
"Layer 5","TCGTATAGTGCAATTA-1"
"Layer 3","TCGTATTACCCATTGC-1"
"Layer 1","TCGTCAAGTACGCGCA-1"
"Layer 3","TCGTCACACTGTTAGC-1"
"Layer 5","TCGTCCGCTGGCGTCT-1"
"Layer 3","TCGTCCGGGTACACTC-1"
"Layer 5","TCGTCTTAGGCGTTAA-1"
"Layer 6","TCGTGTTCGACCACAA-1"
"Layer 3","TCGTTAGGAGTCCCTA-1"
"Layer 5","TCGTTCGTTATTATGT-1"
"Layer 1","TCGTTGACAGGGTCCC-1"
"Layer 2","TCGTTGCTATCCGGTC-1"
"Layer 4","TCGTTTACGCGACCCT-1"
"Layer 3","TCTAAAGAACAGTCTC-1"
"Layer 5","TCTAACCTAGCCTGCG-1"
"Layer 3","TCTAACTGTATGTAAA-1"
"Layer 2","TCTAATACTGCCTCAG-1"
"Layer 6","TCTACCCAATAGAGAG-1"
"Layer 5","TCTACCCGCATCATTT-1"
"Layer 6","TCTACCGTCCACAAGC-1"
"Layer 1","TCTACGCACGATCTCC-1"
"Layer 3","TCTACGGGCTCAGTTG-1"
"Layer 2","TCTAGCAATCTCCGCC-1"
"Layer 5","TCTAGCATCTTCGATG-1"
"Layer 4","TCTAGCATGCCCAGAA-1"
"Layer 6","TCTAGGTGGCGACGCT-1"
"WM","TCTAGTGATATCGTGG-1"
"Layer 5","TCTAGTTATCAGAAGA-1"
"Layer 5","TCTATAGGTGGGTAAT-1"
"Layer 5","TCTATCATGCAGTTAC-1"
"Layer 3","TCTATCCGATTGCACA-1"
"Layer 6","TCTATCGGTCGCAACA-1"
"Layer 5","TCTATGCTATAACGAC-1"
"Layer 5","TCTATTACGCTGGCGA-1"
"Layer 1","TCTATTACTAGAGGAT-1"
"Layer 3","TCTCAAATCAATCGGG-1"
"Layer 5","TCTCAGGCTACTCGCT-1"
"Layer 5","TCTCATGAGATAGGGT-1"
"Layer 6","TCTCCAACGTAGGTTA-1"
"Layer 5","TCTCCACAAGTTGAAT-1"
"Layer 5","TCTCCCTGGGCAGCGT-1"
"Layer 5","TCTCGAACGAGGTCAC-1"
"WM","TCTCGACGTATCGCCG-1"
"WM","TCTCGAGGAGGTTCGC-1"
"Layer 4","TCTCGGCTCCAGGACT-1"
"Layer 2","TCTCGTGTTACGAGGA-1"
"Layer 6","TCTCTAATAGCTGGTA-1"
"WM","TCTCTCGCCGCACATA-1"
"Layer 1","TCTCTTACCGCGAACC-1"
"Layer 5","TCTGAACCGGTCGGCT-1"
"Layer 6","TCTGAACTCGTACCCG-1"
"Layer 5","TCTGAAGCACGTGGTC-1"
"WM","TCTGAATTCCGTACAA-1"
"Layer 5","TCTGACGGGCTAACCC-1"
"WM","TCTGAGCAATTGACTG-1"
"Layer 5","TCTGATCGGGTGCTAG-1"
"Layer 5","TCTGATGTATTCTGTC-1"
"Layer 5","TCTGATTGGAAATGGA-1"
"Layer 4","TCTGCACCATTAGTAA-1"
"Layer 2","TCTGCAGATTCGAGTC-1"
"Layer 5","TCTGCATACCTTGCTT-1"
"Layer 6","TCTGCCAGAAACTGCA-1"
"Layer 3","TCTGCGAATCGTTCGC-1"
"Layer 4","TCTGCGTCCGGTTTCT-1"
"WM","TCTGCTTAGAACAAGC-1"
"Layer 5","TCTGGAGCGTAAGAGT-1"
"Layer 5","TCTGGCCGTTCAAGTT-1"
"Layer 1","TCTGGCGCAAGCCGGG-1"
"WM","TCTGGGAACCTTTGAA-1"
"Layer 3","TCTGGGTAGCGCTCAT-1"
"Layer 6","TCTGTGCCATCATAGT-1"
"Layer 1","TCTGTTACCCAGCATA-1"
"Layer 3","TCTGTTTAGATTGTTC-1"
"Layer 3","TCTTAACTCGGATGTA-1"
"Layer 5","TCTTACAGAGGTACCG-1"
"Layer 6","TCTTACCGGAACTCGT-1"
"Layer 4","TCTTACGGCATCCGAC-1"
"Layer 6","TCTTACTTATGCCTCT-1"
"WM","TCTTAGAGCTCCAATT-1"
"WM","TCTTAGAGTGAACTCT-1"
"Layer 6","TCTTCCCATGGGCACA-1"
"Layer 5","TCTTCGAATAGACGTT-1"
"Layer 6","TCTTCGATACCAATAA-1"
"Layer 6","TCTTCGCGGTGAGAGG-1"
"WM","TCTTCTATAACCCGCC-1"
"Layer 6","TCTTGATGCGTAGCGA-1"
"Layer 3","TCTTGCTCCCGATACT-1"
"Layer 6","TCTTGGTAACACCAAA-1"
"Layer 3","TCTTGGTCAATGATAC-1"
"WM","TCTTTAAGACTATGAA-1"
"WM","TCTTTAGAGTCTAACA-1"
"Layer 5","TCTTTAGCAGGCGAAC-1"
"Layer 3","TCTTTCATCCGTCCTT-1"
"WM","TCTTTCCTTCGAGATA-1"
NA,"TCTTTCGGCGGGACAC-1"
"Layer 5","TGAAACTTATGCAAGC-1"
"Layer 6","TGAAAGGACCTGACTC-1"
"Layer 1","TGAACAAGCAGGGACT-1"
"Layer 3","TGAACCTGAATGTGAG-1"
"Layer 1","TGAACTGCTATGACTT-1"
"Layer 3","TGAAGAGCGGTCCTAG-1"
"Layer 3","TGAAGTAGCTTACGGA-1"
"Layer 3","TGAATACCGACGCGTA-1"
"Layer 4","TGAATATGCTATAAAC-1"
"Layer 3","TGAATGAGATACAGCA-1"
"Layer 1","TGAATGAGTGTTTCCC-1"
"WM","TGAATGTCAGCCGGCC-1"
"Layer 1","TGAATTTCACTTGCCT-1"
"Layer 6","TGACAACGCATGTCGC-1"
"Layer 1","TGACAACTTAAAGGTG-1"
"Layer 5","TGACACTTCTCTTTGC-1"
"Layer 3","TGACAGAAATCTTGCT-1"
"Layer 3","TGACAGGACAAGTCCA-1"
"Layer 1","TGACATATATGACGAT-1"
"WM","TGACATCGAGCGGACC-1"
"Layer 2","TGACATGTAACGTGAC-1"
"Layer 2","TGACCAAATCTTAAAC-1"
"Layer 5","TGACCCACGTTAGACA-1"
"Layer 1","TGACGAATATTTCCCT-1"
"WM","TGACGATGCACTAGAA-1"
"Layer 5","TGACTATAATCCTTTC-1"
"Layer 3","TGACTCCGAATCATAC-1"
"Layer 6","TGACTCTAACTGGTAA-1"
"Layer 6","TGAGAATGCTTTACCG-1"
"Layer 1","TGAGACGTACCTCTCA-1"
"Layer 6","TGAGAGATTTACCACG-1"
"Layer 5","TGAGATTAGGCCCTAA-1"
"Layer 3","TGAGCCATACAGTCTC-1"
"Layer 3","TGAGCGGAAAGTGTTC-1"
"WM","TGAGCTCAACTGTATA-1"
"Layer 6","TGAGCTTTAATGACGC-1"
"Layer 3","TGAGGAGTGCCAGCTT-1"
"Layer 3","TGAGGCATGTACTGTG-1"
"Layer 1","TGAGGTGTGTGGCGGA-1"
"Layer 3","TGAGTAAATTAGCGTA-1"
"Layer 3","TGAGTGCCTCTTAAAT-1"
"WM","TGAGTGGTCCGTGACG-1"
"Layer 4","TGAGTGTAACAACGGG-1"
"WM","TGAGTTAAAGACATTC-1"
"Layer 2","TGATACATTTAGCCGT-1"
"Layer 2","TGATAGCGGGATTCTA-1"
"Layer 1","TGATCACCACACTGAC-1"
"Layer 2","TGATCAGGGAACTGCT-1"
"Layer 5","TGATCCCAGCATTAGT-1"
"Layer 6","TGATCGGTTTGACCCT-1"
"Layer 5","TGATCTACGCTGATCT-1"
"Layer 3","TGATCTATCACACTCT-1"
"Layer 5","TGATCTCCGGCGCCAG-1"
"Layer 5","TGATGGCTGTTTCTGA-1"
NA,"TGATGGGACTAAGTCA-1"
"Layer 5","TGATGTCAATTAAGTG-1"
"Layer 4","TGATTATGGCACGCAG-1"
"Layer 2","TGATTCAGGTCCCGCG-1"
"Layer 1","TGATTCCCGGTTACCT-1"
"Layer 5","TGATTCGTCTATCACT-1"
"Layer 3","TGATTCTGTCGCCGGT-1"
"Layer 3","TGATTTATTAGCTGTG-1"
"Layer 5","TGATTTCCTCCTGACG-1"
"Layer 1","TGCAAACGTACTAGTT-1"
"Layer 1","TGCAAAGTTCGTCTGT-1"
"Layer 5","TGCAACCCATCTGCGG-1"
"Layer 4","TGCAACTACTGGTTGA-1"
"Layer 6","TGCAAGAATGACGTAA-1"
"Layer 5","TGCAATCTAACACGGT-1"
"Layer 5","TGCAATTTGGGCACGG-1"
"Layer 5","TGCACAGTGAAGTTAT-1"
"Layer 3","TGCACTATGTGAGTGC-1"
"Layer 2","TGCAGAACTATATCGT-1"
"Layer 4","TGCAGAGTACCGAGCA-1"
"Layer 1","TGCAGATCGTCCTAGG-1"
"Layer 1","TGCAGCTACGTACTTC-1"
"Layer 6","TGCAGGATCGGCAAAG-1"
"Layer 3","TGCAGTGAGGCTCGGG-1"
"Layer 3","TGCAGTGGTAGGGAAC-1"
"Layer 6","TGCAGTTTCCTCCCAT-1"
"WM","TGCATATGTCTGTCAC-1"
"Layer 6","TGCATGGATCGGATCT-1"
"Layer 1","TGCATGTGACCCATAG-1"
"WM","TGCATGTGGTAATCTA-1"
"Layer 1","TGCCAAAGTCAGACTT-1"
"Layer 3","TGCCAATGGGTACTCT-1"
"Layer 2","TGCCACACTAGAGGAA-1"
"Layer 6","TGCCACCTGGCGAAAC-1"
"Layer 4","TGCCAGTACGTGGAGA-1"
"Layer 6","TGCCATTACTAAAGAA-1"
"Layer 3","TGCCCGATAGTTAGAA-1"
"Layer 5","TGCCCGTACCGTTAAA-1"
"Layer 5","TGCCGAAAGCGTATTC-1"
"Layer 1","TGCCGGATGTACGAGC-1"
"Layer 3","TGCCGTGGATCGTCCT-1"
"Layer 2","TGCCGTGGGACCCAAT-1"
"Layer 3","TGCCGTTCTTAATCGG-1"
"Layer 6","TGCCTAAATTTAATAG-1"
"Layer 6","TGCCTAATTGAAGATT-1"
"Layer 3","TGCCTGACATCGGTCA-1"
"Layer 6","TGCCTGATCAAACGAT-1"
"Layer 5","TGCCTTGGCCAGGCAA-1"
"Layer 1","TGCGAATATGGGATTT-1"
"Layer 3","TGCGACACCCTAGTGC-1"
"Layer 1","TGCGACGGCCGAACGT-1"
NA,"TGCGAGAAACGTTACG-1"
"Layer 2","TGCGAGAATATTACCC-1"
"Layer 3","TGCGAGATGGCGGCCA-1"
"Layer 4","TGCGAGCCCTTCCGCG-1"
"Layer 3","TGCGATGCTAATGGCT-1"
"Layer 6","TGCGCAAAGCATTTGG-1"
"Layer 6","TGCGCCGTTAATAACG-1"
"Layer 5","TGCGCGATTAACGGAG-1"
"Layer 3","TGCGGACTTGACTCCG-1"
"Layer 6","TGCGGAGTAAAGGTGC-1"
"Layer 5","TGCGGCATAGTTCAAC-1"
"Layer 6","TGCGGTGAAATTTCAT-1"
"Layer 3","TGCGTAAGAACCTGAT-1"
"Layer 5","TGCGTACGGCTAATTG-1"
"Layer 2","TGCGTCATGACTGAGC-1"
"Layer 5","TGCGTTTGTTGACACT-1"
"Layer 5","TGCTAAGTGTCTATTT-1"
"Layer 2","TGCTATGGCAAAGGGA-1"
"Layer 3","TGCTCAAAGGATGCAC-1"
"Layer 6","TGCTCCACAGTTCTTA-1"
"Layer 3","TGCTCGGCGAAACCCA-1"
"Layer 3","TGCTCGGTGGGTCACC-1"
"Layer 5","TGCTCTGCCGGTTCAC-1"
"Layer 3","TGCTCTTGAGAGTTTG-1"
"Layer 3","TGCTGCGTCAGAGTTA-1"
"Layer 5","TGCTGGTTGGACAATT-1"
"Layer 5","TGCTGTTGAAGAACTC-1"
"Layer 2","TGCTTAGAGAGAATGC-1"
"Layer 3","TGCTTCCCAAGCAGTA-1"
"Layer 5","TGGAACCACTGACACA-1"
"Layer 3","TGGAAGAAGGGAACGT-1"
"Layer 5","TGGAAGACGAACACCA-1"
"Layer 6","TGGAAGGATAAAGATG-1"
"Layer 5","TGGAATATCCTTGACC-1"
"Layer 3","TGGAATTAGACGCTTT-1"
"Layer 3","TGGACACCGTTGCTTG-1"
"Layer 3","TGGACCAATCTAAGAT-1"
"Layer 2","TGGACGCAATCCAGCC-1"
"Layer 6","TGGACTGTTCGCTCAA-1"
"Layer 1","TGGAGAATAATCGTCC-1"
"Layer 4","TGGAGGGAAACACCTC-1"
"Layer 5","TGGAGTGATGCGATGA-1"
"Layer 1","TGGATGGCATCTTGGA-1"
"Layer 5","TGGCAAACTAAATTAC-1"
"Layer 6","TGGCAACTCGCGCGCC-1"
"Layer 1","TGGCAAGCACAAGTCG-1"
"Layer 6","TGGCAATGGGACGGCG-1"
"Layer 4","TGGCAGATTACGATCA-1"
"Layer 5","TGGCAGCAGTAATAGT-1"
"Layer 3","TGGCATGAAGTTTGGG-1"
"Layer 6","TGGCCAAACTGAAGTA-1"
"Layer 2","TGGCCAATTTGGTACT-1"
"Layer 5","TGGCCGTATATTGACC-1"
"Layer 2","TGGCGACTGCTCCAAA-1"
"Layer 3","TGGCGATCAAGTTATG-1"
"Layer 5","TGGCTACACTCTACCT-1"
"Layer 4","TGGCTATGTGACATAC-1"
"Layer 1","TGGCTCTTGTCGCGTA-1"
"Layer 3","TGGCTTATGTATAATG-1"
"Layer 4","TGGCTTGTACAAGCTT-1"
"Layer 6","TGGCTTTGGGTAGACA-1"
"Layer 4","TGGGAAATGCCTTTCC-1"
"Layer 5","TGGGATGCACTCATTC-1"
"WM","TGGGCAATAGTTGGGT-1"
"Layer 6","TGGGCACGTTCTATGG-1"
"WM","TGGGCAGGCCACCGCA-1"
"Layer 6","TGGGCCACAAGAGCGC-1"
"Layer 6","TGGGCCCATACTAATT-1"
"Layer 2","TGGGCGATACAATAAG-1"
"Layer 6","TGGGTAAGGTTCCCGC-1"
"Layer 3","TGGGTGCACAAGCCAT-1"
"Layer 3","TGGGTGGGATGTCATT-1"
"Layer 5","TGGGTGTAATAGATTT-1"
"Layer 2","TGGGTGTTAAGTAGAA-1"
"Layer 2","TGGGTTCCCGGACGGA-1"
"Layer 2","TGGGTTTCGGGCGTAC-1"
"Layer 1","TGGTAAGCAGGATTGA-1"
"Layer 6","TGGTAGAATATATGGG-1"
"Layer 4","TGGTCCCACGCTACGG-1"
"Layer 1","TGGTCGATATACCTCT-1"
"Layer 3","TGGTCGGGTACAGGGC-1"
"Layer 1","TGGTCGTGCAAGGCAA-1"
"Layer 3","TGGTCTAGCTTACATG-1"
"Layer 3","TGGTCTGTTGGGCGTA-1"
"Layer 3","TGGTGATCGTATTTGT-1"
"Layer 1","TGGTGCCCTGCCTTAC-1"
"Layer 3","TGGTTAACTTACATTT-1"
"Layer 5","TGGTTAAGGGCGCTGG-1"
"Layer 2","TGGTTATGCTTGCGGT-1"
"Layer 5","TGGTTCAACGGGTAAT-1"
"Layer 6","TGGTTCGTAGCAAAGG-1"
"Layer 5","TGGTTGGAGGATCCTG-1"
"Layer 5","TGGTTTAAACGTGGGT-1"
"Layer 3","TGTAAGACTGATAAGA-1"
"Layer 1","TGTAATGACCACAATA-1"
"Layer 3","TGTACCCGACCCTAAT-1"
"Layer 5","TGTACCTACACGAGGG-1"
"Layer 5","TGTACGAACAAATCCG-1"
"Layer 4","TGTACTACTCTCACGG-1"
"Layer 3","TGTACTATCGCTCGTT-1"
"Layer 5","TGTACTTCCGGGCATG-1"
"Layer 3","TGTAGCCAATTCCGTT-1"
"Layer 6","TGTAGCCATCCCATTC-1"
"WM","TGTAGGAGAAATTTCC-1"
"Layer 3","TGTAGTGATCTATAAT-1"
"WM","TGTATAACAGATCCTG-1"
"Layer 4","TGTATACGGATGATGA-1"
"Layer 6","TGTATGGCGCAGACAG-1"
"Layer 4","TGTATTTACCTAATGC-1"
"Layer 5","TGTCATTTGTTGGGAA-1"
"Layer 5","TGTCCACGGCTCAACT-1"
"Layer 5","TGTCCCGACATAGCAC-1"
"Layer 1","TGTCCGCAAACAATTC-1"
"Layer 3","TGTCCGTGGCGCCTTT-1"
"Layer 3","TGTCCTAAGTCACCGC-1"
"Layer 2","TGTCGTGGGTATAGGC-1"
"Layer 3","TGTCGTTATCACATAT-1"
"Layer 5","TGTCTACAGTTTCTGT-1"
"Layer 6","TGTGACTACGCCAGTC-1"
"Layer 5","TGTGACTAGAGTTTGC-1"
"Layer 3","TGTGAGACTAGCCCAA-1"
"Layer 3","TGTGCCAGAGGCAAAG-1"
"Layer 6","TGTGCCGGTGCCGGAA-1"
"Layer 2","TGTGCTTTACGTAAGA-1"
"WM","TGTGGACTATCTACGT-1"
"WM","TGTGGCAAAGCGTATG-1"
"Layer 2","TGTGGCGGGCTTCTGG-1"
"Layer 6","TGTGGCTCCCACCAAC-1"
"WM","TGTGGTAGGGTGCCTT-1"
"Layer 1","TGTGGTTGCTAAAGCT-1"
"Layer 2","TGTGTCGAAGTCGAGG-1"
"Layer 5","TGTGTCGCGAGTTGCA-1"
"Layer 3","TGTGTGACCATGAATC-1"
"Layer 3","TGTGTTCGTATCCAAG-1"
"Layer 6","TGTTAACAAAGTGACT-1"
"Layer 6","TGTTATTGTATGTGGC-1"
"Layer 2","TGTTCATAAATGTGCT-1"
"Layer 4","TGTTCCGCTTCCATGA-1"
"Layer 2","TGTTCCGGCCTGAGCT-1"
"Layer 4","TGTTCGTATTGCGGTG-1"
"Layer 6","TGTTCTCATACTATAG-1"
"Layer 3","TGTTCTCTACTCCCTA-1"
"Layer 5","TGTTCTTCCATTGACT-1"
"Layer 6","TGTTGCCGTCGTCCCA-1"
"Layer 6","TGTTGTCAAGAAGTCT-1"
"Layer 5","TGTTTAATACTTCATC-1"
"Layer 6","TGTTTCGGTACTTCTC-1"
"Layer 3","TGTTTCTGAAGCGTGC-1"
"WM","TGTTTGAGATCGTCAG-1"
"Layer 3","TTAAACCTGGTTCCTT-1"
"Layer 6","TTAAACTCGAATTCAT-1"
"Layer 1","TTAAAGGCGATGCTCG-1"
"Layer 5","TTAAAGTAAGTCGCCA-1"
"Layer 3","TTAACACCTCGAACAT-1"
"Layer 6","TTAACCAACCCTCCCT-1"
"Layer 5","TTAACGAACAAGCAGT-1"
"Layer 1","TTAACGTTAAAGCCTG-1"
"Layer 3","TTAACTCACGCGTGGA-1"
"Layer 1","TTAACTTCAGGTAGGA-1"
"Layer 2","TTAAGATACCCAGAGA-1"
"WM","TTAAGATAGGATTGAC-1"
"Layer 6","TTAAGCCGACAACTTC-1"
"Layer 5","TTAAGCGCCTGACCCA-1"
"Layer 2","TTAAGGCCCGTACTTT-1"
"Layer 4","TTAAGTATTGTTATCC-1"
"Layer 6","TTAATCAGTACGTCAG-1"
"Layer 6","TTAATGTAGACCAGGT-1"
"Layer 3","TTAATGTGTTTGCAGG-1"
"Layer 3","TTAATTGCTTTGGGTG-1"
"Layer 6","TTAATTTCAGACGCGG-1"
"Layer 6","TTACAACTACGCATCC-1"
"Layer 6","TTACACGATCTGCGAC-1"
"Layer 6","TTACAGACCTAAATGA-1"
"Layer 5","TTACATCGTGGCCTGG-1"
"WM","TTACATGCCACAACTA-1"
"Layer 3","TTACCATTGATTACCC-1"
"Layer 6","TTACCCATTGCCGGGT-1"
"Layer 3","TTACCCTAACAGTCCT-1"
"Layer 3","TTACCCTAGGGATTGG-1"
"WM","TTACGGATGGTTCGAG-1"
"Layer 6","TTACGTATCTATGACA-1"
"Layer 5","TTACTAAAGGACTTTA-1"
"Layer 2","TTACTATCGGCTTCTC-1"
"Layer 6","TTACTCCGGCCGGGAA-1"
"Layer 2","TTACTCTGGTACGTAC-1"
"Layer 4","TTACTGGGATATTTCA-1"
"Layer 4","TTACTGTCTAGAGCTC-1"
"Layer 3","TTAGAAGAACATGACT-1"
"Layer 1","TTAGAATAAGGGTCGG-1"
"Layer 6","TTAGACACGATCGTTG-1"
"Layer 5","TTAGACGAGTCACCTC-1"
"Layer 3","TTAGAGGGATATACAG-1"
"Layer 3","TTAGAGTATTGTCGAG-1"
"Layer 6","TTAGAGTTTAGAAGGA-1"
"Layer 4","TTAGATAGGTCGATAC-1"
"Layer 4","TTAGCAACATGGATGT-1"
"Layer 3","TTAGCATCCCTCACGT-1"
"Layer 2","TTAGCCATAGGGCTCG-1"
"Layer 3","TTAGCGAATAGATAGG-1"
"Layer 6","TTAGCTAATACGATCT-1"
"Layer 2","TTAGCTCTGTAATCCG-1"
"WM","TTAGCTGATTTGCCGT-1"
"Layer 1","TTAGGTCATAACCGAC-1"
NA,"TTAGGTGTGACTGGTC-1"
"Layer 5","TTAGTAAACCTGCTCT-1"
"Layer 3","TTAGTAGGGCGGCGGG-1"
"Layer 6","TTAGTTATTCGTGGCA-1"
"Layer 5","TTAGTTCAAGTGTTCG-1"
"Layer 3","TTATAGGTAATTGTCT-1"
"Layer 6","TTATATACGCTGTCAC-1"
"Layer 6","TTATATTTGGCAATCC-1"
NA,"TTATCATACTCGCAAA-1"
"Layer 5","TTATCCAATCGAACTC-1"
"Layer 5","TTATCCGGGATCTATA-1"
"Layer 2","TTATCCTCAAGGAATA-1"
"Layer 3","TTATCGCCTGCGAAGC-1"
"Layer 2","TTATCTGACATTAGGA-1"
"Layer 6","TTATCTGTATCATAAC-1"
"Layer 5","TTATGAATGAAAGGGA-1"
"Layer 5","TTATGACAAACTGGAT-1"
"Layer 6","TTATGATCTTAACGAA-1"
"Layer 3","TTATGTTTGCGATAGA-1"
"Layer 5","TTATTAGAGCGTGTTC-1"
"Layer 6","TTATTAGGGAAGCATC-1"
"WM","TTATTATCTGGAAGGC-1"
"Layer 6","TTATTTAGGTTCCTTA-1"
"Layer 6","TTCAAAGTCTCTAGCC-1"
"Layer 6","TTCAACGACCCGACCG-1"
"Layer 6","TTCAAGCCGAGCTGAG-1"
"Layer 6","TTCAATACTCTGAATC-1"
"Layer 5","TTCACGAAAGGATCAC-1"
"Layer 2","TTCACGGTCGTCACGT-1"
"Layer 3","TTCACTCGAGCACCTA-1"
"Layer 1","TTCACTTCCTAGAACG-1"
"Layer 5","TTCAGCCCTGGTCCAC-1"
"Layer 5","TTCAGCTGGCGTGCCC-1"
"Layer 1","TTCAGGCGTCAAAGCC-1"
"Layer 1","TTCAGTTCAAGAGGAG-1"
"Layer 2","TTCAGTTTGTGGCAGC-1"
"Layer 3","TTCATAGGGTGTCCAT-1"
"Layer 6","TTCATGGCGCAACAGG-1"
"Layer 6","TTCCAATCAGAGCTAG-1"
"Layer 3","TTCCAATCTGGCTATC-1"
"Layer 3","TTCCACACAGATTTGA-1"
"WM","TTCCAGACGAGATTTA-1"
"Layer 1","TTCCAGTGGGTTTCGT-1"
"Layer 5","TTCCATCATGCGGTGA-1"
"Layer 5","TTCCATCGACAGCGTG-1"
"Layer 2","TTCCCGGCGCCAATAG-1"
"Layer 5","TTCCGCAGAGAAATAT-1"
"Layer 5","TTCCGCGTGAGGCGAT-1"
"Layer 2","TTCCGGCCTTGAGGCT-1"
"Layer 4","TTCCGGCTCGACTTCT-1"
"Layer 6","TTCCGGTATCTGTGTC-1"
"Layer 6","TTCCGGTTACCCACTT-1"
"Layer 6","TTCCTCGAGGGTGTCT-1"
"Layer 5","TTCCTCGGACTAACCA-1"
"Layer 1","TTCCTCTGCCCGAATA-1"
"Layer 1","TTCGAACGAAACATGC-1"
"Layer 4","TTCGACAGAGCCCGTG-1"
"Layer 5","TTCGACGGGAAGGGCG-1"
"Layer 3","TTCGAGCCGGCGCTAC-1"
"Layer 5","TTCGCACTCGCGTGCT-1"
"Layer 3","TTCGCACTGTACGACA-1"
"Layer 3","TTCGCCGCTCGCGCTA-1"
"Layer 2","TTCGCGCGCCATACGA-1"
"Layer 6","TTCGCTAGGAAGTTGT-1"
"Layer 5","TTCGCTATCTGACGTG-1"
"Layer 3","TTCGGACTGGGCATGG-1"
"Layer 6","TTCGGCAACCCGCTGA-1"
"Layer 4","TTCGGCTAGAGATGGT-1"
"Layer 6","TTCGGGACTAATCGCG-1"
"Layer 1","TTCGGGCGCTAGTCTT-1"
"Layer 6","TTCGGGTTGCCACGGG-1"
"Layer 2","TTCGGTACTGTAGAGG-1"
"WM","TTCGGTGGAGACGCCC-1"
"Layer 6","TTCGTAATCCCAGCGG-1"
"Layer 3","TTCGTACTCCAGAACG-1"
"Layer 5","TTCGTTCAACGAAGTT-1"
"WM","TTCTAACCGAAGCTTA-1"
"Layer 2","TTCTACCTCAATCGGT-1"
"Layer 5","TTCTACTTGCGAGGGC-1"
"Layer 1","TTCTAGAAAGTCTTAT-1"
"Layer 5","TTCTAGGCCAATTGTG-1"
"Layer 5","TTCTATGCCTTTCGCA-1"
"Layer 1","TTCTATTAAACGCAGC-1"
"Layer 3","TTCTCAATTGCTACAA-1"
"Layer 3","TTCTCTTACAGGTGAT-1"
"Layer 5","TTCTGACCGGGCTCAA-1"
"Layer 4","TTCTGCCGCGCCTAGA-1"
"Layer 2","TTCTGCGAGCGCCCTT-1"
"Layer 6","TTCTGCGGGTTAGCGG-1"
"Layer 6","TTCTGCTAGACTCCAA-1"
"Layer 3","TTCTGTTTCCTGTCGC-1"
"Layer 5","TTCTTAGTGAACGGTG-1"
"Layer 6","TTCTTAGTGGCTCAGA-1"
"Layer 3","TTCTTGAGCCGCGCTA-1"
"WM","TTCTTGCTAGCATCTC-1"
"Layer 1","TTCTTGGACGATCTGC-1"
"Layer 6","TTCTTGGAGTAATGAG-1"
"Layer 5","TTCTTGTAACCTAATG-1"
"Layer 2","TTCTTGTGTCCATCAG-1"
"Layer 5","TTCTTTGGTCGCGACG-1"
"Layer 6","TTGAAACCCTCATTCC-1"
"Layer 5","TTGAAAGGTGTAAAGG-1"
"Layer 3","TTGAACGAATCCTTTG-1"
"Layer 5","TTGAACGACGTGCTGA-1"
"Layer 5","TTGAAGAATTCCCAGG-1"
"Layer 3","TTGAAGGATGGGCGCC-1"
"Layer 6","TTGAATATGGACTTTC-1"
"Layer 2","TTGAATCGTTGTATAA-1"
"WM","TTGAATTCACGTGAGG-1"
"Layer 6","TTGACAGGAGCTCCCG-1"
"Layer 2","TTGACATGAACGTGGA-1"
"Layer 3","TTGACCAGGAACAACT-1"
"Layer 6","TTGACCATGTTCTCCG-1"
"Layer 1","TTGACCGTGTTAATGA-1"
"Layer 3","TTGACTACCATATGGT-1"
"WM","TTGACTATTGTCCGGC-1"
"Layer 5","TTGAGAAGTTTAGCAT-1"
"Layer 3","TTGAGAGTACTGCTAA-1"
"WM","TTGAGCAGCCCACGGT-1"
"Layer 6","TTGAGCGCCACGTGAT-1"
"Layer 6","TTGAGTCCCGCTGCTG-1"
"Layer 5","TTGATAGTCAATACAT-1"
"Layer 5","TTGATCTAACTTTGTC-1"
"Layer 1","TTGATGCCGCTCGTCG-1"
"Layer 6","TTGATGTGTAGTCCCG-1"
"Layer 2","TTGATTAGCTGTTTCT-1"
"Layer 4","TTGATTATGCAGATGA-1"
"Layer 2","TTGCAAGAAGACTCCT-1"
"Layer 4","TTGCACAATTCAGAAA-1"
"Layer 6","TTGCACGGAGCAGCAC-1"
"Layer 3","TTGCATGCTGATCACG-1"
"WM","TTGCCAAGCAGAACCC-1"
"Layer 1","TTGCCATAGCCCGCTC-1"
"Layer 3","TTGCCCTGATCACGGG-1"
"Layer 3","TTGCCGCAGACCTACA-1"
"Layer 3","TTGCCGCTTTCTAGTA-1"
"Layer 5","TTGCCGGTGATCCCTC-1"
"Layer 2","TTGCCTAATCCAAAGT-1"
"Layer 5","TTGCCTTCTCGCCGGG-1"
"Layer 4","TTGCGCACAACCACGT-1"
"Layer 3","TTGCGCTCTCTCGCTT-1"
"Layer 5","TTGCGCTTGATCAATA-1"
"Layer 1","TTGCGGAAAGCTGCCC-1"
"Layer 2","TTGCGGCATCAGAAAG-1"
"Layer 3","TTGCGTAGTTTGAGGA-1"
"Layer 2","TTGCGTCGGCCAACCG-1"
"Layer 5","TTGCGTGAACGCTTAG-1"
"Layer 3","TTGCGTGTGTAGGCAT-1"
"Layer 5","TTGCTCATAGTACGTG-1"
"Layer 6","TTGCTCCCATACCGGA-1"
"Layer 6","TTGCTGAAGGAACCAC-1"
"Layer 5","TTGCTGATCATGTTCG-1"
"Layer 3","TTGCTGCACCTATCCA-1"
"Layer 1","TTGGAAGAATACAGTC-1"
"Layer 3","TTGGACATGTGGCTTA-1"
"Layer 6","TTGGACCATCTGGCAA-1"
"Layer 5","TTGGACCTATAACAGT-1"
"Layer 3","TTGGATATCGTCTACG-1"
"Layer 5","TTGGATCGACTTCTGG-1"
"Layer 6","TTGGATTGGGTACCAC-1"
"Layer 3","TTGGCCAAATTGTATC-1"
"Layer 4","TTGGCCATCTTGCGCT-1"
"Layer 6","TTGGCCTAGAATTTCG-1"
"Layer 5","TTGGCGATCCGAATAT-1"
"Layer 5","TTGGCTCAATATGTGT-1"
"Layer 5","TTGGCTCGCATGAGAC-1"
"Layer 2","TTGGGAAGACGAGCCG-1"
"Layer 6","TTGGGACACTGCCCGC-1"
"WM","TTGGGACGTAAGAGTT-1"
"Layer 6","TTGGGCGGCGGTTGCC-1"
"Layer 3","TTGGGTTTATTCAGCG-1"
"Layer 5","TTGGTATGGCTTGTGT-1"
"Layer 3","TTGGTCACACTCGTAA-1"
"Layer 6","TTGGTTCGCTCAAAGG-1"
"Layer 1","TTGGTTGCGGTGCGCG-1"
"Layer 2","TTGTAAGGACCTAAGT-1"
"WM","TTGTAAGGCCAGTTGG-1"
"Layer 5","TTGTAATCCGTACTCG-1"
"Layer 3","TTGTACACCTCGAACA-1"
"Layer 6","TTGTATCACACAGAAT-1"
"Layer 3","TTGTCACCGCGGTATC-1"
"Layer 6","TTGTCGTTCAGTTACC-1"
"Layer 1","TTGTCTCGGCAAGATG-1"
"Layer 5","TTGTGAACCTAATCCG-1"
"Layer 1","TTGTGAGGCATGACGC-1"
"Layer 5","TTGTGATCTGTTCAGT-1"
"Layer 3","TTGTGCAGCCACGTCA-1"
"Layer 3","TTGTGCGGAAGCGGAT-1"
"Layer 3","TTGTGGAGACAGCCGG-1"
"Layer 6","TTGTGGCCCTGACAGT-1"
"Layer 1","TTGTGGTAGGAGGGAT-1"
"Layer 4","TTGTGGTATAGGTATG-1"
"Layer 5","TTGTGGTGGTACTAAG-1"
"Layer 3","TTGTGTATGCCACCAA-1"
"Layer 3","TTGTGTTTCCCGAAAG-1"
"Layer 5","TTGTTAGCAAATTCGA-1"
"Layer 6","TTGTTCAGTGTGCTAC-1"
"Layer 3","TTGTTCTAGATACGCT-1"
"Layer 1","TTGTTGGCAATGACTG-1"
"Layer 6","TTGTTGTGTGTCAAGA-1"
"Layer 1","TTGTTTCACATCCAGG-1"
"Layer 1","TTGTTTCATTAGTCTA-1"
"Layer 2","TTGTTTCCATACAACT-1"
"Layer 1","TTGTTTGTATTACACG-1"
