"manual_layer_label","barcode"
"Layer 3","AAACAAGTATCTCCCA-1"
"Layer 6","AAACAATCTACTAGCA-1"
"Layer 5","AAACACCAATAACTGC-1"
"Layer 2","AAACAGAGCGACTCCT-1"
"Layer 6","AAACAGCTTTCAGAAG-1"
"Layer 5","AAACAGGGTCTATATT-1"
"Layer 3","AAACAGTGTTCCTGGG-1"
"Layer 6","AAACATGGTGAGAGGA-1"
"Layer 3","AAACATTTCCCGGATT-1"
"Layer 4","AAACCCGAACGAAATC-1"
"Layer 5","AAACCGGAAATGTTAA-1"
"Layer 5","AAACCGGGTAGGTACC-1"
"Layer 3","AAACCGTTCGTCCAGG-1"
"Layer 2","AAACCTAAGCAGCCGG-1"
"Layer 5","AAACCTCATGAAGTTG-1"
"Layer 4","AAACGAAGAACATACC-1"
"Layer 6","AAACGAAGATGGAGTA-1"
"Layer 2","AAACGAGACGGTTGAT-1"
"Layer 5","AAACGCTGGGCACGAC-1"
"Layer 3","AAACGGGCGTACGGGT-1"
"Layer 3","AAACGGTTGCGAACTG-1"
"Layer 3","AAACGTGTTCGCCCTA-1"
"Layer 3","AAACTAACGTGGCGAC-1"
"Layer 3","AAACTCGTGATATAAG-1"
"Layer 3","AAACTGCTGGCTCCAA-1"
"Layer 5","AAACTTAATTGCACGC-1"
"Layer 5","AAACTTGCAAACGTAT-1"
"Layer 6","AAAGAATGACCTTAGA-1"
"Layer 4","AAAGAATGTGGACTAA-1"
"Layer 2","AAAGACATGAAGTTTA-1"
"Layer 5","AAAGACCCAAGTCGCG-1"
"Layer 6","AAAGACTGGGCGCTTT-1"
"Layer 4","AAAGCTTGCCTACATA-1"
"Layer 5","AAAGGCCCTATAATAC-1"
"Layer 3","AAAGGCTACGGACCAT-1"
"Layer 3","AAAGGCTCTCGCGCCG-1"
"Layer 3","AAAGGGATGTAGCAAG-1"
"Layer 6","AAAGGGCAGCTTGAAT-1"
"Layer 2","AAAGGTAAGCTGTACC-1"
"Layer 5","AAAGTAGCATTGCTCA-1"
"Layer 5","AAAGTCACTGATGTAA-1"
"Layer 6","AAAGTCGACCCTCAGT-1"
"Layer 5","AAAGTGCCATCAATTA-1"
"Layer 3","AAAGTGTGATTTATCT-1"
"Layer 3","AAAGTTGACTCCCGTA-1"
"Layer 2","AAATAACCATACGGGA-1"
"Layer 3","AAATAAGGTAGTGCCC-1"
"Layer 2","AAATACCTATAAGCAT-1"
"Layer 3","AAATAGCTTAGACTTT-1"
"Layer 2","AAATAGGGTGCTATTG-1"
"Layer 3","AAATCACTCCTAAACG-1"
"Layer 3","AAATCCGATACACGCC-1"
"Layer 6","AAATCGCGGAAGGAGT-1"
"Layer 3","AAATCGTGTACCACAA-1"
"Layer 3","AAATCTAGCCCTGCTA-1"
"Layer 2","AAATGACTGATCAAAC-1"
"Layer 3","AAATGATTCGATCAGC-1"
"Layer 6","AAATGCTCGTTACGTT-1"
"Layer 3","AAATGGCATGTCTTGT-1"
"Layer 5","AAATGGCCCGTGCCCT-1"
"Layer 4","AAATGGTCAATGTGCC-1"
"Layer 5","AAATGTGGGTGCTCCT-1"
"Layer 3","AAATTAACGGGTAGCT-1"
"Layer 2","AAATTACACGACTCTG-1"
"Layer 4","AAATTCCAGGTCCAAA-1"
"Layer 4","AAATTGATAGTCCTTT-1"
"Layer 3","AAATTGGTGAGAAGCA-1"
"Layer 2","AAATTTACCGAAATCC-1"
"Layer 5","AAATTTGCGGGTGTGG-1"
"Layer 5","AACAACTGGTAGTTGC-1"
"Layer 4","AACAATACATTGTCGA-1"
"Layer 6","AACAATTACTCTACGC-1"
"Layer 3","AACACACGCTCGCCGC-1"
"Layer 4","AACACGACTGTACTGA-1"
"Layer 5","AACACGAGACGCGGCC-1"
"Layer 6","AACACGCGGCCGCGAA-1"
"Layer 4","AACAGCTGTGTGGCAA-1"
"Layer 3","AACAGGAAATCGAATA-1"
"Layer 5","AACAGGATGGGCCGCG-1"
"Layer 4","AACAGGTAGTATGGAT-1"
"Layer 3","AACATAGCGTGTATCG-1"
"Layer 3","AACATATCAACTGGTG-1"
"Layer 3","AACATCGATACGTCTA-1"
"Layer 5","AACATTGAAGTTGATC-1"
"Layer 3","AACATTGTGACTCGAG-1"
"Layer 5","AACCAAGACTTCTCTG-1"
"Layer 2","AACCAGTATCACTCTT-1"
"Layer 5","AACCATAGGGTTGAAC-1"
"Layer 6","AACCATGGGATCGCTA-1"
"Layer 5","AACCCAGAGACGGAGA-1"
"Layer 5","AACCCATCCCATGATC-1"
"Layer 3","AACCCGACAACCCGTG-1"
"Layer 4","AACCCGAGCAGAATCG-1"
"Layer 2","AACCCGCTGTATTCCA-1"
"Layer 3","AACCCTACTGTCAATA-1"
"Layer 3","AACCCTGGTGGAACCA-1"
"Layer 3","AACCGAGCTTGGTCAT-1"
"Layer 3","AACCGCTAAGGGATGC-1"
"Layer 4","AACCGTTGTGTTTGCT-1"
"Layer 4","AACCTGTCACGGAATT-1"
"Layer 2","AACCTTTAAATACGGT-1"
"Layer 2","AACCTTTACGACGTCT-1"
"Layer 5","AACGAAAGTCGTCCCA-1"
"Layer 5","AACGACCTCCTAGCCG-1"
"Layer 3","AACGATATGTCAACTG-1"
"Layer 3","AACGCATGATCTGGGT-1"
"Layer 3","AACGCGACCTTGGGCG-1"
"Layer 3","AACGCGGTCTCCAGCC-1"
"Layer 3","AACGCTGTTGCTGAAA-1"
"Layer 3","AACGGACGTACGTATA-1"
"Layer 4","AACGGCCATCTCCGGT-1"
"Layer 4","AACGTACTGTGGGTAC-1"
"Layer 5","AACGTCAGACTAGTGG-1"
"Layer 2","AACGTCATCCGGCTTG-1"
"Layer 4","AACGTCGCTGCACTTC-1"
"Layer 3","AACGTGATGAAGGACA-1"
"Layer 3","AACGTGCGAAAGTCTC-1"
"Layer 4","AACTACCCGTTTGTCA-1"
"Layer 6","AACTAGCGTATCGCAC-1"
"Layer 3","AACTAGGCTTGGGTGT-1"
"Layer 4","AACTCAAGTTAATTGC-1"
"Layer 3","AACTCCAGAGCGTGTT-1"
"Layer 2","AACTCCTAATCCCATG-1"
"Layer 6","AACTCGATGGCGCAGT-1"
"Layer 2","AACTCTCAATAGAGCG-1"
"Layer 3","AACTCTCAGTGTGCTC-1"
"Layer 3","AACTGAGGTCAGCGTC-1"
"Layer 5","AACTGAGTTATACTGA-1"
"Layer 3","AACTGATATTAGGCCT-1"
"Layer 3","AACTGGGTCCCGACGT-1"
"Layer 2","AACTGGGTTCGAGCCG-1"
"Layer 5","AACTGGTGTGGGCCTT-1"
"Layer 5","AACTTGCCCGTATGCA-1"
"Layer 5","AACTTTAGCTGCTGAG-1"
"Layer 4","AACTTTCTCGATCATG-1"
"Layer 4","AAGAAATCACCAGATT-1"
"Layer 4","AAGACATACGTGGTTT-1"
"Layer 5","AAGACCAAATAACTCA-1"
"Layer 3","AAGACCCAACTGAACA-1"
"Layer 2","AAGACTCACGCCCACT-1"
"Layer 3","AAGACTGCAAGCTACT-1"
"Layer 5","AAGAGATGAATCGGTA-1"
"Layer 2","AAGAGCTCTTTATCGG-1"
"Layer 5","AAGAGGATGTACGCGA-1"
"Layer 2","AAGAGGCATGGATCGC-1"
"Layer 4","AAGAGGCCCTTTGGAA-1"
"Layer 3","AAGATGGCACCGGACC-1"
"Layer 2","AAGCATACTCTCCTGA-1"
"Layer 4","AAGCCACTTGCAGGTA-1"
"Layer 3","AAGCCGAAGCGGTTTA-1"
"Layer 5","AAGCCGCCGTGAAATC-1"
"Layer 4","AAGCCGCTTTACCTTG-1"
"Layer 5","AAGCCGGAGAGCAGGA-1"
"Layer 3","AAGCGGAGTGCGCGCA-1"
"Layer 2","AAGCGGCGTCATGGGT-1"
"Layer 4","AAGCGTCCCTCATCGA-1"
"Layer 2","AAGCTAGATCGAGTAA-1"
"Layer 3","AAGCTCGTGCCAAGTC-1"
"Layer 2","AAGCTCTTTCATGGTG-1"
"Layer 5","AAGGAGAACTTATAAG-1"
"Layer 4","AAGGAGCGGTTGGTGC-1"
"Layer 3","AAGGATCGATCGCTTG-1"
"Layer 4","AAGGCAGGCTGTCTCC-1"
"Layer 5","AAGGCGCGTAAAGCTT-1"
"Layer 4","AAGGCTGTGCTCATCG-1"
"Layer 5","AAGGGAACGACTGGCT-1"
"Layer 5","AAGGGACTATGCATTC-1"
"Layer 6","AAGGGTTTGATTTCAG-1"
"Layer 2","AAGGTATCCTAATATA-1"
"Layer 2","AAGGTGATAAACCAGC-1"
"Layer 5","AAGTAGAAGACCGGGT-1"
"Layer 5","AAGTAGTGACGCGAGG-1"
"Layer 3","AAGTCAATTGTCGTCA-1"
"Layer 4","AAGTCTAGTAGCTGCC-1"
"Layer 6","AAGTCTTCTGTGGCCT-1"
"Layer 5","AAGTGACGACCGAATT-1"
"Layer 3","AAGTGAGTCGGGTTTA-1"
"Layer 3","AAGTGCCTTGACTGTA-1"
"Layer 5","AAGTGCGTTAGAATCT-1"
"Layer 3","AAGTGCTTCTCTATTG-1"
"Layer 3","AAGTTCAGTCTGCGTA-1"
"Layer 4","AAGTTCGGCCAACAGG-1"
"Layer 4","AAGTTGTGATGTTATA-1"
"Layer 4","AAGTTTACTAATGGCA-1"
"Layer 5","AATAACAACGCTCGGC-1"
"Layer 4","AATAACACTAGAACAA-1"
"Layer 3","AATAAGTCCTCGAGAC-1"
"Layer 5","AATAATCTTCGTATCG-1"
"Layer 6","AATACAATGTTTCAGG-1"
"Layer 3","AATACCGGAGGGCTGT-1"
"Layer 4","AATACCTGATGTGAAC-1"
"Layer 3","AATAGAACAGAGTGGC-1"
"Layer 2","AATAGAATCTGTTTCA-1"
"Layer 3","AATAGCTACCGCGTGC-1"
"Layer 3","AATAGGCACGACCCTT-1"
"Layer 3","AATAGTCCGTCCCGAC-1"
"Layer 6","AATATCAAGGTCGGAT-1"
"Layer 6","AATATCCTAGCAAACT-1"
"Layer 4","AATATCGAATCAATGC-1"
"Layer 3","AATATCGAGGGTTCTC-1"
"Layer 5","AATATTGGAGTATTGA-1"
"Layer 4","AATCAGGTTTCATTTA-1"
"Layer 3","AATCATGTAAAGACTC-1"
"Layer 5","AATCCAAGGGCCTGAG-1"
"Layer 2","AATCCCGCTCAGAGCC-1"
"Layer 3","AATCGAGGTCTCAAGG-1"
"Layer 2","AATCGCCTCAGCGCCA-1"
"Layer 4","AATCGCGCAGAGGACT-1"
"Layer 4","AATCGGGACACTACGA-1"
"Layer 4","AATCGGTATAGCCCTC-1"
"Layer 3","AATCGTGAGCCGAGCA-1"
"Layer 5","AATCTAGGTTTACTTG-1"
"Layer 3","AATCTATGCCGGAGCC-1"
"Layer 6","AATCTCTACTGTGGTT-1"
"Layer 5","AATCTGGCTTTCTAGT-1"
"Layer 2","AATCTGGGTAGACCCT-1"
"Layer 5","AATGACAGCAATGTCT-1"
"Layer 5","AATGACTGTCAGCCGG-1"
"Layer 3","AATGATGCGACTCCTG-1"
"Layer 3","AATGCAACCGGGTACC-1"
"Layer 2","AATGCACCAAGCAATG-1"
"Layer 6","AATGGTCCACCGTTCA-1"
"Layer 6","AATGGTTCTCACAAGC-1"
"Layer 5","AATGTATGGCACTGTA-1"
"Layer 5","AATGTGCCCGAGGTGT-1"
"Layer 4","AATGTGCTAATCTGAG-1"
"Layer 3","AATGTTAAGACCCTGA-1"
"Layer 4","AATGTTGTCGTGAGAC-1"
"Layer 3","AATTAAAGGTCGGCGT-1"
"Layer 2","AATTAACGGATTTCCA-1"
"Layer 5","AATTACGAGACCCATC-1"
"Layer 3","AATTAGCGCTGCAGCG-1"
"Layer 3","AATTATACCCAGCAAG-1"
"Layer 5","AATTCATTGTCATGCA-1"
"Layer 3","AATTCCAAGCATGTAC-1"
"Layer 3","AATTCTAGAGTTAGGC-1"
"Layer 3","AATTGCAGCAATCGAC-1"
"Layer 5","AATTGCGTGGATTACA-1"
"Layer 5","AATTGTGGTTGCCAAA-1"
"Layer 2","AATTTGGGACATAGTA-1"
"Layer 3","AATTTGGTTCCAAAGA-1"
"Layer 5","ACAAACCATGCGTCCT-1"
"Layer 3","ACAAACTCCATCAGAG-1"
"Layer 6","ACAAAGAAGGTAGGCC-1"
"Layer 3","ACAAAGCATGACCTAG-1"
"Layer 2","ACAAATCGCACCGAAT-1"
"Layer 2","ACAAATGGTAGTGTTT-1"
"Layer 3","ACAACAGCATGAGCTA-1"
"Layer 6","ACAACGGTCCCTGCGA-1"
"Layer 5","ACAAGCAGTGCCTAGC-1"
"Layer 5","ACAAGGACAAGAGGTT-1"
"Layer 3","ACAAGGATGCTTTAGG-1"
"Layer 4","ACAAGTAATTGTAAGG-1"
"Layer 5","ACAATAGTCGTACGTT-1"
"Layer 5","ACAATCCATTTAAACC-1"
"Layer 4","ACAATCGATCTTTATA-1"
"Layer 4","ACAATGAATACGGAGA-1"
"Layer 3","ACAATGATTCTTCTAC-1"
"Layer 3","ACAATTGTGTCTCTTT-1"
"Layer 2","ACAATTTGAGCAGTGG-1"
"Layer 5","ACAATTTGGCCATATT-1"
"Layer 4","ACACAAAGACGGGTGG-1"
"Layer 3","ACACAAATATTCCTAG-1"
"Layer 2","ACACACCAGGACCAGT-1"
"Layer 4","ACACACTTTCTACACG-1"
"Layer 5","ACACATGATCAAATCT-1"
"Layer 4","ACACCACATAATTAGC-1"
"Layer 4","ACACCCAGCATGCAGC-1"
"Layer 5","ACACCCGAGAAATCCG-1"
"Layer 5","ACACCGGTCTGACCGC-1"
"Layer 5","ACACCTTAAGTAGGGC-1"
"Layer 4","ACACCTTACTACTTGC-1"
"Layer 3","ACACGAGACTCCTTCT-1"
"Layer 3","ACACGGCACTATGCAT-1"
"Layer 3","ACACGGGAACTTAGGG-1"
"Layer 4","ACACGTAGGCCACAAG-1"
"Layer 3","ACACTGATCAAGGTGT-1"
"Layer 4","ACACTGGGACAGTCGT-1"
"Layer 5","ACAGAACTGAGAACAA-1"
"Layer 4","ACAGATTAGGTTAGTG-1"
"Layer 4","ACAGCATAGAGCCAGT-1"
"Layer 3","ACAGCGACATTCTCAT-1"
"Layer 3","ACAGCGCACCCGCAGC-1"
"Layer 3","ACAGGCACGGATCCTT-1"
"Layer 4","ACAGGTGGAGGTGAGG-1"
"Layer 5","ACAGTAATACAACTTG-1"
"Layer 3","ACAGTATACCGTGGGA-1"
"Layer 5","ACATAAGTCGTGGTGA-1"
"Layer 3","ACATAATAAGGCGGTG-1"
"Layer 3","ACATACAATCAAGCGG-1"
"Layer 6","ACATCAGCTGGGACGC-1"
"Layer 3","ACATCCCGGCCATACG-1"
"Layer 3","ACATCCTGGTAACTGT-1"
"Layer 3","ACATCGATCGTTTACC-1"
"Layer 4","ACATCGCAATATTCGG-1"
"Layer 4","ACATCGGTCAGCCGCG-1"
"Layer 3","ACATCGTTAACCTAGT-1"
"Layer 3","ACATCTCAACGCGTAA-1"
"Layer 5","ACATGCTTACGGCAGC-1"
"Layer 3","ACATGGCGCCAAAGTA-1"
"Layer 3","ACATTAGTTTATATCC-1"
"Layer 4","ACATTCGCGCGGAATA-1"
"Layer 4","ACATTTGAAACCTAAC-1"
"Layer 3","ACCAAACACCCAGCGA-1"
"Layer 4","ACCAAACTAGAAATCC-1"
"Layer 3","ACCAACACCACACACT-1"
"Layer 3","ACCAACCGCACTCCAC-1"
"Layer 3","ACCAACGCTTATTTAT-1"
"Layer 5","ACCAAGAACGCGTGTC-1"
"Layer 4","ACCAAGTCATCGGCAG-1"
"Layer 3","ACCACAACTCAGAACA-1"
"Layer 4","ACCACAAGTTTCTATC-1"
"Layer 3","ACCACACGGTTGATGG-1"
"Layer 3","ACCACCAATGTAACAA-1"
"Layer 4","ACCACCCTCTCTTCTA-1"
"Layer 6","ACCAGACCATAACAAC-1"
"Layer 3","ACCAGCCCGGTCTTTG-1"
"Layer 5","ACCAGGAGTGTGATCT-1"
"Layer 3","ACCAGTGCGGGAGACG-1"
"Layer 3","ACCATATCCGCAATAA-1"
"Layer 5","ACCATCCGCCAACTAG-1"
"Layer 4","ACCATCGTATATGGTA-1"
"Layer 6","ACCCACCTACATGCTC-1"
"Layer 5","ACCCATCTTGAGGGTA-1"
"Layer 3","ACCCATTTGTCCCTCT-1"
"Layer 4","ACCCGAGCGAAATTAC-1"
"Layer 3","ACCCGATTGGTTCCGA-1"
"Layer 2","ACCCGGAAACTCCCAG-1"
"Layer 5","ACCCGGAGCACCACAA-1"
"Layer 3","ACCCGGATGACGCATC-1"
"Layer 3","ACCCGGTTACACTTCC-1"
"Layer 5","ACCCGTAGCAGAGAAT-1"
"Layer 4","ACCCGTAGTCTAGTTG-1"
"Layer 3","ACCCGTGTCATCAGTA-1"
"Layer 3","ACCCTATGCCATATCG-1"
"Layer 3","ACCCTCCCGTCAGGGC-1"
"Layer 3","ACCCTGGTAACGCCCT-1"
"Layer 3","ACCCTTCATCTGCGAA-1"
"Layer 4","ACCCTTGCCTGGGTCG-1"
"Layer 3","ACCCTTTAGTTCTCCA-1"
"Layer 5","ACCGAAAGGGCCCTGC-1"
"Layer 5","ACCGAAGAGTCTGGTT-1"
"Layer 2","ACCGACACATCTCCCA-1"
"Layer 3","ACCGACTGAGTCCCAC-1"
"Layer 2","ACCGAGTCTCCTTATT-1"
"Layer 4","ACCGATAGGCATAACC-1"
"Layer 5","ACCGATATTTAATCAT-1"
"Layer 2","ACCGATGGTAGCATCG-1"
"Layer 3","ACCGCGGTGGAAGTCG-1"
"Layer 3","ACCGCTAGTCATTGGT-1"
"Layer 3","ACCGGGCCTTTGTTGA-1"
"Layer 5","ACCGGTCAGGTACACC-1"
"Layer 2","ACCGGTCTGAGTACGG-1"
"Layer 5","ACCGTCCACTGGGCCC-1"
"Layer 3","ACCGTGACCACGTGGG-1"
"Layer 4","ACCGTTCCCGCTCTGA-1"
"Layer 5","ACCTAAGTACCTTTCA-1"
"Layer 5","ACCTAATCGACTTCCT-1"
"Layer 4","ACCTACAGTATGTGGT-1"
"Layer 3","ACCTACTATAAATCTA-1"
"Layer 4","ACCTCCGCCCTCGCTG-1"
"Layer 3","ACCTCCGTTATTCACC-1"
"Layer 5","ACCTCGAACTTATGCT-1"
"Layer 5","ACCTGCGTGTCATGTT-1"
"Layer 5","ACGAAATGGGCGGCAC-1"
"Layer 5","ACGACCCATGAGTTGC-1"
"Layer 3","ACGACTCTAGGGCCGA-1"
"Layer 4","ACGACTGGTCATACTC-1"
"Layer 6","ACGAGAACCCATCACG-1"
"Layer 3","ACGAGATATTTGCTTA-1"
"Layer 5","ACGAGGATACCACTCT-1"
"Layer 5","ACGAGGTTTACAACGT-1"
"Layer 3","ACGAGTACGGATGCCC-1"
"Layer 3","ACGATACATAGAACTA-1"
"Layer 3","ACGATCATACATAGAG-1"
"Layer 3","ACGATCATCTTGTAAA-1"
"Layer 4","ACGATGCATATGTTAT-1"
"Layer 3","ACGATGGATCCGATGC-1"
"Layer 3","ACGCAAACTAATAGAT-1"
"Layer 3","ACGCAATCACTACAGC-1"
"Layer 3","ACGCATACGTTTACTA-1"
"Layer 3","ACGCATTCGTGAGTAC-1"
"Layer 2","ACGCCACTCGAAACAG-1"
"Layer 3","ACGCCAGATGATTTCT-1"
"Layer 4","ACGCCAGTGCGTTTGC-1"
"Layer 3","ACGCCCAGCTGTCGAT-1"
"Layer 2","ACGCCGCTAGACGACC-1"
"Layer 3","ACGCGAAGTCAGACGA-1"
"Layer 5","ACGCGCTACACAGGGT-1"
"Layer 3","ACGCGGGCCAAGGACA-1"
"Layer 5","ACGCTACTGAATGGGC-1"
"Layer 3","ACGCTAGTGATACACT-1"
"Layer 5","ACGCTGTGAGGCGTAG-1"
"Layer 3","ACGCTTAGTGTCTCTC-1"
"Layer 4","ACGGAACACGAGTGCC-1"
"Layer 6","ACGGAATTTAGCAAAT-1"
"Layer 5","ACGGACGCAGCGACAA-1"
"Layer 3","ACGGAGCGCAAATTAC-1"
"Layer 3","ACGGCACTTGCTTGGG-1"
"Layer 3","ACGGCCAACATGGACT-1"
"Layer 5","ACGGCTGGATGTAGAA-1"
"Layer 5","ACGGGAGTGTCGGCCC-1"
"Layer 3","ACGGGCGTATGCGACA-1"
"Layer 3","ACGGTACAGTTCAATG-1"
"Layer 5","ACGGTCACCGAGAACA-1"
"Layer 3","ACGTACAGATTTCTCT-1"
"Layer 4","ACGTACTTTGGCACGG-1"
"Layer 3","ACGTAGATTGCTGATG-1"
"Layer 3","ACGTATTACTCCGATC-1"
"Layer 6","ACGTCGGGCAACTCGG-1"
"Layer 6","ACGTCTCGTTCCGGGA-1"
"Layer 6","ACGTGACAAAGTAAGT-1"
"Layer 3","ACGTGCGCCTCGTGCA-1"
"Layer 3","ACGTGGTCGAATGTGC-1"
"Layer 3","ACGTTAATGTCGAAGA-1"
"Layer 4","ACGTTAGATTTGCCCG-1"
"Layer 3","ACGTTCACTATGCCGC-1"
"Layer 5","ACGTTCCGCGCTCCGT-1"
"Layer 3","ACGTTCGCAATCAATT-1"
"Layer 3","ACGTTCGTTCAGGAAA-1"
"Layer 3","ACGTTCTGTACAAGTC-1"
"Layer 3","ACGTTGTCGTTGAAAG-1"
"Layer 3","ACGTTTAGTTGTGATC-1"
"Layer 3","ACTAAGGACGCACACC-1"
"Layer 2","ACTAATACGTCAGGCG-1"
"Layer 3","ACTACAAAGAGAGGTG-1"
"Layer 5","ACTACATCCCGACAAG-1"
"Layer 5","ACTACCAGCTCTCTGG-1"
"Layer 4","ACTACCATCCGAGGGC-1"
"Layer 3","ACTACGCGTTAGAATT-1"
"Layer 3","ACTAGTTGCGATCGTC-1"
"Layer 3","ACTATCCAGGGCATGG-1"
"Layer 4","ACTATCTGCCCGCGTA-1"
"Layer 5","ACTATGTCCAGCTGCC-1"
"Layer 3","ACTATTCGTCCGTGGT-1"
"Layer 3","ACTATTTCCGGGCCCA-1"
"Layer 6","ACTCAACGAATGTATT-1"
"Layer 2","ACTCAAGTGCAAGGCT-1"
"Layer 3","ACTCAATAAAGGCACG-1"
"Layer 6","ACTCAGACCTGCTTCT-1"
"Layer 5","ACTCATGGCAGCCTTC-1"
"Layer 4","ACTCCAATATCATCAT-1"
"Layer 5","ACTCCCATTCCTAAAG-1"
"Layer 3","ACTCCCGAATTCGTTT-1"
"Layer 4","ACTCCCGTAGACTAGG-1"
"Layer 2","ACTCCCTAATGCTAAA-1"
"Layer 2","ACTCCCTAGAATAGTA-1"
"Layer 3","ACTCCGGCCGACCACT-1"
"Layer 4","ACTCGCCGTTCGATAA-1"
"Layer 5","ACTCGCGATCTGACGC-1"
"Layer 5","ACTCGTAACCCGTCCT-1"
"Layer 2","ACTCGTCAGTAATCCC-1"
"Layer 3","ACTCTCTTATACACGA-1"
"Layer 3","ACTCTGACCTAATAGA-1"
"Layer 5","ACTCTTCAGCTCCCGC-1"
"Layer 3","ACTCTTGTATAGTAAC-1"
"Layer 3","ACTGAAACGCCGTTAG-1"
"Layer 2","ACTGAATGGCGAAAGT-1"
"Layer 3","ACTGATTTAGTGATTC-1"
"Layer 4","ACTGCCCGCCATTCTC-1"
"Layer 3","ACTGCCGTCGTAACTC-1"
"Layer 4","ACTGCGGACACACCGT-1"
"Layer 5","ACTGCTCGGAAGGATG-1"
"Layer 3","ACTGGCGAACCTGCGT-1"
"Layer 3","ACTGGGATGCCAGTGC-1"
"Layer 3","ACTGTACGATACACAT-1"
"Layer 5","ACTGTAGCACTTTGGA-1"
"Layer 6","ACTGTATACGCGAGCA-1"
"Layer 3","ACTGTCCAGGATTATA-1"
"Layer 3","ACTGTCTTCTTTAGAA-1"
"Layer 6","ACTGTGCTAGTAGATC-1"
"Layer 4","ACTGTTTAGTGTAGGC-1"
"Layer 6","ACTTAGTACGACAAGA-1"
"Layer 3","ACTTATTAGGATCGGT-1"
"Layer 2","ACTTATTTATGTGCCA-1"
"Layer 2","ACTTCAGGCTGATCCC-1"
"Layer 6","ACTTCCAGTGGAAGCT-1"
"Layer 2","ACTTCCATGCGGGACA-1"
"Layer 3","ACTTCCTGTCGTGCGA-1"
"Layer 3","ACTTCGCCATACGCAC-1"
"Layer 5","ACTTCGCTAGCGAGTG-1"
"Layer 2","ACTTGACTCCCTCTTT-1"
"Layer 5","ACTTGCCATATTGTAC-1"
"Layer 4","ACTTGGGACCCGGTGG-1"
"Layer 2","ACTTGGGCTTTCGCCA-1"
"Layer 5","ACTTGTAGTCCCTTCA-1"
"Layer 4","ACTTGTGGATGGAACG-1"
"Layer 2","ACTTGTTACCGGATCA-1"
"Layer 3","ACTTTACCCTCATGAA-1"
"Layer 5","ACTTTATACACCACTT-1"
"Layer 3","ACTTTCCTATAGCTTC-1"
"Layer 6","ACTTTGACTGCATCCT-1"
"Layer 5","ACTTTGGTCGTGCTCC-1"
"Layer 5","ACTTTGTCGACGCACT-1"
"Layer 4","AGAAATTATGACTCGC-1"
"Layer 5","AGAACACGGCGATGGT-1"
"Layer 5","AGAACCCAGCGTGACA-1"
"Layer 5","AGAACCCTCAATTGGG-1"
"Layer 3","AGAACGTGGTACATTC-1"
"Layer 3","AGAACTGTACTTTGTA-1"
"Layer 5","AGAAGGTACACTTCAC-1"
"Layer 4","AGAAGGTTGCCGAATT-1"
"Layer 5","AGAAGTGATTCGTGAT-1"
"Layer 6","AGAATAAATCTTCAGG-1"
"Layer 4","AGAATACAGGCTATCC-1"
"Layer 3","AGAATGCGGGTTCGGA-1"
"Layer 3","AGAATTATGGATTCGA-1"
"Layer 6","AGAATTGTTTGACATA-1"
"Layer 5","AGACAGGCATCTCAGC-1"
"Layer 5","AGACATAGATCCTTCC-1"
"Layer 5","AGACCAAACCACACCT-1"
"Layer 6","AGACCATGGGATACAA-1"
"Layer 3","AGACCCACCGCTGATC-1"
"Layer 4","AGACCCGCCCTCCTCG-1"
"Layer 4","AGACCGCTCCGCGGTT-1"
"Layer 5","AGACCGGGAAACCCTG-1"
"Layer 3","AGACGAAGTGCCGGTC-1"
"Layer 4","AGACGACGATGCCGCT-1"
"Layer 5","AGACGCCCACTTCGCC-1"
"Layer 4","AGACTAGCCTTCCAGA-1"
"Layer 3","AGACTGTTACCGGGTC-1"
"Layer 4","AGAGAAACACCAGAAA-1"
"Layer 4","AGAGAAGGAGTACAAT-1"
"Layer 5","AGAGATCTCTAAAGCG-1"
"Layer 6","AGAGCAGTTATGAGAC-1"
"Layer 4","AGAGCCGCCGAGATTT-1"
"Layer 4","AGAGCGCTTGTAACGG-1"
"Layer 3","AGAGCGGGCTAATCAT-1"
"Layer 6","AGAGCGTACAAGCTCG-1"
"Layer 3","AGAGGCTTCGGAAACC-1"
"Layer 3","AGAGGGACAATTGTCC-1"
"Layer 5","AGAGGTATCTCGGTCC-1"
"Layer 3","AGAGTAAACTTCACTA-1"
"Layer 4","AGAGTATAGTGTTACG-1"
"Layer 3","AGAGTGAACAGACACC-1"
"Layer 2","AGAGTTAGAGACCGAT-1"
"Layer 3","AGAGTTGCAGGCCTCC-1"
"Layer 4","AGATAACTTCAGGGCC-1"
"Layer 5","AGATAATCACACCTAT-1"
"Layer 4","AGATACCAATAGAACC-1"
"Layer 3","AGATACCAGCACTTCA-1"
"Layer 4","AGATACCGGTGTTCAC-1"
"Layer 6","AGATACGACTTCATAT-1"
"Layer 2","AGATACTCAAGATCGA-1"
"Layer 3","AGATCTCAGGTGTGAT-1"
"Layer 5","AGATCTGGAGAGGATA-1"
"Layer 4","AGATGACTCGCCCACG-1"
"Layer 3","AGATGATGGAGTCTGG-1"
"Layer 5","AGATGCAAGACGTGCA-1"
"Layer 6","AGATGCATCCTGTGTC-1"
"Layer 3","AGATTATAGGACGTTT-1"
"Layer 5","AGATTCACAACCGATA-1"
"Layer 2","AGCAACATATCTTATT-1"
"Layer 5","AGCAACCGAAAGTAAT-1"
"Layer 4","AGCACACGTTTAGACT-1"
"Layer 3","AGCACCAGTACTCACG-1"
"Layer 5","AGCACTACCGGCCTGT-1"
"Layer 5","AGCACTTAAGGACGCC-1"
"Layer 2","AGCAGAAGGAGAAAGA-1"
"Layer 3","AGCAGCCAGATGAATA-1"
"Layer 3","AGCAGTCGAAGCATGC-1"
"Layer 3","AGCATATCAATATGCT-1"
"Layer 5","AGCATCATTTCGAAAG-1"
"Layer 4","AGCATCGTCGATAATT-1"
"Layer 4","AGCATTACGAGGCAAG-1"
"Layer 3","AGCCAAGCTTTGTGTC-1"
"Layer 3","AGCCACAGGTTACCCG-1"
"Layer 2","AGCCACTCCCGTGCTT-1"
"Layer 2","AGCCATATAGTATGTG-1"
"Layer 5","AGCCCATACATGTAAG-1"
"Layer 3","AGCCCGCAACAAGCAG-1"
"Layer 4","AGCCCGCACTACAATG-1"
"Layer 5","AGCCCGGCATTAGAGG-1"
"Layer 3","AGCCCGGTAGCCTGTA-1"
"Layer 3","AGCCCTAAGCGAAGTT-1"
"Layer 4","AGCCCTCCCTGGTGGC-1"
"Layer 4","AGCCCTGTCGCACCGT-1"
"Layer 3","AGCCCTTCTAATCCGA-1"
"Layer 4","AGCCCTTGGACATCCC-1"
"Layer 6","AGCCGCAAATTCAAAT-1"
"Layer 5","AGCCGTGGCTAAATGT-1"
"Layer 5","AGCCTAATACCCACGT-1"
"Layer 4","AGCGACAGGAACGGTC-1"
"Layer 4","AGCGACATCCCATTCA-1"
"Layer 4","AGCGACCAACGATATT-1"
"Layer 3","AGCGACTTTGAAGACA-1"
"Layer 5","AGCGAGACGTGAAGGC-1"
"Layer 4","AGCGATGCGCCTAATA-1"
"Layer 3","AGCGCATAATGAATCG-1"
"Layer 5","AGCGCTAGAGCGATGT-1"
"Layer 3","AGCGGACACTTCGTAG-1"
"Layer 5","AGCGGCGGTTAGCGGT-1"
"Layer 6","AGCGGGAAGGGTCCAT-1"
"Layer 2","AGCGGGTCTGACACTC-1"
"Layer 3","AGCGGTTGCCGCTCTG-1"
"Layer 6","AGCGTCTGAACCCGCA-1"
"Layer 2","AGCGTGGTATTCTACT-1"
"Layer 2","AGCGTTCCGATTTAAA-1"
"Layer 4","AGCTAACAAGCAATGT-1"
"Layer 3","AGCTAAGCTCCGTCCG-1"
"Layer 3","AGCTAAGTACGCAGGC-1"
"Layer 2","AGCTAGAAGCAGAAGT-1"
"Layer 3","AGCTATTTAATCCAAC-1"
"Layer 4","AGCTCCATATATGTTC-1"
"Layer 3","AGCTCGTTGATGGAAA-1"
"Layer 2","AGCTCTAGACGTTCCA-1"
"Layer 2","AGCTCTTCCCAGTGCA-1"
"Layer 3","AGCTCTTCGTAACCTT-1"
"Layer 4","AGCTCTTTACTCAGTT-1"
"Layer 2","AGCTGAAGTAAACCAA-1"
"Layer 5","AGCTGTAACCTCAATC-1"
"Layer 6","AGCTTATAGAGACCTG-1"
"Layer 3","AGCTTCTTCTCGAGCA-1"
"Layer 5","AGCTTGATCAGGGTAG-1"
"Layer 5","AGCTTGATCTTAACTT-1"
"Layer 5","AGGAACGAACGACTTC-1"
"Layer 2","AGGACAGTCGAATCCC-1"
"Layer 5","AGGACATCGCACGTCG-1"
"Layer 5","AGGACATCGGCACACT-1"
"Layer 4","AGGACGACCCATTAGA-1"
"Layer 4","AGGAGACATCCACAGT-1"
"Layer 4","AGGAGAGTCTGGCTAC-1"
"Layer 3","AGGAGGCCTTCGCGCG-1"
"Layer 3","AGGATAAAGTCGGGAT-1"
"Layer 3","AGGATATAGGGATTTA-1"
"Layer 3","AGGATATCCGACTGCA-1"
"Layer 5","AGGATCACGCGATCTG-1"
"Layer 4","AGGATTGCTTACGACA-1"
"Layer 4","AGGCACGTGACTGTCC-1"
"Layer 3","AGGCAGGGAGCGTACT-1"
"Layer 3","AGGCATTGTCGTAGGG-1"
"Layer 5","AGGCCACATTGGTTAC-1"
"Layer 5","AGGCCACCCGTTATGA-1"
"Layer 4","AGGCCCATTGTACAGG-1"
"Layer 5","AGGCCCTAGAACGCCA-1"
"Layer 3","AGGCCTATCATACCAA-1"
"Layer 3","AGGCCTGAGAATCTCG-1"
"Layer 5","AGGCGATAACTGGCGT-1"
"Layer 5","AGGCGGTTTGTCCCGC-1"
"Layer 3","AGGCGTCTATGGACGG-1"
"Layer 5","AGGCTATGGTTAGCTT-1"
"Layer 4","AGGCTTCCCGAAGAAG-1"
"Layer 6","AGGCTTGCTAGACACC-1"
"Layer 2","AGGGAAACGAGGTACT-1"
"Layer 6","AGGGACAGCACGGCGG-1"
"Layer 3","AGGGACCGGCTGCGTT-1"
"Layer 3","AGGGACTCTACGCGAC-1"
"Layer 3","AGGGAGACATACTTCG-1"
"Layer 3","AGGGCAGCGGCGTGGT-1"
"Layer 5","AGGGCCCTAATGTTCT-1"
"Layer 5","AGGGCGAGCAGCTGAT-1"
"Layer 5","AGGGCGTGATCGGCTA-1"
"Layer 3","AGGGCTGCAGTTACAG-1"
"Layer 3","AGGGTCAGAGCACTCG-1"
"Layer 3","AGGGTCAGTAACCCTA-1"
"Layer 3","AGGGTCGATGCGAACT-1"
"Layer 5","AGGGTCTGGACGCAGT-1"
"Layer 4","AGGGTGCCGTTCTTTA-1"
"Layer 3","AGGGTTCAGACGGTCC-1"
"Layer 3","AGGGTTTAGTTCGGGA-1"
"Layer 5","AGGTAACCTCCTATTC-1"
"Layer 3","AGGTACGATATTGCCA-1"
"Layer 4","AGGTAGATCGAGATAT-1"
"Layer 5","AGGTAGGTACAAAGCT-1"
"Layer 3","AGGTATAATTGATAGT-1"
"Layer 5","AGGTATGCGGACATTA-1"
"Layer 5","AGGTCAGGTGAGAGTG-1"
"Layer 5","AGGTCGCCTCCCAACA-1"
"Layer 3","AGGTCGCGGAGTTACT-1"
"Layer 4","AGGTGCACGTCCACAT-1"
"Layer 3","AGGTGGTGACCTTCGC-1"
"Layer 5","AGGTGTATCGCCATGA-1"
"Layer 5","AGGTGTTGCCGACCAC-1"
"Layer 4","AGGTTACACCATGCCG-1"
"Layer 5","AGGTTCTCCTTTCCGG-1"
"Layer 3","AGGTTGAGGCACGCTT-1"
"Layer 3","AGGTTTCACACACCTT-1"
"Layer 2","AGTAACGTTCATCCTG-1"
"Layer 4","AGTAACTATAGCAGCC-1"
"Layer 3","AGTAATCTAAGGGTGG-1"
"Layer 4","AGTAATGTCTTGCCGC-1"
"Layer 5","AGTAATTTGCAAGCGT-1"
"Layer 2","AGTACAGAAGCTTATA-1"
"Layer 3","AGTACATCATTTATCA-1"
"Layer 3","AGTACCTTCGAGTGCT-1"
"Layer 6","AGTACGGCCCGTATCG-1"
"Layer 3","AGTACGGGCACCTGGC-1"
"Layer 3","AGTACGTGGCCTGTCT-1"
"Layer 2","AGTACTCTTATGCCCA-1"
"Layer 2","AGTAGAAGGCGCCTCA-1"
"Layer 3","AGTAGCGTGAACGAAC-1"
"Layer 5","AGTAGGTAACATACAT-1"
"Layer 5","AGTATAATACTAGGCA-1"
"Layer 3","AGTATACACAGCGACA-1"
"Layer 5","AGTATGCTGGAGACCA-1"
"Layer 3","AGTATTTGGCACGACC-1"
"Layer 4","AGTCAAATGATGTGAT-1"
"Layer 4","AGTCAACACCACCATC-1"
"Layer 2","AGTCAAGATGACACTT-1"
"Layer 3","AGTCACTAGCTCTCGA-1"
"Layer 6","AGTCAGCCACCGCCTG-1"
"Layer 3","AGTCCATTGGCTGATG-1"
"Layer 4","AGTCCCTCGCAGAAAG-1"
"Layer 6","AGTCGAAACGATTCAG-1"
"Layer 2","AGTCGACGGTCTCAAG-1"
"Layer 5","AGTCGGCCCAAACGAC-1"
"Layer 5","AGTCGGCTCAACTTTA-1"
"Layer 4","AGTCGGTTGCGTGAGA-1"
"Layer 2","AGTCGTATAAAGCAGA-1"
"Layer 3","AGTCGTCGACCACCAA-1"
"Layer 5","AGTCGTGGGCATTACG-1"
"Layer 3","AGTCTAAAGTATACTC-1"
"Layer 5","AGTCTCACAAGACTAC-1"
"Layer 6","AGTCTGGACATCCTTG-1"
"Layer 3","AGTCTTCTCCTCAAAT-1"
"Layer 2","AGTCTTTAAAGTGTCC-1"
"Layer 3","AGTGAACAAACTTCTC-1"
"Layer 3","AGTGAAGATGGTGTCC-1"
"Layer 3","AGTGACCTACTTTACG-1"
"Layer 4","AGTGACTGTGACACAA-1"
"Layer 3","AGTGAGCCTCGCCGCC-1"
"Layer 2","AGTGAGGGTTTCTGAC-1"
"Layer 4","AGTGAGTCGAATTAAC-1"
"Layer 3","AGTGATAACCTGCGCG-1"
"Layer 3","AGTGATATGAGTAGTT-1"
"Layer 3","AGTGCACGCTTAAGAA-1"
"Layer 4","AGTGCGTAGCTCGTAA-1"
"Layer 3","AGTGCTAAACACAGCA-1"
"Layer 2","AGTGCTTGCACGAATA-1"
"Layer 3","AGTGGCCCGCAAATGG-1"
"Layer 3","AGTGGCGTCTGAAGGT-1"
"Layer 5","AGTGGCTCCGTCGGCC-1"
"Layer 5","AGTGGTGTTACCCGTG-1"
"Layer 6","AGTGGTTGCGTATAGG-1"
"Layer 2","AGTGTATTGCGCATTG-1"
"Layer 6","AGTGTGGTCTATTGTG-1"
"Layer 4","AGTTAAACACTTGCGA-1"
"Layer 3","AGTTAAGCGGTCCCGG-1"
"Layer 5","AGTTAAGTCAACCGCT-1"
"Layer 6","AGTTACCGCACATGGT-1"
"Layer 2","AGTTACTCTATCGTGG-1"
"Layer 4","AGTTCCTACAGAATTA-1"
"Layer 3","AGTTCCTATTTATGTT-1"
"Layer 2","AGTTGACGGTCCTTGC-1"
"Layer 5","AGTTGCGGTCCTCAAC-1"
"Layer 4","AGTTGGCAAGGCTAGA-1"
"Layer 4","AGTTTATGTAAAGACA-1"
"Layer 4","AGTTTCGCAGGTCGGA-1"
"Layer 3","AGTTTGGCACGGGTTG-1"
"Layer 5","AGTTTGGCCAGACCTA-1"
"Layer 6","ATAAACCATTGGACGG-1"
"Layer 3","ATAAACGGACCCGTAA-1"
"Layer 4","ATAAACGTTGCACCAC-1"
"Layer 4","ATAAAGGCTCGGTCGT-1"
"Layer 3","ATAAAGGTCAAGTACG-1"
"Layer 5","ATAAATATTAGCAGCT-1"
"Layer 2","ATAACGCCGGAGGGTC-1"
"Layer 3","ATAACGGAGTCCAACG-1"
"Layer 3","ATAACGTTACCTCCAC-1"
"Layer 3","ATAAGCAAACACCGAG-1"
"Layer 2","ATAAGGTGGAGAACAT-1"
"Layer 3","ATAAGTACCCGATTGT-1"
"Layer 3","ATAAGTAGGATTCAGA-1"
"Layer 3","ATAAGTAGGGCGACTC-1"
"Layer 3","ATAAGTTACCGCGACG-1"
"Layer 3","ATAATAGCTGTTGAAT-1"
"Layer 6","ATAATAGTGTAGGGAC-1"
"Layer 2","ATAATTAGCTAAGTAG-1"
"Layer 5","ATACCACGGGCAACTT-1"
"Layer 4","ATACCAGCAAATTGCT-1"
"Layer 4","ATACCAGGCTAATAGA-1"
"Layer 5","ATACCCTCCCGGCCAA-1"
"Layer 3","ATACCGTCATCCATAA-1"
"Layer 2","ATACCTAACCAAGAAA-1"
"Layer 5","ATACGAAGGCTTTCCA-1"
"Layer 3","ATACGAGGTTTGTAAG-1"
"Layer 2","ATACGCCGGCGAAACC-1"
"Layer 5","ATACGGAACGTCGTTT-1"
"Layer 2","ATACGGGTTTCGATTG-1"
"Layer 6","ATACGGTGAAGATGCA-1"
"Layer 3","ATACGTCCACTCCTGT-1"
"Layer 2","ATACGTTATGCACGGA-1"
"Layer 4","ATACTACCCGTACCAC-1"
"Layer 3","ATACTAGCATGACCCT-1"
"Layer 6","ATACTTGTTCTCGAGC-1"
"Layer 2","ATAGACAACGGGACCT-1"
"Layer 4","ATAGACGAAGAGAAAG-1"
"Layer 4","ATAGAGTACTGGGACA-1"
"Layer 3","ATAGCAACTAGGGAAG-1"
"Layer 4","ATAGCCATAACAGTCA-1"
"Layer 5","ATAGGCGGCTATAGAA-1"
"Layer 3","ATAGGGATATCCTTGA-1"
"Layer 3","ATAGGTTGGGCAGATG-1"
"Layer 3","ATAGTCTTTGACGTGC-1"
"Layer 3","ATAGTGAAGCGTTCTC-1"
"Layer 3","ATAGTTCCACCCACTC-1"
"Layer 2","ATATAAAGCGCTCGTG-1"
"Layer 3","ATATAACACGGGCGCA-1"
"Layer 6","ATATACATGTATGGTA-1"
"Layer 4","ATATACGCTCGTGACG-1"
"Layer 5","ATATAGAGTATTGGTC-1"
"Layer 3","ATATCAACCTACAGAG-1"
"Layer 5","ATATCAATTCCAGCCT-1"
"Layer 3","ATATCGGTAGGGAGAT-1"
"Layer 3","ATATCGTGCCAGACCC-1"
"Layer 3","ATATCGTTCCTCGAAC-1"
"Layer 2","ATATCTCCCTCGTTAA-1"
"Layer 3","ATATCTTAGGGCCTTC-1"
"Layer 3","ATATGGGATAGCAACT-1"
"Layer 2","ATATGTCTAGAGCGTG-1"
"Layer 3","ATATGTCTCCCTAGCC-1"
"Layer 3","ATATGTGCACAAACCA-1"
"Layer 4","ATATTCAGTTAAACCT-1"
"Layer 4","ATATTCCCACAGGTCA-1"
"Layer 6","ATATTGCTGTCAAAGT-1"
"Layer 5","ATATTGGAGAGGCCTT-1"
"Layer 3","ATATTTAACCCTCAAG-1"
"Layer 3","ATCAAACACTGTTCCA-1"
"Layer 4","ATCAAACGAAGGTTTG-1"
"Layer 2","ATCAAAGAGCCGTGGT-1"
"Layer 2","ATCAAGATCCCAGGAC-1"
"Layer 3","ATCAATCTGGGCTGCA-1"
"Layer 5","ATCAATGCCGTGGCTG-1"
"Layer 3","ATCACATTAGAATATC-1"
"Layer 4","ATCACGTGCTAATTAA-1"
"Layer 3","ATCACTTCATCCTCGC-1"
"Layer 4","ATCAGACGGCACGCCG-1"
"Layer 2","ATCAGCCTCATGCTGC-1"
"Layer 5","ATCAGCTCGTCCACTA-1"
"Layer 5","ATCAGGTAGCTGACAG-1"
"Layer 3","ATCATAGATCGACGAG-1"
"Layer 4","ATCATAGCCCTATGTA-1"
"Layer 3","ATCATCCAATATTTGT-1"
"Layer 3","ATCATCTGCCCAGTGT-1"
"Layer 5","ATCATGGACTACCGAC-1"
"Layer 6","ATCATTGTACCGCATT-1"
"Layer 5","ATCCAACGCAGTCATA-1"
"Layer 5","ATCCAATGGAGGGTCC-1"
"Layer 6","ATCCAATGGTACCGAA-1"
"Layer 3","ATCCACGCTAAATGTT-1"
"Layer 3","ATCCACTTTCAGACTA-1"
"Layer 3","ATCCAGAGCAACAACC-1"
"Layer 4","ATCCAGGATTCGTGAA-1"
"Layer 5","ATCCCATCCACAGCGC-1"
"Layer 3","ATCCCATTTCCGTGGG-1"
"Layer 5","ATCCGGACCAGCCTGA-1"
"Layer 3","ATCCTACCTAAGCTCT-1"
"Layer 5","ATCCTGAATCGCTGCG-1"
"Layer 3","ATCCTGCGTGGAATGG-1"
"Layer 6","ATCCTGCTGCAGATAG-1"
"Layer 5","ATCCTTCTGAAAGAAC-1"
"Layer 3","ATCGACCCAATACAGA-1"
"Layer 3","ATCGACTCTTTCCGTT-1"
"Layer 4","ATCGCACGCCGGGAGA-1"
"Layer 3","ATCGCCAGTCAACATT-1"
"Layer 5","ATCGCCGTGGTTCATG-1"
"Layer 3","ATCGCTGCGTGCAGCA-1"
"Layer 5","ATCGCTTTACGTCTCA-1"
"Layer 6","ATCGGTTACCTAGTAA-1"
"Layer 5","ATCGTGGAAAGTCTGG-1"
"Layer 3","ATCGTTAGCTAGCGGA-1"
"Layer 2","ATCTAATATCCTACGG-1"
"Layer 3","ATCTACCATCTGCTCC-1"
"Layer 2","ATCTAGCTTGTGAGGG-1"
"Layer 4","ATCTCCCACGGAATAT-1"
"Layer 3","ATCTCCCTGCAATCTA-1"
"Layer 4","ATCTCGTGAGCGAAAC-1"
"Layer 3","ATCTGACATGGAAGGA-1"
"Layer 3","ATCTGCACCTCTGCGA-1"
"Layer 3","ATCTGCTGTTATCGCC-1"
"Layer 2","ATCTGGGCTGTTCTTG-1"
"Layer 3","ATCTGGTTAAGACTGT-1"
"Layer 4","ATCTGTAATTGTACCC-1"
"Layer 5","ATCTTAGGGCATTAAT-1"
"Layer 4","ATCTTATCGCACACCC-1"
"Layer 5","ATCTTGACCTGCAACG-1"
"Layer 3","ATCTTGACTTGTCCAA-1"
"Layer 4","ATCTTTCGTATAACCA-1"
"Layer 5","ATGAAGCCAAGGAGCC-1"
"Layer 4","ATGACGCCGGCTCTAA-1"
"Layer 5","ATGACGCGTTCTATCC-1"
"Layer 3","ATGACTATCAGCTGTG-1"
"Layer 2","ATGACTATGCGACATT-1"
"Layer 5","ATGAGGAGTGTTAATC-1"
"Layer 4","ATGAGGGCAGCGGCTA-1"
"Layer 4","ATGATCGGGAATAGAC-1"
"Layer 3","ATGATGCAATGGTACA-1"
"Layer 5","ATGCACGCGCTGTTCA-1"
"Layer 5","ATGCACTACCGCATTG-1"
"Layer 3","ATGCATGATCCAGGAT-1"
"Layer 5","ATGCATTCCGTGATGG-1"
"Layer 3","ATGCCAATCGCTCTGC-1"
"Layer 2","ATGCCATTTGCGACCA-1"
"Layer 3","ATGCCGGTCTTGCATA-1"
"Layer 2","ATGCCGGTTGATGGGA-1"
"Layer 3","ATGCGACAATTGGTCC-1"
"Layer 3","ATGCGACAGTCCCATT-1"
"Layer 3","ATGCGAGTCCCACCAC-1"
"Layer 6","ATGCTCAGTGTTGCAT-1"
"Layer 4","ATGCTTAGGAGTTGAT-1"
"Layer 5","ATGGAAATTTAAGGAG-1"
"Layer 2","ATGGAACAGAATAAAC-1"
"Layer 4","ATGGAACCTTTGCACA-1"
"Layer 3","ATGGACTGCTTAGTTG-1"
"Layer 3","ATGGAGCAGGCCGTGA-1"
"Layer 3","ATGGATCCGGCGTCCG-1"
"Layer 3","ATGGATTGACCAAACG-1"
"Layer 5","ATGGCAGCATTACGAT-1"
"Layer 6","ATGGCAGCCGAGAAAC-1"
"Layer 5","ATGGCGGAATAGTCGC-1"
"Layer 2","ATGGCTGGAAATGGCC-1"
"Layer 3","ATGGGAACGGAAGCGG-1"
"Layer 4","ATGGGACCTGCTGAAC-1"
"Layer 2","ATGGGCCTCGGCCTCT-1"
"Layer 5","ATGGGTGTATACCTCC-1"
"Layer 2","ATGGTATTGGGAACCG-1"
"Layer 5","ATGGTATTTACTGATT-1"
"Layer 2","ATGGTCGCGTGGTTTC-1"
"Layer 3","ATGTAAGGCTGCTCTT-1"
"Layer 4","ATGTACATGCGGTGAG-1"
"Layer 2","ATGTACGATGACGTCG-1"
"Layer 2","ATGTCATAATAAACGA-1"
"Layer 3","ATGTCTTGTTTGACTC-1"
"Layer 5","ATGTGAAAGCCTAATG-1"
"Layer 4","ATGTGCATCCGACGCA-1"
"Layer 2","ATGTGGACATCTTGAT-1"
"Layer 4","ATGTGTAGTTTAGTCA-1"
"Layer 6","ATGTTACGAGCAATAC-1"
"Layer 6","ATGTTCGTCGACCCAC-1"
"Layer 3","ATGTTGATTAGAGACT-1"
"Layer 3","ATGTTGTAGTCTGTTT-1"
"Layer 5","ATGTTTCGGCCCGGAG-1"
"Layer 3","ATTAAACATGCGGACC-1"
"Layer 3","ATTAATACTACGCGGG-1"
"Layer 3","ATTAATGAACCAGTCG-1"
"Layer 3","ATTAATTCGGTCACTC-1"
"Layer 2","ATTACAACTACCGGCC-1"
"Layer 4","ATTACATGTCAGTCTT-1"
"Layer 4","ATTACCACACTGCCTG-1"
"Layer 3","ATTACGACTCCACAGT-1"
"Layer 5","ATTACGCGCTGGCAGG-1"
"Layer 5","ATTACGGGCTACGGTT-1"
"Layer 5","ATTACTAGCCTCTTGC-1"
"Layer 3","ATTAGATTCCTCAGCA-1"
"Layer 5","ATTAGATTGATAGCGG-1"
"Layer 3","ATTAGGCGATGCTTTC-1"
"Layer 3","ATTATACTTTGCTCGT-1"
"Layer 4","ATTATAGCTACTTTAC-1"
"Layer 3","ATTATCGGAATGTACG-1"
"Layer 4","ATTATCTCGACAGATC-1"
"Layer 5","ATTATGAGACCCAATT-1"
"Layer 4","ATTATGCCATAGGGAG-1"
"Layer 4","ATTATTATGTCCGTCA-1"
"Layer 3","ATTATTCAGAGTCACT-1"
"Layer 3","ATTCAACCATTTAAGG-1"
"Layer 2","ATTCACTGATGTTGGA-1"
"Layer 3","ATTCAGGATCGCCTCT-1"
"Layer 6","ATTCAGTAGCAGGGTC-1"
"Layer 3","ATTCATATACTGTCCA-1"
"Layer 3","ATTCATCGTTGAGGCA-1"
"Layer 6","ATTCCCACATAAACAA-1"
"Layer 6","ATTCCCGAAGGTACAG-1"
"Layer 3","ATTCCTAAGACGTGGA-1"
"Layer 5","ATTCCTCCGCCAGTGC-1"
"Layer 5","ATTCGACGCCGGGCCT-1"
"Layer 3","ATTCGCAGAGGACACT-1"
"Layer 4","ATTCGCGCCTTGAGAG-1"
"Layer 3","ATTCGTGCTATCTCTT-1"
"Layer 4","ATTCGTGTACCCATTC-1"
"Layer 5","ATTCTCGTCTCTTTAG-1"
"Layer 3","ATTCTGAGTATGAACT-1"
"Layer 3","ATTCTTCGTACTTATG-1"
"Layer 3","ATTGACCGGCGATGAC-1"
"Layer 3","ATTGACGTAACTCGGT-1"
"Layer 5","ATTGATCACCACATTT-1"
"Layer 3","ATTGATGAGTCCTAAC-1"
"Layer 4","ATTGCCTATTAGACCG-1"
"Layer 2","ATTGCCTTTATGTTTG-1"
"Layer 3","ATTGCGATCAGTAACT-1"
"Layer 4","ATTGCTGCTCCTCCAT-1"
"Layer 3","ATTGGATTACAGCGTA-1"
"Layer 5","ATTGGGAATATCTTGG-1"
"Layer 3","ATTGGGAGTTCTGTAA-1"
"Layer 4","ATTGGTTGTGCATTAC-1"
"Layer 3","ATTGTACAACTCGGCT-1"
"Layer 2","ATTGTCGCAATACCTT-1"
"Layer 3","ATTGTCTGTTTCATGT-1"
"Layer 3","ATTGTGACTTCGCTGC-1"
"Layer 5","ATTGTTCAACGATCCG-1"
"Layer 4","ATTTAACTCGTATTAC-1"
"Layer 5","ATTTACAGTTTACTGG-1"
"Layer 3","ATTTACTAAGTCCATT-1"
"Layer 2","ATTTATACTGGTAAAG-1"
"Layer 3","ATTTCATTATTTCGCG-1"
"Layer 4","ATTTCCGGGTTCTGCG-1"
"Layer 4","ATTTGCGCGAGTAGCT-1"
"Layer 6","ATTTGGAGATTGCGGT-1"
"Layer 3","ATTTGTTCCAGGGCTC-1"
"Layer 3","CAAACCATAAGCGTAT-1"
"Layer 3","CAAACGAGTATCGCAG-1"
"Layer 5","CAAACGGTCGCACTTT-1"
"Layer 3","CAAACGTGGTCTTGCG-1"
"Layer 3","CAAACTACGATAGAGA-1"
"Layer 3","CAAACTATTGAGCTTC-1"
"Layer 4","CAAACTCGCGACGCCG-1"
"Layer 4","CAAAGATTATTGGGCC-1"
"Layer 5","CAAAGGTCATCTGAAA-1"
"Layer 3","CAAAGGTTAAATTCAG-1"
"Layer 5","CAAATCTCTCACAAGG-1"
"Layer 3","CAAATGTCCTTCCGTG-1"
"Layer 3","CAAATTGGATTATGCC-1"
"Layer 3","CAAATTGTCAGCAAGC-1"
"Layer 4","CAACACATCTCCTGCC-1"
"Layer 2","CAACAGAATAACGCTA-1"
"Layer 4","CAACCAGTGGCCTACC-1"
"Layer 3","CAACCTACCGAGCAGT-1"
"Layer 4","CAACCTGAACCTGCCA-1"
"Layer 4","CAACGACCCGTTTACA-1"
"Layer 5","CAACGAGCTTATTATG-1"
"Layer 5","CAACGATCGATCCAAT-1"
"Layer 3","CAACGCGATGAGCCAA-1"
"Layer 5","CAACGGTTCTTGATAC-1"
"Layer 4","CAACGTGGTGGAGTCT-1"
"Layer 3","CAACTATATCGAATGC-1"
"Layer 3","CAACTCCAACGTTTAG-1"
"Layer 3","CAACTCCGTAACTTGC-1"
"Layer 5","CAACTCCTTGATCCCG-1"
"Layer 3","CAACTGAGGGTATGAC-1"
"Layer 3","CAACTGCTCATCCGAT-1"
"Layer 6","CAACTTGTAGTGGGCA-1"
"Layer 3","CAAGAAACCCTAAACT-1"
"Layer 5","CAAGACTCAGAAGCGC-1"
"Layer 2","CAAGAGGGCGGAGTAC-1"
"Layer 2","CAAGATATTATAACGT-1"
"Layer 5","CAAGCAACGTCGGAGT-1"
"Layer 3","CAAGCACCAAATGCCT-1"
"Layer 3","CAAGGATCGCATGTTC-1"
"Layer 3","CAAGGCCAGTGGTGCA-1"
"Layer 3","CAAGGTCCTATAGGCT-1"
"Layer 3","CAAGTAAGTGATAGAC-1"
"Layer 3","CAAGTCGTTGAAATCT-1"
"Layer 5","CAAGTGAACTTTGGTT-1"
"Layer 3","CAAGTGTGGTTGCAAA-1"
"Layer 3","CAATAAACCTTGGCCC-1"
"Layer 4","CAATACGAGAGTCTGA-1"
"Layer 6","CAATACGCTCTGAGGC-1"
"Layer 4","CAATATTCTTGACCTA-1"
"Layer 2","CAATCCCTATACCAGC-1"
"Layer 6","CAATCCTGCCGTGGAG-1"
"Layer 2","CAATGACCCTTAATTT-1"
"Layer 4","CAATGAGGTTCGACTA-1"
"Layer 5","CAATGGTCGGCCTGGG-1"
"Layer 4","CAATGTGCCAACCCTT-1"
"Layer 3","CAATTAAGGGTGATGA-1"
"Layer 6","CAATTGGGCCGCACTC-1"
"Layer 3","CAATTTCGTATAAGGG-1"
"Layer 4","CACAAACCGCAGAACT-1"
"Layer 3","CACAAGAAAGATATTA-1"
"Layer 5","CACAAGCTAAGAAAGG-1"
"Layer 3","CACAATGAGCTGCTAT-1"
"Layer 3","CACACACGCTAACGAG-1"
"Layer 4","CACACAGCTTGCGCTC-1"
"Layer 6","CACACAGGGATAGATT-1"
"Layer 2","CACACGTTTCAATGGG-1"
"Layer 3","CACACTTGTATTGCGA-1"
"Layer 5","CACAGAGACGAGGACG-1"
"Layer 3","CACAGCACCCACGGCA-1"
"Layer 4","CACAGCTAGGGAGTGA-1"
"Layer 3","CACAGGGCCATATAGT-1"
"Layer 3","CACAGGGCCGTTGTCA-1"
"Layer 4","CACAGTCCCGCTTCGC-1"
"Layer 4","CACAGTTCGCTTCCCA-1"
"Layer 2","CACATATTAGCAGGAT-1"
"Layer 4","CACATCGTGCACGCGC-1"
"Layer 3","CACATGATTCAGCAAC-1"
"Layer 3","CACATTTCTTGTCAGA-1"
"Layer 6","CACCAATCATCCGTCT-1"
"Layer 6","CACCACGCCACACAGA-1"
"Layer 5","CACCAGTCAGCATGCA-1"
"Layer 4","CACCATCGGAGGAGAC-1"
"Layer 3","CACCATGATCGCAAAG-1"
"Layer 3","CACCCAAATCTTATGT-1"
"Layer 5","CACCCACACGTCACCC-1"
"Layer 2","CACCCACGAGGCAATT-1"
"Layer 4","CACCCGCGTTTGACAC-1"
"Layer 4","CACCCGGTTTGTGACT-1"
"Layer 5","CACCCTTGGTGAGACC-1"
"Layer 6","CACCCTTTCCTCGCTC-1"
"Layer 3","CACCGATACACCGAGC-1"
"Layer 4","CACCGATGATGGGTAC-1"
"Layer 3","CACCGCCAGAAGGTTT-1"
"Layer 3","CACCGCCGACCAGCGA-1"
"Layer 3","CACCGCGTCCACTCTA-1"
"Layer 2","CACCGGAGATATCTCC-1"
"Layer 3","CACCGGGCATCACAAG-1"
"Layer 5","CACCGGTAGAGACATT-1"
"Layer 3","CACCGTATCCCATCCG-1"
"Layer 4","CACCGTTAGGGATCAC-1"
"Layer 5","CACCGTTGCGCGATAT-1"
"Layer 6","CACCTAATAGAGTCGT-1"
"Layer 3","CACCTAATCAGTTTAC-1"
"Layer 3","CACCTCGATGGTGGAC-1"
"Layer 2","CACCTTGCGAAACTCG-1"
"Layer 3","CACCTTGGCGCCTTTG-1"
"Layer 5","CACGAAAGTTAGTCCC-1"
"Layer 2","CACGACCACAGACTTT-1"
"Layer 6","CACGACTAAAGTTCTG-1"
"Layer 4","CACGAGCAAACCAGAC-1"
"Layer 3","CACGCACAGCGCAGCT-1"
"Layer 5","CACGCAGCGAGGCTTT-1"
"Layer 3","CACGCGGAACTGTTGC-1"
"Layer 4","CACGGACGTGGATGGC-1"
"Layer 2","CACGGCGCGCCAAAGG-1"
"Layer 6","CACGGGATTGAGGGTT-1"
"Layer 4","CACGTCAATCAATGGA-1"
"Layer 4","CACGTCGGCAACCTCT-1"
"Layer 2","CACGTCTATGATGTGG-1"
"Layer 3","CACGTTTCGTACACAC-1"
"Layer 4","CACTAAAGTTGCCTAT-1"
"Layer 4","CACTACGGGAGCTGCC-1"
"Layer 3","CACTACTCAGTTCTGT-1"
"Layer 3","CACTCAAGAGCTATGG-1"
"Layer 3","CACTCAGCTCTTGAGG-1"
"Layer 4","CACTCCTATGTAAGAT-1"
"Layer 2","CACTCCTCTCGGTCGG-1"
"Layer 6","CACTCGGTTAGGAGGA-1"
"Layer 3","CACTCTCAAGCATCGA-1"
"Layer 3","CACTCTTCTGCTAGCC-1"
"Layer 3","CACTGACGATTGTGGA-1"
"Layer 5","CACTGTCCAAGTGAGA-1"
"Layer 4","CACTTAATCAGACGGA-1"
"Layer 6","CACTTCGCCACAGGCT-1"
"Layer 4","CAGAATAACACACGGA-1"
"Layer 5","CAGAATATTCGTTATC-1"
"Layer 3","CAGACACCGATCGCTG-1"
"Layer 3","CAGACCTGTAAGTGTT-1"
"Layer 3","CAGACGAACCTGATAC-1"
"Layer 3","CAGAGACGGTCACCCA-1"
"Layer 3","CAGAGCATGAGCTTGC-1"
"Layer 5","CAGAGCGATGGATGCT-1"
"Layer 3","CAGAGGCGATGCATGA-1"
"Layer 3","CAGAGTGATTTAACGT-1"
"Layer 4","CAGATAATGGGCGGGT-1"
"Layer 4","CAGATACTAACATAGT-1"
"Layer 5","CAGATATGAAGATGAC-1"
"Layer 3","CAGATCATTTAAAGTC-1"
"Layer 5","CAGATCCTGGTTTGAA-1"
"Layer 6","CAGATGTTTGTCCCAA-1"
"Layer 3","CAGCAGCCCGTTCCTT-1"
"Layer 3","CAGCAGTCCAGACTAT-1"
"Layer 4","CAGCCCTCACAGGCAG-1"
"Layer 3","CAGCCGGGCCCTCTAT-1"
"Layer 3","CAGCCTCCTGCAGAGG-1"
"Layer 5","CAGCCTCGATAGCGGT-1"
"Layer 3","CAGCGATTCCCTTCAA-1"
"Layer 6","CAGCGCCAACACGATA-1"
"Layer 3","CAGCTCACTGAGACAT-1"
"Layer 5","CAGCTCGTGCTTGTGT-1"
"Layer 3","CAGCTCTGGGCTCACT-1"
"Layer 5","CAGCTGGCGTAACCGT-1"
"Layer 5","CAGCTTAGTAGGTAGC-1"
"Layer 3","CAGGAAGACTTTATAT-1"
"Layer 5","CAGGACAGCTGCCCTT-1"
"Layer 3","CAGGATATATCGTTGT-1"
"Layer 3","CAGGCAGTCTTACCAG-1"
"Layer 5","CAGGCCAGTACCACCT-1"
"Layer 4","CAGGCCGTTTGGGTGT-1"
"Layer 5","CAGGCGCACGGTGGTC-1"
"Layer 2","CAGGCGCCATGCTAGG-1"
"Layer 5","CAGGGAGATAGGCCAG-1"
"Layer 3","CAGGTTTAGTACTACA-1"
"Layer 6","CAGTAAGGGACGTCTC-1"
"Layer 6","CAGTAATCCCTCCCAG-1"
"Layer 3","CAGTACATTCTCTAAA-1"
"Layer 5","CAGTACCAGTTTACGT-1"
"Layer 3","CAGTCCAACGCCTTCT-1"
"Layer 3","CAGTCGAGGATGCAAT-1"
"Layer 6","CAGTCGGCCTAGATAT-1"
"Layer 3","CAGTCTGTATACTGGG-1"
"Layer 2","CAGTGAATAAATGACT-1"
"Layer 6","CAGTGGTTGCACATGA-1"
"Layer 6","CAGTGTCCGCAGAATG-1"
"Layer 3","CAGTGTCGGCTGGCCC-1"
"Layer 5","CAGTGTTAATCTCTCA-1"
"Layer 4","CAGTTCAAATTGACAC-1"
"Layer 6","CAGTTCCGCGGGTCGA-1"
"Layer 3","CAGTTCGAGGACCCGA-1"
"Layer 2","CATAACGGACAGTCGT-1"
"Layer 5","CATAAGCTCTCCGTCT-1"
"Layer 6","CATAATGAGCGGGCGA-1"
"Layer 6","CATACAAAGCCGAACC-1"
"Layer 6","CATACACAAAGTCAGC-1"
"Layer 3","CATACACGGTTCCCAC-1"
"Layer 5","CATACCCGTACCCAGT-1"
"Layer 4","CATACGAACTAGCTGG-1"
"Layer 3","CATACGGCGTCTGGGC-1"
"Layer 4","CATACTATGTAATTGT-1"
"Layer 4","CATACTTAGGCAATAC-1"
"Layer 3","CATACTTCTTTCTCCG-1"
"Layer 3","CATAGAGGAGATACTA-1"
"Layer 6","CATAGCCGCCCGGGAT-1"
"Layer 3","CATAGCGTTGCCCACC-1"
"Layer 4","CATAGGGACACTTGTG-1"
"Layer 3","CATAGTACATTGAGAG-1"
"Layer 5","CATAGTAGCATAGTAG-1"
"Layer 3","CATAGTCAAATACATA-1"
"Layer 5","CATAGTCCACAAGAAC-1"
"Layer 5","CATAGTGGGCACGCCT-1"
"Layer 2","CATATACTACTGATAA-1"
"Layer 3","CATATAGGTACAGTCA-1"
"Layer 5","CATATGTCAGGCTACG-1"
"Layer 3","CATATTATTTGCCCTA-1"
"Layer 3","CATCAAACTGGCGCCC-1"
"Layer 3","CATCATCTACCCGGAC-1"
"Layer 3","CATCATTACCCTGAGG-1"
"Layer 5","CATCCAATATAGTTTG-1"
"Layer 4","CATCCCGAGATTCATA-1"
"Layer 3","CATCCTCTCAAAGATC-1"
"Layer 5","CATCGCCCGCGGCCAA-1"
"Layer 3","CATCGGACGGGTTAAT-1"
"Layer 5","CATCTAGTGAAGGGAA-1"
"Layer 3","CATCTTACACCACCTC-1"
"Layer 6","CATGAACCGACATTTG-1"
"Layer 3","CATGAACCTCTTATCA-1"
"Layer 3","CATGACTTCGCTGAAT-1"
"Layer 3","CATGAGTCCATCACGG-1"
"Layer 2","CATGATACGGTGAAAC-1"
"Layer 4","CATGATCGCTTTGAGA-1"
"Layer 3","CATGATGCACAATTCT-1"
"Layer 3","CATGATGGAAGTTAGC-1"
"Layer 5","CATGCACATGAGAGGC-1"
"Layer 2","CATGCACGTGTTACTG-1"
"Layer 3","CATGCATGGAGACCCT-1"
"Layer 5","CATGCCAACTCGCAAA-1"
"Layer 2","CATGCGACCAGTTTAA-1"
"Layer 4","CATGCGTTAGACAGAA-1"
"Layer 3","CATGCGTTGAGAGGAG-1"
"Layer 4","CATGCTGGCTCCAATT-1"
"Layer 2","CATGGAAATGGGACCA-1"
"Layer 3","CATGGATTGTCTTCCG-1"
"Layer 4","CATGGCAGGAAGATCG-1"
"Layer 2","CATGGGTCGGGTGTGG-1"
"Layer 2","CATGGTAAGTAGCGTT-1"
"Layer 5","CATGGTATTAGTTTGT-1"
"Layer 3","CATGGTCTAGATACCG-1"
"Layer 4","CATGGTTTATTAATCA-1"
"Layer 3","CATGTAAGAGACATTT-1"
"Layer 3","CATGTAGGAGCGCCAA-1"
"Layer 2","CATGTCTCATTTATGG-1"
"Layer 3","CATGTGGGCTCATCAC-1"
"Layer 3","CATTACATAGATTGTG-1"
"Layer 4","CATTACGCAGGAAGGG-1"
"Layer 3","CATTACGTCGGCCCGT-1"
"Layer 4","CATTATCCCATTAACG-1"
"Layer 4","CATTATGCTTGTTGTG-1"
"Layer 4","CATTCACTGACAGCTA-1"
"Layer 4","CATTCCCATTCCGTCG-1"
"Layer 5","CATTCGTCGTAGCGGT-1"
"Layer 3","CATTGATGAACACGCC-1"
"Layer 3","CATTGCAAAGCATAAT-1"
"Layer 6","CATTGCGAAATGGGCG-1"
"Layer 3","CATTGCGGGTCAATTC-1"
"Layer 3","CATTTATCGTTCAAGA-1"
"Layer 6","CATTTCTAGCAGACTA-1"
"Layer 3","CATTTGAGTGGTACGT-1"
"Layer 4","CCAAACAGAACCCTCG-1"
"Layer 6","CCAAAGTCCCGCTAAC-1"
"Layer 4","CCAAATAACAAGATTC-1"
"Layer 5","CCAAATCAAAGGGCAA-1"
"Layer 3","CCAACCTTATGTAACT-1"
"Layer 5","CCAACGATGCACTGAT-1"
"Layer 5","CCAACTTGATAGATCC-1"
"Layer 3","CCAAGAAAGTGGGCGA-1"
"Layer 3","CCAAGACTTCTGCGAA-1"
"Layer 3","CCAAGCGTAACTCGTA-1"
"Layer 5","CCAAGGAACAGAGAGG-1"
"Layer 4","CCAAGGTTGCCCTTTC-1"
"Layer 3","CCAATCGGTAGATCGA-1"
"Layer 4","CCAATGTCACAGCAAG-1"
"Layer 5","CCAATTGAATGTTAAT-1"
"Layer 3","CCACACTGAGATATTA-1"
"Layer 3","CCACAGTACCCATCCT-1"
"Layer 4","CCACATACTGCACCCA-1"
"Layer 6","CCACATGGCTCTTTAT-1"
"Layer 4","CCACCAACTTTACTGT-1"
"Layer 2","CCACCCAAGGAAAGTG-1"
"Layer 5","CCACCTGTATGGAATA-1"
"Layer 3","CCACGAATTTAACCTC-1"
"Layer 3","CCACGAGAAGAGAATC-1"
"Layer 5","CCACGGAGCCATAAGA-1"
"Layer 4","CCACGGCAGGTGTAGG-1"
"Layer 3","CCACGGTGCCCGGTAG-1"
"Layer 4","CCACGTAAATTAGACT-1"
"Layer 4","CCACTATCCGGGTCAC-1"
"Layer 3","CCACTCAGATCCGCAA-1"
"Layer 5","CCACTGGTGGCTGGTT-1"
"Layer 4","CCACTGTTTGGATTAA-1"
"Layer 4","CCAGAAACTGATGCGA-1"
"Layer 4","CCAGAAAGCAACTCAT-1"
"Layer 6","CCAGAGACAAAGCCGG-1"
"Layer 2","CCAGATAGTTGAGTGA-1"
"Layer 3","CCAGATGTAAATGGGT-1"
"Layer 3","CCAGCCTGGACCAATA-1"
"Layer 4","CCAGCGGGATCACCAG-1"
"Layer 6","CCAGCTACGCCTCATA-1"
"Layer 2","CCAGCTCGAACGCATT-1"
"Layer 5","CCAGCTGATGGTACTT-1"
"Layer 6","CCAGCTTCCGCCCGCA-1"
"Layer 5","CCAGGCGAGATGGTCT-1"
"Layer 5","CCAGGCTGGCGTCTGA-1"
"Layer 4","CCAGGGACGTGGCCTC-1"
"Layer 6","CCAGTCAAATCTCTTA-1"
"Layer 2","CCAGTCTAGACGGCGC-1"
"Layer 3","CCAGTCTTGTCATAGA-1"
"Layer 5","CCAGTGTACAGACCGA-1"
"Layer 3","CCAGTTCGGTAACTCA-1"
"Layer 3","CCATAAACAACCCGAC-1"
"Layer 6","CCATAACCTGTGCAGT-1"
"Layer 3","CCATACCTTTACTTGT-1"
"Layer 6","CCATAGAGGCTGCCAG-1"
"Layer 4","CCATAGGTTGGCGTGG-1"
"Layer 3","CCATATGGAAACTATA-1"
"Layer 6","CCATCCATACCAAGTC-1"
"Layer 3","CCATCGCAGTTAAACT-1"
"Layer 3","CCATCTCACCAGTGAA-1"
"Layer 6","CCATCTTGTTCACAAT-1"
"Layer 3","CCATGCCCTAGATTTC-1"
"Layer 3","CCATGCCTGTTTAGTA-1"
"Layer 5","CCATGCTCTGCAGGAA-1"
"Layer 3","CCATGGCAAACGCTCA-1"
"Layer 6","CCATGGCCCTTGTACC-1"
"Layer 4","CCATGTTCATCTATAT-1"
"Layer 5","CCATTAGCGATAATCC-1"
"Layer 5","CCATTCCCTGCCCACA-1"
"Layer 4","CCATTGTTTCCTCCAT-1"
"Layer 2","CCATTTCTACCTATTA-1"
"Layer 2","CCCAAACATGCTGCTC-1"
"Layer 4","CCCAACATACGTCGCG-1"
"Layer 4","CCCAACCACACTAACA-1"
"Layer 3","CCCAAGAATGCACGGT-1"
"Layer 5","CCCAAGACAGAGTATG-1"
"Layer 3","CCCAAGTCATTACACT-1"
"Layer 3","CCCAATGAGATTTGCA-1"
"Layer 5","CCCAATTTCACAACTT-1"
"Layer 6","CCCACTCCACGGTATC-1"
"Layer 3","CCCAGAGGAGGGCGTA-1"
"Layer 3","CCCAGATTCCCGTGAC-1"
"Layer 4","CCCAGGTCTGAAGGCT-1"
"Layer 5","CCCAGTAAACTTGGGA-1"
"Layer 4","CCCATATAGGTCGATT-1"
"Layer 5","CCCATTATTGTATCCT-1"
"Layer 5","CCCGAAGTTTCGCGAA-1"
"Layer 3","CCCGACCATAGTCCGC-1"
"Layer 3","CCCGAGTTTCTCCGTA-1"
"Layer 5","CCCGATAGCCTCGCCT-1"
"Layer 2","CCCGCAAATAATCATC-1"
"Layer 2","CCCGCAGCGCGAACTA-1"
"Layer 3","CCCGCAGGGCCCAAAG-1"
"Layer 5","CCCGCCATGCTCCCGT-1"
"Layer 6","CCCGCGCAATGCACCC-1"
"Layer 3","CCCGCTAGAGGGTTAA-1"
"Layer 6","CCCGCTTGCCCTCGTC-1"
"Layer 4","CCCGGCACGTGTCAGG-1"
"Layer 3","CCCGGGTCGTTCAGGG-1"
"Layer 6","CCCGGTGGAAGAACCT-1"
"Layer 5","CCCGGTGTATCGGAAT-1"
"Layer 5","CCCGTAAGTCTAGGCC-1"
"Layer 4","CCCGTAGCTGGGAAGA-1"
"Layer 4","CCCGTCAGCGTCTGAC-1"
"Layer 3","CCCGTGACAGTGCCTT-1"
"Layer 6","CCCGTGAGGGCGGTGA-1"
"Layer 3","CCCGTTTCGCAGATGT-1"
"Layer 3","CCCTACCCACACCCAG-1"
"Layer 3","CCCTACTTGAACAATG-1"
"Layer 3","CCCTAGCTCTAAGGTC-1"
"Layer 6","CCCTAGGCAACAAGAG-1"
"Layer 5","CCCTATGTAGAGCAGA-1"
"Layer 4","CCCTCAGATCGAGAAC-1"
"Layer 4","CCCTCATCACAGAGTA-1"
"Layer 5","CCCTCATTCTGGAATT-1"
"Layer 3","CCCTCCTCGCTCGTAT-1"
"Layer 4","CCCTCGATAATACACA-1"
"Layer 5","CCCTCGGGAGCCTTGT-1"
"Layer 5","CCCTGAAATGAGTTGA-1"
"Layer 6","CCCTGACTAACAAATT-1"
"Layer 5","CCCTGCCCAATCCGCT-1"
"Layer 5","CCCTGCGCTACGCATA-1"
"Layer 6","CCCTGGCTGTTCCTTC-1"
"Layer 2","CCCTGGGAGGGATCCT-1"
"Layer 3","CCCTGGTATGGGCGGC-1"
"Layer 4","CCCTTTAATGGAGTTC-1"
"Layer 3","CCCTTTGACAGGTCTT-1"
"Layer 6","CCGAAAGTGGTGAGCA-1"
"Layer 5","CCGAACACTGGGCCTC-1"
"Layer 2","CCGAACCTTCCCGGCC-1"
"Layer 5","CCGAAGCATTGACCAA-1"
"Layer 4","CCGAAGGGCGTACCGC-1"
"Layer 6","CCGAAGTATATTGTTC-1"
"Layer 6","CCGACAAAGGGAGTGC-1"
"Layer 4","CCGACAATAGGCCGCC-1"
"Layer 5","CCGACGGGCATGAGGT-1"
"Layer 2","CCGACGTAAACACAAC-1"
"Layer 3","CCGACTCGCATAGTCT-1"
"Layer 4","CCGAGAAGTCGCATAA-1"
"Layer 3","CCGAGCTGTGCTTGTC-1"
"Layer 4","CCGAGGGATGTTAGGC-1"
"Layer 5","CCGATATGACGTAAGG-1"
"Layer 3","CCGATCTCAACCTTAT-1"
"Layer 3","CCGATCTTAAGAGGCT-1"
"Layer 5","CCGATTCGAGGGACCC-1"
"Layer 2","CCGATTGGTCAATGAA-1"
"Layer 2","CCGCACAAAGACCAAC-1"
"Layer 5","CCGCACACGAACGTGT-1"
"Layer 5","CCGCACGTGACCTCGG-1"
"Layer 4","CCGCACTTGCAATGAC-1"
"Layer 2","CCGCATGTGGTACGAT-1"
"Layer 4","CCGCCACCACAATCCA-1"
"Layer 5","CCGCCGGAACTTCTCG-1"
"Layer 4","CCGCCGGTCAACACAC-1"
"Layer 4","CCGCCGTTGAGGATAA-1"
"Layer 6","CCGCCTTGCGATGTCG-1"
"Layer 6","CCGCGATTTGGTAGGT-1"
"Layer 6","CCGCGCAAGATACCCA-1"
"Layer 3","CCGCGGAATGCGTCAC-1"
"Layer 5","CCGCGGGTACGAAGAA-1"
"Layer 6","CCGCGTAGGTAAGGGC-1"
"Layer 3","CCGCTATCAGCACCAG-1"
"Layer 5","CCGCTCCGGATAAGCT-1"
"Layer 3","CCGCTCTTCCGAACTA-1"
"Layer 3","CCGCTGGTGCCATTCA-1"
"Layer 4","CCGCTTACCTCACTCT-1"
"Layer 3","CCGCTTGCTGACATGG-1"
"Layer 4","CCGGAAGTGCAATATG-1"
"Layer 5","CCGGAAGTTATCAGTC-1"
"Layer 5","CCGGAATGGTTTCAGT-1"
"Layer 3","CCGGAGCGTACTTTCT-1"
"Layer 3","CCGGAGGTCTTATGGT-1"
"Layer 3","CCGGCACGACCGTTTC-1"
"Layer 6","CCGGCCGCGAGCATAT-1"
"Layer 4","CCGGCGCATATTGGAT-1"
"Layer 5","CCGGCGTGAGACTCTG-1"
"Layer 4","CCGGGACCCGCAGAGA-1"
"Layer 3","CCGGGCGGTCTCGTCA-1"
"Layer 5","CCGGGCTAAGAATTTC-1"
"Layer 5","CCGGGTTCGAGGTTAC-1"
"Layer 4","CCGGTAATGGCTAGTC-1"
"Layer 3","CCGGTTTGTAATTGTG-1"
"Layer 2","CCGTAAGTTGGTCCCA-1"
"Layer 6","CCGTACCCAAGCGCCA-1"
"Layer 3","CCGTAGGAAATCCCTG-1"
"Layer 4","CCGTAGGGTTGTTTAC-1"
"Layer 5","CCGTATCTCGTCGTAG-1"
"Layer 3","CCGTATTAGCGCAGTT-1"
"Layer 5","CCGTCAACCTCTGGCG-1"
"Layer 4","CCGTGAGGCATTCATG-1"
"Layer 5","CCGTGCCCATGACGGC-1"
"Layer 3","CCGTGGAACGATCCAA-1"
"Layer 4","CCGTGTTAAATTCCAT-1"
"Layer 5","CCGTTCCGAATCTCGG-1"
"Layer 3","CCGTTTCCTTTCCGTG-1"
"Layer 3","CCTAAAGGCTGACGCT-1"
"Layer 3","CCTAAATTAACGGTTC-1"
"Layer 4","CCTAAATTGTATCCTA-1"
"Layer 2","CCTAACCCAAACAAGT-1"
"Layer 3","CCTACAGTTGAGGGAG-1"
"Layer 4","CCTACATTCACAGACG-1"
"Layer 2","CCTACGCGACCTTACA-1"
"Layer 6","CCTACGGCTCAGTCGA-1"
"Layer 5","CCTACTCAACACGATT-1"
"Layer 4","CCTACTGCGGCGGCCA-1"
"Layer 4","CCTACTGCTTACACTT-1"
"Layer 5","CCTAGGTAAAGGTAGC-1"
"Layer 3","CCTAGTTAGTCGCATG-1"
"Layer 3","CCTATACCGTCCTGTC-1"
"Layer 5","CCTATATCGTGTCACG-1"
"Layer 3","CCTATATTTGTCCTGG-1"
"Layer 3","CCTATCTATATCGGAA-1"
"Layer 3","CCTATGAAGTGGTGCC-1"
"Layer 5","CCTATGGCTCCTAGTG-1"
"Layer 3","CCTATGGGTTACCGTC-1"
"Layer 3","CCTATGTCCACTCCAC-1"
"Layer 6","CCTATTATTCCGGCCG-1"
"Layer 6","CCTCAACGATCGCTGT-1"
"Layer 6","CCTCACCAATCTTGAC-1"
"Layer 3","CCTCACCTGAGGGAGC-1"
"Layer 5","CCTCACGTCAGCTAAT-1"
"Layer 6","CCTCATGCAGCTACGA-1"
"Layer 4","CCTCCCGACAATCCCT-1"
"Layer 5","CCTCCGACAATTCAAG-1"
"Layer 5","CCTCCTAGCTAGAGTC-1"
"Layer 6","CCTCCTGAGCCCACAT-1"
"Layer 3","CCTCCTGTTGTGTCGT-1"
"Layer 3","CCTCGAAGTGGACGGG-1"
"Layer 3","CCTCGACCCACTGCCT-1"
"Layer 3","CCTCGCCAGCAAATTA-1"
"Layer 3","CCTCGCGCTGTGCGAT-1"
"Layer 6","CCTCGGATGCTACCTG-1"
"Layer 3","CCTCGGTTTCCTTGCC-1"
"Layer 3","CCTCTAATCTGCCAAG-1"
"Layer 4","CCTCTACAAGGATTGG-1"
"Layer 5","CCTCTATCGATTAGCA-1"
"Layer 5","CCTCTCTCCCATCTAG-1"
"Layer 3","CCTCTGGCCTAGACGG-1"
"Layer 3","CCTCTGTACTATTCTA-1"
"Layer 3","CCTGAATATTTACATA-1"
"Layer 3","CCTGACCACCGATGGT-1"
"Layer 3","CCTGACGCAACCTTTA-1"
"Layer 3","CCTGAGAATAAATGCA-1"
"Layer 3","CCTGATTCGCGAAGAA-1"
"Layer 6","CCTGCCCGTTGTCTAG-1"
"Layer 6","CCTGCGTTCTACGCTT-1"
"Layer 4","CCTGCTATTTGAGAAG-1"
"Layer 4","CCTGGAAACGTTCTGC-1"
"Layer 5","CCTGGCTAGACCCGCC-1"
"Layer 2","CCTGGTCGAATGTGGG-1"
"Layer 4","CCTGTAAGACATGATA-1"
"Layer 5","CCTGTACTCACGCCCA-1"
"Layer 3","CCTGTCACCCGGGCTC-1"
"Layer 4","CCTGTCCCTCACGTTA-1"
"Layer 3","CCTGTCGCCCGTAAAT-1"
"Layer 5","CCTGTCGTGTATGAAG-1"
"Layer 2","CCTGTGCGGATTGTAA-1"
"Layer 3","CCTGTTCAACCTCGGG-1"
"Layer 3","CCTGTTTGAAGACACG-1"
"Layer 3","CCTTAAGTACGCAATT-1"
"Layer 3","CCTTCAGTTAAAGTGA-1"
"Layer 5","CCTTCCGCAACGCTGC-1"
"Layer 2","CCTTCGTATAGAATCC-1"
"Layer 5","CCTTCTCAGCGTTCCT-1"
"Layer 3","CCTTCTTGATCCAGTG-1"
"Layer 4","CCTTGACCACTTTATT-1"
"Layer 3","CCTTGTGAACGTGGTT-1"
"Layer 3","CCTTTAAGGGAGCACT-1"
"Layer 5","CCTTTGAATTATGGCT-1"
"Layer 3","CGAAACATAGATGGCA-1"
"Layer 5","CGAAACGCAATTCATG-1"
"Layer 3","CGAACAGTATGGGCGT-1"
"Layer 3","CGAACATAGTCAGAAA-1"
"Layer 3","CGAACCCGCATGCGTC-1"
"Layer 5","CGAACCTCTTTCCTAG-1"
"Layer 3","CGAACGCCCAGTGCCG-1"
"Layer 5","CGAACGGCCGGACAAC-1"
"Layer 2","CGAAGATCAGTTTCAT-1"
"Layer 5","CGAAGCCACAGCATGG-1"
"Layer 3","CGAAGCTATAAATTCA-1"
"Layer 5","CGAAGGGTTTCAGATT-1"
"Layer 5","CGAAGTTGCTCTGTGT-1"
"Layer 5","CGAATCTGCTCGACGC-1"
"Layer 5","CGAATGAAGTCATTGC-1"
"Layer 3","CGAATGACGCATAATG-1"
"Layer 4","CGAATGGTAGGTCGTC-1"
"Layer 2","CGAATTACATGGTGTT-1"
"Layer 5","CGAATTCCCGGTTCAA-1"
"Layer 3","CGACAATTTGATCTAA-1"
"Layer 3","CGACACCGCTTAAGGA-1"
"Layer 3","CGACACGCTCCGACAG-1"
"Layer 3","CGACACGGATGCCCAC-1"
"Layer 4","CGACAGTTCGCGTTAT-1"
"Layer 4","CGACATGCGATCTTCT-1"
"Layer 5","CGACCCTTAACGCCGG-1"
"Layer 4","CGACCGTTGGTATTCG-1"
"Layer 6","CGACCTACTAGACAAT-1"
"Layer 5","CGACGCATCCGTACCT-1"
"Layer 3","CGACTCGGTACACGGT-1"
"Layer 5","CGACTTGCCGGGAAAT-1"
"Layer 3","CGACTTTGTATAGCCT-1"
"Layer 3","CGAGACCCTAGAGTGT-1"
"Layer 3","CGAGACTACTGCTGCT-1"
"Layer 3","CGAGAGATGTGAACCT-1"
"Layer 6","CGAGAGCGCGTAGATA-1"
"Layer 3","CGAGAGCTTTCACTAC-1"
"Layer 3","CGAGAGGGTAGCCGCG-1"
"Layer 4","CGAGATTTCGCTCGGG-1"
"Layer 6","CGAGCACTTCAAGTTT-1"
"Layer 5","CGAGCGTTGATCAGCC-1"
"Layer 3","CGAGCTGGGCTTTAGG-1"
"Layer 3","CGAGGAGCTTCCATAT-1"
"Layer 4","CGAGGATCGGGAACGA-1"
"Layer 3","CGAGGCTAAATATGGC-1"
"Layer 2","CGAGGGACTGCGGTCG-1"
"Layer 3","CGAGGGTATCCAGGTG-1"
"Layer 4","CGAGTACTAAAGAGGA-1"
"Layer 5","CGAGTGAAGGTACCAG-1"
"Layer 6","CGAGTGCTATAGTTCG-1"
"Layer 2","CGAGTTTATCGGACTG-1"
"Layer 3","CGATAACCAATTTGAG-1"
"Layer 4","CGATAATACTCAGGTT-1"
"Layer 3","CGATACCTCGCGGACA-1"
"Layer 5","CGATAGCGATACAGTG-1"
"Layer 3","CGATAGTCGTACTGCA-1"
"Layer 6","CGATATTAGCCGCAGG-1"
"Layer 3","CGATCATTAGAGGCAC-1"
"Layer 3","CGATCCACCATTGTTG-1"
"Layer 3","CGATCCGACCCAGTGC-1"
"Layer 3","CGATCCTCGCAACATA-1"
"Layer 5","CGATCTGTTGGAGGAC-1"
"Layer 2","CGATGGACCCTACGCC-1"
"Layer 5","CGATGTTGTTATCTAC-1"
"Layer 3","CGATTAAATATCTCCT-1"
"Layer 4","CGATTTGTCATTAATG-1"
"Layer 5","CGCAAACACGAGTTAC-1"
"Layer 5","CGCAATTACTTTCGGT-1"
"Layer 5","CGCAATTAGGGTAATA-1"
"Layer 5","CGCAATTCTACAATAA-1"
"Layer 4","CGCACGTCTGTTTATG-1"
"Layer 3","CGCACGTGCGCTATCA-1"
"Layer 4","CGCAGAAACATTTGCG-1"
"Layer 3","CGCAGATCTTCACCCG-1"
"Layer 3","CGCAGGCGATCCAAAC-1"
"Layer 3","CGCATCATGGCTTCAG-1"
"Layer 3","CGCATCCATCAGCCAG-1"
"Layer 3","CGCATGCCGAATGCGT-1"
"Layer 3","CGCATGGTGCGATGCT-1"
"Layer 3","CGCATTAGCTAATAGG-1"
"Layer 5","CGCCAAGAAGCCGAGT-1"
"Layer 5","CGCCACAGGTCGCGAT-1"
"Layer 5","CGCCAGTAGTACCTTG-1"
"Layer 3","CGCCATCCGATTATGA-1"
"Layer 3","CGCCCAGCACGCCTAG-1"
"Layer 3","CGCCCAGCGTTTCACG-1"
"Layer 3","CGCCCGCTTCCGTACA-1"
"Layer 5","CGCCCTAATTGTTCAA-1"
"Layer 6","CGCCCTTGAAGGCTGA-1"
"Layer 6","CGCCGACTATTCGCTA-1"
"Layer 3","CGCCGCGTTCTGAACG-1"
"Layer 3","CGCCGGTGTCGCAGTA-1"
"Layer 4","CGCCGTCTACCCATCG-1"
"Layer 3","CGCCGTTCAGCATAGT-1"
"Layer 2","CGCCTCCCTCCTCTAT-1"
"Layer 5","CGCCTGGCCTACGTAA-1"
"Layer 4","CGCCTTTAGCATGCTC-1"
"Layer 3","CGCGAAGTGGCATACT-1"
"Layer 3","CGCGAGAGGGACTTGT-1"
"Layer 5","CGCGAGTCTGCCGGGT-1"
"Layer 5","CGCGCAAATGTCCAGA-1"
"Layer 3","CGCGCATGTTTGATTG-1"
"Layer 3","CGCGCCCGACTTAATA-1"
"Layer 3","CGCGGCTCAACTTGAA-1"
"Layer 2","CGCGGGAATTAGGCAG-1"
"Layer 3","CGCGGGAATTCCTTTC-1"
"Layer 4","CGCGGTAAGTCTAGCT-1"
"Layer 4","CGCGGTACGGTATACA-1"
"Layer 3","CGCGGTCACAAACCAA-1"
"Layer 4","CGCGTCATATTAAACC-1"
"Layer 4","CGCGTTCATGAAATAC-1"
"Layer 6","CGCTACCGCCCTATGA-1"
"Layer 4","CGCTACGGGACATTTA-1"
"Layer 3","CGCTAGAGACCGCTGC-1"
"Layer 6","CGCTATACCGCCCACT-1"
"Layer 3","CGCTATCGTGGCTTTA-1"
"Layer 6","CGCTATTCAATGTATG-1"
"Layer 3","CGCTATTCTTAGGCTC-1"
"Layer 5","CGCTCGACATAATGAT-1"
"Layer 5","CGCTCTCCGTAGATTA-1"
"Layer 6","CGCTGAGGACGTCCAA-1"
"Layer 3","CGCTGGTGACTACCCT-1"
"Layer 4","CGCTGTGACGCCGCAC-1"
"Layer 3","CGCTGTGTGGATGTTG-1"
"Layer 3","CGCTTAGTATTGATAC-1"
"Layer 5","CGCTTATTCCCGGTCG-1"
"Layer 5","CGCTTCCACTGAAATC-1"
"Layer 4","CGCTTCGGTCTAAGAC-1"
"Layer 4","CGCTTGGACGGATAGA-1"
"Layer 5","CGCTTTCATACCGGTG-1"
"Layer 2","CGCTTTCCGCCAAGGT-1"
"Layer 3","CGGAAAGAATCAAACG-1"
"Layer 3","CGGAAATTTCACATCC-1"
"Layer 3","CGGAACGTAAACATAG-1"
"Layer 3","CGGACCTCTGTAGTTA-1"
"Layer 6","CGGACGTTACTTGAAG-1"
"Layer 3","CGGAGCAATTTAATCG-1"
"Layer 3","CGGAGCATGGCGATCC-1"
"Layer 3","CGGAGCTTATAACACC-1"
"Layer 2","CGGAGTCCTAACCTGG-1"
"Layer 5","CGGAGTTTGAGAGACA-1"
"Layer 2","CGGATCCTCAAGGACT-1"
"Layer 5","CGGATGAATGCTGTGA-1"
"Layer 4","CGGATTCTGCCTTATG-1"
"Layer 2","CGGCAAACATCGTGCG-1"
"Layer 4","CGGCAATAAGATCGCC-1"
"Layer 2","CGGCACCGTTAGCGCC-1"
"Layer 6","CGGCACTCAAGAAAGT-1"
"Layer 3","CGGCCACGCACAAAGT-1"
"Layer 3","CGGCCAGAGCGACCAT-1"
"Layer 3","CGGCCCAACCTGTAGT-1"
"Layer 3","CGGCCCAGGTATATCC-1"
"Layer 3","CGGCGCCATCAATCCC-1"
"Layer 4","CGGCTCTAAAGCTGCA-1"
"Layer 3","CGGCTCTTCGTCGAAC-1"
"Layer 3","CGGCTGCAAGATTAAG-1"
"Layer 4","CGGCTTTGTATGATAA-1"
"Layer 5","CGGGAACGCCCTGCAT-1"
"Layer 5","CGGGAAGTACCGTGGC-1"
"Layer 3","CGGGAATATAGTATAC-1"
"Layer 3","CGGGAATTTATGTAAA-1"
"Layer 3","CGGGAGCTTCAGTGTA-1"
"Layer 4","CGGGATCAATGTAAGA-1"
"Layer 3","CGGGCAGCTAAACCGC-1"
"Layer 3","CGGGCCTTCTTTGTAA-1"
"Layer 2","CGGGCGATGGATCACG-1"
"Layer 4","CGGGTTTGTTAGGGCT-1"
"Layer 6","CGGTACGGCAAACCCA-1"
"Layer 2","CGGTATGGGCACTCTG-1"
"Layer 2","CGGTCAAGTGGGAACC-1"
"Layer 5","CGGTCAGTCCATATTT-1"
"Layer 3","CGGTCCATGAGACTCC-1"
"Layer 3","CGGTCCGTCGCAAGCC-1"
"Layer 3","CGGTCTATCAACCCGT-1"
"Layer 5","CGGTGAAGACTAAAGT-1"
"Layer 4","CGGTGCAGATAGAACG-1"
"Layer 4","CGGTGCGCGTTGGTCC-1"
"Layer 6","CGGTGTACTTGATCCC-1"
"Layer 3","CGGTTATCCAACAGTG-1"
"Layer 2","CGGTTCAAGTAGGTGT-1"
"Layer 6","CGGTTCCGGCTTCTTG-1"
"Layer 5","CGGTTGACCTGGCATA-1"
"Layer 4","CGGTTGAGTATCCTTC-1"
"Layer 2","CGGTTGGGCAGGGTCC-1"
"Layer 2","CGGTTGGGTTCAAGTT-1"
"Layer 6","CGGTTTACTGAACATT-1"
"Layer 4","CGTAAAGCAAGAAATC-1"
"Layer 3","CGTAAATAACAAAGGG-1"
"Layer 3","CGTAACTTCGACACTT-1"
"Layer 3","CGTACCTGATAGGCCT-1"
"Layer 3","CGTAGAGAGTAATTAT-1"
"Layer 3","CGTAGCGAATTGTCAG-1"
"Layer 5","CGTAGCGCCGACGTTG-1"
"Layer 5","CGTATCTAGAACTAAG-1"
"Layer 3","CGTATTAAGAGATCTA-1"
"Layer 4","CGTATTGTTTCCTAAT-1"
"Layer 4","CGTCAAATGGTCGCAG-1"
"Layer 6","CGTCAAGGCTATAAAT-1"
"Layer 3","CGTCACGTCCATTGGT-1"
"Layer 5","CGTCAGTGCGCACAAG-1"
"Layer 4","CGTCAGTTTATCGTCT-1"
"Layer 6","CGTCATACCATATCCA-1"
"Layer 4","CGTCCTCATCGCGTGC-1"
"Layer 5","CGTCGCTTGGTTATAC-1"
"Layer 3","CGTCGGATAGTGTTGA-1"
"Layer 5","CGTCGGGTCTAAGCGC-1"
"Layer 4","CGTCTGGAAGGGCCCG-1"
"Layer 5","CGTCTTGAGTGTGACG-1"
"Layer 3","CGTGAAGTTAATTCAC-1"
"Layer 3","CGTGACATTGGGTCGT-1"
"Layer 3","CGTGACCAGTCCTCTG-1"
"Layer 3","CGTGCACACCACTGTA-1"
"Layer 2","CGTGCAGACTGGGACA-1"
"Layer 5","CGTGCATTGTCGACGC-1"
"Layer 4","CGTGCTTCTACCTAAA-1"
"Layer 5","CGTGGAAGCCTCGTAC-1"
"Layer 3","CGTGGCCGAATATCTA-1"
"Layer 3","CGTGGTACCCAAAGGC-1"
"Layer 5","CGTGTCCCATTCGCGA-1"
"Layer 4","CGTGTCTCGTTACGAC-1"
"Layer 4","CGTGTGTTAAACCCTG-1"
"Layer 4","CGTTAAACTAGTTAGG-1"
"Layer 4","CGTTAAATACGACCAG-1"
"Layer 3","CGTTAATGTCCCGACG-1"
"Layer 2","CGTTAGCTCACAACTG-1"
"Layer 6","CGTTATCATACTTCCA-1"
"Layer 3","CGTTCAAGGAAACGGA-1"
"Layer 2","CGTTCAGACCCGCGAA-1"
"Layer 5","CGTTCATGGTGCGCGT-1"
"Layer 3","CGTTCTTCGCACACCT-1"
"Layer 2","CGTTGAGCGACCGTCG-1"
"Layer 3","CGTTGCCCGCGTGGGA-1"
"Layer 3","CGTTGTAAGATTGATT-1"
"Layer 2","CGTTGTCGGCAATTGA-1"
"Layer 5","CGTTGTTTCAATTCCC-1"
"Layer 4","CGTTTAAGCGGAGCAC-1"
"Layer 3","CGTTTACAAGGCAGCT-1"
"Layer 4","CGTTTCGCTCATTACA-1"
"Layer 4","CGTTTCGGTTATATGC-1"
"Layer 5","CGTTTGGTGTTGTGGG-1"
"Layer 3","CGTTTGTGTAGAGGGT-1"
"Layer 6","CTAAACGGGTGTAATC-1"
"Layer 5","CTAAAGAATGCCTACT-1"
"Layer 3","CTAAAGGGAAATAGGA-1"
"Layer 4","CTAAATCCGGTGTACA-1"
"Layer 2","CTAAATCCTATTCCGG-1"
"Layer 6","CTAACAGCACAATAAC-1"
"Layer 5","CTAACCGCGCGCCCGT-1"
"Layer 3","CTAACTGATAATCGCC-1"
"Layer 4","CTAACTGGTCCGGTTC-1"
"Layer 2","CTAAGGGAATGATTGG-1"
"Layer 3","CTAATTATGAAGCGTA-1"
"Layer 5","CTAATTCGCACGCGCT-1"
"Layer 3","CTAATTCTCAGATATT-1"
"Layer 6","CTAATTTCAACAACAC-1"
"Layer 3","CTACAAGAAATAACCC-1"
"Layer 6","CTACACTAGCTTGTTC-1"
"Layer 3","CTACACTCGCAGATGG-1"
"Layer 5","CTACATATCGCGGGAC-1"
"Layer 3","CTACGAACTAGGTCGA-1"
"Layer 5","CTACGACTAGCTATAA-1"
"Layer 5","CTACGATCCTATCCTA-1"
"Layer 3","CTACGCACGGAGTACC-1"
"Layer 3","CTACGCCATTTCCGAT-1"
"Layer 5","CTACTATCATAGGTTT-1"
"Layer 3","CTACTCAAGGTATAGT-1"
"Layer 5","CTACTCTAGGCCCGGC-1"
"Layer 3","CTACTGCCACCTGACC-1"
"Layer 2","CTAGACATATATGTAG-1"
"Layer 3","CTAGATGTGAGTGTAA-1"
"Layer 2","CTAGATTTACGACGGC-1"
"Layer 3","CTAGCATAGTATAATG-1"
"Layer 4","CTAGCCACAGGCGAGC-1"
"Layer 3","CTAGCCCGGGAGACGA-1"
"Layer 3","CTAGCCGATGTTATGA-1"
"Layer 5","CTAGCTTAATGGTCCC-1"
"Layer 3","CTAGGCGCCCTATCAG-1"
"Layer 3","CTAGGGATAGGGACAA-1"
"Layer 3","CTAGGTCTGAAGGAAT-1"
"Layer 2","CTAGTAGAAAGGGATT-1"
"Layer 3","CTAGTATTCGGAATTA-1"
"Layer 3","CTAGTCACGTCTTAAG-1"
"Layer 5","CTAGTGAAGGACAGGA-1"
"Layer 2","CTAGTTACAACCCGGT-1"
"Layer 3","CTAGTTGGGCCCGGTA-1"
"Layer 3","CTATAAGAGCCAATCG-1"
"Layer 5","CTATAAGTAGGGTTTG-1"
"Layer 6","CTATACTTAAAGCGAG-1"
"Layer 3","CTATAGGCGTTGATGT-1"
"Layer 4","CTATATCCAGCCTGGC-1"
"Layer 2","CTATCACAACGCTGGA-1"
"Layer 3","CTATCGACGAAATACA-1"
"Layer 4","CTATCGCGTAGAGAAC-1"
"Layer 3","CTATCGGGTCTCAACA-1"
"Layer 4","CTATGAACACCTTGCC-1"
"Layer 3","CTATGCCCGAATGCAA-1"
"Layer 3","CTATGGGAAGCGGAAT-1"
"Layer 3","CTATGTCACTAGCCCA-1"
"Layer 4","CTATGTCTATTGAAAC-1"
"Layer 5","CTATGTGAGTCACGGC-1"
"Layer 3","CTATTCATGTGTCCCA-1"
"Layer 2","CTATTTGCTTGGAGGA-1"
"Layer 3","CTCAAACCACTGCCCG-1"
"Layer 3","CTCAACTAACCCGGAT-1"
"Layer 3","CTCACACGCAAGCCTA-1"
"Layer 2","CTCACATTTACTAAAT-1"
"Layer 3","CTCACCGATCCAAACT-1"
"Layer 5","CTCACTTGGCTGGTAA-1"
"Layer 2","CTCAGAGCTAATGTCG-1"
"Layer 6","CTCAGATTGTGATAAG-1"
"Layer 6","CTCAGGACTCACCTGT-1"
"Layer 4","CTCATAAATGTGTATA-1"
"Layer 4","CTCATCACTTAGTGAT-1"
"Layer 4","CTCATGGCTCACAATC-1"
"Layer 5","CTCATGGTAATTTGCG-1"
"Layer 5","CTCATTAACGTTGCCC-1"
"Layer 3","CTCATTTGATGGGCGG-1"
"Layer 4","CTCCCAATGAGTCGCG-1"
"Layer 5","CTCCCTCCTTTCGATC-1"
"Layer 5","CTCCCTTGTATCAAGG-1"
"Layer 4","CTCCGCCCACATGAGG-1"
"Layer 4","CTCCGGCCTAATATGC-1"
"Layer 6","CTCCTAAGTTATGTCT-1"
"Layer 4","CTCCTAGTAATCGTGA-1"
"Layer 3","CTCCTCCAGCTCACAC-1"
"Layer 4","CTCCTGTTCAAGGCAG-1"
"Layer 3","CTCCTTTACGCAAGTC-1"
"Layer 5","CTCGAGACATACGATA-1"
"Layer 3","CTCGAGGCAAGTTTCA-1"
"Layer 3","CTCGAGGTCGAACAGT-1"
"Layer 3","CTCGCACCTATATAGT-1"
"Layer 5","CTCGCATTGCATAGCC-1"
"Layer 2","CTCGCCGAATGTAGGG-1"
"Layer 3","CTCGCTAGGTAAGCGA-1"
"Layer 4","CTCGGGATAACACCTA-1"
"Layer 5","CTCGGGTTCTCTGGCC-1"
"Layer 4","CTCGGTCCGTAGCCTG-1"
"Layer 5","CTCGGTTGTCGGCCCT-1"
"Layer 5","CTCGTCGAGGGCTCAT-1"
"Layer 3","CTCGTCTGTGCCTTCG-1"
"Layer 2","CTCGTGGCACTGAAAG-1"
"Layer 3","CTCGTTACGGCTACCA-1"
"Layer 3","CTCGTTTCTAATGTTT-1"
"Layer 3","CTCTAACACCGGCAGC-1"
"Layer 3","CTCTAATGCATTGATC-1"
"Layer 5","CTCTACACTGGCGATT-1"
"Layer 2","CTCTACATCCTGCGTG-1"
"Layer 3","CTCTAGCCCTCGGAAA-1"
"Layer 2","CTCTATTTGGCTGCAG-1"
"Layer 3","CTCTCACAATCGATGA-1"
"Layer 4","CTCTCGATGTGCGCCT-1"
"Layer 5","CTCTCTAACTGCCTAG-1"
"Layer 4","CTCTGCAGGCATTCTT-1"
"Layer 5","CTCTGCGAAGCAAGCA-1"
"Layer 3","CTCTGGACGCCTGGTG-1"
"Layer 3","CTCTGTCCATGCACCA-1"
"Layer 6","CTCTGTGCCTGCTATG-1"
"Layer 3","CTCTGTTTGAGGATTC-1"
"Layer 3","CTCTTCTATTGACTGG-1"
"Layer 3","CTCTTCTGGAAGTTAG-1"
"Layer 3","CTCTTGTCCCGCTTGG-1"
"Layer 3","CTGAAACGGCCCTCAG-1"
"Layer 3","CTGAAAGAGATCCGAC-1"
"Layer 3","CTGAATCCGAGACCTC-1"
"Layer 3","CTGAATTTATTGCCAG-1"
"Layer 5","CTGACATAGAAATAGA-1"
"Layer 3","CTGACTGCGCAGCTCG-1"
"Layer 4","CTGAGAAAGTTCGGCG-1"
"Layer 5","CTGAGAGTAGAAATAC-1"
"Layer 6","CTGAGCAAGTAACAAG-1"
"Layer 5","CTGAGCGAGACTTATT-1"
"Layer 6","CTGATAGTGTATCTCA-1"
"Layer 4","CTGATCCCTTTATGCA-1"
"Layer 4","CTGCAAGCACGTTCCG-1"
"Layer 4","CTGCACCTAGTCCACA-1"
"Layer 5","CTGCACCTGGAACCGC-1"
"Layer 2","CTGCACTCCAGTACAG-1"
"Layer 3","CTGCAGAGAATCAGAG-1"
"Layer 3","CTGCCAAGGTTGGAAG-1"
"Layer 3","CTGCCATGCATCACAT-1"
"Layer 3","CTGCCTAGCCACCAAG-1"
"Layer 4","CTGCCTCATATGCAAC-1"
"Layer 4","CTGCCTTTAATACCTT-1"
"Layer 3","CTGCCTTTCTAGTAAA-1"
"Layer 2","CTGCGACCTCGCCGAA-1"
"Layer 2","CTGCGATTTCGAGATT-1"
"Layer 5","CTGCGGGTGAAATGTT-1"
"Layer 2","CTGCGGTAGTCACGTG-1"
"Layer 2","CTGCGTTACGATATAA-1"
"Layer 5","CTGCTCTCAACACACC-1"
"Layer 2","CTGCTCTGACGGCAAA-1"
"Layer 4","CTGCTGAGGCCACGAA-1"
"Layer 4","CTGCTGTCTAACGAGC-1"
"Layer 3","CTGCTTTATGTCCGCG-1"
"Layer 4","CTGGAAATGGATGCTT-1"
"Layer 2","CTGGAAGACACGGTGG-1"
"Layer 5","CTGGACGCAGTCCGGC-1"
"Layer 3","CTGGATTTACACTTGA-1"
"Layer 5","CTGGCATCCGAATGAG-1"
"Layer 3","CTGGCGACATAAGTCC-1"
"Layer 4","CTGGCGATTTACATGT-1"
"Layer 6","CTGGCGGGAATAAGTA-1"
"Layer 3","CTGGCTGATTCATCCT-1"
"Layer 3","CTGGCTGGTTGTCAGT-1"
"Layer 4","CTGGGATACGCTACCC-1"
"Layer 2","CTGGGCACTAGTCGGA-1"
"Layer 5","CTGGGCCTGCTATATC-1"
"Layer 4","CTGGGCTACTGGAGAG-1"
"Layer 5","CTGGGTTGAGTTAAAG-1"
"Layer 4","CTGGTAAAGACTTACA-1"
"Layer 4","CTGGTAAAGTGTGGGC-1"
"Layer 2","CTGGTAACACATAGAA-1"
"Layer 3","CTGGTAACGAGCTCTT-1"
"Layer 6","CTGGTCATTCCAATCC-1"
"Layer 4","CTGGTCCTAACTTGGC-1"
"Layer 5","CTGGTGAATGGGCCTA-1"
"Layer 6","CTGGTTCAACGCATCA-1"
"Layer 5","CTGGTTCGCGAGCTAC-1"
"Layer 2","CTGGTTTCGAGCAAGA-1"
"Layer 3","CTGTACTTCTTAGCAT-1"
"Layer 3","CTGTAGCCATCTCACT-1"
"Layer 3","CTGTAGTGAGGATCGA-1"
"Layer 6","CTGTATGGTGTAGAAA-1"
"Layer 2","CTGTCAAATGGCTCGG-1"
"Layer 3","CTGTGCAGGGTAGGTC-1"
"Layer 3","CTGTGGTCGGGAGATA-1"
"Layer 3","CTGTTACCCAATCTAG-1"
"Layer 4","CTGTTCACTGCCTGTG-1"
"Layer 5","CTGTTCATCTCACGGG-1"
"Layer 5","CTGTTGTTCAGTCGTA-1"
"Layer 4","CTTAACTTACAGTATA-1"
"Layer 4","CTTAACTTCGAAGTAC-1"
"Layer 6","CTTAAGCAGCGAGCCG-1"
"Layer 2","CTTAATCGACTTAGTA-1"
"Layer 4","CTTACACGGTATTCCA-1"
"Layer 5","CTTACACTGGGAAATA-1"
"Layer 3","CTTACATAGATTTCTT-1"
"Layer 5","CTTACTGACTCCTCTG-1"
"Layer 2","CTTAGATGTTTCATCC-1"
"Layer 3","CTTAGCCTTCCACATG-1"
"Layer 5","CTTAGGTATAGACCAG-1"
"Layer 4","CTTAGGTCCCAATCGT-1"
"Layer 3","CTTAGTAGGCCTACAG-1"
"Layer 4","CTTAGTTGAGGAATCG-1"
"Layer 5","CTTATAGATGGCTGTT-1"
"Layer 5","CTTATGCGCTCAGGGC-1"
"Layer 6","CTTATGTTGACTACCA-1"
"Layer 5","CTTCACGCCCTGGTAC-1"
"Layer 5","CTTCAGTGGTCGCCTA-1"
"Layer 3","CTTCAGTTGGACAACG-1"
"Layer 5","CTTCATAGCTCAAGAA-1"
"Layer 3","CTTCATTGTCAGTGGA-1"
"Layer 3","CTTCCGCTCCGTGAAG-1"
"Layer 2","CTTCCTGCATATTTAC-1"
"Layer 3","CTTCGATTGCGCAAGC-1"
"Layer 4","CTTCGGCCAATTGTTT-1"
"Layer 4","CTTCGTAGATAGGTGA-1"
"Layer 5","CTTCTATGTTGAAGTA-1"
"Layer 3","CTTCTATTAATGCTAG-1"
"Layer 4","CTTCTGGGCGTACCTA-1"
"Layer 4","CTTCTTACGTCGTATA-1"
"Layer 4","CTTGACCCGAAAGATA-1"
"Layer 2","CTTGAGTTAGGGTAAT-1"
"Layer 3","CTTGATGACCATCCAG-1"
"Layer 5","CTTGCAACCGCCTCCT-1"
"Layer 4","CTTGCCCACCCACGCA-1"
"Layer 3","CTTGCCCAGGCTCTAC-1"
"Layer 3","CTTGGCCAAGCTGGGA-1"
"Layer 4","CTTGTACTTGTTGACT-1"
"Layer 3","CTTGTCAACATTCGAG-1"
"Layer 6","CTTGTGAGTCTTTGAC-1"
"Layer 2","CTTGTTGCTGAGTCAA-1"
"Layer 6","CTTGTTTATGTAGCCA-1"
"Layer 3","CTTTAACTTTCAAAGG-1"
"Layer 3","CTTTAGTGCTATTATT-1"
"Layer 2","CTTTATCCGACGCATG-1"
"Layer 2","CTTTCTGTGCGGGCTT-1"
"Layer 2","CTTTGAAACATATTCC-1"
"Layer 6","CTTTGACGTCGCTTCT-1"
"Layer 3","CTTTGCATCGCTCTTG-1"
"Layer 5","CTTTGCTGTCATGGAT-1"
"Layer 6","CTTTGGCGCTTTATAC-1"
"Layer 5","CTTTGGCTTTAGTAAA-1"
"Layer 3","CTTTGGGATTGTTGCA-1"
"Layer 5","CTTTGTCGAATGCTCC-1"
"Layer 2","GAAACAGATGACCACC-1"
"Layer 4","GAAACAGCCATGCAGT-1"
"Layer 5","GAAACATAGGAAACAG-1"
"Layer 3","GAAACCATGGTGCGCT-1"
"Layer 3","GAAACCGAATTACCTT-1"
"Layer 3","GAAACCTATACAAATG-1"
"Layer 6","GAAACTCGTGCGATGC-1"
"Layer 3","GAAACTCTAATGAAGG-1"
"Layer 3","GAAAGAACAGCGTTAT-1"
"Layer 3","GAAAGCAGTGCACTTT-1"
"Layer 5","GAAAGCCCTTTGGACC-1"
"Layer 5","GAAAGTGACTAACTGC-1"
"Layer 3","GAAATACCTGCTGGCT-1"
"Layer 6","GAAATACTAAACGTTT-1"
"Layer 5","GAAATATCACCATCAG-1"
"Layer 3","GAAATATGCTTGAATG-1"
"Layer 3","GAAATCGCGCGCAACT-1"
"Layer 2","GAAATTAGCACGGATA-1"
"Layer 5","GAAATTCACATCGCTG-1"
"Layer 3","GAAATTGTCTCTATAA-1"
"Layer 3","GAACAACTGGGATGAA-1"
"Layer 4","GAACACACATCAACCA-1"
"Layer 2","GAACAGATTACTAAAT-1"
"Layer 3","GAACATTAGTATGTTA-1"
"Layer 5","GAACCATCTGGGAGAC-1"
"Layer 2","GAACCCTCTGTGTTCT-1"
"Layer 6","GAACCTCGACCTACAC-1"
"Layer 3","GAACGACCGAATGATA-1"
"Layer 4","GAACGATAAGTTAAAG-1"
"Layer 4","GAACGCGGGTCACACG-1"
"Layer 6","GAACGTTAGGAAGACG-1"
"Layer 2","GAACTGTGGAGAGACA-1"
"Layer 3","GAACTTGTGCACGGGA-1"
"Layer 4","GAAGAAACGATATTGT-1"
"Layer 5","GAAGAACGGTGCAGGT-1"
"Layer 4","GAAGACTTCAATGCCG-1"
"Layer 3","GAAGCCTGCACATTCC-1"
"Layer 3","GAAGCGTGAGGAATTT-1"
"Layer 5","GAAGCTCGGACCCGTC-1"
"Layer 5","GAAGCTTGCTGACCGC-1"
"Layer 3","GAAGGAGTCGAGTGCG-1"
"Layer 3","GAAGGCTACCATTGTT-1"
"Layer 3","GAAGGGTCATTAAGAC-1"
"Layer 3","GAAGTCAGTTGCACTA-1"
"Layer 2","GAAGTCTCCCTAGCGA-1"
"Layer 4","GAAGTGATTTATCGTG-1"
"Layer 4","GAAGTGCTGGATAGCT-1"
"Layer 4","GAAGTTTCCACTCAAT-1"
"Layer 2","GAATAGACGCGACCCA-1"
"Layer 4","GAATAGCATTTAGGGT-1"
"Layer 3","GAATAGCCCTGCGGTC-1"
"Layer 4","GAATAGTGCTCGATTA-1"
"Layer 3","GAATATTCGGAGTCCC-1"
"Layer 5","GAATCGACATGGTCAC-1"
"Layer 6","GAATCGCCGGACACGG-1"
"Layer 3","GAATCTATACTCGGAC-1"
"Layer 3","GAATCTGAACATTCTC-1"
"Layer 3","GAATGAAGGTCTTCAG-1"
"Layer 6","GAATGCCGAAATGACC-1"
"Layer 2","GAATGCGAATCGGTTC-1"
"Layer 6","GAATGGGCTTATCGAC-1"
"Layer 2","GAATGTATGGCAGGTC-1"
"Layer 3","GAATGTTGGGTAATCT-1"
"Layer 3","GAATTATAGTGAAAGG-1"
"Layer 3","GAATTCACCCGGGTGT-1"
"Layer 5","GAATTTCTCGCTGCAG-1"
"Layer 3","GACAAACATATGCAGG-1"
"Layer 3","GACAACGACCATTGAA-1"
"Layer 4","GACAACGCAGCTTACG-1"
"Layer 5","GACAAGACGCCCGTGC-1"
"Layer 4","GACAAGAGATGAGATT-1"
"Layer 3","GACACAAGGGAAGAAA-1"
"Layer 4","GACACAGCCGGGACTG-1"
"Layer 3","GACACCCAAAGACGCG-1"
"Layer 6","GACACGAGTTAGAGGA-1"
"Layer 3","GACACTGAGTTCAGTG-1"
"Layer 4","GACACTGGAACCCGAT-1"
"Layer 3","GACACTTCCAATTACC-1"
"Layer 6","GACAGATTTCTGGCTC-1"
"Layer 5","GACAGGCACACACTAT-1"
"Layer 3","GACATCGATTTATAAC-1"
"Layer 5","GACATTTCGCCCAGCC-1"
"Layer 4","GACCAAACGTTGACTG-1"
"Layer 2","GACCACACTTCCCTTT-1"
"Layer 4","GACCAGAGCCCTGTAG-1"
"Layer 3","GACCAGGTCATTCATA-1"
"Layer 5","GACCCAATTATGATAC-1"
"Layer 4","GACCCGTCGCCGGCTA-1"
"Layer 4","GACCGACGTGAAAGCA-1"
"Layer 5","GACCGACTGAAGCGTC-1"
"Layer 5","GACCGATTAAATATGT-1"
"Layer 4","GACCGCGTCTGACGTG-1"
"Layer 3","GACCGTCAGGTCGTGA-1"
"Layer 3","GACCGTGCTGACGGTG-1"
"Layer 6","GACCGTTACATGCGAC-1"
"Layer 2","GACGACGATCCGCGTT-1"
"Layer 3","GACGAGGCTAATAAAC-1"
"Layer 3","GACGATATCACTGGGT-1"
"Layer 5","GACGCATACCCGTCGG-1"
"Layer 3","GACGCCGTAAAGGCTA-1"
"Layer 6","GACGCCTGTTGCAGGG-1"
"Layer 5","GACGCTTGCTTCTAAA-1"
"Layer 4","GACGGACCGCGTTCCT-1"
"Layer 4","GACGGGCATCGAATTT-1"
"Layer 3","GACGGGTTGGCCCGTA-1"
"Layer 3","GACGGTCAATAGAAGC-1"
"Layer 5","GACGGTCCTAGGGTGT-1"
"Layer 6","GACGTGAGACTCCATG-1"
"Layer 3","GACGTTCGTAAATACA-1"
"Layer 4","GACGTTGCTCGGCGGC-1"
"Layer 2","GACTAACACAGCACCT-1"
"Layer 4","GACTAAGATCATGCAC-1"
"Layer 5","GACTAAGTAGGCTCAC-1"
"Layer 5","GACTACAAAGCGGTGG-1"
"Layer 3","GACTACAATTGCTCGT-1"
"Layer 2","GACTAGGCCGTTAGGT-1"
"Layer 3","GACTCACCCACGTGAG-1"
"Layer 3","GACTCCCAGAATAAGG-1"
"Layer 5","GACTCCTTCCAATTGA-1"
"Layer 2","GACTCGCGGGAATGAC-1"
"Layer 2","GACTCTAGAGTTCCAA-1"
"Layer 6","GACTGCGGCACGTGTA-1"
"Layer 3","GACTGCTGGTGAGAAA-1"
"Layer 2","GACTGGGCGCCGCAAC-1"
"Layer 3","GACTTCAACGCATCAA-1"
"Layer 5","GAGAAACTGGATCCCA-1"
"Layer 4","GAGAACGGTTCTGACT-1"
"Layer 3","GAGACCCTGCAACGCC-1"
"Layer 3","GAGACTGATGGGTAGA-1"
"Layer 3","GAGACTTCGCGACCGA-1"
"Layer 4","GAGAGGCCTATGTGTA-1"
"Layer 4","GAGAGGGCGCGAGGTT-1"
"Layer 5","GAGAGGTGCATTCTGG-1"
"Layer 3","GAGAGTCTCGGGAGAG-1"
"Layer 6","GAGATCGATCTTACTC-1"
"Layer 4","GAGATCTGCTTGGCAT-1"
"Layer 3","GAGATCTGTCACTCCG-1"
"Layer 4","GAGATGACAATCCTTA-1"
"Layer 2","GAGATGGCTTTAATCA-1"
"Layer 5","GAGCACGGCGCCTCTT-1"
"Layer 4","GAGCATCAACAACTTG-1"
"Layer 6","GAGCATCATCCCTGGG-1"
"Layer 5","GAGCCACGGTAGTAGG-1"
"Layer 2","GAGCCAGCTACCTGTG-1"
"Layer 3","GAGCCGAGCGTTTATT-1"
"Layer 4","GAGCGAGGGAGTACCG-1"
"Layer 3","GAGCGCAAATACTCCG-1"
"Layer 3","GAGCGCGCACGAGTAG-1"
"Layer 5","GAGCGCTGTTAGGTAA-1"
"Layer 3","GAGCGGAATGCGGTGT-1"
"Layer 2","GAGCTAAGGGCATATC-1"
"Layer 6","GAGCTCTCGGACCTAA-1"
"Layer 3","GAGCTGTCGTCTCGGA-1"
"Layer 3","GAGGAATATCTCTTTG-1"
"Layer 5","GAGGAATGGAGAGGTT-1"
"Layer 6","GAGGAGTAATTCCTAC-1"
"Layer 4","GAGGATAAACAGTGCT-1"
"Layer 3","GAGGCATTTGCAGCAG-1"
"Layer 5","GAGGCCCGACTCCGCA-1"
"Layer 4","GAGGCCTGTTGATACA-1"
"Layer 5","GAGGCTATCAAAGTCG-1"
"Layer 3","GAGGGAGTCAGATCGC-1"
"Layer 6","GAGGGCATCGCGTATC-1"
"Layer 3","GAGGGCCATAATATTA-1"
"Layer 3","GAGGGCCGGCAGAGTC-1"
"Layer 4","GAGGGTAGTAACAAAG-1"
"Layer 3","GAGGTACATCCATCTT-1"
"Layer 2","GAGGTACGCGTGTCCC-1"
"Layer 6","GAGGTCCCAAAGATCT-1"
"Layer 3","GAGGTCCGTTCGCTGT-1"
"Layer 2","GAGGTCTTAGTGGGTC-1"
"Layer 4","GAGTAAACCGGAAAGT-1"
"Layer 5","GAGTAAATTAAGAACC-1"
"Layer 5","GAGTAAGGCCACGGGA-1"
"Layer 5","GAGTACGGGTATACAA-1"
"Layer 2","GAGTAGATACTAGTTG-1"
"Layer 4","GAGTATACCCTAATCA-1"
"Layer 5","GAGTATCAAAGTTACA-1"
"Layer 3","GAGTATGCCCGCCTTG-1"
"Layer 3","GAGTCAGACCAGAATC-1"
"Layer 3","GAGTCCACCAGGTTTA-1"
"Layer 3","GAGTCCGCTTACCGGA-1"
"Layer 6","GAGTCTTGTAAAGGAC-1"
"Layer 4","GAGTGCACGGACAACA-1"
"Layer 2","GAGTGTCAACCAGAAA-1"
"Layer 2","GAGTGTGCGGTACCCA-1"
"Layer 6","GAGTTCTGTGGGTGCT-1"
"Layer 5","GAGTTGATGGCAATTT-1"
"Layer 5","GAGTTGTCACCAGTCT-1"
"Layer 5","GATAAATCGGTGGATG-1"
"Layer 2","GATAACTCGCACTGTG-1"
"Layer 6","GATAAGGCAGATGCAA-1"
"Layer 5","GATACCGTGTCGGAGT-1"
"Layer 3","GATACGATGGGAGTCA-1"
"Layer 3","GATAGAACCCGCTAGG-1"
"Layer 3","GATAGATAGTACAGTC-1"
"Layer 5","GATAGGATTAATTACA-1"
"Layer 3","GATAGGTAACGTTGAC-1"
"Layer 5","GATAGGTGTCCCGGGC-1"
"Layer 3","GATAGTGCGAGTAAGT-1"
"Layer 6","GATATCAAGCAGGAGC-1"
"Layer 4","GATATCTCATGCAATA-1"
"Layer 6","GATATGGATTACGCGG-1"
"Layer 3","GATATTGAGATTGGCG-1"
"Layer 2","GATATTTCCTACATGG-1"
"Layer 4","GATCAACATAAAGGGA-1"
"Layer 3","GATCATTCCAAACATT-1"
"Layer 3","GATCCCTTTATACTGC-1"
"Layer 5","GATCCGAATATAAGTG-1"
"Layer 2","GATCCGGGAATTAACA-1"
"Layer 2","GATCCTAAATCGGGAC-1"
"Layer 4","GATCCTCGACACTGGC-1"
"Layer 3","GATCCTCTTGCGCTTA-1"
"Layer 4","GATCGACACTATCTGA-1"
"Layer 3","GATCGCGGGCTCTCCA-1"
"Layer 3","GATCGCTACCCGATTT-1"
"Layer 5","GATCGCTATATCTCAG-1"
"Layer 5","GATCGCTGTGGTGCGT-1"
"Layer 5","GATCGGATAGAACCAT-1"
"Layer 3","GATCGGTGGCCATAAC-1"
"Layer 3","GATCGTGACTGATATC-1"
"Layer 6","GATCTAACCGTATTCA-1"
"Layer 4","GATCTCGACGCTGTGG-1"
"Layer 3","GATCTGCTATCTAAGG-1"
"Layer 2","GATCTTGGAGGGCATA-1"
"Layer 3","GATCTTTGCTCAAAGA-1"
"Layer 4","GATGACAAGTAGGGCA-1"
"Layer 3","GATGACGATGATCGCG-1"
"Layer 2","GATGAGGAACCTTCGG-1"
"Layer 6","GATGCCAGCAGAAGGC-1"
"Layer 5","GATGCCTTCTGCGGCA-1"
"Layer 3","GATGCGTCCTGCATTC-1"
"Layer 4","GATGCTACAAGCGCCT-1"
"Layer 2","GATGCTACCTTCGATG-1"
"Layer 2","GATGCTGTATTTCATC-1"
"Layer 6","GATGGCGCACACATTA-1"
"Layer 3","GATGGTGAAATAACCC-1"
"Layer 3","GATGGTGCCCTAGGCA-1"
"Layer 5","GATGTAACGAACCACC-1"
"Layer 6","GATGTCCGGATCACAT-1"
"Layer 3","GATGTCGGTCAACTGC-1"
"Layer 3","GATGTGTTGTCACAAG-1"
"Layer 4","GATGTTCAATCCACGA-1"
"Layer 6","GATGTTTGTGCGAGAT-1"
"Layer 3","GATTAACCGAAAGCCC-1"
"Layer 4","GATTACTGAATTTGGG-1"
"Layer 3","GATTAGAAACAAGCGT-1"
"Layer 3","GATTATCTTGCATTAT-1"
"Layer 3","GATTCCCTTGTCGCAG-1"
"Layer 3","GATTCCGCGTTTCCGT-1"
"Layer 6","GATTCCTATACGGCGC-1"
"Layer 2","GATTCGACGGTTCACG-1"
"Layer 4","GATTGACACTCTGCTC-1"
"Layer 4","GATTGCTCCAGTTGCA-1"
"Layer 2","GATTGGGAAAGGTTGT-1"
"Layer 4","GATTTAGTGCGTACTG-1"
"Layer 3","GATTTGCGCTAACACC-1"
"Layer 2","GCAAACCCTACATTAT-1"
"Layer 2","GCAAACCTTGGCCATA-1"
"Layer 5","GCAAACGTAAGCGACC-1"
"Layer 4","GCAAACGTCGCCAGGT-1"
"Layer 5","GCAAAGGGCGTTAGCC-1"
"Layer 5","GCAAATATTACGCTTT-1"
"Layer 6","GCAAATGAGGACACTT-1"
"Layer 5","GCAACACACTAGAACT-1"
"Layer 3","GCAACAGCAGTATGCG-1"
"Layer 2","GCAACCACCAGACCGG-1"
"Layer 5","GCAACCACGGCCGCGT-1"
"Layer 4","GCAACGGCTAGTTATG-1"
"Layer 4","GCAAGAATTCCTTGGC-1"
"Layer 6","GCAAGCTGGAAACCGC-1"
"Layer 5","GCAAGTGCACAGAGAA-1"
"Layer 3","GCAAGTGTAAAGCATG-1"
"Layer 4","GCAATTAGTCGCACCG-1"
"Layer 5","GCACAAACCCTAGATG-1"
"Layer 4","GCACAAACGAGGCGTG-1"
"Layer 5","GCACAACCTCGGGCGT-1"
"Layer 4","GCACAAGTGTCGGAAG-1"
"Layer 3","GCACACACTGGTAGCC-1"
"Layer 6","GCACACGCCCATGGTC-1"
"Layer 3","GCACAGCACGGGCCGA-1"
"Layer 4","GCACCTAGGCGAGTCC-1"
"Layer 5","GCACCTTCCCGAAGGT-1"
"Layer 2","GCACGCCGATTCCCGC-1"
"Layer 4","GCACGCCTACTTAGAT-1"
"Layer 4","GCACGTGGTTTACTTA-1"
"Layer 5","GCACTAGTCGCGCTAT-1"
"Layer 6","GCACTGTGCAAATGTA-1"
"Layer 3","GCAGAAACGTAATCCA-1"
"Layer 5","GCAGAAGGTAATCTCC-1"
"Layer 3","GCAGACCCAGCACGTA-1"
"Layer 3","GCAGATTAGGGATATC-1"
"Layer 4","GCAGCACACAGCCCAG-1"
"Layer 3","GCAGCCTATATCACAT-1"
"Layer 6","GCAGCGGTGGGCATTA-1"
"Layer 3","GCAGCTATGGACAGGT-1"
"Layer 3","GCAGCTGTCAACGCAT-1"
"Layer 5","GCAGGAACTTAGATCT-1"
"Layer 5","GCAGGACTATAGAATA-1"
"Layer 2","GCAGGTAGAGTATGGT-1"
"Layer 5","GCAGTGCGGGCGGATG-1"
"Layer 4","GCAGTTCGATCCGAGC-1"
"Layer 3","GCATAAATTGAACGCC-1"
"Layer 6","GCATACGAGGTCTTTA-1"
"Layer 3","GCATAGAGCACTCAGG-1"
"Layer 5","GCATCCCTAACTTTGA-1"
"Layer 5","GCATGACACAAAGGAA-1"
"Layer 2","GCATGAGGGACGCGGC-1"
"Layer 3","GCATGCTAATAACGAT-1"
"Layer 6","GCATGGGTACTGACGC-1"
"Layer 3","GCATTCAAGGCAACGC-1"
"Layer 6","GCATTCGAAATGAACA-1"
"Layer 6","GCATTGACTTGCGGAA-1"
"Layer 5","GCATTGTAATTCATAT-1"
"Layer 3","GCATTTCCAAGGCTCC-1"
"Layer 3","GCCAACCATTTCCGGA-1"
"Layer 5","GCCAAGAATACTTCTG-1"
"Layer 3","GCCAATAGGGCATCTC-1"
"Layer 4","GCCACAATTTAAGGAC-1"
"Layer 5","GCCACCTTATTCGCGA-1"
"Layer 3","GCCACTCAGAGCGCGA-1"
"Layer 5","GCCACTCCTTACGGTA-1"
"Layer 3","GCCAGGAAAGAACACT-1"
"Layer 2","GCCAGGCGTTCGCATG-1"
"Layer 3","GCCATCGAGCTGCGTG-1"
"Layer 3","GCCATCGATGCTGCAT-1"
"Layer 5","GCCATTAGCCTCAAAC-1"
"Layer 6","GCCCACCAAGGCTGTC-1"
"Layer 3","GCCCACTGGTCCACAA-1"
"Layer 4","GCCCAGATGCTGGAGA-1"
"Layer 5","GCCCAGTTGGTATGCC-1"
"Layer 3","GCCCATGGGTGCAATG-1"
"Layer 5","GCCCGACTTCTTCCCG-1"
"Layer 5","GCCCGAGAGTCTAAAT-1"
"Layer 3","GCCCGATCTGTGGTCG-1"
"Layer 5","GCCCGATGCCCAGTTC-1"
"Layer 4","GCCCGCGCGTAAACGG-1"
"Layer 5","GCCCGCGCGTTTGACA-1"
"Layer 3","GCCCGTAATACCTTCT-1"
"Layer 3","GCCCGTTCACACAATT-1"
"Layer 2","GCCCTAAGTGCAGGAT-1"
"Layer 5","GCCCTAGCCGTCGCGA-1"
"Layer 4","GCCGAAATTCCTACGT-1"
"Layer 4","GCCGACCCACGACTGC-1"
"Layer 3","GCCGATTGGCCAAGCT-1"
"Layer 5","GCCGCACTCCGTTTCA-1"
"Layer 6","GCCGCATTAGTCCGGC-1"
"Layer 2","GCCGCTAGATACGCAG-1"
"Layer 5","GCCGCTTGTGAGAAAC-1"
"Layer 5","GCCGGAAACACATCTT-1"
"Layer 3","GCCGGGTTAGGGTCGC-1"
"Layer 3","GCCGGTCGTATCTCTC-1"
"Layer 3","GCCGTCGGTTTCGGGC-1"
"Layer 4","GCCGTGGAAGAAATGT-1"
"Layer 3","GCCTACGTTCTGTGCA-1"
"Layer 5","GCCTAGCGATCTGACC-1"
"Layer 5","GCCTATCAGGTAAGAT-1"
"Layer 3","GCCTATGCTGGGCCTT-1"
"Layer 5","GCCTATTCCGATATAG-1"
"Layer 5","GCCTATTTGCTACACA-1"
"Layer 5","GCCTCAGGTACCGGTC-1"
"Layer 3","GCCTCATCTGGAAATA-1"
"Layer 3","GCCTCCGACAATTCAC-1"
"Layer 2","GCCTGTCCCGGTGCAT-1"
"Layer 5","GCCTTTGTCAGTGGAC-1"
"Layer 3","GCGAAACGATCGGGAG-1"
"Layer 3","GCGAAGAATCTGACGG-1"
"Layer 3","GCGAAGCCATACCCGT-1"
"Layer 2","GCGAATGGACTAGCGA-1"
"Layer 3","GCGACATGTAAACATC-1"
"Layer 4","GCGACCCAACCATCTG-1"
"Layer 3","GCGACGATAGTTGTAC-1"
"Layer 2","GCGACGGTAGTCTCCT-1"
"Layer 3","GCGAGAGGCCATGTAA-1"
"Layer 3","GCGAGAGTTGCGTCCA-1"
"Layer 3","GCGAGCGCATGCTCCC-1"
"Layer 4","GCGAGGCCCGAGCAGA-1"
"Layer 3","GCGAGTTCTGCAAAGA-1"
"Layer 3","GCGATTCTGGAAGCAG-1"
"Layer 2","GCGATTGTTAACGTTA-1"
"Layer 5","GCGCAAATATATTCAA-1"
"Layer 3","GCGCAAGAGCGCGCTG-1"
"Layer 3","GCGCCGTTCCACGATA-1"
"Layer 4","GCGCCTCCCACTCCGA-1"
"Layer 6","GCGCGATGGGTCAAGT-1"
"Layer 2","GCGCGGTCTAGTAACT-1"
"Layer 3","GCGCTAAGTATGCATG-1"
"Layer 3","GCGCTAATTGAATAGA-1"
"Layer 3","GCGCTATGCCGAGGCA-1"
"Layer 5","GCGCTCGATCACCTGT-1"
"Layer 2","GCGCTGATCCAGACTC-1"
"Layer 3","GCGCTTAAATAATTGG-1"
"Layer 3","GCGGACCGCGTTGTGG-1"
"Layer 4","GCGGAGAAACTTCGCA-1"
"Layer 4","GCGGATTACTTGTTCT-1"
"Layer 5","GCGGCAAAGTATTGCC-1"
"Layer 5","GCGGCTCTGACGTACC-1"
"Layer 2","GCGGCTTTAGCAAGTT-1"
"Layer 5","GCGGGAACCAGGCCCT-1"
"Layer 2","GCGGGCAGACGGGTGA-1"
"Layer 4","GCGGGCATTACGATGC-1"
"Layer 3","GCGGGCGAGCCTTACC-1"
"Layer 3","GCGGTCCCGGTGAAGG-1"
"Layer 5","GCGGTCCCTAGACGCA-1"
"Layer 3","GCGGTCTTGCTTTCAC-1"
"Layer 3","GCGGTTCCCTATCATG-1"
"Layer 3","GCGTAAATGGCCATAA-1"
"Layer 3","GCGTCCCTAAGACATA-1"
"Layer 3","GCGTCGAAATGTCGGT-1"
"Layer 3","GCGTCGCCAGGGTGAT-1"
"Layer 2","GCGTCGTAACATGGTC-1"
"Layer 5","GCGTCTAACCTCCTAA-1"
"Layer 4","GCGTCTCTGCATTGGG-1"
"Layer 2","GCGTGGTACTGGGTTA-1"
"Layer 4","GCGTGTATGTCGTATT-1"
"Layer 6","GCGTTATATTTGGAAC-1"
"Layer 3","GCGTTCGGAGACCGGG-1"
"Layer 5","GCGTTCTGACTAAGCG-1"
"Layer 6","GCTAAACCTGAGGTGA-1"
"Layer 3","GCTAACTGAAGTCTGA-1"
"Layer 4","GCTAAGCCCAGTATGC-1"
"Layer 6","GCTAAGTAAAGGCGAT-1"
"Layer 2","GCTAAGTAGTTTCTCT-1"
"Layer 5","GCTAATACCGAATGCC-1"
"Layer 4","GCTACAATCGAGGATA-1"
"Layer 5","GCTACAGTACGGACCG-1"
"Layer 3","GCTACGACTTATTGGG-1"
"Layer 3","GCTACTATAGTAGAGT-1"
"Layer 3","GCTAGACCGTCTACTG-1"
"Layer 3","GCTAGAGTAGAGATGT-1"
"Layer 4","GCTAGCAACGCACCTA-1"
"Layer 4","GCTAGCACCTGGGCCA-1"
"Layer 5","GCTAGCGATAGGTCTT-1"
"Layer 3","GCTAGCTTGAATAGCT-1"
"Layer 3","GCTAGTAGAGCTTGTA-1"
"Layer 6","GCTAGTTTCATTGAGG-1"
"Layer 4","GCTATAAGGGCCAGGA-1"
"Layer 6","GCTATCGCGGCGCAAC-1"
"Layer 6","GCTATGCCAGCTTATG-1"
"Layer 4","GCTCAATCCGTTTATT-1"
"Layer 3","GCTCAATGTAATACCG-1"
"Layer 3","GCTCATTGATCATATC-1"
"Layer 5","GCTCCATGAGTGCAGA-1"
"Layer 3","GCTCCATGCAAAGCAA-1"
"Layer 3","GCTCCCAGTCGGTCCA-1"
"Layer 4","GCTCCGCTCGCTTCAG-1"
"Layer 4","GCTCCTGACATACTGG-1"
"Layer 3","GCTCGCTCATGTCCAA-1"
"Layer 2","GCTCGGAATTTAAAGC-1"
"Layer 4","GCTCTAAACCCTGACG-1"
"Layer 5","GCTCTATGTTACGTGC-1"
"Layer 3","GCTCTCGGGTACCGAA-1"
"Layer 3","GCTCTTTCCGCTAGTG-1"
"Layer 4","GCTGAACTCTCCAGGG-1"
"Layer 5","GCTGAAGGGTTCTTGG-1"
"Layer 5","GCTGAATCTTCCAATC-1"
"Layer 3","GCTGAGGCGTGAGTAT-1"
"Layer 2","GCTGCACGGTTTCTTA-1"
"Layer 3","GCTGCGAAGAATTATT-1"
"Layer 3","GCTGCTAAGTAGTCGA-1"
"Layer 3","GCTGCTCTCCGGACAC-1"
"Layer 3","GCTGGACCCAAAGTGG-1"
"Layer 5","GCTGGCATATTCACCT-1"
"Layer 3","GCTGGCGGCGCATGCT-1"
"Layer 3","GCTGGGAGCGCGTCAA-1"
"Layer 3","GCTGGTGACTCGTAGT-1"
"Layer 5","GCTGGTTTAGGCCATA-1"
"Layer 4","GCTGTATTACTGGCCC-1"
"Layer 2","GCTGTCTGTGATCGAC-1"
"Layer 3","GCTGTTGCTACCGAAC-1"
"Layer 3","GCTTACGTAGTTAGTA-1"
"Layer 3","GCTTAGGGAAGCGGTA-1"
"Layer 4","GCTTCCATGTAACCGC-1"
"Layer 3","GCTTCCCGTAAGCTCC-1"
"Layer 3","GCTTCCGTCCCTAGAC-1"
"Layer 5","GCTTCGACGTTCAATC-1"
"Layer 4","GCTTGAGTGACCTCTG-1"
"Layer 5","GCTTGATGATAATCAG-1"
"Layer 3","GCTTGCAGCACAATTG-1"
"Layer 3","GCTTGGATCGATTAGG-1"
"Layer 4","GCTTTACACAACTGGG-1"
"Layer 3","GCTTTATTAAGTTACC-1"
"Layer 4","GGAAACAGAGCTTGGG-1"
"Layer 3","GGAAACCTTGTTGAAT-1"
"Layer 3","GGAAACTAAATGGGCC-1"
"Layer 2","GGAAAGGGAATTGAGC-1"
"Layer 3","GGAAAGTCTTGATTGT-1"
"Layer 3","GGAACCGTGTAAATTG-1"
"Layer 5","GGAACCTTGACTCTGC-1"
"Layer 6","GGAACGGCCTGCAGCC-1"
"Layer 3","GGAACTCGTGAATACG-1"
"Layer 4","GGAACTTTGGCGATTA-1"
"Layer 3","GGAAGATAAGACTGTA-1"
"Layer 3","GGAAGCTCGCTTACAG-1"
"Layer 3","GGAAGGACACCGTATA-1"
"Layer 4","GGAATAACCTCAAGAA-1"
"Layer 2","GGAATGCGCTAGCGTG-1"
"Layer 4","GGACAACCATGAAGCC-1"
"Layer 6","GGACAAGCCATGATCG-1"
"Layer 6","GGACAAGTTGCAGTGA-1"
"Layer 4","GGACACAAGTTTACAC-1"
"Layer 2","GGACACCTCGGTGTTG-1"
"Layer 2","GGACCAACAGGATAAC-1"
"Layer 3","GGACCTACGGTAACGT-1"
"Layer 4","GGACCTCTAGGCCGCC-1"
"Layer 4","GGACGGGCGACCAACC-1"
"Layer 3","GGACGTCCATAGTTGG-1"
"Layer 5","GGACTCACAAATTAGG-1"
"Layer 5","GGACTCGAAGCTTTCA-1"
"Layer 3","GGACTCGACAGCGCAT-1"
"Layer 3","GGACTCGTGAGTGGTC-1"
"Layer 5","GGACTCTTCCGGTTGA-1"
"Layer 3","GGACTCTTTGACTAAG-1"
"Layer 5","GGAGAAGTCATTGGCA-1"
"Layer 3","GGAGACCAATGTGCTT-1"
"Layer 5","GGAGACCATCTACATA-1"
"Layer 3","GGAGACGACACCTTTG-1"
"Layer 3","GGAGCAACATTTCAAG-1"
"Layer 2","GGAGCACCAAGAACTA-1"
"Layer 3","GGAGGATTGAAAGGAG-1"
"Layer 4","GGAGGCCGAAGTCGTC-1"
"Layer 2","GGAGGCGAAGAACCGC-1"
"Layer 2","GGAGGGCTTGGTTGGC-1"
"Layer 4","GGAGGGTCAAGTAAGA-1"
"Layer 4","GGAGTGCCGCCCTGGA-1"
"Layer 4","GGAGTTGATTCTGTGT-1"
"Layer 6","GGATACTCATGAATTG-1"
"Layer 5","GGATCAAAGGACGAGG-1"
"Layer 6","GGATCAGAGCCATCAG-1"
"Layer 2","GGATCATCCCGTACGC-1"
"Layer 2","GGATCCGGAATATACT-1"
"Layer 3","GGATCTACCGTTCGTC-1"
"Layer 4","GGATCTTACTGCCCTT-1"
"Layer 5","GGATCTTGACTCAACC-1"
"Layer 3","GGATGAAGATCGCTGA-1"
"Layer 4","GGATGACGCGAGTTTA-1"
"Layer 5","GGATGCTGGCGTTCCT-1"
"Layer 3","GGATGGCTTGAAGTAT-1"
"Layer 3","GGATTAAGCTAAGGTC-1"
"Layer 2","GGATTAATCATGGACC-1"
"Layer 6","GGATTCAGTACGGTGG-1"
"Layer 3","GGATTCCGCTATACCC-1"
"Layer 4","GGATTGAAGTAGCCTC-1"
"Layer 2","GGATTTCACTTCTATA-1"
"Layer 4","GGCAAAGGCGCCAATA-1"
"Layer 3","GGCAAATTACTTTACT-1"
"Layer 3","GGCAAGCCAGGGATAG-1"
"Layer 2","GGCAAGCCCATAGTGG-1"
"Layer 2","GGCAAGGCGAAATAGC-1"
"Layer 3","GGCAATAGTCAATGAG-1"
"Layer 4","GGCACGCTGCTACAGT-1"
"Layer 5","GGCACTCAGCCGACCC-1"
"Layer 4","GGCACTCCACTGGGCA-1"
"Layer 4","GGCACTGCGGTGGTTT-1"
"Layer 3","GGCAGCAAACCTATGC-1"
"Layer 2","GGCAGCGGTAATCCTA-1"
"Layer 5","GGCATACAGGTAGCGG-1"
"Layer 3","GGCATATCGGTTCTGC-1"
"Layer 5","GGCATCAACGAGCACG-1"
"Layer 2","GGCATTGAACATCTCA-1"
"Layer 4","GGCCAATTGTATAGAC-1"
"Layer 6","GGCCACAAGCGATGGC-1"
"Layer 3","GGCCCAATCTAGAGGG-1"
"Layer 2","GGCCCAGCTGGTTTGC-1"
"Layer 3","GGCCCAGTTATCAGCA-1"
"Layer 4","GGCCCGGAGCATGTCT-1"
"Layer 4","GGCCCGTATACCATGC-1"
"Layer 5","GGCCCTCACCCACTTA-1"
"Layer 4","GGCCGAGACTCTGGTG-1"
"Layer 4","GGCCGCAGGAACCGCA-1"
"Layer 2","GGCCGGCGTCTGCTAT-1"
"Layer 3","GGCCGTTTGGGTTTCA-1"
"Layer 2","GGCCTGCTCTGATGTT-1"
"Layer 4","GGCCTGCTTCTCCCGA-1"
"Layer 6","GGCCTTTGCAACTGGC-1"
"Layer 2","GGCGAAATCTAACTTG-1"
"Layer 4","GGCGAACCGTTCTGAT-1"
"Layer 5","GGCGAGCGAAACGGCA-1"
"Layer 5","GGCGCAGGACATCTTC-1"
"Layer 3","GGCGCATGAATTGATG-1"
"Layer 2","GGCGCGGAGATCTTTC-1"
"Layer 3","GGCGCGTTCGAGTTTA-1"
"Layer 4","GGCGGAGTAATATTAG-1"
"Layer 5","GGCGGGCTCTAAGAGT-1"
"Layer 3","GGCGGTAGGATCATTG-1"
"Layer 6","GGCGTACCCTATATAA-1"
"Layer 2","GGCGTAGGGAAAGCTG-1"
"Layer 5","GGCGTCCTATCCGCTG-1"
"Layer 3","GGCTAATGATTGAAAT-1"
"Layer 3","GGCTACTATACACTCC-1"
"Layer 5","GGCTATTAAGTTGTAT-1"
"Layer 4","GGCTCCTCCACCTGTT-1"
"Layer 5","GGCTCGTGCCACCAGC-1"
"Layer 3","GGCTCTGCTCCAACGC-1"
"Layer 3","GGCTGGCAATCCCACG-1"
"Layer 6","GGCTGGCTAGCTTAAA-1"
"Layer 3","GGCTGTCCTACTGCGG-1"
"Layer 3","GGCTTCTCGTGGGTGG-1"
"Layer 3","GGCTTTCAATAAGGGT-1"
"Layer 4","GGGAAAGAATGCCAAC-1"
"Layer 5","GGGAACGGGAGGTTAG-1"
"Layer 4","GGGAACGGTTTCAGAT-1"
"Layer 3","GGGAAGGGCTTTCTCA-1"
"Layer 3","GGGAATGAGCCCTCAC-1"
"Layer 5","GGGACAGAGTTACTCC-1"
"Layer 3","GGGACCCGTATATCTT-1"
"Layer 3","GGGACTGCATAGATAG-1"
"Layer 3","GGGAGAACTCACAGTA-1"
"Layer 3","GGGAGCGACCGTAGTG-1"
"Layer 3","GGGAGGATGCCCGAAA-1"
"Layer 6","GGGAGTAATGGCTGGC-1"
"Layer 3","GGGAGTTAATGAGGCG-1"
"Layer 4","GGGATATTGATCGCCA-1"
"Layer 3","GGGATCCCAATACAAA-1"
"Layer 5","GGGATGGACCCGCGTC-1"
"Layer 4","GGGATGGTCGTAACCG-1"
"Layer 2","GGGATTTACCGCACCT-1"
"Layer 5","GGGCAACCGCACGTGC-1"
"Layer 3","GGGCACGTAGTACTGT-1"
"Layer 6","GGGCACTATTGACCAT-1"
"Layer 6","GGGCAGACGTCACTGC-1"
"Layer 3","GGGCAGAGCAATCGTT-1"
"Layer 5","GGGCAGGATTTCTGTG-1"
"Layer 2","GGGCAGTCAACGCCAA-1"
"Layer 3","GGGCATGCATGTCGAG-1"
"Layer 5","GGGCCATTCGTGCTGG-1"
"Layer 3","GGGCCCGTCTTAAACA-1"
"Layer 5","GGGCCCTACGAAAGGG-1"
"Layer 5","GGGCCTAAATGGGCTA-1"
"Layer 3","GGGCCTATTTAAGTAT-1"
"Layer 3","GGGCGATATGTGTGAA-1"
"Layer 4","GGGCGCAGCGTTACTC-1"
"Layer 3","GGGCGGCAAATGAATT-1"
"Layer 4","GGGCGGGTTCCCTACG-1"
"Layer 6","GGGCGGTCCTATTGTC-1"
"Layer 4","GGGCGTACATTTATAT-1"
"Layer 3","GGGCGTCACCACGTAA-1"
"Layer 2","GGGCGTCCACTGGCTC-1"
"Layer 4","GGGCGTTTACATTCAT-1"
"Layer 6","GGGCTACTATTTCGTG-1"
"Layer 3","GGGCTATGATCGATGG-1"
"Layer 3","GGGCTGCCTAGGGCGA-1"
"Layer 4","GGGCTGGTTAGTCGCG-1"
"Layer 6","GGGTACCCACGGTCCT-1"
"Layer 5","GGGTACTTCATGAACT-1"
"Layer 5","GGGTATGTATGCACTT-1"
"Layer 5","GGGTATTCTAGCAAAC-1"
"Layer 4","GGGTCACCGTGACGGT-1"
"Layer 3","GGGTCAGGAGCTAGAT-1"
"Layer 5","GGGTCCTTGGAAGAAG-1"
"Layer 3","GGGTCGTGGCAAGTGT-1"
"Layer 4","GGGTCTATCGCTTTCC-1"
"Layer 3","GGGTGACACCTTAACT-1"
"Layer 3","GGGTGCATATGAAAGC-1"
"Layer 3","GGGTGGTCCAGCCTGT-1"
"Layer 3","GGGTGTTTCAGCTATG-1"
"Layer 3","GGGTTAACATTTGAGT-1"
"Layer 6","GGGTTCAGACGAACAA-1"
"Layer 3","GGGTTTAGGATAGGAT-1"
"Layer 4","GGTAAACTCTGCGCTG-1"
"Layer 3","GGTAAATGTGCGTTAC-1"
"Layer 5","GGTAACCGGGAGGATA-1"
"Layer 5","GGTAACTATGTATCTG-1"
"Layer 3","GGTACAAACATGCTAT-1"
"Layer 3","GGTACACCAGATTTAT-1"
"Layer 5","GGTACATCTGGGACGA-1"
"Layer 3","GGTACCATTAAGACGG-1"
"Layer 4","GGTACGTTGCGGCCGG-1"
"Layer 5","GGTACTAAGTGCTTTG-1"
"Layer 2","GGTAGAAGACCGCCTG-1"
"Layer 3","GGTAGACCGTTGGGCG-1"
"Layer 3","GGTAGGCCAATATCAC-1"
"Layer 3","GGTAGTGCTCGCACCA-1"
"Layer 4","GGTATAGTGACACATA-1"
"Layer 3","GGTATTGCCGAGTTTA-1"
"Layer 3","GGTCAAGACTACTTCG-1"
"Layer 3","GGTCAGTGGGTCCCAC-1"
"Layer 3","GGTCATTGTAGTCATA-1"
"Layer 4","GGTCCACGTCTATTTG-1"
"Layer 2","GGTCGGATAAACGGCG-1"
"Layer 2","GGTCGGCCAGGAGCTT-1"
"Layer 6","GGTCGGTAATTAGACA-1"
"Layer 3","GGTCGGTCGTCCACAG-1"
"Layer 5","GGTCGTAAGCTCGCAC-1"
"Layer 5","GGTCTCCAAGTAGTGC-1"
"Layer 3","GGTCTCCGTCCAGGTT-1"
"Layer 4","GGTCTCTGAATGGACT-1"
"Layer 2","GGTCTGAGAATCTGGA-1"
"Layer 2","GGTCTTGAGCGCTCTT-1"
"Layer 5","GGTGAAACCGGGAATG-1"
"Layer 6","GGTGAACGGGCTAGCC-1"
"Layer 4","GGTGAAGTACAGGGAT-1"
"Layer 5","GGTGACTGATAGAGAG-1"
"Layer 6","GGTGAGATGCAGATAA-1"
"Layer 2","GGTGATAAGGAGCAGT-1"
"Layer 6","GGTGATTTCATCTTGT-1"
"Layer 3","GGTGCATAAATGATTA-1"
"Layer 5","GGTGCGGATAAGTGGC-1"
"Layer 6","GGTGCTGATCACAAAG-1"
"Layer 4","GGTGCTGGTACACATT-1"
"Layer 5","GGTGGAGGTTGATACG-1"
"Layer 3","GGTGGGATTAGGTCCC-1"
"Layer 2","GGTGTAAATCGATTGT-1"
"Layer 3","GGTGTAGGTAAGTAAA-1"
"Layer 2","GGTGTTCTGTTTCTAC-1"
"Layer 5","GGTGTTGGGCGTCTTA-1"
"Layer 5","GGTTACCACCCTCGGG-1"
"Layer 4","GGTTACCCGACACTTT-1"
"Layer 3","GGTTACCGCTCCCTAC-1"
"Layer 2","GGTTAGCTATATGTCT-1"
"Layer 5","GGTTAGGCTTGGAGAA-1"
"Layer 5","GGTTAGGGATGCTAAT-1"
"Layer 6","GGTTAGTTACGGCGCC-1"
"Layer 2","GGTTCCACCCGCTTCT-1"
"Layer 3","GGTTCCCTAGTGTCTC-1"
"Layer 3","GGTTCCGTACGACTAA-1"
"Layer 4","GGTTCGCATTTGCCGT-1"
"Layer 6","GGTTCGGATTATACTA-1"
"Layer 3","GGTTCTACTCGTCTGA-1"
"Layer 6","GGTTGTGTAGCCTGGC-1"
"Layer 3","GGTTTAATTACCATCG-1"
"Layer 3","GGTTTAATTGAGCAGG-1"
"Layer 3","GGTTTACAATCTCAAT-1"
"Layer 3","GGTTTAGCCTTTCTTG-1"
"Layer 3","GGTTTGACAAGAAGCT-1"
"Layer 6","GGTTTGAGTGCTGGAA-1"
"Layer 3","GGTTTGCGAACACGTA-1"
"Layer 4","GGTTTGTGACCTGAGG-1"
"Layer 3","GTAACAACTGACCTTG-1"
"Layer 3","GTAACAGGTTAACGGC-1"
"Layer 4","GTAACATCTAAGATAA-1"
"Layer 5","GTAACTACGTAGACCT-1"
"Layer 3","GTAACTGCCCAAGGAG-1"
"Layer 6","GTAACTTGCGGCAGTC-1"
"Layer 3","GTAAGCGGGCAGTCAG-1"
"Layer 3","GTAAGGATTTGTCGGA-1"
"Layer 5","GTAAGTAGGGTATACC-1"
"Layer 4","GTAAGTCCACACTCTA-1"
"Layer 3","GTAATAAAGGGCTCCC-1"
"Layer 3","GTAATCTGATTCTTCG-1"
"Layer 3","GTACACTTACCTGAAG-1"
"Layer 6","GTACGACGGCGCTGCG-1"
"Layer 4","GTACGAGATTGCGACA-1"
"Layer 2","GTACGCTTCATTGCAC-1"
"Layer 3","GTACGTCACGTATTAA-1"
"Layer 3","GTACGTTTGCCCGTCA-1"
"Layer 4","GTACTAAGATTTGGAG-1"
"Layer 3","GTACTACGGCCTCGTT-1"
"Layer 5","GTACTCCCTTATCGCT-1"
"Layer 3","GTACTCCTGGGTATGC-1"
"Layer 5","GTACTGAGGTCGTAAC-1"
"Layer 6","GTACTGCATGAAGCGT-1"
"Layer 2","GTACTGGAGTTAGACC-1"
"Layer 6","GTACTTGGGCACTTCT-1"
"Layer 6","GTAGAAACGGGTGGAG-1"
"Layer 5","GTAGACAACCGATGAA-1"
"Layer 6","GTAGACGTCGTTACAT-1"
"Layer 5","GTAGAGGGAGACAAGT-1"
"Layer 2","GTAGCCAAACATGGGA-1"
"Layer 5","GTAGCGCTGTTGTAGT-1"
"Layer 3","GTAGCGGCTATACACT-1"
"Layer 3","GTAGCTAGTAAGCGCG-1"
"Layer 3","GTAGCTCCGGGAGGCT-1"
"Layer 3","GTAGGTGATCCGTGTA-1"
"Layer 4","GTAGTGAGCAACCTCA-1"
"Layer 3","GTAGTTCGAAGGCGAA-1"
"Layer 4","GTAGTTTAAGCACACG-1"
"Layer 4","GTATAGGACTCAGTAG-1"
"Layer 2","GTATAGTGGCCCATGT-1"
"Layer 3","GTATCAAACGTTAGCT-1"
"Layer 2","GTATCAAGGTACTTCC-1"
"Layer 6","GTATCAGCTTGGGTTC-1"
"Layer 3","GTATCCTTTGGTAACC-1"
"Layer 5","GTATCTCAGTCTTGAC-1"
"Layer 5","GTATCTCGGGCGCTTT-1"
"Layer 3","GTATCTTTCATAACCA-1"
"Layer 5","GTATGAAATTTCACTC-1"
"Layer 2","GTATGTGGGTCTAGTT-1"
"Layer 6","GTATTAAGGCGTCTAA-1"
"Layer 4","GTATTCTGAGAAACGA-1"
"Layer 5","GTATTTAATGGCATAA-1"
"Layer 5","GTCAAAGAAGTGGTGT-1"
"Layer 6","GTCAAAGTTTACATAG-1"
"Layer 4","GTCAACCAGGCCTATA-1"
"Layer 2","GTCAAGCGGACTCGGG-1"
"Layer 3","GTCAATGCTATAATTT-1"
"Layer 6","GTCAATTGTACTGAAG-1"
"Layer 4","GTCACAAAGTTTCCAA-1"
"Layer 2","GTCACCTGTCTATGTC-1"
"Layer 6","GTCACTCATGAGCGAT-1"
"Layer 6","GTCACTCTCCAAATCT-1"
"Layer 5","GTCAGAATAGTCTATG-1"
"Layer 3","GTCAGTTGTGCTCGTT-1"
"Layer 6","GTCAGTTTGGTAGTCG-1"
"Layer 4","GTCATCCCAAACTCAC-1"
"Layer 3","GTCATGCACCTCCGTT-1"
"Layer 3","GTCATGCGCGAGGGCT-1"
"Layer 3","GTCATGGACATGACTA-1"
"Layer 3","GTCATTAGAGCGAACG-1"
"Layer 6","GTCATTGCATTGACCC-1"
"Layer 3","GTCCAATATTTAGCCT-1"
"Layer 4","GTCCACGTCGCATTCG-1"
"Layer 3","GTCCAGGCACGTGTGC-1"
"Layer 3","GTCCATTACTGCTACG-1"
"Layer 3","GTCCCAACGTAAAGTA-1"
"Layer 6","GTCCCAATCATCCCGC-1"
"Layer 2","GTCCCGCGACGTTATG-1"
"Layer 2","GTCCGGACCTGAAATT-1"
"Layer 4","GTCCGGCTGAATTGCG-1"
"Layer 2","GTCCGTTAGAGGGCCT-1"
"Layer 3","GTCCTACGAATAGTCT-1"
"Layer 5","GTCCTACTCTACGGGC-1"
"Layer 5","GTCCTAGGATACCTTA-1"
"Layer 3","GTCCTTCTAGTGGGTT-1"
"Layer 5","GTCGAATTTGGGCGCT-1"
"Layer 5","GTCGATAGGTGACTTT-1"
"Layer 3","GTCGCCGTTGTGTGTT-1"
"Layer 2","GTCGCGTAACCCGTTG-1"
"Layer 3","GTCGGAAGGATACCAG-1"
"Layer 5","GTCGGATATCTCAGAC-1"
"Layer 3","GTCGGATGTAGCGCGC-1"
"Layer 6","GTCGGGAACATGGTAG-1"
"Layer 2","GTCGGGAAGCAGAAAC-1"
"Layer 4","GTCGGGTGAAGTACCG-1"
"Layer 3","GTCGTACCATCTCGGG-1"
"Layer 6","GTCGTACCTACGATTG-1"
"Layer 2","GTCGTATTGGCGTACA-1"
"Layer 5","GTCGTCAATTATAAGG-1"
"Layer 4","GTCGTCTGGTTGGCTA-1"
"Layer 6","GTCTACTCAATTACAA-1"
"Layer 3","GTCTAGTGAGCCGCTT-1"
"Layer 3","GTCTATACACGCATGG-1"
"Layer 4","GTCTATCTGAGTTTCT-1"
"Layer 4","GTCTATTGCATGCTCG-1"
"Layer 2","GTCTATTGGTTCCGGT-1"
"Layer 4","GTCTCCCGAGTCCCGT-1"
"Layer 2","GTCTCCGCCTCAATAC-1"
"Layer 5","GTCTCCTGCCAGTATG-1"
"Layer 3","GTCTCGACTAAGTTTG-1"
"Layer 3","GTCTCGATCTGCTTTC-1"
"Layer 3","GTCTGCCGACTCGACG-1"
"Layer 4","GTCTGGGCGGTCGAGA-1"
"Layer 3","GTCTGTAGGTTGAACA-1"
"Layer 4","GTCTTACCACGCCAAG-1"
"Layer 3","GTCTTAGTACAGCCGG-1"
"Layer 4","GTCTTGAGGAGCAGTG-1"
"Layer 6","GTGAAACGTGCTCCAC-1"
"Layer 3","GTGAACTCCCATTCGA-1"
"Layer 3","GTGAAGATTTCAAGTG-1"
"Layer 3","GTGAAGCCGTATAGTC-1"
"Layer 5","GTGAAGTCACGACTCG-1"
"Layer 2","GTGACCGCACACTACG-1"
"Layer 4","GTGACCTAAAGAATAA-1"
"Layer 3","GTGACGAGGGTGACCC-1"
"Layer 3","GTGACTTCAGTAGTGC-1"
"Layer 3","GTGAGATAACCTTATA-1"
"Layer 5","GTGAGCGTGCTGCACT-1"
"Layer 2","GTGAGGACACTTAAGG-1"
"Layer 2","GTGAGGAGCGGTTGAG-1"
"Layer 4","GTGAGTCGACTAATAG-1"
"Layer 3","GTGAGTGGTACAACGC-1"
"Layer 4","GTGATCAAGCGTGCAC-1"
"Layer 3","GTGATCACTAACGCCT-1"
"Layer 3","GTGATCATAGATCTGC-1"
"Layer 2","GTGATCCTTGTCATGA-1"
"Layer 2","GTGATGCACAACATCT-1"
"Layer 4","GTGATTCGCCGCTCAA-1"
"Layer 4","GTGCAACAAATGTGGC-1"
"Layer 3","GTGCACCAGCTTCAAC-1"
"Layer 3","GTGCACGAAAGTGACT-1"
"Layer 5","GTGCAGCGTAGAGTAG-1"
"Layer 5","GTGCCAAACGTTTCGA-1"
"Layer 5","GTGCCATCACACGGTG-1"
"Layer 4","GTGCCGCTTCAAAGGT-1"
"Layer 2","GTGCCTCAGTGTACGG-1"
"Layer 3","GTGCCTGAGACCAAAC-1"
"Layer 4","GTGCGAAATCGAACAC-1"
"Layer 3","GTGCGACAGGGAGTGT-1"
"Layer 6","GTGCGGGACCATCGGC-1"
"Layer 4","GTGCGGGTCTCCAAAT-1"
"Layer 3","GTGCTCAAGTACTGTC-1"
"Layer 6","GTGCTGCAGATAAGGA-1"
"Layer 3","GTGCTGTTAGAACATA-1"
"Layer 4","GTGCTTACATCAGCGC-1"
"Layer 3","GTGGAACCTACATGCG-1"
"Layer 5","GTGGACCAACCCGATT-1"
"Layer 3","GTGGACGCATTTGTCC-1"
"Layer 5","GTGGACGTGCTGAGAC-1"
"Layer 5","GTGGAGCATGTCGGCC-1"
"Layer 5","GTGGAGCGTTTACCGA-1"
"Layer 4","GTGGAGTCGGCGGTTG-1"
"Layer 5","GTGGCAAACAGCGGCA-1"
"Layer 5","GTGGCCGGTTTCTCGG-1"
"Layer 5","GTGGCGGTCCCAGCGT-1"
"Layer 3","GTGGCTGTTTCTGTTC-1"
"Layer 3","GTGGGAACAAACCGGG-1"
"Layer 5","GTGGGAAGACTGAATC-1"
"Layer 5","GTGGGCTTAGACACAC-1"
"Layer 6","GTGGGTACTGAGCGTA-1"
"Layer 3","GTGGTATAGTCTGCCG-1"
"Layer 2","GTGGTCAGCGAAGTAT-1"
"Layer 5","GTGGTGATGGTTTGTG-1"
"Layer 3","GTGGTTACTTCTTTCG-1"
"Layer 5","GTGGTTTCCGCCTTTC-1"
"Layer 3","GTGTACCTTGGCTACG-1"
"Layer 5","GTGTACGAACCGTTCC-1"
"Layer 6","GTGTATGACTTTAAAG-1"
"Layer 3","GTGTCAGTGTACGTGG-1"
"Layer 2","GTGTCCGATAAGGCAT-1"
"Layer 3","GTGTCGTATTCACCTT-1"
"Layer 2","GTGTGAATAACTTAGG-1"
"Layer 2","GTGTTACTATGCGTCC-1"
"Layer 2","GTTAAAGTAGGACTGG-1"
"Layer 4","GTTAACTATGTTGTCA-1"
"Layer 4","GTTAAGTTAGAGTGGG-1"
"Layer 5","GTTAATAGCGTCATTA-1"
"Layer 6","GTTAATGTCTATCTTA-1"
"Layer 5","GTTACAATTGGTGACG-1"
"Layer 5","GTTACCAAGGCGTACG-1"
"Layer 3","GTTACCTACAACTTGC-1"
"Layer 6","GTTACGGCCCGACTGC-1"
"Layer 3","GTTACTTTGGGCCTAG-1"
"Layer 3","GTTAGAGTGTGCCGCT-1"
"Layer 3","GTTAGCCGTAAATCAA-1"
"Layer 5","GTTAGGCTACCCGTTT-1"
"Layer 4","GTTATAATACGGTGAA-1"
"Layer 3","GTTATATCAGGAGCCA-1"
"Layer 3","GTTATATTATCTCCCT-1"
"Layer 4","GTTATCAAGCTATCGA-1"
"Layer 4","GTTATCACCTTCTGAA-1"
"Layer 3","GTTATTAAATACGACC-1"
"Layer 6","GTTATTAACGTGGGAG-1"
"Layer 3","GTTCAATCTATGTCAA-1"
"Layer 5","GTTCACAGGAGTCTAG-1"
"Layer 2","GTTCAGTCGCCAAATG-1"
"Layer 3","GTTCATCGTTTGGCTG-1"
"Layer 4","GTTCCAGTCTGACCAT-1"
"Layer 5","GTTCCCGTAAACATAT-1"
"Layer 3","GTTCCGTCCGCCTGCA-1"
"Layer 4","GTTCGACAATTGTATA-1"
"Layer 3","GTTCGCCATAAGTGCC-1"
"Layer 4","GTTCGCTGAGACGTCT-1"
"Layer 4","GTTCGGAGCACTCAAC-1"
"Layer 4","GTTCGGATCGGGAACA-1"
"Layer 3","GTTCGGGCGTACCATT-1"
"Layer 2","GTTCGTCTAAAGAACT-1"
"Layer 3","GTTCGTCTGGGTCCCT-1"
"Layer 2","GTTCTTGTAACTCAAT-1"
"Layer 4","GTTGAACCGGTTCCAT-1"
"Layer 4","GTTGCACGGAGTTTCG-1"
"Layer 5","GTTGCAGTCGACAACA-1"
"Layer 5","GTTGCCCTAACGGGTG-1"
"Layer 4","GTTGCGCTAACATTAC-1"
"Layer 5","GTTGCGGACGGTCAGG-1"
"Layer 3","GTTGGACCGCATCAGG-1"
"Layer 4","GTTGGATTTGCGTTGG-1"
"Layer 3","GTTGGTCATGCTATCC-1"
"Layer 5","GTTGTCGTGTTAGTTG-1"
"Layer 3","GTTGTTACATTGCGCT-1"
"Layer 5","GTTGTTGCAAGATGGC-1"
"Layer 3","GTTTACGTTCCATCTG-1"
"Layer 4","GTTTCAAACGAGTTGT-1"
"Layer 5","GTTTCATATCGTCGCT-1"
"Layer 4","GTTTCCTGGAGGGTGA-1"
"Layer 3","GTTTCTAGAGGCGCGG-1"
"Layer 2","GTTTCTGCAGTCTCCC-1"
"Layer 3","GTTTGACCAAATCCTA-1"
"Layer 6","GTTTGGCCGCTCAGCG-1"
"Layer 3","GTTTGGGCTTGTGAGC-1"
"Layer 3","GTTTGGGTTTCGCCCG-1"
"Layer 3","GTTTGGTAGGGTCAAC-1"
"Layer 3","GTTTGGTGATCGGTGC-1"
"Layer 6","GTTTGTTAGCCAAGTA-1"
"Layer 4","TAAACCCAGGAGGGCA-1"
"Layer 4","TAAAGACAACCCTTTA-1"
"Layer 5","TAAAGAGCCCGAAACC-1"
"Layer 3","TAAAGCGGTATTTCCA-1"
"Layer 2","TAAAGCGTTAGGAGAA-1"
"Layer 3","TAAAGTGCACGTCTCG-1"
"Layer 3","TAAATCTTTACACCTC-1"
"Layer 6","TAAATGAATCCGTTTC-1"
"Layer 5","TAAATGGGCTACTGAG-1"
"Layer 2","TAAATTGTGGGTAAAG-1"
"Layer 3","TAAATTTAGTAACACC-1"
"Layer 5","TAACAAAGGGAGAAGC-1"
"Layer 6","TAACAATATTTGTTGC-1"
"Layer 4","TAACAGCGTTTGTGCT-1"
"Layer 2","TAACAGGTTCCCTTAG-1"
"Layer 3","TAACATACAATGTGGG-1"
"Layer 5","TAACATACACGCGATC-1"
"Layer 5","TAACCGCCCGCAGTGC-1"
"Layer 3","TAACCTACCGTCCGAG-1"
"Layer 4","TAACCTAGGGAGTCCA-1"
"Layer 5","TAACGCTTTGAGAGCG-1"
"Layer 5","TAACTATCGAAGGTCC-1"
"Layer 3","TAACTATTACGCCAAA-1"
"Layer 3","TAACTCATCCGCGCGG-1"
"Layer 6","TAACTCCATGGAGGCT-1"
"Layer 5","TAACTGAAATACGCCT-1"
"Layer 5","TAAGAGGGACAGGGAC-1"
"Layer 6","TAAGATTTAGCGGGAG-1"
"Layer 5","TAAGCAGGCGACACGC-1"
"Layer 3","TAAGCCCTTACGACCA-1"
"Layer 5","TAAGCGCGAATCAAAT-1"
"Layer 5","TAAGGAACTTGTGGGA-1"
"Layer 3","TAAGGCAACATAAGAT-1"
"Layer 3","TAAGGCATAACATCAA-1"
"Layer 3","TAAGGCTGAATCCCTC-1"
"Layer 3","TAAGGGCCTGTCCGAT-1"
"Layer 6","TAAGGGCTGGGAGAGG-1"
"Layer 2","TAAGTAAATGTGCCGC-1"
"Layer 4","TAAGTAACATCTTGAC-1"
"Layer 4","TAAGTCGCCGAGTATC-1"
"Layer 5","TAAGTCGGTGAGCTAG-1"
"Layer 4","TAAGTGAATAGTCTAC-1"
"Layer 3","TAAGTTGCGACGTAGG-1"
"Layer 2","TAATAAACAAGGAGAT-1"
"Layer 3","TAATACACAGTAGTAT-1"
"Layer 2","TAATACTAGAACAGAC-1"
"Layer 4","TAATAGAACAGAGTTA-1"
"Layer 4","TAATAGCTAAATGATG-1"
"Layer 5","TAATAGGTCACCAGAA-1"
"Layer 2","TAATAGTGACGACCAG-1"
"Layer 5","TAATATTGAAATTCGC-1"
"Layer 5","TAATCAACCAAATGGG-1"
"Layer 6","TAATGAAAGACCCTTG-1"
"Layer 4","TAATGTCGGTTCATGG-1"
"Layer 3","TAATTACGTCAGTAGA-1"
"Layer 6","TAATTAGATGGATATG-1"
"Layer 3","TAATTAGGACATCCGT-1"
"Layer 5","TAATTCCAATGCTTCA-1"
"Layer 3","TAATTGGAATCGGGAA-1"
"Layer 6","TAATTTCCGTCCAGTA-1"
"Layer 3","TACAAATTGCGGAGGT-1"
"Layer 4","TACAACAGCGCATACA-1"
"Layer 3","TACAACGCACAACTCA-1"
"Layer 3","TACAAGGGCTTCTTTA-1"
"Layer 5","TACAAGTCTCGTGCAT-1"
"Layer 2","TACACAGCCGTGGTGC-1"
"Layer 3","TACACCGTCGTTAGTC-1"
"Layer 3","TACACCTCTTCGAATC-1"
"Layer 2","TACAGAAACGGTGGGC-1"
"Layer 3","TACATAGGCATACACC-1"
"Layer 5","TACATCCCTATCCCTG-1"
"Layer 5","TACATGCCGGAATTGT-1"
"Layer 3","TACATTTCTAACGTGC-1"
"Layer 3","TACCAAATAGCCCAGA-1"
"Layer 2","TACCAATAAAGTACCA-1"
"Layer 3","TACCAGAAGTAGGTTC-1"
"Layer 4","TACCAGCTAGGTTTAA-1"
"Layer 3","TACCAGGAATCCCGTC-1"
"Layer 5","TACCATGTATTGATTT-1"
"Layer 5","TACCCTCGGTAACCCT-1"
"Layer 3","TACCGAATAATTGTAA-1"
"Layer 3","TACCGCGGACTTGCAG-1"
"Layer 3","TACCGGCTCACTGCCC-1"
"Layer 5","TACCGGTCGTTTCCAT-1"
"Layer 3","TACCGTAGGTTAACTA-1"
"Layer 2","TACCGTGCCTCGGACC-1"
"Layer 3","TACCTACTCCCAGTAT-1"
"Layer 6","TACCTATCCCTAGAGG-1"
"Layer 4","TACCTCACGCTTGTAC-1"
"Layer 3","TACCTCAGTTGTCTGT-1"
"Layer 4","TACCTCCACACCAATG-1"
"Layer 5","TACCTCTTTACCATCC-1"
"Layer 6","TACCTGCTGCACTGTG-1"
"Layer 5","TACCTTAAGATTTCCC-1"
"Layer 4","TACGAACACGACTTCA-1"
"Layer 3","TACGACGCTTGCTGCG-1"
"Layer 3","TACGACTGCCTCTTAG-1"
"Layer 5","TACGAGAACTTCACGT-1"
"Layer 5","TACGATGTTGATCATC-1"
"Layer 3","TACGCAGTTCTTTCCT-1"
"Layer 3","TACGCCATATTCTAAT-1"
"Layer 4","TACGCCGAGGGTACCC-1"
"Layer 5","TACGCCGCCTCAGAAG-1"
"Layer 3","TACGCCTCCATTCCGA-1"
"Layer 3","TACGCTATAGAAACCT-1"
"Layer 3","TACGCTCCTAGAACTG-1"
"Layer 4","TACGCTCGGTATTGGA-1"
"Layer 5","TACGCTGATAGTTGTA-1"
"Layer 5","TACGCTGCTGTGTTAA-1"
"Layer 4","TACGGCATGGACGCTA-1"
"Layer 2","TACGGGATGCTAGCAG-1"
"Layer 3","TACGGGTAATAACATA-1"
"Layer 4","TACGTAAAGCGGAGTG-1"
"Layer 3","TACGTACTAGTGCTGA-1"
"Layer 5","TACGTGCAAGGTTCCT-1"
"Layer 5","TACGTGCACTATGCTG-1"
"Layer 2","TACGTGGGCCCAGGGC-1"
"Layer 5","TACGTTTACCGGCAAT-1"
"Layer 3","TACTACGTGCAATGCG-1"
"Layer 3","TACTATGGTTCCTCAG-1"
"Layer 5","TACTCATTGACGCATC-1"
"Layer 4","TACTCCTCTAGTTGAC-1"
"Layer 6","TACTCGGCACGCCGGG-1"
"Layer 3","TACTCGTTTGAATCAA-1"
"Layer 3","TACTCTCCGAACAAAT-1"
"Layer 4","TACTCTTACTTTACTG-1"
"Layer 3","TACTCTTTCGTCTTCA-1"
"Layer 3","TACTGAACAGATTTAG-1"
"Layer 5","TACTGAGGGAAGAAAG-1"
"Layer 3","TACTGCAATCAATTAC-1"
"Layer 3","TACTGCATGATTAAAT-1"
"Layer 5","TACTGGACAGCTCGGC-1"
"Layer 4","TACTGTTTCTCTGGTA-1"
"Layer 4","TACTTAAACATGTACA-1"
"Layer 5","TACTTTCCGCACGCCA-1"
"Layer 3","TAGAAACCACTAAGTA-1"
"Layer 2","TAGAAAGGTGGCGCTA-1"
"Layer 6","TAGAAATTCACGTATA-1"
"Layer 5","TAGAAGAAGGGTTACA-1"
"Layer 3","TAGAATAGCCGATGAA-1"
"Layer 3","TAGAATTAAGGGCAAC-1"
"Layer 3","TAGACTACCTAGCGTT-1"
"Layer 5","TAGACTCAGTTGGCCT-1"
"Layer 5","TAGAGATCATGCAACT-1"
"Layer 4","TAGAGCTACGAAGAAC-1"
"Layer 3","TAGAGGTTCTACTTGT-1"
"Layer 4","TAGAGTGTTCCGGGTA-1"
"Layer 3","TAGATATGGACTGGAA-1"
"Layer 3","TAGATCCGAAGTCGCA-1"
"Layer 3","TAGATGGTTCCTTACT-1"
"Layer 3","TAGATTCAAAGTGCGG-1"
"Layer 6","TAGATTCCTGGTTATT-1"
"Layer 5","TAGATTCTCTAGCAAA-1"
"Layer 6","TAGCAACCTGTCACAA-1"
"Layer 3","TAGCAGATACTTAGGG-1"
"Layer 3","TAGCAGTATGACTAAA-1"
"Layer 5","TAGCCATGATTGCCTA-1"
"Layer 2","TAGCCATTTCAAAGTC-1"
"Layer 3","TAGCGTCCCTCGATTG-1"
"Layer 3","TAGCGTTGGGTCTTAC-1"
"Layer 3","TAGCTAAGTCCGGGAG-1"
"Layer 3","TAGCTAGAAGGCATGA-1"
"Layer 3","TAGCTAGTGATGATGG-1"
"Layer 5","TAGCTCACTGTGTTTG-1"
"Layer 3","TAGCTCAGATCCTAGT-1"
"Layer 3","TAGCTCGCCTGATAAC-1"
"Layer 6","TAGCTGATGTGAAGCG-1"
"Layer 3","TAGGAACAGCCTCCAG-1"
"Layer 4","TAGGAGGCTCGAGAAC-1"
"Layer 2","TAGGCATGTTACGCCA-1"
"Layer 4","TAGGCCTATATAGTCT-1"
"Layer 5","TAGGCGATGAGGTCTC-1"
"Layer 5","TAGGCGGCTGCAAAGA-1"
"Layer 3","TAGGCTAAAGTGGCAC-1"
"Layer 3","TAGGGAGCTTGGGATG-1"
"Layer 4","TAGGGTGTTTCAAGAG-1"
"Layer 6","TAGGTCCAAGTAAGGA-1"
"Layer 3","TAGGTCGCCGGAACTG-1"
"Layer 5","TAGGTGAGCCCTACTC-1"
"Layer 3","TAGGTGTTCCACAGAT-1"
"Layer 3","TAGGTTCGAGTTCGTC-1"
"Layer 2","TAGGTTCTGCTGAGAA-1"
"Layer 5","TAGTACCACAACTTTC-1"
"Layer 6","TAGTACCTTAGTGGTC-1"
"Layer 3","TAGTAGCTTATACCAG-1"
"Layer 2","TAGTAGTTGCCGGACA-1"
"Layer 3","TAGTCCCGGAGACCAC-1"
"Layer 3","TAGTCCGCAGAGAATG-1"
"Layer 4","TAGTCCTGCACTAAGC-1"
"Layer 3","TAGTCGATCACGGGTT-1"
"Layer 5","TAGTCTAACAACGAGA-1"
"Layer 3","TAGTCTGCGGCACATT-1"
"Layer 3","TAGTCTGTGACGTTGC-1"
"Layer 4","TAGTCTTTCCGAATTG-1"
"Layer 5","TAGTGACAAGCTCTAC-1"
"Layer 6","TAGTGAGAAGTGGTTG-1"
"Layer 4","TAGTGCCCTCCAGAGT-1"
"Layer 3","TAGTGGAACTCATACA-1"
"Layer 6","TAGTGTCAGAAACGGC-1"
"Layer 3","TAGTTAAGATAGGATA-1"
"Layer 4","TAGTTTATTCTTGCTT-1"
"Layer 6","TAGTTTGATCGGTCGC-1"
"Layer 5","TATAAATCCACAAGCT-1"
"Layer 5","TATAAGTGAGGATAGC-1"
"Layer 3","TATACACAGACGCCTT-1"
"Layer 6","TATACACGCAAAGTAT-1"
"Layer 5","TATACCGAGTGCCACA-1"
"Layer 3","TATAGAGTCGCTTGAA-1"
"Layer 3","TATAGATGGTCGCAGT-1"
"Layer 6","TATAGCGCACGTTATC-1"
"Layer 5","TATAGGGTACTCATGA-1"
"Layer 5","TATAGTTAGGTGTACT-1"
"Layer 4","TATATAGGGCTTTACG-1"
"Layer 5","TATATATCGAGAAATG-1"
"Layer 3","TATATCAAAGTGATCT-1"
"Layer 3","TATATCCCTGGGAGGA-1"
"Layer 3","TATATTACAAATGTCG-1"
"Layer 4","TATATTCGCGTCGATA-1"
"Layer 4","TATCACAGCACGGGCA-1"
"Layer 2","TATCACCATGTAAAGT-1"
"Layer 3","TATCACCCAACCGACC-1"
"Layer 2","TATCACTTCGAGTAAC-1"
"Layer 5","TATCAGTGGCGTAGTC-1"
"Layer 4","TATCCATATCATGCGA-1"
"Layer 5","TATCCATCTCGGTTAG-1"
"Layer 3","TATCCCTCGATCTGCA-1"
"Layer 3","TATCCGCACCGTCGGG-1"
"Layer 2","TATCCTATCAACTGGT-1"
"Layer 4","TATCGATGATTAAACG-1"
"Layer 5","TATCTACAGAGGTAAT-1"
"Layer 3","TATCTACCACAGCGGG-1"
"Layer 6","TATCTAGCCTAAAGGA-1"
"Layer 5","TATCTGAGCCGATATT-1"
"Layer 5","TATCTTGCAATACAAC-1"
"Layer 3","TATGAAGAATTAAGGT-1"
"Layer 6","TATGAAGACAGGTGCG-1"
"Layer 6","TATGACCTTGCGCTGG-1"
"Layer 3","TATGATAAATCTAACG-1"
"Layer 3","TATGATCCGGCACGCC-1"
"Layer 3","TATGATCTTCTCTTTA-1"
"Layer 6","TATGATTCTGCTTGGT-1"
"Layer 3","TATGCTCCCTACTTAC-1"
"Layer 4","TATGGATGTGCTACGC-1"
"Layer 5","TATGGCCCGGCCTCGC-1"
"Layer 4","TATGGCTAGGCTAATT-1"
"Layer 3","TATGGGACCGAGCAGG-1"
"Layer 3","TATGGGTACGTATCGT-1"
"Layer 3","TATGGTCTGAGTAACA-1"
"Layer 3","TATGGTTAGTGGGAGA-1"
"Layer 3","TATGTAAAGTGCTTAA-1"
"Layer 5","TATGTAGAAACCCGGC-1"
"Layer 2","TATGTCTCATTGTGCC-1"
"Layer 5","TATTAACACCAAAGCA-1"
"Layer 3","TATTAACCTGACCGCG-1"
"Layer 3","TATTACCATCCTGCTT-1"
"Layer 5","TATTATGTTTGCCTGC-1"
"Layer 3","TATTCAATTCTAATCC-1"
"Layer 3","TATTCCACTCAGCTCG-1"
"Layer 4","TATTCCGGCAGTCCTA-1"
"Layer 5","TATTCCTCCGCCCACT-1"
"Layer 3","TATTCGTGCCAGAATA-1"
"Layer 4","TATTGACATTTCTGCC-1"
"Layer 4","TATTGCCGGGCTTGTA-1"
"Layer 4","TATTTAGTCTAGATCG-1"
"Layer 3","TATTTATACCGAGTAG-1"
"Layer 4","TATTTGATTTGCACAG-1"
"Layer 5","TATTTGTTACCCTTTA-1"
"Layer 3","TCAAACAACCGCGTCG-1"
"Layer 3","TCAAACTTAGATTGTT-1"
"Layer 6","TCAAAGAGCTATCTGT-1"
"Layer 4","TCAAAGTCACGGCGTC-1"
"Layer 2","TCAAATTGTTGTGCCG-1"
"Layer 2","TCAAATTTGAGACTCA-1"
"Layer 5","TCAACAAAGATAATTC-1"
"Layer 6","TCAACACATTGGGTAA-1"
"Layer 3","TCAACATAGCGCCCTA-1"
"Layer 5","TCAACATCGACCGAGA-1"
"Layer 4","TCAACCATGTTCGGGC-1"
"Layer 3","TCAACGAGGAGACAAA-1"
"Layer 5","TCAACGCAGGAAATAA-1"
"Layer 5","TCAACGCGACCGGCAG-1"
"Layer 6","TCAACTAACGTATAAC-1"
"Layer 4","TCAACTGCAGAGTCAG-1"
"Layer 3","TCAAGAAATACTAGCT-1"
"Layer 4","TCAAGCGCGGACGGTA-1"
"Layer 4","TCAAGCTGCCTTGAAA-1"
"Layer 3","TCAAGGTTACTACACC-1"
"Layer 3","TCAATACGCCGTCATG-1"
"Layer 4","TCAATATACAGGAGGC-1"
"Layer 5","TCAATCCCGCGCCAAA-1"
"Layer 4","TCAATCCGGGAAGTTT-1"
"Layer 3","TCACAAACCGAGGTAC-1"
"Layer 3","TCACAGCAAACTCGAA-1"
"Layer 3","TCACAGGAGAATAAGA-1"
"Layer 4","TCACAGGTTATTGGGC-1"
"Layer 6","TCACATCTTATCTGAT-1"
"Layer 3","TCACCCTCTTAAGATT-1"
"Layer 5","TCACGATGTCCGTGGA-1"
"Layer 4","TCACGCATTGTAGATC-1"
"Layer 5","TCACGGCCCAAGAGAG-1"
"Layer 5","TCACGGTCATCGCACA-1"
"Layer 3","TCACGTGCCCGATTCA-1"
"Layer 2","TCACTACGACCAATGC-1"
"Layer 4","TCACTATCCCTTCGGT-1"
"Layer 2","TCACTCGTGCAACGGC-1"
"Layer 3","TCAGAACCTCCACAGG-1"
"Layer 2","TCAGAACGGCGGTAAT-1"
"Layer 2","TCAGACGCTATAGAAG-1"
"Layer 3","TCAGAGGACGCGTTAG-1"
"Layer 5","TCAGAGTGTGAGCATG-1"
"Layer 3","TCAGATGGAGACGTAG-1"
"Layer 3","TCAGCAAATGCATCTC-1"
"Layer 3","TCAGCAGTAGGCCCTG-1"
"Layer 4","TCAGCCAATCCGTAAA-1"
"Layer 3","TCAGCGCACGCCGTTT-1"
"Layer 6","TCAGCTTGAGCTTTCG-1"
"Layer 6","TCAGGGCGCAAACTCG-1"
"Layer 2","TCAGGGTGCACGAAAC-1"
"Layer 3","TCAGGGTGTAACGTAA-1"
"Layer 5","TCAGGTTCTTTGAGAA-1"
"Layer 5","TCAGTACTGACCCGCG-1"
"Layer 3","TCAGTAGGGACTATAA-1"
"Layer 4","TCAGTGTATACGTCAT-1"
"Layer 3","TCAGTTACGGAATGAT-1"
"Layer 5","TCATAAGTCCAAGAAG-1"
"Layer 6","TCATACTTACAGATCC-1"
"Layer 2","TCATATGAGCTTTGTT-1"
"Layer 6","TCATCACTCGAGCTCG-1"
"Layer 5","TCATCCATCTGATCAC-1"
"Layer 3","TCATCCCAGAGGGTGG-1"
"Layer 3","TCATCCTCAGCTGCTT-1"
"Layer 3","TCATCGACGACCGTCG-1"
"Layer 5","TCATCGATGGTCCCAA-1"
"Layer 2","TCATGCAGGTTCTCAT-1"
"Layer 3","TCATTTAAGTCTCCGA-1"
"Layer 4","TCATTTAGAAGTGTGA-1"
"Layer 3","TCCAACTCAGCTATCT-1"
"Layer 4","TCCAACTTTAAATTCT-1"
"Layer 2","TCCAAGCCTAGACACA-1"
"Layer 3","TCCAATAAAGGCTACC-1"
"Layer 6","TCCAATGCGTCGCCGC-1"
"Layer 5","TCCACAATGGTTTACG-1"
"Layer 4","TCCACCAAGACATAGG-1"
"Layer 3","TCCACCTCTAGCCTTT-1"
"Layer 2","TCCACTTTATCTAGGT-1"
"Layer 3","TCCAGAGCACCGGTTC-1"
"Layer 3","TCCAGATGTACGCCAA-1"
"Layer 4","TCCAGCGCTATAAGCG-1"
"Layer 3","TCCAGGCAGGACGATC-1"
"Layer 3","TCCAGGCGAGTACGGT-1"
"Layer 2","TCCAGGGTATATACGA-1"
"Layer 5","TCCATCAATACTAATC-1"
"Layer 4","TCCATTCCCACTAGAG-1"
"Layer 3","TCCATTGTGACCTCGT-1"
"Layer 3","TCCCAAACAGACAACG-1"
"Layer 3","TCCCAAACATCCTCTA-1"
"Layer 3","TCCCAAAGACGAAGGA-1"
"Layer 4","TCCCAAAGCCCTAAAT-1"
"Layer 3","TCCCACTCTCTTCCGG-1"
"Layer 5","TCCCAGCACACGACAT-1"
"Layer 3","TCCCAGCTTTAGTCTG-1"
"Layer 4","TCCCAGGCTTAGCTAA-1"
"Layer 4","TCCCGCCTATGTGCGT-1"
"Layer 3","TCCCGCGTACTCCTGG-1"
"Layer 5","TCCCGGGTGTGCTGCT-1"
"Layer 6","TCCCGGTCAGGAATTT-1"
"Layer 3","TCCCGTCAGTCCCGCA-1"
"Layer 3","TCCCGTCGCGTCATAG-1"
"Layer 3","TCCCTAGATCAATAGG-1"
"Layer 4","TCCCTCTTCTCAAGGG-1"
"Layer 5","TCCCTGGCGTATTAAC-1"
"Layer 5","TCCCTGGCTCGCTGGA-1"
"Layer 2","TCCCTTAGATTACTCG-1"
"Layer 4","TCCCTTGTCTGAAACT-1"
"Layer 5","TCCGAACGTTGCCGCT-1"
"Layer 6","TCCGAACTTGGCTTAC-1"
"Layer 3","TCCGAAGTAGTCACCA-1"
"Layer 3","TCCGAATGGTCCTGAG-1"
"Layer 3","TCCGACCGCTAATCAA-1"
"Layer 6","TCCGAGAAGGCTAAGC-1"
"Layer 3","TCCGATAATTGCCATA-1"
"Layer 3","TCCGATGACTGAGCTC-1"
"Layer 4","TCCGATGGTGCGACAT-1"
"Layer 5","TCCGATTACATTGCCG-1"
"Layer 2","TCCGCGGCAGCATCTG-1"
"Layer 3","TCCGCGGCCCAATGAA-1"
"Layer 3","TCCGCTTATCCCATTA-1"
"Layer 3","TCCGGAGGAAGGGCTG-1"
"Layer 3","TCCGGCCTAGCGTACA-1"
"Layer 3","TCCGGCCTGCATCGAT-1"
"Layer 5","TCCGGCTGTCGGGTCG-1"
"Layer 4","TCCGGGCCACTAACGG-1"
"Layer 3","TCCGGGCTTGACGGGA-1"
"Layer 3","TCCGGTTCGTCCGGTC-1"
"Layer 3","TCCGTTAAGCTAATAT-1"
"Layer 3","TCCTAAAGATTCAGAC-1"
"Layer 2","TCCTAAATTGGGAAGC-1"
"Layer 3","TCCTAACCGTCGGGCA-1"
"Layer 4","TCCTAGCAAAGAAGCT-1"
"Layer 5","TCCTATCATAGGTAAC-1"
"Layer 5","TCCTCCTAAGACATTC-1"
"Layer 2","TCCTCGGGCTGGGCTT-1"
"Layer 5","TCCTCTACGAGATGGC-1"
"Layer 6","TCCTCTCCAGTTGTCC-1"
"Layer 2","TCCTCTGGCCCATTAG-1"
"Layer 2","TCCTGCAGCCGCCAAT-1"
"Layer 2","TCCTGCCAACTGGAGA-1"
"Layer 5","TCCTGCGTTGATACTC-1"
"Layer 2","TCCTGGCGCTGCCTGG-1"
"Layer 3","TCCTTACGACGGTCCG-1"
"Layer 6","TCCTTCAATCCCTACG-1"
"Layer 3","TCCTTCAGTGGTCGAA-1"
"Layer 3","TCCTTTAAATCCGCTT-1"
"Layer 3","TCCTTTCTTACGCTTA-1"
"Layer 4","TCGAAATTTAGGACCA-1"
"Layer 3","TCGAAGAACCGAGCAC-1"
"Layer 4","TCGAATATCCCGCAGG-1"
"Layer 3","TCGAATCGCAGGGTAG-1"
"Layer 5","TCGACAACTGAACCCG-1"
"Layer 4","TCGACATAGCGTAGCG-1"
"Layer 3","TCGAGACCAACACCGT-1"
"Layer 4","TCGAGCCAGGCAGGCC-1"
"Layer 5","TCGAGGGCAACAGACG-1"
"Layer 6","TCGAGTCTACGATTCG-1"
"Layer 5","TCGATAGGCTAGTCGC-1"
"Layer 4","TCGCATAAAGGGCGCA-1"
"Layer 6","TCGCATCCCTAAGTGT-1"
"Layer 6","TCGCATTCAATGACTT-1"
"Layer 5","TCGCCACCCGGATTAC-1"
"Layer 3","TCGCCCAACTGACTCC-1"
"Layer 4","TCGCCGAAGTTGCGTC-1"
"Layer 3","TCGCCGACATATTCGC-1"
"Layer 6","TCGCCGCACCGCGTGA-1"
"Layer 4","TCGCCGGTCGATCCGT-1"
"Layer 3","TCGCCTCCTTCGGCTC-1"
"Layer 5","TCGCGCGTTTACATGA-1"
"Layer 5","TCGCGTCCAGAAGGTC-1"
"Layer 3","TCGCTCGATATATTCC-1"
"Layer 3","TCGCTCGGCACCAGCG-1"
"Layer 2","TCGCTGCCAATGCTGT-1"
"Layer 3","TCGCTGGGCGGATTGT-1"
"Layer 5","TCGCTGTGCGTAAATC-1"
"Layer 3","TCGCTTAATTACGAAG-1"
"Layer 3","TCGGAATGACCATCAA-1"
"Layer 5","TCGGAATGCGCTCTGA-1"
"Layer 2","TCGGACGCCCAGCCCA-1"
"Layer 5","TCGGAGAGTATCGGGA-1"
"Layer 3","TCGGAGTACATGAGTA-1"
"Layer 5","TCGGATCTGGATGACC-1"
"Layer 5","TCGGCAGGGTTAAGGG-1"
"Layer 3","TCGGCGAACCCAAACC-1"
"Layer 5","TCGGCGTACTGCACAA-1"
"Layer 3","TCGGCTAACTTCCCTT-1"
"Layer 3","TCGGCTTGTATCGACG-1"
"Layer 3","TCGGGAACGTGCCTAG-1"
"Layer 5","TCGGGATTCAAACATA-1"
"Layer 6","TCGGGCACTTCTGGAT-1"
"Layer 4","TCGGGTGAAACTGCTA-1"
"Layer 5","TCGGTCCCGACAATAG-1"
"Layer 2","TCGGTCCCTGACTCCA-1"
"Layer 3","TCGGTGACCGCTCCGG-1"
"Layer 2","TCGGTTAGCCATGTAG-1"
"Layer 5","TCGTAACTCCCAAGAC-1"
"Layer 3","TCGTAAGACGACATTG-1"
"Layer 3","TCGTAAGCTCCGAGGA-1"
"Layer 3","TCGTACCGACGTCAAG-1"
"Layer 4","TCGTATAGTGCAATTA-1"
"Layer 5","TCGTATTACCCATTGC-1"
"Layer 3","TCGTATTTCGTCCGGA-1"
"Layer 4","TCGTCAAGTACGCGCA-1"
"Layer 6","TCGTCACACTGTTAGC-1"
"Layer 5","TCGTCCGCTGGCGTCT-1"
"Layer 3","TCGTCCGGGTACACTC-1"
"Layer 5","TCGTGTCACGCTGACA-1"
"Layer 3","TCGTTAGGAGTCCCTA-1"
"Layer 4","TCGTTCGTTATTATGT-1"
"Layer 3","TCGTTGCTATCCGGTC-1"
"Layer 6","TCGTTGGCTCGTCAAT-1"
"Layer 3","TCGTTTACGCGACCCT-1"
"Layer 5","TCTAAAGAACAGTCTC-1"
"Layer 4","TCTAACCTAGCCTGCG-1"
"Layer 5","TCTAATACTGCCTCAG-1"
"Layer 2","TCTACACGTTCATGCA-1"
"Layer 4","TCTACCCAATAGAGAG-1"
"Layer 4","TCTACCCGCATCATTT-1"
"Layer 3","TCTACCGTCCACAAGC-1"
"Layer 4","TCTACGCACGATCTCC-1"
"Layer 3","TCTACGGGCTCAGTTG-1"
"Layer 5","TCTAGCAATCTCCGCC-1"
"Layer 5","TCTAGCATCTTCGATG-1"
"Layer 3","TCTAGCATGCCCAGAA-1"
"Layer 3","TCTAGGTGGCGACGCT-1"
"Layer 3","TCTAGTGATATCGTGG-1"
"Layer 3","TCTAGTTATCAGAAGA-1"
"Layer 4","TCTATAGGTGGGTAAT-1"
"Layer 5","TCTATCATGCAGTTAC-1"
"Layer 3","TCTATCCGATTGCACA-1"
"Layer 3","TCTATCGGTCGCAACA-1"
"Layer 3","TCTATGCTATAACGAC-1"
"Layer 6","TCTATTACGCTGGCGA-1"
"Layer 5","TCTATTACTAGAGGAT-1"
"Layer 3","TCTCAAATCAATCGGG-1"
"Layer 4","TCTCAGGCTACTCGCT-1"
"Layer 2","TCTCATGAGATAGGGT-1"
"Layer 3","TCTCCAACGTAGGTTA-1"
"Layer 3","TCTCCACAAGTTGAAT-1"
"Layer 4","TCTCGACGTATCGCCG-1"
"Layer 4","TCTCGAGGAGGTTCGC-1"
"Layer 6","TCTCGTGTTACGAGGA-1"
"Layer 4","TCTCTAATAGCTGGTA-1"
"Layer 4","TCTCTCGCCGCACATA-1"
"Layer 3","TCTCTTACCGCGAACC-1"
"Layer 5","TCTGAACCGGTCGGCT-1"
"Layer 3","TCTGAACTCGTACCCG-1"
"Layer 2","TCTGAAGCACGTGGTC-1"
"Layer 2","TCTGAATTCCGTACAA-1"
"Layer 4","TCTGACGGGCTAACCC-1"
"Layer 4","TCTGAGCAATTGACTG-1"
"Layer 4","TCTGATCGGGTGCTAG-1"
"Layer 4","TCTGATTGGAAATGGA-1"
"Layer 4","TCTGCACCATTAGTAA-1"
"Layer 3","TCTGCATACCTTGCTT-1"
"Layer 2","TCTGCCAGAAACTGCA-1"
"Layer 3","TCTGCGAATCGTTCGC-1"
"Layer 6","TCTGCGTCCGGTTTCT-1"
"Layer 5","TCTGCTTAGAACAAGC-1"
"Layer 5","TCTGGAGCGTAAGAGT-1"
"Layer 4","TCTGGCCGTTCAAGTT-1"
"Layer 6","TCTGGCGCAAGCCGGG-1"
"Layer 3","TCTGGGAACCTTTGAA-1"
"Layer 5","TCTGGGTAGCGCTCAT-1"
"Layer 6","TCTGTCATACAAGAGC-1"
"Layer 2","TCTGTGCCATCATAGT-1"
"Layer 6","TCTGTGGCTACATTTC-1"
"Layer 4","TCTGTTACCCAGCATA-1"
"Layer 5","TCTTACAGAGGTACCG-1"
"Layer 5","TCTTACGGCATCCGAC-1"
"Layer 3","TCTTACTTATGCCTCT-1"
"Layer 3","TCTTAGAGCTCCAATT-1"
"Layer 3","TCTTAGAGTGAACTCT-1"
"Layer 2","TCTTCCCATGGGCACA-1"
"Layer 3","TCTTCGAATAGACGTT-1"
"Layer 3","TCTTCGATACCAATAA-1"
"Layer 4","TCTTCGCGGTGAGAGG-1"
"Layer 3","TCTTCTATAACCCGCC-1"
"Layer 3","TCTTGATGCGTAGCGA-1"
"Layer 2","TCTTGCTCCCGATACT-1"
"Layer 3","TCTTGGTAACACCAAA-1"
"Layer 5","TCTTGGTCAATGATAC-1"
"Layer 3","TCTTTAAGACTATGAA-1"
"Layer 4","TCTTTAGAGTCTAACA-1"
"Layer 4","TCTTTAGCAGGCGAAC-1"
"Layer 5","TCTTTCATCCGTCCTT-1"
"Layer 5","TCTTTCCTTCGAGATA-1"
"Layer 3","TCTTTCTCTTAAGGAG-1"
"Layer 3","TGAAACTTATGCAAGC-1"
"Layer 2","TGAAAGGACCTGACTC-1"
"Layer 4","TGAACAAGCAGGGACT-1"
"Layer 6","TGAACTGCTATGACTT-1"
"Layer 2","TGAATACCGACGCGTA-1"
"Layer 3","TGAATATGCTATAAAC-1"
"Layer 3","TGAATGAGATACAGCA-1"
"Layer 3","TGAATGAGTGTTTCCC-1"
"Layer 4","TGAATGTCAGCCGGCC-1"
"Layer 6","TGAATTTCACTTGCCT-1"
"Layer 5","TGACAACGCATGTCGC-1"
"Layer 3","TGACAACTTAAAGGTG-1"
"Layer 5","TGACAGAAATCTTGCT-1"
"Layer 5","TGACAGGACAAGTCCA-1"
"Layer 6","TGACATATATGACGAT-1"
"Layer 3","TGACATCGAGCGGACC-1"
"Layer 2","TGACATGTAACGTGAC-1"
"Layer 2","TGACCAAATCTTAAAC-1"
"Layer 2","TGACCAGCTTCAAAGT-1"
"Layer 4","TGACCCACGTTAGACA-1"
"Layer 5","TGACGAATATTTCCCT-1"
"Layer 3","TGACGATGCACTAGAA-1"
"Layer 2","TGACTATAATCCTTTC-1"
"Layer 5","TGACTCCGAATCATAC-1"
"Layer 5","TGACTCTAACTGGTAA-1"
"Layer 4","TGAGAATGCTTTACCG-1"
"Layer 6","TGAGACGTACCTCTCA-1"
"Layer 2","TGAGAGATTTACCACG-1"
"Layer 4","TGAGATCAAATACTCA-1"
"Layer 6","TGAGCAGTCGTGAAGT-1"
"Layer 4","TGAGCCATACAGTCTC-1"
"Layer 2","TGAGCGGAAAGTGTTC-1"
"Layer 5","TGAGCTCAACTGTATA-1"
"Layer 2","TGAGCTTTAATGACGC-1"
"Layer 3","TGAGGAGTGCCAGCTT-1"
"Layer 5","TGAGGCATGTACTGTG-1"
"Layer 3","TGAGGTGTGTGGCGGA-1"
"Layer 3","TGAGTAAATTAGCGTA-1"
"Layer 4","TGAGTGCCTCTTAAAT-1"
"Layer 4","TGAGTGTAACAACGGG-1"
"Layer 4","TGAGTTAAAGACATTC-1"
"Layer 3","TGATACATTTAGCCGT-1"
"Layer 3","TGATCACCACACTGAC-1"
"Layer 5","TGATCAGGGAACTGCT-1"
"Layer 3","TGATCCCAGCATTAGT-1"
"Layer 4","TGATCGGTTTGACCCT-1"
"Layer 3","TGATCTATCACACTCT-1"
"Layer 4","TGATCTCCGGCGCCAG-1"
"Layer 3","TGATGGCTGTTTCTGA-1"
"Layer 3","TGATGTCAATTAAGTG-1"
"Layer 3","TGATTATGGCACGCAG-1"
"Layer 5","TGATTCAGGTCCCGCG-1"
"Layer 3","TGATTCCCGGTTACCT-1"
"Layer 5","TGATTCGTCTATCACT-1"
"Layer 3","TGATTCTGTCGCCGGT-1"
"Layer 5","TGATTTATTAGCTGTG-1"
"Layer 6","TGATTTCCTCCTGACG-1"
"Layer 3","TGCAAACGTACTAGTT-1"
"Layer 2","TGCAAAGTTCGTCTGT-1"
"Layer 3","TGCAACCCATCTGCGG-1"
"Layer 3","TGCAACTACTGGTTGA-1"
"Layer 3","TGCAAGAATGACGTAA-1"
"Layer 3","TGCAATCTAACACGGT-1"
"Layer 2","TGCACAGTGAAGTTAT-1"
"Layer 4","TGCACGAGTCGGCAGC-1"
"Layer 5","TGCAGAACTATATCGT-1"
"Layer 4","TGCAGAGTACCGAGCA-1"
"Layer 5","TGCAGATCGTCCTAGG-1"
"Layer 5","TGCAGCTACGTACTTC-1"
"Layer 3","TGCAGGATCGGCAAAG-1"
"Layer 3","TGCAGTGAGGCTCGGG-1"
"Layer 5","TGCAGTGGTAGGGAAC-1"
"Layer 2","TGCAGTTTCCTCCCAT-1"
"Layer 3","TGCATGGATCGGATCT-1"
"Layer 3","TGCATGTGACCCATAG-1"
"Layer 2","TGCATGTGGTAATCTA-1"
"Layer 5","TGCCAAAGTCAGACTT-1"
"Layer 3","TGCCAATGGGTACTCT-1"
"Layer 6","TGCCACACTAGAGGAA-1"
"Layer 3","TGCCACCTGGCGAAAC-1"
"Layer 2","TGCCAGTACGTGGAGA-1"
"Layer 2","TGCCATGGCTTATAAG-1"
"Layer 2","TGCCATTACTAAAGAA-1"
"Layer 2","TGCCCGATAGTTAGAA-1"
"Layer 2","TGCCCGTACCGTTAAA-1"
"Layer 4","TGCCGAAAGCGTATTC-1"
"Layer 4","TGCCGGATGTACGAGC-1"
"Layer 3","TGCCGTGGATCGTCCT-1"
"Layer 6","TGCCGTTCTTAATCGG-1"
"Layer 5","TGCCTAAATTTAATAG-1"
"Layer 3","TGCCTAATTGAAGATT-1"
"Layer 3","TGCCTGATCAAACGAT-1"
"Layer 5","TGCGAATATGGGATTT-1"
"Layer 3","TGCGACACCCTAGTGC-1"
"Layer 4","TGCGACGGCCGAACGT-1"
"Layer 4","TGCGAGAATATTACCC-1"
"Layer 3","TGCGAGATGGCGGCCA-1"
"Layer 3","TGCGCAAAGCATTTGG-1"
"Layer 5","TGCGCCGTTAATAACG-1"
"Layer 5","TGCGCGATTAACGGAG-1"
"Layer 2","TGCGGACTTGACTCCG-1"
"Layer 3","TGCGGAGTAAAGGTGC-1"
"Layer 4","TGCGGCATAGTTCAAC-1"
"Layer 2","TGCGGTCTACGAGTAA-1"
"Layer 3","TGCGGTGAAATTTCAT-1"
"Layer 4","TGCGTAAGAACCTGAT-1"
"Layer 4","TGCGTACGGCTAATTG-1"
"Layer 5","TGCGTCATGACTGAGC-1"
"Layer 2","TGCGTTTGTTGACACT-1"
"Layer 3","TGCTAAGTGTCTATTT-1"
"Layer 5","TGCTATACAAACGGAC-1"
"Layer 4","TGCTATGGCAAAGGGA-1"
"Layer 5","TGCTCAAAGGATGCAC-1"
"Layer 3","TGCTCCACAGTTCTTA-1"
"Layer 3","TGCTCGGCGAAACCCA-1"
"Layer 4","TGCTCTGCCGGTTCAC-1"
"Layer 3","TGCTGCGTCAGAGTTA-1"
"Layer 5","TGCTGGTTGGACAATT-1"
"Layer 3","TGCTGTTGAAGAACTC-1"
"Layer 5","TGCTTAGAGAGAATGC-1"
"Layer 2","TGCTTCCCAAGCAGTA-1"
"Layer 3","TGGAACCACTGACACA-1"
"Layer 5","TGGAAGAAGGGAACGT-1"
"Layer 5","TGGAAGACGAACACCA-1"
"Layer 3","TGGAAGGATAAAGATG-1"
"Layer 3","TGGAATATCCTTGACC-1"
"Layer 6","TGGAATTAGACGCTTT-1"
"Layer 2","TGGACCAATCTAAGAT-1"
"Layer 5","TGGACGCAATCCAGCC-1"
"Layer 3","TGGACTGTTCGCTCAA-1"
"Layer 3","TGGAGAATAATCGTCC-1"
"Layer 3","TGGAGCTAAAGTTCCC-1"
"Layer 4","TGGAGGGAAACACCTC-1"
"Layer 5","TGGAGTGATGCGATGA-1"
"Layer 3","TGGATGGCATCTTGGA-1"
"Layer 2","TGGCAACTCGCGCGCC-1"
"Layer 3","TGGCAAGCACAAGTCG-1"
"Layer 4","TGGCAATGGGACGGCG-1"
"Layer 3","TGGCAGATTACGATCA-1"
"Layer 3","TGGCAGCAGTAATAGT-1"
"Layer 5","TGGCATGAAGTTTGGG-1"
"Layer 3","TGGCCAAACTGAAGTA-1"
"Layer 5","TGGCCAATTTGGTACT-1"
"Layer 5","TGGCCGTATATTGACC-1"
"Layer 3","TGGCGACTGCTCCAAA-1"
"Layer 3","TGGCGATCAAGTTATG-1"
"Layer 6","TGGCGGTGTGCGATTG-1"
"Layer 3","TGGCTACACTCTACCT-1"
"Layer 5","TGGCTCTTGTCGCGTA-1"
"Layer 6","TGGCTTATGTATAATG-1"
"Layer 3","TGGCTTGTACAAGCTT-1"
"Layer 4","TGGCTTTGGGTAGACA-1"
"Layer 6","TGGGAAATGCCTTTCC-1"
"Layer 3","TGGGCAATAGTTGGGT-1"
"Layer 5","TGGGCACAAACAGAAC-1"
"Layer 3","TGGGCACGTTCTATGG-1"
"Layer 4","TGGGCAGGCCACCGCA-1"
"Layer 3","TGGGCCACAAGAGCGC-1"
"Layer 2","TGGGCCCATACTAATT-1"
"Layer 2","TGGGCGATACAATAAG-1"
"Layer 3","TGGGTAAGGTTCCCGC-1"
"Layer 3","TGGGTGCACAAGCCAT-1"
"Layer 3","TGGGTGGGATGTCATT-1"
"Layer 4","TGGGTGTAATAGATTT-1"
"Layer 4","TGGGTTTCGGGCGTAC-1"
"Layer 5","TGGTAAGCAGGATTGA-1"
"Layer 3","TGGTAGAATATATGGG-1"
"Layer 3","TGGTATCGCATCCCAA-1"
"Layer 4","TGGTATCGGTCTGTAT-1"
"Layer 3","TGGTCGATATACCTCT-1"
"Layer 5","TGGTCGGGTACAGGGC-1"
"Layer 6","TGGTCGTGCAAGGCAA-1"
"Layer 5","TGGTCTGTTGGGCGTA-1"
"Layer 6","TGGTGATCGTATTTGT-1"
"Layer 3","TGGTGCCCTGCCTTAC-1"
"Layer 5","TGGTTAACTTACATTT-1"
"Layer 3","TGGTTAAGGGCGCTGG-1"
"Layer 4","TGGTTCGTAGCAAAGG-1"
"Layer 2","TGGTTGGAGGATCCTG-1"
"Layer 3","TGGTTTAAACGTGGGT-1"
"Layer 6","TGTAAGACTGATAAGA-1"
"Layer 6","TGTAATGACCACAATA-1"
"Layer 5","TGTACCCGACCCTAAT-1"
"Layer 3","TGTACCTACACGAGGG-1"
"Layer 3","TGTACGAACAAATCCG-1"
"Layer 3","TGTACTACTCTCACGG-1"
"Layer 3","TGTACTATCGCTCGTT-1"
"Layer 6","TGTACTGTGCCAAAGT-1"
"Layer 4","TGTACTTCCGGGCATG-1"
"Layer 3","TGTAGCCAATTCCGTT-1"
"Layer 4","TGTAGCCATCCCATTC-1"
"Layer 5","TGTAGTGATCTATAAT-1"
"Layer 2","TGTATAACAGATCCTG-1"
"Layer 4","TGTATACGGATGATGA-1"
"Layer 3","TGTATCAGACTGAAGC-1"
"Layer 5","TGTATCCTTATTCCAT-1"
"Layer 3","TGTATGGCGCAGACAG-1"
"Layer 3","TGTCATTTGTTGGGAA-1"
"Layer 3","TGTCCACGGCTCAACT-1"
"Layer 4","TGTCCCGACATAGCAC-1"
"Layer 3","TGTCCGCAAACAATTC-1"
"Layer 6","TGTCCGTGGCGCCTTT-1"
"Layer 5","TGTCCTAAGTCACCGC-1"
"Layer 5","TGTCGTTATCACATAT-1"
"Layer 5","TGTCTACAGTTTCTGT-1"
"Layer 3","TGTGACTACGCCAGTC-1"
"Layer 4","TGTGACTAGAGTTTGC-1"
"Layer 3","TGTGAGACTAGCCCAA-1"
"Layer 3","TGTGATTCCAGCGCTT-1"
"Layer 6","TGTGCCAGAGGCAAAG-1"
"Layer 3","TGTGCCGGTGCCGGAA-1"
"Layer 5","TGTGCTTTACGTAAGA-1"
"Layer 5","TGTGGACTATCTACGT-1"
"Layer 5","TGTGGAGGAAGCTTAA-1"
"Layer 3","TGTGGCGGGCTTCTGG-1"
"Layer 4","TGTGGCTCCCACCAAC-1"
"Layer 5","TGTGGTAGGGTGCCTT-1"
"Layer 3","TGTGGTTGCTAAAGCT-1"
"Layer 4","TGTGTAGTAGCACGTG-1"
"Layer 6","TGTGTCGAAGTCGAGG-1"
"Layer 5","TGTGTCGCGAGTTGCA-1"
"Layer 6","TGTGTGACCATGAATC-1"
"Layer 6","TGTGTTCGTATCCAAG-1"
"Layer 5","TGTTAACAAAGTGACT-1"
"Layer 4","TGTTCCGCTTCCATGA-1"
"Layer 2","TGTTCCGGCCTGAGCT-1"
"Layer 3","TGTTCGTATTGCGGTG-1"
"Layer 5","TGTTCTCATACTATAG-1"
"Layer 3","TGTTCTCTACTCCCTA-1"
"Layer 5","TGTTCTTCCATTGACT-1"
"Layer 5","TGTTGCCGTCGTCCCA-1"
"Layer 2","TGTTGTCAAGAAGTCT-1"
"Layer 3","TGTTTAATACTTCATC-1"
"Layer 4","TGTTTCGGTACTTCTC-1"
"Layer 5","TGTTTCTGAAGCGTGC-1"
"Layer 4","TGTTTGAGATCGTCAG-1"
"Layer 5","TTAAACCGGTAGCGAC-1"
"Layer 3","TTAAAGGCGATGCTCG-1"
"Layer 4","TTAAAGTAAGTCGCCA-1"
"Layer 6","TTAACACCTCGAACAT-1"
"Layer 4","TTAACCAACCCTCCCT-1"
"Layer 3","TTAACGAACAAGCAGT-1"
"Layer 4","TTAACGTCGCAAGACC-1"
"Layer 6","TTAACGTTAAAGCCTG-1"
"Layer 5","TTAACTGATCGTTTGG-1"
"Layer 5","TTAACTTCAGGTAGGA-1"
"Layer 2","TTAAGACGAACGAACC-1"
"Layer 4","TTAAGATACCCAGAGA-1"
"Layer 3","TTAAGATAGGATTGAC-1"
"Layer 3","TTAAGCCGACAACTTC-1"
"Layer 5","TTAAGCGCCTGACCCA-1"
"Layer 6","TTAAGGATACGGAGGT-1"
"Layer 5","TTAAGGCCCGTACTTT-1"
"Layer 3","TTAAGTATTGTTATCC-1"
"Layer 3","TTAATCAGTACGTCAG-1"
"Layer 3","TTAATGCGAGGTAACT-1"
"Layer 3","TTAATGTAGACCAGGT-1"
"Layer 3","TTAATTTCAGACGCGG-1"
"Layer 4","TTACAACTACGCATCC-1"
"Layer 4","TTACACGATCTGCGAC-1"
"Layer 2","TTACAGACCTAAATGA-1"
"Layer 5","TTACATCGTGGCCTGG-1"
"Layer 3","TTACATGCCACAACTA-1"
"Layer 5","TTACCATTGATTACCC-1"
"Layer 2","TTACCCATTGCCGGGT-1"
"Layer 6","TTACCCTAACAGTCCT-1"
"Layer 3","TTACCCTAGGGATTGG-1"
"Layer 6","TTACGGTGTCACCGAG-1"
"Layer 4","TTACGTATCTATGACA-1"
"Layer 6","TTACTATCGGCTTCTC-1"
"Layer 2","TTACTCCGGCCGGGAA-1"
"Layer 5","TTACTCTGGTACGTAC-1"
"Layer 3","TTACTGGGATATTTCA-1"
"Layer 3","TTACTGTCTAGAGCTC-1"
"Layer 4","TTACTGTTTCTCTACG-1"
"Layer 3","TTAGAAGAACATGACT-1"
"Layer 3","TTAGAATAAGGGTCGG-1"
"Layer 2","TTAGACACGATCGTTG-1"
"Layer 6","TTAGAGGGATATACAG-1"
"Layer 4","TTAGAGTATTGTCGAG-1"
"Layer 6","TTAGCAACATGGATGT-1"
"Layer 4","TTAGCCATAGGGCTCG-1"
"Layer 3","TTAGCGAATAGATAGG-1"
"Layer 6","TTAGCTCTGTAATCCG-1"
"Layer 2","TTAGCTGATTTGCCGT-1"
"Layer 5","TTAGGATGGGAGGGTA-1"
"Layer 4","TTAGGTCATAACCGAC-1"
"Layer 3","TTAGTAAACCTGCTCT-1"
"Layer 5","TTAGTAGGGCGGCGGG-1"
"Layer 2","TTAGTTATTCGTGGCA-1"
"Layer 3","TTAGTTCAAGTGTTCG-1"
"Layer 5","TTATAGATGCACATTA-1"
"Layer 2","TTATATACGCTGTCAC-1"
"Layer 3","TTATATTTGGCAATCC-1"
"Layer 6","TTATCCAATCGAACTC-1"
"Layer 5","TTATCCTCAAGGAATA-1"
"Layer 6","TTATCGCCTGCGAAGC-1"
"Layer 6","TTATCTGACATTAGGA-1"
"Layer 4","TTATCTGTATCATAAC-1"
"Layer 3","TTATGAATGAAAGGGA-1"
"Layer 5","TTATGACAAACTGGAT-1"
"Layer 6","TTATGCGTCCCGGTCC-1"
"Layer 6","TTATGTTTGCGATAGA-1"
"Layer 2","TTATTAGAGCGTGTTC-1"
"Layer 4","TTATTAGGGAAGCATC-1"
"Layer 5","TTATTATCTGGAAGGC-1"
"Layer 5","TTATTTAGGTTCCTTA-1"
"Layer 2","TTCAAAGTCTCTAGCC-1"
"Layer 5","TTCAACGACCCGACCG-1"
"Layer 3","TTCAAGCCGAGCTGAG-1"
"Layer 3","TTCAATTAGCCATAAT-1"
"Layer 3","TTCACGAAAGGATCAC-1"
"Layer 4","TTCACGGTCGTCACGT-1"
"Layer 2","TTCACTCGAGCACCTA-1"
"Layer 3","TTCACTTCCTAGAACG-1"
"Layer 3","TTCAGCTGGCGTGCCC-1"
"Layer 5","TTCAGGCGTCAAAGCC-1"
"Layer 3","TTCAGTTCAAGAGGAG-1"
"Layer 3","TTCATGGCGCAACAGG-1"
"Layer 3","TTCCAATCTGGCTATC-1"
"Layer 3","TTCCACACAGATTTGA-1"
"Layer 3","TTCCAGACGAGATTTA-1"
"Layer 3","TTCCAGTGGGTTTCGT-1"
"Layer 4","TTCCATCGACAGCGTG-1"
"Layer 3","TTCCCGACGCTTCACT-1"
"Layer 5","TTCCCGGCGCCAATAG-1"
"Layer 3","TTCCGCAGAGAAATAT-1"
"Layer 3","TTCCGCGTGAGGCGAT-1"
"Layer 3","TTCCGGCCTTGAGGCT-1"
"Layer 3","TTCCGGCTCGACTTCT-1"
"Layer 4","TTCCGGTATCTGTGTC-1"
"Layer 4","TTCCTCGAGGGTGTCT-1"
"Layer 6","TTCCTCTGCCCGAATA-1"
"Layer 6","TTCCTTTCTGTGTTGC-1"
"Layer 3","TTCGAACGAAACATGC-1"
"Layer 2","TTCGACAGAGCCCGTG-1"
"Layer 5","TTCGACGGGAAGGGCG-1"
"Layer 3","TTCGAGCCGGCGCTAC-1"
"Layer 5","TTCGCACTCGCGTGCT-1"
"Layer 3","TTCGCACTGTACGACA-1"
"Layer 5","TTCGCCGCTCGCGCTA-1"
"Layer 3","TTCGCGCGCCATACGA-1"
"Layer 4","TTCGCTAGGAAGTTGT-1"
"Layer 5","TTCGGACTGGGCATGG-1"
"Layer 2","TTCGGCAACCCGCTGA-1"
"Layer 6","TTCGGCTAGAGATGGT-1"
"Layer 3","TTCGGGACTAATCGCG-1"
"Layer 4","TTCGGGCGCTAGTCTT-1"
"Layer 4","TTCGGGTTGCCACGGG-1"
"Layer 2","TTCGGTACTGTAGAGG-1"
"Layer 5","TTCGGTGGAGACGCCC-1"
"Layer 2","TTCGTAATCCCAGCGG-1"
"Layer 5","TTCGTACTCCAGAACG-1"
"Layer 3","TTCGTTCAACGAAGTT-1"
"Layer 5","TTCTACCTCAATCGGT-1"
"Layer 3","TTCTACCTTTATGTTG-1"
"Layer 5","TTCTACTTGCGAGGGC-1"
"Layer 3","TTCTAGAAAGTCTTAT-1"
"Layer 5","TTCTAGGCCAATTGTG-1"
"Layer 4","TTCTATGCCTTTCGCA-1"
"Layer 3","TTCTATTAAACGCAGC-1"
"Layer 5","TTCTCAATTGCTACAA-1"
"Layer 5","TTCTCTTACAGGTGAT-1"
"Layer 2","TTCTGCCGCGCCTAGA-1"
"Layer 6","TTCTGCGAGCGCCCTT-1"
"Layer 3","TTCTGCTAGACTCCAA-1"
"Layer 6","TTCTTAGTGAACGGTG-1"
"Layer 4","TTCTTAGTGGCTCAGA-1"
"Layer 3","TTCTTATCCGCTGGGT-1"
"Layer 3","TTCTTCCCTTTGATAT-1"
"Layer 3","TTCTTCGCAATAGAGC-1"
"Layer 4","TTCTTGAGCCGCGCTA-1"
"Layer 3","TTCTTGCTAGCATCTC-1"
"Layer 4","TTCTTGGACGATCTGC-1"
"Layer 3","TTCTTGGAGTAATGAG-1"
"Layer 5","TTCTTGTAACCTAATG-1"
"Layer 3","TTCTTTGGTCGCGACG-1"
"Layer 5","TTGAAACCCTCATTCC-1"
"Layer 6","TTGAACGAATCCTTTG-1"
"Layer 3","TTGAACGACGTGCTGA-1"
"Layer 4","TTGAAGAATTCCCAGG-1"
"Layer 5","TTGAAGGATGGGCGCC-1"
"Layer 2","TTGAATATGGACTTTC-1"
"Layer 5","TTGAATCGTTGTATAA-1"
"Layer 3","TTGAATTCACGTGAGG-1"
"Layer 3","TTGACAGGAGCTCCCG-1"
"Layer 5","TTGACATGAACGTGGA-1"
"Layer 3","TTGACCATGTTCTCCG-1"
"Layer 4","TTGACCGTGTTAATGA-1"
"Layer 5","TTGACGATTCAGCACG-1"
"Layer 3","TTGACGCTCCATGAGC-1"
"Layer 4","TTGACTACCATATGGT-1"
"Layer 3","TTGACTATTGTCCGGC-1"
"Layer 2","TTGAGAAGTTTAGCAT-1"
"Layer 4","TTGAGAGTACTGCTAA-1"
"Layer 4","TTGAGCAGCCCACGGT-1"
"Layer 4","TTGAGCGCCACGTGAT-1"
"Layer 2","TTGAGGCATTTAACTC-1"
"Layer 4","TTGAGTCCCGCTGCTG-1"
"Layer 3","TTGATAGTCAATACAT-1"
"Layer 4","TTGATCTAACTTTGTC-1"
"Layer 3","TTGATGCCGCTCGTCG-1"
"Layer 4","TTGATTAGCTGTTTCT-1"
"Layer 5","TTGATTATGCAGATGA-1"
"Layer 3","TTGCACAATTCAGAAA-1"
"Layer 4","TTGCACGGAGCAGCAC-1"
"Layer 5","TTGCATGCTGATCACG-1"
"Layer 4","TTGCCAAGCAGAACCC-1"
"Layer 5","TTGCCATAGCCCGCTC-1"
"Layer 5","TTGCCCTGATCACGGG-1"
"Layer 5","TTGCCGCAGACCTACA-1"
"Layer 5","TTGCCTAATCCAAAGT-1"
"Layer 4","TTGCCTTCTCGCCGGG-1"
"Layer 4","TTGCGCACAACCACGT-1"
"Layer 4","TTGCGCTTGATCAATA-1"
"Layer 3","TTGCGGAAAGCTGCCC-1"
"Layer 3","TTGCGGCATCAGAAAG-1"
"Layer 4","TTGCGGCGACTCATGC-1"
"Layer 6","TTGCGTAGTTTGAGGA-1"
"Layer 4","TTGCGTCGGCCAACCG-1"
"Layer 2","TTGCGTGAACGCTTAG-1"
"Layer 3","TTGCGTGTGTAGGCAT-1"
"Layer 4","TTGCTCATAGTACGTG-1"
"Layer 3","TTGCTCCCATACCGGA-1"
"Layer 4","TTGCTGAAGGAACCAC-1"
"Layer 3","TTGCTGATCATGTTCG-1"
"Layer 6","TTGCTGCACCTATCCA-1"
"Layer 3","TTGCTGGCCGGGCTTC-1"
"Layer 5","TTGGAAGAATACAGTC-1"
"Layer 5","TTGGACATGTGGCTTA-1"
"Layer 3","TTGGACCATCTGGCAA-1"
"Layer 2","TTGGACCTATAACAGT-1"
"Layer 6","TTGGAGTCTCCCTTCT-1"
"Layer 3","TTGGATATCGTCTACG-1"
"Layer 4","TTGGATCGACTTCTGG-1"
"Layer 4","TTGGATTGGGTACCAC-1"
"Layer 3","TTGGCCAAATTGTATC-1"
"Layer 3","TTGGCCTAGAATTTCG-1"
"Layer 4","TTGGCGATCCGAATAT-1"
"Layer 4","TTGGCTCAATATGTGT-1"
"Layer 5","TTGGCTCGCATGAGAC-1"
"Layer 2","TTGGGAAGACGAGCCG-1"
"Layer 3","TTGGGACACTGCCCGC-1"
"Layer 4","TTGGGACGTAAGAGTT-1"
"Layer 3","TTGGGCGGCGGTTGCC-1"
"Layer 3","TTGGGTTTATTCAGCG-1"
"Layer 4","TTGGTATGGCTTGTGT-1"
"Layer 3","TTGGTCACACTCGTAA-1"
"Layer 5","TTGGTTCGCTCAAAGG-1"
"Layer 5","TTGGTTGCGGTGCGCG-1"
"Layer 5","TTGTAAGGACCTAAGT-1"
"Layer 2","TTGTAAGGCCAGTTGG-1"
"Layer 3","TTGTAATCCGTACTCG-1"
"Layer 6","TTGTACACCTCGAACA-1"
"Layer 3","TTGTATCACACAGAAT-1"
"Layer 6","TTGTCACCGCGGTATC-1"
"Layer 4","TTGTCGTTCAGTTACC-1"
"Layer 3","TTGTCTCGGCAAGATG-1"
"Layer 3","TTGTGAACCTAATCCG-1"
"Layer 5","TTGTGAGGCATGACGC-1"
"Layer 4","TTGTGATCTGTTCAGT-1"
"Layer 6","TTGTGCGGAAGCGGAT-1"
"Layer 5","TTGTGGAGACAGCCGG-1"
"Layer 4","TTGTGGCCCTGACAGT-1"
"Layer 5","TTGTGGTAGGAGGGAT-1"
"Layer 4","TTGTGGTATAGGTATG-1"
"Layer 3","TTGTGGTGGTACTAAG-1"
"Layer 3","TTGTGTATGCCACCAA-1"
"Layer 3","TTGTGTTTCCCGAAAG-1"
"Layer 5","TTGTTAGCAAATTCGA-1"
"Layer 3","TTGTTCAGTGTGCTAC-1"
"Layer 4","TTGTTGGCAATGACTG-1"
"Layer 3","TTGTTGTGTGTCAAGA-1"
"Layer 3","TTGTTTCACATCCAGG-1"
"Layer 4","TTGTTTCATTAGTCTA-1"
"Layer 5","TTGTTTCCATACAACT-1"
"Layer 3","TTGTTTGTATTACACG-1"
"Layer 5","TTGTTTGTGTAAATTC-1"
