[2025-11-21 08:38:16] Log file created: /zata/zippy/kresgeb/nmf_stuff/dlPFC/logs/batched_projection_2025-11-21_08-38-16.log
[2025-11-21 08:38:16] ======Snapshot of script: batched_projection.R======

----- Begin Script Snapshot -----
#!/usr/bin/env Rscript

suppressPackageStartupMessages({
    library(here)
    library(SpatialExperiment)
    library(SingleCellExperiment)
    library(RcppML)
    library(sessioninfo)
    library(duckplyr)
    library(readr)
})

# --------------------------------------------------------------
# Set project root and import utilities
# --------------------------------------------------------------
my_relative_path <- "scripts/batched_projection.R"
here::i_am(my_relative_path)
source(here("scripts", "utils.R"))

# --------------------------------------------------------------
# Global setup
# --------------------------------------------------------------
threads <- 64
options(RcppML.threads = threads)
options(RcppML.verbose = TRUE)

setup_log(prefix = "batched_projection")
snapshot_script(here(my_relative_path))
log_msg("===== Session Info =====")
print(sessionInfo())
print(session_info())
log_msg(sprintf("Running batched projection with %d threads", threads))

# --------------------------------------------------------------
# Paths and parameters
# --------------------------------------------------------------
nmf_summary_tsv <- here("data", "batched_nmf", "summary.tsv")
srt_path <- "/data/zusers/kresgeb/psych_encode/spatialLIBD_fetch_data/2024.RData"
proj_outdir <- here("data", "batched_projection")
summary_tsv <- file.path(proj_outdir, "summary.tsv")

if (!dir.exists(proj_outdir)) {
    dir.create(proj_outdir, recursive = TRUE)
}

# --------------------------------------------------------------
# Load SRT once
# --------------------------------------------------------------
log_msg("===== Loading and processing SRT object =====")
log_msg(paste("Loading SRT object from:", srt_path))
load_and_rename(srt_path, new_names = "srt", verbose = TRUE)
stopifnot(inherits(srt, "SpatialExperiment"))

# The object uses Ensebml IDs as rownames
# I should not ever WANT this,
# so lets just replace them with the gene_names right now
# Replace Ensembl IDs with gene_name as rownames
log_msg("Replacing rownames(srt) with gene_name from rowData...")
gene_names <- as.character(rowData(srt)$gene_name)
na_idx <- which(is.na(gene_names) | gene_names == "")
if (length(na_idx) > 0) {
    gene_names[na_idx] <- rownames(srt)[na_idx] # fallback to Ensembl IDs
    log_msg(sprintf("Replaced %d NA/blank gene_name entries with Ensembl IDs", length(na_idx)))
}
# Make names unique (adds .1, .2, etc. suffixes)
gene_names <- make.unique(gene_names)

# apply new rownames
rownames(srt) <- gene_names
log_msg("SRT preprocessing complete.")

# --------------------------------------------------------------
# Load NMF batch summary
# --------------------------------------------------------------
if (!file.exists(nmf_summary_tsv)) {
    stop("NMF summary TSV not found at: ", nmf_summary_tsv)
}
nmf_summary <- read_tsv(nmf_summary_tsv, show_col_types = FALSE)
log_msg(sprintf("Loaded %d NMF runs from summary.", nrow(nmf_summary)))

# --------------------------------------------------------------
# Setup for output summary TSV
# --------------------------------------------------------------

if (file.exists(summary_tsv)) {
    summary_df <- read_tsv(summary_tsv, show_col_types = FALSE)
    log_msg(sprintf("Loaded existing summary TSV with %d rows", nrow(summary_df)))
} else {
    summary_df <- tibble(
        timestamp = character(),
        k = integer(),
        seed = integer(),
        tol = numeric(),
        L1 = numeric(),
        elapsed_min = numeric(),
        nmf_input = character(),
        projection_output = character(),
        n_common_genes = integer()
    )
    write_tsv(summary_df, summary_tsv)
    log_msg(sprintf("Initialized empty summary TSV at: %s", summary_tsv))
}


# --------------------------------------------------------------
# Run projections for each NMF result
# --------------------------------------------------------------

# --- Config ---
skip_completed <- TRUE # set FALSE to force re-run even if already completed

for (i in seq_len(nrow(nmf_summary))) {
    nmf_path <- nmf_summary$output_path[i]
    k <- nmf_summary$k[i]
    seed <- nmf_summary$seed[i]
    tol <- nmf_summary$tol[i]
    L1 <- nmf_summary$L1[i]

    run_prefix <- sprintf("proj_k%d_seed%d_tol%.0e_L1%.1f", k, seed, tol, L1)
    proj_out_path <- file.path(proj_outdir, paste0(run_prefix, ".rds"))

    log_msg("--------------------------------------------")
    log_msg(sprintf(
        "Starting projection %d / %d: k=%d, seed=%d, tol=%.0e, L1=%.1f",
        i, nrow(nmf_summary), k, seed, tol, L1
    ))
    log_msg("--------------------------------------------")

    # --- Check for completed run ---
    already_done <- FALSE
    if (skip_completed && nrow(summary_df) > 0) {
        match_row <- summary_df |>
            filter(k == !!k, seed == !!seed, tol == !!tol, L1 == !!L1)
        if (nrow(match_row) > 0) {
            already_done <- TRUE
            ts <- lubridate::ymd_hms(match_row$timestamp, tz = "UTC")
            ago <- lubridate::as.period(Sys.time() - ts, unit = "minute")
            log_msg(sprintf(
                "Skipping run (already completed)\n\tcompleted %s ago at %s UTC\n\tlocation: %s",
                lubridate::time_length(ago, "hour") %>%
                    {
                        \(x) sprintf("%.1f hours", x)
                    }(),
                format(ts, "%Y-%m-%dT%H:%M:%SZ"),
                match_row$projection_output
            ))
        }
    }
    if (already_done) next

    start_time <- Sys.time()

    # Load NMF model
    nmf_x <- readRDS(nmf_path)
    w <- nmf_x@w

    # Match genes
    common_genes <- intersect(rownames(w), rownames(srt))
    log_msg(sprintf("Common genes: %d", length(common_genes)))

    w <- w[common_genes, , drop = FALSE]
    Y <- assay(srt, "logcounts")[common_genes, , drop = FALSE]

    # Projection
    log_msg("Projecting SRT into snRNA NMF basis...")
    set.seed(seed)
    proj <- project(w, Y, L1 = 0)
    proj <- t(proj)

    # Rescale so loadings per spot sum to 1
    proj <- apply(proj, 2, function(z) z / sum(z))
    log_msg("Projection complete and rescaled.")

    # Save result
    saveRDS(proj, proj_out_path)
    log_msg(paste("Saved projection result to:", proj_out_path))

    end_time <- Sys.time()
    elapsed <- as.numeric(difftime(end_time, start_time, units = "mins"))

    # --- Construct row ---
    new_row <- tibble(
        timestamp = format(Sys.time(), "%Y-%m-%dT%H:%M:%SZ", tz = "UTC"),
        k = k, seed = seed, tol = tol, L1 = L1,
        elapsed_min = elapsed,
        nmf_input = nmf_path,
        projection_output = proj_out_path,
        n_common_genes = length(common_genes)
    )
    # --- Append to TSV file ---
    write_tsv(new_row, summary_tsv, append = TRUE)
    log_msg("Appended run metadata to summary.tsv")
}

log_msg("===== Finished batched projection =====")
close_log()

----- End Script Snapshot -----

[2025-11-21 08:38:16] ===== Session Info =====
R version 4.4.2 (2024-10-31)
Platform: x86_64-pc-linux-gnu
Running under: Ubuntu 24.04.1 LTS

Matrix products: default
BLAS:   /usr/lib/x86_64-linux-gnu/openblas-pthread/libblas.so.3 
LAPACK: /usr/lib/x86_64-linux-gnu/openblas-pthread/libopenblasp-r0.3.26.so;  LAPACK version 3.12.0

locale:
 [1] LC_CTYPE=en_US.UTF-8       LC_NUMERIC=C               LC_TIME=en_US.UTF-8        LC_COLLATE=en_US.UTF-8    
 [5] LC_MONETARY=en_US.UTF-8    LC_MESSAGES=en_US.UTF-8    LC_PAPER=en_US.UTF-8       LC_NAME=C                 
 [9] LC_ADDRESS=C               LC_TELEPHONE=C             LC_MEASUREMENT=en_US.UTF-8 LC_IDENTIFICATION=C       

time zone: America/New_York
tzcode source: system (glibc)

attached base packages:
[1] stats4    stats     graphics  grDevices utils     datasets  methods   base     

other attached packages:
 [1] readr_2.1.5                 duckplyr_1.0.0              dplyr_1.1.4                 sessioninfo_1.2.3          
 [5] RcppML_0.5.5                SpatialExperiment_1.16.0    SingleCellExperiment_1.28.1 SummarizedExperiment_1.36.0
 [9] Biobase_2.66.0              GenomicRanges_1.58.0        GenomeInfoDb_1.42.3         IRanges_2.40.1             
[13] S4Vectors_0.44.0            BiocGenerics_0.52.0         MatrixGenerics_1.18.1       matrixStats_1.5.0          
[17] here_1.0.1                 

loaded via a namespace (and not attached):
 [1] generics_0.1.3          SparseArray_1.6.2       lattice_0.22-6          hms_1.1.3              
 [5] magrittr_2.0.3          RcppEigen_0.3.4.0.2     evaluate_1.0.3          grid_4.4.2             
 [9] fastmap_1.2.0           rprojroot_2.0.4         jsonlite_1.9.0          Matrix_1.7-1           
[13] httr_1.4.7              UCSC.utils_1.2.0        collections_0.3.7       abind_1.4-8            
[17] cli_3.6.4               rlang_1.1.5             crayon_1.5.3            XVector_0.46.0         
[21] cachem_1.1.0            DelayedArray_0.32.0     S4Arrays_1.6.0          tools_4.4.2            
[25] tzdb_0.4.0              memoise_2.0.1           GenomeInfoDbData_1.2.13 vctrs_0.6.5            
[29] R6_2.6.1                lifecycle_1.0.4         magick_2.8.5            zlibbioc_1.52.0        
[33] pkgconfig_2.0.3         pillar_1.10.1           glue_1.8.0              Rcpp_1.0.14            
[37] xfun_0.51               tibble_3.2.1            tidyselect_1.2.1        knitr_1.49             
[41] rjson_0.2.23            compiler_4.4.2         
─ Session info ───────────────────────────────────────────────────────────────
 setting  value
 version  R version 4.4.2 (2024-10-31)
 os       Ubuntu 24.04.1 LTS
 system   x86_64, linux-gnu
 ui       X11
 language (EN)
 collate  en_US.UTF-8
 ctype    en_US.UTF-8
 tz       America/New_York
 date     2025-11-21
 pandoc   NA
 quarto   NA

─ Packages ───────────────────────────────────────────────────────────────────
 package              * version   date (UTC) lib source
 abind                  1.4-8     2024-09-12 [1] RSPM (R 4.4.0)
 Biobase              * 2.66.0    2024-10-29 [1] Bioconductor 3.20 (R 4.4.2)
 BiocGenerics         * 0.52.0    2024-10-29 [1] Bioconductor 3.20 (R 4.4.2)
 cachem                 1.1.0     2024-05-16 [1] RSPM (R 4.4.0)
 cli                    3.6.4     2025-02-13 [1] RSPM (R 4.4.0)
 collections            0.3.7     2023-01-05 [1] RSPM (R 4.4.0)
 crayon                 1.5.3     2024-06-20 [1] RSPM (R 4.4.0)
 DelayedArray           0.32.0    2024-10-29 [1] Bioconductor 3.20 (R 4.4.2)
 dplyr                * 1.1.4     2023-11-17 [1] RSPM (R 4.4.0)
 duckplyr             * 1.0.0     2025-02-07 [1] RSPM (R 4.4.0)
 evaluate               1.0.3     2025-01-10 [1] RSPM (R 4.4.0)
 fastmap                1.2.0     2024-05-15 [1] RSPM (R 4.4.0)
 generics               0.1.3     2022-07-05 [1] RSPM (R 4.4.0)
 GenomeInfoDb         * 1.42.3    2025-01-27 [1] Bioconductor 3.20 (R 4.4.2)
 GenomeInfoDbData       1.2.13    2025-11-14 [1] Bioconductor
 GenomicRanges        * 1.58.0    2024-10-29 [1] Bioconductor 3.20 (R 4.4.2)
 glue                   1.8.0     2024-09-30 [1] RSPM (R 4.4.0)
 here                 * 1.0.1     2020-12-13 [1] RSPM (R 4.4.0)
 hms                    1.1.3     2023-03-21 [1] RSPM (R 4.4.0)
 httr                   1.4.7     2023-08-15 [1] RSPM (R 4.4.0)
 IRanges              * 2.40.1    2024-12-05 [1] Bioconductor 3.20 (R 4.4.2)
 jsonlite               1.9.0     2025-02-19 [1] RSPM (R 4.4.0)
 knitr                  1.49      2024-11-08 [1] RSPM (R 4.4.0)
 lattice                0.22-6    2024-03-20 [2] CRAN (R 4.4.2)
 lifecycle              1.0.4     2023-11-07 [1] RSPM (R 4.4.0)
 magick                 2.8.5     2024-09-20 [1] RSPM (R 4.4.0)
 magrittr               2.0.3     2022-03-30 [1] RSPM (R 4.4.0)
 Matrix                 1.7-1     2024-10-18 [2] CRAN (R 4.4.2)
 MatrixGenerics       * 1.18.1    2025-01-09 [1] Bioconductor 3.20 (R 4.4.2)
 matrixStats          * 1.5.0     2025-01-07 [1] RSPM (R 4.4.0)
 memoise                2.0.1     2021-11-26 [1] RSPM (R 4.4.0)
 pillar                 1.10.1    2025-01-07 [1] RSPM (R 4.4.0)
 pkgconfig              2.0.3     2019-09-22 [1] RSPM (R 4.4.0)
 R6                     2.6.1     2025-02-15 [1] RSPM (R 4.4.0)
 Rcpp                   1.0.14    2025-01-12 [1] RSPM (R 4.4.0)
 RcppEigen              0.3.4.0.2 2024-08-24 [1] RSPM (R 4.4.0)
 RcppML               * 0.5.5     2025-11-17 [1] Github (zdebruine/RcppML@c997bcd)
 readr                * 2.1.5     2024-01-10 [1] RSPM (R 4.4.0)
 rjson                  0.2.23    2024-09-16 [1] RSPM (R 4.4.0)
 rlang                  1.1.5     2025-01-17 [1] RSPM (R 4.4.0)
 rprojroot              2.0.4     2023-11-05 [1] RSPM (R 4.4.0)
 S4Arrays               1.6.0     2024-10-29 [1] Bioconductor 3.20 (R 4.4.2)
 S4Vectors            * 0.44.0    2024-10-29 [1] Bioconductor 3.20 (R 4.4.2)
 sessioninfo          * 1.2.3     2025-02-05 [1] RSPM (R 4.4.0)
 SingleCellExperiment * 1.28.1    2024-11-10 [1] Bioconductor 3.20 (R 4.4.2)
 SparseArray            1.6.2     2025-02-20 [1] Bioconductor 3.20 (R 4.4.2)
 SpatialExperiment    * 1.16.0    2024-10-29 [1] Bioconductor 3.20 (R 4.4.2)
 SummarizedExperiment * 1.36.0    2024-10-29 [1] Bioconductor 3.20 (R 4.4.2)
 tibble                 3.2.1     2023-03-20 [1] RSPM (R 4.4.0)
 tidyselect             1.2.1     2024-03-11 [1] RSPM (R 4.4.0)
 tzdb                   0.4.0     2023-05-12 [1] RSPM (R 4.4.0)
 UCSC.utils             1.2.0     2024-10-29 [1] Bioconductor 3.20 (R 4.4.2)
 vctrs                  0.6.5     2023-12-01 [1] RSPM (R 4.4.0)
 xfun                   0.51      2025-02-19 [1] RSPM (R 4.4.0)
 XVector                0.46.0    2024-10-29 [1] Bioconductor 3.20 (R 4.4.2)
 zlibbioc               1.52.0    2024-10-29 [1] Bioconductor 3.20 (R 4.4.2)

 [1] /usr/local/lib/R/site-library
 [2] /usr/local/lib/R/library
 * ── Packages attached to the search path.

──────────────────────────────────────────────────────────────────────────────
[2025-11-21 08:38:16] Running batched projection with 64 threads
[2025-11-21 08:38:16] ===== Loading and processing SRT object =====
[2025-11-21 08:38:16] Loading SRT object from: /data/zusers/kresgeb/psych_encode/spatialLIBD_fetch_data/2024.RData
Loading objects:
  spe
[2025-11-21 08:40:23] Replacing rownames(srt) with gene_name from rowData...
[2025-11-21 08:40:23] SRT preprocessing complete.
[2025-11-21 08:40:23] Loaded 750 NMF runs from summary.
[2025-11-21 08:40:23] Loaded existing summary TSV with 236 rows
[2025-11-21 08:40:23] --------------------------------------------
[2025-11-21 08:40:23] Starting projection 1 / 750: k=10, seed=42, tol=1e-05, L1=0.1
[2025-11-21 08:40:23] --------------------------------------------
[2025-11-21 08:40:24] Skipping run (already completed)
	completed 211.2 hours ago at 2025-11-12T18:27:40Z UTC
	location: /zata/zippy/kresgeb/nmf_stuff/dlPFC/data/batched_projection/proj_k10_seed42_tol1e-05_L10.1.rds
[2025-11-21 08:40:24] --------------------------------------------
[2025-11-21 08:40:24] Starting projection 2 / 750: k=20, seed=42, tol=1e-05, L1=0.1
[2025-11-21 08:40:24] --------------------------------------------
[2025-11-21 08:40:24] Skipping run (already completed)
	completed 211.2 hours ago at 2025-11-12T18:27:51Z UTC
	location: /zata/zippy/kresgeb/nmf_stuff/dlPFC/data/batched_projection/proj_k20_seed42_tol1e-05_L10.1.rds
[2025-11-21 08:40:24] --------------------------------------------
[2025-11-21 08:40:24] Starting projection 3 / 750: k=30, seed=42, tol=1e-05, L1=0.1
[2025-11-21 08:40:24] --------------------------------------------
[2025-11-21 08:40:24] Skipping run (already completed)
	completed 211.2 hours ago at 2025-11-12T18:28:02Z UTC
	location: /zata/zippy/kresgeb/nmf_stuff/dlPFC/data/batched_projection/proj_k30_seed42_tol1e-05_L10.1.rds
[2025-11-21 08:40:24] --------------------------------------------
[2025-11-21 08:40:24] Starting projection 4 / 750: k=40, seed=42, tol=1e-05, L1=0.1
[2025-11-21 08:40:24] --------------------------------------------
[2025-11-21 08:40:24] Skipping run (already completed)
	completed 211.2 hours ago at 2025-11-12T18:28:10Z UTC
	location: /zata/zippy/kresgeb/nmf_stuff/dlPFC/data/batched_projection/proj_k40_seed42_tol1e-05_L10.1.rds
[2025-11-21 08:40:24] --------------------------------------------
[2025-11-21 08:40:24] Starting projection 5 / 750: k=50, seed=42, tol=1e-05, L1=0.1
[2025-11-21 08:40:24] --------------------------------------------
[2025-11-21 08:40:24] Skipping run (already completed)
	completed 211.2 hours ago at 2025-11-12T18:28:20Z UTC
	location: /zata/zippy/kresgeb/nmf_stuff/dlPFC/data/batched_projection/proj_k50_seed42_tol1e-05_L10.1.rds
[2025-11-21 08:40:24] --------------------------------------------
[2025-11-21 08:40:24] Starting projection 6 / 750: k=60, seed=42, tol=1e-05, L1=0.1
[2025-11-21 08:40:24] --------------------------------------------
[2025-11-21 08:40:24] Skipping run (already completed)
	completed 211.2 hours ago at 2025-11-12T18:28:31Z UTC
	location: /zata/zippy/kresgeb/nmf_stuff/dlPFC/data/batched_projection/proj_k60_seed42_tol1e-05_L10.1.rds
[2025-11-21 08:40:24] --------------------------------------------
[2025-11-21 08:40:24] Starting projection 7 / 750: k=70, seed=42, tol=1e-05, L1=0.1
[2025-11-21 08:40:24] --------------------------------------------
[2025-11-21 08:40:24] Skipping run (already completed)
	completed 211.2 hours ago at 2025-11-12T18:28:45Z UTC
	location: /zata/zippy/kresgeb/nmf_stuff/dlPFC/data/batched_projection/proj_k70_seed42_tol1e-05_L10.1.rds
[2025-11-21 08:40:24] --------------------------------------------
[2025-11-21 08:40:24] Starting projection 8 / 750: k=80, seed=42, tol=1e-05, L1=0.1
[2025-11-21 08:40:24] --------------------------------------------
[2025-11-21 08:40:25] Skipping run (already completed)
	completed 211.2 hours ago at 2025-11-12T18:28:54Z UTC
	location: /zata/zippy/kresgeb/nmf_stuff/dlPFC/data/batched_projection/proj_k80_seed42_tol1e-05_L10.1.rds
[2025-11-21 08:40:25] --------------------------------------------
[2025-11-21 08:40:25] Starting projection 9 / 750: k=90, seed=42, tol=1e-05, L1=0.1
[2025-11-21 08:40:25] --------------------------------------------
[2025-11-21 08:40:25] Skipping run (already completed)
	completed 211.2 hours ago at 2025-11-12T18:29:11Z UTC
	location: /zata/zippy/kresgeb/nmf_stuff/dlPFC/data/batched_projection/proj_k90_seed42_tol1e-05_L10.1.rds
[2025-11-21 08:40:25] --------------------------------------------
[2025-11-21 08:40:25] Starting projection 10 / 750: k=100, seed=42, tol=1e-05, L1=0.1
[2025-11-21 08:40:25] --------------------------------------------
[2025-11-21 08:40:25] Skipping run (already completed)
	completed 211.2 hours ago at 2025-11-12T18:29:23Z UTC
	location: /zata/zippy/kresgeb/nmf_stuff/dlPFC/data/batched_projection/proj_k100_seed42_tol1e-05_L10.1.rds
[2025-11-21 08:40:25] --------------------------------------------
[2025-11-21 08:40:25] Starting projection 11 / 750: k=10, seed=1029, tol=1e-05, L1=0.1
[2025-11-21 08:40:25] --------------------------------------------
[2025-11-21 08:40:25] Skipping run (already completed)
	completed 211.2 hours ago at 2025-11-12T18:29:30Z UTC
	location: /zata/zippy/kresgeb/nmf_stuff/dlPFC/data/batched_projection/proj_k10_seed1029_tol1e-05_L10.1.rds
[2025-11-21 08:40:25] --------------------------------------------
[2025-11-21 08:40:25] Starting projection 12 / 750: k=20, seed=1029, tol=1e-05, L1=0.1
[2025-11-21 08:40:25] --------------------------------------------
[2025-11-21 08:40:25] Skipping run (already completed)
	completed 211.2 hours ago at 2025-11-12T18:29:36Z UTC
	location: /zata/zippy/kresgeb/nmf_stuff/dlPFC/data/batched_projection/proj_k20_seed1029_tol1e-05_L10.1.rds
[2025-11-21 08:40:25] --------------------------------------------
[2025-11-21 08:40:25] Starting projection 13 / 750: k=30, seed=1029, tol=1e-05, L1=0.1
[2025-11-21 08:40:25] --------------------------------------------
[2025-11-21 08:40:25] Skipping run (already completed)
	completed 211.2 hours ago at 2025-11-12T18:29:44Z UTC
	location: /zata/zippy/kresgeb/nmf_stuff/dlPFC/data/batched_projection/proj_k30_seed1029_tol1e-05_L10.1.rds
[2025-11-21 08:40:25] --------------------------------------------
[2025-11-21 08:40:25] Starting projection 14 / 750: k=40, seed=1029, tol=1e-05, L1=0.1
[2025-11-21 08:40:25] --------------------------------------------
[2025-11-21 08:40:25] Skipping run (already completed)
	completed 211.2 hours ago at 2025-11-12T18:29:54Z UTC
	location: /zata/zippy/kresgeb/nmf_stuff/dlPFC/data/batched_projection/proj_k40_seed1029_tol1e-05_L10.1.rds
[2025-11-21 08:40:25] --------------------------------------------
[2025-11-21 08:40:25] Starting projection 15 / 750: k=50, seed=1029, tol=1e-05, L1=0.1
[2025-11-21 08:40:25] --------------------------------------------
[2025-11-21 08:40:25] Skipping run (already completed)
	completed 211.2 hours ago at 2025-11-12T18:30:02Z UTC
	location: /zata/zippy/kresgeb/nmf_stuff/dlPFC/data/batched_projection/proj_k50_seed1029_tol1e-05_L10.1.rds
[2025-11-21 08:40:25] --------------------------------------------
[2025-11-21 08:40:25] Starting projection 16 / 750: k=60, seed=1029, tol=1e-05, L1=0.1
[2025-11-21 08:40:25] --------------------------------------------
[2025-11-21 08:40:25] Skipping run (already completed)
	completed 211.2 hours ago at 2025-11-12T18:30:11Z UTC
	location: /zata/zippy/kresgeb/nmf_stuff/dlPFC/data/batched_projection/proj_k60_seed1029_tol1e-05_L10.1.rds
[2025-11-21 08:40:25] --------------------------------------------
[2025-11-21 08:40:25] Starting projection 17 / 750: k=70, seed=1029, tol=1e-05, L1=0.1
[2025-11-21 08:40:25] --------------------------------------------
[2025-11-21 08:40:25] Skipping run (already completed)
	completed 211.2 hours ago at 2025-11-12T18:30:20Z UTC
	location: /zata/zippy/kresgeb/nmf_stuff/dlPFC/data/batched_projection/proj_k70_seed1029_tol1e-05_L10.1.rds
[2025-11-21 08:40:25] --------------------------------------------
[2025-11-21 08:40:25] Starting projection 18 / 750: k=80, seed=1029, tol=1e-05, L1=0.1
[2025-11-21 08:40:25] --------------------------------------------
[2025-11-21 08:40:25] Skipping run (already completed)
	completed 211.2 hours ago at 2025-11-12T18:30:34Z UTC
	location: /zata/zippy/kresgeb/nmf_stuff/dlPFC/data/batched_projection/proj_k80_seed1029_tol1e-05_L10.1.rds
[2025-11-21 08:40:25] --------------------------------------------
[2025-11-21 08:40:25] Starting projection 19 / 750: k=90, seed=1029, tol=1e-05, L1=0.1
[2025-11-21 08:40:25] --------------------------------------------
[2025-11-21 08:40:25] Skipping run (already completed)
	completed 211.2 hours ago at 2025-11-12T18:30:48Z UTC
	location: /zata/zippy/kresgeb/nmf_stuff/dlPFC/data/batched_projection/proj_k90_seed1029_tol1e-05_L10.1.rds
[2025-11-21 08:40:25] --------------------------------------------
[2025-11-21 08:40:25] Starting projection 20 / 750: k=100, seed=1029, tol=1e-05, L1=0.1
[2025-11-21 08:40:25] --------------------------------------------
[2025-11-21 08:40:25] Skipping run (already completed)
	completed 211.2 hours ago at 2025-11-12T18:31:02Z UTC
	location: /zata/zippy/kresgeb/nmf_stuff/dlPFC/data/batched_projection/proj_k100_seed1029_tol1e-05_L10.1.rds
[2025-11-21 08:40:25] --------------------------------------------
[2025-11-21 08:40:25] Starting projection 21 / 750: k=10, seed=31415, tol=1e-05, L1=0.1
[2025-11-21 08:40:25] --------------------------------------------
[2025-11-21 08:40:25] Skipping run (already completed)
	completed 211.2 hours ago at 2025-11-12T18:31:10Z UTC
	location: /zata/zippy/kresgeb/nmf_stuff/dlPFC/data/batched_projection/proj_k10_seed31415_tol1e-05_L10.1.rds
[2025-11-21 08:40:25] --------------------------------------------
[2025-11-21 08:40:25] Starting projection 22 / 750: k=20, seed=31415, tol=1e-05, L1=0.1
[2025-11-21 08:40:25] --------------------------------------------
[2025-11-21 08:40:25] Skipping run (already completed)
	completed 211.2 hours ago at 2025-11-12T18:31:17Z UTC
	location: /zata/zippy/kresgeb/nmf_stuff/dlPFC/data/batched_projection/proj_k20_seed31415_tol1e-05_L10.1.rds
[2025-11-21 08:40:25] --------------------------------------------
[2025-11-21 08:40:25] Starting projection 23 / 750: k=30, seed=31415, tol=1e-05, L1=0.1
[2025-11-21 08:40:25] --------------------------------------------
[2025-11-21 08:40:25] Skipping run (already completed)
	completed 211.1 hours ago at 2025-11-12T18:31:26Z UTC
	location: /zata/zippy/kresgeb/nmf_stuff/dlPFC/data/batched_projection/proj_k30_seed31415_tol1e-05_L10.1.rds
[2025-11-21 08:40:25] --------------------------------------------
[2025-11-21 08:40:25] Starting projection 24 / 750: k=40, seed=31415, tol=1e-05, L1=0.1
[2025-11-21 08:40:25] --------------------------------------------
[2025-11-21 08:40:25] Skipping run (already completed)
	completed 211.1 hours ago at 2025-11-12T18:31:35Z UTC
	location: /zata/zippy/kresgeb/nmf_stuff/dlPFC/data/batched_projection/proj_k40_seed31415_tol1e-05_L10.1.rds
[2025-11-21 08:40:25] --------------------------------------------
[2025-11-21 08:40:25] Starting projection 25 / 750: k=50, seed=31415, tol=1e-05, L1=0.1
[2025-11-21 08:40:25] --------------------------------------------
[2025-11-21 08:40:25] Skipping run (already completed)
	completed 211.1 hours ago at 2025-11-12T18:31:45Z UTC
	location: /zata/zippy/kresgeb/nmf_stuff/dlPFC/data/batched_projection/proj_k50_seed31415_tol1e-05_L10.1.rds
[2025-11-21 08:40:25] --------------------------------------------
[2025-11-21 08:40:25] Starting projection 26 / 750: k=60, seed=31415, tol=1e-05, L1=0.1
[2025-11-21 08:40:25] --------------------------------------------
[2025-11-21 08:40:25] Skipping run (already completed)
	completed 211.1 hours ago at 2025-11-12T18:31:53Z UTC
	location: /zata/zippy/kresgeb/nmf_stuff/dlPFC/data/batched_projection/proj_k60_seed31415_tol1e-05_L10.1.rds
[2025-11-21 08:40:25] --------------------------------------------
[2025-11-21 08:40:25] Starting projection 27 / 750: k=70, seed=31415, tol=1e-05, L1=0.1
[2025-11-21 08:40:25] --------------------------------------------
[2025-11-21 08:40:25] Skipping run (already completed)
	completed 211.1 hours ago at 2025-11-12T18:32:05Z UTC
	location: /zata/zippy/kresgeb/nmf_stuff/dlPFC/data/batched_projection/proj_k70_seed31415_tol1e-05_L10.1.rds
[2025-11-21 08:40:25] --------------------------------------------
[2025-11-21 08:40:25] Starting projection 28 / 750: k=80, seed=31415, tol=1e-05, L1=0.1
[2025-11-21 08:40:25] --------------------------------------------
[2025-11-21 08:40:25] Skipping run (already completed)
	completed 211.1 hours ago at 2025-11-12T18:32:18Z UTC
	location: /zata/zippy/kresgeb/nmf_stuff/dlPFC/data/batched_projection/proj_k80_seed31415_tol1e-05_L10.1.rds
[2025-11-21 08:40:25] --------------------------------------------
[2025-11-21 08:40:25] Starting projection 29 / 750: k=90, seed=31415, tol=1e-05, L1=0.1
[2025-11-21 08:40:25] --------------------------------------------
[2025-11-21 08:40:25] Skipping run (already completed)
	completed 211.1 hours ago at 2025-11-12T18:32:30Z UTC
	location: /zata/zippy/kresgeb/nmf_stuff/dlPFC/data/batched_projection/proj_k90_seed31415_tol1e-05_L10.1.rds
[2025-11-21 08:40:25] --------------------------------------------
[2025-11-21 08:40:25] Starting projection 30 / 750: k=100, seed=31415, tol=1e-05, L1=0.1
[2025-11-21 08:40:25] --------------------------------------------
[2025-11-21 08:40:26] Skipping run (already completed)
	completed 211.1 hours ago at 2025-11-12T18:32:39Z UTC
	location: /zata/zippy/kresgeb/nmf_stuff/dlPFC/data/batched_projection/proj_k100_seed31415_tol1e-05_L10.1.rds
[2025-11-21 08:40:26] --------------------------------------------
[2025-11-21 08:40:26] Starting projection 31 / 750: k=10, seed=120301, tol=1e-05, L1=0.1
[2025-11-21 08:40:26] --------------------------------------------
[2025-11-21 08:40:26] Skipping run (already completed)
	completed 211.1 hours ago at 2025-11-12T18:32:43Z UTC
	location: /zata/zippy/kresgeb/nmf_stuff/dlPFC/data/batched_projection/proj_k10_seed120301_tol1e-05_L10.1.rds
[2025-11-21 08:40:26] --------------------------------------------
[2025-11-21 08:40:26] Starting projection 32 / 750: k=20, seed=120301, tol=1e-05, L1=0.1
[2025-11-21 08:40:26] --------------------------------------------
[2025-11-21 08:40:26] Skipping run (already completed)
	completed 211.1 hours ago at 2025-11-12T18:32:48Z UTC
	location: /zata/zippy/kresgeb/nmf_stuff/dlPFC/data/batched_projection/proj_k20_seed120301_tol1e-05_L10.1.rds
[2025-11-21 08:40:26] --------------------------------------------
[2025-11-21 08:40:26] Starting projection 33 / 750: k=30, seed=120301, tol=1e-05, L1=0.1
[2025-11-21 08:40:26] --------------------------------------------
[2025-11-21 08:40:26] Skipping run (already completed)
	completed 211.1 hours ago at 2025-11-12T18:32:56Z UTC
	location: /zata/zippy/kresgeb/nmf_stuff/dlPFC/data/batched_projection/proj_k30_seed120301_tol1e-05_L10.1.rds
[2025-11-21 08:40:26] --------------------------------------------
[2025-11-21 08:40:26] Starting projection 34 / 750: k=40, seed=120301, tol=1e-05, L1=0.1
[2025-11-21 08:40:26] --------------------------------------------
[2025-11-21 08:40:26] Skipping run (already completed)
	completed 211.1 hours ago at 2025-11-12T18:33:01Z UTC
	location: /zata/zippy/kresgeb/nmf_stuff/dlPFC/data/batched_projection/proj_k40_seed120301_tol1e-05_L10.1.rds
[2025-11-21 08:40:26] --------------------------------------------
[2025-11-21 08:40:26] Starting projection 35 / 750: k=50, seed=120301, tol=1e-05, L1=0.1
[2025-11-21 08:40:26] --------------------------------------------
[2025-11-21 08:40:26] Skipping run (already completed)
	completed 211.1 hours ago at 2025-11-12T18:33:06Z UTC
	location: /zata/zippy/kresgeb/nmf_stuff/dlPFC/data/batched_projection/proj_k50_seed120301_tol1e-05_L10.1.rds
[2025-11-21 08:40:26] --------------------------------------------
[2025-11-21 08:40:26] Starting projection 36 / 750: k=60, seed=120301, tol=1e-05, L1=0.1
[2025-11-21 08:40:26] --------------------------------------------
[2025-11-21 08:40:26] Skipping run (already completed)
	completed 211.1 hours ago at 2025-11-12T18:33:12Z UTC
	location: /zata/zippy/kresgeb/nmf_stuff/dlPFC/data/batched_projection/proj_k60_seed120301_tol1e-05_L10.1.rds
[2025-11-21 08:40:26] --------------------------------------------
[2025-11-21 08:40:26] Starting projection 37 / 750: k=70, seed=120301, tol=1e-05, L1=0.1
[2025-11-21 08:40:26] --------------------------------------------
[2025-11-21 08:40:26] Skipping run (already completed)
	completed 211.1 hours ago at 2025-11-12T18:33:19Z UTC
	location: /zata/zippy/kresgeb/nmf_stuff/dlPFC/data/batched_projection/proj_k70_seed120301_tol1e-05_L10.1.rds
[2025-11-21 08:40:26] --------------------------------------------
[2025-11-21 08:40:26] Starting projection 38 / 750: k=80, seed=120301, tol=1e-05, L1=0.1
[2025-11-21 08:40:26] --------------------------------------------
[2025-11-21 08:40:26] Skipping run (already completed)
	completed 211.1 hours ago at 2025-11-12T18:33:26Z UTC
	location: /zata/zippy/kresgeb/nmf_stuff/dlPFC/data/batched_projection/proj_k80_seed120301_tol1e-05_L10.1.rds
[2025-11-21 08:40:26] --------------------------------------------
[2025-11-21 08:40:26] Starting projection 39 / 750: k=90, seed=120301, tol=1e-05, L1=0.1
[2025-11-21 08:40:26] --------------------------------------------
[2025-11-21 08:40:26] Skipping run (already completed)
	completed 211.1 hours ago at 2025-11-12T18:33:36Z UTC
	location: /zata/zippy/kresgeb/nmf_stuff/dlPFC/data/batched_projection/proj_k90_seed120301_tol1e-05_L10.1.rds
[2025-11-21 08:40:26] --------------------------------------------
[2025-11-21 08:40:26] Starting projection 40 / 750: k=100, seed=120301, tol=1e-05, L1=0.1
[2025-11-21 08:40:26] --------------------------------------------
[2025-11-21 08:40:26] Skipping run (already completed)
	completed 211.1 hours ago at 2025-11-12T18:33:44Z UTC
	location: /zata/zippy/kresgeb/nmf_stuff/dlPFC/data/batched_projection/proj_k100_seed120301_tol1e-05_L10.1.rds
[2025-11-21 08:40:26] --------------------------------------------
[2025-11-21 08:40:26] Starting projection 41 / 750: k=10, seed=2025, tol=1e-05, L1=0.1
[2025-11-21 08:40:26] --------------------------------------------
[2025-11-21 08:40:26] Skipping run (already completed)
	completed 211.1 hours ago at 2025-11-12T18:33:48Z UTC
	location: /zata/zippy/kresgeb/nmf_stuff/dlPFC/data/batched_projection/proj_k10_seed2025_tol1e-05_L10.1.rds
[2025-11-21 08:40:26] --------------------------------------------
[2025-11-21 08:40:26] Starting projection 42 / 750: k=20, seed=2025, tol=1e-05, L1=0.1
[2025-11-21 08:40:26] --------------------------------------------
[2025-11-21 08:40:26] Skipping run (already completed)
	completed 211.1 hours ago at 2025-11-12T18:33:53Z UTC
	location: /zata/zippy/kresgeb/nmf_stuff/dlPFC/data/batched_projection/proj_k20_seed2025_tol1e-05_L10.1.rds
[2025-11-21 08:40:26] --------------------------------------------
[2025-11-21 08:40:26] Starting projection 43 / 750: k=30, seed=2025, tol=1e-05, L1=0.1
[2025-11-21 08:40:26] --------------------------------------------
[2025-11-21 08:40:26] Skipping run (already completed)
	completed 211.1 hours ago at 2025-11-12T18:33:57Z UTC
	location: /zata/zippy/kresgeb/nmf_stuff/dlPFC/data/batched_projection/proj_k30_seed2025_tol1e-05_L10.1.rds
[2025-11-21 08:40:26] --------------------------------------------
[2025-11-21 08:40:26] Starting projection 44 / 750: k=40, seed=2025, tol=1e-05, L1=0.1
[2025-11-21 08:40:26] --------------------------------------------
[2025-11-21 08:40:26] Skipping run (already completed)
	completed 211.1 hours ago at 2025-11-12T18:34:05Z UTC
	location: /zata/zippy/kresgeb/nmf_stuff/dlPFC/data/batched_projection/proj_k40_seed2025_tol1e-05_L10.1.rds
[2025-11-21 08:40:26] --------------------------------------------
[2025-11-21 08:40:26] Starting projection 45 / 750: k=50, seed=2025, tol=1e-05, L1=0.1
[2025-11-21 08:40:26] --------------------------------------------
[2025-11-21 08:40:26] Skipping run (already completed)
	completed 211.1 hours ago at 2025-11-12T18:34:11Z UTC
	location: /zata/zippy/kresgeb/nmf_stuff/dlPFC/data/batched_projection/proj_k50_seed2025_tol1e-05_L10.1.rds
[2025-11-21 08:40:26] --------------------------------------------
[2025-11-21 08:40:26] Starting projection 46 / 750: k=60, seed=2025, tol=1e-05, L1=0.1
[2025-11-21 08:40:26] --------------------------------------------
[2025-11-21 08:40:26] Skipping run (already completed)
	completed 211.1 hours ago at 2025-11-12T18:34:16Z UTC
	location: /zata/zippy/kresgeb/nmf_stuff/dlPFC/data/batched_projection/proj_k60_seed2025_tol1e-05_L10.1.rds
[2025-11-21 08:40:26] --------------------------------------------
[2025-11-21 08:40:26] Starting projection 47 / 750: k=70, seed=2025, tol=1e-05, L1=0.1
[2025-11-21 08:40:26] --------------------------------------------
[2025-11-21 08:40:26] Skipping run (already completed)
	completed 211.1 hours ago at 2025-11-12T18:34:22Z UTC
	location: /zata/zippy/kresgeb/nmf_stuff/dlPFC/data/batched_projection/proj_k70_seed2025_tol1e-05_L10.1.rds
[2025-11-21 08:40:26] --------------------------------------------
[2025-11-21 08:40:26] Starting projection 48 / 750: k=80, seed=2025, tol=1e-05, L1=0.1
[2025-11-21 08:40:26] --------------------------------------------
[2025-11-21 08:40:26] Skipping run (already completed)
	completed 211.1 hours ago at 2025-11-12T18:34:29Z UTC
	location: /zata/zippy/kresgeb/nmf_stuff/dlPFC/data/batched_projection/proj_k80_seed2025_tol1e-05_L10.1.rds
[2025-11-21 08:40:26] --------------------------------------------
[2025-11-21 08:40:26] Starting projection 49 / 750: k=90, seed=2025, tol=1e-05, L1=0.1
[2025-11-21 08:40:26] --------------------------------------------
[2025-11-21 08:40:26] Skipping run (already completed)
	completed 211.1 hours ago at 2025-11-12T18:34:35Z UTC
	location: /zata/zippy/kresgeb/nmf_stuff/dlPFC/data/batched_projection/proj_k90_seed2025_tol1e-05_L10.1.rds
[2025-11-21 08:40:26] --------------------------------------------
[2025-11-21 08:40:26] Starting projection 50 / 750: k=100, seed=2025, tol=1e-05, L1=0.1
[2025-11-21 08:40:26] --------------------------------------------
[2025-11-21 08:40:26] Skipping run (already completed)
	completed 211.1 hours ago at 2025-11-12T18:34:46Z UTC
	location: /zata/zippy/kresgeb/nmf_stuff/dlPFC/data/batched_projection/proj_k100_seed2025_tol1e-05_L10.1.rds
[2025-11-21 08:40:26] --------------------------------------------
[2025-11-21 08:40:26] Starting projection 51 / 750: k=10, seed=42, tol=1e-06, L1=0.1
[2025-11-21 08:40:26] --------------------------------------------
[2025-11-21 08:40:26] Skipping run (already completed)
	completed 211.1 hours ago at 2025-11-12T18:34:51Z UTC
	location: /zata/zippy/kresgeb/nmf_stuff/dlPFC/data/batched_projection/proj_k10_seed42_tol1e-06_L10.1.rds
[2025-11-21 08:40:26] --------------------------------------------
[2025-11-21 08:40:26] Starting projection 52 / 750: k=20, seed=42, tol=1e-06, L1=0.1
[2025-11-21 08:40:26] --------------------------------------------
[2025-11-21 08:40:26] Skipping run (already completed)
	completed 211.1 hours ago at 2025-11-12T18:34:57Z UTC
	location: /zata/zippy/kresgeb/nmf_stuff/dlPFC/data/batched_projection/proj_k20_seed42_tol1e-06_L10.1.rds
[2025-11-21 08:40:26] --------------------------------------------
[2025-11-21 08:40:26] Starting projection 53 / 750: k=30, seed=42, tol=1e-06, L1=0.1
[2025-11-21 08:40:26] --------------------------------------------
[2025-11-21 08:40:27] Skipping run (already completed)
	completed 211.1 hours ago at 2025-11-12T18:35:04Z UTC
	location: /zata/zippy/kresgeb/nmf_stuff/dlPFC/data/batched_projection/proj_k30_seed42_tol1e-06_L10.1.rds
[2025-11-21 08:40:27] --------------------------------------------
[2025-11-21 08:40:27] Starting projection 54 / 750: k=40, seed=42, tol=1e-06, L1=0.1
[2025-11-21 08:40:27] --------------------------------------------
[2025-11-21 08:40:27] Skipping run (already completed)
	completed 211.1 hours ago at 2025-11-12T18:35:12Z UTC
	location: /zata/zippy/kresgeb/nmf_stuff/dlPFC/data/batched_projection/proj_k40_seed42_tol1e-06_L10.1.rds
[2025-11-21 08:40:27] --------------------------------------------
[2025-11-21 08:40:27] Starting projection 55 / 750: k=50, seed=42, tol=1e-06, L1=0.1
[2025-11-21 08:40:27] --------------------------------------------
[2025-11-21 08:40:27] Skipping run (already completed)
	completed 211.1 hours ago at 2025-11-12T18:35:19Z UTC
	location: /zata/zippy/kresgeb/nmf_stuff/dlPFC/data/batched_projection/proj_k50_seed42_tol1e-06_L10.1.rds
[2025-11-21 08:40:27] --------------------------------------------
[2025-11-21 08:40:27] Starting projection 56 / 750: k=60, seed=42, tol=1e-06, L1=0.1
[2025-11-21 08:40:27] --------------------------------------------
[2025-11-21 08:40:27] Skipping run (already completed)
	completed 211.1 hours ago at 2025-11-12T18:35:26Z UTC
	location: /zata/zippy/kresgeb/nmf_stuff/dlPFC/data/batched_projection/proj_k60_seed42_tol1e-06_L10.1.rds
[2025-11-21 08:40:27] --------------------------------------------
[2025-11-21 08:40:27] Starting projection 57 / 750: k=70, seed=42, tol=1e-06, L1=0.1
[2025-11-21 08:40:27] --------------------------------------------
[2025-11-21 08:40:27] Skipping run (already completed)
	completed 211.1 hours ago at 2025-11-12T18:35:42Z UTC
	location: /zata/zippy/kresgeb/nmf_stuff/dlPFC/data/batched_projection/proj_k70_seed42_tol1e-06_L10.1.rds
[2025-11-21 08:40:27] --------------------------------------------
[2025-11-21 08:40:27] Starting projection 58 / 750: k=80, seed=42, tol=1e-06, L1=0.1
[2025-11-21 08:40:27] --------------------------------------------
[2025-11-21 08:40:27] Skipping run (already completed)
	completed 211.1 hours ago at 2025-11-12T18:35:52Z UTC
	location: /zata/zippy/kresgeb/nmf_stuff/dlPFC/data/batched_projection/proj_k80_seed42_tol1e-06_L10.1.rds
[2025-11-21 08:40:27] --------------------------------------------
[2025-11-21 08:40:27] Starting projection 59 / 750: k=90, seed=42, tol=1e-06, L1=0.1
[2025-11-21 08:40:27] --------------------------------------------
[2025-11-21 08:40:27] Skipping run (already completed)
	completed 211.1 hours ago at 2025-11-12T18:36:04Z UTC
	location: /zata/zippy/kresgeb/nmf_stuff/dlPFC/data/batched_projection/proj_k90_seed42_tol1e-06_L10.1.rds
[2025-11-21 08:40:27] --------------------------------------------
[2025-11-21 08:40:27] Starting projection 60 / 750: k=100, seed=42, tol=1e-06, L1=0.1
[2025-11-21 08:40:27] --------------------------------------------
[2025-11-21 08:40:27] Skipping run (already completed)
	completed 211.1 hours ago at 2025-11-12T18:36:18Z UTC
	location: /zata/zippy/kresgeb/nmf_stuff/dlPFC/data/batched_projection/proj_k100_seed42_tol1e-06_L10.1.rds
[2025-11-21 08:40:27] --------------------------------------------
[2025-11-21 08:40:27] Starting projection 61 / 750: k=10, seed=1029, tol=1e-06, L1=0.1
[2025-11-21 08:40:27] --------------------------------------------
[2025-11-21 08:40:27] Skipping run (already completed)
	completed 211.1 hours ago at 2025-11-12T18:36:24Z UTC
	location: /zata/zippy/kresgeb/nmf_stuff/dlPFC/data/batched_projection/proj_k10_seed1029_tol1e-06_L10.1.rds
[2025-11-21 08:40:27] --------------------------------------------
[2025-11-21 08:40:27] Starting projection 62 / 750: k=20, seed=1029, tol=1e-06, L1=0.1
[2025-11-21 08:40:27] --------------------------------------------
[2025-11-21 08:40:27] Skipping run (already completed)
	completed 211.1 hours ago at 2025-11-12T18:36:30Z UTC
	location: /zata/zippy/kresgeb/nmf_stuff/dlPFC/data/batched_projection/proj_k20_seed1029_tol1e-06_L10.1.rds
[2025-11-21 08:40:27] --------------------------------------------
[2025-11-21 08:40:27] Starting projection 63 / 750: k=30, seed=1029, tol=1e-06, L1=0.1
[2025-11-21 08:40:27] --------------------------------------------
[2025-11-21 08:40:27] Skipping run (already completed)
	completed 211.1 hours ago at 2025-11-12T18:36:37Z UTC
	location: /zata/zippy/kresgeb/nmf_stuff/dlPFC/data/batched_projection/proj_k30_seed1029_tol1e-06_L10.1.rds
[2025-11-21 08:40:27] --------------------------------------------
[2025-11-21 08:40:27] Starting projection 64 / 750: k=40, seed=1029, tol=1e-06, L1=0.1
[2025-11-21 08:40:27] --------------------------------------------
[2025-11-21 08:40:27] Skipping run (already completed)
	completed 211.1 hours ago at 2025-11-12T18:36:47Z UTC
	location: /zata/zippy/kresgeb/nmf_stuff/dlPFC/data/batched_projection/proj_k40_seed1029_tol1e-06_L10.1.rds
[2025-11-21 08:40:27] --------------------------------------------
[2025-11-21 08:40:27] Starting projection 65 / 750: k=50, seed=1029, tol=1e-06, L1=0.1
[2025-11-21 08:40:27] --------------------------------------------
[2025-11-21 08:40:27] Skipping run (already completed)
	completed 211.1 hours ago at 2025-11-12T18:36:56Z UTC
	location: /zata/zippy/kresgeb/nmf_stuff/dlPFC/data/batched_projection/proj_k50_seed1029_tol1e-06_L10.1.rds
[2025-11-21 08:40:27] --------------------------------------------
[2025-11-21 08:40:27] Starting projection 66 / 750: k=60, seed=1029, tol=1e-06, L1=0.1
[2025-11-21 08:40:27] --------------------------------------------
[2025-11-21 08:40:27] Skipping run (already completed)
	completed 211.1 hours ago at 2025-11-12T18:37:08Z UTC
	location: /zata/zippy/kresgeb/nmf_stuff/dlPFC/data/batched_projection/proj_k60_seed1029_tol1e-06_L10.1.rds
[2025-11-21 08:40:27] --------------------------------------------
[2025-11-21 08:40:27] Starting projection 67 / 750: k=70, seed=1029, tol=1e-06, L1=0.1
[2025-11-21 08:40:27] --------------------------------------------
[2025-11-21 08:40:27] Skipping run (already completed)
	completed 211.1 hours ago at 2025-11-12T18:37:20Z UTC
	location: /zata/zippy/kresgeb/nmf_stuff/dlPFC/data/batched_projection/proj_k70_seed1029_tol1e-06_L10.1.rds
[2025-11-21 08:40:27] --------------------------------------------
[2025-11-21 08:40:27] Starting projection 68 / 750: k=80, seed=1029, tol=1e-06, L1=0.1
[2025-11-21 08:40:27] --------------------------------------------
[2025-11-21 08:40:27] Skipping run (already completed)
	completed 211.0 hours ago at 2025-11-12T18:37:34Z UTC
	location: /zata/zippy/kresgeb/nmf_stuff/dlPFC/data/batched_projection/proj_k80_seed1029_tol1e-06_L10.1.rds
[2025-11-21 08:40:27] --------------------------------------------
[2025-11-21 08:40:27] Starting projection 69 / 750: k=90, seed=1029, tol=1e-06, L1=0.1
[2025-11-21 08:40:27] --------------------------------------------
[2025-11-21 08:40:27] Skipping run (already completed)
	completed 211.0 hours ago at 2025-11-12T18:37:45Z UTC
	location: /zata/zippy/kresgeb/nmf_stuff/dlPFC/data/batched_projection/proj_k90_seed1029_tol1e-06_L10.1.rds
[2025-11-21 08:40:27] --------------------------------------------
[2025-11-21 08:40:27] Starting projection 70 / 750: k=100, seed=1029, tol=1e-06, L1=0.1
[2025-11-21 08:40:27] --------------------------------------------
[2025-11-21 08:40:27] Skipping run (already completed)
	completed 211.0 hours ago at 2025-11-12T18:38:01Z UTC
	location: /zata/zippy/kresgeb/nmf_stuff/dlPFC/data/batched_projection/proj_k100_seed1029_tol1e-06_L10.1.rds
[2025-11-21 08:40:27] --------------------------------------------
[2025-11-21 08:40:27] Starting projection 71 / 750: k=10, seed=31415, tol=1e-06, L1=0.1
[2025-11-21 08:40:27] --------------------------------------------
[2025-11-21 08:40:27] Skipping run (already completed)
	completed 211.0 hours ago at 2025-11-12T18:38:09Z UTC
	location: /zata/zippy/kresgeb/nmf_stuff/dlPFC/data/batched_projection/proj_k10_seed31415_tol1e-06_L10.1.rds
[2025-11-21 08:40:27] --------------------------------------------
[2025-11-21 08:40:27] Starting projection 72 / 750: k=20, seed=31415, tol=1e-06, L1=0.1
[2025-11-21 08:40:27] --------------------------------------------
[2025-11-21 08:40:27] Skipping run (already completed)
	completed 211.0 hours ago at 2025-11-12T18:38:18Z UTC
	location: /zata/zippy/kresgeb/nmf_stuff/dlPFC/data/batched_projection/proj_k20_seed31415_tol1e-06_L10.1.rds
[2025-11-21 08:40:27] --------------------------------------------
[2025-11-21 08:40:27] Starting projection 73 / 750: k=30, seed=31415, tol=1e-06, L1=0.1
[2025-11-21 08:40:27] --------------------------------------------
[2025-11-21 08:40:27] Skipping run (already completed)
	completed 211.0 hours ago at 2025-11-12T18:38:28Z UTC
	location: /zata/zippy/kresgeb/nmf_stuff/dlPFC/data/batched_projection/proj_k30_seed31415_tol1e-06_L10.1.rds
[2025-11-21 08:40:27] --------------------------------------------
[2025-11-21 08:40:27] Starting projection 74 / 750: k=40, seed=31415, tol=1e-06, L1=0.1
[2025-11-21 08:40:27] --------------------------------------------
[2025-11-21 08:40:27] Skipping run (already completed)
	completed 211.0 hours ago at 2025-11-12T18:38:35Z UTC
	location: /zata/zippy/kresgeb/nmf_stuff/dlPFC/data/batched_projection/proj_k40_seed31415_tol1e-06_L10.1.rds
[2025-11-21 08:40:27] --------------------------------------------
[2025-11-21 08:40:27] Starting projection 75 / 750: k=50, seed=31415, tol=1e-06, L1=0.1
[2025-11-21 08:40:27] --------------------------------------------
[2025-11-21 08:40:28] Skipping run (already completed)
	completed 211.0 hours ago at 2025-11-12T18:38:42Z UTC
	location: /zata/zippy/kresgeb/nmf_stuff/dlPFC/data/batched_projection/proj_k50_seed31415_tol1e-06_L10.1.rds
[2025-11-21 08:40:28] --------------------------------------------
[2025-11-21 08:40:28] Starting projection 76 / 750: k=60, seed=31415, tol=1e-06, L1=0.1
[2025-11-21 08:40:28] --------------------------------------------
[2025-11-21 08:40:28] Skipping run (already completed)
	completed 211.0 hours ago at 2025-11-12T18:38:51Z UTC
	location: /zata/zippy/kresgeb/nmf_stuff/dlPFC/data/batched_projection/proj_k60_seed31415_tol1e-06_L10.1.rds
[2025-11-21 08:40:28] --------------------------------------------
[2025-11-21 08:40:28] Starting projection 77 / 750: k=70, seed=31415, tol=1e-06, L1=0.1
[2025-11-21 08:40:28] --------------------------------------------
[2025-11-21 08:40:28] Skipping run (already completed)
	completed 211.0 hours ago at 2025-11-12T18:39:00Z UTC
	location: /zata/zippy/kresgeb/nmf_stuff/dlPFC/data/batched_projection/proj_k70_seed31415_tol1e-06_L10.1.rds
[2025-11-21 08:40:28] --------------------------------------------
[2025-11-21 08:40:28] Starting projection 78 / 750: k=80, seed=31415, tol=1e-06, L1=0.1
[2025-11-21 08:40:28] --------------------------------------------
[2025-11-21 08:40:28] Skipping run (already completed)
	completed 211.0 hours ago at 2025-11-12T18:39:16Z UTC
	location: /zata/zippy/kresgeb/nmf_stuff/dlPFC/data/batched_projection/proj_k80_seed31415_tol1e-06_L10.1.rds
[2025-11-21 08:40:28] --------------------------------------------
[2025-11-21 08:40:28] Starting projection 79 / 750: k=90, seed=31415, tol=1e-06, L1=0.1
[2025-11-21 08:40:28] --------------------------------------------
[2025-11-21 08:40:28] Skipping run (already completed)
	completed 211.0 hours ago at 2025-11-12T18:39:27Z UTC
	location: /zata/zippy/kresgeb/nmf_stuff/dlPFC/data/batched_projection/proj_k90_seed31415_tol1e-06_L10.1.rds
[2025-11-21 08:40:28] --------------------------------------------
[2025-11-21 08:40:28] Starting projection 80 / 750: k=100, seed=31415, tol=1e-06, L1=0.1
[2025-11-21 08:40:28] --------------------------------------------
[2025-11-21 08:40:28] Skipping run (already completed)
	completed 211.0 hours ago at 2025-11-12T18:39:43Z UTC
	location: /zata/zippy/kresgeb/nmf_stuff/dlPFC/data/batched_projection/proj_k100_seed31415_tol1e-06_L10.1.rds
[2025-11-21 08:40:28] --------------------------------------------
[2025-11-21 08:40:28] Starting projection 81 / 750: k=10, seed=120301, tol=1e-06, L1=0.1
[2025-11-21 08:40:28] --------------------------------------------
[2025-11-21 08:40:28] Skipping run (already completed)
	completed 211.0 hours ago at 2025-11-12T18:39:50Z UTC
	location: /zata/zippy/kresgeb/nmf_stuff/dlPFC/data/batched_projection/proj_k10_seed120301_tol1e-06_L10.1.rds
[2025-11-21 08:40:28] --------------------------------------------
[2025-11-21 08:40:28] Starting projection 82 / 750: k=20, seed=120301, tol=1e-06, L1=0.1
[2025-11-21 08:40:28] --------------------------------------------
[2025-11-21 08:40:28] Skipping run (already completed)
	completed 211.0 hours ago at 2025-11-12T18:39:57Z UTC
	location: /zata/zippy/kresgeb/nmf_stuff/dlPFC/data/batched_projection/proj_k20_seed120301_tol1e-06_L10.1.rds
[2025-11-21 08:40:28] --------------------------------------------
[2025-11-21 08:40:28] Starting projection 83 / 750: k=30, seed=120301, tol=1e-06, L1=0.1
[2025-11-21 08:40:28] --------------------------------------------
[2025-11-21 08:40:28] Skipping run (already completed)
	completed 211.0 hours ago at 2025-11-12T18:40:04Z UTC
	location: /zata/zippy/kresgeb/nmf_stuff/dlPFC/data/batched_projection/proj_k30_seed120301_tol1e-06_L10.1.rds
[2025-11-21 08:40:28] --------------------------------------------
[2025-11-21 08:40:28] Starting projection 84 / 750: k=40, seed=120301, tol=1e-06, L1=0.1
[2025-11-21 08:40:28] --------------------------------------------
[2025-11-21 08:40:28] Skipping run (already completed)
	completed 211.0 hours ago at 2025-11-12T18:40:14Z UTC
	location: /zata/zippy/kresgeb/nmf_stuff/dlPFC/data/batched_projection/proj_k40_seed120301_tol1e-06_L10.1.rds
[2025-11-21 08:40:28] --------------------------------------------
[2025-11-21 08:40:28] Starting projection 85 / 750: k=50, seed=120301, tol=1e-06, L1=0.1
[2025-11-21 08:40:28] --------------------------------------------
[2025-11-21 08:40:28] Skipping run (already completed)
	completed 211.0 hours ago at 2025-11-12T18:40:25Z UTC
	location: /zata/zippy/kresgeb/nmf_stuff/dlPFC/data/batched_projection/proj_k50_seed120301_tol1e-06_L10.1.rds
[2025-11-21 08:40:28] --------------------------------------------
[2025-11-21 08:40:28] Starting projection 86 / 750: k=60, seed=120301, tol=1e-06, L1=0.1
[2025-11-21 08:40:28] --------------------------------------------
[2025-11-21 08:40:28] Skipping run (already completed)
	completed 211.0 hours ago at 2025-11-12T18:40:35Z UTC
	location: /zata/zippy/kresgeb/nmf_stuff/dlPFC/data/batched_projection/proj_k60_seed120301_tol1e-06_L10.1.rds
[2025-11-21 08:40:28] --------------------------------------------
[2025-11-21 08:40:28] Starting projection 87 / 750: k=70, seed=120301, tol=1e-06, L1=0.1
[2025-11-21 08:40:28] --------------------------------------------
[2025-11-21 08:40:28] Skipping run (already completed)
	completed 211.0 hours ago at 2025-11-12T18:40:47Z UTC
	location: /zata/zippy/kresgeb/nmf_stuff/dlPFC/data/batched_projection/proj_k70_seed120301_tol1e-06_L10.1.rds
[2025-11-21 08:40:28] --------------------------------------------
[2025-11-21 08:40:28] Starting projection 88 / 750: k=80, seed=120301, tol=1e-06, L1=0.1
[2025-11-21 08:40:28] --------------------------------------------
[2025-11-21 08:40:28] Skipping run (already completed)
	completed 211.0 hours ago at 2025-11-12T18:41:00Z UTC
	location: /zata/zippy/kresgeb/nmf_stuff/dlPFC/data/batched_projection/proj_k80_seed120301_tol1e-06_L10.1.rds
[2025-11-21 08:40:28] --------------------------------------------
[2025-11-21 08:40:28] Starting projection 89 / 750: k=90, seed=120301, tol=1e-06, L1=0.1
[2025-11-21 08:40:28] --------------------------------------------
[2025-11-21 08:40:28] Skipping run (already completed)
	completed 211.0 hours ago at 2025-11-12T18:41:15Z UTC
	location: /zata/zippy/kresgeb/nmf_stuff/dlPFC/data/batched_projection/proj_k90_seed120301_tol1e-06_L10.1.rds
[2025-11-21 08:40:28] --------------------------------------------
[2025-11-21 08:40:28] Starting projection 90 / 750: k=100, seed=120301, tol=1e-06, L1=0.1
[2025-11-21 08:40:28] --------------------------------------------
[2025-11-21 08:40:28] Skipping run (already completed)
	completed 211.0 hours ago at 2025-11-12T18:41:32Z UTC
	location: /zata/zippy/kresgeb/nmf_stuff/dlPFC/data/batched_projection/proj_k100_seed120301_tol1e-06_L10.1.rds
[2025-11-21 08:40:28] --------------------------------------------
[2025-11-21 08:40:28] Starting projection 91 / 750: k=10, seed=2025, tol=1e-06, L1=0.1
[2025-11-21 08:40:28] --------------------------------------------
[2025-11-21 08:40:28] Skipping run (already completed)
	completed 211.0 hours ago at 2025-11-12T18:41:39Z UTC
	location: /zata/zippy/kresgeb/nmf_stuff/dlPFC/data/batched_projection/proj_k10_seed2025_tol1e-06_L10.1.rds
[2025-11-21 08:40:28] --------------------------------------------
[2025-11-21 08:40:28] Starting projection 92 / 750: k=20, seed=2025, tol=1e-06, L1=0.1
[2025-11-21 08:40:28] --------------------------------------------
[2025-11-21 08:40:28] Skipping run (already completed)
	completed 211.0 hours ago at 2025-11-12T18:41:47Z UTC
	location: /zata/zippy/kresgeb/nmf_stuff/dlPFC/data/batched_projection/proj_k20_seed2025_tol1e-06_L10.1.rds
[2025-11-21 08:40:28] --------------------------------------------
[2025-11-21 08:40:28] Starting projection 93 / 750: k=30, seed=2025, tol=1e-06, L1=0.1
[2025-11-21 08:40:28] --------------------------------------------
[2025-11-21 08:40:28] Skipping run (already completed)
	completed 211.0 hours ago at 2025-11-12T18:41:57Z UTC
	location: /zata/zippy/kresgeb/nmf_stuff/dlPFC/data/batched_projection/proj_k30_seed2025_tol1e-06_L10.1.rds
[2025-11-21 08:40:28] --------------------------------------------
[2025-11-21 08:40:28] Starting projection 94 / 750: k=40, seed=2025, tol=1e-06, L1=0.1
[2025-11-21 08:40:28] --------------------------------------------
[2025-11-21 08:40:28] Skipping run (already completed)
	completed 211.0 hours ago at 2025-11-12T18:42:08Z UTC
	location: /zata/zippy/kresgeb/nmf_stuff/dlPFC/data/batched_projection/proj_k40_seed2025_tol1e-06_L10.1.rds
[2025-11-21 08:40:28] --------------------------------------------
[2025-11-21 08:40:28] Starting projection 95 / 750: k=50, seed=2025, tol=1e-06, L1=0.1
[2025-11-21 08:40:28] --------------------------------------------
[2025-11-21 08:40:28] Skipping run (already completed)
	completed 211.0 hours ago at 2025-11-12T18:42:16Z UTC
	location: /zata/zippy/kresgeb/nmf_stuff/dlPFC/data/batched_projection/proj_k50_seed2025_tol1e-06_L10.1.rds
[2025-11-21 08:40:28] --------------------------------------------
[2025-11-21 08:40:28] Starting projection 96 / 750: k=60, seed=2025, tol=1e-06, L1=0.1
[2025-11-21 08:40:28] --------------------------------------------
[2025-11-21 08:40:28] Skipping run (already completed)
	completed 211.0 hours ago at 2025-11-12T18:42:28Z UTC
	location: /zata/zippy/kresgeb/nmf_stuff/dlPFC/data/batched_projection/proj_k60_seed2025_tol1e-06_L10.1.rds
[2025-11-21 08:40:28] --------------------------------------------
[2025-11-21 08:40:28] Starting projection 97 / 750: k=70, seed=2025, tol=1e-06, L1=0.1
[2025-11-21 08:40:28] --------------------------------------------
[2025-11-21 08:40:29] Skipping run (already completed)
	completed 211.0 hours ago at 2025-11-12T18:42:42Z UTC
	location: /zata/zippy/kresgeb/nmf_stuff/dlPFC/data/batched_projection/proj_k70_seed2025_tol1e-06_L10.1.rds
[2025-11-21 08:40:29] --------------------------------------------
[2025-11-21 08:40:29] Starting projection 98 / 750: k=80, seed=2025, tol=1e-06, L1=0.1
[2025-11-21 08:40:29] --------------------------------------------
[2025-11-21 08:40:29] Skipping run (already completed)
	completed 211.0 hours ago at 2025-11-12T18:42:52Z UTC
	location: /zata/zippy/kresgeb/nmf_stuff/dlPFC/data/batched_projection/proj_k80_seed2025_tol1e-06_L10.1.rds
[2025-11-21 08:40:29] --------------------------------------------
[2025-11-21 08:40:29] Starting projection 99 / 750: k=90, seed=2025, tol=1e-06, L1=0.1
[2025-11-21 08:40:29] --------------------------------------------
[2025-11-21 08:40:29] Skipping run (already completed)
	completed 211.0 hours ago at 2025-11-12T18:43:04Z UTC
	location: /zata/zippy/kresgeb/nmf_stuff/dlPFC/data/batched_projection/proj_k90_seed2025_tol1e-06_L10.1.rds
[2025-11-21 08:40:29] --------------------------------------------
[2025-11-21 08:40:29] Starting projection 100 / 750: k=100, seed=2025, tol=1e-06, L1=0.1
[2025-11-21 08:40:29] --------------------------------------------
[2025-11-21 08:40:29] Skipping run (already completed)
	completed 211.0 hours ago at 2025-11-12T18:43:18Z UTC
	location: /zata/zippy/kresgeb/nmf_stuff/dlPFC/data/batched_projection/proj_k100_seed2025_tol1e-06_L10.1.rds
[2025-11-21 08:40:29] --------------------------------------------
[2025-11-21 08:40:29] Starting projection 101 / 750: k=10, seed=42, tol=1e-07, L1=0.1
[2025-11-21 08:40:29] --------------------------------------------
[2025-11-21 08:40:29] Skipping run (already completed)
	completed 211.0 hours ago at 2025-11-12T18:43:25Z UTC
	location: /zata/zippy/kresgeb/nmf_stuff/dlPFC/data/batched_projection/proj_k10_seed42_tol1e-07_L10.1.rds
[2025-11-21 08:40:29] --------------------------------------------
[2025-11-21 08:40:29] Starting projection 102 / 750: k=20, seed=42, tol=1e-07, L1=0.1
[2025-11-21 08:40:29] --------------------------------------------
[2025-11-21 08:40:29] Skipping run (already completed)
	completed 210.9 hours ago at 2025-11-12T18:43:36Z UTC
	location: /zata/zippy/kresgeb/nmf_stuff/dlPFC/data/batched_projection/proj_k20_seed42_tol1e-07_L10.1.rds
[2025-11-21 08:40:29] --------------------------------------------
[2025-11-21 08:40:29] Starting projection 103 / 750: k=30, seed=42, tol=1e-07, L1=0.1
[2025-11-21 08:40:29] --------------------------------------------
[2025-11-21 08:40:29] Skipping run (already completed)
	completed 210.9 hours ago at 2025-11-12T18:43:42Z UTC
	location: /zata/zippy/kresgeb/nmf_stuff/dlPFC/data/batched_projection/proj_k30_seed42_tol1e-07_L10.1.rds
[2025-11-21 08:40:29] --------------------------------------------
[2025-11-21 08:40:29] Starting projection 104 / 750: k=40, seed=42, tol=1e-07, L1=0.1
[2025-11-21 08:40:29] --------------------------------------------
[2025-11-21 08:40:29] Skipping run (already completed)
	completed 210.9 hours ago at 2025-11-12T18:43:49Z UTC
	location: /zata/zippy/kresgeb/nmf_stuff/dlPFC/data/batched_projection/proj_k40_seed42_tol1e-07_L10.1.rds
[2025-11-21 08:40:29] --------------------------------------------
[2025-11-21 08:40:29] Starting projection 105 / 750: k=50, seed=42, tol=1e-07, L1=0.1
[2025-11-21 08:40:29] --------------------------------------------
[2025-11-21 08:40:29] Skipping run (already completed)
	completed 210.9 hours ago at 2025-11-12T18:43:57Z UTC
	location: /zata/zippy/kresgeb/nmf_stuff/dlPFC/data/batched_projection/proj_k50_seed42_tol1e-07_L10.1.rds
[2025-11-21 08:40:29] --------------------------------------------
[2025-11-21 08:40:29] Starting projection 106 / 750: k=60, seed=42, tol=1e-07, L1=0.1
[2025-11-21 08:40:29] --------------------------------------------
[2025-11-21 08:40:29] Skipping run (already completed)
	completed 210.9 hours ago at 2025-11-12T18:44:06Z UTC
	location: /zata/zippy/kresgeb/nmf_stuff/dlPFC/data/batched_projection/proj_k60_seed42_tol1e-07_L10.1.rds
[2025-11-21 08:40:29] --------------------------------------------
[2025-11-21 08:40:29] Starting projection 107 / 750: k=70, seed=42, tol=1e-07, L1=0.1
[2025-11-21 08:40:29] --------------------------------------------
[2025-11-21 08:40:29] Skipping run (already completed)
	completed 210.9 hours ago at 2025-11-12T18:44:15Z UTC
	location: /zata/zippy/kresgeb/nmf_stuff/dlPFC/data/batched_projection/proj_k70_seed42_tol1e-07_L10.1.rds
[2025-11-21 08:40:29] --------------------------------------------
[2025-11-21 08:40:29] Starting projection 108 / 750: k=80, seed=42, tol=1e-07, L1=0.1
[2025-11-21 08:40:29] --------------------------------------------
[2025-11-21 08:40:29] Skipping run (already completed)
	completed 210.9 hours ago at 2025-11-12T18:44:24Z UTC
	location: /zata/zippy/kresgeb/nmf_stuff/dlPFC/data/batched_projection/proj_k80_seed42_tol1e-07_L10.1.rds
[2025-11-21 08:40:29] --------------------------------------------
[2025-11-21 08:40:29] Starting projection 109 / 750: k=90, seed=42, tol=1e-07, L1=0.1
[2025-11-21 08:40:29] --------------------------------------------
[2025-11-21 08:40:29] Skipping run (already completed)
	completed 210.9 hours ago at 2025-11-12T18:44:34Z UTC
	location: /zata/zippy/kresgeb/nmf_stuff/dlPFC/data/batched_projection/proj_k90_seed42_tol1e-07_L10.1.rds
[2025-11-21 08:40:29] --------------------------------------------
[2025-11-21 08:40:29] Starting projection 110 / 750: k=100, seed=42, tol=1e-07, L1=0.1
[2025-11-21 08:40:29] --------------------------------------------
[2025-11-21 08:40:29] Skipping run (already completed)
	completed 210.9 hours ago at 2025-11-12T18:44:44Z UTC
	location: /zata/zippy/kresgeb/nmf_stuff/dlPFC/data/batched_projection/proj_k100_seed42_tol1e-07_L10.1.rds
[2025-11-21 08:40:29] --------------------------------------------
[2025-11-21 08:40:29] Starting projection 111 / 750: k=10, seed=1029, tol=1e-07, L1=0.1
[2025-11-21 08:40:29] --------------------------------------------
[2025-11-21 08:40:29] Skipping run (already completed)
	completed 210.9 hours ago at 2025-11-12T18:44:50Z UTC
	location: /zata/zippy/kresgeb/nmf_stuff/dlPFC/data/batched_projection/proj_k10_seed1029_tol1e-07_L10.1.rds
[2025-11-21 08:40:29] --------------------------------------------
[2025-11-21 08:40:29] Starting projection 112 / 750: k=20, seed=1029, tol=1e-07, L1=0.1
[2025-11-21 08:40:29] --------------------------------------------
[2025-11-21 08:40:29] Skipping run (already completed)
	completed 210.9 hours ago at 2025-11-12T18:44:55Z UTC
	location: /zata/zippy/kresgeb/nmf_stuff/dlPFC/data/batched_projection/proj_k20_seed1029_tol1e-07_L10.1.rds
[2025-11-21 08:40:29] --------------------------------------------
[2025-11-21 08:40:29] Starting projection 113 / 750: k=30, seed=1029, tol=1e-07, L1=0.1
[2025-11-21 08:40:29] --------------------------------------------
[2025-11-21 08:40:29] Skipping run (already completed)
	completed 210.9 hours ago at 2025-11-12T18:45:02Z UTC
	location: /zata/zippy/kresgeb/nmf_stuff/dlPFC/data/batched_projection/proj_k30_seed1029_tol1e-07_L10.1.rds
[2025-11-21 08:40:29] --------------------------------------------
[2025-11-21 08:40:29] Starting projection 114 / 750: k=40, seed=1029, tol=1e-07, L1=0.1
[2025-11-21 08:40:29] --------------------------------------------
[2025-11-21 08:40:29] Skipping run (already completed)
	completed 210.9 hours ago at 2025-11-12T18:45:18Z UTC
	location: /zata/zippy/kresgeb/nmf_stuff/dlPFC/data/batched_projection/proj_k40_seed1029_tol1e-07_L10.1.rds
[2025-11-21 08:40:29] --------------------------------------------
[2025-11-21 08:40:29] Starting projection 115 / 750: k=50, seed=1029, tol=1e-07, L1=0.1
[2025-11-21 08:40:29] --------------------------------------------
[2025-11-21 08:40:29] Skipping run (already completed)
	completed 210.9 hours ago at 2025-11-12T18:45:29Z UTC
	location: /zata/zippy/kresgeb/nmf_stuff/dlPFC/data/batched_projection/proj_k50_seed1029_tol1e-07_L10.1.rds
[2025-11-21 08:40:29] --------------------------------------------
[2025-11-21 08:40:29] Starting projection 116 / 750: k=60, seed=1029, tol=1e-07, L1=0.1
[2025-11-21 08:40:29] --------------------------------------------
[2025-11-21 08:40:29] Skipping run (already completed)
	completed 210.9 hours ago at 2025-11-12T18:45:39Z UTC
	location: /zata/zippy/kresgeb/nmf_stuff/dlPFC/data/batched_projection/proj_k60_seed1029_tol1e-07_L10.1.rds
[2025-11-21 08:40:29] --------------------------------------------
[2025-11-21 08:40:29] Starting projection 117 / 750: k=70, seed=1029, tol=1e-07, L1=0.1
[2025-11-21 08:40:29] --------------------------------------------
[2025-11-21 08:40:29] Skipping run (already completed)
	completed 210.9 hours ago at 2025-11-12T18:45:52Z UTC
	location: /zata/zippy/kresgeb/nmf_stuff/dlPFC/data/batched_projection/proj_k70_seed1029_tol1e-07_L10.1.rds
[2025-11-21 08:40:29] --------------------------------------------
[2025-11-21 08:40:29] Starting projection 118 / 750: k=80, seed=1029, tol=1e-07, L1=0.1
[2025-11-21 08:40:29] --------------------------------------------
[2025-11-21 08:40:29] Skipping run (already completed)
	completed 210.9 hours ago at 2025-11-12T18:46:04Z UTC
	location: /zata/zippy/kresgeb/nmf_stuff/dlPFC/data/batched_projection/proj_k80_seed1029_tol1e-07_L10.1.rds
[2025-11-21 08:40:29] --------------------------------------------
[2025-11-21 08:40:29] Starting projection 119 / 750: k=90, seed=1029, tol=1e-07, L1=0.1
[2025-11-21 08:40:29] --------------------------------------------
[2025-11-21 08:40:29] Skipping run (already completed)
	completed 210.9 hours ago at 2025-11-12T18:46:18Z UTC
	location: /zata/zippy/kresgeb/nmf_stuff/dlPFC/data/batched_projection/proj_k90_seed1029_tol1e-07_L10.1.rds
[2025-11-21 08:40:29] --------------------------------------------
[2025-11-21 08:40:29] Starting projection 120 / 750: k=100, seed=1029, tol=1e-07, L1=0.1
[2025-11-21 08:40:29] --------------------------------------------
[2025-11-21 08:40:30] Skipping run (already completed)
	completed 210.9 hours ago at 2025-11-12T18:46:33Z UTC
	location: /zata/zippy/kresgeb/nmf_stuff/dlPFC/data/batched_projection/proj_k100_seed1029_tol1e-07_L10.1.rds
[2025-11-21 08:40:30] --------------------------------------------
[2025-11-21 08:40:30] Starting projection 121 / 750: k=10, seed=31415, tol=1e-07, L1=0.1
[2025-11-21 08:40:30] --------------------------------------------
[2025-11-21 08:40:30] Skipping run (already completed)
	completed 210.9 hours ago at 2025-11-12T18:46:40Z UTC
	location: /zata/zippy/kresgeb/nmf_stuff/dlPFC/data/batched_projection/proj_k10_seed31415_tol1e-07_L10.1.rds
[2025-11-21 08:40:30] --------------------------------------------
[2025-11-21 08:40:30] Starting projection 122 / 750: k=20, seed=31415, tol=1e-07, L1=0.1
[2025-11-21 08:40:30] --------------------------------------------
[2025-11-21 08:40:30] Skipping run (already completed)
	completed 210.9 hours ago at 2025-11-12T18:46:49Z UTC
	location: /zata/zippy/kresgeb/nmf_stuff/dlPFC/data/batched_projection/proj_k20_seed31415_tol1e-07_L10.1.rds
[2025-11-21 08:40:30] --------------------------------------------
[2025-11-21 08:40:30] Starting projection 123 / 750: k=30, seed=31415, tol=1e-07, L1=0.1
[2025-11-21 08:40:30] --------------------------------------------
[2025-11-21 08:40:30] Skipping run (already completed)
	completed 210.9 hours ago at 2025-11-12T18:46:58Z UTC
	location: /zata/zippy/kresgeb/nmf_stuff/dlPFC/data/batched_projection/proj_k30_seed31415_tol1e-07_L10.1.rds
[2025-11-21 08:40:30] --------------------------------------------
[2025-11-21 08:40:30] Starting projection 124 / 750: k=40, seed=31415, tol=1e-07, L1=0.1
[2025-11-21 08:40:30] --------------------------------------------
[2025-11-21 08:40:30] Skipping run (already completed)
	completed 210.9 hours ago at 2025-11-12T18:47:08Z UTC
	location: /zata/zippy/kresgeb/nmf_stuff/dlPFC/data/batched_projection/proj_k40_seed31415_tol1e-07_L10.1.rds
[2025-11-21 08:40:30] --------------------------------------------
[2025-11-21 08:40:30] Starting projection 125 / 750: k=50, seed=31415, tol=1e-07, L1=0.1
[2025-11-21 08:40:30] --------------------------------------------
[2025-11-21 08:40:30] Skipping run (already completed)
	completed 210.9 hours ago at 2025-11-12T18:47:25Z UTC
	location: /zata/zippy/kresgeb/nmf_stuff/dlPFC/data/batched_projection/proj_k50_seed31415_tol1e-07_L10.1.rds
[2025-11-21 08:40:30] --------------------------------------------
[2025-11-21 08:40:30] Starting projection 126 / 750: k=60, seed=31415, tol=1e-07, L1=0.1
[2025-11-21 08:40:30] --------------------------------------------
[2025-11-21 08:40:30] Skipping run (already completed)
	completed 210.9 hours ago at 2025-11-12T18:47:35Z UTC
	location: /zata/zippy/kresgeb/nmf_stuff/dlPFC/data/batched_projection/proj_k60_seed31415_tol1e-07_L10.1.rds
[2025-11-21 08:40:30] --------------------------------------------
[2025-11-21 08:40:30] Starting projection 127 / 750: k=70, seed=31415, tol=1e-07, L1=0.1
[2025-11-21 08:40:30] --------------------------------------------
[2025-11-21 08:40:30] Skipping run (already completed)
	completed 210.9 hours ago at 2025-11-12T18:47:48Z UTC
	location: /zata/zippy/kresgeb/nmf_stuff/dlPFC/data/batched_projection/proj_k70_seed31415_tol1e-07_L10.1.rds
[2025-11-21 08:40:30] --------------------------------------------
[2025-11-21 08:40:30] Starting projection 128 / 750: k=80, seed=31415, tol=1e-07, L1=0.1
[2025-11-21 08:40:30] --------------------------------------------
[2025-11-21 08:40:30] Skipping run (already completed)
	completed 210.9 hours ago at 2025-11-12T18:48:01Z UTC
	location: /zata/zippy/kresgeb/nmf_stuff/dlPFC/data/batched_projection/proj_k80_seed31415_tol1e-07_L10.1.rds
[2025-11-21 08:40:30] --------------------------------------------
[2025-11-21 08:40:30] Starting projection 129 / 750: k=90, seed=31415, tol=1e-07, L1=0.1
[2025-11-21 08:40:30] --------------------------------------------
[2025-11-21 08:40:30] Skipping run (already completed)
	completed 210.9 hours ago at 2025-11-12T18:48:18Z UTC
	location: /zata/zippy/kresgeb/nmf_stuff/dlPFC/data/batched_projection/proj_k90_seed31415_tol1e-07_L10.1.rds
[2025-11-21 08:40:30] --------------------------------------------
[2025-11-21 08:40:30] Starting projection 130 / 750: k=100, seed=31415, tol=1e-07, L1=0.1
[2025-11-21 08:40:30] --------------------------------------------
[2025-11-21 08:40:30] Skipping run (already completed)
	completed 210.9 hours ago at 2025-11-12T18:48:34Z UTC
	location: /zata/zippy/kresgeb/nmf_stuff/dlPFC/data/batched_projection/proj_k100_seed31415_tol1e-07_L10.1.rds
[2025-11-21 08:40:30] --------------------------------------------
[2025-11-21 08:40:30] Starting projection 131 / 750: k=10, seed=120301, tol=1e-07, L1=0.1
[2025-11-21 08:40:30] --------------------------------------------
[2025-11-21 08:40:30] Skipping run (already completed)
	completed 210.9 hours ago at 2025-11-12T18:48:43Z UTC
	location: /zata/zippy/kresgeb/nmf_stuff/dlPFC/data/batched_projection/proj_k10_seed120301_tol1e-07_L10.1.rds
[2025-11-21 08:40:30] --------------------------------------------
[2025-11-21 08:40:30] Starting projection 132 / 750: k=20, seed=120301, tol=1e-07, L1=0.1
[2025-11-21 08:40:30] --------------------------------------------
[2025-11-21 08:40:30] Skipping run (already completed)
	completed 210.9 hours ago at 2025-11-12T18:48:54Z UTC
	location: /zata/zippy/kresgeb/nmf_stuff/dlPFC/data/batched_projection/proj_k20_seed120301_tol1e-07_L10.1.rds
[2025-11-21 08:40:30] --------------------------------------------
[2025-11-21 08:40:30] Starting projection 133 / 750: k=30, seed=120301, tol=1e-07, L1=0.1
[2025-11-21 08:40:30] --------------------------------------------
[2025-11-21 08:40:30] Skipping run (already completed)
	completed 210.9 hours ago at 2025-11-12T18:49:02Z UTC
	location: /zata/zippy/kresgeb/nmf_stuff/dlPFC/data/batched_projection/proj_k30_seed120301_tol1e-07_L10.1.rds
[2025-11-21 08:40:30] --------------------------------------------
[2025-11-21 08:40:30] Starting projection 134 / 750: k=40, seed=120301, tol=1e-07, L1=0.1
[2025-11-21 08:40:30] --------------------------------------------
[2025-11-21 08:40:30] Skipping run (already completed)
	completed 210.9 hours ago at 2025-11-12T18:49:13Z UTC
	location: /zata/zippy/kresgeb/nmf_stuff/dlPFC/data/batched_projection/proj_k40_seed120301_tol1e-07_L10.1.rds
[2025-11-21 08:40:30] --------------------------------------------
[2025-11-21 08:40:30] Starting projection 135 / 750: k=50, seed=120301, tol=1e-07, L1=0.1
[2025-11-21 08:40:30] --------------------------------------------
[2025-11-21 08:40:30] Skipping run (already completed)
	completed 210.9 hours ago at 2025-11-12T18:49:24Z UTC
	location: /zata/zippy/kresgeb/nmf_stuff/dlPFC/data/batched_projection/proj_k50_seed120301_tol1e-07_L10.1.rds
[2025-11-21 08:40:30] --------------------------------------------
[2025-11-21 08:40:30] Starting projection 136 / 750: k=60, seed=120301, tol=1e-07, L1=0.1
[2025-11-21 08:40:30] --------------------------------------------
[2025-11-21 08:40:30] Skipping run (already completed)
	completed 210.8 hours ago at 2025-11-12T18:49:37Z UTC
	location: /zata/zippy/kresgeb/nmf_stuff/dlPFC/data/batched_projection/proj_k60_seed120301_tol1e-07_L10.1.rds
[2025-11-21 08:40:30] --------------------------------------------
[2025-11-21 08:40:30] Starting projection 137 / 750: k=70, seed=120301, tol=1e-07, L1=0.1
[2025-11-21 08:40:30] --------------------------------------------
[2025-11-21 08:40:30] Skipping run (already completed)
	completed 210.8 hours ago at 2025-11-12T18:49:56Z UTC
	location: /zata/zippy/kresgeb/nmf_stuff/dlPFC/data/batched_projection/proj_k70_seed120301_tol1e-07_L10.1.rds
[2025-11-21 08:40:30] --------------------------------------------
[2025-11-21 08:40:30] Starting projection 138 / 750: k=80, seed=120301, tol=1e-07, L1=0.1
[2025-11-21 08:40:30] --------------------------------------------
[2025-11-21 08:40:30] Skipping run (already completed)
	completed 210.8 hours ago at 2025-11-12T18:50:08Z UTC
	location: /zata/zippy/kresgeb/nmf_stuff/dlPFC/data/batched_projection/proj_k80_seed120301_tol1e-07_L10.1.rds
[2025-11-21 08:40:30] --------------------------------------------
[2025-11-21 08:40:30] Starting projection 139 / 750: k=90, seed=120301, tol=1e-07, L1=0.1
[2025-11-21 08:40:30] --------------------------------------------
[2025-11-21 08:40:30] Skipping run (already completed)
	completed 210.8 hours ago at 2025-11-12T18:50:18Z UTC
	location: /zata/zippy/kresgeb/nmf_stuff/dlPFC/data/batched_projection/proj_k90_seed120301_tol1e-07_L10.1.rds
[2025-11-21 08:40:30] --------------------------------------------
[2025-11-21 08:40:30] Starting projection 140 / 750: k=100, seed=120301, tol=1e-07, L1=0.1
[2025-11-21 08:40:30] --------------------------------------------
[2025-11-21 08:40:30] Skipping run (already completed)
	completed 210.8 hours ago at 2025-11-12T18:50:29Z UTC
	location: /zata/zippy/kresgeb/nmf_stuff/dlPFC/data/batched_projection/proj_k100_seed120301_tol1e-07_L10.1.rds
[2025-11-21 08:40:30] --------------------------------------------
[2025-11-21 08:40:30] Starting projection 141 / 750: k=10, seed=2025, tol=1e-07, L1=0.1
[2025-11-21 08:40:30] --------------------------------------------
[2025-11-21 08:40:30] Skipping run (already completed)
	completed 210.8 hours ago at 2025-11-12T18:50:35Z UTC
	location: /zata/zippy/kresgeb/nmf_stuff/dlPFC/data/batched_projection/proj_k10_seed2025_tol1e-07_L10.1.rds
[2025-11-21 08:40:30] --------------------------------------------
[2025-11-21 08:40:30] Starting projection 142 / 750: k=20, seed=2025, tol=1e-07, L1=0.1
[2025-11-21 08:40:30] --------------------------------------------
[2025-11-21 08:40:31] Skipping run (already completed)
	completed 210.8 hours ago at 2025-11-12T18:50:42Z UTC
	location: /zata/zippy/kresgeb/nmf_stuff/dlPFC/data/batched_projection/proj_k20_seed2025_tol1e-07_L10.1.rds
[2025-11-21 08:40:31] --------------------------------------------
[2025-11-21 08:40:31] Starting projection 143 / 750: k=30, seed=2025, tol=1e-07, L1=0.1
[2025-11-21 08:40:31] --------------------------------------------
[2025-11-21 08:40:31] Skipping run (already completed)
	completed 210.8 hours ago at 2025-11-12T18:50:48Z UTC
	location: /zata/zippy/kresgeb/nmf_stuff/dlPFC/data/batched_projection/proj_k30_seed2025_tol1e-07_L10.1.rds
[2025-11-21 08:40:31] --------------------------------------------
[2025-11-21 08:40:31] Starting projection 144 / 750: k=40, seed=2025, tol=1e-07, L1=0.1
[2025-11-21 08:40:31] --------------------------------------------
[2025-11-21 08:40:31] Skipping run (already completed)
	completed 210.8 hours ago at 2025-11-12T18:50:55Z UTC
	location: /zata/zippy/kresgeb/nmf_stuff/dlPFC/data/batched_projection/proj_k40_seed2025_tol1e-07_L10.1.rds
[2025-11-21 08:40:31] --------------------------------------------
[2025-11-21 08:40:31] Starting projection 145 / 750: k=50, seed=2025, tol=1e-07, L1=0.1
[2025-11-21 08:40:31] --------------------------------------------
[2025-11-21 08:40:31] Skipping run (already completed)
	completed 210.8 hours ago at 2025-11-12T18:51:03Z UTC
	location: /zata/zippy/kresgeb/nmf_stuff/dlPFC/data/batched_projection/proj_k50_seed2025_tol1e-07_L10.1.rds
[2025-11-21 08:40:31] --------------------------------------------
[2025-11-21 08:40:31] Starting projection 146 / 750: k=60, seed=2025, tol=1e-07, L1=0.1
[2025-11-21 08:40:31] --------------------------------------------
[2025-11-21 08:40:31] Skipping run (already completed)
	completed 210.8 hours ago at 2025-11-12T18:51:11Z UTC
	location: /zata/zippy/kresgeb/nmf_stuff/dlPFC/data/batched_projection/proj_k60_seed2025_tol1e-07_L10.1.rds
[2025-11-21 08:40:31] --------------------------------------------
[2025-11-21 08:40:31] Starting projection 147 / 750: k=70, seed=2025, tol=1e-07, L1=0.1
[2025-11-21 08:40:31] --------------------------------------------
[2025-11-21 08:40:31] Skipping run (already completed)
	completed 210.8 hours ago at 2025-11-12T18:51:25Z UTC
	location: /zata/zippy/kresgeb/nmf_stuff/dlPFC/data/batched_projection/proj_k70_seed2025_tol1e-07_L10.1.rds
[2025-11-21 08:40:31] --------------------------------------------
[2025-11-21 08:40:31] Starting projection 148 / 750: k=80, seed=2025, tol=1e-07, L1=0.1
[2025-11-21 08:40:31] --------------------------------------------
[2025-11-21 08:40:31] Skipping run (already completed)
	completed 210.8 hours ago at 2025-11-12T18:51:35Z UTC
	location: /zata/zippy/kresgeb/nmf_stuff/dlPFC/data/batched_projection/proj_k80_seed2025_tol1e-07_L10.1.rds
[2025-11-21 08:40:31] --------------------------------------------
[2025-11-21 08:40:31] Starting projection 149 / 750: k=90, seed=2025, tol=1e-07, L1=0.1
[2025-11-21 08:40:31] --------------------------------------------
[2025-11-21 08:40:31] Skipping run (already completed)
	completed 210.8 hours ago at 2025-11-12T18:51:45Z UTC
	location: /zata/zippy/kresgeb/nmf_stuff/dlPFC/data/batched_projection/proj_k90_seed2025_tol1e-07_L10.1.rds
[2025-11-21 08:40:31] --------------------------------------------
[2025-11-21 08:40:31] Starting projection 150 / 750: k=100, seed=2025, tol=1e-07, L1=0.1
[2025-11-21 08:40:31] --------------------------------------------
[2025-11-21 08:40:31] Skipping run (already completed)
	completed 210.8 hours ago at 2025-11-12T18:51:55Z UTC
	location: /zata/zippy/kresgeb/nmf_stuff/dlPFC/data/batched_projection/proj_k100_seed2025_tol1e-07_L10.1.rds
[2025-11-21 08:40:31] --------------------------------------------
[2025-11-21 08:40:31] Starting projection 151 / 750: k=10, seed=42, tol=1e-05, L1=0.0
[2025-11-21 08:40:31] --------------------------------------------
[2025-11-21 08:40:31] Skipping run (already completed)
	completed 210.8 hours ago at 2025-11-12T18:52:00Z UTC
	location: /zata/zippy/kresgeb/nmf_stuff/dlPFC/data/batched_projection/proj_k10_seed42_tol1e-05_L10.0.rds
[2025-11-21 08:40:31] --------------------------------------------
[2025-11-21 08:40:31] Starting projection 152 / 750: k=20, seed=42, tol=1e-05, L1=0.0
[2025-11-21 08:40:31] --------------------------------------------
[2025-11-21 08:40:31] Skipping run (already completed)
	completed 210.8 hours ago at 2025-11-12T18:52:04Z UTC
	location: /zata/zippy/kresgeb/nmf_stuff/dlPFC/data/batched_projection/proj_k20_seed42_tol1e-05_L10.0.rds
[2025-11-21 08:40:31] --------------------------------------------
[2025-11-21 08:40:31] Starting projection 153 / 750: k=30, seed=42, tol=1e-05, L1=0.0
[2025-11-21 08:40:31] --------------------------------------------
[2025-11-21 08:40:31] Skipping run (already completed)
	completed 210.8 hours ago at 2025-11-12T18:52:09Z UTC
	location: /zata/zippy/kresgeb/nmf_stuff/dlPFC/data/batched_projection/proj_k30_seed42_tol1e-05_L10.0.rds
[2025-11-21 08:40:31] --------------------------------------------
[2025-11-21 08:40:31] Starting projection 154 / 750: k=40, seed=42, tol=1e-05, L1=0.0
[2025-11-21 08:40:31] --------------------------------------------
[2025-11-21 08:40:31] Skipping run (already completed)
	completed 210.8 hours ago at 2025-11-12T18:52:15Z UTC
	location: /zata/zippy/kresgeb/nmf_stuff/dlPFC/data/batched_projection/proj_k40_seed42_tol1e-05_L10.0.rds
[2025-11-21 08:40:31] --------------------------------------------
[2025-11-21 08:40:31] Starting projection 155 / 750: k=50, seed=42, tol=1e-05, L1=0.0
[2025-11-21 08:40:31] --------------------------------------------
[2025-11-21 08:40:31] Skipping run (already completed)
	completed 210.8 hours ago at 2025-11-12T18:52:23Z UTC
	location: /zata/zippy/kresgeb/nmf_stuff/dlPFC/data/batched_projection/proj_k50_seed42_tol1e-05_L10.0.rds
[2025-11-21 08:40:31] --------------------------------------------
[2025-11-21 08:40:31] Starting projection 156 / 750: k=60, seed=42, tol=1e-05, L1=0.0
[2025-11-21 08:40:31] --------------------------------------------
[2025-11-21 08:40:31] Skipping run (already completed)
	completed 210.8 hours ago at 2025-11-12T18:52:30Z UTC
	location: /zata/zippy/kresgeb/nmf_stuff/dlPFC/data/batched_projection/proj_k60_seed42_tol1e-05_L10.0.rds
[2025-11-21 08:40:31] --------------------------------------------
[2025-11-21 08:40:31] Starting projection 157 / 750: k=70, seed=42, tol=1e-05, L1=0.0
[2025-11-21 08:40:31] --------------------------------------------
[2025-11-21 08:40:31] Skipping run (already completed)
	completed 210.8 hours ago at 2025-11-12T18:52:39Z UTC
	location: /zata/zippy/kresgeb/nmf_stuff/dlPFC/data/batched_projection/proj_k70_seed42_tol1e-05_L10.0.rds
[2025-11-21 08:40:31] --------------------------------------------
[2025-11-21 08:40:31] Starting projection 158 / 750: k=80, seed=42, tol=1e-05, L1=0.0
[2025-11-21 08:40:31] --------------------------------------------
[2025-11-21 08:40:31] Skipping run (already completed)
	completed 191.2 hours ago at 2025-11-13T14:31:19Z UTC
	location: /zata/zippy/kresgeb/nmf_stuff/dlPFC/data/batched_projection/proj_k80_seed42_tol1e-05_L10.0.rds
[2025-11-21 08:40:31] --------------------------------------------
[2025-11-21 08:40:31] Starting projection 159 / 750: k=90, seed=42, tol=1e-05, L1=0.0
[2025-11-21 08:40:31] --------------------------------------------
[2025-11-21 08:40:31] Skipping run (already completed)
	completed 191.2 hours ago at 2025-11-13T14:31:30Z UTC
	location: /zata/zippy/kresgeb/nmf_stuff/dlPFC/data/batched_projection/proj_k90_seed42_tol1e-05_L10.0.rds
[2025-11-21 08:40:31] --------------------------------------------
[2025-11-21 08:40:31] Starting projection 160 / 750: k=100, seed=42, tol=1e-05, L1=0.0
[2025-11-21 08:40:31] --------------------------------------------
[2025-11-21 08:40:31] Skipping run (already completed)
	completed 191.1 hours ago at 2025-11-13T14:31:38Z UTC
	location: /zata/zippy/kresgeb/nmf_stuff/dlPFC/data/batched_projection/proj_k100_seed42_tol1e-05_L10.0.rds
[2025-11-21 08:40:31] --------------------------------------------
[2025-11-21 08:40:31] Starting projection 161 / 750: k=10, seed=1029, tol=1e-05, L1=0.0
[2025-11-21 08:40:31] --------------------------------------------
[2025-11-21 08:40:31] Skipping run (already completed)
	completed 191.1 hours ago at 2025-11-13T14:31:42Z UTC
	location: /zata/zippy/kresgeb/nmf_stuff/dlPFC/data/batched_projection/proj_k10_seed1029_tol1e-05_L10.0.rds
[2025-11-21 08:40:31] --------------------------------------------
[2025-11-21 08:40:31] Starting projection 162 / 750: k=20, seed=1029, tol=1e-05, L1=0.0
[2025-11-21 08:40:31] --------------------------------------------
[2025-11-21 08:40:31] Skipping run (already completed)
	completed 191.1 hours ago at 2025-11-13T14:31:48Z UTC
	location: /zata/zippy/kresgeb/nmf_stuff/dlPFC/data/batched_projection/proj_k20_seed1029_tol1e-05_L10.0.rds
[2025-11-21 08:40:31] --------------------------------------------
[2025-11-21 08:40:31] Starting projection 163 / 750: k=30, seed=1029, tol=1e-05, L1=0.0
[2025-11-21 08:40:31] --------------------------------------------
[2025-11-21 08:40:31] Skipping run (already completed)
	completed 191.1 hours ago at 2025-11-13T14:31:53Z UTC
	location: /zata/zippy/kresgeb/nmf_stuff/dlPFC/data/batched_projection/proj_k30_seed1029_tol1e-05_L10.0.rds
[2025-11-21 08:40:31] --------------------------------------------
[2025-11-21 08:40:31] Starting projection 164 / 750: k=40, seed=1029, tol=1e-05, L1=0.0
[2025-11-21 08:40:31] --------------------------------------------
[2025-11-21 08:40:32] Skipping run (already completed)
	completed 191.1 hours ago at 2025-11-13T14:31:58Z UTC
	location: /zata/zippy/kresgeb/nmf_stuff/dlPFC/data/batched_projection/proj_k40_seed1029_tol1e-05_L10.0.rds
[2025-11-21 08:40:32] --------------------------------------------
[2025-11-21 08:40:32] Starting projection 165 / 750: k=50, seed=1029, tol=1e-05, L1=0.0
[2025-11-21 08:40:32] --------------------------------------------
[2025-11-21 08:40:32] Skipping run (already completed)
	completed 191.1 hours ago at 2025-11-13T14:32:03Z UTC
	location: /zata/zippy/kresgeb/nmf_stuff/dlPFC/data/batched_projection/proj_k50_seed1029_tol1e-05_L10.0.rds
[2025-11-21 08:40:32] --------------------------------------------
[2025-11-21 08:40:32] Starting projection 166 / 750: k=60, seed=1029, tol=1e-05, L1=0.0
[2025-11-21 08:40:32] --------------------------------------------
[2025-11-21 08:40:32] Skipping run (already completed)
	completed 191.1 hours ago at 2025-11-13T14:32:11Z UTC
	location: /zata/zippy/kresgeb/nmf_stuff/dlPFC/data/batched_projection/proj_k60_seed1029_tol1e-05_L10.0.rds
[2025-11-21 08:40:32] --------------------------------------------
[2025-11-21 08:40:32] Starting projection 167 / 750: k=70, seed=1029, tol=1e-05, L1=0.0
[2025-11-21 08:40:32] --------------------------------------------
[2025-11-21 08:40:32] Skipping run (already completed)
	completed 191.1 hours ago at 2025-11-13T14:32:21Z UTC
	location: /zata/zippy/kresgeb/nmf_stuff/dlPFC/data/batched_projection/proj_k70_seed1029_tol1e-05_L10.0.rds
[2025-11-21 08:40:32] --------------------------------------------
[2025-11-21 08:40:32] Starting projection 168 / 750: k=80, seed=1029, tol=1e-05, L1=0.0
[2025-11-21 08:40:32] --------------------------------------------
[2025-11-21 08:40:32] Skipping run (already completed)
	completed 191.1 hours ago at 2025-11-13T14:32:29Z UTC
	location: /zata/zippy/kresgeb/nmf_stuff/dlPFC/data/batched_projection/proj_k80_seed1029_tol1e-05_L10.0.rds
[2025-11-21 08:40:32] --------------------------------------------
[2025-11-21 08:40:32] Starting projection 169 / 750: k=90, seed=1029, tol=1e-05, L1=0.0
[2025-11-21 08:40:32] --------------------------------------------
[2025-11-21 08:40:32] Skipping run (already completed)
	completed 191.1 hours ago at 2025-11-13T14:32:39Z UTC
	location: /zata/zippy/kresgeb/nmf_stuff/dlPFC/data/batched_projection/proj_k90_seed1029_tol1e-05_L10.0.rds
[2025-11-21 08:40:32] --------------------------------------------
[2025-11-21 08:40:32] Starting projection 170 / 750: k=100, seed=1029, tol=1e-05, L1=0.0
[2025-11-21 08:40:32] --------------------------------------------
[2025-11-21 08:40:32] Skipping run (already completed)
	completed 191.1 hours ago at 2025-11-13T14:32:49Z UTC
	location: /zata/zippy/kresgeb/nmf_stuff/dlPFC/data/batched_projection/proj_k100_seed1029_tol1e-05_L10.0.rds
[2025-11-21 08:40:32] --------------------------------------------
[2025-11-21 08:40:32] Starting projection 171 / 750: k=10, seed=31415, tol=1e-05, L1=0.0
[2025-11-21 08:40:32] --------------------------------------------
[2025-11-21 08:40:32] Skipping run (already completed)
	completed 191.1 hours ago at 2025-11-13T14:32:53Z UTC
	location: /zata/zippy/kresgeb/nmf_stuff/dlPFC/data/batched_projection/proj_k10_seed31415_tol1e-05_L10.0.rds
[2025-11-21 08:40:32] --------------------------------------------
[2025-11-21 08:40:32] Starting projection 172 / 750: k=20, seed=31415, tol=1e-05, L1=0.0
[2025-11-21 08:40:32] --------------------------------------------
[2025-11-21 08:40:32] Skipping run (already completed)
	completed 191.1 hours ago at 2025-11-13T14:32:59Z UTC
	location: /zata/zippy/kresgeb/nmf_stuff/dlPFC/data/batched_projection/proj_k20_seed31415_tol1e-05_L10.0.rds
[2025-11-21 08:40:32] --------------------------------------------
[2025-11-21 08:40:32] Starting projection 173 / 750: k=30, seed=31415, tol=1e-05, L1=0.0
[2025-11-21 08:40:32] --------------------------------------------
[2025-11-21 08:40:32] Skipping run (already completed)
	completed 191.1 hours ago at 2025-11-13T14:33:08Z UTC
	location: /zata/zippy/kresgeb/nmf_stuff/dlPFC/data/batched_projection/proj_k30_seed31415_tol1e-05_L10.0.rds
[2025-11-21 08:40:32] --------------------------------------------
[2025-11-21 08:40:32] Starting projection 174 / 750: k=40, seed=31415, tol=1e-05, L1=0.0
[2025-11-21 08:40:32] --------------------------------------------
[2025-11-21 08:40:32] Skipping run (already completed)
	completed 191.1 hours ago at 2025-11-13T14:33:14Z UTC
	location: /zata/zippy/kresgeb/nmf_stuff/dlPFC/data/batched_projection/proj_k40_seed31415_tol1e-05_L10.0.rds
[2025-11-21 08:40:32] --------------------------------------------
[2025-11-21 08:40:32] Starting projection 175 / 750: k=50, seed=31415, tol=1e-05, L1=0.0
[2025-11-21 08:40:32] --------------------------------------------
[2025-11-21 08:40:32] Skipping run (already completed)
	completed 191.1 hours ago at 2025-11-13T14:33:20Z UTC
	location: /zata/zippy/kresgeb/nmf_stuff/dlPFC/data/batched_projection/proj_k50_seed31415_tol1e-05_L10.0.rds
[2025-11-21 08:40:32] --------------------------------------------
[2025-11-21 08:40:32] Starting projection 176 / 750: k=60, seed=31415, tol=1e-05, L1=0.0
[2025-11-21 08:40:32] --------------------------------------------
[2025-11-21 08:40:32] Skipping run (already completed)
	completed 191.1 hours ago at 2025-11-13T14:33:28Z UTC
	location: /zata/zippy/kresgeb/nmf_stuff/dlPFC/data/batched_projection/proj_k60_seed31415_tol1e-05_L10.0.rds
[2025-11-21 08:40:32] --------------------------------------------
[2025-11-21 08:40:32] Starting projection 177 / 750: k=70, seed=31415, tol=1e-05, L1=0.0
[2025-11-21 08:40:32] --------------------------------------------
[2025-11-21 08:40:32] Skipping run (already completed)
	completed 191.1 hours ago at 2025-11-13T14:33:36Z UTC
	location: /zata/zippy/kresgeb/nmf_stuff/dlPFC/data/batched_projection/proj_k70_seed31415_tol1e-05_L10.0.rds
[2025-11-21 08:40:32] --------------------------------------------
[2025-11-21 08:40:32] Starting projection 178 / 750: k=80, seed=31415, tol=1e-05, L1=0.0
[2025-11-21 08:40:32] --------------------------------------------
[2025-11-21 08:40:32] Skipping run (already completed)
	completed 191.1 hours ago at 2025-11-13T14:33:44Z UTC
	location: /zata/zippy/kresgeb/nmf_stuff/dlPFC/data/batched_projection/proj_k80_seed31415_tol1e-05_L10.0.rds
[2025-11-21 08:40:32] --------------------------------------------
[2025-11-21 08:40:32] Starting projection 179 / 750: k=90, seed=31415, tol=1e-05, L1=0.0
[2025-11-21 08:40:32] --------------------------------------------
[2025-11-21 08:40:32] Skipping run (already completed)
	completed 191.1 hours ago at 2025-11-13T14:33:56Z UTC
	location: /zata/zippy/kresgeb/nmf_stuff/dlPFC/data/batched_projection/proj_k90_seed31415_tol1e-05_L10.0.rds
[2025-11-21 08:40:32] --------------------------------------------
[2025-11-21 08:40:32] Starting projection 180 / 750: k=100, seed=31415, tol=1e-05, L1=0.0
[2025-11-21 08:40:32] --------------------------------------------
[2025-11-21 08:40:32] Skipping run (already completed)
	completed 191.0 hours ago at 2025-11-13T14:38:51Z UTC
	location: /zata/zippy/kresgeb/nmf_stuff/dlPFC/data/batched_projection/proj_k100_seed31415_tol1e-05_L10.0.rds
[2025-11-21 08:40:32] --------------------------------------------
[2025-11-21 08:40:32] Starting projection 181 / 750: k=10, seed=120301, tol=1e-05, L1=0.0
[2025-11-21 08:40:32] --------------------------------------------
[2025-11-21 08:40:32] Skipping run (already completed)
	completed 191.0 hours ago at 2025-11-13T14:39:01Z UTC
	location: /zata/zippy/kresgeb/nmf_stuff/dlPFC/data/batched_projection/proj_k10_seed120301_tol1e-05_L10.0.rds
[2025-11-21 08:40:32] --------------------------------------------
[2025-11-21 08:40:32] Starting projection 182 / 750: k=20, seed=120301, tol=1e-05, L1=0.0
[2025-11-21 08:40:32] --------------------------------------------
[2025-11-21 08:40:32] Skipping run (already completed)
	completed 191.0 hours ago at 2025-11-13T14:39:10Z UTC
	location: /zata/zippy/kresgeb/nmf_stuff/dlPFC/data/batched_projection/proj_k20_seed120301_tol1e-05_L10.0.rds
[2025-11-21 08:40:32] --------------------------------------------
[2025-11-21 08:40:32] Starting projection 183 / 750: k=30, seed=120301, tol=1e-05, L1=0.0
[2025-11-21 08:40:32] --------------------------------------------
[2025-11-21 08:40:32] Skipping run (already completed)
	completed 191.0 hours ago at 2025-11-13T14:39:16Z UTC
	location: /zata/zippy/kresgeb/nmf_stuff/dlPFC/data/batched_projection/proj_k30_seed120301_tol1e-05_L10.0.rds
[2025-11-21 08:40:32] --------------------------------------------
[2025-11-21 08:40:32] Starting projection 184 / 750: k=40, seed=120301, tol=1e-05, L1=0.0
[2025-11-21 08:40:32] --------------------------------------------
[2025-11-21 08:40:32] Skipping run (already completed)
	completed 191.0 hours ago at 2025-11-13T14:39:27Z UTC
	location: /zata/zippy/kresgeb/nmf_stuff/dlPFC/data/batched_projection/proj_k40_seed120301_tol1e-05_L10.0.rds
[2025-11-21 08:40:32] --------------------------------------------
[2025-11-21 08:40:32] Starting projection 185 / 750: k=50, seed=120301, tol=1e-05, L1=0.0
[2025-11-21 08:40:32] --------------------------------------------
[2025-11-21 08:40:33] Skipping run (already completed)
	completed 191.0 hours ago at 2025-11-13T14:39:35Z UTC
	location: /zata/zippy/kresgeb/nmf_stuff/dlPFC/data/batched_projection/proj_k50_seed120301_tol1e-05_L10.0.rds
[2025-11-21 08:40:33] --------------------------------------------
[2025-11-21 08:40:33] Starting projection 186 / 750: k=60, seed=120301, tol=1e-05, L1=0.0
[2025-11-21 08:40:33] --------------------------------------------
[2025-11-21 08:40:33] Skipping run (already completed)
	completed 191.0 hours ago at 2025-11-13T14:39:43Z UTC
	location: /zata/zippy/kresgeb/nmf_stuff/dlPFC/data/batched_projection/proj_k60_seed120301_tol1e-05_L10.0.rds
[2025-11-21 08:40:33] --------------------------------------------
[2025-11-21 08:40:33] Starting projection 187 / 750: k=70, seed=120301, tol=1e-05, L1=0.0
[2025-11-21 08:40:33] --------------------------------------------
[2025-11-21 08:40:33] Skipping run (already completed)
	completed 191.0 hours ago at 2025-11-13T14:39:55Z UTC
	location: /zata/zippy/kresgeb/nmf_stuff/dlPFC/data/batched_projection/proj_k70_seed120301_tol1e-05_L10.0.rds
[2025-11-21 08:40:33] --------------------------------------------
[2025-11-21 08:40:33] Starting projection 188 / 750: k=80, seed=120301, tol=1e-05, L1=0.0
[2025-11-21 08:40:33] --------------------------------------------
[2025-11-21 08:40:33] Skipping run (already completed)
	completed 191.0 hours ago at 2025-11-13T14:40:04Z UTC
	location: /zata/zippy/kresgeb/nmf_stuff/dlPFC/data/batched_projection/proj_k80_seed120301_tol1e-05_L10.0.rds
[2025-11-21 08:40:33] --------------------------------------------
[2025-11-21 08:40:33] Starting projection 189 / 750: k=90, seed=120301, tol=1e-05, L1=0.0
[2025-11-21 08:40:33] --------------------------------------------
[2025-11-21 08:40:33] Skipping run (already completed)
	completed 191.0 hours ago at 2025-11-13T14:40:14Z UTC
	location: /zata/zippy/kresgeb/nmf_stuff/dlPFC/data/batched_projection/proj_k90_seed120301_tol1e-05_L10.0.rds
[2025-11-21 08:40:33] --------------------------------------------
[2025-11-21 08:40:33] Starting projection 190 / 750: k=100, seed=120301, tol=1e-05, L1=0.0
[2025-11-21 08:40:33] --------------------------------------------
[2025-11-21 08:40:33] Skipping run (already completed)
	completed 191.0 hours ago at 2025-11-13T14:40:24Z UTC
	location: /zata/zippy/kresgeb/nmf_stuff/dlPFC/data/batched_projection/proj_k100_seed120301_tol1e-05_L10.0.rds
[2025-11-21 08:40:33] --------------------------------------------
[2025-11-21 08:40:33] Starting projection 191 / 750: k=10, seed=2025, tol=1e-05, L1=0.0
[2025-11-21 08:40:33] --------------------------------------------
[2025-11-21 08:40:33] Skipping run (already completed)
	completed 191.0 hours ago at 2025-11-13T14:40:29Z UTC
	location: /zata/zippy/kresgeb/nmf_stuff/dlPFC/data/batched_projection/proj_k10_seed2025_tol1e-05_L10.0.rds
[2025-11-21 08:40:33] --------------------------------------------
[2025-11-21 08:40:33] Starting projection 192 / 750: k=20, seed=2025, tol=1e-05, L1=0.0
[2025-11-21 08:40:33] --------------------------------------------
[2025-11-21 08:40:33] Skipping run (already completed)
	completed 191.0 hours ago at 2025-11-13T14:40:35Z UTC
	location: /zata/zippy/kresgeb/nmf_stuff/dlPFC/data/batched_projection/proj_k20_seed2025_tol1e-05_L10.0.rds
[2025-11-21 08:40:33] --------------------------------------------
[2025-11-21 08:40:33] Starting projection 193 / 750: k=30, seed=2025, tol=1e-05, L1=0.0
[2025-11-21 08:40:33] --------------------------------------------
[2025-11-21 08:40:33] Skipping run (already completed)
	completed 191.0 hours ago at 2025-11-13T14:40:46Z UTC
	location: /zata/zippy/kresgeb/nmf_stuff/dlPFC/data/batched_projection/proj_k30_seed2025_tol1e-05_L10.0.rds
[2025-11-21 08:40:33] --------------------------------------------
[2025-11-21 08:40:33] Starting projection 194 / 750: k=40, seed=2025, tol=1e-05, L1=0.0
[2025-11-21 08:40:33] --------------------------------------------
[2025-11-21 08:40:33] Skipping run (already completed)
	completed 191.0 hours ago at 2025-11-13T14:40:52Z UTC
	location: /zata/zippy/kresgeb/nmf_stuff/dlPFC/data/batched_projection/proj_k40_seed2025_tol1e-05_L10.0.rds
[2025-11-21 08:40:33] --------------------------------------------
[2025-11-21 08:40:33] Starting projection 195 / 750: k=50, seed=2025, tol=1e-05, L1=0.0
[2025-11-21 08:40:33] --------------------------------------------
[2025-11-21 08:40:33] Skipping run (already completed)
	completed 191.0 hours ago at 2025-11-13T14:41:00Z UTC
	location: /zata/zippy/kresgeb/nmf_stuff/dlPFC/data/batched_projection/proj_k50_seed2025_tol1e-05_L10.0.rds
[2025-11-21 08:40:33] --------------------------------------------
[2025-11-21 08:40:33] Starting projection 196 / 750: k=60, seed=2025, tol=1e-05, L1=0.0
[2025-11-21 08:40:33] --------------------------------------------
[2025-11-21 08:40:33] Skipping run (already completed)
	completed 191.0 hours ago at 2025-11-13T14:41:09Z UTC
	location: /zata/zippy/kresgeb/nmf_stuff/dlPFC/data/batched_projection/proj_k60_seed2025_tol1e-05_L10.0.rds
[2025-11-21 08:40:33] --------------------------------------------
[2025-11-21 08:40:33] Starting projection 197 / 750: k=70, seed=2025, tol=1e-05, L1=0.0
[2025-11-21 08:40:33] --------------------------------------------
[2025-11-21 08:40:33] Skipping run (already completed)
	completed 191.0 hours ago at 2025-11-13T14:41:18Z UTC
	location: /zata/zippy/kresgeb/nmf_stuff/dlPFC/data/batched_projection/proj_k70_seed2025_tol1e-05_L10.0.rds
[2025-11-21 08:40:33] --------------------------------------------
[2025-11-21 08:40:33] Starting projection 198 / 750: k=80, seed=2025, tol=1e-05, L1=0.0
[2025-11-21 08:40:33] --------------------------------------------
[2025-11-21 08:40:33] Skipping run (already completed)
	completed 191.0 hours ago at 2025-11-13T14:41:27Z UTC
	location: /zata/zippy/kresgeb/nmf_stuff/dlPFC/data/batched_projection/proj_k80_seed2025_tol1e-05_L10.0.rds
[2025-11-21 08:40:33] --------------------------------------------
[2025-11-21 08:40:33] Starting projection 199 / 750: k=90, seed=2025, tol=1e-05, L1=0.0
[2025-11-21 08:40:33] --------------------------------------------
[2025-11-21 08:40:33] Skipping run (already completed)
	completed 191.0 hours ago at 2025-11-13T14:41:44Z UTC
	location: /zata/zippy/kresgeb/nmf_stuff/dlPFC/data/batched_projection/proj_k90_seed2025_tol1e-05_L10.0.rds
[2025-11-21 08:40:33] --------------------------------------------
[2025-11-21 08:40:33] Starting projection 200 / 750: k=100, seed=2025, tol=1e-05, L1=0.0
[2025-11-21 08:40:33] --------------------------------------------
[2025-11-21 08:40:33] Skipping run (already completed)
	completed 191.0 hours ago at 2025-11-13T14:41:57Z UTC
	location: /zata/zippy/kresgeb/nmf_stuff/dlPFC/data/batched_projection/proj_k100_seed2025_tol1e-05_L10.0.rds
[2025-11-21 08:40:33] --------------------------------------------
[2025-11-21 08:40:33] Starting projection 201 / 750: k=10, seed=42, tol=1e-06, L1=0.0
[2025-11-21 08:40:33] --------------------------------------------
[2025-11-21 08:40:33] Skipping run (already completed)
	completed 191.0 hours ago at 2025-11-13T14:42:03Z UTC
	location: /zata/zippy/kresgeb/nmf_stuff/dlPFC/data/batched_projection/proj_k10_seed42_tol1e-06_L10.0.rds
[2025-11-21 08:40:33] --------------------------------------------
[2025-11-21 08:40:33] Starting projection 202 / 750: k=20, seed=42, tol=1e-06, L1=0.0
[2025-11-21 08:40:33] --------------------------------------------
[2025-11-21 08:40:33] Skipping run (already completed)
	completed 191.0 hours ago at 2025-11-13T14:42:10Z UTC
	location: /zata/zippy/kresgeb/nmf_stuff/dlPFC/data/batched_projection/proj_k20_seed42_tol1e-06_L10.0.rds
[2025-11-21 08:40:33] --------------------------------------------
[2025-11-21 08:40:33] Starting projection 203 / 750: k=30, seed=42, tol=1e-06, L1=0.0
[2025-11-21 08:40:33] --------------------------------------------
[2025-11-21 08:40:33] Skipping run (already completed)
	completed 191.0 hours ago at 2025-11-13T14:42:22Z UTC
	location: /zata/zippy/kresgeb/nmf_stuff/dlPFC/data/batched_projection/proj_k30_seed42_tol1e-06_L10.0.rds
[2025-11-21 08:40:33] --------------------------------------------
[2025-11-21 08:40:33] Starting projection 204 / 750: k=40, seed=42, tol=1e-06, L1=0.0
[2025-11-21 08:40:33] --------------------------------------------
[2025-11-21 08:40:33] Skipping run (already completed)
	completed 191.0 hours ago at 2025-11-13T14:42:29Z UTC
	location: /zata/zippy/kresgeb/nmf_stuff/dlPFC/data/batched_projection/proj_k40_seed42_tol1e-06_L10.0.rds
[2025-11-21 08:40:33] --------------------------------------------
[2025-11-21 08:40:33] Starting projection 205 / 750: k=50, seed=42, tol=1e-06, L1=0.0
[2025-11-21 08:40:33] --------------------------------------------
[2025-11-21 08:40:33] Skipping run (already completed)
	completed 191.0 hours ago at 2025-11-13T14:42:37Z UTC
	location: /zata/zippy/kresgeb/nmf_stuff/dlPFC/data/batched_projection/proj_k50_seed42_tol1e-06_L10.0.rds
[2025-11-21 08:40:33] --------------------------------------------
[2025-11-21 08:40:33] Starting projection 206 / 750: k=60, seed=42, tol=1e-06, L1=0.0
[2025-11-21 08:40:33] --------------------------------------------
[2025-11-21 08:40:33] Skipping run (already completed)
	completed 191.0 hours ago at 2025-11-13T14:42:46Z UTC
	location: /zata/zippy/kresgeb/nmf_stuff/dlPFC/data/batched_projection/proj_k60_seed42_tol1e-06_L10.0.rds
[2025-11-21 08:40:33] --------------------------------------------
[2025-11-21 08:40:33] Starting projection 207 / 750: k=70, seed=42, tol=1e-06, L1=0.0
[2025-11-21 08:40:33] --------------------------------------------
[2025-11-21 08:40:33] Skipping run (already completed)
	completed 191.0 hours ago at 2025-11-13T14:42:54Z UTC
	location: /zata/zippy/kresgeb/nmf_stuff/dlPFC/data/batched_projection/proj_k70_seed42_tol1e-06_L10.0.rds
[2025-11-21 08:40:33] --------------------------------------------
[2025-11-21 08:40:33] Starting projection 208 / 750: k=80, seed=42, tol=1e-06, L1=0.0
[2025-11-21 08:40:33] --------------------------------------------
[2025-11-21 08:40:34] Skipping run (already completed)
	completed 191.0 hours ago at 2025-11-13T14:43:04Z UTC
	location: /zata/zippy/kresgeb/nmf_stuff/dlPFC/data/batched_projection/proj_k80_seed42_tol1e-06_L10.0.rds
[2025-11-21 08:40:34] --------------------------------------------
[2025-11-21 08:40:34] Starting projection 209 / 750: k=90, seed=42, tol=1e-06, L1=0.0
[2025-11-21 08:40:34] --------------------------------------------
[2025-11-21 08:40:34] Skipping run (already completed)
	completed 191.0 hours ago at 2025-11-13T14:43:20Z UTC
	location: /zata/zippy/kresgeb/nmf_stuff/dlPFC/data/batched_projection/proj_k90_seed42_tol1e-06_L10.0.rds
[2025-11-21 08:40:34] --------------------------------------------
[2025-11-21 08:40:34] Starting projection 210 / 750: k=100, seed=42, tol=1e-06, L1=0.0
[2025-11-21 08:40:34] --------------------------------------------
[2025-11-21 08:40:34] Skipping run (already completed)
	completed 191.0 hours ago at 2025-11-13T14:43:33Z UTC
	location: /zata/zippy/kresgeb/nmf_stuff/dlPFC/data/batched_projection/proj_k100_seed42_tol1e-06_L10.0.rds
[2025-11-21 08:40:34] --------------------------------------------
[2025-11-21 08:40:34] Starting projection 211 / 750: k=10, seed=1029, tol=1e-06, L1=0.0
[2025-11-21 08:40:34] --------------------------------------------
[2025-11-21 08:40:34] Skipping run (already completed)
	completed 190.9 hours ago at 2025-11-13T14:43:38Z UTC
	location: /zata/zippy/kresgeb/nmf_stuff/dlPFC/data/batched_projection/proj_k10_seed1029_tol1e-06_L10.0.rds
[2025-11-21 08:40:34] --------------------------------------------
[2025-11-21 08:40:34] Starting projection 212 / 750: k=20, seed=1029, tol=1e-06, L1=0.0
[2025-11-21 08:40:34] --------------------------------------------
[2025-11-21 08:40:34] Skipping run (already completed)
	completed 190.9 hours ago at 2025-11-13T14:43:44Z UTC
	location: /zata/zippy/kresgeb/nmf_stuff/dlPFC/data/batched_projection/proj_k20_seed1029_tol1e-06_L10.0.rds
[2025-11-21 08:40:34] --------------------------------------------
[2025-11-21 08:40:34] Starting projection 213 / 750: k=30, seed=1029, tol=1e-06, L1=0.0
[2025-11-21 08:40:34] --------------------------------------------
[2025-11-21 08:40:34] Skipping run (already completed)
	completed 190.9 hours ago at 2025-11-13T14:43:50Z UTC
	location: /zata/zippy/kresgeb/nmf_stuff/dlPFC/data/batched_projection/proj_k30_seed1029_tol1e-06_L10.0.rds
[2025-11-21 08:40:34] --------------------------------------------
[2025-11-21 08:40:34] Starting projection 214 / 750: k=40, seed=1029, tol=1e-06, L1=0.0
[2025-11-21 08:40:34] --------------------------------------------
[2025-11-21 08:40:34] Skipping run (already completed)
	completed 190.9 hours ago at 2025-11-13T14:43:57Z UTC
	location: /zata/zippy/kresgeb/nmf_stuff/dlPFC/data/batched_projection/proj_k40_seed1029_tol1e-06_L10.0.rds
[2025-11-21 08:40:34] --------------------------------------------
[2025-11-21 08:40:34] Starting projection 215 / 750: k=50, seed=1029, tol=1e-06, L1=0.0
[2025-11-21 08:40:34] --------------------------------------------
[2025-11-21 08:40:34] Skipping run (already completed)
	completed 190.9 hours ago at 2025-11-13T14:44:08Z UTC
	location: /zata/zippy/kresgeb/nmf_stuff/dlPFC/data/batched_projection/proj_k50_seed1029_tol1e-06_L10.0.rds
[2025-11-21 08:40:34] --------------------------------------------
[2025-11-21 08:40:34] Starting projection 216 / 750: k=60, seed=1029, tol=1e-06, L1=0.0
[2025-11-21 08:40:34] --------------------------------------------
[2025-11-21 08:40:34] Skipping run (already completed)
	completed 190.9 hours ago at 2025-11-13T14:44:16Z UTC
	location: /zata/zippy/kresgeb/nmf_stuff/dlPFC/data/batched_projection/proj_k60_seed1029_tol1e-06_L10.0.rds
[2025-11-21 08:40:34] --------------------------------------------
[2025-11-21 08:40:34] Starting projection 217 / 750: k=70, seed=1029, tol=1e-06, L1=0.0
[2025-11-21 08:40:34] --------------------------------------------
[2025-11-21 08:40:34] Skipping run (already completed)
	completed 190.9 hours ago at 2025-11-13T14:44:25Z UTC
	location: /zata/zippy/kresgeb/nmf_stuff/dlPFC/data/batched_projection/proj_k70_seed1029_tol1e-06_L10.0.rds
[2025-11-21 08:40:34] --------------------------------------------
[2025-11-21 08:40:34] Starting projection 218 / 750: k=80, seed=1029, tol=1e-06, L1=0.0
[2025-11-21 08:40:34] --------------------------------------------
[2025-11-21 08:40:34] Skipping run (already completed)
	completed 190.9 hours ago at 2025-11-13T14:44:36Z UTC
	location: /zata/zippy/kresgeb/nmf_stuff/dlPFC/data/batched_projection/proj_k80_seed1029_tol1e-06_L10.0.rds
[2025-11-21 08:40:34] --------------------------------------------
[2025-11-21 08:40:34] Starting projection 219 / 750: k=90, seed=1029, tol=1e-06, L1=0.0
[2025-11-21 08:40:34] --------------------------------------------
[2025-11-21 08:40:34] Skipping run (already completed)
	completed 190.9 hours ago at 2025-11-13T14:44:52Z UTC
	location: /zata/zippy/kresgeb/nmf_stuff/dlPFC/data/batched_projection/proj_k90_seed1029_tol1e-06_L10.0.rds
[2025-11-21 08:40:34] --------------------------------------------
[2025-11-21 08:40:34] Starting projection 220 / 750: k=100, seed=1029, tol=1e-06, L1=0.0
[2025-11-21 08:40:34] --------------------------------------------
[2025-11-21 08:40:34] Skipping run (already completed)
	completed 190.9 hours ago at 2025-11-13T14:45:05Z UTC
	location: /zata/zippy/kresgeb/nmf_stuff/dlPFC/data/batched_projection/proj_k100_seed1029_tol1e-06_L10.0.rds
[2025-11-21 08:40:34] --------------------------------------------
[2025-11-21 08:40:34] Starting projection 221 / 750: k=10, seed=31415, tol=1e-06, L1=0.0
[2025-11-21 08:40:34] --------------------------------------------
[2025-11-21 08:40:34] Skipping run (already completed)
	completed 190.9 hours ago at 2025-11-13T14:45:09Z UTC
	location: /zata/zippy/kresgeb/nmf_stuff/dlPFC/data/batched_projection/proj_k10_seed31415_tol1e-06_L10.0.rds
[2025-11-21 08:40:34] --------------------------------------------
[2025-11-21 08:40:34] Starting projection 222 / 750: k=20, seed=31415, tol=1e-06, L1=0.0
[2025-11-21 08:40:34] --------------------------------------------
[2025-11-21 08:40:34] Skipping run (already completed)
	completed 190.9 hours ago at 2025-11-13T14:45:15Z UTC
	location: /zata/zippy/kresgeb/nmf_stuff/dlPFC/data/batched_projection/proj_k20_seed31415_tol1e-06_L10.0.rds
[2025-11-21 08:40:34] --------------------------------------------
[2025-11-21 08:40:34] Starting projection 223 / 750: k=30, seed=31415, tol=1e-06, L1=0.0
[2025-11-21 08:40:34] --------------------------------------------
[2025-11-21 08:40:34] Skipping run (already completed)
	completed 190.9 hours ago at 2025-11-13T14:45:21Z UTC
	location: /zata/zippy/kresgeb/nmf_stuff/dlPFC/data/batched_projection/proj_k30_seed31415_tol1e-06_L10.0.rds
[2025-11-21 08:40:34] --------------------------------------------
[2025-11-21 08:40:34] Starting projection 224 / 750: k=40, seed=31415, tol=1e-06, L1=0.0
[2025-11-21 08:40:34] --------------------------------------------
[2025-11-21 08:40:34] Skipping run (already completed)
	completed 190.9 hours ago at 2025-11-13T14:45:28Z UTC
	location: /zata/zippy/kresgeb/nmf_stuff/dlPFC/data/batched_projection/proj_k40_seed31415_tol1e-06_L10.0.rds
[2025-11-21 08:40:34] --------------------------------------------
[2025-11-21 08:40:34] Starting projection 225 / 750: k=50, seed=31415, tol=1e-06, L1=0.0
[2025-11-21 08:40:34] --------------------------------------------
[2025-11-21 08:40:34] Skipping run (already completed)
	completed 190.9 hours ago at 2025-11-13T14:45:35Z UTC
	location: /zata/zippy/kresgeb/nmf_stuff/dlPFC/data/batched_projection/proj_k50_seed31415_tol1e-06_L10.0.rds
[2025-11-21 08:40:34] --------------------------------------------
[2025-11-21 08:40:34] Starting projection 226 / 750: k=60, seed=31415, tol=1e-06, L1=0.0
[2025-11-21 08:40:34] --------------------------------------------
[2025-11-21 08:40:34] Skipping run (already completed)
	completed 190.9 hours ago at 2025-11-13T14:45:44Z UTC
	location: /zata/zippy/kresgeb/nmf_stuff/dlPFC/data/batched_projection/proj_k60_seed31415_tol1e-06_L10.0.rds
[2025-11-21 08:40:34] --------------------------------------------
[2025-11-21 08:40:34] Starting projection 227 / 750: k=70, seed=31415, tol=1e-06, L1=0.0
[2025-11-21 08:40:34] --------------------------------------------
[2025-11-21 08:40:34] Skipping run (already completed)
	completed 190.9 hours ago at 2025-11-13T14:45:57Z UTC
	location: /zata/zippy/kresgeb/nmf_stuff/dlPFC/data/batched_projection/proj_k70_seed31415_tol1e-06_L10.0.rds
[2025-11-21 08:40:34] --------------------------------------------
[2025-11-21 08:40:34] Starting projection 228 / 750: k=80, seed=31415, tol=1e-06, L1=0.0
[2025-11-21 08:40:34] --------------------------------------------
[2025-11-21 08:40:34] Skipping run (already completed)
	completed 190.9 hours ago at 2025-11-13T14:46:08Z UTC
	location: /zata/zippy/kresgeb/nmf_stuff/dlPFC/data/batched_projection/proj_k80_seed31415_tol1e-06_L10.0.rds
[2025-11-21 08:40:34] --------------------------------------------
[2025-11-21 08:40:34] Starting projection 229 / 750: k=90, seed=31415, tol=1e-06, L1=0.0
[2025-11-21 08:40:34] --------------------------------------------
[2025-11-21 08:40:35] Skipping run (already completed)
	completed 190.9 hours ago at 2025-11-13T14:46:19Z UTC
	location: /zata/zippy/kresgeb/nmf_stuff/dlPFC/data/batched_projection/proj_k90_seed31415_tol1e-06_L10.0.rds
[2025-11-21 08:40:35] --------------------------------------------
[2025-11-21 08:40:35] Starting projection 230 / 750: k=100, seed=31415, tol=1e-06, L1=0.0
[2025-11-21 08:40:35] --------------------------------------------
[2025-11-21 08:40:35] Skipping run (already completed)
	completed 190.9 hours ago at 2025-11-13T14:46:31Z UTC
	location: /zata/zippy/kresgeb/nmf_stuff/dlPFC/data/batched_projection/proj_k100_seed31415_tol1e-06_L10.0.rds
[2025-11-21 08:40:35] --------------------------------------------
[2025-11-21 08:40:35] Starting projection 231 / 750: k=10, seed=120301, tol=1e-06, L1=0.0
[2025-11-21 08:40:35] --------------------------------------------
[2025-11-21 08:40:35] Skipping run (already completed)
	completed 190.9 hours ago at 2025-11-13T14:46:37Z UTC
	location: /zata/zippy/kresgeb/nmf_stuff/dlPFC/data/batched_projection/proj_k10_seed120301_tol1e-06_L10.0.rds
[2025-11-21 08:40:35] --------------------------------------------
[2025-11-21 08:40:35] Starting projection 232 / 750: k=20, seed=120301, tol=1e-06, L1=0.0
[2025-11-21 08:40:35] --------------------------------------------
[2025-11-21 08:40:35] Skipping run (already completed)
	completed 190.9 hours ago at 2025-11-13T14:46:43Z UTC
	location: /zata/zippy/kresgeb/nmf_stuff/dlPFC/data/batched_projection/proj_k20_seed120301_tol1e-06_L10.0.rds
[2025-11-21 08:40:35] --------------------------------------------
[2025-11-21 08:40:35] Starting projection 233 / 750: k=30, seed=120301, tol=1e-06, L1=0.0
[2025-11-21 08:40:35] --------------------------------------------
[2025-11-21 08:40:35] Skipping run (already completed)
	completed 190.9 hours ago at 2025-11-13T14:46:54Z UTC
	location: /zata/zippy/kresgeb/nmf_stuff/dlPFC/data/batched_projection/proj_k30_seed120301_tol1e-06_L10.0.rds
[2025-11-21 08:40:35] --------------------------------------------
[2025-11-21 08:40:35] Starting projection 234 / 750: k=40, seed=120301, tol=1e-06, L1=0.0
[2025-11-21 08:40:35] --------------------------------------------
[2025-11-21 08:40:35] Skipping run (already completed)
	completed 190.9 hours ago at 2025-11-13T14:47:00Z UTC
	location: /zata/zippy/kresgeb/nmf_stuff/dlPFC/data/batched_projection/proj_k40_seed120301_tol1e-06_L10.0.rds
[2025-11-21 08:40:35] --------------------------------------------
[2025-11-21 08:40:35] Starting projection 235 / 750: k=50, seed=120301, tol=1e-06, L1=0.0
[2025-11-21 08:40:35] --------------------------------------------
[2025-11-21 08:40:35] Skipping run (already completed)
	completed 190.9 hours ago at 2025-11-13T14:47:07Z UTC
	location: /zata/zippy/kresgeb/nmf_stuff/dlPFC/data/batched_projection/proj_k50_seed120301_tol1e-06_L10.0.rds
[2025-11-21 08:40:35] --------------------------------------------
[2025-11-21 08:40:35] Starting projection 236 / 750: k=60, seed=120301, tol=1e-06, L1=0.0
[2025-11-21 08:40:35] --------------------------------------------
[2025-11-21 08:40:35] Skipping run (already completed)
	completed 190.9 hours ago at 2025-11-13T14:47:15Z UTC
	location: /zata/zippy/kresgeb/nmf_stuff/dlPFC/data/batched_projection/proj_k60_seed120301_tol1e-06_L10.0.rds
[2025-11-21 08:40:35] --------------------------------------------
[2025-11-21 08:40:35] Starting projection 237 / 750: k=70, seed=120301, tol=1e-06, L1=0.0
[2025-11-21 08:40:35] --------------------------------------------
[2025-11-21 08:40:35] Common genes: 28907
[2025-11-21 08:40:38] Projecting SRT into snRNA NMF basis...
[2025-11-21 08:40:40] Projection complete and rescaled.
[2025-11-21 08:40:42] Saved projection result to: /zata/zippy/kresgeb/nmf_stuff/dlPFC/data/batched_projection/proj_k70_seed120301_tol1e-06_L10.0.rds
[2025-11-21 08:40:42] Appended run metadata to summary.tsv
[2025-11-21 08:40:42] --------------------------------------------
[2025-11-21 08:40:42] Starting projection 238 / 750: k=80, seed=120301, tol=1e-06, L1=0.0
[2025-11-21 08:40:42] --------------------------------------------
[2025-11-21 08:40:42] Common genes: 28907
[2025-11-21 08:40:46] Projecting SRT into snRNA NMF basis...
[2025-11-21 08:40:48] Projection complete and rescaled.
[2025-11-21 08:40:50] Saved projection result to: /zata/zippy/kresgeb/nmf_stuff/dlPFC/data/batched_projection/proj_k80_seed120301_tol1e-06_L10.0.rds
[2025-11-21 08:40:50] Appended run metadata to summary.tsv
[2025-11-21 08:40:50] --------------------------------------------
[2025-11-21 08:40:50] Starting projection 239 / 750: k=90, seed=120301, tol=1e-06, L1=0.0
[2025-11-21 08:40:50] --------------------------------------------
[2025-11-21 08:40:51] Common genes: 28907
[2025-11-21 08:40:54] Projecting SRT into snRNA NMF basis...
[2025-11-21 08:40:57] Projection complete and rescaled.
[2025-11-21 08:40:59] Saved projection result to: /zata/zippy/kresgeb/nmf_stuff/dlPFC/data/batched_projection/proj_k90_seed120301_tol1e-06_L10.0.rds
[2025-11-21 08:40:59] Appended run metadata to summary.tsv
[2025-11-21 08:40:59] --------------------------------------------
[2025-11-21 08:40:59] Starting projection 240 / 750: k=100, seed=120301, tol=1e-06, L1=0.0
[2025-11-21 08:40:59] --------------------------------------------
[2025-11-21 08:41:00] Common genes: 28907
[2025-11-21 08:41:02] Projecting SRT into snRNA NMF basis...
[2025-11-21 08:41:05] Projection complete and rescaled.
[2025-11-21 08:41:07] Saved projection result to: /zata/zippy/kresgeb/nmf_stuff/dlPFC/data/batched_projection/proj_k100_seed120301_tol1e-06_L10.0.rds
[2025-11-21 08:41:07] Appended run metadata to summary.tsv
[2025-11-21 08:41:07] --------------------------------------------
[2025-11-21 08:41:07] Starting projection 241 / 750: k=10, seed=2025, tol=1e-06, L1=0.0
[2025-11-21 08:41:07] --------------------------------------------
[2025-11-21 08:41:07] Common genes: 28907
[2025-11-21 08:41:10] Projecting SRT into snRNA NMF basis...
[2025-11-21 08:41:13] Projection complete and rescaled.
[2025-11-21 08:41:14] Saved projection result to: /zata/zippy/kresgeb/nmf_stuff/dlPFC/data/batched_projection/proj_k10_seed2025_tol1e-06_L10.0.rds
[2025-11-21 08:41:14] Appended run metadata to summary.tsv
[2025-11-21 08:41:14] --------------------------------------------
[2025-11-21 08:41:14] Starting projection 242 / 750: k=20, seed=2025, tol=1e-06, L1=0.0
[2025-11-21 08:41:14] --------------------------------------------
[2025-11-21 08:41:14] Common genes: 28907
[2025-11-21 08:41:16] Projecting SRT into snRNA NMF basis...
[2025-11-21 08:41:17] Projection complete and rescaled.
[2025-11-21 08:41:18] Saved projection result to: /zata/zippy/kresgeb/nmf_stuff/dlPFC/data/batched_projection/proj_k20_seed2025_tol1e-06_L10.0.rds
[2025-11-21 08:41:18] Appended run metadata to summary.tsv
[2025-11-21 08:41:18] --------------------------------------------
[2025-11-21 08:41:18] Starting projection 243 / 750: k=30, seed=2025, tol=1e-06, L1=0.0
[2025-11-21 08:41:18] --------------------------------------------
[2025-11-21 08:41:18] Common genes: 28907
[2025-11-21 08:41:20] Projecting SRT into snRNA NMF basis...
[2025-11-21 08:41:21] Projection complete and rescaled.
[2025-11-21 08:41:22] Saved projection result to: /zata/zippy/kresgeb/nmf_stuff/dlPFC/data/batched_projection/proj_k30_seed2025_tol1e-06_L10.0.rds
[2025-11-21 08:41:22] Appended run metadata to summary.tsv
[2025-11-21 08:41:22] --------------------------------------------
[2025-11-21 08:41:22] Starting projection 244 / 750: k=40, seed=2025, tol=1e-06, L1=0.0
[2025-11-21 08:41:22] --------------------------------------------
[2025-11-21 08:41:22] Common genes: 28907
[2025-11-21 08:41:25] Projecting SRT into snRNA NMF basis...
[2025-11-21 08:41:26] Projection complete and rescaled.
[2025-11-21 08:41:27] Saved projection result to: /zata/zippy/kresgeb/nmf_stuff/dlPFC/data/batched_projection/proj_k40_seed2025_tol1e-06_L10.0.rds
[2025-11-21 08:41:27] Appended run metadata to summary.tsv
[2025-11-21 08:41:27] --------------------------------------------
[2025-11-21 08:41:27] Starting projection 245 / 750: k=50, seed=2025, tol=1e-06, L1=0.0
[2025-11-21 08:41:27] --------------------------------------------
[2025-11-21 08:41:28] Common genes: 28907
[2025-11-21 08:41:30] Projecting SRT into snRNA NMF basis...
[2025-11-21 08:41:33] Projection complete and rescaled.
[2025-11-21 08:41:34] Saved projection result to: /zata/zippy/kresgeb/nmf_stuff/dlPFC/data/batched_projection/proj_k50_seed2025_tol1e-06_L10.0.rds
[2025-11-21 08:41:34] Appended run metadata to summary.tsv
[2025-11-21 08:41:34] --------------------------------------------
[2025-11-21 08:41:34] Starting projection 246 / 750: k=60, seed=2025, tol=1e-06, L1=0.0
[2025-11-21 08:41:34] --------------------------------------------
[2025-11-21 08:41:35] Common genes: 28907
[2025-11-21 08:41:37] Projecting SRT into snRNA NMF basis...
[2025-11-21 08:41:39] Projection complete and rescaled.
[2025-11-21 08:41:40] Saved projection result to: /zata/zippy/kresgeb/nmf_stuff/dlPFC/data/batched_projection/proj_k60_seed2025_tol1e-06_L10.0.rds
[2025-11-21 08:41:40] Appended run metadata to summary.tsv
[2025-11-21 08:41:40] --------------------------------------------
[2025-11-21 08:41:40] Starting projection 247 / 750: k=70, seed=2025, tol=1e-06, L1=0.0
[2025-11-21 08:41:40] --------------------------------------------
[2025-11-21 08:41:41] Common genes: 28907
[2025-11-21 08:41:43] Projecting SRT into snRNA NMF basis...
[2025-11-21 08:41:45] Projection complete and rescaled.
[2025-11-21 08:41:46] Saved projection result to: /zata/zippy/kresgeb/nmf_stuff/dlPFC/data/batched_projection/proj_k70_seed2025_tol1e-06_L10.0.rds
[2025-11-21 08:41:46] Appended run metadata to summary.tsv
[2025-11-21 08:41:46] --------------------------------------------
[2025-11-21 08:41:46] Starting projection 248 / 750: k=80, seed=2025, tol=1e-06, L1=0.0
[2025-11-21 08:41:46] --------------------------------------------
[2025-11-21 08:41:47] Common genes: 28907
[2025-11-21 08:41:49] Projecting SRT into snRNA NMF basis...
[2025-11-21 08:41:52] Projection complete and rescaled.
[2025-11-21 08:41:53] Saved projection result to: /zata/zippy/kresgeb/nmf_stuff/dlPFC/data/batched_projection/proj_k80_seed2025_tol1e-06_L10.0.rds
[2025-11-21 08:41:53] Appended run metadata to summary.tsv
[2025-11-21 08:41:53] --------------------------------------------
[2025-11-21 08:41:53] Starting projection 249 / 750: k=90, seed=2025, tol=1e-06, L1=0.0
[2025-11-21 08:41:53] --------------------------------------------
[2025-11-21 08:41:54] Common genes: 28907
[2025-11-21 08:41:56] Projecting SRT into snRNA NMF basis...
[2025-11-21 08:41:58] Projection complete and rescaled.
[2025-11-21 08:42:00] Saved projection result to: /zata/zippy/kresgeb/nmf_stuff/dlPFC/data/batched_projection/proj_k90_seed2025_tol1e-06_L10.0.rds
[2025-11-21 08:42:00] Appended run metadata to summary.tsv
[2025-11-21 08:42:00] --------------------------------------------
[2025-11-21 08:42:00] Starting projection 250 / 750: k=100, seed=2025, tol=1e-06, L1=0.0
[2025-11-21 08:42:00] --------------------------------------------
[2025-11-21 08:42:01] Common genes: 28907
[2025-11-21 08:42:05] Projecting SRT into snRNA NMF basis...
[2025-11-21 08:42:08] Projection complete and rescaled.
[2025-11-21 08:42:10] Saved projection result to: /zata/zippy/kresgeb/nmf_stuff/dlPFC/data/batched_projection/proj_k100_seed2025_tol1e-06_L10.0.rds
[2025-11-21 08:42:10] Appended run metadata to summary.tsv
[2025-11-21 08:42:10] --------------------------------------------
[2025-11-21 08:42:10] Starting projection 251 / 750: k=10, seed=42, tol=1e-07, L1=0.0
[2025-11-21 08:42:10] --------------------------------------------
[2025-11-21 08:42:10] Common genes: 28907
[2025-11-21 08:42:12] Projecting SRT into snRNA NMF basis...
[2025-11-21 08:42:13] Projection complete and rescaled.
[2025-11-21 08:42:13] Saved projection result to: /zata/zippy/kresgeb/nmf_stuff/dlPFC/data/batched_projection/proj_k10_seed42_tol1e-07_L10.0.rds
[2025-11-21 08:42:13] Appended run metadata to summary.tsv
[2025-11-21 08:42:13] --------------------------------------------
[2025-11-21 08:42:13] Starting projection 252 / 750: k=20, seed=42, tol=1e-07, L1=0.0
[2025-11-21 08:42:13] --------------------------------------------
[2025-11-21 08:42:14] Common genes: 28907
[2025-11-21 08:42:16] Projecting SRT into snRNA NMF basis...
[2025-11-21 08:42:18] Projection complete and rescaled.
[2025-11-21 08:42:18] Saved projection result to: /zata/zippy/kresgeb/nmf_stuff/dlPFC/data/batched_projection/proj_k20_seed42_tol1e-07_L10.0.rds
[2025-11-21 08:42:18] Appended run metadata to summary.tsv
[2025-11-21 08:42:18] --------------------------------------------
[2025-11-21 08:42:18] Starting projection 253 / 750: k=30, seed=42, tol=1e-07, L1=0.0
[2025-11-21 08:42:18] --------------------------------------------
[2025-11-21 08:42:18] Common genes: 28907
[2025-11-21 08:42:20] Projecting SRT into snRNA NMF basis...
[2025-11-21 08:42:22] Projection complete and rescaled.
[2025-11-21 08:42:22] Saved projection result to: /zata/zippy/kresgeb/nmf_stuff/dlPFC/data/batched_projection/proj_k30_seed42_tol1e-07_L10.0.rds
[2025-11-21 08:42:22] Appended run metadata to summary.tsv
[2025-11-21 08:42:22] --------------------------------------------
[2025-11-21 08:42:22] Starting projection 254 / 750: k=40, seed=42, tol=1e-07, L1=0.0
[2025-11-21 08:42:22] --------------------------------------------
[2025-11-21 08:42:23] Common genes: 28907
[2025-11-21 08:42:25] Projecting SRT into snRNA NMF basis...
[2025-11-21 08:42:26] Projection complete and rescaled.
[2025-11-21 08:42:27] Saved projection result to: /zata/zippy/kresgeb/nmf_stuff/dlPFC/data/batched_projection/proj_k40_seed42_tol1e-07_L10.0.rds
[2025-11-21 08:42:27] Appended run metadata to summary.tsv
[2025-11-21 08:42:27] --------------------------------------------
[2025-11-21 08:42:27] Starting projection 255 / 750: k=50, seed=42, tol=1e-07, L1=0.0
[2025-11-21 08:42:27] --------------------------------------------
[2025-11-21 08:42:28] Common genes: 28907
[2025-11-21 08:42:31] Projecting SRT into snRNA NMF basis...
[2025-11-21 08:42:33] Projection complete and rescaled.
[2025-11-21 08:42:34] Saved projection result to: /zata/zippy/kresgeb/nmf_stuff/dlPFC/data/batched_projection/proj_k50_seed42_tol1e-07_L10.0.rds
[2025-11-21 08:42:34] Appended run metadata to summary.tsv
[2025-11-21 08:42:34] --------------------------------------------
[2025-11-21 08:42:34] Starting projection 256 / 750: k=60, seed=42, tol=1e-07, L1=0.0
[2025-11-21 08:42:34] --------------------------------------------
[2025-11-21 08:42:34] Common genes: 28907
[2025-11-21 08:42:36] Projecting SRT into snRNA NMF basis...
[2025-11-21 08:42:38] Projection complete and rescaled.
[2025-11-21 08:42:39] Saved projection result to: /zata/zippy/kresgeb/nmf_stuff/dlPFC/data/batched_projection/proj_k60_seed42_tol1e-07_L10.0.rds
[2025-11-21 08:42:39] Appended run metadata to summary.tsv
[2025-11-21 08:42:39] --------------------------------------------
[2025-11-21 08:42:39] Starting projection 257 / 750: k=70, seed=42, tol=1e-07, L1=0.0
[2025-11-21 08:42:39] --------------------------------------------
[2025-11-21 08:42:40] Common genes: 28907
[2025-11-21 08:42:42] Projecting SRT into snRNA NMF basis...
[2025-11-21 08:42:45] Projection complete and rescaled.
[2025-11-21 08:42:46] Saved projection result to: /zata/zippy/kresgeb/nmf_stuff/dlPFC/data/batched_projection/proj_k70_seed42_tol1e-07_L10.0.rds
[2025-11-21 08:42:46] Appended run metadata to summary.tsv
[2025-11-21 08:42:46] --------------------------------------------
[2025-11-21 08:42:46] Starting projection 258 / 750: k=80, seed=42, tol=1e-07, L1=0.0
[2025-11-21 08:42:46] --------------------------------------------
[2025-11-21 08:42:46] Common genes: 28907
[2025-11-21 08:42:48] Projecting SRT into snRNA NMF basis...
[2025-11-21 08:42:51] Projection complete and rescaled.
[2025-11-21 08:42:52] Saved projection result to: /zata/zippy/kresgeb/nmf_stuff/dlPFC/data/batched_projection/proj_k80_seed42_tol1e-07_L10.0.rds
[2025-11-21 08:42:52] Appended run metadata to summary.tsv
[2025-11-21 08:42:52] --------------------------------------------
[2025-11-21 08:42:52] Starting projection 259 / 750: k=90, seed=42, tol=1e-07, L1=0.0
[2025-11-21 08:42:52] --------------------------------------------
[2025-11-21 08:42:53] Common genes: 28907
[2025-11-21 08:42:55] Projecting SRT into snRNA NMF basis...
[2025-11-21 08:42:58] Projection complete and rescaled.
[2025-11-21 08:43:00] Saved projection result to: /zata/zippy/kresgeb/nmf_stuff/dlPFC/data/batched_projection/proj_k90_seed42_tol1e-07_L10.0.rds
[2025-11-21 08:43:00] Appended run metadata to summary.tsv
[2025-11-21 08:43:00] --------------------------------------------
[2025-11-21 08:43:00] Starting projection 260 / 750: k=100, seed=42, tol=1e-07, L1=0.0
[2025-11-21 08:43:00] --------------------------------------------
[2025-11-21 08:43:00] Common genes: 28907
[2025-11-21 08:43:04] Projecting SRT into snRNA NMF basis...
[2025-11-21 08:43:07] Projection complete and rescaled.
[2025-11-21 08:43:09] Saved projection result to: /zata/zippy/kresgeb/nmf_stuff/dlPFC/data/batched_projection/proj_k100_seed42_tol1e-07_L10.0.rds
[2025-11-21 08:43:09] Appended run metadata to summary.tsv
[2025-11-21 08:43:09] --------------------------------------------
[2025-11-21 08:43:09] Starting projection 261 / 750: k=10, seed=1029, tol=1e-07, L1=0.0
[2025-11-21 08:43:09] --------------------------------------------
[2025-11-21 08:43:09] Common genes: 28907
[2025-11-21 08:43:11] Projecting SRT into snRNA NMF basis...
[2025-11-21 08:43:12] Projection complete and rescaled.
[2025-11-21 08:43:13] Saved projection result to: /zata/zippy/kresgeb/nmf_stuff/dlPFC/data/batched_projection/proj_k10_seed1029_tol1e-07_L10.0.rds
[2025-11-21 08:43:13] Appended run metadata to summary.tsv
[2025-11-21 08:43:13] --------------------------------------------
[2025-11-21 08:43:13] Starting projection 262 / 750: k=20, seed=1029, tol=1e-07, L1=0.0
[2025-11-21 08:43:13] --------------------------------------------
[2025-11-21 08:43:13] Common genes: 28907
[2025-11-21 08:43:15] Projecting SRT into snRNA NMF basis...
[2025-11-21 08:43:18] Projection complete and rescaled.
[2025-11-21 08:43:19] Saved projection result to: /zata/zippy/kresgeb/nmf_stuff/dlPFC/data/batched_projection/proj_k20_seed1029_tol1e-07_L10.0.rds
[2025-11-21 08:43:19] Appended run metadata to summary.tsv
[2025-11-21 08:43:19] --------------------------------------------
[2025-11-21 08:43:19] Starting projection 263 / 750: k=30, seed=1029, tol=1e-07, L1=0.0
[2025-11-21 08:43:19] --------------------------------------------
[2025-11-21 08:43:19] Common genes: 28907
[2025-11-21 08:43:21] Projecting SRT into snRNA NMF basis...
[2025-11-21 08:43:22] Projection complete and rescaled.
[2025-11-21 08:43:23] Saved projection result to: /zata/zippy/kresgeb/nmf_stuff/dlPFC/data/batched_projection/proj_k30_seed1029_tol1e-07_L10.0.rds
[2025-11-21 08:43:23] Appended run metadata to summary.tsv
[2025-11-21 08:43:23] --------------------------------------------
[2025-11-21 08:43:23] Starting projection 264 / 750: k=40, seed=1029, tol=1e-07, L1=0.0
[2025-11-21 08:43:23] --------------------------------------------
[2025-11-21 08:43:23] Common genes: 28907
[2025-11-21 08:43:25] Projecting SRT into snRNA NMF basis...
[2025-11-21 08:43:27] Projection complete and rescaled.
[2025-11-21 08:43:28] Saved projection result to: /zata/zippy/kresgeb/nmf_stuff/dlPFC/data/batched_projection/proj_k40_seed1029_tol1e-07_L10.0.rds
[2025-11-21 08:43:28] Appended run metadata to summary.tsv
[2025-11-21 08:43:28] --------------------------------------------
[2025-11-21 08:43:28] Starting projection 265 / 750: k=50, seed=1029, tol=1e-07, L1=0.0
[2025-11-21 08:43:28] --------------------------------------------
[2025-11-21 08:43:28] Common genes: 28907
[2025-11-21 08:43:30] Projecting SRT into snRNA NMF basis...
[2025-11-21 08:43:32] Projection complete and rescaled.
[2025-11-21 08:43:33] Saved projection result to: /zata/zippy/kresgeb/nmf_stuff/dlPFC/data/batched_projection/proj_k50_seed1029_tol1e-07_L10.0.rds
[2025-11-21 08:43:33] Appended run metadata to summary.tsv
[2025-11-21 08:43:33] --------------------------------------------
[2025-11-21 08:43:33] Starting projection 266 / 750: k=60, seed=1029, tol=1e-07, L1=0.0
[2025-11-21 08:43:33] --------------------------------------------
[2025-11-21 08:43:34] Common genes: 28907
[2025-11-21 08:43:36] Projecting SRT into snRNA NMF basis...
[2025-11-21 08:43:38] Projection complete and rescaled.
[2025-11-21 08:43:39] Saved projection result to: /zata/zippy/kresgeb/nmf_stuff/dlPFC/data/batched_projection/proj_k60_seed1029_tol1e-07_L10.0.rds
[2025-11-21 08:43:39] Appended run metadata to summary.tsv
[2025-11-21 08:43:39] --------------------------------------------
[2025-11-21 08:43:39] Starting projection 267 / 750: k=70, seed=1029, tol=1e-07, L1=0.0
[2025-11-21 08:43:39] --------------------------------------------
[2025-11-21 08:43:39] Common genes: 28907
[2025-11-21 08:43:41] Projecting SRT into snRNA NMF basis...
[2025-11-21 08:43:44] Projection complete and rescaled.
[2025-11-21 08:43:45] Saved projection result to: /zata/zippy/kresgeb/nmf_stuff/dlPFC/data/batched_projection/proj_k70_seed1029_tol1e-07_L10.0.rds
[2025-11-21 08:43:45] Appended run metadata to summary.tsv
[2025-11-21 08:43:45] --------------------------------------------
[2025-11-21 08:43:45] Starting projection 268 / 750: k=80, seed=1029, tol=1e-07, L1=0.0
[2025-11-21 08:43:45] --------------------------------------------
[2025-11-21 08:43:46] Common genes: 28907
[2025-11-21 08:43:48] Projecting SRT into snRNA NMF basis...
[2025-11-21 08:43:50] Projection complete and rescaled.
[2025-11-21 08:43:52] Saved projection result to: /zata/zippy/kresgeb/nmf_stuff/dlPFC/data/batched_projection/proj_k80_seed1029_tol1e-07_L10.0.rds
[2025-11-21 08:43:52] Appended run metadata to summary.tsv
[2025-11-21 08:43:52] --------------------------------------------
[2025-11-21 08:43:52] Starting projection 269 / 750: k=90, seed=1029, tol=1e-07, L1=0.0
[2025-11-21 08:43:52] --------------------------------------------
[2025-11-21 08:43:52] Common genes: 28907
[2025-11-21 08:43:56] Projecting SRT into snRNA NMF basis...
[2025-11-21 08:43:58] Projection complete and rescaled.
[2025-11-21 08:44:00] Saved projection result to: /zata/zippy/kresgeb/nmf_stuff/dlPFC/data/batched_projection/proj_k90_seed1029_tol1e-07_L10.0.rds
[2025-11-21 08:44:00] Appended run metadata to summary.tsv
[2025-11-21 08:44:00] --------------------------------------------
[2025-11-21 08:44:00] Starting projection 270 / 750: k=100, seed=1029, tol=1e-07, L1=0.0
[2025-11-21 08:44:00] --------------------------------------------
[2025-11-21 08:44:01] Common genes: 28907
[2025-11-21 08:44:03] Projecting SRT into snRNA NMF basis...
[2025-11-21 08:44:06] Projection complete and rescaled.
[2025-11-21 08:44:08] Saved projection result to: /zata/zippy/kresgeb/nmf_stuff/dlPFC/data/batched_projection/proj_k100_seed1029_tol1e-07_L10.0.rds
[2025-11-21 08:44:08] Appended run metadata to summary.tsv
[2025-11-21 08:44:08] --------------------------------------------
[2025-11-21 08:44:08] Starting projection 271 / 750: k=10, seed=31415, tol=1e-07, L1=0.0
[2025-11-21 08:44:08] --------------------------------------------
[2025-11-21 08:44:08] Common genes: 28907
[2025-11-21 08:44:10] Projecting SRT into snRNA NMF basis...
[2025-11-21 08:44:12] Projection complete and rescaled.
[2025-11-21 08:44:12] Saved projection result to: /zata/zippy/kresgeb/nmf_stuff/dlPFC/data/batched_projection/proj_k10_seed31415_tol1e-07_L10.0.rds
[2025-11-21 08:44:12] Appended run metadata to summary.tsv
[2025-11-21 08:44:12] --------------------------------------------
[2025-11-21 08:44:12] Starting projection 272 / 750: k=20, seed=31415, tol=1e-07, L1=0.0
[2025-11-21 08:44:12] --------------------------------------------
[2025-11-21 08:44:12] Common genes: 28907
[2025-11-21 08:44:16] Projecting SRT into snRNA NMF basis...
[2025-11-21 08:44:17] Projection complete and rescaled.
[2025-11-21 08:44:17] Saved projection result to: /zata/zippy/kresgeb/nmf_stuff/dlPFC/data/batched_projection/proj_k20_seed31415_tol1e-07_L10.0.rds
[2025-11-21 08:44:17] Appended run metadata to summary.tsv
[2025-11-21 08:44:17] --------------------------------------------
[2025-11-21 08:44:17] Starting projection 273 / 750: k=30, seed=31415, tol=1e-07, L1=0.0
[2025-11-21 08:44:17] --------------------------------------------
[2025-11-21 08:44:18] Common genes: 28907
[2025-11-21 08:44:20] Projecting SRT into snRNA NMF basis...
[2025-11-21 08:44:21] Projection complete and rescaled.
[2025-11-21 08:44:22] Saved projection result to: /zata/zippy/kresgeb/nmf_stuff/dlPFC/data/batched_projection/proj_k30_seed31415_tol1e-07_L10.0.rds
[2025-11-21 08:44:22] Appended run metadata to summary.tsv
[2025-11-21 08:44:22] --------------------------------------------
[2025-11-21 08:44:22] Starting projection 274 / 750: k=40, seed=31415, tol=1e-07, L1=0.0
[2025-11-21 08:44:22] --------------------------------------------
[2025-11-21 08:44:22] Common genes: 28907
[2025-11-21 08:44:24] Projecting SRT into snRNA NMF basis...
[2025-11-21 08:44:26] Projection complete and rescaled.
[2025-11-21 08:44:27] Saved projection result to: /zata/zippy/kresgeb/nmf_stuff/dlPFC/data/batched_projection/proj_k40_seed31415_tol1e-07_L10.0.rds
[2025-11-21 08:44:27] Appended run metadata to summary.tsv
[2025-11-21 08:44:27] --------------------------------------------
[2025-11-21 08:44:27] Starting projection 275 / 750: k=50, seed=31415, tol=1e-07, L1=0.0
[2025-11-21 08:44:27] --------------------------------------------
[2025-11-21 08:44:27] Common genes: 28907
[2025-11-21 08:44:29] Projecting SRT into snRNA NMF basis...
[2025-11-21 08:44:30] Projection complete and rescaled.
[2025-11-21 08:44:31] Saved projection result to: /zata/zippy/kresgeb/nmf_stuff/dlPFC/data/batched_projection/proj_k50_seed31415_tol1e-07_L10.0.rds
[2025-11-21 08:44:31] Appended run metadata to summary.tsv
[2025-11-21 08:44:31] --------------------------------------------
[2025-11-21 08:44:31] Starting projection 276 / 750: k=60, seed=31415, tol=1e-07, L1=0.0
[2025-11-21 08:44:31] --------------------------------------------
[2025-11-21 08:44:32] Common genes: 28907
[2025-11-21 08:44:34] Projecting SRT into snRNA NMF basis...
[2025-11-21 08:44:35] Projection complete and rescaled.
[2025-11-21 08:44:37] Saved projection result to: /zata/zippy/kresgeb/nmf_stuff/dlPFC/data/batched_projection/proj_k60_seed31415_tol1e-07_L10.0.rds
[2025-11-21 08:44:37] Appended run metadata to summary.tsv
[2025-11-21 08:44:37] --------------------------------------------
[2025-11-21 08:44:37] Starting projection 277 / 750: k=70, seed=31415, tol=1e-07, L1=0.0
[2025-11-21 08:44:37] --------------------------------------------
[2025-11-21 08:44:37] Common genes: 28907
[2025-11-21 08:44:41] Projecting SRT into snRNA NMF basis...
[2025-11-21 08:44:43] Projection complete and rescaled.
[2025-11-21 08:44:44] Saved projection result to: /zata/zippy/kresgeb/nmf_stuff/dlPFC/data/batched_projection/proj_k70_seed31415_tol1e-07_L10.0.rds
[2025-11-21 08:44:44] Appended run metadata to summary.tsv
[2025-11-21 08:44:44] --------------------------------------------
[2025-11-21 08:44:44] Starting projection 278 / 750: k=80, seed=31415, tol=1e-07, L1=0.0
[2025-11-21 08:44:44] --------------------------------------------
[2025-11-21 08:44:44] Common genes: 28907
[2025-11-21 08:44:46] Projecting SRT into snRNA NMF basis...
[2025-11-21 08:44:49] Projection complete and rescaled.
[2025-11-21 08:44:51] Saved projection result to: /zata/zippy/kresgeb/nmf_stuff/dlPFC/data/batched_projection/proj_k80_seed31415_tol1e-07_L10.0.rds
[2025-11-21 08:44:51] Appended run metadata to summary.tsv
[2025-11-21 08:44:51] --------------------------------------------
[2025-11-21 08:44:51] Starting projection 279 / 750: k=90, seed=31415, tol=1e-07, L1=0.0
[2025-11-21 08:44:51] --------------------------------------------
[2025-11-21 08:44:51] Common genes: 28907
[2025-11-21 08:44:53] Projecting SRT into snRNA NMF basis...
[2025-11-21 08:44:57] Projection complete and rescaled.
[2025-11-21 08:44:59] Saved projection result to: /zata/zippy/kresgeb/nmf_stuff/dlPFC/data/batched_projection/proj_k90_seed31415_tol1e-07_L10.0.rds
[2025-11-21 08:44:59] Appended run metadata to summary.tsv
[2025-11-21 08:44:59] --------------------------------------------
[2025-11-21 08:44:59] Starting projection 280 / 750: k=100, seed=31415, tol=1e-07, L1=0.0
[2025-11-21 08:44:59] --------------------------------------------
[2025-11-21 08:45:00] Common genes: 28907
[2025-11-21 08:45:02] Projecting SRT into snRNA NMF basis...
[2025-11-21 08:45:05] Projection complete and rescaled.
[2025-11-21 08:45:07] Saved projection result to: /zata/zippy/kresgeb/nmf_stuff/dlPFC/data/batched_projection/proj_k100_seed31415_tol1e-07_L10.0.rds
[2025-11-21 08:45:07] Appended run metadata to summary.tsv
[2025-11-21 08:45:07] --------------------------------------------
[2025-11-21 08:45:07] Starting projection 281 / 750: k=10, seed=120301, tol=1e-07, L1=0.0
[2025-11-21 08:45:07] --------------------------------------------
[2025-11-21 08:45:07] Common genes: 28907
[2025-11-21 08:45:10] Projecting SRT into snRNA NMF basis...
[2025-11-21 08:45:11] Projection complete and rescaled.
[2025-11-21 08:45:11] Saved projection result to: /zata/zippy/kresgeb/nmf_stuff/dlPFC/data/batched_projection/proj_k10_seed120301_tol1e-07_L10.0.rds
[2025-11-21 08:45:11] Appended run metadata to summary.tsv
[2025-11-21 08:45:11] --------------------------------------------
[2025-11-21 08:45:11] Starting projection 282 / 750: k=20, seed=120301, tol=1e-07, L1=0.0
[2025-11-21 08:45:11] --------------------------------------------
[2025-11-21 08:45:11] Common genes: 28907
[2025-11-21 08:45:14] Projecting SRT into snRNA NMF basis...
[2025-11-21 08:45:15] Projection complete and rescaled.
[2025-11-21 08:45:16] Saved projection result to: /zata/zippy/kresgeb/nmf_stuff/dlPFC/data/batched_projection/proj_k20_seed120301_tol1e-07_L10.0.rds
[2025-11-21 08:45:16] Appended run metadata to summary.tsv
[2025-11-21 08:45:16] --------------------------------------------
[2025-11-21 08:45:16] Starting projection 283 / 750: k=30, seed=120301, tol=1e-07, L1=0.0
[2025-11-21 08:45:16] --------------------------------------------
[2025-11-21 08:45:16] Common genes: 28907
[2025-11-21 08:45:21] Projecting SRT into snRNA NMF basis...
[2025-11-21 08:45:22] Projection complete and rescaled.
[2025-11-21 08:45:23] Saved projection result to: /zata/zippy/kresgeb/nmf_stuff/dlPFC/data/batched_projection/proj_k30_seed120301_tol1e-07_L10.0.rds
[2025-11-21 08:45:23] Appended run metadata to summary.tsv
[2025-11-21 08:45:23] --------------------------------------------
[2025-11-21 08:45:23] Starting projection 284 / 750: k=40, seed=120301, tol=1e-07, L1=0.0
[2025-11-21 08:45:23] --------------------------------------------
[2025-11-21 08:45:23] Common genes: 28907
[2025-11-21 08:45:25] Projecting SRT into snRNA NMF basis...
[2025-11-21 08:45:27] Projection complete and rescaled.
[2025-11-21 08:45:28] Saved projection result to: /zata/zippy/kresgeb/nmf_stuff/dlPFC/data/batched_projection/proj_k40_seed120301_tol1e-07_L10.0.rds
[2025-11-21 08:45:28] Appended run metadata to summary.tsv
[2025-11-21 08:45:28] --------------------------------------------
[2025-11-21 08:45:28] Starting projection 285 / 750: k=50, seed=120301, tol=1e-07, L1=0.0
[2025-11-21 08:45:28] --------------------------------------------
[2025-11-21 08:45:28] Common genes: 28907
[2025-11-21 08:45:31] Projecting SRT into snRNA NMF basis...
[2025-11-21 08:45:32] Projection complete and rescaled.
[2025-11-21 08:45:33] Saved projection result to: /zata/zippy/kresgeb/nmf_stuff/dlPFC/data/batched_projection/proj_k50_seed120301_tol1e-07_L10.0.rds
[2025-11-21 08:45:33] Appended run metadata to summary.tsv
[2025-11-21 08:45:33] --------------------------------------------
[2025-11-21 08:45:33] Starting projection 286 / 750: k=60, seed=120301, tol=1e-07, L1=0.0
[2025-11-21 08:45:33] --------------------------------------------
[2025-11-21 08:45:34] Common genes: 28907
[2025-11-21 08:45:36] Projecting SRT into snRNA NMF basis...
[2025-11-21 08:45:38] Projection complete and rescaled.
[2025-11-21 08:45:39] Saved projection result to: /zata/zippy/kresgeb/nmf_stuff/dlPFC/data/batched_projection/proj_k60_seed120301_tol1e-07_L10.0.rds
[2025-11-21 08:45:39] Appended run metadata to summary.tsv
[2025-11-21 08:45:39] --------------------------------------------
[2025-11-21 08:45:39] Starting projection 287 / 750: k=70, seed=120301, tol=1e-07, L1=0.0
[2025-11-21 08:45:39] --------------------------------------------
[2025-11-21 08:45:40] Common genes: 28907
[2025-11-21 08:45:42] Projecting SRT into snRNA NMF basis...
[2025-11-21 08:45:44] Projection complete and rescaled.
[2025-11-21 08:45:46] Saved projection result to: /zata/zippy/kresgeb/nmf_stuff/dlPFC/data/batched_projection/proj_k70_seed120301_tol1e-07_L10.0.rds
[2025-11-21 08:45:46] Appended run metadata to summary.tsv
[2025-11-21 08:45:46] --------------------------------------------
[2025-11-21 08:45:46] Starting projection 288 / 750: k=80, seed=120301, tol=1e-07, L1=0.0
[2025-11-21 08:45:46] --------------------------------------------
[2025-11-21 08:45:46] Common genes: 28907
[2025-11-21 08:45:52] Projecting SRT into snRNA NMF basis...
[2025-11-21 08:45:53] Projection complete and rescaled.
[2025-11-21 08:45:55] Saved projection result to: /zata/zippy/kresgeb/nmf_stuff/dlPFC/data/batched_projection/proj_k80_seed120301_tol1e-07_L10.0.rds
[2025-11-21 08:45:55] Appended run metadata to summary.tsv
[2025-11-21 08:45:55] --------------------------------------------
[2025-11-21 08:45:55] Starting projection 289 / 750: k=90, seed=120301, tol=1e-07, L1=0.0
[2025-11-21 08:45:55] --------------------------------------------
[2025-11-21 08:45:56] Common genes: 28907
[2025-11-21 08:45:58] Projecting SRT into snRNA NMF basis...
[2025-11-21 08:46:01] Projection complete and rescaled.
[2025-11-21 08:46:03] Saved projection result to: /zata/zippy/kresgeb/nmf_stuff/dlPFC/data/batched_projection/proj_k90_seed120301_tol1e-07_L10.0.rds
[2025-11-21 08:46:03] Appended run metadata to summary.tsv
[2025-11-21 08:46:03] --------------------------------------------
[2025-11-21 08:46:03] Starting projection 290 / 750: k=100, seed=120301, tol=1e-07, L1=0.0
[2025-11-21 08:46:03] --------------------------------------------
[2025-11-21 08:46:03] Common genes: 28907
[2025-11-21 08:46:06] Projecting SRT into snRNA NMF basis...
[2025-11-21 08:46:08] Projection complete and rescaled.
[2025-11-21 08:46:10] Saved projection result to: /zata/zippy/kresgeb/nmf_stuff/dlPFC/data/batched_projection/proj_k100_seed120301_tol1e-07_L10.0.rds
[2025-11-21 08:46:10] Appended run metadata to summary.tsv
[2025-11-21 08:46:10] --------------------------------------------
[2025-11-21 08:46:10] Starting projection 291 / 750: k=10, seed=2025, tol=1e-07, L1=0.0
[2025-11-21 08:46:10] --------------------------------------------
[2025-11-21 08:46:11] Common genes: 28907
[2025-11-21 08:46:13] Projecting SRT into snRNA NMF basis...
[2025-11-21 08:46:14] Projection complete and rescaled.
[2025-11-21 08:46:15] Saved projection result to: /zata/zippy/kresgeb/nmf_stuff/dlPFC/data/batched_projection/proj_k10_seed2025_tol1e-07_L10.0.rds
[2025-11-21 08:46:15] Appended run metadata to summary.tsv
[2025-11-21 08:46:15] --------------------------------------------
[2025-11-21 08:46:15] Starting projection 292 / 750: k=20, seed=2025, tol=1e-07, L1=0.0
[2025-11-21 08:46:15] --------------------------------------------
[2025-11-21 08:46:15] Common genes: 28907
[2025-11-21 08:46:17] Projecting SRT into snRNA NMF basis...
[2025-11-21 08:46:18] Projection complete and rescaled.
[2025-11-21 08:46:19] Saved projection result to: /zata/zippy/kresgeb/nmf_stuff/dlPFC/data/batched_projection/proj_k20_seed2025_tol1e-07_L10.0.rds
[2025-11-21 08:46:19] Appended run metadata to summary.tsv
[2025-11-21 08:46:19] --------------------------------------------
[2025-11-21 08:46:19] Starting projection 293 / 750: k=30, seed=2025, tol=1e-07, L1=0.0
[2025-11-21 08:46:19] --------------------------------------------
[2025-11-21 08:46:19] Common genes: 28907
[2025-11-21 08:46:22] Projecting SRT into snRNA NMF basis...
[2025-11-21 08:46:26] Projection complete and rescaled.
[2025-11-21 08:46:26] Saved projection result to: /zata/zippy/kresgeb/nmf_stuff/dlPFC/data/batched_projection/proj_k30_seed2025_tol1e-07_L10.0.rds
[2025-11-21 08:46:26] Appended run metadata to summary.tsv
[2025-11-21 08:46:26] --------------------------------------------
[2025-11-21 08:46:26] Starting projection 294 / 750: k=40, seed=2025, tol=1e-07, L1=0.0
[2025-11-21 08:46:26] --------------------------------------------
[2025-11-21 08:46:27] Common genes: 28907
[2025-11-21 08:46:29] Projecting SRT into snRNA NMF basis...
[2025-11-21 08:46:31] Projection complete and rescaled.
[2025-11-21 08:46:31] Saved projection result to: /zata/zippy/kresgeb/nmf_stuff/dlPFC/data/batched_projection/proj_k40_seed2025_tol1e-07_L10.0.rds
[2025-11-21 08:46:31] Appended run metadata to summary.tsv
[2025-11-21 08:46:31] --------------------------------------------
[2025-11-21 08:46:31] Starting projection 295 / 750: k=50, seed=2025, tol=1e-07, L1=0.0
[2025-11-21 08:46:31] --------------------------------------------
[2025-11-21 08:46:32] Common genes: 28907
[2025-11-21 08:46:34] Projecting SRT into snRNA NMF basis...
[2025-11-21 08:46:36] Projection complete and rescaled.
[2025-11-21 08:46:37] Saved projection result to: /zata/zippy/kresgeb/nmf_stuff/dlPFC/data/batched_projection/proj_k50_seed2025_tol1e-07_L10.0.rds
[2025-11-21 08:46:37] Appended run metadata to summary.tsv
[2025-11-21 08:46:37] --------------------------------------------
[2025-11-21 08:46:37] Starting projection 296 / 750: k=60, seed=2025, tol=1e-07, L1=0.0
[2025-11-21 08:46:37] --------------------------------------------
[2025-11-21 08:46:38] Common genes: 28907
[2025-11-21 08:46:40] Projecting SRT into snRNA NMF basis...
[2025-11-21 08:46:41] Projection complete and rescaled.
[2025-11-21 08:46:43] Saved projection result to: /zata/zippy/kresgeb/nmf_stuff/dlPFC/data/batched_projection/proj_k60_seed2025_tol1e-07_L10.0.rds
[2025-11-21 08:46:43] Appended run metadata to summary.tsv
[2025-11-21 08:46:43] --------------------------------------------
[2025-11-21 08:46:43] Starting projection 297 / 750: k=70, seed=2025, tol=1e-07, L1=0.0
[2025-11-21 08:46:43] --------------------------------------------
[2025-11-21 08:46:43] Common genes: 28907
[2025-11-21 08:46:45] Projecting SRT into snRNA NMF basis...
[2025-11-21 08:46:48] Projection complete and rescaled.
[2025-11-21 08:46:49] Saved projection result to: /zata/zippy/kresgeb/nmf_stuff/dlPFC/data/batched_projection/proj_k70_seed2025_tol1e-07_L10.0.rds
[2025-11-21 08:46:49] Appended run metadata to summary.tsv
[2025-11-21 08:46:49] --------------------------------------------
[2025-11-21 08:46:49] Starting projection 298 / 750: k=80, seed=2025, tol=1e-07, L1=0.0
[2025-11-21 08:46:49] --------------------------------------------
[2025-11-21 08:46:49] Common genes: 28907
[2025-11-21 08:46:52] Projecting SRT into snRNA NMF basis...
[2025-11-21 08:46:54] Projection complete and rescaled.
[2025-11-21 08:46:56] Saved projection result to: /zata/zippy/kresgeb/nmf_stuff/dlPFC/data/batched_projection/proj_k80_seed2025_tol1e-07_L10.0.rds
[2025-11-21 08:46:56] Appended run metadata to summary.tsv
[2025-11-21 08:46:56] --------------------------------------------
[2025-11-21 08:46:56] Starting projection 299 / 750: k=90, seed=2025, tol=1e-07, L1=0.0
[2025-11-21 08:46:56] --------------------------------------------
[2025-11-21 08:46:56] Common genes: 28907
[2025-11-21 08:46:59] Projecting SRT into snRNA NMF basis...
[2025-11-21 08:47:05] Projection complete and rescaled.
[2025-11-21 08:47:06] Saved projection result to: /zata/zippy/kresgeb/nmf_stuff/dlPFC/data/batched_projection/proj_k90_seed2025_tol1e-07_L10.0.rds
[2025-11-21 08:47:06] Appended run metadata to summary.tsv
[2025-11-21 08:47:06] --------------------------------------------
[2025-11-21 08:47:06] Starting projection 300 / 750: k=100, seed=2025, tol=1e-07, L1=0.0
[2025-11-21 08:47:06] --------------------------------------------
[2025-11-21 08:47:07] Common genes: 28907
[2025-11-21 08:47:10] Projecting SRT into snRNA NMF basis...
[2025-11-21 08:47:13] Projection complete and rescaled.
[2025-11-21 08:47:15] Saved projection result to: /zata/zippy/kresgeb/nmf_stuff/dlPFC/data/batched_projection/proj_k100_seed2025_tol1e-07_L10.0.rds
[2025-11-21 08:47:15] Appended run metadata to summary.tsv
[2025-11-21 08:47:15] --------------------------------------------
[2025-11-21 08:47:15] Starting projection 301 / 750: k=10, seed=42, tol=1e-05, L1=0.2
[2025-11-21 08:47:15] --------------------------------------------
[2025-11-21 08:47:15] Common genes: 28907
[2025-11-21 08:47:18] Projecting SRT into snRNA NMF basis...
[2025-11-21 08:47:19] Projection complete and rescaled.
[2025-11-21 08:47:19] Saved projection result to: /zata/zippy/kresgeb/nmf_stuff/dlPFC/data/batched_projection/proj_k10_seed42_tol1e-05_L10.2.rds
[2025-11-21 08:47:19] Appended run metadata to summary.tsv
[2025-11-21 08:47:19] --------------------------------------------
[2025-11-21 08:47:19] Starting projection 302 / 750: k=20, seed=42, tol=1e-05, L1=0.2
[2025-11-21 08:47:19] --------------------------------------------
[2025-11-21 08:47:19] Common genes: 28907
[2025-11-21 08:47:23] Projecting SRT into snRNA NMF basis...
[2025-11-21 08:47:24] Projection complete and rescaled.
[2025-11-21 08:47:24] Saved projection result to: /zata/zippy/kresgeb/nmf_stuff/dlPFC/data/batched_projection/proj_k20_seed42_tol1e-05_L10.2.rds
[2025-11-21 08:47:24] Appended run metadata to summary.tsv
[2025-11-21 08:47:24] --------------------------------------------
[2025-11-21 08:47:24] Starting projection 303 / 750: k=30, seed=42, tol=1e-05, L1=0.2
[2025-11-21 08:47:24] --------------------------------------------
[2025-11-21 08:47:25] Common genes: 28907
[2025-11-21 08:47:30] Projecting SRT into snRNA NMF basis...
[2025-11-21 08:47:31] Projection complete and rescaled.
[2025-11-21 08:47:32] Saved projection result to: /zata/zippy/kresgeb/nmf_stuff/dlPFC/data/batched_projection/proj_k30_seed42_tol1e-05_L10.2.rds
[2025-11-21 08:47:32] Appended run metadata to summary.tsv
[2025-11-21 08:47:32] --------------------------------------------
[2025-11-21 08:47:32] Starting projection 304 / 750: k=40, seed=42, tol=1e-05, L1=0.2
[2025-11-21 08:47:32] --------------------------------------------
[2025-11-21 08:47:32] Common genes: 28907
[2025-11-21 08:47:35] Projecting SRT into snRNA NMF basis...
[2025-11-21 08:47:36] Projection complete and rescaled.
[2025-11-21 08:47:37] Saved projection result to: /zata/zippy/kresgeb/nmf_stuff/dlPFC/data/batched_projection/proj_k40_seed42_tol1e-05_L10.2.rds
[2025-11-21 08:47:37] Appended run metadata to summary.tsv
[2025-11-21 08:47:37] --------------------------------------------
[2025-11-21 08:47:37] Starting projection 305 / 750: k=50, seed=42, tol=1e-05, L1=0.2
[2025-11-21 08:47:37] --------------------------------------------
[2025-11-21 08:47:37] Common genes: 28907
[2025-11-21 08:47:39] Projecting SRT into snRNA NMF basis...
[2025-11-21 08:47:41] Projection complete and rescaled.
[2025-11-21 08:47:42] Saved projection result to: /zata/zippy/kresgeb/nmf_stuff/dlPFC/data/batched_projection/proj_k50_seed42_tol1e-05_L10.2.rds
[2025-11-21 08:47:42] Appended run metadata to summary.tsv
[2025-11-21 08:47:42] --------------------------------------------
[2025-11-21 08:47:42] Starting projection 306 / 750: k=60, seed=42, tol=1e-05, L1=0.2
[2025-11-21 08:47:42] --------------------------------------------
[2025-11-21 08:47:43] Common genes: 28907
[2025-11-21 08:47:45] Projecting SRT into snRNA NMF basis...
[2025-11-21 08:47:47] Projection complete and rescaled.
[2025-11-21 08:47:48] Saved projection result to: /zata/zippy/kresgeb/nmf_stuff/dlPFC/data/batched_projection/proj_k60_seed42_tol1e-05_L10.2.rds
[2025-11-21 08:47:48] Appended run metadata to summary.tsv
[2025-11-21 08:47:48] --------------------------------------------
[2025-11-21 08:47:48] Starting projection 307 / 750: k=70, seed=42, tol=1e-05, L1=0.2
[2025-11-21 08:47:48] --------------------------------------------
[2025-11-21 08:47:49] Common genes: 28907
[2025-11-21 08:47:51] Projecting SRT into snRNA NMF basis...
[2025-11-21 08:47:53] Projection complete and rescaled.
[2025-11-21 08:47:55] Saved projection result to: /zata/zippy/kresgeb/nmf_stuff/dlPFC/data/batched_projection/proj_k70_seed42_tol1e-05_L10.2.rds
[2025-11-21 08:47:55] Appended run metadata to summary.tsv
[2025-11-21 08:47:55] --------------------------------------------
[2025-11-21 08:47:55] Starting projection 308 / 750: k=80, seed=42, tol=1e-05, L1=0.2
[2025-11-21 08:47:55] --------------------------------------------
[2025-11-21 08:47:55] Common genes: 28907
[2025-11-21 08:48:01] Projecting SRT into snRNA NMF basis...
[2025-11-21 08:48:03] Projection complete and rescaled.
[2025-11-21 08:48:04] Saved projection result to: /zata/zippy/kresgeb/nmf_stuff/dlPFC/data/batched_projection/proj_k80_seed42_tol1e-05_L10.2.rds
[2025-11-21 08:48:04] Appended run metadata to summary.tsv
[2025-11-21 08:48:04] --------------------------------------------
[2025-11-21 08:48:04] Starting projection 309 / 750: k=90, seed=42, tol=1e-05, L1=0.2
[2025-11-21 08:48:04] --------------------------------------------
[2025-11-21 08:48:05] Common genes: 28907
[2025-11-21 08:48:07] Projecting SRT into snRNA NMF basis...
[2025-11-21 08:48:10] Projection complete and rescaled.
[2025-11-21 08:48:12] Saved projection result to: /zata/zippy/kresgeb/nmf_stuff/dlPFC/data/batched_projection/proj_k90_seed42_tol1e-05_L10.2.rds
[2025-11-21 08:48:12] Appended run metadata to summary.tsv
[2025-11-21 08:48:12] --------------------------------------------
[2025-11-21 08:48:12] Starting projection 310 / 750: k=100, seed=42, tol=1e-05, L1=0.2
[2025-11-21 08:48:12] --------------------------------------------
[2025-11-21 08:48:13] Common genes: 28907
[2025-11-21 08:48:18] Projecting SRT into snRNA NMF basis...
[2025-11-21 08:48:21] Projection complete and rescaled.
[2025-11-21 08:48:23] Saved projection result to: /zata/zippy/kresgeb/nmf_stuff/dlPFC/data/batched_projection/proj_k100_seed42_tol1e-05_L10.2.rds
[2025-11-21 08:48:23] Appended run metadata to summary.tsv
[2025-11-21 08:48:23] --------------------------------------------
[2025-11-21 08:48:23] Starting projection 311 / 750: k=10, seed=1029, tol=1e-05, L1=0.2
[2025-11-21 08:48:23] --------------------------------------------
[2025-11-21 08:48:23] Common genes: 28907
[2025-11-21 08:48:25] Projecting SRT into snRNA NMF basis...
[2025-11-21 08:48:26] Projection complete and rescaled.
[2025-11-21 08:48:26] Saved projection result to: /zata/zippy/kresgeb/nmf_stuff/dlPFC/data/batched_projection/proj_k10_seed1029_tol1e-05_L10.2.rds
[2025-11-21 08:48:26] Appended run metadata to summary.tsv
[2025-11-21 08:48:26] --------------------------------------------
[2025-11-21 08:48:26] Starting projection 312 / 750: k=20, seed=1029, tol=1e-05, L1=0.2
[2025-11-21 08:48:26] --------------------------------------------
[2025-11-21 08:48:27] Common genes: 28907
[2025-11-21 08:48:29] Projecting SRT into snRNA NMF basis...
[2025-11-21 08:48:30] Projection complete and rescaled.
[2025-11-21 08:48:31] Saved projection result to: /zata/zippy/kresgeb/nmf_stuff/dlPFC/data/batched_projection/proj_k20_seed1029_tol1e-05_L10.2.rds
[2025-11-21 08:48:31] Appended run metadata to summary.tsv
[2025-11-21 08:48:31] --------------------------------------------
[2025-11-21 08:48:31] Starting projection 313 / 750: k=30, seed=1029, tol=1e-05, L1=0.2
[2025-11-21 08:48:31] --------------------------------------------
[2025-11-21 08:48:31] Common genes: 28907
[2025-11-21 08:48:33] Projecting SRT into snRNA NMF basis...
[2025-11-21 08:48:34] Projection complete and rescaled.
[2025-11-21 08:48:35] Saved projection result to: /zata/zippy/kresgeb/nmf_stuff/dlPFC/data/batched_projection/proj_k30_seed1029_tol1e-05_L10.2.rds
[2025-11-21 08:48:35] Appended run metadata to summary.tsv
[2025-11-21 08:48:35] --------------------------------------------
[2025-11-21 08:48:35] Starting projection 314 / 750: k=40, seed=1029, tol=1e-05, L1=0.2
[2025-11-21 08:48:35] --------------------------------------------
[2025-11-21 08:48:35] Common genes: 28907
[2025-11-21 08:48:37] Projecting SRT into snRNA NMF basis...
[2025-11-21 08:48:38] Projection complete and rescaled.
[2025-11-21 08:48:39] Saved projection result to: /zata/zippy/kresgeb/nmf_stuff/dlPFC/data/batched_projection/proj_k40_seed1029_tol1e-05_L10.2.rds
[2025-11-21 08:48:39] Appended run metadata to summary.tsv
[2025-11-21 08:48:39] --------------------------------------------
[2025-11-21 08:48:39] Starting projection 315 / 750: k=50, seed=1029, tol=1e-05, L1=0.2
[2025-11-21 08:48:39] --------------------------------------------
[2025-11-21 08:48:39] Common genes: 28907
[2025-11-21 08:48:44] Projecting SRT into snRNA NMF basis...
[2025-11-21 08:48:45] Projection complete and rescaled.
[2025-11-21 08:48:46] Saved projection result to: /zata/zippy/kresgeb/nmf_stuff/dlPFC/data/batched_projection/proj_k50_seed1029_tol1e-05_L10.2.rds
[2025-11-21 08:48:46] Appended run metadata to summary.tsv
[2025-11-21 08:48:46] --------------------------------------------
[2025-11-21 08:48:46] Starting projection 316 / 750: k=60, seed=1029, tol=1e-05, L1=0.2
[2025-11-21 08:48:46] --------------------------------------------
[2025-11-21 08:48:47] Common genes: 28907
[2025-11-21 08:48:49] Projecting SRT into snRNA NMF basis...
[2025-11-21 08:48:51] Projection complete and rescaled.
[2025-11-21 08:48:52] Saved projection result to: /zata/zippy/kresgeb/nmf_stuff/dlPFC/data/batched_projection/proj_k60_seed1029_tol1e-05_L10.2.rds
[2025-11-21 08:48:52] Appended run metadata to summary.tsv
[2025-11-21 08:48:52] --------------------------------------------
[2025-11-21 08:48:52] Starting projection 317 / 750: k=70, seed=1029, tol=1e-05, L1=0.2
[2025-11-21 08:48:52] --------------------------------------------
[2025-11-21 08:48:52] Common genes: 28907
[2025-11-21 08:48:55] Projecting SRT into snRNA NMF basis...
[2025-11-21 08:48:57] Projection complete and rescaled.
[2025-11-21 08:48:58] Saved projection result to: /zata/zippy/kresgeb/nmf_stuff/dlPFC/data/batched_projection/proj_k70_seed1029_tol1e-05_L10.2.rds
[2025-11-21 08:48:58] Appended run metadata to summary.tsv
[2025-11-21 08:48:58] --------------------------------------------
[2025-11-21 08:48:58] Starting projection 318 / 750: k=80, seed=1029, tol=1e-05, L1=0.2
[2025-11-21 08:48:58] --------------------------------------------
[2025-11-21 08:48:59] Common genes: 28907
[2025-11-21 08:49:01] Projecting SRT into snRNA NMF basis...
[2025-11-21 08:49:04] Projection complete and rescaled.
[2025-11-21 08:49:05] Saved projection result to: /zata/zippy/kresgeb/nmf_stuff/dlPFC/data/batched_projection/proj_k80_seed1029_tol1e-05_L10.2.rds
[2025-11-21 08:49:05] Appended run metadata to summary.tsv
[2025-11-21 08:49:05] --------------------------------------------
[2025-11-21 08:49:05] Starting projection 319 / 750: k=90, seed=1029, tol=1e-05, L1=0.2
[2025-11-21 08:49:05] --------------------------------------------
[2025-11-21 08:49:06] Common genes: 28907
[2025-11-21 08:49:08] Projecting SRT into snRNA NMF basis...
[2025-11-21 08:49:11] Projection complete and rescaled.
[2025-11-21 08:49:12] Saved projection result to: /zata/zippy/kresgeb/nmf_stuff/dlPFC/data/batched_projection/proj_k90_seed1029_tol1e-05_L10.2.rds
[2025-11-21 08:49:12] Appended run metadata to summary.tsv
[2025-11-21 08:49:12] --------------------------------------------
[2025-11-21 08:49:12] Starting projection 320 / 750: k=100, seed=1029, tol=1e-05, L1=0.2
[2025-11-21 08:49:12] --------------------------------------------
[2025-11-21 08:49:13] Common genes: 28907
[2025-11-21 08:49:19] Projecting SRT into snRNA NMF basis...
[2025-11-21 08:49:21] Projection complete and rescaled.
[2025-11-21 08:49:23] Saved projection result to: /zata/zippy/kresgeb/nmf_stuff/dlPFC/data/batched_projection/proj_k100_seed1029_tol1e-05_L10.2.rds
[2025-11-21 08:49:23] Appended run metadata to summary.tsv
[2025-11-21 08:49:23] --------------------------------------------
[2025-11-21 08:49:23] Starting projection 321 / 750: k=10, seed=31415, tol=1e-05, L1=0.2
[2025-11-21 08:49:23] --------------------------------------------
[2025-11-21 08:49:23] Common genes: 28907
[2025-11-21 08:49:26] Projecting SRT into snRNA NMF basis...
[2025-11-21 08:49:27] Projection complete and rescaled.
[2025-11-21 08:49:28] Saved projection result to: /zata/zippy/kresgeb/nmf_stuff/dlPFC/data/batched_projection/proj_k10_seed31415_tol1e-05_L10.2.rds
[2025-11-21 08:49:28] Appended run metadata to summary.tsv
[2025-11-21 08:49:28] --------------------------------------------
[2025-11-21 08:49:28] Starting projection 322 / 750: k=20, seed=31415, tol=1e-05, L1=0.2
[2025-11-21 08:49:28] --------------------------------------------
[2025-11-21 08:49:28] Common genes: 28907
[2025-11-21 08:49:30] Projecting SRT into snRNA NMF basis...
[2025-11-21 08:49:32] Projection complete and rescaled.
[2025-11-21 08:49:32] Saved projection result to: /zata/zippy/kresgeb/nmf_stuff/dlPFC/data/batched_projection/proj_k20_seed31415_tol1e-05_L10.2.rds
[2025-11-21 08:49:32] Appended run metadata to summary.tsv
[2025-11-21 08:49:32] --------------------------------------------
[2025-11-21 08:49:32] Starting projection 323 / 750: k=30, seed=31415, tol=1e-05, L1=0.2
[2025-11-21 08:49:32] --------------------------------------------
[2025-11-21 08:49:32] Common genes: 28907
[2025-11-21 08:49:34] Projecting SRT into snRNA NMF basis...
[2025-11-21 08:49:36] Projection complete and rescaled.
[2025-11-21 08:49:36] Saved projection result to: /zata/zippy/kresgeb/nmf_stuff/dlPFC/data/batched_projection/proj_k30_seed31415_tol1e-05_L10.2.rds
[2025-11-21 08:49:36] Appended run metadata to summary.tsv
[2025-11-21 08:49:36] --------------------------------------------
[2025-11-21 08:49:36] Starting projection 324 / 750: k=40, seed=31415, tol=1e-05, L1=0.2
[2025-11-21 08:49:36] --------------------------------------------
[2025-11-21 08:49:37] Common genes: 28907
[2025-11-21 08:49:39] Projecting SRT into snRNA NMF basis...
[2025-11-21 08:49:43] Projection complete and rescaled.
[2025-11-21 08:49:44] Saved projection result to: /zata/zippy/kresgeb/nmf_stuff/dlPFC/data/batched_projection/proj_k40_seed31415_tol1e-05_L10.2.rds
[2025-11-21 08:49:44] Appended run metadata to summary.tsv
[2025-11-21 08:49:44] --------------------------------------------
[2025-11-21 08:49:44] Starting projection 325 / 750: k=50, seed=31415, tol=1e-05, L1=0.2
[2025-11-21 08:49:44] --------------------------------------------
[2025-11-21 08:49:44] Common genes: 28907
[2025-11-21 08:49:47] Projecting SRT into snRNA NMF basis...
[2025-11-21 08:49:49] Projection complete and rescaled.
[2025-11-21 08:49:50] Saved projection result to: /zata/zippy/kresgeb/nmf_stuff/dlPFC/data/batched_projection/proj_k50_seed31415_tol1e-05_L10.2.rds
[2025-11-21 08:49:50] Appended run metadata to summary.tsv
[2025-11-21 08:49:50] --------------------------------------------
[2025-11-21 08:49:50] Starting projection 326 / 750: k=60, seed=31415, tol=1e-05, L1=0.2
[2025-11-21 08:49:50] --------------------------------------------
[2025-11-21 08:49:50] Common genes: 28907
[2025-11-21 08:49:52] Projecting SRT into snRNA NMF basis...
[2025-11-21 08:49:54] Projection complete and rescaled.
[2025-11-21 08:49:56] Saved projection result to: /zata/zippy/kresgeb/nmf_stuff/dlPFC/data/batched_projection/proj_k60_seed31415_tol1e-05_L10.2.rds
[2025-11-21 08:49:56] Appended run metadata to summary.tsv
[2025-11-21 08:49:56] --------------------------------------------
[2025-11-21 08:49:56] Starting projection 327 / 750: k=70, seed=31415, tol=1e-05, L1=0.2
[2025-11-21 08:49:56] --------------------------------------------
[2025-11-21 08:49:56] Common genes: 28907
[2025-11-21 08:49:58] Projecting SRT into snRNA NMF basis...
[2025-11-21 08:50:00] Projection complete and rescaled.
[2025-11-21 08:50:01] Saved projection result to: /zata/zippy/kresgeb/nmf_stuff/dlPFC/data/batched_projection/proj_k70_seed31415_tol1e-05_L10.2.rds
[2025-11-21 08:50:01] Appended run metadata to summary.tsv
[2025-11-21 08:50:01] --------------------------------------------
[2025-11-21 08:50:01] Starting projection 328 / 750: k=80, seed=31415, tol=1e-05, L1=0.2
[2025-11-21 08:50:01] --------------------------------------------
[2025-11-21 08:50:02] Common genes: 28907
[2025-11-21 08:50:04] Projecting SRT into snRNA NMF basis...
[2025-11-21 08:50:06] Projection complete and rescaled.
[2025-11-21 08:50:08] Saved projection result to: /zata/zippy/kresgeb/nmf_stuff/dlPFC/data/batched_projection/proj_k80_seed31415_tol1e-05_L10.2.rds
[2025-11-21 08:50:08] Appended run metadata to summary.tsv
[2025-11-21 08:50:08] --------------------------------------------
[2025-11-21 08:50:08] Starting projection 329 / 750: k=90, seed=31415, tol=1e-05, L1=0.2
[2025-11-21 08:50:08] --------------------------------------------
[2025-11-21 08:50:08] Common genes: 28907
[2025-11-21 08:50:11] Projecting SRT into snRNA NMF basis...
[2025-11-21 08:50:14] Projection complete and rescaled.
[2025-11-21 08:50:16] Saved projection result to: /zata/zippy/kresgeb/nmf_stuff/dlPFC/data/batched_projection/proj_k90_seed31415_tol1e-05_L10.2.rds
[2025-11-21 08:50:16] Appended run metadata to summary.tsv
[2025-11-21 08:50:16] --------------------------------------------
[2025-11-21 08:50:16] Starting projection 330 / 750: k=100, seed=31415, tol=1e-05, L1=0.2
[2025-11-21 08:50:16] --------------------------------------------
[2025-11-21 08:50:16] Common genes: 28907
[2025-11-21 08:50:18] Projecting SRT into snRNA NMF basis...
[2025-11-21 08:50:20] Projection complete and rescaled.
[2025-11-21 08:50:22] Saved projection result to: /zata/zippy/kresgeb/nmf_stuff/dlPFC/data/batched_projection/proj_k100_seed31415_tol1e-05_L10.2.rds
[2025-11-21 08:50:22] Appended run metadata to summary.tsv
[2025-11-21 08:50:22] --------------------------------------------
[2025-11-21 08:50:22] Starting projection 331 / 750: k=10, seed=120301, tol=1e-05, L1=0.2
[2025-11-21 08:50:22] --------------------------------------------
[2025-11-21 08:50:23] Common genes: 28907
[2025-11-21 08:50:28] Projecting SRT into snRNA NMF basis...
[2025-11-21 08:50:29] Projection complete and rescaled.
[2025-11-21 08:50:29] Saved projection result to: /zata/zippy/kresgeb/nmf_stuff/dlPFC/data/batched_projection/proj_k10_seed120301_tol1e-05_L10.2.rds
[2025-11-21 08:50:29] Appended run metadata to summary.tsv
[2025-11-21 08:50:29] --------------------------------------------
[2025-11-21 08:50:29] Starting projection 332 / 750: k=20, seed=120301, tol=1e-05, L1=0.2
[2025-11-21 08:50:29] --------------------------------------------
[2025-11-21 08:50:29] Common genes: 28907
[2025-11-21 08:50:31] Projecting SRT into snRNA NMF basis...
[2025-11-21 08:50:33] Projection complete and rescaled.
[2025-11-21 08:50:33] Saved projection result to: /zata/zippy/kresgeb/nmf_stuff/dlPFC/data/batched_projection/proj_k20_seed120301_tol1e-05_L10.2.rds
[2025-11-21 08:50:33] Appended run metadata to summary.tsv
[2025-11-21 08:50:33] --------------------------------------------
[2025-11-21 08:50:33] Starting projection 333 / 750: k=30, seed=120301, tol=1e-05, L1=0.2
[2025-11-21 08:50:33] --------------------------------------------
[2025-11-21 08:50:34] Common genes: 28907
[2025-11-21 08:50:36] Projecting SRT into snRNA NMF basis...
[2025-11-21 08:50:37] Projection complete and rescaled.
[2025-11-21 08:50:38] Saved projection result to: /zata/zippy/kresgeb/nmf_stuff/dlPFC/data/batched_projection/proj_k30_seed120301_tol1e-05_L10.2.rds
[2025-11-21 08:50:38] Appended run metadata to summary.tsv
[2025-11-21 08:50:38] --------------------------------------------
[2025-11-21 08:50:38] Starting projection 334 / 750: k=40, seed=120301, tol=1e-05, L1=0.2
[2025-11-21 08:50:38] --------------------------------------------
[2025-11-21 08:50:38] Common genes: 28907
[2025-11-21 08:50:40] Projecting SRT into snRNA NMF basis...
[2025-11-21 08:50:42] Projection complete and rescaled.
[2025-11-21 08:50:43] Saved projection result to: /zata/zippy/kresgeb/nmf_stuff/dlPFC/data/batched_projection/proj_k40_seed120301_tol1e-05_L10.2.rds
[2025-11-21 08:50:43] Appended run metadata to summary.tsv
[2025-11-21 08:50:43] --------------------------------------------
[2025-11-21 08:50:43] Starting projection 335 / 750: k=50, seed=120301, tol=1e-05, L1=0.2
[2025-11-21 08:50:43] --------------------------------------------
[2025-11-21 08:50:43] Common genes: 28907
[2025-11-21 08:50:46] Projecting SRT into snRNA NMF basis...
[2025-11-21 08:50:47] Projection complete and rescaled.
[2025-11-21 08:50:48] Saved projection result to: /zata/zippy/kresgeb/nmf_stuff/dlPFC/data/batched_projection/proj_k50_seed120301_tol1e-05_L10.2.rds
[2025-11-21 08:50:48] Appended run metadata to summary.tsv
[2025-11-21 08:50:48] --------------------------------------------
[2025-11-21 08:50:48] Starting projection 336 / 750: k=60, seed=120301, tol=1e-05, L1=0.2
[2025-11-21 08:50:48] --------------------------------------------
[2025-11-21 08:50:48] Common genes: 28907
[2025-11-21 08:50:52] Projecting SRT into snRNA NMF basis...
[2025-11-21 08:50:54] Projection complete and rescaled.
[2025-11-21 08:50:55] Saved projection result to: /zata/zippy/kresgeb/nmf_stuff/dlPFC/data/batched_projection/proj_k60_seed120301_tol1e-05_L10.2.rds
[2025-11-21 08:50:55] Appended run metadata to summary.tsv
[2025-11-21 08:50:55] --------------------------------------------
[2025-11-21 08:50:55] Starting projection 337 / 750: k=70, seed=120301, tol=1e-05, L1=0.2
[2025-11-21 08:50:55] --------------------------------------------
[2025-11-21 08:50:56] Common genes: 28907
[2025-11-21 08:50:58] Projecting SRT into snRNA NMF basis...
[2025-11-21 08:51:00] Projection complete and rescaled.
[2025-11-21 08:51:01] Saved projection result to: /zata/zippy/kresgeb/nmf_stuff/dlPFC/data/batched_projection/proj_k70_seed120301_tol1e-05_L10.2.rds
[2025-11-21 08:51:01] Appended run metadata to summary.tsv
[2025-11-21 08:51:01] --------------------------------------------
[2025-11-21 08:51:01] Starting projection 338 / 750: k=80, seed=120301, tol=1e-05, L1=0.2
[2025-11-21 08:51:01] --------------------------------------------
[2025-11-21 08:51:02] Common genes: 28907
[2025-11-21 08:51:04] Projecting SRT into snRNA NMF basis...
[2025-11-21 08:51:06] Projection complete and rescaled.
[2025-11-21 08:51:08] Saved projection result to: /zata/zippy/kresgeb/nmf_stuff/dlPFC/data/batched_projection/proj_k80_seed120301_tol1e-05_L10.2.rds
[2025-11-21 08:51:08] Appended run metadata to summary.tsv
[2025-11-21 08:51:08] --------------------------------------------
[2025-11-21 08:51:08] Starting projection 339 / 750: k=90, seed=120301, tol=1e-05, L1=0.2
[2025-11-21 08:51:08] --------------------------------------------
[2025-11-21 08:51:08] Common genes: 28907
[2025-11-21 08:51:11] Projecting SRT into snRNA NMF basis...
[2025-11-21 08:51:15] Projection complete and rescaled.
[2025-11-21 08:51:17] Saved projection result to: /zata/zippy/kresgeb/nmf_stuff/dlPFC/data/batched_projection/proj_k90_seed120301_tol1e-05_L10.2.rds
[2025-11-21 08:51:17] Appended run metadata to summary.tsv
[2025-11-21 08:51:17] --------------------------------------------
[2025-11-21 08:51:17] Starting projection 340 / 750: k=100, seed=120301, tol=1e-05, L1=0.2
[2025-11-21 08:51:17] --------------------------------------------
[2025-11-21 08:51:17] Common genes: 28907
[2025-11-21 08:51:19] Projecting SRT into snRNA NMF basis...
[2025-11-21 08:51:22] Projection complete and rescaled.
[2025-11-21 08:51:24] Saved projection result to: /zata/zippy/kresgeb/nmf_stuff/dlPFC/data/batched_projection/proj_k100_seed120301_tol1e-05_L10.2.rds
[2025-11-21 08:51:24] Appended run metadata to summary.tsv
[2025-11-21 08:51:24] --------------------------------------------
[2025-11-21 08:51:24] Starting projection 341 / 750: k=10, seed=2025, tol=1e-05, L1=0.2
[2025-11-21 08:51:24] --------------------------------------------
[2025-11-21 08:51:24] Common genes: 28907
[2025-11-21 08:51:26] Projecting SRT into snRNA NMF basis...
[2025-11-21 08:51:27] Projection complete and rescaled.
[2025-11-21 08:51:27] Saved projection result to: /zata/zippy/kresgeb/nmf_stuff/dlPFC/data/batched_projection/proj_k10_seed2025_tol1e-05_L10.2.rds
[2025-11-21 08:51:27] Appended run metadata to summary.tsv
[2025-11-21 08:51:27] --------------------------------------------
[2025-11-21 08:51:27] Starting projection 342 / 750: k=20, seed=2025, tol=1e-05, L1=0.2
[2025-11-21 08:51:27] --------------------------------------------
[2025-11-21 08:51:27] Common genes: 28907
[2025-11-21 08:51:30] Projecting SRT into snRNA NMF basis...
[2025-11-21 08:51:31] Projection complete and rescaled.
[2025-11-21 08:51:31] Saved projection result to: /zata/zippy/kresgeb/nmf_stuff/dlPFC/data/batched_projection/proj_k20_seed2025_tol1e-05_L10.2.rds
[2025-11-21 08:51:31] Appended run metadata to summary.tsv
[2025-11-21 08:51:31] --------------------------------------------
[2025-11-21 08:51:31] Starting projection 343 / 750: k=30, seed=2025, tol=1e-05, L1=0.2
[2025-11-21 08:51:31] --------------------------------------------
[2025-11-21 08:51:32] Common genes: 28907
[2025-11-21 08:51:35] Projecting SRT into snRNA NMF basis...
[2025-11-21 08:51:37] Projection complete and rescaled.
[2025-11-21 08:51:37] Saved projection result to: /zata/zippy/kresgeb/nmf_stuff/dlPFC/data/batched_projection/proj_k30_seed2025_tol1e-05_L10.2.rds
[2025-11-21 08:51:37] Appended run metadata to summary.tsv
[2025-11-21 08:51:37] --------------------------------------------
[2025-11-21 08:51:37] Starting projection 344 / 750: k=40, seed=2025, tol=1e-05, L1=0.2
[2025-11-21 08:51:37] --------------------------------------------
[2025-11-21 08:51:38] Common genes: 28907
[2025-11-21 08:51:40] Projecting SRT into snRNA NMF basis...
[2025-11-21 08:51:41] Projection complete and rescaled.
[2025-11-21 08:51:42] Saved projection result to: /zata/zippy/kresgeb/nmf_stuff/dlPFC/data/batched_projection/proj_k40_seed2025_tol1e-05_L10.2.rds
[2025-11-21 08:51:42] Appended run metadata to summary.tsv
[2025-11-21 08:51:42] --------------------------------------------
[2025-11-21 08:51:42] Starting projection 345 / 750: k=50, seed=2025, tol=1e-05, L1=0.2
[2025-11-21 08:51:42] --------------------------------------------
[2025-11-21 08:51:42] Common genes: 28907
[2025-11-21 08:51:44] Projecting SRT into snRNA NMF basis...
[2025-11-21 08:51:46] Projection complete and rescaled.
[2025-11-21 08:51:47] Saved projection result to: /zata/zippy/kresgeb/nmf_stuff/dlPFC/data/batched_projection/proj_k50_seed2025_tol1e-05_L10.2.rds
[2025-11-21 08:51:47] Appended run metadata to summary.tsv
[2025-11-21 08:51:47] --------------------------------------------
[2025-11-21 08:51:47] Starting projection 346 / 750: k=60, seed=2025, tol=1e-05, L1=0.2
[2025-11-21 08:51:47] --------------------------------------------
[2025-11-21 08:51:48] Common genes: 28907
[2025-11-21 08:51:49] Projecting SRT into snRNA NMF basis...
[2025-11-21 08:51:51] Projection complete and rescaled.
[2025-11-21 08:51:52] Saved projection result to: /zata/zippy/kresgeb/nmf_stuff/dlPFC/data/batched_projection/proj_k60_seed2025_tol1e-05_L10.2.rds
[2025-11-21 08:51:52] Appended run metadata to summary.tsv
[2025-11-21 08:51:52] --------------------------------------------
[2025-11-21 08:51:52] Starting projection 347 / 750: k=70, seed=2025, tol=1e-05, L1=0.2
[2025-11-21 08:51:52] --------------------------------------------
[2025-11-21 08:51:52] Common genes: 28907
[2025-11-21 08:51:54] Projecting SRT into snRNA NMF basis...
[2025-11-21 08:51:56] Projection complete and rescaled.
[2025-11-21 08:51:57] Saved projection result to: /zata/zippy/kresgeb/nmf_stuff/dlPFC/data/batched_projection/proj_k70_seed2025_tol1e-05_L10.2.rds
[2025-11-21 08:51:57] Appended run metadata to summary.tsv
[2025-11-21 08:51:57] --------------------------------------------
[2025-11-21 08:51:57] Starting projection 348 / 750: k=80, seed=2025, tol=1e-05, L1=0.2
[2025-11-21 08:51:57] --------------------------------------------
[2025-11-21 08:51:58] Common genes: 28907
[2025-11-21 08:52:01] Projecting SRT into snRNA NMF basis...
[2025-11-21 08:52:03] Projection complete and rescaled.
[2025-11-21 08:52:04] Saved projection result to: /zata/zippy/kresgeb/nmf_stuff/dlPFC/data/batched_projection/proj_k80_seed2025_tol1e-05_L10.2.rds
[2025-11-21 08:52:04] Appended run metadata to summary.tsv
[2025-11-21 08:52:04] --------------------------------------------
[2025-11-21 08:52:04] Starting projection 349 / 750: k=90, seed=2025, tol=1e-05, L1=0.2
[2025-11-21 08:52:04] --------------------------------------------
[2025-11-21 08:52:05] Common genes: 28907
[2025-11-21 08:52:07] Projecting SRT into snRNA NMF basis...
[2025-11-21 08:52:10] Projection complete and rescaled.
[2025-11-21 08:52:11] Saved projection result to: /zata/zippy/kresgeb/nmf_stuff/dlPFC/data/batched_projection/proj_k90_seed2025_tol1e-05_L10.2.rds
[2025-11-21 08:52:11] Appended run metadata to summary.tsv
[2025-11-21 08:52:11] --------------------------------------------
[2025-11-21 08:52:11] Starting projection 350 / 750: k=100, seed=2025, tol=1e-05, L1=0.2
[2025-11-21 08:52:11] --------------------------------------------
[2025-11-21 08:52:12] Common genes: 28907
[2025-11-21 08:52:14] Projecting SRT into snRNA NMF basis...
[2025-11-21 08:52:16] Projection complete and rescaled.
[2025-11-21 08:52:18] Saved projection result to: /zata/zippy/kresgeb/nmf_stuff/dlPFC/data/batched_projection/proj_k100_seed2025_tol1e-05_L10.2.rds
[2025-11-21 08:52:18] Appended run metadata to summary.tsv
[2025-11-21 08:52:18] --------------------------------------------
[2025-11-21 08:52:18] Starting projection 351 / 750: k=10, seed=42, tol=1e-06, L1=0.2
[2025-11-21 08:52:18] --------------------------------------------
[2025-11-21 08:52:18] Common genes: 28907
[2025-11-21 08:52:22] Projecting SRT into snRNA NMF basis...
[2025-11-21 08:52:22] Projection complete and rescaled.
[2025-11-21 08:52:23] Saved projection result to: /zata/zippy/kresgeb/nmf_stuff/dlPFC/data/batched_projection/proj_k10_seed42_tol1e-06_L10.2.rds
[2025-11-21 08:52:23] Appended run metadata to summary.tsv
[2025-11-21 08:52:23] --------------------------------------------
[2025-11-21 08:52:23] Starting projection 352 / 750: k=20, seed=42, tol=1e-06, L1=0.2
[2025-11-21 08:52:23] --------------------------------------------
[2025-11-21 08:52:23] Common genes: 28907
[2025-11-21 08:52:25] Projecting SRT into snRNA NMF basis...
[2025-11-21 08:52:26] Projection complete and rescaled.
[2025-11-21 08:52:27] Saved projection result to: /zata/zippy/kresgeb/nmf_stuff/dlPFC/data/batched_projection/proj_k20_seed42_tol1e-06_L10.2.rds
[2025-11-21 08:52:27] Appended run metadata to summary.tsv
[2025-11-21 08:52:27] --------------------------------------------
[2025-11-21 08:52:27] Starting projection 353 / 750: k=30, seed=42, tol=1e-06, L1=0.2
[2025-11-21 08:52:27] --------------------------------------------
[2025-11-21 08:52:27] Common genes: 28907
[2025-11-21 08:52:29] Projecting SRT into snRNA NMF basis...
[2025-11-21 08:52:31] Projection complete and rescaled.
[2025-11-21 08:52:31] Saved projection result to: /zata/zippy/kresgeb/nmf_stuff/dlPFC/data/batched_projection/proj_k30_seed42_tol1e-06_L10.2.rds
[2025-11-21 08:52:31] Appended run metadata to summary.tsv
[2025-11-21 08:52:31] --------------------------------------------
[2025-11-21 08:52:31] Starting projection 354 / 750: k=40, seed=42, tol=1e-06, L1=0.2
[2025-11-21 08:52:31] --------------------------------------------
[2025-11-21 08:52:32] Common genes: 28907
[2025-11-21 08:52:33] Projecting SRT into snRNA NMF basis...
[2025-11-21 08:52:35] Projection complete and rescaled.
[2025-11-21 08:52:35] Saved projection result to: /zata/zippy/kresgeb/nmf_stuff/dlPFC/data/batched_projection/proj_k40_seed42_tol1e-06_L10.2.rds
[2025-11-21 08:52:35] Appended run metadata to summary.tsv
[2025-11-21 08:52:35] --------------------------------------------
[2025-11-21 08:52:35] Starting projection 355 / 750: k=50, seed=42, tol=1e-06, L1=0.2
[2025-11-21 08:52:35] --------------------------------------------
[2025-11-21 08:52:36] Common genes: 28907
[2025-11-21 08:52:38] Projecting SRT into snRNA NMF basis...
[2025-11-21 08:52:41] Projection complete and rescaled.
[2025-11-21 08:52:42] Saved projection result to: /zata/zippy/kresgeb/nmf_stuff/dlPFC/data/batched_projection/proj_k50_seed42_tol1e-06_L10.2.rds
[2025-11-21 08:52:42] Appended run metadata to summary.tsv
[2025-11-21 08:52:42] --------------------------------------------
[2025-11-21 08:52:42] Starting projection 356 / 750: k=60, seed=42, tol=1e-06, L1=0.2
[2025-11-21 08:52:42] --------------------------------------------
[2025-11-21 08:52:42] Common genes: 28907
[2025-11-21 08:52:44] Projecting SRT into snRNA NMF basis...
[2025-11-21 08:52:46] Projection complete and rescaled.
[2025-11-21 08:52:47] Saved projection result to: /zata/zippy/kresgeb/nmf_stuff/dlPFC/data/batched_projection/proj_k60_seed42_tol1e-06_L10.2.rds
[2025-11-21 08:52:47] Appended run metadata to summary.tsv
[2025-11-21 08:52:47] --------------------------------------------
[2025-11-21 08:52:47] Starting projection 357 / 750: k=70, seed=42, tol=1e-06, L1=0.2
[2025-11-21 08:52:47] --------------------------------------------
[2025-11-21 08:52:47] Common genes: 28907
[2025-11-21 08:52:49] Projecting SRT into snRNA NMF basis...
[2025-11-21 08:52:51] Projection complete and rescaled.
[2025-11-21 08:52:52] Saved projection result to: /zata/zippy/kresgeb/nmf_stuff/dlPFC/data/batched_projection/proj_k70_seed42_tol1e-06_L10.2.rds
[2025-11-21 08:52:52] Appended run metadata to summary.tsv
[2025-11-21 08:52:52] --------------------------------------------
[2025-11-21 08:52:52] Starting projection 358 / 750: k=80, seed=42, tol=1e-06, L1=0.2
[2025-11-21 08:52:52] --------------------------------------------
[2025-11-21 08:52:53] Common genes: 28907
[2025-11-21 08:52:54] Projecting SRT into snRNA NMF basis...
[2025-11-21 08:52:57] Projection complete and rescaled.
[2025-11-21 08:52:58] Saved projection result to: /zata/zippy/kresgeb/nmf_stuff/dlPFC/data/batched_projection/proj_k80_seed42_tol1e-06_L10.2.rds
[2025-11-21 08:52:58] Appended run metadata to summary.tsv
[2025-11-21 08:52:58] --------------------------------------------
[2025-11-21 08:52:58] Starting projection 359 / 750: k=90, seed=42, tol=1e-06, L1=0.2
[2025-11-21 08:52:58] --------------------------------------------
[2025-11-21 08:52:59] Common genes: 28907
[2025-11-21 08:53:01] Projecting SRT into snRNA NMF basis...
[2025-11-21 08:53:03] Projection complete and rescaled.
[2025-11-21 08:53:05] Saved projection result to: /zata/zippy/kresgeb/nmf_stuff/dlPFC/data/batched_projection/proj_k90_seed42_tol1e-06_L10.2.rds
[2025-11-21 08:53:05] Appended run metadata to summary.tsv
[2025-11-21 08:53:05] --------------------------------------------
[2025-11-21 08:53:05] Starting projection 360 / 750: k=100, seed=42, tol=1e-06, L1=0.2
[2025-11-21 08:53:05] --------------------------------------------
[2025-11-21 08:53:05] Common genes: 28907
[2025-11-21 08:53:09] Projecting SRT into snRNA NMF basis...
[2025-11-21 08:53:11] Projection complete and rescaled.
[2025-11-21 08:53:13] Saved projection result to: /zata/zippy/kresgeb/nmf_stuff/dlPFC/data/batched_projection/proj_k100_seed42_tol1e-06_L10.2.rds
[2025-11-21 08:53:13] Appended run metadata to summary.tsv
[2025-11-21 08:53:13] --------------------------------------------
[2025-11-21 08:53:13] Starting projection 361 / 750: k=10, seed=1029, tol=1e-06, L1=0.2
[2025-11-21 08:53:13] --------------------------------------------
[2025-11-21 08:53:13] Common genes: 28907
[2025-11-21 08:53:15] Projecting SRT into snRNA NMF basis...
[2025-11-21 08:53:16] Projection complete and rescaled.
[2025-11-21 08:53:17] Saved projection result to: /zata/zippy/kresgeb/nmf_stuff/dlPFC/data/batched_projection/proj_k10_seed1029_tol1e-06_L10.2.rds
[2025-11-21 08:53:17] Appended run metadata to summary.tsv
[2025-11-21 08:53:17] --------------------------------------------
[2025-11-21 08:53:17] Starting projection 362 / 750: k=20, seed=1029, tol=1e-06, L1=0.2
[2025-11-21 08:53:17] --------------------------------------------
[2025-11-21 08:53:17] Common genes: 28907
[2025-11-21 08:53:19] Projecting SRT into snRNA NMF basis...
[2025-11-21 08:53:20] Projection complete and rescaled.
[2025-11-21 08:53:21] Saved projection result to: /zata/zippy/kresgeb/nmf_stuff/dlPFC/data/batched_projection/proj_k20_seed1029_tol1e-06_L10.2.rds
[2025-11-21 08:53:21] Appended run metadata to summary.tsv
[2025-11-21 08:53:21] --------------------------------------------
[2025-11-21 08:53:21] Starting projection 363 / 750: k=30, seed=1029, tol=1e-06, L1=0.2
[2025-11-21 08:53:21] --------------------------------------------
[2025-11-21 08:53:21] Common genes: 28907
[2025-11-21 08:53:23] Projecting SRT into snRNA NMF basis...
[2025-11-21 08:53:25] Projection complete and rescaled.
[2025-11-21 08:53:25] Saved projection result to: /zata/zippy/kresgeb/nmf_stuff/dlPFC/data/batched_projection/proj_k30_seed1029_tol1e-06_L10.2.rds
[2025-11-21 08:53:25] Appended run metadata to summary.tsv
[2025-11-21 08:53:25] --------------------------------------------
[2025-11-21 08:53:25] Starting projection 364 / 750: k=40, seed=1029, tol=1e-06, L1=0.2
[2025-11-21 08:53:25] --------------------------------------------
[2025-11-21 08:53:26] Common genes: 28907
[2025-11-21 08:53:28] Projecting SRT into snRNA NMF basis...
[2025-11-21 08:53:29] Projection complete and rescaled.
[2025-11-21 08:53:30] Saved projection result to: /zata/zippy/kresgeb/nmf_stuff/dlPFC/data/batched_projection/proj_k40_seed1029_tol1e-06_L10.2.rds
[2025-11-21 08:53:30] Appended run metadata to summary.tsv
[2025-11-21 08:53:30] --------------------------------------------
[2025-11-21 08:53:30] Starting projection 365 / 750: k=50, seed=1029, tol=1e-06, L1=0.2
[2025-11-21 08:53:30] --------------------------------------------
[2025-11-21 08:53:31] Common genes: 28907
[2025-11-21 08:53:34] Projecting SRT into snRNA NMF basis...
[2025-11-21 08:53:35] Projection complete and rescaled.
[2025-11-21 08:53:36] Saved projection result to: /zata/zippy/kresgeb/nmf_stuff/dlPFC/data/batched_projection/proj_k50_seed1029_tol1e-06_L10.2.rds
[2025-11-21 08:53:36] Appended run metadata to summary.tsv
[2025-11-21 08:53:36] --------------------------------------------
[2025-11-21 08:53:36] Starting projection 366 / 750: k=60, seed=1029, tol=1e-06, L1=0.2
[2025-11-21 08:53:36] --------------------------------------------
[2025-11-21 08:53:37] Common genes: 28907
[2025-11-21 08:53:39] Projecting SRT into snRNA NMF basis...
[2025-11-21 08:53:40] Projection complete and rescaled.
[2025-11-21 08:53:42] Saved projection result to: /zata/zippy/kresgeb/nmf_stuff/dlPFC/data/batched_projection/proj_k60_seed1029_tol1e-06_L10.2.rds
[2025-11-21 08:53:42] Appended run metadata to summary.tsv
[2025-11-21 08:53:42] --------------------------------------------
[2025-11-21 08:53:42] Starting projection 367 / 750: k=70, seed=1029, tol=1e-06, L1=0.2
[2025-11-21 08:53:42] --------------------------------------------
[2025-11-21 08:53:42] Common genes: 28907
[2025-11-21 08:53:44] Projecting SRT into snRNA NMF basis...
[2025-11-21 08:53:46] Projection complete and rescaled.
[2025-11-21 08:53:48] Saved projection result to: /zata/zippy/kresgeb/nmf_stuff/dlPFC/data/batched_projection/proj_k70_seed1029_tol1e-06_L10.2.rds
[2025-11-21 08:53:48] Appended run metadata to summary.tsv
[2025-11-21 08:53:48] --------------------------------------------
[2025-11-21 08:53:48] Starting projection 368 / 750: k=80, seed=1029, tol=1e-06, L1=0.2
[2025-11-21 08:53:48] --------------------------------------------
[2025-11-21 08:53:48] Common genes: 28907
[2025-11-21 08:53:50] Projecting SRT into snRNA NMF basis...
[2025-11-21 08:53:52] Projection complete and rescaled.
[2025-11-21 08:53:53] Saved projection result to: /zata/zippy/kresgeb/nmf_stuff/dlPFC/data/batched_projection/proj_k80_seed1029_tol1e-06_L10.2.rds
[2025-11-21 08:53:53] Appended run metadata to summary.tsv
[2025-11-21 08:53:53] --------------------------------------------
[2025-11-21 08:53:53] Starting projection 369 / 750: k=90, seed=1029, tol=1e-06, L1=0.2
[2025-11-21 08:53:53] --------------------------------------------
[2025-11-21 08:53:54] Common genes: 28907
[2025-11-21 08:53:56] Projecting SRT into snRNA NMF basis...
[2025-11-21 08:53:58] Projection complete and rescaled.
[2025-11-21 08:53:59] Saved projection result to: /zata/zippy/kresgeb/nmf_stuff/dlPFC/data/batched_projection/proj_k90_seed1029_tol1e-06_L10.2.rds
[2025-11-21 08:53:59] Appended run metadata to summary.tsv
[2025-11-21 08:53:59] --------------------------------------------
[2025-11-21 08:53:59] Starting projection 370 / 750: k=100, seed=1029, tol=1e-06, L1=0.2
[2025-11-21 08:53:59] --------------------------------------------
[2025-11-21 08:54:00] Common genes: 28907
[2025-11-21 08:54:04] Projecting SRT into snRNA NMF basis...
[2025-11-21 08:54:06] Projection complete and rescaled.
[2025-11-21 08:54:08] Saved projection result to: /zata/zippy/kresgeb/nmf_stuff/dlPFC/data/batched_projection/proj_k100_seed1029_tol1e-06_L10.2.rds
[2025-11-21 08:54:08] Appended run metadata to summary.tsv
[2025-11-21 08:54:08] --------------------------------------------
[2025-11-21 08:54:08] Starting projection 371 / 750: k=10, seed=31415, tol=1e-06, L1=0.2
[2025-11-21 08:54:08] --------------------------------------------
[2025-11-21 08:54:08] Common genes: 28907
[2025-11-21 08:54:10] Projecting SRT into snRNA NMF basis...
[2025-11-21 08:54:12] Projection complete and rescaled.
[2025-11-21 08:54:12] Saved projection result to: /zata/zippy/kresgeb/nmf_stuff/dlPFC/data/batched_projection/proj_k10_seed31415_tol1e-06_L10.2.rds
[2025-11-21 08:54:12] Appended run metadata to summary.tsv
[2025-11-21 08:54:12] --------------------------------------------
[2025-11-21 08:54:12] Starting projection 372 / 750: k=20, seed=31415, tol=1e-06, L1=0.2
[2025-11-21 08:54:12] --------------------------------------------
[2025-11-21 08:54:12] Common genes: 28907
[2025-11-21 08:54:14] Projecting SRT into snRNA NMF basis...
[2025-11-21 08:54:18] Projection complete and rescaled.
[2025-11-21 08:54:18] Saved projection result to: /zata/zippy/kresgeb/nmf_stuff/dlPFC/data/batched_projection/proj_k20_seed31415_tol1e-06_L10.2.rds
[2025-11-21 08:54:18] Appended run metadata to summary.tsv
[2025-11-21 08:54:18] --------------------------------------------
[2025-11-21 08:54:18] Starting projection 373 / 750: k=30, seed=31415, tol=1e-06, L1=0.2
[2025-11-21 08:54:18] --------------------------------------------
[2025-11-21 08:54:19] Common genes: 28907
[2025-11-21 08:54:20] Projecting SRT into snRNA NMF basis...
[2025-11-21 08:54:21] Projection complete and rescaled.
[2025-11-21 08:54:22] Saved projection result to: /zata/zippy/kresgeb/nmf_stuff/dlPFC/data/batched_projection/proj_k30_seed31415_tol1e-06_L10.2.rds
[2025-11-21 08:54:22] Appended run metadata to summary.tsv
[2025-11-21 08:54:22] --------------------------------------------
[2025-11-21 08:54:22] Starting projection 374 / 750: k=40, seed=31415, tol=1e-06, L1=0.2
[2025-11-21 08:54:22] --------------------------------------------
[2025-11-21 08:54:22] Common genes: 28907
[2025-11-21 08:54:24] Projecting SRT into snRNA NMF basis...
[2025-11-21 08:54:26] Projection complete and rescaled.
[2025-11-21 08:54:27] Saved projection result to: /zata/zippy/kresgeb/nmf_stuff/dlPFC/data/batched_projection/proj_k40_seed31415_tol1e-06_L10.2.rds
[2025-11-21 08:54:27] Appended run metadata to summary.tsv
[2025-11-21 08:54:27] --------------------------------------------
[2025-11-21 08:54:27] Starting projection 375 / 750: k=50, seed=31415, tol=1e-06, L1=0.2
[2025-11-21 08:54:27] --------------------------------------------
[2025-11-21 08:54:27] Common genes: 28907
[2025-11-21 08:54:29] Projecting SRT into snRNA NMF basis...
[2025-11-21 08:54:30] Projection complete and rescaled.
[2025-11-21 08:54:31] Saved projection result to: /zata/zippy/kresgeb/nmf_stuff/dlPFC/data/batched_projection/proj_k50_seed31415_tol1e-06_L10.2.rds
[2025-11-21 08:54:31] Appended run metadata to summary.tsv
[2025-11-21 08:54:31] --------------------------------------------
[2025-11-21 08:54:31] Starting projection 376 / 750: k=60, seed=31415, tol=1e-06, L1=0.2
[2025-11-21 08:54:31] --------------------------------------------
[2025-11-21 08:54:32] Common genes: 28907
[2025-11-21 08:54:34] Projecting SRT into snRNA NMF basis...
[2025-11-21 08:54:36] Projection complete and rescaled.
[2025-11-21 08:54:37] Saved projection result to: /zata/zippy/kresgeb/nmf_stuff/dlPFC/data/batched_projection/proj_k60_seed31415_tol1e-06_L10.2.rds
[2025-11-21 08:54:37] Appended run metadata to summary.tsv
[2025-11-21 08:54:37] --------------------------------------------
[2025-11-21 08:54:37] Starting projection 377 / 750: k=70, seed=31415, tol=1e-06, L1=0.2
[2025-11-21 08:54:37] --------------------------------------------
[2025-11-21 08:54:37] Common genes: 28907
[2025-11-21 08:54:39] Projecting SRT into snRNA NMF basis...
[2025-11-21 08:54:41] Projection complete and rescaled.
[2025-11-21 08:54:42] Saved projection result to: /zata/zippy/kresgeb/nmf_stuff/dlPFC/data/batched_projection/proj_k70_seed31415_tol1e-06_L10.2.rds
[2025-11-21 08:54:42] Appended run metadata to summary.tsv
[2025-11-21 08:54:42] --------------------------------------------
[2025-11-21 08:54:42] Starting projection 378 / 750: k=80, seed=31415, tol=1e-06, L1=0.2
[2025-11-21 08:54:42] --------------------------------------------
[2025-11-21 08:54:43] Common genes: 28907
[2025-11-21 08:54:45] Projecting SRT into snRNA NMF basis...
[2025-11-21 08:54:47] Projection complete and rescaled.
[2025-11-21 08:54:49] Saved projection result to: /zata/zippy/kresgeb/nmf_stuff/dlPFC/data/batched_projection/proj_k80_seed31415_tol1e-06_L10.2.rds
[2025-11-21 08:54:49] Appended run metadata to summary.tsv
[2025-11-21 08:54:49] --------------------------------------------
[2025-11-21 08:54:49] Starting projection 379 / 750: k=90, seed=31415, tol=1e-06, L1=0.2
[2025-11-21 08:54:49] --------------------------------------------
[2025-11-21 08:54:49] Common genes: 28907
[2025-11-21 08:54:54] Projecting SRT into snRNA NMF basis...
[2025-11-21 08:54:56] Projection complete and rescaled.
[2025-11-21 08:54:58] Saved projection result to: /zata/zippy/kresgeb/nmf_stuff/dlPFC/data/batched_projection/proj_k90_seed31415_tol1e-06_L10.2.rds
[2025-11-21 08:54:58] Appended run metadata to summary.tsv
[2025-11-21 08:54:58] --------------------------------------------
[2025-11-21 08:54:58] Starting projection 380 / 750: k=100, seed=31415, tol=1e-06, L1=0.2
[2025-11-21 08:54:58] --------------------------------------------
[2025-11-21 08:54:58] Common genes: 28907
[2025-11-21 08:55:01] Projecting SRT into snRNA NMF basis...
[2025-11-21 08:55:04] Projection complete and rescaled.
[2025-11-21 08:55:05] Saved projection result to: /zata/zippy/kresgeb/nmf_stuff/dlPFC/data/batched_projection/proj_k100_seed31415_tol1e-06_L10.2.rds
[2025-11-21 08:55:06] Appended run metadata to summary.tsv
[2025-11-21 08:55:06] --------------------------------------------
[2025-11-21 08:55:06] Starting projection 381 / 750: k=10, seed=120301, tol=1e-06, L1=0.2
[2025-11-21 08:55:06] --------------------------------------------
[2025-11-21 08:55:06] Common genes: 28907
[2025-11-21 08:55:08] Projecting SRT into snRNA NMF basis...
[2025-11-21 08:55:09] Projection complete and rescaled.
[2025-11-21 08:55:09] Saved projection result to: /zata/zippy/kresgeb/nmf_stuff/dlPFC/data/batched_projection/proj_k10_seed120301_tol1e-06_L10.2.rds
[2025-11-21 08:55:09] Appended run metadata to summary.tsv
[2025-11-21 08:55:09] --------------------------------------------
[2025-11-21 08:55:09] Starting projection 382 / 750: k=20, seed=120301, tol=1e-06, L1=0.2
[2025-11-21 08:55:09] --------------------------------------------
[2025-11-21 08:55:10] Common genes: 28907
[2025-11-21 08:55:14] Projecting SRT into snRNA NMF basis...
[2025-11-21 08:55:15] Projection complete and rescaled.
[2025-11-21 08:55:16] Saved projection result to: /zata/zippy/kresgeb/nmf_stuff/dlPFC/data/batched_projection/proj_k20_seed120301_tol1e-06_L10.2.rds
[2025-11-21 08:55:16] Appended run metadata to summary.tsv
[2025-11-21 08:55:16] --------------------------------------------
[2025-11-21 08:55:16] Starting projection 383 / 750: k=30, seed=120301, tol=1e-06, L1=0.2
[2025-11-21 08:55:16] --------------------------------------------
[2025-11-21 08:55:16] Common genes: 28907
[2025-11-21 08:55:18] Projecting SRT into snRNA NMF basis...
[2025-11-21 08:55:19] Projection complete and rescaled.
[2025-11-21 08:55:20] Saved projection result to: /zata/zippy/kresgeb/nmf_stuff/dlPFC/data/batched_projection/proj_k30_seed120301_tol1e-06_L10.2.rds
[2025-11-21 08:55:20] Appended run metadata to summary.tsv
[2025-11-21 08:55:20] --------------------------------------------
[2025-11-21 08:55:20] Starting projection 384 / 750: k=40, seed=120301, tol=1e-06, L1=0.2
[2025-11-21 08:55:20] --------------------------------------------
[2025-11-21 08:55:20] Common genes: 28907
[2025-11-21 08:55:22] Projecting SRT into snRNA NMF basis...
[2025-11-21 08:55:24] Projection complete and rescaled.
[2025-11-21 08:55:25] Saved projection result to: /zata/zippy/kresgeb/nmf_stuff/dlPFC/data/batched_projection/proj_k40_seed120301_tol1e-06_L10.2.rds
[2025-11-21 08:55:25] Appended run metadata to summary.tsv
[2025-11-21 08:55:25] --------------------------------------------
[2025-11-21 08:55:25] Starting projection 385 / 750: k=50, seed=120301, tol=1e-06, L1=0.2
[2025-11-21 08:55:25] --------------------------------------------
[2025-11-21 08:55:26] Common genes: 28907
[2025-11-21 08:55:28] Projecting SRT into snRNA NMF basis...
[2025-11-21 08:55:29] Projection complete and rescaled.
[2025-11-21 08:55:30] Saved projection result to: /zata/zippy/kresgeb/nmf_stuff/dlPFC/data/batched_projection/proj_k50_seed120301_tol1e-06_L10.2.rds
[2025-11-21 08:55:30] Appended run metadata to summary.tsv
[2025-11-21 08:55:30] --------------------------------------------
[2025-11-21 08:55:30] Starting projection 386 / 750: k=60, seed=120301, tol=1e-06, L1=0.2
[2025-11-21 08:55:30] --------------------------------------------
[2025-11-21 08:55:31] Common genes: 28907
[2025-11-21 08:55:33] Projecting SRT into snRNA NMF basis...
[2025-11-21 08:55:35] Projection complete and rescaled.
[2025-11-21 08:55:36] Saved projection result to: /zata/zippy/kresgeb/nmf_stuff/dlPFC/data/batched_projection/proj_k60_seed120301_tol1e-06_L10.2.rds
[2025-11-21 08:55:36] Appended run metadata to summary.tsv
[2025-11-21 08:55:36] --------------------------------------------
[2025-11-21 08:55:36] Starting projection 387 / 750: k=70, seed=120301, tol=1e-06, L1=0.2
[2025-11-21 08:55:36] --------------------------------------------
[2025-11-21 08:55:37] Common genes: 28907
[2025-11-21 08:55:41] Projecting SRT into snRNA NMF basis...
[2025-11-21 08:55:43] Projection complete and rescaled.
[2025-11-21 08:55:44] Saved projection result to: /zata/zippy/kresgeb/nmf_stuff/dlPFC/data/batched_projection/proj_k70_seed120301_tol1e-06_L10.2.rds
[2025-11-21 08:55:44] Appended run metadata to summary.tsv
[2025-11-21 08:55:44] --------------------------------------------
[2025-11-21 08:55:44] Starting projection 388 / 750: k=80, seed=120301, tol=1e-06, L1=0.2
[2025-11-21 08:55:44] --------------------------------------------
[2025-11-21 08:55:45] Common genes: 28907
[2025-11-21 08:55:47] Projecting SRT into snRNA NMF basis...
[2025-11-21 08:55:51] Projection complete and rescaled.
[2025-11-21 08:55:53] Saved projection result to: /zata/zippy/kresgeb/nmf_stuff/dlPFC/data/batched_projection/proj_k80_seed120301_tol1e-06_L10.2.rds
[2025-11-21 08:55:53] Appended run metadata to summary.tsv
[2025-11-21 08:55:53] --------------------------------------------
[2025-11-21 08:55:53] Starting projection 389 / 750: k=90, seed=120301, tol=1e-06, L1=0.2
[2025-11-21 08:55:53] --------------------------------------------
[2025-11-21 08:55:53] Common genes: 28907
[2025-11-21 08:55:55] Projecting SRT into snRNA NMF basis...
[2025-11-21 08:55:57] Projection complete and rescaled.
[2025-11-21 08:55:59] Saved projection result to: /zata/zippy/kresgeb/nmf_stuff/dlPFC/data/batched_projection/proj_k90_seed120301_tol1e-06_L10.2.rds
[2025-11-21 08:55:59] Appended run metadata to summary.tsv
[2025-11-21 08:55:59] --------------------------------------------
[2025-11-21 08:55:59] Starting projection 390 / 750: k=100, seed=120301, tol=1e-06, L1=0.2
[2025-11-21 08:55:59] --------------------------------------------
[2025-11-21 08:56:00] Common genes: 28907
[2025-11-21 08:56:02] Projecting SRT into snRNA NMF basis...
[2025-11-21 08:56:04] Projection complete and rescaled.
[2025-11-21 08:56:06] Saved projection result to: /zata/zippy/kresgeb/nmf_stuff/dlPFC/data/batched_projection/proj_k100_seed120301_tol1e-06_L10.2.rds
[2025-11-21 08:56:06] Appended run metadata to summary.tsv
[2025-11-21 08:56:06] --------------------------------------------
[2025-11-21 08:56:06] Starting projection 391 / 750: k=10, seed=2025, tol=1e-06, L1=0.2
[2025-11-21 08:56:06] --------------------------------------------
[2025-11-21 08:56:07] Common genes: 28907
[2025-11-21 08:56:09] Projecting SRT into snRNA NMF basis...
[2025-11-21 08:56:10] Projection complete and rescaled.
[2025-11-21 08:56:10] Saved projection result to: /zata/zippy/kresgeb/nmf_stuff/dlPFC/data/batched_projection/proj_k10_seed2025_tol1e-06_L10.2.rds
[2025-11-21 08:56:10] Appended run metadata to summary.tsv
[2025-11-21 08:56:10] --------------------------------------------
[2025-11-21 08:56:10] Starting projection 392 / 750: k=20, seed=2025, tol=1e-06, L1=0.2
[2025-11-21 08:56:10] --------------------------------------------
[2025-11-21 08:56:10] Common genes: 28907
[2025-11-21 08:56:12] Projecting SRT into snRNA NMF basis...
[2025-11-21 08:56:14] Projection complete and rescaled.
[2025-11-21 08:56:15] Saved projection result to: /zata/zippy/kresgeb/nmf_stuff/dlPFC/data/batched_projection/proj_k20_seed2025_tol1e-06_L10.2.rds
[2025-11-21 08:56:15] Appended run metadata to summary.tsv
[2025-11-21 08:56:15] --------------------------------------------
[2025-11-21 08:56:15] Starting projection 393 / 750: k=30, seed=2025, tol=1e-06, L1=0.2
[2025-11-21 08:56:15] --------------------------------------------
[2025-11-21 08:56:15] Common genes: 28907
[2025-11-21 08:56:17] Projecting SRT into snRNA NMF basis...
[2025-11-21 08:56:18] Projection complete and rescaled.
[2025-11-21 08:56:19] Saved projection result to: /zata/zippy/kresgeb/nmf_stuff/dlPFC/data/batched_projection/proj_k30_seed2025_tol1e-06_L10.2.rds
[2025-11-21 08:56:19] Appended run metadata to summary.tsv
[2025-11-21 08:56:19] --------------------------------------------
[2025-11-21 08:56:19] Starting projection 394 / 750: k=40, seed=2025, tol=1e-06, L1=0.2
[2025-11-21 08:56:19] --------------------------------------------
[2025-11-21 08:56:19] Common genes: 28907
[2025-11-21 08:56:21] Projecting SRT into snRNA NMF basis...
[2025-11-21 08:56:23] Projection complete and rescaled.
[2025-11-21 08:56:24] Saved projection result to: /zata/zippy/kresgeb/nmf_stuff/dlPFC/data/batched_projection/proj_k40_seed2025_tol1e-06_L10.2.rds
[2025-11-21 08:56:24] Appended run metadata to summary.tsv
[2025-11-21 08:56:24] --------------------------------------------
[2025-11-21 08:56:24] Starting projection 395 / 750: k=50, seed=2025, tol=1e-06, L1=0.2
[2025-11-21 08:56:24] --------------------------------------------
[2025-11-21 08:56:24] Common genes: 28907
[2025-11-21 08:56:29] Projecting SRT into snRNA NMF basis...
[2025-11-21 08:56:30] Projection complete and rescaled.
[2025-11-21 08:56:31] Saved projection result to: /zata/zippy/kresgeb/nmf_stuff/dlPFC/data/batched_projection/proj_k50_seed2025_tol1e-06_L10.2.rds
[2025-11-21 08:56:31] Appended run metadata to summary.tsv
[2025-11-21 08:56:31] --------------------------------------------
[2025-11-21 08:56:31] Starting projection 396 / 750: k=60, seed=2025, tol=1e-06, L1=0.2
[2025-11-21 08:56:31] --------------------------------------------
[2025-11-21 08:56:31] Common genes: 28907
[2025-11-21 08:56:33] Projecting SRT into snRNA NMF basis...
[2025-11-21 08:56:35] Projection complete and rescaled.
[2025-11-21 08:56:36] Saved projection result to: /zata/zippy/kresgeb/nmf_stuff/dlPFC/data/batched_projection/proj_k60_seed2025_tol1e-06_L10.2.rds
[2025-11-21 08:56:36] Appended run metadata to summary.tsv
[2025-11-21 08:56:36] --------------------------------------------
[2025-11-21 08:56:36] Starting projection 397 / 750: k=70, seed=2025, tol=1e-06, L1=0.2
[2025-11-21 08:56:36] --------------------------------------------
[2025-11-21 08:56:37] Common genes: 28907
[2025-11-21 08:56:39] Projecting SRT into snRNA NMF basis...
[2025-11-21 08:56:41] Projection complete and rescaled.
[2025-11-21 08:56:42] Saved projection result to: /zata/zippy/kresgeb/nmf_stuff/dlPFC/data/batched_projection/proj_k70_seed2025_tol1e-06_L10.2.rds
[2025-11-21 08:56:42] Appended run metadata to summary.tsv
[2025-11-21 08:56:42] --------------------------------------------
[2025-11-21 08:56:42] Starting projection 398 / 750: k=80, seed=2025, tol=1e-06, L1=0.2
[2025-11-21 08:56:42] --------------------------------------------
[2025-11-21 08:56:43] Common genes: 28907
[2025-11-21 08:56:45] Projecting SRT into snRNA NMF basis...
[2025-11-21 08:56:47] Projection complete and rescaled.
[2025-11-21 08:56:49] Saved projection result to: /zata/zippy/kresgeb/nmf_stuff/dlPFC/data/batched_projection/proj_k80_seed2025_tol1e-06_L10.2.rds
[2025-11-21 08:56:49] Appended run metadata to summary.tsv
[2025-11-21 08:56:49] --------------------------------------------
[2025-11-21 08:56:49] Starting projection 399 / 750: k=90, seed=2025, tol=1e-06, L1=0.2
[2025-11-21 08:56:49] --------------------------------------------
[2025-11-21 08:56:49] Common genes: 28907
[2025-11-21 08:56:52] Projecting SRT into snRNA NMF basis...
[2025-11-21 08:56:54] Projection complete and rescaled.
[2025-11-21 08:56:56] Saved projection result to: /zata/zippy/kresgeb/nmf_stuff/dlPFC/data/batched_projection/proj_k90_seed2025_tol1e-06_L10.2.rds
[2025-11-21 08:56:56] Appended run metadata to summary.tsv
[2025-11-21 08:56:56] --------------------------------------------
[2025-11-21 08:56:56] Starting projection 400 / 750: k=100, seed=2025, tol=1e-06, L1=0.2
[2025-11-21 08:56:56] --------------------------------------------
[2025-11-21 08:56:56] Common genes: 28907
[2025-11-21 08:57:00] Projecting SRT into snRNA NMF basis...
[2025-11-21 08:57:02] Projection complete and rescaled.
[2025-11-21 08:57:04] Saved projection result to: /zata/zippy/kresgeb/nmf_stuff/dlPFC/data/batched_projection/proj_k100_seed2025_tol1e-06_L10.2.rds
[2025-11-21 08:57:04] Appended run metadata to summary.tsv
[2025-11-21 08:57:04] --------------------------------------------
[2025-11-21 08:57:04] Starting projection 401 / 750: k=10, seed=42, tol=1e-07, L1=0.2
[2025-11-21 08:57:04] --------------------------------------------
[2025-11-21 08:57:04] Common genes: 28907
[2025-11-21 08:57:06] Projecting SRT into snRNA NMF basis...
[2025-11-21 08:57:07] Projection complete and rescaled.
[2025-11-21 08:57:08] Saved projection result to: /zata/zippy/kresgeb/nmf_stuff/dlPFC/data/batched_projection/proj_k10_seed42_tol1e-07_L10.2.rds
[2025-11-21 08:57:08] Appended run metadata to summary.tsv
[2025-11-21 08:57:08] --------------------------------------------
[2025-11-21 08:57:08] Starting projection 402 / 750: k=20, seed=42, tol=1e-07, L1=0.2
[2025-11-21 08:57:08] --------------------------------------------
[2025-11-21 08:57:08] Common genes: 28907
[2025-11-21 08:57:10] Projecting SRT into snRNA NMF basis...
[2025-11-21 08:57:11] Projection complete and rescaled.
[2025-11-21 08:57:12] Saved projection result to: /zata/zippy/kresgeb/nmf_stuff/dlPFC/data/batched_projection/proj_k20_seed42_tol1e-07_L10.2.rds
[2025-11-21 08:57:12] Appended run metadata to summary.tsv
[2025-11-21 08:57:12] --------------------------------------------
[2025-11-21 08:57:12] Starting projection 403 / 750: k=30, seed=42, tol=1e-07, L1=0.2
[2025-11-21 08:57:12] --------------------------------------------
[2025-11-21 08:57:12] Common genes: 28907
[2025-11-21 08:57:14] Projecting SRT into snRNA NMF basis...
[2025-11-21 08:57:16] Projection complete and rescaled.
[2025-11-21 08:57:16] Saved projection result to: /zata/zippy/kresgeb/nmf_stuff/dlPFC/data/batched_projection/proj_k30_seed42_tol1e-07_L10.2.rds
[2025-11-21 08:57:16] Appended run metadata to summary.tsv
[2025-11-21 08:57:16] --------------------------------------------
[2025-11-21 08:57:16] Starting projection 404 / 750: k=40, seed=42, tol=1e-07, L1=0.2
[2025-11-21 08:57:16] --------------------------------------------
[2025-11-21 08:57:17] Common genes: 28907
[2025-11-21 08:57:19] Projecting SRT into snRNA NMF basis...
[2025-11-21 08:57:22] Projection complete and rescaled.
[2025-11-21 08:57:23] Saved projection result to: /zata/zippy/kresgeb/nmf_stuff/dlPFC/data/batched_projection/proj_k40_seed42_tol1e-07_L10.2.rds
[2025-11-21 08:57:23] Appended run metadata to summary.tsv
[2025-11-21 08:57:23] --------------------------------------------
[2025-11-21 08:57:23] Starting projection 405 / 750: k=50, seed=42, tol=1e-07, L1=0.2
[2025-11-21 08:57:23] --------------------------------------------
[2025-11-21 08:57:23] Common genes: 28907
[2025-11-21 08:57:25] Projecting SRT into snRNA NMF basis...
[2025-11-21 08:57:26] Projection complete and rescaled.
[2025-11-21 08:57:27] Saved projection result to: /zata/zippy/kresgeb/nmf_stuff/dlPFC/data/batched_projection/proj_k50_seed42_tol1e-07_L10.2.rds
[2025-11-21 08:57:27] Appended run metadata to summary.tsv
[2025-11-21 08:57:27] --------------------------------------------
[2025-11-21 08:57:27] Starting projection 406 / 750: k=60, seed=42, tol=1e-07, L1=0.2
[2025-11-21 08:57:27] --------------------------------------------
[2025-11-21 08:57:28] Common genes: 28907
[2025-11-21 08:57:30] Projecting SRT into snRNA NMF basis...
[2025-11-21 08:57:31] Projection complete and rescaled.
[2025-11-21 08:57:33] Saved projection result to: /zata/zippy/kresgeb/nmf_stuff/dlPFC/data/batched_projection/proj_k60_seed42_tol1e-07_L10.2.rds
[2025-11-21 08:57:33] Appended run metadata to summary.tsv
[2025-11-21 08:57:33] --------------------------------------------
[2025-11-21 08:57:33] Starting projection 407 / 750: k=70, seed=42, tol=1e-07, L1=0.2
[2025-11-21 08:57:33] --------------------------------------------
[2025-11-21 08:57:33] Common genes: 28907
[2025-11-21 08:57:35] Projecting SRT into snRNA NMF basis...
[2025-11-21 08:57:37] Projection complete and rescaled.
[2025-11-21 08:57:38] Saved projection result to: /zata/zippy/kresgeb/nmf_stuff/dlPFC/data/batched_projection/proj_k70_seed42_tol1e-07_L10.2.rds
[2025-11-21 08:57:38] Appended run metadata to summary.tsv
[2025-11-21 08:57:38] --------------------------------------------
[2025-11-21 08:57:38] Starting projection 408 / 750: k=80, seed=42, tol=1e-07, L1=0.2
[2025-11-21 08:57:38] --------------------------------------------
[2025-11-21 08:57:39] Common genes: 28907
[2025-11-21 08:57:41] Projecting SRT into snRNA NMF basis...
[2025-11-21 08:57:43] Projection complete and rescaled.
[2025-11-21 08:57:44] Saved projection result to: /zata/zippy/kresgeb/nmf_stuff/dlPFC/data/batched_projection/proj_k80_seed42_tol1e-07_L10.2.rds
[2025-11-21 08:57:44] Appended run metadata to summary.tsv
[2025-11-21 08:57:44] --------------------------------------------
[2025-11-21 08:57:44] Starting projection 409 / 750: k=90, seed=42, tol=1e-07, L1=0.2
[2025-11-21 08:57:44] --------------------------------------------
[2025-11-21 08:57:45] Common genes: 28907
[2025-11-21 08:57:47] Projecting SRT into snRNA NMF basis...
[2025-11-21 08:57:50] Projection complete and rescaled.
[2025-11-21 08:57:51] Saved projection result to: /zata/zippy/kresgeb/nmf_stuff/dlPFC/data/batched_projection/proj_k90_seed42_tol1e-07_L10.2.rds
[2025-11-21 08:57:51] Appended run metadata to summary.tsv
[2025-11-21 08:57:51] --------------------------------------------
[2025-11-21 08:57:51] Starting projection 410 / 750: k=100, seed=42, tol=1e-07, L1=0.2
[2025-11-21 08:57:51] --------------------------------------------
[2025-11-21 08:57:52] Common genes: 28907
[2025-11-21 08:57:54] Projecting SRT into snRNA NMF basis...
[2025-11-21 08:57:56] Projection complete and rescaled.
[2025-11-21 08:57:58] Saved projection result to: /zata/zippy/kresgeb/nmf_stuff/dlPFC/data/batched_projection/proj_k100_seed42_tol1e-07_L10.2.rds
[2025-11-21 08:57:58] Appended run metadata to summary.tsv
[2025-11-21 08:57:58] --------------------------------------------
[2025-11-21 08:57:58] Starting projection 411 / 750: k=10, seed=1029, tol=1e-07, L1=0.2
[2025-11-21 08:57:58] --------------------------------------------
[2025-11-21 08:57:58] Common genes: 28907
[2025-11-21 08:58:02] Projecting SRT into snRNA NMF basis...
[2025-11-21 08:58:03] Projection complete and rescaled.
[2025-11-21 08:58:03] Saved projection result to: /zata/zippy/kresgeb/nmf_stuff/dlPFC/data/batched_projection/proj_k10_seed1029_tol1e-07_L10.2.rds
[2025-11-21 08:58:03] Appended run metadata to summary.tsv
[2025-11-21 08:58:03] --------------------------------------------
[2025-11-21 08:58:03] Starting projection 412 / 750: k=20, seed=1029, tol=1e-07, L1=0.2
[2025-11-21 08:58:03] --------------------------------------------
[2025-11-21 08:58:03] Common genes: 28907
[2025-11-21 08:58:05] Projecting SRT into snRNA NMF basis...
[2025-11-21 08:58:06] Projection complete and rescaled.
[2025-11-21 08:58:07] Saved projection result to: /zata/zippy/kresgeb/nmf_stuff/dlPFC/data/batched_projection/proj_k20_seed1029_tol1e-07_L10.2.rds
[2025-11-21 08:58:07] Appended run metadata to summary.tsv
[2025-11-21 08:58:07] --------------------------------------------
[2025-11-21 08:58:07] Starting projection 413 / 750: k=30, seed=1029, tol=1e-07, L1=0.2
[2025-11-21 08:58:07] --------------------------------------------
[2025-11-21 08:58:07] Common genes: 28907
[2025-11-21 08:58:09] Projecting SRT into snRNA NMF basis...
[2025-11-21 08:58:11] Projection complete and rescaled.
[2025-11-21 08:58:11] Saved projection result to: /zata/zippy/kresgeb/nmf_stuff/dlPFC/data/batched_projection/proj_k30_seed1029_tol1e-07_L10.2.rds
[2025-11-21 08:58:11] Appended run metadata to summary.tsv
[2025-11-21 08:58:11] --------------------------------------------
[2025-11-21 08:58:11] Starting projection 414 / 750: k=40, seed=1029, tol=1e-07, L1=0.2
[2025-11-21 08:58:11] --------------------------------------------
[2025-11-21 08:58:12] Common genes: 28907
[2025-11-21 08:58:13] Projecting SRT into snRNA NMF basis...
[2025-11-21 08:58:15] Projection complete and rescaled.
[2025-11-21 08:58:16] Saved projection result to: /zata/zippy/kresgeb/nmf_stuff/dlPFC/data/batched_projection/proj_k40_seed1029_tol1e-07_L10.2.rds
[2025-11-21 08:58:16] Appended run metadata to summary.tsv
[2025-11-21 08:58:16] --------------------------------------------
[2025-11-21 08:58:16] Starting projection 415 / 750: k=50, seed=1029, tol=1e-07, L1=0.2
[2025-11-21 08:58:16] --------------------------------------------
[2025-11-21 08:58:16] Common genes: 28907
[2025-11-21 08:58:18] Projecting SRT into snRNA NMF basis...
[2025-11-21 08:58:20] Projection complete and rescaled.
[2025-11-21 08:58:20] Saved projection result to: /zata/zippy/kresgeb/nmf_stuff/dlPFC/data/batched_projection/proj_k50_seed1029_tol1e-07_L10.2.rds
[2025-11-21 08:58:20] Appended run metadata to summary.tsv
[2025-11-21 08:58:20] --------------------------------------------
[2025-11-21 08:58:20] Starting projection 416 / 750: k=60, seed=1029, tol=1e-07, L1=0.2
[2025-11-21 08:58:20] --------------------------------------------
[2025-11-21 08:58:21] Common genes: 28907
[2025-11-21 08:58:25] Projecting SRT into snRNA NMF basis...
[2025-11-21 08:58:26] Projection complete and rescaled.
[2025-11-21 08:58:27] Saved projection result to: /zata/zippy/kresgeb/nmf_stuff/dlPFC/data/batched_projection/proj_k60_seed1029_tol1e-07_L10.2.rds
[2025-11-21 08:58:27] Appended run metadata to summary.tsv
[2025-11-21 08:58:27] --------------------------------------------
[2025-11-21 08:58:27] Starting projection 417 / 750: k=70, seed=1029, tol=1e-07, L1=0.2
[2025-11-21 08:58:27] --------------------------------------------
[2025-11-21 08:58:28] Common genes: 28907
[2025-11-21 08:58:30] Projecting SRT into snRNA NMF basis...
[2025-11-21 08:58:32] Projection complete and rescaled.
[2025-11-21 08:58:33] Saved projection result to: /zata/zippy/kresgeb/nmf_stuff/dlPFC/data/batched_projection/proj_k70_seed1029_tol1e-07_L10.2.rds
[2025-11-21 08:58:33] Appended run metadata to summary.tsv
[2025-11-21 08:58:33] --------------------------------------------
[2025-11-21 08:58:33] Starting projection 418 / 750: k=80, seed=1029, tol=1e-07, L1=0.2
[2025-11-21 08:58:33] --------------------------------------------
[2025-11-21 08:58:34] Common genes: 28907
[2025-11-21 08:58:36] Projecting SRT into snRNA NMF basis...
[2025-11-21 08:58:38] Projection complete and rescaled.
[2025-11-21 08:58:40] Saved projection result to: /zata/zippy/kresgeb/nmf_stuff/dlPFC/data/batched_projection/proj_k80_seed1029_tol1e-07_L10.2.rds
[2025-11-21 08:58:40] Appended run metadata to summary.tsv
[2025-11-21 08:58:40] --------------------------------------------
[2025-11-21 08:58:40] Starting projection 419 / 750: k=90, seed=1029, tol=1e-07, L1=0.2
[2025-11-21 08:58:40] --------------------------------------------
[2025-11-21 08:58:40] Common genes: 28907
[2025-11-21 08:58:42] Projecting SRT into snRNA NMF basis...
[2025-11-21 08:58:45] Projection complete and rescaled.
[2025-11-21 08:58:47] Saved projection result to: /zata/zippy/kresgeb/nmf_stuff/dlPFC/data/batched_projection/proj_k90_seed1029_tol1e-07_L10.2.rds
[2025-11-21 08:58:47] Appended run metadata to summary.tsv
[2025-11-21 08:58:47] --------------------------------------------
[2025-11-21 08:58:47] Starting projection 420 / 750: k=100, seed=1029, tol=1e-07, L1=0.2
[2025-11-21 08:58:47] --------------------------------------------
[2025-11-21 08:58:47] Common genes: 28907
[2025-11-21 08:58:51] Projecting SRT into snRNA NMF basis...
[2025-11-21 08:58:53] Projection complete and rescaled.
[2025-11-21 08:58:55] Saved projection result to: /zata/zippy/kresgeb/nmf_stuff/dlPFC/data/batched_projection/proj_k100_seed1029_tol1e-07_L10.2.rds
[2025-11-21 08:58:55] Appended run metadata to summary.tsv
[2025-11-21 08:58:55] --------------------------------------------
[2025-11-21 08:58:55] Starting projection 421 / 750: k=10, seed=31415, tol=1e-07, L1=0.2
[2025-11-21 08:58:55] --------------------------------------------
[2025-11-21 08:58:55] Common genes: 28907
[2025-11-21 08:58:57] Projecting SRT into snRNA NMF basis...
[2025-11-21 08:58:58] Projection complete and rescaled.
[2025-11-21 08:58:59] Saved projection result to: /zata/zippy/kresgeb/nmf_stuff/dlPFC/data/batched_projection/proj_k10_seed31415_tol1e-07_L10.2.rds
[2025-11-21 08:58:59] Appended run metadata to summary.tsv
[2025-11-21 08:58:59] --------------------------------------------
[2025-11-21 08:58:59] Starting projection 422 / 750: k=20, seed=31415, tol=1e-07, L1=0.2
[2025-11-21 08:58:59] --------------------------------------------
[2025-11-21 08:58:59] Common genes: 28907
[2025-11-21 08:59:01] Projecting SRT into snRNA NMF basis...
[2025-11-21 08:59:03] Projection complete and rescaled.
[2025-11-21 08:59:03] Saved projection result to: /zata/zippy/kresgeb/nmf_stuff/dlPFC/data/batched_projection/proj_k20_seed31415_tol1e-07_L10.2.rds
[2025-11-21 08:59:03] Appended run metadata to summary.tsv
[2025-11-21 08:59:03] --------------------------------------------
[2025-11-21 08:59:03] Starting projection 423 / 750: k=30, seed=31415, tol=1e-07, L1=0.2
[2025-11-21 08:59:03] --------------------------------------------
[2025-11-21 08:59:03] Common genes: 28907
[2025-11-21 08:59:05] Projecting SRT into snRNA NMF basis...
[2025-11-21 08:59:07] Projection complete and rescaled.
[2025-11-21 08:59:07] Saved projection result to: /zata/zippy/kresgeb/nmf_stuff/dlPFC/data/batched_projection/proj_k30_seed31415_tol1e-07_L10.2.rds
[2025-11-21 08:59:07] Appended run metadata to summary.tsv
[2025-11-21 08:59:07] --------------------------------------------
[2025-11-21 08:59:07] Starting projection 424 / 750: k=40, seed=31415, tol=1e-07, L1=0.2
[2025-11-21 08:59:07] --------------------------------------------
[2025-11-21 08:59:08] Common genes: 28907
[2025-11-21 08:59:10] Projecting SRT into snRNA NMF basis...
[2025-11-21 08:59:11] Projection complete and rescaled.
[2025-11-21 08:59:12] Saved projection result to: /zata/zippy/kresgeb/nmf_stuff/dlPFC/data/batched_projection/proj_k40_seed31415_tol1e-07_L10.2.rds
[2025-11-21 08:59:12] Appended run metadata to summary.tsv
[2025-11-21 08:59:12] --------------------------------------------
[2025-11-21 08:59:12] Starting projection 425 / 750: k=50, seed=31415, tol=1e-07, L1=0.2
[2025-11-21 08:59:12] --------------------------------------------
[2025-11-21 08:59:12] Common genes: 28907
[2025-11-21 08:59:16] Projecting SRT into snRNA NMF basis...
[2025-11-21 08:59:18] Projection complete and rescaled.
[2025-11-21 08:59:18] Saved projection result to: /zata/zippy/kresgeb/nmf_stuff/dlPFC/data/batched_projection/proj_k50_seed31415_tol1e-07_L10.2.rds
[2025-11-21 08:59:18] Appended run metadata to summary.tsv
[2025-11-21 08:59:18] --------------------------------------------
[2025-11-21 08:59:18] Starting projection 426 / 750: k=60, seed=31415, tol=1e-07, L1=0.2
[2025-11-21 08:59:18] --------------------------------------------
[2025-11-21 08:59:19] Common genes: 28907
[2025-11-21 08:59:21] Projecting SRT into snRNA NMF basis...
[2025-11-21 08:59:23] Projection complete and rescaled.
[2025-11-21 08:59:24] Saved projection result to: /zata/zippy/kresgeb/nmf_stuff/dlPFC/data/batched_projection/proj_k60_seed31415_tol1e-07_L10.2.rds
[2025-11-21 08:59:24] Appended run metadata to summary.tsv
[2025-11-21 08:59:24] --------------------------------------------
[2025-11-21 08:59:24] Starting projection 427 / 750: k=70, seed=31415, tol=1e-07, L1=0.2
[2025-11-21 08:59:24] --------------------------------------------
[2025-11-21 08:59:24] Common genes: 28907
[2025-11-21 08:59:26] Projecting SRT into snRNA NMF basis...
[2025-11-21 08:59:28] Projection complete and rescaled.
[2025-11-21 08:59:30] Saved projection result to: /zata/zippy/kresgeb/nmf_stuff/dlPFC/data/batched_projection/proj_k70_seed31415_tol1e-07_L10.2.rds
[2025-11-21 08:59:30] Appended run metadata to summary.tsv
[2025-11-21 08:59:30] --------------------------------------------
[2025-11-21 08:59:30] Starting projection 428 / 750: k=80, seed=31415, tol=1e-07, L1=0.2
[2025-11-21 08:59:30] --------------------------------------------
[2025-11-21 08:59:30] Common genes: 28907
[2025-11-21 08:59:32] Projecting SRT into snRNA NMF basis...
[2025-11-21 08:59:35] Projection complete and rescaled.
[2025-11-21 08:59:36] Saved projection result to: /zata/zippy/kresgeb/nmf_stuff/dlPFC/data/batched_projection/proj_k80_seed31415_tol1e-07_L10.2.rds
[2025-11-21 08:59:36] Appended run metadata to summary.tsv
[2025-11-21 08:59:36] --------------------------------------------
[2025-11-21 08:59:36] Starting projection 429 / 750: k=90, seed=31415, tol=1e-07, L1=0.2
[2025-11-21 08:59:36] --------------------------------------------
[2025-11-21 08:59:37] Common genes: 28907
[2025-11-21 08:59:39] Projecting SRT into snRNA NMF basis...
[2025-11-21 08:59:41] Projection complete and rescaled.
[2025-11-21 08:59:43] Saved projection result to: /zata/zippy/kresgeb/nmf_stuff/dlPFC/data/batched_projection/proj_k90_seed31415_tol1e-07_L10.2.rds
[2025-11-21 08:59:43] Appended run metadata to summary.tsv
[2025-11-21 08:59:43] --------------------------------------------
[2025-11-21 08:59:43] Starting projection 430 / 750: k=100, seed=31415, tol=1e-07, L1=0.2
[2025-11-21 08:59:43] --------------------------------------------
[2025-11-21 08:59:43] Common genes: 28907
[2025-11-21 08:59:47] Projecting SRT into snRNA NMF basis...
[2025-11-21 08:59:49] Projection complete and rescaled.
[2025-11-21 08:59:51] Saved projection result to: /zata/zippy/kresgeb/nmf_stuff/dlPFC/data/batched_projection/proj_k100_seed31415_tol1e-07_L10.2.rds
[2025-11-21 08:59:51] Appended run metadata to summary.tsv
[2025-11-21 08:59:51] --------------------------------------------
[2025-11-21 08:59:51] Starting projection 431 / 750: k=10, seed=120301, tol=1e-07, L1=0.2
[2025-11-21 08:59:51] --------------------------------------------
[2025-11-21 08:59:51] Common genes: 28907
[2025-11-21 08:59:53] Projecting SRT into snRNA NMF basis...
[2025-11-21 08:59:54] Projection complete and rescaled.
[2025-11-21 08:59:55] Saved projection result to: /zata/zippy/kresgeb/nmf_stuff/dlPFC/data/batched_projection/proj_k10_seed120301_tol1e-07_L10.2.rds
[2025-11-21 08:59:55] Appended run metadata to summary.tsv
[2025-11-21 08:59:55] --------------------------------------------
[2025-11-21 08:59:55] Starting projection 432 / 750: k=20, seed=120301, tol=1e-07, L1=0.2
[2025-11-21 08:59:55] --------------------------------------------
[2025-11-21 08:59:55] Common genes: 28907
[2025-11-21 08:59:57] Projecting SRT into snRNA NMF basis...
[2025-11-21 08:59:59] Projection complete and rescaled.
[2025-11-21 08:59:59] Saved projection result to: /zata/zippy/kresgeb/nmf_stuff/dlPFC/data/batched_projection/proj_k20_seed120301_tol1e-07_L10.2.rds
[2025-11-21 08:59:59] Appended run metadata to summary.tsv
[2025-11-21 08:59:59] --------------------------------------------
[2025-11-21 08:59:59] Starting projection 433 / 750: k=30, seed=120301, tol=1e-07, L1=0.2
[2025-11-21 08:59:59] --------------------------------------------
[2025-11-21 09:00:00] Common genes: 28907
[2025-11-21 09:00:02] Projecting SRT into snRNA NMF basis...
[2025-11-21 09:00:03] Projection complete and rescaled.
[2025-11-21 09:00:04] Saved projection result to: /zata/zippy/kresgeb/nmf_stuff/dlPFC/data/batched_projection/proj_k30_seed120301_tol1e-07_L10.2.rds
[2025-11-21 09:00:04] Appended run metadata to summary.tsv
[2025-11-21 09:00:04] --------------------------------------------
[2025-11-21 09:00:04] Starting projection 434 / 750: k=40, seed=120301, tol=1e-07, L1=0.2
[2025-11-21 09:00:04] --------------------------------------------
[2025-11-21 09:00:04] Common genes: 28907
[2025-11-21 09:00:06] Projecting SRT into snRNA NMF basis...
[2025-11-21 09:00:10] Projection complete and rescaled.
[2025-11-21 09:00:11] Saved projection result to: /zata/zippy/kresgeb/nmf_stuff/dlPFC/data/batched_projection/proj_k40_seed120301_tol1e-07_L10.2.rds
[2025-11-21 09:00:11] Appended run metadata to summary.tsv
[2025-11-21 09:00:11] --------------------------------------------
[2025-11-21 09:00:11] Starting projection 435 / 750: k=50, seed=120301, tol=1e-07, L1=0.2
[2025-11-21 09:00:11] --------------------------------------------
[2025-11-21 09:00:11] Common genes: 28907
[2025-11-21 09:00:13] Projecting SRT into snRNA NMF basis...
[2025-11-21 09:00:15] Projection complete and rescaled.
[2025-11-21 09:00:16] Saved projection result to: /zata/zippy/kresgeb/nmf_stuff/dlPFC/data/batched_projection/proj_k50_seed120301_tol1e-07_L10.2.rds
[2025-11-21 09:00:16] Appended run metadata to summary.tsv
[2025-11-21 09:00:16] --------------------------------------------
[2025-11-21 09:00:16] Starting projection 436 / 750: k=60, seed=120301, tol=1e-07, L1=0.2
[2025-11-21 09:00:16] --------------------------------------------
[2025-11-21 09:00:16] Common genes: 28907
[2025-11-21 09:00:18] Projecting SRT into snRNA NMF basis...
[2025-11-21 09:00:20] Projection complete and rescaled.
[2025-11-21 09:00:21] Saved projection result to: /zata/zippy/kresgeb/nmf_stuff/dlPFC/data/batched_projection/proj_k60_seed120301_tol1e-07_L10.2.rds
[2025-11-21 09:00:21] Appended run metadata to summary.tsv
[2025-11-21 09:00:21] --------------------------------------------
[2025-11-21 09:00:21] Starting projection 437 / 750: k=70, seed=120301, tol=1e-07, L1=0.2
[2025-11-21 09:00:21] --------------------------------------------
[2025-11-21 09:00:21] Common genes: 28907
[2025-11-21 09:00:23] Projecting SRT into snRNA NMF basis...
[2025-11-21 09:00:26] Projection complete and rescaled.
[2025-11-21 09:00:27] Saved projection result to: /zata/zippy/kresgeb/nmf_stuff/dlPFC/data/batched_projection/proj_k70_seed120301_tol1e-07_L10.2.rds
[2025-11-21 09:00:27] Appended run metadata to summary.tsv
[2025-11-21 09:00:27] --------------------------------------------
[2025-11-21 09:00:27] Starting projection 438 / 750: k=80, seed=120301, tol=1e-07, L1=0.2
[2025-11-21 09:00:27] --------------------------------------------
[2025-11-21 09:00:27] Common genes: 28907
[2025-11-21 09:00:29] Projecting SRT into snRNA NMF basis...
[2025-11-21 09:00:32] Projection complete and rescaled.
[2025-11-21 09:00:33] Saved projection result to: /zata/zippy/kresgeb/nmf_stuff/dlPFC/data/batched_projection/proj_k80_seed120301_tol1e-07_L10.2.rds
[2025-11-21 09:00:33] Appended run metadata to summary.tsv
[2025-11-21 09:00:33] --------------------------------------------
[2025-11-21 09:00:33] Starting projection 439 / 750: k=90, seed=120301, tol=1e-07, L1=0.2
[2025-11-21 09:00:33] --------------------------------------------
[2025-11-21 09:00:34] Common genes: 28907
[2025-11-21 09:00:36] Projecting SRT into snRNA NMF basis...
[2025-11-21 09:00:38] Projection complete and rescaled.
[2025-11-21 09:00:40] Saved projection result to: /zata/zippy/kresgeb/nmf_stuff/dlPFC/data/batched_projection/proj_k90_seed120301_tol1e-07_L10.2.rds
[2025-11-21 09:00:40] Appended run metadata to summary.tsv
[2025-11-21 09:00:40] --------------------------------------------
[2025-11-21 09:00:40] Starting projection 440 / 750: k=100, seed=120301, tol=1e-07, L1=0.2
[2025-11-21 09:00:40] --------------------------------------------
[2025-11-21 09:00:40] Common genes: 28907
[2025-11-21 09:00:43] Projecting SRT into snRNA NMF basis...
[2025-11-21 09:00:45] Projection complete and rescaled.
[2025-11-21 09:00:47] Saved projection result to: /zata/zippy/kresgeb/nmf_stuff/dlPFC/data/batched_projection/proj_k100_seed120301_tol1e-07_L10.2.rds
[2025-11-21 09:00:47] Appended run metadata to summary.tsv
[2025-11-21 09:00:47] --------------------------------------------
[2025-11-21 09:00:47] Starting projection 441 / 750: k=10, seed=2025, tol=1e-07, L1=0.2
[2025-11-21 09:00:47] --------------------------------------------
[2025-11-21 09:00:47] Common genes: 28907
[2025-11-21 09:00:52] Projecting SRT into snRNA NMF basis...
[2025-11-21 09:00:52] Projection complete and rescaled.
[2025-11-21 09:00:53] Saved projection result to: /zata/zippy/kresgeb/nmf_stuff/dlPFC/data/batched_projection/proj_k10_seed2025_tol1e-07_L10.2.rds
[2025-11-21 09:00:53] Appended run metadata to summary.tsv
[2025-11-21 09:00:53] --------------------------------------------
[2025-11-21 09:00:53] Starting projection 442 / 750: k=20, seed=2025, tol=1e-07, L1=0.2
[2025-11-21 09:00:53] --------------------------------------------
[2025-11-21 09:00:53] Common genes: 28907
[2025-11-21 09:00:55] Projecting SRT into snRNA NMF basis...
[2025-11-21 09:00:56] Projection complete and rescaled.
[2025-11-21 09:00:57] Saved projection result to: /zata/zippy/kresgeb/nmf_stuff/dlPFC/data/batched_projection/proj_k20_seed2025_tol1e-07_L10.2.rds
[2025-11-21 09:00:57] Appended run metadata to summary.tsv
[2025-11-21 09:00:57] --------------------------------------------
[2025-11-21 09:00:57] Starting projection 443 / 750: k=30, seed=2025, tol=1e-07, L1=0.2
[2025-11-21 09:00:57] --------------------------------------------
[2025-11-21 09:00:57] Common genes: 28907
[2025-11-21 09:00:59] Projecting SRT into snRNA NMF basis...
[2025-11-21 09:01:01] Projection complete and rescaled.
[2025-11-21 09:01:01] Saved projection result to: /zata/zippy/kresgeb/nmf_stuff/dlPFC/data/batched_projection/proj_k30_seed2025_tol1e-07_L10.2.rds
[2025-11-21 09:01:01] Appended run metadata to summary.tsv
[2025-11-21 09:01:01] --------------------------------------------
[2025-11-21 09:01:01] Starting projection 444 / 750: k=40, seed=2025, tol=1e-07, L1=0.2
[2025-11-21 09:01:01] --------------------------------------------
[2025-11-21 09:01:02] Common genes: 28907
[2025-11-21 09:01:03] Projecting SRT into snRNA NMF basis...
[2025-11-21 09:01:05] Projection complete and rescaled.
[2025-11-21 09:01:05] Saved projection result to: /zata/zippy/kresgeb/nmf_stuff/dlPFC/data/batched_projection/proj_k40_seed2025_tol1e-07_L10.2.rds
[2025-11-21 09:01:05] Appended run metadata to summary.tsv
[2025-11-21 09:01:05] --------------------------------------------
[2025-11-21 09:01:05] Starting projection 445 / 750: k=50, seed=2025, tol=1e-07, L1=0.2
[2025-11-21 09:01:05] --------------------------------------------
[2025-11-21 09:01:06] Common genes: 28907
[2025-11-21 09:01:08] Projecting SRT into snRNA NMF basis...
[2025-11-21 09:01:09] Projection complete and rescaled.
[2025-11-21 09:01:10] Saved projection result to: /zata/zippy/kresgeb/nmf_stuff/dlPFC/data/batched_projection/proj_k50_seed2025_tol1e-07_L10.2.rds
[2025-11-21 09:01:10] Appended run metadata to summary.tsv
[2025-11-21 09:01:10] --------------------------------------------
[2025-11-21 09:01:10] Starting projection 446 / 750: k=60, seed=2025, tol=1e-07, L1=0.2
[2025-11-21 09:01:10] --------------------------------------------
[2025-11-21 09:01:11] Common genes: 28907
[2025-11-21 09:01:15] Projecting SRT into snRNA NMF basis...
[2025-11-21 09:01:17] Projection complete and rescaled.
[2025-11-21 09:01:18] Saved projection result to: /zata/zippy/kresgeb/nmf_stuff/dlPFC/data/batched_projection/proj_k60_seed2025_tol1e-07_L10.2.rds
[2025-11-21 09:01:18] Appended run metadata to summary.tsv
[2025-11-21 09:01:18] --------------------------------------------
[2025-11-21 09:01:18] Starting projection 447 / 750: k=70, seed=2025, tol=1e-07, L1=0.2
[2025-11-21 09:01:18] --------------------------------------------
[2025-11-21 09:01:18] Common genes: 28907
[2025-11-21 09:01:20] Projecting SRT into snRNA NMF basis...
[2025-11-21 09:01:23] Projection complete and rescaled.
[2025-11-21 09:01:24] Saved projection result to: /zata/zippy/kresgeb/nmf_stuff/dlPFC/data/batched_projection/proj_k70_seed2025_tol1e-07_L10.2.rds
[2025-11-21 09:01:24] Appended run metadata to summary.tsv
[2025-11-21 09:01:24] --------------------------------------------
[2025-11-21 09:01:24] Starting projection 448 / 750: k=80, seed=2025, tol=1e-07, L1=0.2
[2025-11-21 09:01:24] --------------------------------------------
[2025-11-21 09:01:25] Common genes: 28907
[2025-11-21 09:01:27] Projecting SRT into snRNA NMF basis...
[2025-11-21 09:01:32] Projection complete and rescaled.
[2025-11-21 09:01:33] Saved projection result to: /zata/zippy/kresgeb/nmf_stuff/dlPFC/data/batched_projection/proj_k80_seed2025_tol1e-07_L10.2.rds
[2025-11-21 09:01:33] Appended run metadata to summary.tsv
[2025-11-21 09:01:33] --------------------------------------------
[2025-11-21 09:01:33] Starting projection 449 / 750: k=90, seed=2025, tol=1e-07, L1=0.2
[2025-11-21 09:01:33] --------------------------------------------
[2025-11-21 09:01:34] Common genes: 28907
[2025-11-21 09:01:37] Projecting SRT into snRNA NMF basis...
[2025-11-21 09:01:40] Projection complete and rescaled.
[2025-11-21 09:01:41] Saved projection result to: /zata/zippy/kresgeb/nmf_stuff/dlPFC/data/batched_projection/proj_k90_seed2025_tol1e-07_L10.2.rds
[2025-11-21 09:01:41] Appended run metadata to summary.tsv
[2025-11-21 09:01:41] --------------------------------------------
[2025-11-21 09:01:41] Starting projection 450 / 750: k=100, seed=2025, tol=1e-07, L1=0.2
[2025-11-21 09:01:41] --------------------------------------------
[2025-11-21 09:01:42] Common genes: 28907
[2025-11-21 09:01:44] Projecting SRT into snRNA NMF basis...
[2025-11-21 09:01:46] Projection complete and rescaled.
[2025-11-21 09:01:48] Saved projection result to: /zata/zippy/kresgeb/nmf_stuff/dlPFC/data/batched_projection/proj_k100_seed2025_tol1e-07_L10.2.rds
[2025-11-21 09:01:48] Appended run metadata to summary.tsv
[2025-11-21 09:01:48] --------------------------------------------
[2025-11-21 09:01:48] Starting projection 451 / 750: k=10, seed=42, tol=1e-05, L1=0.5
[2025-11-21 09:01:48] --------------------------------------------
[2025-11-21 09:01:48] Common genes: 28907
[2025-11-21 09:01:51] Projecting SRT into snRNA NMF basis...
[2025-11-21 09:01:52] Projection complete and rescaled.
[2025-11-21 09:01:52] Saved projection result to: /zata/zippy/kresgeb/nmf_stuff/dlPFC/data/batched_projection/proj_k10_seed42_tol1e-05_L10.5.rds
[2025-11-21 09:01:52] Appended run metadata to summary.tsv
[2025-11-21 09:01:52] --------------------------------------------
[2025-11-21 09:01:52] Starting projection 452 / 750: k=20, seed=42, tol=1e-05, L1=0.5
[2025-11-21 09:01:52] --------------------------------------------
[2025-11-21 09:01:52] Common genes: 28907
[2025-11-21 09:01:57] Projecting SRT into snRNA NMF basis...
[2025-11-21 09:01:58] Projection complete and rescaled.
[2025-11-21 09:01:58] Saved projection result to: /zata/zippy/kresgeb/nmf_stuff/dlPFC/data/batched_projection/proj_k20_seed42_tol1e-05_L10.5.rds
[2025-11-21 09:01:58] Appended run metadata to summary.tsv
[2025-11-21 09:01:58] --------------------------------------------
[2025-11-21 09:01:58] Starting projection 453 / 750: k=30, seed=42, tol=1e-05, L1=0.5
[2025-11-21 09:01:58] --------------------------------------------
[2025-11-21 09:01:59] Common genes: 28907
[2025-11-21 09:02:01] Projecting SRT into snRNA NMF basis...
[2025-11-21 09:02:02] Projection complete and rescaled.
[2025-11-21 09:02:03] Saved projection result to: /zata/zippy/kresgeb/nmf_stuff/dlPFC/data/batched_projection/proj_k30_seed42_tol1e-05_L10.5.rds
[2025-11-21 09:02:03] Appended run metadata to summary.tsv
[2025-11-21 09:02:03] --------------------------------------------
[2025-11-21 09:02:03] Starting projection 454 / 750: k=40, seed=42, tol=1e-05, L1=0.5
[2025-11-21 09:02:03] --------------------------------------------
[2025-11-21 09:02:03] Common genes: 28907
[2025-11-21 09:02:05] Projecting SRT into snRNA NMF basis...
[2025-11-21 09:02:07] Projection complete and rescaled.
[2025-11-21 09:02:08] Saved projection result to: /zata/zippy/kresgeb/nmf_stuff/dlPFC/data/batched_projection/proj_k40_seed42_tol1e-05_L10.5.rds
[2025-11-21 09:02:08] Appended run metadata to summary.tsv
[2025-11-21 09:02:08] --------------------------------------------
[2025-11-21 09:02:08] Starting projection 455 / 750: k=50, seed=42, tol=1e-05, L1=0.5
[2025-11-21 09:02:08] --------------------------------------------
[2025-11-21 09:02:08] Common genes: 28907
[2025-11-21 09:02:10] Projecting SRT into snRNA NMF basis...
[2025-11-21 09:02:12] Projection complete and rescaled.
[2025-11-21 09:02:13] Saved projection result to: /zata/zippy/kresgeb/nmf_stuff/dlPFC/data/batched_projection/proj_k50_seed42_tol1e-05_L10.5.rds
[2025-11-21 09:02:13] Appended run metadata to summary.tsv
[2025-11-21 09:02:13] --------------------------------------------
[2025-11-21 09:02:13] Starting projection 456 / 750: k=60, seed=42, tol=1e-05, L1=0.5
[2025-11-21 09:02:13] --------------------------------------------
[2025-11-21 09:02:13] Common genes: 28907
[2025-11-21 09:02:16] Projecting SRT into snRNA NMF basis...
[2025-11-21 09:02:18] Projection complete and rescaled.
[2025-11-21 09:02:19] Saved projection result to: /zata/zippy/kresgeb/nmf_stuff/dlPFC/data/batched_projection/proj_k60_seed42_tol1e-05_L10.5.rds
[2025-11-21 09:02:19] Appended run metadata to summary.tsv
[2025-11-21 09:02:19] --------------------------------------------
[2025-11-21 09:02:19] Starting projection 457 / 750: k=70, seed=42, tol=1e-05, L1=0.5
[2025-11-21 09:02:19] --------------------------------------------
[2025-11-21 09:02:19] Common genes: 28907
[2025-11-21 09:02:24] Projecting SRT into snRNA NMF basis...
[2025-11-21 09:02:26] Projection complete and rescaled.
[2025-11-21 09:02:27] Saved projection result to: /zata/zippy/kresgeb/nmf_stuff/dlPFC/data/batched_projection/proj_k70_seed42_tol1e-05_L10.5.rds
[2025-11-21 09:02:27] Appended run metadata to summary.tsv
[2025-11-21 09:02:27] --------------------------------------------
[2025-11-21 09:02:27] Starting projection 458 / 750: k=80, seed=42, tol=1e-05, L1=0.5
[2025-11-21 09:02:27] --------------------------------------------
[2025-11-21 09:02:28] Common genes: 28907
[2025-11-21 09:02:31] Projecting SRT into snRNA NMF basis...
[2025-11-21 09:02:33] Projection complete and rescaled.
[2025-11-21 09:02:35] Saved projection result to: /zata/zippy/kresgeb/nmf_stuff/dlPFC/data/batched_projection/proj_k80_seed42_tol1e-05_L10.5.rds
[2025-11-21 09:02:35] Appended run metadata to summary.tsv
[2025-11-21 09:02:35] --------------------------------------------
[2025-11-21 09:02:35] Starting projection 459 / 750: k=90, seed=42, tol=1e-05, L1=0.5
[2025-11-21 09:02:35] --------------------------------------------
[2025-11-21 09:02:35] Common genes: 28907
[2025-11-21 09:02:37] Projecting SRT into snRNA NMF basis...
[2025-11-21 09:02:40] Projection complete and rescaled.
[2025-11-21 09:02:42] Saved projection result to: /zata/zippy/kresgeb/nmf_stuff/dlPFC/data/batched_projection/proj_k90_seed42_tol1e-05_L10.5.rds
[2025-11-21 09:02:42] Appended run metadata to summary.tsv
[2025-11-21 09:02:42] --------------------------------------------
[2025-11-21 09:02:42] Starting projection 460 / 750: k=100, seed=42, tol=1e-05, L1=0.5
[2025-11-21 09:02:42] --------------------------------------------
[2025-11-21 09:02:42] Common genes: 28907
[2025-11-21 09:02:45] Projecting SRT into snRNA NMF basis...
[2025-11-21 09:02:48] Projection complete and rescaled.
[2025-11-21 09:02:50] Saved projection result to: /zata/zippy/kresgeb/nmf_stuff/dlPFC/data/batched_projection/proj_k100_seed42_tol1e-05_L10.5.rds
[2025-11-21 09:02:50] Appended run metadata to summary.tsv
[2025-11-21 09:02:50] --------------------------------------------
[2025-11-21 09:02:50] Starting projection 461 / 750: k=10, seed=1029, tol=1e-05, L1=0.5
[2025-11-21 09:02:50] --------------------------------------------
[2025-11-21 09:02:50] Common genes: 28907
[2025-11-21 09:02:52] Projecting SRT into snRNA NMF basis...
[2025-11-21 09:02:53] Projection complete and rescaled.
[2025-11-21 09:02:53] Saved projection result to: /zata/zippy/kresgeb/nmf_stuff/dlPFC/data/batched_projection/proj_k10_seed1029_tol1e-05_L10.5.rds
[2025-11-21 09:02:53] Appended run metadata to summary.tsv
[2025-11-21 09:02:53] --------------------------------------------
[2025-11-21 09:02:53] Starting projection 462 / 750: k=20, seed=1029, tol=1e-05, L1=0.5
[2025-11-21 09:02:53] --------------------------------------------
[2025-11-21 09:02:54] Common genes: 28907
[2025-11-21 09:02:58] Projecting SRT into snRNA NMF basis...
[2025-11-21 09:02:59] Projection complete and rescaled.
[2025-11-21 09:03:00] Saved projection result to: /zata/zippy/kresgeb/nmf_stuff/dlPFC/data/batched_projection/proj_k20_seed1029_tol1e-05_L10.5.rds
[2025-11-21 09:03:00] Appended run metadata to summary.tsv
[2025-11-21 09:03:00] --------------------------------------------
[2025-11-21 09:03:00] Starting projection 463 / 750: k=30, seed=1029, tol=1e-05, L1=0.5
[2025-11-21 09:03:00] --------------------------------------------
[2025-11-21 09:03:00] Common genes: 28907
[2025-11-21 09:03:02] Projecting SRT into snRNA NMF basis...
[2025-11-21 09:03:04] Projection complete and rescaled.
[2025-11-21 09:03:05] Saved projection result to: /zata/zippy/kresgeb/nmf_stuff/dlPFC/data/batched_projection/proj_k30_seed1029_tol1e-05_L10.5.rds
[2025-11-21 09:03:05] Appended run metadata to summary.tsv
[2025-11-21 09:03:05] --------------------------------------------
[2025-11-21 09:03:05] Starting projection 464 / 750: k=40, seed=1029, tol=1e-05, L1=0.5
[2025-11-21 09:03:05] --------------------------------------------
[2025-11-21 09:03:05] Common genes: 28907
[2025-11-21 09:03:07] Projecting SRT into snRNA NMF basis...
[2025-11-21 09:03:10] Projection complete and rescaled.
[2025-11-21 09:03:11] Saved projection result to: /zata/zippy/kresgeb/nmf_stuff/dlPFC/data/batched_projection/proj_k40_seed1029_tol1e-05_L10.5.rds
[2025-11-21 09:03:11] Appended run metadata to summary.tsv
[2025-11-21 09:03:11] --------------------------------------------
[2025-11-21 09:03:11] Starting projection 465 / 750: k=50, seed=1029, tol=1e-05, L1=0.5
[2025-11-21 09:03:11] --------------------------------------------
[2025-11-21 09:03:12] Common genes: 28907
[2025-11-21 09:03:13] Projecting SRT into snRNA NMF basis...
[2025-11-21 09:03:15] Projection complete and rescaled.
[2025-11-21 09:03:16] Saved projection result to: /zata/zippy/kresgeb/nmf_stuff/dlPFC/data/batched_projection/proj_k50_seed1029_tol1e-05_L10.5.rds
[2025-11-21 09:03:16] Appended run metadata to summary.tsv
[2025-11-21 09:03:16] --------------------------------------------
[2025-11-21 09:03:16] Starting projection 466 / 750: k=60, seed=1029, tol=1e-05, L1=0.5
[2025-11-21 09:03:16] --------------------------------------------
[2025-11-21 09:03:16] Common genes: 28907
[2025-11-21 09:03:18] Projecting SRT into snRNA NMF basis...
[2025-11-21 09:03:21] Projection complete and rescaled.
[2025-11-21 09:03:22] Saved projection result to: /zata/zippy/kresgeb/nmf_stuff/dlPFC/data/batched_projection/proj_k60_seed1029_tol1e-05_L10.5.rds
[2025-11-21 09:03:22] Appended run metadata to summary.tsv
[2025-11-21 09:03:22] --------------------------------------------
[2025-11-21 09:03:22] Starting projection 467 / 750: k=70, seed=1029, tol=1e-05, L1=0.5
[2025-11-21 09:03:22] --------------------------------------------
[2025-11-21 09:03:23] Common genes: 28907
[2025-11-21 09:03:24] Projecting SRT into snRNA NMF basis...
[2025-11-21 09:03:26] Projection complete and rescaled.
[2025-11-21 09:03:27] Saved projection result to: /zata/zippy/kresgeb/nmf_stuff/dlPFC/data/batched_projection/proj_k70_seed1029_tol1e-05_L10.5.rds
[2025-11-21 09:03:27] Appended run metadata to summary.tsv
[2025-11-21 09:03:27] --------------------------------------------
[2025-11-21 09:03:27] Starting projection 468 / 750: k=80, seed=1029, tol=1e-05, L1=0.5
[2025-11-21 09:03:27] --------------------------------------------
[2025-11-21 09:03:28] Common genes: 28907
[2025-11-21 09:03:30] Projecting SRT into snRNA NMF basis...
[2025-11-21 09:03:32] Projection complete and rescaled.
[2025-11-21 09:03:34] Saved projection result to: /zata/zippy/kresgeb/nmf_stuff/dlPFC/data/batched_projection/proj_k80_seed1029_tol1e-05_L10.5.rds
[2025-11-21 09:03:34] Appended run metadata to summary.tsv
[2025-11-21 09:03:34] --------------------------------------------
[2025-11-21 09:03:34] Starting projection 469 / 750: k=90, seed=1029, tol=1e-05, L1=0.5
[2025-11-21 09:03:34] --------------------------------------------
[2025-11-21 09:03:35] Common genes: 28907
[2025-11-21 09:03:37] Projecting SRT into snRNA NMF basis...
[2025-11-21 09:03:39] Projection complete and rescaled.
[2025-11-21 09:03:41] Saved projection result to: /zata/zippy/kresgeb/nmf_stuff/dlPFC/data/batched_projection/proj_k90_seed1029_tol1e-05_L10.5.rds
[2025-11-21 09:03:41] Appended run metadata to summary.tsv
[2025-11-21 09:03:41] --------------------------------------------
[2025-11-21 09:03:41] Starting projection 470 / 750: k=100, seed=1029, tol=1e-05, L1=0.5
[2025-11-21 09:03:41] --------------------------------------------
[2025-11-21 09:03:42] Common genes: 28907
[2025-11-21 09:03:44] Projecting SRT into snRNA NMF basis...
[2025-11-21 09:03:49] Projection complete and rescaled.
[2025-11-21 09:03:51] Saved projection result to: /zata/zippy/kresgeb/nmf_stuff/dlPFC/data/batched_projection/proj_k100_seed1029_tol1e-05_L10.5.rds
[2025-11-21 09:03:51] Appended run metadata to summary.tsv
[2025-11-21 09:03:51] --------------------------------------------
[2025-11-21 09:03:51] Starting projection 471 / 750: k=10, seed=31415, tol=1e-05, L1=0.5
[2025-11-21 09:03:51] --------------------------------------------
[2025-11-21 09:03:51] Common genes: 28907
[2025-11-21 09:03:54] Projecting SRT into snRNA NMF basis...
[2025-11-21 09:03:55] Projection complete and rescaled.
[2025-11-21 09:03:55] Saved projection result to: /zata/zippy/kresgeb/nmf_stuff/dlPFC/data/batched_projection/proj_k10_seed31415_tol1e-05_L10.5.rds
[2025-11-21 09:03:55] Appended run metadata to summary.tsv
[2025-11-21 09:03:55] --------------------------------------------
[2025-11-21 09:03:55] Starting projection 472 / 750: k=20, seed=31415, tol=1e-05, L1=0.5
[2025-11-21 09:03:55] --------------------------------------------
[2025-11-21 09:03:55] Common genes: 28907
[2025-11-21 09:03:58] Projecting SRT into snRNA NMF basis...
[2025-11-21 09:03:59] Projection complete and rescaled.
[2025-11-21 09:04:00] Saved projection result to: /zata/zippy/kresgeb/nmf_stuff/dlPFC/data/batched_projection/proj_k20_seed31415_tol1e-05_L10.5.rds
[2025-11-21 09:04:00] Appended run metadata to summary.tsv
[2025-11-21 09:04:00] --------------------------------------------
[2025-11-21 09:04:00] Starting projection 473 / 750: k=30, seed=31415, tol=1e-05, L1=0.5
[2025-11-21 09:04:00] --------------------------------------------
[2025-11-21 09:04:00] Common genes: 28907
[2025-11-21 09:04:02] Projecting SRT into snRNA NMF basis...
[2025-11-21 09:04:04] Projection complete and rescaled.
[2025-11-21 09:04:04] Saved projection result to: /zata/zippy/kresgeb/nmf_stuff/dlPFC/data/batched_projection/proj_k30_seed31415_tol1e-05_L10.5.rds
[2025-11-21 09:04:04] Appended run metadata to summary.tsv
[2025-11-21 09:04:04] --------------------------------------------
[2025-11-21 09:04:04] Starting projection 474 / 750: k=40, seed=31415, tol=1e-05, L1=0.5
[2025-11-21 09:04:04] --------------------------------------------
[2025-11-21 09:04:05] Common genes: 28907
[2025-11-21 09:04:07] Projecting SRT into snRNA NMF basis...
[2025-11-21 09:04:09] Projection complete and rescaled.
[2025-11-21 09:04:10] Saved projection result to: /zata/zippy/kresgeb/nmf_stuff/dlPFC/data/batched_projection/proj_k40_seed31415_tol1e-05_L10.5.rds
[2025-11-21 09:04:10] Appended run metadata to summary.tsv
[2025-11-21 09:04:10] --------------------------------------------
[2025-11-21 09:04:10] Starting projection 475 / 750: k=50, seed=31415, tol=1e-05, L1=0.5
[2025-11-21 09:04:10] --------------------------------------------
[2025-11-21 09:04:10] Common genes: 28907
[2025-11-21 09:04:12] Projecting SRT into snRNA NMF basis...
[2025-11-21 09:04:14] Projection complete and rescaled.
[2025-11-21 09:04:15] Saved projection result to: /zata/zippy/kresgeb/nmf_stuff/dlPFC/data/batched_projection/proj_k50_seed31415_tol1e-05_L10.5.rds
[2025-11-21 09:04:15] Appended run metadata to summary.tsv
[2025-11-21 09:04:15] --------------------------------------------
[2025-11-21 09:04:15] Starting projection 476 / 750: k=60, seed=31415, tol=1e-05, L1=0.5
[2025-11-21 09:04:15] --------------------------------------------
[2025-11-21 09:04:15] Common genes: 28907
[2025-11-21 09:04:17] Projecting SRT into snRNA NMF basis...
[2025-11-21 09:04:19] Projection complete and rescaled.
[2025-11-21 09:04:20] Saved projection result to: /zata/zippy/kresgeb/nmf_stuff/dlPFC/data/batched_projection/proj_k60_seed31415_tol1e-05_L10.5.rds
[2025-11-21 09:04:20] Appended run metadata to summary.tsv
[2025-11-21 09:04:20] --------------------------------------------
[2025-11-21 09:04:20] Starting projection 477 / 750: k=70, seed=31415, tol=1e-05, L1=0.5
[2025-11-21 09:04:20] --------------------------------------------
[2025-11-21 09:04:21] Common genes: 28907
[2025-11-21 09:04:26] Projecting SRT into snRNA NMF basis...
[2025-11-21 09:04:27] Projection complete and rescaled.
[2025-11-21 09:04:29] Saved projection result to: /zata/zippy/kresgeb/nmf_stuff/dlPFC/data/batched_projection/proj_k70_seed31415_tol1e-05_L10.5.rds
[2025-11-21 09:04:29] Appended run metadata to summary.tsv
[2025-11-21 09:04:29] --------------------------------------------
[2025-11-21 09:04:29] Starting projection 478 / 750: k=80, seed=31415, tol=1e-05, L1=0.5
[2025-11-21 09:04:29] --------------------------------------------
[2025-11-21 09:04:29] Common genes: 28907
[2025-11-21 09:04:32] Projecting SRT into snRNA NMF basis...
[2025-11-21 09:04:34] Projection complete and rescaled.
[2025-11-21 09:04:35] Saved projection result to: /zata/zippy/kresgeb/nmf_stuff/dlPFC/data/batched_projection/proj_k80_seed31415_tol1e-05_L10.5.rds
[2025-11-21 09:04:35] Appended run metadata to summary.tsv
[2025-11-21 09:04:35] --------------------------------------------
[2025-11-21 09:04:35] Starting projection 479 / 750: k=90, seed=31415, tol=1e-05, L1=0.5
[2025-11-21 09:04:35] --------------------------------------------
[2025-11-21 09:04:36] Common genes: 28907
[2025-11-21 09:04:38] Projecting SRT into snRNA NMF basis...
[2025-11-21 09:04:41] Projection complete and rescaled.
[2025-11-21 09:04:42] Saved projection result to: /zata/zippy/kresgeb/nmf_stuff/dlPFC/data/batched_projection/proj_k90_seed31415_tol1e-05_L10.5.rds
[2025-11-21 09:04:42] Appended run metadata to summary.tsv
[2025-11-21 09:04:42] --------------------------------------------
[2025-11-21 09:04:42] Starting projection 480 / 750: k=100, seed=31415, tol=1e-05, L1=0.5
[2025-11-21 09:04:42] --------------------------------------------
[2025-11-21 09:04:43] Common genes: 28907
[2025-11-21 09:04:45] Projecting SRT into snRNA NMF basis...
[2025-11-21 09:04:48] Projection complete and rescaled.
[2025-11-21 09:04:50] Saved projection result to: /zata/zippy/kresgeb/nmf_stuff/dlPFC/data/batched_projection/proj_k100_seed31415_tol1e-05_L10.5.rds
[2025-11-21 09:04:50] Appended run metadata to summary.tsv
[2025-11-21 09:04:50] --------------------------------------------
[2025-11-21 09:04:50] Starting projection 481 / 750: k=10, seed=120301, tol=1e-05, L1=0.5
[2025-11-21 09:04:50] --------------------------------------------
[2025-11-21 09:04:50] Common genes: 28907
[2025-11-21 09:04:55] Projecting SRT into snRNA NMF basis...
[2025-11-21 09:04:55] Projection complete and rescaled.
[2025-11-21 09:04:56] Saved projection result to: /zata/zippy/kresgeb/nmf_stuff/dlPFC/data/batched_projection/proj_k10_seed120301_tol1e-05_L10.5.rds
[2025-11-21 09:04:56] Appended run metadata to summary.tsv
[2025-11-21 09:04:56] --------------------------------------------
[2025-11-21 09:04:56] Starting projection 482 / 750: k=20, seed=120301, tol=1e-05, L1=0.5
[2025-11-21 09:04:56] --------------------------------------------
[2025-11-21 09:04:56] Common genes: 28907
[2025-11-21 09:04:58] Projecting SRT into snRNA NMF basis...
[2025-11-21 09:04:59] Projection complete and rescaled.
[2025-11-21 09:05:00] Saved projection result to: /zata/zippy/kresgeb/nmf_stuff/dlPFC/data/batched_projection/proj_k20_seed120301_tol1e-05_L10.5.rds
[2025-11-21 09:05:00] Appended run metadata to summary.tsv
[2025-11-21 09:05:00] --------------------------------------------
[2025-11-21 09:05:00] Starting projection 483 / 750: k=30, seed=120301, tol=1e-05, L1=0.5
[2025-11-21 09:05:00] --------------------------------------------
[2025-11-21 09:05:00] Common genes: 28907
[2025-11-21 09:05:02] Projecting SRT into snRNA NMF basis...
[2025-11-21 09:05:04] Projection complete and rescaled.
[2025-11-21 09:05:04] Saved projection result to: /zata/zippy/kresgeb/nmf_stuff/dlPFC/data/batched_projection/proj_k30_seed120301_tol1e-05_L10.5.rds
[2025-11-21 09:05:04] Appended run metadata to summary.tsv
[2025-11-21 09:05:04] --------------------------------------------
[2025-11-21 09:05:04] Starting projection 484 / 750: k=40, seed=120301, tol=1e-05, L1=0.5
[2025-11-21 09:05:04] --------------------------------------------
[2025-11-21 09:05:05] Common genes: 28907
[2025-11-21 09:05:06] Projecting SRT into snRNA NMF basis...
[2025-11-21 09:05:08] Projection complete and rescaled.
[2025-11-21 09:05:09] Saved projection result to: /zata/zippy/kresgeb/nmf_stuff/dlPFC/data/batched_projection/proj_k40_seed120301_tol1e-05_L10.5.rds
[2025-11-21 09:05:09] Appended run metadata to summary.tsv
[2025-11-21 09:05:09] --------------------------------------------
[2025-11-21 09:05:09] Starting projection 485 / 750: k=50, seed=120301, tol=1e-05, L1=0.5
[2025-11-21 09:05:09] --------------------------------------------
[2025-11-21 09:05:09] Common genes: 28907
[2025-11-21 09:05:11] Projecting SRT into snRNA NMF basis...
[2025-11-21 09:05:15] Projection complete and rescaled.
[2025-11-21 09:05:16] Saved projection result to: /zata/zippy/kresgeb/nmf_stuff/dlPFC/data/batched_projection/proj_k50_seed120301_tol1e-05_L10.5.rds
[2025-11-21 09:05:16] Appended run metadata to summary.tsv
[2025-11-21 09:05:16] --------------------------------------------
[2025-11-21 09:05:16] Starting projection 486 / 750: k=60, seed=120301, tol=1e-05, L1=0.5
[2025-11-21 09:05:16] --------------------------------------------
[2025-11-21 09:05:16] Common genes: 28907
[2025-11-21 09:05:18] Projecting SRT into snRNA NMF basis...
[2025-11-21 09:05:20] Projection complete and rescaled.
[2025-11-21 09:05:22] Saved projection result to: /zata/zippy/kresgeb/nmf_stuff/dlPFC/data/batched_projection/proj_k60_seed120301_tol1e-05_L10.5.rds
[2025-11-21 09:05:22] Appended run metadata to summary.tsv
[2025-11-21 09:05:22] --------------------------------------------
[2025-11-21 09:05:22] Starting projection 487 / 750: k=70, seed=120301, tol=1e-05, L1=0.5
[2025-11-21 09:05:22] --------------------------------------------
[2025-11-21 09:05:22] Common genes: 28907
[2025-11-21 09:05:24] Projecting SRT into snRNA NMF basis...
[2025-11-21 09:05:27] Projection complete and rescaled.
[2025-11-21 09:05:28] Saved projection result to: /zata/zippy/kresgeb/nmf_stuff/dlPFC/data/batched_projection/proj_k70_seed120301_tol1e-05_L10.5.rds
[2025-11-21 09:05:28] Appended run metadata to summary.tsv
[2025-11-21 09:05:28] --------------------------------------------
[2025-11-21 09:05:28] Starting projection 488 / 750: k=80, seed=120301, tol=1e-05, L1=0.5
[2025-11-21 09:05:28] --------------------------------------------
[2025-11-21 09:05:28] Common genes: 28907
[2025-11-21 09:05:30] Projecting SRT into snRNA NMF basis...
[2025-11-21 09:05:32] Projection complete and rescaled.
[2025-11-21 09:05:34] Saved projection result to: /zata/zippy/kresgeb/nmf_stuff/dlPFC/data/batched_projection/proj_k80_seed120301_tol1e-05_L10.5.rds
[2025-11-21 09:05:34] Appended run metadata to summary.tsv
[2025-11-21 09:05:34] --------------------------------------------
[2025-11-21 09:05:34] Starting projection 489 / 750: k=90, seed=120301, tol=1e-05, L1=0.5
[2025-11-21 09:05:34] --------------------------------------------
[2025-11-21 09:05:34] Common genes: 28907
[2025-11-21 09:05:37] Projecting SRT into snRNA NMF basis...
[2025-11-21 09:05:39] Projection complete and rescaled.
[2025-11-21 09:05:41] Saved projection result to: /zata/zippy/kresgeb/nmf_stuff/dlPFC/data/batched_projection/proj_k90_seed120301_tol1e-05_L10.5.rds
[2025-11-21 09:05:41] Appended run metadata to summary.tsv
[2025-11-21 09:05:41] --------------------------------------------
[2025-11-21 09:05:41] Starting projection 490 / 750: k=100, seed=120301, tol=1e-05, L1=0.5
[2025-11-21 09:05:41] --------------------------------------------
[2025-11-21 09:05:41] Common genes: 28907
[2025-11-21 09:05:43] Projecting SRT into snRNA NMF basis...
[2025-11-21 09:05:46] Projection complete and rescaled.
[2025-11-21 09:05:48] Saved projection result to: /zata/zippy/kresgeb/nmf_stuff/dlPFC/data/batched_projection/proj_k100_seed120301_tol1e-05_L10.5.rds
[2025-11-21 09:05:48] Appended run metadata to summary.tsv
[2025-11-21 09:05:48] --------------------------------------------
[2025-11-21 09:05:48] Starting projection 491 / 750: k=10, seed=2025, tol=1e-05, L1=0.5
[2025-11-21 09:05:48] --------------------------------------------
[2025-11-21 09:05:48] Common genes: 28907
[2025-11-21 09:05:50] Projecting SRT into snRNA NMF basis...
[2025-11-21 09:05:54] Projection complete and rescaled.
[2025-11-21 09:05:54] Saved projection result to: /zata/zippy/kresgeb/nmf_stuff/dlPFC/data/batched_projection/proj_k10_seed2025_tol1e-05_L10.5.rds
[2025-11-21 09:05:54] Appended run metadata to summary.tsv
[2025-11-21 09:05:54] --------------------------------------------
[2025-11-21 09:05:54] Starting projection 492 / 750: k=20, seed=2025, tol=1e-05, L1=0.5
[2025-11-21 09:05:54] --------------------------------------------
[2025-11-21 09:05:54] Common genes: 28907
[2025-11-21 09:05:56] Projecting SRT into snRNA NMF basis...
[2025-11-21 09:05:58] Projection complete and rescaled.
[2025-11-21 09:05:58] Saved projection result to: /zata/zippy/kresgeb/nmf_stuff/dlPFC/data/batched_projection/proj_k20_seed2025_tol1e-05_L10.5.rds
[2025-11-21 09:05:58] Appended run metadata to summary.tsv
[2025-11-21 09:05:58] --------------------------------------------
[2025-11-21 09:05:58] Starting projection 493 / 750: k=30, seed=2025, tol=1e-05, L1=0.5
[2025-11-21 09:05:58] --------------------------------------------
[2025-11-21 09:05:58] Common genes: 28907
[2025-11-21 09:06:00] Projecting SRT into snRNA NMF basis...
[2025-11-21 09:06:02] Projection complete and rescaled.
[2025-11-21 09:06:03] Saved projection result to: /zata/zippy/kresgeb/nmf_stuff/dlPFC/data/batched_projection/proj_k30_seed2025_tol1e-05_L10.5.rds
[2025-11-21 09:06:03] Appended run metadata to summary.tsv
[2025-11-21 09:06:03] --------------------------------------------
[2025-11-21 09:06:03] Starting projection 494 / 750: k=40, seed=2025, tol=1e-05, L1=0.5
[2025-11-21 09:06:03] --------------------------------------------
[2025-11-21 09:06:03] Common genes: 28907
[2025-11-21 09:06:05] Projecting SRT into snRNA NMF basis...
[2025-11-21 09:06:07] Projection complete and rescaled.
[2025-11-21 09:06:08] Saved projection result to: /zata/zippy/kresgeb/nmf_stuff/dlPFC/data/batched_projection/proj_k40_seed2025_tol1e-05_L10.5.rds
[2025-11-21 09:06:08] Appended run metadata to summary.tsv
[2025-11-21 09:06:08] --------------------------------------------
[2025-11-21 09:06:08] Starting projection 495 / 750: k=50, seed=2025, tol=1e-05, L1=0.5
[2025-11-21 09:06:08] --------------------------------------------
[2025-11-21 09:06:08] Common genes: 28907
[2025-11-21 09:06:10] Projecting SRT into snRNA NMF basis...
[2025-11-21 09:06:12] Projection complete and rescaled.
[2025-11-21 09:06:13] Saved projection result to: /zata/zippy/kresgeb/nmf_stuff/dlPFC/data/batched_projection/proj_k50_seed2025_tol1e-05_L10.5.rds
[2025-11-21 09:06:13] Appended run metadata to summary.tsv
[2025-11-21 09:06:13] --------------------------------------------
[2025-11-21 09:06:13] Starting projection 496 / 750: k=60, seed=2025, tol=1e-05, L1=0.5
[2025-11-21 09:06:13] --------------------------------------------
[2025-11-21 09:06:14] Common genes: 28907
[2025-11-21 09:06:16] Projecting SRT into snRNA NMF basis...
[2025-11-21 09:06:17] Projection complete and rescaled.
[2025-11-21 09:06:19] Saved projection result to: /zata/zippy/kresgeb/nmf_stuff/dlPFC/data/batched_projection/proj_k60_seed2025_tol1e-05_L10.5.rds
[2025-11-21 09:06:19] Appended run metadata to summary.tsv
[2025-11-21 09:06:19] --------------------------------------------
[2025-11-21 09:06:19] Starting projection 497 / 750: k=70, seed=2025, tol=1e-05, L1=0.5
[2025-11-21 09:06:19] --------------------------------------------
[2025-11-21 09:06:19] Common genes: 28907
[2025-11-21 09:06:21] Projecting SRT into snRNA NMF basis...
[2025-11-21 09:06:25] Projection complete and rescaled.
[2025-11-21 09:06:26] Saved projection result to: /zata/zippy/kresgeb/nmf_stuff/dlPFC/data/batched_projection/proj_k70_seed2025_tol1e-05_L10.5.rds
[2025-11-21 09:06:26] Appended run metadata to summary.tsv
[2025-11-21 09:06:26] --------------------------------------------
[2025-11-21 09:06:26] Starting projection 498 / 750: k=80, seed=2025, tol=1e-05, L1=0.5
[2025-11-21 09:06:26] --------------------------------------------
[2025-11-21 09:06:26] Common genes: 28907
[2025-11-21 09:06:28] Projecting SRT into snRNA NMF basis...
[2025-11-21 09:06:31] Projection complete and rescaled.
[2025-11-21 09:06:32] Saved projection result to: /zata/zippy/kresgeb/nmf_stuff/dlPFC/data/batched_projection/proj_k80_seed2025_tol1e-05_L10.5.rds
[2025-11-21 09:06:32] Appended run metadata to summary.tsv
[2025-11-21 09:06:32] --------------------------------------------
[2025-11-21 09:06:32] Starting projection 499 / 750: k=90, seed=2025, tol=1e-05, L1=0.5
[2025-11-21 09:06:32] --------------------------------------------
[2025-11-21 09:06:33] Common genes: 28907
[2025-11-21 09:06:35] Projecting SRT into snRNA NMF basis...
[2025-11-21 09:06:37] Projection complete and rescaled.
[2025-11-21 09:06:39] Saved projection result to: /zata/zippy/kresgeb/nmf_stuff/dlPFC/data/batched_projection/proj_k90_seed2025_tol1e-05_L10.5.rds
[2025-11-21 09:06:39] Appended run metadata to summary.tsv
[2025-11-21 09:06:39] --------------------------------------------
[2025-11-21 09:06:39] Starting projection 500 / 750: k=100, seed=2025, tol=1e-05, L1=0.5
[2025-11-21 09:06:39] --------------------------------------------
[2025-11-21 09:06:39] Common genes: 28907
[2025-11-21 09:06:41] Projecting SRT into snRNA NMF basis...
[2025-11-21 09:06:43] Projection complete and rescaled.
[2025-11-21 09:06:45] Saved projection result to: /zata/zippy/kresgeb/nmf_stuff/dlPFC/data/batched_projection/proj_k100_seed2025_tol1e-05_L10.5.rds
[2025-11-21 09:06:45] Appended run metadata to summary.tsv
[2025-11-21 09:06:45] --------------------------------------------
[2025-11-21 09:06:45] Starting projection 501 / 750: k=10, seed=42, tol=1e-06, L1=0.5
[2025-11-21 09:06:45] --------------------------------------------
[2025-11-21 09:06:46] Common genes: 28907
[2025-11-21 09:06:49] Projecting SRT into snRNA NMF basis...
[2025-11-21 09:06:50] Projection complete and rescaled.
[2025-11-21 09:06:51] Saved projection result to: /zata/zippy/kresgeb/nmf_stuff/dlPFC/data/batched_projection/proj_k10_seed42_tol1e-06_L10.5.rds
[2025-11-21 09:06:51] Appended run metadata to summary.tsv
[2025-11-21 09:06:51] --------------------------------------------
[2025-11-21 09:06:51] Starting projection 502 / 750: k=20, seed=42, tol=1e-06, L1=0.5
[2025-11-21 09:06:51] --------------------------------------------
[2025-11-21 09:06:51] Common genes: 28907
[2025-11-21 09:06:53] Projecting SRT into snRNA NMF basis...
[2025-11-21 09:06:54] Projection complete and rescaled.
[2025-11-21 09:06:55] Saved projection result to: /zata/zippy/kresgeb/nmf_stuff/dlPFC/data/batched_projection/proj_k20_seed42_tol1e-06_L10.5.rds
[2025-11-21 09:06:55] Appended run metadata to summary.tsv
[2025-11-21 09:06:55] --------------------------------------------
[2025-11-21 09:06:55] Starting projection 503 / 750: k=30, seed=42, tol=1e-06, L1=0.5
[2025-11-21 09:06:55] --------------------------------------------
[2025-11-21 09:06:55] Common genes: 28907
[2025-11-21 09:06:57] Projecting SRT into snRNA NMF basis...
[2025-11-21 09:06:58] Projection complete and rescaled.
[2025-11-21 09:06:59] Saved projection result to: /zata/zippy/kresgeb/nmf_stuff/dlPFC/data/batched_projection/proj_k30_seed42_tol1e-06_L10.5.rds
[2025-11-21 09:06:59] Appended run metadata to summary.tsv
[2025-11-21 09:06:59] --------------------------------------------
[2025-11-21 09:06:59] Starting projection 504 / 750: k=40, seed=42, tol=1e-06, L1=0.5
[2025-11-21 09:06:59] --------------------------------------------
[2025-11-21 09:06:59] Common genes: 28907
[2025-11-21 09:07:01] Projecting SRT into snRNA NMF basis...
[2025-11-21 09:07:02] Projection complete and rescaled.
[2025-11-21 09:07:03] Saved projection result to: /zata/zippy/kresgeb/nmf_stuff/dlPFC/data/batched_projection/proj_k40_seed42_tol1e-06_L10.5.rds
[2025-11-21 09:07:03] Appended run metadata to summary.tsv
[2025-11-21 09:07:03] --------------------------------------------
[2025-11-21 09:07:03] Starting projection 505 / 750: k=50, seed=42, tol=1e-06, L1=0.5
[2025-11-21 09:07:03] --------------------------------------------
[2025-11-21 09:07:04] Common genes: 28907
[2025-11-21 09:07:06] Projecting SRT into snRNA NMF basis...
[2025-11-21 09:07:07] Projection complete and rescaled.
[2025-11-21 09:07:08] Saved projection result to: /zata/zippy/kresgeb/nmf_stuff/dlPFC/data/batched_projection/proj_k50_seed42_tol1e-06_L10.5.rds
[2025-11-21 09:07:08] Appended run metadata to summary.tsv
[2025-11-21 09:07:08] --------------------------------------------
[2025-11-21 09:07:08] Starting projection 506 / 750: k=60, seed=42, tol=1e-06, L1=0.5
[2025-11-21 09:07:08] --------------------------------------------
[2025-11-21 09:07:09] Common genes: 28907
[2025-11-21 09:07:12] Projecting SRT into snRNA NMF basis...
[2025-11-21 09:07:14] Projection complete and rescaled.
[2025-11-21 09:07:15] Saved projection result to: /zata/zippy/kresgeb/nmf_stuff/dlPFC/data/batched_projection/proj_k60_seed42_tol1e-06_L10.5.rds
[2025-11-21 09:07:15] Appended run metadata to summary.tsv
[2025-11-21 09:07:15] --------------------------------------------
[2025-11-21 09:07:15] Starting projection 507 / 750: k=70, seed=42, tol=1e-06, L1=0.5
[2025-11-21 09:07:15] --------------------------------------------
[2025-11-21 09:07:15] Common genes: 28907
[2025-11-21 09:07:17] Projecting SRT into snRNA NMF basis...
[2025-11-21 09:07:20] Projection complete and rescaled.
[2025-11-21 09:07:21] Saved projection result to: /zata/zippy/kresgeb/nmf_stuff/dlPFC/data/batched_projection/proj_k70_seed42_tol1e-06_L10.5.rds
[2025-11-21 09:07:21] Appended run metadata to summary.tsv
[2025-11-21 09:07:21] --------------------------------------------
[2025-11-21 09:07:21] Starting projection 508 / 750: k=80, seed=42, tol=1e-06, L1=0.5
[2025-11-21 09:07:21] --------------------------------------------
[2025-11-21 09:07:22] Common genes: 28907
[2025-11-21 09:07:23] Projecting SRT into snRNA NMF basis...
[2025-11-21 09:07:26] Projection complete and rescaled.
[2025-11-21 09:07:27] Saved projection result to: /zata/zippy/kresgeb/nmf_stuff/dlPFC/data/batched_projection/proj_k80_seed42_tol1e-06_L10.5.rds
[2025-11-21 09:07:27] Appended run metadata to summary.tsv
[2025-11-21 09:07:27] --------------------------------------------
[2025-11-21 09:07:27] Starting projection 509 / 750: k=90, seed=42, tol=1e-06, L1=0.5
[2025-11-21 09:07:27] --------------------------------------------
[2025-11-21 09:07:28] Common genes: 28907
[2025-11-21 09:07:30] Projecting SRT into snRNA NMF basis...
[2025-11-21 09:07:33] Projection complete and rescaled.
[2025-11-21 09:07:34] Saved projection result to: /zata/zippy/kresgeb/nmf_stuff/dlPFC/data/batched_projection/proj_k90_seed42_tol1e-06_L10.5.rds
[2025-11-21 09:07:34] Appended run metadata to summary.tsv
[2025-11-21 09:07:34] --------------------------------------------
[2025-11-21 09:07:34] Starting projection 510 / 750: k=100, seed=42, tol=1e-06, L1=0.5
[2025-11-21 09:07:34] --------------------------------------------
[2025-11-21 09:07:35] Common genes: 28907
[2025-11-21 09:07:37] Projecting SRT into snRNA NMF basis...
[2025-11-21 09:07:41] Projection complete and rescaled.
[2025-11-21 09:07:43] Saved projection result to: /zata/zippy/kresgeb/nmf_stuff/dlPFC/data/batched_projection/proj_k100_seed42_tol1e-06_L10.5.rds
[2025-11-21 09:07:43] Appended run metadata to summary.tsv
[2025-11-21 09:07:43] --------------------------------------------
[2025-11-21 09:07:43] Starting projection 511 / 750: k=10, seed=1029, tol=1e-06, L1=0.5
[2025-11-21 09:07:43] --------------------------------------------
[2025-11-21 09:07:43] Common genes: 28907
[2025-11-21 09:07:45] Projecting SRT into snRNA NMF basis...
[2025-11-21 09:07:46] Projection complete and rescaled.
[2025-11-21 09:07:47] Saved projection result to: /zata/zippy/kresgeb/nmf_stuff/dlPFC/data/batched_projection/proj_k10_seed1029_tol1e-06_L10.5.rds
[2025-11-21 09:07:47] Appended run metadata to summary.tsv
[2025-11-21 09:07:47] --------------------------------------------
[2025-11-21 09:07:47] Starting projection 512 / 750: k=20, seed=1029, tol=1e-06, L1=0.5
[2025-11-21 09:07:47] --------------------------------------------
[2025-11-21 09:07:47] Common genes: 28907
[2025-11-21 09:07:49] Projecting SRT into snRNA NMF basis...
[2025-11-21 09:07:50] Projection complete and rescaled.
[2025-11-21 09:07:51] Saved projection result to: /zata/zippy/kresgeb/nmf_stuff/dlPFC/data/batched_projection/proj_k20_seed1029_tol1e-06_L10.5.rds
[2025-11-21 09:07:51] Appended run metadata to summary.tsv
[2025-11-21 09:07:51] --------------------------------------------
[2025-11-21 09:07:51] Starting projection 513 / 750: k=30, seed=1029, tol=1e-06, L1=0.5
[2025-11-21 09:07:51] --------------------------------------------
[2025-11-21 09:07:51] Common genes: 28907
[2025-11-21 09:07:53] Projecting SRT into snRNA NMF basis...
[2025-11-21 09:07:54] Projection complete and rescaled.
[2025-11-21 09:07:55] Saved projection result to: /zata/zippy/kresgeb/nmf_stuff/dlPFC/data/batched_projection/proj_k30_seed1029_tol1e-06_L10.5.rds
[2025-11-21 09:07:55] Appended run metadata to summary.tsv
[2025-11-21 09:07:55] --------------------------------------------
[2025-11-21 09:07:55] Starting projection 514 / 750: k=40, seed=1029, tol=1e-06, L1=0.5
[2025-11-21 09:07:55] --------------------------------------------
[2025-11-21 09:07:55] Common genes: 28907
[2025-11-21 09:07:57] Projecting SRT into snRNA NMF basis...
[2025-11-21 09:08:00] Projection complete and rescaled.
[2025-11-21 09:08:01] Saved projection result to: /zata/zippy/kresgeb/nmf_stuff/dlPFC/data/batched_projection/proj_k40_seed1029_tol1e-06_L10.5.rds
[2025-11-21 09:08:01] Appended run metadata to summary.tsv
[2025-11-21 09:08:01] --------------------------------------------
[2025-11-21 09:08:01] Starting projection 515 / 750: k=50, seed=1029, tol=1e-06, L1=0.5
[2025-11-21 09:08:01] --------------------------------------------
[2025-11-21 09:08:02] Common genes: 28907
[2025-11-21 09:08:04] Projecting SRT into snRNA NMF basis...
[2025-11-21 09:08:06] Projection complete and rescaled.
[2025-11-21 09:08:07] Saved projection result to: /zata/zippy/kresgeb/nmf_stuff/dlPFC/data/batched_projection/proj_k50_seed1029_tol1e-06_L10.5.rds
[2025-11-21 09:08:07] Appended run metadata to summary.tsv
[2025-11-21 09:08:07] --------------------------------------------
[2025-11-21 09:08:07] Starting projection 516 / 750: k=60, seed=1029, tol=1e-06, L1=0.5
[2025-11-21 09:08:07] --------------------------------------------
[2025-11-21 09:08:07] Common genes: 28907
[2025-11-21 09:08:09] Projecting SRT into snRNA NMF basis...
[2025-11-21 09:08:11] Projection complete and rescaled.
[2025-11-21 09:08:12] Saved projection result to: /zata/zippy/kresgeb/nmf_stuff/dlPFC/data/batched_projection/proj_k60_seed1029_tol1e-06_L10.5.rds
[2025-11-21 09:08:12] Appended run metadata to summary.tsv
[2025-11-21 09:08:12] --------------------------------------------
[2025-11-21 09:08:12] Starting projection 517 / 750: k=70, seed=1029, tol=1e-06, L1=0.5
[2025-11-21 09:08:12] --------------------------------------------
[2025-11-21 09:08:12] Common genes: 28907
[2025-11-21 09:08:14] Projecting SRT into snRNA NMF basis...
[2025-11-21 09:08:17] Projection complete and rescaled.
[2025-11-21 09:08:18] Saved projection result to: /zata/zippy/kresgeb/nmf_stuff/dlPFC/data/batched_projection/proj_k70_seed1029_tol1e-06_L10.5.rds
[2025-11-21 09:08:18] Appended run metadata to summary.tsv
[2025-11-21 09:08:18] --------------------------------------------
[2025-11-21 09:08:18] Starting projection 518 / 750: k=80, seed=1029, tol=1e-06, L1=0.5
[2025-11-21 09:08:18] --------------------------------------------
[2025-11-21 09:08:19] Common genes: 28907
[2025-11-21 09:08:20] Projecting SRT into snRNA NMF basis...
[2025-11-21 09:08:23] Projection complete and rescaled.
[2025-11-21 09:08:24] Saved projection result to: /zata/zippy/kresgeb/nmf_stuff/dlPFC/data/batched_projection/proj_k80_seed1029_tol1e-06_L10.5.rds
[2025-11-21 09:08:24] Appended run metadata to summary.tsv
[2025-11-21 09:08:24] --------------------------------------------
[2025-11-21 09:08:24] Starting projection 519 / 750: k=90, seed=1029, tol=1e-06, L1=0.5
[2025-11-21 09:08:24] --------------------------------------------
[2025-11-21 09:08:25] Common genes: 28907
[2025-11-21 09:08:27] Projecting SRT into snRNA NMF basis...
[2025-11-21 09:08:30] Projection complete and rescaled.
[2025-11-21 09:08:32] Saved projection result to: /zata/zippy/kresgeb/nmf_stuff/dlPFC/data/batched_projection/proj_k90_seed1029_tol1e-06_L10.5.rds
[2025-11-21 09:08:32] Appended run metadata to summary.tsv
[2025-11-21 09:08:32] --------------------------------------------
[2025-11-21 09:08:32] Starting projection 520 / 750: k=100, seed=1029, tol=1e-06, L1=0.5
[2025-11-21 09:08:32] --------------------------------------------
[2025-11-21 09:08:32] Common genes: 28907
[2025-11-21 09:08:34] Projecting SRT into snRNA NMF basis...
[2025-11-21 09:08:36] Projection complete and rescaled.
[2025-11-21 09:08:38] Saved projection result to: /zata/zippy/kresgeb/nmf_stuff/dlPFC/data/batched_projection/proj_k100_seed1029_tol1e-06_L10.5.rds
[2025-11-21 09:08:38] Appended run metadata to summary.tsv
[2025-11-21 09:08:38] --------------------------------------------
[2025-11-21 09:08:38] Starting projection 521 / 750: k=10, seed=31415, tol=1e-06, L1=0.5
[2025-11-21 09:08:38] --------------------------------------------
[2025-11-21 09:08:38] Common genes: 28907
[2025-11-21 09:08:42] Projecting SRT into snRNA NMF basis...
[2025-11-21 09:08:43] Projection complete and rescaled.
[2025-11-21 09:08:43] Saved projection result to: /zata/zippy/kresgeb/nmf_stuff/dlPFC/data/batched_projection/proj_k10_seed31415_tol1e-06_L10.5.rds
[2025-11-21 09:08:43] Appended run metadata to summary.tsv
[2025-11-21 09:08:43] --------------------------------------------
[2025-11-21 09:08:43] Starting projection 522 / 750: k=20, seed=31415, tol=1e-06, L1=0.5
[2025-11-21 09:08:43] --------------------------------------------
[2025-11-21 09:08:44] Common genes: 28907
[2025-11-21 09:08:46] Projecting SRT into snRNA NMF basis...
[2025-11-21 09:08:47] Projection complete and rescaled.
[2025-11-21 09:08:47] Saved projection result to: /zata/zippy/kresgeb/nmf_stuff/dlPFC/data/batched_projection/proj_k20_seed31415_tol1e-06_L10.5.rds
[2025-11-21 09:08:47] Appended run metadata to summary.tsv
[2025-11-21 09:08:47] --------------------------------------------
[2025-11-21 09:08:47] Starting projection 523 / 750: k=30, seed=31415, tol=1e-06, L1=0.5
[2025-11-21 09:08:47] --------------------------------------------
[2025-11-21 09:08:48] Common genes: 28907
[2025-11-21 09:08:50] Projecting SRT into snRNA NMF basis...
[2025-11-21 09:08:51] Projection complete and rescaled.
[2025-11-21 09:08:52] Saved projection result to: /zata/zippy/kresgeb/nmf_stuff/dlPFC/data/batched_projection/proj_k30_seed31415_tol1e-06_L10.5.rds
[2025-11-21 09:08:52] Appended run metadata to summary.tsv
[2025-11-21 09:08:52] --------------------------------------------
[2025-11-21 09:08:52] Starting projection 524 / 750: k=40, seed=31415, tol=1e-06, L1=0.5
[2025-11-21 09:08:52] --------------------------------------------
[2025-11-21 09:08:52] Common genes: 28907
[2025-11-21 09:08:54] Projecting SRT into snRNA NMF basis...
[2025-11-21 09:08:55] Projection complete and rescaled.
[2025-11-21 09:08:56] Saved projection result to: /zata/zippy/kresgeb/nmf_stuff/dlPFC/data/batched_projection/proj_k40_seed31415_tol1e-06_L10.5.rds
[2025-11-21 09:08:56] Appended run metadata to summary.tsv
[2025-11-21 09:08:56] --------------------------------------------
[2025-11-21 09:08:56] Starting projection 525 / 750: k=50, seed=31415, tol=1e-06, L1=0.5
[2025-11-21 09:08:56] --------------------------------------------
[2025-11-21 09:08:56] Common genes: 28907
[2025-11-21 09:08:58] Projecting SRT into snRNA NMF basis...
[2025-11-21 09:09:00] Projection complete and rescaled.
[2025-11-21 09:09:01] Saved projection result to: /zata/zippy/kresgeb/nmf_stuff/dlPFC/data/batched_projection/proj_k50_seed31415_tol1e-06_L10.5.rds
[2025-11-21 09:09:01] Appended run metadata to summary.tsv
[2025-11-21 09:09:01] --------------------------------------------
[2025-11-21 09:09:01] Starting projection 526 / 750: k=60, seed=31415, tol=1e-06, L1=0.5
[2025-11-21 09:09:01] --------------------------------------------
[2025-11-21 09:09:01] Common genes: 28907
[2025-11-21 09:09:05] Projecting SRT into snRNA NMF basis...
[2025-11-21 09:09:06] Projection complete and rescaled.
[2025-11-21 09:09:08] Saved projection result to: /zata/zippy/kresgeb/nmf_stuff/dlPFC/data/batched_projection/proj_k60_seed31415_tol1e-06_L10.5.rds
[2025-11-21 09:09:08] Appended run metadata to summary.tsv
[2025-11-21 09:09:08] --------------------------------------------
[2025-11-21 09:09:08] Starting projection 527 / 750: k=70, seed=31415, tol=1e-06, L1=0.5
[2025-11-21 09:09:08] --------------------------------------------
[2025-11-21 09:09:08] Common genes: 28907
[2025-11-21 09:09:10] Projecting SRT into snRNA NMF basis...
[2025-11-21 09:09:12] Projection complete and rescaled.
[2025-11-21 09:09:13] Saved projection result to: /zata/zippy/kresgeb/nmf_stuff/dlPFC/data/batched_projection/proj_k70_seed31415_tol1e-06_L10.5.rds
[2025-11-21 09:09:13] Appended run metadata to summary.tsv
[2025-11-21 09:09:13] --------------------------------------------
[2025-11-21 09:09:13] Starting projection 528 / 750: k=80, seed=31415, tol=1e-06, L1=0.5
[2025-11-21 09:09:13] --------------------------------------------
[2025-11-21 09:09:14] Common genes: 28907
[2025-11-21 09:09:16] Projecting SRT into snRNA NMF basis...
[2025-11-21 09:09:18] Projection complete and rescaled.
[2025-11-21 09:09:20] Saved projection result to: /zata/zippy/kresgeb/nmf_stuff/dlPFC/data/batched_projection/proj_k80_seed31415_tol1e-06_L10.5.rds
[2025-11-21 09:09:20] Appended run metadata to summary.tsv
[2025-11-21 09:09:20] --------------------------------------------
[2025-11-21 09:09:20] Starting projection 529 / 750: k=90, seed=31415, tol=1e-06, L1=0.5
[2025-11-21 09:09:20] --------------------------------------------
[2025-11-21 09:09:20] Common genes: 28907
[2025-11-21 09:09:22] Projecting SRT into snRNA NMF basis...
[2025-11-21 09:09:25] Projection complete and rescaled.
[2025-11-21 09:09:26] Saved projection result to: /zata/zippy/kresgeb/nmf_stuff/dlPFC/data/batched_projection/proj_k90_seed31415_tol1e-06_L10.5.rds
[2025-11-21 09:09:26] Appended run metadata to summary.tsv
[2025-11-21 09:09:26] --------------------------------------------
[2025-11-21 09:09:26] Starting projection 530 / 750: k=100, seed=31415, tol=1e-06, L1=0.5
[2025-11-21 09:09:26] --------------------------------------------
[2025-11-21 09:09:27] Common genes: 28907
[2025-11-21 09:09:31] Projecting SRT into snRNA NMF basis...
[2025-11-21 09:09:33] Projection complete and rescaled.
[2025-11-21 09:09:35] Saved projection result to: /zata/zippy/kresgeb/nmf_stuff/dlPFC/data/batched_projection/proj_k100_seed31415_tol1e-06_L10.5.rds
[2025-11-21 09:09:35] Appended run metadata to summary.tsv
[2025-11-21 09:09:35] --------------------------------------------
[2025-11-21 09:09:35] Starting projection 531 / 750: k=10, seed=120301, tol=1e-06, L1=0.5
[2025-11-21 09:09:35] --------------------------------------------
[2025-11-21 09:09:35] Common genes: 28907
[2025-11-21 09:09:37] Projecting SRT into snRNA NMF basis...
[2025-11-21 09:09:38] Projection complete and rescaled.
[2025-11-21 09:09:38] Saved projection result to: /zata/zippy/kresgeb/nmf_stuff/dlPFC/data/batched_projection/proj_k10_seed120301_tol1e-06_L10.5.rds
[2025-11-21 09:09:38] Appended run metadata to summary.tsv
[2025-11-21 09:09:38] --------------------------------------------
[2025-11-21 09:09:38] Starting projection 532 / 750: k=20, seed=120301, tol=1e-06, L1=0.5
[2025-11-21 09:09:38] --------------------------------------------
[2025-11-21 09:09:39] Common genes: 28907
[2025-11-21 09:09:41] Projecting SRT into snRNA NMF basis...
[2025-11-21 09:09:42] Projection complete and rescaled.
[2025-11-21 09:09:42] Saved projection result to: /zata/zippy/kresgeb/nmf_stuff/dlPFC/data/batched_projection/proj_k20_seed120301_tol1e-06_L10.5.rds
[2025-11-21 09:09:42] Appended run metadata to summary.tsv
[2025-11-21 09:09:42] --------------------------------------------
[2025-11-21 09:09:42] Starting projection 533 / 750: k=30, seed=120301, tol=1e-06, L1=0.5
[2025-11-21 09:09:42] --------------------------------------------
[2025-11-21 09:09:43] Common genes: 28907
[2025-11-21 09:09:45] Projecting SRT into snRNA NMF basis...
[2025-11-21 09:09:46] Projection complete and rescaled.
[2025-11-21 09:09:47] Saved projection result to: /zata/zippy/kresgeb/nmf_stuff/dlPFC/data/batched_projection/proj_k30_seed120301_tol1e-06_L10.5.rds
[2025-11-21 09:09:47] Appended run metadata to summary.tsv
[2025-11-21 09:09:47] --------------------------------------------
[2025-11-21 09:09:47] Starting projection 534 / 750: k=40, seed=120301, tol=1e-06, L1=0.5
[2025-11-21 09:09:47] --------------------------------------------
[2025-11-21 09:09:47] Common genes: 28907
[2025-11-21 09:09:50] Projecting SRT into snRNA NMF basis...
[2025-11-21 09:09:51] Projection complete and rescaled.
[2025-11-21 09:09:52] Saved projection result to: /zata/zippy/kresgeb/nmf_stuff/dlPFC/data/batched_projection/proj_k40_seed120301_tol1e-06_L10.5.rds
[2025-11-21 09:09:52] Appended run metadata to summary.tsv
[2025-11-21 09:09:52] --------------------------------------------
[2025-11-21 09:09:52] Starting projection 535 / 750: k=50, seed=120301, tol=1e-06, L1=0.5
[2025-11-21 09:09:52] --------------------------------------------
[2025-11-21 09:09:52] Common genes: 28907
[2025-11-21 09:09:54] Projecting SRT into snRNA NMF basis...
[2025-11-21 09:09:56] Projection complete and rescaled.
[2025-11-21 09:09:57] Saved projection result to: /zata/zippy/kresgeb/nmf_stuff/dlPFC/data/batched_projection/proj_k50_seed120301_tol1e-06_L10.5.rds
[2025-11-21 09:09:57] Appended run metadata to summary.tsv
[2025-11-21 09:09:57] --------------------------------------------
[2025-11-21 09:09:57] Starting projection 536 / 750: k=60, seed=120301, tol=1e-06, L1=0.5
[2025-11-21 09:09:57] --------------------------------------------
[2025-11-21 09:09:57] Common genes: 28907
[2025-11-21 09:10:02] Projecting SRT into snRNA NMF basis...
[2025-11-21 09:10:04] Projection complete and rescaled.
[2025-11-21 09:10:05] Saved projection result to: /zata/zippy/kresgeb/nmf_stuff/dlPFC/data/batched_projection/proj_k60_seed120301_tol1e-06_L10.5.rds
[2025-11-21 09:10:05] Appended run metadata to summary.tsv
[2025-11-21 09:10:05] --------------------------------------------
[2025-11-21 09:10:05] Starting projection 537 / 750: k=70, seed=120301, tol=1e-06, L1=0.5
[2025-11-21 09:10:05] --------------------------------------------
[2025-11-21 09:10:05] Common genes: 28907
[2025-11-21 09:10:07] Projecting SRT into snRNA NMF basis...
[2025-11-21 09:10:09] Projection complete and rescaled.
[2025-11-21 09:10:11] Saved projection result to: /zata/zippy/kresgeb/nmf_stuff/dlPFC/data/batched_projection/proj_k70_seed120301_tol1e-06_L10.5.rds
[2025-11-21 09:10:11] Appended run metadata to summary.tsv
[2025-11-21 09:10:11] --------------------------------------------
[2025-11-21 09:10:11] Starting projection 538 / 750: k=80, seed=120301, tol=1e-06, L1=0.5
[2025-11-21 09:10:11] --------------------------------------------
[2025-11-21 09:10:11] Common genes: 28907
[2025-11-21 09:10:13] Projecting SRT into snRNA NMF basis...
[2025-11-21 09:10:16] Projection complete and rescaled.
[2025-11-21 09:10:18] Saved projection result to: /zata/zippy/kresgeb/nmf_stuff/dlPFC/data/batched_projection/proj_k80_seed120301_tol1e-06_L10.5.rds
[2025-11-21 09:10:18] Appended run metadata to summary.tsv
[2025-11-21 09:10:18] --------------------------------------------
[2025-11-21 09:10:18] Starting projection 539 / 750: k=90, seed=120301, tol=1e-06, L1=0.5
[2025-11-21 09:10:18] --------------------------------------------
[2025-11-21 09:10:18] Common genes: 28907
[2025-11-21 09:10:20] Projecting SRT into snRNA NMF basis...
[2025-11-21 09:10:23] Projection complete and rescaled.
[2025-11-21 09:10:25] Saved projection result to: /zata/zippy/kresgeb/nmf_stuff/dlPFC/data/batched_projection/proj_k90_seed120301_tol1e-06_L10.5.rds
[2025-11-21 09:10:25] Appended run metadata to summary.tsv
[2025-11-21 09:10:25] --------------------------------------------
[2025-11-21 09:10:25] Starting projection 540 / 750: k=100, seed=120301, tol=1e-06, L1=0.5
[2025-11-21 09:10:25] --------------------------------------------
[2025-11-21 09:10:25] Common genes: 28907
[2025-11-21 09:10:27] Projecting SRT into snRNA NMF basis...
[2025-11-21 09:10:32] Projection complete and rescaled.
[2025-11-21 09:10:34] Saved projection result to: /zata/zippy/kresgeb/nmf_stuff/dlPFC/data/batched_projection/proj_k100_seed120301_tol1e-06_L10.5.rds
[2025-11-21 09:10:34] Appended run metadata to summary.tsv
[2025-11-21 09:10:34] --------------------------------------------
[2025-11-21 09:10:34] Starting projection 541 / 750: k=10, seed=2025, tol=1e-06, L1=0.5
[2025-11-21 09:10:34] --------------------------------------------
[2025-11-21 09:10:35] Common genes: 28907
[2025-11-21 09:10:37] Projecting SRT into snRNA NMF basis...
[2025-11-21 09:10:38] Projection complete and rescaled.
[2025-11-21 09:10:39] Saved projection result to: /zata/zippy/kresgeb/nmf_stuff/dlPFC/data/batched_projection/proj_k10_seed2025_tol1e-06_L10.5.rds
[2025-11-21 09:10:39] Appended run metadata to summary.tsv
[2025-11-21 09:10:39] --------------------------------------------
[2025-11-21 09:10:39] Starting projection 542 / 750: k=20, seed=2025, tol=1e-06, L1=0.5
[2025-11-21 09:10:39] --------------------------------------------
[2025-11-21 09:10:39] Common genes: 28907
[2025-11-21 09:10:41] Projecting SRT into snRNA NMF basis...
[2025-11-21 09:10:42] Projection complete and rescaled.
[2025-11-21 09:10:43] Saved projection result to: /zata/zippy/kresgeb/nmf_stuff/dlPFC/data/batched_projection/proj_k20_seed2025_tol1e-06_L10.5.rds
[2025-11-21 09:10:43] Appended run metadata to summary.tsv
[2025-11-21 09:10:43] --------------------------------------------
[2025-11-21 09:10:43] Starting projection 543 / 750: k=30, seed=2025, tol=1e-06, L1=0.5
[2025-11-21 09:10:43] --------------------------------------------
[2025-11-21 09:10:43] Common genes: 28907
[2025-11-21 09:10:45] Projecting SRT into snRNA NMF basis...
[2025-11-21 09:10:46] Projection complete and rescaled.
[2025-11-21 09:10:47] Saved projection result to: /zata/zippy/kresgeb/nmf_stuff/dlPFC/data/batched_projection/proj_k30_seed2025_tol1e-06_L10.5.rds
[2025-11-21 09:10:47] Appended run metadata to summary.tsv
[2025-11-21 09:10:47] --------------------------------------------
[2025-11-21 09:10:47] Starting projection 544 / 750: k=40, seed=2025, tol=1e-06, L1=0.5
[2025-11-21 09:10:47] --------------------------------------------
[2025-11-21 09:10:47] Common genes: 28907
[2025-11-21 09:10:49] Projecting SRT into snRNA NMF basis...
[2025-11-21 09:10:53] Projection complete and rescaled.
[2025-11-21 09:10:54] Saved projection result to: /zata/zippy/kresgeb/nmf_stuff/dlPFC/data/batched_projection/proj_k40_seed2025_tol1e-06_L10.5.rds
[2025-11-21 09:10:54] Appended run metadata to summary.tsv
[2025-11-21 09:10:54] --------------------------------------------
[2025-11-21 09:10:54] Starting projection 545 / 750: k=50, seed=2025, tol=1e-06, L1=0.5
[2025-11-21 09:10:54] --------------------------------------------
[2025-11-21 09:10:54] Common genes: 28907
[2025-11-21 09:10:57] Projecting SRT into snRNA NMF basis...
[2025-11-21 09:10:58] Projection complete and rescaled.
[2025-11-21 09:10:59] Saved projection result to: /zata/zippy/kresgeb/nmf_stuff/dlPFC/data/batched_projection/proj_k50_seed2025_tol1e-06_L10.5.rds
[2025-11-21 09:10:59] Appended run metadata to summary.tsv
[2025-11-21 09:10:59] --------------------------------------------
[2025-11-21 09:10:59] Starting projection 546 / 750: k=60, seed=2025, tol=1e-06, L1=0.5
[2025-11-21 09:10:59] --------------------------------------------
[2025-11-21 09:11:00] Common genes: 28907
[2025-11-21 09:11:02] Projecting SRT into snRNA NMF basis...
[2025-11-21 09:11:04] Projection complete and rescaled.
[2025-11-21 09:11:05] Saved projection result to: /zata/zippy/kresgeb/nmf_stuff/dlPFC/data/batched_projection/proj_k60_seed2025_tol1e-06_L10.5.rds
[2025-11-21 09:11:05] Appended run metadata to summary.tsv
[2025-11-21 09:11:05] --------------------------------------------
[2025-11-21 09:11:05] Starting projection 547 / 750: k=70, seed=2025, tol=1e-06, L1=0.5
[2025-11-21 09:11:05] --------------------------------------------
[2025-11-21 09:11:05] Common genes: 28907
[2025-11-21 09:11:07] Projecting SRT into snRNA NMF basis...
[2025-11-21 09:11:10] Projection complete and rescaled.
[2025-11-21 09:11:11] Saved projection result to: /zata/zippy/kresgeb/nmf_stuff/dlPFC/data/batched_projection/proj_k70_seed2025_tol1e-06_L10.5.rds
[2025-11-21 09:11:11] Appended run metadata to summary.tsv
[2025-11-21 09:11:11] --------------------------------------------
[2025-11-21 09:11:11] Starting projection 548 / 750: k=80, seed=2025, tol=1e-06, L1=0.5
[2025-11-21 09:11:11] --------------------------------------------
[2025-11-21 09:11:11] Common genes: 28907
[2025-11-21 09:11:13] Projecting SRT into snRNA NMF basis...
[2025-11-21 09:11:16] Projection complete and rescaled.
[2025-11-21 09:11:17] Saved projection result to: /zata/zippy/kresgeb/nmf_stuff/dlPFC/data/batched_projection/proj_k80_seed2025_tol1e-06_L10.5.rds
[2025-11-21 09:11:17] Appended run metadata to summary.tsv
[2025-11-21 09:11:17] --------------------------------------------
[2025-11-21 09:11:17] Starting projection 549 / 750: k=90, seed=2025, tol=1e-06, L1=0.5
[2025-11-21 09:11:17] --------------------------------------------
[2025-11-21 09:11:18] Common genes: 28907
[2025-11-21 09:11:20] Projecting SRT into snRNA NMF basis...
[2025-11-21 09:11:22] Projection complete and rescaled.
[2025-11-21 09:11:24] Saved projection result to: /zata/zippy/kresgeb/nmf_stuff/dlPFC/data/batched_projection/proj_k90_seed2025_tol1e-06_L10.5.rds
[2025-11-21 09:11:24] Appended run metadata to summary.tsv
[2025-11-21 09:11:24] --------------------------------------------
[2025-11-21 09:11:24] Starting projection 550 / 750: k=100, seed=2025, tol=1e-06, L1=0.5
[2025-11-21 09:11:24] --------------------------------------------
[2025-11-21 09:11:25] Common genes: 28907
[2025-11-21 09:11:27] Projecting SRT into snRNA NMF basis...
[2025-11-21 09:11:29] Projection complete and rescaled.
[2025-11-21 09:11:31] Saved projection result to: /zata/zippy/kresgeb/nmf_stuff/dlPFC/data/batched_projection/proj_k100_seed2025_tol1e-06_L10.5.rds
[2025-11-21 09:11:31] Appended run metadata to summary.tsv
[2025-11-21 09:11:31] --------------------------------------------
[2025-11-21 09:11:31] Starting projection 551 / 750: k=10, seed=42, tol=1e-07, L1=0.5
[2025-11-21 09:11:31] --------------------------------------------
[2025-11-21 09:11:31] Common genes: 28907
[2025-11-21 09:11:35] Projecting SRT into snRNA NMF basis...
[2025-11-21 09:11:36] Projection complete and rescaled.
[2025-11-21 09:11:37] Saved projection result to: /zata/zippy/kresgeb/nmf_stuff/dlPFC/data/batched_projection/proj_k10_seed42_tol1e-07_L10.5.rds
[2025-11-21 09:11:37] Appended run metadata to summary.tsv
[2025-11-21 09:11:37] --------------------------------------------
[2025-11-21 09:11:37] Starting projection 552 / 750: k=20, seed=42, tol=1e-07, L1=0.5
[2025-11-21 09:11:37] --------------------------------------------
[2025-11-21 09:11:37] Common genes: 28907
[2025-11-21 09:11:39] Projecting SRT into snRNA NMF basis...
[2025-11-21 09:11:40] Projection complete and rescaled.
[2025-11-21 09:11:41] Saved projection result to: /zata/zippy/kresgeb/nmf_stuff/dlPFC/data/batched_projection/proj_k20_seed42_tol1e-07_L10.5.rds
[2025-11-21 09:11:41] Appended run metadata to summary.tsv
[2025-11-21 09:11:41] --------------------------------------------
[2025-11-21 09:11:41] Starting projection 553 / 750: k=30, seed=42, tol=1e-07, L1=0.5
[2025-11-21 09:11:41] --------------------------------------------
[2025-11-21 09:11:41] Common genes: 28907
[2025-11-21 09:11:43] Projecting SRT into snRNA NMF basis...
[2025-11-21 09:11:44] Projection complete and rescaled.
[2025-11-21 09:11:45] Saved projection result to: /zata/zippy/kresgeb/nmf_stuff/dlPFC/data/batched_projection/proj_k30_seed42_tol1e-07_L10.5.rds
[2025-11-21 09:11:45] Appended run metadata to summary.tsv
[2025-11-21 09:11:45] --------------------------------------------
[2025-11-21 09:11:45] Starting projection 554 / 750: k=40, seed=42, tol=1e-07, L1=0.5
[2025-11-21 09:11:45] --------------------------------------------
[2025-11-21 09:11:45] Common genes: 28907
[2025-11-21 09:11:47] Projecting SRT into snRNA NMF basis...
[2025-11-21 09:11:48] Projection complete and rescaled.
[2025-11-21 09:11:49] Saved projection result to: /zata/zippy/kresgeb/nmf_stuff/dlPFC/data/batched_projection/proj_k40_seed42_tol1e-07_L10.5.rds
[2025-11-21 09:11:49] Appended run metadata to summary.tsv
[2025-11-21 09:11:49] --------------------------------------------
[2025-11-21 09:11:49] Starting projection 555 / 750: k=50, seed=42, tol=1e-07, L1=0.5
[2025-11-21 09:11:49] --------------------------------------------
[2025-11-21 09:11:50] Common genes: 28907
[2025-11-21 09:11:52] Projecting SRT into snRNA NMF basis...
[2025-11-21 09:11:53] Projection complete and rescaled.
[2025-11-21 09:11:54] Saved projection result to: /zata/zippy/kresgeb/nmf_stuff/dlPFC/data/batched_projection/proj_k50_seed42_tol1e-07_L10.5.rds
[2025-11-21 09:11:54] Appended run metadata to summary.tsv
[2025-11-21 09:11:54] --------------------------------------------
[2025-11-21 09:11:54] Starting projection 556 / 750: k=60, seed=42, tol=1e-07, L1=0.5
[2025-11-21 09:11:54] --------------------------------------------
[2025-11-21 09:11:54] Common genes: 28907
[2025-11-21 09:11:58] Projecting SRT into snRNA NMF basis...
[2025-11-21 09:12:00] Projection complete and rescaled.
[2025-11-21 09:12:01] Saved projection result to: /zata/zippy/kresgeb/nmf_stuff/dlPFC/data/batched_projection/proj_k60_seed42_tol1e-07_L10.5.rds
[2025-11-21 09:12:01] Appended run metadata to summary.tsv
[2025-11-21 09:12:01] --------------------------------------------
[2025-11-21 09:12:01] Starting projection 557 / 750: k=70, seed=42, tol=1e-07, L1=0.5
[2025-11-21 09:12:01] --------------------------------------------
[2025-11-21 09:12:01] Common genes: 28907
[2025-11-21 09:12:03] Projecting SRT into snRNA NMF basis...
[2025-11-21 09:12:05] Projection complete and rescaled.
[2025-11-21 09:12:07] Saved projection result to: /zata/zippy/kresgeb/nmf_stuff/dlPFC/data/batched_projection/proj_k70_seed42_tol1e-07_L10.5.rds
[2025-11-21 09:12:07] Appended run metadata to summary.tsv
[2025-11-21 09:12:07] --------------------------------------------
[2025-11-21 09:12:07] Starting projection 558 / 750: k=80, seed=42, tol=1e-07, L1=0.5
[2025-11-21 09:12:07] --------------------------------------------
[2025-11-21 09:12:07] Common genes: 28907
[2025-11-21 09:12:09] Projecting SRT into snRNA NMF basis...
[2025-11-21 09:12:11] Projection complete and rescaled.
[2025-11-21 09:12:13] Saved projection result to: /zata/zippy/kresgeb/nmf_stuff/dlPFC/data/batched_projection/proj_k80_seed42_tol1e-07_L10.5.rds
[2025-11-21 09:12:13] Appended run metadata to summary.tsv
[2025-11-21 09:12:13] --------------------------------------------
[2025-11-21 09:12:13] Starting projection 559 / 750: k=90, seed=42, tol=1e-07, L1=0.5
[2025-11-21 09:12:13] --------------------------------------------
[2025-11-21 09:12:14] Common genes: 28907
[2025-11-21 09:12:16] Projecting SRT into snRNA NMF basis...
[2025-11-21 09:12:18] Projection complete and rescaled.
[2025-11-21 09:12:20] Saved projection result to: /zata/zippy/kresgeb/nmf_stuff/dlPFC/data/batched_projection/proj_k90_seed42_tol1e-07_L10.5.rds
[2025-11-21 09:12:20] Appended run metadata to summary.tsv
[2025-11-21 09:12:20] --------------------------------------------
[2025-11-21 09:12:20] Starting projection 560 / 750: k=100, seed=42, tol=1e-07, L1=0.5
[2025-11-21 09:12:20] --------------------------------------------
[2025-11-21 09:12:20] Common genes: 28907
[2025-11-21 09:12:24] Projecting SRT into snRNA NMF basis...
[2025-11-21 09:12:26] Projection complete and rescaled.
[2025-11-21 09:12:28] Saved projection result to: /zata/zippy/kresgeb/nmf_stuff/dlPFC/data/batched_projection/proj_k100_seed42_tol1e-07_L10.5.rds
[2025-11-21 09:12:28] Appended run metadata to summary.tsv
[2025-11-21 09:12:28] --------------------------------------------
[2025-11-21 09:12:28] Starting projection 561 / 750: k=10, seed=1029, tol=1e-07, L1=0.5
[2025-11-21 09:12:28] --------------------------------------------
[2025-11-21 09:12:28] Common genes: 28907
[2025-11-21 09:12:30] Projecting SRT into snRNA NMF basis...
[2025-11-21 09:12:31] Projection complete and rescaled.
[2025-11-21 09:12:32] Saved projection result to: /zata/zippy/kresgeb/nmf_stuff/dlPFC/data/batched_projection/proj_k10_seed1029_tol1e-07_L10.5.rds
[2025-11-21 09:12:32] Appended run metadata to summary.tsv
[2025-11-21 09:12:32] --------------------------------------------
[2025-11-21 09:12:32] Starting projection 562 / 750: k=20, seed=1029, tol=1e-07, L1=0.5
[2025-11-21 09:12:32] --------------------------------------------
[2025-11-21 09:12:32] Common genes: 28907
[2025-11-21 09:12:34] Projecting SRT into snRNA NMF basis...
[2025-11-21 09:12:35] Projection complete and rescaled.
[2025-11-21 09:12:36] Saved projection result to: /zata/zippy/kresgeb/nmf_stuff/dlPFC/data/batched_projection/proj_k20_seed1029_tol1e-07_L10.5.rds
[2025-11-21 09:12:36] Appended run metadata to summary.tsv
[2025-11-21 09:12:36] --------------------------------------------
[2025-11-21 09:12:36] Starting projection 563 / 750: k=30, seed=1029, tol=1e-07, L1=0.5
[2025-11-21 09:12:36] --------------------------------------------
[2025-11-21 09:12:36] Common genes: 28907
[2025-11-21 09:12:38] Projecting SRT into snRNA NMF basis...
[2025-11-21 09:12:40] Projection complete and rescaled.
[2025-11-21 09:12:40] Saved projection result to: /zata/zippy/kresgeb/nmf_stuff/dlPFC/data/batched_projection/proj_k30_seed1029_tol1e-07_L10.5.rds
[2025-11-21 09:12:40] Appended run metadata to summary.tsv
[2025-11-21 09:12:40] --------------------------------------------
[2025-11-21 09:12:40] Starting projection 564 / 750: k=40, seed=1029, tol=1e-07, L1=0.5
[2025-11-21 09:12:40] --------------------------------------------
[2025-11-21 09:12:41] Common genes: 28907
[2025-11-21 09:12:43] Projecting SRT into snRNA NMF basis...
[2025-11-21 09:12:44] Projection complete and rescaled.
[2025-11-21 09:12:45] Saved projection result to: /zata/zippy/kresgeb/nmf_stuff/dlPFC/data/batched_projection/proj_k40_seed1029_tol1e-07_L10.5.rds
[2025-11-21 09:12:45] Appended run metadata to summary.tsv
[2025-11-21 09:12:45] --------------------------------------------
[2025-11-21 09:12:45] Starting projection 565 / 750: k=50, seed=1029, tol=1e-07, L1=0.5
[2025-11-21 09:12:45] --------------------------------------------
[2025-11-21 09:12:45] Common genes: 28907
[2025-11-21 09:12:49] Projecting SRT into snRNA NMF basis...
[2025-11-21 09:12:50] Projection complete and rescaled.
[2025-11-21 09:12:51] Saved projection result to: /zata/zippy/kresgeb/nmf_stuff/dlPFC/data/batched_projection/proj_k50_seed1029_tol1e-07_L10.5.rds
[2025-11-21 09:12:51] Appended run metadata to summary.tsv
[2025-11-21 09:12:51] --------------------------------------------
[2025-11-21 09:12:51] Starting projection 566 / 750: k=60, seed=1029, tol=1e-07, L1=0.5
[2025-11-21 09:12:51] --------------------------------------------
[2025-11-21 09:12:52] Common genes: 28907
[2025-11-21 09:12:54] Projecting SRT into snRNA NMF basis...
[2025-11-21 09:12:56] Projection complete and rescaled.
[2025-11-21 09:12:57] Saved projection result to: /zata/zippy/kresgeb/nmf_stuff/dlPFC/data/batched_projection/proj_k60_seed1029_tol1e-07_L10.5.rds
[2025-11-21 09:12:57] Appended run metadata to summary.tsv
[2025-11-21 09:12:57] --------------------------------------------
[2025-11-21 09:12:57] Starting projection 567 / 750: k=70, seed=1029, tol=1e-07, L1=0.5
[2025-11-21 09:12:57] --------------------------------------------
[2025-11-21 09:12:57] Common genes: 28907
[2025-11-21 09:12:59] Projecting SRT into snRNA NMF basis...
[2025-11-21 09:13:01] Projection complete and rescaled.
[2025-11-21 09:13:03] Saved projection result to: /zata/zippy/kresgeb/nmf_stuff/dlPFC/data/batched_projection/proj_k70_seed1029_tol1e-07_L10.5.rds
[2025-11-21 09:13:03] Appended run metadata to summary.tsv
[2025-11-21 09:13:03] --------------------------------------------
[2025-11-21 09:13:03] Starting projection 568 / 750: k=80, seed=1029, tol=1e-07, L1=0.5
[2025-11-21 09:13:03] --------------------------------------------
[2025-11-21 09:13:03] Common genes: 28907
[2025-11-21 09:13:05] Projecting SRT into snRNA NMF basis...
[2025-11-21 09:13:07] Projection complete and rescaled.
[2025-11-21 09:13:09] Saved projection result to: /zata/zippy/kresgeb/nmf_stuff/dlPFC/data/batched_projection/proj_k80_seed1029_tol1e-07_L10.5.rds
[2025-11-21 09:13:09] Appended run metadata to summary.tsv
[2025-11-21 09:13:09] --------------------------------------------
[2025-11-21 09:13:09] Starting projection 569 / 750: k=90, seed=1029, tol=1e-07, L1=0.5
[2025-11-21 09:13:09] --------------------------------------------
[2025-11-21 09:13:09] Common genes: 28907
[2025-11-21 09:13:12] Projecting SRT into snRNA NMF basis...
[2025-11-21 09:13:14] Projection complete and rescaled.
[2025-11-21 09:13:16] Saved projection result to: /zata/zippy/kresgeb/nmf_stuff/dlPFC/data/batched_projection/proj_k90_seed1029_tol1e-07_L10.5.rds
[2025-11-21 09:13:16] Appended run metadata to summary.tsv
[2025-11-21 09:13:16] --------------------------------------------
[2025-11-21 09:13:16] Starting projection 570 / 750: k=100, seed=1029, tol=1e-07, L1=0.5
[2025-11-21 09:13:16] --------------------------------------------
[2025-11-21 09:13:16] Common genes: 28907
[2025-11-21 09:13:20] Projecting SRT into snRNA NMF basis...
[2025-11-21 09:13:22] Projection complete and rescaled.
[2025-11-21 09:13:24] Saved projection result to: /zata/zippy/kresgeb/nmf_stuff/dlPFC/data/batched_projection/proj_k100_seed1029_tol1e-07_L10.5.rds
[2025-11-21 09:13:24] Appended run metadata to summary.tsv
[2025-11-21 09:13:24] --------------------------------------------
[2025-11-21 09:13:24] Starting projection 571 / 750: k=10, seed=31415, tol=1e-07, L1=0.5
[2025-11-21 09:13:24] --------------------------------------------
[2025-11-21 09:13:24] Common genes: 28907
[2025-11-21 09:13:26] Projecting SRT into snRNA NMF basis...
[2025-11-21 09:13:27] Projection complete and rescaled.
[2025-11-21 09:13:28] Saved projection result to: /zata/zippy/kresgeb/nmf_stuff/dlPFC/data/batched_projection/proj_k10_seed31415_tol1e-07_L10.5.rds
[2025-11-21 09:13:28] Appended run metadata to summary.tsv
[2025-11-21 09:13:28] --------------------------------------------
[2025-11-21 09:13:28] Starting projection 572 / 750: k=20, seed=31415, tol=1e-07, L1=0.5
[2025-11-21 09:13:28] --------------------------------------------
[2025-11-21 09:13:28] Common genes: 28907
[2025-11-21 09:13:29] Projecting SRT into snRNA NMF basis...
[2025-11-21 09:13:31] Projection complete and rescaled.
[2025-11-21 09:13:32] Saved projection result to: /zata/zippy/kresgeb/nmf_stuff/dlPFC/data/batched_projection/proj_k20_seed31415_tol1e-07_L10.5.rds
[2025-11-21 09:13:32] Appended run metadata to summary.tsv
[2025-11-21 09:13:32] --------------------------------------------
[2025-11-21 09:13:32] Starting projection 573 / 750: k=30, seed=31415, tol=1e-07, L1=0.5
[2025-11-21 09:13:32] --------------------------------------------
[2025-11-21 09:13:32] Common genes: 28907
[2025-11-21 09:13:34] Projecting SRT into snRNA NMF basis...
[2025-11-21 09:13:35] Projection complete and rescaled.
[2025-11-21 09:13:36] Saved projection result to: /zata/zippy/kresgeb/nmf_stuff/dlPFC/data/batched_projection/proj_k30_seed31415_tol1e-07_L10.5.rds
[2025-11-21 09:13:36] Appended run metadata to summary.tsv
[2025-11-21 09:13:36] --------------------------------------------
[2025-11-21 09:13:36] Starting projection 574 / 750: k=40, seed=31415, tol=1e-07, L1=0.5
[2025-11-21 09:13:36] --------------------------------------------
[2025-11-21 09:13:36] Common genes: 28907
[2025-11-21 09:13:39] Projecting SRT into snRNA NMF basis...
[2025-11-21 09:13:42] Projection complete and rescaled.
[2025-11-21 09:13:42] Saved projection result to: /zata/zippy/kresgeb/nmf_stuff/dlPFC/data/batched_projection/proj_k40_seed31415_tol1e-07_L10.5.rds
[2025-11-21 09:13:42] Appended run metadata to summary.tsv
[2025-11-21 09:13:42] --------------------------------------------
[2025-11-21 09:13:42] Starting projection 575 / 750: k=50, seed=31415, tol=1e-07, L1=0.5
[2025-11-21 09:13:42] --------------------------------------------
[2025-11-21 09:13:43] Common genes: 28907
[2025-11-21 09:13:45] Projecting SRT into snRNA NMF basis...
[2025-11-21 09:13:46] Projection complete and rescaled.
[2025-11-21 09:13:47] Saved projection result to: /zata/zippy/kresgeb/nmf_stuff/dlPFC/data/batched_projection/proj_k50_seed31415_tol1e-07_L10.5.rds
[2025-11-21 09:13:47] Appended run metadata to summary.tsv
[2025-11-21 09:13:47] --------------------------------------------
[2025-11-21 09:13:47] Starting projection 576 / 750: k=60, seed=31415, tol=1e-07, L1=0.5
[2025-11-21 09:13:47] --------------------------------------------
[2025-11-21 09:13:48] Common genes: 28907
[2025-11-21 09:13:50] Projecting SRT into snRNA NMF basis...
[2025-11-21 09:13:51] Projection complete and rescaled.
[2025-11-21 09:13:53] Saved projection result to: /zata/zippy/kresgeb/nmf_stuff/dlPFC/data/batched_projection/proj_k60_seed31415_tol1e-07_L10.5.rds
[2025-11-21 09:13:53] Appended run metadata to summary.tsv
[2025-11-21 09:13:53] --------------------------------------------
[2025-11-21 09:13:53] Starting projection 577 / 750: k=70, seed=31415, tol=1e-07, L1=0.5
[2025-11-21 09:13:53] --------------------------------------------
[2025-11-21 09:13:53] Common genes: 28907
[2025-11-21 09:13:55] Projecting SRT into snRNA NMF basis...
[2025-11-21 09:13:57] Projection complete and rescaled.
[2025-11-21 09:13:58] Saved projection result to: /zata/zippy/kresgeb/nmf_stuff/dlPFC/data/batched_projection/proj_k70_seed31415_tol1e-07_L10.5.rds
[2025-11-21 09:13:58] Appended run metadata to summary.tsv
[2025-11-21 09:13:58] --------------------------------------------
[2025-11-21 09:13:58] Starting projection 578 / 750: k=80, seed=31415, tol=1e-07, L1=0.5
[2025-11-21 09:13:58] --------------------------------------------
[2025-11-21 09:13:59] Common genes: 28907
[2025-11-21 09:14:01] Projecting SRT into snRNA NMF basis...
[2025-11-21 09:14:03] Projection complete and rescaled.
[2025-11-21 09:14:04] Saved projection result to: /zata/zippy/kresgeb/nmf_stuff/dlPFC/data/batched_projection/proj_k80_seed31415_tol1e-07_L10.5.rds
[2025-11-21 09:14:04] Appended run metadata to summary.tsv
[2025-11-21 09:14:04] --------------------------------------------
[2025-11-21 09:14:04] Starting projection 579 / 750: k=90, seed=31415, tol=1e-07, L1=0.5
[2025-11-21 09:14:04] --------------------------------------------
[2025-11-21 09:14:05] Common genes: 28907
[2025-11-21 09:14:07] Projecting SRT into snRNA NMF basis...
[2025-11-21 09:14:09] Projection complete and rescaled.
[2025-11-21 09:14:11] Saved projection result to: /zata/zippy/kresgeb/nmf_stuff/dlPFC/data/batched_projection/proj_k90_seed31415_tol1e-07_L10.5.rds
[2025-11-21 09:14:11] Appended run metadata to summary.tsv
[2025-11-21 09:14:11] --------------------------------------------
[2025-11-21 09:14:11] Starting projection 580 / 750: k=100, seed=31415, tol=1e-07, L1=0.5
[2025-11-21 09:14:11] --------------------------------------------
[2025-11-21 09:14:11] Common genes: 28907
[2025-11-21 09:14:13] Projecting SRT into snRNA NMF basis...
[2025-11-21 09:14:16] Projection complete and rescaled.
[2025-11-21 09:14:18] Saved projection result to: /zata/zippy/kresgeb/nmf_stuff/dlPFC/data/batched_projection/proj_k100_seed31415_tol1e-07_L10.5.rds
[2025-11-21 09:14:18] Appended run metadata to summary.tsv
[2025-11-21 09:14:18] --------------------------------------------
[2025-11-21 09:14:18] Starting projection 581 / 750: k=10, seed=120301, tol=1e-07, L1=0.5
[2025-11-21 09:14:18] --------------------------------------------
[2025-11-21 09:14:18] Common genes: 28907
[2025-11-21 09:14:20] Projecting SRT into snRNA NMF basis...
[2025-11-21 09:14:23] Projection complete and rescaled.
[2025-11-21 09:14:23] Saved projection result to: /zata/zippy/kresgeb/nmf_stuff/dlPFC/data/batched_projection/proj_k10_seed120301_tol1e-07_L10.5.rds
[2025-11-21 09:14:23] Appended run metadata to summary.tsv
[2025-11-21 09:14:23] --------------------------------------------
[2025-11-21 09:14:23] Starting projection 582 / 750: k=20, seed=120301, tol=1e-07, L1=0.5
[2025-11-21 09:14:23] --------------------------------------------
[2025-11-21 09:14:24] Common genes: 28907
[2025-11-21 09:14:26] Projecting SRT into snRNA NMF basis...
[2025-11-21 09:14:27] Projection complete and rescaled.
[2025-11-21 09:14:27] Saved projection result to: /zata/zippy/kresgeb/nmf_stuff/dlPFC/data/batched_projection/proj_k20_seed120301_tol1e-07_L10.5.rds
[2025-11-21 09:14:27] Appended run metadata to summary.tsv
[2025-11-21 09:14:27] --------------------------------------------
[2025-11-21 09:14:27] Starting projection 583 / 750: k=30, seed=120301, tol=1e-07, L1=0.5
[2025-11-21 09:14:27] --------------------------------------------
[2025-11-21 09:14:28] Common genes: 28907
[2025-11-21 09:14:30] Projecting SRT into snRNA NMF basis...
[2025-11-21 09:14:31] Projection complete and rescaled.
[2025-11-21 09:14:32] Saved projection result to: /zata/zippy/kresgeb/nmf_stuff/dlPFC/data/batched_projection/proj_k30_seed120301_tol1e-07_L10.5.rds
[2025-11-21 09:14:32] Appended run metadata to summary.tsv
[2025-11-21 09:14:32] --------------------------------------------
[2025-11-21 09:14:32] Starting projection 584 / 750: k=40, seed=120301, tol=1e-07, L1=0.5
[2025-11-21 09:14:32] --------------------------------------------
[2025-11-21 09:14:32] Common genes: 28907
[2025-11-21 09:14:34] Projecting SRT into snRNA NMF basis...
[2025-11-21 09:14:36] Projection complete and rescaled.
[2025-11-21 09:14:37] Saved projection result to: /zata/zippy/kresgeb/nmf_stuff/dlPFC/data/batched_projection/proj_k40_seed120301_tol1e-07_L10.5.rds
[2025-11-21 09:14:37] Appended run metadata to summary.tsv
[2025-11-21 09:14:37] --------------------------------------------
[2025-11-21 09:14:37] Starting projection 585 / 750: k=50, seed=120301, tol=1e-07, L1=0.5
[2025-11-21 09:14:37] --------------------------------------------
[2025-11-21 09:14:37] Common genes: 28907
[2025-11-21 09:14:39] Projecting SRT into snRNA NMF basis...
[2025-11-21 09:14:41] Projection complete and rescaled.
[2025-11-21 09:14:42] Saved projection result to: /zata/zippy/kresgeb/nmf_stuff/dlPFC/data/batched_projection/proj_k50_seed120301_tol1e-07_L10.5.rds
[2025-11-21 09:14:42] Appended run metadata to summary.tsv
[2025-11-21 09:14:42] --------------------------------------------
[2025-11-21 09:14:42] Starting projection 586 / 750: k=60, seed=120301, tol=1e-07, L1=0.5
[2025-11-21 09:14:42] --------------------------------------------
[2025-11-21 09:14:43] Common genes: 28907
[2025-11-21 09:14:44] Projecting SRT into snRNA NMF basis...
[2025-11-21 09:14:46] Projection complete and rescaled.
[2025-11-21 09:14:47] Saved projection result to: /zata/zippy/kresgeb/nmf_stuff/dlPFC/data/batched_projection/proj_k60_seed120301_tol1e-07_L10.5.rds
[2025-11-21 09:14:47] Appended run metadata to summary.tsv
[2025-11-21 09:14:47] --------------------------------------------
[2025-11-21 09:14:47] Starting projection 587 / 750: k=70, seed=120301, tol=1e-07, L1=0.5
[2025-11-21 09:14:47] --------------------------------------------
[2025-11-21 09:14:48] Common genes: 28907
[2025-11-21 09:14:50] Projecting SRT into snRNA NMF basis...
[2025-11-21 09:14:52] Projection complete and rescaled.
[2025-11-21 09:14:54] Saved projection result to: /zata/zippy/kresgeb/nmf_stuff/dlPFC/data/batched_projection/proj_k70_seed120301_tol1e-07_L10.5.rds
[2025-11-21 09:14:54] Appended run metadata to summary.tsv
[2025-11-21 09:14:54] --------------------------------------------
[2025-11-21 09:14:54] Starting projection 588 / 750: k=80, seed=120301, tol=1e-07, L1=0.5
[2025-11-21 09:14:54] --------------------------------------------
[2025-11-21 09:14:54] Common genes: 28907
[2025-11-21 09:14:58] Projecting SRT into snRNA NMF basis...
[2025-11-21 09:15:00] Projection complete and rescaled.
[2025-11-21 09:15:01] Saved projection result to: /zata/zippy/kresgeb/nmf_stuff/dlPFC/data/batched_projection/proj_k80_seed120301_tol1e-07_L10.5.rds
[2025-11-21 09:15:01] Appended run metadata to summary.tsv
[2025-11-21 09:15:01] --------------------------------------------
[2025-11-21 09:15:01] Starting projection 589 / 750: k=90, seed=120301, tol=1e-07, L1=0.5
[2025-11-21 09:15:01] --------------------------------------------
[2025-11-21 09:15:02] Common genes: 28907
[2025-11-21 09:15:04] Projecting SRT into snRNA NMF basis...
[2025-11-21 09:15:07] Projection complete and rescaled.
[2025-11-21 09:15:08] Saved projection result to: /zata/zippy/kresgeb/nmf_stuff/dlPFC/data/batched_projection/proj_k90_seed120301_tol1e-07_L10.5.rds
[2025-11-21 09:15:08] Appended run metadata to summary.tsv
[2025-11-21 09:15:08] --------------------------------------------
[2025-11-21 09:15:08] Starting projection 590 / 750: k=100, seed=120301, tol=1e-07, L1=0.5
[2025-11-21 09:15:08] --------------------------------------------
[2025-11-21 09:15:09] Common genes: 28907
[2025-11-21 09:15:13] Projecting SRT into snRNA NMF basis...
[2025-11-21 09:15:15] Projection complete and rescaled.
[2025-11-21 09:15:17] Saved projection result to: /zata/zippy/kresgeb/nmf_stuff/dlPFC/data/batched_projection/proj_k100_seed120301_tol1e-07_L10.5.rds
[2025-11-21 09:15:17] Appended run metadata to summary.tsv
[2025-11-21 09:15:17] --------------------------------------------
[2025-11-21 09:15:17] Starting projection 591 / 750: k=10, seed=2025, tol=1e-07, L1=0.5
[2025-11-21 09:15:17] --------------------------------------------
[2025-11-21 09:15:17] Common genes: 28907
[2025-11-21 09:15:19] Projecting SRT into snRNA NMF basis...
[2025-11-21 09:15:20] Projection complete and rescaled.
[2025-11-21 09:15:21] Saved projection result to: /zata/zippy/kresgeb/nmf_stuff/dlPFC/data/batched_projection/proj_k10_seed2025_tol1e-07_L10.5.rds
[2025-11-21 09:15:21] Appended run metadata to summary.tsv
[2025-11-21 09:15:21] --------------------------------------------
[2025-11-21 09:15:21] Starting projection 592 / 750: k=20, seed=2025, tol=1e-07, L1=0.5
[2025-11-21 09:15:21] --------------------------------------------
[2025-11-21 09:15:21] Common genes: 28907
[2025-11-21 09:15:23] Projecting SRT into snRNA NMF basis...
[2025-11-21 09:15:25] Projection complete and rescaled.
[2025-11-21 09:15:25] Saved projection result to: /zata/zippy/kresgeb/nmf_stuff/dlPFC/data/batched_projection/proj_k20_seed2025_tol1e-07_L10.5.rds
[2025-11-21 09:15:25] Appended run metadata to summary.tsv
[2025-11-21 09:15:25] --------------------------------------------
[2025-11-21 09:15:25] Starting projection 593 / 750: k=30, seed=2025, tol=1e-07, L1=0.5
[2025-11-21 09:15:25] --------------------------------------------
[2025-11-21 09:15:25] Common genes: 28907
[2025-11-21 09:15:27] Projecting SRT into snRNA NMF basis...
[2025-11-21 09:15:28] Projection complete and rescaled.
[2025-11-21 09:15:29] Saved projection result to: /zata/zippy/kresgeb/nmf_stuff/dlPFC/data/batched_projection/proj_k30_seed2025_tol1e-07_L10.5.rds
[2025-11-21 09:15:29] Appended run metadata to summary.tsv
[2025-11-21 09:15:29] --------------------------------------------
[2025-11-21 09:15:29] Starting projection 594 / 750: k=40, seed=2025, tol=1e-07, L1=0.5
[2025-11-21 09:15:29] --------------------------------------------
[2025-11-21 09:15:29] Common genes: 28907
[2025-11-21 09:15:31] Projecting SRT into snRNA NMF basis...
[2025-11-21 09:15:33] Projection complete and rescaled.
[2025-11-21 09:15:34] Saved projection result to: /zata/zippy/kresgeb/nmf_stuff/dlPFC/data/batched_projection/proj_k40_seed2025_tol1e-07_L10.5.rds
[2025-11-21 09:15:34] Appended run metadata to summary.tsv
[2025-11-21 09:15:34] --------------------------------------------
[2025-11-21 09:15:34] Starting projection 595 / 750: k=50, seed=2025, tol=1e-07, L1=0.5
[2025-11-21 09:15:34] --------------------------------------------
[2025-11-21 09:15:34] Common genes: 28907
[2025-11-21 09:15:39] Projecting SRT into snRNA NMF basis...
[2025-11-21 09:15:40] Projection complete and rescaled.
[2025-11-21 09:15:41] Saved projection result to: /zata/zippy/kresgeb/nmf_stuff/dlPFC/data/batched_projection/proj_k50_seed2025_tol1e-07_L10.5.rds
[2025-11-21 09:15:41] Appended run metadata to summary.tsv
[2025-11-21 09:15:41] --------------------------------------------
[2025-11-21 09:15:41] Starting projection 596 / 750: k=60, seed=2025, tol=1e-07, L1=0.5
[2025-11-21 09:15:41] --------------------------------------------
[2025-11-21 09:15:41] Common genes: 28907
[2025-11-21 09:15:43] Projecting SRT into snRNA NMF basis...
[2025-11-21 09:15:45] Projection complete and rescaled.
[2025-11-21 09:15:46] Saved projection result to: /zata/zippy/kresgeb/nmf_stuff/dlPFC/data/batched_projection/proj_k60_seed2025_tol1e-07_L10.5.rds
[2025-11-21 09:15:46] Appended run metadata to summary.tsv
[2025-11-21 09:15:46] --------------------------------------------
[2025-11-21 09:15:46] Starting projection 597 / 750: k=70, seed=2025, tol=1e-07, L1=0.5
[2025-11-21 09:15:46] --------------------------------------------
[2025-11-21 09:15:47] Common genes: 28907
[2025-11-21 09:15:49] Projecting SRT into snRNA NMF basis...
[2025-11-21 09:15:51] Projection complete and rescaled.
[2025-11-21 09:15:53] Saved projection result to: /zata/zippy/kresgeb/nmf_stuff/dlPFC/data/batched_projection/proj_k70_seed2025_tol1e-07_L10.5.rds
[2025-11-21 09:15:53] Appended run metadata to summary.tsv
[2025-11-21 09:15:53] --------------------------------------------
[2025-11-21 09:15:53] Starting projection 598 / 750: k=80, seed=2025, tol=1e-07, L1=0.5
[2025-11-21 09:15:53] --------------------------------------------
[2025-11-21 09:15:53] Common genes: 28907
[2025-11-21 09:15:56] Projecting SRT into snRNA NMF basis...
[2025-11-21 09:15:58] Projection complete and rescaled.
[2025-11-21 09:15:59] Saved projection result to: /zata/zippy/kresgeb/nmf_stuff/dlPFC/data/batched_projection/proj_k80_seed2025_tol1e-07_L10.5.rds
[2025-11-21 09:15:59] Appended run metadata to summary.tsv
[2025-11-21 09:15:59] --------------------------------------------
[2025-11-21 09:15:59] Starting projection 599 / 750: k=90, seed=2025, tol=1e-07, L1=0.5
[2025-11-21 09:15:59] --------------------------------------------
[2025-11-21 09:16:00] Common genes: 28907
[2025-11-21 09:16:02] Projecting SRT into snRNA NMF basis...
[2025-11-21 09:16:05] Projection complete and rescaled.
[2025-11-21 09:16:06] Saved projection result to: /zata/zippy/kresgeb/nmf_stuff/dlPFC/data/batched_projection/proj_k90_seed2025_tol1e-07_L10.5.rds
[2025-11-21 09:16:07] Appended run metadata to summary.tsv
[2025-11-21 09:16:07] --------------------------------------------
[2025-11-21 09:16:07] Starting projection 600 / 750: k=100, seed=2025, tol=1e-07, L1=0.5
[2025-11-21 09:16:07] --------------------------------------------
[2025-11-21 09:16:07] Common genes: 28907
[2025-11-21 09:16:12] Projecting SRT into snRNA NMF basis...
[2025-11-21 09:16:14] Projection complete and rescaled.
[2025-11-21 09:16:16] Saved projection result to: /zata/zippy/kresgeb/nmf_stuff/dlPFC/data/batched_projection/proj_k100_seed2025_tol1e-07_L10.5.rds
[2025-11-21 09:16:16] Appended run metadata to summary.tsv
[2025-11-21 09:16:16] --------------------------------------------
[2025-11-21 09:16:16] Starting projection 601 / 750: k=10, seed=42, tol=1e-05, L1=0.7
[2025-11-21 09:16:16] --------------------------------------------
[2025-11-21 09:16:16] Common genes: 28907
[2025-11-21 09:16:18] Projecting SRT into snRNA NMF basis...
[2025-11-21 09:16:19] Projection complete and rescaled.
[2025-11-21 09:16:19] Saved projection result to: /zata/zippy/kresgeb/nmf_stuff/dlPFC/data/batched_projection/proj_k10_seed42_tol1e-05_L10.7.rds
[2025-11-21 09:16:19] Appended run metadata to summary.tsv
[2025-11-21 09:16:19] --------------------------------------------
[2025-11-21 09:16:19] Starting projection 602 / 750: k=20, seed=42, tol=1e-05, L1=0.7
[2025-11-21 09:16:19] --------------------------------------------
[2025-11-21 09:16:20] Common genes: 28907
[2025-11-21 09:16:21] Projecting SRT into snRNA NMF basis...
[2025-11-21 09:16:23] Projection complete and rescaled.
[2025-11-21 09:16:24] Saved projection result to: /zata/zippy/kresgeb/nmf_stuff/dlPFC/data/batched_projection/proj_k20_seed42_tol1e-05_L10.7.rds
[2025-11-21 09:16:24] Appended run metadata to summary.tsv
[2025-11-21 09:16:24] --------------------------------------------
[2025-11-21 09:16:24] Starting projection 603 / 750: k=30, seed=42, tol=1e-05, L1=0.7
[2025-11-21 09:16:24] --------------------------------------------
[2025-11-21 09:16:24] Common genes: 28907
[2025-11-21 09:16:26] Projecting SRT into snRNA NMF basis...
[2025-11-21 09:16:27] Projection complete and rescaled.
[2025-11-21 09:16:28] Saved projection result to: /zata/zippy/kresgeb/nmf_stuff/dlPFC/data/batched_projection/proj_k30_seed42_tol1e-05_L10.7.rds
[2025-11-21 09:16:28] Appended run metadata to summary.tsv
[2025-11-21 09:16:28] --------------------------------------------
[2025-11-21 09:16:28] Starting projection 604 / 750: k=40, seed=42, tol=1e-05, L1=0.7
[2025-11-21 09:16:28] --------------------------------------------
[2025-11-21 09:16:29] Common genes: 28907
[2025-11-21 09:16:31] Projecting SRT into snRNA NMF basis...
[2025-11-21 09:16:34] Projection complete and rescaled.
[2025-11-21 09:16:35] Saved projection result to: /zata/zippy/kresgeb/nmf_stuff/dlPFC/data/batched_projection/proj_k40_seed42_tol1e-05_L10.7.rds
[2025-11-21 09:16:35] Appended run metadata to summary.tsv
[2025-11-21 09:16:35] --------------------------------------------
[2025-11-21 09:16:35] Starting projection 605 / 750: k=50, seed=42, tol=1e-05, L1=0.7
[2025-11-21 09:16:35] --------------------------------------------
[2025-11-21 09:16:35] Common genes: 28907
[2025-11-21 09:16:38] Projecting SRT into snRNA NMF basis...
[2025-11-21 09:16:39] Projection complete and rescaled.
[2025-11-21 09:16:40] Saved projection result to: /zata/zippy/kresgeb/nmf_stuff/dlPFC/data/batched_projection/proj_k50_seed42_tol1e-05_L10.7.rds
[2025-11-21 09:16:40] Appended run metadata to summary.tsv
[2025-11-21 09:16:40] --------------------------------------------
[2025-11-21 09:16:40] Starting projection 606 / 750: k=60, seed=42, tol=1e-05, L1=0.7
[2025-11-21 09:16:40] --------------------------------------------
[2025-11-21 09:16:41] Common genes: 28907
[2025-11-21 09:16:43] Projecting SRT into snRNA NMF basis...
[2025-11-21 09:16:45] Projection complete and rescaled.
[2025-11-21 09:16:46] Saved projection result to: /zata/zippy/kresgeb/nmf_stuff/dlPFC/data/batched_projection/proj_k60_seed42_tol1e-05_L10.7.rds
[2025-11-21 09:16:46] Appended run metadata to summary.tsv
[2025-11-21 09:16:46] --------------------------------------------
[2025-11-21 09:16:46] Starting projection 607 / 750: k=70, seed=42, tol=1e-05, L1=0.7
[2025-11-21 09:16:46] --------------------------------------------
[2025-11-21 09:16:46] Common genes: 28907
[2025-11-21 09:16:48] Projecting SRT into snRNA NMF basis...
[2025-11-21 09:16:51] Projection complete and rescaled.
[2025-11-21 09:16:52] Saved projection result to: /zata/zippy/kresgeb/nmf_stuff/dlPFC/data/batched_projection/proj_k70_seed42_tol1e-05_L10.7.rds
[2025-11-21 09:16:52] Appended run metadata to summary.tsv
[2025-11-21 09:16:52] --------------------------------------------
[2025-11-21 09:16:52] Starting projection 608 / 750: k=80, seed=42, tol=1e-05, L1=0.7
[2025-11-21 09:16:52] --------------------------------------------
[2025-11-21 09:16:53] Common genes: 28907
[2025-11-21 09:16:54] Projecting SRT into snRNA NMF basis...
[2025-11-21 09:16:57] Projection complete and rescaled.
[2025-11-21 09:16:58] Saved projection result to: /zata/zippy/kresgeb/nmf_stuff/dlPFC/data/batched_projection/proj_k80_seed42_tol1e-05_L10.7.rds
[2025-11-21 09:16:58] Appended run metadata to summary.tsv
[2025-11-21 09:16:58] --------------------------------------------
[2025-11-21 09:16:58] Starting projection 609 / 750: k=90, seed=42, tol=1e-05, L1=0.7
[2025-11-21 09:16:58] --------------------------------------------
[2025-11-21 09:16:59] Common genes: 28907
[2025-11-21 09:17:01] Projecting SRT into snRNA NMF basis...
[2025-11-21 09:17:03] Projection complete and rescaled.
[2025-11-21 09:17:05] Saved projection result to: /zata/zippy/kresgeb/nmf_stuff/dlPFC/data/batched_projection/proj_k90_seed42_tol1e-05_L10.7.rds
[2025-11-21 09:17:05] Appended run metadata to summary.tsv
[2025-11-21 09:17:05] --------------------------------------------
[2025-11-21 09:17:05] Starting projection 610 / 750: k=100, seed=42, tol=1e-05, L1=0.7
[2025-11-21 09:17:05] --------------------------------------------
[2025-11-21 09:17:06] Common genes: 28907
[2025-11-21 09:17:08] Projecting SRT into snRNA NMF basis...
[2025-11-21 09:17:10] Projection complete and rescaled.
[2025-11-21 09:17:12] Saved projection result to: /zata/zippy/kresgeb/nmf_stuff/dlPFC/data/batched_projection/proj_k100_seed42_tol1e-05_L10.7.rds
[2025-11-21 09:17:12] Appended run metadata to summary.tsv
[2025-11-21 09:17:12] --------------------------------------------
[2025-11-21 09:17:12] Starting projection 611 / 750: k=10, seed=1029, tol=1e-05, L1=0.7
[2025-11-21 09:17:12] --------------------------------------------
[2025-11-21 09:17:12] Common genes: 28907
[2025-11-21 09:17:17] Projecting SRT into snRNA NMF basis...
[2025-11-21 09:17:17] Projection complete and rescaled.
[2025-11-21 09:17:18] Saved projection result to: /zata/zippy/kresgeb/nmf_stuff/dlPFC/data/batched_projection/proj_k10_seed1029_tol1e-05_L10.7.rds
[2025-11-21 09:17:18] Appended run metadata to summary.tsv
[2025-11-21 09:17:18] --------------------------------------------
[2025-11-21 09:17:18] Starting projection 612 / 750: k=20, seed=1029, tol=1e-05, L1=0.7
[2025-11-21 09:17:18] --------------------------------------------
[2025-11-21 09:17:18] Common genes: 28907
[2025-11-21 09:17:20] Projecting SRT into snRNA NMF basis...
[2025-11-21 09:17:21] Projection complete and rescaled.
[2025-11-21 09:17:22] Saved projection result to: /zata/zippy/kresgeb/nmf_stuff/dlPFC/data/batched_projection/proj_k20_seed1029_tol1e-05_L10.7.rds
[2025-11-21 09:17:22] Appended run metadata to summary.tsv
[2025-11-21 09:17:22] --------------------------------------------
[2025-11-21 09:17:22] Starting projection 613 / 750: k=30, seed=1029, tol=1e-05, L1=0.7
[2025-11-21 09:17:22] --------------------------------------------
[2025-11-21 09:17:22] Common genes: 28907
[2025-11-21 09:17:24] Projecting SRT into snRNA NMF basis...
[2025-11-21 09:17:25] Projection complete and rescaled.
[2025-11-21 09:17:26] Saved projection result to: /zata/zippy/kresgeb/nmf_stuff/dlPFC/data/batched_projection/proj_k30_seed1029_tol1e-05_L10.7.rds
[2025-11-21 09:17:26] Appended run metadata to summary.tsv
[2025-11-21 09:17:26] --------------------------------------------
[2025-11-21 09:17:26] Starting projection 614 / 750: k=40, seed=1029, tol=1e-05, L1=0.7
[2025-11-21 09:17:26] --------------------------------------------
[2025-11-21 09:17:27] Common genes: 28907
[2025-11-21 09:17:28] Projecting SRT into snRNA NMF basis...
[2025-11-21 09:17:30] Projection complete and rescaled.
[2025-11-21 09:17:30] Saved projection result to: /zata/zippy/kresgeb/nmf_stuff/dlPFC/data/batched_projection/proj_k40_seed1029_tol1e-05_L10.7.rds
[2025-11-21 09:17:30] Appended run metadata to summary.tsv
[2025-11-21 09:17:30] --------------------------------------------
[2025-11-21 09:17:30] Starting projection 615 / 750: k=50, seed=1029, tol=1e-05, L1=0.7
[2025-11-21 09:17:30] --------------------------------------------
[2025-11-21 09:17:31] Common genes: 28907
[2025-11-21 09:17:33] Projecting SRT into snRNA NMF basis...
[2025-11-21 09:17:34] Projection complete and rescaled.
[2025-11-21 09:17:35] Saved projection result to: /zata/zippy/kresgeb/nmf_stuff/dlPFC/data/batched_projection/proj_k50_seed1029_tol1e-05_L10.7.rds
[2025-11-21 09:17:35] Appended run metadata to summary.tsv
[2025-11-21 09:17:35] --------------------------------------------
[2025-11-21 09:17:35] Starting projection 616 / 750: k=60, seed=1029, tol=1e-05, L1=0.7
[2025-11-21 09:17:35] --------------------------------------------
[2025-11-21 09:17:36] Common genes: 28907
[2025-11-21 09:17:39] Projecting SRT into snRNA NMF basis...
[2025-11-21 09:17:41] Projection complete and rescaled.
[2025-11-21 09:17:42] Saved projection result to: /zata/zippy/kresgeb/nmf_stuff/dlPFC/data/batched_projection/proj_k60_seed1029_tol1e-05_L10.7.rds
[2025-11-21 09:17:42] Appended run metadata to summary.tsv
[2025-11-21 09:17:42] --------------------------------------------
[2025-11-21 09:17:42] Starting projection 617 / 750: k=70, seed=1029, tol=1e-05, L1=0.7
[2025-11-21 09:17:42] --------------------------------------------
[2025-11-21 09:17:42] Common genes: 28907
[2025-11-21 09:17:44] Projecting SRT into snRNA NMF basis...
[2025-11-21 09:17:47] Projection complete and rescaled.
[2025-11-21 09:17:48] Saved projection result to: /zata/zippy/kresgeb/nmf_stuff/dlPFC/data/batched_projection/proj_k70_seed1029_tol1e-05_L10.7.rds
[2025-11-21 09:17:48] Appended run metadata to summary.tsv
[2025-11-21 09:17:48] --------------------------------------------
[2025-11-21 09:17:48] Starting projection 618 / 750: k=80, seed=1029, tol=1e-05, L1=0.7
[2025-11-21 09:17:48] --------------------------------------------
[2025-11-21 09:17:49] Common genes: 28907
[2025-11-21 09:17:51] Projecting SRT into snRNA NMF basis...
[2025-11-21 09:17:53] Projection complete and rescaled.
[2025-11-21 09:17:54] Saved projection result to: /zata/zippy/kresgeb/nmf_stuff/dlPFC/data/batched_projection/proj_k80_seed1029_tol1e-05_L10.7.rds
[2025-11-21 09:17:54] Appended run metadata to summary.tsv
[2025-11-21 09:17:54] --------------------------------------------
[2025-11-21 09:17:54] Starting projection 619 / 750: k=90, seed=1029, tol=1e-05, L1=0.7
[2025-11-21 09:17:54] --------------------------------------------
[2025-11-21 09:17:55] Common genes: 28907
[2025-11-21 09:17:57] Projecting SRT into snRNA NMF basis...
[2025-11-21 09:17:59] Projection complete and rescaled.
[2025-11-21 09:18:01] Saved projection result to: /zata/zippy/kresgeb/nmf_stuff/dlPFC/data/batched_projection/proj_k90_seed1029_tol1e-05_L10.7.rds
[2025-11-21 09:18:01] Appended run metadata to summary.tsv
[2025-11-21 09:18:01] --------------------------------------------
[2025-11-21 09:18:01] Starting projection 620 / 750: k=100, seed=1029, tol=1e-05, L1=0.7
[2025-11-21 09:18:01] --------------------------------------------
[2025-11-21 09:18:02] Common genes: 28907
[2025-11-21 09:18:05] Projecting SRT into snRNA NMF basis...
[2025-11-21 09:18:08] Projection complete and rescaled.
[2025-11-21 09:18:10] Saved projection result to: /zata/zippy/kresgeb/nmf_stuff/dlPFC/data/batched_projection/proj_k100_seed1029_tol1e-05_L10.7.rds
[2025-11-21 09:18:10] Appended run metadata to summary.tsv
[2025-11-21 09:18:10] --------------------------------------------
[2025-11-21 09:18:10] Starting projection 621 / 750: k=10, seed=31415, tol=1e-05, L1=0.7
[2025-11-21 09:18:10] --------------------------------------------
[2025-11-21 09:18:10] Common genes: 28907
[2025-11-21 09:18:12] Projecting SRT into snRNA NMF basis...
[2025-11-21 09:18:13] Projection complete and rescaled.
[2025-11-21 09:18:14] Saved projection result to: /zata/zippy/kresgeb/nmf_stuff/dlPFC/data/batched_projection/proj_k10_seed31415_tol1e-05_L10.7.rds
[2025-11-21 09:18:14] Appended run metadata to summary.tsv
[2025-11-21 09:18:14] --------------------------------------------
[2025-11-21 09:18:14] Starting projection 622 / 750: k=20, seed=31415, tol=1e-05, L1=0.7
[2025-11-21 09:18:14] --------------------------------------------
[2025-11-21 09:18:14] Common genes: 28907
[2025-11-21 09:18:16] Projecting SRT into snRNA NMF basis...
[2025-11-21 09:18:18] Projection complete and rescaled.
[2025-11-21 09:18:18] Saved projection result to: /zata/zippy/kresgeb/nmf_stuff/dlPFC/data/batched_projection/proj_k20_seed31415_tol1e-05_L10.7.rds
[2025-11-21 09:18:18] Appended run metadata to summary.tsv
[2025-11-21 09:18:18] --------------------------------------------
[2025-11-21 09:18:18] Starting projection 623 / 750: k=30, seed=31415, tol=1e-05, L1=0.7
[2025-11-21 09:18:18] --------------------------------------------
[2025-11-21 09:18:18] Common genes: 28907
[2025-11-21 09:18:20] Projecting SRT into snRNA NMF basis...
[2025-11-21 09:18:21] Projection complete and rescaled.
[2025-11-21 09:18:22] Saved projection result to: /zata/zippy/kresgeb/nmf_stuff/dlPFC/data/batched_projection/proj_k30_seed31415_tol1e-05_L10.7.rds
[2025-11-21 09:18:22] Appended run metadata to summary.tsv
[2025-11-21 09:18:22] --------------------------------------------
[2025-11-21 09:18:22] Starting projection 624 / 750: k=40, seed=31415, tol=1e-05, L1=0.7
[2025-11-21 09:18:22] --------------------------------------------
[2025-11-21 09:18:22] Common genes: 28907
[2025-11-21 09:18:25] Projecting SRT into snRNA NMF basis...
[2025-11-21 09:18:28] Projection complete and rescaled.
[2025-11-21 09:18:28] Saved projection result to: /zata/zippy/kresgeb/nmf_stuff/dlPFC/data/batched_projection/proj_k40_seed31415_tol1e-05_L10.7.rds
[2025-11-21 09:18:28] Appended run metadata to summary.tsv
[2025-11-21 09:18:28] --------------------------------------------
[2025-11-21 09:18:28] Starting projection 625 / 750: k=50, seed=31415, tol=1e-05, L1=0.7
[2025-11-21 09:18:28] --------------------------------------------
[2025-11-21 09:18:29] Common genes: 28907
[2025-11-21 09:18:31] Projecting SRT into snRNA NMF basis...
[2025-11-21 09:18:33] Projection complete and rescaled.
[2025-11-21 09:18:34] Saved projection result to: /zata/zippy/kresgeb/nmf_stuff/dlPFC/data/batched_projection/proj_k50_seed31415_tol1e-05_L10.7.rds
[2025-11-21 09:18:34] Appended run metadata to summary.tsv
[2025-11-21 09:18:34] --------------------------------------------
[2025-11-21 09:18:34] Starting projection 626 / 750: k=60, seed=31415, tol=1e-05, L1=0.7
[2025-11-21 09:18:34] --------------------------------------------
[2025-11-21 09:18:34] Common genes: 28907
[2025-11-21 09:18:36] Projecting SRT into snRNA NMF basis...
[2025-11-21 09:18:38] Projection complete and rescaled.
[2025-11-21 09:18:39] Saved projection result to: /zata/zippy/kresgeb/nmf_stuff/dlPFC/data/batched_projection/proj_k60_seed31415_tol1e-05_L10.7.rds
[2025-11-21 09:18:39] Appended run metadata to summary.tsv
[2025-11-21 09:18:39] --------------------------------------------
[2025-11-21 09:18:39] Starting projection 627 / 750: k=70, seed=31415, tol=1e-05, L1=0.7
[2025-11-21 09:18:39] --------------------------------------------
[2025-11-21 09:18:39] Common genes: 28907
[2025-11-21 09:18:41] Projecting SRT into snRNA NMF basis...
[2025-11-21 09:18:44] Projection complete and rescaled.
[2025-11-21 09:18:45] Saved projection result to: /zata/zippy/kresgeb/nmf_stuff/dlPFC/data/batched_projection/proj_k70_seed31415_tol1e-05_L10.7.rds
[2025-11-21 09:18:45] Appended run metadata to summary.tsv
[2025-11-21 09:18:45] --------------------------------------------
[2025-11-21 09:18:45] Starting projection 628 / 750: k=80, seed=31415, tol=1e-05, L1=0.7
[2025-11-21 09:18:45] --------------------------------------------
[2025-11-21 09:18:46] Common genes: 28907
[2025-11-21 09:18:47] Projecting SRT into snRNA NMF basis...
[2025-11-21 09:18:50] Projection complete and rescaled.
[2025-11-21 09:18:51] Saved projection result to: /zata/zippy/kresgeb/nmf_stuff/dlPFC/data/batched_projection/proj_k80_seed31415_tol1e-05_L10.7.rds
[2025-11-21 09:18:51] Appended run metadata to summary.tsv
[2025-11-21 09:18:51] --------------------------------------------
[2025-11-21 09:18:51] Starting projection 629 / 750: k=90, seed=31415, tol=1e-05, L1=0.7
[2025-11-21 09:18:51] --------------------------------------------
[2025-11-21 09:18:52] Common genes: 28907
[2025-11-21 09:18:54] Projecting SRT into snRNA NMF basis...
[2025-11-21 09:18:57] Projection complete and rescaled.
[2025-11-21 09:18:58] Saved projection result to: /zata/zippy/kresgeb/nmf_stuff/dlPFC/data/batched_projection/proj_k90_seed31415_tol1e-05_L10.7.rds
[2025-11-21 09:18:58] Appended run metadata to summary.tsv
[2025-11-21 09:18:58] --------------------------------------------
[2025-11-21 09:18:58] Starting projection 630 / 750: k=100, seed=31415, tol=1e-05, L1=0.7
[2025-11-21 09:18:58] --------------------------------------------
[2025-11-21 09:18:59] Common genes: 28907
[2025-11-21 09:19:01] Projecting SRT into snRNA NMF basis...
[2025-11-21 09:19:03] Projection complete and rescaled.
[2025-11-21 09:19:05] Saved projection result to: /zata/zippy/kresgeb/nmf_stuff/dlPFC/data/batched_projection/proj_k100_seed31415_tol1e-05_L10.7.rds
[2025-11-21 09:19:05] Appended run metadata to summary.tsv
[2025-11-21 09:19:05] --------------------------------------------
[2025-11-21 09:19:05] Starting projection 631 / 750: k=10, seed=120301, tol=1e-05, L1=0.7
[2025-11-21 09:19:05] --------------------------------------------
[2025-11-21 09:19:06] Common genes: 28907
[2025-11-21 09:19:09] Projecting SRT into snRNA NMF basis...
[2025-11-21 09:19:10] Projection complete and rescaled.
[2025-11-21 09:19:10] Saved projection result to: /zata/zippy/kresgeb/nmf_stuff/dlPFC/data/batched_projection/proj_k10_seed120301_tol1e-05_L10.7.rds
[2025-11-21 09:19:10] Appended run metadata to summary.tsv
[2025-11-21 09:19:10] --------------------------------------------
[2025-11-21 09:19:10] Starting projection 632 / 750: k=20, seed=120301, tol=1e-05, L1=0.7
[2025-11-21 09:19:10] --------------------------------------------
[2025-11-21 09:19:11] Common genes: 28907
[2025-11-21 09:19:13] Projecting SRT into snRNA NMF basis...
[2025-11-21 09:19:14] Projection complete and rescaled.
[2025-11-21 09:19:14] Saved projection result to: /zata/zippy/kresgeb/nmf_stuff/dlPFC/data/batched_projection/proj_k20_seed120301_tol1e-05_L10.7.rds
[2025-11-21 09:19:14] Appended run metadata to summary.tsv
[2025-11-21 09:19:14] --------------------------------------------
[2025-11-21 09:19:14] Starting projection 633 / 750: k=30, seed=120301, tol=1e-05, L1=0.7
[2025-11-21 09:19:14] --------------------------------------------
[2025-11-21 09:19:15] Common genes: 28907
[2025-11-21 09:19:17] Projecting SRT into snRNA NMF basis...
[2025-11-21 09:19:18] Projection complete and rescaled.
[2025-11-21 09:19:19] Saved projection result to: /zata/zippy/kresgeb/nmf_stuff/dlPFC/data/batched_projection/proj_k30_seed120301_tol1e-05_L10.7.rds
[2025-11-21 09:19:19] Appended run metadata to summary.tsv
[2025-11-21 09:19:19] --------------------------------------------
[2025-11-21 09:19:19] Starting projection 634 / 750: k=40, seed=120301, tol=1e-05, L1=0.7
[2025-11-21 09:19:19] --------------------------------------------
[2025-11-21 09:19:19] Common genes: 28907
[2025-11-21 09:19:21] Projecting SRT into snRNA NMF basis...
[2025-11-21 09:19:22] Projection complete and rescaled.
[2025-11-21 09:19:23] Saved projection result to: /zata/zippy/kresgeb/nmf_stuff/dlPFC/data/batched_projection/proj_k40_seed120301_tol1e-05_L10.7.rds
[2025-11-21 09:19:23] Appended run metadata to summary.tsv
[2025-11-21 09:19:23] --------------------------------------------
[2025-11-21 09:19:23] Starting projection 635 / 750: k=50, seed=120301, tol=1e-05, L1=0.7
[2025-11-21 09:19:23] --------------------------------------------
[2025-11-21 09:19:23] Common genes: 28907
[2025-11-21 09:19:25] Projecting SRT into snRNA NMF basis...
[2025-11-21 09:19:29] Projection complete and rescaled.
[2025-11-21 09:19:30] Saved projection result to: /zata/zippy/kresgeb/nmf_stuff/dlPFC/data/batched_projection/proj_k50_seed120301_tol1e-05_L10.7.rds
[2025-11-21 09:19:30] Appended run metadata to summary.tsv
[2025-11-21 09:19:30] --------------------------------------------
[2025-11-21 09:19:30] Starting projection 636 / 750: k=60, seed=120301, tol=1e-05, L1=0.7
[2025-11-21 09:19:30] --------------------------------------------
[2025-11-21 09:19:30] Common genes: 28907
[2025-11-21 09:19:32] Projecting SRT into snRNA NMF basis...
[2025-11-21 09:19:34] Projection complete and rescaled.
[2025-11-21 09:19:35] Saved projection result to: /zata/zippy/kresgeb/nmf_stuff/dlPFC/data/batched_projection/proj_k60_seed120301_tol1e-05_L10.7.rds
[2025-11-21 09:19:35] Appended run metadata to summary.tsv
[2025-11-21 09:19:35] --------------------------------------------
[2025-11-21 09:19:35] Starting projection 637 / 750: k=70, seed=120301, tol=1e-05, L1=0.7
[2025-11-21 09:19:35] --------------------------------------------
[2025-11-21 09:19:36] Common genes: 28907
[2025-11-21 09:19:38] Projecting SRT into snRNA NMF basis...
[2025-11-21 09:19:40] Projection complete and rescaled.
[2025-11-21 09:19:41] Saved projection result to: /zata/zippy/kresgeb/nmf_stuff/dlPFC/data/batched_projection/proj_k70_seed120301_tol1e-05_L10.7.rds
[2025-11-21 09:19:41] Appended run metadata to summary.tsv
[2025-11-21 09:19:41] --------------------------------------------
[2025-11-21 09:19:41] Starting projection 638 / 750: k=80, seed=120301, tol=1e-05, L1=0.7
[2025-11-21 09:19:41] --------------------------------------------
[2025-11-21 09:19:42] Common genes: 28907
[2025-11-21 09:19:44] Projecting SRT into snRNA NMF basis...
[2025-11-21 09:19:46] Projection complete and rescaled.
[2025-11-21 09:19:48] Saved projection result to: /zata/zippy/kresgeb/nmf_stuff/dlPFC/data/batched_projection/proj_k80_seed120301_tol1e-05_L10.7.rds
[2025-11-21 09:19:48] Appended run metadata to summary.tsv
[2025-11-21 09:19:48] --------------------------------------------
[2025-11-21 09:19:48] Starting projection 639 / 750: k=90, seed=120301, tol=1e-05, L1=0.7
[2025-11-21 09:19:48] --------------------------------------------
[2025-11-21 09:19:48] Common genes: 28907
[2025-11-21 09:19:50] Projecting SRT into snRNA NMF basis...
[2025-11-21 09:19:53] Projection complete and rescaled.
[2025-11-21 09:19:54] Saved projection result to: /zata/zippy/kresgeb/nmf_stuff/dlPFC/data/batched_projection/proj_k90_seed120301_tol1e-05_L10.7.rds
[2025-11-21 09:19:54] Appended run metadata to summary.tsv
[2025-11-21 09:19:54] --------------------------------------------
[2025-11-21 09:19:54] Starting projection 640 / 750: k=100, seed=120301, tol=1e-05, L1=0.7
[2025-11-21 09:19:54] --------------------------------------------
[2025-11-21 09:19:55] Common genes: 28907
[2025-11-21 09:19:59] Projecting SRT into snRNA NMF basis...
[2025-11-21 09:20:01] Projection complete and rescaled.
[2025-11-21 09:20:03] Saved projection result to: /zata/zippy/kresgeb/nmf_stuff/dlPFC/data/batched_projection/proj_k100_seed120301_tol1e-05_L10.7.rds
[2025-11-21 09:20:03] Appended run metadata to summary.tsv
[2025-11-21 09:20:03] --------------------------------------------
[2025-11-21 09:20:03] Starting projection 641 / 750: k=10, seed=2025, tol=1e-05, L1=0.7
[2025-11-21 09:20:03] --------------------------------------------
[2025-11-21 09:20:03] Common genes: 28907
[2025-11-21 09:20:05] Projecting SRT into snRNA NMF basis...
[2025-11-21 09:20:07] Projection complete and rescaled.
[2025-11-21 09:20:07] Saved projection result to: /zata/zippy/kresgeb/nmf_stuff/dlPFC/data/batched_projection/proj_k10_seed2025_tol1e-05_L10.7.rds
[2025-11-21 09:20:07] Appended run metadata to summary.tsv
[2025-11-21 09:20:07] --------------------------------------------
[2025-11-21 09:20:07] Starting projection 642 / 750: k=20, seed=2025, tol=1e-05, L1=0.7
[2025-11-21 09:20:07] --------------------------------------------
[2025-11-21 09:20:07] Common genes: 28907
[2025-11-21 09:20:09] Projecting SRT into snRNA NMF basis...
[2025-11-21 09:20:11] Projection complete and rescaled.
[2025-11-21 09:20:12] Saved projection result to: /zata/zippy/kresgeb/nmf_stuff/dlPFC/data/batched_projection/proj_k20_seed2025_tol1e-05_L10.7.rds
[2025-11-21 09:20:12] Appended run metadata to summary.tsv
[2025-11-21 09:20:12] --------------------------------------------
[2025-11-21 09:20:12] Starting projection 643 / 750: k=30, seed=2025, tol=1e-05, L1=0.7
[2025-11-21 09:20:12] --------------------------------------------
[2025-11-21 09:20:12] Common genes: 28907
[2025-11-21 09:20:14] Projecting SRT into snRNA NMF basis...
[2025-11-21 09:20:15] Projection complete and rescaled.
[2025-11-21 09:20:16] Saved projection result to: /zata/zippy/kresgeb/nmf_stuff/dlPFC/data/batched_projection/proj_k30_seed2025_tol1e-05_L10.7.rds
[2025-11-21 09:20:16] Appended run metadata to summary.tsv
[2025-11-21 09:20:16] --------------------------------------------
[2025-11-21 09:20:16] Starting projection 644 / 750: k=40, seed=2025, tol=1e-05, L1=0.7
[2025-11-21 09:20:16] --------------------------------------------
[2025-11-21 09:20:16] Common genes: 28907
[2025-11-21 09:20:18] Projecting SRT into snRNA NMF basis...
[2025-11-21 09:20:20] Projection complete and rescaled.
[2025-11-21 09:20:21] Saved projection result to: /zata/zippy/kresgeb/nmf_stuff/dlPFC/data/batched_projection/proj_k40_seed2025_tol1e-05_L10.7.rds
[2025-11-21 09:20:21] Appended run metadata to summary.tsv
[2025-11-21 09:20:21] --------------------------------------------
[2025-11-21 09:20:21] Starting projection 645 / 750: k=50, seed=2025, tol=1e-05, L1=0.7
[2025-11-21 09:20:21] --------------------------------------------
[2025-11-21 09:20:21] Common genes: 28907
[2025-11-21 09:20:25] Projecting SRT into snRNA NMF basis...
[2025-11-21 09:20:26] Projection complete and rescaled.
[2025-11-21 09:20:27] Saved projection result to: /zata/zippy/kresgeb/nmf_stuff/dlPFC/data/batched_projection/proj_k50_seed2025_tol1e-05_L10.7.rds
[2025-11-21 09:20:27] Appended run metadata to summary.tsv
[2025-11-21 09:20:27] --------------------------------------------
[2025-11-21 09:20:27] Starting projection 646 / 750: k=60, seed=2025, tol=1e-05, L1=0.7
[2025-11-21 09:20:27] --------------------------------------------
[2025-11-21 09:20:28] Common genes: 28907
[2025-11-21 09:20:30] Projecting SRT into snRNA NMF basis...
[2025-11-21 09:20:32] Projection complete and rescaled.
[2025-11-21 09:20:33] Saved projection result to: /zata/zippy/kresgeb/nmf_stuff/dlPFC/data/batched_projection/proj_k60_seed2025_tol1e-05_L10.7.rds
[2025-11-21 09:20:33] Appended run metadata to summary.tsv
[2025-11-21 09:20:33] --------------------------------------------
[2025-11-21 09:20:33] Starting projection 647 / 750: k=70, seed=2025, tol=1e-05, L1=0.7
[2025-11-21 09:20:33] --------------------------------------------
[2025-11-21 09:20:33] Common genes: 28907
[2025-11-21 09:20:35] Projecting SRT into snRNA NMF basis...
[2025-11-21 09:20:38] Projection complete and rescaled.
[2025-11-21 09:20:39] Saved projection result to: /zata/zippy/kresgeb/nmf_stuff/dlPFC/data/batched_projection/proj_k70_seed2025_tol1e-05_L10.7.rds
[2025-11-21 09:20:39] Appended run metadata to summary.tsv
[2025-11-21 09:20:39] --------------------------------------------
[2025-11-21 09:20:39] Starting projection 648 / 750: k=80, seed=2025, tol=1e-05, L1=0.7
[2025-11-21 09:20:39] --------------------------------------------
[2025-11-21 09:20:39] Common genes: 28907
[2025-11-21 09:20:41] Projecting SRT into snRNA NMF basis...
[2025-11-21 09:20:44] Projection complete and rescaled.
[2025-11-21 09:20:45] Saved projection result to: /zata/zippy/kresgeb/nmf_stuff/dlPFC/data/batched_projection/proj_k80_seed2025_tol1e-05_L10.7.rds
[2025-11-21 09:20:45] Appended run metadata to summary.tsv
[2025-11-21 09:20:45] --------------------------------------------
[2025-11-21 09:20:45] Starting projection 649 / 750: k=90, seed=2025, tol=1e-05, L1=0.7
[2025-11-21 09:20:45] --------------------------------------------
[2025-11-21 09:20:46] Common genes: 28907
[2025-11-21 09:20:48] Projecting SRT into snRNA NMF basis...
[2025-11-21 09:20:50] Projection complete and rescaled.
[2025-11-21 09:20:52] Saved projection result to: /zata/zippy/kresgeb/nmf_stuff/dlPFC/data/batched_projection/proj_k90_seed2025_tol1e-05_L10.7.rds
[2025-11-21 09:20:52] Appended run metadata to summary.tsv
[2025-11-21 09:20:52] --------------------------------------------
[2025-11-21 09:20:52] Starting projection 650 / 750: k=100, seed=2025, tol=1e-05, L1=0.7
[2025-11-21 09:20:52] --------------------------------------------
[2025-11-21 09:20:53] Common genes: 28907
[2025-11-21 09:20:57] Projecting SRT into snRNA NMF basis...
[2025-11-21 09:20:59] Projection complete and rescaled.
[2025-11-21 09:21:01] Saved projection result to: /zata/zippy/kresgeb/nmf_stuff/dlPFC/data/batched_projection/proj_k100_seed2025_tol1e-05_L10.7.rds
[2025-11-21 09:21:01] Appended run metadata to summary.tsv
[2025-11-21 09:21:01] --------------------------------------------
[2025-11-21 09:21:01] Starting projection 651 / 750: k=10, seed=42, tol=1e-06, L1=0.7
[2025-11-21 09:21:01] --------------------------------------------
[2025-11-21 09:21:01] Common genes: 28907
[2025-11-21 09:21:03] Projecting SRT into snRNA NMF basis...
[2025-11-21 09:21:04] Projection complete and rescaled.
[2025-11-21 09:21:05] Saved projection result to: /zata/zippy/kresgeb/nmf_stuff/dlPFC/data/batched_projection/proj_k10_seed42_tol1e-06_L10.7.rds
[2025-11-21 09:21:05] Appended run metadata to summary.tsv
[2025-11-21 09:21:05] --------------------------------------------
[2025-11-21 09:21:05] Starting projection 652 / 750: k=20, seed=42, tol=1e-06, L1=0.7
[2025-11-21 09:21:05] --------------------------------------------
[2025-11-21 09:21:05] Common genes: 28907
[2025-11-21 09:21:06] Projecting SRT into snRNA NMF basis...
[2025-11-21 09:21:10] Projection complete and rescaled.
[2025-11-21 09:21:10] Saved projection result to: /zata/zippy/kresgeb/nmf_stuff/dlPFC/data/batched_projection/proj_k20_seed42_tol1e-06_L10.7.rds
[2025-11-21 09:21:10] Appended run metadata to summary.tsv
[2025-11-21 09:21:10] --------------------------------------------
[2025-11-21 09:21:10] Starting projection 653 / 750: k=30, seed=42, tol=1e-06, L1=0.7
[2025-11-21 09:21:10] --------------------------------------------
[2025-11-21 09:21:11] Common genes: 28907
[2025-11-21 09:21:13] Projecting SRT into snRNA NMF basis...
[2025-11-21 09:21:14] Projection complete and rescaled.
[2025-11-21 09:21:15] Saved projection result to: /zata/zippy/kresgeb/nmf_stuff/dlPFC/data/batched_projection/proj_k30_seed42_tol1e-06_L10.7.rds
[2025-11-21 09:21:15] Appended run metadata to summary.tsv
[2025-11-21 09:21:15] --------------------------------------------
[2025-11-21 09:21:15] Starting projection 654 / 750: k=40, seed=42, tol=1e-06, L1=0.7
[2025-11-21 09:21:15] --------------------------------------------
[2025-11-21 09:21:15] Common genes: 28907
[2025-11-21 09:21:17] Projecting SRT into snRNA NMF basis...
[2025-11-21 09:21:19] Projection complete and rescaled.
[2025-11-21 09:21:19] Saved projection result to: /zata/zippy/kresgeb/nmf_stuff/dlPFC/data/batched_projection/proj_k40_seed42_tol1e-06_L10.7.rds
[2025-11-21 09:21:19] Appended run metadata to summary.tsv
[2025-11-21 09:21:19] --------------------------------------------
[2025-11-21 09:21:19] Starting projection 655 / 750: k=50, seed=42, tol=1e-06, L1=0.7
[2025-11-21 09:21:19] --------------------------------------------
[2025-11-21 09:21:20] Common genes: 28907
[2025-11-21 09:21:22] Projecting SRT into snRNA NMF basis...
[2025-11-21 09:21:24] Projection complete and rescaled.
[2025-11-21 09:21:25] Saved projection result to: /zata/zippy/kresgeb/nmf_stuff/dlPFC/data/batched_projection/proj_k50_seed42_tol1e-06_L10.7.rds
[2025-11-21 09:21:25] Appended run metadata to summary.tsv
[2025-11-21 09:21:25] --------------------------------------------
[2025-11-21 09:21:25] Starting projection 656 / 750: k=60, seed=42, tol=1e-06, L1=0.7
[2025-11-21 09:21:25] --------------------------------------------
[2025-11-21 09:21:25] Common genes: 28907
[2025-11-21 09:21:27] Projecting SRT into snRNA NMF basis...
[2025-11-21 09:21:30] Projection complete and rescaled.
[2025-11-21 09:21:31] Saved projection result to: /zata/zippy/kresgeb/nmf_stuff/dlPFC/data/batched_projection/proj_k60_seed42_tol1e-06_L10.7.rds
[2025-11-21 09:21:31] Appended run metadata to summary.tsv
[2025-11-21 09:21:31] --------------------------------------------
[2025-11-21 09:21:31] Starting projection 657 / 750: k=70, seed=42, tol=1e-06, L1=0.7
[2025-11-21 09:21:31] --------------------------------------------
[2025-11-21 09:21:31] Common genes: 28907
[2025-11-21 09:21:34] Projecting SRT into snRNA NMF basis...
[2025-11-21 09:21:37] Projection complete and rescaled.
[2025-11-21 09:21:38] Saved projection result to: /zata/zippy/kresgeb/nmf_stuff/dlPFC/data/batched_projection/proj_k70_seed42_tol1e-06_L10.7.rds
[2025-11-21 09:21:38] Appended run metadata to summary.tsv
[2025-11-21 09:21:38] --------------------------------------------
[2025-11-21 09:21:38] Starting projection 658 / 750: k=80, seed=42, tol=1e-06, L1=0.7
[2025-11-21 09:21:38] --------------------------------------------
[2025-11-21 09:21:39] Common genes: 28907
[2025-11-21 09:21:41] Projecting SRT into snRNA NMF basis...
[2025-11-21 09:21:43] Projection complete and rescaled.
[2025-11-21 09:21:45] Saved projection result to: /zata/zippy/kresgeb/nmf_stuff/dlPFC/data/batched_projection/proj_k80_seed42_tol1e-06_L10.7.rds
[2025-11-21 09:21:45] Appended run metadata to summary.tsv
[2025-11-21 09:21:45] --------------------------------------------
[2025-11-21 09:21:45] Starting projection 659 / 750: k=90, seed=42, tol=1e-06, L1=0.7
[2025-11-21 09:21:45] --------------------------------------------
[2025-11-21 09:21:46] Common genes: 28907
[2025-11-21 09:21:51] Projecting SRT into snRNA NMF basis...
[2025-11-21 09:21:53] Projection complete and rescaled.
[2025-11-21 09:21:55] Saved projection result to: /zata/zippy/kresgeb/nmf_stuff/dlPFC/data/batched_projection/proj_k90_seed42_tol1e-06_L10.7.rds
[2025-11-21 09:21:55] Appended run metadata to summary.tsv
[2025-11-21 09:21:55] --------------------------------------------
[2025-11-21 09:21:55] Starting projection 660 / 750: k=100, seed=42, tol=1e-06, L1=0.7
[2025-11-21 09:21:55] --------------------------------------------
[2025-11-21 09:21:55] Common genes: 28907
[2025-11-21 09:21:58] Projecting SRT into snRNA NMF basis...
[2025-11-21 09:22:01] Projection complete and rescaled.
[2025-11-21 09:22:03] Saved projection result to: /zata/zippy/kresgeb/nmf_stuff/dlPFC/data/batched_projection/proj_k100_seed42_tol1e-06_L10.7.rds
[2025-11-21 09:22:03] Appended run metadata to summary.tsv
[2025-11-21 09:22:03] --------------------------------------------
[2025-11-21 09:22:03] Starting projection 661 / 750: k=10, seed=1029, tol=1e-06, L1=0.7
[2025-11-21 09:22:03] --------------------------------------------
[2025-11-21 09:22:03] Common genes: 28907
[2025-11-21 09:22:05] Projecting SRT into snRNA NMF basis...
[2025-11-21 09:22:06] Projection complete and rescaled.
[2025-11-21 09:22:07] Saved projection result to: /zata/zippy/kresgeb/nmf_stuff/dlPFC/data/batched_projection/proj_k10_seed1029_tol1e-06_L10.7.rds
[2025-11-21 09:22:07] Appended run metadata to summary.tsv
[2025-11-21 09:22:07] --------------------------------------------
[2025-11-21 09:22:07] Starting projection 662 / 750: k=20, seed=1029, tol=1e-06, L1=0.7
[2025-11-21 09:22:07] --------------------------------------------
[2025-11-21 09:22:07] Common genes: 28907
[2025-11-21 09:22:12] Projecting SRT into snRNA NMF basis...
[2025-11-21 09:22:13] Projection complete and rescaled.
[2025-11-21 09:22:14] Saved projection result to: /zata/zippy/kresgeb/nmf_stuff/dlPFC/data/batched_projection/proj_k20_seed1029_tol1e-06_L10.7.rds
[2025-11-21 09:22:14] Appended run metadata to summary.tsv
[2025-11-21 09:22:14] --------------------------------------------
[2025-11-21 09:22:14] Starting projection 663 / 750: k=30, seed=1029, tol=1e-06, L1=0.7
[2025-11-21 09:22:14] --------------------------------------------
[2025-11-21 09:22:14] Common genes: 28907
[2025-11-21 09:22:16] Projecting SRT into snRNA NMF basis...
[2025-11-21 09:22:18] Projection complete and rescaled.
[2025-11-21 09:22:19] Saved projection result to: /zata/zippy/kresgeb/nmf_stuff/dlPFC/data/batched_projection/proj_k30_seed1029_tol1e-06_L10.7.rds
[2025-11-21 09:22:19] Appended run metadata to summary.tsv
[2025-11-21 09:22:19] --------------------------------------------
[2025-11-21 09:22:19] Starting projection 664 / 750: k=40, seed=1029, tol=1e-06, L1=0.7
[2025-11-21 09:22:19] --------------------------------------------
[2025-11-21 09:22:19] Common genes: 28907
[2025-11-21 09:22:21] Projecting SRT into snRNA NMF basis...
[2025-11-21 09:22:23] Projection complete and rescaled.
[2025-11-21 09:22:24] Saved projection result to: /zata/zippy/kresgeb/nmf_stuff/dlPFC/data/batched_projection/proj_k40_seed1029_tol1e-06_L10.7.rds
[2025-11-21 09:22:24] Appended run metadata to summary.tsv
[2025-11-21 09:22:24] --------------------------------------------
[2025-11-21 09:22:24] Starting projection 665 / 750: k=50, seed=1029, tol=1e-06, L1=0.7
[2025-11-21 09:22:24] --------------------------------------------
[2025-11-21 09:22:24] Common genes: 28907
[2025-11-21 09:22:26] Projecting SRT into snRNA NMF basis...
[2025-11-21 09:22:28] Projection complete and rescaled.
[2025-11-21 09:22:29] Saved projection result to: /zata/zippy/kresgeb/nmf_stuff/dlPFC/data/batched_projection/proj_k50_seed1029_tol1e-06_L10.7.rds
[2025-11-21 09:22:29] Appended run metadata to summary.tsv
[2025-11-21 09:22:29] --------------------------------------------
[2025-11-21 09:22:29] Starting projection 666 / 750: k=60, seed=1029, tol=1e-06, L1=0.7
[2025-11-21 09:22:29] --------------------------------------------
[2025-11-21 09:22:29] Common genes: 28907
[2025-11-21 09:22:32] Projecting SRT into snRNA NMF basis...
[2025-11-21 09:22:34] Projection complete and rescaled.
[2025-11-21 09:22:35] Saved projection result to: /zata/zippy/kresgeb/nmf_stuff/dlPFC/data/batched_projection/proj_k60_seed1029_tol1e-06_L10.7.rds
[2025-11-21 09:22:35] Appended run metadata to summary.tsv
[2025-11-21 09:22:35] --------------------------------------------
[2025-11-21 09:22:35] Starting projection 667 / 750: k=70, seed=1029, tol=1e-06, L1=0.7
[2025-11-21 09:22:35] --------------------------------------------
[2025-11-21 09:22:35] Common genes: 28907
[2025-11-21 09:22:41] Projecting SRT into snRNA NMF basis...
[2025-11-21 09:22:42] Projection complete and rescaled.
[2025-11-21 09:22:44] Saved projection result to: /zata/zippy/kresgeb/nmf_stuff/dlPFC/data/batched_projection/proj_k70_seed1029_tol1e-06_L10.7.rds
[2025-11-21 09:22:44] Appended run metadata to summary.tsv
[2025-11-21 09:22:44] --------------------------------------------
[2025-11-21 09:22:44] Starting projection 668 / 750: k=80, seed=1029, tol=1e-06, L1=0.7
[2025-11-21 09:22:44] --------------------------------------------
[2025-11-21 09:22:44] Common genes: 28907
[2025-11-21 09:22:46] Projecting SRT into snRNA NMF basis...
[2025-11-21 09:22:49] Projection complete and rescaled.
[2025-11-21 09:22:50] Saved projection result to: /zata/zippy/kresgeb/nmf_stuff/dlPFC/data/batched_projection/proj_k80_seed1029_tol1e-06_L10.7.rds
[2025-11-21 09:22:50] Appended run metadata to summary.tsv
[2025-11-21 09:22:50] --------------------------------------------
[2025-11-21 09:22:50] Starting projection 669 / 750: k=90, seed=1029, tol=1e-06, L1=0.7
[2025-11-21 09:22:50] --------------------------------------------
[2025-11-21 09:22:51] Common genes: 28907
[2025-11-21 09:22:53] Projecting SRT into snRNA NMF basis...
[2025-11-21 09:22:58] Projection complete and rescaled.
[2025-11-21 09:23:00] Saved projection result to: /zata/zippy/kresgeb/nmf_stuff/dlPFC/data/batched_projection/proj_k90_seed1029_tol1e-06_L10.7.rds
[2025-11-21 09:23:00] Appended run metadata to summary.tsv
[2025-11-21 09:23:00] --------------------------------------------
[2025-11-21 09:23:00] Starting projection 670 / 750: k=100, seed=1029, tol=1e-06, L1=0.7
[2025-11-21 09:23:00] --------------------------------------------
[2025-11-21 09:23:00] Common genes: 28907
[2025-11-21 09:23:02] Projecting SRT into snRNA NMF basis...
[2025-11-21 09:23:05] Projection complete and rescaled.
[2025-11-21 09:23:07] Saved projection result to: /zata/zippy/kresgeb/nmf_stuff/dlPFC/data/batched_projection/proj_k100_seed1029_tol1e-06_L10.7.rds
[2025-11-21 09:23:07] Appended run metadata to summary.tsv
[2025-11-21 09:23:07] --------------------------------------------
[2025-11-21 09:23:07] Starting projection 671 / 750: k=10, seed=31415, tol=1e-06, L1=0.7
[2025-11-21 09:23:07] --------------------------------------------
[2025-11-21 09:23:07] Common genes: 28907
[2025-11-21 09:23:10] Projecting SRT into snRNA NMF basis...
[2025-11-21 09:23:11] Projection complete and rescaled.
[2025-11-21 09:23:11] Saved projection result to: /zata/zippy/kresgeb/nmf_stuff/dlPFC/data/batched_projection/proj_k10_seed31415_tol1e-06_L10.7.rds
[2025-11-21 09:23:11] Appended run metadata to summary.tsv
[2025-11-21 09:23:11] --------------------------------------------
[2025-11-21 09:23:11] Starting projection 672 / 750: k=20, seed=31415, tol=1e-06, L1=0.7
[2025-11-21 09:23:11] --------------------------------------------
[2025-11-21 09:23:11] Common genes: 28907
[2025-11-21 09:23:14] Projecting SRT into snRNA NMF basis...
[2025-11-21 09:23:15] Projection complete and rescaled.
[2025-11-21 09:23:16] Saved projection result to: /zata/zippy/kresgeb/nmf_stuff/dlPFC/data/batched_projection/proj_k20_seed31415_tol1e-06_L10.7.rds
[2025-11-21 09:23:16] Appended run metadata to summary.tsv
[2025-11-21 09:23:16] --------------------------------------------
[2025-11-21 09:23:16] Starting projection 673 / 750: k=30, seed=31415, tol=1e-06, L1=0.7
[2025-11-21 09:23:16] --------------------------------------------
[2025-11-21 09:23:16] Common genes: 28907
[2025-11-21 09:23:20] Projecting SRT into snRNA NMF basis...
[2025-11-21 09:23:21] Projection complete and rescaled.
[2025-11-21 09:23:22] Saved projection result to: /zata/zippy/kresgeb/nmf_stuff/dlPFC/data/batched_projection/proj_k30_seed31415_tol1e-06_L10.7.rds
[2025-11-21 09:23:22] Appended run metadata to summary.tsv
[2025-11-21 09:23:22] --------------------------------------------
[2025-11-21 09:23:22] Starting projection 674 / 750: k=40, seed=31415, tol=1e-06, L1=0.7
[2025-11-21 09:23:22] --------------------------------------------
[2025-11-21 09:23:22] Common genes: 28907
[2025-11-21 09:23:24] Projecting SRT into snRNA NMF basis...
[2025-11-21 09:23:26] Projection complete and rescaled.
[2025-11-21 09:23:27] Saved projection result to: /zata/zippy/kresgeb/nmf_stuff/dlPFC/data/batched_projection/proj_k40_seed31415_tol1e-06_L10.7.rds
[2025-11-21 09:23:27] Appended run metadata to summary.tsv
[2025-11-21 09:23:27] --------------------------------------------
[2025-11-21 09:23:27] Starting projection 675 / 750: k=50, seed=31415, tol=1e-06, L1=0.7
[2025-11-21 09:23:27] --------------------------------------------
[2025-11-21 09:23:27] Common genes: 28907
[2025-11-21 09:23:29] Projecting SRT into snRNA NMF basis...
[2025-11-21 09:23:31] Projection complete and rescaled.
[2025-11-21 09:23:32] Saved projection result to: /zata/zippy/kresgeb/nmf_stuff/dlPFC/data/batched_projection/proj_k50_seed31415_tol1e-06_L10.7.rds
[2025-11-21 09:23:32] Appended run metadata to summary.tsv
[2025-11-21 09:23:32] --------------------------------------------
[2025-11-21 09:23:32] Starting projection 676 / 750: k=60, seed=31415, tol=1e-06, L1=0.7
[2025-11-21 09:23:32] --------------------------------------------
[2025-11-21 09:23:32] Common genes: 28907
[2025-11-21 09:23:36] Projecting SRT into snRNA NMF basis...
[2025-11-21 09:23:38] Projection complete and rescaled.
[2025-11-21 09:23:39] Saved projection result to: /zata/zippy/kresgeb/nmf_stuff/dlPFC/data/batched_projection/proj_k60_seed31415_tol1e-06_L10.7.rds
[2025-11-21 09:23:39] Appended run metadata to summary.tsv
[2025-11-21 09:23:39] --------------------------------------------
[2025-11-21 09:23:39] Starting projection 677 / 750: k=70, seed=31415, tol=1e-06, L1=0.7
[2025-11-21 09:23:39] --------------------------------------------
[2025-11-21 09:23:40] Common genes: 28907
[2025-11-21 09:23:42] Projecting SRT into snRNA NMF basis...
[2025-11-21 09:23:44] Projection complete and rescaled.
[2025-11-21 09:23:45] Saved projection result to: /zata/zippy/kresgeb/nmf_stuff/dlPFC/data/batched_projection/proj_k70_seed31415_tol1e-06_L10.7.rds
[2025-11-21 09:23:45] Appended run metadata to summary.tsv
[2025-11-21 09:23:45] --------------------------------------------
[2025-11-21 09:23:45] Starting projection 678 / 750: k=80, seed=31415, tol=1e-06, L1=0.7
[2025-11-21 09:23:45] --------------------------------------------
[2025-11-21 09:23:46] Common genes: 28907
[2025-11-21 09:23:48] Projecting SRT into snRNA NMF basis...
[2025-11-21 09:23:51] Projection complete and rescaled.
[2025-11-21 09:23:52] Saved projection result to: /zata/zippy/kresgeb/nmf_stuff/dlPFC/data/batched_projection/proj_k80_seed31415_tol1e-06_L10.7.rds
[2025-11-21 09:23:52] Appended run metadata to summary.tsv
[2025-11-21 09:23:52] --------------------------------------------
[2025-11-21 09:23:52] Starting projection 679 / 750: k=90, seed=31415, tol=1e-06, L1=0.7
[2025-11-21 09:23:52] --------------------------------------------
[2025-11-21 09:23:53] Common genes: 28907
[2025-11-21 09:23:55] Projecting SRT into snRNA NMF basis...
[2025-11-21 09:23:58] Projection complete and rescaled.
[2025-11-21 09:23:59] Saved projection result to: /zata/zippy/kresgeb/nmf_stuff/dlPFC/data/batched_projection/proj_k90_seed31415_tol1e-06_L10.7.rds
[2025-11-21 09:23:59] Appended run metadata to summary.tsv
[2025-11-21 09:23:59] --------------------------------------------
[2025-11-21 09:23:59] Starting projection 680 / 750: k=100, seed=31415, tol=1e-06, L1=0.7
[2025-11-21 09:23:59] --------------------------------------------
[2025-11-21 09:24:00] Common genes: 28907
[2025-11-21 09:24:02] Projecting SRT into snRNA NMF basis...
[2025-11-21 09:24:07] Projection complete and rescaled.
[2025-11-21 09:24:09] Saved projection result to: /zata/zippy/kresgeb/nmf_stuff/dlPFC/data/batched_projection/proj_k100_seed31415_tol1e-06_L10.7.rds
[2025-11-21 09:24:09] Appended run metadata to summary.tsv
[2025-11-21 09:24:09] --------------------------------------------
[2025-11-21 09:24:09] Starting projection 681 / 750: k=10, seed=120301, tol=1e-06, L1=0.7
[2025-11-21 09:24:09] --------------------------------------------
[2025-11-21 09:24:09] Common genes: 28907
[2025-11-21 09:24:11] Projecting SRT into snRNA NMF basis...
[2025-11-21 09:24:12] Projection complete and rescaled.
[2025-11-21 09:24:12] Saved projection result to: /zata/zippy/kresgeb/nmf_stuff/dlPFC/data/batched_projection/proj_k10_seed120301_tol1e-06_L10.7.rds
[2025-11-21 09:24:12] Appended run metadata to summary.tsv
[2025-11-21 09:24:12] --------------------------------------------
[2025-11-21 09:24:12] Starting projection 682 / 750: k=20, seed=120301, tol=1e-06, L1=0.7
[2025-11-21 09:24:12] --------------------------------------------
[2025-11-21 09:24:13] Common genes: 28907
[2025-11-21 09:24:15] Projecting SRT into snRNA NMF basis...
[2025-11-21 09:24:16] Projection complete and rescaled.
[2025-11-21 09:24:17] Saved projection result to: /zata/zippy/kresgeb/nmf_stuff/dlPFC/data/batched_projection/proj_k20_seed120301_tol1e-06_L10.7.rds
[2025-11-21 09:24:17] Appended run metadata to summary.tsv
[2025-11-21 09:24:17] --------------------------------------------
[2025-11-21 09:24:17] Starting projection 683 / 750: k=30, seed=120301, tol=1e-06, L1=0.7
[2025-11-21 09:24:17] --------------------------------------------
[2025-11-21 09:24:17] Common genes: 28907
[2025-11-21 09:24:19] Projecting SRT into snRNA NMF basis...
[2025-11-21 09:24:20] Projection complete and rescaled.
[2025-11-21 09:24:21] Saved projection result to: /zata/zippy/kresgeb/nmf_stuff/dlPFC/data/batched_projection/proj_k30_seed120301_tol1e-06_L10.7.rds
[2025-11-21 09:24:21] Appended run metadata to summary.tsv
[2025-11-21 09:24:21] --------------------------------------------
[2025-11-21 09:24:21] Starting projection 684 / 750: k=40, seed=120301, tol=1e-06, L1=0.7
[2025-11-21 09:24:21] --------------------------------------------
[2025-11-21 09:24:22] Common genes: 28907
[2025-11-21 09:24:24] Projecting SRT into snRNA NMF basis...
[2025-11-21 09:24:26] Projection complete and rescaled.
[2025-11-21 09:24:26] Saved projection result to: /zata/zippy/kresgeb/nmf_stuff/dlPFC/data/batched_projection/proj_k40_seed120301_tol1e-06_L10.7.rds
[2025-11-21 09:24:26] Appended run metadata to summary.tsv
[2025-11-21 09:24:26] --------------------------------------------
[2025-11-21 09:24:26] Starting projection 685 / 750: k=50, seed=120301, tol=1e-06, L1=0.7
[2025-11-21 09:24:26] --------------------------------------------
[2025-11-21 09:24:27] Common genes: 28907
[2025-11-21 09:24:29] Projecting SRT into snRNA NMF basis...
[2025-11-21 09:24:31] Projection complete and rescaled.
[2025-11-21 09:24:32] Saved projection result to: /zata/zippy/kresgeb/nmf_stuff/dlPFC/data/batched_projection/proj_k50_seed120301_tol1e-06_L10.7.rds
[2025-11-21 09:24:32] Appended run metadata to summary.tsv
[2025-11-21 09:24:32] --------------------------------------------
[2025-11-21 09:24:32] Starting projection 686 / 750: k=60, seed=120301, tol=1e-06, L1=0.7
[2025-11-21 09:24:32] --------------------------------------------
[2025-11-21 09:24:32] Common genes: 28907
[2025-11-21 09:24:34] Projecting SRT into snRNA NMF basis...
[2025-11-21 09:24:38] Projection complete and rescaled.
[2025-11-21 09:24:39] Saved projection result to: /zata/zippy/kresgeb/nmf_stuff/dlPFC/data/batched_projection/proj_k60_seed120301_tol1e-06_L10.7.rds
[2025-11-21 09:24:39] Appended run metadata to summary.tsv
[2025-11-21 09:24:39] --------------------------------------------
[2025-11-21 09:24:39] Starting projection 687 / 750: k=70, seed=120301, tol=1e-06, L1=0.7
[2025-11-21 09:24:39] --------------------------------------------
[2025-11-21 09:24:39] Common genes: 28907
[2025-11-21 09:24:41] Projecting SRT into snRNA NMF basis...
[2025-11-21 09:24:44] Projection complete and rescaled.
[2025-11-21 09:24:45] Saved projection result to: /zata/zippy/kresgeb/nmf_stuff/dlPFC/data/batched_projection/proj_k70_seed120301_tol1e-06_L10.7.rds
[2025-11-21 09:24:45] Appended run metadata to summary.tsv
[2025-11-21 09:24:45] --------------------------------------------
[2025-11-21 09:24:45] Starting projection 688 / 750: k=80, seed=120301, tol=1e-06, L1=0.7
[2025-11-21 09:24:45] --------------------------------------------
[2025-11-21 09:24:46] Common genes: 28907
[2025-11-21 09:24:48] Projecting SRT into snRNA NMF basis...
[2025-11-21 09:24:50] Projection complete and rescaled.
[2025-11-21 09:24:52] Saved projection result to: /zata/zippy/kresgeb/nmf_stuff/dlPFC/data/batched_projection/proj_k80_seed120301_tol1e-06_L10.7.rds
[2025-11-21 09:24:52] Appended run metadata to summary.tsv
[2025-11-21 09:24:52] --------------------------------------------
[2025-11-21 09:24:52] Starting projection 689 / 750: k=90, seed=120301, tol=1e-06, L1=0.7
[2025-11-21 09:24:52] --------------------------------------------
[2025-11-21 09:24:52] Common genes: 28907
[2025-11-21 09:24:54] Projecting SRT into snRNA NMF basis...
[2025-11-21 09:24:57] Projection complete and rescaled.
[2025-11-21 09:24:58] Saved projection result to: /zata/zippy/kresgeb/nmf_stuff/dlPFC/data/batched_projection/proj_k90_seed120301_tol1e-06_L10.7.rds
[2025-11-21 09:24:58] Appended run metadata to summary.tsv
[2025-11-21 09:24:58] --------------------------------------------
[2025-11-21 09:24:58] Starting projection 690 / 750: k=100, seed=120301, tol=1e-06, L1=0.7
[2025-11-21 09:24:58] --------------------------------------------
[2025-11-21 09:24:59] Common genes: 28907
[2025-11-21 09:25:01] Projecting SRT into snRNA NMF basis...
[2025-11-21 09:25:04] Projection complete and rescaled.
[2025-11-21 09:25:06] Saved projection result to: /zata/zippy/kresgeb/nmf_stuff/dlPFC/data/batched_projection/proj_k100_seed120301_tol1e-06_L10.7.rds
[2025-11-21 09:25:06] Appended run metadata to summary.tsv
[2025-11-21 09:25:06] --------------------------------------------
[2025-11-21 09:25:06] Starting projection 691 / 750: k=10, seed=2025, tol=1e-06, L1=0.7
[2025-11-21 09:25:06] --------------------------------------------
[2025-11-21 09:25:06] Common genes: 28907
[2025-11-21 09:25:10] Projecting SRT into snRNA NMF basis...
[2025-11-21 09:25:11] Projection complete and rescaled.
[2025-11-21 09:25:11] Saved projection result to: /zata/zippy/kresgeb/nmf_stuff/dlPFC/data/batched_projection/proj_k10_seed2025_tol1e-06_L10.7.rds
[2025-11-21 09:25:11] Appended run metadata to summary.tsv
[2025-11-21 09:25:11] --------------------------------------------
[2025-11-21 09:25:11] Starting projection 692 / 750: k=20, seed=2025, tol=1e-06, L1=0.7
[2025-11-21 09:25:11] --------------------------------------------
[2025-11-21 09:25:12] Common genes: 28907
[2025-11-21 09:25:14] Projecting SRT into snRNA NMF basis...
[2025-11-21 09:25:15] Projection complete and rescaled.
[2025-11-21 09:25:15] Saved projection result to: /zata/zippy/kresgeb/nmf_stuff/dlPFC/data/batched_projection/proj_k20_seed2025_tol1e-06_L10.7.rds
[2025-11-21 09:25:15] Appended run metadata to summary.tsv
[2025-11-21 09:25:15] --------------------------------------------
[2025-11-21 09:25:15] Starting projection 693 / 750: k=30, seed=2025, tol=1e-06, L1=0.7
[2025-11-21 09:25:15] --------------------------------------------
[2025-11-21 09:25:16] Common genes: 28907
[2025-11-21 09:25:18] Projecting SRT into snRNA NMF basis...
[2025-11-21 09:25:20] Projection complete and rescaled.
[2025-11-21 09:25:20] Saved projection result to: /zata/zippy/kresgeb/nmf_stuff/dlPFC/data/batched_projection/proj_k30_seed2025_tol1e-06_L10.7.rds
[2025-11-21 09:25:20] Appended run metadata to summary.tsv
[2025-11-21 09:25:20] --------------------------------------------
[2025-11-21 09:25:20] Starting projection 694 / 750: k=40, seed=2025, tol=1e-06, L1=0.7
[2025-11-21 09:25:20] --------------------------------------------
[2025-11-21 09:25:21] Common genes: 28907
[2025-11-21 09:25:23] Projecting SRT into snRNA NMF basis...
[2025-11-21 09:25:24] Projection complete and rescaled.
[2025-11-21 09:25:25] Saved projection result to: /zata/zippy/kresgeb/nmf_stuff/dlPFC/data/batched_projection/proj_k40_seed2025_tol1e-06_L10.7.rds
[2025-11-21 09:25:25] Appended run metadata to summary.tsv
[2025-11-21 09:25:25] --------------------------------------------
[2025-11-21 09:25:25] Starting projection 695 / 750: k=50, seed=2025, tol=1e-06, L1=0.7
[2025-11-21 09:25:25] --------------------------------------------
[2025-11-21 09:25:25] Common genes: 28907
[2025-11-21 09:25:27] Projecting SRT into snRNA NMF basis...
[2025-11-21 09:25:29] Projection complete and rescaled.
[2025-11-21 09:25:30] Saved projection result to: /zata/zippy/kresgeb/nmf_stuff/dlPFC/data/batched_projection/proj_k50_seed2025_tol1e-06_L10.7.rds
[2025-11-21 09:25:30] Appended run metadata to summary.tsv
[2025-11-21 09:25:30] --------------------------------------------
[2025-11-21 09:25:30] Starting projection 696 / 750: k=60, seed=2025, tol=1e-06, L1=0.7
[2025-11-21 09:25:30] --------------------------------------------
[2025-11-21 09:25:31] Common genes: 28907
[2025-11-21 09:25:35] Projecting SRT into snRNA NMF basis...
[2025-11-21 09:25:36] Projection complete and rescaled.
[2025-11-21 09:25:38] Saved projection result to: /zata/zippy/kresgeb/nmf_stuff/dlPFC/data/batched_projection/proj_k60_seed2025_tol1e-06_L10.7.rds
[2025-11-21 09:25:38] Appended run metadata to summary.tsv
[2025-11-21 09:25:38] --------------------------------------------
[2025-11-21 09:25:38] Starting projection 697 / 750: k=70, seed=2025, tol=1e-06, L1=0.7
[2025-11-21 09:25:38] --------------------------------------------
[2025-11-21 09:25:38] Common genes: 28907
[2025-11-21 09:25:40] Projecting SRT into snRNA NMF basis...
[2025-11-21 09:25:42] Projection complete and rescaled.
[2025-11-21 09:25:44] Saved projection result to: /zata/zippy/kresgeb/nmf_stuff/dlPFC/data/batched_projection/proj_k70_seed2025_tol1e-06_L10.7.rds
[2025-11-21 09:25:44] Appended run metadata to summary.tsv
[2025-11-21 09:25:44] --------------------------------------------
[2025-11-21 09:25:44] Starting projection 698 / 750: k=80, seed=2025, tol=1e-06, L1=0.7
[2025-11-21 09:25:44] --------------------------------------------
[2025-11-21 09:25:44] Common genes: 28907
[2025-11-21 09:25:46] Projecting SRT into snRNA NMF basis...
[2025-11-21 09:25:49] Projection complete and rescaled.
[2025-11-21 09:25:50] Saved projection result to: /zata/zippy/kresgeb/nmf_stuff/dlPFC/data/batched_projection/proj_k80_seed2025_tol1e-06_L10.7.rds
[2025-11-21 09:25:50] Appended run metadata to summary.tsv
[2025-11-21 09:25:50] --------------------------------------------
[2025-11-21 09:25:50] Starting projection 699 / 750: k=90, seed=2025, tol=1e-06, L1=0.7
[2025-11-21 09:25:50] --------------------------------------------
[2025-11-21 09:25:51] Common genes: 28907
[2025-11-21 09:25:53] Projecting SRT into snRNA NMF basis...
[2025-11-21 09:25:55] Projection complete and rescaled.
[2025-11-21 09:25:57] Saved projection result to: /zata/zippy/kresgeb/nmf_stuff/dlPFC/data/batched_projection/proj_k90_seed2025_tol1e-06_L10.7.rds
[2025-11-21 09:25:57] Appended run metadata to summary.tsv
[2025-11-21 09:25:57] --------------------------------------------
[2025-11-21 09:25:57] Starting projection 700 / 750: k=100, seed=2025, tol=1e-06, L1=0.7
[2025-11-21 09:25:57] --------------------------------------------
[2025-11-21 09:25:58] Common genes: 28907
[2025-11-21 09:26:00] Projecting SRT into snRNA NMF basis...
[2025-11-21 09:26:04] Projection complete and rescaled.
[2025-11-21 09:26:07] Saved projection result to: /zata/zippy/kresgeb/nmf_stuff/dlPFC/data/batched_projection/proj_k100_seed2025_tol1e-06_L10.7.rds
[2025-11-21 09:26:07] Appended run metadata to summary.tsv
[2025-11-21 09:26:07] --------------------------------------------
[2025-11-21 09:26:07] Starting projection 701 / 750: k=10, seed=42, tol=1e-07, L1=0.7
[2025-11-21 09:26:07] --------------------------------------------
[2025-11-21 09:26:07] Common genes: 28907
[2025-11-21 09:26:09] Projecting SRT into snRNA NMF basis...
[2025-11-21 09:26:10] Projection complete and rescaled.
[2025-11-21 09:26:10] Saved projection result to: /zata/zippy/kresgeb/nmf_stuff/dlPFC/data/batched_projection/proj_k10_seed42_tol1e-07_L10.7.rds
[2025-11-21 09:26:10] Appended run metadata to summary.tsv
[2025-11-21 09:26:10] --------------------------------------------
[2025-11-21 09:26:10] Starting projection 702 / 750: k=20, seed=42, tol=1e-07, L1=0.7
[2025-11-21 09:26:10] --------------------------------------------
[2025-11-21 09:26:11] Common genes: 28907
[2025-11-21 09:26:13] Projecting SRT into snRNA NMF basis...
[2025-11-21 09:26:15] Projection complete and rescaled.
[2025-11-21 09:26:15] Saved projection result to: /zata/zippy/kresgeb/nmf_stuff/dlPFC/data/batched_projection/proj_k20_seed42_tol1e-07_L10.7.rds
[2025-11-21 09:26:15] Appended run metadata to summary.tsv
[2025-11-21 09:26:15] --------------------------------------------
[2025-11-21 09:26:15] Starting projection 703 / 750: k=30, seed=42, tol=1e-07, L1=0.7
[2025-11-21 09:26:15] --------------------------------------------
[2025-11-21 09:26:16] Common genes: 28907
[2025-11-21 09:26:18] Projecting SRT into snRNA NMF basis...
[2025-11-21 09:26:19] Projection complete and rescaled.
[2025-11-21 09:26:20] Saved projection result to: /zata/zippy/kresgeb/nmf_stuff/dlPFC/data/batched_projection/proj_k30_seed42_tol1e-07_L10.7.rds
[2025-11-21 09:26:20] Appended run metadata to summary.tsv
[2025-11-21 09:26:20] --------------------------------------------
[2025-11-21 09:26:20] Starting projection 704 / 750: k=40, seed=42, tol=1e-07, L1=0.7
[2025-11-21 09:26:20] --------------------------------------------
[2025-11-21 09:26:20] Common genes: 28907
[2025-11-21 09:26:22] Projecting SRT into snRNA NMF basis...
[2025-11-21 09:26:27] Projection complete and rescaled.
[2025-11-21 09:26:28] Saved projection result to: /zata/zippy/kresgeb/nmf_stuff/dlPFC/data/batched_projection/proj_k40_seed42_tol1e-07_L10.7.rds
[2025-11-21 09:26:28] Appended run metadata to summary.tsv
[2025-11-21 09:26:28] --------------------------------------------
[2025-11-21 09:26:28] Starting projection 705 / 750: k=50, seed=42, tol=1e-07, L1=0.7
[2025-11-21 09:26:28] --------------------------------------------
[2025-11-21 09:26:28] Common genes: 28907
[2025-11-21 09:26:31] Projecting SRT into snRNA NMF basis...
[2025-11-21 09:26:33] Projection complete and rescaled.
[2025-11-21 09:26:34] Saved projection result to: /zata/zippy/kresgeb/nmf_stuff/dlPFC/data/batched_projection/proj_k50_seed42_tol1e-07_L10.7.rds
[2025-11-21 09:26:34] Appended run metadata to summary.tsv
[2025-11-21 09:26:34] --------------------------------------------
[2025-11-21 09:26:34] Starting projection 706 / 750: k=60, seed=42, tol=1e-07, L1=0.7
[2025-11-21 09:26:34] --------------------------------------------
[2025-11-21 09:26:34] Common genes: 28907
[2025-11-21 09:26:36] Projecting SRT into snRNA NMF basis...
[2025-11-21 09:26:39] Projection complete and rescaled.
[2025-11-21 09:26:40] Saved projection result to: /zata/zippy/kresgeb/nmf_stuff/dlPFC/data/batched_projection/proj_k60_seed42_tol1e-07_L10.7.rds
[2025-11-21 09:26:40] Appended run metadata to summary.tsv
[2025-11-21 09:26:40] --------------------------------------------
[2025-11-21 09:26:40] Starting projection 707 / 750: k=70, seed=42, tol=1e-07, L1=0.7
[2025-11-21 09:26:40] --------------------------------------------
[2025-11-21 09:26:40] Common genes: 28907
[2025-11-21 09:26:42] Projecting SRT into snRNA NMF basis...
[2025-11-21 09:26:44] Projection complete and rescaled.
[2025-11-21 09:26:46] Saved projection result to: /zata/zippy/kresgeb/nmf_stuff/dlPFC/data/batched_projection/proj_k70_seed42_tol1e-07_L10.7.rds
[2025-11-21 09:26:46] Appended run metadata to summary.tsv
[2025-11-21 09:26:46] --------------------------------------------
[2025-11-21 09:26:46] Starting projection 708 / 750: k=80, seed=42, tol=1e-07, L1=0.7
[2025-11-21 09:26:46] --------------------------------------------
[2025-11-21 09:26:47] Common genes: 28907
[2025-11-21 09:26:49] Projecting SRT into snRNA NMF basis...
[2025-11-21 09:26:51] Projection complete and rescaled.
[2025-11-21 09:26:53] Saved projection result to: /zata/zippy/kresgeb/nmf_stuff/dlPFC/data/batched_projection/proj_k80_seed42_tol1e-07_L10.7.rds
[2025-11-21 09:26:53] Appended run metadata to summary.tsv
[2025-11-21 09:26:53] --------------------------------------------
[2025-11-21 09:26:53] Starting projection 709 / 750: k=90, seed=42, tol=1e-07, L1=0.7
[2025-11-21 09:26:53] --------------------------------------------
[2025-11-21 09:26:53] Common genes: 28907
[2025-11-21 09:26:55] Projecting SRT into snRNA NMF basis...
[2025-11-21 09:26:58] Projection complete and rescaled.
[2025-11-21 09:27:00] Saved projection result to: /zata/zippy/kresgeb/nmf_stuff/dlPFC/data/batched_projection/proj_k90_seed42_tol1e-07_L10.7.rds
[2025-11-21 09:27:00] Appended run metadata to summary.tsv
[2025-11-21 09:27:00] --------------------------------------------
[2025-11-21 09:27:00] Starting projection 710 / 750: k=100, seed=42, tol=1e-07, L1=0.7
[2025-11-21 09:27:00] --------------------------------------------
[2025-11-21 09:27:01] Common genes: 28907
[2025-11-21 09:27:03] Projecting SRT into snRNA NMF basis...
[2025-11-21 09:27:05] Projection complete and rescaled.
[2025-11-21 09:27:08] Saved projection result to: /zata/zippy/kresgeb/nmf_stuff/dlPFC/data/batched_projection/proj_k100_seed42_tol1e-07_L10.7.rds
[2025-11-21 09:27:08] Appended run metadata to summary.tsv
[2025-11-21 09:27:08] --------------------------------------------
[2025-11-21 09:27:08] Starting projection 711 / 750: k=10, seed=1029, tol=1e-07, L1=0.7
[2025-11-21 09:27:08] --------------------------------------------
[2025-11-21 09:27:08] Common genes: 28907
[2025-11-21 09:27:13] Projecting SRT into snRNA NMF basis...
[2025-11-21 09:27:14] Projection complete and rescaled.
[2025-11-21 09:27:15] Saved projection result to: /zata/zippy/kresgeb/nmf_stuff/dlPFC/data/batched_projection/proj_k10_seed1029_tol1e-07_L10.7.rds
[2025-11-21 09:27:15] Appended run metadata to summary.tsv
[2025-11-21 09:27:15] --------------------------------------------
[2025-11-21 09:27:15] Starting projection 712 / 750: k=20, seed=1029, tol=1e-07, L1=0.7
[2025-11-21 09:27:15] --------------------------------------------
[2025-11-21 09:27:15] Common genes: 28907
[2025-11-21 09:27:17] Projecting SRT into snRNA NMF basis...
[2025-11-21 09:27:18] Projection complete and rescaled.
[2025-11-21 09:27:19] Saved projection result to: /zata/zippy/kresgeb/nmf_stuff/dlPFC/data/batched_projection/proj_k20_seed1029_tol1e-07_L10.7.rds
[2025-11-21 09:27:19] Appended run metadata to summary.tsv
[2025-11-21 09:27:19] --------------------------------------------
[2025-11-21 09:27:19] Starting projection 713 / 750: k=30, seed=1029, tol=1e-07, L1=0.7
[2025-11-21 09:27:19] --------------------------------------------
[2025-11-21 09:27:19] Common genes: 28907
[2025-11-21 09:27:21] Projecting SRT into snRNA NMF basis...
[2025-11-21 09:27:23] Projection complete and rescaled.
[2025-11-21 09:27:24] Saved projection result to: /zata/zippy/kresgeb/nmf_stuff/dlPFC/data/batched_projection/proj_k30_seed1029_tol1e-07_L10.7.rds
[2025-11-21 09:27:24] Appended run metadata to summary.tsv
[2025-11-21 09:27:24] --------------------------------------------
[2025-11-21 09:27:24] Starting projection 714 / 750: k=40, seed=1029, tol=1e-07, L1=0.7
[2025-11-21 09:27:24] --------------------------------------------
[2025-11-21 09:27:24] Common genes: 28907
[2025-11-21 09:27:26] Projecting SRT into snRNA NMF basis...
[2025-11-21 09:27:28] Projection complete and rescaled.
[2025-11-21 09:27:29] Saved projection result to: /zata/zippy/kresgeb/nmf_stuff/dlPFC/data/batched_projection/proj_k40_seed1029_tol1e-07_L10.7.rds
[2025-11-21 09:27:29] Appended run metadata to summary.tsv
[2025-11-21 09:27:29] --------------------------------------------
[2025-11-21 09:27:29] Starting projection 715 / 750: k=50, seed=1029, tol=1e-07, L1=0.7
[2025-11-21 09:27:29] --------------------------------------------
[2025-11-21 09:27:29] Common genes: 28907
[2025-11-21 09:27:31] Projecting SRT into snRNA NMF basis...
[2025-11-21 09:27:33] Projection complete and rescaled.
[2025-11-21 09:27:34] Saved projection result to: /zata/zippy/kresgeb/nmf_stuff/dlPFC/data/batched_projection/proj_k50_seed1029_tol1e-07_L10.7.rds
[2025-11-21 09:27:34] Appended run metadata to summary.tsv
[2025-11-21 09:27:34] --------------------------------------------
[2025-11-21 09:27:34] Starting projection 716 / 750: k=60, seed=1029, tol=1e-07, L1=0.7
[2025-11-21 09:27:34] --------------------------------------------
[2025-11-21 09:27:35] Common genes: 28907
[2025-11-21 09:27:39] Projecting SRT into snRNA NMF basis...
[2025-11-21 09:27:41] Projection complete and rescaled.
[2025-11-21 09:27:43] Saved projection result to: /zata/zippy/kresgeb/nmf_stuff/dlPFC/data/batched_projection/proj_k60_seed1029_tol1e-07_L10.7.rds
[2025-11-21 09:27:43] Appended run metadata to summary.tsv
[2025-11-21 09:27:43] --------------------------------------------
[2025-11-21 09:27:43] Starting projection 717 / 750: k=70, seed=1029, tol=1e-07, L1=0.7
[2025-11-21 09:27:43] --------------------------------------------
[2025-11-21 09:27:43] Common genes: 28907
[2025-11-21 09:27:46] Projecting SRT into snRNA NMF basis...
[2025-11-21 09:27:48] Projection complete and rescaled.
[2025-11-21 09:27:49] Saved projection result to: /zata/zippy/kresgeb/nmf_stuff/dlPFC/data/batched_projection/proj_k70_seed1029_tol1e-07_L10.7.rds
[2025-11-21 09:27:49] Appended run metadata to summary.tsv
[2025-11-21 09:27:49] --------------------------------------------
[2025-11-21 09:27:49] Starting projection 718 / 750: k=80, seed=1029, tol=1e-07, L1=0.7
[2025-11-21 09:27:49] --------------------------------------------
[2025-11-21 09:27:50] Common genes: 28907
[2025-11-21 09:27:52] Projecting SRT into snRNA NMF basis...
[2025-11-21 09:27:55] Projection complete and rescaled.
[2025-11-21 09:27:56] Saved projection result to: /zata/zippy/kresgeb/nmf_stuff/dlPFC/data/batched_projection/proj_k80_seed1029_tol1e-07_L10.7.rds
[2025-11-21 09:27:56] Appended run metadata to summary.tsv
[2025-11-21 09:27:56] --------------------------------------------
[2025-11-21 09:27:56] Starting projection 719 / 750: k=90, seed=1029, tol=1e-07, L1=0.7
[2025-11-21 09:27:56] --------------------------------------------
[2025-11-21 09:27:57] Common genes: 28907
[2025-11-21 09:27:59] Projecting SRT into snRNA NMF basis...
[2025-11-21 09:28:01] Projection complete and rescaled.
[2025-11-21 09:28:03] Saved projection result to: /zata/zippy/kresgeb/nmf_stuff/dlPFC/data/batched_projection/proj_k90_seed1029_tol1e-07_L10.7.rds
[2025-11-21 09:28:03] Appended run metadata to summary.tsv
[2025-11-21 09:28:03] --------------------------------------------
[2025-11-21 09:28:03] Starting projection 720 / 750: k=100, seed=1029, tol=1e-07, L1=0.7
[2025-11-21 09:28:03] --------------------------------------------
[2025-11-21 09:28:04] Common genes: 28907
[2025-11-21 09:28:08] Projecting SRT into snRNA NMF basis...
[2025-11-21 09:28:11] Projection complete and rescaled.
[2025-11-21 09:28:13] Saved projection result to: /zata/zippy/kresgeb/nmf_stuff/dlPFC/data/batched_projection/proj_k100_seed1029_tol1e-07_L10.7.rds
[2025-11-21 09:28:13] Appended run metadata to summary.tsv
[2025-11-21 09:28:13] --------------------------------------------
[2025-11-21 09:28:13] Starting projection 721 / 750: k=10, seed=31415, tol=1e-07, L1=0.7
[2025-11-21 09:28:13] --------------------------------------------
[2025-11-21 09:28:13] Common genes: 28907
[2025-11-21 09:28:15] Projecting SRT into snRNA NMF basis...
[2025-11-21 09:28:16] Projection complete and rescaled.
[2025-11-21 09:28:17] Saved projection result to: /zata/zippy/kresgeb/nmf_stuff/dlPFC/data/batched_projection/proj_k10_seed31415_tol1e-07_L10.7.rds
[2025-11-21 09:28:17] Appended run metadata to summary.tsv
[2025-11-21 09:28:17] --------------------------------------------
[2025-11-21 09:28:17] Starting projection 722 / 750: k=20, seed=31415, tol=1e-07, L1=0.7
[2025-11-21 09:28:17] --------------------------------------------
[2025-11-21 09:28:17] Common genes: 28907
[2025-11-21 09:28:19] Projecting SRT into snRNA NMF basis...
[2025-11-21 09:28:20] Projection complete and rescaled.
[2025-11-21 09:28:21] Saved projection result to: /zata/zippy/kresgeb/nmf_stuff/dlPFC/data/batched_projection/proj_k20_seed31415_tol1e-07_L10.7.rds
[2025-11-21 09:28:21] Appended run metadata to summary.tsv
[2025-11-21 09:28:21] --------------------------------------------
[2025-11-21 09:28:21] Starting projection 723 / 750: k=30, seed=31415, tol=1e-07, L1=0.7
[2025-11-21 09:28:21] --------------------------------------------
[2025-11-21 09:28:21] Common genes: 28907
[2025-11-21 09:28:23] Projecting SRT into snRNA NMF basis...
[2025-11-21 09:28:25] Projection complete and rescaled.
[2025-11-21 09:28:26] Saved projection result to: /zata/zippy/kresgeb/nmf_stuff/dlPFC/data/batched_projection/proj_k30_seed31415_tol1e-07_L10.7.rds
[2025-11-21 09:28:26] Appended run metadata to summary.tsv
[2025-11-21 09:28:26] --------------------------------------------
[2025-11-21 09:28:26] Starting projection 724 / 750: k=40, seed=31415, tol=1e-07, L1=0.7
[2025-11-21 09:28:26] --------------------------------------------
[2025-11-21 09:28:26] Common genes: 28907
[2025-11-21 09:28:28] Projecting SRT into snRNA NMF basis...
[2025-11-21 09:28:30] Projection complete and rescaled.
[2025-11-21 09:28:30] Saved projection result to: /zata/zippy/kresgeb/nmf_stuff/dlPFC/data/batched_projection/proj_k40_seed31415_tol1e-07_L10.7.rds
[2025-11-21 09:28:30] Appended run metadata to summary.tsv
[2025-11-21 09:28:30] --------------------------------------------
[2025-11-21 09:28:30] Starting projection 725 / 750: k=50, seed=31415, tol=1e-07, L1=0.7
[2025-11-21 09:28:30] --------------------------------------------
[2025-11-21 09:28:31] Common genes: 28907
[2025-11-21 09:28:33] Projecting SRT into snRNA NMF basis...
[2025-11-21 09:28:35] Projection complete and rescaled.
[2025-11-21 09:28:36] Saved projection result to: /zata/zippy/kresgeb/nmf_stuff/dlPFC/data/batched_projection/proj_k50_seed31415_tol1e-07_L10.7.rds
[2025-11-21 09:28:36] Appended run metadata to summary.tsv
[2025-11-21 09:28:36] --------------------------------------------
[2025-11-21 09:28:36] Starting projection 726 / 750: k=60, seed=31415, tol=1e-07, L1=0.7
[2025-11-21 09:28:36] --------------------------------------------
[2025-11-21 09:28:36] Common genes: 28907
[2025-11-21 09:28:40] Projecting SRT into snRNA NMF basis...
[2025-11-21 09:28:42] Projection complete and rescaled.
[2025-11-21 09:28:43] Saved projection result to: /zata/zippy/kresgeb/nmf_stuff/dlPFC/data/batched_projection/proj_k60_seed31415_tol1e-07_L10.7.rds
[2025-11-21 09:28:43] Appended run metadata to summary.tsv
[2025-11-21 09:28:43] --------------------------------------------
[2025-11-21 09:28:43] Starting projection 727 / 750: k=70, seed=31415, tol=1e-07, L1=0.7
[2025-11-21 09:28:43] --------------------------------------------
[2025-11-21 09:28:44] Common genes: 28907
[2025-11-21 09:28:46] Projecting SRT into snRNA NMF basis...
[2025-11-21 09:28:48] Projection complete and rescaled.
[2025-11-21 09:28:49] Saved projection result to: /zata/zippy/kresgeb/nmf_stuff/dlPFC/data/batched_projection/proj_k70_seed31415_tol1e-07_L10.7.rds
[2025-11-21 09:28:49] Appended run metadata to summary.tsv
[2025-11-21 09:28:49] --------------------------------------------
[2025-11-21 09:28:49] Starting projection 728 / 750: k=80, seed=31415, tol=1e-07, L1=0.7
[2025-11-21 09:28:49] --------------------------------------------
[2025-11-21 09:28:50] Common genes: 28907
[2025-11-21 09:28:52] Projecting SRT into snRNA NMF basis...
[2025-11-21 09:28:54] Projection complete and rescaled.
[2025-11-21 09:28:56] Saved projection result to: /zata/zippy/kresgeb/nmf_stuff/dlPFC/data/batched_projection/proj_k80_seed31415_tol1e-07_L10.7.rds
[2025-11-21 09:28:56] Appended run metadata to summary.tsv
[2025-11-21 09:28:56] --------------------------------------------
[2025-11-21 09:28:56] Starting projection 729 / 750: k=90, seed=31415, tol=1e-07, L1=0.7
[2025-11-21 09:28:56] --------------------------------------------
[2025-11-21 09:28:56] Common genes: 28907
[2025-11-21 09:28:58] Projecting SRT into snRNA NMF basis...
[2025-11-21 09:29:01] Projection complete and rescaled.
[2025-11-21 09:29:03] Saved projection result to: /zata/zippy/kresgeb/nmf_stuff/dlPFC/data/batched_projection/proj_k90_seed31415_tol1e-07_L10.7.rds
[2025-11-21 09:29:03] Appended run metadata to summary.tsv
[2025-11-21 09:29:03] --------------------------------------------
[2025-11-21 09:29:03] Starting projection 730 / 750: k=100, seed=31415, tol=1e-07, L1=0.7
[2025-11-21 09:29:03] --------------------------------------------
[2025-11-21 09:29:04] Common genes: 28907
[2025-11-21 09:29:06] Projecting SRT into snRNA NMF basis...
[2025-11-21 09:29:12] Projection complete and rescaled.
[2025-11-21 09:29:14] Saved projection result to: /zata/zippy/kresgeb/nmf_stuff/dlPFC/data/batched_projection/proj_k100_seed31415_tol1e-07_L10.7.rds
[2025-11-21 09:29:14] Appended run metadata to summary.tsv
[2025-11-21 09:29:14] --------------------------------------------
[2025-11-21 09:29:14] Starting projection 731 / 750: k=10, seed=120301, tol=1e-07, L1=0.7
[2025-11-21 09:29:14] --------------------------------------------
[2025-11-21 09:29:14] Common genes: 28907
[2025-11-21 09:29:17] Projecting SRT into snRNA NMF basis...
[2025-11-21 09:29:18] Projection complete and rescaled.
[2025-11-21 09:29:18] Saved projection result to: /zata/zippy/kresgeb/nmf_stuff/dlPFC/data/batched_projection/proj_k10_seed120301_tol1e-07_L10.7.rds
[2025-11-21 09:29:18] Appended run metadata to summary.tsv
[2025-11-21 09:29:18] --------------------------------------------
[2025-11-21 09:29:18] Starting projection 732 / 750: k=20, seed=120301, tol=1e-07, L1=0.7
[2025-11-21 09:29:18] --------------------------------------------
[2025-11-21 09:29:19] Common genes: 28907
[2025-11-21 09:29:21] Projecting SRT into snRNA NMF basis...
[2025-11-21 09:29:22] Projection complete and rescaled.
[2025-11-21 09:29:23] Saved projection result to: /zata/zippy/kresgeb/nmf_stuff/dlPFC/data/batched_projection/proj_k20_seed120301_tol1e-07_L10.7.rds
[2025-11-21 09:29:23] Appended run metadata to summary.tsv
[2025-11-21 09:29:23] --------------------------------------------
[2025-11-21 09:29:23] Starting projection 733 / 750: k=30, seed=120301, tol=1e-07, L1=0.7
[2025-11-21 09:29:23] --------------------------------------------
[2025-11-21 09:29:23] Common genes: 28907
[2025-11-21 09:29:25] Projecting SRT into snRNA NMF basis...
[2025-11-21 09:29:26] Projection complete and rescaled.
[2025-11-21 09:29:27] Saved projection result to: /zata/zippy/kresgeb/nmf_stuff/dlPFC/data/batched_projection/proj_k30_seed120301_tol1e-07_L10.7.rds
[2025-11-21 09:29:27] Appended run metadata to summary.tsv
[2025-11-21 09:29:27] --------------------------------------------
[2025-11-21 09:29:27] Starting projection 734 / 750: k=40, seed=120301, tol=1e-07, L1=0.7
[2025-11-21 09:29:27] --------------------------------------------
[2025-11-21 09:29:28] Common genes: 28907
[2025-11-21 09:29:30] Projecting SRT into snRNA NMF basis...
[2025-11-21 09:29:35] Projection complete and rescaled.
[2025-11-21 09:29:35] Saved projection result to: /zata/zippy/kresgeb/nmf_stuff/dlPFC/data/batched_projection/proj_k40_seed120301_tol1e-07_L10.7.rds
[2025-11-21 09:29:35] Appended run metadata to summary.tsv
[2025-11-21 09:29:35] --------------------------------------------
[2025-11-21 09:29:35] Starting projection 735 / 750: k=50, seed=120301, tol=1e-07, L1=0.7
[2025-11-21 09:29:35] --------------------------------------------
[2025-11-21 09:29:36] Common genes: 28907
[2025-11-21 09:29:38] Projecting SRT into snRNA NMF basis...
[2025-11-21 09:29:40] Projection complete and rescaled.
[2025-11-21 09:29:41] Saved projection result to: /zata/zippy/kresgeb/nmf_stuff/dlPFC/data/batched_projection/proj_k50_seed120301_tol1e-07_L10.7.rds
[2025-11-21 09:29:41] Appended run metadata to summary.tsv
[2025-11-21 09:29:41] --------------------------------------------
[2025-11-21 09:29:41] Starting projection 736 / 750: k=60, seed=120301, tol=1e-07, L1=0.7
[2025-11-21 09:29:41] --------------------------------------------
[2025-11-21 09:29:41] Common genes: 28907
[2025-11-21 09:29:44] Projecting SRT into snRNA NMF basis...
[2025-11-21 09:29:46] Projection complete and rescaled.
[2025-11-21 09:29:47] Saved projection result to: /zata/zippy/kresgeb/nmf_stuff/dlPFC/data/batched_projection/proj_k60_seed120301_tol1e-07_L10.7.rds
[2025-11-21 09:29:47] Appended run metadata to summary.tsv
[2025-11-21 09:29:47] --------------------------------------------
[2025-11-21 09:29:47] Starting projection 737 / 750: k=70, seed=120301, tol=1e-07, L1=0.7
[2025-11-21 09:29:47] --------------------------------------------
[2025-11-21 09:29:48] Common genes: 28907
[2025-11-21 09:29:50] Projecting SRT into snRNA NMF basis...
[2025-11-21 09:29:52] Projection complete and rescaled.
[2025-11-21 09:29:53] Saved projection result to: /zata/zippy/kresgeb/nmf_stuff/dlPFC/data/batched_projection/proj_k70_seed120301_tol1e-07_L10.7.rds
[2025-11-21 09:29:53] Appended run metadata to summary.tsv
[2025-11-21 09:29:53] --------------------------------------------
[2025-11-21 09:29:53] Starting projection 738 / 750: k=80, seed=120301, tol=1e-07, L1=0.7
[2025-11-21 09:29:53] --------------------------------------------
[2025-11-21 09:29:54] Common genes: 28907
[2025-11-21 09:29:56] Projecting SRT into snRNA NMF basis...
[2025-11-21 09:29:59] Projection complete and rescaled.
[2025-11-21 09:30:00] Saved projection result to: /zata/zippy/kresgeb/nmf_stuff/dlPFC/data/batched_projection/proj_k80_seed120301_tol1e-07_L10.7.rds
[2025-11-21 09:30:00] Appended run metadata to summary.tsv
[2025-11-21 09:30:00] --------------------------------------------
[2025-11-21 09:30:00] Starting projection 739 / 750: k=90, seed=120301, tol=1e-07, L1=0.7
[2025-11-21 09:30:00] --------------------------------------------
[2025-11-21 09:30:01] Common genes: 28907
[2025-11-21 09:30:03] Projecting SRT into snRNA NMF basis...
[2025-11-21 09:30:06] Projection complete and rescaled.
[2025-11-21 09:30:07] Saved projection result to: /zata/zippy/kresgeb/nmf_stuff/dlPFC/data/batched_projection/proj_k90_seed120301_tol1e-07_L10.7.rds
[2025-11-21 09:30:07] Appended run metadata to summary.tsv
[2025-11-21 09:30:07] --------------------------------------------
[2025-11-21 09:30:07] Starting projection 740 / 750: k=100, seed=120301, tol=1e-07, L1=0.7
[2025-11-21 09:30:07] --------------------------------------------
[2025-11-21 09:30:08] Common genes: 28907
[2025-11-21 09:30:10] Projecting SRT into snRNA NMF basis...
[2025-11-21 09:30:13] Projection complete and rescaled.
[2025-11-21 09:30:15] Saved projection result to: /zata/zippy/kresgeb/nmf_stuff/dlPFC/data/batched_projection/proj_k100_seed120301_tol1e-07_L10.7.rds
[2025-11-21 09:30:15] Appended run metadata to summary.tsv
[2025-11-21 09:30:15] --------------------------------------------
[2025-11-21 09:30:15] Starting projection 741 / 750: k=10, seed=2025, tol=1e-07, L1=0.7
[2025-11-21 09:30:15] --------------------------------------------
[2025-11-21 09:30:15] Common genes: 28907
[2025-11-21 09:30:20] Projecting SRT into snRNA NMF basis...
[2025-11-21 09:30:21] Projection complete and rescaled.
[2025-11-21 09:30:21] Saved projection result to: /zata/zippy/kresgeb/nmf_stuff/dlPFC/data/batched_projection/proj_k10_seed2025_tol1e-07_L10.7.rds
[2025-11-21 09:30:21] Appended run metadata to summary.tsv
[2025-11-21 09:30:21] --------------------------------------------
[2025-11-21 09:30:21] Starting projection 742 / 750: k=20, seed=2025, tol=1e-07, L1=0.7
[2025-11-21 09:30:21] --------------------------------------------
[2025-11-21 09:30:21] Common genes: 28907
[2025-11-21 09:30:23] Projecting SRT into snRNA NMF basis...
[2025-11-21 09:30:25] Projection complete and rescaled.
[2025-11-21 09:30:25] Saved projection result to: /zata/zippy/kresgeb/nmf_stuff/dlPFC/data/batched_projection/proj_k20_seed2025_tol1e-07_L10.7.rds
[2025-11-21 09:30:25] Appended run metadata to summary.tsv
[2025-11-21 09:30:25] --------------------------------------------
[2025-11-21 09:30:25] Starting projection 743 / 750: k=30, seed=2025, tol=1e-07, L1=0.7
[2025-11-21 09:30:25] --------------------------------------------
[2025-11-21 09:30:26] Common genes: 28907
[2025-11-21 09:30:28] Projecting SRT into snRNA NMF basis...
[2025-11-21 09:30:29] Projection complete and rescaled.
[2025-11-21 09:30:30] Saved projection result to: /zata/zippy/kresgeb/nmf_stuff/dlPFC/data/batched_projection/proj_k30_seed2025_tol1e-07_L10.7.rds
[2025-11-21 09:30:30] Appended run metadata to summary.tsv
[2025-11-21 09:30:30] --------------------------------------------
[2025-11-21 09:30:30] Starting projection 744 / 750: k=40, seed=2025, tol=1e-07, L1=0.7
[2025-11-21 09:30:30] --------------------------------------------
[2025-11-21 09:30:30] Common genes: 28907
[2025-11-21 09:30:32] Projecting SRT into snRNA NMF basis...
[2025-11-21 09:30:34] Projection complete and rescaled.
[2025-11-21 09:30:35] Saved projection result to: /zata/zippy/kresgeb/nmf_stuff/dlPFC/data/batched_projection/proj_k40_seed2025_tol1e-07_L10.7.rds
[2025-11-21 09:30:35] Appended run metadata to summary.tsv
[2025-11-21 09:30:35] --------------------------------------------
[2025-11-21 09:30:35] Starting projection 745 / 750: k=50, seed=2025, tol=1e-07, L1=0.7
[2025-11-21 09:30:35] --------------------------------------------
[2025-11-21 09:30:35] Common genes: 28907
[2025-11-21 09:30:37] Projecting SRT into snRNA NMF basis...
[2025-11-21 09:30:39] Projection complete and rescaled.
[2025-11-21 09:30:40] Saved projection result to: /zata/zippy/kresgeb/nmf_stuff/dlPFC/data/batched_projection/proj_k50_seed2025_tol1e-07_L10.7.rds
[2025-11-21 09:30:40] Appended run metadata to summary.tsv
[2025-11-21 09:30:40] --------------------------------------------
[2025-11-21 09:30:40] Starting projection 746 / 750: k=60, seed=2025, tol=1e-07, L1=0.7
[2025-11-21 09:30:40] --------------------------------------------
[2025-11-21 09:30:40] Common genes: 28907
[2025-11-21 09:30:45] Projecting SRT into snRNA NMF basis...
[2025-11-21 09:30:46] Projection complete and rescaled.
[2025-11-21 09:30:47] Saved projection result to: /zata/zippy/kresgeb/nmf_stuff/dlPFC/data/batched_projection/proj_k60_seed2025_tol1e-07_L10.7.rds
[2025-11-21 09:30:47] Appended run metadata to summary.tsv
[2025-11-21 09:30:47] --------------------------------------------
[2025-11-21 09:30:47] Starting projection 747 / 750: k=70, seed=2025, tol=1e-07, L1=0.7
[2025-11-21 09:30:47] --------------------------------------------
[2025-11-21 09:30:48] Common genes: 28907
[2025-11-21 09:30:50] Projecting SRT into snRNA NMF basis...
[2025-11-21 09:30:52] Projection complete and rescaled.
[2025-11-21 09:30:54] Saved projection result to: /zata/zippy/kresgeb/nmf_stuff/dlPFC/data/batched_projection/proj_k70_seed2025_tol1e-07_L10.7.rds
[2025-11-21 09:30:54] Appended run metadata to summary.tsv
[2025-11-21 09:30:54] --------------------------------------------
[2025-11-21 09:30:54] Starting projection 748 / 750: k=80, seed=2025, tol=1e-07, L1=0.7
[2025-11-21 09:30:54] --------------------------------------------
[2025-11-21 09:30:54] Common genes: 28907
[2025-11-21 09:30:56] Projecting SRT into snRNA NMF basis...
[2025-11-21 09:30:59] Projection complete and rescaled.
[2025-11-21 09:31:01] Saved projection result to: /zata/zippy/kresgeb/nmf_stuff/dlPFC/data/batched_projection/proj_k80_seed2025_tol1e-07_L10.7.rds
[2025-11-21 09:31:01] Appended run metadata to summary.tsv
[2025-11-21 09:31:01] --------------------------------------------
[2025-11-21 09:31:01] Starting projection 749 / 750: k=90, seed=2025, tol=1e-07, L1=0.7
[2025-11-21 09:31:01] --------------------------------------------
[2025-11-21 09:31:01] Common genes: 28907
[2025-11-21 09:31:03] Projecting SRT into snRNA NMF basis...
[2025-11-21 09:31:06] Projection complete and rescaled.
[2025-11-21 09:31:08] Saved projection result to: /zata/zippy/kresgeb/nmf_stuff/dlPFC/data/batched_projection/proj_k90_seed2025_tol1e-07_L10.7.rds
[2025-11-21 09:31:08] Appended run metadata to summary.tsv
[2025-11-21 09:31:08] --------------------------------------------
[2025-11-21 09:31:08] Starting projection 750 / 750: k=100, seed=2025, tol=1e-07, L1=0.7
[2025-11-21 09:31:08] --------------------------------------------
[2025-11-21 09:31:08] Common genes: 28907
[2025-11-21 09:31:13] Projecting SRT into snRNA NMF basis...
[2025-11-21 09:31:15] Projection complete and rescaled.
[2025-11-21 09:31:17] Saved projection result to: /zata/zippy/kresgeb/nmf_stuff/dlPFC/data/batched_projection/proj_k100_seed2025_tol1e-07_L10.7.rds
[2025-11-21 09:31:17] Appended run metadata to summary.tsv
[2025-11-21 09:31:17] ===== Finished batched projection =====
