[2025-11-20 11:29:18] Log file created: /zata/zippy/kresgeb/nmf_stuff/dlPFC/logs/batched_nmf_2025-11-20_11-29-18.log
[2025-11-20 11:29:18] ======Snapshot of script: batched_nmf.R======

----- Begin Script Snapshot -----
#!/usr/bin/env Rscript

suppressPackageStartupMessages({
    library(here)
    library(RcppML)
    library(SingleCellExperiment)
    library(sessioninfo)
    library(duckplyr)
    library(readr)
    library(lubridate)
})

# --------------------------------------------------------------
# Set project root and import utilities
# --------------------------------------------------------------
my_relative_path <- "scripts/batched_nmf.R"
here::i_am(my_relative_path)

source(here("scripts", "utils.R"))

# --------------------------------------------------------------
# Global setup
# --------------------------------------------------------------
threads <- 64
options(RcppML.threads = threads)
options(RcppML.verbose = TRUE)

setup_log(prefix = "batched_nmf")
snapshot_script(here(my_relative_path))
log_msg("===== Session Info =====")
print(sessionInfo())
print(session_info())
log_msg(sprintf("Running batched NMF with %d threads", threads))

snrna_seq_data_path <- "/data/zusers/kresgeb/psych_encode/spatialDLPFC_snRNAseq_fetch/2024_snRNA.RData"
batched_outdir <- here("data", "batched_nmf")

if (!dir.exists(batched_outdir)) {
    dir.create(batched_outdir, recursive = TRUE)
}

# --------------------------------------------------------------
# Parameter grid
# --------------------------------------------------------------
k_values <- c(10, 20, 30, 40, 50, 60, 70, 80, 90, 100)
# k_values <- c(80)
seeds <- c(42, 1029, 31415, 120301, 2025)
# seeds <- c(1029)
tolerances <- c(1e-05, 1e-06, 1e-07)
# tolerances <- c(1e-06)
L1s <- c(0, 0.1, 0.2, 0.5, 0.7)
# L1s <- c(0.1)

param_grid <- expand.grid(k = k_values, seed = seeds, tol = tolerances, L1 = L1s)

# --------------------------------------------------------------
# Load data once
# --------------------------------------------------------------
log_msg("===== Loading snRNA-seq data once for all runs =====")
log_msg(paste("Loading data from:", snrna_seq_data_path))
load_and_rename(snrna_seq_data_path, new_names = "snrna")

if (!inherits(snrna, "SingleCellExperiment")) {
    stop("Loaded object is not a SingleCellExperiment, cannot continue.")
}

log_msg("Data successfully loaded.")
log_msg(sprintf(
    "Dimensions of logcounts: %d genes x %d cells",
    nrow(assay(snrna, "logcounts")), ncol(assay(snrna, "logcounts"))
))
log_msg(sprintf(
    "Memory footprint: %.2f MB",
    object.size(assay(snrna, "logcounts")) / (1024^2)
))


#--------------------------------------------------------------
# Setup for summary TSV
#--------------------------------------------------------------
summary_tsv <- file.path(batched_outdir, "summary.tsv")

# Load existing summary or create empty one
if (file.exists(summary_tsv)) {
    summary_df <- read_tsv(summary_tsv, show_col_types = FALSE)
    log_msg(paste("Loaded existing summary TSV with", nrow(summary_df), "rows"))
} else {
    summary_df <- tibble(
        timestamp = character(),
        k = integer(),
        seed = integer(),
        tol = numeric(),
        L1 = numeric(),
        elapsed_min = numeric(),
        output_path = character()
    )
    write_tsv(summary_df, summary_tsv)
    log_msg(paste("Initialized empty summary TSV at:", summary_tsv))
}

# --------------------------------------------------------------
# Run over grid
# --------------------------------------------------------------

# --- Config ---
skip_completed <- TRUE # set FALSE to force re-run even if already completed

for (i in seq_len(nrow(param_grid))) {
    k <- param_grid$k[i]
    seed <- param_grid$seed[i]
    tol <- param_grid$tol[i]
    L1 <- param_grid$L1[i]

    run_prefix <- sprintf("nmf_k%d_seed%d_tol%.0e_L1%.1f", k, seed, tol, L1)

    log_msg("--------------------------------------------")
    log_msg(sprintf(
        "Starting run %d / %d: k=%d, seed=%d, tol=%.0e, L1=%.1f",
        i, nrow(param_grid), k, seed, tol, L1
    ))
    log_msg("--------------------------------------------")

    # Check for completed run
    already_done <- FALSE
    if (skip_completed && nrow(summary_df) > 0) {
        match_row <- summary_df %>%
            filter(k == !!k, seed == !!seed, tol == !!tol, L1 == !!L1)
        if (nrow(match_row) > 0) {
            already_done <- TRUE
            ts <- lubridate::ymd_hms(match_row$timestamp, tz = "UTC")
            ago <- lubridate::as.period(Sys.time() - ts, unit = "minute")
            log_msg(sprintf(
                "Skipping run (already completed)\n\tcompleted %s ago at %s UTC\n\tlocation: %s",
                lubridate::time_length(ago, "hour") %>%
                    {
                        \(x) sprintf("%.1f hours", x)
                    }(),
                format(ts, "%Y-%m-%dT%H:%M:%SZ"),
                match_row$output_path
            ))
        }
    }
    if (already_done) next

    # --- Run NMF ---
    start_time <- Sys.time()

    x <- RcppML::nmf(
        assay(snrna, "logcounts"),
        k = k,
        tol = tol,
        maxit = 1000,
        verbose = TRUE,
        L1 = L1,
        seed = seed,
        mask_zeros = FALSE,
        diag = TRUE,
        nonneg = TRUE
    )

    end_time <- Sys.time()
    elapsed <- as.numeric(difftime(end_time, start_time, units = "mins"))
    log_msg(sprintf("Run completed in %.2f minutes", elapsed))

    out_path <- file.path(batched_outdir, paste0(run_prefix, ".rds"))
    saveRDS(x, out_path)
    log_msg(paste("Saved NMF result to:", out_path))

    # Construct new row for summary TSV
    new_row <- tibble(
        timestamp = format(Sys.time(), "%Y-%m-%dT%H:%M:%SZ", tz = "UTC"),
        k = k, seed = seed, tol = tol, L1 = L1,
        elapsed_min = elapsed, output_path = out_path
    )

    # Save to summary TSV
    write_tsv(new_row, summary_tsv, append = TRUE)
    log_msg("Appended run metadata to summary.tsv")
}

log_msg("===== Batch NMF Complete =====")
close_log()

----- End Script Snapshot -----

[2025-11-20 11:29:18] ===== Session Info =====
R version 4.4.2 (2024-10-31)
Platform: x86_64-pc-linux-gnu
Running under: Ubuntu 24.04.1 LTS

Matrix products: default
BLAS:   /usr/lib/x86_64-linux-gnu/openblas-pthread/libblas.so.3 
LAPACK: /usr/lib/x86_64-linux-gnu/openblas-pthread/libopenblasp-r0.3.26.so;  LAPACK version 3.12.0

locale:
 [1] LC_CTYPE=en_US.UTF-8       LC_NUMERIC=C               LC_TIME=en_US.UTF-8        LC_COLLATE=en_US.UTF-8    
 [5] LC_MONETARY=en_US.UTF-8    LC_MESSAGES=en_US.UTF-8    LC_PAPER=en_US.UTF-8       LC_NAME=C                 
 [9] LC_ADDRESS=C               LC_TELEPHONE=C             LC_MEASUREMENT=en_US.UTF-8 LC_IDENTIFICATION=C       

time zone: America/New_York
tzcode source: system (glibc)

attached base packages:
[1] stats4    stats     graphics  grDevices utils     datasets  methods   base     

other attached packages:
 [1] lubridate_1.9.4             readr_2.1.5                 duckplyr_1.0.0              dplyr_1.1.4                
 [5] sessioninfo_1.2.3           SingleCellExperiment_1.28.1 SummarizedExperiment_1.36.0 Biobase_2.66.0             
 [9] GenomicRanges_1.58.0        GenomeInfoDb_1.42.3         IRanges_2.40.1              S4Vectors_0.44.0           
[13] BiocGenerics_0.52.0         MatrixGenerics_1.18.1       matrixStats_1.5.0           RcppML_0.5.5               
[17] here_1.0.1                 

loaded via a namespace (and not attached):
 [1] generics_0.1.3          SparseArray_1.6.2       lattice_0.22-6          hms_1.1.3              
 [5] magrittr_2.0.3          RcppEigen_0.3.4.0.2     timechange_0.3.0        evaluate_1.0.3         
 [9] grid_4.4.2              fastmap_1.2.0           rprojroot_2.0.4         jsonlite_1.9.0         
[13] Matrix_1.7-1            httr_1.4.7              UCSC.utils_1.2.0        collections_0.3.7      
[17] abind_1.4-8             cli_3.6.4               rlang_1.1.5             crayon_1.5.3           
[21] XVector_0.46.0          cachem_1.1.0            DelayedArray_0.32.0     S4Arrays_1.6.0         
[25] tools_4.4.2             tzdb_0.4.0              memoise_2.0.1           GenomeInfoDbData_1.2.13
[29] vctrs_0.6.5             R6_2.6.1                lifecycle_1.0.4         zlibbioc_1.52.0        
[33] pkgconfig_2.0.3         pillar_1.10.1           glue_1.8.0              Rcpp_1.0.14            
[37] xfun_0.51               tibble_3.2.1            tidyselect_1.2.1        knitr_1.49             
[41] compiler_4.4.2         
─ Session info ───────────────────────────────────────────────────────────────
 setting  value
 version  R version 4.4.2 (2024-10-31)
 os       Ubuntu 24.04.1 LTS
 system   x86_64, linux-gnu
 ui       X11
 language (EN)
 collate  en_US.UTF-8
 ctype    en_US.UTF-8
 tz       America/New_York
 date     2025-11-20
 pandoc   NA
 quarto   NA

─ Packages ───────────────────────────────────────────────────────────────────
 package              * version   date (UTC) lib source
 abind                  1.4-8     2024-09-12 [1] RSPM (R 4.4.0)
 Biobase              * 2.66.0    2024-10-29 [1] Bioconductor 3.20 (R 4.4.2)
 BiocGenerics         * 0.52.0    2024-10-29 [1] Bioconductor 3.20 (R 4.4.2)
 cachem                 1.1.0     2024-05-16 [1] RSPM (R 4.4.0)
 cli                    3.6.4     2025-02-13 [1] RSPM (R 4.4.0)
 collections            0.3.7     2023-01-05 [1] RSPM (R 4.4.0)
 crayon                 1.5.3     2024-06-20 [1] RSPM (R 4.4.0)
 DelayedArray           0.32.0    2024-10-29 [1] Bioconductor 3.20 (R 4.4.2)
 dplyr                * 1.1.4     2023-11-17 [1] RSPM (R 4.4.0)
 duckplyr             * 1.0.0     2025-02-07 [1] RSPM (R 4.4.0)
 evaluate               1.0.3     2025-01-10 [1] RSPM (R 4.4.0)
 fastmap                1.2.0     2024-05-15 [1] RSPM (R 4.4.0)
 generics               0.1.3     2022-07-05 [1] RSPM (R 4.4.0)
 GenomeInfoDb         * 1.42.3    2025-01-27 [1] Bioconductor 3.20 (R 4.4.2)
 GenomeInfoDbData       1.2.13    2025-11-14 [1] Bioconductor
 GenomicRanges        * 1.58.0    2024-10-29 [1] Bioconductor 3.20 (R 4.4.2)
 glue                   1.8.0     2024-09-30 [1] RSPM (R 4.4.0)
 here                 * 1.0.1     2020-12-13 [1] RSPM (R 4.4.0)
 hms                    1.1.3     2023-03-21 [1] RSPM (R 4.4.0)
 httr                   1.4.7     2023-08-15 [1] RSPM (R 4.4.0)
 IRanges              * 2.40.1    2024-12-05 [1] Bioconductor 3.20 (R 4.4.2)
 jsonlite               1.9.0     2025-02-19 [1] RSPM (R 4.4.0)
 knitr                  1.49      2024-11-08 [1] RSPM (R 4.4.0)
 lattice                0.22-6    2024-03-20 [2] CRAN (R 4.4.2)
 lifecycle              1.0.4     2023-11-07 [1] RSPM (R 4.4.0)
 lubridate            * 1.9.4     2024-12-08 [1] RSPM (R 4.4.0)
 magrittr               2.0.3     2022-03-30 [1] RSPM (R 4.4.0)
 Matrix                 1.7-1     2024-10-18 [2] CRAN (R 4.4.2)
 MatrixGenerics       * 1.18.1    2025-01-09 [1] Bioconductor 3.20 (R 4.4.2)
 matrixStats          * 1.5.0     2025-01-07 [1] RSPM (R 4.4.0)
 memoise                2.0.1     2021-11-26 [1] RSPM (R 4.4.0)
 pillar                 1.10.1    2025-01-07 [1] RSPM (R 4.4.0)
 pkgconfig              2.0.3     2019-09-22 [1] RSPM (R 4.4.0)
 R6                     2.6.1     2025-02-15 [1] RSPM (R 4.4.0)
 Rcpp                   1.0.14    2025-01-12 [1] RSPM (R 4.4.0)
 RcppEigen              0.3.4.0.2 2024-08-24 [1] RSPM (R 4.4.0)
 RcppML               * 0.5.5     2025-11-17 [1] Github (zdebruine/RcppML@c997bcd)
 readr                * 2.1.5     2024-01-10 [1] RSPM (R 4.4.0)
 rlang                  1.1.5     2025-01-17 [1] RSPM (R 4.4.0)
 rprojroot              2.0.4     2023-11-05 [1] RSPM (R 4.4.0)
 S4Arrays               1.6.0     2024-10-29 [1] Bioconductor 3.20 (R 4.4.2)
 S4Vectors            * 0.44.0    2024-10-29 [1] Bioconductor 3.20 (R 4.4.2)
 sessioninfo          * 1.2.3     2025-02-05 [1] RSPM (R 4.4.0)
 SingleCellExperiment * 1.28.1    2024-11-10 [1] Bioconductor 3.20 (R 4.4.2)
 SparseArray            1.6.2     2025-02-20 [1] Bioconductor 3.20 (R 4.4.2)
 SummarizedExperiment * 1.36.0    2024-10-29 [1] Bioconductor 3.20 (R 4.4.2)
 tibble                 3.2.1     2023-03-20 [1] RSPM (R 4.4.0)
 tidyselect             1.2.1     2024-03-11 [1] RSPM (R 4.4.0)
 timechange             0.3.0     2024-01-18 [1] RSPM (R 4.4.0)
 tzdb                   0.4.0     2023-05-12 [1] RSPM (R 4.4.0)
 UCSC.utils             1.2.0     2024-10-29 [1] Bioconductor 3.20 (R 4.4.2)
 vctrs                  0.6.5     2023-12-01 [1] RSPM (R 4.4.0)
 xfun                   0.51      2025-02-19 [1] RSPM (R 4.4.0)
 XVector                0.46.0    2024-10-29 [1] Bioconductor 3.20 (R 4.4.2)
 zlibbioc               1.52.0    2024-10-29 [1] Bioconductor 3.20 (R 4.4.2)

 [1] /usr/local/lib/R/site-library
 [2] /usr/local/lib/R/library
 * ── Packages attached to the search path.

──────────────────────────────────────────────────────────────────────────────
[2025-11-20 11:29:18] Running batched NMF with 64 threads
[2025-11-20 11:29:18] ===== Loading snRNA-seq data once for all runs =====
[2025-11-20 11:29:18] Loading data from: /data/zusers/kresgeb/psych_encode/spatialDLPFC_snRNAseq_fetch/2024_snRNA.RData
[2025-11-20 11:31:01] Data successfully loaded.
[2025-11-20 11:31:01] Dimensions of logcounts: 36601 genes x 77604 cells
[2025-11-20 11:31:01] Memory footprint: 21679.29 MB
[2025-11-20 11:31:02] Loaded existing summary TSV with 716 rows
[2025-11-20 11:31:02] --------------------------------------------
[2025-11-20 11:31:02] Starting run 1 / 750: k=10, seed=42, tol=1e-05, L1=0.0
[2025-11-20 11:31:02] --------------------------------------------
[2025-11-20 11:31:02] Skipping run (already completed)
	completed 191.1 hours ago at 2025-11-12T17:27:38Z UTC
	location: /zata/zippy/kresgeb/nmf_stuff/dlPFC/data/batched_nmf/nmf_k10_seed42_tol1e-05_L10.0.rds
[2025-11-20 11:31:02] --------------------------------------------
[2025-11-20 11:31:02] Starting run 2 / 750: k=20, seed=42, tol=1e-05, L1=0.0
[2025-11-20 11:31:02] --------------------------------------------
[2025-11-20 11:31:02] Skipping run (already completed)
	completed 190.9 hours ago at 2025-11-12T17:36:26Z UTC
	location: /zata/zippy/kresgeb/nmf_stuff/dlPFC/data/batched_nmf/nmf_k20_seed42_tol1e-05_L10.0.rds
[2025-11-20 11:31:02] --------------------------------------------
[2025-11-20 11:31:02] Starting run 3 / 750: k=30, seed=42, tol=1e-05, L1=0.0
[2025-11-20 11:31:02] --------------------------------------------
[2025-11-20 11:31:02] Skipping run (already completed)
	completed 190.8 hours ago at 2025-11-12T17:40:22Z UTC
	location: /zata/zippy/kresgeb/nmf_stuff/dlPFC/data/batched_nmf/nmf_k30_seed42_tol1e-05_L10.0.rds
[2025-11-20 11:31:02] --------------------------------------------
[2025-11-20 11:31:02] Starting run 4 / 750: k=40, seed=42, tol=1e-05, L1=0.0
[2025-11-20 11:31:02] --------------------------------------------
[2025-11-20 11:31:02] Skipping run (already completed)
	completed 190.7 hours ago at 2025-11-12T17:47:59Z UTC
	location: /zata/zippy/kresgeb/nmf_stuff/dlPFC/data/batched_nmf/nmf_k40_seed42_tol1e-05_L10.0.rds
[2025-11-20 11:31:02] --------------------------------------------
[2025-11-20 11:31:02] Starting run 5 / 750: k=50, seed=42, tol=1e-05, L1=0.0
[2025-11-20 11:31:02] --------------------------------------------
[2025-11-20 11:31:02] Skipping run (already completed)
	completed 190.6 hours ago at 2025-11-12T17:54:13Z UTC
	location: /zata/zippy/kresgeb/nmf_stuff/dlPFC/data/batched_nmf/nmf_k50_seed42_tol1e-05_L10.0.rds
[2025-11-20 11:31:02] --------------------------------------------
[2025-11-20 11:31:02] Starting run 6 / 750: k=60, seed=42, tol=1e-05, L1=0.0
[2025-11-20 11:31:02] --------------------------------------------
[2025-11-20 11:31:02] Skipping run (already completed)
	completed 190.4 hours ago at 2025-11-12T18:04:18Z UTC
	location: /zata/zippy/kresgeb/nmf_stuff/dlPFC/data/batched_nmf/nmf_k60_seed42_tol1e-05_L10.0.rds
[2025-11-20 11:31:02] --------------------------------------------
[2025-11-20 11:31:02] Starting run 7 / 750: k=70, seed=42, tol=1e-05, L1=0.0
[2025-11-20 11:31:02] --------------------------------------------
[2025-11-20 11:31:02] Skipping run (already completed)
	completed 190.2 hours ago at 2025-11-12T18:17:50Z UTC
	location: /zata/zippy/kresgeb/nmf_stuff/dlPFC/data/batched_nmf/nmf_k70_seed42_tol1e-05_L10.0.rds
[2025-11-20 11:31:02] --------------------------------------------
[2025-11-20 11:31:02] Starting run 8 / 750: k=80, seed=42, tol=1e-05, L1=0.0
[2025-11-20 11:31:02] --------------------------------------------
[2025-11-20 11:31:02] Skipping run (already completed)
	completed 190.0 hours ago at 2025-11-12T18:32:36Z UTC
	location: /zata/zippy/kresgeb/nmf_stuff/dlPFC/data/batched_nmf/nmf_k80_seed42_tol1e-05_L10.0.rds
[2025-11-20 11:31:02] --------------------------------------------
[2025-11-20 11:31:02] Starting run 9 / 750: k=90, seed=42, tol=1e-05, L1=0.0
[2025-11-20 11:31:02] --------------------------------------------
[2025-11-20 11:31:02] Skipping run (already completed)
	completed 189.7 hours ago at 2025-11-12T18:50:15Z UTC
	location: /zata/zippy/kresgeb/nmf_stuff/dlPFC/data/batched_nmf/nmf_k90_seed42_tol1e-05_L10.0.rds
[2025-11-20 11:31:02] --------------------------------------------
[2025-11-20 11:31:02] Starting run 10 / 750: k=100, seed=42, tol=1e-05, L1=0.0
[2025-11-20 11:31:02] --------------------------------------------
[2025-11-20 11:31:02] Skipping run (already completed)
	completed 189.2 hours ago at 2025-11-12T19:16:34Z UTC
	location: /zata/zippy/kresgeb/nmf_stuff/dlPFC/data/batched_nmf/nmf_k100_seed42_tol1e-05_L10.0.rds
[2025-11-20 11:31:02] --------------------------------------------
[2025-11-20 11:31:02] Starting run 11 / 750: k=10, seed=1029, tol=1e-05, L1=0.0
[2025-11-20 11:31:02] --------------------------------------------
[2025-11-20 11:31:02] Skipping run (already completed)
	completed 189.2 hours ago at 2025-11-12T19:18:32Z UTC
	location: /zata/zippy/kresgeb/nmf_stuff/dlPFC/data/batched_nmf/nmf_k10_seed1029_tol1e-05_L10.0.rds
[2025-11-20 11:31:02] --------------------------------------------
[2025-11-20 11:31:02] Starting run 12 / 750: k=20, seed=1029, tol=1e-05, L1=0.0
[2025-11-20 11:31:02] --------------------------------------------
[2025-11-20 11:31:02] Skipping run (already completed)
	completed 189.2 hours ago at 2025-11-12T19:21:46Z UTC
	location: /zata/zippy/kresgeb/nmf_stuff/dlPFC/data/batched_nmf/nmf_k20_seed1029_tol1e-05_L10.0.rds
[2025-11-20 11:31:02] --------------------------------------------
[2025-11-20 11:31:02] Starting run 13 / 750: k=30, seed=1029, tol=1e-05, L1=0.0
[2025-11-20 11:31:02] --------------------------------------------
[2025-11-20 11:31:02] Skipping run (already completed)
	completed 189.1 hours ago at 2025-11-12T19:27:25Z UTC
	location: /zata/zippy/kresgeb/nmf_stuff/dlPFC/data/batched_nmf/nmf_k30_seed1029_tol1e-05_L10.0.rds
[2025-11-20 11:31:02] --------------------------------------------
[2025-11-20 11:31:02] Starting run 14 / 750: k=40, seed=1029, tol=1e-05, L1=0.0
[2025-11-20 11:31:02] --------------------------------------------
[2025-11-20 11:31:02] Skipping run (already completed)
	completed 189.0 hours ago at 2025-11-12T19:33:42Z UTC
	location: /zata/zippy/kresgeb/nmf_stuff/dlPFC/data/batched_nmf/nmf_k40_seed1029_tol1e-05_L10.0.rds
[2025-11-20 11:31:02] --------------------------------------------
[2025-11-20 11:31:02] Starting run 15 / 750: k=50, seed=1029, tol=1e-05, L1=0.0
[2025-11-20 11:31:02] --------------------------------------------
[2025-11-20 11:31:02] Skipping run (already completed)
	completed 188.8 hours ago at 2025-11-12T19:42:42Z UTC
	location: /zata/zippy/kresgeb/nmf_stuff/dlPFC/data/batched_nmf/nmf_k50_seed1029_tol1e-05_L10.0.rds
[2025-11-20 11:31:02] --------------------------------------------
[2025-11-20 11:31:02] Starting run 16 / 750: k=60, seed=1029, tol=1e-05, L1=0.0
[2025-11-20 11:31:02] --------------------------------------------
[2025-11-20 11:31:02] Skipping run (already completed)
	completed 188.6 hours ago at 2025-11-12T19:53:52Z UTC
	location: /zata/zippy/kresgeb/nmf_stuff/dlPFC/data/batched_nmf/nmf_k60_seed1029_tol1e-05_L10.0.rds
[2025-11-20 11:31:02] --------------------------------------------
[2025-11-20 11:31:02] Starting run 17 / 750: k=70, seed=1029, tol=1e-05, L1=0.0
[2025-11-20 11:31:02] --------------------------------------------
[2025-11-20 11:31:03] Skipping run (already completed)
	completed 188.4 hours ago at 2025-11-12T20:04:42Z UTC
	location: /zata/zippy/kresgeb/nmf_stuff/dlPFC/data/batched_nmf/nmf_k70_seed1029_tol1e-05_L10.0.rds
[2025-11-20 11:31:03] --------------------------------------------
[2025-11-20 11:31:03] Starting run 18 / 750: k=80, seed=1029, tol=1e-05, L1=0.0
[2025-11-20 11:31:03] --------------------------------------------
[2025-11-20 11:31:03] Skipping run (already completed)
	completed 188.0 hours ago at 2025-11-12T20:28:45Z UTC
	location: /zata/zippy/kresgeb/nmf_stuff/dlPFC/data/batched_nmf/nmf_k80_seed1029_tol1e-05_L10.0.rds
[2025-11-20 11:31:03] --------------------------------------------
[2025-11-20 11:31:03] Starting run 19 / 750: k=90, seed=1029, tol=1e-05, L1=0.0
[2025-11-20 11:31:03] --------------------------------------------
[2025-11-20 11:31:03] Skipping run (already completed)
	completed 187.7 hours ago at 2025-11-12T20:50:22Z UTC
	location: /zata/zippy/kresgeb/nmf_stuff/dlPFC/data/batched_nmf/nmf_k90_seed1029_tol1e-05_L10.0.rds
[2025-11-20 11:31:03] --------------------------------------------
[2025-11-20 11:31:03] Starting run 20 / 750: k=100, seed=1029, tol=1e-05, L1=0.0
[2025-11-20 11:31:03] --------------------------------------------
[2025-11-20 11:31:03] Skipping run (already completed)
	completed 187.2 hours ago at 2025-11-12T21:17:18Z UTC
	location: /zata/zippy/kresgeb/nmf_stuff/dlPFC/data/batched_nmf/nmf_k100_seed1029_tol1e-05_L10.0.rds
[2025-11-20 11:31:03] --------------------------------------------
[2025-11-20 11:31:03] Starting run 21 / 750: k=10, seed=31415, tol=1e-05, L1=0.0
[2025-11-20 11:31:03] --------------------------------------------
[2025-11-20 11:31:03] Skipping run (already completed)
	completed 187.2 hours ago at 2025-11-12T21:19:59Z UTC
	location: /zata/zippy/kresgeb/nmf_stuff/dlPFC/data/batched_nmf/nmf_k10_seed31415_tol1e-05_L10.0.rds
[2025-11-20 11:31:03] --------------------------------------------
[2025-11-20 11:31:03] Starting run 22 / 750: k=20, seed=31415, tol=1e-05, L1=0.0
[2025-11-20 11:31:03] --------------------------------------------
[2025-11-20 11:31:03] Skipping run (already completed)
	completed 187.1 hours ago at 2025-11-12T21:23:32Z UTC
	location: /zata/zippy/kresgeb/nmf_stuff/dlPFC/data/batched_nmf/nmf_k20_seed31415_tol1e-05_L10.0.rds
[2025-11-20 11:31:03] --------------------------------------------
[2025-11-20 11:31:03] Starting run 23 / 750: k=30, seed=31415, tol=1e-05, L1=0.0
[2025-11-20 11:31:03] --------------------------------------------
[2025-11-20 11:31:03] Skipping run (already completed)
	completed 187.0 hours ago at 2025-11-12T21:29:11Z UTC
	location: /zata/zippy/kresgeb/nmf_stuff/dlPFC/data/batched_nmf/nmf_k30_seed31415_tol1e-05_L10.0.rds
[2025-11-20 11:31:03] --------------------------------------------
[2025-11-20 11:31:03] Starting run 24 / 750: k=40, seed=31415, tol=1e-05, L1=0.0
[2025-11-20 11:31:03] --------------------------------------------
[2025-11-20 11:31:03] Skipping run (already completed)
	completed 186.9 hours ago at 2025-11-12T21:38:53Z UTC
	location: /zata/zippy/kresgeb/nmf_stuff/dlPFC/data/batched_nmf/nmf_k40_seed31415_tol1e-05_L10.0.rds
[2025-11-20 11:31:03] --------------------------------------------
[2025-11-20 11:31:03] Starting run 25 / 750: k=50, seed=31415, tol=1e-05, L1=0.0
[2025-11-20 11:31:03] --------------------------------------------
[2025-11-20 11:31:03] Skipping run (already completed)
	completed 186.7 hours ago at 2025-11-12T21:50:04Z UTC
	location: /zata/zippy/kresgeb/nmf_stuff/dlPFC/data/batched_nmf/nmf_k50_seed31415_tol1e-05_L10.0.rds
[2025-11-20 11:31:03] --------------------------------------------
[2025-11-20 11:31:03] Starting run 26 / 750: k=60, seed=31415, tol=1e-05, L1=0.0
[2025-11-20 11:31:03] --------------------------------------------
[2025-11-20 11:31:03] Skipping run (already completed)
	completed 186.5 hours ago at 2025-11-12T21:59:43Z UTC
	location: /zata/zippy/kresgeb/nmf_stuff/dlPFC/data/batched_nmf/nmf_k60_seed31415_tol1e-05_L10.0.rds
[2025-11-20 11:31:03] --------------------------------------------
[2025-11-20 11:31:03] Starting run 27 / 750: k=70, seed=31415, tol=1e-05, L1=0.0
[2025-11-20 11:31:03] --------------------------------------------
[2025-11-20 11:31:03] Skipping run (already completed)
	completed 186.3 hours ago at 2025-11-12T22:12:12Z UTC
	location: /zata/zippy/kresgeb/nmf_stuff/dlPFC/data/batched_nmf/nmf_k70_seed31415_tol1e-05_L10.0.rds
[2025-11-20 11:31:03] --------------------------------------------
[2025-11-20 11:31:03] Starting run 28 / 750: k=80, seed=31415, tol=1e-05, L1=0.0
[2025-11-20 11:31:03] --------------------------------------------
[2025-11-20 11:31:04] Skipping run (already completed)
	completed 186.0 hours ago at 2025-11-12T22:33:06Z UTC
	location: /zata/zippy/kresgeb/nmf_stuff/dlPFC/data/batched_nmf/nmf_k80_seed31415_tol1e-05_L10.0.rds
[2025-11-20 11:31:04] --------------------------------------------
[2025-11-20 11:31:04] Starting run 29 / 750: k=90, seed=31415, tol=1e-05, L1=0.0
[2025-11-20 11:31:04] --------------------------------------------
[2025-11-20 11:31:04] Skipping run (already completed)
	completed 185.6 hours ago at 2025-11-12T22:53:18Z UTC
	location: /zata/zippy/kresgeb/nmf_stuff/dlPFC/data/batched_nmf/nmf_k90_seed31415_tol1e-05_L10.0.rds
[2025-11-20 11:31:04] --------------------------------------------
[2025-11-20 11:31:04] Starting run 30 / 750: k=100, seed=31415, tol=1e-05, L1=0.0
[2025-11-20 11:31:04] --------------------------------------------
[2025-11-20 11:31:04] Skipping run (already completed)
	completed 185.1 hours ago at 2025-11-12T23:25:40Z UTC
	location: /zata/zippy/kresgeb/nmf_stuff/dlPFC/data/batched_nmf/nmf_k100_seed31415_tol1e-05_L10.0.rds
[2025-11-20 11:31:04] --------------------------------------------
[2025-11-20 11:31:04] Starting run 31 / 750: k=10, seed=120301, tol=1e-05, L1=0.0
[2025-11-20 11:31:04] --------------------------------------------
[2025-11-20 11:31:04] Skipping run (already completed)
	completed 185.1 hours ago at 2025-11-12T23:27:41Z UTC
	location: /zata/zippy/kresgeb/nmf_stuff/dlPFC/data/batched_nmf/nmf_k10_seed120301_tol1e-05_L10.0.rds
[2025-11-20 11:31:04] --------------------------------------------
[2025-11-20 11:31:04] Starting run 32 / 750: k=20, seed=120301, tol=1e-05, L1=0.0
[2025-11-20 11:31:04] --------------------------------------------
[2025-11-20 11:31:04] Skipping run (already completed)
	completed 185.0 hours ago at 2025-11-12T23:30:35Z UTC
	location: /zata/zippy/kresgeb/nmf_stuff/dlPFC/data/batched_nmf/nmf_k20_seed120301_tol1e-05_L10.0.rds
[2025-11-20 11:31:04] --------------------------------------------
[2025-11-20 11:31:04] Starting run 33 / 750: k=30, seed=120301, tol=1e-05, L1=0.0
[2025-11-20 11:31:04] --------------------------------------------
[2025-11-20 11:31:04] Skipping run (already completed)
	completed 184.9 hours ago at 2025-11-12T23:34:05Z UTC
	location: /zata/zippy/kresgeb/nmf_stuff/dlPFC/data/batched_nmf/nmf_k30_seed120301_tol1e-05_L10.0.rds
[2025-11-20 11:31:04] --------------------------------------------
[2025-11-20 11:31:04] Starting run 34 / 750: k=40, seed=120301, tol=1e-05, L1=0.0
[2025-11-20 11:31:04] --------------------------------------------
[2025-11-20 11:31:04] Skipping run (already completed)
	completed 184.8 hours ago at 2025-11-12T23:40:07Z UTC
	location: /zata/zippy/kresgeb/nmf_stuff/dlPFC/data/batched_nmf/nmf_k40_seed120301_tol1e-05_L10.0.rds
[2025-11-20 11:31:04] --------------------------------------------
[2025-11-20 11:31:04] Starting run 35 / 750: k=50, seed=120301, tol=1e-05, L1=0.0
[2025-11-20 11:31:04] --------------------------------------------
[2025-11-20 11:31:04] Skipping run (already completed)
	completed 184.7 hours ago at 2025-11-12T23:49:04Z UTC
	location: /zata/zippy/kresgeb/nmf_stuff/dlPFC/data/batched_nmf/nmf_k50_seed120301_tol1e-05_L10.0.rds
[2025-11-20 11:31:04] --------------------------------------------
[2025-11-20 11:31:04] Starting run 36 / 750: k=60, seed=120301, tol=1e-05, L1=0.0
[2025-11-20 11:31:04] --------------------------------------------
[2025-11-20 11:31:04] Skipping run (already completed)
	completed 184.5 hours ago at 2025-11-13T00:00:01Z UTC
	location: /zata/zippy/kresgeb/nmf_stuff/dlPFC/data/batched_nmf/nmf_k60_seed120301_tol1e-05_L10.0.rds
[2025-11-20 11:31:04] --------------------------------------------
[2025-11-20 11:31:04] Starting run 37 / 750: k=70, seed=120301, tol=1e-05, L1=0.0
[2025-11-20 11:31:04] --------------------------------------------
[2025-11-20 11:31:04] Skipping run (already completed)
	completed 184.3 hours ago at 2025-11-13T00:10:40Z UTC
	location: /zata/zippy/kresgeb/nmf_stuff/dlPFC/data/batched_nmf/nmf_k70_seed120301_tol1e-05_L10.0.rds
[2025-11-20 11:31:04] --------------------------------------------
[2025-11-20 11:31:04] Starting run 38 / 750: k=80, seed=120301, tol=1e-05, L1=0.0
[2025-11-20 11:31:04] --------------------------------------------
[2025-11-20 11:31:04] Skipping run (already completed)
	completed 184.0 hours ago at 2025-11-13T00:28:39Z UTC
	location: /zata/zippy/kresgeb/nmf_stuff/dlPFC/data/batched_nmf/nmf_k80_seed120301_tol1e-05_L10.0.rds
[2025-11-20 11:31:04] --------------------------------------------
[2025-11-20 11:31:04] Starting run 39 / 750: k=90, seed=120301, tol=1e-05, L1=0.0
[2025-11-20 11:31:04] --------------------------------------------
[2025-11-20 11:31:04] Skipping run (already completed)
	completed 183.7 hours ago at 2025-11-13T00:47:20Z UTC
	location: /zata/zippy/kresgeb/nmf_stuff/dlPFC/data/batched_nmf/nmf_k90_seed120301_tol1e-05_L10.0.rds
[2025-11-20 11:31:04] --------------------------------------------
[2025-11-20 11:31:04] Starting run 40 / 750: k=100, seed=120301, tol=1e-05, L1=0.0
[2025-11-20 11:31:04] --------------------------------------------
[2025-11-20 11:31:04] Skipping run (already completed)
	completed 183.2 hours ago at 2025-11-13T01:21:32Z UTC
	location: /zata/zippy/kresgeb/nmf_stuff/dlPFC/data/batched_nmf/nmf_k100_seed120301_tol1e-05_L10.0.rds
[2025-11-20 11:31:04] --------------------------------------------
[2025-11-20 11:31:04] Starting run 41 / 750: k=10, seed=2025, tol=1e-05, L1=0.0
[2025-11-20 11:31:04] --------------------------------------------
[2025-11-20 11:31:04] Skipping run (already completed)
	completed 183.1 hours ago at 2025-11-13T01:23:24Z UTC
	location: /zata/zippy/kresgeb/nmf_stuff/dlPFC/data/batched_nmf/nmf_k10_seed2025_tol1e-05_L10.0.rds
[2025-11-20 11:31:04] --------------------------------------------
[2025-11-20 11:31:04] Starting run 42 / 750: k=20, seed=2025, tol=1e-05, L1=0.0
[2025-11-20 11:31:04] --------------------------------------------
[2025-11-20 11:31:04] Skipping run (already completed)
	completed 183.1 hours ago at 2025-11-13T01:26:20Z UTC
	location: /zata/zippy/kresgeb/nmf_stuff/dlPFC/data/batched_nmf/nmf_k20_seed2025_tol1e-05_L10.0.rds
[2025-11-20 11:31:04] --------------------------------------------
[2025-11-20 11:31:04] Starting run 43 / 750: k=30, seed=2025, tol=1e-05, L1=0.0
[2025-11-20 11:31:04] --------------------------------------------
[2025-11-20 11:31:04] Skipping run (already completed)
	completed 183.0 hours ago at 2025-11-13T01:30:35Z UTC
	location: /zata/zippy/kresgeb/nmf_stuff/dlPFC/data/batched_nmf/nmf_k30_seed2025_tol1e-05_L10.0.rds
[2025-11-20 11:31:04] --------------------------------------------
[2025-11-20 11:31:04] Starting run 44 / 750: k=40, seed=2025, tol=1e-05, L1=0.0
[2025-11-20 11:31:04] --------------------------------------------
[2025-11-20 11:31:04] Skipping run (already completed)
	completed 182.9 hours ago at 2025-11-13T01:38:51Z UTC
	location: /zata/zippy/kresgeb/nmf_stuff/dlPFC/data/batched_nmf/nmf_k40_seed2025_tol1e-05_L10.0.rds
[2025-11-20 11:31:04] --------------------------------------------
[2025-11-20 11:31:04] Starting run 45 / 750: k=50, seed=2025, tol=1e-05, L1=0.0
[2025-11-20 11:31:04] --------------------------------------------
[2025-11-20 11:31:04] Skipping run (already completed)
	completed 182.8 hours ago at 2025-11-13T01:45:39Z UTC
	location: /zata/zippy/kresgeb/nmf_stuff/dlPFC/data/batched_nmf/nmf_k50_seed2025_tol1e-05_L10.0.rds
[2025-11-20 11:31:04] --------------------------------------------
[2025-11-20 11:31:04] Starting run 46 / 750: k=60, seed=2025, tol=1e-05, L1=0.0
[2025-11-20 11:31:04] --------------------------------------------
[2025-11-20 11:31:04] Skipping run (already completed)
	completed 182.6 hours ago at 2025-11-13T01:55:56Z UTC
	location: /zata/zippy/kresgeb/nmf_stuff/dlPFC/data/batched_nmf/nmf_k60_seed2025_tol1e-05_L10.0.rds
[2025-11-20 11:31:04] --------------------------------------------
[2025-11-20 11:31:04] Starting run 47 / 750: k=70, seed=2025, tol=1e-05, L1=0.0
[2025-11-20 11:31:04] --------------------------------------------
[2025-11-20 11:31:04] Skipping run (already completed)
	completed 182.4 hours ago at 2025-11-13T02:05:01Z UTC
	location: /zata/zippy/kresgeb/nmf_stuff/dlPFC/data/batched_nmf/nmf_k70_seed2025_tol1e-05_L10.0.rds
[2025-11-20 11:31:04] --------------------------------------------
[2025-11-20 11:31:04] Starting run 48 / 750: k=80, seed=2025, tol=1e-05, L1=0.0
[2025-11-20 11:31:04] --------------------------------------------
[2025-11-20 11:31:04] Skipping run (already completed)
	completed 182.2 hours ago at 2025-11-13T02:16:32Z UTC
	location: /zata/zippy/kresgeb/nmf_stuff/dlPFC/data/batched_nmf/nmf_k80_seed2025_tol1e-05_L10.0.rds
[2025-11-20 11:31:04] --------------------------------------------
[2025-11-20 11:31:04] Starting run 49 / 750: k=90, seed=2025, tol=1e-05, L1=0.0
[2025-11-20 11:31:04] --------------------------------------------
[2025-11-20 11:31:04] Skipping run (already completed)
	completed 182.0 hours ago at 2025-11-13T02:34:00Z UTC
	location: /zata/zippy/kresgeb/nmf_stuff/dlPFC/data/batched_nmf/nmf_k90_seed2025_tol1e-05_L10.0.rds
[2025-11-20 11:31:04] --------------------------------------------
[2025-11-20 11:31:04] Starting run 50 / 750: k=100, seed=2025, tol=1e-05, L1=0.0
[2025-11-20 11:31:04] --------------------------------------------
[2025-11-20 11:31:05] Skipping run (already completed)
	completed 181.3 hours ago at 2025-11-13T03:11:45Z UTC
	location: /zata/zippy/kresgeb/nmf_stuff/dlPFC/data/batched_nmf/nmf_k100_seed2025_tol1e-05_L10.0.rds
[2025-11-20 11:31:05] --------------------------------------------
[2025-11-20 11:31:05] Starting run 51 / 750: k=10, seed=42, tol=1e-06, L1=0.0
[2025-11-20 11:31:05] --------------------------------------------
[2025-11-20 11:31:05] Skipping run (already completed)
	completed 181.3 hours ago at 2025-11-13T03:14:02Z UTC
	location: /zata/zippy/kresgeb/nmf_stuff/dlPFC/data/batched_nmf/nmf_k10_seed42_tol1e-06_L10.0.rds
[2025-11-20 11:31:05] --------------------------------------------
[2025-11-20 11:31:05] Starting run 52 / 750: k=20, seed=42, tol=1e-06, L1=0.0
[2025-11-20 11:31:05] --------------------------------------------
[2025-11-20 11:31:05] Skipping run (already completed)
	completed 181.2 hours ago at 2025-11-13T03:17:24Z UTC
	location: /zata/zippy/kresgeb/nmf_stuff/dlPFC/data/batched_nmf/nmf_k20_seed42_tol1e-06_L10.0.rds
[2025-11-20 11:31:05] --------------------------------------------
[2025-11-20 11:31:05] Starting run 53 / 750: k=30, seed=42, tol=1e-06, L1=0.0
[2025-11-20 11:31:05] --------------------------------------------
[2025-11-20 11:31:05] Skipping run (already completed)
	completed 181.1 hours ago at 2025-11-13T03:26:05Z UTC
	location: /zata/zippy/kresgeb/nmf_stuff/dlPFC/data/batched_nmf/nmf_k30_seed42_tol1e-06_L10.0.rds
[2025-11-20 11:31:05] --------------------------------------------
[2025-11-20 11:31:05] Starting run 54 / 750: k=40, seed=42, tol=1e-06, L1=0.0
[2025-11-20 11:31:05] --------------------------------------------
[2025-11-20 11:31:05] Skipping run (already completed)
	completed 180.9 hours ago at 2025-11-13T03:39:18Z UTC
	location: /zata/zippy/kresgeb/nmf_stuff/dlPFC/data/batched_nmf/nmf_k40_seed42_tol1e-06_L10.0.rds
[2025-11-20 11:31:05] --------------------------------------------
[2025-11-20 11:31:05] Starting run 55 / 750: k=50, seed=42, tol=1e-06, L1=0.0
[2025-11-20 11:31:05] --------------------------------------------
[2025-11-20 11:31:05] Skipping run (already completed)
	completed 180.7 hours ago at 2025-11-13T03:48:06Z UTC
	location: /zata/zippy/kresgeb/nmf_stuff/dlPFC/data/batched_nmf/nmf_k50_seed42_tol1e-06_L10.0.rds
[2025-11-20 11:31:05] --------------------------------------------
[2025-11-20 11:31:05] Starting run 56 / 750: k=60, seed=42, tol=1e-06, L1=0.0
[2025-11-20 11:31:05] --------------------------------------------
[2025-11-20 11:31:05] Skipping run (already completed)
	completed 180.5 hours ago at 2025-11-13T04:03:26Z UTC
	location: /zata/zippy/kresgeb/nmf_stuff/dlPFC/data/batched_nmf/nmf_k60_seed42_tol1e-06_L10.0.rds
[2025-11-20 11:31:05] --------------------------------------------
[2025-11-20 11:31:05] Starting run 57 / 750: k=70, seed=42, tol=1e-06, L1=0.0
[2025-11-20 11:31:05] --------------------------------------------
[2025-11-20 11:31:05] Skipping run (already completed)
	completed 180.0 hours ago at 2025-11-13T04:31:18Z UTC
	location: /zata/zippy/kresgeb/nmf_stuff/dlPFC/data/batched_nmf/nmf_k70_seed42_tol1e-06_L10.0.rds
[2025-11-20 11:31:05] --------------------------------------------
[2025-11-20 11:31:05] Starting run 58 / 750: k=80, seed=42, tol=1e-06, L1=0.0
[2025-11-20 11:31:05] --------------------------------------------
[2025-11-20 11:31:05] Skipping run (already completed)
	completed 179.2 hours ago at 2025-11-13T05:18:30Z UTC
	location: /zata/zippy/kresgeb/nmf_stuff/dlPFC/data/batched_nmf/nmf_k80_seed42_tol1e-06_L10.0.rds
[2025-11-20 11:31:05] --------------------------------------------
[2025-11-20 11:31:05] Starting run 59 / 750: k=90, seed=42, tol=1e-06, L1=0.0
[2025-11-20 11:31:05] --------------------------------------------
[2025-11-20 11:31:05] Skipping run (already completed)
	completed 178.2 hours ago at 2025-11-13T06:21:12Z UTC
	location: /zata/zippy/kresgeb/nmf_stuff/dlPFC/data/batched_nmf/nmf_k90_seed42_tol1e-06_L10.0.rds
[2025-11-20 11:31:05] --------------------------------------------
[2025-11-20 11:31:05] Starting run 60 / 750: k=100, seed=42, tol=1e-06, L1=0.0
[2025-11-20 11:31:05] --------------------------------------------
[2025-11-20 11:31:05] Skipping run (already completed)
	completed 177.5 hours ago at 2025-11-13T07:01:19Z UTC
	location: /zata/zippy/kresgeb/nmf_stuff/dlPFC/data/batched_nmf/nmf_k100_seed42_tol1e-06_L10.0.rds
[2025-11-20 11:31:05] --------------------------------------------
[2025-11-20 11:31:05] Starting run 61 / 750: k=10, seed=1029, tol=1e-06, L1=0.0
[2025-11-20 11:31:05] --------------------------------------------
[2025-11-20 11:31:05] Skipping run (already completed)
	completed 177.5 hours ago at 2025-11-13T07:03:24Z UTC
	location: /zata/zippy/kresgeb/nmf_stuff/dlPFC/data/batched_nmf/nmf_k10_seed1029_tol1e-06_L10.0.rds
[2025-11-20 11:31:05] --------------------------------------------
[2025-11-20 11:31:05] Starting run 62 / 750: k=20, seed=1029, tol=1e-06, L1=0.0
[2025-11-20 11:31:05] --------------------------------------------
[2025-11-20 11:31:05] Skipping run (already completed)
	completed 177.4 hours ago at 2025-11-13T07:06:37Z UTC
	location: /zata/zippy/kresgeb/nmf_stuff/dlPFC/data/batched_nmf/nmf_k20_seed1029_tol1e-06_L10.0.rds
[2025-11-20 11:31:05] --------------------------------------------
[2025-11-20 11:31:05] Starting run 63 / 750: k=30, seed=1029, tol=1e-06, L1=0.0
[2025-11-20 11:31:05] --------------------------------------------
[2025-11-20 11:31:05] Skipping run (already completed)
	completed 177.3 hours ago at 2025-11-13T07:13:09Z UTC
	location: /zata/zippy/kresgeb/nmf_stuff/dlPFC/data/batched_nmf/nmf_k30_seed1029_tol1e-06_L10.0.rds
[2025-11-20 11:31:05] --------------------------------------------
[2025-11-20 11:31:05] Starting run 64 / 750: k=40, seed=1029, tol=1e-06, L1=0.0
[2025-11-20 11:31:05] --------------------------------------------
[2025-11-20 11:31:05] Skipping run (already completed)
	completed 177.1 hours ago at 2025-11-13T07:22:33Z UTC
	location: /zata/zippy/kresgeb/nmf_stuff/dlPFC/data/batched_nmf/nmf_k40_seed1029_tol1e-06_L10.0.rds
[2025-11-20 11:31:05] --------------------------------------------
[2025-11-20 11:31:05] Starting run 65 / 750: k=50, seed=1029, tol=1e-06, L1=0.0
[2025-11-20 11:31:05] --------------------------------------------
[2025-11-20 11:31:05] Skipping run (already completed)
	completed 176.9 hours ago at 2025-11-13T07:35:12Z UTC
	location: /zata/zippy/kresgeb/nmf_stuff/dlPFC/data/batched_nmf/nmf_k50_seed1029_tol1e-06_L10.0.rds
[2025-11-20 11:31:05] --------------------------------------------
[2025-11-20 11:31:05] Starting run 66 / 750: k=60, seed=1029, tol=1e-06, L1=0.0
[2025-11-20 11:31:05] --------------------------------------------
[2025-11-20 11:31:05] Skipping run (already completed)
	completed 176.5 hours ago at 2025-11-13T08:02:50Z UTC
	location: /zata/zippy/kresgeb/nmf_stuff/dlPFC/data/batched_nmf/nmf_k60_seed1029_tol1e-06_L10.0.rds
[2025-11-20 11:31:05] --------------------------------------------
[2025-11-20 11:31:05] Starting run 67 / 750: k=70, seed=1029, tol=1e-06, L1=0.0
[2025-11-20 11:31:05] --------------------------------------------
[2025-11-20 11:31:05] Skipping run (already completed)
	completed 176.2 hours ago at 2025-11-13T08:19:02Z UTC
	location: /zata/zippy/kresgeb/nmf_stuff/dlPFC/data/batched_nmf/nmf_k70_seed1029_tol1e-06_L10.0.rds
[2025-11-20 11:31:05] --------------------------------------------
[2025-11-20 11:31:05] Starting run 68 / 750: k=80, seed=1029, tol=1e-06, L1=0.0
[2025-11-20 11:31:05] --------------------------------------------
[2025-11-20 11:31:05] Skipping run (already completed)
	completed 175.7 hours ago at 2025-11-13T08:46:51Z UTC
	location: /zata/zippy/kresgeb/nmf_stuff/dlPFC/data/batched_nmf/nmf_k80_seed1029_tol1e-06_L10.0.rds
[2025-11-20 11:31:05] --------------------------------------------
[2025-11-20 11:31:05] Starting run 69 / 750: k=90, seed=1029, tol=1e-06, L1=0.0
[2025-11-20 11:31:05] --------------------------------------------
[2025-11-20 11:31:05] Skipping run (already completed)
	completed 175.2 hours ago at 2025-11-13T09:19:34Z UTC
	location: /zata/zippy/kresgeb/nmf_stuff/dlPFC/data/batched_nmf/nmf_k90_seed1029_tol1e-06_L10.0.rds
[2025-11-20 11:31:05] --------------------------------------------
[2025-11-20 11:31:05] Starting run 70 / 750: k=100, seed=1029, tol=1e-06, L1=0.0
[2025-11-20 11:31:05] --------------------------------------------
[2025-11-20 11:31:05] Skipping run (already completed)
	completed 173.9 hours ago at 2025-11-13T10:38:10Z UTC
	location: /zata/zippy/kresgeb/nmf_stuff/dlPFC/data/batched_nmf/nmf_k100_seed1029_tol1e-06_L10.0.rds
[2025-11-20 11:31:05] --------------------------------------------
[2025-11-20 11:31:05] Starting run 71 / 750: k=10, seed=31415, tol=1e-06, L1=0.0
[2025-11-20 11:31:05] --------------------------------------------
[2025-11-20 11:31:05] Skipping run (already completed)
	completed 173.8 hours ago at 2025-11-13T10:40:24Z UTC
	location: /zata/zippy/kresgeb/nmf_stuff/dlPFC/data/batched_nmf/nmf_k10_seed31415_tol1e-06_L10.0.rds
[2025-11-20 11:31:05] --------------------------------------------
[2025-11-20 11:31:05] Starting run 72 / 750: k=20, seed=31415, tol=1e-06, L1=0.0
[2025-11-20 11:31:05] --------------------------------------------
[2025-11-20 11:31:05] Skipping run (already completed)
	completed 173.8 hours ago at 2025-11-13T10:44:49Z UTC
	location: /zata/zippy/kresgeb/nmf_stuff/dlPFC/data/batched_nmf/nmf_k20_seed31415_tol1e-06_L10.0.rds
[2025-11-20 11:31:05] --------------------------------------------
[2025-11-20 11:31:05] Starting run 73 / 750: k=30, seed=31415, tol=1e-06, L1=0.0
[2025-11-20 11:31:05] --------------------------------------------
[2025-11-20 11:31:05] Skipping run (already completed)
	completed 173.7 hours ago at 2025-11-13T10:50:31Z UTC
	location: /zata/zippy/kresgeb/nmf_stuff/dlPFC/data/batched_nmf/nmf_k30_seed31415_tol1e-06_L10.0.rds
[2025-11-20 11:31:05] --------------------------------------------
[2025-11-20 11:31:05] Starting run 74 / 750: k=40, seed=31415, tol=1e-06, L1=0.0
[2025-11-20 11:31:05] --------------------------------------------
[2025-11-20 11:31:06] Skipping run (already completed)
	completed 173.4 hours ago at 2025-11-13T11:05:25Z UTC
	location: /zata/zippy/kresgeb/nmf_stuff/dlPFC/data/batched_nmf/nmf_k40_seed31415_tol1e-06_L10.0.rds
[2025-11-20 11:31:06] --------------------------------------------
[2025-11-20 11:31:06] Starting run 75 / 750: k=50, seed=31415, tol=1e-06, L1=0.0
[2025-11-20 11:31:06] --------------------------------------------
[2025-11-20 11:31:06] Skipping run (already completed)
	completed 173.2 hours ago at 2025-11-13T11:21:26Z UTC
	location: /zata/zippy/kresgeb/nmf_stuff/dlPFC/data/batched_nmf/nmf_k50_seed31415_tol1e-06_L10.0.rds
[2025-11-20 11:31:06] --------------------------------------------
[2025-11-20 11:31:06] Starting run 76 / 750: k=60, seed=31415, tol=1e-06, L1=0.0
[2025-11-20 11:31:06] --------------------------------------------
[2025-11-20 11:31:06] Skipping run (already completed)
	completed 172.9 hours ago at 2025-11-13T11:34:33Z UTC
	location: /zata/zippy/kresgeb/nmf_stuff/dlPFC/data/batched_nmf/nmf_k60_seed31415_tol1e-06_L10.0.rds
[2025-11-20 11:31:06] --------------------------------------------
[2025-11-20 11:31:06] Starting run 77 / 750: k=70, seed=31415, tol=1e-06, L1=0.0
[2025-11-20 11:31:06] --------------------------------------------
[2025-11-20 11:31:06] Skipping run (already completed)
	completed 172.7 hours ago at 2025-11-13T11:49:42Z UTC
	location: /zata/zippy/kresgeb/nmf_stuff/dlPFC/data/batched_nmf/nmf_k70_seed31415_tol1e-06_L10.0.rds
[2025-11-20 11:31:06] --------------------------------------------
[2025-11-20 11:31:06] Starting run 78 / 750: k=80, seed=31415, tol=1e-06, L1=0.0
[2025-11-20 11:31:06] --------------------------------------------
[2025-11-20 11:31:06] Skipping run (already completed)
	completed 172.2 hours ago at 2025-11-13T12:16:13Z UTC
	location: /zata/zippy/kresgeb/nmf_stuff/dlPFC/data/batched_nmf/nmf_k80_seed31415_tol1e-06_L10.0.rds
[2025-11-20 11:31:06] --------------------------------------------
[2025-11-20 11:31:06] Starting run 79 / 750: k=90, seed=31415, tol=1e-06, L1=0.0
[2025-11-20 11:31:06] --------------------------------------------
[2025-11-20 11:31:06] Skipping run (already completed)
	completed 171.8 hours ago at 2025-11-13T12:43:16Z UTC
	location: /zata/zippy/kresgeb/nmf_stuff/dlPFC/data/batched_nmf/nmf_k90_seed31415_tol1e-06_L10.0.rds
[2025-11-20 11:31:06] --------------------------------------------
[2025-11-20 11:31:06] Starting run 80 / 750: k=100, seed=31415, tol=1e-06, L1=0.0
[2025-11-20 11:31:06] --------------------------------------------
[2025-11-20 11:31:06] Skipping run (already completed)
	completed 170.9 hours ago at 2025-11-13T13:34:13Z UTC
	location: /zata/zippy/kresgeb/nmf_stuff/dlPFC/data/batched_nmf/nmf_k100_seed31415_tol1e-06_L10.0.rds
[2025-11-20 11:31:06] --------------------------------------------
[2025-11-20 11:31:06] Starting run 81 / 750: k=10, seed=120301, tol=1e-06, L1=0.0
[2025-11-20 11:31:06] --------------------------------------------
[2025-11-20 11:31:06] Skipping run (already completed)
	completed 170.9 hours ago at 2025-11-13T13:37:16Z UTC
	location: /zata/zippy/kresgeb/nmf_stuff/dlPFC/data/batched_nmf/nmf_k10_seed120301_tol1e-06_L10.0.rds
[2025-11-20 11:31:06] --------------------------------------------
[2025-11-20 11:31:06] Starting run 82 / 750: k=20, seed=120301, tol=1e-06, L1=0.0
[2025-11-20 11:31:06] --------------------------------------------
[2025-11-20 11:31:06] Skipping run (already completed)
	completed 170.8 hours ago at 2025-11-13T13:42:43Z UTC
	location: /zata/zippy/kresgeb/nmf_stuff/dlPFC/data/batched_nmf/nmf_k20_seed120301_tol1e-06_L10.0.rds
[2025-11-20 11:31:06] --------------------------------------------
[2025-11-20 11:31:06] Starting run 83 / 750: k=30, seed=120301, tol=1e-06, L1=0.0
[2025-11-20 11:31:06] --------------------------------------------
[2025-11-20 11:31:06] Skipping run (already completed)
	completed 170.7 hours ago at 2025-11-13T13:51:48Z UTC
	location: /zata/zippy/kresgeb/nmf_stuff/dlPFC/data/batched_nmf/nmf_k30_seed120301_tol1e-06_L10.0.rds
[2025-11-20 11:31:06] --------------------------------------------
[2025-11-20 11:31:06] Starting run 84 / 750: k=40, seed=120301, tol=1e-06, L1=0.0
[2025-11-20 11:31:06] --------------------------------------------
[2025-11-20 11:31:06] Skipping run (already completed)
	completed 170.5 hours ago at 2025-11-13T13:59:37Z UTC
	location: /zata/zippy/kresgeb/nmf_stuff/dlPFC/data/batched_nmf/nmf_k40_seed120301_tol1e-06_L10.0.rds
[2025-11-20 11:31:06] --------------------------------------------
[2025-11-20 11:31:06] Starting run 85 / 750: k=50, seed=120301, tol=1e-06, L1=0.0
[2025-11-20 11:31:06] --------------------------------------------
[2025-11-20 11:31:06] Skipping run (already completed)
	completed 170.3 hours ago at 2025-11-13T14:11:41Z UTC
	location: /zata/zippy/kresgeb/nmf_stuff/dlPFC/data/batched_nmf/nmf_k50_seed120301_tol1e-06_L10.0.rds
[2025-11-20 11:31:06] --------------------------------------------
[2025-11-20 11:31:06] Starting run 86 / 750: k=60, seed=120301, tol=1e-06, L1=0.0
[2025-11-20 11:31:06] --------------------------------------------
[2025-11-20 11:31:06] Skipping run (already completed)
	completed 170.0 hours ago at 2025-11-13T14:30:18Z UTC
	location: /zata/zippy/kresgeb/nmf_stuff/dlPFC/data/batched_nmf/nmf_k60_seed120301_tol1e-06_L10.0.rds
[2025-11-20 11:31:06] --------------------------------------------
[2025-11-20 11:31:06] Starting run 87 / 750: k=70, seed=120301, tol=1e-06, L1=0.0
[2025-11-20 11:31:06] --------------------------------------------
[2025-11-20 11:31:06] Skipping run (already completed)
	completed 169.7 hours ago at 2025-11-13T14:51:30Z UTC
	location: /zata/zippy/kresgeb/nmf_stuff/dlPFC/data/batched_nmf/nmf_k70_seed120301_tol1e-06_L10.0.rds
[2025-11-20 11:31:06] --------------------------------------------
[2025-11-20 11:31:06] Starting run 88 / 750: k=80, seed=120301, tol=1e-06, L1=0.0
[2025-11-20 11:31:06] --------------------------------------------
[2025-11-20 11:31:06] Skipping run (already completed)
	completed 168.6 hours ago at 2025-11-13T15:57:53Z UTC
	location: /zata/zippy/kresgeb/nmf_stuff/dlPFC/data/batched_nmf/nmf_k80_seed120301_tol1e-06_L10.0.rds
[2025-11-20 11:31:06] --------------------------------------------
[2025-11-20 11:31:06] Starting run 89 / 750: k=90, seed=120301, tol=1e-06, L1=0.0
[2025-11-20 11:31:06] --------------------------------------------
[2025-11-20 11:31:06] Skipping run (already completed)
	completed 167.8 hours ago at 2025-11-13T16:41:14Z UTC
	location: /zata/zippy/kresgeb/nmf_stuff/dlPFC/data/batched_nmf/nmf_k90_seed120301_tol1e-06_L10.0.rds
[2025-11-20 11:31:06] --------------------------------------------
[2025-11-20 11:31:06] Starting run 90 / 750: k=100, seed=120301, tol=1e-06, L1=0.0
[2025-11-20 11:31:06] --------------------------------------------
[2025-11-20 11:31:06] Skipping run (already completed)
	completed 166.3 hours ago at 2025-11-13T18:14:53Z UTC
	location: /zata/zippy/kresgeb/nmf_stuff/dlPFC/data/batched_nmf/nmf_k100_seed120301_tol1e-06_L10.0.rds
[2025-11-20 11:31:06] --------------------------------------------
[2025-11-20 11:31:06] Starting run 91 / 750: k=10, seed=2025, tol=1e-06, L1=0.0
[2025-11-20 11:31:06] --------------------------------------------
[2025-11-20 11:31:06] Skipping run (already completed)
	completed 166.2 hours ago at 2025-11-13T18:16:59Z UTC
	location: /zata/zippy/kresgeb/nmf_stuff/dlPFC/data/batched_nmf/nmf_k10_seed2025_tol1e-06_L10.0.rds
[2025-11-20 11:31:06] --------------------------------------------
[2025-11-20 11:31:06] Starting run 92 / 750: k=20, seed=2025, tol=1e-06, L1=0.0
[2025-11-20 11:31:06] --------------------------------------------
[2025-11-20 11:31:06] Skipping run (already completed)
	completed 166.2 hours ago at 2025-11-13T18:21:57Z UTC
	location: /zata/zippy/kresgeb/nmf_stuff/dlPFC/data/batched_nmf/nmf_k20_seed2025_tol1e-06_L10.0.rds
[2025-11-20 11:31:06] --------------------------------------------
[2025-11-20 11:31:06] Starting run 93 / 750: k=30, seed=2025, tol=1e-06, L1=0.0
[2025-11-20 11:31:06] --------------------------------------------
[2025-11-20 11:31:06] Skipping run (already completed)
	completed 166.1 hours ago at 2025-11-13T18:27:23Z UTC
	location: /zata/zippy/kresgeb/nmf_stuff/dlPFC/data/batched_nmf/nmf_k30_seed2025_tol1e-06_L10.0.rds
[2025-11-20 11:31:06] --------------------------------------------
[2025-11-20 11:31:06] Starting run 94 / 750: k=40, seed=2025, tol=1e-06, L1=0.0
[2025-11-20 11:31:06] --------------------------------------------
[2025-11-20 11:31:06] Skipping run (already completed)
	completed 165.9 hours ago at 2025-11-13T18:36:57Z UTC
	location: /zata/zippy/kresgeb/nmf_stuff/dlPFC/data/batched_nmf/nmf_k40_seed2025_tol1e-06_L10.0.rds
[2025-11-20 11:31:06] --------------------------------------------
[2025-11-20 11:31:06] Starting run 95 / 750: k=50, seed=2025, tol=1e-06, L1=0.0
[2025-11-20 11:31:06] --------------------------------------------
[2025-11-20 11:31:06] Skipping run (already completed)
	completed 165.7 hours ago at 2025-11-13T18:50:17Z UTC
	location: /zata/zippy/kresgeb/nmf_stuff/dlPFC/data/batched_nmf/nmf_k50_seed2025_tol1e-06_L10.0.rds
[2025-11-20 11:31:06] --------------------------------------------
[2025-11-20 11:31:06] Starting run 96 / 750: k=60, seed=2025, tol=1e-06, L1=0.0
[2025-11-20 11:31:06] --------------------------------------------
[2025-11-20 11:31:06] Skipping run (already completed)
	completed 165.4 hours ago at 2025-11-13T19:04:18Z UTC
	location: /zata/zippy/kresgeb/nmf_stuff/dlPFC/data/batched_nmf/nmf_k60_seed2025_tol1e-06_L10.0.rds
[2025-11-20 11:31:06] --------------------------------------------
[2025-11-20 11:31:06] Starting run 97 / 750: k=70, seed=2025, tol=1e-06, L1=0.0
[2025-11-20 11:31:06] --------------------------------------------
[2025-11-20 11:31:06] Skipping run (already completed)
	completed 165.1 hours ago at 2025-11-13T19:23:35Z UTC
	location: /zata/zippy/kresgeb/nmf_stuff/dlPFC/data/batched_nmf/nmf_k70_seed2025_tol1e-06_L10.0.rds
[2025-11-20 11:31:06] --------------------------------------------
[2025-11-20 11:31:06] Starting run 98 / 750: k=80, seed=2025, tol=1e-06, L1=0.0
[2025-11-20 11:31:06] --------------------------------------------
[2025-11-20 11:31:06] Skipping run (already completed)
	completed 164.5 hours ago at 2025-11-13T20:03:42Z UTC
	location: /zata/zippy/kresgeb/nmf_stuff/dlPFC/data/batched_nmf/nmf_k80_seed2025_tol1e-06_L10.0.rds
[2025-11-20 11:31:06] --------------------------------------------
[2025-11-20 11:31:06] Starting run 99 / 750: k=90, seed=2025, tol=1e-06, L1=0.0
[2025-11-20 11:31:06] --------------------------------------------
[2025-11-20 11:31:07] Skipping run (already completed)
	completed 163.8 hours ago at 2025-11-13T20:42:52Z UTC
	location: /zata/zippy/kresgeb/nmf_stuff/dlPFC/data/batched_nmf/nmf_k90_seed2025_tol1e-06_L10.0.rds
[2025-11-20 11:31:07] --------------------------------------------
[2025-11-20 11:31:07] Starting run 100 / 750: k=100, seed=2025, tol=1e-06, L1=0.0
[2025-11-20 11:31:07] --------------------------------------------
[2025-11-20 11:31:07] Skipping run (already completed)
	completed 163.1 hours ago at 2025-11-13T21:26:48Z UTC
	location: /zata/zippy/kresgeb/nmf_stuff/dlPFC/data/batched_nmf/nmf_k100_seed2025_tol1e-06_L10.0.rds
[2025-11-20 11:31:07] --------------------------------------------
[2025-11-20 11:31:07] Starting run 101 / 750: k=10, seed=42, tol=1e-07, L1=0.0
[2025-11-20 11:31:07] --------------------------------------------
[2025-11-20 11:31:07] Skipping run (already completed)
	completed 163.0 hours ago at 2025-11-13T21:29:58Z UTC
	location: /zata/zippy/kresgeb/nmf_stuff/dlPFC/data/batched_nmf/nmf_k10_seed42_tol1e-07_L10.0.rds
[2025-11-20 11:31:07] --------------------------------------------
[2025-11-20 11:31:07] Starting run 102 / 750: k=20, seed=42, tol=1e-07, L1=0.0
[2025-11-20 11:31:07] --------------------------------------------
[2025-11-20 11:31:07] Skipping run (already completed)
	completed 162.9 hours ago at 2025-11-13T21:34:18Z UTC
	location: /zata/zippy/kresgeb/nmf_stuff/dlPFC/data/batched_nmf/nmf_k20_seed42_tol1e-07_L10.0.rds
[2025-11-20 11:31:07] --------------------------------------------
[2025-11-20 11:31:07] Starting run 103 / 750: k=30, seed=42, tol=1e-07, L1=0.0
[2025-11-20 11:31:07] --------------------------------------------
[2025-11-20 11:31:07] Skipping run (already completed)
	completed 162.8 hours ago at 2025-11-13T21:43:43Z UTC
	location: /zata/zippy/kresgeb/nmf_stuff/dlPFC/data/batched_nmf/nmf_k30_seed42_tol1e-07_L10.0.rds
[2025-11-20 11:31:07] --------------------------------------------
[2025-11-20 11:31:07] Starting run 104 / 750: k=40, seed=42, tol=1e-07, L1=0.0
[2025-11-20 11:31:07] --------------------------------------------
[2025-11-20 11:31:07] Skipping run (already completed)
	completed 162.5 hours ago at 2025-11-13T22:00:02Z UTC
	location: /zata/zippy/kresgeb/nmf_stuff/dlPFC/data/batched_nmf/nmf_k40_seed42_tol1e-07_L10.0.rds
[2025-11-20 11:31:07] --------------------------------------------
[2025-11-20 11:31:07] Starting run 105 / 750: k=50, seed=42, tol=1e-07, L1=0.0
[2025-11-20 11:31:07] --------------------------------------------
[2025-11-20 11:31:07] Skipping run (already completed)
	completed 162.3 hours ago at 2025-11-13T22:15:28Z UTC
	location: /zata/zippy/kresgeb/nmf_stuff/dlPFC/data/batched_nmf/nmf_k50_seed42_tol1e-07_L10.0.rds
[2025-11-20 11:31:07] --------------------------------------------
[2025-11-20 11:31:07] Starting run 106 / 750: k=60, seed=42, tol=1e-07, L1=0.0
[2025-11-20 11:31:07] --------------------------------------------
[2025-11-20 11:31:07] Skipping run (already completed)
	completed 161.9 hours ago at 2025-11-13T22:37:39Z UTC
	location: /zata/zippy/kresgeb/nmf_stuff/dlPFC/data/batched_nmf/nmf_k60_seed42_tol1e-07_L10.0.rds
[2025-11-20 11:31:07] --------------------------------------------
[2025-11-20 11:31:07] Starting run 107 / 750: k=70, seed=42, tol=1e-07, L1=0.0
[2025-11-20 11:31:07] --------------------------------------------
[2025-11-20 11:31:07] Skipping run (already completed)
	completed 160.8 hours ago at 2025-11-13T23:40:40Z UTC
	location: /zata/zippy/kresgeb/nmf_stuff/dlPFC/data/batched_nmf/nmf_k70_seed42_tol1e-07_L10.0.rds
[2025-11-20 11:31:07] --------------------------------------------
[2025-11-20 11:31:07] Starting run 108 / 750: k=80, seed=42, tol=1e-07, L1=0.0
[2025-11-20 11:31:07] --------------------------------------------
[2025-11-20 11:31:07] Skipping run (already completed)
	completed 159.8 hours ago at 2025-11-14T00:45:24Z UTC
	location: /zata/zippy/kresgeb/nmf_stuff/dlPFC/data/batched_nmf/nmf_k80_seed42_tol1e-07_L10.0.rds
[2025-11-20 11:31:07] --------------------------------------------
[2025-11-20 11:31:07] Starting run 109 / 750: k=90, seed=42, tol=1e-07, L1=0.0
[2025-11-20 11:31:07] --------------------------------------------
[2025-11-20 11:31:07] Skipping run (already completed)
	completed 158.6 hours ago at 2025-11-14T01:54:02Z UTC
	location: /zata/zippy/kresgeb/nmf_stuff/dlPFC/data/batched_nmf/nmf_k90_seed42_tol1e-07_L10.0.rds
[2025-11-20 11:31:07] --------------------------------------------
[2025-11-20 11:31:07] Starting run 110 / 750: k=100, seed=42, tol=1e-07, L1=0.0
[2025-11-20 11:31:07] --------------------------------------------
[2025-11-20 11:31:07] Skipping run (already completed)
	completed 155.9 hours ago at 2025-11-14T04:37:21Z UTC
	location: /zata/zippy/kresgeb/nmf_stuff/dlPFC/data/batched_nmf/nmf_k100_seed42_tol1e-07_L10.0.rds
[2025-11-20 11:31:07] --------------------------------------------
[2025-11-20 11:31:07] Starting run 111 / 750: k=10, seed=1029, tol=1e-07, L1=0.0
[2025-11-20 11:31:07] --------------------------------------------
[2025-11-20 11:31:07] Skipping run (already completed)
	completed 155.9 hours ago at 2025-11-14T04:39:58Z UTC
	location: /zata/zippy/kresgeb/nmf_stuff/dlPFC/data/batched_nmf/nmf_k10_seed1029_tol1e-07_L10.0.rds
[2025-11-20 11:31:07] --------------------------------------------
[2025-11-20 11:31:07] Starting run 112 / 750: k=20, seed=1029, tol=1e-07, L1=0.0
[2025-11-20 11:31:07] --------------------------------------------
[2025-11-20 11:31:07] Skipping run (already completed)
	completed 155.7 hours ago at 2025-11-14T04:46:51Z UTC
	location: /zata/zippy/kresgeb/nmf_stuff/dlPFC/data/batched_nmf/nmf_k20_seed1029_tol1e-07_L10.0.rds
[2025-11-20 11:31:07] --------------------------------------------
[2025-11-20 11:31:07] Starting run 113 / 750: k=30, seed=1029, tol=1e-07, L1=0.0
[2025-11-20 11:31:07] --------------------------------------------
[2025-11-20 11:31:07] Skipping run (already completed)
	completed 155.6 hours ago at 2025-11-14T04:54:27Z UTC
	location: /zata/zippy/kresgeb/nmf_stuff/dlPFC/data/batched_nmf/nmf_k30_seed1029_tol1e-07_L10.0.rds
[2025-11-20 11:31:07] --------------------------------------------
[2025-11-20 11:31:07] Starting run 114 / 750: k=40, seed=1029, tol=1e-07, L1=0.0
[2025-11-20 11:31:07] --------------------------------------------
[2025-11-20 11:31:07] Skipping run (already completed)
	completed 155.4 hours ago at 2025-11-14T05:06:26Z UTC
	location: /zata/zippy/kresgeb/nmf_stuff/dlPFC/data/batched_nmf/nmf_k40_seed1029_tol1e-07_L10.0.rds
[2025-11-20 11:31:07] --------------------------------------------
[2025-11-20 11:31:07] Starting run 115 / 750: k=50, seed=1029, tol=1e-07, L1=0.0
[2025-11-20 11:31:07] --------------------------------------------
[2025-11-20 11:31:07] Skipping run (already completed)
	completed 155.1 hours ago at 2025-11-14T05:23:53Z UTC
	location: /zata/zippy/kresgeb/nmf_stuff/dlPFC/data/batched_nmf/nmf_k50_seed1029_tol1e-07_L10.0.rds
[2025-11-20 11:31:07] --------------------------------------------
[2025-11-20 11:31:07] Starting run 116 / 750: k=60, seed=1029, tol=1e-07, L1=0.0
[2025-11-20 11:31:07] --------------------------------------------
[2025-11-20 11:31:07] Skipping run (already completed)
	completed 154.6 hours ago at 2025-11-14T05:56:23Z UTC
	location: /zata/zippy/kresgeb/nmf_stuff/dlPFC/data/batched_nmf/nmf_k60_seed1029_tol1e-07_L10.0.rds
[2025-11-20 11:31:07] --------------------------------------------
[2025-11-20 11:31:07] Starting run 117 / 750: k=70, seed=1029, tol=1e-07, L1=0.0
[2025-11-20 11:31:07] --------------------------------------------
[2025-11-20 11:31:07] Skipping run (already completed)
	completed 153.9 hours ago at 2025-11-14T06:36:27Z UTC
	location: /zata/zippy/kresgeb/nmf_stuff/dlPFC/data/batched_nmf/nmf_k70_seed1029_tol1e-07_L10.0.rds
[2025-11-20 11:31:07] --------------------------------------------
[2025-11-20 11:31:07] Starting run 118 / 750: k=80, seed=1029, tol=1e-07, L1=0.0
[2025-11-20 11:31:07] --------------------------------------------
[2025-11-20 11:31:07] Skipping run (already completed)
	completed 152.6 hours ago at 2025-11-14T07:55:22Z UTC
	location: /zata/zippy/kresgeb/nmf_stuff/dlPFC/data/batched_nmf/nmf_k80_seed1029_tol1e-07_L10.0.rds
[2025-11-20 11:31:07] --------------------------------------------
[2025-11-20 11:31:07] Starting run 119 / 750: k=90, seed=1029, tol=1e-07, L1=0.0
[2025-11-20 11:31:07] --------------------------------------------
[2025-11-20 11:31:07] Skipping run (already completed)
	completed 151.7 hours ago at 2025-11-14T08:49:13Z UTC
	location: /zata/zippy/kresgeb/nmf_stuff/dlPFC/data/batched_nmf/nmf_k90_seed1029_tol1e-07_L10.0.rds
[2025-11-20 11:31:07] --------------------------------------------
[2025-11-20 11:31:07] Starting run 120 / 750: k=100, seed=1029, tol=1e-07, L1=0.0
[2025-11-20 11:31:07] --------------------------------------------
[2025-11-20 11:31:07] Skipping run (already completed)
	completed 149.2 hours ago at 2025-11-14T11:20:27Z UTC
	location: /zata/zippy/kresgeb/nmf_stuff/dlPFC/data/batched_nmf/nmf_k100_seed1029_tol1e-07_L10.0.rds
[2025-11-20 11:31:07] --------------------------------------------
[2025-11-20 11:31:07] Starting run 121 / 750: k=10, seed=31415, tol=1e-07, L1=0.0
[2025-11-20 11:31:07] --------------------------------------------
[2025-11-20 11:31:07] Skipping run (already completed)
	completed 149.1 hours ago at 2025-11-14T11:23:06Z UTC
	location: /zata/zippy/kresgeb/nmf_stuff/dlPFC/data/batched_nmf/nmf_k10_seed31415_tol1e-07_L10.0.rds
[2025-11-20 11:31:07] --------------------------------------------
[2025-11-20 11:31:07] Starting run 122 / 750: k=20, seed=31415, tol=1e-07, L1=0.0
[2025-11-20 11:31:07] --------------------------------------------
[2025-11-20 11:31:07] Skipping run (already completed)
	completed 149.1 hours ago at 2025-11-14T11:27:42Z UTC
	location: /zata/zippy/kresgeb/nmf_stuff/dlPFC/data/batched_nmf/nmf_k20_seed31415_tol1e-07_L10.0.rds
[2025-11-20 11:31:07] --------------------------------------------
[2025-11-20 11:31:07] Starting run 123 / 750: k=30, seed=31415, tol=1e-07, L1=0.0
[2025-11-20 11:31:07] --------------------------------------------
[2025-11-20 11:31:08] Skipping run (already completed)
	completed 148.9 hours ago at 2025-11-14T11:34:33Z UTC
	location: /zata/zippy/kresgeb/nmf_stuff/dlPFC/data/batched_nmf/nmf_k30_seed31415_tol1e-07_L10.0.rds
[2025-11-20 11:31:08] --------------------------------------------
[2025-11-20 11:31:08] Starting run 124 / 750: k=40, seed=31415, tol=1e-07, L1=0.0
[2025-11-20 11:31:08] --------------------------------------------
[2025-11-20 11:31:08] Skipping run (already completed)
	completed 148.6 hours ago at 2025-11-14T11:53:07Z UTC
	location: /zata/zippy/kresgeb/nmf_stuff/dlPFC/data/batched_nmf/nmf_k40_seed31415_tol1e-07_L10.0.rds
[2025-11-20 11:31:08] --------------------------------------------
[2025-11-20 11:31:08] Starting run 125 / 750: k=50, seed=31415, tol=1e-07, L1=0.0
[2025-11-20 11:31:08] --------------------------------------------
[2025-11-20 11:31:08] Skipping run (already completed)
	completed 148.3 hours ago at 2025-11-14T12:11:30Z UTC
	location: /zata/zippy/kresgeb/nmf_stuff/dlPFC/data/batched_nmf/nmf_k50_seed31415_tol1e-07_L10.0.rds
[2025-11-20 11:31:08] --------------------------------------------
[2025-11-20 11:31:08] Starting run 126 / 750: k=60, seed=31415, tol=1e-07, L1=0.0
[2025-11-20 11:31:08] --------------------------------------------
[2025-11-20 11:31:08] Skipping run (already completed)
	completed 147.8 hours ago at 2025-11-14T12:41:54Z UTC
	location: /zata/zippy/kresgeb/nmf_stuff/dlPFC/data/batched_nmf/nmf_k60_seed31415_tol1e-07_L10.0.rds
[2025-11-20 11:31:08] --------------------------------------------
[2025-11-20 11:31:08] Starting run 127 / 750: k=70, seed=31415, tol=1e-07, L1=0.0
[2025-11-20 11:31:08] --------------------------------------------
[2025-11-20 11:31:08] Skipping run (already completed)
	completed 146.8 hours ago at 2025-11-14T13:42:07Z UTC
	location: /zata/zippy/kresgeb/nmf_stuff/dlPFC/data/batched_nmf/nmf_k70_seed31415_tol1e-07_L10.0.rds
[2025-11-20 11:31:08] --------------------------------------------
[2025-11-20 11:31:08] Starting run 128 / 750: k=80, seed=31415, tol=1e-07, L1=0.0
[2025-11-20 11:31:08] --------------------------------------------
[2025-11-20 11:31:08] Skipping run (already completed)
	completed 146.0 hours ago at 2025-11-14T14:31:53Z UTC
	location: /zata/zippy/kresgeb/nmf_stuff/dlPFC/data/batched_nmf/nmf_k80_seed31415_tol1e-07_L10.0.rds
[2025-11-20 11:31:08] --------------------------------------------
[2025-11-20 11:31:08] Starting run 129 / 750: k=90, seed=31415, tol=1e-07, L1=0.0
[2025-11-20 11:31:08] --------------------------------------------
[2025-11-20 11:31:08] Skipping run (already completed)
	completed 144.9 hours ago at 2025-11-14T15:37:52Z UTC
	location: /zata/zippy/kresgeb/nmf_stuff/dlPFC/data/batched_nmf/nmf_k90_seed31415_tol1e-07_L10.0.rds
[2025-11-20 11:31:08] --------------------------------------------
[2025-11-20 11:31:08] Starting run 130 / 750: k=100, seed=31415, tol=1e-07, L1=0.0
[2025-11-20 11:31:08] --------------------------------------------
[2025-11-20 11:31:08] Skipping run (already completed)
	completed 143.9 hours ago at 2025-11-14T16:35:53Z UTC
	location: /zata/zippy/kresgeb/nmf_stuff/dlPFC/data/batched_nmf/nmf_k100_seed31415_tol1e-07_L10.0.rds
[2025-11-20 11:31:08] --------------------------------------------
[2025-11-20 11:31:08] Starting run 131 / 750: k=10, seed=120301, tol=1e-07, L1=0.0
[2025-11-20 11:31:08] --------------------------------------------
[2025-11-20 11:31:08] Skipping run (already completed)
	completed 143.9 hours ago at 2025-11-14T16:38:50Z UTC
	location: /zata/zippy/kresgeb/nmf_stuff/dlPFC/data/batched_nmf/nmf_k10_seed120301_tol1e-07_L10.0.rds
[2025-11-20 11:31:08] --------------------------------------------
[2025-11-20 11:31:08] Starting run 132 / 750: k=20, seed=120301, tol=1e-07, L1=0.0
[2025-11-20 11:31:08] --------------------------------------------
[2025-11-20 11:31:08] Skipping run (already completed)
	completed 143.8 hours ago at 2025-11-14T16:44:52Z UTC
	location: /zata/zippy/kresgeb/nmf_stuff/dlPFC/data/batched_nmf/nmf_k20_seed120301_tol1e-07_L10.0.rds
[2025-11-20 11:31:08] --------------------------------------------
[2025-11-20 11:31:08] Starting run 133 / 750: k=30, seed=120301, tol=1e-07, L1=0.0
[2025-11-20 11:31:08] --------------------------------------------
[2025-11-20 11:31:08] Skipping run (already completed)
	completed 143.6 hours ago at 2025-11-14T16:56:01Z UTC
	location: /zata/zippy/kresgeb/nmf_stuff/dlPFC/data/batched_nmf/nmf_k30_seed120301_tol1e-07_L10.0.rds
[2025-11-20 11:31:08] --------------------------------------------
[2025-11-20 11:31:08] Starting run 134 / 750: k=40, seed=120301, tol=1e-07, L1=0.0
[2025-11-20 11:31:08] --------------------------------------------
[2025-11-20 11:31:08] Skipping run (already completed)
	completed 143.4 hours ago at 2025-11-14T17:05:44Z UTC
	location: /zata/zippy/kresgeb/nmf_stuff/dlPFC/data/batched_nmf/nmf_k40_seed120301_tol1e-07_L10.0.rds
[2025-11-20 11:31:08] --------------------------------------------
[2025-11-20 11:31:08] Starting run 135 / 750: k=50, seed=120301, tol=1e-07, L1=0.0
[2025-11-20 11:31:08] --------------------------------------------
[2025-11-20 11:31:08] Skipping run (already completed)
	completed 143.2 hours ago at 2025-11-14T17:20:07Z UTC
	location: /zata/zippy/kresgeb/nmf_stuff/dlPFC/data/batched_nmf/nmf_k50_seed120301_tol1e-07_L10.0.rds
[2025-11-20 11:31:08] --------------------------------------------
[2025-11-20 11:31:08] Starting run 136 / 750: k=60, seed=120301, tol=1e-07, L1=0.0
[2025-11-20 11:31:08] --------------------------------------------
[2025-11-20 11:31:08] Skipping run (already completed)
	completed 142.8 hours ago at 2025-11-14T17:41:38Z UTC
	location: /zata/zippy/kresgeb/nmf_stuff/dlPFC/data/batched_nmf/nmf_k60_seed120301_tol1e-07_L10.0.rds
[2025-11-20 11:31:08] --------------------------------------------
[2025-11-20 11:31:08] Starting run 137 / 750: k=70, seed=120301, tol=1e-07, L1=0.0
[2025-11-20 11:31:08] --------------------------------------------
[2025-11-20 11:31:08] Skipping run (already completed)
	completed 142.3 hours ago at 2025-11-14T18:11:45Z UTC
	location: /zata/zippy/kresgeb/nmf_stuff/dlPFC/data/batched_nmf/nmf_k70_seed120301_tol1e-07_L10.0.rds
[2025-11-20 11:31:08] --------------------------------------------
[2025-11-20 11:31:08] Starting run 138 / 750: k=80, seed=120301, tol=1e-07, L1=0.0
[2025-11-20 11:31:08] --------------------------------------------
[2025-11-20 11:31:08] Skipping run (already completed)
	completed 140.7 hours ago at 2025-11-14T19:48:08Z UTC
	location: /zata/zippy/kresgeb/nmf_stuff/dlPFC/data/batched_nmf/nmf_k80_seed120301_tol1e-07_L10.0.rds
[2025-11-20 11:31:08] --------------------------------------------
[2025-11-20 11:31:08] Starting run 139 / 750: k=90, seed=120301, tol=1e-07, L1=0.0
[2025-11-20 11:31:08] --------------------------------------------
[2025-11-20 11:31:08] Skipping run (already completed)
	completed 138.9 hours ago at 2025-11-14T21:37:10Z UTC
	location: /zata/zippy/kresgeb/nmf_stuff/dlPFC/data/batched_nmf/nmf_k90_seed120301_tol1e-07_L10.0.rds
[2025-11-20 11:31:08] --------------------------------------------
[2025-11-20 11:31:08] Starting run 140 / 750: k=100, seed=120301, tol=1e-07, L1=0.0
[2025-11-20 11:31:08] --------------------------------------------
[2025-11-20 11:31:08] Skipping run (already completed)
	completed 136.4 hours ago at 2025-11-15T00:04:51Z UTC
	location: /zata/zippy/kresgeb/nmf_stuff/dlPFC/data/batched_nmf/nmf_k100_seed120301_tol1e-07_L10.0.rds
[2025-11-20 11:31:08] --------------------------------------------
[2025-11-20 11:31:08] Starting run 141 / 750: k=10, seed=2025, tol=1e-07, L1=0.0
[2025-11-20 11:31:08] --------------------------------------------
[2025-11-20 11:31:08] Skipping run (already completed)
	completed 136.4 hours ago at 2025-11-15T00:07:23Z UTC
	location: /zata/zippy/kresgeb/nmf_stuff/dlPFC/data/batched_nmf/nmf_k10_seed2025_tol1e-07_L10.0.rds
[2025-11-20 11:31:08] --------------------------------------------
[2025-11-20 11:31:08] Starting run 142 / 750: k=20, seed=2025, tol=1e-07, L1=0.0
[2025-11-20 11:31:08] --------------------------------------------
[2025-11-20 11:31:08] Skipping run (already completed)
	completed 136.3 hours ago at 2025-11-15T00:14:09Z UTC
	location: /zata/zippy/kresgeb/nmf_stuff/dlPFC/data/batched_nmf/nmf_k20_seed2025_tol1e-07_L10.0.rds
[2025-11-20 11:31:08] --------------------------------------------
[2025-11-20 11:31:08] Starting run 143 / 750: k=30, seed=2025, tol=1e-07, L1=0.0
[2025-11-20 11:31:08] --------------------------------------------
[2025-11-20 11:31:08] Skipping run (already completed)
	completed 136.2 hours ago at 2025-11-15T00:21:42Z UTC
	location: /zata/zippy/kresgeb/nmf_stuff/dlPFC/data/batched_nmf/nmf_k30_seed2025_tol1e-07_L10.0.rds
[2025-11-20 11:31:08] --------------------------------------------
[2025-11-20 11:31:08] Starting run 144 / 750: k=40, seed=2025, tol=1e-07, L1=0.0
[2025-11-20 11:31:08] --------------------------------------------
[2025-11-20 11:31:08] Skipping run (already completed)
	completed 135.9 hours ago at 2025-11-15T00:34:11Z UTC
	location: /zata/zippy/kresgeb/nmf_stuff/dlPFC/data/batched_nmf/nmf_k40_seed2025_tol1e-07_L10.0.rds
[2025-11-20 11:31:08] --------------------------------------------
[2025-11-20 11:31:08] Starting run 145 / 750: k=50, seed=2025, tol=1e-07, L1=0.0
[2025-11-20 11:31:08] --------------------------------------------
[2025-11-20 11:31:08] Skipping run (already completed)
	completed 135.6 hours ago at 2025-11-15T00:53:50Z UTC
	location: /zata/zippy/kresgeb/nmf_stuff/dlPFC/data/batched_nmf/nmf_k50_seed2025_tol1e-07_L10.0.rds
[2025-11-20 11:31:08] --------------------------------------------
[2025-11-20 11:31:08] Starting run 146 / 750: k=60, seed=2025, tol=1e-07, L1=0.0
[2025-11-20 11:31:08] --------------------------------------------
[2025-11-20 11:31:08] Skipping run (already completed)
	completed 135.1 hours ago at 2025-11-15T01:24:10Z UTC
	location: /zata/zippy/kresgeb/nmf_stuff/dlPFC/data/batched_nmf/nmf_k60_seed2025_tol1e-07_L10.0.rds
[2025-11-20 11:31:08] --------------------------------------------
[2025-11-20 11:31:08] Starting run 147 / 750: k=70, seed=2025, tol=1e-07, L1=0.0
[2025-11-20 11:31:08] --------------------------------------------
[2025-11-20 11:31:09] Skipping run (already completed)
	completed 134.5 hours ago at 2025-11-15T02:03:34Z UTC
	location: /zata/zippy/kresgeb/nmf_stuff/dlPFC/data/batched_nmf/nmf_k70_seed2025_tol1e-07_L10.0.rds
[2025-11-20 11:31:09] --------------------------------------------
[2025-11-20 11:31:09] Starting run 148 / 750: k=80, seed=2025, tol=1e-07, L1=0.0
[2025-11-20 11:31:09] --------------------------------------------
[2025-11-20 11:31:09] Skipping run (already completed)
	completed 133.6 hours ago at 2025-11-15T02:55:54Z UTC
	location: /zata/zippy/kresgeb/nmf_stuff/dlPFC/data/batched_nmf/nmf_k80_seed2025_tol1e-07_L10.0.rds
[2025-11-20 11:31:09] --------------------------------------------
[2025-11-20 11:31:09] Starting run 149 / 750: k=90, seed=2025, tol=1e-07, L1=0.0
[2025-11-20 11:31:09] --------------------------------------------
[2025-11-20 11:31:09] Skipping run (already completed)
	completed 132.1 hours ago at 2025-11-15T04:26:21Z UTC
	location: /zata/zippy/kresgeb/nmf_stuff/dlPFC/data/batched_nmf/nmf_k90_seed2025_tol1e-07_L10.0.rds
[2025-11-20 11:31:09] --------------------------------------------
[2025-11-20 11:31:09] Starting run 150 / 750: k=100, seed=2025, tol=1e-07, L1=0.0
[2025-11-20 11:31:09] --------------------------------------------
[2025-11-20 11:31:09] Skipping run (already completed)
	completed 130.7 hours ago at 2025-11-15T05:51:00Z UTC
	location: /zata/zippy/kresgeb/nmf_stuff/dlPFC/data/batched_nmf/nmf_k100_seed2025_tol1e-07_L10.0.rds
[2025-11-20 11:31:09] --------------------------------------------
[2025-11-20 11:31:09] Starting run 151 / 750: k=10, seed=42, tol=1e-05, L1=0.1
[2025-11-20 11:31:09] --------------------------------------------
[2025-11-20 11:31:09] Skipping run (already completed)
	completed 308.4 hours ago at 2025-11-07T20:06:34Z UTC
	location: /zata/zippy/kresgeb/nmf_stuff/dlPFC/data/batched_nmf/nmf_k10_seed42_tol1e-05_L10.1.rds
[2025-11-20 11:31:09] --------------------------------------------
[2025-11-20 11:31:09] Starting run 152 / 750: k=20, seed=42, tol=1e-05, L1=0.1
[2025-11-20 11:31:09] --------------------------------------------
[2025-11-20 11:31:09] Skipping run (already completed)
	completed 308.4 hours ago at 2025-11-07T20:09:42Z UTC
	location: /zata/zippy/kresgeb/nmf_stuff/dlPFC/data/batched_nmf/nmf_k20_seed42_tol1e-05_L10.1.rds
[2025-11-20 11:31:09] --------------------------------------------
[2025-11-20 11:31:09] Starting run 153 / 750: k=30, seed=42, tol=1e-05, L1=0.1
[2025-11-20 11:31:09] --------------------------------------------
[2025-11-20 11:31:09] Skipping run (already completed)
	completed 308.3 hours ago at 2025-11-07T20:15:59Z UTC
	location: /zata/zippy/kresgeb/nmf_stuff/dlPFC/data/batched_nmf/nmf_k30_seed42_tol1e-05_L10.1.rds
[2025-11-20 11:31:09] --------------------------------------------
[2025-11-20 11:31:09] Starting run 154 / 750: k=40, seed=42, tol=1e-05, L1=0.1
[2025-11-20 11:31:09] --------------------------------------------
[2025-11-20 11:31:09] Skipping run (already completed)
	completed 308.2 hours ago at 2025-11-07T20:21:24Z UTC
	location: /zata/zippy/kresgeb/nmf_stuff/dlPFC/data/batched_nmf/nmf_k40_seed42_tol1e-05_L10.1.rds
[2025-11-20 11:31:09] --------------------------------------------
[2025-11-20 11:31:09] Starting run 155 / 750: k=50, seed=42, tol=1e-05, L1=0.1
[2025-11-20 11:31:09] --------------------------------------------
[2025-11-20 11:31:09] Skipping run (already completed)
	completed 308.0 hours ago at 2025-11-07T20:28:44Z UTC
	location: /zata/zippy/kresgeb/nmf_stuff/dlPFC/data/batched_nmf/nmf_k50_seed42_tol1e-05_L10.1.rds
[2025-11-20 11:31:09] --------------------------------------------
[2025-11-20 11:31:09] Starting run 156 / 750: k=60, seed=42, tol=1e-05, L1=0.1
[2025-11-20 11:31:09] --------------------------------------------
[2025-11-20 11:31:09] Skipping run (already completed)
	completed 307.9 hours ago at 2025-11-07T20:36:07Z UTC
	location: /zata/zippy/kresgeb/nmf_stuff/dlPFC/data/batched_nmf/nmf_k60_seed42_tol1e-05_L10.1.rds
[2025-11-20 11:31:09] --------------------------------------------
[2025-11-20 11:31:09] Starting run 157 / 750: k=70, seed=42, tol=1e-05, L1=0.1
[2025-11-20 11:31:09] --------------------------------------------
[2025-11-20 11:31:09] Skipping run (already completed)
	completed 307.8 hours ago at 2025-11-07T20:45:57Z UTC
	location: /zata/zippy/kresgeb/nmf_stuff/dlPFC/data/batched_nmf/nmf_k70_seed42_tol1e-05_L10.1.rds
[2025-11-20 11:31:09] --------------------------------------------
[2025-11-20 11:31:09] Starting run 158 / 750: k=80, seed=42, tol=1e-05, L1=0.1
[2025-11-20 11:31:09] --------------------------------------------
[2025-11-20 11:31:09] Skipping run (already completed)
	completed 307.5 hours ago at 2025-11-07T21:02:18Z UTC
	location: /zata/zippy/kresgeb/nmf_stuff/dlPFC/data/batched_nmf/nmf_k80_seed42_tol1e-05_L10.1.rds
[2025-11-20 11:31:09] --------------------------------------------
[2025-11-20 11:31:09] Starting run 159 / 750: k=90, seed=42, tol=1e-05, L1=0.1
[2025-11-20 11:31:09] --------------------------------------------
[2025-11-20 11:31:09] Skipping run (already completed)
	completed 307.2 hours ago at 2025-11-07T21:21:16Z UTC
	location: /zata/zippy/kresgeb/nmf_stuff/dlPFC/data/batched_nmf/nmf_k90_seed42_tol1e-05_L10.1.rds
[2025-11-20 11:31:09] --------------------------------------------
[2025-11-20 11:31:09] Starting run 160 / 750: k=100, seed=42, tol=1e-05, L1=0.1
[2025-11-20 11:31:09] --------------------------------------------
[2025-11-20 11:31:09] Skipping run (already completed)
	completed 306.5 hours ago at 2025-11-07T22:00:16Z UTC
	location: /zata/zippy/kresgeb/nmf_stuff/dlPFC/data/batched_nmf/nmf_k100_seed42_tol1e-05_L10.1.rds
[2025-11-20 11:31:09] --------------------------------------------
[2025-11-20 11:31:09] Starting run 161 / 750: k=10, seed=1029, tol=1e-05, L1=0.1
[2025-11-20 11:31:09] --------------------------------------------
[2025-11-20 11:31:09] Skipping run (already completed)
	completed 306.5 hours ago at 2025-11-07T22:02:37Z UTC
	location: /zata/zippy/kresgeb/nmf_stuff/dlPFC/data/batched_nmf/nmf_k10_seed1029_tol1e-05_L10.1.rds
[2025-11-20 11:31:09] --------------------------------------------
[2025-11-20 11:31:09] Starting run 162 / 750: k=20, seed=1029, tol=1e-05, L1=0.1
[2025-11-20 11:31:09] --------------------------------------------
[2025-11-20 11:31:09] Skipping run (already completed)
	completed 306.4 hours ago at 2025-11-07T22:06:52Z UTC
	location: /zata/zippy/kresgeb/nmf_stuff/dlPFC/data/batched_nmf/nmf_k20_seed1029_tol1e-05_L10.1.rds
[2025-11-20 11:31:09] --------------------------------------------
[2025-11-20 11:31:09] Starting run 163 / 750: k=30, seed=1029, tol=1e-05, L1=0.1
[2025-11-20 11:31:09] --------------------------------------------
[2025-11-20 11:31:09] Skipping run (already completed)
	completed 306.3 hours ago at 2025-11-07T22:10:43Z UTC
	location: /zata/zippy/kresgeb/nmf_stuff/dlPFC/data/batched_nmf/nmf_k30_seed1029_tol1e-05_L10.1.rds
[2025-11-20 11:31:09] --------------------------------------------
[2025-11-20 11:31:09] Starting run 164 / 750: k=40, seed=1029, tol=1e-05, L1=0.1
[2025-11-20 11:31:09] --------------------------------------------
[2025-11-20 11:31:09] Skipping run (already completed)
	completed 306.3 hours ago at 2025-11-07T22:15:49Z UTC
	location: /zata/zippy/kresgeb/nmf_stuff/dlPFC/data/batched_nmf/nmf_k40_seed1029_tol1e-05_L10.1.rds
[2025-11-20 11:31:09] --------------------------------------------
[2025-11-20 11:31:09] Starting run 165 / 750: k=50, seed=1029, tol=1e-05, L1=0.1
[2025-11-20 11:31:09] --------------------------------------------
[2025-11-20 11:31:09] Skipping run (already completed)
	completed 306.1 hours ago at 2025-11-07T22:23:04Z UTC
	location: /zata/zippy/kresgeb/nmf_stuff/dlPFC/data/batched_nmf/nmf_k50_seed1029_tol1e-05_L10.1.rds
[2025-11-20 11:31:09] --------------------------------------------
[2025-11-20 11:31:09] Starting run 166 / 750: k=60, seed=1029, tol=1e-05, L1=0.1
[2025-11-20 11:31:09] --------------------------------------------
[2025-11-20 11:31:09] Skipping run (already completed)
	completed 306.0 hours ago at 2025-11-07T22:33:31Z UTC
	location: /zata/zippy/kresgeb/nmf_stuff/dlPFC/data/batched_nmf/nmf_k60_seed1029_tol1e-05_L10.1.rds
[2025-11-20 11:31:09] --------------------------------------------
[2025-11-20 11:31:09] Starting run 167 / 750: k=70, seed=1029, tol=1e-05, L1=0.1
[2025-11-20 11:31:09] --------------------------------------------
[2025-11-20 11:31:09] Skipping run (already completed)
	completed 305.8 hours ago at 2025-11-07T22:45:39Z UTC
	location: /zata/zippy/kresgeb/nmf_stuff/dlPFC/data/batched_nmf/nmf_k70_seed1029_tol1e-05_L10.1.rds
[2025-11-20 11:31:09] --------------------------------------------
[2025-11-20 11:31:09] Starting run 168 / 750: k=80, seed=1029, tol=1e-05, L1=0.1
[2025-11-20 11:31:09] --------------------------------------------
[2025-11-20 11:31:09] Skipping run (already completed)
	completed 305.5 hours ago at 2025-11-07T23:00:01Z UTC
	location: /zata/zippy/kresgeb/nmf_stuff/dlPFC/data/batched_nmf/nmf_k80_seed1029_tol1e-05_L10.1.rds
[2025-11-20 11:31:09] --------------------------------------------
[2025-11-20 11:31:09] Starting run 169 / 750: k=90, seed=1029, tol=1e-05, L1=0.1
[2025-11-20 11:31:09] --------------------------------------------
[2025-11-20 11:31:09] Skipping run (already completed)
	completed 305.2 hours ago at 2025-11-07T23:21:15Z UTC
	location: /zata/zippy/kresgeb/nmf_stuff/dlPFC/data/batched_nmf/nmf_k90_seed1029_tol1e-05_L10.1.rds
[2025-11-20 11:31:09] --------------------------------------------
[2025-11-20 11:31:09] Starting run 170 / 750: k=100, seed=1029, tol=1e-05, L1=0.1
[2025-11-20 11:31:09] --------------------------------------------
[2025-11-20 11:31:09] Skipping run (already completed)
	completed 304.6 hours ago at 2025-11-07T23:55:11Z UTC
	location: /zata/zippy/kresgeb/nmf_stuff/dlPFC/data/batched_nmf/nmf_k100_seed1029_tol1e-05_L10.1.rds
[2025-11-20 11:31:09] --------------------------------------------
[2025-11-20 11:31:09] Starting run 171 / 750: k=10, seed=31415, tol=1e-05, L1=0.1
[2025-11-20 11:31:09] --------------------------------------------
[2025-11-20 11:31:09] Skipping run (already completed)
	completed 304.6 hours ago at 2025-11-07T23:57:27Z UTC
	location: /zata/zippy/kresgeb/nmf_stuff/dlPFC/data/batched_nmf/nmf_k10_seed31415_tol1e-05_L10.1.rds
[2025-11-20 11:31:09] --------------------------------------------
[2025-11-20 11:31:09] Starting run 172 / 750: k=20, seed=31415, tol=1e-05, L1=0.1
[2025-11-20 11:31:09] --------------------------------------------
[2025-11-20 11:31:10] Skipping run (already completed)
	completed 304.5 hours ago at 2025-11-08T00:00:41Z UTC
	location: /zata/zippy/kresgeb/nmf_stuff/dlPFC/data/batched_nmf/nmf_k20_seed31415_tol1e-05_L10.1.rds
[2025-11-20 11:31:10] --------------------------------------------
[2025-11-20 11:31:10] Starting run 173 / 750: k=30, seed=31415, tol=1e-05, L1=0.1
[2025-11-20 11:31:10] --------------------------------------------
[2025-11-20 11:31:10] Skipping run (already completed)
	completed 304.4 hours ago at 2025-11-08T00:05:33Z UTC
	location: /zata/zippy/kresgeb/nmf_stuff/dlPFC/data/batched_nmf/nmf_k30_seed31415_tol1e-05_L10.1.rds
[2025-11-20 11:31:10] --------------------------------------------
[2025-11-20 11:31:10] Starting run 174 / 750: k=40, seed=31415, tol=1e-05, L1=0.1
[2025-11-20 11:31:10] --------------------------------------------
[2025-11-20 11:31:10] Skipping run (already completed)
	completed 304.3 hours ago at 2025-11-08T00:11:16Z UTC
	location: /zata/zippy/kresgeb/nmf_stuff/dlPFC/data/batched_nmf/nmf_k40_seed31415_tol1e-05_L10.1.rds
[2025-11-20 11:31:10] --------------------------------------------
[2025-11-20 11:31:10] Starting run 175 / 750: k=50, seed=31415, tol=1e-05, L1=0.1
[2025-11-20 11:31:10] --------------------------------------------
[2025-11-20 11:31:10] Skipping run (already completed)
	completed 304.2 hours ago at 2025-11-08T00:18:06Z UTC
	location: /zata/zippy/kresgeb/nmf_stuff/dlPFC/data/batched_nmf/nmf_k50_seed31415_tol1e-05_L10.1.rds
[2025-11-20 11:31:10] --------------------------------------------
[2025-11-20 11:31:10] Starting run 176 / 750: k=60, seed=31415, tol=1e-05, L1=0.1
[2025-11-20 11:31:10] --------------------------------------------
[2025-11-20 11:31:10] Skipping run (already completed)
	completed 304.1 hours ago at 2025-11-08T00:26:45Z UTC
	location: /zata/zippy/kresgeb/nmf_stuff/dlPFC/data/batched_nmf/nmf_k60_seed31415_tol1e-05_L10.1.rds
[2025-11-20 11:31:10] --------------------------------------------
[2025-11-20 11:31:10] Starting run 177 / 750: k=70, seed=31415, tol=1e-05, L1=0.1
[2025-11-20 11:31:10] --------------------------------------------
[2025-11-20 11:31:10] Skipping run (already completed)
	completed 303.9 hours ago at 2025-11-08T00:38:00Z UTC
	location: /zata/zippy/kresgeb/nmf_stuff/dlPFC/data/batched_nmf/nmf_k70_seed31415_tol1e-05_L10.1.rds
[2025-11-20 11:31:10] --------------------------------------------
[2025-11-20 11:31:10] Starting run 178 / 750: k=80, seed=31415, tol=1e-05, L1=0.1
[2025-11-20 11:31:10] --------------------------------------------
[2025-11-20 11:31:10] Skipping run (already completed)
	completed 303.7 hours ago at 2025-11-08T00:51:42Z UTC
	location: /zata/zippy/kresgeb/nmf_stuff/dlPFC/data/batched_nmf/nmf_k80_seed31415_tol1e-05_L10.1.rds
[2025-11-20 11:31:10] --------------------------------------------
[2025-11-20 11:31:10] Starting run 179 / 750: k=90, seed=31415, tol=1e-05, L1=0.1
[2025-11-20 11:31:10] --------------------------------------------
[2025-11-20 11:31:10] Skipping run (already completed)
	completed 303.4 hours ago at 2025-11-08T01:07:17Z UTC
	location: /zata/zippy/kresgeb/nmf_stuff/dlPFC/data/batched_nmf/nmf_k90_seed31415_tol1e-05_L10.1.rds
[2025-11-20 11:31:10] --------------------------------------------
[2025-11-20 11:31:10] Starting run 180 / 750: k=100, seed=31415, tol=1e-05, L1=0.1
[2025-11-20 11:31:10] --------------------------------------------
[2025-11-20 11:31:10] Skipping run (already completed)
	completed 303.0 hours ago at 2025-11-08T01:28:45Z UTC
	location: /zata/zippy/kresgeb/nmf_stuff/dlPFC/data/batched_nmf/nmf_k100_seed31415_tol1e-05_L10.1.rds
[2025-11-20 11:31:10] --------------------------------------------
[2025-11-20 11:31:10] Starting run 181 / 750: k=10, seed=120301, tol=1e-05, L1=0.1
[2025-11-20 11:31:10] --------------------------------------------
[2025-11-20 11:31:10] Skipping run (already completed)
	completed 303.0 hours ago at 2025-11-08T01:31:11Z UTC
	location: /zata/zippy/kresgeb/nmf_stuff/dlPFC/data/batched_nmf/nmf_k10_seed120301_tol1e-05_L10.1.rds
[2025-11-20 11:31:10] --------------------------------------------
[2025-11-20 11:31:10] Starting run 182 / 750: k=20, seed=120301, tol=1e-05, L1=0.1
[2025-11-20 11:31:10] --------------------------------------------
[2025-11-20 11:31:10] Skipping run (already completed)
	completed 302.9 hours ago at 2025-11-08T01:34:40Z UTC
	location: /zata/zippy/kresgeb/nmf_stuff/dlPFC/data/batched_nmf/nmf_k20_seed120301_tol1e-05_L10.1.rds
[2025-11-20 11:31:10] --------------------------------------------
[2025-11-20 11:31:10] Starting run 183 / 750: k=30, seed=120301, tol=1e-05, L1=0.1
[2025-11-20 11:31:10] --------------------------------------------
[2025-11-20 11:31:10] Skipping run (already completed)
	completed 302.9 hours ago at 2025-11-08T01:39:47Z UTC
	location: /zata/zippy/kresgeb/nmf_stuff/dlPFC/data/batched_nmf/nmf_k30_seed120301_tol1e-05_L10.1.rds
[2025-11-20 11:31:10] --------------------------------------------
[2025-11-20 11:31:10] Starting run 184 / 750: k=40, seed=120301, tol=1e-05, L1=0.1
[2025-11-20 11:31:10] --------------------------------------------
[2025-11-20 11:31:10] Skipping run (already completed)
	completed 302.8 hours ago at 2025-11-08T01:45:47Z UTC
	location: /zata/zippy/kresgeb/nmf_stuff/dlPFC/data/batched_nmf/nmf_k40_seed120301_tol1e-05_L10.1.rds
[2025-11-20 11:31:10] --------------------------------------------
[2025-11-20 11:31:10] Starting run 185 / 750: k=50, seed=120301, tol=1e-05, L1=0.1
[2025-11-20 11:31:10] --------------------------------------------
[2025-11-20 11:31:10] Skipping run (already completed)
	completed 302.6 hours ago at 2025-11-08T01:55:35Z UTC
	location: /zata/zippy/kresgeb/nmf_stuff/dlPFC/data/batched_nmf/nmf_k50_seed120301_tol1e-05_L10.1.rds
[2025-11-20 11:31:10] --------------------------------------------
[2025-11-20 11:31:10] Starting run 186 / 750: k=60, seed=120301, tol=1e-05, L1=0.1
[2025-11-20 11:31:10] --------------------------------------------
[2025-11-20 11:31:10] Skipping run (already completed)
	completed 302.4 hours ago at 2025-11-08T02:05:28Z UTC
	location: /zata/zippy/kresgeb/nmf_stuff/dlPFC/data/batched_nmf/nmf_k60_seed120301_tol1e-05_L10.1.rds
[2025-11-20 11:31:10] --------------------------------------------
[2025-11-20 11:31:10] Starting run 187 / 750: k=70, seed=120301, tol=1e-05, L1=0.1
[2025-11-20 11:31:10] --------------------------------------------
[2025-11-20 11:31:10] Skipping run (already completed)
	completed 302.3 hours ago at 2025-11-08T02:15:30Z UTC
	location: /zata/zippy/kresgeb/nmf_stuff/dlPFC/data/batched_nmf/nmf_k70_seed120301_tol1e-05_L10.1.rds
[2025-11-20 11:31:10] --------------------------------------------
[2025-11-20 11:31:10] Starting run 188 / 750: k=80, seed=120301, tol=1e-05, L1=0.1
[2025-11-20 11:31:10] --------------------------------------------
[2025-11-20 11:31:10] Skipping run (already completed)
	completed 302.0 hours ago at 2025-11-08T02:28:14Z UTC
	location: /zata/zippy/kresgeb/nmf_stuff/dlPFC/data/batched_nmf/nmf_k80_seed120301_tol1e-05_L10.1.rds
[2025-11-20 11:31:10] --------------------------------------------
[2025-11-20 11:31:10] Starting run 189 / 750: k=90, seed=120301, tol=1e-05, L1=0.1
[2025-11-20 11:31:10] --------------------------------------------
[2025-11-20 11:31:10] Skipping run (already completed)
	completed 301.8 hours ago at 2025-11-08T02:46:04Z UTC
	location: /zata/zippy/kresgeb/nmf_stuff/dlPFC/data/batched_nmf/nmf_k90_seed120301_tol1e-05_L10.1.rds
[2025-11-20 11:31:10] --------------------------------------------
[2025-11-20 11:31:10] Starting run 190 / 750: k=100, seed=120301, tol=1e-05, L1=0.1
[2025-11-20 11:31:10] --------------------------------------------
[2025-11-20 11:31:10] Skipping run (already completed)
	completed 301.3 hours ago at 2025-11-08T03:10:22Z UTC
	location: /zata/zippy/kresgeb/nmf_stuff/dlPFC/data/batched_nmf/nmf_k100_seed120301_tol1e-05_L10.1.rds
[2025-11-20 11:31:10] --------------------------------------------
[2025-11-20 11:31:10] Starting run 191 / 750: k=10, seed=2025, tol=1e-05, L1=0.1
[2025-11-20 11:31:10] --------------------------------------------
[2025-11-20 11:31:10] Skipping run (already completed)
	completed 301.3 hours ago at 2025-11-08T03:12:32Z UTC
	location: /zata/zippy/kresgeb/nmf_stuff/dlPFC/data/batched_nmf/nmf_k10_seed2025_tol1e-05_L10.1.rds
[2025-11-20 11:31:10] --------------------------------------------
[2025-11-20 11:31:10] Starting run 192 / 750: k=20, seed=2025, tol=1e-05, L1=0.1
[2025-11-20 11:31:10] --------------------------------------------
[2025-11-20 11:31:10] Skipping run (already completed)
	completed 301.2 hours ago at 2025-11-08T03:16:31Z UTC
	location: /zata/zippy/kresgeb/nmf_stuff/dlPFC/data/batched_nmf/nmf_k20_seed2025_tol1e-05_L10.1.rds
[2025-11-20 11:31:10] --------------------------------------------
[2025-11-20 11:31:10] Starting run 193 / 750: k=30, seed=2025, tol=1e-05, L1=0.1
[2025-11-20 11:31:10] --------------------------------------------
[2025-11-20 11:31:10] Skipping run (already completed)
	completed 301.2 hours ago at 2025-11-08T03:21:23Z UTC
	location: /zata/zippy/kresgeb/nmf_stuff/dlPFC/data/batched_nmf/nmf_k30_seed2025_tol1e-05_L10.1.rds
[2025-11-20 11:31:10] --------------------------------------------
[2025-11-20 11:31:10] Starting run 194 / 750: k=40, seed=2025, tol=1e-05, L1=0.1
[2025-11-20 11:31:10] --------------------------------------------
[2025-11-20 11:31:10] Skipping run (already completed)
	completed 301.1 hours ago at 2025-11-08T03:27:08Z UTC
	location: /zata/zippy/kresgeb/nmf_stuff/dlPFC/data/batched_nmf/nmf_k40_seed2025_tol1e-05_L10.1.rds
[2025-11-20 11:31:10] --------------------------------------------
[2025-11-20 11:31:10] Starting run 195 / 750: k=50, seed=2025, tol=1e-05, L1=0.1
[2025-11-20 11:31:10] --------------------------------------------
[2025-11-20 11:31:10] Skipping run (already completed)
	completed 300.9 hours ago at 2025-11-08T03:35:33Z UTC
	location: /zata/zippy/kresgeb/nmf_stuff/dlPFC/data/batched_nmf/nmf_k50_seed2025_tol1e-05_L10.1.rds
[2025-11-20 11:31:10] --------------------------------------------
[2025-11-20 11:31:10] Starting run 196 / 750: k=60, seed=2025, tol=1e-05, L1=0.1
[2025-11-20 11:31:10] --------------------------------------------
[2025-11-20 11:31:11] Skipping run (already completed)
	completed 300.8 hours ago at 2025-11-08T03:44:45Z UTC
	location: /zata/zippy/kresgeb/nmf_stuff/dlPFC/data/batched_nmf/nmf_k60_seed2025_tol1e-05_L10.1.rds
[2025-11-20 11:31:11] --------------------------------------------
[2025-11-20 11:31:11] Starting run 197 / 750: k=70, seed=2025, tol=1e-05, L1=0.1
[2025-11-20 11:31:11] --------------------------------------------
[2025-11-20 11:31:11] Skipping run (already completed)
	completed 300.6 hours ago at 2025-11-08T03:56:58Z UTC
	location: /zata/zippy/kresgeb/nmf_stuff/dlPFC/data/batched_nmf/nmf_k70_seed2025_tol1e-05_L10.1.rds
[2025-11-20 11:31:11] --------------------------------------------
[2025-11-20 11:31:11] Starting run 198 / 750: k=80, seed=2025, tol=1e-05, L1=0.1
[2025-11-20 11:31:11] --------------------------------------------
[2025-11-20 11:31:11] Skipping run (already completed)
	completed 300.3 hours ago at 2025-11-08T04:13:18Z UTC
	location: /zata/zippy/kresgeb/nmf_stuff/dlPFC/data/batched_nmf/nmf_k80_seed2025_tol1e-05_L10.1.rds
[2025-11-20 11:31:11] --------------------------------------------
[2025-11-20 11:31:11] Starting run 199 / 750: k=90, seed=2025, tol=1e-05, L1=0.1
[2025-11-20 11:31:11] --------------------------------------------
[2025-11-20 11:31:11] Skipping run (already completed)
	completed 300.0 hours ago at 2025-11-08T04:29:37Z UTC
	location: /zata/zippy/kresgeb/nmf_stuff/dlPFC/data/batched_nmf/nmf_k90_seed2025_tol1e-05_L10.1.rds
[2025-11-20 11:31:11] --------------------------------------------
[2025-11-20 11:31:11] Starting run 200 / 750: k=100, seed=2025, tol=1e-05, L1=0.1
[2025-11-20 11:31:11] --------------------------------------------
[2025-11-20 11:31:11] Skipping run (already completed)
	completed 299.5 hours ago at 2025-11-08T04:58:50Z UTC
	location: /zata/zippy/kresgeb/nmf_stuff/dlPFC/data/batched_nmf/nmf_k100_seed2025_tol1e-05_L10.1.rds
[2025-11-20 11:31:11] --------------------------------------------
[2025-11-20 11:31:11] Starting run 201 / 750: k=10, seed=42, tol=1e-06, L1=0.1
[2025-11-20 11:31:11] --------------------------------------------
[2025-11-20 11:31:11] Skipping run (already completed)
	completed 299.5 hours ago at 2025-11-08T05:01:22Z UTC
	location: /zata/zippy/kresgeb/nmf_stuff/dlPFC/data/batched_nmf/nmf_k10_seed42_tol1e-06_L10.1.rds
[2025-11-20 11:31:11] --------------------------------------------
[2025-11-20 11:31:11] Starting run 202 / 750: k=20, seed=42, tol=1e-06, L1=0.1
[2025-11-20 11:31:11] --------------------------------------------
[2025-11-20 11:31:11] Skipping run (already completed)
	completed 299.4 hours ago at 2025-11-08T05:06:02Z UTC
	location: /zata/zippy/kresgeb/nmf_stuff/dlPFC/data/batched_nmf/nmf_k20_seed42_tol1e-06_L10.1.rds
[2025-11-20 11:31:11] --------------------------------------------
[2025-11-20 11:31:11] Starting run 203 / 750: k=30, seed=42, tol=1e-06, L1=0.1
[2025-11-20 11:31:11] --------------------------------------------
[2025-11-20 11:31:11] Skipping run (already completed)
	completed 299.3 hours ago at 2025-11-08T05:13:09Z UTC
	location: /zata/zippy/kresgeb/nmf_stuff/dlPFC/data/batched_nmf/nmf_k30_seed42_tol1e-06_L10.1.rds
[2025-11-20 11:31:11] --------------------------------------------
[2025-11-20 11:31:11] Starting run 204 / 750: k=40, seed=42, tol=1e-06, L1=0.1
[2025-11-20 11:31:11] --------------------------------------------
[2025-11-20 11:31:11] Skipping run (already completed)
	completed 299.1 hours ago at 2025-11-08T05:27:59Z UTC
	location: /zata/zippy/kresgeb/nmf_stuff/dlPFC/data/batched_nmf/nmf_k40_seed42_tol1e-06_L10.1.rds
[2025-11-20 11:31:11] --------------------------------------------
[2025-11-20 11:31:11] Starting run 205 / 750: k=50, seed=42, tol=1e-06, L1=0.1
[2025-11-20 11:31:11] --------------------------------------------
[2025-11-20 11:31:11] Skipping run (already completed)
	completed 298.8 hours ago at 2025-11-08T05:44:37Z UTC
	location: /zata/zippy/kresgeb/nmf_stuff/dlPFC/data/batched_nmf/nmf_k50_seed42_tol1e-06_L10.1.rds
[2025-11-20 11:31:11] --------------------------------------------
[2025-11-20 11:31:11] Starting run 206 / 750: k=60, seed=42, tol=1e-06, L1=0.1
[2025-11-20 11:31:11] --------------------------------------------
[2025-11-20 11:31:11] Skipping run (already completed)
	completed 298.6 hours ago at 2025-11-08T05:56:04Z UTC
	location: /zata/zippy/kresgeb/nmf_stuff/dlPFC/data/batched_nmf/nmf_k60_seed42_tol1e-06_L10.1.rds
[2025-11-20 11:31:11] --------------------------------------------
[2025-11-20 11:31:11] Starting run 207 / 750: k=70, seed=42, tol=1e-06, L1=0.1
[2025-11-20 11:31:11] --------------------------------------------
[2025-11-20 11:31:11] Skipping run (already completed)
	completed 298.2 hours ago at 2025-11-08T06:17:59Z UTC
	location: /zata/zippy/kresgeb/nmf_stuff/dlPFC/data/batched_nmf/nmf_k70_seed42_tol1e-06_L10.1.rds
[2025-11-20 11:31:11] --------------------------------------------
[2025-11-20 11:31:11] Starting run 208 / 750: k=80, seed=42, tol=1e-06, L1=0.1
[2025-11-20 11:31:11] --------------------------------------------
[2025-11-20 11:31:11] Skipping run (already completed)
	completed 297.8 hours ago at 2025-11-08T06:40:26Z UTC
	location: /zata/zippy/kresgeb/nmf_stuff/dlPFC/data/batched_nmf/nmf_k80_seed42_tol1e-06_L10.1.rds
[2025-11-20 11:31:11] --------------------------------------------
[2025-11-20 11:31:11] Starting run 209 / 750: k=90, seed=42, tol=1e-06, L1=0.1
[2025-11-20 11:31:11] --------------------------------------------
[2025-11-20 11:31:11] Skipping run (already completed)
	completed 297.3 hours ago at 2025-11-08T07:12:22Z UTC
	location: /zata/zippy/kresgeb/nmf_stuff/dlPFC/data/batched_nmf/nmf_k90_seed42_tol1e-06_L10.1.rds
[2025-11-20 11:31:11] --------------------------------------------
[2025-11-20 11:31:11] Starting run 210 / 750: k=100, seed=42, tol=1e-06, L1=0.1
[2025-11-20 11:31:11] --------------------------------------------
[2025-11-20 11:31:11] Skipping run (already completed)
	completed 296.6 hours ago at 2025-11-08T07:57:30Z UTC
	location: /zata/zippy/kresgeb/nmf_stuff/dlPFC/data/batched_nmf/nmf_k100_seed42_tol1e-06_L10.1.rds
[2025-11-20 11:31:11] --------------------------------------------
[2025-11-20 11:31:11] Starting run 211 / 750: k=10, seed=1029, tol=1e-06, L1=0.1
[2025-11-20 11:31:11] --------------------------------------------
[2025-11-20 11:31:11] Skipping run (already completed)
	completed 296.5 hours ago at 2025-11-08T07:59:41Z UTC
	location: /zata/zippy/kresgeb/nmf_stuff/dlPFC/data/batched_nmf/nmf_k10_seed1029_tol1e-06_L10.1.rds
[2025-11-20 11:31:11] --------------------------------------------
[2025-11-20 11:31:11] Starting run 212 / 750: k=20, seed=1029, tol=1e-06, L1=0.1
[2025-11-20 11:31:11] --------------------------------------------
[2025-11-20 11:31:11] Skipping run (already completed)
	completed 296.4 hours ago at 2025-11-08T08:04:34Z UTC
	location: /zata/zippy/kresgeb/nmf_stuff/dlPFC/data/batched_nmf/nmf_k20_seed1029_tol1e-06_L10.1.rds
[2025-11-20 11:31:11] --------------------------------------------
[2025-11-20 11:31:11] Starting run 213 / 750: k=30, seed=1029, tol=1e-06, L1=0.1
[2025-11-20 11:31:11] --------------------------------------------
[2025-11-20 11:31:11] Skipping run (already completed)
	completed 296.3 hours ago at 2025-11-08T08:11:58Z UTC
	location: /zata/zippy/kresgeb/nmf_stuff/dlPFC/data/batched_nmf/nmf_k30_seed1029_tol1e-06_L10.1.rds
[2025-11-20 11:31:11] --------------------------------------------
[2025-11-20 11:31:11] Starting run 214 / 750: k=40, seed=1029, tol=1e-06, L1=0.1
[2025-11-20 11:31:11] --------------------------------------------
[2025-11-20 11:31:11] Skipping run (already completed)
	completed 296.2 hours ago at 2025-11-08T08:20:54Z UTC
	location: /zata/zippy/kresgeb/nmf_stuff/dlPFC/data/batched_nmf/nmf_k40_seed1029_tol1e-06_L10.1.rds
[2025-11-20 11:31:11] --------------------------------------------
[2025-11-20 11:31:11] Starting run 215 / 750: k=50, seed=1029, tol=1e-06, L1=0.1
[2025-11-20 11:31:11] --------------------------------------------
[2025-11-20 11:31:11] Skipping run (already completed)
	completed 295.9 hours ago at 2025-11-08T08:39:01Z UTC
	location: /zata/zippy/kresgeb/nmf_stuff/dlPFC/data/batched_nmf/nmf_k50_seed1029_tol1e-06_L10.1.rds
[2025-11-20 11:31:11] --------------------------------------------
[2025-11-20 11:31:11] Starting run 216 / 750: k=60, seed=1029, tol=1e-06, L1=0.1
[2025-11-20 11:31:11] --------------------------------------------
[2025-11-20 11:31:11] Skipping run (already completed)
	completed 295.4 hours ago at 2025-11-08T09:05:47Z UTC
	location: /zata/zippy/kresgeb/nmf_stuff/dlPFC/data/batched_nmf/nmf_k60_seed1029_tol1e-06_L10.1.rds
[2025-11-20 11:31:11] --------------------------------------------
[2025-11-20 11:31:11] Starting run 217 / 750: k=70, seed=1029, tol=1e-06, L1=0.1
[2025-11-20 11:31:11] --------------------------------------------
[2025-11-20 11:31:11] Skipping run (already completed)
	completed 294.9 hours ago at 2025-11-08T09:40:05Z UTC
	location: /zata/zippy/kresgeb/nmf_stuff/dlPFC/data/batched_nmf/nmf_k70_seed1029_tol1e-06_L10.1.rds
[2025-11-20 11:31:11] --------------------------------------------
[2025-11-20 11:31:11] Starting run 218 / 750: k=80, seed=1029, tol=1e-06, L1=0.1
[2025-11-20 11:31:11] --------------------------------------------
[2025-11-20 11:31:11] Skipping run (already completed)
	completed 294.4 hours ago at 2025-11-08T10:08:11Z UTC
	location: /zata/zippy/kresgeb/nmf_stuff/dlPFC/data/batched_nmf/nmf_k80_seed1029_tol1e-06_L10.1.rds
[2025-11-20 11:31:11] --------------------------------------------
[2025-11-20 11:31:11] Starting run 219 / 750: k=90, seed=1029, tol=1e-06, L1=0.1
[2025-11-20 11:31:11] --------------------------------------------
[2025-11-20 11:31:11] Skipping run (already completed)
	completed 293.6 hours ago at 2025-11-08T10:56:29Z UTC
	location: /zata/zippy/kresgeb/nmf_stuff/dlPFC/data/batched_nmf/nmf_k90_seed1029_tol1e-06_L10.1.rds
[2025-11-20 11:31:11] --------------------------------------------
[2025-11-20 11:31:11] Starting run 220 / 750: k=100, seed=1029, tol=1e-06, L1=0.1
[2025-11-20 11:31:11] --------------------------------------------
[2025-11-20 11:31:12] Skipping run (already completed)
	completed 292.4 hours ago at 2025-11-08T12:07:28Z UTC
	location: /zata/zippy/kresgeb/nmf_stuff/dlPFC/data/batched_nmf/nmf_k100_seed1029_tol1e-06_L10.1.rds
[2025-11-20 11:31:12] --------------------------------------------
[2025-11-20 11:31:12] Starting run 221 / 750: k=10, seed=31415, tol=1e-06, L1=0.1
[2025-11-20 11:31:12] --------------------------------------------
[2025-11-20 11:31:12] Skipping run (already completed)
	completed 292.4 hours ago at 2025-11-08T12:10:08Z UTC
	location: /zata/zippy/kresgeb/nmf_stuff/dlPFC/data/batched_nmf/nmf_k10_seed31415_tol1e-06_L10.1.rds
[2025-11-20 11:31:12] --------------------------------------------
[2025-11-20 11:31:12] Starting run 222 / 750: k=20, seed=31415, tol=1e-06, L1=0.1
[2025-11-20 11:31:12] --------------------------------------------
[2025-11-20 11:31:12] Skipping run (already completed)
	completed 292.3 hours ago at 2025-11-08T12:14:36Z UTC
	location: /zata/zippy/kresgeb/nmf_stuff/dlPFC/data/batched_nmf/nmf_k20_seed31415_tol1e-06_L10.1.rds
[2025-11-20 11:31:12] --------------------------------------------
[2025-11-20 11:31:12] Starting run 223 / 750: k=30, seed=31415, tol=1e-06, L1=0.1
[2025-11-20 11:31:12] --------------------------------------------
[2025-11-20 11:31:12] Skipping run (already completed)
	completed 292.2 hours ago at 2025-11-08T12:19:56Z UTC
	location: /zata/zippy/kresgeb/nmf_stuff/dlPFC/data/batched_nmf/nmf_k30_seed31415_tol1e-06_L10.1.rds
[2025-11-20 11:31:12] --------------------------------------------
[2025-11-20 11:31:12] Starting run 224 / 750: k=40, seed=31415, tol=1e-06, L1=0.1
[2025-11-20 11:31:12] --------------------------------------------
[2025-11-20 11:31:12] Skipping run (already completed)
	completed 292.0 hours ago at 2025-11-08T12:29:24Z UTC
	location: /zata/zippy/kresgeb/nmf_stuff/dlPFC/data/batched_nmf/nmf_k40_seed31415_tol1e-06_L10.1.rds
[2025-11-20 11:31:12] --------------------------------------------
[2025-11-20 11:31:12] Starting run 225 / 750: k=50, seed=31415, tol=1e-06, L1=0.1
[2025-11-20 11:31:12] --------------------------------------------
[2025-11-20 11:31:12] Skipping run (already completed)
	completed 291.8 hours ago at 2025-11-08T12:42:05Z UTC
	location: /zata/zippy/kresgeb/nmf_stuff/dlPFC/data/batched_nmf/nmf_k50_seed31415_tol1e-06_L10.1.rds
[2025-11-20 11:31:12] --------------------------------------------
[2025-11-20 11:31:12] Starting run 226 / 750: k=60, seed=31415, tol=1e-06, L1=0.1
[2025-11-20 11:31:12] --------------------------------------------
[2025-11-20 11:31:12] Skipping run (already completed)
	completed 291.6 hours ago at 2025-11-08T12:54:59Z UTC
	location: /zata/zippy/kresgeb/nmf_stuff/dlPFC/data/batched_nmf/nmf_k60_seed31415_tol1e-06_L10.1.rds
[2025-11-20 11:31:12] --------------------------------------------
[2025-11-20 11:31:12] Starting run 227 / 750: k=70, seed=31415, tol=1e-06, L1=0.1
[2025-11-20 11:31:12] --------------------------------------------
[2025-11-20 11:31:12] Skipping run (already completed)
	completed 291.2 hours ago at 2025-11-08T13:19:55Z UTC
	location: /zata/zippy/kresgeb/nmf_stuff/dlPFC/data/batched_nmf/nmf_k70_seed31415_tol1e-06_L10.1.rds
[2025-11-20 11:31:12] --------------------------------------------
[2025-11-20 11:31:12] Starting run 228 / 750: k=80, seed=31415, tol=1e-06, L1=0.1
[2025-11-20 11:31:12] --------------------------------------------
[2025-11-20 11:31:12] Skipping run (already completed)
	completed 290.8 hours ago at 2025-11-08T13:44:26Z UTC
	location: /zata/zippy/kresgeb/nmf_stuff/dlPFC/data/batched_nmf/nmf_k80_seed31415_tol1e-06_L10.1.rds
[2025-11-20 11:31:12] --------------------------------------------
[2025-11-20 11:31:12] Starting run 229 / 750: k=90, seed=31415, tol=1e-06, L1=0.1
[2025-11-20 11:31:12] --------------------------------------------
[2025-11-20 11:31:12] Skipping run (already completed)
	completed 290.3 hours ago at 2025-11-08T14:10:25Z UTC
	location: /zata/zippy/kresgeb/nmf_stuff/dlPFC/data/batched_nmf/nmf_k90_seed31415_tol1e-06_L10.1.rds
[2025-11-20 11:31:12] --------------------------------------------
[2025-11-20 11:31:12] Starting run 230 / 750: k=100, seed=31415, tol=1e-06, L1=0.1
[2025-11-20 11:31:12] --------------------------------------------
[2025-11-20 11:31:12] Skipping run (already completed)
	completed 289.2 hours ago at 2025-11-08T15:21:38Z UTC
	location: /zata/zippy/kresgeb/nmf_stuff/dlPFC/data/batched_nmf/nmf_k100_seed31415_tol1e-06_L10.1.rds
[2025-11-20 11:31:12] --------------------------------------------
[2025-11-20 11:31:12] Starting run 231 / 750: k=10, seed=120301, tol=1e-06, L1=0.1
[2025-11-20 11:31:12] --------------------------------------------
[2025-11-20 11:31:12] Skipping run (already completed)
	completed 289.1 hours ago at 2025-11-08T15:24:13Z UTC
	location: /zata/zippy/kresgeb/nmf_stuff/dlPFC/data/batched_nmf/nmf_k10_seed120301_tol1e-06_L10.1.rds
[2025-11-20 11:31:12] --------------------------------------------
[2025-11-20 11:31:12] Starting run 232 / 750: k=20, seed=120301, tol=1e-06, L1=0.1
[2025-11-20 11:31:12] --------------------------------------------
[2025-11-20 11:31:12] Skipping run (already completed)
	completed 289.1 hours ago at 2025-11-08T15:27:51Z UTC
	location: /zata/zippy/kresgeb/nmf_stuff/dlPFC/data/batched_nmf/nmf_k20_seed120301_tol1e-06_L10.1.rds
[2025-11-20 11:31:12] --------------------------------------------
[2025-11-20 11:31:12] Starting run 233 / 750: k=30, seed=120301, tol=1e-06, L1=0.1
[2025-11-20 11:31:12] --------------------------------------------
[2025-11-20 11:31:12] Skipping run (already completed)
	completed 288.9 hours ago at 2025-11-08T15:34:29Z UTC
	location: /zata/zippy/kresgeb/nmf_stuff/dlPFC/data/batched_nmf/nmf_k30_seed120301_tol1e-06_L10.1.rds
[2025-11-20 11:31:12] --------------------------------------------
[2025-11-20 11:31:12] Starting run 234 / 750: k=40, seed=120301, tol=1e-06, L1=0.1
[2025-11-20 11:31:12] --------------------------------------------
[2025-11-20 11:31:12] Skipping run (already completed)
	completed 288.6 hours ago at 2025-11-08T15:53:58Z UTC
	location: /zata/zippy/kresgeb/nmf_stuff/dlPFC/data/batched_nmf/nmf_k40_seed120301_tol1e-06_L10.1.rds
[2025-11-20 11:31:12] --------------------------------------------
[2025-11-20 11:31:12] Starting run 235 / 750: k=50, seed=120301, tol=1e-06, L1=0.1
[2025-11-20 11:31:12] --------------------------------------------
[2025-11-20 11:31:12] Skipping run (already completed)
	completed 288.4 hours ago at 2025-11-08T16:05:25Z UTC
	location: /zata/zippy/kresgeb/nmf_stuff/dlPFC/data/batched_nmf/nmf_k50_seed120301_tol1e-06_L10.1.rds
[2025-11-20 11:31:12] --------------------------------------------
[2025-11-20 11:31:12] Starting run 236 / 750: k=60, seed=120301, tol=1e-06, L1=0.1
[2025-11-20 11:31:12] --------------------------------------------
[2025-11-20 11:31:12] Skipping run (already completed)
	completed 288.2 hours ago at 2025-11-08T16:21:23Z UTC
	location: /zata/zippy/kresgeb/nmf_stuff/dlPFC/data/batched_nmf/nmf_k60_seed120301_tol1e-06_L10.1.rds
[2025-11-20 11:31:12] --------------------------------------------
[2025-11-20 11:31:12] Starting run 237 / 750: k=70, seed=120301, tol=1e-06, L1=0.1
[2025-11-20 11:31:12] --------------------------------------------
[2025-11-20 11:31:12] Skipping run (already completed)
	completed 287.6 hours ago at 2025-11-08T16:54:03Z UTC
	location: /zata/zippy/kresgeb/nmf_stuff/dlPFC/data/batched_nmf/nmf_k70_seed120301_tol1e-06_L10.1.rds
[2025-11-20 11:31:12] --------------------------------------------
[2025-11-20 11:31:12] Starting run 238 / 750: k=80, seed=120301, tol=1e-06, L1=0.1
[2025-11-20 11:31:12] --------------------------------------------
[2025-11-20 11:31:12] Skipping run (already completed)
	completed 287.3 hours ago at 2025-11-08T17:11:55Z UTC
	location: /zata/zippy/kresgeb/nmf_stuff/dlPFC/data/batched_nmf/nmf_k80_seed120301_tol1e-06_L10.1.rds
[2025-11-20 11:31:12] --------------------------------------------
[2025-11-20 11:31:12] Starting run 239 / 750: k=90, seed=120301, tol=1e-06, L1=0.1
[2025-11-20 11:31:12] --------------------------------------------
[2025-11-20 11:31:12] Skipping run (already completed)
	completed 286.8 hours ago at 2025-11-08T17:44:45Z UTC
	location: /zata/zippy/kresgeb/nmf_stuff/dlPFC/data/batched_nmf/nmf_k90_seed120301_tol1e-06_L10.1.rds
[2025-11-20 11:31:12] --------------------------------------------
[2025-11-20 11:31:12] Starting run 240 / 750: k=100, seed=120301, tol=1e-06, L1=0.1
[2025-11-20 11:31:12] --------------------------------------------
[2025-11-20 11:31:12] Skipping run (already completed)
	completed 286.0 hours ago at 2025-11-08T18:33:45Z UTC
	location: /zata/zippy/kresgeb/nmf_stuff/dlPFC/data/batched_nmf/nmf_k100_seed120301_tol1e-06_L10.1.rds
[2025-11-20 11:31:12] --------------------------------------------
[2025-11-20 11:31:12] Starting run 241 / 750: k=10, seed=2025, tol=1e-06, L1=0.1
[2025-11-20 11:31:12] --------------------------------------------
[2025-11-20 11:31:12] Skipping run (already completed)
	completed 285.9 hours ago at 2025-11-08T18:35:57Z UTC
	location: /zata/zippy/kresgeb/nmf_stuff/dlPFC/data/batched_nmf/nmf_k10_seed2025_tol1e-06_L10.1.rds
[2025-11-20 11:31:12] --------------------------------------------
[2025-11-20 11:31:12] Starting run 242 / 750: k=20, seed=2025, tol=1e-06, L1=0.1
[2025-11-20 11:31:12] --------------------------------------------
[2025-11-20 11:31:12] Skipping run (already completed)
	completed 285.8 hours ago at 2025-11-08T18:42:13Z UTC
	location: /zata/zippy/kresgeb/nmf_stuff/dlPFC/data/batched_nmf/nmf_k20_seed2025_tol1e-06_L10.1.rds
[2025-11-20 11:31:12] --------------------------------------------
[2025-11-20 11:31:12] Starting run 243 / 750: k=30, seed=2025, tol=1e-06, L1=0.1
[2025-11-20 11:31:12] --------------------------------------------
[2025-11-20 11:31:12] Skipping run (already completed)
	completed 285.7 hours ago at 2025-11-08T18:48:26Z UTC
	location: /zata/zippy/kresgeb/nmf_stuff/dlPFC/data/batched_nmf/nmf_k30_seed2025_tol1e-06_L10.1.rds
[2025-11-20 11:31:12] --------------------------------------------
[2025-11-20 11:31:12] Starting run 244 / 750: k=40, seed=2025, tol=1e-06, L1=0.1
[2025-11-20 11:31:12] --------------------------------------------
[2025-11-20 11:31:13] Skipping run (already completed)
	completed 285.4 hours ago at 2025-11-08T19:04:38Z UTC
	location: /zata/zippy/kresgeb/nmf_stuff/dlPFC/data/batched_nmf/nmf_k40_seed2025_tol1e-06_L10.1.rds
[2025-11-20 11:31:13] --------------------------------------------
[2025-11-20 11:31:13] Starting run 245 / 750: k=50, seed=2025, tol=1e-06, L1=0.1
[2025-11-20 11:31:13] --------------------------------------------
[2025-11-20 11:31:13] Skipping run (already completed)
	completed 285.3 hours ago at 2025-11-08T19:15:39Z UTC
	location: /zata/zippy/kresgeb/nmf_stuff/dlPFC/data/batched_nmf/nmf_k50_seed2025_tol1e-06_L10.1.rds
[2025-11-20 11:31:13] --------------------------------------------
[2025-11-20 11:31:13] Starting run 246 / 750: k=60, seed=2025, tol=1e-06, L1=0.1
[2025-11-20 11:31:13] --------------------------------------------
[2025-11-20 11:31:13] Skipping run (already completed)
	completed 284.9 hours ago at 2025-11-08T19:35:07Z UTC
	location: /zata/zippy/kresgeb/nmf_stuff/dlPFC/data/batched_nmf/nmf_k60_seed2025_tol1e-06_L10.1.rds
[2025-11-20 11:31:13] --------------------------------------------
[2025-11-20 11:31:13] Starting run 247 / 750: k=70, seed=2025, tol=1e-06, L1=0.1
[2025-11-20 11:31:13] --------------------------------------------
[2025-11-20 11:31:13] Skipping run (already completed)
	completed 284.5 hours ago at 2025-11-08T20:01:04Z UTC
	location: /zata/zippy/kresgeb/nmf_stuff/dlPFC/data/batched_nmf/nmf_k70_seed2025_tol1e-06_L10.1.rds
[2025-11-20 11:31:13] --------------------------------------------
[2025-11-20 11:31:13] Starting run 248 / 750: k=80, seed=2025, tol=1e-06, L1=0.1
[2025-11-20 11:31:13] --------------------------------------------
[2025-11-20 11:31:13] Skipping run (already completed)
	completed 284.0 hours ago at 2025-11-08T20:34:07Z UTC
	location: /zata/zippy/kresgeb/nmf_stuff/dlPFC/data/batched_nmf/nmf_k80_seed2025_tol1e-06_L10.1.rds
[2025-11-20 11:31:13] --------------------------------------------
[2025-11-20 11:31:13] Starting run 249 / 750: k=90, seed=2025, tol=1e-06, L1=0.1
[2025-11-20 11:31:13] --------------------------------------------
[2025-11-20 11:31:13] Skipping run (already completed)
	completed 283.2 hours ago at 2025-11-08T21:20:01Z UTC
	location: /zata/zippy/kresgeb/nmf_stuff/dlPFC/data/batched_nmf/nmf_k90_seed2025_tol1e-06_L10.1.rds
[2025-11-20 11:31:13] --------------------------------------------
[2025-11-20 11:31:13] Starting run 250 / 750: k=100, seed=2025, tol=1e-06, L1=0.1
[2025-11-20 11:31:13] --------------------------------------------
[2025-11-20 11:31:13] Skipping run (already completed)
	completed 282.5 hours ago at 2025-11-08T22:01:34Z UTC
	location: /zata/zippy/kresgeb/nmf_stuff/dlPFC/data/batched_nmf/nmf_k100_seed2025_tol1e-06_L10.1.rds
[2025-11-20 11:31:13] --------------------------------------------
[2025-11-20 11:31:13] Starting run 251 / 750: k=10, seed=42, tol=1e-07, L1=0.1
[2025-11-20 11:31:13] --------------------------------------------
[2025-11-20 11:31:13] Skipping run (already completed)
	completed 282.5 hours ago at 2025-11-08T22:03:49Z UTC
	location: /zata/zippy/kresgeb/nmf_stuff/dlPFC/data/batched_nmf/nmf_k10_seed42_tol1e-07_L10.1.rds
[2025-11-20 11:31:13] --------------------------------------------
[2025-11-20 11:31:13] Starting run 252 / 750: k=20, seed=42, tol=1e-07, L1=0.1
[2025-11-20 11:31:13] --------------------------------------------
[2025-11-20 11:31:13] Skipping run (already completed)
	completed 282.3 hours ago at 2025-11-08T22:15:08Z UTC
	location: /zata/zippy/kresgeb/nmf_stuff/dlPFC/data/batched_nmf/nmf_k20_seed42_tol1e-07_L10.1.rds
[2025-11-20 11:31:13] --------------------------------------------
[2025-11-20 11:31:13] Starting run 253 / 750: k=30, seed=42, tol=1e-07, L1=0.1
[2025-11-20 11:31:13] --------------------------------------------
[2025-11-20 11:31:13] Skipping run (already completed)
	completed 282.1 hours ago at 2025-11-08T22:24:48Z UTC
	location: /zata/zippy/kresgeb/nmf_stuff/dlPFC/data/batched_nmf/nmf_k30_seed42_tol1e-07_L10.1.rds
[2025-11-20 11:31:13] --------------------------------------------
[2025-11-20 11:31:13] Starting run 254 / 750: k=40, seed=42, tol=1e-07, L1=0.1
[2025-11-20 11:31:13] --------------------------------------------
[2025-11-20 11:31:13] Skipping run (already completed)
	completed 281.8 hours ago at 2025-11-08T22:45:57Z UTC
	location: /zata/zippy/kresgeb/nmf_stuff/dlPFC/data/batched_nmf/nmf_k40_seed42_tol1e-07_L10.1.rds
[2025-11-20 11:31:13] --------------------------------------------
[2025-11-20 11:31:13] Starting run 255 / 750: k=50, seed=42, tol=1e-07, L1=0.1
[2025-11-20 11:31:13] --------------------------------------------
[2025-11-20 11:31:13] Skipping run (already completed)
	completed 281.4 hours ago at 2025-11-08T23:09:49Z UTC
	location: /zata/zippy/kresgeb/nmf_stuff/dlPFC/data/batched_nmf/nmf_k50_seed42_tol1e-07_L10.1.rds
[2025-11-20 11:31:13] --------------------------------------------
[2025-11-20 11:31:13] Starting run 256 / 750: k=60, seed=42, tol=1e-07, L1=0.1
[2025-11-20 11:31:13] --------------------------------------------
[2025-11-20 11:31:13] Skipping run (already completed)
	completed 281.0 hours ago at 2025-11-08T23:33:13Z UTC
	location: /zata/zippy/kresgeb/nmf_stuff/dlPFC/data/batched_nmf/nmf_k60_seed42_tol1e-07_L10.1.rds
[2025-11-20 11:31:13] --------------------------------------------
[2025-11-20 11:31:13] Starting run 257 / 750: k=70, seed=42, tol=1e-07, L1=0.1
[2025-11-20 11:31:13] --------------------------------------------
[2025-11-20 11:31:13] Skipping run (already completed)
	completed 280.6 hours ago at 2025-11-08T23:58:06Z UTC
	location: /zata/zippy/kresgeb/nmf_stuff/dlPFC/data/batched_nmf/nmf_k70_seed42_tol1e-07_L10.1.rds
[2025-11-20 11:31:13] --------------------------------------------
[2025-11-20 11:31:13] Starting run 258 / 750: k=80, seed=42, tol=1e-07, L1=0.1
[2025-11-20 11:31:13] --------------------------------------------
[2025-11-20 11:31:13] Skipping run (already completed)
	completed 279.6 hours ago at 2025-11-09T00:57:54Z UTC
	location: /zata/zippy/kresgeb/nmf_stuff/dlPFC/data/batched_nmf/nmf_k80_seed42_tol1e-07_L10.1.rds
[2025-11-20 11:31:13] --------------------------------------------
[2025-11-20 11:31:13] Starting run 259 / 750: k=90, seed=42, tol=1e-07, L1=0.1
[2025-11-20 11:31:13] --------------------------------------------
[2025-11-20 11:31:13] Skipping run (already completed)
	completed 278.4 hours ago at 2025-11-09T02:06:05Z UTC
	location: /zata/zippy/kresgeb/nmf_stuff/dlPFC/data/batched_nmf/nmf_k90_seed42_tol1e-07_L10.1.rds
[2025-11-20 11:31:13] --------------------------------------------
[2025-11-20 11:31:13] Starting run 260 / 750: k=100, seed=42, tol=1e-07, L1=0.1
[2025-11-20 11:31:13] --------------------------------------------
[2025-11-20 11:31:13] Skipping run (already completed)
	completed 277.1 hours ago at 2025-11-09T03:25:22Z UTC
	location: /zata/zippy/kresgeb/nmf_stuff/dlPFC/data/batched_nmf/nmf_k100_seed42_tol1e-07_L10.1.rds
[2025-11-20 11:31:13] --------------------------------------------
[2025-11-20 11:31:13] Starting run 261 / 750: k=10, seed=1029, tol=1e-07, L1=0.1
[2025-11-20 11:31:13] --------------------------------------------
[2025-11-20 11:31:13] Skipping run (already completed)
	completed 277.1 hours ago at 2025-11-09T03:27:45Z UTC
	location: /zata/zippy/kresgeb/nmf_stuff/dlPFC/data/batched_nmf/nmf_k10_seed1029_tol1e-07_L10.1.rds
[2025-11-20 11:31:13] --------------------------------------------
[2025-11-20 11:31:13] Starting run 262 / 750: k=20, seed=1029, tol=1e-07, L1=0.1
[2025-11-20 11:31:13] --------------------------------------------
[2025-11-20 11:31:13] Skipping run (already completed)
	completed 276.8 hours ago at 2025-11-09T03:45:37Z UTC
	location: /zata/zippy/kresgeb/nmf_stuff/dlPFC/data/batched_nmf/nmf_k20_seed1029_tol1e-07_L10.1.rds
[2025-11-20 11:31:13] --------------------------------------------
[2025-11-20 11:31:13] Starting run 263 / 750: k=30, seed=1029, tol=1e-07, L1=0.1
[2025-11-20 11:31:13] --------------------------------------------
[2025-11-20 11:31:13] Skipping run (already completed)
	completed 276.4 hours ago at 2025-11-09T04:09:50Z UTC
	location: /zata/zippy/kresgeb/nmf_stuff/dlPFC/data/batched_nmf/nmf_k30_seed1029_tol1e-07_L10.1.rds
[2025-11-20 11:31:13] --------------------------------------------
[2025-11-20 11:31:13] Starting run 264 / 750: k=40, seed=1029, tol=1e-07, L1=0.1
[2025-11-20 11:31:13] --------------------------------------------
[2025-11-20 11:31:13] Skipping run (already completed)
	completed 276.2 hours ago at 2025-11-09T04:20:40Z UTC
	location: /zata/zippy/kresgeb/nmf_stuff/dlPFC/data/batched_nmf/nmf_k40_seed1029_tol1e-07_L10.1.rds
[2025-11-20 11:31:13] --------------------------------------------
[2025-11-20 11:31:13] Starting run 265 / 750: k=50, seed=1029, tol=1e-07, L1=0.1
[2025-11-20 11:31:13] --------------------------------------------
[2025-11-20 11:31:13] Skipping run (already completed)
	completed 275.8 hours ago at 2025-11-09T04:45:36Z UTC
	location: /zata/zippy/kresgeb/nmf_stuff/dlPFC/data/batched_nmf/nmf_k50_seed1029_tol1e-07_L10.1.rds
[2025-11-20 11:31:13] --------------------------------------------
[2025-11-20 11:31:13] Starting run 266 / 750: k=60, seed=1029, tol=1e-07, L1=0.1
[2025-11-20 11:31:13] --------------------------------------------
[2025-11-20 11:31:13] Skipping run (already completed)
	completed 275.3 hours ago at 2025-11-09T05:13:33Z UTC
	location: /zata/zippy/kresgeb/nmf_stuff/dlPFC/data/batched_nmf/nmf_k60_seed1029_tol1e-07_L10.1.rds
[2025-11-20 11:31:13] --------------------------------------------
[2025-11-20 11:31:13] Starting run 267 / 750: k=70, seed=1029, tol=1e-07, L1=0.1
[2025-11-20 11:31:13] --------------------------------------------
[2025-11-20 11:31:13] Skipping run (already completed)
	completed 274.5 hours ago at 2025-11-09T06:03:08Z UTC
	location: /zata/zippy/kresgeb/nmf_stuff/dlPFC/data/batched_nmf/nmf_k70_seed1029_tol1e-07_L10.1.rds
[2025-11-20 11:31:13] --------------------------------------------
[2025-11-20 11:31:13] Starting run 268 / 750: k=80, seed=1029, tol=1e-07, L1=0.1
[2025-11-20 11:31:13] --------------------------------------------
[2025-11-20 11:31:13] Skipping run (already completed)
	completed 273.3 hours ago at 2025-11-09T07:13:09Z UTC
	location: /zata/zippy/kresgeb/nmf_stuff/dlPFC/data/batched_nmf/nmf_k80_seed1029_tol1e-07_L10.1.rds
[2025-11-20 11:31:13] --------------------------------------------
[2025-11-20 11:31:13] Starting run 269 / 750: k=90, seed=1029, tol=1e-07, L1=0.1
[2025-11-20 11:31:13] --------------------------------------------
[2025-11-20 11:31:14] Skipping run (already completed)
	completed 272.2 hours ago at 2025-11-09T08:21:04Z UTC
	location: /zata/zippy/kresgeb/nmf_stuff/dlPFC/data/batched_nmf/nmf_k90_seed1029_tol1e-07_L10.1.rds
[2025-11-20 11:31:14] --------------------------------------------
[2025-11-20 11:31:14] Starting run 270 / 750: k=100, seed=1029, tol=1e-07, L1=0.1
[2025-11-20 11:31:14] --------------------------------------------
[2025-11-20 11:31:14] Skipping run (already completed)
	completed 269.4 hours ago at 2025-11-09T11:06:09Z UTC
	location: /zata/zippy/kresgeb/nmf_stuff/dlPFC/data/batched_nmf/nmf_k100_seed1029_tol1e-07_L10.1.rds
[2025-11-20 11:31:14] --------------------------------------------
[2025-11-20 11:31:14] Starting run 271 / 750: k=10, seed=31415, tol=1e-07, L1=0.1
[2025-11-20 11:31:14] --------------------------------------------
[2025-11-20 11:31:14] Skipping run (already completed)
	completed 269.4 hours ago at 2025-11-09T11:08:38Z UTC
	location: /zata/zippy/kresgeb/nmf_stuff/dlPFC/data/batched_nmf/nmf_k10_seed31415_tol1e-07_L10.1.rds
[2025-11-20 11:31:14] --------------------------------------------
[2025-11-20 11:31:14] Starting run 272 / 750: k=20, seed=31415, tol=1e-07, L1=0.1
[2025-11-20 11:31:14] --------------------------------------------
[2025-11-20 11:31:14] Skipping run (already completed)
	completed 269.3 hours ago at 2025-11-09T11:15:48Z UTC
	location: /zata/zippy/kresgeb/nmf_stuff/dlPFC/data/batched_nmf/nmf_k20_seed31415_tol1e-07_L10.1.rds
[2025-11-20 11:31:14] --------------------------------------------
[2025-11-20 11:31:14] Starting run 273 / 750: k=30, seed=31415, tol=1e-07, L1=0.1
[2025-11-20 11:31:14] --------------------------------------------
[2025-11-20 11:31:14] Skipping run (already completed)
	completed 269.1 hours ago at 2025-11-09T11:26:05Z UTC
	location: /zata/zippy/kresgeb/nmf_stuff/dlPFC/data/batched_nmf/nmf_k30_seed31415_tol1e-07_L10.1.rds
[2025-11-20 11:31:14] --------------------------------------------
[2025-11-20 11:31:14] Starting run 274 / 750: k=40, seed=31415, tol=1e-07, L1=0.1
[2025-11-20 11:31:14] --------------------------------------------
[2025-11-20 11:31:14] Skipping run (already completed)
	completed 268.9 hours ago at 2025-11-09T11:37:33Z UTC
	location: /zata/zippy/kresgeb/nmf_stuff/dlPFC/data/batched_nmf/nmf_k40_seed31415_tol1e-07_L10.1.rds
[2025-11-20 11:31:14] --------------------------------------------
[2025-11-20 11:31:14] Starting run 275 / 750: k=50, seed=31415, tol=1e-07, L1=0.1
[2025-11-20 11:31:14] --------------------------------------------
[2025-11-20 11:31:14] Skipping run (already completed)
	completed 268.7 hours ago at 2025-11-09T11:52:10Z UTC
	location: /zata/zippy/kresgeb/nmf_stuff/dlPFC/data/batched_nmf/nmf_k50_seed31415_tol1e-07_L10.1.rds
[2025-11-20 11:31:14] --------------------------------------------
[2025-11-20 11:31:14] Starting run 276 / 750: k=60, seed=31415, tol=1e-07, L1=0.1
[2025-11-20 11:31:14] --------------------------------------------
[2025-11-20 11:31:14] Skipping run (already completed)
	completed 268.2 hours ago at 2025-11-09T12:22:07Z UTC
	location: /zata/zippy/kresgeb/nmf_stuff/dlPFC/data/batched_nmf/nmf_k60_seed31415_tol1e-07_L10.1.rds
[2025-11-20 11:31:14] --------------------------------------------
[2025-11-20 11:31:14] Starting run 277 / 750: k=70, seed=31415, tol=1e-07, L1=0.1
[2025-11-20 11:31:14] --------------------------------------------
[2025-11-20 11:31:14] Skipping run (already completed)
	completed 267.7 hours ago at 2025-11-09T12:49:10Z UTC
	location: /zata/zippy/kresgeb/nmf_stuff/dlPFC/data/batched_nmf/nmf_k70_seed31415_tol1e-07_L10.1.rds
[2025-11-20 11:31:14] --------------------------------------------
[2025-11-20 11:31:14] Starting run 278 / 750: k=80, seed=31415, tol=1e-07, L1=0.1
[2025-11-20 11:31:14] --------------------------------------------
[2025-11-20 11:31:14] Skipping run (already completed)
	completed 267.0 hours ago at 2025-11-09T13:30:59Z UTC
	location: /zata/zippy/kresgeb/nmf_stuff/dlPFC/data/batched_nmf/nmf_k80_seed31415_tol1e-07_L10.1.rds
[2025-11-20 11:31:14] --------------------------------------------
[2025-11-20 11:31:14] Starting run 279 / 750: k=90, seed=31415, tol=1e-07, L1=0.1
[2025-11-20 11:31:14] --------------------------------------------
[2025-11-20 11:31:14] Skipping run (already completed)
	completed 265.5 hours ago at 2025-11-09T14:59:17Z UTC
	location: /zata/zippy/kresgeb/nmf_stuff/dlPFC/data/batched_nmf/nmf_k90_seed31415_tol1e-07_L10.1.rds
[2025-11-20 11:31:14] --------------------------------------------
[2025-11-20 11:31:14] Starting run 280 / 750: k=100, seed=31415, tol=1e-07, L1=0.1
[2025-11-20 11:31:14] --------------------------------------------
[2025-11-20 11:31:14] Skipping run (already completed)
	completed 263.7 hours ago at 2025-11-09T16:52:11Z UTC
	location: /zata/zippy/kresgeb/nmf_stuff/dlPFC/data/batched_nmf/nmf_k100_seed31415_tol1e-07_L10.1.rds
[2025-11-20 11:31:14] --------------------------------------------
[2025-11-20 11:31:14] Starting run 281 / 750: k=10, seed=120301, tol=1e-07, L1=0.1
[2025-11-20 11:31:14] --------------------------------------------
[2025-11-20 11:31:14] Skipping run (already completed)
	completed 263.6 hours ago at 2025-11-09T16:54:35Z UTC
	location: /zata/zippy/kresgeb/nmf_stuff/dlPFC/data/batched_nmf/nmf_k10_seed120301_tol1e-07_L10.1.rds
[2025-11-20 11:31:14] --------------------------------------------
[2025-11-20 11:31:14] Starting run 282 / 750: k=20, seed=120301, tol=1e-07, L1=0.1
[2025-11-20 11:31:14] --------------------------------------------
[2025-11-20 11:31:14] Skipping run (already completed)
	completed 263.3 hours ago at 2025-11-09T17:11:11Z UTC
	location: /zata/zippy/kresgeb/nmf_stuff/dlPFC/data/batched_nmf/nmf_k20_seed120301_tol1e-07_L10.1.rds
[2025-11-20 11:31:14] --------------------------------------------
[2025-11-20 11:31:14] Starting run 283 / 750: k=30, seed=120301, tol=1e-07, L1=0.1
[2025-11-20 11:31:14] --------------------------------------------
[2025-11-20 11:31:14] Skipping run (already completed)
	completed 263.2 hours ago at 2025-11-09T17:18:03Z UTC
	location: /zata/zippy/kresgeb/nmf_stuff/dlPFC/data/batched_nmf/nmf_k30_seed120301_tol1e-07_L10.1.rds
[2025-11-20 11:31:14] --------------------------------------------
[2025-11-20 11:31:14] Starting run 284 / 750: k=40, seed=120301, tol=1e-07, L1=0.1
[2025-11-20 11:31:14] --------------------------------------------
[2025-11-20 11:31:14] Skipping run (already completed)
	completed 262.9 hours ago at 2025-11-09T17:38:22Z UTC
	location: /zata/zippy/kresgeb/nmf_stuff/dlPFC/data/batched_nmf/nmf_k40_seed120301_tol1e-07_L10.1.rds
[2025-11-20 11:31:14] --------------------------------------------
[2025-11-20 11:31:14] Starting run 285 / 750: k=50, seed=120301, tol=1e-07, L1=0.1
[2025-11-20 11:31:14] --------------------------------------------
[2025-11-20 11:31:14] Skipping run (already completed)
	completed 262.7 hours ago at 2025-11-09T17:51:07Z UTC
	location: /zata/zippy/kresgeb/nmf_stuff/dlPFC/data/batched_nmf/nmf_k50_seed120301_tol1e-07_L10.1.rds
[2025-11-20 11:31:14] --------------------------------------------
[2025-11-20 11:31:14] Starting run 286 / 750: k=60, seed=120301, tol=1e-07, L1=0.1
[2025-11-20 11:31:14] --------------------------------------------
[2025-11-20 11:31:14] Skipping run (already completed)
	completed 262.0 hours ago at 2025-11-09T18:33:19Z UTC
	location: /zata/zippy/kresgeb/nmf_stuff/dlPFC/data/batched_nmf/nmf_k60_seed120301_tol1e-07_L10.1.rds
[2025-11-20 11:31:14] --------------------------------------------
[2025-11-20 11:31:14] Starting run 287 / 750: k=70, seed=120301, tol=1e-07, L1=0.1
[2025-11-20 11:31:14] --------------------------------------------
[2025-11-20 11:31:14] Skipping run (already completed)
	completed 261.2 hours ago at 2025-11-09T19:20:56Z UTC
	location: /zata/zippy/kresgeb/nmf_stuff/dlPFC/data/batched_nmf/nmf_k70_seed120301_tol1e-07_L10.1.rds
[2025-11-20 11:31:14] --------------------------------------------
[2025-11-20 11:31:14] Starting run 288 / 750: k=80, seed=120301, tol=1e-07, L1=0.1
[2025-11-20 11:31:14] --------------------------------------------
[2025-11-20 11:31:14] Skipping run (already completed)
	completed 260.5 hours ago at 2025-11-09T20:00:27Z UTC
	location: /zata/zippy/kresgeb/nmf_stuff/dlPFC/data/batched_nmf/nmf_k80_seed120301_tol1e-07_L10.1.rds
[2025-11-20 11:31:14] --------------------------------------------
[2025-11-20 11:31:14] Starting run 289 / 750: k=90, seed=120301, tol=1e-07, L1=0.1
[2025-11-20 11:31:14] --------------------------------------------
[2025-11-20 11:31:14] Skipping run (already completed)
	completed 259.2 hours ago at 2025-11-09T21:16:21Z UTC
	location: /zata/zippy/kresgeb/nmf_stuff/dlPFC/data/batched_nmf/nmf_k90_seed120301_tol1e-07_L10.1.rds
[2025-11-20 11:31:14] --------------------------------------------
[2025-11-20 11:31:14] Starting run 290 / 750: k=100, seed=120301, tol=1e-07, L1=0.1
[2025-11-20 11:31:14] --------------------------------------------
[2025-11-20 11:31:14] Skipping run (already completed)
	completed 258.1 hours ago at 2025-11-09T22:26:02Z UTC
	location: /zata/zippy/kresgeb/nmf_stuff/dlPFC/data/batched_nmf/nmf_k100_seed120301_tol1e-07_L10.1.rds
[2025-11-20 11:31:14] --------------------------------------------
[2025-11-20 11:31:14] Starting run 291 / 750: k=10, seed=2025, tol=1e-07, L1=0.1
[2025-11-20 11:31:14] --------------------------------------------
[2025-11-20 11:31:14] Skipping run (already completed)
	completed 258.0 hours ago at 2025-11-09T22:28:29Z UTC
	location: /zata/zippy/kresgeb/nmf_stuff/dlPFC/data/batched_nmf/nmf_k10_seed2025_tol1e-07_L10.1.rds
[2025-11-20 11:31:14] --------------------------------------------
[2025-11-20 11:31:14] Starting run 292 / 750: k=20, seed=2025, tol=1e-07, L1=0.1
[2025-11-20 11:31:14] --------------------------------------------
[2025-11-20 11:31:14] Skipping run (already completed)
	completed 257.8 hours ago at 2025-11-09T22:43:28Z UTC
	location: /zata/zippy/kresgeb/nmf_stuff/dlPFC/data/batched_nmf/nmf_k20_seed2025_tol1e-07_L10.1.rds
[2025-11-20 11:31:14] --------------------------------------------
[2025-11-20 11:31:14] Starting run 293 / 750: k=30, seed=2025, tol=1e-07, L1=0.1
[2025-11-20 11:31:14] --------------------------------------------
[2025-11-20 11:31:14] Skipping run (already completed)
	completed 257.6 hours ago at 2025-11-09T22:55:53Z UTC
	location: /zata/zippy/kresgeb/nmf_stuff/dlPFC/data/batched_nmf/nmf_k30_seed2025_tol1e-07_L10.1.rds
[2025-11-20 11:31:14] --------------------------------------------
[2025-11-20 11:31:14] Starting run 294 / 750: k=40, seed=2025, tol=1e-07, L1=0.1
[2025-11-20 11:31:14] --------------------------------------------
[2025-11-20 11:31:15] Skipping run (already completed)
	completed 257.2 hours ago at 2025-11-09T23:17:52Z UTC
	location: /zata/zippy/kresgeb/nmf_stuff/dlPFC/data/batched_nmf/nmf_k40_seed2025_tol1e-07_L10.1.rds
[2025-11-20 11:31:15] --------------------------------------------
[2025-11-20 11:31:15] Starting run 295 / 750: k=50, seed=2025, tol=1e-07, L1=0.1
[2025-11-20 11:31:15] --------------------------------------------
[2025-11-20 11:31:15] Skipping run (already completed)
	completed 257.0 hours ago at 2025-11-09T23:31:28Z UTC
	location: /zata/zippy/kresgeb/nmf_stuff/dlPFC/data/batched_nmf/nmf_k50_seed2025_tol1e-07_L10.1.rds
[2025-11-20 11:31:15] --------------------------------------------
[2025-11-20 11:31:15] Starting run 296 / 750: k=60, seed=2025, tol=1e-07, L1=0.1
[2025-11-20 11:31:15] --------------------------------------------
[2025-11-20 11:31:15] Skipping run (already completed)
	completed 256.3 hours ago at 2025-11-10T00:15:22Z UTC
	location: /zata/zippy/kresgeb/nmf_stuff/dlPFC/data/batched_nmf/nmf_k60_seed2025_tol1e-07_L10.1.rds
[2025-11-20 11:31:15] --------------------------------------------
[2025-11-20 11:31:15] Starting run 297 / 750: k=70, seed=2025, tol=1e-07, L1=0.1
[2025-11-20 11:31:15] --------------------------------------------
[2025-11-20 11:31:15] Skipping run (already completed)
	completed 255.0 hours ago at 2025-11-10T01:29:17Z UTC
	location: /zata/zippy/kresgeb/nmf_stuff/dlPFC/data/batched_nmf/nmf_k70_seed2025_tol1e-07_L10.1.rds
[2025-11-20 11:31:15] --------------------------------------------
[2025-11-20 11:31:15] Starting run 298 / 750: k=80, seed=2025, tol=1e-07, L1=0.1
[2025-11-20 11:31:15] --------------------------------------------
[2025-11-20 11:31:15] Skipping run (already completed)
	completed 254.4 hours ago at 2025-11-10T02:09:13Z UTC
	location: /zata/zippy/kresgeb/nmf_stuff/dlPFC/data/batched_nmf/nmf_k80_seed2025_tol1e-07_L10.1.rds
[2025-11-20 11:31:15] --------------------------------------------
[2025-11-20 11:31:15] Starting run 299 / 750: k=90, seed=2025, tol=1e-07, L1=0.1
[2025-11-20 11:31:15] --------------------------------------------
[2025-11-20 11:31:15] Skipping run (already completed)
	completed 252.0 hours ago at 2025-11-10T04:32:57Z UTC
	location: /zata/zippy/kresgeb/nmf_stuff/dlPFC/data/batched_nmf/nmf_k90_seed2025_tol1e-07_L10.1.rds
[2025-11-20 11:31:15] --------------------------------------------
[2025-11-20 11:31:15] Starting run 300 / 750: k=100, seed=2025, tol=1e-07, L1=0.1
[2025-11-20 11:31:15] --------------------------------------------
[2025-11-20 11:31:15] Skipping run (already completed)
	completed 250.2 hours ago at 2025-11-10T06:16:55Z UTC
	location: /zata/zippy/kresgeb/nmf_stuff/dlPFC/data/batched_nmf/nmf_k100_seed2025_tol1e-07_L10.1.rds
[2025-11-20 11:31:15] --------------------------------------------
[2025-11-20 11:31:15] Starting run 301 / 750: k=10, seed=42, tol=1e-05, L1=0.2
[2025-11-20 11:31:15] --------------------------------------------
[2025-11-20 11:31:15] Skipping run (already completed)
	completed 130.6 hours ago at 2025-11-15T05:53:22Z UTC
	location: /zata/zippy/kresgeb/nmf_stuff/dlPFC/data/batched_nmf/nmf_k10_seed42_tol1e-05_L10.2.rds
[2025-11-20 11:31:15] --------------------------------------------
[2025-11-20 11:31:15] Starting run 302 / 750: k=20, seed=42, tol=1e-05, L1=0.2
[2025-11-20 11:31:15] --------------------------------------------
[2025-11-20 11:31:15] Skipping run (already completed)
	completed 130.6 hours ago at 2025-11-15T05:56:37Z UTC
	location: /zata/zippy/kresgeb/nmf_stuff/dlPFC/data/batched_nmf/nmf_k20_seed42_tol1e-05_L10.2.rds
[2025-11-20 11:31:15] --------------------------------------------
[2025-11-20 11:31:15] Starting run 303 / 750: k=30, seed=42, tol=1e-05, L1=0.2
[2025-11-20 11:31:15] --------------------------------------------
[2025-11-20 11:31:15] Skipping run (already completed)
	completed 130.5 hours ago at 2025-11-15T06:02:47Z UTC
	location: /zata/zippy/kresgeb/nmf_stuff/dlPFC/data/batched_nmf/nmf_k30_seed42_tol1e-05_L10.2.rds
[2025-11-20 11:31:15] --------------------------------------------
[2025-11-20 11:31:15] Starting run 304 / 750: k=40, seed=42, tol=1e-05, L1=0.2
[2025-11-20 11:31:15] --------------------------------------------
[2025-11-20 11:31:15] Skipping run (already completed)
	completed 130.4 hours ago at 2025-11-15T06:09:56Z UTC
	location: /zata/zippy/kresgeb/nmf_stuff/dlPFC/data/batched_nmf/nmf_k40_seed42_tol1e-05_L10.2.rds
[2025-11-20 11:31:15] --------------------------------------------
[2025-11-20 11:31:15] Starting run 305 / 750: k=50, seed=42, tol=1e-05, L1=0.2
[2025-11-20 11:31:15] --------------------------------------------
[2025-11-20 11:31:15] Skipping run (already completed)
	completed 130.2 hours ago at 2025-11-15T06:17:56Z UTC
	location: /zata/zippy/kresgeb/nmf_stuff/dlPFC/data/batched_nmf/nmf_k50_seed42_tol1e-05_L10.2.rds
[2025-11-20 11:31:15] --------------------------------------------
[2025-11-20 11:31:15] Starting run 306 / 750: k=60, seed=42, tol=1e-05, L1=0.2
[2025-11-20 11:31:15] --------------------------------------------
[2025-11-20 11:31:15] Skipping run (already completed)
	completed 130.1 hours ago at 2025-11-15T06:25:53Z UTC
	location: /zata/zippy/kresgeb/nmf_stuff/dlPFC/data/batched_nmf/nmf_k60_seed42_tol1e-05_L10.2.rds
[2025-11-20 11:31:15] --------------------------------------------
[2025-11-20 11:31:15] Starting run 307 / 750: k=70, seed=42, tol=1e-05, L1=0.2
[2025-11-20 11:31:15] --------------------------------------------
[2025-11-20 11:31:15] Skipping run (already completed)
	completed 129.9 hours ago at 2025-11-15T06:36:48Z UTC
	location: /zata/zippy/kresgeb/nmf_stuff/dlPFC/data/batched_nmf/nmf_k70_seed42_tol1e-05_L10.2.rds
[2025-11-20 11:31:15] --------------------------------------------
[2025-11-20 11:31:15] Starting run 308 / 750: k=80, seed=42, tol=1e-05, L1=0.2
[2025-11-20 11:31:15] --------------------------------------------
[2025-11-20 11:31:15] Skipping run (already completed)
	completed 129.7 hours ago at 2025-11-15T06:52:12Z UTC
	location: /zata/zippy/kresgeb/nmf_stuff/dlPFC/data/batched_nmf/nmf_k80_seed42_tol1e-05_L10.2.rds
[2025-11-20 11:31:15] --------------------------------------------
[2025-11-20 11:31:15] Starting run 309 / 750: k=90, seed=42, tol=1e-05, L1=0.2
[2025-11-20 11:31:15] --------------------------------------------
[2025-11-20 11:31:15] Skipping run (already completed)
	completed 129.3 hours ago at 2025-11-15T07:15:23Z UTC
	location: /zata/zippy/kresgeb/nmf_stuff/dlPFC/data/batched_nmf/nmf_k90_seed42_tol1e-05_L10.2.rds
[2025-11-20 11:31:15] --------------------------------------------
[2025-11-20 11:31:15] Starting run 310 / 750: k=100, seed=42, tol=1e-05, L1=0.2
[2025-11-20 11:31:15] --------------------------------------------
[2025-11-20 11:31:15] Skipping run (already completed)
	completed 128.9 hours ago at 2025-11-15T07:39:00Z UTC
	location: /zata/zippy/kresgeb/nmf_stuff/dlPFC/data/batched_nmf/nmf_k100_seed42_tol1e-05_L10.2.rds
[2025-11-20 11:31:15] --------------------------------------------
[2025-11-20 11:31:15] Starting run 311 / 750: k=10, seed=1029, tol=1e-05, L1=0.2
[2025-11-20 11:31:15] --------------------------------------------
[2025-11-20 11:31:15] Skipping run (already completed)
	completed 128.8 hours ago at 2025-11-15T07:41:20Z UTC
	location: /zata/zippy/kresgeb/nmf_stuff/dlPFC/data/batched_nmf/nmf_k10_seed1029_tol1e-05_L10.2.rds
[2025-11-20 11:31:15] --------------------------------------------
[2025-11-20 11:31:15] Starting run 312 / 750: k=20, seed=1029, tol=1e-05, L1=0.2
[2025-11-20 11:31:15] --------------------------------------------
[2025-11-20 11:31:15] Skipping run (already completed)
	completed 128.8 hours ago at 2025-11-15T07:45:25Z UTC
	location: /zata/zippy/kresgeb/nmf_stuff/dlPFC/data/batched_nmf/nmf_k20_seed1029_tol1e-05_L10.2.rds
[2025-11-20 11:31:15] --------------------------------------------
[2025-11-20 11:31:15] Starting run 313 / 750: k=30, seed=1029, tol=1e-05, L1=0.2
[2025-11-20 11:31:15] --------------------------------------------
[2025-11-20 11:31:15] Skipping run (already completed)
	completed 128.7 hours ago at 2025-11-15T07:50:00Z UTC
	location: /zata/zippy/kresgeb/nmf_stuff/dlPFC/data/batched_nmf/nmf_k30_seed1029_tol1e-05_L10.2.rds
[2025-11-20 11:31:15] --------------------------------------------
[2025-11-20 11:31:15] Starting run 314 / 750: k=40, seed=1029, tol=1e-05, L1=0.2
[2025-11-20 11:31:15] --------------------------------------------
[2025-11-20 11:31:15] Skipping run (already completed)
	completed 128.6 hours ago at 2025-11-15T07:56:11Z UTC
	location: /zata/zippy/kresgeb/nmf_stuff/dlPFC/data/batched_nmf/nmf_k40_seed1029_tol1e-05_L10.2.rds
[2025-11-20 11:31:15] --------------------------------------------
[2025-11-20 11:31:15] Starting run 315 / 750: k=50, seed=1029, tol=1e-05, L1=0.2
[2025-11-20 11:31:15] --------------------------------------------
[2025-11-20 11:31:15] Skipping run (already completed)
	completed 128.5 hours ago at 2025-11-15T08:03:29Z UTC
	location: /zata/zippy/kresgeb/nmf_stuff/dlPFC/data/batched_nmf/nmf_k50_seed1029_tol1e-05_L10.2.rds
[2025-11-20 11:31:15] --------------------------------------------
[2025-11-20 11:31:15] Starting run 316 / 750: k=60, seed=1029, tol=1e-05, L1=0.2
[2025-11-20 11:31:15] --------------------------------------------
[2025-11-20 11:31:15] Skipping run (already completed)
	completed 128.3 hours ago at 2025-11-15T08:12:12Z UTC
	location: /zata/zippy/kresgeb/nmf_stuff/dlPFC/data/batched_nmf/nmf_k60_seed1029_tol1e-05_L10.2.rds
[2025-11-20 11:31:15] --------------------------------------------
[2025-11-20 11:31:15] Starting run 317 / 750: k=70, seed=1029, tol=1e-05, L1=0.2
[2025-11-20 11:31:15] --------------------------------------------
[2025-11-20 11:31:15] Skipping run (already completed)
	completed 128.1 hours ago at 2025-11-15T08:23:15Z UTC
	location: /zata/zippy/kresgeb/nmf_stuff/dlPFC/data/batched_nmf/nmf_k70_seed1029_tol1e-05_L10.2.rds
[2025-11-20 11:31:15] --------------------------------------------
[2025-11-20 11:31:15] Starting run 318 / 750: k=80, seed=1029, tol=1e-05, L1=0.2
[2025-11-20 11:31:15] --------------------------------------------
[2025-11-20 11:31:16] Skipping run (already completed)
	completed 127.9 hours ago at 2025-11-15T08:37:39Z UTC
	location: /zata/zippy/kresgeb/nmf_stuff/dlPFC/data/batched_nmf/nmf_k80_seed1029_tol1e-05_L10.2.rds
[2025-11-20 11:31:16] --------------------------------------------
[2025-11-20 11:31:16] Starting run 319 / 750: k=90, seed=1029, tol=1e-05, L1=0.2
[2025-11-20 11:31:16] --------------------------------------------
[2025-11-20 11:31:16] Skipping run (already completed)
	completed 127.6 hours ago at 2025-11-15T08:55:52Z UTC
	location: /zata/zippy/kresgeb/nmf_stuff/dlPFC/data/batched_nmf/nmf_k90_seed1029_tol1e-05_L10.2.rds
[2025-11-20 11:31:16] --------------------------------------------
[2025-11-20 11:31:16] Starting run 320 / 750: k=100, seed=1029, tol=1e-05, L1=0.2
[2025-11-20 11:31:16] --------------------------------------------
[2025-11-20 11:31:16] Skipping run (already completed)
	completed 127.2 hours ago at 2025-11-15T09:22:06Z UTC
	location: /zata/zippy/kresgeb/nmf_stuff/dlPFC/data/batched_nmf/nmf_k100_seed1029_tol1e-05_L10.2.rds
[2025-11-20 11:31:16] --------------------------------------------
[2025-11-20 11:31:16] Starting run 321 / 750: k=10, seed=31415, tol=1e-05, L1=0.2
[2025-11-20 11:31:16] --------------------------------------------
[2025-11-20 11:31:16] Skipping run (already completed)
	completed 127.1 hours ago at 2025-11-15T09:24:04Z UTC
	location: /zata/zippy/kresgeb/nmf_stuff/dlPFC/data/batched_nmf/nmf_k10_seed31415_tol1e-05_L10.2.rds
[2025-11-20 11:31:16] --------------------------------------------
[2025-11-20 11:31:16] Starting run 322 / 750: k=20, seed=31415, tol=1e-05, L1=0.2
[2025-11-20 11:31:16] --------------------------------------------
[2025-11-20 11:31:16] Skipping run (already completed)
	completed 127.0 hours ago at 2025-11-15T09:28:21Z UTC
	location: /zata/zippy/kresgeb/nmf_stuff/dlPFC/data/batched_nmf/nmf_k20_seed31415_tol1e-05_L10.2.rds
[2025-11-20 11:31:16] --------------------------------------------
[2025-11-20 11:31:16] Starting run 323 / 750: k=30, seed=31415, tol=1e-05, L1=0.2
[2025-11-20 11:31:16] --------------------------------------------
[2025-11-20 11:31:16] Skipping run (already completed)
	completed 127.0 hours ago at 2025-11-15T09:33:23Z UTC
	location: /zata/zippy/kresgeb/nmf_stuff/dlPFC/data/batched_nmf/nmf_k30_seed31415_tol1e-05_L10.2.rds
[2025-11-20 11:31:16] --------------------------------------------
[2025-11-20 11:31:16] Starting run 324 / 750: k=40, seed=31415, tol=1e-05, L1=0.2
[2025-11-20 11:31:16] --------------------------------------------
[2025-11-20 11:31:16] Skipping run (already completed)
	completed 126.9 hours ago at 2025-11-15T09:38:56Z UTC
	location: /zata/zippy/kresgeb/nmf_stuff/dlPFC/data/batched_nmf/nmf_k40_seed31415_tol1e-05_L10.2.rds
[2025-11-20 11:31:16] --------------------------------------------
[2025-11-20 11:31:16] Starting run 325 / 750: k=50, seed=31415, tol=1e-05, L1=0.2
[2025-11-20 11:31:16] --------------------------------------------
[2025-11-20 11:31:16] Skipping run (already completed)
	completed 126.8 hours ago at 2025-11-15T09:45:41Z UTC
	location: /zata/zippy/kresgeb/nmf_stuff/dlPFC/data/batched_nmf/nmf_k50_seed31415_tol1e-05_L10.2.rds
[2025-11-20 11:31:16] --------------------------------------------
[2025-11-20 11:31:16] Starting run 326 / 750: k=60, seed=31415, tol=1e-05, L1=0.2
[2025-11-20 11:31:16] --------------------------------------------
[2025-11-20 11:31:16] Skipping run (already completed)
	completed 126.6 hours ago at 2025-11-15T09:53:29Z UTC
	location: /zata/zippy/kresgeb/nmf_stuff/dlPFC/data/batched_nmf/nmf_k60_seed31415_tol1e-05_L10.2.rds
[2025-11-20 11:31:16] --------------------------------------------
[2025-11-20 11:31:16] Starting run 327 / 750: k=70, seed=31415, tol=1e-05, L1=0.2
[2025-11-20 11:31:16] --------------------------------------------
[2025-11-20 11:31:16] Skipping run (already completed)
	completed 126.3 hours ago at 2025-11-15T10:11:47Z UTC
	location: /zata/zippy/kresgeb/nmf_stuff/dlPFC/data/batched_nmf/nmf_k70_seed31415_tol1e-05_L10.2.rds
[2025-11-20 11:31:16] --------------------------------------------
[2025-11-20 11:31:16] Starting run 328 / 750: k=80, seed=31415, tol=1e-05, L1=0.2
[2025-11-20 11:31:16] --------------------------------------------
[2025-11-20 11:31:16] Skipping run (already completed)
	completed 126.1 hours ago at 2025-11-15T10:25:12Z UTC
	location: /zata/zippy/kresgeb/nmf_stuff/dlPFC/data/batched_nmf/nmf_k80_seed31415_tol1e-05_L10.2.rds
[2025-11-20 11:31:16] --------------------------------------------
[2025-11-20 11:31:16] Starting run 329 / 750: k=90, seed=31415, tol=1e-05, L1=0.2
[2025-11-20 11:31:16] --------------------------------------------
[2025-11-20 11:31:16] Skipping run (already completed)
	completed 125.8 hours ago at 2025-11-15T10:41:56Z UTC
	location: /zata/zippy/kresgeb/nmf_stuff/dlPFC/data/batched_nmf/nmf_k90_seed31415_tol1e-05_L10.2.rds
[2025-11-20 11:31:16] --------------------------------------------
[2025-11-20 11:31:16] Starting run 330 / 750: k=100, seed=31415, tol=1e-05, L1=0.2
[2025-11-20 11:31:16] --------------------------------------------
[2025-11-20 11:31:16] Skipping run (already completed)
	completed 125.3 hours ago at 2025-11-15T11:15:10Z UTC
	location: /zata/zippy/kresgeb/nmf_stuff/dlPFC/data/batched_nmf/nmf_k100_seed31415_tol1e-05_L10.2.rds
[2025-11-20 11:31:16] --------------------------------------------
[2025-11-20 11:31:16] Starting run 331 / 750: k=10, seed=120301, tol=1e-05, L1=0.2
[2025-11-20 11:31:16] --------------------------------------------
[2025-11-20 11:31:16] Skipping run (already completed)
	completed 125.2 hours ago at 2025-11-15T11:17:22Z UTC
	location: /zata/zippy/kresgeb/nmf_stuff/dlPFC/data/batched_nmf/nmf_k10_seed120301_tol1e-05_L10.2.rds
[2025-11-20 11:31:16] --------------------------------------------
[2025-11-20 11:31:16] Starting run 332 / 750: k=20, seed=120301, tol=1e-05, L1=0.2
[2025-11-20 11:31:16] --------------------------------------------
[2025-11-20 11:31:16] Skipping run (already completed)
	completed 125.2 hours ago at 2025-11-15T11:20:37Z UTC
	location: /zata/zippy/kresgeb/nmf_stuff/dlPFC/data/batched_nmf/nmf_k20_seed120301_tol1e-05_L10.2.rds
[2025-11-20 11:31:16] --------------------------------------------
[2025-11-20 11:31:16] Starting run 333 / 750: k=30, seed=120301, tol=1e-05, L1=0.2
[2025-11-20 11:31:16] --------------------------------------------
[2025-11-20 11:31:16] Skipping run (already completed)
	completed 125.1 hours ago at 2025-11-15T11:25:35Z UTC
	location: /zata/zippy/kresgeb/nmf_stuff/dlPFC/data/batched_nmf/nmf_k30_seed120301_tol1e-05_L10.2.rds
[2025-11-20 11:31:16] --------------------------------------------
[2025-11-20 11:31:16] Starting run 334 / 750: k=40, seed=120301, tol=1e-05, L1=0.2
[2025-11-20 11:31:16] --------------------------------------------
[2025-11-20 11:31:16] Skipping run (already completed)
	completed 125.0 hours ago at 2025-11-15T11:30:01Z UTC
	location: /zata/zippy/kresgeb/nmf_stuff/dlPFC/data/batched_nmf/nmf_k40_seed120301_tol1e-05_L10.2.rds
[2025-11-20 11:31:16] --------------------------------------------
[2025-11-20 11:31:16] Starting run 335 / 750: k=50, seed=120301, tol=1e-05, L1=0.2
[2025-11-20 11:31:16] --------------------------------------------
[2025-11-20 11:31:16] Skipping run (already completed)
	completed 124.9 hours ago at 2025-11-15T11:39:06Z UTC
	location: /zata/zippy/kresgeb/nmf_stuff/dlPFC/data/batched_nmf/nmf_k50_seed120301_tol1e-05_L10.2.rds
[2025-11-20 11:31:16] --------------------------------------------
[2025-11-20 11:31:16] Starting run 336 / 750: k=60, seed=120301, tol=1e-05, L1=0.2
[2025-11-20 11:31:16] --------------------------------------------
[2025-11-20 11:31:16] Skipping run (already completed)
	completed 124.7 hours ago at 2025-11-15T11:50:31Z UTC
	location: /zata/zippy/kresgeb/nmf_stuff/dlPFC/data/batched_nmf/nmf_k60_seed120301_tol1e-05_L10.2.rds
[2025-11-20 11:31:16] --------------------------------------------
[2025-11-20 11:31:16] Starting run 337 / 750: k=70, seed=120301, tol=1e-05, L1=0.2
[2025-11-20 11:31:16] --------------------------------------------
[2025-11-20 11:31:16] Skipping run (already completed)
	completed 124.4 hours ago at 2025-11-15T12:07:38Z UTC
	location: /zata/zippy/kresgeb/nmf_stuff/dlPFC/data/batched_nmf/nmf_k70_seed120301_tol1e-05_L10.2.rds
[2025-11-20 11:31:16] --------------------------------------------
[2025-11-20 11:31:16] Starting run 338 / 750: k=80, seed=120301, tol=1e-05, L1=0.2
[2025-11-20 11:31:16] --------------------------------------------
[2025-11-20 11:31:16] Skipping run (already completed)
	completed 124.2 hours ago at 2025-11-15T12:22:02Z UTC
	location: /zata/zippy/kresgeb/nmf_stuff/dlPFC/data/batched_nmf/nmf_k80_seed120301_tol1e-05_L10.2.rds
[2025-11-20 11:31:16] --------------------------------------------
[2025-11-20 11:31:16] Starting run 339 / 750: k=90, seed=120301, tol=1e-05, L1=0.2
[2025-11-20 11:31:16] --------------------------------------------
[2025-11-20 11:31:16] Skipping run (already completed)
	completed 123.8 hours ago at 2025-11-15T12:45:11Z UTC
	location: /zata/zippy/kresgeb/nmf_stuff/dlPFC/data/batched_nmf/nmf_k90_seed120301_tol1e-05_L10.2.rds
[2025-11-20 11:31:16] --------------------------------------------
[2025-11-20 11:31:16] Starting run 340 / 750: k=100, seed=120301, tol=1e-05, L1=0.2
[2025-11-20 11:31:16] --------------------------------------------
[2025-11-20 11:31:16] Skipping run (already completed)
	completed 123.3 hours ago at 2025-11-15T13:10:41Z UTC
	location: /zata/zippy/kresgeb/nmf_stuff/dlPFC/data/batched_nmf/nmf_k100_seed120301_tol1e-05_L10.2.rds
[2025-11-20 11:31:16] --------------------------------------------
[2025-11-20 11:31:16] Starting run 341 / 750: k=10, seed=2025, tol=1e-05, L1=0.2
[2025-11-20 11:31:16] --------------------------------------------
[2025-11-20 11:31:16] Skipping run (already completed)
	completed 123.3 hours ago at 2025-11-15T13:12:59Z UTC
	location: /zata/zippy/kresgeb/nmf_stuff/dlPFC/data/batched_nmf/nmf_k10_seed2025_tol1e-05_L10.2.rds
[2025-11-20 11:31:16] --------------------------------------------
[2025-11-20 11:31:16] Starting run 342 / 750: k=20, seed=2025, tol=1e-05, L1=0.2
[2025-11-20 11:31:16] --------------------------------------------
[2025-11-20 11:31:17] Skipping run (already completed)
	completed 123.2 hours ago at 2025-11-15T13:16:33Z UTC
	location: /zata/zippy/kresgeb/nmf_stuff/dlPFC/data/batched_nmf/nmf_k20_seed2025_tol1e-05_L10.2.rds
[2025-11-20 11:31:17] --------------------------------------------
[2025-11-20 11:31:17] Starting run 343 / 750: k=30, seed=2025, tol=1e-05, L1=0.2
[2025-11-20 11:31:17] --------------------------------------------
[2025-11-20 11:31:17] Skipping run (already completed)
	completed 123.2 hours ago at 2025-11-15T13:21:22Z UTC
	location: /zata/zippy/kresgeb/nmf_stuff/dlPFC/data/batched_nmf/nmf_k30_seed2025_tol1e-05_L10.2.rds
[2025-11-20 11:31:17] --------------------------------------------
[2025-11-20 11:31:17] Starting run 344 / 750: k=40, seed=2025, tol=1e-05, L1=0.2
[2025-11-20 11:31:17] --------------------------------------------
[2025-11-20 11:31:17] Skipping run (already completed)
	completed 123.1 hours ago at 2025-11-15T13:26:20Z UTC
	location: /zata/zippy/kresgeb/nmf_stuff/dlPFC/data/batched_nmf/nmf_k40_seed2025_tol1e-05_L10.2.rds
[2025-11-20 11:31:17] --------------------------------------------
[2025-11-20 11:31:17] Starting run 345 / 750: k=50, seed=2025, tol=1e-05, L1=0.2
[2025-11-20 11:31:17] --------------------------------------------
[2025-11-20 11:31:17] Skipping run (already completed)
	completed 122.9 hours ago at 2025-11-15T13:34:25Z UTC
	location: /zata/zippy/kresgeb/nmf_stuff/dlPFC/data/batched_nmf/nmf_k50_seed2025_tol1e-05_L10.2.rds
[2025-11-20 11:31:17] --------------------------------------------
[2025-11-20 11:31:17] Starting run 346 / 750: k=60, seed=2025, tol=1e-05, L1=0.2
[2025-11-20 11:31:17] --------------------------------------------
[2025-11-20 11:31:17] Skipping run (already completed)
	completed 122.8 hours ago at 2025-11-15T13:44:01Z UTC
	location: /zata/zippy/kresgeb/nmf_stuff/dlPFC/data/batched_nmf/nmf_k60_seed2025_tol1e-05_L10.2.rds
[2025-11-20 11:31:17] --------------------------------------------
[2025-11-20 11:31:17] Starting run 347 / 750: k=70, seed=2025, tol=1e-05, L1=0.2
[2025-11-20 11:31:17] --------------------------------------------
[2025-11-20 11:31:17] Skipping run (already completed)
	completed 122.5 hours ago at 2025-11-15T14:00:40Z UTC
	location: /zata/zippy/kresgeb/nmf_stuff/dlPFC/data/batched_nmf/nmf_k70_seed2025_tol1e-05_L10.2.rds
[2025-11-20 11:31:17] --------------------------------------------
[2025-11-20 11:31:17] Starting run 348 / 750: k=80, seed=2025, tol=1e-05, L1=0.2
[2025-11-20 11:31:17] --------------------------------------------
[2025-11-20 11:31:17] Skipping run (already completed)
	completed 122.2 hours ago at 2025-11-15T14:19:04Z UTC
	location: /zata/zippy/kresgeb/nmf_stuff/dlPFC/data/batched_nmf/nmf_k80_seed2025_tol1e-05_L10.2.rds
[2025-11-20 11:31:17] --------------------------------------------
[2025-11-20 11:31:17] Starting run 349 / 750: k=90, seed=2025, tol=1e-05, L1=0.2
[2025-11-20 11:31:17] --------------------------------------------
[2025-11-20 11:31:17] Skipping run (already completed)
	completed 121.8 hours ago at 2025-11-15T14:41:23Z UTC
	location: /zata/zippy/kresgeb/nmf_stuff/dlPFC/data/batched_nmf/nmf_k90_seed2025_tol1e-05_L10.2.rds
[2025-11-20 11:31:17] --------------------------------------------
[2025-11-20 11:31:17] Starting run 350 / 750: k=100, seed=2025, tol=1e-05, L1=0.2
[2025-11-20 11:31:17] --------------------------------------------
[2025-11-20 11:31:17] Skipping run (already completed)
	completed 121.4 hours ago at 2025-11-15T15:08:22Z UTC
	location: /zata/zippy/kresgeb/nmf_stuff/dlPFC/data/batched_nmf/nmf_k100_seed2025_tol1e-05_L10.2.rds
[2025-11-20 11:31:17] --------------------------------------------
[2025-11-20 11:31:17] Starting run 351 / 750: k=10, seed=42, tol=1e-06, L1=0.2
[2025-11-20 11:31:17] --------------------------------------------
[2025-11-20 11:31:17] Skipping run (already completed)
	completed 121.3 hours ago at 2025-11-15T15:10:41Z UTC
	location: /zata/zippy/kresgeb/nmf_stuff/dlPFC/data/batched_nmf/nmf_k10_seed42_tol1e-06_L10.2.rds
[2025-11-20 11:31:17] --------------------------------------------
[2025-11-20 11:31:17] Starting run 352 / 750: k=20, seed=42, tol=1e-06, L1=0.2
[2025-11-20 11:31:17] --------------------------------------------
[2025-11-20 11:31:17] Skipping run (already completed)
	completed 121.3 hours ago at 2025-11-15T15:14:24Z UTC
	location: /zata/zippy/kresgeb/nmf_stuff/dlPFC/data/batched_nmf/nmf_k20_seed42_tol1e-06_L10.2.rds
[2025-11-20 11:31:17] --------------------------------------------
[2025-11-20 11:31:17] Starting run 353 / 750: k=30, seed=42, tol=1e-06, L1=0.2
[2025-11-20 11:31:17] --------------------------------------------
[2025-11-20 11:31:17] Skipping run (already completed)
	completed 121.1 hours ago at 2025-11-15T15:25:02Z UTC
	location: /zata/zippy/kresgeb/nmf_stuff/dlPFC/data/batched_nmf/nmf_k30_seed42_tol1e-06_L10.2.rds
[2025-11-20 11:31:17] --------------------------------------------
[2025-11-20 11:31:17] Starting run 354 / 750: k=40, seed=42, tol=1e-06, L1=0.2
[2025-11-20 11:31:17] --------------------------------------------
[2025-11-20 11:31:17] Skipping run (already completed)
	completed 120.9 hours ago at 2025-11-15T15:38:50Z UTC
	location: /zata/zippy/kresgeb/nmf_stuff/dlPFC/data/batched_nmf/nmf_k40_seed42_tol1e-06_L10.2.rds
[2025-11-20 11:31:17] --------------------------------------------
[2025-11-20 11:31:17] Starting run 355 / 750: k=50, seed=42, tol=1e-06, L1=0.2
[2025-11-20 11:31:17] --------------------------------------------
[2025-11-20 11:31:17] Skipping run (already completed)
	completed 120.6 hours ago at 2025-11-15T15:54:27Z UTC
	location: /zata/zippy/kresgeb/nmf_stuff/dlPFC/data/batched_nmf/nmf_k50_seed42_tol1e-06_L10.2.rds
[2025-11-20 11:31:17] --------------------------------------------
[2025-11-20 11:31:17] Starting run 356 / 750: k=60, seed=42, tol=1e-06, L1=0.2
[2025-11-20 11:31:17] --------------------------------------------
[2025-11-20 11:31:17] Skipping run (already completed)
	completed 120.4 hours ago at 2025-11-15T16:07:54Z UTC
	location: /zata/zippy/kresgeb/nmf_stuff/dlPFC/data/batched_nmf/nmf_k60_seed42_tol1e-06_L10.2.rds
[2025-11-20 11:31:17] --------------------------------------------
[2025-11-20 11:31:17] Starting run 357 / 750: k=70, seed=42, tol=1e-06, L1=0.2
[2025-11-20 11:31:17] --------------------------------------------
[2025-11-20 11:31:17] Skipping run (already completed)
	completed 120.1 hours ago at 2025-11-15T16:24:27Z UTC
	location: /zata/zippy/kresgeb/nmf_stuff/dlPFC/data/batched_nmf/nmf_k70_seed42_tol1e-06_L10.2.rds
[2025-11-20 11:31:17] --------------------------------------------
[2025-11-20 11:31:17] Starting run 358 / 750: k=80, seed=42, tol=1e-06, L1=0.2
[2025-11-20 11:31:17] --------------------------------------------
[2025-11-20 11:31:17] Skipping run (already completed)
	completed 119.7 hours ago at 2025-11-15T16:47:35Z UTC
	location: /zata/zippy/kresgeb/nmf_stuff/dlPFC/data/batched_nmf/nmf_k80_seed42_tol1e-06_L10.2.rds
[2025-11-20 11:31:17] --------------------------------------------
[2025-11-20 11:31:17] Starting run 359 / 750: k=90, seed=42, tol=1e-06, L1=0.2
[2025-11-20 11:31:17] --------------------------------------------
[2025-11-20 11:31:17] Skipping run (already completed)
	completed 118.9 hours ago at 2025-11-15T17:36:46Z UTC
	location: /zata/zippy/kresgeb/nmf_stuff/dlPFC/data/batched_nmf/nmf_k90_seed42_tol1e-06_L10.2.rds
[2025-11-20 11:31:17] --------------------------------------------
[2025-11-20 11:31:17] Starting run 360 / 750: k=100, seed=42, tol=1e-06, L1=0.2
[2025-11-20 11:31:17] --------------------------------------------
[2025-11-20 11:31:17] Skipping run (already completed)
	completed 118.0 hours ago at 2025-11-15T18:32:13Z UTC
	location: /zata/zippy/kresgeb/nmf_stuff/dlPFC/data/batched_nmf/nmf_k100_seed42_tol1e-06_L10.2.rds
[2025-11-20 11:31:17] --------------------------------------------
[2025-11-20 11:31:17] Starting run 361 / 750: k=10, seed=1029, tol=1e-06, L1=0.2
[2025-11-20 11:31:17] --------------------------------------------
[2025-11-20 11:31:17] Skipping run (already completed)
	completed 117.9 hours ago at 2025-11-15T18:34:48Z UTC
	location: /zata/zippy/kresgeb/nmf_stuff/dlPFC/data/batched_nmf/nmf_k10_seed1029_tol1e-06_L10.2.rds
[2025-11-20 11:31:17] --------------------------------------------
[2025-11-20 11:31:17] Starting run 362 / 750: k=20, seed=1029, tol=1e-06, L1=0.2
[2025-11-20 11:31:17] --------------------------------------------
[2025-11-20 11:31:17] Skipping run (already completed)
	completed 117.9 hours ago at 2025-11-15T18:39:12Z UTC
	location: /zata/zippy/kresgeb/nmf_stuff/dlPFC/data/batched_nmf/nmf_k20_seed1029_tol1e-06_L10.2.rds
[2025-11-20 11:31:17] --------------------------------------------
[2025-11-20 11:31:17] Starting run 363 / 750: k=30, seed=1029, tol=1e-06, L1=0.2
[2025-11-20 11:31:17] --------------------------------------------
[2025-11-20 11:31:17] Skipping run (already completed)
	completed 117.8 hours ago at 2025-11-15T18:45:15Z UTC
	location: /zata/zippy/kresgeb/nmf_stuff/dlPFC/data/batched_nmf/nmf_k30_seed1029_tol1e-06_L10.2.rds
[2025-11-20 11:31:17] --------------------------------------------
[2025-11-20 11:31:17] Starting run 364 / 750: k=40, seed=1029, tol=1e-06, L1=0.2
[2025-11-20 11:31:17] --------------------------------------------
[2025-11-20 11:31:17] Skipping run (already completed)
	completed 117.6 hours ago at 2025-11-15T18:53:55Z UTC
	location: /zata/zippy/kresgeb/nmf_stuff/dlPFC/data/batched_nmf/nmf_k40_seed1029_tol1e-06_L10.2.rds
[2025-11-20 11:31:17] --------------------------------------------
[2025-11-20 11:31:17] Starting run 365 / 750: k=50, seed=1029, tol=1e-06, L1=0.2
[2025-11-20 11:31:17] --------------------------------------------
[2025-11-20 11:31:17] Skipping run (already completed)
	completed 117.4 hours ago at 2025-11-15T19:06:53Z UTC
	location: /zata/zippy/kresgeb/nmf_stuff/dlPFC/data/batched_nmf/nmf_k50_seed1029_tol1e-06_L10.2.rds
[2025-11-20 11:31:17] --------------------------------------------
[2025-11-20 11:31:17] Starting run 366 / 750: k=60, seed=1029, tol=1e-06, L1=0.2
[2025-11-20 11:31:17] --------------------------------------------
[2025-11-20 11:31:18] Skipping run (already completed)
	completed 117.1 hours ago at 2025-11-15T19:22:21Z UTC
	location: /zata/zippy/kresgeb/nmf_stuff/dlPFC/data/batched_nmf/nmf_k60_seed1029_tol1e-06_L10.2.rds
[2025-11-20 11:31:18] --------------------------------------------
[2025-11-20 11:31:18] Starting run 367 / 750: k=70, seed=1029, tol=1e-06, L1=0.2
[2025-11-20 11:31:18] --------------------------------------------
[2025-11-20 11:31:18] Skipping run (already completed)
	completed 116.7 hours ago at 2025-11-15T19:47:31Z UTC
	location: /zata/zippy/kresgeb/nmf_stuff/dlPFC/data/batched_nmf/nmf_k70_seed1029_tol1e-06_L10.2.rds
[2025-11-20 11:31:18] --------------------------------------------
[2025-11-20 11:31:18] Starting run 368 / 750: k=80, seed=1029, tol=1e-06, L1=0.2
[2025-11-20 11:31:18] --------------------------------------------
[2025-11-20 11:31:18] Skipping run (already completed)
	completed 116.4 hours ago at 2025-11-15T20:04:36Z UTC
	location: /zata/zippy/kresgeb/nmf_stuff/dlPFC/data/batched_nmf/nmf_k80_seed1029_tol1e-06_L10.2.rds
[2025-11-20 11:31:18] --------------------------------------------
[2025-11-20 11:31:18] Starting run 369 / 750: k=90, seed=1029, tol=1e-06, L1=0.2
[2025-11-20 11:31:18] --------------------------------------------
[2025-11-20 11:31:18] Skipping run (already completed)
	completed 115.5 hours ago at 2025-11-15T20:59:07Z UTC
	location: /zata/zippy/kresgeb/nmf_stuff/dlPFC/data/batched_nmf/nmf_k90_seed1029_tol1e-06_L10.2.rds
[2025-11-20 11:31:18] --------------------------------------------
[2025-11-20 11:31:18] Starting run 370 / 750: k=100, seed=1029, tol=1e-06, L1=0.2
[2025-11-20 11:31:18] --------------------------------------------
[2025-11-20 11:31:18] Skipping run (already completed)
	completed 114.5 hours ago at 2025-11-15T21:58:43Z UTC
	location: /zata/zippy/kresgeb/nmf_stuff/dlPFC/data/batched_nmf/nmf_k100_seed1029_tol1e-06_L10.2.rds
[2025-11-20 11:31:18] --------------------------------------------
[2025-11-20 11:31:18] Starting run 371 / 750: k=10, seed=31415, tol=1e-06, L1=0.2
[2025-11-20 11:31:18] --------------------------------------------
[2025-11-20 11:31:18] Skipping run (already completed)
	completed 114.5 hours ago at 2025-11-15T22:01:18Z UTC
	location: /zata/zippy/kresgeb/nmf_stuff/dlPFC/data/batched_nmf/nmf_k10_seed31415_tol1e-06_L10.2.rds
[2025-11-20 11:31:18] --------------------------------------------
[2025-11-20 11:31:18] Starting run 372 / 750: k=20, seed=31415, tol=1e-06, L1=0.2
[2025-11-20 11:31:18] --------------------------------------------
[2025-11-20 11:31:18] Skipping run (already completed)
	completed 114.4 hours ago at 2025-11-15T22:06:14Z UTC
	location: /zata/zippy/kresgeb/nmf_stuff/dlPFC/data/batched_nmf/nmf_k20_seed31415_tol1e-06_L10.2.rds
[2025-11-20 11:31:18] --------------------------------------------
[2025-11-20 11:31:18] Starting run 373 / 750: k=30, seed=31415, tol=1e-06, L1=0.2
[2025-11-20 11:31:18] --------------------------------------------
[2025-11-20 11:31:18] Skipping run (already completed)
	completed 114.3 hours ago at 2025-11-15T22:12:54Z UTC
	location: /zata/zippy/kresgeb/nmf_stuff/dlPFC/data/batched_nmf/nmf_k30_seed31415_tol1e-06_L10.2.rds
[2025-11-20 11:31:18] --------------------------------------------
[2025-11-20 11:31:18] Starting run 374 / 750: k=40, seed=31415, tol=1e-06, L1=0.2
[2025-11-20 11:31:18] --------------------------------------------
[2025-11-20 11:31:18] Skipping run (already completed)
	completed 114.2 hours ago at 2025-11-15T22:19:39Z UTC
	location: /zata/zippy/kresgeb/nmf_stuff/dlPFC/data/batched_nmf/nmf_k40_seed31415_tol1e-06_L10.2.rds
[2025-11-20 11:31:18] --------------------------------------------
[2025-11-20 11:31:18] Starting run 375 / 750: k=50, seed=31415, tol=1e-06, L1=0.2
[2025-11-20 11:31:18] --------------------------------------------
[2025-11-20 11:31:18] Skipping run (already completed)
	completed 114.1 hours ago at 2025-11-15T22:28:01Z UTC
	location: /zata/zippy/kresgeb/nmf_stuff/dlPFC/data/batched_nmf/nmf_k50_seed31415_tol1e-06_L10.2.rds
[2025-11-20 11:31:18] --------------------------------------------
[2025-11-20 11:31:18] Starting run 376 / 750: k=60, seed=31415, tol=1e-06, L1=0.2
[2025-11-20 11:31:18] --------------------------------------------
[2025-11-20 11:31:18] Skipping run (already completed)
	completed 113.7 hours ago at 2025-11-15T22:47:12Z UTC
	location: /zata/zippy/kresgeb/nmf_stuff/dlPFC/data/batched_nmf/nmf_k60_seed31415_tol1e-06_L10.2.rds
[2025-11-20 11:31:18] --------------------------------------------
[2025-11-20 11:31:18] Starting run 377 / 750: k=70, seed=31415, tol=1e-06, L1=0.2
[2025-11-20 11:31:18] --------------------------------------------
[2025-11-20 11:31:18] Skipping run (already completed)
	completed 113.3 hours ago at 2025-11-15T23:12:09Z UTC
	location: /zata/zippy/kresgeb/nmf_stuff/dlPFC/data/batched_nmf/nmf_k70_seed31415_tol1e-06_L10.2.rds
[2025-11-20 11:31:18] --------------------------------------------
[2025-11-20 11:31:18] Starting run 378 / 750: k=80, seed=31415, tol=1e-06, L1=0.2
[2025-11-20 11:31:18] --------------------------------------------
[2025-11-20 11:31:18] Skipping run (already completed)
	completed 113.0 hours ago at 2025-11-15T23:32:22Z UTC
	location: /zata/zippy/kresgeb/nmf_stuff/dlPFC/data/batched_nmf/nmf_k80_seed31415_tol1e-06_L10.2.rds
[2025-11-20 11:31:18] --------------------------------------------
[2025-11-20 11:31:18] Starting run 379 / 750: k=90, seed=31415, tol=1e-06, L1=0.2
[2025-11-20 11:31:18] --------------------------------------------
[2025-11-20 11:31:18] Skipping run (already completed)
	completed 112.3 hours ago at 2025-11-16T00:12:06Z UTC
	location: /zata/zippy/kresgeb/nmf_stuff/dlPFC/data/batched_nmf/nmf_k90_seed31415_tol1e-06_L10.2.rds
[2025-11-20 11:31:18] --------------------------------------------
[2025-11-20 11:31:18] Starting run 380 / 750: k=100, seed=31415, tol=1e-06, L1=0.2
[2025-11-20 11:31:18] --------------------------------------------
[2025-11-20 11:31:18] Skipping run (already completed)
	completed 111.5 hours ago at 2025-11-16T00:59:19Z UTC
	location: /zata/zippy/kresgeb/nmf_stuff/dlPFC/data/batched_nmf/nmf_k100_seed31415_tol1e-06_L10.2.rds
[2025-11-20 11:31:18] --------------------------------------------
[2025-11-20 11:31:18] Starting run 381 / 750: k=10, seed=120301, tol=1e-06, L1=0.2
[2025-11-20 11:31:18] --------------------------------------------
[2025-11-20 11:31:18] Skipping run (already completed)
	completed 111.5 hours ago at 2025-11-16T01:01:58Z UTC
	location: /zata/zippy/kresgeb/nmf_stuff/dlPFC/data/batched_nmf/nmf_k10_seed120301_tol1e-06_L10.2.rds
[2025-11-20 11:31:18] --------------------------------------------
[2025-11-20 11:31:18] Starting run 382 / 750: k=20, seed=120301, tol=1e-06, L1=0.2
[2025-11-20 11:31:18] --------------------------------------------
[2025-11-20 11:31:18] Skipping run (already completed)
	completed 111.4 hours ago at 2025-11-16T01:05:25Z UTC
	location: /zata/zippy/kresgeb/nmf_stuff/dlPFC/data/batched_nmf/nmf_k20_seed120301_tol1e-06_L10.2.rds
[2025-11-20 11:31:18] --------------------------------------------
[2025-11-20 11:31:18] Starting run 383 / 750: k=30, seed=120301, tol=1e-06, L1=0.2
[2025-11-20 11:31:18] --------------------------------------------
[2025-11-20 11:31:18] Skipping run (already completed)
	completed 111.3 hours ago at 2025-11-16T01:12:30Z UTC
	location: /zata/zippy/kresgeb/nmf_stuff/dlPFC/data/batched_nmf/nmf_k30_seed120301_tol1e-06_L10.2.rds
[2025-11-20 11:31:18] --------------------------------------------
[2025-11-20 11:31:18] Starting run 384 / 750: k=40, seed=120301, tol=1e-06, L1=0.2
[2025-11-20 11:31:18] --------------------------------------------
[2025-11-20 11:31:18] Skipping run (already completed)
	completed 111.2 hours ago at 2025-11-16T01:20:54Z UTC
	location: /zata/zippy/kresgeb/nmf_stuff/dlPFC/data/batched_nmf/nmf_k40_seed120301_tol1e-06_L10.2.rds
[2025-11-20 11:31:18] --------------------------------------------
[2025-11-20 11:31:18] Starting run 385 / 750: k=50, seed=120301, tol=1e-06, L1=0.2
[2025-11-20 11:31:18] --------------------------------------------
[2025-11-20 11:31:18] Skipping run (already completed)
	completed 111.0 hours ago at 2025-11-16T01:31:52Z UTC
	location: /zata/zippy/kresgeb/nmf_stuff/dlPFC/data/batched_nmf/nmf_k50_seed120301_tol1e-06_L10.2.rds
[2025-11-20 11:31:18] --------------------------------------------
[2025-11-20 11:31:18] Starting run 386 / 750: k=60, seed=120301, tol=1e-06, L1=0.2
[2025-11-20 11:31:18] --------------------------------------------
[2025-11-20 11:31:18] Skipping run (already completed)
	completed 110.7 hours ago at 2025-11-16T01:50:01Z UTC
	location: /zata/zippy/kresgeb/nmf_stuff/dlPFC/data/batched_nmf/nmf_k60_seed120301_tol1e-06_L10.2.rds
[2025-11-20 11:31:18] --------------------------------------------
[2025-11-20 11:31:18] Starting run 387 / 750: k=70, seed=120301, tol=1e-06, L1=0.2
[2025-11-20 11:31:18] --------------------------------------------
[2025-11-20 11:31:18] Skipping run (already completed)
	completed 110.2 hours ago at 2025-11-16T02:20:35Z UTC
	location: /zata/zippy/kresgeb/nmf_stuff/dlPFC/data/batched_nmf/nmf_k70_seed120301_tol1e-06_L10.2.rds
[2025-11-20 11:31:18] --------------------------------------------
[2025-11-20 11:31:18] Starting run 388 / 750: k=80, seed=120301, tol=1e-06, L1=0.2
[2025-11-20 11:31:18] --------------------------------------------
[2025-11-20 11:31:18] Skipping run (already completed)
	completed 109.6 hours ago at 2025-11-16T02:53:00Z UTC
	location: /zata/zippy/kresgeb/nmf_stuff/dlPFC/data/batched_nmf/nmf_k80_seed120301_tol1e-06_L10.2.rds
[2025-11-20 11:31:18] --------------------------------------------
[2025-11-20 11:31:18] Starting run 389 / 750: k=90, seed=120301, tol=1e-06, L1=0.2
[2025-11-20 11:31:18] --------------------------------------------
[2025-11-20 11:31:18] Skipping run (already completed)
	completed 109.1 hours ago at 2025-11-16T03:26:55Z UTC
	location: /zata/zippy/kresgeb/nmf_stuff/dlPFC/data/batched_nmf/nmf_k90_seed120301_tol1e-06_L10.2.rds
[2025-11-20 11:31:18] --------------------------------------------
[2025-11-20 11:31:18] Starting run 390 / 750: k=100, seed=120301, tol=1e-06, L1=0.2
[2025-11-20 11:31:18] --------------------------------------------
[2025-11-20 11:31:19] Skipping run (already completed)
	completed 108.3 hours ago at 2025-11-16T04:14:16Z UTC
	location: /zata/zippy/kresgeb/nmf_stuff/dlPFC/data/batched_nmf/nmf_k100_seed120301_tol1e-06_L10.2.rds
[2025-11-20 11:31:19] --------------------------------------------
[2025-11-20 11:31:19] Starting run 391 / 750: k=10, seed=2025, tol=1e-06, L1=0.2
[2025-11-20 11:31:19] --------------------------------------------
[2025-11-20 11:31:19] Skipping run (already completed)
	completed 108.2 hours ago at 2025-11-16T04:16:25Z UTC
	location: /zata/zippy/kresgeb/nmf_stuff/dlPFC/data/batched_nmf/nmf_k10_seed2025_tol1e-06_L10.2.rds
[2025-11-20 11:31:19] --------------------------------------------
[2025-11-20 11:31:19] Starting run 392 / 750: k=20, seed=2025, tol=1e-06, L1=0.2
[2025-11-20 11:31:19] --------------------------------------------
[2025-11-20 11:31:19] Skipping run (already completed)
	completed 108.2 hours ago at 2025-11-16T04:21:09Z UTC
	location: /zata/zippy/kresgeb/nmf_stuff/dlPFC/data/batched_nmf/nmf_k20_seed2025_tol1e-06_L10.2.rds
[2025-11-20 11:31:19] --------------------------------------------
[2025-11-20 11:31:19] Starting run 393 / 750: k=30, seed=2025, tol=1e-06, L1=0.2
[2025-11-20 11:31:19] --------------------------------------------
[2025-11-20 11:31:19] Skipping run (already completed)
	completed 108.1 hours ago at 2025-11-16T04:27:12Z UTC
	location: /zata/zippy/kresgeb/nmf_stuff/dlPFC/data/batched_nmf/nmf_k30_seed2025_tol1e-06_L10.2.rds
[2025-11-20 11:31:19] --------------------------------------------
[2025-11-20 11:31:19] Starting run 394 / 750: k=40, seed=2025, tol=1e-06, L1=0.2
[2025-11-20 11:31:19] --------------------------------------------
[2025-11-20 11:31:19] Skipping run (already completed)
	completed 107.8 hours ago at 2025-11-16T04:41:06Z UTC
	location: /zata/zippy/kresgeb/nmf_stuff/dlPFC/data/batched_nmf/nmf_k40_seed2025_tol1e-06_L10.2.rds
[2025-11-20 11:31:19] --------------------------------------------
[2025-11-20 11:31:19] Starting run 395 / 750: k=50, seed=2025, tol=1e-06, L1=0.2
[2025-11-20 11:31:19] --------------------------------------------
[2025-11-20 11:31:19] Skipping run (already completed)
	completed 107.6 hours ago at 2025-11-16T04:57:56Z UTC
	location: /zata/zippy/kresgeb/nmf_stuff/dlPFC/data/batched_nmf/nmf_k50_seed2025_tol1e-06_L10.2.rds
[2025-11-20 11:31:19] --------------------------------------------
[2025-11-20 11:31:19] Starting run 396 / 750: k=60, seed=2025, tol=1e-06, L1=0.2
[2025-11-20 11:31:19] --------------------------------------------
[2025-11-20 11:31:19] Skipping run (already completed)
	completed 107.1 hours ago at 2025-11-16T05:24:41Z UTC
	location: /zata/zippy/kresgeb/nmf_stuff/dlPFC/data/batched_nmf/nmf_k60_seed2025_tol1e-06_L10.2.rds
[2025-11-20 11:31:19] --------------------------------------------
[2025-11-20 11:31:19] Starting run 397 / 750: k=70, seed=2025, tol=1e-06, L1=0.2
[2025-11-20 11:31:19] --------------------------------------------
[2025-11-20 11:31:19] Skipping run (already completed)
	completed 106.8 hours ago at 2025-11-16T05:43:14Z UTC
	location: /zata/zippy/kresgeb/nmf_stuff/dlPFC/data/batched_nmf/nmf_k70_seed2025_tol1e-06_L10.2.rds
[2025-11-20 11:31:19] --------------------------------------------
[2025-11-20 11:31:19] Starting run 398 / 750: k=80, seed=2025, tol=1e-06, L1=0.2
[2025-11-20 11:31:19] --------------------------------------------
[2025-11-20 11:31:19] Skipping run (already completed)
	completed 106.2 hours ago at 2025-11-16T06:19:17Z UTC
	location: /zata/zippy/kresgeb/nmf_stuff/dlPFC/data/batched_nmf/nmf_k80_seed2025_tol1e-06_L10.2.rds
[2025-11-20 11:31:19] --------------------------------------------
[2025-11-20 11:31:19] Starting run 399 / 750: k=90, seed=2025, tol=1e-06, L1=0.2
[2025-11-20 11:31:19] --------------------------------------------
[2025-11-20 11:31:19] Skipping run (already completed)
	completed 105.5 hours ago at 2025-11-16T07:00:41Z UTC
	location: /zata/zippy/kresgeb/nmf_stuff/dlPFC/data/batched_nmf/nmf_k90_seed2025_tol1e-06_L10.2.rds
[2025-11-20 11:31:19] --------------------------------------------
[2025-11-20 11:31:19] Starting run 400 / 750: k=100, seed=2025, tol=1e-06, L1=0.2
[2025-11-20 11:31:19] --------------------------------------------
[2025-11-20 11:31:19] Skipping run (already completed)
	completed 104.7 hours ago at 2025-11-16T07:49:30Z UTC
	location: /zata/zippy/kresgeb/nmf_stuff/dlPFC/data/batched_nmf/nmf_k100_seed2025_tol1e-06_L10.2.rds
[2025-11-20 11:31:19] --------------------------------------------
[2025-11-20 11:31:19] Starting run 401 / 750: k=10, seed=42, tol=1e-07, L1=0.2
[2025-11-20 11:31:19] --------------------------------------------
[2025-11-20 11:31:19] Skipping run (already completed)
	completed 104.7 hours ago at 2025-11-16T07:52:13Z UTC
	location: /zata/zippy/kresgeb/nmf_stuff/dlPFC/data/batched_nmf/nmf_k10_seed42_tol1e-07_L10.2.rds
[2025-11-20 11:31:19] --------------------------------------------
[2025-11-20 11:31:19] Starting run 402 / 750: k=20, seed=42, tol=1e-07, L1=0.2
[2025-11-20 11:31:19] --------------------------------------------
[2025-11-20 11:31:19] Skipping run (already completed)
	completed 104.6 hours ago at 2025-11-16T07:56:52Z UTC
	location: /zata/zippy/kresgeb/nmf_stuff/dlPFC/data/batched_nmf/nmf_k20_seed42_tol1e-07_L10.2.rds
[2025-11-20 11:31:19] --------------------------------------------
[2025-11-20 11:31:19] Starting run 403 / 750: k=30, seed=42, tol=1e-07, L1=0.2
[2025-11-20 11:31:19] --------------------------------------------
[2025-11-20 11:31:19] Skipping run (already completed)
	completed 104.4 hours ago at 2025-11-16T08:09:41Z UTC
	location: /zata/zippy/kresgeb/nmf_stuff/dlPFC/data/batched_nmf/nmf_k30_seed42_tol1e-07_L10.2.rds
[2025-11-20 11:31:19] --------------------------------------------
[2025-11-20 11:31:19] Starting run 404 / 750: k=40, seed=42, tol=1e-07, L1=0.2
[2025-11-20 11:31:19] --------------------------------------------
[2025-11-20 11:31:19] Skipping run (already completed)
	completed 104.1 hours ago at 2025-11-16T08:27:15Z UTC
	location: /zata/zippy/kresgeb/nmf_stuff/dlPFC/data/batched_nmf/nmf_k40_seed42_tol1e-07_L10.2.rds
[2025-11-20 11:31:19] --------------------------------------------
[2025-11-20 11:31:19] Starting run 405 / 750: k=50, seed=42, tol=1e-07, L1=0.2
[2025-11-20 11:31:19] --------------------------------------------
[2025-11-20 11:31:19] Skipping run (already completed)
	completed 103.7 hours ago at 2025-11-16T08:49:06Z UTC
	location: /zata/zippy/kresgeb/nmf_stuff/dlPFC/data/batched_nmf/nmf_k50_seed42_tol1e-07_L10.2.rds
[2025-11-20 11:31:19] --------------------------------------------
[2025-11-20 11:31:19] Starting run 406 / 750: k=60, seed=42, tol=1e-07, L1=0.2
[2025-11-20 11:31:19] --------------------------------------------
[2025-11-20 11:31:19] Skipping run (already completed)
	completed 103.2 hours ago at 2025-11-16T09:21:13Z UTC
	location: /zata/zippy/kresgeb/nmf_stuff/dlPFC/data/batched_nmf/nmf_k60_seed42_tol1e-07_L10.2.rds
[2025-11-20 11:31:19] --------------------------------------------
[2025-11-20 11:31:19] Starting run 407 / 750: k=70, seed=42, tol=1e-07, L1=0.2
[2025-11-20 11:31:19] --------------------------------------------
[2025-11-20 11:31:19] Skipping run (already completed)
	completed 102.7 hours ago at 2025-11-16T09:50:57Z UTC
	location: /zata/zippy/kresgeb/nmf_stuff/dlPFC/data/batched_nmf/nmf_k70_seed42_tol1e-07_L10.2.rds
[2025-11-20 11:31:19] --------------------------------------------
[2025-11-20 11:31:19] Starting run 408 / 750: k=80, seed=42, tol=1e-07, L1=0.2
[2025-11-20 11:31:19] --------------------------------------------
[2025-11-20 11:31:19] Skipping run (already completed)
	completed 102.0 hours ago at 2025-11-16T10:33:13Z UTC
	location: /zata/zippy/kresgeb/nmf_stuff/dlPFC/data/batched_nmf/nmf_k80_seed42_tol1e-07_L10.2.rds
[2025-11-20 11:31:19] --------------------------------------------
[2025-11-20 11:31:19] Starting run 409 / 750: k=90, seed=42, tol=1e-07, L1=0.2
[2025-11-20 11:31:19] --------------------------------------------
[2025-11-20 11:31:19] Skipping run (already completed)
	completed 101.1 hours ago at 2025-11-16T11:27:05Z UTC
	location: /zata/zippy/kresgeb/nmf_stuff/dlPFC/data/batched_nmf/nmf_k90_seed42_tol1e-07_L10.2.rds
[2025-11-20 11:31:19] --------------------------------------------
[2025-11-20 11:31:19] Starting run 410 / 750: k=100, seed=42, tol=1e-07, L1=0.2
[2025-11-20 11:31:19] --------------------------------------------
[2025-11-20 11:31:19] Skipping run (already completed)
	completed 99.5 hours ago at 2025-11-16T13:02:31Z UTC
	location: /zata/zippy/kresgeb/nmf_stuff/dlPFC/data/batched_nmf/nmf_k100_seed42_tol1e-07_L10.2.rds
[2025-11-20 11:31:19] --------------------------------------------
[2025-11-20 11:31:19] Starting run 411 / 750: k=10, seed=1029, tol=1e-07, L1=0.2
[2025-11-20 11:31:19] --------------------------------------------
[2025-11-20 11:31:19] Skipping run (already completed)
	completed 99.4 hours ago at 2025-11-16T13:04:54Z UTC
	location: /zata/zippy/kresgeb/nmf_stuff/dlPFC/data/batched_nmf/nmf_k10_seed1029_tol1e-07_L10.2.rds
[2025-11-20 11:31:19] --------------------------------------------
[2025-11-20 11:31:19] Starting run 412 / 750: k=20, seed=1029, tol=1e-07, L1=0.2
[2025-11-20 11:31:19] --------------------------------------------
[2025-11-20 11:31:19] Skipping run (already completed)
	completed 99.3 hours ago at 2025-11-16T13:13:13Z UTC
	location: /zata/zippy/kresgeb/nmf_stuff/dlPFC/data/batched_nmf/nmf_k20_seed1029_tol1e-07_L10.2.rds
[2025-11-20 11:31:19] --------------------------------------------
[2025-11-20 11:31:19] Starting run 413 / 750: k=30, seed=1029, tol=1e-07, L1=0.2
[2025-11-20 11:31:19] --------------------------------------------
[2025-11-20 11:31:19] Skipping run (already completed)
	completed 99.2 hours ago at 2025-11-16T13:20:12Z UTC
	location: /zata/zippy/kresgeb/nmf_stuff/dlPFC/data/batched_nmf/nmf_k30_seed1029_tol1e-07_L10.2.rds
[2025-11-20 11:31:19] --------------------------------------------
[2025-11-20 11:31:19] Starting run 414 / 750: k=40, seed=1029, tol=1e-07, L1=0.2
[2025-11-20 11:31:19] --------------------------------------------
[2025-11-20 11:31:20] Skipping run (already completed)
	completed 99.0 hours ago at 2025-11-16T13:30:35Z UTC
	location: /zata/zippy/kresgeb/nmf_stuff/dlPFC/data/batched_nmf/nmf_k40_seed1029_tol1e-07_L10.2.rds
[2025-11-20 11:31:20] --------------------------------------------
[2025-11-20 11:31:20] Starting run 415 / 750: k=50, seed=1029, tol=1e-07, L1=0.2
[2025-11-20 11:31:20] --------------------------------------------
[2025-11-20 11:31:20] Skipping run (already completed)
	completed 98.5 hours ago at 2025-11-16T13:58:44Z UTC
	location: /zata/zippy/kresgeb/nmf_stuff/dlPFC/data/batched_nmf/nmf_k50_seed1029_tol1e-07_L10.2.rds
[2025-11-20 11:31:20] --------------------------------------------
[2025-11-20 11:31:20] Starting run 416 / 750: k=60, seed=1029, tol=1e-07, L1=0.2
[2025-11-20 11:31:20] --------------------------------------------
[2025-11-20 11:31:20] Skipping run (already completed)
	completed 98.2 hours ago at 2025-11-16T14:19:05Z UTC
	location: /zata/zippy/kresgeb/nmf_stuff/dlPFC/data/batched_nmf/nmf_k60_seed1029_tol1e-07_L10.2.rds
[2025-11-20 11:31:20] --------------------------------------------
[2025-11-20 11:31:20] Starting run 417 / 750: k=70, seed=1029, tol=1e-07, L1=0.2
[2025-11-20 11:31:20] --------------------------------------------
[2025-11-20 11:31:20] Skipping run (already completed)
	completed 97.7 hours ago at 2025-11-16T14:50:46Z UTC
	location: /zata/zippy/kresgeb/nmf_stuff/dlPFC/data/batched_nmf/nmf_k70_seed1029_tol1e-07_L10.2.rds
[2025-11-20 11:31:20] --------------------------------------------
[2025-11-20 11:31:20] Starting run 418 / 750: k=80, seed=1029, tol=1e-07, L1=0.2
[2025-11-20 11:31:20] --------------------------------------------
[2025-11-20 11:31:20] Skipping run (already completed)
	completed 96.6 hours ago at 2025-11-16T15:55:52Z UTC
	location: /zata/zippy/kresgeb/nmf_stuff/dlPFC/data/batched_nmf/nmf_k80_seed1029_tol1e-07_L10.2.rds
[2025-11-20 11:31:20] --------------------------------------------
[2025-11-20 11:31:20] Starting run 419 / 750: k=90, seed=1029, tol=1e-07, L1=0.2
[2025-11-20 11:31:20] --------------------------------------------
[2025-11-20 11:31:20] Skipping run (already completed)
	completed 95.4 hours ago at 2025-11-16T17:07:12Z UTC
	location: /zata/zippy/kresgeb/nmf_stuff/dlPFC/data/batched_nmf/nmf_k90_seed1029_tol1e-07_L10.2.rds
[2025-11-20 11:31:20] --------------------------------------------
[2025-11-20 11:31:20] Starting run 420 / 750: k=100, seed=1029, tol=1e-07, L1=0.2
[2025-11-20 11:31:20] --------------------------------------------
[2025-11-20 11:31:20] Skipping run (already completed)
	completed 94.3 hours ago at 2025-11-16T18:16:09Z UTC
	location: /zata/zippy/kresgeb/nmf_stuff/dlPFC/data/batched_nmf/nmf_k100_seed1029_tol1e-07_L10.2.rds
[2025-11-20 11:31:20] --------------------------------------------
[2025-11-20 11:31:20] Starting run 421 / 750: k=10, seed=31415, tol=1e-07, L1=0.2
[2025-11-20 11:31:20] --------------------------------------------
[2025-11-20 11:31:20] Skipping run (already completed)
	completed 94.2 hours ago at 2025-11-16T18:19:09Z UTC
	location: /zata/zippy/kresgeb/nmf_stuff/dlPFC/data/batched_nmf/nmf_k10_seed31415_tol1e-07_L10.2.rds
[2025-11-20 11:31:20] --------------------------------------------
[2025-11-20 11:31:20] Starting run 422 / 750: k=20, seed=31415, tol=1e-07, L1=0.2
[2025-11-20 11:31:20] --------------------------------------------
[2025-11-20 11:31:20] Skipping run (already completed)
	completed 94.1 hours ago at 2025-11-16T18:24:17Z UTC
	location: /zata/zippy/kresgeb/nmf_stuff/dlPFC/data/batched_nmf/nmf_k20_seed31415_tol1e-07_L10.2.rds
[2025-11-20 11:31:20] --------------------------------------------
[2025-11-20 11:31:20] Starting run 423 / 750: k=30, seed=31415, tol=1e-07, L1=0.2
[2025-11-20 11:31:20] --------------------------------------------
[2025-11-20 11:31:20] Skipping run (already completed)
	completed 94.0 hours ago at 2025-11-16T18:32:22Z UTC
	location: /zata/zippy/kresgeb/nmf_stuff/dlPFC/data/batched_nmf/nmf_k30_seed31415_tol1e-07_L10.2.rds
[2025-11-20 11:31:20] --------------------------------------------
[2025-11-20 11:31:20] Starting run 424 / 750: k=40, seed=31415, tol=1e-07, L1=0.2
[2025-11-20 11:31:20] --------------------------------------------
[2025-11-20 11:31:20] Skipping run (already completed)
	completed 93.8 hours ago at 2025-11-16T18:46:08Z UTC
	location: /zata/zippy/kresgeb/nmf_stuff/dlPFC/data/batched_nmf/nmf_k40_seed31415_tol1e-07_L10.2.rds
[2025-11-20 11:31:20] --------------------------------------------
[2025-11-20 11:31:20] Starting run 425 / 750: k=50, seed=31415, tol=1e-07, L1=0.2
[2025-11-20 11:31:20] --------------------------------------------
[2025-11-20 11:31:20] Skipping run (already completed)
	completed 93.2 hours ago at 2025-11-16T19:22:03Z UTC
	location: /zata/zippy/kresgeb/nmf_stuff/dlPFC/data/batched_nmf/nmf_k50_seed31415_tol1e-07_L10.2.rds
[2025-11-20 11:31:20] --------------------------------------------
[2025-11-20 11:31:20] Starting run 426 / 750: k=60, seed=31415, tol=1e-07, L1=0.2
[2025-11-20 11:31:20] --------------------------------------------
[2025-11-20 11:31:20] Skipping run (already completed)
	completed 92.8 hours ago at 2025-11-16T19:45:48Z UTC
	location: /zata/zippy/kresgeb/nmf_stuff/dlPFC/data/batched_nmf/nmf_k60_seed31415_tol1e-07_L10.2.rds
[2025-11-20 11:31:20] --------------------------------------------
[2025-11-20 11:31:20] Starting run 427 / 750: k=70, seed=31415, tol=1e-07, L1=0.2
[2025-11-20 11:31:20] --------------------------------------------
[2025-11-20 11:31:20] Skipping run (already completed)
	completed 91.8 hours ago at 2025-11-16T20:46:05Z UTC
	location: /zata/zippy/kresgeb/nmf_stuff/dlPFC/data/batched_nmf/nmf_k70_seed31415_tol1e-07_L10.2.rds
[2025-11-20 11:31:20] --------------------------------------------
[2025-11-20 11:31:20] Starting run 428 / 750: k=80, seed=31415, tol=1e-07, L1=0.2
[2025-11-20 11:31:20] --------------------------------------------
[2025-11-20 11:31:20] Skipping run (already completed)
	completed 91.0 hours ago at 2025-11-16T21:31:32Z UTC
	location: /zata/zippy/kresgeb/nmf_stuff/dlPFC/data/batched_nmf/nmf_k80_seed31415_tol1e-07_L10.2.rds
[2025-11-20 11:31:20] --------------------------------------------
[2025-11-20 11:31:20] Starting run 429 / 750: k=90, seed=31415, tol=1e-07, L1=0.2
[2025-11-20 11:31:20] --------------------------------------------
[2025-11-20 11:31:20] Skipping run (already completed)
	completed 89.7 hours ago at 2025-11-16T22:48:56Z UTC
	location: /zata/zippy/kresgeb/nmf_stuff/dlPFC/data/batched_nmf/nmf_k90_seed31415_tol1e-07_L10.2.rds
[2025-11-20 11:31:20] --------------------------------------------
[2025-11-20 11:31:20] Starting run 430 / 750: k=100, seed=31415, tol=1e-07, L1=0.2
[2025-11-20 11:31:20] --------------------------------------------
[2025-11-20 11:31:20] Skipping run (already completed)
	completed 87.9 hours ago at 2025-11-17T00:36:30Z UTC
	location: /zata/zippy/kresgeb/nmf_stuff/dlPFC/data/batched_nmf/nmf_k100_seed31415_tol1e-07_L10.2.rds
[2025-11-20 11:31:20] --------------------------------------------
[2025-11-20 11:31:20] Starting run 431 / 750: k=10, seed=120301, tol=1e-07, L1=0.2
[2025-11-20 11:31:20] --------------------------------------------
[2025-11-20 11:31:20] Skipping run (already completed)
	completed 87.9 hours ago at 2025-11-17T00:39:44Z UTC
	location: /zata/zippy/kresgeb/nmf_stuff/dlPFC/data/batched_nmf/nmf_k10_seed120301_tol1e-07_L10.2.rds
[2025-11-20 11:31:20] --------------------------------------------
[2025-11-20 11:31:20] Starting run 432 / 750: k=20, seed=120301, tol=1e-07, L1=0.2
[2025-11-20 11:31:20] --------------------------------------------
[2025-11-20 11:31:20] Skipping run (already completed)
	completed 87.8 hours ago at 2025-11-17T00:44:22Z UTC
	location: /zata/zippy/kresgeb/nmf_stuff/dlPFC/data/batched_nmf/nmf_k20_seed120301_tol1e-07_L10.2.rds
[2025-11-20 11:31:20] --------------------------------------------
[2025-11-20 11:31:20] Starting run 433 / 750: k=30, seed=120301, tol=1e-07, L1=0.2
[2025-11-20 11:31:20] --------------------------------------------
[2025-11-20 11:31:20] Skipping run (already completed)
	completed 87.7 hours ago at 2025-11-17T00:52:11Z UTC
	location: /zata/zippy/kresgeb/nmf_stuff/dlPFC/data/batched_nmf/nmf_k30_seed120301_tol1e-07_L10.2.rds
[2025-11-20 11:31:20] --------------------------------------------
[2025-11-20 11:31:20] Starting run 434 / 750: k=40, seed=120301, tol=1e-07, L1=0.2
[2025-11-20 11:31:20] --------------------------------------------
[2025-11-20 11:31:20] Skipping run (already completed)
	completed 87.4 hours ago at 2025-11-17T01:08:25Z UTC
	location: /zata/zippy/kresgeb/nmf_stuff/dlPFC/data/batched_nmf/nmf_k40_seed120301_tol1e-07_L10.2.rds
[2025-11-20 11:31:20] --------------------------------------------
[2025-11-20 11:31:20] Starting run 435 / 750: k=50, seed=120301, tol=1e-07, L1=0.2
[2025-11-20 11:31:20] --------------------------------------------
[2025-11-20 11:31:20] Skipping run (already completed)
	completed 87.1 hours ago at 2025-11-17T01:27:36Z UTC
	location: /zata/zippy/kresgeb/nmf_stuff/dlPFC/data/batched_nmf/nmf_k50_seed120301_tol1e-07_L10.2.rds
[2025-11-20 11:31:20] --------------------------------------------
[2025-11-20 11:31:20] Starting run 436 / 750: k=60, seed=120301, tol=1e-07, L1=0.2
[2025-11-20 11:31:20] --------------------------------------------
[2025-11-20 11:31:20] Skipping run (already completed)
	completed 86.1 hours ago at 2025-11-17T02:27:21Z UTC
	location: /zata/zippy/kresgeb/nmf_stuff/dlPFC/data/batched_nmf/nmf_k60_seed120301_tol1e-07_L10.2.rds
[2025-11-20 11:31:20] --------------------------------------------
[2025-11-20 11:31:20] Starting run 437 / 750: k=70, seed=120301, tol=1e-07, L1=0.2
[2025-11-20 11:31:20] --------------------------------------------
[2025-11-20 11:31:20] Skipping run (already completed)
	completed 85.3 hours ago at 2025-11-17T03:15:58Z UTC
	location: /zata/zippy/kresgeb/nmf_stuff/dlPFC/data/batched_nmf/nmf_k70_seed120301_tol1e-07_L10.2.rds
[2025-11-20 11:31:20] --------------------------------------------
[2025-11-20 11:31:20] Starting run 438 / 750: k=80, seed=120301, tol=1e-07, L1=0.2
[2025-11-20 11:31:20] --------------------------------------------
[2025-11-20 11:31:20] Skipping run (already completed)
	completed 84.7 hours ago at 2025-11-17T03:50:32Z UTC
	location: /zata/zippy/kresgeb/nmf_stuff/dlPFC/data/batched_nmf/nmf_k80_seed120301_tol1e-07_L10.2.rds
[2025-11-20 11:31:20] --------------------------------------------
[2025-11-20 11:31:20] Starting run 439 / 750: k=90, seed=120301, tol=1e-07, L1=0.2
[2025-11-20 11:31:20] --------------------------------------------
[2025-11-20 11:31:21] Skipping run (already completed)
	completed 83.8 hours ago at 2025-11-17T04:44:27Z UTC
	location: /zata/zippy/kresgeb/nmf_stuff/dlPFC/data/batched_nmf/nmf_k90_seed120301_tol1e-07_L10.2.rds
[2025-11-20 11:31:21] --------------------------------------------
[2025-11-20 11:31:21] Starting run 440 / 750: k=100, seed=120301, tol=1e-07, L1=0.2
[2025-11-20 11:31:21] --------------------------------------------
[2025-11-20 11:31:21] Skipping run (already completed)
	completed 82.1 hours ago at 2025-11-17T06:27:56Z UTC
	location: /zata/zippy/kresgeb/nmf_stuff/dlPFC/data/batched_nmf/nmf_k100_seed120301_tol1e-07_L10.2.rds
[2025-11-20 11:31:21] --------------------------------------------
[2025-11-20 11:31:21] Starting run 441 / 750: k=10, seed=2025, tol=1e-07, L1=0.2
[2025-11-20 11:31:21] --------------------------------------------
[2025-11-20 11:31:21] Skipping run (already completed)
	completed 82.0 hours ago at 2025-11-17T06:30:17Z UTC
	location: /zata/zippy/kresgeb/nmf_stuff/dlPFC/data/batched_nmf/nmf_k10_seed2025_tol1e-07_L10.2.rds
[2025-11-20 11:31:21] --------------------------------------------
[2025-11-20 11:31:21] Starting run 442 / 750: k=20, seed=2025, tol=1e-07, L1=0.2
[2025-11-20 11:31:21] --------------------------------------------
[2025-11-20 11:31:21] Skipping run (already completed)
	completed 81.9 hours ago at 2025-11-17T06:35:59Z UTC
	location: /zata/zippy/kresgeb/nmf_stuff/dlPFC/data/batched_nmf/nmf_k20_seed2025_tol1e-07_L10.2.rds
[2025-11-20 11:31:21] --------------------------------------------
[2025-11-20 11:31:21] Starting run 443 / 750: k=30, seed=2025, tol=1e-07, L1=0.2
[2025-11-20 11:31:21] --------------------------------------------
[2025-11-20 11:31:21] Skipping run (already completed)
	completed 81.7 hours ago at 2025-11-17T06:48:25Z UTC
	location: /zata/zippy/kresgeb/nmf_stuff/dlPFC/data/batched_nmf/nmf_k30_seed2025_tol1e-07_L10.2.rds
[2025-11-20 11:31:21] --------------------------------------------
[2025-11-20 11:31:21] Starting run 444 / 750: k=40, seed=2025, tol=1e-07, L1=0.2
[2025-11-20 11:31:21] --------------------------------------------
[2025-11-20 11:31:21] Skipping run (already completed)
	completed 81.4 hours ago at 2025-11-17T07:04:54Z UTC
	location: /zata/zippy/kresgeb/nmf_stuff/dlPFC/data/batched_nmf/nmf_k40_seed2025_tol1e-07_L10.2.rds
[2025-11-20 11:31:21] --------------------------------------------
[2025-11-20 11:31:21] Starting run 445 / 750: k=50, seed=2025, tol=1e-07, L1=0.2
[2025-11-20 11:31:21] --------------------------------------------
[2025-11-20 11:31:21] Skipping run (already completed)
	completed 81.1 hours ago at 2025-11-17T07:25:54Z UTC
	location: /zata/zippy/kresgeb/nmf_stuff/dlPFC/data/batched_nmf/nmf_k50_seed2025_tol1e-07_L10.2.rds
[2025-11-20 11:31:21] --------------------------------------------
[2025-11-20 11:31:21] Starting run 446 / 750: k=60, seed=2025, tol=1e-07, L1=0.2
[2025-11-20 11:31:21] --------------------------------------------
[2025-11-20 11:31:21] Skipping run (already completed)
	completed 80.6 hours ago at 2025-11-17T07:56:09Z UTC
	location: /zata/zippy/kresgeb/nmf_stuff/dlPFC/data/batched_nmf/nmf_k60_seed2025_tol1e-07_L10.2.rds
[2025-11-20 11:31:21] --------------------------------------------
[2025-11-20 11:31:21] Starting run 447 / 750: k=70, seed=2025, tol=1e-07, L1=0.2
[2025-11-20 11:31:21] --------------------------------------------
[2025-11-20 11:31:21] Skipping run (already completed)
	completed 80.1 hours ago at 2025-11-17T08:23:40Z UTC
	location: /zata/zippy/kresgeb/nmf_stuff/dlPFC/data/batched_nmf/nmf_k70_seed2025_tol1e-07_L10.2.rds
[2025-11-20 11:31:21] --------------------------------------------
[2025-11-20 11:31:21] Starting run 448 / 750: k=80, seed=2025, tol=1e-07, L1=0.2
[2025-11-20 11:31:21] --------------------------------------------
[2025-11-20 11:31:21] Skipping run (already completed)
	completed 79.4 hours ago at 2025-11-17T09:10:03Z UTC
	location: /zata/zippy/kresgeb/nmf_stuff/dlPFC/data/batched_nmf/nmf_k80_seed2025_tol1e-07_L10.2.rds
[2025-11-20 11:31:21] --------------------------------------------
[2025-11-20 11:31:21] Starting run 449 / 750: k=90, seed=2025, tol=1e-07, L1=0.2
[2025-11-20 11:31:21] --------------------------------------------
[2025-11-20 11:31:21] Skipping run (already completed)
	completed 78.3 hours ago at 2025-11-17T10:14:31Z UTC
	location: /zata/zippy/kresgeb/nmf_stuff/dlPFC/data/batched_nmf/nmf_k90_seed2025_tol1e-07_L10.2.rds
[2025-11-20 11:31:21] --------------------------------------------
[2025-11-20 11:31:21] Starting run 450 / 750: k=100, seed=2025, tol=1e-07, L1=0.2
[2025-11-20 11:31:21] --------------------------------------------
[2025-11-20 11:31:21] Skipping run (already completed)
	completed 76.9 hours ago at 2025-11-17T11:38:38Z UTC
	location: /zata/zippy/kresgeb/nmf_stuff/dlPFC/data/batched_nmf/nmf_k100_seed2025_tol1e-07_L10.2.rds
[2025-11-20 11:31:21] --------------------------------------------
[2025-11-20 11:31:21] Starting run 451 / 750: k=10, seed=42, tol=1e-05, L1=0.5
[2025-11-20 11:31:21] --------------------------------------------
[2025-11-20 11:31:21] Skipping run (already completed)
	completed 76.8 hours ago at 2025-11-17T11:40:55Z UTC
	location: /zata/zippy/kresgeb/nmf_stuff/dlPFC/data/batched_nmf/nmf_k10_seed42_tol1e-05_L10.5.rds
[2025-11-20 11:31:21] --------------------------------------------
[2025-11-20 11:31:21] Starting run 452 / 750: k=20, seed=42, tol=1e-05, L1=0.5
[2025-11-20 11:31:21] --------------------------------------------
[2025-11-20 11:31:21] Skipping run (already completed)
	completed 76.8 hours ago at 2025-11-17T11:43:48Z UTC
	location: /zata/zippy/kresgeb/nmf_stuff/dlPFC/data/batched_nmf/nmf_k20_seed42_tol1e-05_L10.5.rds
[2025-11-20 11:31:21] --------------------------------------------
[2025-11-20 11:31:21] Starting run 453 / 750: k=30, seed=42, tol=1e-05, L1=0.5
[2025-11-20 11:31:21] --------------------------------------------
[2025-11-20 11:31:21] Skipping run (already completed)
	completed 76.7 hours ago at 2025-11-17T11:48:05Z UTC
	location: /zata/zippy/kresgeb/nmf_stuff/dlPFC/data/batched_nmf/nmf_k30_seed42_tol1e-05_L10.5.rds
[2025-11-20 11:31:21] --------------------------------------------
[2025-11-20 11:31:21] Starting run 454 / 750: k=40, seed=42, tol=1e-05, L1=0.5
[2025-11-20 11:31:21] --------------------------------------------
[2025-11-20 11:31:21] Skipping run (already completed)
	completed 76.6 hours ago at 2025-11-17T11:53:57Z UTC
	location: /zata/zippy/kresgeb/nmf_stuff/dlPFC/data/batched_nmf/nmf_k40_seed42_tol1e-05_L10.5.rds
[2025-11-20 11:31:21] --------------------------------------------
[2025-11-20 11:31:21] Starting run 455 / 750: k=50, seed=42, tol=1e-05, L1=0.5
[2025-11-20 11:31:21] --------------------------------------------
[2025-11-20 11:31:21] Skipping run (already completed)
	completed 76.5 hours ago at 2025-11-17T12:02:40Z UTC
	location: /zata/zippy/kresgeb/nmf_stuff/dlPFC/data/batched_nmf/nmf_k50_seed42_tol1e-05_L10.5.rds
[2025-11-20 11:31:21] --------------------------------------------
[2025-11-20 11:31:21] Starting run 456 / 750: k=60, seed=42, tol=1e-05, L1=0.5
[2025-11-20 11:31:21] --------------------------------------------
[2025-11-20 11:31:21] Skipping run (already completed)
	completed 76.4 hours ago at 2025-11-17T12:10:11Z UTC
	location: /zata/zippy/kresgeb/nmf_stuff/dlPFC/data/batched_nmf/nmf_k60_seed42_tol1e-05_L10.5.rds
[2025-11-20 11:31:21] --------------------------------------------
[2025-11-20 11:31:21] Starting run 457 / 750: k=70, seed=42, tol=1e-05, L1=0.5
[2025-11-20 11:31:21] --------------------------------------------
[2025-11-20 11:31:21] Skipping run (already completed)
	completed 76.2 hours ago at 2025-11-17T12:19:42Z UTC
	location: /zata/zippy/kresgeb/nmf_stuff/dlPFC/data/batched_nmf/nmf_k70_seed42_tol1e-05_L10.5.rds
[2025-11-20 11:31:21] --------------------------------------------
[2025-11-20 11:31:21] Starting run 458 / 750: k=80, seed=42, tol=1e-05, L1=0.5
[2025-11-20 11:31:21] --------------------------------------------
[2025-11-20 11:31:21] Skipping run (already completed)
	completed 75.9 hours ago at 2025-11-17T12:39:05Z UTC
	location: /zata/zippy/kresgeb/nmf_stuff/dlPFC/data/batched_nmf/nmf_k80_seed42_tol1e-05_L10.5.rds
[2025-11-20 11:31:21] --------------------------------------------
[2025-11-20 11:31:21] Starting run 459 / 750: k=90, seed=42, tol=1e-05, L1=0.5
[2025-11-20 11:31:21] --------------------------------------------
[2025-11-20 11:31:21] Skipping run (already completed)
	completed 75.4 hours ago at 2025-11-17T13:04:25Z UTC
	location: /zata/zippy/kresgeb/nmf_stuff/dlPFC/data/batched_nmf/nmf_k90_seed42_tol1e-05_L10.5.rds
[2025-11-20 11:31:21] --------------------------------------------
[2025-11-20 11:31:21] Starting run 460 / 750: k=100, seed=42, tol=1e-05, L1=0.5
[2025-11-20 11:31:21] --------------------------------------------
[2025-11-20 11:31:21] Skipping run (already completed)
	completed 75.0 hours ago at 2025-11-17T13:30:19Z UTC
	location: /zata/zippy/kresgeb/nmf_stuff/dlPFC/data/batched_nmf/nmf_k100_seed42_tol1e-05_L10.5.rds
[2025-11-20 11:31:21] --------------------------------------------
[2025-11-20 11:31:21] Starting run 461 / 750: k=10, seed=1029, tol=1e-05, L1=0.5
[2025-11-20 11:31:21] --------------------------------------------
[2025-11-20 11:31:21] Skipping run (already completed)
	completed 75.0 hours ago at 2025-11-17T13:32:31Z UTC
	location: /zata/zippy/kresgeb/nmf_stuff/dlPFC/data/batched_nmf/nmf_k10_seed1029_tol1e-05_L10.5.rds
[2025-11-20 11:31:21] --------------------------------------------
[2025-11-20 11:31:21] Starting run 462 / 750: k=20, seed=1029, tol=1e-05, L1=0.5
[2025-11-20 11:31:21] --------------------------------------------
[2025-11-20 11:31:22] Skipping run (already completed)
	completed 74.9 hours ago at 2025-11-17T13:35:03Z UTC
	location: /zata/zippy/kresgeb/nmf_stuff/dlPFC/data/batched_nmf/nmf_k20_seed1029_tol1e-05_L10.5.rds
[2025-11-20 11:31:22] --------------------------------------------
[2025-11-20 11:31:22] Starting run 463 / 750: k=30, seed=1029, tol=1e-05, L1=0.5
[2025-11-20 11:31:22] --------------------------------------------
[2025-11-20 11:31:22] Skipping run (already completed)
	completed 74.9 hours ago at 2025-11-17T13:39:23Z UTC
	location: /zata/zippy/kresgeb/nmf_stuff/dlPFC/data/batched_nmf/nmf_k30_seed1029_tol1e-05_L10.5.rds
[2025-11-20 11:31:22] --------------------------------------------
[2025-11-20 11:31:22] Starting run 464 / 750: k=40, seed=1029, tol=1e-05, L1=0.5
[2025-11-20 11:31:22] --------------------------------------------
[2025-11-20 11:31:22] Skipping run (already completed)
	completed 74.8 hours ago at 2025-11-17T13:46:08Z UTC
	location: /zata/zippy/kresgeb/nmf_stuff/dlPFC/data/batched_nmf/nmf_k40_seed1029_tol1e-05_L10.5.rds
[2025-11-20 11:31:22] --------------------------------------------
[2025-11-20 11:31:22] Starting run 465 / 750: k=50, seed=1029, tol=1e-05, L1=0.5
[2025-11-20 11:31:22] --------------------------------------------
[2025-11-20 11:31:22] Skipping run (already completed)
	completed 74.6 hours ago at 2025-11-17T13:54:12Z UTC
	location: /zata/zippy/kresgeb/nmf_stuff/dlPFC/data/batched_nmf/nmf_k50_seed1029_tol1e-05_L10.5.rds
[2025-11-20 11:31:22] --------------------------------------------
[2025-11-20 11:31:22] Starting run 466 / 750: k=60, seed=1029, tol=1e-05, L1=0.5
[2025-11-20 11:31:22] --------------------------------------------
[2025-11-20 11:31:22] Skipping run (already completed)
	completed 74.5 hours ago at 2025-11-17T14:03:14Z UTC
	location: /zata/zippy/kresgeb/nmf_stuff/dlPFC/data/batched_nmf/nmf_k60_seed1029_tol1e-05_L10.5.rds
[2025-11-20 11:31:22] --------------------------------------------
[2025-11-20 11:31:22] Starting run 467 / 750: k=70, seed=1029, tol=1e-05, L1=0.5
[2025-11-20 11:31:22] --------------------------------------------
[2025-11-20 11:31:22] Skipping run (already completed)
	completed 74.2 hours ago at 2025-11-17T14:17:39Z UTC
	location: /zata/zippy/kresgeb/nmf_stuff/dlPFC/data/batched_nmf/nmf_k70_seed1029_tol1e-05_L10.5.rds
[2025-11-20 11:31:22] --------------------------------------------
[2025-11-20 11:31:22] Starting run 468 / 750: k=80, seed=1029, tol=1e-05, L1=0.5
[2025-11-20 11:31:22] --------------------------------------------
[2025-11-20 11:31:22] Skipping run (already completed)
	completed 74.0 hours ago at 2025-11-17T14:30:52Z UTC
	location: /zata/zippy/kresgeb/nmf_stuff/dlPFC/data/batched_nmf/nmf_k80_seed1029_tol1e-05_L10.5.rds
[2025-11-20 11:31:22] --------------------------------------------
[2025-11-20 11:31:22] Starting run 469 / 750: k=90, seed=1029, tol=1e-05, L1=0.5
[2025-11-20 11:31:22] --------------------------------------------
[2025-11-20 11:31:22] Skipping run (already completed)
	completed 73.6 hours ago at 2025-11-17T14:53:23Z UTC
	location: /zata/zippy/kresgeb/nmf_stuff/dlPFC/data/batched_nmf/nmf_k90_seed1029_tol1e-05_L10.5.rds
[2025-11-20 11:31:22] --------------------------------------------
[2025-11-20 11:31:22] Starting run 470 / 750: k=100, seed=1029, tol=1e-05, L1=0.5
[2025-11-20 11:31:22] --------------------------------------------
[2025-11-20 11:31:22] Skipping run (already completed)
	completed 73.3 hours ago at 2025-11-17T15:14:18Z UTC
	location: /zata/zippy/kresgeb/nmf_stuff/dlPFC/data/batched_nmf/nmf_k100_seed1029_tol1e-05_L10.5.rds
[2025-11-20 11:31:22] --------------------------------------------
[2025-11-20 11:31:22] Starting run 471 / 750: k=10, seed=31415, tol=1e-05, L1=0.5
[2025-11-20 11:31:22] --------------------------------------------
[2025-11-20 11:31:22] Skipping run (already completed)
	completed 73.2 hours ago at 2025-11-17T15:17:44Z UTC
	location: /zata/zippy/kresgeb/nmf_stuff/dlPFC/data/batched_nmf/nmf_k10_seed31415_tol1e-05_L10.5.rds
[2025-11-20 11:31:22] --------------------------------------------
[2025-11-20 11:31:22] Starting run 472 / 750: k=20, seed=31415, tol=1e-05, L1=0.5
[2025-11-20 11:31:22] --------------------------------------------
[2025-11-20 11:31:22] Skipping run (already completed)
	completed 73.2 hours ago at 2025-11-17T15:22:14Z UTC
	location: /zata/zippy/kresgeb/nmf_stuff/dlPFC/data/batched_nmf/nmf_k20_seed31415_tol1e-05_L10.5.rds
[2025-11-20 11:31:22] --------------------------------------------
[2025-11-20 11:31:22] Starting run 473 / 750: k=30, seed=31415, tol=1e-05, L1=0.5
[2025-11-20 11:31:22] --------------------------------------------
[2025-11-20 11:31:22] Skipping run (already completed)
	completed 73.1 hours ago at 2025-11-17T15:26:45Z UTC
	location: /zata/zippy/kresgeb/nmf_stuff/dlPFC/data/batched_nmf/nmf_k30_seed31415_tol1e-05_L10.5.rds
[2025-11-20 11:31:22] --------------------------------------------
[2025-11-20 11:31:22] Starting run 474 / 750: k=40, seed=31415, tol=1e-05, L1=0.5
[2025-11-20 11:31:22] --------------------------------------------
[2025-11-20 11:31:22] Skipping run (already completed)
	completed 73.0 hours ago at 2025-11-17T15:33:11Z UTC
	location: /zata/zippy/kresgeb/nmf_stuff/dlPFC/data/batched_nmf/nmf_k40_seed31415_tol1e-05_L10.5.rds
[2025-11-20 11:31:22] --------------------------------------------
[2025-11-20 11:31:22] Starting run 475 / 750: k=50, seed=31415, tol=1e-05, L1=0.5
[2025-11-20 11:31:22] --------------------------------------------
[2025-11-20 11:31:22] Skipping run (already completed)
	completed 72.8 hours ago at 2025-11-17T15:40:48Z UTC
	location: /zata/zippy/kresgeb/nmf_stuff/dlPFC/data/batched_nmf/nmf_k50_seed31415_tol1e-05_L10.5.rds
[2025-11-20 11:31:22] --------------------------------------------
[2025-11-20 11:31:22] Starting run 476 / 750: k=60, seed=31415, tol=1e-05, L1=0.5
[2025-11-20 11:31:22] --------------------------------------------
[2025-11-20 11:31:22] Skipping run (already completed)
	completed 72.7 hours ago at 2025-11-17T15:50:00Z UTC
	location: /zata/zippy/kresgeb/nmf_stuff/dlPFC/data/batched_nmf/nmf_k60_seed31415_tol1e-05_L10.5.rds
[2025-11-20 11:31:22] --------------------------------------------
[2025-11-20 11:31:22] Starting run 477 / 750: k=70, seed=31415, tol=1e-05, L1=0.5
[2025-11-20 11:31:22] --------------------------------------------
[2025-11-20 11:31:22] Skipping run (already completed)
	completed 72.4 hours ago at 2025-11-17T16:04:42Z UTC
	location: /zata/zippy/kresgeb/nmf_stuff/dlPFC/data/batched_nmf/nmf_k70_seed31415_tol1e-05_L10.5.rds
[2025-11-20 11:31:22] --------------------------------------------
[2025-11-20 11:31:22] Starting run 478 / 750: k=80, seed=31415, tol=1e-05, L1=0.5
[2025-11-20 11:31:22] --------------------------------------------
[2025-11-20 11:31:22] Skipping run (already completed)
	completed 72.3 hours ago at 2025-11-17T16:16:08Z UTC
	location: /zata/zippy/kresgeb/nmf_stuff/dlPFC/data/batched_nmf/nmf_k80_seed31415_tol1e-05_L10.5.rds
[2025-11-20 11:31:22] --------------------------------------------
[2025-11-20 11:31:22] Starting run 479 / 750: k=90, seed=31415, tol=1e-05, L1=0.5
[2025-11-20 11:31:22] --------------------------------------------
[2025-11-20 11:31:22] Skipping run (already completed)
	completed 71.9 hours ago at 2025-11-17T16:35:45Z UTC
	location: /zata/zippy/kresgeb/nmf_stuff/dlPFC/data/batched_nmf/nmf_k90_seed31415_tol1e-05_L10.5.rds
[2025-11-20 11:31:22] --------------------------------------------
[2025-11-20 11:31:22] Starting run 480 / 750: k=100, seed=31415, tol=1e-05, L1=0.5
[2025-11-20 11:31:22] --------------------------------------------
[2025-11-20 11:31:22] Skipping run (already completed)
	completed 71.6 hours ago at 2025-11-17T16:55:26Z UTC
	location: /zata/zippy/kresgeb/nmf_stuff/dlPFC/data/batched_nmf/nmf_k100_seed31415_tol1e-05_L10.5.rds
[2025-11-20 11:31:22] --------------------------------------------
[2025-11-20 11:31:22] Starting run 481 / 750: k=10, seed=120301, tol=1e-05, L1=0.5
[2025-11-20 11:31:22] --------------------------------------------
[2025-11-20 11:31:22] Skipping run (already completed)
	completed 71.6 hours ago at 2025-11-17T16:57:54Z UTC
	location: /zata/zippy/kresgeb/nmf_stuff/dlPFC/data/batched_nmf/nmf_k10_seed120301_tol1e-05_L10.5.rds
[2025-11-20 11:31:22] --------------------------------------------
[2025-11-20 11:31:22] Starting run 482 / 750: k=20, seed=120301, tol=1e-05, L1=0.5
[2025-11-20 11:31:22] --------------------------------------------
[2025-11-20 11:31:22] Skipping run (already completed)
	completed 71.5 hours ago at 2025-11-17T17:01:15Z UTC
	location: /zata/zippy/kresgeb/nmf_stuff/dlPFC/data/batched_nmf/nmf_k20_seed120301_tol1e-05_L10.5.rds
[2025-11-20 11:31:22] --------------------------------------------
[2025-11-20 11:31:22] Starting run 483 / 750: k=30, seed=120301, tol=1e-05, L1=0.5
[2025-11-20 11:31:22] --------------------------------------------
[2025-11-20 11:31:22] Skipping run (already completed)
	completed 71.4 hours ago at 2025-11-17T17:05:35Z UTC
	location: /zata/zippy/kresgeb/nmf_stuff/dlPFC/data/batched_nmf/nmf_k30_seed120301_tol1e-05_L10.5.rds
[2025-11-20 11:31:22] --------------------------------------------
[2025-11-20 11:31:22] Starting run 484 / 750: k=40, seed=120301, tol=1e-05, L1=0.5
[2025-11-20 11:31:22] --------------------------------------------
[2025-11-20 11:31:22] Skipping run (already completed)
	completed 71.3 hours ago at 2025-11-17T17:11:51Z UTC
	location: /zata/zippy/kresgeb/nmf_stuff/dlPFC/data/batched_nmf/nmf_k40_seed120301_tol1e-05_L10.5.rds
[2025-11-20 11:31:22] --------------------------------------------
[2025-11-20 11:31:22] Starting run 485 / 750: k=50, seed=120301, tol=1e-05, L1=0.5
[2025-11-20 11:31:22] --------------------------------------------
[2025-11-20 11:31:22] Skipping run (already completed)
	completed 71.2 hours ago at 2025-11-17T17:19:47Z UTC
	location: /zata/zippy/kresgeb/nmf_stuff/dlPFC/data/batched_nmf/nmf_k50_seed120301_tol1e-05_L10.5.rds
[2025-11-20 11:31:22] --------------------------------------------
[2025-11-20 11:31:22] Starting run 486 / 750: k=60, seed=120301, tol=1e-05, L1=0.5
[2025-11-20 11:31:22] --------------------------------------------
[2025-11-20 11:31:22] Skipping run (already completed)
	completed 71.0 hours ago at 2025-11-17T17:31:51Z UTC
	location: /zata/zippy/kresgeb/nmf_stuff/dlPFC/data/batched_nmf/nmf_k60_seed120301_tol1e-05_L10.5.rds
[2025-11-20 11:31:22] --------------------------------------------
[2025-11-20 11:31:22] Starting run 487 / 750: k=70, seed=120301, tol=1e-05, L1=0.5
[2025-11-20 11:31:22] --------------------------------------------
[2025-11-20 11:31:23] Skipping run (already completed)
	completed 70.7 hours ago at 2025-11-17T17:48:26Z UTC
	location: /zata/zippy/kresgeb/nmf_stuff/dlPFC/data/batched_nmf/nmf_k70_seed120301_tol1e-05_L10.5.rds
[2025-11-20 11:31:23] --------------------------------------------
[2025-11-20 11:31:23] Starting run 488 / 750: k=80, seed=120301, tol=1e-05, L1=0.5
[2025-11-20 11:31:23] --------------------------------------------
[2025-11-20 11:31:23] Skipping run (already completed)
	completed 70.5 hours ago at 2025-11-17T18:02:16Z UTC
	location: /zata/zippy/kresgeb/nmf_stuff/dlPFC/data/batched_nmf/nmf_k80_seed120301_tol1e-05_L10.5.rds
[2025-11-20 11:31:23] --------------------------------------------
[2025-11-20 11:31:23] Starting run 489 / 750: k=90, seed=120301, tol=1e-05, L1=0.5
[2025-11-20 11:31:23] --------------------------------------------
[2025-11-20 11:31:23] Skipping run (already completed)
	completed 70.1 hours ago at 2025-11-17T18:22:34Z UTC
	location: /zata/zippy/kresgeb/nmf_stuff/dlPFC/data/batched_nmf/nmf_k90_seed120301_tol1e-05_L10.5.rds
[2025-11-20 11:31:23] --------------------------------------------
[2025-11-20 11:31:23] Starting run 490 / 750: k=100, seed=120301, tol=1e-05, L1=0.5
[2025-11-20 11:31:23] --------------------------------------------
[2025-11-20 11:31:23] Skipping run (already completed)
	completed 69.8 hours ago at 2025-11-17T18:43:17Z UTC
	location: /zata/zippy/kresgeb/nmf_stuff/dlPFC/data/batched_nmf/nmf_k100_seed120301_tol1e-05_L10.5.rds
[2025-11-20 11:31:23] --------------------------------------------
[2025-11-20 11:31:23] Starting run 491 / 750: k=10, seed=2025, tol=1e-05, L1=0.5
[2025-11-20 11:31:23] --------------------------------------------
[2025-11-20 11:31:23] Skipping run (already completed)
	completed 69.8 hours ago at 2025-11-17T18:45:13Z UTC
	location: /zata/zippy/kresgeb/nmf_stuff/dlPFC/data/batched_nmf/nmf_k10_seed2025_tol1e-05_L10.5.rds
[2025-11-20 11:31:23] --------------------------------------------
[2025-11-20 11:31:23] Starting run 492 / 750: k=20, seed=2025, tol=1e-05, L1=0.5
[2025-11-20 11:31:23] --------------------------------------------
[2025-11-20 11:31:23] Skipping run (already completed)
	completed 69.7 hours ago at 2025-11-17T18:49:07Z UTC
	location: /zata/zippy/kresgeb/nmf_stuff/dlPFC/data/batched_nmf/nmf_k20_seed2025_tol1e-05_L10.5.rds
[2025-11-20 11:31:23] --------------------------------------------
[2025-11-20 11:31:23] Starting run 493 / 750: k=30, seed=2025, tol=1e-05, L1=0.5
[2025-11-20 11:31:23] --------------------------------------------
[2025-11-20 11:31:23] Skipping run (already completed)
	completed 69.6 hours ago at 2025-11-17T18:52:45Z UTC
	location: /zata/zippy/kresgeb/nmf_stuff/dlPFC/data/batched_nmf/nmf_k30_seed2025_tol1e-05_L10.5.rds
[2025-11-20 11:31:23] --------------------------------------------
[2025-11-20 11:31:23] Starting run 494 / 750: k=40, seed=2025, tol=1e-05, L1=0.5
[2025-11-20 11:31:23] --------------------------------------------
[2025-11-20 11:31:23] Skipping run (already completed)
	completed 69.5 hours ago at 2025-11-17T18:59:34Z UTC
	location: /zata/zippy/kresgeb/nmf_stuff/dlPFC/data/batched_nmf/nmf_k40_seed2025_tol1e-05_L10.5.rds
[2025-11-20 11:31:23] --------------------------------------------
[2025-11-20 11:31:23] Starting run 495 / 750: k=50, seed=2025, tol=1e-05, L1=0.5
[2025-11-20 11:31:23] --------------------------------------------
[2025-11-20 11:31:23] Skipping run (already completed)
	completed 69.4 hours ago at 2025-11-17T19:07:17Z UTC
	location: /zata/zippy/kresgeb/nmf_stuff/dlPFC/data/batched_nmf/nmf_k50_seed2025_tol1e-05_L10.5.rds
[2025-11-20 11:31:23] --------------------------------------------
[2025-11-20 11:31:23] Starting run 496 / 750: k=60, seed=2025, tol=1e-05, L1=0.5
[2025-11-20 11:31:23] --------------------------------------------
[2025-11-20 11:31:23] Skipping run (already completed)
	completed 69.2 hours ago at 2025-11-17T19:18:01Z UTC
	location: /zata/zippy/kresgeb/nmf_stuff/dlPFC/data/batched_nmf/nmf_k60_seed2025_tol1e-05_L10.5.rds
[2025-11-20 11:31:23] --------------------------------------------
[2025-11-20 11:31:23] Starting run 497 / 750: k=70, seed=2025, tol=1e-05, L1=0.5
[2025-11-20 11:31:23] --------------------------------------------
[2025-11-20 11:31:23] Skipping run (already completed)
	completed 69.0 hours ago at 2025-11-17T19:31:33Z UTC
	location: /zata/zippy/kresgeb/nmf_stuff/dlPFC/data/batched_nmf/nmf_k70_seed2025_tol1e-05_L10.5.rds
[2025-11-20 11:31:23] --------------------------------------------
[2025-11-20 11:31:23] Starting run 498 / 750: k=80, seed=2025, tol=1e-05, L1=0.5
[2025-11-20 11:31:23] --------------------------------------------
[2025-11-20 11:31:23] Skipping run (already completed)
	completed 68.8 hours ago at 2025-11-17T19:45:43Z UTC
	location: /zata/zippy/kresgeb/nmf_stuff/dlPFC/data/batched_nmf/nmf_k80_seed2025_tol1e-05_L10.5.rds
[2025-11-20 11:31:23] --------------------------------------------
[2025-11-20 11:31:23] Starting run 499 / 750: k=90, seed=2025, tol=1e-05, L1=0.5
[2025-11-20 11:31:23] --------------------------------------------
[2025-11-20 11:31:23] Skipping run (already completed)
	completed 68.2 hours ago at 2025-11-17T20:20:19Z UTC
	location: /zata/zippy/kresgeb/nmf_stuff/dlPFC/data/batched_nmf/nmf_k90_seed2025_tol1e-05_L10.5.rds
[2025-11-20 11:31:23] --------------------------------------------
[2025-11-20 11:31:23] Starting run 500 / 750: k=100, seed=2025, tol=1e-05, L1=0.5
[2025-11-20 11:31:23] --------------------------------------------
[2025-11-20 11:31:23] Skipping run (already completed)
	completed 67.9 hours ago at 2025-11-17T20:39:03Z UTC
	location: /zata/zippy/kresgeb/nmf_stuff/dlPFC/data/batched_nmf/nmf_k100_seed2025_tol1e-05_L10.5.rds
[2025-11-20 11:31:23] --------------------------------------------
[2025-11-20 11:31:23] Starting run 501 / 750: k=10, seed=42, tol=1e-06, L1=0.5
[2025-11-20 11:31:23] --------------------------------------------
[2025-11-20 11:31:23] Skipping run (already completed)
	completed 67.8 hours ago at 2025-11-17T20:41:59Z UTC
	location: /zata/zippy/kresgeb/nmf_stuff/dlPFC/data/batched_nmf/nmf_k10_seed42_tol1e-06_L10.5.rds
[2025-11-20 11:31:23] --------------------------------------------
[2025-11-20 11:31:23] Starting run 502 / 750: k=20, seed=42, tol=1e-06, L1=0.5
[2025-11-20 11:31:23] --------------------------------------------
[2025-11-20 11:31:23] Skipping run (already completed)
	completed 67.7 hours ago at 2025-11-17T20:47:36Z UTC
	location: /zata/zippy/kresgeb/nmf_stuff/dlPFC/data/batched_nmf/nmf_k20_seed42_tol1e-06_L10.5.rds
[2025-11-20 11:31:23] --------------------------------------------
[2025-11-20 11:31:23] Starting run 503 / 750: k=30, seed=42, tol=1e-06, L1=0.5
[2025-11-20 11:31:23] --------------------------------------------
[2025-11-20 11:31:23] Skipping run (already completed)
	completed 67.6 hours ago at 2025-11-17T20:56:46Z UTC
	location: /zata/zippy/kresgeb/nmf_stuff/dlPFC/data/batched_nmf/nmf_k30_seed42_tol1e-06_L10.5.rds
[2025-11-20 11:31:23] --------------------------------------------
[2025-11-20 11:31:23] Starting run 504 / 750: k=40, seed=42, tol=1e-06, L1=0.5
[2025-11-20 11:31:23] --------------------------------------------
[2025-11-20 11:31:23] Skipping run (already completed)
	completed 67.4 hours ago at 2025-11-17T21:05:32Z UTC
	location: /zata/zippy/kresgeb/nmf_stuff/dlPFC/data/batched_nmf/nmf_k40_seed42_tol1e-06_L10.5.rds
[2025-11-20 11:31:23] --------------------------------------------
[2025-11-20 11:31:23] Starting run 505 / 750: k=50, seed=42, tol=1e-06, L1=0.5
[2025-11-20 11:31:23] --------------------------------------------
[2025-11-20 11:31:23] Skipping run (already completed)
	completed 67.3 hours ago at 2025-11-17T21:16:02Z UTC
	location: /zata/zippy/kresgeb/nmf_stuff/dlPFC/data/batched_nmf/nmf_k50_seed42_tol1e-06_L10.5.rds
[2025-11-20 11:31:23] --------------------------------------------
[2025-11-20 11:31:23] Starting run 506 / 750: k=60, seed=42, tol=1e-06, L1=0.5
[2025-11-20 11:31:23] --------------------------------------------
[2025-11-20 11:31:23] Skipping run (already completed)
	completed 66.9 hours ago at 2025-11-17T21:35:56Z UTC
	location: /zata/zippy/kresgeb/nmf_stuff/dlPFC/data/batched_nmf/nmf_k60_seed42_tol1e-06_L10.5.rds
[2025-11-20 11:31:23] --------------------------------------------
[2025-11-20 11:31:23] Starting run 507 / 750: k=70, seed=42, tol=1e-06, L1=0.5
[2025-11-20 11:31:23] --------------------------------------------
[2025-11-20 11:31:23] Skipping run (already completed)
	completed 66.4 hours ago at 2025-11-17T22:06:27Z UTC
	location: /zata/zippy/kresgeb/nmf_stuff/dlPFC/data/batched_nmf/nmf_k70_seed42_tol1e-06_L10.5.rds
[2025-11-20 11:31:23] --------------------------------------------
[2025-11-20 11:31:23] Starting run 508 / 750: k=80, seed=42, tol=1e-06, L1=0.5
[2025-11-20 11:31:23] --------------------------------------------
[2025-11-20 11:31:23] Skipping run (already completed)
	completed 66.1 hours ago at 2025-11-17T22:27:32Z UTC
	location: /zata/zippy/kresgeb/nmf_stuff/dlPFC/data/batched_nmf/nmf_k80_seed42_tol1e-06_L10.5.rds
[2025-11-20 11:31:23] --------------------------------------------
[2025-11-20 11:31:23] Starting run 509 / 750: k=90, seed=42, tol=1e-06, L1=0.5
[2025-11-20 11:31:23] --------------------------------------------
[2025-11-20 11:31:23] Skipping run (already completed)
	completed 65.3 hours ago at 2025-11-17T23:13:05Z UTC
	location: /zata/zippy/kresgeb/nmf_stuff/dlPFC/data/batched_nmf/nmf_k90_seed42_tol1e-06_L10.5.rds
[2025-11-20 11:31:23] --------------------------------------------
[2025-11-20 11:31:23] Starting run 510 / 750: k=100, seed=42, tol=1e-06, L1=0.5
[2025-11-20 11:31:23] --------------------------------------------
[2025-11-20 11:31:23] Skipping run (already completed)
	completed 64.6 hours ago at 2025-11-17T23:54:20Z UTC
	location: /zata/zippy/kresgeb/nmf_stuff/dlPFC/data/batched_nmf/nmf_k100_seed42_tol1e-06_L10.5.rds
[2025-11-20 11:31:23] --------------------------------------------
[2025-11-20 11:31:23] Starting run 511 / 750: k=10, seed=1029, tol=1e-06, L1=0.5
[2025-11-20 11:31:23] --------------------------------------------
[2025-11-20 11:31:24] Skipping run (already completed)
	completed 64.6 hours ago at 2025-11-17T23:56:31Z UTC
	location: /zata/zippy/kresgeb/nmf_stuff/dlPFC/data/batched_nmf/nmf_k10_seed1029_tol1e-06_L10.5.rds
[2025-11-20 11:31:24] --------------------------------------------
[2025-11-20 11:31:24] Starting run 512 / 750: k=20, seed=1029, tol=1e-06, L1=0.5
[2025-11-20 11:31:24] --------------------------------------------
[2025-11-20 11:31:24] Skipping run (already completed)
	completed 64.5 hours ago at 2025-11-18T00:00:06Z UTC
	location: /zata/zippy/kresgeb/nmf_stuff/dlPFC/data/batched_nmf/nmf_k20_seed1029_tol1e-06_L10.5.rds
[2025-11-20 11:31:24] --------------------------------------------
[2025-11-20 11:31:24] Starting run 513 / 750: k=30, seed=1029, tol=1e-06, L1=0.5
[2025-11-20 11:31:24] --------------------------------------------
[2025-11-20 11:31:24] Skipping run (already completed)
	completed 64.4 hours ago at 2025-11-18T00:06:06Z UTC
	location: /zata/zippy/kresgeb/nmf_stuff/dlPFC/data/batched_nmf/nmf_k30_seed1029_tol1e-06_L10.5.rds
[2025-11-20 11:31:24] --------------------------------------------
[2025-11-20 11:31:24] Starting run 514 / 750: k=40, seed=1029, tol=1e-06, L1=0.5
[2025-11-20 11:31:24] --------------------------------------------
[2025-11-20 11:31:24] Skipping run (already completed)
	completed 64.3 hours ago at 2025-11-18T00:15:00Z UTC
	location: /zata/zippy/kresgeb/nmf_stuff/dlPFC/data/batched_nmf/nmf_k40_seed1029_tol1e-06_L10.5.rds
[2025-11-20 11:31:24] --------------------------------------------
[2025-11-20 11:31:24] Starting run 515 / 750: k=50, seed=1029, tol=1e-06, L1=0.5
[2025-11-20 11:31:24] --------------------------------------------
[2025-11-20 11:31:24] Skipping run (already completed)
	completed 64.1 hours ago at 2025-11-18T00:24:15Z UTC
	location: /zata/zippy/kresgeb/nmf_stuff/dlPFC/data/batched_nmf/nmf_k50_seed1029_tol1e-06_L10.5.rds
[2025-11-20 11:31:24] --------------------------------------------
[2025-11-20 11:31:24] Starting run 516 / 750: k=60, seed=1029, tol=1e-06, L1=0.5
[2025-11-20 11:31:24] --------------------------------------------
[2025-11-20 11:31:24] Skipping run (already completed)
	completed 63.8 hours ago at 2025-11-18T00:42:48Z UTC
	location: /zata/zippy/kresgeb/nmf_stuff/dlPFC/data/batched_nmf/nmf_k60_seed1029_tol1e-06_L10.5.rds
[2025-11-20 11:31:24] --------------------------------------------
[2025-11-20 11:31:24] Starting run 517 / 750: k=70, seed=1029, tol=1e-06, L1=0.5
[2025-11-20 11:31:24] --------------------------------------------
[2025-11-20 11:31:24] Skipping run (already completed)
	completed 63.4 hours ago at 2025-11-18T01:10:06Z UTC
	location: /zata/zippy/kresgeb/nmf_stuff/dlPFC/data/batched_nmf/nmf_k70_seed1029_tol1e-06_L10.5.rds
[2025-11-20 11:31:24] --------------------------------------------
[2025-11-20 11:31:24] Starting run 518 / 750: k=80, seed=1029, tol=1e-06, L1=0.5
[2025-11-20 11:31:24] --------------------------------------------
[2025-11-20 11:31:24] Skipping run (already completed)
	completed 62.9 hours ago at 2025-11-18T01:35:35Z UTC
	location: /zata/zippy/kresgeb/nmf_stuff/dlPFC/data/batched_nmf/nmf_k80_seed1029_tol1e-06_L10.5.rds
[2025-11-20 11:31:24] --------------------------------------------
[2025-11-20 11:31:24] Starting run 519 / 750: k=90, seed=1029, tol=1e-06, L1=0.5
[2025-11-20 11:31:24] --------------------------------------------
[2025-11-20 11:31:24] Skipping run (already completed)
	completed 62.3 hours ago at 2025-11-18T02:13:32Z UTC
	location: /zata/zippy/kresgeb/nmf_stuff/dlPFC/data/batched_nmf/nmf_k90_seed1029_tol1e-06_L10.5.rds
[2025-11-20 11:31:24] --------------------------------------------
[2025-11-20 11:31:24] Starting run 520 / 750: k=100, seed=1029, tol=1e-06, L1=0.5
[2025-11-20 11:31:24] --------------------------------------------
[2025-11-20 11:31:24] Skipping run (already completed)
	completed 61.6 hours ago at 2025-11-18T02:54:33Z UTC
	location: /zata/zippy/kresgeb/nmf_stuff/dlPFC/data/batched_nmf/nmf_k100_seed1029_tol1e-06_L10.5.rds
[2025-11-20 11:31:24] --------------------------------------------
[2025-11-20 11:31:24] Starting run 521 / 750: k=10, seed=31415, tol=1e-06, L1=0.5
[2025-11-20 11:31:24] --------------------------------------------
[2025-11-20 11:31:24] Skipping run (already completed)
	completed 61.6 hours ago at 2025-11-18T02:57:08Z UTC
	location: /zata/zippy/kresgeb/nmf_stuff/dlPFC/data/batched_nmf/nmf_k10_seed31415_tol1e-06_L10.5.rds
[2025-11-20 11:31:24] --------------------------------------------
[2025-11-20 11:31:24] Starting run 522 / 750: k=20, seed=31415, tol=1e-06, L1=0.5
[2025-11-20 11:31:24] --------------------------------------------
[2025-11-20 11:31:24] Skipping run (already completed)
	completed 61.5 hours ago at 2025-11-18T03:00:55Z UTC
	location: /zata/zippy/kresgeb/nmf_stuff/dlPFC/data/batched_nmf/nmf_k20_seed31415_tol1e-06_L10.5.rds
[2025-11-20 11:31:24] --------------------------------------------
[2025-11-20 11:31:24] Starting run 523 / 750: k=30, seed=31415, tol=1e-06, L1=0.5
[2025-11-20 11:31:24] --------------------------------------------
[2025-11-20 11:31:24] Skipping run (already completed)
	completed 61.4 hours ago at 2025-11-18T03:05:57Z UTC
	location: /zata/zippy/kresgeb/nmf_stuff/dlPFC/data/batched_nmf/nmf_k30_seed31415_tol1e-06_L10.5.rds
[2025-11-20 11:31:24] --------------------------------------------
[2025-11-20 11:31:24] Starting run 524 / 750: k=40, seed=31415, tol=1e-06, L1=0.5
[2025-11-20 11:31:24] --------------------------------------------
[2025-11-20 11:31:24] Skipping run (already completed)
	completed 61.3 hours ago at 2025-11-18T03:12:44Z UTC
	location: /zata/zippy/kresgeb/nmf_stuff/dlPFC/data/batched_nmf/nmf_k40_seed31415_tol1e-06_L10.5.rds
[2025-11-20 11:31:24] --------------------------------------------
[2025-11-20 11:31:24] Starting run 525 / 750: k=50, seed=31415, tol=1e-06, L1=0.5
[2025-11-20 11:31:24] --------------------------------------------
[2025-11-20 11:31:24] Skipping run (already completed)
	completed 61.0 hours ago at 2025-11-18T03:29:17Z UTC
	location: /zata/zippy/kresgeb/nmf_stuff/dlPFC/data/batched_nmf/nmf_k50_seed31415_tol1e-06_L10.5.rds
[2025-11-20 11:31:24] --------------------------------------------
[2025-11-20 11:31:24] Starting run 526 / 750: k=60, seed=31415, tol=1e-06, L1=0.5
[2025-11-20 11:31:24] --------------------------------------------
[2025-11-20 11:31:24] Skipping run (already completed)
	completed 60.8 hours ago at 2025-11-18T03:43:03Z UTC
	location: /zata/zippy/kresgeb/nmf_stuff/dlPFC/data/batched_nmf/nmf_k60_seed31415_tol1e-06_L10.5.rds
[2025-11-20 11:31:24] --------------------------------------------
[2025-11-20 11:31:24] Starting run 527 / 750: k=70, seed=31415, tol=1e-06, L1=0.5
[2025-11-20 11:31:24] --------------------------------------------
[2025-11-20 11:31:24] Skipping run (already completed)
	completed 60.5 hours ago at 2025-11-18T03:58:44Z UTC
	location: /zata/zippy/kresgeb/nmf_stuff/dlPFC/data/batched_nmf/nmf_k70_seed31415_tol1e-06_L10.5.rds
[2025-11-20 11:31:24] --------------------------------------------
[2025-11-20 11:31:24] Starting run 528 / 750: k=80, seed=31415, tol=1e-06, L1=0.5
[2025-11-20 11:31:24] --------------------------------------------
[2025-11-20 11:31:24] Skipping run (already completed)
	completed 60.2 hours ago at 2025-11-18T04:20:32Z UTC
	location: /zata/zippy/kresgeb/nmf_stuff/dlPFC/data/batched_nmf/nmf_k80_seed31415_tol1e-06_L10.5.rds
[2025-11-20 11:31:24] --------------------------------------------
[2025-11-20 11:31:24] Starting run 529 / 750: k=90, seed=31415, tol=1e-06, L1=0.5
[2025-11-20 11:31:24] --------------------------------------------
[2025-11-20 11:31:24] Skipping run (already completed)
	completed 59.7 hours ago at 2025-11-18T04:49:44Z UTC
	location: /zata/zippy/kresgeb/nmf_stuff/dlPFC/data/batched_nmf/nmf_k90_seed31415_tol1e-06_L10.5.rds
[2025-11-20 11:31:24] --------------------------------------------
[2025-11-20 11:31:24] Starting run 530 / 750: k=100, seed=31415, tol=1e-06, L1=0.5
[2025-11-20 11:31:24] --------------------------------------------
[2025-11-20 11:31:24] Skipping run (already completed)
	completed 58.8 hours ago at 2025-11-18T05:41:15Z UTC
	location: /zata/zippy/kresgeb/nmf_stuff/dlPFC/data/batched_nmf/nmf_k100_seed31415_tol1e-06_L10.5.rds
[2025-11-20 11:31:24] --------------------------------------------
[2025-11-20 11:31:24] Starting run 531 / 750: k=10, seed=120301, tol=1e-06, L1=0.5
[2025-11-20 11:31:24] --------------------------------------------
[2025-11-20 11:31:24] Skipping run (already completed)
	completed 58.8 hours ago at 2025-11-18T05:43:33Z UTC
	location: /zata/zippy/kresgeb/nmf_stuff/dlPFC/data/batched_nmf/nmf_k10_seed120301_tol1e-06_L10.5.rds
[2025-11-20 11:31:24] --------------------------------------------
[2025-11-20 11:31:24] Starting run 532 / 750: k=20, seed=120301, tol=1e-06, L1=0.5
[2025-11-20 11:31:24] --------------------------------------------
[2025-11-20 11:31:24] Skipping run (already completed)
	completed 58.7 hours ago at 2025-11-18T05:48:34Z UTC
	location: /zata/zippy/kresgeb/nmf_stuff/dlPFC/data/batched_nmf/nmf_k20_seed120301_tol1e-06_L10.5.rds
[2025-11-20 11:31:24] --------------------------------------------
[2025-11-20 11:31:24] Starting run 533 / 750: k=30, seed=120301, tol=1e-06, L1=0.5
[2025-11-20 11:31:24] --------------------------------------------
[2025-11-20 11:31:24] Skipping run (already completed)
	completed 58.6 hours ago at 2025-11-18T05:52:58Z UTC
	location: /zata/zippy/kresgeb/nmf_stuff/dlPFC/data/batched_nmf/nmf_k30_seed120301_tol1e-06_L10.5.rds
[2025-11-20 11:31:24] --------------------------------------------
[2025-11-20 11:31:24] Starting run 534 / 750: k=40, seed=120301, tol=1e-06, L1=0.5
[2025-11-20 11:31:24] --------------------------------------------
[2025-11-20 11:31:25] Skipping run (already completed)
	completed 58.5 hours ago at 2025-11-18T06:00:46Z UTC
	location: /zata/zippy/kresgeb/nmf_stuff/dlPFC/data/batched_nmf/nmf_k40_seed120301_tol1e-06_L10.5.rds
[2025-11-20 11:31:25] --------------------------------------------
[2025-11-20 11:31:25] Starting run 535 / 750: k=50, seed=120301, tol=1e-06, L1=0.5
[2025-11-20 11:31:25] --------------------------------------------
[2025-11-20 11:31:25] Skipping run (already completed)
	completed 58.4 hours ago at 2025-11-18T06:09:42Z UTC
	location: /zata/zippy/kresgeb/nmf_stuff/dlPFC/data/batched_nmf/nmf_k50_seed120301_tol1e-06_L10.5.rds
[2025-11-20 11:31:25] --------------------------------------------
[2025-11-20 11:31:25] Starting run 536 / 750: k=60, seed=120301, tol=1e-06, L1=0.5
[2025-11-20 11:31:25] --------------------------------------------
[2025-11-20 11:31:25] Skipping run (already completed)
	completed 58.1 hours ago at 2025-11-18T06:28:15Z UTC
	location: /zata/zippy/kresgeb/nmf_stuff/dlPFC/data/batched_nmf/nmf_k60_seed120301_tol1e-06_L10.5.rds
[2025-11-20 11:31:25] --------------------------------------------
[2025-11-20 11:31:25] Starting run 537 / 750: k=70, seed=120301, tol=1e-06, L1=0.5
[2025-11-20 11:31:25] --------------------------------------------
[2025-11-20 11:31:25] Skipping run (already completed)
	completed 57.7 hours ago at 2025-11-18T06:46:44Z UTC
	location: /zata/zippy/kresgeb/nmf_stuff/dlPFC/data/batched_nmf/nmf_k70_seed120301_tol1e-06_L10.5.rds
[2025-11-20 11:31:25] --------------------------------------------
[2025-11-20 11:31:25] Starting run 538 / 750: k=80, seed=120301, tol=1e-06, L1=0.5
[2025-11-20 11:31:25] --------------------------------------------
[2025-11-20 11:31:25] Skipping run (already completed)
	completed 57.3 hours ago at 2025-11-18T07:11:12Z UTC
	location: /zata/zippy/kresgeb/nmf_stuff/dlPFC/data/batched_nmf/nmf_k80_seed120301_tol1e-06_L10.5.rds
[2025-11-20 11:31:25] --------------------------------------------
[2025-11-20 11:31:25] Starting run 539 / 750: k=90, seed=120301, tol=1e-06, L1=0.5
[2025-11-20 11:31:25] --------------------------------------------
[2025-11-20 11:31:25] Skipping run (already completed)
	completed 56.9 hours ago at 2025-11-18T07:35:44Z UTC
	location: /zata/zippy/kresgeb/nmf_stuff/dlPFC/data/batched_nmf/nmf_k90_seed120301_tol1e-06_L10.5.rds
[2025-11-20 11:31:25] --------------------------------------------
[2025-11-20 11:31:25] Starting run 540 / 750: k=100, seed=120301, tol=1e-06, L1=0.5
[2025-11-20 11:31:25] --------------------------------------------
[2025-11-20 11:31:25] Skipping run (already completed)
	completed 56.3 hours ago at 2025-11-18T08:14:37Z UTC
	location: /zata/zippy/kresgeb/nmf_stuff/dlPFC/data/batched_nmf/nmf_k100_seed120301_tol1e-06_L10.5.rds
[2025-11-20 11:31:25] --------------------------------------------
[2025-11-20 11:31:25] Starting run 541 / 750: k=10, seed=2025, tol=1e-06, L1=0.5
[2025-11-20 11:31:25] --------------------------------------------
[2025-11-20 11:31:25] Skipping run (already completed)
	completed 56.2 hours ago at 2025-11-18T08:16:42Z UTC
	location: /zata/zippy/kresgeb/nmf_stuff/dlPFC/data/batched_nmf/nmf_k10_seed2025_tol1e-06_L10.5.rds
[2025-11-20 11:31:25] --------------------------------------------
[2025-11-20 11:31:25] Starting run 542 / 750: k=20, seed=2025, tol=1e-06, L1=0.5
[2025-11-20 11:31:25] --------------------------------------------
[2025-11-20 11:31:25] Skipping run (already completed)
	completed 56.2 hours ago at 2025-11-18T08:21:00Z UTC
	location: /zata/zippy/kresgeb/nmf_stuff/dlPFC/data/batched_nmf/nmf_k20_seed2025_tol1e-06_L10.5.rds
[2025-11-20 11:31:25] --------------------------------------------
[2025-11-20 11:31:25] Starting run 543 / 750: k=30, seed=2025, tol=1e-06, L1=0.5
[2025-11-20 11:31:25] --------------------------------------------
[2025-11-20 11:31:25] Skipping run (already completed)
	completed 56.1 hours ago at 2025-11-18T08:28:24Z UTC
	location: /zata/zippy/kresgeb/nmf_stuff/dlPFC/data/batched_nmf/nmf_k30_seed2025_tol1e-06_L10.5.rds
[2025-11-20 11:31:25] --------------------------------------------
[2025-11-20 11:31:25] Starting run 544 / 750: k=40, seed=2025, tol=1e-06, L1=0.5
[2025-11-20 11:31:25] --------------------------------------------
[2025-11-20 11:31:25] Skipping run (already completed)
	completed 55.9 hours ago at 2025-11-18T08:35:52Z UTC
	location: /zata/zippy/kresgeb/nmf_stuff/dlPFC/data/batched_nmf/nmf_k40_seed2025_tol1e-06_L10.5.rds
[2025-11-20 11:31:25] --------------------------------------------
[2025-11-20 11:31:25] Starting run 545 / 750: k=50, seed=2025, tol=1e-06, L1=0.5
[2025-11-20 11:31:25] --------------------------------------------
[2025-11-20 11:31:25] Skipping run (already completed)
	completed 55.8 hours ago at 2025-11-18T08:46:07Z UTC
	location: /zata/zippy/kresgeb/nmf_stuff/dlPFC/data/batched_nmf/nmf_k50_seed2025_tol1e-06_L10.5.rds
[2025-11-20 11:31:25] --------------------------------------------
[2025-11-20 11:31:25] Starting run 546 / 750: k=60, seed=2025, tol=1e-06, L1=0.5
[2025-11-20 11:31:25] --------------------------------------------
[2025-11-20 11:31:25] Skipping run (already completed)
	completed 55.5 hours ago at 2025-11-18T09:04:13Z UTC
	location: /zata/zippy/kresgeb/nmf_stuff/dlPFC/data/batched_nmf/nmf_k60_seed2025_tol1e-06_L10.5.rds
[2025-11-20 11:31:25] --------------------------------------------
[2025-11-20 11:31:25] Starting run 547 / 750: k=70, seed=2025, tol=1e-06, L1=0.5
[2025-11-20 11:31:25] --------------------------------------------
[2025-11-20 11:31:25] Skipping run (already completed)
	completed 55.0 hours ago at 2025-11-18T09:28:47Z UTC
	location: /zata/zippy/kresgeb/nmf_stuff/dlPFC/data/batched_nmf/nmf_k70_seed2025_tol1e-06_L10.5.rds
[2025-11-20 11:31:25] --------------------------------------------
[2025-11-20 11:31:25] Starting run 548 / 750: k=80, seed=2025, tol=1e-06, L1=0.5
[2025-11-20 11:31:25] --------------------------------------------
[2025-11-20 11:31:25] Skipping run (already completed)
	completed 54.5 hours ago at 2025-11-18T09:59:50Z UTC
	location: /zata/zippy/kresgeb/nmf_stuff/dlPFC/data/batched_nmf/nmf_k80_seed2025_tol1e-06_L10.5.rds
[2025-11-20 11:31:25] --------------------------------------------
[2025-11-20 11:31:25] Starting run 549 / 750: k=90, seed=2025, tol=1e-06, L1=0.5
[2025-11-20 11:31:25] --------------------------------------------
[2025-11-20 11:31:25] Skipping run (already completed)
	completed 54.0 hours ago at 2025-11-18T10:30:52Z UTC
	location: /zata/zippy/kresgeb/nmf_stuff/dlPFC/data/batched_nmf/nmf_k90_seed2025_tol1e-06_L10.5.rds
[2025-11-20 11:31:25] --------------------------------------------
[2025-11-20 11:31:25] Starting run 550 / 750: k=100, seed=2025, tol=1e-06, L1=0.5
[2025-11-20 11:31:25] --------------------------------------------
[2025-11-20 11:31:25] Skipping run (already completed)
	completed 53.2 hours ago at 2025-11-18T11:16:37Z UTC
	location: /zata/zippy/kresgeb/nmf_stuff/dlPFC/data/batched_nmf/nmf_k100_seed2025_tol1e-06_L10.5.rds
[2025-11-20 11:31:25] --------------------------------------------
[2025-11-20 11:31:25] Starting run 551 / 750: k=10, seed=42, tol=1e-07, L1=0.5
[2025-11-20 11:31:25] --------------------------------------------
[2025-11-20 11:31:25] Skipping run (already completed)
	completed 53.2 hours ago at 2025-11-18T11:19:47Z UTC
	location: /zata/zippy/kresgeb/nmf_stuff/dlPFC/data/batched_nmf/nmf_k10_seed42_tol1e-07_L10.5.rds
[2025-11-20 11:31:25] --------------------------------------------
[2025-11-20 11:31:25] Starting run 552 / 750: k=20, seed=42, tol=1e-07, L1=0.5
[2025-11-20 11:31:25] --------------------------------------------
[2025-11-20 11:31:25] Skipping run (already completed)
	completed 53.1 hours ago at 2025-11-18T11:26:02Z UTC
	location: /zata/zippy/kresgeb/nmf_stuff/dlPFC/data/batched_nmf/nmf_k20_seed42_tol1e-07_L10.5.rds
[2025-11-20 11:31:25] --------------------------------------------
[2025-11-20 11:31:25] Starting run 553 / 750: k=30, seed=42, tol=1e-07, L1=0.5
[2025-11-20 11:31:25] --------------------------------------------
[2025-11-20 11:31:25] Skipping run (already completed)
	completed 52.9 hours ago at 2025-11-18T11:35:37Z UTC
	location: /zata/zippy/kresgeb/nmf_stuff/dlPFC/data/batched_nmf/nmf_k30_seed42_tol1e-07_L10.5.rds
[2025-11-20 11:31:25] --------------------------------------------
[2025-11-20 11:31:25] Starting run 554 / 750: k=40, seed=42, tol=1e-07, L1=0.5
[2025-11-20 11:31:25] --------------------------------------------
[2025-11-20 11:31:25] Skipping run (already completed)
	completed 52.7 hours ago at 2025-11-18T11:51:42Z UTC
	location: /zata/zippy/kresgeb/nmf_stuff/dlPFC/data/batched_nmf/nmf_k40_seed42_tol1e-07_L10.5.rds
[2025-11-20 11:31:25] --------------------------------------------
[2025-11-20 11:31:25] Starting run 555 / 750: k=50, seed=42, tol=1e-07, L1=0.5
[2025-11-20 11:31:25] --------------------------------------------
[2025-11-20 11:31:26] Skipping run (already completed)
	completed 52.4 hours ago at 2025-11-18T12:04:58Z UTC
	location: /zata/zippy/kresgeb/nmf_stuff/dlPFC/data/batched_nmf/nmf_k50_seed42_tol1e-07_L10.5.rds
[2025-11-20 11:31:26] --------------------------------------------
[2025-11-20 11:31:26] Starting run 556 / 750: k=60, seed=42, tol=1e-07, L1=0.5
[2025-11-20 11:31:26] --------------------------------------------
[2025-11-20 11:31:26] Skipping run (already completed)
	completed 52.1 hours ago at 2025-11-18T12:28:20Z UTC
	location: /zata/zippy/kresgeb/nmf_stuff/dlPFC/data/batched_nmf/nmf_k60_seed42_tol1e-07_L10.5.rds
[2025-11-20 11:31:26] --------------------------------------------
[2025-11-20 11:31:26] Starting run 557 / 750: k=70, seed=42, tol=1e-07, L1=0.5
[2025-11-20 11:31:26] --------------------------------------------
[2025-11-20 11:31:26] Skipping run (already completed)
	completed 51.5 hours ago at 2025-11-18T13:03:14Z UTC
	location: /zata/zippy/kresgeb/nmf_stuff/dlPFC/data/batched_nmf/nmf_k70_seed42_tol1e-07_L10.5.rds
[2025-11-20 11:31:26] --------------------------------------------
[2025-11-20 11:31:26] Starting run 558 / 750: k=80, seed=42, tol=1e-07, L1=0.5
[2025-11-20 11:31:26] --------------------------------------------
[2025-11-20 11:31:26] Skipping run (already completed)
	completed 50.5 hours ago at 2025-11-18T13:59:09Z UTC
	location: /zata/zippy/kresgeb/nmf_stuff/dlPFC/data/batched_nmf/nmf_k80_seed42_tol1e-07_L10.5.rds
[2025-11-20 11:31:26] --------------------------------------------
[2025-11-20 11:31:26] Starting run 559 / 750: k=90, seed=42, tol=1e-07, L1=0.5
[2025-11-20 11:31:26] --------------------------------------------
[2025-11-20 11:31:26] Skipping run (already completed)
	completed 49.3 hours ago at 2025-11-18T15:16:02Z UTC
	location: /zata/zippy/kresgeb/nmf_stuff/dlPFC/data/batched_nmf/nmf_k90_seed42_tol1e-07_L10.5.rds
[2025-11-20 11:31:26] --------------------------------------------
[2025-11-20 11:31:26] Starting run 560 / 750: k=100, seed=42, tol=1e-07, L1=0.5
[2025-11-20 11:31:26] --------------------------------------------
[2025-11-20 11:31:26] Skipping run (already completed)
	completed 47.9 hours ago at 2025-11-18T16:36:48Z UTC
	location: /zata/zippy/kresgeb/nmf_stuff/dlPFC/data/batched_nmf/nmf_k100_seed42_tol1e-07_L10.5.rds
[2025-11-20 11:31:26] --------------------------------------------
[2025-11-20 11:31:26] Starting run 561 / 750: k=10, seed=1029, tol=1e-07, L1=0.5
[2025-11-20 11:31:26] --------------------------------------------
[2025-11-20 11:31:26] Skipping run (already completed)
	completed 47.9 hours ago at 2025-11-18T16:39:04Z UTC
	location: /zata/zippy/kresgeb/nmf_stuff/dlPFC/data/batched_nmf/nmf_k10_seed1029_tol1e-07_L10.5.rds
[2025-11-20 11:31:26] --------------------------------------------
[2025-11-20 11:31:26] Starting run 562 / 750: k=20, seed=1029, tol=1e-07, L1=0.5
[2025-11-20 11:31:26] --------------------------------------------
[2025-11-20 11:31:26] Skipping run (already completed)
	completed 47.8 hours ago at 2025-11-18T16:45:07Z UTC
	location: /zata/zippy/kresgeb/nmf_stuff/dlPFC/data/batched_nmf/nmf_k20_seed1029_tol1e-07_L10.5.rds
[2025-11-20 11:31:26] --------------------------------------------
[2025-11-20 11:31:26] Starting run 563 / 750: k=30, seed=1029, tol=1e-07, L1=0.5
[2025-11-20 11:31:26] --------------------------------------------
[2025-11-20 11:31:26] Skipping run (already completed)
	completed 47.7 hours ago at 2025-11-18T16:51:24Z UTC
	location: /zata/zippy/kresgeb/nmf_stuff/dlPFC/data/batched_nmf/nmf_k30_seed1029_tol1e-07_L10.5.rds
[2025-11-20 11:31:26] --------------------------------------------
[2025-11-20 11:31:26] Starting run 564 / 750: k=40, seed=1029, tol=1e-07, L1=0.5
[2025-11-20 11:31:26] --------------------------------------------
[2025-11-20 11:31:26] Skipping run (already completed)
	completed 47.5 hours ago at 2025-11-18T17:04:25Z UTC
	location: /zata/zippy/kresgeb/nmf_stuff/dlPFC/data/batched_nmf/nmf_k40_seed1029_tol1e-07_L10.5.rds
[2025-11-20 11:31:26] --------------------------------------------
[2025-11-20 11:31:26] Starting run 565 / 750: k=50, seed=1029, tol=1e-07, L1=0.5
[2025-11-20 11:31:26] --------------------------------------------
[2025-11-20 11:31:26] Skipping run (already completed)
	completed 47.2 hours ago at 2025-11-18T17:16:57Z UTC
	location: /zata/zippy/kresgeb/nmf_stuff/dlPFC/data/batched_nmf/nmf_k50_seed1029_tol1e-07_L10.5.rds
[2025-11-20 11:31:26] --------------------------------------------
[2025-11-20 11:31:26] Starting run 566 / 750: k=60, seed=1029, tol=1e-07, L1=0.5
[2025-11-20 11:31:26] --------------------------------------------
[2025-11-20 11:31:26] Skipping run (already completed)
	completed 46.9 hours ago at 2025-11-18T17:37:03Z UTC
	location: /zata/zippy/kresgeb/nmf_stuff/dlPFC/data/batched_nmf/nmf_k60_seed1029_tol1e-07_L10.5.rds
[2025-11-20 11:31:26] --------------------------------------------
[2025-11-20 11:31:26] Starting run 567 / 750: k=70, seed=1029, tol=1e-07, L1=0.5
[2025-11-20 11:31:26] --------------------------------------------
[2025-11-20 11:31:26] Skipping run (already completed)
	completed 46.4 hours ago at 2025-11-18T18:05:15Z UTC
	location: /zata/zippy/kresgeb/nmf_stuff/dlPFC/data/batched_nmf/nmf_k70_seed1029_tol1e-07_L10.5.rds
[2025-11-20 11:31:26] --------------------------------------------
[2025-11-20 11:31:26] Starting run 568 / 750: k=80, seed=1029, tol=1e-07, L1=0.5
[2025-11-20 11:31:26] --------------------------------------------
[2025-11-20 11:31:26] Skipping run (already completed)
	completed 45.5 hours ago at 2025-11-18T19:00:59Z UTC
	location: /zata/zippy/kresgeb/nmf_stuff/dlPFC/data/batched_nmf/nmf_k80_seed1029_tol1e-07_L10.5.rds
[2025-11-20 11:31:26] --------------------------------------------
[2025-11-20 11:31:26] Starting run 569 / 750: k=90, seed=1029, tol=1e-07, L1=0.5
[2025-11-20 11:31:26] --------------------------------------------
[2025-11-20 11:31:26] Skipping run (already completed)
	completed 44.5 hours ago at 2025-11-18T19:58:38Z UTC
	location: /zata/zippy/kresgeb/nmf_stuff/dlPFC/data/batched_nmf/nmf_k90_seed1029_tol1e-07_L10.5.rds
[2025-11-20 11:31:26] --------------------------------------------
[2025-11-20 11:31:26] Starting run 570 / 750: k=100, seed=1029, tol=1e-07, L1=0.5
[2025-11-20 11:31:26] --------------------------------------------
[2025-11-20 11:31:26] Skipping run (already completed)
	completed 43.5 hours ago at 2025-11-18T21:02:57Z UTC
	location: /zata/zippy/kresgeb/nmf_stuff/dlPFC/data/batched_nmf/nmf_k100_seed1029_tol1e-07_L10.5.rds
[2025-11-20 11:31:26] --------------------------------------------
[2025-11-20 11:31:26] Starting run 571 / 750: k=10, seed=31415, tol=1e-07, L1=0.5
[2025-11-20 11:31:26] --------------------------------------------
[2025-11-20 11:31:26] Skipping run (already completed)
	completed 43.4 hours ago at 2025-11-18T21:05:49Z UTC
	location: /zata/zippy/kresgeb/nmf_stuff/dlPFC/data/batched_nmf/nmf_k10_seed31415_tol1e-07_L10.5.rds
[2025-11-20 11:31:26] --------------------------------------------
[2025-11-20 11:31:26] Starting run 572 / 750: k=20, seed=31415, tol=1e-07, L1=0.5
[2025-11-20 11:31:26] --------------------------------------------
[2025-11-20 11:31:26] Skipping run (already completed)
	completed 43.4 hours ago at 2025-11-18T21:09:34Z UTC
	location: /zata/zippy/kresgeb/nmf_stuff/dlPFC/data/batched_nmf/nmf_k20_seed31415_tol1e-07_L10.5.rds
[2025-11-20 11:31:26] --------------------------------------------
[2025-11-20 11:31:26] Starting run 573 / 750: k=30, seed=31415, tol=1e-07, L1=0.5
[2025-11-20 11:31:26] --------------------------------------------
[2025-11-20 11:31:26] Skipping run (already completed)
	completed 43.3 hours ago at 2025-11-18T21:15:23Z UTC
	location: /zata/zippy/kresgeb/nmf_stuff/dlPFC/data/batched_nmf/nmf_k30_seed31415_tol1e-07_L10.5.rds
[2025-11-20 11:31:26] --------------------------------------------
[2025-11-20 11:31:26] Starting run 574 / 750: k=40, seed=31415, tol=1e-07, L1=0.5
[2025-11-20 11:31:26] --------------------------------------------
[2025-11-20 11:31:26] Skipping run (already completed)
	completed 43.1 hours ago at 2025-11-18T21:23:58Z UTC
	location: /zata/zippy/kresgeb/nmf_stuff/dlPFC/data/batched_nmf/nmf_k40_seed31415_tol1e-07_L10.5.rds
[2025-11-20 11:31:26] --------------------------------------------
[2025-11-20 11:31:26] Starting run 575 / 750: k=50, seed=31415, tol=1e-07, L1=0.5
[2025-11-20 11:31:26] --------------------------------------------
[2025-11-20 11:31:26] Skipping run (already completed)
	completed 42.8 hours ago at 2025-11-18T21:44:15Z UTC
	location: /zata/zippy/kresgeb/nmf_stuff/dlPFC/data/batched_nmf/nmf_k50_seed31415_tol1e-07_L10.5.rds
[2025-11-20 11:31:26] --------------------------------------------
[2025-11-20 11:31:26] Starting run 576 / 750: k=60, seed=31415, tol=1e-07, L1=0.5
[2025-11-20 11:31:26] --------------------------------------------
[2025-11-20 11:31:26] Skipping run (already completed)
	completed 42.2 hours ago at 2025-11-18T22:20:04Z UTC
	location: /zata/zippy/kresgeb/nmf_stuff/dlPFC/data/batched_nmf/nmf_k60_seed31415_tol1e-07_L10.5.rds
[2025-11-20 11:31:26] --------------------------------------------
[2025-11-20 11:31:26] Starting run 577 / 750: k=70, seed=31415, tol=1e-07, L1=0.5
[2025-11-20 11:31:26] --------------------------------------------
[2025-11-20 11:31:26] Skipping run (already completed)
	completed 41.7 hours ago at 2025-11-18T22:49:32Z UTC
	location: /zata/zippy/kresgeb/nmf_stuff/dlPFC/data/batched_nmf/nmf_k70_seed31415_tol1e-07_L10.5.rds
[2025-11-20 11:31:26] --------------------------------------------
[2025-11-20 11:31:26] Starting run 578 / 750: k=80, seed=31415, tol=1e-07, L1=0.5
[2025-11-20 11:31:26] --------------------------------------------
[2025-11-20 11:31:27] Skipping run (already completed)
	completed 41.2 hours ago at 2025-11-18T23:17:57Z UTC
	location: /zata/zippy/kresgeb/nmf_stuff/dlPFC/data/batched_nmf/nmf_k80_seed31415_tol1e-07_L10.5.rds
[2025-11-20 11:31:27] --------------------------------------------
[2025-11-20 11:31:27] Starting run 579 / 750: k=90, seed=31415, tol=1e-07, L1=0.5
[2025-11-20 11:31:27] --------------------------------------------
[2025-11-20 11:31:27] Skipping run (already completed)
	completed 40.2 hours ago at 2025-11-19T00:19:50Z UTC
	location: /zata/zippy/kresgeb/nmf_stuff/dlPFC/data/batched_nmf/nmf_k90_seed31415_tol1e-07_L10.5.rds
[2025-11-20 11:31:27] --------------------------------------------
[2025-11-20 11:31:27] Starting run 580 / 750: k=100, seed=31415, tol=1e-07, L1=0.5
[2025-11-20 11:31:27] --------------------------------------------
[2025-11-20 11:31:27] Skipping run (already completed)
	completed 39.2 hours ago at 2025-11-19T01:16:35Z UTC
	location: /zata/zippy/kresgeb/nmf_stuff/dlPFC/data/batched_nmf/nmf_k100_seed31415_tol1e-07_L10.5.rds
[2025-11-20 11:31:27] --------------------------------------------
[2025-11-20 11:31:27] Starting run 581 / 750: k=10, seed=120301, tol=1e-07, L1=0.5
[2025-11-20 11:31:27] --------------------------------------------
[2025-11-20 11:31:27] Skipping run (already completed)
	completed 39.2 hours ago at 2025-11-19T01:19:01Z UTC
	location: /zata/zippy/kresgeb/nmf_stuff/dlPFC/data/batched_nmf/nmf_k10_seed120301_tol1e-07_L10.5.rds
[2025-11-20 11:31:27] --------------------------------------------
[2025-11-20 11:31:27] Starting run 582 / 750: k=20, seed=120301, tol=1e-07, L1=0.5
[2025-11-20 11:31:27] --------------------------------------------
[2025-11-20 11:31:27] Skipping run (already completed)
	completed 39.1 hours ago at 2025-11-19T01:25:20Z UTC
	location: /zata/zippy/kresgeb/nmf_stuff/dlPFC/data/batched_nmf/nmf_k20_seed120301_tol1e-07_L10.5.rds
[2025-11-20 11:31:27] --------------------------------------------
[2025-11-20 11:31:27] Starting run 583 / 750: k=30, seed=120301, tol=1e-07, L1=0.5
[2025-11-20 11:31:27] --------------------------------------------
[2025-11-20 11:31:27] Skipping run (already completed)
	completed 38.9 hours ago at 2025-11-19T01:36:55Z UTC
	location: /zata/zippy/kresgeb/nmf_stuff/dlPFC/data/batched_nmf/nmf_k30_seed120301_tol1e-07_L10.5.rds
[2025-11-20 11:31:27] --------------------------------------------
[2025-11-20 11:31:27] Starting run 584 / 750: k=40, seed=120301, tol=1e-07, L1=0.5
[2025-11-20 11:31:27] --------------------------------------------
[2025-11-20 11:31:27] Skipping run (already completed)
	completed 38.6 hours ago at 2025-11-19T01:53:58Z UTC
	location: /zata/zippy/kresgeb/nmf_stuff/dlPFC/data/batched_nmf/nmf_k40_seed120301_tol1e-07_L10.5.rds
[2025-11-20 11:31:27] --------------------------------------------
[2025-11-20 11:31:27] Starting run 585 / 750: k=50, seed=120301, tol=1e-07, L1=0.5
[2025-11-20 11:31:27] --------------------------------------------
[2025-11-20 11:31:27] Skipping run (already completed)
	completed 38.4 hours ago at 2025-11-19T02:07:14Z UTC
	location: /zata/zippy/kresgeb/nmf_stuff/dlPFC/data/batched_nmf/nmf_k50_seed120301_tol1e-07_L10.5.rds
[2025-11-20 11:31:27] --------------------------------------------
[2025-11-20 11:31:27] Starting run 586 / 750: k=60, seed=120301, tol=1e-07, L1=0.5
[2025-11-20 11:31:27] --------------------------------------------
[2025-11-20 11:31:27] Skipping run (already completed)
	completed 37.9 hours ago at 2025-11-19T02:36:25Z UTC
	location: /zata/zippy/kresgeb/nmf_stuff/dlPFC/data/batched_nmf/nmf_k60_seed120301_tol1e-07_L10.5.rds
[2025-11-20 11:31:27] --------------------------------------------
[2025-11-20 11:31:27] Starting run 587 / 750: k=70, seed=120301, tol=1e-07, L1=0.5
[2025-11-20 11:31:27] --------------------------------------------
[2025-11-20 11:31:27] Skipping run (already completed)
	completed 36.9 hours ago at 2025-11-19T03:34:47Z UTC
	location: /zata/zippy/kresgeb/nmf_stuff/dlPFC/data/batched_nmf/nmf_k70_seed120301_tol1e-07_L10.5.rds
[2025-11-20 11:31:27] --------------------------------------------
[2025-11-20 11:31:27] Starting run 588 / 750: k=80, seed=120301, tol=1e-07, L1=0.5
[2025-11-20 11:31:27] --------------------------------------------
[2025-11-20 11:31:27] Skipping run (already completed)
	completed 36.1 hours ago at 2025-11-19T04:26:16Z UTC
	location: /zata/zippy/kresgeb/nmf_stuff/dlPFC/data/batched_nmf/nmf_k80_seed120301_tol1e-07_L10.5.rds
[2025-11-20 11:31:27] --------------------------------------------
[2025-11-20 11:31:27] Starting run 589 / 750: k=90, seed=120301, tol=1e-07, L1=0.5
[2025-11-20 11:31:27] --------------------------------------------
[2025-11-20 11:31:27] Skipping run (already completed)
	completed 35.1 hours ago at 2025-11-19T05:23:52Z UTC
	location: /zata/zippy/kresgeb/nmf_stuff/dlPFC/data/batched_nmf/nmf_k90_seed120301_tol1e-07_L10.5.rds
[2025-11-20 11:31:27] --------------------------------------------
[2025-11-20 11:31:27] Starting run 590 / 750: k=100, seed=120301, tol=1e-07, L1=0.5
[2025-11-20 11:31:27] --------------------------------------------
[2025-11-20 11:31:27] Skipping run (already completed)
	completed 33.7 hours ago at 2025-11-19T06:50:35Z UTC
	location: /zata/zippy/kresgeb/nmf_stuff/dlPFC/data/batched_nmf/nmf_k100_seed120301_tol1e-07_L10.5.rds
[2025-11-20 11:31:27] --------------------------------------------
[2025-11-20 11:31:27] Starting run 591 / 750: k=10, seed=2025, tol=1e-07, L1=0.5
[2025-11-20 11:31:27] --------------------------------------------
[2025-11-20 11:31:27] Skipping run (already completed)
	completed 33.6 hours ago at 2025-11-19T06:52:43Z UTC
	location: /zata/zippy/kresgeb/nmf_stuff/dlPFC/data/batched_nmf/nmf_k10_seed2025_tol1e-07_L10.5.rds
[2025-11-20 11:31:27] --------------------------------------------
[2025-11-20 11:31:27] Starting run 592 / 750: k=20, seed=2025, tol=1e-07, L1=0.5
[2025-11-20 11:31:27] --------------------------------------------
[2025-11-20 11:31:27] Skipping run (already completed)
	completed 33.6 hours ago at 2025-11-19T06:57:43Z UTC
	location: /zata/zippy/kresgeb/nmf_stuff/dlPFC/data/batched_nmf/nmf_k20_seed2025_tol1e-07_L10.5.rds
[2025-11-20 11:31:27] --------------------------------------------
[2025-11-20 11:31:27] Starting run 593 / 750: k=30, seed=2025, tol=1e-07, L1=0.5
[2025-11-20 11:31:27] --------------------------------------------
[2025-11-20 11:31:27] Skipping run (already completed)
	completed 33.4 hours ago at 2025-11-19T07:05:58Z UTC
	location: /zata/zippy/kresgeb/nmf_stuff/dlPFC/data/batched_nmf/nmf_k30_seed2025_tol1e-07_L10.5.rds
[2025-11-20 11:31:27] --------------------------------------------
[2025-11-20 11:31:27] Starting run 594 / 750: k=40, seed=2025, tol=1e-07, L1=0.5
[2025-11-20 11:31:27] --------------------------------------------
[2025-11-20 11:31:27] Skipping run (already completed)
	completed 33.1 hours ago at 2025-11-19T07:23:10Z UTC
	location: /zata/zippy/kresgeb/nmf_stuff/dlPFC/data/batched_nmf/nmf_k40_seed2025_tol1e-07_L10.5.rds
[2025-11-20 11:31:27] --------------------------------------------
[2025-11-20 11:31:27] Starting run 595 / 750: k=50, seed=2025, tol=1e-07, L1=0.5
[2025-11-20 11:31:27] --------------------------------------------
[2025-11-20 11:31:27] Skipping run (already completed)
	completed 32.9 hours ago at 2025-11-19T07:36:59Z UTC
	location: /zata/zippy/kresgeb/nmf_stuff/dlPFC/data/batched_nmf/nmf_k50_seed2025_tol1e-07_L10.5.rds
[2025-11-20 11:31:27] --------------------------------------------
[2025-11-20 11:31:27] Starting run 596 / 750: k=60, seed=2025, tol=1e-07, L1=0.5
[2025-11-20 11:31:27] --------------------------------------------
[2025-11-20 11:31:27] Skipping run (already completed)
	completed 32.0 hours ago at 2025-11-19T08:34:03Z UTC
	location: /zata/zippy/kresgeb/nmf_stuff/dlPFC/data/batched_nmf/nmf_k60_seed2025_tol1e-07_L10.5.rds
[2025-11-20 11:31:27] --------------------------------------------
[2025-11-20 11:31:27] Starting run 597 / 750: k=70, seed=2025, tol=1e-07, L1=0.5
[2025-11-20 11:31:27] --------------------------------------------
[2025-11-20 11:31:27] Skipping run (already completed)
	completed 31.5 hours ago at 2025-11-19T08:59:59Z UTC
	location: /zata/zippy/kresgeb/nmf_stuff/dlPFC/data/batched_nmf/nmf_k70_seed2025_tol1e-07_L10.5.rds
[2025-11-20 11:31:27] --------------------------------------------
[2025-11-20 11:31:27] Starting run 598 / 750: k=80, seed=2025, tol=1e-07, L1=0.5
[2025-11-20 11:31:27] --------------------------------------------
[2025-11-20 11:31:27] Skipping run (already completed)
	completed 30.5 hours ago at 2025-11-19T10:03:10Z UTC
	location: /zata/zippy/kresgeb/nmf_stuff/dlPFC/data/batched_nmf/nmf_k80_seed2025_tol1e-07_L10.5.rds
[2025-11-20 11:31:27] --------------------------------------------
[2025-11-20 11:31:27] Starting run 599 / 750: k=90, seed=2025, tol=1e-07, L1=0.5
[2025-11-20 11:31:27] --------------------------------------------
[2025-11-20 11:31:27] Skipping run (already completed)
	completed 29.9 hours ago at 2025-11-19T10:38:16Z UTC
	location: /zata/zippy/kresgeb/nmf_stuff/dlPFC/data/batched_nmf/nmf_k90_seed2025_tol1e-07_L10.5.rds
[2025-11-20 11:31:27] --------------------------------------------
[2025-11-20 11:31:27] Starting run 600 / 750: k=100, seed=2025, tol=1e-07, L1=0.5
[2025-11-20 11:31:27] --------------------------------------------
[2025-11-20 11:31:27] Skipping run (already completed)
	completed 29.1 hours ago at 2025-11-19T11:26:55Z UTC
	location: /zata/zippy/kresgeb/nmf_stuff/dlPFC/data/batched_nmf/nmf_k100_seed2025_tol1e-07_L10.5.rds
[2025-11-20 11:31:27] --------------------------------------------
[2025-11-20 11:31:27] Starting run 601 / 750: k=10, seed=42, tol=1e-05, L1=0.7
[2025-11-20 11:31:27] --------------------------------------------
[2025-11-20 11:31:27] Skipping run (already completed)
	completed 29.0 hours ago at 2025-11-19T11:29:07Z UTC
	location: /zata/zippy/kresgeb/nmf_stuff/dlPFC/data/batched_nmf/nmf_k10_seed42_tol1e-05_L10.7.rds
[2025-11-20 11:31:27] --------------------------------------------
[2025-11-20 11:31:27] Starting run 602 / 750: k=20, seed=42, tol=1e-05, L1=0.7
[2025-11-20 11:31:27] --------------------------------------------
[2025-11-20 11:31:28] Skipping run (already completed)
	completed 29.0 hours ago at 2025-11-19T11:32:34Z UTC
	location: /zata/zippy/kresgeb/nmf_stuff/dlPFC/data/batched_nmf/nmf_k20_seed42_tol1e-05_L10.7.rds
[2025-11-20 11:31:28] --------------------------------------------
[2025-11-20 11:31:28] Starting run 603 / 750: k=30, seed=42, tol=1e-05, L1=0.7
[2025-11-20 11:31:28] --------------------------------------------
[2025-11-20 11:31:28] Skipping run (already completed)
	completed 28.9 hours ago at 2025-11-19T11:37:31Z UTC
	location: /zata/zippy/kresgeb/nmf_stuff/dlPFC/data/batched_nmf/nmf_k30_seed42_tol1e-05_L10.7.rds
[2025-11-20 11:31:28] --------------------------------------------
[2025-11-20 11:31:28] Starting run 604 / 750: k=40, seed=42, tol=1e-05, L1=0.7
[2025-11-20 11:31:28] --------------------------------------------
[2025-11-20 11:31:28] Skipping run (already completed)
	completed 28.8 hours ago at 2025-11-19T11:45:55Z UTC
	location: /zata/zippy/kresgeb/nmf_stuff/dlPFC/data/batched_nmf/nmf_k40_seed42_tol1e-05_L10.7.rds
[2025-11-20 11:31:28] --------------------------------------------
[2025-11-20 11:31:28] Starting run 605 / 750: k=50, seed=42, tol=1e-05, L1=0.7
[2025-11-20 11:31:28] --------------------------------------------
[2025-11-20 11:31:28] Skipping run (already completed)
	completed 28.6 hours ago at 2025-11-19T11:55:10Z UTC
	location: /zata/zippy/kresgeb/nmf_stuff/dlPFC/data/batched_nmf/nmf_k50_seed42_tol1e-05_L10.7.rds
[2025-11-20 11:31:28] --------------------------------------------
[2025-11-20 11:31:28] Starting run 606 / 750: k=60, seed=42, tol=1e-05, L1=0.7
[2025-11-20 11:31:28] --------------------------------------------
[2025-11-20 11:31:28] Skipping run (already completed)
	completed 28.4 hours ago at 2025-11-19T12:04:40Z UTC
	location: /zata/zippy/kresgeb/nmf_stuff/dlPFC/data/batched_nmf/nmf_k60_seed42_tol1e-05_L10.7.rds
[2025-11-20 11:31:28] --------------------------------------------
[2025-11-20 11:31:28] Starting run 607 / 750: k=70, seed=42, tol=1e-05, L1=0.7
[2025-11-20 11:31:28] --------------------------------------------
[2025-11-20 11:31:28] Skipping run (already completed)
	completed 28.2 hours ago at 2025-11-19T12:16:59Z UTC
	location: /zata/zippy/kresgeb/nmf_stuff/dlPFC/data/batched_nmf/nmf_k70_seed42_tol1e-05_L10.7.rds
[2025-11-20 11:31:28] --------------------------------------------
[2025-11-20 11:31:28] Starting run 608 / 750: k=80, seed=42, tol=1e-05, L1=0.7
[2025-11-20 11:31:28] --------------------------------------------
[2025-11-20 11:31:28] Skipping run (already completed)
	completed 28.0 hours ago at 2025-11-19T12:31:49Z UTC
	location: /zata/zippy/kresgeb/nmf_stuff/dlPFC/data/batched_nmf/nmf_k80_seed42_tol1e-05_L10.7.rds
[2025-11-20 11:31:28] --------------------------------------------
[2025-11-20 11:31:28] Starting run 609 / 750: k=90, seed=42, tol=1e-05, L1=0.7
[2025-11-20 11:31:28] --------------------------------------------
[2025-11-20 11:31:28] Skipping run (already completed)
	completed 27.7 hours ago at 2025-11-19T12:48:04Z UTC
	location: /zata/zippy/kresgeb/nmf_stuff/dlPFC/data/batched_nmf/nmf_k90_seed42_tol1e-05_L10.7.rds
[2025-11-20 11:31:28] --------------------------------------------
[2025-11-20 11:31:28] Starting run 610 / 750: k=100, seed=42, tol=1e-05, L1=0.7
[2025-11-20 11:31:28] --------------------------------------------
[2025-11-20 11:31:28] Skipping run (already completed)
	completed 27.4 hours ago at 2025-11-19T13:06:29Z UTC
	location: /zata/zippy/kresgeb/nmf_stuff/dlPFC/data/batched_nmf/nmf_k100_seed42_tol1e-05_L10.7.rds
[2025-11-20 11:31:28] --------------------------------------------
[2025-11-20 11:31:28] Starting run 611 / 750: k=10, seed=1029, tol=1e-05, L1=0.7
[2025-11-20 11:31:28] --------------------------------------------
[2025-11-20 11:31:28] Skipping run (already completed)
	completed 27.4 hours ago at 2025-11-19T13:09:07Z UTC
	location: /zata/zippy/kresgeb/nmf_stuff/dlPFC/data/batched_nmf/nmf_k10_seed1029_tol1e-05_L10.7.rds
[2025-11-20 11:31:28] --------------------------------------------
[2025-11-20 11:31:28] Starting run 612 / 750: k=20, seed=1029, tol=1e-05, L1=0.7
[2025-11-20 11:31:28] --------------------------------------------
[2025-11-20 11:31:28] Skipping run (already completed)
	completed 27.3 hours ago at 2025-11-19T13:12:09Z UTC
	location: /zata/zippy/kresgeb/nmf_stuff/dlPFC/data/batched_nmf/nmf_k20_seed1029_tol1e-05_L10.7.rds
[2025-11-20 11:31:28] --------------------------------------------
[2025-11-20 11:31:28] Starting run 613 / 750: k=30, seed=1029, tol=1e-05, L1=0.7
[2025-11-20 11:31:28] --------------------------------------------
[2025-11-20 11:31:28] Skipping run (already completed)
	completed 27.3 hours ago at 2025-11-19T13:16:00Z UTC
	location: /zata/zippy/kresgeb/nmf_stuff/dlPFC/data/batched_nmf/nmf_k30_seed1029_tol1e-05_L10.7.rds
[2025-11-20 11:31:28] --------------------------------------------
[2025-11-20 11:31:28] Starting run 614 / 750: k=40, seed=1029, tol=1e-05, L1=0.7
[2025-11-20 11:31:28] --------------------------------------------
[2025-11-20 11:31:28] Skipping run (already completed)
	completed 27.1 hours ago at 2025-11-19T13:26:03Z UTC
	location: /zata/zippy/kresgeb/nmf_stuff/dlPFC/data/batched_nmf/nmf_k40_seed1029_tol1e-05_L10.7.rds
[2025-11-20 11:31:28] --------------------------------------------
[2025-11-20 11:31:28] Starting run 615 / 750: k=50, seed=1029, tol=1e-05, L1=0.7
[2025-11-20 11:31:28] --------------------------------------------
[2025-11-20 11:31:28] Skipping run (already completed)
	completed 27.0 hours ago at 2025-11-19T13:32:51Z UTC
	location: /zata/zippy/kresgeb/nmf_stuff/dlPFC/data/batched_nmf/nmf_k50_seed1029_tol1e-05_L10.7.rds
[2025-11-20 11:31:28] --------------------------------------------
[2025-11-20 11:31:28] Starting run 616 / 750: k=60, seed=1029, tol=1e-05, L1=0.7
[2025-11-20 11:31:28] --------------------------------------------
[2025-11-20 11:31:28] Skipping run (already completed)
	completed 26.8 hours ago at 2025-11-19T13:40:53Z UTC
	location: /zata/zippy/kresgeb/nmf_stuff/dlPFC/data/batched_nmf/nmf_k60_seed1029_tol1e-05_L10.7.rds
[2025-11-20 11:31:28] --------------------------------------------
[2025-11-20 11:31:28] Starting run 617 / 750: k=70, seed=1029, tol=1e-05, L1=0.7
[2025-11-20 11:31:28] --------------------------------------------
[2025-11-20 11:31:28] Skipping run (already completed)
	completed 26.7 hours ago at 2025-11-19T13:52:01Z UTC
	location: /zata/zippy/kresgeb/nmf_stuff/dlPFC/data/batched_nmf/nmf_k70_seed1029_tol1e-05_L10.7.rds
[2025-11-20 11:31:28] --------------------------------------------
[2025-11-20 11:31:28] Starting run 618 / 750: k=80, seed=1029, tol=1e-05, L1=0.7
[2025-11-20 11:31:28] --------------------------------------------
[2025-11-20 11:31:28] Skipping run (already completed)
	completed 26.4 hours ago at 2025-11-19T14:07:20Z UTC
	location: /zata/zippy/kresgeb/nmf_stuff/dlPFC/data/batched_nmf/nmf_k80_seed1029_tol1e-05_L10.7.rds
[2025-11-20 11:31:28] --------------------------------------------
[2025-11-20 11:31:28] Starting run 619 / 750: k=90, seed=1029, tol=1e-05, L1=0.7
[2025-11-20 11:31:28] --------------------------------------------
[2025-11-20 11:31:28] Skipping run (already completed)
	completed 26.0 hours ago at 2025-11-19T14:33:44Z UTC
	location: /zata/zippy/kresgeb/nmf_stuff/dlPFC/data/batched_nmf/nmf_k90_seed1029_tol1e-05_L10.7.rds
[2025-11-20 11:31:28] --------------------------------------------
[2025-11-20 11:31:28] Starting run 620 / 750: k=100, seed=1029, tol=1e-05, L1=0.7
[2025-11-20 11:31:28] --------------------------------------------
[2025-11-20 11:31:28] Skipping run (already completed)
	completed 25.7 hours ago at 2025-11-19T14:49:21Z UTC
	location: /zata/zippy/kresgeb/nmf_stuff/dlPFC/data/batched_nmf/nmf_k100_seed1029_tol1e-05_L10.7.rds
[2025-11-20 11:31:28] --------------------------------------------
[2025-11-20 11:31:28] Starting run 621 / 750: k=10, seed=31415, tol=1e-05, L1=0.7
[2025-11-20 11:31:28] --------------------------------------------
[2025-11-20 11:31:28] Skipping run (already completed)
	completed 25.7 hours ago at 2025-11-19T14:51:21Z UTC
	location: /zata/zippy/kresgeb/nmf_stuff/dlPFC/data/batched_nmf/nmf_k10_seed31415_tol1e-05_L10.7.rds
[2025-11-20 11:31:28] --------------------------------------------
[2025-11-20 11:31:28] Starting run 622 / 750: k=20, seed=31415, tol=1e-05, L1=0.7
[2025-11-20 11:31:28] --------------------------------------------
[2025-11-20 11:31:28] Skipping run (already completed)
	completed 25.6 hours ago at 2025-11-19T14:54:56Z UTC
	location: /zata/zippy/kresgeb/nmf_stuff/dlPFC/data/batched_nmf/nmf_k20_seed31415_tol1e-05_L10.7.rds
[2025-11-20 11:31:28] --------------------------------------------
[2025-11-20 11:31:28] Starting run 623 / 750: k=30, seed=31415, tol=1e-05, L1=0.7
[2025-11-20 11:31:28] --------------------------------------------
[2025-11-20 11:31:28] Skipping run (already completed)
	completed 25.5 hours ago at 2025-11-19T14:58:46Z UTC
	location: /zata/zippy/kresgeb/nmf_stuff/dlPFC/data/batched_nmf/nmf_k30_seed31415_tol1e-05_L10.7.rds
[2025-11-20 11:31:28] --------------------------------------------
[2025-11-20 11:31:28] Starting run 624 / 750: k=40, seed=31415, tol=1e-05, L1=0.7
[2025-11-20 11:31:28] --------------------------------------------
[2025-11-20 11:31:28] Skipping run (already completed)
	completed 25.4 hours ago at 2025-11-19T15:04:36Z UTC
	location: /zata/zippy/kresgeb/nmf_stuff/dlPFC/data/batched_nmf/nmf_k40_seed31415_tol1e-05_L10.7.rds
[2025-11-20 11:31:28] --------------------------------------------
[2025-11-20 11:31:28] Starting run 625 / 750: k=50, seed=31415, tol=1e-05, L1=0.7
[2025-11-20 11:31:28] --------------------------------------------
[2025-11-20 11:31:29] Skipping run (already completed)
	completed 25.3 hours ago at 2025-11-19T15:11:32Z UTC
	location: /zata/zippy/kresgeb/nmf_stuff/dlPFC/data/batched_nmf/nmf_k50_seed31415_tol1e-05_L10.7.rds
[2025-11-20 11:31:29] --------------------------------------------
[2025-11-20 11:31:29] Starting run 626 / 750: k=60, seed=31415, tol=1e-05, L1=0.7
[2025-11-20 11:31:29] --------------------------------------------
[2025-11-20 11:31:29] Skipping run (already completed)
	completed 25.2 hours ago at 2025-11-19T15:20:09Z UTC
	location: /zata/zippy/kresgeb/nmf_stuff/dlPFC/data/batched_nmf/nmf_k60_seed31415_tol1e-05_L10.7.rds
[2025-11-20 11:31:29] --------------------------------------------
[2025-11-20 11:31:29] Starting run 627 / 750: k=70, seed=31415, tol=1e-05, L1=0.7
[2025-11-20 11:31:29] --------------------------------------------
[2025-11-20 11:31:29] Skipping run (already completed)
	completed 25.0 hours ago at 2025-11-19T15:32:04Z UTC
	location: /zata/zippy/kresgeb/nmf_stuff/dlPFC/data/batched_nmf/nmf_k70_seed31415_tol1e-05_L10.7.rds
[2025-11-20 11:31:29] --------------------------------------------
[2025-11-20 11:31:29] Starting run 628 / 750: k=80, seed=31415, tol=1e-05, L1=0.7
[2025-11-20 11:31:29] --------------------------------------------
[2025-11-20 11:31:29] Skipping run (already completed)
	completed 24.8 hours ago at 2025-11-19T15:42:42Z UTC
	location: /zata/zippy/kresgeb/nmf_stuff/dlPFC/data/batched_nmf/nmf_k80_seed31415_tol1e-05_L10.7.rds
[2025-11-20 11:31:29] --------------------------------------------
[2025-11-20 11:31:29] Starting run 629 / 750: k=90, seed=31415, tol=1e-05, L1=0.7
[2025-11-20 11:31:29] --------------------------------------------
[2025-11-20 11:31:29] Skipping run (already completed)
	completed 24.5 hours ago at 2025-11-19T16:01:21Z UTC
	location: /zata/zippy/kresgeb/nmf_stuff/dlPFC/data/batched_nmf/nmf_k90_seed31415_tol1e-05_L10.7.rds
[2025-11-20 11:31:29] --------------------------------------------
[2025-11-20 11:31:29] Starting run 630 / 750: k=100, seed=31415, tol=1e-05, L1=0.7
[2025-11-20 11:31:29] --------------------------------------------
[2025-11-20 11:31:29] Skipping run (already completed)
	completed 24.2 hours ago at 2025-11-19T16:20:43Z UTC
	location: /zata/zippy/kresgeb/nmf_stuff/dlPFC/data/batched_nmf/nmf_k100_seed31415_tol1e-05_L10.7.rds
[2025-11-20 11:31:29] --------------------------------------------
[2025-11-20 11:31:29] Starting run 631 / 750: k=10, seed=120301, tol=1e-05, L1=0.7
[2025-11-20 11:31:29] --------------------------------------------
[2025-11-20 11:31:29] Skipping run (already completed)
	completed 24.1 hours ago at 2025-11-19T16:23:04Z UTC
	location: /zata/zippy/kresgeb/nmf_stuff/dlPFC/data/batched_nmf/nmf_k10_seed120301_tol1e-05_L10.7.rds
[2025-11-20 11:31:29] --------------------------------------------
[2025-11-20 11:31:29] Starting run 632 / 750: k=20, seed=120301, tol=1e-05, L1=0.7
[2025-11-20 11:31:29] --------------------------------------------
[2025-11-20 11:31:29] Skipping run (already completed)
	completed 24.1 hours ago at 2025-11-19T16:26:19Z UTC
	location: /zata/zippy/kresgeb/nmf_stuff/dlPFC/data/batched_nmf/nmf_k20_seed120301_tol1e-05_L10.7.rds
[2025-11-20 11:31:29] --------------------------------------------
[2025-11-20 11:31:29] Starting run 633 / 750: k=30, seed=120301, tol=1e-05, L1=0.7
[2025-11-20 11:31:29] --------------------------------------------
[2025-11-20 11:31:29] Skipping run (already completed)
	completed 24.0 hours ago at 2025-11-19T16:30:37Z UTC
	location: /zata/zippy/kresgeb/nmf_stuff/dlPFC/data/batched_nmf/nmf_k30_seed120301_tol1e-05_L10.7.rds
[2025-11-20 11:31:29] --------------------------------------------
[2025-11-20 11:31:29] Starting run 634 / 750: k=40, seed=120301, tol=1e-05, L1=0.7
[2025-11-20 11:31:29] --------------------------------------------
[2025-11-20 11:31:29] Skipping run (already completed)
	completed 23.8 hours ago at 2025-11-19T16:40:40Z UTC
	location: /zata/zippy/kresgeb/nmf_stuff/dlPFC/data/batched_nmf/nmf_k40_seed120301_tol1e-05_L10.7.rds
[2025-11-20 11:31:29] --------------------------------------------
[2025-11-20 11:31:29] Starting run 635 / 750: k=50, seed=120301, tol=1e-05, L1=0.7
[2025-11-20 11:31:29] --------------------------------------------
[2025-11-20 11:31:29] Skipping run (already completed)
	completed 23.7 hours ago at 2025-11-19T16:49:01Z UTC
	location: /zata/zippy/kresgeb/nmf_stuff/dlPFC/data/batched_nmf/nmf_k50_seed120301_tol1e-05_L10.7.rds
[2025-11-20 11:31:29] --------------------------------------------
[2025-11-20 11:31:29] Starting run 636 / 750: k=60, seed=120301, tol=1e-05, L1=0.7
[2025-11-20 11:31:29] --------------------------------------------
[2025-11-20 11:31:29] Skipping run (already completed)
	completed 23.6 hours ago at 2025-11-19T16:57:05Z UTC
	location: /zata/zippy/kresgeb/nmf_stuff/dlPFC/data/batched_nmf/nmf_k60_seed120301_tol1e-05_L10.7.rds
[2025-11-20 11:31:29] --------------------------------------------
[2025-11-20 11:31:29] Starting run 637 / 750: k=70, seed=120301, tol=1e-05, L1=0.7
[2025-11-20 11:31:29] --------------------------------------------
[2025-11-20 11:31:29] Skipping run (already completed)
	completed 23.3 hours ago at 2025-11-19T17:11:02Z UTC
	location: /zata/zippy/kresgeb/nmf_stuff/dlPFC/data/batched_nmf/nmf_k70_seed120301_tol1e-05_L10.7.rds
[2025-11-20 11:31:29] --------------------------------------------
[2025-11-20 11:31:29] Starting run 638 / 750: k=80, seed=120301, tol=1e-05, L1=0.7
[2025-11-20 11:31:29] --------------------------------------------
[2025-11-20 11:31:29] Skipping run (already completed)
	completed 23.1 hours ago at 2025-11-19T17:23:20Z UTC
	location: /zata/zippy/kresgeb/nmf_stuff/dlPFC/data/batched_nmf/nmf_k80_seed120301_tol1e-05_L10.7.rds
[2025-11-20 11:31:29] --------------------------------------------
[2025-11-20 11:31:29] Starting run 639 / 750: k=90, seed=120301, tol=1e-05, L1=0.7
[2025-11-20 11:31:29] --------------------------------------------
[2025-11-20 11:31:29] Skipping run (already completed)
	completed 22.8 hours ago at 2025-11-19T17:43:00Z UTC
	location: /zata/zippy/kresgeb/nmf_stuff/dlPFC/data/batched_nmf/nmf_k90_seed120301_tol1e-05_L10.7.rds
[2025-11-20 11:31:29] --------------------------------------------
[2025-11-20 11:31:29] Starting run 640 / 750: k=100, seed=120301, tol=1e-05, L1=0.7
[2025-11-20 11:31:29] --------------------------------------------
[2025-11-20 11:31:29] Skipping run (already completed)
	completed 22.5 hours ago at 2025-11-19T18:03:13Z UTC
	location: /zata/zippy/kresgeb/nmf_stuff/dlPFC/data/batched_nmf/nmf_k100_seed120301_tol1e-05_L10.7.rds
[2025-11-20 11:31:29] --------------------------------------------
[2025-11-20 11:31:29] Starting run 641 / 750: k=10, seed=2025, tol=1e-05, L1=0.7
[2025-11-20 11:31:29] --------------------------------------------
[2025-11-20 11:31:29] Skipping run (already completed)
	completed 22.4 hours ago at 2025-11-19T18:05:35Z UTC
	location: /zata/zippy/kresgeb/nmf_stuff/dlPFC/data/batched_nmf/nmf_k10_seed2025_tol1e-05_L10.7.rds
[2025-11-20 11:31:29] --------------------------------------------
[2025-11-20 11:31:29] Starting run 642 / 750: k=20, seed=2025, tol=1e-05, L1=0.7
[2025-11-20 11:31:29] --------------------------------------------
[2025-11-20 11:31:29] Skipping run (already completed)
	completed 22.4 hours ago at 2025-11-19T18:08:29Z UTC
	location: /zata/zippy/kresgeb/nmf_stuff/dlPFC/data/batched_nmf/nmf_k20_seed2025_tol1e-05_L10.7.rds
[2025-11-20 11:31:29] --------------------------------------------
[2025-11-20 11:31:29] Starting run 643 / 750: k=30, seed=2025, tol=1e-05, L1=0.7
[2025-11-20 11:31:29] --------------------------------------------
[2025-11-20 11:31:29] Skipping run (already completed)
	completed 22.3 hours ago at 2025-11-19T18:14:37Z UTC
	location: /zata/zippy/kresgeb/nmf_stuff/dlPFC/data/batched_nmf/nmf_k30_seed2025_tol1e-05_L10.7.rds
[2025-11-20 11:31:29] --------------------------------------------
[2025-11-20 11:31:29] Starting run 644 / 750: k=40, seed=2025, tol=1e-05, L1=0.7
[2025-11-20 11:31:29] --------------------------------------------
[2025-11-20 11:31:29] Skipping run (already completed)
	completed 22.2 hours ago at 2025-11-19T18:21:38Z UTC
	location: /zata/zippy/kresgeb/nmf_stuff/dlPFC/data/batched_nmf/nmf_k40_seed2025_tol1e-05_L10.7.rds
[2025-11-20 11:31:29] --------------------------------------------
[2025-11-20 11:31:29] Starting run 645 / 750: k=50, seed=2025, tol=1e-05, L1=0.7
[2025-11-20 11:31:29] --------------------------------------------
[2025-11-20 11:31:29] Skipping run (already completed)
	completed 22.0 hours ago at 2025-11-19T18:31:18Z UTC
	location: /zata/zippy/kresgeb/nmf_stuff/dlPFC/data/batched_nmf/nmf_k50_seed2025_tol1e-05_L10.7.rds
[2025-11-20 11:31:29] --------------------------------------------
[2025-11-20 11:31:29] Starting run 646 / 750: k=60, seed=2025, tol=1e-05, L1=0.7
[2025-11-20 11:31:29] --------------------------------------------
[2025-11-20 11:31:29] Skipping run (already completed)
	completed 21.8 hours ago at 2025-11-19T18:40:52Z UTC
	location: /zata/zippy/kresgeb/nmf_stuff/dlPFC/data/batched_nmf/nmf_k60_seed2025_tol1e-05_L10.7.rds
[2025-11-20 11:31:29] --------------------------------------------
[2025-11-20 11:31:29] Starting run 647 / 750: k=70, seed=2025, tol=1e-05, L1=0.7
[2025-11-20 11:31:29] --------------------------------------------
[2025-11-20 11:31:29] Skipping run (already completed)
	completed 21.6 hours ago at 2025-11-19T18:57:44Z UTC
	location: /zata/zippy/kresgeb/nmf_stuff/dlPFC/data/batched_nmf/nmf_k70_seed2025_tol1e-05_L10.7.rds
[2025-11-20 11:31:29] --------------------------------------------
[2025-11-20 11:31:29] Starting run 648 / 750: k=80, seed=2025, tol=1e-05, L1=0.7
[2025-11-20 11:31:29] --------------------------------------------
[2025-11-20 11:31:29] Skipping run (already completed)
	completed 21.3 hours ago at 2025-11-19T19:13:17Z UTC
	location: /zata/zippy/kresgeb/nmf_stuff/dlPFC/data/batched_nmf/nmf_k80_seed2025_tol1e-05_L10.7.rds
[2025-11-20 11:31:29] --------------------------------------------
[2025-11-20 11:31:29] Starting run 649 / 750: k=90, seed=2025, tol=1e-05, L1=0.7
[2025-11-20 11:31:29] --------------------------------------------
[2025-11-20 11:31:30] Skipping run (already completed)
	completed 21.0 hours ago at 2025-11-19T19:30:37Z UTC
	location: /zata/zippy/kresgeb/nmf_stuff/dlPFC/data/batched_nmf/nmf_k90_seed2025_tol1e-05_L10.7.rds
[2025-11-20 11:31:30] --------------------------------------------
[2025-11-20 11:31:30] Starting run 650 / 750: k=100, seed=2025, tol=1e-05, L1=0.7
[2025-11-20 11:31:30] --------------------------------------------
[2025-11-20 11:31:30] Skipping run (already completed)
	completed 20.8 hours ago at 2025-11-19T19:46:19Z UTC
	location: /zata/zippy/kresgeb/nmf_stuff/dlPFC/data/batched_nmf/nmf_k100_seed2025_tol1e-05_L10.7.rds
[2025-11-20 11:31:30] --------------------------------------------
[2025-11-20 11:31:30] Starting run 651 / 750: k=10, seed=42, tol=1e-06, L1=0.7
[2025-11-20 11:31:30] --------------------------------------------
[2025-11-20 11:31:30] Skipping run (already completed)
	completed 20.7 hours ago at 2025-11-19T19:49:20Z UTC
	location: /zata/zippy/kresgeb/nmf_stuff/dlPFC/data/batched_nmf/nmf_k10_seed42_tol1e-06_L10.7.rds
[2025-11-20 11:31:30] --------------------------------------------
[2025-11-20 11:31:30] Starting run 652 / 750: k=20, seed=42, tol=1e-06, L1=0.7
[2025-11-20 11:31:30] --------------------------------------------
[2025-11-20 11:31:30] Skipping run (already completed)
	completed 20.6 hours ago at 2025-11-19T19:55:04Z UTC
	location: /zata/zippy/kresgeb/nmf_stuff/dlPFC/data/batched_nmf/nmf_k20_seed42_tol1e-06_L10.7.rds
[2025-11-20 11:31:30] --------------------------------------------
[2025-11-20 11:31:30] Starting run 653 / 750: k=30, seed=42, tol=1e-06, L1=0.7
[2025-11-20 11:31:30] --------------------------------------------
[2025-11-20 11:31:30] Skipping run (already completed)
	completed 20.5 hours ago at 2025-11-19T20:00:42Z UTC
	location: /zata/zippy/kresgeb/nmf_stuff/dlPFC/data/batched_nmf/nmf_k30_seed42_tol1e-06_L10.7.rds
[2025-11-20 11:31:30] --------------------------------------------
[2025-11-20 11:31:30] Starting run 654 / 750: k=40, seed=42, tol=1e-06, L1=0.7
[2025-11-20 11:31:30] --------------------------------------------
[2025-11-20 11:31:30] Skipping run (already completed)
	completed 20.2 hours ago at 2025-11-19T20:17:03Z UTC
	location: /zata/zippy/kresgeb/nmf_stuff/dlPFC/data/batched_nmf/nmf_k40_seed42_tol1e-06_L10.7.rds
[2025-11-20 11:31:30] --------------------------------------------
[2025-11-20 11:31:30] Starting run 655 / 750: k=50, seed=42, tol=1e-06, L1=0.7
[2025-11-20 11:31:30] --------------------------------------------
[2025-11-20 11:31:30] Skipping run (already completed)
	completed 20.1 hours ago at 2025-11-19T20:28:03Z UTC
	location: /zata/zippy/kresgeb/nmf_stuff/dlPFC/data/batched_nmf/nmf_k50_seed42_tol1e-06_L10.7.rds
[2025-11-20 11:31:30] --------------------------------------------
[2025-11-20 11:31:30] Starting run 656 / 750: k=60, seed=42, tol=1e-06, L1=0.7
[2025-11-20 11:31:30] --------------------------------------------
[2025-11-20 11:31:30] Skipping run (already completed)
	completed 19.8 hours ago at 2025-11-19T20:44:09Z UTC
	location: /zata/zippy/kresgeb/nmf_stuff/dlPFC/data/batched_nmf/nmf_k60_seed42_tol1e-06_L10.7.rds
[2025-11-20 11:31:30] --------------------------------------------
[2025-11-20 11:31:30] Starting run 657 / 750: k=70, seed=42, tol=1e-06, L1=0.7
[2025-11-20 11:31:30] --------------------------------------------
[2025-11-20 11:31:30] Skipping run (already completed)
	completed 19.6 hours ago at 2025-11-19T20:57:33Z UTC
	location: /zata/zippy/kresgeb/nmf_stuff/dlPFC/data/batched_nmf/nmf_k70_seed42_tol1e-06_L10.7.rds
[2025-11-20 11:31:30] --------------------------------------------
[2025-11-20 11:31:30] Starting run 658 / 750: k=80, seed=42, tol=1e-06, L1=0.7
[2025-11-20 11:31:30] --------------------------------------------
[2025-11-20 11:31:30] Skipping run (already completed)
	completed 19.1 hours ago at 2025-11-19T21:22:34Z UTC
	location: /zata/zippy/kresgeb/nmf_stuff/dlPFC/data/batched_nmf/nmf_k80_seed42_tol1e-06_L10.7.rds
[2025-11-20 11:31:30] --------------------------------------------
[2025-11-20 11:31:30] Starting run 659 / 750: k=90, seed=42, tol=1e-06, L1=0.7
[2025-11-20 11:31:30] --------------------------------------------
[2025-11-20 11:31:30] Skipping run (already completed)
	completed 18.6 hours ago at 2025-11-19T21:53:21Z UTC
	location: /zata/zippy/kresgeb/nmf_stuff/dlPFC/data/batched_nmf/nmf_k90_seed42_tol1e-06_L10.7.rds
[2025-11-20 11:31:30] --------------------------------------------
[2025-11-20 11:31:30] Starting run 660 / 750: k=100, seed=42, tol=1e-06, L1=0.7
[2025-11-20 11:31:30] --------------------------------------------
[2025-11-20 11:31:30] Skipping run (already completed)
	completed 18.1 hours ago at 2025-11-19T22:27:39Z UTC
	location: /zata/zippy/kresgeb/nmf_stuff/dlPFC/data/batched_nmf/nmf_k100_seed42_tol1e-06_L10.7.rds
[2025-11-20 11:31:30] --------------------------------------------
[2025-11-20 11:31:30] Starting run 661 / 750: k=10, seed=1029, tol=1e-06, L1=0.7
[2025-11-20 11:31:30] --------------------------------------------
[2025-11-20 11:31:30] Skipping run (already completed)
	completed 18.0 hours ago at 2025-11-19T22:30:26Z UTC
	location: /zata/zippy/kresgeb/nmf_stuff/dlPFC/data/batched_nmf/nmf_k10_seed1029_tol1e-06_L10.7.rds
[2025-11-20 11:31:30] --------------------------------------------
[2025-11-20 11:31:30] Starting run 662 / 750: k=20, seed=1029, tol=1e-06, L1=0.7
[2025-11-20 11:31:30] --------------------------------------------
[2025-11-20 11:31:30] Skipping run (already completed)
	completed 18.0 hours ago at 2025-11-19T22:33:54Z UTC
	location: /zata/zippy/kresgeb/nmf_stuff/dlPFC/data/batched_nmf/nmf_k20_seed1029_tol1e-06_L10.7.rds
[2025-11-20 11:31:30] --------------------------------------------
[2025-11-20 11:31:30] Starting run 663 / 750: k=30, seed=1029, tol=1e-06, L1=0.7
[2025-11-20 11:31:30] --------------------------------------------
[2025-11-20 11:31:30] Skipping run (already completed)
	completed 17.8 hours ago at 2025-11-19T22:40:45Z UTC
	location: /zata/zippy/kresgeb/nmf_stuff/dlPFC/data/batched_nmf/nmf_k30_seed1029_tol1e-06_L10.7.rds
[2025-11-20 11:31:30] --------------------------------------------
[2025-11-20 11:31:30] Starting run 664 / 750: k=40, seed=1029, tol=1e-06, L1=0.7
[2025-11-20 11:31:30] --------------------------------------------
[2025-11-20 11:31:30] Skipping run (already completed)
	completed 17.6 hours ago at 2025-11-19T22:54:28Z UTC
	location: /zata/zippy/kresgeb/nmf_stuff/dlPFC/data/batched_nmf/nmf_k40_seed1029_tol1e-06_L10.7.rds
[2025-11-20 11:31:30] --------------------------------------------
[2025-11-20 11:31:30] Starting run 665 / 750: k=50, seed=1029, tol=1e-06, L1=0.7
[2025-11-20 11:31:30] --------------------------------------------
[2025-11-20 11:31:30] Skipping run (already completed)
	completed 17.4 hours ago at 2025-11-19T23:10:30Z UTC
	location: /zata/zippy/kresgeb/nmf_stuff/dlPFC/data/batched_nmf/nmf_k50_seed1029_tol1e-06_L10.7.rds
[2025-11-20 11:31:30] --------------------------------------------
[2025-11-20 11:31:30] Starting run 666 / 750: k=60, seed=1029, tol=1e-06, L1=0.7
[2025-11-20 11:31:30] --------------------------------------------
[2025-11-20 11:31:30] Skipping run (already completed)
	completed 17.1 hours ago at 2025-11-19T23:26:19Z UTC
	location: /zata/zippy/kresgeb/nmf_stuff/dlPFC/data/batched_nmf/nmf_k60_seed1029_tol1e-06_L10.7.rds
[2025-11-20 11:31:30] --------------------------------------------
[2025-11-20 11:31:30] Starting run 667 / 750: k=70, seed=1029, tol=1e-06, L1=0.7
[2025-11-20 11:31:30] --------------------------------------------
[2025-11-20 11:31:30] Skipping run (already completed)
	completed 16.8 hours ago at 2025-11-19T23:41:37Z UTC
	location: /zata/zippy/kresgeb/nmf_stuff/dlPFC/data/batched_nmf/nmf_k70_seed1029_tol1e-06_L10.7.rds
[2025-11-20 11:31:30] --------------------------------------------
[2025-11-20 11:31:30] Starting run 668 / 750: k=80, seed=1029, tol=1e-06, L1=0.7
[2025-11-20 11:31:30] --------------------------------------------
[2025-11-20 11:31:30] Skipping run (already completed)
	completed 16.5 hours ago at 2025-11-19T23:59:37Z UTC
	location: /zata/zippy/kresgeb/nmf_stuff/dlPFC/data/batched_nmf/nmf_k80_seed1029_tol1e-06_L10.7.rds
[2025-11-20 11:31:30] --------------------------------------------
[2025-11-20 11:31:30] Starting run 669 / 750: k=90, seed=1029, tol=1e-06, L1=0.7
[2025-11-20 11:31:30] --------------------------------------------
[2025-11-20 11:31:30] Skipping run (already completed)
	completed 15.9 hours ago at 2025-11-20T00:39:03Z UTC
	location: /zata/zippy/kresgeb/nmf_stuff/dlPFC/data/batched_nmf/nmf_k90_seed1029_tol1e-06_L10.7.rds
[2025-11-20 11:31:30] --------------------------------------------
[2025-11-20 11:31:30] Starting run 670 / 750: k=100, seed=1029, tol=1e-06, L1=0.7
[2025-11-20 11:31:30] --------------------------------------------
[2025-11-20 11:31:30] Skipping run (already completed)
	completed 15.3 hours ago at 2025-11-20T01:15:26Z UTC
	location: /zata/zippy/kresgeb/nmf_stuff/dlPFC/data/batched_nmf/nmf_k100_seed1029_tol1e-06_L10.7.rds
[2025-11-20 11:31:30] --------------------------------------------
[2025-11-20 11:31:30] Starting run 671 / 750: k=10, seed=31415, tol=1e-06, L1=0.7
[2025-11-20 11:31:30] --------------------------------------------
[2025-11-20 11:31:30] Skipping run (already completed)
	completed 15.2 hours ago at 2025-11-20T01:18:09Z UTC
	location: /zata/zippy/kresgeb/nmf_stuff/dlPFC/data/batched_nmf/nmf_k10_seed31415_tol1e-06_L10.7.rds
[2025-11-20 11:31:30] --------------------------------------------
[2025-11-20 11:31:30] Starting run 672 / 750: k=20, seed=31415, tol=1e-06, L1=0.7
[2025-11-20 11:31:30] --------------------------------------------
[2025-11-20 11:31:31] Skipping run (already completed)
	completed 15.2 hours ago at 2025-11-20T01:21:50Z UTC
	location: /zata/zippy/kresgeb/nmf_stuff/dlPFC/data/batched_nmf/nmf_k20_seed31415_tol1e-06_L10.7.rds
[2025-11-20 11:31:31] --------------------------------------------
[2025-11-20 11:31:31] Starting run 673 / 750: k=30, seed=31415, tol=1e-06, L1=0.7
[2025-11-20 11:31:31] --------------------------------------------
[2025-11-20 11:31:31] Skipping run (already completed)
	completed 15.0 hours ago at 2025-11-20T01:31:06Z UTC
	location: /zata/zippy/kresgeb/nmf_stuff/dlPFC/data/batched_nmf/nmf_k30_seed31415_tol1e-06_L10.7.rds
[2025-11-20 11:31:31] --------------------------------------------
[2025-11-20 11:31:31] Starting run 674 / 750: k=40, seed=31415, tol=1e-06, L1=0.7
[2025-11-20 11:31:31] --------------------------------------------
[2025-11-20 11:31:31] Skipping run (already completed)
	completed 14.8 hours ago at 2025-11-20T01:41:09Z UTC
	location: /zata/zippy/kresgeb/nmf_stuff/dlPFC/data/batched_nmf/nmf_k40_seed31415_tol1e-06_L10.7.rds
[2025-11-20 11:31:31] --------------------------------------------
[2025-11-20 11:31:31] Starting run 675 / 750: k=50, seed=31415, tol=1e-06, L1=0.7
[2025-11-20 11:31:31] --------------------------------------------
[2025-11-20 11:31:31] Skipping run (already completed)
	completed 14.5 hours ago at 2025-11-20T01:59:36Z UTC
	location: /zata/zippy/kresgeb/nmf_stuff/dlPFC/data/batched_nmf/nmf_k50_seed31415_tol1e-06_L10.7.rds
[2025-11-20 11:31:31] --------------------------------------------
[2025-11-20 11:31:31] Starting run 676 / 750: k=60, seed=31415, tol=1e-06, L1=0.7
[2025-11-20 11:31:31] --------------------------------------------
[2025-11-20 11:31:31] Skipping run (already completed)
	completed 14.3 hours ago at 2025-11-20T02:14:20Z UTC
	location: /zata/zippy/kresgeb/nmf_stuff/dlPFC/data/batched_nmf/nmf_k60_seed31415_tol1e-06_L10.7.rds
[2025-11-20 11:31:31] --------------------------------------------
[2025-11-20 11:31:31] Starting run 677 / 750: k=70, seed=31415, tol=1e-06, L1=0.7
[2025-11-20 11:31:31] --------------------------------------------
[2025-11-20 11:31:31] Skipping run (already completed)
	completed 14.0 hours ago at 2025-11-20T02:29:23Z UTC
	location: /zata/zippy/kresgeb/nmf_stuff/dlPFC/data/batched_nmf/nmf_k70_seed31415_tol1e-06_L10.7.rds
[2025-11-20 11:31:31] --------------------------------------------
[2025-11-20 11:31:31] Starting run 678 / 750: k=80, seed=31415, tol=1e-06, L1=0.7
[2025-11-20 11:31:31] --------------------------------------------
[2025-11-20 11:31:31] Skipping run (already completed)
	completed 13.6 hours ago at 2025-11-20T02:57:03Z UTC
	location: /zata/zippy/kresgeb/nmf_stuff/dlPFC/data/batched_nmf/nmf_k80_seed31415_tol1e-06_L10.7.rds
[2025-11-20 11:31:31] --------------------------------------------
[2025-11-20 11:31:31] Starting run 679 / 750: k=90, seed=31415, tol=1e-06, L1=0.7
[2025-11-20 11:31:31] --------------------------------------------
[2025-11-20 11:31:31] Skipping run (already completed)
	completed 13.2 hours ago at 2025-11-20T03:20:19Z UTC
	location: /zata/zippy/kresgeb/nmf_stuff/dlPFC/data/batched_nmf/nmf_k90_seed31415_tol1e-06_L10.7.rds
[2025-11-20 11:31:31] --------------------------------------------
[2025-11-20 11:31:31] Starting run 680 / 750: k=100, seed=31415, tol=1e-06, L1=0.7
[2025-11-20 11:31:31] --------------------------------------------
[2025-11-20 11:31:31] Skipping run (already completed)
	completed 12.7 hours ago at 2025-11-20T03:50:14Z UTC
	location: /zata/zippy/kresgeb/nmf_stuff/dlPFC/data/batched_nmf/nmf_k100_seed31415_tol1e-06_L10.7.rds
[2025-11-20 11:31:31] --------------------------------------------
[2025-11-20 11:31:31] Starting run 681 / 750: k=10, seed=120301, tol=1e-06, L1=0.7
[2025-11-20 11:31:31] --------------------------------------------
[2025-11-20 11:31:31] Skipping run (already completed)
	completed 12.6 hours ago at 2025-11-20T03:52:39Z UTC
	location: /zata/zippy/kresgeb/nmf_stuff/dlPFC/data/batched_nmf/nmf_k10_seed120301_tol1e-06_L10.7.rds
[2025-11-20 11:31:31] --------------------------------------------
[2025-11-20 11:31:31] Starting run 682 / 750: k=20, seed=120301, tol=1e-06, L1=0.7
[2025-11-20 11:31:31] --------------------------------------------
[2025-11-20 11:31:31] Skipping run (already completed)
	completed 12.5 hours ago at 2025-11-20T03:58:58Z UTC
	location: /zata/zippy/kresgeb/nmf_stuff/dlPFC/data/batched_nmf/nmf_k20_seed120301_tol1e-06_L10.7.rds
[2025-11-20 11:31:31] --------------------------------------------
[2025-11-20 11:31:31] Starting run 683 / 750: k=30, seed=120301, tol=1e-06, L1=0.7
[2025-11-20 11:31:31] --------------------------------------------
[2025-11-20 11:31:31] Skipping run (already completed)
	completed 12.5 hours ago at 2025-11-20T04:04:25Z UTC
	location: /zata/zippy/kresgeb/nmf_stuff/dlPFC/data/batched_nmf/nmf_k30_seed120301_tol1e-06_L10.7.rds
[2025-11-20 11:31:31] --------------------------------------------
[2025-11-20 11:31:31] Starting run 684 / 750: k=40, seed=120301, tol=1e-06, L1=0.7
[2025-11-20 11:31:31] --------------------------------------------
[2025-11-20 11:31:31] Skipping run (already completed)
	completed 12.3 hours ago at 2025-11-20T04:14:59Z UTC
	location: /zata/zippy/kresgeb/nmf_stuff/dlPFC/data/batched_nmf/nmf_k40_seed120301_tol1e-06_L10.7.rds
[2025-11-20 11:31:31] --------------------------------------------
[2025-11-20 11:31:31] Starting run 685 / 750: k=50, seed=120301, tol=1e-06, L1=0.7
[2025-11-20 11:31:31] --------------------------------------------
[2025-11-20 11:31:31] Skipping run (already completed)
	completed 12.1 hours ago at 2025-11-20T04:25:42Z UTC
	location: /zata/zippy/kresgeb/nmf_stuff/dlPFC/data/batched_nmf/nmf_k50_seed120301_tol1e-06_L10.7.rds
[2025-11-20 11:31:31] --------------------------------------------
[2025-11-20 11:31:31] Starting run 686 / 750: k=60, seed=120301, tol=1e-06, L1=0.7
[2025-11-20 11:31:31] --------------------------------------------
[2025-11-20 11:31:31] Skipping run (already completed)
	completed 11.9 hours ago at 2025-11-20T04:40:15Z UTC
	location: /zata/zippy/kresgeb/nmf_stuff/dlPFC/data/batched_nmf/nmf_k60_seed120301_tol1e-06_L10.7.rds
[2025-11-20 11:31:31] --------------------------------------------
[2025-11-20 11:31:31] Starting run 687 / 750: k=70, seed=120301, tol=1e-06, L1=0.7
[2025-11-20 11:31:31] --------------------------------------------
[2025-11-20 11:31:31] Skipping run (already completed)
	completed 11.3 hours ago at 2025-11-20T05:13:51Z UTC
	location: /zata/zippy/kresgeb/nmf_stuff/dlPFC/data/batched_nmf/nmf_k70_seed120301_tol1e-06_L10.7.rds
[2025-11-20 11:31:31] --------------------------------------------
[2025-11-20 11:31:31] Starting run 688 / 750: k=80, seed=120301, tol=1e-06, L1=0.7
[2025-11-20 11:31:31] --------------------------------------------
[2025-11-20 11:31:31] Skipping run (already completed)
	completed 10.9 hours ago at 2025-11-20T05:36:28Z UTC
	location: /zata/zippy/kresgeb/nmf_stuff/dlPFC/data/batched_nmf/nmf_k80_seed120301_tol1e-06_L10.7.rds
[2025-11-20 11:31:31] --------------------------------------------
[2025-11-20 11:31:31] Starting run 689 / 750: k=90, seed=120301, tol=1e-06, L1=0.7
[2025-11-20 11:31:31] --------------------------------------------
[2025-11-20 11:31:31] Skipping run (already completed)
	completed 10.3 hours ago at 2025-11-20T06:11:04Z UTC
	location: /zata/zippy/kresgeb/nmf_stuff/dlPFC/data/batched_nmf/nmf_k90_seed120301_tol1e-06_L10.7.rds
[2025-11-20 11:31:31] --------------------------------------------
[2025-11-20 11:31:31] Starting run 690 / 750: k=100, seed=120301, tol=1e-06, L1=0.7
[2025-11-20 11:31:31] --------------------------------------------
[2025-11-20 11:31:31] Skipping run (already completed)
	completed 9.7 hours ago at 2025-11-20T06:48:02Z UTC
	location: /zata/zippy/kresgeb/nmf_stuff/dlPFC/data/batched_nmf/nmf_k100_seed120301_tol1e-06_L10.7.rds
[2025-11-20 11:31:31] --------------------------------------------
[2025-11-20 11:31:31] Starting run 691 / 750: k=10, seed=2025, tol=1e-06, L1=0.7
[2025-11-20 11:31:31] --------------------------------------------
[2025-11-20 11:31:31] Skipping run (already completed)
	completed 9.7 hours ago at 2025-11-20T06:50:22Z UTC
	location: /zata/zippy/kresgeb/nmf_stuff/dlPFC/data/batched_nmf/nmf_k10_seed2025_tol1e-06_L10.7.rds
[2025-11-20 11:31:31] --------------------------------------------
[2025-11-20 11:31:31] Starting run 692 / 750: k=20, seed=2025, tol=1e-06, L1=0.7
[2025-11-20 11:31:31] --------------------------------------------
[2025-11-20 11:31:31] Skipping run (already completed)
	completed 9.6 hours ago at 2025-11-20T06:54:12Z UTC
	location: /zata/zippy/kresgeb/nmf_stuff/dlPFC/data/batched_nmf/nmf_k20_seed2025_tol1e-06_L10.7.rds
[2025-11-20 11:31:31] --------------------------------------------
[2025-11-20 11:31:31] Starting run 693 / 750: k=30, seed=2025, tol=1e-06, L1=0.7
[2025-11-20 11:31:31] --------------------------------------------
[2025-11-20 11:31:31] Skipping run (already completed)
	completed 9.5 hours ago at 2025-11-20T07:00:42Z UTC
	location: /zata/zippy/kresgeb/nmf_stuff/dlPFC/data/batched_nmf/nmf_k30_seed2025_tol1e-06_L10.7.rds
[2025-11-20 11:31:31] --------------------------------------------
[2025-11-20 11:31:31] Starting run 694 / 750: k=40, seed=2025, tol=1e-06, L1=0.7
[2025-11-20 11:31:31] --------------------------------------------
[2025-11-20 11:31:31] Skipping run (already completed)
	completed 9.3 hours ago at 2025-11-20T07:10:44Z UTC
	location: /zata/zippy/kresgeb/nmf_stuff/dlPFC/data/batched_nmf/nmf_k40_seed2025_tol1e-06_L10.7.rds
[2025-11-20 11:31:31] --------------------------------------------
[2025-11-20 11:31:31] Starting run 695 / 750: k=50, seed=2025, tol=1e-06, L1=0.7
[2025-11-20 11:31:31] --------------------------------------------
[2025-11-20 11:31:31] Skipping run (already completed)
	completed 9.2 hours ago at 2025-11-20T07:22:19Z UTC
	location: /zata/zippy/kresgeb/nmf_stuff/dlPFC/data/batched_nmf/nmf_k50_seed2025_tol1e-06_L10.7.rds
[2025-11-20 11:31:31] --------------------------------------------
[2025-11-20 11:31:31] Starting run 696 / 750: k=60, seed=2025, tol=1e-06, L1=0.7
[2025-11-20 11:31:31] --------------------------------------------
[2025-11-20 11:31:32] Skipping run (already completed)
	completed 8.7 hours ago at 2025-11-20T07:47:03Z UTC
	location: /zata/zippy/kresgeb/nmf_stuff/dlPFC/data/batched_nmf/nmf_k60_seed2025_tol1e-06_L10.7.rds
[2025-11-20 11:31:32] --------------------------------------------
[2025-11-20 11:31:32] Starting run 697 / 750: k=70, seed=2025, tol=1e-06, L1=0.7
[2025-11-20 11:31:32] --------------------------------------------
[2025-11-20 11:31:32] Skipping run (already completed)
	completed 8.3 hours ago at 2025-11-20T08:14:59Z UTC
	location: /zata/zippy/kresgeb/nmf_stuff/dlPFC/data/batched_nmf/nmf_k70_seed2025_tol1e-06_L10.7.rds
[2025-11-20 11:31:32] --------------------------------------------
[2025-11-20 11:31:32] Starting run 698 / 750: k=80, seed=2025, tol=1e-06, L1=0.7
[2025-11-20 11:31:32] --------------------------------------------
[2025-11-20 11:31:32] Skipping run (already completed)
	completed 8.0 hours ago at 2025-11-20T08:32:17Z UTC
	location: /zata/zippy/kresgeb/nmf_stuff/dlPFC/data/batched_nmf/nmf_k80_seed2025_tol1e-06_L10.7.rds
[2025-11-20 11:31:32] --------------------------------------------
[2025-11-20 11:31:32] Starting run 699 / 750: k=90, seed=2025, tol=1e-06, L1=0.7
[2025-11-20 11:31:32] --------------------------------------------
[2025-11-20 11:31:32] Skipping run (already completed)
	completed 7.4 hours ago at 2025-11-20T09:05:44Z UTC
	location: /zata/zippy/kresgeb/nmf_stuff/dlPFC/data/batched_nmf/nmf_k90_seed2025_tol1e-06_L10.7.rds
[2025-11-20 11:31:32] --------------------------------------------
[2025-11-20 11:31:32] Starting run 700 / 750: k=100, seed=2025, tol=1e-06, L1=0.7
[2025-11-20 11:31:32] --------------------------------------------
[2025-11-20 11:31:32] Skipping run (already completed)
	completed 6.8 hours ago at 2025-11-20T09:45:41Z UTC
	location: /zata/zippy/kresgeb/nmf_stuff/dlPFC/data/batched_nmf/nmf_k100_seed2025_tol1e-06_L10.7.rds
[2025-11-20 11:31:32] --------------------------------------------
[2025-11-20 11:31:32] Starting run 701 / 750: k=10, seed=42, tol=1e-07, L1=0.7
[2025-11-20 11:31:32] --------------------------------------------
[2025-11-20 11:31:32] Skipping run (already completed)
	completed 6.7 hours ago at 2025-11-20T09:50:08Z UTC
	location: /zata/zippy/kresgeb/nmf_stuff/dlPFC/data/batched_nmf/nmf_k10_seed42_tol1e-07_L10.7.rds
[2025-11-20 11:31:32] --------------------------------------------
[2025-11-20 11:31:32] Starting run 702 / 750: k=20, seed=42, tol=1e-07, L1=0.7
[2025-11-20 11:31:32] --------------------------------------------
[2025-11-20 11:31:32] Skipping run (already completed)
	completed 6.6 hours ago at 2025-11-20T09:56:10Z UTC
	location: /zata/zippy/kresgeb/nmf_stuff/dlPFC/data/batched_nmf/nmf_k20_seed42_tol1e-07_L10.7.rds
[2025-11-20 11:31:32] --------------------------------------------
[2025-11-20 11:31:32] Starting run 703 / 750: k=30, seed=42, tol=1e-07, L1=0.7
[2025-11-20 11:31:32] --------------------------------------------
[2025-11-20 11:31:32] Skipping run (already completed)
	completed 6.4 hours ago at 2025-11-20T10:06:08Z UTC
	location: /zata/zippy/kresgeb/nmf_stuff/dlPFC/data/batched_nmf/nmf_k30_seed42_tol1e-07_L10.7.rds
[2025-11-20 11:31:32] --------------------------------------------
[2025-11-20 11:31:32] Starting run 704 / 750: k=40, seed=42, tol=1e-07, L1=0.7
[2025-11-20 11:31:32] --------------------------------------------
[2025-11-20 11:31:32] Skipping run (already completed)
	completed 6.1 hours ago at 2025-11-20T10:24:21Z UTC
	location: /zata/zippy/kresgeb/nmf_stuff/dlPFC/data/batched_nmf/nmf_k40_seed42_tol1e-07_L10.7.rds
[2025-11-20 11:31:32] --------------------------------------------
[2025-11-20 11:31:32] Starting run 705 / 750: k=50, seed=42, tol=1e-07, L1=0.7
[2025-11-20 11:31:32] --------------------------------------------
[2025-11-20 11:31:32] Skipping run (already completed)
	completed 5.5 hours ago at 2025-11-20T11:02:39Z UTC
	location: /zata/zippy/kresgeb/nmf_stuff/dlPFC/data/batched_nmf/nmf_k50_seed42_tol1e-07_L10.7.rds
[2025-11-20 11:31:32] --------------------------------------------
[2025-11-20 11:31:32] Starting run 706 / 750: k=60, seed=42, tol=1e-07, L1=0.7
[2025-11-20 11:31:32] --------------------------------------------
[2025-11-20 11:31:32] Skipping run (already completed)
	completed 5.2 hours ago at 2025-11-20T11:22:32Z UTC
	location: /zata/zippy/kresgeb/nmf_stuff/dlPFC/data/batched_nmf/nmf_k60_seed42_tol1e-07_L10.7.rds
[2025-11-20 11:31:32] --------------------------------------------
[2025-11-20 11:31:32] Starting run 707 / 750: k=70, seed=42, tol=1e-07, L1=0.7
[2025-11-20 11:31:32] --------------------------------------------
[2025-11-20 11:31:32] Skipping run (already completed)
	completed 4.8 hours ago at 2025-11-20T11:44:33Z UTC
	location: /zata/zippy/kresgeb/nmf_stuff/dlPFC/data/batched_nmf/nmf_k70_seed42_tol1e-07_L10.7.rds
[2025-11-20 11:31:32] --------------------------------------------
[2025-11-20 11:31:32] Starting run 708 / 750: k=80, seed=42, tol=1e-07, L1=0.7
[2025-11-20 11:31:32] --------------------------------------------
[2025-11-20 11:31:32] Skipping run (already completed)
	completed 4.2 hours ago at 2025-11-20T12:16:52Z UTC
	location: /zata/zippy/kresgeb/nmf_stuff/dlPFC/data/batched_nmf/nmf_k80_seed42_tol1e-07_L10.7.rds
[2025-11-20 11:31:32] --------------------------------------------
[2025-11-20 11:31:32] Starting run 709 / 750: k=90, seed=42, tol=1e-07, L1=0.7
[2025-11-20 11:31:32] --------------------------------------------
[2025-11-20 11:31:32] Skipping run (already completed)
	completed 3.2 hours ago at 2025-11-20T13:19:10Z UTC
	location: /zata/zippy/kresgeb/nmf_stuff/dlPFC/data/batched_nmf/nmf_k90_seed42_tol1e-07_L10.7.rds
[2025-11-20 11:31:32] --------------------------------------------
[2025-11-20 11:31:32] Starting run 710 / 750: k=100, seed=42, tol=1e-07, L1=0.7
[2025-11-20 11:31:32] --------------------------------------------
[2025-11-20 11:31:32] Skipping run (already completed)
	completed 2.4 hours ago at 2025-11-20T14:07:30Z UTC
	location: /zata/zippy/kresgeb/nmf_stuff/dlPFC/data/batched_nmf/nmf_k100_seed42_tol1e-07_L10.7.rds
[2025-11-20 11:31:32] --------------------------------------------
[2025-11-20 11:31:32] Starting run 711 / 750: k=10, seed=1029, tol=1e-07, L1=0.7
[2025-11-20 11:31:32] --------------------------------------------
[2025-11-20 11:31:32] Skipping run (already completed)
	completed 2.4 hours ago at 2025-11-20T14:10:18Z UTC
	location: /zata/zippy/kresgeb/nmf_stuff/dlPFC/data/batched_nmf/nmf_k10_seed1029_tol1e-07_L10.7.rds
[2025-11-20 11:31:32] --------------------------------------------
[2025-11-20 11:31:32] Starting run 712 / 750: k=20, seed=1029, tol=1e-07, L1=0.7
[2025-11-20 11:31:32] --------------------------------------------
[2025-11-20 11:31:32] Skipping run (already completed)
	completed 2.2 hours ago at 2025-11-20T14:16:48Z UTC
	location: /zata/zippy/kresgeb/nmf_stuff/dlPFC/data/batched_nmf/nmf_k20_seed1029_tol1e-07_L10.7.rds
[2025-11-20 11:31:32] --------------------------------------------
[2025-11-20 11:31:32] Starting run 713 / 750: k=30, seed=1029, tol=1e-07, L1=0.7
[2025-11-20 11:31:32] --------------------------------------------
[2025-11-20 11:31:32] Skipping run (already completed)
	completed 2.1 hours ago at 2025-11-20T14:24:46Z UTC
	location: /zata/zippy/kresgeb/nmf_stuff/dlPFC/data/batched_nmf/nmf_k30_seed1029_tol1e-07_L10.7.rds
[2025-11-20 11:31:32] --------------------------------------------
[2025-11-20 11:31:32] Starting run 714 / 750: k=40, seed=1029, tol=1e-07, L1=0.7
[2025-11-20 11:31:32] --------------------------------------------
[2025-11-20 11:31:32] Skipping run (already completed)
	completed 1.9 hours ago at 2025-11-20T14:40:09Z UTC
	location: /zata/zippy/kresgeb/nmf_stuff/dlPFC/data/batched_nmf/nmf_k40_seed1029_tol1e-07_L10.7.rds
[2025-11-20 11:31:32] --------------------------------------------
[2025-11-20 11:31:32] Starting run 715 / 750: k=50, seed=1029, tol=1e-07, L1=0.7
[2025-11-20 11:31:32] --------------------------------------------
[2025-11-20 11:31:32] Skipping run (already completed)
	completed 1.5 hours ago at 2025-11-20T15:01:48Z UTC
	location: /zata/zippy/kresgeb/nmf_stuff/dlPFC/data/batched_nmf/nmf_k50_seed1029_tol1e-07_L10.7.rds
[2025-11-20 11:31:32] --------------------------------------------
[2025-11-20 11:31:32] Starting run 716 / 750: k=60, seed=1029, tol=1e-07, L1=0.7
[2025-11-20 11:31:32] --------------------------------------------
[2025-11-20 11:31:32] Skipping run (already completed)
	completed 1.2 hours ago at 2025-11-20T15:20:38Z UTC
	location: /zata/zippy/kresgeb/nmf_stuff/dlPFC/data/batched_nmf/nmf_k60_seed1029_tol1e-07_L10.7.rds
[2025-11-20 11:31:32] --------------------------------------------
[2025-11-20 11:31:32] Starting run 717 / 750: k=70, seed=1029, tol=1e-07, L1=0.7
[2025-11-20 11:31:32] --------------------------------------------

iter |      tol 
---------------
   1 | 9.64e-01
   2 | 1.06e-01
   3 | 3.95e-02
   4 | 2.09e-02
   5 | 1.20e-02
   6 | 8.42e-03
   7 | 6.29e-03
   8 | 4.99e-03
   9 | 4.12e-03
  10 | 3.47e-03
  11 | 3.10e-03
  12 | 2.90e-03
  13 | 2.76e-03
  14 | 2.60e-03
  15 | 2.47e-03
  16 | 2.43e-03
  17 | 2.43e-03
  18 | 2.37e-03
  19 | 2.26e-03
  20 | 2.05e-03
  21 | 1.89e-03
  22 | 1.72e-03
  23 | 1.51e-03
  24 | 1.33e-03
  25 | 1.18e-03
  26 | 1.05e-03
  27 | 9.48e-04
  28 | 8.66e-04
  29 | 7.67e-04
  30 | 7.39e-04
  31 | 7.08e-04
  32 | 6.94e-04
  33 | 5.35e-04
  34 | 4.35e-04
  35 | 3.89e-04
  36 | 3.23e-04
  37 | 2.87e-04
  38 | 2.54e-04
  39 | 2.35e-04
  40 | 2.28e-04
  41 | 2.15e-04
  42 | 2.03e-04
  43 | 1.98e-04
  44 | 1.92e-04
  45 | 1.83e-04
  46 | 1.77e-04
  47 | 1.75e-04
  48 | 1.72e-04
  49 | 1.68e-04
  50 | 1.74e-04
  51 | 1.82e-04
  52 | 1.96e-04
  53 | 2.17e-04
  54 | 2.20e-04
  55 | 2.44e-04
  56 | 2.94e-04
  57 | 3.60e-04
  58 | 4.57e-04
  59 | 5.40e-04
  60 | 5.98e-04
  61 | 6.04e-04
  62 | 5.25e-04
  63 | 4.30e-04
  64 | 2.95e-04
  65 | 1.93e-04
  66 | 1.46e-04
  67 | 1.07e-04
  68 | 8.14e-05
  69 | 7.00e-05
  70 | 4.43e-05
  71 | 3.25e-05
  72 | 2.57e-05
  73 | 2.25e-05
  74 | 2.05e-05
  75 | 1.96e-05
  76 | 1.85e-05
  77 | 1.71e-05
  78 | 1.60e-05
  79 | 1.43e-05
  80 | 1.33e-05
  81 | 1.27e-05
  82 | 1.23e-05
  83 | 1.23e-05
  84 | 1.24e-05
  85 | 1.26e-05
  86 | 1.10e-05
  87 | 1.07e-05
  88 | 1.08e-05
  89 | 1.10e-05
  90 | 1.03e-05
  91 | 1.03e-05
  92 | 1.01e-05
  93 | 1.00e-05
  94 | 9.96e-06
  95 | 9.95e-06
  96 | 1.01e-05
  97 | 1.02e-05
  98 | 1.02e-05
  99 | 1.03e-05
 100 | 1.03e-05
 101 | 1.05e-05
 102 | 1.09e-05
 103 | 1.13e-05
 104 | 1.16e-05
 105 | 1.16e-05
 106 | 1.19e-05
 107 | 1.21e-05
 108 | 1.27e-05
 109 | 1.31e-05
 110 | 1.36e-05
 111 | 1.37e-05
 112 | 1.41e-05
 113 | 1.40e-05
 114 | 1.38e-05
 115 | 1.21e-05
 116 | 1.09e-05
 117 | 9.52e-06
 118 | 8.49e-06
 119 | 7.54e-06
 120 | 6.91e-06
 121 | 6.36e-06
 122 | 6.01e-06
 123 | 5.67e-06
 124 | 5.06e-06
 125 | 4.60e-06
 126 | 4.24e-06
 127 | 3.91e-06
 128 | 3.61e-06
 129 | 3.35e-06
 130 | 2.97e-06
 131 | 2.40e-06
 132 | 2.21e-06
 133 | 2.05e-06
 134 | 1.92e-06
 135 | 1.81e-06
 136 | 1.71e-06
 137 | 1.61e-06
 138 | 1.52e-06
 139 | 1.43e-06
 140 | 1.19e-06
 141 | 9.88e-07
 142 | 8.80e-07
 143 | 8.02e-07
 144 | 7.35e-07
 145 | 6.77e-07
 146 | 6.28e-07
 147 | 5.87e-07
 148 | 5.50e-07
 149 | 5.15e-07
 150 | 4.93e-07
 151 | 4.76e-07
 152 | 4.61e-07
 153 | 4.46e-07
 154 | 4.37e-07
 155 | 4.30e-07
 156 | 4.24e-07
 157 | 4.21e-07
 158 | 4.19e-07
 159 | 4.18e-07
 160 | 4.18e-07
 161 | 4.18e-07
 162 | 4.19e-07
 163 | 4.22e-07
 164 | 4.24e-07
 165 | 4.28e-07
 166 | 4.33e-07
 167 | 4.39e-07
 168 | 4.44e-07
 169 | 4.45e-07
 170 | 4.48e-07
 171 | 4.54e-07
 172 | 4.61e-07
 173 | 4.69e-07
 174 | 4.78e-07
 175 | 4.92e-07
 176 | 5.06e-07
 177 | 5.21e-07
 178 | 5.44e-07
 179 | 5.61e-07
 180 | 5.84e-07
 181 | 6.15e-07
 182 | 6.51e-07
 183 | 6.84e-07
 184 | 7.23e-07
 185 | 7.66e-07
 186 | 8.10e-07
 187 | 8.48e-07
 188 | 8.64e-07
 189 | 8.63e-07
 190 | 8.76e-07
 191 | 8.86e-07
 192 | 8.85e-07
 193 | 9.04e-07
 194 | 9.21e-07
 195 | 9.36e-07
 196 | 9.45e-07
 197 | 9.53e-07
 198 | 9.62e-07
 199 | 9.72e-07
 200 | 9.79e-07
 201 | 9.47e-07
 202 | 8.95e-07
 203 | 8.82e-07
 204 | 8.69e-07
 205 | 8.54e-07
 206 | 8.39e-07
 207 | 8.27e-07
 208 | 8.14e-07
 209 | 7.98e-07
 210 | 7.81e-07
 211 | 7.65e-07
 212 | 7.49e-07
 213 | 7.34e-07
 214 | 7.19e-07
 215 | 7.01e-07
 216 | 6.83e-07
 217 | 6.64e-07
 218 | 6.31e-07
 219 | 6.16e-07
 220 | 5.99e-07
 221 | 5.76e-07
 222 | 5.33e-07
 223 | 5.10e-07
 224 | 4.89e-07
 225 | 4.62e-07
 226 | 4.36e-07
 227 | 4.07e-07
 228 | 3.90e-07
 229 | 3.76e-07
 230 | 3.57e-07
 231 | 3.42e-07
 232 | 3.27e-07
 233 | 3.16e-07
 234 | 3.07e-07
 235 | 2.99e-07
 236 | 2.92e-07
 237 | 2.87e-07
 238 | 2.83e-07
 239 | 2.80e-07
 240 | 2.78e-07
 241 | 2.78e-07
 242 | 2.71e-07
 243 | 2.71e-07
 244 | 2.69e-07
 245 | 2.72e-07
 246 | 2.75e-07
 247 | 2.79e-07
 248 | 2.81e-07
 249 | 2.84e-07
 250 | 2.89e-07
 251 | 2.95e-07
 252 | 3.02e-07
 253 | 3.09e-07
 254 | 2.90e-07
 255 | 2.82e-07
 256 | 2.66e-07
 257 | 2.40e-07
 258 | 2.31e-07
 259 | 2.23e-07
 260 | 2.16e-07
 261 | 2.08e-07
 262 | 2.00e-07
 263 | 1.91e-07
 264 | 1.82e-07
 265 | 1.76e-07
 266 | 1.70e-07
 267 | 1.59e-07
 268 | 1.50e-07
 269 | 1.43e-07
 270 | 1.38e-07
 271 | 1.34e-07
 272 | 1.31e-07
 273 | 1.29e-07
 274 | 1.30e-07
 275 | 1.28e-07
 276 | 1.26e-07
 277 | 1.24e-07
 278 | 1.22e-07
 279 | 1.20e-07
 280 | 1.19e-07
 281 | 1.18e-07
 282 | 1.17e-07
 283 | 1.17e-07
 284 | 1.16e-07
 285 | 1.16e-07
 286 | 1.17e-07
 287 | 1.17e-07
 288 | 1.18e-07
 289 | 1.19e-07
 290 | 1.21e-07
 291 | 1.23e-07
 292 | 1.25e-07
 293 | 1.28e-07
 294 | 1.31e-07
 295 | 1.35e-07
 296 | 1.39e-07
 297 | 1.43e-07
 298 | 1.49e-07
 299 | 1.55e-07
 300 | 1.61e-07
 301 | 1.68e-07
 302 | 1.76e-07
 303 | 1.83e-07
 304 | 1.91e-07
 305 | 2.01e-07
 306 | 2.11e-07
 307 | 2.24e-07
 308 | 2.40e-07
 309 | 2.54e-07
 310 | 2.68e-07
 311 | 2.84e-07
 312 | 2.99e-07
 313 | 3.20e-07
 314 | 3.35e-07
 315 | 3.57e-07
 316 | 3.74e-07
 317 | 3.88e-07
 318 | 4.02e-07
 319 | 4.14e-07
 320 | 4.27e-07
 321 | 4.41e-07
 322 | 3.01e-07
 323 | 2.71e-07
 324 | 2.64e-07
 325 | 2.61e-07
 326 | 2.59e-07
 327 | 2.60e-07
 328 | 2.60e-07
 329 | 2.62e-07
 330 | 2.65e-07
 331 | 2.68e-07
 332 | 2.72e-07
 333 | 2.76e-07
 334 | 2.79e-07
 335 | 2.79e-07
 336 | 2.83e-07
 337 | 2.87e-07
 338 | 2.92e-07
 339 | 2.94e-07
 340 | 3.00e-07
 341 | 3.07e-07
 342 | 3.14e-07
 343 | 3.23e-07
 344 | 3.02e-07
 345 | 2.65e-07
 346 | 2.53e-07
 347 | 2.33e-07
 348 | 2.11e-07
 349 | 1.92e-07
 350 | 1.77e-07
 351 | 1.65e-07
 352 | 1.56e-07
 353 | 1.49e-07
 354 | 1.43e-07
 355 | 1.37e-07
 356 | 1.33e-07
 357 | 1.30e-07
 358 | 1.27e-07
 359 | 1.24e-07
 360 | 1.22e-07
 361 | 1.21e-07
 362 | 1.20e-07
 363 | 1.18e-07
 364 | 1.17e-07
 365 | 1.16e-07
 366 | 1.15e-07
 367 | 1.14e-07
 368 | 1.14e-07
 369 | 1.13e-07
 370 | 1.13e-07
 371 | 1.13e-07
 372 | 1.14e-07
 373 | 1.14e-07
 374 | 1.13e-07
 375 | 1.13e-07
 376 | 1.13e-07
 377 | 1.13e-07
 378 | 1.13e-07
 379 | 1.13e-07
 380 | 1.14e-07
 381 | 1.14e-07
 382 | 1.15e-07
 383 | 1.16e-07
 384 | 1.18e-07
 385 | 1.18e-07
 386 | 1.19e-07
 387 | 1.20e-07
 388 | 1.21e-07
 389 | 1.22e-07
 390 | 1.23e-07
 391 | 1.24e-07
 392 | 1.25e-07
 393 | 1.26e-07
 394 | 1.27e-07
 395 | 1.28e-07
 396 | 1.31e-07
 397 | 1.32e-07
 398 | 1.34e-07
 399 | 1.36e-07
 400 | 1.38e-07
 401 | 1.40e-07
 402 | 1.43e-07
 403 | 1.45e-07
 404 | 1.47e-07
 405 | 1.50e-07
 406 | 1.52e-07
 407 | 1.55e-07
 408 | 1.57e-07
 409 | 1.60e-07
 410 | 1.62e-07
 411 | 1.65e-07
 412 | 1.50e-07
 413 | 1.49e-07
 414 | 1.48e-07
 415 | 1.46e-07
 416 | 1.45e-07
 417 | 1.43e-07
 418 | 1.43e-07
 419 | 1.42e-07
 420 | 1.41e-07
 421 | 1.40e-07
 422 | 1.39e-07
 423 | 1.38e-07
 424 | 1.37e-07
 425 | 1.36e-07
 426 | 1.35e-07
 427 | 1.34e-07
 428 | 1.33e-07
 429 | 1.32e-07
 430 | 1.32e-07
 431 | 1.30e-07
 432 | 1.30e-07
 433 | 1.30e-07
 434 | 1.29e-07
 435 | 1.29e-07
 436 | 1.29e-07
 437 | 1.28e-07
 438 | 1.28e-07
 439 | 1.28e-07
 440 | 1.27e-07
 441 | 1.27e-07
 442 | 1.26e-07
 443 | 1.26e-07
 444 | 1.26e-07
 445 | 1.25e-07
 446 | 1.25e-07
 447 | 1.25e-07
 448 | 1.25e-07
 449 | 1.25e-07
 450 | 1.25e-07
 451 | 1.24e-07
 452 | 1.24e-07
 453 | 1.25e-07
 454 | 1.26e-07
 455 | 1.26e-07
 456 | 1.28e-07
 457 | 1.29e-07
 458 | 1.31e-07
 459 | 1.32e-07
 460 | 1.34e-07
 461 | 1.36e-07
 462 | 1.39e-07
 463 | 1.41e-07
 464 | 1.44e-07
 465 | 1.48e-07
 466 | 1.51e-07
 467 | 1.55e-07
 468 | 1.59e-07
 469 | 1.64e-07
 470 | 1.70e-07
 471 | 1.76e-07
 472 | 1.83e-07
 473 | 1.91e-07
 474 | 2.00e-07
 475 | 2.10e-07
 476 | 2.22e-07
 477 | 2.35e-07
 478 | 2.51e-07
 479 | 2.69e-07
 480 | 2.88e-07
 481 | 3.10e-07
 482 | 2.95e-07
 483 | 3.13e-07
 484 | 3.35e-07
 485 | 3.62e-07
 486 | 3.92e-07
 487 | 4.28e-07
 488 | 4.69e-07
 489 | 5.12e-07
 490 | 5.63e-07
 491 | 6.23e-07
 492 | 6.90e-07
 493 | 7.70e-07
 494 | 8.62e-07
 495 | 9.70e-07
 496 | 1.07e-06
 497 | 1.12e-06
 498 | 1.15e-06
 499 | 1.17e-06
 500 | 1.20e-06
 501 | 1.23e-06
 502 | 1.26e-06
 503 | 1.30e-06
 504 | 1.34e-06
 505 | 1.40e-06
 506 | 1.44e-06
 507 | 1.48e-06
 508 | 1.52e-06
 509 | 1.53e-06
 510 | 1.50e-06
 511 | 1.52e-06
 512 | 1.56e-06
 513 | 1.62e-06
 514 | 1.68e-06
 515 | 1.75e-06
 516 | 1.82e-06
 517 | 1.82e-06
 518 | 1.68e-06
 519 | 1.60e-06
 520 | 1.63e-06
 521 | 1.71e-06
 522 | 1.80e-06
 523 | 1.90e-06
 524 | 2.03e-06
 525 | 2.18e-06
 526 | 2.34e-06
 527 | 2.49e-06
 528 | 2.64e-06
 529 | 2.84e-06
 530 | 3.04e-06
 531 | 3.13e-06
 532 | 3.25e-06
 533 | 3.43e-06
 534 | 3.64e-06
 535 | 3.87e-06
 536 | 4.11e-06
 537 | 4.38e-06
 538 | 4.67e-06
 539 | 3.66e-06
 540 | 3.38e-06
 541 | 3.55e-06
 542 | 3.70e-06
 543 | 3.91e-06
 544 | 4.05e-06
 545 | 4.15e-06
 546 | 4.42e-06
 547 | 3.66e-06
 548 | 2.93e-06
 549 | 2.61e-06
 550 | 2.42e-06
 551 | 2.31e-06
 552 | 2.28e-06
 553 | 2.32e-06
 554 | 2.41e-06
 555 | 2.54e-06
 556 | 2.70e-06
 557 | 2.90e-06
 558 | 3.11e-06
 559 | 2.68e-06
 560 | 5.09e-07
 561 | 4.53e-07
 562 | 4.12e-07
 563 | 3.79e-07
 564 | 3.50e-07
 565 | 3.26e-07
 566 | 3.07e-07
 567 | 2.92e-07
 568 | 2.80e-07
 569 | 2.70e-07
 570 | 2.62e-07
 571 | 2.56e-07
 572 | 2.51e-07
 573 | 2.48e-07
 574 | 2.45e-07
 575 | 2.51e-07
 576 | 2.61e-07
 577 | 2.75e-07
 578 | 2.90e-07
 579 | 3.07e-07
 580 | 3.29e-07
 581 | 3.55e-07
 582 | 3.87e-07
 583 | 4.24e-07
 584 | 4.66e-07
 585 | 5.13e-07
 586 | 5.65e-07
 587 | 6.19e-07
 588 | 6.79e-07
 589 | 7.41e-07
 590 | 7.95e-07
 591 | 8.47e-07
 592 | 8.99e-07
 593 | 9.51e-07
 594 | 1.00e-06
 595 | 1.05e-06
 596 | 1.09e-06
 597 | 1.12e-06
 598 | 1.17e-06
 599 | 1.21e-06
 600 | 1.26e-06
 601 | 1.30e-06
 602 | 1.35e-06
 603 | 1.39e-06
 604 | 1.43e-06
 605 | 1.47e-06
 606 | 1.51e-06
 607 | 1.55e-06
 608 | 1.58e-06
 609 | 1.60e-06
 610 | 1.62e-06
 611 | 1.63e-06
 612 | 1.64e-06
 613 | 1.65e-06
 614 | 1.65e-06
 615 | 1.65e-06
 616 | 1.65e-06
 617 | 1.65e-06
 618 | 1.64e-06
 619 | 1.63e-06
 620 | 1.61e-06
 621 | 1.60e-06
 622 | 1.59e-06
 623 | 1.54e-06
 624 | 1.48e-06
 625 | 1.45e-06
 626 | 1.39e-06
 627 | 1.36e-06
 628 | 1.33e-06
 629 | 1.29e-06
 630 | 1.25e-06
 631 | 1.21e-06
 632 | 1.18e-06
 633 | 1.14e-06
 634 | 1.11e-06
 635 | 1.08e-06
 636 | 1.05e-06
 637 | 1.02e-06
 638 | 9.90e-07
 639 | 9.61e-07
 640 | 9.31e-07
 641 | 9.04e-07
 642 | 8.78e-07
 643 | 8.20e-07
 644 | 7.49e-07
 645 | 6.80e-07
 646 | 6.17e-07
 647 | 5.59e-07
 648 | 5.05e-07
 649 | 4.53e-07
 650 | 2.65e-07
 651 | 1.30e-07
 652 | 1.10e-07
 653 | 9.55e-08
[2025-11-20 12:36:15] Run completed in 64.70 minutes
[2025-11-20 12:36:19] Saved NMF result to: /zata/zippy/kresgeb/nmf_stuff/dlPFC/data/batched_nmf/nmf_k70_seed1029_tol1e-07_L10.7.rds
[2025-11-20 12:36:19] Appended run metadata to summary.tsv
[2025-11-20 12:36:19] --------------------------------------------
[2025-11-20 12:36:19] Starting run 718 / 750: k=80, seed=1029, tol=1e-07, L1=0.7
[2025-11-20 12:36:19] --------------------------------------------

iter |      tol 
---------------
   1 | 9.64e-01
   2 | 9.74e-02
   3 | 3.64e-02
   4 | 2.14e-02
   5 | 1.43e-02
   6 | 1.04e-02
   7 | 7.99e-03
   8 | 6.58e-03
   9 | 5.49e-03
  10 | 4.80e-03
  11 | 4.49e-03
  12 | 4.34e-03
  13 | 4.03e-03
  14 | 3.96e-03
  15 | 3.55e-03
  16 | 3.14e-03
  17 | 2.33e-03
  18 | 1.77e-03
  19 | 1.48e-03
  20 | 1.05e-03
  21 | 8.18e-04
  22 | 7.19e-04
  23 | 6.30e-04
  24 | 5.81e-04
  25 | 5.75e-04
  26 | 5.62e-04
  27 | 5.56e-04
  28 | 5.40e-04
  29 | 5.38e-04
  30 | 5.68e-04
  31 | 6.51e-04
  32 | 6.32e-04
  33 | 5.84e-04
  34 | 5.60e-04
  35 | 5.86e-04
  36 | 6.35e-04
  37 | 7.70e-04
  38 | 9.05e-04
  39 | 7.40e-04
  40 | 5.12e-04
  41 | 3.51e-04
  42 | 2.10e-04
  43 | 1.59e-04
  44 | 1.37e-04
  45 | 1.33e-04
  46 | 1.33e-04
  47 | 1.29e-04
  48 | 1.31e-04
  49 | 1.36e-04
  50 | 1.44e-04
  51 | 1.51e-04
  52 | 1.56e-04
  53 | 1.61e-04
  54 | 1.57e-04
  55 | 1.15e-04
  56 | 1.25e-04
  57 | 1.40e-04
  58 | 1.67e-04
  59 | 2.02e-04
  60 | 2.39e-04
  61 | 2.68e-04
  62 | 2.86e-04
  63 | 3.03e-04
  64 | 3.19e-04
  65 | 3.09e-04
  66 | 2.75e-04
  67 | 2.18e-04
  68 | 1.72e-04
  69 | 1.29e-04
  70 | 8.83e-05
  71 | 6.51e-05
  72 | 5.13e-05
  73 | 4.38e-05
  74 | 3.98e-05
  75 | 3.75e-05
  76 | 3.57e-05
  77 | 3.28e-05
  78 | 2.98e-05
  79 | 2.87e-05
  80 | 2.83e-05
  81 | 2.74e-05
  82 | 2.48e-05
  83 | 2.41e-05
  84 | 2.32e-05
  85 | 2.18e-05
  86 | 1.87e-05
  87 | 1.76e-05
  88 | 1.90e-05
  89 | 2.02e-05
  90 | 2.12e-05
  91 | 2.09e-05
  92 | 2.15e-05
  93 | 2.46e-05
  94 | 2.90e-05
  95 | 3.55e-05
  96 | 4.30e-05
  97 | 5.48e-05
  98 | 6.80e-05
  99 | 7.98e-05
 100 | 1.05e-04
 101 | 1.17e-04
 102 | 1.31e-04
 103 | 1.26e-04
 104 | 9.19e-05
 105 | 8.15e-05
 106 | 6.12e-05
 107 | 3.89e-05
 108 | 2.91e-05
 109 | 2.26e-05
 110 | 1.81e-05
 111 | 1.49e-05
 112 | 1.22e-05
 113 | 9.56e-06
 114 | 7.85e-06
 115 | 6.58e-06
 116 | 5.75e-06
 117 | 5.09e-06
 118 | 4.51e-06
 119 | 4.03e-06
 120 | 3.66e-06
 121 | 3.31e-06
 122 | 3.01e-06
 123 | 2.77e-06
 124 | 2.57e-06
 125 | 2.42e-06
 126 | 2.19e-06
 127 | 1.88e-06
 128 | 1.70e-06
 129 | 1.56e-06
 130 | 1.44e-06
 131 | 1.34e-06
 132 | 1.24e-06
 133 | 1.17e-06
 134 | 1.13e-06
 135 | 1.08e-06
 136 | 1.04e-06
 137 | 1.01e-06
 138 | 9.73e-07
 139 | 9.21e-07
 140 | 8.90e-07
 141 | 8.74e-07
 142 | 8.65e-07
 143 | 8.60e-07
 144 | 8.52e-07
 145 | 8.44e-07
 146 | 8.43e-07
 147 | 8.41e-07
 148 | 8.42e-07
 149 | 8.44e-07
 150 | 8.54e-07
 151 | 8.73e-07
 152 | 8.70e-07
 153 | 8.65e-07
 154 | 8.65e-07
 155 | 8.64e-07
 156 | 8.73e-07
 157 | 8.82e-07
 158 | 8.83e-07
 159 | 8.87e-07
 160 | 8.93e-07
 161 | 8.97e-07
 162 | 8.96e-07
 163 | 8.99e-07
 164 | 9.03e-07
 165 | 9.05e-07
 166 | 8.99e-07
 167 | 8.90e-07
 168 | 8.80e-07
 169 | 8.71e-07
 170 | 8.67e-07
 171 | 8.67e-07
 172 | 8.67e-07
 173 | 8.60e-07
 174 | 8.52e-07
 175 | 8.43e-07
 176 | 8.59e-07
 177 | 8.85e-07
 178 | 9.15e-07
 179 | 9.63e-07
 180 | 1.01e-06
 181 | 1.08e-06
 182 | 1.14e-06
 183 | 1.04e-06
 184 | 1.07e-06
 185 | 1.11e-06
 186 | 1.12e-06
 187 | 1.19e-06
 188 | 1.27e-06
 189 | 1.35e-06
 190 | 1.46e-06
 191 | 1.54e-06
 192 | 1.62e-06
 193 | 1.77e-06
 194 | 1.93e-06
 195 | 2.10e-06
 196 | 2.26e-06
 197 | 2.47e-06
 198 | 2.63e-06
 199 | 2.75e-06
 200 | 2.83e-06
 201 | 2.51e-06
 202 | 2.11e-06
 203 | 1.86e-06
 204 | 1.68e-06
 205 | 1.53e-06
 206 | 1.43e-06
 207 | 1.33e-06
 208 | 1.25e-06
 209 | 1.17e-06
 210 | 1.13e-06
 211 | 1.09e-06
 212 | 1.07e-06
 213 | 1.05e-06
 214 | 1.02e-06
 215 | 9.90e-07
 216 | 9.75e-07
 217 | 9.71e-07
 218 | 9.68e-07
 219 | 9.72e-07
 220 | 9.75e-07
 221 | 9.82e-07
 222 | 9.85e-07
 223 | 9.86e-07
 224 | 9.87e-07
 225 | 9.60e-07
 226 | 9.64e-07
 227 | 9.72e-07
 228 | 9.80e-07
 229 | 9.93e-07
 230 | 9.44e-07
 231 | 8.65e-07
 232 | 8.66e-07
 233 | 8.73e-07
 234 | 8.83e-07
 235 | 8.92e-07
 236 | 8.87e-07
 237 | 8.85e-07
 238 | 8.85e-07
 239 | 8.88e-07
 240 | 8.93e-07
 241 | 8.76e-07
 242 | 8.58e-07
 243 | 8.69e-07
 244 | 8.12e-07
 245 | 8.17e-07
 246 | 8.31e-07
 247 | 8.42e-07
 248 | 6.97e-07
 249 | 5.36e-07
 250 | 5.40e-07
 251 | 5.43e-07
 252 | 5.32e-07
 253 | 5.26e-07
 254 | 5.19e-07
 255 | 5.13e-07
 256 | 5.12e-07
 257 | 5.07e-07
 258 | 4.92e-07
 259 | 4.82e-07
 260 | 4.73e-07
 261 | 4.59e-07
 262 | 4.50e-07
 263 | 4.40e-07
 264 | 4.31e-07
 265 | 4.20e-07
 266 | 4.07e-07
 267 | 3.98e-07
 268 | 3.90e-07
 269 | 3.80e-07
 270 | 3.72e-07
 271 | 3.63e-07
 272 | 3.52e-07
 273 | 3.44e-07
 274 | 3.38e-07
 275 | 3.32e-07
 276 | 3.26e-07
 277 | 3.22e-07
 278 | 3.15e-07
 279 | 3.05e-07
 280 | 2.99e-07
 281 | 2.95e-07
 282 | 2.83e-07
 283 | 2.76e-07
 284 | 2.71e-07
 285 | 2.68e-07
 286 | 2.62e-07
 287 | 2.59e-07
 288 | 2.57e-07
 289 | 2.55e-07
 290 | 2.55e-07
 291 | 2.55e-07
 292 | 2.57e-07
 293 | 2.59e-07
 294 | 2.60e-07
 295 | 2.62e-07
 296 | 2.60e-07
 297 | 2.49e-07
 298 | 2.51e-07
 299 | 2.55e-07
 300 | 2.54e-07
 301 | 2.46e-07
 302 | 2.48e-07
 303 | 2.52e-07
 304 | 2.57e-07
 305 | 2.62e-07
 306 | 2.67e-07
 307 | 2.71e-07
 308 | 2.77e-07
 309 | 2.85e-07
 310 | 2.94e-07
 311 | 3.04e-07
 312 | 2.70e-07
 313 | 2.73e-07
 314 | 2.74e-07
 315 | 2.75e-07
 316 | 2.78e-07
 317 | 2.83e-07
 318 | 2.89e-07
 319 | 2.97e-07
 320 | 3.05e-07
 321 | 3.13e-07
 322 | 2.63e-07
 323 | 2.37e-07
 324 | 2.36e-07
 325 | 2.29e-07
 326 | 2.24e-07
 327 | 2.23e-07
 328 | 2.20e-07
 329 | 1.80e-07
 330 | 1.60e-07
 331 | 1.55e-07
 332 | 1.51e-07
 333 | 1.48e-07
 334 | 1.42e-07
 335 | 1.37e-07
 336 | 1.33e-07
 337 | 1.30e-07
 338 | 1.27e-07
 339 | 1.24e-07
 340 | 1.21e-07
 341 | 1.19e-07
 342 | 1.16e-07
 343 | 1.14e-07
 344 | 1.13e-07
 345 | 1.11e-07
 346 | 1.09e-07
 347 | 1.04e-07
 348 | 1.00e-07
 349 | 9.49e-08
[2025-11-20 13:18:58] Run completed in 42.66 minutes
[2025-11-20 13:19:02] Saved NMF result to: /zata/zippy/kresgeb/nmf_stuff/dlPFC/data/batched_nmf/nmf_k80_seed1029_tol1e-07_L10.7.rds
[2025-11-20 13:19:02] Appended run metadata to summary.tsv
[2025-11-20 13:19:02] --------------------------------------------
[2025-11-20 13:19:02] Starting run 719 / 750: k=90, seed=1029, tol=1e-07, L1=0.7
[2025-11-20 13:19:02] --------------------------------------------

iter |      tol 
---------------
   1 | 9.64e-01
   2 | 1.02e-01
   3 | 3.76e-02
   4 | 2.08e-02
   5 | 1.39e-02
   6 | 9.82e-03
   7 | 7.63e-03
   8 | 6.28e-03
   9 | 5.46e-03
  10 | 5.19e-03
  11 | 5.14e-03
  12 | 5.19e-03
  13 | 5.47e-03
  14 | 5.93e-03
  15 | 5.83e-03
  16 | 4.66e-03
  17 | 4.61e-03
  18 | 4.96e-03
  19 | 2.05e-03
  20 | 1.14e-03
  21 | 9.37e-04
  22 | 9.50e-04
  23 | 1.01e-03
  24 | 1.01e-03
  25 | 1.03e-03
  26 | 1.04e-03
  27 | 1.09e-03
  28 | 9.76e-04
  29 | 8.97e-04
  30 | 7.87e-04
  31 | 5.74e-04
  32 | 5.09e-04
  33 | 4.27e-04
  34 | 3.84e-04
  35 | 3.10e-04
  36 | 2.92e-04
  37 | 2.75e-04
  38 | 2.80e-04
  39 | 2.86e-04
  40 | 3.10e-04
  41 | 3.49e-04
  42 | 4.25e-04
  43 | 4.42e-04
  44 | 3.88e-04
  45 | 2.95e-04
  46 | 2.33e-04
  47 | 2.04e-04
  48 | 2.04e-04
  49 | 2.09e-04
  50 | 2.06e-04
  51 | 2.07e-04
  52 | 1.77e-04
  53 | 1.52e-04
  54 | 1.44e-04
  55 | 1.35e-04
  56 | 1.24e-04
  57 | 1.13e-04
  58 | 1.02e-04
  59 | 9.87e-05
  60 | 1.02e-04
  61 | 1.01e-04
  62 | 1.00e-04
  63 | 1.03e-04
  64 | 1.22e-04
  65 | 1.78e-04
  66 | 2.99e-04
  67 | 4.97e-04
  68 | 6.19e-04
  69 | 6.33e-04
  70 | 3.82e-04
  71 | 2.01e-04
  72 | 1.50e-04
  73 | 1.02e-04
  74 | 8.77e-05
  75 | 8.10e-05
  76 | 7.79e-05
  77 | 7.93e-05
  78 | 8.46e-05
  79 | 6.48e-05
  80 | 6.38e-05
  81 | 5.40e-05
  82 | 4.80e-05
  83 | 3.97e-05
  84 | 3.78e-05
  85 | 3.65e-05
  86 | 3.39e-05
  87 | 3.22e-05
  88 | 2.88e-05
  89 | 2.60e-05
  90 | 2.34e-05
  91 | 2.22e-05
  92 | 1.77e-05
  93 | 1.62e-05
  94 | 1.70e-05
  95 | 1.81e-05
  96 | 1.77e-05
  97 | 1.80e-05
  98 | 1.85e-05
  99 | 1.96e-05
 100 | 2.13e-05
 101 | 2.34e-05
 102 | 2.66e-05
 103 | 3.10e-05
 104 | 3.71e-05
 105 | 4.64e-05
 106 | 5.70e-05
 107 | 7.06e-05
 108 | 8.50e-05
 109 | 1.05e-04
 110 | 1.08e-04
 111 | 1.06e-04
 112 | 9.92e-05
 113 | 7.09e-05
 114 | 3.61e-05
 115 | 2.60e-05
 116 | 1.92e-05
 117 | 1.58e-05
 118 | 1.32e-05
 119 | 1.19e-05
 120 | 1.12e-05
 121 | 1.13e-05
 122 | 1.14e-05
 123 | 1.22e-05
 124 | 1.26e-05
 125 | 1.33e-05
 126 | 1.38e-05
 127 | 1.46e-05
 128 | 1.56e-05
 129 | 1.60e-05
 130 | 1.55e-05
 131 | 1.49e-05
 132 | 1.53e-05
 133 | 1.57e-05
 134 | 1.53e-05
 135 | 1.49e-05
 136 | 1.58e-05
 137 | 1.71e-05
 138 | 1.21e-05
 139 | 1.03e-05
 140 | 1.05e-05
 141 | 1.09e-05
 142 | 1.14e-05
 143 | 1.21e-05
 144 | 1.29e-05
 145 | 1.38e-05
 146 | 1.48e-05
 147 | 1.58e-05
 148 | 1.68e-05
 149 | 1.13e-05
 150 | 1.02e-05
 151 | 1.05e-05
 152 | 1.14e-05
 153 | 1.26e-05
 154 | 1.32e-05
 155 | 1.47e-05
 156 | 1.69e-05
 157 | 1.77e-05
 158 | 2.10e-05
 159 | 2.55e-05
 160 | 2.78e-05
 161 | 3.12e-05
 162 | 3.53e-05
 163 | 3.96e-05
 164 | 4.17e-05
 165 | 4.26e-05
 166 | 3.99e-05
 167 | 3.65e-05
 168 | 3.26e-05
 169 | 2.75e-05
 170 | 2.16e-05
 171 | 1.78e-05
 172 | 1.44e-05
 173 | 1.07e-05
 174 | 8.65e-06
 175 | 6.77e-06
 176 | 5.23e-06
 177 | 4.64e-06
 178 | 4.31e-06
 179 | 4.07e-06
 180 | 3.90e-06
 181 | 3.90e-06
 182 | 3.86e-06
 183 | 3.80e-06
 184 | 3.88e-06
 185 | 3.96e-06
 186 | 4.09e-06
 187 | 4.17e-06
 188 | 4.36e-06
 189 | 4.51e-06
 190 | 4.65e-06
 191 | 4.83e-06
 192 | 5.05e-06
 193 | 4.98e-06
 194 | 5.06e-06
 195 | 5.16e-06
 196 | 5.21e-06
 197 | 4.50e-06
 198 | 4.13e-06
 199 | 3.92e-06
 200 | 3.94e-06
 201 | 4.08e-06
 202 | 4.25e-06
 203 | 4.43e-06
 204 | 4.38e-06
 205 | 4.46e-06
 206 | 4.40e-06
 207 | 4.49e-06
 208 | 3.77e-06
 209 | 3.83e-06
 210 | 3.30e-06
 211 | 2.84e-06
 212 | 2.54e-06
 213 | 2.26e-06
 214 | 2.13e-06
 215 | 1.94e-06
 216 | 1.85e-06
 217 | 1.70e-06
 218 | 1.67e-06
 219 | 1.62e-06
 220 | 1.54e-06
 221 | 1.53e-06
 222 | 1.52e-06
 223 | 1.52e-06
 224 | 1.53e-06
 225 | 1.54e-06
 226 | 1.56e-06
 227 | 1.59e-06
 228 | 1.58e-06
 229 | 1.60e-06
 230 | 1.64e-06
 231 | 1.68e-06
 232 | 1.72e-06
 233 | 1.49e-06
 234 | 1.26e-06
 235 | 1.26e-06
 236 | 1.31e-06
 237 | 1.38e-06
 238 | 1.48e-06
 239 | 1.62e-06
 240 | 1.78e-06
 241 | 1.95e-06
 242 | 2.15e-06
 243 | 2.44e-06
 244 | 2.78e-06
 245 | 3.19e-06
 246 | 3.80e-06
 247 | 4.60e-06
 248 | 5.71e-06
 249 | 7.20e-06
 250 | 9.14e-06
 251 | 1.16e-05
 252 | 1.52e-05
 253 | 2.03e-05
 254 | 2.70e-05
 255 | 3.60e-05
 256 | 4.78e-05
 257 | 6.18e-05
 258 | 7.58e-05
 259 | 8.54e-05
 260 | 8.45e-05
 261 | 7.24e-05
 262 | 5.58e-05
 263 | 3.77e-05
 264 | 2.43e-05
 265 | 1.57e-05
 266 | 1.05e-05
 267 | 7.01e-06
 268 | 4.80e-06
 269 | 3.34e-06
 270 | 2.23e-06
 271 | 1.07e-06
 272 | 7.65e-07
 273 | 5.70e-07
 274 | 4.39e-07
 275 | 3.50e-07
 276 | 2.90e-07
 277 | 2.43e-07
 278 | 2.08e-07
 279 | 1.86e-07
 280 | 1.70e-07
 281 | 1.56e-07
 282 | 1.45e-07
 283 | 1.37e-07
 284 | 1.30e-07
 285 | 1.22e-07
 286 | 1.16e-07
 287 | 1.10e-07
 288 | 1.02e-07
 289 | 8.98e-08
[2025-11-20 14:01:21] Run completed in 42.30 minutes
[2025-11-20 14:01:26] Saved NMF result to: /zata/zippy/kresgeb/nmf_stuff/dlPFC/data/batched_nmf/nmf_k90_seed1029_tol1e-07_L10.7.rds
[2025-11-20 14:01:26] Appended run metadata to summary.tsv
[2025-11-20 14:01:26] --------------------------------------------
[2025-11-20 14:01:26] Starting run 720 / 750: k=100, seed=1029, tol=1e-07, L1=0.7
[2025-11-20 14:01:26] --------------------------------------------

iter |      tol 
---------------
   1 | 9.64e-01
   2 | 9.38e-02
   3 | 3.37e-02
   4 | 1.93e-02
   5 | 1.24e-02
   6 | 8.85e-03
   7 | 7.30e-03
   8 | 6.76e-03
   9 | 6.60e-03
  10 | 6.19e-03
  11 | 5.70e-03
  12 | 4.96e-03
  13 | 4.86e-03
  14 | 4.90e-03
  15 | 4.39e-03
  16 | 3.97e-03
  17 | 3.35e-03
  18 | 3.42e-03
  19 | 3.24e-03
  20 | 2.86e-03
  21 | 2.55e-03
  22 | 2.94e-03
  23 | 3.13e-03
  24 | 2.35e-03
  25 | 1.56e-03
  26 | 8.34e-04
  27 | 7.77e-04
  28 | 6.60e-04
  29 | 4.81e-04
  30 | 4.34e-04
  31 | 3.96e-04
  32 | 3.81e-04
  33 | 3.53e-04
  34 | 3.76e-04
  35 | 4.33e-04
  36 | 4.86e-04
  37 | 4.41e-04
  38 | 4.53e-04
  39 | 4.22e-04
  40 | 3.21e-04
  41 | 2.23e-04
  42 | 1.65e-04
  43 | 1.59e-04
  44 | 1.58e-04
  45 | 1.66e-04
  46 | 1.90e-04
  47 | 2.14e-04
  48 | 2.15e-04
  49 | 2.34e-04
  50 | 2.52e-04
  51 | 2.50e-04
  52 | 1.86e-04
  53 | 1.52e-04
  54 | 1.41e-04
  55 | 1.47e-04
  56 | 1.63e-04
  57 | 1.84e-04
  58 | 1.94e-04
  59 | 1.96e-04
  60 | 1.93e-04
  61 | 1.90e-04
  62 | 1.79e-04
  63 | 1.54e-04
  64 | 1.37e-04
  65 | 1.23e-04
  66 | 8.52e-05
  67 | 6.78e-05
  68 | 5.60e-05
  69 | 4.50e-05
  70 | 3.94e-05
  71 | 3.60e-05
  72 | 3.41e-05
  73 | 2.95e-05
  74 | 2.71e-05
  75 | 2.52e-05
  76 | 2.38e-05
  77 | 2.26e-05
  78 | 2.11e-05
  79 | 1.86e-05
  80 | 1.59e-05
  81 | 1.38e-05
  82 | 1.18e-05
  83 | 1.06e-05
  84 | 1.02e-05
  85 | 9.15e-06
  86 | 8.63e-06
  87 | 7.88e-06
  88 | 7.64e-06
  89 | 7.49e-06
  90 | 7.60e-06
  91 | 7.77e-06
  92 | 7.98e-06
  93 | 8.34e-06
  94 | 7.17e-06
  95 | 6.43e-06
  96 | 6.40e-06
  97 | 5.52e-06
  98 | 5.17e-06
  99 | 5.08e-06
 100 | 4.86e-06
 101 | 4.70e-06
 102 | 4.73e-06
 103 | 4.71e-06
 104 | 4.64e-06
 105 | 4.60e-06
 106 | 4.31e-06
 107 | 4.27e-06
 108 | 4.46e-06
 109 | 4.68e-06
 110 | 4.93e-06
 111 | 4.85e-06
 112 | 4.94e-06
 113 | 4.70e-06
 114 | 4.97e-06
 115 | 4.97e-06
 116 | 5.30e-06
 117 | 5.25e-06
 118 | 5.83e-06
 119 | 6.58e-06
 120 | 7.39e-06
 121 | 8.32e-06
 122 | 9.39e-06
 123 | 1.05e-05
 124 | 1.17e-05
 125 | 1.30e-05
 126 | 1.42e-05
 127 | 1.54e-05
 128 | 1.63e-05
 129 | 1.70e-05
 130 | 1.67e-05
 131 | 1.16e-05
 132 | 1.05e-05
 133 | 9.82e-06
 134 | 9.64e-06
 135 | 9.47e-06
 136 | 9.29e-06
 137 | 9.11e-06
 138 | 8.94e-06
 139 | 8.65e-06
 140 | 8.51e-06
 141 | 8.37e-06
 142 | 8.19e-06
 143 | 8.12e-06
 144 | 8.12e-06
 145 | 7.49e-06
 146 | 7.37e-06
 147 | 7.26e-06
 148 | 7.14e-06
 149 | 6.24e-06
 150 | 6.01e-06
 151 | 6.04e-06
 152 | 5.99e-06
 153 | 5.74e-06
 154 | 5.60e-06
 155 | 5.64e-06
 156 | 5.78e-06
 157 | 5.85e-06
 158 | 6.08e-06
 159 | 6.34e-06
 160 | 6.71e-06
 161 | 7.32e-06
 162 | 7.60e-06
 163 | 8.07e-06
 164 | 8.27e-06
 165 | 8.42e-06
 166 | 8.68e-06
 167 | 9.22e-06
 168 | 9.50e-06
 169 | 9.90e-06
 170 | 9.76e-06
 171 | 9.87e-06
 172 | 9.73e-06
 173 | 9.56e-06
 174 | 9.05e-06
 175 | 8.40e-06
 176 | 7.56e-06
 177 | 6.76e-06
 178 | 5.76e-06
 179 | 4.98e-06
 180 | 4.72e-06
 181 | 4.54e-06
 182 | 4.46e-06
 183 | 4.40e-06
 184 | 4.35e-06
 185 | 4.48e-06
 186 | 4.75e-06
 187 | 5.02e-06
 188 | 5.49e-06
 189 | 6.20e-06
 190 | 7.09e-06
 191 | 8.17e-06
 192 | 8.83e-06
 193 | 1.03e-05
 194 | 8.71e-06
 195 | 1.00e-05
 196 | 1.18e-05
 197 | 1.38e-05
 198 | 1.68e-05
 199 | 2.07e-05
 200 | 2.55e-05
 201 | 3.13e-05
 202 | 4.02e-05
 203 | 5.09e-05
 204 | 6.11e-05
 205 | 6.66e-05
 206 | 6.41e-05
 207 | 5.27e-05
 208 | 3.53e-05
 209 | 2.33e-05
 210 | 1.62e-05
 211 | 1.12e-05
 212 | 7.76e-06
 213 | 5.36e-06
 214 | 3.00e-06
 215 | 2.31e-06
 216 | 2.01e-06
 217 | 1.82e-06
 218 | 1.68e-06
 219 | 1.60e-06
 220 | 1.58e-06
 221 | 1.18e-06
 222 | 1.07e-06
 223 | 1.04e-06
 224 | 9.76e-07
 225 | 9.38e-07
 226 | 8.90e-07
 227 | 8.64e-07
 228 | 8.55e-07
 229 | 8.52e-07
 230 | 8.47e-07
 231 | 8.40e-07
 232 | 8.45e-07
 233 | 8.38e-07
 234 | 8.50e-07
 235 | 8.73e-07
 236 | 9.04e-07
 237 | 9.42e-07
 238 | 9.82e-07
 239 | 1.02e-06
 240 | 1.05e-06
 241 | 1.10e-06
 242 | 1.13e-06
 243 | 1.16e-06
 244 | 1.23e-06
 245 | 1.30e-06
 246 | 1.38e-06
 247 | 1.41e-06
 248 | 1.53e-06
 249 | 1.66e-06
 250 | 1.83e-06
 251 | 2.05e-06
 252 | 2.23e-06
 253 | 2.31e-06
 254 | 2.41e-06
 255 | 2.64e-06
 256 | 2.91e-06
 257 | 3.34e-06
 258 | 3.92e-06
 259 | 3.91e-06
 260 | 4.02e-06
 261 | 4.21e-06
 262 | 4.35e-06
 263 | 4.34e-06
 264 | 4.46e-06
 265 | 4.56e-06
 266 | 4.64e-06
 267 | 4.75e-06
 268 | 4.92e-06
 269 | 5.09e-06
 270 | 5.14e-06
 271 | 5.53e-06
 272 | 6.04e-06
 273 | 6.70e-06
 274 | 7.53e-06
 275 | 8.50e-06
 276 | 9.71e-06
 277 | 1.10e-05
 278 | 1.26e-05
 279 | 1.46e-05
 280 | 1.68e-05
 281 | 1.94e-05
 282 | 2.31e-05
 283 | 2.77e-05
 284 | 3.26e-05
 285 | 3.72e-05
 286 | 4.05e-05
 287 | 3.96e-05
 288 | 3.73e-05
 289 | 3.05e-05
 290 | 2.39e-05
 291 | 1.93e-05
 292 | 1.44e-05
 293 | 1.07e-05
 294 | 8.36e-06
 295 | 6.53e-06
 296 | 5.10e-06
 297 | 4.00e-06
 298 | 3.16e-06
 299 | 2.52e-06
 300 | 2.03e-06
 301 | 1.63e-06
 302 | 1.34e-06
 303 | 1.03e-06
 304 | 7.54e-07
 305 | 6.31e-07
 306 | 5.35e-07
 307 | 4.64e-07
 308 | 4.11e-07
 309 | 3.70e-07
 310 | 3.39e-07
 311 | 3.16e-07
 312 | 2.99e-07
 313 | 2.85e-07
 314 | 2.75e-07
 315 | 2.69e-07
 316 | 2.65e-07
 317 | 2.63e-07
 318 | 2.64e-07
 319 | 2.66e-07
 320 | 2.69e-07
 321 | 2.73e-07
 322 | 2.77e-07
 323 | 2.81e-07
 324 | 2.87e-07
 325 | 2.93e-07
 326 | 3.00e-07
 327 | 3.08e-07
 328 | 3.16e-07
 329 | 3.26e-07
 330 | 3.36e-07
 331 | 3.48e-07
 332 | 3.60e-07
 333 | 3.72e-07
 334 | 3.83e-07
 335 | 3.96e-07
 336 | 4.08e-07
 337 | 4.16e-07
 338 | 4.26e-07
 339 | 4.40e-07
 340 | 4.55e-07
 341 | 4.69e-07
 342 | 4.42e-07
 343 | 4.18e-07
 344 | 3.95e-07
 345 | 3.78e-07
 346 | 3.64e-07
 347 | 3.52e-07
 348 | 3.39e-07
 349 | 3.11e-07
 350 | 2.88e-07
 351 | 2.64e-07
 352 | 2.41e-07
 353 | 2.26e-07
 354 | 2.15e-07
 355 | 2.04e-07
 356 | 1.97e-07
 357 | 1.91e-07
 358 | 1.87e-07
 359 | 1.84e-07
 360 | 1.82e-07
 361 | 1.81e-07
 362 | 1.81e-07
 363 | 1.74e-07
 364 | 1.73e-07
 365 | 1.74e-07
 366 | 1.76e-07
 367 | 1.78e-07
 368 | 1.72e-07
 369 | 1.70e-07
 370 | 1.70e-07
 371 | 1.71e-07
 372 | 1.71e-07
 373 | 1.73e-07
 374 | 1.75e-07
 375 | 1.77e-07
 376 | 1.66e-07
 377 | 1.56e-07
 378 | 1.49e-07
 379 | 1.47e-07
 380 | 1.46e-07
 381 | 1.44e-07
 382 | 1.44e-07
 383 | 1.45e-07
 384 | 1.46e-07
 385 | 1.46e-07
 386 | 1.46e-07
 387 | 1.46e-07
 388 | 1.47e-07
 389 | 1.48e-07
 390 | 1.49e-07
 391 | 1.50e-07
 392 | 1.51e-07
 393 | 1.52e-07
 394 | 1.53e-07
 395 | 1.53e-07
 396 | 1.52e-07
 397 | 1.50e-07
 398 | 1.49e-07
 399 | 1.44e-07
 400 | 1.41e-07
 401 | 1.38e-07
 402 | 1.34e-07
 403 | 1.31e-07
 404 | 1.28e-07
 405 | 1.27e-07
 406 | 1.24e-07
 407 | 1.22e-07
 408 | 1.20e-07
 409 | 1.19e-07
 410 | 1.18e-07
 411 | 1.17e-07
 412 | 1.17e-07
 413 | 1.17e-07
 414 | 1.16e-07
 415 | 1.16e-07
 416 | 1.17e-07
 417 | 1.16e-07
 418 | 1.14e-07
 419 | 1.13e-07
 420 | 1.12e-07
 421 | 1.12e-07
 422 | 1.12e-07
 423 | 1.12e-07
 424 | 1.12e-07
 425 | 1.10e-07
 426 | 1.07e-07
 427 | 9.63e-08
[2025-11-20 15:09:24] Run completed in 67.97 minutes
[2025-11-20 15:09:30] Saved NMF result to: /zata/zippy/kresgeb/nmf_stuff/dlPFC/data/batched_nmf/nmf_k100_seed1029_tol1e-07_L10.7.rds
[2025-11-20 15:09:30] Appended run metadata to summary.tsv
[2025-11-20 15:09:30] --------------------------------------------
[2025-11-20 15:09:30] Starting run 721 / 750: k=10, seed=31415, tol=1e-07, L1=0.7
[2025-11-20 15:09:30] --------------------------------------------

iter |      tol 
---------------
   1 | 9.68e-01
   2 | 1.44e-01
   3 | 3.54e-02
   4 | 1.49e-02
   5 | 1.01e-02
   6 | 9.05e-03
   7 | 6.96e-03
   8 | 4.00e-03
   9 | 2.42e-03
  10 | 1.76e-03
  11 | 1.49e-03
  12 | 1.43e-03
  13 | 1.46e-03
  14 | 1.15e-03
  15 | 7.72e-04
  16 | 5.98e-04
  17 | 4.75e-04
  18 | 3.87e-04
  19 | 2.92e-04
  20 | 2.06e-04
  21 | 1.42e-04
  22 | 9.60e-05
  23 | 6.43e-05
  24 | 4.30e-05
  25 | 2.89e-05
  26 | 1.94e-05
  27 | 1.34e-05
  28 | 9.61e-06
  29 | 7.24e-06
  30 | 5.76e-06
  31 | 4.83e-06
  32 | 4.26e-06
  33 | 3.90e-06
  34 | 3.69e-06
  35 | 3.55e-06
  36 | 3.47e-06
  37 | 3.43e-06
  38 | 3.41e-06
  39 | 3.42e-06
  40 | 3.44e-06
  41 | 3.45e-06
  42 | 3.48e-06
  43 | 3.52e-06
  44 | 3.56e-06
  45 | 3.59e-06
  46 | 3.62e-06
  47 | 3.66e-06
  48 | 3.71e-06
  49 | 3.75e-06
  50 | 3.78e-06
  51 | 3.81e-06
  52 | 3.83e-06
  53 | 3.83e-06
  54 | 3.79e-06
  55 | 3.70e-06
  56 | 3.57e-06
  57 | 3.43e-06
  58 | 3.26e-06
  59 | 3.10e-06
  60 | 2.94e-06
  61 | 2.79e-06
  62 | 2.66e-06
  63 | 2.55e-06
  64 | 2.45e-06
  65 | 2.32e-06
  66 | 2.20e-06
  67 | 2.09e-06
  68 | 1.99e-06
  69 | 1.89e-06
  70 | 1.79e-06
  71 | 1.68e-06
  72 | 1.58e-06
  73 | 1.49e-06
  74 | 1.41e-06
  75 | 1.32e-06
  76 | 1.24e-06
  77 | 1.16e-06
  78 | 1.09e-06
  79 | 1.03e-06
  80 | 9.70e-07
  81 | 8.98e-07
  82 | 8.35e-07
  83 | 7.80e-07
  84 | 7.32e-07
  85 | 6.89e-07
  86 | 6.52e-07
  87 | 6.20e-07
  88 | 5.93e-07
  89 | 5.71e-07
  90 | 5.49e-07
  91 | 5.28e-07
  92 | 5.09e-07
  93 | 4.93e-07
  94 | 4.76e-07
  95 | 4.58e-07
  96 | 4.43e-07
  97 | 4.28e-07
  98 | 4.15e-07
  99 | 4.04e-07
 100 | 3.94e-07
 101 | 3.88e-07
 102 | 3.82e-07
 103 | 3.79e-07
 104 | 3.77e-07
 105 | 3.80e-07
 106 | 3.86e-07
 107 | 3.93e-07
 108 | 4.02e-07
 109 | 4.12e-07
 110 | 4.24e-07
 111 | 4.37e-07
 112 | 4.51e-07
 113 | 4.68e-07
 114 | 4.87e-07
 115 | 5.12e-07
 116 | 5.38e-07
 117 | 5.66e-07
 118 | 5.98e-07
 119 | 6.34e-07
 120 | 6.75e-07
 121 | 7.17e-07
 122 | 7.66e-07
 123 | 8.23e-07
 124 | 9.01e-07
 125 | 9.86e-07
 126 | 1.08e-06
 127 | 1.19e-06
 128 | 1.31e-06
 129 | 1.45e-06
 130 | 1.62e-06
 131 | 1.80e-06
 132 | 2.01e-06
 133 | 2.25e-06
 134 | 2.50e-06
 135 | 2.78e-06
 136 | 3.08e-06
 137 | 3.40e-06
 138 | 3.75e-06
 139 | 4.17e-06
 140 | 4.62e-06
 141 | 5.13e-06
 142 | 5.75e-06
 143 | 6.58e-06
 144 | 7.48e-06
 145 | 8.54e-06
 146 | 9.82e-06
 147 | 1.13e-05
 148 | 1.31e-05
 149 | 1.54e-05
 150 | 1.79e-05
 151 | 2.07e-05
 152 | 2.37e-05
 153 | 2.73e-05
 154 | 3.10e-05
 155 | 3.49e-05
 156 | 3.89e-05
 157 | 4.28e-05
 158 | 4.64e-05
 159 | 5.00e-05
 160 | 5.33e-05
 161 | 5.63e-05
 162 | 5.81e-05
 163 | 5.79e-05
 164 | 5.62e-05
 165 | 5.49e-05
 166 | 5.33e-05
 167 | 5.09e-05
 168 | 4.83e-05
 169 | 4.69e-05
 170 | 4.65e-05
 171 | 4.60e-05
 172 | 4.52e-05
 173 | 4.37e-05
 174 | 4.24e-05
 175 | 4.13e-05
 176 | 3.99e-05
 177 | 3.79e-05
 178 | 3.53e-05
 179 | 3.19e-05
 180 | 2.82e-05
 181 | 2.41e-05
 182 | 1.97e-05
 183 | 1.56e-05
 184 | 1.19e-05
 185 | 8.67e-06
 186 | 6.04e-06
 187 | 4.05e-06
 188 | 2.67e-06
 189 | 1.72e-06
 190 | 1.09e-06
 191 | 6.91e-07
 192 | 4.42e-07
 193 | 2.85e-07
 194 | 1.85e-07
 195 | 1.20e-07
 196 | 7.90e-08
[2025-11-20 15:13:37] Run completed in 4.13 minutes
[2025-11-20 15:13:38] Saved NMF result to: /zata/zippy/kresgeb/nmf_stuff/dlPFC/data/batched_nmf/nmf_k10_seed31415_tol1e-07_L10.7.rds
[2025-11-20 15:13:38] Appended run metadata to summary.tsv
[2025-11-20 15:13:38] --------------------------------------------
[2025-11-20 15:13:38] Starting run 722 / 750: k=20, seed=31415, tol=1e-07, L1=0.7
[2025-11-20 15:13:38] --------------------------------------------

iter |      tol 
---------------
   1 | 9.65e-01
   2 | 1.28e-01
   3 | 3.95e-02
   4 | 2.26e-02
   5 | 1.38e-02
   6 | 8.86e-03
   7 | 5.31e-03
   8 | 3.83e-03
   9 | 3.41e-03
  10 | 2.92e-03
  11 | 2.39e-03
  12 | 1.90e-03
  13 | 1.83e-03
  14 | 1.74e-03
  15 | 1.55e-03
  16 | 1.30e-03
  17 | 1.02e-03
  18 | 7.75e-04
  19 | 6.08e-04
  20 | 4.99e-04
  21 | 4.26e-04
  22 | 3.77e-04
  23 | 3.42e-04
  24 | 3.17e-04
  25 | 2.99e-04
  26 | 2.93e-04
  27 | 2.88e-04
  28 | 2.81e-04
  29 | 2.73e-04
  30 | 2.71e-04
  31 | 2.70e-04
  32 | 2.72e-04
  33 | 2.73e-04
  34 | 2.79e-04
  35 | 2.92e-04
  36 | 3.18e-04
  37 | 3.56e-04
  38 | 4.07e-04
  39 | 4.65e-04
  40 | 5.21e-04
  41 | 5.58e-04
  42 | 5.61e-04
  43 | 5.19e-04
  44 | 4.53e-04
  45 | 3.85e-04
  46 | 3.18e-04
  47 | 2.58e-04
  48 | 2.12e-04
  49 | 1.81e-04
  50 | 1.56e-04
  51 | 1.36e-04
  52 | 1.22e-04
  53 | 1.13e-04
  54 | 1.07e-04
  55 | 1.05e-04
  56 | 1.05e-04
  57 | 1.06e-04
  58 | 1.11e-04
  59 | 1.24e-04
  60 | 1.50e-04
  61 | 2.00e-04
  62 | 2.79e-04
  63 | 4.02e-04
  64 | 5.82e-04
  65 | 7.97e-04
  66 | 1.01e-03
  67 | 1.09e-03
  68 | 9.87e-04
  69 | 7.25e-04
  70 | 4.97e-04
  71 | 3.41e-04
  72 | 2.36e-04
  73 | 1.71e-04
  74 | 1.29e-04
  75 | 1.04e-04
  76 | 9.08e-05
  77 | 7.92e-05
  78 | 6.89e-05
  79 | 6.32e-05
  80 | 6.15e-05
  81 | 6.20e-05
  82 | 6.47e-05
  83 | 6.95e-05
  84 | 7.72e-05
  85 | 8.76e-05
  86 | 9.37e-05
  87 | 8.76e-05
  88 | 7.35e-05
  89 | 5.81e-05
  90 | 4.35e-05
  91 | 3.10e-05
  92 | 2.07e-05
  93 | 1.34e-05
  94 | 9.73e-06
  95 | 7.75e-06
  96 | 6.71e-06
  97 | 5.91e-06
  98 | 5.65e-06
  99 | 5.60e-06
 100 | 4.21e-06
 101 | 3.19e-06
 102 | 2.40e-06
 103 | 1.76e-06
 104 | 1.25e-06
 105 | 8.89e-07
 106 | 6.48e-07
 107 | 4.88e-07
 108 | 3.79e-07
 109 | 3.01e-07
 110 | 2.43e-07
 111 | 1.86e-07
 112 | 1.48e-07
 113 | 1.21e-07
 114 | 1.02e-07
 115 | 8.69e-08
[2025-11-20 15:17:52] Run completed in 4.24 minutes
[2025-11-20 15:17:54] Saved NMF result to: /zata/zippy/kresgeb/nmf_stuff/dlPFC/data/batched_nmf/nmf_k20_seed31415_tol1e-07_L10.7.rds
[2025-11-20 15:17:54] Appended run metadata to summary.tsv
[2025-11-20 15:17:54] --------------------------------------------
[2025-11-20 15:17:54] Starting run 723 / 750: k=30, seed=31415, tol=1e-07, L1=0.7
[2025-11-20 15:17:54] --------------------------------------------

iter |      tol 
---------------
   1 | 9.65e-01
   2 | 1.33e-01
   3 | 3.48e-02
   4 | 1.65e-02
   5 | 1.19e-02
   6 | 7.97e-03
   7 | 6.38e-03
   8 | 5.42e-03
   9 | 4.81e-03
  10 | 4.44e-03
  11 | 4.03e-03
  12 | 2.42e-03
  13 | 1.74e-03
  14 | 1.34e-03
  15 | 1.15e-03
  16 | 8.91e-04
  17 | 6.45e-04
  18 | 5.07e-04
  19 | 4.87e-04
  20 | 5.14e-04
  21 | 5.51e-04
  22 | 5.73e-04
  23 | 5.81e-04
  24 | 5.70e-04
  25 | 5.60e-04
  26 | 5.20e-04
  27 | 4.47e-04
  28 | 3.56e-04
  29 | 2.77e-04
  30 | 2.18e-04
  31 | 1.79e-04
  32 | 1.56e-04
  33 | 1.42e-04
  34 | 1.33e-04
  35 | 1.28e-04
  36 | 1.26e-04
  37 | 1.22e-04
  38 | 1.16e-04
  39 | 1.15e-04
  40 | 1.16e-04
  41 | 1.20e-04
  42 | 1.25e-04
  43 | 1.29e-04
  44 | 1.24e-04
  45 | 1.10e-04
  46 | 8.95e-05
  47 | 6.67e-05
  48 | 5.07e-05
  49 | 3.98e-05
  50 | 3.25e-05
  51 | 2.80e-05
  52 | 2.49e-05
  53 | 2.28e-05
  54 | 2.06e-05
  55 | 1.95e-05
  56 | 1.75e-05
  57 | 1.59e-05
  58 | 1.44e-05
  59 | 1.31e-05
  60 | 1.21e-05
  61 | 1.11e-05
  62 | 1.02e-05
  63 | 9.33e-06
  64 | 8.37e-06
  65 | 7.56e-06
  66 | 6.89e-06
  67 | 6.24e-06
  68 | 5.67e-06
  69 | 5.20e-06
  70 | 4.79e-06
  71 | 4.42e-06
  72 | 4.10e-06
  73 | 3.82e-06
  74 | 3.59e-06
  75 | 3.41e-06
  76 | 3.26e-06
  77 | 3.12e-06
  78 | 2.98e-06
  79 | 2.90e-06
  80 | 2.87e-06
  81 | 2.86e-06
  82 | 2.89e-06
  83 | 2.96e-06
  84 | 3.07e-06
  85 | 3.22e-06
  86 | 3.40e-06
  87 | 3.60e-06
  88 | 3.85e-06
  89 | 4.17e-06
  90 | 4.59e-06
  91 | 5.13e-06
  92 | 5.79e-06
  93 | 6.68e-06
  94 | 7.66e-06
  95 | 8.82e-06
  96 | 1.04e-05
  97 | 1.22e-05
  98 | 1.41e-05
  99 | 1.61e-05
 100 | 1.79e-05
 101 | 1.87e-05
 102 | 1.83e-05
 103 | 1.68e-05
 104 | 1.43e-05
 105 | 1.14e-05
 106 | 8.85e-06
 107 | 6.98e-06
 108 | 5.78e-06
 109 | 5.07e-06
 110 | 4.64e-06
 111 | 4.45e-06
 112 | 4.45e-06
 113 | 4.59e-06
 114 | 4.78e-06
 115 | 4.99e-06
 116 | 5.17e-06
 117 | 5.00e-06
 118 | 4.92e-06
 119 | 4.51e-06
 120 | 3.97e-06
 121 | 3.40e-06
 122 | 3.00e-06
 123 | 2.70e-06
 124 | 2.46e-06
 125 | 2.31e-06
 126 | 2.20e-06
 127 | 2.14e-06
 128 | 2.14e-06
 129 | 2.18e-06
 130 | 2.24e-06
 131 | 2.33e-06
 132 | 2.49e-06
 133 | 2.71e-06
 134 | 3.01e-06
 135 | 3.38e-06
 136 | 3.86e-06
 137 | 4.58e-06
 138 | 5.59e-06
 139 | 6.73e-06
 140 | 8.04e-06
 141 | 9.52e-06
 142 | 1.14e-05
 143 | 1.39e-05
 144 | 1.67e-05
 145 | 2.01e-05
 146 | 2.46e-05
 147 | 2.98e-05
 148 | 3.49e-05
 149 | 3.82e-05
 150 | 4.00e-05
 151 | 3.99e-05
 152 | 3.82e-05
 153 | 3.45e-05
 154 | 2.96e-05
 155 | 2.43e-05
 156 | 1.91e-05
 157 | 1.48e-05
 158 | 1.15e-05
 159 | 9.35e-06
 160 | 8.10e-06
 161 | 7.27e-06
 162 | 6.91e-06
 163 | 6.90e-06
 164 | 7.05e-06
 165 | 7.19e-06
 166 | 7.39e-06
 167 | 7.62e-06
 168 | 7.88e-06
 169 | 8.14e-06
 170 | 8.43e-06
 171 | 8.90e-06
 172 | 9.40e-06
 173 | 9.95e-06
 174 | 1.05e-05
 175 | 1.09e-05
 176 | 1.10e-05
 177 | 1.09e-05
 178 | 1.06e-05
 179 | 1.04e-05
 180 | 1.00e-05
 181 | 9.68e-06
 182 | 9.23e-06
 183 | 8.62e-06
 184 | 7.86e-06
 185 | 7.01e-06
 186 | 6.29e-06
 187 | 5.64e-06
 188 | 5.14e-06
 189 | 4.72e-06
 190 | 4.28e-06
 191 | 3.96e-06
 192 | 3.69e-06
 193 | 3.47e-06
 194 | 3.27e-06
 195 | 3.08e-06
 196 | 2.90e-06
 197 | 2.80e-06
 198 | 2.79e-06
 199 | 2.77e-06
 200 | 2.78e-06
 201 | 2.77e-06
 202 | 2.88e-06
 203 | 3.02e-06
 204 | 3.19e-06
 205 | 3.52e-06
 206 | 4.08e-06
 207 | 4.80e-06
 208 | 5.69e-06
 209 | 6.96e-06
 210 | 8.61e-06
 211 | 1.04e-05
 212 | 1.25e-05
 213 | 1.49e-05
 214 | 1.76e-05
 215 | 2.02e-05
 216 | 2.34e-05
 217 | 2.80e-05
 218 | 3.14e-05
 219 | 3.41e-05
 220 | 3.46e-05
 221 | 3.28e-05
 222 | 2.66e-05
 223 | 1.66e-05
 224 | 7.52e-06
 225 | 2.82e-06
 226 | 1.28e-06
 227 | 7.53e-07
 228 | 5.16e-07
 229 | 3.81e-07
 230 | 2.92e-07
 231 | 2.30e-07
 232 | 1.84e-07
 233 | 1.50e-07
 234 | 1.23e-07
 235 | 1.03e-07
 236 | 8.69e-08
[2025-11-20 15:27:09] Run completed in 9.25 minutes
[2025-11-20 15:27:10] Saved NMF result to: /zata/zippy/kresgeb/nmf_stuff/dlPFC/data/batched_nmf/nmf_k30_seed31415_tol1e-07_L10.7.rds
[2025-11-20 15:27:10] Appended run metadata to summary.tsv
[2025-11-20 15:27:10] --------------------------------------------
[2025-11-20 15:27:10] Starting run 724 / 750: k=40, seed=31415, tol=1e-07, L1=0.7
[2025-11-20 15:27:10] --------------------------------------------

iter |      tol 
---------------
   1 | 9.64e-01
   2 | 1.17e-01
   3 | 4.18e-02
   4 | 2.31e-02
   5 | 1.12e-02
   6 | 6.94e-03
   7 | 5.09e-03
   8 | 3.83e-03
   9 | 3.31e-03
  10 | 3.37e-03
  11 | 3.90e-03
  12 | 3.04e-03
  13 | 2.25e-03
  14 | 1.74e-03
  15 | 1.36e-03
  16 | 1.11e-03
  17 | 9.33e-04
  18 | 7.49e-04
  19 | 6.21e-04
  20 | 5.53e-04
  21 | 5.25e-04
  22 | 5.16e-04
  23 | 5.00e-04
  24 | 4.85e-04
  25 | 4.91e-04
  26 | 4.97e-04
  27 | 4.93e-04
  28 | 4.83e-04
  29 | 4.67e-04
  30 | 4.68e-04
  31 | 4.80e-04
  32 | 4.87e-04
  33 | 5.07e-04
  34 | 4.75e-04
  35 | 4.07e-04
  36 | 3.62e-04
  37 | 3.29e-04
  38 | 3.14e-04
  39 | 3.10e-04
  40 | 3.05e-04
  41 | 3.04e-04
  42 | 3.00e-04
  43 | 2.97e-04
  44 | 2.93e-04
  45 | 2.90e-04
  46 | 2.86e-04
  47 | 2.79e-04
  48 | 2.51e-04
  49 | 2.39e-04
  50 | 2.30e-04
  51 | 2.21e-04
  52 | 2.10e-04
  53 | 1.98e-04
  54 | 1.87e-04
  55 | 1.75e-04
  56 | 1.63e-04
  57 | 1.54e-04
  58 | 1.45e-04
  59 | 1.33e-04
  60 | 1.20e-04
  61 | 1.09e-04
  62 | 1.00e-04
  63 | 9.23e-05
  64 | 8.46e-05
  65 | 6.73e-05
  66 | 6.24e-05
  67 | 5.84e-05
  68 | 5.50e-05
  69 | 5.19e-05
  70 | 4.88e-05
  71 | 4.67e-05
  72 | 4.49e-05
  73 | 4.21e-05
  74 | 3.93e-05
  75 | 3.56e-05
  76 | 3.07e-05
  77 | 2.66e-05
  78 | 2.30e-05
  79 | 2.02e-05
  80 | 1.79e-05
  81 | 1.55e-05
  82 | 1.38e-05
  83 | 1.25e-05
  84 | 1.14e-05
  85 | 1.05e-05
  86 | 9.93e-06
  87 | 9.69e-06
  88 | 9.65e-06
  89 | 9.76e-06
  90 | 1.04e-05
  91 | 1.12e-05
  92 | 1.22e-05
  93 | 1.33e-05
  94 | 1.46e-05
  95 | 1.56e-05
  96 | 1.65e-05
  97 | 1.72e-05
  98 | 1.81e-05
  99 | 1.90e-05
 100 | 2.01e-05
 101 | 2.10e-05
 102 | 2.11e-05
 103 | 2.11e-05
 104 | 2.12e-05
 105 | 2.09e-05
 106 | 2.05e-05
 107 | 1.99e-05
 108 | 1.93e-05
 109 | 1.86e-05
 110 | 1.76e-05
 111 | 1.66e-05
 112 | 1.57e-05
 113 | 1.50e-05
 114 | 1.43e-05
 115 | 1.37e-05
 116 | 1.32e-05
 117 | 1.27e-05
 118 | 1.22e-05
 119 | 1.16e-05
 120 | 1.11e-05
 121 | 1.06e-05
 122 | 1.01e-05
 123 | 9.64e-06
 124 | 9.18e-06
 125 | 8.78e-06
 126 | 8.53e-06
 127 | 8.33e-06
 128 | 8.17e-06
 129 | 8.23e-06
 130 | 7.84e-06
 131 | 7.94e-06
 132 | 8.02e-06
 133 | 8.05e-06
 134 | 7.99e-06
 135 | 7.93e-06
 136 | 7.91e-06
 137 | 7.87e-06
 138 | 7.78e-06
 139 | 7.66e-06
 140 | 7.64e-06
 141 | 7.40e-06
 142 | 7.14e-06
 143 | 6.89e-06
 144 | 6.62e-06
 145 | 6.33e-06
 146 | 6.05e-06
 147 | 5.80e-06
 148 | 5.62e-06
 149 | 5.47e-06
 150 | 5.31e-06
 151 | 5.15e-06
 152 | 5.01e-06
 153 | 4.87e-06
 154 | 4.71e-06
 155 | 4.55e-06
 156 | 4.38e-06
 157 | 4.21e-06
 158 | 4.04e-06
 159 | 3.83e-06
 160 | 3.61e-06
 161 | 3.43e-06
 162 | 3.27e-06
 163 | 3.15e-06
 164 | 3.02e-06
 165 | 2.89e-06
 166 | 2.76e-06
 167 | 2.63e-06
 168 | 2.50e-06
 169 | 2.38e-06
 170 | 2.27e-06
 171 | 2.15e-06
 172 | 2.03e-06
 173 | 1.92e-06
 174 | 1.81e-06
 175 | 1.71e-06
 176 | 1.61e-06
 177 | 1.52e-06
 178 | 1.44e-06
 179 | 1.36e-06
 180 | 1.29e-06
 181 | 1.21e-06
 182 | 1.15e-06
 183 | 1.10e-06
 184 | 1.05e-06
 185 | 1.01e-06
 186 | 9.64e-07
 187 | 9.25e-07
 188 | 8.84e-07
 189 | 8.24e-07
 190 | 7.65e-07
 191 | 7.10e-07
 192 | 6.66e-07
 193 | 6.30e-07
 194 | 6.01e-07
 195 | 5.75e-07
 196 | 5.51e-07
 197 | 5.28e-07
 198 | 5.07e-07
 199 | 4.88e-07
 200 | 4.70e-07
 201 | 4.52e-07
 202 | 4.35e-07
 203 | 4.19e-07
 204 | 4.04e-07
 205 | 3.91e-07
 206 | 3.78e-07
 207 | 3.65e-07
 208 | 3.54e-07
 209 | 3.44e-07
 210 | 3.35e-07
 211 | 3.28e-07
 212 | 3.22e-07
 213 | 3.15e-07
 214 | 3.09e-07
 215 | 3.02e-07
 216 | 2.95e-07
 217 | 2.87e-07
 218 | 2.80e-07
 219 | 2.73e-07
 220 | 2.66e-07
 221 | 2.60e-07
 222 | 2.53e-07
 223 | 2.46e-07
 224 | 2.40e-07
 225 | 2.36e-07
 226 | 2.34e-07
 227 | 2.34e-07
 228 | 2.32e-07
 229 | 2.31e-07
 230 | 2.30e-07
 231 | 2.28e-07
 232 | 2.27e-07
 233 | 2.26e-07
 234 | 2.25e-07
 235 | 2.24e-07
 236 | 2.25e-07
 237 | 2.25e-07
 238 | 2.25e-07
 239 | 2.25e-07
 240 | 2.25e-07
 241 | 2.24e-07
 242 | 2.23e-07
 243 | 2.23e-07
 244 | 2.22e-07
 245 | 2.20e-07
 246 | 2.19e-07
 247 | 2.18e-07
 248 | 2.16e-07
 249 | 2.15e-07
 250 | 2.14e-07
 251 | 2.14e-07
 252 | 2.13e-07
 253 | 2.13e-07
 254 | 2.12e-07
 255 | 2.11e-07
 256 | 2.11e-07
 257 | 2.10e-07
 258 | 2.09e-07
 259 | 2.07e-07
 260 | 2.06e-07
 261 | 2.05e-07
 262 | 2.05e-07
 263 | 2.04e-07
 264 | 2.02e-07
 265 | 2.01e-07
 266 | 1.99e-07
 267 | 1.98e-07
 268 | 1.96e-07
 269 | 1.94e-07
 270 | 1.93e-07
 271 | 1.91e-07
 272 | 1.90e-07
 273 | 1.88e-07
 274 | 1.86e-07
 275 | 1.84e-07
 276 | 1.82e-07
 277 | 1.80e-07
 278 | 1.78e-07
 279 | 1.75e-07
 280 | 1.73e-07
 281 | 1.70e-07
 282 | 1.67e-07
 283 | 1.64e-07
 284 | 1.61e-07
 285 | 1.58e-07
 286 | 1.56e-07
 287 | 1.52e-07
 288 | 1.50e-07
 289 | 1.47e-07
 290 | 1.45e-07
 291 | 1.43e-07
 292 | 1.41e-07
 293 | 1.39e-07
 294 | 1.37e-07
 295 | 1.35e-07
 296 | 1.32e-07
 297 | 1.30e-07
 298 | 1.28e-07
 299 | 1.26e-07
 300 | 1.24e-07
 301 | 1.23e-07
 302 | 1.23e-07
 303 | 1.24e-07
 304 | 1.24e-07
 305 | 1.25e-07
 306 | 1.25e-07
 307 | 1.25e-07
 308 | 1.26e-07
 309 | 1.26e-07
 310 | 1.26e-07
 311 | 1.26e-07
 312 | 1.26e-07
 313 | 1.25e-07
 314 | 1.26e-07
 315 | 1.27e-07
 316 | 1.28e-07
 317 | 1.30e-07
 318 | 1.31e-07
 319 | 1.33e-07
 320 | 1.34e-07
 321 | 1.35e-07
 322 | 1.37e-07
 323 | 1.38e-07
 324 | 1.39e-07
 325 | 1.39e-07
 326 | 1.39e-07
 327 | 1.39e-07
 328 | 1.39e-07
 329 | 1.40e-07
 330 | 1.40e-07
 331 | 1.40e-07
 332 | 1.40e-07
 333 | 1.40e-07
 334 | 1.40e-07
 335 | 1.39e-07
 336 | 1.39e-07
 337 | 1.39e-07
 338 | 1.38e-07
 339 | 1.37e-07
 340 | 1.36e-07
 341 | 1.35e-07
 342 | 1.34e-07
 343 | 1.34e-07
 344 | 1.34e-07
 345 | 1.34e-07
 346 | 1.34e-07
 347 | 1.34e-07
 348 | 1.34e-07
 349 | 1.34e-07
 350 | 1.34e-07
 351 | 1.35e-07
 352 | 1.38e-07
 353 | 1.41e-07
 354 | 1.45e-07
 355 | 1.47e-07
 356 | 1.50e-07
 357 | 1.52e-07
 358 | 1.55e-07
 359 | 1.57e-07
 360 | 1.60e-07
 361 | 1.63e-07
 362 | 1.65e-07
 363 | 1.68e-07
 364 | 1.72e-07
 365 | 1.75e-07
 366 | 1.79e-07
 367 | 1.83e-07
 368 | 1.87e-07
 369 | 1.90e-07
 370 | 1.94e-07
 371 | 1.98e-07
 372 | 2.03e-07
 373 | 2.08e-07
 374 | 2.13e-07
 375 | 2.18e-07
 376 | 2.23e-07
 377 | 2.28e-07
 378 | 2.33e-07
 379 | 2.38e-07
 380 | 2.43e-07
 381 | 2.49e-07
 382 | 2.55e-07
 383 | 2.62e-07
 384 | 2.67e-07
 385 | 2.72e-07
 386 | 2.77e-07
 387 | 2.82e-07
 388 | 2.86e-07
 389 | 2.90e-07
 390 | 2.94e-07
 391 | 2.98e-07
 392 | 3.05e-07
 393 | 3.15e-07
 394 | 3.26e-07
 395 | 3.36e-07
 396 | 3.46e-07
 397 | 3.57e-07
 398 | 3.67e-07
 399 | 3.78e-07
 400 | 3.88e-07
 401 | 4.03e-07
 402 | 4.18e-07
 403 | 4.32e-07
 404 | 4.46e-07
 405 | 4.60e-07
 406 | 4.74e-07
 407 | 4.87e-07
 408 | 5.01e-07
 409 | 5.14e-07
 410 | 5.26e-07
 411 | 5.36e-07
 412 | 5.45e-07
 413 | 5.55e-07
 414 | 5.66e-07
 415 | 5.78e-07
 416 | 5.91e-07
 417 | 6.03e-07
 418 | 6.14e-07
 419 | 6.24e-07
 420 | 6.34e-07
 421 | 6.42e-07
 422 | 6.50e-07
 423 | 6.57e-07
 424 | 6.63e-07
 425 | 6.69e-07
 426 | 6.77e-07
 427 | 6.84e-07
 428 | 6.91e-07
 429 | 7.01e-07
 430 | 7.13e-07
 431 | 7.24e-07
 432 | 7.34e-07
 433 | 7.44e-07
 434 | 7.55e-07
 435 | 7.64e-07
 436 | 7.72e-07
 437 | 7.78e-07
 438 | 7.96e-07
 439 | 8.17e-07
 440 | 8.35e-07
 441 | 8.51e-07
 442 | 8.65e-07
 443 | 8.80e-07
 444 | 8.87e-07
 445 | 8.90e-07
 446 | 8.91e-07
 447 | 8.90e-07
 448 | 8.87e-07
 449 | 8.86e-07
 450 | 8.83e-07
 451 | 8.78e-07
 452 | 8.70e-07
 453 | 8.59e-07
 454 | 8.45e-07
 455 | 8.31e-07
 456 | 8.16e-07
 457 | 8.01e-07
 458 | 7.84e-07
 459 | 7.66e-07
 460 | 7.47e-07
 461 | 7.28e-07
 462 | 7.09e-07
 463 | 6.89e-07
 464 | 6.72e-07
 465 | 6.59e-07
 466 | 6.50e-07
 467 | 6.41e-07
 468 | 6.32e-07
 469 | 6.24e-07
 470 | 6.17e-07
 471 | 6.17e-07
 472 | 6.21e-07
 473 | 6.26e-07
 474 | 6.19e-07
 475 | 6.13e-07
 476 | 6.06e-07
 477 | 5.99e-07
 478 | 5.91e-07
 479 | 5.84e-07
 480 | 5.79e-07
 481 | 5.73e-07
 482 | 5.67e-07
 483 | 5.59e-07
 484 | 5.52e-07
 485 | 5.46e-07
 486 | 5.43e-07
 487 | 5.37e-07
 488 | 5.31e-07
 489 | 5.23e-07
 490 | 5.10e-07
 491 | 4.94e-07
 492 | 4.80e-07
 493 | 4.64e-07
 494 | 4.46e-07
 495 | 4.28e-07
 496 | 4.13e-07
 497 | 3.98e-07
 498 | 3.83e-07
 499 | 3.70e-07
 500 | 3.57e-07
 501 | 3.45e-07
 502 | 3.34e-07
 503 | 3.22e-07
 504 | 3.11e-07
 505 | 3.00e-07
 506 | 2.89e-07
 507 | 2.77e-07
 508 | 2.66e-07
 509 | 2.55e-07
 510 | 2.44e-07
 511 | 2.36e-07
 512 | 2.28e-07
 513 | 2.21e-07
 514 | 2.13e-07
 515 | 2.07e-07
 516 | 2.00e-07
 517 | 1.94e-07
 518 | 1.88e-07
 519 | 1.82e-07
 520 | 1.76e-07
 521 | 1.71e-07
 522 | 1.66e-07
 523 | 1.62e-07
 524 | 1.59e-07
 525 | 1.55e-07
 526 | 1.52e-07
 527 | 1.48e-07
 528 | 1.45e-07
 529 | 1.42e-07
 530 | 1.39e-07
 531 | 1.36e-07
 532 | 1.34e-07
 533 | 1.32e-07
 534 | 1.29e-07
 535 | 1.27e-07
 536 | 1.25e-07
 537 | 1.23e-07
 538 | 1.21e-07
 539 | 1.20e-07
 540 | 1.18e-07
 541 | 1.17e-07
 542 | 1.16e-07
 543 | 1.15e-07
 544 | 1.15e-07
 545 | 1.14e-07
 546 | 1.13e-07
 547 | 1.13e-07
 548 | 1.12e-07
 549 | 1.11e-07
 550 | 1.10e-07
 551 | 1.09e-07
 552 | 1.07e-07
 553 | 1.06e-07
 554 | 1.05e-07
 555 | 1.04e-07
 556 | 1.03e-07
 557 | 1.03e-07
 558 | 1.02e-07
 559 | 1.01e-07
 560 | 1.00e-07
 561 | 9.94e-08
[2025-11-20 15:53:40] Run completed in 26.50 minutes
[2025-11-20 15:53:43] Saved NMF result to: /zata/zippy/kresgeb/nmf_stuff/dlPFC/data/batched_nmf/nmf_k40_seed31415_tol1e-07_L10.7.rds
[2025-11-20 15:53:43] Appended run metadata to summary.tsv
[2025-11-20 15:53:43] --------------------------------------------
[2025-11-20 15:53:43] Starting run 725 / 750: k=50, seed=31415, tol=1e-07, L1=0.7
[2025-11-20 15:53:43] --------------------------------------------

iter |      tol 
---------------
   1 | 9.66e-01
   2 | 1.17e-01
   3 | 4.16e-02
   4 | 2.14e-02
   5 | 1.29e-02
   6 | 9.28e-03
   7 | 6.97e-03
   8 | 5.40e-03
   9 | 4.05e-03
  10 | 3.18e-03
  11 | 2.59e-03
  12 | 2.14e-03
  13 | 2.06e-03
  14 | 2.09e-03
  15 | 2.13e-03
  16 | 2.24e-03
  17 | 2.16e-03
  18 | 1.95e-03
  19 | 1.78e-03
  20 | 1.66e-03
  21 | 1.34e-03
  22 | 1.14e-03
  23 | 1.07e-03
  24 | 9.23e-04
  25 | 8.54e-04
  26 | 6.50e-04
  27 | 5.01e-04
  28 | 4.00e-04
  29 | 3.53e-04
  30 | 3.14e-04
  31 | 2.83e-04
  32 | 2.73e-04
  33 | 2.75e-04
  34 | 2.86e-04
  35 | 2.96e-04
  36 | 3.13e-04
  37 | 3.30e-04
  38 | 3.33e-04
  39 | 3.12e-04
  40 | 3.21e-04
  41 | 3.06e-04
  42 | 2.97e-04
  43 | 2.89e-04
  44 | 2.77e-04
  45 | 2.57e-04
  46 | 2.40e-04
  47 | 2.20e-04
  48 | 2.03e-04
  49 | 1.85e-04
  50 | 1.71e-04
  51 | 1.57e-04
  52 | 1.42e-04
  53 | 1.26e-04
  54 | 1.12e-04
  55 | 9.78e-05
  56 | 8.43e-05
  57 | 7.43e-05
  58 | 6.63e-05
  59 | 5.87e-05
  60 | 5.35e-05
  61 | 4.99e-05
  62 | 4.50e-05
  63 | 4.20e-05
  64 | 4.07e-05
  65 | 3.87e-05
  66 | 3.66e-05
  67 | 3.59e-05
  68 | 3.51e-05
  69 | 3.39e-05
  70 | 3.28e-05
  71 | 3.17e-05
  72 | 3.07e-05
  73 | 2.94e-05
  74 | 2.28e-05
  75 | 2.06e-05
  76 | 1.88e-05
  77 | 1.73e-05
  78 | 1.58e-05
  79 | 1.47e-05
  80 | 1.38e-05
  81 | 1.30e-05
  82 | 1.24e-05
  83 | 1.19e-05
  84 | 1.11e-05
  85 | 1.02e-05
  86 | 9.22e-06
  87 | 8.54e-06
  88 | 7.89e-06
  89 | 7.43e-06
  90 | 6.99e-06
  91 | 6.63e-06
  92 | 6.30e-06
  93 | 5.92e-06
  94 | 5.62e-06
  95 | 5.42e-06
  96 | 5.24e-06
  97 | 5.09e-06
  98 | 4.90e-06
  99 | 4.76e-06
 100 | 4.51e-06
 101 | 4.32e-06
 102 | 4.24e-06
 103 | 4.17e-06
 104 | 4.15e-06
 105 | 4.14e-06
 106 | 4.14e-06
 107 | 4.10e-06
 108 | 4.07e-06
 109 | 4.08e-06
 110 | 4.08e-06
 111 | 4.07e-06
 112 | 4.04e-06
 113 | 4.03e-06
 114 | 3.96e-06
 115 | 3.92e-06
 116 | 3.84e-06
 117 | 3.76e-06
 118 | 3.54e-06
 119 | 3.42e-06
 120 | 3.34e-06
 121 | 3.29e-06
 122 | 3.25e-06
 123 | 3.23e-06
 124 | 3.19e-06
 125 | 3.11e-06
 126 | 3.13e-06
 127 | 3.17e-06
 128 | 3.22e-06
 129 | 3.26e-06
 130 | 3.32e-06
 131 | 3.43e-06
 132 | 3.59e-06
 133 | 3.75e-06
 134 | 3.95e-06
 135 | 4.23e-06
 136 | 4.59e-06
 137 | 5.04e-06
 138 | 5.57e-06
 139 | 6.12e-06
 140 | 6.89e-06
 141 | 7.80e-06
 142 | 8.84e-06
 143 | 9.97e-06
 144 | 1.12e-05
 145 | 1.22e-05
 146 | 1.33e-05
 147 | 1.43e-05
 148 | 1.50e-05
 149 | 1.52e-05
 150 | 1.52e-05
 151 | 1.48e-05
 152 | 1.41e-05
 153 | 1.31e-05
 154 | 1.20e-05
 155 | 1.09e-05
 156 | 9.87e-06
 157 | 9.10e-06
 158 | 8.65e-06
 159 | 8.51e-06
 160 | 8.55e-06
 161 | 8.71e-06
 162 | 8.98e-06
 163 | 9.36e-06
 164 | 9.79e-06
 165 | 1.03e-05
 166 | 1.06e-05
 167 | 1.10e-05
 168 | 1.14e-05
 169 | 1.18e-05
 170 | 1.22e-05
 171 | 1.23e-05
 172 | 1.24e-05
 173 | 1.25e-05
 174 | 1.27e-05
 175 | 1.33e-05
 176 | 1.41e-05
 177 | 1.49e-05
 178 | 1.59e-05
 179 | 1.69e-05
 180 | 1.79e-05
 181 | 1.88e-05
 182 | 1.98e-05
 183 | 2.05e-05
 184 | 2.10e-05
 185 | 2.13e-05
 186 | 2.14e-05
 187 | 2.13e-05
 188 | 2.10e-05
 189 | 2.03e-05
 190 | 1.94e-05
 191 | 1.81e-05
 192 | 1.69e-05
 193 | 1.58e-05
 194 | 1.48e-05
 195 | 1.38e-05
 196 | 1.30e-05
 197 | 1.21e-05
 198 | 1.13e-05
 199 | 1.04e-05
 200 | 9.62e-06
 201 | 8.78e-06
 202 | 7.96e-06
 203 | 7.17e-06
 204 | 6.52e-06
 205 | 5.94e-06
 206 | 5.43e-06
 207 | 4.87e-06
 208 | 4.36e-06
 209 | 3.92e-06
 210 | 3.50e-06
 211 | 3.15e-06
 212 | 2.87e-06
 213 | 2.66e-06
 214 | 2.49e-06
 215 | 2.23e-06
 216 | 2.09e-06
 217 | 1.96e-06
 218 | 1.87e-06
 219 | 1.78e-06
 220 | 1.69e-06
 221 | 1.63e-06
 222 | 1.59e-06
 223 | 1.57e-06
 224 | 1.55e-06
 225 | 1.56e-06
 226 | 1.59e-06
 227 | 1.61e-06
 228 | 1.66e-06
 229 | 1.71e-06
 230 | 1.77e-06
 231 | 1.58e-06
 232 | 1.63e-06
 233 | 1.68e-06
 234 | 1.73e-06
 235 | 1.77e-06
 236 | 1.79e-06
 237 | 1.79e-06
 238 | 1.79e-06
 239 | 1.77e-06
 240 | 1.76e-06
 241 | 1.75e-06
 242 | 1.73e-06
 243 | 1.71e-06
 244 | 1.70e-06
 245 | 1.71e-06
 246 | 1.71e-06
 247 | 1.70e-06
 248 | 1.71e-06
 249 | 1.73e-06
 250 | 1.74e-06
 251 | 1.76e-06
 252 | 1.77e-06
 253 | 1.77e-06
 254 | 1.76e-06
 255 | 1.75e-06
 256 | 1.75e-06
 257 | 1.74e-06
 258 | 1.73e-06
 259 | 1.72e-06
 260 | 1.70e-06
 261 | 1.67e-06
 262 | 1.66e-06
 263 | 1.64e-06
 264 | 1.64e-06
 265 | 1.63e-06
 266 | 1.63e-06
 267 | 1.61e-06
 268 | 1.56e-06
 269 | 1.52e-06
 270 | 1.49e-06
 271 | 1.45e-06
 272 | 1.43e-06
 273 | 1.39e-06
 274 | 1.35e-06
 275 | 1.32e-06
 276 | 1.28e-06
 277 | 1.26e-06
 278 | 1.24e-06
 279 | 1.21e-06
 280 | 1.18e-06
 281 | 1.11e-06
 282 | 1.04e-06
 283 | 9.82e-07
 284 | 9.27e-07
 285 | 8.78e-07
 286 | 8.31e-07
 287 | 7.89e-07
 288 | 7.52e-07
 289 | 7.17e-07
 290 | 6.85e-07
 291 | 6.56e-07
 292 | 6.29e-07
 293 | 6.03e-07
 294 | 5.73e-07
 295 | 5.45e-07
 296 | 5.20e-07
 297 | 4.97e-07
 298 | 4.75e-07
 299 | 4.55e-07
 300 | 4.37e-07
 301 | 4.21e-07
 302 | 4.05e-07
 303 | 3.93e-07
 304 | 3.81e-07
 305 | 3.70e-07
 306 | 3.59e-07
 307 | 3.50e-07
 308 | 3.46e-07
 309 | 3.35e-07
 310 | 3.25e-07
 311 | 3.16e-07
 312 | 3.09e-07
 313 | 3.02e-07
 314 | 2.93e-07
 315 | 2.87e-07
 316 | 2.82e-07
 317 | 2.78e-07
 318 | 2.75e-07
 319 | 2.73e-07
 320 | 2.71e-07
 321 | 2.73e-07
 322 | 2.77e-07
 323 | 2.78e-07
 324 | 2.80e-07
 325 | 2.83e-07
 326 | 2.86e-07
 327 | 2.90e-07
 328 | 2.96e-07
 329 | 3.02e-07
 330 | 3.10e-07
 331 | 3.17e-07
 332 | 3.25e-07
 333 | 3.34e-07
 334 | 3.39e-07
 335 | 3.42e-07
 336 | 3.49e-07
 337 | 3.57e-07
 338 | 3.67e-07
 339 | 3.78e-07
 340 | 3.89e-07
 341 | 4.00e-07
 342 | 4.11e-07
 343 | 4.23e-07
 344 | 4.40e-07
 345 | 4.52e-07
 346 | 4.62e-07
 347 | 4.71e-07
 348 | 4.78e-07
 349 | 4.84e-07
 350 | 4.85e-07
 351 | 4.82e-07
 352 | 4.71e-07
 353 | 4.53e-07
 354 | 4.43e-07
 355 | 4.27e-07
 356 | 4.08e-07
 357 | 3.90e-07
 358 | 3.71e-07
 359 | 3.49e-07
 360 | 3.28e-07
 361 | 3.07e-07
 362 | 2.88e-07
 363 | 2.69e-07
 364 | 2.52e-07
 365 | 2.35e-07
 366 | 2.21e-07
 367 | 1.90e-07
 368 | 1.66e-07
 369 | 1.56e-07
 370 | 1.47e-07
 371 | 1.39e-07
 372 | 1.32e-07
 373 | 1.26e-07
 374 | 1.20e-07
 375 | 1.15e-07
 376 | 1.12e-07
 377 | 1.09e-07
 378 | 1.08e-07
 379 | 1.07e-07
 380 | 1.07e-07
 381 | 1.08e-07
 382 | 1.07e-07
 383 | 1.08e-07
 384 | 1.10e-07
 385 | 1.12e-07
 386 | 1.15e-07
 387 | 1.17e-07
 388 | 1.21e-07
 389 | 1.02e-07
 390 | 9.85e-08
[2025-11-20 16:18:29] Run completed in 24.77 minutes
[2025-11-20 16:18:32] Saved NMF result to: /zata/zippy/kresgeb/nmf_stuff/dlPFC/data/batched_nmf/nmf_k50_seed31415_tol1e-07_L10.7.rds
[2025-11-20 16:18:32] Appended run metadata to summary.tsv
[2025-11-20 16:18:32] --------------------------------------------
[2025-11-20 16:18:32] Starting run 726 / 750: k=60, seed=31415, tol=1e-07, L1=0.7
[2025-11-20 16:18:32] --------------------------------------------

iter |      tol 
---------------
   1 | 9.65e-01
   2 | 1.11e-01
   3 | 4.19e-02
   4 | 2.24e-02
   5 | 1.36e-02
   6 | 8.74e-03
   7 | 6.51e-03
   8 | 5.20e-03
   9 | 4.30e-03
  10 | 3.61e-03
  11 | 2.94e-03
  12 | 2.33e-03
  13 | 1.89e-03
  14 | 1.66e-03
  15 | 1.57e-03
  16 | 1.54e-03
  17 | 1.52e-03
  18 | 1.60e-03
  19 | 1.63e-03
  20 | 1.65e-03
  21 | 1.72e-03
  22 | 1.88e-03
  23 | 2.02e-03
  24 | 2.10e-03
  25 | 2.05e-03
  26 | 1.48e-03
  27 | 9.69e-04
  28 | 8.76e-04
  29 | 7.75e-04
  30 | 7.15e-04
  31 | 6.30e-04
  32 | 5.83e-04
  33 | 5.15e-04
  34 | 4.41e-04
  35 | 3.79e-04
  36 | 3.60e-04
  37 | 3.46e-04
  38 | 3.31e-04
  39 | 3.35e-04
  40 | 3.41e-04
  41 | 3.36e-04
  42 | 3.51e-04
  43 | 3.69e-04
  44 | 3.70e-04
  45 | 3.74e-04
  46 | 2.92e-04
  47 | 2.31e-04
  48 | 1.80e-04
  49 | 1.55e-04
  50 | 1.45e-04
  51 | 1.30e-04
  52 | 1.03e-04
  53 | 9.28e-05
  54 | 9.13e-05
  55 | 8.89e-05
  56 | 8.62e-05
  57 | 7.88e-05
  58 | 7.83e-05
  59 | 7.95e-05
  60 | 8.14e-05
  61 | 7.93e-05
  62 | 8.13e-05
  63 | 8.59e-05
  64 | 8.92e-05
  65 | 8.85e-05
  66 | 9.06e-05
  67 | 8.95e-05
  68 | 8.10e-05
  69 | 7.61e-05
  70 | 6.40e-05
  71 | 5.50e-05
  72 | 4.65e-05
  73 | 4.06e-05
  74 | 3.50e-05
  75 | 3.18e-05
  76 | 2.88e-05
  77 | 2.64e-05
  78 | 2.45e-05
  79 | 2.28e-05
  80 | 2.11e-05
  81 | 1.89e-05
  82 | 1.67e-05
  83 | 1.49e-05
  84 | 1.33e-05
  85 | 1.19e-05
  86 | 1.03e-05
  87 | 9.29e-06
  88 | 8.48e-06
  89 | 7.70e-06
  90 | 6.83e-06
  91 | 6.15e-06
  92 | 5.58e-06
  93 | 4.97e-06
  94 | 4.40e-06
  95 | 3.75e-06
  96 | 3.29e-06
  97 | 2.97e-06
  98 | 2.75e-06
  99 | 2.42e-06
 100 | 2.15e-06
 101 | 1.99e-06
 102 | 2.04e-06
 103 | 2.13e-06
 104 | 2.29e-06
 105 | 2.49e-06
 106 | 2.75e-06
 107 | 3.04e-06
 108 | 3.37e-06
 109 | 3.80e-06
 110 | 4.32e-06
 111 | 4.93e-06
 112 | 5.61e-06
 113 | 6.37e-06
 114 | 7.28e-06
 115 | 8.31e-06
 116 | 9.35e-06
 117 | 1.04e-05
 118 | 1.13e-05
 119 | 1.21e-05
 120 | 1.26e-05
 121 | 1.27e-05
 122 | 1.28e-05
 123 | 1.28e-05
 124 | 1.25e-05
 125 | 1.19e-05
 126 | 1.11e-05
 127 | 1.01e-05
 128 | 8.85e-06
 129 | 7.61e-06
 130 | 6.29e-06
 131 | 5.38e-06
 132 | 4.74e-06
 133 | 4.20e-06
 134 | 3.77e-06
 135 | 3.42e-06
 136 | 3.12e-06
 137 | 2.92e-06
 138 | 2.79e-06
 139 | 2.71e-06
 140 | 2.71e-06
 141 | 2.74e-06
 142 | 2.81e-06
 143 | 2.93e-06
 144 | 3.12e-06
 145 | 3.40e-06
 146 | 3.76e-06
 147 | 4.15e-06
 148 | 4.54e-06
 149 | 4.88e-06
 150 | 5.13e-06
 151 | 5.25e-06
 152 | 5.31e-06
 153 | 5.16e-06
 154 | 4.66e-06
 155 | 4.41e-06
 156 | 4.24e-06
 157 | 4.08e-06
 158 | 3.94e-06
 159 | 3.63e-06
 160 | 3.21e-06
 161 | 2.86e-06
 162 | 2.51e-06
 163 | 2.17e-06
 164 | 1.81e-06
 165 | 1.50e-06
 166 | 1.23e-06
 167 | 1.02e-06
 168 | 8.39e-07
 169 | 6.96e-07
 170 | 5.84e-07
 171 | 4.93e-07
 172 | 4.21e-07
 173 | 3.63e-07
 174 | 3.15e-07
 175 | 2.77e-07
 176 | 2.45e-07
 177 | 2.18e-07
 178 | 1.94e-07
 179 | 1.73e-07
 180 | 1.56e-07
 181 | 1.41e-07
 182 | 1.28e-07
 183 | 1.15e-07
 184 | 1.05e-07
 185 | 9.11e-08
[2025-11-20 16:34:21] Run completed in 15.82 minutes
[2025-11-20 16:34:24] Saved NMF result to: /zata/zippy/kresgeb/nmf_stuff/dlPFC/data/batched_nmf/nmf_k60_seed31415_tol1e-07_L10.7.rds
[2025-11-20 16:34:24] Appended run metadata to summary.tsv
[2025-11-20 16:34:24] --------------------------------------------
[2025-11-20 16:34:24] Starting run 727 / 750: k=70, seed=31415, tol=1e-07, L1=0.7
[2025-11-20 16:34:24] --------------------------------------------

iter |      tol 
---------------
   1 | 9.65e-01
   2 | 1.11e-01
   3 | 4.39e-02
   4 | 2.03e-02
   5 | 1.36e-02
   6 | 1.00e-02
   7 | 7.72e-03
   8 | 6.02e-03
   9 | 5.14e-03
  10 | 4.63e-03
  11 | 4.35e-03
  12 | 3.96e-03
  13 | 3.79e-03
  14 | 3.77e-03
  15 | 3.58e-03
  16 | 3.47e-03
  17 | 3.07e-03
  18 | 2.72e-03
  19 | 2.22e-03
  20 | 1.68e-03
  21 | 1.40e-03
  22 | 1.33e-03
  23 | 1.24e-03
  24 | 1.18e-03
  25 | 1.11e-03
  26 | 1.02e-03
  27 | 9.38e-04
  28 | 8.42e-04
  29 | 7.47e-04
  30 | 5.34e-04
  31 | 3.67e-04
  32 | 2.39e-04
  33 | 2.00e-04
  34 | 1.63e-04
  35 | 1.42e-04
  36 | 1.29e-04
  37 | 1.28e-04
  38 | 1.29e-04
  39 | 1.23e-04
  40 | 1.17e-04
  41 | 1.17e-04
  42 | 1.18e-04
  43 | 1.05e-04
  44 | 1.03e-04
  45 | 1.04e-04
  46 | 1.05e-04
  47 | 1.04e-04
  48 | 1.02e-04
  49 | 9.55e-05
  50 | 8.83e-05
  51 | 8.30e-05
  52 | 7.71e-05
  53 | 6.58e-05
  54 | 5.44e-05
  55 | 4.54e-05
  56 | 3.72e-05
  57 | 3.22e-05
  58 | 2.74e-05
  59 | 2.47e-05
  60 | 2.15e-05
  61 | 1.91e-05
  62 | 1.77e-05
  63 | 1.66e-05
  64 | 1.59e-05
  65 | 1.56e-05
  66 | 1.52e-05
  67 | 1.49e-05
  68 | 1.51e-05
  69 | 1.55e-05
  70 | 1.61e-05
  71 | 1.64e-05
  72 | 1.71e-05
  73 | 1.81e-05
  74 | 1.91e-05
  75 | 2.01e-05
  76 | 2.11e-05
  77 | 2.23e-05
  78 | 2.34e-05
  79 | 2.46e-05
  80 | 2.66e-05
  81 | 2.82e-05
  82 | 2.78e-05
  83 | 2.89e-05
  84 | 3.15e-05
  85 | 3.55e-05
  86 | 4.18e-05
  87 | 5.23e-05
  88 | 6.96e-05
  89 | 9.50e-05
  90 | 1.38e-04
  91 | 2.09e-04
  92 | 3.13e-04
  93 | 4.23e-04
  94 | 5.12e-04
  95 | 5.37e-04
  96 | 4.63e-04
  97 | 3.27e-04
  98 | 1.37e-04
  99 | 6.95e-05
 100 | 3.57e-05
 101 | 1.89e-05
 102 | 1.05e-05
 103 | 6.14e-06
 104 | 3.96e-06
 105 | 2.97e-06
 106 | 2.40e-06
 107 | 2.11e-06
 108 | 1.95e-06
 109 | 1.73e-06
 110 | 1.64e-06
 111 | 1.60e-06
 112 | 1.57e-06
 113 | 1.57e-06
 114 | 1.59e-06
 115 | 1.63e-06
 116 | 1.68e-06
 117 | 1.77e-06
 118 | 1.82e-06
 119 | 1.96e-06
 120 | 2.13e-06
 121 | 2.40e-06
 122 | 2.78e-06
 123 | 3.19e-06
 124 | 3.60e-06
 125 | 3.98e-06
 126 | 4.36e-06
 127 | 4.53e-06
 128 | 4.06e-06
 129 | 3.25e-06
 130 | 2.45e-06
 131 | 1.88e-06
 132 | 1.50e-06
 133 | 1.26e-06
 134 | 1.09e-06
 135 | 9.67e-07
 136 | 8.83e-07
 137 | 8.10e-07
 138 | 7.53e-07
 139 | 7.14e-07
 140 | 6.82e-07
 141 | 6.55e-07
 142 | 6.39e-07
 143 | 6.29e-07
 144 | 6.26e-07
 145 | 6.00e-07
 146 | 5.86e-07
 147 | 5.96e-07
 148 | 6.26e-07
 149 | 6.77e-07
 150 | 7.54e-07
 151 | 8.74e-07
 152 | 1.03e-06
 153 | 1.25e-06
 154 | 1.56e-06
 155 | 1.95e-06
 156 | 2.35e-06
 157 | 2.69e-06
 158 | 2.74e-06
 159 | 2.84e-06
 160 | 3.04e-06
 161 | 2.47e-06
 162 | 1.72e-06
 163 | 1.38e-06
 164 | 1.19e-06
 165 | 1.07e-06
 166 | 1.00e-06
 167 | 9.53e-07
 168 | 9.16e-07
 169 | 8.92e-07
 170 | 8.74e-07
 171 | 8.69e-07
 172 | 8.58e-07
 173 | 8.63e-07
 174 | 8.80e-07
 175 | 9.04e-07
 176 | 9.39e-07
 177 | 9.80e-07
 178 | 1.03e-06
 179 | 1.06e-06
 180 | 1.14e-06
 181 | 1.23e-06
 182 | 1.32e-06
 183 | 1.44e-06
 184 | 1.59e-06
 185 | 1.77e-06
 186 | 2.00e-06
 187 | 2.19e-06
 188 | 2.50e-06
 189 | 2.90e-06
 190 | 3.38e-06
 191 | 3.97e-06
 192 | 3.90e-06
 193 | 4.43e-06
 194 | 5.26e-06
 195 | 6.30e-06
 196 | 7.46e-06
 197 | 8.55e-06
 198 | 9.89e-06
 199 | 8.20e-06
 200 | 8.31e-06
 201 | 7.64e-06
 202 | 7.82e-06
 203 | 8.33e-06
 204 | 7.27e-06
 205 | 6.69e-06
 206 | 6.30e-06
 207 | 6.38e-06
 208 | 6.21e-06
 209 | 5.53e-06
 210 | 5.31e-06
 211 | 5.12e-06
 212 | 4.57e-06
 213 | 4.49e-06
 214 | 4.31e-06
 215 | 4.22e-06
 216 | 3.46e-06
 217 | 3.38e-06
 218 | 3.20e-06
 219 | 3.08e-06
 220 | 3.03e-06
 221 | 2.98e-06
 222 | 2.93e-06
 223 | 2.87e-06
 224 | 2.84e-06
 225 | 2.81e-06
 226 | 2.80e-06
 227 | 2.82e-06
 228 | 2.84e-06
 229 | 2.86e-06
 230 | 2.85e-06
 231 | 2.85e-06
 232 | 2.79e-06
 233 | 1.81e-06
 234 | 1.81e-06
 235 | 1.82e-06
 236 | 1.83e-06
 237 | 1.86e-06
 238 | 1.91e-06
 239 | 1.97e-06
 240 | 2.03e-06
 241 | 2.11e-06
 242 | 2.19e-06
 243 | 2.29e-06
 244 | 2.24e-06
 245 | 2.30e-06
 246 | 2.40e-06
 247 | 1.79e-06
 248 | 1.58e-06
 249 | 1.08e-06
 250 | 8.84e-07
 251 | 8.55e-07
 252 | 8.31e-07
 253 | 8.13e-07
 254 | 8.05e-07
 255 | 7.62e-07
 256 | 7.34e-07
 257 | 7.34e-07
 258 | 7.35e-07
 259 | 7.35e-07
 260 | 7.32e-07
 261 | 7.32e-07
 262 | 7.29e-07
 263 | 7.26e-07
 264 | 7.25e-07
 265 | 7.25e-07
 266 | 7.29e-07
 267 | 7.32e-07
 268 | 7.35e-07
 269 | 7.37e-07
 270 | 7.39e-07
 271 | 7.37e-07
 272 | 7.40e-07
 273 | 7.43e-07
 274 | 7.46e-07
 275 | 7.46e-07
 276 | 7.38e-07
 277 | 7.38e-07
 278 | 7.39e-07
 279 | 7.41e-07
 280 | 7.42e-07
 281 | 7.43e-07
 282 | 7.44e-07
 283 | 7.44e-07
 284 | 7.45e-07
 285 | 7.46e-07
 286 | 1.81e-07
 287 | 1.46e-07
 288 | 1.27e-07
 289 | 1.13e-07
 290 | 1.03e-07
 291 | 9.62e-08
[2025-11-20 17:04:55] Run completed in 30.52 minutes
[2025-11-20 17:04:59] Saved NMF result to: /zata/zippy/kresgeb/nmf_stuff/dlPFC/data/batched_nmf/nmf_k70_seed31415_tol1e-07_L10.7.rds
[2025-11-20 17:04:59] Appended run metadata to summary.tsv
[2025-11-20 17:04:59] --------------------------------------------
[2025-11-20 17:04:59] Starting run 728 / 750: k=80, seed=31415, tol=1e-07, L1=0.7
[2025-11-20 17:04:59] --------------------------------------------

iter |      tol 
---------------
   1 | 9.63e-01
   2 | 1.10e-01
   3 | 3.90e-02
   4 | 1.88e-02
   5 | 1.17e-02
   6 | 8.56e-03
   7 | 6.86e-03
   8 | 5.58e-03
   9 | 4.79e-03
  10 | 4.16e-03
  11 | 3.66e-03
  12 | 3.43e-03
  13 | 3.35e-03
  14 | 3.58e-03
  15 | 4.06e-03
  16 | 4.53e-03
  17 | 3.69e-03
  18 | 2.45e-03
  19 | 1.78e-03
  20 | 1.18e-03
  21 | 9.60e-04
  22 | 9.93e-04
  23 | 9.56e-04
  24 | 9.41e-04
  25 | 9.29e-04
  26 | 8.13e-04
  27 | 7.25e-04
  28 | 6.85e-04
  29 | 6.02e-04
  30 | 4.84e-04
  31 | 4.99e-04
  32 | 4.81e-04
  33 | 5.57e-04
  34 | 6.57e-04
  35 | 6.44e-04
  36 | 5.96e-04
  37 | 5.39e-04
  38 | 4.54e-04
  39 | 4.08e-04
  40 | 4.21e-04
  41 | 3.94e-04
  42 | 3.47e-04
  43 | 2.99e-04
  44 | 3.03e-04
  45 | 3.20e-04
  46 | 3.38e-04
  47 | 3.62e-04
  48 | 3.83e-04
  49 | 3.84e-04
  50 | 3.75e-04
  51 | 3.10e-04
  52 | 2.36e-04
  53 | 1.79e-04
  54 | 1.12e-04
  55 | 7.26e-05
  56 | 5.80e-05
  57 | 5.04e-05
  58 | 5.31e-05
  59 | 6.16e-05
  60 | 7.92e-05
  61 | 1.10e-04
  62 | 1.60e-04
  63 | 2.31e-04
  64 | 2.94e-04
  65 | 2.75e-04
  66 | 2.10e-04
  67 | 1.35e-04
  68 | 8.13e-05
  69 | 4.42e-05
  70 | 2.79e-05
  71 | 1.86e-05
  72 | 1.42e-05
  73 | 1.23e-05
  74 | 1.09e-05
  75 | 9.73e-06
  76 | 9.81e-06
  77 | 1.01e-05
  78 | 9.44e-06
  79 | 8.41e-06
  80 | 8.58e-06
  81 | 7.88e-06
  82 | 8.07e-06
  83 | 8.32e-06
  84 | 8.55e-06
  85 | 8.76e-06
  86 | 8.65e-06
  87 | 8.97e-06
  88 | 8.98e-06
  89 | 9.23e-06
  90 | 9.64e-06
  91 | 1.01e-05
  92 | 1.07e-05
  93 | 1.16e-05
  94 | 1.23e-05
  95 | 1.27e-05
  96 | 1.32e-05
  97 | 1.32e-05
  98 | 1.20e-05
  99 | 1.10e-05
 100 | 9.94e-06
 101 | 9.82e-06
 102 | 9.00e-06
 103 | 8.55e-06
 104 | 8.34e-06
 105 | 7.93e-06
 106 | 7.11e-06
 107 | 7.06e-06
 108 | 6.87e-06
 109 | 6.23e-06
 110 | 6.11e-06
 111 | 6.09e-06
 112 | 6.16e-06
 113 | 6.29e-06
 114 | 6.43e-06
 115 | 6.58e-06
 116 | 6.80e-06
 117 | 7.31e-06
 118 | 7.95e-06
 119 | 7.61e-06
 120 | 8.17e-06
 121 | 9.08e-06
 122 | 1.02e-05
 123 | 1.14e-05
 124 | 1.29e-05
 125 | 1.44e-05
 126 | 1.46e-05
 127 | 1.54e-05
 128 | 1.64e-05
 129 | 1.69e-05
 130 | 1.71e-05
 131 | 1.75e-05
 132 | 1.02e-05
 133 | 9.59e-06
 134 | 9.59e-06
 135 | 9.70e-06
 136 | 9.79e-06
 137 | 1.01e-05
 138 | 1.06e-05
 139 | 1.13e-05
 140 | 1.23e-05
 141 | 1.37e-05
 142 | 1.58e-05
 143 | 1.71e-05
 144 | 1.94e-05
 145 | 2.18e-05
 146 | 2.19e-05
 147 | 2.41e-05
 148 | 2.59e-05
 149 | 2.87e-05
 150 | 2.97e-05
 151 | 2.69e-05
 152 | 2.09e-05
 153 | 1.88e-05
 154 | 1.50e-05
 155 | 1.45e-05
 156 | 1.40e-05
 157 | 1.37e-05
 158 | 1.33e-05
 159 | 1.27e-05
 160 | 1.25e-05
 161 | 1.24e-05
 162 | 9.89e-06
 163 | 9.51e-06
 164 | 7.89e-06
 165 | 7.76e-06
 166 | 7.93e-06
 167 | 8.33e-06
 168 | 8.17e-06
 169 | 8.49e-06
 170 | 9.22e-06
 171 | 9.88e-06
 172 | 1.02e-05
 173 | 1.07e-05
 174 | 1.15e-05
 175 | 1.23e-05
 176 | 1.34e-05
 177 | 1.50e-05
 178 | 1.67e-05
 179 | 1.88e-05
 180 | 2.12e-05
 181 | 2.32e-05
 182 | 2.34e-05
 183 | 2.24e-05
 184 | 2.26e-05
 185 | 2.21e-05
 186 | 2.08e-05
 187 | 1.97e-05
 188 | 1.87e-05
 189 | 1.78e-05
 190 | 1.68e-05
 191 | 1.63e-05
 192 | 1.54e-05
 193 | 1.51e-05
 194 | 1.48e-05
 195 | 1.43e-05
 196 | 1.39e-05
 197 | 1.30e-05
 198 | 1.22e-05
 199 | 1.07e-05
 200 | 9.31e-06
 201 | 8.05e-06
 202 | 6.76e-06
 203 | 5.68e-06
 204 | 4.83e-06
 205 | 4.13e-06
 206 | 3.61e-06
 207 | 3.17e-06
 208 | 2.85e-06
 209 | 2.60e-06
 210 | 2.34e-06
 211 | 2.17e-06
 212 | 2.04e-06
 213 | 1.82e-06
 214 | 1.65e-06
 215 | 1.52e-06
 216 | 1.42e-06
 217 | 1.35e-06
 218 | 1.31e-06
 219 | 1.29e-06
 220 | 1.26e-06
 221 | 1.23e-06
 222 | 1.21e-06
 223 | 1.23e-06
 224 | 1.24e-06
 225 | 9.88e-07
 226 | 5.43e-07
 227 | 5.09e-07
 228 | 4.74e-07
 229 | 4.41e-07
 230 | 4.11e-07
 231 | 3.83e-07
 232 | 3.66e-07
 233 | 3.55e-07
 234 | 3.43e-07
 235 | 3.33e-07
 236 | 3.24e-07
 237 | 3.10e-07
 238 | 2.96e-07
 239 | 2.68e-07
 240 | 2.51e-07
 241 | 2.38e-07
 242 | 2.20e-07
 243 | 2.12e-07
 244 | 2.04e-07
 245 | 1.98e-07
 246 | 1.93e-07
 247 | 1.88e-07
 248 | 1.83e-07
 249 | 1.78e-07
 250 | 1.74e-07
 251 | 1.69e-07
 252 | 1.65e-07
 253 | 1.59e-07
 254 | 1.52e-07
 255 | 1.45e-07
 256 | 1.39e-07
 257 | 1.34e-07
 258 | 1.29e-07
 259 | 1.23e-07
 260 | 1.18e-07
 261 | 1.13e-07
 262 | 1.08e-07
 263 | 1.03e-07
 264 | 9.90e-08
[2025-11-20 17:37:12] Run completed in 32.21 minutes
[2025-11-20 17:37:16] Saved NMF result to: /zata/zippy/kresgeb/nmf_stuff/dlPFC/data/batched_nmf/nmf_k80_seed31415_tol1e-07_L10.7.rds
[2025-11-20 17:37:16] Appended run metadata to summary.tsv
[2025-11-20 17:37:16] --------------------------------------------
[2025-11-20 17:37:16] Starting run 729 / 750: k=90, seed=31415, tol=1e-07, L1=0.7
[2025-11-20 17:37:16] --------------------------------------------

iter |      tol 
---------------
   1 | 9.65e-01
   2 | 9.21e-02
   3 | 3.76e-02
   4 | 2.23e-02
   5 | 1.48e-02
   6 | 1.15e-02
   7 | 1.02e-02
   8 | 1.02e-02
   9 | 8.90e-03
  10 | 7.47e-03
  11 | 7.06e-03
  12 | 6.05e-03
  13 | 4.51e-03
  14 | 3.22e-03
  15 | 2.27e-03
  16 | 2.08e-03
  17 | 2.18e-03
  18 | 2.21e-03
  19 | 2.05e-03
  20 | 1.87e-03
  21 | 1.94e-03
  22 | 1.94e-03
  23 | 1.54e-03
  24 | 1.13e-03
  25 | 9.64e-04
  26 | 7.68e-04
  27 | 6.58e-04
  28 | 6.63e-04
  29 | 6.89e-04
  30 | 7.65e-04
  31 | 8.08e-04
  32 | 7.47e-04
  33 | 6.72e-04
  34 | 5.59e-04
  35 | 4.58e-04
  36 | 4.01e-04
  37 | 3.97e-04
  38 | 3.94e-04
  39 | 3.51e-04
  40 | 2.86e-04
  41 | 2.38e-04
  42 | 1.52e-04
  43 | 1.08e-04
  44 | 8.40e-05
  45 | 6.23e-05
  46 | 5.37e-05
  47 | 4.89e-05
  48 | 4.48e-05
  49 | 4.40e-05
  50 | 4.48e-05
  51 | 4.73e-05
  52 | 4.99e-05
  53 | 5.43e-05
  54 | 5.84e-05
  55 | 6.22e-05
  56 | 6.65e-05
  57 | 7.06e-05
  58 | 7.45e-05
  59 | 7.80e-05
  60 | 7.95e-05
  61 | 7.97e-05
  62 | 7.81e-05
  63 | 7.48e-05
  64 | 6.86e-05
  65 | 6.07e-05
  66 | 5.39e-05
  67 | 4.64e-05
  68 | 4.51e-05
  69 | 4.54e-05
  70 | 4.78e-05
  71 | 5.00e-05
  72 | 5.31e-05
  73 | 5.72e-05
  74 | 6.35e-05
  75 | 7.27e-05
  76 | 8.42e-05
  77 | 8.49e-05
  78 | 8.93e-05
  79 | 8.82e-05
  80 | 8.01e-05
  81 | 7.56e-05
  82 | 6.84e-05
  83 | 4.77e-05
  84 | 4.33e-05
  85 | 3.34e-05
  86 | 3.00e-05
  87 | 2.77e-05
  88 | 2.63e-05
  89 | 2.49e-05
  90 | 2.40e-05
  91 | 2.47e-05
  92 | 2.59e-05
  93 | 2.77e-05
  94 | 2.97e-05
  95 | 3.17e-05
  96 | 3.48e-05
  97 | 3.81e-05
  98 | 4.06e-05
  99 | 4.33e-05
 100 | 4.61e-05
 101 | 4.77e-05
 102 | 4.91e-05
 103 | 5.05e-05
 104 | 5.34e-05
 105 | 5.59e-05
 106 | 5.69e-05
 107 | 6.38e-05
 108 | 6.84e-05
 109 | 6.94e-05
 110 | 6.43e-05
 111 | 5.53e-05
 112 | 4.50e-05
 113 | 3.52e-05
 114 | 2.77e-05
 115 | 1.86e-05
 116 | 1.51e-05
 117 | 1.31e-05
 118 | 1.08e-05
 119 | 8.84e-06
 120 | 8.18e-06
 121 | 7.79e-06
 122 | 7.14e-06
 123 | 6.33e-06
 124 | 5.73e-06
 125 | 6.04e-06
 126 | 6.55e-06
 127 | 7.24e-06
 128 | 8.16e-06
 129 | 9.47e-06
 130 | 1.12e-05
 131 | 1.37e-05
 132 | 1.73e-05
 133 | 2.26e-05
 134 | 2.95e-05
 135 | 3.63e-05
 136 | 4.59e-05
 137 | 5.98e-05
 138 | 7.64e-05
 139 | 8.86e-05
 140 | 8.85e-05
 141 | 7.66e-05
 142 | 5.75e-05
 143 | 3.83e-05
 144 | 2.52e-05
 145 | 1.64e-05
 146 | 1.05e-05
 147 | 6.96e-06
 148 | 4.74e-06
 149 | 3.21e-06
 150 | 1.64e-06
 151 | 1.25e-06
 152 | 1.04e-06
 153 | 8.99e-07
 154 | 8.08e-07
 155 | 7.35e-07
 156 | 6.86e-07
 157 | 6.76e-07
 158 | 6.77e-07
 159 | 6.85e-07
 160 | 7.02e-07
 161 | 7.30e-07
 162 | 6.89e-07
 163 | 6.15e-07
 164 | 6.16e-07
 165 | 6.30e-07
 166 | 6.49e-07
 167 | 6.77e-07
 168 | 7.15e-07
 169 | 7.64e-07
 170 | 8.12e-07
 171 | 8.39e-07
 172 | 8.79e-07
 173 | 9.35e-07
 174 | 1.01e-06
 175 | 1.08e-06
 176 | 1.17e-06
 177 | 1.27e-06
 178 | 1.32e-06
 179 | 1.22e-06
 180 | 1.19e-06
 181 | 1.24e-06
 182 | 1.32e-06
 183 | 1.42e-06
 184 | 1.56e-06
 185 | 1.73e-06
 186 | 1.94e-06
 187 | 2.19e-06
 188 | 2.51e-06
 189 | 2.86e-06
 190 | 3.29e-06
 191 | 3.76e-06
 192 | 3.22e-06
 193 | 3.05e-06
 194 | 2.96e-06
 195 | 2.84e-06
 196 | 2.72e-06
 197 | 2.58e-06
 198 | 2.52e-06
 199 | 2.54e-06
 200 | 2.58e-06
 201 | 2.52e-06
 202 | 2.43e-06
 203 | 2.43e-06
 204 | 2.44e-06
 205 | 2.47e-06
 206 | 2.52e-06
 207 | 2.59e-06
 208 | 2.59e-06
 209 | 2.58e-06
 210 | 2.61e-06
 211 | 2.44e-06
 212 | 2.51e-06
 213 | 2.59e-06
 214 | 2.71e-06
 215 | 2.85e-06
 216 | 3.11e-06
 217 | 3.50e-06
 218 | 3.94e-06
 219 | 4.45e-06
 220 | 5.18e-06
 221 | 6.06e-06
 222 | 7.24e-06
 223 | 8.96e-06
 224 | 1.12e-05
 225 | 1.42e-05
 226 | 1.78e-05
 227 | 2.25e-05
 228 | 2.88e-05
 229 | 3.43e-05
 230 | 3.98e-05
 231 | 4.68e-05
 232 | 5.25e-05
 233 | 5.40e-05
 234 | 3.24e-05
 235 | 2.67e-05
 236 | 2.16e-05
 237 | 1.73e-05
 238 | 1.39e-05
 239 | 1.10e-05
 240 | 8.36e-06
 241 | 5.94e-06
 242 | 4.16e-06
 243 | 3.25e-06
 244 | 2.50e-06
 245 | 1.95e-06
 246 | 1.55e-06
 247 | 1.23e-06
 248 | 9.83e-07
 249 | 7.16e-07
 250 | 5.25e-07
 251 | 4.35e-07
 252 | 3.74e-07
 253 | 3.26e-07
 254 | 2.87e-07
 255 | 2.57e-07
 256 | 2.33e-07
 257 | 2.13e-07
 258 | 1.98e-07
 259 | 1.85e-07
 260 | 1.75e-07
 261 | 1.67e-07
 262 | 1.59e-07
 263 | 1.55e-07
 264 | 1.61e-07
 265 | 1.58e-07
 266 | 1.55e-07
 267 | 1.53e-07
 268 | 1.47e-07
 269 | 1.41e-07
 270 | 1.35e-07
 271 | 1.31e-07
 272 | 1.27e-07
 273 | 1.23e-07
 274 | 1.19e-07
 275 | 1.17e-07
 276 | 1.14e-07
 277 | 1.10e-07
 278 | 1.08e-07
 279 | 1.06e-07
 280 | 1.05e-07
 281 | 1.03e-07
 282 | 1.01e-07
 283 | 1.00e-07
 284 | 1.00e-07
 285 | 1.00e-07
 286 | 1.01e-07
 287 | 1.02e-07
 288 | 1.03e-07
 289 | 1.02e-07
 290 | 1.02e-07
 291 | 1.02e-07
 292 | 1.04e-07
 293 | 1.06e-07
 294 | 1.08e-07
 295 | 1.09e-07
 296 | 1.11e-07
 297 | 1.13e-07
 298 | 1.15e-07
 299 | 1.18e-07
 300 | 1.21e-07
 301 | 1.24e-07
 302 | 1.28e-07
 303 | 1.32e-07
 304 | 1.36e-07
 305 | 1.40e-07
 306 | 1.44e-07
 307 | 1.49e-07
 308 | 1.53e-07
 309 | 1.58e-07
 310 | 1.63e-07
 311 | 1.69e-07
 312 | 1.75e-07
 313 | 1.81e-07
 314 | 1.88e-07
 315 | 1.95e-07
 316 | 2.03e-07
 317 | 2.11e-07
 318 | 2.19e-07
 319 | 2.28e-07
 320 | 2.33e-07
 321 | 2.41e-07
 322 | 2.51e-07
 323 | 2.63e-07
 324 | 2.75e-07
 325 | 2.80e-07
 326 | 2.84e-07
 327 | 2.91e-07
 328 | 2.99e-07
 329 | 3.08e-07
 330 | 3.18e-07
 331 | 3.28e-07
 332 | 3.14e-07
 333 | 2.94e-07
 334 | 2.80e-07
 335 | 2.72e-07
 336 | 2.66e-07
 337 | 2.60e-07
 338 | 2.55e-07
 339 | 2.50e-07
 340 | 2.44e-07
 341 | 2.43e-07
 342 | 2.41e-07
 343 | 2.40e-07
 344 | 2.38e-07
 345 | 2.25e-07
 346 | 2.15e-07
 347 | 2.11e-07
 348 | 2.06e-07
 349 | 2.01e-07
 350 | 1.96e-07
 351 | 1.92e-07
 352 | 1.88e-07
 353 | 1.84e-07
 354 | 1.80e-07
 355 | 1.71e-07
 356 | 1.63e-07
 357 | 1.59e-07
 358 | 1.55e-07
 359 | 1.53e-07
 360 | 1.51e-07
 361 | 1.50e-07
 362 | 1.42e-07
 363 | 1.37e-07
 364 | 1.36e-07
 365 | 1.36e-07
 366 | 1.34e-07
 367 | 1.33e-07
 368 | 1.33e-07
 369 | 1.33e-07
 370 | 1.33e-07
 371 | 1.33e-07
 372 | 1.33e-07
 373 | 1.34e-07
 374 | 1.34e-07
 375 | 1.34e-07
 376 | 1.33e-07
 377 | 1.33e-07
 378 | 1.33e-07
 379 | 1.34e-07
 380 | 1.35e-07
 381 | 1.36e-07
 382 | 1.37e-07
 383 | 1.38e-07
 384 | 1.39e-07
 385 | 1.40e-07
 386 | 1.42e-07
 387 | 1.43e-07
 388 | 1.44e-07
 389 | 1.45e-07
 390 | 1.47e-07
 391 | 1.48e-07
 392 | 1.46e-07
 393 | 1.44e-07
 394 | 1.43e-07
 395 | 1.43e-07
 396 | 1.43e-07
 397 | 1.42e-07
 398 | 1.42e-07
 399 | 1.43e-07
 400 | 1.43e-07
 401 | 1.44e-07
 402 | 1.44e-07
 403 | 1.45e-07
 404 | 1.46e-07
 405 | 1.47e-07
 406 | 1.47e-07
 407 | 1.48e-07
 408 | 1.49e-07
 409 | 1.50e-07
 410 | 1.52e-07
 411 | 1.53e-07
 412 | 1.54e-07
 413 | 1.56e-07
 414 | 1.58e-07
 415 | 1.60e-07
 416 | 1.62e-07
 417 | 1.64e-07
 418 | 1.67e-07
 419 | 1.70e-07
 420 | 1.73e-07
 421 | 1.78e-07
 422 | 1.83e-07
 423 | 1.88e-07
 424 | 1.93e-07
 425 | 1.99e-07
 426 | 2.05e-07
 427 | 2.04e-07
 428 | 1.86e-07
 429 | 1.88e-07
 430 | 1.90e-07
 431 | 1.86e-07
 432 | 1.85e-07
 433 | 1.86e-07
 434 | 1.86e-07
 435 | 1.87e-07
 436 | 1.87e-07
 437 | 1.88e-07
 438 | 1.89e-07
 439 | 1.91e-07
 440 | 1.93e-07
 441 | 1.96e-07
 442 | 1.98e-07
 443 | 2.01e-07
 444 | 2.05e-07
 445 | 2.08e-07
 446 | 2.12e-07
 447 | 2.17e-07
 448 | 2.21e-07
 449 | 2.28e-07
 450 | 2.31e-07
 451 | 2.35e-07
 452 | 2.38e-07
 453 | 2.43e-07
 454 | 2.47e-07
 455 | 2.51e-07
 456 | 2.58e-07
 457 | 2.66e-07
 458 | 2.75e-07
 459 | 2.85e-07
 460 | 2.98e-07
 461 | 2.48e-07
 462 | 1.86e-07
 463 | 1.86e-07
 464 | 1.87e-07
 465 | 1.89e-07
 466 | 1.91e-07
 467 | 1.93e-07
 468 | 1.96e-07
 469 | 1.99e-07
 470 | 2.03e-07
 471 | 2.06e-07
 472 | 2.09e-07
 473 | 2.13e-07
 474 | 2.17e-07
 475 | 2.22e-07
 476 | 2.28e-07
 477 | 2.34e-07
 478 | 2.41e-07
 479 | 2.48e-07
 480 | 2.58e-07
 481 | 2.72e-07
 482 | 2.90e-07
 483 | 3.10e-07
 484 | 3.32e-07
 485 | 3.56e-07
 486 | 3.84e-07
 487 | 4.19e-07
 488 | 4.60e-07
 489 | 5.14e-07
 490 | 5.82e-07
 491 | 6.64e-07
 492 | 7.61e-07
 493 | 8.75e-07
 494 | 1.01e-06
 495 | 1.18e-06
 496 | 1.38e-06
 497 | 1.60e-06
 498 | 1.85e-06
 499 | 2.16e-06
 500 | 2.52e-06
 501 | 2.95e-06
 502 | 3.44e-06
 503 | 3.87e-06
 504 | 4.43e-06
 505 | 5.12e-06
 506 | 5.87e-06
 507 | 6.66e-06
 508 | 7.46e-06
 509 | 8.22e-06
 510 | 8.63e-06
 511 | 7.76e-06
 512 | 7.26e-06
 513 | 6.70e-06
 514 | 6.11e-06
 515 | 5.52e-06
 516 | 4.90e-06
 517 | 4.28e-06
 518 | 3.70e-06
 519 | 3.19e-06
 520 | 2.74e-06
 521 | 2.36e-06
 522 | 2.03e-06
 523 | 1.06e-06
 524 | 5.20e-07
 525 | 4.20e-07
 526 | 3.43e-07
 527 | 2.84e-07
 528 | 2.38e-07
 529 | 2.02e-07
 530 | 1.74e-07
 531 | 1.52e-07
 532 | 1.34e-07
 533 | 1.19e-07
 534 | 1.08e-07
 535 | 9.80e-08
[2025-11-20 18:54:32] Run completed in 77.26 minutes
[2025-11-20 18:54:37] Saved NMF result to: /zata/zippy/kresgeb/nmf_stuff/dlPFC/data/batched_nmf/nmf_k90_seed31415_tol1e-07_L10.7.rds
[2025-11-20 18:54:37] Appended run metadata to summary.tsv
[2025-11-20 18:54:37] --------------------------------------------
[2025-11-20 18:54:37] Starting run 730 / 750: k=100, seed=31415, tol=1e-07, L1=0.7
[2025-11-20 18:54:37] --------------------------------------------

iter |      tol 
---------------
   1 | 9.63e-01
   2 | 9.57e-02
   3 | 3.43e-02
   4 | 2.13e-02
   5 | 1.52e-02
   6 | 1.22e-02
   7 | 1.12e-02
   8 | 1.25e-02
   9 | 9.72e-03
  10 | 6.01e-03
  11 | 4.95e-03
  12 | 5.01e-03
  13 | 5.20e-03
  14 | 3.50e-03
  15 | 2.20e-03
  16 | 1.87e-03
  17 | 1.68e-03
  18 | 1.73e-03
  19 | 1.86e-03
  20 | 1.87e-03
  21 | 1.73e-03
  22 | 1.88e-03
  23 | 1.76e-03
  24 | 1.28e-03
  25 | 9.56e-04
  26 | 1.01e-03
  27 | 1.12e-03
  28 | 1.35e-03
  29 | 1.23e-03
  30 | 9.72e-04
  31 | 7.07e-04
  32 | 6.38e-04
  33 | 6.39e-04
  34 | 6.61e-04
  35 | 6.79e-04
  36 | 4.66e-04
  37 | 3.66e-04
  38 | 2.52e-04
  39 | 1.67e-04
  40 | 1.07e-04
  41 | 9.00e-05
  42 | 8.31e-05
  43 | 8.01e-05
  44 | 8.04e-05
  45 | 8.48e-05
  46 | 9.39e-05
  47 | 1.03e-04
  48 | 1.10e-04
  49 | 1.24e-04
  50 | 1.38e-04
  51 | 1.48e-04
  52 | 1.60e-04
  53 | 1.65e-04
  54 | 1.73e-04
  55 | 1.86e-04
  56 | 2.02e-04
  57 | 1.90e-04
  58 | 1.78e-04
  59 | 1.61e-04
  60 | 1.32e-04
  61 | 8.86e-05
  62 | 6.75e-05
  63 | 6.03e-05
  64 | 5.76e-05
  65 | 5.82e-05
  66 | 6.03e-05
  67 | 6.68e-05
  68 | 7.92e-05
  69 | 9.53e-05
  70 | 1.17e-04
  71 | 1.39e-04
  72 | 1.71e-04
  73 | 2.13e-04
  74 | 2.37e-04
  75 | 2.31e-04
  76 | 1.82e-04
  77 | 1.29e-04
  78 | 9.14e-05
  79 | 7.06e-05
  80 | 5.92e-05
  81 | 4.64e-05
  82 | 4.11e-05
  83 | 3.69e-05
  84 | 3.41e-05
  85 | 3.25e-05
  86 | 3.18e-05
  87 | 2.75e-05
  88 | 2.45e-05
  89 | 2.19e-05
  90 | 2.05e-05
  91 | 1.65e-05
  92 | 1.43e-05
  93 | 1.38e-05
  94 | 1.33e-05
  95 | 1.29e-05
  96 | 1.26e-05
  97 | 1.25e-05
  98 | 1.23e-05
  99 | 1.26e-05
 100 | 1.25e-05
 101 | 1.26e-05
 102 | 1.25e-05
 103 | 1.21e-05
 104 | 1.22e-05
 105 | 1.21e-05
 106 | 1.15e-05
 107 | 1.15e-05
 108 | 1.09e-05
 109 | 9.67e-06
 110 | 8.30e-06
 111 | 7.47e-06
 112 | 6.74e-06
 113 | 6.08e-06
 114 | 5.70e-06
 115 | 5.42e-06
 116 | 5.33e-06
 117 | 5.23e-06
 118 | 5.15e-06
 119 | 5.03e-06
 120 | 4.89e-06
 121 | 4.83e-06
 122 | 4.79e-06
 123 | 4.14e-06
 124 | 4.14e-06
 125 | 4.14e-06
 126 | 4.23e-06
 127 | 4.33e-06
 128 | 4.35e-06
 129 | 4.05e-06
 130 | 4.05e-06
 131 | 4.15e-06
 132 | 4.30e-06
 133 | 4.48e-06
 134 | 4.69e-06
 135 | 4.93e-06
 136 | 5.21e-06
 137 | 5.53e-06
 138 | 5.62e-06
 139 | 5.91e-06
 140 | 6.02e-06
 141 | 6.25e-06
 142 | 6.60e-06
 143 | 7.03e-06
 144 | 7.51e-06
 145 | 8.06e-06
 146 | 8.33e-06
 147 | 8.68e-06
 148 | 9.11e-06
 149 | 9.55e-06
 150 | 9.69e-06
 151 | 8.87e-06
 152 | 7.20e-06
 153 | 5.18e-06
 154 | 4.69e-06
 155 | 4.24e-06
 156 | 3.86e-06
 157 | 3.55e-06
 158 | 3.21e-06
 159 | 2.94e-06
 160 | 2.66e-06
 161 | 2.47e-06
 162 | 2.33e-06
 163 | 2.19e-06
 164 | 2.08e-06
 165 | 1.99e-06
 166 | 1.91e-06
 167 | 1.84e-06
 168 | 1.70e-06
 169 | 1.56e-06
 170 | 1.53e-06
 171 | 1.49e-06
 172 | 1.46e-06
 173 | 1.42e-06
 174 | 1.09e-06
 175 | 1.02e-06
 176 | 9.72e-07
 177 | 9.27e-07
 178 | 8.84e-07
 179 | 8.04e-07
 180 | 7.75e-07
 181 | 7.35e-07
 182 | 7.05e-07
 183 | 6.91e-07
 184 | 6.81e-07
 185 | 6.73e-07
 186 | 6.68e-07
 187 | 6.66e-07
 188 | 6.64e-07
 189 | 6.62e-07
 190 | 6.65e-07
 191 | 6.71e-07
 192 | 6.76e-07
 193 | 6.83e-07
 194 | 6.90e-07
 195 | 6.99e-07
 196 | 7.04e-07
 197 | 7.17e-07
 198 | 7.32e-07
 199 | 7.48e-07
 200 | 7.65e-07
 201 | 7.85e-07
 202 | 6.27e-07
 203 | 6.10e-07
 204 | 6.10e-07
 205 | 6.11e-07
 206 | 6.07e-07
 207 | 5.92e-07
 208 | 5.96e-07
 209 | 5.97e-07
 210 | 6.01e-07
 211 | 5.98e-07
 212 | 5.81e-07
 213 | 5.88e-07
 214 | 5.91e-07
 215 | 6.01e-07
 216 | 6.10e-07
 217 | 6.30e-07
 218 | 6.53e-07
 219 | 6.79e-07
 220 | 7.09e-07
 221 | 7.12e-07
 222 | 7.30e-07
 223 | 7.58e-07
 224 | 7.64e-07
 225 | 7.63e-07
 226 | 7.83e-07
 227 | 8.03e-07
 228 | 8.09e-07
 229 | 8.05e-07
 230 | 7.55e-07
 231 | 7.07e-07
 232 | 6.98e-07
 233 | 7.05e-07
 234 | 7.18e-07
 235 | 7.38e-07
 236 | 7.58e-07
 237 | 7.62e-07
 238 | 7.55e-07
 239 | 7.61e-07
 240 | 7.94e-07
 241 | 8.49e-07
 242 | 9.00e-07
 243 | 9.65e-07
 244 | 1.04e-06
 245 | 1.14e-06
 246 | 1.22e-06
 247 | 1.30e-06
 248 | 1.42e-06
 249 | 1.55e-06
 250 | 1.74e-06
 251 | 1.87e-06
 252 | 2.06e-06
 253 | 2.27e-06
 254 | 2.50e-06
 255 | 2.78e-06
 256 | 3.12e-06
 257 | 3.56e-06
 258 | 3.82e-06
 259 | 4.08e-06
 260 | 3.91e-06
 261 | 2.24e-06
 262 | 2.22e-06
 263 | 2.22e-06
 264 | 2.36e-06
 265 | 2.61e-06
 266 | 2.89e-06
 267 | 3.23e-06
 268 | 3.59e-06
 269 | 4.07e-06
 270 | 4.67e-06
 271 | 5.64e-06
 272 | 6.95e-06
 273 | 8.24e-06
 274 | 1.01e-05
 275 | 1.22e-05
 276 | 1.49e-05
 277 | 1.79e-05
 278 | 2.05e-05
 279 | 2.48e-05
 280 | 2.96e-05
 281 | 3.52e-05
 282 | 4.00e-05
 283 | 4.35e-05
 284 | 3.90e-05
 285 | 3.64e-05
 286 | 3.26e-05
 287 | 2.84e-05
 288 | 2.18e-05
 289 | 9.37e-06
 290 | 5.37e-06
 291 | 4.34e-06
 292 | 3.75e-06
 293 | 3.36e-06
 294 | 2.38e-06
 295 | 1.57e-06
 296 | 1.53e-06
 297 | 1.51e-06
 298 | 1.52e-06
 299 | 1.49e-06
 300 | 1.58e-06
 301 | 1.70e-06
 302 | 1.70e-06
 303 | 1.90e-06
 304 | 2.08e-06
 305 | 2.16e-06
 306 | 2.42e-06
 307 | 2.74e-06
 308 | 3.15e-06
 309 | 3.66e-06
 310 | 4.30e-06
 311 | 3.27e-06
 312 | 3.31e-06
 313 | 3.43e-06
 314 | 3.60e-06
 315 | 3.80e-06
 316 | 4.08e-06
 317 | 4.42e-06
 318 | 4.83e-06
 319 | 5.01e-06
 320 | 5.21e-06
 321 | 5.67e-06
 322 | 6.23e-06
 323 | 3.61e-06
 324 | 1.89e-06
 325 | 1.28e-06
 326 | 7.28e-07
 327 | 6.51e-07
 328 | 5.94e-07
 329 | 5.47e-07
 330 | 5.12e-07
 331 | 4.74e-07
 332 | 4.46e-07
 333 | 4.30e-07
 334 | 4.17e-07
 335 | 4.09e-07
 336 | 4.02e-07
 337 | 3.94e-07
 338 | 3.88e-07
 339 | 3.89e-07
 340 | 3.86e-07
 341 | 3.86e-07
 342 | 3.91e-07
 343 | 4.00e-07
 344 | 4.11e-07
 345 | 4.27e-07
 346 | 4.47e-07
 347 | 4.73e-07
 348 | 5.05e-07
 349 | 5.43e-07
 350 | 5.94e-07
 351 | 6.56e-07
 352 | 7.33e-07
 353 | 8.26e-07
 354 | 9.14e-07
 355 | 1.04e-06
 356 | 1.19e-06
 357 | 1.37e-06
 358 | 1.49e-06
 359 | 1.60e-06
 360 | 1.75e-06
 361 | 1.91e-06
 362 | 2.09e-06
 363 | 2.27e-06
 364 | 2.48e-06
 365 | 2.69e-06
 366 | 2.91e-06
 367 | 3.14e-06
 368 | 3.37e-06
 369 | 3.61e-06
 370 | 3.85e-06
 371 | 4.10e-06
 372 | 4.33e-06
 373 | 4.54e-06
 374 | 4.75e-06
 375 | 4.92e-06
 376 | 4.98e-06
 377 | 5.08e-06
 378 | 5.12e-06
 379 | 5.09e-06
 380 | 4.98e-06
 381 | 4.79e-06
 382 | 4.56e-06
 383 | 4.29e-06
 384 | 3.95e-06
 385 | 3.54e-06
 386 | 3.17e-06
 387 | 2.81e-06
 388 | 2.47e-06
 389 | 2.17e-06
 390 | 1.89e-06
 391 | 1.63e-06
 392 | 1.40e-06
 393 | 1.20e-06
 394 | 1.03e-06
 395 | 8.79e-07
 396 | 7.54e-07
 397 | 6.49e-07
 398 | 5.62e-07
 399 | 4.91e-07
 400 | 4.30e-07
 401 | 3.80e-07
 402 | 3.38e-07
 403 | 3.04e-07
 404 | 2.76e-07
 405 | 2.52e-07
 406 | 2.35e-07
 407 | 2.19e-07
 408 | 2.04e-07
 409 | 1.93e-07
 410 | 1.81e-07
 411 | 1.64e-07
 412 | 1.58e-07
 413 | 1.53e-07
 414 | 1.49e-07
 415 | 1.46e-07
 416 | 1.42e-07
 417 | 1.39e-07
 418 | 1.37e-07
 419 | 1.35e-07
 420 | 1.34e-07
 421 | 1.32e-07
 422 | 1.32e-07
 423 | 1.31e-07
 424 | 1.31e-07
 425 | 1.31e-07
 426 | 1.31e-07
 427 | 1.31e-07
 428 | 1.31e-07
 429 | 1.31e-07
 430 | 1.32e-07
 431 | 1.33e-07
 432 | 1.35e-07
 433 | 1.36e-07
 434 | 1.38e-07
 435 | 1.39e-07
 436 | 1.41e-07
 437 | 1.42e-07
 438 | 1.44e-07
 439 | 1.47e-07
 440 | 1.49e-07
 441 | 1.52e-07
 442 | 1.54e-07
 443 | 1.56e-07
 444 | 1.59e-07
 445 | 1.61e-07
 446 | 1.65e-07
 447 | 1.69e-07
 448 | 1.68e-07
 449 | 1.71e-07
 450 | 1.75e-07
 451 | 1.79e-07
 452 | 1.83e-07
 453 | 1.88e-07
 454 | 1.93e-07
 455 | 1.99e-07
 456 | 2.05e-07
 457 | 2.12e-07
 458 | 2.19e-07
 459 | 2.27e-07
 460 | 2.37e-07
 461 | 2.47e-07
 462 | 2.57e-07
 463 | 2.69e-07
 464 | 2.82e-07
 465 | 2.96e-07
 466 | 3.10e-07
 467 | 3.25e-07
 468 | 3.34e-07
 469 | 3.41e-07
 470 | 3.20e-07
 471 | 3.23e-07
 472 | 3.28e-07
 473 | 3.36e-07
 474 | 3.45e-07
 475 | 3.55e-07
 476 | 3.70e-07
 477 | 3.86e-07
 478 | 4.03e-07
 479 | 4.21e-07
 480 | 4.42e-07
 481 | 4.64e-07
 482 | 4.87e-07
 483 | 4.00e-07
 484 | 4.00e-07
 485 | 4.07e-07
 486 | 4.18e-07
 487 | 4.43e-07
 488 | 4.78e-07
 489 | 5.22e-07
 490 | 5.69e-07
 491 | 6.14e-07
 492 | 6.51e-07
 493 | 6.86e-07
 494 | 7.29e-07
 495 | 7.61e-07
 496 | 7.17e-07
 497 | 6.71e-07
 498 | 6.04e-07
 499 | 5.66e-07
 500 | 5.26e-07
 501 | 4.76e-07
 502 | 4.09e-07
 503 | 3.82e-07
 504 | 3.56e-07
 505 | 3.23e-07
 506 | 3.04e-07
 507 | 2.88e-07
 508 | 2.71e-07
 509 | 2.52e-07
 510 | 2.35e-07
 511 | 2.08e-07
 512 | 1.94e-07
 513 | 1.79e-07
 514 | 1.66e-07
 515 | 1.56e-07
 516 | 1.47e-07
 517 | 1.39e-07
 518 | 1.31e-07
 519 | 1.25e-07
 520 | 1.18e-07
 521 | 1.12e-07
 522 | 1.07e-07
 523 | 1.00e-07
 524 | 9.47e-08
[2025-11-20 20:20:19] Run completed in 85.70 minutes
[2025-11-20 20:20:25] Saved NMF result to: /zata/zippy/kresgeb/nmf_stuff/dlPFC/data/batched_nmf/nmf_k100_seed31415_tol1e-07_L10.7.rds
[2025-11-20 20:20:25] Appended run metadata to summary.tsv
[2025-11-20 20:20:25] --------------------------------------------
[2025-11-20 20:20:25] Starting run 731 / 750: k=10, seed=120301, tol=1e-07, L1=0.7
[2025-11-20 20:20:25] --------------------------------------------

iter |      tol 
---------------
   1 | 9.73e-01
   2 | 1.42e-01
   3 | 5.29e-02
   4 | 1.98e-02
   5 | 1.15e-02
   6 | 7.22e-03
   7 | 5.02e-03
   8 | 4.26e-03
   9 | 3.71e-03
  10 | 3.46e-03
  11 | 3.19e-03
  12 | 2.90e-03
  13 | 2.36e-03
  14 | 1.36e-03
  15 | 7.81e-04
  16 | 5.00e-04
  17 | 3.36e-04
  18 | 2.22e-04
  19 | 1.75e-04
  20 | 1.60e-04
  21 | 1.49e-04
  22 | 1.40e-04
  23 | 1.32e-04
  24 | 1.25e-04
  25 | 1.20e-04
  26 | 1.19e-04
  27 | 1.19e-04
  28 | 1.15e-04
  29 | 1.07e-04
  30 | 9.81e-05
  31 | 8.83e-05
  32 | 7.91e-05
  33 | 7.11e-05
  34 | 6.33e-05
  35 | 5.77e-05
  36 | 5.45e-05
  37 | 5.19e-05
  38 | 4.95e-05
  39 | 4.67e-05
  40 | 4.46e-05
  41 | 4.28e-05
  42 | 4.10e-05
  43 | 3.86e-05
  44 | 3.55e-05
  45 | 3.19e-05
  46 | 2.80e-05
  47 | 2.36e-05
  48 | 1.91e-05
  49 | 1.49e-05
  50 | 1.12e-05
  51 | 8.09e-06
  52 | 5.56e-06
  53 | 3.70e-06
  54 | 2.42e-06
  55 | 1.55e-06
  56 | 9.76e-07
  57 | 6.20e-07
  58 | 3.97e-07
  59 | 2.56e-07
  60 | 1.66e-07
  61 | 1.08e-07
  62 | 7.11e-08
[2025-11-20 20:22:52] Run completed in 2.46 minutes
[2025-11-20 20:22:53] Saved NMF result to: /zata/zippy/kresgeb/nmf_stuff/dlPFC/data/batched_nmf/nmf_k10_seed120301_tol1e-07_L10.7.rds
[2025-11-20 20:22:53] Appended run metadata to summary.tsv
[2025-11-20 20:22:53] --------------------------------------------
[2025-11-20 20:22:53] Starting run 732 / 750: k=20, seed=120301, tol=1e-07, L1=0.7
[2025-11-20 20:22:53] --------------------------------------------

iter |      tol 
---------------
   1 | 9.71e-01
   2 | 1.17e-01
   3 | 4.26e-02
   4 | 2.33e-02
   5 | 1.45e-02
   6 | 1.14e-02
   7 | 7.63e-03
   8 | 3.72e-03
   9 | 1.89e-03
  10 | 1.27e-03
  11 | 1.08e-03
  12 | 9.74e-04
  13 | 8.95e-04
  14 | 8.32e-04
  15 | 8.02e-04
  16 | 7.99e-04
  17 | 7.87e-04
  18 | 7.31e-04
  19 | 6.68e-04
  20 | 6.03e-04
  21 | 5.92e-04
  22 | 5.93e-04
  23 | 5.55e-04
  24 | 4.71e-04
  25 | 3.47e-04
  26 | 2.51e-04
  27 | 1.91e-04
  28 | 1.52e-04
  29 | 1.26e-04
  30 | 1.06e-04
  31 | 9.13e-05
  32 | 7.96e-05
  33 | 7.00e-05
  34 | 6.31e-05
  35 | 5.87e-05
  36 | 5.57e-05
  37 | 5.46e-05
  38 | 5.57e-05
  39 | 5.81e-05
  40 | 6.16e-05
  41 | 6.58e-05
  42 | 7.05e-05
  43 | 7.62e-05
  44 | 8.33e-05
  45 | 9.01e-05
  46 | 9.44e-05
  47 | 9.57e-05
  48 | 9.40e-05
  49 | 8.87e-05
  50 | 8.12e-05
  51 | 7.21e-05
  52 | 6.32e-05
  53 | 5.52e-05
  54 | 4.79e-05
  55 | 4.31e-05
  56 | 3.97e-05
  57 | 3.82e-05
  58 | 3.82e-05
  59 | 3.93e-05
  60 | 4.14e-05
  61 | 4.43e-05
  62 | 4.70e-05
  63 | 4.97e-05
  64 | 4.94e-05
  65 | 4.73e-05
  66 | 4.33e-05
  67 | 3.84e-05
  68 | 3.33e-05
  69 | 2.85e-05
  70 | 2.47e-05
  71 | 2.17e-05
  72 | 1.90e-05
  73 | 1.66e-05
  74 | 1.46e-05
  75 | 1.30e-05
  76 | 1.18e-05
  77 | 1.07e-05
  78 | 9.84e-06
  79 | 8.95e-06
  80 | 8.14e-06
  81 | 7.38e-06
  82 | 6.73e-06
  83 | 6.18e-06
  84 | 5.67e-06
  85 | 5.15e-06
  86 | 4.66e-06
  87 | 4.21e-06
  88 | 3.86e-06
  89 | 3.54e-06
  90 | 3.29e-06
  91 | 3.09e-06
  92 | 2.93e-06
  93 | 2.77e-06
  94 | 2.61e-06
  95 | 2.47e-06
  96 | 2.37e-06
  97 | 2.28e-06
  98 | 2.21e-06
  99 | 2.15e-06
 100 | 2.10e-06
 101 | 2.05e-06
 102 | 2.01e-06
 103 | 1.98e-06
 104 | 1.97e-06
 105 | 1.98e-06
 106 | 1.99e-06
 107 | 2.02e-06
 108 | 2.05e-06
 109 | 2.07e-06
 110 | 2.11e-06
 111 | 2.17e-06
 112 | 2.24e-06
 113 | 2.33e-06
 114 | 2.42e-06
 115 | 2.51e-06
 116 | 2.62e-06
 117 | 2.78e-06
 118 | 2.96e-06
 119 | 3.16e-06
 120 | 3.37e-06
 121 | 3.59e-06
 122 | 3.83e-06
 123 | 4.04e-06
 124 | 4.25e-06
 125 | 4.45e-06
 126 | 4.61e-06
 127 | 4.74e-06
 128 | 4.77e-06
 129 | 4.67e-06
 130 | 4.45e-06
 131 | 4.17e-06
 132 | 3.83e-06
 133 | 3.44e-06
 134 | 3.06e-06
 135 | 2.72e-06
 136 | 2.43e-06
 137 | 2.20e-06
 138 | 2.04e-06
 139 | 1.93e-06
 140 | 1.86e-06
 141 | 1.82e-06
 142 | 1.81e-06
 143 | 1.81e-06
 144 | 1.84e-06
 145 | 1.87e-06
 146 | 1.92e-06
 147 | 1.98e-06
 148 | 2.05e-06
 149 | 2.14e-06
 150 | 2.23e-06
 151 | 2.33e-06
 152 | 2.45e-06
 153 | 2.56e-06
 154 | 2.69e-06
 155 | 2.81e-06
 156 | 2.93e-06
 157 | 3.06e-06
 158 | 3.18e-06
 159 | 3.30e-06
 160 | 3.39e-06
 161 | 3.44e-06
 162 | 3.45e-06
 163 | 3.43e-06
 164 | 3.39e-06
 165 | 3.34e-06
 166 | 3.31e-06
 167 | 3.30e-06
 168 | 3.29e-06
 169 | 3.31e-06
 170 | 3.34e-06
 171 | 3.39e-06
 172 | 3.45e-06
 173 | 3.51e-06
 174 | 3.58e-06
 175 | 3.65e-06
 176 | 3.73e-06
 177 | 3.80e-06
 178 | 3.86e-06
 179 | 3.89e-06
 180 | 3.92e-06
 181 | 3.93e-06
 182 | 3.93e-06
 183 | 3.92e-06
 184 | 3.90e-06
 185 | 3.88e-06
 186 | 3.82e-06
 187 | 3.78e-06
 188 | 3.74e-06
 189 | 3.67e-06
 190 | 3.48e-06
 191 | 3.24e-06
 192 | 3.04e-06
 193 | 2.87e-06
 194 | 2.71e-06
 195 | 2.59e-06
 196 | 2.49e-06
 197 | 2.45e-06
 198 | 2.48e-06
 199 | 2.58e-06
 200 | 2.75e-06
 201 | 2.96e-06
 202 | 3.19e-06
 203 | 3.44e-06
 204 | 3.75e-06
 205 | 4.06e-06
 206 | 4.40e-06
 207 | 4.66e-06
 208 | 4.89e-06
 209 | 4.98e-06
 210 | 4.89e-06
 211 | 4.65e-06
 212 | 4.19e-06
 213 | 3.63e-06
 214 | 3.03e-06
 215 | 2.43e-06
 216 | 1.90e-06
 217 | 1.46e-06
 218 | 1.11e-06
 219 | 8.36e-07
 220 | 6.32e-07
 221 | 4.80e-07
 222 | 3.66e-07
 223 | 2.82e-07
 224 | 2.19e-07
 225 | 1.74e-07
 226 | 1.39e-07
 227 | 1.13e-07
 228 | 9.30e-08
[2025-11-20 20:29:24] Run completed in 6.51 minutes
[2025-11-20 20:29:25] Saved NMF result to: /zata/zippy/kresgeb/nmf_stuff/dlPFC/data/batched_nmf/nmf_k20_seed120301_tol1e-07_L10.7.rds
[2025-11-20 20:29:25] Appended run metadata to summary.tsv
[2025-11-20 20:29:25] --------------------------------------------
[2025-11-20 20:29:25] Starting run 733 / 750: k=30, seed=120301, tol=1e-07, L1=0.7
[2025-11-20 20:29:25] --------------------------------------------

iter |      tol 
---------------
   1 | 9.66e-01
   2 | 1.11e-01
   3 | 4.02e-02
   4 | 2.41e-02
   5 | 1.61e-02
   6 | 1.14e-02
   7 | 7.58e-03
   8 | 4.80e-03
   9 | 3.38e-03
  10 | 2.35e-03
  11 | 1.58e-03
  12 | 1.21e-03
  13 | 8.95e-04
  14 | 7.70e-04
  15 | 7.07e-04
  16 | 6.68e-04
  17 | 6.22e-04
  18 | 5.84e-04
  19 | 5.43e-04
  20 | 5.31e-04
  21 | 5.52e-04
  22 | 6.00e-04
  23 | 5.60e-04
  24 | 4.49e-04
  25 | 3.60e-04
  26 | 2.90e-04
  27 | 2.36e-04
  28 | 1.95e-04
  29 | 1.74e-04
  30 | 1.65e-04
  31 | 1.60e-04
  32 | 1.59e-04
  33 | 1.55e-04
  34 | 1.49e-04
  35 | 1.39e-04
  36 | 1.28e-04
  37 | 1.21e-04
  38 | 1.15e-04
  39 | 1.14e-04
  40 | 1.13e-04
  41 | 1.16e-04
  42 | 1.28e-04
  43 | 1.49e-04
  44 | 1.68e-04
  45 | 1.72e-04
  46 | 1.62e-04
  47 | 1.46e-04
  48 | 1.27e-04
  49 | 1.13e-04
  50 | 9.93e-05
  51 | 8.47e-05
  52 | 7.43e-05
  53 | 6.71e-05
  54 | 6.32e-05
  55 | 6.23e-05
  56 | 6.23e-05
  57 | 6.17e-05
  58 | 5.94e-05
  59 | 5.63e-05
  60 | 5.24e-05
  61 | 4.86e-05
  62 | 4.70e-05
  63 | 4.81e-05
  64 | 5.19e-05
  65 | 5.72e-05
  66 | 5.94e-05
  67 | 5.50e-05
  68 | 4.07e-05
  69 | 2.49e-05
  70 | 1.58e-05
  71 | 1.12e-05
  72 | 8.64e-06
  73 | 7.09e-06
  74 | 6.18e-06
  75 | 5.65e-06
  76 | 5.26e-06
  77 | 4.98e-06
  78 | 4.80e-06
  79 | 4.67e-06
  80 | 4.59e-06
  81 | 4.55e-06
  82 | 4.54e-06
  83 | 4.61e-06
  84 | 4.66e-06
  85 | 4.82e-06
  86 | 4.99e-06
  87 | 5.21e-06
  88 | 5.93e-06
  89 | 6.90e-06
  90 | 8.18e-06
  91 | 1.01e-05
  92 | 1.28e-05
  93 | 1.65e-05
  94 | 2.19e-05
  95 | 2.77e-05
  96 | 3.65e-05
  97 | 5.00e-05
  98 | 7.11e-05
  99 | 1.00e-04
 100 | 1.35e-04
 101 | 1.59e-04
 102 | 1.31e-04
 103 | 5.86e-05
 104 | 2.36e-05
 105 | 1.29e-05
 106 | 8.41e-06
 107 | 5.74e-06
 108 | 3.74e-06
 109 | 2.32e-06
 110 | 1.52e-06
 111 | 1.09e-06
 112 | 8.12e-07
 113 | 6.37e-07
 114 | 4.93e-07
 115 | 3.96e-07
 116 | 3.33e-07
 117 | 2.90e-07
 118 | 2.60e-07
 119 | 2.41e-07
 120 | 2.16e-07
 121 | 1.95e-07
 122 | 1.76e-07
 123 | 1.60e-07
 124 | 1.46e-07
 125 | 1.35e-07
 126 | 1.25e-07
 127 | 1.16e-07
 128 | 1.08e-07
 129 | 1.01e-07
 130 | 9.47e-08
[2025-11-20 20:35:24] Run completed in 5.98 minutes
[2025-11-20 20:35:26] Saved NMF result to: /zata/zippy/kresgeb/nmf_stuff/dlPFC/data/batched_nmf/nmf_k30_seed120301_tol1e-07_L10.7.rds
[2025-11-20 20:35:26] Appended run metadata to summary.tsv
[2025-11-20 20:35:26] --------------------------------------------
[2025-11-20 20:35:26] Starting run 734 / 750: k=40, seed=120301, tol=1e-07, L1=0.7
[2025-11-20 20:35:26] --------------------------------------------

iter |      tol 
---------------
   1 | 9.64e-01
   2 | 1.12e-01
   3 | 4.33e-02
   4 | 2.35e-02
   5 | 1.43e-02
   6 | 9.80e-03
   7 | 7.79e-03
   8 | 5.26e-03
   9 | 3.80e-03
  10 | 2.95e-03
  11 | 2.46e-03
  12 | 2.14e-03
  13 | 1.90e-03
  14 | 1.68e-03
  15 | 1.48e-03
  16 | 1.30e-03
  17 | 1.11e-03
  18 | 9.55e-04
  19 | 8.33e-04
  20 | 7.37e-04
  21 | 6.59e-04
  22 | 5.92e-04
  23 | 5.06e-04
  24 | 4.24e-04
  25 | 3.72e-04
  26 | 3.29e-04
  27 | 2.97e-04
  28 | 2.68e-04
  29 | 2.41e-04
  30 | 2.16e-04
  31 | 1.97e-04
  32 | 1.87e-04
  33 | 1.82e-04
  34 | 1.79e-04
  35 | 1.75e-04
  36 | 1.70e-04
  37 | 1.63e-04
  38 | 1.56e-04
  39 | 1.49e-04
  40 | 1.42e-04
  41 | 1.39e-04
  42 | 1.37e-04
  43 | 1.38e-04
  44 | 1.44e-04
  45 | 1.50e-04
  46 | 1.52e-04
  47 | 1.39e-04
  48 | 1.20e-04
  49 | 1.03e-04
  50 | 9.22e-05
  51 | 8.45e-05
  52 | 7.58e-05
  53 | 6.75e-05
  54 | 6.22e-05
  55 | 5.24e-05
  56 | 4.80e-05
  57 | 4.48e-05
  58 | 4.24e-05
  59 | 4.02e-05
  60 | 3.89e-05
  61 | 3.84e-05
  62 | 3.89e-05
  63 | 3.95e-05
  64 | 4.07e-05
  65 | 4.25e-05
  66 | 4.28e-05
  67 | 4.18e-05
  68 | 3.85e-05
  69 | 3.34e-05
  70 | 2.90e-05
  71 | 2.54e-05
  72 | 2.27e-05
  73 | 2.09e-05
  74 | 1.98e-05
  75 | 1.93e-05
  76 | 1.92e-05
  77 | 1.94e-05
  78 | 1.99e-05
  79 | 2.08e-05
  80 | 2.21e-05
  81 | 2.35e-05
  82 | 2.51e-05
  83 | 2.73e-05
  84 | 2.93e-05
  85 | 3.11e-05
  86 | 3.33e-05
  87 | 3.58e-05
  88 | 3.85e-05
  89 | 4.07e-05
  90 | 4.34e-05
  91 | 4.63e-05
  92 | 3.86e-05
  93 | 4.05e-05
  94 | 4.32e-05
  95 | 4.71e-05
  96 | 5.00e-05
  97 | 5.33e-05
  98 | 5.29e-05
  99 | 5.45e-05
 100 | 5.50e-05
 101 | 5.43e-05
 102 | 5.33e-05
 103 | 5.28e-05
 104 | 5.21e-05
 105 | 5.06e-05
 106 | 4.88e-05
 107 | 4.69e-05
 108 | 4.56e-05
 109 | 4.31e-05
 110 | 4.12e-05
 111 | 3.86e-05
 112 | 3.56e-05
 113 | 3.23e-05
 114 | 2.92e-05
 115 | 2.67e-05
 116 | 2.44e-05
 117 | 2.16e-05
 118 | 1.98e-05
 119 | 1.83e-05
 120 | 1.72e-05
 121 | 1.68e-05
 122 | 1.67e-05
 123 | 1.69e-05
 124 | 1.71e-05
 125 | 1.70e-05
 126 | 1.70e-05
 127 | 1.69e-05
 128 | 1.65e-05
 129 | 1.57e-05
 130 | 1.47e-05
 131 | 1.36e-05
 132 | 1.23e-05
 133 | 1.12e-05
 134 | 1.07e-05
 135 | 1.04e-05
 136 | 1.03e-05
 137 | 1.03e-05
 138 | 1.03e-05
 139 | 1.05e-05
 140 | 1.07e-05
 141 | 1.11e-05
 142 | 1.16e-05
 143 | 1.23e-05
 144 | 1.30e-05
 145 | 1.39e-05
 146 | 1.48e-05
 147 | 1.56e-05
 148 | 1.65e-05
 149 | 1.81e-05
 150 | 2.04e-05
 151 | 2.24e-05
 152 | 2.43e-05
 153 | 2.58e-05
 154 | 2.73e-05
 155 | 3.01e-05
 156 | 3.28e-05
 157 | 3.67e-05
 158 | 4.07e-05
 159 | 4.37e-05
 160 | 4.65e-05
 161 | 4.91e-05
 162 | 5.20e-05
 163 | 5.48e-05
 164 | 5.75e-05
 165 | 5.98e-05
 166 | 6.14e-05
 167 | 6.22e-05
 168 | 6.31e-05
 169 | 6.61e-05
 170 | 6.87e-05
 171 | 6.69e-05
 172 | 6.20e-05
 173 | 5.53e-05
 174 | 4.72e-05
 175 | 3.85e-05
 176 | 3.02e-05
 177 | 2.28e-05
 178 | 1.71e-05
 179 | 1.30e-05
 180 | 1.00e-05
 181 | 7.73e-06
 182 | 6.08e-06
 183 | 4.87e-06
 184 | 3.98e-06
 185 | 3.30e-06
 186 | 2.75e-06
 187 | 2.31e-06
 188 | 1.96e-06
 189 | 1.69e-06
 190 | 1.46e-06
 191 | 1.28e-06
 192 | 1.13e-06
 193 | 1.02e-06
 194 | 9.23e-07
 195 | 8.45e-07
 196 | 7.84e-07
 197 | 7.33e-07
 198 | 6.90e-07
 199 | 6.53e-07
 200 | 6.21e-07
 201 | 5.93e-07
 202 | 5.67e-07
 203 | 5.46e-07
 204 | 5.27e-07
 205 | 5.11e-07
 206 | 4.97e-07
 207 | 4.85e-07
 208 | 4.75e-07
 209 | 4.65e-07
 210 | 4.60e-07
 211 | 4.57e-07
 212 | 4.56e-07
 213 | 4.54e-07
 214 | 4.54e-07
 215 | 4.57e-07
 216 | 4.60e-07
 217 | 4.63e-07
 218 | 4.67e-07
 219 | 4.71e-07
 220 | 4.73e-07
 221 | 4.78e-07
 222 | 4.83e-07
 223 | 4.88e-07
 224 | 4.92e-07
 225 | 4.97e-07
 226 | 5.00e-07
 227 | 5.04e-07
 228 | 5.07e-07
 229 | 5.16e-07
 230 | 5.26e-07
 231 | 5.46e-07
 232 | 5.69e-07
 233 | 5.90e-07
 234 | 6.11e-07
 235 | 6.27e-07
 236 | 6.41e-07
 237 | 6.53e-07
 238 | 6.59e-07
 239 | 6.65e-07
 240 | 6.74e-07
 241 | 7.06e-07
 242 | 7.48e-07
 243 | 8.02e-07
 244 | 8.79e-07
 245 | 9.71e-07
 246 | 1.09e-06
 247 | 1.26e-06
 248 | 1.44e-06
 249 | 1.63e-06
 250 | 1.91e-06
 251 | 2.42e-06
 252 | 3.22e-06
 253 | 4.28e-06
 254 | 6.22e-06
 255 | 1.05e-05
 256 | 1.83e-05
 257 | 3.10e-05
 258 | 4.37e-05
 259 | 3.88e-05
 260 | 1.96e-05
 261 | 1.02e-05
 262 | 7.02e-06
 263 | 5.38e-06
 264 | 4.37e-06
 265 | 3.68e-06
 266 | 3.20e-06
 267 | 2.80e-06
 268 | 2.51e-06
 269 | 2.27e-06
 270 | 2.08e-06
 271 | 1.95e-06
 272 | 1.80e-06
 273 | 1.70e-06
 274 | 1.66e-06
 275 | 1.65e-06
 276 | 1.67e-06
 277 | 1.71e-06
 278 | 1.78e-06
 279 | 1.87e-06
 280 | 1.96e-06
 281 | 2.06e-06
 282 | 2.18e-06
 283 | 2.07e-06
 284 | 2.13e-06
 285 | 2.23e-06
 286 | 2.36e-06
 287 | 2.51e-06
 288 | 2.66e-06
 289 | 2.83e-06
 290 | 3.02e-06
 291 | 3.21e-06
 292 | 3.41e-06
 293 | 3.61e-06
 294 | 3.78e-06
 295 | 3.93e-06
 296 | 4.08e-06
 297 | 4.23e-06
 298 | 4.34e-06
 299 | 4.39e-06
 300 | 4.44e-06
 301 | 4.46e-06
 302 | 4.46e-06
 303 | 4.42e-06
 304 | 4.24e-06
 305 | 4.12e-06
 306 | 4.01e-06
 307 | 3.90e-06
 308 | 3.78e-06
 309 | 3.63e-06
 310 | 3.47e-06
 311 | 3.31e-06
 312 | 3.18e-06
 313 | 3.09e-06
 314 | 3.00e-06
 315 | 2.92e-06
 316 | 2.82e-06
 317 | 2.74e-06
 318 | 2.64e-06
 319 | 2.48e-06
 320 | 2.37e-06
 321 | 2.27e-06
 322 | 2.18e-06
 323 | 2.09e-06
 324 | 2.00e-06
 325 | 1.91e-06
 326 | 1.82e-06
 327 | 1.74e-06
 328 | 1.67e-06
 329 | 1.60e-06
 330 | 1.53e-06
 331 | 1.47e-06
 332 | 1.40e-06
 333 | 1.34e-06
 334 | 1.27e-06
 335 | 1.21e-06
 336 | 1.15e-06
 337 | 1.09e-06
 338 | 1.04e-06
 339 | 9.88e-07
 340 | 9.45e-07
 341 | 9.03e-07
 342 | 8.60e-07
 343 | 8.11e-07
 344 | 7.70e-07
 345 | 7.31e-07
 346 | 6.95e-07
 347 | 6.62e-07
 348 | 6.30e-07
 349 | 5.99e-07
 350 | 5.69e-07
 351 | 5.38e-07
 352 | 5.10e-07
 353 | 4.82e-07
 354 | 4.56e-07
 355 | 4.28e-07
 356 | 3.98e-07
 357 | 3.73e-07
 358 | 3.49e-07
 359 | 3.28e-07
 360 | 3.08e-07
 361 | 2.90e-07
 362 | 2.72e-07
 363 | 2.55e-07
 364 | 2.39e-07
 365 | 2.25e-07
 366 | 2.12e-07
 367 | 2.00e-07
 368 | 1.87e-07
 369 | 1.76e-07
 370 | 1.66e-07
 371 | 1.56e-07
 372 | 1.47e-07
 373 | 1.39e-07
 374 | 1.31e-07
 375 | 1.24e-07
 376 | 1.18e-07
 377 | 1.12e-07
 378 | 1.06e-07
 379 | 1.01e-07
 380 | 9.56e-08
[2025-11-20 20:54:16] Run completed in 18.85 minutes
[2025-11-20 20:54:19] Saved NMF result to: /zata/zippy/kresgeb/nmf_stuff/dlPFC/data/batched_nmf/nmf_k40_seed120301_tol1e-07_L10.7.rds
[2025-11-20 20:54:19] Appended run metadata to summary.tsv
[2025-11-20 20:54:19] --------------------------------------------
[2025-11-20 20:54:19] Starting run 735 / 750: k=50, seed=120301, tol=1e-07, L1=0.7
[2025-11-20 20:54:19] --------------------------------------------

iter |      tol 
---------------
   1 | 9.65e-01
   2 | 1.01e-01
   3 | 4.02e-02
   4 | 2.25e-02
   5 | 1.42e-02
   6 | 1.00e-02
   7 | 7.35e-03
   8 | 5.76e-03
   9 | 4.06e-03
  10 | 2.89e-03
  11 | 2.41e-03
  12 | 2.17e-03
  13 | 2.00e-03
  14 | 1.72e-03
  15 | 1.45e-03
  16 | 1.25e-03
  17 | 1.06e-03
  18 | 9.16e-04
  19 | 8.24e-04
  20 | 7.12e-04
  21 | 6.41e-04
  22 | 5.71e-04
  23 | 4.94e-04
  24 | 4.57e-04
  25 | 4.34e-04
  26 | 4.04e-04
  27 | 3.57e-04
  28 | 3.27e-04
  29 | 3.11e-04
  30 | 2.85e-04
  31 | 2.53e-04
  32 | 2.32e-04
  33 | 2.06e-04
  34 | 1.80e-04
  35 | 1.55e-04
  36 | 1.41e-04
  37 | 1.32e-04
  38 | 1.25e-04
  39 | 1.19e-04
  40 | 1.15e-04
  41 | 1.13e-04
  42 | 1.10e-04
  43 | 1.09e-04
  44 | 1.11e-04
  45 | 1.12e-04
  46 | 1.11e-04
  47 | 1.13e-04
  48 | 1.14e-04
  49 | 1.18e-04
  50 | 1.22e-04
  51 | 1.30e-04
  52 | 1.43e-04
  53 | 1.53e-04
  54 | 1.49e-04
  55 | 1.42e-04
  56 | 1.42e-04
  57 | 1.39e-04
  58 | 1.23e-04
  59 | 1.23e-04
  60 | 1.26e-04
  61 | 1.31e-04
  62 | 1.35e-04
  63 | 1.41e-04
  64 | 1.44e-04
  65 | 1.40e-04
  66 | 1.35e-04
  67 | 1.34e-04
  68 | 1.32e-04
  69 | 1.21e-04
  70 | 1.10e-04
  71 | 1.03e-04
  72 | 9.58e-05
  73 | 9.04e-05
  74 | 8.64e-05
  75 | 8.42e-05
  76 | 8.24e-05
  77 | 7.96e-05
  78 | 7.87e-05
  79 | 7.53e-05
  80 | 7.59e-05
  81 | 7.87e-05
  82 | 8.17e-05
  83 | 8.85e-05
  84 | 9.26e-05
  85 | 9.73e-05
  86 | 1.02e-04
  87 | 1.05e-04
  88 | 1.07e-04
  89 | 1.08e-04
  90 | 1.09e-04
  91 | 1.11e-04
  92 | 1.11e-04
  93 | 1.12e-04
  94 | 1.05e-04
  95 | 9.37e-05
  96 | 8.71e-05
  97 | 8.27e-05
  98 | 7.76e-05
  99 | 6.87e-05
 100 | 6.47e-05
 101 | 5.97e-05
 102 | 5.01e-05
 103 | 4.56e-05
 104 | 4.07e-05
 105 | 3.36e-05
 106 | 2.98e-05
 107 | 2.62e-05
 108 | 2.35e-05
 109 | 2.07e-05
 110 | 1.73e-05
 111 | 1.44e-05
 112 | 1.23e-05
 113 | 1.14e-05
 114 | 1.03e-05
 115 | 9.63e-06
 116 | 9.41e-06
 117 | 9.47e-06
 118 | 9.78e-06
 119 | 1.00e-05
 120 | 1.04e-05
 121 | 1.09e-05
 122 | 1.14e-05
 123 | 1.17e-05
 124 | 1.17e-05
 125 | 1.11e-05
 126 | 9.73e-06
 127 | 8.09e-06
 128 | 6.47e-06
 129 | 5.26e-06
 130 | 4.40e-06
 131 | 3.77e-06
 132 | 3.30e-06
 133 | 2.92e-06
 134 | 2.62e-06
 135 | 2.38e-06
 136 | 2.18e-06
 137 | 2.01e-06
 138 | 1.87e-06
 139 | 1.74e-06
 140 | 1.62e-06
 141 | 1.52e-06
 142 | 1.44e-06
 143 | 1.36e-06
 144 | 1.29e-06
 145 | 1.23e-06
 146 | 1.17e-06
 147 | 1.12e-06
 148 | 1.07e-06
 149 | 1.04e-06
 150 | 1.01e-06
 151 | 9.88e-07
 152 | 9.66e-07
 153 | 9.42e-07
 154 | 9.20e-07
 155 | 8.96e-07
 156 | 8.74e-07
 157 | 8.52e-07
 158 | 8.29e-07
 159 | 8.02e-07
 160 | 7.80e-07
 161 | 7.64e-07
 162 | 7.51e-07
 163 | 7.42e-07
 164 | 7.37e-07
 165 | 7.34e-07
 166 | 7.33e-07
 167 | 7.35e-07
 168 | 7.44e-07
 169 | 7.60e-07
 170 | 7.32e-07
 171 | 7.23e-07
 172 | 7.27e-07
 173 | 7.38e-07
 174 | 7.55e-07
 175 | 7.84e-07
 176 | 8.23e-07
 177 | 8.74e-07
 178 | 9.33e-07
 179 | 1.00e-06
 180 | 1.08e-06
 181 | 1.19e-06
 182 | 1.31e-06
 183 | 1.45e-06
 184 | 1.62e-06
 185 | 1.82e-06
 186 | 2.06e-06
 187 | 2.35e-06
 188 | 2.73e-06
 189 | 3.18e-06
 190 | 3.72e-06
 191 | 4.36e-06
 192 | 5.06e-06
 193 | 5.87e-06
 194 | 6.67e-06
 195 | 7.54e-06
 196 | 8.49e-06
 197 | 9.37e-06
 198 | 1.02e-05
 199 | 1.08e-05
 200 | 1.12e-05
 201 | 1.11e-05
 202 | 1.07e-05
 203 | 9.95e-06
 204 | 8.99e-06
 205 | 7.61e-06
 206 | 6.24e-06
 207 | 4.98e-06
 208 | 3.88e-06
 209 | 2.98e-06
 210 | 2.24e-06
 211 | 1.68e-06
 212 | 1.24e-06
 213 | 9.04e-07
 214 | 6.59e-07
 215 | 4.86e-07
 216 | 3.63e-07
 217 | 2.77e-07
 218 | 2.15e-07
 219 | 1.72e-07
 220 | 1.39e-07
 221 | 1.16e-07
 222 | 9.85e-08
[2025-11-20 21:09:10] Run completed in 14.85 minutes
[2025-11-20 21:09:13] Saved NMF result to: /zata/zippy/kresgeb/nmf_stuff/dlPFC/data/batched_nmf/nmf_k50_seed120301_tol1e-07_L10.7.rds
[2025-11-20 21:09:13] Appended run metadata to summary.tsv
[2025-11-20 21:09:13] --------------------------------------------
[2025-11-20 21:09:13] Starting run 736 / 750: k=60, seed=120301, tol=1e-07, L1=0.7
[2025-11-20 21:09:13] --------------------------------------------

iter |      tol 
---------------
   1 | 9.64e-01
   2 | 1.08e-01
   3 | 3.80e-02
   4 | 1.77e-02
   5 | 1.07e-02
   6 | 7.89e-03
   7 | 7.01e-03
   8 | 6.62e-03
   9 | 5.71e-03
  10 | 4.76e-03
  11 | 3.89e-03
  12 | 3.37e-03
  13 | 2.94e-03
  14 | 2.67e-03
  15 | 2.59e-03
  16 | 2.66e-03
  17 | 2.91e-03
  18 | 3.17e-03
  19 | 2.59e-03
  20 | 2.35e-03
  21 | 2.25e-03
  22 | 2.04e-03
  23 | 1.81e-03
  24 | 1.54e-03
  25 | 1.31e-03
  26 | 1.13e-03
  27 | 9.43e-04
  28 | 8.05e-04
  29 | 7.10e-04
  30 | 6.35e-04
  31 | 5.71e-04
  32 | 5.10e-04
  33 | 4.59e-04
  34 | 4.03e-04
  35 | 3.84e-04
  36 | 3.75e-04
  37 | 3.85e-04
  38 | 3.96e-04
  39 | 4.07e-04
  40 | 3.29e-04
  41 | 3.03e-04
  42 | 2.77e-04
  43 | 1.51e-04
  44 | 1.30e-04
  45 | 1.18e-04
  46 | 1.14e-04
  47 | 1.12e-04
  48 | 1.06e-04
  49 | 1.06e-04
  50 | 1.05e-04
  51 | 1.04e-04
  52 | 9.84e-05
  53 | 9.64e-05
  54 | 9.40e-05
  55 | 9.20e-05
  56 | 9.14e-05
  57 | 9.06e-05
  58 | 8.73e-05
  59 | 8.51e-05
  60 | 3.00e-05
  61 | 2.87e-05
  62 | 2.76e-05
  63 | 2.74e-05
  64 | 2.79e-05
  65 | 2.85e-05
  66 | 2.93e-05
  67 | 3.03e-05
  68 | 3.11e-05
  69 | 3.10e-05
  70 | 3.18e-05
  71 | 3.30e-05
  72 | 2.77e-05
  73 | 2.74e-05
  74 | 2.70e-05
  75 | 2.73e-05
  76 | 2.79e-05
  77 | 2.74e-05
  78 | 2.62e-05
  79 | 2.67e-05
  80 | 2.63e-05
  81 | 1.97e-05
  82 | 1.76e-05
  83 | 1.69e-05
  84 | 9.49e-06
  85 | 7.80e-06
  86 | 7.07e-06
  87 | 6.10e-06
  88 | 5.23e-06
  89 | 4.39e-06
  90 | 3.86e-06
  91 | 3.55e-06
  92 | 3.26e-06
  93 | 2.99e-06
  94 | 2.75e-06
  95 | 2.56e-06
  96 | 2.39e-06
  97 | 2.25e-06
  98 | 2.16e-06
  99 | 1.98e-06
 100 | 1.81e-06
 101 | 1.68e-06
 102 | 1.61e-06
 103 | 1.53e-06
 104 | 1.50e-06
 105 | 1.49e-06
 106 | 1.47e-06
 107 | 1.45e-06
 108 | 1.44e-06
 109 | 1.44e-06
 110 | 1.44e-06
 111 | 1.45e-06
 112 | 1.46e-06
 113 | 1.49e-06
 114 | 1.53e-06
 115 | 1.57e-06
 116 | 1.61e-06
 117 | 1.65e-06
 118 | 1.69e-06
 119 | 1.75e-06
 120 | 1.82e-06
 121 | 1.87e-06
 122 | 1.99e-06
 123 | 2.15e-06
 124 | 2.33e-06
 125 | 2.53e-06
 126 | 2.75e-06
 127 | 3.00e-06
 128 | 3.29e-06
 129 | 3.61e-06
 130 | 3.94e-06
 131 | 4.31e-06
 132 | 4.71e-06
 133 | 5.13e-06
 134 | 5.58e-06
 135 | 5.95e-06
 136 | 6.34e-06
 137 | 6.69e-06
 138 | 7.03e-06
 139 | 7.36e-06
 140 | 7.70e-06
 141 | 7.99e-06
 142 | 8.25e-06
 143 | 8.39e-06
 144 | 8.25e-06
 145 | 8.01e-06
 146 | 7.77e-06
 147 | 7.58e-06
 148 | 7.30e-06
 149 | 7.01e-06
 150 | 6.68e-06
 151 | 6.32e-06
 152 | 5.93e-06
 153 | 5.39e-06
 154 | 4.97e-06
 155 | 4.54e-06
 156 | 4.07e-06
 157 | 3.60e-06
 158 | 3.13e-06
 159 | 2.71e-06
 160 | 2.34e-06
 161 | 2.01e-06
 162 | 1.72e-06
 163 | 1.44e-06
 164 | 1.17e-06
 165 | 9.91e-07
 166 | 8.35e-07
 167 | 6.58e-07
 168 | 5.48e-07
 169 | 4.59e-07
 170 | 3.86e-07
 171 | 3.25e-07
 172 | 2.72e-07
 173 | 2.30e-07
 174 | 1.97e-07
 175 | 9.29e-08
[2025-11-20 21:24:32] Run completed in 15.31 minutes
[2025-11-20 21:24:35] Saved NMF result to: /zata/zippy/kresgeb/nmf_stuff/dlPFC/data/batched_nmf/nmf_k60_seed120301_tol1e-07_L10.7.rds
[2025-11-20 21:24:35] Appended run metadata to summary.tsv
[2025-11-20 21:24:35] --------------------------------------------
[2025-11-20 21:24:35] Starting run 737 / 750: k=70, seed=120301, tol=1e-07, L1=0.7
[2025-11-20 21:24:35] --------------------------------------------

iter |      tol 
---------------
   1 | 9.65e-01
   2 | 1.06e-01
   3 | 3.78e-02
   4 | 2.05e-02
   5 | 1.38e-02
   6 | 1.01e-02
   7 | 7.11e-03
   8 | 5.76e-03
   9 | 4.78e-03
  10 | 3.83e-03
  11 | 3.33e-03
  12 | 3.02e-03
  13 | 2.65e-03
  14 | 2.34e-03
  15 | 2.08e-03
  16 | 1.84e-03
  17 | 1.65e-03
  18 | 1.55e-03
  19 | 1.40e-03
  20 | 1.30e-03
  21 | 1.26e-03
  22 | 1.32e-03
  23 | 1.37e-03
  24 | 1.42e-03
  25 | 1.33e-03
  26 | 1.33e-03
  27 | 1.41e-03
  28 | 1.47e-03
  29 | 1.49e-03
  30 | 1.84e-03
  31 | 2.04e-03
  32 | 1.99e-03
  33 | 1.73e-03
  34 | 1.20e-03
  35 | 6.78e-04
  36 | 3.97e-04
  37 | 2.71e-04
  38 | 2.42e-04
  39 | 2.50e-04
  40 | 2.44e-04
  41 | 2.81e-04
  42 | 3.04e-04
  43 | 3.34e-04
  44 | 3.61e-04
  45 | 3.12e-04
  46 | 2.79e-04
  47 | 2.33e-04
  48 | 1.96e-04
  49 | 1.52e-04
  50 | 1.51e-04
  51 | 1.54e-04
  52 | 1.64e-04
  53 | 1.79e-04
  54 | 1.96e-04
  55 | 2.13e-04
  56 | 2.26e-04
  57 | 2.18e-04
  58 | 2.16e-04
  59 | 2.10e-04
  60 | 1.52e-04
  61 | 7.52e-05
  62 | 6.20e-05
  63 | 3.81e-05
  64 | 2.98e-05
  65 | 2.65e-05
  66 | 2.46e-05
  67 | 2.29e-05
  68 | 2.07e-05
  69 | 2.14e-05
  70 | 2.24e-05
  71 | 2.11e-05
  72 | 2.20e-05
  73 | 2.22e-05
  74 | 2.22e-05
  75 | 2.32e-05
  76 | 2.62e-05
  77 | 3.03e-05
  78 | 3.54e-05
  79 | 4.19e-05
  80 | 5.15e-05
  81 | 6.40e-05
  82 | 7.11e-05
  83 | 8.68e-05
  84 | 1.10e-04
  85 | 1.35e-04
  86 | 1.60e-04
  87 | 1.92e-04
  88 | 2.22e-04
  89 | 1.75e-04
  90 | 1.46e-04
  91 | 1.49e-04
  92 | 1.50e-04
  93 | 1.41e-04
  94 | 1.16e-04
  95 | 9.32e-05
  96 | 7.41e-05
  97 | 6.06e-05
  98 | 4.85e-05
  99 | 3.82e-05
 100 | 3.03e-05
 101 | 2.43e-05
 102 | 2.09e-05
 103 | 1.86e-05
 104 | 1.69e-05
 105 | 1.56e-05
 106 | 1.47e-05
 107 | 1.40e-05
 108 | 1.31e-05
 109 | 1.27e-05
 110 | 1.24e-05
 111 | 1.23e-05
 112 | 1.21e-05
 113 | 1.15e-05
 114 | 1.11e-05
 115 | 1.11e-05
 116 | 1.12e-05
 117 | 1.14e-05
 118 | 1.15e-05
 119 | 1.16e-05
 120 | 1.18e-05
 121 | 1.21e-05
 122 | 1.16e-05
 123 | 1.15e-05
 124 | 1.17e-05
 125 | 1.17e-05
 126 | 1.04e-05
 127 | 9.67e-06
 128 | 9.18e-06
 129 | 8.51e-06
 130 | 7.96e-06
 131 | 6.87e-06
 132 | 5.41e-06
 133 | 4.84e-06
 134 | 4.34e-06
 135 | 3.82e-06
 136 | 3.62e-06
 137 | 3.45e-06
 138 | 3.31e-06
 139 | 3.14e-06
 140 | 3.05e-06
 141 | 2.99e-06
 142 | 2.97e-06
 143 | 2.91e-06
 144 | 2.88e-06
 145 | 2.86e-06
 146 | 2.85e-06
 147 | 2.81e-06
 148 | 2.77e-06
 149 | 2.68e-06
 150 | 2.47e-06
 151 | 2.36e-06
 152 | 2.27e-06
 153 | 2.21e-06
 154 | 2.17e-06
 155 | 2.16e-06
 156 | 2.16e-06
 157 | 2.18e-06
 158 | 2.20e-06
 159 | 2.22e-06
 160 | 2.26e-06
 161 | 2.29e-06
 162 | 2.33e-06
 163 | 2.40e-06
 164 | 2.48e-06
 165 | 2.57e-06
 166 | 2.69e-06
 167 | 2.83e-06
 168 | 3.01e-06
 169 | 3.08e-06
 170 | 2.81e-06
 171 | 3.14e-06
 172 | 3.47e-06
 173 | 3.94e-06
 174 | 4.52e-06
 175 | 5.10e-06
 176 | 5.81e-06
 177 | 6.57e-06
 178 | 7.21e-06
 179 | 8.41e-06
 180 | 9.09e-06
 181 | 1.02e-05
 182 | 1.03e-05
 183 | 1.12e-05
 184 | 1.23e-05
 185 | 1.33e-05
 186 | 1.42e-05
 187 | 1.47e-05
 188 | 1.55e-05
 189 | 1.59e-05
 190 | 1.46e-05
 191 | 1.19e-05
 192 | 8.15e-06
 193 | 6.50e-06
 194 | 5.34e-06
 195 | 4.48e-06
 196 | 3.82e-06
 197 | 3.28e-06
 198 | 2.86e-06
 199 | 2.58e-06
 200 | 2.35e-06
 201 | 2.13e-06
 202 | 1.95e-06
 203 | 1.78e-06
 204 | 1.72e-06
 205 | 1.71e-06
 206 | 1.74e-06
 207 | 1.77e-06
 208 | 1.82e-06
 209 | 1.93e-06
 210 | 2.10e-06
 211 | 2.29e-06
 212 | 2.49e-06
 213 | 2.74e-06
 214 | 3.00e-06
 215 | 3.31e-06
 216 | 3.66e-06
 217 | 3.98e-06
 218 | 4.27e-06
 219 | 4.58e-06
 220 | 4.68e-06
 221 | 4.85e-06
 222 | 5.02e-06
 223 | 5.19e-06
 224 | 5.34e-06
 225 | 5.48e-06
 226 | 5.62e-06
 227 | 5.68e-06
 228 | 5.58e-06
 229 | 5.28e-06
 230 | 5.26e-06
 231 | 5.00e-06
 232 | 4.68e-06
 233 | 4.54e-06
 234 | 4.44e-06
 235 | 4.34e-06
 236 | 4.34e-06
 237 | 4.41e-06
 238 | 4.46e-06
 239 | 4.52e-06
 240 | 4.58e-06
 241 | 4.51e-06
 242 | 4.39e-06
 243 | 4.35e-06
 244 | 4.34e-06
 245 | 4.28e-06
 246 | 4.19e-06
 247 | 4.21e-06
 248 | 4.21e-06
 249 | 4.18e-06
 250 | 4.15e-06
 251 | 4.24e-06
 252 | 4.37e-06
 253 | 4.55e-06
 254 | 4.72e-06
 255 | 4.88e-06
 256 | 5.00e-06
 257 | 5.03e-06
 258 | 5.13e-06
 259 | 5.26e-06
 260 | 5.40e-06
 261 | 5.40e-06
 262 | 4.93e-06
 263 | 4.66e-06
 264 | 4.45e-06
 265 | 4.22e-06
 266 | 4.03e-06
 267 | 3.93e-06
 268 | 3.77e-06
 269 | 3.71e-06
 270 | 3.70e-06
 271 | 3.64e-06
 272 | 3.66e-06
 273 | 3.74e-06
 274 | 3.58e-06
 275 | 3.55e-06
 276 | 3.55e-06
 277 | 3.62e-06
 278 | 3.74e-06
 279 | 3.91e-06
 280 | 3.77e-06
 281 | 3.69e-06
 282 | 3.83e-06
 283 | 3.97e-06
 284 | 4.10e-06
 285 | 4.17e-06
 286 | 4.24e-06
 287 | 4.20e-06
 288 | 4.13e-06
 289 | 3.60e-06
 290 | 3.34e-06
 291 | 3.06e-06
 292 | 2.81e-06
 293 | 2.31e-06
 294 | 2.03e-06
 295 | 1.85e-06
 296 | 1.71e-06
 297 | 1.59e-06
 298 | 1.51e-06
 299 | 1.44e-06
 300 | 1.41e-06
 301 | 1.41e-06
 302 | 1.45e-06
 303 | 1.55e-06
 304 | 1.75e-06
 305 | 2.02e-06
 306 | 2.40e-06
 307 | 2.85e-06
 308 | 3.27e-06
 309 | 3.55e-06
 310 | 3.61e-06
 311 | 3.30e-06
 312 | 2.79e-06
 313 | 2.26e-06
 314 | 1.87e-06
 315 | 1.61e-06
 316 | 1.35e-06
 317 | 1.18e-06
 318 | 1.06e-06
 319 | 9.61e-07
 320 | 8.71e-07
 321 | 8.13e-07
 322 | 6.50e-07
 323 | 5.84e-07
 324 | 5.36e-07
 325 | 4.97e-07
 326 | 4.65e-07
 327 | 4.36e-07
 328 | 4.07e-07
 329 | 3.83e-07
 330 | 3.67e-07
 331 | 3.53e-07
 332 | 3.41e-07
 333 | 3.31e-07
 334 | 3.21e-07
 335 | 3.12e-07
 336 | 3.03e-07
 337 | 2.96e-07
 338 | 2.89e-07
 339 | 2.83e-07
 340 | 2.77e-07
 341 | 2.72e-07
 342 | 2.50e-07
 343 | 2.38e-07
 344 | 2.09e-07
 345 | 1.98e-07
 346 | 1.87e-07
 347 | 1.80e-07
 348 | 1.73e-07
 349 | 1.66e-07
 350 | 1.60e-07
 351 | 1.54e-07
 352 | 1.49e-07
 353 | 1.42e-07
 354 | 1.37e-07
 355 | 1.33e-07
 356 | 1.24e-07
 357 | 1.20e-07
 358 | 1.18e-07
 359 | 1.16e-07
 360 | 1.14e-07
 361 | 1.13e-07
 362 | 1.11e-07
 363 | 1.10e-07
 364 | 1.09e-07
 365 | 1.08e-07
 366 | 1.07e-07
 367 | 1.06e-07
 368 | 1.05e-07
 369 | 1.04e-07
 370 | 1.02e-07
 371 | 1.01e-07
 372 | 1.00e-07
 373 | 9.93e-08
[2025-11-20 22:02:53] Run completed in 38.29 minutes
[2025-11-20 22:02:57] Saved NMF result to: /zata/zippy/kresgeb/nmf_stuff/dlPFC/data/batched_nmf/nmf_k70_seed120301_tol1e-07_L10.7.rds
[2025-11-20 22:02:57] Appended run metadata to summary.tsv
[2025-11-20 22:02:57] --------------------------------------------
[2025-11-20 22:02:57] Starting run 738 / 750: k=80, seed=120301, tol=1e-07, L1=0.7
[2025-11-20 22:02:57] --------------------------------------------

iter |      tol 
---------------
   1 | 9.65e-01
   2 | 9.27e-02
   3 | 3.56e-02
   4 | 2.01e-02
   5 | 1.30e-02
   6 | 9.42e-03
   7 | 6.81e-03
   8 | 5.21e-03
   9 | 4.38e-03
  10 | 3.88e-03
  11 | 3.55e-03
  12 | 3.06e-03
  13 | 2.63e-03
  14 | 2.32e-03
  15 | 2.12e-03
  16 | 2.01e-03
  17 | 1.87e-03
  18 | 1.83e-03
  19 | 1.76e-03
  20 | 1.60e-03
  21 | 1.43e-03
  22 | 1.28e-03
  23 | 1.28e-03
  24 | 1.17e-03
  25 | 1.03e-03
  26 | 9.07e-04
  27 | 7.81e-04
  28 | 7.33e-04
  29 | 7.08e-04
  30 | 7.30e-04
  31 | 7.31e-04
  32 | 7.81e-04
  33 | 7.33e-04
  34 | 6.68e-04
  35 | 6.88e-04
  36 | 6.80e-04
  37 | 7.13e-04
  38 | 7.02e-04
  39 | 6.35e-04
  40 | 5.35e-04
  41 | 4.54e-04
  42 | 3.55e-04
  43 | 3.00e-04
  44 | 2.53e-04
  45 | 2.00e-04
  46 | 1.42e-04
  47 | 1.34e-04
  48 | 1.28e-04
  49 | 1.33e-04
  50 | 1.44e-04
  51 | 1.63e-04
  52 | 1.47e-04
  53 | 1.93e-04
  54 | 2.71e-04
  55 | 3.93e-04
  56 | 4.97e-04
  57 | 5.31e-04
  58 | 4.91e-04
  59 | 4.47e-04
  60 | 4.15e-04
  61 | 3.92e-04
  62 | 3.65e-04
  63 | 3.07e-04
  64 | 2.43e-04
  65 | 1.79e-04
  66 | 1.10e-04
  67 | 9.68e-05
  68 | 7.85e-05
  69 | 6.25e-05
  70 | 4.16e-05
  71 | 3.22e-05
  72 | 2.61e-05
  73 | 2.14e-05
  74 | 1.90e-05
  75 | 1.62e-05
  76 | 1.47e-05
  77 | 1.36e-05
  78 | 1.30e-05
  79 | 1.29e-05
  80 | 1.23e-05
  81 | 1.24e-05
  82 | 1.27e-05
  83 | 1.25e-05
  84 | 1.23e-05
  85 | 1.21e-05
  86 | 1.21e-05
  87 | 1.21e-05
  88 | 1.16e-05
  89 | 1.11e-05
  90 | 1.02e-05
  91 | 9.39e-06
  92 | 8.79e-06
  93 | 8.32e-06
  94 | 7.81e-06
  95 | 7.37e-06
  96 | 7.13e-06
  97 | 7.01e-06
  98 | 6.63e-06
  99 | 6.27e-06
 100 | 6.04e-06
 101 | 5.81e-06
 102 | 5.37e-06
 103 | 4.96e-06
 104 | 4.50e-06
 105 | 4.23e-06
 106 | 4.00e-06
 107 | 3.80e-06
 108 | 3.71e-06
 109 | 3.59e-06
 110 | 3.53e-06
 111 | 3.51e-06
 112 | 3.51e-06
 113 | 3.54e-06
 114 | 3.60e-06
 115 | 3.70e-06
 116 | 3.86e-06
 117 | 3.85e-06
 118 | 3.96e-06
 119 | 4.04e-06
 120 | 4.19e-06
 121 | 4.37e-06
 122 | 4.63e-06
 123 | 4.94e-06
 124 | 5.12e-06
 125 | 5.43e-06
 126 | 5.82e-06
 127 | 6.21e-06
 128 | 6.55e-06
 129 | 7.00e-06
 130 | 7.49e-06
 131 | 8.05e-06
 132 | 8.62e-06
 133 | 8.57e-06
 134 | 8.53e-06
 135 | 8.34e-06
 136 | 7.77e-06
 137 | 7.61e-06
 138 | 7.36e-06
 139 | 6.65e-06
 140 | 6.62e-06
 141 | 6.57e-06
 142 | 6.49e-06
 143 | 6.13e-06
 144 | 5.93e-06
 145 | 5.59e-06
 146 | 5.40e-06
 147 | 5.11e-06
 148 | 4.29e-06
 149 | 3.96e-06
 150 | 3.76e-06
 151 | 3.62e-06
 152 | 3.45e-06
 153 | 3.29e-06
 154 | 3.04e-06
 155 | 2.91e-06
 156 | 2.37e-06
 157 | 2.23e-06
 158 | 2.10e-06
 159 | 1.97e-06
 160 | 1.88e-06
 161 | 1.79e-06
 162 | 1.67e-06
 163 | 1.43e-06
 164 | 1.35e-06
 165 | 1.29e-06
 166 | 1.24e-06
 167 | 1.20e-06
 168 | 1.17e-06
 169 | 1.15e-06
 170 | 1.10e-06
 171 | 1.07e-06
 172 | 1.03e-06
 173 | 1.00e-06
 174 | 9.58e-07
 175 | 9.31e-07
 176 | 9.08e-07
 177 | 8.86e-07
 178 | 8.13e-07
 179 | 6.48e-07
 180 | 6.14e-07
 181 | 5.91e-07
 182 | 5.73e-07
 183 | 5.57e-07
 184 | 5.43e-07
 185 | 5.32e-07
 186 | 5.25e-07
 187 | 5.21e-07
 188 | 5.18e-07
 189 | 5.16e-07
 190 | 5.18e-07
 191 | 5.24e-07
 192 | 5.25e-07
 193 | 5.28e-07
 194 | 5.41e-07
 195 | 5.54e-07
 196 | 4.36e-07
 197 | 4.35e-07
 198 | 4.47e-07
 199 | 4.58e-07
 200 | 4.74e-07
 201 | 4.95e-07
 202 | 5.20e-07
 203 | 5.49e-07
 204 | 5.64e-07
 205 | 5.74e-07
 206 | 6.01e-07
 207 | 6.38e-07
 208 | 6.99e-07
 209 | 7.75e-07
 210 | 8.59e-07
 211 | 9.57e-07
 212 | 1.06e-06
 213 | 1.17e-06
 214 | 1.26e-06
 215 | 1.37e-06
 216 | 1.47e-06
 217 | 1.57e-06
 218 | 1.65e-06
 219 | 1.73e-06
 220 | 1.81e-06
 221 | 1.88e-06
 222 | 1.96e-06
 223 | 2.04e-06
 224 | 2.07e-06
 225 | 2.14e-06
 226 | 2.21e-06
 227 | 2.25e-06
 228 | 2.28e-06
 229 | 2.33e-06
 230 | 2.38e-06
 231 | 2.40e-06
 232 | 2.43e-06
 233 | 2.46e-06
 234 | 2.49e-06
 235 | 2.36e-06
 236 | 2.15e-06
 237 | 2.10e-06
 238 | 2.02e-06
 239 | 1.94e-06
 240 | 1.87e-06
 241 | 1.80e-06
 242 | 1.72e-06
 243 | 1.63e-06
 244 | 1.56e-06
 245 | 1.50e-06
 246 | 1.43e-06
 247 | 1.35e-06
 248 | 1.28e-06
 249 | 1.18e-06
 250 | 1.05e-06
 251 | 8.65e-07
 252 | 7.64e-07
 253 | 6.84e-07
 254 | 6.03e-07
 255 | 5.39e-07
 256 | 4.81e-07
 257 | 4.29e-07
 258 | 3.86e-07
 259 | 3.53e-07
 260 | 3.25e-07
 261 | 3.03e-07
 262 | 2.82e-07
 263 | 2.63e-07
 264 | 2.44e-07
 265 | 2.27e-07
 266 | 2.10e-07
 267 | 1.95e-07
 268 | 1.81e-07
 269 | 1.70e-07
 270 | 1.60e-07
 271 | 1.52e-07
 272 | 1.46e-07
 273 | 1.41e-07
 274 | 1.39e-07
 275 | 1.39e-07
 276 | 1.43e-07
 277 | 1.50e-07
 278 | 1.62e-07
 279 | 1.80e-07
 280 | 2.04e-07
 281 | 2.36e-07
 282 | 2.78e-07
 283 | 3.32e-07
 284 | 4.02e-07
 285 | 4.92e-07
 286 | 6.12e-07
 287 | 7.64e-07
 288 | 9.63e-07
 289 | 1.23e-06
 290 | 1.64e-06
 291 | 2.17e-06
 292 | 2.86e-06
 293 | 3.76e-06
 294 | 4.96e-06
 295 | 6.59e-06
 296 | 4.96e-06
 297 | 3.15e-07
 298 | 2.60e-07
 299 | 2.22e-07
 300 | 1.94e-07
 301 | 1.73e-07
 302 | 1.53e-07
 303 | 1.32e-07
 304 | 1.18e-07
 305 | 1.06e-07
 306 | 9.02e-08
[2025-11-20 22:40:40] Run completed in 37.73 minutes
[2025-11-20 22:40:45] Saved NMF result to: /zata/zippy/kresgeb/nmf_stuff/dlPFC/data/batched_nmf/nmf_k80_seed120301_tol1e-07_L10.7.rds
[2025-11-20 22:40:45] Appended run metadata to summary.tsv
[2025-11-20 22:40:45] --------------------------------------------
[2025-11-20 22:40:45] Starting run 739 / 750: k=90, seed=120301, tol=1e-07, L1=0.7
[2025-11-20 22:40:45] --------------------------------------------

iter |      tol 
---------------
   1 | 9.64e-01
   2 | 8.98e-02
   3 | 3.37e-02
   4 | 1.99e-02
   5 | 1.32e-02
   6 | 9.30e-03
   7 | 7.15e-03
   8 | 6.00e-03
   9 | 5.29e-03
  10 | 4.69e-03
  11 | 4.34e-03
  12 | 4.06e-03
  13 | 4.01e-03
  14 | 3.40e-03
  15 | 3.58e-03
  16 | 3.85e-03
  17 | 3.70e-03
  18 | 3.00e-03
  19 | 2.62e-03
  20 | 2.10e-03
  21 | 2.00e-03
  22 | 2.40e-03
  23 | 3.15e-03
  24 | 4.19e-03
  25 | 3.47e-03
  26 | 1.84e-03
  27 | 1.08e-03
  28 | 8.34e-04
  29 | 7.94e-04
  30 | 8.38e-04
  31 | 7.84e-04
  32 | 7.09e-04
  33 | 5.91e-04
  34 | 3.82e-04
  35 | 2.59e-04
  36 | 2.00e-04
  37 | 1.85e-04
  38 | 1.61e-04
  39 | 1.36e-04
  40 | 1.27e-04
  41 | 1.25e-04
  42 | 9.53e-05
  43 | 8.55e-05
  44 | 7.97e-05
  45 | 8.04e-05
  46 | 8.05e-05
  47 | 8.18e-05
  48 | 8.46e-05
  49 | 7.97e-05
  50 | 8.26e-05
  51 | 7.78e-05
  52 | 8.23e-05
  53 | 8.82e-05
  54 | 9.49e-05
  55 | 9.09e-05
  56 | 9.40e-05
  57 | 9.10e-05
  58 | 9.41e-05
  59 | 1.03e-04
  60 | 1.14e-04
  61 | 1.28e-04
  62 | 1.36e-04
  63 | 1.39e-04
  64 | 1.37e-04
  65 | 1.40e-04
  66 | 1.55e-04
  67 | 1.84e-04
  68 | 2.26e-04
  69 | 2.53e-04
  70 | 2.52e-04
  71 | 1.87e-04
  72 | 1.34e-04
  73 | 8.76e-05
  74 | 5.89e-05
  75 | 4.54e-05
  76 | 3.97e-05
  77 | 3.75e-05
  78 | 3.75e-05
  79 | 3.71e-05
  80 | 3.76e-05
  81 | 3.90e-05
  82 | 4.01e-05
  83 | 4.09e-05
  84 | 4.26e-05
  85 | 4.18e-05
  86 | 3.63e-05
  87 | 3.88e-05
  88 | 4.35e-05
  89 | 4.57e-05
  90 | 4.52e-05
  91 | 4.26e-05
  92 | 4.61e-05
  93 | 5.33e-05
  94 | 6.55e-05
  95 | 8.49e-05
  96 | 1.05e-04
  97 | 1.33e-04
  98 | 1.19e-04
  99 | 1.31e-04
 100 | 1.41e-04
 101 | 8.87e-05
 102 | 4.12e-05
 103 | 2.35e-05
 104 | 2.11e-05
 105 | 2.02e-05
 106 | 1.99e-05
 107 | 2.06e-05
 108 | 2.06e-05
 109 | 2.27e-05
 110 | 2.62e-05
 111 | 3.12e-05
 112 | 2.99e-05
 113 | 3.54e-05
 114 | 4.43e-05
 115 | 5.35e-05
 116 | 6.67e-05
 117 | 7.97e-05
 118 | 1.01e-04
 119 | 1.40e-04
 120 | 1.84e-04
 121 | 2.30e-04
 122 | 2.04e-04
 123 | 1.60e-04
 124 | 8.17e-05
 125 | 3.40e-05
 126 | 2.11e-05
 127 | 1.15e-05
 128 | 7.25e-06
 129 | 5.20e-06
 130 | 3.37e-06
 131 | 3.00e-06
 132 | 2.96e-06
 133 | 3.04e-06
 134 | 3.16e-06
 135 | 3.23e-06
 136 | 3.32e-06
 137 | 3.34e-06
 138 | 3.31e-06
 139 | 3.09e-06
 140 | 2.80e-06
 141 | 2.61e-06
 142 | 2.50e-06
 143 | 2.43e-06
 144 | 2.34e-06
 145 | 2.27e-06
 146 | 2.21e-06
 147 | 2.10e-06
 148 | 1.97e-06
 149 | 1.82e-06
 150 | 1.68e-06
 151 | 1.55e-06
 152 | 1.44e-06
 153 | 1.33e-06
 154 | 1.24e-06
 155 | 1.17e-06
 156 | 1.13e-06
 157 | 1.12e-06
 158 | 1.10e-06
 159 | 1.07e-06
 160 | 1.05e-06
 161 | 1.05e-06
 162 | 1.06e-06
 163 | 1.07e-06
 164 | 1.09e-06
 165 | 1.12e-06
 166 | 1.15e-06
 167 | 1.17e-06
 168 | 1.20e-06
 169 | 1.13e-06
 170 | 1.14e-06
 171 | 1.17e-06
 172 | 1.20e-06
 173 | 1.24e-06
 174 | 1.25e-06
 175 | 1.27e-06
 176 | 1.30e-06
 177 | 1.32e-06
 178 | 1.30e-06
 179 | 1.32e-06
 180 | 1.33e-06
 181 | 1.35e-06
 182 | 1.37e-06
 183 | 1.39e-06
 184 | 1.38e-06
 185 | 1.39e-06
 186 | 1.42e-06
 187 | 1.46e-06
 188 | 1.53e-06
 189 | 1.61e-06
 190 | 1.71e-06
 191 | 1.81e-06
 192 | 1.89e-06
 193 | 2.05e-06
 194 | 2.23e-06
 195 | 2.47e-06
 196 | 2.75e-06
 197 | 3.05e-06
 198 | 3.40e-06
 199 | 3.78e-06
 200 | 4.05e-06
 201 | 4.46e-06
 202 | 4.85e-06
 203 | 5.21e-06
 204 | 5.40e-06
 205 | 5.62e-06
 206 | 5.78e-06
 207 | 5.69e-06
 208 | 5.69e-06
 209 | 5.55e-06
 210 | 5.39e-06
 211 | 5.19e-06
 212 | 4.89e-06
 213 | 4.53e-06
 214 | 4.22e-06
 215 | 3.76e-06
 216 | 3.37e-06
 217 | 3.04e-06
 218 | 2.73e-06
 219 | 2.34e-06
 220 | 2.08e-06
 221 | 1.88e-06
 222 | 1.71e-06
 223 | 1.57e-06
 224 | 1.45e-06
 225 | 1.33e-06
 226 | 1.23e-06
 227 | 1.17e-06
 228 | 1.11e-06
 229 | 1.02e-06
 230 | 9.62e-07
 231 | 9.29e-07
 232 | 9.09e-07
 233 | 8.82e-07
 234 | 8.57e-07
 235 | 8.37e-07
 236 | 8.19e-07
 237 | 7.97e-07
 238 | 7.58e-07
 239 | 7.21e-07
 240 | 6.96e-07
 241 | 6.73e-07
 242 | 6.52e-07
 243 | 6.31e-07
 244 | 6.13e-07
 245 | 5.95e-07
 246 | 5.81e-07
 247 | 5.68e-07
 248 | 5.57e-07
 249 | 5.45e-07
 250 | 5.36e-07
 251 | 5.32e-07
 252 | 5.08e-07
 253 | 4.69e-07
 254 | 4.29e-07
 255 | 4.14e-07
 256 | 4.00e-07
 257 | 3.88e-07
 258 | 3.79e-07
 259 | 3.72e-07
 260 | 3.65e-07
 261 | 3.60e-07
 262 | 3.55e-07
 263 | 3.51e-07
 264 | 3.47e-07
 265 | 3.43e-07
 266 | 3.38e-07
 267 | 3.32e-07
 268 | 3.27e-07
 269 | 3.23e-07
 270 | 3.20e-07
 271 | 3.19e-07
 272 | 3.19e-07
 273 | 3.19e-07
 274 | 3.18e-07
 275 | 3.19e-07
 276 | 3.15e-07
 277 | 2.91e-07
 278 | 2.87e-07
 279 | 2.85e-07
 280 | 2.82e-07
 281 | 2.78e-07
 282 | 2.73e-07
 283 | 2.69e-07
 284 | 2.65e-07
 285 | 2.60e-07
 286 | 2.55e-07
 287 | 2.49e-07
 288 | 2.44e-07
 289 | 2.36e-07
 290 | 2.32e-07
 291 | 2.28e-07
 292 | 2.23e-07
 293 | 2.18e-07
 294 | 2.13e-07
 295 | 2.07e-07
 296 | 2.00e-07
 297 | 1.95e-07
 298 | 1.90e-07
 299 | 1.85e-07
 300 | 1.80e-07
 301 | 1.76e-07
 302 | 1.73e-07
 303 | 1.68e-07
 304 | 1.63e-07
 305 | 1.54e-07
 306 | 1.47e-07
 307 | 1.41e-07
 308 | 1.36e-07
 309 | 1.31e-07
 310 | 1.28e-07
 311 | 1.25e-07
 312 | 1.23e-07
 313 | 1.21e-07
 314 | 1.19e-07
 315 | 1.18e-07
 316 | 1.17e-07
 317 | 1.15e-07
 318 | 1.14e-07
 319 | 1.13e-07
 320 | 1.12e-07
 321 | 1.12e-07
 322 | 1.12e-07
 323 | 1.10e-07
 324 | 1.09e-07
 325 | 1.08e-07
 326 | 1.08e-07
 327 | 1.08e-07
 328 | 1.08e-07
 329 | 1.08e-07
 330 | 1.08e-07
 331 | 1.07e-07
 332 | 1.07e-07
 333 | 1.07e-07
 334 | 1.08e-07
 335 | 1.08e-07
 336 | 1.08e-07
 337 | 1.08e-07
 338 | 1.07e-07
 339 | 1.07e-07
 340 | 1.07e-07
 341 | 1.06e-07
 342 | 1.06e-07
 343 | 1.06e-07
 344 | 1.06e-07
 345 | 1.06e-07
 346 | 1.06e-07
 347 | 1.07e-07
 348 | 1.07e-07
 349 | 1.07e-07
 350 | 1.05e-07
 351 | 1.04e-07
 352 | 1.02e-07
 353 | 1.01e-07
 354 | 9.94e-08
[2025-11-20 23:32:58] Run completed in 52.23 minutes
[2025-11-20 23:33:03] Saved NMF result to: /zata/zippy/kresgeb/nmf_stuff/dlPFC/data/batched_nmf/nmf_k90_seed120301_tol1e-07_L10.7.rds
[2025-11-20 23:33:03] Appended run metadata to summary.tsv
[2025-11-20 23:33:03] --------------------------------------------
[2025-11-20 23:33:03] Starting run 740 / 750: k=100, seed=120301, tol=1e-07, L1=0.7
[2025-11-20 23:33:03] --------------------------------------------

iter |      tol 
---------------
   1 | 9.62e-01
   2 | 8.89e-02
   3 | 3.44e-02
   4 | 2.14e-02
   5 | 1.48e-02
   6 | 1.07e-02
   7 | 8.63e-03
   8 | 7.90e-03
   9 | 6.53e-03
  10 | 5.32e-03
  11 | 4.63e-03
  12 | 4.23e-03
  13 | 3.60e-03
  14 | 3.84e-03
  15 | 4.12e-03
  16 | 4.08e-03
  17 | 3.06e-03
  18 | 2.78e-03
  19 | 2.74e-03
  20 | 2.56e-03
  21 | 2.33e-03
  22 | 2.49e-03
  23 | 2.91e-03
  24 | 2.18e-03
  25 | 1.24e-03
  26 | 1.04e-03
  27 | 9.66e-04
  28 | 9.46e-04
  29 | 1.03e-03
  30 | 1.06e-03
  31 | 1.13e-03
  32 | 1.10e-03
  33 | 9.16e-04
  34 | 7.11e-04
  35 | 4.89e-04
  36 | 3.50e-04
  37 | 2.80e-04
  38 | 2.36e-04
  39 | 2.14e-04
  40 | 2.05e-04
  41 | 2.00e-04
  42 | 1.97e-04
  43 | 2.03e-04
  44 | 2.03e-04
  45 | 2.00e-04
  46 | 1.99e-04
  47 | 1.98e-04
  48 | 1.87e-04
  49 | 2.08e-04
  50 | 2.52e-04
  51 | 3.09e-04
  52 | 3.64e-04
  53 | 4.17e-04
  54 | 4.33e-04
  55 | 4.60e-04
  56 | 4.34e-04
  57 | 3.53e-04
  58 | 2.74e-04
  59 | 2.44e-04
  60 | 2.46e-04
  61 | 2.51e-04
  62 | 2.38e-04
  63 | 1.73e-04
  64 | 1.59e-04
  65 | 1.44e-04
  66 | 1.24e-04
  67 | 1.14e-04
  68 | 1.06e-04
  69 | 1.00e-04
  70 | 7.93e-05
  71 | 8.49e-05
  72 | 1.13e-04
  73 | 1.30e-04
  74 | 1.40e-04
  75 | 1.45e-04
  76 | 1.53e-04
  77 | 1.45e-04
  78 | 1.18e-04
  79 | 9.18e-05
  80 | 6.88e-05
  81 | 4.97e-05
  82 | 3.73e-05
  83 | 3.60e-05
  84 | 3.80e-05
  85 | 4.39e-05
  86 | 4.77e-05
  87 | 5.28e-05
  88 | 5.85e-05
  89 | 6.42e-05
  90 | 6.58e-05
  91 | 4.60e-05
  92 | 3.77e-05
  93 | 3.71e-05
  94 | 3.88e-05
  95 | 4.12e-05
  96 | 4.21e-05
  97 | 4.07e-05
  98 | 4.31e-05
  99 | 4.47e-05
 100 | 4.46e-05
 101 | 4.33e-05
 102 | 4.45e-05
 103 | 4.65e-05
 104 | 4.97e-05
 105 | 5.39e-05
 106 | 5.60e-05
 107 | 6.21e-05
 108 | 6.87e-05
 109 | 6.66e-05
 110 | 6.17e-05
 111 | 4.03e-05
 112 | 2.47e-05
 113 | 1.72e-05
 114 | 1.08e-05
 115 | 7.30e-06
 116 | 5.86e-06
 117 | 5.09e-06
 118 | 3.54e-06
 119 | 3.30e-06
 120 | 3.13e-06
 121 | 3.04e-06
 122 | 2.97e-06
 123 | 2.90e-06
 124 | 2.91e-06
 125 | 3.01e-06
 126 | 3.19e-06
 127 | 3.38e-06
 128 | 3.58e-06
 129 | 3.52e-06
 130 | 3.59e-06
 131 | 3.73e-06
 132 | 3.91e-06
 133 | 3.77e-06
 134 | 3.63e-06
 135 | 3.63e-06
 136 | 3.65e-06
 137 | 3.67e-06
 138 | 3.63e-06
 139 | 3.49e-06
 140 | 3.45e-06
 141 | 3.50e-06
 142 | 3.64e-06
 143 | 3.91e-06
 144 | 4.08e-06
 145 | 4.39e-06
 146 | 4.91e-06
 147 | 5.32e-06
 148 | 5.74e-06
 149 | 6.36e-06
 150 | 7.23e-06
 151 | 7.93e-06
 152 | 9.25e-06
 153 | 1.10e-05
 154 | 1.23e-05
 155 | 1.40e-05
 156 | 1.62e-05
 157 | 1.88e-05
 158 | 2.17e-05
 159 | 2.44e-05
 160 | 2.67e-05
 161 | 3.01e-05
 162 | 3.26e-05
 163 | 3.49e-05
 164 | 3.63e-05
 165 | 3.36e-05
 166 | 2.88e-05
 167 | 2.20e-05
 168 | 1.86e-05
 169 | 1.54e-05
 170 | 1.26e-05
 171 | 9.94e-06
 172 | 8.10e-06
 173 | 6.77e-06
 174 | 5.77e-06
 175 | 5.09e-06
 176 | 4.48e-06
 177 | 4.71e-06
 178 | 5.31e-06
 179 | 6.22e-06
 180 | 7.35e-06
 181 | 8.97e-06
 182 | 1.13e-05
 183 | 1.44e-05
 184 | 1.82e-05
 185 | 2.27e-05
 186 | 2.78e-05
 187 | 3.25e-05
 188 | 2.87e-05
 189 | 3.17e-05
 190 | 3.59e-05
 191 | 3.16e-05
 192 | 3.11e-05
 193 | 3.13e-05
 194 | 3.30e-05
 195 | 3.56e-05
 196 | 3.81e-05
 197 | 4.06e-05
 198 | 4.25e-05
 199 | 4.28e-05
 200 | 4.28e-05
 201 | 3.64e-05
 202 | 3.42e-05
 203 | 3.01e-05
 204 | 2.62e-05
 205 | 2.16e-05
 206 | 1.69e-05
 207 | 1.27e-05
 208 | 9.71e-06
 209 | 7.43e-06
 210 | 5.72e-06
 211 | 4.41e-06
 212 | 3.41e-06
 213 | 2.63e-06
 214 | 2.02e-06
 215 | 1.58e-06
 216 | 1.19e-06
 217 | 8.99e-07
 218 | 7.33e-07
 219 | 6.12e-07
 220 | 3.14e-07
 221 | 2.81e-07
 222 | 2.80e-07
 223 | 2.89e-07
 224 | 2.93e-07
 225 | 2.96e-07
 226 | 2.97e-07
 227 | 2.91e-07
 228 | 2.88e-07
 229 | 2.85e-07
 230 | 2.83e-07
 231 | 2.77e-07
 232 | 2.75e-07
 233 | 2.73e-07
 234 | 2.72e-07
 235 | 2.72e-07
 236 | 2.76e-07
 237 | 2.79e-07
 238 | 2.82e-07
 239 | 2.85e-07
 240 | 2.86e-07
 241 | 2.89e-07
 242 | 2.95e-07
 243 | 3.04e-07
 244 | 3.15e-07
 245 | 3.25e-07
 246 | 3.39e-07
 247 | 3.57e-07
 248 | 3.75e-07
 249 | 3.96e-07
 250 | 4.20e-07
 251 | 4.51e-07
 252 | 4.82e-07
 253 | 5.10e-07
 254 | 5.24e-07
 255 | 5.39e-07
 256 | 5.44e-07
 257 | 5.68e-07
 258 | 5.48e-07
 259 | 5.36e-07
 260 | 5.25e-07
 261 | 5.15e-07
 262 | 5.03e-07
 263 | 4.88e-07
 264 | 4.71e-07
 265 | 4.21e-07
 266 | 3.90e-07
 267 | 3.72e-07
 268 | 3.53e-07
 269 | 3.38e-07
 270 | 3.24e-07
 271 | 3.19e-07
 272 | 2.94e-07
 273 | 2.79e-07
 274 | 2.70e-07
 275 | 2.63e-07
 276 | 2.58e-07
 277 | 2.55e-07
 278 | 2.52e-07
 279 | 2.50e-07
 280 | 2.50e-07
 281 | 2.11e-07
 282 | 2.09e-07
 283 | 2.08e-07
 284 | 2.08e-07
 285 | 2.09e-07
 286 | 2.11e-07
 287 | 2.13e-07
 288 | 2.18e-07
 289 | 2.26e-07
 290 | 2.34e-07
 291 | 2.47e-07
 292 | 2.64e-07
 293 | 2.85e-07
 294 | 3.10e-07
 295 | 3.08e-07
 296 | 3.12e-07
 297 | 3.19e-07
 298 | 3.23e-07
 299 | 3.27e-07
 300 | 3.34e-07
 301 | 3.35e-07
 302 | 3.28e-07
 303 | 3.30e-07
 304 | 3.37e-07
 305 | 3.42e-07
 306 | 3.50e-07
 307 | 3.62e-07
 308 | 3.73e-07
 309 | 3.90e-07
 310 | 4.12e-07
 311 | 4.00e-07
 312 | 4.08e-07
 313 | 4.23e-07
 314 | 4.42e-07
 315 | 4.56e-07
 316 | 4.68e-07
 317 | 4.76e-07
 318 | 4.84e-07
 319 | 4.93e-07
 320 | 4.91e-07
 321 | 4.70e-07
 322 | 4.60e-07
 323 | 4.53e-07
 324 | 4.43e-07
 325 | 4.21e-07
 326 | 4.00e-07
 327 | 3.78e-07
 328 | 3.58e-07
 329 | 3.36e-07
 330 | 3.05e-07
 331 | 2.78e-07
 332 | 2.54e-07
 333 | 2.24e-07
 334 | 1.96e-07
 335 | 1.72e-07
 336 | 1.53e-07
 337 | 1.37e-07
 338 | 1.24e-07
 339 | 1.12e-07
 340 | 9.90e-08
[2025-11-21 00:29:30] Run completed in 56.44 minutes
[2025-11-21 00:29:35] Saved NMF result to: /zata/zippy/kresgeb/nmf_stuff/dlPFC/data/batched_nmf/nmf_k100_seed120301_tol1e-07_L10.7.rds
[2025-11-21 00:29:35] Appended run metadata to summary.tsv
[2025-11-21 00:29:35] --------------------------------------------
[2025-11-21 00:29:35] Starting run 741 / 750: k=10, seed=2025, tol=1e-07, L1=0.7
[2025-11-21 00:29:35] --------------------------------------------

iter |      tol 
---------------
   1 | 9.73e-01
   2 | 1.87e-01
   3 | 5.16e-02
   4 | 2.40e-02
   5 | 1.48e-02
   6 | 1.03e-02
   7 | 7.39e-03
   8 | 3.80e-03
   9 | 1.87e-03
  10 | 1.26e-03
  11 | 9.83e-04
  12 | 6.28e-04
  13 | 5.18e-04
  14 | 4.81e-04
  15 | 4.57e-04
  16 | 2.54e-04
  17 | 1.15e-04
  18 | 8.71e-05
  19 | 8.01e-05
  20 | 7.68e-05
  21 | 7.66e-05
  22 | 7.86e-05
  23 | 8.11e-05
  24 | 8.38e-05
  25 | 8.53e-05
  26 | 8.57e-05
  27 | 8.51e-05
  28 | 8.48e-05
  29 | 8.34e-05
  30 | 7.99e-05
  31 | 7.53e-05
  32 | 7.10e-05
  33 | 6.78e-05
  34 | 6.54e-05
  35 | 6.41e-05
  36 | 6.52e-05
  37 | 6.69e-05
  38 | 6.77e-05
  39 | 6.70e-05
  40 | 6.47e-05
  41 | 5.99e-05
  42 | 5.37e-05
  43 | 4.69e-05
  44 | 4.03e-05
  45 | 3.38e-05
  46 | 2.72e-05
  47 | 2.10e-05
  48 | 1.55e-05
  49 | 1.11e-05
  50 | 7.51e-06
  51 | 4.91e-06
  52 | 3.14e-06
  53 | 1.98e-06
  54 | 1.22e-06
  55 | 7.60e-07
  56 | 4.76e-07
  57 | 3.02e-07
  58 | 1.93e-07
  59 | 1.24e-07
  60 | 8.03e-08
[2025-11-21 00:31:59] Run completed in 2.39 minutes
[2025-11-21 00:31:59] Saved NMF result to: /zata/zippy/kresgeb/nmf_stuff/dlPFC/data/batched_nmf/nmf_k10_seed2025_tol1e-07_L10.7.rds
[2025-11-21 00:31:59] Appended run metadata to summary.tsv
[2025-11-21 00:31:59] --------------------------------------------
[2025-11-21 00:31:59] Starting run 742 / 750: k=20, seed=2025, tol=1e-07, L1=0.7
[2025-11-21 00:31:59] --------------------------------------------

iter |      tol 
---------------
   1 | 9.67e-01
   2 | 1.19e-01
   3 | 4.63e-02
   4 | 2.42e-02
   5 | 1.53e-02
   6 | 1.01e-02
   7 | 7.04e-03
   8 | 5.25e-03
   9 | 4.23e-03
  10 | 4.12e-03
  11 | 3.93e-03
  12 | 3.63e-03
  13 | 3.42e-03
  14 | 3.27e-03
  15 | 2.88e-03
  16 | 2.21e-03
  17 | 1.60e-03
  18 | 1.21e-03
  19 | 9.16e-04
  20 | 6.87e-04
  21 | 5.34e-04
  22 | 4.43e-04
  23 | 3.74e-04
  24 | 3.14e-04
  25 | 2.61e-04
  26 | 2.18e-04
  27 | 1.81e-04
  28 | 1.52e-04
  29 | 1.28e-04
  30 | 1.09e-04
  31 | 9.33e-05
  32 | 8.20e-05
  33 | 7.30e-05
  34 | 6.63e-05
  35 | 6.14e-05
  36 | 5.86e-05
  37 | 5.73e-05
  38 | 5.57e-05
  39 | 5.34e-05
  40 | 4.89e-05
  41 | 4.23e-05
  42 | 3.47e-05
  43 | 2.83e-05
  44 | 2.39e-05
  45 | 2.12e-05
  46 | 1.93e-05
  47 | 1.75e-05
  48 | 1.60e-05
  49 | 1.45e-05
  50 | 1.31e-05
  51 | 1.19e-05
  52 | 1.09e-05
  53 | 9.92e-06
  54 | 9.10e-06
  55 | 8.47e-06
  56 | 7.94e-06
  57 | 7.41e-06
  58 | 6.93e-06
  59 | 6.56e-06
  60 | 6.29e-06
  61 | 6.04e-06
  62 | 5.82e-06
  63 | 5.62e-06
  64 | 5.46e-06
  65 | 5.33e-06
  66 | 5.25e-06
  67 | 5.16e-06
  68 | 5.10e-06
  69 | 5.11e-06
  70 | 5.16e-06
  71 | 5.18e-06
  72 | 5.13e-06
  73 | 5.07e-06
  74 | 4.95e-06
  75 | 4.87e-06
  76 | 4.74e-06
  77 | 4.58e-06
  78 | 4.42e-06
  79 | 4.27e-06
  80 | 4.12e-06
  81 | 3.93e-06
  82 | 3.72e-06
  83 | 3.56e-06
  84 | 3.38e-06
  85 | 3.17e-06
  86 | 2.93e-06
  87 | 2.74e-06
  88 | 2.57e-06
  89 | 2.43e-06
  90 | 2.26e-06
  91 | 2.11e-06
  92 | 1.94e-06
  93 | 1.80e-06
  94 | 1.68e-06
  95 | 1.55e-06
  96 | 1.42e-06
  97 | 1.29e-06
  98 | 1.18e-06
  99 | 1.07e-06
 100 | 9.77e-07
 101 | 8.92e-07
 102 | 8.14e-07
 103 | 7.39e-07
 104 | 6.73e-07
 105 | 6.13e-07
 106 | 5.63e-07
 107 | 5.24e-07
 108 | 4.87e-07
 109 | 4.53e-07
 110 | 4.22e-07
 111 | 3.96e-07
 112 | 3.72e-07
 113 | 3.51e-07
 114 | 3.33e-07
 115 | 3.18e-07
 116 | 3.03e-07
 117 | 2.91e-07
 118 | 2.80e-07
 119 | 2.72e-07
 120 | 2.65e-07
 121 | 2.60e-07
 122 | 2.55e-07
 123 | 2.48e-07
 124 | 2.44e-07
 125 | 2.40e-07
 126 | 2.38e-07
 127 | 2.36e-07
 128 | 2.35e-07
 129 | 2.34e-07
 130 | 2.34e-07
 131 | 2.35e-07
 132 | 2.35e-07
 133 | 2.37e-07
 134 | 2.37e-07
 135 | 2.36e-07
 136 | 2.34e-07
 137 | 2.27e-07
 138 | 2.22e-07
 139 | 2.18e-07
 140 | 2.15e-07
 141 | 2.12e-07
 142 | 2.10e-07
 143 | 2.09e-07
 144 | 2.07e-07
 145 | 2.05e-07
 146 | 2.01e-07
 147 | 1.98e-07
 148 | 1.97e-07
 149 | 1.95e-07
 150 | 1.93e-07
 151 | 1.91e-07
 152 | 1.90e-07
 153 | 1.90e-07
 154 | 1.89e-07
 155 | 1.89e-07
 156 | 1.89e-07
 157 | 1.89e-07
 158 | 1.92e-07
 159 | 1.94e-07
 160 | 1.96e-07
 161 | 1.98e-07
 162 | 2.01e-07
 163 | 2.04e-07
 164 | 2.06e-07
 165 | 2.07e-07
 166 | 2.08e-07
 167 | 2.09e-07
 168 | 2.11e-07
 169 | 2.12e-07
 170 | 2.14e-07
 171 | 2.15e-07
 172 | 2.17e-07
 173 | 2.20e-07
 174 | 2.22e-07
 175 | 2.25e-07
 176 | 2.28e-07
 177 | 2.31e-07
 178 | 2.34e-07
 179 | 2.38e-07
 180 | 2.42e-07
 181 | 2.47e-07
 182 | 2.53e-07
 183 | 2.60e-07
 184 | 2.67e-07
 185 | 2.73e-07
 186 | 2.80e-07
 187 | 2.86e-07
 188 | 2.91e-07
 189 | 2.97e-07
 190 | 3.05e-07
 191 | 3.13e-07
 192 | 3.21e-07
 193 | 3.26e-07
 194 | 3.32e-07
 195 | 3.36e-07
 196 | 3.42e-07
 197 | 3.48e-07
 198 | 3.56e-07
 199 | 3.65e-07
 200 | 3.76e-07
 201 | 3.86e-07
 202 | 3.94e-07
 203 | 4.04e-07
 204 | 4.17e-07
 205 | 4.34e-07
 206 | 4.49e-07
 207 | 4.67e-07
 208 | 4.86e-07
 209 | 5.07e-07
 210 | 5.30e-07
 211 | 5.55e-07
 212 | 5.82e-07
 213 | 6.11e-07
 214 | 6.39e-07
 215 | 6.63e-07
 216 | 6.81e-07
 217 | 7.10e-07
 218 | 7.42e-07
 219 | 7.75e-07
 220 | 7.93e-07
 221 | 8.07e-07
 222 | 8.33e-07
 223 | 8.64e-07
 224 | 8.99e-07
 225 | 9.32e-07
 226 | 9.73e-07
 227 | 1.03e-06
 228 | 1.08e-06
 229 | 1.14e-06
 230 | 1.21e-06
 231 | 1.29e-06
 232 | 1.36e-06
 233 | 1.45e-06
 234 | 1.54e-06
 235 | 1.66e-06
 236 | 1.78e-06
 237 | 1.92e-06
 238 | 2.05e-06
 239 | 2.11e-06
 240 | 2.21e-06
 241 | 2.29e-06
 242 | 2.39e-06
 243 | 2.51e-06
 244 | 2.62e-06
 245 | 2.76e-06
 246 | 2.89e-06
 247 | 3.00e-06
 248 | 3.09e-06
 249 | 3.21e-06
 250 | 3.34e-06
 251 | 3.34e-06
 252 | 3.32e-06
 253 | 3.28e-06
 254 | 3.35e-06
 255 | 3.44e-06
 256 | 3.59e-06
 257 | 3.76e-06
 258 | 3.98e-06
 259 | 4.15e-06
 260 | 4.38e-06
 261 | 4.54e-06
 262 | 4.74e-06
 263 | 5.00e-06
 264 | 5.16e-06
 265 | 5.36e-06
 266 | 5.61e-06
 267 | 5.86e-06
 268 | 6.09e-06
 269 | 6.34e-06
 270 | 6.56e-06
 271 | 6.54e-06
 272 | 6.49e-06
 273 | 6.34e-06
 274 | 6.27e-06
 275 | 6.13e-06
 276 | 6.20e-06
 277 | 6.27e-06
 278 | 6.09e-06
 279 | 5.92e-06
 280 | 5.72e-06
 281 | 5.29e-06
 282 | 4.94e-06
 283 | 4.66e-06
 284 | 4.40e-06
 285 | 4.17e-06
 286 | 3.93e-06
 287 | 3.69e-06
 288 | 3.68e-06
 289 | 3.64e-06
 290 | 3.48e-06
 291 | 3.27e-06
 292 | 3.06e-06
 293 | 2.83e-06
 294 | 2.63e-06
 295 | 2.43e-06
 296 | 2.25e-06
 297 | 2.08e-06
 298 | 1.91e-06
 299 | 1.77e-06
 300 | 1.63e-06
 301 | 1.43e-06
 302 | 1.26e-06
 303 | 1.14e-06
 304 | 1.03e-06
 305 | 9.42e-07
 306 | 8.60e-07
 307 | 7.81e-07
 308 | 7.08e-07
 309 | 6.42e-07
 310 | 5.82e-07
 311 | 5.29e-07
 312 | 4.81e-07
 313 | 4.41e-07
 314 | 4.04e-07
 315 | 3.69e-07
 316 | 3.36e-07
 317 | 3.08e-07
 318 | 2.81e-07
 319 | 2.56e-07
 320 | 2.34e-07
 321 | 2.14e-07
 322 | 1.96e-07
 323 | 1.78e-07
 324 | 1.63e-07
 325 | 1.49e-07
 326 | 1.36e-07
 327 | 1.24e-07
 328 | 1.14e-07
 329 | 1.04e-07
 330 | 9.52e-08
[2025-11-21 00:40:16] Run completed in 8.27 minutes
[2025-11-21 00:40:17] Saved NMF result to: /zata/zippy/kresgeb/nmf_stuff/dlPFC/data/batched_nmf/nmf_k20_seed2025_tol1e-07_L10.7.rds
[2025-11-21 00:40:17] Appended run metadata to summary.tsv
[2025-11-21 00:40:17] --------------------------------------------
[2025-11-21 00:40:17] Starting run 743 / 750: k=30, seed=2025, tol=1e-07, L1=0.7
[2025-11-21 00:40:17] --------------------------------------------

iter |      tol 
---------------
   1 | 9.66e-01
   2 | 1.16e-01
   3 | 4.50e-02
   4 | 2.48e-02
   5 | 1.63e-02
   6 | 1.10e-02
   7 | 7.68e-03
   8 | 5.46e-03
   9 | 3.91e-03
  10 | 3.28e-03
  11 | 2.92e-03
  12 | 2.24e-03
  13 | 1.84e-03
  14 | 1.55e-03
  15 | 1.33e-03
  16 | 1.05e-03
  17 | 8.53e-04
  18 | 7.14e-04
  19 | 6.48e-04
  20 | 6.08e-04
  21 | 5.97e-04
  22 | 6.17e-04
  23 | 6.45e-04
  24 | 6.78e-04
  25 | 6.87e-04
  26 | 6.01e-04
  27 | 4.88e-04
  28 | 3.97e-04
  29 | 3.31e-04
  30 | 2.83e-04
  31 | 2.51e-04
  32 | 2.23e-04
  33 | 1.92e-04
  34 | 1.63e-04
  35 | 1.40e-04
  36 | 1.20e-04
  37 | 1.03e-04
  38 | 8.47e-05
  39 | 7.21e-05
  40 | 6.13e-05
  41 | 5.23e-05
  42 | 4.44e-05
  43 | 3.83e-05
  44 | 3.37e-05
  45 | 3.07e-05
  46 | 2.90e-05
  47 | 2.86e-05
  48 | 2.92e-05
  49 | 2.93e-05
  50 | 2.92e-05
  51 | 2.82e-05
  52 | 2.66e-05
  53 | 2.54e-05
  54 | 2.46e-05
  55 | 2.42e-05
  56 | 2.42e-05
  57 | 2.46e-05
  58 | 2.57e-05
  59 | 2.71e-05
  60 | 2.89e-05
  61 | 3.11e-05
  62 | 3.34e-05
  63 | 3.60e-05
  64 | 3.84e-05
  65 | 4.01e-05
  66 | 4.14e-05
  67 | 4.21e-05
  68 | 4.26e-05
  69 | 4.26e-05
  70 | 4.21e-05
  71 | 4.14e-05
  72 | 4.02e-05
  73 | 3.85e-05
  74 | 3.63e-05
  75 | 3.35e-05
  76 | 3.09e-05
  77 | 2.89e-05
  78 | 2.74e-05
  79 | 2.64e-05
  80 | 2.56e-05
  81 | 2.60e-05
  82 | 2.66e-05
  83 | 2.73e-05
  84 | 2.88e-05
  85 | 3.11e-05
  86 | 3.15e-05
  87 | 3.28e-05
  88 | 3.49e-05
  89 | 3.88e-05
  90 | 3.93e-05
  91 | 4.10e-05
  92 | 4.24e-05
  93 | 4.38e-05
  94 | 4.57e-05
  95 | 4.87e-05
  96 | 5.15e-05
  97 | 5.36e-05
  98 | 5.47e-05
  99 | 5.53e-05
 100 | 5.62e-05
 101 | 5.66e-05
 102 | 5.43e-05
 103 | 4.88e-05
 104 | 3.98e-05
 105 | 3.18e-05
 106 | 2.84e-05
 107 | 3.02e-05
 108 | 3.51e-05
 109 | 4.16e-05
 110 | 5.00e-05
 111 | 6.13e-05
 112 | 7.71e-05
 113 | 9.74e-05
 114 | 1.21e-04
 115 | 1.41e-04
 116 | 1.57e-04
 117 | 1.62e-04
 118 | 1.53e-04
 119 | 1.36e-04
 120 | 1.05e-04
 121 | 8.11e-05
 122 | 6.31e-05
 123 | 5.03e-05
 124 | 3.87e-05
 125 | 3.02e-05
 126 | 2.30e-05
 127 | 1.69e-05
 128 | 1.29e-05
 129 | 9.82e-06
 130 | 7.54e-06
 131 | 5.82e-06
 132 | 4.61e-06
 133 | 3.74e-06
 134 | 2.94e-06
 135 | 2.41e-06
 136 | 1.99e-06
 137 | 1.66e-06
 138 | 1.39e-06
 139 | 1.19e-06
 140 | 1.02e-06
 141 | 8.67e-07
 142 | 7.49e-07
 143 | 6.50e-07
 144 | 5.66e-07
 145 | 4.94e-07
 146 | 4.34e-07
 147 | 3.84e-07
 148 | 3.41e-07
 149 | 3.06e-07
 150 | 2.81e-07
 151 | 2.57e-07
 152 | 2.38e-07
 153 | 2.21e-07
 154 | 2.06e-07
 155 | 1.95e-07
 156 | 1.84e-07
 157 | 1.75e-07
 158 | 1.67e-07
 159 | 1.61e-07
 160 | 1.55e-07
 161 | 1.49e-07
 162 | 1.44e-07
 163 | 1.42e-07
 164 | 1.42e-07
 165 | 1.42e-07
 166 | 1.44e-07
 167 | 1.50e-07
 168 | 1.53e-07
 169 | 1.59e-07
 170 | 1.72e-07
 171 | 1.82e-07
 172 | 1.90e-07
 173 | 1.96e-07
 174 | 2.01e-07
 175 | 2.06e-07
 176 | 2.10e-07
 177 | 2.20e-07
 178 | 2.31e-07
 179 | 2.39e-07
 180 | 2.44e-07
 181 | 2.45e-07
 182 | 2.50e-07
 183 | 2.55e-07
 184 | 2.55e-07
 185 | 2.51e-07
 186 | 2.42e-07
 187 | 2.31e-07
 188 | 2.22e-07
 189 | 2.13e-07
 190 | 2.04e-07
 191 | 1.93e-07
 192 | 1.84e-07
 193 | 1.74e-07
 194 | 1.63e-07
 195 | 1.52e-07
 196 | 1.39e-07
 197 | 1.27e-07
 198 | 1.16e-07
 199 | 1.05e-07
 200 | 9.63e-08
[2025-11-21 00:48:24] Run completed in 8.12 minutes
[2025-11-21 00:48:26] Saved NMF result to: /zata/zippy/kresgeb/nmf_stuff/dlPFC/data/batched_nmf/nmf_k30_seed2025_tol1e-07_L10.7.rds
[2025-11-21 00:48:26] Appended run metadata to summary.tsv
[2025-11-21 00:48:26] --------------------------------------------
[2025-11-21 00:48:26] Starting run 744 / 750: k=40, seed=2025, tol=1e-07, L1=0.7
[2025-11-21 00:48:26] --------------------------------------------

iter |      tol 
---------------
   1 | 9.66e-01
   2 | 1.11e-01
   3 | 3.86e-02
   4 | 1.77e-02
   5 | 1.10e-02
   6 | 6.36e-03
   7 | 4.47e-03
   8 | 3.87e-03
   9 | 3.79e-03
  10 | 2.91e-03
  11 | 2.28e-03
  12 | 1.85e-03
  13 | 1.49e-03
  14 | 1.28e-03
  15 | 1.22e-03
  16 | 1.25e-03
  17 | 1.28e-03
  18 | 1.14e-03
  19 | 9.77e-04
  20 | 8.29e-04
  21 | 6.89e-04
  22 | 5.79e-04
  23 | 4.69e-04
  24 | 4.01e-04
  25 | 3.70e-04
  26 | 3.33e-04
  27 | 3.14e-04
  28 | 3.04e-04
  29 | 3.19e-04
  30 | 3.30e-04
  31 | 3.14e-04
  32 | 2.97e-04
  33 | 2.86e-04
  34 | 2.82e-04
  35 | 2.70e-04
  36 | 2.42e-04
  37 | 2.29e-04
  38 | 2.18e-04
  39 | 2.19e-04
  40 | 2.31e-04
  41 | 2.55e-04
  42 | 3.00e-04
  43 | 3.53e-04
  44 | 4.12e-04
  45 | 4.58e-04
  46 | 4.94e-04
  47 | 5.09e-04
  48 | 3.35e-04
  49 | 2.61e-04
  50 | 1.64e-04
  51 | 1.46e-04
  52 | 1.43e-04
  53 | 1.42e-04
  54 | 1.36e-04
  55 | 1.35e-04
  56 | 1.32e-04
  57 | 1.31e-04
  58 | 1.31e-04
  59 | 1.33e-04
  60 | 1.37e-04
  61 | 1.43e-04
  62 | 1.50e-04
  63 | 1.56e-04
  64 | 1.59e-04
  65 | 1.57e-04
  66 | 1.56e-04
  67 | 1.52e-04
  68 | 1.46e-04
  69 | 1.38e-04
  70 | 1.29e-04
  71 | 1.21e-04
  72 | 1.15e-04
  73 | 1.09e-04
  74 | 1.01e-04
  75 | 9.20e-05
  76 | 8.34e-05
  77 | 7.70e-05
  78 | 7.18e-05
  79 | 6.74e-05
  80 | 6.28e-05
  81 | 5.84e-05
  82 | 5.37e-05
  83 | 4.88e-05
  84 | 4.48e-05
  85 | 4.16e-05
  86 | 3.87e-05
  87 | 3.54e-05
  88 | 3.32e-05
  89 | 3.16e-05
  90 | 3.06e-05
  91 | 3.01e-05
  92 | 2.97e-05
  93 | 2.97e-05
  94 | 3.01e-05
  95 | 3.09e-05
  96 | 3.21e-05
  97 | 3.34e-05
  98 | 3.46e-05
  99 | 3.59e-05
 100 | 3.69e-05
 101 | 3.79e-05
 102 | 3.86e-05
 103 | 3.83e-05
 104 | 3.68e-05
 105 | 3.43e-05
 106 | 3.16e-05
 107 | 2.91e-05
 108 | 2.65e-05
 109 | 2.32e-05
 110 | 1.98e-05
 111 | 1.68e-05
 112 | 1.41e-05
 113 | 1.17e-05
 114 | 9.54e-06
 115 | 7.82e-06
 116 | 6.45e-06
 117 | 5.36e-06
 118 | 4.55e-06
 119 | 3.82e-06
 120 | 3.32e-06
 121 | 2.96e-06
 122 | 2.71e-06
 123 | 2.51e-06
 124 | 2.41e-06
 125 | 2.36e-06
 126 | 2.35e-06
 127 | 2.37e-06
 128 | 2.42e-06
 129 | 2.49e-06
 130 | 2.54e-06
 131 | 2.63e-06
 132 | 2.73e-06
 133 | 2.84e-06
 134 | 2.95e-06
 135 | 3.11e-06
 136 | 3.30e-06
 137 | 3.53e-06
 138 | 3.76e-06
 139 | 3.98e-06
 140 | 4.16e-06
 141 | 4.32e-06
 142 | 4.52e-06
 143 | 4.75e-06
 144 | 4.97e-06
 145 | 5.16e-06
 146 | 5.33e-06
 147 | 5.39e-06
 148 | 5.48e-06
 149 | 5.45e-06
 150 | 5.36e-06
 151 | 5.30e-06
 152 | 5.23e-06
 153 | 5.15e-06
 154 | 5.06e-06
 155 | 4.97e-06
 156 | 4.90e-06
 157 | 4.80e-06
 158 | 4.72e-06
 159 | 4.61e-06
 160 | 4.46e-06
 161 | 4.32e-06
 162 | 4.17e-06
 163 | 4.01e-06
 164 | 3.82e-06
 165 | 3.63e-06
 166 | 3.44e-06
 167 | 3.25e-06
 168 | 3.05e-06
 169 | 2.87e-06
 170 | 2.69e-06
 171 | 2.47e-06
 172 | 2.27e-06
 173 | 2.09e-06
 174 | 1.91e-06
 175 | 1.75e-06
 176 | 1.61e-06
 177 | 1.48e-06
 178 | 1.35e-06
 179 | 1.23e-06
 180 | 1.13e-06
 181 | 1.04e-06
 182 | 9.56e-07
 183 | 8.83e-07
 184 | 8.15e-07
 185 | 7.52e-07
 186 | 6.94e-07
 187 | 6.43e-07
 188 | 5.98e-07
 189 | 5.60e-07
 190 | 5.28e-07
 191 | 5.01e-07
 192 | 4.76e-07
 193 | 4.52e-07
 194 | 4.37e-07
 195 | 4.23e-07
 196 | 4.08e-07
 197 | 3.93e-07
 198 | 3.80e-07
 199 | 3.68e-07
 200 | 3.56e-07
 201 | 3.45e-07
 202 | 3.34e-07
 203 | 3.21e-07
 204 | 3.10e-07
 205 | 2.99e-07
 206 | 2.89e-07
 207 | 2.80e-07
 208 | 2.72e-07
 209 | 2.64e-07
 210 | 2.57e-07
 211 | 2.51e-07
 212 | 2.44e-07
 213 | 2.38e-07
 214 | 2.33e-07
 215 | 2.29e-07
 216 | 2.25e-07
 217 | 2.22e-07
 218 | 2.14e-07
 219 | 2.11e-07
 220 | 2.09e-07
 221 | 2.06e-07
 222 | 2.03e-07
 223 | 2.00e-07
 224 | 1.96e-07
 225 | 1.93e-07
 226 | 1.89e-07
 227 | 1.86e-07
 228 | 1.83e-07
 229 | 1.81e-07
 230 | 1.79e-07
 231 | 1.77e-07
 232 | 1.75e-07
 233 | 1.74e-07
 234 | 1.73e-07
 235 | 1.72e-07
 236 | 1.72e-07
 237 | 1.71e-07
 238 | 1.71e-07
 239 | 1.70e-07
 240 | 1.70e-07
 241 | 1.70e-07
 242 | 1.70e-07
 243 | 1.70e-07
 244 | 1.71e-07
 245 | 1.71e-07
 246 | 1.71e-07
 247 | 1.71e-07
 248 | 1.71e-07
 249 | 1.70e-07
 250 | 1.70e-07
 251 | 1.69e-07
 252 | 1.68e-07
 253 | 1.67e-07
 254 | 1.66e-07
 255 | 1.66e-07
 256 | 1.65e-07
 257 | 1.65e-07
 258 | 1.65e-07
 259 | 1.65e-07
 260 | 1.65e-07
 261 | 1.65e-07
 262 | 1.66e-07
 263 | 1.66e-07
 264 | 1.67e-07
 265 | 1.68e-07
 266 | 1.68e-07
 267 | 1.69e-07
 268 | 1.70e-07
 269 | 1.70e-07
 270 | 1.71e-07
 271 | 1.72e-07
 272 | 1.73e-07
 273 | 1.75e-07
 274 | 1.77e-07
 275 | 1.80e-07
 276 | 1.81e-07
 277 | 1.85e-07
 278 | 1.88e-07
 279 | 1.92e-07
 280 | 1.95e-07
 281 | 1.98e-07
 282 | 2.02e-07
 283 | 2.06e-07
 284 | 2.12e-07
 285 | 2.18e-07
 286 | 2.25e-07
 287 | 2.32e-07
 288 | 2.39e-07
 289 | 2.46e-07
 290 | 2.54e-07
 291 | 2.61e-07
 292 | 2.69e-07
 293 | 2.76e-07
 294 | 2.83e-07
 295 | 2.93e-07
 296 | 3.03e-07
 297 | 3.13e-07
 298 | 3.24e-07
 299 | 3.35e-07
 300 | 3.45e-07
 301 | 3.57e-07
 302 | 3.70e-07
 303 | 3.86e-07
 304 | 4.05e-07
 305 | 4.24e-07
 306 | 4.44e-07
 307 | 4.63e-07
 308 | 4.81e-07
 309 | 5.01e-07
 310 | 5.21e-07
 311 | 5.40e-07
 312 | 5.60e-07
 313 | 5.79e-07
 314 | 5.99e-07
 315 | 6.16e-07
 316 | 6.28e-07
 317 | 6.43e-07
 318 | 6.61e-07
 319 | 6.79e-07
 320 | 6.97e-07
 321 | 7.14e-07
 322 | 7.29e-07
 323 | 7.41e-07
 324 | 7.53e-07
 325 | 7.66e-07
 326 | 7.85e-07
 327 | 8.12e-07
 328 | 8.39e-07
 329 | 8.66e-07
 330 | 8.93e-07
 331 | 9.20e-07
 332 | 9.51e-07
 333 | 9.74e-07
 334 | 1.00e-06
 335 | 1.03e-06
 336 | 1.06e-06
 337 | 1.09e-06
 338 | 1.11e-06
 339 | 1.13e-06
 340 | 1.15e-06
 341 | 1.18e-06
 342 | 1.21e-06
 343 | 1.24e-06
 344 | 1.26e-06
 345 | 1.29e-06
 346 | 1.32e-06
 347 | 1.36e-06
 348 | 1.39e-06
 349 | 1.42e-06
 350 | 1.45e-06
 351 | 1.47e-06
 352 | 1.49e-06
 353 | 1.50e-06
 354 | 1.50e-06
 355 | 1.49e-06
 356 | 1.50e-06
 357 | 1.50e-06
 358 | 1.50e-06
 359 | 1.50e-06
 360 | 1.50e-06
 361 | 1.50e-06
 362 | 1.51e-06
 363 | 1.51e-06
 364 | 1.51e-06
 365 | 1.51e-06
 366 | 1.50e-06
 367 | 1.50e-06
 368 | 1.50e-06
 369 | 1.51e-06
 370 | 1.50e-06
 371 | 1.47e-06
 372 | 1.43e-06
 373 | 1.39e-06
 374 | 1.35e-06
 375 | 1.30e-06
 376 | 1.26e-06
 377 | 1.22e-06
 378 | 1.18e-06
 379 | 1.15e-06
 380 | 1.14e-06
 381 | 1.14e-06
 382 | 1.14e-06
 383 | 1.14e-06
 384 | 1.04e-06
 385 | 8.90e-07
 386 | 8.52e-07
 387 | 8.17e-07
 388 | 7.88e-07
 389 | 7.62e-07
 390 | 7.36e-07
 391 | 7.10e-07
 392 | 6.85e-07
 393 | 6.61e-07
 394 | 6.39e-07
 395 | 6.16e-07
 396 | 5.92e-07
 397 | 5.68e-07
 398 | 5.42e-07
 399 | 5.14e-07
 400 | 4.87e-07
 401 | 4.61e-07
 402 | 4.37e-07
 403 | 4.13e-07
 404 | 3.90e-07
 405 | 3.68e-07
 406 | 3.48e-07
 407 | 3.31e-07
 408 | 3.15e-07
 409 | 2.99e-07
 410 | 2.84e-07
 411 | 2.69e-07
 412 | 2.55e-07
 413 | 2.42e-07
 414 | 2.30e-07
 415 | 2.18e-07
 416 | 2.09e-07
 417 | 2.01e-07
 418 | 1.94e-07
 419 | 1.87e-07
 420 | 1.80e-07
 421 | 1.74e-07
 422 | 1.68e-07
 423 | 1.63e-07
 424 | 1.58e-07
 425 | 1.53e-07
 426 | 1.48e-07
 427 | 1.44e-07
 428 | 1.40e-07
 429 | 1.37e-07
 430 | 1.33e-07
 431 | 1.30e-07
 432 | 1.27e-07
 433 | 1.24e-07
 434 | 1.20e-07
 435 | 1.17e-07
 436 | 1.14e-07
 437 | 1.11e-07
 438 | 1.08e-07
 439 | 1.05e-07
 440 | 1.02e-07
 441 | 9.87e-08
[2025-11-21 01:09:53] Run completed in 21.46 minutes
[2025-11-21 01:09:56] Saved NMF result to: /zata/zippy/kresgeb/nmf_stuff/dlPFC/data/batched_nmf/nmf_k40_seed2025_tol1e-07_L10.7.rds
[2025-11-21 01:09:56] Appended run metadata to summary.tsv
[2025-11-21 01:09:56] --------------------------------------------
[2025-11-21 01:09:56] Starting run 745 / 750: k=50, seed=2025, tol=1e-07, L1=0.7
[2025-11-21 01:09:56] --------------------------------------------

iter |      tol 
---------------
   1 | 9.66e-01
   2 | 1.10e-01
   3 | 3.48e-02
   4 | 1.82e-02
   5 | 1.16e-02
   6 | 8.18e-03
   7 | 5.98e-03
   8 | 4.59e-03
   9 | 3.67e-03
  10 | 3.23e-03
  11 | 2.94e-03
  12 | 2.46e-03
  13 | 2.14e-03
  14 | 1.98e-03
  15 | 1.84e-03
  16 | 1.65e-03
  17 | 1.25e-03
  18 | 9.91e-04
  19 | 8.12e-04
  20 | 6.86e-04
  21 | 6.27e-04
  22 | 5.94e-04
  23 | 5.55e-04
  24 | 4.83e-04
  25 | 4.20e-04
  26 | 3.79e-04
  27 | 3.55e-04
  28 | 3.25e-04
  29 | 3.07e-04
  30 | 2.96e-04
  31 | 2.87e-04
  32 | 2.78e-04
  33 | 2.63e-04
  34 | 2.51e-04
  35 | 2.43e-04
  36 | 2.34e-04
  37 | 2.15e-04
  38 | 2.12e-04
  39 | 2.12e-04
  40 | 2.20e-04
  41 | 2.33e-04
  42 | 2.52e-04
  43 | 2.09e-04
  44 | 1.69e-04
  45 | 1.63e-04
  46 | 1.61e-04
  47 | 1.58e-04
  48 | 1.58e-04
  49 | 1.58e-04
  50 | 1.55e-04
  51 | 1.51e-04
  52 | 1.45e-04
  53 | 1.37e-04
  54 | 1.31e-04
  55 | 1.27e-04
  56 | 1.23e-04
  57 | 1.19e-04
  58 | 1.18e-04
  59 | 1.17e-04
  60 | 1.16e-04
  61 | 1.15e-04
  62 | 1.13e-04
  63 | 1.12e-04
  64 | 1.11e-04
  65 | 1.10e-04
  66 | 1.11e-04
  67 | 1.12e-04
  68 | 1.14e-04
  69 | 1.14e-04
  70 | 1.16e-04
  71 | 1.21e-04
  72 | 1.25e-04
  73 | 1.32e-04
  74 | 1.39e-04
  75 | 1.47e-04
  76 | 1.55e-04
  77 | 1.64e-04
  78 | 1.69e-04
  79 | 1.68e-04
  80 | 1.68e-04
  81 | 1.65e-04
  82 | 1.59e-04
  83 | 1.51e-04
  84 | 1.41e-04
  85 | 1.34e-04
  86 | 1.26e-04
  87 | 1.17e-04
  88 | 1.07e-04
  89 | 1.00e-04
  90 | 9.58e-05
  91 | 9.20e-05
  92 | 8.77e-05
  93 | 8.47e-05
  94 | 8.42e-05
  95 | 8.59e-05
  96 | 8.49e-05
  97 | 8.50e-05
  98 | 8.53e-05
  99 | 8.57e-05
 100 | 8.04e-05
 101 | 7.17e-05
 102 | 6.56e-05
 103 | 6.26e-05
 104 | 6.08e-05
 105 | 6.00e-05
 106 | 6.10e-05
 107 | 6.26e-05
 108 | 6.62e-05
 109 | 5.77e-05
 110 | 5.40e-05
 111 | 5.19e-05
 112 | 5.02e-05
 113 | 4.80e-05
 114 | 4.51e-05
 115 | 4.19e-05
 116 | 3.94e-05
 117 | 3.74e-05
 118 | 3.39e-05
 119 | 3.12e-05
 120 | 2.91e-05
 121 | 2.73e-05
 122 | 2.62e-05
 123 | 2.52e-05
 124 | 2.36e-05
 125 | 2.19e-05
 126 | 2.07e-05
 127 | 1.96e-05
 128 | 1.85e-05
 129 | 1.71e-05
 130 | 1.61e-05
 131 | 1.53e-05
 132 | 1.41e-05
 133 | 1.30e-05
 134 | 1.22e-05
 135 | 1.16e-05
 136 | 1.01e-05
 137 | 8.12e-06
 138 | 7.43e-06
 139 | 6.73e-06
 140 | 6.24e-06
 141 | 5.81e-06
 142 | 5.37e-06
 143 | 4.71e-06
 144 | 4.27e-06
 145 | 3.90e-06
 146 | 3.28e-06
 147 | 2.97e-06
 148 | 2.76e-06
 149 | 2.58e-06
 150 | 2.43e-06
 151 | 2.29e-06
 152 | 2.18e-06
 153 | 2.05e-06
 154 | 1.97e-06
 155 | 1.89e-06
 156 | 1.82e-06
 157 | 1.75e-06
 158 | 1.67e-06
 159 | 1.60e-06
 160 | 1.53e-06
 161 | 1.48e-06
 162 | 1.45e-06
 163 | 1.41e-06
 164 | 1.38e-06
 165 | 1.19e-06
 166 | 9.63e-07
 167 | 8.99e-07
 168 | 8.41e-07
 169 | 7.88e-07
 170 | 7.40e-07
 171 | 6.98e-07
 172 | 6.58e-07
 173 | 6.21e-07
 174 | 5.88e-07
 175 | 5.57e-07
 176 | 5.27e-07
 177 | 5.00e-07
 178 | 4.73e-07
 179 | 4.49e-07
 180 | 4.26e-07
 181 | 4.06e-07
 182 | 3.86e-07
 183 | 3.66e-07
 184 | 3.48e-07
 185 | 3.30e-07
 186 | 3.14e-07
 187 | 2.99e-07
 188 | 2.84e-07
 189 | 2.71e-07
 190 | 2.58e-07
 191 | 2.47e-07
 192 | 2.36e-07
 193 | 2.27e-07
 194 | 2.18e-07
 195 | 2.10e-07
 196 | 2.02e-07
 197 | 1.95e-07
 198 | 1.88e-07
 199 | 1.82e-07
 200 | 1.76e-07
 201 | 1.71e-07
 202 | 1.65e-07
 203 | 1.60e-07
 204 | 1.56e-07
 205 | 1.52e-07
 206 | 1.49e-07
 207 | 1.45e-07
 208 | 1.42e-07
 209 | 1.40e-07
 210 | 1.43e-07
 211 | 1.43e-07
 212 | 1.40e-07
 213 | 1.38e-07
 214 | 1.37e-07
 215 | 1.35e-07
 216 | 1.34e-07
 217 | 1.34e-07
 218 | 1.33e-07
 219 | 1.34e-07
 220 | 1.34e-07
 221 | 1.34e-07
 222 | 1.36e-07
 223 | 1.38e-07
 224 | 1.39e-07
 225 | 1.41e-07
 226 | 1.43e-07
 227 | 1.46e-07
 228 | 1.49e-07
 229 | 1.54e-07
 230 | 1.59e-07
 231 | 1.64e-07
 232 | 1.73e-07
 233 | 1.84e-07
 234 | 1.95e-07
 235 | 2.04e-07
 236 | 2.14e-07
 237 | 2.23e-07
 238 | 2.31e-07
 239 | 2.36e-07
 240 | 2.40e-07
 241 | 2.42e-07
 242 | 2.41e-07
 243 | 2.38e-07
 244 | 2.33e-07
 245 | 2.26e-07
 246 | 2.18e-07
 247 | 2.09e-07
 248 | 2.00e-07
 249 | 1.90e-07
 250 | 1.79e-07
 251 | 1.69e-07
 252 | 1.60e-07
 253 | 1.50e-07
 254 | 1.42e-07
 255 | 1.34e-07
 256 | 1.26e-07
 257 | 1.19e-07
 258 | 1.12e-07
 259 | 1.06e-07
 260 | 1.01e-07
 261 | 9.61e-08
[2025-11-21 01:27:00] Run completed in 17.07 minutes
[2025-11-21 01:27:03] Saved NMF result to: /zata/zippy/kresgeb/nmf_stuff/dlPFC/data/batched_nmf/nmf_k50_seed2025_tol1e-07_L10.7.rds
[2025-11-21 01:27:03] Appended run metadata to summary.tsv
[2025-11-21 01:27:03] --------------------------------------------
[2025-11-21 01:27:03] Starting run 746 / 750: k=60, seed=2025, tol=1e-07, L1=0.7
[2025-11-21 01:27:03] --------------------------------------------

iter |      tol 
---------------
   1 | 9.66e-01
   2 | 1.10e-01
   3 | 3.45e-02
   4 | 2.03e-02
   5 | 1.22e-02
   6 | 8.14e-03
   7 | 6.07e-03
   8 | 4.99e-03
   9 | 4.34e-03
  10 | 3.90e-03
  11 | 3.48e-03
  12 | 3.36e-03
  13 | 3.38e-03
  14 | 3.56e-03
  15 | 3.28e-03
  16 | 2.73e-03
  17 | 2.29e-03
  18 | 2.05e-03
  19 | 1.81e-03
  20 | 1.54e-03
  21 | 1.08e-03
  22 | 7.96e-04
  23 | 6.99e-04
  24 | 6.20e-04
  25 | 5.59e-04
  26 | 5.39e-04
  27 | 5.28e-04
  28 | 5.09e-04
  29 | 4.70e-04
  30 | 4.69e-04
  31 | 4.54e-04
  32 | 4.58e-04
  33 | 4.22e-04
  34 | 4.01e-04
  35 | 3.27e-04
  36 | 2.99e-04
  37 | 2.80e-04
  38 | 2.67e-04
  39 | 2.58e-04
  40 | 2.50e-04
  41 | 2.40e-04
  42 | 2.44e-04
  43 | 2.42e-04
  44 | 2.35e-04
  45 | 2.34e-04
  46 | 2.38e-04
  47 | 2.43e-04
  48 | 2.47e-04
  49 | 2.31e-04
  50 | 2.16e-04
  51 | 2.17e-04
  52 | 2.21e-04
  53 | 2.19e-04
  54 | 2.21e-04
  55 | 2.34e-04
  56 | 2.46e-04
  57 | 2.53e-04
  58 | 2.79e-04
  59 | 3.17e-04
  60 | 3.64e-04
  61 | 3.84e-04
  62 | 4.02e-04
  63 | 4.19e-04
  64 | 4.29e-04
  65 | 3.84e-04
  66 | 2.85e-04
  67 | 1.79e-04
  68 | 1.33e-04
  69 | 1.04e-04
  70 | 8.19e-05
  71 | 6.78e-05
  72 | 5.72e-05
  73 | 4.93e-05
  74 | 4.34e-05
  75 | 3.92e-05
  76 | 3.58e-05
  77 | 3.32e-05
  78 | 3.22e-05
  79 | 3.05e-05
  80 | 2.67e-05
  81 | 2.42e-05
  82 | 2.25e-05
  83 | 2.11e-05
  84 | 1.93e-05
  85 | 1.82e-05
  86 | 1.73e-05
  87 | 1.65e-05
  88 | 1.58e-05
  89 | 1.51e-05
  90 | 1.47e-05
  91 | 1.43e-05
  92 | 1.41e-05
  93 | 1.39e-05
  94 | 1.32e-05
  95 | 1.28e-05
  96 | 1.25e-05
  97 | 1.24e-05
  98 | 1.15e-05
  99 | 1.10e-05
 100 | 1.09e-05
 101 | 1.05e-05
 102 | 1.00e-05
 103 | 9.90e-06
 104 | 9.81e-06
 105 | 9.74e-06
 106 | 9.69e-06
 107 | 9.68e-06
 108 | 9.72e-06
 109 | 9.53e-06
 110 | 9.52e-06
 111 | 9.41e-06
 112 | 9.38e-06
 113 | 9.07e-06
 114 | 8.98e-06
 115 | 8.93e-06
 116 | 9.21e-06
 117 | 9.49e-06
 118 | 9.85e-06
 119 | 1.02e-05
 120 | 1.06e-05
 121 | 1.11e-05
 122 | 1.14e-05
 123 | 1.18e-05
 124 | 1.25e-05
 125 | 1.35e-05
 126 | 1.42e-05
 127 | 1.53e-05
 128 | 1.67e-05
 129 | 1.82e-05
 130 | 1.97e-05
 131 | 2.16e-05
 132 | 2.36e-05
 133 | 2.58e-05
 134 | 2.81e-05
 135 | 3.02e-05
 136 | 3.24e-05
 137 | 3.47e-05
 138 | 3.56e-05
 139 | 3.24e-05
 140 | 3.10e-05
 141 | 2.94e-05
 142 | 2.77e-05
 143 | 2.60e-05
 144 | 2.41e-05
 145 | 2.23e-05
 146 | 2.05e-05
 147 | 1.85e-05
 148 | 1.72e-05
 149 | 1.70e-05
 150 | 1.78e-05
 151 | 2.00e-05
 152 | 2.35e-05
 153 | 2.86e-05
 154 | 3.44e-05
 155 | 3.97e-05
 156 | 4.24e-05
 157 | 4.09e-05
 158 | 3.79e-05
 159 | 3.48e-05
 160 | 3.20e-05
 161 | 3.01e-05
 162 | 2.93e-05
 163 | 2.80e-05
 164 | 2.72e-05
 165 | 2.68e-05
 166 | 2.66e-05
 167 | 2.65e-05
 168 | 2.65e-05
 169 | 2.67e-05
 170 | 2.69e-05
 171 | 2.30e-05
 172 | 2.15e-05
 173 | 2.07e-05
 174 | 1.96e-05
 175 | 1.85e-05
 176 | 1.71e-05
 177 | 1.75e-05
 178 | 1.72e-05
 179 | 1.68e-05
 180 | 1.70e-05
 181 | 1.85e-05
 182 | 2.00e-05
 183 | 2.37e-05
 184 | 2.79e-05
 185 | 3.46e-05
 186 | 4.29e-05
 187 | 5.16e-05
 188 | 6.42e-05
 189 | 6.45e-05
 190 | 6.19e-05
 191 | 6.57e-05
 192 | 6.71e-05
 193 | 6.37e-05
 194 | 6.26e-05
 195 | 5.61e-05
 196 | 4.74e-05
 197 | 4.28e-05
 198 | 3.75e-05
 199 | 3.30e-05
 200 | 3.17e-05
 201 | 3.17e-05
 202 | 3.29e-05
 203 | 3.54e-05
 204 | 3.82e-05
 205 | 4.04e-05
 206 | 4.17e-05
 207 | 4.12e-05
 208 | 3.72e-05
 209 | 3.17e-05
 210 | 2.68e-05
 211 | 2.19e-05
 212 | 1.72e-05
 213 | 1.36e-05
 214 | 1.10e-05
 215 | 9.35e-06
 216 | 8.22e-06
 217 | 7.42e-06
 218 | 6.92e-06
 219 | 6.64e-06
 220 | 6.49e-06
 221 | 6.45e-06
 222 | 6.48e-06
 223 | 6.56e-06
 224 | 6.65e-06
 225 | 7.01e-06
 226 | 7.58e-06
 227 | 8.31e-06
 228 | 9.16e-06
 229 | 1.02e-05
 230 | 1.12e-05
 231 | 1.24e-05
 232 | 1.38e-05
 233 | 1.45e-05
 234 | 1.50e-05
 235 | 1.57e-05
 236 | 1.60e-05
 237 | 1.63e-05
 238 | 1.68e-05
 239 | 1.72e-05
 240 | 1.73e-05
 241 | 1.70e-05
 242 | 1.70e-05
 243 | 1.68e-05
 244 | 1.65e-05
 245 | 1.64e-05
 246 | 1.62e-05
 247 | 1.60e-05
 248 | 1.50e-05
 249 | 1.46e-05
 250 | 1.42e-05
 251 | 1.37e-05
 252 | 1.33e-05
 253 | 1.30e-05
 254 | 1.28e-05
 255 | 1.25e-05
 256 | 1.21e-05
 257 | 1.18e-05
 258 | 1.14e-05
 259 | 1.12e-05
 260 | 1.09e-05
 261 | 1.03e-05
 262 | 9.79e-06
 263 | 9.33e-06
 264 | 8.63e-06
 265 | 8.21e-06
 266 | 7.66e-06
 267 | 7.16e-06
 268 | 6.81e-06
 269 | 6.22e-06
 270 | 5.85e-06
 271 | 5.40e-06
 272 | 5.08e-06
 273 | 4.72e-06
 274 | 4.41e-06
 275 | 4.05e-06
 276 | 3.77e-06
 277 | 3.50e-06
 278 | 3.07e-06
 279 | 2.79e-06
 280 | 2.57e-06
 281 | 2.37e-06
 282 | 2.18e-06
 283 | 2.02e-06
 284 | 1.81e-06
 285 | 1.68e-06
 286 | 1.56e-06
 287 | 1.46e-06
 288 | 1.37e-06
 289 | 1.28e-06
 290 | 1.21e-06
 291 | 1.14e-06
 292 | 1.09e-06
 293 | 1.03e-06
 294 | 9.81e-07
 295 | 9.36e-07
 296 | 8.94e-07
 297 | 8.48e-07
 298 | 8.10e-07
 299 | 7.78e-07
 300 | 7.48e-07
 301 | 7.20e-07
 302 | 6.69e-07
 303 | 6.32e-07
 304 | 6.15e-07
 305 | 6.02e-07
 306 | 5.90e-07
 307 | 5.77e-07
 308 | 5.64e-07
 309 | 5.50e-07
 310 | 5.42e-07
 311 | 5.35e-07
 312 | 5.16e-07
 313 | 4.98e-07
 314 | 4.93e-07
 315 | 4.87e-07
 316 | 4.84e-07
 317 | 4.79e-07
 318 | 4.63e-07
 319 | 4.59e-07
 320 | 4.56e-07
 321 | 4.52e-07
 322 | 4.24e-07
 323 | 4.03e-07
 324 | 3.93e-07
 325 | 3.86e-07
 326 | 3.79e-07
 327 | 3.72e-07
 328 | 3.66e-07
 329 | 3.61e-07
 330 | 3.57e-07
 331 | 3.55e-07
 332 | 3.52e-07
 333 | 3.49e-07
 334 | 3.46e-07
 335 | 3.45e-07
 336 | 3.43e-07
 337 | 3.42e-07
 338 | 3.40e-07
 339 | 3.38e-07
 340 | 3.37e-07
 341 | 3.35e-07
 342 | 3.33e-07
 343 | 3.30e-07
 344 | 3.27e-07
 345 | 3.23e-07
 346 | 3.20e-07
 347 | 3.09e-07
 348 | 3.05e-07
 349 | 3.04e-07
 350 | 3.03e-07
 351 | 3.02e-07
 352 | 3.00e-07
 353 | 2.97e-07
 354 | 2.96e-07
 355 | 2.93e-07
 356 | 2.91e-07
 357 | 2.89e-07
 358 | 2.88e-07
 359 | 2.87e-07
 360 | 2.84e-07
 361 | 2.81e-07
 362 | 2.80e-07
 363 | 2.80e-07
 364 | 2.81e-07
 365 | 2.82e-07
 366 | 2.85e-07
 367 | 2.88e-07
 368 | 2.92e-07
 369 | 2.96e-07
 370 | 3.02e-07
 371 | 3.08e-07
 372 | 3.16e-07
 373 | 3.25e-07
 374 | 3.35e-07
 375 | 3.45e-07
 376 | 3.56e-07
 377 | 3.56e-07
 378 | 3.35e-07
 379 | 3.38e-07
 380 | 3.04e-07
 381 | 3.02e-07
 382 | 3.03e-07
 383 | 3.06e-07
 384 | 3.10e-07
 385 | 3.14e-07
 386 | 3.20e-07
 387 | 3.26e-07
 388 | 3.34e-07
 389 | 3.41e-07
 390 | 3.49e-07
 391 | 3.57e-07
 392 | 3.65e-07
 393 | 3.74e-07
 394 | 3.82e-07
 395 | 3.90e-07
 396 | 3.99e-07
 397 | 4.10e-07
 398 | 4.19e-07
 399 | 4.30e-07
 400 | 4.42e-07
 401 | 4.54e-07
 402 | 4.66e-07
 403 | 4.77e-07
 404 | 4.88e-07
 405 | 4.96e-07
 406 | 5.08e-07
 407 | 5.21e-07
 408 | 5.13e-07
 409 | 5.13e-07
 410 | 5.23e-07
 411 | 5.40e-07
 412 | 5.59e-07
 413 | 5.78e-07
 414 | 5.99e-07
 415 | 6.20e-07
 416 | 6.41e-07
 417 | 6.57e-07
 418 | 6.77e-07
 419 | 6.98e-07
 420 | 7.18e-07
 421 | 7.38e-07
 422 | 7.57e-07
 423 | 7.78e-07
 424 | 7.99e-07
 425 | 8.19e-07
 426 | 8.37e-07
 427 | 8.55e-07
 428 | 8.70e-07
 429 | 8.84e-07
 430 | 9.08e-07
 431 | 9.36e-07
 432 | 9.47e-07
 433 | 9.45e-07
 434 | 9.18e-07
 435 | 9.07e-07
 436 | 9.02e-07
 437 | 8.92e-07
 438 | 8.80e-07
 439 | 8.66e-07
 440 | 8.60e-07
 441 | 8.48e-07
 442 | 8.32e-07
 443 | 8.13e-07
 444 | 7.92e-07
 445 | 7.69e-07
 446 | 7.37e-07
 447 | 7.04e-07
 448 | 6.89e-07
 449 | 6.72e-07
 450 | 6.43e-07
 451 | 6.21e-07
 452 | 5.69e-07
 453 | 5.42e-07
 454 | 5.27e-07
 455 | 4.99e-07
 456 | 4.77e-07
 457 | 4.64e-07
 458 | 4.51e-07
 459 | 4.40e-07
 460 | 4.27e-07
 461 | 4.14e-07
 462 | 4.01e-07
 463 | 3.88e-07
 464 | 3.73e-07
 465 | 3.60e-07
 466 | 3.45e-07
 467 | 3.30e-07
 468 | 3.15e-07
 469 | 3.00e-07
 470 | 2.86e-07
 471 | 2.69e-07
 472 | 2.53e-07
 473 | 2.39e-07
 474 | 2.26e-07
 475 | 2.15e-07
 476 | 2.04e-07
 477 | 1.93e-07
 478 | 1.84e-07
 479 | 1.74e-07
 480 | 1.66e-07
 481 | 1.57e-07
 482 | 1.49e-07
 483 | 1.41e-07
 484 | 1.30e-07
 485 | 1.23e-07
 486 | 1.16e-07
 487 | 1.10e-07
 488 | 1.04e-07
 489 | 9.89e-08
[2025-11-21 02:07:03] Run completed in 40.01 minutes
[2025-11-21 02:07:07] Saved NMF result to: /zata/zippy/kresgeb/nmf_stuff/dlPFC/data/batched_nmf/nmf_k60_seed2025_tol1e-07_L10.7.rds
[2025-11-21 02:07:07] Appended run metadata to summary.tsv
[2025-11-21 02:07:07] --------------------------------------------
[2025-11-21 02:07:07] Starting run 747 / 750: k=70, seed=2025, tol=1e-07, L1=0.7
[2025-11-21 02:07:07] --------------------------------------------

iter |      tol 
---------------
   1 | 9.63e-01
   2 | 1.07e-01
   3 | 4.32e-02
   4 | 1.96e-02
   5 | 1.25e-02
   6 | 9.42e-03
   7 | 7.68e-03
   8 | 6.22e-03
   9 | 5.03e-03
  10 | 4.25e-03
  11 | 3.74e-03
  12 | 3.25e-03
  13 | 2.83e-03
  14 | 2.48e-03
  15 | 2.33e-03
  16 | 2.34e-03
  17 | 2.38e-03
  18 | 2.42e-03
  19 | 2.53e-03
  20 | 2.73e-03
  21 | 3.03e-03
  22 | 3.30e-03
  23 | 3.08e-03
  24 | 2.46e-03
  25 | 1.82e-03
  26 | 1.14e-03
  27 | 9.76e-04
  28 | 8.99e-04
  29 | 8.59e-04
  30 | 7.61e-04
  31 | 6.71e-04
  32 | 6.09e-04
  33 | 3.81e-04
  34 | 3.52e-04
  35 | 3.59e-04
  36 | 3.54e-04
  37 | 3.92e-04
  38 | 4.42e-04
  39 | 4.67e-04
  40 | 4.49e-04
  41 | 3.68e-04
  42 | 3.02e-04
  43 | 2.66e-04
  44 | 2.30e-04
  45 | 1.95e-04
  46 | 1.60e-04
  47 | 1.28e-04
  48 | 1.15e-04
  49 | 1.11e-04
  50 | 1.07e-04
  51 | 9.91e-05
  52 | 1.04e-04
  53 | 1.07e-04
  54 | 1.00e-04
  55 | 1.02e-04
  56 | 1.02e-04
  57 | 1.04e-04
  58 | 1.01e-04
  59 | 9.68e-05
  60 | 9.86e-05
  61 | 1.03e-04
  62 | 1.10e-04
  63 | 1.19e-04
  64 | 1.32e-04
  65 | 1.43e-04
  66 | 1.57e-04
  67 | 1.68e-04
  68 | 1.67e-04
  69 | 1.62e-04
  70 | 1.47e-04
  71 | 1.28e-04
  72 | 1.25e-04
  73 | 1.09e-04
  74 | 1.01e-04
  75 | 9.88e-05
  76 | 9.47e-05
  77 | 9.40e-05
  78 | 7.25e-05
  79 | 6.80e-05
  80 | 6.39e-05
  81 | 6.32e-05
  82 | 6.29e-05
  83 | 6.35e-05
  84 | 6.65e-05
  85 | 6.85e-05
  86 | 7.05e-05
  87 | 7.18e-05
  88 | 2.89e-05
  89 | 1.97e-05
  90 | 1.82e-05
  91 | 1.74e-05
  92 | 1.70e-05
  93 | 1.66e-05
  94 | 1.67e-05
  95 | 1.72e-05
  96 | 1.80e-05
  97 | 1.85e-05
  98 | 1.92e-05
  99 | 2.02e-05
 100 | 2.15e-05
 101 | 2.31e-05
 102 | 2.50e-05
 103 | 2.72e-05
 104 | 2.95e-05
 105 | 3.05e-05
 106 | 3.30e-05
 107 | 3.48e-05
 108 | 3.72e-05
 109 | 4.01e-05
 110 | 4.32e-05
 111 | 4.66e-05
 112 | 4.87e-05
 113 | 4.98e-05
 114 | 5.24e-05
 115 | 5.54e-05
 116 | 5.73e-05
 117 | 5.99e-05
 118 | 6.12e-05
 119 | 6.15e-05
 120 | 6.29e-05
 121 | 6.39e-05
 122 | 6.25e-05
 123 | 5.82e-05
 124 | 5.53e-05
 125 | 5.19e-05
 126 | 4.92e-05
 127 | 4.57e-05
 128 | 4.16e-05
 129 | 3.70e-05
 130 | 3.41e-05
 131 | 3.21e-05
 132 | 3.09e-05
 133 | 2.95e-05
 134 | 2.93e-05
 135 | 2.98e-05
 136 | 3.05e-05
 137 | 3.17e-05
 138 | 3.26e-05
 139 | 3.59e-05
 140 | 4.18e-05
 141 | 5.01e-05
 142 | 5.96e-05
 143 | 7.04e-05
 144 | 8.05e-05
 145 | 8.60e-05
 146 | 8.44e-05
 147 | 7.60e-05
 148 | 6.38e-05
 149 | 5.07e-05
 150 | 3.82e-05
 151 | 2.97e-05
 152 | 2.32e-05
 153 | 1.82e-05
 154 | 1.46e-05
 155 | 1.18e-05
 156 | 9.62e-06
 157 | 7.96e-06
 158 | 6.71e-06
 159 | 4.86e-06
 160 | 3.19e-06
 161 | 3.07e-06
 162 | 3.01e-06
 163 | 2.56e-06
 164 | 2.34e-06
 165 | 2.27e-06
 166 | 2.23e-06
 167 | 2.20e-06
 168 | 1.97e-06
 169 | 1.92e-06
 170 | 1.89e-06
 171 | 1.88e-06
 172 | 1.86e-06
 173 | 1.84e-06
 174 | 1.85e-06
 175 | 1.66e-06
 176 | 1.45e-06
 177 | 1.43e-06
 178 | 1.37e-06
 179 | 1.34e-06
 180 | 1.34e-06
 181 | 1.36e-06
 182 | 1.38e-06
 183 | 1.40e-06
 184 | 1.42e-06
 185 | 1.44e-06
 186 | 1.45e-06
 187 | 1.46e-06
 188 | 1.48e-06
 189 | 1.52e-06
 190 | 1.56e-06
 191 | 1.59e-06
 192 | 1.65e-06
 193 | 1.73e-06
 194 | 1.85e-06
 195 | 1.99e-06
 196 | 2.20e-06
 197 | 2.51e-06
 198 | 2.99e-06
 199 | 3.51e-06
 200 | 3.94e-06
 201 | 4.07e-06
 202 | 3.94e-06
 203 | 3.59e-06
 204 | 3.10e-06
 205 | 2.61e-06
 206 | 2.24e-06
 207 | 2.02e-06
 208 | 1.89e-06
 209 | 1.80e-06
 210 | 1.75e-06
 211 | 1.72e-06
 212 | 1.69e-06
 213 | 1.67e-06
 214 | 1.63e-06
 215 | 1.61e-06
 216 | 1.60e-06
 217 | 1.59e-06
 218 | 1.60e-06
 219 | 1.62e-06
 220 | 1.63e-06
 221 | 1.63e-06
 222 | 1.62e-06
 223 | 1.62e-06
 224 | 1.61e-06
 225 | 1.59e-06
 226 | 1.58e-06
 227 | 1.56e-06
 228 | 1.51e-06
 229 | 1.46e-06
 230 | 1.41e-06
 231 | 1.32e-06
 232 | 1.28e-06
 233 | 1.25e-06
 234 | 1.22e-06
 235 | 1.19e-06
 236 | 1.16e-06
 237 | 1.12e-06
 238 | 1.10e-06
 239 | 1.09e-06
 240 | 1.09e-06
 241 | 1.09e-06
 242 | 1.10e-06
 243 | 1.11e-06
 244 | 1.12e-06
 245 | 1.13e-06
 246 | 1.15e-06
 247 | 1.17e-06
 248 | 1.19e-06
 249 | 1.21e-06
 250 | 1.23e-06
 251 | 1.25e-06
 252 | 1.28e-06
 253 | 1.31e-06
 254 | 1.20e-06
 255 | 1.19e-06
 256 | 1.17e-06
 257 | 1.16e-06
 258 | 1.14e-06
 259 | 1.11e-06
 260 | 1.08e-06
 261 | 1.05e-06
 262 | 1.05e-06
 263 | 1.04e-06
 264 | 1.03e-06
 265 | 1.01e-06
 266 | 9.98e-07
 267 | 9.90e-07
 268 | 9.81e-07
 269 | 9.82e-07
 270 | 1.00e-06
 271 | 9.94e-07
 272 | 9.93e-07
 273 | 9.59e-07
 274 | 9.23e-07
 275 | 8.78e-07
 276 | 8.36e-07
 277 | 7.99e-07
 278 | 7.43e-07
 279 | 6.48e-07
 280 | 6.21e-07
 281 | 5.99e-07
 282 | 5.83e-07
 283 | 5.64e-07
 284 | 5.59e-07
 285 | 5.61e-07
 286 | 5.68e-07
 287 | 5.81e-07
 288 | 6.01e-07
 289 | 6.26e-07
 290 | 6.51e-07
 291 | 6.76e-07
 292 | 7.05e-07
 293 | 7.36e-07
 294 | 7.48e-07
 295 | 7.50e-07
 296 | 7.49e-07
 297 | 7.43e-07
 298 | 7.33e-07
 299 | 7.09e-07
 300 | 6.85e-07
 301 | 6.64e-07
 302 | 6.34e-07
 303 | 6.13e-07
 304 | 5.90e-07
 305 | 5.67e-07
 306 | 5.44e-07
 307 | 5.26e-07
 308 | 5.09e-07
 309 | 4.96e-07
 310 | 4.90e-07
 311 | 4.89e-07
 312 | 4.94e-07
 313 | 5.08e-07
 314 | 5.11e-07
 315 | 5.16e-07
 316 | 5.27e-07
 317 | 5.42e-07
 318 | 5.60e-07
 319 | 5.83e-07
 320 | 6.06e-07
 321 | 6.27e-07
 322 | 6.50e-07
 323 | 6.74e-07
 324 | 6.94e-07
 325 | 7.04e-07
 326 | 7.23e-07
 327 | 7.37e-07
 328 | 7.40e-07
 329 | 7.39e-07
 330 | 7.34e-07
 331 | 7.31e-07
 332 | 7.18e-07
 333 | 6.89e-07
 334 | 6.52e-07
 335 | 6.27e-07
 336 | 6.10e-07
 337 | 5.94e-07
 338 | 5.65e-07
 339 | 5.41e-07
 340 | 5.28e-07
 341 | 5.15e-07
 342 | 5.01e-07
 343 | 4.83e-07
 344 | 4.62e-07
 345 | 4.47e-07
 346 | 4.32e-07
 347 | 4.18e-07
 348 | 4.01e-07
 349 | 3.84e-07
 350 | 3.69e-07
 351 | 3.58e-07
 352 | 3.46e-07
 353 | 3.27e-07
 354 | 3.22e-07
 355 | 3.09e-07
 356 | 2.95e-07
 357 | 2.84e-07
 358 | 2.69e-07
 359 | 2.55e-07
 360 | 2.44e-07
 361 | 2.33e-07
 362 | 2.19e-07
 363 | 2.06e-07
 364 | 1.91e-07
 365 | 1.81e-07
 366 | 1.73e-07
 367 | 1.65e-07
 368 | 1.55e-07
 369 | 1.48e-07
 370 | 1.41e-07
 371 | 1.35e-07
 372 | 1.29e-07
 373 | 1.24e-07
 374 | 1.19e-07
 375 | 1.14e-07
 376 | 1.10e-07
 377 | 1.06e-07
 378 | 1.01e-07
 379 | 9.70e-08
[2025-11-21 02:46:12] Run completed in 39.09 minutes
[2025-11-21 02:46:16] Saved NMF result to: /zata/zippy/kresgeb/nmf_stuff/dlPFC/data/batched_nmf/nmf_k70_seed2025_tol1e-07_L10.7.rds
[2025-11-21 02:46:16] Appended run metadata to summary.tsv
[2025-11-21 02:46:16] --------------------------------------------
[2025-11-21 02:46:16] Starting run 748 / 750: k=80, seed=2025, tol=1e-07, L1=0.7
[2025-11-21 02:46:16] --------------------------------------------

iter |      tol 
---------------
   1 | 9.64e-01
   2 | 9.69e-02
   3 | 4.02e-02
   4 | 2.19e-02
   5 | 1.51e-02
   6 | 1.12e-02
   7 | 9.13e-03
   8 | 8.16e-03
   9 | 7.25e-03
  10 | 6.13e-03
  11 | 5.17e-03
  12 | 3.72e-03
  13 | 2.72e-03
  14 | 2.50e-03
  15 | 2.29e-03
  16 | 2.10e-03
  17 | 1.87e-03
  18 | 1.82e-03
  19 | 1.84e-03
  20 | 1.74e-03
  21 | 1.55e-03
  22 | 1.30e-03
  23 | 1.17e-03
  24 | 1.04e-03
  25 | 8.86e-04
  26 | 7.76e-04
  27 | 7.93e-04
  28 | 8.15e-04
  29 | 8.66e-04
  30 | 8.71e-04
  31 | 7.92e-04
  32 | 6.85e-04
  33 | 5.80e-04
  34 | 4.62e-04
  35 | 4.34e-04
  36 | 4.25e-04
  37 | 4.90e-04
  38 | 5.08e-04
  39 | 3.74e-04
  40 | 2.80e-04
  41 | 2.42e-04
  42 | 2.43e-04
  43 | 2.62e-04
  44 | 2.94e-04
  45 | 2.98e-04
  46 | 2.92e-04
  47 | 2.63e-04
  48 | 2.38e-04
  49 | 2.10e-04
  50 | 1.69e-04
  51 | 1.40e-04
  52 | 1.14e-04
  53 | 9.58e-05
  54 | 8.33e-05
  55 | 7.41e-05
  56 | 6.41e-05
  57 | 5.81e-05
  58 | 5.35e-05
  59 | 3.55e-05
  60 | 2.63e-05
  61 | 2.62e-05
  62 | 2.61e-05
  63 | 2.63e-05
  64 | 2.61e-05
  65 | 2.33e-05
  66 | 2.23e-05
  67 | 2.19e-05
  68 | 2.16e-05
  69 | 2.15e-05
  70 | 2.20e-05
  71 | 2.28e-05
  72 | 2.34e-05
  73 | 2.36e-05
  74 | 2.08e-05
  75 | 2.11e-05
  76 | 2.07e-05
  77 | 2.17e-05
  78 | 2.29e-05
  79 | 2.47e-05
  80 | 2.46e-05
  81 | 2.53e-05
  82 | 2.62e-05
  83 | 2.78e-05
  84 | 2.96e-05
  85 | 3.03e-05
  86 | 3.04e-05
  87 | 3.18e-05
  88 | 3.49e-05
  89 | 3.91e-05
  90 | 4.32e-05
  91 | 5.11e-05
  92 | 6.45e-05
  93 | 8.20e-05
  94 | 1.15e-04
  95 | 1.61e-04
  96 | 2.19e-04
  97 | 2.58e-04
  98 | 2.70e-04
  99 | 2.16e-04
 100 | 1.49e-04
 101 | 9.70e-05
 102 | 5.40e-05
 103 | 3.52e-05
 104 | 2.45e-05
 105 | 1.91e-05
 106 | 1.59e-05
 107 | 1.39e-05
 108 | 1.26e-05
 109 | 1.17e-05
 110 | 1.08e-05
 111 | 9.82e-06
 112 | 8.60e-06
 113 | 7.51e-06
 114 | 6.56e-06
 115 | 5.59e-06
 116 | 4.77e-06
 117 | 4.07e-06
 118 | 3.44e-06
 119 | 2.88e-06
 120 | 2.47e-06
 121 | 2.16e-06
 122 | 1.90e-06
 123 | 1.70e-06
 124 | 1.53e-06
 125 | 1.40e-06
 126 | 1.28e-06
 127 | 1.18e-06
 128 | 1.10e-06
 129 | 1.02e-06
 130 | 9.41e-07
 131 | 8.82e-07
 132 | 8.29e-07
 133 | 7.72e-07
 134 | 7.23e-07
 135 | 6.75e-07
 136 | 6.37e-07
 137 | 6.02e-07
 138 | 5.75e-07
 139 | 5.49e-07
 140 | 5.30e-07
 141 | 4.95e-07
 142 | 4.64e-07
 143 | 4.36e-07
 144 | 4.13e-07
 145 | 3.93e-07
 146 | 3.67e-07
 147 | 3.45e-07
 148 | 3.30e-07
 149 | 3.17e-07
 150 | 3.05e-07
 151 | 2.97e-07
 152 | 2.89e-07
 153 | 2.83e-07
 154 | 2.78e-07
 155 | 2.72e-07
 156 | 2.68e-07
 157 | 2.63e-07
 158 | 2.48e-07
 159 | 2.33e-07
 160 | 2.22e-07
 161 | 2.11e-07
 162 | 2.01e-07
 163 | 1.93e-07
 164 | 1.86e-07
 165 | 1.81e-07
 166 | 1.74e-07
 167 | 1.68e-07
 168 | 1.65e-07
 169 | 1.62e-07
 170 | 1.60e-07
 171 | 1.59e-07
 172 | 1.58e-07
 173 | 1.58e-07
 174 | 1.58e-07
 175 | 1.58e-07
 176 | 1.58e-07
 177 | 1.60e-07
 178 | 1.63e-07
 179 | 1.66e-07
 180 | 1.71e-07
 181 | 1.77e-07
 182 | 1.84e-07
 183 | 1.92e-07
 184 | 2.02e-07
 185 | 2.14e-07
 186 | 2.29e-07
 187 | 2.45e-07
 188 | 2.64e-07
 189 | 2.87e-07
 190 | 2.59e-07
 191 | 1.95e-07
 192 | 1.87e-07
 193 | 1.83e-07
 194 | 1.82e-07
 195 | 1.84e-07
 196 | 1.88e-07
 197 | 1.92e-07
 198 | 1.97e-07
 199 | 2.02e-07
 200 | 2.08e-07
 201 | 2.11e-07
 202 | 2.14e-07
 203 | 2.18e-07
 204 | 2.23e-07
 205 | 2.29e-07
 206 | 2.36e-07
 207 | 2.43e-07
 208 | 2.51e-07
 209 | 2.59e-07
 210 | 2.68e-07
 211 | 2.77e-07
 212 | 2.86e-07
 213 | 2.95e-07
 214 | 3.04e-07
 215 | 3.14e-07
 216 | 3.24e-07
 217 | 3.35e-07
 218 | 3.48e-07
 219 | 3.60e-07
 220 | 3.74e-07
 221 | 3.87e-07
 222 | 4.02e-07
 223 | 4.14e-07
 224 | 4.25e-07
 225 | 4.37e-07
 226 | 4.49e-07
 227 | 4.63e-07
 228 | 4.76e-07
 229 | 4.91e-07
 230 | 5.07e-07
 231 | 5.21e-07
 232 | 5.37e-07
 233 | 5.49e-07
 234 | 5.68e-07
 235 | 5.85e-07
 236 | 6.01e-07
 237 | 6.13e-07
 238 | 6.18e-07
 239 | 6.17e-07
 240 | 6.12e-07
 241 | 6.06e-07
 242 | 5.95e-07
 243 | 5.79e-07
 244 | 5.62e-07
 245 | 5.45e-07
 246 | 5.24e-07
 247 | 5.07e-07
 248 | 4.87e-07
 249 | 4.67e-07
 250 | 4.44e-07
 251 | 4.25e-07
 252 | 4.04e-07
 253 | 3.82e-07
 254 | 3.63e-07
 255 | 3.45e-07
 256 | 3.31e-07
 257 | 3.20e-07
 258 | 3.10e-07
 259 | 3.01e-07
 260 | 2.94e-07
 261 | 2.87e-07
 262 | 2.77e-07
 263 | 2.72e-07
 264 | 2.68e-07
 265 | 2.67e-07
 266 | 2.70e-07
 267 | 2.72e-07
 268 | 2.74e-07
 269 | 2.77e-07
 270 | 2.81e-07
 271 | 2.85e-07
 272 | 2.90e-07
 273 | 2.95e-07
 274 | 3.01e-07
 275 | 3.08e-07
 276 | 3.14e-07
 277 | 3.21e-07
 278 | 3.28e-07
 279 | 3.35e-07
 280 | 3.43e-07
 281 | 3.51e-07
 282 | 3.58e-07
 283 | 3.67e-07
 284 | 3.76e-07
 285 | 3.07e-07
 286 | 2.78e-07
 287 | 2.68e-07
 288 | 2.62e-07
 289 | 2.60e-07
 290 | 2.55e-07
 291 | 2.55e-07
 292 | 2.55e-07
 293 | 2.54e-07
 294 | 2.54e-07
 295 | 2.55e-07
 296 | 2.59e-07
 297 | 2.59e-07
 298 | 2.59e-07
 299 | 2.46e-07
 300 | 2.24e-07
 301 | 2.15e-07
 302 | 2.09e-07
 303 | 2.05e-07
 304 | 2.01e-07
 305 | 1.96e-07
 306 | 1.92e-07
 307 | 1.91e-07
 308 | 1.89e-07
 309 | 1.89e-07
 310 | 1.88e-07
 311 | 1.85e-07
 312 | 1.83e-07
 313 | 1.83e-07
 314 | 1.84e-07
 315 | 1.85e-07
 316 | 1.86e-07
 317 | 1.87e-07
 318 | 1.88e-07
 319 | 1.88e-07
 320 | 1.89e-07
 321 | 1.89e-07
 322 | 1.90e-07
 323 | 1.91e-07
 324 | 1.92e-07
 325 | 1.92e-07
 326 | 1.89e-07
 327 | 1.83e-07
 328 | 1.81e-07
 329 | 1.78e-07
 330 | 1.67e-07
 331 | 1.57e-07
 332 | 1.43e-07
 333 | 1.35e-07
 334 | 1.31e-07
 335 | 1.28e-07
 336 | 1.26e-07
 337 | 1.24e-07
 338 | 1.20e-07
 339 | 1.18e-07
 340 | 1.17e-07
 341 | 1.15e-07
 342 | 1.11e-07
 343 | 1.09e-07
 344 | 1.08e-07
 345 | 1.06e-07
 346 | 1.05e-07
 347 | 1.04e-07
 348 | 1.02e-07
 349 | 1.01e-07
 350 | 9.96e-08
[2025-11-21 03:30:29] Run completed in 44.21 minutes
[2025-11-21 03:30:33] Saved NMF result to: /zata/zippy/kresgeb/nmf_stuff/dlPFC/data/batched_nmf/nmf_k80_seed2025_tol1e-07_L10.7.rds
[2025-11-21 03:30:33] Appended run metadata to summary.tsv
[2025-11-21 03:30:33] --------------------------------------------
[2025-11-21 03:30:33] Starting run 749 / 750: k=90, seed=2025, tol=1e-07, L1=0.7
[2025-11-21 03:30:33] --------------------------------------------

iter |      tol 
---------------
   1 | 9.63e-01
   2 | 8.91e-02
   3 | 3.43e-02
   4 | 2.10e-02
   5 | 1.53e-02
   6 | 1.15e-02
   7 | 9.33e-03
   8 | 8.20e-03
   9 | 7.08e-03
  10 | 5.90e-03
  11 | 5.19e-03
  12 | 5.00e-03
  13 | 4.50e-03
  14 | 3.94e-03
  15 | 2.86e-03
  16 | 2.40e-03
  17 | 2.25e-03
  18 | 2.28e-03
  19 | 2.32e-03
  20 | 2.15e-03
  21 | 2.13e-03
  22 | 1.90e-03
  23 | 1.60e-03
  24 | 1.36e-03
  25 | 1.06e-03
  26 | 8.00e-04
  27 | 6.03e-04
  28 | 5.19e-04
  29 | 5.06e-04
  30 | 4.78e-04
  31 | 4.53e-04
  32 | 4.07e-04
  33 | 3.54e-04
  34 | 3.18e-04
  35 | 2.78e-04
  36 | 2.53e-04
  37 | 2.17e-04
  38 | 1.97e-04
  39 | 1.88e-04
  40 | 1.67e-04
  41 | 1.38e-04
  42 | 1.09e-04
  43 | 8.40e-05
  44 | 7.03e-05
  45 | 6.49e-05
  46 | 5.40e-05
  47 | 4.80e-05
  48 | 4.60e-05
  49 | 4.41e-05
  50 | 4.38e-05
  51 | 4.26e-05
  52 | 4.15e-05
  53 | 4.35e-05
  54 | 4.75e-05
  55 | 4.89e-05
  56 | 5.16e-05
  57 | 5.04e-05
  58 | 5.06e-05
  59 | 4.63e-05
  60 | 4.63e-05
  61 | 4.62e-05
  62 | 5.10e-05
  63 | 5.34e-05
  64 | 5.45e-05
  65 | 5.83e-05
  66 | 6.19e-05
  67 | 6.68e-05
  68 | 7.01e-05
  69 | 7.50e-05
  70 | 7.14e-05
  71 | 6.87e-05
  72 | 6.42e-05
  73 | 6.31e-05
  74 | 6.43e-05
  75 | 6.56e-05
  76 | 6.65e-05
  77 | 5.19e-05
  78 | 4.81e-05
  79 | 4.73e-05
  80 | 4.57e-05
  81 | 4.52e-05
  82 | 4.50e-05
  83 | 4.72e-05
  84 | 5.00e-05
  85 | 5.44e-05
  86 | 6.23e-05
  87 | 7.06e-05
  88 | 7.80e-05
  89 | 8.88e-05
  90 | 9.83e-05
  91 | 1.07e-04
  92 | 1.09e-04
  93 | 1.03e-04
  94 | 1.00e-04
  95 | 9.17e-05
  96 | 7.89e-05
  97 | 6.43e-05
  98 | 5.66e-05
  99 | 4.14e-05
 100 | 3.61e-05
 101 | 3.26e-05
 102 | 2.86e-05
 103 | 2.40e-05
 104 | 1.90e-05
 105 | 1.67e-05
 106 | 1.47e-05
 107 | 1.33e-05
 108 | 1.23e-05
 109 | 1.17e-05
 110 | 9.38e-06
 111 | 8.30e-06
 112 | 7.70e-06
 113 | 7.35e-06
 114 | 6.92e-06
 115 | 6.61e-06
 116 | 6.34e-06
 117 | 5.95e-06
 118 | 5.64e-06
 119 | 5.40e-06
 120 | 5.16e-06
 121 | 5.00e-06
 122 | 4.90e-06
 123 | 4.72e-06
 124 | 4.52e-06
 125 | 4.31e-06
 126 | 4.16e-06
 127 | 4.03e-06
 128 | 3.71e-06
 129 | 3.53e-06
 130 | 3.39e-06
 131 | 3.10e-06
 132 | 2.97e-06
 133 | 2.95e-06
 134 | 2.89e-06
 135 | 2.76e-06
 136 | 2.79e-06
 137 | 2.89e-06
 138 | 2.32e-06
 139 | 1.96e-06
 140 | 1.76e-06
 141 | 1.62e-06
 142 | 1.54e-06
 143 | 1.48e-06
 144 | 1.44e-06
 145 | 1.37e-06
 146 | 1.32e-06
 147 | 1.29e-06
 148 | 1.24e-06
 149 | 1.22e-06
 150 | 1.22e-06
 151 | 1.23e-06
 152 | 1.25e-06
 153 | 1.28e-06
 154 | 1.31e-06
 155 | 1.36e-06
 156 | 1.42e-06
 157 | 1.41e-06
 158 | 1.44e-06
 159 | 1.45e-06
 160 | 1.48e-06
 161 | 1.54e-06
 162 | 1.61e-06
 163 | 1.69e-06
 164 | 1.77e-06
 165 | 1.89e-06
 166 | 2.05e-06
 167 | 2.24e-06
 168 | 2.49e-06
 169 | 2.82e-06
 170 | 3.23e-06
 171 | 3.76e-06
 172 | 4.35e-06
 173 | 5.09e-06
 174 | 6.00e-06
 175 | 6.99e-06
 176 | 8.12e-06
 177 | 8.49e-06
 178 | 8.63e-06
 179 | 9.54e-06
 180 | 1.07e-05
 181 | 1.21e-05
 182 | 1.38e-05
 183 | 1.59e-05
 184 | 1.86e-05
 185 | 2.22e-05
 186 | 2.67e-05
 187 | 3.18e-05
 188 | 3.72e-05
 189 | 4.28e-05
 190 | 4.77e-05
 191 | 5.06e-05
 192 | 5.05e-05
 193 | 4.56e-05
 194 | 3.75e-05
 195 | 3.22e-05
 196 | 2.69e-05
 197 | 2.38e-05
 198 | 2.28e-05
 199 | 2.42e-05
 200 | 2.71e-05
 201 | 3.13e-05
 202 | 3.65e-05
 203 | 3.98e-05
 204 | 4.33e-05
 205 | 4.40e-05
 206 | 4.27e-05
 207 | 3.37e-05
 208 | 2.78e-05
 209 | 2.23e-05
 210 | 1.81e-05
 211 | 1.47e-05
 212 | 1.16e-05
 213 | 9.11e-06
 214 | 6.87e-06
 215 | 4.41e-06
 216 | 3.37e-06
 217 | 2.30e-06
 218 | 1.54e-06
 219 | 1.05e-06
 220 | 8.29e-07
 221 | 6.66e-07
 222 | 5.32e-07
 223 | 4.59e-07
 224 | 3.79e-07
 225 | 3.37e-07
 226 | 3.22e-07
 227 | 3.13e-07
 228 | 3.08e-07
 229 | 3.07e-07
 230 | 3.09e-07
 231 | 3.14e-07
 232 | 3.22e-07
 233 | 3.31e-07
 234 | 3.40e-07
 235 | 3.49e-07
 236 | 3.61e-07
 237 | 3.73e-07
 238 | 3.86e-07
 239 | 3.76e-07
 240 | 3.89e-07
 241 | 4.00e-07
 242 | 4.21e-07
 243 | 4.08e-07
 244 | 3.87e-07
 245 | 3.02e-07
 246 | 2.01e-07
 247 | 1.80e-07
 248 | 1.37e-07
 249 | 1.23e-07
 250 | 1.16e-07
 251 | 1.09e-07
 252 | 1.04e-07
 253 | 1.01e-07
 254 | 9.86e-08
[2025-11-21 04:08:41] Run completed in 38.13 minutes
[2025-11-21 04:08:46] Saved NMF result to: /zata/zippy/kresgeb/nmf_stuff/dlPFC/data/batched_nmf/nmf_k90_seed2025_tol1e-07_L10.7.rds
[2025-11-21 04:08:46] Appended run metadata to summary.tsv
[2025-11-21 04:08:46] --------------------------------------------
[2025-11-21 04:08:46] Starting run 750 / 750: k=100, seed=2025, tol=1e-07, L1=0.7
[2025-11-21 04:08:46] --------------------------------------------

iter |      tol 
---------------
   1 | 9.63e-01
   2 | 9.92e-02
   3 | 3.96e-02
   4 | 2.38e-02
   5 | 1.58e-02
   6 | 1.08e-02
   7 | 7.98e-03
   8 | 6.86e-03
   9 | 6.14e-03
  10 | 5.55e-03
  11 | 5.59e-03
  12 | 6.06e-03
  13 | 6.96e-03
  14 | 7.41e-03
  15 | 5.03e-03
  16 | 3.66e-03
  17 | 4.12e-03
  18 | 4.39e-03
  19 | 3.59e-03
  20 | 2.87e-03
  21 | 2.31e-03
  22 | 1.76e-03
  23 | 1.25e-03
  24 | 9.42e-04
  25 | 8.59e-04
  26 | 8.55e-04
  27 | 8.26e-04
  28 | 7.88e-04
  29 | 7.13e-04
  30 | 6.00e-04
  31 | 4.96e-04
  32 | 4.35e-04
  33 | 3.37e-04
  34 | 2.59e-04
  35 | 2.20e-04
  36 | 1.70e-04
  37 | 1.49e-04
  38 | 1.38e-04
  39 | 1.40e-04
  40 | 1.42e-04
  41 | 1.48e-04
  42 | 1.61e-04
  43 | 1.75e-04
  44 | 1.87e-04
  45 | 1.93e-04
  46 | 2.00e-04
  47 | 1.86e-04
  48 | 1.76e-04
  49 | 1.65e-04
  50 | 1.47e-04
  51 | 1.40e-04
  52 | 1.25e-04
  53 | 1.04e-04
  54 | 8.25e-05
  55 | 7.03e-05
  56 | 7.19e-05
  57 | 7.50e-05
  58 | 8.11e-05
  59 | 9.07e-05
  60 | 1.01e-04
  61 | 1.10e-04
  62 | 1.12e-04
  63 | 7.79e-05
  64 | 7.41e-05
  65 | 6.18e-05
  66 | 5.27e-05
  67 | 5.72e-05
  68 | 6.17e-05
  69 | 6.31e-05
  70 | 6.17e-05
  71 | 6.10e-05
  72 | 6.39e-05
  73 | 7.31e-05
  74 | 9.35e-05
  75 | 1.30e-04
  76 | 1.83e-04
  77 | 2.38e-04
  78 | 2.63e-04
  79 | 2.02e-04
  80 | 9.06e-05
  81 | 4.70e-05
  82 | 2.74e-05
  83 | 1.57e-05
  84 | 1.14e-05
  85 | 9.89e-06
  86 | 8.00e-06
  87 | 7.54e-06
  88 | 6.67e-06
  89 | 6.20e-06
  90 | 6.11e-06
  91 | 5.83e-06
  92 | 5.19e-06
  93 | 4.90e-06
  94 | 4.73e-06
  95 | 4.65e-06
  96 | 4.32e-06
  97 | 4.08e-06
  98 | 3.95e-06
  99 | 3.95e-06
 100 | 3.66e-06
 101 | 3.47e-06
 102 | 3.39e-06
 103 | 3.27e-06
 104 | 3.10e-06
 105 | 2.96e-06
 106 | 2.85e-06
 107 | 2.82e-06
 108 | 2.71e-06
 109 | 2.59e-06
 110 | 2.57e-06
 111 | 2.56e-06
 112 | 2.21e-06
 113 | 2.19e-06
 114 | 2.18e-06
 115 | 2.18e-06
 116 | 2.22e-06
 117 | 2.27e-06
 118 | 2.28e-06
 119 | 1.99e-06
 120 | 2.05e-06
 121 | 2.19e-06
 122 | 2.25e-06
 123 | 2.41e-06
 124 | 2.67e-06
 125 | 2.96e-06
 126 | 3.31e-06
 127 | 3.40e-06
 128 | 3.71e-06
 129 | 4.06e-06
 130 | 4.52e-06
 131 | 5.02e-06
 132 | 5.25e-06
 133 | 5.14e-06
 134 | 5.12e-06
 135 | 5.00e-06
 136 | 4.58e-06
 137 | 4.15e-06
 138 | 3.77e-06
 139 | 3.60e-06
 140 | 3.59e-06
 141 | 3.59e-06
 142 | 3.64e-06
 143 | 3.77e-06
 144 | 3.99e-06
 145 | 4.21e-06
 146 | 4.40e-06
 147 | 4.66e-06
 148 | 4.99e-06
 149 | 5.31e-06
 150 | 5.70e-06
 151 | 5.88e-06
 152 | 5.58e-06
 153 | 5.17e-06
 154 | 4.79e-06
 155 | 4.62e-06
 156 | 4.16e-06
 157 | 4.06e-06
 158 | 4.07e-06
 159 | 4.08e-06
 160 | 4.02e-06
 161 | 3.87e-06
 162 | 3.73e-06
 163 | 3.54e-06
 164 | 3.20e-06
 165 | 2.97e-06
 166 | 2.79e-06
 167 | 2.68e-06
 168 | 2.55e-06
 169 | 2.31e-06
 170 | 2.14e-06
 171 | 2.00e-06
 172 | 1.83e-06
 173 | 1.69e-06
 174 | 1.56e-06
 175 | 1.36e-06
 176 | 1.29e-06
 177 | 1.24e-06
 178 | 1.22e-06
 179 | 1.16e-06
 180 | 1.15e-06
 181 | 1.16e-06
 182 | 1.16e-06
 183 | 1.17e-06
 184 | 1.18e-06
 185 | 1.13e-06
 186 | 1.12e-06
 187 | 1.12e-06
 188 | 1.12e-06
 189 | 1.13e-06
 190 | 1.14e-06
 191 | 1.15e-06
 192 | 1.19e-06
 193 | 1.23e-06
 194 | 1.29e-06
 195 | 1.36e-06
 196 | 1.45e-06
 197 | 1.51e-06
 198 | 1.07e-06
 199 | 1.09e-06
 200 | 1.16e-06
 201 | 1.26e-06
 202 | 1.41e-06
 203 | 1.57e-06
 204 | 1.77e-06
 205 | 2.02e-06
 206 | 2.35e-06
 207 | 2.75e-06
 208 | 3.27e-06
 209 | 3.93e-06
 210 | 4.77e-06
 211 | 5.70e-06
 212 | 7.05e-06
 213 | 8.71e-06
 214 | 1.10e-05
 215 | 1.42e-05
 216 | 1.84e-05
 217 | 2.40e-05
 218 | 3.02e-05
 219 | 3.94e-05
 220 | 4.95e-05
 221 | 6.03e-05
 222 | 5.95e-05
 223 | 5.81e-05
 224 | 5.42e-05
 225 | 5.03e-05
 226 | 4.28e-05
 227 | 2.68e-05
 228 | 2.05e-05
 229 | 1.45e-05
 230 | 8.64e-06
 231 | 5.86e-06
 232 | 3.98e-06
 233 | 2.93e-06
 234 | 2.35e-06
 235 | 1.91e-06
 236 | 1.57e-06
 237 | 1.16e-06
 238 | 9.16e-07
 239 | 8.13e-07
 240 | 7.36e-07
 241 | 6.25e-07
 242 | 5.69e-07
 243 | 5.31e-07
 244 | 5.02e-07
 245 | 4.80e-07
 246 | 4.61e-07
 247 | 4.43e-07
 248 | 4.17e-07
 249 | 3.81e-07
 250 | 3.63e-07
 251 | 3.44e-07
 252 | 3.35e-07
 253 | 3.32e-07
 254 | 3.29e-07
 255 | 3.19e-07
 256 | 3.27e-07
 257 | 3.41e-07
 258 | 3.58e-07
 259 | 3.78e-07
 260 | 4.02e-07
 261 | 4.29e-07
 262 | 4.56e-07
 263 | 4.80e-07
 264 | 5.14e-07
 265 | 5.52e-07
 266 | 5.95e-07
 267 | 4.26e-07
 268 | 3.22e-07
 269 | 3.04e-07
 270 | 2.83e-07
 271 | 2.63e-07
 272 | 2.57e-07
 273 | 2.20e-07
 274 | 2.01e-07
 275 | 1.92e-07
 276 | 1.84e-07
 277 | 1.78e-07
 278 | 1.72e-07
 279 | 1.64e-07
 280 | 1.55e-07
 281 | 1.50e-07
 282 | 1.46e-07
 283 | 1.39e-07
 284 | 1.37e-07
 285 | 1.35e-07
 286 | 1.34e-07
 287 | 1.33e-07
 288 | 1.33e-07
 289 | 1.33e-07
 290 | 1.31e-07
 291 | 1.30e-07
 292 | 1.30e-07
 293 | 1.30e-07
 294 | 1.30e-07
 295 | 1.30e-07
 296 | 1.31e-07
 297 | 1.32e-07
 298 | 1.33e-07
 299 | 1.34e-07
 300 | 1.36e-07
 301 | 1.35e-07
 302 | 1.33e-07
 303 | 1.32e-07
 304 | 1.31e-07
 305 | 1.31e-07
 306 | 1.31e-07
 307 | 1.32e-07
 308 | 1.31e-07
 309 | 1.31e-07
 310 | 1.32e-07
 311 | 1.28e-07
 312 | 1.29e-07
 313 | 1.31e-07
 314 | 1.34e-07
 315 | 1.36e-07
 316 | 1.39e-07
 317 | 1.43e-07
 318 | 1.40e-07
 319 | 1.44e-07
 320 | 1.50e-07
 321 | 1.57e-07
 322 | 1.66e-07
 323 | 1.75e-07
 324 | 1.84e-07
 325 | 1.95e-07
 326 | 2.07e-07
 327 | 2.21e-07
 328 | 2.35e-07
 329 | 2.51e-07
 330 | 2.69e-07
 331 | 2.88e-07
 332 | 3.09e-07
 333 | 3.27e-07
 334 | 3.31e-07
 335 | 3.53e-07
 336 | 3.76e-07
 337 | 4.01e-07
 338 | 4.11e-07
 339 | 4.31e-07
 340 | 2.90e-07
 341 | 2.76e-07
 342 | 2.79e-07
 343 | 2.83e-07
 344 | 2.86e-07
 345 | 2.85e-07
 346 | 1.01e-07
 347 | 7.19e-08
[2025-11-21 05:04:04] Run completed in 55.31 minutes
[2025-11-21 05:04:10] Saved NMF result to: /zata/zippy/kresgeb/nmf_stuff/dlPFC/data/batched_nmf/nmf_k100_seed2025_tol1e-07_L10.7.rds
[2025-11-21 05:04:10] Appended run metadata to summary.tsv
[2025-11-21 05:04:10] ===== Batch NMF Complete =====
