[2025-11-07 15:01:42] Log file created: /zata/zippy/kresgeb/nmf_stuff/dlPFC/logs/batched_nmf_2025-11-07_15-01-42.log
[2025-11-07 15:01:42] ======Snapshot of script: batched_nmf.R======

----- Begin Script Snapshot -----
#!/usr/bin/env Rscript

suppressPackageStartupMessages({
    library(here)
    library(SpatialExperiment)
    library(RcppML)
    library(SingleCellExperiment)
    library(Matrix)
    library(sessioninfo)
})

# --------------------------------------------------------------
# Set project root and import utilities
# --------------------------------------------------------------
my_relative_path <- "scripts/batched_nmf.R"
here::i_am(my_relative_path)

source(here("scripts", "utils.R"))

# --------------------------------------------------------------
# Global setup
# --------------------------------------------------------------
threads <- 64
options(RcppML.threads = threads)
options(RcppML.verbose = TRUE)

setup_log(prefix = "batched_nmf")
snapshot_script(here(my_relative_path))

log_msg(sprintf("Running batched NMF with %d threads", threads))

snrna_seq_data_path <- "/data/zusers/kresgeb/psych_encode/spatialDLPFC_snRNAseq_fetch/2024_snRNA.RData"
batched_outdir <- here("data", "batched_nmf")

if (!dir.exists(batched_outdir)) {
    dir.create(batched_outdir, recursive = TRUE)
}

summary_csv <- file.path(batched_outdir, "summary.csv")

# --------------------------------------------------------------
# Parameter grid
# --------------------------------------------------------------
k_values <- c(10, 20, 30, 40, 50, 60, 70, 80, 90, 100)
# k_values <- c(80)
seeds <- c(42, 1029, 31415, 120301, 2025)
# seeds <- c(1029)
tolerances <- c(1e-05, 1e-06, 1e-07)
# tolerances <- c(1e-06)

param_grid <- expand.grid(k = k_values, seed = seeds, tol = tolerances)

# --------------------------------------------------------------
# Load data once
# --------------------------------------------------------------
log_msg("===== Loading snRNA-seq data once for all runs =====")
log_msg(paste("Loading data from:", snrna_seq_data_path))
load_and_rename(snrna_seq_data_path, new_names = "snrna")

if (!inherits(snrna, "SingleCellExperiment")) {
    stop("Loaded object is not a SingleCellExperiment, cannot continue.")
}

log_msg("Data successfully loaded.")
log_msg(sprintf(
    "Dimensions of logcounts: %d genes x %d cells",
    nrow(assay(snrna, "logcounts")), ncol(assay(snrna, "logcounts"))
))
log_msg(sprintf(
    "Memory footprint: %.2f MB",
    object.size(assay(snrna, "logcounts")) / (1024^2)
))

# --- Initialize CSV if needed ---
if (!file.exists(summary_csv)) {
    write.table(
        data.frame(
            timestamp = character(), k = integer(), seed = integer(),
            tol = numeric(), elapsed_min = numeric(), output_path = character()
        ),
        file = summary_csv,
        sep = ",", row.names = FALSE, col.names = TRUE
    )
    log_msg(paste("Initialized summary CSV at:", summary_csv))
} else {
    log_msg(paste("Appending to existing summary CSV at:", summary_csv))
}

# --------------------------------------------------------------
# Run over grid
# --------------------------------------------------------------

for (i in seq_len(nrow(param_grid))) {
    k <- param_grid$k[i]
    seed <- param_grid$seed[i]
    tol <- param_grid$tol[i]

    run_prefix <- sprintf("nmf_k%d_seed%d_tol%.0e", k, seed, tol)

    log_msg("--------------------------------------------")
    log_msg(sprintf(
        "Starting run %d / %d: k=%d, seed=%d, tol=%.0e",
        i, nrow(param_grid), k, seed, tol
    ))
    log_msg("--------------------------------------------")

    start_time <- Sys.time()

    x <- RcppML::nmf(
        assay(snrna, "logcounts"),
        k = k,
        tol = tol,
        maxit = 1000,
        verbose = TRUE,
        L1 = 0.1,
        seed = seed,
        mask_zeros = FALSE,
        diag = TRUE,
        nonneg = TRUE
    )

    end_time <- Sys.time()
    elapsed <- as.numeric(difftime(end_time, start_time, units = "mins"))
    log_msg(sprintf("Run completed in %.2f minutes", elapsed))

    out_path <- file.path(batched_outdir, paste0(run_prefix, ".rds"))
    saveRDS(x, out_path)
    log_msg(paste("Saved NMF result to:", out_path))

    # --- Append to CSV ---
    new_row <- data.frame(
        timestamp = format(Sys.time(), "%Y-%m-%d %H:%M:%S"),
        k = k, seed = seed, tol = tol,
        elapsed_min = elapsed, output_path = out_path
    )

    write.table(
        new_row,
        file = summary_csv,
        sep = ",", row.names = FALSE, col.names = FALSE, append = TRUE
    )
    log_msg("Appended run metadata to summary.csv")
}


# session info
log_msg("===== Batch NMF Complete =====")
print(sessionInfo())
print(session_info())

----- End Script Snapshot -----

[2025-11-07 15:01:42] Running batched NMF with 64 threads
[2025-11-07 15:01:42] ===== Loading snRNA-seq data once for all runs =====
[2025-11-07 15:01:42] Loading data from: /data/zusers/kresgeb/psych_encode/spatialDLPFC_snRNAseq_fetch/2024_snRNA.RData
[2025-11-07 15:04:09] Data successfully loaded.
[2025-11-07 15:04:09] Dimensions of logcounts: 36601 genes x 77604 cells
[2025-11-07 15:04:09] Memory footprint: 21679.29 MB
[2025-11-07 15:04:09] Initialized summary CSV at: /zata/zippy/kresgeb/nmf_stuff/dlPFC/data/batched_nmf/summary.csv
[2025-11-07 15:04:09] --------------------------------------------
[2025-11-07 15:04:09] Starting run 1 / 150: k=10, seed=42, tol=1e-05
[2025-11-07 15:04:09] --------------------------------------------

iter |      tol 
---------------
   1 | 9.34e-01
   2 | 1.30e-01
   3 | 2.15e-02
   4 | 1.12e-02
   5 | 7.08e-03
   6 | 4.43e-03
   7 | 2.92e-03
   8 | 2.05e-03
   9 | 1.63e-03
  10 | 1.53e-03
  11 | 1.62e-03
  12 | 1.55e-03
  13 | 1.26e-03
  14 | 1.06e-03
  15 | 9.58e-04
  16 | 8.54e-04
  17 | 7.80e-04
  18 | 7.84e-04
  19 | 8.54e-04
  20 | 8.98e-04
  21 | 7.90e-04
  22 | 6.00e-04
  23 | 4.50e-04
  24 | 3.45e-04
  25 | 2.57e-04
  26 | 1.83e-04
  27 | 1.25e-04
  28 | 8.55e-05
  29 | 5.90e-05
  30 | 4.08e-05
  31 | 2.80e-05
  32 | 1.92e-05
  33 | 1.32e-05
  34 | 9.04e-06
[2025-11-07 15:06:33] Run completed in 2.39 minutes
[2025-11-07 15:06:34] Saved NMF result to: /zata/zippy/kresgeb/nmf_stuff/dlPFC/data/batched_nmf/nmf_k10_seed42_tol1e-05.rds
[2025-11-07 15:06:34] Appended run metadata to summary.csv
[2025-11-07 15:06:34] --------------------------------------------
[2025-11-07 15:06:34] Starting run 2 / 150: k=20, seed=42, tol=1e-05
[2025-11-07 15:06:34] --------------------------------------------

iter |      tol 
---------------
   1 | 9.25e-01
   2 | 1.31e-01
   3 | 3.14e-02
   4 | 1.56e-02
   5 | 1.04e-02
   6 | 7.39e-03
   7 | 5.27e-03
   8 | 3.49e-03
   9 | 2.37e-03
  10 | 1.77e-03
  11 | 1.52e-03
  12 | 1.49e-03
  13 | 1.58e-03
  14 | 1.52e-03
  15 | 1.24e-03
  16 | 9.05e-04
  17 | 6.76e-04
  18 | 5.40e-04
  19 | 4.57e-04
  20 | 4.02e-04
  21 | 3.59e-04
  22 | 3.21e-04
  23 | 2.91e-04
  24 | 2.68e-04
  25 | 2.50e-04
  26 | 2.36e-04
  27 | 2.25e-04
  28 | 2.16e-04
  29 | 2.09e-04
  30 | 1.97e-04
  31 | 1.79e-04
  32 | 1.56e-04
  33 | 1.34e-04
  34 | 1.15e-04
  35 | 9.76e-05
  36 | 8.38e-05
  37 | 7.31e-05
  38 | 6.47e-05
  39 | 5.78e-05
  40 | 5.18e-05
  41 | 4.65e-05
  42 | 4.15e-05
  43 | 3.69e-05
  44 | 3.26e-05
  45 | 2.86e-05
  46 | 2.50e-05
  47 | 2.18e-05
  48 | 1.90e-05
  49 | 1.64e-05
  50 | 1.42e-05
  51 | 1.22e-05
  52 | 1.05e-05
  53 | 9.13e-06
[2025-11-07 15:09:38] Run completed in 3.07 minutes
[2025-11-07 15:09:42] Saved NMF result to: /zata/zippy/kresgeb/nmf_stuff/dlPFC/data/batched_nmf/nmf_k20_seed42_tol1e-05.rds
[2025-11-07 15:09:42] Appended run metadata to summary.csv
[2025-11-07 15:09:42] --------------------------------------------
[2025-11-07 15:09:42] Starting run 3 / 150: k=30, seed=42, tol=1e-05
[2025-11-07 15:09:42] --------------------------------------------

iter |      tol 
---------------
   1 | 9.20e-01
   2 | 1.23e-01
   3 | 3.08e-02
   4 | 1.54e-02
   5 | 9.15e-03
   6 | 5.46e-03
   7 | 3.69e-03
   8 | 2.84e-03
   9 | 2.39e-03
  10 | 2.13e-03
  11 | 1.95e-03
  12 | 1.77e-03
  13 | 1.59e-03
  14 | 1.41e-03
  15 | 1.24e-03
  16 | 1.04e-03
  17 | 8.45e-04
  18 | 6.85e-04
  19 | 5.66e-04
  20 | 4.69e-04
  21 | 3.93e-04
  22 | 3.36e-04
  23 | 2.95e-04
  24 | 2.68e-04
  25 | 2.51e-04
  26 | 2.43e-04
  27 | 2.39e-04
  28 | 2.39e-04
  29 | 2.40e-04
  30 | 2.37e-04
  31 | 2.28e-04
  32 | 2.15e-04
  33 | 1.99e-04
  34 | 1.78e-04
  35 | 1.58e-04
  36 | 1.38e-04
  37 | 1.21e-04
  38 | 1.06e-04
  39 | 9.36e-05
  40 | 8.29e-05
  41 | 7.38e-05
  42 | 6.56e-05
  43 | 5.88e-05
  44 | 5.34e-05
  45 | 4.92e-05
  46 | 4.61e-05
  47 | 4.37e-05
  48 | 4.22e-05
  49 | 4.12e-05
  50 | 4.05e-05
  51 | 4.05e-05
  52 | 4.07e-05
  53 | 4.12e-05
  54 | 4.19e-05
  55 | 4.27e-05
  56 | 4.32e-05
  57 | 4.38e-05
  58 | 4.50e-05
  59 | 4.66e-05
  60 | 4.79e-05
  61 | 4.85e-05
  62 | 4.84e-05
  63 | 4.80e-05
  64 | 4.69e-05
  65 | 4.56e-05
  66 | 4.40e-05
  67 | 4.25e-05
  68 | 4.10e-05
  69 | 3.97e-05
  70 | 3.87e-05
  71 | 3.77e-05
  72 | 3.71e-05
  73 | 3.67e-05
  74 | 3.66e-05
  75 | 3.67e-05
  76 | 3.69e-05
  77 | 3.73e-05
  78 | 3.77e-05
  79 | 3.84e-05
  80 | 3.93e-05
  81 | 4.00e-05
  82 | 4.10e-05
  83 | 4.22e-05
  84 | 4.35e-05
  85 | 4.48e-05
  86 | 4.60e-05
  87 | 4.73e-05
  88 | 4.80e-05
  89 | 4.87e-05
  90 | 4.94e-05
  91 | 5.03e-05
  92 | 5.09e-05
  93 | 5.11e-05
  94 | 5.12e-05
  95 | 5.10e-05
  96 | 4.99e-05
  97 | 4.82e-05
  98 | 4.58e-05
  99 | 4.28e-05
 100 | 3.95e-05
 101 | 3.63e-05
 102 | 3.30e-05
 103 | 3.00e-05
 104 | 2.76e-05
 105 | 2.55e-05
 106 | 2.37e-05
 107 | 2.23e-05
 108 | 2.12e-05
 109 | 2.05e-05
 110 | 2.00e-05
 111 | 1.99e-05
 112 | 2.01e-05
 113 | 2.05e-05
 114 | 2.10e-05
 115 | 2.17e-05
 116 | 2.24e-05
 117 | 2.29e-05
 118 | 2.30e-05
 119 | 2.29e-05
 120 | 2.23e-05
 121 | 2.12e-05
 122 | 1.96e-05
 123 | 1.76e-05
 124 | 1.54e-05
 125 | 1.32e-05
 126 | 1.10e-05
 127 | 9.08e-06
[2025-11-07 15:15:57] Run completed in 6.26 minutes
[2025-11-07 15:15:59] Saved NMF result to: /zata/zippy/kresgeb/nmf_stuff/dlPFC/data/batched_nmf/nmf_k30_seed42_tol1e-05.rds
[2025-11-07 15:15:59] Appended run metadata to summary.csv
[2025-11-07 15:15:59] --------------------------------------------
[2025-11-07 15:15:59] Starting run 4 / 150: k=40, seed=42, tol=1e-05
[2025-11-07 15:15:59] --------------------------------------------

iter |      tol 
---------------
   1 | 9.21e-01
   2 | 1.16e-01
   3 | 4.04e-02
   4 | 1.91e-02
   5 | 1.05e-02
   6 | 7.18e-03
   7 | 5.47e-03
   8 | 4.42e-03
   9 | 3.74e-03
  10 | 3.27e-03
  11 | 2.84e-03
  12 | 2.44e-03
  13 | 2.04e-03
  14 | 1.69e-03
  15 | 1.38e-03
  16 | 1.15e-03
  17 | 9.75e-04
  18 | 8.56e-04
  19 | 7.80e-04
  20 | 7.20e-04
  21 | 6.67e-04
  22 | 6.05e-04
  23 | 5.20e-04
  24 | 4.25e-04
  25 | 3.43e-04
  26 | 2.72e-04
  27 | 2.26e-04
  28 | 1.94e-04
  29 | 1.74e-04
  30 | 1.63e-04
  31 | 1.59e-04
  32 | 1.61e-04
  33 | 1.68e-04
  34 | 1.75e-04
  35 | 1.79e-04
  36 | 1.81e-04
  37 | 1.78e-04
  38 | 1.70e-04
  39 | 1.61e-04
  40 | 1.51e-04
  41 | 1.36e-04
  42 | 1.18e-04
  43 | 9.81e-05
  44 | 7.74e-05
  45 | 6.19e-05
  46 | 5.06e-05
  47 | 4.24e-05
  48 | 3.65e-05
  49 | 3.18e-05
  50 | 2.83e-05
  51 | 2.56e-05
  52 | 2.37e-05
  53 | 2.21e-05
  54 | 2.10e-05
  55 | 2.01e-05
  56 | 1.91e-05
  57 | 1.83e-05
  58 | 1.73e-05
  59 | 1.66e-05
  60 | 1.61e-05
  61 | 1.55e-05
  62 | 1.49e-05
  63 | 1.42e-05
  64 | 1.34e-05
  65 | 1.28e-05
  66 | 1.22e-05
  67 | 1.16e-05
  68 | 1.10e-05
  69 | 1.03e-05
  70 | 9.71e-06
[2025-11-07 15:21:21] Run completed in 5.35 minutes
[2025-11-07 15:21:24] Saved NMF result to: /zata/zippy/kresgeb/nmf_stuff/dlPFC/data/batched_nmf/nmf_k40_seed42_tol1e-05.rds
[2025-11-07 15:21:24] Appended run metadata to summary.csv
[2025-11-07 15:21:24] --------------------------------------------
[2025-11-07 15:21:24] Starting run 5 / 150: k=50, seed=42, tol=1e-05
[2025-11-07 15:21:24] --------------------------------------------

iter |      tol 
---------------
   1 | 9.20e-01
   2 | 1.12e-01
   3 | 3.74e-02
   4 | 1.86e-02
   5 | 1.11e-02
   6 | 7.56e-03
   7 | 5.68e-03
   8 | 4.87e-03
   9 | 4.52e-03
  10 | 4.16e-03
  11 | 3.59e-03
  12 | 2.94e-03
  13 | 2.41e-03
  14 | 1.98e-03
  15 | 1.64e-03
  16 | 1.42e-03
  17 | 1.24e-03
  18 | 1.12e-03
  19 | 1.01e-03
  20 | 9.18e-04
  21 | 8.48e-04
  22 | 7.92e-04
  23 | 7.51e-04
  24 | 7.18e-04
  25 | 6.88e-04
  26 | 6.40e-04
  27 | 5.69e-04
  28 | 4.79e-04
  29 | 3.86e-04
  30 | 3.13e-04
  31 | 2.56e-04
  32 | 2.11e-04
  33 | 1.77e-04
  34 | 1.52e-04
  35 | 1.34e-04
  36 | 1.23e-04
  37 | 1.16e-04
  38 | 1.12e-04
  39 | 1.12e-04
  40 | 1.13e-04
  41 | 1.18e-04
  42 | 1.24e-04
  43 | 1.30e-04
  44 | 1.35e-04
  45 | 1.37e-04
  46 | 1.37e-04
  47 | 1.34e-04
  48 | 1.28e-04
  49 | 1.23e-04
  50 | 1.17e-04
  51 | 1.12e-04
  52 | 1.06e-04
  53 | 9.72e-05
  54 | 8.95e-05
  55 | 8.12e-05
  56 | 7.31e-05
  57 | 6.58e-05
  58 | 5.88e-05
  59 | 5.28e-05
  60 | 4.76e-05
  61 | 4.31e-05
  62 | 3.94e-05
  63 | 3.61e-05
  64 | 3.31e-05
  65 | 3.04e-05
  66 | 2.77e-05
  67 | 2.50e-05
  68 | 2.21e-05
  69 | 1.94e-05
  70 | 1.71e-05
  71 | 1.51e-05
  72 | 1.36e-05
  73 | 1.22e-05
  74 | 1.11e-05
  75 | 1.02e-05
  76 | 9.17e-06
[2025-11-07 15:28:40] Run completed in 7.28 minutes
[2025-11-07 15:28:44] Saved NMF result to: /zata/zippy/kresgeb/nmf_stuff/dlPFC/data/batched_nmf/nmf_k50_seed42_tol1e-05.rds
[2025-11-07 15:28:44] Appended run metadata to summary.csv
[2025-11-07 15:28:44] --------------------------------------------
[2025-11-07 15:28:44] Starting run 6 / 150: k=60, seed=42, tol=1e-05
[2025-11-07 15:28:44] --------------------------------------------

iter |      tol 
---------------
   1 | 9.15e-01
   2 | 1.11e-01
   3 | 3.67e-02
   4 | 1.86e-02
   5 | 1.12e-02
   6 | 7.87e-03
   7 | 6.14e-03
   8 | 4.93e-03
   9 | 3.92e-03
  10 | 3.20e-03
  11 | 2.70e-03
  12 | 2.33e-03
  13 | 2.04e-03
  14 | 1.80e-03
  15 | 1.55e-03
  16 | 1.29e-03
  17 | 1.10e-03
  18 | 9.68e-04
  19 | 8.97e-04
  20 | 8.73e-04
  21 | 8.75e-04
  22 | 9.04e-04
  23 | 9.38e-04
  24 | 9.45e-04
  25 | 9.19e-04
  26 | 8.67e-04
  27 | 7.84e-04
  28 | 6.85e-04
  29 | 5.92e-04
  30 | 5.22e-04
  31 | 4.73e-04
  32 | 4.35e-04
  33 | 4.09e-04
  34 | 3.90e-04
  35 | 3.74e-04
  36 | 3.58e-04
  37 | 3.38e-04
  38 | 3.07e-04
  39 | 2.69e-04
  40 | 2.29e-04
  41 | 1.93e-04
  42 | 1.62e-04
  43 | 1.37e-04
  44 | 1.18e-04
  45 | 1.02e-04
  46 | 9.09e-05
  47 | 8.06e-05
  48 | 7.22e-05
  49 | 6.70e-05
  50 | 6.29e-05
  51 | 5.85e-05
  52 | 5.35e-05
  53 | 4.96e-05
  54 | 4.53e-05
  55 | 4.08e-05
  56 | 3.67e-05
  57 | 3.24e-05
  58 | 2.85e-05
  59 | 2.47e-05
  60 | 2.04e-05
  61 | 1.68e-05
  62 | 1.42e-05
  63 | 1.20e-05
  64 | 1.02e-05
  65 | 8.86e-06
[2025-11-07 15:36:03] Run completed in 7.31 minutes
[2025-11-07 15:36:07] Saved NMF result to: /zata/zippy/kresgeb/nmf_stuff/dlPFC/data/batched_nmf/nmf_k60_seed42_tol1e-05.rds
[2025-11-07 15:36:07] Appended run metadata to summary.csv
[2025-11-07 15:36:07] --------------------------------------------
[2025-11-07 15:36:07] Starting run 7 / 150: k=70, seed=42, tol=1e-05
[2025-11-07 15:36:07] --------------------------------------------

iter |      tol 
---------------
   1 | 9.19e-01
   2 | 1.03e-01
   3 | 3.48e-02
   4 | 1.74e-02
   5 | 1.09e-02
   6 | 8.21e-03
   7 | 6.37e-03
   8 | 4.98e-03
   9 | 4.15e-03
  10 | 3.71e-03
  11 | 3.36e-03
  12 | 3.02e-03
  13 | 2.65e-03
  14 | 2.25e-03
  15 | 1.90e-03
  16 | 1.65e-03
  17 | 1.47e-03
  18 | 1.36e-03
  19 | 1.26e-03
  20 | 1.16e-03
  21 | 1.09e-03
  22 | 1.01e-03
  23 | 9.35e-04
  24 | 8.70e-04
  25 | 8.21e-04
  26 | 7.79e-04
  27 | 7.77e-04
  28 | 8.02e-04
  29 | 8.18e-04
  30 | 7.82e-04
  31 | 6.95e-04
  32 | 6.03e-04
  33 | 5.22e-04
  34 | 4.49e-04
  35 | 3.82e-04
  36 | 3.16e-04
  37 | 2.66e-04
  38 | 2.24e-04
  39 | 1.80e-04
  40 | 1.50e-04
  41 | 1.25e-04
  42 | 1.06e-04
  43 | 9.07e-05
  44 | 7.86e-05
  45 | 6.89e-05
  46 | 6.14e-05
  47 | 5.50e-05
  48 | 4.97e-05
  49 | 4.63e-05
  50 | 4.28e-05
  51 | 3.98e-05
  52 | 3.70e-05
  53 | 3.43e-05
  54 | 3.30e-05
  55 | 3.23e-05
  56 | 3.18e-05
  57 | 3.21e-05
  58 | 3.29e-05
  59 | 3.36e-05
  60 | 3.37e-05
  61 | 3.36e-05
  62 | 3.35e-05
  63 | 3.31e-05
  64 | 3.23e-05
  65 | 3.16e-05
  66 | 3.06e-05
  67 | 2.91e-05
  68 | 2.73e-05
  69 | 2.47e-05
  70 | 2.29e-05
  71 | 2.09e-05
  72 | 1.89e-05
  73 | 1.74e-05
  74 | 1.57e-05
  75 | 1.44e-05
  76 | 1.31e-05
  77 | 1.20e-05
  78 | 1.13e-05
  79 | 1.05e-05
  80 | 9.79e-06
[2025-11-07 15:45:53] Run completed in 9.77 minutes
[2025-11-07 15:45:57] Saved NMF result to: /zata/zippy/kresgeb/nmf_stuff/dlPFC/data/batched_nmf/nmf_k70_seed42_tol1e-05.rds
[2025-11-07 15:45:57] Appended run metadata to summary.csv
[2025-11-07 15:45:57] --------------------------------------------
[2025-11-07 15:45:57] Starting run 8 / 150: k=80, seed=42, tol=1e-05
[2025-11-07 15:45:57] --------------------------------------------

iter |      tol 
---------------
   1 | 9.12e-01
   2 | 1.09e-01
   3 | 3.57e-02
   4 | 1.79e-02
   5 | 1.19e-02
   6 | 8.86e-03
   7 | 6.79e-03
   8 | 5.03e-03
   9 | 3.87e-03
  10 | 3.05e-03
  11 | 2.51e-03
  12 | 2.17e-03
  13 | 1.98e-03
  14 | 1.92e-03
  15 | 1.92e-03
  16 | 1.95e-03
  17 | 1.93e-03
  18 | 1.89e-03
  19 | 1.78e-03
  20 | 1.59e-03
  21 | 1.37e-03
  22 | 1.18e-03
  23 | 1.04e-03
  24 | 9.27e-04
  25 | 8.31e-04
  26 | 7.43e-04
  27 | 6.47e-04
  28 | 5.77e-04
  29 | 5.26e-04
  30 | 4.89e-04
  31 | 4.57e-04
  32 | 4.28e-04
  33 | 4.02e-04
  34 | 3.74e-04
  35 | 3.41e-04
  36 | 3.08e-04
  37 | 2.83e-04
  38 | 2.61e-04
  39 | 2.42e-04
  40 | 2.29e-04
  41 | 2.17e-04
  42 | 2.15e-04
  43 | 2.20e-04
  44 | 2.30e-04
  45 | 2.45e-04
  46 | 2.58e-04
  47 | 2.78e-04
  48 | 2.94e-04
  49 | 3.18e-04
  50 | 3.45e-04
  51 | 3.64e-04
  52 | 3.72e-04
  53 | 3.90e-04
  54 | 4.11e-04
  55 | 4.16e-04
  56 | 4.09e-04
  57 | 3.89e-04
  58 | 3.64e-04
  59 | 3.42e-04
  60 | 3.28e-04
  61 | 2.77e-04
  62 | 2.16e-04
  63 | 1.82e-04
  64 | 1.58e-04
  65 | 1.33e-04
  66 | 1.11e-04
  67 | 9.51e-05
  68 | 7.96e-05
  69 | 6.82e-05
  70 | 6.06e-05
  71 | 5.50e-05
  72 | 4.84e-05
  73 | 4.13e-05
  74 | 3.70e-05
  75 | 3.44e-05
  76 | 3.26e-05
  77 | 3.17e-05
  78 | 3.11e-05
  79 | 3.10e-05
  80 | 3.12e-05
  81 | 3.18e-05
  82 | 3.29e-05
  83 | 3.44e-05
  84 | 3.58e-05
  85 | 3.69e-05
  86 | 3.83e-05
  87 | 3.97e-05
  88 | 4.05e-05
  89 | 4.05e-05
  90 | 4.10e-05
  91 | 4.13e-05
  92 | 4.12e-05
  93 | 4.08e-05
  94 | 4.00e-05
  95 | 3.88e-05
  96 | 3.71e-05
  97 | 3.54e-05
  98 | 3.37e-05
  99 | 3.18e-05
 100 | 2.97e-05
 101 | 2.75e-05
 102 | 2.51e-05
 103 | 2.28e-05
 104 | 2.05e-05
 105 | 1.86e-05
 106 | 1.68e-05
 107 | 1.51e-05
 108 | 1.37e-05
 109 | 1.24e-05
 110 | 1.16e-05
 111 | 1.11e-05
 112 | 1.04e-05
 113 | 1.02e-05
 114 | 1.00e-05
 115 | 9.93e-06
[2025-11-07 16:02:13] Run completed in 16.26 minutes
[2025-11-07 16:02:18] Saved NMF result to: /zata/zippy/kresgeb/nmf_stuff/dlPFC/data/batched_nmf/nmf_k80_seed42_tol1e-05.rds
[2025-11-07 16:02:18] Appended run metadata to summary.csv
[2025-11-07 16:02:18] --------------------------------------------
[2025-11-07 16:02:18] Starting run 9 / 150: k=90, seed=42, tol=1e-05
[2025-11-07 16:02:18] --------------------------------------------

iter |      tol 
---------------
   1 | 9.15e-01
   2 | 1.02e-01
   3 | 3.65e-02
   4 | 1.97e-02
   5 | 1.29e-02
   6 | 9.46e-03
   7 | 7.21e-03
   8 | 5.70e-03
   9 | 4.71e-03
  10 | 4.06e-03
  11 | 3.65e-03
  12 | 3.28e-03
  13 | 2.73e-03
  14 | 2.14e-03
  15 | 1.73e-03
  16 | 1.50e-03
  17 | 1.38e-03
  18 | 1.32e-03
  19 | 1.32e-03
  20 | 1.32e-03
  21 | 1.32e-03
  22 | 1.32e-03
  23 | 1.34e-03
  24 | 1.37e-03
  25 | 1.42e-03
  26 | 1.47e-03
  27 | 1.51e-03
  28 | 1.50e-03
  29 | 1.40e-03
  30 | 1.26e-03
  31 | 1.02e-03
  32 | 8.06e-04
  33 | 6.14e-04
  34 | 4.92e-04
  35 | 4.04e-04
  36 | 3.49e-04
  37 | 3.36e-04
  38 | 3.39e-04
  39 | 3.63e-04
  40 | 3.92e-04
  41 | 4.03e-04
  42 | 3.92e-04
  43 | 3.56e-04
  44 | 3.21e-04
  45 | 2.87e-04
  46 | 2.51e-04
  47 | 2.35e-04
  48 | 2.03e-04
  49 | 1.83e-04
  50 | 1.71e-04
  51 | 1.65e-04
  52 | 1.64e-04
  53 | 1.67e-04
  54 | 1.69e-04
  55 | 1.75e-04
  56 | 1.85e-04
  57 | 1.92e-04
  58 | 1.87e-04
  59 | 1.85e-04
  60 | 1.81e-04
  61 | 1.78e-04
  62 | 1.81e-04
  63 | 1.88e-04
  64 | 1.97e-04
  65 | 2.06e-04
  66 | 2.10e-04
  67 | 2.28e-04
  68 | 2.47e-04
  69 | 2.68e-04
  70 | 2.81e-04
  71 | 2.92e-04
  72 | 2.93e-04
  73 | 2.85e-04
  74 | 2.66e-04
  75 | 2.35e-04
  76 | 2.08e-04
  77 | 1.79e-04
  78 | 1.40e-04
  79 | 1.22e-04
  80 | 1.06e-04
  81 | 9.78e-05
  82 | 9.33e-05
  83 | 9.15e-05
  84 | 9.02e-05
  85 | 9.02e-05
  86 | 9.07e-05
  87 | 8.61e-05
  88 | 8.07e-05
  89 | 7.53e-05
  90 | 6.95e-05
  91 | 6.27e-05
  92 | 5.77e-05
  93 | 5.27e-05
  94 | 4.75e-05
  95 | 4.24e-05
  96 | 3.84e-05
  97 | 3.36e-05
  98 | 2.90e-05
  99 | 2.55e-05
 100 | 2.24e-05
 101 | 1.97e-05
 102 | 1.57e-05
 103 | 1.37e-05
 104 | 1.28e-05
 105 | 1.24e-05
 106 | 1.22e-05
 107 | 1.18e-05
 108 | 1.16e-05
 109 | 1.14e-05
 110 | 1.10e-05
 111 | 1.10e-05
 112 | 1.11e-05
 113 | 1.13e-05
 114 | 1.12e-05
 115 | 1.09e-05
 116 | 1.07e-05
 117 | 1.06e-05
 118 | 1.04e-05
 119 | 1.02e-05
 120 | 9.93e-06
[2025-11-07 16:21:11] Run completed in 18.88 minutes
[2025-11-07 16:21:16] Saved NMF result to: /zata/zippy/kresgeb/nmf_stuff/dlPFC/data/batched_nmf/nmf_k90_seed42_tol1e-05.rds
[2025-11-07 16:21:16] Appended run metadata to summary.csv
[2025-11-07 16:21:16] --------------------------------------------
[2025-11-07 16:21:16] Starting run 10 / 150: k=100, seed=42, tol=1e-05
[2025-11-07 16:21:16] --------------------------------------------

iter |      tol 
---------------
   1 | 9.09e-01
   2 | 1.03e-01
   3 | 3.71e-02
   4 | 1.97e-02
   5 | 1.28e-02
   6 | 9.06e-03
   7 | 6.90e-03
   8 | 5.63e-03
   9 | 4.82e-03
  10 | 4.27e-03
  11 | 3.85e-03
  12 | 3.56e-03
  13 | 3.39e-03
  14 | 3.28e-03
  15 | 3.15e-03
  16 | 3.02e-03
  17 | 2.90e-03
  18 | 2.74e-03
  19 | 2.55e-03
  20 | 2.25e-03
  21 | 1.83e-03
  22 | 1.50e-03
  23 | 1.23e-03
  24 | 9.79e-04
  25 | 8.20e-04
  26 | 6.94e-04
  27 | 5.97e-04
  28 | 5.30e-04
  29 | 4.71e-04
  30 | 4.47e-04
  31 | 4.22e-04
  32 | 3.98e-04
  33 | 3.84e-04
  34 | 3.72e-04
  35 | 3.66e-04
  36 | 3.54e-04
  37 | 3.31e-04
  38 | 3.12e-04
  39 | 2.99e-04
  40 | 2.95e-04
  41 | 3.02e-04
  42 | 3.21e-04
  43 | 3.56e-04
  44 | 3.86e-04
  45 | 4.38e-04
  46 | 5.04e-04
  47 | 5.57e-04
  48 | 5.27e-04
  49 | 4.94e-04
  50 | 4.86e-04
  51 | 4.51e-04
  52 | 4.21e-04
  53 | 3.94e-04
  54 | 3.66e-04
  55 | 3.37e-04
  56 | 3.05e-04
  57 | 2.54e-04
  58 | 2.25e-04
  59 | 2.27e-04
  60 | 2.28e-04
  61 | 2.33e-04
  62 | 2.22e-04
  63 | 2.01e-04
  64 | 1.86e-04
  65 | 1.68e-04
  66 | 1.50e-04
  67 | 1.39e-04
  68 | 1.25e-04
  69 | 1.11e-04
  70 | 1.01e-04
  71 | 9.48e-05
  72 | 9.03e-05
  73 | 8.88e-05
  74 | 8.85e-05
  75 | 9.10e-05
  76 | 9.80e-05
  77 | 1.06e-04
  78 | 1.15e-04
  79 | 1.28e-04
  80 | 1.38e-04
  81 | 1.46e-04
  82 | 1.45e-04
  83 | 1.38e-04
  84 | 1.22e-04
  85 | 1.04e-04
  86 | 8.61e-05
  87 | 6.93e-05
  88 | 5.46e-05
  89 | 4.32e-05
  90 | 3.53e-05
  91 | 2.96e-05
  92 | 2.51e-05
  93 | 2.26e-05
  94 | 2.11e-05
  95 | 2.09e-05
  96 | 2.12e-05
  97 | 2.07e-05
  98 | 2.12e-05
  99 | 2.21e-05
 100 | 2.35e-05
 101 | 2.52e-05
 102 | 2.67e-05
 103 | 2.70e-05
 104 | 2.82e-05
 105 | 2.96e-05
 106 | 3.09e-05
 107 | 3.23e-05
 108 | 3.38e-05
 109 | 3.52e-05
 110 | 3.61e-05
 111 | 3.73e-05
 112 | 3.83e-05
 113 | 3.96e-05
 114 | 4.05e-05
 115 | 4.09e-05
 116 | 4.14e-05
 117 | 4.19e-05
 118 | 4.20e-05
 119 | 4.19e-05
 120 | 4.01e-05
 121 | 3.75e-05
 122 | 3.46e-05
 123 | 3.28e-05
 124 | 3.08e-05
 125 | 2.88e-05
 126 | 2.72e-05
 127 | 2.55e-05
 128 | 2.39e-05
 129 | 2.24e-05
 130 | 2.11e-05
 131 | 1.99e-05
 132 | 1.91e-05
 133 | 1.84e-05
 134 | 1.80e-05
 135 | 1.79e-05
 136 | 1.74e-05
 137 | 1.67e-05
 138 | 1.67e-05
 139 | 1.70e-05
 140 | 1.56e-05
 141 | 1.55e-05
 142 | 1.56e-05
 143 | 1.58e-05
 144 | 1.62e-05
 145 | 1.63e-05
 146 | 1.62e-05
 147 | 1.62e-05
 148 | 1.56e-05
 149 | 1.53e-05
 150 | 1.54e-05
 151 | 1.57e-05
 152 | 1.63e-05
 153 | 1.67e-05
 154 | 1.74e-05
 155 | 1.83e-05
 156 | 1.90e-05
 157 | 1.99e-05
 158 | 2.12e-05
 159 | 2.24e-05
 160 | 2.28e-05
 161 | 2.37e-05
 162 | 2.35e-05
 163 | 2.36e-05
 164 | 2.45e-05
 165 | 2.53e-05
 166 | 2.60e-05
 167 | 2.68e-05
 168 | 2.75e-05
 169 | 2.72e-05
 170 | 2.70e-05
 171 | 2.70e-05
 172 | 2.67e-05
 173 | 2.60e-05
 174 | 2.37e-05
 175 | 2.13e-05
 176 | 1.97e-05
 177 | 1.84e-05
 178 | 1.73e-05
 179 | 1.64e-05
 180 | 1.55e-05
 181 | 1.46e-05
 182 | 1.30e-05
 183 | 1.19e-05
 184 | 1.13e-05
 185 | 1.00e-05
 186 | 9.19e-06
[2025-11-07 17:00:09] Run completed in 38.88 minutes
[2025-11-07 17:00:16] Saved NMF result to: /zata/zippy/kresgeb/nmf_stuff/dlPFC/data/batched_nmf/nmf_k100_seed42_tol1e-05.rds
[2025-11-07 17:00:16] Appended run metadata to summary.csv
[2025-11-07 17:00:16] --------------------------------------------
[2025-11-07 17:00:16] Starting run 11 / 150: k=10, seed=1029, tol=1e-05
[2025-11-07 17:00:16] --------------------------------------------

iter |      tol 
---------------
   1 | 9.32e-01
   2 | 1.21e-01
   3 | 3.21e-02
   4 | 1.77e-02
   5 | 1.31e-02
   6 | 8.11e-03
   7 | 6.12e-03
   8 | 6.31e-03
   9 | 7.46e-03
  10 | 6.60e-03
  11 | 3.85e-03
  12 | 2.02e-03
  13 | 1.36e-03
  14 | 1.03e-03
  15 | 8.14e-04
  16 | 6.41e-04
  17 | 5.12e-04
  18 | 4.17e-04
  19 | 3.60e-04
  20 | 3.44e-04
  21 | 3.24e-04
  22 | 2.78e-04
  23 | 2.19e-04
  24 | 1.63e-04
  25 | 1.17e-04
  26 | 8.26e-05
  27 | 5.72e-05
  28 | 3.86e-05
  29 | 2.57e-05
  30 | 1.70e-05
  31 | 1.10e-05
  32 | 6.95e-06
[2025-11-07 17:02:36] Run completed in 2.33 minutes
[2025-11-07 17:02:37] Saved NMF result to: /zata/zippy/kresgeb/nmf_stuff/dlPFC/data/batched_nmf/nmf_k10_seed1029_tol1e-05.rds
[2025-11-07 17:02:37] Appended run metadata to summary.csv
[2025-11-07 17:02:37] --------------------------------------------
[2025-11-07 17:02:37] Starting run 12 / 150: k=20, seed=1029, tol=1e-05
[2025-11-07 17:02:37] --------------------------------------------

iter |      tol 
---------------
   1 | 9.28e-01
   2 | 1.26e-01
   3 | 2.50e-02
   4 | 1.10e-02
   5 | 6.54e-03
   6 | 4.18e-03
   7 | 2.86e-03
   8 | 2.13e-03
   9 | 1.71e-03
  10 | 1.46e-03
  11 | 1.27e-03
  12 | 1.11e-03
  13 | 9.72e-04
  14 | 8.99e-04
  15 | 8.90e-04
  16 | 9.09e-04
  17 | 9.09e-04
  18 | 8.55e-04
  19 | 7.49e-04
  20 | 6.26e-04
  21 | 5.11e-04
  22 | 4.07e-04
  23 | 3.25e-04
  24 | 2.66e-04
  25 | 2.22e-04
  26 | 1.90e-04
  27 | 1.64e-04
  28 | 1.43e-04
  29 | 1.27e-04
  30 | 1.14e-04
  31 | 1.03e-04
  32 | 9.29e-05
  33 | 8.55e-05
  34 | 7.88e-05
  35 | 7.44e-05
  36 | 7.10e-05
  37 | 6.92e-05
  38 | 6.80e-05
  39 | 6.74e-05
  40 | 6.73e-05
  41 | 6.68e-05
  42 | 6.75e-05
  43 | 6.74e-05
  44 | 6.63e-05
  45 | 6.57e-05
  46 | 6.56e-05
  47 | 6.55e-05
  48 | 6.61e-05
  49 | 6.75e-05
  50 | 6.98e-05
  51 | 7.23e-05
  52 | 7.56e-05
  53 | 7.94e-05
  54 | 8.36e-05
  55 | 8.75e-05
  56 | 9.13e-05
  57 | 9.36e-05
  58 | 9.40e-05
  59 | 9.35e-05
  60 | 9.35e-05
  61 | 9.36e-05
  62 | 9.43e-05
  63 | 9.64e-05
  64 | 9.89e-05
  65 | 1.01e-04
  66 | 1.01e-04
  67 | 9.85e-05
  68 | 9.49e-05
  69 | 8.93e-05
  70 | 8.31e-05
  71 | 7.65e-05
  72 | 7.04e-05
  73 | 6.47e-05
  74 | 5.98e-05
  75 | 5.53e-05
  76 | 5.14e-05
  77 | 4.78e-05
  78 | 4.49e-05
  79 | 4.26e-05
  80 | 4.05e-05
  81 | 3.85e-05
  82 | 3.65e-05
  83 | 3.45e-05
  84 | 3.25e-05
  85 | 3.07e-05
  86 | 2.90e-05
  87 | 2.74e-05
  88 | 2.59e-05
  89 | 2.45e-05
  90 | 2.32e-05
  91 | 2.18e-05
  92 | 2.05e-05
  93 | 1.92e-05
  94 | 1.79e-05
  95 | 1.68e-05
  96 | 1.57e-05
  97 | 1.47e-05
  98 | 1.37e-05
  99 | 1.28e-05
 100 | 1.20e-05
 101 | 1.14e-05
 102 | 1.07e-05
 103 | 1.02e-05
 104 | 9.62e-06
[2025-11-07 17:06:51] Run completed in 4.22 minutes
[2025-11-07 17:06:52] Saved NMF result to: /zata/zippy/kresgeb/nmf_stuff/dlPFC/data/batched_nmf/nmf_k20_seed1029_tol1e-05.rds
[2025-11-07 17:06:52] Appended run metadata to summary.csv
[2025-11-07 17:06:52] --------------------------------------------
[2025-11-07 17:06:52] Starting run 13 / 150: k=30, seed=1029, tol=1e-05
[2025-11-07 17:06:52] --------------------------------------------

iter |      tol 
---------------
   1 | 9.22e-01
   2 | 1.12e-01
   3 | 3.56e-02
   4 | 1.74e-02
   5 | 9.82e-03
   6 | 6.25e-03
   7 | 4.46e-03
   8 | 3.49e-03
   9 | 2.83e-03
  10 | 2.38e-03
  11 | 2.09e-03
  12 | 1.88e-03
  13 | 1.73e-03
  14 | 1.61e-03
  15 | 1.53e-03
  16 | 1.47e-03
  17 | 1.41e-03
  18 | 1.31e-03
  19 | 1.16e-03
  20 | 9.66e-04
  21 | 7.65e-04
  22 | 5.86e-04
  23 | 4.47e-04
  24 | 3.48e-04
  25 | 2.77e-04
  26 | 2.26e-04
  27 | 1.86e-04
  28 | 1.57e-04
  29 | 1.33e-04
  30 | 1.12e-04
  31 | 9.14e-05
  32 | 7.44e-05
  33 | 6.08e-05
  34 | 5.00e-05
  35 | 4.17e-05
  36 | 3.58e-05
  37 | 3.17e-05
  38 | 2.86e-05
  39 | 2.62e-05
  40 | 2.40e-05
  41 | 2.22e-05
  42 | 2.05e-05
  43 | 1.92e-05
  44 | 1.79e-05
  45 | 1.69e-05
  46 | 1.60e-05
  47 | 1.52e-05
  48 | 1.46e-05
  49 | 1.40e-05
  50 | 1.34e-05
  51 | 1.28e-05
  52 | 1.21e-05
  53 | 1.14e-05
  54 | 1.08e-05
  55 | 1.02e-05
  56 | 9.63e-06
[2025-11-07 17:10:41] Run completed in 3.81 minutes
[2025-11-07 17:10:43] Saved NMF result to: /zata/zippy/kresgeb/nmf_stuff/dlPFC/data/batched_nmf/nmf_k30_seed1029_tol1e-05.rds
[2025-11-07 17:10:43] Appended run metadata to summary.csv
[2025-11-07 17:10:43] --------------------------------------------
[2025-11-07 17:10:43] Starting run 14 / 150: k=40, seed=1029, tol=1e-05
[2025-11-07 17:10:43] --------------------------------------------

iter |      tol 
---------------
   1 | 9.20e-01
   2 | 1.13e-01
   3 | 3.79e-02
   4 | 2.03e-02
   5 | 1.22e-02
   6 | 7.84e-03
   7 | 5.71e-03
   8 | 4.62e-03
   9 | 3.90e-03
  10 | 3.29e-03
  11 | 2.79e-03
  12 | 2.30e-03
  13 | 1.86e-03
  14 | 1.45e-03
  15 | 1.09e-03
  16 | 8.21e-04
  17 | 6.50e-04
  18 | 5.31e-04
  19 | 4.44e-04
  20 | 3.77e-04
  21 | 3.25e-04
  22 | 2.89e-04
  23 | 2.62e-04
  24 | 2.47e-04
  25 | 2.42e-04
  26 | 2.44e-04
  27 | 2.51e-04
  28 | 2.59e-04
  29 | 2.63e-04
  30 | 2.60e-04
  31 | 2.44e-04
  32 | 2.24e-04
  33 | 2.04e-04
  34 | 1.86e-04
  35 | 1.70e-04
  36 | 1.56e-04
  37 | 1.43e-04
  38 | 1.31e-04
  39 | 1.22e-04
  40 | 1.14e-04
  41 | 1.07e-04
  42 | 1.01e-04
  43 | 9.59e-05
  44 | 9.11e-05
  45 | 8.62e-05
  46 | 8.17e-05
  47 | 7.82e-05
  48 | 7.50e-05
  49 | 7.22e-05
  50 | 6.94e-05
  51 | 6.59e-05
  52 | 6.23e-05
  53 | 5.83e-05
  54 | 5.42e-05
  55 | 5.04e-05
  56 | 4.64e-05
  57 | 4.23e-05
  58 | 3.83e-05
  59 | 3.38e-05
  60 | 2.78e-05
  61 | 2.26e-05
  62 | 1.84e-05
  63 | 1.58e-05
  64 | 1.39e-05
  65 | 1.25e-05
  66 | 1.14e-05
  67 | 1.06e-05
  68 | 9.97e-06
[2025-11-07 17:15:46] Run completed in 5.06 minutes
[2025-11-07 17:15:49] Saved NMF result to: /zata/zippy/kresgeb/nmf_stuff/dlPFC/data/batched_nmf/nmf_k40_seed1029_tol1e-05.rds
[2025-11-07 17:15:49] Appended run metadata to summary.csv
[2025-11-07 17:15:49] --------------------------------------------
[2025-11-07 17:15:49] Starting run 15 / 150: k=50, seed=1029, tol=1e-05
[2025-11-07 17:15:49] --------------------------------------------

iter |      tol 
---------------
   1 | 9.18e-01
   2 | 1.12e-01
   3 | 3.47e-02
   4 | 1.85e-02
   5 | 1.12e-02
   6 | 7.41e-03
   7 | 5.33e-03
   8 | 4.13e-03
   9 | 3.26e-03
  10 | 2.69e-03
  11 | 2.28e-03
  12 | 1.96e-03
  13 | 1.72e-03
  14 | 1.51e-03
  15 | 1.30e-03
  16 | 1.11e-03
  17 | 9.64e-04
  18 | 8.54e-04
  19 | 7.74e-04
  20 | 7.27e-04
  21 | 6.98e-04
  22 | 6.75e-04
  23 | 6.55e-04
  24 | 6.31e-04
  25 | 5.95e-04
  26 | 5.42e-04
  27 | 4.74e-04
  28 | 3.95e-04
  29 | 3.10e-04
  30 | 2.37e-04
  31 | 1.80e-04
  32 | 1.41e-04
  33 | 1.16e-04
  34 | 9.64e-05
  35 | 8.21e-05
  36 | 7.10e-05
  37 | 6.29e-05
  38 | 5.69e-05
  39 | 5.20e-05
  40 | 4.82e-05
  41 | 4.53e-05
  42 | 4.31e-05
  43 | 4.18e-05
  44 | 4.11e-05
  45 | 4.08e-05
  46 | 4.06e-05
  47 | 4.09e-05
  48 | 4.15e-05
  49 | 4.19e-05
  50 | 4.23e-05
  51 | 4.20e-05
  52 | 4.18e-05
  53 | 4.16e-05
  54 | 4.12e-05
  55 | 4.08e-05
  56 | 4.04e-05
  57 | 3.94e-05
  58 | 3.85e-05
  59 | 3.77e-05
  60 | 3.68e-05
  61 | 3.63e-05
  62 | 3.62e-05
  63 | 3.63e-05
  64 | 3.65e-05
  65 | 3.73e-05
  66 | 3.82e-05
  67 | 3.92e-05
  68 | 4.08e-05
  69 | 4.24e-05
  70 | 4.30e-05
  71 | 4.26e-05
  72 | 4.17e-05
  73 | 4.06e-05
  74 | 3.89e-05
  75 | 3.70e-05
  76 | 3.48e-05
  77 | 3.23e-05
  78 | 2.98e-05
  79 | 2.71e-05
  80 | 2.43e-05
  81 | 2.18e-05
  82 | 1.92e-05
  83 | 1.68e-05
  84 | 1.48e-05
  85 | 1.30e-05
  86 | 1.15e-05
  87 | 1.02e-05
  88 | 9.10e-06
[2025-11-07 17:23:00] Run completed in 7.19 minutes
[2025-11-07 17:23:04] Saved NMF result to: /zata/zippy/kresgeb/nmf_stuff/dlPFC/data/batched_nmf/nmf_k50_seed1029_tol1e-05.rds
[2025-11-07 17:23:04] Appended run metadata to summary.csv
[2025-11-07 17:23:04] --------------------------------------------
[2025-11-07 17:23:04] Starting run 16 / 150: k=60, seed=1029, tol=1e-05
[2025-11-07 17:23:04] --------------------------------------------

iter |      tol 
---------------
   1 | 9.16e-01
   2 | 1.09e-01
   3 | 3.54e-02
   4 | 1.71e-02
   5 | 1.03e-02
   6 | 7.15e-03
   7 | 5.52e-03
   8 | 4.69e-03
   9 | 4.21e-03
  10 | 3.79e-03
  11 | 3.29e-03
  12 | 2.71e-03
  13 | 2.12e-03
  14 | 1.58e-03
  15 | 1.18e-03
  16 | 9.28e-04
  17 | 7.88e-04
  18 | 7.27e-04
  19 | 7.11e-04
  20 | 7.22e-04
  21 | 7.54e-04
  22 | 7.85e-04
  23 | 7.88e-04
  24 | 7.72e-04
  25 | 7.35e-04
  26 | 6.77e-04
  27 | 6.28e-04
  28 | 5.94e-04
  29 | 5.73e-04
  30 | 5.61e-04
  31 | 5.30e-04
  32 | 4.74e-04
  33 | 4.00e-04
  34 | 3.29e-04
  35 | 2.66e-04
  36 | 2.13e-04
  37 | 1.75e-04
  38 | 1.46e-04
  39 | 1.25e-04
  40 | 1.07e-04
  41 | 9.59e-05
  42 | 8.77e-05
  43 | 8.16e-05
  44 | 7.62e-05
  45 | 7.24e-05
  46 | 6.92e-05
  47 | 6.62e-05
  48 | 6.32e-05
  49 | 6.02e-05
  50 | 5.76e-05
  51 | 5.56e-05
  52 | 5.45e-05
  53 | 5.42e-05
  54 | 5.55e-05
  55 | 5.80e-05
  56 | 6.14e-05
  57 | 6.39e-05
  58 | 6.46e-05
  59 | 6.34e-05
  60 | 5.89e-05
  61 | 5.35e-05
  62 | 4.89e-05
  63 | 4.29e-05
  64 | 3.87e-05
  65 | 3.34e-05
  66 | 2.92e-05
  67 | 2.62e-05
  68 | 2.36e-05
  69 | 2.18e-05
  70 | 2.00e-05
  71 | 1.89e-05
  72 | 1.81e-05
  73 | 1.75e-05
  74 | 1.71e-05
  75 | 1.69e-05
  76 | 1.68e-05
  77 | 1.69e-05
  78 | 1.71e-05
  79 | 1.74e-05
  80 | 1.78e-05
  81 | 1.85e-05
  82 | 1.93e-05
  83 | 2.03e-05
  84 | 2.14e-05
  85 | 2.28e-05
  86 | 2.45e-05
  87 | 2.64e-05
  88 | 2.87e-05
  89 | 3.08e-05
  90 | 3.33e-05
  91 | 3.57e-05
  92 | 3.84e-05
  93 | 4.03e-05
  94 | 4.23e-05
  95 | 4.39e-05
  96 | 4.50e-05
  97 | 4.53e-05
  98 | 4.38e-05
  99 | 3.92e-05
 100 | 3.54e-05
 101 | 3.19e-05
 102 | 2.76e-05
 103 | 2.35e-05
 104 | 1.98e-05
 105 | 1.73e-05
 106 | 1.52e-05
 107 | 1.36e-05
 108 | 1.24e-05
 109 | 1.14e-05
 110 | 1.06e-05
 111 | 9.79e-06
[2025-11-07 17:33:27] Run completed in 10.38 minutes
[2025-11-07 17:33:31] Saved NMF result to: /zata/zippy/kresgeb/nmf_stuff/dlPFC/data/batched_nmf/nmf_k60_seed1029_tol1e-05.rds
[2025-11-07 17:33:31] Appended run metadata to summary.csv
[2025-11-07 17:33:31] --------------------------------------------
[2025-11-07 17:33:31] Starting run 17 / 150: k=70, seed=1029, tol=1e-05
[2025-11-07 17:33:31] --------------------------------------------

iter |      tol 
---------------
   1 | 9.16e-01
   2 | 1.03e-01
   3 | 3.53e-02
   4 | 1.86e-02
   5 | 1.16e-02
   6 | 7.59e-03
   7 | 5.28e-03
   8 | 4.02e-03
   9 | 3.31e-03
  10 | 2.85e-03
  11 | 2.55e-03
  12 | 2.33e-03
  13 | 2.19e-03
  14 | 2.04e-03
  15 | 1.89e-03
  16 | 1.70e-03
  17 | 1.50e-03
  18 | 1.31e-03
  19 | 1.14e-03
  20 | 9.96e-04
  21 | 8.78e-04
  22 | 7.87e-04
  23 | 7.19e-04
  24 | 6.58e-04
  25 | 6.07e-04
  26 | 5.72e-04
  27 | 5.49e-04
  28 | 5.42e-04
  29 | 5.48e-04
  30 | 5.56e-04
  31 | 5.60e-04
  32 | 5.57e-04
  33 | 5.43e-04
  34 | 5.11e-04
  35 | 4.74e-04
  36 | 4.45e-04
  37 | 4.25e-04
  38 | 4.08e-04
  39 | 3.87e-04
  40 | 3.61e-04
  41 | 3.24e-04
  42 | 2.79e-04
  43 | 2.33e-04
  44 | 1.88e-04
  45 | 1.52e-04
  46 | 1.24e-04
  47 | 1.02e-04
  48 | 8.27e-05
  49 | 7.29e-05
  50 | 6.54e-05
  51 | 5.84e-05
  52 | 5.32e-05
  53 | 4.92e-05
  54 | 4.58e-05
  55 | 4.31e-05
  56 | 4.09e-05
  57 | 3.88e-05
  58 | 3.69e-05
  59 | 3.54e-05
  60 | 3.38e-05
  61 | 3.23e-05
  62 | 3.06e-05
  63 | 2.90e-05
  64 | 2.72e-05
  65 | 2.56e-05
  66 | 2.44e-05
  67 | 2.35e-05
  68 | 2.28e-05
  69 | 2.21e-05
  70 | 2.15e-05
  71 | 2.11e-05
  72 | 2.08e-05
  73 | 2.07e-05
  74 | 1.97e-05
  75 | 1.95e-05
  76 | 1.97e-05
  77 | 1.99e-05
  78 | 2.05e-05
  79 | 2.09e-05
  80 | 2.15e-05
  81 | 2.22e-05
  82 | 2.30e-05
  83 | 2.42e-05
  84 | 2.55e-05
  85 | 2.63e-05
  86 | 2.75e-05
  87 | 2.89e-05
  88 | 3.04e-05
  89 | 3.18e-05
  90 | 3.25e-05
  91 | 3.28e-05
  92 | 3.26e-05
  93 | 3.21e-05
  94 | 3.13e-05
  95 | 3.02e-05
  96 | 2.88e-05
  97 | 2.71e-05
  98 | 2.51e-05
  99 | 2.07e-05
 100 | 1.81e-05
 101 | 1.57e-05
 102 | 1.35e-05
 103 | 1.16e-05
 104 | 1.01e-05
 105 | 8.92e-06
[2025-11-07 17:45:34] Run completed in 12.06 minutes
[2025-11-07 17:45:39] Saved NMF result to: /zata/zippy/kresgeb/nmf_stuff/dlPFC/data/batched_nmf/nmf_k70_seed1029_tol1e-05.rds
[2025-11-07 17:45:39] Appended run metadata to summary.csv
[2025-11-07 17:45:39] --------------------------------------------
[2025-11-07 17:45:39] Starting run 18 / 150: k=80, seed=1029, tol=1e-05
[2025-11-07 17:45:39] --------------------------------------------

iter |      tol 
---------------
   1 | 9.15e-01
   2 | 1.02e-01
   3 | 3.62e-02
   4 | 1.99e-02
   5 | 1.38e-02
   6 | 1.06e-02
   7 | 8.26e-03
   8 | 6.50e-03
   9 | 5.15e-03
  10 | 4.25e-03
  11 | 3.61e-03
  12 | 3.27e-03
  13 | 3.10e-03
  14 | 2.99e-03
  15 | 2.80e-03
  16 | 2.51e-03
  17 | 2.20e-03
  18 | 1.90e-03
  19 | 1.66e-03
  20 | 1.45e-03
  21 | 1.31e-03
  22 | 1.19e-03
  23 | 1.08e-03
  24 | 9.57e-04
  25 | 8.32e-04
  26 | 7.24e-04
  27 | 6.27e-04
  28 | 5.47e-04
  29 | 4.90e-04
  30 | 4.44e-04
  31 | 4.09e-04
  32 | 3.73e-04
  33 | 3.42e-04
  34 | 3.23e-04
  35 | 3.09e-04
  36 | 2.96e-04
  37 | 2.92e-04
  38 | 2.95e-04
  39 | 3.05e-04
  40 | 3.18e-04
  41 | 3.35e-04
  42 | 3.51e-04
  43 | 3.63e-04
  44 | 3.69e-04
  45 | 3.68e-04
  46 | 3.50e-04
  47 | 3.26e-04
  48 | 3.05e-04
  49 | 2.79e-04
  50 | 2.40e-04
  51 | 2.18e-04
  52 | 2.04e-04
  53 | 1.90e-04
  54 | 1.78e-04
  55 | 1.85e-04
  56 | 2.00e-04
  57 | 2.13e-04
  58 | 2.26e-04
  59 | 2.40e-04
  60 | 2.60e-04
  61 | 2.82e-04
  62 | 3.04e-04
  63 | 3.35e-04
  64 | 3.58e-04
  65 | 3.61e-04
  66 | 3.68e-04
  67 | 3.64e-04
  68 | 3.68e-04
  69 | 3.67e-04
  70 | 3.50e-04
  71 | 3.16e-04
  72 | 2.97e-04
  73 | 2.72e-04
  74 | 2.44e-04
  75 | 2.25e-04
  76 | 2.15e-04
  77 | 2.04e-04
  78 | 1.86e-04
  79 | 1.78e-04
  80 | 1.68e-04
  81 | 1.58e-04
  82 | 1.52e-04
  83 | 1.44e-04
  84 | 1.38e-04
  85 | 1.30e-04
  86 | 1.25e-04
  87 | 1.20e-04
  88 | 1.18e-04
  89 | 1.17e-04
  90 | 1.18e-04
  91 | 1.15e-04
  92 | 1.10e-04
  93 | 1.02e-04
  94 | 9.23e-05
  95 | 8.25e-05
  96 | 5.94e-05
  97 | 4.73e-05
  98 | 3.69e-05
  99 | 2.86e-05
 100 | 2.25e-05
 101 | 1.77e-05
 102 | 1.40e-05
 103 | 1.10e-05
 104 | 8.94e-06
[2025-11-07 17:59:55] Run completed in 14.27 minutes
[2025-11-07 18:00:01] Saved NMF result to: /zata/zippy/kresgeb/nmf_stuff/dlPFC/data/batched_nmf/nmf_k80_seed1029_tol1e-05.rds
[2025-11-07 18:00:01] Appended run metadata to summary.csv
[2025-11-07 18:00:01] --------------------------------------------
[2025-11-07 18:00:01] Starting run 19 / 150: k=90, seed=1029, tol=1e-05
[2025-11-07 18:00:01] --------------------------------------------

iter |      tol 
---------------
   1 | 9.13e-01
   2 | 1.09e-01
   3 | 3.63e-02
   4 | 1.87e-02
   5 | 1.15e-02
   6 | 8.01e-03
   7 | 6.05e-03
   8 | 4.89e-03
   9 | 4.03e-03
  10 | 3.40e-03
  11 | 2.98e-03
  12 | 2.65e-03
  13 | 2.38e-03
  14 | 2.12e-03
  15 | 1.91e-03
  16 | 1.75e-03
  17 | 1.64e-03
  18 | 1.54e-03
  19 | 1.46e-03
  20 | 1.39e-03
  21 | 1.32e-03
  22 | 1.26e-03
  23 | 1.23e-03
  24 | 1.22e-03
  25 | 1.25e-03
  26 | 1.24e-03
  27 | 1.26e-03
  28 | 1.27e-03
  29 | 1.24e-03
  30 | 1.17e-03
  31 | 1.07e-03
  32 | 9.44e-04
  33 | 8.58e-04
  34 | 7.84e-04
  35 | 7.07e-04
  36 | 6.33e-04
  37 | 5.50e-04
  38 | 4.74e-04
  39 | 4.15e-04
  40 | 3.68e-04
  41 | 3.30e-04
  42 | 2.95e-04
  43 | 2.75e-04
  44 | 2.56e-04
  45 | 2.37e-04
  46 | 2.25e-04
  47 | 2.15e-04
  48 | 2.03e-04
  49 | 1.97e-04
  50 | 1.84e-04
  51 | 1.79e-04
  52 | 1.80e-04
  53 | 1.82e-04
  54 | 1.89e-04
  55 | 2.05e-04
  56 | 2.26e-04
  57 | 2.61e-04
  58 | 3.13e-04
  59 | 3.80e-04
  60 | 4.68e-04
  61 | 5.68e-04
  62 | 6.88e-04
  63 | 7.72e-04
  64 | 8.20e-04
  65 | 8.74e-04
  66 | 8.21e-04
  67 | 7.00e-04
  68 | 6.06e-04
  69 | 5.38e-04
  70 | 4.47e-04
  71 | 3.72e-04
  72 | 2.56e-04
  73 | 1.92e-04
  74 | 1.27e-04
  75 | 8.00e-05
  76 | 6.21e-05
  77 | 4.91e-05
  78 | 3.98e-05
  79 | 3.26e-05
  80 | 2.83e-05
  81 | 2.56e-05
  82 | 2.40e-05
  83 | 2.34e-05
  84 | 2.33e-05
  85 | 2.37e-05
  86 | 2.47e-05
  87 | 2.50e-05
  88 | 2.57e-05
  89 | 2.71e-05
  90 | 2.87e-05
  91 | 3.03e-05
  92 | 3.06e-05
  93 | 3.19e-05
  94 | 3.36e-05
  95 | 3.53e-05
  96 | 3.69e-05
  97 | 3.92e-05
  98 | 4.21e-05
  99 | 4.44e-05
 100 | 4.77e-05
 101 | 5.05e-05
 102 | 5.36e-05
 103 | 5.65e-05
 104 | 6.01e-05
 105 | 6.41e-05
 106 | 6.80e-05
 107 | 6.91e-05
 108 | 6.99e-05
 109 | 6.91e-05
 110 | 6.62e-05
 111 | 6.22e-05
 112 | 5.81e-05
 113 | 5.12e-05
 114 | 4.48e-05
 115 | 3.50e-05
 116 | 2.92e-05
 117 | 2.52e-05
 118 | 2.08e-05
 119 | 1.76e-05
 120 | 1.51e-05
 121 | 1.32e-05
 122 | 1.15e-05
 123 | 9.69e-06
[2025-11-07 18:21:09] Run completed in 21.13 minutes
[2025-11-07 18:21:15] Saved NMF result to: /zata/zippy/kresgeb/nmf_stuff/dlPFC/data/batched_nmf/nmf_k90_seed1029_tol1e-05.rds
[2025-11-07 18:21:15] Appended run metadata to summary.csv
[2025-11-07 18:21:15] --------------------------------------------
[2025-11-07 18:21:15] Starting run 20 / 150: k=100, seed=1029, tol=1e-05
[2025-11-07 18:21:15] --------------------------------------------

iter |      tol 
---------------
   1 | 9.13e-01
   2 | 1.01e-01
   3 | 3.49e-02
   4 | 1.78e-02
   5 | 1.15e-02
   6 | 8.26e-03
   7 | 6.59e-03
   8 | 5.55e-03
   9 | 4.83e-03
  10 | 4.34e-03
  11 | 3.90e-03
  12 | 3.58e-03
  13 | 3.33e-03
  14 | 3.01e-03
  15 | 2.73e-03
  16 | 2.57e-03
  17 | 2.48e-03
  18 | 2.47e-03
  19 | 2.44e-03
  20 | 2.21e-03
  21 | 2.09e-03
  22 | 1.98e-03
  23 | 1.75e-03
  24 | 1.48e-03
  25 | 1.25e-03
  26 | 1.13e-03
  27 | 1.01e-03
  28 | 8.75e-04
  29 | 7.57e-04
  30 | 6.24e-04
  31 | 4.83e-04
  32 | 3.52e-04
  33 | 3.03e-04
  34 | 2.83e-04
  35 | 2.70e-04
  36 | 2.61e-04
  37 | 2.57e-04
  38 | 2.55e-04
  39 | 2.55e-04
  40 | 2.57e-04
  41 | 2.59e-04
  42 | 2.61e-04
  43 | 2.59e-04
  44 | 2.67e-04
  45 | 2.78e-04
  46 | 2.94e-04
  47 | 3.10e-04
  48 | 3.24e-04
  49 | 3.21e-04
  50 | 3.29e-04
  51 | 3.23e-04
  52 | 3.17e-04
  53 | 3.01e-04
  54 | 2.76e-04
  55 | 2.67e-04
  56 | 2.66e-04
  57 | 2.33e-04
  58 | 2.22e-04
  59 | 2.42e-04
  60 | 2.66e-04
  61 | 2.75e-04
  62 | 2.06e-04
  63 | 1.87e-04
  64 | 1.66e-04
  65 | 1.46e-04
  66 | 1.22e-04
  67 | 7.57e-05
  68 | 6.19e-05
  69 | 3.98e-05
  70 | 3.50e-05
  71 | 3.11e-05
  72 | 2.89e-05
  73 | 2.76e-05
  74 | 2.71e-05
  75 | 2.71e-05
  76 | 2.78e-05
  77 | 2.86e-05
  78 | 2.93e-05
  79 | 3.05e-05
  80 | 3.12e-05
  81 | 3.28e-05
  82 | 3.51e-05
  83 | 3.82e-05
  84 | 4.16e-05
  85 | 4.78e-05
  86 | 5.56e-05
  87 | 6.31e-05
  88 | 7.26e-05
  89 | 8.78e-05
  90 | 1.11e-04
  91 | 1.42e-04
  92 | 1.95e-04
  93 | 2.32e-04
  94 | 2.78e-04
  95 | 3.23e-04
  96 | 3.15e-04
  97 | 2.66e-04
  98 | 2.06e-04
  99 | 1.37e-04
 100 | 4.61e-05
 101 | 2.00e-05
 102 | 1.50e-05
 103 | 1.30e-05
 104 | 1.21e-05
 105 | 1.15e-05
 106 | 1.08e-05
 107 | 1.02e-05
 108 | 1.01e-05
 109 | 1.01e-05
 110 | 1.01e-05
 111 | 1.01e-05
 112 | 1.01e-05
 113 | 1.03e-05
 114 | 1.04e-05
 115 | 1.08e-05
 116 | 1.08e-05
 117 | 1.12e-05
 118 | 1.17e-05
 119 | 1.23e-05
 120 | 1.30e-05
 121 | 1.36e-05
 122 | 1.39e-05
 123 | 1.41e-05
 124 | 1.42e-05
 125 | 1.42e-05
 126 | 1.34e-05
 127 | 1.32e-05
 128 | 1.31e-05
 129 | 1.32e-05
 130 | 1.32e-05
 131 | 1.32e-05
 132 | 1.32e-05
 133 | 1.31e-05
 134 | 1.30e-05
 135 | 1.30e-05
 136 | 1.24e-05
 137 | 1.21e-05
 138 | 1.20e-05
 139 | 1.19e-05
 140 | 1.17e-05
 141 | 1.19e-05
 142 | 1.22e-05
 143 | 1.24e-05
 144 | 1.29e-05
 145 | 1.35e-05
 146 | 1.43e-05
 147 | 1.50e-05
 148 | 1.58e-05
 149 | 1.68e-05
 150 | 1.82e-05
 151 | 1.99e-05
 152 | 2.18e-05
 153 | 2.31e-05
 154 | 2.48e-05
 155 | 2.64e-05
 156 | 2.79e-05
 157 | 2.92e-05
 158 | 2.99e-05
 159 | 2.99e-05
 160 | 2.85e-05
 161 | 2.74e-05
 162 | 2.59e-05
 163 | 2.41e-05
 164 | 2.22e-05
 165 | 2.00e-05
 166 | 1.79e-05
 167 | 1.61e-05
 168 | 1.45e-05
 169 | 1.30e-05
 170 | 1.18e-05
 171 | 1.09e-05
 172 | 1.01e-05
 173 | 9.68e-06
[2025-11-07 18:55:04] Run completed in 33.82 minutes
[2025-11-07 18:55:11] Saved NMF result to: /zata/zippy/kresgeb/nmf_stuff/dlPFC/data/batched_nmf/nmf_k100_seed1029_tol1e-05.rds
[2025-11-07 18:55:11] Appended run metadata to summary.csv
[2025-11-07 18:55:11] --------------------------------------------
[2025-11-07 18:55:11] Starting run 21 / 150: k=10, seed=31415, tol=1e-05
[2025-11-07 18:55:11] --------------------------------------------

iter |      tol 
---------------
   1 | 9.31e-01
   2 | 1.13e-01
   3 | 1.99e-02
   4 | 1.09e-02
   5 | 7.19e-03
   6 | 4.44e-03
   7 | 2.59e-03
   8 | 1.75e-03
   9 | 1.17e-03
  10 | 7.41e-04
  11 | 4.66e-04
  12 | 2.96e-04
  13 | 1.94e-04
  14 | 1.32e-04
  15 | 9.23e-05
  16 | 6.62e-05
  17 | 4.85e-05
  18 | 3.65e-05
  19 | 2.81e-05
  20 | 2.21e-05
  21 | 1.78e-05
  22 | 1.46e-05
  23 | 1.22e-05
  24 | 1.05e-05
  25 | 9.08e-06
[2025-11-07 18:57:26] Run completed in 2.25 minutes
[2025-11-07 18:57:27] Saved NMF result to: /zata/zippy/kresgeb/nmf_stuff/dlPFC/data/batched_nmf/nmf_k10_seed31415_tol1e-05.rds
[2025-11-07 18:57:27] Appended run metadata to summary.csv
[2025-11-07 18:57:27] --------------------------------------------
[2025-11-07 18:57:27] Starting run 22 / 150: k=20, seed=31415, tol=1e-05
[2025-11-07 18:57:27] --------------------------------------------

iter |      tol 
---------------
   1 | 9.25e-01
   2 | 1.24e-01
   3 | 3.95e-02
   4 | 1.84e-02
   5 | 1.11e-02
   6 | 8.96e-03
   7 | 6.91e-03
   8 | 4.72e-03
   9 | 3.03e-03
  10 | 1.90e-03
  11 | 1.18e-03
  12 | 7.46e-04
  13 | 4.88e-04
  14 | 3.28e-04
  15 | 2.29e-04
  16 | 1.67e-04
  17 | 1.32e-04
  18 | 1.09e-04
  19 | 9.40e-05
  20 | 8.39e-05
  21 | 7.71e-05
  22 | 7.24e-05
  23 | 6.87e-05
  24 | 6.56e-05
  25 | 6.37e-05
  26 | 6.26e-05
  27 | 6.17e-05
  28 | 6.12e-05
  29 | 6.12e-05
  30 | 6.17e-05
  31 | 6.21e-05
  32 | 6.20e-05
  33 | 6.14e-05
  34 | 6.06e-05
  35 | 6.00e-05
  36 | 5.98e-05
  37 | 6.00e-05
  38 | 6.04e-05
  39 | 6.08e-05
  40 | 6.11e-05
  41 | 6.17e-05
  42 | 6.22e-05
  43 | 6.34e-05
  44 | 6.59e-05
  45 | 6.99e-05
  46 | 7.62e-05
  47 | 8.26e-05
  48 | 8.71e-05
  49 | 8.87e-05
  50 | 8.53e-05
  51 | 7.68e-05
  52 | 6.49e-05
  53 | 5.22e-05
  54 | 4.16e-05
  55 | 3.33e-05
  56 | 2.76e-05
  57 | 2.39e-05
  58 | 2.13e-05
  59 | 1.94e-05
  60 | 1.80e-05
  61 | 1.66e-05
  62 | 1.54e-05
  63 | 1.42e-05
  64 | 1.30e-05
  65 | 1.17e-05
  66 | 1.03e-05
  67 | 8.89e-06
[2025-11-07 19:00:39] Run completed in 3.21 minutes
[2025-11-07 19:00:41] Saved NMF result to: /zata/zippy/kresgeb/nmf_stuff/dlPFC/data/batched_nmf/nmf_k20_seed31415_tol1e-05.rds
[2025-11-07 19:00:41] Appended run metadata to summary.csv
[2025-11-07 19:00:41] --------------------------------------------
[2025-11-07 19:00:41] Starting run 23 / 150: k=30, seed=31415, tol=1e-05
[2025-11-07 19:00:41] --------------------------------------------

iter |      tol 
---------------
   1 | 9.24e-01
   2 | 1.15e-01
   3 | 3.35e-02
   4 | 1.59e-02
   5 | 8.92e-03
   6 | 6.15e-03
   7 | 4.77e-03
   8 | 3.74e-03
   9 | 3.01e-03
  10 | 2.50e-03
  11 | 2.08e-03
  12 | 1.77e-03
  13 | 1.53e-03
  14 | 1.28e-03
  15 | 1.03e-03
  16 | 8.36e-04
  17 | 6.89e-04
  18 | 5.72e-04
  19 | 4.91e-04
  20 | 4.34e-04
  21 | 3.98e-04
  22 | 3.74e-04
  23 | 3.56e-04
  24 | 3.40e-04
  25 | 3.27e-04
  26 | 3.14e-04
  27 | 2.95e-04
  28 | 2.73e-04
  29 | 2.51e-04
  30 | 2.30e-04
  31 | 2.11e-04
  32 | 1.91e-04
  33 | 1.73e-04
  34 | 1.59e-04
  35 | 1.49e-04
  36 | 1.41e-04
  37 | 1.37e-04
  38 | 1.36e-04
  39 | 1.36e-04
  40 | 1.38e-04
  41 | 1.41e-04
  42 | 1.44e-04
  43 | 1.45e-04
  44 | 1.42e-04
  45 | 1.39e-04
  46 | 1.33e-04
  47 | 1.24e-04
  48 | 1.15e-04
  49 | 1.09e-04
  50 | 1.05e-04
  51 | 1.05e-04
  52 | 1.06e-04
  53 | 1.08e-04
  54 | 1.09e-04
  55 | 1.09e-04
  56 | 1.08e-04
  57 | 1.05e-04
  58 | 1.01e-04
  59 | 9.78e-05
  60 | 9.47e-05
  61 | 9.24e-05
  62 | 9.07e-05
  63 | 8.94e-05
  64 | 8.85e-05
  65 | 8.72e-05
  66 | 8.47e-05
  67 | 8.00e-05
  68 | 7.30e-05
  69 | 6.38e-05
  70 | 5.35e-05
  71 | 4.37e-05
  72 | 3.51e-05
  73 | 2.81e-05
  74 | 2.25e-05
  75 | 1.81e-05
  76 | 1.47e-05
  77 | 1.20e-05
  78 | 9.86e-06
[2025-11-07 19:05:31] Run completed in 4.83 minutes
[2025-11-07 19:05:33] Saved NMF result to: /zata/zippy/kresgeb/nmf_stuff/dlPFC/data/batched_nmf/nmf_k30_seed31415_tol1e-05.rds
[2025-11-07 19:05:33] Appended run metadata to summary.csv
[2025-11-07 19:05:33] --------------------------------------------
[2025-11-07 19:05:33] Starting run 24 / 150: k=40, seed=31415, tol=1e-05
[2025-11-07 19:05:33] --------------------------------------------

iter |      tol 
---------------
   1 | 9.20e-01
   2 | 1.13e-01
   3 | 3.17e-02
   4 | 1.62e-02
   5 | 1.04e-02
   6 | 8.64e-03
   7 | 5.82e-03
   8 | 4.23e-03
   9 | 3.32e-03
  10 | 2.70e-03
  11 | 2.21e-03
  12 | 1.85e-03
  13 | 1.60e-03
  14 | 1.44e-03
  15 | 1.38e-03
  16 | 1.34e-03
  17 | 1.27e-03
  18 | 1.12e-03
  19 | 9.51e-04
  20 | 8.00e-04
  21 | 6.72e-04
  22 | 5.63e-04
  23 | 4.76e-04
  24 | 4.07e-04
  25 | 3.57e-04
  26 | 3.19e-04
  27 | 2.91e-04
  28 | 2.71e-04
  29 | 2.57e-04
  30 | 2.42e-04
  31 | 2.23e-04
  32 | 1.99e-04
  33 | 1.73e-04
  34 | 1.50e-04
  35 | 1.32e-04
  36 | 1.16e-04
  37 | 1.02e-04
  38 | 9.05e-05
  39 | 8.00e-05
  40 | 7.14e-05
  41 | 6.43e-05
  42 | 5.84e-05
  43 | 5.36e-05
  44 | 4.99e-05
  45 | 4.71e-05
  46 | 4.48e-05
  47 | 4.30e-05
  48 | 4.13e-05
  49 | 3.94e-05
  50 | 3.78e-05
  51 | 3.64e-05
  52 | 3.53e-05
  53 | 3.42e-05
  54 | 3.33e-05
  55 | 3.24e-05
  56 | 3.18e-05
  57 | 3.15e-05
  58 | 3.14e-05
  59 | 3.13e-05
  60 | 3.13e-05
  61 | 3.14e-05
  62 | 3.11e-05
  63 | 3.03e-05
  64 | 2.93e-05
  65 | 2.78e-05
  66 | 2.60e-05
  67 | 2.42e-05
  68 | 2.24e-05
  69 | 2.06e-05
  70 | 1.90e-05
  71 | 1.74e-05
  72 | 1.61e-05
  73 | 1.49e-05
  74 | 1.39e-05
  75 | 1.29e-05
  76 | 1.20e-05
  77 | 1.11e-05
  78 | 1.04e-05
  79 | 9.68e-06
[2025-11-07 19:11:13] Run completed in 5.67 minutes
[2025-11-07 19:11:16] Saved NMF result to: /zata/zippy/kresgeb/nmf_stuff/dlPFC/data/batched_nmf/nmf_k40_seed31415_tol1e-05.rds
[2025-11-07 19:11:16] Appended run metadata to summary.csv
[2025-11-07 19:11:16] --------------------------------------------
[2025-11-07 19:11:16] Starting run 25 / 150: k=50, seed=31415, tol=1e-05
[2025-11-07 19:11:16] --------------------------------------------

iter |      tol 
---------------
   1 | 9.18e-01
   2 | 1.13e-01
   3 | 3.83e-02
   4 | 1.86e-02
   5 | 1.14e-02
   6 | 8.03e-03
   7 | 6.04e-03
   8 | 4.66e-03
   9 | 3.79e-03
  10 | 3.13e-03
  11 | 2.65e-03
  12 | 2.28e-03
  13 | 1.96e-03
  14 | 1.70e-03
  15 | 1.46e-03
  16 | 1.24e-03
  17 | 1.06e-03
  18 | 9.38e-04
  19 | 8.71e-04
  20 | 8.36e-04
  21 | 8.26e-04
  22 | 8.07e-04
  23 | 7.61e-04
  24 | 6.81e-04
  25 | 5.83e-04
  26 | 4.79e-04
  27 | 3.85e-04
  28 | 3.11e-04
  29 | 2.47e-04
  30 | 2.02e-04
  31 | 1.68e-04
  32 | 1.44e-04
  33 | 1.26e-04
  34 | 1.13e-04
  35 | 1.05e-04
  36 | 1.01e-04
  37 | 9.99e-05
  38 | 1.03e-04
  39 | 1.10e-04
  40 | 1.21e-04
  41 | 1.38e-04
  42 | 1.61e-04
  43 | 1.87e-04
  44 | 2.13e-04
  45 | 2.36e-04
  46 | 2.51e-04
  47 | 2.52e-04
  48 | 2.37e-04
  49 | 2.13e-04
  50 | 1.91e-04
  51 | 1.72e-04
  52 | 1.56e-04
  53 | 1.45e-04
  54 | 1.40e-04
  55 | 1.36e-04
  56 | 1.31e-04
  57 | 1.24e-04
  58 | 1.14e-04
  59 | 1.02e-04
  60 | 9.10e-05
  61 | 7.91e-05
  62 | 6.72e-05
  63 | 5.59e-05
  64 | 4.61e-05
  65 | 3.78e-05
  66 | 3.10e-05
  67 | 2.55e-05
  68 | 2.11e-05
  69 | 1.77e-05
  70 | 1.51e-05
  71 | 1.30e-05
  72 | 1.13e-05
  73 | 9.97e-06
[2025-11-07 19:18:03] Run completed in 6.77 minutes
[2025-11-07 19:18:06] Saved NMF result to: /zata/zippy/kresgeb/nmf_stuff/dlPFC/data/batched_nmf/nmf_k50_seed31415_tol1e-05.rds
[2025-11-07 19:18:06] Appended run metadata to summary.csv
[2025-11-07 19:18:06] --------------------------------------------
[2025-11-07 19:18:06] Starting run 26 / 150: k=60, seed=31415, tol=1e-05
[2025-11-07 19:18:06] --------------------------------------------

iter |      tol 
---------------
   1 | 9.15e-01
   2 | 1.08e-01
   3 | 3.62e-02
   4 | 1.83e-02
   5 | 1.16e-02
   6 | 7.67e-03
   7 | 5.31e-03
   8 | 3.98e-03
   9 | 3.21e-03
  10 | 2.72e-03
  11 | 2.36e-03
  12 | 2.09e-03
  13 | 1.86e-03
  14 | 1.65e-03
  15 | 1.45e-03
  16 | 1.27e-03
  17 | 1.14e-03
  18 | 1.04e-03
  19 | 9.54e-04
  20 | 8.75e-04
  21 | 8.11e-04
  22 | 7.69e-04
  23 | 7.36e-04
  24 | 7.08e-04
  25 | 6.74e-04
  26 | 6.35e-04
  27 | 5.82e-04
  28 | 5.24e-04
  29 | 4.65e-04
  30 | 4.01e-04
  31 | 3.49e-04
  32 | 3.16e-04
  33 | 2.92e-04
  34 | 2.68e-04
  35 | 2.40e-04
  36 | 2.13e-04
  37 | 1.86e-04
  38 | 1.63e-04
  39 | 1.46e-04
  40 | 1.34e-04
  41 | 1.27e-04
  42 | 1.20e-04
  43 | 1.13e-04
  44 | 1.12e-04
  45 | 1.11e-04
  46 | 1.11e-04
  47 | 1.10e-04
  48 | 1.09e-04
  49 | 1.04e-04
  50 | 9.73e-05
  51 | 8.95e-05
  52 | 8.20e-05
  53 | 7.61e-05
  54 | 7.11e-05
  55 | 6.63e-05
  56 | 6.13e-05
  57 | 5.74e-05
  58 | 5.39e-05
  59 | 5.10e-05
  60 | 4.81e-05
  61 | 4.55e-05
  62 | 4.30e-05
  63 | 4.13e-05
  64 | 3.99e-05
  65 | 3.86e-05
  66 | 3.71e-05
  67 | 3.55e-05
  68 | 3.34e-05
  69 | 3.17e-05
  70 | 2.95e-05
  71 | 2.74e-05
  72 | 2.55e-05
  73 | 2.31e-05
  74 | 2.10e-05
  75 | 1.92e-05
  76 | 1.75e-05
  77 | 1.60e-05
  78 | 1.46e-05
  79 | 1.32e-05
  80 | 1.20e-05
  81 | 1.09e-05
  82 | 1.00e-05
  83 | 9.23e-06
[2025-11-07 19:26:40] Run completed in 8.57 minutes
[2025-11-07 19:26:45] Saved NMF result to: /zata/zippy/kresgeb/nmf_stuff/dlPFC/data/batched_nmf/nmf_k60_seed31415_tol1e-05.rds
[2025-11-07 19:26:45] Appended run metadata to summary.csv
[2025-11-07 19:26:45] --------------------------------------------
[2025-11-07 19:26:45] Starting run 27 / 150: k=70, seed=31415, tol=1e-05
[2025-11-07 19:26:45] --------------------------------------------

iter |      tol 
---------------
   1 | 9.16e-01
   2 | 1.09e-01
   3 | 3.70e-02
   4 | 1.76e-02
   5 | 1.10e-02
   6 | 7.94e-03
   7 | 6.08e-03
   8 | 4.97e-03
   9 | 4.23e-03
  10 | 3.56e-03
  11 | 2.97e-03
  12 | 2.50e-03
  13 | 2.24e-03
  14 | 2.08e-03
  15 | 2.04e-03
  16 | 1.99e-03
  17 | 1.92e-03
  18 | 1.80e-03
  19 | 1.66e-03
  20 | 1.52e-03
  21 | 1.41e-03
  22 | 1.33e-03
  23 | 1.27e-03
  24 | 1.21e-03
  25 | 1.14e-03
  26 | 1.06e-03
  27 | 9.83e-04
  28 | 9.14e-04
  29 | 8.49e-04
  30 | 7.87e-04
  31 | 7.07e-04
  32 | 6.33e-04
  33 | 5.45e-04
  34 | 4.87e-04
  35 | 4.49e-04
  36 | 4.06e-04
  37 | 3.86e-04
  38 | 3.78e-04
  39 | 3.76e-04
  40 | 3.67e-04
  41 | 3.62e-04
  42 | 3.55e-04
  43 | 3.41e-04
  44 | 3.27e-04
  45 | 3.16e-04
  46 | 3.04e-04
  47 | 2.92e-04
  48 | 2.89e-04
  49 | 2.86e-04
  50 | 2.74e-04
  51 | 2.59e-04
  52 | 2.45e-04
  53 | 2.39e-04
  54 | 2.35e-04
  55 | 2.38e-04
  56 | 2.39e-04
  57 | 2.39e-04
  58 | 2.48e-04
  59 | 2.61e-04
  60 | 2.83e-04
  61 | 3.09e-04
  62 | 3.24e-04
  63 | 3.15e-04
  64 | 2.78e-04
  65 | 2.32e-04
  66 | 1.80e-04
  67 | 1.36e-04
  68 | 9.87e-05
  69 | 7.55e-05
  70 | 5.68e-05
  71 | 4.33e-05
  72 | 3.43e-05
  73 | 2.69e-05
  74 | 2.16e-05
  75 | 1.87e-05
  76 | 1.66e-05
  77 | 1.51e-05
  78 | 1.43e-05
  79 | 1.38e-05
  80 | 1.10e-05
  81 | 1.08e-05
  82 | 1.18e-05
  83 | 1.35e-05
  84 | 1.52e-05
  85 | 1.69e-05
  86 | 1.81e-05
  87 | 1.82e-05
  88 | 1.73e-05
  89 | 1.54e-05
  90 | 1.29e-05
  91 | 1.06e-05
  92 | 8.63e-06
[2025-11-07 19:37:55] Run completed in 11.17 minutes
[2025-11-07 19:38:00] Saved NMF result to: /zata/zippy/kresgeb/nmf_stuff/dlPFC/data/batched_nmf/nmf_k70_seed31415_tol1e-05.rds
[2025-11-07 19:38:00] Appended run metadata to summary.csv
[2025-11-07 19:38:00] --------------------------------------------
[2025-11-07 19:38:00] Starting run 28 / 150: k=80, seed=31415, tol=1e-05
[2025-11-07 19:38:00] --------------------------------------------

iter |      tol 
---------------
   1 | 9.13e-01
   2 | 1.13e-01
   3 | 3.59e-02
   4 | 1.79e-02
   5 | 1.13e-02
   6 | 8.14e-03
   7 | 6.61e-03
   8 | 5.60e-03
   9 | 4.83e-03
  10 | 4.20e-03
  11 | 3.69e-03
  12 | 3.22e-03
  13 | 2.74e-03
  14 | 2.27e-03
  15 | 1.86e-03
  16 | 1.62e-03
  17 | 1.49e-03
  18 | 1.40e-03
  19 | 1.30e-03
  20 | 1.17e-03
  21 | 1.01e-03
  22 | 8.46e-04
  23 | 7.18e-04
  24 | 6.38e-04
  25 | 5.81e-04
  26 | 5.32e-04
  27 | 4.88e-04
  28 | 4.57e-04
  29 | 4.35e-04
  30 | 4.13e-04
  31 | 4.01e-04
  32 | 3.95e-04
  33 | 3.76e-04
  34 | 3.61e-04
  35 | 3.43e-04
  36 | 3.23e-04
  37 | 3.03e-04
  38 | 2.80e-04
  39 | 2.63e-04
  40 | 2.46e-04
  41 | 2.32e-04
  42 | 2.17e-04
  43 | 1.95e-04
  44 | 1.77e-04
  45 | 1.46e-04
  46 | 1.23e-04
  47 | 1.09e-04
  48 | 1.00e-04
  49 | 9.54e-05
  50 | 9.32e-05
  51 | 9.34e-05
  52 | 9.62e-05
  53 | 9.97e-05
  54 | 9.92e-05
  55 | 1.01e-04
  56 | 1.04e-04
  57 | 1.08e-04
  58 | 1.12e-04
  59 | 1.17e-04
  60 | 1.24e-04
  61 | 1.31e-04
  62 | 1.41e-04
  63 | 1.48e-04
  64 | 1.63e-04
  65 | 1.80e-04
  66 | 1.95e-04
  67 | 2.15e-04
  68 | 2.39e-04
  69 | 2.72e-04
  70 | 2.99e-04
  71 | 3.23e-04
  72 | 3.49e-04
  73 | 3.75e-04
  74 | 3.95e-04
  75 | 4.10e-04
  76 | 4.09e-04
  77 | 4.02e-04
  78 | 3.70e-04
  79 | 3.13e-04
  80 | 2.51e-04
  81 | 2.12e-04
  82 | 1.63e-04
  83 | 1.33e-04
  84 | 1.07e-04
  85 | 8.70e-05
  86 | 6.96e-05
  87 | 5.75e-05
  88 | 4.70e-05
  89 | 3.89e-05
  90 | 3.19e-05
  91 | 2.60e-05
  92 | 2.07e-05
  93 | 1.67e-05
  94 | 1.40e-05
  95 | 1.19e-05
  96 | 1.02e-05
  97 | 7.89e-06
[2025-11-07 19:51:37] Run completed in 13.62 minutes
[2025-11-07 19:51:42] Saved NMF result to: /zata/zippy/kresgeb/nmf_stuff/dlPFC/data/batched_nmf/nmf_k80_seed31415_tol1e-05.rds
[2025-11-07 19:51:42] Appended run metadata to summary.csv
[2025-11-07 19:51:42] --------------------------------------------
[2025-11-07 19:51:42] Starting run 29 / 150: k=90, seed=31415, tol=1e-05
[2025-11-07 19:51:42] --------------------------------------------

iter |      tol 
---------------
   1 | 9.13e-01
   2 | 1.03e-01
   3 | 3.79e-02
   4 | 2.02e-02
   5 | 1.32e-02
   6 | 9.45e-03
   7 | 7.10e-03
   8 | 5.58e-03
   9 | 4.64e-03
  10 | 4.03e-03
  11 | 3.50e-03
  12 | 3.00e-03
  13 | 2.60e-03
  14 | 2.34e-03
  15 | 2.20e-03
  16 | 2.09e-03
  17 | 2.00e-03
  18 | 1.94e-03
  19 | 1.80e-03
  20 | 1.69e-03
  21 | 1.57e-03
  22 | 1.48e-03
  23 | 1.42e-03
  24 | 1.36e-03
  25 | 1.31e-03
  26 | 1.30e-03
  27 | 1.26e-03
  28 | 1.24e-03
  29 | 1.24e-03
  30 | 1.25e-03
  31 | 1.14e-03
  32 | 1.12e-03
  33 | 1.09e-03
  34 | 1.05e-03
  35 | 1.01e-03
  36 | 9.71e-04
  37 | 9.14e-04
  38 | 8.38e-04
  39 | 7.49e-04
  40 | 6.32e-04
  41 | 4.87e-04
  42 | 3.90e-04
  43 | 3.39e-04
  44 | 3.17e-04
  45 | 3.03e-04
  46 | 3.06e-04
  47 | 3.11e-04
  48 | 2.46e-04
  49 | 2.29e-04
  50 | 2.15e-04
  51 | 1.94e-04
  52 | 1.64e-04
  53 | 1.43e-04
  54 | 1.27e-04
  55 | 1.15e-04
  56 | 1.03e-04
  57 | 8.32e-05
  58 | 6.92e-05
  59 | 5.87e-05
  60 | 5.19e-05
  61 | 4.61e-05
  62 | 3.91e-05
  63 | 3.57e-05
  64 | 3.26e-05
  65 | 3.01e-05
  66 | 2.71e-05
  67 | 2.52e-05
  68 | 2.37e-05
  69 | 2.19e-05
  70 | 2.02e-05
  71 | 1.86e-05
  72 | 1.73e-05
  73 | 1.63e-05
  74 | 1.54e-05
  75 | 1.47e-05
  76 | 1.40e-05
  77 | 1.34e-05
  78 | 1.27e-05
  79 | 1.22e-05
  80 | 1.17e-05
  81 | 1.14e-05
  82 | 1.12e-05
  83 | 1.09e-05
  84 | 1.08e-05
  85 | 1.08e-05
  86 | 1.07e-05
  87 | 1.06e-05
  88 | 1.06e-05
  89 | 1.03e-05
  90 | 1.02e-05
  91 | 1.01e-05
  92 | 1.01e-05
  93 | 1.02e-05
  94 | 1.03e-05
  95 | 1.01e-05
  96 | 9.99e-06
[2025-11-07 20:07:10] Run completed in 15.47 minutes
[2025-11-07 20:07:17] Saved NMF result to: /zata/zippy/kresgeb/nmf_stuff/dlPFC/data/batched_nmf/nmf_k90_seed31415_tol1e-05.rds
[2025-11-07 20:07:17] Appended run metadata to summary.csv
[2025-11-07 20:07:17] --------------------------------------------
[2025-11-07 20:07:17] Starting run 30 / 150: k=100, seed=31415, tol=1e-05
[2025-11-07 20:07:17] --------------------------------------------

iter |      tol 
---------------
   1 | 9.13e-01
   2 | 1.02e-01
   3 | 3.69e-02
   4 | 1.94e-02
   5 | 1.30e-02
   6 | 9.58e-03
   7 | 7.43e-03
   8 | 5.94e-03
   9 | 4.83e-03
  10 | 4.06e-03
  11 | 3.58e-03
  12 | 3.31e-03
  13 | 3.09e-03
  14 | 2.84e-03
  15 | 2.52e-03
  16 | 2.21e-03
  17 | 1.99e-03
  18 | 1.82e-03
  19 | 1.74e-03
  20 | 1.72e-03
  21 | 1.74e-03
  22 | 1.74e-03
  23 | 1.70e-03
  24 | 1.61e-03
  25 | 1.51e-03
  26 | 1.34e-03
  27 | 1.16e-03
  28 | 1.02e-03
  29 | 8.96e-04
  30 | 8.25e-04
  31 | 7.97e-04
  32 | 7.23e-04
  33 | 6.79e-04
  34 | 6.36e-04
  35 | 5.68e-04
  36 | 4.87e-04
  37 | 4.19e-04
  38 | 3.67e-04
  39 | 3.27e-04
  40 | 3.05e-04
  41 | 2.90e-04
  42 | 2.76e-04
  43 | 2.70e-04
  44 | 2.72e-04
  45 | 2.79e-04
  46 | 2.81e-04
  47 | 2.86e-04
  48 | 3.08e-04
  49 | 3.21e-04
  50 | 3.42e-04
  51 | 3.63e-04
  52 | 3.89e-04
  53 | 4.07e-04
  54 | 4.16e-04
  55 | 4.06e-04
  56 | 3.92e-04
  57 | 3.76e-04
  58 | 3.46e-04
  59 | 3.11e-04
  60 | 2.76e-04
  61 | 2.58e-04
  62 | 2.51e-04
  63 | 2.53e-04
  64 | 2.67e-04
  65 | 2.92e-04
  66 | 3.09e-04
  67 | 3.19e-04
  68 | 3.02e-04
  69 | 2.79e-04
  70 | 2.52e-04
  71 | 2.19e-04
  72 | 1.90e-04
  73 | 1.61e-04
  74 | 1.28e-04
  75 | 1.04e-04
  76 | 8.51e-05
  77 | 7.48e-05
  78 | 6.80e-05
  79 | 6.38e-05
  80 | 6.08e-05
  81 | 5.89e-05
  82 | 5.75e-05
  83 | 5.55e-05
  84 | 5.43e-05
  85 | 5.25e-05
  86 | 5.11e-05
  87 | 5.09e-05
  88 | 5.08e-05
  89 | 5.08e-05
  90 | 5.02e-05
  91 | 5.08e-05
  92 | 5.07e-05
  93 | 5.35e-05
  94 | 5.50e-05
  95 | 5.93e-05
  96 | 6.56e-05
  97 | 7.28e-05
  98 | 7.97e-05
  99 | 8.57e-05
 100 | 8.97e-05
 101 | 9.31e-05
 102 | 9.43e-05
 103 | 8.45e-05
 104 | 7.08e-05
 105 | 5.89e-05
 106 | 4.90e-05
 107 | 3.87e-05
 108 | 3.18e-05
 109 | 2.65e-05
 110 | 2.21e-05
 111 | 1.93e-05
 112 | 1.69e-05
 113 | 1.51e-05
 114 | 1.37e-05
 115 | 1.14e-05
 116 | 9.65e-06
[2025-11-07 20:28:38] Run completed in 21.35 minutes
[2025-11-07 20:28:45] Saved NMF result to: /zata/zippy/kresgeb/nmf_stuff/dlPFC/data/batched_nmf/nmf_k100_seed31415_tol1e-05.rds
[2025-11-07 20:28:45] Appended run metadata to summary.csv
[2025-11-07 20:28:45] --------------------------------------------
[2025-11-07 20:28:45] Starting run 31 / 150: k=10, seed=120301, tol=1e-05
[2025-11-07 20:28:45] --------------------------------------------

iter |      tol 
---------------
   1 | 9.40e-01
   2 | 1.22e-01
   3 | 3.21e-02
   4 | 1.18e-02
   5 | 6.32e-03
   6 | 3.54e-03
   7 | 2.01e-03
   8 | 1.23e-03
   9 | 8.42e-04
  10 | 6.32e-04
  11 | 5.35e-04
  12 | 5.16e-04
  13 | 5.93e-04
  14 | 7.32e-04
  15 | 8.02e-04
  16 | 6.77e-04
  17 | 4.59e-04
  18 | 2.88e-04
  19 | 1.79e-04
  20 | 1.11e-04
  21 | 6.92e-05
  22 | 4.43e-05
  23 | 2.91e-05
  24 | 1.97e-05
  25 | 1.39e-05
  26 | 1.04e-05
  27 | 8.01e-06
[2025-11-07 20:31:10] Run completed in 2.42 minutes
[2025-11-07 20:31:11] Saved NMF result to: /zata/zippy/kresgeb/nmf_stuff/dlPFC/data/batched_nmf/nmf_k10_seed120301_tol1e-05.rds
[2025-11-07 20:31:11] Appended run metadata to summary.csv
[2025-11-07 20:31:11] --------------------------------------------
[2025-11-07 20:31:11] Starting run 32 / 150: k=20, seed=120301, tol=1e-05
[2025-11-07 20:31:11] --------------------------------------------

iter |      tol 
---------------
   1 | 9.28e-01
   2 | 1.25e-01
   3 | 3.26e-02
   4 | 1.68e-02
   5 | 9.68e-03
   6 | 6.44e-03
   7 | 4.47e-03
   8 | 3.39e-03
   9 | 3.02e-03
  10 | 2.82e-03
  11 | 2.55e-03
  12 | 2.09e-03
  13 | 1.62e-03
  14 | 1.28e-03
  15 | 1.08e-03
  16 | 9.42e-04
  17 | 8.05e-04
  18 | 6.60e-04
  19 | 5.28e-04
  20 | 4.26e-04
  21 | 3.49e-04
  22 | 2.96e-04
  23 | 2.68e-04
  24 | 2.54e-04
  25 | 2.48e-04
  26 | 2.49e-04
  27 | 2.55e-04
  28 | 2.56e-04
  29 | 2.46e-04
  30 | 2.25e-04
  31 | 1.98e-04
  32 | 1.69e-04
  33 | 1.41e-04
  34 | 1.17e-04
  35 | 9.62e-05
  36 | 7.91e-05
  37 | 6.53e-05
  38 | 5.36e-05
  39 | 4.42e-05
  40 | 3.72e-05
  41 | 3.21e-05
  42 | 2.83e-05
  43 | 2.56e-05
  44 | 2.35e-05
  45 | 2.20e-05
  46 | 2.10e-05
  47 | 2.03e-05
  48 | 1.98e-05
  49 | 1.93e-05
  50 | 1.89e-05
  51 | 1.84e-05
  52 | 1.79e-05
  53 | 1.73e-05
  54 | 1.65e-05
  55 | 1.55e-05
  56 | 1.45e-05
  57 | 1.34e-05
  58 | 1.24e-05
  59 | 1.14e-05
  60 | 1.05e-05
  61 | 9.79e-06
[2025-11-07 20:34:39] Run completed in 3.46 minutes
[2025-11-07 20:34:40] Saved NMF result to: /zata/zippy/kresgeb/nmf_stuff/dlPFC/data/batched_nmf/nmf_k20_seed120301_tol1e-05.rds
[2025-11-07 20:34:40] Appended run metadata to summary.csv
[2025-11-07 20:34:40] --------------------------------------------
[2025-11-07 20:34:40] Starting run 33 / 150: k=30, seed=120301, tol=1e-05
[2025-11-07 20:34:40] --------------------------------------------

iter |      tol 
---------------
   1 | 9.25e-01
   2 | 1.14e-01
   3 | 3.06e-02
   4 | 1.58e-02
   5 | 1.01e-02
   6 | 7.54e-03
   7 | 6.09e-03
   8 | 4.76e-03
   9 | 3.68e-03
  10 | 2.88e-03
  11 | 2.65e-03
  12 | 2.74e-03
  13 | 2.68e-03
  14 | 2.27e-03
  15 | 1.75e-03
  16 | 1.26e-03
  17 | 9.15e-04
  18 | 7.03e-04
  19 | 5.79e-04
  20 | 5.01e-04
  21 | 4.42e-04
  22 | 3.86e-04
  23 | 3.33e-04
  24 | 2.86e-04
  25 | 2.48e-04
  26 | 2.17e-04
  27 | 1.90e-04
  28 | 1.65e-04
  29 | 1.42e-04
  30 | 1.22e-04
  31 | 1.04e-04
  32 | 8.84e-05
  33 | 7.54e-05
  34 | 6.52e-05
  35 | 5.71e-05
  36 | 5.08e-05
  37 | 4.60e-05
  38 | 4.26e-05
  39 | 4.06e-05
  40 | 3.97e-05
  41 | 3.97e-05
  42 | 4.06e-05
  43 | 4.23e-05
  44 | 4.46e-05
  45 | 4.73e-05
  46 | 4.98e-05
  47 | 5.16e-05
  48 | 5.22e-05
  49 | 5.15e-05
  50 | 4.96e-05
  51 | 4.71e-05
  52 | 4.47e-05
  53 | 4.26e-05
  54 | 4.07e-05
  55 | 3.92e-05
  56 | 3.80e-05
  57 | 3.73e-05
  58 | 3.68e-05
  59 | 3.66e-05
  60 | 3.66e-05
  61 | 3.67e-05
  62 | 3.67e-05
  63 | 3.63e-05
  64 | 3.54e-05
  65 | 3.42e-05
  66 | 3.25e-05
  67 | 3.06e-05
  68 | 2.80e-05
  69 | 2.52e-05
  70 | 2.22e-05
  71 | 1.93e-05
  72 | 1.68e-05
  73 | 1.44e-05
  74 | 1.25e-05
  75 | 1.09e-05
  76 | 9.73e-06
[2025-11-07 20:39:45] Run completed in 5.08 minutes
[2025-11-07 20:39:47] Saved NMF result to: /zata/zippy/kresgeb/nmf_stuff/dlPFC/data/batched_nmf/nmf_k30_seed120301_tol1e-05.rds
[2025-11-07 20:39:47] Appended run metadata to summary.csv
[2025-11-07 20:39:47] --------------------------------------------
[2025-11-07 20:39:47] Starting run 34 / 150: k=40, seed=120301, tol=1e-05
[2025-11-07 20:39:47] --------------------------------------------

iter |      tol 
---------------
   1 | 9.18e-01
   2 | 1.14e-01
   3 | 3.59e-02
   4 | 1.89e-02
   5 | 1.09e-02
   6 | 6.81e-03
   7 | 4.90e-03
   8 | 3.96e-03
   9 | 3.37e-03
  10 | 2.83e-03
  11 | 2.29e-03
  12 | 1.84e-03
  13 | 1.48e-03
  14 | 1.21e-03
  15 | 1.01e-03
  16 | 8.59e-04
  17 | 7.47e-04
  18 | 6.60e-04
  19 | 5.78e-04
  20 | 4.97e-04
  21 | 4.26e-04
  22 | 3.69e-04
  23 | 3.26e-04
  24 | 2.93e-04
  25 | 2.67e-04
  26 | 2.44e-04
  27 | 2.24e-04
  28 | 2.08e-04
  29 | 1.93e-04
  30 | 1.79e-04
  31 | 1.64e-04
  32 | 1.48e-04
  33 | 1.32e-04
  34 | 1.18e-04
  35 | 1.03e-04
  36 | 8.96e-05
  37 | 7.81e-05
  38 | 6.77e-05
  39 | 5.89e-05
  40 | 5.10e-05
  41 | 4.37e-05
  42 | 3.75e-05
  43 | 3.22e-05
  44 | 2.80e-05
  45 | 2.46e-05
  46 | 2.21e-05
  47 | 2.01e-05
  48 | 1.86e-05
  49 | 1.73e-05
  50 | 1.64e-05
  51 | 1.57e-05
  52 | 1.49e-05
  53 | 1.44e-05
  54 | 1.41e-05
  55 | 1.40e-05
  56 | 1.40e-05
  57 | 1.38e-05
  58 | 1.37e-05
  59 | 1.37e-05
  60 | 1.37e-05
  61 | 1.36e-05
  62 | 1.36e-05
  63 | 1.35e-05
  64 | 1.33e-05
  65 | 1.31e-05
  66 | 1.29e-05
  67 | 1.28e-05
  68 | 1.27e-05
  69 | 1.25e-05
  70 | 1.23e-05
  71 | 1.22e-05
  72 | 1.21e-05
  73 | 1.20e-05
  74 | 1.19e-05
  75 | 1.17e-05
  76 | 1.15e-05
  77 | 1.12e-05
  78 | 1.09e-05
  79 | 1.06e-05
  80 | 1.04e-05
  81 | 1.00e-05
  82 | 9.65e-06
[2025-11-07 20:45:44] Run completed in 5.95 minutes
[2025-11-07 20:45:47] Saved NMF result to: /zata/zippy/kresgeb/nmf_stuff/dlPFC/data/batched_nmf/nmf_k40_seed120301_tol1e-05.rds
[2025-11-07 20:45:47] Appended run metadata to summary.csv
[2025-11-07 20:45:47] --------------------------------------------
[2025-11-07 20:45:47] Starting run 35 / 150: k=50, seed=120301, tol=1e-05
[2025-11-07 20:45:47] --------------------------------------------

iter |      tol 
---------------
   1 | 9.18e-01
   2 | 1.04e-01
   3 | 3.40e-02
   4 | 1.77e-02
   5 | 1.09e-02
   6 | 7.45e-03
   7 | 5.45e-03
   8 | 4.15e-03
   9 | 3.27e-03
  10 | 2.66e-03
  11 | 2.25e-03
  12 | 1.95e-03
  13 | 1.74e-03
  14 | 1.64e-03
  15 | 1.59e-03
  16 | 1.58e-03
  17 | 1.59e-03
  18 | 1.57e-03
  19 | 1.48e-03
  20 | 1.30e-03
  21 | 1.08e-03
  22 | 8.56e-04
  23 | 6.77e-04
  24 | 5.44e-04
  25 | 4.43e-04
  26 | 3.78e-04
  27 | 3.42e-04
  28 | 3.32e-04
  29 | 3.50e-04
  30 | 3.95e-04
  31 | 4.36e-04
  32 | 4.31e-04
  33 | 3.87e-04
  34 | 3.33e-04
  35 | 2.87e-04
  36 | 2.52e-04
  37 | 2.24e-04
  38 | 1.98e-04
  39 | 1.75e-04
  40 | 1.57e-04
  41 | 1.39e-04
  42 | 1.23e-04
  43 | 1.12e-04
  44 | 1.02e-04
  45 | 9.28e-05
  46 | 8.46e-05
  47 | 7.73e-05
  48 | 7.12e-05
  49 | 6.59e-05
  50 | 6.20e-05
  51 | 5.88e-05
  52 | 5.68e-05
  53 | 5.57e-05
  54 | 5.51e-05
  55 | 5.46e-05
  56 | 5.45e-05
  57 | 5.45e-05
  58 | 5.43e-05
  59 | 5.29e-05
  60 | 5.07e-05
  61 | 4.86e-05
  62 | 4.62e-05
  63 | 4.32e-05
  64 | 3.99e-05
  65 | 3.61e-05
  66 | 3.21e-05
  67 | 2.84e-05
  68 | 2.51e-05
  69 | 2.21e-05
  70 | 1.99e-05
  71 | 1.82e-05
  72 | 1.68e-05
  73 | 1.56e-05
  74 | 1.48e-05
  75 | 1.42e-05
  76 | 1.39e-05
  77 | 1.36e-05
  78 | 1.35e-05
  79 | 1.34e-05
  80 | 1.31e-05
  81 | 1.30e-05
  82 | 1.28e-05
  83 | 1.27e-05
  84 | 1.26e-05
  85 | 1.25e-05
  86 | 1.24e-05
  87 | 1.24e-05
  88 | 1.24e-05
  89 | 1.25e-05
  90 | 1.25e-05
  91 | 1.26e-05
  92 | 1.27e-05
  93 | 1.29e-05
  94 | 1.31e-05
  95 | 1.33e-05
  96 | 1.34e-05
  97 | 1.35e-05
  98 | 1.37e-05
  99 | 1.39e-05
 100 | 1.42e-05
 101 | 1.46e-05
 102 | 1.48e-05
 103 | 1.52e-05
 104 | 1.56e-05
 105 | 1.60e-05
 106 | 1.67e-05
 107 | 1.75e-05
 108 | 1.85e-05
 109 | 1.96e-05
 110 | 2.06e-05
 111 | 2.16e-05
 112 | 2.22e-05
 113 | 2.23e-05
 114 | 2.18e-05
 115 | 2.09e-05
 116 | 1.96e-05
 117 | 1.80e-05
 118 | 1.63e-05
 119 | 1.46e-05
 120 | 1.30e-05
 121 | 1.15e-05
 122 | 1.01e-05
 123 | 8.78e-06
[2025-11-07 20:55:32] Run completed in 9.75 minutes
[2025-11-07 20:55:35] Saved NMF result to: /zata/zippy/kresgeb/nmf_stuff/dlPFC/data/batched_nmf/nmf_k50_seed120301_tol1e-05.rds
[2025-11-07 20:55:35] Appended run metadata to summary.csv
[2025-11-07 20:55:35] --------------------------------------------
[2025-11-07 20:55:35] Starting run 36 / 150: k=60, seed=120301, tol=1e-05
[2025-11-07 20:55:35] --------------------------------------------

iter |      tol 
---------------
   1 | 9.16e-01
   2 | 1.02e-01
   3 | 3.36e-02
   4 | 1.67e-02
   5 | 1.01e-02
   6 | 6.93e-03
   7 | 5.21e-03
   8 | 4.11e-03
   9 | 3.29e-03
  10 | 2.78e-03
  11 | 2.45e-03
  12 | 2.20e-03
  13 | 2.00e-03
  14 | 1.80e-03
  15 | 1.60e-03
  16 | 1.40e-03
  17 | 1.22e-03
  18 | 1.06e-03
  19 | 9.27e-04
  20 | 8.49e-04
  21 | 8.23e-04
  22 | 8.23e-04
  23 | 7.97e-04
  24 | 7.41e-04
  25 | 6.67e-04
  26 | 5.94e-04
  27 | 5.28e-04
  28 | 4.65e-04
  29 | 4.25e-04
  30 | 4.00e-04
  31 | 3.80e-04
  32 | 3.67e-04
  33 | 3.56e-04
  34 | 3.50e-04
  35 | 3.49e-04
  36 | 3.54e-04
  37 | 3.70e-04
  38 | 3.92e-04
  39 | 4.14e-04
  40 | 4.27e-04
  41 | 4.35e-04
  42 | 4.48e-04
  43 | 4.84e-04
  44 | 5.48e-04
  45 | 5.98e-04
  46 | 5.69e-04
  47 | 4.61e-04
  48 | 3.36e-04
  49 | 2.32e-04
  50 | 1.68e-04
  51 | 1.27e-04
  52 | 9.80e-05
  53 | 7.72e-05
  54 | 6.40e-05
  55 | 5.49e-05
  56 | 4.90e-05
  57 | 4.49e-05
  58 | 4.13e-05
  59 | 3.83e-05
  60 | 3.56e-05
  61 | 3.31e-05
  62 | 3.09e-05
  63 | 2.82e-05
  64 | 2.60e-05
  65 | 2.42e-05
  66 | 2.26e-05
  67 | 2.13e-05
  68 | 2.03e-05
  69 | 1.94e-05
  70 | 1.87e-05
  71 | 1.81e-05
  72 | 1.76e-05
  73 | 1.72e-05
  74 | 1.68e-05
  75 | 1.64e-05
  76 | 1.62e-05
  77 | 1.64e-05
  78 | 1.68e-05
  79 | 1.76e-05
  80 | 1.88e-05
  81 | 2.05e-05
  82 | 2.27e-05
  83 | 2.57e-05
  84 | 2.94e-05
  85 | 3.39e-05
  86 | 3.89e-05
  87 | 4.41e-05
  88 | 4.86e-05
  89 | 5.17e-05
  90 | 5.22e-05
  91 | 5.01e-05
  92 | 4.55e-05
  93 | 3.91e-05
  94 | 3.19e-05
  95 | 2.52e-05
  96 | 1.97e-05
  97 | 1.54e-05
  98 | 1.22e-05
  99 | 9.92e-06
[2025-11-07 21:05:24] Run completed in 9.80 minutes
[2025-11-07 21:05:28] Saved NMF result to: /zata/zippy/kresgeb/nmf_stuff/dlPFC/data/batched_nmf/nmf_k60_seed120301_tol1e-05.rds
[2025-11-07 21:05:28] Appended run metadata to summary.csv
[2025-11-07 21:05:28] --------------------------------------------
[2025-11-07 21:05:28] Starting run 37 / 150: k=70, seed=120301, tol=1e-05
[2025-11-07 21:05:28] --------------------------------------------

iter |      tol 
---------------
   1 | 9.17e-01
   2 | 1.01e-01
   3 | 3.43e-02
   4 | 1.73e-02
   5 | 1.06e-02
   6 | 7.59e-03
   7 | 5.84e-03
   8 | 4.72e-03
   9 | 3.92e-03
  10 | 3.37e-03
  11 | 2.95e-03
  12 | 2.67e-03
  13 | 2.42e-03
  14 | 2.23e-03
  15 | 2.08e-03
  16 | 2.00e-03
  17 | 1.88e-03
  18 | 1.74e-03
  19 | 1.59e-03
  20 | 1.44e-03
  21 | 1.33e-03
  22 | 1.18e-03
  23 | 1.00e-03
  24 | 8.28e-04
  25 | 6.93e-04
  26 | 5.86e-04
  27 | 5.08e-04
  28 | 4.59e-04
  29 | 4.18e-04
  30 | 3.90e-04
  31 | 3.65e-04
  32 | 3.42e-04
  33 | 3.22e-04
  34 | 3.04e-04
  35 | 2.77e-04
  36 | 2.52e-04
  37 | 2.28e-04
  38 | 2.07e-04
  39 | 1.87e-04
  40 | 1.72e-04
  41 | 1.52e-04
  42 | 1.40e-04
  43 | 1.28e-04
  44 | 1.19e-04
  45 | 1.10e-04
  46 | 1.04e-04
  47 | 9.85e-05
  48 | 9.42e-05
  49 | 9.10e-05
  50 | 8.87e-05
  51 | 8.94e-05
  52 | 9.03e-05
  53 | 9.33e-05
  54 | 9.62e-05
  55 | 9.90e-05
  56 | 1.01e-04
  57 | 1.03e-04
  58 | 1.03e-04
  59 | 1.02e-04
  60 | 9.95e-05
  61 | 9.70e-05
  62 | 9.28e-05
  63 | 8.74e-05
  64 | 8.24e-05
  65 | 7.54e-05
  66 | 6.90e-05
  67 | 6.28e-05
  68 | 5.65e-05
  69 | 5.08e-05
  70 | 4.51e-05
  71 | 4.00e-05
  72 | 3.41e-05
  73 | 2.90e-05
  74 | 2.49e-05
  75 | 2.15e-05
  76 | 1.88e-05
  77 | 1.65e-05
  78 | 1.45e-05
  79 | 1.28e-05
  80 | 1.14e-05
  81 | 1.02e-05
  82 | 9.26e-06
[2025-11-07 21:15:25] Run completed in 9.95 minutes
[2025-11-07 21:15:30] Saved NMF result to: /zata/zippy/kresgeb/nmf_stuff/dlPFC/data/batched_nmf/nmf_k70_seed120301_tol1e-05.rds
[2025-11-07 21:15:30] Appended run metadata to summary.csv
[2025-11-07 21:15:30] --------------------------------------------
[2025-11-07 21:15:30] Starting run 38 / 150: k=80, seed=120301, tol=1e-05
[2025-11-07 21:15:30] --------------------------------------------

iter |      tol 
---------------
   1 | 9.15e-01
   2 | 9.96e-02
   3 | 3.54e-02
   4 | 1.80e-02
   5 | 1.20e-02
   6 | 8.66e-03
   7 | 6.39e-03
   8 | 4.78e-03
   9 | 3.71e-03
  10 | 2.98e-03
  11 | 2.53e-03
  12 | 2.24e-03
  13 | 2.05e-03
  14 | 1.93e-03
  15 | 1.89e-03
  16 | 1.92e-03
  17 | 1.95e-03
  18 | 1.93e-03
  19 | 1.87e-03
  20 | 1.83e-03
  21 | 1.86e-03
  22 | 1.94e-03
  23 | 1.69e-03
  24 | 1.56e-03
  25 | 1.48e-03
  26 | 1.40e-03
  27 | 1.30e-03
  28 | 1.16e-03
  29 | 9.75e-04
  30 | 8.39e-04
  31 | 6.90e-04
  32 | 5.17e-04
  33 | 3.82e-04
  34 | 3.00e-04
  35 | 2.39e-04
  36 | 1.97e-04
  37 | 1.82e-04
  38 | 1.77e-04
  39 | 1.80e-04
  40 | 1.86e-04
  41 | 1.94e-04
  42 | 1.99e-04
  43 | 2.00e-04
  44 | 1.93e-04
  45 | 1.79e-04
  46 | 1.60e-04
  47 | 1.44e-04
  48 | 1.32e-04
  49 | 1.24e-04
  50 | 1.18e-04
  51 | 1.14e-04
  52 | 1.14e-04
  53 | 1.17e-04
  54 | 1.19e-04
  55 | 1.21e-04
  56 | 1.23e-04
  57 | 1.22e-04
  58 | 1.18e-04
  59 | 1.12e-04
  60 | 1.06e-04
  61 | 1.01e-04
  62 | 9.99e-05
  63 | 9.81e-05
  64 | 9.77e-05
  65 | 9.83e-05
  66 | 1.02e-04
  67 | 1.06e-04
  68 | 1.13e-04
  69 | 1.21e-04
  70 | 1.28e-04
  71 | 1.36e-04
  72 | 1.44e-04
  73 | 1.59e-04
  74 | 1.77e-04
  75 | 2.00e-04
  76 | 2.08e-04
  77 | 2.02e-04
  78 | 1.98e-04
  79 | 1.79e-04
  80 | 1.50e-04
  81 | 1.13e-04
  82 | 8.13e-05
  83 | 6.00e-05
  84 | 4.16e-05
  85 | 3.18e-05
  86 | 2.39e-05
  87 | 1.88e-05
  88 | 1.58e-05
  89 | 1.36e-05
  90 | 1.18e-05
  91 | 1.02e-05
  92 | 8.97e-06
[2025-11-07 21:28:09] Run completed in 12.66 minutes
[2025-11-07 21:28:14] Saved NMF result to: /zata/zippy/kresgeb/nmf_stuff/dlPFC/data/batched_nmf/nmf_k80_seed120301_tol1e-05.rds
[2025-11-07 21:28:14] Appended run metadata to summary.csv
[2025-11-07 21:28:14] --------------------------------------------
[2025-11-07 21:28:14] Starting run 39 / 150: k=90, seed=120301, tol=1e-05
[2025-11-07 21:28:14] --------------------------------------------

iter |      tol 
---------------
   1 | 9.16e-01
   2 | 9.21e-02
   3 | 3.37e-02
   4 | 1.82e-02
   5 | 1.21e-02
   6 | 9.08e-03
   7 | 7.16e-03
   8 | 5.74e-03
   9 | 4.64e-03
  10 | 3.79e-03
  11 | 3.24e-03
  12 | 2.91e-03
  13 | 2.60e-03
  14 | 2.32e-03
  15 | 2.01e-03
  16 | 1.70e-03
  17 | 1.49e-03
  18 | 1.35e-03
  19 | 1.23e-03
  20 | 1.16e-03
  21 | 1.12e-03
  22 | 1.10e-03
  23 | 1.14e-03
  24 | 1.20e-03
  25 | 1.29e-03
  26 | 1.33e-03
  27 | 1.33e-03
  28 | 1.21e-03
  29 | 1.12e-03
  30 | 1.02e-03
  31 | 8.93e-04
  32 | 7.53e-04
  33 | 6.80e-04
  34 | 6.54e-04
  35 | 6.48e-04
  36 | 6.34e-04
  37 | 6.26e-04
  38 | 6.18e-04
  39 | 5.96e-04
  40 | 5.56e-04
  41 | 4.87e-04
  42 | 4.39e-04
  43 | 4.03e-04
  44 | 3.62e-04
  45 | 3.40e-04
  46 | 2.68e-04
  47 | 2.37e-04
  48 | 2.33e-04
  49 | 2.39e-04
  50 | 2.52e-04
  51 | 2.88e-04
  52 | 3.50e-04
  53 | 4.42e-04
  54 | 5.20e-04
  55 | 5.55e-04
  56 | 5.45e-04
  57 | 4.78e-04
  58 | 3.92e-04
  59 | 3.16e-04
  60 | 2.71e-04
  61 | 2.33e-04
  62 | 2.05e-04
  63 | 1.77e-04
  64 | 1.53e-04
  65 | 1.39e-04
  66 | 1.27e-04
  67 | 1.13e-04
  68 | 1.03e-04
  69 | 9.10e-05
  70 | 8.00e-05
  71 | 6.73e-05
  72 | 5.22e-05
  73 | 4.34e-05
  74 | 3.52e-05
  75 | 2.96e-05
  76 | 2.54e-05
  77 | 2.22e-05
  78 | 2.00e-05
  79 | 1.86e-05
  80 | 1.78e-05
  81 | 1.69e-05
  82 | 1.66e-05
  83 | 1.57e-05
  84 | 1.52e-05
  85 | 1.52e-05
  86 | 1.51e-05
  87 | 1.55e-05
  88 | 1.62e-05
  89 | 1.71e-05
  90 | 1.80e-05
  91 | 1.89e-05
  92 | 2.01e-05
  93 | 2.01e-05
  94 | 2.15e-05
  95 | 2.26e-05
  96 | 2.38e-05
  97 | 2.44e-05
  98 | 2.46e-05
  99 | 2.48e-05
 100 | 2.46e-05
 101 | 2.40e-05
 102 | 2.30e-05
 103 | 2.15e-05
 104 | 1.92e-05
 105 | 1.71e-05
 106 | 1.51e-05
 107 | 1.33e-05
 108 | 1.15e-05
 109 | 9.90e-06
[2025-11-07 21:45:58] Run completed in 17.72 minutes
[2025-11-07 21:46:04] Saved NMF result to: /zata/zippy/kresgeb/nmf_stuff/dlPFC/data/batched_nmf/nmf_k90_seed120301_tol1e-05.rds
[2025-11-07 21:46:04] Appended run metadata to summary.csv
[2025-11-07 21:46:04] --------------------------------------------
[2025-11-07 21:46:04] Starting run 40 / 150: k=100, seed=120301, tol=1e-05
[2025-11-07 21:46:04] --------------------------------------------

iter |      tol 
---------------
   1 | 9.09e-01
   2 | 1.03e-01
   3 | 3.55e-02
   4 | 1.92e-02
   5 | 1.31e-02
   6 | 9.67e-03
   7 | 7.52e-03
   8 | 6.15e-03
   9 | 5.33e-03
  10 | 4.88e-03
  11 | 4.58e-03
  12 | 4.56e-03
  13 | 4.59e-03
  14 | 4.53e-03
  15 | 4.19e-03
  16 | 3.04e-03
  17 | 2.36e-03
  18 | 2.05e-03
  19 | 1.82e-03
  20 | 1.61e-03
  21 | 1.43e-03
  22 | 1.30e-03
  23 | 1.19e-03
  24 | 1.09e-03
  25 | 1.05e-03
  26 | 1.06e-03
  27 | 1.08e-03
  28 | 1.07e-03
  29 | 1.07e-03
  30 | 1.09e-03
  31 | 1.13e-03
  32 | 1.18e-03
  33 | 1.22e-03
  34 | 1.19e-03
  35 | 9.90e-04
  36 | 8.48e-04
  37 | 7.17e-04
  38 | 5.97e-04
  39 | 5.41e-04
  40 | 5.12e-04
  41 | 4.91e-04
  42 | 4.58e-04
  43 | 4.40e-04
  44 | 4.19e-04
  45 | 3.83e-04
  46 | 3.39e-04
  47 | 2.73e-04
  48 | 2.18e-04
  49 | 1.75e-04
  50 | 1.45e-04
  51 | 1.21e-04
  52 | 1.13e-04
  53 | 1.14e-04
  54 | 1.23e-04
  55 | 1.38e-04
  56 | 1.61e-04
  57 | 1.93e-04
  58 | 2.26e-04
  59 | 2.41e-04
  60 | 2.37e-04
  61 | 2.03e-04
  62 | 1.61e-04
  63 | 1.22e-04
  64 | 9.31e-05
  65 | 6.72e-05
  66 | 5.97e-05
  67 | 5.87e-05
  68 | 5.69e-05
  69 | 5.78e-05
  70 | 5.71e-05
  71 | 5.48e-05
  72 | 5.67e-05
  73 | 5.85e-05
  74 | 6.17e-05
  75 | 6.63e-05
  76 | 6.96e-05
  77 | 6.04e-05
  78 | 5.88e-05
  79 | 6.13e-05
  80 | 6.51e-05
  81 | 6.95e-05
  82 | 7.59e-05
  83 | 8.33e-05
  84 | 9.22e-05
  85 | 1.01e-04
  86 | 1.09e-04
  87 | 1.15e-04
  88 | 1.17e-04
  89 | 1.15e-04
  90 | 1.08e-04
  91 | 1.03e-04
  92 | 9.62e-05
  93 | 8.04e-05
  94 | 6.97e-05
  95 | 6.27e-05
  96 | 5.41e-05
  97 | 4.66e-05
  98 | 4.38e-05
  99 | 4.31e-05
 100 | 4.30e-05
 101 | 4.37e-05
 102 | 3.92e-05
 103 | 3.84e-05
 104 | 4.01e-05
 105 | 4.16e-05
 106 | 4.43e-05
 107 | 4.60e-05
 108 | 5.04e-05
 109 | 5.51e-05
 110 | 5.96e-05
 111 | 6.64e-05
 112 | 7.12e-05
 113 | 7.87e-05
 114 | 8.63e-05
 115 | 9.41e-05
 116 | 1.00e-04
 117 | 1.06e-04
 118 | 9.32e-05
 119 | 7.88e-05
 120 | 6.75e-05
 121 | 5.79e-05
 122 | 4.72e-05
 123 | 3.98e-05
 124 | 3.07e-05
 125 | 2.32e-05
 126 | 2.02e-05
 127 | 1.79e-05
 128 | 1.64e-05
 129 | 1.49e-05
 130 | 1.32e-05
 131 | 1.21e-05
 132 | 1.15e-05
 133 | 1.09e-05
 134 | 1.05e-05
 135 | 1.01e-05
 136 | 9.91e-06
[2025-11-07 22:10:15] Run completed in 24.19 minutes
[2025-11-07 22:10:22] Saved NMF result to: /zata/zippy/kresgeb/nmf_stuff/dlPFC/data/batched_nmf/nmf_k100_seed120301_tol1e-05.rds
[2025-11-07 22:10:22] Appended run metadata to summary.csv
[2025-11-07 22:10:22] --------------------------------------------
[2025-11-07 22:10:22] Starting run 41 / 150: k=10, seed=2025, tol=1e-05
[2025-11-07 22:10:22] --------------------------------------------

iter |      tol 
---------------
   1 | 9.35e-01
   2 | 1.48e-01
   3 | 3.06e-02
   4 | 9.51e-03
   5 | 5.22e-03
   6 | 3.50e-03
   7 | 2.54e-03
   8 | 1.86e-03
   9 | 1.70e-03
  10 | 2.13e-03
  11 | 2.33e-03
  12 | 1.51e-03
  13 | 7.18e-04
  14 | 3.31e-04
  15 | 1.69e-04
  16 | 9.71e-05
  17 | 5.93e-05
  18 | 3.73e-05
  19 | 2.38e-05
  20 | 1.53e-05
  21 | 9.69e-06
[2025-11-07 22:12:31] Run completed in 2.16 minutes
[2025-11-07 22:12:32] Saved NMF result to: /zata/zippy/kresgeb/nmf_stuff/dlPFC/data/batched_nmf/nmf_k10_seed2025_tol1e-05.rds
[2025-11-07 22:12:32] Appended run metadata to summary.csv
[2025-11-07 22:12:32] --------------------------------------------
[2025-11-07 22:12:32] Starting run 42 / 150: k=20, seed=2025, tol=1e-05
[2025-11-07 22:12:32] --------------------------------------------

iter |      tol 
---------------
   1 | 9.23e-01
   2 | 1.21e-01
   3 | 3.51e-02
   4 | 1.72e-02
   5 | 1.20e-02
   6 | 8.74e-03
   7 | 6.17e-03
   8 | 4.62e-03
   9 | 3.79e-03
  10 | 3.40e-03
  11 | 3.01e-03
  12 | 2.32e-03
  13 | 1.61e-03
  14 | 1.10e-03
  15 | 7.86e-04
  16 | 5.83e-04
  17 | 4.45e-04
  18 | 3.55e-04
  19 | 2.95e-04
  20 | 2.56e-04
  21 | 2.29e-04
  22 | 2.09e-04
  23 | 1.94e-04
  24 | 1.81e-04
  25 | 1.70e-04
  26 | 1.62e-04
  27 | 1.56e-04
  28 | 1.55e-04
  29 | 1.56e-04
  30 | 1.60e-04
  31 | 1.65e-04
  32 | 1.70e-04
  33 | 1.76e-04
  34 | 1.80e-04
  35 | 1.83e-04
  36 | 1.82e-04
  37 | 1.78e-04
  38 | 1.69e-04
  39 | 1.58e-04
  40 | 1.44e-04
  41 | 1.31e-04
  42 | 1.17e-04
  43 | 1.05e-04
  44 | 9.39e-05
  45 | 8.43e-05
  46 | 7.62e-05
  47 | 6.95e-05
  48 | 6.38e-05
  49 | 5.87e-05
  50 | 5.42e-05
  51 | 5.02e-05
  52 | 4.67e-05
  53 | 4.35e-05
  54 | 4.06e-05
  55 | 3.81e-05
  56 | 3.60e-05
  57 | 3.40e-05
  58 | 3.22e-05
  59 | 3.03e-05
  60 | 2.85e-05
  61 | 2.69e-05
  62 | 2.55e-05
  63 | 2.41e-05
  64 | 2.28e-05
  65 | 2.16e-05
  66 | 2.03e-05
  67 | 1.92e-05
  68 | 1.81e-05
  69 | 1.70e-05
  70 | 1.60e-05
  71 | 1.50e-05
  72 | 1.41e-05
  73 | 1.33e-05
  74 | 1.26e-05
  75 | 1.19e-05
  76 | 1.13e-05
  77 | 1.07e-05
  78 | 1.02e-05
  79 | 9.87e-06
[2025-11-07 22:16:29] Run completed in 3.95 minutes
[2025-11-07 22:16:31] Saved NMF result to: /zata/zippy/kresgeb/nmf_stuff/dlPFC/data/batched_nmf/nmf_k20_seed2025_tol1e-05.rds
[2025-11-07 22:16:31] Appended run metadata to summary.csv
[2025-11-07 22:16:31] --------------------------------------------
[2025-11-07 22:16:31] Starting run 43 / 150: k=30, seed=2025, tol=1e-05
[2025-11-07 22:16:31] --------------------------------------------

iter |      tol 
---------------
   1 | 9.20e-01
   2 | 1.28e-01
   3 | 3.81e-02
   4 | 2.08e-02
   5 | 1.21e-02
   6 | 6.86e-03
   7 | 4.55e-03
   8 | 3.45e-03
   9 | 2.82e-03
  10 | 2.45e-03
  11 | 2.22e-03
  12 | 2.05e-03
  13 | 1.85e-03
  14 | 1.64e-03
  15 | 1.41e-03
  16 | 1.20e-03
  17 | 1.03e-03
  18 | 9.36e-04
  19 | 8.59e-04
  20 | 7.74e-04
  21 | 6.69e-04
  22 | 5.55e-04
  23 | 4.56e-04
  24 | 3.77e-04
  25 | 3.18e-04
  26 | 2.74e-04
  27 | 2.39e-04
  28 | 2.11e-04
  29 | 1.87e-04
  30 | 1.67e-04
  31 | 1.47e-04
  32 | 1.29e-04
  33 | 1.13e-04
  34 | 9.88e-05
  35 | 8.75e-05
  36 | 7.81e-05
  37 | 7.07e-05
  38 | 6.53e-05
  39 | 6.15e-05
  40 | 5.84e-05
  41 | 5.62e-05
  42 | 5.43e-05
  43 | 5.28e-05
  44 | 5.19e-05
  45 | 5.15e-05
  46 | 5.15e-05
  47 | 5.21e-05
  48 | 5.30e-05
  49 | 5.39e-05
  50 | 5.57e-05
  51 | 5.87e-05
  52 | 6.24e-05
  53 | 6.65e-05
  54 | 7.11e-05
  55 | 7.63e-05
  56 | 8.03e-05
  57 | 8.17e-05
  58 | 7.92e-05
  59 | 7.21e-05
  60 | 6.43e-05
  61 | 5.38e-05
  62 | 4.40e-05
  63 | 3.71e-05
  64 | 3.26e-05
  65 | 2.93e-05
  66 | 2.66e-05
  67 | 2.43e-05
  68 | 2.23e-05
  69 | 2.06e-05
  70 | 1.91e-05
  71 | 1.78e-05
  72 | 1.65e-05
  73 | 1.54e-05
  74 | 1.42e-05
  75 | 1.31e-05
  76 | 1.21e-05
  77 | 1.11e-05
  78 | 1.01e-05
  79 | 9.13e-06
[2025-11-07 22:21:21] Run completed in 4.83 minutes
[2025-11-07 22:21:23] Saved NMF result to: /zata/zippy/kresgeb/nmf_stuff/dlPFC/data/batched_nmf/nmf_k30_seed2025_tol1e-05.rds
[2025-11-07 22:21:23] Appended run metadata to summary.csv
[2025-11-07 22:21:23] --------------------------------------------
[2025-11-07 22:21:23] Starting run 44 / 150: k=40, seed=2025, tol=1e-05
[2025-11-07 22:21:23] --------------------------------------------

iter |      tol 
---------------
   1 | 9.18e-01
   2 | 1.19e-01
   3 | 3.80e-02
   4 | 1.99e-02
   5 | 1.17e-02
   6 | 7.63e-03
   7 | 5.47e-03
   8 | 4.03e-03
   9 | 2.99e-03
  10 | 2.37e-03
  11 | 1.94e-03
  12 | 1.58e-03
  13 | 1.29e-03
  14 | 1.08e-03
  15 | 9.66e-04
  16 | 9.23e-04
  17 | 8.83e-04
  18 | 7.98e-04
  19 | 6.94e-04
  20 | 5.99e-04
  21 | 5.13e-04
  22 | 4.38e-04
  23 | 3.76e-04
  24 | 3.26e-04
  25 | 2.88e-04
  26 | 2.60e-04
  27 | 2.39e-04
  28 | 2.28e-04
  29 | 2.25e-04
  30 | 2.27e-04
  31 | 2.31e-04
  32 | 2.35e-04
  33 | 2.37e-04
  34 | 2.34e-04
  35 | 2.25e-04
  36 | 2.09e-04
  37 | 1.88e-04
  38 | 1.64e-04
  39 | 1.42e-04
  40 | 1.23e-04
  41 | 1.08e-04
  42 | 9.64e-05
  43 | 8.62e-05
  44 | 7.78e-05
  45 | 7.15e-05
  46 | 6.72e-05
  47 | 6.45e-05
  48 | 6.28e-05
  49 | 6.16e-05
  50 | 6.01e-05
  51 | 5.79e-05
  52 | 5.54e-05
  53 | 5.28e-05
  54 | 5.06e-05
  55 | 4.87e-05
  56 | 4.86e-05
  57 | 5.01e-05
  58 | 5.35e-05
  59 | 5.87e-05
  60 | 6.58e-05
  61 | 7.35e-05
  62 | 7.94e-05
  63 | 7.95e-05
  64 | 7.36e-05
  65 | 6.35e-05
  66 | 5.21e-05
  67 | 4.11e-05
  68 | 3.18e-05
  69 | 2.43e-05
  70 | 1.86e-05
  71 | 1.44e-05
  72 | 1.12e-05
  73 | 9.01e-06
[2025-11-07 22:27:05] Run completed in 5.70 minutes
[2025-11-07 22:27:08] Saved NMF result to: /zata/zippy/kresgeb/nmf_stuff/dlPFC/data/batched_nmf/nmf_k40_seed2025_tol1e-05.rds
[2025-11-07 22:27:08] Appended run metadata to summary.csv
[2025-11-07 22:27:08] --------------------------------------------
[2025-11-07 22:27:08] Starting run 45 / 150: k=50, seed=2025, tol=1e-05
[2025-11-07 22:27:08] --------------------------------------------

iter |      tol 
---------------
   1 | 9.18e-01
   2 | 1.11e-01
   3 | 3.54e-02
   4 | 1.72e-02
   5 | 1.04e-02
   6 | 7.38e-03
   7 | 5.62e-03
   8 | 4.62e-03
   9 | 4.05e-03
  10 | 3.52e-03
  11 | 3.03e-03
  12 | 2.51e-03
  13 | 2.06e-03
  14 | 1.71e-03
  15 | 1.47e-03
  16 | 1.26e-03
  17 | 1.05e-03
  18 | 8.70e-04
  19 | 7.38e-04
  20 | 6.50e-04
  21 | 6.02e-04
  22 | 5.64e-04
  23 | 5.35e-04
  24 | 4.96e-04
  25 | 4.63e-04
  26 | 4.33e-04
  27 | 4.06e-04
  28 | 3.78e-04
  29 | 3.48e-04
  30 | 3.21e-04
  31 | 2.98e-04
  32 | 2.75e-04
  33 | 2.55e-04
  34 | 2.36e-04
  35 | 2.16e-04
  36 | 1.97e-04
  37 | 1.81e-04
  38 | 1.69e-04
  39 | 1.61e-04
  40 | 1.56e-04
  41 | 1.55e-04
  42 | 1.56e-04
  43 | 1.58e-04
  44 | 1.64e-04
  45 | 1.74e-04
  46 | 1.87e-04
  47 | 2.02e-04
  48 | 2.19e-04
  49 | 2.35e-04
  50 | 2.51e-04
  51 | 2.65e-04
  52 | 2.76e-04
  53 | 2.80e-04
  54 | 2.77e-04
  55 | 2.67e-04
  56 | 2.51e-04
  57 | 2.30e-04
  58 | 2.06e-04
  59 | 1.84e-04
  60 | 1.61e-04
  61 | 1.39e-04
  62 | 1.22e-04
  63 | 1.08e-04
  64 | 9.59e-05
  65 | 8.59e-05
  66 | 7.63e-05
  67 | 6.84e-05
  68 | 6.17e-05
  69 | 5.63e-05
  70 | 5.18e-05
  71 | 4.71e-05
  72 | 4.26e-05
  73 | 3.85e-05
  74 | 3.46e-05
  75 | 3.14e-05
  76 | 2.84e-05
  77 | 2.59e-05
  78 | 2.30e-05
  79 | 2.05e-05
  80 | 1.83e-05
  81 | 1.64e-05
  82 | 1.47e-05
  83 | 1.34e-05
  84 | 1.22e-05
  85 | 1.14e-05
  86 | 1.07e-05
  87 | 1.02e-05
  88 | 9.85e-06
[2025-11-07 22:35:29] Run completed in 8.35 minutes
[2025-11-07 22:35:33] Saved NMF result to: /zata/zippy/kresgeb/nmf_stuff/dlPFC/data/batched_nmf/nmf_k50_seed2025_tol1e-05.rds
[2025-11-07 22:35:33] Appended run metadata to summary.csv
[2025-11-07 22:35:33] --------------------------------------------
[2025-11-07 22:35:33] Starting run 46 / 150: k=60, seed=2025, tol=1e-05
[2025-11-07 22:35:33] --------------------------------------------

iter |      tol 
---------------
   1 | 9.21e-01
   2 | 1.12e-01
   3 | 3.58e-02
   4 | 1.87e-02
   5 | 1.16e-02
   6 | 8.30e-03
   7 | 6.45e-03
   8 | 5.26e-03
   9 | 4.42e-03
  10 | 3.85e-03
  11 | 3.41e-03
  12 | 3.04e-03
  13 | 2.66e-03
  14 | 2.25e-03
  15 | 1.87e-03
  16 | 1.55e-03
  17 | 1.32e-03
  18 | 1.17e-03
  19 | 1.06e-03
  20 | 9.79e-04
  21 | 9.25e-04
  22 | 8.89e-04
  23 | 8.56e-04
  24 | 8.41e-04
  25 | 8.37e-04
  26 | 8.25e-04
  27 | 7.62e-04
  28 | 7.08e-04
  29 | 6.51e-04
  30 | 5.83e-04
  31 | 5.05e-04
  32 | 4.35e-04
  33 | 3.78e-04
  34 | 3.32e-04
  35 | 2.95e-04
  36 | 2.63e-04
  37 | 2.38e-04
  38 | 2.16e-04
  39 | 1.99e-04
  40 | 1.85e-04
  41 | 1.72e-04
  42 | 1.59e-04
  43 | 1.50e-04
  44 | 1.42e-04
  45 | 1.34e-04
  46 | 1.27e-04
  47 | 1.21e-04
  48 | 1.15e-04
  49 | 1.10e-04
  50 | 1.05e-04
  51 | 1.03e-04
  52 | 1.02e-04
  53 | 1.01e-04
  54 | 1.02e-04
  55 | 1.02e-04
  56 | 1.02e-04
  57 | 1.02e-04
  58 | 1.02e-04
  59 | 1.03e-04
  60 | 1.06e-04
  61 | 1.09e-04
  62 | 1.14e-04
  63 | 1.19e-04
  64 | 1.20e-04
  65 | 1.15e-04
  66 | 1.04e-04
  67 | 9.10e-05
  68 | 7.55e-05
  69 | 6.10e-05
  70 | 4.90e-05
  71 | 3.92e-05
  72 | 3.19e-05
  73 | 2.72e-05
  74 | 2.36e-05
  75 | 2.08e-05
  76 | 1.85e-05
  77 | 1.66e-05
  78 | 1.53e-05
  79 | 1.43e-05
  80 | 1.35e-05
  81 | 1.29e-05
  82 | 1.13e-05
  83 | 1.05e-05
  84 | 9.94e-06
[2025-11-07 22:44:41] Run completed in 9.14 minutes
[2025-11-07 22:44:45] Saved NMF result to: /zata/zippy/kresgeb/nmf_stuff/dlPFC/data/batched_nmf/nmf_k60_seed2025_tol1e-05.rds
[2025-11-07 22:44:45] Appended run metadata to summary.csv
[2025-11-07 22:44:45] --------------------------------------------
[2025-11-07 22:44:45] Starting run 47 / 150: k=70, seed=2025, tol=1e-05
[2025-11-07 22:44:45] --------------------------------------------

iter |      tol 
---------------
   1 | 9.14e-01
   2 | 1.02e-01
   3 | 3.32e-02
   4 | 1.72e-02
   5 | 1.08e-02
   6 | 7.64e-03
   7 | 5.93e-03
   8 | 4.80e-03
   9 | 4.08e-03
  10 | 3.56e-03
  11 | 3.16e-03
  12 | 2.81e-03
  13 | 2.55e-03
  14 | 2.32e-03
  15 | 2.14e-03
  16 | 2.03e-03
  17 | 1.95e-03
  18 | 1.79e-03
  19 | 1.57e-03
  20 | 1.33e-03
  21 | 1.11e-03
  22 | 9.42e-04
  23 | 8.00e-04
  24 | 6.97e-04
  25 | 6.22e-04
  26 | 5.67e-04
  27 | 5.31e-04
  28 | 5.07e-04
  29 | 4.90e-04
  30 | 4.72e-04
  31 | 4.45e-04
  32 | 4.10e-04
  33 | 3.69e-04
  34 | 3.22e-04
  35 | 2.74e-04
  36 | 2.27e-04
  37 | 1.97e-04
  38 | 1.73e-04
  39 | 1.56e-04
  40 | 1.48e-04
  41 | 1.42e-04
  42 | 1.41e-04
  43 | 1.43e-04
  44 | 1.48e-04
  45 | 1.53e-04
  46 | 1.62e-04
  47 | 1.61e-04
  48 | 1.60e-04
  49 | 1.58e-04
  50 | 1.58e-04
  51 | 1.52e-04
  52 | 1.39e-04
  53 | 1.29e-04
  54 | 1.21e-04
  55 | 1.08e-04
  56 | 9.52e-05
  57 | 8.53e-05
  58 | 7.81e-05
  59 | 7.01e-05
  60 | 6.57e-05
  61 | 6.30e-05
  62 | 6.25e-05
  63 | 6.35e-05
  64 | 6.52e-05
  65 | 6.67e-05
  66 | 7.32e-05
  67 | 8.26e-05
  68 | 9.40e-05
  69 | 1.08e-04
  70 | 1.13e-04
  71 | 1.27e-04
  72 | 1.43e-04
  73 | 1.58e-04
  74 | 1.73e-04
  75 | 1.87e-04
  76 | 1.90e-04
  77 | 1.82e-04
  78 | 1.82e-04
  79 | 1.81e-04
  80 | 1.75e-04
  81 | 1.69e-04
  82 | 1.56e-04
  83 | 1.41e-04
  84 | 1.30e-04
  85 | 1.21e-04
  86 | 1.11e-04
  87 | 9.79e-05
  88 | 8.77e-05
  89 | 7.78e-05
  90 | 6.83e-05
  91 | 5.97e-05
  92 | 5.20e-05
  93 | 4.19e-05
  94 | 3.49e-05
  95 | 2.96e-05
  96 | 2.45e-05
  97 | 1.99e-05
  98 | 1.65e-05
  99 | 1.38e-05
 100 | 1.14e-05
 101 | 9.64e-06
[2025-11-07 22:56:54] Run completed in 12.14 minutes
[2025-11-07 22:56:58] Saved NMF result to: /zata/zippy/kresgeb/nmf_stuff/dlPFC/data/batched_nmf/nmf_k70_seed2025_tol1e-05.rds
[2025-11-07 22:56:58] Appended run metadata to summary.csv
[2025-11-07 22:56:58] --------------------------------------------
[2025-11-07 22:56:58] Starting run 48 / 150: k=80, seed=2025, tol=1e-05
[2025-11-07 22:56:58] --------------------------------------------

iter |      tol 
---------------
   1 | 9.13e-01
   2 | 1.07e-01
   3 | 3.72e-02
   4 | 1.92e-02
   5 | 1.22e-02
   6 | 8.67e-03
   7 | 6.91e-03
   8 | 5.86e-03
   9 | 4.95e-03
  10 | 4.19e-03
  11 | 3.49e-03
  12 | 2.99e-03
  13 | 2.59e-03
  14 | 2.33e-03
  15 | 2.10e-03
  16 | 1.85e-03
  17 | 1.68e-03
  18 | 1.59e-03
  19 | 1.53e-03
  20 | 1.46e-03
  21 | 1.37e-03
  22 | 1.25e-03
  23 | 1.12e-03
  24 | 1.00e-03
  25 | 8.91e-04
  26 | 7.92e-04
  27 | 7.12e-04
  28 | 6.36e-04
  29 | 5.73e-04
  30 | 5.34e-04
  31 | 4.91e-04
  32 | 5.09e-04
  33 | 5.62e-04
  34 | 6.21e-04
  35 | 5.98e-04
  36 | 5.43e-04
  37 | 5.08e-04
  38 | 4.55e-04
  39 | 4.21e-04
  40 | 3.90e-04
  41 | 3.71e-04
  42 | 3.60e-04
  43 | 3.53e-04
  44 | 3.53e-04
  45 | 3.65e-04
  46 | 3.60e-04
  47 | 3.65e-04
  48 | 3.62e-04
  49 | 3.46e-04
  50 | 3.14e-04
  51 | 2.63e-04
  52 | 2.04e-04
  53 | 1.60e-04
  54 | 1.23e-04
  55 | 9.22e-05
  56 | 6.87e-05
  57 | 5.28e-05
  58 | 4.21e-05
  59 | 3.48e-05
  60 | 2.99e-05
  61 | 2.65e-05
  62 | 2.31e-05
  63 | 2.09e-05
  64 | 1.95e-05
  65 | 1.85e-05
  66 | 1.72e-05
  67 | 1.66e-05
  68 | 1.62e-05
  69 | 1.59e-05
  70 | 1.58e-05
  71 | 1.58e-05
  72 | 1.60e-05
  73 | 1.64e-05
  74 | 1.72e-05
  75 | 1.81e-05
  76 | 1.92e-05
  77 | 2.05e-05
  78 | 2.23e-05
  79 | 2.42e-05
  80 | 2.63e-05
  81 | 2.89e-05
  82 | 3.19e-05
  83 | 3.45e-05
  84 | 3.66e-05
  85 | 3.90e-05
  86 | 4.04e-05
  87 | 4.26e-05
  88 | 4.46e-05
  89 | 4.62e-05
  90 | 4.80e-05
  91 | 4.90e-05
  92 | 4.87e-05
  93 | 4.89e-05
  94 | 4.87e-05
  95 | 4.79e-05
  96 | 4.72e-05
  97 | 4.73e-05
  98 | 4.72e-05
  99 | 4.54e-05
 100 | 4.44e-05
 101 | 4.29e-05
 102 | 4.07e-05
 103 | 3.81e-05
 104 | 3.15e-05
 105 | 2.41e-05
 106 | 2.13e-05
 107 | 1.93e-05
 108 | 1.74e-05
 109 | 1.57e-05
 110 | 1.45e-05
 111 | 1.33e-05
 112 | 1.19e-05
 113 | 1.09e-05
 114 | 9.82e-06
[2025-11-07 23:13:12] Run completed in 16.23 minutes
[2025-11-07 23:13:18] Saved NMF result to: /zata/zippy/kresgeb/nmf_stuff/dlPFC/data/batched_nmf/nmf_k80_seed2025_tol1e-05.rds
[2025-11-07 23:13:18] Appended run metadata to summary.csv
[2025-11-07 23:13:18] --------------------------------------------
[2025-11-07 23:13:18] Starting run 49 / 150: k=90, seed=2025, tol=1e-05
[2025-11-07 23:13:18] --------------------------------------------

iter |      tol 
---------------
   1 | 9.12e-01
   2 | 1.02e-01
   3 | 3.82e-02
   4 | 2.04e-02
   5 | 1.27e-02
   6 | 8.87e-03
   7 | 6.79e-03
   8 | 5.41e-03
   9 | 4.51e-03
  10 | 3.95e-03
  11 | 3.53e-03
  12 | 3.19e-03
  13 | 2.88e-03
  14 | 2.50e-03
  15 | 2.09e-03
  16 | 1.83e-03
  17 | 1.64e-03
  18 | 1.48e-03
  19 | 1.39e-03
  20 | 1.33e-03
  21 | 1.28e-03
  22 | 1.19e-03
  23 | 1.05e-03
  24 | 9.11e-04
  25 | 7.96e-04
  26 | 6.87e-04
  27 | 6.14e-04
  28 | 5.65e-04
  29 | 5.21e-04
  30 | 4.82e-04
  31 | 4.43e-04
  32 | 4.28e-04
  33 | 4.18e-04
  34 | 4.07e-04
  35 | 3.99e-04
  36 | 3.86e-04
  37 | 3.61e-04
  38 | 3.50e-04
  39 | 3.34e-04
  40 | 3.12e-04
  41 | 2.87e-04
  42 | 2.62e-04
  43 | 2.37e-04
  44 | 2.01e-04
  45 | 1.77e-04
  46 | 1.58e-04
  47 | 1.47e-04
  48 | 1.39e-04
  49 | 1.36e-04
  50 | 1.35e-04
  51 | 1.42e-04
  52 | 1.53e-04
  53 | 1.63e-04
  54 | 1.77e-04
  55 | 1.97e-04
  56 | 2.15e-04
  57 | 2.22e-04
  58 | 2.34e-04
  59 | 2.49e-04
  60 | 2.40e-04
  61 | 2.33e-04
  62 | 2.26e-04
  63 | 2.22e-04
  64 | 2.19e-04
  65 | 2.19e-04
  66 | 2.16e-04
  67 | 2.19e-04
  68 | 2.21e-04
  69 | 2.36e-04
  70 | 2.55e-04
  71 | 2.80e-04
  72 | 3.01e-04
  73 | 3.18e-04
  74 | 2.86e-04
  75 | 2.69e-04
  76 | 2.43e-04
  77 | 2.06e-04
  78 | 1.71e-04
  79 | 1.31e-04
  80 | 8.82e-05
  81 | 6.38e-05
  82 | 5.17e-05
  83 | 4.40e-05
  84 | 3.94e-05
  85 | 3.53e-05
  86 | 3.15e-05
  87 | 2.84e-05
  88 | 2.62e-05
  89 | 2.43e-05
  90 | 2.20e-05
  91 | 1.95e-05
  92 | 1.72e-05
  93 | 1.55e-05
  94 | 1.42e-05
  95 | 1.32e-05
  96 | 1.23e-05
  97 | 1.12e-05
  98 | 1.05e-05
  99 | 9.91e-06
[2025-11-07 23:29:31] Run completed in 16.23 minutes
[2025-11-07 23:29:37] Saved NMF result to: /zata/zippy/kresgeb/nmf_stuff/dlPFC/data/batched_nmf/nmf_k90_seed2025_tol1e-05.rds
[2025-11-07 23:29:37] Appended run metadata to summary.csv
[2025-11-07 23:29:37] --------------------------------------------
[2025-11-07 23:29:37] Starting run 50 / 150: k=100, seed=2025, tol=1e-05
[2025-11-07 23:29:37] --------------------------------------------

iter |      tol 
---------------
   1 | 9.10e-01
   2 | 1.05e-01
   3 | 3.80e-02
   4 | 1.99e-02
   5 | 1.28e-02
   6 | 9.31e-03
   7 | 7.12e-03
   8 | 5.56e-03
   9 | 4.56e-03
  10 | 3.83e-03
  11 | 3.33e-03
  12 | 2.99e-03
  13 | 2.74e-03
  14 | 2.53e-03
  15 | 2.37e-03
  16 | 2.35e-03
  17 | 2.40e-03
  18 | 2.51e-03
  19 | 2.79e-03
  20 | 2.87e-03
  21 | 2.68e-03
  22 | 2.23e-03
  23 | 1.88e-03
  24 | 1.72e-03
  25 | 1.66e-03
  26 | 1.57e-03
  27 | 1.39e-03
  28 | 1.20e-03
  29 | 1.01e-03
  30 | 8.56e-04
  31 | 7.89e-04
  32 | 7.43e-04
  33 | 7.30e-04
  34 | 7.26e-04
  35 | 7.33e-04
  36 | 7.03e-04
  37 | 6.33e-04
  38 | 5.48e-04
  39 | 4.78e-04
  40 | 4.01e-04
  41 | 3.60e-04
  42 | 3.30e-04
  43 | 3.08e-04
  44 | 2.83e-04
  45 | 2.63e-04
  46 | 2.46e-04
  47 | 2.28e-04
  48 | 2.13e-04
  49 | 2.06e-04
  50 | 2.01e-04
  51 | 1.96e-04
  52 | 1.99e-04
  53 | 2.05e-04
  54 | 2.14e-04
  55 | 2.21e-04
  56 | 2.19e-04
  57 | 2.18e-04
  58 | 2.16e-04
  59 | 2.17e-04
  60 | 2.13e-04
  61 | 1.96e-04
  62 | 1.80e-04
  63 | 1.61e-04
  64 | 1.29e-04
  65 | 9.89e-05
  66 | 8.10e-05
  67 | 6.71e-05
  68 | 5.81e-05
  69 | 5.38e-05
  70 | 5.38e-05
  71 | 5.47e-05
  72 | 5.65e-05
  73 | 5.90e-05
  74 | 6.19e-05
  75 | 6.35e-05
  76 | 6.58e-05
  77 | 6.74e-05
  78 | 6.75e-05
  79 | 6.62e-05
  80 | 6.22e-05
  81 | 5.78e-05
  82 | 5.35e-05
  83 | 3.89e-05
  84 | 3.25e-05
  85 | 2.78e-05
  86 | 2.46e-05
  87 | 2.18e-05
  88 | 1.92e-05
  89 | 1.78e-05
  90 | 1.69e-05
  91 | 1.62e-05
  92 | 1.58e-05
  93 | 1.56e-05
  94 | 1.54e-05
  95 | 1.56e-05
  96 | 1.59e-05
  97 | 1.62e-05
  98 | 1.62e-05
  99 | 1.66e-05
 100 | 1.72e-05
 101 | 1.77e-05
 102 | 1.84e-05
 103 | 1.89e-05
 104 | 1.97e-05
 105 | 2.06e-05
 106 | 2.02e-05
 107 | 2.07e-05
 108 | 2.11e-05
 109 | 2.12e-05
 110 | 2.10e-05
 111 | 2.14e-05
 112 | 2.20e-05
 113 | 2.25e-05
 114 | 2.38e-05
 115 | 2.51e-05
 116 | 2.58e-05
 117 | 2.34e-05
 118 | 2.40e-05
 119 | 2.35e-05
 120 | 2.41e-05
 121 | 2.44e-05
 122 | 2.55e-05
 123 | 2.68e-05
 124 | 2.84e-05
 125 | 3.00e-05
 126 | 3.19e-05
 127 | 3.39e-05
 128 | 3.47e-05
 129 | 3.54e-05
 130 | 3.64e-05
 131 | 3.77e-05
 132 | 3.71e-05
 133 | 3.59e-05
 134 | 3.48e-05
 135 | 3.39e-05
 136 | 3.37e-05
 137 | 3.15e-05
 138 | 3.12e-05
 139 | 3.11e-05
 140 | 3.07e-05
 141 | 3.00e-05
 142 | 3.02e-05
 143 | 3.12e-05
 144 | 3.21e-05
 145 | 3.37e-05
 146 | 3.57e-05
 147 | 3.77e-05
 148 | 3.92e-05
 149 | 4.10e-05
 150 | 4.32e-05
 151 | 4.12e-05
 152 | 3.83e-05
 153 | 3.70e-05
 154 | 3.48e-05
 155 | 3.24e-05
 156 | 2.61e-05
 157 | 2.20e-05
 158 | 1.88e-05
 159 | 1.63e-05
 160 | 1.43e-05
 161 | 1.25e-05
 162 | 1.09e-05
 163 | 9.66e-06
[2025-11-07 23:58:43] Run completed in 29.10 minutes
[2025-11-07 23:58:50] Saved NMF result to: /zata/zippy/kresgeb/nmf_stuff/dlPFC/data/batched_nmf/nmf_k100_seed2025_tol1e-05.rds
[2025-11-07 23:58:50] Appended run metadata to summary.csv
[2025-11-07 23:58:50] --------------------------------------------
[2025-11-07 23:58:50] Starting run 51 / 150: k=10, seed=42, tol=1e-06
[2025-11-07 23:58:50] --------------------------------------------

iter |      tol 
---------------
   1 | 9.34e-01
   2 | 1.30e-01
   3 | 2.15e-02
   4 | 1.12e-02
   5 | 7.08e-03
   6 | 4.43e-03
   7 | 2.92e-03
   8 | 2.05e-03
   9 | 1.63e-03
  10 | 1.53e-03
  11 | 1.62e-03
  12 | 1.55e-03
  13 | 1.26e-03
  14 | 1.06e-03
  15 | 9.58e-04
  16 | 8.54e-04
  17 | 7.80e-04
  18 | 7.84e-04
  19 | 8.54e-04
  20 | 8.98e-04
  21 | 7.90e-04
  22 | 6.00e-04
  23 | 4.50e-04
  24 | 3.45e-04
  25 | 2.57e-04
  26 | 1.83e-04
  27 | 1.25e-04
  28 | 8.55e-05
  29 | 5.90e-05
  30 | 4.08e-05
  31 | 2.80e-05
  32 | 1.92e-05
  33 | 1.32e-05
  34 | 9.04e-06
  35 | 6.18e-06
  36 | 4.21e-06
  37 | 2.87e-06
  38 | 1.99e-06
  39 | 1.42e-06
  40 | 1.04e-06
  41 | 7.93e-07
[2025-11-08 00:01:21] Run completed in 2.51 minutes
[2025-11-08 00:01:22] Saved NMF result to: /zata/zippy/kresgeb/nmf_stuff/dlPFC/data/batched_nmf/nmf_k10_seed42_tol1e-06.rds
[2025-11-08 00:01:22] Appended run metadata to summary.csv
[2025-11-08 00:01:22] --------------------------------------------
[2025-11-08 00:01:22] Starting run 52 / 150: k=20, seed=42, tol=1e-06
[2025-11-08 00:01:22] --------------------------------------------

iter |      tol 
---------------
   1 | 9.25e-01
   2 | 1.31e-01
   3 | 3.14e-02
   4 | 1.56e-02
   5 | 1.04e-02
   6 | 7.39e-03
   7 | 5.27e-03
   8 | 3.49e-03
   9 | 2.37e-03
  10 | 1.77e-03
  11 | 1.52e-03
  12 | 1.49e-03
  13 | 1.58e-03
  14 | 1.52e-03
  15 | 1.24e-03
  16 | 9.05e-04
  17 | 6.76e-04
  18 | 5.40e-04
  19 | 4.57e-04
  20 | 4.02e-04
  21 | 3.59e-04
  22 | 3.21e-04
  23 | 2.91e-04
  24 | 2.68e-04
  25 | 2.50e-04
  26 | 2.36e-04
  27 | 2.25e-04
  28 | 2.16e-04
  29 | 2.09e-04
  30 | 1.97e-04
  31 | 1.79e-04
  32 | 1.56e-04
  33 | 1.34e-04
  34 | 1.15e-04
  35 | 9.76e-05
  36 | 8.38e-05
  37 | 7.31e-05
  38 | 6.47e-05
  39 | 5.78e-05
  40 | 5.18e-05
  41 | 4.65e-05
  42 | 4.15e-05
  43 | 3.69e-05
  44 | 3.26e-05
  45 | 2.86e-05
  46 | 2.50e-05
  47 | 2.18e-05
  48 | 1.90e-05
  49 | 1.64e-05
  50 | 1.42e-05
  51 | 1.22e-05
  52 | 1.05e-05
  53 | 9.13e-06
  54 | 7.98e-06
  55 | 7.06e-06
  56 | 6.34e-06
  57 | 5.75e-06
  58 | 5.30e-06
  59 | 4.94e-06
  60 | 4.66e-06
  61 | 4.43e-06
  62 | 4.25e-06
  63 | 4.13e-06
  64 | 4.05e-06
  65 | 4.01e-06
  66 | 3.99e-06
  67 | 3.97e-06
  68 | 3.97e-06
  69 | 3.96e-06
  70 | 3.96e-06
  71 | 3.96e-06
  72 | 3.95e-06
  73 | 3.92e-06
  74 | 3.88e-06
  75 | 3.83e-06
  76 | 3.79e-06
  77 | 3.75e-06
  78 | 3.70e-06
  79 | 3.64e-06
  80 | 3.58e-06
  81 | 3.50e-06
  82 | 3.42e-06
  83 | 3.33e-06
  84 | 3.24e-06
  85 | 3.15e-06
  86 | 3.05e-06
  87 | 2.94e-06
  88 | 2.84e-06
  89 | 2.73e-06
  90 | 2.62e-06
  91 | 2.51e-06
  92 | 2.41e-06
  93 | 2.30e-06
  94 | 2.20e-06
  95 | 2.09e-06
  96 | 1.99e-06
  97 | 1.90e-06
  98 | 1.80e-06
  99 | 1.72e-06
 100 | 1.64e-06
 101 | 1.55e-06
 102 | 1.47e-06
 103 | 1.40e-06
 104 | 1.32e-06
 105 | 1.25e-06
 106 | 1.18e-06
 107 | 1.12e-06
 108 | 1.06e-06
 109 | 9.99e-07
[2025-11-08 00:06:01] Run completed in 4.65 minutes
[2025-11-08 00:06:02] Saved NMF result to: /zata/zippy/kresgeb/nmf_stuff/dlPFC/data/batched_nmf/nmf_k20_seed42_tol1e-06.rds
[2025-11-08 00:06:02] Appended run metadata to summary.csv
[2025-11-08 00:06:02] --------------------------------------------
[2025-11-08 00:06:02] Starting run 53 / 150: k=30, seed=42, tol=1e-06
[2025-11-08 00:06:02] --------------------------------------------

iter |      tol 
---------------
   1 | 9.20e-01
   2 | 1.23e-01
   3 | 3.08e-02
   4 | 1.54e-02
   5 | 9.15e-03
   6 | 5.46e-03
   7 | 3.69e-03
   8 | 2.84e-03
   9 | 2.39e-03
  10 | 2.13e-03
  11 | 1.95e-03
  12 | 1.77e-03
  13 | 1.59e-03
  14 | 1.41e-03
  15 | 1.24e-03
  16 | 1.04e-03
  17 | 8.45e-04
  18 | 6.85e-04
  19 | 5.66e-04
  20 | 4.69e-04
  21 | 3.93e-04
  22 | 3.36e-04
  23 | 2.95e-04
  24 | 2.68e-04
  25 | 2.51e-04
  26 | 2.43e-04
  27 | 2.39e-04
  28 | 2.39e-04
  29 | 2.40e-04
  30 | 2.37e-04
  31 | 2.28e-04
  32 | 2.15e-04
  33 | 1.99e-04
  34 | 1.78e-04
  35 | 1.58e-04
  36 | 1.38e-04
  37 | 1.21e-04
  38 | 1.06e-04
  39 | 9.36e-05
  40 | 8.29e-05
  41 | 7.38e-05
  42 | 6.56e-05
  43 | 5.88e-05
  44 | 5.34e-05
  45 | 4.92e-05
  46 | 4.61e-05
  47 | 4.37e-05
  48 | 4.22e-05
  49 | 4.12e-05
  50 | 4.05e-05
  51 | 4.05e-05
  52 | 4.07e-05
  53 | 4.12e-05
  54 | 4.19e-05
  55 | 4.27e-05
  56 | 4.32e-05
  57 | 4.38e-05
  58 | 4.50e-05
  59 | 4.66e-05
  60 | 4.79e-05
  61 | 4.85e-05
  62 | 4.84e-05
  63 | 4.80e-05
  64 | 4.69e-05
  65 | 4.56e-05
  66 | 4.40e-05
  67 | 4.25e-05
  68 | 4.10e-05
  69 | 3.97e-05
  70 | 3.87e-05
  71 | 3.77e-05
  72 | 3.71e-05
  73 | 3.67e-05
  74 | 3.66e-05
  75 | 3.67e-05
  76 | 3.69e-05
  77 | 3.73e-05
  78 | 3.77e-05
  79 | 3.84e-05
  80 | 3.93e-05
  81 | 4.00e-05
  82 | 4.10e-05
  83 | 4.22e-05
  84 | 4.35e-05
  85 | 4.48e-05
  86 | 4.60e-05
  87 | 4.73e-05
  88 | 4.80e-05
  89 | 4.87e-05
  90 | 4.94e-05
  91 | 5.03e-05
  92 | 5.09e-05
  93 | 5.11e-05
  94 | 5.12e-05
  95 | 5.10e-05
  96 | 4.99e-05
  97 | 4.82e-05
  98 | 4.58e-05
  99 | 4.28e-05
 100 | 3.95e-05
 101 | 3.63e-05
 102 | 3.30e-05
 103 | 3.00e-05
 104 | 2.76e-05
 105 | 2.55e-05
 106 | 2.37e-05
 107 | 2.23e-05
 108 | 2.12e-05
 109 | 2.05e-05
 110 | 2.00e-05
 111 | 1.99e-05
 112 | 2.01e-05
 113 | 2.05e-05
 114 | 2.10e-05
 115 | 2.17e-05
 116 | 2.24e-05
 117 | 2.29e-05
 118 | 2.30e-05
 119 | 2.29e-05
 120 | 2.23e-05
 121 | 2.12e-05
 122 | 1.96e-05
 123 | 1.76e-05
 124 | 1.54e-05
 125 | 1.32e-05
 126 | 1.10e-05
 127 | 9.08e-06
 128 | 7.39e-06
 129 | 5.96e-06
 130 | 4.79e-06
 131 | 3.83e-06
 132 | 3.07e-06
 133 | 2.48e-06
 134 | 2.02e-06
 135 | 1.66e-06
 136 | 1.38e-06
 137 | 1.16e-06
 138 | 9.92e-07
[2025-11-08 00:13:06] Run completed in 7.07 minutes
[2025-11-08 00:13:09] Saved NMF result to: /zata/zippy/kresgeb/nmf_stuff/dlPFC/data/batched_nmf/nmf_k30_seed42_tol1e-06.rds
[2025-11-08 00:13:09] Appended run metadata to summary.csv
[2025-11-08 00:13:09] --------------------------------------------
[2025-11-08 00:13:09] Starting run 54 / 150: k=40, seed=42, tol=1e-06
[2025-11-08 00:13:09] --------------------------------------------

iter |      tol 
---------------
   1 | 9.21e-01
   2 | 1.16e-01
   3 | 4.04e-02
   4 | 1.91e-02
   5 | 1.05e-02
   6 | 7.18e-03
   7 | 5.47e-03
   8 | 4.42e-03
   9 | 3.74e-03
  10 | 3.27e-03
  11 | 2.84e-03
  12 | 2.44e-03
  13 | 2.04e-03
  14 | 1.69e-03
  15 | 1.38e-03
  16 | 1.15e-03
  17 | 9.75e-04
  18 | 8.56e-04
  19 | 7.80e-04
  20 | 7.20e-04
  21 | 6.67e-04
  22 | 6.05e-04
  23 | 5.20e-04
  24 | 4.25e-04
  25 | 3.43e-04
  26 | 2.72e-04
  27 | 2.26e-04
  28 | 1.94e-04
  29 | 1.74e-04
  30 | 1.63e-04
  31 | 1.59e-04
  32 | 1.61e-04
  33 | 1.68e-04
  34 | 1.75e-04
  35 | 1.79e-04
  36 | 1.81e-04
  37 | 1.78e-04
  38 | 1.70e-04
  39 | 1.61e-04
  40 | 1.51e-04
  41 | 1.36e-04
  42 | 1.18e-04
  43 | 9.81e-05
  44 | 7.74e-05
  45 | 6.19e-05
  46 | 5.06e-05
  47 | 4.24e-05
  48 | 3.65e-05
  49 | 3.18e-05
  50 | 2.83e-05
  51 | 2.56e-05
  52 | 2.37e-05
  53 | 2.21e-05
  54 | 2.10e-05
  55 | 2.01e-05
  56 | 1.91e-05
  57 | 1.83e-05
  58 | 1.73e-05
  59 | 1.66e-05
  60 | 1.61e-05
  61 | 1.55e-05
  62 | 1.49e-05
  63 | 1.42e-05
  64 | 1.34e-05
  65 | 1.28e-05
  66 | 1.22e-05
  67 | 1.16e-05
  68 | 1.10e-05
  69 | 1.03e-05
  70 | 9.71e-06
  71 | 9.05e-06
  72 | 8.44e-06
  73 | 7.88e-06
  74 | 7.32e-06
  75 | 6.77e-06
  76 | 6.28e-06
  77 | 5.84e-06
  78 | 5.46e-06
  79 | 5.11e-06
  80 | 4.77e-06
  81 | 4.48e-06
  82 | 4.20e-06
  83 | 3.96e-06
  84 | 3.74e-06
  85 | 3.55e-06
  86 | 3.38e-06
  87 | 3.22e-06
  88 | 3.05e-06
  89 | 2.91e-06
  90 | 2.82e-06
  91 | 2.73e-06
  92 | 2.65e-06
  93 | 2.57e-06
  94 | 2.50e-06
  95 | 2.42e-06
  96 | 2.35e-06
  97 | 2.28e-06
  98 | 2.21e-06
  99 | 2.15e-06
 100 | 2.09e-06
 101 | 2.01e-06
 102 | 1.94e-06
 103 | 1.88e-06
 104 | 1.82e-06
 105 | 1.76e-06
 106 | 1.70e-06
 107 | 1.65e-06
 108 | 1.60e-06
 109 | 1.55e-06
 110 | 1.51e-06
 111 | 1.47e-06
 112 | 1.42e-06
 113 | 1.38e-06
 114 | 1.34e-06
 115 | 1.30e-06
 116 | 1.27e-06
 117 | 1.23e-06
 118 | 1.20e-06
 119 | 1.18e-06
 120 | 1.15e-06
 121 | 1.13e-06
 122 | 1.11e-06
 123 | 1.09e-06
 124 | 1.08e-06
 125 | 1.06e-06
 126 | 1.05e-06
 127 | 1.04e-06
 128 | 1.03e-06
 129 | 1.02e-06
 130 | 1.01e-06
 131 | 1.00e-06
 132 | 1.00e-06
 133 | 1.00e-06
 134 | 1.00e-06
 135 | 1.01e-06
 136 | 1.01e-06
 137 | 1.01e-06
 138 | 1.02e-06
 139 | 1.03e-06
 140 | 1.05e-06
 141 | 1.06e-06
 142 | 1.08e-06
 143 | 1.10e-06
 144 | 1.12e-06
 145 | 1.14e-06
 146 | 1.16e-06
 147 | 1.19e-06
 148 | 1.22e-06
 149 | 1.25e-06
 150 | 1.29e-06
 151 | 1.33e-06
 152 | 1.37e-06
 153 | 1.41e-06
 154 | 1.46e-06
 155 | 1.51e-06
 156 | 1.56e-06
 157 | 1.63e-06
 158 | 1.70e-06
 159 | 1.77e-06
 160 | 1.83e-06
 161 | 1.91e-06
 162 | 1.99e-06
 163 | 2.07e-06
 164 | 2.17e-06
 165 | 2.28e-06
 166 | 2.41e-06
 167 | 2.54e-06
 168 | 2.69e-06
 169 | 2.86e-06
 170 | 3.03e-06
 171 | 3.20e-06
 172 | 3.39e-06
 173 | 3.58e-06
 174 | 3.76e-06
 175 | 3.94e-06
 176 | 4.13e-06
 177 | 4.34e-06
 178 | 4.54e-06
 179 | 4.75e-06
 180 | 4.98e-06
 181 | 5.23e-06
 182 | 5.36e-06
 183 | 5.30e-06
 184 | 5.27e-06
 185 | 5.20e-06
 186 | 5.00e-06
 187 | 4.76e-06
 188 | 4.51e-06
 189 | 4.29e-06
 190 | 4.10e-06
 191 | 3.92e-06
 192 | 3.69e-06
 193 | 3.49e-06
 194 | 3.32e-06
 195 | 3.17e-06
 196 | 3.00e-06
 197 | 2.86e-06
 198 | 2.74e-06
 199 | 2.64e-06
 200 | 2.55e-06
 201 | 2.46e-06
 202 | 2.39e-06
 203 | 2.33e-06
 204 | 2.28e-06
 205 | 2.25e-06
 206 | 2.22e-06
 207 | 2.20e-06
 208 | 2.19e-06
 209 | 2.19e-06
 210 | 2.20e-06
 211 | 2.20e-06
 212 | 2.21e-06
 213 | 2.24e-06
 214 | 2.27e-06
 215 | 2.30e-06
 216 | 2.35e-06
 217 | 2.41e-06
 218 | 2.48e-06
 219 | 2.57e-06
 220 | 2.67e-06
 221 | 2.78e-06
 222 | 2.88e-06
 223 | 3.00e-06
 224 | 3.12e-06
 225 | 3.25e-06
 226 | 3.39e-06
 227 | 3.50e-06
 228 | 3.57e-06
 229 | 3.71e-06
 230 | 3.75e-06
 231 | 3.88e-06
 232 | 4.02e-06
 233 | 4.14e-06
 234 | 4.25e-06
 235 | 4.40e-06
 236 | 4.56e-06
 237 | 4.71e-06
 238 | 4.69e-06
 239 | 3.92e-06
 240 | 3.57e-06
 241 | 3.40e-06
 242 | 3.22e-06
 243 | 3.07e-06
 244 | 2.76e-06
 245 | 2.45e-06
 246 | 2.26e-06
 247 | 2.11e-06
 248 | 1.98e-06
 249 | 1.86e-06
 250 | 1.75e-06
 251 | 1.66e-06
 252 | 1.58e-06
 253 | 1.51e-06
 254 | 1.45e-06
 255 | 1.41e-06
 256 | 1.37e-06
 257 | 1.34e-06
 258 | 1.31e-06
 259 | 1.29e-06
 260 | 1.26e-06
 261 | 1.23e-06
 262 | 1.21e-06
 263 | 1.18e-06
 264 | 1.16e-06
 265 | 1.14e-06
 266 | 1.12e-06
 267 | 1.10e-06
 268 | 1.08e-06
 269 | 1.06e-06
 270 | 1.04e-06
 271 | 1.02e-06
 272 | 1.00e-06
 273 | 9.86e-07
[2025-11-08 00:27:56] Run completed in 14.80 minutes
[2025-11-08 00:27:59] Saved NMF result to: /zata/zippy/kresgeb/nmf_stuff/dlPFC/data/batched_nmf/nmf_k40_seed42_tol1e-06.rds
[2025-11-08 00:27:59] Appended run metadata to summary.csv
[2025-11-08 00:27:59] --------------------------------------------
[2025-11-08 00:27:59] Starting run 55 / 150: k=50, seed=42, tol=1e-06
[2025-11-08 00:27:59] --------------------------------------------

iter |      tol 
---------------
   1 | 9.20e-01
   2 | 1.12e-01
   3 | 3.74e-02
   4 | 1.86e-02
   5 | 1.11e-02
   6 | 7.56e-03
   7 | 5.68e-03
   8 | 4.87e-03
   9 | 4.52e-03
  10 | 4.16e-03
  11 | 3.59e-03
  12 | 2.94e-03
  13 | 2.41e-03
  14 | 1.98e-03
  15 | 1.64e-03
  16 | 1.42e-03
  17 | 1.24e-03
  18 | 1.12e-03
  19 | 1.01e-03
  20 | 9.18e-04
  21 | 8.48e-04
  22 | 7.92e-04
  23 | 7.51e-04
  24 | 7.18e-04
  25 | 6.88e-04
  26 | 6.40e-04
  27 | 5.69e-04
  28 | 4.79e-04
  29 | 3.86e-04
  30 | 3.13e-04
  31 | 2.56e-04
  32 | 2.11e-04
  33 | 1.77e-04
  34 | 1.52e-04
  35 | 1.34e-04
  36 | 1.23e-04
  37 | 1.16e-04
  38 | 1.12e-04
  39 | 1.12e-04
  40 | 1.13e-04
  41 | 1.18e-04
  42 | 1.24e-04
  43 | 1.30e-04
  44 | 1.35e-04
  45 | 1.37e-04
  46 | 1.37e-04
  47 | 1.34e-04
  48 | 1.28e-04
  49 | 1.23e-04
  50 | 1.17e-04
  51 | 1.12e-04
  52 | 1.06e-04
  53 | 9.72e-05
  54 | 8.95e-05
  55 | 8.12e-05
  56 | 7.31e-05
  57 | 6.58e-05
  58 | 5.88e-05
  59 | 5.28e-05
  60 | 4.76e-05
  61 | 4.31e-05
  62 | 3.94e-05
  63 | 3.61e-05
  64 | 3.31e-05
  65 | 3.04e-05
  66 | 2.77e-05
  67 | 2.50e-05
  68 | 2.21e-05
  69 | 1.94e-05
  70 | 1.71e-05
  71 | 1.51e-05
  72 | 1.36e-05
  73 | 1.22e-05
  74 | 1.11e-05
  75 | 1.02e-05
  76 | 9.17e-06
  77 | 8.24e-06
  78 | 7.49e-06
  79 | 6.88e-06
  80 | 6.36e-06
  81 | 5.89e-06
  82 | 5.46e-06
  83 | 5.06e-06
  84 | 4.68e-06
  85 | 4.36e-06
  86 | 4.07e-06
  87 | 3.81e-06
  88 | 3.58e-06
  89 | 3.39e-06
  90 | 3.22e-06
  91 | 3.09e-06
  92 | 3.00e-06
  93 | 2.90e-06
  94 | 2.83e-06
  95 | 2.80e-06
  96 | 2.78e-06
  97 | 2.78e-06
  98 | 2.79e-06
  99 | 2.82e-06
 100 | 2.88e-06
 101 | 2.94e-06
 102 | 3.01e-06
 103 | 3.09e-06
 104 | 3.19e-06
 105 | 3.30e-06
 106 | 3.42e-06
 107 | 3.56e-06
 108 | 3.68e-06
 109 | 3.80e-06
 110 | 3.92e-06
 111 | 4.04e-06
 112 | 4.17e-06
 113 | 4.28e-06
 114 | 4.39e-06
 115 | 4.48e-06
 116 | 4.54e-06
 117 | 4.56e-06
 118 | 4.56e-06
 119 | 4.52e-06
 120 | 4.47e-06
 121 | 4.39e-06
 122 | 4.31e-06
 123 | 4.21e-06
 124 | 4.12e-06
 125 | 4.02e-06
 126 | 3.91e-06
 127 | 3.81e-06
 128 | 3.71e-06
 129 | 3.62e-06
 130 | 3.53e-06
 131 | 3.43e-06
 132 | 3.35e-06
 133 | 3.28e-06
 134 | 3.21e-06
 135 | 3.15e-06
 136 | 3.09e-06
 137 | 3.04e-06
 138 | 3.00e-06
 139 | 2.98e-06
 140 | 2.96e-06
 141 | 2.94e-06
 142 | 2.93e-06
 143 | 2.93e-06
 144 | 2.94e-06
 145 | 2.95e-06
 146 | 2.97e-06
 147 | 3.02e-06
 148 | 3.06e-06
 149 | 3.10e-06
 150 | 3.12e-06
 151 | 3.16e-06
 152 | 3.19e-06
 153 | 3.21e-06
 154 | 3.22e-06
 155 | 3.22e-06
 156 | 3.21e-06
 157 | 3.21e-06
 158 | 3.20e-06
 159 | 3.19e-06
 160 | 3.16e-06
 161 | 3.14e-06
 162 | 3.11e-06
 163 | 3.07e-06
 164 | 3.01e-06
 165 | 2.96e-06
 166 | 2.89e-06
 167 | 2.77e-06
 168 | 2.64e-06
 169 | 2.54e-06
 170 | 2.43e-06
 171 | 2.34e-06
 172 | 2.25e-06
 173 | 2.16e-06
 174 | 2.08e-06
 175 | 2.00e-06
 176 | 1.93e-06
 177 | 1.86e-06
 178 | 1.80e-06
 179 | 1.74e-06
 180 | 1.69e-06
 181 | 1.64e-06
 182 | 1.59e-06
 183 | 1.55e-06
 184 | 1.52e-06
 185 | 1.49e-06
 186 | 1.46e-06
 187 | 1.44e-06
 188 | 1.41e-06
 189 | 1.39e-06
 190 | 1.38e-06
 191 | 1.36e-06
 192 | 1.34e-06
 193 | 1.33e-06
 194 | 1.32e-06
 195 | 1.30e-06
 196 | 1.29e-06
 197 | 1.28e-06
 198 | 1.26e-06
 199 | 1.25e-06
 200 | 1.25e-06
 201 | 1.24e-06
 202 | 1.23e-06
 203 | 1.22e-06
 204 | 1.21e-06
 205 | 1.21e-06
 206 | 1.20e-06
 207 | 1.20e-06
 208 | 1.20e-06
 209 | 1.19e-06
 210 | 1.19e-06
 211 | 1.19e-06
 212 | 1.18e-06
 213 | 1.18e-06
 214 | 1.17e-06
 215 | 1.16e-06
 216 | 1.14e-06
 217 | 1.13e-06
 218 | 1.11e-06
 219 | 1.10e-06
 220 | 1.08e-06
 221 | 1.07e-06
 222 | 1.05e-06
 223 | 1.03e-06
 224 | 1.02e-06
 225 | 1.00e-06
 226 | 9.93e-07
[2025-11-08 00:44:34] Run completed in 16.58 minutes
[2025-11-08 00:44:37] Saved NMF result to: /zata/zippy/kresgeb/nmf_stuff/dlPFC/data/batched_nmf/nmf_k50_seed42_tol1e-06.rds
[2025-11-08 00:44:37] Appended run metadata to summary.csv
[2025-11-08 00:44:37] --------------------------------------------
[2025-11-08 00:44:37] Starting run 56 / 150: k=60, seed=42, tol=1e-06
[2025-11-08 00:44:37] --------------------------------------------

iter |      tol 
---------------
   1 | 9.15e-01
   2 | 1.11e-01
   3 | 3.67e-02
   4 | 1.86e-02
   5 | 1.12e-02
   6 | 7.87e-03
   7 | 6.14e-03
   8 | 4.93e-03
   9 | 3.92e-03
  10 | 3.20e-03
  11 | 2.70e-03
  12 | 2.33e-03
  13 | 2.04e-03
  14 | 1.80e-03
  15 | 1.55e-03
  16 | 1.29e-03
  17 | 1.10e-03
  18 | 9.68e-04
  19 | 8.97e-04
  20 | 8.73e-04
  21 | 8.75e-04
  22 | 9.04e-04
  23 | 9.38e-04
  24 | 9.45e-04
  25 | 9.19e-04
  26 | 8.67e-04
  27 | 7.84e-04
  28 | 6.85e-04
  29 | 5.92e-04
  30 | 5.22e-04
  31 | 4.73e-04
  32 | 4.35e-04
  33 | 4.09e-04
  34 | 3.90e-04
  35 | 3.74e-04
  36 | 3.58e-04
  37 | 3.38e-04
  38 | 3.07e-04
  39 | 2.69e-04
  40 | 2.29e-04
  41 | 1.93e-04
  42 | 1.62e-04
  43 | 1.37e-04
  44 | 1.18e-04
  45 | 1.02e-04
  46 | 9.09e-05
  47 | 8.06e-05
  48 | 7.22e-05
  49 | 6.70e-05
  50 | 6.29e-05
  51 | 5.85e-05
  52 | 5.35e-05
  53 | 4.96e-05
  54 | 4.53e-05
  55 | 4.08e-05
  56 | 3.67e-05
  57 | 3.24e-05
  58 | 2.85e-05
  59 | 2.47e-05
  60 | 2.04e-05
  61 | 1.68e-05
  62 | 1.42e-05
  63 | 1.20e-05
  64 | 1.02e-05
  65 | 8.86e-06
  66 | 7.76e-06
  67 | 6.88e-06
  68 | 6.12e-06
  69 | 5.50e-06
  70 | 4.94e-06
  71 | 4.53e-06
  72 | 4.19e-06
  73 | 3.82e-06
  74 | 3.54e-06
  75 | 3.34e-06
  76 | 3.18e-06
  77 | 3.04e-06
  78 | 2.93e-06
  79 | 2.82e-06
  80 | 2.72e-06
  81 | 2.63e-06
  82 | 2.54e-06
  83 | 2.46e-06
  84 | 2.39e-06
  85 | 2.31e-06
  86 | 2.24e-06
  87 | 2.17e-06
  88 | 2.09e-06
  89 | 2.02e-06
  90 | 1.95e-06
  91 | 1.88e-06
  92 | 1.82e-06
  93 | 1.76e-06
  94 | 1.71e-06
  95 | 1.65e-06
  96 | 1.60e-06
  97 | 1.56e-06
  98 | 1.51e-06
  99 | 1.47e-06
 100 | 1.44e-06
 101 | 1.41e-06
 102 | 1.37e-06
 103 | 1.34e-06
 104 | 1.30e-06
 105 | 1.27e-06
 106 | 1.24e-06
 107 | 1.22e-06
 108 | 1.19e-06
 109 | 1.17e-06
 110 | 1.15e-06
 111 | 1.12e-06
 112 | 1.08e-06
 113 | 1.03e-06
 114 | 1.00e-06
 115 | 9.79e-07
[2025-11-08 00:56:00] Run completed in 11.37 minutes
[2025-11-08 00:56:04] Saved NMF result to: /zata/zippy/kresgeb/nmf_stuff/dlPFC/data/batched_nmf/nmf_k60_seed42_tol1e-06.rds
[2025-11-08 00:56:04] Appended run metadata to summary.csv
[2025-11-08 00:56:04] --------------------------------------------
[2025-11-08 00:56:04] Starting run 57 / 150: k=70, seed=42, tol=1e-06
[2025-11-08 00:56:04] --------------------------------------------

iter |      tol 
---------------
   1 | 9.19e-01
   2 | 1.03e-01
   3 | 3.48e-02
   4 | 1.74e-02
   5 | 1.09e-02
   6 | 8.21e-03
   7 | 6.37e-03
   8 | 4.98e-03
   9 | 4.15e-03
  10 | 3.71e-03
  11 | 3.36e-03
  12 | 3.02e-03
  13 | 2.65e-03
  14 | 2.25e-03
  15 | 1.90e-03
  16 | 1.65e-03
  17 | 1.47e-03
  18 | 1.36e-03
  19 | 1.26e-03
  20 | 1.16e-03
  21 | 1.09e-03
  22 | 1.01e-03
  23 | 9.35e-04
  24 | 8.70e-04
  25 | 8.21e-04
  26 | 7.79e-04
  27 | 7.77e-04
  28 | 8.02e-04
  29 | 8.18e-04
  30 | 7.82e-04
  31 | 6.95e-04
  32 | 6.03e-04
  33 | 5.22e-04
  34 | 4.49e-04
  35 | 3.82e-04
  36 | 3.16e-04
  37 | 2.66e-04
  38 | 2.24e-04
  39 | 1.80e-04
  40 | 1.50e-04
  41 | 1.25e-04
  42 | 1.06e-04
  43 | 9.07e-05
  44 | 7.86e-05
  45 | 6.89e-05
  46 | 6.14e-05
  47 | 5.50e-05
  48 | 4.97e-05
  49 | 4.63e-05
  50 | 4.28e-05
  51 | 3.98e-05
  52 | 3.70e-05
  53 | 3.43e-05
  54 | 3.30e-05
  55 | 3.23e-05
  56 | 3.18e-05
  57 | 3.21e-05
  58 | 3.29e-05
  59 | 3.36e-05
  60 | 3.37e-05
  61 | 3.36e-05
  62 | 3.35e-05
  63 | 3.31e-05
  64 | 3.23e-05
  65 | 3.16e-05
  66 | 3.06e-05
  67 | 2.91e-05
  68 | 2.73e-05
  69 | 2.47e-05
  70 | 2.29e-05
  71 | 2.09e-05
  72 | 1.89e-05
  73 | 1.74e-05
  74 | 1.57e-05
  75 | 1.44e-05
  76 | 1.31e-05
  77 | 1.20e-05
  78 | 1.13e-05
  79 | 1.05e-05
  80 | 9.79e-06
  81 | 9.09e-06
  82 | 8.51e-06
  83 | 7.99e-06
  84 | 7.59e-06
  85 | 7.27e-06
  86 | 7.01e-06
  87 | 6.84e-06
  88 | 6.71e-06
  89 | 6.63e-06
  90 | 6.55e-06
  91 | 6.49e-06
  92 | 6.45e-06
  93 | 6.42e-06
  94 | 6.46e-06
  95 | 6.54e-06
  96 | 6.68e-06
  97 | 6.88e-06
  98 | 7.15e-06
  99 | 7.49e-06
 100 | 7.81e-06
 101 | 8.25e-06
 102 | 8.80e-06
 103 | 9.46e-06
 104 | 1.03e-05
 105 | 1.12e-05
 106 | 1.22e-05
 107 | 1.34e-05
 108 | 1.47e-05
 109 | 1.61e-05
 110 | 1.76e-05
 111 | 1.93e-05
 112 | 2.11e-05
 113 | 2.30e-05
 114 | 2.50e-05
 115 | 2.71e-05
 116 | 2.91e-05
 117 | 3.10e-05
 118 | 3.26e-05
 119 | 3.40e-05
 120 | 3.52e-05
 121 | 3.58e-05
 122 | 3.59e-05
 123 | 3.53e-05
 124 | 3.43e-05
 125 | 3.28e-05
 126 | 3.10e-05
 127 | 2.89e-05
 128 | 2.68e-05
 129 | 2.44e-05
 130 | 2.22e-05
 131 | 2.00e-05
 132 | 1.79e-05
 133 | 1.54e-05
 134 | 1.32e-05
 135 | 1.14e-05
 136 | 9.70e-06
 137 | 8.40e-06
 138 | 7.29e-06
 139 | 6.33e-06
 140 | 5.55e-06
 141 | 4.91e-06
 142 | 4.40e-06
 143 | 3.98e-06
 144 | 3.63e-06
 145 | 3.32e-06
 146 | 3.09e-06
 147 | 2.89e-06
 148 | 2.73e-06
 149 | 2.60e-06
 150 | 2.49e-06
 151 | 2.41e-06
 152 | 2.33e-06
 153 | 2.28e-06
 154 | 2.24e-06
 155 | 2.21e-06
 156 | 2.20e-06
 157 | 2.19e-06
 158 | 2.20e-06
 159 | 2.22e-06
 160 | 2.25e-06
 161 | 2.29e-06
 162 | 2.34e-06
 163 | 2.40e-06
 164 | 2.46e-06
 165 | 2.52e-06
 166 | 2.59e-06
 167 | 2.67e-06
 168 | 2.76e-06
 169 | 2.84e-06
 170 | 2.91e-06
 171 | 2.97e-06
 172 | 2.97e-06
 173 | 2.95e-06
 174 | 2.87e-06
 175 | 2.83e-06
 176 | 2.80e-06
 177 | 2.76e-06
 178 | 2.69e-06
 179 | 2.62e-06
 180 | 2.55e-06
 181 | 2.45e-06
 182 | 2.35e-06
 183 | 2.25e-06
 184 | 2.14e-06
 185 | 2.03e-06
 186 | 1.91e-06
 187 | 1.81e-06
 188 | 1.70e-06
 189 | 1.59e-06
 190 | 1.48e-06
 191 | 1.37e-06
 192 | 1.26e-06
 193 | 1.16e-06
 194 | 1.07e-06
 195 | 9.82e-07
[2025-11-08 01:17:55] Run completed in 21.85 minutes
[2025-11-08 01:17:59] Saved NMF result to: /zata/zippy/kresgeb/nmf_stuff/dlPFC/data/batched_nmf/nmf_k70_seed42_tol1e-06.rds
[2025-11-08 01:17:59] Appended run metadata to summary.csv
[2025-11-08 01:17:59] --------------------------------------------
[2025-11-08 01:17:59] Starting run 58 / 150: k=80, seed=42, tol=1e-06
[2025-11-08 01:17:59] --------------------------------------------

iter |      tol 
---------------
   1 | 9.12e-01
   2 | 1.09e-01
   3 | 3.57e-02
   4 | 1.79e-02
   5 | 1.19e-02
   6 | 8.86e-03
   7 | 6.79e-03
   8 | 5.03e-03
   9 | 3.87e-03
  10 | 3.05e-03
  11 | 2.51e-03
  12 | 2.17e-03
  13 | 1.98e-03
  14 | 1.92e-03
  15 | 1.92e-03
  16 | 1.95e-03
  17 | 1.93e-03
  18 | 1.89e-03
  19 | 1.78e-03
  20 | 1.59e-03
  21 | 1.37e-03
  22 | 1.18e-03
  23 | 1.04e-03
  24 | 9.27e-04
  25 | 8.31e-04
  26 | 7.43e-04
  27 | 6.47e-04
  28 | 5.77e-04
  29 | 5.26e-04
  30 | 4.89e-04
  31 | 4.57e-04
  32 | 4.28e-04
  33 | 4.02e-04
  34 | 3.74e-04
  35 | 3.41e-04
  36 | 3.08e-04
  37 | 2.83e-04
  38 | 2.61e-04
  39 | 2.42e-04
  40 | 2.29e-04
  41 | 2.17e-04
  42 | 2.15e-04
  43 | 2.20e-04
  44 | 2.30e-04
  45 | 2.45e-04
  46 | 2.58e-04
  47 | 2.78e-04
  48 | 2.94e-04
  49 | 3.18e-04
  50 | 3.45e-04
  51 | 3.64e-04
  52 | 3.72e-04
  53 | 3.90e-04
  54 | 4.11e-04
  55 | 4.16e-04
  56 | 4.09e-04
  57 | 3.89e-04
  58 | 3.64e-04
  59 | 3.42e-04
  60 | 3.28e-04
  61 | 2.77e-04
  62 | 2.16e-04
  63 | 1.82e-04
  64 | 1.58e-04
  65 | 1.33e-04
  66 | 1.11e-04
  67 | 9.51e-05
  68 | 7.96e-05
  69 | 6.82e-05
  70 | 6.06e-05
  71 | 5.50e-05
  72 | 4.84e-05
  73 | 4.13e-05
  74 | 3.70e-05
  75 | 3.44e-05
  76 | 3.26e-05
  77 | 3.17e-05
  78 | 3.11e-05
  79 | 3.10e-05
  80 | 3.12e-05
  81 | 3.18e-05
  82 | 3.29e-05
  83 | 3.44e-05
  84 | 3.58e-05
  85 | 3.69e-05
  86 | 3.83e-05
  87 | 3.97e-05
  88 | 4.05e-05
  89 | 4.05e-05
  90 | 4.10e-05
  91 | 4.13e-05
  92 | 4.12e-05
  93 | 4.08e-05
  94 | 4.00e-05
  95 | 3.88e-05
  96 | 3.71e-05
  97 | 3.54e-05
  98 | 3.37e-05
  99 | 3.18e-05
 100 | 2.97e-05
 101 | 2.75e-05
 102 | 2.51e-05
 103 | 2.28e-05
 104 | 2.05e-05
 105 | 1.86e-05
 106 | 1.68e-05
 107 | 1.51e-05
 108 | 1.37e-05
 109 | 1.24e-05
 110 | 1.16e-05
 111 | 1.11e-05
 112 | 1.04e-05
 113 | 1.02e-05
 114 | 1.00e-05
 115 | 9.93e-06
 116 | 9.45e-06
 117 | 9.37e-06
 118 | 9.29e-06
 119 | 9.26e-06
 120 | 9.24e-06
 121 | 9.07e-06
 122 | 8.61e-06
 123 | 8.46e-06
 124 | 8.39e-06
 125 | 8.07e-06
 126 | 7.86e-06
 127 | 7.50e-06
 128 | 7.39e-06
 129 | 7.52e-06
 130 | 7.64e-06
 131 | 7.49e-06
 132 | 7.36e-06
 133 | 7.22e-06
 134 | 6.97e-06
 135 | 6.54e-06
 136 | 5.99e-06
 137 | 5.48e-06
 138 | 5.18e-06
 139 | 4.77e-06
 140 | 4.42e-06
 141 | 4.08e-06
 142 | 3.76e-06
 143 | 3.48e-06
 144 | 3.23e-06
 145 | 3.02e-06
 146 | 2.83e-06
 147 | 2.65e-06
 148 | 2.50e-06
 149 | 2.37e-06
 150 | 2.25e-06
 151 | 2.15e-06
 152 | 2.05e-06
 153 | 1.96e-06
 154 | 1.88e-06
 155 | 1.80e-06
 156 | 1.73e-06
 157 | 1.67e-06
 158 | 1.62e-06
 159 | 1.57e-06
 160 | 1.51e-06
 161 | 1.46e-06
 162 | 1.41e-06
 163 | 1.36e-06
 164 | 1.32e-06
 165 | 1.28e-06
 166 | 1.24e-06
 167 | 1.20e-06
 168 | 1.16e-06
 169 | 1.13e-06
 170 | 1.10e-06
 171 | 1.06e-06
 172 | 1.03e-06
 173 | 1.00e-06
 174 | 9.73e-07
[2025-11-08 01:40:21] Run completed in 22.35 minutes
[2025-11-08 01:40:26] Saved NMF result to: /zata/zippy/kresgeb/nmf_stuff/dlPFC/data/batched_nmf/nmf_k80_seed42_tol1e-06.rds
[2025-11-08 01:40:26] Appended run metadata to summary.csv
[2025-11-08 01:40:26] --------------------------------------------
[2025-11-08 01:40:26] Starting run 59 / 150: k=90, seed=42, tol=1e-06
[2025-11-08 01:40:26] --------------------------------------------

iter |      tol 
---------------
   1 | 9.15e-01
   2 | 1.02e-01
   3 | 3.65e-02
   4 | 1.97e-02
   5 | 1.29e-02
   6 | 9.46e-03
   7 | 7.21e-03
   8 | 5.70e-03
   9 | 4.71e-03
  10 | 4.06e-03
  11 | 3.65e-03
  12 | 3.28e-03
  13 | 2.73e-03
  14 | 2.14e-03
  15 | 1.73e-03
  16 | 1.50e-03
  17 | 1.38e-03
  18 | 1.32e-03
  19 | 1.32e-03
  20 | 1.32e-03
  21 | 1.32e-03
  22 | 1.32e-03
  23 | 1.34e-03
  24 | 1.37e-03
  25 | 1.42e-03
  26 | 1.47e-03
  27 | 1.51e-03
  28 | 1.50e-03
  29 | 1.40e-03
  30 | 1.26e-03
  31 | 1.02e-03
  32 | 8.06e-04
  33 | 6.14e-04
  34 | 4.92e-04
  35 | 4.04e-04
  36 | 3.49e-04
  37 | 3.36e-04
  38 | 3.39e-04
  39 | 3.63e-04
  40 | 3.92e-04
  41 | 4.03e-04
  42 | 3.92e-04
  43 | 3.56e-04
  44 | 3.21e-04
  45 | 2.87e-04
  46 | 2.51e-04
  47 | 2.35e-04
  48 | 2.03e-04
  49 | 1.83e-04
  50 | 1.71e-04
  51 | 1.65e-04
  52 | 1.64e-04
  53 | 1.67e-04
  54 | 1.69e-04
  55 | 1.75e-04
  56 | 1.85e-04
  57 | 1.92e-04
  58 | 1.87e-04
  59 | 1.85e-04
  60 | 1.81e-04
  61 | 1.78e-04
  62 | 1.81e-04
  63 | 1.88e-04
  64 | 1.97e-04
  65 | 2.06e-04
  66 | 2.10e-04
  67 | 2.28e-04
  68 | 2.47e-04
  69 | 2.68e-04
  70 | 2.81e-04
  71 | 2.92e-04
  72 | 2.93e-04
  73 | 2.85e-04
  74 | 2.66e-04
  75 | 2.35e-04
  76 | 2.08e-04
  77 | 1.79e-04
  78 | 1.40e-04
  79 | 1.22e-04
  80 | 1.06e-04
  81 | 9.78e-05
  82 | 9.33e-05
  83 | 9.15e-05
  84 | 9.02e-05
  85 | 9.02e-05
  86 | 9.07e-05
  87 | 8.61e-05
  88 | 8.07e-05
  89 | 7.53e-05
  90 | 6.95e-05
  91 | 6.27e-05
  92 | 5.77e-05
  93 | 5.27e-05
  94 | 4.75e-05
  95 | 4.24e-05
  96 | 3.84e-05
  97 | 3.36e-05
  98 | 2.90e-05
  99 | 2.55e-05
 100 | 2.24e-05
 101 | 1.97e-05
 102 | 1.57e-05
 103 | 1.37e-05
 104 | 1.28e-05
 105 | 1.24e-05
 106 | 1.22e-05
 107 | 1.18e-05
 108 | 1.16e-05
 109 | 1.14e-05
 110 | 1.10e-05
 111 | 1.10e-05
 112 | 1.11e-05
 113 | 1.13e-05
 114 | 1.12e-05
 115 | 1.09e-05
 116 | 1.07e-05
 117 | 1.06e-05
 118 | 1.04e-05
 119 | 1.02e-05
 120 | 9.93e-06
 121 | 9.82e-06
 122 | 9.58e-06
 123 | 9.38e-06
 124 | 8.73e-06
 125 | 8.50e-06
 126 | 8.32e-06
 127 | 8.12e-06
 128 | 7.99e-06
 129 | 7.86e-06
 130 | 7.77e-06
 131 | 7.74e-06
 132 | 7.67e-06
 133 | 7.63e-06
 134 | 7.67e-06
 135 | 7.55e-06
 136 | 7.39e-06
 137 | 7.28e-06
 138 | 7.11e-06
 139 | 6.95e-06
 140 | 6.62e-06
 141 | 6.53e-06
 142 | 6.44e-06
 143 | 6.47e-06
 144 | 6.51e-06
 145 | 6.63e-06
 146 | 6.66e-06
 147 | 6.90e-06
 148 | 7.14e-06
 149 | 7.09e-06
 150 | 7.38e-06
 151 | 7.96e-06
 152 | 8.64e-06
 153 | 9.62e-06
 154 | 1.06e-05
 155 | 1.09e-05
 156 | 1.15e-05
 157 | 1.30e-05
 158 | 1.45e-05
 159 | 1.69e-05
 160 | 1.99e-05
 161 | 2.36e-05
 162 | 2.68e-05
 163 | 3.05e-05
 164 | 3.22e-05
 165 | 3.41e-05
 166 | 3.69e-05
 167 | 3.73e-05
 168 | 3.83e-05
 169 | 4.03e-05
 170 | 4.15e-05
 171 | 4.23e-05
 172 | 4.33e-05
 173 | 4.36e-05
 174 | 4.19e-05
 175 | 3.78e-05
 176 | 3.44e-05
 177 | 2.90e-05
 178 | 2.48e-05
 179 | 2.09e-05
 180 | 1.67e-05
 181 | 1.12e-05
 182 | 9.13e-06
 183 | 7.53e-06
 184 | 6.26e-06
 185 | 5.25e-06
 186 | 4.29e-06
 187 | 3.58e-06
 188 | 2.97e-06
 189 | 2.55e-06
 190 | 2.17e-06
 191 | 1.86e-06
 192 | 1.64e-06
 193 | 1.45e-06
 194 | 1.27e-06
 195 | 1.10e-06
 196 | 1.00e-06
 197 | 9.32e-07
[2025-11-08 02:12:16] Run completed in 31.84 minutes
[2025-11-08 02:12:22] Saved NMF result to: /zata/zippy/kresgeb/nmf_stuff/dlPFC/data/batched_nmf/nmf_k90_seed42_tol1e-06.rds
[2025-11-08 02:12:22] Appended run metadata to summary.csv
[2025-11-08 02:12:22] --------------------------------------------
[2025-11-08 02:12:22] Starting run 60 / 150: k=100, seed=42, tol=1e-06
[2025-11-08 02:12:22] --------------------------------------------

iter |      tol 
---------------
   1 | 9.09e-01
   2 | 1.03e-01
   3 | 3.71e-02
   4 | 1.97e-02
   5 | 1.28e-02
   6 | 9.06e-03
   7 | 6.90e-03
   8 | 5.63e-03
   9 | 4.82e-03
  10 | 4.27e-03
  11 | 3.85e-03
  12 | 3.56e-03
  13 | 3.39e-03
  14 | 3.28e-03
  15 | 3.15e-03
  16 | 3.02e-03
  17 | 2.90e-03
  18 | 2.74e-03
  19 | 2.55e-03
  20 | 2.25e-03
  21 | 1.83e-03
  22 | 1.50e-03
  23 | 1.23e-03
  24 | 9.79e-04
  25 | 8.20e-04
  26 | 6.94e-04
  27 | 5.97e-04
  28 | 5.30e-04
  29 | 4.71e-04
  30 | 4.47e-04
  31 | 4.22e-04
  32 | 3.98e-04
  33 | 3.84e-04
  34 | 3.72e-04
  35 | 3.66e-04
  36 | 3.54e-04
  37 | 3.31e-04
  38 | 3.12e-04
  39 | 2.99e-04
  40 | 2.95e-04
  41 | 3.02e-04
  42 | 3.21e-04
  43 | 3.56e-04
  44 | 3.86e-04
  45 | 4.38e-04
  46 | 5.04e-04
  47 | 5.57e-04
  48 | 5.27e-04
  49 | 4.94e-04
  50 | 4.86e-04
  51 | 4.51e-04
  52 | 4.21e-04
  53 | 3.94e-04
  54 | 3.66e-04
  55 | 3.37e-04
  56 | 3.05e-04
  57 | 2.54e-04
  58 | 2.25e-04
  59 | 2.27e-04
  60 | 2.28e-04
  61 | 2.33e-04
  62 | 2.22e-04
  63 | 2.01e-04
  64 | 1.86e-04
  65 | 1.68e-04
  66 | 1.50e-04
  67 | 1.39e-04
  68 | 1.25e-04
  69 | 1.11e-04
  70 | 1.01e-04
  71 | 9.48e-05
  72 | 9.03e-05
  73 | 8.88e-05
  74 | 8.85e-05
  75 | 9.10e-05
  76 | 9.80e-05
  77 | 1.06e-04
  78 | 1.15e-04
  79 | 1.28e-04
  80 | 1.38e-04
  81 | 1.46e-04
  82 | 1.45e-04
  83 | 1.38e-04
  84 | 1.22e-04
  85 | 1.04e-04
  86 | 8.61e-05
  87 | 6.93e-05
  88 | 5.46e-05
  89 | 4.32e-05
  90 | 3.53e-05
  91 | 2.96e-05
  92 | 2.51e-05
  93 | 2.26e-05
  94 | 2.11e-05
  95 | 2.09e-05
  96 | 2.12e-05
  97 | 2.07e-05
  98 | 2.12e-05
  99 | 2.21e-05
 100 | 2.35e-05
 101 | 2.52e-05
 102 | 2.67e-05
 103 | 2.70e-05
 104 | 2.82e-05
 105 | 2.96e-05
 106 | 3.09e-05
 107 | 3.23e-05
 108 | 3.38e-05
 109 | 3.52e-05
 110 | 3.61e-05
 111 | 3.73e-05
 112 | 3.83e-05
 113 | 3.96e-05
 114 | 4.05e-05
 115 | 4.09e-05
 116 | 4.14e-05
 117 | 4.19e-05
 118 | 4.20e-05
 119 | 4.19e-05
 120 | 4.01e-05
 121 | 3.75e-05
 122 | 3.46e-05
 123 | 3.28e-05
 124 | 3.08e-05
 125 | 2.88e-05
 126 | 2.72e-05
 127 | 2.55e-05
 128 | 2.39e-05
 129 | 2.24e-05
 130 | 2.11e-05
 131 | 1.99e-05
 132 | 1.91e-05
 133 | 1.84e-05
 134 | 1.80e-05
 135 | 1.79e-05
 136 | 1.74e-05
 137 | 1.67e-05
 138 | 1.67e-05
 139 | 1.70e-05
 140 | 1.56e-05
 141 | 1.55e-05
 142 | 1.56e-05
 143 | 1.58e-05
 144 | 1.62e-05
 145 | 1.63e-05
 146 | 1.62e-05
 147 | 1.62e-05
 148 | 1.56e-05
 149 | 1.53e-05
 150 | 1.54e-05
 151 | 1.57e-05
 152 | 1.63e-05
 153 | 1.67e-05
 154 | 1.74e-05
 155 | 1.83e-05
 156 | 1.90e-05
 157 | 1.99e-05
 158 | 2.12e-05
 159 | 2.24e-05
 160 | 2.28e-05
 161 | 2.37e-05
 162 | 2.35e-05
 163 | 2.36e-05
 164 | 2.45e-05
 165 | 2.53e-05
 166 | 2.60e-05
 167 | 2.68e-05
 168 | 2.75e-05
 169 | 2.72e-05
 170 | 2.70e-05
 171 | 2.70e-05
 172 | 2.67e-05
 173 | 2.60e-05
 174 | 2.37e-05
 175 | 2.13e-05
 176 | 1.97e-05
 177 | 1.84e-05
 178 | 1.73e-05
 179 | 1.64e-05
 180 | 1.55e-05
 181 | 1.46e-05
 182 | 1.30e-05
 183 | 1.19e-05
 184 | 1.13e-05
 185 | 1.00e-05
 186 | 9.19e-06
 187 | 8.77e-06
 188 | 8.38e-06
 189 | 8.31e-06
 190 | 8.50e-06
 191 | 8.96e-06
 192 | 9.68e-06
 193 | 1.06e-05
 194 | 1.16e-05
 195 | 1.22e-05
 196 | 1.40e-05
 197 | 1.62e-05
 198 | 1.89e-05
 199 | 2.21e-05
 200 | 2.61e-05
 201 | 3.09e-05
 202 | 3.58e-05
 203 | 4.00e-05
 204 | 4.24e-05
 205 | 4.34e-05
 206 | 4.29e-05
 207 | 4.04e-05
 208 | 3.67e-05
 209 | 3.18e-05
 210 | 2.58e-05
 211 | 2.06e-05
 212 | 1.59e-05
 213 | 1.23e-05
 214 | 9.34e-06
 215 | 6.91e-06
 216 | 5.19e-06
 217 | 4.04e-06
 218 | 3.32e-06
 219 | 2.80e-06
 220 | 2.43e-06
 221 | 2.21e-06
 222 | 2.07e-06
 223 | 2.00e-06
 224 | 1.96e-06
 225 | 1.80e-06
 226 | 1.64e-06
 227 | 1.53e-06
 228 | 1.45e-06
 229 | 1.37e-06
 230 | 1.34e-06
 231 | 1.30e-06
 232 | 1.28e-06
 233 | 1.26e-06
 234 | 1.23e-06
 235 | 1.22e-06
 236 | 1.20e-06
 237 | 1.18e-06
 238 | 1.17e-06
 239 | 1.17e-06
 240 | 1.17e-06
 241 | 1.16e-06
 242 | 1.15e-06
 243 | 1.12e-06
 244 | 1.11e-06
 245 | 1.06e-06
 246 | 8.84e-07
[2025-11-08 02:57:24] Run completed in 45.03 minutes
[2025-11-08 02:57:30] Saved NMF result to: /zata/zippy/kresgeb/nmf_stuff/dlPFC/data/batched_nmf/nmf_k100_seed42_tol1e-06.rds
[2025-11-08 02:57:30] Appended run metadata to summary.csv
[2025-11-08 02:57:30] --------------------------------------------
[2025-11-08 02:57:30] Starting run 61 / 150: k=10, seed=1029, tol=1e-06
[2025-11-08 02:57:30] --------------------------------------------

iter |      tol 
---------------
   1 | 9.32e-01
   2 | 1.21e-01
   3 | 3.21e-02
   4 | 1.77e-02
   5 | 1.31e-02
   6 | 8.11e-03
   7 | 6.12e-03
   8 | 6.31e-03
   9 | 7.46e-03
  10 | 6.60e-03
  11 | 3.85e-03
  12 | 2.02e-03
  13 | 1.36e-03
  14 | 1.03e-03
  15 | 8.14e-04
  16 | 6.41e-04
  17 | 5.12e-04
  18 | 4.17e-04
  19 | 3.60e-04
  20 | 3.44e-04
  21 | 3.24e-04
  22 | 2.78e-04
  23 | 2.19e-04
  24 | 1.63e-04
  25 | 1.17e-04
  26 | 8.26e-05
  27 | 5.72e-05
  28 | 3.86e-05
  29 | 2.57e-05
  30 | 1.70e-05
  31 | 1.10e-05
  32 | 6.95e-06
  33 | 4.29e-06
  34 | 2.55e-06
  35 | 1.49e-06
  36 | 8.83e-07
[2025-11-08 02:59:40] Run completed in 2.16 minutes
[2025-11-08 02:59:41] Saved NMF result to: /zata/zippy/kresgeb/nmf_stuff/dlPFC/data/batched_nmf/nmf_k10_seed1029_tol1e-06.rds
[2025-11-08 02:59:41] Appended run metadata to summary.csv
[2025-11-08 02:59:41] --------------------------------------------
[2025-11-08 02:59:41] Starting run 62 / 150: k=20, seed=1029, tol=1e-06
[2025-11-08 02:59:41] --------------------------------------------

iter |      tol 
---------------
   1 | 9.28e-01
   2 | 1.26e-01
   3 | 2.50e-02
   4 | 1.10e-02
   5 | 6.54e-03
   6 | 4.18e-03
   7 | 2.86e-03
   8 | 2.13e-03
   9 | 1.71e-03
  10 | 1.46e-03
  11 | 1.27e-03
  12 | 1.11e-03
  13 | 9.72e-04
  14 | 8.99e-04
  15 | 8.90e-04
  16 | 9.09e-04
  17 | 9.09e-04
  18 | 8.55e-04
  19 | 7.49e-04
  20 | 6.26e-04
  21 | 5.11e-04
  22 | 4.07e-04
  23 | 3.25e-04
  24 | 2.66e-04
  25 | 2.22e-04
  26 | 1.90e-04
  27 | 1.64e-04
  28 | 1.43e-04
  29 | 1.27e-04
  30 | 1.14e-04
  31 | 1.03e-04
  32 | 9.29e-05
  33 | 8.55e-05
  34 | 7.88e-05
  35 | 7.44e-05
  36 | 7.10e-05
  37 | 6.92e-05
  38 | 6.80e-05
  39 | 6.74e-05
  40 | 6.73e-05
  41 | 6.68e-05
  42 | 6.75e-05
  43 | 6.74e-05
  44 | 6.63e-05
  45 | 6.57e-05
  46 | 6.56e-05
  47 | 6.55e-05
  48 | 6.61e-05
  49 | 6.75e-05
  50 | 6.98e-05
  51 | 7.23e-05
  52 | 7.56e-05
  53 | 7.94e-05
  54 | 8.36e-05
  55 | 8.75e-05
  56 | 9.13e-05
  57 | 9.36e-05
  58 | 9.40e-05
  59 | 9.35e-05
  60 | 9.35e-05
  61 | 9.36e-05
  62 | 9.43e-05
  63 | 9.64e-05
  64 | 9.89e-05
  65 | 1.01e-04
  66 | 1.01e-04
  67 | 9.85e-05
  68 | 9.49e-05
  69 | 8.93e-05
  70 | 8.31e-05
  71 | 7.65e-05
  72 | 7.04e-05
  73 | 6.47e-05
  74 | 5.98e-05
  75 | 5.53e-05
  76 | 5.14e-05
  77 | 4.78e-05
  78 | 4.49e-05
  79 | 4.26e-05
  80 | 4.05e-05
  81 | 3.85e-05
  82 | 3.65e-05
  83 | 3.45e-05
  84 | 3.25e-05
  85 | 3.07e-05
  86 | 2.90e-05
  87 | 2.74e-05
  88 | 2.59e-05
  89 | 2.45e-05
  90 | 2.32e-05
  91 | 2.18e-05
  92 | 2.05e-05
  93 | 1.92e-05
  94 | 1.79e-05
  95 | 1.68e-05
  96 | 1.57e-05
  97 | 1.47e-05
  98 | 1.37e-05
  99 | 1.28e-05
 100 | 1.20e-05
 101 | 1.14e-05
 102 | 1.07e-05
 103 | 1.02e-05
 104 | 9.62e-06
 105 | 9.12e-06
 106 | 8.67e-06
 107 | 8.24e-06
 108 | 7.83e-06
 109 | 7.45e-06
 110 | 7.10e-06
 111 | 6.76e-06
 112 | 6.45e-06
 113 | 6.16e-06
 114 | 5.88e-06
 115 | 5.61e-06
 116 | 5.38e-06
 117 | 5.16e-06
 118 | 4.96e-06
 119 | 4.77e-06
 120 | 4.59e-06
 121 | 4.42e-06
 122 | 4.25e-06
 123 | 4.09e-06
 124 | 3.92e-06
 125 | 3.76e-06
 126 | 3.61e-06
 127 | 3.47e-06
 128 | 3.34e-06
 129 | 3.20e-06
 130 | 3.06e-06
 131 | 2.93e-06
 132 | 2.80e-06
 133 | 2.67e-06
 134 | 2.54e-06
 135 | 2.42e-06
 136 | 2.31e-06
 137 | 2.19e-06
 138 | 2.08e-06
 139 | 1.98e-06
 140 | 1.88e-06
 141 | 1.79e-06
 142 | 1.70e-06
 143 | 1.62e-06
 144 | 1.54e-06
 145 | 1.46e-06
 146 | 1.39e-06
 147 | 1.32e-06
 148 | 1.26e-06
 149 | 1.19e-06
 150 | 1.14e-06
 151 | 1.08e-06
 152 | 1.03e-06
 153 | 9.85e-07
[2025-11-08 03:04:33] Run completed in 4.86 minutes
[2025-11-08 03:04:34] Saved NMF result to: /zata/zippy/kresgeb/nmf_stuff/dlPFC/data/batched_nmf/nmf_k20_seed1029_tol1e-06.rds
[2025-11-08 03:04:34] Appended run metadata to summary.csv
[2025-11-08 03:04:34] --------------------------------------------
[2025-11-08 03:04:34] Starting run 63 / 150: k=30, seed=1029, tol=1e-06
[2025-11-08 03:04:34] --------------------------------------------

iter |      tol 
---------------
   1 | 9.22e-01
   2 | 1.12e-01
   3 | 3.56e-02
   4 | 1.74e-02
   5 | 9.82e-03
   6 | 6.25e-03
   7 | 4.46e-03
   8 | 3.49e-03
   9 | 2.83e-03
  10 | 2.38e-03
  11 | 2.09e-03
  12 | 1.88e-03
  13 | 1.73e-03
  14 | 1.61e-03
  15 | 1.53e-03
  16 | 1.47e-03
  17 | 1.41e-03
  18 | 1.31e-03
  19 | 1.16e-03
  20 | 9.66e-04
  21 | 7.65e-04
  22 | 5.86e-04
  23 | 4.47e-04
  24 | 3.48e-04
  25 | 2.77e-04
  26 | 2.26e-04
  27 | 1.86e-04
  28 | 1.57e-04
  29 | 1.33e-04
  30 | 1.12e-04
  31 | 9.14e-05
  32 | 7.44e-05
  33 | 6.08e-05
  34 | 5.00e-05
  35 | 4.17e-05
  36 | 3.58e-05
  37 | 3.17e-05
  38 | 2.86e-05
  39 | 2.62e-05
  40 | 2.40e-05
  41 | 2.22e-05
  42 | 2.05e-05
  43 | 1.92e-05
  44 | 1.79e-05
  45 | 1.69e-05
  46 | 1.60e-05
  47 | 1.52e-05
  48 | 1.46e-05
  49 | 1.40e-05
  50 | 1.34e-05
  51 | 1.28e-05
  52 | 1.21e-05
  53 | 1.14e-05
  54 | 1.08e-05
  55 | 1.02e-05
  56 | 9.63e-06
  57 | 9.09e-06
  58 | 8.56e-06
  59 | 8.07e-06
  60 | 7.56e-06
  61 | 7.04e-06
  62 | 6.58e-06
  63 | 6.19e-06
  64 | 5.81e-06
  65 | 5.46e-06
  66 | 5.14e-06
  67 | 4.84e-06
  68 | 4.57e-06
  69 | 4.33e-06
  70 | 4.11e-06
  71 | 3.92e-06
  72 | 3.75e-06
  73 | 3.60e-06
  74 | 3.46e-06
  75 | 3.35e-06
  76 | 3.23e-06
  77 | 3.13e-06
  78 | 3.03e-06
  79 | 2.94e-06
  80 | 2.87e-06
  81 | 2.82e-06
  82 | 2.77e-06
  83 | 2.74e-06
  84 | 2.70e-06
  85 | 2.68e-06
  86 | 2.67e-06
  87 | 2.66e-06
  88 | 2.65e-06
  89 | 2.64e-06
  90 | 2.64e-06
  91 | 2.64e-06
  92 | 2.65e-06
  93 | 2.66e-06
  94 | 2.68e-06
  95 | 2.69e-06
  96 | 2.71e-06
  97 | 2.72e-06
  98 | 2.73e-06
  99 | 2.74e-06
 100 | 2.74e-06
 101 | 2.75e-06
 102 | 2.76e-06
 103 | 2.76e-06
 104 | 2.76e-06
 105 | 2.76e-06
 106 | 2.75e-06
 107 | 2.74e-06
 108 | 2.72e-06
 109 | 2.70e-06
 110 | 2.68e-06
 111 | 2.65e-06
 112 | 2.62e-06
 113 | 2.59e-06
 114 | 2.55e-06
 115 | 2.53e-06
 116 | 2.50e-06
 117 | 2.48e-06
 118 | 2.47e-06
 119 | 2.48e-06
 120 | 2.49e-06
 121 | 2.51e-06
 122 | 2.53e-06
 123 | 2.54e-06
 124 | 2.54e-06
 125 | 2.52e-06
 126 | 2.50e-06
 127 | 2.46e-06
 128 | 2.42e-06
 129 | 2.39e-06
 130 | 2.36e-06
 131 | 2.35e-06
 132 | 2.34e-06
 133 | 2.33e-06
 134 | 2.33e-06
 135 | 2.31e-06
 136 | 2.31e-06
 137 | 2.30e-06
 138 | 2.30e-06
 139 | 2.29e-06
 140 | 2.27e-06
 141 | 2.26e-06
 142 | 2.27e-06
 143 | 2.27e-06
 144 | 2.27e-06
 145 | 2.25e-06
 146 | 2.37e-06
 147 | 2.54e-06
 148 | 2.75e-06
 149 | 2.79e-06
 150 | 2.80e-06
 151 | 2.67e-06
 152 | 2.53e-06
 153 | 2.44e-06
 154 | 2.29e-06
 155 | 2.14e-06
 156 | 2.03e-06
 157 | 1.92e-06
 158 | 1.82e-06
 159 | 1.73e-06
 160 | 1.64e-06
 161 | 1.54e-06
 162 | 1.46e-06
 163 | 1.39e-06
 164 | 1.32e-06
 165 | 1.26e-06
 166 | 1.20e-06
 167 | 1.16e-06
 168 | 1.12e-06
 169 | 1.07e-06
 170 | 1.03e-06
 171 | 9.97e-07
[2025-11-08 03:11:56] Run completed in 7.36 minutes
[2025-11-08 03:11:58] Saved NMF result to: /zata/zippy/kresgeb/nmf_stuff/dlPFC/data/batched_nmf/nmf_k30_seed1029_tol1e-06.rds
[2025-11-08 03:11:58] Appended run metadata to summary.csv
[2025-11-08 03:11:58] --------------------------------------------
[2025-11-08 03:11:58] Starting run 64 / 150: k=40, seed=1029, tol=1e-06
[2025-11-08 03:11:58] --------------------------------------------

iter |      tol 
---------------
   1 | 9.20e-01
   2 | 1.13e-01
   3 | 3.79e-02
   4 | 2.03e-02
   5 | 1.22e-02
   6 | 7.84e-03
   7 | 5.71e-03
   8 | 4.62e-03
   9 | 3.90e-03
  10 | 3.29e-03
  11 | 2.79e-03
  12 | 2.30e-03
  13 | 1.86e-03
  14 | 1.45e-03
  15 | 1.09e-03
  16 | 8.21e-04
  17 | 6.50e-04
  18 | 5.31e-04
  19 | 4.44e-04
  20 | 3.77e-04
  21 | 3.25e-04
  22 | 2.89e-04
  23 | 2.62e-04
  24 | 2.47e-04
  25 | 2.42e-04
  26 | 2.44e-04
  27 | 2.51e-04
  28 | 2.59e-04
  29 | 2.63e-04
  30 | 2.60e-04
  31 | 2.44e-04
  32 | 2.24e-04
  33 | 2.04e-04
  34 | 1.86e-04
  35 | 1.70e-04
  36 | 1.56e-04
  37 | 1.43e-04
  38 | 1.31e-04
  39 | 1.22e-04
  40 | 1.14e-04
  41 | 1.07e-04
  42 | 1.01e-04
  43 | 9.59e-05
  44 | 9.11e-05
  45 | 8.62e-05
  46 | 8.17e-05
  47 | 7.82e-05
  48 | 7.50e-05
  49 | 7.22e-05
  50 | 6.94e-05
  51 | 6.59e-05
  52 | 6.23e-05
  53 | 5.83e-05
  54 | 5.42e-05
  55 | 5.04e-05
  56 | 4.64e-05
  57 | 4.23e-05
  58 | 3.83e-05
  59 | 3.38e-05
  60 | 2.78e-05
  61 | 2.26e-05
  62 | 1.84e-05
  63 | 1.58e-05
  64 | 1.39e-05
  65 | 1.25e-05
  66 | 1.14e-05
  67 | 1.06e-05
  68 | 9.97e-06
  69 | 9.52e-06
  70 | 9.21e-06
  71 | 9.02e-06
  72 | 8.86e-06
  73 | 8.67e-06
  74 | 8.65e-06
  75 | 8.71e-06
  76 | 8.77e-06
  77 | 8.87e-06
  78 | 9.00e-06
  79 | 9.16e-06
  80 | 9.33e-06
  81 | 9.48e-06
  82 | 9.58e-06
  83 | 9.64e-06
  84 | 9.61e-06
  85 | 9.49e-06
  86 | 9.32e-06
  87 | 9.15e-06
  88 | 8.78e-06
  89 | 8.59e-06
  90 | 8.44e-06
  91 | 8.17e-06
  92 | 7.80e-06
  93 | 7.74e-06
  94 | 7.57e-06
  95 | 7.51e-06
  96 | 7.53e-06
  97 | 7.58e-06
  98 | 7.72e-06
  99 | 7.90e-06
 100 | 7.94e-06
 101 | 8.00e-06
 102 | 8.11e-06
 103 | 7.92e-06
 104 | 7.68e-06
 105 | 7.64e-06
 106 | 7.71e-06
 107 | 7.77e-06
 108 | 7.71e-06
 109 | 7.66e-06
 110 | 7.60e-06
 111 | 7.56e-06
 112 | 7.30e-06
 113 | 7.00e-06
 114 | 6.73e-06
 115 | 6.43e-06
 116 | 6.17e-06
 117 | 6.02e-06
 118 | 5.76e-06
 119 | 5.50e-06
 120 | 5.22e-06
 121 | 4.98e-06
 122 | 4.81e-06
 123 | 4.73e-06
 124 | 4.64e-06
 125 | 4.58e-06
 126 | 4.58e-06
 127 | 4.56e-06
 128 | 4.55e-06
 129 | 4.53e-06
 130 | 4.53e-06
 131 | 4.48e-06
 132 | 4.42e-06
 133 | 4.33e-06
 134 | 4.25e-06
 135 | 4.19e-06
 136 | 4.11e-06
 137 | 3.96e-06
 138 | 3.80e-06
 139 | 3.65e-06
 140 | 3.52e-06
 141 | 3.38e-06
 142 | 3.17e-06
 143 | 3.01e-06
 144 | 2.83e-06
 145 | 2.66e-06
 146 | 2.48e-06
 147 | 2.33e-06
 148 | 2.19e-06
 149 | 2.03e-06
 150 | 1.88e-06
 151 | 1.75e-06
 152 | 1.61e-06
 153 | 1.47e-06
 154 | 1.34e-06
 155 | 1.22e-06
 156 | 1.11e-06
 157 | 1.02e-06
 158 | 9.43e-07
[2025-11-08 03:20:51] Run completed in 8.88 minutes
[2025-11-08 03:20:54] Saved NMF result to: /zata/zippy/kresgeb/nmf_stuff/dlPFC/data/batched_nmf/nmf_k40_seed1029_tol1e-06.rds
[2025-11-08 03:20:54] Appended run metadata to summary.csv
[2025-11-08 03:20:54] --------------------------------------------
[2025-11-08 03:20:54] Starting run 65 / 150: k=50, seed=1029, tol=1e-06
[2025-11-08 03:20:54] --------------------------------------------

iter |      tol 
---------------
   1 | 9.18e-01
   2 | 1.12e-01
   3 | 3.47e-02
   4 | 1.85e-02
   5 | 1.12e-02
   6 | 7.41e-03
   7 | 5.33e-03
   8 | 4.13e-03
   9 | 3.26e-03
  10 | 2.69e-03
  11 | 2.28e-03
  12 | 1.96e-03
  13 | 1.72e-03
  14 | 1.51e-03
  15 | 1.30e-03
  16 | 1.11e-03
  17 | 9.64e-04
  18 | 8.54e-04
  19 | 7.74e-04
  20 | 7.27e-04
  21 | 6.98e-04
  22 | 6.75e-04
  23 | 6.55e-04
  24 | 6.31e-04
  25 | 5.95e-04
  26 | 5.42e-04
  27 | 4.74e-04
  28 | 3.95e-04
  29 | 3.10e-04
  30 | 2.37e-04
  31 | 1.80e-04
  32 | 1.41e-04
  33 | 1.16e-04
  34 | 9.64e-05
  35 | 8.21e-05
  36 | 7.10e-05
  37 | 6.29e-05
  38 | 5.69e-05
  39 | 5.20e-05
  40 | 4.82e-05
  41 | 4.53e-05
  42 | 4.31e-05
  43 | 4.18e-05
  44 | 4.11e-05
  45 | 4.08e-05
  46 | 4.06e-05
  47 | 4.09e-05
  48 | 4.15e-05
  49 | 4.19e-05
  50 | 4.23e-05
  51 | 4.20e-05
  52 | 4.18e-05
  53 | 4.16e-05
  54 | 4.12e-05
  55 | 4.08e-05
  56 | 4.04e-05
  57 | 3.94e-05
  58 | 3.85e-05
  59 | 3.77e-05
  60 | 3.68e-05
  61 | 3.63e-05
  62 | 3.62e-05
  63 | 3.63e-05
  64 | 3.65e-05
  65 | 3.73e-05
  66 | 3.82e-05
  67 | 3.92e-05
  68 | 4.08e-05
  69 | 4.24e-05
  70 | 4.30e-05
  71 | 4.26e-05
  72 | 4.17e-05
  73 | 4.06e-05
  74 | 3.89e-05
  75 | 3.70e-05
  76 | 3.48e-05
  77 | 3.23e-05
  78 | 2.98e-05
  79 | 2.71e-05
  80 | 2.43e-05
  81 | 2.18e-05
  82 | 1.92e-05
  83 | 1.68e-05
  84 | 1.48e-05
  85 | 1.30e-05
  86 | 1.15e-05
  87 | 1.02e-05
  88 | 9.10e-06
  89 | 8.14e-06
  90 | 7.32e-06
  91 | 6.61e-06
  92 | 5.96e-06
  93 | 5.43e-06
  94 | 4.99e-06
  95 | 4.61e-06
  96 | 4.29e-06
  97 | 4.01e-06
  98 | 3.76e-06
  99 | 3.55e-06
 100 | 3.36e-06
 101 | 3.20e-06
 102 | 3.06e-06
 103 | 2.94e-06
 104 | 2.83e-06
 105 | 2.74e-06
 106 | 2.65e-06
 107 | 2.58e-06
 108 | 2.51e-06
 109 | 2.46e-06
 110 | 2.41e-06
 111 | 2.36e-06
 112 | 2.32e-06
 113 | 2.29e-06
 114 | 2.26e-06
 115 | 2.24e-06
 116 | 2.24e-06
 117 | 2.24e-06
 118 | 2.25e-06
 119 | 2.27e-06
 120 | 2.29e-06
 121 | 2.31e-06
 122 | 2.35e-06
 123 | 2.39e-06
 124 | 2.43e-06
 125 | 2.49e-06
 126 | 2.56e-06
 127 | 2.65e-06
 128 | 2.74e-06
 129 | 2.85e-06
 130 | 2.96e-06
 131 | 3.08e-06
 132 | 3.22e-06
 133 | 3.37e-06
 134 | 3.53e-06
 135 | 3.70e-06
 136 | 3.90e-06
 137 | 4.11e-06
 138 | 4.32e-06
 139 | 4.52e-06
 140 | 4.68e-06
 141 | 4.88e-06
 142 | 5.07e-06
 143 | 5.28e-06
 144 | 5.51e-06
 145 | 5.76e-06
 146 | 6.01e-06
 147 | 6.27e-06
 148 | 6.53e-06
 149 | 6.79e-06
 150 | 7.04e-06
 151 | 7.30e-06
 152 | 7.50e-06
 153 | 7.68e-06
 154 | 7.87e-06
 155 | 8.01e-06
 156 | 8.14e-06
 157 | 8.24e-06
 158 | 8.31e-06
 159 | 8.23e-06
 160 | 8.13e-06
 161 | 8.06e-06
 162 | 7.91e-06
 163 | 7.68e-06
 164 | 7.44e-06
 165 | 7.16e-06
 166 | 6.92e-06
 167 | 6.63e-06
 168 | 6.35e-06
 169 | 6.06e-06
 170 | 5.77e-06
 171 | 5.49e-06
 172 | 5.19e-06
 173 | 4.91e-06
 174 | 4.66e-06
 175 | 4.44e-06
 176 | 4.17e-06
 177 | 3.89e-06
 178 | 3.65e-06
 179 | 3.40e-06
 180 | 3.21e-06
 181 | 2.97e-06
 182 | 2.83e-06
 183 | 2.70e-06
 184 | 2.58e-06
 185 | 2.48e-06
 186 | 2.40e-06
 187 | 2.34e-06
 188 | 2.27e-06
 189 | 2.19e-06
 190 | 2.14e-06
 191 | 2.11e-06
 192 | 2.08e-06
 193 | 2.03e-06
 194 | 2.01e-06
 195 | 1.96e-06
 196 | 1.93e-06
 197 | 1.92e-06
 198 | 1.91e-06
 199 | 1.91e-06
 200 | 1.90e-06
 201 | 1.90e-06
 202 | 1.91e-06
 203 | 1.91e-06
 204 | 1.91e-06
 205 | 1.91e-06
 206 | 1.91e-06
 207 | 1.91e-06
 208 | 1.91e-06
 209 | 1.90e-06
 210 | 1.89e-06
 211 | 1.88e-06
 212 | 1.86e-06
 213 | 1.84e-06
 214 | 1.80e-06
 215 | 1.77e-06
 216 | 1.75e-06
 217 | 1.73e-06
 218 | 1.71e-06
 219 | 1.68e-06
 220 | 1.66e-06
 221 | 1.64e-06
 222 | 1.62e-06
 223 | 1.60e-06
 224 | 1.58e-06
 225 | 1.55e-06
 226 | 1.53e-06
 227 | 1.51e-06
 228 | 1.48e-06
 229 | 1.46e-06
 230 | 1.44e-06
 231 | 1.43e-06
 232 | 1.41e-06
 233 | 1.39e-06
 234 | 1.38e-06
 235 | 1.36e-06
 236 | 1.35e-06
 237 | 1.33e-06
 238 | 1.31e-06
 239 | 1.29e-06
 240 | 1.28e-06
 241 | 1.26e-06
 242 | 1.25e-06
 243 | 1.24e-06
 244 | 1.22e-06
 245 | 1.21e-06
 246 | 1.19e-06
 247 | 1.18e-06
 248 | 1.17e-06
 249 | 1.15e-06
 250 | 1.13e-06
 251 | 1.11e-06
 252 | 1.09e-06
 253 | 1.07e-06
 254 | 1.06e-06
 255 | 1.04e-06
 256 | 1.02e-06
 257 | 1.00e-06
 258 | 9.80e-07
[2025-11-08 03:38:57] Run completed in 18.06 minutes
[2025-11-08 03:39:01] Saved NMF result to: /zata/zippy/kresgeb/nmf_stuff/dlPFC/data/batched_nmf/nmf_k50_seed1029_tol1e-06.rds
[2025-11-08 03:39:01] Appended run metadata to summary.csv
[2025-11-08 03:39:01] --------------------------------------------
[2025-11-08 03:39:01] Starting run 66 / 150: k=60, seed=1029, tol=1e-06
[2025-11-08 03:39:01] --------------------------------------------

iter |      tol 
---------------
   1 | 9.16e-01
   2 | 1.09e-01
   3 | 3.54e-02
   4 | 1.71e-02
   5 | 1.03e-02
   6 | 7.15e-03
   7 | 5.52e-03
   8 | 4.69e-03
   9 | 4.21e-03
  10 | 3.79e-03
  11 | 3.29e-03
  12 | 2.71e-03
  13 | 2.12e-03
  14 | 1.58e-03
  15 | 1.18e-03
  16 | 9.28e-04
  17 | 7.88e-04
  18 | 7.27e-04
  19 | 7.11e-04
  20 | 7.22e-04
  21 | 7.54e-04
  22 | 7.85e-04
  23 | 7.88e-04
  24 | 7.72e-04
  25 | 7.35e-04
  26 | 6.77e-04
  27 | 6.28e-04
  28 | 5.94e-04
  29 | 5.73e-04
  30 | 5.61e-04
  31 | 5.30e-04
  32 | 4.74e-04
  33 | 4.00e-04
  34 | 3.29e-04
  35 | 2.66e-04
  36 | 2.13e-04
  37 | 1.75e-04
  38 | 1.46e-04
  39 | 1.25e-04
  40 | 1.07e-04
  41 | 9.59e-05
  42 | 8.77e-05
  43 | 8.16e-05
  44 | 7.62e-05
  45 | 7.24e-05
  46 | 6.92e-05
  47 | 6.62e-05
  48 | 6.32e-05
  49 | 6.02e-05
  50 | 5.76e-05
  51 | 5.56e-05
  52 | 5.45e-05
  53 | 5.42e-05
  54 | 5.55e-05
  55 | 5.80e-05
  56 | 6.14e-05
  57 | 6.39e-05
  58 | 6.46e-05
  59 | 6.34e-05
  60 | 5.89e-05
  61 | 5.35e-05
  62 | 4.89e-05
  63 | 4.29e-05
  64 | 3.87e-05
  65 | 3.34e-05
  66 | 2.92e-05
  67 | 2.62e-05
  68 | 2.36e-05
  69 | 2.18e-05
  70 | 2.00e-05
  71 | 1.89e-05
  72 | 1.81e-05
  73 | 1.75e-05
  74 | 1.71e-05
  75 | 1.69e-05
  76 | 1.68e-05
  77 | 1.69e-05
  78 | 1.71e-05
  79 | 1.74e-05
  80 | 1.78e-05
  81 | 1.85e-05
  82 | 1.93e-05
  83 | 2.03e-05
  84 | 2.14e-05
  85 | 2.28e-05
  86 | 2.45e-05
  87 | 2.64e-05
  88 | 2.87e-05
  89 | 3.08e-05
  90 | 3.33e-05
  91 | 3.57e-05
  92 | 3.84e-05
  93 | 4.03e-05
  94 | 4.23e-05
  95 | 4.39e-05
  96 | 4.50e-05
  97 | 4.53e-05
  98 | 4.38e-05
  99 | 3.92e-05
 100 | 3.54e-05
 101 | 3.19e-05
 102 | 2.76e-05
 103 | 2.35e-05
 104 | 1.98e-05
 105 | 1.73e-05
 106 | 1.52e-05
 107 | 1.36e-05
 108 | 1.24e-05
 109 | 1.14e-05
 110 | 1.06e-05
 111 | 9.79e-06
 112 | 9.23e-06
 113 | 8.95e-06
 114 | 8.76e-06
 115 | 8.68e-06
 116 | 8.66e-06
 117 | 8.66e-06
 118 | 8.68e-06
 119 | 8.70e-06
 120 | 8.69e-06
 121 | 8.67e-06
 122 | 8.63e-06
 123 | 8.56e-06
 124 | 8.45e-06
 125 | 8.35e-06
 126 | 8.22e-06
 127 | 8.07e-06
 128 | 7.89e-06
 129 | 7.67e-06
 130 | 7.41e-06
 131 | 7.13e-06
 132 | 6.86e-06
 133 | 6.59e-06
 134 | 6.33e-06
 135 | 6.09e-06
 136 | 5.88e-06
 137 | 5.69e-06
 138 | 5.53e-06
 139 | 5.35e-06
 140 | 5.20e-06
 141 | 5.02e-06
 142 | 4.87e-06
 143 | 4.71e-06
 144 | 4.54e-06
 145 | 4.36e-06
 146 | 4.18e-06
 147 | 3.99e-06
 148 | 3.81e-06
 149 | 3.63e-06
 150 | 3.48e-06
 151 | 3.34e-06
 152 | 3.20e-06
 153 | 3.07e-06
 154 | 2.94e-06
 155 | 2.83e-06
 156 | 2.73e-06
 157 | 2.65e-06
 158 | 2.57e-06
 159 | 2.51e-06
 160 | 2.44e-06
 161 | 2.39e-06
 162 | 2.34e-06
 163 | 2.29e-06
 164 | 2.24e-06
 165 | 2.20e-06
 166 | 2.18e-06
 167 | 2.16e-06
 168 | 2.14e-06
 169 | 2.13e-06
 170 | 2.12e-06
 171 | 2.11e-06
 172 | 2.10e-06
 173 | 2.10e-06
 174 | 2.11e-06
 175 | 2.12e-06
 176 | 2.13e-06
 177 | 2.14e-06
 178 | 2.16e-06
 179 | 2.17e-06
 180 | 2.19e-06
 181 | 2.20e-06
 182 | 2.21e-06
 183 | 2.22e-06
 184 | 2.22e-06
 185 | 2.24e-06
 186 | 2.26e-06
 187 | 2.26e-06
 188 | 2.25e-06
 189 | 2.23e-06
 190 | 2.22e-06
 191 | 2.21e-06
 192 | 2.21e-06
 193 | 2.20e-06
 194 | 2.20e-06
 195 | 2.19e-06
 196 | 2.19e-06
 197 | 2.19e-06
 198 | 2.18e-06
 199 | 2.14e-06
 200 | 2.12e-06
 201 | 2.08e-06
 202 | 2.05e-06
 203 | 2.02e-06
 204 | 2.00e-06
 205 | 1.97e-06
 206 | 1.94e-06
 207 | 1.89e-06
 208 | 1.86e-06
 209 | 1.84e-06
 210 | 1.82e-06
 211 | 1.81e-06
 212 | 1.80e-06
 213 | 1.80e-06
 214 | 1.81e-06
 215 | 1.82e-06
 216 | 1.82e-06
 217 | 1.83e-06
 218 | 1.83e-06
 219 | 1.84e-06
 220 | 1.84e-06
 221 | 1.83e-06
 222 | 1.83e-06
 223 | 1.82e-06
 224 | 1.83e-06
 225 | 1.82e-06
 226 | 1.78e-06
 227 | 1.77e-06
 228 | 1.77e-06
 229 | 1.77e-06
 230 | 1.79e-06
 231 | 1.80e-06
 232 | 1.83e-06
 233 | 1.84e-06
 234 | 1.88e-06
 235 | 1.90e-06
 236 | 1.94e-06
 237 | 1.98e-06
 238 | 2.03e-06
 239 | 2.09e-06
 240 | 2.15e-06
 241 | 2.21e-06
 242 | 2.28e-06
 243 | 2.37e-06
 244 | 2.47e-06
 245 | 2.58e-06
 246 | 2.72e-06
 247 | 2.87e-06
 248 | 3.04e-06
 249 | 3.23e-06
 250 | 3.43e-06
 251 | 3.65e-06
 252 | 3.88e-06
 253 | 4.11e-06
 254 | 4.36e-06
 255 | 4.61e-06
 256 | 4.88e-06
 257 | 5.15e-06
 258 | 5.41e-06
 259 | 5.67e-06
 260 | 5.92e-06
 261 | 6.16e-06
 262 | 6.38e-06
 263 | 6.57e-06
 264 | 6.75e-06
 265 | 6.89e-06
 266 | 7.03e-06
 267 | 7.12e-06
 268 | 7.20e-06
 269 | 7.26e-06
 270 | 7.30e-06
 271 | 7.32e-06
 272 | 7.31e-06
 273 | 7.28e-06
 274 | 7.22e-06
 275 | 7.14e-06
 276 | 7.02e-06
 277 | 6.88e-06
 278 | 6.73e-06
 279 | 6.56e-06
 280 | 6.36e-06
 281 | 6.15e-06
 282 | 5.84e-06
 283 | 5.49e-06
 284 | 5.16e-06
 285 | 4.85e-06
 286 | 4.51e-06
 287 | 4.15e-06
 288 | 3.80e-06
 289 | 3.45e-06
 290 | 3.14e-06
 291 | 2.83e-06
 292 | 2.56e-06
 293 | 2.31e-06
 294 | 2.08e-06
 295 | 1.87e-06
 296 | 1.68e-06
 297 | 1.52e-06
 298 | 1.36e-06
 299 | 1.19e-06
 300 | 1.04e-06
 301 | 9.24e-07
[2025-11-08 04:05:42] Run completed in 26.69 minutes
[2025-11-08 04:05:47] Saved NMF result to: /zata/zippy/kresgeb/nmf_stuff/dlPFC/data/batched_nmf/nmf_k60_seed1029_tol1e-06.rds
[2025-11-08 04:05:47] Appended run metadata to summary.csv
[2025-11-08 04:05:47] --------------------------------------------
[2025-11-08 04:05:47] Starting run 67 / 150: k=70, seed=1029, tol=1e-06
[2025-11-08 04:05:47] --------------------------------------------

iter |      tol 
---------------
   1 | 9.16e-01
   2 | 1.03e-01
   3 | 3.53e-02
   4 | 1.86e-02
   5 | 1.16e-02
   6 | 7.59e-03
   7 | 5.28e-03
   8 | 4.02e-03
   9 | 3.31e-03
  10 | 2.85e-03
  11 | 2.55e-03
  12 | 2.33e-03
  13 | 2.19e-03
  14 | 2.04e-03
  15 | 1.89e-03
  16 | 1.70e-03
  17 | 1.50e-03
  18 | 1.31e-03
  19 | 1.14e-03
  20 | 9.96e-04
  21 | 8.78e-04
  22 | 7.87e-04
  23 | 7.19e-04
  24 | 6.58e-04
  25 | 6.07e-04
  26 | 5.72e-04
  27 | 5.49e-04
  28 | 5.42e-04
  29 | 5.48e-04
  30 | 5.56e-04
  31 | 5.60e-04
  32 | 5.57e-04
  33 | 5.43e-04
  34 | 5.11e-04
  35 | 4.74e-04
  36 | 4.45e-04
  37 | 4.25e-04
  38 | 4.08e-04
  39 | 3.87e-04
  40 | 3.61e-04
  41 | 3.24e-04
  42 | 2.79e-04
  43 | 2.33e-04
  44 | 1.88e-04
  45 | 1.52e-04
  46 | 1.24e-04
  47 | 1.02e-04
  48 | 8.27e-05
  49 | 7.29e-05
  50 | 6.54e-05
  51 | 5.84e-05
  52 | 5.32e-05
  53 | 4.92e-05
  54 | 4.58e-05
  55 | 4.31e-05
  56 | 4.09e-05
  57 | 3.88e-05
  58 | 3.69e-05
  59 | 3.54e-05
  60 | 3.38e-05
  61 | 3.23e-05
  62 | 3.06e-05
  63 | 2.90e-05
  64 | 2.72e-05
  65 | 2.56e-05
  66 | 2.44e-05
  67 | 2.35e-05
  68 | 2.28e-05
  69 | 2.21e-05
  70 | 2.15e-05
  71 | 2.11e-05
  72 | 2.08e-05
  73 | 2.07e-05
  74 | 1.97e-05
  75 | 1.95e-05
  76 | 1.97e-05
  77 | 1.99e-05
  78 | 2.05e-05
  79 | 2.09e-05
  80 | 2.15e-05
  81 | 2.22e-05
  82 | 2.30e-05
  83 | 2.42e-05
  84 | 2.55e-05
  85 | 2.63e-05
  86 | 2.75e-05
  87 | 2.89e-05
  88 | 3.04e-05
  89 | 3.18e-05
  90 | 3.25e-05
  91 | 3.28e-05
  92 | 3.26e-05
  93 | 3.21e-05
  94 | 3.13e-05
  95 | 3.02e-05
  96 | 2.88e-05
  97 | 2.71e-05
  98 | 2.51e-05
  99 | 2.07e-05
 100 | 1.81e-05
 101 | 1.57e-05
 102 | 1.35e-05
 103 | 1.16e-05
 104 | 1.01e-05
 105 | 8.92e-06
 106 | 7.65e-06
 107 | 6.79e-06
 108 | 6.16e-06
 109 | 5.68e-06
 110 | 5.31e-06
 111 | 5.06e-06
 112 | 4.87e-06
 113 | 4.69e-06
 114 | 4.53e-06
 115 | 4.43e-06
 116 | 4.37e-06
 117 | 4.30e-06
 118 | 4.27e-06
 119 | 4.26e-06
 120 | 4.25e-06
 121 | 4.24e-06
 122 | 4.24e-06
 123 | 4.24e-06
 124 | 4.26e-06
 125 | 4.10e-06
 126 | 4.03e-06
 127 | 3.96e-06
 128 | 3.93e-06
 129 | 3.90e-06
 130 | 3.86e-06
 131 | 3.82e-06
 132 | 3.78e-06
 133 | 3.73e-06
 134 | 3.68e-06
 135 | 3.62e-06
 136 | 3.57e-06
 137 | 3.51e-06
 138 | 3.44e-06
 139 | 3.38e-06
 140 | 3.32e-06
 141 | 3.26e-06
 142 | 3.19e-06
 143 | 3.11e-06
 144 | 3.03e-06
 145 | 2.95e-06
 146 | 2.89e-06
 147 | 2.82e-06
 148 | 2.76e-06
 149 | 2.70e-06
 150 | 2.63e-06
 151 | 2.56e-06
 152 | 2.48e-06
 153 | 2.41e-06
 154 | 2.34e-06
 155 | 2.27e-06
 156 | 2.18e-06
 157 | 2.09e-06
 158 | 2.01e-06
 159 | 1.94e-06
 160 | 1.88e-06
 161 | 1.82e-06
 162 | 1.76e-06
 163 | 1.71e-06
 164 | 1.67e-06
 165 | 1.63e-06
 166 | 1.60e-06
 167 | 1.57e-06
 168 | 1.54e-06
 169 | 1.51e-06
 170 | 1.48e-06
 171 | 1.45e-06
 172 | 1.43e-06
 173 | 1.42e-06
 174 | 1.41e-06
 175 | 1.40e-06
 176 | 1.40e-06
 177 | 1.39e-06
 178 | 1.39e-06
 179 | 1.40e-06
 180 | 1.40e-06
 181 | 1.41e-06
 182 | 1.42e-06
 183 | 1.44e-06
 184 | 1.46e-06
 185 | 1.48e-06
 186 | 1.51e-06
 187 | 1.54e-06
 188 | 1.56e-06
 189 | 1.59e-06
 190 | 1.63e-06
 191 | 1.67e-06
 192 | 1.71e-06
 193 | 1.76e-06
 194 | 1.81e-06
 195 | 1.86e-06
 196 | 1.93e-06
 197 | 2.00e-06
 198 | 2.07e-06
 199 | 2.15e-06
 200 | 2.24e-06
 201 | 2.34e-06
 202 | 2.42e-06
 203 | 2.49e-06
 204 | 2.56e-06
 205 | 2.64e-06
 206 | 2.72e-06
 207 | 2.81e-06
 208 | 2.89e-06
 209 | 2.98e-06
 210 | 3.08e-06
 211 | 3.19e-06
 212 | 3.29e-06
 213 | 3.39e-06
 214 | 3.54e-06
 215 | 3.70e-06
 216 | 3.88e-06
 217 | 4.12e-06
 218 | 4.41e-06
 219 | 4.74e-06
 220 | 5.11e-06
 221 | 5.50e-06
 222 | 5.95e-06
 223 | 6.44e-06
 224 | 6.97e-06
 225 | 7.56e-06
 226 | 8.17e-06
 227 | 8.80e-06
 228 | 9.41e-06
 229 | 9.93e-06
 230 | 1.05e-05
 231 | 1.10e-05
 232 | 1.14e-05
 233 | 1.17e-05
 234 | 1.19e-05
 235 | 1.21e-05
 236 | 1.23e-05
 237 | 1.25e-05
 238 | 1.25e-05
 239 | 1.25e-05
 240 | 1.25e-05
 241 | 1.24e-05
 242 | 1.22e-05
 243 | 1.21e-05
 244 | 1.20e-05
 245 | 1.20e-05
 246 | 1.22e-05
 247 | 1.26e-05
 248 | 1.31e-05
 249 | 1.39e-05
 250 | 1.49e-05
 251 | 1.59e-05
 252 | 1.72e-05
 253 | 1.89e-05
 254 | 2.12e-05
 255 | 2.37e-05
 256 | 2.66e-05
 257 | 3.00e-05
 258 | 3.42e-05
 259 | 3.95e-05
 260 | 4.56e-05
 261 | 5.24e-05
 262 | 6.01e-05
 263 | 6.77e-05
 264 | 7.46e-05
 265 | 8.16e-05
 266 | 8.84e-05
 267 | 9.47e-05
 268 | 9.85e-05
 269 | 9.85e-05
 270 | 9.67e-05
 271 | 9.15e-05
 272 | 8.47e-05
 273 | 7.62e-05
 274 | 6.67e-05
 275 | 5.67e-05
 276 | 4.71e-05
 277 | 3.81e-05
 278 | 3.04e-05
 279 | 2.46e-05
 280 | 1.96e-05
 281 | 1.49e-05
 282 | 1.18e-05
 283 | 9.44e-06
 284 | 7.63e-06
 285 | 6.24e-06
 286 | 5.14e-06
 287 | 4.32e-06
 288 | 3.69e-06
 289 | 3.20e-06
 290 | 2.83e-06
 291 | 2.53e-06
 292 | 2.29e-06
 293 | 2.11e-06
 294 | 1.96e-06
 295 | 1.83e-06
 296 | 1.72e-06
 297 | 1.60e-06
 298 | 1.53e-06
 299 | 1.47e-06
 300 | 1.41e-06
 301 | 1.35e-06
 302 | 1.29e-06
 303 | 1.24e-06
 304 | 1.19e-06
 305 | 1.15e-06
 306 | 1.10e-06
 307 | 1.06e-06
 308 | 1.02e-06
 309 | 9.82e-07
[2025-11-08 04:40:00] Run completed in 34.22 minutes
[2025-11-08 04:40:05] Saved NMF result to: /zata/zippy/kresgeb/nmf_stuff/dlPFC/data/batched_nmf/nmf_k70_seed1029_tol1e-06.rds
[2025-11-08 04:40:05] Appended run metadata to summary.csv
[2025-11-08 04:40:05] --------------------------------------------
[2025-11-08 04:40:05] Starting run 68 / 150: k=80, seed=1029, tol=1e-06
[2025-11-08 04:40:05] --------------------------------------------

iter |      tol 
---------------
   1 | 9.15e-01
   2 | 1.02e-01
   3 | 3.62e-02
   4 | 1.99e-02
   5 | 1.38e-02
   6 | 1.06e-02
   7 | 8.26e-03
   8 | 6.50e-03
   9 | 5.15e-03
  10 | 4.25e-03
  11 | 3.61e-03
  12 | 3.27e-03
  13 | 3.10e-03
  14 | 2.99e-03
  15 | 2.80e-03
  16 | 2.51e-03
  17 | 2.20e-03
  18 | 1.90e-03
  19 | 1.66e-03
  20 | 1.45e-03
  21 | 1.31e-03
  22 | 1.19e-03
  23 | 1.08e-03
  24 | 9.57e-04
  25 | 8.32e-04
  26 | 7.24e-04
  27 | 6.27e-04
  28 | 5.47e-04
  29 | 4.90e-04
  30 | 4.44e-04
  31 | 4.09e-04
  32 | 3.73e-04
  33 | 3.42e-04
  34 | 3.23e-04
  35 | 3.09e-04
  36 | 2.96e-04
  37 | 2.92e-04
  38 | 2.95e-04
  39 | 3.05e-04
  40 | 3.18e-04
  41 | 3.35e-04
  42 | 3.51e-04
  43 | 3.63e-04
  44 | 3.69e-04
  45 | 3.68e-04
  46 | 3.50e-04
  47 | 3.26e-04
  48 | 3.05e-04
  49 | 2.79e-04
  50 | 2.40e-04
  51 | 2.18e-04
  52 | 2.04e-04
  53 | 1.90e-04
  54 | 1.78e-04
  55 | 1.85e-04
  56 | 2.00e-04
  57 | 2.13e-04
  58 | 2.26e-04
  59 | 2.40e-04
  60 | 2.60e-04
  61 | 2.82e-04
  62 | 3.04e-04
  63 | 3.35e-04
  64 | 3.58e-04
  65 | 3.61e-04
  66 | 3.68e-04
  67 | 3.64e-04
  68 | 3.68e-04
  69 | 3.67e-04
  70 | 3.50e-04
  71 | 3.16e-04
  72 | 2.97e-04
  73 | 2.72e-04
  74 | 2.44e-04
  75 | 2.25e-04
  76 | 2.15e-04
  77 | 2.04e-04
  78 | 1.86e-04
  79 | 1.78e-04
  80 | 1.68e-04
  81 | 1.58e-04
  82 | 1.52e-04
  83 | 1.44e-04
  84 | 1.38e-04
  85 | 1.30e-04
  86 | 1.25e-04
  87 | 1.20e-04
  88 | 1.18e-04
  89 | 1.17e-04
  90 | 1.18e-04
  91 | 1.15e-04
  92 | 1.10e-04
  93 | 1.02e-04
  94 | 9.23e-05
  95 | 8.25e-05
  96 | 5.94e-05
  97 | 4.73e-05
  98 | 3.69e-05
  99 | 2.86e-05
 100 | 2.25e-05
 101 | 1.77e-05
 102 | 1.40e-05
 103 | 1.10e-05
 104 | 8.94e-06
 105 | 7.30e-06
 106 | 6.06e-06
 107 | 5.13e-06
 108 | 4.45e-06
 109 | 3.99e-06
 110 | 3.57e-06
 111 | 3.36e-06
 112 | 3.27e-06
 113 | 3.19e-06
 114 | 3.11e-06
 115 | 3.05e-06
 116 | 3.11e-06
 117 | 3.25e-06
 118 | 3.45e-06
 119 | 3.17e-06
 120 | 3.12e-06
 121 | 3.15e-06
 122 | 3.22e-06
 123 | 3.36e-06
 124 | 3.53e-06
 125 | 3.72e-06
 126 | 3.95e-06
 127 | 4.16e-06
 128 | 3.86e-06
 129 | 3.78e-06
 130 | 3.82e-06
 131 | 3.89e-06
 132 | 3.97e-06
 133 | 3.89e-06
 134 | 3.90e-06
 135 | 3.90e-06
 136 | 3.91e-06
 137 | 3.94e-06
 138 | 4.03e-06
 139 | 4.09e-06
 140 | 4.22e-06
 141 | 4.35e-06
 142 | 4.43e-06
 143 | 4.57e-06
 144 | 4.79e-06
 145 | 4.94e-06
 146 | 5.11e-06
 147 | 5.31e-06
 148 | 5.36e-06
 149 | 5.56e-06
 150 | 5.80e-06
 151 | 6.15e-06
 152 | 6.36e-06
 153 | 6.67e-06
 154 | 7.05e-06
 155 | 7.51e-06
 156 | 7.83e-06
 157 | 8.30e-06
 158 | 8.77e-06
 159 | 9.42e-06
 160 | 1.00e-05
 161 | 1.07e-05
 162 | 1.10e-05
 163 | 1.15e-05
 164 | 1.10e-05
 165 | 1.10e-05
 166 | 1.09e-05
 167 | 1.07e-05
 168 | 1.07e-05
 169 | 1.09e-05
 170 | 9.87e-06
 171 | 9.16e-06
 172 | 8.90e-06
 173 | 7.65e-06
 174 | 7.35e-06
 175 | 7.17e-06
 176 | 6.87e-06
 177 | 6.66e-06
 178 | 6.49e-06
 179 | 6.33e-06
 180 | 5.60e-06
 181 | 5.18e-06
 182 | 4.90e-06
 183 | 4.66e-06
 184 | 4.48e-06
 185 | 4.27e-06
 186 | 4.07e-06
 187 | 3.90e-06
 188 | 3.74e-06
 189 | 3.62e-06
 190 | 3.48e-06
 191 | 3.33e-06
 192 | 3.24e-06
 193 | 3.16e-06
 194 | 3.06e-06
 195 | 3.00e-06
 196 | 2.81e-06
 197 | 2.66e-06
 198 | 2.57e-06
 199 | 2.15e-06
 200 | 1.93e-06
 201 | 1.66e-06
 202 | 1.43e-06
 203 | 1.30e-06
 204 | 1.19e-06
 205 | 1.11e-06
 206 | 1.04e-06
 207 | 9.81e-07
[2025-11-08 05:08:05] Run completed in 28.01 minutes
[2025-11-08 05:08:11] Saved NMF result to: /zata/zippy/kresgeb/nmf_stuff/dlPFC/data/batched_nmf/nmf_k80_seed1029_tol1e-06.rds
[2025-11-08 05:08:11] Appended run metadata to summary.csv
[2025-11-08 05:08:11] --------------------------------------------
[2025-11-08 05:08:11] Starting run 69 / 150: k=90, seed=1029, tol=1e-06
[2025-11-08 05:08:11] --------------------------------------------

iter |      tol 
---------------
   1 | 9.13e-01
   2 | 1.09e-01
   3 | 3.63e-02
   4 | 1.87e-02
   5 | 1.15e-02
   6 | 8.01e-03
   7 | 6.05e-03
   8 | 4.89e-03
   9 | 4.03e-03
  10 | 3.40e-03
  11 | 2.98e-03
  12 | 2.65e-03
  13 | 2.38e-03
  14 | 2.12e-03
  15 | 1.91e-03
  16 | 1.75e-03
  17 | 1.64e-03
  18 | 1.54e-03
  19 | 1.46e-03
  20 | 1.39e-03
  21 | 1.32e-03
  22 | 1.26e-03
  23 | 1.23e-03
  24 | 1.22e-03
  25 | 1.25e-03
  26 | 1.24e-03
  27 | 1.26e-03
  28 | 1.27e-03
  29 | 1.24e-03
  30 | 1.17e-03
  31 | 1.07e-03
  32 | 9.44e-04
  33 | 8.58e-04
  34 | 7.84e-04
  35 | 7.07e-04
  36 | 6.33e-04
  37 | 5.50e-04
  38 | 4.74e-04
  39 | 4.15e-04
  40 | 3.68e-04
  41 | 3.30e-04
  42 | 2.95e-04
  43 | 2.75e-04
  44 | 2.56e-04
  45 | 2.37e-04
  46 | 2.25e-04
  47 | 2.15e-04
  48 | 2.03e-04
  49 | 1.97e-04
  50 | 1.84e-04
  51 | 1.79e-04
  52 | 1.80e-04
  53 | 1.82e-04
  54 | 1.89e-04
  55 | 2.05e-04
  56 | 2.26e-04
  57 | 2.61e-04
  58 | 3.13e-04
  59 | 3.80e-04
  60 | 4.68e-04
  61 | 5.68e-04
  62 | 6.88e-04
  63 | 7.72e-04
  64 | 8.20e-04
  65 | 8.74e-04
  66 | 8.21e-04
  67 | 7.00e-04
  68 | 6.06e-04
  69 | 5.38e-04
  70 | 4.47e-04
  71 | 3.72e-04
  72 | 2.56e-04
  73 | 1.92e-04
  74 | 1.27e-04
  75 | 8.00e-05
  76 | 6.21e-05
  77 | 4.91e-05
  78 | 3.98e-05
  79 | 3.26e-05
  80 | 2.83e-05
  81 | 2.56e-05
  82 | 2.40e-05
  83 | 2.34e-05
  84 | 2.33e-05
  85 | 2.37e-05
  86 | 2.47e-05
  87 | 2.50e-05
  88 | 2.57e-05
  89 | 2.71e-05
  90 | 2.87e-05
  91 | 3.03e-05
  92 | 3.06e-05
  93 | 3.19e-05
  94 | 3.36e-05
  95 | 3.53e-05
  96 | 3.69e-05
  97 | 3.92e-05
  98 | 4.21e-05
  99 | 4.44e-05
 100 | 4.77e-05
 101 | 5.05e-05
 102 | 5.36e-05
 103 | 5.65e-05
 104 | 6.01e-05
 105 | 6.41e-05
 106 | 6.80e-05
 107 | 6.91e-05
 108 | 6.99e-05
 109 | 6.91e-05
 110 | 6.62e-05
 111 | 6.22e-05
 112 | 5.81e-05
 113 | 5.12e-05
 114 | 4.48e-05
 115 | 3.50e-05
 116 | 2.92e-05
 117 | 2.52e-05
 118 | 2.08e-05
 119 | 1.76e-05
 120 | 1.51e-05
 121 | 1.32e-05
 122 | 1.15e-05
 123 | 9.69e-06
 124 | 8.37e-06
 125 | 7.41e-06
 126 | 6.73e-06
 127 | 5.14e-06
 128 | 4.48e-06
 129 | 4.14e-06
 130 | 3.91e-06
 131 | 3.79e-06
 132 | 3.71e-06
 133 | 3.69e-06
 134 | 3.67e-06
 135 | 3.71e-06
 136 | 3.78e-06
 137 | 3.88e-06
 138 | 4.03e-06
 139 | 4.21e-06
 140 | 4.40e-06
 141 | 4.63e-06
 142 | 4.88e-06
 143 | 5.11e-06
 144 | 5.26e-06
 145 | 5.53e-06
 146 | 5.78e-06
 147 | 6.10e-06
 148 | 6.45e-06
 149 | 6.82e-06
 150 | 7.20e-06
 151 | 7.59e-06
 152 | 7.95e-06
 153 | 8.27e-06
 154 | 8.62e-06
 155 | 8.68e-06
 156 | 8.70e-06
 157 | 5.96e-06
 158 | 6.03e-06
 159 | 6.12e-06
 160 | 6.34e-06
 161 | 6.58e-06
 162 | 6.77e-06
 163 | 7.03e-06
 164 | 7.33e-06
 165 | 7.62e-06
 166 | 7.92e-06
 167 | 8.20e-06
 168 | 8.36e-06
 169 | 8.46e-06
 170 | 8.21e-06
 171 | 7.92e-06
 172 | 7.94e-06
 173 | 7.91e-06
 174 | 7.85e-06
 175 | 7.76e-06
 176 | 7.61e-06
 177 | 7.35e-06
 178 | 7.07e-06
 179 | 6.75e-06
 180 | 6.42e-06
 181 | 6.10e-06
 182 | 5.77e-06
 183 | 5.43e-06
 184 | 5.06e-06
 185 | 4.74e-06
 186 | 4.45e-06
 187 | 4.11e-06
 188 | 3.74e-06
 189 | 3.25e-06
 190 | 3.00e-06
 191 | 2.81e-06
 192 | 2.64e-06
 193 | 2.51e-06
 194 | 2.41e-06
 195 | 2.34e-06
 196 | 2.30e-06
 197 | 2.28e-06
 198 | 2.28e-06
 199 | 2.30e-06
 200 | 2.33e-06
 201 | 2.39e-06
 202 | 2.43e-06
 203 | 2.48e-06
 204 | 2.56e-06
 205 | 2.63e-06
 206 | 2.69e-06
 207 | 2.79e-06
 208 | 2.88e-06
 209 | 2.97e-06
 210 | 3.07e-06
 211 | 3.16e-06
 212 | 3.27e-06
 213 | 3.39e-06
 214 | 3.55e-06
 215 | 3.71e-06
 216 | 3.86e-06
 217 | 4.00e-06
 218 | 4.14e-06
 219 | 4.15e-06
 220 | 4.27e-06
 221 | 4.42e-06
 222 | 4.55e-06
 223 | 4.60e-06
 224 | 4.69e-06
 225 | 4.80e-06
 226 | 4.91e-06
 227 | 5.15e-06
 228 | 5.44e-06
 229 | 5.70e-06
 230 | 5.89e-06
 231 | 6.09e-06
 232 | 6.40e-06
 233 | 6.75e-06
 234 | 7.18e-06
 235 | 7.56e-06
 236 | 7.89e-06
 237 | 7.54e-06
 238 | 7.12e-06
 239 | 6.99e-06
 240 | 7.01e-06
 241 | 6.93e-06
 242 | 6.96e-06
 243 | 7.01e-06
 244 | 6.86e-06
 245 | 6.63e-06
 246 | 6.48e-06
 247 | 5.74e-06
 248 | 5.62e-06
 249 | 5.43e-06
 250 | 5.34e-06
 251 | 5.16e-06
 252 | 4.88e-06
 253 | 4.69e-06
 254 | 4.52e-06
 255 | 4.42e-06
 256 | 4.29e-06
 257 | 4.16e-06
 258 | 4.08e-06
 259 | 4.00e-06
 260 | 3.96e-06
 261 | 3.94e-06
 262 | 3.91e-06
 263 | 3.86e-06
 264 | 3.83e-06
 265 | 3.79e-06
 266 | 3.68e-06
 267 | 3.61e-06
 268 | 3.56e-06
 269 | 3.50e-06
 270 | 3.44e-06
 271 | 3.35e-06
 272 | 3.29e-06
 273 | 3.11e-06
 274 | 2.94e-06
 275 | 2.75e-06
 276 | 2.63e-06
 277 | 2.53e-06
 278 | 2.38e-06
 279 | 2.27e-06
 280 | 2.17e-06
 281 | 2.04e-06
 282 | 1.94e-06
 283 | 1.87e-06
 284 | 1.80e-06
 285 | 1.73e-06
 286 | 1.68e-06
 287 | 1.64e-06
 288 | 1.61e-06
 289 | 1.54e-06
 290 | 1.51e-06
 291 | 1.49e-06
 292 | 1.47e-06
 293 | 1.45e-06
 294 | 1.42e-06
 295 | 1.40e-06
 296 | 1.39e-06
 297 | 1.38e-06
 298 | 1.36e-06
 299 | 1.34e-06
 300 | 1.33e-06
 301 | 1.32e-06
 302 | 1.31e-06
 303 | 1.31e-06
 304 | 1.31e-06
 305 | 1.28e-06
 306 | 1.22e-06
 307 | 1.20e-06
 308 | 1.18e-06
 309 | 1.17e-06
 310 | 1.16e-06
 311 | 1.15e-06
 312 | 1.14e-06
 313 | 1.13e-06
 314 | 1.11e-06
 315 | 1.08e-06
 316 | 1.06e-06
 317 | 1.05e-06
 318 | 1.04e-06
 319 | 1.03e-06
 320 | 1.02e-06
 321 | 1.00e-06
 322 | 9.75e-07
[2025-11-08 05:56:23] Run completed in 48.20 minutes
[2025-11-08 05:56:29] Saved NMF result to: /zata/zippy/kresgeb/nmf_stuff/dlPFC/data/batched_nmf/nmf_k90_seed1029_tol1e-06.rds
[2025-11-08 05:56:29] Appended run metadata to summary.csv
[2025-11-08 05:56:29] --------------------------------------------
[2025-11-08 05:56:29] Starting run 70 / 150: k=100, seed=1029, tol=1e-06
[2025-11-08 05:56:29] --------------------------------------------

iter |      tol 
---------------
   1 | 9.13e-01
   2 | 1.01e-01
   3 | 3.49e-02
   4 | 1.78e-02
   5 | 1.15e-02
   6 | 8.26e-03
   7 | 6.59e-03
   8 | 5.55e-03
   9 | 4.83e-03
  10 | 4.34e-03
  11 | 3.90e-03
  12 | 3.58e-03
  13 | 3.33e-03
  14 | 3.01e-03
  15 | 2.73e-03
  16 | 2.57e-03
  17 | 2.48e-03
  18 | 2.47e-03
  19 | 2.44e-03
  20 | 2.21e-03
  21 | 2.09e-03
  22 | 1.98e-03
  23 | 1.75e-03
  24 | 1.48e-03
  25 | 1.25e-03
  26 | 1.13e-03
  27 | 1.01e-03
  28 | 8.75e-04
  29 | 7.57e-04
  30 | 6.24e-04
  31 | 4.83e-04
  32 | 3.52e-04
  33 | 3.03e-04
  34 | 2.83e-04
  35 | 2.70e-04
  36 | 2.61e-04
  37 | 2.57e-04
  38 | 2.55e-04
  39 | 2.55e-04
  40 | 2.57e-04
  41 | 2.59e-04
  42 | 2.61e-04
  43 | 2.59e-04
  44 | 2.67e-04
  45 | 2.78e-04
  46 | 2.94e-04
  47 | 3.10e-04
  48 | 3.24e-04
  49 | 3.21e-04
  50 | 3.29e-04
  51 | 3.23e-04
  52 | 3.17e-04
  53 | 3.01e-04
  54 | 2.76e-04
  55 | 2.67e-04
  56 | 2.66e-04
  57 | 2.33e-04
  58 | 2.22e-04
  59 | 2.42e-04
  60 | 2.66e-04
  61 | 2.75e-04
  62 | 2.06e-04
  63 | 1.87e-04
  64 | 1.66e-04
  65 | 1.46e-04
  66 | 1.22e-04
  67 | 7.57e-05
  68 | 6.19e-05
  69 | 3.98e-05
  70 | 3.50e-05
  71 | 3.11e-05
  72 | 2.89e-05
  73 | 2.76e-05
  74 | 2.71e-05
  75 | 2.71e-05
  76 | 2.78e-05
  77 | 2.86e-05
  78 | 2.93e-05
  79 | 3.05e-05
  80 | 3.12e-05
  81 | 3.28e-05
  82 | 3.51e-05
  83 | 3.82e-05
  84 | 4.16e-05
  85 | 4.78e-05
  86 | 5.56e-05
  87 | 6.31e-05
  88 | 7.26e-05
  89 | 8.78e-05
  90 | 1.11e-04
  91 | 1.42e-04
  92 | 1.95e-04
  93 | 2.32e-04
  94 | 2.78e-04
  95 | 3.23e-04
  96 | 3.15e-04
  97 | 2.66e-04
  98 | 2.06e-04
  99 | 1.37e-04
 100 | 4.61e-05
 101 | 2.00e-05
 102 | 1.50e-05
 103 | 1.30e-05
 104 | 1.21e-05
 105 | 1.15e-05
 106 | 1.08e-05
 107 | 1.02e-05
 108 | 1.01e-05
 109 | 1.01e-05
 110 | 1.01e-05
 111 | 1.01e-05
 112 | 1.01e-05
 113 | 1.03e-05
 114 | 1.04e-05
 115 | 1.08e-05
 116 | 1.08e-05
 117 | 1.12e-05
 118 | 1.17e-05
 119 | 1.23e-05
 120 | 1.30e-05
 121 | 1.36e-05
 122 | 1.39e-05
 123 | 1.41e-05
 124 | 1.42e-05
 125 | 1.42e-05
 126 | 1.34e-05
 127 | 1.32e-05
 128 | 1.31e-05
 129 | 1.32e-05
 130 | 1.32e-05
 131 | 1.32e-05
 132 | 1.32e-05
 133 | 1.31e-05
 134 | 1.30e-05
 135 | 1.30e-05
 136 | 1.24e-05
 137 | 1.21e-05
 138 | 1.20e-05
 139 | 1.19e-05
 140 | 1.17e-05
 141 | 1.19e-05
 142 | 1.22e-05
 143 | 1.24e-05
 144 | 1.29e-05
 145 | 1.35e-05
 146 | 1.43e-05
 147 | 1.50e-05
 148 | 1.58e-05
 149 | 1.68e-05
 150 | 1.82e-05
 151 | 1.99e-05
 152 | 2.18e-05
 153 | 2.31e-05
 154 | 2.48e-05
 155 | 2.64e-05
 156 | 2.79e-05
 157 | 2.92e-05
 158 | 2.99e-05
 159 | 2.99e-05
 160 | 2.85e-05
 161 | 2.74e-05
 162 | 2.59e-05
 163 | 2.41e-05
 164 | 2.22e-05
 165 | 2.00e-05
 166 | 1.79e-05
 167 | 1.61e-05
 168 | 1.45e-05
 169 | 1.30e-05
 170 | 1.18e-05
 171 | 1.09e-05
 172 | 1.01e-05
 173 | 9.68e-06
 174 | 9.44e-06
 175 | 9.24e-06
 176 | 9.22e-06
 177 | 9.38e-06
 178 | 9.64e-06
 179 | 9.94e-06
 180 | 1.03e-05
 181 | 1.06e-05
 182 | 1.10e-05
 183 | 1.15e-05
 184 | 1.20e-05
 185 | 1.24e-05
 186 | 1.29e-05
 187 | 1.30e-05
 188 | 1.34e-05
 189 | 1.40e-05
 190 | 1.46e-05
 191 | 1.50e-05
 192 | 1.54e-05
 193 | 1.57e-05
 194 | 1.60e-05
 195 | 1.58e-05
 196 | 1.54e-05
 197 | 1.43e-05
 198 | 1.32e-05
 199 | 1.23e-05
 200 | 1.12e-05
 201 | 9.94e-06
 202 | 8.63e-06
 203 | 7.52e-06
 204 | 6.59e-06
 205 | 5.87e-06
 206 | 5.16e-06
 207 | 4.69e-06
 208 | 4.33e-06
 209 | 4.10e-06
 210 | 3.98e-06
 211 | 3.98e-06
 212 | 4.03e-06
 213 | 4.20e-06
 214 | 4.46e-06
 215 | 4.77e-06
 216 | 5.04e-06
 217 | 5.52e-06
 218 | 6.13e-06
 219 | 6.81e-06
 220 | 7.59e-06
 221 | 8.43e-06
 222 | 9.15e-06
 223 | 1.01e-05
 224 | 1.10e-05
 225 | 1.20e-05
 226 | 1.29e-05
 227 | 1.37e-05
 228 | 1.45e-05
 229 | 1.49e-05
 230 | 1.39e-05
 231 | 1.37e-05
 232 | 1.36e-05
 233 | 1.33e-05
 234 | 1.26e-05
 235 | 1.19e-05
 236 | 1.12e-05
 237 | 1.00e-05
 238 | 8.86e-06
 239 | 7.65e-06
 240 | 6.09e-06
 241 | 5.05e-06
 242 | 4.40e-06
 243 | 3.85e-06
 244 | 3.40e-06
 245 | 2.99e-06
 246 | 2.66e-06
 247 | 2.47e-06
 248 | 2.32e-06
 249 | 2.01e-06
 250 | 2.06e-06
 251 | 2.13e-06
 252 | 2.25e-06
 253 | 2.42e-06
 254 | 2.61e-06
 255 | 2.81e-06
 256 | 3.08e-06
 257 | 3.36e-06
 258 | 3.74e-06
 259 | 4.17e-06
 260 | 4.66e-06
 261 | 5.20e-06
 262 | 5.71e-06
 263 | 6.44e-06
 264 | 7.33e-06
 265 | 8.20e-06
 266 | 9.04e-06
 267 | 9.94e-06
 268 | 1.10e-05
 269 | 1.21e-05
 270 | 1.19e-05
 271 | 1.12e-05
 272 | 1.14e-05
 273 | 1.15e-05
 274 | 1.16e-05
 275 | 1.19e-05
 276 | 1.19e-05
 277 | 1.14e-05
 278 | 1.10e-05
 279 | 1.07e-05
 280 | 1.04e-05
 281 | 1.03e-05
 282 | 1.01e-05
 283 | 9.89e-06
 284 | 9.46e-06
 285 | 8.66e-06
 286 | 7.71e-06
 287 | 7.25e-06
 288 | 6.96e-06
 289 | 6.69e-06
 290 | 6.34e-06
 291 | 6.10e-06
 292 | 5.89e-06
 293 | 5.63e-06
 294 | 5.36e-06
 295 | 5.20e-06
 296 | 5.05e-06
 297 | 4.87e-06
 298 | 4.76e-06
 299 | 4.66e-06
 300 | 4.56e-06
 301 | 4.47e-06
 302 | 4.35e-06
 303 | 4.27e-06
 304 | 4.19e-06
 305 | 4.14e-06
 306 | 4.12e-06
 307 | 3.56e-06
 308 | 3.22e-06
 309 | 3.01e-06
 310 | 2.87e-06
 311 | 2.77e-06
 312 | 2.70e-06
 313 | 2.62e-06
 314 | 2.54e-06
 315 | 2.49e-06
 316 | 2.45e-06
 317 | 2.41e-06
 318 | 2.39e-06
 319 | 2.27e-06
 320 | 2.18e-06
 321 | 2.14e-06
 322 | 2.04e-06
 323 | 1.98e-06
 324 | 1.84e-06
 325 | 1.79e-06
 326 | 1.75e-06
 327 | 1.71e-06
 328 | 1.65e-06
 329 | 1.57e-06
 330 | 1.53e-06
 331 | 1.51e-06
 332 | 1.52e-06
 333 | 1.52e-06
 334 | 1.53e-06
 335 | 1.53e-06
 336 | 1.53e-06
 337 | 1.53e-06
 338 | 1.54e-06
 339 | 1.55e-06
 340 | 1.56e-06
 341 | 1.56e-06
 342 | 1.56e-06
 343 | 1.55e-06
 344 | 1.50e-06
 345 | 1.45e-06
 346 | 1.44e-06
 347 | 1.42e-06
 348 | 1.39e-06
 349 | 1.28e-06
 350 | 1.27e-06
 351 | 1.27e-06
 352 | 1.25e-06
 353 | 1.24e-06
 354 | 1.23e-06
 355 | 1.22e-06
 356 | 1.20e-06
 357 | 1.19e-06
 358 | 1.17e-06
 359 | 1.15e-06
 360 | 1.15e-06
 361 | 1.14e-06
 362 | 1.14e-06
 363 | 1.13e-06
 364 | 1.13e-06
 365 | 1.12e-06
 366 | 1.12e-06
 367 | 1.13e-06
 368 | 1.13e-06
 369 | 1.15e-06
 370 | 1.13e-06
 371 | 1.17e-06
 372 | 1.23e-06
 373 | 1.30e-06
 374 | 1.37e-06
 375 | 1.45e-06
 376 | 1.53e-06
 377 | 1.61e-06
 378 | 1.70e-06
 379 | 1.80e-06
 380 | 1.90e-06
 381 | 2.00e-06
 382 | 2.12e-06
 383 | 2.22e-06
 384 | 2.35e-06
 385 | 2.51e-06
 386 | 2.68e-06
 387 | 2.86e-06
 388 | 3.04e-06
 389 | 3.23e-06
 390 | 3.43e-06
 391 | 3.66e-06
 392 | 3.88e-06
 393 | 4.09e-06
 394 | 4.27e-06
 395 | 4.42e-06
 396 | 4.53e-06
 397 | 4.61e-06
 398 | 4.64e-06
 399 | 4.60e-06
 400 | 4.47e-06
 401 | 4.30e-06
 402 | 4.07e-06
 403 | 3.79e-06
 404 | 3.47e-06
 405 | 3.14e-06
 406 | 2.81e-06
 407 | 2.46e-06
 408 | 2.13e-06
 409 | 1.83e-06
 410 | 1.56e-06
 411 | 1.32e-06
 412 | 1.11e-06
 413 | 9.30e-07
[2025-11-08 07:07:21] Run completed in 70.87 minutes
[2025-11-08 07:07:28] Saved NMF result to: /zata/zippy/kresgeb/nmf_stuff/dlPFC/data/batched_nmf/nmf_k100_seed1029_tol1e-06.rds
[2025-11-08 07:07:28] Appended run metadata to summary.csv
[2025-11-08 07:07:28] --------------------------------------------
[2025-11-08 07:07:28] Starting run 71 / 150: k=10, seed=31415, tol=1e-06
[2025-11-08 07:07:28] --------------------------------------------

iter |      tol 
---------------
   1 | 9.31e-01
   2 | 1.13e-01
   3 | 1.99e-02
   4 | 1.09e-02
   5 | 7.19e-03
   6 | 4.44e-03
   7 | 2.59e-03
   8 | 1.75e-03
   9 | 1.17e-03
  10 | 7.41e-04
  11 | 4.66e-04
  12 | 2.96e-04
  13 | 1.94e-04
  14 | 1.32e-04
  15 | 9.23e-05
  16 | 6.62e-05
  17 | 4.85e-05
  18 | 3.65e-05
  19 | 2.81e-05
  20 | 2.21e-05
  21 | 1.78e-05
  22 | 1.46e-05
  23 | 1.22e-05
  24 | 1.05e-05
  25 | 9.08e-06
  26 | 8.00e-06
  27 | 7.13e-06
  28 | 6.42e-06
  29 | 5.82e-06
  30 | 5.31e-06
  31 | 4.85e-06
  32 | 4.45e-06
  33 | 4.10e-06
  34 | 3.78e-06
  35 | 3.49e-06
  36 | 3.23e-06
  37 | 2.98e-06
  38 | 2.76e-06
  39 | 2.55e-06
  40 | 2.35e-06
  41 | 2.17e-06
  42 | 2.00e-06
  43 | 1.83e-06
  44 | 1.68e-06
  45 | 1.53e-06
  46 | 1.40e-06
  47 | 1.27e-06
  48 | 1.14e-06
  49 | 1.00e-06
  50 | 8.92e-07
[2025-11-08 07:10:07] Run completed in 2.66 minutes
[2025-11-08 07:10:08] Saved NMF result to: /zata/zippy/kresgeb/nmf_stuff/dlPFC/data/batched_nmf/nmf_k10_seed31415_tol1e-06.rds
[2025-11-08 07:10:08] Appended run metadata to summary.csv
[2025-11-08 07:10:08] --------------------------------------------
[2025-11-08 07:10:08] Starting run 72 / 150: k=20, seed=31415, tol=1e-06
[2025-11-08 07:10:08] --------------------------------------------

iter |      tol 
---------------
   1 | 9.25e-01
   2 | 1.24e-01
   3 | 3.95e-02
   4 | 1.84e-02
   5 | 1.11e-02
   6 | 8.96e-03
   7 | 6.91e-03
   8 | 4.72e-03
   9 | 3.03e-03
  10 | 1.90e-03
  11 | 1.18e-03
  12 | 7.46e-04
  13 | 4.88e-04
  14 | 3.28e-04
  15 | 2.29e-04
  16 | 1.67e-04
  17 | 1.32e-04
  18 | 1.09e-04
  19 | 9.40e-05
  20 | 8.39e-05
  21 | 7.71e-05
  22 | 7.24e-05
  23 | 6.87e-05
  24 | 6.56e-05
  25 | 6.37e-05
  26 | 6.26e-05
  27 | 6.17e-05
  28 | 6.12e-05
  29 | 6.12e-05
  30 | 6.17e-05
  31 | 6.21e-05
  32 | 6.20e-05
  33 | 6.14e-05
  34 | 6.06e-05
  35 | 6.00e-05
  36 | 5.98e-05
  37 | 6.00e-05
  38 | 6.04e-05
  39 | 6.08e-05
  40 | 6.11e-05
  41 | 6.17e-05
  42 | 6.22e-05
  43 | 6.34e-05
  44 | 6.59e-05
  45 | 6.99e-05
  46 | 7.62e-05
  47 | 8.26e-05
  48 | 8.71e-05
  49 | 8.87e-05
  50 | 8.53e-05
  51 | 7.68e-05
  52 | 6.49e-05
  53 | 5.22e-05
  54 | 4.16e-05
  55 | 3.33e-05
  56 | 2.76e-05
  57 | 2.39e-05
  58 | 2.13e-05
  59 | 1.94e-05
  60 | 1.80e-05
  61 | 1.66e-05
  62 | 1.54e-05
  63 | 1.42e-05
  64 | 1.30e-05
  65 | 1.17e-05
  66 | 1.03e-05
  67 | 8.89e-06
  68 | 7.45e-06
  69 | 6.09e-06
  70 | 4.90e-06
  71 | 3.97e-06
  72 | 3.29e-06
  73 | 2.80e-06
  74 | 2.45e-06
  75 | 2.20e-06
  76 | 2.01e-06
  77 | 1.88e-06
  78 | 1.79e-06
  79 | 1.72e-06
  80 | 1.66e-06
  81 | 1.61e-06
  82 | 1.57e-06
  83 | 1.54e-06
  84 | 1.51e-06
  85 | 1.48e-06
  86 | 1.46e-06
  87 | 1.45e-06
  88 | 1.43e-06
  89 | 1.41e-06
  90 | 1.40e-06
  91 | 1.38e-06
  92 | 1.37e-06
  93 | 1.36e-06
  94 | 1.34e-06
  95 | 1.32e-06
  96 | 1.30e-06
  97 | 1.29e-06
  98 | 1.27e-06
  99 | 1.26e-06
 100 | 1.24e-06
 101 | 1.23e-06
 102 | 1.21e-06
 103 | 1.20e-06
 104 | 1.18e-06
 105 | 1.17e-06
 106 | 1.15e-06
 107 | 1.14e-06
 108 | 1.12e-06
 109 | 1.11e-06
 110 | 1.10e-06
 111 | 1.08e-06
 112 | 1.06e-06
 113 | 1.05e-06
 114 | 1.03e-06
 115 | 1.02e-06
 116 | 1.00e-06
 117 | 9.90e-07
[2025-11-08 07:14:34] Run completed in 4.43 minutes
[2025-11-08 07:14:36] Saved NMF result to: /zata/zippy/kresgeb/nmf_stuff/dlPFC/data/batched_nmf/nmf_k20_seed31415_tol1e-06.rds
[2025-11-08 07:14:36] Appended run metadata to summary.csv
[2025-11-08 07:14:36] --------------------------------------------
[2025-11-08 07:14:36] Starting run 73 / 150: k=30, seed=31415, tol=1e-06
[2025-11-08 07:14:36] --------------------------------------------

iter |      tol 
---------------
   1 | 9.24e-01
   2 | 1.15e-01
   3 | 3.35e-02
   4 | 1.59e-02
   5 | 8.92e-03
   6 | 6.15e-03
   7 | 4.77e-03
   8 | 3.74e-03
   9 | 3.01e-03
  10 | 2.50e-03
  11 | 2.08e-03
  12 | 1.77e-03
  13 | 1.53e-03
  14 | 1.28e-03
  15 | 1.03e-03
  16 | 8.36e-04
  17 | 6.89e-04
  18 | 5.72e-04
  19 | 4.91e-04
  20 | 4.34e-04
  21 | 3.98e-04
  22 | 3.74e-04
  23 | 3.56e-04
  24 | 3.40e-04
  25 | 3.27e-04
  26 | 3.14e-04
  27 | 2.95e-04
  28 | 2.73e-04
  29 | 2.51e-04
  30 | 2.30e-04
  31 | 2.11e-04
  32 | 1.91e-04
  33 | 1.73e-04
  34 | 1.59e-04
  35 | 1.49e-04
  36 | 1.41e-04
  37 | 1.37e-04
  38 | 1.36e-04
  39 | 1.36e-04
  40 | 1.38e-04
  41 | 1.41e-04
  42 | 1.44e-04
  43 | 1.45e-04
  44 | 1.42e-04
  45 | 1.39e-04
  46 | 1.33e-04
  47 | 1.24e-04
  48 | 1.15e-04
  49 | 1.09e-04
  50 | 1.05e-04
  51 | 1.05e-04
  52 | 1.06e-04
  53 | 1.08e-04
  54 | 1.09e-04
  55 | 1.09e-04
  56 | 1.08e-04
  57 | 1.05e-04
  58 | 1.01e-04
  59 | 9.78e-05
  60 | 9.47e-05
  61 | 9.24e-05
  62 | 9.07e-05
  63 | 8.94e-05
  64 | 8.85e-05
  65 | 8.72e-05
  66 | 8.47e-05
  67 | 8.00e-05
  68 | 7.30e-05
  69 | 6.38e-05
  70 | 5.35e-05
  71 | 4.37e-05
  72 | 3.51e-05
  73 | 2.81e-05
  74 | 2.25e-05
  75 | 1.81e-05
  76 | 1.47e-05
  77 | 1.20e-05
  78 | 9.86e-06
  79 | 8.20e-06
  80 | 6.91e-06
  81 | 5.88e-06
  82 | 5.05e-06
  83 | 4.36e-06
  84 | 3.80e-06
  85 | 3.36e-06
  86 | 2.99e-06
  87 | 2.69e-06
  88 | 2.44e-06
  89 | 2.23e-06
  90 | 2.05e-06
  91 | 1.90e-06
  92 | 1.76e-06
  93 | 1.64e-06
  94 | 1.53e-06
  95 | 1.43e-06
  96 | 1.35e-06
  97 | 1.27e-06
  98 | 1.19e-06
  99 | 1.13e-06
 100 | 1.07e-06
 101 | 1.02e-06
 102 | 9.70e-07
[2025-11-08 07:19:54] Run completed in 5.30 minutes
[2025-11-08 07:19:56] Saved NMF result to: /zata/zippy/kresgeb/nmf_stuff/dlPFC/data/batched_nmf/nmf_k30_seed31415_tol1e-06.rds
[2025-11-08 07:19:56] Appended run metadata to summary.csv
[2025-11-08 07:19:56] --------------------------------------------
[2025-11-08 07:19:56] Starting run 74 / 150: k=40, seed=31415, tol=1e-06
[2025-11-08 07:19:56] --------------------------------------------

iter |      tol 
---------------
   1 | 9.20e-01
   2 | 1.13e-01
   3 | 3.17e-02
   4 | 1.62e-02
   5 | 1.04e-02
   6 | 8.64e-03
   7 | 5.82e-03
   8 | 4.23e-03
   9 | 3.32e-03
  10 | 2.70e-03
  11 | 2.21e-03
  12 | 1.85e-03
  13 | 1.60e-03
  14 | 1.44e-03
  15 | 1.38e-03
  16 | 1.34e-03
  17 | 1.27e-03
  18 | 1.12e-03
  19 | 9.51e-04
  20 | 8.00e-04
  21 | 6.72e-04
  22 | 5.63e-04
  23 | 4.76e-04
  24 | 4.07e-04
  25 | 3.57e-04
  26 | 3.19e-04
  27 | 2.91e-04
  28 | 2.71e-04
  29 | 2.57e-04
  30 | 2.42e-04
  31 | 2.23e-04
  32 | 1.99e-04
  33 | 1.73e-04
  34 | 1.50e-04
  35 | 1.32e-04
  36 | 1.16e-04
  37 | 1.02e-04
  38 | 9.05e-05
  39 | 8.00e-05
  40 | 7.14e-05
  41 | 6.43e-05
  42 | 5.84e-05
  43 | 5.36e-05
  44 | 4.99e-05
  45 | 4.71e-05
  46 | 4.48e-05
  47 | 4.30e-05
  48 | 4.13e-05
  49 | 3.94e-05
  50 | 3.78e-05
  51 | 3.64e-05
  52 | 3.53e-05
  53 | 3.42e-05
  54 | 3.33e-05
  55 | 3.24e-05
  56 | 3.18e-05
  57 | 3.15e-05
  58 | 3.14e-05
  59 | 3.13e-05
  60 | 3.13e-05
  61 | 3.14e-05
  62 | 3.11e-05
  63 | 3.03e-05
  64 | 2.93e-05
  65 | 2.78e-05
  66 | 2.60e-05
  67 | 2.42e-05
  68 | 2.24e-05
  69 | 2.06e-05
  70 | 1.90e-05
  71 | 1.74e-05
  72 | 1.61e-05
  73 | 1.49e-05
  74 | 1.39e-05
  75 | 1.29e-05
  76 | 1.20e-05
  77 | 1.11e-05
  78 | 1.04e-05
  79 | 9.68e-06
  80 | 8.98e-06
  81 | 8.35e-06
  82 | 7.78e-06
  83 | 7.25e-06
  84 | 6.74e-06
  85 | 6.32e-06
  86 | 5.92e-06
  87 | 5.57e-06
  88 | 5.24e-06
  89 | 4.97e-06
  90 | 4.73e-06
  91 | 4.49e-06
  92 | 4.25e-06
  93 | 4.03e-06
  94 | 3.84e-06
  95 | 3.68e-06
  96 | 3.51e-06
  97 | 3.36e-06
  98 | 3.23e-06
  99 | 3.10e-06
 100 | 2.98e-06
 101 | 2.86e-06
 102 | 2.73e-06
 103 | 2.61e-06
 104 | 2.50e-06
 105 | 2.39e-06
 106 | 2.29e-06
 107 | 2.20e-06
 108 | 2.12e-06
 109 | 2.04e-06
 110 | 1.97e-06
 111 | 1.89e-06
 112 | 1.83e-06
 113 | 1.75e-06
 114 | 1.68e-06
 115 | 1.61e-06
 116 | 1.56e-06
 117 | 1.51e-06
 118 | 1.46e-06
 119 | 1.42e-06
 120 | 1.38e-06
 121 | 1.34e-06
 122 | 1.30e-06
 123 | 1.26e-06
 124 | 1.23e-06
 125 | 1.21e-06
 126 | 1.19e-06
 127 | 1.17e-06
 128 | 1.16e-06
 129 | 1.15e-06
 130 | 1.13e-06
 131 | 1.12e-06
 132 | 1.12e-06
 133 | 1.11e-06
 134 | 1.12e-06
 135 | 1.12e-06
 136 | 1.12e-06
 137 | 1.11e-06
 138 | 1.11e-06
 139 | 1.10e-06
 140 | 1.10e-06
 141 | 1.10e-06
 142 | 1.09e-06
 143 | 1.08e-06
 144 | 1.08e-06
 145 | 1.08e-06
 146 | 1.07e-06
 147 | 1.07e-06
 148 | 1.06e-06
 149 | 1.05e-06
 150 | 1.04e-06
 151 | 1.01e-06
 152 | 9.80e-07
[2025-11-08 07:29:22] Run completed in 9.42 minutes
[2025-11-08 07:29:24] Saved NMF result to: /zata/zippy/kresgeb/nmf_stuff/dlPFC/data/batched_nmf/nmf_k40_seed31415_tol1e-06.rds
[2025-11-08 07:29:24] Appended run metadata to summary.csv
[2025-11-08 07:29:24] --------------------------------------------
[2025-11-08 07:29:24] Starting run 75 / 150: k=50, seed=31415, tol=1e-06
[2025-11-08 07:29:24] --------------------------------------------

iter |      tol 
---------------
   1 | 9.18e-01
   2 | 1.13e-01
   3 | 3.83e-02
   4 | 1.86e-02
   5 | 1.14e-02
   6 | 8.03e-03
   7 | 6.04e-03
   8 | 4.66e-03
   9 | 3.79e-03
  10 | 3.13e-03
  11 | 2.65e-03
  12 | 2.28e-03
  13 | 1.96e-03
  14 | 1.70e-03
  15 | 1.46e-03
  16 | 1.24e-03
  17 | 1.06e-03
  18 | 9.38e-04
  19 | 8.71e-04
  20 | 8.36e-04
  21 | 8.26e-04
  22 | 8.07e-04
  23 | 7.61e-04
  24 | 6.81e-04
  25 | 5.83e-04
  26 | 4.79e-04
  27 | 3.85e-04
  28 | 3.11e-04
  29 | 2.47e-04
  30 | 2.02e-04
  31 | 1.68e-04
  32 | 1.44e-04
  33 | 1.26e-04
  34 | 1.13e-04
  35 | 1.05e-04
  36 | 1.01e-04
  37 | 9.99e-05
  38 | 1.03e-04
  39 | 1.10e-04
  40 | 1.21e-04
  41 | 1.38e-04
  42 | 1.61e-04
  43 | 1.87e-04
  44 | 2.13e-04
  45 | 2.36e-04
  46 | 2.51e-04
  47 | 2.52e-04
  48 | 2.37e-04
  49 | 2.13e-04
  50 | 1.91e-04
  51 | 1.72e-04
  52 | 1.56e-04
  53 | 1.45e-04
  54 | 1.40e-04
  55 | 1.36e-04
  56 | 1.31e-04
  57 | 1.24e-04
  58 | 1.14e-04
  59 | 1.02e-04
  60 | 9.10e-05
  61 | 7.91e-05
  62 | 6.72e-05
  63 | 5.59e-05
  64 | 4.61e-05
  65 | 3.78e-05
  66 | 3.10e-05
  67 | 2.55e-05
  68 | 2.11e-05
  69 | 1.77e-05
  70 | 1.51e-05
  71 | 1.30e-05
  72 | 1.13e-05
  73 | 9.97e-06
  74 | 8.96e-06
  75 | 8.18e-06
  76 | 7.53e-06
  77 | 6.98e-06
  78 | 6.52e-06
  79 | 6.11e-06
  80 | 5.79e-06
  81 | 5.54e-06
  82 | 5.31e-06
  83 | 5.11e-06
  84 | 4.95e-06
  85 | 4.84e-06
  86 | 4.74e-06
  87 | 4.66e-06
  88 | 4.57e-06
  89 | 4.48e-06
  90 | 4.39e-06
  91 | 4.29e-06
  92 | 4.22e-06
  93 | 4.17e-06
  94 | 4.14e-06
  95 | 4.13e-06
  96 | 4.14e-06
  97 | 4.14e-06
  98 | 4.14e-06
  99 | 4.12e-06
 100 | 4.15e-06
 101 | 4.20e-06
 102 | 4.27e-06
 103 | 4.37e-06
 104 | 4.41e-06
 105 | 4.48e-06
 106 | 4.58e-06
 107 | 4.68e-06
 108 | 4.78e-06
 109 | 4.88e-06
 110 | 4.98e-06
 111 | 5.07e-06
 112 | 5.17e-06
 113 | 5.26e-06
 114 | 5.30e-06
 115 | 5.38e-06
 116 | 5.44e-06
 117 | 5.51e-06
 118 | 5.59e-06
 119 | 5.67e-06
 120 | 5.74e-06
 121 | 5.79e-06
 122 | 5.82e-06
 123 | 5.82e-06
 124 | 5.80e-06
 125 | 5.77e-06
 126 | 5.73e-06
 127 | 5.64e-06
 128 | 5.56e-06
 129 | 5.49e-06
 130 | 5.41e-06
 131 | 5.31e-06
 132 | 5.18e-06
 133 | 5.07e-06
 134 | 4.95e-06
 135 | 4.84e-06
 136 | 4.69e-06
 137 | 4.53e-06
 138 | 4.28e-06
 139 | 4.08e-06
 140 | 3.91e-06
 141 | 3.73e-06
 142 | 3.56e-06
 143 | 3.40e-06
 144 | 3.25e-06
 145 | 3.10e-06
 146 | 2.95e-06
 147 | 2.81e-06
 148 | 2.66e-06
 149 | 2.54e-06
 150 | 2.43e-06
 151 | 2.30e-06
 152 | 2.19e-06
 153 | 2.09e-06
 154 | 1.99e-06
 155 | 1.88e-06
 156 | 1.82e-06
 157 | 1.81e-06
 158 | 1.71e-06
 159 | 1.67e-06
 160 | 1.56e-06
 161 | 1.46e-06
 162 | 1.40e-06
 163 | 1.29e-06
 164 | 1.18e-06
 165 | 1.08e-06
 166 | 9.87e-07
[2025-11-08 07:42:01] Run completed in 12.61 minutes
[2025-11-08 07:42:05] Saved NMF result to: /zata/zippy/kresgeb/nmf_stuff/dlPFC/data/batched_nmf/nmf_k50_seed31415_tol1e-06.rds
[2025-11-08 07:42:05] Appended run metadata to summary.csv
[2025-11-08 07:42:05] --------------------------------------------
[2025-11-08 07:42:05] Starting run 76 / 150: k=60, seed=31415, tol=1e-06
[2025-11-08 07:42:05] --------------------------------------------

iter |      tol 
---------------
   1 | 9.15e-01
   2 | 1.08e-01
   3 | 3.62e-02
   4 | 1.83e-02
   5 | 1.16e-02
   6 | 7.67e-03
   7 | 5.31e-03
   8 | 3.98e-03
   9 | 3.21e-03
  10 | 2.72e-03
  11 | 2.36e-03
  12 | 2.09e-03
  13 | 1.86e-03
  14 | 1.65e-03
  15 | 1.45e-03
  16 | 1.27e-03
  17 | 1.14e-03
  18 | 1.04e-03
  19 | 9.54e-04
  20 | 8.75e-04
  21 | 8.11e-04
  22 | 7.69e-04
  23 | 7.36e-04
  24 | 7.08e-04
  25 | 6.74e-04
  26 | 6.35e-04
  27 | 5.82e-04
  28 | 5.24e-04
  29 | 4.65e-04
  30 | 4.01e-04
  31 | 3.49e-04
  32 | 3.16e-04
  33 | 2.92e-04
  34 | 2.68e-04
  35 | 2.40e-04
  36 | 2.13e-04
  37 | 1.86e-04
  38 | 1.63e-04
  39 | 1.46e-04
  40 | 1.34e-04
  41 | 1.27e-04
  42 | 1.20e-04
  43 | 1.13e-04
  44 | 1.12e-04
  45 | 1.11e-04
  46 | 1.11e-04
  47 | 1.10e-04
  48 | 1.09e-04
  49 | 1.04e-04
  50 | 9.73e-05
  51 | 8.95e-05
  52 | 8.20e-05
  53 | 7.61e-05
  54 | 7.11e-05
  55 | 6.63e-05
  56 | 6.13e-05
  57 | 5.74e-05
  58 | 5.39e-05
  59 | 5.10e-05
  60 | 4.81e-05
  61 | 4.55e-05
  62 | 4.30e-05
  63 | 4.13e-05
  64 | 3.99e-05
  65 | 3.86e-05
  66 | 3.71e-05
  67 | 3.55e-05
  68 | 3.34e-05
  69 | 3.17e-05
  70 | 2.95e-05
  71 | 2.74e-05
  72 | 2.55e-05
  73 | 2.31e-05
  74 | 2.10e-05
  75 | 1.92e-05
  76 | 1.75e-05
  77 | 1.60e-05
  78 | 1.46e-05
  79 | 1.32e-05
  80 | 1.20e-05
  81 | 1.09e-05
  82 | 1.00e-05
  83 | 9.23e-06
  84 | 8.59e-06
  85 | 8.05e-06
  86 | 7.64e-06
  87 | 7.28e-06
  88 | 6.97e-06
  89 | 6.71e-06
  90 | 6.48e-06
  91 | 6.29e-06
  92 | 6.10e-06
  93 | 5.90e-06
  94 | 5.73e-06
  95 | 5.56e-06
  96 | 5.37e-06
  97 | 5.18e-06
  98 | 4.97e-06
  99 | 4.77e-06
 100 | 4.54e-06
 101 | 4.32e-06
 102 | 4.11e-06
 103 | 3.91e-06
 104 | 3.72e-06
 105 | 3.52e-06
 106 | 3.34e-06
 107 | 3.16e-06
 108 | 2.99e-06
 109 | 2.80e-06
 110 | 2.64e-06
 111 | 2.49e-06
 112 | 2.36e-06
 113 | 2.23e-06
 114 | 2.11e-06
 115 | 2.00e-06
 116 | 1.87e-06
 117 | 1.72e-06
 118 | 1.61e-06
 119 | 1.51e-06
 120 | 1.41e-06
 121 | 1.33e-06
 122 | 1.25e-06
 123 | 1.17e-06
 124 | 1.11e-06
 125 | 1.04e-06
 126 | 9.86e-07
[2025-11-08 07:54:55] Run completed in 12.83 minutes
[2025-11-08 07:54:59] Saved NMF result to: /zata/zippy/kresgeb/nmf_stuff/dlPFC/data/batched_nmf/nmf_k60_seed31415_tol1e-06.rds
[2025-11-08 07:54:59] Appended run metadata to summary.csv
[2025-11-08 07:54:59] --------------------------------------------
[2025-11-08 07:54:59] Starting run 77 / 150: k=70, seed=31415, tol=1e-06
[2025-11-08 07:54:59] --------------------------------------------

iter |      tol 
---------------
   1 | 9.16e-01
   2 | 1.09e-01
   3 | 3.70e-02
   4 | 1.76e-02
   5 | 1.10e-02
   6 | 7.94e-03
   7 | 6.08e-03
   8 | 4.97e-03
   9 | 4.23e-03
  10 | 3.56e-03
  11 | 2.97e-03
  12 | 2.50e-03
  13 | 2.24e-03
  14 | 2.08e-03
  15 | 2.04e-03
  16 | 1.99e-03
  17 | 1.92e-03
  18 | 1.80e-03
  19 | 1.66e-03
  20 | 1.52e-03
  21 | 1.41e-03
  22 | 1.33e-03
  23 | 1.27e-03
  24 | 1.21e-03
  25 | 1.14e-03
  26 | 1.06e-03
  27 | 9.83e-04
  28 | 9.14e-04
  29 | 8.49e-04
  30 | 7.87e-04
  31 | 7.07e-04
  32 | 6.33e-04
  33 | 5.45e-04
  34 | 4.87e-04
  35 | 4.49e-04
  36 | 4.06e-04
  37 | 3.86e-04
  38 | 3.78e-04
  39 | 3.76e-04
  40 | 3.67e-04
  41 | 3.62e-04
  42 | 3.55e-04
  43 | 3.41e-04
  44 | 3.27e-04
  45 | 3.16e-04
  46 | 3.04e-04
  47 | 2.92e-04
  48 | 2.89e-04
  49 | 2.86e-04
  50 | 2.74e-04
  51 | 2.59e-04
  52 | 2.45e-04
  53 | 2.39e-04
  54 | 2.35e-04
  55 | 2.38e-04
  56 | 2.39e-04
  57 | 2.39e-04
  58 | 2.48e-04
  59 | 2.61e-04
  60 | 2.83e-04
  61 | 3.09e-04
  62 | 3.24e-04
  63 | 3.15e-04
  64 | 2.78e-04
  65 | 2.32e-04
  66 | 1.80e-04
  67 | 1.36e-04
  68 | 9.87e-05
  69 | 7.55e-05
  70 | 5.68e-05
  71 | 4.33e-05
  72 | 3.43e-05
  73 | 2.69e-05
  74 | 2.16e-05
  75 | 1.87e-05
  76 | 1.66e-05
  77 | 1.51e-05
  78 | 1.43e-05
  79 | 1.38e-05
  80 | 1.10e-05
  81 | 1.08e-05
  82 | 1.18e-05
  83 | 1.35e-05
  84 | 1.52e-05
  85 | 1.69e-05
  86 | 1.81e-05
  87 | 1.82e-05
  88 | 1.73e-05
  89 | 1.54e-05
  90 | 1.29e-05
  91 | 1.06e-05
  92 | 8.63e-06
  93 | 7.09e-06
  94 | 5.74e-06
  95 | 4.83e-06
  96 | 4.17e-06
  97 | 3.68e-06
  98 | 3.29e-06
  99 | 2.99e-06
 100 | 2.75e-06
 101 | 2.55e-06
 102 | 2.39e-06
 103 | 2.27e-06
 104 | 2.20e-06
 105 | 2.15e-06
 106 | 2.13e-06
 107 | 2.13e-06
 108 | 2.15e-06
 109 | 2.19e-06
 110 | 2.26e-06
 111 | 2.32e-06
 112 | 2.40e-06
 113 | 2.50e-06
 114 | 2.63e-06
 115 | 2.77e-06
 116 | 2.95e-06
 117 | 3.15e-06
 118 | 3.37e-06
 119 | 3.59e-06
 120 | 3.80e-06
 121 | 4.06e-06
 122 | 4.37e-06
 123 | 4.65e-06
 124 | 5.02e-06
 125 | 5.45e-06
 126 | 5.74e-06
 127 | 6.15e-06
 128 | 6.58e-06
 129 | 7.19e-06
 130 | 7.86e-06
 131 | 8.15e-06
 132 | 8.50e-06
 133 | 9.01e-06
 134 | 9.34e-06
 135 | 9.58e-06
 136 | 1.01e-05
 137 | 1.06e-05
 138 | 1.12e-05
 139 | 1.19e-05
 140 | 1.17e-05
 141 | 1.14e-05
 142 | 1.17e-05
 143 | 1.16e-05
 144 | 1.20e-05
 145 | 1.24e-05
 146 | 1.28e-05
 147 | 1.31e-05
 148 | 1.36e-05
 149 | 1.42e-05
 150 | 1.50e-05
 151 | 1.57e-05
 152 | 1.66e-05
 153 | 1.75e-05
 154 | 1.80e-05
 155 | 1.82e-05
 156 | 1.80e-05
 157 | 1.82e-05
 158 | 1.79e-05
 159 | 1.79e-05
 160 | 1.80e-05
 161 | 1.83e-05
 162 | 1.84e-05
 163 | 1.82e-05
 164 | 1.82e-05
 165 | 1.84e-05
 166 | 1.82e-05
 167 | 1.78e-05
 168 | 1.76e-05
 169 | 1.73e-05
 170 | 1.67e-05
 171 | 1.54e-05
 172 | 1.47e-05
 173 | 1.43e-05
 174 | 1.39e-05
 175 | 1.35e-05
 176 | 1.31e-05
 177 | 1.21e-05
 178 | 1.10e-05
 179 | 1.04e-05
 180 | 9.65e-06
 181 | 9.01e-06
 182 | 8.48e-06
 183 | 7.94e-06
 184 | 7.44e-06
 185 | 6.98e-06
 186 | 6.33e-06
 187 | 5.71e-06
 188 | 5.29e-06
 189 | 4.68e-06
 190 | 4.30e-06
 191 | 3.97e-06
 192 | 3.69e-06
 193 | 3.39e-06
 194 | 3.11e-06
 195 | 2.88e-06
 196 | 2.65e-06
 197 | 2.45e-06
 198 | 2.27e-06
 199 | 2.09e-06
 200 | 1.93e-06
 201 | 1.77e-06
 202 | 1.64e-06
 203 | 1.53e-06
 204 | 1.42e-06
 205 | 1.32e-06
 206 | 1.23e-06
 207 | 1.14e-06
 208 | 1.07e-06
 209 | 1.00e-06
 210 | 9.44e-07
[2025-11-08 08:19:51] Run completed in 24.87 minutes
[2025-11-08 08:19:55] Saved NMF result to: /zata/zippy/kresgeb/nmf_stuff/dlPFC/data/batched_nmf/nmf_k70_seed31415_tol1e-06.rds
[2025-11-08 08:19:55] Appended run metadata to summary.csv
[2025-11-08 08:19:55] --------------------------------------------
[2025-11-08 08:19:55] Starting run 78 / 150: k=80, seed=31415, tol=1e-06
[2025-11-08 08:19:55] --------------------------------------------

iter |      tol 
---------------
   1 | 9.13e-01
   2 | 1.13e-01
   3 | 3.59e-02
   4 | 1.79e-02
   5 | 1.13e-02
   6 | 8.14e-03
   7 | 6.61e-03
   8 | 5.60e-03
   9 | 4.83e-03
  10 | 4.20e-03
  11 | 3.69e-03
  12 | 3.22e-03
  13 | 2.74e-03
  14 | 2.27e-03
  15 | 1.86e-03
  16 | 1.62e-03
  17 | 1.49e-03
  18 | 1.40e-03
  19 | 1.30e-03
  20 | 1.17e-03
  21 | 1.01e-03
  22 | 8.46e-04
  23 | 7.18e-04
  24 | 6.38e-04
  25 | 5.81e-04
  26 | 5.32e-04
  27 | 4.88e-04
  28 | 4.57e-04
  29 | 4.35e-04
  30 | 4.13e-04
  31 | 4.01e-04
  32 | 3.95e-04
  33 | 3.76e-04
  34 | 3.61e-04
  35 | 3.43e-04
  36 | 3.23e-04
  37 | 3.03e-04
  38 | 2.80e-04
  39 | 2.63e-04
  40 | 2.46e-04
  41 | 2.32e-04
  42 | 2.17e-04
  43 | 1.95e-04
  44 | 1.77e-04
  45 | 1.46e-04
  46 | 1.23e-04
  47 | 1.09e-04
  48 | 1.00e-04
  49 | 9.54e-05
  50 | 9.32e-05
  51 | 9.34e-05
  52 | 9.62e-05
  53 | 9.97e-05
  54 | 9.92e-05
  55 | 1.01e-04
  56 | 1.04e-04
  57 | 1.08e-04
  58 | 1.12e-04
  59 | 1.17e-04
  60 | 1.24e-04
  61 | 1.31e-04
  62 | 1.41e-04
  63 | 1.48e-04
  64 | 1.63e-04
  65 | 1.80e-04
  66 | 1.95e-04
  67 | 2.15e-04
  68 | 2.39e-04
  69 | 2.72e-04
  70 | 2.99e-04
  71 | 3.23e-04
  72 | 3.49e-04
  73 | 3.75e-04
  74 | 3.95e-04
  75 | 4.10e-04
  76 | 4.09e-04
  77 | 4.02e-04
  78 | 3.70e-04
  79 | 3.13e-04
  80 | 2.51e-04
  81 | 2.12e-04
  82 | 1.63e-04
  83 | 1.33e-04
  84 | 1.07e-04
  85 | 8.70e-05
  86 | 6.96e-05
  87 | 5.75e-05
  88 | 4.70e-05
  89 | 3.89e-05
  90 | 3.19e-05
  91 | 2.60e-05
  92 | 2.07e-05
  93 | 1.67e-05
  94 | 1.40e-05
  95 | 1.19e-05
  96 | 1.02e-05
  97 | 7.89e-06
  98 | 6.82e-06
  99 | 6.14e-06
 100 | 5.63e-06
 101 | 5.07e-06
 102 | 4.70e-06
 103 | 4.53e-06
 104 | 4.37e-06
 105 | 4.18e-06
 106 | 3.89e-06
 107 | 3.68e-06
 108 | 3.45e-06
 109 | 3.35e-06
 110 | 3.25e-06
 111 | 3.15e-06
 112 | 3.06e-06
 113 | 2.91e-06
 114 | 2.79e-06
 115 | 2.70e-06
 116 | 2.68e-06
 117 | 2.67e-06
 118 | 2.71e-06
 119 | 2.72e-06
 120 | 2.74e-06
 121 | 2.77e-06
 122 | 2.76e-06
 123 | 2.74e-06
 124 | 2.70e-06
 125 | 2.65e-06
 126 | 2.66e-06
 127 | 2.64e-06
 128 | 2.66e-06
 129 | 2.52e-06
 130 | 2.50e-06
 131 | 2.48e-06
 132 | 2.49e-06
 133 | 2.56e-06
 134 | 2.63e-06
 135 | 2.74e-06
 136 | 2.79e-06
 137 | 2.99e-06
 138 | 3.28e-06
 139 | 3.70e-06
 140 | 4.25e-06
 141 | 5.00e-06
 142 | 5.99e-06
 143 | 7.14e-06
 144 | 8.47e-06
 145 | 1.01e-05
 146 | 1.22e-05
 147 | 1.52e-05
 148 | 1.90e-05
 149 | 2.39e-05
 150 | 3.04e-05
 151 | 3.87e-05
 152 | 4.84e-05
 153 | 5.93e-05
 154 | 7.12e-05
 155 | 7.99e-05
 156 | 8.49e-05
 157 | 8.60e-05
 158 | 8.31e-05
 159 | 7.75e-05
 160 | 6.97e-05
 161 | 5.81e-05
 162 | 4.40e-05
 163 | 3.29e-05
 164 | 2.49e-05
 165 | 1.84e-05
 166 | 1.35e-05
 167 | 9.89e-06
 168 | 7.31e-06
 169 | 5.28e-06
 170 | 3.89e-06
 171 | 2.91e-06
 172 | 2.24e-06
 173 | 1.61e-06
 174 | 1.28e-06
 175 | 1.07e-06
 176 | 9.09e-07
[2025-11-08 08:44:21] Run completed in 24.42 minutes
[2025-11-08 08:44:26] Saved NMF result to: /zata/zippy/kresgeb/nmf_stuff/dlPFC/data/batched_nmf/nmf_k80_seed31415_tol1e-06.rds
[2025-11-08 08:44:26] Appended run metadata to summary.csv
[2025-11-08 08:44:26] --------------------------------------------
[2025-11-08 08:44:26] Starting run 79 / 150: k=90, seed=31415, tol=1e-06
[2025-11-08 08:44:26] --------------------------------------------

iter |      tol 
---------------
   1 | 9.13e-01
   2 | 1.03e-01
   3 | 3.79e-02
   4 | 2.02e-02
   5 | 1.32e-02
   6 | 9.45e-03
   7 | 7.10e-03
   8 | 5.58e-03
   9 | 4.64e-03
  10 | 4.03e-03
  11 | 3.50e-03
  12 | 3.00e-03
  13 | 2.60e-03
  14 | 2.34e-03
  15 | 2.20e-03
  16 | 2.09e-03
  17 | 2.00e-03
  18 | 1.94e-03
  19 | 1.80e-03
  20 | 1.69e-03
  21 | 1.57e-03
  22 | 1.48e-03
  23 | 1.42e-03
  24 | 1.36e-03
  25 | 1.31e-03
  26 | 1.30e-03
  27 | 1.26e-03
  28 | 1.24e-03
  29 | 1.24e-03
  30 | 1.25e-03
  31 | 1.14e-03
  32 | 1.12e-03
  33 | 1.09e-03
  34 | 1.05e-03
  35 | 1.01e-03
  36 | 9.71e-04
  37 | 9.14e-04
  38 | 8.38e-04
  39 | 7.49e-04
  40 | 6.32e-04
  41 | 4.87e-04
  42 | 3.90e-04
  43 | 3.39e-04
  44 | 3.17e-04
  45 | 3.03e-04
  46 | 3.06e-04
  47 | 3.11e-04
  48 | 2.46e-04
  49 | 2.29e-04
  50 | 2.15e-04
  51 | 1.94e-04
  52 | 1.64e-04
  53 | 1.43e-04
  54 | 1.27e-04
  55 | 1.15e-04
  56 | 1.03e-04
  57 | 8.32e-05
  58 | 6.92e-05
  59 | 5.87e-05
  60 | 5.19e-05
  61 | 4.61e-05
  62 | 3.91e-05
  63 | 3.57e-05
  64 | 3.26e-05
  65 | 3.01e-05
  66 | 2.71e-05
  67 | 2.52e-05
  68 | 2.37e-05
  69 | 2.19e-05
  70 | 2.02e-05
  71 | 1.86e-05
  72 | 1.73e-05
  73 | 1.63e-05
  74 | 1.54e-05
  75 | 1.47e-05
  76 | 1.40e-05
  77 | 1.34e-05
  78 | 1.27e-05
  79 | 1.22e-05
  80 | 1.17e-05
  81 | 1.14e-05
  82 | 1.12e-05
  83 | 1.09e-05
  84 | 1.08e-05
  85 | 1.08e-05
  86 | 1.07e-05
  87 | 1.06e-05
  88 | 1.06e-05
  89 | 1.03e-05
  90 | 1.02e-05
  91 | 1.01e-05
  92 | 1.01e-05
  93 | 1.02e-05
  94 | 1.03e-05
  95 | 1.01e-05
  96 | 9.99e-06
  97 | 1.00e-05
  98 | 1.01e-05
  99 | 1.01e-05
 100 | 9.87e-06
 101 | 9.80e-06
 102 | 9.85e-06
 103 | 9.93e-06
 104 | 9.99e-06
 105 | 9.92e-06
 106 | 9.93e-06
 107 | 9.91e-06
 108 | 9.69e-06
 109 | 9.74e-06
 110 | 9.83e-06
 111 | 9.89e-06
 112 | 1.00e-05
 113 | 1.02e-05
 114 | 1.04e-05
 115 | 1.06e-05
 116 | 1.09e-05
 117 | 1.11e-05
 118 | 1.12e-05
 119 | 1.08e-05
 120 | 1.07e-05
 121 | 1.07e-05
 122 | 1.05e-05
 123 | 1.03e-05
 124 | 1.00e-05
 125 | 9.38e-06
 126 | 8.92e-06
 127 | 8.38e-06
 128 | 7.97e-06
 129 | 7.57e-06
 130 | 7.09e-06
 131 | 6.57e-06
 132 | 6.10e-06
 133 | 5.71e-06
 134 | 5.38e-06
 135 | 4.98e-06
 136 | 4.66e-06
 137 | 4.42e-06
 138 | 4.22e-06
 139 | 3.95e-06
 140 | 3.77e-06
 141 | 3.58e-06
 142 | 3.37e-06
 143 | 3.21e-06
 144 | 3.01e-06
 145 | 2.87e-06
 146 | 2.77e-06
 147 | 2.65e-06
 148 | 2.59e-06
 149 | 2.56e-06
 150 | 2.52e-06
 151 | 2.50e-06
 152 | 2.47e-06
 153 | 2.41e-06
 154 | 2.37e-06
 155 | 2.31e-06
 156 | 2.20e-06
 157 | 2.03e-06
 158 | 1.88e-06
 159 | 1.74e-06
 160 | 1.61e-06
 161 | 1.44e-06
 162 | 1.31e-06
 163 | 1.20e-06
 164 | 1.10e-06
 165 | 1.01e-06
 166 | 9.44e-07
[2025-11-08 09:10:19] Run completed in 25.89 minutes
[2025-11-08 09:10:25] Saved NMF result to: /zata/zippy/kresgeb/nmf_stuff/dlPFC/data/batched_nmf/nmf_k90_seed31415_tol1e-06.rds
[2025-11-08 09:10:25] Appended run metadata to summary.csv
[2025-11-08 09:10:25] --------------------------------------------
[2025-11-08 09:10:25] Starting run 80 / 150: k=100, seed=31415, tol=1e-06
[2025-11-08 09:10:25] --------------------------------------------

iter |      tol 
---------------
   1 | 9.13e-01
   2 | 1.02e-01
   3 | 3.69e-02
   4 | 1.94e-02
   5 | 1.30e-02
   6 | 9.58e-03
   7 | 7.43e-03
   8 | 5.94e-03
   9 | 4.83e-03
  10 | 4.06e-03
  11 | 3.58e-03
  12 | 3.31e-03
  13 | 3.09e-03
  14 | 2.84e-03
  15 | 2.52e-03
  16 | 2.21e-03
  17 | 1.99e-03
  18 | 1.82e-03
  19 | 1.74e-03
  20 | 1.72e-03
  21 | 1.74e-03
  22 | 1.74e-03
  23 | 1.70e-03
  24 | 1.61e-03
  25 | 1.51e-03
  26 | 1.34e-03
  27 | 1.16e-03
  28 | 1.02e-03
  29 | 8.96e-04
  30 | 8.25e-04
  31 | 7.97e-04
  32 | 7.23e-04
  33 | 6.79e-04
  34 | 6.36e-04
  35 | 5.68e-04
  36 | 4.87e-04
  37 | 4.19e-04
  38 | 3.67e-04
  39 | 3.27e-04
  40 | 3.05e-04
  41 | 2.90e-04
  42 | 2.76e-04
  43 | 2.70e-04
  44 | 2.72e-04
  45 | 2.79e-04
  46 | 2.81e-04
  47 | 2.86e-04
  48 | 3.08e-04
  49 | 3.21e-04
  50 | 3.42e-04
  51 | 3.63e-04
  52 | 3.89e-04
  53 | 4.07e-04
  54 | 4.16e-04
  55 | 4.06e-04
  56 | 3.92e-04
  57 | 3.76e-04
  58 | 3.46e-04
  59 | 3.11e-04
  60 | 2.76e-04
  61 | 2.58e-04
  62 | 2.51e-04
  63 | 2.53e-04
  64 | 2.67e-04
  65 | 2.92e-04
  66 | 3.09e-04
  67 | 3.19e-04
  68 | 3.02e-04
  69 | 2.79e-04
  70 | 2.52e-04
  71 | 2.19e-04
  72 | 1.90e-04
  73 | 1.61e-04
  74 | 1.28e-04
  75 | 1.04e-04
  76 | 8.51e-05
  77 | 7.48e-05
  78 | 6.80e-05
  79 | 6.38e-05
  80 | 6.08e-05
  81 | 5.89e-05
  82 | 5.75e-05
  83 | 5.55e-05
  84 | 5.43e-05
  85 | 5.25e-05
  86 | 5.11e-05
  87 | 5.09e-05
  88 | 5.08e-05
  89 | 5.08e-05
  90 | 5.02e-05
  91 | 5.08e-05
  92 | 5.07e-05
  93 | 5.35e-05
  94 | 5.50e-05
  95 | 5.93e-05
  96 | 6.56e-05
  97 | 7.28e-05
  98 | 7.97e-05
  99 | 8.57e-05
 100 | 8.97e-05
 101 | 9.31e-05
 102 | 9.43e-05
 103 | 8.45e-05
 104 | 7.08e-05
 105 | 5.89e-05
 106 | 4.90e-05
 107 | 3.87e-05
 108 | 3.18e-05
 109 | 2.65e-05
 110 | 2.21e-05
 111 | 1.93e-05
 112 | 1.69e-05
 113 | 1.51e-05
 114 | 1.37e-05
 115 | 1.14e-05
 116 | 9.65e-06
 117 | 9.00e-06
 118 | 8.28e-06
 119 | 7.45e-06
 120 | 6.88e-06
 121 | 6.59e-06
 122 | 6.40e-06
 123 | 6.31e-06
 124 | 6.24e-06
 125 | 6.24e-06
 126 | 6.19e-06
 127 | 6.18e-06
 128 | 6.17e-06
 129 | 6.18e-06
 130 | 6.22e-06
 131 | 6.23e-06
 132 | 6.25e-06
 133 | 6.24e-06
 134 | 6.11e-06
 135 | 5.94e-06
 136 | 5.71e-06
 137 | 5.41e-06
 138 | 5.10e-06
 139 | 4.75e-06
 140 | 4.40e-06
 141 | 4.07e-06
 142 | 3.78e-06
 143 | 3.55e-06
 144 | 3.34e-06
 145 | 3.14e-06
 146 | 2.93e-06
 147 | 2.76e-06
 148 | 2.61e-06
 149 | 2.48e-06
 150 | 2.37e-06
 151 | 2.20e-06
 152 | 2.12e-06
 153 | 2.07e-06
 154 | 2.00e-06
 155 | 1.95e-06
 156 | 1.91e-06
 157 | 1.88e-06
 158 | 1.85e-06
 159 | 1.85e-06
 160 | 1.87e-06
 161 | 1.89e-06
 162 | 1.89e-06
 163 | 1.93e-06
 164 | 1.97e-06
 165 | 2.03e-06
 166 | 2.11e-06
 167 | 2.22e-06
 168 | 2.36e-06
 169 | 2.52e-06
 170 | 2.65e-06
 171 | 2.74e-06
 172 | 2.87e-06
 173 | 2.94e-06
 174 | 3.08e-06
 175 | 3.21e-06
 176 | 3.22e-06
 177 | 3.27e-06
 178 | 3.28e-06
 179 | 3.30e-06
 180 | 3.24e-06
 181 | 3.20e-06
 182 | 3.24e-06
 183 | 3.32e-06
 184 | 3.40e-06
 185 | 3.52e-06
 186 | 3.61e-06
 187 | 3.72e-06
 188 | 3.86e-06
 189 | 3.73e-06
 190 | 3.70e-06
 191 | 3.80e-06
 192 | 3.74e-06
 193 | 3.79e-06
 194 | 3.80e-06
 195 | 3.71e-06
 196 | 3.67e-06
 197 | 3.69e-06
 198 | 3.72e-06
 199 | 3.82e-06
 200 | 3.87e-06
 201 | 3.80e-06
 202 | 3.90e-06
 203 | 3.44e-06
 204 | 2.77e-06
 205 | 2.31e-06
 206 | 2.09e-06
 207 | 1.94e-06
 208 | 1.86e-06
 209 | 1.81e-06
 210 | 1.77e-06
 211 | 1.73e-06
 212 | 1.66e-06
 213 | 1.62e-06
 214 | 1.60e-06
 215 | 1.59e-06
 216 | 1.58e-06
 217 | 1.55e-06
 218 | 1.54e-06
 219 | 1.55e-06
 220 | 1.54e-06
 221 | 1.55e-06
 222 | 1.57e-06
 223 | 1.59e-06
 224 | 1.58e-06
 225 | 1.59e-06
 226 | 1.61e-06
 227 | 1.63e-06
 228 | 1.61e-06
 229 | 1.59e-06
 230 | 1.58e-06
 231 | 1.57e-06
 232 | 1.57e-06
 233 | 1.49e-06
 234 | 1.46e-06
 235 | 1.44e-06
 236 | 1.43e-06
 237 | 1.43e-06
 238 | 1.43e-06
 239 | 1.44e-06
 240 | 1.44e-06
 241 | 1.43e-06
 242 | 1.45e-06
 243 | 1.48e-06
 244 | 1.49e-06
 245 | 1.51e-06
 246 | 1.52e-06
 247 | 1.55e-06
 248 | 1.60e-06
 249 | 1.65e-06
 250 | 1.70e-06
 251 | 1.71e-06
 252 | 1.72e-06
 253 | 1.79e-06
 254 | 1.87e-06
 255 | 1.95e-06
 256 | 2.01e-06
 257 | 2.08e-06
 258 | 2.16e-06
 259 | 2.16e-06
 260 | 2.25e-06
 261 | 2.35e-06
 262 | 2.44e-06
 263 | 2.51e-06
 264 | 2.63e-06
 265 | 2.80e-06
 266 | 2.83e-06
 267 | 2.92e-06
 268 | 3.04e-06
 269 | 3.09e-06
 270 | 3.06e-06
 271 | 3.04e-06
 272 | 3.02e-06
 273 | 3.06e-06
 274 | 3.10e-06
 275 | 3.13e-06
 276 | 3.15e-06
 277 | 3.17e-06
 278 | 2.59e-06
 279 | 2.48e-06
 280 | 2.44e-06
 281 | 2.40e-06
 282 | 2.39e-06
 283 | 2.33e-06
 284 | 2.23e-06
 285 | 2.14e-06
 286 | 2.11e-06
 287 | 2.09e-06
 288 | 2.10e-06
 289 | 2.07e-06
 290 | 1.85e-06
 291 | 1.84e-06
 292 | 1.83e-06
 293 | 1.84e-06
 294 | 1.83e-06
 295 | 1.85e-06
 296 | 1.87e-06
 297 | 1.91e-06
 298 | 1.92e-06
 299 | 1.95e-06
 300 | 1.95e-06
 301 | 1.91e-06
 302 | 1.79e-06
 303 | 1.76e-06
 304 | 1.73e-06
 305 | 1.71e-06
 306 | 1.70e-06
 307 | 1.71e-06
 308 | 1.71e-06
 309 | 1.74e-06
 310 | 1.78e-06
 311 | 1.78e-06
 312 | 1.74e-06
 313 | 1.77e-06
 314 | 1.80e-06
 315 | 1.84e-06
 316 | 1.89e-06
 317 | 1.94e-06
 318 | 2.00e-06
 319 | 2.08e-06
 320 | 2.14e-06
 321 | 2.21e-06
 322 | 2.31e-06
 323 | 2.44e-06
 324 | 2.60e-06
 325 | 2.64e-06
 326 | 2.77e-06
 327 | 2.94e-06
 328 | 3.16e-06
 329 | 3.43e-06
 330 | 3.69e-06
 331 | 4.06e-06
 332 | 4.43e-06
 333 | 4.68e-06
 334 | 5.08e-06
 335 | 5.61e-06
 336 | 6.28e-06
 337 | 7.10e-06
 338 | 8.10e-06
 339 | 9.10e-06
 340 | 1.03e-05
 341 | 1.16e-05
 342 | 1.32e-05
 343 | 1.54e-05
 344 | 1.80e-05
 345 | 2.02e-05
 346 | 2.30e-05
 347 | 2.61e-05
 348 | 2.89e-05
 349 | 3.20e-05
 350 | 3.33e-05
 351 | 3.31e-05
 352 | 3.33e-05
 353 | 3.32e-05
 354 | 3.17e-05
 355 | 2.69e-05
 356 | 2.25e-05
 357 | 1.91e-05
 358 | 1.32e-05
 359 | 9.62e-06
 360 | 7.92e-06
 361 | 6.58e-06
 362 | 5.50e-06
 363 | 4.25e-06
 364 | 3.54e-06
 365 | 3.04e-06
 366 | 2.64e-06
 367 | 2.33e-06
 368 | 2.12e-06
 369 | 1.96e-06
 370 | 1.87e-06
 371 | 1.84e-06
 372 | 1.85e-06
 373 | 1.89e-06
 374 | 1.94e-06
 375 | 2.02e-06
 376 | 2.12e-06
 377 | 2.23e-06
 378 | 2.37e-06
 379 | 2.55e-06
 380 | 2.70e-06
 381 | 2.85e-06
 382 | 3.01e-06
 383 | 3.16e-06
 384 | 3.22e-06
 385 | 3.23e-06
 386 | 3.23e-06
 387 | 3.20e-06
 388 | 3.10e-06
 389 | 2.99e-06
 390 | 2.87e-06
 391 | 2.86e-06
 392 | 2.81e-06
 393 | 2.76e-06
 394 | 2.71e-06
 395 | 2.63e-06
 396 | 2.57e-06
 397 | 2.50e-06
 398 | 2.42e-06
 399 | 2.34e-06
 400 | 2.22e-06
 401 | 2.11e-06
 402 | 2.00e-06
 403 | 1.90e-06
 404 | 1.80e-06
 405 | 1.67e-06
 406 | 1.56e-06
 407 | 1.46e-06
 408 | 1.37e-06
 409 | 1.26e-06
 410 | 1.13e-06
 411 | 1.04e-06
 412 | 7.32e-07
[2025-11-08 10:21:31] Run completed in 71.09 minutes
[2025-11-08 10:21:38] Saved NMF result to: /zata/zippy/kresgeb/nmf_stuff/dlPFC/data/batched_nmf/nmf_k100_seed31415_tol1e-06.rds
[2025-11-08 10:21:38] Appended run metadata to summary.csv
[2025-11-08 10:21:38] --------------------------------------------
[2025-11-08 10:21:38] Starting run 81 / 150: k=10, seed=120301, tol=1e-06
[2025-11-08 10:21:38] --------------------------------------------

iter |      tol 
---------------
   1 | 9.40e-01
   2 | 1.22e-01
   3 | 3.21e-02
   4 | 1.18e-02
   5 | 6.32e-03
   6 | 3.54e-03
   7 | 2.01e-03
   8 | 1.23e-03
   9 | 8.42e-04
  10 | 6.32e-04
  11 | 5.35e-04
  12 | 5.16e-04
  13 | 5.93e-04
  14 | 7.32e-04
  15 | 8.02e-04
  16 | 6.77e-04
  17 | 4.59e-04
  18 | 2.88e-04
  19 | 1.79e-04
  20 | 1.11e-04
  21 | 6.92e-05
  22 | 4.43e-05
  23 | 2.91e-05
  24 | 1.97e-05
  25 | 1.39e-05
  26 | 1.04e-05
  27 | 8.01e-06
  28 | 6.38e-06
  29 | 5.20e-06
  30 | 4.28e-06
  31 | 3.57e-06
  32 | 3.01e-06
  33 | 2.55e-06
  34 | 2.18e-06
  35 | 1.86e-06
  36 | 1.60e-06
  37 | 1.38e-06
  38 | 1.20e-06
  39 | 1.04e-06
  40 | 9.04e-07
[2025-11-08 10:24:12] Run completed in 2.57 minutes
[2025-11-08 10:24:13] Saved NMF result to: /zata/zippy/kresgeb/nmf_stuff/dlPFC/data/batched_nmf/nmf_k10_seed120301_tol1e-06.rds
[2025-11-08 10:24:13] Appended run metadata to summary.csv
[2025-11-08 10:24:13] --------------------------------------------
[2025-11-08 10:24:13] Starting run 82 / 150: k=20, seed=120301, tol=1e-06
[2025-11-08 10:24:13] --------------------------------------------

iter |      tol 
---------------
   1 | 9.28e-01
   2 | 1.25e-01
   3 | 3.26e-02
   4 | 1.68e-02
   5 | 9.68e-03
   6 | 6.44e-03
   7 | 4.47e-03
   8 | 3.39e-03
   9 | 3.02e-03
  10 | 2.82e-03
  11 | 2.55e-03
  12 | 2.09e-03
  13 | 1.62e-03
  14 | 1.28e-03
  15 | 1.08e-03
  16 | 9.42e-04
  17 | 8.05e-04
  18 | 6.60e-04
  19 | 5.28e-04
  20 | 4.26e-04
  21 | 3.49e-04
  22 | 2.96e-04
  23 | 2.68e-04
  24 | 2.54e-04
  25 | 2.48e-04
  26 | 2.49e-04
  27 | 2.55e-04
  28 | 2.56e-04
  29 | 2.46e-04
  30 | 2.25e-04
  31 | 1.98e-04
  32 | 1.69e-04
  33 | 1.41e-04
  34 | 1.17e-04
  35 | 9.62e-05
  36 | 7.91e-05
  37 | 6.53e-05
  38 | 5.36e-05
  39 | 4.42e-05
  40 | 3.72e-05
  41 | 3.21e-05
  42 | 2.83e-05
  43 | 2.56e-05
  44 | 2.35e-05
  45 | 2.20e-05
  46 | 2.10e-05
  47 | 2.03e-05
  48 | 1.98e-05
  49 | 1.93e-05
  50 | 1.89e-05
  51 | 1.84e-05
  52 | 1.79e-05
  53 | 1.73e-05
  54 | 1.65e-05
  55 | 1.55e-05
  56 | 1.45e-05
  57 | 1.34e-05
  58 | 1.24e-05
  59 | 1.14e-05
  60 | 1.05e-05
  61 | 9.79e-06
  62 | 9.22e-06
  63 | 8.76e-06
  64 | 8.41e-06
  65 | 8.13e-06
  66 | 7.89e-06
  67 | 7.66e-06
  68 | 7.42e-06
  69 | 7.16e-06
  70 | 6.91e-06
  71 | 6.66e-06
  72 | 6.40e-06
  73 | 6.08e-06
  74 | 5.71e-06
  75 | 5.29e-06
  76 | 4.86e-06
  77 | 4.43e-06
  78 | 4.01e-06
  79 | 3.62e-06
  80 | 3.27e-06
  81 | 2.93e-06
  82 | 2.61e-06
  83 | 2.32e-06
  84 | 2.05e-06
  85 | 1.79e-06
  86 | 1.57e-06
  87 | 1.38e-06
  88 | 1.21e-06
  89 | 1.07e-06
  90 | 9.53e-07
[2025-11-08 10:27:50] Run completed in 3.61 minutes
[2025-11-08 10:27:51] Saved NMF result to: /zata/zippy/kresgeb/nmf_stuff/dlPFC/data/batched_nmf/nmf_k20_seed120301_tol1e-06.rds
[2025-11-08 10:27:51] Appended run metadata to summary.csv
[2025-11-08 10:27:51] --------------------------------------------
[2025-11-08 10:27:51] Starting run 83 / 150: k=30, seed=120301, tol=1e-06
[2025-11-08 10:27:51] --------------------------------------------

iter |      tol 
---------------
   1 | 9.25e-01
   2 | 1.14e-01
   3 | 3.06e-02
   4 | 1.58e-02
   5 | 1.01e-02
   6 | 7.54e-03
   7 | 6.09e-03
   8 | 4.76e-03
   9 | 3.68e-03
  10 | 2.88e-03
  11 | 2.65e-03
  12 | 2.74e-03
  13 | 2.68e-03
  14 | 2.27e-03
  15 | 1.75e-03
  16 | 1.26e-03
  17 | 9.15e-04
  18 | 7.03e-04
  19 | 5.79e-04
  20 | 5.01e-04
  21 | 4.42e-04
  22 | 3.86e-04
  23 | 3.33e-04
  24 | 2.86e-04
  25 | 2.48e-04
  26 | 2.17e-04
  27 | 1.90e-04
  28 | 1.65e-04
  29 | 1.42e-04
  30 | 1.22e-04
  31 | 1.04e-04
  32 | 8.84e-05
  33 | 7.54e-05
  34 | 6.52e-05
  35 | 5.71e-05
  36 | 5.08e-05
  37 | 4.60e-05
  38 | 4.26e-05
  39 | 4.06e-05
  40 | 3.97e-05
  41 | 3.97e-05
  42 | 4.06e-05
  43 | 4.23e-05
  44 | 4.46e-05
  45 | 4.73e-05
  46 | 4.98e-05
  47 | 5.16e-05
  48 | 5.22e-05
  49 | 5.15e-05
  50 | 4.96e-05
  51 | 4.71e-05
  52 | 4.47e-05
  53 | 4.26e-05
  54 | 4.07e-05
  55 | 3.92e-05
  56 | 3.80e-05
  57 | 3.73e-05
  58 | 3.68e-05
  59 | 3.66e-05
  60 | 3.66e-05
  61 | 3.67e-05
  62 | 3.67e-05
  63 | 3.63e-05
  64 | 3.54e-05
  65 | 3.42e-05
  66 | 3.25e-05
  67 | 3.06e-05
  68 | 2.80e-05
  69 | 2.52e-05
  70 | 2.22e-05
  71 | 1.93e-05
  72 | 1.68e-05
  73 | 1.44e-05
  74 | 1.25e-05
  75 | 1.09e-05
  76 | 9.73e-06
  77 | 8.84e-06
  78 | 8.22e-06
  79 | 7.81e-06
  80 | 7.54e-06
  81 | 7.40e-06
  82 | 7.35e-06
  83 | 7.40e-06
  84 | 7.55e-06
  85 | 7.73e-06
  86 | 7.97e-06
  87 | 8.29e-06
  88 | 8.68e-06
  89 | 9.10e-06
  90 | 9.55e-06
  91 | 1.00e-05
  92 | 1.04e-05
  93 | 1.08e-05
  94 | 1.11e-05
  95 | 1.13e-05
  96 | 1.13e-05
  97 | 1.11e-05
  98 | 1.08e-05
  99 | 1.04e-05
 100 | 9.85e-06
 101 | 9.23e-06
 102 | 8.56e-06
 103 | 7.83e-06
 104 | 7.08e-06
 105 | 6.34e-06
 106 | 5.61e-06
 107 | 4.95e-06
 108 | 4.34e-06
 109 | 3.78e-06
 110 | 3.28e-06
 111 | 2.84e-06
 112 | 2.46e-06
 113 | 2.13e-06
 114 | 1.84e-06
 115 | 1.60e-06
 116 | 1.39e-06
 117 | 1.21e-06
 118 | 1.06e-06
 119 | 9.37e-07
[2025-11-08 10:34:27] Run completed in 6.59 minutes
[2025-11-08 10:34:29] Saved NMF result to: /zata/zippy/kresgeb/nmf_stuff/dlPFC/data/batched_nmf/nmf_k30_seed120301_tol1e-06.rds
[2025-11-08 10:34:29] Appended run metadata to summary.csv
[2025-11-08 10:34:29] --------------------------------------------
[2025-11-08 10:34:29] Starting run 84 / 150: k=40, seed=120301, tol=1e-06
[2025-11-08 10:34:29] --------------------------------------------

iter |      tol 
---------------
   1 | 9.18e-01
   2 | 1.14e-01
   3 | 3.59e-02
   4 | 1.89e-02
   5 | 1.09e-02
   6 | 6.81e-03
   7 | 4.90e-03
   8 | 3.96e-03
   9 | 3.37e-03
  10 | 2.83e-03
  11 | 2.29e-03
  12 | 1.84e-03
  13 | 1.48e-03
  14 | 1.21e-03
  15 | 1.01e-03
  16 | 8.59e-04
  17 | 7.47e-04
  18 | 6.60e-04
  19 | 5.78e-04
  20 | 4.97e-04
  21 | 4.26e-04
  22 | 3.69e-04
  23 | 3.26e-04
  24 | 2.93e-04
  25 | 2.67e-04
  26 | 2.44e-04
  27 | 2.24e-04
  28 | 2.08e-04
  29 | 1.93e-04
  30 | 1.79e-04
  31 | 1.64e-04
  32 | 1.48e-04
  33 | 1.32e-04
  34 | 1.18e-04
  35 | 1.03e-04
  36 | 8.96e-05
  37 | 7.81e-05
  38 | 6.77e-05
  39 | 5.89e-05
  40 | 5.10e-05
  41 | 4.37e-05
  42 | 3.75e-05
  43 | 3.22e-05
  44 | 2.80e-05
  45 | 2.46e-05
  46 | 2.21e-05
  47 | 2.01e-05
  48 | 1.86e-05
  49 | 1.73e-05
  50 | 1.64e-05
  51 | 1.57e-05
  52 | 1.49e-05
  53 | 1.44e-05
  54 | 1.41e-05
  55 | 1.40e-05
  56 | 1.40e-05
  57 | 1.38e-05
  58 | 1.37e-05
  59 | 1.37e-05
  60 | 1.37e-05
  61 | 1.36e-05
  62 | 1.36e-05
  63 | 1.35e-05
  64 | 1.33e-05
  65 | 1.31e-05
  66 | 1.29e-05
  67 | 1.28e-05
  68 | 1.27e-05
  69 | 1.25e-05
  70 | 1.23e-05
  71 | 1.22e-05
  72 | 1.21e-05
  73 | 1.20e-05
  74 | 1.19e-05
  75 | 1.17e-05
  76 | 1.15e-05
  77 | 1.12e-05
  78 | 1.09e-05
  79 | 1.06e-05
  80 | 1.04e-05
  81 | 1.00e-05
  82 | 9.65e-06
  83 | 9.22e-06
  84 | 8.76e-06
  85 | 8.30e-06
  86 | 7.85e-06
  87 | 7.39e-06
  88 | 6.95e-06
  89 | 6.48e-06
  90 | 6.00e-06
  91 | 5.56e-06
  92 | 5.15e-06
  93 | 4.75e-06
  94 | 4.29e-06
  95 | 3.95e-06
  96 | 3.68e-06
  97 | 3.46e-06
  98 | 3.27e-06
  99 | 3.08e-06
 100 | 2.91e-06
 101 | 2.75e-06
 102 | 2.60e-06
 103 | 2.46e-06
 104 | 2.35e-06
 105 | 2.23e-06
 106 | 2.15e-06
 107 | 2.10e-06
 108 | 2.05e-06
 109 | 2.02e-06
 110 | 2.00e-06
 111 | 1.98e-06
 112 | 1.95e-06
 113 | 1.95e-06
 114 | 1.98e-06
 115 | 2.02e-06
 116 | 2.08e-06
 117 | 2.16e-06
 118 | 2.22e-06
 119 | 2.32e-06
 120 | 2.45e-06
 121 | 2.59e-06
 122 | 2.72e-06
 123 | 2.90e-06
 124 | 3.12e-06
 125 | 3.38e-06
 126 | 3.66e-06
 127 | 3.98e-06
 128 | 4.32e-06
 129 | 4.65e-06
 130 | 5.00e-06
 131 | 5.38e-06
 132 | 5.78e-06
 133 | 6.24e-06
 134 | 6.74e-06
 135 | 7.35e-06
 136 | 8.03e-06
 137 | 8.68e-06
 138 | 9.29e-06
 139 | 9.77e-06
 140 | 1.02e-05
 141 | 1.03e-05
 142 | 1.05e-05
 143 | 1.05e-05
 144 | 1.03e-05
 145 | 9.94e-06
 146 | 9.57e-06
 147 | 9.18e-06
 148 | 8.78e-06
 149 | 8.37e-06
 150 | 7.97e-06
 151 | 7.55e-06
 152 | 7.15e-06
 153 | 6.82e-06
 154 | 6.50e-06
 155 | 6.19e-06
 156 | 5.90e-06
 157 | 5.61e-06
 158 | 5.32e-06
 159 | 5.06e-06
 160 | 4.78e-06
 161 | 4.52e-06
 162 | 4.27e-06
 163 | 4.03e-06
 164 | 3.79e-06
 165 | 3.58e-06
 166 | 3.39e-06
 167 | 3.21e-06
 168 | 3.05e-06
 169 | 2.90e-06
 170 | 2.75e-06
 171 | 2.63e-06
 172 | 2.51e-06
 173 | 2.40e-06
 174 | 2.31e-06
 175 | 2.22e-06
 176 | 2.15e-06
 177 | 2.08e-06
 178 | 2.01e-06
 179 | 1.95e-06
 180 | 1.90e-06
 181 | 1.85e-06
 182 | 1.81e-06
 183 | 1.78e-06
 184 | 1.74e-06
 185 | 1.71e-06
 186 | 1.67e-06
 187 | 1.65e-06
 188 | 1.62e-06
 189 | 1.60e-06
 190 | 1.59e-06
 191 | 1.58e-06
 192 | 1.56e-06
 193 | 1.53e-06
 194 | 1.51e-06
 195 | 1.50e-06
 196 | 1.49e-06
 197 | 1.48e-06
 198 | 1.48e-06
 199 | 1.47e-06
 200 | 1.46e-06
 201 | 1.46e-06
 202 | 1.46e-06
 203 | 1.45e-06
 204 | 1.45e-06
 205 | 1.46e-06
 206 | 1.46e-06
 207 | 1.46e-06
 208 | 1.47e-06
 209 | 1.46e-06
 210 | 1.46e-06
 211 | 1.46e-06
 212 | 1.45e-06
 213 | 1.45e-06
 214 | 1.45e-06
 215 | 1.45e-06
 216 | 1.44e-06
 217 | 1.44e-06
 218 | 1.44e-06
 219 | 1.44e-06
 220 | 1.45e-06
 221 | 1.45e-06
 222 | 1.45e-06
 223 | 1.46e-06
 224 | 1.46e-06
 225 | 1.45e-06
 226 | 1.45e-06
 227 | 1.45e-06
 228 | 1.45e-06
 229 | 1.44e-06
 230 | 1.42e-06
 231 | 1.42e-06
 232 | 1.41e-06
 233 | 1.41e-06
 234 | 1.41e-06
 235 | 1.41e-06
 236 | 1.40e-06
 237 | 1.39e-06
 238 | 1.38e-06
 239 | 1.36e-06
 240 | 1.35e-06
 241 | 1.34e-06
 242 | 1.33e-06
 243 | 1.33e-06
 244 | 1.32e-06
 245 | 1.31e-06
 246 | 1.30e-06
 247 | 1.30e-06
 248 | 1.29e-06
 249 | 1.29e-06
 250 | 1.28e-06
 251 | 1.28e-06
 252 | 1.27e-06
 253 | 1.26e-06
 254 | 1.25e-06
 255 | 1.23e-06
 256 | 1.22e-06
 257 | 1.21e-06
 258 | 1.20e-06
 259 | 1.20e-06
 260 | 1.19e-06
 261 | 1.19e-06
 262 | 1.18e-06
 263 | 1.18e-06
 264 | 1.18e-06
 265 | 1.18e-06
 266 | 1.18e-06
 267 | 1.19e-06
 268 | 1.19e-06
 269 | 1.20e-06
 270 | 1.21e-06
 271 | 1.23e-06
 272 | 1.25e-06
 273 | 1.27e-06
 274 | 1.29e-06
 275 | 1.31e-06
 276 | 1.33e-06
 277 | 1.36e-06
 278 | 1.38e-06
 279 | 1.42e-06
 280 | 1.45e-06
 281 | 1.47e-06
 282 | 1.51e-06
 283 | 1.55e-06
 284 | 1.60e-06
 285 | 1.64e-06
 286 | 1.69e-06
 287 | 1.75e-06
 288 | 1.81e-06
 289 | 1.88e-06
 290 | 1.94e-06
 291 | 2.02e-06
 292 | 2.10e-06
 293 | 2.19e-06
 294 | 2.28e-06
 295 | 2.37e-06
 296 | 2.48e-06
 297 | 2.58e-06
 298 | 2.69e-06
 299 | 2.81e-06
 300 | 2.95e-06
 301 | 3.10e-06
 302 | 3.27e-06
 303 | 3.44e-06
 304 | 3.63e-06
 305 | 3.82e-06
 306 | 4.04e-06
 307 | 4.29e-06
 308 | 4.56e-06
 309 | 4.84e-06
 310 | 5.13e-06
 311 | 5.45e-06
 312 | 5.78e-06
 313 | 6.15e-06
 314 | 6.52e-06
 315 | 6.89e-06
 316 | 7.29e-06
 317 | 7.71e-06
 318 | 8.12e-06
 319 | 8.55e-06
 320 | 9.00e-06
 321 | 9.46e-06
 322 | 9.91e-06
 323 | 1.03e-05
 324 | 1.06e-05
 325 | 1.10e-05
 326 | 1.13e-05
 327 | 1.16e-05
 328 | 1.19e-05
 329 | 1.23e-05
 330 | 1.26e-05
 331 | 1.30e-05
 332 | 1.32e-05
 333 | 1.36e-05
 334 | 1.42e-05
 335 | 1.49e-05
 336 | 1.58e-05
 337 | 1.67e-05
 338 | 1.76e-05
 339 | 1.84e-05
 340 | 1.90e-05
 341 | 1.96e-05
 342 | 1.99e-05
 343 | 2.02e-05
 344 | 2.03e-05
 345 | 2.00e-05
 346 | 1.94e-05
 347 | 1.84e-05
 348 | 1.72e-05
 349 | 1.58e-05
 350 | 1.44e-05
 351 | 1.31e-05
 352 | 1.09e-05
 353 | 8.72e-06
 354 | 7.01e-06
 355 | 5.63e-06
 356 | 4.59e-06
 357 | 3.75e-06
 358 | 3.11e-06
 359 | 2.62e-06
 360 | 2.22e-06
 361 | 1.89e-06
 362 | 1.60e-06
 363 | 1.38e-06
 364 | 1.19e-06
 365 | 1.03e-06
 366 | 9.01e-07
[2025-11-08 10:53:56] Run completed in 19.45 minutes
[2025-11-08 10:53:58] Saved NMF result to: /zata/zippy/kresgeb/nmf_stuff/dlPFC/data/batched_nmf/nmf_k40_seed120301_tol1e-06.rds
[2025-11-08 10:53:58] Appended run metadata to summary.csv
[2025-11-08 10:53:58] --------------------------------------------
[2025-11-08 10:53:58] Starting run 85 / 150: k=50, seed=120301, tol=1e-06
[2025-11-08 10:53:58] --------------------------------------------

iter |      tol 
---------------
   1 | 9.18e-01
   2 | 1.04e-01
   3 | 3.40e-02
   4 | 1.77e-02
   5 | 1.09e-02
   6 | 7.45e-03
   7 | 5.45e-03
   8 | 4.15e-03
   9 | 3.27e-03
  10 | 2.66e-03
  11 | 2.25e-03
  12 | 1.95e-03
  13 | 1.74e-03
  14 | 1.64e-03
  15 | 1.59e-03
  16 | 1.58e-03
  17 | 1.59e-03
  18 | 1.57e-03
  19 | 1.48e-03
  20 | 1.30e-03
  21 | 1.08e-03
  22 | 8.56e-04
  23 | 6.77e-04
  24 | 5.44e-04
  25 | 4.43e-04
  26 | 3.78e-04
  27 | 3.42e-04
  28 | 3.32e-04
  29 | 3.50e-04
  30 | 3.95e-04
  31 | 4.36e-04
  32 | 4.31e-04
  33 | 3.87e-04
  34 | 3.33e-04
  35 | 2.87e-04
  36 | 2.52e-04
  37 | 2.24e-04
  38 | 1.98e-04
  39 | 1.75e-04
  40 | 1.57e-04
  41 | 1.39e-04
  42 | 1.23e-04
  43 | 1.12e-04
  44 | 1.02e-04
  45 | 9.28e-05
  46 | 8.46e-05
  47 | 7.73e-05
  48 | 7.12e-05
  49 | 6.59e-05
  50 | 6.20e-05
  51 | 5.88e-05
  52 | 5.68e-05
  53 | 5.57e-05
  54 | 5.51e-05
  55 | 5.46e-05
  56 | 5.45e-05
  57 | 5.45e-05
  58 | 5.43e-05
  59 | 5.29e-05
  60 | 5.07e-05
  61 | 4.86e-05
  62 | 4.62e-05
  63 | 4.32e-05
  64 | 3.99e-05
  65 | 3.61e-05
  66 | 3.21e-05
  67 | 2.84e-05
  68 | 2.51e-05
  69 | 2.21e-05
  70 | 1.99e-05
  71 | 1.82e-05
  72 | 1.68e-05
  73 | 1.56e-05
  74 | 1.48e-05
  75 | 1.42e-05
  76 | 1.39e-05
  77 | 1.36e-05
  78 | 1.35e-05
  79 | 1.34e-05
  80 | 1.31e-05
  81 | 1.30e-05
  82 | 1.28e-05
  83 | 1.27e-05
  84 | 1.26e-05
  85 | 1.25e-05
  86 | 1.24e-05
  87 | 1.24e-05
  88 | 1.24e-05
  89 | 1.25e-05
  90 | 1.25e-05
  91 | 1.26e-05
  92 | 1.27e-05
  93 | 1.29e-05
  94 | 1.31e-05
  95 | 1.33e-05
  96 | 1.34e-05
  97 | 1.35e-05
  98 | 1.37e-05
  99 | 1.39e-05
 100 | 1.42e-05
 101 | 1.46e-05
 102 | 1.48e-05
 103 | 1.52e-05
 104 | 1.56e-05
 105 | 1.60e-05
 106 | 1.67e-05
 107 | 1.75e-05
 108 | 1.85e-05
 109 | 1.96e-05
 110 | 2.06e-05
 111 | 2.16e-05
 112 | 2.22e-05
 113 | 2.23e-05
 114 | 2.18e-05
 115 | 2.09e-05
 116 | 1.96e-05
 117 | 1.80e-05
 118 | 1.63e-05
 119 | 1.46e-05
 120 | 1.30e-05
 121 | 1.15e-05
 122 | 1.01e-05
 123 | 8.78e-06
 124 | 7.69e-06
 125 | 6.74e-06
 126 | 5.92e-06
 127 | 5.21e-06
 128 | 4.61e-06
 129 | 4.09e-06
 130 | 3.64e-06
 131 | 3.24e-06
 132 | 2.92e-06
 133 | 2.69e-06
 134 | 2.40e-06
 135 | 2.14e-06
 136 | 1.90e-06
 137 | 1.70e-06
 138 | 1.49e-06
 139 | 1.32e-06
 140 | 1.18e-06
 141 | 1.06e-06
 142 | 9.57e-07
[2025-11-08 11:05:22] Run completed in 11.39 minutes
[2025-11-08 11:05:25] Saved NMF result to: /zata/zippy/kresgeb/nmf_stuff/dlPFC/data/batched_nmf/nmf_k50_seed120301_tol1e-06.rds
[2025-11-08 11:05:25] Appended run metadata to summary.csv
[2025-11-08 11:05:25] --------------------------------------------
[2025-11-08 11:05:25] Starting run 86 / 150: k=60, seed=120301, tol=1e-06
[2025-11-08 11:05:25] --------------------------------------------

iter |      tol 
---------------
   1 | 9.16e-01
   2 | 1.02e-01
   3 | 3.36e-02
   4 | 1.67e-02
   5 | 1.01e-02
   6 | 6.93e-03
   7 | 5.21e-03
   8 | 4.11e-03
   9 | 3.29e-03
  10 | 2.78e-03
  11 | 2.45e-03
  12 | 2.20e-03
  13 | 2.00e-03
  14 | 1.80e-03
  15 | 1.60e-03
  16 | 1.40e-03
  17 | 1.22e-03
  18 | 1.06e-03
  19 | 9.27e-04
  20 | 8.49e-04
  21 | 8.23e-04
  22 | 8.23e-04
  23 | 7.97e-04
  24 | 7.41e-04
  25 | 6.67e-04
  26 | 5.94e-04
  27 | 5.28e-04
  28 | 4.65e-04
  29 | 4.25e-04
  30 | 4.00e-04
  31 | 3.80e-04
  32 | 3.67e-04
  33 | 3.56e-04
  34 | 3.50e-04
  35 | 3.49e-04
  36 | 3.54e-04
  37 | 3.70e-04
  38 | 3.92e-04
  39 | 4.14e-04
  40 | 4.27e-04
  41 | 4.35e-04
  42 | 4.48e-04
  43 | 4.84e-04
  44 | 5.48e-04
  45 | 5.98e-04
  46 | 5.69e-04
  47 | 4.61e-04
  48 | 3.36e-04
  49 | 2.32e-04
  50 | 1.68e-04
  51 | 1.27e-04
  52 | 9.80e-05
  53 | 7.72e-05
  54 | 6.40e-05
  55 | 5.49e-05
  56 | 4.90e-05
  57 | 4.49e-05
  58 | 4.13e-05
  59 | 3.83e-05
  60 | 3.56e-05
  61 | 3.31e-05
  62 | 3.09e-05
  63 | 2.82e-05
  64 | 2.60e-05
  65 | 2.42e-05
  66 | 2.26e-05
  67 | 2.13e-05
  68 | 2.03e-05
  69 | 1.94e-05
  70 | 1.87e-05
  71 | 1.81e-05
  72 | 1.76e-05
  73 | 1.72e-05
  74 | 1.68e-05
  75 | 1.64e-05
  76 | 1.62e-05
  77 | 1.64e-05
  78 | 1.68e-05
  79 | 1.76e-05
  80 | 1.88e-05
  81 | 2.05e-05
  82 | 2.27e-05
  83 | 2.57e-05
  84 | 2.94e-05
  85 | 3.39e-05
  86 | 3.89e-05
  87 | 4.41e-05
  88 | 4.86e-05
  89 | 5.17e-05
  90 | 5.22e-05
  91 | 5.01e-05
  92 | 4.55e-05
  93 | 3.91e-05
  94 | 3.19e-05
  95 | 2.52e-05
  96 | 1.97e-05
  97 | 1.54e-05
  98 | 1.22e-05
  99 | 9.92e-06
 100 | 8.25e-06
 101 | 6.97e-06
 102 | 6.00e-06
 103 | 5.23e-06
 104 | 4.63e-06
 105 | 4.14e-06
 106 | 3.74e-06
 107 | 3.41e-06
 108 | 3.15e-06
 109 | 2.95e-06
 110 | 2.78e-06
 111 | 2.64e-06
 112 | 2.52e-06
 113 | 2.42e-06
 114 | 2.35e-06
 115 | 2.29e-06
 116 | 2.26e-06
 117 | 2.25e-06
 118 | 2.26e-06
 119 | 2.29e-06
 120 | 2.33e-06
 121 | 2.40e-06
 122 | 2.49e-06
 123 | 2.61e-06
 124 | 2.77e-06
 125 | 2.97e-06
 126 | 3.21e-06
 127 | 3.52e-06
 128 | 3.90e-06
 129 | 4.36e-06
 130 | 4.90e-06
 131 | 5.56e-06
 132 | 6.41e-06
 133 | 7.46e-06
 134 | 8.72e-06
 135 | 1.02e-05
 136 | 1.18e-05
 137 | 1.38e-05
 138 | 1.60e-05
 139 | 1.83e-05
 140 | 2.08e-05
 141 | 2.34e-05
 142 | 2.60e-05
 143 | 2.85e-05
 144 | 3.05e-05
 145 | 3.19e-05
 146 | 3.24e-05
 147 | 3.27e-05
 148 | 3.17e-05
 149 | 3.01e-05
 150 | 2.74e-05
 151 | 2.42e-05
 152 | 2.10e-05
 153 | 1.81e-05
 154 | 1.55e-05
 155 | 1.31e-05
 156 | 1.07e-05
 157 | 8.77e-06
 158 | 7.10e-06
 159 | 5.65e-06
 160 | 4.57e-06
 161 | 3.74e-06
 162 | 3.09e-06
 163 | 2.58e-06
 164 | 2.20e-06
 165 | 1.90e-06
 166 | 1.66e-06
 167 | 1.46e-06
 168 | 1.31e-06
 169 | 1.19e-06
 170 | 1.09e-06
 171 | 1.01e-06
 172 | 9.37e-07
[2025-11-08 11:21:18] Run completed in 15.89 minutes
[2025-11-08 11:21:23] Saved NMF result to: /zata/zippy/kresgeb/nmf_stuff/dlPFC/data/batched_nmf/nmf_k60_seed120301_tol1e-06.rds
[2025-11-08 11:21:23] Appended run metadata to summary.csv
[2025-11-08 11:21:23] --------------------------------------------
[2025-11-08 11:21:23] Starting run 87 / 150: k=70, seed=120301, tol=1e-06
[2025-11-08 11:21:23] --------------------------------------------

iter |      tol 
---------------
   1 | 9.17e-01
   2 | 1.01e-01
   3 | 3.43e-02
   4 | 1.73e-02
   5 | 1.06e-02
   6 | 7.59e-03
   7 | 5.84e-03
   8 | 4.72e-03
   9 | 3.92e-03
  10 | 3.37e-03
  11 | 2.95e-03
  12 | 2.67e-03
  13 | 2.42e-03
  14 | 2.23e-03
  15 | 2.08e-03
  16 | 2.00e-03
  17 | 1.88e-03
  18 | 1.74e-03
  19 | 1.59e-03
  20 | 1.44e-03
  21 | 1.33e-03
  22 | 1.18e-03
  23 | 1.00e-03
  24 | 8.28e-04
  25 | 6.93e-04
  26 | 5.86e-04
  27 | 5.08e-04
  28 | 4.59e-04
  29 | 4.18e-04
  30 | 3.90e-04
  31 | 3.65e-04
  32 | 3.42e-04
  33 | 3.22e-04
  34 | 3.04e-04
  35 | 2.77e-04
  36 | 2.52e-04
  37 | 2.28e-04
  38 | 2.07e-04
  39 | 1.87e-04
  40 | 1.72e-04
  41 | 1.52e-04
  42 | 1.40e-04
  43 | 1.28e-04
  44 | 1.19e-04
  45 | 1.10e-04
  46 | 1.04e-04
  47 | 9.85e-05
  48 | 9.42e-05
  49 | 9.10e-05
  50 | 8.87e-05
  51 | 8.94e-05
  52 | 9.03e-05
  53 | 9.33e-05
  54 | 9.62e-05
  55 | 9.90e-05
  56 | 1.01e-04
  57 | 1.03e-04
  58 | 1.03e-04
  59 | 1.02e-04
  60 | 9.95e-05
  61 | 9.70e-05
  62 | 9.28e-05
  63 | 8.74e-05
  64 | 8.24e-05
  65 | 7.54e-05
  66 | 6.90e-05
  67 | 6.28e-05
  68 | 5.65e-05
  69 | 5.08e-05
  70 | 4.51e-05
  71 | 4.00e-05
  72 | 3.41e-05
  73 | 2.90e-05
  74 | 2.49e-05
  75 | 2.15e-05
  76 | 1.88e-05
  77 | 1.65e-05
  78 | 1.45e-05
  79 | 1.28e-05
  80 | 1.14e-05
  81 | 1.02e-05
  82 | 9.26e-06
  83 | 8.48e-06
  84 | 7.83e-06
  85 | 7.30e-06
  86 | 6.80e-06
  87 | 6.38e-06
  88 | 6.00e-06
  89 | 5.67e-06
  90 | 5.38e-06
  91 | 5.14e-06
  92 | 4.93e-06
  93 | 4.75e-06
  94 | 4.60e-06
  95 | 4.45e-06
  96 | 4.35e-06
  97 | 4.27e-06
  98 | 4.21e-06
  99 | 4.20e-06
 100 | 4.22e-06
 101 | 4.25e-06
 102 | 4.28e-06
 103 | 4.31e-06
 104 | 4.37e-06
 105 | 4.43e-06
 106 | 4.51e-06
 107 | 4.61e-06
 108 | 4.73e-06
 109 | 4.86e-06
 110 | 5.03e-06
 111 | 5.22e-06
 112 | 5.42e-06
 113 | 5.69e-06
 114 | 6.01e-06
 115 | 6.40e-06
 116 | 6.82e-06
 117 | 7.34e-06
 118 | 8.05e-06
 119 | 8.94e-06
 120 | 1.00e-05
 121 | 1.13e-05
 122 | 1.28e-05
 123 | 1.46e-05
 124 | 1.67e-05
 125 | 1.91e-05
 126 | 2.20e-05
 127 | 2.55e-05
 128 | 2.94e-05
 129 | 3.36e-05
 130 | 3.83e-05
 131 | 4.33e-05
 132 | 4.81e-05
 133 | 5.21e-05
 134 | 5.57e-05
 135 | 5.80e-05
 136 | 5.91e-05
 137 | 5.82e-05
 138 | 5.57e-05
 139 | 5.15e-05
 140 | 4.49e-05
 141 | 3.85e-05
 142 | 2.91e-05
 143 | 2.29e-05
 144 | 1.77e-05
 145 | 1.36e-05
 146 | 1.05e-05
 147 | 8.34e-06
 148 | 6.69e-06
 149 | 5.51e-06
 150 | 4.67e-06
 151 | 4.04e-06
 152 | 3.56e-06
 153 | 3.20e-06
 154 | 2.94e-06
 155 | 2.74e-06
 156 | 2.59e-06
 157 | 2.47e-06
 158 | 2.37e-06
 159 | 2.30e-06
 160 | 2.26e-06
 161 | 2.22e-06
 162 | 2.18e-06
 163 | 2.16e-06
 164 | 2.14e-06
 165 | 2.13e-06
 166 | 2.14e-06
 167 | 2.15e-06
 168 | 2.18e-06
 169 | 2.21e-06
 170 | 2.25e-06
 171 | 2.28e-06
 172 | 2.33e-06
 173 | 2.38e-06
 174 | 2.43e-06
 175 | 2.50e-06
 176 | 2.54e-06
 177 | 2.57e-06
 178 | 2.60e-06
 179 | 2.62e-06
 180 | 2.57e-06
 181 | 2.54e-06
 182 | 2.51e-06
 183 | 2.47e-06
 184 | 2.42e-06
 185 | 2.35e-06
 186 | 2.31e-06
 187 | 2.24e-06
 188 | 2.17e-06
 189 | 2.09e-06
 190 | 2.03e-06
 191 | 1.97e-06
 192 | 1.92e-06
 193 | 1.89e-06
 194 | 1.86e-06
 195 | 1.84e-06
 196 | 1.85e-06
 197 | 1.87e-06
 198 | 1.91e-06
 199 | 1.97e-06
 200 | 2.04e-06
 201 | 2.13e-06
 202 | 2.25e-06
 203 | 2.40e-06
 204 | 2.55e-06
 205 | 2.72e-06
 206 | 2.90e-06
 207 | 3.07e-06
 208 | 3.26e-06
 209 | 3.44e-06
 210 | 3.64e-06
 211 | 3.83e-06
 212 | 4.04e-06
 213 | 4.25e-06
 214 | 4.43e-06
 215 | 4.57e-06
 216 | 4.72e-06
 217 | 4.87e-06
 218 | 5.07e-06
 219 | 5.28e-06
 220 | 5.50e-06
 221 | 5.70e-06
 222 | 5.94e-06
 223 | 6.14e-06
 224 | 6.36e-06
 225 | 6.57e-06
 226 | 6.78e-06
 227 | 6.95e-06
 228 | 7.09e-06
 229 | 7.21e-06
 230 | 7.30e-06
 231 | 7.33e-06
 232 | 7.34e-06
 233 | 7.28e-06
 234 | 7.06e-06
 235 | 6.90e-06
 236 | 6.78e-06
 237 | 6.65e-06
 238 | 6.57e-06
 239 | 6.50e-06
 240 | 6.47e-06
 241 | 6.47e-06
 242 | 6.49e-06
 243 | 6.57e-06
 244 | 6.71e-06
 245 | 6.87e-06
 246 | 7.02e-06
 247 | 7.14e-06
 248 | 7.24e-06
 249 | 7.31e-06
 250 | 7.41e-06
 251 | 7.59e-06
 252 | 7.85e-06
 253 | 8.12e-06
 254 | 8.44e-06
 255 | 8.76e-06
 256 | 9.13e-06
 257 | 9.52e-06
 258 | 9.88e-06
 259 | 1.02e-05
 260 | 1.06e-05
 261 | 1.10e-05
 262 | 1.14e-05
 263 | 1.18e-05
 264 | 1.23e-05
 265 | 1.28e-05
 266 | 1.34e-05
 267 | 1.38e-05
 268 | 1.43e-05
 269 | 1.47e-05
 270 | 1.51e-05
 271 | 1.56e-05
 272 | 1.60e-05
 273 | 1.65e-05
 274 | 1.70e-05
 275 | 1.74e-05
 276 | 1.77e-05
 277 | 1.80e-05
 278 | 1.81e-05
 279 | 1.79e-05
 280 | 1.54e-05
 281 | 1.47e-05
 282 | 1.37e-05
 283 | 1.26e-05
 284 | 1.14e-05
 285 | 1.02e-05
 286 | 9.14e-06
 287 | 8.17e-06
 288 | 7.21e-06
 289 | 5.95e-06
 290 | 5.12e-06
 291 | 4.30e-06
 292 | 3.62e-06
 293 | 3.00e-06
 294 | 2.49e-06
 295 | 2.07e-06
 296 | 1.72e-06
 297 | 1.45e-06
 298 | 1.19e-06
 299 | 9.94e-07
[2025-11-08 11:53:58] Run completed in 32.59 minutes
[2025-11-08 11:54:03] Saved NMF result to: /zata/zippy/kresgeb/nmf_stuff/dlPFC/data/batched_nmf/nmf_k70_seed120301_tol1e-06.rds
[2025-11-08 11:54:03] Appended run metadata to summary.csv
[2025-11-08 11:54:03] --------------------------------------------
[2025-11-08 11:54:03] Starting run 88 / 150: k=80, seed=120301, tol=1e-06
[2025-11-08 11:54:03] --------------------------------------------

iter |      tol 
---------------
   1 | 9.15e-01
   2 | 9.96e-02
   3 | 3.54e-02
   4 | 1.80e-02
   5 | 1.20e-02
   6 | 8.66e-03
   7 | 6.39e-03
   8 | 4.78e-03
   9 | 3.71e-03
  10 | 2.98e-03
  11 | 2.53e-03
  12 | 2.24e-03
  13 | 2.05e-03
  14 | 1.93e-03
  15 | 1.89e-03
  16 | 1.92e-03
  17 | 1.95e-03
  18 | 1.93e-03
  19 | 1.87e-03
  20 | 1.83e-03
  21 | 1.86e-03
  22 | 1.94e-03
  23 | 1.69e-03
  24 | 1.56e-03
  25 | 1.48e-03
  26 | 1.40e-03
  27 | 1.30e-03
  28 | 1.16e-03
  29 | 9.75e-04
  30 | 8.39e-04
  31 | 6.90e-04
  32 | 5.17e-04
  33 | 3.82e-04
  34 | 3.00e-04
  35 | 2.39e-04
  36 | 1.97e-04
  37 | 1.82e-04
  38 | 1.77e-04
  39 | 1.80e-04
  40 | 1.86e-04
  41 | 1.94e-04
  42 | 1.99e-04
  43 | 2.00e-04
  44 | 1.93e-04
  45 | 1.79e-04
  46 | 1.60e-04
  47 | 1.44e-04
  48 | 1.32e-04
  49 | 1.24e-04
  50 | 1.18e-04
  51 | 1.14e-04
  52 | 1.14e-04
  53 | 1.17e-04
  54 | 1.19e-04
  55 | 1.21e-04
  56 | 1.23e-04
  57 | 1.22e-04
  58 | 1.18e-04
  59 | 1.12e-04
  60 | 1.06e-04
  61 | 1.01e-04
  62 | 9.99e-05
  63 | 9.81e-05
  64 | 9.77e-05
  65 | 9.83e-05
  66 | 1.02e-04
  67 | 1.06e-04
  68 | 1.13e-04
  69 | 1.21e-04
  70 | 1.28e-04
  71 | 1.36e-04
  72 | 1.44e-04
  73 | 1.59e-04
  74 | 1.77e-04
  75 | 2.00e-04
  76 | 2.08e-04
  77 | 2.02e-04
  78 | 1.98e-04
  79 | 1.79e-04
  80 | 1.50e-04
  81 | 1.13e-04
  82 | 8.13e-05
  83 | 6.00e-05
  84 | 4.16e-05
  85 | 3.18e-05
  86 | 2.39e-05
  87 | 1.88e-05
  88 | 1.58e-05
  89 | 1.36e-05
  90 | 1.18e-05
  91 | 1.02e-05
  92 | 8.97e-06
  93 | 8.00e-06
  94 | 7.21e-06
  95 | 6.51e-06
  96 | 5.91e-06
  97 | 5.41e-06
  98 | 4.90e-06
  99 | 4.46e-06
 100 | 4.05e-06
 101 | 3.72e-06
 102 | 3.42e-06
 103 | 3.15e-06
 104 | 2.90e-06
 105 | 2.64e-06
 106 | 2.40e-06
 107 | 2.20e-06
 108 | 2.05e-06
 109 | 1.92e-06
 110 | 1.81e-06
 111 | 1.71e-06
 112 | 1.61e-06
 113 | 1.53e-06
 114 | 1.45e-06
 115 | 1.39e-06
 116 | 1.32e-06
 117 | 1.26e-06
 118 | 1.21e-06
 119 | 1.16e-06
 120 | 1.12e-06
 121 | 1.08e-06
 122 | 1.05e-06
 123 | 1.03e-06
 124 | 1.01e-06
 125 | 9.86e-07
[2025-11-08 12:11:50] Run completed in 17.79 minutes
[2025-11-08 12:11:55] Saved NMF result to: /zata/zippy/kresgeb/nmf_stuff/dlPFC/data/batched_nmf/nmf_k80_seed120301_tol1e-06.rds
[2025-11-08 12:11:55] Appended run metadata to summary.csv
[2025-11-08 12:11:55] --------------------------------------------
[2025-11-08 12:11:55] Starting run 89 / 150: k=90, seed=120301, tol=1e-06
[2025-11-08 12:11:55] --------------------------------------------

iter |      tol 
---------------
   1 | 9.16e-01
   2 | 9.21e-02
   3 | 3.37e-02
   4 | 1.82e-02
   5 | 1.21e-02
   6 | 9.08e-03
   7 | 7.16e-03
   8 | 5.74e-03
   9 | 4.64e-03
  10 | 3.79e-03
  11 | 3.24e-03
  12 | 2.91e-03
  13 | 2.60e-03
  14 | 2.32e-03
  15 | 2.01e-03
  16 | 1.70e-03
  17 | 1.49e-03
  18 | 1.35e-03
  19 | 1.23e-03
  20 | 1.16e-03
  21 | 1.12e-03
  22 | 1.10e-03
  23 | 1.14e-03
  24 | 1.20e-03
  25 | 1.29e-03
  26 | 1.33e-03
  27 | 1.33e-03
  28 | 1.21e-03
  29 | 1.12e-03
  30 | 1.02e-03
  31 | 8.93e-04
  32 | 7.53e-04
  33 | 6.80e-04
  34 | 6.54e-04
  35 | 6.48e-04
  36 | 6.34e-04
  37 | 6.26e-04
  38 | 6.18e-04
  39 | 5.96e-04
  40 | 5.56e-04
  41 | 4.87e-04
  42 | 4.39e-04
  43 | 4.03e-04
  44 | 3.62e-04
  45 | 3.40e-04
  46 | 2.68e-04
  47 | 2.37e-04
  48 | 2.33e-04
  49 | 2.39e-04
  50 | 2.52e-04
  51 | 2.88e-04
  52 | 3.50e-04
  53 | 4.42e-04
  54 | 5.20e-04
  55 | 5.55e-04
  56 | 5.45e-04
  57 | 4.78e-04
  58 | 3.92e-04
  59 | 3.16e-04
  60 | 2.71e-04
  61 | 2.33e-04
  62 | 2.05e-04
  63 | 1.77e-04
  64 | 1.53e-04
  65 | 1.39e-04
  66 | 1.27e-04
  67 | 1.13e-04
  68 | 1.03e-04
  69 | 9.10e-05
  70 | 8.00e-05
  71 | 6.73e-05
  72 | 5.22e-05
  73 | 4.34e-05
  74 | 3.52e-05
  75 | 2.96e-05
  76 | 2.54e-05
  77 | 2.22e-05
  78 | 2.00e-05
  79 | 1.86e-05
  80 | 1.78e-05
  81 | 1.69e-05
  82 | 1.66e-05
  83 | 1.57e-05
  84 | 1.52e-05
  85 | 1.52e-05
  86 | 1.51e-05
  87 | 1.55e-05
  88 | 1.62e-05
  89 | 1.71e-05
  90 | 1.80e-05
  91 | 1.89e-05
  92 | 2.01e-05
  93 | 2.01e-05
  94 | 2.15e-05
  95 | 2.26e-05
  96 | 2.38e-05
  97 | 2.44e-05
  98 | 2.46e-05
  99 | 2.48e-05
 100 | 2.46e-05
 101 | 2.40e-05
 102 | 2.30e-05
 103 | 2.15e-05
 104 | 1.92e-05
 105 | 1.71e-05
 106 | 1.51e-05
 107 | 1.33e-05
 108 | 1.15e-05
 109 | 9.90e-06
 110 | 8.56e-06
 111 | 7.51e-06
 112 | 6.65e-06
 113 | 5.83e-06
 114 | 5.21e-06
 115 | 4.82e-06
 116 | 4.59e-06
 117 | 4.37e-06
 118 | 4.18e-06
 119 | 3.82e-06
 120 | 3.54e-06
 121 | 3.38e-06
 122 | 3.26e-06
 123 | 3.15e-06
 124 | 3.06e-06
 125 | 2.93e-06
 126 | 2.84e-06
 127 | 2.77e-06
 128 | 2.69e-06
 129 | 2.61e-06
 130 | 2.56e-06
 131 | 2.54e-06
 132 | 2.48e-06
 133 | 2.37e-06
 134 | 2.17e-06
 135 | 2.12e-06
 136 | 2.07e-06
 137 | 2.05e-06
 138 | 2.04e-06
 139 | 2.05e-06
 140 | 2.07e-06
 141 | 2.09e-06
 142 | 2.12e-06
 143 | 2.16e-06
 144 | 2.20e-06
 145 | 2.22e-06
 146 | 2.25e-06
 147 | 2.30e-06
 148 | 2.36e-06
 149 | 2.42e-06
 150 | 2.49e-06
 151 | 2.52e-06
 152 | 2.56e-06
 153 | 2.60e-06
 154 | 2.63e-06
 155 | 2.64e-06
 156 | 2.67e-06
 157 | 2.70e-06
 158 | 2.74e-06
 159 | 2.78e-06
 160 | 2.83e-06
 161 | 2.83e-06
 162 | 2.76e-06
 163 | 2.79e-06
 164 | 2.84e-06
 165 | 2.87e-06
 166 | 2.80e-06
 167 | 2.74e-06
 168 | 2.75e-06
 169 | 2.72e-06
 170 | 2.68e-06
 171 | 2.65e-06
 172 | 2.63e-06
 173 | 2.61e-06
 174 | 2.60e-06
 175 | 2.57e-06
 176 | 2.54e-06
 177 | 2.46e-06
 178 | 2.35e-06
 179 | 2.26e-06
 180 | 2.19e-06
 181 | 2.13e-06
 182 | 2.07e-06
 183 | 2.01e-06
 184 | 1.96e-06
 185 | 1.91e-06
 186 | 1.86e-06
 187 | 1.82e-06
 188 | 1.79e-06
 189 | 1.80e-06
 190 | 1.80e-06
 191 | 1.78e-06
 192 | 1.80e-06
 193 | 1.82e-06
 194 | 1.83e-06
 195 | 1.79e-06
 196 | 1.75e-06
 197 | 1.69e-06
 198 | 1.66e-06
 199 | 1.63e-06
 200 | 1.57e-06
 201 | 1.52e-06
 202 | 1.47e-06
 203 | 1.42e-06
 204 | 1.36e-06
 205 | 1.28e-06
 206 | 1.19e-06
 207 | 1.11e-06
 208 | 1.06e-06
 209 | 1.01e-06
 210 | 9.74e-07
[2025-11-08 12:44:39] Run completed in 32.73 minutes
[2025-11-08 12:44:45] Saved NMF result to: /zata/zippy/kresgeb/nmf_stuff/dlPFC/data/batched_nmf/nmf_k90_seed120301_tol1e-06.rds
[2025-11-08 12:44:45] Appended run metadata to summary.csv
[2025-11-08 12:44:45] --------------------------------------------
[2025-11-08 12:44:45] Starting run 90 / 150: k=100, seed=120301, tol=1e-06
[2025-11-08 12:44:45] --------------------------------------------

iter |      tol 
---------------
   1 | 9.09e-01
   2 | 1.03e-01
   3 | 3.55e-02
   4 | 1.92e-02
   5 | 1.31e-02
   6 | 9.67e-03
   7 | 7.52e-03
   8 | 6.15e-03
   9 | 5.33e-03
  10 | 4.88e-03
  11 | 4.58e-03
  12 | 4.56e-03
  13 | 4.59e-03
  14 | 4.53e-03
  15 | 4.19e-03
  16 | 3.04e-03
  17 | 2.36e-03
  18 | 2.05e-03
  19 | 1.82e-03
  20 | 1.61e-03
  21 | 1.43e-03
  22 | 1.30e-03
  23 | 1.19e-03
  24 | 1.09e-03
  25 | 1.05e-03
  26 | 1.06e-03
  27 | 1.08e-03
  28 | 1.07e-03
  29 | 1.07e-03
  30 | 1.09e-03
  31 | 1.13e-03
  32 | 1.18e-03
  33 | 1.22e-03
  34 | 1.19e-03
  35 | 9.90e-04
  36 | 8.48e-04
  37 | 7.17e-04
  38 | 5.97e-04
  39 | 5.41e-04
  40 | 5.12e-04
  41 | 4.91e-04
  42 | 4.58e-04
  43 | 4.40e-04
  44 | 4.19e-04
  45 | 3.83e-04
  46 | 3.39e-04
  47 | 2.73e-04
  48 | 2.18e-04
  49 | 1.75e-04
  50 | 1.45e-04
  51 | 1.21e-04
  52 | 1.13e-04
  53 | 1.14e-04
  54 | 1.23e-04
  55 | 1.38e-04
  56 | 1.61e-04
  57 | 1.93e-04
  58 | 2.26e-04
  59 | 2.41e-04
  60 | 2.37e-04
  61 | 2.03e-04
  62 | 1.61e-04
  63 | 1.22e-04
  64 | 9.31e-05
  65 | 6.72e-05
  66 | 5.97e-05
  67 | 5.87e-05
  68 | 5.69e-05
  69 | 5.78e-05
  70 | 5.71e-05
  71 | 5.48e-05
  72 | 5.67e-05
  73 | 5.85e-05
  74 | 6.17e-05
  75 | 6.63e-05
  76 | 6.96e-05
  77 | 6.04e-05
  78 | 5.88e-05
  79 | 6.13e-05
  80 | 6.51e-05
  81 | 6.95e-05
  82 | 7.59e-05
  83 | 8.33e-05
  84 | 9.22e-05
  85 | 1.01e-04
  86 | 1.09e-04
  87 | 1.15e-04
  88 | 1.17e-04
  89 | 1.15e-04
  90 | 1.08e-04
  91 | 1.03e-04
  92 | 9.62e-05
  93 | 8.04e-05
  94 | 6.97e-05
  95 | 6.27e-05
  96 | 5.41e-05
  97 | 4.66e-05
  98 | 4.38e-05
  99 | 4.31e-05
 100 | 4.30e-05
 101 | 4.37e-05
 102 | 3.92e-05
 103 | 3.84e-05
 104 | 4.01e-05
 105 | 4.16e-05
 106 | 4.43e-05
 107 | 4.60e-05
 108 | 5.04e-05
 109 | 5.51e-05
 110 | 5.96e-05
 111 | 6.64e-05
 112 | 7.12e-05
 113 | 7.87e-05
 114 | 8.63e-05
 115 | 9.41e-05
 116 | 1.00e-04
 117 | 1.06e-04
 118 | 9.32e-05
 119 | 7.88e-05
 120 | 6.75e-05
 121 | 5.79e-05
 122 | 4.72e-05
 123 | 3.98e-05
 124 | 3.07e-05
 125 | 2.32e-05
 126 | 2.02e-05
 127 | 1.79e-05
 128 | 1.64e-05
 129 | 1.49e-05
 130 | 1.32e-05
 131 | 1.21e-05
 132 | 1.15e-05
 133 | 1.09e-05
 134 | 1.05e-05
 135 | 1.01e-05
 136 | 9.91e-06
 137 | 9.70e-06
 138 | 9.71e-06
 139 | 9.82e-06
 140 | 9.80e-06
 141 | 9.01e-06
 142 | 9.13e-06
 143 | 8.99e-06
 144 | 9.12e-06
 145 | 9.55e-06
 146 | 9.95e-06
 147 | 1.06e-05
 148 | 1.14e-05
 149 | 1.22e-05
 150 | 1.30e-05
 151 | 1.39e-05
 152 | 1.31e-05
 153 | 1.34e-05
 154 | 1.46e-05
 155 | 1.60e-05
 156 | 1.75e-05
 157 | 1.73e-05
 158 | 2.00e-05
 159 | 2.29e-05
 160 | 2.72e-05
 161 | 3.24e-05
 162 | 3.78e-05
 163 | 4.48e-05
 164 | 4.79e-05
 165 | 4.77e-05
 166 | 4.85e-05
 167 | 4.81e-05
 168 | 4.76e-05
 169 | 4.51e-05
 170 | 4.01e-05
 171 | 3.44e-05
 172 | 2.91e-05
 173 | 2.12e-05
 174 | 1.72e-05
 175 | 1.40e-05
 176 | 1.16e-05
 177 | 9.57e-06
 178 | 8.27e-06
 179 | 7.32e-06
 180 | 6.74e-06
 181 | 6.32e-06
 182 | 6.23e-06
 183 | 6.36e-06
 184 | 6.69e-06
 185 | 7.19e-06
 186 | 7.90e-06
 187 | 8.89e-06
 188 | 1.00e-05
 189 | 1.08e-05
 190 | 1.14e-05
 191 | 1.30e-05
 192 | 1.51e-05
 193 | 1.75e-05
 194 | 2.03e-05
 195 | 2.29e-05
 196 | 2.47e-05
 197 | 2.54e-05
 198 | 2.65e-05
 199 | 2.84e-05
 200 | 3.12e-05
 201 | 3.17e-05
 202 | 3.21e-05
 203 | 3.41e-05
 204 | 3.68e-05
 205 | 3.97e-05
 206 | 4.29e-05
 207 | 4.67e-05
 208 | 5.07e-05
 209 | 5.39e-05
 210 | 5.68e-05
 211 | 5.83e-05
 212 | 5.74e-05
 213 | 5.43e-05
 214 | 5.01e-05
 215 | 4.45e-05
 216 | 3.82e-05
 217 | 3.20e-05
 218 | 2.63e-05
 219 | 2.09e-05
 220 | 1.63e-05
 221 | 1.25e-05
 222 | 9.28e-06
 223 | 7.14e-06
 224 | 5.82e-06
 225 | 5.03e-06
 226 | 4.49e-06
 227 | 4.28e-06
 228 | 4.24e-06
 229 | 4.28e-06
 230 | 4.27e-06
 231 | 4.38e-06
 232 | 4.66e-06
 233 | 5.02e-06
 234 | 5.20e-06
 235 | 5.53e-06
 236 | 6.06e-06
 237 | 6.67e-06
 238 | 7.31e-06
 239 | 8.11e-06
 240 | 9.11e-06
 241 | 9.74e-06
 242 | 1.09e-05
 243 | 1.23e-05
 244 | 1.37e-05
 245 | 1.44e-05
 246 | 1.55e-05
 247 | 1.67e-05
 248 | 1.74e-05
 249 | 1.84e-05
 250 | 1.93e-05
 251 | 1.98e-05
 252 | 2.06e-05
 253 | 2.20e-05
 254 | 2.30e-05
 255 | 2.36e-05
 256 | 2.38e-05
 257 | 2.39e-05
 258 | 2.39e-05
 259 | 2.35e-05
 260 | 2.22e-05
 261 | 1.97e-05
 262 | 1.78e-05
 263 | 1.59e-05
 264 | 1.40e-05
 265 | 1.22e-05
 266 | 1.07e-05
 267 | 9.15e-06
 268 | 7.75e-06
 269 | 6.48e-06
 270 | 5.34e-06
 271 | 4.48e-06
 272 | 3.82e-06
 273 | 3.30e-06
 274 | 2.86e-06
 275 | 2.49e-06
 276 | 2.15e-06
 277 | 1.91e-06
 278 | 1.55e-06
 279 | 1.32e-06
 280 | 1.17e-06
 281 | 1.06e-06
 282 | 9.46e-07
[2025-11-08 13:33:39] Run completed in 48.89 minutes
[2025-11-08 13:33:45] Saved NMF result to: /zata/zippy/kresgeb/nmf_stuff/dlPFC/data/batched_nmf/nmf_k100_seed120301_tol1e-06.rds
[2025-11-08 13:33:45] Appended run metadata to summary.csv
[2025-11-08 13:33:45] --------------------------------------------
[2025-11-08 13:33:45] Starting run 91 / 150: k=10, seed=2025, tol=1e-06
[2025-11-08 13:33:45] --------------------------------------------

iter |      tol 
---------------
   1 | 9.35e-01
   2 | 1.48e-01
   3 | 3.06e-02
   4 | 9.51e-03
   5 | 5.22e-03
   6 | 3.50e-03
   7 | 2.54e-03
   8 | 1.86e-03
   9 | 1.70e-03
  10 | 2.13e-03
  11 | 2.33e-03
  12 | 1.51e-03
  13 | 7.18e-04
  14 | 3.31e-04
  15 | 1.69e-04
  16 | 9.71e-05
  17 | 5.93e-05
  18 | 3.73e-05
  19 | 2.38e-05
  20 | 1.53e-05
  21 | 9.69e-06
  22 | 6.14e-06
  23 | 4.04e-06
  24 | 2.76e-06
  25 | 1.96e-06
  26 | 1.43e-06
  27 | 1.07e-06
  28 | 8.19e-07
[2025-11-08 13:35:56] Run completed in 2.19 minutes
[2025-11-08 13:35:57] Saved NMF result to: /zata/zippy/kresgeb/nmf_stuff/dlPFC/data/batched_nmf/nmf_k10_seed2025_tol1e-06.rds
[2025-11-08 13:35:57] Appended run metadata to summary.csv
[2025-11-08 13:35:57] --------------------------------------------
[2025-11-08 13:35:57] Starting run 92 / 150: k=20, seed=2025, tol=1e-06
[2025-11-08 13:35:57] --------------------------------------------

iter |      tol 
---------------
   1 | 9.23e-01
   2 | 1.21e-01
   3 | 3.51e-02
   4 | 1.72e-02
   5 | 1.20e-02
   6 | 8.74e-03
   7 | 6.17e-03
   8 | 4.62e-03
   9 | 3.79e-03
  10 | 3.40e-03
  11 | 3.01e-03
  12 | 2.32e-03
  13 | 1.61e-03
  14 | 1.10e-03
  15 | 7.86e-04
  16 | 5.83e-04
  17 | 4.45e-04
  18 | 3.55e-04
  19 | 2.95e-04
  20 | 2.56e-04
  21 | 2.29e-04
  22 | 2.09e-04
  23 | 1.94e-04
  24 | 1.81e-04
  25 | 1.70e-04
  26 | 1.62e-04
  27 | 1.56e-04
  28 | 1.55e-04
  29 | 1.56e-04
  30 | 1.60e-04
  31 | 1.65e-04
  32 | 1.70e-04
  33 | 1.76e-04
  34 | 1.80e-04
  35 | 1.83e-04
  36 | 1.82e-04
  37 | 1.78e-04
  38 | 1.69e-04
  39 | 1.58e-04
  40 | 1.44e-04
  41 | 1.31e-04
  42 | 1.17e-04
  43 | 1.05e-04
  44 | 9.39e-05
  45 | 8.43e-05
  46 | 7.62e-05
  47 | 6.95e-05
  48 | 6.38e-05
  49 | 5.87e-05
  50 | 5.42e-05
  51 | 5.02e-05
  52 | 4.67e-05
  53 | 4.35e-05
  54 | 4.06e-05
  55 | 3.81e-05
  56 | 3.60e-05
  57 | 3.40e-05
  58 | 3.22e-05
  59 | 3.03e-05
  60 | 2.85e-05
  61 | 2.69e-05
  62 | 2.55e-05
  63 | 2.41e-05
  64 | 2.28e-05
  65 | 2.16e-05
  66 | 2.03e-05
  67 | 1.92e-05
  68 | 1.81e-05
  69 | 1.70e-05
  70 | 1.60e-05
  71 | 1.50e-05
  72 | 1.41e-05
  73 | 1.33e-05
  74 | 1.26e-05
  75 | 1.19e-05
  76 | 1.13e-05
  77 | 1.07e-05
  78 | 1.02e-05
  79 | 9.87e-06
  80 | 9.59e-06
  81 | 9.40e-06
  82 | 9.27e-06
  83 | 9.20e-06
  84 | 9.20e-06
  85 | 9.23e-06
  86 | 9.30e-06
  87 | 9.44e-06
  88 | 9.65e-06
  89 | 9.92e-06
  90 | 1.02e-05
  91 | 1.06e-05
  92 | 1.09e-05
  93 | 1.11e-05
  94 | 1.13e-05
  95 | 1.13e-05
  96 | 1.13e-05
  97 | 1.11e-05
  98 | 1.09e-05
  99 | 1.05e-05
 100 | 1.01e-05
 101 | 9.67e-06
 102 | 9.23e-06
 103 | 8.81e-06
 104 | 8.43e-06
 105 | 8.07e-06
 106 | 7.68e-06
 107 | 7.33e-06
 108 | 6.99e-06
 109 | 6.70e-06
 110 | 6.47e-06
 111 | 6.28e-06
 112 | 6.13e-06
 113 | 6.03e-06
 114 | 5.95e-06
 115 | 5.90e-06
 116 | 5.87e-06
 117 | 5.89e-06
 118 | 5.93e-06
 119 | 6.01e-06
 120 | 6.10e-06
 121 | 6.22e-06
 122 | 6.36e-06
 123 | 6.50e-06
 124 | 6.65e-06
 125 | 6.82e-06
 126 | 6.97e-06
 127 | 7.13e-06
 128 | 7.28e-06
 129 | 7.42e-06
 130 | 7.55e-06
 131 | 7.67e-06
 132 | 7.77e-06
 133 | 7.84e-06
 134 | 7.86e-06
 135 | 7.84e-06
 136 | 7.78e-06
 137 | 7.69e-06
 138 | 7.64e-06
 139 | 7.57e-06
 140 | 7.45e-06
 141 | 7.29e-06
 142 | 7.14e-06
 143 | 6.97e-06
 144 | 6.76e-06
 145 | 6.52e-06
 146 | 6.27e-06
 147 | 6.02e-06
 148 | 5.76e-06
 149 | 5.49e-06
 150 | 5.23e-06
 151 | 4.98e-06
 152 | 4.73e-06
 153 | 4.48e-06
 154 | 4.27e-06
 155 | 4.07e-06
 156 | 3.88e-06
 157 | 3.70e-06
 158 | 3.53e-06
 159 | 3.38e-06
 160 | 3.25e-06
 161 | 3.14e-06
 162 | 3.03e-06
 163 | 2.94e-06
 164 | 2.86e-06
 165 | 2.80e-06
 166 | 2.75e-06
 167 | 2.70e-06
 168 | 2.67e-06
 169 | 2.64e-06
 170 | 2.62e-06
 171 | 2.60e-06
 172 | 2.60e-06
 173 | 2.60e-06
 174 | 2.59e-06
 175 | 2.60e-06
 176 | 2.60e-06
 177 | 2.61e-06
 178 | 2.63e-06
 179 | 2.66e-06
 180 | 2.69e-06
 181 | 2.73e-06
 182 | 2.78e-06
 183 | 2.84e-06
 184 | 2.90e-06
 185 | 2.98e-06
 186 | 3.05e-06
 187 | 3.13e-06
 188 | 3.21e-06
 189 | 3.27e-06
 190 | 3.33e-06
 191 | 3.39e-06
 192 | 3.43e-06
 193 | 3.47e-06
 194 | 3.51e-06
 195 | 3.54e-06
 196 | 3.55e-06
 197 | 3.55e-06
 198 | 3.52e-06
 199 | 3.49e-06
 200 | 3.45e-06
 201 | 3.39e-06
 202 | 3.32e-06
 203 | 3.24e-06
 204 | 3.14e-06
 205 | 3.04e-06
 206 | 2.93e-06
 207 | 2.82e-06
 208 | 2.70e-06
 209 | 2.58e-06
 210 | 2.46e-06
 211 | 2.34e-06
 212 | 2.22e-06
 213 | 2.11e-06
 214 | 2.00e-06
 215 | 1.90e-06
 216 | 1.81e-06
 217 | 1.73e-06
 218 | 1.64e-06
 219 | 1.56e-06
 220 | 1.49e-06
 221 | 1.42e-06
 222 | 1.36e-06
 223 | 1.30e-06
 224 | 1.24e-06
 225 | 1.19e-06
 226 | 1.14e-06
 227 | 1.10e-06
 228 | 1.06e-06
 229 | 1.02e-06
 230 | 9.91e-07
[2025-11-08 13:42:12] Run completed in 6.24 minutes
[2025-11-08 13:42:13] Saved NMF result to: /zata/zippy/kresgeb/nmf_stuff/dlPFC/data/batched_nmf/nmf_k20_seed2025_tol1e-06.rds
[2025-11-08 13:42:13] Appended run metadata to summary.csv
[2025-11-08 13:42:13] --------------------------------------------
[2025-11-08 13:42:13] Starting run 93 / 150: k=30, seed=2025, tol=1e-06
[2025-11-08 13:42:13] --------------------------------------------

iter |      tol 
---------------
   1 | 9.20e-01
   2 | 1.28e-01
   3 | 3.81e-02
   4 | 2.08e-02
   5 | 1.21e-02
   6 | 6.86e-03
   7 | 4.55e-03
   8 | 3.45e-03
   9 | 2.82e-03
  10 | 2.45e-03
  11 | 2.22e-03
  12 | 2.05e-03
  13 | 1.85e-03
  14 | 1.64e-03
  15 | 1.41e-03
  16 | 1.20e-03
  17 | 1.03e-03
  18 | 9.36e-04
  19 | 8.59e-04
  20 | 7.74e-04
  21 | 6.69e-04
  22 | 5.55e-04
  23 | 4.56e-04
  24 | 3.77e-04
  25 | 3.18e-04
  26 | 2.74e-04
  27 | 2.39e-04
  28 | 2.11e-04
  29 | 1.87e-04
  30 | 1.67e-04
  31 | 1.47e-04
  32 | 1.29e-04
  33 | 1.13e-04
  34 | 9.88e-05
  35 | 8.75e-05
  36 | 7.81e-05
  37 | 7.07e-05
  38 | 6.53e-05
  39 | 6.15e-05
  40 | 5.84e-05
  41 | 5.62e-05
  42 | 5.43e-05
  43 | 5.28e-05
  44 | 5.19e-05
  45 | 5.15e-05
  46 | 5.15e-05
  47 | 5.21e-05
  48 | 5.30e-05
  49 | 5.39e-05
  50 | 5.57e-05
  51 | 5.87e-05
  52 | 6.24e-05
  53 | 6.65e-05
  54 | 7.11e-05
  55 | 7.63e-05
  56 | 8.03e-05
  57 | 8.17e-05
  58 | 7.92e-05
  59 | 7.21e-05
  60 | 6.43e-05
  61 | 5.38e-05
  62 | 4.40e-05
  63 | 3.71e-05
  64 | 3.26e-05
  65 | 2.93e-05
  66 | 2.66e-05
  67 | 2.43e-05
  68 | 2.23e-05
  69 | 2.06e-05
  70 | 1.91e-05
  71 | 1.78e-05
  72 | 1.65e-05
  73 | 1.54e-05
  74 | 1.42e-05
  75 | 1.31e-05
  76 | 1.21e-05
  77 | 1.11e-05
  78 | 1.01e-05
  79 | 9.13e-06
  80 | 8.25e-06
  81 | 7.45e-06
  82 | 6.72e-06
  83 | 6.08e-06
  84 | 5.55e-06
  85 | 5.06e-06
  86 | 4.64e-06
  87 | 4.28e-06
  88 | 3.97e-06
  89 | 3.71e-06
  90 | 3.49e-06
  91 | 3.29e-06
  92 | 3.12e-06
  93 | 2.98e-06
  94 | 2.85e-06
  95 | 2.75e-06
  96 | 2.67e-06
  97 | 2.58e-06
  98 | 2.51e-06
  99 | 2.44e-06
 100 | 2.37e-06
 101 | 2.30e-06
 102 | 2.24e-06
 103 | 2.18e-06
 104 | 2.12e-06
 105 | 2.07e-06
 106 | 2.02e-06
 107 | 1.97e-06
 108 | 1.91e-06
 109 | 1.87e-06
 110 | 1.82e-06
 111 | 1.78e-06
 112 | 1.73e-06
 113 | 1.69e-06
 114 | 1.64e-06
 115 | 1.59e-06
 116 | 1.55e-06
 117 | 1.50e-06
 118 | 1.45e-06
 119 | 1.41e-06
 120 | 1.36e-06
 121 | 1.31e-06
 122 | 1.26e-06
 123 | 1.20e-06
 124 | 1.15e-06
 125 | 1.11e-06
 126 | 1.06e-06
 127 | 1.01e-06
 128 | 9.56e-07
[2025-11-08 13:48:24] Run completed in 6.19 minutes
[2025-11-08 13:48:26] Saved NMF result to: /zata/zippy/kresgeb/nmf_stuff/dlPFC/data/batched_nmf/nmf_k30_seed2025_tol1e-06.rds
[2025-11-08 13:48:26] Appended run metadata to summary.csv
[2025-11-08 13:48:26] --------------------------------------------
[2025-11-08 13:48:26] Starting run 94 / 150: k=40, seed=2025, tol=1e-06
[2025-11-08 13:48:26] --------------------------------------------

iter |      tol 
---------------
   1 | 9.18e-01
   2 | 1.19e-01
   3 | 3.80e-02
   4 | 1.99e-02
   5 | 1.17e-02
   6 | 7.63e-03
   7 | 5.47e-03
   8 | 4.03e-03
   9 | 2.99e-03
  10 | 2.37e-03
  11 | 1.94e-03
  12 | 1.58e-03
  13 | 1.29e-03
  14 | 1.08e-03
  15 | 9.66e-04
  16 | 9.23e-04
  17 | 8.83e-04
  18 | 7.98e-04
  19 | 6.94e-04
  20 | 5.99e-04
  21 | 5.13e-04
  22 | 4.38e-04
  23 | 3.76e-04
  24 | 3.26e-04
  25 | 2.88e-04
  26 | 2.60e-04
  27 | 2.39e-04
  28 | 2.28e-04
  29 | 2.25e-04
  30 | 2.27e-04
  31 | 2.31e-04
  32 | 2.35e-04
  33 | 2.37e-04
  34 | 2.34e-04
  35 | 2.25e-04
  36 | 2.09e-04
  37 | 1.88e-04
  38 | 1.64e-04
  39 | 1.42e-04
  40 | 1.23e-04
  41 | 1.08e-04
  42 | 9.64e-05
  43 | 8.62e-05
  44 | 7.78e-05
  45 | 7.15e-05
  46 | 6.72e-05
  47 | 6.45e-05
  48 | 6.28e-05
  49 | 6.16e-05
  50 | 6.01e-05
  51 | 5.79e-05
  52 | 5.54e-05
  53 | 5.28e-05
  54 | 5.06e-05
  55 | 4.87e-05
  56 | 4.86e-05
  57 | 5.01e-05
  58 | 5.35e-05
  59 | 5.87e-05
  60 | 6.58e-05
  61 | 7.35e-05
  62 | 7.94e-05
  63 | 7.95e-05
  64 | 7.36e-05
  65 | 6.35e-05
  66 | 5.21e-05
  67 | 4.11e-05
  68 | 3.18e-05
  69 | 2.43e-05
  70 | 1.86e-05
  71 | 1.44e-05
  72 | 1.12e-05
  73 | 9.01e-06
  74 | 7.37e-06
  75 | 6.21e-06
  76 | 5.38e-06
  77 | 4.77e-06
  78 | 4.35e-06
  79 | 4.06e-06
  80 | 3.85e-06
  81 | 3.70e-06
  82 | 3.60e-06
  83 | 3.52e-06
  84 | 3.48e-06
  85 | 3.45e-06
  86 | 3.42e-06
  87 | 3.40e-06
  88 | 3.36e-06
  89 | 3.33e-06
  90 | 3.29e-06
  91 | 3.26e-06
  92 | 3.23e-06
  93 | 3.20e-06
  94 | 3.17e-06
  95 | 3.14e-06
  96 | 3.11e-06
  97 | 3.09e-06
  98 | 3.07e-06
  99 | 3.07e-06
 100 | 3.07e-06
 101 | 3.04e-06
 102 | 3.02e-06
 103 | 3.04e-06
 104 | 3.08e-06
 105 | 3.16e-06
 106 | 3.27e-06
 107 | 3.38e-06
 108 | 3.50e-06
 109 | 3.64e-06
 110 | 3.78e-06
 111 | 3.92e-06
 112 | 4.05e-06
 113 | 4.18e-06
 114 | 4.30e-06
 115 | 4.41e-06
 116 | 4.51e-06
 117 | 4.61e-06
 118 | 4.71e-06
 119 | 4.85e-06
 120 | 4.95e-06
 121 | 5.04e-06
 122 | 5.13e-06
 123 | 5.24e-06
 124 | 5.33e-06
 125 | 5.42e-06
 126 | 5.50e-06
 127 | 5.62e-06
 128 | 5.73e-06
 129 | 5.83e-06
 130 | 5.94e-06
 131 | 6.05e-06
 132 | 6.17e-06
 133 | 6.30e-06
 134 | 6.36e-06
 135 | 6.48e-06
 136 | 6.57e-06
 137 | 6.68e-06
 138 | 6.77e-06
 139 | 6.71e-06
 140 | 6.75e-06
 141 | 6.78e-06
 142 | 6.82e-06
 143 | 6.90e-06
 144 | 6.96e-06
 145 | 7.02e-06
 146 | 7.04e-06
 147 | 7.09e-06
 148 | 7.14e-06
 149 | 7.20e-06
 150 | 7.27e-06
 151 | 7.31e-06
 152 | 7.34e-06
 153 | 7.35e-06
 154 | 7.35e-06
 155 | 7.39e-06
 156 | 7.46e-06
 157 | 7.50e-06
 158 | 7.56e-06
 159 | 7.62e-06
 160 | 7.69e-06
 161 | 7.72e-06
 162 | 7.76e-06
 163 | 7.87e-06
 164 | 7.94e-06
 165 | 8.01e-06
 166 | 8.05e-06
 167 | 8.05e-06
 168 | 8.08e-06
 169 | 8.06e-06
 170 | 7.96e-06
 171 | 7.92e-06
 172 | 7.89e-06
 173 | 7.83e-06
 174 | 7.71e-06
 175 | 7.68e-06
 176 | 7.63e-06
 177 | 7.67e-06
 178 | 7.77e-06
 179 | 7.92e-06
 180 | 8.09e-06
 181 | 8.28e-06
 182 | 8.48e-06
 183 | 8.66e-06
 184 | 8.86e-06
 185 | 9.03e-06
 186 | 9.22e-06
 187 | 9.40e-06
 188 | 9.55e-06
 189 | 9.65e-06
 190 | 9.72e-06
 191 | 9.76e-06
 192 | 9.81e-06
 193 | 9.85e-06
 194 | 9.87e-06
 195 | 9.88e-06
 196 | 9.88e-06
 197 | 9.75e-06
 198 | 9.69e-06
 199 | 9.64e-06
 200 | 9.52e-06
 201 | 9.40e-06
 202 | 9.34e-06
 203 | 9.25e-06
 204 | 9.10e-06
 205 | 8.95e-06
 206 | 8.83e-06
 207 | 8.69e-06
 208 | 8.52e-06
 209 | 8.27e-06
 210 | 8.06e-06
 211 | 7.82e-06
 212 | 7.58e-06
 213 | 7.16e-06
 214 | 6.76e-06
 215 | 6.44e-06
 216 | 6.16e-06
 217 | 5.83e-06
 218 | 5.53e-06
 219 | 5.23e-06
 220 | 4.91e-06
 221 | 4.58e-06
 222 | 4.31e-06
 223 | 4.07e-06
 224 | 3.87e-06
 225 | 3.68e-06
 226 | 3.51e-06
 227 | 3.35e-06
 228 | 3.20e-06
 229 | 3.00e-06
 230 | 2.83e-06
 231 | 2.69e-06
 232 | 2.55e-06
 233 | 2.42e-06
 234 | 2.27e-06
 235 | 2.11e-06
 236 | 2.00e-06
 237 | 1.89e-06
 238 | 1.79e-06
 239 | 1.69e-06
 240 | 1.60e-06
 241 | 1.52e-06
 242 | 1.46e-06
 243 | 1.41e-06
 244 | 1.37e-06
 245 | 1.33e-06
 246 | 1.30e-06
 247 | 1.27e-06
 248 | 1.25e-06
 249 | 1.22e-06
 250 | 1.20e-06
 251 | 1.19e-06
 252 | 1.18e-06
 253 | 1.17e-06
 254 | 1.16e-06
 255 | 1.15e-06
 256 | 1.15e-06
 257 | 1.14e-06
 258 | 1.14e-06
 259 | 1.08e-06
 260 | 1.07e-06
 261 | 1.07e-06
 262 | 1.06e-06
 263 | 1.06e-06
 264 | 1.06e-06
 265 | 1.06e-06
 266 | 1.06e-06
 267 | 1.06e-06
 268 | 1.06e-06
 269 | 1.06e-06
 270 | 1.06e-06
 271 | 1.06e-06
 272 | 1.06e-06
 273 | 1.06e-06
 274 | 1.06e-06
 275 | 1.06e-06
 276 | 1.06e-06
 277 | 1.06e-06
 278 | 1.06e-06
 279 | 1.07e-06
 280 | 1.07e-06
 281 | 1.07e-06
 282 | 1.07e-06
 283 | 1.07e-06
 284 | 1.07e-06
 285 | 1.07e-06
 286 | 1.06e-06
 287 | 1.06e-06
 288 | 1.06e-06
 289 | 1.05e-06
 290 | 1.05e-06
 291 | 1.04e-06
 292 | 1.04e-06
 293 | 1.04e-06
 294 | 1.03e-06
 295 | 1.03e-06
 296 | 1.02e-06
 297 | 1.01e-06
 298 | 1.00e-06
 299 | 9.94e-07
[2025-11-08 14:04:35] Run completed in 16.15 minutes
[2025-11-08 14:04:38] Saved NMF result to: /zata/zippy/kresgeb/nmf_stuff/dlPFC/data/batched_nmf/nmf_k40_seed2025_tol1e-06.rds
[2025-11-08 14:04:38] Appended run metadata to summary.csv
[2025-11-08 14:04:38] --------------------------------------------
[2025-11-08 14:04:38] Starting run 95 / 150: k=50, seed=2025, tol=1e-06
[2025-11-08 14:04:38] --------------------------------------------

iter |      tol 
---------------
   1 | 9.18e-01
   2 | 1.11e-01
   3 | 3.54e-02
   4 | 1.72e-02
   5 | 1.04e-02
   6 | 7.38e-03
   7 | 5.62e-03
   8 | 4.62e-03
   9 | 4.05e-03
  10 | 3.52e-03
  11 | 3.03e-03
  12 | 2.51e-03
  13 | 2.06e-03
  14 | 1.71e-03
  15 | 1.47e-03
  16 | 1.26e-03
  17 | 1.05e-03
  18 | 8.70e-04
  19 | 7.38e-04
  20 | 6.50e-04
  21 | 6.02e-04
  22 | 5.64e-04
  23 | 5.35e-04
  24 | 4.96e-04
  25 | 4.63e-04
  26 | 4.33e-04
  27 | 4.06e-04
  28 | 3.78e-04
  29 | 3.48e-04
  30 | 3.21e-04
  31 | 2.98e-04
  32 | 2.75e-04
  33 | 2.55e-04
  34 | 2.36e-04
  35 | 2.16e-04
  36 | 1.97e-04
  37 | 1.81e-04
  38 | 1.69e-04
  39 | 1.61e-04
  40 | 1.56e-04
  41 | 1.55e-04
  42 | 1.56e-04
  43 | 1.58e-04
  44 | 1.64e-04
  45 | 1.74e-04
  46 | 1.87e-04
  47 | 2.02e-04
  48 | 2.19e-04
  49 | 2.35e-04
  50 | 2.51e-04
  51 | 2.65e-04
  52 | 2.76e-04
  53 | 2.80e-04
  54 | 2.77e-04
  55 | 2.67e-04
  56 | 2.51e-04
  57 | 2.30e-04
  58 | 2.06e-04
  59 | 1.84e-04
  60 | 1.61e-04
  61 | 1.39e-04
  62 | 1.22e-04
  63 | 1.08e-04
  64 | 9.59e-05
  65 | 8.59e-05
  66 | 7.63e-05
  67 | 6.84e-05
  68 | 6.17e-05
  69 | 5.63e-05
  70 | 5.18e-05
  71 | 4.71e-05
  72 | 4.26e-05
  73 | 3.85e-05
  74 | 3.46e-05
  75 | 3.14e-05
  76 | 2.84e-05
  77 | 2.59e-05
  78 | 2.30e-05
  79 | 2.05e-05
  80 | 1.83e-05
  81 | 1.64e-05
  82 | 1.47e-05
  83 | 1.34e-05
  84 | 1.22e-05
  85 | 1.14e-05
  86 | 1.07e-05
  87 | 1.02e-05
  88 | 9.85e-06
  89 | 9.59e-06
  90 | 9.42e-06
  91 | 9.29e-06
  92 | 9.23e-06
  93 | 9.24e-06
  94 | 9.29e-06
  95 | 9.35e-06
  96 | 9.42e-06
  97 | 9.47e-06
  98 | 9.58e-06
  99 | 9.58e-06
 100 | 9.66e-06
 101 | 9.70e-06
 102 | 9.72e-06
 103 | 9.85e-06
 104 | 1.00e-05
 105 | 1.03e-05
 106 | 1.06e-05
 107 | 1.09e-05
 108 | 1.13e-05
 109 | 1.20e-05
 110 | 1.28e-05
 111 | 1.40e-05
 112 | 1.54e-05
 113 | 1.73e-05
 114 | 1.96e-05
 115 | 2.22e-05
 116 | 2.49e-05
 117 | 2.80e-05
 118 | 3.08e-05
 119 | 3.24e-05
 120 | 3.22e-05
 121 | 2.96e-05
 122 | 2.59e-05
 123 | 2.13e-05
 124 | 1.66e-05
 125 | 1.26e-05
 126 | 9.22e-06
 127 | 6.74e-06
 128 | 5.13e-06
 129 | 4.12e-06
 130 | 3.43e-06
 131 | 2.93e-06
 132 | 2.56e-06
 133 | 2.28e-06
 134 | 2.05e-06
 135 | 1.87e-06
 136 | 1.71e-06
 137 | 1.59e-06
 138 | 1.48e-06
 139 | 1.37e-06
 140 | 1.28e-06
 141 | 1.20e-06
 142 | 1.13e-06
 143 | 1.07e-06
 144 | 1.02e-06
 145 | 9.80e-07
[2025-11-08 14:15:35] Run completed in 10.96 minutes
[2025-11-08 14:15:39] Saved NMF result to: /zata/zippy/kresgeb/nmf_stuff/dlPFC/data/batched_nmf/nmf_k50_seed2025_tol1e-06.rds
[2025-11-08 14:15:39] Appended run metadata to summary.csv
[2025-11-08 14:15:39] --------------------------------------------
[2025-11-08 14:15:39] Starting run 96 / 150: k=60, seed=2025, tol=1e-06
[2025-11-08 14:15:39] --------------------------------------------

iter |      tol 
---------------
   1 | 9.21e-01
   2 | 1.12e-01
   3 | 3.58e-02
   4 | 1.87e-02
   5 | 1.16e-02
   6 | 8.30e-03
   7 | 6.45e-03
   8 | 5.26e-03
   9 | 4.42e-03
  10 | 3.85e-03
  11 | 3.41e-03
  12 | 3.04e-03
  13 | 2.66e-03
  14 | 2.25e-03
  15 | 1.87e-03
  16 | 1.55e-03
  17 | 1.32e-03
  18 | 1.17e-03
  19 | 1.06e-03
  20 | 9.79e-04
  21 | 9.25e-04
  22 | 8.89e-04
  23 | 8.56e-04
  24 | 8.41e-04
  25 | 8.37e-04
  26 | 8.25e-04
  27 | 7.62e-04
  28 | 7.08e-04
  29 | 6.51e-04
  30 | 5.83e-04
  31 | 5.05e-04
  32 | 4.35e-04
  33 | 3.78e-04
  34 | 3.32e-04
  35 | 2.95e-04
  36 | 2.63e-04
  37 | 2.38e-04
  38 | 2.16e-04
  39 | 1.99e-04
  40 | 1.85e-04
  41 | 1.72e-04
  42 | 1.59e-04
  43 | 1.50e-04
  44 | 1.42e-04
  45 | 1.34e-04
  46 | 1.27e-04
  47 | 1.21e-04
  48 | 1.15e-04
  49 | 1.10e-04
  50 | 1.05e-04
  51 | 1.03e-04
  52 | 1.02e-04
  53 | 1.01e-04
  54 | 1.02e-04
  55 | 1.02e-04
  56 | 1.02e-04
  57 | 1.02e-04
  58 | 1.02e-04
  59 | 1.03e-04
  60 | 1.06e-04
  61 | 1.09e-04
  62 | 1.14e-04
  63 | 1.19e-04
  64 | 1.20e-04
  65 | 1.15e-04
  66 | 1.04e-04
  67 | 9.10e-05
  68 | 7.55e-05
  69 | 6.10e-05
  70 | 4.90e-05
  71 | 3.92e-05
  72 | 3.19e-05
  73 | 2.72e-05
  74 | 2.36e-05
  75 | 2.08e-05
  76 | 1.85e-05
  77 | 1.66e-05
  78 | 1.53e-05
  79 | 1.43e-05
  80 | 1.35e-05
  81 | 1.29e-05
  82 | 1.13e-05
  83 | 1.05e-05
  84 | 9.94e-06
  85 | 9.44e-06
  86 | 9.06e-06
  87 | 8.61e-06
  88 | 8.26e-06
  89 | 7.68e-06
  90 | 7.16e-06
  91 | 6.89e-06
  92 | 6.56e-06
  93 | 6.31e-06
  94 | 6.08e-06
  95 | 5.86e-06
  96 | 5.65e-06
  97 | 5.48e-06
  98 | 5.33e-06
  99 | 5.18e-06
 100 | 5.07e-06
 101 | 4.95e-06
 102 | 4.84e-06
 103 | 4.71e-06
 104 | 4.57e-06
 105 | 4.42e-06
 106 | 4.31e-06
 107 | 4.20e-06
 108 | 4.10e-06
 109 | 4.03e-06
 110 | 3.98e-06
 111 | 3.94e-06
 112 | 3.93e-06
 113 | 3.96e-06
 114 | 4.03e-06
 115 | 4.13e-06
 116 | 4.26e-06
 117 | 4.43e-06
 118 | 4.64e-06
 119 | 4.88e-06
 120 | 5.16e-06
 121 | 5.47e-06
 122 | 5.83e-06
 123 | 6.24e-06
 124 | 6.67e-06
 125 | 7.15e-06
 126 | 7.64e-06
 127 | 8.14e-06
 128 | 8.69e-06
 129 | 9.28e-06
 130 | 9.89e-06
 131 | 1.05e-05
 132 | 1.11e-05
 133 | 1.18e-05
 134 | 1.25e-05
 135 | 1.30e-05
 136 | 1.37e-05
 137 | 1.41e-05
 138 | 1.46e-05
 139 | 1.47e-05
 140 | 1.44e-05
 141 | 1.38e-05
 142 | 1.30e-05
 143 | 1.19e-05
 144 | 1.08e-05
 145 | 9.70e-06
 146 | 8.67e-06
 147 | 7.63e-06
 148 | 6.70e-06
 149 | 5.85e-06
 150 | 5.10e-06
 151 | 4.46e-06
 152 | 3.94e-06
 153 | 3.51e-06
 154 | 3.16e-06
 155 | 2.87e-06
 156 | 2.64e-06
 157 | 2.46e-06
 158 | 2.32e-06
 159 | 2.22e-06
 160 | 2.16e-06
 161 | 2.12e-06
 162 | 2.11e-06
 163 | 2.12e-06
 164 | 2.16e-06
 165 | 2.22e-06
 166 | 2.31e-06
 167 | 2.42e-06
 168 | 2.55e-06
 169 | 2.74e-06
 170 | 2.95e-06
 171 | 3.22e-06
 172 | 3.51e-06
 173 | 3.87e-06
 174 | 4.33e-06
 175 | 4.82e-06
 176 | 5.33e-06
 177 | 5.96e-06
 178 | 6.66e-06
 179 | 7.39e-06
 180 | 8.06e-06
 181 | 8.75e-06
 182 | 9.45e-06
 183 | 9.66e-06
 184 | 1.01e-05
 185 | 1.07e-05
 186 | 1.12e-05
 187 | 1.17e-05
 188 | 1.22e-05
 189 | 1.28e-05
 190 | 1.32e-05
 191 | 1.34e-05
 192 | 1.36e-05
 193 | 1.39e-05
 194 | 1.37e-05
 195 | 1.36e-05
 196 | 1.32e-05
 197 | 1.29e-05
 198 | 1.27e-05
 199 | 1.19e-05
 200 | 1.09e-05
 201 | 9.76e-06
 202 | 8.75e-06
 203 | 7.73e-06
 204 | 6.39e-06
 205 | 5.63e-06
 206 | 4.97e-06
 207 | 4.05e-06
 208 | 3.29e-06
 209 | 2.74e-06
 210 | 2.29e-06
 211 | 1.92e-06
 212 | 1.61e-06
 213 | 1.37e-06
 214 | 1.17e-06
 215 | 1.02e-06
 216 | 8.78e-07
[2025-11-08 14:35:03] Run completed in 19.41 minutes
[2025-11-08 14:35:07] Saved NMF result to: /zata/zippy/kresgeb/nmf_stuff/dlPFC/data/batched_nmf/nmf_k60_seed2025_tol1e-06.rds
[2025-11-08 14:35:07] Appended run metadata to summary.csv
[2025-11-08 14:35:07] --------------------------------------------
[2025-11-08 14:35:07] Starting run 97 / 150: k=70, seed=2025, tol=1e-06
[2025-11-08 14:35:07] --------------------------------------------

iter |      tol 
---------------
   1 | 9.14e-01
   2 | 1.02e-01
   3 | 3.32e-02
   4 | 1.72e-02
   5 | 1.08e-02
   6 | 7.64e-03
   7 | 5.93e-03
   8 | 4.80e-03
   9 | 4.08e-03
  10 | 3.56e-03
  11 | 3.16e-03
  12 | 2.81e-03
  13 | 2.55e-03
  14 | 2.32e-03
  15 | 2.14e-03
  16 | 2.03e-03
  17 | 1.95e-03
  18 | 1.79e-03
  19 | 1.57e-03
  20 | 1.33e-03
  21 | 1.11e-03
  22 | 9.42e-04
  23 | 8.00e-04
  24 | 6.97e-04
  25 | 6.22e-04
  26 | 5.67e-04
  27 | 5.31e-04
  28 | 5.07e-04
  29 | 4.90e-04
  30 | 4.72e-04
  31 | 4.45e-04
  32 | 4.10e-04
  33 | 3.69e-04
  34 | 3.22e-04
  35 | 2.74e-04
  36 | 2.27e-04
  37 | 1.97e-04
  38 | 1.73e-04
  39 | 1.56e-04
  40 | 1.48e-04
  41 | 1.42e-04
  42 | 1.41e-04
  43 | 1.43e-04
  44 | 1.48e-04
  45 | 1.53e-04
  46 | 1.62e-04
  47 | 1.61e-04
  48 | 1.60e-04
  49 | 1.58e-04
  50 | 1.58e-04
  51 | 1.52e-04
  52 | 1.39e-04
  53 | 1.29e-04
  54 | 1.21e-04
  55 | 1.08e-04
  56 | 9.52e-05
  57 | 8.53e-05
  58 | 7.81e-05
  59 | 7.01e-05
  60 | 6.57e-05
  61 | 6.30e-05
  62 | 6.25e-05
  63 | 6.35e-05
  64 | 6.52e-05
  65 | 6.67e-05
  66 | 7.32e-05
  67 | 8.26e-05
  68 | 9.40e-05
  69 | 1.08e-04
  70 | 1.13e-04
  71 | 1.27e-04
  72 | 1.43e-04
  73 | 1.58e-04
  74 | 1.73e-04
  75 | 1.87e-04
  76 | 1.90e-04
  77 | 1.82e-04
  78 | 1.82e-04
  79 | 1.81e-04
  80 | 1.75e-04
  81 | 1.69e-04
  82 | 1.56e-04
  83 | 1.41e-04
  84 | 1.30e-04
  85 | 1.21e-04
  86 | 1.11e-04
  87 | 9.79e-05
  88 | 8.77e-05
  89 | 7.78e-05
  90 | 6.83e-05
  91 | 5.97e-05
  92 | 5.20e-05
  93 | 4.19e-05
  94 | 3.49e-05
  95 | 2.96e-05
  96 | 2.45e-05
  97 | 1.99e-05
  98 | 1.65e-05
  99 | 1.38e-05
 100 | 1.14e-05
 101 | 9.64e-06
 102 | 8.13e-06
 103 | 6.91e-06
 104 | 5.97e-06
 105 | 5.21e-06
 106 | 4.58e-06
 107 | 4.07e-06
 108 | 3.65e-06
 109 | 3.32e-06
 110 | 3.05e-06
 111 | 2.82e-06
 112 | 2.60e-06
 113 | 2.45e-06
 114 | 2.31e-06
 115 | 2.19e-06
 116 | 2.08e-06
 117 | 1.98e-06
 118 | 1.89e-06
 119 | 1.80e-06
 120 | 1.72e-06
 121 | 1.66e-06
 122 | 1.58e-06
 123 | 1.53e-06
 124 | 1.47e-06
 125 | 1.43e-06
 126 | 1.40e-06
 127 | 1.37e-06
 128 | 1.31e-06
 129 | 1.29e-06
 130 | 1.27e-06
 131 | 1.26e-06
 132 | 1.25e-06
 133 | 1.24e-06
 134 | 1.22e-06
 135 | 1.20e-06
 136 | 1.18e-06
 137 | 1.10e-06
 138 | 1.07e-06
 139 | 1.06e-06
 140 | 1.05e-06
 141 | 1.04e-06
 142 | 1.03e-06
 143 | 1.03e-06
 144 | 1.02e-06
 145 | 1.01e-06
 146 | 1.01e-06
 147 | 1.02e-06
 148 | 1.04e-06
 149 | 1.06e-06
 150 | 1.08e-06
 151 | 1.10e-06
 152 | 1.11e-06
 153 | 1.13e-06
 154 | 1.15e-06
 155 | 1.17e-06
 156 | 1.19e-06
 157 | 1.21e-06
 158 | 1.23e-06
 159 | 1.27e-06
 160 | 1.30e-06
 161 | 1.34e-06
 162 | 1.36e-06
 163 | 1.39e-06
 164 | 1.42e-06
 165 | 1.44e-06
 166 | 1.46e-06
 167 | 1.48e-06
 168 | 1.51e-06
 169 | 1.54e-06
 170 | 1.57e-06
 171 | 1.59e-06
 172 | 1.62e-06
 173 | 1.63e-06
 174 | 1.66e-06
 175 | 1.68e-06
 176 | 1.71e-06
 177 | 1.71e-06
 178 | 1.71e-06
 179 | 1.70e-06
 180 | 1.69e-06
 181 | 1.68e-06
 182 | 1.67e-06
 183 | 1.67e-06
 184 | 1.68e-06
 185 | 1.67e-06
 186 | 1.65e-06
 187 | 1.64e-06
 188 | 1.63e-06
 189 | 1.61e-06
 190 | 1.60e-06
 191 | 1.58e-06
 192 | 1.56e-06
 193 | 1.55e-06
 194 | 1.54e-06
 195 | 1.51e-06
 196 | 1.47e-06
 197 | 1.45e-06
 198 | 1.43e-06
 199 | 1.40e-06
 200 | 1.36e-06
 201 | 1.33e-06
 202 | 1.31e-06
 203 | 1.29e-06
 204 | 1.27e-06
 205 | 1.24e-06
 206 | 1.22e-06
 207 | 1.22e-06
 208 | 1.22e-06
 209 | 1.22e-06
 210 | 1.21e-06
 211 | 1.21e-06
 212 | 1.21e-06
 213 | 1.21e-06
 214 | 1.22e-06
 215 | 1.19e-06
 216 | 1.15e-06
 217 | 1.14e-06
 218 | 1.15e-06
 219 | 1.16e-06
 220 | 1.16e-06
 221 | 1.18e-06
 222 | 1.18e-06
 223 | 1.19e-06
 224 | 1.20e-06
 225 | 1.21e-06
 226 | 1.21e-06
 227 | 1.21e-06
 228 | 1.20e-06
 229 | 1.20e-06
 230 | 1.19e-06
 231 | 1.18e-06
 232 | 1.17e-06
 233 | 1.17e-06
 234 | 1.16e-06
 235 | 1.15e-06
 236 | 1.14e-06
 237 | 1.12e-06
 238 | 1.10e-06
 239 | 1.07e-06
 240 | 1.05e-06
 241 | 1.02e-06
 242 | 9.92e-07
[2025-11-08 15:00:59] Run completed in 25.87 minutes
[2025-11-08 15:01:04] Saved NMF result to: /zata/zippy/kresgeb/nmf_stuff/dlPFC/data/batched_nmf/nmf_k70_seed2025_tol1e-06.rds
[2025-11-08 15:01:04] Appended run metadata to summary.csv
[2025-11-08 15:01:04] --------------------------------------------
[2025-11-08 15:01:04] Starting run 98 / 150: k=80, seed=2025, tol=1e-06
[2025-11-08 15:01:04] --------------------------------------------

iter |      tol 
---------------
   1 | 9.13e-01
   2 | 1.07e-01
   3 | 3.72e-02
   4 | 1.92e-02
   5 | 1.22e-02
   6 | 8.67e-03
   7 | 6.91e-03
   8 | 5.86e-03
   9 | 4.95e-03
  10 | 4.19e-03
  11 | 3.49e-03
  12 | 2.99e-03
  13 | 2.59e-03
  14 | 2.33e-03
  15 | 2.10e-03
  16 | 1.85e-03
  17 | 1.68e-03
  18 | 1.59e-03
  19 | 1.53e-03
  20 | 1.46e-03
  21 | 1.37e-03
  22 | 1.25e-03
  23 | 1.12e-03
  24 | 1.00e-03
  25 | 8.91e-04
  26 | 7.92e-04
  27 | 7.12e-04
  28 | 6.36e-04
  29 | 5.73e-04
  30 | 5.34e-04
  31 | 4.91e-04
  32 | 5.09e-04
  33 | 5.62e-04
  34 | 6.21e-04
  35 | 5.98e-04
  36 | 5.43e-04
  37 | 5.08e-04
  38 | 4.55e-04
  39 | 4.21e-04
  40 | 3.90e-04
  41 | 3.71e-04
  42 | 3.60e-04
  43 | 3.53e-04
  44 | 3.53e-04
  45 | 3.65e-04
  46 | 3.60e-04
  47 | 3.65e-04
  48 | 3.62e-04
  49 | 3.46e-04
  50 | 3.14e-04
  51 | 2.63e-04
  52 | 2.04e-04
  53 | 1.60e-04
  54 | 1.23e-04
  55 | 9.22e-05
  56 | 6.87e-05
  57 | 5.28e-05
  58 | 4.21e-05
  59 | 3.48e-05
  60 | 2.99e-05
  61 | 2.65e-05
  62 | 2.31e-05
  63 | 2.09e-05
  64 | 1.95e-05
  65 | 1.85e-05
  66 | 1.72e-05
  67 | 1.66e-05
  68 | 1.62e-05
  69 | 1.59e-05
  70 | 1.58e-05
  71 | 1.58e-05
  72 | 1.60e-05
  73 | 1.64e-05
  74 | 1.72e-05
  75 | 1.81e-05
  76 | 1.92e-05
  77 | 2.05e-05
  78 | 2.23e-05
  79 | 2.42e-05
  80 | 2.63e-05
  81 | 2.89e-05
  82 | 3.19e-05
  83 | 3.45e-05
  84 | 3.66e-05
  85 | 3.90e-05
  86 | 4.04e-05
  87 | 4.26e-05
  88 | 4.46e-05
  89 | 4.62e-05
  90 | 4.80e-05
  91 | 4.90e-05
  92 | 4.87e-05
  93 | 4.89e-05
  94 | 4.87e-05
  95 | 4.79e-05
  96 | 4.72e-05
  97 | 4.73e-05
  98 | 4.72e-05
  99 | 4.54e-05
 100 | 4.44e-05
 101 | 4.29e-05
 102 | 4.07e-05
 103 | 3.81e-05
 104 | 3.15e-05
 105 | 2.41e-05
 106 | 2.13e-05
 107 | 1.93e-05
 108 | 1.74e-05
 109 | 1.57e-05
 110 | 1.45e-05
 111 | 1.33e-05
 112 | 1.19e-05
 113 | 1.09e-05
 114 | 9.82e-06
 115 | 8.60e-06
 116 | 7.63e-06
 117 | 6.89e-06
 118 | 6.24e-06
 119 | 5.73e-06
 120 | 5.38e-06
 121 | 5.06e-06
 122 | 4.78e-06
 123 | 4.54e-06
 124 | 4.31e-06
 125 | 4.10e-06
 126 | 3.88e-06
 127 | 3.65e-06
 128 | 3.47e-06
 129 | 3.31e-06
 130 | 3.14e-06
 131 | 2.82e-06
 132 | 2.67e-06
 133 | 2.54e-06
 134 | 2.42e-06
 135 | 2.32e-06
 136 | 2.22e-06
 137 | 2.14e-06
 138 | 2.06e-06
 139 | 1.83e-06
 140 | 1.64e-06
 141 | 1.57e-06
 142 | 1.51e-06
 143 | 1.45e-06
 144 | 1.40e-06
 145 | 1.36e-06
 146 | 1.33e-06
 147 | 1.27e-06
 148 | 1.24e-06
 149 | 1.22e-06
 150 | 1.21e-06
 151 | 1.18e-06
 152 | 1.16e-06
 153 | 1.13e-06
 154 | 1.12e-06
 155 | 1.11e-06
 156 | 1.10e-06
 157 | 1.09e-06
 158 | 1.08e-06
 159 | 1.07e-06
 160 | 1.07e-06
 161 | 1.07e-06
 162 | 1.08e-06
 163 | 1.08e-06
 164 | 1.09e-06
 165 | 1.11e-06
 166 | 1.13e-06
 167 | 1.16e-06
 168 | 1.19e-06
 169 | 1.23e-06
 170 | 1.29e-06
 171 | 1.36e-06
 172 | 1.43e-06
 173 | 1.52e-06
 174 | 1.62e-06
 175 | 1.72e-06
 176 | 1.85e-06
 177 | 2.01e-06
 178 | 2.18e-06
 179 | 2.38e-06
 180 | 2.35e-06
 181 | 2.37e-06
 182 | 2.51e-06
 183 | 2.68e-06
 184 | 2.88e-06
 185 | 3.07e-06
 186 | 3.23e-06
 187 | 3.42e-06
 188 | 3.64e-06
 189 | 3.86e-06
 190 | 4.10e-06
 191 | 4.38e-06
 192 | 4.59e-06
 193 | 4.79e-06
 194 | 4.97e-06
 195 | 5.14e-06
 196 | 5.46e-06
 197 | 5.79e-06
 198 | 6.14e-06
 199 | 6.49e-06
 200 | 6.81e-06
 201 | 6.87e-06
 202 | 7.21e-06
 203 | 7.54e-06
 204 | 7.92e-06
 205 | 8.29e-06
 206 | 8.83e-06
 207 | 9.72e-06
 208 | 1.11e-05
 209 | 1.15e-05
 210 | 1.26e-05
 211 | 1.45e-05
 212 | 1.62e-05
 213 | 1.83e-05
 214 | 2.22e-05
 215 | 2.75e-05
 216 | 3.48e-05
 217 | 4.43e-05
 218 | 5.59e-05
 219 | 7.01e-05
 220 | 8.55e-05
 221 | 1.03e-04
 222 | 1.16e-04
 223 | 1.24e-04
 224 | 1.33e-04
 225 | 1.33e-04
 226 | 1.29e-04
 227 | 1.22e-04
 228 | 1.07e-04
 229 | 9.06e-05
 230 | 7.61e-05
 231 | 6.02e-05
 232 | 4.64e-05
 233 | 3.40e-05
 234 | 2.59e-05
 235 | 2.00e-05
 236 | 1.57e-05
 237 | 1.24e-05
 238 | 9.86e-06
 239 | 8.05e-06
 240 | 6.59e-06
 241 | 5.50e-06
 242 | 4.50e-06
 243 | 3.74e-06
 244 | 2.69e-06
 245 | 2.17e-06
 246 | 1.86e-06
 247 | 1.60e-06
 248 | 1.42e-06
 249 | 1.29e-06
 250 | 1.19e-06
 251 | 1.11e-06
 252 | 1.04e-06
 253 | 9.68e-07
[2025-11-08 15:34:02] Run completed in 32.97 minutes
[2025-11-08 15:34:07] Saved NMF result to: /zata/zippy/kresgeb/nmf_stuff/dlPFC/data/batched_nmf/nmf_k80_seed2025_tol1e-06.rds
[2025-11-08 15:34:07] Appended run metadata to summary.csv
[2025-11-08 15:34:07] --------------------------------------------
[2025-11-08 15:34:07] Starting run 99 / 150: k=90, seed=2025, tol=1e-06
[2025-11-08 15:34:07] --------------------------------------------

iter |      tol 
---------------
   1 | 9.12e-01
   2 | 1.02e-01
   3 | 3.82e-02
   4 | 2.04e-02
   5 | 1.27e-02
   6 | 8.87e-03
   7 | 6.79e-03
   8 | 5.41e-03
   9 | 4.51e-03
  10 | 3.95e-03
  11 | 3.53e-03
  12 | 3.19e-03
  13 | 2.88e-03
  14 | 2.50e-03
  15 | 2.09e-03
  16 | 1.83e-03
  17 | 1.64e-03
  18 | 1.48e-03
  19 | 1.39e-03
  20 | 1.33e-03
  21 | 1.28e-03
  22 | 1.19e-03
  23 | 1.05e-03
  24 | 9.11e-04
  25 | 7.96e-04
  26 | 6.87e-04
  27 | 6.14e-04
  28 | 5.65e-04
  29 | 5.21e-04
  30 | 4.82e-04
  31 | 4.43e-04
  32 | 4.28e-04
  33 | 4.18e-04
  34 | 4.07e-04
  35 | 3.99e-04
  36 | 3.86e-04
  37 | 3.61e-04
  38 | 3.50e-04
  39 | 3.34e-04
  40 | 3.12e-04
  41 | 2.87e-04
  42 | 2.62e-04
  43 | 2.37e-04
  44 | 2.01e-04
  45 | 1.77e-04
  46 | 1.58e-04
  47 | 1.47e-04
  48 | 1.39e-04
  49 | 1.36e-04
  50 | 1.35e-04
  51 | 1.42e-04
  52 | 1.53e-04
  53 | 1.63e-04
  54 | 1.77e-04
  55 | 1.97e-04
  56 | 2.15e-04
  57 | 2.22e-04
  58 | 2.34e-04
  59 | 2.49e-04
  60 | 2.40e-04
  61 | 2.33e-04
  62 | 2.26e-04
  63 | 2.22e-04
  64 | 2.19e-04
  65 | 2.19e-04
  66 | 2.16e-04
  67 | 2.19e-04
  68 | 2.21e-04
  69 | 2.36e-04
  70 | 2.55e-04
  71 | 2.80e-04
  72 | 3.01e-04
  73 | 3.18e-04
  74 | 2.86e-04
  75 | 2.69e-04
  76 | 2.43e-04
  77 | 2.06e-04
  78 | 1.71e-04
  79 | 1.31e-04
  80 | 8.82e-05
  81 | 6.38e-05
  82 | 5.17e-05
  83 | 4.40e-05
  84 | 3.94e-05
  85 | 3.53e-05
  86 | 3.15e-05
  87 | 2.84e-05
  88 | 2.62e-05
  89 | 2.43e-05
  90 | 2.20e-05
  91 | 1.95e-05
  92 | 1.72e-05
  93 | 1.55e-05
  94 | 1.42e-05
  95 | 1.32e-05
  96 | 1.23e-05
  97 | 1.12e-05
  98 | 1.05e-05
  99 | 9.91e-06
 100 | 9.43e-06
 101 | 9.08e-06
 102 | 8.80e-06
 103 | 8.63e-06
 104 | 8.49e-06
 105 | 8.34e-06
 106 | 8.21e-06
 107 | 7.86e-06
 108 | 7.57e-06
 109 | 7.33e-06
 110 | 6.99e-06
 111 | 6.54e-06
 112 | 6.45e-06
 113 | 6.38e-06
 114 | 6.33e-06
 115 | 6.27e-06
 116 | 6.26e-06
 117 | 6.29e-06
 118 | 6.30e-06
 119 | 6.30e-06
 120 | 6.25e-06
 121 | 6.14e-06
 122 | 6.17e-06
 123 | 6.30e-06
 124 | 6.41e-06
 125 | 6.43e-06
 126 | 6.54e-06
 127 | 6.73e-06
 128 | 7.00e-06
 129 | 7.17e-06
 130 | 7.52e-06
 131 | 7.89e-06
 132 | 8.32e-06
 133 | 8.77e-06
 134 | 8.63e-06
 135 | 8.64e-06
 136 | 8.74e-06
 137 | 9.13e-06
 138 | 9.83e-06
 139 | 1.04e-05
 140 | 1.09e-05
 141 | 1.17e-05
 142 | 1.27e-05
 143 | 1.37e-05
 144 | 1.48e-05
 145 | 1.59e-05
 146 | 1.70e-05
 147 | 1.79e-05
 148 | 1.88e-05
 149 | 1.96e-05
 150 | 2.01e-05
 151 | 2.04e-05
 152 | 2.05e-05
 153 | 2.03e-05
 154 | 1.99e-05
 155 | 1.95e-05
 156 | 1.88e-05
 157 | 1.78e-05
 158 | 1.67e-05
 159 | 1.54e-05
 160 | 1.42e-05
 161 | 1.31e-05
 162 | 1.23e-05
 163 | 1.16e-05
 164 | 1.07e-05
 165 | 9.76e-06
 166 | 9.12e-06
 167 | 7.62e-06
 168 | 7.15e-06
 169 | 6.77e-06
 170 | 6.54e-06
 171 | 6.42e-06
 172 | 6.37e-06
 173 | 5.98e-06
 174 | 5.75e-06
 175 | 5.69e-06
 176 | 5.68e-06
 177 | 5.60e-06
 178 | 5.45e-06
 179 | 5.39e-06
 180 | 4.78e-06
 181 | 4.75e-06
 182 | 4.75e-06
 183 | 4.74e-06
 184 | 4.55e-06
 185 | 4.30e-06
 186 | 4.29e-06
 187 | 4.21e-06
 188 | 3.85e-06
 189 | 3.68e-06
 190 | 3.56e-06
 191 | 3.26e-06
 192 | 3.18e-06
 193 | 3.12e-06
 194 | 3.06e-06
 195 | 2.96e-06
 196 | 2.89e-06
 197 | 2.86e-06
 198 | 2.85e-06
 199 | 2.85e-06
 200 | 2.84e-06
 201 | 2.85e-06
 202 | 2.86e-06
 203 | 2.84e-06
 204 | 2.81e-06
 205 | 2.80e-06
 206 | 2.79e-06
 207 | 2.78e-06
 208 | 2.77e-06
 209 | 2.77e-06
 210 | 2.75e-06
 211 | 2.72e-06
 212 | 2.72e-06
 213 | 2.71e-06
 214 | 2.72e-06
 215 | 2.69e-06
 216 | 2.67e-06
 217 | 2.59e-06
 218 | 2.50e-06
 219 | 2.44e-06
 220 | 2.39e-06
 221 | 2.35e-06
 222 | 2.28e-06
 223 | 2.24e-06
 224 | 2.21e-06
 225 | 2.18e-06
 226 | 2.15e-06
 227 | 2.13e-06
 228 | 2.11e-06
 229 | 2.10e-06
 230 | 2.10e-06
 231 | 2.10e-06
 232 | 2.11e-06
 233 | 2.13e-06
 234 | 2.16e-06
 235 | 2.20e-06
 236 | 2.23e-06
 237 | 2.28e-06
 238 | 2.33e-06
 239 | 2.41e-06
 240 | 2.36e-06
 241 | 2.38e-06
 242 | 2.46e-06
 243 | 2.55e-06
 244 | 2.65e-06
 245 | 2.74e-06
 246 | 2.86e-06
 247 | 2.89e-06
 248 | 2.91e-06
 249 | 3.00e-06
 250 | 3.09e-06
 251 | 3.21e-06
 252 | 3.36e-06
 253 | 3.55e-06
 254 | 3.83e-06
 255 | 4.13e-06
 256 | 4.51e-06
 257 | 4.99e-06
 258 | 5.53e-06
 259 | 6.24e-06
 260 | 7.04e-06
 261 | 7.89e-06
 262 | 8.98e-06
 263 | 1.01e-05
 264 | 1.13e-05
 265 | 1.12e-05
 266 | 1.19e-05
 267 | 1.28e-05
 268 | 1.36e-05
 269 | 1.44e-05
 270 | 1.55e-05
 271 | 1.57e-05
 272 | 1.64e-05
 273 | 1.70e-05
 274 | 1.80e-05
 275 | 1.90e-05
 276 | 1.96e-05
 277 | 2.04e-05
 278 | 2.07e-05
 279 | 2.12e-05
 280 | 2.13e-05
 281 | 2.09e-05
 282 | 2.00e-05
 283 | 1.92e-05
 284 | 1.85e-05
 285 | 1.70e-05
 286 | 1.52e-05
 287 | 1.38e-05
 288 | 1.26e-05
 289 | 1.13e-05
 290 | 9.39e-06
 291 | 7.28e-06
 292 | 5.63e-06
 293 | 4.60e-06
 294 | 3.87e-06
 295 | 3.29e-06
 296 | 2.77e-06
 297 | 2.33e-06
 298 | 1.96e-06
 299 | 1.69e-06
 300 | 1.47e-06
 301 | 1.29e-06
 302 | 1.15e-06
 303 | 1.03e-06
 304 | 9.31e-07
[2025-11-08 16:19:56] Run completed in 45.81 minutes
[2025-11-08 16:20:01] Saved NMF result to: /zata/zippy/kresgeb/nmf_stuff/dlPFC/data/batched_nmf/nmf_k90_seed2025_tol1e-06.rds
[2025-11-08 16:20:01] Appended run metadata to summary.csv
[2025-11-08 16:20:01] --------------------------------------------
[2025-11-08 16:20:01] Starting run 100 / 150: k=100, seed=2025, tol=1e-06
[2025-11-08 16:20:01] --------------------------------------------

iter |      tol 
---------------
   1 | 9.10e-01
   2 | 1.05e-01
   3 | 3.80e-02
   4 | 1.99e-02
   5 | 1.28e-02
   6 | 9.31e-03
   7 | 7.12e-03
   8 | 5.56e-03
   9 | 4.56e-03
  10 | 3.83e-03
  11 | 3.33e-03
  12 | 2.99e-03
  13 | 2.74e-03
  14 | 2.53e-03
  15 | 2.37e-03
  16 | 2.35e-03
  17 | 2.40e-03
  18 | 2.51e-03
  19 | 2.79e-03
  20 | 2.87e-03
  21 | 2.68e-03
  22 | 2.23e-03
  23 | 1.88e-03
  24 | 1.72e-03
  25 | 1.66e-03
  26 | 1.57e-03
  27 | 1.39e-03
  28 | 1.20e-03
  29 | 1.01e-03
  30 | 8.56e-04
  31 | 7.89e-04
  32 | 7.43e-04
  33 | 7.30e-04
  34 | 7.26e-04
  35 | 7.33e-04
  36 | 7.03e-04
  37 | 6.33e-04
  38 | 5.48e-04
  39 | 4.78e-04
  40 | 4.01e-04
  41 | 3.60e-04
  42 | 3.30e-04
  43 | 3.08e-04
  44 | 2.83e-04
  45 | 2.63e-04
  46 | 2.46e-04
  47 | 2.28e-04
  48 | 2.13e-04
  49 | 2.06e-04
  50 | 2.01e-04
  51 | 1.96e-04
  52 | 1.99e-04
  53 | 2.05e-04
  54 | 2.14e-04
  55 | 2.21e-04
  56 | 2.19e-04
  57 | 2.18e-04
  58 | 2.16e-04
  59 | 2.17e-04
  60 | 2.13e-04
  61 | 1.96e-04
  62 | 1.80e-04
  63 | 1.61e-04
  64 | 1.29e-04
  65 | 9.89e-05
  66 | 8.10e-05
  67 | 6.71e-05
  68 | 5.81e-05
  69 | 5.38e-05
  70 | 5.38e-05
  71 | 5.47e-05
  72 | 5.65e-05
  73 | 5.90e-05
  74 | 6.19e-05
  75 | 6.35e-05
  76 | 6.58e-05
  77 | 6.74e-05
  78 | 6.75e-05
  79 | 6.62e-05
  80 | 6.22e-05
  81 | 5.78e-05
  82 | 5.35e-05
  83 | 3.89e-05
  84 | 3.25e-05
  85 | 2.78e-05
  86 | 2.46e-05
  87 | 2.18e-05
  88 | 1.92e-05
  89 | 1.78e-05
  90 | 1.69e-05
  91 | 1.62e-05
  92 | 1.58e-05
  93 | 1.56e-05
  94 | 1.54e-05
  95 | 1.56e-05
  96 | 1.59e-05
  97 | 1.62e-05
  98 | 1.62e-05
  99 | 1.66e-05
 100 | 1.72e-05
 101 | 1.77e-05
 102 | 1.84e-05
 103 | 1.89e-05
 104 | 1.97e-05
 105 | 2.06e-05
 106 | 2.02e-05
 107 | 2.07e-05
 108 | 2.11e-05
 109 | 2.12e-05
 110 | 2.10e-05
 111 | 2.14e-05
 112 | 2.20e-05
 113 | 2.25e-05
 114 | 2.38e-05
 115 | 2.51e-05
 116 | 2.58e-05
 117 | 2.34e-05
 118 | 2.40e-05
 119 | 2.35e-05
 120 | 2.41e-05
 121 | 2.44e-05
 122 | 2.55e-05
 123 | 2.68e-05
 124 | 2.84e-05
 125 | 3.00e-05
 126 | 3.19e-05
 127 | 3.39e-05
 128 | 3.47e-05
 129 | 3.54e-05
 130 | 3.64e-05
 131 | 3.77e-05
 132 | 3.71e-05
 133 | 3.59e-05
 134 | 3.48e-05
 135 | 3.39e-05
 136 | 3.37e-05
 137 | 3.15e-05
 138 | 3.12e-05
 139 | 3.11e-05
 140 | 3.07e-05
 141 | 3.00e-05
 142 | 3.02e-05
 143 | 3.12e-05
 144 | 3.21e-05
 145 | 3.37e-05
 146 | 3.57e-05
 147 | 3.77e-05
 148 | 3.92e-05
 149 | 4.10e-05
 150 | 4.32e-05
 151 | 4.12e-05
 152 | 3.83e-05
 153 | 3.70e-05
 154 | 3.48e-05
 155 | 3.24e-05
 156 | 2.61e-05
 157 | 2.20e-05
 158 | 1.88e-05
 159 | 1.63e-05
 160 | 1.43e-05
 161 | 1.25e-05
 162 | 1.09e-05
 163 | 9.66e-06
 164 | 8.62e-06
 165 | 7.71e-06
 166 | 6.96e-06
 167 | 6.36e-06
 168 | 5.87e-06
 169 | 5.34e-06
 170 | 4.87e-06
 171 | 4.57e-06
 172 | 4.33e-06
 173 | 4.07e-06
 174 | 3.85e-06
 175 | 3.68e-06
 176 | 3.30e-06
 177 | 3.10e-06
 178 | 2.97e-06
 179 | 2.83e-06
 180 | 2.59e-06
 181 | 2.44e-06
 182 | 2.31e-06
 183 | 2.22e-06
 184 | 2.15e-06
 185 | 2.04e-06
 186 | 1.96e-06
 187 | 1.91e-06
 188 | 1.87e-06
 189 | 1.83e-06
 190 | 1.80e-06
 191 | 1.78e-06
 192 | 1.71e-06
 193 | 1.67e-06
 194 | 1.64e-06
 195 | 1.60e-06
 196 | 1.57e-06
 197 | 1.54e-06
 198 | 1.53e-06
 199 | 1.52e-06
 200 | 1.52e-06
 201 | 1.53e-06
 202 | 1.53e-06
 203 | 1.53e-06
 204 | 1.52e-06
 205 | 1.53e-06
 206 | 1.52e-06
 207 | 1.52e-06
 208 | 1.52e-06
 209 | 1.53e-06
 210 | 1.55e-06
 211 | 1.57e-06
 212 | 1.59e-06
 213 | 1.60e-06
 214 | 1.61e-06
 215 | 1.63e-06
 216 | 1.65e-06
 217 | 1.67e-06
 218 | 1.55e-06
 219 | 1.55e-06
 220 | 1.56e-06
 221 | 1.57e-06
 222 | 1.58e-06
 223 | 1.59e-06
 224 | 1.60e-06
 225 | 1.62e-06
 226 | 1.63e-06
 227 | 1.61e-06
 228 | 1.58e-06
 229 | 1.54e-06
 230 | 1.51e-06
 231 | 1.50e-06
 232 | 1.45e-06
 233 | 1.43e-06
 234 | 1.40e-06
 235 | 1.37e-06
 236 | 1.34e-06
 237 | 1.33e-06
 238 | 1.27e-06
 239 | 1.22e-06
 240 | 1.17e-06
 241 | 1.14e-06
 242 | 1.09e-06
 243 | 1.05e-06
 244 | 1.02e-06
 245 | 9.82e-07
[2025-11-08 17:01:27] Run completed in 41.44 minutes
[2025-11-08 17:01:34] Saved NMF result to: /zata/zippy/kresgeb/nmf_stuff/dlPFC/data/batched_nmf/nmf_k100_seed2025_tol1e-06.rds
[2025-11-08 17:01:34] Appended run metadata to summary.csv
[2025-11-08 17:01:34] --------------------------------------------
[2025-11-08 17:01:34] Starting run 101 / 150: k=10, seed=42, tol=1e-07
[2025-11-08 17:01:34] --------------------------------------------

iter |      tol 
---------------
   1 | 9.34e-01
   2 | 1.30e-01
   3 | 2.15e-02
   4 | 1.12e-02
   5 | 7.08e-03
   6 | 4.43e-03
   7 | 2.92e-03
   8 | 2.05e-03
   9 | 1.63e-03
  10 | 1.53e-03
  11 | 1.62e-03
  12 | 1.55e-03
  13 | 1.26e-03
  14 | 1.06e-03
  15 | 9.58e-04
  16 | 8.54e-04
  17 | 7.80e-04
  18 | 7.84e-04
  19 | 8.54e-04
  20 | 8.98e-04
  21 | 7.90e-04
  22 | 6.00e-04
  23 | 4.50e-04
  24 | 3.45e-04
  25 | 2.57e-04
  26 | 1.83e-04
  27 | 1.25e-04
  28 | 8.55e-05
  29 | 5.90e-05
  30 | 4.08e-05
  31 | 2.80e-05
  32 | 1.92e-05
  33 | 1.32e-05
  34 | 9.04e-06
  35 | 6.18e-06
  36 | 4.21e-06
  37 | 2.87e-06
  38 | 1.99e-06
  39 | 1.42e-06
  40 | 1.04e-06
  41 | 7.93e-07
  42 | 6.24e-07
  43 | 5.07e-07
  44 | 4.21e-07
  45 | 3.57e-07
  46 | 3.07e-07
  47 | 2.66e-07
  48 | 2.33e-07
  49 | 2.04e-07
  50 | 1.80e-07
  51 | 1.58e-07
  52 | 1.39e-07
  53 | 1.23e-07
  54 | 1.08e-07
  55 | 9.56e-08
[2025-11-08 17:03:48] Run completed in 2.25 minutes
[2025-11-08 17:03:49] Saved NMF result to: /zata/zippy/kresgeb/nmf_stuff/dlPFC/data/batched_nmf/nmf_k10_seed42_tol1e-07.rds
[2025-11-08 17:03:49] Appended run metadata to summary.csv
[2025-11-08 17:03:49] --------------------------------------------
[2025-11-08 17:03:49] Starting run 102 / 150: k=20, seed=42, tol=1e-07
[2025-11-08 17:03:49] --------------------------------------------

iter |      tol 
---------------
   1 | 9.25e-01
   2 | 1.31e-01
   3 | 3.14e-02
   4 | 1.56e-02
   5 | 1.04e-02
   6 | 7.39e-03
   7 | 5.27e-03
   8 | 3.49e-03
   9 | 2.37e-03
  10 | 1.77e-03
  11 | 1.52e-03
  12 | 1.49e-03
  13 | 1.58e-03
  14 | 1.52e-03
  15 | 1.24e-03
  16 | 9.05e-04
  17 | 6.76e-04
  18 | 5.40e-04
  19 | 4.57e-04
  20 | 4.02e-04
  21 | 3.59e-04
  22 | 3.21e-04
  23 | 2.91e-04
  24 | 2.68e-04
  25 | 2.50e-04
  26 | 2.36e-04
  27 | 2.25e-04
  28 | 2.16e-04
  29 | 2.09e-04
  30 | 1.97e-04
  31 | 1.79e-04
  32 | 1.56e-04
  33 | 1.34e-04
  34 | 1.15e-04
  35 | 9.76e-05
  36 | 8.38e-05
  37 | 7.31e-05
  38 | 6.47e-05
  39 | 5.78e-05
  40 | 5.18e-05
  41 | 4.65e-05
  42 | 4.15e-05
  43 | 3.69e-05
  44 | 3.26e-05
  45 | 2.86e-05
  46 | 2.50e-05
  47 | 2.18e-05
  48 | 1.90e-05
  49 | 1.64e-05
  50 | 1.42e-05
  51 | 1.22e-05
  52 | 1.05e-05
  53 | 9.13e-06
  54 | 7.98e-06
  55 | 7.06e-06
  56 | 6.34e-06
  57 | 5.75e-06
  58 | 5.30e-06
  59 | 4.94e-06
  60 | 4.66e-06
  61 | 4.43e-06
  62 | 4.25e-06
  63 | 4.13e-06
  64 | 4.05e-06
  65 | 4.01e-06
  66 | 3.99e-06
  67 | 3.97e-06
  68 | 3.97e-06
  69 | 3.96e-06
  70 | 3.96e-06
  71 | 3.96e-06
  72 | 3.95e-06
  73 | 3.92e-06
  74 | 3.88e-06
  75 | 3.83e-06
  76 | 3.79e-06
  77 | 3.75e-06
  78 | 3.70e-06
  79 | 3.64e-06
  80 | 3.58e-06
  81 | 3.50e-06
  82 | 3.42e-06
  83 | 3.33e-06
  84 | 3.24e-06
  85 | 3.15e-06
  86 | 3.05e-06
  87 | 2.94e-06
  88 | 2.84e-06
  89 | 2.73e-06
  90 | 2.62e-06
  91 | 2.51e-06
  92 | 2.41e-06
  93 | 2.30e-06
  94 | 2.20e-06
  95 | 2.09e-06
  96 | 1.99e-06
  97 | 1.90e-06
  98 | 1.80e-06
  99 | 1.72e-06
 100 | 1.64e-06
 101 | 1.55e-06
 102 | 1.47e-06
 103 | 1.40e-06
 104 | 1.32e-06
 105 | 1.25e-06
 106 | 1.18e-06
 107 | 1.12e-06
 108 | 1.06e-06
 109 | 9.99e-07
 110 | 9.42e-07
 111 | 8.88e-07
 112 | 8.38e-07
 113 | 7.90e-07
 114 | 7.45e-07
 115 | 7.03e-07
 116 | 6.63e-07
 117 | 6.26e-07
 118 | 5.91e-07
 119 | 5.59e-07
 120 | 5.28e-07
 121 | 5.00e-07
 122 | 4.73e-07
 123 | 4.48e-07
 124 | 4.24e-07
 125 | 4.02e-07
 126 | 3.82e-07
 127 | 3.63e-07
 128 | 3.45e-07
 129 | 3.29e-07
 130 | 3.14e-07
 131 | 2.99e-07
 132 | 2.85e-07
 133 | 2.72e-07
 134 | 2.60e-07
 135 | 2.49e-07
 136 | 2.39e-07
 137 | 2.29e-07
 138 | 2.20e-07
 139 | 2.11e-07
 140 | 2.03e-07
 141 | 1.96e-07
 142 | 1.89e-07
 143 | 1.83e-07
 144 | 1.77e-07
 145 | 1.72e-07
 146 | 1.66e-07
 147 | 1.62e-07
 148 | 1.57e-07
 149 | 1.53e-07
 150 | 1.49e-07
 151 | 1.45e-07
 152 | 1.42e-07
 153 | 1.39e-07
 154 | 1.36e-07
 155 | 1.33e-07
 156 | 1.31e-07
 157 | 1.29e-07
 158 | 1.27e-07
 159 | 1.25e-07
 160 | 1.23e-07
 161 | 1.21e-07
 162 | 1.20e-07
 163 | 1.18e-07
 164 | 1.17e-07
 165 | 1.16e-07
 166 | 1.15e-07
 167 | 1.15e-07
 168 | 1.14e-07
 169 | 1.14e-07
 170 | 1.14e-07
 171 | 1.14e-07
 172 | 1.13e-07
 173 | 1.13e-07
 174 | 1.13e-07
 175 | 1.13e-07
 176 | 1.13e-07
 177 | 1.13e-07
 178 | 1.13e-07
 179 | 1.13e-07
 180 | 1.13e-07
 181 | 1.13e-07
 182 | 1.13e-07
 183 | 1.13e-07
 184 | 1.13e-07
 185 | 1.13e-07
 186 | 1.14e-07
 187 | 1.14e-07
 188 | 1.14e-07
 189 | 1.15e-07
 190 | 1.15e-07
 191 | 1.16e-07
 192 | 1.16e-07
 193 | 1.17e-07
 194 | 1.17e-07
 195 | 1.18e-07
 196 | 1.19e-07
 197 | 1.19e-07
 198 | 1.20e-07
 199 | 1.20e-07
 200 | 1.21e-07
 201 | 1.22e-07
 202 | 1.23e-07
 203 | 1.23e-07
 204 | 1.23e-07
 205 | 1.23e-07
 206 | 1.24e-07
 207 | 1.24e-07
 208 | 1.24e-07
 209 | 1.24e-07
 210 | 1.25e-07
 211 | 1.25e-07
 212 | 1.25e-07
 213 | 1.26e-07
 214 | 1.26e-07
 215 | 1.26e-07
 216 | 1.27e-07
 217 | 1.27e-07
 218 | 1.28e-07
 219 | 1.28e-07
 220 | 1.29e-07
 221 | 1.29e-07
 222 | 1.30e-07
 223 | 1.30e-07
 224 | 1.31e-07
 225 | 1.31e-07
 226 | 1.32e-07
 227 | 1.32e-07
 228 | 1.33e-07
 229 | 1.34e-07
 230 | 1.35e-07
 231 | 1.36e-07
 232 | 1.37e-07
 233 | 1.37e-07
 234 | 1.38e-07
 235 | 1.39e-07
 236 | 1.40e-07
 237 | 1.42e-07
 238 | 1.43e-07
 239 | 1.44e-07
 240 | 1.45e-07
 241 | 1.46e-07
 242 | 1.47e-07
 243 | 1.49e-07
 244 | 1.50e-07
 245 | 1.51e-07
 246 | 1.53e-07
 247 | 1.54e-07
 248 | 1.56e-07
 249 | 1.57e-07
 250 | 1.59e-07
 251 | 1.60e-07
 252 | 1.62e-07
 253 | 1.64e-07
 254 | 1.66e-07
 255 | 1.67e-07
 256 | 1.69e-07
 257 | 1.71e-07
 258 | 1.73e-07
 259 | 1.75e-07
 260 | 1.77e-07
 261 | 1.79e-07
 262 | 1.81e-07
 263 | 1.83e-07
 264 | 1.86e-07
 265 | 1.88e-07
 266 | 1.90e-07
 267 | 1.93e-07
 268 | 1.95e-07
 269 | 1.98e-07
 270 | 2.00e-07
 271 | 2.02e-07
 272 | 2.05e-07
 273 | 2.07e-07
 274 | 2.09e-07
 275 | 2.12e-07
 276 | 2.14e-07
 277 | 2.16e-07
 278 | 2.18e-07
 279 | 2.20e-07
 280 | 2.23e-07
 281 | 2.25e-07
 282 | 2.27e-07
 283 | 2.29e-07
 284 | 2.31e-07
 285 | 2.33e-07
 286 | 2.36e-07
 287 | 2.38e-07
 288 | 2.40e-07
 289 | 2.42e-07
 290 | 2.45e-07
 291 | 2.48e-07
 292 | 2.50e-07
 293 | 2.53e-07
 294 | 2.55e-07
 295 | 2.58e-07
 296 | 2.59e-07
 297 | 2.61e-07
 298 | 2.63e-07
 299 | 2.65e-07
 300 | 2.67e-07
 301 | 2.69e-07
 302 | 2.71e-07
 303 | 2.73e-07
 304 | 2.75e-07
 305 | 2.77e-07
 306 | 2.79e-07
 307 | 2.81e-07
 308 | 2.83e-07
 309 | 2.85e-07
 310 | 2.87e-07
 311 | 2.89e-07
 312 | 2.92e-07
 313 | 2.94e-07
 314 | 2.96e-07
 315 | 2.99e-07
 316 | 3.01e-07
 317 | 3.04e-07
 318 | 3.07e-07
 319 | 3.08e-07
 320 | 3.10e-07
 321 | 3.12e-07
 322 | 3.13e-07
 323 | 3.15e-07
 324 | 3.16e-07
 325 | 3.18e-07
 326 | 3.20e-07
 327 | 3.21e-07
 328 | 3.23e-07
 329 | 3.25e-07
 330 | 3.27e-07
 331 | 3.28e-07
 332 | 3.30e-07
 333 | 3.32e-07
 334 | 3.33e-07
 335 | 3.35e-07
 336 | 3.36e-07
 337 | 3.37e-07
 338 | 3.38e-07
 339 | 3.39e-07
 340 | 3.39e-07
 341 | 3.39e-07
 342 | 3.40e-07
 343 | 3.40e-07
 344 | 3.41e-07
 345 | 3.41e-07
 346 | 3.42e-07
 347 | 3.43e-07
 348 | 3.43e-07
 349 | 3.43e-07
 350 | 3.43e-07
 351 | 3.41e-07
 352 | 3.39e-07
 353 | 3.36e-07
 354 | 3.34e-07
 355 | 3.31e-07
 356 | 3.29e-07
 357 | 3.27e-07
 358 | 3.25e-07
 359 | 3.22e-07
 360 | 3.20e-07
 361 | 3.18e-07
 362 | 3.16e-07
 363 | 3.14e-07
 364 | 3.12e-07
 365 | 3.10e-07
 366 | 3.08e-07
 367 | 3.07e-07
 368 | 3.05e-07
 369 | 3.03e-07
 370 | 3.01e-07
 371 | 3.00e-07
 372 | 2.98e-07
 373 | 2.96e-07
 374 | 2.94e-07
 375 | 2.92e-07
 376 | 2.89e-07
 377 | 2.87e-07
 378 | 2.84e-07
 379 | 2.82e-07
 380 | 2.80e-07
 381 | 2.78e-07
 382 | 2.76e-07
 383 | 2.74e-07
 384 | 2.72e-07
 385 | 2.69e-07
 386 | 2.66e-07
 387 | 2.64e-07
 388 | 2.61e-07
 389 | 2.58e-07
 390 | 2.55e-07
 391 | 2.52e-07
 392 | 2.49e-07
 393 | 2.46e-07
 394 | 2.44e-07
 395 | 2.40e-07
 396 | 2.37e-07
 397 | 2.34e-07
 398 | 2.31e-07
 399 | 2.27e-07
 400 | 2.24e-07
 401 | 2.21e-07
 402 | 2.18e-07
 403 | 2.14e-07
 404 | 2.11e-07
 405 | 2.09e-07
 406 | 2.06e-07
 407 | 2.03e-07
 408 | 2.01e-07
 409 | 1.99e-07
 410 | 1.96e-07
 411 | 1.94e-07
 412 | 1.92e-07
 413 | 1.89e-07
 414 | 1.87e-07
 415 | 1.85e-07
 416 | 1.82e-07
 417 | 1.80e-07
 418 | 1.78e-07
 419 | 1.75e-07
 420 | 1.73e-07
 421 | 1.71e-07
 422 | 1.68e-07
 423 | 1.66e-07
 424 | 1.64e-07
 425 | 1.61e-07
 426 | 1.59e-07
 427 | 1.56e-07
 428 | 1.54e-07
 429 | 1.51e-07
 430 | 1.48e-07
 431 | 1.45e-07
 432 | 1.42e-07
 433 | 1.39e-07
 434 | 1.36e-07
 435 | 1.33e-07
 436 | 1.30e-07
 437 | 1.27e-07
 438 | 1.24e-07
 439 | 1.22e-07
 440 | 1.19e-07
 441 | 1.17e-07
 442 | 1.15e-07
 443 | 1.12e-07
 444 | 1.10e-07
 445 | 1.08e-07
 446 | 1.06e-07
 447 | 1.03e-07
 448 | 1.01e-07
 449 | 9.88e-08
[2025-11-08 17:15:07] Run completed in 11.29 minutes
[2025-11-08 17:15:08] Saved NMF result to: /zata/zippy/kresgeb/nmf_stuff/dlPFC/data/batched_nmf/nmf_k20_seed42_tol1e-07.rds
[2025-11-08 17:15:08] Appended run metadata to summary.csv
[2025-11-08 17:15:08] --------------------------------------------
[2025-11-08 17:15:08] Starting run 103 / 150: k=30, seed=42, tol=1e-07
[2025-11-08 17:15:08] --------------------------------------------

iter |      tol 
---------------
   1 | 9.20e-01
   2 | 1.23e-01
   3 | 3.08e-02
   4 | 1.54e-02
   5 | 9.15e-03
   6 | 5.46e-03
   7 | 3.69e-03
   8 | 2.84e-03
   9 | 2.39e-03
  10 | 2.13e-03
  11 | 1.95e-03
  12 | 1.77e-03
  13 | 1.59e-03
  14 | 1.41e-03
  15 | 1.24e-03
  16 | 1.04e-03
  17 | 8.45e-04
  18 | 6.85e-04
  19 | 5.66e-04
  20 | 4.69e-04
  21 | 3.93e-04
  22 | 3.36e-04
  23 | 2.95e-04
  24 | 2.68e-04
  25 | 2.51e-04
  26 | 2.43e-04
  27 | 2.39e-04
  28 | 2.39e-04
  29 | 2.40e-04
  30 | 2.37e-04
  31 | 2.28e-04
  32 | 2.15e-04
  33 | 1.99e-04
  34 | 1.78e-04
  35 | 1.58e-04
  36 | 1.38e-04
  37 | 1.21e-04
  38 | 1.06e-04
  39 | 9.36e-05
  40 | 8.29e-05
  41 | 7.38e-05
  42 | 6.56e-05
  43 | 5.88e-05
  44 | 5.34e-05
  45 | 4.92e-05
  46 | 4.61e-05
  47 | 4.37e-05
  48 | 4.22e-05
  49 | 4.12e-05
  50 | 4.05e-05
  51 | 4.05e-05
  52 | 4.07e-05
  53 | 4.12e-05
  54 | 4.19e-05
  55 | 4.27e-05
  56 | 4.32e-05
  57 | 4.38e-05
  58 | 4.50e-05
  59 | 4.66e-05
  60 | 4.79e-05
  61 | 4.85e-05
  62 | 4.84e-05
  63 | 4.80e-05
  64 | 4.69e-05
  65 | 4.56e-05
  66 | 4.40e-05
  67 | 4.25e-05
  68 | 4.10e-05
  69 | 3.97e-05
  70 | 3.87e-05
  71 | 3.77e-05
  72 | 3.71e-05
  73 | 3.67e-05
  74 | 3.66e-05
  75 | 3.67e-05
  76 | 3.69e-05
  77 | 3.73e-05
  78 | 3.77e-05
  79 | 3.84e-05
  80 | 3.93e-05
  81 | 4.00e-05
  82 | 4.10e-05
  83 | 4.22e-05
  84 | 4.35e-05
  85 | 4.48e-05
  86 | 4.60e-05
  87 | 4.73e-05
  88 | 4.80e-05
  89 | 4.87e-05
  90 | 4.94e-05
  91 | 5.03e-05
  92 | 5.09e-05
  93 | 5.11e-05
  94 | 5.12e-05
  95 | 5.10e-05
  96 | 4.99e-05
  97 | 4.82e-05
  98 | 4.58e-05
  99 | 4.28e-05
 100 | 3.95e-05
 101 | 3.63e-05
 102 | 3.30e-05
 103 | 3.00e-05
 104 | 2.76e-05
 105 | 2.55e-05
 106 | 2.37e-05
 107 | 2.23e-05
 108 | 2.12e-05
 109 | 2.05e-05
 110 | 2.00e-05
 111 | 1.99e-05
 112 | 2.01e-05
 113 | 2.05e-05
 114 | 2.10e-05
 115 | 2.17e-05
 116 | 2.24e-05
 117 | 2.29e-05
 118 | 2.30e-05
 119 | 2.29e-05
 120 | 2.23e-05
 121 | 2.12e-05
 122 | 1.96e-05
 123 | 1.76e-05
 124 | 1.54e-05
 125 | 1.32e-05
 126 | 1.10e-05
 127 | 9.08e-06
 128 | 7.39e-06
 129 | 5.96e-06
 130 | 4.79e-06
 131 | 3.83e-06
 132 | 3.07e-06
 133 | 2.48e-06
 134 | 2.02e-06
 135 | 1.66e-06
 136 | 1.38e-06
 137 | 1.16e-06
 138 | 9.92e-07
 139 | 8.64e-07
 140 | 7.65e-07
 141 | 6.90e-07
 142 | 6.34e-07
 143 | 5.91e-07
 144 | 5.60e-07
 145 | 5.37e-07
 146 | 5.19e-07
 147 | 5.06e-07
 148 | 5.00e-07
 149 | 4.99e-07
 150 | 5.01e-07
 151 | 5.05e-07
 152 | 5.07e-07
 153 | 5.15e-07
 154 | 5.27e-07
 155 | 5.39e-07
 156 | 5.54e-07
 157 | 5.69e-07
 158 | 5.89e-07
 159 | 6.12e-07
 160 | 6.37e-07
 161 | 6.61e-07
 162 | 6.85e-07
 163 | 7.11e-07
 164 | 7.44e-07
 165 | 7.70e-07
 166 | 7.99e-07
 167 | 8.27e-07
 168 | 8.55e-07
 169 | 8.77e-07
 170 | 9.01e-07
 171 | 9.16e-07
 172 | 9.28e-07
 173 | 9.19e-07
 174 | 9.19e-07
 175 | 9.22e-07
 176 | 9.25e-07
 177 | 9.23e-07
 178 | 9.25e-07
 179 | 9.24e-07
 180 | 9.28e-07
 181 | 9.03e-07
 182 | 8.68e-07
 183 | 8.31e-07
 184 | 7.88e-07
 185 | 7.33e-07
 186 | 6.77e-07
 187 | 6.29e-07
 188 | 5.85e-07
 189 | 5.46e-07
 190 | 5.10e-07
 191 | 4.76e-07
 192 | 4.40e-07
 193 | 4.04e-07
 194 | 3.68e-07
 195 | 3.36e-07
 196 | 3.06e-07
 197 | 2.79e-07
 198 | 2.56e-07
 199 | 2.36e-07
 200 | 2.19e-07
 201 | 2.05e-07
 202 | 1.93e-07
 203 | 1.83e-07
 204 | 1.75e-07
 205 | 1.69e-07
 206 | 1.63e-07
 207 | 1.59e-07
 208 | 1.55e-07
 209 | 1.52e-07
 210 | 1.49e-07
 211 | 1.42e-07
 212 | 1.38e-07
 213 | 1.36e-07
 214 | 1.34e-07
 215 | 1.32e-07
 216 | 1.30e-07
 217 | 1.27e-07
 218 | 1.25e-07
 219 | 1.21e-07
 220 | 1.18e-07
 221 | 1.15e-07
 222 | 1.12e-07
 223 | 1.09e-07
 224 | 1.06e-07
 225 | 1.03e-07
 226 | 1.00e-07
 227 | 9.71e-08
[2025-11-08 17:24:46] Run completed in 9.63 minutes
[2025-11-08 17:24:48] Saved NMF result to: /zata/zippy/kresgeb/nmf_stuff/dlPFC/data/batched_nmf/nmf_k30_seed42_tol1e-07.rds
[2025-11-08 17:24:48] Appended run metadata to summary.csv
[2025-11-08 17:24:48] --------------------------------------------
[2025-11-08 17:24:48] Starting run 104 / 150: k=40, seed=42, tol=1e-07
[2025-11-08 17:24:48] --------------------------------------------

iter |      tol 
---------------
   1 | 9.21e-01
   2 | 1.16e-01
   3 | 4.04e-02
   4 | 1.91e-02
   5 | 1.05e-02
   6 | 7.18e-03
   7 | 5.47e-03
   8 | 4.42e-03
   9 | 3.74e-03
  10 | 3.27e-03
  11 | 2.84e-03
  12 | 2.44e-03
  13 | 2.04e-03
  14 | 1.69e-03
  15 | 1.38e-03
  16 | 1.15e-03
  17 | 9.75e-04
  18 | 8.56e-04
  19 | 7.80e-04
  20 | 7.20e-04
  21 | 6.67e-04
  22 | 6.05e-04
  23 | 5.20e-04
  24 | 4.25e-04
  25 | 3.43e-04
  26 | 2.72e-04
  27 | 2.26e-04
  28 | 1.94e-04
  29 | 1.74e-04
  30 | 1.63e-04
  31 | 1.59e-04
  32 | 1.61e-04
  33 | 1.68e-04
  34 | 1.75e-04
  35 | 1.79e-04
  36 | 1.81e-04
  37 | 1.78e-04
  38 | 1.70e-04
  39 | 1.61e-04
  40 | 1.51e-04
  41 | 1.36e-04
  42 | 1.18e-04
  43 | 9.81e-05
  44 | 7.74e-05
  45 | 6.19e-05
  46 | 5.06e-05
  47 | 4.24e-05
  48 | 3.65e-05
  49 | 3.18e-05
  50 | 2.83e-05
  51 | 2.56e-05
  52 | 2.37e-05
  53 | 2.21e-05
  54 | 2.10e-05
  55 | 2.01e-05
  56 | 1.91e-05
  57 | 1.83e-05
  58 | 1.73e-05
  59 | 1.66e-05
  60 | 1.61e-05
  61 | 1.55e-05
  62 | 1.49e-05
  63 | 1.42e-05
  64 | 1.34e-05
  65 | 1.28e-05
  66 | 1.22e-05
  67 | 1.16e-05
  68 | 1.10e-05
  69 | 1.03e-05
  70 | 9.71e-06
  71 | 9.05e-06
  72 | 8.44e-06
  73 | 7.88e-06
  74 | 7.32e-06
  75 | 6.77e-06
  76 | 6.28e-06
  77 | 5.84e-06
  78 | 5.46e-06
  79 | 5.11e-06
  80 | 4.77e-06
  81 | 4.48e-06
  82 | 4.20e-06
  83 | 3.96e-06
  84 | 3.74e-06
  85 | 3.55e-06
  86 | 3.38e-06
  87 | 3.22e-06
  88 | 3.05e-06
  89 | 2.91e-06
  90 | 2.82e-06
  91 | 2.73e-06
  92 | 2.65e-06
  93 | 2.57e-06
  94 | 2.50e-06
  95 | 2.42e-06
  96 | 2.35e-06
  97 | 2.28e-06
  98 | 2.21e-06
  99 | 2.15e-06
 100 | 2.09e-06
 101 | 2.01e-06
 102 | 1.94e-06
 103 | 1.88e-06
 104 | 1.82e-06
 105 | 1.76e-06
 106 | 1.70e-06
 107 | 1.65e-06
 108 | 1.60e-06
 109 | 1.55e-06
 110 | 1.51e-06
 111 | 1.47e-06
 112 | 1.42e-06
 113 | 1.38e-06
 114 | 1.34e-06
 115 | 1.30e-06
 116 | 1.27e-06
 117 | 1.23e-06
 118 | 1.20e-06
 119 | 1.18e-06
 120 | 1.15e-06
 121 | 1.13e-06
 122 | 1.11e-06
 123 | 1.09e-06
 124 | 1.08e-06
 125 | 1.06e-06
 126 | 1.05e-06
 127 | 1.04e-06
 128 | 1.03e-06
 129 | 1.02e-06
 130 | 1.01e-06
 131 | 1.00e-06
 132 | 1.00e-06
 133 | 1.00e-06
 134 | 1.00e-06
 135 | 1.01e-06
 136 | 1.01e-06
 137 | 1.01e-06
 138 | 1.02e-06
 139 | 1.03e-06
 140 | 1.05e-06
 141 | 1.06e-06
 142 | 1.08e-06
 143 | 1.10e-06
 144 | 1.12e-06
 145 | 1.14e-06
 146 | 1.16e-06
 147 | 1.19e-06
 148 | 1.22e-06
 149 | 1.25e-06
 150 | 1.29e-06
 151 | 1.33e-06
 152 | 1.37e-06
 153 | 1.41e-06
 154 | 1.46e-06
 155 | 1.51e-06
 156 | 1.56e-06
 157 | 1.63e-06
 158 | 1.70e-06
 159 | 1.77e-06
 160 | 1.83e-06
 161 | 1.91e-06
 162 | 1.99e-06
 163 | 2.07e-06
 164 | 2.17e-06
 165 | 2.28e-06
 166 | 2.41e-06
 167 | 2.54e-06
 168 | 2.69e-06
 169 | 2.86e-06
 170 | 3.03e-06
 171 | 3.20e-06
 172 | 3.39e-06
 173 | 3.58e-06
 174 | 3.76e-06
 175 | 3.94e-06
 176 | 4.13e-06
 177 | 4.34e-06
 178 | 4.54e-06
 179 | 4.75e-06
 180 | 4.98e-06
 181 | 5.23e-06
 182 | 5.36e-06
 183 | 5.30e-06
 184 | 5.27e-06
 185 | 5.20e-06
 186 | 5.00e-06
 187 | 4.76e-06
 188 | 4.51e-06
 189 | 4.29e-06
 190 | 4.10e-06
 191 | 3.92e-06
 192 | 3.69e-06
 193 | 3.49e-06
 194 | 3.32e-06
 195 | 3.17e-06
 196 | 3.00e-06
 197 | 2.86e-06
 198 | 2.74e-06
 199 | 2.64e-06
 200 | 2.55e-06
 201 | 2.46e-06
 202 | 2.39e-06
 203 | 2.33e-06
 204 | 2.28e-06
 205 | 2.25e-06
 206 | 2.22e-06
 207 | 2.20e-06
 208 | 2.19e-06
 209 | 2.19e-06
 210 | 2.20e-06
 211 | 2.20e-06
 212 | 2.21e-06
 213 | 2.24e-06
 214 | 2.27e-06
 215 | 2.30e-06
 216 | 2.35e-06
 217 | 2.41e-06
 218 | 2.48e-06
 219 | 2.57e-06
 220 | 2.67e-06
 221 | 2.78e-06
 222 | 2.88e-06
 223 | 3.00e-06
 224 | 3.12e-06
 225 | 3.25e-06
 226 | 3.39e-06
 227 | 3.50e-06
 228 | 3.57e-06
 229 | 3.71e-06
 230 | 3.75e-06
 231 | 3.88e-06
 232 | 4.02e-06
 233 | 4.14e-06
 234 | 4.25e-06
 235 | 4.40e-06
 236 | 4.56e-06
 237 | 4.71e-06
 238 | 4.69e-06
 239 | 3.92e-06
 240 | 3.57e-06
 241 | 3.40e-06
 242 | 3.22e-06
 243 | 3.07e-06
 244 | 2.76e-06
 245 | 2.45e-06
 246 | 2.26e-06
 247 | 2.11e-06
 248 | 1.98e-06
 249 | 1.86e-06
 250 | 1.75e-06
 251 | 1.66e-06
 252 | 1.58e-06
 253 | 1.51e-06
 254 | 1.45e-06
 255 | 1.41e-06
 256 | 1.37e-06
 257 | 1.34e-06
 258 | 1.31e-06
 259 | 1.29e-06
 260 | 1.26e-06
 261 | 1.23e-06
 262 | 1.21e-06
 263 | 1.18e-06
 264 | 1.16e-06
 265 | 1.14e-06
 266 | 1.12e-06
 267 | 1.10e-06
 268 | 1.08e-06
 269 | 1.06e-06
 270 | 1.04e-06
 271 | 1.02e-06
 272 | 1.00e-06
 273 | 9.86e-07
 274 | 9.67e-07
 275 | 9.47e-07
 276 | 9.28e-07
 277 | 9.08e-07
 278 | 8.89e-07
 279 | 8.71e-07
 280 | 8.55e-07
 281 | 8.36e-07
 282 | 8.13e-07
 283 | 8.66e-07
 284 | 8.25e-07
 285 | 9.55e-07
 286 | 8.56e-07
 287 | 7.68e-07
 288 | 6.92e-07
 289 | 6.23e-07
 290 | 5.61e-07
 291 | 5.08e-07
 292 | 4.61e-07
 293 | 4.20e-07
 294 | 3.84e-07
 295 | 3.54e-07
 296 | 3.27e-07
 297 | 3.05e-07
 298 | 2.85e-07
 299 | 2.68e-07
 300 | 2.54e-07
 301 | 2.43e-07
 302 | 2.33e-07
 303 | 2.24e-07
 304 | 2.17e-07
 305 | 2.11e-07
 306 | 2.06e-07
 307 | 2.02e-07
 308 | 1.97e-07
 309 | 1.93e-07
 310 | 1.89e-07
 311 | 1.86e-07
 312 | 1.83e-07
 313 | 1.80e-07
 314 | 1.79e-07
 315 | 1.77e-07
 316 | 1.75e-07
 317 | 1.74e-07
 318 | 1.72e-07
 319 | 1.70e-07
 320 | 1.69e-07
 321 | 1.68e-07
 322 | 1.68e-07
 323 | 1.68e-07
 324 | 1.68e-07
 325 | 1.67e-07
 326 | 1.67e-07
 327 | 1.66e-07
 328 | 1.66e-07
 329 | 1.64e-07
 330 | 1.62e-07
 331 | 1.59e-07
 332 | 1.58e-07
 333 | 1.57e-07
 334 | 1.55e-07
 335 | 1.55e-07
 336 | 1.54e-07
 337 | 1.53e-07
 338 | 1.52e-07
 339 | 1.51e-07
 340 | 1.51e-07
 341 | 1.50e-07
 342 | 1.50e-07
 343 | 1.50e-07
 344 | 1.50e-07
 345 | 1.49e-07
 346 | 1.49e-07
 347 | 1.48e-07
 348 | 1.48e-07
 349 | 1.48e-07
 350 | 1.47e-07
 351 | 1.46e-07
 352 | 1.45e-07
 353 | 1.45e-07
 354 | 1.44e-07
 355 | 1.43e-07
 356 | 1.42e-07
 357 | 1.41e-07
 358 | 1.40e-07
 359 | 1.39e-07
 360 | 1.39e-07
 361 | 1.39e-07
 362 | 1.38e-07
 363 | 1.37e-07
 364 | 1.36e-07
 365 | 1.36e-07
 366 | 1.35e-07
 367 | 1.34e-07
 368 | 1.33e-07
 369 | 1.32e-07
 370 | 1.31e-07
 371 | 1.30e-07
 372 | 1.29e-07
 373 | 1.28e-07
 374 | 1.27e-07
 375 | 1.25e-07
 376 | 1.24e-07
 377 | 1.23e-07
 378 | 1.22e-07
 379 | 1.21e-07
 380 | 1.20e-07
 381 | 1.19e-07
 382 | 1.18e-07
 383 | 1.16e-07
 384 | 1.15e-07
 385 | 1.14e-07
 386 | 1.13e-07
 387 | 1.12e-07
 388 | 1.10e-07
 389 | 1.09e-07
 390 | 1.08e-07
 391 | 1.07e-07
 392 | 1.06e-07
 393 | 1.05e-07
 394 | 1.04e-07
 395 | 1.03e-07
 396 | 1.02e-07
 397 | 1.00e-07
 398 | 9.93e-08
[2025-11-08 17:45:54] Run completed in 21.10 minutes
[2025-11-08 17:45:57] Saved NMF result to: /zata/zippy/kresgeb/nmf_stuff/dlPFC/data/batched_nmf/nmf_k40_seed42_tol1e-07.rds
[2025-11-08 17:45:57] Appended run metadata to summary.csv
[2025-11-08 17:45:57] --------------------------------------------
[2025-11-08 17:45:57] Starting run 105 / 150: k=50, seed=42, tol=1e-07
[2025-11-08 17:45:57] --------------------------------------------

iter |      tol 
---------------
   1 | 9.20e-01
   2 | 1.12e-01
   3 | 3.74e-02
   4 | 1.86e-02
   5 | 1.11e-02
   6 | 7.56e-03
   7 | 5.68e-03
   8 | 4.87e-03
   9 | 4.52e-03
  10 | 4.16e-03
  11 | 3.59e-03
  12 | 2.94e-03
  13 | 2.41e-03
  14 | 1.98e-03
  15 | 1.64e-03
  16 | 1.42e-03
  17 | 1.24e-03
  18 | 1.12e-03
  19 | 1.01e-03
  20 | 9.18e-04
  21 | 8.48e-04
  22 | 7.92e-04
  23 | 7.51e-04
  24 | 7.18e-04
  25 | 6.88e-04
  26 | 6.40e-04
  27 | 5.69e-04
  28 | 4.79e-04
  29 | 3.86e-04
  30 | 3.13e-04
  31 | 2.56e-04
  32 | 2.11e-04
  33 | 1.77e-04
  34 | 1.52e-04
  35 | 1.34e-04
  36 | 1.23e-04
  37 | 1.16e-04
  38 | 1.12e-04
  39 | 1.12e-04
  40 | 1.13e-04
  41 | 1.18e-04
  42 | 1.24e-04
  43 | 1.30e-04
  44 | 1.35e-04
  45 | 1.37e-04
  46 | 1.37e-04
  47 | 1.34e-04
  48 | 1.28e-04
  49 | 1.23e-04
  50 | 1.17e-04
  51 | 1.12e-04
  52 | 1.06e-04
  53 | 9.72e-05
  54 | 8.95e-05
  55 | 8.12e-05
  56 | 7.31e-05
  57 | 6.58e-05
  58 | 5.88e-05
  59 | 5.28e-05
  60 | 4.76e-05
  61 | 4.31e-05
  62 | 3.94e-05
  63 | 3.61e-05
  64 | 3.31e-05
  65 | 3.04e-05
  66 | 2.77e-05
  67 | 2.50e-05
  68 | 2.21e-05
  69 | 1.94e-05
  70 | 1.71e-05
  71 | 1.51e-05
  72 | 1.36e-05
  73 | 1.22e-05
  74 | 1.11e-05
  75 | 1.02e-05
  76 | 9.17e-06
  77 | 8.24e-06
  78 | 7.49e-06
  79 | 6.88e-06
  80 | 6.36e-06
  81 | 5.89e-06
  82 | 5.46e-06
  83 | 5.06e-06
  84 | 4.68e-06
  85 | 4.36e-06
  86 | 4.07e-06
  87 | 3.81e-06
  88 | 3.58e-06
  89 | 3.39e-06
  90 | 3.22e-06
  91 | 3.09e-06
  92 | 3.00e-06
  93 | 2.90e-06
  94 | 2.83e-06
  95 | 2.80e-06
  96 | 2.78e-06
  97 | 2.78e-06
  98 | 2.79e-06
  99 | 2.82e-06
 100 | 2.88e-06
 101 | 2.94e-06
 102 | 3.01e-06
 103 | 3.09e-06
 104 | 3.19e-06
 105 | 3.30e-06
 106 | 3.42e-06
 107 | 3.56e-06
 108 | 3.68e-06
 109 | 3.80e-06
 110 | 3.92e-06
 111 | 4.04e-06
 112 | 4.17e-06
 113 | 4.28e-06
 114 | 4.39e-06
 115 | 4.48e-06
 116 | 4.54e-06
 117 | 4.56e-06
 118 | 4.56e-06
 119 | 4.52e-06
 120 | 4.47e-06
 121 | 4.39e-06
 122 | 4.31e-06
 123 | 4.21e-06
 124 | 4.12e-06
 125 | 4.02e-06
 126 | 3.91e-06
 127 | 3.81e-06
 128 | 3.71e-06
 129 | 3.62e-06
 130 | 3.53e-06
 131 | 3.43e-06
 132 | 3.35e-06
 133 | 3.28e-06
 134 | 3.21e-06
 135 | 3.15e-06
 136 | 3.09e-06
 137 | 3.04e-06
 138 | 3.00e-06
 139 | 2.98e-06
 140 | 2.96e-06
 141 | 2.94e-06
 142 | 2.93e-06
 143 | 2.93e-06
 144 | 2.94e-06
 145 | 2.95e-06
 146 | 2.97e-06
 147 | 3.02e-06
 148 | 3.06e-06
 149 | 3.10e-06
 150 | 3.12e-06
 151 | 3.16e-06
 152 | 3.19e-06
 153 | 3.21e-06
 154 | 3.22e-06
 155 | 3.22e-06
 156 | 3.21e-06
 157 | 3.21e-06
 158 | 3.20e-06
 159 | 3.19e-06
 160 | 3.16e-06
 161 | 3.14e-06
 162 | 3.11e-06
 163 | 3.07e-06
 164 | 3.01e-06
 165 | 2.96e-06
 166 | 2.89e-06
 167 | 2.77e-06
 168 | 2.64e-06
 169 | 2.54e-06
 170 | 2.43e-06
 171 | 2.34e-06
 172 | 2.25e-06
 173 | 2.16e-06
 174 | 2.08e-06
 175 | 2.00e-06
 176 | 1.93e-06
 177 | 1.86e-06
 178 | 1.80e-06
 179 | 1.74e-06
 180 | 1.69e-06
 181 | 1.64e-06
 182 | 1.59e-06
 183 | 1.55e-06
 184 | 1.52e-06
 185 | 1.49e-06
 186 | 1.46e-06
 187 | 1.44e-06
 188 | 1.41e-06
 189 | 1.39e-06
 190 | 1.38e-06
 191 | 1.36e-06
 192 | 1.34e-06
 193 | 1.33e-06
 194 | 1.32e-06
 195 | 1.30e-06
 196 | 1.29e-06
 197 | 1.28e-06
 198 | 1.26e-06
 199 | 1.25e-06
 200 | 1.25e-06
 201 | 1.24e-06
 202 | 1.23e-06
 203 | 1.22e-06
 204 | 1.21e-06
 205 | 1.21e-06
 206 | 1.20e-06
 207 | 1.20e-06
 208 | 1.20e-06
 209 | 1.19e-06
 210 | 1.19e-06
 211 | 1.19e-06
 212 | 1.18e-06
 213 | 1.18e-06
 214 | 1.17e-06
 215 | 1.16e-06
 216 | 1.14e-06
 217 | 1.13e-06
 218 | 1.11e-06
 219 | 1.10e-06
 220 | 1.08e-06
 221 | 1.07e-06
 222 | 1.05e-06
 223 | 1.03e-06
 224 | 1.02e-06
 225 | 1.00e-06
 226 | 9.93e-07
 227 | 9.83e-07
 228 | 9.75e-07
 229 | 9.68e-07
 230 | 9.61e-07
 231 | 9.57e-07
 232 | 9.52e-07
 233 | 9.46e-07
 234 | 9.40e-07
 235 | 9.31e-07
 236 | 9.26e-07
 237 | 9.22e-07
 238 | 9.19e-07
 239 | 9.18e-07
 240 | 9.18e-07
 241 | 9.17e-07
 242 | 9.18e-07
 243 | 9.18e-07
 244 | 9.19e-07
 245 | 9.18e-07
 246 | 9.16e-07
 247 | 9.18e-07
 248 | 9.21e-07
 249 | 9.24e-07
 250 | 9.28e-07
 251 | 9.31e-07
 252 | 9.34e-07
 253 | 9.38e-07
 254 | 9.42e-07
 255 | 9.47e-07
 256 | 9.53e-07
 257 | 9.60e-07
 258 | 9.68e-07
 259 | 9.76e-07
 260 | 9.84e-07
 261 | 9.93e-07
 262 | 1.00e-06
 263 | 1.02e-06
 264 | 1.03e-06
 265 | 1.04e-06
 266 | 1.06e-06
 267 | 1.07e-06
 268 | 1.08e-06
 269 | 1.10e-06
 270 | 1.11e-06
 271 | 1.12e-06
 272 | 1.13e-06
 273 | 1.14e-06
 274 | 1.15e-06
 275 | 1.16e-06
 276 | 1.17e-06
 277 | 1.17e-06
 278 | 1.18e-06
 279 | 1.18e-06
 280 | 1.18e-06
 281 | 1.18e-06
 282 | 1.18e-06
 283 | 1.18e-06
 284 | 1.17e-06
 285 | 1.17e-06
 286 | 1.16e-06
 287 | 1.15e-06
 288 | 1.14e-06
 289 | 1.13e-06
 290 | 1.13e-06
 291 | 1.12e-06
 292 | 1.11e-06
 293 | 1.10e-06
 294 | 1.09e-06
 295 | 1.08e-06
 296 | 1.06e-06
 297 | 1.05e-06
 298 | 1.04e-06
 299 | 1.03e-06
 300 | 1.01e-06
 301 | 9.88e-07
 302 | 9.68e-07
 303 | 9.48e-07
 304 | 9.29e-07
 305 | 9.09e-07
 306 | 8.87e-07
 307 | 8.65e-07
 308 | 8.47e-07
 309 | 8.29e-07
 310 | 8.06e-07
 311 | 7.86e-07
 312 | 7.68e-07
 313 | 7.52e-07
 314 | 7.34e-07
 315 | 7.31e-07
 316 | 7.99e-07
 317 | 7.47e-07
 318 | 6.85e-07
 319 | 6.70e-07
 320 | 6.46e-07
 321 | 5.77e-07
 322 | 5.01e-07
 323 | 4.32e-07
 324 | 3.70e-07
 325 | 3.16e-07
 326 | 2.78e-07
 327 | 2.37e-07
 328 | 2.00e-07
 329 | 1.70e-07
 330 | 1.44e-07
 331 | 1.23e-07
 332 | 1.05e-07
 333 | 9.06e-08
[2025-11-08 18:09:46] Run completed in 23.82 minutes
[2025-11-08 18:09:49] Saved NMF result to: /zata/zippy/kresgeb/nmf_stuff/dlPFC/data/batched_nmf/nmf_k50_seed42_tol1e-07.rds
[2025-11-08 18:09:49] Appended run metadata to summary.csv
[2025-11-08 18:09:49] --------------------------------------------
[2025-11-08 18:09:49] Starting run 106 / 150: k=60, seed=42, tol=1e-07
[2025-11-08 18:09:49] --------------------------------------------

iter |      tol 
---------------
   1 | 9.15e-01
   2 | 1.11e-01
   3 | 3.67e-02
   4 | 1.86e-02
   5 | 1.12e-02
   6 | 7.87e-03
   7 | 6.14e-03
   8 | 4.93e-03
   9 | 3.92e-03
  10 | 3.20e-03
  11 | 2.70e-03
  12 | 2.33e-03
  13 | 2.04e-03
  14 | 1.80e-03
  15 | 1.55e-03
  16 | 1.29e-03
  17 | 1.10e-03
  18 | 9.68e-04
  19 | 8.97e-04
  20 | 8.73e-04
  21 | 8.75e-04
  22 | 9.04e-04
  23 | 9.38e-04
  24 | 9.45e-04
  25 | 9.19e-04
  26 | 8.67e-04
  27 | 7.84e-04
  28 | 6.85e-04
  29 | 5.92e-04
  30 | 5.22e-04
  31 | 4.73e-04
  32 | 4.35e-04
  33 | 4.09e-04
  34 | 3.90e-04
  35 | 3.74e-04
  36 | 3.58e-04
  37 | 3.38e-04
  38 | 3.07e-04
  39 | 2.69e-04
  40 | 2.29e-04
  41 | 1.93e-04
  42 | 1.62e-04
  43 | 1.37e-04
  44 | 1.18e-04
  45 | 1.02e-04
  46 | 9.09e-05
  47 | 8.06e-05
  48 | 7.22e-05
  49 | 6.70e-05
  50 | 6.29e-05
  51 | 5.85e-05
  52 | 5.35e-05
  53 | 4.96e-05
  54 | 4.53e-05
  55 | 4.08e-05
  56 | 3.67e-05
  57 | 3.24e-05
  58 | 2.85e-05
  59 | 2.47e-05
  60 | 2.04e-05
  61 | 1.68e-05
  62 | 1.42e-05
  63 | 1.20e-05
  64 | 1.02e-05
  65 | 8.86e-06
  66 | 7.76e-06
  67 | 6.88e-06
  68 | 6.12e-06
  69 | 5.50e-06
  70 | 4.94e-06
  71 | 4.53e-06
  72 | 4.19e-06
  73 | 3.82e-06
  74 | 3.54e-06
  75 | 3.34e-06
  76 | 3.18e-06
  77 | 3.04e-06
  78 | 2.93e-06
  79 | 2.82e-06
  80 | 2.72e-06
  81 | 2.63e-06
  82 | 2.54e-06
  83 | 2.46e-06
  84 | 2.39e-06
  85 | 2.31e-06
  86 | 2.24e-06
  87 | 2.17e-06
  88 | 2.09e-06
  89 | 2.02e-06
  90 | 1.95e-06
  91 | 1.88e-06
  92 | 1.82e-06
  93 | 1.76e-06
  94 | 1.71e-06
  95 | 1.65e-06
  96 | 1.60e-06
  97 | 1.56e-06
  98 | 1.51e-06
  99 | 1.47e-06
 100 | 1.44e-06
 101 | 1.41e-06
 102 | 1.37e-06
 103 | 1.34e-06
 104 | 1.30e-06
 105 | 1.27e-06
 106 | 1.24e-06
 107 | 1.22e-06
 108 | 1.19e-06
 109 | 1.17e-06
 110 | 1.15e-06
 111 | 1.12e-06
 112 | 1.08e-06
 113 | 1.03e-06
 114 | 1.00e-06
 115 | 9.79e-07
 116 | 9.58e-07
 117 | 9.39e-07
 118 | 9.20e-07
 119 | 9.00e-07
 120 | 8.82e-07
 121 | 8.64e-07
 122 | 8.43e-07
 123 | 7.32e-07
 124 | 6.63e-07
 125 | 6.23e-07
 126 | 5.61e-07
 127 | 4.93e-07
 128 | 4.40e-07
 129 | 3.99e-07
 130 | 3.62e-07
 131 | 3.33e-07
 132 | 3.07e-07
 133 | 2.87e-07
 134 | 2.69e-07
 135 | 2.51e-07
 136 | 2.36e-07
 137 | 2.23e-07
 138 | 2.11e-07
 139 | 1.99e-07
 140 | 1.88e-07
 141 | 1.78e-07
 142 | 1.69e-07
 143 | 1.61e-07
 144 | 1.54e-07
 145 | 1.48e-07
 146 | 1.43e-07
 147 | 1.39e-07
 148 | 1.35e-07
 149 | 1.32e-07
 150 | 1.29e-07
 151 | 1.26e-07
 152 | 1.24e-07
 153 | 1.22e-07
 154 | 1.20e-07
 155 | 1.19e-07
 156 | 1.18e-07
 157 | 1.17e-07
 158 | 1.16e-07
 159 | 1.16e-07
 160 | 1.16e-07
 161 | 1.15e-07
 162 | 1.15e-07
 163 | 1.16e-07
 164 | 1.16e-07
 165 | 1.16e-07
 166 | 1.16e-07
 167 | 1.15e-07
 168 | 1.15e-07
 169 | 1.15e-07
 170 | 1.15e-07
 171 | 1.15e-07
 172 | 1.14e-07
 173 | 1.14e-07
 174 | 1.14e-07
 175 | 1.14e-07
 176 | 1.14e-07
 177 | 1.14e-07
 178 | 1.14e-07
 179 | 1.14e-07
 180 | 1.14e-07
 181 | 1.18e-07
 182 | 1.17e-07
 183 | 1.18e-07
 184 | 1.16e-07
 185 | 1.14e-07
 186 | 1.14e-07
 187 | 1.14e-07
 188 | 1.15e-07
 189 | 1.16e-07
 190 | 1.17e-07
 191 | 1.19e-07
 192 | 1.21e-07
 193 | 1.23e-07
 194 | 1.26e-07
 195 | 1.29e-07
 196 | 1.32e-07
 197 | 1.36e-07
 198 | 1.40e-07
 199 | 1.44e-07
 200 | 1.49e-07
 201 | 1.54e-07
 202 | 1.59e-07
 203 | 1.65e-07
 204 | 1.71e-07
 205 | 1.76e-07
 206 | 1.84e-07
 207 | 1.92e-07
 208 | 2.01e-07
 209 | 2.12e-07
 210 | 2.22e-07
 211 | 2.34e-07
 212 | 2.47e-07
 213 | 2.62e-07
 214 | 2.80e-07
 215 | 3.00e-07
 216 | 3.22e-07
 217 | 3.45e-07
 218 | 3.70e-07
 219 | 3.99e-07
 220 | 4.32e-07
 221 | 4.68e-07
 222 | 5.07e-07
 223 | 5.49e-07
 224 | 5.95e-07
 225 | 6.43e-07
 226 | 7.00e-07
 227 | 7.53e-07
 228 | 8.07e-07
 229 | 8.68e-07
 230 | 9.29e-07
 231 | 9.92e-07
 232 | 1.06e-06
 233 | 1.13e-06
 234 | 1.20e-06
 235 | 1.26e-06
 236 | 1.29e-06
 237 | 1.30e-06
 238 | 1.30e-06
 239 | 1.29e-06
 240 | 1.25e-06
 241 | 1.19e-06
 242 | 1.13e-06
 243 | 1.07e-06
 244 | 9.76e-07
 245 | 8.85e-07
 246 | 7.88e-07
 247 | 6.90e-07
 248 | 5.97e-07
 249 | 5.14e-07
 250 | 4.42e-07
 251 | 3.79e-07
 252 | 3.23e-07
 253 | 2.74e-07
 254 | 2.32e-07
 255 | 1.97e-07
 256 | 1.68e-07
 257 | 1.43e-07
 258 | 1.22e-07
 259 | 1.06e-07
 260 | 9.29e-08
[2025-11-08 18:33:10] Run completed in 23.34 minutes
[2025-11-08 18:33:13] Saved NMF result to: /zata/zippy/kresgeb/nmf_stuff/dlPFC/data/batched_nmf/nmf_k60_seed42_tol1e-07.rds
[2025-11-08 18:33:13] Appended run metadata to summary.csv
[2025-11-08 18:33:13] --------------------------------------------
[2025-11-08 18:33:13] Starting run 107 / 150: k=70, seed=42, tol=1e-07
[2025-11-08 18:33:13] --------------------------------------------

iter |      tol 
---------------
   1 | 9.19e-01
   2 | 1.03e-01
   3 | 3.48e-02
   4 | 1.74e-02
   5 | 1.09e-02
   6 | 8.21e-03
   7 | 6.37e-03
   8 | 4.98e-03
   9 | 4.15e-03
  10 | 3.71e-03
  11 | 3.36e-03
  12 | 3.02e-03
  13 | 2.65e-03
  14 | 2.25e-03
  15 | 1.90e-03
  16 | 1.65e-03
  17 | 1.47e-03
  18 | 1.36e-03
  19 | 1.26e-03
  20 | 1.16e-03
  21 | 1.09e-03
  22 | 1.01e-03
  23 | 9.35e-04
  24 | 8.70e-04
  25 | 8.21e-04
  26 | 7.79e-04
  27 | 7.77e-04
  28 | 8.02e-04
  29 | 8.18e-04
  30 | 7.82e-04
  31 | 6.95e-04
  32 | 6.03e-04
  33 | 5.22e-04
  34 | 4.49e-04
  35 | 3.82e-04
  36 | 3.16e-04
  37 | 2.66e-04
  38 | 2.24e-04
  39 | 1.80e-04
  40 | 1.50e-04
  41 | 1.25e-04
  42 | 1.06e-04
  43 | 9.07e-05
  44 | 7.86e-05
  45 | 6.89e-05
  46 | 6.14e-05
  47 | 5.50e-05
  48 | 4.97e-05
  49 | 4.63e-05
  50 | 4.28e-05
  51 | 3.98e-05
  52 | 3.70e-05
  53 | 3.43e-05
  54 | 3.30e-05
  55 | 3.23e-05
  56 | 3.18e-05
  57 | 3.21e-05
  58 | 3.29e-05
  59 | 3.36e-05
  60 | 3.37e-05
  61 | 3.36e-05
  62 | 3.35e-05
  63 | 3.31e-05
  64 | 3.23e-05
  65 | 3.16e-05
  66 | 3.06e-05
  67 | 2.91e-05
  68 | 2.73e-05
  69 | 2.47e-05
  70 | 2.29e-05
  71 | 2.09e-05
  72 | 1.89e-05
  73 | 1.74e-05
  74 | 1.57e-05
  75 | 1.44e-05
  76 | 1.31e-05
  77 | 1.20e-05
  78 | 1.13e-05
  79 | 1.05e-05
  80 | 9.79e-06
  81 | 9.09e-06
  82 | 8.51e-06
  83 | 7.99e-06
  84 | 7.59e-06
  85 | 7.27e-06
  86 | 7.01e-06
  87 | 6.84e-06
  88 | 6.71e-06
  89 | 6.63e-06
  90 | 6.55e-06
  91 | 6.49e-06
  92 | 6.45e-06
  93 | 6.42e-06
  94 | 6.46e-06
  95 | 6.54e-06
  96 | 6.68e-06
  97 | 6.88e-06
  98 | 7.15e-06
  99 | 7.49e-06
 100 | 7.81e-06
 101 | 8.25e-06
 102 | 8.80e-06
 103 | 9.46e-06
 104 | 1.03e-05
 105 | 1.12e-05
 106 | 1.22e-05
 107 | 1.34e-05
 108 | 1.47e-05
 109 | 1.61e-05
 110 | 1.76e-05
 111 | 1.93e-05
 112 | 2.11e-05
 113 | 2.30e-05
 114 | 2.50e-05
 115 | 2.71e-05
 116 | 2.91e-05
 117 | 3.10e-05
 118 | 3.26e-05
 119 | 3.40e-05
 120 | 3.52e-05
 121 | 3.58e-05
 122 | 3.59e-05
 123 | 3.53e-05
 124 | 3.43e-05
 125 | 3.28e-05
 126 | 3.10e-05
 127 | 2.89e-05
 128 | 2.68e-05
 129 | 2.44e-05
 130 | 2.22e-05
 131 | 2.00e-05
 132 | 1.79e-05
 133 | 1.54e-05
 134 | 1.32e-05
 135 | 1.14e-05
 136 | 9.70e-06
 137 | 8.40e-06
 138 | 7.29e-06
 139 | 6.33e-06
 140 | 5.55e-06
 141 | 4.91e-06
 142 | 4.40e-06
 143 | 3.98e-06
 144 | 3.63e-06
 145 | 3.32e-06
 146 | 3.09e-06
 147 | 2.89e-06
 148 | 2.73e-06
 149 | 2.60e-06
 150 | 2.49e-06
 151 | 2.41e-06
 152 | 2.33e-06
 153 | 2.28e-06
 154 | 2.24e-06
 155 | 2.21e-06
 156 | 2.20e-06
 157 | 2.19e-06
 158 | 2.20e-06
 159 | 2.22e-06
 160 | 2.25e-06
 161 | 2.29e-06
 162 | 2.34e-06
 163 | 2.40e-06
 164 | 2.46e-06
 165 | 2.52e-06
 166 | 2.59e-06
 167 | 2.67e-06
 168 | 2.76e-06
 169 | 2.84e-06
 170 | 2.91e-06
 171 | 2.97e-06
 172 | 2.97e-06
 173 | 2.95e-06
 174 | 2.87e-06
 175 | 2.83e-06
 176 | 2.80e-06
 177 | 2.76e-06
 178 | 2.69e-06
 179 | 2.62e-06
 180 | 2.55e-06
 181 | 2.45e-06
 182 | 2.35e-06
 183 | 2.25e-06
 184 | 2.14e-06
 185 | 2.03e-06
 186 | 1.91e-06
 187 | 1.81e-06
 188 | 1.70e-06
 189 | 1.59e-06
 190 | 1.48e-06
 191 | 1.37e-06
 192 | 1.26e-06
 193 | 1.16e-06
 194 | 1.07e-06
 195 | 9.82e-07
 196 | 9.07e-07
 197 | 8.40e-07
 198 | 7.78e-07
 199 | 7.19e-07
 200 | 6.66e-07
 201 | 6.19e-07
 202 | 5.75e-07
 203 | 5.36e-07
 204 | 4.98e-07
 205 | 4.64e-07
 206 | 4.30e-07
 207 | 3.99e-07
 208 | 3.71e-07
 209 | 3.46e-07
 210 | 3.22e-07
 211 | 3.01e-07
 212 | 2.81e-07
 213 | 2.63e-07
 214 | 2.46e-07
 215 | 2.30e-07
 216 | 2.15e-07
 217 | 2.01e-07
 218 | 1.89e-07
 219 | 1.78e-07
 220 | 1.67e-07
 221 | 1.57e-07
 222 | 1.47e-07
 223 | 1.38e-07
 224 | 1.29e-07
 225 | 1.22e-07
 226 | 1.15e-07
 227 | 1.09e-07
 228 | 1.03e-07
 229 | 9.75e-08
[2025-11-08 18:58:02] Run completed in 24.80 minutes
[2025-11-08 18:58:06] Saved NMF result to: /zata/zippy/kresgeb/nmf_stuff/dlPFC/data/batched_nmf/nmf_k70_seed42_tol1e-07.rds
[2025-11-08 18:58:06] Appended run metadata to summary.csv
[2025-11-08 18:58:06] --------------------------------------------
[2025-11-08 18:58:06] Starting run 108 / 150: k=80, seed=42, tol=1e-07
[2025-11-08 18:58:06] --------------------------------------------

iter |      tol 
---------------
   1 | 9.12e-01
   2 | 1.09e-01
   3 | 3.57e-02
   4 | 1.79e-02
   5 | 1.19e-02
   6 | 8.86e-03
   7 | 6.79e-03
   8 | 5.03e-03
   9 | 3.87e-03
  10 | 3.05e-03
  11 | 2.51e-03
  12 | 2.17e-03
  13 | 1.98e-03
  14 | 1.92e-03
  15 | 1.92e-03
  16 | 1.95e-03
  17 | 1.93e-03
  18 | 1.89e-03
  19 | 1.78e-03
  20 | 1.59e-03
  21 | 1.37e-03
  22 | 1.18e-03
  23 | 1.04e-03
  24 | 9.27e-04
  25 | 8.31e-04
  26 | 7.43e-04
  27 | 6.47e-04
  28 | 5.77e-04
  29 | 5.26e-04
  30 | 4.89e-04
  31 | 4.57e-04
  32 | 4.28e-04
  33 | 4.02e-04
  34 | 3.74e-04
  35 | 3.41e-04
  36 | 3.08e-04
  37 | 2.83e-04
  38 | 2.61e-04
  39 | 2.42e-04
  40 | 2.29e-04
  41 | 2.17e-04
  42 | 2.15e-04
  43 | 2.20e-04
  44 | 2.30e-04
  45 | 2.45e-04
  46 | 2.58e-04
  47 | 2.78e-04
  48 | 2.94e-04
  49 | 3.18e-04
  50 | 3.45e-04
  51 | 3.64e-04
  52 | 3.72e-04
  53 | 3.90e-04
  54 | 4.11e-04
  55 | 4.16e-04
  56 | 4.09e-04
  57 | 3.89e-04
  58 | 3.64e-04
  59 | 3.42e-04
  60 | 3.28e-04
  61 | 2.77e-04
  62 | 2.16e-04
  63 | 1.82e-04
  64 | 1.58e-04
  65 | 1.33e-04
  66 | 1.11e-04
  67 | 9.51e-05
  68 | 7.96e-05
  69 | 6.82e-05
  70 | 6.06e-05
  71 | 5.50e-05
  72 | 4.84e-05
  73 | 4.13e-05
  74 | 3.70e-05
  75 | 3.44e-05
  76 | 3.26e-05
  77 | 3.17e-05
  78 | 3.11e-05
  79 | 3.10e-05
  80 | 3.12e-05
  81 | 3.18e-05
  82 | 3.29e-05
  83 | 3.44e-05
  84 | 3.58e-05
  85 | 3.69e-05
  86 | 3.83e-05
  87 | 3.97e-05
  88 | 4.05e-05
  89 | 4.05e-05
  90 | 4.10e-05
  91 | 4.13e-05
  92 | 4.12e-05
  93 | 4.08e-05
  94 | 4.00e-05
  95 | 3.88e-05
  96 | 3.71e-05
  97 | 3.54e-05
  98 | 3.37e-05
  99 | 3.18e-05
 100 | 2.97e-05
 101 | 2.75e-05
 102 | 2.51e-05
 103 | 2.28e-05
 104 | 2.05e-05
 105 | 1.86e-05
 106 | 1.68e-05
 107 | 1.51e-05
 108 | 1.37e-05
 109 | 1.24e-05
 110 | 1.16e-05
 111 | 1.11e-05
 112 | 1.04e-05
 113 | 1.02e-05
 114 | 1.00e-05
 115 | 9.93e-06
 116 | 9.45e-06
 117 | 9.37e-06
 118 | 9.29e-06
 119 | 9.26e-06
 120 | 9.24e-06
 121 | 9.07e-06
 122 | 8.61e-06
 123 | 8.46e-06
 124 | 8.39e-06
 125 | 8.07e-06
 126 | 7.86e-06
 127 | 7.50e-06
 128 | 7.39e-06
 129 | 7.52e-06
 130 | 7.64e-06
 131 | 7.49e-06
 132 | 7.36e-06
 133 | 7.22e-06
 134 | 6.97e-06
 135 | 6.54e-06
 136 | 5.99e-06
 137 | 5.48e-06
 138 | 5.18e-06
 139 | 4.77e-06
 140 | 4.42e-06
 141 | 4.08e-06
 142 | 3.76e-06
 143 | 3.48e-06
 144 | 3.23e-06
 145 | 3.02e-06
 146 | 2.83e-06
 147 | 2.65e-06
 148 | 2.50e-06
 149 | 2.37e-06
 150 | 2.25e-06
 151 | 2.15e-06
 152 | 2.05e-06
 153 | 1.96e-06
 154 | 1.88e-06
 155 | 1.80e-06
 156 | 1.73e-06
 157 | 1.67e-06
 158 | 1.62e-06
 159 | 1.57e-06
 160 | 1.51e-06
 161 | 1.46e-06
 162 | 1.41e-06
 163 | 1.36e-06
 164 | 1.32e-06
 165 | 1.28e-06
 166 | 1.24e-06
 167 | 1.20e-06
 168 | 1.16e-06
 169 | 1.13e-06
 170 | 1.10e-06
 171 | 1.06e-06
 172 | 1.03e-06
 173 | 1.00e-06
 174 | 9.73e-07
 175 | 9.46e-07
 176 | 9.23e-07
 177 | 9.03e-07
 178 | 8.84e-07
 179 | 8.68e-07
 180 | 8.52e-07
 181 | 8.36e-07
 182 | 8.22e-07
 183 | 8.07e-07
 184 | 7.93e-07
 185 | 7.80e-07
 186 | 7.67e-07
 187 | 7.71e-07
 188 | 7.67e-07
 189 | 7.51e-07
 190 | 7.25e-07
 191 | 7.13e-07
 192 | 7.01e-07
 193 | 6.90e-07
 194 | 6.78e-07
 195 | 6.63e-07
 196 | 6.49e-07
 197 | 6.35e-07
 198 | 6.20e-07
 199 | 6.00e-07
 200 | 5.83e-07
 201 | 5.69e-07
 202 | 5.55e-07
 203 | 5.40e-07
 204 | 5.27e-07
 205 | 5.15e-07
 206 | 5.02e-07
 207 | 4.90e-07
 208 | 4.76e-07
 209 | 4.66e-07
 210 | 4.56e-07
 211 | 4.43e-07
 212 | 4.32e-07
 213 | 4.24e-07
 214 | 4.15e-07
 215 | 4.05e-07
 216 | 3.96e-07
 217 | 3.89e-07
 218 | 3.83e-07
 219 | 3.78e-07
 220 | 3.71e-07
 221 | 3.64e-07
 222 | 3.57e-07
 223 | 3.51e-07
 224 | 3.45e-07
 225 | 3.40e-07
 226 | 3.35e-07
 227 | 3.31e-07
 228 | 3.27e-07
 229 | 3.23e-07
 230 | 3.21e-07
 231 | 3.20e-07
 232 | 3.23e-07
 233 | 3.21e-07
 234 | 3.19e-07
 235 | 3.17e-07
 236 | 3.17e-07
 237 | 3.16e-07
 238 | 3.17e-07
 239 | 3.16e-07
 240 | 3.15e-07
 241 | 3.15e-07
 242 | 3.14e-07
 243 | 3.14e-07
 244 | 3.13e-07
 245 | 3.13e-07
 246 | 3.14e-07
 247 | 3.15e-07
 248 | 3.16e-07
 249 | 3.19e-07
 250 | 3.20e-07
 251 | 3.23e-07
 252 | 3.25e-07
 253 | 3.28e-07
 254 | 3.29e-07
 255 | 3.31e-07
 256 | 3.32e-07
 257 | 3.31e-07
 258 | 3.31e-07
 259 | 3.32e-07
 260 | 3.31e-07
 261 | 3.32e-07
 262 | 3.34e-07
 263 | 3.36e-07
 264 | 3.37e-07
 265 | 3.39e-07
 266 | 3.39e-07
 267 | 3.39e-07
 268 | 3.39e-07
 269 | 3.38e-07
 270 | 3.36e-07
 271 | 3.33e-07
 272 | 3.32e-07
 273 | 3.31e-07
 274 | 3.31e-07
 275 | 3.31e-07
 276 | 3.31e-07
 277 | 3.31e-07
 278 | 3.32e-07
 279 | 3.32e-07
 280 | 3.33e-07
 281 | 3.34e-07
 282 | 3.34e-07
 283 | 3.33e-07
 284 | 3.33e-07
 285 | 3.31e-07
 286 | 3.30e-07
 287 | 3.29e-07
 288 | 3.27e-07
 289 | 3.26e-07
 290 | 3.25e-07
 291 | 3.22e-07
 292 | 3.19e-07
 293 | 3.15e-07
 294 | 3.11e-07
 295 | 3.08e-07
 296 | 3.05e-07
 297 | 3.01e-07
 298 | 2.98e-07
 299 | 2.96e-07
 300 | 2.92e-07
 301 | 2.88e-07
 302 | 2.86e-07
 303 | 2.83e-07
 304 | 2.80e-07
 305 | 2.72e-07
 306 | 2.70e-07
 307 | 2.68e-07
 308 | 2.66e-07
 309 | 2.58e-07
 310 | 2.55e-07
 311 | 2.51e-07
 312 | 2.49e-07
 313 | 2.48e-07
 314 | 2.46e-07
 315 | 2.45e-07
 316 | 2.44e-07
 317 | 2.43e-07
 318 | 2.41e-07
 319 | 2.41e-07
 320 | 2.40e-07
 321 | 2.40e-07
 322 | 2.39e-07
 323 | 2.37e-07
 324 | 2.35e-07
 325 | 2.34e-07
 326 | 2.34e-07
 327 | 2.36e-07
 328 | 2.37e-07
 329 | 2.38e-07
 330 | 2.41e-07
 331 | 2.43e-07
 332 | 2.45e-07
 333 | 2.47e-07
 334 | 2.50e-07
 335 | 2.52e-07
 336 | 2.54e-07
 337 | 2.58e-07
 338 | 2.61e-07
 339 | 2.66e-07
 340 | 2.72e-07
 341 | 2.79e-07
 342 | 2.87e-07
 343 | 2.95e-07
 344 | 3.03e-07
 345 | 3.11e-07
 346 | 3.21e-07
 347 | 3.31e-07
 348 | 3.41e-07
 349 | 3.52e-07
 350 | 3.66e-07
 351 | 3.78e-07
 352 | 3.88e-07
 353 | 3.99e-07
 354 | 4.16e-07
 355 | 4.35e-07
 356 | 4.59e-07
 357 | 4.84e-07
 358 | 5.13e-07
 359 | 5.39e-07
 360 | 5.65e-07
 361 | 5.82e-07
 362 | 6.06e-07
 363 | 6.36e-07
 364 | 6.64e-07
 365 | 6.97e-07
 366 | 7.42e-07
 367 | 7.84e-07
 368 | 8.27e-07
 369 | 8.80e-07
 370 | 9.27e-07
 371 | 9.59e-07
 372 | 9.70e-07
 373 | 9.70e-07
 374 | 9.60e-07
 375 | 9.60e-07
 376 | 8.83e-07
 377 | 7.98e-07
 378 | 7.50e-07
 379 | 7.02e-07
 380 | 6.56e-07
 381 | 6.09e-07
 382 | 5.69e-07
 383 | 5.37e-07
 384 | 5.12e-07
 385 | 4.89e-07
 386 | 4.65e-07
 387 | 4.45e-07
 388 | 4.28e-07
 389 | 4.12e-07
 390 | 3.96e-07
 391 | 3.81e-07
 392 | 3.67e-07
 393 | 3.55e-07
 394 | 3.44e-07
 395 | 3.33e-07
 396 | 3.23e-07
 397 | 3.13e-07
 398 | 3.04e-07
 399 | 2.96e-07
 400 | 2.88e-07
 401 | 2.81e-07
 402 | 2.74e-07
 403 | 2.68e-07
 404 | 2.62e-07
 405 | 2.56e-07
 406 | 2.50e-07
 407 | 2.45e-07
 408 | 2.39e-07
 409 | 2.34e-07
 410 | 2.29e-07
 411 | 2.24e-07
 412 | 2.17e-07
 413 | 2.11e-07
 414 | 2.05e-07
 415 | 1.99e-07
 416 | 1.94e-07
 417 | 1.90e-07
 418 | 1.85e-07
 419 | 1.80e-07
 420 | 1.76e-07
 421 | 1.72e-07
 422 | 1.67e-07
 423 | 1.63e-07
 424 | 1.58e-07
 425 | 1.54e-07
 426 | 1.49e-07
 427 | 1.45e-07
 428 | 1.39e-07
 429 | 1.34e-07
 430 | 1.29e-07
 431 | 1.24e-07
 432 | 1.19e-07
 433 | 1.15e-07
 434 | 1.11e-07
 435 | 1.07e-07
 436 | 1.04e-07
 437 | 1.00e-07
 438 | 9.72e-08
[2025-11-08 19:57:49] Run completed in 59.71 minutes
[2025-11-08 19:57:54] Saved NMF result to: /zata/zippy/kresgeb/nmf_stuff/dlPFC/data/batched_nmf/nmf_k80_seed42_tol1e-07.rds
[2025-11-08 19:57:54] Appended run metadata to summary.csv
[2025-11-08 19:57:54] --------------------------------------------
[2025-11-08 19:57:54] Starting run 109 / 150: k=90, seed=42, tol=1e-07
[2025-11-08 19:57:54] --------------------------------------------

iter |      tol 
---------------
   1 | 9.15e-01
   2 | 1.02e-01
   3 | 3.65e-02
   4 | 1.97e-02
   5 | 1.29e-02
   6 | 9.46e-03
   7 | 7.21e-03
   8 | 5.70e-03
   9 | 4.71e-03
  10 | 4.06e-03
  11 | 3.65e-03
  12 | 3.28e-03
  13 | 2.73e-03
  14 | 2.14e-03
  15 | 1.73e-03
  16 | 1.50e-03
  17 | 1.38e-03
  18 | 1.32e-03
  19 | 1.32e-03
  20 | 1.32e-03
  21 | 1.32e-03
  22 | 1.32e-03
  23 | 1.34e-03
  24 | 1.37e-03
  25 | 1.42e-03
  26 | 1.47e-03
  27 | 1.51e-03
  28 | 1.50e-03
  29 | 1.40e-03
  30 | 1.26e-03
  31 | 1.02e-03
  32 | 8.06e-04
  33 | 6.14e-04
  34 | 4.92e-04
  35 | 4.04e-04
  36 | 3.49e-04
  37 | 3.36e-04
  38 | 3.39e-04
  39 | 3.63e-04
  40 | 3.92e-04
  41 | 4.03e-04
  42 | 3.92e-04
  43 | 3.56e-04
  44 | 3.21e-04
  45 | 2.87e-04
  46 | 2.51e-04
  47 | 2.35e-04
  48 | 2.03e-04
  49 | 1.83e-04
  50 | 1.71e-04
  51 | 1.65e-04
  52 | 1.64e-04
  53 | 1.67e-04
  54 | 1.69e-04
  55 | 1.75e-04
  56 | 1.85e-04
  57 | 1.92e-04
  58 | 1.87e-04
  59 | 1.85e-04
  60 | 1.81e-04
  61 | 1.78e-04
  62 | 1.81e-04
  63 | 1.88e-04
  64 | 1.97e-04
  65 | 2.06e-04
  66 | 2.10e-04
  67 | 2.28e-04
  68 | 2.47e-04
  69 | 2.68e-04
  70 | 2.81e-04
  71 | 2.92e-04
  72 | 2.93e-04
  73 | 2.85e-04
  74 | 2.66e-04
  75 | 2.35e-04
  76 | 2.08e-04
  77 | 1.79e-04
  78 | 1.40e-04
  79 | 1.22e-04
  80 | 1.06e-04
  81 | 9.78e-05
  82 | 9.33e-05
  83 | 9.15e-05
  84 | 9.02e-05
  85 | 9.02e-05
  86 | 9.07e-05
  87 | 8.61e-05
  88 | 8.07e-05
  89 | 7.53e-05
  90 | 6.95e-05
  91 | 6.27e-05
  92 | 5.77e-05
  93 | 5.27e-05
  94 | 4.75e-05
  95 | 4.24e-05
  96 | 3.84e-05
  97 | 3.36e-05
  98 | 2.90e-05
  99 | 2.55e-05
 100 | 2.24e-05
 101 | 1.97e-05
 102 | 1.57e-05
 103 | 1.37e-05
 104 | 1.28e-05
 105 | 1.24e-05
 106 | 1.22e-05
 107 | 1.18e-05
 108 | 1.16e-05
 109 | 1.14e-05
 110 | 1.10e-05
 111 | 1.10e-05
 112 | 1.11e-05
 113 | 1.13e-05
 114 | 1.12e-05
 115 | 1.09e-05
 116 | 1.07e-05
 117 | 1.06e-05
 118 | 1.04e-05
 119 | 1.02e-05
 120 | 9.93e-06
 121 | 9.82e-06
 122 | 9.58e-06
 123 | 9.38e-06
 124 | 8.73e-06
 125 | 8.50e-06
 126 | 8.32e-06
 127 | 8.12e-06
 128 | 7.99e-06
 129 | 7.86e-06
 130 | 7.77e-06
 131 | 7.74e-06
 132 | 7.67e-06
 133 | 7.63e-06
 134 | 7.67e-06
 135 | 7.55e-06
 136 | 7.39e-06
 137 | 7.28e-06
 138 | 7.11e-06
 139 | 6.95e-06
 140 | 6.62e-06
 141 | 6.53e-06
 142 | 6.44e-06
 143 | 6.47e-06
 144 | 6.51e-06
 145 | 6.63e-06
 146 | 6.66e-06
 147 | 6.90e-06
 148 | 7.14e-06
 149 | 7.09e-06
 150 | 7.38e-06
 151 | 7.96e-06
 152 | 8.64e-06
 153 | 9.62e-06
 154 | 1.06e-05
 155 | 1.09e-05
 156 | 1.15e-05
 157 | 1.30e-05
 158 | 1.45e-05
 159 | 1.69e-05
 160 | 1.99e-05
 161 | 2.36e-05
 162 | 2.68e-05
 163 | 3.05e-05
 164 | 3.22e-05
 165 | 3.41e-05
 166 | 3.69e-05
 167 | 3.73e-05
 168 | 3.83e-05
 169 | 4.03e-05
 170 | 4.15e-05
 171 | 4.23e-05
 172 | 4.33e-05
 173 | 4.36e-05
 174 | 4.19e-05
 175 | 3.78e-05
 176 | 3.44e-05
 177 | 2.90e-05
 178 | 2.48e-05
 179 | 2.09e-05
 180 | 1.67e-05
 181 | 1.12e-05
 182 | 9.13e-06
 183 | 7.53e-06
 184 | 6.26e-06
 185 | 5.25e-06
 186 | 4.29e-06
 187 | 3.58e-06
 188 | 2.97e-06
 189 | 2.55e-06
 190 | 2.17e-06
 191 | 1.86e-06
 192 | 1.64e-06
 193 | 1.45e-06
 194 | 1.27e-06
 195 | 1.10e-06
 196 | 1.00e-06
 197 | 9.32e-07
 198 | 8.70e-07
 199 | 8.14e-07
 200 | 7.62e-07
 201 | 7.17e-07
 202 | 7.18e-07
 203 | 7.20e-07
 204 | 7.02e-07
 205 | 6.83e-07
 206 | 6.87e-07
 207 | 7.11e-07
 208 | 7.34e-07
 209 | 7.62e-07
 210 | 8.09e-07
 211 | 8.69e-07
 212 | 9.42e-07
 213 | 1.02e-06
 214 | 1.10e-06
 215 | 1.17e-06
 216 | 1.26e-06
 217 | 1.38e-06
 218 | 1.50e-06
 219 | 1.64e-06
 220 | 1.75e-06
 221 | 1.89e-06
 222 | 2.06e-06
 223 | 2.22e-06
 224 | 2.39e-06
 225 | 2.56e-06
 226 | 2.71e-06
 227 | 2.76e-06
 228 | 2.88e-06
 229 | 3.09e-06
 230 | 3.30e-06
 231 | 3.56e-06
 232 | 3.78e-06
 233 | 3.98e-06
 234 | 4.18e-06
 235 | 4.29e-06
 236 | 4.29e-06
 237 | 4.18e-06
 238 | 4.13e-06
 239 | 4.09e-06
 240 | 3.97e-06
 241 | 3.89e-06
 242 | 3.77e-06
 243 | 3.58e-06
 244 | 3.38e-06
 245 | 3.21e-06
 246 | 3.03e-06
 247 | 2.86e-06
 248 | 2.68e-06
 249 | 2.54e-06
 250 | 2.38e-06
 251 | 2.22e-06
 252 | 2.12e-06
 253 | 2.00e-06
 254 | 1.89e-06
 255 | 1.71e-06
 256 | 1.60e-06
 257 | 1.53e-06
 258 | 1.46e-06
 259 | 1.35e-06
 260 | 1.28e-06
 261 | 1.24e-06
 262 | 1.19e-06
 263 | 1.12e-06
 264 | 1.07e-06
 265 | 1.03e-06
 266 | 9.85e-07
 267 | 9.43e-07
 268 | 9.05e-07
 269 | 8.66e-07
 270 | 8.30e-07
 271 | 8.63e-07
 272 | 8.33e-07
 273 | 7.95e-07
 274 | 6.26e-07
 275 | 5.60e-07
 276 | 5.34e-07
 277 | 5.15e-07
 278 | 4.99e-07
 279 | 4.83e-07
 280 | 4.62e-07
 281 | 4.49e-07
 282 | 4.40e-07
 283 | 4.35e-07
 284 | 4.31e-07
 285 | 4.26e-07
 286 | 4.19e-07
 287 | 4.11e-07
 288 | 4.07e-07
 289 | 4.03e-07
 290 | 3.99e-07
 291 | 3.97e-07
 292 | 3.95e-07
 293 | 3.89e-07
 294 | 3.86e-07
 295 | 3.83e-07
 296 | 3.78e-07
 297 | 3.74e-07
 298 | 3.71e-07
 299 | 3.70e-07
 300 | 3.68e-07
 301 | 3.65e-07
 302 | 3.64e-07
 303 | 3.64e-07
 304 | 3.63e-07
 305 | 3.64e-07
 306 | 3.65e-07
 307 | 3.67e-07
 308 | 3.67e-07
 309 | 3.65e-07
 310 | 3.66e-07
 311 | 3.67e-07
 312 | 3.65e-07
 313 | 3.65e-07
 314 | 3.67e-07
 315 | 3.69e-07
 316 | 3.72e-07
 317 | 3.74e-07
 318 | 3.74e-07
 319 | 3.73e-07
 320 | 3.73e-07
 321 | 3.73e-07
 322 | 3.74e-07
 323 | 3.76e-07
 324 | 3.77e-07
 325 | 3.79e-07
 326 | 3.81e-07
 327 | 3.85e-07
 328 | 3.88e-07
 329 | 3.91e-07
 330 | 3.92e-07
 331 | 3.96e-07
 332 | 4.00e-07
 333 | 4.04e-07
 334 | 4.07e-07
 335 | 4.11e-07
 336 | 4.16e-07
 337 | 4.20e-07
 338 | 4.24e-07
 339 | 4.22e-07
 340 | 4.22e-07
 341 | 4.21e-07
 342 | 4.21e-07
 343 | 4.24e-07
 344 | 4.28e-07
 345 | 4.32e-07
 346 | 4.35e-07
 347 | 4.38e-07
 348 | 4.39e-07
 349 | 4.40e-07
 350 | 4.38e-07
 351 | 4.38e-07
 352 | 4.29e-07
 353 | 4.18e-07
 354 | 4.09e-07
 355 | 4.03e-07
 356 | 3.96e-07
 357 | 3.89e-07
 358 | 3.83e-07
 359 | 3.77e-07
 360 | 3.70e-07
 361 | 3.64e-07
 362 | 3.58e-07
 363 | 3.52e-07
 364 | 3.46e-07
 365 | 3.40e-07
 366 | 3.34e-07
 367 | 3.27e-07
 368 | 3.21e-07
 369 | 3.13e-07
 370 | 3.08e-07
 371 | 3.03e-07
 372 | 2.98e-07
 373 | 2.93e-07
 374 | 2.89e-07
 375 | 2.83e-07
 376 | 2.76e-07
 377 | 2.73e-07
 378 | 2.69e-07
 379 | 2.67e-07
 380 | 2.65e-07
 381 | 2.64e-07
 382 | 2.62e-07
 383 | 2.61e-07
 384 | 2.58e-07
 385 | 2.54e-07
 386 | 2.51e-07
 387 | 2.49e-07
 388 | 2.48e-07
 389 | 2.47e-07
 390 | 2.47e-07
 391 | 2.47e-07
 392 | 2.47e-07
 393 | 2.45e-07
 394 | 2.47e-07
 395 | 2.48e-07
 396 | 2.50e-07
 397 | 2.52e-07
 398 | 2.55e-07
 399 | 2.59e-07
 400 | 2.62e-07
 401 | 2.65e-07
 402 | 2.66e-07
 403 | 2.69e-07
 404 | 2.72e-07
 405 | 2.70e-07
 406 | 2.73e-07
 407 | 2.75e-07
 408 | 2.76e-07
 409 | 2.79e-07
 410 | 2.82e-07
 411 | 2.75e-07
 412 | 2.52e-07
 413 | 2.49e-07
 414 | 2.47e-07
 415 | 2.45e-07
 416 | 2.42e-07
 417 | 2.40e-07
 418 | 2.38e-07
 419 | 2.37e-07
 420 | 2.36e-07
 421 | 2.35e-07
 422 | 2.33e-07
 423 | 2.31e-07
 424 | 2.28e-07
 425 | 2.25e-07
 426 | 2.22e-07
 427 | 2.20e-07
 428 | 2.17e-07
 429 | 2.14e-07
 430 | 2.12e-07
 431 | 2.09e-07
 432 | 2.06e-07
 433 | 2.03e-07
 434 | 2.01e-07
 435 | 1.98e-07
 436 | 1.95e-07
 437 | 1.93e-07
 438 | 1.91e-07
 439 | 1.88e-07
 440 | 1.85e-07
 441 | 1.83e-07
 442 | 1.81e-07
 443 | 1.78e-07
 444 | 1.76e-07
 445 | 1.74e-07
 446 | 1.72e-07
 447 | 1.68e-07
 448 | 1.64e-07
 449 | 1.61e-07
 450 | 1.57e-07
 451 | 1.54e-07
 452 | 1.51e-07
 453 | 1.48e-07
 454 | 1.44e-07
 455 | 1.35e-07
 456 | 1.30e-07
 457 | 1.26e-07
 458 | 1.22e-07
 459 | 1.19e-07
 460 | 1.15e-07
 461 | 1.11e-07
 462 | 1.07e-07
 463 | 1.04e-07
 464 | 1.01e-07
 465 | 9.83e-08
[2025-11-08 21:05:59] Run completed in 68.09 minutes
[2025-11-08 21:06:05] Saved NMF result to: /zata/zippy/kresgeb/nmf_stuff/dlPFC/data/batched_nmf/nmf_k90_seed42_tol1e-07.rds
[2025-11-08 21:06:05] Appended run metadata to summary.csv
[2025-11-08 21:06:05] --------------------------------------------
[2025-11-08 21:06:05] Starting run 110 / 150: k=100, seed=42, tol=1e-07
[2025-11-08 21:06:05] --------------------------------------------

iter |      tol 
---------------
   1 | 9.09e-01
   2 | 1.03e-01
   3 | 3.71e-02
   4 | 1.97e-02
   5 | 1.28e-02
   6 | 9.06e-03
   7 | 6.90e-03
   8 | 5.63e-03
   9 | 4.82e-03
  10 | 4.27e-03
  11 | 3.85e-03
  12 | 3.56e-03
  13 | 3.39e-03
  14 | 3.28e-03
  15 | 3.15e-03
  16 | 3.02e-03
  17 | 2.90e-03
  18 | 2.74e-03
  19 | 2.55e-03
  20 | 2.25e-03
  21 | 1.83e-03
  22 | 1.50e-03
  23 | 1.23e-03
  24 | 9.79e-04
  25 | 8.20e-04
  26 | 6.94e-04
  27 | 5.97e-04
  28 | 5.30e-04
  29 | 4.71e-04
  30 | 4.47e-04
  31 | 4.22e-04
  32 | 3.98e-04
  33 | 3.84e-04
  34 | 3.72e-04
  35 | 3.66e-04
  36 | 3.54e-04
  37 | 3.31e-04
  38 | 3.12e-04
  39 | 2.99e-04
  40 | 2.95e-04
  41 | 3.02e-04
  42 | 3.21e-04
  43 | 3.56e-04
  44 | 3.86e-04
  45 | 4.38e-04
  46 | 5.04e-04
  47 | 5.57e-04
  48 | 5.27e-04
  49 | 4.94e-04
  50 | 4.86e-04
  51 | 4.51e-04
  52 | 4.21e-04
  53 | 3.94e-04
  54 | 3.66e-04
  55 | 3.37e-04
  56 | 3.05e-04
  57 | 2.54e-04
  58 | 2.25e-04
  59 | 2.27e-04
  60 | 2.28e-04
  61 | 2.33e-04
  62 | 2.22e-04
  63 | 2.01e-04
  64 | 1.86e-04
  65 | 1.68e-04
  66 | 1.50e-04
  67 | 1.39e-04
  68 | 1.25e-04
  69 | 1.11e-04
  70 | 1.01e-04
  71 | 9.48e-05
  72 | 9.03e-05
  73 | 8.88e-05
  74 | 8.85e-05
  75 | 9.10e-05
  76 | 9.80e-05
  77 | 1.06e-04
  78 | 1.15e-04
  79 | 1.28e-04
  80 | 1.38e-04
  81 | 1.46e-04
  82 | 1.45e-04
  83 | 1.38e-04
  84 | 1.22e-04
  85 | 1.04e-04
  86 | 8.61e-05
  87 | 6.93e-05
  88 | 5.46e-05
  89 | 4.32e-05
  90 | 3.53e-05
  91 | 2.96e-05
  92 | 2.51e-05
  93 | 2.26e-05
  94 | 2.11e-05
  95 | 2.09e-05
  96 | 2.12e-05
  97 | 2.07e-05
  98 | 2.12e-05
  99 | 2.21e-05
 100 | 2.35e-05
 101 | 2.52e-05
 102 | 2.67e-05
 103 | 2.70e-05
 104 | 2.82e-05
 105 | 2.96e-05
 106 | 3.09e-05
 107 | 3.23e-05
 108 | 3.38e-05
 109 | 3.52e-05
 110 | 3.61e-05
 111 | 3.73e-05
 112 | 3.83e-05
 113 | 3.96e-05
 114 | 4.05e-05
 115 | 4.09e-05
 116 | 4.14e-05
 117 | 4.19e-05
 118 | 4.20e-05
 119 | 4.19e-05
 120 | 4.01e-05
 121 | 3.75e-05
 122 | 3.46e-05
 123 | 3.28e-05
 124 | 3.08e-05
 125 | 2.88e-05
 126 | 2.72e-05
 127 | 2.55e-05
 128 | 2.39e-05
 129 | 2.24e-05
 130 | 2.11e-05
 131 | 1.99e-05
 132 | 1.91e-05
 133 | 1.84e-05
 134 | 1.80e-05
 135 | 1.79e-05
 136 | 1.74e-05
 137 | 1.67e-05
 138 | 1.67e-05
 139 | 1.70e-05
 140 | 1.56e-05
 141 | 1.55e-05
 142 | 1.56e-05
 143 | 1.58e-05
 144 | 1.62e-05
 145 | 1.63e-05
 146 | 1.62e-05
 147 | 1.62e-05
 148 | 1.56e-05
 149 | 1.53e-05
 150 | 1.54e-05
 151 | 1.57e-05
 152 | 1.63e-05
 153 | 1.67e-05
 154 | 1.74e-05
 155 | 1.83e-05
 156 | 1.90e-05
 157 | 1.99e-05
 158 | 2.12e-05
 159 | 2.24e-05
 160 | 2.28e-05
 161 | 2.37e-05
 162 | 2.35e-05
 163 | 2.36e-05
 164 | 2.45e-05
 165 | 2.53e-05
 166 | 2.60e-05
 167 | 2.68e-05
 168 | 2.75e-05
 169 | 2.72e-05
 170 | 2.70e-05
 171 | 2.70e-05
 172 | 2.67e-05
 173 | 2.60e-05
 174 | 2.37e-05
 175 | 2.13e-05
 176 | 1.97e-05
 177 | 1.84e-05
 178 | 1.73e-05
 179 | 1.64e-05
 180 | 1.55e-05
 181 | 1.46e-05
 182 | 1.30e-05
 183 | 1.19e-05
 184 | 1.13e-05
 185 | 1.00e-05
 186 | 9.19e-06
 187 | 8.77e-06
 188 | 8.38e-06
 189 | 8.31e-06
 190 | 8.50e-06
 191 | 8.96e-06
 192 | 9.68e-06
 193 | 1.06e-05
 194 | 1.16e-05
 195 | 1.22e-05
 196 | 1.40e-05
 197 | 1.62e-05
 198 | 1.89e-05
 199 | 2.21e-05
 200 | 2.61e-05
 201 | 3.09e-05
 202 | 3.58e-05
 203 | 4.00e-05
 204 | 4.24e-05
 205 | 4.34e-05
 206 | 4.29e-05
 207 | 4.04e-05
 208 | 3.67e-05
 209 | 3.18e-05
 210 | 2.58e-05
 211 | 2.06e-05
 212 | 1.59e-05
 213 | 1.23e-05
 214 | 9.34e-06
 215 | 6.91e-06
 216 | 5.19e-06
 217 | 4.04e-06
 218 | 3.32e-06
 219 | 2.80e-06
 220 | 2.43e-06
 221 | 2.21e-06
 222 | 2.07e-06
 223 | 2.00e-06
 224 | 1.96e-06
 225 | 1.80e-06
 226 | 1.64e-06
 227 | 1.53e-06
 228 | 1.45e-06
 229 | 1.37e-06
 230 | 1.34e-06
 231 | 1.30e-06
 232 | 1.28e-06
 233 | 1.26e-06
 234 | 1.23e-06
 235 | 1.22e-06
 236 | 1.20e-06
 237 | 1.18e-06
 238 | 1.17e-06
 239 | 1.17e-06
 240 | 1.17e-06
 241 | 1.16e-06
 242 | 1.15e-06
 243 | 1.12e-06
 244 | 1.11e-06
 245 | 1.06e-06
 246 | 8.84e-07
 247 | 8.57e-07
 248 | 8.44e-07
 249 | 8.42e-07
 250 | 8.41e-07
 251 | 8.44e-07
 252 | 8.26e-07
 253 | 7.88e-07
 254 | 7.38e-07
 255 | 7.13e-07
 256 | 6.99e-07
 257 | 6.93e-07
 258 | 6.93e-07
 259 | 6.90e-07
 260 | 6.85e-07
 261 | 6.89e-07
 262 | 6.95e-07
 263 | 6.86e-07
 264 | 6.83e-07
 265 | 6.00e-07
 266 | 5.92e-07
 267 | 5.82e-07
 268 | 5.78e-07
 269 | 5.70e-07
 270 | 5.41e-07
 271 | 5.22e-07
 272 | 5.16e-07
 273 | 5.12e-07
 274 | 5.07e-07
 275 | 5.00e-07
 276 | 4.93e-07
 277 | 4.92e-07
 278 | 4.94e-07
 279 | 4.91e-07
 280 | 4.88e-07
 281 | 4.91e-07
 282 | 4.95e-07
 283 | 4.94e-07
 284 | 4.93e-07
 285 | 4.94e-07
 286 | 5.00e-07
 287 | 5.04e-07
 288 | 5.10e-07
 289 | 5.17e-07
 290 | 5.26e-07
 291 | 5.37e-07
 292 | 5.47e-07
 293 | 5.60e-07
 294 | 5.66e-07
 295 | 5.75e-07
 296 | 5.82e-07
 297 | 5.93e-07
 298 | 6.06e-07
 299 | 6.19e-07
 300 | 6.28e-07
 301 | 6.39e-07
 302 | 6.53e-07
 303 | 6.60e-07
 304 | 6.70e-07
 305 | 6.79e-07
 306 | 6.89e-07
 307 | 7.02e-07
 308 | 7.18e-07
 309 | 7.32e-07
 310 | 7.49e-07
 311 | 7.69e-07
 312 | 7.83e-07
 313 | 7.88e-07
 314 | 8.11e-07
 315 | 8.32e-07
 316 | 8.51e-07
 317 | 8.73e-07
 318 | 9.00e-07
 319 | 9.28e-07
 320 | 9.58e-07
 321 | 9.90e-07
 322 | 1.03e-06
 323 | 1.06e-06
 324 | 1.10e-06
 325 | 1.12e-06
 326 | 9.09e-07
 327 | 8.61e-07
 328 | 8.37e-07
 329 | 8.22e-07
 330 | 8.12e-07
 331 | 8.06e-07
 332 | 8.01e-07
 333 | 7.84e-07
 334 | 7.41e-07
 335 | 7.37e-07
 336 | 7.33e-07
 337 | 7.30e-07
 338 | 7.29e-07
 339 | 7.26e-07
 340 | 7.22e-07
 341 | 7.11e-07
 342 | 7.11e-07
 343 | 7.13e-07
 344 | 7.07e-07
 345 | 7.08e-07
 346 | 7.08e-07
 347 | 7.09e-07
 348 | 7.09e-07
 349 | 6.96e-07
 350 | 6.93e-07
 351 | 6.92e-07
 352 | 6.95e-07
 353 | 6.98e-07
 354 | 7.02e-07
 355 | 7.06e-07
 356 | 7.09e-07
 357 | 7.12e-07
 358 | 7.09e-07
 359 | 6.95e-07
 360 | 6.94e-07
 361 | 6.96e-07
 362 | 7.02e-07
 363 | 7.10e-07
 364 | 7.15e-07
 365 | 7.20e-07
 366 | 7.28e-07
 367 | 7.36e-07
 368 | 7.45e-07
 369 | 7.49e-07
 370 | 7.43e-07
 371 | 7.47e-07
 372 | 7.54e-07
 373 | 7.36e-07
 374 | 7.33e-07
 375 | 7.29e-07
 376 | 7.30e-07
 377 | 7.05e-07
 378 | 6.66e-07
 379 | 6.36e-07
 380 | 6.10e-07
 381 | 5.92e-07
 382 | 5.83e-07
 383 | 5.79e-07
 384 | 5.76e-07
 385 | 5.72e-07
 386 | 5.69e-07
 387 | 5.63e-07
 388 | 5.42e-07
 389 | 5.35e-07
 390 | 5.36e-07
 391 | 5.31e-07
 392 | 5.19e-07
 393 | 5.15e-07
 394 | 5.14e-07
 395 | 4.91e-07
 396 | 4.60e-07
 397 | 4.54e-07
 398 | 4.50e-07
 399 | 4.43e-07
 400 | 4.38e-07
 401 | 4.30e-07
 402 | 4.23e-07
 403 | 4.19e-07
 404 | 4.15e-07
 405 | 4.09e-07
 406 | 4.01e-07
 407 | 3.77e-07
 408 | 3.70e-07
 409 | 3.54e-07
 410 | 3.48e-07
 411 | 3.43e-07
 412 | 3.39e-07
 413 | 3.31e-07
 414 | 3.26e-07
 415 | 3.17e-07
 416 | 3.11e-07
 417 | 3.09e-07
 418 | 3.07e-07
 419 | 3.06e-07
 420 | 3.05e-07
 421 | 3.03e-07
 422 | 3.01e-07
 423 | 3.00e-07
 424 | 2.98e-07
 425 | 2.97e-07
 426 | 2.99e-07
 427 | 2.99e-07
 428 | 2.97e-07
 429 | 2.91e-07
 430 | 2.85e-07
 431 | 2.79e-07
 432 | 2.35e-07
 433 | 2.25e-07
 434 | 2.17e-07
 435 | 2.11e-07
 436 | 2.03e-07
 437 | 1.96e-07
 438 | 1.88e-07
 439 | 1.81e-07
 440 | 1.75e-07
 441 | 1.69e-07
 442 | 1.64e-07
 443 | 1.59e-07
 444 | 1.54e-07
 445 | 1.50e-07
 446 | 1.45e-07
 447 | 1.39e-07
 448 | 1.35e-07
 449 | 1.31e-07
 450 | 1.27e-07
 451 | 1.23e-07
 452 | 1.15e-07
 453 | 1.08e-07
 454 | 1.03e-07
 455 | 9.86e-08
[2025-11-08 22:25:16] Run completed in 79.18 minutes
[2025-11-08 22:25:22] Saved NMF result to: /zata/zippy/kresgeb/nmf_stuff/dlPFC/data/batched_nmf/nmf_k100_seed42_tol1e-07.rds
[2025-11-08 22:25:22] Appended run metadata to summary.csv
[2025-11-08 22:25:22] --------------------------------------------
[2025-11-08 22:25:22] Starting run 111 / 150: k=10, seed=1029, tol=1e-07
[2025-11-08 22:25:22] --------------------------------------------

iter |      tol 
---------------
   1 | 9.32e-01
   2 | 1.21e-01
   3 | 3.21e-02
   4 | 1.77e-02
   5 | 1.31e-02
   6 | 8.11e-03
   7 | 6.12e-03
   8 | 6.31e-03
   9 | 7.46e-03
  10 | 6.60e-03
  11 | 3.85e-03
  12 | 2.02e-03
  13 | 1.36e-03
  14 | 1.03e-03
  15 | 8.14e-04
  16 | 6.41e-04
  17 | 5.12e-04
  18 | 4.17e-04
  19 | 3.60e-04
  20 | 3.44e-04
  21 | 3.24e-04
  22 | 2.78e-04
  23 | 2.19e-04
  24 | 1.63e-04
  25 | 1.17e-04
  26 | 8.26e-05
  27 | 5.72e-05
  28 | 3.86e-05
  29 | 2.57e-05
  30 | 1.70e-05
  31 | 1.10e-05
  32 | 6.95e-06
  33 | 4.29e-06
  34 | 2.55e-06
  35 | 1.49e-06
  36 | 8.83e-07
  37 | 5.61e-07
  38 | 3.90e-07
  39 | 2.92e-07
  40 | 2.31e-07
  41 | 1.90e-07
  42 | 1.59e-07
  43 | 1.36e-07
  44 | 1.16e-07
  45 | 1.00e-07
  46 | 8.65e-08
[2025-11-08 22:27:44] Run completed in 2.36 minutes
[2025-11-08 22:27:45] Saved NMF result to: /zata/zippy/kresgeb/nmf_stuff/dlPFC/data/batched_nmf/nmf_k10_seed1029_tol1e-07.rds
[2025-11-08 22:27:45] Appended run metadata to summary.csv
[2025-11-08 22:27:45] --------------------------------------------
[2025-11-08 22:27:45] Starting run 112 / 150: k=20, seed=1029, tol=1e-07
[2025-11-08 22:27:45] --------------------------------------------

iter |      tol 
---------------
   1 | 9.28e-01
   2 | 1.26e-01
   3 | 2.50e-02
   4 | 1.10e-02
   5 | 6.54e-03
   6 | 4.18e-03
   7 | 2.86e-03
   8 | 2.13e-03
   9 | 1.71e-03
  10 | 1.46e-03
  11 | 1.27e-03
  12 | 1.11e-03
  13 | 9.72e-04
  14 | 8.99e-04
  15 | 8.90e-04
  16 | 9.09e-04
  17 | 9.09e-04
  18 | 8.55e-04
  19 | 7.49e-04
  20 | 6.26e-04
  21 | 5.11e-04
  22 | 4.07e-04
  23 | 3.25e-04
  24 | 2.66e-04
  25 | 2.22e-04
  26 | 1.90e-04
  27 | 1.64e-04
  28 | 1.43e-04
  29 | 1.27e-04
  30 | 1.14e-04
  31 | 1.03e-04
  32 | 9.29e-05
  33 | 8.55e-05
  34 | 7.88e-05
  35 | 7.44e-05
  36 | 7.10e-05
  37 | 6.92e-05
  38 | 6.80e-05
  39 | 6.74e-05
  40 | 6.73e-05
  41 | 6.68e-05
  42 | 6.75e-05
  43 | 6.74e-05
  44 | 6.63e-05
  45 | 6.57e-05
  46 | 6.56e-05
  47 | 6.55e-05
  48 | 6.61e-05
  49 | 6.75e-05
  50 | 6.98e-05
  51 | 7.23e-05
  52 | 7.56e-05
  53 | 7.94e-05
  54 | 8.36e-05
  55 | 8.75e-05
  56 | 9.13e-05
  57 | 9.36e-05
  58 | 9.40e-05
  59 | 9.35e-05
  60 | 9.35e-05
  61 | 9.36e-05
  62 | 9.43e-05
  63 | 9.64e-05
  64 | 9.89e-05
  65 | 1.01e-04
  66 | 1.01e-04
  67 | 9.85e-05
  68 | 9.49e-05
  69 | 8.93e-05
  70 | 8.31e-05
  71 | 7.65e-05
  72 | 7.04e-05
  73 | 6.47e-05
  74 | 5.98e-05
  75 | 5.53e-05
  76 | 5.14e-05
  77 | 4.78e-05
  78 | 4.49e-05
  79 | 4.26e-05
  80 | 4.05e-05
  81 | 3.85e-05
  82 | 3.65e-05
  83 | 3.45e-05
  84 | 3.25e-05
  85 | 3.07e-05
  86 | 2.90e-05
  87 | 2.74e-05
  88 | 2.59e-05
  89 | 2.45e-05
  90 | 2.32e-05
  91 | 2.18e-05
  92 | 2.05e-05
  93 | 1.92e-05
  94 | 1.79e-05
  95 | 1.68e-05
  96 | 1.57e-05
  97 | 1.47e-05
  98 | 1.37e-05
  99 | 1.28e-05
 100 | 1.20e-05
 101 | 1.14e-05
 102 | 1.07e-05
 103 | 1.02e-05
 104 | 9.62e-06
 105 | 9.12e-06
 106 | 8.67e-06
 107 | 8.24e-06
 108 | 7.83e-06
 109 | 7.45e-06
 110 | 7.10e-06
 111 | 6.76e-06
 112 | 6.45e-06
 113 | 6.16e-06
 114 | 5.88e-06
 115 | 5.61e-06
 116 | 5.38e-06
 117 | 5.16e-06
 118 | 4.96e-06
 119 | 4.77e-06
 120 | 4.59e-06
 121 | 4.42e-06
 122 | 4.25e-06
 123 | 4.09e-06
 124 | 3.92e-06
 125 | 3.76e-06
 126 | 3.61e-06
 127 | 3.47e-06
 128 | 3.34e-06
 129 | 3.20e-06
 130 | 3.06e-06
 131 | 2.93e-06
 132 | 2.80e-06
 133 | 2.67e-06
 134 | 2.54e-06
 135 | 2.42e-06
 136 | 2.31e-06
 137 | 2.19e-06
 138 | 2.08e-06
 139 | 1.98e-06
 140 | 1.88e-06
 141 | 1.79e-06
 142 | 1.70e-06
 143 | 1.62e-06
 144 | 1.54e-06
 145 | 1.46e-06
 146 | 1.39e-06
 147 | 1.32e-06
 148 | 1.26e-06
 149 | 1.19e-06
 150 | 1.14e-06
 151 | 1.08e-06
 152 | 1.03e-06
 153 | 9.85e-07
 154 | 9.41e-07
 155 | 9.00e-07
 156 | 8.61e-07
 157 | 8.26e-07
 158 | 7.88e-07
 159 | 7.53e-07
 160 | 7.21e-07
 161 | 6.91e-07
 162 | 6.64e-07
 163 | 6.40e-07
 164 | 6.17e-07
 165 | 5.97e-07
 166 | 5.78e-07
 167 | 5.62e-07
 168 | 5.48e-07
 169 | 5.36e-07
 170 | 5.26e-07
 171 | 5.18e-07
 172 | 5.13e-07
 173 | 5.10e-07
 174 | 5.10e-07
 175 | 5.12e-07
 176 | 5.15e-07
 177 | 5.20e-07
 178 | 5.27e-07
 179 | 5.37e-07
 180 | 5.50e-07
 181 | 5.66e-07
 182 | 5.86e-07
 183 | 6.09e-07
 184 | 6.37e-07
 185 | 6.68e-07
 186 | 6.97e-07
 187 | 7.30e-07
 188 | 7.64e-07
 189 | 8.01e-07
 190 | 8.40e-07
 191 | 8.69e-07
 192 | 9.03e-07
 193 | 9.34e-07
 194 | 9.69e-07
 195 | 1.01e-06
 196 | 1.05e-06
 197 | 1.09e-06
 198 | 1.14e-06
 199 | 1.18e-06
 200 | 1.22e-06
 201 | 1.27e-06
 202 | 1.32e-06
 203 | 1.38e-06
 204 | 1.44e-06
 205 | 1.49e-06
 206 | 1.54e-06
 207 | 1.60e-06
 208 | 1.66e-06
 209 | 1.74e-06
 210 | 1.83e-06
 211 | 1.92e-06
 212 | 1.99e-06
 213 | 2.06e-06
 214 | 2.13e-06
 215 | 2.21e-06
 216 | 2.30e-06
 217 | 2.40e-06
 218 | 2.51e-06
 219 | 2.61e-06
 220 | 2.72e-06
 221 | 2.83e-06
 222 | 2.94e-06
 223 | 3.07e-06
 224 | 3.21e-06
 225 | 3.34e-06
 226 | 3.46e-06
 227 | 3.58e-06
 228 | 3.70e-06
 229 | 3.80e-06
 230 | 3.90e-06
 231 | 4.00e-06
 232 | 4.08e-06
 233 | 4.15e-06
 234 | 4.22e-06
 235 | 4.26e-06
 236 | 4.27e-06
 237 | 4.26e-06
 238 | 4.25e-06
 239 | 4.22e-06
 240 | 4.18e-06
 241 | 4.11e-06
 242 | 4.03e-06
 243 | 3.93e-06
 244 | 3.84e-06
 245 | 3.75e-06
 246 | 3.65e-06
 247 | 3.57e-06
 248 | 3.47e-06
 249 | 3.38e-06
 250 | 3.30e-06
 251 | 3.23e-06
 252 | 3.16e-06
 253 | 3.11e-06
 254 | 3.06e-06
 255 | 3.02e-06
 256 | 2.99e-06
 257 | 2.97e-06
 258 | 2.96e-06
 259 | 2.96e-06
 260 | 2.97e-06
 261 | 2.99e-06
 262 | 3.01e-06
 263 | 3.05e-06
 264 | 3.09e-06
 265 | 3.14e-06
 266 | 3.20e-06
 267 | 3.25e-06
 268 | 3.31e-06
 269 | 3.37e-06
 270 | 3.43e-06
 271 | 3.49e-06
 272 | 3.54e-06
 273 | 3.59e-06
 274 | 3.63e-06
 275 | 3.66e-06
 276 | 3.68e-06
 277 | 3.70e-06
 278 | 3.70e-06
 279 | 3.69e-06
 280 | 3.68e-06
 281 | 3.65e-06
 282 | 3.60e-06
 283 | 3.55e-06
 284 | 3.50e-06
 285 | 3.45e-06
 286 | 3.38e-06
 287 | 3.30e-06
 288 | 3.22e-06
 289 | 3.13e-06
 290 | 3.04e-06
 291 | 2.96e-06
 292 | 2.87e-06
 293 | 2.79e-06
 294 | 2.70e-06
 295 | 2.62e-06
 296 | 2.55e-06
 297 | 2.47e-06
 298 | 2.40e-06
 299 | 2.33e-06
 300 | 2.27e-06
 301 | 2.20e-06
 302 | 2.13e-06
 303 | 2.07e-06
 304 | 2.01e-06
 305 | 1.95e-06
 306 | 1.90e-06
 307 | 1.85e-06
 308 | 1.80e-06
 309 | 1.75e-06
 310 | 1.71e-06
 311 | 1.67e-06
 312 | 1.63e-06
 313 | 1.60e-06
 314 | 1.57e-06
 315 | 1.53e-06
 316 | 1.49e-06
 317 | 1.46e-06
 318 | 1.42e-06
 319 | 1.39e-06
 320 | 1.36e-06
 321 | 1.32e-06
 322 | 1.29e-06
 323 | 1.26e-06
 324 | 1.23e-06
 325 | 1.21e-06
 326 | 1.18e-06
 327 | 1.15e-06
 328 | 1.12e-06
 329 | 1.10e-06
 330 | 1.07e-06
 331 | 1.04e-06
 332 | 1.01e-06
 333 | 9.89e-07
 334 | 9.66e-07
 335 | 9.44e-07
 336 | 9.23e-07
 337 | 9.02e-07
 338 | 8.83e-07
 339 | 8.66e-07
 340 | 8.51e-07
 341 | 8.36e-07
 342 | 8.22e-07
 343 | 8.09e-07
 344 | 7.97e-07
 345 | 7.86e-07
 346 | 7.75e-07
 347 | 7.67e-07
 348 | 7.59e-07
 349 | 7.52e-07
 350 | 7.46e-07
 351 | 7.40e-07
 352 | 7.34e-07
 353 | 7.30e-07
 354 | 7.26e-07
 355 | 7.23e-07
 356 | 7.21e-07
 357 | 7.19e-07
 358 | 7.18e-07
 359 | 7.18e-07
 360 | 7.18e-07
 361 | 7.19e-07
 362 | 7.20e-07
 363 | 7.22e-07
 364 | 7.24e-07
 365 | 7.26e-07
 366 | 7.29e-07
 367 | 7.34e-07
 368 | 7.41e-07
 369 | 7.48e-07
 370 | 7.56e-07
 371 | 7.65e-07
 372 | 7.73e-07
 373 | 7.83e-07
 374 | 7.94e-07
 375 | 8.04e-07
 376 | 8.16e-07
 377 | 8.28e-07
 378 | 8.41e-07
 379 | 8.55e-07
 380 | 8.69e-07
 381 | 8.84e-07
 382 | 8.99e-07
 383 | 9.13e-07
 384 | 9.27e-07
 385 | 9.42e-07
 386 | 9.58e-07
 387 | 9.73e-07
 388 | 9.88e-07
 389 | 1.00e-06
 390 | 1.02e-06
 391 | 1.03e-06
 392 | 1.05e-06
 393 | 1.07e-06
 394 | 1.08e-06
 395 | 1.10e-06
 396 | 1.12e-06
 397 | 1.14e-06
 398 | 1.16e-06
 399 | 1.17e-06
 400 | 1.19e-06
 401 | 1.21e-06
 402 | 1.23e-06
 403 | 1.25e-06
 404 | 1.27e-06
 405 | 1.29e-06
 406 | 1.31e-06
 407 | 1.33e-06
 408 | 1.35e-06
 409 | 1.37e-06
 410 | 1.38e-06
 411 | 1.40e-06
 412 | 1.41e-06
 413 | 1.43e-06
 414 | 1.45e-06
 415 | 1.47e-06
 416 | 1.49e-06
 417 | 1.50e-06
 418 | 1.52e-06
 419 | 1.54e-06
 420 | 1.55e-06
 421 | 1.57e-06
 422 | 1.58e-06
 423 | 1.60e-06
 424 | 1.61e-06
 425 | 1.63e-06
 426 | 1.64e-06
 427 | 1.65e-06
 428 | 1.66e-06
 429 | 1.67e-06
 430 | 1.68e-06
 431 | 1.68e-06
 432 | 1.69e-06
 433 | 1.70e-06
 434 | 1.70e-06
 435 | 1.71e-06
 436 | 1.71e-06
 437 | 1.72e-06
 438 | 1.72e-06
 439 | 1.73e-06
 440 | 1.73e-06
 441 | 1.73e-06
 442 | 1.73e-06
 443 | 1.73e-06
 444 | 1.73e-06
 445 | 1.73e-06
 446 | 1.73e-06
 447 | 1.72e-06
 448 | 1.72e-06
 449 | 1.71e-06
 450 | 1.71e-06
 451 | 1.70e-06
 452 | 1.70e-06
 453 | 1.69e-06
 454 | 1.69e-06
 455 | 1.69e-06
 456 | 1.69e-06
 457 | 1.69e-06
 458 | 1.68e-06
 459 | 1.68e-06
 460 | 1.67e-06
 461 | 1.67e-06
 462 | 1.66e-06
 463 | 1.65e-06
 464 | 1.64e-06
 465 | 1.63e-06
 466 | 1.62e-06
 467 | 1.62e-06
 468 | 1.61e-06
 469 | 1.60e-06
 470 | 1.58e-06
 471 | 1.57e-06
 472 | 1.56e-06
 473 | 1.55e-06
 474 | 1.53e-06
 475 | 1.52e-06
 476 | 1.50e-06
 477 | 1.49e-06
 478 | 1.47e-06
 479 | 1.45e-06
 480 | 1.43e-06
 481 | 1.42e-06
 482 | 1.40e-06
 483 | 1.38e-06
 484 | 1.36e-06
 485 | 1.34e-06
 486 | 1.32e-06
 487 | 1.30e-06
 488 | 1.29e-06
 489 | 1.27e-06
 490 | 1.25e-06
 491 | 1.24e-06
 492 | 1.22e-06
 493 | 1.21e-06
 494 | 1.20e-06
 495 | 1.18e-06
 496 | 1.17e-06
 497 | 1.16e-06
 498 | 1.15e-06
 499 | 1.13e-06
 500 | 1.12e-06
 501 | 1.10e-06
 502 | 1.09e-06
 503 | 1.07e-06
 504 | 1.05e-06
 505 | 1.04e-06
 506 | 1.02e-06
 507 | 1.01e-06
 508 | 9.91e-07
 509 | 9.76e-07
 510 | 9.60e-07
 511 | 9.45e-07
 512 | 9.30e-07
 513 | 9.14e-07
 514 | 8.98e-07
 515 | 8.84e-07
 516 | 8.71e-07
 517 | 8.56e-07
 518 | 8.41e-07
 519 | 8.26e-07
 520 | 8.11e-07
 521 | 7.97e-07
 522 | 7.84e-07
 523 | 7.72e-07
 524 | 7.59e-07
 525 | 7.47e-07
 526 | 7.34e-07
 527 | 7.22e-07
 528 | 7.11e-07
 529 | 7.01e-07
 530 | 6.93e-07
 531 | 6.84e-07
 532 | 6.76e-07
 533 | 6.68e-07
 534 | 6.60e-07
 535 | 6.51e-07
 536 | 6.42e-07
 537 | 6.33e-07
 538 | 6.24e-07
 539 | 6.16e-07
 540 | 6.07e-07
 541 | 5.99e-07
 542 | 5.91e-07
 543 | 5.83e-07
 544 | 5.76e-07
 545 | 5.68e-07
 546 | 5.61e-07
 547 | 5.54e-07
 548 | 5.45e-07
 549 | 5.38e-07
 550 | 5.32e-07
 551 | 5.25e-07
 552 | 5.18e-07
 553 | 5.11e-07
 554 | 5.03e-07
 555 | 4.95e-07
 556 | 4.87e-07
 557 | 4.79e-07
 558 | 4.72e-07
 559 | 4.64e-07
 560 | 4.56e-07
 561 | 4.49e-07
 562 | 4.41e-07
 563 | 4.32e-07
 564 | 4.25e-07
 565 | 4.17e-07
 566 | 4.09e-07
 567 | 4.00e-07
 568 | 3.91e-07
 569 | 3.81e-07
 570 | 3.71e-07
 571 | 3.60e-07
 572 | 3.50e-07
 573 | 3.41e-07
 574 | 3.31e-07
 575 | 3.23e-07
 576 | 3.14e-07
 577 | 3.05e-07
 578 | 2.97e-07
 579 | 2.88e-07
 580 | 2.79e-07
 581 | 2.71e-07
 582 | 2.63e-07
 583 | 2.55e-07
 584 | 2.47e-07
 585 | 2.39e-07
 586 | 2.32e-07
 587 | 2.24e-07
 588 | 2.17e-07
 589 | 2.10e-07
 590 | 2.04e-07
 591 | 1.98e-07
 592 | 1.92e-07
 593 | 1.86e-07
 594 | 1.81e-07
 595 | 1.76e-07
 596 | 1.71e-07
 597 | 1.67e-07
 598 | 1.62e-07
 599 | 1.58e-07
 600 | 1.55e-07
 601 | 1.51e-07
 602 | 1.47e-07
 603 | 1.44e-07
 604 | 1.40e-07
 605 | 1.37e-07
 606 | 1.34e-07
 607 | 1.32e-07
 608 | 1.29e-07
 609 | 1.27e-07
 610 | 1.25e-07
 611 | 1.23e-07
 612 | 1.21e-07
 613 | 1.20e-07
 614 | 1.19e-07
 615 | 1.19e-07
 616 | 1.18e-07
 617 | 1.17e-07
 618 | 1.17e-07
 619 | 1.17e-07
 620 | 1.16e-07
 621 | 1.16e-07
 622 | 1.16e-07
 623 | 1.16e-07
 624 | 1.16e-07
 625 | 1.16e-07
 626 | 1.16e-07
 627 | 1.16e-07
 628 | 1.16e-07
 629 | 1.17e-07
 630 | 1.17e-07
 631 | 1.17e-07
 632 | 1.17e-07
 633 | 1.17e-07
 634 | 1.17e-07
 635 | 1.18e-07
 636 | 1.18e-07
 637 | 1.18e-07
 638 | 1.19e-07
 639 | 1.19e-07
 640 | 1.20e-07
 641 | 1.21e-07
 642 | 1.23e-07
 643 | 1.24e-07
 644 | 1.25e-07
 645 | 1.27e-07
 646 | 1.28e-07
 647 | 1.30e-07
 648 | 1.32e-07
 649 | 1.34e-07
 650 | 1.36e-07
 651 | 1.38e-07
 652 | 1.40e-07
 653 | 1.43e-07
 654 | 1.45e-07
 655 | 1.48e-07
 656 | 1.50e-07
 657 | 1.53e-07
 658 | 1.56e-07
 659 | 1.59e-07
 660 | 1.61e-07
 661 | 1.64e-07
 662 | 1.67e-07
 663 | 1.69e-07
 664 | 1.71e-07
 665 | 1.73e-07
 666 | 1.76e-07
 667 | 1.79e-07
 668 | 1.81e-07
 669 | 1.84e-07
 670 | 1.87e-07
 671 | 1.90e-07
 672 | 1.93e-07
 673 | 1.96e-07
 674 | 1.99e-07
 675 | 2.02e-07
 676 | 2.06e-07
 677 | 2.09e-07
 678 | 2.13e-07
 679 | 2.17e-07
 680 | 2.21e-07
 681 | 2.25e-07
 682 | 2.29e-07
 683 | 2.34e-07
 684 | 2.39e-07
 685 | 2.43e-07
 686 | 2.48e-07
 687 | 2.53e-07
 688 | 2.59e-07
 689 | 2.64e-07
 690 | 2.70e-07
 691 | 2.76e-07
 692 | 2.82e-07
 693 | 2.87e-07
 694 | 2.92e-07
 695 | 2.96e-07
 696 | 3.00e-07
 697 | 3.04e-07
 698 | 3.07e-07
 699 | 3.09e-07
 700 | 3.11e-07
 701 | 3.13e-07
 702 | 3.14e-07
 703 | 3.15e-07
 704 | 3.17e-07
 705 | 3.19e-07
 706 | 3.22e-07
 707 | 3.25e-07
 708 | 3.28e-07
 709 | 3.30e-07
 710 | 3.32e-07
 711 | 3.33e-07
 712 | 3.34e-07
 713 | 3.34e-07
 714 | 3.34e-07
 715 | 3.33e-07
 716 | 3.32e-07
 717 | 3.30e-07
 718 | 3.30e-07
 719 | 3.29e-07
 720 | 3.27e-07
 721 | 3.25e-07
 722 | 3.23e-07
 723 | 3.20e-07
 724 | 3.17e-07
 725 | 3.13e-07
 726 | 3.09e-07
 727 | 3.04e-07
 728 | 2.99e-07
 729 | 2.93e-07
 730 | 2.87e-07
 731 | 2.81e-07
 732 | 2.74e-07
 733 | 2.67e-07
 734 | 2.60e-07
 735 | 2.52e-07
 736 | 2.44e-07
 737 | 2.36e-07
 738 | 2.29e-07
 739 | 2.21e-07
 740 | 2.14e-07
 741 | 2.06e-07
 742 | 1.99e-07
 743 | 1.91e-07
 744 | 1.84e-07
 745 | 1.76e-07
 746 | 1.69e-07
 747 | 1.62e-07
 748 | 1.56e-07
 749 | 1.50e-07
 750 | 1.44e-07
 751 | 1.38e-07
 752 | 1.33e-07
 753 | 1.27e-07
 754 | 1.22e-07
 755 | 1.16e-07
 756 | 1.11e-07
 757 | 1.06e-07
 758 | 1.01e-07
 759 | 9.62e-08
[2025-11-08 22:45:35] Run completed in 17.84 minutes
[2025-11-08 22:45:37] Saved NMF result to: /zata/zippy/kresgeb/nmf_stuff/dlPFC/data/batched_nmf/nmf_k20_seed1029_tol1e-07.rds
[2025-11-08 22:45:37] Appended run metadata to summary.csv
[2025-11-08 22:45:37] --------------------------------------------
[2025-11-08 22:45:37] Starting run 113 / 150: k=30, seed=1029, tol=1e-07
[2025-11-08 22:45:37] --------------------------------------------

iter |      tol 
---------------
   1 | 9.22e-01
   2 | 1.12e-01
   3 | 3.56e-02
   4 | 1.74e-02
   5 | 9.82e-03
   6 | 6.25e-03
   7 | 4.46e-03
   8 | 3.49e-03
   9 | 2.83e-03
  10 | 2.38e-03
  11 | 2.09e-03
  12 | 1.88e-03
  13 | 1.73e-03
  14 | 1.61e-03
  15 | 1.53e-03
  16 | 1.47e-03
  17 | 1.41e-03
  18 | 1.31e-03
  19 | 1.16e-03
  20 | 9.66e-04
  21 | 7.65e-04
  22 | 5.86e-04
  23 | 4.47e-04
  24 | 3.48e-04
  25 | 2.77e-04
  26 | 2.26e-04
  27 | 1.86e-04
  28 | 1.57e-04
  29 | 1.33e-04
  30 | 1.12e-04
  31 | 9.14e-05
  32 | 7.44e-05
  33 | 6.08e-05
  34 | 5.00e-05
  35 | 4.17e-05
  36 | 3.58e-05
  37 | 3.17e-05
  38 | 2.86e-05
  39 | 2.62e-05
  40 | 2.40e-05
  41 | 2.22e-05
  42 | 2.05e-05
  43 | 1.92e-05
  44 | 1.79e-05
  45 | 1.69e-05
  46 | 1.60e-05
  47 | 1.52e-05
  48 | 1.46e-05
  49 | 1.40e-05
  50 | 1.34e-05
  51 | 1.28e-05
  52 | 1.21e-05
  53 | 1.14e-05
  54 | 1.08e-05
  55 | 1.02e-05
  56 | 9.63e-06
  57 | 9.09e-06
  58 | 8.56e-06
  59 | 8.07e-06
  60 | 7.56e-06
  61 | 7.04e-06
  62 | 6.58e-06
  63 | 6.19e-06
  64 | 5.81e-06
  65 | 5.46e-06
  66 | 5.14e-06
  67 | 4.84e-06
  68 | 4.57e-06
  69 | 4.33e-06
  70 | 4.11e-06
  71 | 3.92e-06
  72 | 3.75e-06
  73 | 3.60e-06
  74 | 3.46e-06
  75 | 3.35e-06
  76 | 3.23e-06
  77 | 3.13e-06
  78 | 3.03e-06
  79 | 2.94e-06
  80 | 2.87e-06
  81 | 2.82e-06
  82 | 2.77e-06
  83 | 2.74e-06
  84 | 2.70e-06
  85 | 2.68e-06
  86 | 2.67e-06
  87 | 2.66e-06
  88 | 2.65e-06
  89 | 2.64e-06
  90 | 2.64e-06
  91 | 2.64e-06
  92 | 2.65e-06
  93 | 2.66e-06
  94 | 2.68e-06
  95 | 2.69e-06
  96 | 2.71e-06
  97 | 2.72e-06
  98 | 2.73e-06
  99 | 2.74e-06
 100 | 2.74e-06
 101 | 2.75e-06
 102 | 2.76e-06
 103 | 2.76e-06
 104 | 2.76e-06
 105 | 2.76e-06
 106 | 2.75e-06
 107 | 2.74e-06
 108 | 2.72e-06
 109 | 2.70e-06
 110 | 2.68e-06
 111 | 2.65e-06
 112 | 2.62e-06
 113 | 2.59e-06
 114 | 2.55e-06
 115 | 2.53e-06
 116 | 2.50e-06
 117 | 2.48e-06
 118 | 2.47e-06
 119 | 2.48e-06
 120 | 2.49e-06
 121 | 2.51e-06
 122 | 2.53e-06
 123 | 2.54e-06
 124 | 2.54e-06
 125 | 2.52e-06
 126 | 2.50e-06
 127 | 2.46e-06
 128 | 2.42e-06
 129 | 2.39e-06
 130 | 2.36e-06
 131 | 2.35e-06
 132 | 2.34e-06
 133 | 2.33e-06
 134 | 2.33e-06
 135 | 2.31e-06
 136 | 2.31e-06
 137 | 2.30e-06
 138 | 2.30e-06
 139 | 2.29e-06
 140 | 2.27e-06
 141 | 2.26e-06
 142 | 2.27e-06
 143 | 2.27e-06
 144 | 2.27e-06
 145 | 2.25e-06
 146 | 2.37e-06
 147 | 2.54e-06
 148 | 2.75e-06
 149 | 2.79e-06
 150 | 2.80e-06
 151 | 2.67e-06
 152 | 2.53e-06
 153 | 2.44e-06
 154 | 2.29e-06
 155 | 2.14e-06
 156 | 2.03e-06
 157 | 1.92e-06
 158 | 1.82e-06
 159 | 1.73e-06
 160 | 1.64e-06
 161 | 1.54e-06
 162 | 1.46e-06
 163 | 1.39e-06
 164 | 1.32e-06
 165 | 1.26e-06
 166 | 1.20e-06
 167 | 1.16e-06
 168 | 1.12e-06
 169 | 1.07e-06
 170 | 1.03e-06
 171 | 9.97e-07
 172 | 9.62e-07
 173 | 9.31e-07
 174 | 9.00e-07
 175 | 8.70e-07
 176 | 8.40e-07
 177 | 8.16e-07
 178 | 7.93e-07
 179 | 7.72e-07
 180 | 7.53e-07
 181 | 7.44e-07
 182 | 7.36e-07
 183 | 7.27e-07
 184 | 7.16e-07
 185 | 7.06e-07
 186 | 6.94e-07
 187 | 6.84e-07
 188 | 6.81e-07
 189 | 6.77e-07
 190 | 6.70e-07
 191 | 6.63e-07
 192 | 6.55e-07
 193 | 6.47e-07
 194 | 6.39e-07
 195 | 6.31e-07
 196 | 6.25e-07
 197 | 6.15e-07
 198 | 6.05e-07
 199 | 5.98e-07
 200 | 5.91e-07
 201 | 5.80e-07
 202 | 5.70e-07
 203 | 5.60e-07
 204 | 5.50e-07
 205 | 5.42e-07
 206 | 5.35e-07
 207 | 5.29e-07
 208 | 5.24e-07
 209 | 5.17e-07
 210 | 5.09e-07
 211 | 5.02e-07
 212 | 4.96e-07
 213 | 4.90e-07
 214 | 4.85e-07
 215 | 4.80e-07
 216 | 4.75e-07
 217 | 4.70e-07
 218 | 4.63e-07
 219 | 4.57e-07
 220 | 4.49e-07
 221 | 4.43e-07
 222 | 4.35e-07
 223 | 4.27e-07
 224 | 4.20e-07
 225 | 4.14e-07
 226 | 4.08e-07
 227 | 4.02e-07
 228 | 3.98e-07
 229 | 3.94e-07
 230 | 3.91e-07
 231 | 3.88e-07
 232 | 3.86e-07
 233 | 3.83e-07
 234 | 3.79e-07
 235 | 3.75e-07
 236 | 3.71e-07
 237 | 3.67e-07
 238 | 3.63e-07
 239 | 3.60e-07
 240 | 3.57e-07
 241 | 3.55e-07
 242 | 3.54e-07
 243 | 3.52e-07
 244 | 3.50e-07
 245 | 3.48e-07
 246 | 3.44e-07
 247 | 3.42e-07
 248 | 3.38e-07
 249 | 3.34e-07
 250 | 3.31e-07
 251 | 3.28e-07
 252 | 3.24e-07
 253 | 3.20e-07
 254 | 3.17e-07
 255 | 3.13e-07
 256 | 3.09e-07
 257 | 3.04e-07
 258 | 2.99e-07
 259 | 2.94e-07
 260 | 2.90e-07
 261 | 2.86e-07
 262 | 2.83e-07
 263 | 2.78e-07
 264 | 2.73e-07
 265 | 2.68e-07
 266 | 2.64e-07
 267 | 2.60e-07
 268 | 2.56e-07
 269 | 2.53e-07
 270 | 2.50e-07
 271 | 2.47e-07
 272 | 2.45e-07
 273 | 2.42e-07
 274 | 2.39e-07
 275 | 2.37e-07
 276 | 2.34e-07
 277 | 2.32e-07
 278 | 2.30e-07
 279 | 2.28e-07
 280 | 2.26e-07
 281 | 2.25e-07
 282 | 2.23e-07
 283 | 2.21e-07
 284 | 2.19e-07
 285 | 2.17e-07
 286 | 2.15e-07
 287 | 2.13e-07
 288 | 2.12e-07
 289 | 2.11e-07
 290 | 2.09e-07
 291 | 2.08e-07
 292 | 2.08e-07
 293 | 2.09e-07
 294 | 2.07e-07
 295 | 2.06e-07
 296 | 2.04e-07
 297 | 2.02e-07
 298 | 2.01e-07
 299 | 1.99e-07
 300 | 1.98e-07
 301 | 1.96e-07
 302 | 1.93e-07
 303 | 1.91e-07
 304 | 1.88e-07
 305 | 1.86e-07
 306 | 1.83e-07
 307 | 1.81e-07
 308 | 1.79e-07
 309 | 1.76e-07
 310 | 1.75e-07
 311 | 1.73e-07
 312 | 1.72e-07
 313 | 1.71e-07
 314 | 1.71e-07
 315 | 1.70e-07
 316 | 1.69e-07
 317 | 1.68e-07
 318 | 1.67e-07
 319 | 1.66e-07
 320 | 1.65e-07
 321 | 1.64e-07
 322 | 1.64e-07
 323 | 1.64e-07
 324 | 1.63e-07
 325 | 1.63e-07
 326 | 1.62e-07
 327 | 1.61e-07
 328 | 1.60e-07
 329 | 1.59e-07
 330 | 1.58e-07
 331 | 1.57e-07
 332 | 1.56e-07
 333 | 1.55e-07
 334 | 1.54e-07
 335 | 1.54e-07
 336 | 1.52e-07
 337 | 1.51e-07
 338 | 1.50e-07
 339 | 1.48e-07
 340 | 1.47e-07
 341 | 1.45e-07
 342 | 1.44e-07
 343 | 1.43e-07
 344 | 1.42e-07
 345 | 1.40e-07
 346 | 1.39e-07
 347 | 1.38e-07
 348 | 1.36e-07
 349 | 1.35e-07
 350 | 1.34e-07
 351 | 1.33e-07
 352 | 1.32e-07
 353 | 1.31e-07
 354 | 1.30e-07
 355 | 1.29e-07
 356 | 1.29e-07
 357 | 1.28e-07
 358 | 1.27e-07
 359 | 1.27e-07
 360 | 1.26e-07
 361 | 1.25e-07
 362 | 1.25e-07
 363 | 1.25e-07
 364 | 1.24e-07
 365 | 1.23e-07
 366 | 1.22e-07
 367 | 1.21e-07
 368 | 1.21e-07
 369 | 1.20e-07
 370 | 1.20e-07
 371 | 1.19e-07
 372 | 1.18e-07
 373 | 1.18e-07
 374 | 1.17e-07
 375 | 1.17e-07
 376 | 1.16e-07
 377 | 1.16e-07
 378 | 1.16e-07
 379 | 1.16e-07
 380 | 1.15e-07
 381 | 1.15e-07
 382 | 1.15e-07
 383 | 1.15e-07
 384 | 1.14e-07
 385 | 1.14e-07
 386 | 1.14e-07
 387 | 1.14e-07
 388 | 1.14e-07
 389 | 1.14e-07
 390 | 1.14e-07
 391 | 1.15e-07
 392 | 1.17e-07
 393 | 1.18e-07
 394 | 1.19e-07
 395 | 1.20e-07
 396 | 1.21e-07
 397 | 1.22e-07
 398 | 1.23e-07
 399 | 1.24e-07
 400 | 1.26e-07
 401 | 1.27e-07
 402 | 1.29e-07
 403 | 1.31e-07
 404 | 1.32e-07
 405 | 1.34e-07
 406 | 1.36e-07
 407 | 1.37e-07
 408 | 1.39e-07
 409 | 1.40e-07
 410 | 1.41e-07
 411 | 1.42e-07
 412 | 1.42e-07
 413 | 1.43e-07
 414 | 1.44e-07
 415 | 1.44e-07
 416 | 1.45e-07
 417 | 1.45e-07
 418 | 1.46e-07
 419 | 1.46e-07
 420 | 1.46e-07
 421 | 1.47e-07
 422 | 1.47e-07
 423 | 1.48e-07
 424 | 1.48e-07
 425 | 1.49e-07
 426 | 1.49e-07
 427 | 1.49e-07
 428 | 1.49e-07
 429 | 1.49e-07
 430 | 1.50e-07
 431 | 1.50e-07
 432 | 1.50e-07
 433 | 1.51e-07
 434 | 1.52e-07
 435 | 1.53e-07
 436 | 1.54e-07
 437 | 1.56e-07
 438 | 1.57e-07
 439 | 1.58e-07
 440 | 1.60e-07
 441 | 1.61e-07
 442 | 1.63e-07
 443 | 1.65e-07
 444 | 1.66e-07
 445 | 1.68e-07
 446 | 1.69e-07
 447 | 1.71e-07
 448 | 1.72e-07
 449 | 1.74e-07
 450 | 1.76e-07
 451 | 1.78e-07
 452 | 1.81e-07
 453 | 1.83e-07
 454 | 1.85e-07
 455 | 1.88e-07
 456 | 1.90e-07
 457 | 1.93e-07
 458 | 1.95e-07
 459 | 1.96e-07
 460 | 1.99e-07
 461 | 2.02e-07
 462 | 2.05e-07
 463 | 2.07e-07
 464 | 2.10e-07
 465 | 2.14e-07
 466 | 2.19e-07
 467 | 2.23e-07
 468 | 2.26e-07
 469 | 2.30e-07
 470 | 2.33e-07
 471 | 2.36e-07
 472 | 2.40e-07
 473 | 2.43e-07
 474 | 2.46e-07
 475 | 2.50e-07
 476 | 2.54e-07
 477 | 2.57e-07
 478 | 2.61e-07
 479 | 2.64e-07
 480 | 2.68e-07
 481 | 2.73e-07
 482 | 2.78e-07
 483 | 2.83e-07
 484 | 2.89e-07
 485 | 2.95e-07
 486 | 3.02e-07
 487 | 3.09e-07
 488 | 3.15e-07
 489 | 3.21e-07
 490 | 3.28e-07
 491 | 3.35e-07
 492 | 3.42e-07
 493 | 3.50e-07
 494 | 3.57e-07
 495 | 3.65e-07
 496 | 3.73e-07
 497 | 3.81e-07
 498 | 3.91e-07
 499 | 4.01e-07
 500 | 4.12e-07
 501 | 4.23e-07
 502 | 4.33e-07
 503 | 4.43e-07
 504 | 4.54e-07
 505 | 4.66e-07
 506 | 4.81e-07
 507 | 4.98e-07
 508 | 5.16e-07
 509 | 5.36e-07
 510 | 5.56e-07
 511 | 5.79e-07
 512 | 6.01e-07
 513 | 6.25e-07
 514 | 6.51e-07
 515 | 6.76e-07
 516 | 7.02e-07
 517 | 7.24e-07
 518 | 7.47e-07
 519 | 7.70e-07
 520 | 7.95e-07
 521 | 8.21e-07
 522 | 8.49e-07
 523 | 8.79e-07
 524 | 9.11e-07
 525 | 9.44e-07
 526 | 9.77e-07
 527 | 1.01e-06
 528 | 1.04e-06
 529 | 1.08e-06
 530 | 1.11e-06
 531 | 1.15e-06
 532 | 1.19e-06
 533 | 1.24e-06
 534 | 1.29e-06
 535 | 1.34e-06
 536 | 1.40e-06
 537 | 1.46e-06
 538 | 1.52e-06
 539 | 1.59e-06
 540 | 1.66e-06
 541 | 1.74e-06
 542 | 1.82e-06
 543 | 1.91e-06
 544 | 2.00e-06
 545 | 2.09e-06
 546 | 2.15e-06
 547 | 2.23e-06
 548 | 2.29e-06
 549 | 2.36e-06
 550 | 2.44e-06
 551 | 2.53e-06
 552 | 2.61e-06
 553 | 2.70e-06
 554 | 2.78e-06
 555 | 2.87e-06
 556 | 2.95e-06
 557 | 3.03e-06
 558 | 3.12e-06
 559 | 3.22e-06
 560 | 3.32e-06
 561 | 3.41e-06
 562 | 3.50e-06
 563 | 3.59e-06
 564 | 3.67e-06
 565 | 3.75e-06
 566 | 3.80e-06
 567 | 3.86e-06
 568 | 3.91e-06
 569 | 3.96e-06
 570 | 3.98e-06
 571 | 4.01e-06
 572 | 4.02e-06
 573 | 4.01e-06
 574 | 3.99e-06
 575 | 3.96e-06
 576 | 3.94e-06
 577 | 3.92e-06
 578 | 3.86e-06
 579 | 3.79e-06
 580 | 3.72e-06
 581 | 3.62e-06
 582 | 3.51e-06
 583 | 3.39e-06
 584 | 3.27e-06
 585 | 3.14e-06
 586 | 3.00e-06
 587 | 2.87e-06
 588 | 2.75e-06
 589 | 2.63e-06
 590 | 2.50e-06
 591 | 2.37e-06
 592 | 2.25e-06
 593 | 2.14e-06
 594 | 2.03e-06
 595 | 1.92e-06
 596 | 1.82e-06
 597 | 1.72e-06
 598 | 1.63e-06
 599 | 1.53e-06
 600 | 1.44e-06
 601 | 1.35e-06
 602 | 1.26e-06
 603 | 1.18e-06
 604 | 1.09e-06
 605 | 1.02e-06
 606 | 9.41e-07
 607 | 8.72e-07
 608 | 8.11e-07
 609 | 7.56e-07
 610 | 7.05e-07
 611 | 6.56e-07
 612 | 6.09e-07
 613 | 5.66e-07
 614 | 5.25e-07
 615 | 4.88e-07
 616 | 4.53e-07
 617 | 4.20e-07
 618 | 3.89e-07
 619 | 3.61e-07
 620 | 3.35e-07
 621 | 3.12e-07
 622 | 2.91e-07
 623 | 2.71e-07
 624 | 2.52e-07
 625 | 2.34e-07
 626 | 2.18e-07
 627 | 2.03e-07
 628 | 1.90e-07
 629 | 1.78e-07
 630 | 1.67e-07
 631 | 1.57e-07
 632 | 1.48e-07
 633 | 1.39e-07
 634 | 1.31e-07
 635 | 1.24e-07
 636 | 1.17e-07
 637 | 1.10e-07
 638 | 1.04e-07
 639 | 9.85e-08
[2025-11-08 23:09:48] Run completed in 24.18 minutes
[2025-11-08 23:09:50] Saved NMF result to: /zata/zippy/kresgeb/nmf_stuff/dlPFC/data/batched_nmf/nmf_k30_seed1029_tol1e-07.rds
[2025-11-08 23:09:50] Appended run metadata to summary.csv
[2025-11-08 23:09:50] --------------------------------------------
[2025-11-08 23:09:50] Starting run 114 / 150: k=40, seed=1029, tol=1e-07
[2025-11-08 23:09:50] --------------------------------------------

iter |      tol 
---------------
   1 | 9.20e-01
   2 | 1.13e-01
   3 | 3.79e-02
   4 | 2.03e-02
   5 | 1.22e-02
   6 | 7.84e-03
   7 | 5.71e-03
   8 | 4.62e-03
   9 | 3.90e-03
  10 | 3.29e-03
  11 | 2.79e-03
  12 | 2.30e-03
  13 | 1.86e-03
  14 | 1.45e-03
  15 | 1.09e-03
  16 | 8.21e-04
  17 | 6.50e-04
  18 | 5.31e-04
  19 | 4.44e-04
  20 | 3.77e-04
  21 | 3.25e-04
  22 | 2.89e-04
  23 | 2.62e-04
  24 | 2.47e-04
  25 | 2.42e-04
  26 | 2.44e-04
  27 | 2.51e-04
  28 | 2.59e-04
  29 | 2.63e-04
  30 | 2.60e-04
  31 | 2.44e-04
  32 | 2.24e-04
  33 | 2.04e-04
  34 | 1.86e-04
  35 | 1.70e-04
  36 | 1.56e-04
  37 | 1.43e-04
  38 | 1.31e-04
  39 | 1.22e-04
  40 | 1.14e-04
  41 | 1.07e-04
  42 | 1.01e-04
  43 | 9.59e-05
  44 | 9.11e-05
  45 | 8.62e-05
  46 | 8.17e-05
  47 | 7.82e-05
  48 | 7.50e-05
  49 | 7.22e-05
  50 | 6.94e-05
  51 | 6.59e-05
  52 | 6.23e-05
  53 | 5.83e-05
  54 | 5.42e-05
  55 | 5.04e-05
  56 | 4.64e-05
  57 | 4.23e-05
  58 | 3.83e-05
  59 | 3.38e-05
  60 | 2.78e-05
  61 | 2.26e-05
  62 | 1.84e-05
  63 | 1.58e-05
  64 | 1.39e-05
  65 | 1.25e-05
  66 | 1.14e-05
  67 | 1.06e-05
  68 | 9.97e-06
  69 | 9.52e-06
  70 | 9.21e-06
  71 | 9.02e-06
  72 | 8.86e-06
  73 | 8.67e-06
  74 | 8.65e-06
  75 | 8.71e-06
  76 | 8.77e-06
  77 | 8.87e-06
  78 | 9.00e-06
  79 | 9.16e-06
  80 | 9.33e-06
  81 | 9.48e-06
  82 | 9.58e-06
  83 | 9.64e-06
  84 | 9.61e-06
  85 | 9.49e-06
  86 | 9.32e-06
  87 | 9.15e-06
  88 | 8.78e-06
  89 | 8.59e-06
  90 | 8.44e-06
  91 | 8.17e-06
  92 | 7.80e-06
  93 | 7.74e-06
  94 | 7.57e-06
  95 | 7.51e-06
  96 | 7.53e-06
  97 | 7.58e-06
  98 | 7.72e-06
  99 | 7.90e-06
 100 | 7.94e-06
 101 | 8.00e-06
 102 | 8.11e-06
 103 | 7.92e-06
 104 | 7.68e-06
 105 | 7.64e-06
 106 | 7.71e-06
 107 | 7.77e-06
 108 | 7.71e-06
 109 | 7.66e-06
 110 | 7.60e-06
 111 | 7.56e-06
 112 | 7.30e-06
 113 | 7.00e-06
 114 | 6.73e-06
 115 | 6.43e-06
 116 | 6.17e-06
 117 | 6.02e-06
 118 | 5.76e-06
 119 | 5.50e-06
 120 | 5.22e-06
 121 | 4.98e-06
 122 | 4.81e-06
 123 | 4.73e-06
 124 | 4.64e-06
 125 | 4.58e-06
 126 | 4.58e-06
 127 | 4.56e-06
 128 | 4.55e-06
 129 | 4.53e-06
 130 | 4.53e-06
 131 | 4.48e-06
 132 | 4.42e-06
 133 | 4.33e-06
 134 | 4.25e-06
 135 | 4.19e-06
 136 | 4.11e-06
 137 | 3.96e-06
 138 | 3.80e-06
 139 | 3.65e-06
 140 | 3.52e-06
 141 | 3.38e-06
 142 | 3.17e-06
 143 | 3.01e-06
 144 | 2.83e-06
 145 | 2.66e-06
 146 | 2.48e-06
 147 | 2.33e-06
 148 | 2.19e-06
 149 | 2.03e-06
 150 | 1.88e-06
 151 | 1.75e-06
 152 | 1.61e-06
 153 | 1.47e-06
 154 | 1.34e-06
 155 | 1.22e-06
 156 | 1.11e-06
 157 | 1.02e-06
 158 | 9.43e-07
 159 | 8.65e-07
 160 | 7.93e-07
 161 | 7.22e-07
 162 | 6.62e-07
 163 | 6.03e-07
 164 | 5.54e-07
 165 | 5.08e-07
 166 | 4.66e-07
 167 | 4.24e-07
 168 | 3.88e-07
 169 | 3.56e-07
 170 | 3.26e-07
 171 | 2.98e-07
 172 | 2.74e-07
 173 | 2.51e-07
 174 | 2.31e-07
 175 | 2.13e-07
 176 | 1.96e-07
 177 | 1.80e-07
 178 | 1.66e-07
 179 | 1.53e-07
 180 | 1.41e-07
 181 | 1.28e-07
 182 | 1.18e-07
 183 | 1.09e-07
 184 | 1.01e-07
 185 | 9.39e-08
[2025-11-08 23:20:36] Run completed in 10.78 minutes
[2025-11-08 23:20:40] Saved NMF result to: /zata/zippy/kresgeb/nmf_stuff/dlPFC/data/batched_nmf/nmf_k40_seed1029_tol1e-07.rds
[2025-11-08 23:20:40] Appended run metadata to summary.csv
[2025-11-08 23:20:40] --------------------------------------------
[2025-11-08 23:20:40] Starting run 115 / 150: k=50, seed=1029, tol=1e-07
[2025-11-08 23:20:40] --------------------------------------------

iter |      tol 
---------------
   1 | 9.18e-01
   2 | 1.12e-01
   3 | 3.47e-02
   4 | 1.85e-02
   5 | 1.12e-02
   6 | 7.41e-03
   7 | 5.33e-03
   8 | 4.13e-03
   9 | 3.26e-03
  10 | 2.69e-03
  11 | 2.28e-03
  12 | 1.96e-03
  13 | 1.72e-03
  14 | 1.51e-03
  15 | 1.30e-03
  16 | 1.11e-03
  17 | 9.64e-04
  18 | 8.54e-04
  19 | 7.74e-04
  20 | 7.27e-04
  21 | 6.98e-04
  22 | 6.75e-04
  23 | 6.55e-04
  24 | 6.31e-04
  25 | 5.95e-04
  26 | 5.42e-04
  27 | 4.74e-04
  28 | 3.95e-04
  29 | 3.10e-04
  30 | 2.37e-04
  31 | 1.80e-04
  32 | 1.41e-04
  33 | 1.16e-04
  34 | 9.64e-05
  35 | 8.21e-05
  36 | 7.10e-05
  37 | 6.29e-05
  38 | 5.69e-05
  39 | 5.20e-05
  40 | 4.82e-05
  41 | 4.53e-05
  42 | 4.31e-05
  43 | 4.18e-05
  44 | 4.11e-05
  45 | 4.08e-05
  46 | 4.06e-05
  47 | 4.09e-05
  48 | 4.15e-05
  49 | 4.19e-05
  50 | 4.23e-05
  51 | 4.20e-05
  52 | 4.18e-05
  53 | 4.16e-05
  54 | 4.12e-05
  55 | 4.08e-05
  56 | 4.04e-05
  57 | 3.94e-05
  58 | 3.85e-05
  59 | 3.77e-05
  60 | 3.68e-05
  61 | 3.63e-05
  62 | 3.62e-05
  63 | 3.63e-05
  64 | 3.65e-05
  65 | 3.73e-05
  66 | 3.82e-05
  67 | 3.92e-05
  68 | 4.08e-05
  69 | 4.24e-05
  70 | 4.30e-05
  71 | 4.26e-05
  72 | 4.17e-05
  73 | 4.06e-05
  74 | 3.89e-05
  75 | 3.70e-05
  76 | 3.48e-05
  77 | 3.23e-05
  78 | 2.98e-05
  79 | 2.71e-05
  80 | 2.43e-05
  81 | 2.18e-05
  82 | 1.92e-05
  83 | 1.68e-05
  84 | 1.48e-05
  85 | 1.30e-05
  86 | 1.15e-05
  87 | 1.02e-05
  88 | 9.10e-06
  89 | 8.14e-06
  90 | 7.32e-06
  91 | 6.61e-06
  92 | 5.96e-06
  93 | 5.43e-06
  94 | 4.99e-06
  95 | 4.61e-06
  96 | 4.29e-06
  97 | 4.01e-06
  98 | 3.76e-06
  99 | 3.55e-06
 100 | 3.36e-06
 101 | 3.20e-06
 102 | 3.06e-06
 103 | 2.94e-06
 104 | 2.83e-06
 105 | 2.74e-06
 106 | 2.65e-06
 107 | 2.58e-06
 108 | 2.51e-06
 109 | 2.46e-06
 110 | 2.41e-06
 111 | 2.36e-06
 112 | 2.32e-06
 113 | 2.29e-06
 114 | 2.26e-06
 115 | 2.24e-06
 116 | 2.24e-06
 117 | 2.24e-06
 118 | 2.25e-06
 119 | 2.27e-06
 120 | 2.29e-06
 121 | 2.31e-06
 122 | 2.35e-06
 123 | 2.39e-06
 124 | 2.43e-06
 125 | 2.49e-06
 126 | 2.56e-06
 127 | 2.65e-06
 128 | 2.74e-06
 129 | 2.85e-06
 130 | 2.96e-06
 131 | 3.08e-06
 132 | 3.22e-06
 133 | 3.37e-06
 134 | 3.53e-06
 135 | 3.70e-06
 136 | 3.90e-06
 137 | 4.11e-06
 138 | 4.32e-06
 139 | 4.52e-06
 140 | 4.68e-06
 141 | 4.88e-06
 142 | 5.07e-06
 143 | 5.28e-06
 144 | 5.51e-06
 145 | 5.76e-06
 146 | 6.01e-06
 147 | 6.27e-06
 148 | 6.53e-06
 149 | 6.79e-06
 150 | 7.04e-06
 151 | 7.30e-06
 152 | 7.50e-06
 153 | 7.68e-06
 154 | 7.87e-06
 155 | 8.01e-06
 156 | 8.14e-06
 157 | 8.24e-06
 158 | 8.31e-06
 159 | 8.23e-06
 160 | 8.13e-06
 161 | 8.06e-06
 162 | 7.91e-06
 163 | 7.68e-06
 164 | 7.44e-06
 165 | 7.16e-06
 166 | 6.92e-06
 167 | 6.63e-06
 168 | 6.35e-06
 169 | 6.06e-06
 170 | 5.77e-06
 171 | 5.49e-06
 172 | 5.19e-06
 173 | 4.91e-06
 174 | 4.66e-06
 175 | 4.44e-06
 176 | 4.17e-06
 177 | 3.89e-06
 178 | 3.65e-06
 179 | 3.40e-06
 180 | 3.21e-06
 181 | 2.97e-06
 182 | 2.83e-06
 183 | 2.70e-06
 184 | 2.58e-06
 185 | 2.48e-06
 186 | 2.40e-06
 187 | 2.34e-06
 188 | 2.27e-06
 189 | 2.19e-06
 190 | 2.14e-06
 191 | 2.11e-06
 192 | 2.08e-06
 193 | 2.03e-06
 194 | 2.01e-06
 195 | 1.96e-06
 196 | 1.93e-06
 197 | 1.92e-06
 198 | 1.91e-06
 199 | 1.91e-06
 200 | 1.90e-06
 201 | 1.90e-06
 202 | 1.91e-06
 203 | 1.91e-06
 204 | 1.91e-06
 205 | 1.91e-06
 206 | 1.91e-06
 207 | 1.91e-06
 208 | 1.91e-06
 209 | 1.90e-06
 210 | 1.89e-06
 211 | 1.88e-06
 212 | 1.86e-06
 213 | 1.84e-06
 214 | 1.80e-06
 215 | 1.77e-06
 216 | 1.75e-06
 217 | 1.73e-06
 218 | 1.71e-06
 219 | 1.68e-06
 220 | 1.66e-06
 221 | 1.64e-06
 222 | 1.62e-06
 223 | 1.60e-06
 224 | 1.58e-06
 225 | 1.55e-06
 226 | 1.53e-06
 227 | 1.51e-06
 228 | 1.48e-06
 229 | 1.46e-06
 230 | 1.44e-06
 231 | 1.43e-06
 232 | 1.41e-06
 233 | 1.39e-06
 234 | 1.38e-06
 235 | 1.36e-06
 236 | 1.35e-06
 237 | 1.33e-06
 238 | 1.31e-06
 239 | 1.29e-06
 240 | 1.28e-06
 241 | 1.26e-06
 242 | 1.25e-06
 243 | 1.24e-06
 244 | 1.22e-06
 245 | 1.21e-06
 246 | 1.19e-06
 247 | 1.18e-06
 248 | 1.17e-06
 249 | 1.15e-06
 250 | 1.13e-06
 251 | 1.11e-06
 252 | 1.09e-06
 253 | 1.07e-06
 254 | 1.06e-06
 255 | 1.04e-06
 256 | 1.02e-06
 257 | 1.00e-06
 258 | 9.80e-07
 259 | 9.63e-07
 260 | 9.49e-07
 261 | 9.36e-07
 262 | 9.27e-07
 263 | 9.17e-07
 264 | 9.06e-07
 265 | 8.96e-07
 266 | 8.84e-07
 267 | 8.73e-07
 268 | 8.63e-07
 269 | 8.52e-07
 270 | 8.40e-07
 271 | 8.31e-07
 272 | 8.18e-07
 273 | 8.05e-07
 274 | 7.92e-07
 275 | 7.81e-07
 276 | 7.69e-07
 277 | 7.57e-07
 278 | 7.45e-07
 279 | 7.32e-07
 280 | 7.20e-07
 281 | 7.05e-07
 282 | 6.92e-07
 283 | 6.84e-07
 284 | 6.77e-07
 285 | 6.68e-07
 286 | 6.58e-07
 287 | 6.50e-07
 288 | 6.41e-07
 289 | 6.33e-07
 290 | 6.28e-07
 291 | 7.08e-07
 292 | 7.25e-07
 293 | 6.91e-07
 294 | 6.57e-07
 295 | 6.21e-07
 296 | 5.82e-07
 297 | 5.49e-07
 298 | 5.36e-07
 299 | 5.13e-07
 300 | 4.81e-07
 301 | 4.49e-07
 302 | 4.18e-07
 303 | 3.90e-07
 304 | 3.63e-07
 305 | 3.41e-07
 306 | 3.21e-07
 307 | 3.02e-07
 308 | 2.85e-07
 309 | 2.70e-07
 310 | 2.57e-07
 311 | 2.45e-07
 312 | 2.34e-07
 313 | 2.22e-07
 314 | 2.11e-07
 315 | 2.01e-07
 316 | 1.91e-07
 317 | 1.82e-07
 318 | 1.74e-07
 319 | 1.67e-07
 320 | 1.60e-07
 321 | 1.54e-07
 322 | 1.49e-07
 323 | 1.44e-07
 324 | 1.39e-07
 325 | 1.35e-07
 326 | 1.31e-07
 327 | 1.27e-07
 328 | 1.24e-07
 329 | 1.21e-07
 330 | 1.18e-07
 331 | 1.15e-07
 332 | 1.13e-07
 333 | 1.10e-07
 334 | 1.08e-07
 335 | 1.06e-07
 336 | 1.04e-07
 337 | 1.02e-07
 338 | 1.00e-07
 339 | 9.86e-08
[2025-11-08 23:45:32] Run completed in 24.87 minutes
[2025-11-08 23:45:36] Saved NMF result to: /zata/zippy/kresgeb/nmf_stuff/dlPFC/data/batched_nmf/nmf_k50_seed1029_tol1e-07.rds
[2025-11-08 23:45:36] Appended run metadata to summary.csv
[2025-11-08 23:45:36] --------------------------------------------
[2025-11-08 23:45:36] Starting run 116 / 150: k=60, seed=1029, tol=1e-07
[2025-11-08 23:45:36] --------------------------------------------

iter |      tol 
---------------
   1 | 9.16e-01
   2 | 1.09e-01
   3 | 3.54e-02
   4 | 1.71e-02
   5 | 1.03e-02
   6 | 7.15e-03
   7 | 5.52e-03
   8 | 4.69e-03
   9 | 4.21e-03
  10 | 3.79e-03
  11 | 3.29e-03
  12 | 2.71e-03
  13 | 2.12e-03
  14 | 1.58e-03
  15 | 1.18e-03
  16 | 9.28e-04
  17 | 7.88e-04
  18 | 7.27e-04
  19 | 7.11e-04
  20 | 7.22e-04
  21 | 7.54e-04
  22 | 7.85e-04
  23 | 7.88e-04
  24 | 7.72e-04
  25 | 7.35e-04
  26 | 6.77e-04
  27 | 6.28e-04
  28 | 5.94e-04
  29 | 5.73e-04
  30 | 5.61e-04
  31 | 5.30e-04
  32 | 4.74e-04
  33 | 4.00e-04
  34 | 3.29e-04
  35 | 2.66e-04
  36 | 2.13e-04
  37 | 1.75e-04
  38 | 1.46e-04
  39 | 1.25e-04
  40 | 1.07e-04
  41 | 9.59e-05
  42 | 8.77e-05
  43 | 8.16e-05
  44 | 7.62e-05
  45 | 7.24e-05
  46 | 6.92e-05
  47 | 6.62e-05
  48 | 6.32e-05
  49 | 6.02e-05
  50 | 5.76e-05
  51 | 5.56e-05
  52 | 5.45e-05
  53 | 5.42e-05
  54 | 5.55e-05
  55 | 5.80e-05
  56 | 6.14e-05
  57 | 6.39e-05
  58 | 6.46e-05
  59 | 6.34e-05
  60 | 5.89e-05
  61 | 5.35e-05
  62 | 4.89e-05
  63 | 4.29e-05
  64 | 3.87e-05
  65 | 3.34e-05
  66 | 2.92e-05
  67 | 2.62e-05
  68 | 2.36e-05
  69 | 2.18e-05
  70 | 2.00e-05
  71 | 1.89e-05
  72 | 1.81e-05
  73 | 1.75e-05
  74 | 1.71e-05
  75 | 1.69e-05
  76 | 1.68e-05
  77 | 1.69e-05
  78 | 1.71e-05
  79 | 1.74e-05
  80 | 1.78e-05
  81 | 1.85e-05
  82 | 1.93e-05
  83 | 2.03e-05
  84 | 2.14e-05
  85 | 2.28e-05
  86 | 2.45e-05
  87 | 2.64e-05
  88 | 2.87e-05
  89 | 3.08e-05
  90 | 3.33e-05
  91 | 3.57e-05
  92 | 3.84e-05
  93 | 4.03e-05
  94 | 4.23e-05
  95 | 4.39e-05
  96 | 4.50e-05
  97 | 4.53e-05
  98 | 4.38e-05
  99 | 3.92e-05
 100 | 3.54e-05
 101 | 3.19e-05
 102 | 2.76e-05
 103 | 2.35e-05
 104 | 1.98e-05
 105 | 1.73e-05
 106 | 1.52e-05
 107 | 1.36e-05
 108 | 1.24e-05
 109 | 1.14e-05
 110 | 1.06e-05
 111 | 9.79e-06
 112 | 9.23e-06
 113 | 8.95e-06
 114 | 8.76e-06
 115 | 8.68e-06
 116 | 8.66e-06
 117 | 8.66e-06
 118 | 8.68e-06
 119 | 8.70e-06
 120 | 8.69e-06
 121 | 8.67e-06
 122 | 8.63e-06
 123 | 8.56e-06
 124 | 8.45e-06
 125 | 8.35e-06
 126 | 8.22e-06
 127 | 8.07e-06
 128 | 7.89e-06
 129 | 7.67e-06
 130 | 7.41e-06
 131 | 7.13e-06
 132 | 6.86e-06
 133 | 6.59e-06
 134 | 6.33e-06
 135 | 6.09e-06
 136 | 5.88e-06
 137 | 5.69e-06
 138 | 5.53e-06
 139 | 5.35e-06
 140 | 5.20e-06
 141 | 5.02e-06
 142 | 4.87e-06
 143 | 4.71e-06
 144 | 4.54e-06
 145 | 4.36e-06
 146 | 4.18e-06
 147 | 3.99e-06
 148 | 3.81e-06
 149 | 3.63e-06
 150 | 3.48e-06
 151 | 3.34e-06
 152 | 3.20e-06
 153 | 3.07e-06
 154 | 2.94e-06
 155 | 2.83e-06
 156 | 2.73e-06
 157 | 2.65e-06
 158 | 2.57e-06
 159 | 2.51e-06
 160 | 2.44e-06
 161 | 2.39e-06
 162 | 2.34e-06
 163 | 2.29e-06
 164 | 2.24e-06
 165 | 2.20e-06
 166 | 2.18e-06
 167 | 2.16e-06
 168 | 2.14e-06
 169 | 2.13e-06
 170 | 2.12e-06
 171 | 2.11e-06
 172 | 2.10e-06
 173 | 2.10e-06
 174 | 2.11e-06
 175 | 2.12e-06
 176 | 2.13e-06
 177 | 2.14e-06
 178 | 2.16e-06
 179 | 2.17e-06
 180 | 2.19e-06
 181 | 2.20e-06
 182 | 2.21e-06
 183 | 2.22e-06
 184 | 2.22e-06
 185 | 2.24e-06
 186 | 2.26e-06
 187 | 2.26e-06
 188 | 2.25e-06
 189 | 2.23e-06
 190 | 2.22e-06
 191 | 2.21e-06
 192 | 2.21e-06
 193 | 2.20e-06
 194 | 2.20e-06
 195 | 2.19e-06
 196 | 2.19e-06
 197 | 2.19e-06
 198 | 2.18e-06
 199 | 2.14e-06
 200 | 2.12e-06
 201 | 2.08e-06
 202 | 2.05e-06
 203 | 2.02e-06
 204 | 2.00e-06
 205 | 1.97e-06
 206 | 1.94e-06
 207 | 1.89e-06
 208 | 1.86e-06
 209 | 1.84e-06
 210 | 1.82e-06
 211 | 1.81e-06
 212 | 1.80e-06
 213 | 1.80e-06
 214 | 1.81e-06
 215 | 1.82e-06
 216 | 1.82e-06
 217 | 1.83e-06
 218 | 1.83e-06
 219 | 1.84e-06
 220 | 1.84e-06
 221 | 1.83e-06
 222 | 1.83e-06
 223 | 1.82e-06
 224 | 1.83e-06
 225 | 1.82e-06
 226 | 1.78e-06
 227 | 1.77e-06
 228 | 1.77e-06
 229 | 1.77e-06
 230 | 1.79e-06
 231 | 1.80e-06
 232 | 1.83e-06
 233 | 1.84e-06
 234 | 1.88e-06
 235 | 1.90e-06
 236 | 1.94e-06
 237 | 1.98e-06
 238 | 2.03e-06
 239 | 2.09e-06
 240 | 2.15e-06
 241 | 2.21e-06
 242 | 2.28e-06
 243 | 2.37e-06
 244 | 2.47e-06
 245 | 2.58e-06
 246 | 2.72e-06
 247 | 2.87e-06
 248 | 3.04e-06
 249 | 3.23e-06
 250 | 3.43e-06
 251 | 3.65e-06
 252 | 3.88e-06
 253 | 4.11e-06
 254 | 4.36e-06
 255 | 4.61e-06
 256 | 4.88e-06
 257 | 5.15e-06
 258 | 5.41e-06
 259 | 5.67e-06
 260 | 5.92e-06
 261 | 6.16e-06
 262 | 6.38e-06
 263 | 6.57e-06
 264 | 6.75e-06
 265 | 6.89e-06
 266 | 7.03e-06
 267 | 7.12e-06
 268 | 7.20e-06
 269 | 7.26e-06
 270 | 7.30e-06
 271 | 7.32e-06
 272 | 7.31e-06
 273 | 7.28e-06
 274 | 7.22e-06
 275 | 7.14e-06
 276 | 7.02e-06
 277 | 6.88e-06
 278 | 6.73e-06
 279 | 6.56e-06
 280 | 6.36e-06
 281 | 6.15e-06
 282 | 5.84e-06
 283 | 5.49e-06
 284 | 5.16e-06
 285 | 4.85e-06
 286 | 4.51e-06
 287 | 4.15e-06
 288 | 3.80e-06
 289 | 3.45e-06
 290 | 3.14e-06
 291 | 2.83e-06
 292 | 2.56e-06
 293 | 2.31e-06
 294 | 2.08e-06
 295 | 1.87e-06
 296 | 1.68e-06
 297 | 1.52e-06
 298 | 1.36e-06
 299 | 1.19e-06
 300 | 1.04e-06
 301 | 9.24e-07
 302 | 8.15e-07
 303 | 7.23e-07
 304 | 6.46e-07
 305 | 5.81e-07
 306 | 5.24e-07
 307 | 4.70e-07
 308 | 4.21e-07
 309 | 3.82e-07
 310 | 3.44e-07
 311 | 3.06e-07
 312 | 2.76e-07
 313 | 2.45e-07
 314 | 2.21e-07
 315 | 2.00e-07
 316 | 1.81e-07
 317 | 1.64e-07
 318 | 1.49e-07
 319 | 1.31e-07
 320 | 1.18e-07
 321 | 1.07e-07
 322 | 9.85e-08
[2025-11-09 00:13:29] Run completed in 27.89 minutes
[2025-11-09 00:13:33] Saved NMF result to: /zata/zippy/kresgeb/nmf_stuff/dlPFC/data/batched_nmf/nmf_k60_seed1029_tol1e-07.rds
[2025-11-09 00:13:33] Appended run metadata to summary.csv
[2025-11-09 00:13:33] --------------------------------------------
[2025-11-09 00:13:33] Starting run 117 / 150: k=70, seed=1029, tol=1e-07
[2025-11-09 00:13:33] --------------------------------------------

iter |      tol 
---------------
   1 | 9.16e-01
   2 | 1.03e-01
   3 | 3.53e-02
   4 | 1.86e-02
   5 | 1.16e-02
   6 | 7.59e-03
   7 | 5.28e-03
   8 | 4.02e-03
   9 | 3.31e-03
  10 | 2.85e-03
  11 | 2.55e-03
  12 | 2.33e-03
  13 | 2.19e-03
  14 | 2.04e-03
  15 | 1.89e-03
  16 | 1.70e-03
  17 | 1.50e-03
  18 | 1.31e-03
  19 | 1.14e-03
  20 | 9.96e-04
  21 | 8.78e-04
  22 | 7.87e-04
  23 | 7.19e-04
  24 | 6.58e-04
  25 | 6.07e-04
  26 | 5.72e-04
  27 | 5.49e-04
  28 | 5.42e-04
  29 | 5.48e-04
  30 | 5.56e-04
  31 | 5.60e-04
  32 | 5.57e-04
  33 | 5.43e-04
  34 | 5.11e-04
  35 | 4.74e-04
  36 | 4.45e-04
  37 | 4.25e-04
  38 | 4.08e-04
  39 | 3.87e-04
  40 | 3.61e-04
  41 | 3.24e-04
  42 | 2.79e-04
  43 | 2.33e-04
  44 | 1.88e-04
  45 | 1.52e-04
  46 | 1.24e-04
  47 | 1.02e-04
  48 | 8.27e-05
  49 | 7.29e-05
  50 | 6.54e-05
  51 | 5.84e-05
  52 | 5.32e-05
  53 | 4.92e-05
  54 | 4.58e-05
  55 | 4.31e-05
  56 | 4.09e-05
  57 | 3.88e-05
  58 | 3.69e-05
  59 | 3.54e-05
  60 | 3.38e-05
  61 | 3.23e-05
  62 | 3.06e-05
  63 | 2.90e-05
  64 | 2.72e-05
  65 | 2.56e-05
  66 | 2.44e-05
  67 | 2.35e-05
  68 | 2.28e-05
  69 | 2.21e-05
  70 | 2.15e-05
  71 | 2.11e-05
  72 | 2.08e-05
  73 | 2.07e-05
  74 | 1.97e-05
  75 | 1.95e-05
  76 | 1.97e-05
  77 | 1.99e-05
  78 | 2.05e-05
  79 | 2.09e-05
  80 | 2.15e-05
  81 | 2.22e-05
  82 | 2.30e-05
  83 | 2.42e-05
  84 | 2.55e-05
  85 | 2.63e-05
  86 | 2.75e-05
  87 | 2.89e-05
  88 | 3.04e-05
  89 | 3.18e-05
  90 | 3.25e-05
  91 | 3.28e-05
  92 | 3.26e-05
  93 | 3.21e-05
  94 | 3.13e-05
  95 | 3.02e-05
  96 | 2.88e-05
  97 | 2.71e-05
  98 | 2.51e-05
  99 | 2.07e-05
 100 | 1.81e-05
 101 | 1.57e-05
 102 | 1.35e-05
 103 | 1.16e-05
 104 | 1.01e-05
 105 | 8.92e-06
 106 | 7.65e-06
 107 | 6.79e-06
 108 | 6.16e-06
 109 | 5.68e-06
 110 | 5.31e-06
 111 | 5.06e-06
 112 | 4.87e-06
 113 | 4.69e-06
 114 | 4.53e-06
 115 | 4.43e-06
 116 | 4.37e-06
 117 | 4.30e-06
 118 | 4.27e-06
 119 | 4.26e-06
 120 | 4.25e-06
 121 | 4.24e-06
 122 | 4.24e-06
 123 | 4.24e-06
 124 | 4.26e-06
 125 | 4.10e-06
 126 | 4.03e-06
 127 | 3.96e-06
 128 | 3.93e-06
 129 | 3.90e-06
 130 | 3.86e-06
 131 | 3.82e-06
 132 | 3.78e-06
 133 | 3.73e-06
 134 | 3.68e-06
 135 | 3.62e-06
 136 | 3.57e-06
 137 | 3.51e-06
 138 | 3.44e-06
 139 | 3.38e-06
 140 | 3.32e-06
 141 | 3.26e-06
 142 | 3.19e-06
 143 | 3.11e-06
 144 | 3.03e-06
 145 | 2.95e-06
 146 | 2.89e-06
 147 | 2.82e-06
 148 | 2.76e-06
 149 | 2.70e-06
 150 | 2.63e-06
 151 | 2.56e-06
 152 | 2.48e-06
 153 | 2.41e-06
 154 | 2.34e-06
 155 | 2.27e-06
 156 | 2.18e-06
 157 | 2.09e-06
 158 | 2.01e-06
 159 | 1.94e-06
 160 | 1.88e-06
 161 | 1.82e-06
 162 | 1.76e-06
 163 | 1.71e-06
 164 | 1.67e-06
 165 | 1.63e-06
 166 | 1.60e-06
 167 | 1.57e-06
 168 | 1.54e-06
 169 | 1.51e-06
 170 | 1.48e-06
 171 | 1.45e-06
 172 | 1.43e-06
 173 | 1.42e-06
 174 | 1.41e-06
 175 | 1.40e-06
 176 | 1.40e-06
 177 | 1.39e-06
 178 | 1.39e-06
 179 | 1.40e-06
 180 | 1.40e-06
 181 | 1.41e-06
 182 | 1.42e-06
 183 | 1.44e-06
 184 | 1.46e-06
 185 | 1.48e-06
 186 | 1.51e-06
 187 | 1.54e-06
 188 | 1.56e-06
 189 | 1.59e-06
 190 | 1.63e-06
 191 | 1.67e-06
 192 | 1.71e-06
 193 | 1.76e-06
 194 | 1.81e-06
 195 | 1.86e-06
 196 | 1.93e-06
 197 | 2.00e-06
 198 | 2.07e-06
 199 | 2.15e-06
 200 | 2.24e-06
 201 | 2.34e-06
 202 | 2.42e-06
 203 | 2.49e-06
 204 | 2.56e-06
 205 | 2.64e-06
 206 | 2.72e-06
 207 | 2.81e-06
 208 | 2.89e-06
 209 | 2.98e-06
 210 | 3.08e-06
 211 | 3.19e-06
 212 | 3.29e-06
 213 | 3.39e-06
 214 | 3.54e-06
 215 | 3.70e-06
 216 | 3.88e-06
 217 | 4.12e-06
 218 | 4.41e-06
 219 | 4.74e-06
 220 | 5.11e-06
 221 | 5.50e-06
 222 | 5.95e-06
 223 | 6.44e-06
 224 | 6.97e-06
 225 | 7.56e-06
 226 | 8.17e-06
 227 | 8.80e-06
 228 | 9.41e-06
 229 | 9.93e-06
 230 | 1.05e-05
 231 | 1.10e-05
 232 | 1.14e-05
 233 | 1.17e-05
 234 | 1.19e-05
 235 | 1.21e-05
 236 | 1.23e-05
 237 | 1.25e-05
 238 | 1.25e-05
 239 | 1.25e-05
 240 | 1.25e-05
 241 | 1.24e-05
 242 | 1.22e-05
 243 | 1.21e-05
 244 | 1.20e-05
 245 | 1.20e-05
 246 | 1.22e-05
 247 | 1.26e-05
 248 | 1.31e-05
 249 | 1.39e-05
 250 | 1.49e-05
 251 | 1.59e-05
 252 | 1.72e-05
 253 | 1.89e-05
 254 | 2.12e-05
 255 | 2.37e-05
 256 | 2.66e-05
 257 | 3.00e-05
 258 | 3.42e-05
 259 | 3.95e-05
 260 | 4.56e-05
 261 | 5.24e-05
 262 | 6.01e-05
 263 | 6.77e-05
 264 | 7.46e-05
 265 | 8.16e-05
 266 | 8.84e-05
 267 | 9.47e-05
 268 | 9.85e-05
 269 | 9.85e-05
 270 | 9.67e-05
 271 | 9.15e-05
 272 | 8.47e-05
 273 | 7.62e-05
 274 | 6.67e-05
 275 | 5.67e-05
 276 | 4.71e-05
 277 | 3.81e-05
 278 | 3.04e-05
 279 | 2.46e-05
 280 | 1.96e-05
 281 | 1.49e-05
 282 | 1.18e-05
 283 | 9.44e-06
 284 | 7.63e-06
 285 | 6.24e-06
 286 | 5.14e-06
 287 | 4.32e-06
 288 | 3.69e-06
 289 | 3.20e-06
 290 | 2.83e-06
 291 | 2.53e-06
 292 | 2.29e-06
 293 | 2.11e-06
 294 | 1.96e-06
 295 | 1.83e-06
 296 | 1.72e-06
 297 | 1.60e-06
 298 | 1.53e-06
 299 | 1.47e-06
 300 | 1.41e-06
 301 | 1.35e-06
 302 | 1.29e-06
 303 | 1.24e-06
 304 | 1.19e-06
 305 | 1.15e-06
 306 | 1.10e-06
 307 | 1.06e-06
 308 | 1.02e-06
 309 | 9.82e-07
 310 | 9.49e-07
 311 | 9.21e-07
 312 | 8.95e-07
 313 | 8.71e-07
 314 | 8.48e-07
 315 | 8.26e-07
 316 | 8.06e-07
 317 | 7.87e-07
 318 | 7.68e-07
 319 | 7.53e-07
 320 | 7.39e-07
 321 | 7.25e-07
 322 | 7.15e-07
 323 | 7.06e-07
 324 | 6.99e-07
 325 | 6.90e-07
 326 | 6.84e-07
 327 | 6.81e-07
 328 | 6.79e-07
 329 | 6.76e-07
 330 | 6.76e-07
 331 | 6.77e-07
 332 | 6.81e-07
 333 | 6.87e-07
 334 | 6.95e-07
 335 | 7.03e-07
 336 | 7.11e-07
 337 | 7.18e-07
 338 | 7.27e-07
 339 | 7.41e-07
 340 | 7.56e-07
 341 | 7.73e-07
 342 | 7.90e-07
 343 | 8.11e-07
 344 | 8.32e-07
 345 | 8.50e-07
 346 | 8.71e-07
 347 | 8.91e-07
 348 | 9.11e-07
 349 | 9.30e-07
 350 | 9.50e-07
 351 | 9.68e-07
 352 | 9.86e-07
 353 | 1.00e-06
 354 | 1.01e-06
 355 | 1.02e-06
 356 | 1.03e-06
 357 | 1.05e-06
 358 | 1.07e-06
 359 | 1.08e-06
 360 | 1.10e-06
 361 | 1.11e-06
 362 | 1.12e-06
 363 | 1.13e-06
 364 | 1.15e-06
 365 | 1.16e-06
 366 | 1.18e-06
 367 | 1.17e-06
 368 | 1.17e-06
 369 | 1.17e-06
 370 | 1.17e-06
 371 | 1.17e-06
 372 | 1.18e-06
 373 | 1.20e-06
 374 | 1.21e-06
 375 | 1.23e-06
 376 | 1.26e-06
 377 | 1.28e-06
 378 | 1.30e-06
 379 | 1.33e-06
 380 | 1.36e-06
 381 | 1.38e-06
 382 | 1.41e-06
 383 | 1.43e-06
 384 | 1.45e-06
 385 | 1.48e-06
 386 | 1.50e-06
 387 | 1.52e-06
 388 | 1.53e-06
 389 | 1.55e-06
 390 | 1.57e-06
 391 | 1.59e-06
 392 | 1.61e-06
 393 | 1.63e-06
 394 | 1.65e-06
 395 | 1.67e-06
 396 | 1.70e-06
 397 | 1.72e-06
 398 | 1.44e-06
 399 | 1.23e-06
 400 | 1.12e-06
 401 | 1.04e-06
 402 | 9.89e-07
 403 | 9.47e-07
 404 | 9.09e-07
 405 | 8.77e-07
 406 | 8.53e-07
 407 | 8.31e-07
 408 | 8.22e-07
 409 | 8.16e-07
 410 | 8.10e-07
 411 | 8.03e-07
 412 | 8.00e-07
 413 | 7.95e-07
 414 | 7.85e-07
 415 | 7.78e-07
 416 | 7.70e-07
 417 | 7.62e-07
 418 | 7.52e-07
 419 | 7.41e-07
 420 | 7.27e-07
 421 | 7.12e-07
 422 | 6.96e-07
 423 | 6.79e-07
 424 | 6.60e-07
 425 | 6.40e-07
 426 | 6.20e-07
 427 | 5.98e-07
 428 | 5.77e-07
 429 | 5.56e-07
 430 | 5.36e-07
 431 | 5.17e-07
 432 | 4.98e-07
 433 | 4.80e-07
 434 | 4.62e-07
 435 | 4.46e-07
 436 | 4.31e-07
 437 | 4.16e-07
 438 | 4.02e-07
 439 | 3.89e-07
 440 | 3.76e-07
 441 | 3.64e-07
 442 | 3.52e-07
 443 | 3.42e-07
 444 | 3.32e-07
 445 | 3.23e-07
 446 | 3.14e-07
 447 | 3.04e-07
 448 | 2.94e-07
 449 | 2.85e-07
 450 | 2.75e-07
 451 | 2.66e-07
 452 | 2.58e-07
 453 | 2.49e-07
 454 | 2.41e-07
 455 | 2.34e-07
 456 | 2.27e-07
 457 | 2.20e-07
 458 | 2.14e-07
 459 | 2.07e-07
 460 | 2.00e-07
 461 | 1.93e-07
 462 | 1.87e-07
 463 | 1.80e-07
 464 | 1.72e-07
 465 | 1.66e-07
 466 | 1.59e-07
 467 | 1.53e-07
 468 | 1.47e-07
 469 | 1.42e-07
 470 | 1.36e-07
 471 | 1.31e-07
 472 | 1.26e-07
 473 | 1.21e-07
 474 | 1.17e-07
 475 | 1.13e-07
 476 | 1.09e-07
 477 | 1.06e-07
 478 | 1.03e-07
 479 | 9.92e-08
[2025-11-09 01:03:03] Run completed in 49.50 minutes
[2025-11-09 01:03:08] Saved NMF result to: /zata/zippy/kresgeb/nmf_stuff/dlPFC/data/batched_nmf/nmf_k70_seed1029_tol1e-07.rds
[2025-11-09 01:03:08] Appended run metadata to summary.csv
[2025-11-09 01:03:08] --------------------------------------------
[2025-11-09 01:03:08] Starting run 118 / 150: k=80, seed=1029, tol=1e-07
[2025-11-09 01:03:08] --------------------------------------------

iter |      tol 
---------------
   1 | 9.15e-01
   2 | 1.02e-01
   3 | 3.62e-02
   4 | 1.99e-02
   5 | 1.38e-02
   6 | 1.06e-02
   7 | 8.26e-03
   8 | 6.50e-03
   9 | 5.15e-03
  10 | 4.25e-03
  11 | 3.61e-03
  12 | 3.27e-03
  13 | 3.10e-03
  14 | 2.99e-03
  15 | 2.80e-03
  16 | 2.51e-03
  17 | 2.20e-03
  18 | 1.90e-03
  19 | 1.66e-03
  20 | 1.45e-03
  21 | 1.31e-03
  22 | 1.19e-03
  23 | 1.08e-03
  24 | 9.57e-04
  25 | 8.32e-04
  26 | 7.24e-04
  27 | 6.27e-04
  28 | 5.47e-04
  29 | 4.90e-04
  30 | 4.44e-04
  31 | 4.09e-04
  32 | 3.73e-04
  33 | 3.42e-04
  34 | 3.23e-04
  35 | 3.09e-04
  36 | 2.96e-04
  37 | 2.92e-04
  38 | 2.95e-04
  39 | 3.05e-04
  40 | 3.18e-04
  41 | 3.35e-04
  42 | 3.51e-04
  43 | 3.63e-04
  44 | 3.69e-04
  45 | 3.68e-04
  46 | 3.50e-04
  47 | 3.26e-04
  48 | 3.05e-04
  49 | 2.79e-04
  50 | 2.40e-04
  51 | 2.18e-04
  52 | 2.04e-04
  53 | 1.90e-04
  54 | 1.78e-04
  55 | 1.85e-04
  56 | 2.00e-04
  57 | 2.13e-04
  58 | 2.26e-04
  59 | 2.40e-04
  60 | 2.60e-04
  61 | 2.82e-04
  62 | 3.04e-04
  63 | 3.35e-04
  64 | 3.58e-04
  65 | 3.61e-04
  66 | 3.68e-04
  67 | 3.64e-04
  68 | 3.68e-04
  69 | 3.67e-04
  70 | 3.50e-04
  71 | 3.16e-04
  72 | 2.97e-04
  73 | 2.72e-04
  74 | 2.44e-04
  75 | 2.25e-04
  76 | 2.15e-04
  77 | 2.04e-04
  78 | 1.86e-04
  79 | 1.78e-04
  80 | 1.68e-04
  81 | 1.58e-04
  82 | 1.52e-04
  83 | 1.44e-04
  84 | 1.38e-04
  85 | 1.30e-04
  86 | 1.25e-04
  87 | 1.20e-04
  88 | 1.18e-04
  89 | 1.17e-04
  90 | 1.18e-04
  91 | 1.15e-04
  92 | 1.10e-04
  93 | 1.02e-04
  94 | 9.23e-05
  95 | 8.25e-05
  96 | 5.94e-05
  97 | 4.73e-05
  98 | 3.69e-05
  99 | 2.86e-05
 100 | 2.25e-05
 101 | 1.77e-05
 102 | 1.40e-05
 103 | 1.10e-05
 104 | 8.94e-06
 105 | 7.30e-06
 106 | 6.06e-06
 107 | 5.13e-06
 108 | 4.45e-06
 109 | 3.99e-06
 110 | 3.57e-06
 111 | 3.36e-06
 112 | 3.27e-06
 113 | 3.19e-06
 114 | 3.11e-06
 115 | 3.05e-06
 116 | 3.11e-06
 117 | 3.25e-06
 118 | 3.45e-06
 119 | 3.17e-06
 120 | 3.12e-06
 121 | 3.15e-06
 122 | 3.22e-06
 123 | 3.36e-06
 124 | 3.53e-06
 125 | 3.72e-06
 126 | 3.95e-06
 127 | 4.16e-06
 128 | 3.86e-06
 129 | 3.78e-06
 130 | 3.82e-06
 131 | 3.89e-06
 132 | 3.97e-06
 133 | 3.89e-06
 134 | 3.90e-06
 135 | 3.90e-06
 136 | 3.91e-06
 137 | 3.94e-06
 138 | 4.03e-06
 139 | 4.09e-06
 140 | 4.22e-06
 141 | 4.35e-06
 142 | 4.43e-06
 143 | 4.57e-06
 144 | 4.79e-06
 145 | 4.94e-06
 146 | 5.11e-06
 147 | 5.31e-06
 148 | 5.36e-06
 149 | 5.56e-06
 150 | 5.80e-06
 151 | 6.15e-06
 152 | 6.36e-06
 153 | 6.67e-06
 154 | 7.05e-06
 155 | 7.51e-06
 156 | 7.83e-06
 157 | 8.30e-06
 158 | 8.77e-06
 159 | 9.42e-06
 160 | 1.00e-05
 161 | 1.07e-05
 162 | 1.10e-05
 163 | 1.15e-05
 164 | 1.10e-05
 165 | 1.10e-05
 166 | 1.09e-05
 167 | 1.07e-05
 168 | 1.07e-05
 169 | 1.09e-05
 170 | 9.87e-06
 171 | 9.16e-06
 172 | 8.90e-06
 173 | 7.65e-06
 174 | 7.35e-06
 175 | 7.17e-06
 176 | 6.87e-06
 177 | 6.66e-06
 178 | 6.49e-06
 179 | 6.33e-06
 180 | 5.60e-06
 181 | 5.18e-06
 182 | 4.90e-06
 183 | 4.66e-06
 184 | 4.48e-06
 185 | 4.27e-06
 186 | 4.07e-06
 187 | 3.90e-06
 188 | 3.74e-06
 189 | 3.62e-06
 190 | 3.48e-06
 191 | 3.33e-06
 192 | 3.24e-06
 193 | 3.16e-06
 194 | 3.06e-06
 195 | 3.00e-06
 196 | 2.81e-06
 197 | 2.66e-06
 198 | 2.57e-06
 199 | 2.15e-06
 200 | 1.93e-06
 201 | 1.66e-06
 202 | 1.43e-06
 203 | 1.30e-06
 204 | 1.19e-06
 205 | 1.11e-06
 206 | 1.04e-06
 207 | 9.81e-07
 208 | 9.26e-07
 209 | 8.85e-07
 210 | 8.49e-07
 211 | 8.16e-07
 212 | 7.72e-07
 213 | 7.25e-07
 214 | 6.95e-07
 215 | 6.69e-07
 216 | 6.45e-07
 217 | 6.22e-07
 218 | 5.92e-07
 219 | 5.60e-07
 220 | 5.29e-07
 221 | 5.06e-07
 222 | 4.80e-07
 223 | 4.60e-07
 224 | 4.44e-07
 225 | 4.25e-07
 226 | 4.09e-07
 227 | 3.94e-07
 228 | 3.77e-07
 229 | 3.63e-07
 230 | 3.52e-07
 231 | 3.36e-07
 232 | 3.28e-07
 233 | 3.22e-07
 234 | 3.14e-07
 235 | 3.01e-07
 236 | 2.94e-07
 237 | 2.90e-07
 238 | 2.87e-07
 239 | 2.84e-07
 240 | 2.82e-07
 241 | 2.81e-07
 242 | 2.78e-07
 243 | 2.73e-07
 244 | 2.72e-07
 245 | 2.73e-07
 246 | 2.73e-07
 247 | 2.74e-07
 248 | 2.72e-07
 249 | 2.66e-07
 250 | 2.65e-07
 251 | 2.65e-07
 252 | 2.64e-07
 253 | 2.65e-07
 254 | 2.67e-07
 255 | 2.69e-07
 256 | 2.71e-07
 257 | 2.74e-07
 258 | 2.78e-07
 259 | 2.84e-07
 260 | 2.89e-07
 261 | 2.95e-07
 262 | 3.01e-07
 263 | 3.06e-07
 264 | 3.13e-07
 265 | 3.17e-07
 266 | 3.23e-07
 267 | 3.28e-07
 268 | 3.35e-07
 269 | 3.39e-07
 270 | 3.39e-07
 271 | 3.42e-07
 272 | 3.45e-07
 273 | 3.51e-07
 274 | 3.56e-07
 275 | 3.61e-07
 276 | 3.67e-07
 277 | 3.73e-07
 278 | 3.80e-07
 279 | 3.86e-07
 280 | 3.94e-07
 281 | 4.03e-07
 282 | 4.11e-07
 283 | 4.20e-07
 284 | 4.32e-07
 285 | 4.47e-07
 286 | 4.54e-07
 287 | 4.69e-07
 288 | 4.84e-07
 289 | 5.01e-07
 290 | 5.20e-07
 291 | 5.37e-07
 292 | 5.53e-07
 293 | 5.72e-07
 294 | 5.92e-07
 295 | 6.10e-07
 296 | 6.31e-07
 297 | 6.53e-07
 298 | 6.75e-07
 299 | 7.00e-07
 300 | 7.23e-07
 301 | 7.46e-07
 302 | 7.68e-07
 303 | 7.91e-07
 304 | 8.21e-07
 305 | 8.57e-07
 306 | 8.93e-07
 307 | 9.35e-07
 308 | 9.76e-07
 309 | 1.02e-06
 310 | 1.06e-06
 311 | 1.11e-06
 312 | 1.17e-06
 313 | 1.22e-06
 314 | 1.27e-06
 315 | 1.33e-06
 316 | 1.38e-06
 317 | 1.43e-06
 318 | 1.48e-06
 319 | 1.50e-06
 320 | 1.49e-06
 321 | 1.46e-06
 322 | 1.42e-06
 323 | 1.35e-06
 324 | 1.28e-06
 325 | 1.21e-06
 326 | 1.13e-06
 327 | 1.05e-06
 328 | 9.67e-07
 329 | 8.75e-07
 330 | 7.97e-07
 331 | 7.32e-07
 332 | 6.74e-07
 333 | 6.24e-07
 334 | 5.80e-07
 335 | 5.45e-07
 336 | 5.14e-07
 337 | 4.90e-07
 338 | 4.68e-07
 339 | 4.49e-07
 340 | 4.33e-07
 341 | 4.15e-07
 342 | 3.98e-07
 343 | 3.82e-07
 344 | 3.68e-07
 345 | 3.56e-07
 346 | 3.40e-07
 347 | 3.28e-07
 348 | 3.16e-07
 349 | 3.05e-07
 350 | 2.95e-07
 351 | 2.86e-07
 352 | 2.77e-07
 353 | 2.67e-07
 354 | 2.59e-07
 355 | 2.52e-07
 356 | 2.44e-07
 357 | 2.37e-07
 358 | 2.31e-07
 359 | 2.25e-07
 360 | 2.20e-07
 361 | 2.15e-07
 362 | 2.11e-07
 363 | 2.07e-07
 364 | 2.03e-07
 365 | 2.00e-07
 366 | 1.97e-07
 367 | 1.94e-07
 368 | 1.91e-07
 369 | 1.88e-07
 370 | 1.87e-07
 371 | 1.85e-07
 372 | 1.84e-07
 373 | 1.82e-07
 374 | 1.81e-07
 375 | 1.80e-07
 376 | 1.78e-07
 377 | 1.77e-07
 378 | 1.75e-07
 379 | 1.74e-07
 380 | 1.73e-07
 381 | 1.72e-07
 382 | 1.71e-07
 383 | 1.71e-07
 384 | 1.68e-07
 385 | 1.67e-07
 386 | 1.65e-07
 387 | 1.64e-07
 388 | 1.63e-07
 389 | 1.62e-07
 390 | 1.62e-07
 391 | 1.61e-07
 392 | 1.59e-07
 393 | 1.59e-07
 394 | 1.58e-07
 395 | 1.58e-07
 396 | 1.58e-07
 397 | 1.58e-07
 398 | 1.58e-07
 399 | 1.58e-07
 400 | 1.59e-07
 401 | 1.59e-07
 402 | 1.59e-07
 403 | 1.60e-07
 404 | 1.60e-07
 405 | 1.60e-07
 406 | 1.59e-07
 407 | 1.58e-07
 408 | 1.57e-07
 409 | 1.56e-07
 410 | 1.55e-07
 411 | 1.54e-07
 412 | 1.53e-07
 413 | 1.52e-07
 414 | 1.52e-07
 415 | 1.52e-07
 416 | 1.51e-07
 417 | 1.51e-07
 418 | 1.51e-07
 419 | 1.51e-07
 420 | 1.51e-07
 421 | 1.52e-07
 422 | 1.52e-07
 423 | 1.53e-07
 424 | 1.54e-07
 425 | 1.55e-07
 426 | 1.56e-07
 427 | 1.57e-07
 428 | 1.59e-07
 429 | 1.60e-07
 430 | 1.62e-07
 431 | 1.64e-07
 432 | 1.65e-07
 433 | 1.67e-07
 434 | 1.68e-07
 435 | 1.68e-07
 436 | 1.69e-07
 437 | 1.70e-07
 438 | 1.72e-07
 439 | 1.74e-07
 440 | 1.76e-07
 441 | 1.77e-07
 442 | 1.79e-07
 443 | 1.82e-07
 444 | 1.84e-07
 445 | 1.87e-07
 446 | 1.91e-07
 447 | 1.94e-07
 448 | 1.97e-07
 449 | 2.00e-07
 450 | 2.04e-07
 451 | 2.09e-07
 452 | 2.13e-07
 453 | 2.18e-07
 454 | 2.23e-07
 455 | 2.28e-07
 456 | 2.34e-07
 457 | 2.41e-07
 458 | 2.48e-07
 459 | 2.51e-07
 460 | 2.54e-07
 461 | 2.48e-07
 462 | 2.46e-07
 463 | 2.46e-07
 464 | 2.46e-07
 465 | 2.48e-07
 466 | 2.51e-07
 467 | 2.54e-07
 468 | 2.57e-07
 469 | 2.59e-07
 470 | 2.61e-07
 471 | 2.63e-07
 472 | 2.66e-07
 473 | 2.68e-07
 474 | 2.70e-07
 475 | 2.72e-07
 476 | 2.76e-07
 477 | 2.80e-07
 478 | 2.82e-07
 479 | 2.83e-07
 480 | 2.86e-07
 481 | 2.89e-07
 482 | 2.92e-07
 483 | 2.96e-07
 484 | 2.98e-07
 485 | 2.98e-07
 486 | 2.99e-07
 487 | 2.96e-07
 488 | 2.95e-07
 489 | 2.95e-07
 490 | 2.95e-07
 491 | 2.95e-07
 492 | 2.94e-07
 493 | 2.93e-07
 494 | 2.91e-07
 495 | 2.92e-07
 496 | 2.92e-07
 497 | 2.90e-07
 498 | 2.88e-07
 499 | 2.85e-07
 500 | 2.84e-07
 501 | 2.82e-07
 502 | 2.78e-07
 503 | 2.73e-07
 504 | 2.68e-07
 505 | 2.61e-07
 506 | 2.55e-07
 507 | 2.49e-07
 508 | 2.42e-07
 509 | 2.35e-07
 510 | 2.30e-07
 511 | 2.25e-07
 512 | 2.19e-07
 513 | 2.12e-07
 514 | 2.07e-07
 515 | 2.01e-07
 516 | 1.96e-07
 517 | 1.90e-07
 518 | 1.85e-07
 519 | 1.79e-07
 520 | 1.74e-07
 521 | 1.70e-07
 522 | 1.65e-07
 523 | 1.61e-07
 524 | 1.56e-07
 525 | 1.52e-07
 526 | 1.47e-07
 527 | 1.41e-07
 528 | 1.35e-07
 529 | 1.26e-07
 530 | 1.18e-07
 531 | 1.12e-07
 532 | 1.06e-07
 533 | 1.01e-07
 534 | 9.65e-08
[2025-11-09 02:13:04] Run completed in 69.94 minutes
[2025-11-09 02:13:09] Saved NMF result to: /zata/zippy/kresgeb/nmf_stuff/dlPFC/data/batched_nmf/nmf_k80_seed1029_tol1e-07.rds
[2025-11-09 02:13:09] Appended run metadata to summary.csv
[2025-11-09 02:13:09] --------------------------------------------
[2025-11-09 02:13:09] Starting run 119 / 150: k=90, seed=1029, tol=1e-07
[2025-11-09 02:13:09] --------------------------------------------

iter |      tol 
---------------
   1 | 9.13e-01
   2 | 1.09e-01
   3 | 3.63e-02
   4 | 1.87e-02
   5 | 1.15e-02
   6 | 8.01e-03
   7 | 6.05e-03
   8 | 4.89e-03
   9 | 4.03e-03
  10 | 3.40e-03
  11 | 2.98e-03
  12 | 2.65e-03
  13 | 2.38e-03
  14 | 2.12e-03
  15 | 1.91e-03
  16 | 1.75e-03
  17 | 1.64e-03
  18 | 1.54e-03
  19 | 1.46e-03
  20 | 1.39e-03
  21 | 1.32e-03
  22 | 1.26e-03
  23 | 1.23e-03
  24 | 1.22e-03
  25 | 1.25e-03
  26 | 1.24e-03
  27 | 1.26e-03
  28 | 1.27e-03
  29 | 1.24e-03
  30 | 1.17e-03
  31 | 1.07e-03
  32 | 9.44e-04
  33 | 8.58e-04
  34 | 7.84e-04
  35 | 7.07e-04
  36 | 6.33e-04
  37 | 5.50e-04
  38 | 4.74e-04
  39 | 4.15e-04
  40 | 3.68e-04
  41 | 3.30e-04
  42 | 2.95e-04
  43 | 2.75e-04
  44 | 2.56e-04
  45 | 2.37e-04
  46 | 2.25e-04
  47 | 2.15e-04
  48 | 2.03e-04
  49 | 1.97e-04
  50 | 1.84e-04
  51 | 1.79e-04
  52 | 1.80e-04
  53 | 1.82e-04
  54 | 1.89e-04
  55 | 2.05e-04
  56 | 2.26e-04
  57 | 2.61e-04
  58 | 3.13e-04
  59 | 3.80e-04
  60 | 4.68e-04
  61 | 5.68e-04
  62 | 6.88e-04
  63 | 7.72e-04
  64 | 8.20e-04
  65 | 8.74e-04
  66 | 8.21e-04
  67 | 7.00e-04
  68 | 6.06e-04
  69 | 5.38e-04
  70 | 4.47e-04
  71 | 3.72e-04
  72 | 2.56e-04
  73 | 1.92e-04
  74 | 1.27e-04
  75 | 8.00e-05
  76 | 6.21e-05
  77 | 4.91e-05
  78 | 3.98e-05
  79 | 3.26e-05
  80 | 2.83e-05
  81 | 2.56e-05
  82 | 2.40e-05
  83 | 2.34e-05
  84 | 2.33e-05
  85 | 2.37e-05
  86 | 2.47e-05
  87 | 2.50e-05
  88 | 2.57e-05
  89 | 2.71e-05
  90 | 2.87e-05
  91 | 3.03e-05
  92 | 3.06e-05
  93 | 3.19e-05
  94 | 3.36e-05
  95 | 3.53e-05
  96 | 3.69e-05
  97 | 3.92e-05
  98 | 4.21e-05
  99 | 4.44e-05
 100 | 4.77e-05
 101 | 5.05e-05
 102 | 5.36e-05
 103 | 5.65e-05
 104 | 6.01e-05
 105 | 6.41e-05
 106 | 6.80e-05
 107 | 6.91e-05
 108 | 6.99e-05
 109 | 6.91e-05
 110 | 6.62e-05
 111 | 6.22e-05
 112 | 5.81e-05
 113 | 5.12e-05
 114 | 4.48e-05
 115 | 3.50e-05
 116 | 2.92e-05
 117 | 2.52e-05
 118 | 2.08e-05
 119 | 1.76e-05
 120 | 1.51e-05
 121 | 1.32e-05
 122 | 1.15e-05
 123 | 9.69e-06
 124 | 8.37e-06
 125 | 7.41e-06
 126 | 6.73e-06
 127 | 5.14e-06
 128 | 4.48e-06
 129 | 4.14e-06
 130 | 3.91e-06
 131 | 3.79e-06
 132 | 3.71e-06
 133 | 3.69e-06
 134 | 3.67e-06
 135 | 3.71e-06
 136 | 3.78e-06
 137 | 3.88e-06
 138 | 4.03e-06
 139 | 4.21e-06
 140 | 4.40e-06
 141 | 4.63e-06
 142 | 4.88e-06
 143 | 5.11e-06
 144 | 5.26e-06
 145 | 5.53e-06
 146 | 5.78e-06
 147 | 6.10e-06
 148 | 6.45e-06
 149 | 6.82e-06
 150 | 7.20e-06
 151 | 7.59e-06
 152 | 7.95e-06
 153 | 8.27e-06
 154 | 8.62e-06
 155 | 8.68e-06
 156 | 8.70e-06
 157 | 5.96e-06
 158 | 6.03e-06
 159 | 6.12e-06
 160 | 6.34e-06
 161 | 6.58e-06
 162 | 6.77e-06
 163 | 7.03e-06
 164 | 7.33e-06
 165 | 7.62e-06
 166 | 7.92e-06
 167 | 8.20e-06
 168 | 8.36e-06
 169 | 8.46e-06
 170 | 8.21e-06
 171 | 7.92e-06
 172 | 7.94e-06
 173 | 7.91e-06
 174 | 7.85e-06
 175 | 7.76e-06
 176 | 7.61e-06
 177 | 7.35e-06
 178 | 7.07e-06
 179 | 6.75e-06
 180 | 6.42e-06
 181 | 6.10e-06
 182 | 5.77e-06
 183 | 5.43e-06
 184 | 5.06e-06
 185 | 4.74e-06
 186 | 4.45e-06
 187 | 4.11e-06
 188 | 3.74e-06
 189 | 3.25e-06
 190 | 3.00e-06
 191 | 2.81e-06
 192 | 2.64e-06
 193 | 2.51e-06
 194 | 2.41e-06
 195 | 2.34e-06
 196 | 2.30e-06
 197 | 2.28e-06
 198 | 2.28e-06
 199 | 2.30e-06
 200 | 2.33e-06
 201 | 2.39e-06
 202 | 2.43e-06
 203 | 2.48e-06
 204 | 2.56e-06
 205 | 2.63e-06
 206 | 2.69e-06
 207 | 2.79e-06
 208 | 2.88e-06
 209 | 2.97e-06
 210 | 3.07e-06
 211 | 3.16e-06
 212 | 3.27e-06
 213 | 3.39e-06
 214 | 3.55e-06
 215 | 3.71e-06
 216 | 3.86e-06
 217 | 4.00e-06
 218 | 4.14e-06
 219 | 4.15e-06
 220 | 4.27e-06
 221 | 4.42e-06
 222 | 4.55e-06
 223 | 4.60e-06
 224 | 4.69e-06
 225 | 4.80e-06
 226 | 4.91e-06
 227 | 5.15e-06
 228 | 5.44e-06
 229 | 5.70e-06
 230 | 5.89e-06
 231 | 6.09e-06
 232 | 6.40e-06
 233 | 6.75e-06
 234 | 7.18e-06
 235 | 7.56e-06
 236 | 7.89e-06
 237 | 7.54e-06
 238 | 7.12e-06
 239 | 6.99e-06
 240 | 7.01e-06
 241 | 6.93e-06
 242 | 6.96e-06
 243 | 7.01e-06
 244 | 6.86e-06
 245 | 6.63e-06
 246 | 6.48e-06
 247 | 5.74e-06
 248 | 5.62e-06
 249 | 5.43e-06
 250 | 5.34e-06
 251 | 5.16e-06
 252 | 4.88e-06
 253 | 4.69e-06
 254 | 4.52e-06
 255 | 4.42e-06
 256 | 4.29e-06
 257 | 4.16e-06
 258 | 4.08e-06
 259 | 4.00e-06
 260 | 3.96e-06
 261 | 3.94e-06
 262 | 3.91e-06
 263 | 3.86e-06
 264 | 3.83e-06
 265 | 3.79e-06
 266 | 3.68e-06
 267 | 3.61e-06
 268 | 3.56e-06
 269 | 3.50e-06
 270 | 3.44e-06
 271 | 3.35e-06
 272 | 3.29e-06
 273 | 3.11e-06
 274 | 2.94e-06
 275 | 2.75e-06
 276 | 2.63e-06
 277 | 2.53e-06
 278 | 2.38e-06
 279 | 2.27e-06
 280 | 2.17e-06
 281 | 2.04e-06
 282 | 1.94e-06
 283 | 1.87e-06
 284 | 1.80e-06
 285 | 1.73e-06
 286 | 1.68e-06
 287 | 1.64e-06
 288 | 1.61e-06
 289 | 1.54e-06
 290 | 1.51e-06
 291 | 1.49e-06
 292 | 1.47e-06
 293 | 1.45e-06
 294 | 1.42e-06
 295 | 1.40e-06
 296 | 1.39e-06
 297 | 1.38e-06
 298 | 1.36e-06
 299 | 1.34e-06
 300 | 1.33e-06
 301 | 1.32e-06
 302 | 1.31e-06
 303 | 1.31e-06
 304 | 1.31e-06
 305 | 1.28e-06
 306 | 1.22e-06
 307 | 1.20e-06
 308 | 1.18e-06
 309 | 1.17e-06
 310 | 1.16e-06
 311 | 1.15e-06
 312 | 1.14e-06
 313 | 1.13e-06
 314 | 1.11e-06
 315 | 1.08e-06
 316 | 1.06e-06
 317 | 1.05e-06
 318 | 1.04e-06
 319 | 1.03e-06
 320 | 1.02e-06
 321 | 1.00e-06
 322 | 9.75e-07
 323 | 9.77e-07
 324 | 9.80e-07
 325 | 9.80e-07
 326 | 9.84e-07
 327 | 9.90e-07
 328 | 9.95e-07
 329 | 9.86e-07
 330 | 9.88e-07
 331 | 9.94e-07
 332 | 1.00e-06
 333 | 1.02e-06
 334 | 1.03e-06
 335 | 7.82e-07
 336 | 7.45e-07
 337 | 7.32e-07
 338 | 7.17e-07
 339 | 7.08e-07
 340 | 7.02e-07
 341 | 6.90e-07
 342 | 6.79e-07
 343 | 6.57e-07
 344 | 6.44e-07
 345 | 6.31e-07
 346 | 6.19e-07
 347 | 6.10e-07
 348 | 6.04e-07
 349 | 6.01e-07
 350 | 5.96e-07
 351 | 5.86e-07
 352 | 5.83e-07
 353 | 5.81e-07
 354 | 5.78e-07
 355 | 5.72e-07
 356 | 5.72e-07
 357 | 5.66e-07
 358 | 5.65e-07
 359 | 5.67e-07
 360 | 5.72e-07
 361 | 5.75e-07
 362 | 5.85e-07
 363 | 6.02e-07
 364 | 6.17e-07
 365 | 6.33e-07
 366 | 6.47e-07
 367 | 6.66e-07
 368 | 6.89e-07
 369 | 7.14e-07
 370 | 7.35e-07
 371 | 7.56e-07
 372 | 7.78e-07
 373 | 7.99e-07
 374 | 8.22e-07
 375 | 8.46e-07
 376 | 8.61e-07
 377 | 8.84e-07
 378 | 9.04e-07
 379 | 9.20e-07
 380 | 9.20e-07
 381 | 9.30e-07
 382 | 9.34e-07
 383 | 9.51e-07
 384 | 9.77e-07
 385 | 1.02e-06
 386 | 1.06e-06
 387 | 1.09e-06
 388 | 1.15e-06
 389 | 1.21e-06
 390 | 1.26e-06
 391 | 1.31e-06
 392 | 1.35e-06
 393 | 1.40e-06
 394 | 1.40e-06
 395 | 1.44e-06
 396 | 1.46e-06
 397 | 1.49e-06
 398 | 1.52e-06
 399 | 1.54e-06
 400 | 1.56e-06
 401 | 1.56e-06
 402 | 1.51e-06
 403 | 1.50e-06
 404 | 1.48e-06
 405 | 1.45e-06
 406 | 1.40e-06
 407 | 1.35e-06
 408 | 1.30e-06
 409 | 1.24e-06
 410 | 1.17e-06
 411 | 1.10e-06
 412 | 1.04e-06
 413 | 9.31e-07
 414 | 8.80e-07
 415 | 8.43e-07
 416 | 8.10e-07
 417 | 7.82e-07
 418 | 7.62e-07
 419 | 7.45e-07
 420 | 7.39e-07
 421 | 7.33e-07
 422 | 7.33e-07
 423 | 7.30e-07
 424 | 7.56e-07
 425 | 7.89e-07
 426 | 8.19e-07
 427 | 8.71e-07
 428 | 9.29e-07
 429 | 9.90e-07
 430 | 1.04e-06
 431 | 1.10e-06
 432 | 1.15e-06
 433 | 1.16e-06
 434 | 1.11e-06
 435 | 1.07e-06
 436 | 1.03e-06
 437 | 9.79e-07
 438 | 9.18e-07
 439 | 8.61e-07
 440 | 7.93e-07
 441 | 7.31e-07
 442 | 6.63e-07
 443 | 5.95e-07
 444 | 5.29e-07
 445 | 4.72e-07
 446 | 4.28e-07
 447 | 3.89e-07
 448 | 3.52e-07
 449 | 3.17e-07
 450 | 2.88e-07
 451 | 2.62e-07
 452 | 2.40e-07
 453 | 2.22e-07
 454 | 2.07e-07
 455 | 1.94e-07
 456 | 1.84e-07
 457 | 1.74e-07
 458 | 1.65e-07
 459 | 1.57e-07
 460 | 1.50e-07
 461 | 1.43e-07
 462 | 1.37e-07
 463 | 1.29e-07
 464 | 1.24e-07
 465 | 1.19e-07
 466 | 1.14e-07
 467 | 1.11e-07
 468 | 1.08e-07
 469 | 1.05e-07
 470 | 1.02e-07
 471 | 1.00e-07
[2025-11-09 03:20:58] Run completed in 67.82 minutes
[2025-11-09 03:21:04] Saved NMF result to: /zata/zippy/kresgeb/nmf_stuff/dlPFC/data/batched_nmf/nmf_k90_seed1029_tol1e-07.rds
[2025-11-09 03:21:04] Appended run metadata to summary.csv
[2025-11-09 03:21:04] --------------------------------------------
[2025-11-09 03:21:04] Starting run 120 / 150: k=100, seed=1029, tol=1e-07
[2025-11-09 03:21:04] --------------------------------------------

iter |      tol 
---------------
   1 | 9.13e-01
   2 | 1.01e-01
   3 | 3.49e-02
   4 | 1.78e-02
   5 | 1.15e-02
   6 | 8.26e-03
   7 | 6.59e-03
   8 | 5.55e-03
   9 | 4.83e-03
  10 | 4.34e-03
  11 | 3.90e-03
  12 | 3.58e-03
  13 | 3.33e-03
  14 | 3.01e-03
  15 | 2.73e-03
  16 | 2.57e-03
  17 | 2.48e-03
  18 | 2.47e-03
  19 | 2.44e-03
  20 | 2.21e-03
  21 | 2.09e-03
  22 | 1.98e-03
  23 | 1.75e-03
  24 | 1.48e-03
  25 | 1.25e-03
  26 | 1.13e-03
  27 | 1.01e-03
  28 | 8.75e-04
  29 | 7.57e-04
  30 | 6.24e-04
  31 | 4.83e-04
  32 | 3.52e-04
  33 | 3.03e-04
  34 | 2.83e-04
  35 | 2.70e-04
  36 | 2.61e-04
  37 | 2.57e-04
  38 | 2.55e-04
  39 | 2.55e-04
  40 | 2.57e-04
  41 | 2.59e-04
  42 | 2.61e-04
  43 | 2.59e-04
  44 | 2.67e-04
  45 | 2.78e-04
  46 | 2.94e-04
  47 | 3.10e-04
  48 | 3.24e-04
  49 | 3.21e-04
  50 | 3.29e-04
  51 | 3.23e-04
  52 | 3.17e-04
  53 | 3.01e-04
  54 | 2.76e-04
  55 | 2.67e-04
  56 | 2.66e-04
  57 | 2.33e-04
  58 | 2.22e-04
  59 | 2.42e-04
  60 | 2.66e-04
  61 | 2.75e-04
  62 | 2.06e-04
  63 | 1.87e-04
  64 | 1.66e-04
  65 | 1.46e-04
  66 | 1.22e-04
  67 | 7.57e-05
  68 | 6.19e-05
  69 | 3.98e-05
  70 | 3.50e-05
  71 | 3.11e-05
  72 | 2.89e-05
  73 | 2.76e-05
  74 | 2.71e-05
  75 | 2.71e-05
  76 | 2.78e-05
  77 | 2.86e-05
  78 | 2.93e-05
  79 | 3.05e-05
  80 | 3.12e-05
  81 | 3.28e-05
  82 | 3.51e-05
  83 | 3.82e-05
  84 | 4.16e-05
  85 | 4.78e-05
  86 | 5.56e-05
  87 | 6.31e-05
  88 | 7.26e-05
  89 | 8.78e-05
  90 | 1.11e-04
  91 | 1.42e-04
  92 | 1.95e-04
  93 | 2.32e-04
  94 | 2.78e-04
  95 | 3.23e-04
  96 | 3.15e-04
  97 | 2.66e-04
  98 | 2.06e-04
  99 | 1.37e-04
 100 | 4.61e-05
 101 | 2.00e-05
 102 | 1.50e-05
 103 | 1.30e-05
 104 | 1.21e-05
 105 | 1.15e-05
 106 | 1.08e-05
 107 | 1.02e-05
 108 | 1.01e-05
 109 | 1.01e-05
 110 | 1.01e-05
 111 | 1.01e-05
 112 | 1.01e-05
 113 | 1.03e-05
 114 | 1.04e-05
 115 | 1.08e-05
 116 | 1.08e-05
 117 | 1.12e-05
 118 | 1.17e-05
 119 | 1.23e-05
 120 | 1.30e-05
 121 | 1.36e-05
 122 | 1.39e-05
 123 | 1.41e-05
 124 | 1.42e-05
 125 | 1.42e-05
 126 | 1.34e-05
 127 | 1.32e-05
 128 | 1.31e-05
 129 | 1.32e-05
 130 | 1.32e-05
 131 | 1.32e-05
 132 | 1.32e-05
 133 | 1.31e-05
 134 | 1.30e-05
 135 | 1.30e-05
 136 | 1.24e-05
 137 | 1.21e-05
 138 | 1.20e-05
 139 | 1.19e-05
 140 | 1.17e-05
 141 | 1.19e-05
 142 | 1.22e-05
 143 | 1.24e-05
 144 | 1.29e-05
 145 | 1.35e-05
 146 | 1.43e-05
 147 | 1.50e-05
 148 | 1.58e-05
 149 | 1.68e-05
 150 | 1.82e-05
 151 | 1.99e-05
 152 | 2.18e-05
 153 | 2.31e-05
 154 | 2.48e-05
 155 | 2.64e-05
 156 | 2.79e-05
 157 | 2.92e-05
 158 | 2.99e-05
 159 | 2.99e-05
 160 | 2.85e-05
 161 | 2.74e-05
 162 | 2.59e-05
 163 | 2.41e-05
 164 | 2.22e-05
 165 | 2.00e-05
 166 | 1.79e-05
 167 | 1.61e-05
 168 | 1.45e-05
 169 | 1.30e-05
 170 | 1.18e-05
 171 | 1.09e-05
 172 | 1.01e-05
 173 | 9.68e-06
 174 | 9.44e-06
 175 | 9.24e-06
 176 | 9.22e-06
 177 | 9.38e-06
 178 | 9.64e-06
 179 | 9.94e-06
 180 | 1.03e-05
 181 | 1.06e-05
 182 | 1.10e-05
 183 | 1.15e-05
 184 | 1.20e-05
 185 | 1.24e-05
 186 | 1.29e-05
 187 | 1.30e-05
 188 | 1.34e-05
 189 | 1.40e-05
 190 | 1.46e-05
 191 | 1.50e-05
 192 | 1.54e-05
 193 | 1.57e-05
 194 | 1.60e-05
 195 | 1.58e-05
 196 | 1.54e-05
 197 | 1.43e-05
 198 | 1.32e-05
 199 | 1.23e-05
 200 | 1.12e-05
 201 | 9.94e-06
 202 | 8.63e-06
 203 | 7.52e-06
 204 | 6.59e-06
 205 | 5.87e-06
 206 | 5.16e-06
 207 | 4.69e-06
 208 | 4.33e-06
 209 | 4.10e-06
 210 | 3.98e-06
 211 | 3.98e-06
 212 | 4.03e-06
 213 | 4.20e-06
 214 | 4.46e-06
 215 | 4.77e-06
 216 | 5.04e-06
 217 | 5.52e-06
 218 | 6.13e-06
 219 | 6.81e-06
 220 | 7.59e-06
 221 | 8.43e-06
 222 | 9.15e-06
 223 | 1.01e-05
 224 | 1.10e-05
 225 | 1.20e-05
 226 | 1.29e-05
 227 | 1.37e-05
 228 | 1.45e-05
 229 | 1.49e-05
 230 | 1.39e-05
 231 | 1.37e-05
 232 | 1.36e-05
 233 | 1.33e-05
 234 | 1.26e-05
 235 | 1.19e-05
 236 | 1.12e-05
 237 | 1.00e-05
 238 | 8.86e-06
 239 | 7.65e-06
 240 | 6.09e-06
 241 | 5.05e-06
 242 | 4.40e-06
 243 | 3.85e-06
 244 | 3.40e-06
 245 | 2.99e-06
 246 | 2.66e-06
 247 | 2.47e-06
 248 | 2.32e-06
 249 | 2.01e-06
 250 | 2.06e-06
 251 | 2.13e-06
 252 | 2.25e-06
 253 | 2.42e-06
 254 | 2.61e-06
 255 | 2.81e-06
 256 | 3.08e-06
 257 | 3.36e-06
 258 | 3.74e-06
 259 | 4.17e-06
 260 | 4.66e-06
 261 | 5.20e-06
 262 | 5.71e-06
 263 | 6.44e-06
 264 | 7.33e-06
 265 | 8.20e-06
 266 | 9.04e-06
 267 | 9.94e-06
 268 | 1.10e-05
 269 | 1.21e-05
 270 | 1.19e-05
 271 | 1.12e-05
 272 | 1.14e-05
 273 | 1.15e-05
 274 | 1.16e-05
 275 | 1.19e-05
 276 | 1.19e-05
 277 | 1.14e-05
 278 | 1.10e-05
 279 | 1.07e-05
 280 | 1.04e-05
 281 | 1.03e-05
 282 | 1.01e-05
 283 | 9.89e-06
 284 | 9.46e-06
 285 | 8.66e-06
 286 | 7.71e-06
 287 | 7.25e-06
 288 | 6.96e-06
 289 | 6.69e-06
 290 | 6.34e-06
 291 | 6.10e-06
 292 | 5.89e-06
 293 | 5.63e-06
 294 | 5.36e-06
 295 | 5.20e-06
 296 | 5.05e-06
 297 | 4.87e-06
 298 | 4.76e-06
 299 | 4.66e-06
 300 | 4.56e-06
 301 | 4.47e-06
 302 | 4.35e-06
 303 | 4.27e-06
 304 | 4.19e-06
 305 | 4.14e-06
 306 | 4.12e-06
 307 | 3.56e-06
 308 | 3.22e-06
 309 | 3.01e-06
 310 | 2.87e-06
 311 | 2.77e-06
 312 | 2.70e-06
 313 | 2.62e-06
 314 | 2.54e-06
 315 | 2.49e-06
 316 | 2.45e-06
 317 | 2.41e-06
 318 | 2.39e-06
 319 | 2.27e-06
 320 | 2.18e-06
 321 | 2.14e-06
 322 | 2.04e-06
 323 | 1.98e-06
 324 | 1.84e-06
 325 | 1.79e-06
 326 | 1.75e-06
 327 | 1.71e-06
 328 | 1.65e-06
 329 | 1.57e-06
 330 | 1.53e-06
 331 | 1.51e-06
 332 | 1.52e-06
 333 | 1.52e-06
 334 | 1.53e-06
 335 | 1.53e-06
 336 | 1.53e-06
 337 | 1.53e-06
 338 | 1.54e-06
 339 | 1.55e-06
 340 | 1.56e-06
 341 | 1.56e-06
 342 | 1.56e-06
 343 | 1.55e-06
 344 | 1.50e-06
 345 | 1.45e-06
 346 | 1.44e-06
 347 | 1.42e-06
 348 | 1.39e-06
 349 | 1.28e-06
 350 | 1.27e-06
 351 | 1.27e-06
 352 | 1.25e-06
 353 | 1.24e-06
 354 | 1.23e-06
 355 | 1.22e-06
 356 | 1.20e-06
 357 | 1.19e-06
 358 | 1.17e-06
 359 | 1.15e-06
 360 | 1.15e-06
 361 | 1.14e-06
 362 | 1.14e-06
 363 | 1.13e-06
 364 | 1.13e-06
 365 | 1.12e-06
 366 | 1.12e-06
 367 | 1.13e-06
 368 | 1.13e-06
 369 | 1.15e-06
 370 | 1.13e-06
 371 | 1.17e-06
 372 | 1.23e-06
 373 | 1.30e-06
 374 | 1.37e-06
 375 | 1.45e-06
 376 | 1.53e-06
 377 | 1.61e-06
 378 | 1.70e-06
 379 | 1.80e-06
 380 | 1.90e-06
 381 | 2.00e-06
 382 | 2.12e-06
 383 | 2.22e-06
 384 | 2.35e-06
 385 | 2.51e-06
 386 | 2.68e-06
 387 | 2.86e-06
 388 | 3.04e-06
 389 | 3.23e-06
 390 | 3.43e-06
 391 | 3.66e-06
 392 | 3.88e-06
 393 | 4.09e-06
 394 | 4.27e-06
 395 | 4.42e-06
 396 | 4.53e-06
 397 | 4.61e-06
 398 | 4.64e-06
 399 | 4.60e-06
 400 | 4.47e-06
 401 | 4.30e-06
 402 | 4.07e-06
 403 | 3.79e-06
 404 | 3.47e-06
 405 | 3.14e-06
 406 | 2.81e-06
 407 | 2.46e-06
 408 | 2.13e-06
 409 | 1.83e-06
 410 | 1.56e-06
 411 | 1.32e-06
 412 | 1.11e-06
 413 | 9.30e-07
 414 | 7.82e-07
 415 | 6.59e-07
 416 | 5.61e-07
 417 | 4.84e-07
 418 | 4.24e-07
 419 | 3.78e-07
 420 | 3.43e-07
 421 | 3.16e-07
 422 | 2.93e-07
 423 | 2.77e-07
 424 | 2.53e-07
 425 | 2.50e-07
 426 | 2.44e-07
 427 | 2.41e-07
 428 | 2.38e-07
 429 | 2.37e-07
 430 | 2.38e-07
 431 | 2.39e-07
 432 | 2.43e-07
 433 | 2.45e-07
 434 | 2.49e-07
 435 | 2.55e-07
 436 | 2.62e-07
 437 | 2.67e-07
 438 | 2.73e-07
 439 | 2.77e-07
 440 | 2.83e-07
 441 | 2.92e-07
 442 | 3.05e-07
 443 | 3.21e-07
 444 | 3.44e-07
 445 | 3.70e-07
 446 | 3.97e-07
 447 | 4.34e-07
 448 | 4.58e-07
 449 | 4.96e-07
 450 | 5.42e-07
 451 | 5.97e-07
 452 | 6.62e-07
 453 | 7.25e-07
 454 | 7.75e-07
 455 | 8.32e-07
 456 | 8.84e-07
 457 | 9.25e-07
 458 | 9.58e-07
 459 | 9.82e-07
 460 | 1.02e-06
 461 | 1.08e-06
 462 | 1.14e-06
 463 | 1.20e-06
 464 | 1.25e-06
 465 | 1.29e-06
 466 | 1.34e-06
 467 | 1.42e-06
 468 | 1.49e-06
 469 | 1.55e-06
 470 | 1.63e-06
 471 | 1.73e-06
 472 | 1.83e-06
 473 | 1.92e-06
 474 | 2.03e-06
 475 | 2.14e-06
 476 | 2.22e-06
 477 | 2.30e-06
 478 | 2.36e-06
 479 | 2.50e-06
 480 | 2.62e-06
 481 | 2.68e-06
 482 | 2.75e-06
 483 | 2.76e-06
 484 | 2.77e-06
 485 | 2.71e-06
 486 | 2.61e-06
 487 | 2.47e-06
 488 | 2.22e-06
 489 | 1.95e-06
 490 | 1.79e-06
 491 | 1.63e-06
 492 | 1.46e-06
 493 | 1.30e-06
 494 | 1.15e-06
 495 | 1.01e-06
 496 | 8.89e-07
 497 | 7.77e-07
 498 | 6.78e-07
 499 | 5.94e-07
 500 | 5.24e-07
 501 | 4.64e-07
 502 | 4.16e-07
 503 | 3.75e-07
 504 | 3.39e-07
 505 | 3.13e-07
 506 | 2.92e-07
 507 | 2.74e-07
 508 | 2.60e-07
 509 | 2.51e-07
 510 | 2.44e-07
 511 | 2.39e-07
 512 | 2.35e-07
 513 | 2.35e-07
 514 | 2.35e-07
 515 | 2.37e-07
 516 | 2.40e-07
 517 | 2.43e-07
 518 | 2.46e-07
 519 | 2.51e-07
 520 | 2.56e-07
 521 | 2.63e-07
 522 | 2.67e-07
 523 | 2.71e-07
 524 | 2.77e-07
 525 | 2.85e-07
 526 | 2.92e-07
 527 | 2.99e-07
 528 | 3.03e-07
 529 | 3.08e-07
 530 | 3.13e-07
 531 | 3.17e-07
 532 | 3.17e-07
 533 | 3.23e-07
 534 | 3.28e-07
 535 | 3.35e-07
 536 | 3.41e-07
 537 | 3.44e-07
 538 | 3.50e-07
 539 | 3.59e-07
 540 | 3.68e-07
 541 | 3.77e-07
 542 | 3.86e-07
 543 | 3.88e-07
 544 | 3.93e-07
 545 | 3.99e-07
 546 | 4.06e-07
 547 | 4.13e-07
 548 | 4.16e-07
 549 | 4.22e-07
 550 | 4.27e-07
 551 | 4.30e-07
 552 | 4.34e-07
 553 | 4.27e-07
 554 | 4.30e-07
 555 | 4.34e-07
 556 | 4.38e-07
 557 | 4.42e-07
 558 | 4.48e-07
 559 | 4.54e-07
 560 | 4.57e-07
 561 | 4.57e-07
 562 | 4.61e-07
 563 | 4.70e-07
 564 | 4.73e-07
 565 | 4.81e-07
 566 | 4.91e-07
 567 | 4.86e-07
 568 | 4.65e-07
 569 | 4.62e-07
 570 | 4.64e-07
 571 | 4.69e-07
 572 | 4.66e-07
 573 | 4.67e-07
 574 | 4.65e-07
 575 | 4.67e-07
 576 | 4.54e-07
 577 | 4.55e-07
 578 | 4.58e-07
 579 | 4.49e-07
 580 | 4.50e-07
 581 | 4.53e-07
 582 | 4.57e-07
 583 | 4.61e-07
 584 | 4.60e-07
 585 | 4.61e-07
 586 | 4.64e-07
 587 | 4.54e-07
 588 | 4.23e-07
 589 | 4.09e-07
 590 | 4.00e-07
 591 | 3.93e-07
 592 | 3.74e-07
 593 | 3.67e-07
 594 | 3.46e-07
 595 | 3.32e-07
 596 | 3.24e-07
 597 | 3.22e-07
 598 | 3.21e-07
 599 | 3.22e-07
 600 | 3.26e-07
 601 | 3.30e-07
 602 | 3.40e-07
 603 | 3.54e-07
 604 | 3.71e-07
 605 | 3.91e-07
 606 | 4.08e-07
 607 | 4.32e-07
 608 | 4.58e-07
 609 | 4.83e-07
 610 | 5.19e-07
 611 | 5.63e-07
 612 | 6.10e-07
 613 | 6.63e-07
 614 | 7.22e-07
 615 | 7.00e-07
 616 | 5.30e-07
 617 | 4.36e-07
 618 | 3.72e-07
 619 | 3.29e-07
 620 | 2.91e-07
 621 | 2.61e-07
 622 | 2.47e-07
 623 | 2.27e-07
 624 | 2.22e-07
 625 | 2.21e-07
 626 | 2.23e-07
 627 | 2.28e-07
 628 | 2.36e-07
 629 | 2.47e-07
 630 | 2.60e-07
 631 | 2.74e-07
 632 | 2.90e-07
 633 | 3.09e-07
 634 | 3.28e-07
 635 | 3.49e-07
 636 | 3.73e-07
 637 | 4.00e-07
 638 | 4.28e-07
 639 | 4.59e-07
 640 | 3.55e-07
 641 | 3.07e-07
 642 | 2.83e-07
 643 | 2.68e-07
 644 | 2.55e-07
 645 | 2.45e-07
 646 | 2.38e-07
 647 | 2.32e-07
 648 | 2.27e-07
 649 | 2.19e-07
 650 | 2.10e-07
 651 | 2.05e-07
 652 | 2.02e-07
 653 | 1.99e-07
 654 | 1.96e-07
 655 | 1.95e-07
 656 | 1.94e-07
 657 | 1.86e-07
 658 | 1.78e-07
 659 | 1.74e-07
 660 | 1.72e-07
 661 | 1.39e-07
 662 | 1.32e-07
 663 | 1.28e-07
 664 | 1.25e-07
 665 | 1.23e-07
 666 | 1.21e-07
 667 | 1.20e-07
 668 | 1.18e-07
 669 | 1.16e-07
 670 | 1.15e-07
 671 | 1.14e-07
 672 | 1.14e-07
 673 | 1.13e-07
 674 | 1.13e-07
 675 | 1.13e-07
 676 | 1.13e-07
 677 | 1.13e-07
 678 | 1.13e-07
 679 | 1.14e-07
 680 | 1.15e-07
 681 | 1.15e-07
 682 | 1.16e-07
 683 | 1.18e-07
 684 | 1.19e-07
 685 | 1.21e-07
 686 | 1.21e-07
 687 | 1.21e-07
 688 | 1.21e-07
 689 | 1.22e-07
 690 | 1.22e-07
 691 | 1.22e-07
 692 | 1.23e-07
 693 | 1.25e-07
 694 | 1.26e-07
 695 | 1.27e-07
 696 | 1.26e-07
 697 | 1.27e-07
 698 | 1.28e-07
 699 | 1.28e-07
 700 | 1.28e-07
 701 | 1.28e-07
 702 | 1.28e-07
 703 | 1.29e-07
 704 | 1.28e-07
 705 | 1.26e-07
 706 | 1.25e-07
 707 | 1.25e-07
 708 | 1.25e-07
 709 | 1.25e-07
 710 | 1.25e-07
 711 | 1.25e-07
 712 | 1.25e-07
 713 | 1.26e-07
 714 | 1.27e-07
 715 | 1.28e-07
 716 | 1.30e-07
 717 | 1.31e-07
 718 | 1.32e-07
 719 | 1.33e-07
 720 | 1.33e-07
 721 | 1.34e-07
 722 | 1.35e-07
 723 | 1.37e-07
 724 | 1.38e-07
 725 | 1.40e-07
 726 | 1.41e-07
 727 | 1.43e-07
 728 | 1.44e-07
 729 | 1.46e-07
 730 | 1.48e-07
 731 | 1.51e-07
 732 | 1.54e-07
 733 | 1.57e-07
 734 | 1.61e-07
 735 | 1.63e-07
 736 | 1.65e-07
 737 | 1.68e-07
 738 | 1.72e-07
 739 | 1.77e-07
 740 | 1.82e-07
 741 | 1.88e-07
 742 | 1.91e-07
 743 | 1.95e-07
 744 | 2.01e-07
 745 | 2.07e-07
 746 | 2.13e-07
 747 | 2.19e-07
 748 | 2.26e-07
 749 | 2.33e-07
 750 | 2.40e-07
 751 | 2.49e-07
 752 | 2.58e-07
 753 | 2.67e-07
 754 | 2.76e-07
 755 | 2.87e-07
 756 | 2.98e-07
 757 | 3.09e-07
 758 | 3.21e-07
 759 | 3.35e-07
 760 | 3.48e-07
 761 | 3.61e-07
 762 | 3.75e-07
 763 | 3.91e-07
 764 | 4.08e-07
 765 | 4.26e-07
 766 | 4.44e-07
 767 | 4.60e-07
 768 | 4.81e-07
 769 | 4.98e-07
 770 | 5.20e-07
 771 | 5.44e-07
 772 | 5.71e-07
 773 | 5.99e-07
 774 | 6.29e-07
 775 | 6.59e-07
 776 | 6.85e-07
 777 | 6.92e-07
 778 | 7.17e-07
 779 | 7.51e-07
 780 | 7.86e-07
 781 | 8.24e-07
 782 | 8.66e-07
 783 | 9.12e-07
 784 | 9.64e-07
 785 | 1.02e-06
 786 | 1.08e-06
 787 | 1.16e-06
 788 | 1.24e-06
 789 | 1.33e-06
 790 | 1.44e-06
 791 | 1.56e-06
 792 | 1.70e-06
 793 | 1.86e-06
 794 | 2.04e-06
 795 | 2.25e-06
 796 | 2.49e-06
 797 | 2.72e-06
 798 | 2.92e-06
 799 | 3.15e-06
 800 | 3.11e-06
 801 | 3.29e-06
 802 | 3.52e-06
 803 | 3.79e-06
 804 | 3.93e-06
 805 | 4.13e-06
 806 | 4.28e-06
 807 | 4.47e-06
 808 | 4.70e-06
 809 | 4.96e-06
 810 | 5.22e-06
 811 | 5.51e-06
 812 | 5.83e-06
 813 | 6.15e-06
 814 | 6.52e-06
 815 | 6.68e-06
 816 | 6.57e-06
 817 | 6.60e-06
 818 | 6.85e-06
 819 | 7.11e-06
 820 | 7.32e-06
 821 | 7.38e-06
 822 | 7.47e-06
 823 | 7.50e-06
 824 | 7.50e-06
 825 | 7.35e-06
 826 | 7.29e-06
 827 | 7.24e-06
 828 | 7.30e-06
 829 | 7.35e-06
 830 | 7.33e-06
 831 | 7.45e-06
 832 | 7.59e-06
 833 | 7.64e-06
 834 | 7.48e-06
 835 | 7.43e-06
 836 | 7.42e-06
 837 | 6.38e-06
 838 | 5.63e-06
 839 | 5.08e-06
 840 | 4.71e-06
 841 | 4.41e-06
 842 | 4.20e-06
 843 | 4.03e-06
 844 | 3.89e-06
 845 | 3.75e-06
 846 | 3.53e-06
 847 | 3.25e-06
 848 | 3.17e-06
 849 | 3.01e-06
 850 | 2.91e-06
 851 | 2.87e-06
 852 | 2.84e-06
 853 | 2.65e-06
 854 | 2.52e-06
 855 | 2.49e-06
 856 | 2.42e-06
 857 | 2.39e-06
 858 | 2.38e-06
 859 | 2.38e-06
 860 | 2.39e-06
 861 | 2.33e-06
 862 | 2.27e-06
 863 | 2.15e-06
 864 | 2.14e-06
 865 | 2.15e-06
 866 | 2.16e-06
 867 | 2.16e-06
 868 | 2.18e-06
 869 | 2.15e-06
 870 | 2.18e-06
 871 | 2.19e-06
 872 | 2.21e-06
 873 | 2.23e-06
 874 | 2.29e-06
 875 | 2.36e-06
 876 | 2.41e-06
 877 | 2.45e-06
 878 | 2.24e-06
 879 | 2.08e-06
 880 | 1.98e-06
 881 | 1.95e-06
 882 | 1.92e-06
 883 | 1.88e-06
 884 | 1.86e-06
 885 | 1.84e-06
 886 | 1.84e-06
 887 | 1.83e-06
 888 | 1.82e-06
 889 | 1.70e-06
 890 | 1.63e-06
 891 | 1.58e-06
 892 | 1.54e-06
 893 | 1.50e-06
 894 | 1.48e-06
 895 | 1.48e-06
 896 | 1.46e-06
 897 | 1.37e-06
 898 | 1.33e-06
 899 | 1.32e-06
 900 | 1.32e-06
 901 | 1.32e-06
 902 | 1.33e-06
 903 | 1.00e-06
 904 | 9.93e-07
 905 | 9.92e-07
 906 | 9.76e-07
 907 | 9.63e-07
 908 | 9.55e-07
 909 | 9.54e-07
 910 | 9.20e-07
 911 | 9.13e-07
 912 | 9.13e-07
 913 | 9.16e-07
 914 | 9.06e-07
 915 | 9.05e-07
 916 | 8.96e-07
 917 | 8.68e-07
 918 | 8.51e-07
 919 | 8.43e-07
 920 | 8.33e-07
 921 | 8.34e-07
 922 | 8.42e-07
 923 | 8.53e-07
 924 | 8.57e-07
 925 | 8.70e-07
 926 | 8.91e-07
 927 | 9.17e-07
 928 | 9.04e-07
 929 | 9.30e-07
 930 | 9.49e-07
 931 | 9.80e-07
 932 | 1.02e-06
 933 | 1.07e-06
 934 | 1.13e-06
 935 | 1.20e-06
 936 | 1.29e-06
 937 | 1.37e-06
 938 | 1.48e-06
 939 | 1.59e-06
 940 | 1.71e-06
 941 | 1.86e-06
 942 | 2.02e-06
 943 | 2.18e-06
 944 | 2.09e-06
 945 | 2.02e-06
 946 | 2.01e-06
 947 | 2.05e-06
 948 | 2.10e-06
 949 | 2.16e-06
 950 | 2.25e-06
 951 | 2.36e-06
 952 | 2.50e-06
 953 | 2.08e-06
 954 | 1.54e-06
 955 | 1.40e-06
 956 | 1.37e-06
 957 | 1.37e-06
 958 | 1.38e-06
 959 | 1.38e-06
 960 | 1.41e-06
 961 | 1.42e-06
 962 | 1.44e-06
 963 | 1.49e-06
 964 | 1.56e-06
 965 | 1.65e-06
 966 | 1.75e-06
 967 | 1.86e-06
 968 | 1.98e-06
 969 | 2.09e-06
 970 | 2.23e-06
 971 | 2.31e-06
 972 | 2.32e-06
 973 | 2.12e-06
 974 | 2.13e-06
 975 | 2.20e-06
 976 | 2.23e-06
 977 | 2.35e-06
 978 | 2.48e-06
 979 | 2.63e-06
 980 | 2.80e-06
 981 | 3.00e-06
 982 | 3.23e-06
 983 | 3.00e-06
 984 | 2.73e-06
 985 | 2.63e-06
 986 | 2.59e-06
 987 | 2.54e-06
 988 | 2.54e-06
 989 | 2.55e-06
 990 | 2.52e-06
 991 | 2.52e-06
 992 | 2.38e-06
 993 | 2.28e-06
 994 | 2.22e-06
 995 | 2.18e-06
 996 | 2.14e-06
 997 | 2.11e-06
 998 | 2.08e-06
 999 | 2.04e-06
1000 | 2.00e-06
 convergence not reached in 1000 iterations
  (actual tol = 2.00e-06, target tol = 1.00e-07)
[2025-11-09 06:06:03] Run completed in 164.99 minutes
[2025-11-09 06:06:09] Saved NMF result to: /zata/zippy/kresgeb/nmf_stuff/dlPFC/data/batched_nmf/nmf_k100_seed1029_tol1e-07.rds
[2025-11-09 06:06:09] Appended run metadata to summary.csv
[2025-11-09 06:06:09] --------------------------------------------
[2025-11-09 06:06:09] Starting run 121 / 150: k=10, seed=31415, tol=1e-07
[2025-11-09 06:06:09] --------------------------------------------

iter |      tol 
---------------
   1 | 9.31e-01
   2 | 1.13e-01
   3 | 1.99e-02
   4 | 1.09e-02
   5 | 7.19e-03
   6 | 4.44e-03
   7 | 2.59e-03
   8 | 1.75e-03
   9 | 1.17e-03
  10 | 7.41e-04
  11 | 4.66e-04
  12 | 2.96e-04
  13 | 1.94e-04
  14 | 1.32e-04
  15 | 9.23e-05
  16 | 6.62e-05
  17 | 4.85e-05
  18 | 3.65e-05
  19 | 2.81e-05
  20 | 2.21e-05
  21 | 1.78e-05
  22 | 1.46e-05
  23 | 1.22e-05
  24 | 1.05e-05
  25 | 9.08e-06
  26 | 8.00e-06
  27 | 7.13e-06
  28 | 6.42e-06
  29 | 5.82e-06
  30 | 5.31e-06
  31 | 4.85e-06
  32 | 4.45e-06
  33 | 4.10e-06
  34 | 3.78e-06
  35 | 3.49e-06
  36 | 3.23e-06
  37 | 2.98e-06
  38 | 2.76e-06
  39 | 2.55e-06
  40 | 2.35e-06
  41 | 2.17e-06
  42 | 2.00e-06
  43 | 1.83e-06
  44 | 1.68e-06
  45 | 1.53e-06
  46 | 1.40e-06
  47 | 1.27e-06
  48 | 1.14e-06
  49 | 1.00e-06
  50 | 8.92e-07
  51 | 7.92e-07
  52 | 7.04e-07
  53 | 6.27e-07
  54 | 5.58e-07
  55 | 4.97e-07
  56 | 4.42e-07
  57 | 3.93e-07
  58 | 3.50e-07
  59 | 3.11e-07
  60 | 2.77e-07
  61 | 2.46e-07
  62 | 2.19e-07
  63 | 1.95e-07
  64 | 1.74e-07
  65 | 1.55e-07
  66 | 1.38e-07
  67 | 1.22e-07
  68 | 1.09e-07
  69 | 9.69e-08
[2025-11-09 06:08:37] Run completed in 2.46 minutes
[2025-11-09 06:08:38] Saved NMF result to: /zata/zippy/kresgeb/nmf_stuff/dlPFC/data/batched_nmf/nmf_k10_seed31415_tol1e-07.rds
[2025-11-09 06:08:38] Appended run metadata to summary.csv
[2025-11-09 06:08:38] --------------------------------------------
[2025-11-09 06:08:38] Starting run 122 / 150: k=20, seed=31415, tol=1e-07
[2025-11-09 06:08:38] --------------------------------------------

iter |      tol 
---------------
   1 | 9.25e-01
   2 | 1.24e-01
   3 | 3.95e-02
   4 | 1.84e-02
   5 | 1.11e-02
   6 | 8.96e-03
   7 | 6.91e-03
   8 | 4.72e-03
   9 | 3.03e-03
  10 | 1.90e-03
  11 | 1.18e-03
  12 | 7.46e-04
  13 | 4.88e-04
  14 | 3.28e-04
  15 | 2.29e-04
  16 | 1.67e-04
  17 | 1.32e-04
  18 | 1.09e-04
  19 | 9.40e-05
  20 | 8.39e-05
  21 | 7.71e-05
  22 | 7.24e-05
  23 | 6.87e-05
  24 | 6.56e-05
  25 | 6.37e-05
  26 | 6.26e-05
  27 | 6.17e-05
  28 | 6.12e-05
  29 | 6.12e-05
  30 | 6.17e-05
  31 | 6.21e-05
  32 | 6.20e-05
  33 | 6.14e-05
  34 | 6.06e-05
  35 | 6.00e-05
  36 | 5.98e-05
  37 | 6.00e-05
  38 | 6.04e-05
  39 | 6.08e-05
  40 | 6.11e-05
  41 | 6.17e-05
  42 | 6.22e-05
  43 | 6.34e-05
  44 | 6.59e-05
  45 | 6.99e-05
  46 | 7.62e-05
  47 | 8.26e-05
  48 | 8.71e-05
  49 | 8.87e-05
  50 | 8.53e-05
  51 | 7.68e-05
  52 | 6.49e-05
  53 | 5.22e-05
  54 | 4.16e-05
  55 | 3.33e-05
  56 | 2.76e-05
  57 | 2.39e-05
  58 | 2.13e-05
  59 | 1.94e-05
  60 | 1.80e-05
  61 | 1.66e-05
  62 | 1.54e-05
  63 | 1.42e-05
  64 | 1.30e-05
  65 | 1.17e-05
  66 | 1.03e-05
  67 | 8.89e-06
  68 | 7.45e-06
  69 | 6.09e-06
  70 | 4.90e-06
  71 | 3.97e-06
  72 | 3.29e-06
  73 | 2.80e-06
  74 | 2.45e-06
  75 | 2.20e-06
  76 | 2.01e-06
  77 | 1.88e-06
  78 | 1.79e-06
  79 | 1.72e-06
  80 | 1.66e-06
  81 | 1.61e-06
  82 | 1.57e-06
  83 | 1.54e-06
  84 | 1.51e-06
  85 | 1.48e-06
  86 | 1.46e-06
  87 | 1.45e-06
  88 | 1.43e-06
  89 | 1.41e-06
  90 | 1.40e-06
  91 | 1.38e-06
  92 | 1.37e-06
  93 | 1.36e-06
  94 | 1.34e-06
  95 | 1.32e-06
  96 | 1.30e-06
  97 | 1.29e-06
  98 | 1.27e-06
  99 | 1.26e-06
 100 | 1.24e-06
 101 | 1.23e-06
 102 | 1.21e-06
 103 | 1.20e-06
 104 | 1.18e-06
 105 | 1.17e-06
 106 | 1.15e-06
 107 | 1.14e-06
 108 | 1.12e-06
 109 | 1.11e-06
 110 | 1.10e-06
 111 | 1.08e-06
 112 | 1.06e-06
 113 | 1.05e-06
 114 | 1.03e-06
 115 | 1.02e-06
 116 | 1.00e-06
 117 | 9.90e-07
 118 | 9.76e-07
 119 | 9.64e-07
 120 | 9.52e-07
 121 | 9.40e-07
 122 | 9.29e-07
 123 | 9.17e-07
 124 | 9.04e-07
 125 | 8.91e-07
 126 | 8.80e-07
 127 | 8.69e-07
 128 | 8.61e-07
 129 | 8.54e-07
 130 | 8.46e-07
 131 | 8.38e-07
 132 | 8.32e-07
 133 | 8.25e-07
 134 | 8.20e-07
 135 | 8.15e-07
 136 | 8.10e-07
 137 | 8.07e-07
 138 | 8.03e-07
 139 | 8.00e-07
 140 | 7.97e-07
 141 | 7.94e-07
 142 | 7.92e-07
 143 | 7.90e-07
 144 | 7.87e-07
 145 | 7.86e-07
 146 | 7.86e-07
 147 | 7.86e-07
 148 | 7.86e-07
 149 | 7.87e-07
 150 | 7.88e-07
 151 | 7.90e-07
 152 | 7.92e-07
 153 | 7.95e-07
 154 | 7.98e-07
 155 | 8.01e-07
 156 | 8.05e-07
 157 | 8.08e-07
 158 | 8.12e-07
 159 | 8.16e-07
 160 | 8.21e-07
 161 | 8.28e-07
 162 | 8.36e-07
 163 | 8.45e-07
 164 | 8.56e-07
 165 | 8.68e-07
 166 | 8.79e-07
 167 | 8.90e-07
 168 | 9.02e-07
 169 | 9.14e-07
 170 | 9.27e-07
 171 | 9.40e-07
 172 | 9.51e-07
 173 | 9.63e-07
 174 | 9.73e-07
 175 | 9.81e-07
 176 | 9.90e-07
 177 | 1.00e-06
 178 | 1.01e-06
 179 | 1.02e-06
 180 | 1.03e-06
 181 | 1.04e-06
 182 | 1.05e-06
 183 | 1.06e-06
 184 | 1.07e-06
 185 | 1.07e-06
 186 | 1.08e-06
 187 | 1.09e-06
 188 | 1.09e-06
 189 | 1.10e-06
 190 | 1.10e-06
 191 | 1.10e-06
 192 | 1.10e-06
 193 | 1.10e-06
 194 | 1.10e-06
 195 | 1.09e-06
 196 | 1.09e-06
 197 | 1.09e-06
 198 | 1.08e-06
 199 | 1.08e-06
 200 | 1.08e-06
 201 | 1.07e-06
 202 | 1.07e-06
 203 | 1.07e-06
 204 | 1.06e-06
 205 | 1.06e-06
 206 | 1.05e-06
 207 | 1.05e-06
 208 | 1.05e-06
 209 | 1.05e-06
 210 | 1.06e-06
 211 | 1.06e-06
 212 | 1.06e-06
 213 | 1.06e-06
 214 | 1.06e-06
 215 | 1.06e-06
 216 | 1.05e-06
 217 | 1.03e-06
 218 | 1.02e-06
 219 | 1.01e-06
 220 | 9.98e-07
 221 | 9.81e-07
 222 | 9.64e-07
 223 | 9.50e-07
 224 | 9.37e-07
 225 | 9.22e-07
 226 | 9.05e-07
 227 | 8.85e-07
 228 | 8.63e-07
 229 | 8.39e-07
 230 | 8.16e-07
 231 | 7.92e-07
 232 | 7.67e-07
 233 | 7.41e-07
 234 | 7.14e-07
 235 | 6.86e-07
 236 | 6.57e-07
 237 | 6.28e-07
 238 | 5.99e-07
 239 | 5.71e-07
 240 | 5.43e-07
 241 | 5.14e-07
 242 | 4.86e-07
 243 | 4.58e-07
 244 | 4.30e-07
 245 | 4.03e-07
 246 | 3.78e-07
 247 | 3.54e-07
 248 | 3.31e-07
 249 | 3.10e-07
 250 | 2.89e-07
 251 | 2.69e-07
 252 | 2.50e-07
 253 | 2.33e-07
 254 | 2.17e-07
 255 | 2.01e-07
 256 | 1.86e-07
 257 | 1.73e-07
 258 | 1.60e-07
 259 | 1.47e-07
 260 | 1.36e-07
 261 | 1.26e-07
 262 | 1.16e-07
 263 | 1.07e-07
 264 | 9.89e-08
[2025-11-09 06:15:47] Run completed in 7.15 minutes
[2025-11-09 06:15:48] Saved NMF result to: /zata/zippy/kresgeb/nmf_stuff/dlPFC/data/batched_nmf/nmf_k20_seed31415_tol1e-07.rds
[2025-11-09 06:15:48] Appended run metadata to summary.csv
[2025-11-09 06:15:48] --------------------------------------------
[2025-11-09 06:15:48] Starting run 123 / 150: k=30, seed=31415, tol=1e-07
[2025-11-09 06:15:48] --------------------------------------------

iter |      tol 
---------------
   1 | 9.24e-01
   2 | 1.15e-01
   3 | 3.35e-02
   4 | 1.59e-02
   5 | 8.92e-03
   6 | 6.15e-03
   7 | 4.77e-03
   8 | 3.74e-03
   9 | 3.01e-03
  10 | 2.50e-03
  11 | 2.08e-03
  12 | 1.77e-03
  13 | 1.53e-03
  14 | 1.28e-03
  15 | 1.03e-03
  16 | 8.36e-04
  17 | 6.89e-04
  18 | 5.72e-04
  19 | 4.91e-04
  20 | 4.34e-04
  21 | 3.98e-04
  22 | 3.74e-04
  23 | 3.56e-04
  24 | 3.40e-04
  25 | 3.27e-04
  26 | 3.14e-04
  27 | 2.95e-04
  28 | 2.73e-04
  29 | 2.51e-04
  30 | 2.30e-04
  31 | 2.11e-04
  32 | 1.91e-04
  33 | 1.73e-04
  34 | 1.59e-04
  35 | 1.49e-04
  36 | 1.41e-04
  37 | 1.37e-04
  38 | 1.36e-04
  39 | 1.36e-04
  40 | 1.38e-04
  41 | 1.41e-04
  42 | 1.44e-04
  43 | 1.45e-04
  44 | 1.42e-04
  45 | 1.39e-04
  46 | 1.33e-04
  47 | 1.24e-04
  48 | 1.15e-04
  49 | 1.09e-04
  50 | 1.05e-04
  51 | 1.05e-04
  52 | 1.06e-04
  53 | 1.08e-04
  54 | 1.09e-04
  55 | 1.09e-04
  56 | 1.08e-04
  57 | 1.05e-04
  58 | 1.01e-04
  59 | 9.78e-05
  60 | 9.47e-05
  61 | 9.24e-05
  62 | 9.07e-05
  63 | 8.94e-05
  64 | 8.85e-05
  65 | 8.72e-05
  66 | 8.47e-05
  67 | 8.00e-05
  68 | 7.30e-05
  69 | 6.38e-05
  70 | 5.35e-05
  71 | 4.37e-05
  72 | 3.51e-05
  73 | 2.81e-05
  74 | 2.25e-05
  75 | 1.81e-05
  76 | 1.47e-05
  77 | 1.20e-05
  78 | 9.86e-06
  79 | 8.20e-06
  80 | 6.91e-06
  81 | 5.88e-06
  82 | 5.05e-06
  83 | 4.36e-06
  84 | 3.80e-06
  85 | 3.36e-06
  86 | 2.99e-06
  87 | 2.69e-06
  88 | 2.44e-06
  89 | 2.23e-06
  90 | 2.05e-06
  91 | 1.90e-06
  92 | 1.76e-06
  93 | 1.64e-06
  94 | 1.53e-06
  95 | 1.43e-06
  96 | 1.35e-06
  97 | 1.27e-06
  98 | 1.19e-06
  99 | 1.13e-06
 100 | 1.07e-06
 101 | 1.02e-06
 102 | 9.70e-07
 103 | 9.27e-07
 104 | 8.90e-07
 105 | 8.56e-07
 106 | 8.24e-07
 107 | 7.94e-07
 108 | 7.66e-07
 109 | 7.41e-07
 110 | 7.18e-07
 111 | 6.96e-07
 112 | 6.75e-07
 113 | 6.56e-07
 114 | 6.40e-07
 115 | 6.26e-07
 116 | 6.13e-07
 117 | 6.01e-07
 118 | 5.89e-07
 119 | 5.78e-07
 120 | 5.69e-07
 121 | 5.62e-07
 122 | 5.55e-07
 123 | 5.48e-07
 124 | 5.43e-07
 125 | 5.39e-07
 126 | 5.35e-07
 127 | 5.32e-07
 128 | 5.30e-07
 129 | 5.28e-07
 130 | 5.26e-07
 131 | 5.26e-07
 132 | 5.27e-07
 133 | 5.28e-07
 134 | 5.30e-07
 135 | 5.32e-07
 136 | 5.34e-07
 137 | 5.37e-07
 138 | 5.39e-07
 139 | 5.43e-07
 140 | 5.46e-07
 141 | 5.50e-07
 142 | 5.54e-07
 143 | 5.58e-07
 144 | 5.63e-07
 145 | 5.69e-07
 146 | 5.77e-07
 147 | 5.86e-07
 148 | 5.97e-07
 149 | 6.10e-07
 150 | 6.23e-07
 151 | 6.38e-07
 152 | 6.54e-07
 153 | 6.68e-07
 154 | 6.82e-07
 155 | 6.97e-07
 156 | 7.13e-07
 157 | 7.29e-07
 158 | 7.46e-07
 159 | 7.65e-07
 160 | 7.87e-07
 161 | 8.11e-07
 162 | 8.38e-07
 163 | 8.66e-07
 164 | 8.97e-07
 165 | 9.29e-07
 166 | 9.62e-07
 167 | 9.92e-07
 168 | 1.03e-06
 169 | 1.07e-06
 170 | 1.11e-06
 171 | 1.16e-06
 172 | 1.21e-06
 173 | 1.27e-06
 174 | 1.34e-06
 175 | 1.42e-06
 176 | 1.51e-06
 177 | 1.60e-06
 178 | 1.71e-06
 179 | 1.83e-06
 180 | 1.96e-06
 181 | 2.10e-06
 182 | 2.26e-06
 183 | 2.44e-06
 184 | 2.64e-06
 185 | 2.87e-06
 186 | 3.13e-06
 187 | 3.44e-06
 188 | 3.78e-06
 189 | 4.16e-06
 190 | 4.61e-06
 191 | 5.11e-06
 192 | 5.66e-06
 193 | 6.25e-06
 194 | 6.87e-06
 195 | 7.53e-06
 196 | 8.20e-06
 197 | 8.88e-06
 198 | 9.53e-06
 199 | 1.01e-05
 200 | 1.05e-05
 201 | 1.07e-05
 202 | 1.08e-05
 203 | 1.07e-05
 204 | 1.03e-05
 205 | 9.91e-06
 206 | 9.38e-06
 207 | 8.78e-06
 208 | 8.09e-06
 209 | 7.36e-06
 210 | 6.62e-06
 211 | 5.88e-06
 212 | 5.17e-06
 213 | 4.51e-06
 214 | 3.91e-06
 215 | 3.36e-06
 216 | 2.88e-06
 217 | 2.47e-06
 218 | 2.11e-06
 219 | 1.80e-06
 220 | 1.54e-06
 221 | 1.32e-06
 222 | 1.13e-06
 223 | 9.74e-07
 224 | 8.45e-07
 225 | 7.36e-07
 226 | 6.43e-07
 227 | 5.64e-07
 228 | 4.97e-07
 229 | 4.39e-07
 230 | 3.90e-07
 231 | 3.47e-07
 232 | 3.10e-07
 233 | 2.77e-07
 234 | 2.49e-07
 235 | 2.24e-07
 236 | 2.03e-07
 237 | 1.84e-07
 238 | 1.67e-07
 239 | 1.52e-07
 240 | 1.39e-07
 241 | 1.27e-07
 242 | 1.16e-07
 243 | 1.07e-07
 244 | 9.81e-08
[2025-11-09 06:26:03] Run completed in 10.24 minutes
[2025-11-09 06:26:05] Saved NMF result to: /zata/zippy/kresgeb/nmf_stuff/dlPFC/data/batched_nmf/nmf_k30_seed31415_tol1e-07.rds
[2025-11-09 06:26:05] Appended run metadata to summary.csv
[2025-11-09 06:26:05] --------------------------------------------
[2025-11-09 06:26:05] Starting run 124 / 150: k=40, seed=31415, tol=1e-07
[2025-11-09 06:26:05] --------------------------------------------

iter |      tol 
---------------
   1 | 9.20e-01
   2 | 1.13e-01
   3 | 3.17e-02
   4 | 1.62e-02
   5 | 1.04e-02
   6 | 8.64e-03
   7 | 5.82e-03
   8 | 4.23e-03
   9 | 3.32e-03
  10 | 2.70e-03
  11 | 2.21e-03
  12 | 1.85e-03
  13 | 1.60e-03
  14 | 1.44e-03
  15 | 1.38e-03
  16 | 1.34e-03
  17 | 1.27e-03
  18 | 1.12e-03
  19 | 9.51e-04
  20 | 8.00e-04
  21 | 6.72e-04
  22 | 5.63e-04
  23 | 4.76e-04
  24 | 4.07e-04
  25 | 3.57e-04
  26 | 3.19e-04
  27 | 2.91e-04
  28 | 2.71e-04
  29 | 2.57e-04
  30 | 2.42e-04
  31 | 2.23e-04
  32 | 1.99e-04
  33 | 1.73e-04
  34 | 1.50e-04
  35 | 1.32e-04
  36 | 1.16e-04
  37 | 1.02e-04
  38 | 9.05e-05
  39 | 8.00e-05
  40 | 7.14e-05
  41 | 6.43e-05
  42 | 5.84e-05
  43 | 5.36e-05
  44 | 4.99e-05
  45 | 4.71e-05
  46 | 4.48e-05
  47 | 4.30e-05
  48 | 4.13e-05
  49 | 3.94e-05
  50 | 3.78e-05
  51 | 3.64e-05
  52 | 3.53e-05
  53 | 3.42e-05
  54 | 3.33e-05
  55 | 3.24e-05
  56 | 3.18e-05
  57 | 3.15e-05
  58 | 3.14e-05
  59 | 3.13e-05
  60 | 3.13e-05
  61 | 3.14e-05
  62 | 3.11e-05
  63 | 3.03e-05
  64 | 2.93e-05
  65 | 2.78e-05
  66 | 2.60e-05
  67 | 2.42e-05
  68 | 2.24e-05
  69 | 2.06e-05
  70 | 1.90e-05
  71 | 1.74e-05
  72 | 1.61e-05
  73 | 1.49e-05
  74 | 1.39e-05
  75 | 1.29e-05
  76 | 1.20e-05
  77 | 1.11e-05
  78 | 1.04e-05
  79 | 9.68e-06
  80 | 8.98e-06
  81 | 8.35e-06
  82 | 7.78e-06
  83 | 7.25e-06
  84 | 6.74e-06
  85 | 6.32e-06
  86 | 5.92e-06
  87 | 5.57e-06
  88 | 5.24e-06
  89 | 4.97e-06
  90 | 4.73e-06
  91 | 4.49e-06
  92 | 4.25e-06
  93 | 4.03e-06
  94 | 3.84e-06
  95 | 3.68e-06
  96 | 3.51e-06
  97 | 3.36e-06
  98 | 3.23e-06
  99 | 3.10e-06
 100 | 2.98e-06
 101 | 2.86e-06
 102 | 2.73e-06
 103 | 2.61e-06
 104 | 2.50e-06
 105 | 2.39e-06
 106 | 2.29e-06
 107 | 2.20e-06
 108 | 2.12e-06
 109 | 2.04e-06
 110 | 1.97e-06
 111 | 1.89e-06
 112 | 1.83e-06
 113 | 1.75e-06
 114 | 1.68e-06
 115 | 1.61e-06
 116 | 1.56e-06
 117 | 1.51e-06
 118 | 1.46e-06
 119 | 1.42e-06
 120 | 1.38e-06
 121 | 1.34e-06
 122 | 1.30e-06
 123 | 1.26e-06
 124 | 1.23e-06
 125 | 1.21e-06
 126 | 1.19e-06
 127 | 1.17e-06
 128 | 1.16e-06
 129 | 1.15e-06
 130 | 1.13e-06
 131 | 1.12e-06
 132 | 1.12e-06
 133 | 1.11e-06
 134 | 1.12e-06
 135 | 1.12e-06
 136 | 1.12e-06
 137 | 1.11e-06
 138 | 1.11e-06
 139 | 1.10e-06
 140 | 1.10e-06
 141 | 1.10e-06
 142 | 1.09e-06
 143 | 1.08e-06
 144 | 1.08e-06
 145 | 1.08e-06
 146 | 1.07e-06
 147 | 1.07e-06
 148 | 1.06e-06
 149 | 1.05e-06
 150 | 1.04e-06
 151 | 1.01e-06
 152 | 9.80e-07
 153 | 9.61e-07
 154 | 9.38e-07
 155 | 9.10e-07
 156 | 8.84e-07
 157 | 8.62e-07
 158 | 8.38e-07
 159 | 8.11e-07
 160 | 7.82e-07
 161 | 7.51e-07
 162 | 7.17e-07
 163 | 6.83e-07
 164 | 6.50e-07
 165 | 6.20e-07
 166 | 5.91e-07
 167 | 5.61e-07
 168 | 5.32e-07
 169 | 5.04e-07
 170 | 4.78e-07
 171 | 4.52e-07
 172 | 4.28e-07
 173 | 4.05e-07
 174 | 3.83e-07
 175 | 3.62e-07
 176 | 3.41e-07
 177 | 3.22e-07
 178 | 3.03e-07
 179 | 2.86e-07
 180 | 2.71e-07
 181 | 2.56e-07
 182 | 2.43e-07
 183 | 2.31e-07
 184 | 2.19e-07
 185 | 2.08e-07
 186 | 1.97e-07
 187 | 1.86e-07
 188 | 1.77e-07
 189 | 1.67e-07
 190 | 1.58e-07
 191 | 1.50e-07
 192 | 1.42e-07
 193 | 1.35e-07
 194 | 1.29e-07
 195 | 1.22e-07
 196 | 1.16e-07
 197 | 1.11e-07
 198 | 1.06e-07
 199 | 1.01e-07
 200 | 9.67e-08
[2025-11-09 06:37:30] Run completed in 11.43 minutes
[2025-11-09 06:37:33] Saved NMF result to: /zata/zippy/kresgeb/nmf_stuff/dlPFC/data/batched_nmf/nmf_k40_seed31415_tol1e-07.rds
[2025-11-09 06:37:33] Appended run metadata to summary.csv
[2025-11-09 06:37:33] --------------------------------------------
[2025-11-09 06:37:33] Starting run 125 / 150: k=50, seed=31415, tol=1e-07
[2025-11-09 06:37:33] --------------------------------------------

iter |      tol 
---------------
   1 | 9.18e-01
   2 | 1.13e-01
   3 | 3.83e-02
   4 | 1.86e-02
   5 | 1.14e-02
   6 | 8.03e-03
   7 | 6.04e-03
   8 | 4.66e-03
   9 | 3.79e-03
  10 | 3.13e-03
  11 | 2.65e-03
  12 | 2.28e-03
  13 | 1.96e-03
  14 | 1.70e-03
  15 | 1.46e-03
  16 | 1.24e-03
  17 | 1.06e-03
  18 | 9.38e-04
  19 | 8.71e-04
  20 | 8.36e-04
  21 | 8.26e-04
  22 | 8.07e-04
  23 | 7.61e-04
  24 | 6.81e-04
  25 | 5.83e-04
  26 | 4.79e-04
  27 | 3.85e-04
  28 | 3.11e-04
  29 | 2.47e-04
  30 | 2.02e-04
  31 | 1.68e-04
  32 | 1.44e-04
  33 | 1.26e-04
  34 | 1.13e-04
  35 | 1.05e-04
  36 | 1.01e-04
  37 | 9.99e-05
  38 | 1.03e-04
  39 | 1.10e-04
  40 | 1.21e-04
  41 | 1.38e-04
  42 | 1.61e-04
  43 | 1.87e-04
  44 | 2.13e-04
  45 | 2.36e-04
  46 | 2.51e-04
  47 | 2.52e-04
  48 | 2.37e-04
  49 | 2.13e-04
  50 | 1.91e-04
  51 | 1.72e-04
  52 | 1.56e-04
  53 | 1.45e-04
  54 | 1.40e-04
  55 | 1.36e-04
  56 | 1.31e-04
  57 | 1.24e-04
  58 | 1.14e-04
  59 | 1.02e-04
  60 | 9.10e-05
  61 | 7.91e-05
  62 | 6.72e-05
  63 | 5.59e-05
  64 | 4.61e-05
  65 | 3.78e-05
  66 | 3.10e-05
  67 | 2.55e-05
  68 | 2.11e-05
  69 | 1.77e-05
  70 | 1.51e-05
  71 | 1.30e-05
  72 | 1.13e-05
  73 | 9.97e-06
  74 | 8.96e-06
  75 | 8.18e-06
  76 | 7.53e-06
  77 | 6.98e-06
  78 | 6.52e-06
  79 | 6.11e-06
  80 | 5.79e-06
  81 | 5.54e-06
  82 | 5.31e-06
  83 | 5.11e-06
  84 | 4.95e-06
  85 | 4.84e-06
  86 | 4.74e-06
  87 | 4.66e-06
  88 | 4.57e-06
  89 | 4.48e-06
  90 | 4.39e-06
  91 | 4.29e-06
  92 | 4.22e-06
  93 | 4.17e-06
  94 | 4.14e-06
  95 | 4.13e-06
  96 | 4.14e-06
  97 | 4.14e-06
  98 | 4.14e-06
  99 | 4.12e-06
 100 | 4.15e-06
 101 | 4.20e-06
 102 | 4.27e-06
 103 | 4.37e-06
 104 | 4.41e-06
 105 | 4.48e-06
 106 | 4.58e-06
 107 | 4.68e-06
 108 | 4.78e-06
 109 | 4.88e-06
 110 | 4.98e-06
 111 | 5.07e-06
 112 | 5.17e-06
 113 | 5.26e-06
 114 | 5.30e-06
 115 | 5.38e-06
 116 | 5.44e-06
 117 | 5.51e-06
 118 | 5.59e-06
 119 | 5.67e-06
 120 | 5.74e-06
 121 | 5.79e-06
 122 | 5.82e-06
 123 | 5.82e-06
 124 | 5.80e-06
 125 | 5.77e-06
 126 | 5.73e-06
 127 | 5.64e-06
 128 | 5.56e-06
 129 | 5.49e-06
 130 | 5.41e-06
 131 | 5.31e-06
 132 | 5.18e-06
 133 | 5.07e-06
 134 | 4.95e-06
 135 | 4.84e-06
 136 | 4.69e-06
 137 | 4.53e-06
 138 | 4.28e-06
 139 | 4.08e-06
 140 | 3.91e-06
 141 | 3.73e-06
 142 | 3.56e-06
 143 | 3.40e-06
 144 | 3.25e-06
 145 | 3.10e-06
 146 | 2.95e-06
 147 | 2.81e-06
 148 | 2.66e-06
 149 | 2.54e-06
 150 | 2.43e-06
 151 | 2.30e-06
 152 | 2.19e-06
 153 | 2.09e-06
 154 | 1.99e-06
 155 | 1.88e-06
 156 | 1.82e-06
 157 | 1.81e-06
 158 | 1.71e-06
 159 | 1.67e-06
 160 | 1.56e-06
 161 | 1.46e-06
 162 | 1.40e-06
 163 | 1.29e-06
 164 | 1.18e-06
 165 | 1.08e-06
 166 | 9.87e-07
 167 | 8.97e-07
 168 | 8.12e-07
 169 | 7.39e-07
 170 | 6.73e-07
 171 | 6.13e-07
 172 | 5.59e-07
 173 | 5.10e-07
 174 | 4.65e-07
 175 | 4.26e-07
 176 | 3.90e-07
 177 | 3.57e-07
 178 | 3.28e-07
 179 | 3.02e-07
 180 | 2.78e-07
 181 | 2.57e-07
 182 | 2.38e-07
 183 | 2.21e-07
 184 | 2.06e-07
 185 | 1.92e-07
 186 | 1.80e-07
 187 | 1.69e-07
 188 | 1.59e-07
 189 | 1.50e-07
 190 | 1.42e-07
 191 | 1.35e-07
 192 | 1.28e-07
 193 | 1.21e-07
 194 | 1.15e-07
 195 | 1.09e-07
 196 | 1.04e-07
 197 | 9.94e-08
[2025-11-09 06:52:07] Run completed in 14.57 minutes
[2025-11-09 06:52:10] Saved NMF result to: /zata/zippy/kresgeb/nmf_stuff/dlPFC/data/batched_nmf/nmf_k50_seed31415_tol1e-07.rds
[2025-11-09 06:52:10] Appended run metadata to summary.csv
[2025-11-09 06:52:10] --------------------------------------------
[2025-11-09 06:52:10] Starting run 126 / 150: k=60, seed=31415, tol=1e-07
[2025-11-09 06:52:10] --------------------------------------------

iter |      tol 
---------------
   1 | 9.15e-01
   2 | 1.08e-01
   3 | 3.62e-02
   4 | 1.83e-02
   5 | 1.16e-02
   6 | 7.67e-03
   7 | 5.31e-03
   8 | 3.98e-03
   9 | 3.21e-03
  10 | 2.72e-03
  11 | 2.36e-03
  12 | 2.09e-03
  13 | 1.86e-03
  14 | 1.65e-03
  15 | 1.45e-03
  16 | 1.27e-03
  17 | 1.14e-03
  18 | 1.04e-03
  19 | 9.54e-04
  20 | 8.75e-04
  21 | 8.11e-04
  22 | 7.69e-04
  23 | 7.36e-04
  24 | 7.08e-04
  25 | 6.74e-04
  26 | 6.35e-04
  27 | 5.82e-04
  28 | 5.24e-04
  29 | 4.65e-04
  30 | 4.01e-04
  31 | 3.49e-04
  32 | 3.16e-04
  33 | 2.92e-04
  34 | 2.68e-04
  35 | 2.40e-04
  36 | 2.13e-04
  37 | 1.86e-04
  38 | 1.63e-04
  39 | 1.46e-04
  40 | 1.34e-04
  41 | 1.27e-04
  42 | 1.20e-04
  43 | 1.13e-04
  44 | 1.12e-04
  45 | 1.11e-04
  46 | 1.11e-04
  47 | 1.10e-04
  48 | 1.09e-04
  49 | 1.04e-04
  50 | 9.73e-05
  51 | 8.95e-05
  52 | 8.20e-05
  53 | 7.61e-05
  54 | 7.11e-05
  55 | 6.63e-05
  56 | 6.13e-05
  57 | 5.74e-05
  58 | 5.39e-05
  59 | 5.10e-05
  60 | 4.81e-05
  61 | 4.55e-05
  62 | 4.30e-05
  63 | 4.13e-05
  64 | 3.99e-05
  65 | 3.86e-05
  66 | 3.71e-05
  67 | 3.55e-05
  68 | 3.34e-05
  69 | 3.17e-05
  70 | 2.95e-05
  71 | 2.74e-05
  72 | 2.55e-05
  73 | 2.31e-05
  74 | 2.10e-05
  75 | 1.92e-05
  76 | 1.75e-05
  77 | 1.60e-05
  78 | 1.46e-05
  79 | 1.32e-05
  80 | 1.20e-05
  81 | 1.09e-05
  82 | 1.00e-05
  83 | 9.23e-06
  84 | 8.59e-06
  85 | 8.05e-06
  86 | 7.64e-06
  87 | 7.28e-06
  88 | 6.97e-06
  89 | 6.71e-06
  90 | 6.48e-06
  91 | 6.29e-06
  92 | 6.10e-06
  93 | 5.90e-06
  94 | 5.73e-06
  95 | 5.56e-06
  96 | 5.37e-06
  97 | 5.18e-06
  98 | 4.97e-06
  99 | 4.77e-06
 100 | 4.54e-06
 101 | 4.32e-06
 102 | 4.11e-06
 103 | 3.91e-06
 104 | 3.72e-06
 105 | 3.52e-06
 106 | 3.34e-06
 107 | 3.16e-06
 108 | 2.99e-06
 109 | 2.80e-06
 110 | 2.64e-06
 111 | 2.49e-06
 112 | 2.36e-06
 113 | 2.23e-06
 114 | 2.11e-06
 115 | 2.00e-06
 116 | 1.87e-06
 117 | 1.72e-06
 118 | 1.61e-06
 119 | 1.51e-06
 120 | 1.41e-06
 121 | 1.33e-06
 122 | 1.25e-06
 123 | 1.17e-06
 124 | 1.11e-06
 125 | 1.04e-06
 126 | 9.86e-07
 127 | 9.31e-07
 128 | 8.79e-07
 129 | 8.28e-07
 130 | 7.82e-07
 131 | 7.40e-07
 132 | 7.02e-07
 133 | 6.61e-07
 134 | 6.24e-07
 135 | 5.87e-07
 136 | 5.53e-07
 137 | 5.23e-07
 138 | 4.92e-07
 139 | 4.64e-07
 140 | 4.38e-07
 141 | 4.15e-07
 142 | 3.93e-07
 143 | 3.73e-07
 144 | 3.55e-07
 145 | 3.39e-07
 146 | 3.24e-07
 147 | 3.10e-07
 148 | 2.98e-07
 149 | 2.86e-07
 150 | 2.76e-07
 151 | 2.66e-07
 152 | 2.57e-07
 153 | 2.47e-07
 154 | 2.40e-07
 155 | 2.32e-07
 156 | 2.25e-07
 157 | 2.19e-07
 158 | 2.13e-07
 159 | 2.08e-07
 160 | 2.03e-07
 161 | 1.99e-07
 162 | 1.95e-07
 163 | 1.91e-07
 164 | 1.88e-07
 165 | 1.85e-07
 166 | 1.82e-07
 167 | 1.80e-07
 168 | 1.78e-07
 169 | 1.76e-07
 170 | 1.75e-07
 171 | 1.74e-07
 172 | 1.74e-07
 173 | 1.73e-07
 174 | 1.73e-07
 175 | 1.72e-07
 176 | 1.72e-07
 177 | 1.72e-07
 178 | 1.73e-07
 179 | 1.73e-07
 180 | 1.74e-07
 181 | 1.75e-07
 182 | 1.76e-07
 183 | 1.77e-07
 184 | 1.79e-07
 185 | 1.81e-07
 186 | 1.82e-07
 187 | 1.84e-07
 188 | 1.86e-07
 189 | 1.88e-07
 190 | 1.90e-07
 191 | 1.91e-07
 192 | 1.93e-07
 193 | 1.96e-07
 194 | 1.99e-07
 195 | 2.01e-07
 196 | 2.04e-07
 197 | 2.07e-07
 198 | 2.10e-07
 199 | 2.14e-07
 200 | 2.17e-07
 201 | 2.21e-07
 202 | 2.25e-07
 203 | 2.30e-07
 204 | 2.34e-07
 205 | 2.39e-07
 206 | 2.44e-07
 207 | 2.50e-07
 208 | 2.56e-07
 209 | 2.62e-07
 210 | 2.69e-07
 211 | 2.76e-07
 212 | 2.84e-07
 213 | 2.93e-07
 214 | 3.02e-07
 215 | 3.13e-07
 216 | 3.24e-07
 217 | 3.34e-07
 218 | 3.45e-07
 219 | 3.57e-07
 220 | 3.59e-07
 221 | 3.69e-07
 222 | 3.80e-07
 223 | 3.89e-07
 224 | 3.98e-07
 225 | 4.09e-07
 226 | 4.21e-07
 227 | 4.35e-07
 228 | 4.50e-07
 229 | 4.68e-07
 230 | 4.87e-07
 231 | 5.09e-07
 232 | 5.33e-07
 233 | 5.56e-07
 234 | 5.82e-07
 235 | 6.11e-07
 236 | 6.43e-07
 237 | 6.77e-07
 238 | 7.14e-07
 239 | 7.56e-07
 240 | 8.00e-07
 241 | 8.31e-07
 242 | 8.75e-07
 243 | 9.21e-07
 244 | 9.74e-07
 245 | 1.02e-06
 246 | 1.07e-06
 247 | 1.12e-06
 248 | 1.18e-06
 249 | 1.23e-06
 250 | 1.28e-06
 251 | 1.35e-06
 252 | 1.41e-06
 253 | 1.49e-06
 254 | 1.58e-06
 255 | 1.69e-06
 256 | 1.80e-06
 257 | 1.93e-06
 258 | 2.08e-06
 259 | 2.25e-06
 260 | 2.43e-06
 261 | 2.63e-06
 262 | 2.86e-06
 263 | 3.11e-06
 264 | 3.37e-06
 265 | 3.65e-06
 266 | 3.96e-06
 267 | 4.31e-06
 268 | 4.69e-06
 269 | 5.13e-06
 270 | 5.63e-06
 271 | 6.19e-06
 272 | 6.79e-06
 273 | 7.40e-06
 274 | 8.08e-06
 275 | 8.79e-06
 276 | 9.52e-06
 277 | 1.03e-05
 278 | 1.11e-05
 279 | 1.18e-05
 280 | 1.26e-05
 281 | 1.33e-05
 282 | 1.40e-05
 283 | 1.46e-05
 284 | 1.52e-05
 285 | 1.58e-05
 286 | 1.62e-05
 287 | 1.65e-05
 288 | 1.67e-05
 289 | 1.68e-05
 290 | 1.68e-05
 291 | 1.68e-05
 292 | 1.67e-05
 293 | 1.64e-05
 294 | 1.59e-05
 295 | 1.54e-05
 296 | 1.46e-05
 297 | 1.40e-05
 298 | 1.31e-05
 299 | 1.21e-05
 300 | 1.12e-05
 301 | 1.01e-05
 302 | 9.09e-06
 303 | 8.16e-06
 304 | 7.34e-06
 305 | 6.46e-06
 306 | 5.66e-06
 307 | 4.81e-06
 308 | 4.10e-06
 309 | 3.46e-06
 310 | 2.92e-06
 311 | 2.44e-06
 312 | 2.05e-06
 313 | 1.70e-06
 314 | 1.43e-06
 315 | 1.19e-06
 316 | 9.91e-07
 317 | 8.26e-07
 318 | 7.19e-07
 319 | 6.41e-07
 320 | 5.68e-07
 321 | 5.11e-07
 322 | 4.55e-07
 323 | 4.04e-07
 324 | 3.66e-07
 325 | 3.31e-07
 326 | 2.98e-07
 327 | 2.69e-07
 328 | 2.43e-07
 329 | 2.19e-07
 330 | 1.98e-07
 331 | 1.80e-07
 332 | 1.63e-07
 333 | 1.48e-07
 334 | 1.34e-07
 335 | 1.22e-07
 336 | 1.12e-07
 337 | 1.03e-07
 338 | 9.44e-08
[2025-11-09 07:22:03] Run completed in 29.89 minutes
[2025-11-09 07:22:07] Saved NMF result to: /zata/zippy/kresgeb/nmf_stuff/dlPFC/data/batched_nmf/nmf_k60_seed31415_tol1e-07.rds
[2025-11-09 07:22:07] Appended run metadata to summary.csv
[2025-11-09 07:22:07] --------------------------------------------
[2025-11-09 07:22:07] Starting run 127 / 150: k=70, seed=31415, tol=1e-07
[2025-11-09 07:22:07] --------------------------------------------

iter |      tol 
---------------
   1 | 9.16e-01
   2 | 1.09e-01
   3 | 3.70e-02
   4 | 1.76e-02
   5 | 1.10e-02
   6 | 7.94e-03
   7 | 6.08e-03
   8 | 4.97e-03
   9 | 4.23e-03
  10 | 3.56e-03
  11 | 2.97e-03
  12 | 2.50e-03
  13 | 2.24e-03
  14 | 2.08e-03
  15 | 2.04e-03
  16 | 1.99e-03
  17 | 1.92e-03
  18 | 1.80e-03
  19 | 1.66e-03
  20 | 1.52e-03
  21 | 1.41e-03
  22 | 1.33e-03
  23 | 1.27e-03
  24 | 1.21e-03
  25 | 1.14e-03
  26 | 1.06e-03
  27 | 9.83e-04
  28 | 9.14e-04
  29 | 8.49e-04
  30 | 7.87e-04
  31 | 7.07e-04
  32 | 6.33e-04
  33 | 5.45e-04
  34 | 4.87e-04
  35 | 4.49e-04
  36 | 4.06e-04
  37 | 3.86e-04
  38 | 3.78e-04
  39 | 3.76e-04
  40 | 3.67e-04
  41 | 3.62e-04
  42 | 3.55e-04
  43 | 3.41e-04
  44 | 3.27e-04
  45 | 3.16e-04
  46 | 3.04e-04
  47 | 2.92e-04
  48 | 2.89e-04
  49 | 2.86e-04
  50 | 2.74e-04
  51 | 2.59e-04
  52 | 2.45e-04
  53 | 2.39e-04
  54 | 2.35e-04
  55 | 2.38e-04
  56 | 2.39e-04
  57 | 2.39e-04
  58 | 2.48e-04
  59 | 2.61e-04
  60 | 2.83e-04
  61 | 3.09e-04
  62 | 3.24e-04
  63 | 3.15e-04
  64 | 2.78e-04
  65 | 2.32e-04
  66 | 1.80e-04
  67 | 1.36e-04
  68 | 9.87e-05
  69 | 7.55e-05
  70 | 5.68e-05
  71 | 4.33e-05
  72 | 3.43e-05
  73 | 2.69e-05
  74 | 2.16e-05
  75 | 1.87e-05
  76 | 1.66e-05
  77 | 1.51e-05
  78 | 1.43e-05
  79 | 1.38e-05
  80 | 1.10e-05
  81 | 1.08e-05
  82 | 1.18e-05
  83 | 1.35e-05
  84 | 1.52e-05
  85 | 1.69e-05
  86 | 1.81e-05
  87 | 1.82e-05
  88 | 1.73e-05
  89 | 1.54e-05
  90 | 1.29e-05
  91 | 1.06e-05
  92 | 8.63e-06
  93 | 7.09e-06
  94 | 5.74e-06
  95 | 4.83e-06
  96 | 4.17e-06
  97 | 3.68e-06
  98 | 3.29e-06
  99 | 2.99e-06
 100 | 2.75e-06
 101 | 2.55e-06
 102 | 2.39e-06
 103 | 2.27e-06
 104 | 2.20e-06
 105 | 2.15e-06
 106 | 2.13e-06
 107 | 2.13e-06
 108 | 2.15e-06
 109 | 2.19e-06
 110 | 2.26e-06
 111 | 2.32e-06
 112 | 2.40e-06
 113 | 2.50e-06
 114 | 2.63e-06
 115 | 2.77e-06
 116 | 2.95e-06
 117 | 3.15e-06
 118 | 3.37e-06
 119 | 3.59e-06
 120 | 3.80e-06
 121 | 4.06e-06
 122 | 4.37e-06
 123 | 4.65e-06
 124 | 5.02e-06
 125 | 5.45e-06
 126 | 5.74e-06
 127 | 6.15e-06
 128 | 6.58e-06
 129 | 7.19e-06
 130 | 7.86e-06
 131 | 8.15e-06
 132 | 8.50e-06
 133 | 9.01e-06
 134 | 9.34e-06
 135 | 9.58e-06
 136 | 1.01e-05
 137 | 1.06e-05
 138 | 1.12e-05
 139 | 1.19e-05
 140 | 1.17e-05
 141 | 1.14e-05
 142 | 1.17e-05
 143 | 1.16e-05
 144 | 1.20e-05
 145 | 1.24e-05
 146 | 1.28e-05
 147 | 1.31e-05
 148 | 1.36e-05
 149 | 1.42e-05
 150 | 1.50e-05
 151 | 1.57e-05
 152 | 1.66e-05
 153 | 1.75e-05
 154 | 1.80e-05
 155 | 1.82e-05
 156 | 1.80e-05
 157 | 1.82e-05
 158 | 1.79e-05
 159 | 1.79e-05
 160 | 1.80e-05
 161 | 1.83e-05
 162 | 1.84e-05
 163 | 1.82e-05
 164 | 1.82e-05
 165 | 1.84e-05
 166 | 1.82e-05
 167 | 1.78e-05
 168 | 1.76e-05
 169 | 1.73e-05
 170 | 1.67e-05
 171 | 1.54e-05
 172 | 1.47e-05
 173 | 1.43e-05
 174 | 1.39e-05
 175 | 1.35e-05
 176 | 1.31e-05
 177 | 1.21e-05
 178 | 1.10e-05
 179 | 1.04e-05
 180 | 9.65e-06
 181 | 9.01e-06
 182 | 8.48e-06
 183 | 7.94e-06
 184 | 7.44e-06
 185 | 6.98e-06
 186 | 6.33e-06
 187 | 5.71e-06
 188 | 5.29e-06
 189 | 4.68e-06
 190 | 4.30e-06
 191 | 3.97e-06
 192 | 3.69e-06
 193 | 3.39e-06
 194 | 3.11e-06
 195 | 2.88e-06
 196 | 2.65e-06
 197 | 2.45e-06
 198 | 2.27e-06
 199 | 2.09e-06
 200 | 1.93e-06
 201 | 1.77e-06
 202 | 1.64e-06
 203 | 1.53e-06
 204 | 1.42e-06
 205 | 1.32e-06
 206 | 1.23e-06
 207 | 1.14e-06
 208 | 1.07e-06
 209 | 1.00e-06
 210 | 9.44e-07
 211 | 8.89e-07
 212 | 8.39e-07
 213 | 7.92e-07
 214 | 7.48e-07
 215 | 7.07e-07
 216 | 6.56e-07
 217 | 6.19e-07
 218 | 5.78e-07
 219 | 5.32e-07
 220 | 4.43e-07
 221 | 4.19e-07
 222 | 3.61e-07
 223 | 3.45e-07
 224 | 3.17e-07
 225 | 2.16e-07
 226 | 2.16e-07
 227 | 2.11e-07
 228 | 2.04e-07
 229 | 1.97e-07
 230 | 1.90e-07
 231 | 1.83e-07
 232 | 1.77e-07
 233 | 1.62e-07
 234 | 1.55e-07
 235 | 1.48e-07
 236 | 1.41e-07
 237 | 1.36e-07
 238 | 1.31e-07
 239 | 1.26e-07
 240 | 1.22e-07
 241 | 1.17e-07
 242 | 1.13e-07
 243 | 1.09e-07
 244 | 1.05e-07
 245 | 1.02e-07
 246 | 9.87e-08
[2025-11-09 07:49:06] Run completed in 26.97 minutes
[2025-11-09 07:49:10] Saved NMF result to: /zata/zippy/kresgeb/nmf_stuff/dlPFC/data/batched_nmf/nmf_k70_seed31415_tol1e-07.rds
[2025-11-09 07:49:10] Appended run metadata to summary.csv
[2025-11-09 07:49:10] --------------------------------------------
[2025-11-09 07:49:10] Starting run 128 / 150: k=80, seed=31415, tol=1e-07
[2025-11-09 07:49:10] --------------------------------------------

iter |      tol 
---------------
   1 | 9.13e-01
   2 | 1.13e-01
   3 | 3.59e-02
   4 | 1.79e-02
   5 | 1.13e-02
   6 | 8.14e-03
   7 | 6.61e-03
   8 | 5.60e-03
   9 | 4.83e-03
  10 | 4.20e-03
  11 | 3.69e-03
  12 | 3.22e-03
  13 | 2.74e-03
  14 | 2.27e-03
  15 | 1.86e-03
  16 | 1.62e-03
  17 | 1.49e-03
  18 | 1.40e-03
  19 | 1.30e-03
  20 | 1.17e-03
  21 | 1.01e-03
  22 | 8.46e-04
  23 | 7.18e-04
  24 | 6.38e-04
  25 | 5.81e-04
  26 | 5.32e-04
  27 | 4.88e-04
  28 | 4.57e-04
  29 | 4.35e-04
  30 | 4.13e-04
  31 | 4.01e-04
  32 | 3.95e-04
  33 | 3.76e-04
  34 | 3.61e-04
  35 | 3.43e-04
  36 | 3.23e-04
  37 | 3.03e-04
  38 | 2.80e-04
  39 | 2.63e-04
  40 | 2.46e-04
  41 | 2.32e-04
  42 | 2.17e-04
  43 | 1.95e-04
  44 | 1.77e-04
  45 | 1.46e-04
  46 | 1.23e-04
  47 | 1.09e-04
  48 | 1.00e-04
  49 | 9.54e-05
  50 | 9.32e-05
  51 | 9.34e-05
  52 | 9.62e-05
  53 | 9.97e-05
  54 | 9.92e-05
  55 | 1.01e-04
  56 | 1.04e-04
  57 | 1.08e-04
  58 | 1.12e-04
  59 | 1.17e-04
  60 | 1.24e-04
  61 | 1.31e-04
  62 | 1.41e-04
  63 | 1.48e-04
  64 | 1.63e-04
  65 | 1.80e-04
  66 | 1.95e-04
  67 | 2.15e-04
  68 | 2.39e-04
  69 | 2.72e-04
  70 | 2.99e-04
  71 | 3.23e-04
  72 | 3.49e-04
  73 | 3.75e-04
  74 | 3.95e-04
  75 | 4.10e-04
  76 | 4.09e-04
  77 | 4.02e-04
  78 | 3.70e-04
  79 | 3.13e-04
  80 | 2.51e-04
  81 | 2.12e-04
  82 | 1.63e-04
  83 | 1.33e-04
  84 | 1.07e-04
  85 | 8.70e-05
  86 | 6.96e-05
  87 | 5.75e-05
  88 | 4.70e-05
  89 | 3.89e-05
  90 | 3.19e-05
  91 | 2.60e-05
  92 | 2.07e-05
  93 | 1.67e-05
  94 | 1.40e-05
  95 | 1.19e-05
  96 | 1.02e-05
  97 | 7.89e-06
  98 | 6.82e-06
  99 | 6.14e-06
 100 | 5.63e-06
 101 | 5.07e-06
 102 | 4.70e-06
 103 | 4.53e-06
 104 | 4.37e-06
 105 | 4.18e-06
 106 | 3.89e-06
 107 | 3.68e-06
 108 | 3.45e-06
 109 | 3.35e-06
 110 | 3.25e-06
 111 | 3.15e-06
 112 | 3.06e-06
 113 | 2.91e-06
 114 | 2.79e-06
 115 | 2.70e-06
 116 | 2.68e-06
 117 | 2.67e-06
 118 | 2.71e-06
 119 | 2.72e-06
 120 | 2.74e-06
 121 | 2.77e-06
 122 | 2.76e-06
 123 | 2.74e-06
 124 | 2.70e-06
 125 | 2.65e-06
 126 | 2.66e-06
 127 | 2.64e-06
 128 | 2.66e-06
 129 | 2.52e-06
 130 | 2.50e-06
 131 | 2.48e-06
 132 | 2.49e-06
 133 | 2.56e-06
 134 | 2.63e-06
 135 | 2.74e-06
 136 | 2.79e-06
 137 | 2.99e-06
 138 | 3.28e-06
 139 | 3.70e-06
 140 | 4.25e-06
 141 | 5.00e-06
 142 | 5.99e-06
 143 | 7.14e-06
 144 | 8.47e-06
 145 | 1.01e-05
 146 | 1.22e-05
 147 | 1.52e-05
 148 | 1.90e-05
 149 | 2.39e-05
 150 | 3.04e-05
 151 | 3.87e-05
 152 | 4.84e-05
 153 | 5.93e-05
 154 | 7.12e-05
 155 | 7.99e-05
 156 | 8.49e-05
 157 | 8.60e-05
 158 | 8.31e-05
 159 | 7.75e-05
 160 | 6.97e-05
 161 | 5.81e-05
 162 | 4.40e-05
 163 | 3.29e-05
 164 | 2.49e-05
 165 | 1.84e-05
 166 | 1.35e-05
 167 | 9.89e-06
 168 | 7.31e-06
 169 | 5.28e-06
 170 | 3.89e-06
 171 | 2.91e-06
 172 | 2.24e-06
 173 | 1.61e-06
 174 | 1.28e-06
 175 | 1.07e-06
 176 | 9.09e-07
 177 | 7.94e-07
 178 | 7.09e-07
 179 | 6.46e-07
 180 | 5.95e-07
 181 | 5.51e-07
 182 | 5.16e-07
 183 | 4.86e-07
 184 | 4.63e-07
 185 | 4.41e-07
 186 | 4.02e-07
 187 | 3.85e-07
 188 | 3.72e-07
 189 | 3.60e-07
 190 | 3.50e-07
 191 | 3.42e-07
 192 | 3.33e-07
 193 | 3.25e-07
 194 | 3.16e-07
 195 | 3.08e-07
 196 | 2.98e-07
 197 | 2.90e-07
 198 | 2.83e-07
 199 | 2.79e-07
 200 | 2.77e-07
 201 | 2.77e-07
 202 | 2.78e-07
 203 | 2.77e-07
 204 | 2.77e-07
 205 | 2.78e-07
 206 | 2.81e-07
 207 | 2.83e-07
 208 | 2.84e-07
 209 | 2.85e-07
 210 | 2.85e-07
 211 | 2.86e-07
 212 | 2.85e-07
 213 | 2.87e-07
 214 | 2.88e-07
 215 | 2.90e-07
 216 | 2.91e-07
 217 | 2.92e-07
 218 | 2.94e-07
 219 | 2.97e-07
 220 | 3.02e-07
 221 | 3.04e-07
 222 | 3.06e-07
 223 | 3.08e-07
 224 | 3.10e-07
 225 | 3.13e-07
 226 | 3.16e-07
 227 | 3.21e-07
 228 | 3.28e-07
 229 | 3.39e-07
 230 | 3.53e-07
 231 | 3.67e-07
 232 | 3.80e-07
 233 | 3.94e-07
 234 | 4.09e-07
 235 | 4.25e-07
 236 | 4.43e-07
 237 | 4.65e-07
 238 | 5.00e-07
 239 | 5.41e-07
 240 | 5.83e-07
 241 | 6.21e-07
 242 | 6.58e-07
 243 | 6.96e-07
 244 | 7.33e-07
 245 | 7.73e-07
 246 | 8.10e-07
 247 | 8.52e-07
 248 | 9.02e-07
 249 | 9.50e-07
 250 | 1.01e-06
 251 | 1.08e-06
 252 | 1.15e-06
 253 | 1.24e-06
 254 | 1.32e-06
 255 | 1.42e-06
 256 | 1.53e-06
 257 | 1.66e-06
 258 | 1.80e-06
 259 | 1.93e-06
 260 | 2.00e-06
 261 | 2.07e-06
 262 | 2.16e-06
 263 | 2.21e-06
 264 | 2.28e-06
 265 | 2.33e-06
 266 | 2.36e-06
 267 | 2.42e-06
 268 | 2.49e-06
 269 | 2.54e-06
 270 | 2.59e-06
 271 | 2.64e-06
 272 | 2.68e-06
 273 | 2.71e-06
 274 | 2.72e-06
 275 | 2.71e-06
 276 | 2.66e-06
 277 | 2.54e-06
 278 | 2.40e-06
 279 | 2.28e-06
 280 | 2.16e-06
 281 | 2.03e-06
 282 | 1.91e-06
 283 | 1.74e-06
 284 | 1.61e-06
 285 | 1.49e-06
 286 | 1.39e-06
 287 | 1.29e-06
 288 | 1.20e-06
 289 | 1.11e-06
 290 | 1.03e-06
 291 | 9.48e-07
 292 | 8.63e-07
 293 | 7.92e-07
 294 | 7.28e-07
 295 | 6.72e-07
 296 | 6.21e-07
 297 | 5.77e-07
 298 | 5.36e-07
 299 | 4.99e-07
 300 | 4.66e-07
 301 | 4.37e-07
 302 | 4.10e-07
 303 | 3.88e-07
 304 | 3.64e-07
 305 | 3.41e-07
 306 | 3.20e-07
 307 | 3.04e-07
 308 | 2.85e-07
 309 | 2.69e-07
 310 | 2.53e-07
 311 | 2.39e-07
 312 | 2.24e-07
 313 | 2.12e-07
 314 | 2.02e-07
 315 | 1.93e-07
 316 | 1.85e-07
 317 | 1.78e-07
 318 | 1.70e-07
 319 | 1.64e-07
 320 | 1.59e-07
 321 | 1.53e-07
 322 | 1.48e-07
 323 | 1.43e-07
 324 | 1.39e-07
 325 | 1.35e-07
 326 | 1.31e-07
 327 | 1.27e-07
 328 | 1.24e-07
 329 | 1.18e-07
 330 | 1.14e-07
 331 | 1.11e-07
 332 | 1.08e-07
 333 | 1.06e-07
 334 | 1.03e-07
 335 | 1.01e-07
 336 | 9.94e-08
[2025-11-09 08:30:54] Run completed in 41.73 minutes
[2025-11-09 08:30:59] Saved NMF result to: /zata/zippy/kresgeb/nmf_stuff/dlPFC/data/batched_nmf/nmf_k80_seed31415_tol1e-07.rds
[2025-11-09 08:30:59] Appended run metadata to summary.csv
[2025-11-09 08:30:59] --------------------------------------------
[2025-11-09 08:30:59] Starting run 129 / 150: k=90, seed=31415, tol=1e-07
[2025-11-09 08:30:59] --------------------------------------------

iter |      tol 
---------------
   1 | 9.13e-01
   2 | 1.03e-01
   3 | 3.79e-02
   4 | 2.02e-02
   5 | 1.32e-02
   6 | 9.45e-03
   7 | 7.10e-03
   8 | 5.58e-03
   9 | 4.64e-03
  10 | 4.03e-03
  11 | 3.50e-03
  12 | 3.00e-03
  13 | 2.60e-03
  14 | 2.34e-03
  15 | 2.20e-03
  16 | 2.09e-03
  17 | 2.00e-03
  18 | 1.94e-03
  19 | 1.80e-03
  20 | 1.69e-03
  21 | 1.57e-03
  22 | 1.48e-03
  23 | 1.42e-03
  24 | 1.36e-03
  25 | 1.31e-03
  26 | 1.30e-03
  27 | 1.26e-03
  28 | 1.24e-03
  29 | 1.24e-03
  30 | 1.25e-03
  31 | 1.14e-03
  32 | 1.12e-03
  33 | 1.09e-03
  34 | 1.05e-03
  35 | 1.01e-03
  36 | 9.71e-04
  37 | 9.14e-04
  38 | 8.38e-04
  39 | 7.49e-04
  40 | 6.32e-04
  41 | 4.87e-04
  42 | 3.90e-04
  43 | 3.39e-04
  44 | 3.17e-04
  45 | 3.03e-04
  46 | 3.06e-04
  47 | 3.11e-04
  48 | 2.46e-04
  49 | 2.29e-04
  50 | 2.15e-04
  51 | 1.94e-04
  52 | 1.64e-04
  53 | 1.43e-04
  54 | 1.27e-04
  55 | 1.15e-04
  56 | 1.03e-04
  57 | 8.32e-05
  58 | 6.92e-05
  59 | 5.87e-05
  60 | 5.19e-05
  61 | 4.61e-05
  62 | 3.91e-05
  63 | 3.57e-05
  64 | 3.26e-05
  65 | 3.01e-05
  66 | 2.71e-05
  67 | 2.52e-05
  68 | 2.37e-05
  69 | 2.19e-05
  70 | 2.02e-05
  71 | 1.86e-05
  72 | 1.73e-05
  73 | 1.63e-05
  74 | 1.54e-05
  75 | 1.47e-05
  76 | 1.40e-05
  77 | 1.34e-05
  78 | 1.27e-05
  79 | 1.22e-05
  80 | 1.17e-05
  81 | 1.14e-05
  82 | 1.12e-05
  83 | 1.09e-05
  84 | 1.08e-05
  85 | 1.08e-05
  86 | 1.07e-05
  87 | 1.06e-05
  88 | 1.06e-05
  89 | 1.03e-05
  90 | 1.02e-05
  91 | 1.01e-05
  92 | 1.01e-05
  93 | 1.02e-05
  94 | 1.03e-05
  95 | 1.01e-05
  96 | 9.99e-06
  97 | 1.00e-05
  98 | 1.01e-05
  99 | 1.01e-05
 100 | 9.87e-06
 101 | 9.80e-06
 102 | 9.85e-06
 103 | 9.93e-06
 104 | 9.99e-06
 105 | 9.92e-06
 106 | 9.93e-06
 107 | 9.91e-06
 108 | 9.69e-06
 109 | 9.74e-06
 110 | 9.83e-06
 111 | 9.89e-06
 112 | 1.00e-05
 113 | 1.02e-05
 114 | 1.04e-05
 115 | 1.06e-05
 116 | 1.09e-05
 117 | 1.11e-05
 118 | 1.12e-05
 119 | 1.08e-05
 120 | 1.07e-05
 121 | 1.07e-05
 122 | 1.05e-05
 123 | 1.03e-05
 124 | 1.00e-05
 125 | 9.38e-06
 126 | 8.92e-06
 127 | 8.38e-06
 128 | 7.97e-06
 129 | 7.57e-06
 130 | 7.09e-06
 131 | 6.57e-06
 132 | 6.10e-06
 133 | 5.71e-06
 134 | 5.38e-06
 135 | 4.98e-06
 136 | 4.66e-06
 137 | 4.42e-06
 138 | 4.22e-06
 139 | 3.95e-06
 140 | 3.77e-06
 141 | 3.58e-06
 142 | 3.37e-06
 143 | 3.21e-06
 144 | 3.01e-06
 145 | 2.87e-06
 146 | 2.77e-06
 147 | 2.65e-06
 148 | 2.59e-06
 149 | 2.56e-06
 150 | 2.52e-06
 151 | 2.50e-06
 152 | 2.47e-06
 153 | 2.41e-06
 154 | 2.37e-06
 155 | 2.31e-06
 156 | 2.20e-06
 157 | 2.03e-06
 158 | 1.88e-06
 159 | 1.74e-06
 160 | 1.61e-06
 161 | 1.44e-06
 162 | 1.31e-06
 163 | 1.20e-06
 164 | 1.10e-06
 165 | 1.01e-06
 166 | 9.44e-07
 167 | 8.89e-07
 168 | 8.40e-07
 169 | 8.01e-07
 170 | 7.67e-07
 171 | 7.38e-07
 172 | 7.12e-07
 173 | 6.86e-07
 174 | 6.66e-07
 175 | 6.51e-07
 176 | 6.40e-07
 177 | 6.31e-07
 178 | 6.23e-07
 179 | 6.18e-07
 180 | 6.11e-07
 181 | 6.04e-07
 182 | 6.02e-07
 183 | 6.01e-07
 184 | 6.01e-07
 185 | 5.93e-07
 186 | 5.78e-07
 187 | 5.69e-07
 188 | 5.66e-07
 189 | 5.63e-07
 190 | 5.63e-07
 191 | 5.61e-07
 192 | 5.61e-07
 193 | 5.63e-07
 194 | 5.60e-07
 195 | 5.53e-07
 196 | 5.51e-07
 197 | 5.52e-07
 198 | 5.51e-07
 199 | 5.46e-07
 200 | 5.41e-07
 201 | 5.40e-07
 202 | 5.39e-07
 203 | 5.38e-07
 204 | 5.35e-07
 205 | 5.35e-07
 206 | 5.35e-07
 207 | 5.36e-07
 208 | 5.39e-07
 209 | 5.42e-07
 210 | 5.45e-07
 211 | 5.48e-07
 212 | 5.53e-07
 213 | 5.59e-07
 214 | 5.64e-07
 215 | 5.65e-07
 216 | 5.57e-07
 217 | 5.61e-07
 218 | 5.70e-07
 219 | 5.76e-07
 220 | 5.86e-07
 221 | 5.99e-07
 222 | 6.15e-07
 223 | 6.28e-07
 224 | 6.25e-07
 225 | 6.18e-07
 226 | 6.14e-07
 227 | 5.95e-07
 228 | 5.87e-07
 229 | 5.87e-07
 230 | 5.89e-07
 231 | 5.91e-07
 232 | 5.94e-07
 233 | 5.99e-07
 234 | 6.07e-07
 235 | 6.16e-07
 236 | 6.24e-07
 237 | 6.24e-07
 238 | 6.28e-07
 239 | 6.34e-07
 240 | 6.40e-07
 241 | 6.46e-07
 242 | 6.46e-07
 243 | 6.53e-07
 244 | 6.56e-07
 245 | 6.60e-07
 246 | 6.57e-07
 247 | 6.50e-07
 248 | 6.52e-07
 249 | 6.55e-07
 250 | 6.58e-07
 251 | 6.66e-07
 252 | 6.72e-07
 253 | 6.78e-07
 254 | 6.84e-07
 255 | 6.60e-07
 256 | 6.67e-07
 257 | 6.71e-07
 258 | 6.77e-07
 259 | 6.83e-07
 260 | 6.85e-07
 261 | 6.94e-07
 262 | 7.00e-07
 263 | 7.08e-07
 264 | 7.20e-07
 265 | 7.33e-07
 266 | 7.51e-07
 267 | 7.72e-07
 268 | 7.95e-07
 269 | 8.18e-07
 270 | 8.46e-07
 271 | 8.77e-07
 272 | 9.12e-07
 273 | 9.55e-07
 274 | 1.00e-06
 275 | 1.05e-06
 276 | 1.10e-06
 277 | 1.17e-06
 278 | 1.23e-06
 279 | 1.31e-06
 280 | 1.39e-06
 281 | 1.48e-06
 282 | 1.58e-06
 283 | 1.70e-06
 284 | 1.82e-06
 285 | 1.98e-06
 286 | 2.16e-06
 287 | 2.37e-06
 288 | 2.56e-06
 289 | 2.82e-06
 290 | 3.02e-06
 291 | 3.35e-06
 292 | 3.71e-06
 293 | 3.74e-06
 294 | 3.98e-06
 295 | 4.31e-06
 296 | 4.65e-06
 297 | 5.04e-06
 298 | 5.50e-06
 299 | 5.99e-06
 300 | 6.54e-06
 301 | 7.20e-06
 302 | 7.97e-06
 303 | 8.81e-06
 304 | 9.73e-06
 305 | 1.06e-05
 306 | 1.15e-05
 307 | 1.27e-05
 308 | 1.40e-05
 309 | 1.52e-05
 310 | 1.65e-05
 311 | 1.78e-05
 312 | 1.89e-05
 313 | 2.02e-05
 314 | 2.14e-05
 315 | 2.19e-05
 316 | 2.23e-05
 317 | 2.23e-05
 318 | 2.13e-05
 319 | 2.01e-05
 320 | 1.85e-05
 321 | 1.68e-05
 322 | 1.55e-05
 323 | 1.41e-05
 324 | 1.27e-05
 325 | 1.09e-05
 326 | 9.20e-06
 327 | 7.84e-06
 328 | 6.73e-06
 329 | 5.67e-06
 330 | 4.92e-06
 331 | 4.26e-06
 332 | 3.77e-06
 333 | 3.39e-06
 334 | 2.96e-06
 335 | 2.61e-06
 336 | 2.40e-06
 337 | 2.26e-06
 338 | 2.14e-06
 339 | 2.05e-06
 340 | 1.99e-06
 341 | 1.95e-06
 342 | 1.90e-06
 343 | 1.84e-06
 344 | 1.77e-06
 345 | 1.67e-06
 346 | 1.59e-06
 347 | 1.53e-06
 348 | 1.49e-06
 349 | 1.41e-06
 350 | 1.35e-06
 351 | 1.30e-06
 352 | 1.26e-06
 353 | 1.23e-06
 354 | 1.13e-06
 355 | 1.10e-06
 356 | 1.07e-06
 357 | 1.04e-06
 358 | 1.02e-06
 359 | 9.85e-07
 360 | 9.33e-07
 361 | 9.24e-07
 362 | 9.09e-07
 363 | 9.00e-07
 364 | 9.04e-07
 365 | 9.10e-07
 366 | 9.20e-07
 367 | 9.28e-07
 368 | 9.39e-07
 369 | 9.63e-07
 370 | 9.96e-07
 371 | 1.04e-06
 372 | 1.11e-06
 373 | 1.18e-06
 374 | 1.25e-06
 375 | 1.32e-06
 376 | 1.40e-06
 377 | 1.46e-06
 378 | 1.50e-06
 379 | 1.54e-06
 380 | 1.58e-06
 381 | 1.57e-06
 382 | 1.54e-06
 383 | 1.53e-06
 384 | 1.53e-06
 385 | 1.50e-06
 386 | 1.49e-06
 387 | 1.47e-06
 388 | 1.46e-06
 389 | 1.45e-06
 390 | 1.43e-06
 391 | 1.43e-06
 392 | 1.41e-06
 393 | 1.40e-06
 394 | 1.40e-06
 395 | 1.38e-06
 396 | 1.37e-06
 397 | 1.35e-06
 398 | 1.33e-06
 399 | 1.31e-06
 400 | 1.28e-06
 401 | 1.25e-06
 402 | 1.21e-06
 403 | 1.16e-06
 404 | 1.13e-06
 405 | 1.10e-06
 406 | 1.07e-06
 407 | 1.03e-06
 408 | 1.01e-06
 409 | 9.89e-07
 410 | 9.65e-07
 411 | 9.36e-07
 412 | 9.12e-07
 413 | 8.94e-07
 414 | 8.79e-07
 415 | 8.69e-07
 416 | 8.56e-07
 417 | 8.47e-07
 418 | 8.36e-07
 419 | 8.24e-07
 420 | 8.10e-07
 421 | 7.95e-07
 422 | 7.79e-07
 423 | 7.62e-07
 424 | 7.50e-07
 425 | 7.38e-07
 426 | 7.28e-07
 427 | 7.23e-07
 428 | 7.16e-07
 429 | 7.03e-07
 430 | 6.88e-07
 431 | 6.81e-07
 432 | 6.74e-07
 433 | 6.65e-07
 434 | 6.56e-07
 435 | 6.48e-07
 436 | 6.43e-07
 437 | 6.38e-07
 438 | 6.33e-07
 439 | 6.28e-07
 440 | 6.24e-07
 441 | 6.22e-07
 442 | 6.19e-07
 443 | 6.17e-07
 444 | 6.15e-07
 445 | 6.13e-07
 446 | 6.10e-07
 447 | 6.06e-07
 448 | 6.03e-07
 449 | 6.01e-07
 450 | 6.00e-07
 451 | 5.97e-07
 452 | 5.88e-07
 453 | 5.79e-07
 454 | 5.72e-07
 455 | 5.66e-07
 456 | 5.59e-07
 457 | 5.52e-07
 458 | 5.45e-07
 459 | 5.40e-07
 460 | 5.34e-07
 461 | 5.28e-07
 462 | 5.22e-07
 463 | 5.17e-07
 464 | 5.11e-07
 465 | 5.06e-07
 466 | 5.00e-07
 467 | 4.93e-07
 468 | 4.86e-07
 469 | 4.79e-07
 470 | 4.72e-07
 471 | 4.65e-07
 472 | 4.58e-07
 473 | 4.50e-07
 474 | 4.42e-07
 475 | 4.34e-07
 476 | 4.26e-07
 477 | 4.18e-07
 478 | 4.12e-07
 479 | 4.08e-07
 480 | 4.05e-07
 481 | 4.02e-07
 482 | 3.99e-07
 483 | 3.96e-07
 484 | 3.93e-07
 485 | 3.89e-07
 486 | 3.86e-07
 487 | 3.84e-07
 488 | 3.81e-07
 489 | 3.78e-07
 490 | 3.75e-07
 491 | 3.71e-07
 492 | 3.67e-07
 493 | 3.62e-07
 494 | 3.58e-07
 495 | 3.54e-07
 496 | 3.49e-07
 497 | 3.45e-07
 498 | 3.41e-07
 499 | 3.36e-07
 500 | 3.34e-07
 501 | 3.36e-07
 502 | 3.40e-07
 503 | 3.45e-07
 504 | 3.51e-07
 505 | 3.56e-07
 506 | 3.62e-07
 507 | 3.68e-07
 508 | 3.74e-07
 509 | 3.81e-07
 510 | 3.85e-07
 511 | 3.89e-07
 512 | 3.93e-07
 513 | 3.97e-07
 514 | 4.00e-07
 515 | 4.03e-07
 516 | 4.05e-07
 517 | 4.07e-07
 518 | 4.09e-07
 519 | 4.12e-07
 520 | 4.15e-07
 521 | 4.17e-07
 522 | 4.19e-07
 523 | 4.20e-07
 524 | 4.21e-07
 525 | 4.21e-07
 526 | 4.21e-07
 527 | 4.19e-07
 528 | 4.18e-07
 529 | 4.15e-07
 530 | 4.10e-07
 531 | 4.07e-07
 532 | 4.04e-07
 533 | 4.00e-07
 534 | 3.95e-07
 535 | 3.91e-07
 536 | 3.87e-07
 537 | 3.82e-07
 538 | 3.77e-07
 539 | 3.76e-07
 540 | 3.71e-07
 541 | 3.71e-07
 542 | 3.71e-07
 543 | 3.70e-07
 544 | 3.69e-07
 545 | 3.69e-07
 546 | 3.67e-07
 547 | 3.66e-07
 548 | 3.64e-07
 549 | 3.61e-07
 550 | 3.57e-07
 551 | 3.52e-07
 552 | 3.48e-07
 553 | 3.42e-07
 554 | 3.37e-07
 555 | 3.32e-07
 556 | 3.26e-07
 557 | 3.21e-07
 558 | 3.15e-07
 559 | 3.08e-07
 560 | 3.02e-07
 561 | 2.95e-07
 562 | 2.88e-07
 563 | 2.82e-07
 564 | 2.76e-07
 565 | 2.69e-07
 566 | 2.63e-07
 567 | 2.56e-07
 568 | 2.48e-07
 569 | 2.36e-07
 570 | 2.29e-07
 571 | 2.23e-07
 572 | 2.16e-07
 573 | 2.10e-07
 574 | 2.04e-07
 575 | 1.98e-07
 576 | 1.92e-07
 577 | 1.87e-07
 578 | 1.81e-07
 579 | 1.76e-07
 580 | 1.70e-07
 581 | 1.65e-07
 582 | 1.60e-07
 583 | 1.55e-07
 584 | 1.50e-07
 585 | 1.46e-07
 586 | 1.41e-07
 587 | 1.36e-07
 588 | 1.32e-07
 589 | 1.28e-07
 590 | 1.24e-07
 591 | 1.20e-07
 592 | 1.15e-07
 593 | 1.10e-07
 594 | 1.05e-07
 595 | 1.02e-07
 596 | 9.90e-08
[2025-11-09 09:59:12] Run completed in 88.21 minutes
[2025-11-09 09:59:17] Saved NMF result to: /zata/zippy/kresgeb/nmf_stuff/dlPFC/data/batched_nmf/nmf_k90_seed31415_tol1e-07.rds
[2025-11-09 09:59:17] Appended run metadata to summary.csv
[2025-11-09 09:59:17] --------------------------------------------
[2025-11-09 09:59:17] Starting run 130 / 150: k=100, seed=31415, tol=1e-07
[2025-11-09 09:59:17] --------------------------------------------

iter |      tol 
---------------
   1 | 9.13e-01
   2 | 1.02e-01
   3 | 3.69e-02
   4 | 1.94e-02
   5 | 1.30e-02
   6 | 9.58e-03
   7 | 7.43e-03
   8 | 5.94e-03
   9 | 4.83e-03
  10 | 4.06e-03
  11 | 3.58e-03
  12 | 3.31e-03
  13 | 3.09e-03
  14 | 2.84e-03
  15 | 2.52e-03
  16 | 2.21e-03
  17 | 1.99e-03
  18 | 1.82e-03
  19 | 1.74e-03
  20 | 1.72e-03
  21 | 1.74e-03
  22 | 1.74e-03
  23 | 1.70e-03
  24 | 1.61e-03
  25 | 1.51e-03
  26 | 1.34e-03
  27 | 1.16e-03
  28 | 1.02e-03
  29 | 8.96e-04
  30 | 8.25e-04
  31 | 7.97e-04
  32 | 7.23e-04
  33 | 6.79e-04
  34 | 6.36e-04
  35 | 5.68e-04
  36 | 4.87e-04
  37 | 4.19e-04
  38 | 3.67e-04
  39 | 3.27e-04
  40 | 3.05e-04
  41 | 2.90e-04
  42 | 2.76e-04
  43 | 2.70e-04
  44 | 2.72e-04
  45 | 2.79e-04
  46 | 2.81e-04
  47 | 2.86e-04
  48 | 3.08e-04
  49 | 3.21e-04
  50 | 3.42e-04
  51 | 3.63e-04
  52 | 3.89e-04
  53 | 4.07e-04
  54 | 4.16e-04
  55 | 4.06e-04
  56 | 3.92e-04
  57 | 3.76e-04
  58 | 3.46e-04
  59 | 3.11e-04
  60 | 2.76e-04
  61 | 2.58e-04
  62 | 2.51e-04
  63 | 2.53e-04
  64 | 2.67e-04
  65 | 2.92e-04
  66 | 3.09e-04
  67 | 3.19e-04
  68 | 3.02e-04
  69 | 2.79e-04
  70 | 2.52e-04
  71 | 2.19e-04
  72 | 1.90e-04
  73 | 1.61e-04
  74 | 1.28e-04
  75 | 1.04e-04
  76 | 8.51e-05
  77 | 7.48e-05
  78 | 6.80e-05
  79 | 6.38e-05
  80 | 6.08e-05
  81 | 5.89e-05
  82 | 5.75e-05
  83 | 5.55e-05
  84 | 5.43e-05
  85 | 5.25e-05
  86 | 5.11e-05
  87 | 5.09e-05
  88 | 5.08e-05
  89 | 5.08e-05
  90 | 5.02e-05
  91 | 5.08e-05
  92 | 5.07e-05
  93 | 5.35e-05
  94 | 5.50e-05
  95 | 5.93e-05
  96 | 6.56e-05
  97 | 7.28e-05
  98 | 7.97e-05
  99 | 8.57e-05
 100 | 8.97e-05
 101 | 9.31e-05
 102 | 9.43e-05
 103 | 8.45e-05
 104 | 7.08e-05
 105 | 5.89e-05
 106 | 4.90e-05
 107 | 3.87e-05
 108 | 3.18e-05
 109 | 2.65e-05
 110 | 2.21e-05
 111 | 1.93e-05
 112 | 1.69e-05
 113 | 1.51e-05
 114 | 1.37e-05
 115 | 1.14e-05
 116 | 9.65e-06
 117 | 9.00e-06
 118 | 8.28e-06
 119 | 7.45e-06
 120 | 6.88e-06
 121 | 6.59e-06
 122 | 6.40e-06
 123 | 6.31e-06
 124 | 6.24e-06
 125 | 6.24e-06
 126 | 6.19e-06
 127 | 6.18e-06
 128 | 6.17e-06
 129 | 6.18e-06
 130 | 6.22e-06
 131 | 6.23e-06
 132 | 6.25e-06
 133 | 6.24e-06
 134 | 6.11e-06
 135 | 5.94e-06
 136 | 5.71e-06
 137 | 5.41e-06
 138 | 5.10e-06
 139 | 4.75e-06
 140 | 4.40e-06
 141 | 4.07e-06
 142 | 3.78e-06
 143 | 3.55e-06
 144 | 3.34e-06
 145 | 3.14e-06
 146 | 2.93e-06
 147 | 2.76e-06
 148 | 2.61e-06
 149 | 2.48e-06
 150 | 2.37e-06
 151 | 2.20e-06
 152 | 2.12e-06
 153 | 2.07e-06
 154 | 2.00e-06
 155 | 1.95e-06
 156 | 1.91e-06
 157 | 1.88e-06
 158 | 1.85e-06
 159 | 1.85e-06
 160 | 1.87e-06
 161 | 1.89e-06
 162 | 1.89e-06
 163 | 1.93e-06
 164 | 1.97e-06
 165 | 2.03e-06
 166 | 2.11e-06
 167 | 2.22e-06
 168 | 2.36e-06
 169 | 2.52e-06
 170 | 2.65e-06
 171 | 2.74e-06
 172 | 2.87e-06
 173 | 2.94e-06
 174 | 3.08e-06
 175 | 3.21e-06
 176 | 3.22e-06
 177 | 3.27e-06
 178 | 3.28e-06
 179 | 3.30e-06
 180 | 3.24e-06
 181 | 3.20e-06
 182 | 3.24e-06
 183 | 3.32e-06
 184 | 3.40e-06
 185 | 3.52e-06
 186 | 3.61e-06
 187 | 3.72e-06
 188 | 3.86e-06
 189 | 3.73e-06
 190 | 3.70e-06
 191 | 3.80e-06
 192 | 3.74e-06
 193 | 3.79e-06
 194 | 3.80e-06
 195 | 3.71e-06
 196 | 3.67e-06
 197 | 3.69e-06
 198 | 3.72e-06
 199 | 3.82e-06
 200 | 3.87e-06
 201 | 3.80e-06
 202 | 3.90e-06
 203 | 3.44e-06
 204 | 2.77e-06
 205 | 2.31e-06
 206 | 2.09e-06
 207 | 1.94e-06
 208 | 1.86e-06
 209 | 1.81e-06
 210 | 1.77e-06
 211 | 1.73e-06
 212 | 1.66e-06
 213 | 1.62e-06
 214 | 1.60e-06
 215 | 1.59e-06
 216 | 1.58e-06
 217 | 1.55e-06
 218 | 1.54e-06
 219 | 1.55e-06
 220 | 1.54e-06
 221 | 1.55e-06
 222 | 1.57e-06
 223 | 1.59e-06
 224 | 1.58e-06
 225 | 1.59e-06
 226 | 1.61e-06
 227 | 1.63e-06
 228 | 1.61e-06
 229 | 1.59e-06
 230 | 1.58e-06
 231 | 1.57e-06
 232 | 1.57e-06
 233 | 1.49e-06
 234 | 1.46e-06
 235 | 1.44e-06
 236 | 1.43e-06
 237 | 1.43e-06
 238 | 1.43e-06
 239 | 1.44e-06
 240 | 1.44e-06
 241 | 1.43e-06
 242 | 1.45e-06
 243 | 1.48e-06
 244 | 1.49e-06
 245 | 1.51e-06
 246 | 1.52e-06
 247 | 1.55e-06
 248 | 1.60e-06
 249 | 1.65e-06
 250 | 1.70e-06
 251 | 1.71e-06
 252 | 1.72e-06
 253 | 1.79e-06
 254 | 1.87e-06
 255 | 1.95e-06
 256 | 2.01e-06
 257 | 2.08e-06
 258 | 2.16e-06
 259 | 2.16e-06
 260 | 2.25e-06
 261 | 2.35e-06
 262 | 2.44e-06
 263 | 2.51e-06
 264 | 2.63e-06
 265 | 2.80e-06
 266 | 2.83e-06
 267 | 2.92e-06
 268 | 3.04e-06
 269 | 3.09e-06
 270 | 3.06e-06
 271 | 3.04e-06
 272 | 3.02e-06
 273 | 3.06e-06
 274 | 3.10e-06
 275 | 3.13e-06
 276 | 3.15e-06
 277 | 3.17e-06
 278 | 2.59e-06
 279 | 2.48e-06
 280 | 2.44e-06
 281 | 2.40e-06
 282 | 2.39e-06
 283 | 2.33e-06
 284 | 2.23e-06
 285 | 2.14e-06
 286 | 2.11e-06
 287 | 2.09e-06
 288 | 2.10e-06
 289 | 2.07e-06
 290 | 1.85e-06
 291 | 1.84e-06
 292 | 1.83e-06
 293 | 1.84e-06
 294 | 1.83e-06
 295 | 1.85e-06
 296 | 1.87e-06
 297 | 1.91e-06
 298 | 1.92e-06
 299 | 1.95e-06
 300 | 1.95e-06
 301 | 1.91e-06
 302 | 1.79e-06
 303 | 1.76e-06
 304 | 1.73e-06
 305 | 1.71e-06
 306 | 1.70e-06
 307 | 1.71e-06
 308 | 1.71e-06
 309 | 1.74e-06
 310 | 1.78e-06
 311 | 1.78e-06
 312 | 1.74e-06
 313 | 1.77e-06
 314 | 1.80e-06
 315 | 1.84e-06
 316 | 1.89e-06
 317 | 1.94e-06
 318 | 2.00e-06
 319 | 2.08e-06
 320 | 2.14e-06
 321 | 2.21e-06
 322 | 2.31e-06
 323 | 2.44e-06
 324 | 2.60e-06
 325 | 2.64e-06
 326 | 2.77e-06
 327 | 2.94e-06
 328 | 3.16e-06
 329 | 3.43e-06
 330 | 3.69e-06
 331 | 4.06e-06
 332 | 4.43e-06
 333 | 4.68e-06
 334 | 5.08e-06
 335 | 5.61e-06
 336 | 6.28e-06
 337 | 7.10e-06
 338 | 8.10e-06
 339 | 9.10e-06
 340 | 1.03e-05
 341 | 1.16e-05
 342 | 1.32e-05
 343 | 1.54e-05
 344 | 1.80e-05
 345 | 2.02e-05
 346 | 2.30e-05
 347 | 2.61e-05
 348 | 2.89e-05
 349 | 3.20e-05
 350 | 3.33e-05
 351 | 3.31e-05
 352 | 3.33e-05
 353 | 3.32e-05
 354 | 3.17e-05
 355 | 2.69e-05
 356 | 2.25e-05
 357 | 1.91e-05
 358 | 1.32e-05
 359 | 9.62e-06
 360 | 7.92e-06
 361 | 6.58e-06
 362 | 5.50e-06
 363 | 4.25e-06
 364 | 3.54e-06
 365 | 3.04e-06
 366 | 2.64e-06
 367 | 2.33e-06
 368 | 2.12e-06
 369 | 1.96e-06
 370 | 1.87e-06
 371 | 1.84e-06
 372 | 1.85e-06
 373 | 1.89e-06
 374 | 1.94e-06
 375 | 2.02e-06
 376 | 2.12e-06
 377 | 2.23e-06
 378 | 2.37e-06
 379 | 2.55e-06
 380 | 2.70e-06
 381 | 2.85e-06
 382 | 3.01e-06
 383 | 3.16e-06
 384 | 3.22e-06
 385 | 3.23e-06
 386 | 3.23e-06
 387 | 3.20e-06
 388 | 3.10e-06
 389 | 2.99e-06
 390 | 2.87e-06
 391 | 2.86e-06
 392 | 2.81e-06
 393 | 2.76e-06
 394 | 2.71e-06
 395 | 2.63e-06
 396 | 2.57e-06
 397 | 2.50e-06
 398 | 2.42e-06
 399 | 2.34e-06
 400 | 2.22e-06
 401 | 2.11e-06
 402 | 2.00e-06
 403 | 1.90e-06
 404 | 1.80e-06
 405 | 1.67e-06
 406 | 1.56e-06
 407 | 1.46e-06
 408 | 1.37e-06
 409 | 1.26e-06
 410 | 1.13e-06
 411 | 1.04e-06
 412 | 7.32e-07
 413 | 5.72e-07
 414 | 5.25e-07
 415 | 4.83e-07
 416 | 4.49e-07
 417 | 4.21e-07
 418 | 3.96e-07
 419 | 3.76e-07
 420 | 3.58e-07
 421 | 3.42e-07
 422 | 3.28e-07
 423 | 3.15e-07
 424 | 3.04e-07
 425 | 2.94e-07
 426 | 2.74e-07
 427 | 2.64e-07
 428 | 2.55e-07
 429 | 2.47e-07
 430 | 2.40e-07
 431 | 2.32e-07
 432 | 2.25e-07
 433 | 2.20e-07
 434 | 2.15e-07
 435 | 2.11e-07
 436 | 2.06e-07
 437 | 2.02e-07
 438 | 1.98e-07
 439 | 1.94e-07
 440 | 1.92e-07
 441 | 1.90e-07
 442 | 1.88e-07
 443 | 1.86e-07
 444 | 1.86e-07
 445 | 1.83e-07
 446 | 1.83e-07
 447 | 1.83e-07
 448 | 1.84e-07
 449 | 1.83e-07
 450 | 1.84e-07
 451 | 1.84e-07
 452 | 1.86e-07
 453 | 1.87e-07
 454 | 1.88e-07
 455 | 1.90e-07
 456 | 1.91e-07
 457 | 1.93e-07
 458 | 1.83e-07
 459 | 1.80e-07
 460 | 1.79e-07
 461 | 1.78e-07
 462 | 1.78e-07
 463 | 1.77e-07
 464 | 1.77e-07
 465 | 1.76e-07
 466 | 1.76e-07
 467 | 1.75e-07
 468 | 1.76e-07
 469 | 1.77e-07
 470 | 1.79e-07
 471 | 1.81e-07
 472 | 1.82e-07
 473 | 1.84e-07
 474 | 1.86e-07
 475 | 1.88e-07
 476 | 1.89e-07
 477 | 1.90e-07
 478 | 1.91e-07
 479 | 1.92e-07
 480 | 1.94e-07
 481 | 1.95e-07
 482 | 1.97e-07
 483 | 1.98e-07
 484 | 2.00e-07
 485 | 2.02e-07
 486 | 2.05e-07
 487 | 2.07e-07
 488 | 2.09e-07
 489 | 2.11e-07
 490 | 2.17e-07
 491 | 2.16e-07
 492 | 2.05e-07
 493 | 1.95e-07
 494 | 1.88e-07
 495 | 1.82e-07
 496 | 1.78e-07
 497 | 1.75e-07
 498 | 1.73e-07
 499 | 1.72e-07
 500 | 1.71e-07
 501 | 1.71e-07
 502 | 1.61e-07
 503 | 1.55e-07
 504 | 1.52e-07
 505 | 1.49e-07
 506 | 1.47e-07
 507 | 1.45e-07
 508 | 1.44e-07
 509 | 1.44e-07
 510 | 1.44e-07
 511 | 1.44e-07
 512 | 1.44e-07
 513 | 1.45e-07
 514 | 1.46e-07
 515 | 1.47e-07
 516 | 1.49e-07
 517 | 1.51e-07
 518 | 1.55e-07
 519 | 1.58e-07
 520 | 1.62e-07
 521 | 1.67e-07
 522 | 1.71e-07
 523 | 1.77e-07
 524 | 1.83e-07
 525 | 1.90e-07
 526 | 1.98e-07
 527 | 2.07e-07
 528 | 2.17e-07
 529 | 2.29e-07
 530 | 2.40e-07
 531 | 2.52e-07
 532 | 2.66e-07
 533 | 2.83e-07
 534 | 3.01e-07
 535 | 3.22e-07
 536 | 3.46e-07
 537 | 3.72e-07
 538 | 4.01e-07
 539 | 4.35e-07
 540 | 4.72e-07
 541 | 5.13e-07
 542 | 5.38e-07
 543 | 5.72e-07
 544 | 6.13e-07
 545 | 6.62e-07
 546 | 7.15e-07
 547 | 7.81e-07
 548 | 8.60e-07
 549 | 9.40e-07
 550 | 1.01e-06
 551 | 1.05e-06
 552 | 1.13e-06
 553 | 1.22e-06
 554 | 1.31e-06
 555 | 1.42e-06
 556 | 1.54e-06
 557 | 1.67e-06
 558 | 1.81e-06
 559 | 1.97e-06
 560 | 2.13e-06
 561 | 2.32e-06
 562 | 2.55e-06
 563 | 2.80e-06
 564 | 3.06e-06
 565 | 3.33e-06
 566 | 3.58e-06
 567 | 3.63e-06
 568 | 3.60e-06
 569 | 3.62e-06
 570 | 3.88e-06
 571 | 4.04e-06
 572 | 4.22e-06
 573 | 4.33e-06
 574 | 4.54e-06
 575 | 4.80e-06
 576 | 5.01e-06
 577 | 5.09e-06
 578 | 5.28e-06
 579 | 5.26e-06
 580 | 5.39e-06
 581 | 5.59e-06
 582 | 5.84e-06
 583 | 6.18e-06
 584 | 6.54e-06
 585 | 6.89e-06
 586 | 7.35e-06
 587 | 7.75e-06
 588 | 7.08e-06
 589 | 6.94e-06
 590 | 6.78e-06
 591 | 6.88e-06
 592 | 6.54e-06
 593 | 6.64e-06
 594 | 6.88e-06
 595 | 6.82e-06
 596 | 6.71e-06
 597 | 6.81e-06
 598 | 6.94e-06
 599 | 7.17e-06
 600 | 7.39e-06
 601 | 7.53e-06
 602 | 7.52e-06
 603 | 7.22e-06
 604 | 6.99e-06
 605 | 6.77e-06
 606 | 6.51e-06
 607 | 6.22e-06
 608 | 5.86e-06
 609 | 5.46e-06
 610 | 5.04e-06
 611 | 4.58e-06
 612 | 4.11e-06
 613 | 3.67e-06
 614 | 3.27e-06
 615 | 2.83e-06
 616 | 2.46e-06
 617 | 2.14e-06
 618 | 1.84e-06
 619 | 1.60e-06
 620 | 1.40e-06
 621 | 1.23e-06
 622 | 1.14e-06
 623 | 1.07e-06
 624 | 1.03e-06
 625 | 1.00e-06
 626 | 9.94e-07
 627 | 1.01e-06
 628 | 1.02e-06
 629 | 1.08e-06
 630 | 1.14e-06
 631 | 1.23e-06
 632 | 1.33e-06
 633 | 1.45e-06
 634 | 1.59e-06
 635 | 1.74e-06
 636 | 1.91e-06
 637 | 2.13e-06
 638 | 2.33e-06
 639 | 2.53e-06
 640 | 2.73e-06
 641 | 2.93e-06
 642 | 3.12e-06
 643 | 3.28e-06
 644 | 3.43e-06
 645 | 3.54e-06
 646 | 3.61e-06
 647 | 3.62e-06
 648 | 3.57e-06
 649 | 3.48e-06
 650 | 3.34e-06
 651 | 3.19e-06
 652 | 2.98e-06
 653 | 2.75e-06
 654 | 2.51e-06
 655 | 2.25e-06
 656 | 1.98e-06
 657 | 1.72e-06
 658 | 1.47e-06
 659 | 1.24e-06
 660 | 1.04e-06
 661 | 8.64e-07
 662 | 7.15e-07
 663 | 5.92e-07
 664 | 4.89e-07
 665 | 4.02e-07
 666 | 3.29e-07
 667 | 2.74e-07
 668 | 2.31e-07
 669 | 1.98e-07
 670 | 1.72e-07
 671 | 1.53e-07
 672 | 1.37e-07
 673 | 1.24e-07
 674 | 1.14e-07
 675 | 1.06e-07
 676 | 1.00e-07
 677 | 9.59e-08
[2025-11-09 11:52:05] Run completed in 112.80 minutes
[2025-11-09 11:52:11] Saved NMF result to: /zata/zippy/kresgeb/nmf_stuff/dlPFC/data/batched_nmf/nmf_k100_seed31415_tol1e-07.rds
[2025-11-09 11:52:11] Appended run metadata to summary.csv
[2025-11-09 11:52:11] --------------------------------------------
[2025-11-09 11:52:11] Starting run 131 / 150: k=10, seed=120301, tol=1e-07
[2025-11-09 11:52:11] --------------------------------------------

iter |      tol 
---------------
   1 | 9.40e-01
   2 | 1.22e-01
   3 | 3.21e-02
   4 | 1.18e-02
   5 | 6.32e-03
   6 | 3.54e-03
   7 | 2.01e-03
   8 | 1.23e-03
   9 | 8.42e-04
  10 | 6.32e-04
  11 | 5.35e-04
  12 | 5.16e-04
  13 | 5.93e-04
  14 | 7.32e-04
  15 | 8.02e-04
  16 | 6.77e-04
  17 | 4.59e-04
  18 | 2.88e-04
  19 | 1.79e-04
  20 | 1.11e-04
  21 | 6.92e-05
  22 | 4.43e-05
  23 | 2.91e-05
  24 | 1.97e-05
  25 | 1.39e-05
  26 | 1.04e-05
  27 | 8.01e-06
  28 | 6.38e-06
  29 | 5.20e-06
  30 | 4.28e-06
  31 | 3.57e-06
  32 | 3.01e-06
  33 | 2.55e-06
  34 | 2.18e-06
  35 | 1.86e-06
  36 | 1.60e-06
  37 | 1.38e-06
  38 | 1.20e-06
  39 | 1.04e-06
  40 | 9.04e-07
  41 | 7.90e-07
  42 | 6.90e-07
  43 | 6.04e-07
  44 | 5.28e-07
  45 | 4.61e-07
  46 | 4.04e-07
  47 | 3.52e-07
  48 | 3.08e-07
  49 | 2.69e-07
  50 | 2.35e-07
  51 | 2.06e-07
  52 | 1.81e-07
  53 | 1.60e-07
  54 | 1.41e-07
  55 | 1.25e-07
  56 | 1.11e-07
  57 | 9.92e-08
[2025-11-09 11:54:34] Run completed in 2.37 minutes
[2025-11-09 11:54:35] Saved NMF result to: /zata/zippy/kresgeb/nmf_stuff/dlPFC/data/batched_nmf/nmf_k10_seed120301_tol1e-07.rds
[2025-11-09 11:54:35] Appended run metadata to summary.csv
[2025-11-09 11:54:35] --------------------------------------------
[2025-11-09 11:54:35] Starting run 132 / 150: k=20, seed=120301, tol=1e-07
[2025-11-09 11:54:35] --------------------------------------------

iter |      tol 
---------------
   1 | 9.28e-01
   2 | 1.25e-01
   3 | 3.26e-02
   4 | 1.68e-02
   5 | 9.68e-03
   6 | 6.44e-03
   7 | 4.47e-03
   8 | 3.39e-03
   9 | 3.02e-03
  10 | 2.82e-03
  11 | 2.55e-03
  12 | 2.09e-03
  13 | 1.62e-03
  14 | 1.28e-03
  15 | 1.08e-03
  16 | 9.42e-04
  17 | 8.05e-04
  18 | 6.60e-04
  19 | 5.28e-04
  20 | 4.26e-04
  21 | 3.49e-04
  22 | 2.96e-04
  23 | 2.68e-04
  24 | 2.54e-04
  25 | 2.48e-04
  26 | 2.49e-04
  27 | 2.55e-04
  28 | 2.56e-04
  29 | 2.46e-04
  30 | 2.25e-04
  31 | 1.98e-04
  32 | 1.69e-04
  33 | 1.41e-04
  34 | 1.17e-04
  35 | 9.62e-05
  36 | 7.91e-05
  37 | 6.53e-05
  38 | 5.36e-05
  39 | 4.42e-05
  40 | 3.72e-05
  41 | 3.21e-05
  42 | 2.83e-05
  43 | 2.56e-05
  44 | 2.35e-05
  45 | 2.20e-05
  46 | 2.10e-05
  47 | 2.03e-05
  48 | 1.98e-05
  49 | 1.93e-05
  50 | 1.89e-05
  51 | 1.84e-05
  52 | 1.79e-05
  53 | 1.73e-05
  54 | 1.65e-05
  55 | 1.55e-05
  56 | 1.45e-05
  57 | 1.34e-05
  58 | 1.24e-05
  59 | 1.14e-05
  60 | 1.05e-05
  61 | 9.79e-06
  62 | 9.22e-06
  63 | 8.76e-06
  64 | 8.41e-06
  65 | 8.13e-06
  66 | 7.89e-06
  67 | 7.66e-06
  68 | 7.42e-06
  69 | 7.16e-06
  70 | 6.91e-06
  71 | 6.66e-06
  72 | 6.40e-06
  73 | 6.08e-06
  74 | 5.71e-06
  75 | 5.29e-06
  76 | 4.86e-06
  77 | 4.43e-06
  78 | 4.01e-06
  79 | 3.62e-06
  80 | 3.27e-06
  81 | 2.93e-06
  82 | 2.61e-06
  83 | 2.32e-06
  84 | 2.05e-06
  85 | 1.79e-06
  86 | 1.57e-06
  87 | 1.38e-06
  88 | 1.21e-06
  89 | 1.07e-06
  90 | 9.53e-07
  91 | 8.50e-07
  92 | 7.60e-07
  93 | 6.81e-07
  94 | 6.14e-07
  95 | 5.57e-07
  96 | 5.06e-07
  97 | 4.63e-07
  98 | 4.25e-07
  99 | 3.92e-07
 100 | 3.63e-07
 101 | 3.38e-07
 102 | 3.16e-07
 103 | 2.97e-07
 104 | 2.80e-07
 105 | 2.65e-07
 106 | 2.51e-07
 107 | 2.39e-07
 108 | 2.29e-07
 109 | 2.19e-07
 110 | 2.11e-07
 111 | 2.03e-07
 112 | 1.96e-07
 113 | 1.90e-07
 114 | 1.84e-07
 115 | 1.79e-07
 116 | 1.74e-07
 117 | 1.70e-07
 118 | 1.66e-07
 119 | 1.62e-07
 120 | 1.59e-07
 121 | 1.56e-07
 122 | 1.53e-07
 123 | 1.51e-07
 124 | 1.48e-07
 125 | 1.46e-07
 126 | 1.44e-07
 127 | 1.43e-07
 128 | 1.41e-07
 129 | 1.39e-07
 130 | 1.38e-07
 131 | 1.36e-07
 132 | 1.35e-07
 133 | 1.34e-07
 134 | 1.33e-07
 135 | 1.32e-07
 136 | 1.31e-07
 137 | 1.30e-07
 138 | 1.29e-07
 139 | 1.29e-07
 140 | 1.28e-07
 141 | 1.27e-07
 142 | 1.27e-07
 143 | 1.26e-07
 144 | 1.26e-07
 145 | 1.25e-07
 146 | 1.25e-07
 147 | 1.24e-07
 148 | 1.24e-07
 149 | 1.24e-07
 150 | 1.24e-07
 151 | 1.23e-07
 152 | 1.23e-07
 153 | 1.23e-07
 154 | 1.23e-07
 155 | 1.23e-07
 156 | 1.23e-07
 157 | 1.23e-07
 158 | 1.24e-07
 159 | 1.24e-07
 160 | 1.24e-07
 161 | 1.24e-07
 162 | 1.24e-07
 163 | 1.24e-07
 164 | 1.25e-07
 165 | 1.25e-07
 166 | 1.25e-07
 167 | 1.25e-07
 168 | 1.25e-07
 169 | 1.26e-07
 170 | 1.26e-07
 171 | 1.26e-07
 172 | 1.26e-07
 173 | 1.26e-07
 174 | 1.27e-07
 175 | 1.27e-07
 176 | 1.27e-07
 177 | 1.28e-07
 178 | 1.28e-07
 179 | 1.29e-07
 180 | 1.29e-07
 181 | 1.30e-07
 182 | 1.31e-07
 183 | 1.31e-07
 184 | 1.32e-07
 185 | 1.33e-07
 186 | 1.33e-07
 187 | 1.34e-07
 188 | 1.35e-07
 189 | 1.36e-07
 190 | 1.36e-07
 191 | 1.37e-07
 192 | 1.38e-07
 193 | 1.39e-07
 194 | 1.39e-07
 195 | 1.40e-07
 196 | 1.41e-07
 197 | 1.42e-07
 198 | 1.43e-07
 199 | 1.43e-07
 200 | 1.44e-07
 201 | 1.45e-07
 202 | 1.46e-07
 203 | 1.47e-07
 204 | 1.48e-07
 205 | 1.49e-07
 206 | 1.49e-07
 207 | 1.50e-07
 208 | 1.51e-07
 209 | 1.52e-07
 210 | 1.52e-07
 211 | 1.53e-07
 212 | 1.54e-07
 213 | 1.54e-07
 214 | 1.55e-07
 215 | 1.56e-07
 216 | 1.57e-07
 217 | 1.58e-07
 218 | 1.59e-07
 219 | 1.60e-07
 220 | 1.60e-07
 221 | 1.60e-07
 222 | 1.61e-07
 223 | 1.61e-07
 224 | 1.62e-07
 225 | 1.62e-07
 226 | 1.63e-07
 227 | 1.63e-07
 228 | 1.63e-07
 229 | 1.64e-07
 230 | 1.64e-07
 231 | 1.64e-07
 232 | 1.65e-07
 233 | 1.65e-07
 234 | 1.66e-07
 235 | 1.66e-07
 236 | 1.67e-07
 237 | 1.67e-07
 238 | 1.67e-07
 239 | 1.68e-07
 240 | 1.68e-07
 241 | 1.69e-07
 242 | 1.69e-07
 243 | 1.70e-07
 244 | 1.70e-07
 245 | 1.70e-07
 246 | 1.71e-07
 247 | 1.71e-07
 248 | 1.72e-07
 249 | 1.72e-07
 250 | 1.73e-07
 251 | 1.73e-07
 252 | 1.74e-07
 253 | 1.74e-07
 254 | 1.75e-07
 255 | 1.75e-07
 256 | 1.76e-07
 257 | 1.77e-07
 258 | 1.77e-07
 259 | 1.78e-07
 260 | 1.79e-07
 261 | 1.79e-07
 262 | 1.80e-07
 263 | 1.81e-07
 264 | 1.81e-07
 265 | 1.82e-07
 266 | 1.83e-07
 267 | 1.84e-07
 268 | 1.84e-07
 269 | 1.85e-07
 270 | 1.86e-07
 271 | 1.87e-07
 272 | 1.87e-07
 273 | 1.88e-07
 274 | 1.88e-07
 275 | 1.88e-07
 276 | 1.87e-07
 277 | 1.87e-07
 278 | 1.87e-07
 279 | 1.87e-07
 280 | 1.87e-07
 281 | 1.87e-07
 282 | 1.87e-07
 283 | 1.87e-07
 284 | 1.88e-07
 285 | 1.88e-07
 286 | 1.88e-07
 287 | 1.88e-07
 288 | 1.88e-07
 289 | 1.88e-07
 290 | 1.88e-07
 291 | 1.88e-07
 292 | 1.89e-07
 293 | 1.89e-07
 294 | 1.89e-07
 295 | 1.89e-07
 296 | 1.88e-07
 297 | 1.88e-07
 298 | 1.88e-07
 299 | 1.88e-07
 300 | 1.87e-07
 301 | 1.86e-07
 302 | 1.85e-07
 303 | 1.85e-07
 304 | 1.84e-07
 305 | 1.83e-07
 306 | 1.82e-07
 307 | 1.81e-07
 308 | 1.79e-07
 309 | 1.78e-07
 310 | 1.77e-07
 311 | 1.76e-07
 312 | 1.75e-07
 313 | 1.74e-07
 314 | 1.73e-07
 315 | 1.72e-07
 316 | 1.71e-07
 317 | 1.70e-07
 318 | 1.68e-07
 319 | 1.67e-07
 320 | 1.66e-07
 321 | 1.65e-07
 322 | 1.64e-07
 323 | 1.63e-07
 324 | 1.62e-07
 325 | 1.61e-07
 326 | 1.60e-07
 327 | 1.59e-07
 328 | 1.58e-07
 329 | 1.57e-07
 330 | 1.55e-07
 331 | 1.54e-07
 332 | 1.53e-07
 333 | 1.52e-07
 334 | 1.50e-07
 335 | 1.49e-07
 336 | 1.48e-07
 337 | 1.46e-07
 338 | 1.45e-07
 339 | 1.44e-07
 340 | 1.43e-07
 341 | 1.41e-07
 342 | 1.40e-07
 343 | 1.39e-07
 344 | 1.38e-07
 345 | 1.37e-07
 346 | 1.36e-07
 347 | 1.35e-07
 348 | 1.34e-07
 349 | 1.33e-07
 350 | 1.32e-07
 351 | 1.31e-07
 352 | 1.30e-07
 353 | 1.29e-07
 354 | 1.28e-07
 355 | 1.26e-07
 356 | 1.25e-07
 357 | 1.24e-07
 358 | 1.23e-07
 359 | 1.22e-07
 360 | 1.21e-07
 361 | 1.20e-07
 362 | 1.19e-07
 363 | 1.17e-07
 364 | 1.16e-07
 365 | 1.15e-07
 366 | 1.14e-07
 367 | 1.13e-07
 368 | 1.12e-07
 369 | 1.11e-07
 370 | 1.10e-07
 371 | 1.09e-07
 372 | 1.08e-07
 373 | 1.07e-07
 374 | 1.07e-07
 375 | 1.06e-07
 376 | 1.05e-07
 377 | 1.04e-07
 378 | 1.04e-07
 379 | 1.03e-07
 380 | 1.03e-07
 381 | 1.03e-07
 382 | 1.02e-07
 383 | 1.02e-07
 384 | 1.02e-07
 385 | 1.01e-07
 386 | 1.01e-07
 387 | 1.01e-07
 388 | 1.01e-07
 389 | 1.01e-07
 390 | 1.01e-07
 391 | 1.01e-07
 392 | 1.01e-07
 393 | 1.01e-07
 394 | 1.01e-07
 395 | 1.01e-07
 396 | 1.02e-07
 397 | 1.02e-07
 398 | 1.03e-07
 399 | 1.04e-07
 400 | 1.04e-07
 401 | 1.05e-07
 402 | 1.06e-07
 403 | 1.07e-07
 404 | 1.08e-07
 405 | 1.09e-07
 406 | 1.11e-07
 407 | 1.12e-07
 408 | 1.14e-07
 409 | 1.15e-07
 410 | 1.17e-07
 411 | 1.19e-07
 412 | 1.21e-07
 413 | 1.23e-07
 414 | 1.25e-07
 415 | 1.27e-07
 416 | 1.29e-07
 417 | 1.31e-07
 418 | 1.34e-07
 419 | 1.36e-07
 420 | 1.38e-07
 421 | 1.40e-07
 422 | 1.42e-07
 423 | 1.44e-07
 424 | 1.47e-07
 425 | 1.49e-07
 426 | 1.52e-07
 427 | 1.55e-07
 428 | 1.59e-07
 429 | 1.62e-07
 430 | 1.66e-07
 431 | 1.69e-07
 432 | 1.73e-07
 433 | 1.77e-07
 434 | 1.81e-07
 435 | 1.85e-07
 436 | 1.89e-07
 437 | 1.94e-07
 438 | 1.98e-07
 439 | 2.03e-07
 440 | 2.07e-07
 441 | 2.12e-07
 442 | 2.17e-07
 443 | 2.22e-07
 444 | 2.28e-07
 445 | 2.33e-07
 446 | 2.39e-07
 447 | 2.45e-07
 448 | 2.51e-07
 449 | 2.58e-07
 450 | 2.64e-07
 451 | 2.71e-07
 452 | 2.78e-07
 453 | 2.85e-07
 454 | 2.92e-07
 455 | 2.99e-07
 456 | 3.06e-07
 457 | 3.13e-07
 458 | 3.20e-07
 459 | 3.28e-07
 460 | 3.35e-07
 461 | 3.43e-07
 462 | 3.50e-07
 463 | 3.58e-07
 464 | 3.65e-07
 465 | 3.73e-07
 466 | 3.81e-07
 467 | 3.89e-07
 468 | 3.98e-07
 469 | 4.07e-07
 470 | 4.17e-07
 471 | 4.26e-07
 472 | 4.35e-07
 473 | 4.43e-07
 474 | 4.52e-07
 475 | 4.60e-07
 476 | 4.68e-07
 477 | 4.77e-07
 478 | 4.84e-07
 479 | 4.92e-07
 480 | 4.99e-07
 481 | 5.06e-07
 482 | 5.13e-07
 483 | 5.20e-07
 484 | 5.27e-07
 485 | 5.35e-07
 486 | 5.42e-07
 487 | 5.49e-07
 488 | 5.56e-07
 489 | 5.62e-07
 490 | 5.67e-07
 491 | 5.72e-07
 492 | 5.77e-07
 493 | 5.82e-07
 494 | 5.86e-07
 495 | 5.89e-07
 496 | 5.93e-07
 497 | 5.95e-07
 498 | 5.98e-07
 499 | 6.00e-07
 500 | 6.03e-07
 501 | 6.03e-07
 502 | 6.03e-07
 503 | 6.02e-07
 504 | 6.01e-07
 505 | 5.99e-07
 506 | 5.99e-07
 507 | 5.99e-07
 508 | 5.99e-07
 509 | 5.98e-07
 510 | 5.98e-07
 511 | 5.99e-07
 512 | 6.00e-07
 513 | 6.02e-07
 514 | 6.05e-07
 515 | 6.08e-07
 516 | 6.11e-07
 517 | 6.13e-07
 518 | 6.15e-07
 519 | 6.17e-07
 520 | 6.19e-07
 521 | 6.20e-07
 522 | 6.23e-07
 523 | 6.26e-07
 524 | 6.28e-07
 525 | 6.30e-07
 526 | 6.32e-07
 527 | 6.35e-07
 528 | 6.38e-07
 529 | 6.41e-07
 530 | 6.44e-07
 531 | 6.48e-07
 532 | 6.54e-07
 533 | 6.59e-07
 534 | 6.63e-07
 535 | 6.68e-07
 536 | 6.71e-07
 537 | 6.73e-07
 538 | 6.74e-07
 539 | 6.75e-07
 540 | 6.74e-07
 541 | 6.74e-07
 542 | 6.74e-07
 543 | 6.74e-07
 544 | 6.73e-07
 545 | 6.73e-07
 546 | 6.73e-07
 547 | 6.73e-07
 548 | 6.71e-07
 549 | 6.70e-07
 550 | 6.68e-07
 551 | 6.68e-07
 552 | 6.68e-07
 553 | 6.68e-07
 554 | 6.69e-07
 555 | 6.71e-07
 556 | 6.72e-07
 557 | 6.74e-07
 558 | 6.75e-07
 559 | 6.76e-07
 560 | 6.77e-07
 561 | 6.77e-07
 562 | 6.76e-07
 563 | 6.74e-07
 564 | 6.74e-07
 565 | 6.75e-07
 566 | 6.78e-07
 567 | 6.83e-07
 568 | 6.90e-07
 569 | 6.97e-07
 570 | 7.04e-07
 571 | 7.11e-07
 572 | 7.17e-07
 573 | 7.21e-07
 574 | 7.24e-07
 575 | 7.26e-07
 576 | 7.29e-07
 577 | 7.32e-07
 578 | 7.36e-07
 579 | 7.38e-07
 580 | 7.40e-07
 581 | 7.39e-07
 582 | 7.39e-07
 583 | 7.38e-07
 584 | 7.39e-07
 585 | 7.40e-07
 586 | 7.41e-07
 587 | 7.43e-07
 588 | 7.44e-07
 589 | 7.46e-07
 590 | 7.46e-07
 591 | 7.45e-07
 592 | 7.43e-07
 593 | 7.40e-07
 594 | 7.38e-07
 595 | 7.37e-07
 596 | 7.38e-07
 597 | 7.40e-07
 598 | 7.42e-07
 599 | 7.42e-07
 600 | 7.43e-07
 601 | 7.45e-07
 602 | 7.47e-07
 603 | 7.49e-07
 604 | 7.51e-07
 605 | 7.55e-07
 606 | 7.59e-07
 607 | 7.63e-07
 608 | 7.66e-07
 609 | 7.68e-07
 610 | 7.69e-07
 611 | 7.70e-07
 612 | 7.69e-07
 613 | 7.68e-07
 614 | 7.68e-07
 615 | 7.67e-07
 616 | 7.63e-07
 617 | 7.60e-07
 618 | 7.57e-07
 619 | 7.53e-07
 620 | 7.51e-07
 621 | 7.51e-07
 622 | 7.51e-07
 623 | 7.52e-07
 624 | 7.55e-07
 625 | 7.61e-07
 626 | 7.65e-07
 627 | 7.67e-07
 628 | 7.67e-07
 629 | 7.69e-07
 630 | 7.69e-07
 631 | 7.71e-07
 632 | 7.72e-07
 633 | 7.72e-07
 634 | 7.71e-07
 635 | 7.70e-07
 636 | 7.70e-07
 637 | 7.70e-07
 638 | 7.69e-07
 639 | 7.66e-07
 640 | 7.61e-07
 641 | 7.54e-07
 642 | 7.44e-07
 643 | 7.35e-07
 644 | 7.26e-07
 645 | 7.16e-07
 646 | 7.07e-07
 647 | 6.97e-07
 648 | 6.86e-07
 649 | 6.75e-07
 650 | 6.63e-07
 651 | 6.51e-07
 652 | 6.39e-07
 653 | 6.26e-07
 654 | 6.13e-07
 655 | 6.00e-07
 656 | 5.86e-07
 657 | 5.73e-07
 658 | 5.60e-07
 659 | 5.46e-07
 660 | 5.31e-07
 661 | 5.17e-07
 662 | 5.03e-07
 663 | 4.89e-07
 664 | 4.76e-07
 665 | 4.62e-07
 666 | 4.47e-07
 667 | 4.31e-07
 668 | 4.15e-07
 669 | 3.99e-07
 670 | 3.84e-07
 671 | 3.68e-07
 672 | 3.54e-07
 673 | 3.40e-07
 674 | 3.26e-07
 675 | 3.13e-07
 676 | 3.00e-07
 677 | 2.87e-07
 678 | 2.75e-07
 679 | 2.65e-07
 680 | 2.54e-07
 681 | 2.44e-07
 682 | 2.35e-07
 683 | 2.25e-07
 684 | 2.16e-07
 685 | 2.08e-07
 686 | 2.00e-07
 687 | 1.92e-07
 688 | 1.84e-07
 689 | 1.77e-07
 690 | 1.70e-07
 691 | 1.63e-07
 692 | 1.56e-07
 693 | 1.50e-07
 694 | 1.44e-07
 695 | 1.38e-07
 696 | 1.33e-07
 697 | 1.28e-07
 698 | 1.23e-07
 699 | 1.19e-07
 700 | 1.15e-07
 701 | 1.10e-07
 702 | 1.06e-07
 703 | 1.03e-07
 704 | 9.92e-08
[2025-11-09 12:11:10] Run completed in 16.58 minutes
[2025-11-09 12:11:11] Saved NMF result to: /zata/zippy/kresgeb/nmf_stuff/dlPFC/data/batched_nmf/nmf_k20_seed120301_tol1e-07.rds
[2025-11-09 12:11:11] Appended run metadata to summary.csv
[2025-11-09 12:11:11] --------------------------------------------
[2025-11-09 12:11:11] Starting run 133 / 150: k=30, seed=120301, tol=1e-07
[2025-11-09 12:11:11] --------------------------------------------

iter |      tol 
---------------
   1 | 9.25e-01
   2 | 1.14e-01
   3 | 3.06e-02
   4 | 1.58e-02
   5 | 1.01e-02
   6 | 7.54e-03
   7 | 6.09e-03
   8 | 4.76e-03
   9 | 3.68e-03
  10 | 2.88e-03
  11 | 2.65e-03
  12 | 2.74e-03
  13 | 2.68e-03
  14 | 2.27e-03
  15 | 1.75e-03
  16 | 1.26e-03
  17 | 9.15e-04
  18 | 7.03e-04
  19 | 5.79e-04
  20 | 5.01e-04
  21 | 4.42e-04
  22 | 3.86e-04
  23 | 3.33e-04
  24 | 2.86e-04
  25 | 2.48e-04
  26 | 2.17e-04
  27 | 1.90e-04
  28 | 1.65e-04
  29 | 1.42e-04
  30 | 1.22e-04
  31 | 1.04e-04
  32 | 8.84e-05
  33 | 7.54e-05
  34 | 6.52e-05
  35 | 5.71e-05
  36 | 5.08e-05
  37 | 4.60e-05
  38 | 4.26e-05
  39 | 4.06e-05
  40 | 3.97e-05
  41 | 3.97e-05
  42 | 4.06e-05
  43 | 4.23e-05
  44 | 4.46e-05
  45 | 4.73e-05
  46 | 4.98e-05
  47 | 5.16e-05
  48 | 5.22e-05
  49 | 5.15e-05
  50 | 4.96e-05
  51 | 4.71e-05
  52 | 4.47e-05
  53 | 4.26e-05
  54 | 4.07e-05
  55 | 3.92e-05
  56 | 3.80e-05
  57 | 3.73e-05
  58 | 3.68e-05
  59 | 3.66e-05
  60 | 3.66e-05
  61 | 3.67e-05
  62 | 3.67e-05
  63 | 3.63e-05
  64 | 3.54e-05
  65 | 3.42e-05
  66 | 3.25e-05
  67 | 3.06e-05
  68 | 2.80e-05
  69 | 2.52e-05
  70 | 2.22e-05
  71 | 1.93e-05
  72 | 1.68e-05
  73 | 1.44e-05
  74 | 1.25e-05
  75 | 1.09e-05
  76 | 9.73e-06
  77 | 8.84e-06
  78 | 8.22e-06
  79 | 7.81e-06
  80 | 7.54e-06
  81 | 7.40e-06
  82 | 7.35e-06
  83 | 7.40e-06
  84 | 7.55e-06
  85 | 7.73e-06
  86 | 7.97e-06
  87 | 8.29e-06
  88 | 8.68e-06
  89 | 9.10e-06
  90 | 9.55e-06
  91 | 1.00e-05
  92 | 1.04e-05
  93 | 1.08e-05
  94 | 1.11e-05
  95 | 1.13e-05
  96 | 1.13e-05
  97 | 1.11e-05
  98 | 1.08e-05
  99 | 1.04e-05
 100 | 9.85e-06
 101 | 9.23e-06
 102 | 8.56e-06
 103 | 7.83e-06
 104 | 7.08e-06
 105 | 6.34e-06
 106 | 5.61e-06
 107 | 4.95e-06
 108 | 4.34e-06
 109 | 3.78e-06
 110 | 3.28e-06
 111 | 2.84e-06
 112 | 2.46e-06
 113 | 2.13e-06
 114 | 1.84e-06
 115 | 1.60e-06
 116 | 1.39e-06
 117 | 1.21e-06
 118 | 1.06e-06
 119 | 9.37e-07
 120 | 8.33e-07
 121 | 7.44e-07
 122 | 6.67e-07
 123 | 6.01e-07
 124 | 5.43e-07
 125 | 4.91e-07
 126 | 4.46e-07
 127 | 4.07e-07
 128 | 3.71e-07
 129 | 3.40e-07
 130 | 3.12e-07
 131 | 2.87e-07
 132 | 2.65e-07
 133 | 2.45e-07
 134 | 2.27e-07
 135 | 2.11e-07
 136 | 1.96e-07
 137 | 1.82e-07
 138 | 1.70e-07
 139 | 1.58e-07
 140 | 1.48e-07
 141 | 1.38e-07
 142 | 1.30e-07
 143 | 1.22e-07
 144 | 1.15e-07
 145 | 1.08e-07
 146 | 1.02e-07
 147 | 9.68e-08
[2025-11-09 12:18:01] Run completed in 6.82 minutes
[2025-11-09 12:18:03] Saved NMF result to: /zata/zippy/kresgeb/nmf_stuff/dlPFC/data/batched_nmf/nmf_k30_seed120301_tol1e-07.rds
[2025-11-09 12:18:03] Appended run metadata to summary.csv
[2025-11-09 12:18:03] --------------------------------------------
[2025-11-09 12:18:03] Starting run 134 / 150: k=40, seed=120301, tol=1e-07
[2025-11-09 12:18:03] --------------------------------------------

iter |      tol 
---------------
   1 | 9.18e-01
   2 | 1.14e-01
   3 | 3.59e-02
   4 | 1.89e-02
   5 | 1.09e-02
   6 | 6.81e-03
   7 | 4.90e-03
   8 | 3.96e-03
   9 | 3.37e-03
  10 | 2.83e-03
  11 | 2.29e-03
  12 | 1.84e-03
  13 | 1.48e-03
  14 | 1.21e-03
  15 | 1.01e-03
  16 | 8.59e-04
  17 | 7.47e-04
  18 | 6.60e-04
  19 | 5.78e-04
  20 | 4.97e-04
  21 | 4.26e-04
  22 | 3.69e-04
  23 | 3.26e-04
  24 | 2.93e-04
  25 | 2.67e-04
  26 | 2.44e-04
  27 | 2.24e-04
  28 | 2.08e-04
  29 | 1.93e-04
  30 | 1.79e-04
  31 | 1.64e-04
  32 | 1.48e-04
  33 | 1.32e-04
  34 | 1.18e-04
  35 | 1.03e-04
  36 | 8.96e-05
  37 | 7.81e-05
  38 | 6.77e-05
  39 | 5.89e-05
  40 | 5.10e-05
  41 | 4.37e-05
  42 | 3.75e-05
  43 | 3.22e-05
  44 | 2.80e-05
  45 | 2.46e-05
  46 | 2.21e-05
  47 | 2.01e-05
  48 | 1.86e-05
  49 | 1.73e-05
  50 | 1.64e-05
  51 | 1.57e-05
  52 | 1.49e-05
  53 | 1.44e-05
  54 | 1.41e-05
  55 | 1.40e-05
  56 | 1.40e-05
  57 | 1.38e-05
  58 | 1.37e-05
  59 | 1.37e-05
  60 | 1.37e-05
  61 | 1.36e-05
  62 | 1.36e-05
  63 | 1.35e-05
  64 | 1.33e-05
  65 | 1.31e-05
  66 | 1.29e-05
  67 | 1.28e-05
  68 | 1.27e-05
  69 | 1.25e-05
  70 | 1.23e-05
  71 | 1.22e-05
  72 | 1.21e-05
  73 | 1.20e-05
  74 | 1.19e-05
  75 | 1.17e-05
  76 | 1.15e-05
  77 | 1.12e-05
  78 | 1.09e-05
  79 | 1.06e-05
  80 | 1.04e-05
  81 | 1.00e-05
  82 | 9.65e-06
  83 | 9.22e-06
  84 | 8.76e-06
  85 | 8.30e-06
  86 | 7.85e-06
  87 | 7.39e-06
  88 | 6.95e-06
  89 | 6.48e-06
  90 | 6.00e-06
  91 | 5.56e-06
  92 | 5.15e-06
  93 | 4.75e-06
  94 | 4.29e-06
  95 | 3.95e-06
  96 | 3.68e-06
  97 | 3.46e-06
  98 | 3.27e-06
  99 | 3.08e-06
 100 | 2.91e-06
 101 | 2.75e-06
 102 | 2.60e-06
 103 | 2.46e-06
 104 | 2.35e-06
 105 | 2.23e-06
 106 | 2.15e-06
 107 | 2.10e-06
 108 | 2.05e-06
 109 | 2.02e-06
 110 | 2.00e-06
 111 | 1.98e-06
 112 | 1.95e-06
 113 | 1.95e-06
 114 | 1.98e-06
 115 | 2.02e-06
 116 | 2.08e-06
 117 | 2.16e-06
 118 | 2.22e-06
 119 | 2.32e-06
 120 | 2.45e-06
 121 | 2.59e-06
 122 | 2.72e-06
 123 | 2.90e-06
 124 | 3.12e-06
 125 | 3.38e-06
 126 | 3.66e-06
 127 | 3.98e-06
 128 | 4.32e-06
 129 | 4.65e-06
 130 | 5.00e-06
 131 | 5.38e-06
 132 | 5.78e-06
 133 | 6.24e-06
 134 | 6.74e-06
 135 | 7.35e-06
 136 | 8.03e-06
 137 | 8.68e-06
 138 | 9.29e-06
 139 | 9.77e-06
 140 | 1.02e-05
 141 | 1.03e-05
 142 | 1.05e-05
 143 | 1.05e-05
 144 | 1.03e-05
 145 | 9.94e-06
 146 | 9.57e-06
 147 | 9.18e-06
 148 | 8.78e-06
 149 | 8.37e-06
 150 | 7.97e-06
 151 | 7.55e-06
 152 | 7.15e-06
 153 | 6.82e-06
 154 | 6.50e-06
 155 | 6.19e-06
 156 | 5.90e-06
 157 | 5.61e-06
 158 | 5.32e-06
 159 | 5.06e-06
 160 | 4.78e-06
 161 | 4.52e-06
 162 | 4.27e-06
 163 | 4.03e-06
 164 | 3.79e-06
 165 | 3.58e-06
 166 | 3.39e-06
 167 | 3.21e-06
 168 | 3.05e-06
 169 | 2.90e-06
 170 | 2.75e-06
 171 | 2.63e-06
 172 | 2.51e-06
 173 | 2.40e-06
 174 | 2.31e-06
 175 | 2.22e-06
 176 | 2.15e-06
 177 | 2.08e-06
 178 | 2.01e-06
 179 | 1.95e-06
 180 | 1.90e-06
 181 | 1.85e-06
 182 | 1.81e-06
 183 | 1.78e-06
 184 | 1.74e-06
 185 | 1.71e-06
 186 | 1.67e-06
 187 | 1.65e-06
 188 | 1.62e-06
 189 | 1.60e-06
 190 | 1.59e-06
 191 | 1.58e-06
 192 | 1.56e-06
 193 | 1.53e-06
 194 | 1.51e-06
 195 | 1.50e-06
 196 | 1.49e-06
 197 | 1.48e-06
 198 | 1.48e-06
 199 | 1.47e-06
 200 | 1.46e-06
 201 | 1.46e-06
 202 | 1.46e-06
 203 | 1.45e-06
 204 | 1.45e-06
 205 | 1.46e-06
 206 | 1.46e-06
 207 | 1.46e-06
 208 | 1.47e-06
 209 | 1.46e-06
 210 | 1.46e-06
 211 | 1.46e-06
 212 | 1.45e-06
 213 | 1.45e-06
 214 | 1.45e-06
 215 | 1.45e-06
 216 | 1.44e-06
 217 | 1.44e-06
 218 | 1.44e-06
 219 | 1.44e-06
 220 | 1.45e-06
 221 | 1.45e-06
 222 | 1.45e-06
 223 | 1.46e-06
 224 | 1.46e-06
 225 | 1.45e-06
 226 | 1.45e-06
 227 | 1.45e-06
 228 | 1.45e-06
 229 | 1.44e-06
 230 | 1.42e-06
 231 | 1.42e-06
 232 | 1.41e-06
 233 | 1.41e-06
 234 | 1.41e-06
 235 | 1.41e-06
 236 | 1.40e-06
 237 | 1.39e-06
 238 | 1.38e-06
 239 | 1.36e-06
 240 | 1.35e-06
 241 | 1.34e-06
 242 | 1.33e-06
 243 | 1.33e-06
 244 | 1.32e-06
 245 | 1.31e-06
 246 | 1.30e-06
 247 | 1.30e-06
 248 | 1.29e-06
 249 | 1.29e-06
 250 | 1.28e-06
 251 | 1.28e-06
 252 | 1.27e-06
 253 | 1.26e-06
 254 | 1.25e-06
 255 | 1.23e-06
 256 | 1.22e-06
 257 | 1.21e-06
 258 | 1.20e-06
 259 | 1.20e-06
 260 | 1.19e-06
 261 | 1.19e-06
 262 | 1.18e-06
 263 | 1.18e-06
 264 | 1.18e-06
 265 | 1.18e-06
 266 | 1.18e-06
 267 | 1.19e-06
 268 | 1.19e-06
 269 | 1.20e-06
 270 | 1.21e-06
 271 | 1.23e-06
 272 | 1.25e-06
 273 | 1.27e-06
 274 | 1.29e-06
 275 | 1.31e-06
 276 | 1.33e-06
 277 | 1.36e-06
 278 | 1.38e-06
 279 | 1.42e-06
 280 | 1.45e-06
 281 | 1.47e-06
 282 | 1.51e-06
 283 | 1.55e-06
 284 | 1.60e-06
 285 | 1.64e-06
 286 | 1.69e-06
 287 | 1.75e-06
 288 | 1.81e-06
 289 | 1.88e-06
 290 | 1.94e-06
 291 | 2.02e-06
 292 | 2.10e-06
 293 | 2.19e-06
 294 | 2.28e-06
 295 | 2.37e-06
 296 | 2.48e-06
 297 | 2.58e-06
 298 | 2.69e-06
 299 | 2.81e-06
 300 | 2.95e-06
 301 | 3.10e-06
 302 | 3.27e-06
 303 | 3.44e-06
 304 | 3.63e-06
 305 | 3.82e-06
 306 | 4.04e-06
 307 | 4.29e-06
 308 | 4.56e-06
 309 | 4.84e-06
 310 | 5.13e-06
 311 | 5.45e-06
 312 | 5.78e-06
 313 | 6.15e-06
 314 | 6.52e-06
 315 | 6.89e-06
 316 | 7.29e-06
 317 | 7.71e-06
 318 | 8.12e-06
 319 | 8.55e-06
 320 | 9.00e-06
 321 | 9.46e-06
 322 | 9.91e-06
 323 | 1.03e-05
 324 | 1.06e-05
 325 | 1.10e-05
 326 | 1.13e-05
 327 | 1.16e-05
 328 | 1.19e-05
 329 | 1.23e-05
 330 | 1.26e-05
 331 | 1.30e-05
 332 | 1.32e-05
 333 | 1.36e-05
 334 | 1.42e-05
 335 | 1.49e-05
 336 | 1.58e-05
 337 | 1.67e-05
 338 | 1.76e-05
 339 | 1.84e-05
 340 | 1.90e-05
 341 | 1.96e-05
 342 | 1.99e-05
 343 | 2.02e-05
 344 | 2.03e-05
 345 | 2.00e-05
 346 | 1.94e-05
 347 | 1.84e-05
 348 | 1.72e-05
 349 | 1.58e-05
 350 | 1.44e-05
 351 | 1.31e-05
 352 | 1.09e-05
 353 | 8.72e-06
 354 | 7.01e-06
 355 | 5.63e-06
 356 | 4.59e-06
 357 | 3.75e-06
 358 | 3.11e-06
 359 | 2.62e-06
 360 | 2.22e-06
 361 | 1.89e-06
 362 | 1.60e-06
 363 | 1.38e-06
 364 | 1.19e-06
 365 | 1.03e-06
 366 | 9.01e-07
 367 | 7.95e-07
 368 | 7.05e-07
 369 | 6.21e-07
 370 | 5.54e-07
 371 | 4.97e-07
 372 | 4.48e-07
 373 | 4.00e-07
 374 | 3.56e-07
 375 | 3.22e-07
 376 | 2.92e-07
 377 | 2.65e-07
 378 | 2.42e-07
 379 | 2.22e-07
 380 | 2.04e-07
 381 | 1.89e-07
 382 | 1.74e-07
 383 | 1.60e-07
 384 | 1.48e-07
 385 | 1.38e-07
 386 | 1.29e-07
 387 | 1.21e-07
 388 | 1.13e-07
 389 | 1.07e-07
 390 | 1.01e-07
 391 | 9.63e-08
[2025-11-09 12:38:19] Run completed in 20.28 minutes
[2025-11-09 12:38:22] Saved NMF result to: /zata/zippy/kresgeb/nmf_stuff/dlPFC/data/batched_nmf/nmf_k40_seed120301_tol1e-07.rds
[2025-11-09 12:38:22] Appended run metadata to summary.csv
[2025-11-09 12:38:22] --------------------------------------------
[2025-11-09 12:38:22] Starting run 135 / 150: k=50, seed=120301, tol=1e-07
[2025-11-09 12:38:22] --------------------------------------------

iter |      tol 
---------------
   1 | 9.18e-01
   2 | 1.04e-01
   3 | 3.40e-02
   4 | 1.77e-02
   5 | 1.09e-02
   6 | 7.45e-03
   7 | 5.45e-03
   8 | 4.15e-03
   9 | 3.27e-03
  10 | 2.66e-03
  11 | 2.25e-03
  12 | 1.95e-03
  13 | 1.74e-03
  14 | 1.64e-03
  15 | 1.59e-03
  16 | 1.58e-03
  17 | 1.59e-03
  18 | 1.57e-03
  19 | 1.48e-03
  20 | 1.30e-03
  21 | 1.08e-03
  22 | 8.56e-04
  23 | 6.77e-04
  24 | 5.44e-04
  25 | 4.43e-04
  26 | 3.78e-04
  27 | 3.42e-04
  28 | 3.32e-04
  29 | 3.50e-04
  30 | 3.95e-04
  31 | 4.36e-04
  32 | 4.31e-04
  33 | 3.87e-04
  34 | 3.33e-04
  35 | 2.87e-04
  36 | 2.52e-04
  37 | 2.24e-04
  38 | 1.98e-04
  39 | 1.75e-04
  40 | 1.57e-04
  41 | 1.39e-04
  42 | 1.23e-04
  43 | 1.12e-04
  44 | 1.02e-04
  45 | 9.28e-05
  46 | 8.46e-05
  47 | 7.73e-05
  48 | 7.12e-05
  49 | 6.59e-05
  50 | 6.20e-05
  51 | 5.88e-05
  52 | 5.68e-05
  53 | 5.57e-05
  54 | 5.51e-05
  55 | 5.46e-05
  56 | 5.45e-05
  57 | 5.45e-05
  58 | 5.43e-05
  59 | 5.29e-05
  60 | 5.07e-05
  61 | 4.86e-05
  62 | 4.62e-05
  63 | 4.32e-05
  64 | 3.99e-05
  65 | 3.61e-05
  66 | 3.21e-05
  67 | 2.84e-05
  68 | 2.51e-05
  69 | 2.21e-05
  70 | 1.99e-05
  71 | 1.82e-05
  72 | 1.68e-05
  73 | 1.56e-05
  74 | 1.48e-05
  75 | 1.42e-05
  76 | 1.39e-05
  77 | 1.36e-05
  78 | 1.35e-05
  79 | 1.34e-05
  80 | 1.31e-05
  81 | 1.30e-05
  82 | 1.28e-05
  83 | 1.27e-05
  84 | 1.26e-05
  85 | 1.25e-05
  86 | 1.24e-05
  87 | 1.24e-05
  88 | 1.24e-05
  89 | 1.25e-05
  90 | 1.25e-05
  91 | 1.26e-05
  92 | 1.27e-05
  93 | 1.29e-05
  94 | 1.31e-05
  95 | 1.33e-05
  96 | 1.34e-05
  97 | 1.35e-05
  98 | 1.37e-05
  99 | 1.39e-05
 100 | 1.42e-05
 101 | 1.46e-05
 102 | 1.48e-05
 103 | 1.52e-05
 104 | 1.56e-05
 105 | 1.60e-05
 106 | 1.67e-05
 107 | 1.75e-05
 108 | 1.85e-05
 109 | 1.96e-05
 110 | 2.06e-05
 111 | 2.16e-05
 112 | 2.22e-05
 113 | 2.23e-05
 114 | 2.18e-05
 115 | 2.09e-05
 116 | 1.96e-05
 117 | 1.80e-05
 118 | 1.63e-05
 119 | 1.46e-05
 120 | 1.30e-05
 121 | 1.15e-05
 122 | 1.01e-05
 123 | 8.78e-06
 124 | 7.69e-06
 125 | 6.74e-06
 126 | 5.92e-06
 127 | 5.21e-06
 128 | 4.61e-06
 129 | 4.09e-06
 130 | 3.64e-06
 131 | 3.24e-06
 132 | 2.92e-06
 133 | 2.69e-06
 134 | 2.40e-06
 135 | 2.14e-06
 136 | 1.90e-06
 137 | 1.70e-06
 138 | 1.49e-06
 139 | 1.32e-06
 140 | 1.18e-06
 141 | 1.06e-06
 142 | 9.57e-07
 143 | 8.69e-07
 144 | 7.92e-07
 145 | 7.25e-07
 146 | 6.64e-07
 147 | 6.10e-07
 148 | 5.60e-07
 149 | 5.16e-07
 150 | 4.75e-07
 151 | 4.39e-07
 152 | 4.04e-07
 153 | 3.72e-07
 154 | 3.42e-07
 155 | 3.15e-07
 156 | 2.90e-07
 157 | 2.67e-07
 158 | 2.46e-07
 159 | 2.26e-07
 160 | 2.09e-07
 161 | 1.92e-07
 162 | 1.78e-07
 163 | 1.65e-07
 164 | 1.53e-07
 165 | 1.42e-07
 166 | 1.31e-07
 167 | 1.22e-07
 168 | 1.14e-07
 169 | 1.06e-07
 170 | 9.83e-08
[2025-11-09 12:51:04] Run completed in 12.70 minutes
[2025-11-09 12:51:07] Saved NMF result to: /zata/zippy/kresgeb/nmf_stuff/dlPFC/data/batched_nmf/nmf_k50_seed120301_tol1e-07.rds
[2025-11-09 12:51:07] Appended run metadata to summary.csv
[2025-11-09 12:51:07] --------------------------------------------
[2025-11-09 12:51:07] Starting run 136 / 150: k=60, seed=120301, tol=1e-07
[2025-11-09 12:51:07] --------------------------------------------

iter |      tol 
---------------
   1 | 9.16e-01
   2 | 1.02e-01
   3 | 3.36e-02
   4 | 1.67e-02
   5 | 1.01e-02
   6 | 6.93e-03
   7 | 5.21e-03
   8 | 4.11e-03
   9 | 3.29e-03
  10 | 2.78e-03
  11 | 2.45e-03
  12 | 2.20e-03
  13 | 2.00e-03
  14 | 1.80e-03
  15 | 1.60e-03
  16 | 1.40e-03
  17 | 1.22e-03
  18 | 1.06e-03
  19 | 9.27e-04
  20 | 8.49e-04
  21 | 8.23e-04
  22 | 8.23e-04
  23 | 7.97e-04
  24 | 7.41e-04
  25 | 6.67e-04
  26 | 5.94e-04
  27 | 5.28e-04
  28 | 4.65e-04
  29 | 4.25e-04
  30 | 4.00e-04
  31 | 3.80e-04
  32 | 3.67e-04
  33 | 3.56e-04
  34 | 3.50e-04
  35 | 3.49e-04
  36 | 3.54e-04
  37 | 3.70e-04
  38 | 3.92e-04
  39 | 4.14e-04
  40 | 4.27e-04
  41 | 4.35e-04
  42 | 4.48e-04
  43 | 4.84e-04
  44 | 5.48e-04
  45 | 5.98e-04
  46 | 5.69e-04
  47 | 4.61e-04
  48 | 3.36e-04
  49 | 2.32e-04
  50 | 1.68e-04
  51 | 1.27e-04
  52 | 9.80e-05
  53 | 7.72e-05
  54 | 6.40e-05
  55 | 5.49e-05
  56 | 4.90e-05
  57 | 4.49e-05
  58 | 4.13e-05
  59 | 3.83e-05
  60 | 3.56e-05
  61 | 3.31e-05
  62 | 3.09e-05
  63 | 2.82e-05
  64 | 2.60e-05
  65 | 2.42e-05
  66 | 2.26e-05
  67 | 2.13e-05
  68 | 2.03e-05
  69 | 1.94e-05
  70 | 1.87e-05
  71 | 1.81e-05
  72 | 1.76e-05
  73 | 1.72e-05
  74 | 1.68e-05
  75 | 1.64e-05
  76 | 1.62e-05
  77 | 1.64e-05
  78 | 1.68e-05
  79 | 1.76e-05
  80 | 1.88e-05
  81 | 2.05e-05
  82 | 2.27e-05
  83 | 2.57e-05
  84 | 2.94e-05
  85 | 3.39e-05
  86 | 3.89e-05
  87 | 4.41e-05
  88 | 4.86e-05
  89 | 5.17e-05
  90 | 5.22e-05
  91 | 5.01e-05
  92 | 4.55e-05
  93 | 3.91e-05
  94 | 3.19e-05
  95 | 2.52e-05
  96 | 1.97e-05
  97 | 1.54e-05
  98 | 1.22e-05
  99 | 9.92e-06
 100 | 8.25e-06
 101 | 6.97e-06
 102 | 6.00e-06
 103 | 5.23e-06
 104 | 4.63e-06
 105 | 4.14e-06
 106 | 3.74e-06
 107 | 3.41e-06
 108 | 3.15e-06
 109 | 2.95e-06
 110 | 2.78e-06
 111 | 2.64e-06
 112 | 2.52e-06
 113 | 2.42e-06
 114 | 2.35e-06
 115 | 2.29e-06
 116 | 2.26e-06
 117 | 2.25e-06
 118 | 2.26e-06
 119 | 2.29e-06
 120 | 2.33e-06
 121 | 2.40e-06
 122 | 2.49e-06
 123 | 2.61e-06
 124 | 2.77e-06
 125 | 2.97e-06
 126 | 3.21e-06
 127 | 3.52e-06
 128 | 3.90e-06
 129 | 4.36e-06
 130 | 4.90e-06
 131 | 5.56e-06
 132 | 6.41e-06
 133 | 7.46e-06
 134 | 8.72e-06
 135 | 1.02e-05
 136 | 1.18e-05
 137 | 1.38e-05
 138 | 1.60e-05
 139 | 1.83e-05
 140 | 2.08e-05
 141 | 2.34e-05
 142 | 2.60e-05
 143 | 2.85e-05
 144 | 3.05e-05
 145 | 3.19e-05
 146 | 3.24e-05
 147 | 3.27e-05
 148 | 3.17e-05
 149 | 3.01e-05
 150 | 2.74e-05
 151 | 2.42e-05
 152 | 2.10e-05
 153 | 1.81e-05
 154 | 1.55e-05
 155 | 1.31e-05
 156 | 1.07e-05
 157 | 8.77e-06
 158 | 7.10e-06
 159 | 5.65e-06
 160 | 4.57e-06
 161 | 3.74e-06
 162 | 3.09e-06
 163 | 2.58e-06
 164 | 2.20e-06
 165 | 1.90e-06
 166 | 1.66e-06
 167 | 1.46e-06
 168 | 1.31e-06
 169 | 1.19e-06
 170 | 1.09e-06
 171 | 1.01e-06
 172 | 9.37e-07
 173 | 8.74e-07
 174 | 8.17e-07
 175 | 7.66e-07
 176 | 7.21e-07
 177 | 6.80e-07
 178 | 6.42e-07
 179 | 6.08e-07
 180 | 5.77e-07
 181 | 5.49e-07
 182 | 5.25e-07
 183 | 5.03e-07
 184 | 4.87e-07
 185 | 4.70e-07
 186 | 4.52e-07
 187 | 4.35e-07
 188 | 4.19e-07
 189 | 4.04e-07
 190 | 3.90e-07
 191 | 3.77e-07
 192 | 3.66e-07
 193 | 3.58e-07
 194 | 3.50e-07
 195 | 3.43e-07
 196 | 3.37e-07
 197 | 3.32e-07
 198 | 3.27e-07
 199 | 3.23e-07
 200 | 3.19e-07
 201 | 3.17e-07
 202 | 3.15e-07
 203 | 3.14e-07
 204 | 3.14e-07
 205 | 3.13e-07
 206 | 3.12e-07
 207 | 3.11e-07
 208 | 3.11e-07
 209 | 3.11e-07
 210 | 3.12e-07
 211 | 3.13e-07
 212 | 3.14e-07
 213 | 3.16e-07
 214 | 3.17e-07
 215 | 3.19e-07
 216 | 3.20e-07
 217 | 3.21e-07
 218 | 3.22e-07
 219 | 3.22e-07
 220 | 3.21e-07
 221 | 3.21e-07
 222 | 3.21e-07
 223 | 3.20e-07
 224 | 3.19e-07
 225 | 3.19e-07
 226 | 3.18e-07
 227 | 3.16e-07
 228 | 3.13e-07
 229 | 3.10e-07
 230 | 3.07e-07
 231 | 3.04e-07
 232 | 3.00e-07
 233 | 2.96e-07
 234 | 2.90e-07
 235 | 2.85e-07
 236 | 2.77e-07
 237 | 2.70e-07
 238 | 2.62e-07
 239 | 2.55e-07
 240 | 2.47e-07
 241 | 2.39e-07
 242 | 2.31e-07
 243 | 2.23e-07
 244 | 2.16e-07
 245 | 2.08e-07
 246 | 2.00e-07
 247 | 1.94e-07
 248 | 1.89e-07
 249 | 1.85e-07
 250 | 1.81e-07
 251 | 1.77e-07
 252 | 1.73e-07
 253 | 1.69e-07
 254 | 1.66e-07
 255 | 1.63e-07
 256 | 1.60e-07
 257 | 1.57e-07
 258 | 1.54e-07
 259 | 1.52e-07
 260 | 1.50e-07
 261 | 1.48e-07
 262 | 1.46e-07
 263 | 1.45e-07
 264 | 1.45e-07
 265 | 1.44e-07
 266 | 1.43e-07
 267 | 1.45e-07
 268 | 1.49e-07
 269 | 1.52e-07
 270 | 1.53e-07
 271 | 1.55e-07
 272 | 1.58e-07
 273 | 1.60e-07
 274 | 1.62e-07
 275 | 1.64e-07
 276 | 1.66e-07
 277 | 1.68e-07
 278 | 1.70e-07
 279 | 1.73e-07
 280 | 1.75e-07
 281 | 1.76e-07
 282 | 1.78e-07
 283 | 1.79e-07
 284 | 1.80e-07
 285 | 1.81e-07
 286 | 1.81e-07
 287 | 1.81e-07
 288 | 1.82e-07
 289 | 1.69e-07
 290 | 1.65e-07
 291 | 1.63e-07
 292 | 1.62e-07
 293 | 1.61e-07
 294 | 1.61e-07
 295 | 1.57e-07
 296 | 1.54e-07
 297 | 1.54e-07
 298 | 1.53e-07
 299 | 1.53e-07
 300 | 1.54e-07
 301 | 1.54e-07
 302 | 1.55e-07
 303 | 1.55e-07
 304 | 1.56e-07
 305 | 1.57e-07
 306 | 1.58e-07
 307 | 1.60e-07
 308 | 1.62e-07
 309 | 1.64e-07
 310 | 1.68e-07
 311 | 1.70e-07
 312 | 1.73e-07
 313 | 1.76e-07
 314 | 1.81e-07
 315 | 1.87e-07
 316 | 1.92e-07
 317 | 1.97e-07
 318 | 2.02e-07
 319 | 2.07e-07
 320 | 2.13e-07
 321 | 2.20e-07
 322 | 2.26e-07
 323 | 2.33e-07
 324 | 2.42e-07
 325 | 2.54e-07
 326 | 2.63e-07
 327 | 2.71e-07
 328 | 2.76e-07
 329 | 2.83e-07
 330 | 2.89e-07
 331 | 2.94e-07
 332 | 3.00e-07
 333 | 3.05e-07
 334 | 3.11e-07
 335 | 3.18e-07
 336 | 3.23e-07
 337 | 3.29e-07
 338 | 3.36e-07
 339 | 3.42e-07
 340 | 3.46e-07
 341 | 3.49e-07
 342 | 3.52e-07
 343 | 3.55e-07
 344 | 3.56e-07
 345 | 3.57e-07
 346 | 3.56e-07
 347 | 3.56e-07
 348 | 3.55e-07
 349 | 3.54e-07
 350 | 3.53e-07
 351 | 3.50e-07
 352 | 3.47e-07
 353 | 3.45e-07
 354 | 3.42e-07
 355 | 3.40e-07
 356 | 3.38e-07
 357 | 3.36e-07
 358 | 3.33e-07
 359 | 3.32e-07
 360 | 3.28e-07
 361 | 3.24e-07
 362 | 3.19e-07
 363 | 3.15e-07
 364 | 3.10e-07
 365 | 3.04e-07
 366 | 2.95e-07
 367 | 2.86e-07
 368 | 2.78e-07
 369 | 2.70e-07
 370 | 2.63e-07
 371 | 2.58e-07
 372 | 2.52e-07
 373 | 2.46e-07
 374 | 2.40e-07
 375 | 2.37e-07
 376 | 2.31e-07
 377 | 2.24e-07
 378 | 2.17e-07
 379 | 2.11e-07
 380 | 2.05e-07
 381 | 1.99e-07
 382 | 1.94e-07
 383 | 1.89e-07
 384 | 1.85e-07
 385 | 1.81e-07
 386 | 1.78e-07
 387 | 1.75e-07
 388 | 1.72e-07
 389 | 1.69e-07
 390 | 1.67e-07
 391 | 1.65e-07
 392 | 1.63e-07
 393 | 1.62e-07
 394 | 1.60e-07
 395 | 1.59e-07
 396 | 1.57e-07
 397 | 1.56e-07
 398 | 1.55e-07
 399 | 1.54e-07
 400 | 1.53e-07
 401 | 1.52e-07
 402 | 1.51e-07
 403 | 1.50e-07
 404 | 1.50e-07
 405 | 1.49e-07
 406 | 1.49e-07
 407 | 1.48e-07
 408 | 1.48e-07
 409 | 1.47e-07
 410 | 1.47e-07
 411 | 1.46e-07
 412 | 1.46e-07
 413 | 1.46e-07
 414 | 1.45e-07
 415 | 1.44e-07
 416 | 1.43e-07
 417 | 1.43e-07
 418 | 1.42e-07
 419 | 1.42e-07
 420 | 1.42e-07
 421 | 1.41e-07
 422 | 1.40e-07
 423 | 1.38e-07
 424 | 1.37e-07
 425 | 1.36e-07
 426 | 1.34e-07
 427 | 1.33e-07
 428 | 1.31e-07
 429 | 1.30e-07
 430 | 1.29e-07
 431 | 1.28e-07
 432 | 1.27e-07
 433 | 1.27e-07
 434 | 1.26e-07
 435 | 1.25e-07
 436 | 1.25e-07
 437 | 1.24e-07
 438 | 1.23e-07
 439 | 1.22e-07
 440 | 1.22e-07
 441 | 1.21e-07
 442 | 1.21e-07
 443 | 1.20e-07
 444 | 1.19e-07
 445 | 1.19e-07
 446 | 1.18e-07
 447 | 1.18e-07
 448 | 1.17e-07
 449 | 1.17e-07
 450 | 1.16e-07
 451 | 1.16e-07
 452 | 1.16e-07
 453 | 1.15e-07
 454 | 1.15e-07
 455 | 1.15e-07
 456 | 1.14e-07
 457 | 1.14e-07
 458 | 1.13e-07
 459 | 1.13e-07
 460 | 1.12e-07
 461 | 1.12e-07
 462 | 1.11e-07
 463 | 1.11e-07
 464 | 1.11e-07
 465 | 1.11e-07
 466 | 1.11e-07
 467 | 1.11e-07
 468 | 1.11e-07
 469 | 1.11e-07
 470 | 1.11e-07
 471 | 1.10e-07
 472 | 1.10e-07
 473 | 1.10e-07
 474 | 1.10e-07
 475 | 1.10e-07
 476 | 1.09e-07
 477 | 1.09e-07
 478 | 1.09e-07
 479 | 1.08e-07
 480 | 1.08e-07
 481 | 1.08e-07
 482 | 1.08e-07
 483 | 1.07e-07
 484 | 1.07e-07
 485 | 1.06e-07
 486 | 1.06e-07
 487 | 1.05e-07
 488 | 1.05e-07
 489 | 1.04e-07
 490 | 1.03e-07
 491 | 1.03e-07
 492 | 1.02e-07
 493 | 1.01e-07
 494 | 1.00e-07
 495 | 9.92e-08
[2025-11-09 13:33:15] Run completed in 42.13 minutes
[2025-11-09 13:33:19] Saved NMF result to: /zata/zippy/kresgeb/nmf_stuff/dlPFC/data/batched_nmf/nmf_k60_seed120301_tol1e-07.rds
[2025-11-09 13:33:19] Appended run metadata to summary.csv
[2025-11-09 13:33:19] --------------------------------------------
[2025-11-09 13:33:19] Starting run 137 / 150: k=70, seed=120301, tol=1e-07
[2025-11-09 13:33:19] --------------------------------------------

iter |      tol 
---------------
   1 | 9.17e-01
   2 | 1.01e-01
   3 | 3.43e-02
   4 | 1.73e-02
   5 | 1.06e-02
   6 | 7.59e-03
   7 | 5.84e-03
   8 | 4.72e-03
   9 | 3.92e-03
  10 | 3.37e-03
  11 | 2.95e-03
  12 | 2.67e-03
  13 | 2.42e-03
  14 | 2.23e-03
  15 | 2.08e-03
  16 | 2.00e-03
  17 | 1.88e-03
  18 | 1.74e-03
  19 | 1.59e-03
  20 | 1.44e-03
  21 | 1.33e-03
  22 | 1.18e-03
  23 | 1.00e-03
  24 | 8.28e-04
  25 | 6.93e-04
  26 | 5.86e-04
  27 | 5.08e-04
  28 | 4.59e-04
  29 | 4.18e-04
  30 | 3.90e-04
  31 | 3.65e-04
  32 | 3.42e-04
  33 | 3.22e-04
  34 | 3.04e-04
  35 | 2.77e-04
  36 | 2.52e-04
  37 | 2.28e-04
  38 | 2.07e-04
  39 | 1.87e-04
  40 | 1.72e-04
  41 | 1.52e-04
  42 | 1.40e-04
  43 | 1.28e-04
  44 | 1.19e-04
  45 | 1.10e-04
  46 | 1.04e-04
  47 | 9.85e-05
  48 | 9.42e-05
  49 | 9.10e-05
  50 | 8.87e-05
  51 | 8.94e-05
  52 | 9.03e-05
  53 | 9.33e-05
  54 | 9.62e-05
  55 | 9.90e-05
  56 | 1.01e-04
  57 | 1.03e-04
  58 | 1.03e-04
  59 | 1.02e-04
  60 | 9.95e-05
  61 | 9.70e-05
  62 | 9.28e-05
  63 | 8.74e-05
  64 | 8.24e-05
  65 | 7.54e-05
  66 | 6.90e-05
  67 | 6.28e-05
  68 | 5.65e-05
  69 | 5.08e-05
  70 | 4.51e-05
  71 | 4.00e-05
  72 | 3.41e-05
  73 | 2.90e-05
  74 | 2.49e-05
  75 | 2.15e-05
  76 | 1.88e-05
  77 | 1.65e-05
  78 | 1.45e-05
  79 | 1.28e-05
  80 | 1.14e-05
  81 | 1.02e-05
  82 | 9.26e-06
  83 | 8.48e-06
  84 | 7.83e-06
  85 | 7.30e-06
  86 | 6.80e-06
  87 | 6.38e-06
  88 | 6.00e-06
  89 | 5.67e-06
  90 | 5.38e-06
  91 | 5.14e-06
  92 | 4.93e-06
  93 | 4.75e-06
  94 | 4.60e-06
  95 | 4.45e-06
  96 | 4.35e-06
  97 | 4.27e-06
  98 | 4.21e-06
  99 | 4.20e-06
 100 | 4.22e-06
 101 | 4.25e-06
 102 | 4.28e-06
 103 | 4.31e-06
 104 | 4.37e-06
 105 | 4.43e-06
 106 | 4.51e-06
 107 | 4.61e-06
 108 | 4.73e-06
 109 | 4.86e-06
 110 | 5.03e-06
 111 | 5.22e-06
 112 | 5.42e-06
 113 | 5.69e-06
 114 | 6.01e-06
 115 | 6.40e-06
 116 | 6.82e-06
 117 | 7.34e-06
 118 | 8.05e-06
 119 | 8.94e-06
 120 | 1.00e-05
 121 | 1.13e-05
 122 | 1.28e-05
 123 | 1.46e-05
 124 | 1.67e-05
 125 | 1.91e-05
 126 | 2.20e-05
 127 | 2.55e-05
 128 | 2.94e-05
 129 | 3.36e-05
 130 | 3.83e-05
 131 | 4.33e-05
 132 | 4.81e-05
 133 | 5.21e-05
 134 | 5.57e-05
 135 | 5.80e-05
 136 | 5.91e-05
 137 | 5.82e-05
 138 | 5.57e-05
 139 | 5.15e-05
 140 | 4.49e-05
 141 | 3.85e-05
 142 | 2.91e-05
 143 | 2.29e-05
 144 | 1.77e-05
 145 | 1.36e-05
 146 | 1.05e-05
 147 | 8.34e-06
 148 | 6.69e-06
 149 | 5.51e-06
 150 | 4.67e-06
 151 | 4.04e-06
 152 | 3.56e-06
 153 | 3.20e-06
 154 | 2.94e-06
 155 | 2.74e-06
 156 | 2.59e-06
 157 | 2.47e-06
 158 | 2.37e-06
 159 | 2.30e-06
 160 | 2.26e-06
 161 | 2.22e-06
 162 | 2.18e-06
 163 | 2.16e-06
 164 | 2.14e-06
 165 | 2.13e-06
 166 | 2.14e-06
 167 | 2.15e-06
 168 | 2.18e-06
 169 | 2.21e-06
 170 | 2.25e-06
 171 | 2.28e-06
 172 | 2.33e-06
 173 | 2.38e-06
 174 | 2.43e-06
 175 | 2.50e-06
 176 | 2.54e-06
 177 | 2.57e-06
 178 | 2.60e-06
 179 | 2.62e-06
 180 | 2.57e-06
 181 | 2.54e-06
 182 | 2.51e-06
 183 | 2.47e-06
 184 | 2.42e-06
 185 | 2.35e-06
 186 | 2.31e-06
 187 | 2.24e-06
 188 | 2.17e-06
 189 | 2.09e-06
 190 | 2.03e-06
 191 | 1.97e-06
 192 | 1.92e-06
 193 | 1.89e-06
 194 | 1.86e-06
 195 | 1.84e-06
 196 | 1.85e-06
 197 | 1.87e-06
 198 | 1.91e-06
 199 | 1.97e-06
 200 | 2.04e-06
 201 | 2.13e-06
 202 | 2.25e-06
 203 | 2.40e-06
 204 | 2.55e-06
 205 | 2.72e-06
 206 | 2.90e-06
 207 | 3.07e-06
 208 | 3.26e-06
 209 | 3.44e-06
 210 | 3.64e-06
 211 | 3.83e-06
 212 | 4.04e-06
 213 | 4.25e-06
 214 | 4.43e-06
 215 | 4.57e-06
 216 | 4.72e-06
 217 | 4.87e-06
 218 | 5.07e-06
 219 | 5.28e-06
 220 | 5.50e-06
 221 | 5.70e-06
 222 | 5.94e-06
 223 | 6.14e-06
 224 | 6.36e-06
 225 | 6.57e-06
 226 | 6.78e-06
 227 | 6.95e-06
 228 | 7.09e-06
 229 | 7.21e-06
 230 | 7.30e-06
 231 | 7.33e-06
 232 | 7.34e-06
 233 | 7.28e-06
 234 | 7.06e-06
 235 | 6.90e-06
 236 | 6.78e-06
 237 | 6.65e-06
 238 | 6.57e-06
 239 | 6.50e-06
 240 | 6.47e-06
 241 | 6.47e-06
 242 | 6.49e-06
 243 | 6.57e-06
 244 | 6.71e-06
 245 | 6.87e-06
 246 | 7.02e-06
 247 | 7.14e-06
 248 | 7.24e-06
 249 | 7.31e-06
 250 | 7.41e-06
 251 | 7.59e-06
 252 | 7.85e-06
 253 | 8.12e-06
 254 | 8.44e-06
 255 | 8.76e-06
 256 | 9.13e-06
 257 | 9.52e-06
 258 | 9.88e-06
 259 | 1.02e-05
 260 | 1.06e-05
 261 | 1.10e-05
 262 | 1.14e-05
 263 | 1.18e-05
 264 | 1.23e-05
 265 | 1.28e-05
 266 | 1.34e-05
 267 | 1.38e-05
 268 | 1.43e-05
 269 | 1.47e-05
 270 | 1.51e-05
 271 | 1.56e-05
 272 | 1.60e-05
 273 | 1.65e-05
 274 | 1.70e-05
 275 | 1.74e-05
 276 | 1.77e-05
 277 | 1.80e-05
 278 | 1.81e-05
 279 | 1.79e-05
 280 | 1.54e-05
 281 | 1.47e-05
 282 | 1.37e-05
 283 | 1.26e-05
 284 | 1.14e-05
 285 | 1.02e-05
 286 | 9.14e-06
 287 | 8.17e-06
 288 | 7.21e-06
 289 | 5.95e-06
 290 | 5.12e-06
 291 | 4.30e-06
 292 | 3.62e-06
 293 | 3.00e-06
 294 | 2.49e-06
 295 | 2.07e-06
 296 | 1.72e-06
 297 | 1.45e-06
 298 | 1.19e-06
 299 | 9.94e-07
 300 | 8.40e-07
 301 | 7.19e-07
 302 | 6.22e-07
 303 | 5.46e-07
 304 | 4.83e-07
 305 | 4.33e-07
 306 | 3.92e-07
 307 | 3.59e-07
 308 | 3.32e-07
 309 | 3.10e-07
 310 | 2.92e-07
 311 | 2.77e-07
 312 | 2.65e-07
 313 | 2.55e-07
 314 | 2.47e-07
 315 | 2.40e-07
 316 | 2.34e-07
 317 | 2.30e-07
 318 | 2.26e-07
 319 | 2.25e-07
 320 | 2.23e-07
 321 | 2.23e-07
 322 | 2.24e-07
 323 | 2.25e-07
 324 | 2.27e-07
 325 | 2.30e-07
 326 | 2.33e-07
 327 | 2.36e-07
 328 | 2.40e-07
 329 | 2.45e-07
 330 | 2.51e-07
 331 | 2.57e-07
 332 | 2.64e-07
 333 | 2.71e-07
 334 | 2.78e-07
 335 | 2.87e-07
 336 | 2.96e-07
 337 | 3.06e-07
 338 | 3.17e-07
 339 | 3.28e-07
 340 | 3.42e-07
 341 | 3.56e-07
 342 | 3.72e-07
 343 | 3.90e-07
 344 | 4.08e-07
 345 | 4.28e-07
 346 | 4.48e-07
 347 | 4.70e-07
 348 | 4.94e-07
 349 | 5.19e-07
 350 | 5.45e-07
 351 | 5.74e-07
 352 | 6.06e-07
 353 | 6.36e-07
 354 | 6.66e-07
 355 | 6.98e-07
 356 | 7.31e-07
 357 | 7.66e-07
 358 | 8.01e-07
 359 | 8.36e-07
 360 | 8.72e-07
 361 | 9.08e-07
 362 | 9.47e-07
 363 | 9.84e-07
 364 | 1.02e-06
 365 | 1.05e-06
 366 | 1.08e-06
 367 | 1.11e-06
 368 | 1.14e-06
 369 | 1.17e-06
 370 | 1.19e-06
 371 | 1.21e-06
 372 | 1.22e-06
 373 | 1.22e-06
 374 | 1.23e-06
 375 | 1.23e-06
 376 | 1.23e-06
 377 | 1.21e-06
 378 | 1.20e-06
 379 | 1.18e-06
 380 | 1.15e-06
 381 | 1.12e-06
 382 | 1.09e-06
 383 | 1.07e-06
 384 | 1.04e-06
 385 | 1.00e-06
 386 | 9.72e-07
 387 | 9.40e-07
 388 | 9.13e-07
 389 | 8.90e-07
 390 | 8.70e-07
 391 | 8.50e-07
 392 | 8.29e-07
 393 | 8.09e-07
 394 | 7.91e-07
 395 | 7.73e-07
 396 | 7.57e-07
 397 | 7.42e-07
 398 | 7.27e-07
 399 | 7.11e-07
 400 | 6.97e-07
 401 | 6.83e-07
 402 | 6.70e-07
 403 | 6.57e-07
 404 | 6.45e-07
 405 | 6.35e-07
 406 | 6.24e-07
 407 | 6.15e-07
 408 | 6.07e-07
 409 | 6.00e-07
 410 | 5.94e-07
 411 | 5.88e-07
 412 | 5.80e-07
 413 | 5.71e-07
 414 | 5.61e-07
 415 | 5.50e-07
 416 | 5.38e-07
 417 | 5.26e-07
 418 | 5.14e-07
 419 | 5.02e-07
 420 | 4.92e-07
 421 | 4.83e-07
 422 | 4.73e-07
 423 | 4.64e-07
 424 | 4.56e-07
 425 | 4.46e-07
 426 | 4.36e-07
 427 | 4.27e-07
 428 | 4.15e-07
 429 | 4.05e-07
 430 | 3.95e-07
 431 | 3.85e-07
 432 | 3.74e-07
 433 | 3.63e-07
 434 | 3.52e-07
 435 | 3.41e-07
 436 | 3.29e-07
 437 | 3.17e-07
 438 | 3.05e-07
 439 | 2.92e-07
 440 | 2.80e-07
 441 | 2.65e-07
 442 | 2.52e-07
 443 | 2.41e-07
 444 | 2.32e-07
 445 | 2.22e-07
 446 | 2.13e-07
 447 | 2.04e-07
 448 | 1.95e-07
 449 | 1.87e-07
 450 | 1.79e-07
 451 | 1.71e-07
 452 | 1.63e-07
 453 | 1.54e-07
 454 | 1.46e-07
 455 | 1.39e-07
 456 | 1.32e-07
 457 | 1.25e-07
 458 | 1.19e-07
 459 | 1.13e-07
 460 | 1.07e-07
 461 | 1.02e-07
 462 | 9.69e-08
[2025-11-09 14:20:52] Run completed in 47.54 minutes
[2025-11-09 14:20:56] Saved NMF result to: /zata/zippy/kresgeb/nmf_stuff/dlPFC/data/batched_nmf/nmf_k70_seed120301_tol1e-07.rds
[2025-11-09 14:20:56] Appended run metadata to summary.csv
[2025-11-09 14:20:56] --------------------------------------------
[2025-11-09 14:20:56] Starting run 138 / 150: k=80, seed=120301, tol=1e-07
[2025-11-09 14:20:56] --------------------------------------------

iter |      tol 
---------------
   1 | 9.15e-01
   2 | 9.96e-02
   3 | 3.54e-02
   4 | 1.80e-02
   5 | 1.20e-02
   6 | 8.66e-03
   7 | 6.39e-03
   8 | 4.78e-03
   9 | 3.71e-03
  10 | 2.98e-03
  11 | 2.53e-03
  12 | 2.24e-03
  13 | 2.05e-03
  14 | 1.93e-03
  15 | 1.89e-03
  16 | 1.92e-03
  17 | 1.95e-03
  18 | 1.93e-03
  19 | 1.87e-03
  20 | 1.83e-03
  21 | 1.86e-03
  22 | 1.94e-03
  23 | 1.69e-03
  24 | 1.56e-03
  25 | 1.48e-03
  26 | 1.40e-03
  27 | 1.30e-03
  28 | 1.16e-03
  29 | 9.75e-04
  30 | 8.39e-04
  31 | 6.90e-04
  32 | 5.17e-04
  33 | 3.82e-04
  34 | 3.00e-04
  35 | 2.39e-04
  36 | 1.97e-04
  37 | 1.82e-04
  38 | 1.77e-04
  39 | 1.80e-04
  40 | 1.86e-04
  41 | 1.94e-04
  42 | 1.99e-04
  43 | 2.00e-04
  44 | 1.93e-04
  45 | 1.79e-04
  46 | 1.60e-04
  47 | 1.44e-04
  48 | 1.32e-04
  49 | 1.24e-04
  50 | 1.18e-04
  51 | 1.14e-04
  52 | 1.14e-04
  53 | 1.17e-04
  54 | 1.19e-04
  55 | 1.21e-04
  56 | 1.23e-04
  57 | 1.22e-04
  58 | 1.18e-04
  59 | 1.12e-04
  60 | 1.06e-04
  61 | 1.01e-04
  62 | 9.99e-05
  63 | 9.81e-05
  64 | 9.77e-05
  65 | 9.83e-05
  66 | 1.02e-04
  67 | 1.06e-04
  68 | 1.13e-04
  69 | 1.21e-04
  70 | 1.28e-04
  71 | 1.36e-04
  72 | 1.44e-04
  73 | 1.59e-04
  74 | 1.77e-04
  75 | 2.00e-04
  76 | 2.08e-04
  77 | 2.02e-04
  78 | 1.98e-04
  79 | 1.79e-04
  80 | 1.50e-04
  81 | 1.13e-04
  82 | 8.13e-05
  83 | 6.00e-05
  84 | 4.16e-05
  85 | 3.18e-05
  86 | 2.39e-05
  87 | 1.88e-05
  88 | 1.58e-05
  89 | 1.36e-05
  90 | 1.18e-05
  91 | 1.02e-05
  92 | 8.97e-06
  93 | 8.00e-06
  94 | 7.21e-06
  95 | 6.51e-06
  96 | 5.91e-06
  97 | 5.41e-06
  98 | 4.90e-06
  99 | 4.46e-06
 100 | 4.05e-06
 101 | 3.72e-06
 102 | 3.42e-06
 103 | 3.15e-06
 104 | 2.90e-06
 105 | 2.64e-06
 106 | 2.40e-06
 107 | 2.20e-06
 108 | 2.05e-06
 109 | 1.92e-06
 110 | 1.81e-06
 111 | 1.71e-06
 112 | 1.61e-06
 113 | 1.53e-06
 114 | 1.45e-06
 115 | 1.39e-06
 116 | 1.32e-06
 117 | 1.26e-06
 118 | 1.21e-06
 119 | 1.16e-06
 120 | 1.12e-06
 121 | 1.08e-06
 122 | 1.05e-06
 123 | 1.03e-06
 124 | 1.01e-06
 125 | 9.86e-07
 126 | 9.69e-07
 127 | 9.35e-07
 128 | 9.14e-07
 129 | 9.01e-07
 130 | 8.90e-07
 131 | 8.81e-07
 132 | 8.75e-07
 133 | 8.72e-07
 134 | 8.70e-07
 135 | 8.67e-07
 136 | 8.58e-07
 137 | 8.56e-07
 138 | 8.56e-07
 139 | 8.60e-07
 140 | 8.69e-07
 141 | 8.76e-07
 142 | 8.84e-07
 143 | 8.96e-07
 144 | 9.13e-07
 145 | 9.31e-07
 146 | 9.52e-07
 147 | 9.62e-07
 148 | 9.82e-07
 149 | 1.00e-06
 150 | 1.03e-06
 151 | 1.07e-06
 152 | 1.10e-06
 153 | 1.14e-06
 154 | 1.19e-06
 155 | 1.21e-06
 156 | 1.25e-06
 157 | 1.30e-06
 158 | 1.36e-06
 159 | 1.40e-06
 160 | 1.46e-06
 161 | 1.52e-06
 162 | 1.59e-06
 163 | 1.67e-06
 164 | 1.76e-06
 165 | 1.88e-06
 166 | 2.00e-06
 167 | 2.14e-06
 168 | 2.31e-06
 169 | 2.48e-06
 170 | 2.68e-06
 171 | 2.92e-06
 172 | 3.22e-06
 173 | 3.55e-06
 174 | 3.90e-06
 175 | 4.30e-06
 176 | 4.79e-06
 177 | 5.40e-06
 178 | 5.91e-06
 179 | 6.41e-06
 180 | 7.04e-06
 181 | 7.79e-06
 182 | 8.72e-06
 183 | 9.85e-06
 184 | 1.12e-05
 185 | 1.27e-05
 186 | 1.42e-05
 187 | 1.58e-05
 188 | 1.76e-05
 189 | 1.95e-05
 190 | 2.17e-05
 191 | 2.39e-05
 192 | 2.63e-05
 193 | 2.88e-05
 194 | 3.14e-05
 195 | 3.42e-05
 196 | 3.67e-05
 197 | 3.88e-05
 198 | 4.01e-05
 199 | 4.05e-05
 200 | 3.93e-05
 201 | 3.79e-05
 202 | 3.62e-05
 203 | 3.35e-05
 204 | 2.91e-05
 205 | 2.58e-05
 206 | 2.30e-05
 207 | 2.09e-05
 208 | 1.90e-05
 209 | 1.61e-05
 210 | 1.26e-05
 211 | 9.96e-06
 212 | 8.17e-06
 213 | 6.45e-06
 214 | 5.27e-06
 215 | 4.48e-06
 216 | 3.89e-06
 217 | 3.42e-06
 218 | 3.06e-06
 219 | 2.78e-06
 220 | 2.55e-06
 221 | 2.37e-06
 222 | 2.21e-06
 223 | 2.07e-06
 224 | 1.95e-06
 225 | 1.85e-06
 226 | 1.76e-06
 227 | 1.68e-06
 228 | 1.61e-06
 229 | 1.53e-06
 230 | 1.47e-06
 231 | 1.41e-06
 232 | 1.36e-06
 233 | 1.30e-06
 234 | 1.25e-06
 235 | 1.19e-06
 236 | 1.14e-06
 237 | 1.10e-06
 238 | 1.05e-06
 239 | 9.99e-07
 240 | 9.54e-07
 241 | 9.11e-07
 242 | 8.61e-07
 243 | 8.21e-07
 244 | 7.85e-07
 245 | 7.50e-07
 246 | 7.01e-07
 247 | 6.65e-07
 248 | 6.33e-07
 249 | 6.03e-07
 250 | 5.74e-07
 251 | 5.48e-07
 252 | 5.25e-07
 253 | 5.01e-07
 254 | 4.79e-07
 255 | 4.59e-07
 256 | 4.40e-07
 257 | 4.21e-07
 258 | 4.06e-07
 259 | 3.91e-07
 260 | 3.77e-07
 261 | 3.62e-07
 262 | 3.49e-07
 263 | 3.36e-07
 264 | 3.23e-07
 265 | 3.12e-07
 266 | 2.98e-07
 267 | 2.86e-07
 268 | 2.74e-07
 269 | 2.63e-07
 270 | 2.52e-07
 271 | 2.43e-07
 272 | 2.34e-07
 273 | 2.25e-07
 274 | 2.18e-07
 275 | 2.10e-07
 276 | 2.03e-07
 277 | 1.97e-07
 278 | 1.92e-07
 279 | 1.86e-07
 280 | 1.81e-07
 281 | 1.76e-07
 282 | 1.71e-07
 283 | 1.67e-07
 284 | 1.63e-07
 285 | 1.59e-07
 286 | 1.55e-07
 287 | 1.51e-07
 288 | 1.46e-07
 289 | 1.42e-07
 290 | 1.39e-07
 291 | 1.35e-07
 292 | 1.32e-07
 293 | 1.29e-07
 294 | 1.26e-07
 295 | 1.23e-07
 296 | 1.20e-07
 297 | 1.17e-07
 298 | 1.15e-07
 299 | 1.12e-07
 300 | 1.09e-07
 301 | 1.07e-07
 302 | 1.05e-07
 303 | 1.03e-07
 304 | 1.01e-07
 305 | 9.88e-08
[2025-11-09 15:00:22] Run completed in 39.43 minutes
[2025-11-09 15:00:27] Saved NMF result to: /zata/zippy/kresgeb/nmf_stuff/dlPFC/data/batched_nmf/nmf_k80_seed120301_tol1e-07.rds
[2025-11-09 15:00:27] Appended run metadata to summary.csv
[2025-11-09 15:00:27] --------------------------------------------
[2025-11-09 15:00:27] Starting run 139 / 150: k=90, seed=120301, tol=1e-07
[2025-11-09 15:00:27] --------------------------------------------

iter |      tol 
---------------
   1 | 9.16e-01
   2 | 9.21e-02
   3 | 3.37e-02
   4 | 1.82e-02
   5 | 1.21e-02
   6 | 9.08e-03
   7 | 7.16e-03
   8 | 5.74e-03
   9 | 4.64e-03
  10 | 3.79e-03
  11 | 3.24e-03
  12 | 2.91e-03
  13 | 2.60e-03
  14 | 2.32e-03
  15 | 2.01e-03
  16 | 1.70e-03
  17 | 1.49e-03
  18 | 1.35e-03
  19 | 1.23e-03
  20 | 1.16e-03
  21 | 1.12e-03
  22 | 1.10e-03
  23 | 1.14e-03
  24 | 1.20e-03
  25 | 1.29e-03
  26 | 1.33e-03
  27 | 1.33e-03
  28 | 1.21e-03
  29 | 1.12e-03
  30 | 1.02e-03
  31 | 8.93e-04
  32 | 7.53e-04
  33 | 6.80e-04
  34 | 6.54e-04
  35 | 6.48e-04
  36 | 6.34e-04
  37 | 6.26e-04
  38 | 6.18e-04
  39 | 5.96e-04
  40 | 5.56e-04
  41 | 4.87e-04
  42 | 4.39e-04
  43 | 4.03e-04
  44 | 3.62e-04
  45 | 3.40e-04
  46 | 2.68e-04
  47 | 2.37e-04
  48 | 2.33e-04
  49 | 2.39e-04
  50 | 2.52e-04
  51 | 2.88e-04
  52 | 3.50e-04
  53 | 4.42e-04
  54 | 5.20e-04
  55 | 5.55e-04
  56 | 5.45e-04
  57 | 4.78e-04
  58 | 3.92e-04
  59 | 3.16e-04
  60 | 2.71e-04
  61 | 2.33e-04
  62 | 2.05e-04
  63 | 1.77e-04
  64 | 1.53e-04
  65 | 1.39e-04
  66 | 1.27e-04
  67 | 1.13e-04
  68 | 1.03e-04
  69 | 9.10e-05
  70 | 8.00e-05
  71 | 6.73e-05
  72 | 5.22e-05
  73 | 4.34e-05
  74 | 3.52e-05
  75 | 2.96e-05
  76 | 2.54e-05
  77 | 2.22e-05
  78 | 2.00e-05
  79 | 1.86e-05
  80 | 1.78e-05
  81 | 1.69e-05
  82 | 1.66e-05
  83 | 1.57e-05
  84 | 1.52e-05
  85 | 1.52e-05
  86 | 1.51e-05
  87 | 1.55e-05
  88 | 1.62e-05
  89 | 1.71e-05
  90 | 1.80e-05
  91 | 1.89e-05
  92 | 2.01e-05
  93 | 2.01e-05
  94 | 2.15e-05
  95 | 2.26e-05
  96 | 2.38e-05
  97 | 2.44e-05
  98 | 2.46e-05
  99 | 2.48e-05
 100 | 2.46e-05
 101 | 2.40e-05
 102 | 2.30e-05
 103 | 2.15e-05
 104 | 1.92e-05
 105 | 1.71e-05
 106 | 1.51e-05
 107 | 1.33e-05
 108 | 1.15e-05
 109 | 9.90e-06
 110 | 8.56e-06
 111 | 7.51e-06
 112 | 6.65e-06
 113 | 5.83e-06
 114 | 5.21e-06
 115 | 4.82e-06
 116 | 4.59e-06
 117 | 4.37e-06
 118 | 4.18e-06
 119 | 3.82e-06
 120 | 3.54e-06
 121 | 3.38e-06
 122 | 3.26e-06
 123 | 3.15e-06
 124 | 3.06e-06
 125 | 2.93e-06
 126 | 2.84e-06
 127 | 2.77e-06
 128 | 2.69e-06
 129 | 2.61e-06
 130 | 2.56e-06
 131 | 2.54e-06
 132 | 2.48e-06
 133 | 2.37e-06
 134 | 2.17e-06
 135 | 2.12e-06
 136 | 2.07e-06
 137 | 2.05e-06
 138 | 2.04e-06
 139 | 2.05e-06
 140 | 2.07e-06
 141 | 2.09e-06
 142 | 2.12e-06
 143 | 2.16e-06
 144 | 2.20e-06
 145 | 2.22e-06
 146 | 2.25e-06
 147 | 2.30e-06
 148 | 2.36e-06
 149 | 2.42e-06
 150 | 2.49e-06
 151 | 2.52e-06
 152 | 2.56e-06
 153 | 2.60e-06
 154 | 2.63e-06
 155 | 2.64e-06
 156 | 2.67e-06
 157 | 2.70e-06
 158 | 2.74e-06
 159 | 2.78e-06
 160 | 2.83e-06
 161 | 2.83e-06
 162 | 2.76e-06
 163 | 2.79e-06
 164 | 2.84e-06
 165 | 2.87e-06
 166 | 2.80e-06
 167 | 2.74e-06
 168 | 2.75e-06
 169 | 2.72e-06
 170 | 2.68e-06
 171 | 2.65e-06
 172 | 2.63e-06
 173 | 2.61e-06
 174 | 2.60e-06
 175 | 2.57e-06
 176 | 2.54e-06
 177 | 2.46e-06
 178 | 2.35e-06
 179 | 2.26e-06
 180 | 2.19e-06
 181 | 2.13e-06
 182 | 2.07e-06
 183 | 2.01e-06
 184 | 1.96e-06
 185 | 1.91e-06
 186 | 1.86e-06
 187 | 1.82e-06
 188 | 1.79e-06
 189 | 1.80e-06
 190 | 1.80e-06
 191 | 1.78e-06
 192 | 1.80e-06
 193 | 1.82e-06
 194 | 1.83e-06
 195 | 1.79e-06
 196 | 1.75e-06
 197 | 1.69e-06
 198 | 1.66e-06
 199 | 1.63e-06
 200 | 1.57e-06
 201 | 1.52e-06
 202 | 1.47e-06
 203 | 1.42e-06
 204 | 1.36e-06
 205 | 1.28e-06
 206 | 1.19e-06
 207 | 1.11e-06
 208 | 1.06e-06
 209 | 1.01e-06
 210 | 9.74e-07
 211 | 9.38e-07
 212 | 9.14e-07
 213 | 8.94e-07
 214 | 8.79e-07
 215 | 8.77e-07
 216 | 8.84e-07
 217 | 8.98e-07
 218 | 9.14e-07
 219 | 9.35e-07
 220 | 9.51e-07
 221 | 9.88e-07
 222 | 1.04e-06
 223 | 1.06e-06
 224 | 1.11e-06
 225 | 1.17e-06
 226 | 1.23e-06
 227 | 1.32e-06
 228 | 1.41e-06
 229 | 1.53e-06
 230 | 1.66e-06
 231 | 1.80e-06
 232 | 1.92e-06
 233 | 2.02e-06
 234 | 2.17e-06
 235 | 2.35e-06
 236 | 2.54e-06
 237 | 2.76e-06
 238 | 2.98e-06
 239 | 3.25e-06
 240 | 3.53e-06
 241 | 3.76e-06
 242 | 4.00e-06
 243 | 4.25e-06
 244 | 4.52e-06
 245 | 4.80e-06
 246 | 5.07e-06
 247 | 5.42e-06
 248 | 5.34e-06
 249 | 5.52e-06
 250 | 5.65e-06
 251 | 5.80e-06
 252 | 5.78e-06
 253 | 5.54e-06
 254 | 5.32e-06
 255 | 5.05e-06
 256 | 4.84e-06
 257 | 4.66e-06
 258 | 4.55e-06
 259 | 4.31e-06
 260 | 4.17e-06
 261 | 4.20e-06
 262 | 4.20e-06
 263 | 4.30e-06
 264 | 4.31e-06
 265 | 4.43e-06
 266 | 4.63e-06
 267 | 4.87e-06
 268 | 4.97e-06
 269 | 4.93e-06
 270 | 4.93e-06
 271 | 5.08e-06
 272 | 5.21e-06
 273 | 4.94e-06
 274 | 4.29e-06
 275 | 4.25e-06
 276 | 4.21e-06
 277 | 4.15e-06
 278 | 4.22e-06
 279 | 4.15e-06
 280 | 4.12e-06
 281 | 4.29e-06
 282 | 4.30e-06
 283 | 4.55e-06
 284 | 4.92e-06
 285 | 5.39e-06
 286 | 5.95e-06
 287 | 6.68e-06
 288 | 7.34e-06
 289 | 8.32e-06
 290 | 9.57e-06
 291 | 1.11e-05
 292 | 1.29e-05
 293 | 1.50e-05
 294 | 1.73e-05
 295 | 2.01e-05
 296 | 2.31e-05
 297 | 2.64e-05
 298 | 3.01e-05
 299 | 3.29e-05
 300 | 3.45e-05
 301 | 3.54e-05
 302 | 3.56e-05
 303 | 3.43e-05
 304 | 3.21e-05
 305 | 2.94e-05
 306 | 2.51e-05
 307 | 2.14e-05
 308 | 1.74e-05
 309 | 1.41e-05
 310 | 1.12e-05
 311 | 8.77e-06
 312 | 6.64e-06
 313 | 4.97e-06
 314 | 3.68e-06
 315 | 2.69e-06
 316 | 1.91e-06
 317 | 1.43e-06
 318 | 1.11e-06
 319 | 8.33e-07
 320 | 6.73e-07
 321 | 5.64e-07
 322 | 4.88e-07
 323 | 4.36e-07
 324 | 3.93e-07
 325 | 3.63e-07
 326 | 3.38e-07
 327 | 3.19e-07
 328 | 3.07e-07
 329 | 2.98e-07
 330 | 2.89e-07
 331 | 2.80e-07
 332 | 2.70e-07
 333 | 2.64e-07
 334 | 2.61e-07
 335 | 2.57e-07
 336 | 2.50e-07
 337 | 2.47e-07
 338 | 2.45e-07
 339 | 2.45e-07
 340 | 2.45e-07
 341 | 2.43e-07
 342 | 2.43e-07
 343 | 2.44e-07
 344 | 2.43e-07
 345 | 2.45e-07
 346 | 2.48e-07
 347 | 2.48e-07
 348 | 2.51e-07
 349 | 2.54e-07
 350 | 2.56e-07
 351 | 2.59e-07
 352 | 2.63e-07
 353 | 2.66e-07
 354 | 2.69e-07
 355 | 2.72e-07
 356 | 2.76e-07
 357 | 2.80e-07
 358 | 2.86e-07
 359 | 2.90e-07
 360 | 2.94e-07
 361 | 2.98e-07
 362 | 3.00e-07
 363 | 2.98e-07
 364 | 2.98e-07
 365 | 2.97e-07
 366 | 2.96e-07
 367 | 2.96e-07
 368 | 2.94e-07
 369 | 2.90e-07
 370 | 2.83e-07
 371 | 2.78e-07
 372 | 2.74e-07
 373 | 2.70e-07
 374 | 2.67e-07
 375 | 2.64e-07
 376 | 2.61e-07
 377 | 2.53e-07
 378 | 2.43e-07
 379 | 2.36e-07
 380 | 2.31e-07
 381 | 2.28e-07
 382 | 2.24e-07
 383 | 2.18e-07
 384 | 2.14e-07
 385 | 2.10e-07
 386 | 2.07e-07
 387 | 2.04e-07
 388 | 2.00e-07
 389 | 1.96e-07
 390 | 1.93e-07
 391 | 1.90e-07
 392 | 1.87e-07
 393 | 1.84e-07
 394 | 1.82e-07
 395 | 1.80e-07
 396 | 1.82e-07
 397 | 1.83e-07
 398 | 1.85e-07
 399 | 1.87e-07
 400 | 1.88e-07
 401 | 1.88e-07
 402 | 1.90e-07
 403 | 1.90e-07
 404 | 1.91e-07
 405 | 1.92e-07
 406 | 1.93e-07
 407 | 1.92e-07
 408 | 1.92e-07
 409 | 1.93e-07
 410 | 1.94e-07
 411 | 1.96e-07
 412 | 1.98e-07
 413 | 2.00e-07
 414 | 2.03e-07
 415 | 2.05e-07
 416 | 2.07e-07
 417 | 2.11e-07
 418 | 2.14e-07
 419 | 2.18e-07
 420 | 2.22e-07
 421 | 2.26e-07
 422 | 2.30e-07
 423 | 2.35e-07
 424 | 2.38e-07
 425 | 2.42e-07
 426 | 2.47e-07
 427 | 2.51e-07
 428 | 2.56e-07
 429 | 2.61e-07
 430 | 2.65e-07
 431 | 2.71e-07
 432 | 2.74e-07
 433 | 2.73e-07
 434 | 2.70e-07
 435 | 2.74e-07
 436 | 2.76e-07
 437 | 2.79e-07
 438 | 2.80e-07
 439 | 2.84e-07
 440 | 2.87e-07
 441 | 2.89e-07
 442 | 2.92e-07
 443 | 2.92e-07
 444 | 2.96e-07
 445 | 3.01e-07
 446 | 3.06e-07
 447 | 3.10e-07
 448 | 3.16e-07
 449 | 3.22e-07
 450 | 3.30e-07
 451 | 3.38e-07
 452 | 3.49e-07
 453 | 3.63e-07
 454 | 3.76e-07
 455 | 3.88e-07
 456 | 4.04e-07
 457 | 4.22e-07
 458 | 4.33e-07
 459 | 4.49e-07
 460 | 4.67e-07
 461 | 4.81e-07
 462 | 4.77e-07
 463 | 4.90e-07
 464 | 5.05e-07
 465 | 5.20e-07
 466 | 5.38e-07
 467 | 5.55e-07
 468 | 4.04e-07
 469 | 3.50e-07
 470 | 3.47e-07
 471 | 3.47e-07
 472 | 3.48e-07
 473 | 3.48e-07
 474 | 3.49e-07
 475 | 3.50e-07
 476 | 3.52e-07
 477 | 3.54e-07
 478 | 3.57e-07
 479 | 3.59e-07
 480 | 3.62e-07
 481 | 3.64e-07
 482 | 3.66e-07
 483 | 3.68e-07
 484 | 3.71e-07
 485 | 3.73e-07
 486 | 3.75e-07
 487 | 3.73e-07
 488 | 3.68e-07
 489 | 3.64e-07
 490 | 3.59e-07
 491 | 3.55e-07
 492 | 3.50e-07
 493 | 3.45e-07
 494 | 3.41e-07
 495 | 3.36e-07
 496 | 3.31e-07
 497 | 3.26e-07
 498 | 3.21e-07
 499 | 3.15e-07
 500 | 3.09e-07
 501 | 3.03e-07
 502 | 2.99e-07
 503 | 2.61e-07
 504 | 2.38e-07
 505 | 2.24e-07
 506 | 2.13e-07
 507 | 2.02e-07
 508 | 1.38e-07
 509 | 9.19e-08
[2025-11-09 16:16:16] Run completed in 75.82 minutes
[2025-11-09 16:16:21] Saved NMF result to: /zata/zippy/kresgeb/nmf_stuff/dlPFC/data/batched_nmf/nmf_k90_seed120301_tol1e-07.rds
[2025-11-09 16:16:21] Appended run metadata to summary.csv
[2025-11-09 16:16:21] --------------------------------------------
[2025-11-09 16:16:21] Starting run 140 / 150: k=100, seed=120301, tol=1e-07
[2025-11-09 16:16:21] --------------------------------------------

iter |      tol 
---------------
   1 | 9.09e-01
   2 | 1.03e-01
   3 | 3.55e-02
   4 | 1.92e-02
   5 | 1.31e-02
   6 | 9.67e-03
   7 | 7.52e-03
   8 | 6.15e-03
   9 | 5.33e-03
  10 | 4.88e-03
  11 | 4.58e-03
  12 | 4.56e-03
  13 | 4.59e-03
  14 | 4.53e-03
  15 | 4.19e-03
  16 | 3.04e-03
  17 | 2.36e-03
  18 | 2.05e-03
  19 | 1.82e-03
  20 | 1.61e-03
  21 | 1.43e-03
  22 | 1.30e-03
  23 | 1.19e-03
  24 | 1.09e-03
  25 | 1.05e-03
  26 | 1.06e-03
  27 | 1.08e-03
  28 | 1.07e-03
  29 | 1.07e-03
  30 | 1.09e-03
  31 | 1.13e-03
  32 | 1.18e-03
  33 | 1.22e-03
  34 | 1.19e-03
  35 | 9.90e-04
  36 | 8.48e-04
  37 | 7.17e-04
  38 | 5.97e-04
  39 | 5.41e-04
  40 | 5.12e-04
  41 | 4.91e-04
  42 | 4.58e-04
  43 | 4.40e-04
  44 | 4.19e-04
  45 | 3.83e-04
  46 | 3.39e-04
  47 | 2.73e-04
  48 | 2.18e-04
  49 | 1.75e-04
  50 | 1.45e-04
  51 | 1.21e-04
  52 | 1.13e-04
  53 | 1.14e-04
  54 | 1.23e-04
  55 | 1.38e-04
  56 | 1.61e-04
  57 | 1.93e-04
  58 | 2.26e-04
  59 | 2.41e-04
  60 | 2.37e-04
  61 | 2.03e-04
  62 | 1.61e-04
  63 | 1.22e-04
  64 | 9.31e-05
  65 | 6.72e-05
  66 | 5.97e-05
  67 | 5.87e-05
  68 | 5.69e-05
  69 | 5.78e-05
  70 | 5.71e-05
  71 | 5.48e-05
  72 | 5.67e-05
  73 | 5.85e-05
  74 | 6.17e-05
  75 | 6.63e-05
  76 | 6.96e-05
  77 | 6.04e-05
  78 | 5.88e-05
  79 | 6.13e-05
  80 | 6.51e-05
  81 | 6.95e-05
  82 | 7.59e-05
  83 | 8.33e-05
  84 | 9.22e-05
  85 | 1.01e-04
  86 | 1.09e-04
  87 | 1.15e-04
  88 | 1.17e-04
  89 | 1.15e-04
  90 | 1.08e-04
  91 | 1.03e-04
  92 | 9.62e-05
  93 | 8.04e-05
  94 | 6.97e-05
  95 | 6.27e-05
  96 | 5.41e-05
  97 | 4.66e-05
  98 | 4.38e-05
  99 | 4.31e-05
 100 | 4.30e-05
 101 | 4.37e-05
 102 | 3.92e-05
 103 | 3.84e-05
 104 | 4.01e-05
 105 | 4.16e-05
 106 | 4.43e-05
 107 | 4.60e-05
 108 | 5.04e-05
 109 | 5.51e-05
 110 | 5.96e-05
 111 | 6.64e-05
 112 | 7.12e-05
 113 | 7.87e-05
 114 | 8.63e-05
 115 | 9.41e-05
 116 | 1.00e-04
 117 | 1.06e-04
 118 | 9.32e-05
 119 | 7.88e-05
 120 | 6.75e-05
 121 | 5.79e-05
 122 | 4.72e-05
 123 | 3.98e-05
 124 | 3.07e-05
 125 | 2.32e-05
 126 | 2.02e-05
 127 | 1.79e-05
 128 | 1.64e-05
 129 | 1.49e-05
 130 | 1.32e-05
 131 | 1.21e-05
 132 | 1.15e-05
 133 | 1.09e-05
 134 | 1.05e-05
 135 | 1.01e-05
 136 | 9.91e-06
 137 | 9.70e-06
 138 | 9.71e-06
 139 | 9.82e-06
 140 | 9.80e-06
 141 | 9.01e-06
 142 | 9.13e-06
 143 | 8.99e-06
 144 | 9.12e-06
 145 | 9.55e-06
 146 | 9.95e-06
 147 | 1.06e-05
 148 | 1.14e-05
 149 | 1.22e-05
 150 | 1.30e-05
 151 | 1.39e-05
 152 | 1.31e-05
 153 | 1.34e-05
 154 | 1.46e-05
 155 | 1.60e-05
 156 | 1.75e-05
 157 | 1.73e-05
 158 | 2.00e-05
 159 | 2.29e-05
 160 | 2.72e-05
 161 | 3.24e-05
 162 | 3.78e-05
 163 | 4.48e-05
 164 | 4.79e-05
 165 | 4.77e-05
 166 | 4.85e-05
 167 | 4.81e-05
 168 | 4.76e-05
 169 | 4.51e-05
 170 | 4.01e-05
 171 | 3.44e-05
 172 | 2.91e-05
 173 | 2.12e-05
 174 | 1.72e-05
 175 | 1.40e-05
 176 | 1.16e-05
 177 | 9.57e-06
 178 | 8.27e-06
 179 | 7.32e-06
 180 | 6.74e-06
 181 | 6.32e-06
 182 | 6.23e-06
 183 | 6.36e-06
 184 | 6.69e-06
 185 | 7.19e-06
 186 | 7.90e-06
 187 | 8.89e-06
 188 | 1.00e-05
 189 | 1.08e-05
 190 | 1.14e-05
 191 | 1.30e-05
 192 | 1.51e-05
 193 | 1.75e-05
 194 | 2.03e-05
 195 | 2.29e-05
 196 | 2.47e-05
 197 | 2.54e-05
 198 | 2.65e-05
 199 | 2.84e-05
 200 | 3.12e-05
 201 | 3.17e-05
 202 | 3.21e-05
 203 | 3.41e-05
 204 | 3.68e-05
 205 | 3.97e-05
 206 | 4.29e-05
 207 | 4.67e-05
 208 | 5.07e-05
 209 | 5.39e-05
 210 | 5.68e-05
 211 | 5.83e-05
 212 | 5.74e-05
 213 | 5.43e-05
 214 | 5.01e-05
 215 | 4.45e-05
 216 | 3.82e-05
 217 | 3.20e-05
 218 | 2.63e-05
 219 | 2.09e-05
 220 | 1.63e-05
 221 | 1.25e-05
 222 | 9.28e-06
 223 | 7.14e-06
 224 | 5.82e-06
 225 | 5.03e-06
 226 | 4.49e-06
 227 | 4.28e-06
 228 | 4.24e-06
 229 | 4.28e-06
 230 | 4.27e-06
 231 | 4.38e-06
 232 | 4.66e-06
 233 | 5.02e-06
 234 | 5.20e-06
 235 | 5.53e-06
 236 | 6.06e-06
 237 | 6.67e-06
 238 | 7.31e-06
 239 | 8.11e-06
 240 | 9.11e-06
 241 | 9.74e-06
 242 | 1.09e-05
 243 | 1.23e-05
 244 | 1.37e-05
 245 | 1.44e-05
 246 | 1.55e-05
 247 | 1.67e-05
 248 | 1.74e-05
 249 | 1.84e-05
 250 | 1.93e-05
 251 | 1.98e-05
 252 | 2.06e-05
 253 | 2.20e-05
 254 | 2.30e-05
 255 | 2.36e-05
 256 | 2.38e-05
 257 | 2.39e-05
 258 | 2.39e-05
 259 | 2.35e-05
 260 | 2.22e-05
 261 | 1.97e-05
 262 | 1.78e-05
 263 | 1.59e-05
 264 | 1.40e-05
 265 | 1.22e-05
 266 | 1.07e-05
 267 | 9.15e-06
 268 | 7.75e-06
 269 | 6.48e-06
 270 | 5.34e-06
 271 | 4.48e-06
 272 | 3.82e-06
 273 | 3.30e-06
 274 | 2.86e-06
 275 | 2.49e-06
 276 | 2.15e-06
 277 | 1.91e-06
 278 | 1.55e-06
 279 | 1.32e-06
 280 | 1.17e-06
 281 | 1.06e-06
 282 | 9.46e-07
 283 | 8.49e-07
 284 | 7.70e-07
 285 | 7.04e-07
 286 | 6.53e-07
 287 | 6.12e-07
 288 | 5.72e-07
 289 | 5.50e-07
 290 | 5.32e-07
 291 | 5.18e-07
 292 | 5.06e-07
 293 | 4.86e-07
 294 | 4.77e-07
 295 | 4.76e-07
 296 | 4.76e-07
 297 | 4.73e-07
 298 | 4.60e-07
 299 | 4.55e-07
 300 | 4.49e-07
 301 | 4.47e-07
 302 | 4.48e-07
 303 | 4.49e-07
 304 | 4.45e-07
 305 | 4.49e-07
 306 | 4.55e-07
 307 | 4.63e-07
 308 | 4.67e-07
 309 | 4.54e-07
 310 | 4.58e-07
 311 | 4.65e-07
 312 | 4.77e-07
 313 | 4.87e-07
 314 | 4.92e-07
 315 | 5.04e-07
 316 | 5.17e-07
 317 | 5.33e-07
 318 | 5.52e-07
 319 | 5.67e-07
 320 | 5.84e-07
 321 | 6.03e-07
 322 | 6.24e-07
 323 | 6.20e-07
 324 | 6.37e-07
 325 | 6.57e-07
 326 | 6.75e-07
 327 | 6.87e-07
 328 | 7.03e-07
 329 | 7.23e-07
 330 | 7.43e-07
 331 | 7.71e-07
 332 | 8.03e-07
 333 | 8.35e-07
 334 | 8.61e-07
 335 | 8.68e-07
 336 | 8.86e-07
 337 | 9.12e-07
 338 | 9.43e-07
 339 | 9.76e-07
 340 | 1.00e-06
 341 | 1.03e-06
 342 | 1.05e-06
 343 | 1.02e-06
 344 | 9.97e-07
 345 | 9.90e-07
 346 | 9.89e-07
 347 | 9.92e-07
 348 | 9.98e-07
 349 | 1.01e-06
 350 | 1.02e-06
 351 | 1.03e-06
 352 | 1.01e-06
 353 | 1.01e-06
 354 | 1.02e-06
 355 | 1.02e-06
 356 | 1.03e-06
 357 | 1.01e-06
 358 | 1.01e-06
 359 | 1.02e-06
 360 | 1.03e-06
 361 | 1.03e-06
 362 | 1.04e-06
 363 | 1.05e-06
 364 | 1.06e-06
 365 | 1.04e-06
 366 | 1.01e-06
 367 | 9.85e-07
 368 | 9.07e-07
 369 | 8.66e-07
 370 | 8.31e-07
 371 | 8.12e-07
 372 | 7.92e-07
 373 | 7.74e-07
 374 | 7.60e-07
 375 | 7.43e-07
 376 | 7.20e-07
 377 | 7.04e-07
 378 | 6.91e-07
 379 | 6.79e-07
 380 | 6.68e-07
 381 | 6.57e-07
 382 | 6.47e-07
 383 | 6.38e-07
 384 | 6.24e-07
 385 | 6.07e-07
 386 | 5.79e-07
 387 | 5.65e-07
 388 | 5.55e-07
 389 | 5.46e-07
 390 | 5.37e-07
 391 | 5.26e-07
 392 | 5.16e-07
 393 | 4.88e-07
 394 | 4.74e-07
 395 | 4.60e-07
 396 | 4.45e-07
 397 | 4.33e-07
 398 | 4.25e-07
 399 | 4.16e-07
 400 | 4.07e-07
 401 | 4.00e-07
 402 | 3.89e-07
 403 | 3.27e-07
 404 | 2.90e-07
 405 | 2.65e-07
 406 | 2.32e-07
 407 | 2.06e-07
 408 | 1.76e-07
 409 | 1.62e-07
 410 | 1.50e-07
 411 | 1.38e-07
 412 | 1.29e-07
 413 | 1.16e-07
 414 | 1.02e-07
 415 | 9.69e-08
[2025-11-09 17:25:55] Run completed in 69.57 minutes
[2025-11-09 17:26:02] Saved NMF result to: /zata/zippy/kresgeb/nmf_stuff/dlPFC/data/batched_nmf/nmf_k100_seed120301_tol1e-07.rds
[2025-11-09 17:26:02] Appended run metadata to summary.csv
[2025-11-09 17:26:02] --------------------------------------------
[2025-11-09 17:26:02] Starting run 141 / 150: k=10, seed=2025, tol=1e-07
[2025-11-09 17:26:02] --------------------------------------------

iter |      tol 
---------------
   1 | 9.35e-01
   2 | 1.48e-01
   3 | 3.06e-02
   4 | 9.51e-03
   5 | 5.22e-03
   6 | 3.50e-03
   7 | 2.54e-03
   8 | 1.86e-03
   9 | 1.70e-03
  10 | 2.13e-03
  11 | 2.33e-03
  12 | 1.51e-03
  13 | 7.18e-04
  14 | 3.31e-04
  15 | 1.69e-04
  16 | 9.71e-05
  17 | 5.93e-05
  18 | 3.73e-05
  19 | 2.38e-05
  20 | 1.53e-05
  21 | 9.69e-06
  22 | 6.14e-06
  23 | 4.04e-06
  24 | 2.76e-06
  25 | 1.96e-06
  26 | 1.43e-06
  27 | 1.07e-06
  28 | 8.19e-07
  29 | 6.39e-07
  30 | 5.06e-07
  31 | 4.05e-07
  32 | 3.27e-07
  33 | 2.66e-07
  34 | 2.19e-07
  35 | 1.81e-07
  36 | 1.50e-07
  37 | 1.26e-07
  38 | 1.05e-07
  39 | 8.86e-08
[2025-11-09 17:28:28] Run completed in 2.43 minutes
[2025-11-09 17:28:29] Saved NMF result to: /zata/zippy/kresgeb/nmf_stuff/dlPFC/data/batched_nmf/nmf_k10_seed2025_tol1e-07.rds
[2025-11-09 17:28:29] Appended run metadata to summary.csv
[2025-11-09 17:28:29] --------------------------------------------
[2025-11-09 17:28:29] Starting run 142 / 150: k=20, seed=2025, tol=1e-07
[2025-11-09 17:28:29] --------------------------------------------

iter |      tol 
---------------
   1 | 9.23e-01
   2 | 1.21e-01
   3 | 3.51e-02
   4 | 1.72e-02
   5 | 1.20e-02
   6 | 8.74e-03
   7 | 6.17e-03
   8 | 4.62e-03
   9 | 3.79e-03
  10 | 3.40e-03
  11 | 3.01e-03
  12 | 2.32e-03
  13 | 1.61e-03
  14 | 1.10e-03
  15 | 7.86e-04
  16 | 5.83e-04
  17 | 4.45e-04
  18 | 3.55e-04
  19 | 2.95e-04
  20 | 2.56e-04
  21 | 2.29e-04
  22 | 2.09e-04
  23 | 1.94e-04
  24 | 1.81e-04
  25 | 1.70e-04
  26 | 1.62e-04
  27 | 1.56e-04
  28 | 1.55e-04
  29 | 1.56e-04
  30 | 1.60e-04
  31 | 1.65e-04
  32 | 1.70e-04
  33 | 1.76e-04
  34 | 1.80e-04
  35 | 1.83e-04
  36 | 1.82e-04
  37 | 1.78e-04
  38 | 1.69e-04
  39 | 1.58e-04
  40 | 1.44e-04
  41 | 1.31e-04
  42 | 1.17e-04
  43 | 1.05e-04
  44 | 9.39e-05
  45 | 8.43e-05
  46 | 7.62e-05
  47 | 6.95e-05
  48 | 6.38e-05
  49 | 5.87e-05
  50 | 5.42e-05
  51 | 5.02e-05
  52 | 4.67e-05
  53 | 4.35e-05
  54 | 4.06e-05
  55 | 3.81e-05
  56 | 3.60e-05
  57 | 3.40e-05
  58 | 3.22e-05
  59 | 3.03e-05
  60 | 2.85e-05
  61 | 2.69e-05
  62 | 2.55e-05
  63 | 2.41e-05
  64 | 2.28e-05
  65 | 2.16e-05
  66 | 2.03e-05
  67 | 1.92e-05
  68 | 1.81e-05
  69 | 1.70e-05
  70 | 1.60e-05
  71 | 1.50e-05
  72 | 1.41e-05
  73 | 1.33e-05
  74 | 1.26e-05
  75 | 1.19e-05
  76 | 1.13e-05
  77 | 1.07e-05
  78 | 1.02e-05
  79 | 9.87e-06
  80 | 9.59e-06
  81 | 9.40e-06
  82 | 9.27e-06
  83 | 9.20e-06
  84 | 9.20e-06
  85 | 9.23e-06
  86 | 9.30e-06
  87 | 9.44e-06
  88 | 9.65e-06
  89 | 9.92e-06
  90 | 1.02e-05
  91 | 1.06e-05
  92 | 1.09e-05
  93 | 1.11e-05
  94 | 1.13e-05
  95 | 1.13e-05
  96 | 1.13e-05
  97 | 1.11e-05
  98 | 1.09e-05
  99 | 1.05e-05
 100 | 1.01e-05
 101 | 9.67e-06
 102 | 9.23e-06
 103 | 8.81e-06
 104 | 8.43e-06
 105 | 8.07e-06
 106 | 7.68e-06
 107 | 7.33e-06
 108 | 6.99e-06
 109 | 6.70e-06
 110 | 6.47e-06
 111 | 6.28e-06
 112 | 6.13e-06
 113 | 6.03e-06
 114 | 5.95e-06
 115 | 5.90e-06
 116 | 5.87e-06
 117 | 5.89e-06
 118 | 5.93e-06
 119 | 6.01e-06
 120 | 6.10e-06
 121 | 6.22e-06
 122 | 6.36e-06
 123 | 6.50e-06
 124 | 6.65e-06
 125 | 6.82e-06
 126 | 6.97e-06
 127 | 7.13e-06
 128 | 7.28e-06
 129 | 7.42e-06
 130 | 7.55e-06
 131 | 7.67e-06
 132 | 7.77e-06
 133 | 7.84e-06
 134 | 7.86e-06
 135 | 7.84e-06
 136 | 7.78e-06
 137 | 7.69e-06
 138 | 7.64e-06
 139 | 7.57e-06
 140 | 7.45e-06
 141 | 7.29e-06
 142 | 7.14e-06
 143 | 6.97e-06
 144 | 6.76e-06
 145 | 6.52e-06
 146 | 6.27e-06
 147 | 6.02e-06
 148 | 5.76e-06
 149 | 5.49e-06
 150 | 5.23e-06
 151 | 4.98e-06
 152 | 4.73e-06
 153 | 4.48e-06
 154 | 4.27e-06
 155 | 4.07e-06
 156 | 3.88e-06
 157 | 3.70e-06
 158 | 3.53e-06
 159 | 3.38e-06
 160 | 3.25e-06
 161 | 3.14e-06
 162 | 3.03e-06
 163 | 2.94e-06
 164 | 2.86e-06
 165 | 2.80e-06
 166 | 2.75e-06
 167 | 2.70e-06
 168 | 2.67e-06
 169 | 2.64e-06
 170 | 2.62e-06
 171 | 2.60e-06
 172 | 2.60e-06
 173 | 2.60e-06
 174 | 2.59e-06
 175 | 2.60e-06
 176 | 2.60e-06
 177 | 2.61e-06
 178 | 2.63e-06
 179 | 2.66e-06
 180 | 2.69e-06
 181 | 2.73e-06
 182 | 2.78e-06
 183 | 2.84e-06
 184 | 2.90e-06
 185 | 2.98e-06
 186 | 3.05e-06
 187 | 3.13e-06
 188 | 3.21e-06
 189 | 3.27e-06
 190 | 3.33e-06
 191 | 3.39e-06
 192 | 3.43e-06
 193 | 3.47e-06
 194 | 3.51e-06
 195 | 3.54e-06
 196 | 3.55e-06
 197 | 3.55e-06
 198 | 3.52e-06
 199 | 3.49e-06
 200 | 3.45e-06
 201 | 3.39e-06
 202 | 3.32e-06
 203 | 3.24e-06
 204 | 3.14e-06
 205 | 3.04e-06
 206 | 2.93e-06
 207 | 2.82e-06
 208 | 2.70e-06
 209 | 2.58e-06
 210 | 2.46e-06
 211 | 2.34e-06
 212 | 2.22e-06
 213 | 2.11e-06
 214 | 2.00e-06
 215 | 1.90e-06
 216 | 1.81e-06
 217 | 1.73e-06
 218 | 1.64e-06
 219 | 1.56e-06
 220 | 1.49e-06
 221 | 1.42e-06
 222 | 1.36e-06
 223 | 1.30e-06
 224 | 1.24e-06
 225 | 1.19e-06
 226 | 1.14e-06
 227 | 1.10e-06
 228 | 1.06e-06
 229 | 1.02e-06
 230 | 9.91e-07
 231 | 9.61e-07
 232 | 9.33e-07
 233 | 9.08e-07
 234 | 8.87e-07
 235 | 8.69e-07
 236 | 8.50e-07
 237 | 8.33e-07
 238 | 8.19e-07
 239 | 8.05e-07
 240 | 7.91e-07
 241 | 7.80e-07
 242 | 7.71e-07
 243 | 7.62e-07
 244 | 7.53e-07
 245 | 7.44e-07
 246 | 7.36e-07
 247 | 7.29e-07
 248 | 7.20e-07
 249 | 7.13e-07
 250 | 7.05e-07
 251 | 6.98e-07
 252 | 6.90e-07
 253 | 6.82e-07
 254 | 6.74e-07
 255 | 6.67e-07
 256 | 6.59e-07
 257 | 6.52e-07
 258 | 6.45e-07
 259 | 6.40e-07
 260 | 6.35e-07
 261 | 6.31e-07
 262 | 6.27e-07
 263 | 6.23e-07
 264 | 6.18e-07
 265 | 6.14e-07
 266 | 6.10e-07
 267 | 6.06e-07
 268 | 6.01e-07
 269 | 5.96e-07
 270 | 5.92e-07
 271 | 5.88e-07
 272 | 5.84e-07
 273 | 5.80e-07
 274 | 5.76e-07
 275 | 5.72e-07
 276 | 5.68e-07
 277 | 5.65e-07
 278 | 5.62e-07
 279 | 5.58e-07
 280 | 5.55e-07
 281 | 5.51e-07
 282 | 5.48e-07
 283 | 5.44e-07
 284 | 5.41e-07
 285 | 5.37e-07
 286 | 5.35e-07
 287 | 5.32e-07
 288 | 5.29e-07
 289 | 5.27e-07
 290 | 5.25e-07
 291 | 5.23e-07
 292 | 5.21e-07
 293 | 5.19e-07
 294 | 5.18e-07
 295 | 5.16e-07
 296 | 5.15e-07
 297 | 5.13e-07
 298 | 5.11e-07
 299 | 5.09e-07
 300 | 5.07e-07
 301 | 5.04e-07
 302 | 5.02e-07
 303 | 5.00e-07
 304 | 4.99e-07
 305 | 4.97e-07
 306 | 4.95e-07
 307 | 4.94e-07
 308 | 4.93e-07
 309 | 4.92e-07
 310 | 4.92e-07
 311 | 4.92e-07
 312 | 4.92e-07
 313 | 4.93e-07
 314 | 4.94e-07
 315 | 4.95e-07
 316 | 4.97e-07
 317 | 4.99e-07
 318 | 5.02e-07
 319 | 5.04e-07
 320 | 5.07e-07
 321 | 5.09e-07
 322 | 5.12e-07
 323 | 5.15e-07
 324 | 5.20e-07
 325 | 5.27e-07
 326 | 5.35e-07
 327 | 5.42e-07
 328 | 5.50e-07
 329 | 5.58e-07
 330 | 5.68e-07
 331 | 5.77e-07
 332 | 5.86e-07
 333 | 5.96e-07
 334 | 6.06e-07
 335 | 6.16e-07
 336 | 6.27e-07
 337 | 6.38e-07
 338 | 6.49e-07
 339 | 6.61e-07
 340 | 6.74e-07
 341 | 6.87e-07
 342 | 7.00e-07
 343 | 7.14e-07
 344 | 7.29e-07
 345 | 7.45e-07
 346 | 7.63e-07
 347 | 7.81e-07
 348 | 8.00e-07
 349 | 8.20e-07
 350 | 8.38e-07
 351 | 8.56e-07
 352 | 8.75e-07
 353 | 8.94e-07
 354 | 9.14e-07
 355 | 9.33e-07
 356 | 9.53e-07
 357 | 9.71e-07
 358 | 9.89e-07
 359 | 1.01e-06
 360 | 1.03e-06
 361 | 1.05e-06
 362 | 1.07e-06
 363 | 1.09e-06
 364 | 1.11e-06
 365 | 1.13e-06
 366 | 1.15e-06
 367 | 1.17e-06
 368 | 1.19e-06
 369 | 1.21e-06
 370 | 1.24e-06
 371 | 1.26e-06
 372 | 1.29e-06
 373 | 1.31e-06
 374 | 1.34e-06
 375 | 1.36e-06
 376 | 1.39e-06
 377 | 1.41e-06
 378 | 1.44e-06
 379 | 1.47e-06
 380 | 1.49e-06
 381 | 1.52e-06
 382 | 1.54e-06
 383 | 1.57e-06
 384 | 1.59e-06
 385 | 1.61e-06
 386 | 1.63e-06
 387 | 1.65e-06
 388 | 1.67e-06
 389 | 1.70e-06
 390 | 1.72e-06
 391 | 1.74e-06
 392 | 1.76e-06
 393 | 1.78e-06
 394 | 1.80e-06
 395 | 1.81e-06
 396 | 1.83e-06
 397 | 1.84e-06
 398 | 1.86e-06
 399 | 1.87e-06
 400 | 1.88e-06
 401 | 1.89e-06
 402 | 1.89e-06
 403 | 1.90e-06
 404 | 1.90e-06
 405 | 1.90e-06
 406 | 1.91e-06
 407 | 1.91e-06
 408 | 1.91e-06
 409 | 1.91e-06
 410 | 1.91e-06
 411 | 1.91e-06
 412 | 1.92e-06
 413 | 1.92e-06
 414 | 1.92e-06
 415 | 1.92e-06
 416 | 1.92e-06
 417 | 1.92e-06
 418 | 1.92e-06
 419 | 1.92e-06
 420 | 1.91e-06
 421 | 1.91e-06
 422 | 1.90e-06
 423 | 1.89e-06
 424 | 1.88e-06
 425 | 1.87e-06
 426 | 1.87e-06
 427 | 1.86e-06
 428 | 1.86e-06
 429 | 1.85e-06
 430 | 1.84e-06
 431 | 1.84e-06
 432 | 1.83e-06
 433 | 1.82e-06
 434 | 1.81e-06
 435 | 1.80e-06
 436 | 1.79e-06
 437 | 1.78e-06
 438 | 1.76e-06
 439 | 1.75e-06
 440 | 1.73e-06
 441 | 1.71e-06
 442 | 1.69e-06
 443 | 1.67e-06
 444 | 1.65e-06
 445 | 1.63e-06
 446 | 1.61e-06
 447 | 1.59e-06
 448 | 1.57e-06
 449 | 1.56e-06
 450 | 1.54e-06
 451 | 1.52e-06
 452 | 1.49e-06
 453 | 1.47e-06
 454 | 1.45e-06
 455 | 1.43e-06
 456 | 1.41e-06
 457 | 1.39e-06
 458 | 1.37e-06
 459 | 1.35e-06
 460 | 1.33e-06
 461 | 1.31e-06
 462 | 1.29e-06
 463 | 1.28e-06
 464 | 1.26e-06
 465 | 1.25e-06
 466 | 1.23e-06
 467 | 1.21e-06
 468 | 1.20e-06
 469 | 1.18e-06
 470 | 1.16e-06
 471 | 1.14e-06
 472 | 1.12e-06
 473 | 1.10e-06
 474 | 1.08e-06
 475 | 1.06e-06
 476 | 1.04e-06
 477 | 1.02e-06
 478 | 1.01e-06
 479 | 9.87e-07
 480 | 9.69e-07
 481 | 9.51e-07
 482 | 9.34e-07
 483 | 9.17e-07
 484 | 8.99e-07
 485 | 8.82e-07
 486 | 8.65e-07
 487 | 8.48e-07
 488 | 8.32e-07
 489 | 8.15e-07
 490 | 7.97e-07
 491 | 7.82e-07
 492 | 7.65e-07
 493 | 7.49e-07
 494 | 7.35e-07
 495 | 7.21e-07
 496 | 7.06e-07
 497 | 6.93e-07
 498 | 6.80e-07
 499 | 6.69e-07
 500 | 6.59e-07
 501 | 6.49e-07
 502 | 6.39e-07
 503 | 6.29e-07
 504 | 6.19e-07
 505 | 6.10e-07
 506 | 6.01e-07
 507 | 5.92e-07
 508 | 5.82e-07
 509 | 5.73e-07
 510 | 5.63e-07
 511 | 5.53e-07
 512 | 5.44e-07
 513 | 5.35e-07
 514 | 5.25e-07
 515 | 5.16e-07
 516 | 5.08e-07
 517 | 5.00e-07
 518 | 4.92e-07
 519 | 4.82e-07
 520 | 4.73e-07
 521 | 4.64e-07
 522 | 4.56e-07
 523 | 4.48e-07
 524 | 4.40e-07
 525 | 4.32e-07
 526 | 4.23e-07
 527 | 4.15e-07
 528 | 4.06e-07
 529 | 3.98e-07
 530 | 3.90e-07
 531 | 3.81e-07
 532 | 3.73e-07
 533 | 3.65e-07
 534 | 3.57e-07
 535 | 3.49e-07
 536 | 3.41e-07
 537 | 3.32e-07
 538 | 3.24e-07
 539 | 3.16e-07
 540 | 3.07e-07
 541 | 2.99e-07
 542 | 2.90e-07
 543 | 2.81e-07
 544 | 2.73e-07
 545 | 2.65e-07
 546 | 2.58e-07
 547 | 2.50e-07
 548 | 2.43e-07
 549 | 2.36e-07
 550 | 2.29e-07
 551 | 2.22e-07
 552 | 2.15e-07
 553 | 2.09e-07
 554 | 2.03e-07
 555 | 1.97e-07
 556 | 1.91e-07
 557 | 1.85e-07
 558 | 1.79e-07
 559 | 1.74e-07
 560 | 1.69e-07
 561 | 1.63e-07
 562 | 1.58e-07
 563 | 1.54e-07
 564 | 1.49e-07
 565 | 1.45e-07
 566 | 1.41e-07
 567 | 1.37e-07
 568 | 1.34e-07
 569 | 1.31e-07
 570 | 1.27e-07
 571 | 1.24e-07
 572 | 1.22e-07
 573 | 1.19e-07
 574 | 1.16e-07
 575 | 1.14e-07
 576 | 1.12e-07
 577 | 1.09e-07
 578 | 1.07e-07
 579 | 1.05e-07
 580 | 1.03e-07
 581 | 1.01e-07
 582 | 9.95e-08
[2025-11-09 17:43:27] Run completed in 14.96 minutes
[2025-11-09 17:43:28] Saved NMF result to: /zata/zippy/kresgeb/nmf_stuff/dlPFC/data/batched_nmf/nmf_k20_seed2025_tol1e-07.rds
[2025-11-09 17:43:28] Appended run metadata to summary.csv
[2025-11-09 17:43:28] --------------------------------------------
[2025-11-09 17:43:28] Starting run 143 / 150: k=30, seed=2025, tol=1e-07
[2025-11-09 17:43:28] --------------------------------------------

iter |      tol 
---------------
   1 | 9.20e-01
   2 | 1.28e-01
   3 | 3.81e-02
   4 | 2.08e-02
   5 | 1.21e-02
   6 | 6.86e-03
   7 | 4.55e-03
   8 | 3.45e-03
   9 | 2.82e-03
  10 | 2.45e-03
  11 | 2.22e-03
  12 | 2.05e-03
  13 | 1.85e-03
  14 | 1.64e-03
  15 | 1.41e-03
  16 | 1.20e-03
  17 | 1.03e-03
  18 | 9.36e-04
  19 | 8.59e-04
  20 | 7.74e-04
  21 | 6.69e-04
  22 | 5.55e-04
  23 | 4.56e-04
  24 | 3.77e-04
  25 | 3.18e-04
  26 | 2.74e-04
  27 | 2.39e-04
  28 | 2.11e-04
  29 | 1.87e-04
  30 | 1.67e-04
  31 | 1.47e-04
  32 | 1.29e-04
  33 | 1.13e-04
  34 | 9.88e-05
  35 | 8.75e-05
  36 | 7.81e-05
  37 | 7.07e-05
  38 | 6.53e-05
  39 | 6.15e-05
  40 | 5.84e-05
  41 | 5.62e-05
  42 | 5.43e-05
  43 | 5.28e-05
  44 | 5.19e-05
  45 | 5.15e-05
  46 | 5.15e-05
  47 | 5.21e-05
  48 | 5.30e-05
  49 | 5.39e-05
  50 | 5.57e-05
  51 | 5.87e-05
  52 | 6.24e-05
  53 | 6.65e-05
  54 | 7.11e-05
  55 | 7.63e-05
  56 | 8.03e-05
  57 | 8.17e-05
  58 | 7.92e-05
  59 | 7.21e-05
  60 | 6.43e-05
  61 | 5.38e-05
  62 | 4.40e-05
  63 | 3.71e-05
  64 | 3.26e-05
  65 | 2.93e-05
  66 | 2.66e-05
  67 | 2.43e-05
  68 | 2.23e-05
  69 | 2.06e-05
  70 | 1.91e-05
  71 | 1.78e-05
  72 | 1.65e-05
  73 | 1.54e-05
  74 | 1.42e-05
  75 | 1.31e-05
  76 | 1.21e-05
  77 | 1.11e-05
  78 | 1.01e-05
  79 | 9.13e-06
  80 | 8.25e-06
  81 | 7.45e-06
  82 | 6.72e-06
  83 | 6.08e-06
  84 | 5.55e-06
  85 | 5.06e-06
  86 | 4.64e-06
  87 | 4.28e-06
  88 | 3.97e-06
  89 | 3.71e-06
  90 | 3.49e-06
  91 | 3.29e-06
  92 | 3.12e-06
  93 | 2.98e-06
  94 | 2.85e-06
  95 | 2.75e-06
  96 | 2.67e-06
  97 | 2.58e-06
  98 | 2.51e-06
  99 | 2.44e-06
 100 | 2.37e-06
 101 | 2.30e-06
 102 | 2.24e-06
 103 | 2.18e-06
 104 | 2.12e-06
 105 | 2.07e-06
 106 | 2.02e-06
 107 | 1.97e-06
 108 | 1.91e-06
 109 | 1.87e-06
 110 | 1.82e-06
 111 | 1.78e-06
 112 | 1.73e-06
 113 | 1.69e-06
 114 | 1.64e-06
 115 | 1.59e-06
 116 | 1.55e-06
 117 | 1.50e-06
 118 | 1.45e-06
 119 | 1.41e-06
 120 | 1.36e-06
 121 | 1.31e-06
 122 | 1.26e-06
 123 | 1.20e-06
 124 | 1.15e-06
 125 | 1.11e-06
 126 | 1.06e-06
 127 | 1.01e-06
 128 | 9.56e-07
 129 | 9.07e-07
 130 | 8.63e-07
 131 | 8.23e-07
 132 | 7.85e-07
 133 | 7.53e-07
 134 | 7.22e-07
 135 | 6.91e-07
 136 | 6.61e-07
 137 | 6.34e-07
 138 | 6.11e-07
 139 | 5.88e-07
 140 | 5.68e-07
 141 | 5.49e-07
 142 | 5.30e-07
 143 | 5.12e-07
 144 | 4.95e-07
 145 | 4.81e-07
 146 | 4.68e-07
 147 | 4.56e-07
 148 | 4.44e-07
 149 | 4.32e-07
 150 | 4.23e-07
 151 | 4.15e-07
 152 | 4.07e-07
 153 | 4.00e-07
 154 | 3.95e-07
 155 | 3.92e-07
 156 | 3.89e-07
 157 | 3.88e-07
 158 | 3.90e-07
 159 | 3.89e-07
 160 | 3.91e-07
 161 | 3.92e-07
 162 | 3.97e-07
 163 | 4.03e-07
 164 | 4.11e-07
 165 | 4.21e-07
 166 | 4.31e-07
 167 | 4.40e-07
 168 | 4.52e-07
 169 | 4.65e-07
 170 | 4.79e-07
 171 | 4.95e-07
 172 | 5.14e-07
 173 | 5.35e-07
 174 | 5.57e-07
 175 | 5.82e-07
 176 | 6.09e-07
 177 | 6.39e-07
 178 | 6.71e-07
 179 | 7.06e-07
 180 | 7.45e-07
 181 | 7.85e-07
 182 | 8.30e-07
 183 | 8.80e-07
 184 | 9.33e-07
 185 | 9.90e-07
 186 | 1.05e-06
 187 | 1.11e-06
 188 | 1.19e-06
 189 | 1.26e-06
 190 | 1.35e-06
 191 | 1.44e-06
 192 | 1.55e-06
 193 | 1.66e-06
 194 | 1.78e-06
 195 | 1.90e-06
 196 | 2.05e-06
 197 | 2.19e-06
 198 | 2.33e-06
 199 | 2.48e-06
 200 | 2.65e-06
 201 | 2.82e-06
 202 | 2.99e-06
 203 | 3.16e-06
 204 | 3.34e-06
 205 | 3.52e-06
 206 | 3.69e-06
 207 | 3.87e-06
 208 | 4.03e-06
 209 | 4.17e-06
 210 | 4.29e-06
 211 | 4.38e-06
 212 | 4.48e-06
 213 | 4.57e-06
 214 | 4.62e-06
 215 | 4.67e-06
 216 | 4.69e-06
 217 | 4.72e-06
 218 | 4.70e-06
 219 | 4.70e-06
 220 | 4.69e-06
 221 | 4.68e-06
 222 | 4.65e-06
 223 | 4.66e-06
 224 | 4.72e-06
 225 | 4.74e-06
 226 | 4.73e-06
 227 | 4.69e-06
 228 | 4.65e-06
 229 | 4.59e-06
 230 | 4.53e-06
 231 | 4.46e-06
 232 | 4.41e-06
 233 | 4.34e-06
 234 | 4.25e-06
 235 | 4.13e-06
 236 | 3.99e-06
 237 | 3.85e-06
 238 | 3.73e-06
 239 | 3.62e-06
 240 | 3.53e-06
 241 | 3.45e-06
 242 | 3.40e-06
 243 | 3.36e-06
 244 | 3.34e-06
 245 | 3.33e-06
 246 | 3.33e-06
 247 | 3.34e-06
 248 | 3.35e-06
 249 | 3.35e-06
 250 | 3.35e-06
 251 | 3.37e-06
 252 | 3.37e-06
 253 | 3.36e-06
 254 | 3.35e-06
 255 | 3.34e-06
 256 | 3.32e-06
 257 | 3.28e-06
 258 | 3.23e-06
 259 | 3.16e-06
 260 | 3.07e-06
 261 | 2.97e-06
 262 | 2.84e-06
 263 | 2.71e-06
 264 | 2.58e-06
 265 | 2.44e-06
 266 | 2.30e-06
 267 | 2.16e-06
 268 | 2.03e-06
 269 | 1.90e-06
 270 | 1.77e-06
 271 | 1.65e-06
 272 | 1.54e-06
 273 | 1.43e-06
 274 | 1.32e-06
 275 | 1.22e-06
 276 | 1.12e-06
 277 | 1.03e-06
 278 | 9.48e-07
 279 | 8.73e-07
 280 | 8.04e-07
 281 | 7.43e-07
 282 | 6.85e-07
 283 | 6.31e-07
 284 | 5.82e-07
 285 | 5.38e-07
 286 | 4.96e-07
 287 | 4.57e-07
 288 | 4.22e-07
 289 | 3.90e-07
 290 | 3.61e-07
 291 | 3.35e-07
 292 | 3.11e-07
 293 | 2.89e-07
 294 | 2.69e-07
 295 | 2.51e-07
 296 | 2.34e-07
 297 | 2.18e-07
 298 | 2.04e-07
 299 | 1.91e-07
 300 | 1.79e-07
 301 | 1.67e-07
 302 | 1.57e-07
 303 | 1.47e-07
 304 | 1.38e-07
 305 | 1.30e-07
 306 | 1.22e-07
 307 | 1.15e-07
 308 | 1.09e-07
 309 | 1.03e-07
 310 | 9.72e-08
[2025-11-09 17:55:51] Run completed in 12.38 minutes
[2025-11-09 17:55:53] Saved NMF result to: /zata/zippy/kresgeb/nmf_stuff/dlPFC/data/batched_nmf/nmf_k30_seed2025_tol1e-07.rds
[2025-11-09 17:55:53] Appended run metadata to summary.csv
[2025-11-09 17:55:53] --------------------------------------------
[2025-11-09 17:55:53] Starting run 144 / 150: k=40, seed=2025, tol=1e-07
[2025-11-09 17:55:53] --------------------------------------------

iter |      tol 
---------------
   1 | 9.18e-01
   2 | 1.19e-01
   3 | 3.80e-02
   4 | 1.99e-02
   5 | 1.17e-02
   6 | 7.63e-03
   7 | 5.47e-03
   8 | 4.03e-03
   9 | 2.99e-03
  10 | 2.37e-03
  11 | 1.94e-03
  12 | 1.58e-03
  13 | 1.29e-03
  14 | 1.08e-03
  15 | 9.66e-04
  16 | 9.23e-04
  17 | 8.83e-04
  18 | 7.98e-04
  19 | 6.94e-04
  20 | 5.99e-04
  21 | 5.13e-04
  22 | 4.38e-04
  23 | 3.76e-04
  24 | 3.26e-04
  25 | 2.88e-04
  26 | 2.60e-04
  27 | 2.39e-04
  28 | 2.28e-04
  29 | 2.25e-04
  30 | 2.27e-04
  31 | 2.31e-04
  32 | 2.35e-04
  33 | 2.37e-04
  34 | 2.34e-04
  35 | 2.25e-04
  36 | 2.09e-04
  37 | 1.88e-04
  38 | 1.64e-04
  39 | 1.42e-04
  40 | 1.23e-04
  41 | 1.08e-04
  42 | 9.64e-05
  43 | 8.62e-05
  44 | 7.78e-05
  45 | 7.15e-05
  46 | 6.72e-05
  47 | 6.45e-05
  48 | 6.28e-05
  49 | 6.16e-05
  50 | 6.01e-05
  51 | 5.79e-05
  52 | 5.54e-05
  53 | 5.28e-05
  54 | 5.06e-05
  55 | 4.87e-05
  56 | 4.86e-05
  57 | 5.01e-05
  58 | 5.35e-05
  59 | 5.87e-05
  60 | 6.58e-05
  61 | 7.35e-05
  62 | 7.94e-05
  63 | 7.95e-05
  64 | 7.36e-05
  65 | 6.35e-05
  66 | 5.21e-05
  67 | 4.11e-05
  68 | 3.18e-05
  69 | 2.43e-05
  70 | 1.86e-05
  71 | 1.44e-05
  72 | 1.12e-05
  73 | 9.01e-06
  74 | 7.37e-06
  75 | 6.21e-06
  76 | 5.38e-06
  77 | 4.77e-06
  78 | 4.35e-06
  79 | 4.06e-06
  80 | 3.85e-06
  81 | 3.70e-06
  82 | 3.60e-06
  83 | 3.52e-06
  84 | 3.48e-06
  85 | 3.45e-06
  86 | 3.42e-06
  87 | 3.40e-06
  88 | 3.36e-06
  89 | 3.33e-06
  90 | 3.29e-06
  91 | 3.26e-06
  92 | 3.23e-06
  93 | 3.20e-06
  94 | 3.17e-06
  95 | 3.14e-06
  96 | 3.11e-06
  97 | 3.09e-06
  98 | 3.07e-06
  99 | 3.07e-06
 100 | 3.07e-06
 101 | 3.04e-06
 102 | 3.02e-06
 103 | 3.04e-06
 104 | 3.08e-06
 105 | 3.16e-06
 106 | 3.27e-06
 107 | 3.38e-06
 108 | 3.50e-06
 109 | 3.64e-06
 110 | 3.78e-06
 111 | 3.92e-06
 112 | 4.05e-06
 113 | 4.18e-06
 114 | 4.30e-06
 115 | 4.41e-06
 116 | 4.51e-06
 117 | 4.61e-06
 118 | 4.71e-06
 119 | 4.85e-06
 120 | 4.95e-06
 121 | 5.04e-06
 122 | 5.13e-06
 123 | 5.24e-06
 124 | 5.33e-06
 125 | 5.42e-06
 126 | 5.50e-06
 127 | 5.62e-06
 128 | 5.73e-06
 129 | 5.83e-06
 130 | 5.94e-06
 131 | 6.05e-06
 132 | 6.17e-06
 133 | 6.30e-06
 134 | 6.36e-06
 135 | 6.48e-06
 136 | 6.57e-06
 137 | 6.68e-06
 138 | 6.77e-06
 139 | 6.71e-06
 140 | 6.75e-06
 141 | 6.78e-06
 142 | 6.82e-06
 143 | 6.90e-06
 144 | 6.96e-06
 145 | 7.02e-06
 146 | 7.04e-06
 147 | 7.09e-06
 148 | 7.14e-06
 149 | 7.20e-06
 150 | 7.27e-06
 151 | 7.31e-06
 152 | 7.34e-06
 153 | 7.35e-06
 154 | 7.35e-06
 155 | 7.39e-06
 156 | 7.46e-06
 157 | 7.50e-06
 158 | 7.56e-06
 159 | 7.62e-06
 160 | 7.69e-06
 161 | 7.72e-06
 162 | 7.76e-06
 163 | 7.87e-06
 164 | 7.94e-06
 165 | 8.01e-06
 166 | 8.05e-06
 167 | 8.05e-06
 168 | 8.08e-06
 169 | 8.06e-06
 170 | 7.96e-06
 171 | 7.92e-06
 172 | 7.89e-06
 173 | 7.83e-06
 174 | 7.71e-06
 175 | 7.68e-06
 176 | 7.63e-06
 177 | 7.67e-06
 178 | 7.77e-06
 179 | 7.92e-06
 180 | 8.09e-06
 181 | 8.28e-06
 182 | 8.48e-06
 183 | 8.66e-06
 184 | 8.86e-06
 185 | 9.03e-06
 186 | 9.22e-06
 187 | 9.40e-06
 188 | 9.55e-06
 189 | 9.65e-06
 190 | 9.72e-06
 191 | 9.76e-06
 192 | 9.81e-06
 193 | 9.85e-06
 194 | 9.87e-06
 195 | 9.88e-06
 196 | 9.88e-06
 197 | 9.75e-06
 198 | 9.69e-06
 199 | 9.64e-06
 200 | 9.52e-06
 201 | 9.40e-06
 202 | 9.34e-06
 203 | 9.25e-06
 204 | 9.10e-06
 205 | 8.95e-06
 206 | 8.83e-06
 207 | 8.69e-06
 208 | 8.52e-06
 209 | 8.27e-06
 210 | 8.06e-06
 211 | 7.82e-06
 212 | 7.58e-06
 213 | 7.16e-06
 214 | 6.76e-06
 215 | 6.44e-06
 216 | 6.16e-06
 217 | 5.83e-06
 218 | 5.53e-06
 219 | 5.23e-06
 220 | 4.91e-06
 221 | 4.58e-06
 222 | 4.31e-06
 223 | 4.07e-06
 224 | 3.87e-06
 225 | 3.68e-06
 226 | 3.51e-06
 227 | 3.35e-06
 228 | 3.20e-06
 229 | 3.00e-06
 230 | 2.83e-06
 231 | 2.69e-06
 232 | 2.55e-06
 233 | 2.42e-06
 234 | 2.27e-06
 235 | 2.11e-06
 236 | 2.00e-06
 237 | 1.89e-06
 238 | 1.79e-06
 239 | 1.69e-06
 240 | 1.60e-06
 241 | 1.52e-06
 242 | 1.46e-06
 243 | 1.41e-06
 244 | 1.37e-06
 245 | 1.33e-06
 246 | 1.30e-06
 247 | 1.27e-06
 248 | 1.25e-06
 249 | 1.22e-06
 250 | 1.20e-06
 251 | 1.19e-06
 252 | 1.18e-06
 253 | 1.17e-06
 254 | 1.16e-06
 255 | 1.15e-06
 256 | 1.15e-06
 257 | 1.14e-06
 258 | 1.14e-06
 259 | 1.08e-06
 260 | 1.07e-06
 261 | 1.07e-06
 262 | 1.06e-06
 263 | 1.06e-06
 264 | 1.06e-06
 265 | 1.06e-06
 266 | 1.06e-06
 267 | 1.06e-06
 268 | 1.06e-06
 269 | 1.06e-06
 270 | 1.06e-06
 271 | 1.06e-06
 272 | 1.06e-06
 273 | 1.06e-06
 274 | 1.06e-06
 275 | 1.06e-06
 276 | 1.06e-06
 277 | 1.06e-06
 278 | 1.06e-06
 279 | 1.07e-06
 280 | 1.07e-06
 281 | 1.07e-06
 282 | 1.07e-06
 283 | 1.07e-06
 284 | 1.07e-06
 285 | 1.07e-06
 286 | 1.06e-06
 287 | 1.06e-06
 288 | 1.06e-06
 289 | 1.05e-06
 290 | 1.05e-06
 291 | 1.04e-06
 292 | 1.04e-06
 293 | 1.04e-06
 294 | 1.03e-06
 295 | 1.03e-06
 296 | 1.02e-06
 297 | 1.01e-06
 298 | 1.00e-06
 299 | 9.94e-07
 300 | 9.87e-07
 301 | 9.81e-07
 302 | 9.76e-07
 303 | 9.70e-07
 304 | 9.62e-07
 305 | 9.54e-07
 306 | 9.45e-07
 307 | 9.37e-07
 308 | 9.30e-07
 309 | 9.22e-07
 310 | 9.14e-07
 311 | 9.05e-07
 312 | 8.97e-07
 313 | 8.89e-07
 314 | 8.81e-07
 315 | 8.70e-07
 316 | 8.61e-07
 317 | 8.52e-07
 318 | 8.42e-07
 319 | 8.33e-07
 320 | 8.23e-07
 321 | 8.10e-07
 322 | 7.97e-07
 323 | 7.85e-07
 324 | 7.73e-07
 325 | 7.62e-07
 326 | 7.50e-07
 327 | 7.39e-07
 328 | 7.28e-07
 329 | 7.18e-07
 330 | 7.09e-07
 331 | 7.00e-07
 332 | 6.91e-07
 333 | 6.81e-07
 334 | 6.72e-07
 335 | 6.62e-07
 336 | 6.53e-07
 337 | 6.44e-07
 338 | 6.36e-07
 339 | 7.19e-07
 340 | 6.72e-07
 341 | 6.28e-07
 342 | 5.91e-07
 343 | 5.83e-07
 344 | 5.54e-07
 345 | 5.37e-07
 346 | 4.93e-07
 347 | 4.55e-07
 348 | 4.22e-07
 349 | 3.94e-07
 350 | 3.69e-07
 351 | 3.54e-07
 352 | 3.42e-07
 353 | 3.33e-07
 354 | 3.23e-07
 355 | 3.16e-07
 356 | 3.08e-07
 357 | 3.02e-07
 358 | 2.98e-07
 359 | 2.95e-07
 360 | 2.94e-07
 361 | 2.92e-07
 362 | 2.90e-07
 363 | 2.85e-07
 364 | 2.83e-07
 365 | 2.84e-07
 366 | 2.85e-07
 367 | 2.85e-07
 368 | 2.85e-07
 369 | 2.86e-07
 370 | 2.86e-07
 371 | 2.87e-07
 372 | 2.87e-07
 373 | 2.86e-07
 374 | 2.85e-07
 375 | 2.83e-07
 376 | 2.80e-07
 377 | 2.77e-07
 378 | 2.73e-07
 379 | 2.70e-07
 380 | 2.68e-07
 381 | 2.64e-07
 382 | 2.60e-07
 383 | 2.55e-07
 384 | 2.50e-07
 385 | 2.45e-07
 386 | 2.39e-07
 387 | 2.33e-07
 388 | 2.30e-07
 389 | 2.27e-07
 390 | 2.23e-07
 391 | 2.19e-07
 392 | 2.15e-07
 393 | 2.09e-07
 394 | 2.03e-07
 395 | 1.98e-07
 396 | 1.92e-07
 397 | 1.86e-07
 398 | 1.80e-07
 399 | 1.75e-07
 400 | 1.69e-07
 401 | 1.64e-07
 402 | 1.59e-07
 403 | 1.53e-07
 404 | 1.48e-07
 405 | 1.43e-07
 406 | 1.38e-07
 407 | 1.33e-07
 408 | 1.28e-07
 409 | 1.23e-07
 410 | 1.18e-07
 411 | 1.13e-07
 412 | 1.09e-07
 413 | 1.05e-07
 414 | 1.01e-07
 415 | 9.72e-08
[2025-11-09 18:17:49] Run completed in 21.94 minutes
[2025-11-09 18:17:52] Saved NMF result to: /zata/zippy/kresgeb/nmf_stuff/dlPFC/data/batched_nmf/nmf_k40_seed2025_tol1e-07.rds
[2025-11-09 18:17:52] Appended run metadata to summary.csv
[2025-11-09 18:17:52] --------------------------------------------
[2025-11-09 18:17:52] Starting run 145 / 150: k=50, seed=2025, tol=1e-07
[2025-11-09 18:17:52] --------------------------------------------

iter |      tol 
---------------
   1 | 9.18e-01
   2 | 1.11e-01
   3 | 3.54e-02
   4 | 1.72e-02
   5 | 1.04e-02
   6 | 7.38e-03
   7 | 5.62e-03
   8 | 4.62e-03
   9 | 4.05e-03
  10 | 3.52e-03
  11 | 3.03e-03
  12 | 2.51e-03
  13 | 2.06e-03
  14 | 1.71e-03
  15 | 1.47e-03
  16 | 1.26e-03
  17 | 1.05e-03
  18 | 8.70e-04
  19 | 7.38e-04
  20 | 6.50e-04
  21 | 6.02e-04
  22 | 5.64e-04
  23 | 5.35e-04
  24 | 4.96e-04
  25 | 4.63e-04
  26 | 4.33e-04
  27 | 4.06e-04
  28 | 3.78e-04
  29 | 3.48e-04
  30 | 3.21e-04
  31 | 2.98e-04
  32 | 2.75e-04
  33 | 2.55e-04
  34 | 2.36e-04
  35 | 2.16e-04
  36 | 1.97e-04
  37 | 1.81e-04
  38 | 1.69e-04
  39 | 1.61e-04
  40 | 1.56e-04
  41 | 1.55e-04
  42 | 1.56e-04
  43 | 1.58e-04
  44 | 1.64e-04
  45 | 1.74e-04
  46 | 1.87e-04
  47 | 2.02e-04
  48 | 2.19e-04
  49 | 2.35e-04
  50 | 2.51e-04
  51 | 2.65e-04
  52 | 2.76e-04
  53 | 2.80e-04
  54 | 2.77e-04
  55 | 2.67e-04
  56 | 2.51e-04
  57 | 2.30e-04
  58 | 2.06e-04
  59 | 1.84e-04
  60 | 1.61e-04
  61 | 1.39e-04
  62 | 1.22e-04
  63 | 1.08e-04
  64 | 9.59e-05
  65 | 8.59e-05
  66 | 7.63e-05
  67 | 6.84e-05
  68 | 6.17e-05
  69 | 5.63e-05
  70 | 5.18e-05
  71 | 4.71e-05
  72 | 4.26e-05
  73 | 3.85e-05
  74 | 3.46e-05
  75 | 3.14e-05
  76 | 2.84e-05
  77 | 2.59e-05
  78 | 2.30e-05
  79 | 2.05e-05
  80 | 1.83e-05
  81 | 1.64e-05
  82 | 1.47e-05
  83 | 1.34e-05
  84 | 1.22e-05
  85 | 1.14e-05
  86 | 1.07e-05
  87 | 1.02e-05
  88 | 9.85e-06
  89 | 9.59e-06
  90 | 9.42e-06
  91 | 9.29e-06
  92 | 9.23e-06
  93 | 9.24e-06
  94 | 9.29e-06
  95 | 9.35e-06
  96 | 9.42e-06
  97 | 9.47e-06
  98 | 9.58e-06
  99 | 9.58e-06
 100 | 9.66e-06
 101 | 9.70e-06
 102 | 9.72e-06
 103 | 9.85e-06
 104 | 1.00e-05
 105 | 1.03e-05
 106 | 1.06e-05
 107 | 1.09e-05
 108 | 1.13e-05
 109 | 1.20e-05
 110 | 1.28e-05
 111 | 1.40e-05
 112 | 1.54e-05
 113 | 1.73e-05
 114 | 1.96e-05
 115 | 2.22e-05
 116 | 2.49e-05
 117 | 2.80e-05
 118 | 3.08e-05
 119 | 3.24e-05
 120 | 3.22e-05
 121 | 2.96e-05
 122 | 2.59e-05
 123 | 2.13e-05
 124 | 1.66e-05
 125 | 1.26e-05
 126 | 9.22e-06
 127 | 6.74e-06
 128 | 5.13e-06
 129 | 4.12e-06
 130 | 3.43e-06
 131 | 2.93e-06
 132 | 2.56e-06
 133 | 2.28e-06
 134 | 2.05e-06
 135 | 1.87e-06
 136 | 1.71e-06
 137 | 1.59e-06
 138 | 1.48e-06
 139 | 1.37e-06
 140 | 1.28e-06
 141 | 1.20e-06
 142 | 1.13e-06
 143 | 1.07e-06
 144 | 1.02e-06
 145 | 9.80e-07
 146 | 9.41e-07
 147 | 9.05e-07
 148 | 8.73e-07
 149 | 8.44e-07
 150 | 8.16e-07
 151 | 7.89e-07
 152 | 8.43e-07
 153 | 7.96e-07
 154 | 7.51e-07
 155 | 7.08e-07
 156 | 6.73e-07
 157 | 6.22e-07
 158 | 6.03e-07
 159 | 5.46e-07
 160 | 4.93e-07
 161 | 4.46e-07
 162 | 4.05e-07
 163 | 3.69e-07
 164 | 3.34e-07
 165 | 3.03e-07
 166 | 2.77e-07
 167 | 2.53e-07
 168 | 2.33e-07
 169 | 2.15e-07
 170 | 1.98e-07
 171 | 1.83e-07
 172 | 1.70e-07
 173 | 1.57e-07
 174 | 1.46e-07
 175 | 1.37e-07
 176 | 1.29e-07
 177 | 1.21e-07
 178 | 1.15e-07
 179 | 1.08e-07
 180 | 1.03e-07
 181 | 9.73e-08
[2025-11-09 18:31:24] Run completed in 13.55 minutes
[2025-11-09 18:31:28] Saved NMF result to: /zata/zippy/kresgeb/nmf_stuff/dlPFC/data/batched_nmf/nmf_k50_seed2025_tol1e-07.rds
[2025-11-09 18:31:28] Appended run metadata to summary.csv
[2025-11-09 18:31:28] --------------------------------------------
[2025-11-09 18:31:28] Starting run 146 / 150: k=60, seed=2025, tol=1e-07
[2025-11-09 18:31:28] --------------------------------------------

iter |      tol 
---------------
   1 | 9.21e-01
   2 | 1.12e-01
   3 | 3.58e-02
   4 | 1.87e-02
   5 | 1.16e-02
   6 | 8.30e-03
   7 | 6.45e-03
   8 | 5.26e-03
   9 | 4.42e-03
  10 | 3.85e-03
  11 | 3.41e-03
  12 | 3.04e-03
  13 | 2.66e-03
  14 | 2.25e-03
  15 | 1.87e-03
  16 | 1.55e-03
  17 | 1.32e-03
  18 | 1.17e-03
  19 | 1.06e-03
  20 | 9.79e-04
  21 | 9.25e-04
  22 | 8.89e-04
  23 | 8.56e-04
  24 | 8.41e-04
  25 | 8.37e-04
  26 | 8.25e-04
  27 | 7.62e-04
  28 | 7.08e-04
  29 | 6.51e-04
  30 | 5.83e-04
  31 | 5.05e-04
  32 | 4.35e-04
  33 | 3.78e-04
  34 | 3.32e-04
  35 | 2.95e-04
  36 | 2.63e-04
  37 | 2.38e-04
  38 | 2.16e-04
  39 | 1.99e-04
  40 | 1.85e-04
  41 | 1.72e-04
  42 | 1.59e-04
  43 | 1.50e-04
  44 | 1.42e-04
  45 | 1.34e-04
  46 | 1.27e-04
  47 | 1.21e-04
  48 | 1.15e-04
  49 | 1.10e-04
  50 | 1.05e-04
  51 | 1.03e-04
  52 | 1.02e-04
  53 | 1.01e-04
  54 | 1.02e-04
  55 | 1.02e-04
  56 | 1.02e-04
  57 | 1.02e-04
  58 | 1.02e-04
  59 | 1.03e-04
  60 | 1.06e-04
  61 | 1.09e-04
  62 | 1.14e-04
  63 | 1.19e-04
  64 | 1.20e-04
  65 | 1.15e-04
  66 | 1.04e-04
  67 | 9.10e-05
  68 | 7.55e-05
  69 | 6.10e-05
  70 | 4.90e-05
  71 | 3.92e-05
  72 | 3.19e-05
  73 | 2.72e-05
  74 | 2.36e-05
  75 | 2.08e-05
  76 | 1.85e-05
  77 | 1.66e-05
  78 | 1.53e-05
  79 | 1.43e-05
  80 | 1.35e-05
  81 | 1.29e-05
  82 | 1.13e-05
  83 | 1.05e-05
  84 | 9.94e-06
  85 | 9.44e-06
  86 | 9.06e-06
  87 | 8.61e-06
  88 | 8.26e-06
  89 | 7.68e-06
  90 | 7.16e-06
  91 | 6.89e-06
  92 | 6.56e-06
  93 | 6.31e-06
  94 | 6.08e-06
  95 | 5.86e-06
  96 | 5.65e-06
  97 | 5.48e-06
  98 | 5.33e-06
  99 | 5.18e-06
 100 | 5.07e-06
 101 | 4.95e-06
 102 | 4.84e-06
 103 | 4.71e-06
 104 | 4.57e-06
 105 | 4.42e-06
 106 | 4.31e-06
 107 | 4.20e-06
 108 | 4.10e-06
 109 | 4.03e-06
 110 | 3.98e-06
 111 | 3.94e-06
 112 | 3.93e-06
 113 | 3.96e-06
 114 | 4.03e-06
 115 | 4.13e-06
 116 | 4.26e-06
 117 | 4.43e-06
 118 | 4.64e-06
 119 | 4.88e-06
 120 | 5.16e-06
 121 | 5.47e-06
 122 | 5.83e-06
 123 | 6.24e-06
 124 | 6.67e-06
 125 | 7.15e-06
 126 | 7.64e-06
 127 | 8.14e-06
 128 | 8.69e-06
 129 | 9.28e-06
 130 | 9.89e-06
 131 | 1.05e-05
 132 | 1.11e-05
 133 | 1.18e-05
 134 | 1.25e-05
 135 | 1.30e-05
 136 | 1.37e-05
 137 | 1.41e-05
 138 | 1.46e-05
 139 | 1.47e-05
 140 | 1.44e-05
 141 | 1.38e-05
 142 | 1.30e-05
 143 | 1.19e-05
 144 | 1.08e-05
 145 | 9.70e-06
 146 | 8.67e-06
 147 | 7.63e-06
 148 | 6.70e-06
 149 | 5.85e-06
 150 | 5.10e-06
 151 | 4.46e-06
 152 | 3.94e-06
 153 | 3.51e-06
 154 | 3.16e-06
 155 | 2.87e-06
 156 | 2.64e-06
 157 | 2.46e-06
 158 | 2.32e-06
 159 | 2.22e-06
 160 | 2.16e-06
 161 | 2.12e-06
 162 | 2.11e-06
 163 | 2.12e-06
 164 | 2.16e-06
 165 | 2.22e-06
 166 | 2.31e-06
 167 | 2.42e-06
 168 | 2.55e-06
 169 | 2.74e-06
 170 | 2.95e-06
 171 | 3.22e-06
 172 | 3.51e-06
 173 | 3.87e-06
 174 | 4.33e-06
 175 | 4.82e-06
 176 | 5.33e-06
 177 | 5.96e-06
 178 | 6.66e-06
 179 | 7.39e-06
 180 | 8.06e-06
 181 | 8.75e-06
 182 | 9.45e-06
 183 | 9.66e-06
 184 | 1.01e-05
 185 | 1.07e-05
 186 | 1.12e-05
 187 | 1.17e-05
 188 | 1.22e-05
 189 | 1.28e-05
 190 | 1.32e-05
 191 | 1.34e-05
 192 | 1.36e-05
 193 | 1.39e-05
 194 | 1.37e-05
 195 | 1.36e-05
 196 | 1.32e-05
 197 | 1.29e-05
 198 | 1.27e-05
 199 | 1.19e-05
 200 | 1.09e-05
 201 | 9.76e-06
 202 | 8.75e-06
 203 | 7.73e-06
 204 | 6.39e-06
 205 | 5.63e-06
 206 | 4.97e-06
 207 | 4.05e-06
 208 | 3.29e-06
 209 | 2.74e-06
 210 | 2.29e-06
 211 | 1.92e-06
 212 | 1.61e-06
 213 | 1.37e-06
 214 | 1.17e-06
 215 | 1.02e-06
 216 | 8.78e-07
 217 | 7.74e-07
 218 | 6.95e-07
 219 | 6.31e-07
 220 | 5.79e-07
 221 | 5.35e-07
 222 | 5.00e-07
 223 | 4.72e-07
 224 | 4.49e-07
 225 | 4.30e-07
 226 | 4.15e-07
 227 | 4.03e-07
 228 | 3.94e-07
 229 | 3.86e-07
 230 | 3.78e-07
 231 | 3.70e-07
 232 | 3.64e-07
 233 | 3.58e-07
 234 | 3.53e-07
 235 | 3.48e-07
 236 | 3.43e-07
 237 | 3.37e-07
 238 | 3.34e-07
 239 | 3.30e-07
 240 | 3.26e-07
 241 | 3.22e-07
 242 | 3.20e-07
 243 | 3.18e-07
 244 | 3.15e-07
 245 | 3.12e-07
 246 | 3.09e-07
 247 | 3.05e-07
 248 | 2.97e-07
 249 | 2.90e-07
 250 | 2.82e-07
 251 | 2.77e-07
 252 | 2.72e-07
 253 | 2.69e-07
 254 | 2.66e-07
 255 | 2.62e-07
 256 | 2.58e-07
 257 | 2.54e-07
 258 | 2.52e-07
 259 | 2.50e-07
 260 | 2.51e-07
 261 | 2.52e-07
 262 | 2.55e-07
 263 | 2.61e-07
 264 | 2.67e-07
 265 | 2.73e-07
 266 | 2.78e-07
 267 | 2.83e-07
 268 | 2.86e-07
 269 | 2.90e-07
 270 | 2.92e-07
 271 | 2.95e-07
 272 | 2.97e-07
 273 | 2.98e-07
 274 | 2.99e-07
 275 | 2.99e-07
 276 | 3.00e-07
 277 | 3.00e-07
 278 | 3.00e-07
 279 | 2.99e-07
 280 | 2.98e-07
 281 | 2.97e-07
 282 | 2.95e-07
 283 | 2.93e-07
 284 | 2.92e-07
 285 | 2.91e-07
 286 | 2.90e-07
 287 | 2.91e-07
 288 | 2.91e-07
 289 | 2.91e-07
 290 | 2.91e-07
 291 | 2.89e-07
 292 | 2.88e-07
 293 | 2.88e-07
 294 | 2.91e-07
 295 | 2.93e-07
 296 | 2.94e-07
 297 | 2.98e-07
 298 | 3.04e-07
 299 | 3.11e-07
 300 | 3.18e-07
 301 | 3.26e-07
 302 | 3.35e-07
 303 | 3.44e-07
 304 | 3.53e-07
 305 | 3.63e-07
 306 | 3.72e-07
 307 | 3.82e-07
 308 | 3.91e-07
 309 | 4.00e-07
 310 | 4.09e-07
 311 | 4.18e-07
 312 | 4.27e-07
 313 | 4.34e-07
 314 | 4.40e-07
 315 | 4.47e-07
 316 | 4.51e-07
 317 | 4.55e-07
 318 | 4.57e-07
 319 | 4.61e-07
 320 | 4.61e-07
 321 | 4.60e-07
 322 | 4.57e-07
 323 | 4.54e-07
 324 | 4.49e-07
 325 | 4.43e-07
 326 | 4.35e-07
 327 | 4.27e-07
 328 | 4.19e-07
 329 | 4.08e-07
 330 | 3.99e-07
 331 | 3.90e-07
 332 | 3.80e-07
 333 | 3.70e-07
 334 | 3.60e-07
 335 | 3.50e-07
 336 | 3.41e-07
 337 | 3.32e-07
 338 | 3.22e-07
 339 | 3.14e-07
 340 | 3.07e-07
 341 | 3.00e-07
 342 | 2.94e-07
 343 | 2.88e-07
 344 | 2.82e-07
 345 | 2.77e-07
 346 | 2.72e-07
 347 | 2.66e-07
 348 | 2.60e-07
 349 | 2.55e-07
 350 | 2.49e-07
 351 | 2.44e-07
 352 | 2.40e-07
 353 | 2.36e-07
 354 | 2.34e-07
 355 | 2.31e-07
 356 | 2.29e-07
 357 | 2.26e-07
 358 | 2.24e-07
 359 | 2.22e-07
 360 | 2.20e-07
 361 | 2.19e-07
 362 | 2.18e-07
 363 | 2.17e-07
 364 | 2.17e-07
 365 | 2.16e-07
 366 | 2.15e-07
 367 | 2.13e-07
 368 | 2.11e-07
 369 | 2.10e-07
 370 | 2.10e-07
 371 | 2.10e-07
 372 | 2.09e-07
 373 | 2.08e-07
 374 | 2.06e-07
 375 | 2.05e-07
 376 | 2.04e-07
 377 | 2.03e-07
 378 | 2.02e-07
 379 | 2.01e-07
 380 | 1.99e-07
 381 | 1.99e-07
 382 | 1.97e-07
 383 | 1.96e-07
 384 | 1.95e-07
 385 | 1.94e-07
 386 | 1.93e-07
 387 | 1.93e-07
 388 | 1.93e-07
 389 | 1.92e-07
 390 | 1.93e-07
 391 | 1.93e-07
 392 | 1.93e-07
 393 | 1.92e-07
 394 | 1.91e-07
 395 | 1.92e-07
 396 | 1.91e-07
 397 | 1.92e-07
 398 | 1.92e-07
 399 | 1.93e-07
 400 | 1.95e-07
 401 | 1.97e-07
 402 | 1.99e-07
 403 | 2.00e-07
 404 | 2.01e-07
 405 | 2.04e-07
 406 | 2.07e-07
 407 | 2.11e-07
 408 | 2.15e-07
 409 | 2.18e-07
 410 | 2.21e-07
 411 | 2.24e-07
 412 | 2.28e-07
 413 | 2.32e-07
 414 | 2.36e-07
 415 | 2.40e-07
 416 | 2.45e-07
 417 | 2.48e-07
 418 | 2.52e-07
 419 | 2.56e-07
 420 | 2.61e-07
 421 | 2.66e-07
 422 | 2.71e-07
 423 | 2.78e-07
 424 | 2.86e-07
 425 | 2.95e-07
 426 | 3.05e-07
 427 | 3.15e-07
 428 | 3.27e-07
 429 | 3.40e-07
 430 | 3.55e-07
 431 | 3.71e-07
 432 | 3.87e-07
 433 | 4.06e-07
 434 | 4.25e-07
 435 | 4.46e-07
 436 | 4.68e-07
 437 | 4.90e-07
 438 | 5.15e-07
 439 | 5.43e-07
 440 | 5.72e-07
 441 | 6.05e-07
 442 | 6.40e-07
 443 | 6.75e-07
 444 | 7.12e-07
 445 | 7.52e-07
 446 | 7.94e-07
 447 | 8.41e-07
 448 | 8.91e-07
 449 | 9.44e-07
 450 | 1.00e-06
 451 | 1.06e-06
 452 | 1.13e-06
 453 | 1.20e-06
 454 | 1.29e-06
 455 | 1.37e-06
 456 | 1.48e-06
 457 | 1.59e-06
 458 | 1.71e-06
 459 | 1.83e-06
 460 | 1.96e-06
 461 | 2.10e-06
 462 | 2.27e-06
 463 | 2.45e-06
 464 | 2.65e-06
 465 | 2.89e-06
 466 | 3.16e-06
 467 | 3.48e-06
 468 | 3.81e-06
 469 | 4.18e-06
 470 | 4.57e-06
 471 | 4.99e-06
 472 | 5.43e-06
 473 | 5.90e-06
 474 | 6.37e-06
 475 | 6.84e-06
 476 | 7.34e-06
 477 | 7.85e-06
 478 | 8.26e-06
 479 | 8.56e-06
 480 | 8.77e-06
 481 | 8.81e-06
 482 | 8.65e-06
 483 | 8.33e-06
 484 | 8.00e-06
 485 | 7.57e-06
 486 | 7.08e-06
 487 | 6.49e-06
 488 | 5.95e-06
 489 | 5.36e-06
 490 | 4.77e-06
 491 | 4.23e-06
 492 | 3.73e-06
 493 | 3.27e-06
 494 | 2.84e-06
 495 | 2.44e-06
 496 | 2.07e-06
 497 | 1.78e-06
 498 | 1.53e-06
 499 | 1.31e-06
 500 | 1.10e-06
 501 | 9.30e-07
 502 | 7.71e-07
 503 | 6.36e-07
 504 | 5.22e-07
 505 | 4.30e-07
 506 | 3.57e-07
 507 | 2.97e-07
 508 | 2.50e-07
 509 | 2.12e-07
 510 | 1.80e-07
 511 | 1.54e-07
 512 | 1.34e-07
 513 | 1.17e-07
 514 | 1.04e-07
 515 | 9.20e-08
[2025-11-09 19:15:18] Run completed in 43.84 minutes
[2025-11-09 19:15:22] Saved NMF result to: /zata/zippy/kresgeb/nmf_stuff/dlPFC/data/batched_nmf/nmf_k60_seed2025_tol1e-07.rds
[2025-11-09 19:15:22] Appended run metadata to summary.csv
[2025-11-09 19:15:22] --------------------------------------------
[2025-11-09 19:15:22] Starting run 147 / 150: k=70, seed=2025, tol=1e-07
[2025-11-09 19:15:22] --------------------------------------------

iter |      tol 
---------------
   1 | 9.14e-01
   2 | 1.02e-01
   3 | 3.32e-02
   4 | 1.72e-02
   5 | 1.08e-02
   6 | 7.64e-03
   7 | 5.93e-03
   8 | 4.80e-03
   9 | 4.08e-03
  10 | 3.56e-03
  11 | 3.16e-03
  12 | 2.81e-03
  13 | 2.55e-03
  14 | 2.32e-03
  15 | 2.14e-03
  16 | 2.03e-03
  17 | 1.95e-03
  18 | 1.79e-03
  19 | 1.57e-03
  20 | 1.33e-03
  21 | 1.11e-03
  22 | 9.42e-04
  23 | 8.00e-04
  24 | 6.97e-04
  25 | 6.22e-04
  26 | 5.67e-04
  27 | 5.31e-04
  28 | 5.07e-04
  29 | 4.90e-04
  30 | 4.72e-04
  31 | 4.45e-04
  32 | 4.10e-04
  33 | 3.69e-04
  34 | 3.22e-04
  35 | 2.74e-04
  36 | 2.27e-04
  37 | 1.97e-04
  38 | 1.73e-04
  39 | 1.56e-04
  40 | 1.48e-04
  41 | 1.42e-04
  42 | 1.41e-04
  43 | 1.43e-04
  44 | 1.48e-04
  45 | 1.53e-04
  46 | 1.62e-04
  47 | 1.61e-04
  48 | 1.60e-04
  49 | 1.58e-04
  50 | 1.58e-04
  51 | 1.52e-04
  52 | 1.39e-04
  53 | 1.29e-04
  54 | 1.21e-04
  55 | 1.08e-04
  56 | 9.52e-05
  57 | 8.53e-05
  58 | 7.81e-05
  59 | 7.01e-05
  60 | 6.57e-05
  61 | 6.30e-05
  62 | 6.25e-05
  63 | 6.35e-05
  64 | 6.52e-05
  65 | 6.67e-05
  66 | 7.32e-05
  67 | 8.26e-05
  68 | 9.40e-05
  69 | 1.08e-04
  70 | 1.13e-04
  71 | 1.27e-04
  72 | 1.43e-04
  73 | 1.58e-04
  74 | 1.73e-04
  75 | 1.87e-04
  76 | 1.90e-04
  77 | 1.82e-04
  78 | 1.82e-04
  79 | 1.81e-04
  80 | 1.75e-04
  81 | 1.69e-04
  82 | 1.56e-04
  83 | 1.41e-04
  84 | 1.30e-04
  85 | 1.21e-04
  86 | 1.11e-04
  87 | 9.79e-05
  88 | 8.77e-05
  89 | 7.78e-05
  90 | 6.83e-05
  91 | 5.97e-05
  92 | 5.20e-05
  93 | 4.19e-05
  94 | 3.49e-05
  95 | 2.96e-05
  96 | 2.45e-05
  97 | 1.99e-05
  98 | 1.65e-05
  99 | 1.38e-05
 100 | 1.14e-05
 101 | 9.64e-06
 102 | 8.13e-06
 103 | 6.91e-06
 104 | 5.97e-06
 105 | 5.21e-06
 106 | 4.58e-06
 107 | 4.07e-06
 108 | 3.65e-06
 109 | 3.32e-06
 110 | 3.05e-06
 111 | 2.82e-06
 112 | 2.60e-06
 113 | 2.45e-06
 114 | 2.31e-06
 115 | 2.19e-06
 116 | 2.08e-06
 117 | 1.98e-06
 118 | 1.89e-06
 119 | 1.80e-06
 120 | 1.72e-06
 121 | 1.66e-06
 122 | 1.58e-06
 123 | 1.53e-06
 124 | 1.47e-06
 125 | 1.43e-06
 126 | 1.40e-06
 127 | 1.37e-06
 128 | 1.31e-06
 129 | 1.29e-06
 130 | 1.27e-06
 131 | 1.26e-06
 132 | 1.25e-06
 133 | 1.24e-06
 134 | 1.22e-06
 135 | 1.20e-06
 136 | 1.18e-06
 137 | 1.10e-06
 138 | 1.07e-06
 139 | 1.06e-06
 140 | 1.05e-06
 141 | 1.04e-06
 142 | 1.03e-06
 143 | 1.03e-06
 144 | 1.02e-06
 145 | 1.01e-06
 146 | 1.01e-06
 147 | 1.02e-06
 148 | 1.04e-06
 149 | 1.06e-06
 150 | 1.08e-06
 151 | 1.10e-06
 152 | 1.11e-06
 153 | 1.13e-06
 154 | 1.15e-06
 155 | 1.17e-06
 156 | 1.19e-06
 157 | 1.21e-06
 158 | 1.23e-06
 159 | 1.27e-06
 160 | 1.30e-06
 161 | 1.34e-06
 162 | 1.36e-06
 163 | 1.39e-06
 164 | 1.42e-06
 165 | 1.44e-06
 166 | 1.46e-06
 167 | 1.48e-06
 168 | 1.51e-06
 169 | 1.54e-06
 170 | 1.57e-06
 171 | 1.59e-06
 172 | 1.62e-06
 173 | 1.63e-06
 174 | 1.66e-06
 175 | 1.68e-06
 176 | 1.71e-06
 177 | 1.71e-06
 178 | 1.71e-06
 179 | 1.70e-06
 180 | 1.69e-06
 181 | 1.68e-06
 182 | 1.67e-06
 183 | 1.67e-06
 184 | 1.68e-06
 185 | 1.67e-06
 186 | 1.65e-06
 187 | 1.64e-06
 188 | 1.63e-06
 189 | 1.61e-06
 190 | 1.60e-06
 191 | 1.58e-06
 192 | 1.56e-06
 193 | 1.55e-06
 194 | 1.54e-06
 195 | 1.51e-06
 196 | 1.47e-06
 197 | 1.45e-06
 198 | 1.43e-06
 199 | 1.40e-06
 200 | 1.36e-06
 201 | 1.33e-06
 202 | 1.31e-06
 203 | 1.29e-06
 204 | 1.27e-06
 205 | 1.24e-06
 206 | 1.22e-06
 207 | 1.22e-06
 208 | 1.22e-06
 209 | 1.22e-06
 210 | 1.21e-06
 211 | 1.21e-06
 212 | 1.21e-06
 213 | 1.21e-06
 214 | 1.22e-06
 215 | 1.19e-06
 216 | 1.15e-06
 217 | 1.14e-06
 218 | 1.15e-06
 219 | 1.16e-06
 220 | 1.16e-06
 221 | 1.18e-06
 222 | 1.18e-06
 223 | 1.19e-06
 224 | 1.20e-06
 225 | 1.21e-06
 226 | 1.21e-06
 227 | 1.21e-06
 228 | 1.20e-06
 229 | 1.20e-06
 230 | 1.19e-06
 231 | 1.18e-06
 232 | 1.17e-06
 233 | 1.17e-06
 234 | 1.16e-06
 235 | 1.15e-06
 236 | 1.14e-06
 237 | 1.12e-06
 238 | 1.10e-06
 239 | 1.07e-06
 240 | 1.05e-06
 241 | 1.02e-06
 242 | 9.92e-07
 243 | 9.62e-07
 244 | 9.31e-07
 245 | 9.00e-07
 246 | 8.72e-07
 247 | 8.46e-07
 248 | 8.17e-07
 249 | 7.91e-07
 250 | 7.67e-07
 251 | 7.45e-07
 252 | 7.23e-07
 253 | 6.99e-07
 254 | 6.75e-07
 255 | 6.54e-07
 256 | 6.34e-07
 257 | 6.18e-07
 258 | 6.02e-07
 259 | 5.86e-07
 260 | 5.73e-07
 261 | 5.61e-07
 262 | 5.50e-07
 263 | 5.37e-07
 264 | 5.26e-07
 265 | 5.14e-07
 266 | 5.02e-07
 267 | 4.91e-07
 268 | 4.82e-07
 269 | 4.74e-07
 270 | 4.69e-07
 271 | 4.64e-07
 272 | 4.60e-07
 273 | 4.51e-07
 274 | 4.45e-07
 275 | 4.40e-07
 276 | 4.36e-07
 277 | 4.33e-07
 278 | 4.29e-07
 279 | 4.27e-07
 280 | 4.22e-07
 281 | 4.19e-07
 282 | 4.16e-07
 283 | 4.13e-07
 284 | 4.09e-07
 285 | 4.02e-07
 286 | 3.96e-07
 287 | 3.91e-07
 288 | 3.86e-07
 289 | 3.79e-07
 290 | 3.73e-07
 291 | 3.68e-07
 292 | 3.63e-07
 293 | 3.58e-07
 294 | 3.53e-07
 295 | 3.50e-07
 296 | 3.46e-07
 297 | 3.37e-07
 298 | 3.33e-07
 299 | 3.30e-07
 300 | 3.28e-07
 301 | 3.28e-07
 302 | 3.28e-07
 303 | 3.28e-07
 304 | 3.29e-07
 305 | 3.31e-07
 306 | 3.34e-07
 307 | 3.36e-07
 308 | 3.39e-07
 309 | 3.42e-07
 310 | 3.45e-07
 311 | 3.47e-07
 312 | 3.49e-07
 313 | 3.52e-07
 314 | 3.56e-07
 315 | 3.59e-07
 316 | 3.63e-07
 317 | 3.64e-07
 318 | 3.68e-07
 319 | 3.72e-07
 320 | 3.75e-07
 321 | 3.79e-07
 322 | 3.83e-07
 323 | 3.86e-07
 324 | 3.91e-07
 325 | 3.94e-07
 326 | 3.98e-07
 327 | 4.01e-07
 328 | 4.05e-07
 329 | 4.09e-07
 330 | 4.13e-07
 331 | 4.17e-07
 332 | 4.21e-07
 333 | 4.28e-07
 334 | 4.34e-07
 335 | 4.38e-07
 336 | 4.43e-07
 337 | 4.48e-07
 338 | 4.52e-07
 339 | 4.54e-07
 340 | 4.58e-07
 341 | 4.62e-07
 342 | 4.66e-07
 343 | 4.68e-07
 344 | 4.70e-07
 345 | 4.71e-07
 346 | 4.70e-07
 347 | 4.70e-07
 348 | 4.70e-07
 349 | 4.69e-07
 350 | 4.70e-07
 351 | 4.70e-07
 352 | 4.70e-07
 353 | 4.71e-07
 354 | 4.73e-07
 355 | 4.70e-07
 356 | 4.70e-07
 357 | 4.73e-07
 358 | 4.75e-07
 359 | 4.77e-07
 360 | 4.80e-07
 361 | 4.83e-07
 362 | 4.82e-07
 363 | 4.80e-07
 364 | 4.76e-07
 365 | 4.76e-07
 366 | 4.77e-07
 367 | 4.76e-07
 368 | 4.59e-07
 369 | 4.29e-07
 370 | 4.21e-07
 371 | 4.16e-07
 372 | 4.13e-07
 373 | 4.10e-07
 374 | 4.07e-07
 375 | 4.05e-07
 376 | 4.04e-07
 377 | 4.03e-07
 378 | 4.01e-07
 379 | 3.99e-07
 380 | 3.97e-07
 381 | 3.93e-07
 382 | 3.91e-07
 383 | 3.89e-07
 384 | 3.87e-07
 385 | 3.84e-07
 386 | 3.81e-07
 387 | 3.79e-07
 388 | 3.78e-07
 389 | 3.73e-07
 390 | 3.70e-07
 391 | 3.65e-07
 392 | 3.60e-07
 393 | 3.57e-07
 394 | 3.52e-07
 395 | 3.48e-07
 396 | 3.47e-07
 397 | 3.45e-07
 398 | 3.42e-07
 399 | 3.39e-07
 400 | 3.38e-07
 401 | 3.38e-07
 402 | 3.37e-07
 403 | 3.36e-07
 404 | 3.34e-07
 405 | 3.32e-07
 406 | 3.30e-07
 407 | 3.28e-07
 408 | 3.26e-07
 409 | 3.24e-07
 410 | 3.22e-07
 411 | 3.21e-07
 412 | 3.18e-07
 413 | 3.15e-07
 414 | 3.11e-07
 415 | 3.09e-07
 416 | 3.03e-07
 417 | 2.98e-07
 418 | 2.95e-07
 419 | 2.96e-07
 420 | 3.02e-07
 421 | 2.98e-07
 422 | 2.95e-07
 423 | 2.98e-07
 424 | 2.93e-07
 425 | 2.87e-07
 426 | 2.82e-07
 427 | 2.79e-07
 428 | 2.79e-07
 429 | 2.79e-07
 430 | 2.79e-07
 431 | 2.81e-07
 432 | 2.83e-07
 433 | 2.85e-07
 434 | 2.90e-07
 435 | 2.93e-07
 436 | 2.97e-07
 437 | 3.01e-07
 438 | 3.05e-07
 439 | 3.09e-07
 440 | 3.14e-07
 441 | 3.18e-07
 442 | 3.22e-07
 443 | 3.27e-07
 444 | 3.33e-07
 445 | 3.40e-07
 446 | 3.47e-07
 447 | 3.57e-07
 448 | 3.68e-07
 449 | 3.80e-07
 450 | 3.92e-07
 451 | 4.06e-07
 452 | 4.26e-07
 453 | 4.48e-07
 454 | 4.71e-07
 455 | 4.94e-07
 456 | 5.18e-07
 457 | 5.47e-07
 458 | 5.77e-07
 459 | 6.09e-07
 460 | 6.44e-07
 461 | 6.83e-07
 462 | 7.25e-07
 463 | 7.67e-07
 464 | 8.16e-07
 465 | 8.64e-07
 466 | 9.19e-07
 467 | 9.80e-07
 468 | 1.04e-06
 469 | 1.11e-06
 470 | 1.19e-06
 471 | 1.29e-06
 472 | 1.38e-06
 473 | 1.50e-06
 474 | 1.62e-06
 475 | 1.76e-06
 476 | 1.89e-06
 477 | 2.04e-06
 478 | 2.20e-06
 479 | 2.39e-06
 480 | 2.60e-06
 481 | 2.81e-06
 482 | 3.00e-06
 483 | 3.19e-06
 484 | 3.40e-06
 485 | 3.63e-06
 486 | 3.87e-06
 487 | 4.14e-06
 488 | 4.40e-06
 489 | 4.62e-06
 490 | 4.77e-06
 491 | 4.88e-06
 492 | 5.01e-06
 493 | 5.13e-06
 494 | 5.16e-06
 495 | 5.15e-06
 496 | 5.11e-06
 497 | 4.92e-06
 498 | 4.72e-06
 499 | 4.48e-06
 500 | 4.13e-06
 501 | 3.80e-06
 502 | 3.41e-06
 503 | 3.07e-06
 504 | 2.76e-06
 505 | 2.46e-06
 506 | 2.17e-06
 507 | 1.91e-06
 508 | 1.68e-06
 509 | 1.47e-06
 510 | 1.27e-06
 511 | 1.08e-06
 512 | 9.17e-07
 513 | 7.72e-07
 514 | 6.67e-07
 515 | 5.77e-07
 516 | 5.09e-07
 517 | 4.56e-07
 518 | 4.12e-07
 519 | 3.76e-07
 520 | 3.44e-07
 521 | 3.18e-07
 522 | 2.96e-07
 523 | 2.78e-07
 524 | 2.61e-07
 525 | 2.47e-07
 526 | 2.34e-07
 527 | 2.23e-07
 528 | 2.12e-07
 529 | 2.03e-07
 530 | 1.95e-07
 531 | 1.87e-07
 532 | 1.80e-07
 533 | 1.73e-07
 534 | 1.68e-07
 535 | 1.64e-07
 536 | 1.59e-07
 537 | 1.55e-07
 538 | 1.51e-07
 539 | 1.46e-07
 540 | 1.42e-07
 541 | 1.40e-07
 542 | 1.37e-07
 543 | 1.35e-07
 544 | 1.32e-07
 545 | 1.30e-07
 546 | 1.29e-07
 547 | 1.28e-07
 548 | 1.27e-07
 549 | 1.26e-07
 550 | 1.25e-07
 551 | 1.24e-07
 552 | 1.23e-07
 553 | 1.22e-07
 554 | 1.21e-07
 555 | 1.21e-07
 556 | 1.21e-07
 557 | 1.21e-07
 558 | 1.21e-07
 559 | 1.21e-07
 560 | 1.21e-07
 561 | 1.21e-07
 562 | 1.21e-07
 563 | 1.22e-07
 564 | 1.22e-07
 565 | 1.23e-07
 566 | 1.24e-07
 567 | 1.26e-07
 568 | 1.27e-07
 569 | 1.29e-07
 570 | 1.31e-07
 571 | 1.33e-07
 572 | 1.35e-07
 573 | 1.38e-07
 574 | 1.41e-07
 575 | 1.44e-07
 576 | 1.47e-07
 577 | 1.49e-07
 578 | 1.52e-07
 579 | 1.55e-07
 580 | 1.58e-07
 581 | 1.62e-07
 582 | 1.66e-07
 583 | 1.69e-07
 584 | 1.71e-07
 585 | 1.74e-07
 586 | 1.78e-07
 587 | 1.83e-07
 588 | 1.87e-07
 589 | 1.93e-07
 590 | 1.98e-07
 591 | 2.04e-07
 592 | 2.10e-07
 593 | 2.16e-07
 594 | 2.22e-07
 595 | 2.28e-07
 596 | 2.35e-07
 597 | 2.43e-07
 598 | 2.52e-07
 599 | 2.62e-07
 600 | 2.69e-07
 601 | 2.76e-07
 602 | 2.84e-07
 603 | 2.90e-07
 604 | 2.98e-07
 605 | 3.09e-07
 606 | 3.22e-07
 607 | 3.34e-07
 608 | 3.45e-07
 609 | 3.59e-07
 610 | 3.76e-07
 611 | 3.93e-07
 612 | 4.10e-07
 613 | 4.28e-07
 614 | 4.47e-07
 615 | 4.67e-07
 616 | 4.89e-07
 617 | 5.13e-07
 618 | 5.43e-07
 619 | 5.76e-07
 620 | 6.06e-07
 621 | 6.38e-07
 622 | 6.72e-07
 623 | 7.10e-07
 624 | 7.50e-07
 625 | 7.93e-07
 626 | 8.41e-07
 627 | 8.93e-07
 628 | 9.30e-07
 629 | 9.81e-07
 630 | 1.04e-06
 631 | 1.11e-06
 632 | 1.19e-06
 633 | 1.27e-06
 634 | 1.36e-06
 635 | 1.47e-06
 636 | 1.57e-06
 637 | 1.68e-06
 638 | 1.81e-06
 639 | 1.95e-06
 640 | 2.09e-06
 641 | 2.23e-06
 642 | 2.37e-06
 643 | 2.52e-06
 644 | 2.66e-06
 645 | 2.78e-06
 646 | 2.90e-06
 647 | 3.05e-06
 648 | 3.19e-06
 649 | 3.34e-06
 650 | 3.45e-06
 651 | 3.56e-06
 652 | 3.62e-06
 653 | 3.65e-06
 654 | 3.64e-06
 655 | 3.65e-06
 656 | 3.62e-06
 657 | 3.58e-06
 658 | 3.51e-06
 659 | 3.44e-06
 660 | 3.35e-06
 661 | 3.29e-06
 662 | 3.25e-06
 663 | 3.21e-06
 664 | 3.13e-06
 665 | 3.05e-06
 666 | 2.98e-06
 667 | 2.91e-06
 668 | 2.83e-06
 669 | 2.75e-06
 670 | 2.69e-06
 671 | 2.65e-06
 672 | 2.62e-06
 673 | 2.58e-06
 674 | 2.51e-06
 675 | 2.43e-06
 676 | 2.34e-06
 677 | 2.23e-06
 678 | 2.12e-06
 679 | 2.01e-06
 680 | 1.88e-06
 681 | 1.73e-06
 682 | 1.58e-06
 683 | 1.46e-06
 684 | 1.33e-06
 685 | 1.21e-06
 686 | 1.10e-06
 687 | 9.89e-07
 688 | 8.87e-07
 689 | 8.02e-07
 690 | 7.16e-07
 691 | 6.37e-07
 692 | 5.69e-07
 693 | 5.11e-07
 694 | 4.56e-07
 695 | 4.11e-07
 696 | 3.74e-07
 697 | 3.42e-07
 698 | 3.14e-07
 699 | 2.90e-07
 700 | 2.68e-07
 701 | 2.49e-07
 702 | 2.32e-07
 703 | 2.16e-07
 704 | 2.02e-07
 705 | 1.90e-07
 706 | 1.78e-07
 707 | 1.67e-07
 708 | 1.57e-07
 709 | 1.48e-07
 710 | 1.39e-07
 711 | 1.31e-07
 712 | 1.24e-07
 713 | 1.18e-07
 714 | 1.12e-07
 715 | 1.06e-07
 716 | 1.01e-07
 717 | 9.63e-08
[2025-11-09 20:29:13] Run completed in 73.85 minutes
[2025-11-09 20:29:17] Saved NMF result to: /zata/zippy/kresgeb/nmf_stuff/dlPFC/data/batched_nmf/nmf_k70_seed2025_tol1e-07.rds
[2025-11-09 20:29:17] Appended run metadata to summary.csv
[2025-11-09 20:29:17] --------------------------------------------
[2025-11-09 20:29:17] Starting run 148 / 150: k=80, seed=2025, tol=1e-07
[2025-11-09 20:29:17] --------------------------------------------

iter |      tol 
---------------
   1 | 9.13e-01
   2 | 1.07e-01
   3 | 3.72e-02
   4 | 1.92e-02
   5 | 1.22e-02
   6 | 8.67e-03
   7 | 6.91e-03
   8 | 5.86e-03
   9 | 4.95e-03
  10 | 4.19e-03
  11 | 3.49e-03
  12 | 2.99e-03
  13 | 2.59e-03
  14 | 2.33e-03
  15 | 2.10e-03
  16 | 1.85e-03
  17 | 1.68e-03
  18 | 1.59e-03
  19 | 1.53e-03
  20 | 1.46e-03
  21 | 1.37e-03
  22 | 1.25e-03
  23 | 1.12e-03
  24 | 1.00e-03
  25 | 8.91e-04
  26 | 7.92e-04
  27 | 7.12e-04
  28 | 6.36e-04
  29 | 5.73e-04
  30 | 5.34e-04
  31 | 4.91e-04
  32 | 5.09e-04
  33 | 5.62e-04
  34 | 6.21e-04
  35 | 5.98e-04
  36 | 5.43e-04
  37 | 5.08e-04
  38 | 4.55e-04
  39 | 4.21e-04
  40 | 3.90e-04
  41 | 3.71e-04
  42 | 3.60e-04
  43 | 3.53e-04
  44 | 3.53e-04
  45 | 3.65e-04
  46 | 3.60e-04
  47 | 3.65e-04
  48 | 3.62e-04
  49 | 3.46e-04
  50 | 3.14e-04
  51 | 2.63e-04
  52 | 2.04e-04
  53 | 1.60e-04
  54 | 1.23e-04
  55 | 9.22e-05
  56 | 6.87e-05
  57 | 5.28e-05
  58 | 4.21e-05
  59 | 3.48e-05
  60 | 2.99e-05
  61 | 2.65e-05
  62 | 2.31e-05
  63 | 2.09e-05
  64 | 1.95e-05
  65 | 1.85e-05
  66 | 1.72e-05
  67 | 1.66e-05
  68 | 1.62e-05
  69 | 1.59e-05
  70 | 1.58e-05
  71 | 1.58e-05
  72 | 1.60e-05
  73 | 1.64e-05
  74 | 1.72e-05
  75 | 1.81e-05
  76 | 1.92e-05
  77 | 2.05e-05
  78 | 2.23e-05
  79 | 2.42e-05
  80 | 2.63e-05
  81 | 2.89e-05
  82 | 3.19e-05
  83 | 3.45e-05
  84 | 3.66e-05
  85 | 3.90e-05
  86 | 4.04e-05
  87 | 4.26e-05
  88 | 4.46e-05
  89 | 4.62e-05
  90 | 4.80e-05
  91 | 4.90e-05
  92 | 4.87e-05
  93 | 4.89e-05
  94 | 4.87e-05
  95 | 4.79e-05
  96 | 4.72e-05
  97 | 4.73e-05
  98 | 4.72e-05
  99 | 4.54e-05
 100 | 4.44e-05
 101 | 4.29e-05
 102 | 4.07e-05
 103 | 3.81e-05
 104 | 3.15e-05
 105 | 2.41e-05
 106 | 2.13e-05
 107 | 1.93e-05
 108 | 1.74e-05
 109 | 1.57e-05
 110 | 1.45e-05
 111 | 1.33e-05
 112 | 1.19e-05
 113 | 1.09e-05
 114 | 9.82e-06
 115 | 8.60e-06
 116 | 7.63e-06
 117 | 6.89e-06
 118 | 6.24e-06
 119 | 5.73e-06
 120 | 5.38e-06
 121 | 5.06e-06
 122 | 4.78e-06
 123 | 4.54e-06
 124 | 4.31e-06
 125 | 4.10e-06
 126 | 3.88e-06
 127 | 3.65e-06
 128 | 3.47e-06
 129 | 3.31e-06
 130 | 3.14e-06
 131 | 2.82e-06
 132 | 2.67e-06
 133 | 2.54e-06
 134 | 2.42e-06
 135 | 2.32e-06
 136 | 2.22e-06
 137 | 2.14e-06
 138 | 2.06e-06
 139 | 1.83e-06
 140 | 1.64e-06
 141 | 1.57e-06
 142 | 1.51e-06
 143 | 1.45e-06
 144 | 1.40e-06
 145 | 1.36e-06
 146 | 1.33e-06
 147 | 1.27e-06
 148 | 1.24e-06
 149 | 1.22e-06
 150 | 1.21e-06
 151 | 1.18e-06
 152 | 1.16e-06
 153 | 1.13e-06
 154 | 1.12e-06
 155 | 1.11e-06
 156 | 1.10e-06
 157 | 1.09e-06
 158 | 1.08e-06
 159 | 1.07e-06
 160 | 1.07e-06
 161 | 1.07e-06
 162 | 1.08e-06
 163 | 1.08e-06
 164 | 1.09e-06
 165 | 1.11e-06
 166 | 1.13e-06
 167 | 1.16e-06
 168 | 1.19e-06
 169 | 1.23e-06
 170 | 1.29e-06
 171 | 1.36e-06
 172 | 1.43e-06
 173 | 1.52e-06
 174 | 1.62e-06
 175 | 1.72e-06
 176 | 1.85e-06
 177 | 2.01e-06
 178 | 2.18e-06
 179 | 2.38e-06
 180 | 2.35e-06
 181 | 2.37e-06
 182 | 2.51e-06
 183 | 2.68e-06
 184 | 2.88e-06
 185 | 3.07e-06
 186 | 3.23e-06
 187 | 3.42e-06
 188 | 3.64e-06
 189 | 3.86e-06
 190 | 4.10e-06
 191 | 4.38e-06
 192 | 4.59e-06
 193 | 4.79e-06
 194 | 4.97e-06
 195 | 5.14e-06
 196 | 5.46e-06
 197 | 5.79e-06
 198 | 6.14e-06
 199 | 6.49e-06
 200 | 6.81e-06
 201 | 6.87e-06
 202 | 7.21e-06
 203 | 7.54e-06
 204 | 7.92e-06
 205 | 8.29e-06
 206 | 8.83e-06
 207 | 9.72e-06
 208 | 1.11e-05
 209 | 1.15e-05
 210 | 1.26e-05
 211 | 1.45e-05
 212 | 1.62e-05
 213 | 1.83e-05
 214 | 2.22e-05
 215 | 2.75e-05
 216 | 3.48e-05
 217 | 4.43e-05
 218 | 5.59e-05
 219 | 7.01e-05
 220 | 8.55e-05
 221 | 1.03e-04
 222 | 1.16e-04
 223 | 1.24e-04
 224 | 1.33e-04
 225 | 1.33e-04
 226 | 1.29e-04
 227 | 1.22e-04
 228 | 1.07e-04
 229 | 9.06e-05
 230 | 7.61e-05
 231 | 6.02e-05
 232 | 4.64e-05
 233 | 3.40e-05
 234 | 2.59e-05
 235 | 2.00e-05
 236 | 1.57e-05
 237 | 1.24e-05
 238 | 9.86e-06
 239 | 8.05e-06
 240 | 6.59e-06
 241 | 5.50e-06
 242 | 4.50e-06
 243 | 3.74e-06
 244 | 2.69e-06
 245 | 2.17e-06
 246 | 1.86e-06
 247 | 1.60e-06
 248 | 1.42e-06
 249 | 1.29e-06
 250 | 1.19e-06
 251 | 1.11e-06
 252 | 1.04e-06
 253 | 9.68e-07
 254 | 9.12e-07
 255 | 8.65e-07
 256 | 8.21e-07
 257 | 7.64e-07
 258 | 7.27e-07
 259 | 6.89e-07
 260 | 6.40e-07
 261 | 6.06e-07
 262 | 5.78e-07
 263 | 5.52e-07
 264 | 5.30e-07
 265 | 4.96e-07
 266 | 4.38e-07
 267 | 4.21e-07
 268 | 4.03e-07
 269 | 3.90e-07
 270 | 3.78e-07
 271 | 3.65e-07
 272 | 3.54e-07
 273 | 3.45e-07
 274 | 3.30e-07
 275 | 3.23e-07
 276 | 3.17e-07
 277 | 3.11e-07
 278 | 2.97e-07
 279 | 2.88e-07
 280 | 2.81e-07
 281 | 2.74e-07
 282 | 2.56e-07
 283 | 2.31e-07
 284 | 2.20e-07
 285 | 2.13e-07
 286 | 2.07e-07
 287 | 2.01e-07
 288 | 1.96e-07
 289 | 1.91e-07
 290 | 1.86e-07
 291 | 1.81e-07
 292 | 1.78e-07
 293 | 1.74e-07
 294 | 1.71e-07
 295 | 1.69e-07
 296 | 1.61e-07
 297 | 1.57e-07
 298 | 1.53e-07
 299 | 1.50e-07
 300 | 1.45e-07
 301 | 1.41e-07
 302 | 1.38e-07
 303 | 1.34e-07
 304 | 1.31e-07
 305 | 1.29e-07
 306 | 1.27e-07
 307 | 1.24e-07
 308 | 1.21e-07
 309 | 1.19e-07
 310 | 1.16e-07
 311 | 1.14e-07
 312 | 1.11e-07
 313 | 1.09e-07
 314 | 1.07e-07
 315 | 1.05e-07
 316 | 1.03e-07
 317 | 1.01e-07
 318 | 9.92e-08
[2025-11-09 21:09:08] Run completed in 39.84 minutes
[2025-11-09 21:09:13] Saved NMF result to: /zata/zippy/kresgeb/nmf_stuff/dlPFC/data/batched_nmf/nmf_k80_seed2025_tol1e-07.rds
[2025-11-09 21:09:13] Appended run metadata to summary.csv
[2025-11-09 21:09:13] --------------------------------------------
[2025-11-09 21:09:13] Starting run 149 / 150: k=90, seed=2025, tol=1e-07
[2025-11-09 21:09:13] --------------------------------------------

iter |      tol 
---------------
   1 | 9.12e-01
   2 | 1.02e-01
   3 | 3.82e-02
   4 | 2.04e-02
   5 | 1.27e-02
   6 | 8.87e-03
   7 | 6.79e-03
   8 | 5.41e-03
   9 | 4.51e-03
  10 | 3.95e-03
  11 | 3.53e-03
  12 | 3.19e-03
  13 | 2.88e-03
  14 | 2.50e-03
  15 | 2.09e-03
  16 | 1.83e-03
  17 | 1.64e-03
  18 | 1.48e-03
  19 | 1.39e-03
  20 | 1.33e-03
  21 | 1.28e-03
  22 | 1.19e-03
  23 | 1.05e-03
  24 | 9.11e-04
  25 | 7.96e-04
  26 | 6.87e-04
  27 | 6.14e-04
  28 | 5.65e-04
  29 | 5.21e-04
  30 | 4.82e-04
  31 | 4.43e-04
  32 | 4.28e-04
  33 | 4.18e-04
  34 | 4.07e-04
  35 | 3.99e-04
  36 | 3.86e-04
  37 | 3.61e-04
  38 | 3.50e-04
  39 | 3.34e-04
  40 | 3.12e-04
  41 | 2.87e-04
  42 | 2.62e-04
  43 | 2.37e-04
  44 | 2.01e-04
  45 | 1.77e-04
  46 | 1.58e-04
  47 | 1.47e-04
  48 | 1.39e-04
  49 | 1.36e-04
  50 | 1.35e-04
  51 | 1.42e-04
  52 | 1.53e-04
  53 | 1.63e-04
  54 | 1.77e-04
  55 | 1.97e-04
  56 | 2.15e-04
  57 | 2.22e-04
  58 | 2.34e-04
  59 | 2.49e-04
  60 | 2.40e-04
  61 | 2.33e-04
  62 | 2.26e-04
  63 | 2.22e-04
  64 | 2.19e-04
  65 | 2.19e-04
  66 | 2.16e-04
  67 | 2.19e-04
  68 | 2.21e-04
  69 | 2.36e-04
  70 | 2.55e-04
  71 | 2.80e-04
  72 | 3.01e-04
  73 | 3.18e-04
  74 | 2.86e-04
  75 | 2.69e-04
  76 | 2.43e-04
  77 | 2.06e-04
  78 | 1.71e-04
  79 | 1.31e-04
  80 | 8.82e-05
  81 | 6.38e-05
  82 | 5.17e-05
  83 | 4.40e-05
  84 | 3.94e-05
  85 | 3.53e-05
  86 | 3.15e-05
  87 | 2.84e-05
  88 | 2.62e-05
  89 | 2.43e-05
  90 | 2.20e-05
  91 | 1.95e-05
  92 | 1.72e-05
  93 | 1.55e-05
  94 | 1.42e-05
  95 | 1.32e-05
  96 | 1.23e-05
  97 | 1.12e-05
  98 | 1.05e-05
  99 | 9.91e-06
 100 | 9.43e-06
 101 | 9.08e-06
 102 | 8.80e-06
 103 | 8.63e-06
 104 | 8.49e-06
 105 | 8.34e-06
 106 | 8.21e-06
 107 | 7.86e-06
 108 | 7.57e-06
 109 | 7.33e-06
 110 | 6.99e-06
 111 | 6.54e-06
 112 | 6.45e-06
 113 | 6.38e-06
 114 | 6.33e-06
 115 | 6.27e-06
 116 | 6.26e-06
 117 | 6.29e-06
 118 | 6.30e-06
 119 | 6.30e-06
 120 | 6.25e-06
 121 | 6.14e-06
 122 | 6.17e-06
 123 | 6.30e-06
 124 | 6.41e-06
 125 | 6.43e-06
 126 | 6.54e-06
 127 | 6.73e-06
 128 | 7.00e-06
 129 | 7.17e-06
 130 | 7.52e-06
 131 | 7.89e-06
 132 | 8.32e-06
 133 | 8.77e-06
 134 | 8.63e-06
 135 | 8.64e-06
 136 | 8.74e-06
 137 | 9.13e-06
 138 | 9.83e-06
 139 | 1.04e-05
 140 | 1.09e-05
 141 | 1.17e-05
 142 | 1.27e-05
 143 | 1.37e-05
 144 | 1.48e-05
 145 | 1.59e-05
 146 | 1.70e-05
 147 | 1.79e-05
 148 | 1.88e-05
 149 | 1.96e-05
 150 | 2.01e-05
 151 | 2.04e-05
 152 | 2.05e-05
 153 | 2.03e-05
 154 | 1.99e-05
 155 | 1.95e-05
 156 | 1.88e-05
 157 | 1.78e-05
 158 | 1.67e-05
 159 | 1.54e-05
 160 | 1.42e-05
 161 | 1.31e-05
 162 | 1.23e-05
 163 | 1.16e-05
 164 | 1.07e-05
 165 | 9.76e-06
 166 | 9.12e-06
 167 | 7.62e-06
 168 | 7.15e-06
 169 | 6.77e-06
 170 | 6.54e-06
 171 | 6.42e-06
 172 | 6.37e-06
 173 | 5.98e-06
 174 | 5.75e-06
 175 | 5.69e-06
 176 | 5.68e-06
 177 | 5.60e-06
 178 | 5.45e-06
 179 | 5.39e-06
 180 | 4.78e-06
 181 | 4.75e-06
 182 | 4.75e-06
 183 | 4.74e-06
 184 | 4.55e-06
 185 | 4.30e-06
 186 | 4.29e-06
 187 | 4.21e-06
 188 | 3.85e-06
 189 | 3.68e-06
 190 | 3.56e-06
 191 | 3.26e-06
 192 | 3.18e-06
 193 | 3.12e-06
 194 | 3.06e-06
 195 | 2.96e-06
 196 | 2.89e-06
 197 | 2.86e-06
 198 | 2.85e-06
 199 | 2.85e-06
 200 | 2.84e-06
 201 | 2.85e-06
 202 | 2.86e-06
 203 | 2.84e-06
 204 | 2.81e-06
 205 | 2.80e-06
 206 | 2.79e-06
 207 | 2.78e-06
 208 | 2.77e-06
 209 | 2.77e-06
 210 | 2.75e-06
 211 | 2.72e-06
 212 | 2.72e-06
 213 | 2.71e-06
 214 | 2.72e-06
 215 | 2.69e-06
 216 | 2.67e-06
 217 | 2.59e-06
 218 | 2.50e-06
 219 | 2.44e-06
 220 | 2.39e-06
 221 | 2.35e-06
 222 | 2.28e-06
 223 | 2.24e-06
 224 | 2.21e-06
 225 | 2.18e-06
 226 | 2.15e-06
 227 | 2.13e-06
 228 | 2.11e-06
 229 | 2.10e-06
 230 | 2.10e-06
 231 | 2.10e-06
 232 | 2.11e-06
 233 | 2.13e-06
 234 | 2.16e-06
 235 | 2.20e-06
 236 | 2.23e-06
 237 | 2.28e-06
 238 | 2.33e-06
 239 | 2.41e-06
 240 | 2.36e-06
 241 | 2.38e-06
 242 | 2.46e-06
 243 | 2.55e-06
 244 | 2.65e-06
 245 | 2.74e-06
 246 | 2.86e-06
 247 | 2.89e-06
 248 | 2.91e-06
 249 | 3.00e-06
 250 | 3.09e-06
 251 | 3.21e-06
 252 | 3.36e-06
 253 | 3.55e-06
 254 | 3.83e-06
 255 | 4.13e-06
 256 | 4.51e-06
 257 | 4.99e-06
 258 | 5.53e-06
 259 | 6.24e-06
 260 | 7.04e-06
 261 | 7.89e-06
 262 | 8.98e-06
 263 | 1.01e-05
 264 | 1.13e-05
 265 | 1.12e-05
 266 | 1.19e-05
 267 | 1.28e-05
 268 | 1.36e-05
 269 | 1.44e-05
 270 | 1.55e-05
 271 | 1.57e-05
 272 | 1.64e-05
 273 | 1.70e-05
 274 | 1.80e-05
 275 | 1.90e-05
 276 | 1.96e-05
 277 | 2.04e-05
 278 | 2.07e-05
 279 | 2.12e-05
 280 | 2.13e-05
 281 | 2.09e-05
 282 | 2.00e-05
 283 | 1.92e-05
 284 | 1.85e-05
 285 | 1.70e-05
 286 | 1.52e-05
 287 | 1.38e-05
 288 | 1.26e-05
 289 | 1.13e-05
 290 | 9.39e-06
 291 | 7.28e-06
 292 | 5.63e-06
 293 | 4.60e-06
 294 | 3.87e-06
 295 | 3.29e-06
 296 | 2.77e-06
 297 | 2.33e-06
 298 | 1.96e-06
 299 | 1.69e-06
 300 | 1.47e-06
 301 | 1.29e-06
 302 | 1.15e-06
 303 | 1.03e-06
 304 | 9.31e-07
 305 | 8.41e-07
 306 | 7.70e-07
 307 | 7.05e-07
 308 | 6.46e-07
 309 | 5.88e-07
 310 | 5.10e-07
 311 | 4.83e-07
 312 | 4.67e-07
 313 | 4.48e-07
 314 | 4.30e-07
 315 | 4.12e-07
 316 | 3.81e-07
 317 | 3.65e-07
 318 | 3.50e-07
 319 | 3.32e-07
 320 | 3.21e-07
 321 | 3.10e-07
 322 | 3.02e-07
 323 | 2.94e-07
 324 | 2.85e-07
 325 | 2.77e-07
 326 | 2.71e-07
 327 | 2.66e-07
 328 | 2.60e-07
 329 | 2.53e-07
 330 | 2.48e-07
 331 | 2.34e-07
 332 | 2.23e-07
 333 | 2.19e-07
 334 | 2.16e-07
 335 | 2.14e-07
 336 | 2.11e-07
 337 | 2.09e-07
 338 | 2.07e-07
 339 | 2.02e-07
 340 | 1.98e-07
 341 | 1.95e-07
 342 | 1.92e-07
 343 | 1.90e-07
 344 | 1.87e-07
 345 | 1.79e-07
 346 | 1.77e-07
 347 | 1.75e-07
 348 | 1.73e-07
 349 | 1.71e-07
 350 | 1.70e-07
 351 | 1.68e-07
 352 | 1.66e-07
 353 | 1.65e-07
 354 | 1.63e-07
 355 | 1.62e-07
 356 | 1.61e-07
 357 | 1.60e-07
 358 | 1.59e-07
 359 | 1.58e-07
 360 | 1.57e-07
 361 | 1.56e-07
 362 | 1.56e-07
 363 | 1.55e-07
 364 | 1.54e-07
 365 | 1.53e-07
 366 | 1.52e-07
 367 | 1.51e-07
 368 | 1.50e-07
 369 | 1.48e-07
 370 | 1.47e-07
 371 | 1.46e-07
 372 | 1.45e-07
 373 | 1.44e-07
 374 | 1.43e-07
 375 | 1.41e-07
 376 | 1.40e-07
 377 | 1.40e-07
 378 | 1.39e-07
 379 | 1.39e-07
 380 | 1.38e-07
 381 | 1.38e-07
 382 | 1.38e-07
 383 | 1.42e-07
 384 | 1.48e-07
 385 | 1.46e-07
 386 | 1.45e-07
 387 | 1.42e-07
 388 | 1.41e-07
 389 | 1.41e-07
 390 | 1.41e-07
 391 | 1.41e-07
 392 | 1.42e-07
 393 | 1.42e-07
 394 | 1.43e-07
 395 | 1.46e-07
 396 | 1.46e-07
 397 | 1.46e-07
 398 | 1.46e-07
 399 | 1.44e-07
 400 | 1.43e-07
 401 | 1.42e-07
 402 | 1.42e-07
 403 | 1.42e-07
 404 | 1.42e-07
 405 | 1.42e-07
 406 | 1.43e-07
 407 | 1.44e-07
 408 | 1.45e-07
 409 | 1.47e-07
 410 | 1.48e-07
 411 | 1.50e-07
 412 | 1.52e-07
 413 | 1.54e-07
 414 | 1.56e-07
 415 | 1.57e-07
 416 | 1.59e-07
 417 | 1.61e-07
 418 | 1.63e-07
 419 | 1.66e-07
 420 | 1.68e-07
 421 | 1.72e-07
 422 | 1.75e-07
 423 | 1.77e-07
 424 | 1.80e-07
 425 | 1.82e-07
 426 | 1.85e-07
 427 | 1.87e-07
 428 | 1.88e-07
 429 | 1.89e-07
 430 | 1.91e-07
 431 | 1.93e-07
 432 | 1.95e-07
 433 | 1.97e-07
 434 | 1.99e-07
 435 | 2.02e-07
 436 | 2.05e-07
 437 | 2.08e-07
 438 | 2.10e-07
 439 | 2.14e-07
 440 | 2.18e-07
 441 | 2.23e-07
 442 | 2.27e-07
 443 | 2.31e-07
 444 | 2.35e-07
 445 | 2.38e-07
 446 | 2.43e-07
 447 | 2.48e-07
 448 | 2.53e-07
 449 | 2.58e-07
 450 | 2.64e-07
 451 | 2.71e-07
 452 | 2.79e-07
 453 | 2.89e-07
 454 | 2.98e-07
 455 | 3.03e-07
 456 | 3.08e-07
 457 | 3.17e-07
 458 | 3.27e-07
 459 | 3.39e-07
 460 | 3.52e-07
 461 | 3.65e-07
 462 | 3.79e-07
 463 | 3.90e-07
 464 | 4.03e-07
 465 | 4.18e-07
 466 | 4.36e-07
 467 | 4.55e-07
 468 | 4.79e-07
 469 | 5.04e-07
 470 | 5.30e-07
 471 | 5.52e-07
 472 | 5.74e-07
 473 | 5.98e-07
 474 | 6.28e-07
 475 | 6.59e-07
 476 | 6.88e-07
 477 | 7.18e-07
 478 | 7.40e-07
 479 | 7.45e-07
 480 | 7.66e-07
 481 | 7.83e-07
 482 | 8.10e-07
 483 | 8.43e-07
 484 | 8.85e-07
 485 | 9.31e-07
 486 | 9.83e-07
 487 | 1.02e-06
 488 | 1.06e-06
 489 | 1.09e-06
 490 | 1.14e-06
 491 | 1.18e-06
 492 | 1.23e-06
 493 | 1.28e-06
 494 | 1.34e-06
 495 | 1.38e-06
 496 | 1.44e-06
 497 | 1.51e-06
 498 | 1.58e-06
 499 | 1.65e-06
 500 | 1.73e-06
 501 | 1.79e-06
 502 | 1.87e-06
 503 | 1.94e-06
 504 | 2.02e-06
 505 | 2.06e-06
 506 | 2.04e-06
 507 | 1.97e-06
 508 | 1.87e-06
 509 | 1.80e-06
 510 | 1.66e-06
 511 | 1.56e-06
 512 | 1.46e-06
 513 | 1.36e-06
 514 | 1.25e-06
 515 | 1.16e-06
 516 | 1.08e-06
 517 | 9.97e-07
 518 | 9.21e-07
 519 | 8.47e-07
 520 | 7.78e-07
 521 | 7.18e-07
 522 | 6.61e-07
 523 | 6.07e-07
 524 | 5.62e-07
 525 | 5.19e-07
 526 | 4.81e-07
 527 | 4.54e-07
 528 | 4.31e-07
 529 | 4.07e-07
 530 | 3.85e-07
 531 | 3.67e-07
 532 | 3.51e-07
 533 | 3.35e-07
 534 | 3.20e-07
 535 | 3.07e-07
 536 | 2.94e-07
 537 | 2.84e-07
 538 | 2.75e-07
 539 | 2.67e-07
 540 | 2.59e-07
 541 | 2.52e-07
 542 | 2.47e-07
 543 | 2.42e-07
 544 | 2.37e-07
 545 | 2.34e-07
 546 | 2.31e-07
 547 | 2.29e-07
 548 | 2.28e-07
 549 | 2.28e-07
 550 | 2.27e-07
 551 | 2.27e-07
 552 | 2.27e-07
 553 | 2.28e-07
 554 | 2.27e-07
 555 | 2.28e-07
 556 | 2.29e-07
 557 | 2.28e-07
 558 | 2.29e-07
 559 | 2.30e-07
 560 | 2.31e-07
 561 | 2.32e-07
 562 | 2.35e-07
 563 | 2.37e-07
 564 | 2.40e-07
 565 | 2.45e-07
 566 | 2.49e-07
 567 | 2.53e-07
 568 | 2.55e-07
 569 | 2.57e-07
 570 | 2.59e-07
 571 | 2.61e-07
 572 | 2.62e-07
 573 | 2.63e-07
 574 | 2.64e-07
 575 | 2.65e-07
 576 | 2.65e-07
 577 | 2.65e-07
 578 | 2.64e-07
 579 | 2.65e-07
 580 | 2.65e-07
 581 | 2.65e-07
 582 | 2.66e-07
 583 | 2.66e-07
 584 | 2.66e-07
 585 | 2.66e-07
 586 | 2.67e-07
 587 | 2.69e-07
 588 | 2.72e-07
 589 | 2.74e-07
 590 | 2.77e-07
 591 | 2.79e-07
 592 | 2.83e-07
 593 | 2.86e-07
 594 | 2.91e-07
 595 | 2.95e-07
 596 | 3.00e-07
 597 | 3.03e-07
 598 | 3.07e-07
 599 | 3.10e-07
 600 | 3.15e-07
 601 | 3.19e-07
 602 | 3.22e-07
 603 | 3.25e-07
 604 | 3.28e-07
 605 | 3.29e-07
 606 | 3.27e-07
 607 | 3.27e-07
 608 | 3.26e-07
 609 | 3.24e-07
 610 | 3.21e-07
 611 | 3.19e-07
 612 | 3.16e-07
 613 | 3.12e-07
 614 | 3.07e-07
 615 | 3.03e-07
 616 | 2.99e-07
 617 | 2.95e-07
 618 | 2.92e-07
 619 | 2.87e-07
 620 | 2.82e-07
 621 | 2.78e-07
 622 | 2.74e-07
 623 | 2.70e-07
 624 | 2.66e-07
 625 | 2.65e-07
 626 | 2.63e-07
 627 | 2.61e-07
 628 | 2.58e-07
 629 | 2.55e-07
 630 | 2.51e-07
 631 | 2.48e-07
 632 | 2.43e-07
 633 | 2.37e-07
 634 | 2.32e-07
 635 | 2.28e-07
 636 | 2.25e-07
 637 | 2.22e-07
 638 | 2.18e-07
 639 | 2.16e-07
 640 | 2.13e-07
 641 | 2.10e-07
 642 | 2.07e-07
 643 | 2.05e-07
 644 | 2.02e-07
 645 | 2.00e-07
 646 | 1.98e-07
 647 | 1.97e-07
 648 | 1.96e-07
 649 | 1.95e-07
 650 | 1.93e-07
 651 | 1.92e-07
 652 | 1.91e-07
 653 | 1.89e-07
 654 | 1.88e-07
 655 | 1.87e-07
 656 | 1.87e-07
 657 | 1.86e-07
 658 | 1.85e-07
 659 | 1.85e-07
 660 | 1.85e-07
 661 | 1.84e-07
 662 | 1.83e-07
 663 | 1.83e-07
 664 | 1.83e-07
 665 | 1.83e-07
 666 | 1.83e-07
 667 | 1.83e-07
 668 | 1.82e-07
 669 | 1.81e-07
 670 | 1.81e-07
 671 | 1.81e-07
 672 | 1.80e-07
 673 | 1.78e-07
 674 | 1.76e-07
 675 | 1.75e-07
 676 | 1.75e-07
 677 | 1.79e-07
 678 | 1.88e-07
 679 | 1.97e-07
 680 | 2.08e-07
 681 | 2.18e-07
 682 | 2.27e-07
 683 | 2.36e-07
 684 | 2.45e-07
 685 | 2.53e-07
 686 | 2.61e-07
 687 | 2.69e-07
 688 | 2.76e-07
 689 | 2.82e-07
 690 | 2.88e-07
 691 | 2.93e-07
 692 | 2.98e-07
 693 | 3.01e-07
 694 | 3.04e-07
 695 | 3.05e-07
 696 | 3.06e-07
 697 | 3.06e-07
 698 | 3.06e-07
 699 | 2.99e-07
 700 | 2.91e-07
 701 | 2.84e-07
 702 | 2.79e-07
 703 | 2.75e-07
 704 | 2.73e-07
 705 | 2.71e-07
 706 | 2.70e-07
 707 | 2.68e-07
 708 | 2.70e-07
 709 | 2.72e-07
 710 | 2.75e-07
 711 | 2.78e-07
 712 | 2.82e-07
 713 | 2.86e-07
 714 | 2.91e-07
 715 | 2.96e-07
 716 | 3.00e-07
 717 | 3.06e-07
 718 | 3.11e-07
 719 | 3.17e-07
 720 | 3.23e-07
 721 | 3.29e-07
 722 | 3.36e-07
 723 | 3.44e-07
 724 | 3.52e-07
 725 | 3.61e-07
 726 | 3.69e-07
 727 | 3.78e-07
 728 | 3.85e-07
 729 | 3.94e-07
 730 | 4.02e-07
 731 | 4.12e-07
 732 | 4.22e-07
 733 | 4.32e-07
 734 | 4.44e-07
 735 | 4.52e-07
 736 | 4.57e-07
 737 | 4.64e-07
 738 | 4.73e-07
 739 | 4.83e-07
 740 | 4.94e-07
 741 | 5.08e-07
 742 | 5.21e-07
 743 | 5.34e-07
 744 | 5.51e-07
 745 | 5.70e-07
 746 | 5.84e-07
 747 | 5.98e-07
 748 | 6.12e-07
 749 | 6.24e-07
 750 | 6.30e-07
 751 | 6.35e-07
 752 | 6.42e-07
 753 | 6.48e-07
 754 | 6.48e-07
 755 | 6.49e-07
 756 | 6.29e-07
 757 | 6.30e-07
 758 | 6.31e-07
 759 | 6.34e-07
 760 | 6.36e-07
 761 | 6.36e-07
 762 | 6.22e-07
 763 | 6.13e-07
 764 | 6.04e-07
 765 | 5.98e-07
 766 | 5.91e-07
 767 | 5.86e-07
 768 | 5.82e-07
 769 | 5.83e-07
 770 | 5.86e-07
 771 | 5.87e-07
 772 | 5.88e-07
 773 | 5.88e-07
 774 | 5.79e-07
 775 | 5.71e-07
 776 | 5.67e-07
 777 | 5.63e-07
 778 | 5.58e-07
 779 | 5.50e-07
 780 | 5.31e-07
 781 | 5.15e-07
 782 | 5.00e-07
 783 | 4.87e-07
 784 | 4.50e-07
 785 | 3.97e-07
 786 | 3.78e-07
 787 | 3.61e-07
 788 | 3.49e-07
 789 | 3.41e-07
 790 | 3.33e-07
 791 | 3.27e-07
 792 | 3.21e-07
 793 | 3.15e-07
 794 | 3.09e-07
 795 | 3.04e-07
 796 | 2.94e-07
 797 | 2.88e-07
 798 | 2.82e-07
 799 | 2.75e-07
 800 | 2.70e-07
 801 | 2.64e-07
 802 | 2.60e-07
 803 | 2.55e-07
 804 | 2.51e-07
 805 | 2.47e-07
 806 | 2.44e-07
 807 | 2.41e-07
 808 | 2.37e-07
 809 | 2.31e-07
 810 | 2.24e-07
 811 | 2.18e-07
 812 | 2.13e-07
 813 | 2.08e-07
 814 | 2.03e-07
 815 | 1.99e-07
 816 | 1.95e-07
 817 | 1.91e-07
 818 | 1.88e-07
 819 | 1.85e-07
 820 | 1.83e-07
 821 | 1.81e-07
 822 | 1.80e-07
 823 | 1.79e-07
 824 | 1.78e-07
 825 | 1.77e-07
 826 | 1.75e-07
 827 | 1.75e-07
 828 | 1.75e-07
 829 | 1.75e-07
 830 | 1.76e-07
 831 | 1.77e-07
 832 | 1.78e-07
 833 | 1.78e-07
 834 | 1.77e-07
 835 | 1.77e-07
 836 | 1.78e-07
 837 | 1.79e-07
 838 | 1.78e-07
 839 | 1.70e-07
 840 | 1.64e-07
 841 | 1.59e-07
 842 | 1.55e-07
 843 | 1.51e-07
 844 | 1.48e-07
 845 | 1.46e-07
 846 | 1.44e-07
 847 | 1.43e-07
 848 | 1.41e-07
 849 | 1.40e-07
 850 | 1.38e-07
 851 | 1.38e-07
 852 | 1.36e-07
 853 | 1.34e-07
 854 | 1.32e-07
 855 | 1.30e-07
 856 | 1.29e-07
 857 | 1.29e-07
 858 | 1.28e-07
 859 | 1.28e-07
 860 | 1.28e-07
 861 | 1.23e-07
 862 | 1.21e-07
 863 | 1.20e-07
 864 | 1.18e-07
 865 | 1.12e-07
 866 | 1.10e-07
 867 | 1.09e-07
 868 | 1.08e-07
 869 | 1.08e-07
 870 | 1.08e-07
 871 | 1.09e-07
 872 | 1.09e-07
 873 | 1.09e-07
 874 | 1.10e-07
 875 | 1.10e-07
 876 | 1.11e-07
 877 | 1.12e-07
 878 | 1.13e-07
 879 | 1.14e-07
 880 | 1.15e-07
 881 | 1.17e-07
 882 | 1.18e-07
 883 | 1.19e-07
 884 | 1.19e-07
 885 | 1.20e-07
 886 | 1.21e-07
 887 | 1.22e-07
 888 | 1.24e-07
 889 | 1.26e-07
 890 | 1.27e-07
 891 | 1.29e-07
 892 | 1.31e-07
 893 | 1.33e-07
 894 | 1.35e-07
 895 | 1.38e-07
 896 | 1.40e-07
 897 | 1.43e-07
 898 | 1.46e-07
 899 | 1.50e-07
 900 | 1.55e-07
 901 | 1.60e-07
 902 | 1.66e-07
 903 | 1.73e-07
 904 | 1.80e-07
 905 | 1.88e-07
 906 | 1.95e-07
 907 | 2.01e-07
 908 | 2.09e-07
 909 | 2.16e-07
 910 | 2.24e-07
 911 | 2.32e-07
 912 | 2.41e-07
 913 | 2.49e-07
 914 | 2.58e-07
 915 | 2.65e-07
 916 | 2.76e-07
 917 | 2.88e-07
 918 | 3.01e-07
 919 | 3.15e-07
 920 | 3.32e-07
 921 | 3.51e-07
 922 | 3.73e-07
 923 | 3.98e-07
 924 | 4.28e-07
 925 | 4.60e-07
 926 | 4.89e-07
 927 | 5.18e-07
 928 | 5.03e-07
 929 | 5.37e-07
 930 | 5.73e-07
 931 | 6.08e-07
 932 | 6.45e-07
 933 | 6.86e-07
 934 | 7.35e-07
 935 | 7.86e-07
 936 | 8.39e-07
 937 | 9.06e-07
 938 | 9.79e-07
 939 | 1.06e-06
 940 | 1.12e-06
 941 | 1.17e-06
 942 | 1.21e-06
 943 | 1.23e-06
 944 | 1.26e-06
 945 | 1.27e-06
 946 | 1.27e-06
 947 | 1.21e-06
 948 | 1.14e-06
 949 | 1.08e-06
 950 | 1.02e-06
 951 | 9.32e-07
 952 | 8.61e-07
 953 | 7.94e-07
 954 | 7.26e-07
 955 | 6.57e-07
 956 | 5.90e-07
 957 | 5.25e-07
 958 | 4.67e-07
 959 | 4.13e-07
 960 | 3.64e-07
 961 | 3.22e-07
 962 | 2.85e-07
 963 | 2.51e-07
 964 | 2.22e-07
 965 | 1.99e-07
 966 | 1.80e-07
 967 | 1.64e-07
 968 | 1.52e-07
 969 | 1.41e-07
 970 | 1.34e-07
 971 | 1.27e-07
 972 | 1.21e-07
 973 | 1.17e-07
 974 | 1.15e-07
 975 | 1.13e-07
 976 | 1.11e-07
 977 | 1.10e-07
 978 | 1.09e-07
 979 | 1.09e-07
 980 | 1.10e-07
 981 | 1.10e-07
 982 | 1.11e-07
 983 | 1.12e-07
 984 | 1.13e-07
 985 | 1.14e-07
 986 | 1.15e-07
 987 | 1.17e-07
 988 | 1.19e-07
 989 | 1.21e-07
 990 | 1.23e-07
 991 | 1.25e-07
 992 | 1.27e-07
 993 | 1.29e-07
 994 | 1.31e-07
 995 | 1.33e-07
 996 | 1.35e-07
 997 | 1.37e-07
 998 | 1.40e-07
 999 | 1.43e-07
1000 | 1.45e-07
 convergence not reached in 1000 iterations
  (actual tol = 1.45e-07, target tol = 1.00e-07)
[2025-11-09 23:32:52] Run completed in 143.65 minutes
[2025-11-09 23:32:57] Saved NMF result to: /zata/zippy/kresgeb/nmf_stuff/dlPFC/data/batched_nmf/nmf_k90_seed2025_tol1e-07.rds
[2025-11-09 23:32:57] Appended run metadata to summary.csv
[2025-11-09 23:32:57] --------------------------------------------
[2025-11-09 23:32:57] Starting run 150 / 150: k=100, seed=2025, tol=1e-07
[2025-11-09 23:32:57] --------------------------------------------

iter |      tol 
---------------
   1 | 9.10e-01
   2 | 1.05e-01
   3 | 3.80e-02
   4 | 1.99e-02
   5 | 1.28e-02
   6 | 9.31e-03
   7 | 7.12e-03
   8 | 5.56e-03
   9 | 4.56e-03
  10 | 3.83e-03
  11 | 3.33e-03
  12 | 2.99e-03
  13 | 2.74e-03
  14 | 2.53e-03
  15 | 2.37e-03
  16 | 2.35e-03
  17 | 2.40e-03
  18 | 2.51e-03
  19 | 2.79e-03
  20 | 2.87e-03
  21 | 2.68e-03
  22 | 2.23e-03
  23 | 1.88e-03
  24 | 1.72e-03
  25 | 1.66e-03
  26 | 1.57e-03
  27 | 1.39e-03
  28 | 1.20e-03
  29 | 1.01e-03
  30 | 8.56e-04
  31 | 7.89e-04
  32 | 7.43e-04
  33 | 7.30e-04
  34 | 7.26e-04
  35 | 7.33e-04
  36 | 7.03e-04
  37 | 6.33e-04
  38 | 5.48e-04
  39 | 4.78e-04
  40 | 4.01e-04
  41 | 3.60e-04
  42 | 3.30e-04
  43 | 3.08e-04
  44 | 2.83e-04
  45 | 2.63e-04
  46 | 2.46e-04
  47 | 2.28e-04
  48 | 2.13e-04
  49 | 2.06e-04
  50 | 2.01e-04
  51 | 1.96e-04
  52 | 1.99e-04
  53 | 2.05e-04
  54 | 2.14e-04
  55 | 2.21e-04
  56 | 2.19e-04
  57 | 2.18e-04
  58 | 2.16e-04
  59 | 2.17e-04
  60 | 2.13e-04
  61 | 1.96e-04
  62 | 1.80e-04
  63 | 1.61e-04
  64 | 1.29e-04
  65 | 9.89e-05
  66 | 8.10e-05
  67 | 6.71e-05
  68 | 5.81e-05
  69 | 5.38e-05
  70 | 5.38e-05
  71 | 5.47e-05
  72 | 5.65e-05
  73 | 5.90e-05
  74 | 6.19e-05
  75 | 6.35e-05
  76 | 6.58e-05
  77 | 6.74e-05
  78 | 6.75e-05
  79 | 6.62e-05
  80 | 6.22e-05
  81 | 5.78e-05
  82 | 5.35e-05
  83 | 3.89e-05
  84 | 3.25e-05
  85 | 2.78e-05
  86 | 2.46e-05
  87 | 2.18e-05
  88 | 1.92e-05
  89 | 1.78e-05
  90 | 1.69e-05
  91 | 1.62e-05
  92 | 1.58e-05
  93 | 1.56e-05
  94 | 1.54e-05
  95 | 1.56e-05
  96 | 1.59e-05
  97 | 1.62e-05
  98 | 1.62e-05
  99 | 1.66e-05
 100 | 1.72e-05
 101 | 1.77e-05
 102 | 1.84e-05
 103 | 1.89e-05
 104 | 1.97e-05
 105 | 2.06e-05
 106 | 2.02e-05
 107 | 2.07e-05
 108 | 2.11e-05
 109 | 2.12e-05
 110 | 2.10e-05
 111 | 2.14e-05
 112 | 2.20e-05
 113 | 2.25e-05
 114 | 2.38e-05
 115 | 2.51e-05
 116 | 2.58e-05
 117 | 2.34e-05
 118 | 2.40e-05
 119 | 2.35e-05
 120 | 2.41e-05
 121 | 2.44e-05
 122 | 2.55e-05
 123 | 2.68e-05
 124 | 2.84e-05
 125 | 3.00e-05
 126 | 3.19e-05
 127 | 3.39e-05
 128 | 3.47e-05
 129 | 3.54e-05
 130 | 3.64e-05
 131 | 3.77e-05
 132 | 3.71e-05
 133 | 3.59e-05
 134 | 3.48e-05
 135 | 3.39e-05
 136 | 3.37e-05
 137 | 3.15e-05
 138 | 3.12e-05
 139 | 3.11e-05
 140 | 3.07e-05
 141 | 3.00e-05
 142 | 3.02e-05
 143 | 3.12e-05
 144 | 3.21e-05
 145 | 3.37e-05
 146 | 3.57e-05
 147 | 3.77e-05
 148 | 3.92e-05
 149 | 4.10e-05
 150 | 4.32e-05
 151 | 4.12e-05
 152 | 3.83e-05
 153 | 3.70e-05
 154 | 3.48e-05
 155 | 3.24e-05
 156 | 2.61e-05
 157 | 2.20e-05
 158 | 1.88e-05
 159 | 1.63e-05
 160 | 1.43e-05
 161 | 1.25e-05
 162 | 1.09e-05
 163 | 9.66e-06
 164 | 8.62e-06
 165 | 7.71e-06
 166 | 6.96e-06
 167 | 6.36e-06
 168 | 5.87e-06
 169 | 5.34e-06
 170 | 4.87e-06
 171 | 4.57e-06
 172 | 4.33e-06
 173 | 4.07e-06
 174 | 3.85e-06
 175 | 3.68e-06
 176 | 3.30e-06
 177 | 3.10e-06
 178 | 2.97e-06
 179 | 2.83e-06
 180 | 2.59e-06
 181 | 2.44e-06
 182 | 2.31e-06
 183 | 2.22e-06
 184 | 2.15e-06
 185 | 2.04e-06
 186 | 1.96e-06
 187 | 1.91e-06
 188 | 1.87e-06
 189 | 1.83e-06
 190 | 1.80e-06
 191 | 1.78e-06
 192 | 1.71e-06
 193 | 1.67e-06
 194 | 1.64e-06
 195 | 1.60e-06
 196 | 1.57e-06
 197 | 1.54e-06
 198 | 1.53e-06
 199 | 1.52e-06
 200 | 1.52e-06
 201 | 1.53e-06
 202 | 1.53e-06
 203 | 1.53e-06
 204 | 1.52e-06
 205 | 1.53e-06
 206 | 1.52e-06
 207 | 1.52e-06
 208 | 1.52e-06
 209 | 1.53e-06
 210 | 1.55e-06
 211 | 1.57e-06
 212 | 1.59e-06
 213 | 1.60e-06
 214 | 1.61e-06
 215 | 1.63e-06
 216 | 1.65e-06
 217 | 1.67e-06
 218 | 1.55e-06
 219 | 1.55e-06
 220 | 1.56e-06
 221 | 1.57e-06
 222 | 1.58e-06
 223 | 1.59e-06
 224 | 1.60e-06
 225 | 1.62e-06
 226 | 1.63e-06
 227 | 1.61e-06
 228 | 1.58e-06
 229 | 1.54e-06
 230 | 1.51e-06
 231 | 1.50e-06
 232 | 1.45e-06
 233 | 1.43e-06
 234 | 1.40e-06
 235 | 1.37e-06
 236 | 1.34e-06
 237 | 1.33e-06
 238 | 1.27e-06
 239 | 1.22e-06
 240 | 1.17e-06
 241 | 1.14e-06
 242 | 1.09e-06
 243 | 1.05e-06
 244 | 1.02e-06
 245 | 9.82e-07
 246 | 9.22e-07
 247 | 8.97e-07
 248 | 8.73e-07
 249 | 8.53e-07
 250 | 8.34e-07
 251 | 8.18e-07
 252 | 8.05e-07
 253 | 7.94e-07
 254 | 7.85e-07
 255 | 7.78e-07
 256 | 7.60e-07
 257 | 7.48e-07
 258 | 7.30e-07
 259 | 7.20e-07
 260 | 7.18e-07
 261 | 7.16e-07
 262 | 7.17e-07
 263 | 7.14e-07
 264 | 7.17e-07
 265 | 7.22e-07
 266 | 7.30e-07
 267 | 7.37e-07
 268 | 7.38e-07
 269 | 7.47e-07
 270 | 7.60e-07
 271 | 7.63e-07
 272 | 7.72e-07
 273 | 7.77e-07
 274 | 7.88e-07
 275 | 7.98e-07
 276 | 8.10e-07
 277 | 8.22e-07
 278 | 8.34e-07
 279 | 8.41e-07
 280 | 8.45e-07
 281 | 8.51e-07
 282 | 8.56e-07
 283 | 8.60e-07
 284 | 8.68e-07
 285 | 8.64e-07
 286 | 8.67e-07
 287 | 8.74e-07
 288 | 8.79e-07
 289 | 8.80e-07
 290 | 8.78e-07
 291 | 8.73e-07
 292 | 8.78e-07
 293 | 8.84e-07
 294 | 8.84e-07
 295 | 8.86e-07
 296 | 8.89e-07
 297 | 8.98e-07
 298 | 8.93e-07
 299 | 8.98e-07
 300 | 9.07e-07
 301 | 9.10e-07
 302 | 9.04e-07
 303 | 8.90e-07
 304 | 8.97e-07
 305 | 9.06e-07
 306 | 9.16e-07
 307 | 9.33e-07
 308 | 9.56e-07
 309 | 9.67e-07
 310 | 9.77e-07
 311 | 1.00e-06
 312 | 1.03e-06
 313 | 1.06e-06
 314 | 1.09e-06
 315 | 1.13e-06
 316 | 1.18e-06
 317 | 1.22e-06
 318 | 1.28e-06
 319 | 1.35e-06
 320 | 1.43e-06
 321 | 1.52e-06
 322 | 1.62e-06
 323 | 1.73e-06
 324 | 1.88e-06
 325 | 2.04e-06
 326 | 2.15e-06
 327 | 2.28e-06
 328 | 2.37e-06
 329 | 2.49e-06
 330 | 2.62e-06
 331 | 2.78e-06
 332 | 2.92e-06
 333 | 3.04e-06
 334 | 3.17e-06
 335 | 3.26e-06
 336 | 3.38e-06
 337 | 3.46e-06
 338 | 3.55e-06
 339 | 3.59e-06
 340 | 3.59e-06
 341 | 3.64e-06
 342 | 3.62e-06
 343 | 3.45e-06
 344 | 3.31e-06
 345 | 3.33e-06
 346 | 3.29e-06
 347 | 3.17e-06
 348 | 3.16e-06
 349 | 3.19e-06
 350 | 3.03e-06
 351 | 2.82e-06
 352 | 2.84e-06
 353 | 2.91e-06
 354 | 3.04e-06
 355 | 3.15e-06
 356 | 3.28e-06
 357 | 3.37e-06
 358 | 3.40e-06
 359 | 3.40e-06
 360 | 3.29e-06
 361 | 3.01e-06
 362 | 2.61e-06
 363 | 2.29e-06
 364 | 2.04e-06
 365 | 1.85e-06
 366 | 1.72e-06
 367 | 1.63e-06
 368 | 1.55e-06
 369 | 1.53e-06
 370 | 1.46e-06
 371 | 1.44e-06
 372 | 1.38e-06
 373 | 1.40e-06
 374 | 1.37e-06
 375 | 1.08e-06
 376 | 1.03e-06
 377 | 9.82e-07
 378 | 9.41e-07
 379 | 9.14e-07
 380 | 8.91e-07
 381 | 8.70e-07
 382 | 8.48e-07
 383 | 8.25e-07
 384 | 7.86e-07
 385 | 7.62e-07
 386 | 7.38e-07
 387 | 7.14e-07
 388 | 6.87e-07
 389 | 6.60e-07
 390 | 6.38e-07
 391 | 6.14e-07
 392 | 5.80e-07
 393 | 5.57e-07
 394 | 5.35e-07
 395 | 5.18e-07
 396 | 5.02e-07
 397 | 4.90e-07
 398 | 4.80e-07
 399 | 4.69e-07
 400 | 4.59e-07
 401 | 4.47e-07
 402 | 4.39e-07
 403 | 4.32e-07
 404 | 4.26e-07
 405 | 4.19e-07
 406 | 4.13e-07
 407 | 3.98e-07
 408 | 3.72e-07
 409 | 3.57e-07
 410 | 3.50e-07
 411 | 3.44e-07
 412 | 3.38e-07
 413 | 3.33e-07
 414 | 3.30e-07
 415 | 3.25e-07
 416 | 3.13e-07
 417 | 3.06e-07
 418 | 3.02e-07
 419 | 3.01e-07
 420 | 2.99e-07
 421 | 2.97e-07
 422 | 2.94e-07
 423 | 2.91e-07
 424 | 2.90e-07
 425 | 2.90e-07
 426 | 2.90e-07
 427 | 2.90e-07
 428 | 2.91e-07
 429 | 2.93e-07
 430 | 2.94e-07
 431 | 2.95e-07
 432 | 2.90e-07
 433 | 2.85e-07
 434 | 2.83e-07
 435 | 2.82e-07
 436 | 2.82e-07
 437 | 2.82e-07
 438 | 2.84e-07
 439 | 2.87e-07
 440 | 2.89e-07
 441 | 2.91e-07
 442 | 2.95e-07
 443 | 2.95e-07
 444 | 2.97e-07
 445 | 3.00e-07
 446 | 3.04e-07
 447 | 3.08e-07
 448 | 3.13e-07
 449 | 3.14e-07
 450 | 3.18e-07
 451 | 3.21e-07
 452 | 3.23e-07
 453 | 3.26e-07
 454 | 3.31e-07
 455 | 3.37e-07
 456 | 3.42e-07
 457 | 3.48e-07
 458 | 3.55e-07
 459 | 3.62e-07
 460 | 3.63e-07
 461 | 3.67e-07
 462 | 3.75e-07
 463 | 3.82e-07
 464 | 3.90e-07
 465 | 3.97e-07
 466 | 4.02e-07
 467 | 4.08e-07
 468 | 4.12e-07
 469 | 4.14e-07
 470 | 4.16e-07
 471 | 4.10e-07
 472 | 4.08e-07
 473 | 4.03e-07
 474 | 3.92e-07
 475 | 3.85e-07
 476 | 3.77e-07
 477 | 3.72e-07
 478 | 3.69e-07
 479 | 3.63e-07
 480 | 3.60e-07
 481 | 3.54e-07
 482 | 3.49e-07
 483 | 3.38e-07
 484 | 3.32e-07
 485 | 3.26e-07
 486 | 3.22e-07
 487 | 3.19e-07
 488 | 3.18e-07
 489 | 3.17e-07
 490 | 3.15e-07
 491 | 3.12e-07
 492 | 3.11e-07
 493 | 3.10e-07
 494 | 3.08e-07
 495 | 3.05e-07
 496 | 3.04e-07
 497 | 3.04e-07
 498 | 3.05e-07
 499 | 3.06e-07
 500 | 3.07e-07
 501 | 3.10e-07
 502 | 3.11e-07
 503 | 3.14e-07
 504 | 3.18e-07
 505 | 3.21e-07
 506 | 3.26e-07
 507 | 3.30e-07
 508 | 3.34e-07
 509 | 3.38e-07
 510 | 2.87e-07
 511 | 2.70e-07
 512 | 2.62e-07
 513 | 2.55e-07
 514 | 2.48e-07
 515 | 2.42e-07
 516 | 2.37e-07
 517 | 2.33e-07
 518 | 2.30e-07
 519 | 2.28e-07
 520 | 2.25e-07
 521 | 2.24e-07
 522 | 2.23e-07
 523 | 2.22e-07
 524 | 2.21e-07
 525 | 2.22e-07
 526 | 2.19e-07
 527 | 2.16e-07
 528 | 2.17e-07
 529 | 2.17e-07
 530 | 2.18e-07
 531 | 2.18e-07
 532 | 2.18e-07
 533 | 2.11e-07
 534 | 2.09e-07
 535 | 2.09e-07
 536 | 2.09e-07
 537 | 2.13e-07
 538 | 2.18e-07
 539 | 2.21e-07
 540 | 2.23e-07
 541 | 2.24e-07
 542 | 2.24e-07
 543 | 2.27e-07
 544 | 2.28e-07
 545 | 2.29e-07
 546 | 2.28e-07
 547 | 2.26e-07
 548 | 2.25e-07
 549 | 2.24e-07
 550 | 2.13e-07
 551 | 2.04e-07
 552 | 1.95e-07
 553 | 1.88e-07
 554 | 1.84e-07
 555 | 1.80e-07
 556 | 1.76e-07
 557 | 1.73e-07
 558 | 1.71e-07
 559 | 1.68e-07
 560 | 1.66e-07
 561 | 1.63e-07
 562 | 1.61e-07
 563 | 1.60e-07
 564 | 1.57e-07
 565 | 1.43e-07
 566 | 1.37e-07
 567 | 1.35e-07
 568 | 1.34e-07
 569 | 1.34e-07
 570 | 1.33e-07
 571 | 1.32e-07
 572 | 1.32e-07
 573 | 1.31e-07
 574 | 1.30e-07
 575 | 1.30e-07
 576 | 1.30e-07
 577 | 1.30e-07
 578 | 1.30e-07
 579 | 1.30e-07
 580 | 1.30e-07
 581 | 1.30e-07
 582 | 1.30e-07
 583 | 1.31e-07
 584 | 1.31e-07
 585 | 1.31e-07
 586 | 1.32e-07
 587 | 1.32e-07
 588 | 1.32e-07
 589 | 1.32e-07
 590 | 1.33e-07
 591 | 1.37e-07
 592 | 1.36e-07
 593 | 1.35e-07
 594 | 1.31e-07
 595 | 1.24e-07
 596 | 1.22e-07
 597 | 1.22e-07
 598 | 1.19e-07
 599 | 1.18e-07
 600 | 1.17e-07
 601 | 1.16e-07
 602 | 1.15e-07
 603 | 1.15e-07
 604 | 1.14e-07
 605 | 1.14e-07
 606 | 1.13e-07
 607 | 1.11e-07
 608 | 1.10e-07
 609 | 1.10e-07
 610 | 1.10e-07
 611 | 1.09e-07
 612 | 1.08e-07
 613 | 1.07e-07
 614 | 1.07e-07
 615 | 1.08e-07
 616 | 1.08e-07
 617 | 1.07e-07
 618 | 1.05e-07
 619 | 1.04e-07
 620 | 9.82e-08
[2025-11-10 01:16:49] Run completed in 103.86 minutes
[2025-11-10 01:16:55] Saved NMF result to: /zata/zippy/kresgeb/nmf_stuff/dlPFC/data/batched_nmf/nmf_k100_seed2025_tol1e-07.rds
[2025-11-10 01:16:55] Appended run metadata to summary.csv
[2025-11-10 01:16:55] ===== Batch NMF Complete =====
R version 4.4.2 (2024-10-31)
Platform: x86_64-pc-linux-gnu
Running under: Ubuntu 22.04.5 LTS

Matrix products: default
BLAS:   /usr/lib/x86_64-linux-gnu/blas/libblas.so.3.10.0 
LAPACK: /usr/lib/x86_64-linux-gnu/lapack/liblapack.so.3.10.0

locale:
[1] C

time zone: America/New_York
tzcode source: system (glibc)

attached base packages:
[1] stats4    stats     graphics  grDevices utils     datasets  methods   base     

other attached packages:
 [1] sessioninfo_1.2.2           Matrix_1.7-1                RcppML_0.5.5                SpatialExperiment_1.16.0   
 [5] SingleCellExperiment_1.28.1 SummarizedExperiment_1.36.0 Biobase_2.66.0              GenomicRanges_1.58.0       
 [9] GenomeInfoDb_1.42.1         IRanges_2.40.1              S4Vectors_0.44.0            BiocGenerics_0.52.0        
[13] MatrixGenerics_1.18.0       matrixStats_1.5.0           here_1.0.1                 

loaded via a namespace (and not attached):
 [1] jsonlite_2.0.0          compiler_4.4.2          rjson_0.2.23            crayon_1.5.3           
 [5] Rcpp_1.1.0              magick_2.8.6            lattice_0.22-5          R6_2.6.1               
 [9] XVector_0.46.0          S4Arrays_1.6.0          RcppEigen_0.3.4.0.2     knitr_1.50             
[13] DelayedArray_0.32.0     rprojroot_2.1.1         GenomeInfoDbData_1.2.13 xfun_0.53              
[17] SparseArray_1.6.0       cli_3.6.5               magrittr_2.0.4          zlibbioc_1.52.0        
[21] grid_4.4.2              evaluate_1.0.5          abind_1.4-8             httr_1.4.7             
[25] tools_4.4.2             UCSC.utils_1.2.0       
- Session info -----------------------------------------------------------------------------------------
 setting  value
 version  R version 4.4.2 (2024-10-31)
 os       Ubuntu 22.04.5 LTS
 system   x86_64, linux-gnu
 ui       X11
 language (EN)
 collate  C
 ctype    C
 tz       America/New_York
 date     2025-11-10
 pandoc   2.9.2.1 @ /usr/bin/pandoc

- Packages ---------------------------------------------------------------------------------------------
 package              * version   date (UTC) lib source
 abind                  1.4-8     2024-09-12 [1] CRAN (R 4.4.2)
 Biobase              * 2.66.0    2024-10-29 [1] Bioconductor 3.20 (R 4.4.2)
 BiocGenerics         * 0.52.0    2024-10-29 [1] Bioconductor 3.20 (R 4.4.2)
 cli                    3.6.5     2025-04-23 [1] CRAN (R 4.4.2)
 crayon                 1.5.3     2024-06-20 [1] CRAN (R 4.4.2)
 DelayedArray           0.32.0    2024-10-29 [1] Bioconductor 3.20 (R 4.4.2)
 evaluate               1.0.5     2025-08-27 [1] CRAN (R 4.4.2)
 GenomeInfoDb         * 1.42.1    2024-11-28 [1] Bioconductor 3.20 (R 4.4.2)
 GenomeInfoDbData       1.2.13    2025-01-10 [1] Bioconductor
 GenomicRanges        * 1.58.0    2024-10-29 [1] Bioconductor 3.20 (R 4.4.2)
 here                 * 1.0.1     2020-12-13 [1] CRAN (R 4.4.2)
 httr                   1.4.7     2023-08-15 [1] CRAN (R 4.4.2)
 IRanges              * 2.40.1    2024-12-05 [1] Bioconductor 3.20 (R 4.4.2)
 jsonlite               2.0.0     2025-03-27 [1] CRAN (R 4.4.2)
 knitr                  1.50      2025-03-16 [1] CRAN (R 4.4.2)
 lattice                0.22-5    2023-10-24 [3] CRAN (R 4.3.1)
 magick                 2.8.6     2025-03-23 [1] CRAN (R 4.4.2)
 magrittr               2.0.4     2025-09-12 [1] CRAN (R 4.4.2)
 Matrix               * 1.7-1     2024-10-18 [3] CRAN (R 4.4.1)
 MatrixGenerics       * 1.18.0    2024-10-29 [1] Bioconductor 3.20 (R 4.4.2)
 matrixStats          * 1.5.0     2025-01-07 [1] CRAN (R 4.4.2)
 R6                     2.6.1     2025-02-15 [1] CRAN (R 4.4.2)
 Rcpp                   1.1.0     2025-07-02 [1] CRAN (R 4.4.2)
 RcppEigen              0.3.4.0.2 2024-08-24 [1] CRAN (R 4.4.2)
 RcppML               * 0.5.5     2025-09-09 [1] Github (zdebruine/RcppML@c997bcd)
 rjson                  0.2.23    2024-09-16 [1] CRAN (R 4.4.2)
 rprojroot              2.1.1     2025-08-26 [1] CRAN (R 4.4.2)
 S4Arrays               1.6.0     2024-10-29 [1] Bioconductor 3.20 (R 4.4.2)
 S4Vectors            * 0.44.0    2024-10-29 [1] Bioconductor 3.20 (R 4.4.2)
 sessioninfo          * 1.2.2     2021-12-06 [1] CRAN (R 4.4.2)
 SingleCellExperiment * 1.28.1    2024-11-10 [1] Bioconductor 3.20 (R 4.4.2)
 SparseArray            1.6.0     2024-10-29 [1] Bioconductor 3.20 (R 4.4.2)
 SpatialExperiment    * 1.16.0    2024-10-29 [1] Bioconductor 3.20 (R 4.4.2)
 SummarizedExperiment * 1.36.0    2024-10-29 [1] Bioconductor 3.20 (R 4.4.2)
 UCSC.utils             1.2.0     2024-10-29 [1] Bioconductor 3.20 (R 4.4.2)
 xfun                   0.53      2025-08-19 [1] CRAN (R 4.4.2)
 XVector                0.46.0    2024-10-29 [1] Bioconductor 3.20 (R 4.4.2)
 zlibbioc               1.52.0    2024-10-29 [1] Bioconductor 3.20 (R 4.4.2)

 [1] /usr/local/lib/R/site-library
 [2] /usr/lib/R/site-library
 [3] /usr/lib/R/library

--------------------------------------------------------------------------------------------------------
