[2025-11-12 13:23:06] Log file created: /zata/zippy/kresgeb/nmf_stuff/dlPFC/logs/batched_projection_2025-11-12_13-23-06.log
[2025-11-12 13:23:06] ======Snapshot of script: batched_projection.R======

----- Begin Script Snapshot -----
#!/usr/bin/env Rscript

suppressPackageStartupMessages({
    library(here)
    library(SpatialExperiment)
    library(SingleCellExperiment)
    library(RcppML)
    library(sessioninfo)
    library(duckplyr)
    library(readr)
})

# --------------------------------------------------------------
# Set project root and import utilities
# --------------------------------------------------------------
my_relative_path <- "scripts/batched_projection.R"
here::i_am(my_relative_path)
source(here("scripts", "utils.R"))

# --------------------------------------------------------------
# Global setup
# --------------------------------------------------------------
threads <- 64
options(RcppML.threads = threads)
options(RcppML.verbose = TRUE)

setup_log(prefix = "batched_projection")
snapshot_script(here(my_relative_path))
log_msg("===== Session Info =====")
print(sessionInfo())
print(session_info())
log_msg(sprintf("Running batched projection with %d threads", threads))

# --------------------------------------------------------------
# Paths and parameters
# --------------------------------------------------------------
nmf_summary_tsv <- here("data", "batched_nmf", "summary.tsv")
srt_path <- "/data/zusers/kresgeb/psych_encode/spatialLIBD_fetch_data/2024.RData"
proj_outdir <- here("data", "batched_projection")
summary_tsv <- file.path(proj_outdir, "summary.tsv")

if (!dir.exists(proj_outdir)) {
    dir.create(proj_outdir, recursive = TRUE)
}

# --------------------------------------------------------------
# Load SRT once
# --------------------------------------------------------------
log_msg("===== Loading and processing SRT object =====")
log_msg(paste("Loading SRT object from:", srt_path))
load_and_rename(srt_path, new_names = "srt", verbose = TRUE)
stopifnot(inherits(srt, "SpatialExperiment"))

# The object uses Ensebml IDs as rownames
# I should not ever WANT this,
# so lets just replace them with the gene_names right now
# Replace Ensembl IDs with gene_name as rownames
log_msg("Replacing rownames(srt) with gene_name from rowData...")
gene_names <- as.character(rowData(srt)$gene_name)
na_idx <- which(is.na(gene_names) | gene_names == "")
if (length(na_idx) > 0) {
    gene_names[na_idx] <- rownames(srt)[na_idx] # fallback to Ensembl IDs
    log_msg(sprintf("Replaced %d NA/blank gene_name entries with Ensembl IDs", length(na_idx)))
}
# Make names unique (adds .1, .2, etc. suffixes)
gene_names <- make.unique(gene_names)

# apply new rownames
rownames(srt) <- gene_names
log_msg("SRT preprocessing complete.")

# --------------------------------------------------------------
# Load NMF batch summary
# --------------------------------------------------------------
if (!file.exists(nmf_summary_tsv)) {
    stop("NMF summary TSV not found at: ", nmf_summary_tsv)
}
nmf_summary <- read_tsv(nmf_summary_tsv, show_col_types = FALSE)
log_msg(sprintf("Loaded %d NMF runs from summary.", nrow(nmf_summary)))

# --------------------------------------------------------------
# Setup for output summary TSV
# --------------------------------------------------------------

if (file.exists(summary_tsv)) {
    summary_df <- read_tsv(summary_tsv, show_col_types = FALSE)
    log_msg(sprintf("Loaded existing summary TSV with %d rows", nrow(summary_df)))
} else {
    summary_df <- tibble(
        timestamp = character(),
        k = integer(),
        seed = integer(),
        tol = numeric(),
        L1 = numeric(),
        elapsed_min = numeric(),
        nmf_input = character(),
        projection_output = character(),
        n_common_genes = integer()
    )
    write_tsv(summary_df, summary_tsv)
    log_msg(sprintf("Initialized empty summary TSV at: %s", summary_tsv))
}


# --------------------------------------------------------------
# Run projections for each NMF result
# --------------------------------------------------------------

# --- Config ---
skip_completed <- TRUE # set FALSE to force re-run even if already completed

for (i in seq_len(nrow(nmf_summary))) {
    nmf_path <- nmf_summary$output_path[i]
    k <- nmf_summary$k[i]
    seed <- nmf_summary$seed[i]
    tol <- nmf_summary$tol[i]
    L1 <- nmf_summary$L1[i]

    run_prefix <- sprintf("proj_k%d_seed%d_tol%.0e_L1%.1f", k, seed, tol, L1)
    proj_out_path <- file.path(proj_outdir, paste0(run_prefix, ".rds"))

    log_msg("--------------------------------------------")
    log_msg(sprintf(
        "Starting projection %d / %d: k=%d, seed=%d, tol=%.0e, L1=%.1f",
        i, nrow(nmf_summary), k, seed, tol, L1
    ))
    log_msg("--------------------------------------------")

    # --- Check for completed run ---
    already_done <- FALSE
    if (skip_completed && nrow(summary_df) > 0) {
        match_row <- summary_df |>
            filter(k == !!k, seed == !!seed, tol == !!tol, L1 == !!L1)
        if (nrow(match_row) > 0) {
            already_done <- TRUE
            ts <- lubridate::ymd_hms(match_row$timestamp, tz = "UTC")
            ago <- lubridate::as.period(Sys.time() - ts, unit = "minute")
            log_msg(sprintf(
                "Skipping run (already completed)\n\tcompleted %s ago at %s UTC\n\tlocation: %s",
                lubridate::time_length(ago, "hour") %>%
                    {
                        \(x) sprintf("%.1f hours", x)
                    }(),
                format(ts, "%Y-%m-%dT%H:%M:%SZ"),
                match_row$output_path
            ))
        }
    }
    if (already_done) next

    start_time <- Sys.time()

    # Load NMF model
    nmf_x <- readRDS(nmf_path)
    w <- nmf_x@w

    # Match genes
    common_genes <- intersect(rownames(w), rownames(srt))
    log_msg(sprintf("Common genes: %d", length(common_genes)))

    w <- w[common_genes, , drop = FALSE]
    Y <- assay(srt, "logcounts")[common_genes, , drop = FALSE]

    # Projection
    log_msg("Projecting SRT into snRNA NMF basis...")
    set.seed(seed)
    proj <- project(w, Y, L1 = 0)
    proj <- t(proj)

    # Rescale so loadings per spot sum to 1
    proj <- apply(proj, 2, function(z) z / sum(z))
    log_msg("Projection complete and rescaled.")

    # Save result
    saveRDS(proj, proj_out_path)
    log_msg(paste("Saved projection result to:", proj_out_path))

    end_time <- Sys.time()
    elapsed <- as.numeric(difftime(end_time, start_time, units = "mins"))

    # --- Construct row ---
    new_row <- tibble(
        timestamp = format(Sys.time(), "%Y-%m-%dT%H:%M:%SZ", tz = "UTC"),
        k = k, seed = seed, tol = tol, L1 = L1,
        elapsed_min = elapsed,
        nmf_input = nmf_path,
        projection_output = proj_out_path,
        n_common_genes = length(common_genes)
    )
    # --- Append to TSV file ---
    write_tsv(new_row, summary_tsv, append = TRUE)
    log_msg("Appended run metadata to summary.tsv")
}

log_msg("===== Finished batched projection =====")
close_log()

----- End Script Snapshot -----

[2025-11-12 13:23:06] ===== Session Info =====
R version 4.4.2 (2024-10-31)
Platform: x86_64-pc-linux-gnu
Running under: Ubuntu 22.04.5 LTS

Matrix products: default
BLAS:   /usr/lib/x86_64-linux-gnu/blas/libblas.so.3.10.0 
LAPACK: /usr/lib/x86_64-linux-gnu/lapack/liblapack.so.3.10.0

locale:
[1] C

time zone: America/New_York
tzcode source: system (glibc)

attached base packages:
[1] stats4    stats     graphics  grDevices utils     datasets  methods   base     

other attached packages:
 [1] readr_2.1.5                 duckplyr_1.1.3              dplyr_1.1.4                 sessioninfo_1.2.2          
 [5] RcppML_0.5.5                SpatialExperiment_1.16.0    SingleCellExperiment_1.28.1 SummarizedExperiment_1.36.0
 [9] Biobase_2.66.0              GenomicRanges_1.58.0        GenomeInfoDb_1.42.1         IRanges_2.40.1             
[13] S4Vectors_0.44.0            BiocGenerics_0.52.0         MatrixGenerics_1.18.0       matrixStats_1.5.0          
[17] here_1.0.1                 

loaded via a namespace (and not attached):
 [1] generics_0.1.4          SparseArray_1.6.0       lattice_0.22-5          hms_1.1.3              
 [5] magrittr_2.0.4          RcppEigen_0.3.4.0.2     evaluate_1.0.5          grid_4.4.2             
 [9] fastmap_1.2.0           rprojroot_2.1.1         jsonlite_2.0.0          Matrix_1.7-1           
[13] DBI_1.2.3               httr_1.4.7              UCSC.utils_1.2.0        collections_0.3.8      
[17] duckdb_1.4.1            abind_1.4-8             cli_3.6.5               rlang_1.1.6            
[21] crayon_1.5.3            XVector_0.46.0          cachem_1.1.0            DelayedArray_0.32.0    
[25] S4Arrays_1.6.0          tools_4.4.2             tzdb_0.4.0              memoise_2.0.1          
[29] GenomeInfoDbData_1.2.13 vctrs_0.6.5             R6_2.6.1                lifecycle_1.0.4        
[33] magick_2.8.6            zlibbioc_1.52.0         pkgconfig_2.0.3         pillar_1.11.1          
[37] glue_1.8.0              Rcpp_1.1.0              xfun_0.53               tibble_3.3.0           
[41] tidyselect_1.2.1        knitr_1.50              rjson_0.2.23            compiler_4.4.2         
- Session info -------------------------------------------------------------------------------------------------------------------------------------------------------------------------------------------------
 setting  value
 version  R version 4.4.2 (2024-10-31)
 os       Ubuntu 22.04.5 LTS
 system   x86_64, linux-gnu
 ui       X11
 language (EN)
 collate  C
 ctype    C
 tz       America/New_York
 date     2025-11-12
 pandoc   2.9.2.1 @ /usr/bin/pandoc

- Packages -----------------------------------------------------------------------------------------------------------------------------------------------------------------------------------------------------
 package              * version   date (UTC) lib source
 abind                  1.4-8     2024-09-12 [1] CRAN (R 4.4.2)
 Biobase              * 2.66.0    2024-10-29 [1] Bioconductor 3.20 (R 4.4.2)
 BiocGenerics         * 0.52.0    2024-10-29 [1] Bioconductor 3.20 (R 4.4.2)
 cachem                 1.1.0     2024-05-16 [1] CRAN (R 4.4.2)
 cli                    3.6.5     2025-04-23 [1] CRAN (R 4.4.2)
 collections            0.3.8     2025-05-08 [1] CRAN (R 4.4.2)
 crayon                 1.5.3     2024-06-20 [1] CRAN (R 4.4.2)
 DBI                    1.2.3     2024-06-02 [1] CRAN (R 4.4.2)
 DelayedArray           0.32.0    2024-10-29 [1] Bioconductor 3.20 (R 4.4.2)
 dplyr                * 1.1.4     2023-11-17 [1] CRAN (R 4.4.2)
 duckdb                 1.4.1     2025-10-16 [1] CRAN (R 4.4.2)
 duckplyr             * 1.1.3     2025-11-04 [1] CRAN (R 4.4.2)
 evaluate               1.0.5     2025-08-27 [1] CRAN (R 4.4.2)
 fastmap                1.2.0     2024-05-15 [1] CRAN (R 4.4.2)
 generics               0.1.4     2025-05-09 [1] CRAN (R 4.4.2)
 GenomeInfoDb         * 1.42.1    2024-11-28 [1] Bioconductor 3.20 (R 4.4.2)
 GenomeInfoDbData       1.2.13    2025-01-10 [1] Bioconductor
 GenomicRanges        * 1.58.0    2024-10-29 [1] Bioconductor 3.20 (R 4.4.2)
 glue                   1.8.0     2024-09-30 [1] CRAN (R 4.4.2)
 here                 * 1.0.1     2020-12-13 [1] CRAN (R 4.4.2)
 hms                    1.1.3     2023-03-21 [1] CRAN (R 4.4.2)
 httr                   1.4.7     2023-08-15 [1] CRAN (R 4.4.2)
 IRanges              * 2.40.1    2024-12-05 [1] Bioconductor 3.20 (R 4.4.2)
 jsonlite               2.0.0     2025-03-27 [1] CRAN (R 4.4.2)
 knitr                  1.50      2025-03-16 [1] CRAN (R 4.4.2)
 lattice                0.22-5    2023-10-24 [3] CRAN (R 4.3.1)
 lifecycle              1.0.4     2023-11-07 [1] CRAN (R 4.4.2)
 magick                 2.8.6     2025-03-23 [1] CRAN (R 4.4.2)
 magrittr               2.0.4     2025-09-12 [1] CRAN (R 4.4.2)
 Matrix                 1.7-1     2024-10-18 [3] CRAN (R 4.4.1)
 MatrixGenerics       * 1.18.0    2024-10-29 [1] Bioconductor 3.20 (R 4.4.2)
 matrixStats          * 1.5.0     2025-01-07 [1] CRAN (R 4.4.2)
 memoise                2.0.1     2021-11-26 [1] CRAN (R 4.4.2)
 pillar                 1.11.1    2025-09-17 [1] CRAN (R 4.4.2)
 pkgconfig              2.0.3     2019-09-22 [1] CRAN (R 4.4.2)
 R6                     2.6.1     2025-02-15 [1] CRAN (R 4.4.2)
 Rcpp                   1.1.0     2025-07-02 [1] CRAN (R 4.4.2)
 RcppEigen              0.3.4.0.2 2024-08-24 [1] CRAN (R 4.4.2)
 RcppML               * 0.5.5     2025-09-09 [1] Github (zdebruine/RcppML@c997bcd)
 readr                * 2.1.5     2024-01-10 [1] CRAN (R 4.4.2)
 rjson                  0.2.23    2024-09-16 [1] CRAN (R 4.4.2)
 rlang                  1.1.6     2025-04-11 [1] CRAN (R 4.4.2)
 rprojroot              2.1.1     2025-08-26 [1] CRAN (R 4.4.2)
 S4Arrays               1.6.0     2024-10-29 [1] Bioconductor 3.20 (R 4.4.2)
 S4Vectors            * 0.44.0    2024-10-29 [1] Bioconductor 3.20 (R 4.4.2)
 sessioninfo          * 1.2.2     2021-12-06 [1] CRAN (R 4.4.2)
 SingleCellExperiment * 1.28.1    2024-11-10 [1] Bioconductor 3.20 (R 4.4.2)
 SparseArray            1.6.0     2024-10-29 [1] Bioconductor 3.20 (R 4.4.2)
 SpatialExperiment    * 1.16.0    2024-10-29 [1] Bioconductor 3.20 (R 4.4.2)
 SummarizedExperiment * 1.36.0    2024-10-29 [1] Bioconductor 3.20 (R 4.4.2)
 tibble                 3.3.0     2025-06-08 [1] CRAN (R 4.4.2)
 tidyselect             1.2.1     2024-03-11 [1] CRAN (R 4.4.2)
 tzdb                   0.4.0     2023-05-12 [1] CRAN (R 4.4.2)
 UCSC.utils             1.2.0     2024-10-29 [1] Bioconductor 3.20 (R 4.4.2)
 vctrs                  0.6.5     2023-12-01 [1] CRAN (R 4.4.2)
 xfun                   0.53      2025-08-19 [1] CRAN (R 4.4.2)
 XVector                0.46.0    2024-10-29 [1] Bioconductor 3.20 (R 4.4.2)
 zlibbioc               1.52.0    2024-10-29 [1] Bioconductor 3.20 (R 4.4.2)

 [1] /usr/local/lib/R/site-library
 [2] /usr/lib/R/site-library
 [3] /usr/lib/R/library

----------------------------------------------------------------------------------------------------------------------------------------------------------------------------------------------------------------
[2025-11-12 13:23:06] Running batched projection with 64 threads
[2025-11-12 13:23:06] ===== Loading and processing SRT object =====
[2025-11-12 13:23:06] Loading SRT object from: /data/zusers/kresgeb/psych_encode/spatialLIBD_fetch_data/2024.RData
Loading objects:
  spe
[2025-11-12 13:27:32] Replacing rownames(srt) with gene_name from rowData...
[2025-11-12 13:27:32] SRT preprocessing complete.
[2025-11-12 13:27:32] Loaded 157 NMF runs from summary.
[2025-11-12 13:27:32] Initialized empty summary TSV at: /zata/zippy/kresgeb/nmf_stuff/dlPFC/data/batched_projection/summary.tsv
[2025-11-12 13:27:33] --------------------------------------------
[2025-11-12 13:27:33] Starting projection 1 / 157: k=10, seed=42, tol=1e-05, L1=0.1
[2025-11-12 13:27:33] --------------------------------------------
[2025-11-12 13:27:33] Common genes: 28907
[2025-11-12 13:27:37] Projecting SRT into snRNA NMF basis...
[2025-11-12 13:27:39] Projection complete and rescaled.
[2025-11-12 13:27:40] Saved projection result to: /zata/zippy/kresgeb/nmf_stuff/dlPFC/data/batched_projection/proj_k10_seed42_tol1e-05_L10.1.rds
[2025-11-12 13:27:40] Appended run metadata to summary.tsv
[2025-11-12 13:27:40] --------------------------------------------
[2025-11-12 13:27:40] Starting projection 2 / 157: k=20, seed=42, tol=1e-05, L1=0.1
[2025-11-12 13:27:40] --------------------------------------------
[2025-11-12 13:27:40] Common genes: 28907
[2025-11-12 13:27:48] Projecting SRT into snRNA NMF basis...
[2025-11-12 13:27:50] Projection complete and rescaled.
[2025-11-12 13:27:51] Saved projection result to: /zata/zippy/kresgeb/nmf_stuff/dlPFC/data/batched_projection/proj_k20_seed42_tol1e-05_L10.1.rds
[2025-11-12 13:27:51] Appended run metadata to summary.tsv
[2025-11-12 13:27:51] --------------------------------------------
[2025-11-12 13:27:51] Starting projection 3 / 157: k=30, seed=42, tol=1e-05, L1=0.1
[2025-11-12 13:27:51] --------------------------------------------
[2025-11-12 13:27:51] Common genes: 28907
[2025-11-12 13:27:55] Projecting SRT into snRNA NMF basis...
[2025-11-12 13:28:01] Projection complete and rescaled.
[2025-11-12 13:28:02] Saved projection result to: /zata/zippy/kresgeb/nmf_stuff/dlPFC/data/batched_projection/proj_k30_seed42_tol1e-05_L10.1.rds
[2025-11-12 13:28:02] Appended run metadata to summary.tsv
[2025-11-12 13:28:02] --------------------------------------------
[2025-11-12 13:28:02] Starting projection 4 / 157: k=40, seed=42, tol=1e-05, L1=0.1
[2025-11-12 13:28:02] --------------------------------------------
[2025-11-12 13:28:02] Common genes: 28907
[2025-11-12 13:28:06] Projecting SRT into snRNA NMF basis...
[2025-11-12 13:28:09] Projection complete and rescaled.
[2025-11-12 13:28:10] Saved projection result to: /zata/zippy/kresgeb/nmf_stuff/dlPFC/data/batched_projection/proj_k40_seed42_tol1e-05_L10.1.rds
[2025-11-12 13:28:10] Appended run metadata to summary.tsv
[2025-11-12 13:28:10] --------------------------------------------
[2025-11-12 13:28:10] Starting projection 5 / 157: k=50, seed=42, tol=1e-05, L1=0.1
[2025-11-12 13:28:10] --------------------------------------------
[2025-11-12 13:28:11] Common genes: 28907
[2025-11-12 13:28:15] Projecting SRT into snRNA NMF basis...
[2025-11-12 13:28:19] Projection complete and rescaled.
[2025-11-12 13:28:20] Saved projection result to: /zata/zippy/kresgeb/nmf_stuff/dlPFC/data/batched_projection/proj_k50_seed42_tol1e-05_L10.1.rds
[2025-11-12 13:28:20] Appended run metadata to summary.tsv
[2025-11-12 13:28:20] --------------------------------------------
[2025-11-12 13:28:20] Starting projection 6 / 157: k=60, seed=42, tol=1e-05, L1=0.1
[2025-11-12 13:28:20] --------------------------------------------
[2025-11-12 13:28:21] Common genes: 28907
[2025-11-12 13:28:25] Projecting SRT into snRNA NMF basis...
[2025-11-12 13:28:29] Projection complete and rescaled.
[2025-11-12 13:28:31] Saved projection result to: /zata/zippy/kresgeb/nmf_stuff/dlPFC/data/batched_projection/proj_k60_seed42_tol1e-05_L10.1.rds
[2025-11-12 13:28:31] Appended run metadata to summary.tsv
[2025-11-12 13:28:31] --------------------------------------------
[2025-11-12 13:28:31] Starting projection 7 / 157: k=70, seed=42, tol=1e-05, L1=0.1
[2025-11-12 13:28:31] --------------------------------------------
[2025-11-12 13:28:32] Common genes: 28907
[2025-11-12 13:28:37] Projecting SRT into snRNA NMF basis...
[2025-11-12 13:28:42] Projection complete and rescaled.
[2025-11-12 13:28:45] Saved projection result to: /zata/zippy/kresgeb/nmf_stuff/dlPFC/data/batched_projection/proj_k70_seed42_tol1e-05_L10.1.rds
[2025-11-12 13:28:45] Appended run metadata to summary.tsv
[2025-11-12 13:28:45] --------------------------------------------
[2025-11-12 13:28:45] Starting projection 8 / 157: k=80, seed=42, tol=1e-05, L1=0.1
[2025-11-12 13:28:45] --------------------------------------------
[2025-11-12 13:28:45] Common genes: 28907
[2025-11-12 13:28:48] Projecting SRT into snRNA NMF basis...
[2025-11-12 13:28:52] Projection complete and rescaled.
[2025-11-12 13:28:54] Saved projection result to: /zata/zippy/kresgeb/nmf_stuff/dlPFC/data/batched_projection/proj_k80_seed42_tol1e-05_L10.1.rds
[2025-11-12 13:28:54] Appended run metadata to summary.tsv
[2025-11-12 13:28:54] --------------------------------------------
[2025-11-12 13:28:54] Starting projection 9 / 157: k=90, seed=42, tol=1e-05, L1=0.1
[2025-11-12 13:28:54] --------------------------------------------
[2025-11-12 13:28:55] Common genes: 28907
[2025-11-12 13:29:04] Projecting SRT into snRNA NMF basis...
[2025-11-12 13:29:08] Projection complete and rescaled.
[2025-11-12 13:29:11] Saved projection result to: /zata/zippy/kresgeb/nmf_stuff/dlPFC/data/batched_projection/proj_k90_seed42_tol1e-05_L10.1.rds
[2025-11-12 13:29:11] Appended run metadata to summary.tsv
[2025-11-12 13:29:11] --------------------------------------------
[2025-11-12 13:29:11] Starting projection 10 / 157: k=100, seed=42, tol=1e-05, L1=0.1
[2025-11-12 13:29:11] --------------------------------------------
[2025-11-12 13:29:12] Common genes: 28907
[2025-11-12 13:29:15] Projecting SRT into snRNA NMF basis...
[2025-11-12 13:29:20] Projection complete and rescaled.
[2025-11-12 13:29:23] Saved projection result to: /zata/zippy/kresgeb/nmf_stuff/dlPFC/data/batched_projection/proj_k100_seed42_tol1e-05_L10.1.rds
[2025-11-12 13:29:24] Appended run metadata to summary.tsv
[2025-11-12 13:29:24] --------------------------------------------
[2025-11-12 13:29:24] Starting projection 11 / 157: k=10, seed=1029, tol=1e-05, L1=0.1
[2025-11-12 13:29:24] --------------------------------------------
[2025-11-12 13:29:24] Common genes: 28907
[2025-11-12 13:29:27] Projecting SRT into snRNA NMF basis...
[2025-11-12 13:29:29] Projection complete and rescaled.
[2025-11-12 13:29:30] Saved projection result to: /zata/zippy/kresgeb/nmf_stuff/dlPFC/data/batched_projection/proj_k10_seed1029_tol1e-05_L10.1.rds
[2025-11-12 13:29:30] Appended run metadata to summary.tsv
[2025-11-12 13:29:30] --------------------------------------------
[2025-11-12 13:29:30] Starting projection 12 / 157: k=20, seed=1029, tol=1e-05, L1=0.1
[2025-11-12 13:29:30] --------------------------------------------
[2025-11-12 13:29:30] Common genes: 28907
[2025-11-12 13:29:34] Projecting SRT into snRNA NMF basis...
[2025-11-12 13:29:35] Projection complete and rescaled.
[2025-11-12 13:29:36] Saved projection result to: /zata/zippy/kresgeb/nmf_stuff/dlPFC/data/batched_projection/proj_k20_seed1029_tol1e-05_L10.1.rds
[2025-11-12 13:29:36] Appended run metadata to summary.tsv
[2025-11-12 13:29:36] --------------------------------------------
[2025-11-12 13:29:36] Starting projection 13 / 157: k=30, seed=1029, tol=1e-05, L1=0.1
[2025-11-12 13:29:36] --------------------------------------------
[2025-11-12 13:29:37] Common genes: 28907
[2025-11-12 13:29:41] Projecting SRT into snRNA NMF basis...
[2025-11-12 13:29:43] Projection complete and rescaled.
[2025-11-12 13:29:44] Saved projection result to: /zata/zippy/kresgeb/nmf_stuff/dlPFC/data/batched_projection/proj_k30_seed1029_tol1e-05_L10.1.rds
[2025-11-12 13:29:44] Appended run metadata to summary.tsv
[2025-11-12 13:29:44] --------------------------------------------
[2025-11-12 13:29:44] Starting projection 14 / 157: k=40, seed=1029, tol=1e-05, L1=0.1
[2025-11-12 13:29:44] --------------------------------------------
[2025-11-12 13:29:45] Common genes: 28907
[2025-11-12 13:29:51] Projecting SRT into snRNA NMF basis...
[2025-11-12 13:29:53] Projection complete and rescaled.
[2025-11-12 13:29:54] Saved projection result to: /zata/zippy/kresgeb/nmf_stuff/dlPFC/data/batched_projection/proj_k40_seed1029_tol1e-05_L10.1.rds
[2025-11-12 13:29:54] Appended run metadata to summary.tsv
[2025-11-12 13:29:54] --------------------------------------------
[2025-11-12 13:29:54] Starting projection 15 / 157: k=50, seed=1029, tol=1e-05, L1=0.1
[2025-11-12 13:29:54] --------------------------------------------
[2025-11-12 13:29:55] Common genes: 28907
[2025-11-12 13:29:58] Projecting SRT into snRNA NMF basis...
[2025-11-12 13:30:01] Projection complete and rescaled.
[2025-11-12 13:30:02] Saved projection result to: /zata/zippy/kresgeb/nmf_stuff/dlPFC/data/batched_projection/proj_k50_seed1029_tol1e-05_L10.1.rds
[2025-11-12 13:30:02] Appended run metadata to summary.tsv
[2025-11-12 13:30:02] --------------------------------------------
[2025-11-12 13:30:02] Starting projection 16 / 157: k=60, seed=1029, tol=1e-05, L1=0.1
[2025-11-12 13:30:02] --------------------------------------------
[2025-11-12 13:30:03] Common genes: 28907
[2025-11-12 13:30:07] Projecting SRT into snRNA NMF basis...
[2025-11-12 13:30:10] Projection complete and rescaled.
[2025-11-12 13:30:11] Saved projection result to: /zata/zippy/kresgeb/nmf_stuff/dlPFC/data/batched_projection/proj_k60_seed1029_tol1e-05_L10.1.rds
[2025-11-12 13:30:11] Appended run metadata to summary.tsv
[2025-11-12 13:30:11] --------------------------------------------
[2025-11-12 13:30:11] Starting projection 17 / 157: k=70, seed=1029, tol=1e-05, L1=0.1
[2025-11-12 13:30:11] --------------------------------------------
[2025-11-12 13:30:12] Common genes: 28907
[2025-11-12 13:30:16] Projecting SRT into snRNA NMF basis...
[2025-11-12 13:30:18] Projection complete and rescaled.
[2025-11-12 13:30:20] Saved projection result to: /zata/zippy/kresgeb/nmf_stuff/dlPFC/data/batched_projection/proj_k70_seed1029_tol1e-05_L10.1.rds
[2025-11-12 13:30:20] Appended run metadata to summary.tsv
[2025-11-12 13:30:20] --------------------------------------------
[2025-11-12 13:30:20] Starting projection 18 / 157: k=80, seed=1029, tol=1e-05, L1=0.1
[2025-11-12 13:30:20] --------------------------------------------
[2025-11-12 13:30:21] Common genes: 28907
[2025-11-12 13:30:26] Projecting SRT into snRNA NMF basis...
[2025-11-12 13:30:32] Projection complete and rescaled.
[2025-11-12 13:30:34] Saved projection result to: /zata/zippy/kresgeb/nmf_stuff/dlPFC/data/batched_projection/proj_k80_seed1029_tol1e-05_L10.1.rds
[2025-11-12 13:30:34] Appended run metadata to summary.tsv
[2025-11-12 13:30:34] --------------------------------------------
[2025-11-12 13:30:34] Starting projection 19 / 157: k=90, seed=1029, tol=1e-05, L1=0.1
[2025-11-12 13:30:34] --------------------------------------------
[2025-11-12 13:30:35] Common genes: 28907
[2025-11-12 13:30:39] Projecting SRT into snRNA NMF basis...
[2025-11-12 13:30:46] Projection complete and rescaled.
[2025-11-12 13:30:48] Saved projection result to: /zata/zippy/kresgeb/nmf_stuff/dlPFC/data/batched_projection/proj_k90_seed1029_tol1e-05_L10.1.rds
[2025-11-12 13:30:48] Appended run metadata to summary.tsv
[2025-11-12 13:30:48] --------------------------------------------
[2025-11-12 13:30:48] Starting projection 20 / 157: k=100, seed=1029, tol=1e-05, L1=0.1
[2025-11-12 13:30:48] --------------------------------------------
[2025-11-12 13:30:49] Common genes: 28907
[2025-11-12 13:30:53] Projecting SRT into snRNA NMF basis...
[2025-11-12 13:30:58] Projection complete and rescaled.
[2025-11-12 13:31:02] Saved projection result to: /zata/zippy/kresgeb/nmf_stuff/dlPFC/data/batched_projection/proj_k100_seed1029_tol1e-05_L10.1.rds
[2025-11-12 13:31:02] Appended run metadata to summary.tsv
[2025-11-12 13:31:02] --------------------------------------------
[2025-11-12 13:31:02] Starting projection 21 / 157: k=10, seed=31415, tol=1e-05, L1=0.1
[2025-11-12 13:31:02] --------------------------------------------
[2025-11-12 13:31:02] Common genes: 28907
[2025-11-12 13:31:08] Projecting SRT into snRNA NMF basis...
[2025-11-12 13:31:09] Projection complete and rescaled.
[2025-11-12 13:31:10] Saved projection result to: /zata/zippy/kresgeb/nmf_stuff/dlPFC/data/batched_projection/proj_k10_seed31415_tol1e-05_L10.1.rds
[2025-11-12 13:31:10] Appended run metadata to summary.tsv
[2025-11-12 13:31:10] --------------------------------------------
[2025-11-12 13:31:10] Starting projection 22 / 157: k=20, seed=31415, tol=1e-05, L1=0.1
[2025-11-12 13:31:10] --------------------------------------------
[2025-11-12 13:31:10] Common genes: 28907
[2025-11-12 13:31:14] Projecting SRT into snRNA NMF basis...
[2025-11-12 13:31:17] Projection complete and rescaled.
[2025-11-12 13:31:17] Saved projection result to: /zata/zippy/kresgeb/nmf_stuff/dlPFC/data/batched_projection/proj_k20_seed31415_tol1e-05_L10.1.rds
[2025-11-12 13:31:17] Appended run metadata to summary.tsv
[2025-11-12 13:31:17] --------------------------------------------
[2025-11-12 13:31:17] Starting projection 23 / 157: k=30, seed=31415, tol=1e-05, L1=0.1
[2025-11-12 13:31:17] --------------------------------------------
[2025-11-12 13:31:18] Common genes: 28907
[2025-11-12 13:31:23] Projecting SRT into snRNA NMF basis...
[2025-11-12 13:31:25] Projection complete and rescaled.
[2025-11-12 13:31:26] Saved projection result to: /zata/zippy/kresgeb/nmf_stuff/dlPFC/data/batched_projection/proj_k30_seed31415_tol1e-05_L10.1.rds
[2025-11-12 13:31:26] Appended run metadata to summary.tsv
[2025-11-12 13:31:26] --------------------------------------------
[2025-11-12 13:31:26] Starting projection 24 / 157: k=40, seed=31415, tol=1e-05, L1=0.1
[2025-11-12 13:31:26] --------------------------------------------
[2025-11-12 13:31:27] Common genes: 28907
[2025-11-12 13:31:31] Projecting SRT into snRNA NMF basis...
[2025-11-12 13:31:33] Projection complete and rescaled.
[2025-11-12 13:31:35] Saved projection result to: /zata/zippy/kresgeb/nmf_stuff/dlPFC/data/batched_projection/proj_k40_seed31415_tol1e-05_L10.1.rds
[2025-11-12 13:31:35] Appended run metadata to summary.tsv
[2025-11-12 13:31:35] --------------------------------------------
[2025-11-12 13:31:35] Starting projection 25 / 157: k=50, seed=31415, tol=1e-05, L1=0.1
[2025-11-12 13:31:35] --------------------------------------------
[2025-11-12 13:31:35] Common genes: 28907
[2025-11-12 13:31:40] Projecting SRT into snRNA NMF basis...
[2025-11-12 13:31:43] Projection complete and rescaled.
[2025-11-12 13:31:45] Saved projection result to: /zata/zippy/kresgeb/nmf_stuff/dlPFC/data/batched_projection/proj_k50_seed31415_tol1e-05_L10.1.rds
[2025-11-12 13:31:45] Appended run metadata to summary.tsv
[2025-11-12 13:31:45] --------------------------------------------
[2025-11-12 13:31:45] Starting projection 26 / 157: k=60, seed=31415, tol=1e-05, L1=0.1
[2025-11-12 13:31:45] --------------------------------------------
[2025-11-12 13:31:45] Common genes: 28907
[2025-11-12 13:31:49] Projecting SRT into snRNA NMF basis...
[2025-11-12 13:31:51] Projection complete and rescaled.
[2025-11-12 13:31:53] Saved projection result to: /zata/zippy/kresgeb/nmf_stuff/dlPFC/data/batched_projection/proj_k60_seed31415_tol1e-05_L10.1.rds
[2025-11-12 13:31:53] Appended run metadata to summary.tsv
[2025-11-12 13:31:53] --------------------------------------------
[2025-11-12 13:31:53] Starting projection 27 / 157: k=70, seed=31415, tol=1e-05, L1=0.1
[2025-11-12 13:31:53] --------------------------------------------
[2025-11-12 13:31:55] Common genes: 28907
[2025-11-12 13:31:59] Projecting SRT into snRNA NMF basis...
[2025-11-12 13:32:02] Projection complete and rescaled.
[2025-11-12 13:32:05] Saved projection result to: /zata/zippy/kresgeb/nmf_stuff/dlPFC/data/batched_projection/proj_k70_seed31415_tol1e-05_L10.1.rds
[2025-11-12 13:32:05] Appended run metadata to summary.tsv
[2025-11-12 13:32:05] --------------------------------------------
[2025-11-12 13:32:05] Starting projection 28 / 157: k=80, seed=31415, tol=1e-05, L1=0.1
[2025-11-12 13:32:05] --------------------------------------------
[2025-11-12 13:32:06] Common genes: 28907
[2025-11-12 13:32:11] Projecting SRT into snRNA NMF basis...
[2025-11-12 13:32:15] Projection complete and rescaled.
[2025-11-12 13:32:18] Saved projection result to: /zata/zippy/kresgeb/nmf_stuff/dlPFC/data/batched_projection/proj_k80_seed31415_tol1e-05_L10.1.rds
[2025-11-12 13:32:18] Appended run metadata to summary.tsv
[2025-11-12 13:32:18] --------------------------------------------
[2025-11-12 13:32:18] Starting projection 29 / 157: k=90, seed=31415, tol=1e-05, L1=0.1
[2025-11-12 13:32:18] --------------------------------------------
[2025-11-12 13:32:19] Common genes: 28907
[2025-11-12 13:32:24] Projecting SRT into snRNA NMF basis...
[2025-11-12 13:32:28] Projection complete and rescaled.
[2025-11-12 13:32:30] Saved projection result to: /zata/zippy/kresgeb/nmf_stuff/dlPFC/data/batched_projection/proj_k90_seed31415_tol1e-05_L10.1.rds
[2025-11-12 13:32:30] Appended run metadata to summary.tsv
[2025-11-12 13:32:30] --------------------------------------------
[2025-11-12 13:32:30] Starting projection 30 / 157: k=100, seed=31415, tol=1e-05, L1=0.1
[2025-11-12 13:32:30] --------------------------------------------
[2025-11-12 13:32:31] Common genes: 28907
[2025-11-12 13:32:34] Projecting SRT into snRNA NMF basis...
[2025-11-12 13:32:36] Projection complete and rescaled.
[2025-11-12 13:32:39] Saved projection result to: /zata/zippy/kresgeb/nmf_stuff/dlPFC/data/batched_projection/proj_k100_seed31415_tol1e-05_L10.1.rds
[2025-11-12 13:32:39] Appended run metadata to summary.tsv
[2025-11-12 13:32:39] --------------------------------------------
[2025-11-12 13:32:39] Starting projection 31 / 157: k=10, seed=120301, tol=1e-05, L1=0.1
[2025-11-12 13:32:39] --------------------------------------------
[2025-11-12 13:32:39] Common genes: 28907
[2025-11-12 13:32:42] Projecting SRT into snRNA NMF basis...
[2025-11-12 13:32:43] Projection complete and rescaled.
[2025-11-12 13:32:43] Saved projection result to: /zata/zippy/kresgeb/nmf_stuff/dlPFC/data/batched_projection/proj_k10_seed120301_tol1e-05_L10.1.rds
[2025-11-12 13:32:43] Appended run metadata to summary.tsv
[2025-11-12 13:32:43] --------------------------------------------
[2025-11-12 13:32:43] Starting projection 32 / 157: k=20, seed=120301, tol=1e-05, L1=0.1
[2025-11-12 13:32:43] --------------------------------------------
[2025-11-12 13:32:43] Common genes: 28907
[2025-11-12 13:32:46] Projecting SRT into snRNA NMF basis...
[2025-11-12 13:32:47] Projection complete and rescaled.
[2025-11-12 13:32:48] Saved projection result to: /zata/zippy/kresgeb/nmf_stuff/dlPFC/data/batched_projection/proj_k20_seed120301_tol1e-05_L10.1.rds
[2025-11-12 13:32:48] Appended run metadata to summary.tsv
[2025-11-12 13:32:48] --------------------------------------------
[2025-11-12 13:32:48] Starting projection 33 / 157: k=30, seed=120301, tol=1e-05, L1=0.1
[2025-11-12 13:32:48] --------------------------------------------
[2025-11-12 13:32:48] Common genes: 28907
[2025-11-12 13:32:54] Projecting SRT into snRNA NMF basis...
[2025-11-12 13:32:55] Projection complete and rescaled.
[2025-11-12 13:32:56] Saved projection result to: /zata/zippy/kresgeb/nmf_stuff/dlPFC/data/batched_projection/proj_k30_seed120301_tol1e-05_L10.1.rds
[2025-11-12 13:32:56] Appended run metadata to summary.tsv
[2025-11-12 13:32:56] --------------------------------------------
[2025-11-12 13:32:56] Starting projection 34 / 157: k=40, seed=120301, tol=1e-05, L1=0.1
[2025-11-12 13:32:56] --------------------------------------------
[2025-11-12 13:32:56] Common genes: 28907
[2025-11-12 13:32:58] Projecting SRT into snRNA NMF basis...
[2025-11-12 13:33:00] Projection complete and rescaled.
[2025-11-12 13:33:01] Saved projection result to: /zata/zippy/kresgeb/nmf_stuff/dlPFC/data/batched_projection/proj_k40_seed120301_tol1e-05_L10.1.rds
[2025-11-12 13:33:01] Appended run metadata to summary.tsv
[2025-11-12 13:33:01] --------------------------------------------
[2025-11-12 13:33:01] Starting projection 35 / 157: k=50, seed=120301, tol=1e-05, L1=0.1
[2025-11-12 13:33:01] --------------------------------------------
[2025-11-12 13:33:01] Common genes: 28907
[2025-11-12 13:33:03] Projecting SRT into snRNA NMF basis...
[2025-11-12 13:33:05] Projection complete and rescaled.
[2025-11-12 13:33:06] Saved projection result to: /zata/zippy/kresgeb/nmf_stuff/dlPFC/data/batched_projection/proj_k50_seed120301_tol1e-05_L10.1.rds
[2025-11-12 13:33:06] Appended run metadata to summary.tsv
[2025-11-12 13:33:06] --------------------------------------------
[2025-11-12 13:33:06] Starting projection 36 / 157: k=60, seed=120301, tol=1e-05, L1=0.1
[2025-11-12 13:33:06] --------------------------------------------
[2025-11-12 13:33:06] Common genes: 28907
[2025-11-12 13:33:09] Projecting SRT into snRNA NMF basis...
[2025-11-12 13:33:11] Projection complete and rescaled.
[2025-11-12 13:33:12] Saved projection result to: /zata/zippy/kresgeb/nmf_stuff/dlPFC/data/batched_projection/proj_k60_seed120301_tol1e-05_L10.1.rds
[2025-11-12 13:33:12] Appended run metadata to summary.tsv
[2025-11-12 13:33:12] --------------------------------------------
[2025-11-12 13:33:12] Starting projection 37 / 157: k=70, seed=120301, tol=1e-05, L1=0.1
[2025-11-12 13:33:12] --------------------------------------------
[2025-11-12 13:33:13] Common genes: 28907
[2025-11-12 13:33:15] Projecting SRT into snRNA NMF basis...
[2025-11-12 13:33:17] Projection complete and rescaled.
[2025-11-12 13:33:19] Saved projection result to: /zata/zippy/kresgeb/nmf_stuff/dlPFC/data/batched_projection/proj_k70_seed120301_tol1e-05_L10.1.rds
[2025-11-12 13:33:19] Appended run metadata to summary.tsv
[2025-11-12 13:33:19] --------------------------------------------
[2025-11-12 13:33:19] Starting projection 38 / 157: k=80, seed=120301, tol=1e-05, L1=0.1
[2025-11-12 13:33:19] --------------------------------------------
[2025-11-12 13:33:19] Common genes: 28907
[2025-11-12 13:33:22] Projecting SRT into snRNA NMF basis...
[2025-11-12 13:33:24] Projection complete and rescaled.
[2025-11-12 13:33:26] Saved projection result to: /zata/zippy/kresgeb/nmf_stuff/dlPFC/data/batched_projection/proj_k80_seed120301_tol1e-05_L10.1.rds
[2025-11-12 13:33:26] Appended run metadata to summary.tsv
[2025-11-12 13:33:26] --------------------------------------------
[2025-11-12 13:33:26] Starting projection 39 / 157: k=90, seed=120301, tol=1e-05, L1=0.1
[2025-11-12 13:33:26] --------------------------------------------
[2025-11-12 13:33:26] Common genes: 28907
[2025-11-12 13:33:30] Projecting SRT into snRNA NMF basis...
[2025-11-12 13:33:34] Projection complete and rescaled.
[2025-11-12 13:33:35] Saved projection result to: /zata/zippy/kresgeb/nmf_stuff/dlPFC/data/batched_projection/proj_k90_seed120301_tol1e-05_L10.1.rds
[2025-11-12 13:33:36] Appended run metadata to summary.tsv
[2025-11-12 13:33:36] --------------------------------------------
[2025-11-12 13:33:36] Starting projection 40 / 157: k=100, seed=120301, tol=1e-05, L1=0.1
[2025-11-12 13:33:36] --------------------------------------------
[2025-11-12 13:33:36] Common genes: 28907
[2025-11-12 13:33:39] Projecting SRT into snRNA NMF basis...
[2025-11-12 13:33:42] Projection complete and rescaled.
[2025-11-12 13:33:44] Saved projection result to: /zata/zippy/kresgeb/nmf_stuff/dlPFC/data/batched_projection/proj_k100_seed120301_tol1e-05_L10.1.rds
[2025-11-12 13:33:44] Appended run metadata to summary.tsv
[2025-11-12 13:33:44] --------------------------------------------
[2025-11-12 13:33:44] Starting projection 41 / 157: k=10, seed=2025, tol=1e-05, L1=0.1
[2025-11-12 13:33:44] --------------------------------------------
[2025-11-12 13:33:44] Common genes: 28907
[2025-11-12 13:33:46] Projecting SRT into snRNA NMF basis...
[2025-11-12 13:33:48] Projection complete and rescaled.
[2025-11-12 13:33:48] Saved projection result to: /zata/zippy/kresgeb/nmf_stuff/dlPFC/data/batched_projection/proj_k10_seed2025_tol1e-05_L10.1.rds
[2025-11-12 13:33:48] Appended run metadata to summary.tsv
[2025-11-12 13:33:48] --------------------------------------------
[2025-11-12 13:33:48] Starting projection 42 / 157: k=20, seed=2025, tol=1e-05, L1=0.1
[2025-11-12 13:33:48] --------------------------------------------
[2025-11-12 13:33:48] Common genes: 28907
[2025-11-12 13:33:51] Projecting SRT into snRNA NMF basis...
[2025-11-12 13:33:52] Projection complete and rescaled.
[2025-11-12 13:33:53] Saved projection result to: /zata/zippy/kresgeb/nmf_stuff/dlPFC/data/batched_projection/proj_k20_seed2025_tol1e-05_L10.1.rds
[2025-11-12 13:33:53] Appended run metadata to summary.tsv
[2025-11-12 13:33:53] --------------------------------------------
[2025-11-12 13:33:53] Starting projection 43 / 157: k=30, seed=2025, tol=1e-05, L1=0.1
[2025-11-12 13:33:53] --------------------------------------------
[2025-11-12 13:33:53] Common genes: 28907
[2025-11-12 13:33:55] Projecting SRT into snRNA NMF basis...
[2025-11-12 13:33:57] Projection complete and rescaled.
[2025-11-12 13:33:57] Saved projection result to: /zata/zippy/kresgeb/nmf_stuff/dlPFC/data/batched_projection/proj_k30_seed2025_tol1e-05_L10.1.rds
[2025-11-12 13:33:57] Appended run metadata to summary.tsv
[2025-11-12 13:33:57] --------------------------------------------
[2025-11-12 13:33:57] Starting projection 44 / 157: k=40, seed=2025, tol=1e-05, L1=0.1
[2025-11-12 13:33:57] --------------------------------------------
[2025-11-12 13:33:58] Common genes: 28907
[2025-11-12 13:34:00] Projecting SRT into snRNA NMF basis...
[2025-11-12 13:34:04] Projection complete and rescaled.
[2025-11-12 13:34:05] Saved projection result to: /zata/zippy/kresgeb/nmf_stuff/dlPFC/data/batched_projection/proj_k40_seed2025_tol1e-05_L10.1.rds
[2025-11-12 13:34:05] Appended run metadata to summary.tsv
[2025-11-12 13:34:05] --------------------------------------------
[2025-11-12 13:34:05] Starting projection 45 / 157: k=50, seed=2025, tol=1e-05, L1=0.1
[2025-11-12 13:34:05] --------------------------------------------
[2025-11-12 13:34:05] Common genes: 28907
[2025-11-12 13:34:08] Projecting SRT into snRNA NMF basis...
[2025-11-12 13:34:10] Projection complete and rescaled.
[2025-11-12 13:34:11] Saved projection result to: /zata/zippy/kresgeb/nmf_stuff/dlPFC/data/batched_projection/proj_k50_seed2025_tol1e-05_L10.1.rds
[2025-11-12 13:34:11] Appended run metadata to summary.tsv
[2025-11-12 13:34:11] --------------------------------------------
[2025-11-12 13:34:11] Starting projection 46 / 157: k=60, seed=2025, tol=1e-05, L1=0.1
[2025-11-12 13:34:11] --------------------------------------------
[2025-11-12 13:34:11] Common genes: 28907
[2025-11-12 13:34:13] Projecting SRT into snRNA NMF basis...
[2025-11-12 13:34:15] Projection complete and rescaled.
[2025-11-12 13:34:16] Saved projection result to: /zata/zippy/kresgeb/nmf_stuff/dlPFC/data/batched_projection/proj_k60_seed2025_tol1e-05_L10.1.rds
[2025-11-12 13:34:16] Appended run metadata to summary.tsv
[2025-11-12 13:34:16] --------------------------------------------
[2025-11-12 13:34:16] Starting projection 47 / 157: k=70, seed=2025, tol=1e-05, L1=0.1
[2025-11-12 13:34:16] --------------------------------------------
[2025-11-12 13:34:17] Common genes: 28907
[2025-11-12 13:34:19] Projecting SRT into snRNA NMF basis...
[2025-11-12 13:34:21] Projection complete and rescaled.
[2025-11-12 13:34:22] Saved projection result to: /zata/zippy/kresgeb/nmf_stuff/dlPFC/data/batched_projection/proj_k70_seed2025_tol1e-05_L10.1.rds
[2025-11-12 13:34:22] Appended run metadata to summary.tsv
[2025-11-12 13:34:22] --------------------------------------------
[2025-11-12 13:34:22] Starting projection 48 / 157: k=80, seed=2025, tol=1e-05, L1=0.1
[2025-11-12 13:34:22] --------------------------------------------
[2025-11-12 13:34:23] Common genes: 28907
[2025-11-12 13:34:25] Projecting SRT into snRNA NMF basis...
[2025-11-12 13:34:27] Projection complete and rescaled.
[2025-11-12 13:34:29] Saved projection result to: /zata/zippy/kresgeb/nmf_stuff/dlPFC/data/batched_projection/proj_k80_seed2025_tol1e-05_L10.1.rds
[2025-11-12 13:34:29] Appended run metadata to summary.tsv
[2025-11-12 13:34:29] --------------------------------------------
[2025-11-12 13:34:29] Starting projection 49 / 157: k=90, seed=2025, tol=1e-05, L1=0.1
[2025-11-12 13:34:29] --------------------------------------------
[2025-11-12 13:34:29] Common genes: 28907
[2025-11-12 13:34:31] Projecting SRT into snRNA NMF basis...
[2025-11-12 13:34:33] Projection complete and rescaled.
[2025-11-12 13:34:35] Saved projection result to: /zata/zippy/kresgeb/nmf_stuff/dlPFC/data/batched_projection/proj_k90_seed2025_tol1e-05_L10.1.rds
[2025-11-12 13:34:35] Appended run metadata to summary.tsv
[2025-11-12 13:34:35] --------------------------------------------
[2025-11-12 13:34:35] Starting projection 50 / 157: k=100, seed=2025, tol=1e-05, L1=0.1
[2025-11-12 13:34:35] --------------------------------------------
[2025-11-12 13:34:36] Common genes: 28907
[2025-11-12 13:34:38] Projecting SRT into snRNA NMF basis...
[2025-11-12 13:34:43] Projection complete and rescaled.
[2025-11-12 13:34:46] Saved projection result to: /zata/zippy/kresgeb/nmf_stuff/dlPFC/data/batched_projection/proj_k100_seed2025_tol1e-05_L10.1.rds
[2025-11-12 13:34:46] Appended run metadata to summary.tsv
[2025-11-12 13:34:46] --------------------------------------------
[2025-11-12 13:34:46] Starting projection 51 / 157: k=10, seed=42, tol=1e-06, L1=0.1
[2025-11-12 13:34:46] --------------------------------------------
[2025-11-12 13:34:46] Common genes: 28907
[2025-11-12 13:34:49] Projecting SRT into snRNA NMF basis...
[2025-11-12 13:34:50] Projection complete and rescaled.
[2025-11-12 13:34:51] Saved projection result to: /zata/zippy/kresgeb/nmf_stuff/dlPFC/data/batched_projection/proj_k10_seed42_tol1e-06_L10.1.rds
[2025-11-12 13:34:51] Appended run metadata to summary.tsv
[2025-11-12 13:34:51] --------------------------------------------
[2025-11-12 13:34:51] Starting projection 52 / 157: k=20, seed=42, tol=1e-06, L1=0.1
[2025-11-12 13:34:51] --------------------------------------------
[2025-11-12 13:34:51] Common genes: 28907
[2025-11-12 13:34:54] Projecting SRT into snRNA NMF basis...
[2025-11-12 13:34:56] Projection complete and rescaled.
[2025-11-12 13:34:57] Saved projection result to: /zata/zippy/kresgeb/nmf_stuff/dlPFC/data/batched_projection/proj_k20_seed42_tol1e-06_L10.1.rds
[2025-11-12 13:34:57] Appended run metadata to summary.tsv
[2025-11-12 13:34:57] --------------------------------------------
[2025-11-12 13:34:57] Starting projection 53 / 157: k=30, seed=42, tol=1e-06, L1=0.1
[2025-11-12 13:34:57] --------------------------------------------
[2025-11-12 13:34:57] Common genes: 28907
[2025-11-12 13:35:00] Projecting SRT into snRNA NMF basis...
[2025-11-12 13:35:03] Projection complete and rescaled.
[2025-11-12 13:35:04] Saved projection result to: /zata/zippy/kresgeb/nmf_stuff/dlPFC/data/batched_projection/proj_k30_seed42_tol1e-06_L10.1.rds
[2025-11-12 13:35:04] Appended run metadata to summary.tsv
[2025-11-12 13:35:04] --------------------------------------------
[2025-11-12 13:35:04] Starting projection 54 / 157: k=40, seed=42, tol=1e-06, L1=0.1
[2025-11-12 13:35:04] --------------------------------------------
[2025-11-12 13:35:05] Common genes: 28907
[2025-11-12 13:35:09] Projecting SRT into snRNA NMF basis...
[2025-11-12 13:35:11] Projection complete and rescaled.
[2025-11-12 13:35:12] Saved projection result to: /zata/zippy/kresgeb/nmf_stuff/dlPFC/data/batched_projection/proj_k40_seed42_tol1e-06_L10.1.rds
[2025-11-12 13:35:12] Appended run metadata to summary.tsv
[2025-11-12 13:35:12] --------------------------------------------
[2025-11-12 13:35:12] Starting projection 55 / 157: k=50, seed=42, tol=1e-06, L1=0.1
[2025-11-12 13:35:12] --------------------------------------------
[2025-11-12 13:35:13] Common genes: 28907
[2025-11-12 13:35:15] Projecting SRT into snRNA NMF basis...
[2025-11-12 13:35:18] Projection complete and rescaled.
[2025-11-12 13:35:19] Saved projection result to: /zata/zippy/kresgeb/nmf_stuff/dlPFC/data/batched_projection/proj_k50_seed42_tol1e-06_L10.1.rds
[2025-11-12 13:35:19] Appended run metadata to summary.tsv
[2025-11-12 13:35:19] --------------------------------------------
[2025-11-12 13:35:19] Starting projection 56 / 157: k=60, seed=42, tol=1e-06, L1=0.1
[2025-11-12 13:35:19] --------------------------------------------
[2025-11-12 13:35:20] Common genes: 28907
[2025-11-12 13:35:22] Projecting SRT into snRNA NMF basis...
[2025-11-12 13:35:25] Projection complete and rescaled.
[2025-11-12 13:35:26] Saved projection result to: /zata/zippy/kresgeb/nmf_stuff/dlPFC/data/batched_projection/proj_k60_seed42_tol1e-06_L10.1.rds
[2025-11-12 13:35:26] Appended run metadata to summary.tsv
[2025-11-12 13:35:26] --------------------------------------------
[2025-11-12 13:35:26] Starting projection 57 / 157: k=70, seed=42, tol=1e-06, L1=0.1
[2025-11-12 13:35:26] --------------------------------------------
[2025-11-12 13:35:27] Common genes: 28907
[2025-11-12 13:35:36] Projecting SRT into snRNA NMF basis...
[2025-11-12 13:35:40] Projection complete and rescaled.
[2025-11-12 13:35:42] Saved projection result to: /zata/zippy/kresgeb/nmf_stuff/dlPFC/data/batched_projection/proj_k70_seed42_tol1e-06_L10.1.rds
[2025-11-12 13:35:42] Appended run metadata to summary.tsv
[2025-11-12 13:35:42] --------------------------------------------
[2025-11-12 13:35:42] Starting projection 58 / 157: k=80, seed=42, tol=1e-06, L1=0.1
[2025-11-12 13:35:42] --------------------------------------------
[2025-11-12 13:35:43] Common genes: 28907
[2025-11-12 13:35:47] Projecting SRT into snRNA NMF basis...
[2025-11-12 13:35:50] Projection complete and rescaled.
[2025-11-12 13:35:52] Saved projection result to: /zata/zippy/kresgeb/nmf_stuff/dlPFC/data/batched_projection/proj_k80_seed42_tol1e-06_L10.1.rds
[2025-11-12 13:35:52] Appended run metadata to summary.tsv
[2025-11-12 13:35:52] --------------------------------------------
[2025-11-12 13:35:52] Starting projection 59 / 157: k=90, seed=42, tol=1e-06, L1=0.1
[2025-11-12 13:35:52] --------------------------------------------
[2025-11-12 13:35:53] Common genes: 28907
[2025-11-12 13:35:56] Projecting SRT into snRNA NMF basis...
[2025-11-12 13:36:01] Projection complete and rescaled.
[2025-11-12 13:36:04] Saved projection result to: /zata/zippy/kresgeb/nmf_stuff/dlPFC/data/batched_projection/proj_k90_seed42_tol1e-06_L10.1.rds
[2025-11-12 13:36:04] Appended run metadata to summary.tsv
[2025-11-12 13:36:04] --------------------------------------------
[2025-11-12 13:36:04] Starting projection 60 / 157: k=100, seed=42, tol=1e-06, L1=0.1
[2025-11-12 13:36:04] --------------------------------------------
[2025-11-12 13:36:05] Common genes: 28907
[2025-11-12 13:36:10] Projecting SRT into snRNA NMF basis...
[2025-11-12 13:36:15] Projection complete and rescaled.
[2025-11-12 13:36:18] Saved projection result to: /zata/zippy/kresgeb/nmf_stuff/dlPFC/data/batched_projection/proj_k100_seed42_tol1e-06_L10.1.rds
[2025-11-12 13:36:18] Appended run metadata to summary.tsv
[2025-11-12 13:36:18] --------------------------------------------
[2025-11-12 13:36:18] Starting projection 61 / 157: k=10, seed=1029, tol=1e-06, L1=0.1
[2025-11-12 13:36:18] --------------------------------------------
[2025-11-12 13:36:18] Common genes: 28907
[2025-11-12 13:36:22] Projecting SRT into snRNA NMF basis...
[2025-11-12 13:36:24] Projection complete and rescaled.
[2025-11-12 13:36:24] Saved projection result to: /zata/zippy/kresgeb/nmf_stuff/dlPFC/data/batched_projection/proj_k10_seed1029_tol1e-06_L10.1.rds
[2025-11-12 13:36:24] Appended run metadata to summary.tsv
[2025-11-12 13:36:24] --------------------------------------------
[2025-11-12 13:36:24] Starting projection 62 / 157: k=20, seed=1029, tol=1e-06, L1=0.1
[2025-11-12 13:36:24] --------------------------------------------
[2025-11-12 13:36:25] Common genes: 28907
[2025-11-12 13:36:28] Projecting SRT into snRNA NMF basis...
[2025-11-12 13:36:30] Projection complete and rescaled.
[2025-11-12 13:36:30] Saved projection result to: /zata/zippy/kresgeb/nmf_stuff/dlPFC/data/batched_projection/proj_k20_seed1029_tol1e-06_L10.1.rds
[2025-11-12 13:36:30] Appended run metadata to summary.tsv
[2025-11-12 13:36:30] --------------------------------------------
[2025-11-12 13:36:30] Starting projection 63 / 157: k=30, seed=1029, tol=1e-06, L1=0.1
[2025-11-12 13:36:30] --------------------------------------------
[2025-11-12 13:36:31] Common genes: 28907
[2025-11-12 13:36:33] Projecting SRT into snRNA NMF basis...
[2025-11-12 13:36:36] Projection complete and rescaled.
[2025-11-12 13:36:37] Saved projection result to: /zata/zippy/kresgeb/nmf_stuff/dlPFC/data/batched_projection/proj_k30_seed1029_tol1e-06_L10.1.rds
[2025-11-12 13:36:37] Appended run metadata to summary.tsv
[2025-11-12 13:36:37] --------------------------------------------
[2025-11-12 13:36:37] Starting projection 64 / 157: k=40, seed=1029, tol=1e-06, L1=0.1
[2025-11-12 13:36:37] --------------------------------------------
[2025-11-12 13:36:38] Common genes: 28907
[2025-11-12 13:36:43] Projecting SRT into snRNA NMF basis...
[2025-11-12 13:36:45] Projection complete and rescaled.
[2025-11-12 13:36:47] Saved projection result to: /zata/zippy/kresgeb/nmf_stuff/dlPFC/data/batched_projection/proj_k40_seed1029_tol1e-06_L10.1.rds
[2025-11-12 13:36:47] Appended run metadata to summary.tsv
[2025-11-12 13:36:47] --------------------------------------------
[2025-11-12 13:36:47] Starting projection 65 / 157: k=50, seed=1029, tol=1e-06, L1=0.1
[2025-11-12 13:36:47] --------------------------------------------
[2025-11-12 13:36:47] Common genes: 28907
[2025-11-12 13:36:51] Projecting SRT into snRNA NMF basis...
[2025-11-12 13:36:54] Projection complete and rescaled.
[2025-11-12 13:36:56] Saved projection result to: /zata/zippy/kresgeb/nmf_stuff/dlPFC/data/batched_projection/proj_k50_seed1029_tol1e-06_L10.1.rds
[2025-11-12 13:36:56] Appended run metadata to summary.tsv
[2025-11-12 13:36:56] --------------------------------------------
[2025-11-12 13:36:56] Starting projection 66 / 157: k=60, seed=1029, tol=1e-06, L1=0.1
[2025-11-12 13:36:56] --------------------------------------------
[2025-11-12 13:36:56] Common genes: 28907
[2025-11-12 13:37:02] Projecting SRT into snRNA NMF basis...
[2025-11-12 13:37:06] Projection complete and rescaled.
[2025-11-12 13:37:08] Saved projection result to: /zata/zippy/kresgeb/nmf_stuff/dlPFC/data/batched_projection/proj_k60_seed1029_tol1e-06_L10.1.rds
[2025-11-12 13:37:08] Appended run metadata to summary.tsv
[2025-11-12 13:37:08] --------------------------------------------
[2025-11-12 13:37:08] Starting projection 67 / 157: k=70, seed=1029, tol=1e-06, L1=0.1
[2025-11-12 13:37:08] --------------------------------------------
[2025-11-12 13:37:09] Common genes: 28907
[2025-11-12 13:37:15] Projecting SRT into snRNA NMF basis...
[2025-11-12 13:37:18] Projection complete and rescaled.
[2025-11-12 13:37:20] Saved projection result to: /zata/zippy/kresgeb/nmf_stuff/dlPFC/data/batched_projection/proj_k70_seed1029_tol1e-06_L10.1.rds
[2025-11-12 13:37:20] Appended run metadata to summary.tsv
[2025-11-12 13:37:20] --------------------------------------------
[2025-11-12 13:37:20] Starting projection 68 / 157: k=80, seed=1029, tol=1e-06, L1=0.1
[2025-11-12 13:37:20] --------------------------------------------
[2025-11-12 13:37:21] Common genes: 28907
[2025-11-12 13:37:28] Projecting SRT into snRNA NMF basis...
[2025-11-12 13:37:32] Projection complete and rescaled.
[2025-11-12 13:37:34] Saved projection result to: /zata/zippy/kresgeb/nmf_stuff/dlPFC/data/batched_projection/proj_k80_seed1029_tol1e-06_L10.1.rds
[2025-11-12 13:37:34] Appended run metadata to summary.tsv
[2025-11-12 13:37:34] --------------------------------------------
[2025-11-12 13:37:34] Starting projection 69 / 157: k=90, seed=1029, tol=1e-06, L1=0.1
[2025-11-12 13:37:34] --------------------------------------------
[2025-11-12 13:37:34] Common genes: 28907
[2025-11-12 13:37:38] Projecting SRT into snRNA NMF basis...
[2025-11-12 13:37:43] Projection complete and rescaled.
[2025-11-12 13:37:45] Saved projection result to: /zata/zippy/kresgeb/nmf_stuff/dlPFC/data/batched_projection/proj_k90_seed1029_tol1e-06_L10.1.rds
[2025-11-12 13:37:45] Appended run metadata to summary.tsv
[2025-11-12 13:37:45] --------------------------------------------
[2025-11-12 13:37:45] Starting projection 70 / 157: k=100, seed=1029, tol=1e-06, L1=0.1
[2025-11-12 13:37:45] --------------------------------------------
[2025-11-12 13:37:46] Common genes: 28907
[2025-11-12 13:37:51] Projecting SRT into snRNA NMF basis...
[2025-11-12 13:37:57] Projection complete and rescaled.
[2025-11-12 13:38:01] Saved projection result to: /zata/zippy/kresgeb/nmf_stuff/dlPFC/data/batched_projection/proj_k100_seed1029_tol1e-06_L10.1.rds
[2025-11-12 13:38:01] Appended run metadata to summary.tsv
[2025-11-12 13:38:01] --------------------------------------------
[2025-11-12 13:38:01] Starting projection 71 / 157: k=10, seed=31415, tol=1e-06, L1=0.1
[2025-11-12 13:38:01] --------------------------------------------
[2025-11-12 13:38:01] Common genes: 28907
[2025-11-12 13:38:06] Projecting SRT into snRNA NMF basis...
[2025-11-12 13:38:08] Projection complete and rescaled.
[2025-11-12 13:38:09] Saved projection result to: /zata/zippy/kresgeb/nmf_stuff/dlPFC/data/batched_projection/proj_k10_seed31415_tol1e-06_L10.1.rds
[2025-11-12 13:38:09] Appended run metadata to summary.tsv
[2025-11-12 13:38:09] --------------------------------------------
[2025-11-12 13:38:09] Starting projection 72 / 157: k=20, seed=31415, tol=1e-06, L1=0.1
[2025-11-12 13:38:09] --------------------------------------------
[2025-11-12 13:38:09] Common genes: 28907
[2025-11-12 13:38:15] Projecting SRT into snRNA NMF basis...
[2025-11-12 13:38:17] Projection complete and rescaled.
[2025-11-12 13:38:18] Saved projection result to: /zata/zippy/kresgeb/nmf_stuff/dlPFC/data/batched_projection/proj_k20_seed31415_tol1e-06_L10.1.rds
[2025-11-12 13:38:18] Appended run metadata to summary.tsv
[2025-11-12 13:38:18] --------------------------------------------
[2025-11-12 13:38:18] Starting projection 73 / 157: k=30, seed=31415, tol=1e-06, L1=0.1
[2025-11-12 13:38:18] --------------------------------------------
[2025-11-12 13:38:18] Common genes: 28907
[2025-11-12 13:38:25] Projecting SRT into snRNA NMF basis...
[2025-11-12 13:38:27] Projection complete and rescaled.
[2025-11-12 13:38:28] Saved projection result to: /zata/zippy/kresgeb/nmf_stuff/dlPFC/data/batched_projection/proj_k30_seed31415_tol1e-06_L10.1.rds
[2025-11-12 13:38:28] Appended run metadata to summary.tsv
[2025-11-12 13:38:28] --------------------------------------------
[2025-11-12 13:38:28] Starting projection 74 / 157: k=40, seed=31415, tol=1e-06, L1=0.1
[2025-11-12 13:38:28] --------------------------------------------
[2025-11-12 13:38:29] Common genes: 28907
[2025-11-12 13:38:32] Projecting SRT into snRNA NMF basis...
[2025-11-12 13:38:34] Projection complete and rescaled.
[2025-11-12 13:38:35] Saved projection result to: /zata/zippy/kresgeb/nmf_stuff/dlPFC/data/batched_projection/proj_k40_seed31415_tol1e-06_L10.1.rds
[2025-11-12 13:38:35] Appended run metadata to summary.tsv
[2025-11-12 13:38:35] --------------------------------------------
[2025-11-12 13:38:35] Starting projection 75 / 157: k=50, seed=31415, tol=1e-06, L1=0.1
[2025-11-12 13:38:35] --------------------------------------------
[2025-11-12 13:38:36] Common genes: 28907
[2025-11-12 13:38:39] Projecting SRT into snRNA NMF basis...
[2025-11-12 13:38:41] Projection complete and rescaled.
[2025-11-12 13:38:42] Saved projection result to: /zata/zippy/kresgeb/nmf_stuff/dlPFC/data/batched_projection/proj_k50_seed31415_tol1e-06_L10.1.rds
[2025-11-12 13:38:42] Appended run metadata to summary.tsv
[2025-11-12 13:38:42] --------------------------------------------
[2025-11-12 13:38:42] Starting projection 76 / 157: k=60, seed=31415, tol=1e-06, L1=0.1
[2025-11-12 13:38:42] --------------------------------------------
[2025-11-12 13:38:43] Common genes: 28907
[2025-11-12 13:38:47] Projecting SRT into snRNA NMF basis...
[2025-11-12 13:38:50] Projection complete and rescaled.
[2025-11-12 13:38:51] Saved projection result to: /zata/zippy/kresgeb/nmf_stuff/dlPFC/data/batched_projection/proj_k60_seed31415_tol1e-06_L10.1.rds
[2025-11-12 13:38:51] Appended run metadata to summary.tsv
[2025-11-12 13:38:51] --------------------------------------------
[2025-11-12 13:38:51] Starting projection 77 / 157: k=70, seed=31415, tol=1e-06, L1=0.1
[2025-11-12 13:38:51] --------------------------------------------
[2025-11-12 13:38:52] Common genes: 28907
[2025-11-12 13:38:55] Projecting SRT into snRNA NMF basis...
[2025-11-12 13:38:58] Projection complete and rescaled.
[2025-11-12 13:39:00] Saved projection result to: /zata/zippy/kresgeb/nmf_stuff/dlPFC/data/batched_projection/proj_k70_seed31415_tol1e-06_L10.1.rds
[2025-11-12 13:39:00] Appended run metadata to summary.tsv
[2025-11-12 13:39:00] --------------------------------------------
[2025-11-12 13:39:00] Starting projection 78 / 157: k=80, seed=31415, tol=1e-06, L1=0.1
[2025-11-12 13:39:00] --------------------------------------------
[2025-11-12 13:39:05] Common genes: 28907
[2025-11-12 13:39:11] Projecting SRT into snRNA NMF basis...
[2025-11-12 13:39:14] Projection complete and rescaled.
[2025-11-12 13:39:16] Saved projection result to: /zata/zippy/kresgeb/nmf_stuff/dlPFC/data/batched_projection/proj_k80_seed31415_tol1e-06_L10.1.rds
[2025-11-12 13:39:16] Appended run metadata to summary.tsv
[2025-11-12 13:39:16] --------------------------------------------
[2025-11-12 13:39:16] Starting projection 79 / 157: k=90, seed=31415, tol=1e-06, L1=0.1
[2025-11-12 13:39:16] --------------------------------------------
[2025-11-12 13:39:17] Common genes: 28907
[2025-11-12 13:39:21] Projecting SRT into snRNA NMF basis...
[2025-11-12 13:39:25] Projection complete and rescaled.
[2025-11-12 13:39:27] Saved projection result to: /zata/zippy/kresgeb/nmf_stuff/dlPFC/data/batched_projection/proj_k90_seed31415_tol1e-06_L10.1.rds
[2025-11-12 13:39:27] Appended run metadata to summary.tsv
[2025-11-12 13:39:27] --------------------------------------------
[2025-11-12 13:39:27] Starting projection 80 / 157: k=100, seed=31415, tol=1e-06, L1=0.1
[2025-11-12 13:39:27] --------------------------------------------
[2025-11-12 13:39:29] Common genes: 28907
[2025-11-12 13:39:34] Projecting SRT into snRNA NMF basis...
[2025-11-12 13:39:39] Projection complete and rescaled.
[2025-11-12 13:39:43] Saved projection result to: /zata/zippy/kresgeb/nmf_stuff/dlPFC/data/batched_projection/proj_k100_seed31415_tol1e-06_L10.1.rds
[2025-11-12 13:39:43] Appended run metadata to summary.tsv
[2025-11-12 13:39:43] --------------------------------------------
[2025-11-12 13:39:43] Starting projection 81 / 157: k=10, seed=120301, tol=1e-06, L1=0.1
[2025-11-12 13:39:43] --------------------------------------------
[2025-11-12 13:39:43] Common genes: 28907
[2025-11-12 13:39:47] Projecting SRT into snRNA NMF basis...
[2025-11-12 13:39:49] Projection complete and rescaled.
[2025-11-12 13:39:50] Saved projection result to: /zata/zippy/kresgeb/nmf_stuff/dlPFC/data/batched_projection/proj_k10_seed120301_tol1e-06_L10.1.rds
[2025-11-12 13:39:50] Appended run metadata to summary.tsv
[2025-11-12 13:39:50] --------------------------------------------
[2025-11-12 13:39:50] Starting projection 82 / 157: k=20, seed=120301, tol=1e-06, L1=0.1
[2025-11-12 13:39:50] --------------------------------------------
[2025-11-12 13:39:50] Common genes: 28907
[2025-11-12 13:39:53] Projecting SRT into snRNA NMF basis...
[2025-11-12 13:39:56] Projection complete and rescaled.
[2025-11-12 13:39:57] Saved projection result to: /zata/zippy/kresgeb/nmf_stuff/dlPFC/data/batched_projection/proj_k20_seed120301_tol1e-06_L10.1.rds
[2025-11-12 13:39:57] Appended run metadata to summary.tsv
[2025-11-12 13:39:57] --------------------------------------------
[2025-11-12 13:39:57] Starting projection 83 / 157: k=30, seed=120301, tol=1e-06, L1=0.1
[2025-11-12 13:39:57] --------------------------------------------
[2025-11-12 13:39:57] Common genes: 28907
[2025-11-12 13:40:01] Projecting SRT into snRNA NMF basis...
[2025-11-12 13:40:03] Projection complete and rescaled.
[2025-11-12 13:40:04] Saved projection result to: /zata/zippy/kresgeb/nmf_stuff/dlPFC/data/batched_projection/proj_k30_seed120301_tol1e-06_L10.1.rds
[2025-11-12 13:40:04] Appended run metadata to summary.tsv
[2025-11-12 13:40:04] --------------------------------------------
[2025-11-12 13:40:04] Starting projection 84 / 157: k=40, seed=120301, tol=1e-06, L1=0.1
[2025-11-12 13:40:04] --------------------------------------------
[2025-11-12 13:40:05] Common genes: 28907
[2025-11-12 13:40:09] Projecting SRT into snRNA NMF basis...
[2025-11-12 13:40:12] Projection complete and rescaled.
[2025-11-12 13:40:14] Saved projection result to: /zata/zippy/kresgeb/nmf_stuff/dlPFC/data/batched_projection/proj_k40_seed120301_tol1e-06_L10.1.rds
[2025-11-12 13:40:14] Appended run metadata to summary.tsv
[2025-11-12 13:40:14] --------------------------------------------
[2025-11-12 13:40:14] Starting projection 85 / 157: k=50, seed=120301, tol=1e-06, L1=0.1
[2025-11-12 13:40:14] --------------------------------------------
[2025-11-12 13:40:14] Common genes: 28907
[2025-11-12 13:40:19] Projecting SRT into snRNA NMF basis...
[2025-11-12 13:40:23] Projection complete and rescaled.
[2025-11-12 13:40:25] Saved projection result to: /zata/zippy/kresgeb/nmf_stuff/dlPFC/data/batched_projection/proj_k50_seed120301_tol1e-06_L10.1.rds
[2025-11-12 13:40:25] Appended run metadata to summary.tsv
[2025-11-12 13:40:25] --------------------------------------------
[2025-11-12 13:40:25] Starting projection 86 / 157: k=60, seed=120301, tol=1e-06, L1=0.1
[2025-11-12 13:40:25] --------------------------------------------
[2025-11-12 13:40:25] Common genes: 28907
[2025-11-12 13:40:31] Projecting SRT into snRNA NMF basis...
[2025-11-12 13:40:33] Projection complete and rescaled.
[2025-11-12 13:40:35] Saved projection result to: /zata/zippy/kresgeb/nmf_stuff/dlPFC/data/batched_projection/proj_k60_seed120301_tol1e-06_L10.1.rds
[2025-11-12 13:40:35] Appended run metadata to summary.tsv
[2025-11-12 13:40:35] --------------------------------------------
[2025-11-12 13:40:35] Starting projection 87 / 157: k=70, seed=120301, tol=1e-06, L1=0.1
[2025-11-12 13:40:35] --------------------------------------------
[2025-11-12 13:40:36] Common genes: 28907
[2025-11-12 13:40:41] Projecting SRT into snRNA NMF basis...
[2025-11-12 13:40:44] Projection complete and rescaled.
[2025-11-12 13:40:47] Saved projection result to: /zata/zippy/kresgeb/nmf_stuff/dlPFC/data/batched_projection/proj_k70_seed120301_tol1e-06_L10.1.rds
[2025-11-12 13:40:47] Appended run metadata to summary.tsv
[2025-11-12 13:40:47] --------------------------------------------
[2025-11-12 13:40:47] Starting projection 88 / 157: k=80, seed=120301, tol=1e-06, L1=0.1
[2025-11-12 13:40:47] --------------------------------------------
[2025-11-12 13:40:48] Common genes: 28907
[2025-11-12 13:40:53] Projecting SRT into snRNA NMF basis...
[2025-11-12 13:40:57] Projection complete and rescaled.
[2025-11-12 13:41:00] Saved projection result to: /zata/zippy/kresgeb/nmf_stuff/dlPFC/data/batched_projection/proj_k80_seed120301_tol1e-06_L10.1.rds
[2025-11-12 13:41:00] Appended run metadata to summary.tsv
[2025-11-12 13:41:00] --------------------------------------------
[2025-11-12 13:41:00] Starting projection 89 / 157: k=90, seed=120301, tol=1e-06, L1=0.1
[2025-11-12 13:41:00] --------------------------------------------
[2025-11-12 13:41:01] Common genes: 28907
[2025-11-12 13:41:07] Projecting SRT into snRNA NMF basis...
[2025-11-12 13:41:12] Projection complete and rescaled.
[2025-11-12 13:41:15] Saved projection result to: /zata/zippy/kresgeb/nmf_stuff/dlPFC/data/batched_projection/proj_k90_seed120301_tol1e-06_L10.1.rds
[2025-11-12 13:41:15] Appended run metadata to summary.tsv
[2025-11-12 13:41:15] --------------------------------------------
[2025-11-12 13:41:15] Starting projection 90 / 157: k=100, seed=120301, tol=1e-06, L1=0.1
[2025-11-12 13:41:15] --------------------------------------------
[2025-11-12 13:41:16] Common genes: 28907
[2025-11-12 13:41:20] Projecting SRT into snRNA NMF basis...
[2025-11-12 13:41:28] Projection complete and rescaled.
[2025-11-12 13:41:32] Saved projection result to: /zata/zippy/kresgeb/nmf_stuff/dlPFC/data/batched_projection/proj_k100_seed120301_tol1e-06_L10.1.rds
[2025-11-12 13:41:32] Appended run metadata to summary.tsv
[2025-11-12 13:41:32] --------------------------------------------
[2025-11-12 13:41:32] Starting projection 91 / 157: k=10, seed=2025, tol=1e-06, L1=0.1
[2025-11-12 13:41:32] --------------------------------------------
[2025-11-12 13:41:32] Common genes: 28907
[2025-11-12 13:41:36] Projecting SRT into snRNA NMF basis...
[2025-11-12 13:41:38] Projection complete and rescaled.
[2025-11-12 13:41:39] Saved projection result to: /zata/zippy/kresgeb/nmf_stuff/dlPFC/data/batched_projection/proj_k10_seed2025_tol1e-06_L10.1.rds
[2025-11-12 13:41:39] Appended run metadata to summary.tsv
[2025-11-12 13:41:39] --------------------------------------------
[2025-11-12 13:41:39] Starting projection 92 / 157: k=20, seed=2025, tol=1e-06, L1=0.1
[2025-11-12 13:41:39] --------------------------------------------
[2025-11-12 13:41:39] Common genes: 28907
[2025-11-12 13:41:44] Projecting SRT into snRNA NMF basis...
[2025-11-12 13:41:46] Projection complete and rescaled.
[2025-11-12 13:41:47] Saved projection result to: /zata/zippy/kresgeb/nmf_stuff/dlPFC/data/batched_projection/proj_k20_seed2025_tol1e-06_L10.1.rds
[2025-11-12 13:41:47] Appended run metadata to summary.tsv
[2025-11-12 13:41:47] --------------------------------------------
[2025-11-12 13:41:47] Starting projection 93 / 157: k=30, seed=2025, tol=1e-06, L1=0.1
[2025-11-12 13:41:47] --------------------------------------------
[2025-11-12 13:41:48] Common genes: 28907
[2025-11-12 13:41:53] Projecting SRT into snRNA NMF basis...
[2025-11-12 13:41:56] Projection complete and rescaled.
[2025-11-12 13:41:57] Saved projection result to: /zata/zippy/kresgeb/nmf_stuff/dlPFC/data/batched_projection/proj_k30_seed2025_tol1e-06_L10.1.rds
[2025-11-12 13:41:57] Appended run metadata to summary.tsv
[2025-11-12 13:41:57] --------------------------------------------
[2025-11-12 13:41:57] Starting projection 94 / 157: k=40, seed=2025, tol=1e-06, L1=0.1
[2025-11-12 13:41:57] --------------------------------------------
[2025-11-12 13:41:58] Common genes: 28907
[2025-11-12 13:42:04] Projecting SRT into snRNA NMF basis...
[2025-11-12 13:42:07] Projection complete and rescaled.
[2025-11-12 13:42:08] Saved projection result to: /zata/zippy/kresgeb/nmf_stuff/dlPFC/data/batched_projection/proj_k40_seed2025_tol1e-06_L10.1.rds
[2025-11-12 13:42:08] Appended run metadata to summary.tsv
[2025-11-12 13:42:08] --------------------------------------------
[2025-11-12 13:42:08] Starting projection 95 / 157: k=50, seed=2025, tol=1e-06, L1=0.1
[2025-11-12 13:42:08] --------------------------------------------
[2025-11-12 13:42:08] Common genes: 28907
[2025-11-12 13:42:12] Projecting SRT into snRNA NMF basis...
[2025-11-12 13:42:14] Projection complete and rescaled.
[2025-11-12 13:42:16] Saved projection result to: /zata/zippy/kresgeb/nmf_stuff/dlPFC/data/batched_projection/proj_k50_seed2025_tol1e-06_L10.1.rds
[2025-11-12 13:42:16] Appended run metadata to summary.tsv
[2025-11-12 13:42:16] --------------------------------------------
[2025-11-12 13:42:16] Starting projection 96 / 157: k=60, seed=2025, tol=1e-06, L1=0.1
[2025-11-12 13:42:16] --------------------------------------------
[2025-11-12 13:42:17] Common genes: 28907
[2025-11-12 13:42:22] Projecting SRT into snRNA NMF basis...
[2025-11-12 13:42:25] Projection complete and rescaled.
[2025-11-12 13:42:28] Saved projection result to: /zata/zippy/kresgeb/nmf_stuff/dlPFC/data/batched_projection/proj_k60_seed2025_tol1e-06_L10.1.rds
[2025-11-12 13:42:28] Appended run metadata to summary.tsv
[2025-11-12 13:42:28] --------------------------------------------
[2025-11-12 13:42:28] Starting projection 97 / 157: k=70, seed=2025, tol=1e-06, L1=0.1
[2025-11-12 13:42:28] --------------------------------------------
[2025-11-12 13:42:28] Common genes: 28907
[2025-11-12 13:42:35] Projecting SRT into snRNA NMF basis...
[2025-11-12 13:42:39] Projection complete and rescaled.
[2025-11-12 13:42:42] Saved projection result to: /zata/zippy/kresgeb/nmf_stuff/dlPFC/data/batched_projection/proj_k70_seed2025_tol1e-06_L10.1.rds
[2025-11-12 13:42:42] Appended run metadata to summary.tsv
[2025-11-12 13:42:42] --------------------------------------------
[2025-11-12 13:42:42] Starting projection 98 / 157: k=80, seed=2025, tol=1e-06, L1=0.1
[2025-11-12 13:42:42] --------------------------------------------
[2025-11-12 13:42:43] Common genes: 28907
[2025-11-12 13:42:46] Projecting SRT into snRNA NMF basis...
[2025-11-12 13:42:50] Projection complete and rescaled.
[2025-11-12 13:42:52] Saved projection result to: /zata/zippy/kresgeb/nmf_stuff/dlPFC/data/batched_projection/proj_k80_seed2025_tol1e-06_L10.1.rds
[2025-11-12 13:42:52] Appended run metadata to summary.tsv
[2025-11-12 13:42:52] --------------------------------------------
[2025-11-12 13:42:52] Starting projection 99 / 157: k=90, seed=2025, tol=1e-06, L1=0.1
[2025-11-12 13:42:52] --------------------------------------------
[2025-11-12 13:42:53] Common genes: 28907
[2025-11-12 13:42:55] Projecting SRT into snRNA NMF basis...
[2025-11-12 13:43:00] Projection complete and rescaled.
[2025-11-12 13:43:04] Saved projection result to: /zata/zippy/kresgeb/nmf_stuff/dlPFC/data/batched_projection/proj_k90_seed2025_tol1e-06_L10.1.rds
[2025-11-12 13:43:04] Appended run metadata to summary.tsv
[2025-11-12 13:43:04] --------------------------------------------
[2025-11-12 13:43:04] Starting projection 100 / 157: k=100, seed=2025, tol=1e-06, L1=0.1
[2025-11-12 13:43:04] --------------------------------------------
[2025-11-12 13:43:05] Common genes: 28907
[2025-11-12 13:43:10] Projecting SRT into snRNA NMF basis...
[2025-11-12 13:43:14] Projection complete and rescaled.
[2025-11-12 13:43:18] Saved projection result to: /zata/zippy/kresgeb/nmf_stuff/dlPFC/data/batched_projection/proj_k100_seed2025_tol1e-06_L10.1.rds
[2025-11-12 13:43:18] Appended run metadata to summary.tsv
[2025-11-12 13:43:18] --------------------------------------------
[2025-11-12 13:43:18] Starting projection 101 / 157: k=10, seed=42, tol=1e-07, L1=0.1
[2025-11-12 13:43:18] --------------------------------------------
[2025-11-12 13:43:18] Common genes: 28907
[2025-11-12 13:43:23] Projecting SRT into snRNA NMF basis...
[2025-11-12 13:43:25] Projection complete and rescaled.
[2025-11-12 13:43:25] Saved projection result to: /zata/zippy/kresgeb/nmf_stuff/dlPFC/data/batched_projection/proj_k10_seed42_tol1e-07_L10.1.rds
[2025-11-12 13:43:25] Appended run metadata to summary.tsv
[2025-11-12 13:43:25] --------------------------------------------
[2025-11-12 13:43:25] Starting projection 102 / 157: k=20, seed=42, tol=1e-07, L1=0.1
[2025-11-12 13:43:25] --------------------------------------------
[2025-11-12 13:43:25] Common genes: 28907
[2025-11-12 13:43:34] Projecting SRT into snRNA NMF basis...
[2025-11-12 13:43:35] Projection complete and rescaled.
[2025-11-12 13:43:36] Saved projection result to: /zata/zippy/kresgeb/nmf_stuff/dlPFC/data/batched_projection/proj_k20_seed42_tol1e-07_L10.1.rds
[2025-11-12 13:43:36] Appended run metadata to summary.tsv
[2025-11-12 13:43:36] --------------------------------------------
[2025-11-12 13:43:36] Starting projection 103 / 157: k=30, seed=42, tol=1e-07, L1=0.1
[2025-11-12 13:43:36] --------------------------------------------
[2025-11-12 13:43:36] Common genes: 28907
[2025-11-12 13:43:40] Projecting SRT into snRNA NMF basis...
[2025-11-12 13:43:42] Projection complete and rescaled.
[2025-11-12 13:43:42] Saved projection result to: /zata/zippy/kresgeb/nmf_stuff/dlPFC/data/batched_projection/proj_k30_seed42_tol1e-07_L10.1.rds
[2025-11-12 13:43:42] Appended run metadata to summary.tsv
[2025-11-12 13:43:42] --------------------------------------------
[2025-11-12 13:43:42] Starting projection 104 / 157: k=40, seed=42, tol=1e-07, L1=0.1
[2025-11-12 13:43:42] --------------------------------------------
[2025-11-12 13:43:43] Common genes: 28907
[2025-11-12 13:43:46] Projecting SRT into snRNA NMF basis...
[2025-11-12 13:43:48] Projection complete and rescaled.
[2025-11-12 13:43:49] Saved projection result to: /zata/zippy/kresgeb/nmf_stuff/dlPFC/data/batched_projection/proj_k40_seed42_tol1e-07_L10.1.rds
[2025-11-12 13:43:49] Appended run metadata to summary.tsv
[2025-11-12 13:43:49] --------------------------------------------
[2025-11-12 13:43:49] Starting projection 105 / 157: k=50, seed=42, tol=1e-07, L1=0.1
[2025-11-12 13:43:49] --------------------------------------------
[2025-11-12 13:43:50] Common genes: 28907
[2025-11-12 13:43:53] Projecting SRT into snRNA NMF basis...
[2025-11-12 13:43:56] Projection complete and rescaled.
[2025-11-12 13:43:57] Saved projection result to: /zata/zippy/kresgeb/nmf_stuff/dlPFC/data/batched_projection/proj_k50_seed42_tol1e-07_L10.1.rds
[2025-11-12 13:43:57] Appended run metadata to summary.tsv
[2025-11-12 13:43:57] --------------------------------------------
[2025-11-12 13:43:57] Starting projection 106 / 157: k=60, seed=42, tol=1e-07, L1=0.1
[2025-11-12 13:43:57] --------------------------------------------
[2025-11-12 13:43:58] Common genes: 28907
[2025-11-12 13:44:02] Projecting SRT into snRNA NMF basis...
[2025-11-12 13:44:04] Projection complete and rescaled.
[2025-11-12 13:44:06] Saved projection result to: /zata/zippy/kresgeb/nmf_stuff/dlPFC/data/batched_projection/proj_k60_seed42_tol1e-07_L10.1.rds
[2025-11-12 13:44:06] Appended run metadata to summary.tsv
[2025-11-12 13:44:06] --------------------------------------------
[2025-11-12 13:44:06] Starting projection 107 / 157: k=70, seed=42, tol=1e-07, L1=0.1
[2025-11-12 13:44:06] --------------------------------------------
[2025-11-12 13:44:06] Common genes: 28907
[2025-11-12 13:44:10] Projecting SRT into snRNA NMF basis...
[2025-11-12 13:44:13] Projection complete and rescaled.
[2025-11-12 13:44:15] Saved projection result to: /zata/zippy/kresgeb/nmf_stuff/dlPFC/data/batched_projection/proj_k70_seed42_tol1e-07_L10.1.rds
[2025-11-12 13:44:15] Appended run metadata to summary.tsv
[2025-11-12 13:44:15] --------------------------------------------
[2025-11-12 13:44:15] Starting projection 108 / 157: k=80, seed=42, tol=1e-07, L1=0.1
[2025-11-12 13:44:15] --------------------------------------------
[2025-11-12 13:44:16] Common genes: 28907
[2025-11-12 13:44:18] Projecting SRT into snRNA NMF basis...
[2025-11-12 13:44:22] Projection complete and rescaled.
[2025-11-12 13:44:24] Saved projection result to: /zata/zippy/kresgeb/nmf_stuff/dlPFC/data/batched_projection/proj_k80_seed42_tol1e-07_L10.1.rds
[2025-11-12 13:44:24] Appended run metadata to summary.tsv
[2025-11-12 13:44:24] --------------------------------------------
[2025-11-12 13:44:24] Starting projection 109 / 157: k=90, seed=42, tol=1e-07, L1=0.1
[2025-11-12 13:44:24] --------------------------------------------
[2025-11-12 13:44:25] Common genes: 28907
[2025-11-12 13:44:28] Projecting SRT into snRNA NMF basis...
[2025-11-12 13:44:31] Projection complete and rescaled.
[2025-11-12 13:44:34] Saved projection result to: /zata/zippy/kresgeb/nmf_stuff/dlPFC/data/batched_projection/proj_k90_seed42_tol1e-07_L10.1.rds
[2025-11-12 13:44:34] Appended run metadata to summary.tsv
[2025-11-12 13:44:34] --------------------------------------------
[2025-11-12 13:44:34] Starting projection 110 / 157: k=100, seed=42, tol=1e-07, L1=0.1
[2025-11-12 13:44:34] --------------------------------------------
[2025-11-12 13:44:35] Common genes: 28907
[2025-11-12 13:44:38] Projecting SRT into snRNA NMF basis...
[2025-11-12 13:44:42] Projection complete and rescaled.
[2025-11-12 13:44:44] Saved projection result to: /zata/zippy/kresgeb/nmf_stuff/dlPFC/data/batched_projection/proj_k100_seed42_tol1e-07_L10.1.rds
[2025-11-12 13:44:44] Appended run metadata to summary.tsv
[2025-11-12 13:44:44] --------------------------------------------
[2025-11-12 13:44:44] Starting projection 111 / 157: k=10, seed=1029, tol=1e-07, L1=0.1
[2025-11-12 13:44:44] --------------------------------------------
[2025-11-12 13:44:44] Common genes: 28907
[2025-11-12 13:44:48] Projecting SRT into snRNA NMF basis...
[2025-11-12 13:44:49] Projection complete and rescaled.
[2025-11-12 13:44:50] Saved projection result to: /zata/zippy/kresgeb/nmf_stuff/dlPFC/data/batched_projection/proj_k10_seed1029_tol1e-07_L10.1.rds
[2025-11-12 13:44:50] Appended run metadata to summary.tsv
[2025-11-12 13:44:50] --------------------------------------------
[2025-11-12 13:44:50] Starting projection 112 / 157: k=20, seed=1029, tol=1e-07, L1=0.1
[2025-11-12 13:44:50] --------------------------------------------
[2025-11-12 13:44:50] Common genes: 28907
[2025-11-12 13:44:53] Projecting SRT into snRNA NMF basis...
[2025-11-12 13:44:54] Projection complete and rescaled.
[2025-11-12 13:44:55] Saved projection result to: /zata/zippy/kresgeb/nmf_stuff/dlPFC/data/batched_projection/proj_k20_seed1029_tol1e-07_L10.1.rds
[2025-11-12 13:44:55] Appended run metadata to summary.tsv
[2025-11-12 13:44:55] --------------------------------------------
[2025-11-12 13:44:55] Starting projection 113 / 157: k=30, seed=1029, tol=1e-07, L1=0.1
[2025-11-12 13:44:55] --------------------------------------------
[2025-11-12 13:44:55] Common genes: 28907
[2025-11-12 13:44:58] Projecting SRT into snRNA NMF basis...
[2025-11-12 13:45:01] Projection complete and rescaled.
[2025-11-12 13:45:02] Saved projection result to: /zata/zippy/kresgeb/nmf_stuff/dlPFC/data/batched_projection/proj_k30_seed1029_tol1e-07_L10.1.rds
[2025-11-12 13:45:02] Appended run metadata to summary.tsv
[2025-11-12 13:45:02] --------------------------------------------
[2025-11-12 13:45:02] Starting projection 114 / 157: k=40, seed=1029, tol=1e-07, L1=0.1
[2025-11-12 13:45:02] --------------------------------------------
[2025-11-12 13:45:03] Common genes: 28907
[2025-11-12 13:45:08] Projecting SRT into snRNA NMF basis...
[2025-11-12 13:45:17] Projection complete and rescaled.
[2025-11-12 13:45:18] Saved projection result to: /zata/zippy/kresgeb/nmf_stuff/dlPFC/data/batched_projection/proj_k40_seed1029_tol1e-07_L10.1.rds
[2025-11-12 13:45:18] Appended run metadata to summary.tsv
[2025-11-12 13:45:18] --------------------------------------------
[2025-11-12 13:45:18] Starting projection 115 / 157: k=50, seed=1029, tol=1e-07, L1=0.1
[2025-11-12 13:45:18] --------------------------------------------
[2025-11-12 13:45:19] Common genes: 28907
[2025-11-12 13:45:24] Projecting SRT into snRNA NMF basis...
[2025-11-12 13:45:27] Projection complete and rescaled.
[2025-11-12 13:45:29] Saved projection result to: /zata/zippy/kresgeb/nmf_stuff/dlPFC/data/batched_projection/proj_k50_seed1029_tol1e-07_L10.1.rds
[2025-11-12 13:45:29] Appended run metadata to summary.tsv
[2025-11-12 13:45:29] --------------------------------------------
[2025-11-12 13:45:29] Starting projection 116 / 157: k=60, seed=1029, tol=1e-07, L1=0.1
[2025-11-12 13:45:29] --------------------------------------------
[2025-11-12 13:45:30] Common genes: 28907
[2025-11-12 13:45:34] Projecting SRT into snRNA NMF basis...
[2025-11-12 13:45:37] Projection complete and rescaled.
[2025-11-12 13:45:39] Saved projection result to: /zata/zippy/kresgeb/nmf_stuff/dlPFC/data/batched_projection/proj_k60_seed1029_tol1e-07_L10.1.rds
[2025-11-12 13:45:39] Appended run metadata to summary.tsv
[2025-11-12 13:45:39] --------------------------------------------
[2025-11-12 13:45:39] Starting projection 117 / 157: k=70, seed=1029, tol=1e-07, L1=0.1
[2025-11-12 13:45:39] --------------------------------------------
[2025-11-12 13:45:40] Common genes: 28907
[2025-11-12 13:45:46] Projecting SRT into snRNA NMF basis...
[2025-11-12 13:45:51] Projection complete and rescaled.
[2025-11-12 13:45:52] Saved projection result to: /zata/zippy/kresgeb/nmf_stuff/dlPFC/data/batched_projection/proj_k70_seed1029_tol1e-07_L10.1.rds
[2025-11-12 13:45:52] Appended run metadata to summary.tsv
[2025-11-12 13:45:52] --------------------------------------------
[2025-11-12 13:45:52] Starting projection 118 / 157: k=80, seed=1029, tol=1e-07, L1=0.1
[2025-11-12 13:45:52] --------------------------------------------
[2025-11-12 13:45:53] Common genes: 28907
[2025-11-12 13:45:57] Projecting SRT into snRNA NMF basis...
[2025-11-12 13:46:01] Projection complete and rescaled.
[2025-11-12 13:46:04] Saved projection result to: /zata/zippy/kresgeb/nmf_stuff/dlPFC/data/batched_projection/proj_k80_seed1029_tol1e-07_L10.1.rds
[2025-11-12 13:46:04] Appended run metadata to summary.tsv
[2025-11-12 13:46:04] --------------------------------------------
[2025-11-12 13:46:04] Starting projection 119 / 157: k=90, seed=1029, tol=1e-07, L1=0.1
[2025-11-12 13:46:04] --------------------------------------------
[2025-11-12 13:46:05] Common genes: 28907
[2025-11-12 13:46:10] Projecting SRT into snRNA NMF basis...
[2025-11-12 13:46:15] Projection complete and rescaled.
[2025-11-12 13:46:18] Saved projection result to: /zata/zippy/kresgeb/nmf_stuff/dlPFC/data/batched_projection/proj_k90_seed1029_tol1e-07_L10.1.rds
[2025-11-12 13:46:18] Appended run metadata to summary.tsv
[2025-11-12 13:46:18] --------------------------------------------
[2025-11-12 13:46:18] Starting projection 120 / 157: k=100, seed=1029, tol=1e-07, L1=0.1
[2025-11-12 13:46:18] --------------------------------------------
[2025-11-12 13:46:19] Common genes: 28907
[2025-11-12 13:46:24] Projecting SRT into snRNA NMF basis...
[2025-11-12 13:46:29] Projection complete and rescaled.
[2025-11-12 13:46:32] Saved projection result to: /zata/zippy/kresgeb/nmf_stuff/dlPFC/data/batched_projection/proj_k100_seed1029_tol1e-07_L10.1.rds
[2025-11-12 13:46:33] Appended run metadata to summary.tsv
[2025-11-12 13:46:33] --------------------------------------------
[2025-11-12 13:46:33] Starting projection 121 / 157: k=10, seed=31415, tol=1e-07, L1=0.1
[2025-11-12 13:46:33] --------------------------------------------
[2025-11-12 13:46:33] Common genes: 28907
[2025-11-12 13:46:38] Projecting SRT into snRNA NMF basis...
[2025-11-12 13:46:39] Projection complete and rescaled.
[2025-11-12 13:46:40] Saved projection result to: /zata/zippy/kresgeb/nmf_stuff/dlPFC/data/batched_projection/proj_k10_seed31415_tol1e-07_L10.1.rds
[2025-11-12 13:46:40] Appended run metadata to summary.tsv
[2025-11-12 13:46:40] --------------------------------------------
[2025-11-12 13:46:40] Starting projection 122 / 157: k=20, seed=31415, tol=1e-07, L1=0.1
[2025-11-12 13:46:40] --------------------------------------------
[2025-11-12 13:46:41] Common genes: 28907
[2025-11-12 13:46:46] Projecting SRT into snRNA NMF basis...
[2025-11-12 13:46:49] Projection complete and rescaled.
[2025-11-12 13:46:49] Saved projection result to: /zata/zippy/kresgeb/nmf_stuff/dlPFC/data/batched_projection/proj_k20_seed31415_tol1e-07_L10.1.rds
[2025-11-12 13:46:49] Appended run metadata to summary.tsv
[2025-11-12 13:46:49] --------------------------------------------
[2025-11-12 13:46:49] Starting projection 123 / 157: k=30, seed=31415, tol=1e-07, L1=0.1
[2025-11-12 13:46:49] --------------------------------------------
[2025-11-12 13:46:50] Common genes: 28907
[2025-11-12 13:46:53] Projecting SRT into snRNA NMF basis...
[2025-11-12 13:46:57] Projection complete and rescaled.
[2025-11-12 13:46:58] Saved projection result to: /zata/zippy/kresgeb/nmf_stuff/dlPFC/data/batched_projection/proj_k30_seed31415_tol1e-07_L10.1.rds
[2025-11-12 13:46:58] Appended run metadata to summary.tsv
[2025-11-12 13:46:58] --------------------------------------------
[2025-11-12 13:46:58] Starting projection 124 / 157: k=40, seed=31415, tol=1e-07, L1=0.1
[2025-11-12 13:46:58] --------------------------------------------
[2025-11-12 13:46:58] Common genes: 28907
[2025-11-12 13:47:04] Projecting SRT into snRNA NMF basis...
[2025-11-12 13:47:07] Projection complete and rescaled.
[2025-11-12 13:47:08] Saved projection result to: /zata/zippy/kresgeb/nmf_stuff/dlPFC/data/batched_projection/proj_k40_seed31415_tol1e-07_L10.1.rds
[2025-11-12 13:47:08] Appended run metadata to summary.tsv
[2025-11-12 13:47:08] --------------------------------------------
[2025-11-12 13:47:08] Starting projection 125 / 157: k=50, seed=31415, tol=1e-07, L1=0.1
[2025-11-12 13:47:08] --------------------------------------------
[2025-11-12 13:47:09] Common genes: 28907
[2025-11-12 13:47:21] Projecting SRT into snRNA NMF basis...
[2025-11-12 13:47:24] Projection complete and rescaled.
[2025-11-12 13:47:25] Saved projection result to: /zata/zippy/kresgeb/nmf_stuff/dlPFC/data/batched_projection/proj_k50_seed31415_tol1e-07_L10.1.rds
[2025-11-12 13:47:25] Appended run metadata to summary.tsv
[2025-11-12 13:47:25] --------------------------------------------
[2025-11-12 13:47:25] Starting projection 126 / 157: k=60, seed=31415, tol=1e-07, L1=0.1
[2025-11-12 13:47:25] --------------------------------------------
[2025-11-12 13:47:26] Common genes: 28907
[2025-11-12 13:47:30] Projecting SRT into snRNA NMF basis...
[2025-11-12 13:47:33] Projection complete and rescaled.
[2025-11-12 13:47:35] Saved projection result to: /zata/zippy/kresgeb/nmf_stuff/dlPFC/data/batched_projection/proj_k60_seed31415_tol1e-07_L10.1.rds
[2025-11-12 13:47:35] Appended run metadata to summary.tsv
[2025-11-12 13:47:35] --------------------------------------------
[2025-11-12 13:47:35] Starting projection 127 / 157: k=70, seed=31415, tol=1e-07, L1=0.1
[2025-11-12 13:47:35] --------------------------------------------
[2025-11-12 13:47:36] Common genes: 28907
[2025-11-12 13:47:41] Projecting SRT into snRNA NMF basis...
[2025-11-12 13:47:45] Projection complete and rescaled.
[2025-11-12 13:47:48] Saved projection result to: /zata/zippy/kresgeb/nmf_stuff/dlPFC/data/batched_projection/proj_k70_seed31415_tol1e-07_L10.1.rds
[2025-11-12 13:47:48] Appended run metadata to summary.tsv
[2025-11-12 13:47:48] --------------------------------------------
[2025-11-12 13:47:48] Starting projection 128 / 157: k=80, seed=31415, tol=1e-07, L1=0.1
[2025-11-12 13:47:48] --------------------------------------------
[2025-11-12 13:47:49] Common genes: 28907
[2025-11-12 13:47:54] Projecting SRT into snRNA NMF basis...
[2025-11-12 13:47:58] Projection complete and rescaled.
[2025-11-12 13:48:01] Saved projection result to: /zata/zippy/kresgeb/nmf_stuff/dlPFC/data/batched_projection/proj_k80_seed31415_tol1e-07_L10.1.rds
[2025-11-12 13:48:01] Appended run metadata to summary.tsv
[2025-11-12 13:48:01] --------------------------------------------
[2025-11-12 13:48:01] Starting projection 129 / 157: k=90, seed=31415, tol=1e-07, L1=0.1
[2025-11-12 13:48:01] --------------------------------------------
[2025-11-12 13:48:02] Common genes: 28907
[2025-11-12 13:48:08] Projecting SRT into snRNA NMF basis...
[2025-11-12 13:48:14] Projection complete and rescaled.
[2025-11-12 13:48:18] Saved projection result to: /zata/zippy/kresgeb/nmf_stuff/dlPFC/data/batched_projection/proj_k90_seed31415_tol1e-07_L10.1.rds
[2025-11-12 13:48:18] Appended run metadata to summary.tsv
[2025-11-12 13:48:18] --------------------------------------------
[2025-11-12 13:48:18] Starting projection 130 / 157: k=100, seed=31415, tol=1e-07, L1=0.1
[2025-11-12 13:48:18] --------------------------------------------
[2025-11-12 13:48:19] Common genes: 28907
[2025-11-12 13:48:25] Projecting SRT into snRNA NMF basis...
[2025-11-12 13:48:30] Projection complete and rescaled.
[2025-11-12 13:48:34] Saved projection result to: /zata/zippy/kresgeb/nmf_stuff/dlPFC/data/batched_projection/proj_k100_seed31415_tol1e-07_L10.1.rds
[2025-11-12 13:48:34] Appended run metadata to summary.tsv
[2025-11-12 13:48:34] --------------------------------------------
[2025-11-12 13:48:34] Starting projection 131 / 157: k=10, seed=120301, tol=1e-07, L1=0.1
[2025-11-12 13:48:34] --------------------------------------------
[2025-11-12 13:48:35] Common genes: 28907
[2025-11-12 13:48:41] Projecting SRT into snRNA NMF basis...
[2025-11-12 13:48:42] Projection complete and rescaled.
[2025-11-12 13:48:43] Saved projection result to: /zata/zippy/kresgeb/nmf_stuff/dlPFC/data/batched_projection/proj_k10_seed120301_tol1e-07_L10.1.rds
[2025-11-12 13:48:43] Appended run metadata to summary.tsv
[2025-11-12 13:48:43] --------------------------------------------
[2025-11-12 13:48:43] Starting projection 132 / 157: k=20, seed=120301, tol=1e-07, L1=0.1
[2025-11-12 13:48:43] --------------------------------------------
[2025-11-12 13:48:44] Common genes: 28907
[2025-11-12 13:48:50] Projecting SRT into snRNA NMF basis...
[2025-11-12 13:48:52] Projection complete and rescaled.
[2025-11-12 13:48:54] Saved projection result to: /zata/zippy/kresgeb/nmf_stuff/dlPFC/data/batched_projection/proj_k20_seed120301_tol1e-07_L10.1.rds
[2025-11-12 13:48:54] Appended run metadata to summary.tsv
[2025-11-12 13:48:54] --------------------------------------------
[2025-11-12 13:48:54] Starting projection 133 / 157: k=30, seed=120301, tol=1e-07, L1=0.1
[2025-11-12 13:48:54] --------------------------------------------
[2025-11-12 13:48:54] Common genes: 28907
[2025-11-12 13:48:59] Projecting SRT into snRNA NMF basis...
[2025-11-12 13:49:01] Projection complete and rescaled.
[2025-11-12 13:49:02] Saved projection result to: /zata/zippy/kresgeb/nmf_stuff/dlPFC/data/batched_projection/proj_k30_seed120301_tol1e-07_L10.1.rds
[2025-11-12 13:49:02] Appended run metadata to summary.tsv
[2025-11-12 13:49:02] --------------------------------------------
[2025-11-12 13:49:02] Starting projection 134 / 157: k=40, seed=120301, tol=1e-07, L1=0.1
[2025-11-12 13:49:02] --------------------------------------------
[2025-11-12 13:49:03] Common genes: 28907
[2025-11-12 13:49:08] Projecting SRT into snRNA NMF basis...
[2025-11-12 13:49:11] Projection complete and rescaled.
[2025-11-12 13:49:13] Saved projection result to: /zata/zippy/kresgeb/nmf_stuff/dlPFC/data/batched_projection/proj_k40_seed120301_tol1e-07_L10.1.rds
[2025-11-12 13:49:13] Appended run metadata to summary.tsv
[2025-11-12 13:49:13] --------------------------------------------
[2025-11-12 13:49:13] Starting projection 135 / 157: k=50, seed=120301, tol=1e-07, L1=0.1
[2025-11-12 13:49:13] --------------------------------------------
[2025-11-12 13:49:13] Common genes: 28907
[2025-11-12 13:49:19] Projecting SRT into snRNA NMF basis...
[2025-11-12 13:49:22] Projection complete and rescaled.
[2025-11-12 13:49:24] Saved projection result to: /zata/zippy/kresgeb/nmf_stuff/dlPFC/data/batched_projection/proj_k50_seed120301_tol1e-07_L10.1.rds
[2025-11-12 13:49:24] Appended run metadata to summary.tsv
[2025-11-12 13:49:24] --------------------------------------------
[2025-11-12 13:49:24] Starting projection 136 / 157: k=60, seed=120301, tol=1e-07, L1=0.1
[2025-11-12 13:49:24] --------------------------------------------
[2025-11-12 13:49:25] Common genes: 28907
[2025-11-12 13:49:31] Projecting SRT into snRNA NMF basis...
[2025-11-12 13:49:35] Projection complete and rescaled.
[2025-11-12 13:49:37] Saved projection result to: /zata/zippy/kresgeb/nmf_stuff/dlPFC/data/batched_projection/proj_k60_seed120301_tol1e-07_L10.1.rds
[2025-11-12 13:49:37] Appended run metadata to summary.tsv
[2025-11-12 13:49:37] --------------------------------------------
[2025-11-12 13:49:37] Starting projection 137 / 157: k=70, seed=120301, tol=1e-07, L1=0.1
[2025-11-12 13:49:37] --------------------------------------------
[2025-11-12 13:49:38] Common genes: 28907
[2025-11-12 13:49:50] Projecting SRT into snRNA NMF basis...
[2025-11-12 13:49:53] Projection complete and rescaled.
[2025-11-12 13:49:56] Saved projection result to: /zata/zippy/kresgeb/nmf_stuff/dlPFC/data/batched_projection/proj_k70_seed120301_tol1e-07_L10.1.rds
[2025-11-12 13:49:56] Appended run metadata to summary.tsv
[2025-11-12 13:49:56] --------------------------------------------
[2025-11-12 13:49:56] Starting projection 138 / 157: k=80, seed=120301, tol=1e-07, L1=0.1
[2025-11-12 13:49:56] --------------------------------------------
[2025-11-12 13:49:57] Common genes: 28907
[2025-11-12 13:50:02] Projecting SRT into snRNA NMF basis...
[2025-11-12 13:50:06] Projection complete and rescaled.
[2025-11-12 13:50:08] Saved projection result to: /zata/zippy/kresgeb/nmf_stuff/dlPFC/data/batched_projection/proj_k80_seed120301_tol1e-07_L10.1.rds
[2025-11-12 13:50:08] Appended run metadata to summary.tsv
[2025-11-12 13:50:08] --------------------------------------------
[2025-11-12 13:50:08] Starting projection 139 / 157: k=90, seed=120301, tol=1e-07, L1=0.1
[2025-11-12 13:50:08] --------------------------------------------
[2025-11-12 13:50:09] Common genes: 28907
[2025-11-12 13:50:12] Projecting SRT into snRNA NMF basis...
[2025-11-12 13:50:16] Projection complete and rescaled.
[2025-11-12 13:50:18] Saved projection result to: /zata/zippy/kresgeb/nmf_stuff/dlPFC/data/batched_projection/proj_k90_seed120301_tol1e-07_L10.1.rds
[2025-11-12 13:50:18] Appended run metadata to summary.tsv
[2025-11-12 13:50:18] --------------------------------------------
[2025-11-12 13:50:18] Starting projection 140 / 157: k=100, seed=120301, tol=1e-07, L1=0.1
[2025-11-12 13:50:18] --------------------------------------------
[2025-11-12 13:50:19] Common genes: 28907
[2025-11-12 13:50:23] Projecting SRT into snRNA NMF basis...
[2025-11-12 13:50:26] Projection complete and rescaled.
[2025-11-12 13:50:29] Saved projection result to: /zata/zippy/kresgeb/nmf_stuff/dlPFC/data/batched_projection/proj_k100_seed120301_tol1e-07_L10.1.rds
[2025-11-12 13:50:29] Appended run metadata to summary.tsv
[2025-11-12 13:50:29] --------------------------------------------
[2025-11-12 13:50:29] Starting projection 141 / 157: k=10, seed=2025, tol=1e-07, L1=0.1
[2025-11-12 13:50:29] --------------------------------------------
[2025-11-12 13:50:29] Common genes: 28907
[2025-11-12 13:50:33] Projecting SRT into snRNA NMF basis...
[2025-11-12 13:50:35] Projection complete and rescaled.
[2025-11-12 13:50:35] Saved projection result to: /zata/zippy/kresgeb/nmf_stuff/dlPFC/data/batched_projection/proj_k10_seed2025_tol1e-07_L10.1.rds
[2025-11-12 13:50:35] Appended run metadata to summary.tsv
[2025-11-12 13:50:35] --------------------------------------------
[2025-11-12 13:50:35] Starting projection 142 / 157: k=20, seed=2025, tol=1e-07, L1=0.1
[2025-11-12 13:50:35] --------------------------------------------
[2025-11-12 13:50:36] Common genes: 28907
[2025-11-12 13:50:39] Projecting SRT into snRNA NMF basis...
[2025-11-12 13:50:41] Projection complete and rescaled.
[2025-11-12 13:50:42] Saved projection result to: /zata/zippy/kresgeb/nmf_stuff/dlPFC/data/batched_projection/proj_k20_seed2025_tol1e-07_L10.1.rds
[2025-11-12 13:50:42] Appended run metadata to summary.tsv
[2025-11-12 13:50:42] --------------------------------------------
[2025-11-12 13:50:42] Starting projection 143 / 157: k=30, seed=2025, tol=1e-07, L1=0.1
[2025-11-12 13:50:42] --------------------------------------------
[2025-11-12 13:50:42] Common genes: 28907
[2025-11-12 13:50:45] Projecting SRT into snRNA NMF basis...
[2025-11-12 13:50:47] Projection complete and rescaled.
[2025-11-12 13:50:48] Saved projection result to: /zata/zippy/kresgeb/nmf_stuff/dlPFC/data/batched_projection/proj_k30_seed2025_tol1e-07_L10.1.rds
[2025-11-12 13:50:48] Appended run metadata to summary.tsv
[2025-11-12 13:50:48] --------------------------------------------
[2025-11-12 13:50:48] Starting projection 144 / 157: k=40, seed=2025, tol=1e-07, L1=0.1
[2025-11-12 13:50:48] --------------------------------------------
[2025-11-12 13:50:48] Common genes: 28907
[2025-11-12 13:50:51] Projecting SRT into snRNA NMF basis...
[2025-11-12 13:50:54] Projection complete and rescaled.
[2025-11-12 13:50:55] Saved projection result to: /zata/zippy/kresgeb/nmf_stuff/dlPFC/data/batched_projection/proj_k40_seed2025_tol1e-07_L10.1.rds
[2025-11-12 13:50:55] Appended run metadata to summary.tsv
[2025-11-12 13:50:55] --------------------------------------------
[2025-11-12 13:50:55] Starting projection 145 / 157: k=50, seed=2025, tol=1e-07, L1=0.1
[2025-11-12 13:50:55] --------------------------------------------
[2025-11-12 13:50:55] Common genes: 28907
[2025-11-12 13:51:00] Projecting SRT into snRNA NMF basis...
[2025-11-12 13:51:02] Projection complete and rescaled.
[2025-11-12 13:51:03] Saved projection result to: /zata/zippy/kresgeb/nmf_stuff/dlPFC/data/batched_projection/proj_k50_seed2025_tol1e-07_L10.1.rds
[2025-11-12 13:51:03] Appended run metadata to summary.tsv
[2025-11-12 13:51:03] --------------------------------------------
[2025-11-12 13:51:03] Starting projection 146 / 157: k=60, seed=2025, tol=1e-07, L1=0.1
[2025-11-12 13:51:03] --------------------------------------------
[2025-11-12 13:51:04] Common genes: 28907
[2025-11-12 13:51:07] Projecting SRT into snRNA NMF basis...
[2025-11-12 13:51:09] Projection complete and rescaled.
[2025-11-12 13:51:11] Saved projection result to: /zata/zippy/kresgeb/nmf_stuff/dlPFC/data/batched_projection/proj_k60_seed2025_tol1e-07_L10.1.rds
[2025-11-12 13:51:11] Appended run metadata to summary.tsv
[2025-11-12 13:51:11] --------------------------------------------
[2025-11-12 13:51:11] Starting projection 147 / 157: k=70, seed=2025, tol=1e-07, L1=0.1
[2025-11-12 13:51:11] --------------------------------------------
[2025-11-12 13:51:12] Common genes: 28907
[2025-11-12 13:51:21] Projecting SRT into snRNA NMF basis...
[2025-11-12 13:51:23] Projection complete and rescaled.
[2025-11-12 13:51:25] Saved projection result to: /zata/zippy/kresgeb/nmf_stuff/dlPFC/data/batched_projection/proj_k70_seed2025_tol1e-07_L10.1.rds
[2025-11-12 13:51:25] Appended run metadata to summary.tsv
[2025-11-12 13:51:25] --------------------------------------------
[2025-11-12 13:51:25] Starting projection 148 / 157: k=80, seed=2025, tol=1e-07, L1=0.1
[2025-11-12 13:51:25] --------------------------------------------
[2025-11-12 13:51:26] Common genes: 28907
[2025-11-12 13:51:30] Projecting SRT into snRNA NMF basis...
[2025-11-12 13:51:33] Projection complete and rescaled.
[2025-11-12 13:51:35] Saved projection result to: /zata/zippy/kresgeb/nmf_stuff/dlPFC/data/batched_projection/proj_k80_seed2025_tol1e-07_L10.1.rds
[2025-11-12 13:51:35] Appended run metadata to summary.tsv
[2025-11-12 13:51:35] --------------------------------------------
[2025-11-12 13:51:35] Starting projection 149 / 157: k=90, seed=2025, tol=1e-07, L1=0.1
[2025-11-12 13:51:35] --------------------------------------------
[2025-11-12 13:51:36] Common genes: 28907
[2025-11-12 13:51:39] Projecting SRT into snRNA NMF basis...
[2025-11-12 13:51:43] Projection complete and rescaled.
[2025-11-12 13:51:45] Saved projection result to: /zata/zippy/kresgeb/nmf_stuff/dlPFC/data/batched_projection/proj_k90_seed2025_tol1e-07_L10.1.rds
[2025-11-12 13:51:45] Appended run metadata to summary.tsv
[2025-11-12 13:51:45] --------------------------------------------
[2025-11-12 13:51:45] Starting projection 150 / 157: k=100, seed=2025, tol=1e-07, L1=0.1
[2025-11-12 13:51:45] --------------------------------------------
[2025-11-12 13:51:46] Common genes: 28907
[2025-11-12 13:51:48] Projecting SRT into snRNA NMF basis...
[2025-11-12 13:51:52] Projection complete and rescaled.
[2025-11-12 13:51:55] Saved projection result to: /zata/zippy/kresgeb/nmf_stuff/dlPFC/data/batched_projection/proj_k100_seed2025_tol1e-07_L10.1.rds
[2025-11-12 13:51:55] Appended run metadata to summary.tsv
[2025-11-12 13:51:55] --------------------------------------------
[2025-11-12 13:51:55] Starting projection 151 / 157: k=10, seed=42, tol=1e-05, L1=0.0
[2025-11-12 13:51:55] --------------------------------------------
[2025-11-12 13:51:55] Common genes: 28907
[2025-11-12 13:51:58] Projecting SRT into snRNA NMF basis...
[2025-11-12 13:51:59] Projection complete and rescaled.
[2025-11-12 13:52:00] Saved projection result to: /zata/zippy/kresgeb/nmf_stuff/dlPFC/data/batched_projection/proj_k10_seed42_tol1e-05_L10.0.rds
[2025-11-12 13:52:00] Appended run metadata to summary.tsv
[2025-11-12 13:52:00] --------------------------------------------
[2025-11-12 13:52:00] Starting projection 152 / 157: k=20, seed=42, tol=1e-05, L1=0.0
[2025-11-12 13:52:00] --------------------------------------------
[2025-11-12 13:52:00] Common genes: 28907
[2025-11-12 13:52:02] Projecting SRT into snRNA NMF basis...
[2025-11-12 13:52:03] Projection complete and rescaled.
[2025-11-12 13:52:04] Saved projection result to: /zata/zippy/kresgeb/nmf_stuff/dlPFC/data/batched_projection/proj_k20_seed42_tol1e-05_L10.0.rds
[2025-11-12 13:52:04] Appended run metadata to summary.tsv
[2025-11-12 13:52:04] --------------------------------------------
[2025-11-12 13:52:04] Starting projection 153 / 157: k=30, seed=42, tol=1e-05, L1=0.0
[2025-11-12 13:52:04] --------------------------------------------
[2025-11-12 13:52:04] Common genes: 28907
[2025-11-12 13:52:07] Projecting SRT into snRNA NMF basis...
[2025-11-12 13:52:08] Projection complete and rescaled.
[2025-11-12 13:52:09] Saved projection result to: /zata/zippy/kresgeb/nmf_stuff/dlPFC/data/batched_projection/proj_k30_seed42_tol1e-05_L10.0.rds
[2025-11-12 13:52:09] Appended run metadata to summary.tsv
[2025-11-12 13:52:09] --------------------------------------------
[2025-11-12 13:52:09] Starting projection 154 / 157: k=40, seed=42, tol=1e-05, L1=0.0
[2025-11-12 13:52:09] --------------------------------------------
[2025-11-12 13:52:09] Common genes: 28907
[2025-11-12 13:52:12] Projecting SRT into snRNA NMF basis...
[2025-11-12 13:52:14] Projection complete and rescaled.
[2025-11-12 13:52:15] Saved projection result to: /zata/zippy/kresgeb/nmf_stuff/dlPFC/data/batched_projection/proj_k40_seed42_tol1e-05_L10.0.rds
[2025-11-12 13:52:15] Appended run metadata to summary.tsv
[2025-11-12 13:52:15] --------------------------------------------
[2025-11-12 13:52:15] Starting projection 155 / 157: k=50, seed=42, tol=1e-05, L1=0.0
[2025-11-12 13:52:15] --------------------------------------------
[2025-11-12 13:52:15] Common genes: 28907
[2025-11-12 13:52:20] Projecting SRT into snRNA NMF basis...
[2025-11-12 13:52:21] Projection complete and rescaled.
[2025-11-12 13:52:23] Saved projection result to: /zata/zippy/kresgeb/nmf_stuff/dlPFC/data/batched_projection/proj_k50_seed42_tol1e-05_L10.0.rds
[2025-11-12 13:52:23] Appended run metadata to summary.tsv
[2025-11-12 13:52:23] --------------------------------------------
[2025-11-12 13:52:23] Starting projection 156 / 157: k=60, seed=42, tol=1e-05, L1=0.0
[2025-11-12 13:52:23] --------------------------------------------
[2025-11-12 13:52:23] Common genes: 28907
[2025-11-12 13:52:26] Projecting SRT into snRNA NMF basis...
[2025-11-12 13:52:28] Projection complete and rescaled.
[2025-11-12 13:52:30] Saved projection result to: /zata/zippy/kresgeb/nmf_stuff/dlPFC/data/batched_projection/proj_k60_seed42_tol1e-05_L10.0.rds
[2025-11-12 13:52:30] Appended run metadata to summary.tsv
[2025-11-12 13:52:30] --------------------------------------------
[2025-11-12 13:52:30] Starting projection 157 / 157: k=70, seed=42, tol=1e-05, L1=0.0
[2025-11-12 13:52:30] --------------------------------------------
[2025-11-12 13:52:31] Common genes: 28907
[2025-11-12 13:52:34] Projecting SRT into snRNA NMF basis...
[2025-11-12 13:52:37] Projection complete and rescaled.
[2025-11-12 13:52:39] Saved projection result to: /zata/zippy/kresgeb/nmf_stuff/dlPFC/data/batched_projection/proj_k70_seed42_tol1e-05_L10.0.rds
[2025-11-12 13:52:39] Appended run metadata to summary.tsv
[2025-11-12 13:52:39] ===== Finished batched projection =====
