[2025-11-17 14:59:35] Log file created: /zata/zippy/kresgeb/nmf_stuff/dlPFC/logs/batched_nmf_2025-11-17_14-59-35.log
[2025-11-17 14:59:35] ======Snapshot of script: batched_nmf.R======

----- Begin Script Snapshot -----
#!/usr/bin/env Rscript

suppressPackageStartupMessages({
    library(here)
    library(RcppML)
    library(SingleCellExperiment)
    library(sessioninfo)
    library(duckplyr)
    library(readr)
    library(lubridate)
})

# --------------------------------------------------------------
# Set project root and import utilities
# --------------------------------------------------------------
my_relative_path <- "scripts/batched_nmf.R"
here::i_am(my_relative_path)

source(here("scripts", "utils.R"))

# --------------------------------------------------------------
# Global setup
# --------------------------------------------------------------
threads <- 64
options(RcppML.threads = threads)
options(RcppML.verbose = TRUE)

setup_log(prefix = "batched_nmf")
snapshot_script(here(my_relative_path))
log_msg("===== Session Info =====")
print(sessionInfo())
print(session_info())
log_msg(sprintf("Running batched NMF with %d threads", threads))

snrna_seq_data_path <- "/data/zusers/kresgeb/psych_encode/spatialDLPFC_snRNAseq_fetch/2024_snRNA.RData"
batched_outdir <- here("data", "batched_nmf")

if (!dir.exists(batched_outdir)) {
    dir.create(batched_outdir, recursive = TRUE)
}

# --------------------------------------------------------------
# Parameter grid
# --------------------------------------------------------------
k_values <- c(10, 20, 30, 40, 50, 60, 70, 80, 90, 100)
# k_values <- c(80)
seeds <- c(42, 1029, 31415, 120301, 2025)
# seeds <- c(1029)
tolerances <- c(1e-05, 1e-06, 1e-07)
# tolerances <- c(1e-06)
L1s <- c(0, 0.1, 0.2, 0.5, 0.7)
# L1s <- c(0.1)

param_grid <- expand.grid(k = k_values, seed = seeds, tol = tolerances, L1 = L1s)

# --------------------------------------------------------------
# Load data once
# --------------------------------------------------------------
log_msg("===== Loading snRNA-seq data once for all runs =====")
log_msg(paste("Loading data from:", snrna_seq_data_path))
load_and_rename(snrna_seq_data_path, new_names = "snrna")

if (!inherits(snrna, "SingleCellExperiment")) {
    stop("Loaded object is not a SingleCellExperiment, cannot continue.")
}

log_msg("Data successfully loaded.")
log_msg(sprintf(
    "Dimensions of logcounts: %d genes x %d cells",
    nrow(assay(snrna, "logcounts")), ncol(assay(snrna, "logcounts"))
))
log_msg(sprintf(
    "Memory footprint: %.2f MB",
    object.size(assay(snrna, "logcounts")) / (1024^2)
))


#--------------------------------------------------------------
# Setup for summary TSV
#--------------------------------------------------------------
summary_tsv <- file.path(batched_outdir, "summary.tsv")

# Load existing summary or create empty one
if (file.exists(summary_tsv)) {
    summary_df <- read_tsv(summary_tsv, show_col_types = FALSE)
    log_msg(paste("Loaded existing summary TSV with", nrow(summary_df), "rows"))
} else {
    summary_df <- tibble(
        timestamp = character(),
        k = integer(),
        seed = integer(),
        tol = numeric(),
        L1 = numeric(),
        elapsed_min = numeric(),
        output_path = character()
    )
    write_tsv(summary_df, summary_tsv)
    log_msg(paste("Initialized empty summary TSV at:", summary_tsv))
}

# --------------------------------------------------------------
# Run over grid
# --------------------------------------------------------------

# --- Config ---
skip_completed <- TRUE # set FALSE to force re-run even if already completed

for (i in seq_len(nrow(param_grid))) {
    k <- param_grid$k[i]
    seed <- param_grid$seed[i]
    tol <- param_grid$tol[i]
    L1 <- param_grid$L1[i]

    run_prefix <- sprintf("nmf_k%d_seed%d_tol%.0e_L1%.1f", k, seed, tol, L1)

    log_msg("--------------------------------------------")
    log_msg(sprintf(
        "Starting run %d / %d: k=%d, seed=%d, tol=%.0e, L1=%.1f",
        i, nrow(param_grid), k, seed, tol, L1
    ))
    log_msg("--------------------------------------------")

    # Check for completed run
    already_done <- FALSE
    if (skip_completed && nrow(summary_df) > 0) {
        match_row <- summary_df %>%
            filter(k == !!k, seed == !!seed, tol == !!tol, L1 == !!L1)
        if (nrow(match_row) > 0) {
            already_done <- TRUE
            ts <- lubridate::ymd_hms(match_row$timestamp, tz = "UTC")
            ago <- lubridate::as.period(Sys.time() - ts, unit = "minute")
            log_msg(sprintf(
                "Skipping run (already completed)\n\tcompleted %s ago at %s UTC\n\tlocation: %s",
                lubridate::time_length(ago, "hour") %>%
                    {
                        \(x) sprintf("%.1f hours", x)
                    }(),
                format(ts, "%Y-%m-%dT%H:%M:%SZ"),
                match_row$output_path
            ))
        }
    }
    if (already_done) next

    # --- Run NMF ---
    start_time <- Sys.time()

    x <- RcppML::nmf(
        assay(snrna, "logcounts"),
        k = k,
        tol = tol,
        maxit = 1000,
        verbose = TRUE,
        L1 = L1,
        seed = seed,
        mask_zeros = FALSE,
        diag = TRUE,
        nonneg = TRUE
    )

    end_time <- Sys.time()
    elapsed <- as.numeric(difftime(end_time, start_time, units = "mins"))
    log_msg(sprintf("Run completed in %.2f minutes", elapsed))

    out_path <- file.path(batched_outdir, paste0(run_prefix, ".rds"))
    saveRDS(x, out_path)
    log_msg(paste("Saved NMF result to:", out_path))

    # Construct new row for summary TSV
    new_row <- tibble(
        timestamp = format(Sys.time(), "%Y-%m-%dT%H:%M:%SZ", tz = "UTC"),
        k = k, seed = seed, tol = tol, L1 = L1,
        elapsed_min = elapsed, output_path = out_path
    )

    # Save to summary TSV
    write_tsv(new_row, summary_tsv, append = TRUE)
    log_msg("Appended run metadata to summary.tsv")
}

log_msg("===== Batch NMF Complete =====")
close_log()

----- End Script Snapshot -----

[2025-11-17 14:59:35] ===== Session Info =====
R version 4.4.2 (2024-10-31)
Platform: x86_64-pc-linux-gnu
Running under: Ubuntu 24.04.1 LTS

Matrix products: default
BLAS:   /usr/lib/x86_64-linux-gnu/openblas-pthread/libblas.so.3 
LAPACK: /usr/lib/x86_64-linux-gnu/openblas-pthread/libopenblasp-r0.3.26.so;  LAPACK version 3.12.0

locale:
 [1] LC_CTYPE=en_US.UTF-8       LC_NUMERIC=C               LC_TIME=en_US.UTF-8        LC_COLLATE=en_US.UTF-8    
 [5] LC_MONETARY=en_US.UTF-8    LC_MESSAGES=en_US.UTF-8    LC_PAPER=en_US.UTF-8       LC_NAME=C                 
 [9] LC_ADDRESS=C               LC_TELEPHONE=C             LC_MEASUREMENT=en_US.UTF-8 LC_IDENTIFICATION=C       

time zone: America/New_York
tzcode source: system (glibc)

attached base packages:
[1] stats4    stats     graphics  grDevices utils     datasets  methods   base     

other attached packages:
 [1] lubridate_1.9.4             readr_2.1.5                 duckplyr_1.0.0              dplyr_1.1.4                
 [5] sessioninfo_1.2.3           SingleCellExperiment_1.28.1 SummarizedExperiment_1.36.0 Biobase_2.66.0             
 [9] GenomicRanges_1.58.0        GenomeInfoDb_1.42.3         IRanges_2.40.1              S4Vectors_0.44.0           
[13] BiocGenerics_0.52.0         MatrixGenerics_1.18.1       matrixStats_1.5.0           RcppML_0.5.5               
[17] here_1.0.1                 

loaded via a namespace (and not attached):
 [1] generics_0.1.3          SparseArray_1.6.2       lattice_0.22-6          hms_1.1.3              
 [5] magrittr_2.0.3          RcppEigen_0.3.4.0.2     timechange_0.3.0        evaluate_1.0.3         
 [9] grid_4.4.2              fastmap_1.2.0           rprojroot_2.0.4         jsonlite_1.9.0         
[13] Matrix_1.7-1            httr_1.4.7              UCSC.utils_1.2.0        collections_0.3.7      
[17] abind_1.4-8             cli_3.6.4               rlang_1.1.5             crayon_1.5.3           
[21] XVector_0.46.0          cachem_1.1.0            DelayedArray_0.32.0     S4Arrays_1.6.0         
[25] tools_4.4.2             tzdb_0.4.0              memoise_2.0.1           GenomeInfoDbData_1.2.13
[29] vctrs_0.6.5             R6_2.6.1                lifecycle_1.0.4         zlibbioc_1.52.0        
[33] pkgconfig_2.0.3         pillar_1.10.1           glue_1.8.0              Rcpp_1.0.14            
[37] xfun_0.51               tibble_3.2.1            tidyselect_1.2.1        knitr_1.49             
[41] compiler_4.4.2         
─ Session info ───────────────────────────────────────────────────────────────
 setting  value
 version  R version 4.4.2 (2024-10-31)
 os       Ubuntu 24.04.1 LTS
 system   x86_64, linux-gnu
 ui       X11
 language (EN)
 collate  en_US.UTF-8
 ctype    en_US.UTF-8
 tz       America/New_York
 date     2025-11-17
 pandoc   NA
 quarto   NA

─ Packages ───────────────────────────────────────────────────────────────────
 package              * version   date (UTC) lib source
 abind                  1.4-8     2024-09-12 [1] RSPM (R 4.4.0)
 Biobase              * 2.66.0    2024-10-29 [1] Bioconductor 3.20 (R 4.4.2)
 BiocGenerics         * 0.52.0    2024-10-29 [1] Bioconductor 3.20 (R 4.4.2)
 cachem                 1.1.0     2024-05-16 [1] RSPM (R 4.4.0)
 cli                    3.6.4     2025-02-13 [1] RSPM (R 4.4.0)
 collections            0.3.7     2023-01-05 [1] RSPM (R 4.4.0)
 crayon                 1.5.3     2024-06-20 [1] RSPM (R 4.4.0)
 DelayedArray           0.32.0    2024-10-29 [1] Bioconductor 3.20 (R 4.4.2)
 dplyr                * 1.1.4     2023-11-17 [1] RSPM (R 4.4.0)
 duckplyr             * 1.0.0     2025-02-07 [1] RSPM (R 4.4.0)
 evaluate               1.0.3     2025-01-10 [1] RSPM (R 4.4.0)
 fastmap                1.2.0     2024-05-15 [1] RSPM (R 4.4.0)
 generics               0.1.3     2022-07-05 [1] RSPM (R 4.4.0)
 GenomeInfoDb         * 1.42.3    2025-01-27 [1] Bioconductor 3.20 (R 4.4.2)
 GenomeInfoDbData       1.2.13    2025-11-14 [1] Bioconductor
 GenomicRanges        * 1.58.0    2024-10-29 [1] Bioconductor 3.20 (R 4.4.2)
 glue                   1.8.0     2024-09-30 [1] RSPM (R 4.4.0)
 here                 * 1.0.1     2020-12-13 [1] RSPM (R 4.4.0)
 hms                    1.1.3     2023-03-21 [1] RSPM (R 4.4.0)
 httr                   1.4.7     2023-08-15 [1] RSPM (R 4.4.0)
 IRanges              * 2.40.1    2024-12-05 [1] Bioconductor 3.20 (R 4.4.2)
 jsonlite               1.9.0     2025-02-19 [1] RSPM (R 4.4.0)
 knitr                  1.49      2024-11-08 [1] RSPM (R 4.4.0)
 lattice                0.22-6    2024-03-20 [2] CRAN (R 4.4.2)
 lifecycle              1.0.4     2023-11-07 [1] RSPM (R 4.4.0)
 lubridate            * 1.9.4     2024-12-08 [1] RSPM (R 4.4.0)
 magrittr               2.0.3     2022-03-30 [1] RSPM (R 4.4.0)
 Matrix                 1.7-1     2024-10-18 [2] CRAN (R 4.4.2)
 MatrixGenerics       * 1.18.1    2025-01-09 [1] Bioconductor 3.20 (R 4.4.2)
 matrixStats          * 1.5.0     2025-01-07 [1] RSPM (R 4.4.0)
 memoise                2.0.1     2021-11-26 [1] RSPM (R 4.4.0)
 pillar                 1.10.1    2025-01-07 [1] RSPM (R 4.4.0)
 pkgconfig              2.0.3     2019-09-22 [1] RSPM (R 4.4.0)
 R6                     2.6.1     2025-02-15 [1] RSPM (R 4.4.0)
 Rcpp                   1.0.14    2025-01-12 [1] RSPM (R 4.4.0)
 RcppEigen              0.3.4.0.2 2024-08-24 [1] RSPM (R 4.4.0)
 RcppML               * 0.5.5     2025-11-17 [1] Github (zdebruine/RcppML@c997bcd)
 readr                * 2.1.5     2024-01-10 [1] RSPM (R 4.4.0)
 rlang                  1.1.5     2025-01-17 [1] RSPM (R 4.4.0)
 rprojroot              2.0.4     2023-11-05 [1] RSPM (R 4.4.0)
 S4Arrays               1.6.0     2024-10-29 [1] Bioconductor 3.20 (R 4.4.2)
 S4Vectors            * 0.44.0    2024-10-29 [1] Bioconductor 3.20 (R 4.4.2)
 sessioninfo          * 1.2.3     2025-02-05 [1] RSPM (R 4.4.0)
 SingleCellExperiment * 1.28.1    2024-11-10 [1] Bioconductor 3.20 (R 4.4.2)
 SparseArray            1.6.2     2025-02-20 [1] Bioconductor 3.20 (R 4.4.2)
 SummarizedExperiment * 1.36.0    2024-10-29 [1] Bioconductor 3.20 (R 4.4.2)
 tibble                 3.2.1     2023-03-20 [1] RSPM (R 4.4.0)
 tidyselect             1.2.1     2024-03-11 [1] RSPM (R 4.4.0)
 timechange             0.3.0     2024-01-18 [1] RSPM (R 4.4.0)
 tzdb                   0.4.0     2023-05-12 [1] RSPM (R 4.4.0)
 UCSC.utils             1.2.0     2024-10-29 [1] Bioconductor 3.20 (R 4.4.2)
 vctrs                  0.6.5     2023-12-01 [1] RSPM (R 4.4.0)
 xfun                   0.51      2025-02-19 [1] RSPM (R 4.4.0)
 XVector                0.46.0    2024-10-29 [1] Bioconductor 3.20 (R 4.4.2)
 zlibbioc               1.52.0    2024-10-29 [1] Bioconductor 3.20 (R 4.4.2)

 [1] /usr/local/lib/R/site-library
 [2] /usr/local/lib/R/library
 * ── Packages attached to the search path.

──────────────────────────────────────────────────────────────────────────────
[2025-11-17 14:59:35] Running batched NMF with 64 threads
[2025-11-17 14:59:35] ===== Loading snRNA-seq data once for all runs =====
[2025-11-17 14:59:35] Loading data from: /data/zusers/kresgeb/psych_encode/spatialDLPFC_snRNAseq_fetch/2024_snRNA.RData
[2025-11-17 15:01:18] Data successfully loaded.
[2025-11-17 15:01:18] Dimensions of logcounts: 36601 genes x 77604 cells
[2025-11-17 15:01:18] Memory footprint: 21679.29 MB
[2025-11-17 15:01:18] Loaded existing summary TSV with 498 rows
[2025-11-17 15:01:18] --------------------------------------------
[2025-11-17 15:01:18] Starting run 1 / 750: k=10, seed=42, tol=1e-05, L1=0.0
[2025-11-17 15:01:18] --------------------------------------------
[2025-11-17 15:01:18] Skipping run (already completed)
	completed 122.6 hours ago at 2025-11-12T17:27:38Z UTC
	location: /zata/zippy/kresgeb/nmf_stuff/dlPFC/data/batched_nmf/nmf_k10_seed42_tol1e-05_L10.0.rds
[2025-11-17 15:01:18] --------------------------------------------
[2025-11-17 15:01:18] Starting run 2 / 750: k=20, seed=42, tol=1e-05, L1=0.0
[2025-11-17 15:01:18] --------------------------------------------
[2025-11-17 15:01:18] Skipping run (already completed)
	completed 122.4 hours ago at 2025-11-12T17:36:26Z UTC
	location: /zata/zippy/kresgeb/nmf_stuff/dlPFC/data/batched_nmf/nmf_k20_seed42_tol1e-05_L10.0.rds
[2025-11-17 15:01:18] --------------------------------------------
[2025-11-17 15:01:18] Starting run 3 / 750: k=30, seed=42, tol=1e-05, L1=0.0
[2025-11-17 15:01:18] --------------------------------------------
[2025-11-17 15:01:18] Skipping run (already completed)
	completed 122.3 hours ago at 2025-11-12T17:40:22Z UTC
	location: /zata/zippy/kresgeb/nmf_stuff/dlPFC/data/batched_nmf/nmf_k30_seed42_tol1e-05_L10.0.rds
[2025-11-17 15:01:18] --------------------------------------------
[2025-11-17 15:01:18] Starting run 4 / 750: k=40, seed=42, tol=1e-05, L1=0.0
[2025-11-17 15:01:18] --------------------------------------------
[2025-11-17 15:01:18] Skipping run (already completed)
	completed 122.2 hours ago at 2025-11-12T17:47:59Z UTC
	location: /zata/zippy/kresgeb/nmf_stuff/dlPFC/data/batched_nmf/nmf_k40_seed42_tol1e-05_L10.0.rds
[2025-11-17 15:01:18] --------------------------------------------
[2025-11-17 15:01:18] Starting run 5 / 750: k=50, seed=42, tol=1e-05, L1=0.0
[2025-11-17 15:01:18] --------------------------------------------
[2025-11-17 15:01:18] Skipping run (already completed)
	completed 122.1 hours ago at 2025-11-12T17:54:13Z UTC
	location: /zata/zippy/kresgeb/nmf_stuff/dlPFC/data/batched_nmf/nmf_k50_seed42_tol1e-05_L10.0.rds
[2025-11-17 15:01:18] --------------------------------------------
[2025-11-17 15:01:18] Starting run 6 / 750: k=60, seed=42, tol=1e-05, L1=0.0
[2025-11-17 15:01:18] --------------------------------------------
[2025-11-17 15:01:18] Skipping run (already completed)
	completed 122.0 hours ago at 2025-11-12T18:04:18Z UTC
	location: /zata/zippy/kresgeb/nmf_stuff/dlPFC/data/batched_nmf/nmf_k60_seed42_tol1e-05_L10.0.rds
[2025-11-17 15:01:18] --------------------------------------------
[2025-11-17 15:01:18] Starting run 7 / 750: k=70, seed=42, tol=1e-05, L1=0.0
[2025-11-17 15:01:18] --------------------------------------------
[2025-11-17 15:01:18] Skipping run (already completed)
	completed 121.7 hours ago at 2025-11-12T18:17:50Z UTC
	location: /zata/zippy/kresgeb/nmf_stuff/dlPFC/data/batched_nmf/nmf_k70_seed42_tol1e-05_L10.0.rds
[2025-11-17 15:01:18] --------------------------------------------
[2025-11-17 15:01:18] Starting run 8 / 750: k=80, seed=42, tol=1e-05, L1=0.0
[2025-11-17 15:01:18] --------------------------------------------
[2025-11-17 15:01:18] Skipping run (already completed)
	completed 121.5 hours ago at 2025-11-12T18:32:36Z UTC
	location: /zata/zippy/kresgeb/nmf_stuff/dlPFC/data/batched_nmf/nmf_k80_seed42_tol1e-05_L10.0.rds
[2025-11-17 15:01:18] --------------------------------------------
[2025-11-17 15:01:18] Starting run 9 / 750: k=90, seed=42, tol=1e-05, L1=0.0
[2025-11-17 15:01:18] --------------------------------------------
[2025-11-17 15:01:19] Skipping run (already completed)
	completed 121.2 hours ago at 2025-11-12T18:50:15Z UTC
	location: /zata/zippy/kresgeb/nmf_stuff/dlPFC/data/batched_nmf/nmf_k90_seed42_tol1e-05_L10.0.rds
[2025-11-17 15:01:19] --------------------------------------------
[2025-11-17 15:01:19] Starting run 10 / 750: k=100, seed=42, tol=1e-05, L1=0.0
[2025-11-17 15:01:19] --------------------------------------------
[2025-11-17 15:01:19] Skipping run (already completed)
	completed 120.7 hours ago at 2025-11-12T19:16:34Z UTC
	location: /zata/zippy/kresgeb/nmf_stuff/dlPFC/data/batched_nmf/nmf_k100_seed42_tol1e-05_L10.0.rds
[2025-11-17 15:01:19] --------------------------------------------
[2025-11-17 15:01:19] Starting run 11 / 750: k=10, seed=1029, tol=1e-05, L1=0.0
[2025-11-17 15:01:19] --------------------------------------------
[2025-11-17 15:01:19] Skipping run (already completed)
	completed 120.7 hours ago at 2025-11-12T19:18:32Z UTC
	location: /zata/zippy/kresgeb/nmf_stuff/dlPFC/data/batched_nmf/nmf_k10_seed1029_tol1e-05_L10.0.rds
[2025-11-17 15:01:19] --------------------------------------------
[2025-11-17 15:01:19] Starting run 12 / 750: k=20, seed=1029, tol=1e-05, L1=0.0
[2025-11-17 15:01:19] --------------------------------------------
[2025-11-17 15:01:19] Skipping run (already completed)
	completed 120.7 hours ago at 2025-11-12T19:21:46Z UTC
	location: /zata/zippy/kresgeb/nmf_stuff/dlPFC/data/batched_nmf/nmf_k20_seed1029_tol1e-05_L10.0.rds
[2025-11-17 15:01:19] --------------------------------------------
[2025-11-17 15:01:19] Starting run 13 / 750: k=30, seed=1029, tol=1e-05, L1=0.0
[2025-11-17 15:01:19] --------------------------------------------
[2025-11-17 15:01:19] Skipping run (already completed)
	completed 120.6 hours ago at 2025-11-12T19:27:25Z UTC
	location: /zata/zippy/kresgeb/nmf_stuff/dlPFC/data/batched_nmf/nmf_k30_seed1029_tol1e-05_L10.0.rds
[2025-11-17 15:01:19] --------------------------------------------
[2025-11-17 15:01:19] Starting run 14 / 750: k=40, seed=1029, tol=1e-05, L1=0.0
[2025-11-17 15:01:19] --------------------------------------------
[2025-11-17 15:01:19] Skipping run (already completed)
	completed 120.5 hours ago at 2025-11-12T19:33:42Z UTC
	location: /zata/zippy/kresgeb/nmf_stuff/dlPFC/data/batched_nmf/nmf_k40_seed1029_tol1e-05_L10.0.rds
[2025-11-17 15:01:19] --------------------------------------------
[2025-11-17 15:01:19] Starting run 15 / 750: k=50, seed=1029, tol=1e-05, L1=0.0
[2025-11-17 15:01:19] --------------------------------------------
[2025-11-17 15:01:19] Skipping run (already completed)
	completed 120.3 hours ago at 2025-11-12T19:42:42Z UTC
	location: /zata/zippy/kresgeb/nmf_stuff/dlPFC/data/batched_nmf/nmf_k50_seed1029_tol1e-05_L10.0.rds
[2025-11-17 15:01:19] --------------------------------------------
[2025-11-17 15:01:19] Starting run 16 / 750: k=60, seed=1029, tol=1e-05, L1=0.0
[2025-11-17 15:01:19] --------------------------------------------
[2025-11-17 15:01:19] Skipping run (already completed)
	completed 120.1 hours ago at 2025-11-12T19:53:52Z UTC
	location: /zata/zippy/kresgeb/nmf_stuff/dlPFC/data/batched_nmf/nmf_k60_seed1029_tol1e-05_L10.0.rds
[2025-11-17 15:01:19] --------------------------------------------
[2025-11-17 15:01:19] Starting run 17 / 750: k=70, seed=1029, tol=1e-05, L1=0.0
[2025-11-17 15:01:19] --------------------------------------------
[2025-11-17 15:01:19] Skipping run (already completed)
	completed 119.9 hours ago at 2025-11-12T20:04:42Z UTC
	location: /zata/zippy/kresgeb/nmf_stuff/dlPFC/data/batched_nmf/nmf_k70_seed1029_tol1e-05_L10.0.rds
[2025-11-17 15:01:19] --------------------------------------------
[2025-11-17 15:01:19] Starting run 18 / 750: k=80, seed=1029, tol=1e-05, L1=0.0
[2025-11-17 15:01:19] --------------------------------------------
[2025-11-17 15:01:19] Skipping run (already completed)
	completed 119.5 hours ago at 2025-11-12T20:28:45Z UTC
	location: /zata/zippy/kresgeb/nmf_stuff/dlPFC/data/batched_nmf/nmf_k80_seed1029_tol1e-05_L10.0.rds
[2025-11-17 15:01:19] --------------------------------------------
[2025-11-17 15:01:19] Starting run 19 / 750: k=90, seed=1029, tol=1e-05, L1=0.0
[2025-11-17 15:01:19] --------------------------------------------
[2025-11-17 15:01:19] Skipping run (already completed)
	completed 119.2 hours ago at 2025-11-12T20:50:22Z UTC
	location: /zata/zippy/kresgeb/nmf_stuff/dlPFC/data/batched_nmf/nmf_k90_seed1029_tol1e-05_L10.0.rds
[2025-11-17 15:01:19] --------------------------------------------
[2025-11-17 15:01:19] Starting run 20 / 750: k=100, seed=1029, tol=1e-05, L1=0.0
[2025-11-17 15:01:19] --------------------------------------------
[2025-11-17 15:01:19] Skipping run (already completed)
	completed 118.7 hours ago at 2025-11-12T21:17:18Z UTC
	location: /zata/zippy/kresgeb/nmf_stuff/dlPFC/data/batched_nmf/nmf_k100_seed1029_tol1e-05_L10.0.rds
[2025-11-17 15:01:19] --------------------------------------------
[2025-11-17 15:01:19] Starting run 21 / 750: k=10, seed=31415, tol=1e-05, L1=0.0
[2025-11-17 15:01:19] --------------------------------------------
[2025-11-17 15:01:20] Skipping run (already completed)
	completed 118.7 hours ago at 2025-11-12T21:19:59Z UTC
	location: /zata/zippy/kresgeb/nmf_stuff/dlPFC/data/batched_nmf/nmf_k10_seed31415_tol1e-05_L10.0.rds
[2025-11-17 15:01:20] --------------------------------------------
[2025-11-17 15:01:20] Starting run 22 / 750: k=20, seed=31415, tol=1e-05, L1=0.0
[2025-11-17 15:01:20] --------------------------------------------
[2025-11-17 15:01:20] Skipping run (already completed)
	completed 118.6 hours ago at 2025-11-12T21:23:32Z UTC
	location: /zata/zippy/kresgeb/nmf_stuff/dlPFC/data/batched_nmf/nmf_k20_seed31415_tol1e-05_L10.0.rds
[2025-11-17 15:01:20] --------------------------------------------
[2025-11-17 15:01:20] Starting run 23 / 750: k=30, seed=31415, tol=1e-05, L1=0.0
[2025-11-17 15:01:20] --------------------------------------------
[2025-11-17 15:01:20] Skipping run (already completed)
	completed 118.5 hours ago at 2025-11-12T21:29:11Z UTC
	location: /zata/zippy/kresgeb/nmf_stuff/dlPFC/data/batched_nmf/nmf_k30_seed31415_tol1e-05_L10.0.rds
[2025-11-17 15:01:20] --------------------------------------------
[2025-11-17 15:01:20] Starting run 24 / 750: k=40, seed=31415, tol=1e-05, L1=0.0
[2025-11-17 15:01:20] --------------------------------------------
[2025-11-17 15:01:20] Skipping run (already completed)
	completed 118.4 hours ago at 2025-11-12T21:38:53Z UTC
	location: /zata/zippy/kresgeb/nmf_stuff/dlPFC/data/batched_nmf/nmf_k40_seed31415_tol1e-05_L10.0.rds
[2025-11-17 15:01:20] --------------------------------------------
[2025-11-17 15:01:20] Starting run 25 / 750: k=50, seed=31415, tol=1e-05, L1=0.0
[2025-11-17 15:01:20] --------------------------------------------
[2025-11-17 15:01:20] Skipping run (already completed)
	completed 118.2 hours ago at 2025-11-12T21:50:04Z UTC
	location: /zata/zippy/kresgeb/nmf_stuff/dlPFC/data/batched_nmf/nmf_k50_seed31415_tol1e-05_L10.0.rds
[2025-11-17 15:01:20] --------------------------------------------
[2025-11-17 15:01:20] Starting run 26 / 750: k=60, seed=31415, tol=1e-05, L1=0.0
[2025-11-17 15:01:20] --------------------------------------------
[2025-11-17 15:01:20] Skipping run (already completed)
	completed 118.0 hours ago at 2025-11-12T21:59:43Z UTC
	location: /zata/zippy/kresgeb/nmf_stuff/dlPFC/data/batched_nmf/nmf_k60_seed31415_tol1e-05_L10.0.rds
[2025-11-17 15:01:20] --------------------------------------------
[2025-11-17 15:01:20] Starting run 27 / 750: k=70, seed=31415, tol=1e-05, L1=0.0
[2025-11-17 15:01:20] --------------------------------------------
[2025-11-17 15:01:20] Skipping run (already completed)
	completed 117.8 hours ago at 2025-11-12T22:12:12Z UTC
	location: /zata/zippy/kresgeb/nmf_stuff/dlPFC/data/batched_nmf/nmf_k70_seed31415_tol1e-05_L10.0.rds
[2025-11-17 15:01:20] --------------------------------------------
[2025-11-17 15:01:20] Starting run 28 / 750: k=80, seed=31415, tol=1e-05, L1=0.0
[2025-11-17 15:01:20] --------------------------------------------
[2025-11-17 15:01:20] Skipping run (already completed)
	completed 117.5 hours ago at 2025-11-12T22:33:06Z UTC
	location: /zata/zippy/kresgeb/nmf_stuff/dlPFC/data/batched_nmf/nmf_k80_seed31415_tol1e-05_L10.0.rds
[2025-11-17 15:01:20] --------------------------------------------
[2025-11-17 15:01:20] Starting run 29 / 750: k=90, seed=31415, tol=1e-05, L1=0.0
[2025-11-17 15:01:20] --------------------------------------------
[2025-11-17 15:01:20] Skipping run (already completed)
	completed 117.1 hours ago at 2025-11-12T22:53:18Z UTC
	location: /zata/zippy/kresgeb/nmf_stuff/dlPFC/data/batched_nmf/nmf_k90_seed31415_tol1e-05_L10.0.rds
[2025-11-17 15:01:20] --------------------------------------------
[2025-11-17 15:01:20] Starting run 30 / 750: k=100, seed=31415, tol=1e-05, L1=0.0
[2025-11-17 15:01:20] --------------------------------------------
[2025-11-17 15:01:20] Skipping run (already completed)
	completed 116.6 hours ago at 2025-11-12T23:25:40Z UTC
	location: /zata/zippy/kresgeb/nmf_stuff/dlPFC/data/batched_nmf/nmf_k100_seed31415_tol1e-05_L10.0.rds
[2025-11-17 15:01:20] --------------------------------------------
[2025-11-17 15:01:20] Starting run 31 / 750: k=10, seed=120301, tol=1e-05, L1=0.0
[2025-11-17 15:01:20] --------------------------------------------
[2025-11-17 15:01:20] Skipping run (already completed)
	completed 116.6 hours ago at 2025-11-12T23:27:41Z UTC
	location: /zata/zippy/kresgeb/nmf_stuff/dlPFC/data/batched_nmf/nmf_k10_seed120301_tol1e-05_L10.0.rds
[2025-11-17 15:01:20] --------------------------------------------
[2025-11-17 15:01:20] Starting run 32 / 750: k=20, seed=120301, tol=1e-05, L1=0.0
[2025-11-17 15:01:20] --------------------------------------------
[2025-11-17 15:01:20] Skipping run (already completed)
	completed 116.5 hours ago at 2025-11-12T23:30:35Z UTC
	location: /zata/zippy/kresgeb/nmf_stuff/dlPFC/data/batched_nmf/nmf_k20_seed120301_tol1e-05_L10.0.rds
[2025-11-17 15:01:20] --------------------------------------------
[2025-11-17 15:01:20] Starting run 33 / 750: k=30, seed=120301, tol=1e-05, L1=0.0
[2025-11-17 15:01:20] --------------------------------------------
[2025-11-17 15:01:20] Skipping run (already completed)
	completed 116.5 hours ago at 2025-11-12T23:34:05Z UTC
	location: /zata/zippy/kresgeb/nmf_stuff/dlPFC/data/batched_nmf/nmf_k30_seed120301_tol1e-05_L10.0.rds
[2025-11-17 15:01:20] --------------------------------------------
[2025-11-17 15:01:20] Starting run 34 / 750: k=40, seed=120301, tol=1e-05, L1=0.0
[2025-11-17 15:01:20] --------------------------------------------
[2025-11-17 15:01:20] Skipping run (already completed)
	completed 116.4 hours ago at 2025-11-12T23:40:07Z UTC
	location: /zata/zippy/kresgeb/nmf_stuff/dlPFC/data/batched_nmf/nmf_k40_seed120301_tol1e-05_L10.0.rds
[2025-11-17 15:01:20] --------------------------------------------
[2025-11-17 15:01:20] Starting run 35 / 750: k=50, seed=120301, tol=1e-05, L1=0.0
[2025-11-17 15:01:20] --------------------------------------------
[2025-11-17 15:01:20] Skipping run (already completed)
	completed 116.2 hours ago at 2025-11-12T23:49:04Z UTC
	location: /zata/zippy/kresgeb/nmf_stuff/dlPFC/data/batched_nmf/nmf_k50_seed120301_tol1e-05_L10.0.rds
[2025-11-17 15:01:20] --------------------------------------------
[2025-11-17 15:01:20] Starting run 36 / 750: k=60, seed=120301, tol=1e-05, L1=0.0
[2025-11-17 15:01:20] --------------------------------------------
[2025-11-17 15:01:20] Skipping run (already completed)
	completed 116.0 hours ago at 2025-11-13T00:00:01Z UTC
	location: /zata/zippy/kresgeb/nmf_stuff/dlPFC/data/batched_nmf/nmf_k60_seed120301_tol1e-05_L10.0.rds
[2025-11-17 15:01:20] --------------------------------------------
[2025-11-17 15:01:20] Starting run 37 / 750: k=70, seed=120301, tol=1e-05, L1=0.0
[2025-11-17 15:01:20] --------------------------------------------
[2025-11-17 15:01:20] Skipping run (already completed)
	completed 115.8 hours ago at 2025-11-13T00:10:40Z UTC
	location: /zata/zippy/kresgeb/nmf_stuff/dlPFC/data/batched_nmf/nmf_k70_seed120301_tol1e-05_L10.0.rds
[2025-11-17 15:01:20] --------------------------------------------
[2025-11-17 15:01:20] Starting run 38 / 750: k=80, seed=120301, tol=1e-05, L1=0.0
[2025-11-17 15:01:20] --------------------------------------------
[2025-11-17 15:01:20] Skipping run (already completed)
	completed 115.5 hours ago at 2025-11-13T00:28:39Z UTC
	location: /zata/zippy/kresgeb/nmf_stuff/dlPFC/data/batched_nmf/nmf_k80_seed120301_tol1e-05_L10.0.rds
[2025-11-17 15:01:20] --------------------------------------------
[2025-11-17 15:01:20] Starting run 39 / 750: k=90, seed=120301, tol=1e-05, L1=0.0
[2025-11-17 15:01:20] --------------------------------------------
[2025-11-17 15:01:20] Skipping run (already completed)
	completed 115.2 hours ago at 2025-11-13T00:47:20Z UTC
	location: /zata/zippy/kresgeb/nmf_stuff/dlPFC/data/batched_nmf/nmf_k90_seed120301_tol1e-05_L10.0.rds
[2025-11-17 15:01:20] --------------------------------------------
[2025-11-17 15:01:20] Starting run 40 / 750: k=100, seed=120301, tol=1e-05, L1=0.0
[2025-11-17 15:01:20] --------------------------------------------
[2025-11-17 15:01:20] Skipping run (already completed)
	completed 114.7 hours ago at 2025-11-13T01:21:32Z UTC
	location: /zata/zippy/kresgeb/nmf_stuff/dlPFC/data/batched_nmf/nmf_k100_seed120301_tol1e-05_L10.0.rds
[2025-11-17 15:01:20] --------------------------------------------
[2025-11-17 15:01:20] Starting run 41 / 750: k=10, seed=2025, tol=1e-05, L1=0.0
[2025-11-17 15:01:20] --------------------------------------------
[2025-11-17 15:01:20] Skipping run (already completed)
	completed 114.6 hours ago at 2025-11-13T01:23:24Z UTC
	location: /zata/zippy/kresgeb/nmf_stuff/dlPFC/data/batched_nmf/nmf_k10_seed2025_tol1e-05_L10.0.rds
[2025-11-17 15:01:20] --------------------------------------------
[2025-11-17 15:01:20] Starting run 42 / 750: k=20, seed=2025, tol=1e-05, L1=0.0
[2025-11-17 15:01:20] --------------------------------------------
[2025-11-17 15:01:20] Skipping run (already completed)
	completed 114.6 hours ago at 2025-11-13T01:26:20Z UTC
	location: /zata/zippy/kresgeb/nmf_stuff/dlPFC/data/batched_nmf/nmf_k20_seed2025_tol1e-05_L10.0.rds
[2025-11-17 15:01:20] --------------------------------------------
[2025-11-17 15:01:20] Starting run 43 / 750: k=30, seed=2025, tol=1e-05, L1=0.0
[2025-11-17 15:01:20] --------------------------------------------
[2025-11-17 15:01:21] Skipping run (already completed)
	completed 114.5 hours ago at 2025-11-13T01:30:35Z UTC
	location: /zata/zippy/kresgeb/nmf_stuff/dlPFC/data/batched_nmf/nmf_k30_seed2025_tol1e-05_L10.0.rds
[2025-11-17 15:01:21] --------------------------------------------
[2025-11-17 15:01:21] Starting run 44 / 750: k=40, seed=2025, tol=1e-05, L1=0.0
[2025-11-17 15:01:21] --------------------------------------------
[2025-11-17 15:01:21] Skipping run (already completed)
	completed 114.4 hours ago at 2025-11-13T01:38:51Z UTC
	location: /zata/zippy/kresgeb/nmf_stuff/dlPFC/data/batched_nmf/nmf_k40_seed2025_tol1e-05_L10.0.rds
[2025-11-17 15:01:21] --------------------------------------------
[2025-11-17 15:01:21] Starting run 45 / 750: k=50, seed=2025, tol=1e-05, L1=0.0
[2025-11-17 15:01:21] --------------------------------------------
[2025-11-17 15:01:21] Skipping run (already completed)
	completed 114.3 hours ago at 2025-11-13T01:45:39Z UTC
	location: /zata/zippy/kresgeb/nmf_stuff/dlPFC/data/batched_nmf/nmf_k50_seed2025_tol1e-05_L10.0.rds
[2025-11-17 15:01:21] --------------------------------------------
[2025-11-17 15:01:21] Starting run 46 / 750: k=60, seed=2025, tol=1e-05, L1=0.0
[2025-11-17 15:01:21] --------------------------------------------
[2025-11-17 15:01:21] Skipping run (already completed)
	completed 114.1 hours ago at 2025-11-13T01:55:56Z UTC
	location: /zata/zippy/kresgeb/nmf_stuff/dlPFC/data/batched_nmf/nmf_k60_seed2025_tol1e-05_L10.0.rds
[2025-11-17 15:01:21] --------------------------------------------
[2025-11-17 15:01:21] Starting run 47 / 750: k=70, seed=2025, tol=1e-05, L1=0.0
[2025-11-17 15:01:21] --------------------------------------------
[2025-11-17 15:01:21] Skipping run (already completed)
	completed 113.9 hours ago at 2025-11-13T02:05:01Z UTC
	location: /zata/zippy/kresgeb/nmf_stuff/dlPFC/data/batched_nmf/nmf_k70_seed2025_tol1e-05_L10.0.rds
[2025-11-17 15:01:21] --------------------------------------------
[2025-11-17 15:01:21] Starting run 48 / 750: k=80, seed=2025, tol=1e-05, L1=0.0
[2025-11-17 15:01:21] --------------------------------------------
[2025-11-17 15:01:21] Skipping run (already completed)
	completed 113.7 hours ago at 2025-11-13T02:16:32Z UTC
	location: /zata/zippy/kresgeb/nmf_stuff/dlPFC/data/batched_nmf/nmf_k80_seed2025_tol1e-05_L10.0.rds
[2025-11-17 15:01:21] --------------------------------------------
[2025-11-17 15:01:21] Starting run 49 / 750: k=90, seed=2025, tol=1e-05, L1=0.0
[2025-11-17 15:01:21] --------------------------------------------
[2025-11-17 15:01:21] Skipping run (already completed)
	completed 113.5 hours ago at 2025-11-13T02:34:00Z UTC
	location: /zata/zippy/kresgeb/nmf_stuff/dlPFC/data/batched_nmf/nmf_k90_seed2025_tol1e-05_L10.0.rds
[2025-11-17 15:01:21] --------------------------------------------
[2025-11-17 15:01:21] Starting run 50 / 750: k=100, seed=2025, tol=1e-05, L1=0.0
[2025-11-17 15:01:21] --------------------------------------------
[2025-11-17 15:01:21] Skipping run (already completed)
	completed 112.8 hours ago at 2025-11-13T03:11:45Z UTC
	location: /zata/zippy/kresgeb/nmf_stuff/dlPFC/data/batched_nmf/nmf_k100_seed2025_tol1e-05_L10.0.rds
[2025-11-17 15:01:21] --------------------------------------------
[2025-11-17 15:01:21] Starting run 51 / 750: k=10, seed=42, tol=1e-06, L1=0.0
[2025-11-17 15:01:21] --------------------------------------------
[2025-11-17 15:01:21] Skipping run (already completed)
	completed 112.8 hours ago at 2025-11-13T03:14:02Z UTC
	location: /zata/zippy/kresgeb/nmf_stuff/dlPFC/data/batched_nmf/nmf_k10_seed42_tol1e-06_L10.0.rds
[2025-11-17 15:01:21] --------------------------------------------
[2025-11-17 15:01:21] Starting run 52 / 750: k=20, seed=42, tol=1e-06, L1=0.0
[2025-11-17 15:01:21] --------------------------------------------
[2025-11-17 15:01:21] Skipping run (already completed)
	completed 112.7 hours ago at 2025-11-13T03:17:24Z UTC
	location: /zata/zippy/kresgeb/nmf_stuff/dlPFC/data/batched_nmf/nmf_k20_seed42_tol1e-06_L10.0.rds
[2025-11-17 15:01:21] --------------------------------------------
[2025-11-17 15:01:21] Starting run 53 / 750: k=30, seed=42, tol=1e-06, L1=0.0
[2025-11-17 15:01:21] --------------------------------------------
[2025-11-17 15:01:21] Skipping run (already completed)
	completed 112.6 hours ago at 2025-11-13T03:26:05Z UTC
	location: /zata/zippy/kresgeb/nmf_stuff/dlPFC/data/batched_nmf/nmf_k30_seed42_tol1e-06_L10.0.rds
[2025-11-17 15:01:21] --------------------------------------------
[2025-11-17 15:01:21] Starting run 54 / 750: k=40, seed=42, tol=1e-06, L1=0.0
[2025-11-17 15:01:21] --------------------------------------------
[2025-11-17 15:01:21] Skipping run (already completed)
	completed 112.4 hours ago at 2025-11-13T03:39:18Z UTC
	location: /zata/zippy/kresgeb/nmf_stuff/dlPFC/data/batched_nmf/nmf_k40_seed42_tol1e-06_L10.0.rds
[2025-11-17 15:01:21] --------------------------------------------
[2025-11-17 15:01:21] Starting run 55 / 750: k=50, seed=42, tol=1e-06, L1=0.0
[2025-11-17 15:01:21] --------------------------------------------
[2025-11-17 15:01:21] Skipping run (already completed)
	completed 112.2 hours ago at 2025-11-13T03:48:06Z UTC
	location: /zata/zippy/kresgeb/nmf_stuff/dlPFC/data/batched_nmf/nmf_k50_seed42_tol1e-06_L10.0.rds
[2025-11-17 15:01:21] --------------------------------------------
[2025-11-17 15:01:21] Starting run 56 / 750: k=60, seed=42, tol=1e-06, L1=0.0
[2025-11-17 15:01:21] --------------------------------------------
[2025-11-17 15:01:21] Skipping run (already completed)
	completed 112.0 hours ago at 2025-11-13T04:03:26Z UTC
	location: /zata/zippy/kresgeb/nmf_stuff/dlPFC/data/batched_nmf/nmf_k60_seed42_tol1e-06_L10.0.rds
[2025-11-17 15:01:21] --------------------------------------------
[2025-11-17 15:01:21] Starting run 57 / 750: k=70, seed=42, tol=1e-06, L1=0.0
[2025-11-17 15:01:21] --------------------------------------------
[2025-11-17 15:01:21] Skipping run (already completed)
	completed 111.5 hours ago at 2025-11-13T04:31:18Z UTC
	location: /zata/zippy/kresgeb/nmf_stuff/dlPFC/data/batched_nmf/nmf_k70_seed42_tol1e-06_L10.0.rds
[2025-11-17 15:01:21] --------------------------------------------
[2025-11-17 15:01:21] Starting run 58 / 750: k=80, seed=42, tol=1e-06, L1=0.0
[2025-11-17 15:01:21] --------------------------------------------
[2025-11-17 15:01:21] Skipping run (already completed)
	completed 110.7 hours ago at 2025-11-13T05:18:30Z UTC
	location: /zata/zippy/kresgeb/nmf_stuff/dlPFC/data/batched_nmf/nmf_k80_seed42_tol1e-06_L10.0.rds
[2025-11-17 15:01:21] --------------------------------------------
[2025-11-17 15:01:21] Starting run 59 / 750: k=90, seed=42, tol=1e-06, L1=0.0
[2025-11-17 15:01:21] --------------------------------------------
[2025-11-17 15:01:21] Skipping run (already completed)
	completed 109.7 hours ago at 2025-11-13T06:21:12Z UTC
	location: /zata/zippy/kresgeb/nmf_stuff/dlPFC/data/batched_nmf/nmf_k90_seed42_tol1e-06_L10.0.rds
[2025-11-17 15:01:21] --------------------------------------------
[2025-11-17 15:01:21] Starting run 60 / 750: k=100, seed=42, tol=1e-06, L1=0.0
[2025-11-17 15:01:21] --------------------------------------------
[2025-11-17 15:01:21] Skipping run (already completed)
	completed 109.0 hours ago at 2025-11-13T07:01:19Z UTC
	location: /zata/zippy/kresgeb/nmf_stuff/dlPFC/data/batched_nmf/nmf_k100_seed42_tol1e-06_L10.0.rds
[2025-11-17 15:01:21] --------------------------------------------
[2025-11-17 15:01:21] Starting run 61 / 750: k=10, seed=1029, tol=1e-06, L1=0.0
[2025-11-17 15:01:21] --------------------------------------------
[2025-11-17 15:01:21] Skipping run (already completed)
	completed 109.0 hours ago at 2025-11-13T07:03:24Z UTC
	location: /zata/zippy/kresgeb/nmf_stuff/dlPFC/data/batched_nmf/nmf_k10_seed1029_tol1e-06_L10.0.rds
[2025-11-17 15:01:21] --------------------------------------------
[2025-11-17 15:01:21] Starting run 62 / 750: k=20, seed=1029, tol=1e-06, L1=0.0
[2025-11-17 15:01:21] --------------------------------------------
[2025-11-17 15:01:21] Skipping run (already completed)
	completed 108.9 hours ago at 2025-11-13T07:06:37Z UTC
	location: /zata/zippy/kresgeb/nmf_stuff/dlPFC/data/batched_nmf/nmf_k20_seed1029_tol1e-06_L10.0.rds
[2025-11-17 15:01:21] --------------------------------------------
[2025-11-17 15:01:21] Starting run 63 / 750: k=30, seed=1029, tol=1e-06, L1=0.0
[2025-11-17 15:01:21] --------------------------------------------
[2025-11-17 15:01:21] Skipping run (already completed)
	completed 108.8 hours ago at 2025-11-13T07:13:09Z UTC
	location: /zata/zippy/kresgeb/nmf_stuff/dlPFC/data/batched_nmf/nmf_k30_seed1029_tol1e-06_L10.0.rds
[2025-11-17 15:01:21] --------------------------------------------
[2025-11-17 15:01:21] Starting run 64 / 750: k=40, seed=1029, tol=1e-06, L1=0.0
[2025-11-17 15:01:21] --------------------------------------------
[2025-11-17 15:01:21] Skipping run (already completed)
	completed 108.6 hours ago at 2025-11-13T07:22:33Z UTC
	location: /zata/zippy/kresgeb/nmf_stuff/dlPFC/data/batched_nmf/nmf_k40_seed1029_tol1e-06_L10.0.rds
[2025-11-17 15:01:21] --------------------------------------------
[2025-11-17 15:01:21] Starting run 65 / 750: k=50, seed=1029, tol=1e-06, L1=0.0
[2025-11-17 15:01:21] --------------------------------------------
[2025-11-17 15:01:21] Skipping run (already completed)
	completed 108.4 hours ago at 2025-11-13T07:35:12Z UTC
	location: /zata/zippy/kresgeb/nmf_stuff/dlPFC/data/batched_nmf/nmf_k50_seed1029_tol1e-06_L10.0.rds
[2025-11-17 15:01:21] --------------------------------------------
[2025-11-17 15:01:21] Starting run 66 / 750: k=60, seed=1029, tol=1e-06, L1=0.0
[2025-11-17 15:01:21] --------------------------------------------
[2025-11-17 15:01:21] Skipping run (already completed)
	completed 108.0 hours ago at 2025-11-13T08:02:50Z UTC
	location: /zata/zippy/kresgeb/nmf_stuff/dlPFC/data/batched_nmf/nmf_k60_seed1029_tol1e-06_L10.0.rds
[2025-11-17 15:01:21] --------------------------------------------
[2025-11-17 15:01:21] Starting run 67 / 750: k=70, seed=1029, tol=1e-06, L1=0.0
[2025-11-17 15:01:21] --------------------------------------------
[2025-11-17 15:01:21] Skipping run (already completed)
	completed 107.7 hours ago at 2025-11-13T08:19:02Z UTC
	location: /zata/zippy/kresgeb/nmf_stuff/dlPFC/data/batched_nmf/nmf_k70_seed1029_tol1e-06_L10.0.rds
[2025-11-17 15:01:21] --------------------------------------------
[2025-11-17 15:01:21] Starting run 68 / 750: k=80, seed=1029, tol=1e-06, L1=0.0
[2025-11-17 15:01:21] --------------------------------------------
[2025-11-17 15:01:21] Skipping run (already completed)
	completed 107.2 hours ago at 2025-11-13T08:46:51Z UTC
	location: /zata/zippy/kresgeb/nmf_stuff/dlPFC/data/batched_nmf/nmf_k80_seed1029_tol1e-06_L10.0.rds
[2025-11-17 15:01:21] --------------------------------------------
[2025-11-17 15:01:21] Starting run 69 / 750: k=90, seed=1029, tol=1e-06, L1=0.0
[2025-11-17 15:01:21] --------------------------------------------
[2025-11-17 15:01:22] Skipping run (already completed)
	completed 106.7 hours ago at 2025-11-13T09:19:34Z UTC
	location: /zata/zippy/kresgeb/nmf_stuff/dlPFC/data/batched_nmf/nmf_k90_seed1029_tol1e-06_L10.0.rds
[2025-11-17 15:01:22] --------------------------------------------
[2025-11-17 15:01:22] Starting run 70 / 750: k=100, seed=1029, tol=1e-06, L1=0.0
[2025-11-17 15:01:22] --------------------------------------------
[2025-11-17 15:01:22] Skipping run (already completed)
	completed 105.4 hours ago at 2025-11-13T10:38:10Z UTC
	location: /zata/zippy/kresgeb/nmf_stuff/dlPFC/data/batched_nmf/nmf_k100_seed1029_tol1e-06_L10.0.rds
[2025-11-17 15:01:22] --------------------------------------------
[2025-11-17 15:01:22] Starting run 71 / 750: k=10, seed=31415, tol=1e-06, L1=0.0
[2025-11-17 15:01:22] --------------------------------------------
[2025-11-17 15:01:22] Skipping run (already completed)
	completed 105.3 hours ago at 2025-11-13T10:40:24Z UTC
	location: /zata/zippy/kresgeb/nmf_stuff/dlPFC/data/batched_nmf/nmf_k10_seed31415_tol1e-06_L10.0.rds
[2025-11-17 15:01:22] --------------------------------------------
[2025-11-17 15:01:22] Starting run 72 / 750: k=20, seed=31415, tol=1e-06, L1=0.0
[2025-11-17 15:01:22] --------------------------------------------
[2025-11-17 15:01:22] Skipping run (already completed)
	completed 105.3 hours ago at 2025-11-13T10:44:49Z UTC
	location: /zata/zippy/kresgeb/nmf_stuff/dlPFC/data/batched_nmf/nmf_k20_seed31415_tol1e-06_L10.0.rds
[2025-11-17 15:01:22] --------------------------------------------
[2025-11-17 15:01:22] Starting run 73 / 750: k=30, seed=31415, tol=1e-06, L1=0.0
[2025-11-17 15:01:22] --------------------------------------------
[2025-11-17 15:01:22] Skipping run (already completed)
	completed 105.2 hours ago at 2025-11-13T10:50:31Z UTC
	location: /zata/zippy/kresgeb/nmf_stuff/dlPFC/data/batched_nmf/nmf_k30_seed31415_tol1e-06_L10.0.rds
[2025-11-17 15:01:22] --------------------------------------------
[2025-11-17 15:01:22] Starting run 74 / 750: k=40, seed=31415, tol=1e-06, L1=0.0
[2025-11-17 15:01:22] --------------------------------------------
[2025-11-17 15:01:22] Skipping run (already completed)
	completed 104.9 hours ago at 2025-11-13T11:05:25Z UTC
	location: /zata/zippy/kresgeb/nmf_stuff/dlPFC/data/batched_nmf/nmf_k40_seed31415_tol1e-06_L10.0.rds
[2025-11-17 15:01:22] --------------------------------------------
[2025-11-17 15:01:22] Starting run 75 / 750: k=50, seed=31415, tol=1e-06, L1=0.0
[2025-11-17 15:01:22] --------------------------------------------
[2025-11-17 15:01:22] Skipping run (already completed)
	completed 104.7 hours ago at 2025-11-13T11:21:26Z UTC
	location: /zata/zippy/kresgeb/nmf_stuff/dlPFC/data/batched_nmf/nmf_k50_seed31415_tol1e-06_L10.0.rds
[2025-11-17 15:01:22] --------------------------------------------
[2025-11-17 15:01:22] Starting run 76 / 750: k=60, seed=31415, tol=1e-06, L1=0.0
[2025-11-17 15:01:22] --------------------------------------------
[2025-11-17 15:01:22] Skipping run (already completed)
	completed 104.4 hours ago at 2025-11-13T11:34:33Z UTC
	location: /zata/zippy/kresgeb/nmf_stuff/dlPFC/data/batched_nmf/nmf_k60_seed31415_tol1e-06_L10.0.rds
[2025-11-17 15:01:22] --------------------------------------------
[2025-11-17 15:01:22] Starting run 77 / 750: k=70, seed=31415, tol=1e-06, L1=0.0
[2025-11-17 15:01:22] --------------------------------------------
[2025-11-17 15:01:22] Skipping run (already completed)
	completed 104.2 hours ago at 2025-11-13T11:49:42Z UTC
	location: /zata/zippy/kresgeb/nmf_stuff/dlPFC/data/batched_nmf/nmf_k70_seed31415_tol1e-06_L10.0.rds
[2025-11-17 15:01:22] --------------------------------------------
[2025-11-17 15:01:22] Starting run 78 / 750: k=80, seed=31415, tol=1e-06, L1=0.0
[2025-11-17 15:01:22] --------------------------------------------
[2025-11-17 15:01:22] Skipping run (already completed)
	completed 103.8 hours ago at 2025-11-13T12:16:13Z UTC
	location: /zata/zippy/kresgeb/nmf_stuff/dlPFC/data/batched_nmf/nmf_k80_seed31415_tol1e-06_L10.0.rds
[2025-11-17 15:01:22] --------------------------------------------
[2025-11-17 15:01:22] Starting run 79 / 750: k=90, seed=31415, tol=1e-06, L1=0.0
[2025-11-17 15:01:22] --------------------------------------------
[2025-11-17 15:01:22] Skipping run (already completed)
	completed 103.3 hours ago at 2025-11-13T12:43:16Z UTC
	location: /zata/zippy/kresgeb/nmf_stuff/dlPFC/data/batched_nmf/nmf_k90_seed31415_tol1e-06_L10.0.rds
[2025-11-17 15:01:22] --------------------------------------------
[2025-11-17 15:01:22] Starting run 80 / 750: k=100, seed=31415, tol=1e-06, L1=0.0
[2025-11-17 15:01:22] --------------------------------------------
[2025-11-17 15:01:22] Skipping run (already completed)
	completed 102.5 hours ago at 2025-11-13T13:34:13Z UTC
	location: /zata/zippy/kresgeb/nmf_stuff/dlPFC/data/batched_nmf/nmf_k100_seed31415_tol1e-06_L10.0.rds
[2025-11-17 15:01:22] --------------------------------------------
[2025-11-17 15:01:22] Starting run 81 / 750: k=10, seed=120301, tol=1e-06, L1=0.0
[2025-11-17 15:01:22] --------------------------------------------
[2025-11-17 15:01:22] Skipping run (already completed)
	completed 102.4 hours ago at 2025-11-13T13:37:16Z UTC
	location: /zata/zippy/kresgeb/nmf_stuff/dlPFC/data/batched_nmf/nmf_k10_seed120301_tol1e-06_L10.0.rds
[2025-11-17 15:01:22] --------------------------------------------
[2025-11-17 15:01:22] Starting run 82 / 750: k=20, seed=120301, tol=1e-06, L1=0.0
[2025-11-17 15:01:22] --------------------------------------------
[2025-11-17 15:01:22] Skipping run (already completed)
	completed 102.3 hours ago at 2025-11-13T13:42:43Z UTC
	location: /zata/zippy/kresgeb/nmf_stuff/dlPFC/data/batched_nmf/nmf_k20_seed120301_tol1e-06_L10.0.rds
[2025-11-17 15:01:22] --------------------------------------------
[2025-11-17 15:01:22] Starting run 83 / 750: k=30, seed=120301, tol=1e-06, L1=0.0
[2025-11-17 15:01:22] --------------------------------------------
[2025-11-17 15:01:22] Skipping run (already completed)
	completed 102.2 hours ago at 2025-11-13T13:51:48Z UTC
	location: /zata/zippy/kresgeb/nmf_stuff/dlPFC/data/batched_nmf/nmf_k30_seed120301_tol1e-06_L10.0.rds
[2025-11-17 15:01:22] --------------------------------------------
[2025-11-17 15:01:22] Starting run 84 / 750: k=40, seed=120301, tol=1e-06, L1=0.0
[2025-11-17 15:01:22] --------------------------------------------
[2025-11-17 15:01:22] Skipping run (already completed)
	completed 102.0 hours ago at 2025-11-13T13:59:37Z UTC
	location: /zata/zippy/kresgeb/nmf_stuff/dlPFC/data/batched_nmf/nmf_k40_seed120301_tol1e-06_L10.0.rds
[2025-11-17 15:01:22] --------------------------------------------
[2025-11-17 15:01:22] Starting run 85 / 750: k=50, seed=120301, tol=1e-06, L1=0.0
[2025-11-17 15:01:22] --------------------------------------------
[2025-11-17 15:01:22] Skipping run (already completed)
	completed 101.8 hours ago at 2025-11-13T14:11:41Z UTC
	location: /zata/zippy/kresgeb/nmf_stuff/dlPFC/data/batched_nmf/nmf_k50_seed120301_tol1e-06_L10.0.rds
[2025-11-17 15:01:22] --------------------------------------------
[2025-11-17 15:01:22] Starting run 86 / 750: k=60, seed=120301, tol=1e-06, L1=0.0
[2025-11-17 15:01:22] --------------------------------------------
[2025-11-17 15:01:22] Skipping run (already completed)
	completed 101.5 hours ago at 2025-11-13T14:30:18Z UTC
	location: /zata/zippy/kresgeb/nmf_stuff/dlPFC/data/batched_nmf/nmf_k60_seed120301_tol1e-06_L10.0.rds
[2025-11-17 15:01:22] --------------------------------------------
[2025-11-17 15:01:22] Starting run 87 / 750: k=70, seed=120301, tol=1e-06, L1=0.0
[2025-11-17 15:01:22] --------------------------------------------
[2025-11-17 15:01:22] Skipping run (already completed)
	completed 101.2 hours ago at 2025-11-13T14:51:30Z UTC
	location: /zata/zippy/kresgeb/nmf_stuff/dlPFC/data/batched_nmf/nmf_k70_seed120301_tol1e-06_L10.0.rds
[2025-11-17 15:01:22] --------------------------------------------
[2025-11-17 15:01:22] Starting run 88 / 750: k=80, seed=120301, tol=1e-06, L1=0.0
[2025-11-17 15:01:22] --------------------------------------------
[2025-11-17 15:01:22] Skipping run (already completed)
	completed 100.1 hours ago at 2025-11-13T15:57:53Z UTC
	location: /zata/zippy/kresgeb/nmf_stuff/dlPFC/data/batched_nmf/nmf_k80_seed120301_tol1e-06_L10.0.rds
[2025-11-17 15:01:22] --------------------------------------------
[2025-11-17 15:01:22] Starting run 89 / 750: k=90, seed=120301, tol=1e-06, L1=0.0
[2025-11-17 15:01:22] --------------------------------------------
[2025-11-17 15:01:22] Skipping run (already completed)
	completed 99.3 hours ago at 2025-11-13T16:41:14Z UTC
	location: /zata/zippy/kresgeb/nmf_stuff/dlPFC/data/batched_nmf/nmf_k90_seed120301_tol1e-06_L10.0.rds
[2025-11-17 15:01:22] --------------------------------------------
[2025-11-17 15:01:22] Starting run 90 / 750: k=100, seed=120301, tol=1e-06, L1=0.0
[2025-11-17 15:01:22] --------------------------------------------
[2025-11-17 15:01:22] Skipping run (already completed)
	completed 97.8 hours ago at 2025-11-13T18:14:53Z UTC
	location: /zata/zippy/kresgeb/nmf_stuff/dlPFC/data/batched_nmf/nmf_k100_seed120301_tol1e-06_L10.0.rds
[2025-11-17 15:01:22] --------------------------------------------
[2025-11-17 15:01:22] Starting run 91 / 750: k=10, seed=2025, tol=1e-06, L1=0.0
[2025-11-17 15:01:22] --------------------------------------------
[2025-11-17 15:01:22] Skipping run (already completed)
	completed 97.7 hours ago at 2025-11-13T18:16:59Z UTC
	location: /zata/zippy/kresgeb/nmf_stuff/dlPFC/data/batched_nmf/nmf_k10_seed2025_tol1e-06_L10.0.rds
[2025-11-17 15:01:22] --------------------------------------------
[2025-11-17 15:01:22] Starting run 92 / 750: k=20, seed=2025, tol=1e-06, L1=0.0
[2025-11-17 15:01:22] --------------------------------------------
[2025-11-17 15:01:22] Skipping run (already completed)
	completed 97.7 hours ago at 2025-11-13T18:21:57Z UTC
	location: /zata/zippy/kresgeb/nmf_stuff/dlPFC/data/batched_nmf/nmf_k20_seed2025_tol1e-06_L10.0.rds
[2025-11-17 15:01:22] --------------------------------------------
[2025-11-17 15:01:22] Starting run 93 / 750: k=30, seed=2025, tol=1e-06, L1=0.0
[2025-11-17 15:01:22] --------------------------------------------
[2025-11-17 15:01:22] Skipping run (already completed)
	completed 97.6 hours ago at 2025-11-13T18:27:23Z UTC
	location: /zata/zippy/kresgeb/nmf_stuff/dlPFC/data/batched_nmf/nmf_k30_seed2025_tol1e-06_L10.0.rds
[2025-11-17 15:01:22] --------------------------------------------
[2025-11-17 15:01:22] Starting run 94 / 750: k=40, seed=2025, tol=1e-06, L1=0.0
[2025-11-17 15:01:22] --------------------------------------------
[2025-11-17 15:01:23] Skipping run (already completed)
	completed 97.4 hours ago at 2025-11-13T18:36:57Z UTC
	location: /zata/zippy/kresgeb/nmf_stuff/dlPFC/data/batched_nmf/nmf_k40_seed2025_tol1e-06_L10.0.rds
[2025-11-17 15:01:23] --------------------------------------------
[2025-11-17 15:01:23] Starting run 95 / 750: k=50, seed=2025, tol=1e-06, L1=0.0
[2025-11-17 15:01:23] --------------------------------------------
[2025-11-17 15:01:23] Skipping run (already completed)
	completed 97.2 hours ago at 2025-11-13T18:50:17Z UTC
	location: /zata/zippy/kresgeb/nmf_stuff/dlPFC/data/batched_nmf/nmf_k50_seed2025_tol1e-06_L10.0.rds
[2025-11-17 15:01:23] --------------------------------------------
[2025-11-17 15:01:23] Starting run 96 / 750: k=60, seed=2025, tol=1e-06, L1=0.0
[2025-11-17 15:01:23] --------------------------------------------
[2025-11-17 15:01:23] Skipping run (already completed)
	completed 97.0 hours ago at 2025-11-13T19:04:18Z UTC
	location: /zata/zippy/kresgeb/nmf_stuff/dlPFC/data/batched_nmf/nmf_k60_seed2025_tol1e-06_L10.0.rds
[2025-11-17 15:01:23] --------------------------------------------
[2025-11-17 15:01:23] Starting run 97 / 750: k=70, seed=2025, tol=1e-06, L1=0.0
[2025-11-17 15:01:23] --------------------------------------------
[2025-11-17 15:01:23] Skipping run (already completed)
	completed 96.6 hours ago at 2025-11-13T19:23:35Z UTC
	location: /zata/zippy/kresgeb/nmf_stuff/dlPFC/data/batched_nmf/nmf_k70_seed2025_tol1e-06_L10.0.rds
[2025-11-17 15:01:23] --------------------------------------------
[2025-11-17 15:01:23] Starting run 98 / 750: k=80, seed=2025, tol=1e-06, L1=0.0
[2025-11-17 15:01:23] --------------------------------------------
[2025-11-17 15:01:23] Skipping run (already completed)
	completed 96.0 hours ago at 2025-11-13T20:03:42Z UTC
	location: /zata/zippy/kresgeb/nmf_stuff/dlPFC/data/batched_nmf/nmf_k80_seed2025_tol1e-06_L10.0.rds
[2025-11-17 15:01:23] --------------------------------------------
[2025-11-17 15:01:23] Starting run 99 / 750: k=90, seed=2025, tol=1e-06, L1=0.0
[2025-11-17 15:01:23] --------------------------------------------
[2025-11-17 15:01:23] Skipping run (already completed)
	completed 95.3 hours ago at 2025-11-13T20:42:52Z UTC
	location: /zata/zippy/kresgeb/nmf_stuff/dlPFC/data/batched_nmf/nmf_k90_seed2025_tol1e-06_L10.0.rds
[2025-11-17 15:01:23] --------------------------------------------
[2025-11-17 15:01:23] Starting run 100 / 750: k=100, seed=2025, tol=1e-06, L1=0.0
[2025-11-17 15:01:23] --------------------------------------------
[2025-11-17 15:01:23] Skipping run (already completed)
	completed 94.6 hours ago at 2025-11-13T21:26:48Z UTC
	location: /zata/zippy/kresgeb/nmf_stuff/dlPFC/data/batched_nmf/nmf_k100_seed2025_tol1e-06_L10.0.rds
[2025-11-17 15:01:23] --------------------------------------------
[2025-11-17 15:01:23] Starting run 101 / 750: k=10, seed=42, tol=1e-07, L1=0.0
[2025-11-17 15:01:23] --------------------------------------------
[2025-11-17 15:01:23] Skipping run (already completed)
	completed 94.5 hours ago at 2025-11-13T21:29:58Z UTC
	location: /zata/zippy/kresgeb/nmf_stuff/dlPFC/data/batched_nmf/nmf_k10_seed42_tol1e-07_L10.0.rds
[2025-11-17 15:01:23] --------------------------------------------
[2025-11-17 15:01:23] Starting run 102 / 750: k=20, seed=42, tol=1e-07, L1=0.0
[2025-11-17 15:01:23] --------------------------------------------
[2025-11-17 15:01:23] Skipping run (already completed)
	completed 94.5 hours ago at 2025-11-13T21:34:18Z UTC
	location: /zata/zippy/kresgeb/nmf_stuff/dlPFC/data/batched_nmf/nmf_k20_seed42_tol1e-07_L10.0.rds
[2025-11-17 15:01:23] --------------------------------------------
[2025-11-17 15:01:23] Starting run 103 / 750: k=30, seed=42, tol=1e-07, L1=0.0
[2025-11-17 15:01:23] --------------------------------------------
[2025-11-17 15:01:23] Skipping run (already completed)
	completed 94.3 hours ago at 2025-11-13T21:43:43Z UTC
	location: /zata/zippy/kresgeb/nmf_stuff/dlPFC/data/batched_nmf/nmf_k30_seed42_tol1e-07_L10.0.rds
[2025-11-17 15:01:23] --------------------------------------------
[2025-11-17 15:01:23] Starting run 104 / 750: k=40, seed=42, tol=1e-07, L1=0.0
[2025-11-17 15:01:23] --------------------------------------------
[2025-11-17 15:01:23] Skipping run (already completed)
	completed 94.0 hours ago at 2025-11-13T22:00:02Z UTC
	location: /zata/zippy/kresgeb/nmf_stuff/dlPFC/data/batched_nmf/nmf_k40_seed42_tol1e-07_L10.0.rds
[2025-11-17 15:01:23] --------------------------------------------
[2025-11-17 15:01:23] Starting run 105 / 750: k=50, seed=42, tol=1e-07, L1=0.0
[2025-11-17 15:01:23] --------------------------------------------
[2025-11-17 15:01:23] Skipping run (already completed)
	completed 93.8 hours ago at 2025-11-13T22:15:28Z UTC
	location: /zata/zippy/kresgeb/nmf_stuff/dlPFC/data/batched_nmf/nmf_k50_seed42_tol1e-07_L10.0.rds
[2025-11-17 15:01:23] --------------------------------------------
[2025-11-17 15:01:23] Starting run 106 / 750: k=60, seed=42, tol=1e-07, L1=0.0
[2025-11-17 15:01:23] --------------------------------------------
[2025-11-17 15:01:23] Skipping run (already completed)
	completed 93.4 hours ago at 2025-11-13T22:37:39Z UTC
	location: /zata/zippy/kresgeb/nmf_stuff/dlPFC/data/batched_nmf/nmf_k60_seed42_tol1e-07_L10.0.rds
[2025-11-17 15:01:23] --------------------------------------------
[2025-11-17 15:01:23] Starting run 107 / 750: k=70, seed=42, tol=1e-07, L1=0.0
[2025-11-17 15:01:23] --------------------------------------------
[2025-11-17 15:01:23] Skipping run (already completed)
	completed 92.3 hours ago at 2025-11-13T23:40:40Z UTC
	location: /zata/zippy/kresgeb/nmf_stuff/dlPFC/data/batched_nmf/nmf_k70_seed42_tol1e-07_L10.0.rds
[2025-11-17 15:01:23] --------------------------------------------
[2025-11-17 15:01:23] Starting run 108 / 750: k=80, seed=42, tol=1e-07, L1=0.0
[2025-11-17 15:01:23] --------------------------------------------
[2025-11-17 15:01:23] Skipping run (already completed)
	completed 91.3 hours ago at 2025-11-14T00:45:24Z UTC
	location: /zata/zippy/kresgeb/nmf_stuff/dlPFC/data/batched_nmf/nmf_k80_seed42_tol1e-07_L10.0.rds
[2025-11-17 15:01:23] --------------------------------------------
[2025-11-17 15:01:23] Starting run 109 / 750: k=90, seed=42, tol=1e-07, L1=0.0
[2025-11-17 15:01:23] --------------------------------------------
[2025-11-17 15:01:23] Skipping run (already completed)
	completed 90.1 hours ago at 2025-11-14T01:54:02Z UTC
	location: /zata/zippy/kresgeb/nmf_stuff/dlPFC/data/batched_nmf/nmf_k90_seed42_tol1e-07_L10.0.rds
[2025-11-17 15:01:23] --------------------------------------------
[2025-11-17 15:01:23] Starting run 110 / 750: k=100, seed=42, tol=1e-07, L1=0.0
[2025-11-17 15:01:23] --------------------------------------------
[2025-11-17 15:01:23] Skipping run (already completed)
	completed 87.4 hours ago at 2025-11-14T04:37:21Z UTC
	location: /zata/zippy/kresgeb/nmf_stuff/dlPFC/data/batched_nmf/nmf_k100_seed42_tol1e-07_L10.0.rds
[2025-11-17 15:01:23] --------------------------------------------
[2025-11-17 15:01:23] Starting run 111 / 750: k=10, seed=1029, tol=1e-07, L1=0.0
[2025-11-17 15:01:23] --------------------------------------------
[2025-11-17 15:01:23] Skipping run (already completed)
	completed 87.4 hours ago at 2025-11-14T04:39:58Z UTC
	location: /zata/zippy/kresgeb/nmf_stuff/dlPFC/data/batched_nmf/nmf_k10_seed1029_tol1e-07_L10.0.rds
[2025-11-17 15:01:23] --------------------------------------------
[2025-11-17 15:01:23] Starting run 112 / 750: k=20, seed=1029, tol=1e-07, L1=0.0
[2025-11-17 15:01:23] --------------------------------------------
[2025-11-17 15:01:23] Skipping run (already completed)
	completed 87.2 hours ago at 2025-11-14T04:46:51Z UTC
	location: /zata/zippy/kresgeb/nmf_stuff/dlPFC/data/batched_nmf/nmf_k20_seed1029_tol1e-07_L10.0.rds
[2025-11-17 15:01:23] --------------------------------------------
[2025-11-17 15:01:23] Starting run 113 / 750: k=30, seed=1029, tol=1e-07, L1=0.0
[2025-11-17 15:01:23] --------------------------------------------
[2025-11-17 15:01:23] Skipping run (already completed)
	completed 87.1 hours ago at 2025-11-14T04:54:27Z UTC
	location: /zata/zippy/kresgeb/nmf_stuff/dlPFC/data/batched_nmf/nmf_k30_seed1029_tol1e-07_L10.0.rds
[2025-11-17 15:01:23] --------------------------------------------
[2025-11-17 15:01:23] Starting run 114 / 750: k=40, seed=1029, tol=1e-07, L1=0.0
[2025-11-17 15:01:23] --------------------------------------------
[2025-11-17 15:01:23] Skipping run (already completed)
	completed 86.9 hours ago at 2025-11-14T05:06:26Z UTC
	location: /zata/zippy/kresgeb/nmf_stuff/dlPFC/data/batched_nmf/nmf_k40_seed1029_tol1e-07_L10.0.rds
[2025-11-17 15:01:23] --------------------------------------------
[2025-11-17 15:01:23] Starting run 115 / 750: k=50, seed=1029, tol=1e-07, L1=0.0
[2025-11-17 15:01:23] --------------------------------------------
[2025-11-17 15:01:23] Skipping run (already completed)
	completed 86.6 hours ago at 2025-11-14T05:23:53Z UTC
	location: /zata/zippy/kresgeb/nmf_stuff/dlPFC/data/batched_nmf/nmf_k50_seed1029_tol1e-07_L10.0.rds
[2025-11-17 15:01:23] --------------------------------------------
[2025-11-17 15:01:23] Starting run 116 / 750: k=60, seed=1029, tol=1e-07, L1=0.0
[2025-11-17 15:01:23] --------------------------------------------
[2025-11-17 15:01:23] Skipping run (already completed)
	completed 86.1 hours ago at 2025-11-14T05:56:23Z UTC
	location: /zata/zippy/kresgeb/nmf_stuff/dlPFC/data/batched_nmf/nmf_k60_seed1029_tol1e-07_L10.0.rds
[2025-11-17 15:01:23] --------------------------------------------
[2025-11-17 15:01:23] Starting run 117 / 750: k=70, seed=1029, tol=1e-07, L1=0.0
[2025-11-17 15:01:23] --------------------------------------------
[2025-11-17 15:01:23] Skipping run (already completed)
	completed 85.4 hours ago at 2025-11-14T06:36:27Z UTC
	location: /zata/zippy/kresgeb/nmf_stuff/dlPFC/data/batched_nmf/nmf_k70_seed1029_tol1e-07_L10.0.rds
[2025-11-17 15:01:23] --------------------------------------------
[2025-11-17 15:01:23] Starting run 118 / 750: k=80, seed=1029, tol=1e-07, L1=0.0
[2025-11-17 15:01:23] --------------------------------------------
[2025-11-17 15:01:23] Skipping run (already completed)
	completed 84.1 hours ago at 2025-11-14T07:55:22Z UTC
	location: /zata/zippy/kresgeb/nmf_stuff/dlPFC/data/batched_nmf/nmf_k80_seed1029_tol1e-07_L10.0.rds
[2025-11-17 15:01:23] --------------------------------------------
[2025-11-17 15:01:23] Starting run 119 / 750: k=90, seed=1029, tol=1e-07, L1=0.0
[2025-11-17 15:01:23] --------------------------------------------
[2025-11-17 15:01:24] Skipping run (already completed)
	completed 83.2 hours ago at 2025-11-14T08:49:13Z UTC
	location: /zata/zippy/kresgeb/nmf_stuff/dlPFC/data/batched_nmf/nmf_k90_seed1029_tol1e-07_L10.0.rds
[2025-11-17 15:01:24] --------------------------------------------
[2025-11-17 15:01:24] Starting run 120 / 750: k=100, seed=1029, tol=1e-07, L1=0.0
[2025-11-17 15:01:24] --------------------------------------------
[2025-11-17 15:01:24] Skipping run (already completed)
	completed 80.7 hours ago at 2025-11-14T11:20:27Z UTC
	location: /zata/zippy/kresgeb/nmf_stuff/dlPFC/data/batched_nmf/nmf_k100_seed1029_tol1e-07_L10.0.rds
[2025-11-17 15:01:24] --------------------------------------------
[2025-11-17 15:01:24] Starting run 121 / 750: k=10, seed=31415, tol=1e-07, L1=0.0
[2025-11-17 15:01:24] --------------------------------------------
[2025-11-17 15:01:24] Skipping run (already completed)
	completed 80.6 hours ago at 2025-11-14T11:23:06Z UTC
	location: /zata/zippy/kresgeb/nmf_stuff/dlPFC/data/batched_nmf/nmf_k10_seed31415_tol1e-07_L10.0.rds
[2025-11-17 15:01:24] --------------------------------------------
[2025-11-17 15:01:24] Starting run 122 / 750: k=20, seed=31415, tol=1e-07, L1=0.0
[2025-11-17 15:01:24] --------------------------------------------
[2025-11-17 15:01:24] Skipping run (already completed)
	completed 80.6 hours ago at 2025-11-14T11:27:42Z UTC
	location: /zata/zippy/kresgeb/nmf_stuff/dlPFC/data/batched_nmf/nmf_k20_seed31415_tol1e-07_L10.0.rds
[2025-11-17 15:01:24] --------------------------------------------
[2025-11-17 15:01:24] Starting run 123 / 750: k=30, seed=31415, tol=1e-07, L1=0.0
[2025-11-17 15:01:24] --------------------------------------------
[2025-11-17 15:01:24] Skipping run (already completed)
	completed 80.4 hours ago at 2025-11-14T11:34:33Z UTC
	location: /zata/zippy/kresgeb/nmf_stuff/dlPFC/data/batched_nmf/nmf_k30_seed31415_tol1e-07_L10.0.rds
[2025-11-17 15:01:24] --------------------------------------------
[2025-11-17 15:01:24] Starting run 124 / 750: k=40, seed=31415, tol=1e-07, L1=0.0
[2025-11-17 15:01:24] --------------------------------------------
[2025-11-17 15:01:24] Skipping run (already completed)
	completed 80.1 hours ago at 2025-11-14T11:53:07Z UTC
	location: /zata/zippy/kresgeb/nmf_stuff/dlPFC/data/batched_nmf/nmf_k40_seed31415_tol1e-07_L10.0.rds
[2025-11-17 15:01:24] --------------------------------------------
[2025-11-17 15:01:24] Starting run 125 / 750: k=50, seed=31415, tol=1e-07, L1=0.0
[2025-11-17 15:01:24] --------------------------------------------
[2025-11-17 15:01:24] Skipping run (already completed)
	completed 79.8 hours ago at 2025-11-14T12:11:30Z UTC
	location: /zata/zippy/kresgeb/nmf_stuff/dlPFC/data/batched_nmf/nmf_k50_seed31415_tol1e-07_L10.0.rds
[2025-11-17 15:01:24] --------------------------------------------
[2025-11-17 15:01:24] Starting run 126 / 750: k=60, seed=31415, tol=1e-07, L1=0.0
[2025-11-17 15:01:24] --------------------------------------------
[2025-11-17 15:01:24] Skipping run (already completed)
	completed 79.3 hours ago at 2025-11-14T12:41:54Z UTC
	location: /zata/zippy/kresgeb/nmf_stuff/dlPFC/data/batched_nmf/nmf_k60_seed31415_tol1e-07_L10.0.rds
[2025-11-17 15:01:24] --------------------------------------------
[2025-11-17 15:01:24] Starting run 127 / 750: k=70, seed=31415, tol=1e-07, L1=0.0
[2025-11-17 15:01:24] --------------------------------------------
[2025-11-17 15:01:24] Skipping run (already completed)
	completed 78.3 hours ago at 2025-11-14T13:42:07Z UTC
	location: /zata/zippy/kresgeb/nmf_stuff/dlPFC/data/batched_nmf/nmf_k70_seed31415_tol1e-07_L10.0.rds
[2025-11-17 15:01:24] --------------------------------------------
[2025-11-17 15:01:24] Starting run 128 / 750: k=80, seed=31415, tol=1e-07, L1=0.0
[2025-11-17 15:01:24] --------------------------------------------
[2025-11-17 15:01:24] Skipping run (already completed)
	completed 77.5 hours ago at 2025-11-14T14:31:53Z UTC
	location: /zata/zippy/kresgeb/nmf_stuff/dlPFC/data/batched_nmf/nmf_k80_seed31415_tol1e-07_L10.0.rds
[2025-11-17 15:01:24] --------------------------------------------
[2025-11-17 15:01:24] Starting run 129 / 750: k=90, seed=31415, tol=1e-07, L1=0.0
[2025-11-17 15:01:24] --------------------------------------------
[2025-11-17 15:01:24] Skipping run (already completed)
	completed 76.4 hours ago at 2025-11-14T15:37:52Z UTC
	location: /zata/zippy/kresgeb/nmf_stuff/dlPFC/data/batched_nmf/nmf_k90_seed31415_tol1e-07_L10.0.rds
[2025-11-17 15:01:24] --------------------------------------------
[2025-11-17 15:01:24] Starting run 130 / 750: k=100, seed=31415, tol=1e-07, L1=0.0
[2025-11-17 15:01:24] --------------------------------------------
[2025-11-17 15:01:24] Skipping run (already completed)
	completed 75.4 hours ago at 2025-11-14T16:35:53Z UTC
	location: /zata/zippy/kresgeb/nmf_stuff/dlPFC/data/batched_nmf/nmf_k100_seed31415_tol1e-07_L10.0.rds
[2025-11-17 15:01:24] --------------------------------------------
[2025-11-17 15:01:24] Starting run 131 / 750: k=10, seed=120301, tol=1e-07, L1=0.0
[2025-11-17 15:01:24] --------------------------------------------
[2025-11-17 15:01:24] Skipping run (already completed)
	completed 75.4 hours ago at 2025-11-14T16:38:50Z UTC
	location: /zata/zippy/kresgeb/nmf_stuff/dlPFC/data/batched_nmf/nmf_k10_seed120301_tol1e-07_L10.0.rds
[2025-11-17 15:01:24] --------------------------------------------
[2025-11-17 15:01:24] Starting run 132 / 750: k=20, seed=120301, tol=1e-07, L1=0.0
[2025-11-17 15:01:24] --------------------------------------------
[2025-11-17 15:01:24] Skipping run (already completed)
	completed 75.3 hours ago at 2025-11-14T16:44:52Z UTC
	location: /zata/zippy/kresgeb/nmf_stuff/dlPFC/data/batched_nmf/nmf_k20_seed120301_tol1e-07_L10.0.rds
[2025-11-17 15:01:24] --------------------------------------------
[2025-11-17 15:01:24] Starting run 133 / 750: k=30, seed=120301, tol=1e-07, L1=0.0
[2025-11-17 15:01:24] --------------------------------------------
[2025-11-17 15:01:24] Skipping run (already completed)
	completed 75.1 hours ago at 2025-11-14T16:56:01Z UTC
	location: /zata/zippy/kresgeb/nmf_stuff/dlPFC/data/batched_nmf/nmf_k30_seed120301_tol1e-07_L10.0.rds
[2025-11-17 15:01:24] --------------------------------------------
[2025-11-17 15:01:24] Starting run 134 / 750: k=40, seed=120301, tol=1e-07, L1=0.0
[2025-11-17 15:01:24] --------------------------------------------
[2025-11-17 15:01:24] Skipping run (already completed)
	completed 74.9 hours ago at 2025-11-14T17:05:44Z UTC
	location: /zata/zippy/kresgeb/nmf_stuff/dlPFC/data/batched_nmf/nmf_k40_seed120301_tol1e-07_L10.0.rds
[2025-11-17 15:01:24] --------------------------------------------
[2025-11-17 15:01:24] Starting run 135 / 750: k=50, seed=120301, tol=1e-07, L1=0.0
[2025-11-17 15:01:24] --------------------------------------------
[2025-11-17 15:01:24] Skipping run (already completed)
	completed 74.7 hours ago at 2025-11-14T17:20:07Z UTC
	location: /zata/zippy/kresgeb/nmf_stuff/dlPFC/data/batched_nmf/nmf_k50_seed120301_tol1e-07_L10.0.rds
[2025-11-17 15:01:24] --------------------------------------------
[2025-11-17 15:01:24] Starting run 136 / 750: k=60, seed=120301, tol=1e-07, L1=0.0
[2025-11-17 15:01:24] --------------------------------------------
[2025-11-17 15:01:24] Skipping run (already completed)
	completed 74.3 hours ago at 2025-11-14T17:41:38Z UTC
	location: /zata/zippy/kresgeb/nmf_stuff/dlPFC/data/batched_nmf/nmf_k60_seed120301_tol1e-07_L10.0.rds
[2025-11-17 15:01:24] --------------------------------------------
[2025-11-17 15:01:24] Starting run 137 / 750: k=70, seed=120301, tol=1e-07, L1=0.0
[2025-11-17 15:01:24] --------------------------------------------
[2025-11-17 15:01:24] Skipping run (already completed)
	completed 73.8 hours ago at 2025-11-14T18:11:45Z UTC
	location: /zata/zippy/kresgeb/nmf_stuff/dlPFC/data/batched_nmf/nmf_k70_seed120301_tol1e-07_L10.0.rds
[2025-11-17 15:01:24] --------------------------------------------
[2025-11-17 15:01:24] Starting run 138 / 750: k=80, seed=120301, tol=1e-07, L1=0.0
[2025-11-17 15:01:24] --------------------------------------------
[2025-11-17 15:01:24] Skipping run (already completed)
	completed 72.2 hours ago at 2025-11-14T19:48:08Z UTC
	location: /zata/zippy/kresgeb/nmf_stuff/dlPFC/data/batched_nmf/nmf_k80_seed120301_tol1e-07_L10.0.rds
[2025-11-17 15:01:24] --------------------------------------------
[2025-11-17 15:01:24] Starting run 139 / 750: k=90, seed=120301, tol=1e-07, L1=0.0
[2025-11-17 15:01:24] --------------------------------------------
[2025-11-17 15:01:24] Skipping run (already completed)
	completed 70.4 hours ago at 2025-11-14T21:37:10Z UTC
	location: /zata/zippy/kresgeb/nmf_stuff/dlPFC/data/batched_nmf/nmf_k90_seed120301_tol1e-07_L10.0.rds
[2025-11-17 15:01:24] --------------------------------------------
[2025-11-17 15:01:24] Starting run 140 / 750: k=100, seed=120301, tol=1e-07, L1=0.0
[2025-11-17 15:01:24] --------------------------------------------
[2025-11-17 15:01:24] Skipping run (already completed)
	completed 67.9 hours ago at 2025-11-15T00:04:51Z UTC
	location: /zata/zippy/kresgeb/nmf_stuff/dlPFC/data/batched_nmf/nmf_k100_seed120301_tol1e-07_L10.0.rds
[2025-11-17 15:01:24] --------------------------------------------
[2025-11-17 15:01:24] Starting run 141 / 750: k=10, seed=2025, tol=1e-07, L1=0.0
[2025-11-17 15:01:24] --------------------------------------------
[2025-11-17 15:01:24] Skipping run (already completed)
	completed 67.9 hours ago at 2025-11-15T00:07:23Z UTC
	location: /zata/zippy/kresgeb/nmf_stuff/dlPFC/data/batched_nmf/nmf_k10_seed2025_tol1e-07_L10.0.rds
[2025-11-17 15:01:24] --------------------------------------------
[2025-11-17 15:01:24] Starting run 142 / 750: k=20, seed=2025, tol=1e-07, L1=0.0
[2025-11-17 15:01:24] --------------------------------------------
[2025-11-17 15:01:24] Skipping run (already completed)
	completed 67.8 hours ago at 2025-11-15T00:14:09Z UTC
	location: /zata/zippy/kresgeb/nmf_stuff/dlPFC/data/batched_nmf/nmf_k20_seed2025_tol1e-07_L10.0.rds
[2025-11-17 15:01:24] --------------------------------------------
[2025-11-17 15:01:24] Starting run 143 / 750: k=30, seed=2025, tol=1e-07, L1=0.0
[2025-11-17 15:01:24] --------------------------------------------
[2025-11-17 15:01:24] Skipping run (already completed)
	completed 67.7 hours ago at 2025-11-15T00:21:42Z UTC
	location: /zata/zippy/kresgeb/nmf_stuff/dlPFC/data/batched_nmf/nmf_k30_seed2025_tol1e-07_L10.0.rds
[2025-11-17 15:01:24] --------------------------------------------
[2025-11-17 15:01:24] Starting run 144 / 750: k=40, seed=2025, tol=1e-07, L1=0.0
[2025-11-17 15:01:24] --------------------------------------------
[2025-11-17 15:01:25] Skipping run (already completed)
	completed 67.5 hours ago at 2025-11-15T00:34:11Z UTC
	location: /zata/zippy/kresgeb/nmf_stuff/dlPFC/data/batched_nmf/nmf_k40_seed2025_tol1e-07_L10.0.rds
[2025-11-17 15:01:25] --------------------------------------------
[2025-11-17 15:01:25] Starting run 145 / 750: k=50, seed=2025, tol=1e-07, L1=0.0
[2025-11-17 15:01:25] --------------------------------------------
[2025-11-17 15:01:25] Skipping run (already completed)
	completed 67.1 hours ago at 2025-11-15T00:53:50Z UTC
	location: /zata/zippy/kresgeb/nmf_stuff/dlPFC/data/batched_nmf/nmf_k50_seed2025_tol1e-07_L10.0.rds
[2025-11-17 15:01:25] --------------------------------------------
[2025-11-17 15:01:25] Starting run 146 / 750: k=60, seed=2025, tol=1e-07, L1=0.0
[2025-11-17 15:01:25] --------------------------------------------
[2025-11-17 15:01:25] Skipping run (already completed)
	completed 66.6 hours ago at 2025-11-15T01:24:10Z UTC
	location: /zata/zippy/kresgeb/nmf_stuff/dlPFC/data/batched_nmf/nmf_k60_seed2025_tol1e-07_L10.0.rds
[2025-11-17 15:01:25] --------------------------------------------
[2025-11-17 15:01:25] Starting run 147 / 750: k=70, seed=2025, tol=1e-07, L1=0.0
[2025-11-17 15:01:25] --------------------------------------------
[2025-11-17 15:01:25] Skipping run (already completed)
	completed 66.0 hours ago at 2025-11-15T02:03:34Z UTC
	location: /zata/zippy/kresgeb/nmf_stuff/dlPFC/data/batched_nmf/nmf_k70_seed2025_tol1e-07_L10.0.rds
[2025-11-17 15:01:25] --------------------------------------------
[2025-11-17 15:01:25] Starting run 148 / 750: k=80, seed=2025, tol=1e-07, L1=0.0
[2025-11-17 15:01:25] --------------------------------------------
[2025-11-17 15:01:25] Skipping run (already completed)
	completed 65.1 hours ago at 2025-11-15T02:55:54Z UTC
	location: /zata/zippy/kresgeb/nmf_stuff/dlPFC/data/batched_nmf/nmf_k80_seed2025_tol1e-07_L10.0.rds
[2025-11-17 15:01:25] --------------------------------------------
[2025-11-17 15:01:25] Starting run 149 / 750: k=90, seed=2025, tol=1e-07, L1=0.0
[2025-11-17 15:01:25] --------------------------------------------
[2025-11-17 15:01:25] Skipping run (already completed)
	completed 63.6 hours ago at 2025-11-15T04:26:21Z UTC
	location: /zata/zippy/kresgeb/nmf_stuff/dlPFC/data/batched_nmf/nmf_k90_seed2025_tol1e-07_L10.0.rds
[2025-11-17 15:01:25] --------------------------------------------
[2025-11-17 15:01:25] Starting run 150 / 750: k=100, seed=2025, tol=1e-07, L1=0.0
[2025-11-17 15:01:25] --------------------------------------------
[2025-11-17 15:01:25] Skipping run (already completed)
	completed 62.2 hours ago at 2025-11-15T05:51:00Z UTC
	location: /zata/zippy/kresgeb/nmf_stuff/dlPFC/data/batched_nmf/nmf_k100_seed2025_tol1e-07_L10.0.rds
[2025-11-17 15:01:25] --------------------------------------------
[2025-11-17 15:01:25] Starting run 151 / 750: k=10, seed=42, tol=1e-05, L1=0.1
[2025-11-17 15:01:25] --------------------------------------------
[2025-11-17 15:01:25] Skipping run (already completed)
	completed 239.9 hours ago at 2025-11-07T20:06:34Z UTC
	location: /zata/zippy/kresgeb/nmf_stuff/dlPFC/data/batched_nmf/nmf_k10_seed42_tol1e-05_L10.1.rds
[2025-11-17 15:01:25] --------------------------------------------
[2025-11-17 15:01:25] Starting run 152 / 750: k=20, seed=42, tol=1e-05, L1=0.1
[2025-11-17 15:01:25] --------------------------------------------
[2025-11-17 15:01:25] Skipping run (already completed)
	completed 239.9 hours ago at 2025-11-07T20:09:42Z UTC
	location: /zata/zippy/kresgeb/nmf_stuff/dlPFC/data/batched_nmf/nmf_k20_seed42_tol1e-05_L10.1.rds
[2025-11-17 15:01:25] --------------------------------------------
[2025-11-17 15:01:25] Starting run 153 / 750: k=30, seed=42, tol=1e-05, L1=0.1
[2025-11-17 15:01:25] --------------------------------------------
[2025-11-17 15:01:25] Skipping run (already completed)
	completed 239.8 hours ago at 2025-11-07T20:15:59Z UTC
	location: /zata/zippy/kresgeb/nmf_stuff/dlPFC/data/batched_nmf/nmf_k30_seed42_tol1e-05_L10.1.rds
[2025-11-17 15:01:25] --------------------------------------------
[2025-11-17 15:01:25] Starting run 154 / 750: k=40, seed=42, tol=1e-05, L1=0.1
[2025-11-17 15:01:25] --------------------------------------------
[2025-11-17 15:01:25] Skipping run (already completed)
	completed 239.7 hours ago at 2025-11-07T20:21:24Z UTC
	location: /zata/zippy/kresgeb/nmf_stuff/dlPFC/data/batched_nmf/nmf_k40_seed42_tol1e-05_L10.1.rds
[2025-11-17 15:01:25] --------------------------------------------
[2025-11-17 15:01:25] Starting run 155 / 750: k=50, seed=42, tol=1e-05, L1=0.1
[2025-11-17 15:01:25] --------------------------------------------
[2025-11-17 15:01:25] Skipping run (already completed)
	completed 239.5 hours ago at 2025-11-07T20:28:44Z UTC
	location: /zata/zippy/kresgeb/nmf_stuff/dlPFC/data/batched_nmf/nmf_k50_seed42_tol1e-05_L10.1.rds
[2025-11-17 15:01:25] --------------------------------------------
[2025-11-17 15:01:25] Starting run 156 / 750: k=60, seed=42, tol=1e-05, L1=0.1
[2025-11-17 15:01:25] --------------------------------------------
[2025-11-17 15:01:25] Skipping run (already completed)
	completed 239.4 hours ago at 2025-11-07T20:36:07Z UTC
	location: /zata/zippy/kresgeb/nmf_stuff/dlPFC/data/batched_nmf/nmf_k60_seed42_tol1e-05_L10.1.rds
[2025-11-17 15:01:25] --------------------------------------------
[2025-11-17 15:01:25] Starting run 157 / 750: k=70, seed=42, tol=1e-05, L1=0.1
[2025-11-17 15:01:25] --------------------------------------------
[2025-11-17 15:01:25] Skipping run (already completed)
	completed 239.3 hours ago at 2025-11-07T20:45:57Z UTC
	location: /zata/zippy/kresgeb/nmf_stuff/dlPFC/data/batched_nmf/nmf_k70_seed42_tol1e-05_L10.1.rds
[2025-11-17 15:01:25] --------------------------------------------
[2025-11-17 15:01:25] Starting run 158 / 750: k=80, seed=42, tol=1e-05, L1=0.1
[2025-11-17 15:01:25] --------------------------------------------
[2025-11-17 15:01:25] Skipping run (already completed)
	completed 239.0 hours ago at 2025-11-07T21:02:18Z UTC
	location: /zata/zippy/kresgeb/nmf_stuff/dlPFC/data/batched_nmf/nmf_k80_seed42_tol1e-05_L10.1.rds
[2025-11-17 15:01:25] --------------------------------------------
[2025-11-17 15:01:25] Starting run 159 / 750: k=90, seed=42, tol=1e-05, L1=0.1
[2025-11-17 15:01:25] --------------------------------------------
[2025-11-17 15:01:25] Skipping run (already completed)
	completed 238.7 hours ago at 2025-11-07T21:21:16Z UTC
	location: /zata/zippy/kresgeb/nmf_stuff/dlPFC/data/batched_nmf/nmf_k90_seed42_tol1e-05_L10.1.rds
[2025-11-17 15:01:25] --------------------------------------------
[2025-11-17 15:01:25] Starting run 160 / 750: k=100, seed=42, tol=1e-05, L1=0.1
[2025-11-17 15:01:25] --------------------------------------------
[2025-11-17 15:01:25] Skipping run (already completed)
	completed 238.0 hours ago at 2025-11-07T22:00:16Z UTC
	location: /zata/zippy/kresgeb/nmf_stuff/dlPFC/data/batched_nmf/nmf_k100_seed42_tol1e-05_L10.1.rds
[2025-11-17 15:01:25] --------------------------------------------
[2025-11-17 15:01:25] Starting run 161 / 750: k=10, seed=1029, tol=1e-05, L1=0.1
[2025-11-17 15:01:25] --------------------------------------------
[2025-11-17 15:01:25] Skipping run (already completed)
	completed 238.0 hours ago at 2025-11-07T22:02:37Z UTC
	location: /zata/zippy/kresgeb/nmf_stuff/dlPFC/data/batched_nmf/nmf_k10_seed1029_tol1e-05_L10.1.rds
[2025-11-17 15:01:25] --------------------------------------------
[2025-11-17 15:01:25] Starting run 162 / 750: k=20, seed=1029, tol=1e-05, L1=0.1
[2025-11-17 15:01:25] --------------------------------------------
[2025-11-17 15:01:25] Skipping run (already completed)
	completed 237.9 hours ago at 2025-11-07T22:06:52Z UTC
	location: /zata/zippy/kresgeb/nmf_stuff/dlPFC/data/batched_nmf/nmf_k20_seed1029_tol1e-05_L10.1.rds
[2025-11-17 15:01:25] --------------------------------------------
[2025-11-17 15:01:25] Starting run 163 / 750: k=30, seed=1029, tol=1e-05, L1=0.1
[2025-11-17 15:01:25] --------------------------------------------
[2025-11-17 15:01:25] Skipping run (already completed)
	completed 237.8 hours ago at 2025-11-07T22:10:43Z UTC
	location: /zata/zippy/kresgeb/nmf_stuff/dlPFC/data/batched_nmf/nmf_k30_seed1029_tol1e-05_L10.1.rds
[2025-11-17 15:01:25] --------------------------------------------
[2025-11-17 15:01:25] Starting run 164 / 750: k=40, seed=1029, tol=1e-05, L1=0.1
[2025-11-17 15:01:25] --------------------------------------------
[2025-11-17 15:01:25] Skipping run (already completed)
	completed 237.8 hours ago at 2025-11-07T22:15:49Z UTC
	location: /zata/zippy/kresgeb/nmf_stuff/dlPFC/data/batched_nmf/nmf_k40_seed1029_tol1e-05_L10.1.rds
[2025-11-17 15:01:25] --------------------------------------------
[2025-11-17 15:01:25] Starting run 165 / 750: k=50, seed=1029, tol=1e-05, L1=0.1
[2025-11-17 15:01:25] --------------------------------------------
[2025-11-17 15:01:25] Skipping run (already completed)
	completed 237.6 hours ago at 2025-11-07T22:23:04Z UTC
	location: /zata/zippy/kresgeb/nmf_stuff/dlPFC/data/batched_nmf/nmf_k50_seed1029_tol1e-05_L10.1.rds
[2025-11-17 15:01:25] --------------------------------------------
[2025-11-17 15:01:25] Starting run 166 / 750: k=60, seed=1029, tol=1e-05, L1=0.1
[2025-11-17 15:01:25] --------------------------------------------
[2025-11-17 15:01:25] Skipping run (already completed)
	completed 237.5 hours ago at 2025-11-07T22:33:31Z UTC
	location: /zata/zippy/kresgeb/nmf_stuff/dlPFC/data/batched_nmf/nmf_k60_seed1029_tol1e-05_L10.1.rds
[2025-11-17 15:01:25] --------------------------------------------
[2025-11-17 15:01:25] Starting run 167 / 750: k=70, seed=1029, tol=1e-05, L1=0.1
[2025-11-17 15:01:25] --------------------------------------------
[2025-11-17 15:01:25] Skipping run (already completed)
	completed 237.3 hours ago at 2025-11-07T22:45:39Z UTC
	location: /zata/zippy/kresgeb/nmf_stuff/dlPFC/data/batched_nmf/nmf_k70_seed1029_tol1e-05_L10.1.rds
[2025-11-17 15:01:25] --------------------------------------------
[2025-11-17 15:01:25] Starting run 168 / 750: k=80, seed=1029, tol=1e-05, L1=0.1
[2025-11-17 15:01:25] --------------------------------------------
[2025-11-17 15:01:25] Skipping run (already completed)
	completed 237.0 hours ago at 2025-11-07T23:00:01Z UTC
	location: /zata/zippy/kresgeb/nmf_stuff/dlPFC/data/batched_nmf/nmf_k80_seed1029_tol1e-05_L10.1.rds
[2025-11-17 15:01:25] --------------------------------------------
[2025-11-17 15:01:25] Starting run 169 / 750: k=90, seed=1029, tol=1e-05, L1=0.1
[2025-11-17 15:01:25] --------------------------------------------
[2025-11-17 15:01:26] Skipping run (already completed)
	completed 236.7 hours ago at 2025-11-07T23:21:15Z UTC
	location: /zata/zippy/kresgeb/nmf_stuff/dlPFC/data/batched_nmf/nmf_k90_seed1029_tol1e-05_L10.1.rds
[2025-11-17 15:01:26] --------------------------------------------
[2025-11-17 15:01:26] Starting run 170 / 750: k=100, seed=1029, tol=1e-05, L1=0.1
[2025-11-17 15:01:26] --------------------------------------------
[2025-11-17 15:01:26] Skipping run (already completed)
	completed 236.1 hours ago at 2025-11-07T23:55:11Z UTC
	location: /zata/zippy/kresgeb/nmf_stuff/dlPFC/data/batched_nmf/nmf_k100_seed1029_tol1e-05_L10.1.rds
[2025-11-17 15:01:26] --------------------------------------------
[2025-11-17 15:01:26] Starting run 171 / 750: k=10, seed=31415, tol=1e-05, L1=0.1
[2025-11-17 15:01:26] --------------------------------------------
[2025-11-17 15:01:26] Skipping run (already completed)
	completed 236.1 hours ago at 2025-11-07T23:57:27Z UTC
	location: /zata/zippy/kresgeb/nmf_stuff/dlPFC/data/batched_nmf/nmf_k10_seed31415_tol1e-05_L10.1.rds
[2025-11-17 15:01:26] --------------------------------------------
[2025-11-17 15:01:26] Starting run 172 / 750: k=20, seed=31415, tol=1e-05, L1=0.1
[2025-11-17 15:01:26] --------------------------------------------
[2025-11-17 15:01:26] Skipping run (already completed)
	completed 236.0 hours ago at 2025-11-08T00:00:41Z UTC
	location: /zata/zippy/kresgeb/nmf_stuff/dlPFC/data/batched_nmf/nmf_k20_seed31415_tol1e-05_L10.1.rds
[2025-11-17 15:01:26] --------------------------------------------
[2025-11-17 15:01:26] Starting run 173 / 750: k=30, seed=31415, tol=1e-05, L1=0.1
[2025-11-17 15:01:26] --------------------------------------------
[2025-11-17 15:01:26] Skipping run (already completed)
	completed 235.9 hours ago at 2025-11-08T00:05:33Z UTC
	location: /zata/zippy/kresgeb/nmf_stuff/dlPFC/data/batched_nmf/nmf_k30_seed31415_tol1e-05_L10.1.rds
[2025-11-17 15:01:26] --------------------------------------------
[2025-11-17 15:01:26] Starting run 174 / 750: k=40, seed=31415, tol=1e-05, L1=0.1
[2025-11-17 15:01:26] --------------------------------------------
[2025-11-17 15:01:26] Skipping run (already completed)
	completed 235.8 hours ago at 2025-11-08T00:11:16Z UTC
	location: /zata/zippy/kresgeb/nmf_stuff/dlPFC/data/batched_nmf/nmf_k40_seed31415_tol1e-05_L10.1.rds
[2025-11-17 15:01:26] --------------------------------------------
[2025-11-17 15:01:26] Starting run 175 / 750: k=50, seed=31415, tol=1e-05, L1=0.1
[2025-11-17 15:01:26] --------------------------------------------
[2025-11-17 15:01:26] Skipping run (already completed)
	completed 235.7 hours ago at 2025-11-08T00:18:06Z UTC
	location: /zata/zippy/kresgeb/nmf_stuff/dlPFC/data/batched_nmf/nmf_k50_seed31415_tol1e-05_L10.1.rds
[2025-11-17 15:01:26] --------------------------------------------
[2025-11-17 15:01:26] Starting run 176 / 750: k=60, seed=31415, tol=1e-05, L1=0.1
[2025-11-17 15:01:26] --------------------------------------------
[2025-11-17 15:01:26] Skipping run (already completed)
	completed 235.6 hours ago at 2025-11-08T00:26:45Z UTC
	location: /zata/zippy/kresgeb/nmf_stuff/dlPFC/data/batched_nmf/nmf_k60_seed31415_tol1e-05_L10.1.rds
[2025-11-17 15:01:26] --------------------------------------------
[2025-11-17 15:01:26] Starting run 177 / 750: k=70, seed=31415, tol=1e-05, L1=0.1
[2025-11-17 15:01:26] --------------------------------------------
[2025-11-17 15:01:26] Skipping run (already completed)
	completed 235.4 hours ago at 2025-11-08T00:38:00Z UTC
	location: /zata/zippy/kresgeb/nmf_stuff/dlPFC/data/batched_nmf/nmf_k70_seed31415_tol1e-05_L10.1.rds
[2025-11-17 15:01:26] --------------------------------------------
[2025-11-17 15:01:26] Starting run 178 / 750: k=80, seed=31415, tol=1e-05, L1=0.1
[2025-11-17 15:01:26] --------------------------------------------
[2025-11-17 15:01:26] Skipping run (already completed)
	completed 235.2 hours ago at 2025-11-08T00:51:42Z UTC
	location: /zata/zippy/kresgeb/nmf_stuff/dlPFC/data/batched_nmf/nmf_k80_seed31415_tol1e-05_L10.1.rds
[2025-11-17 15:01:26] --------------------------------------------
[2025-11-17 15:01:26] Starting run 179 / 750: k=90, seed=31415, tol=1e-05, L1=0.1
[2025-11-17 15:01:26] --------------------------------------------
[2025-11-17 15:01:26] Skipping run (already completed)
	completed 234.9 hours ago at 2025-11-08T01:07:17Z UTC
	location: /zata/zippy/kresgeb/nmf_stuff/dlPFC/data/batched_nmf/nmf_k90_seed31415_tol1e-05_L10.1.rds
[2025-11-17 15:01:26] --------------------------------------------
[2025-11-17 15:01:26] Starting run 180 / 750: k=100, seed=31415, tol=1e-05, L1=0.1
[2025-11-17 15:01:26] --------------------------------------------
[2025-11-17 15:01:26] Skipping run (already completed)
	completed 234.5 hours ago at 2025-11-08T01:28:45Z UTC
	location: /zata/zippy/kresgeb/nmf_stuff/dlPFC/data/batched_nmf/nmf_k100_seed31415_tol1e-05_L10.1.rds
[2025-11-17 15:01:26] --------------------------------------------
[2025-11-17 15:01:26] Starting run 181 / 750: k=10, seed=120301, tol=1e-05, L1=0.1
[2025-11-17 15:01:26] --------------------------------------------
[2025-11-17 15:01:26] Skipping run (already completed)
	completed 234.5 hours ago at 2025-11-08T01:31:11Z UTC
	location: /zata/zippy/kresgeb/nmf_stuff/dlPFC/data/batched_nmf/nmf_k10_seed120301_tol1e-05_L10.1.rds
[2025-11-17 15:01:26] --------------------------------------------
[2025-11-17 15:01:26] Starting run 182 / 750: k=20, seed=120301, tol=1e-05, L1=0.1
[2025-11-17 15:01:26] --------------------------------------------
[2025-11-17 15:01:26] Skipping run (already completed)
	completed 234.4 hours ago at 2025-11-08T01:34:40Z UTC
	location: /zata/zippy/kresgeb/nmf_stuff/dlPFC/data/batched_nmf/nmf_k20_seed120301_tol1e-05_L10.1.rds
[2025-11-17 15:01:26] --------------------------------------------
[2025-11-17 15:01:26] Starting run 183 / 750: k=30, seed=120301, tol=1e-05, L1=0.1
[2025-11-17 15:01:26] --------------------------------------------
[2025-11-17 15:01:26] Skipping run (already completed)
	completed 234.4 hours ago at 2025-11-08T01:39:47Z UTC
	location: /zata/zippy/kresgeb/nmf_stuff/dlPFC/data/batched_nmf/nmf_k30_seed120301_tol1e-05_L10.1.rds
[2025-11-17 15:01:26] --------------------------------------------
[2025-11-17 15:01:26] Starting run 184 / 750: k=40, seed=120301, tol=1e-05, L1=0.1
[2025-11-17 15:01:26] --------------------------------------------
[2025-11-17 15:01:26] Skipping run (already completed)
	completed 234.3 hours ago at 2025-11-08T01:45:47Z UTC
	location: /zata/zippy/kresgeb/nmf_stuff/dlPFC/data/batched_nmf/nmf_k40_seed120301_tol1e-05_L10.1.rds
[2025-11-17 15:01:26] --------------------------------------------
[2025-11-17 15:01:26] Starting run 185 / 750: k=50, seed=120301, tol=1e-05, L1=0.1
[2025-11-17 15:01:26] --------------------------------------------
[2025-11-17 15:01:26] Skipping run (already completed)
	completed 234.1 hours ago at 2025-11-08T01:55:35Z UTC
	location: /zata/zippy/kresgeb/nmf_stuff/dlPFC/data/batched_nmf/nmf_k50_seed120301_tol1e-05_L10.1.rds
[2025-11-17 15:01:26] --------------------------------------------
[2025-11-17 15:01:26] Starting run 186 / 750: k=60, seed=120301, tol=1e-05, L1=0.1
[2025-11-17 15:01:26] --------------------------------------------
[2025-11-17 15:01:26] Skipping run (already completed)
	completed 233.9 hours ago at 2025-11-08T02:05:28Z UTC
	location: /zata/zippy/kresgeb/nmf_stuff/dlPFC/data/batched_nmf/nmf_k60_seed120301_tol1e-05_L10.1.rds
[2025-11-17 15:01:26] --------------------------------------------
[2025-11-17 15:01:26] Starting run 187 / 750: k=70, seed=120301, tol=1e-05, L1=0.1
[2025-11-17 15:01:26] --------------------------------------------
[2025-11-17 15:01:26] Skipping run (already completed)
	completed 233.8 hours ago at 2025-11-08T02:15:30Z UTC
	location: /zata/zippy/kresgeb/nmf_stuff/dlPFC/data/batched_nmf/nmf_k70_seed120301_tol1e-05_L10.1.rds
[2025-11-17 15:01:26] --------------------------------------------
[2025-11-17 15:01:26] Starting run 188 / 750: k=80, seed=120301, tol=1e-05, L1=0.1
[2025-11-17 15:01:26] --------------------------------------------
[2025-11-17 15:01:26] Skipping run (already completed)
	completed 233.6 hours ago at 2025-11-08T02:28:14Z UTC
	location: /zata/zippy/kresgeb/nmf_stuff/dlPFC/data/batched_nmf/nmf_k80_seed120301_tol1e-05_L10.1.rds
[2025-11-17 15:01:26] --------------------------------------------
[2025-11-17 15:01:26] Starting run 189 / 750: k=90, seed=120301, tol=1e-05, L1=0.1
[2025-11-17 15:01:26] --------------------------------------------
[2025-11-17 15:01:26] Skipping run (already completed)
	completed 233.3 hours ago at 2025-11-08T02:46:04Z UTC
	location: /zata/zippy/kresgeb/nmf_stuff/dlPFC/data/batched_nmf/nmf_k90_seed120301_tol1e-05_L10.1.rds
[2025-11-17 15:01:26] --------------------------------------------
[2025-11-17 15:01:26] Starting run 190 / 750: k=100, seed=120301, tol=1e-05, L1=0.1
[2025-11-17 15:01:26] --------------------------------------------
[2025-11-17 15:01:26] Skipping run (already completed)
	completed 232.9 hours ago at 2025-11-08T03:10:22Z UTC
	location: /zata/zippy/kresgeb/nmf_stuff/dlPFC/data/batched_nmf/nmf_k100_seed120301_tol1e-05_L10.1.rds
[2025-11-17 15:01:26] --------------------------------------------
[2025-11-17 15:01:26] Starting run 191 / 750: k=10, seed=2025, tol=1e-05, L1=0.1
[2025-11-17 15:01:26] --------------------------------------------
[2025-11-17 15:01:26] Skipping run (already completed)
	completed 232.8 hours ago at 2025-11-08T03:12:32Z UTC
	location: /zata/zippy/kresgeb/nmf_stuff/dlPFC/data/batched_nmf/nmf_k10_seed2025_tol1e-05_L10.1.rds
[2025-11-17 15:01:26] --------------------------------------------
[2025-11-17 15:01:26] Starting run 192 / 750: k=20, seed=2025, tol=1e-05, L1=0.1
[2025-11-17 15:01:26] --------------------------------------------
[2025-11-17 15:01:26] Skipping run (already completed)
	completed 232.7 hours ago at 2025-11-08T03:16:31Z UTC
	location: /zata/zippy/kresgeb/nmf_stuff/dlPFC/data/batched_nmf/nmf_k20_seed2025_tol1e-05_L10.1.rds
[2025-11-17 15:01:26] --------------------------------------------
[2025-11-17 15:01:26] Starting run 193 / 750: k=30, seed=2025, tol=1e-05, L1=0.1
[2025-11-17 15:01:26] --------------------------------------------
[2025-11-17 15:01:26] Skipping run (already completed)
	completed 232.7 hours ago at 2025-11-08T03:21:23Z UTC
	location: /zata/zippy/kresgeb/nmf_stuff/dlPFC/data/batched_nmf/nmf_k30_seed2025_tol1e-05_L10.1.rds
[2025-11-17 15:01:26] --------------------------------------------
[2025-11-17 15:01:26] Starting run 194 / 750: k=40, seed=2025, tol=1e-05, L1=0.1
[2025-11-17 15:01:26] --------------------------------------------
[2025-11-17 15:01:26] Skipping run (already completed)
	completed 232.6 hours ago at 2025-11-08T03:27:08Z UTC
	location: /zata/zippy/kresgeb/nmf_stuff/dlPFC/data/batched_nmf/nmf_k40_seed2025_tol1e-05_L10.1.rds
[2025-11-17 15:01:26] --------------------------------------------
[2025-11-17 15:01:26] Starting run 195 / 750: k=50, seed=2025, tol=1e-05, L1=0.1
[2025-11-17 15:01:26] --------------------------------------------
[2025-11-17 15:01:27] Skipping run (already completed)
	completed 232.4 hours ago at 2025-11-08T03:35:33Z UTC
	location: /zata/zippy/kresgeb/nmf_stuff/dlPFC/data/batched_nmf/nmf_k50_seed2025_tol1e-05_L10.1.rds
[2025-11-17 15:01:27] --------------------------------------------
[2025-11-17 15:01:27] Starting run 196 / 750: k=60, seed=2025, tol=1e-05, L1=0.1
[2025-11-17 15:01:27] --------------------------------------------
[2025-11-17 15:01:27] Skipping run (already completed)
	completed 232.3 hours ago at 2025-11-08T03:44:45Z UTC
	location: /zata/zippy/kresgeb/nmf_stuff/dlPFC/data/batched_nmf/nmf_k60_seed2025_tol1e-05_L10.1.rds
[2025-11-17 15:01:27] --------------------------------------------
[2025-11-17 15:01:27] Starting run 197 / 750: k=70, seed=2025, tol=1e-05, L1=0.1
[2025-11-17 15:01:27] --------------------------------------------
[2025-11-17 15:01:27] Skipping run (already completed)
	completed 232.1 hours ago at 2025-11-08T03:56:58Z UTC
	location: /zata/zippy/kresgeb/nmf_stuff/dlPFC/data/batched_nmf/nmf_k70_seed2025_tol1e-05_L10.1.rds
[2025-11-17 15:01:27] --------------------------------------------
[2025-11-17 15:01:27] Starting run 198 / 750: k=80, seed=2025, tol=1e-05, L1=0.1
[2025-11-17 15:01:27] --------------------------------------------
[2025-11-17 15:01:27] Skipping run (already completed)
	completed 231.8 hours ago at 2025-11-08T04:13:18Z UTC
	location: /zata/zippy/kresgeb/nmf_stuff/dlPFC/data/batched_nmf/nmf_k80_seed2025_tol1e-05_L10.1.rds
[2025-11-17 15:01:27] --------------------------------------------
[2025-11-17 15:01:27] Starting run 199 / 750: k=90, seed=2025, tol=1e-05, L1=0.1
[2025-11-17 15:01:27] --------------------------------------------
[2025-11-17 15:01:27] Skipping run (already completed)
	completed 231.5 hours ago at 2025-11-08T04:29:37Z UTC
	location: /zata/zippy/kresgeb/nmf_stuff/dlPFC/data/batched_nmf/nmf_k90_seed2025_tol1e-05_L10.1.rds
[2025-11-17 15:01:27] --------------------------------------------
[2025-11-17 15:01:27] Starting run 200 / 750: k=100, seed=2025, tol=1e-05, L1=0.1
[2025-11-17 15:01:27] --------------------------------------------
[2025-11-17 15:01:27] Skipping run (already completed)
	completed 231.0 hours ago at 2025-11-08T04:58:50Z UTC
	location: /zata/zippy/kresgeb/nmf_stuff/dlPFC/data/batched_nmf/nmf_k100_seed2025_tol1e-05_L10.1.rds
[2025-11-17 15:01:27] --------------------------------------------
[2025-11-17 15:01:27] Starting run 201 / 750: k=10, seed=42, tol=1e-06, L1=0.1
[2025-11-17 15:01:27] --------------------------------------------
[2025-11-17 15:01:27] Skipping run (already completed)
	completed 231.0 hours ago at 2025-11-08T05:01:22Z UTC
	location: /zata/zippy/kresgeb/nmf_stuff/dlPFC/data/batched_nmf/nmf_k10_seed42_tol1e-06_L10.1.rds
[2025-11-17 15:01:27] --------------------------------------------
[2025-11-17 15:01:27] Starting run 202 / 750: k=20, seed=42, tol=1e-06, L1=0.1
[2025-11-17 15:01:27] --------------------------------------------
[2025-11-17 15:01:27] Skipping run (already completed)
	completed 230.9 hours ago at 2025-11-08T05:06:02Z UTC
	location: /zata/zippy/kresgeb/nmf_stuff/dlPFC/data/batched_nmf/nmf_k20_seed42_tol1e-06_L10.1.rds
[2025-11-17 15:01:27] --------------------------------------------
[2025-11-17 15:01:27] Starting run 203 / 750: k=30, seed=42, tol=1e-06, L1=0.1
[2025-11-17 15:01:27] --------------------------------------------
[2025-11-17 15:01:27] Skipping run (already completed)
	completed 230.8 hours ago at 2025-11-08T05:13:09Z UTC
	location: /zata/zippy/kresgeb/nmf_stuff/dlPFC/data/batched_nmf/nmf_k30_seed42_tol1e-06_L10.1.rds
[2025-11-17 15:01:27] --------------------------------------------
[2025-11-17 15:01:27] Starting run 204 / 750: k=40, seed=42, tol=1e-06, L1=0.1
[2025-11-17 15:01:27] --------------------------------------------
[2025-11-17 15:01:27] Skipping run (already completed)
	completed 230.6 hours ago at 2025-11-08T05:27:59Z UTC
	location: /zata/zippy/kresgeb/nmf_stuff/dlPFC/data/batched_nmf/nmf_k40_seed42_tol1e-06_L10.1.rds
[2025-11-17 15:01:27] --------------------------------------------
[2025-11-17 15:01:27] Starting run 205 / 750: k=50, seed=42, tol=1e-06, L1=0.1
[2025-11-17 15:01:27] --------------------------------------------
[2025-11-17 15:01:27] Skipping run (already completed)
	completed 230.3 hours ago at 2025-11-08T05:44:37Z UTC
	location: /zata/zippy/kresgeb/nmf_stuff/dlPFC/data/batched_nmf/nmf_k50_seed42_tol1e-06_L10.1.rds
[2025-11-17 15:01:27] --------------------------------------------
[2025-11-17 15:01:27] Starting run 206 / 750: k=60, seed=42, tol=1e-06, L1=0.1
[2025-11-17 15:01:27] --------------------------------------------
[2025-11-17 15:01:27] Skipping run (already completed)
	completed 230.1 hours ago at 2025-11-08T05:56:04Z UTC
	location: /zata/zippy/kresgeb/nmf_stuff/dlPFC/data/batched_nmf/nmf_k60_seed42_tol1e-06_L10.1.rds
[2025-11-17 15:01:27] --------------------------------------------
[2025-11-17 15:01:27] Starting run 207 / 750: k=70, seed=42, tol=1e-06, L1=0.1
[2025-11-17 15:01:27] --------------------------------------------
[2025-11-17 15:01:27] Skipping run (already completed)
	completed 229.7 hours ago at 2025-11-08T06:17:59Z UTC
	location: /zata/zippy/kresgeb/nmf_stuff/dlPFC/data/batched_nmf/nmf_k70_seed42_tol1e-06_L10.1.rds
[2025-11-17 15:01:27] --------------------------------------------
[2025-11-17 15:01:27] Starting run 208 / 750: k=80, seed=42, tol=1e-06, L1=0.1
[2025-11-17 15:01:27] --------------------------------------------
[2025-11-17 15:01:27] Skipping run (already completed)
	completed 229.4 hours ago at 2025-11-08T06:40:26Z UTC
	location: /zata/zippy/kresgeb/nmf_stuff/dlPFC/data/batched_nmf/nmf_k80_seed42_tol1e-06_L10.1.rds
[2025-11-17 15:01:27] --------------------------------------------
[2025-11-17 15:01:27] Starting run 209 / 750: k=90, seed=42, tol=1e-06, L1=0.1
[2025-11-17 15:01:27] --------------------------------------------
[2025-11-17 15:01:27] Skipping run (already completed)
	completed 228.8 hours ago at 2025-11-08T07:12:22Z UTC
	location: /zata/zippy/kresgeb/nmf_stuff/dlPFC/data/batched_nmf/nmf_k90_seed42_tol1e-06_L10.1.rds
[2025-11-17 15:01:27] --------------------------------------------
[2025-11-17 15:01:27] Starting run 210 / 750: k=100, seed=42, tol=1e-06, L1=0.1
[2025-11-17 15:01:27] --------------------------------------------
[2025-11-17 15:01:27] Skipping run (already completed)
	completed 228.1 hours ago at 2025-11-08T07:57:30Z UTC
	location: /zata/zippy/kresgeb/nmf_stuff/dlPFC/data/batched_nmf/nmf_k100_seed42_tol1e-06_L10.1.rds
[2025-11-17 15:01:27] --------------------------------------------
[2025-11-17 15:01:27] Starting run 211 / 750: k=10, seed=1029, tol=1e-06, L1=0.1
[2025-11-17 15:01:27] --------------------------------------------
[2025-11-17 15:01:27] Skipping run (already completed)
	completed 228.0 hours ago at 2025-11-08T07:59:41Z UTC
	location: /zata/zippy/kresgeb/nmf_stuff/dlPFC/data/batched_nmf/nmf_k10_seed1029_tol1e-06_L10.1.rds
[2025-11-17 15:01:27] --------------------------------------------
[2025-11-17 15:01:27] Starting run 212 / 750: k=20, seed=1029, tol=1e-06, L1=0.1
[2025-11-17 15:01:27] --------------------------------------------
[2025-11-17 15:01:27] Skipping run (already completed)
	completed 227.9 hours ago at 2025-11-08T08:04:34Z UTC
	location: /zata/zippy/kresgeb/nmf_stuff/dlPFC/data/batched_nmf/nmf_k20_seed1029_tol1e-06_L10.1.rds
[2025-11-17 15:01:27] --------------------------------------------
[2025-11-17 15:01:27] Starting run 213 / 750: k=30, seed=1029, tol=1e-06, L1=0.1
[2025-11-17 15:01:27] --------------------------------------------
[2025-11-17 15:01:27] Skipping run (already completed)
	completed 227.8 hours ago at 2025-11-08T08:11:58Z UTC
	location: /zata/zippy/kresgeb/nmf_stuff/dlPFC/data/batched_nmf/nmf_k30_seed1029_tol1e-06_L10.1.rds
[2025-11-17 15:01:27] --------------------------------------------
[2025-11-17 15:01:27] Starting run 214 / 750: k=40, seed=1029, tol=1e-06, L1=0.1
[2025-11-17 15:01:27] --------------------------------------------
[2025-11-17 15:01:27] Skipping run (already completed)
	completed 227.7 hours ago at 2025-11-08T08:20:54Z UTC
	location: /zata/zippy/kresgeb/nmf_stuff/dlPFC/data/batched_nmf/nmf_k40_seed1029_tol1e-06_L10.1.rds
[2025-11-17 15:01:27] --------------------------------------------
[2025-11-17 15:01:27] Starting run 215 / 750: k=50, seed=1029, tol=1e-06, L1=0.1
[2025-11-17 15:01:27] --------------------------------------------
[2025-11-17 15:01:27] Skipping run (already completed)
	completed 227.4 hours ago at 2025-11-08T08:39:01Z UTC
	location: /zata/zippy/kresgeb/nmf_stuff/dlPFC/data/batched_nmf/nmf_k50_seed1029_tol1e-06_L10.1.rds
[2025-11-17 15:01:27] --------------------------------------------
[2025-11-17 15:01:27] Starting run 216 / 750: k=60, seed=1029, tol=1e-06, L1=0.1
[2025-11-17 15:01:27] --------------------------------------------
[2025-11-17 15:01:27] Skipping run (already completed)
	completed 226.9 hours ago at 2025-11-08T09:05:47Z UTC
	location: /zata/zippy/kresgeb/nmf_stuff/dlPFC/data/batched_nmf/nmf_k60_seed1029_tol1e-06_L10.1.rds
[2025-11-17 15:01:27] --------------------------------------------
[2025-11-17 15:01:27] Starting run 217 / 750: k=70, seed=1029, tol=1e-06, L1=0.1
[2025-11-17 15:01:27] --------------------------------------------
[2025-11-17 15:01:27] Skipping run (already completed)
	completed 226.4 hours ago at 2025-11-08T09:40:05Z UTC
	location: /zata/zippy/kresgeb/nmf_stuff/dlPFC/data/batched_nmf/nmf_k70_seed1029_tol1e-06_L10.1.rds
[2025-11-17 15:01:27] --------------------------------------------
[2025-11-17 15:01:27] Starting run 218 / 750: k=80, seed=1029, tol=1e-06, L1=0.1
[2025-11-17 15:01:27] --------------------------------------------
[2025-11-17 15:01:27] Skipping run (already completed)
	completed 225.9 hours ago at 2025-11-08T10:08:11Z UTC
	location: /zata/zippy/kresgeb/nmf_stuff/dlPFC/data/batched_nmf/nmf_k80_seed1029_tol1e-06_L10.1.rds
[2025-11-17 15:01:27] --------------------------------------------
[2025-11-17 15:01:27] Starting run 219 / 750: k=90, seed=1029, tol=1e-06, L1=0.1
[2025-11-17 15:01:27] --------------------------------------------
[2025-11-17 15:01:28] Skipping run (already completed)
	completed 225.1 hours ago at 2025-11-08T10:56:29Z UTC
	location: /zata/zippy/kresgeb/nmf_stuff/dlPFC/data/batched_nmf/nmf_k90_seed1029_tol1e-06_L10.1.rds
[2025-11-17 15:01:28] --------------------------------------------
[2025-11-17 15:01:28] Starting run 220 / 750: k=100, seed=1029, tol=1e-06, L1=0.1
[2025-11-17 15:01:28] --------------------------------------------
[2025-11-17 15:01:28] Skipping run (already completed)
	completed 223.9 hours ago at 2025-11-08T12:07:28Z UTC
	location: /zata/zippy/kresgeb/nmf_stuff/dlPFC/data/batched_nmf/nmf_k100_seed1029_tol1e-06_L10.1.rds
[2025-11-17 15:01:28] --------------------------------------------
[2025-11-17 15:01:28] Starting run 221 / 750: k=10, seed=31415, tol=1e-06, L1=0.1
[2025-11-17 15:01:28] --------------------------------------------
[2025-11-17 15:01:28] Skipping run (already completed)
	completed 223.9 hours ago at 2025-11-08T12:10:08Z UTC
	location: /zata/zippy/kresgeb/nmf_stuff/dlPFC/data/batched_nmf/nmf_k10_seed31415_tol1e-06_L10.1.rds
[2025-11-17 15:01:28] --------------------------------------------
[2025-11-17 15:01:28] Starting run 222 / 750: k=20, seed=31415, tol=1e-06, L1=0.1
[2025-11-17 15:01:28] --------------------------------------------
[2025-11-17 15:01:28] Skipping run (already completed)
	completed 223.8 hours ago at 2025-11-08T12:14:36Z UTC
	location: /zata/zippy/kresgeb/nmf_stuff/dlPFC/data/batched_nmf/nmf_k20_seed31415_tol1e-06_L10.1.rds
[2025-11-17 15:01:28] --------------------------------------------
[2025-11-17 15:01:28] Starting run 223 / 750: k=30, seed=31415, tol=1e-06, L1=0.1
[2025-11-17 15:01:28] --------------------------------------------
[2025-11-17 15:01:28] Skipping run (already completed)
	completed 223.7 hours ago at 2025-11-08T12:19:56Z UTC
	location: /zata/zippy/kresgeb/nmf_stuff/dlPFC/data/batched_nmf/nmf_k30_seed31415_tol1e-06_L10.1.rds
[2025-11-17 15:01:28] --------------------------------------------
[2025-11-17 15:01:28] Starting run 224 / 750: k=40, seed=31415, tol=1e-06, L1=0.1
[2025-11-17 15:01:28] --------------------------------------------
[2025-11-17 15:01:28] Skipping run (already completed)
	completed 223.5 hours ago at 2025-11-08T12:29:24Z UTC
	location: /zata/zippy/kresgeb/nmf_stuff/dlPFC/data/batched_nmf/nmf_k40_seed31415_tol1e-06_L10.1.rds
[2025-11-17 15:01:28] --------------------------------------------
[2025-11-17 15:01:28] Starting run 225 / 750: k=50, seed=31415, tol=1e-06, L1=0.1
[2025-11-17 15:01:28] --------------------------------------------
[2025-11-17 15:01:28] Skipping run (already completed)
	completed 223.3 hours ago at 2025-11-08T12:42:05Z UTC
	location: /zata/zippy/kresgeb/nmf_stuff/dlPFC/data/batched_nmf/nmf_k50_seed31415_tol1e-06_L10.1.rds
[2025-11-17 15:01:28] --------------------------------------------
[2025-11-17 15:01:28] Starting run 226 / 750: k=60, seed=31415, tol=1e-06, L1=0.1
[2025-11-17 15:01:28] --------------------------------------------
[2025-11-17 15:01:28] Skipping run (already completed)
	completed 223.1 hours ago at 2025-11-08T12:54:59Z UTC
	location: /zata/zippy/kresgeb/nmf_stuff/dlPFC/data/batched_nmf/nmf_k60_seed31415_tol1e-06_L10.1.rds
[2025-11-17 15:01:28] --------------------------------------------
[2025-11-17 15:01:28] Starting run 227 / 750: k=70, seed=31415, tol=1e-06, L1=0.1
[2025-11-17 15:01:28] --------------------------------------------
[2025-11-17 15:01:28] Skipping run (already completed)
	completed 222.7 hours ago at 2025-11-08T13:19:55Z UTC
	location: /zata/zippy/kresgeb/nmf_stuff/dlPFC/data/batched_nmf/nmf_k70_seed31415_tol1e-06_L10.1.rds
[2025-11-17 15:01:28] --------------------------------------------
[2025-11-17 15:01:28] Starting run 228 / 750: k=80, seed=31415, tol=1e-06, L1=0.1
[2025-11-17 15:01:28] --------------------------------------------
[2025-11-17 15:01:28] Skipping run (already completed)
	completed 222.3 hours ago at 2025-11-08T13:44:26Z UTC
	location: /zata/zippy/kresgeb/nmf_stuff/dlPFC/data/batched_nmf/nmf_k80_seed31415_tol1e-06_L10.1.rds
[2025-11-17 15:01:28] --------------------------------------------
[2025-11-17 15:01:28] Starting run 229 / 750: k=90, seed=31415, tol=1e-06, L1=0.1
[2025-11-17 15:01:28] --------------------------------------------
[2025-11-17 15:01:28] Skipping run (already completed)
	completed 221.9 hours ago at 2025-11-08T14:10:25Z UTC
	location: /zata/zippy/kresgeb/nmf_stuff/dlPFC/data/batched_nmf/nmf_k90_seed31415_tol1e-06_L10.1.rds
[2025-11-17 15:01:28] --------------------------------------------
[2025-11-17 15:01:28] Starting run 230 / 750: k=100, seed=31415, tol=1e-06, L1=0.1
[2025-11-17 15:01:28] --------------------------------------------
[2025-11-17 15:01:28] Skipping run (already completed)
	completed 220.7 hours ago at 2025-11-08T15:21:38Z UTC
	location: /zata/zippy/kresgeb/nmf_stuff/dlPFC/data/batched_nmf/nmf_k100_seed31415_tol1e-06_L10.1.rds
[2025-11-17 15:01:28] --------------------------------------------
[2025-11-17 15:01:28] Starting run 231 / 750: k=10, seed=120301, tol=1e-06, L1=0.1
[2025-11-17 15:01:28] --------------------------------------------
[2025-11-17 15:01:28] Skipping run (already completed)
	completed 220.6 hours ago at 2025-11-08T15:24:13Z UTC
	location: /zata/zippy/kresgeb/nmf_stuff/dlPFC/data/batched_nmf/nmf_k10_seed120301_tol1e-06_L10.1.rds
[2025-11-17 15:01:28] --------------------------------------------
[2025-11-17 15:01:28] Starting run 232 / 750: k=20, seed=120301, tol=1e-06, L1=0.1
[2025-11-17 15:01:28] --------------------------------------------
[2025-11-17 15:01:28] Skipping run (already completed)
	completed 220.6 hours ago at 2025-11-08T15:27:51Z UTC
	location: /zata/zippy/kresgeb/nmf_stuff/dlPFC/data/batched_nmf/nmf_k20_seed120301_tol1e-06_L10.1.rds
[2025-11-17 15:01:28] --------------------------------------------
[2025-11-17 15:01:28] Starting run 233 / 750: k=30, seed=120301, tol=1e-06, L1=0.1
[2025-11-17 15:01:28] --------------------------------------------
[2025-11-17 15:01:28] Skipping run (already completed)
	completed 220.4 hours ago at 2025-11-08T15:34:29Z UTC
	location: /zata/zippy/kresgeb/nmf_stuff/dlPFC/data/batched_nmf/nmf_k30_seed120301_tol1e-06_L10.1.rds
[2025-11-17 15:01:28] --------------------------------------------
[2025-11-17 15:01:28] Starting run 234 / 750: k=40, seed=120301, tol=1e-06, L1=0.1
[2025-11-17 15:01:28] --------------------------------------------
[2025-11-17 15:01:28] Skipping run (already completed)
	completed 220.1 hours ago at 2025-11-08T15:53:58Z UTC
	location: /zata/zippy/kresgeb/nmf_stuff/dlPFC/data/batched_nmf/nmf_k40_seed120301_tol1e-06_L10.1.rds
[2025-11-17 15:01:28] --------------------------------------------
[2025-11-17 15:01:28] Starting run 235 / 750: k=50, seed=120301, tol=1e-06, L1=0.1
[2025-11-17 15:01:28] --------------------------------------------
[2025-11-17 15:01:28] Skipping run (already completed)
	completed 219.9 hours ago at 2025-11-08T16:05:25Z UTC
	location: /zata/zippy/kresgeb/nmf_stuff/dlPFC/data/batched_nmf/nmf_k50_seed120301_tol1e-06_L10.1.rds
[2025-11-17 15:01:28] --------------------------------------------
[2025-11-17 15:01:28] Starting run 236 / 750: k=60, seed=120301, tol=1e-06, L1=0.1
[2025-11-17 15:01:28] --------------------------------------------
[2025-11-17 15:01:28] Skipping run (already completed)
	completed 219.7 hours ago at 2025-11-08T16:21:23Z UTC
	location: /zata/zippy/kresgeb/nmf_stuff/dlPFC/data/batched_nmf/nmf_k60_seed120301_tol1e-06_L10.1.rds
[2025-11-17 15:01:28] --------------------------------------------
[2025-11-17 15:01:28] Starting run 237 / 750: k=70, seed=120301, tol=1e-06, L1=0.1
[2025-11-17 15:01:28] --------------------------------------------
[2025-11-17 15:01:28] Skipping run (already completed)
	completed 219.1 hours ago at 2025-11-08T16:54:03Z UTC
	location: /zata/zippy/kresgeb/nmf_stuff/dlPFC/data/batched_nmf/nmf_k70_seed120301_tol1e-06_L10.1.rds
[2025-11-17 15:01:28] --------------------------------------------
[2025-11-17 15:01:28] Starting run 238 / 750: k=80, seed=120301, tol=1e-06, L1=0.1
[2025-11-17 15:01:28] --------------------------------------------
[2025-11-17 15:01:28] Skipping run (already completed)
	completed 218.8 hours ago at 2025-11-08T17:11:55Z UTC
	location: /zata/zippy/kresgeb/nmf_stuff/dlPFC/data/batched_nmf/nmf_k80_seed120301_tol1e-06_L10.1.rds
[2025-11-17 15:01:28] --------------------------------------------
[2025-11-17 15:01:28] Starting run 239 / 750: k=90, seed=120301, tol=1e-06, L1=0.1
[2025-11-17 15:01:28] --------------------------------------------
[2025-11-17 15:01:28] Skipping run (already completed)
	completed 218.3 hours ago at 2025-11-08T17:44:45Z UTC
	location: /zata/zippy/kresgeb/nmf_stuff/dlPFC/data/batched_nmf/nmf_k90_seed120301_tol1e-06_L10.1.rds
[2025-11-17 15:01:28] --------------------------------------------
[2025-11-17 15:01:28] Starting run 240 / 750: k=100, seed=120301, tol=1e-06, L1=0.1
[2025-11-17 15:01:28] --------------------------------------------
[2025-11-17 15:01:28] Skipping run (already completed)
	completed 217.5 hours ago at 2025-11-08T18:33:45Z UTC
	location: /zata/zippy/kresgeb/nmf_stuff/dlPFC/data/batched_nmf/nmf_k100_seed120301_tol1e-06_L10.1.rds
[2025-11-17 15:01:28] --------------------------------------------
[2025-11-17 15:01:28] Starting run 241 / 750: k=10, seed=2025, tol=1e-06, L1=0.1
[2025-11-17 15:01:28] --------------------------------------------
[2025-11-17 15:01:28] Skipping run (already completed)
	completed 217.4 hours ago at 2025-11-08T18:35:57Z UTC
	location: /zata/zippy/kresgeb/nmf_stuff/dlPFC/data/batched_nmf/nmf_k10_seed2025_tol1e-06_L10.1.rds
[2025-11-17 15:01:28] --------------------------------------------
[2025-11-17 15:01:28] Starting run 242 / 750: k=20, seed=2025, tol=1e-06, L1=0.1
[2025-11-17 15:01:28] --------------------------------------------
[2025-11-17 15:01:28] Skipping run (already completed)
	completed 217.3 hours ago at 2025-11-08T18:42:13Z UTC
	location: /zata/zippy/kresgeb/nmf_stuff/dlPFC/data/batched_nmf/nmf_k20_seed2025_tol1e-06_L10.1.rds
[2025-11-17 15:01:28] --------------------------------------------
[2025-11-17 15:01:28] Starting run 243 / 750: k=30, seed=2025, tol=1e-06, L1=0.1
[2025-11-17 15:01:28] --------------------------------------------
[2025-11-17 15:01:28] Skipping run (already completed)
	completed 217.2 hours ago at 2025-11-08T18:48:26Z UTC
	location: /zata/zippy/kresgeb/nmf_stuff/dlPFC/data/batched_nmf/nmf_k30_seed2025_tol1e-06_L10.1.rds
[2025-11-17 15:01:28] --------------------------------------------
[2025-11-17 15:01:28] Starting run 244 / 750: k=40, seed=2025, tol=1e-06, L1=0.1
[2025-11-17 15:01:28] --------------------------------------------
[2025-11-17 15:01:29] Skipping run (already completed)
	completed 216.9 hours ago at 2025-11-08T19:04:38Z UTC
	location: /zata/zippy/kresgeb/nmf_stuff/dlPFC/data/batched_nmf/nmf_k40_seed2025_tol1e-06_L10.1.rds
[2025-11-17 15:01:29] --------------------------------------------
[2025-11-17 15:01:29] Starting run 245 / 750: k=50, seed=2025, tol=1e-06, L1=0.1
[2025-11-17 15:01:29] --------------------------------------------
[2025-11-17 15:01:29] Skipping run (already completed)
	completed 216.8 hours ago at 2025-11-08T19:15:39Z UTC
	location: /zata/zippy/kresgeb/nmf_stuff/dlPFC/data/batched_nmf/nmf_k50_seed2025_tol1e-06_L10.1.rds
[2025-11-17 15:01:29] --------------------------------------------
[2025-11-17 15:01:29] Starting run 246 / 750: k=60, seed=2025, tol=1e-06, L1=0.1
[2025-11-17 15:01:29] --------------------------------------------
[2025-11-17 15:01:29] Skipping run (already completed)
	completed 216.4 hours ago at 2025-11-08T19:35:07Z UTC
	location: /zata/zippy/kresgeb/nmf_stuff/dlPFC/data/batched_nmf/nmf_k60_seed2025_tol1e-06_L10.1.rds
[2025-11-17 15:01:29] --------------------------------------------
[2025-11-17 15:01:29] Starting run 247 / 750: k=70, seed=2025, tol=1e-06, L1=0.1
[2025-11-17 15:01:29] --------------------------------------------
[2025-11-17 15:01:29] Skipping run (already completed)
	completed 216.0 hours ago at 2025-11-08T20:01:04Z UTC
	location: /zata/zippy/kresgeb/nmf_stuff/dlPFC/data/batched_nmf/nmf_k70_seed2025_tol1e-06_L10.1.rds
[2025-11-17 15:01:29] --------------------------------------------
[2025-11-17 15:01:29] Starting run 248 / 750: k=80, seed=2025, tol=1e-06, L1=0.1
[2025-11-17 15:01:29] --------------------------------------------
[2025-11-17 15:01:29] Skipping run (already completed)
	completed 215.5 hours ago at 2025-11-08T20:34:07Z UTC
	location: /zata/zippy/kresgeb/nmf_stuff/dlPFC/data/batched_nmf/nmf_k80_seed2025_tol1e-06_L10.1.rds
[2025-11-17 15:01:29] --------------------------------------------
[2025-11-17 15:01:29] Starting run 249 / 750: k=90, seed=2025, tol=1e-06, L1=0.1
[2025-11-17 15:01:29] --------------------------------------------
[2025-11-17 15:01:29] Skipping run (already completed)
	completed 214.7 hours ago at 2025-11-08T21:20:01Z UTC
	location: /zata/zippy/kresgeb/nmf_stuff/dlPFC/data/batched_nmf/nmf_k90_seed2025_tol1e-06_L10.1.rds
[2025-11-17 15:01:29] --------------------------------------------
[2025-11-17 15:01:29] Starting run 250 / 750: k=100, seed=2025, tol=1e-06, L1=0.1
[2025-11-17 15:01:29] --------------------------------------------
[2025-11-17 15:01:29] Skipping run (already completed)
	completed 214.0 hours ago at 2025-11-08T22:01:34Z UTC
	location: /zata/zippy/kresgeb/nmf_stuff/dlPFC/data/batched_nmf/nmf_k100_seed2025_tol1e-06_L10.1.rds
[2025-11-17 15:01:29] --------------------------------------------
[2025-11-17 15:01:29] Starting run 251 / 750: k=10, seed=42, tol=1e-07, L1=0.1
[2025-11-17 15:01:29] --------------------------------------------
[2025-11-17 15:01:29] Skipping run (already completed)
	completed 214.0 hours ago at 2025-11-08T22:03:49Z UTC
	location: /zata/zippy/kresgeb/nmf_stuff/dlPFC/data/batched_nmf/nmf_k10_seed42_tol1e-07_L10.1.rds
[2025-11-17 15:01:29] --------------------------------------------
[2025-11-17 15:01:29] Starting run 252 / 750: k=20, seed=42, tol=1e-07, L1=0.1
[2025-11-17 15:01:29] --------------------------------------------
[2025-11-17 15:01:29] Skipping run (already completed)
	completed 213.8 hours ago at 2025-11-08T22:15:08Z UTC
	location: /zata/zippy/kresgeb/nmf_stuff/dlPFC/data/batched_nmf/nmf_k20_seed42_tol1e-07_L10.1.rds
[2025-11-17 15:01:29] --------------------------------------------
[2025-11-17 15:01:29] Starting run 253 / 750: k=30, seed=42, tol=1e-07, L1=0.1
[2025-11-17 15:01:29] --------------------------------------------
[2025-11-17 15:01:29] Skipping run (already completed)
	completed 213.6 hours ago at 2025-11-08T22:24:48Z UTC
	location: /zata/zippy/kresgeb/nmf_stuff/dlPFC/data/batched_nmf/nmf_k30_seed42_tol1e-07_L10.1.rds
[2025-11-17 15:01:29] --------------------------------------------
[2025-11-17 15:01:29] Starting run 254 / 750: k=40, seed=42, tol=1e-07, L1=0.1
[2025-11-17 15:01:29] --------------------------------------------
[2025-11-17 15:01:29] Skipping run (already completed)
	completed 213.3 hours ago at 2025-11-08T22:45:57Z UTC
	location: /zata/zippy/kresgeb/nmf_stuff/dlPFC/data/batched_nmf/nmf_k40_seed42_tol1e-07_L10.1.rds
[2025-11-17 15:01:29] --------------------------------------------
[2025-11-17 15:01:29] Starting run 255 / 750: k=50, seed=42, tol=1e-07, L1=0.1
[2025-11-17 15:01:29] --------------------------------------------
[2025-11-17 15:01:29] Skipping run (already completed)
	completed 212.9 hours ago at 2025-11-08T23:09:49Z UTC
	location: /zata/zippy/kresgeb/nmf_stuff/dlPFC/data/batched_nmf/nmf_k50_seed42_tol1e-07_L10.1.rds
[2025-11-17 15:01:29] --------------------------------------------
[2025-11-17 15:01:29] Starting run 256 / 750: k=60, seed=42, tol=1e-07, L1=0.1
[2025-11-17 15:01:29] --------------------------------------------
[2025-11-17 15:01:29] Skipping run (already completed)
	completed 212.5 hours ago at 2025-11-08T23:33:13Z UTC
	location: /zata/zippy/kresgeb/nmf_stuff/dlPFC/data/batched_nmf/nmf_k60_seed42_tol1e-07_L10.1.rds
[2025-11-17 15:01:29] --------------------------------------------
[2025-11-17 15:01:29] Starting run 257 / 750: k=70, seed=42, tol=1e-07, L1=0.1
[2025-11-17 15:01:29] --------------------------------------------
[2025-11-17 15:01:29] Skipping run (already completed)
	completed 212.1 hours ago at 2025-11-08T23:58:06Z UTC
	location: /zata/zippy/kresgeb/nmf_stuff/dlPFC/data/batched_nmf/nmf_k70_seed42_tol1e-07_L10.1.rds
[2025-11-17 15:01:29] --------------------------------------------
[2025-11-17 15:01:29] Starting run 258 / 750: k=80, seed=42, tol=1e-07, L1=0.1
[2025-11-17 15:01:29] --------------------------------------------
[2025-11-17 15:01:29] Skipping run (already completed)
	completed 211.1 hours ago at 2025-11-09T00:57:54Z UTC
	location: /zata/zippy/kresgeb/nmf_stuff/dlPFC/data/batched_nmf/nmf_k80_seed42_tol1e-07_L10.1.rds
[2025-11-17 15:01:29] --------------------------------------------
[2025-11-17 15:01:29] Starting run 259 / 750: k=90, seed=42, tol=1e-07, L1=0.1
[2025-11-17 15:01:29] --------------------------------------------
[2025-11-17 15:01:29] Skipping run (already completed)
	completed 209.9 hours ago at 2025-11-09T02:06:05Z UTC
	location: /zata/zippy/kresgeb/nmf_stuff/dlPFC/data/batched_nmf/nmf_k90_seed42_tol1e-07_L10.1.rds
[2025-11-17 15:01:29] --------------------------------------------
[2025-11-17 15:01:29] Starting run 260 / 750: k=100, seed=42, tol=1e-07, L1=0.1
[2025-11-17 15:01:29] --------------------------------------------
[2025-11-17 15:01:29] Skipping run (already completed)
	completed 208.6 hours ago at 2025-11-09T03:25:22Z UTC
	location: /zata/zippy/kresgeb/nmf_stuff/dlPFC/data/batched_nmf/nmf_k100_seed42_tol1e-07_L10.1.rds
[2025-11-17 15:01:29] --------------------------------------------
[2025-11-17 15:01:29] Starting run 261 / 750: k=10, seed=1029, tol=1e-07, L1=0.1
[2025-11-17 15:01:29] --------------------------------------------
[2025-11-17 15:01:29] Skipping run (already completed)
	completed 208.6 hours ago at 2025-11-09T03:27:45Z UTC
	location: /zata/zippy/kresgeb/nmf_stuff/dlPFC/data/batched_nmf/nmf_k10_seed1029_tol1e-07_L10.1.rds
[2025-11-17 15:01:29] --------------------------------------------
[2025-11-17 15:01:29] Starting run 262 / 750: k=20, seed=1029, tol=1e-07, L1=0.1
[2025-11-17 15:01:29] --------------------------------------------
[2025-11-17 15:01:29] Skipping run (already completed)
	completed 208.3 hours ago at 2025-11-09T03:45:37Z UTC
	location: /zata/zippy/kresgeb/nmf_stuff/dlPFC/data/batched_nmf/nmf_k20_seed1029_tol1e-07_L10.1.rds
[2025-11-17 15:01:29] --------------------------------------------
[2025-11-17 15:01:29] Starting run 263 / 750: k=30, seed=1029, tol=1e-07, L1=0.1
[2025-11-17 15:01:29] --------------------------------------------
[2025-11-17 15:01:29] Skipping run (already completed)
	completed 207.9 hours ago at 2025-11-09T04:09:50Z UTC
	location: /zata/zippy/kresgeb/nmf_stuff/dlPFC/data/batched_nmf/nmf_k30_seed1029_tol1e-07_L10.1.rds
[2025-11-17 15:01:29] --------------------------------------------
[2025-11-17 15:01:29] Starting run 264 / 750: k=40, seed=1029, tol=1e-07, L1=0.1
[2025-11-17 15:01:29] --------------------------------------------
[2025-11-17 15:01:29] Skipping run (already completed)
	completed 207.7 hours ago at 2025-11-09T04:20:40Z UTC
	location: /zata/zippy/kresgeb/nmf_stuff/dlPFC/data/batched_nmf/nmf_k40_seed1029_tol1e-07_L10.1.rds
[2025-11-17 15:01:29] --------------------------------------------
[2025-11-17 15:01:29] Starting run 265 / 750: k=50, seed=1029, tol=1e-07, L1=0.1
[2025-11-17 15:01:29] --------------------------------------------
[2025-11-17 15:01:29] Skipping run (already completed)
	completed 207.3 hours ago at 2025-11-09T04:45:36Z UTC
	location: /zata/zippy/kresgeb/nmf_stuff/dlPFC/data/batched_nmf/nmf_k50_seed1029_tol1e-07_L10.1.rds
[2025-11-17 15:01:29] --------------------------------------------
[2025-11-17 15:01:29] Starting run 266 / 750: k=60, seed=1029, tol=1e-07, L1=0.1
[2025-11-17 15:01:29] --------------------------------------------
[2025-11-17 15:01:29] Skipping run (already completed)
	completed 206.8 hours ago at 2025-11-09T05:13:33Z UTC
	location: /zata/zippy/kresgeb/nmf_stuff/dlPFC/data/batched_nmf/nmf_k60_seed1029_tol1e-07_L10.1.rds
[2025-11-17 15:01:29] --------------------------------------------
[2025-11-17 15:01:29] Starting run 267 / 750: k=70, seed=1029, tol=1e-07, L1=0.1
[2025-11-17 15:01:29] --------------------------------------------
[2025-11-17 15:01:29] Skipping run (already completed)
	completed 206.0 hours ago at 2025-11-09T06:03:08Z UTC
	location: /zata/zippy/kresgeb/nmf_stuff/dlPFC/data/batched_nmf/nmf_k70_seed1029_tol1e-07_L10.1.rds
[2025-11-17 15:01:29] --------------------------------------------
[2025-11-17 15:01:29] Starting run 268 / 750: k=80, seed=1029, tol=1e-07, L1=0.1
[2025-11-17 15:01:29] --------------------------------------------
[2025-11-17 15:01:29] Skipping run (already completed)
	completed 204.8 hours ago at 2025-11-09T07:13:09Z UTC
	location: /zata/zippy/kresgeb/nmf_stuff/dlPFC/data/batched_nmf/nmf_k80_seed1029_tol1e-07_L10.1.rds
[2025-11-17 15:01:29] --------------------------------------------
[2025-11-17 15:01:29] Starting run 269 / 750: k=90, seed=1029, tol=1e-07, L1=0.1
[2025-11-17 15:01:29] --------------------------------------------
[2025-11-17 15:01:30] Skipping run (already completed)
	completed 203.7 hours ago at 2025-11-09T08:21:04Z UTC
	location: /zata/zippy/kresgeb/nmf_stuff/dlPFC/data/batched_nmf/nmf_k90_seed1029_tol1e-07_L10.1.rds
[2025-11-17 15:01:30] --------------------------------------------
[2025-11-17 15:01:30] Starting run 270 / 750: k=100, seed=1029, tol=1e-07, L1=0.1
[2025-11-17 15:01:30] --------------------------------------------
[2025-11-17 15:01:30] Skipping run (already completed)
	completed 200.9 hours ago at 2025-11-09T11:06:09Z UTC
	location: /zata/zippy/kresgeb/nmf_stuff/dlPFC/data/batched_nmf/nmf_k100_seed1029_tol1e-07_L10.1.rds
[2025-11-17 15:01:30] --------------------------------------------
[2025-11-17 15:01:30] Starting run 271 / 750: k=10, seed=31415, tol=1e-07, L1=0.1
[2025-11-17 15:01:30] --------------------------------------------
[2025-11-17 15:01:30] Skipping run (already completed)
	completed 200.9 hours ago at 2025-11-09T11:08:38Z UTC
	location: /zata/zippy/kresgeb/nmf_stuff/dlPFC/data/batched_nmf/nmf_k10_seed31415_tol1e-07_L10.1.rds
[2025-11-17 15:01:30] --------------------------------------------
[2025-11-17 15:01:30] Starting run 272 / 750: k=20, seed=31415, tol=1e-07, L1=0.1
[2025-11-17 15:01:30] --------------------------------------------
[2025-11-17 15:01:30] Skipping run (already completed)
	completed 200.8 hours ago at 2025-11-09T11:15:48Z UTC
	location: /zata/zippy/kresgeb/nmf_stuff/dlPFC/data/batched_nmf/nmf_k20_seed31415_tol1e-07_L10.1.rds
[2025-11-17 15:01:30] --------------------------------------------
[2025-11-17 15:01:30] Starting run 273 / 750: k=30, seed=31415, tol=1e-07, L1=0.1
[2025-11-17 15:01:30] --------------------------------------------
[2025-11-17 15:01:30] Skipping run (already completed)
	completed 200.6 hours ago at 2025-11-09T11:26:05Z UTC
	location: /zata/zippy/kresgeb/nmf_stuff/dlPFC/data/batched_nmf/nmf_k30_seed31415_tol1e-07_L10.1.rds
[2025-11-17 15:01:30] --------------------------------------------
[2025-11-17 15:01:30] Starting run 274 / 750: k=40, seed=31415, tol=1e-07, L1=0.1
[2025-11-17 15:01:30] --------------------------------------------
[2025-11-17 15:01:30] Skipping run (already completed)
	completed 200.4 hours ago at 2025-11-09T11:37:33Z UTC
	location: /zata/zippy/kresgeb/nmf_stuff/dlPFC/data/batched_nmf/nmf_k40_seed31415_tol1e-07_L10.1.rds
[2025-11-17 15:01:30] --------------------------------------------
[2025-11-17 15:01:30] Starting run 275 / 750: k=50, seed=31415, tol=1e-07, L1=0.1
[2025-11-17 15:01:30] --------------------------------------------
[2025-11-17 15:01:30] Skipping run (already completed)
	completed 200.2 hours ago at 2025-11-09T11:52:10Z UTC
	location: /zata/zippy/kresgeb/nmf_stuff/dlPFC/data/batched_nmf/nmf_k50_seed31415_tol1e-07_L10.1.rds
[2025-11-17 15:01:30] --------------------------------------------
[2025-11-17 15:01:30] Starting run 276 / 750: k=60, seed=31415, tol=1e-07, L1=0.1
[2025-11-17 15:01:30] --------------------------------------------
[2025-11-17 15:01:30] Skipping run (already completed)
	completed 199.7 hours ago at 2025-11-09T12:22:07Z UTC
	location: /zata/zippy/kresgeb/nmf_stuff/dlPFC/data/batched_nmf/nmf_k60_seed31415_tol1e-07_L10.1.rds
[2025-11-17 15:01:30] --------------------------------------------
[2025-11-17 15:01:30] Starting run 277 / 750: k=70, seed=31415, tol=1e-07, L1=0.1
[2025-11-17 15:01:30] --------------------------------------------
[2025-11-17 15:01:30] Skipping run (already completed)
	completed 199.2 hours ago at 2025-11-09T12:49:10Z UTC
	location: /zata/zippy/kresgeb/nmf_stuff/dlPFC/data/batched_nmf/nmf_k70_seed31415_tol1e-07_L10.1.rds
[2025-11-17 15:01:30] --------------------------------------------
[2025-11-17 15:01:30] Starting run 278 / 750: k=80, seed=31415, tol=1e-07, L1=0.1
[2025-11-17 15:01:30] --------------------------------------------
[2025-11-17 15:01:30] Skipping run (already completed)
	completed 198.5 hours ago at 2025-11-09T13:30:59Z UTC
	location: /zata/zippy/kresgeb/nmf_stuff/dlPFC/data/batched_nmf/nmf_k80_seed31415_tol1e-07_L10.1.rds
[2025-11-17 15:01:30] --------------------------------------------
[2025-11-17 15:01:30] Starting run 279 / 750: k=90, seed=31415, tol=1e-07, L1=0.1
[2025-11-17 15:01:30] --------------------------------------------
[2025-11-17 15:01:30] Skipping run (already completed)
	completed 197.0 hours ago at 2025-11-09T14:59:17Z UTC
	location: /zata/zippy/kresgeb/nmf_stuff/dlPFC/data/batched_nmf/nmf_k90_seed31415_tol1e-07_L10.1.rds
[2025-11-17 15:01:30] --------------------------------------------
[2025-11-17 15:01:30] Starting run 280 / 750: k=100, seed=31415, tol=1e-07, L1=0.1
[2025-11-17 15:01:30] --------------------------------------------
[2025-11-17 15:01:30] Skipping run (already completed)
	completed 195.2 hours ago at 2025-11-09T16:52:11Z UTC
	location: /zata/zippy/kresgeb/nmf_stuff/dlPFC/data/batched_nmf/nmf_k100_seed31415_tol1e-07_L10.1.rds
[2025-11-17 15:01:30] --------------------------------------------
[2025-11-17 15:01:30] Starting run 281 / 750: k=10, seed=120301, tol=1e-07, L1=0.1
[2025-11-17 15:01:30] --------------------------------------------
[2025-11-17 15:01:30] Skipping run (already completed)
	completed 195.1 hours ago at 2025-11-09T16:54:35Z UTC
	location: /zata/zippy/kresgeb/nmf_stuff/dlPFC/data/batched_nmf/nmf_k10_seed120301_tol1e-07_L10.1.rds
[2025-11-17 15:01:30] --------------------------------------------
[2025-11-17 15:01:30] Starting run 282 / 750: k=20, seed=120301, tol=1e-07, L1=0.1
[2025-11-17 15:01:30] --------------------------------------------
[2025-11-17 15:01:30] Skipping run (already completed)
	completed 194.8 hours ago at 2025-11-09T17:11:11Z UTC
	location: /zata/zippy/kresgeb/nmf_stuff/dlPFC/data/batched_nmf/nmf_k20_seed120301_tol1e-07_L10.1.rds
[2025-11-17 15:01:30] --------------------------------------------
[2025-11-17 15:01:30] Starting run 283 / 750: k=30, seed=120301, tol=1e-07, L1=0.1
[2025-11-17 15:01:30] --------------------------------------------
[2025-11-17 15:01:30] Skipping run (already completed)
	completed 194.7 hours ago at 2025-11-09T17:18:03Z UTC
	location: /zata/zippy/kresgeb/nmf_stuff/dlPFC/data/batched_nmf/nmf_k30_seed120301_tol1e-07_L10.1.rds
[2025-11-17 15:01:30] --------------------------------------------
[2025-11-17 15:01:30] Starting run 284 / 750: k=40, seed=120301, tol=1e-07, L1=0.1
[2025-11-17 15:01:30] --------------------------------------------
[2025-11-17 15:01:30] Skipping run (already completed)
	completed 194.4 hours ago at 2025-11-09T17:38:22Z UTC
	location: /zata/zippy/kresgeb/nmf_stuff/dlPFC/data/batched_nmf/nmf_k40_seed120301_tol1e-07_L10.1.rds
[2025-11-17 15:01:30] --------------------------------------------
[2025-11-17 15:01:30] Starting run 285 / 750: k=50, seed=120301, tol=1e-07, L1=0.1
[2025-11-17 15:01:30] --------------------------------------------
[2025-11-17 15:01:30] Skipping run (already completed)
	completed 194.2 hours ago at 2025-11-09T17:51:07Z UTC
	location: /zata/zippy/kresgeb/nmf_stuff/dlPFC/data/batched_nmf/nmf_k50_seed120301_tol1e-07_L10.1.rds
[2025-11-17 15:01:30] --------------------------------------------
[2025-11-17 15:01:30] Starting run 286 / 750: k=60, seed=120301, tol=1e-07, L1=0.1
[2025-11-17 15:01:30] --------------------------------------------
[2025-11-17 15:01:30] Skipping run (already completed)
	completed 193.5 hours ago at 2025-11-09T18:33:19Z UTC
	location: /zata/zippy/kresgeb/nmf_stuff/dlPFC/data/batched_nmf/nmf_k60_seed120301_tol1e-07_L10.1.rds
[2025-11-17 15:01:30] --------------------------------------------
[2025-11-17 15:01:30] Starting run 287 / 750: k=70, seed=120301, tol=1e-07, L1=0.1
[2025-11-17 15:01:30] --------------------------------------------
[2025-11-17 15:01:30] Skipping run (already completed)
	completed 192.7 hours ago at 2025-11-09T19:20:56Z UTC
	location: /zata/zippy/kresgeb/nmf_stuff/dlPFC/data/batched_nmf/nmf_k70_seed120301_tol1e-07_L10.1.rds
[2025-11-17 15:01:30] --------------------------------------------
[2025-11-17 15:01:30] Starting run 288 / 750: k=80, seed=120301, tol=1e-07, L1=0.1
[2025-11-17 15:01:30] --------------------------------------------
[2025-11-17 15:01:30] Skipping run (already completed)
	completed 192.0 hours ago at 2025-11-09T20:00:27Z UTC
	location: /zata/zippy/kresgeb/nmf_stuff/dlPFC/data/batched_nmf/nmf_k80_seed120301_tol1e-07_L10.1.rds
[2025-11-17 15:01:30] --------------------------------------------
[2025-11-17 15:01:30] Starting run 289 / 750: k=90, seed=120301, tol=1e-07, L1=0.1
[2025-11-17 15:01:30] --------------------------------------------
[2025-11-17 15:01:30] Skipping run (already completed)
	completed 190.8 hours ago at 2025-11-09T21:16:21Z UTC
	location: /zata/zippy/kresgeb/nmf_stuff/dlPFC/data/batched_nmf/nmf_k90_seed120301_tol1e-07_L10.1.rds
[2025-11-17 15:01:30] --------------------------------------------
[2025-11-17 15:01:30] Starting run 290 / 750: k=100, seed=120301, tol=1e-07, L1=0.1
[2025-11-17 15:01:30] --------------------------------------------
[2025-11-17 15:01:30] Skipping run (already completed)
	completed 189.6 hours ago at 2025-11-09T22:26:02Z UTC
	location: /zata/zippy/kresgeb/nmf_stuff/dlPFC/data/batched_nmf/nmf_k100_seed120301_tol1e-07_L10.1.rds
[2025-11-17 15:01:30] --------------------------------------------
[2025-11-17 15:01:30] Starting run 291 / 750: k=10, seed=2025, tol=1e-07, L1=0.1
[2025-11-17 15:01:30] --------------------------------------------
[2025-11-17 15:01:30] Skipping run (already completed)
	completed 189.6 hours ago at 2025-11-09T22:28:29Z UTC
	location: /zata/zippy/kresgeb/nmf_stuff/dlPFC/data/batched_nmf/nmf_k10_seed2025_tol1e-07_L10.1.rds
[2025-11-17 15:01:30] --------------------------------------------
[2025-11-17 15:01:30] Starting run 292 / 750: k=20, seed=2025, tol=1e-07, L1=0.1
[2025-11-17 15:01:30] --------------------------------------------
[2025-11-17 15:01:30] Skipping run (already completed)
	completed 189.3 hours ago at 2025-11-09T22:43:28Z UTC
	location: /zata/zippy/kresgeb/nmf_stuff/dlPFC/data/batched_nmf/nmf_k20_seed2025_tol1e-07_L10.1.rds
[2025-11-17 15:01:30] --------------------------------------------
[2025-11-17 15:01:30] Starting run 293 / 750: k=30, seed=2025, tol=1e-07, L1=0.1
[2025-11-17 15:01:30] --------------------------------------------
[2025-11-17 15:01:30] Skipping run (already completed)
	completed 189.1 hours ago at 2025-11-09T22:55:53Z UTC
	location: /zata/zippy/kresgeb/nmf_stuff/dlPFC/data/batched_nmf/nmf_k30_seed2025_tol1e-07_L10.1.rds
[2025-11-17 15:01:31] --------------------------------------------
[2025-11-17 15:01:31] Starting run 294 / 750: k=40, seed=2025, tol=1e-07, L1=0.1
[2025-11-17 15:01:31] --------------------------------------------
[2025-11-17 15:01:31] Skipping run (already completed)
	completed 188.7 hours ago at 2025-11-09T23:17:52Z UTC
	location: /zata/zippy/kresgeb/nmf_stuff/dlPFC/data/batched_nmf/nmf_k40_seed2025_tol1e-07_L10.1.rds
[2025-11-17 15:01:31] --------------------------------------------
[2025-11-17 15:01:31] Starting run 295 / 750: k=50, seed=2025, tol=1e-07, L1=0.1
[2025-11-17 15:01:31] --------------------------------------------
[2025-11-17 15:01:31] Skipping run (already completed)
	completed 188.5 hours ago at 2025-11-09T23:31:28Z UTC
	location: /zata/zippy/kresgeb/nmf_stuff/dlPFC/data/batched_nmf/nmf_k50_seed2025_tol1e-07_L10.1.rds
[2025-11-17 15:01:31] --------------------------------------------
[2025-11-17 15:01:31] Starting run 296 / 750: k=60, seed=2025, tol=1e-07, L1=0.1
[2025-11-17 15:01:31] --------------------------------------------
[2025-11-17 15:01:31] Skipping run (already completed)
	completed 187.8 hours ago at 2025-11-10T00:15:22Z UTC
	location: /zata/zippy/kresgeb/nmf_stuff/dlPFC/data/batched_nmf/nmf_k60_seed2025_tol1e-07_L10.1.rds
[2025-11-17 15:01:31] --------------------------------------------
[2025-11-17 15:01:31] Starting run 297 / 750: k=70, seed=2025, tol=1e-07, L1=0.1
[2025-11-17 15:01:31] --------------------------------------------
[2025-11-17 15:01:31] Skipping run (already completed)
	completed 186.5 hours ago at 2025-11-10T01:29:17Z UTC
	location: /zata/zippy/kresgeb/nmf_stuff/dlPFC/data/batched_nmf/nmf_k70_seed2025_tol1e-07_L10.1.rds
[2025-11-17 15:01:31] --------------------------------------------
[2025-11-17 15:01:31] Starting run 298 / 750: k=80, seed=2025, tol=1e-07, L1=0.1
[2025-11-17 15:01:31] --------------------------------------------
[2025-11-17 15:01:31] Skipping run (already completed)
	completed 185.9 hours ago at 2025-11-10T02:09:13Z UTC
	location: /zata/zippy/kresgeb/nmf_stuff/dlPFC/data/batched_nmf/nmf_k80_seed2025_tol1e-07_L10.1.rds
[2025-11-17 15:01:31] --------------------------------------------
[2025-11-17 15:01:31] Starting run 299 / 750: k=90, seed=2025, tol=1e-07, L1=0.1
[2025-11-17 15:01:31] --------------------------------------------
[2025-11-17 15:01:31] Skipping run (already completed)
	completed 183.5 hours ago at 2025-11-10T04:32:57Z UTC
	location: /zata/zippy/kresgeb/nmf_stuff/dlPFC/data/batched_nmf/nmf_k90_seed2025_tol1e-07_L10.1.rds
[2025-11-17 15:01:31] --------------------------------------------
[2025-11-17 15:01:31] Starting run 300 / 750: k=100, seed=2025, tol=1e-07, L1=0.1
[2025-11-17 15:01:31] --------------------------------------------
[2025-11-17 15:01:31] Skipping run (already completed)
	completed 181.7 hours ago at 2025-11-10T06:16:55Z UTC
	location: /zata/zippy/kresgeb/nmf_stuff/dlPFC/data/batched_nmf/nmf_k100_seed2025_tol1e-07_L10.1.rds
[2025-11-17 15:01:31] --------------------------------------------
[2025-11-17 15:01:31] Starting run 301 / 750: k=10, seed=42, tol=1e-05, L1=0.2
[2025-11-17 15:01:31] --------------------------------------------
[2025-11-17 15:01:31] Skipping run (already completed)
	completed 62.1 hours ago at 2025-11-15T05:53:22Z UTC
	location: /zata/zippy/kresgeb/nmf_stuff/dlPFC/data/batched_nmf/nmf_k10_seed42_tol1e-05_L10.2.rds
[2025-11-17 15:01:31] --------------------------------------------
[2025-11-17 15:01:31] Starting run 302 / 750: k=20, seed=42, tol=1e-05, L1=0.2
[2025-11-17 15:01:31] --------------------------------------------
[2025-11-17 15:01:31] Skipping run (already completed)
	completed 62.1 hours ago at 2025-11-15T05:56:37Z UTC
	location: /zata/zippy/kresgeb/nmf_stuff/dlPFC/data/batched_nmf/nmf_k20_seed42_tol1e-05_L10.2.rds
[2025-11-17 15:01:31] --------------------------------------------
[2025-11-17 15:01:31] Starting run 303 / 750: k=30, seed=42, tol=1e-05, L1=0.2
[2025-11-17 15:01:31] --------------------------------------------
[2025-11-17 15:01:31] Skipping run (already completed)
	completed 62.0 hours ago at 2025-11-15T06:02:47Z UTC
	location: /zata/zippy/kresgeb/nmf_stuff/dlPFC/data/batched_nmf/nmf_k30_seed42_tol1e-05_L10.2.rds
[2025-11-17 15:01:31] --------------------------------------------
[2025-11-17 15:01:31] Starting run 304 / 750: k=40, seed=42, tol=1e-05, L1=0.2
[2025-11-17 15:01:31] --------------------------------------------
[2025-11-17 15:01:31] Skipping run (already completed)
	completed 61.9 hours ago at 2025-11-15T06:09:56Z UTC
	location: /zata/zippy/kresgeb/nmf_stuff/dlPFC/data/batched_nmf/nmf_k40_seed42_tol1e-05_L10.2.rds
[2025-11-17 15:01:31] --------------------------------------------
[2025-11-17 15:01:31] Starting run 305 / 750: k=50, seed=42, tol=1e-05, L1=0.2
[2025-11-17 15:01:31] --------------------------------------------
[2025-11-17 15:01:31] Skipping run (already completed)
	completed 61.7 hours ago at 2025-11-15T06:17:56Z UTC
	location: /zata/zippy/kresgeb/nmf_stuff/dlPFC/data/batched_nmf/nmf_k50_seed42_tol1e-05_L10.2.rds
[2025-11-17 15:01:31] --------------------------------------------
[2025-11-17 15:01:31] Starting run 306 / 750: k=60, seed=42, tol=1e-05, L1=0.2
[2025-11-17 15:01:31] --------------------------------------------
[2025-11-17 15:01:31] Skipping run (already completed)
	completed 61.6 hours ago at 2025-11-15T06:25:53Z UTC
	location: /zata/zippy/kresgeb/nmf_stuff/dlPFC/data/batched_nmf/nmf_k60_seed42_tol1e-05_L10.2.rds
[2025-11-17 15:01:31] --------------------------------------------
[2025-11-17 15:01:31] Starting run 307 / 750: k=70, seed=42, tol=1e-05, L1=0.2
[2025-11-17 15:01:31] --------------------------------------------
[2025-11-17 15:01:31] Skipping run (already completed)
	completed 61.4 hours ago at 2025-11-15T06:36:48Z UTC
	location: /zata/zippy/kresgeb/nmf_stuff/dlPFC/data/batched_nmf/nmf_k70_seed42_tol1e-05_L10.2.rds
[2025-11-17 15:01:31] --------------------------------------------
[2025-11-17 15:01:31] Starting run 308 / 750: k=80, seed=42, tol=1e-05, L1=0.2
[2025-11-17 15:01:31] --------------------------------------------
[2025-11-17 15:01:31] Skipping run (already completed)
	completed 61.2 hours ago at 2025-11-15T06:52:12Z UTC
	location: /zata/zippy/kresgeb/nmf_stuff/dlPFC/data/batched_nmf/nmf_k80_seed42_tol1e-05_L10.2.rds
[2025-11-17 15:01:31] --------------------------------------------
[2025-11-17 15:01:31] Starting run 309 / 750: k=90, seed=42, tol=1e-05, L1=0.2
[2025-11-17 15:01:31] --------------------------------------------
[2025-11-17 15:01:31] Skipping run (already completed)
	completed 60.8 hours ago at 2025-11-15T07:15:23Z UTC
	location: /zata/zippy/kresgeb/nmf_stuff/dlPFC/data/batched_nmf/nmf_k90_seed42_tol1e-05_L10.2.rds
[2025-11-17 15:01:31] --------------------------------------------
[2025-11-17 15:01:31] Starting run 310 / 750: k=100, seed=42, tol=1e-05, L1=0.2
[2025-11-17 15:01:31] --------------------------------------------
[2025-11-17 15:01:31] Skipping run (already completed)
	completed 60.4 hours ago at 2025-11-15T07:39:00Z UTC
	location: /zata/zippy/kresgeb/nmf_stuff/dlPFC/data/batched_nmf/nmf_k100_seed42_tol1e-05_L10.2.rds
[2025-11-17 15:01:31] --------------------------------------------
[2025-11-17 15:01:31] Starting run 311 / 750: k=10, seed=1029, tol=1e-05, L1=0.2
[2025-11-17 15:01:31] --------------------------------------------
[2025-11-17 15:01:31] Skipping run (already completed)
	completed 60.3 hours ago at 2025-11-15T07:41:20Z UTC
	location: /zata/zippy/kresgeb/nmf_stuff/dlPFC/data/batched_nmf/nmf_k10_seed1029_tol1e-05_L10.2.rds
[2025-11-17 15:01:31] --------------------------------------------
[2025-11-17 15:01:31] Starting run 312 / 750: k=20, seed=1029, tol=1e-05, L1=0.2
[2025-11-17 15:01:31] --------------------------------------------
[2025-11-17 15:01:31] Skipping run (already completed)
	completed 60.3 hours ago at 2025-11-15T07:45:25Z UTC
	location: /zata/zippy/kresgeb/nmf_stuff/dlPFC/data/batched_nmf/nmf_k20_seed1029_tol1e-05_L10.2.rds
[2025-11-17 15:01:31] --------------------------------------------
[2025-11-17 15:01:31] Starting run 313 / 750: k=30, seed=1029, tol=1e-05, L1=0.2
[2025-11-17 15:01:31] --------------------------------------------
[2025-11-17 15:01:31] Skipping run (already completed)
	completed 60.2 hours ago at 2025-11-15T07:50:00Z UTC
	location: /zata/zippy/kresgeb/nmf_stuff/dlPFC/data/batched_nmf/nmf_k30_seed1029_tol1e-05_L10.2.rds
[2025-11-17 15:01:31] --------------------------------------------
[2025-11-17 15:01:31] Starting run 314 / 750: k=40, seed=1029, tol=1e-05, L1=0.2
[2025-11-17 15:01:31] --------------------------------------------
[2025-11-17 15:01:31] Skipping run (already completed)
	completed 60.1 hours ago at 2025-11-15T07:56:11Z UTC
	location: /zata/zippy/kresgeb/nmf_stuff/dlPFC/data/batched_nmf/nmf_k40_seed1029_tol1e-05_L10.2.rds
[2025-11-17 15:01:31] --------------------------------------------
[2025-11-17 15:01:31] Starting run 315 / 750: k=50, seed=1029, tol=1e-05, L1=0.2
[2025-11-17 15:01:31] --------------------------------------------
[2025-11-17 15:01:31] Skipping run (already completed)
	completed 60.0 hours ago at 2025-11-15T08:03:29Z UTC
	location: /zata/zippy/kresgeb/nmf_stuff/dlPFC/data/batched_nmf/nmf_k50_seed1029_tol1e-05_L10.2.rds
[2025-11-17 15:01:31] --------------------------------------------
[2025-11-17 15:01:31] Starting run 316 / 750: k=60, seed=1029, tol=1e-05, L1=0.2
[2025-11-17 15:01:31] --------------------------------------------
[2025-11-17 15:01:31] Skipping run (already completed)
	completed 59.8 hours ago at 2025-11-15T08:12:12Z UTC
	location: /zata/zippy/kresgeb/nmf_stuff/dlPFC/data/batched_nmf/nmf_k60_seed1029_tol1e-05_L10.2.rds
[2025-11-17 15:01:31] --------------------------------------------
[2025-11-17 15:01:31] Starting run 317 / 750: k=70, seed=1029, tol=1e-05, L1=0.2
[2025-11-17 15:01:31] --------------------------------------------
[2025-11-17 15:01:31] Skipping run (already completed)
	completed 59.6 hours ago at 2025-11-15T08:23:15Z UTC
	location: /zata/zippy/kresgeb/nmf_stuff/dlPFC/data/batched_nmf/nmf_k70_seed1029_tol1e-05_L10.2.rds
[2025-11-17 15:01:31] --------------------------------------------
[2025-11-17 15:01:31] Starting run 318 / 750: k=80, seed=1029, tol=1e-05, L1=0.2
[2025-11-17 15:01:31] --------------------------------------------
[2025-11-17 15:01:32] Skipping run (already completed)
	completed 59.4 hours ago at 2025-11-15T08:37:39Z UTC
	location: /zata/zippy/kresgeb/nmf_stuff/dlPFC/data/batched_nmf/nmf_k80_seed1029_tol1e-05_L10.2.rds
[2025-11-17 15:01:32] --------------------------------------------
[2025-11-17 15:01:32] Starting run 319 / 750: k=90, seed=1029, tol=1e-05, L1=0.2
[2025-11-17 15:01:32] --------------------------------------------
[2025-11-17 15:01:32] Skipping run (already completed)
	completed 59.1 hours ago at 2025-11-15T08:55:52Z UTC
	location: /zata/zippy/kresgeb/nmf_stuff/dlPFC/data/batched_nmf/nmf_k90_seed1029_tol1e-05_L10.2.rds
[2025-11-17 15:01:32] --------------------------------------------
[2025-11-17 15:01:32] Starting run 320 / 750: k=100, seed=1029, tol=1e-05, L1=0.2
[2025-11-17 15:01:32] --------------------------------------------
[2025-11-17 15:01:32] Skipping run (already completed)
	completed 58.7 hours ago at 2025-11-15T09:22:06Z UTC
	location: /zata/zippy/kresgeb/nmf_stuff/dlPFC/data/batched_nmf/nmf_k100_seed1029_tol1e-05_L10.2.rds
[2025-11-17 15:01:32] --------------------------------------------
[2025-11-17 15:01:32] Starting run 321 / 750: k=10, seed=31415, tol=1e-05, L1=0.2
[2025-11-17 15:01:32] --------------------------------------------
[2025-11-17 15:01:32] Skipping run (already completed)
	completed 58.6 hours ago at 2025-11-15T09:24:04Z UTC
	location: /zata/zippy/kresgeb/nmf_stuff/dlPFC/data/batched_nmf/nmf_k10_seed31415_tol1e-05_L10.2.rds
[2025-11-17 15:01:32] --------------------------------------------
[2025-11-17 15:01:32] Starting run 322 / 750: k=20, seed=31415, tol=1e-05, L1=0.2
[2025-11-17 15:01:32] --------------------------------------------
[2025-11-17 15:01:32] Skipping run (already completed)
	completed 58.6 hours ago at 2025-11-15T09:28:21Z UTC
	location: /zata/zippy/kresgeb/nmf_stuff/dlPFC/data/batched_nmf/nmf_k20_seed31415_tol1e-05_L10.2.rds
[2025-11-17 15:01:32] --------------------------------------------
[2025-11-17 15:01:32] Starting run 323 / 750: k=30, seed=31415, tol=1e-05, L1=0.2
[2025-11-17 15:01:32] --------------------------------------------
[2025-11-17 15:01:32] Skipping run (already completed)
	completed 58.5 hours ago at 2025-11-15T09:33:23Z UTC
	location: /zata/zippy/kresgeb/nmf_stuff/dlPFC/data/batched_nmf/nmf_k30_seed31415_tol1e-05_L10.2.rds
[2025-11-17 15:01:32] --------------------------------------------
[2025-11-17 15:01:32] Starting run 324 / 750: k=40, seed=31415, tol=1e-05, L1=0.2
[2025-11-17 15:01:32] --------------------------------------------
[2025-11-17 15:01:32] Skipping run (already completed)
	completed 58.4 hours ago at 2025-11-15T09:38:56Z UTC
	location: /zata/zippy/kresgeb/nmf_stuff/dlPFC/data/batched_nmf/nmf_k40_seed31415_tol1e-05_L10.2.rds
[2025-11-17 15:01:32] --------------------------------------------
[2025-11-17 15:01:32] Starting run 325 / 750: k=50, seed=31415, tol=1e-05, L1=0.2
[2025-11-17 15:01:32] --------------------------------------------
[2025-11-17 15:01:32] Skipping run (already completed)
	completed 58.3 hours ago at 2025-11-15T09:45:41Z UTC
	location: /zata/zippy/kresgeb/nmf_stuff/dlPFC/data/batched_nmf/nmf_k50_seed31415_tol1e-05_L10.2.rds
[2025-11-17 15:01:32] --------------------------------------------
[2025-11-17 15:01:32] Starting run 326 / 750: k=60, seed=31415, tol=1e-05, L1=0.2
[2025-11-17 15:01:32] --------------------------------------------
[2025-11-17 15:01:32] Skipping run (already completed)
	completed 58.1 hours ago at 2025-11-15T09:53:29Z UTC
	location: /zata/zippy/kresgeb/nmf_stuff/dlPFC/data/batched_nmf/nmf_k60_seed31415_tol1e-05_L10.2.rds
[2025-11-17 15:01:32] --------------------------------------------
[2025-11-17 15:01:32] Starting run 327 / 750: k=70, seed=31415, tol=1e-05, L1=0.2
[2025-11-17 15:01:32] --------------------------------------------
[2025-11-17 15:01:32] Skipping run (already completed)
	completed 57.8 hours ago at 2025-11-15T10:11:47Z UTC
	location: /zata/zippy/kresgeb/nmf_stuff/dlPFC/data/batched_nmf/nmf_k70_seed31415_tol1e-05_L10.2.rds
[2025-11-17 15:01:32] --------------------------------------------
[2025-11-17 15:01:32] Starting run 328 / 750: k=80, seed=31415, tol=1e-05, L1=0.2
[2025-11-17 15:01:32] --------------------------------------------
[2025-11-17 15:01:32] Skipping run (already completed)
	completed 57.6 hours ago at 2025-11-15T10:25:12Z UTC
	location: /zata/zippy/kresgeb/nmf_stuff/dlPFC/data/batched_nmf/nmf_k80_seed31415_tol1e-05_L10.2.rds
[2025-11-17 15:01:32] --------------------------------------------
[2025-11-17 15:01:32] Starting run 329 / 750: k=90, seed=31415, tol=1e-05, L1=0.2
[2025-11-17 15:01:32] --------------------------------------------
[2025-11-17 15:01:32] Skipping run (already completed)
	completed 57.3 hours ago at 2025-11-15T10:41:56Z UTC
	location: /zata/zippy/kresgeb/nmf_stuff/dlPFC/data/batched_nmf/nmf_k90_seed31415_tol1e-05_L10.2.rds
[2025-11-17 15:01:32] --------------------------------------------
[2025-11-17 15:01:32] Starting run 330 / 750: k=100, seed=31415, tol=1e-05, L1=0.2
[2025-11-17 15:01:32] --------------------------------------------
[2025-11-17 15:01:32] Skipping run (already completed)
	completed 56.8 hours ago at 2025-11-15T11:15:10Z UTC
	location: /zata/zippy/kresgeb/nmf_stuff/dlPFC/data/batched_nmf/nmf_k100_seed31415_tol1e-05_L10.2.rds
[2025-11-17 15:01:32] --------------------------------------------
[2025-11-17 15:01:32] Starting run 331 / 750: k=10, seed=120301, tol=1e-05, L1=0.2
[2025-11-17 15:01:32] --------------------------------------------
[2025-11-17 15:01:32] Skipping run (already completed)
	completed 56.7 hours ago at 2025-11-15T11:17:22Z UTC
	location: /zata/zippy/kresgeb/nmf_stuff/dlPFC/data/batched_nmf/nmf_k10_seed120301_tol1e-05_L10.2.rds
[2025-11-17 15:01:32] --------------------------------------------
[2025-11-17 15:01:32] Starting run 332 / 750: k=20, seed=120301, tol=1e-05, L1=0.2
[2025-11-17 15:01:32] --------------------------------------------
[2025-11-17 15:01:32] Skipping run (already completed)
	completed 56.7 hours ago at 2025-11-15T11:20:37Z UTC
	location: /zata/zippy/kresgeb/nmf_stuff/dlPFC/data/batched_nmf/nmf_k20_seed120301_tol1e-05_L10.2.rds
[2025-11-17 15:01:32] --------------------------------------------
[2025-11-17 15:01:32] Starting run 333 / 750: k=30, seed=120301, tol=1e-05, L1=0.2
[2025-11-17 15:01:32] --------------------------------------------
[2025-11-17 15:01:32] Skipping run (already completed)
	completed 56.6 hours ago at 2025-11-15T11:25:35Z UTC
	location: /zata/zippy/kresgeb/nmf_stuff/dlPFC/data/batched_nmf/nmf_k30_seed120301_tol1e-05_L10.2.rds
[2025-11-17 15:01:32] --------------------------------------------
[2025-11-17 15:01:32] Starting run 334 / 750: k=40, seed=120301, tol=1e-05, L1=0.2
[2025-11-17 15:01:32] --------------------------------------------
[2025-11-17 15:01:32] Skipping run (already completed)
	completed 56.5 hours ago at 2025-11-15T11:30:01Z UTC
	location: /zata/zippy/kresgeb/nmf_stuff/dlPFC/data/batched_nmf/nmf_k40_seed120301_tol1e-05_L10.2.rds
[2025-11-17 15:01:32] --------------------------------------------
[2025-11-17 15:01:32] Starting run 335 / 750: k=50, seed=120301, tol=1e-05, L1=0.2
[2025-11-17 15:01:32] --------------------------------------------
[2025-11-17 15:01:32] Skipping run (already completed)
	completed 56.4 hours ago at 2025-11-15T11:39:06Z UTC
	location: /zata/zippy/kresgeb/nmf_stuff/dlPFC/data/batched_nmf/nmf_k50_seed120301_tol1e-05_L10.2.rds
[2025-11-17 15:01:32] --------------------------------------------
[2025-11-17 15:01:32] Starting run 336 / 750: k=60, seed=120301, tol=1e-05, L1=0.2
[2025-11-17 15:01:32] --------------------------------------------
[2025-11-17 15:01:32] Skipping run (already completed)
	completed 56.2 hours ago at 2025-11-15T11:50:31Z UTC
	location: /zata/zippy/kresgeb/nmf_stuff/dlPFC/data/batched_nmf/nmf_k60_seed120301_tol1e-05_L10.2.rds
[2025-11-17 15:01:32] --------------------------------------------
[2025-11-17 15:01:32] Starting run 337 / 750: k=70, seed=120301, tol=1e-05, L1=0.2
[2025-11-17 15:01:32] --------------------------------------------
[2025-11-17 15:01:32] Skipping run (already completed)
	completed 55.9 hours ago at 2025-11-15T12:07:38Z UTC
	location: /zata/zippy/kresgeb/nmf_stuff/dlPFC/data/batched_nmf/nmf_k70_seed120301_tol1e-05_L10.2.rds
[2025-11-17 15:01:32] --------------------------------------------
[2025-11-17 15:01:32] Starting run 338 / 750: k=80, seed=120301, tol=1e-05, L1=0.2
[2025-11-17 15:01:32] --------------------------------------------
[2025-11-17 15:01:32] Skipping run (already completed)
	completed 55.7 hours ago at 2025-11-15T12:22:02Z UTC
	location: /zata/zippy/kresgeb/nmf_stuff/dlPFC/data/batched_nmf/nmf_k80_seed120301_tol1e-05_L10.2.rds
[2025-11-17 15:01:32] --------------------------------------------
[2025-11-17 15:01:32] Starting run 339 / 750: k=90, seed=120301, tol=1e-05, L1=0.2
[2025-11-17 15:01:32] --------------------------------------------
[2025-11-17 15:01:32] Skipping run (already completed)
	completed 55.3 hours ago at 2025-11-15T12:45:11Z UTC
	location: /zata/zippy/kresgeb/nmf_stuff/dlPFC/data/batched_nmf/nmf_k90_seed120301_tol1e-05_L10.2.rds
[2025-11-17 15:01:32] --------------------------------------------
[2025-11-17 15:01:32] Starting run 340 / 750: k=100, seed=120301, tol=1e-05, L1=0.2
[2025-11-17 15:01:32] --------------------------------------------
[2025-11-17 15:01:32] Skipping run (already completed)
	completed 54.8 hours ago at 2025-11-15T13:10:41Z UTC
	location: /zata/zippy/kresgeb/nmf_stuff/dlPFC/data/batched_nmf/nmf_k100_seed120301_tol1e-05_L10.2.rds
[2025-11-17 15:01:32] --------------------------------------------
[2025-11-17 15:01:32] Starting run 341 / 750: k=10, seed=2025, tol=1e-05, L1=0.2
[2025-11-17 15:01:32] --------------------------------------------
[2025-11-17 15:01:32] Skipping run (already completed)
	completed 54.8 hours ago at 2025-11-15T13:12:59Z UTC
	location: /zata/zippy/kresgeb/nmf_stuff/dlPFC/data/batched_nmf/nmf_k10_seed2025_tol1e-05_L10.2.rds
[2025-11-17 15:01:32] --------------------------------------------
[2025-11-17 15:01:32] Starting run 342 / 750: k=20, seed=2025, tol=1e-05, L1=0.2
[2025-11-17 15:01:32] --------------------------------------------
[2025-11-17 15:01:32] Skipping run (already completed)
	completed 54.7 hours ago at 2025-11-15T13:16:33Z UTC
	location: /zata/zippy/kresgeb/nmf_stuff/dlPFC/data/batched_nmf/nmf_k20_seed2025_tol1e-05_L10.2.rds
[2025-11-17 15:01:32] --------------------------------------------
[2025-11-17 15:01:32] Starting run 343 / 750: k=30, seed=2025, tol=1e-05, L1=0.2
[2025-11-17 15:01:32] --------------------------------------------
[2025-11-17 15:01:33] Skipping run (already completed)
	completed 54.7 hours ago at 2025-11-15T13:21:22Z UTC
	location: /zata/zippy/kresgeb/nmf_stuff/dlPFC/data/batched_nmf/nmf_k30_seed2025_tol1e-05_L10.2.rds
[2025-11-17 15:01:33] --------------------------------------------
[2025-11-17 15:01:33] Starting run 344 / 750: k=40, seed=2025, tol=1e-05, L1=0.2
[2025-11-17 15:01:33] --------------------------------------------
[2025-11-17 15:01:33] Skipping run (already completed)
	completed 54.6 hours ago at 2025-11-15T13:26:20Z UTC
	location: /zata/zippy/kresgeb/nmf_stuff/dlPFC/data/batched_nmf/nmf_k40_seed2025_tol1e-05_L10.2.rds
[2025-11-17 15:01:33] --------------------------------------------
[2025-11-17 15:01:33] Starting run 345 / 750: k=50, seed=2025, tol=1e-05, L1=0.2
[2025-11-17 15:01:33] --------------------------------------------
[2025-11-17 15:01:33] Skipping run (already completed)
	completed 54.5 hours ago at 2025-11-15T13:34:25Z UTC
	location: /zata/zippy/kresgeb/nmf_stuff/dlPFC/data/batched_nmf/nmf_k50_seed2025_tol1e-05_L10.2.rds
[2025-11-17 15:01:33] --------------------------------------------
[2025-11-17 15:01:33] Starting run 346 / 750: k=60, seed=2025, tol=1e-05, L1=0.2
[2025-11-17 15:01:33] --------------------------------------------
[2025-11-17 15:01:33] Skipping run (already completed)
	completed 54.3 hours ago at 2025-11-15T13:44:01Z UTC
	location: /zata/zippy/kresgeb/nmf_stuff/dlPFC/data/batched_nmf/nmf_k60_seed2025_tol1e-05_L10.2.rds
[2025-11-17 15:01:33] --------------------------------------------
[2025-11-17 15:01:33] Starting run 347 / 750: k=70, seed=2025, tol=1e-05, L1=0.2
[2025-11-17 15:01:33] --------------------------------------------
[2025-11-17 15:01:33] Skipping run (already completed)
	completed 54.0 hours ago at 2025-11-15T14:00:40Z UTC
	location: /zata/zippy/kresgeb/nmf_stuff/dlPFC/data/batched_nmf/nmf_k70_seed2025_tol1e-05_L10.2.rds
[2025-11-17 15:01:33] --------------------------------------------
[2025-11-17 15:01:33] Starting run 348 / 750: k=80, seed=2025, tol=1e-05, L1=0.2
[2025-11-17 15:01:33] --------------------------------------------
[2025-11-17 15:01:33] Skipping run (already completed)
	completed 53.7 hours ago at 2025-11-15T14:19:04Z UTC
	location: /zata/zippy/kresgeb/nmf_stuff/dlPFC/data/batched_nmf/nmf_k80_seed2025_tol1e-05_L10.2.rds
[2025-11-17 15:01:33] --------------------------------------------
[2025-11-17 15:01:33] Starting run 349 / 750: k=90, seed=2025, tol=1e-05, L1=0.2
[2025-11-17 15:01:33] --------------------------------------------
[2025-11-17 15:01:33] Skipping run (already completed)
	completed 53.3 hours ago at 2025-11-15T14:41:23Z UTC
	location: /zata/zippy/kresgeb/nmf_stuff/dlPFC/data/batched_nmf/nmf_k90_seed2025_tol1e-05_L10.2.rds
[2025-11-17 15:01:33] --------------------------------------------
[2025-11-17 15:01:33] Starting run 350 / 750: k=100, seed=2025, tol=1e-05, L1=0.2
[2025-11-17 15:01:33] --------------------------------------------
[2025-11-17 15:01:33] Skipping run (already completed)
	completed 52.9 hours ago at 2025-11-15T15:08:22Z UTC
	location: /zata/zippy/kresgeb/nmf_stuff/dlPFC/data/batched_nmf/nmf_k100_seed2025_tol1e-05_L10.2.rds
[2025-11-17 15:01:33] --------------------------------------------
[2025-11-17 15:01:33] Starting run 351 / 750: k=10, seed=42, tol=1e-06, L1=0.2
[2025-11-17 15:01:33] --------------------------------------------
[2025-11-17 15:01:33] Skipping run (already completed)
	completed 52.8 hours ago at 2025-11-15T15:10:41Z UTC
	location: /zata/zippy/kresgeb/nmf_stuff/dlPFC/data/batched_nmf/nmf_k10_seed42_tol1e-06_L10.2.rds
[2025-11-17 15:01:33] --------------------------------------------
[2025-11-17 15:01:33] Starting run 352 / 750: k=20, seed=42, tol=1e-06, L1=0.2
[2025-11-17 15:01:33] --------------------------------------------
[2025-11-17 15:01:33] Skipping run (already completed)
	completed 52.8 hours ago at 2025-11-15T15:14:24Z UTC
	location: /zata/zippy/kresgeb/nmf_stuff/dlPFC/data/batched_nmf/nmf_k20_seed42_tol1e-06_L10.2.rds
[2025-11-17 15:01:33] --------------------------------------------
[2025-11-17 15:01:33] Starting run 353 / 750: k=30, seed=42, tol=1e-06, L1=0.2
[2025-11-17 15:01:33] --------------------------------------------
[2025-11-17 15:01:33] Skipping run (already completed)
	completed 52.6 hours ago at 2025-11-15T15:25:02Z UTC
	location: /zata/zippy/kresgeb/nmf_stuff/dlPFC/data/batched_nmf/nmf_k30_seed42_tol1e-06_L10.2.rds
[2025-11-17 15:01:33] --------------------------------------------
[2025-11-17 15:01:33] Starting run 354 / 750: k=40, seed=42, tol=1e-06, L1=0.2
[2025-11-17 15:01:33] --------------------------------------------
[2025-11-17 15:01:33] Skipping run (already completed)
	completed 52.4 hours ago at 2025-11-15T15:38:50Z UTC
	location: /zata/zippy/kresgeb/nmf_stuff/dlPFC/data/batched_nmf/nmf_k40_seed42_tol1e-06_L10.2.rds
[2025-11-17 15:01:33] --------------------------------------------
[2025-11-17 15:01:33] Starting run 355 / 750: k=50, seed=42, tol=1e-06, L1=0.2
[2025-11-17 15:01:33] --------------------------------------------
[2025-11-17 15:01:33] Skipping run (already completed)
	completed 52.1 hours ago at 2025-11-15T15:54:27Z UTC
	location: /zata/zippy/kresgeb/nmf_stuff/dlPFC/data/batched_nmf/nmf_k50_seed42_tol1e-06_L10.2.rds
[2025-11-17 15:01:33] --------------------------------------------
[2025-11-17 15:01:33] Starting run 356 / 750: k=60, seed=42, tol=1e-06, L1=0.2
[2025-11-17 15:01:33] --------------------------------------------
[2025-11-17 15:01:33] Skipping run (already completed)
	completed 51.9 hours ago at 2025-11-15T16:07:54Z UTC
	location: /zata/zippy/kresgeb/nmf_stuff/dlPFC/data/batched_nmf/nmf_k60_seed42_tol1e-06_L10.2.rds
[2025-11-17 15:01:33] --------------------------------------------
[2025-11-17 15:01:33] Starting run 357 / 750: k=70, seed=42, tol=1e-06, L1=0.2
[2025-11-17 15:01:33] --------------------------------------------
[2025-11-17 15:01:33] Skipping run (already completed)
	completed 51.6 hours ago at 2025-11-15T16:24:27Z UTC
	location: /zata/zippy/kresgeb/nmf_stuff/dlPFC/data/batched_nmf/nmf_k70_seed42_tol1e-06_L10.2.rds
[2025-11-17 15:01:33] --------------------------------------------
[2025-11-17 15:01:33] Starting run 358 / 750: k=80, seed=42, tol=1e-06, L1=0.2
[2025-11-17 15:01:33] --------------------------------------------
[2025-11-17 15:01:33] Skipping run (already completed)
	completed 51.2 hours ago at 2025-11-15T16:47:35Z UTC
	location: /zata/zippy/kresgeb/nmf_stuff/dlPFC/data/batched_nmf/nmf_k80_seed42_tol1e-06_L10.2.rds
[2025-11-17 15:01:33] --------------------------------------------
[2025-11-17 15:01:33] Starting run 359 / 750: k=90, seed=42, tol=1e-06, L1=0.2
[2025-11-17 15:01:33] --------------------------------------------
[2025-11-17 15:01:33] Skipping run (already completed)
	completed 50.4 hours ago at 2025-11-15T17:36:46Z UTC
	location: /zata/zippy/kresgeb/nmf_stuff/dlPFC/data/batched_nmf/nmf_k90_seed42_tol1e-06_L10.2.rds
[2025-11-17 15:01:33] --------------------------------------------
[2025-11-17 15:01:33] Starting run 360 / 750: k=100, seed=42, tol=1e-06, L1=0.2
[2025-11-17 15:01:33] --------------------------------------------
[2025-11-17 15:01:33] Skipping run (already completed)
	completed 49.5 hours ago at 2025-11-15T18:32:13Z UTC
	location: /zata/zippy/kresgeb/nmf_stuff/dlPFC/data/batched_nmf/nmf_k100_seed42_tol1e-06_L10.2.rds
[2025-11-17 15:01:33] --------------------------------------------
[2025-11-17 15:01:33] Starting run 361 / 750: k=10, seed=1029, tol=1e-06, L1=0.2
[2025-11-17 15:01:33] --------------------------------------------
[2025-11-17 15:01:33] Skipping run (already completed)
	completed 49.4 hours ago at 2025-11-15T18:34:48Z UTC
	location: /zata/zippy/kresgeb/nmf_stuff/dlPFC/data/batched_nmf/nmf_k10_seed1029_tol1e-06_L10.2.rds
[2025-11-17 15:01:33] --------------------------------------------
[2025-11-17 15:01:33] Starting run 362 / 750: k=20, seed=1029, tol=1e-06, L1=0.2
[2025-11-17 15:01:33] --------------------------------------------
[2025-11-17 15:01:33] Skipping run (already completed)
	completed 49.4 hours ago at 2025-11-15T18:39:12Z UTC
	location: /zata/zippy/kresgeb/nmf_stuff/dlPFC/data/batched_nmf/nmf_k20_seed1029_tol1e-06_L10.2.rds
[2025-11-17 15:01:33] --------------------------------------------
[2025-11-17 15:01:33] Starting run 363 / 750: k=30, seed=1029, tol=1e-06, L1=0.2
[2025-11-17 15:01:33] --------------------------------------------
[2025-11-17 15:01:33] Skipping run (already completed)
	completed 49.3 hours ago at 2025-11-15T18:45:15Z UTC
	location: /zata/zippy/kresgeb/nmf_stuff/dlPFC/data/batched_nmf/nmf_k30_seed1029_tol1e-06_L10.2.rds
[2025-11-17 15:01:33] --------------------------------------------
[2025-11-17 15:01:33] Starting run 364 / 750: k=40, seed=1029, tol=1e-06, L1=0.2
[2025-11-17 15:01:33] --------------------------------------------
[2025-11-17 15:01:33] Skipping run (already completed)
	completed 49.1 hours ago at 2025-11-15T18:53:55Z UTC
	location: /zata/zippy/kresgeb/nmf_stuff/dlPFC/data/batched_nmf/nmf_k40_seed1029_tol1e-06_L10.2.rds
[2025-11-17 15:01:33] --------------------------------------------
[2025-11-17 15:01:33] Starting run 365 / 750: k=50, seed=1029, tol=1e-06, L1=0.2
[2025-11-17 15:01:33] --------------------------------------------
[2025-11-17 15:01:33] Skipping run (already completed)
	completed 48.9 hours ago at 2025-11-15T19:06:53Z UTC
	location: /zata/zippy/kresgeb/nmf_stuff/dlPFC/data/batched_nmf/nmf_k50_seed1029_tol1e-06_L10.2.rds
[2025-11-17 15:01:33] --------------------------------------------
[2025-11-17 15:01:33] Starting run 366 / 750: k=60, seed=1029, tol=1e-06, L1=0.2
[2025-11-17 15:01:33] --------------------------------------------
[2025-11-17 15:01:33] Skipping run (already completed)
	completed 48.7 hours ago at 2025-11-15T19:22:21Z UTC
	location: /zata/zippy/kresgeb/nmf_stuff/dlPFC/data/batched_nmf/nmf_k60_seed1029_tol1e-06_L10.2.rds
[2025-11-17 15:01:33] --------------------------------------------
[2025-11-17 15:01:33] Starting run 367 / 750: k=70, seed=1029, tol=1e-06, L1=0.2
[2025-11-17 15:01:33] --------------------------------------------
[2025-11-17 15:01:33] Skipping run (already completed)
	completed 48.2 hours ago at 2025-11-15T19:47:31Z UTC
	location: /zata/zippy/kresgeb/nmf_stuff/dlPFC/data/batched_nmf/nmf_k70_seed1029_tol1e-06_L10.2.rds
[2025-11-17 15:01:33] --------------------------------------------
[2025-11-17 15:01:33] Starting run 368 / 750: k=80, seed=1029, tol=1e-06, L1=0.2
[2025-11-17 15:01:33] --------------------------------------------
[2025-11-17 15:01:34] Skipping run (already completed)
	completed 47.9 hours ago at 2025-11-15T20:04:36Z UTC
	location: /zata/zippy/kresgeb/nmf_stuff/dlPFC/data/batched_nmf/nmf_k80_seed1029_tol1e-06_L10.2.rds
[2025-11-17 15:01:34] --------------------------------------------
[2025-11-17 15:01:34] Starting run 369 / 750: k=90, seed=1029, tol=1e-06, L1=0.2
[2025-11-17 15:01:34] --------------------------------------------
[2025-11-17 15:01:34] Skipping run (already completed)
	completed 47.0 hours ago at 2025-11-15T20:59:07Z UTC
	location: /zata/zippy/kresgeb/nmf_stuff/dlPFC/data/batched_nmf/nmf_k90_seed1029_tol1e-06_L10.2.rds
[2025-11-17 15:01:34] --------------------------------------------
[2025-11-17 15:01:34] Starting run 370 / 750: k=100, seed=1029, tol=1e-06, L1=0.2
[2025-11-17 15:01:34] --------------------------------------------
[2025-11-17 15:01:34] Skipping run (already completed)
	completed 46.0 hours ago at 2025-11-15T21:58:43Z UTC
	location: /zata/zippy/kresgeb/nmf_stuff/dlPFC/data/batched_nmf/nmf_k100_seed1029_tol1e-06_L10.2.rds
[2025-11-17 15:01:34] --------------------------------------------
[2025-11-17 15:01:34] Starting run 371 / 750: k=10, seed=31415, tol=1e-06, L1=0.2
[2025-11-17 15:01:34] --------------------------------------------
[2025-11-17 15:01:34] Skipping run (already completed)
	completed 46.0 hours ago at 2025-11-15T22:01:18Z UTC
	location: /zata/zippy/kresgeb/nmf_stuff/dlPFC/data/batched_nmf/nmf_k10_seed31415_tol1e-06_L10.2.rds
[2025-11-17 15:01:34] --------------------------------------------
[2025-11-17 15:01:34] Starting run 372 / 750: k=20, seed=31415, tol=1e-06, L1=0.2
[2025-11-17 15:01:34] --------------------------------------------
[2025-11-17 15:01:34] Skipping run (already completed)
	completed 45.9 hours ago at 2025-11-15T22:06:14Z UTC
	location: /zata/zippy/kresgeb/nmf_stuff/dlPFC/data/batched_nmf/nmf_k20_seed31415_tol1e-06_L10.2.rds
[2025-11-17 15:01:34] --------------------------------------------
[2025-11-17 15:01:34] Starting run 373 / 750: k=30, seed=31415, tol=1e-06, L1=0.2
[2025-11-17 15:01:34] --------------------------------------------
[2025-11-17 15:01:34] Skipping run (already completed)
	completed 45.8 hours ago at 2025-11-15T22:12:54Z UTC
	location: /zata/zippy/kresgeb/nmf_stuff/dlPFC/data/batched_nmf/nmf_k30_seed31415_tol1e-06_L10.2.rds
[2025-11-17 15:01:34] --------------------------------------------
[2025-11-17 15:01:34] Starting run 374 / 750: k=40, seed=31415, tol=1e-06, L1=0.2
[2025-11-17 15:01:34] --------------------------------------------
[2025-11-17 15:01:34] Skipping run (already completed)
	completed 45.7 hours ago at 2025-11-15T22:19:39Z UTC
	location: /zata/zippy/kresgeb/nmf_stuff/dlPFC/data/batched_nmf/nmf_k40_seed31415_tol1e-06_L10.2.rds
[2025-11-17 15:01:34] --------------------------------------------
[2025-11-17 15:01:34] Starting run 375 / 750: k=50, seed=31415, tol=1e-06, L1=0.2
[2025-11-17 15:01:34] --------------------------------------------
[2025-11-17 15:01:34] Skipping run (already completed)
	completed 45.6 hours ago at 2025-11-15T22:28:01Z UTC
	location: /zata/zippy/kresgeb/nmf_stuff/dlPFC/data/batched_nmf/nmf_k50_seed31415_tol1e-06_L10.2.rds
[2025-11-17 15:01:34] --------------------------------------------
[2025-11-17 15:01:34] Starting run 376 / 750: k=60, seed=31415, tol=1e-06, L1=0.2
[2025-11-17 15:01:34] --------------------------------------------
[2025-11-17 15:01:34] Skipping run (already completed)
	completed 45.2 hours ago at 2025-11-15T22:47:12Z UTC
	location: /zata/zippy/kresgeb/nmf_stuff/dlPFC/data/batched_nmf/nmf_k60_seed31415_tol1e-06_L10.2.rds
[2025-11-17 15:01:34] --------------------------------------------
[2025-11-17 15:01:34] Starting run 377 / 750: k=70, seed=31415, tol=1e-06, L1=0.2
[2025-11-17 15:01:34] --------------------------------------------
[2025-11-17 15:01:34] Skipping run (already completed)
	completed 44.8 hours ago at 2025-11-15T23:12:09Z UTC
	location: /zata/zippy/kresgeb/nmf_stuff/dlPFC/data/batched_nmf/nmf_k70_seed31415_tol1e-06_L10.2.rds
[2025-11-17 15:01:34] --------------------------------------------
[2025-11-17 15:01:34] Starting run 378 / 750: k=80, seed=31415, tol=1e-06, L1=0.2
[2025-11-17 15:01:34] --------------------------------------------
[2025-11-17 15:01:34] Skipping run (already completed)
	completed 44.5 hours ago at 2025-11-15T23:32:22Z UTC
	location: /zata/zippy/kresgeb/nmf_stuff/dlPFC/data/batched_nmf/nmf_k80_seed31415_tol1e-06_L10.2.rds
[2025-11-17 15:01:34] --------------------------------------------
[2025-11-17 15:01:34] Starting run 379 / 750: k=90, seed=31415, tol=1e-06, L1=0.2
[2025-11-17 15:01:34] --------------------------------------------
[2025-11-17 15:01:34] Skipping run (already completed)
	completed 43.8 hours ago at 2025-11-16T00:12:06Z UTC
	location: /zata/zippy/kresgeb/nmf_stuff/dlPFC/data/batched_nmf/nmf_k90_seed31415_tol1e-06_L10.2.rds
[2025-11-17 15:01:34] --------------------------------------------
[2025-11-17 15:01:34] Starting run 380 / 750: k=100, seed=31415, tol=1e-06, L1=0.2
[2025-11-17 15:01:34] --------------------------------------------
[2025-11-17 15:01:34] Skipping run (already completed)
	completed 43.0 hours ago at 2025-11-16T00:59:19Z UTC
	location: /zata/zippy/kresgeb/nmf_stuff/dlPFC/data/batched_nmf/nmf_k100_seed31415_tol1e-06_L10.2.rds
[2025-11-17 15:01:34] --------------------------------------------
[2025-11-17 15:01:34] Starting run 381 / 750: k=10, seed=120301, tol=1e-06, L1=0.2
[2025-11-17 15:01:34] --------------------------------------------
[2025-11-17 15:01:34] Skipping run (already completed)
	completed 43.0 hours ago at 2025-11-16T01:01:58Z UTC
	location: /zata/zippy/kresgeb/nmf_stuff/dlPFC/data/batched_nmf/nmf_k10_seed120301_tol1e-06_L10.2.rds
[2025-11-17 15:01:34] --------------------------------------------
[2025-11-17 15:01:34] Starting run 382 / 750: k=20, seed=120301, tol=1e-06, L1=0.2
[2025-11-17 15:01:34] --------------------------------------------
[2025-11-17 15:01:34] Skipping run (already completed)
	completed 42.9 hours ago at 2025-11-16T01:05:25Z UTC
	location: /zata/zippy/kresgeb/nmf_stuff/dlPFC/data/batched_nmf/nmf_k20_seed120301_tol1e-06_L10.2.rds
[2025-11-17 15:01:34] --------------------------------------------
[2025-11-17 15:01:34] Starting run 383 / 750: k=30, seed=120301, tol=1e-06, L1=0.2
[2025-11-17 15:01:34] --------------------------------------------
[2025-11-17 15:01:34] Skipping run (already completed)
	completed 42.8 hours ago at 2025-11-16T01:12:30Z UTC
	location: /zata/zippy/kresgeb/nmf_stuff/dlPFC/data/batched_nmf/nmf_k30_seed120301_tol1e-06_L10.2.rds
[2025-11-17 15:01:34] --------------------------------------------
[2025-11-17 15:01:34] Starting run 384 / 750: k=40, seed=120301, tol=1e-06, L1=0.2
[2025-11-17 15:01:34] --------------------------------------------
[2025-11-17 15:01:34] Skipping run (already completed)
	completed 42.7 hours ago at 2025-11-16T01:20:54Z UTC
	location: /zata/zippy/kresgeb/nmf_stuff/dlPFC/data/batched_nmf/nmf_k40_seed120301_tol1e-06_L10.2.rds
[2025-11-17 15:01:34] --------------------------------------------
[2025-11-17 15:01:34] Starting run 385 / 750: k=50, seed=120301, tol=1e-06, L1=0.2
[2025-11-17 15:01:34] --------------------------------------------
[2025-11-17 15:01:34] Skipping run (already completed)
	completed 42.5 hours ago at 2025-11-16T01:31:52Z UTC
	location: /zata/zippy/kresgeb/nmf_stuff/dlPFC/data/batched_nmf/nmf_k50_seed120301_tol1e-06_L10.2.rds
[2025-11-17 15:01:34] --------------------------------------------
[2025-11-17 15:01:34] Starting run 386 / 750: k=60, seed=120301, tol=1e-06, L1=0.2
[2025-11-17 15:01:34] --------------------------------------------
[2025-11-17 15:01:34] Skipping run (already completed)
	completed 42.2 hours ago at 2025-11-16T01:50:01Z UTC
	location: /zata/zippy/kresgeb/nmf_stuff/dlPFC/data/batched_nmf/nmf_k60_seed120301_tol1e-06_L10.2.rds
[2025-11-17 15:01:34] --------------------------------------------
[2025-11-17 15:01:34] Starting run 387 / 750: k=70, seed=120301, tol=1e-06, L1=0.2
[2025-11-17 15:01:34] --------------------------------------------
[2025-11-17 15:01:34] Skipping run (already completed)
	completed 41.7 hours ago at 2025-11-16T02:20:35Z UTC
	location: /zata/zippy/kresgeb/nmf_stuff/dlPFC/data/batched_nmf/nmf_k70_seed120301_tol1e-06_L10.2.rds
[2025-11-17 15:01:34] --------------------------------------------
[2025-11-17 15:01:34] Starting run 388 / 750: k=80, seed=120301, tol=1e-06, L1=0.2
[2025-11-17 15:01:34] --------------------------------------------
[2025-11-17 15:01:34] Skipping run (already completed)
	completed 41.1 hours ago at 2025-11-16T02:53:00Z UTC
	location: /zata/zippy/kresgeb/nmf_stuff/dlPFC/data/batched_nmf/nmf_k80_seed120301_tol1e-06_L10.2.rds
[2025-11-17 15:01:34] --------------------------------------------
[2025-11-17 15:01:34] Starting run 389 / 750: k=90, seed=120301, tol=1e-06, L1=0.2
[2025-11-17 15:01:34] --------------------------------------------
[2025-11-17 15:01:34] Skipping run (already completed)
	completed 40.6 hours ago at 2025-11-16T03:26:55Z UTC
	location: /zata/zippy/kresgeb/nmf_stuff/dlPFC/data/batched_nmf/nmf_k90_seed120301_tol1e-06_L10.2.rds
[2025-11-17 15:01:34] --------------------------------------------
[2025-11-17 15:01:34] Starting run 390 / 750: k=100, seed=120301, tol=1e-06, L1=0.2
[2025-11-17 15:01:34] --------------------------------------------
[2025-11-17 15:01:34] Skipping run (already completed)
	completed 39.8 hours ago at 2025-11-16T04:14:16Z UTC
	location: /zata/zippy/kresgeb/nmf_stuff/dlPFC/data/batched_nmf/nmf_k100_seed120301_tol1e-06_L10.2.rds
[2025-11-17 15:01:34] --------------------------------------------
[2025-11-17 15:01:34] Starting run 391 / 750: k=10, seed=2025, tol=1e-06, L1=0.2
[2025-11-17 15:01:34] --------------------------------------------
[2025-11-17 15:01:34] Skipping run (already completed)
	completed 39.8 hours ago at 2025-11-16T04:16:25Z UTC
	location: /zata/zippy/kresgeb/nmf_stuff/dlPFC/data/batched_nmf/nmf_k10_seed2025_tol1e-06_L10.2.rds
[2025-11-17 15:01:34] --------------------------------------------
[2025-11-17 15:01:34] Starting run 392 / 750: k=20, seed=2025, tol=1e-06, L1=0.2
[2025-11-17 15:01:34] --------------------------------------------
[2025-11-17 15:01:34] Skipping run (already completed)
	completed 39.7 hours ago at 2025-11-16T04:21:09Z UTC
	location: /zata/zippy/kresgeb/nmf_stuff/dlPFC/data/batched_nmf/nmf_k20_seed2025_tol1e-06_L10.2.rds
[2025-11-17 15:01:34] --------------------------------------------
[2025-11-17 15:01:34] Starting run 393 / 750: k=30, seed=2025, tol=1e-06, L1=0.2
[2025-11-17 15:01:34] --------------------------------------------
[2025-11-17 15:01:35] Skipping run (already completed)
	completed 39.6 hours ago at 2025-11-16T04:27:12Z UTC
	location: /zata/zippy/kresgeb/nmf_stuff/dlPFC/data/batched_nmf/nmf_k30_seed2025_tol1e-06_L10.2.rds
[2025-11-17 15:01:35] --------------------------------------------
[2025-11-17 15:01:35] Starting run 394 / 750: k=40, seed=2025, tol=1e-06, L1=0.2
[2025-11-17 15:01:35] --------------------------------------------
[2025-11-17 15:01:35] Skipping run (already completed)
	completed 39.3 hours ago at 2025-11-16T04:41:06Z UTC
	location: /zata/zippy/kresgeb/nmf_stuff/dlPFC/data/batched_nmf/nmf_k40_seed2025_tol1e-06_L10.2.rds
[2025-11-17 15:01:35] --------------------------------------------
[2025-11-17 15:01:35] Starting run 395 / 750: k=50, seed=2025, tol=1e-06, L1=0.2
[2025-11-17 15:01:35] --------------------------------------------
[2025-11-17 15:01:35] Skipping run (already completed)
	completed 39.1 hours ago at 2025-11-16T04:57:56Z UTC
	location: /zata/zippy/kresgeb/nmf_stuff/dlPFC/data/batched_nmf/nmf_k50_seed2025_tol1e-06_L10.2.rds
[2025-11-17 15:01:35] --------------------------------------------
[2025-11-17 15:01:35] Starting run 396 / 750: k=60, seed=2025, tol=1e-06, L1=0.2
[2025-11-17 15:01:35] --------------------------------------------
[2025-11-17 15:01:35] Skipping run (already completed)
	completed 38.6 hours ago at 2025-11-16T05:24:41Z UTC
	location: /zata/zippy/kresgeb/nmf_stuff/dlPFC/data/batched_nmf/nmf_k60_seed2025_tol1e-06_L10.2.rds
[2025-11-17 15:01:35] --------------------------------------------
[2025-11-17 15:01:35] Starting run 397 / 750: k=70, seed=2025, tol=1e-06, L1=0.2
[2025-11-17 15:01:35] --------------------------------------------
[2025-11-17 15:01:35] Skipping run (already completed)
	completed 38.3 hours ago at 2025-11-16T05:43:14Z UTC
	location: /zata/zippy/kresgeb/nmf_stuff/dlPFC/data/batched_nmf/nmf_k70_seed2025_tol1e-06_L10.2.rds
[2025-11-17 15:01:35] --------------------------------------------
[2025-11-17 15:01:35] Starting run 398 / 750: k=80, seed=2025, tol=1e-06, L1=0.2
[2025-11-17 15:01:35] --------------------------------------------
[2025-11-17 15:01:35] Skipping run (already completed)
	completed 37.7 hours ago at 2025-11-16T06:19:17Z UTC
	location: /zata/zippy/kresgeb/nmf_stuff/dlPFC/data/batched_nmf/nmf_k80_seed2025_tol1e-06_L10.2.rds
[2025-11-17 15:01:35] --------------------------------------------
[2025-11-17 15:01:35] Starting run 399 / 750: k=90, seed=2025, tol=1e-06, L1=0.2
[2025-11-17 15:01:35] --------------------------------------------
[2025-11-17 15:01:35] Skipping run (already completed)
	completed 37.0 hours ago at 2025-11-16T07:00:41Z UTC
	location: /zata/zippy/kresgeb/nmf_stuff/dlPFC/data/batched_nmf/nmf_k90_seed2025_tol1e-06_L10.2.rds
[2025-11-17 15:01:35] --------------------------------------------
[2025-11-17 15:01:35] Starting run 400 / 750: k=100, seed=2025, tol=1e-06, L1=0.2
[2025-11-17 15:01:35] --------------------------------------------
[2025-11-17 15:01:35] Skipping run (already completed)
	completed 36.2 hours ago at 2025-11-16T07:49:30Z UTC
	location: /zata/zippy/kresgeb/nmf_stuff/dlPFC/data/batched_nmf/nmf_k100_seed2025_tol1e-06_L10.2.rds
[2025-11-17 15:01:35] --------------------------------------------
[2025-11-17 15:01:35] Starting run 401 / 750: k=10, seed=42, tol=1e-07, L1=0.2
[2025-11-17 15:01:35] --------------------------------------------
[2025-11-17 15:01:35] Skipping run (already completed)
	completed 36.2 hours ago at 2025-11-16T07:52:13Z UTC
	location: /zata/zippy/kresgeb/nmf_stuff/dlPFC/data/batched_nmf/nmf_k10_seed42_tol1e-07_L10.2.rds
[2025-11-17 15:01:35] --------------------------------------------
[2025-11-17 15:01:35] Starting run 402 / 750: k=20, seed=42, tol=1e-07, L1=0.2
[2025-11-17 15:01:35] --------------------------------------------
[2025-11-17 15:01:35] Skipping run (already completed)
	completed 36.1 hours ago at 2025-11-16T07:56:52Z UTC
	location: /zata/zippy/kresgeb/nmf_stuff/dlPFC/data/batched_nmf/nmf_k20_seed42_tol1e-07_L10.2.rds
[2025-11-17 15:01:35] --------------------------------------------
[2025-11-17 15:01:35] Starting run 403 / 750: k=30, seed=42, tol=1e-07, L1=0.2
[2025-11-17 15:01:35] --------------------------------------------
[2025-11-17 15:01:35] Skipping run (already completed)
	completed 35.9 hours ago at 2025-11-16T08:09:41Z UTC
	location: /zata/zippy/kresgeb/nmf_stuff/dlPFC/data/batched_nmf/nmf_k30_seed42_tol1e-07_L10.2.rds
[2025-11-17 15:01:35] --------------------------------------------
[2025-11-17 15:01:35] Starting run 404 / 750: k=40, seed=42, tol=1e-07, L1=0.2
[2025-11-17 15:01:35] --------------------------------------------
[2025-11-17 15:01:35] Skipping run (already completed)
	completed 35.6 hours ago at 2025-11-16T08:27:15Z UTC
	location: /zata/zippy/kresgeb/nmf_stuff/dlPFC/data/batched_nmf/nmf_k40_seed42_tol1e-07_L10.2.rds
[2025-11-17 15:01:35] --------------------------------------------
[2025-11-17 15:01:35] Starting run 405 / 750: k=50, seed=42, tol=1e-07, L1=0.2
[2025-11-17 15:01:35] --------------------------------------------
[2025-11-17 15:01:35] Skipping run (already completed)
	completed 35.2 hours ago at 2025-11-16T08:49:06Z UTC
	location: /zata/zippy/kresgeb/nmf_stuff/dlPFC/data/batched_nmf/nmf_k50_seed42_tol1e-07_L10.2.rds
[2025-11-17 15:01:35] --------------------------------------------
[2025-11-17 15:01:35] Starting run 406 / 750: k=60, seed=42, tol=1e-07, L1=0.2
[2025-11-17 15:01:35] --------------------------------------------
[2025-11-17 15:01:35] Skipping run (already completed)
	completed 34.7 hours ago at 2025-11-16T09:21:13Z UTC
	location: /zata/zippy/kresgeb/nmf_stuff/dlPFC/data/batched_nmf/nmf_k60_seed42_tol1e-07_L10.2.rds
[2025-11-17 15:01:35] --------------------------------------------
[2025-11-17 15:01:35] Starting run 407 / 750: k=70, seed=42, tol=1e-07, L1=0.2
[2025-11-17 15:01:35] --------------------------------------------
[2025-11-17 15:01:35] Skipping run (already completed)
	completed 34.2 hours ago at 2025-11-16T09:50:57Z UTC
	location: /zata/zippy/kresgeb/nmf_stuff/dlPFC/data/batched_nmf/nmf_k70_seed42_tol1e-07_L10.2.rds
[2025-11-17 15:01:35] --------------------------------------------
[2025-11-17 15:01:35] Starting run 408 / 750: k=80, seed=42, tol=1e-07, L1=0.2
[2025-11-17 15:01:35] --------------------------------------------
[2025-11-17 15:01:35] Skipping run (already completed)
	completed 33.5 hours ago at 2025-11-16T10:33:13Z UTC
	location: /zata/zippy/kresgeb/nmf_stuff/dlPFC/data/batched_nmf/nmf_k80_seed42_tol1e-07_L10.2.rds
[2025-11-17 15:01:35] --------------------------------------------
[2025-11-17 15:01:35] Starting run 409 / 750: k=90, seed=42, tol=1e-07, L1=0.2
[2025-11-17 15:01:35] --------------------------------------------
[2025-11-17 15:01:35] Skipping run (already completed)
	completed 32.6 hours ago at 2025-11-16T11:27:05Z UTC
	location: /zata/zippy/kresgeb/nmf_stuff/dlPFC/data/batched_nmf/nmf_k90_seed42_tol1e-07_L10.2.rds
[2025-11-17 15:01:35] --------------------------------------------
[2025-11-17 15:01:35] Starting run 410 / 750: k=100, seed=42, tol=1e-07, L1=0.2
[2025-11-17 15:01:35] --------------------------------------------
[2025-11-17 15:01:35] Skipping run (already completed)
	completed 31.0 hours ago at 2025-11-16T13:02:31Z UTC
	location: /zata/zippy/kresgeb/nmf_stuff/dlPFC/data/batched_nmf/nmf_k100_seed42_tol1e-07_L10.2.rds
[2025-11-17 15:01:35] --------------------------------------------
[2025-11-17 15:01:35] Starting run 411 / 750: k=10, seed=1029, tol=1e-07, L1=0.2
[2025-11-17 15:01:35] --------------------------------------------
[2025-11-17 15:01:35] Skipping run (already completed)
	completed 30.9 hours ago at 2025-11-16T13:04:54Z UTC
	location: /zata/zippy/kresgeb/nmf_stuff/dlPFC/data/batched_nmf/nmf_k10_seed1029_tol1e-07_L10.2.rds
[2025-11-17 15:01:35] --------------------------------------------
[2025-11-17 15:01:35] Starting run 412 / 750: k=20, seed=1029, tol=1e-07, L1=0.2
[2025-11-17 15:01:35] --------------------------------------------
[2025-11-17 15:01:35] Skipping run (already completed)
	completed 30.8 hours ago at 2025-11-16T13:13:13Z UTC
	location: /zata/zippy/kresgeb/nmf_stuff/dlPFC/data/batched_nmf/nmf_k20_seed1029_tol1e-07_L10.2.rds
[2025-11-17 15:01:35] --------------------------------------------
[2025-11-17 15:01:35] Starting run 413 / 750: k=30, seed=1029, tol=1e-07, L1=0.2
[2025-11-17 15:01:35] --------------------------------------------
[2025-11-17 15:01:35] Skipping run (already completed)
	completed 30.7 hours ago at 2025-11-16T13:20:12Z UTC
	location: /zata/zippy/kresgeb/nmf_stuff/dlPFC/data/batched_nmf/nmf_k30_seed1029_tol1e-07_L10.2.rds
[2025-11-17 15:01:35] --------------------------------------------
[2025-11-17 15:01:35] Starting run 414 / 750: k=40, seed=1029, tol=1e-07, L1=0.2
[2025-11-17 15:01:35] --------------------------------------------
[2025-11-17 15:01:35] Skipping run (already completed)
	completed 30.5 hours ago at 2025-11-16T13:30:35Z UTC
	location: /zata/zippy/kresgeb/nmf_stuff/dlPFC/data/batched_nmf/nmf_k40_seed1029_tol1e-07_L10.2.rds
[2025-11-17 15:01:35] --------------------------------------------
[2025-11-17 15:01:35] Starting run 415 / 750: k=50, seed=1029, tol=1e-07, L1=0.2
[2025-11-17 15:01:35] --------------------------------------------
[2025-11-17 15:01:35] Skipping run (already completed)
	completed 30.0 hours ago at 2025-11-16T13:58:44Z UTC
	location: /zata/zippy/kresgeb/nmf_stuff/dlPFC/data/batched_nmf/nmf_k50_seed1029_tol1e-07_L10.2.rds
[2025-11-17 15:01:35] --------------------------------------------
[2025-11-17 15:01:35] Starting run 416 / 750: k=60, seed=1029, tol=1e-07, L1=0.2
[2025-11-17 15:01:35] --------------------------------------------
[2025-11-17 15:01:35] Skipping run (already completed)
	completed 29.7 hours ago at 2025-11-16T14:19:05Z UTC
	location: /zata/zippy/kresgeb/nmf_stuff/dlPFC/data/batched_nmf/nmf_k60_seed1029_tol1e-07_L10.2.rds
[2025-11-17 15:01:35] --------------------------------------------
[2025-11-17 15:01:35] Starting run 417 / 750: k=70, seed=1029, tol=1e-07, L1=0.2
[2025-11-17 15:01:35] --------------------------------------------
[2025-11-17 15:01:36] Skipping run (already completed)
	completed 29.2 hours ago at 2025-11-16T14:50:46Z UTC
	location: /zata/zippy/kresgeb/nmf_stuff/dlPFC/data/batched_nmf/nmf_k70_seed1029_tol1e-07_L10.2.rds
[2025-11-17 15:01:36] --------------------------------------------
[2025-11-17 15:01:36] Starting run 418 / 750: k=80, seed=1029, tol=1e-07, L1=0.2
[2025-11-17 15:01:36] --------------------------------------------
[2025-11-17 15:01:36] Skipping run (already completed)
	completed 28.1 hours ago at 2025-11-16T15:55:52Z UTC
	location: /zata/zippy/kresgeb/nmf_stuff/dlPFC/data/batched_nmf/nmf_k80_seed1029_tol1e-07_L10.2.rds
[2025-11-17 15:01:36] --------------------------------------------
[2025-11-17 15:01:36] Starting run 419 / 750: k=90, seed=1029, tol=1e-07, L1=0.2
[2025-11-17 15:01:36] --------------------------------------------
[2025-11-17 15:01:36] Skipping run (already completed)
	completed 26.9 hours ago at 2025-11-16T17:07:12Z UTC
	location: /zata/zippy/kresgeb/nmf_stuff/dlPFC/data/batched_nmf/nmf_k90_seed1029_tol1e-07_L10.2.rds
[2025-11-17 15:01:36] --------------------------------------------
[2025-11-17 15:01:36] Starting run 420 / 750: k=100, seed=1029, tol=1e-07, L1=0.2
[2025-11-17 15:01:36] --------------------------------------------
[2025-11-17 15:01:36] Skipping run (already completed)
	completed 25.8 hours ago at 2025-11-16T18:16:09Z UTC
	location: /zata/zippy/kresgeb/nmf_stuff/dlPFC/data/batched_nmf/nmf_k100_seed1029_tol1e-07_L10.2.rds
[2025-11-17 15:01:36] --------------------------------------------
[2025-11-17 15:01:36] Starting run 421 / 750: k=10, seed=31415, tol=1e-07, L1=0.2
[2025-11-17 15:01:36] --------------------------------------------
[2025-11-17 15:01:36] Skipping run (already completed)
	completed 25.7 hours ago at 2025-11-16T18:19:09Z UTC
	location: /zata/zippy/kresgeb/nmf_stuff/dlPFC/data/batched_nmf/nmf_k10_seed31415_tol1e-07_L10.2.rds
[2025-11-17 15:01:36] --------------------------------------------
[2025-11-17 15:01:36] Starting run 422 / 750: k=20, seed=31415, tol=1e-07, L1=0.2
[2025-11-17 15:01:36] --------------------------------------------
[2025-11-17 15:01:36] Skipping run (already completed)
	completed 25.6 hours ago at 2025-11-16T18:24:17Z UTC
	location: /zata/zippy/kresgeb/nmf_stuff/dlPFC/data/batched_nmf/nmf_k20_seed31415_tol1e-07_L10.2.rds
[2025-11-17 15:01:36] --------------------------------------------
[2025-11-17 15:01:36] Starting run 423 / 750: k=30, seed=31415, tol=1e-07, L1=0.2
[2025-11-17 15:01:36] --------------------------------------------
[2025-11-17 15:01:36] Skipping run (already completed)
	completed 25.5 hours ago at 2025-11-16T18:32:22Z UTC
	location: /zata/zippy/kresgeb/nmf_stuff/dlPFC/data/batched_nmf/nmf_k30_seed31415_tol1e-07_L10.2.rds
[2025-11-17 15:01:36] --------------------------------------------
[2025-11-17 15:01:36] Starting run 424 / 750: k=40, seed=31415, tol=1e-07, L1=0.2
[2025-11-17 15:01:36] --------------------------------------------
[2025-11-17 15:01:36] Skipping run (already completed)
	completed 25.3 hours ago at 2025-11-16T18:46:08Z UTC
	location: /zata/zippy/kresgeb/nmf_stuff/dlPFC/data/batched_nmf/nmf_k40_seed31415_tol1e-07_L10.2.rds
[2025-11-17 15:01:36] --------------------------------------------
[2025-11-17 15:01:36] Starting run 425 / 750: k=50, seed=31415, tol=1e-07, L1=0.2
[2025-11-17 15:01:36] --------------------------------------------
[2025-11-17 15:01:36] Skipping run (already completed)
	completed 24.7 hours ago at 2025-11-16T19:22:03Z UTC
	location: /zata/zippy/kresgeb/nmf_stuff/dlPFC/data/batched_nmf/nmf_k50_seed31415_tol1e-07_L10.2.rds
[2025-11-17 15:01:36] --------------------------------------------
[2025-11-17 15:01:36] Starting run 426 / 750: k=60, seed=31415, tol=1e-07, L1=0.2
[2025-11-17 15:01:36] --------------------------------------------
[2025-11-17 15:01:36] Skipping run (already completed)
	completed 24.3 hours ago at 2025-11-16T19:45:48Z UTC
	location: /zata/zippy/kresgeb/nmf_stuff/dlPFC/data/batched_nmf/nmf_k60_seed31415_tol1e-07_L10.2.rds
[2025-11-17 15:01:36] --------------------------------------------
[2025-11-17 15:01:36] Starting run 427 / 750: k=70, seed=31415, tol=1e-07, L1=0.2
[2025-11-17 15:01:36] --------------------------------------------
[2025-11-17 15:01:36] Skipping run (already completed)
	completed 23.3 hours ago at 2025-11-16T20:46:05Z UTC
	location: /zata/zippy/kresgeb/nmf_stuff/dlPFC/data/batched_nmf/nmf_k70_seed31415_tol1e-07_L10.2.rds
[2025-11-17 15:01:36] --------------------------------------------
[2025-11-17 15:01:36] Starting run 428 / 750: k=80, seed=31415, tol=1e-07, L1=0.2
[2025-11-17 15:01:36] --------------------------------------------
[2025-11-17 15:01:36] Skipping run (already completed)
	completed 22.5 hours ago at 2025-11-16T21:31:32Z UTC
	location: /zata/zippy/kresgeb/nmf_stuff/dlPFC/data/batched_nmf/nmf_k80_seed31415_tol1e-07_L10.2.rds
[2025-11-17 15:01:36] --------------------------------------------
[2025-11-17 15:01:36] Starting run 429 / 750: k=90, seed=31415, tol=1e-07, L1=0.2
[2025-11-17 15:01:36] --------------------------------------------
[2025-11-17 15:01:36] Skipping run (already completed)
	completed 21.2 hours ago at 2025-11-16T22:48:56Z UTC
	location: /zata/zippy/kresgeb/nmf_stuff/dlPFC/data/batched_nmf/nmf_k90_seed31415_tol1e-07_L10.2.rds
[2025-11-17 15:01:36] --------------------------------------------
[2025-11-17 15:01:36] Starting run 430 / 750: k=100, seed=31415, tol=1e-07, L1=0.2
[2025-11-17 15:01:36] --------------------------------------------
[2025-11-17 15:01:36] Skipping run (already completed)
	completed 19.4 hours ago at 2025-11-17T00:36:30Z UTC
	location: /zata/zippy/kresgeb/nmf_stuff/dlPFC/data/batched_nmf/nmf_k100_seed31415_tol1e-07_L10.2.rds
[2025-11-17 15:01:36] --------------------------------------------
[2025-11-17 15:01:36] Starting run 431 / 750: k=10, seed=120301, tol=1e-07, L1=0.2
[2025-11-17 15:01:36] --------------------------------------------
[2025-11-17 15:01:36] Skipping run (already completed)
	completed 19.4 hours ago at 2025-11-17T00:39:44Z UTC
	location: /zata/zippy/kresgeb/nmf_stuff/dlPFC/data/batched_nmf/nmf_k10_seed120301_tol1e-07_L10.2.rds
[2025-11-17 15:01:36] --------------------------------------------
[2025-11-17 15:01:36] Starting run 432 / 750: k=20, seed=120301, tol=1e-07, L1=0.2
[2025-11-17 15:01:36] --------------------------------------------
[2025-11-17 15:01:36] Skipping run (already completed)
	completed 19.3 hours ago at 2025-11-17T00:44:22Z UTC
	location: /zata/zippy/kresgeb/nmf_stuff/dlPFC/data/batched_nmf/nmf_k20_seed120301_tol1e-07_L10.2.rds
[2025-11-17 15:01:36] --------------------------------------------
[2025-11-17 15:01:36] Starting run 433 / 750: k=30, seed=120301, tol=1e-07, L1=0.2
[2025-11-17 15:01:36] --------------------------------------------
[2025-11-17 15:01:36] Skipping run (already completed)
	completed 19.2 hours ago at 2025-11-17T00:52:11Z UTC
	location: /zata/zippy/kresgeb/nmf_stuff/dlPFC/data/batched_nmf/nmf_k30_seed120301_tol1e-07_L10.2.rds
[2025-11-17 15:01:36] --------------------------------------------
[2025-11-17 15:01:36] Starting run 434 / 750: k=40, seed=120301, tol=1e-07, L1=0.2
[2025-11-17 15:01:36] --------------------------------------------
[2025-11-17 15:01:36] Skipping run (already completed)
	completed 18.9 hours ago at 2025-11-17T01:08:25Z UTC
	location: /zata/zippy/kresgeb/nmf_stuff/dlPFC/data/batched_nmf/nmf_k40_seed120301_tol1e-07_L10.2.rds
[2025-11-17 15:01:36] --------------------------------------------
[2025-11-17 15:01:36] Starting run 435 / 750: k=50, seed=120301, tol=1e-07, L1=0.2
[2025-11-17 15:01:36] --------------------------------------------
[2025-11-17 15:01:36] Skipping run (already completed)
	completed 18.6 hours ago at 2025-11-17T01:27:36Z UTC
	location: /zata/zippy/kresgeb/nmf_stuff/dlPFC/data/batched_nmf/nmf_k50_seed120301_tol1e-07_L10.2.rds
[2025-11-17 15:01:36] --------------------------------------------
[2025-11-17 15:01:36] Starting run 436 / 750: k=60, seed=120301, tol=1e-07, L1=0.2
[2025-11-17 15:01:36] --------------------------------------------
[2025-11-17 15:01:36] Skipping run (already completed)
	completed 17.6 hours ago at 2025-11-17T02:27:21Z UTC
	location: /zata/zippy/kresgeb/nmf_stuff/dlPFC/data/batched_nmf/nmf_k60_seed120301_tol1e-07_L10.2.rds
[2025-11-17 15:01:36] --------------------------------------------
[2025-11-17 15:01:36] Starting run 437 / 750: k=70, seed=120301, tol=1e-07, L1=0.2
[2025-11-17 15:01:36] --------------------------------------------
[2025-11-17 15:01:36] Skipping run (already completed)
	completed 16.8 hours ago at 2025-11-17T03:15:58Z UTC
	location: /zata/zippy/kresgeb/nmf_stuff/dlPFC/data/batched_nmf/nmf_k70_seed120301_tol1e-07_L10.2.rds
[2025-11-17 15:01:36] --------------------------------------------
[2025-11-17 15:01:36] Starting run 438 / 750: k=80, seed=120301, tol=1e-07, L1=0.2
[2025-11-17 15:01:36] --------------------------------------------
[2025-11-17 15:01:36] Skipping run (already completed)
	completed 16.2 hours ago at 2025-11-17T03:50:32Z UTC
	location: /zata/zippy/kresgeb/nmf_stuff/dlPFC/data/batched_nmf/nmf_k80_seed120301_tol1e-07_L10.2.rds
[2025-11-17 15:01:36] --------------------------------------------
[2025-11-17 15:01:36] Starting run 439 / 750: k=90, seed=120301, tol=1e-07, L1=0.2
[2025-11-17 15:01:36] --------------------------------------------
[2025-11-17 15:01:36] Skipping run (already completed)
	completed 15.3 hours ago at 2025-11-17T04:44:27Z UTC
	location: /zata/zippy/kresgeb/nmf_stuff/dlPFC/data/batched_nmf/nmf_k90_seed120301_tol1e-07_L10.2.rds
[2025-11-17 15:01:36] --------------------------------------------
[2025-11-17 15:01:36] Starting run 440 / 750: k=100, seed=120301, tol=1e-07, L1=0.2
[2025-11-17 15:01:36] --------------------------------------------
[2025-11-17 15:01:36] Skipping run (already completed)
	completed 13.6 hours ago at 2025-11-17T06:27:56Z UTC
	location: /zata/zippy/kresgeb/nmf_stuff/dlPFC/data/batched_nmf/nmf_k100_seed120301_tol1e-07_L10.2.rds
[2025-11-17 15:01:36] --------------------------------------------
[2025-11-17 15:01:36] Starting run 441 / 750: k=10, seed=2025, tol=1e-07, L1=0.2
[2025-11-17 15:01:36] --------------------------------------------
[2025-11-17 15:01:37] Skipping run (already completed)
	completed 13.5 hours ago at 2025-11-17T06:30:17Z UTC
	location: /zata/zippy/kresgeb/nmf_stuff/dlPFC/data/batched_nmf/nmf_k10_seed2025_tol1e-07_L10.2.rds
[2025-11-17 15:01:37] --------------------------------------------
[2025-11-17 15:01:37] Starting run 442 / 750: k=20, seed=2025, tol=1e-07, L1=0.2
[2025-11-17 15:01:37] --------------------------------------------
[2025-11-17 15:01:37] Skipping run (already completed)
	completed 13.4 hours ago at 2025-11-17T06:35:59Z UTC
	location: /zata/zippy/kresgeb/nmf_stuff/dlPFC/data/batched_nmf/nmf_k20_seed2025_tol1e-07_L10.2.rds
[2025-11-17 15:01:37] --------------------------------------------
[2025-11-17 15:01:37] Starting run 443 / 750: k=30, seed=2025, tol=1e-07, L1=0.2
[2025-11-17 15:01:37] --------------------------------------------
[2025-11-17 15:01:37] Skipping run (already completed)
	completed 13.2 hours ago at 2025-11-17T06:48:25Z UTC
	location: /zata/zippy/kresgeb/nmf_stuff/dlPFC/data/batched_nmf/nmf_k30_seed2025_tol1e-07_L10.2.rds
[2025-11-17 15:01:37] --------------------------------------------
[2025-11-17 15:01:37] Starting run 444 / 750: k=40, seed=2025, tol=1e-07, L1=0.2
[2025-11-17 15:01:37] --------------------------------------------
[2025-11-17 15:01:37] Skipping run (already completed)
	completed 12.9 hours ago at 2025-11-17T07:04:54Z UTC
	location: /zata/zippy/kresgeb/nmf_stuff/dlPFC/data/batched_nmf/nmf_k40_seed2025_tol1e-07_L10.2.rds
[2025-11-17 15:01:37] --------------------------------------------
[2025-11-17 15:01:37] Starting run 445 / 750: k=50, seed=2025, tol=1e-07, L1=0.2
[2025-11-17 15:01:37] --------------------------------------------
[2025-11-17 15:01:37] Skipping run (already completed)
	completed 12.6 hours ago at 2025-11-17T07:25:54Z UTC
	location: /zata/zippy/kresgeb/nmf_stuff/dlPFC/data/batched_nmf/nmf_k50_seed2025_tol1e-07_L10.2.rds
[2025-11-17 15:01:37] --------------------------------------------
[2025-11-17 15:01:37] Starting run 446 / 750: k=60, seed=2025, tol=1e-07, L1=0.2
[2025-11-17 15:01:37] --------------------------------------------
[2025-11-17 15:01:37] Skipping run (already completed)
	completed 12.1 hours ago at 2025-11-17T07:56:09Z UTC
	location: /zata/zippy/kresgeb/nmf_stuff/dlPFC/data/batched_nmf/nmf_k60_seed2025_tol1e-07_L10.2.rds
[2025-11-17 15:01:37] --------------------------------------------
[2025-11-17 15:01:37] Starting run 447 / 750: k=70, seed=2025, tol=1e-07, L1=0.2
[2025-11-17 15:01:37] --------------------------------------------
[2025-11-17 15:01:37] Skipping run (already completed)
	completed 11.6 hours ago at 2025-11-17T08:23:40Z UTC
	location: /zata/zippy/kresgeb/nmf_stuff/dlPFC/data/batched_nmf/nmf_k70_seed2025_tol1e-07_L10.2.rds
[2025-11-17 15:01:37] --------------------------------------------
[2025-11-17 15:01:37] Starting run 448 / 750: k=80, seed=2025, tol=1e-07, L1=0.2
[2025-11-17 15:01:37] --------------------------------------------
[2025-11-17 15:01:37] Skipping run (already completed)
	completed 10.9 hours ago at 2025-11-17T09:10:03Z UTC
	location: /zata/zippy/kresgeb/nmf_stuff/dlPFC/data/batched_nmf/nmf_k80_seed2025_tol1e-07_L10.2.rds
[2025-11-17 15:01:37] --------------------------------------------
[2025-11-17 15:01:37] Starting run 449 / 750: k=90, seed=2025, tol=1e-07, L1=0.2
[2025-11-17 15:01:37] --------------------------------------------
[2025-11-17 15:01:37] Skipping run (already completed)
	completed 9.8 hours ago at 2025-11-17T10:14:31Z UTC
	location: /zata/zippy/kresgeb/nmf_stuff/dlPFC/data/batched_nmf/nmf_k90_seed2025_tol1e-07_L10.2.rds
[2025-11-17 15:01:37] --------------------------------------------
[2025-11-17 15:01:37] Starting run 450 / 750: k=100, seed=2025, tol=1e-07, L1=0.2
[2025-11-17 15:01:37] --------------------------------------------
[2025-11-17 15:01:37] Skipping run (already completed)
	completed 8.4 hours ago at 2025-11-17T11:38:38Z UTC
	location: /zata/zippy/kresgeb/nmf_stuff/dlPFC/data/batched_nmf/nmf_k100_seed2025_tol1e-07_L10.2.rds
[2025-11-17 15:01:37] --------------------------------------------
[2025-11-17 15:01:37] Starting run 451 / 750: k=10, seed=42, tol=1e-05, L1=0.5
[2025-11-17 15:01:37] --------------------------------------------
[2025-11-17 15:01:37] Skipping run (already completed)
	completed 8.3 hours ago at 2025-11-17T11:40:55Z UTC
	location: /zata/zippy/kresgeb/nmf_stuff/dlPFC/data/batched_nmf/nmf_k10_seed42_tol1e-05_L10.5.rds
[2025-11-17 15:01:37] --------------------------------------------
[2025-11-17 15:01:37] Starting run 452 / 750: k=20, seed=42, tol=1e-05, L1=0.5
[2025-11-17 15:01:37] --------------------------------------------
[2025-11-17 15:01:37] Skipping run (already completed)
	completed 8.3 hours ago at 2025-11-17T11:43:48Z UTC
	location: /zata/zippy/kresgeb/nmf_stuff/dlPFC/data/batched_nmf/nmf_k20_seed42_tol1e-05_L10.5.rds
[2025-11-17 15:01:37] --------------------------------------------
[2025-11-17 15:01:37] Starting run 453 / 750: k=30, seed=42, tol=1e-05, L1=0.5
[2025-11-17 15:01:37] --------------------------------------------
[2025-11-17 15:01:37] Skipping run (already completed)
	completed 8.2 hours ago at 2025-11-17T11:48:05Z UTC
	location: /zata/zippy/kresgeb/nmf_stuff/dlPFC/data/batched_nmf/nmf_k30_seed42_tol1e-05_L10.5.rds
[2025-11-17 15:01:37] --------------------------------------------
[2025-11-17 15:01:37] Starting run 454 / 750: k=40, seed=42, tol=1e-05, L1=0.5
[2025-11-17 15:01:37] --------------------------------------------
[2025-11-17 15:01:37] Skipping run (already completed)
	completed 8.1 hours ago at 2025-11-17T11:53:57Z UTC
	location: /zata/zippy/kresgeb/nmf_stuff/dlPFC/data/batched_nmf/nmf_k40_seed42_tol1e-05_L10.5.rds
[2025-11-17 15:01:37] --------------------------------------------
[2025-11-17 15:01:37] Starting run 455 / 750: k=50, seed=42, tol=1e-05, L1=0.5
[2025-11-17 15:01:37] --------------------------------------------
[2025-11-17 15:01:37] Skipping run (already completed)
	completed 8.0 hours ago at 2025-11-17T12:02:40Z UTC
	location: /zata/zippy/kresgeb/nmf_stuff/dlPFC/data/batched_nmf/nmf_k50_seed42_tol1e-05_L10.5.rds
[2025-11-17 15:01:37] --------------------------------------------
[2025-11-17 15:01:37] Starting run 456 / 750: k=60, seed=42, tol=1e-05, L1=0.5
[2025-11-17 15:01:37] --------------------------------------------
[2025-11-17 15:01:37] Skipping run (already completed)
	completed 7.9 hours ago at 2025-11-17T12:10:11Z UTC
	location: /zata/zippy/kresgeb/nmf_stuff/dlPFC/data/batched_nmf/nmf_k60_seed42_tol1e-05_L10.5.rds
[2025-11-17 15:01:37] --------------------------------------------
[2025-11-17 15:01:37] Starting run 457 / 750: k=70, seed=42, tol=1e-05, L1=0.5
[2025-11-17 15:01:37] --------------------------------------------
[2025-11-17 15:01:37] Skipping run (already completed)
	completed 7.7 hours ago at 2025-11-17T12:19:42Z UTC
	location: /zata/zippy/kresgeb/nmf_stuff/dlPFC/data/batched_nmf/nmf_k70_seed42_tol1e-05_L10.5.rds
[2025-11-17 15:01:37] --------------------------------------------
[2025-11-17 15:01:37] Starting run 458 / 750: k=80, seed=42, tol=1e-05, L1=0.5
[2025-11-17 15:01:37] --------------------------------------------
[2025-11-17 15:01:37] Skipping run (already completed)
	completed 7.4 hours ago at 2025-11-17T12:39:05Z UTC
	location: /zata/zippy/kresgeb/nmf_stuff/dlPFC/data/batched_nmf/nmf_k80_seed42_tol1e-05_L10.5.rds
[2025-11-17 15:01:37] --------------------------------------------
[2025-11-17 15:01:37] Starting run 459 / 750: k=90, seed=42, tol=1e-05, L1=0.5
[2025-11-17 15:01:37] --------------------------------------------
[2025-11-17 15:01:37] Skipping run (already completed)
	completed 7.0 hours ago at 2025-11-17T13:04:25Z UTC
	location: /zata/zippy/kresgeb/nmf_stuff/dlPFC/data/batched_nmf/nmf_k90_seed42_tol1e-05_L10.5.rds
[2025-11-17 15:01:37] --------------------------------------------
[2025-11-17 15:01:37] Starting run 460 / 750: k=100, seed=42, tol=1e-05, L1=0.5
[2025-11-17 15:01:37] --------------------------------------------
[2025-11-17 15:01:37] Skipping run (already completed)
	completed 6.5 hours ago at 2025-11-17T13:30:19Z UTC
	location: /zata/zippy/kresgeb/nmf_stuff/dlPFC/data/batched_nmf/nmf_k100_seed42_tol1e-05_L10.5.rds
[2025-11-17 15:01:37] --------------------------------------------
[2025-11-17 15:01:37] Starting run 461 / 750: k=10, seed=1029, tol=1e-05, L1=0.5
[2025-11-17 15:01:37] --------------------------------------------
[2025-11-17 15:01:37] Skipping run (already completed)
	completed 6.5 hours ago at 2025-11-17T13:32:31Z UTC
	location: /zata/zippy/kresgeb/nmf_stuff/dlPFC/data/batched_nmf/nmf_k10_seed1029_tol1e-05_L10.5.rds
[2025-11-17 15:01:37] --------------------------------------------
[2025-11-17 15:01:37] Starting run 462 / 750: k=20, seed=1029, tol=1e-05, L1=0.5
[2025-11-17 15:01:37] --------------------------------------------
[2025-11-17 15:01:37] Skipping run (already completed)
	completed 6.4 hours ago at 2025-11-17T13:35:03Z UTC
	location: /zata/zippy/kresgeb/nmf_stuff/dlPFC/data/batched_nmf/nmf_k20_seed1029_tol1e-05_L10.5.rds
[2025-11-17 15:01:37] --------------------------------------------
[2025-11-17 15:01:37] Starting run 463 / 750: k=30, seed=1029, tol=1e-05, L1=0.5
[2025-11-17 15:01:37] --------------------------------------------
[2025-11-17 15:01:37] Skipping run (already completed)
	completed 6.4 hours ago at 2025-11-17T13:39:23Z UTC
	location: /zata/zippy/kresgeb/nmf_stuff/dlPFC/data/batched_nmf/nmf_k30_seed1029_tol1e-05_L10.5.rds
[2025-11-17 15:01:37] --------------------------------------------
[2025-11-17 15:01:37] Starting run 464 / 750: k=40, seed=1029, tol=1e-05, L1=0.5
[2025-11-17 15:01:37] --------------------------------------------
[2025-11-17 15:01:37] Skipping run (already completed)
	completed 6.3 hours ago at 2025-11-17T13:46:08Z UTC
	location: /zata/zippy/kresgeb/nmf_stuff/dlPFC/data/batched_nmf/nmf_k40_seed1029_tol1e-05_L10.5.rds
[2025-11-17 15:01:37] --------------------------------------------
[2025-11-17 15:01:37] Starting run 465 / 750: k=50, seed=1029, tol=1e-05, L1=0.5
[2025-11-17 15:01:37] --------------------------------------------
[2025-11-17 15:01:37] Skipping run (already completed)
	completed 6.1 hours ago at 2025-11-17T13:54:12Z UTC
	location: /zata/zippy/kresgeb/nmf_stuff/dlPFC/data/batched_nmf/nmf_k50_seed1029_tol1e-05_L10.5.rds
[2025-11-17 15:01:37] --------------------------------------------
[2025-11-17 15:01:37] Starting run 466 / 750: k=60, seed=1029, tol=1e-05, L1=0.5
[2025-11-17 15:01:37] --------------------------------------------
[2025-11-17 15:01:37] Skipping run (already completed)
	completed 6.0 hours ago at 2025-11-17T14:03:14Z UTC
	location: /zata/zippy/kresgeb/nmf_stuff/dlPFC/data/batched_nmf/nmf_k60_seed1029_tol1e-05_L10.5.rds
[2025-11-17 15:01:37] --------------------------------------------
[2025-11-17 15:01:37] Starting run 467 / 750: k=70, seed=1029, tol=1e-05, L1=0.5
[2025-11-17 15:01:37] --------------------------------------------
[2025-11-17 15:01:38] Skipping run (already completed)
	completed 5.7 hours ago at 2025-11-17T14:17:39Z UTC
	location: /zata/zippy/kresgeb/nmf_stuff/dlPFC/data/batched_nmf/nmf_k70_seed1029_tol1e-05_L10.5.rds
[2025-11-17 15:01:38] --------------------------------------------
[2025-11-17 15:01:38] Starting run 468 / 750: k=80, seed=1029, tol=1e-05, L1=0.5
[2025-11-17 15:01:38] --------------------------------------------
[2025-11-17 15:01:38] Skipping run (already completed)
	completed 5.5 hours ago at 2025-11-17T14:30:52Z UTC
	location: /zata/zippy/kresgeb/nmf_stuff/dlPFC/data/batched_nmf/nmf_k80_seed1029_tol1e-05_L10.5.rds
[2025-11-17 15:01:38] --------------------------------------------
[2025-11-17 15:01:38] Starting run 469 / 750: k=90, seed=1029, tol=1e-05, L1=0.5
[2025-11-17 15:01:38] --------------------------------------------
[2025-11-17 15:01:38] Skipping run (already completed)
	completed 5.1 hours ago at 2025-11-17T14:53:23Z UTC
	location: /zata/zippy/kresgeb/nmf_stuff/dlPFC/data/batched_nmf/nmf_k90_seed1029_tol1e-05_L10.5.rds
[2025-11-17 15:01:38] --------------------------------------------
[2025-11-17 15:01:38] Starting run 470 / 750: k=100, seed=1029, tol=1e-05, L1=0.5
[2025-11-17 15:01:38] --------------------------------------------
[2025-11-17 15:01:38] Skipping run (already completed)
	completed 4.8 hours ago at 2025-11-17T15:14:18Z UTC
	location: /zata/zippy/kresgeb/nmf_stuff/dlPFC/data/batched_nmf/nmf_k100_seed1029_tol1e-05_L10.5.rds
[2025-11-17 15:01:38] --------------------------------------------
[2025-11-17 15:01:38] Starting run 471 / 750: k=10, seed=31415, tol=1e-05, L1=0.5
[2025-11-17 15:01:38] --------------------------------------------
[2025-11-17 15:01:38] Skipping run (already completed)
	completed 4.7 hours ago at 2025-11-17T15:17:44Z UTC
	location: /zata/zippy/kresgeb/nmf_stuff/dlPFC/data/batched_nmf/nmf_k10_seed31415_tol1e-05_L10.5.rds
[2025-11-17 15:01:38] --------------------------------------------
[2025-11-17 15:01:38] Starting run 472 / 750: k=20, seed=31415, tol=1e-05, L1=0.5
[2025-11-17 15:01:38] --------------------------------------------
[2025-11-17 15:01:38] Skipping run (already completed)
	completed 4.7 hours ago at 2025-11-17T15:22:14Z UTC
	location: /zata/zippy/kresgeb/nmf_stuff/dlPFC/data/batched_nmf/nmf_k20_seed31415_tol1e-05_L10.5.rds
[2025-11-17 15:01:38] --------------------------------------------
[2025-11-17 15:01:38] Starting run 473 / 750: k=30, seed=31415, tol=1e-05, L1=0.5
[2025-11-17 15:01:38] --------------------------------------------
[2025-11-17 15:01:38] Skipping run (already completed)
	completed 4.6 hours ago at 2025-11-17T15:26:45Z UTC
	location: /zata/zippy/kresgeb/nmf_stuff/dlPFC/data/batched_nmf/nmf_k30_seed31415_tol1e-05_L10.5.rds
[2025-11-17 15:01:38] --------------------------------------------
[2025-11-17 15:01:38] Starting run 474 / 750: k=40, seed=31415, tol=1e-05, L1=0.5
[2025-11-17 15:01:38] --------------------------------------------
[2025-11-17 15:01:38] Skipping run (already completed)
	completed 4.5 hours ago at 2025-11-17T15:33:11Z UTC
	location: /zata/zippy/kresgeb/nmf_stuff/dlPFC/data/batched_nmf/nmf_k40_seed31415_tol1e-05_L10.5.rds
[2025-11-17 15:01:38] --------------------------------------------
[2025-11-17 15:01:38] Starting run 475 / 750: k=50, seed=31415, tol=1e-05, L1=0.5
[2025-11-17 15:01:38] --------------------------------------------
[2025-11-17 15:01:38] Skipping run (already completed)
	completed 4.3 hours ago at 2025-11-17T15:40:48Z UTC
	location: /zata/zippy/kresgeb/nmf_stuff/dlPFC/data/batched_nmf/nmf_k50_seed31415_tol1e-05_L10.5.rds
[2025-11-17 15:01:38] --------------------------------------------
[2025-11-17 15:01:38] Starting run 476 / 750: k=60, seed=31415, tol=1e-05, L1=0.5
[2025-11-17 15:01:38] --------------------------------------------
[2025-11-17 15:01:38] Skipping run (already completed)
	completed 4.2 hours ago at 2025-11-17T15:50:00Z UTC
	location: /zata/zippy/kresgeb/nmf_stuff/dlPFC/data/batched_nmf/nmf_k60_seed31415_tol1e-05_L10.5.rds
[2025-11-17 15:01:38] --------------------------------------------
[2025-11-17 15:01:38] Starting run 477 / 750: k=70, seed=31415, tol=1e-05, L1=0.5
[2025-11-17 15:01:38] --------------------------------------------
[2025-11-17 15:01:38] Skipping run (already completed)
	completed 3.9 hours ago at 2025-11-17T16:04:42Z UTC
	location: /zata/zippy/kresgeb/nmf_stuff/dlPFC/data/batched_nmf/nmf_k70_seed31415_tol1e-05_L10.5.rds
[2025-11-17 15:01:38] --------------------------------------------
[2025-11-17 15:01:38] Starting run 478 / 750: k=80, seed=31415, tol=1e-05, L1=0.5
[2025-11-17 15:01:38] --------------------------------------------
[2025-11-17 15:01:38] Skipping run (already completed)
	completed 3.8 hours ago at 2025-11-17T16:16:08Z UTC
	location: /zata/zippy/kresgeb/nmf_stuff/dlPFC/data/batched_nmf/nmf_k80_seed31415_tol1e-05_L10.5.rds
[2025-11-17 15:01:38] --------------------------------------------
[2025-11-17 15:01:38] Starting run 479 / 750: k=90, seed=31415, tol=1e-05, L1=0.5
[2025-11-17 15:01:38] --------------------------------------------
[2025-11-17 15:01:38] Skipping run (already completed)
	completed 3.4 hours ago at 2025-11-17T16:35:45Z UTC
	location: /zata/zippy/kresgeb/nmf_stuff/dlPFC/data/batched_nmf/nmf_k90_seed31415_tol1e-05_L10.5.rds
[2025-11-17 15:01:38] --------------------------------------------
[2025-11-17 15:01:38] Starting run 480 / 750: k=100, seed=31415, tol=1e-05, L1=0.5
[2025-11-17 15:01:38] --------------------------------------------
[2025-11-17 15:01:38] Skipping run (already completed)
	completed 3.1 hours ago at 2025-11-17T16:55:26Z UTC
	location: /zata/zippy/kresgeb/nmf_stuff/dlPFC/data/batched_nmf/nmf_k100_seed31415_tol1e-05_L10.5.rds
[2025-11-17 15:01:38] --------------------------------------------
[2025-11-17 15:01:38] Starting run 481 / 750: k=10, seed=120301, tol=1e-05, L1=0.5
[2025-11-17 15:01:38] --------------------------------------------
[2025-11-17 15:01:38] Skipping run (already completed)
	completed 3.1 hours ago at 2025-11-17T16:57:54Z UTC
	location: /zata/zippy/kresgeb/nmf_stuff/dlPFC/data/batched_nmf/nmf_k10_seed120301_tol1e-05_L10.5.rds
[2025-11-17 15:01:38] --------------------------------------------
[2025-11-17 15:01:38] Starting run 482 / 750: k=20, seed=120301, tol=1e-05, L1=0.5
[2025-11-17 15:01:38] --------------------------------------------
[2025-11-17 15:01:38] Skipping run (already completed)
	completed 3.0 hours ago at 2025-11-17T17:01:15Z UTC
	location: /zata/zippy/kresgeb/nmf_stuff/dlPFC/data/batched_nmf/nmf_k20_seed120301_tol1e-05_L10.5.rds
[2025-11-17 15:01:38] --------------------------------------------
[2025-11-17 15:01:38] Starting run 483 / 750: k=30, seed=120301, tol=1e-05, L1=0.5
[2025-11-17 15:01:38] --------------------------------------------
[2025-11-17 15:01:38] Skipping run (already completed)
	completed 2.9 hours ago at 2025-11-17T17:05:35Z UTC
	location: /zata/zippy/kresgeb/nmf_stuff/dlPFC/data/batched_nmf/nmf_k30_seed120301_tol1e-05_L10.5.rds
[2025-11-17 15:01:38] --------------------------------------------
[2025-11-17 15:01:38] Starting run 484 / 750: k=40, seed=120301, tol=1e-05, L1=0.5
[2025-11-17 15:01:38] --------------------------------------------
[2025-11-17 15:01:38] Skipping run (already completed)
	completed 2.8 hours ago at 2025-11-17T17:11:51Z UTC
	location: /zata/zippy/kresgeb/nmf_stuff/dlPFC/data/batched_nmf/nmf_k40_seed120301_tol1e-05_L10.5.rds
[2025-11-17 15:01:38] --------------------------------------------
[2025-11-17 15:01:38] Starting run 485 / 750: k=50, seed=120301, tol=1e-05, L1=0.5
[2025-11-17 15:01:38] --------------------------------------------
[2025-11-17 15:01:38] Skipping run (already completed)
	completed 2.7 hours ago at 2025-11-17T17:19:47Z UTC
	location: /zata/zippy/kresgeb/nmf_stuff/dlPFC/data/batched_nmf/nmf_k50_seed120301_tol1e-05_L10.5.rds
[2025-11-17 15:01:38] --------------------------------------------
[2025-11-17 15:01:38] Starting run 486 / 750: k=60, seed=120301, tol=1e-05, L1=0.5
[2025-11-17 15:01:38] --------------------------------------------
[2025-11-17 15:01:38] Skipping run (already completed)
	completed 2.5 hours ago at 2025-11-17T17:31:51Z UTC
	location: /zata/zippy/kresgeb/nmf_stuff/dlPFC/data/batched_nmf/nmf_k60_seed120301_tol1e-05_L10.5.rds
[2025-11-17 15:01:38] --------------------------------------------
[2025-11-17 15:01:38] Starting run 487 / 750: k=70, seed=120301, tol=1e-05, L1=0.5
[2025-11-17 15:01:38] --------------------------------------------
[2025-11-17 15:01:38] Skipping run (already completed)
	completed 2.2 hours ago at 2025-11-17T17:48:26Z UTC
	location: /zata/zippy/kresgeb/nmf_stuff/dlPFC/data/batched_nmf/nmf_k70_seed120301_tol1e-05_L10.5.rds
[2025-11-17 15:01:38] --------------------------------------------
[2025-11-17 15:01:38] Starting run 488 / 750: k=80, seed=120301, tol=1e-05, L1=0.5
[2025-11-17 15:01:38] --------------------------------------------
[2025-11-17 15:01:38] Skipping run (already completed)
	completed 2.0 hours ago at 2025-11-17T18:02:16Z UTC
	location: /zata/zippy/kresgeb/nmf_stuff/dlPFC/data/batched_nmf/nmf_k80_seed120301_tol1e-05_L10.5.rds
[2025-11-17 15:01:38] --------------------------------------------
[2025-11-17 15:01:38] Starting run 489 / 750: k=90, seed=120301, tol=1e-05, L1=0.5
[2025-11-17 15:01:38] --------------------------------------------
[2025-11-17 15:01:38] Skipping run (already completed)
	completed 1.7 hours ago at 2025-11-17T18:22:34Z UTC
	location: /zata/zippy/kresgeb/nmf_stuff/dlPFC/data/batched_nmf/nmf_k90_seed120301_tol1e-05_L10.5.rds
[2025-11-17 15:01:38] --------------------------------------------
[2025-11-17 15:01:38] Starting run 490 / 750: k=100, seed=120301, tol=1e-05, L1=0.5
[2025-11-17 15:01:38] --------------------------------------------
[2025-11-17 15:01:38] Skipping run (already completed)
	completed 1.3 hours ago at 2025-11-17T18:43:17Z UTC
	location: /zata/zippy/kresgeb/nmf_stuff/dlPFC/data/batched_nmf/nmf_k100_seed120301_tol1e-05_L10.5.rds
[2025-11-17 15:01:38] --------------------------------------------
[2025-11-17 15:01:38] Starting run 491 / 750: k=10, seed=2025, tol=1e-05, L1=0.5
[2025-11-17 15:01:38] --------------------------------------------
[2025-11-17 15:01:38] Skipping run (already completed)
	completed 1.3 hours ago at 2025-11-17T18:45:13Z UTC
	location: /zata/zippy/kresgeb/nmf_stuff/dlPFC/data/batched_nmf/nmf_k10_seed2025_tol1e-05_L10.5.rds
[2025-11-17 15:01:38] --------------------------------------------
[2025-11-17 15:01:38] Starting run 492 / 750: k=20, seed=2025, tol=1e-05, L1=0.5
[2025-11-17 15:01:38] --------------------------------------------
[2025-11-17 15:01:39] Skipping run (already completed)
	completed 1.2 hours ago at 2025-11-17T18:49:07Z UTC
	location: /zata/zippy/kresgeb/nmf_stuff/dlPFC/data/batched_nmf/nmf_k20_seed2025_tol1e-05_L10.5.rds
[2025-11-17 15:01:39] --------------------------------------------
[2025-11-17 15:01:39] Starting run 493 / 750: k=30, seed=2025, tol=1e-05, L1=0.5
[2025-11-17 15:01:39] --------------------------------------------
[2025-11-17 15:01:39] Skipping run (already completed)
	completed 1.1 hours ago at 2025-11-17T18:52:45Z UTC
	location: /zata/zippy/kresgeb/nmf_stuff/dlPFC/data/batched_nmf/nmf_k30_seed2025_tol1e-05_L10.5.rds
[2025-11-17 15:01:39] --------------------------------------------
[2025-11-17 15:01:39] Starting run 494 / 750: k=40, seed=2025, tol=1e-05, L1=0.5
[2025-11-17 15:01:39] --------------------------------------------
[2025-11-17 15:01:39] Skipping run (already completed)
	completed 1.0 hours ago at 2025-11-17T18:59:34Z UTC
	location: /zata/zippy/kresgeb/nmf_stuff/dlPFC/data/batched_nmf/nmf_k40_seed2025_tol1e-05_L10.5.rds
[2025-11-17 15:01:39] --------------------------------------------
[2025-11-17 15:01:39] Starting run 495 / 750: k=50, seed=2025, tol=1e-05, L1=0.5
[2025-11-17 15:01:39] --------------------------------------------
[2025-11-17 15:01:39] Skipping run (already completed)
	completed 0.9 hours ago at 2025-11-17T19:07:17Z UTC
	location: /zata/zippy/kresgeb/nmf_stuff/dlPFC/data/batched_nmf/nmf_k50_seed2025_tol1e-05_L10.5.rds
[2025-11-17 15:01:39] --------------------------------------------
[2025-11-17 15:01:39] Starting run 496 / 750: k=60, seed=2025, tol=1e-05, L1=0.5
[2025-11-17 15:01:39] --------------------------------------------
[2025-11-17 15:01:39] Skipping run (already completed)
	completed 0.7 hours ago at 2025-11-17T19:18:01Z UTC
	location: /zata/zippy/kresgeb/nmf_stuff/dlPFC/data/batched_nmf/nmf_k60_seed2025_tol1e-05_L10.5.rds
[2025-11-17 15:01:39] --------------------------------------------
[2025-11-17 15:01:39] Starting run 497 / 750: k=70, seed=2025, tol=1e-05, L1=0.5
[2025-11-17 15:01:39] --------------------------------------------
[2025-11-17 15:01:39] Skipping run (already completed)
	completed 0.5 hours ago at 2025-11-17T19:31:33Z UTC
	location: /zata/zippy/kresgeb/nmf_stuff/dlPFC/data/batched_nmf/nmf_k70_seed2025_tol1e-05_L10.5.rds
[2025-11-17 15:01:39] --------------------------------------------
[2025-11-17 15:01:39] Starting run 498 / 750: k=80, seed=2025, tol=1e-05, L1=0.5
[2025-11-17 15:01:39] --------------------------------------------
[2025-11-17 15:01:39] Skipping run (already completed)
	completed 0.3 hours ago at 2025-11-17T19:45:43Z UTC
	location: /zata/zippy/kresgeb/nmf_stuff/dlPFC/data/batched_nmf/nmf_k80_seed2025_tol1e-05_L10.5.rds
[2025-11-17 15:01:39] --------------------------------------------
[2025-11-17 15:01:39] Starting run 499 / 750: k=90, seed=2025, tol=1e-05, L1=0.5
[2025-11-17 15:01:39] --------------------------------------------

iter |      tol 
---------------
   1 | 9.53e-01
   2 | 9.44e-02
   3 | 3.68e-02
   4 | 2.23e-02
   5 | 1.52e-02
   6 | 1.12e-02
   7 | 7.98e-03
   8 | 6.30e-03
   9 | 5.40e-03
  10 | 4.86e-03
  11 | 4.38e-03
  12 | 3.78e-03
  13 | 3.28e-03
  14 | 2.92e-03
  15 | 2.59e-03
  16 | 2.29e-03
  17 | 2.11e-03
  18 | 1.96e-03
  19 | 1.80e-03
  20 | 1.76e-03
  21 | 1.77e-03
  22 | 1.68e-03
  23 | 1.46e-03
  24 | 1.16e-03
  25 | 8.62e-04
  26 | 6.12e-04
  27 | 4.85e-04
  28 | 4.39e-04
  29 | 4.15e-04
  30 | 3.97e-04
  31 | 4.09e-04
  32 | 4.05e-04
  33 | 3.89e-04
  34 | 4.08e-04
  35 | 4.39e-04
  36 | 4.51e-04
  37 | 4.92e-04
  38 | 5.38e-04
  39 | 5.39e-04
  40 | 4.29e-04
  41 | 2.90e-04
  42 | 2.02e-04
  43 | 1.45e-04
  44 | 1.18e-04
  45 | 1.05e-04
  46 | 1.04e-04
  47 | 1.11e-04
  48 | 1.22e-04
  49 | 1.34e-04
  50 | 1.44e-04
  51 | 1.56e-04
  52 | 1.55e-04
  53 | 1.74e-04
  54 | 1.95e-04
  55 | 2.28e-04
  56 | 2.34e-04
  57 | 2.60e-04
  58 | 2.80e-04
  59 | 2.75e-04
  60 | 2.51e-04
  61 | 2.31e-04
  62 | 1.85e-04
  63 | 1.69e-04
  64 | 1.59e-04
  65 | 1.84e-04
  66 | 2.24e-04
  67 | 2.77e-04
  68 | 3.57e-04
  69 | 3.38e-04
  70 | 3.03e-04
  71 | 2.51e-04
  72 | 1.96e-04
  73 | 1.35e-04
  74 | 9.03e-05
  75 | 7.47e-05
  76 | 7.17e-05
  77 | 6.93e-05
  78 | 5.61e-05
  79 | 4.98e-05
  80 | 4.15e-05
  81 | 3.96e-05
  82 | 4.09e-05
  83 | 4.13e-05
  84 | 4.01e-05
  85 | 3.79e-05
  86 | 3.50e-05
  87 | 3.22e-05
  88 | 2.98e-05
  89 | 2.73e-05
  90 | 2.48e-05
  91 | 2.30e-05
  92 | 2.16e-05
  93 | 2.08e-05
  94 | 2.06e-05
  95 | 2.11e-05
  96 | 2.18e-05
  97 | 2.26e-05
  98 | 2.39e-05
  99 | 2.48e-05
 100 | 2.60e-05
 101 | 2.58e-05
 102 | 2.61e-05
 103 | 2.63e-05
 104 | 2.62e-05
 105 | 2.58e-05
 106 | 2.48e-05
 107 | 2.32e-05
 108 | 2.16e-05
 109 | 2.02e-05
 110 | 1.93e-05
 111 | 1.76e-05
 112 | 1.62e-05
 113 | 1.52e-05
 114 | 1.44e-05
 115 | 1.39e-05
 116 | 1.36e-05
 117 | 1.36e-05
 118 | 1.37e-05
 119 | 9.02e-06
[2025-11-17 15:20:14] Run completed in 18.59 minutes
[2025-11-17 15:20:19] Saved NMF result to: /zata/zippy/kresgeb/nmf_stuff/dlPFC/data/batched_nmf/nmf_k90_seed2025_tol1e-05_L10.5.rds
[2025-11-17 15:20:19] Appended run metadata to summary.tsv
[2025-11-17 15:20:19] --------------------------------------------
[2025-11-17 15:20:19] Starting run 500 / 750: k=100, seed=2025, tol=1e-05, L1=0.5
[2025-11-17 15:20:19] --------------------------------------------

iter |      tol 
---------------
   1 | 9.52e-01
   2 | 1.03e-01
   3 | 3.98e-02
   4 | 2.29e-02
   5 | 1.57e-02
   6 | 1.05e-02
   7 | 7.68e-03
   8 | 6.08e-03
   9 | 5.11e-03
  10 | 4.59e-03
  11 | 4.59e-03
