[2025-11-12 19:45:04] Log file created: /zata/zippy/kresgeb/nmf_stuff/dlPFC/logs/batched_registration_dotplot_2025-11-12_19-45-04.log
[2025-11-12 19:45:04] ======Snapshot of script: batched_registration_dotplot.R======

----- Begin Script Snapshot -----
#!/usr/bin/env Rscript

suppressPackageStartupMessages({
    library(here)
    library(SingleCellExperiment)
    library(SpatialExperiment)
    library(RcppML)
    library(tidyr)
    library(duckplyr)
    library(ggplot2)
    library(scater)
    library(sessioninfo)
    library(mclust)
    library(viridis)
    library(readr)
})

# ------------------------------
# Setup
# ------------------------------
my_relative_path <- "scripts/batched_registration_dotplot.R"
here::i_am(my_relative_path)
source(here("scripts", "utils.R"))

setup_log(prefix = "batched_registration_dotplot")
snapshot_script(here(my_relative_path))
log_msg("===== Session Info =====")
print(sessionInfo())
print(session_info())
log_msg("===== Starting batched registration dotplot =====")

# ------------------------------
# Input parameters
# ------------------------------
# Column names in sce/spe that contain cell-type and domain annotations
cell_type_col_name <- "cellType_hc"
domain_col_name <- "BayesSpace_harmony_09"
skip_completed <- TRUE # set FALSE to force re-run even if already completed

# ------------------------------
# Paths
# ------------------------------
# baseline SCE and SPE that do NOT have nmf/projection columns appended permanently
dlpfc_spe_path <- "/data/zusers/kresgeb/psych_encode/spatialLIBD_fetch_data/2024.RData"
dlpfc_sce_path <- "/data/zusers/kresgeb/psych_encode/spatialDLPFC_snRNAseq_fetch/2024_snRNA.RData"

nmf_summary_tsv_path <- here("data", "batched_nmf", "summary.tsv")
proj_summary_tsv_path <- here("data", "batched_projection", "summary.tsv")
output_root <- here("output", "batched_registration_dotplot")

# ------------------------------
# File initialization
# ------------------------------

dir.create(output_root, recursive = TRUE, showWarnings = FALSE)

# Load existing summary or create empty one
summary_tsv_path <- file.path(output_root, "summary.tsv")

if (file.exists(summary_tsv_path)) {
    summary_df <- read_tsv(summary_tsv_path, show_col_types = FALSE)
    log_msg(paste("Loaded existing summary TSV with", nrow(summary_df), "rows"))
} else {
    summary_df <- tibble(
        timestamp = character(),
        k = integer(),
        seed = integer(),
        tol = numeric(),
        L1 = numeric(),
        nmf_input = character(),
        projection_input = character(),
        n_common_genes = integer(),
        n_specific = integer(),
        specific_factors = character(),
        n_general = integer(),
        general_factors = character(),
        elapsed_min = numeric(),
        output_dir = character()
    )
    write_tsv(summary_df, summary_tsv_path)
    log_msg(paste("Initialized empty summary TSV at:", summary_tsv_path))
}
# ------------------------------
# Helper Functions
# ------------------------------
get_col <- function(obj, colname) {
    if (!colname %in% colnames(colData(obj))) {
        stop(sprintf("Column '%s' not found in colData", colname))
    }
    return(as.factor(colData(obj)[[colname]]))
}

# ------------------------------
# Read NMF and projection summaries
# ------------------------------
if (!file.exists(nmf_summary_tsv_path)) stop("NMF summary TSV not found at: ", nmf_summary_tsv_path)
if (!file.exists(proj_summary_tsv_path)) stop("Projection summary TSV not found at: ", proj_summary_tsv_path)

nmf_summary_df <- read_tsv(nmf_summary_tsv_path, show_col_types = FALSE)
proj_summary_df <- read_tsv(proj_summary_tsv_path, show_col_types = FALSE)

log_msg(sprintf("Found %d NMF runs and %d projections", nrow(nmf_summary_df), nrow(proj_summary_df)))

# Join summaries on shared parameters, verify path match, and clean up columns
joined_summary_df <- nmf_summary_df %>%
    rename(nmf_path = output_path) %>%
    inner_join(
        proj_summary_df %>%
            rename(projection_path = projection_output),
        by = c("k", "seed", "tol", "L1"),
        suffix = c("_nmf", "_proj")
    ) %>%
    # sanity check: ensure nmf_path matches proj nmf_input
    filter(nmf_path == nmf_input) %>%
    # drop redundant or unneeded columns
    select(k, seed, tol, L1, nmf_path, projection_path)



# ------------------------------
# Load in SPE & SCE
# ------------------------------
log_msg("Loading SPE and SCE")
log_msg(paste("Loading SPE from:", dlpfc_spe_path))
load_and_rename(dlpfc_spe_path, "spe")
log_msg("Loaded SPE")

log_msg(paste("Loading SCE from:", dlpfc_sce_path))
load_and_rename(dlpfc_sce_path, "sce")
log_msg("Loaded SCE")

stopifnot(inherits(sce, "SingleCellExperiment"))
stopifnot(inherits(spe, "SpatialExperiment"))

# Ensure SPE rownames are gene symbols (as in projection code)
log_msg("Ensuring SPE rownames are gene names")
gene_names <- as.character(rowData(spe)$gene_name)
na_idx <- which(is.na(gene_names) | gene_names == "")
if (length(na_idx) > 0) {
    gene_names[na_idx] <- rownames(spe)[na_idx]
    log_msg(sprintf("Replaced %d NA gene_name entries with Ensembl IDs", length(na_idx)))
}
rownames(spe) <- make.unique(gene_names)

# ------------------------------
# Iterate over joined summary and create plots
# ------------------------------
for (i in seq_len(nrow(joined_summary_df))) {
    job_row <- joined_summary_df[i, ]
    nmf_path <- job_row$nmf_path
    proj_path <- job_row$projection_path
    k <- job_row$k
    seed <- job_row$seed
    tol <- job_row$tol
    L1 <- job_row$L1

    run_prefix <- sprintf("k%d_seed%d_tol%.0e_L1%.1f", k, seed, tol, L1)
    run_outdir <- file.path(output_root, paste0("run_", run_prefix))

    dir.create(run_outdir, recursive = TRUE, showWarnings = FALSE)
    plots_dir <- file.path(run_outdir, "plots")
    dir.create(plots_dir, recursive = TRUE, showWarnings = FALSE)

    log_msg("--------------------------------------------")
    log_msg(sprintf("Starting run %d / %d: %s", i, nrow(joined_summary_df), run_prefix))
    log_msg(paste("nmf_path:", nmf_path))
    log_msg(paste("projection path:", proj_path))

    # Load NMF object (RcppML nmf)
    nmf_obj <- readRDS(nmf_path)

    # Convert from RcppML NMF object to matrix (genes x patterns)
    nmf_matrix <- as.matrix(t(nmf_obj$h))
    colnames(nmf_matrix) <- paste0("nmf", seq_len(ncol(nmf_matrix)))

    log_msg(sprintf("NMF matrix: %d rows, %d cols", nrow(nmf_matrix), ncol(nmf_matrix)))
    log_msg(sprintf("Duplicate NMF rownames: %d", anyDuplicated(rownames(nmf_matrix))))

    # Load projection (spots x patterns)
    proj_matrix <- readRDS(proj_path)

    log_msg(sprintf("Projection matrix: %d rows, %d cols", nrow(proj_matrix), ncol(proj_matrix)))
    log_msg(sprintf("Duplicate projection rownames: %d", anyDuplicated(rownames(proj_matrix))))

    start_time <- Sys.time()

    # Prepare local copies of sce and spe for this run
    sce_run <- sce
    spe_run <- spe
    log_msg("Attaching NMF matrix to SCE colData...")
    log_msg(sprintf(
        "SCE colData rows: %d, unique rownames: %d",
        nrow(colData(sce_run)), length(unique(rownames(colData(sce_run))))
    ))
    # Attach NMF columns to sce_run$colData (temporary)
    # If dimensions match by rows, cbind; otherwise try to match by rownames
    if (nrow(nmf_matrix) == nrow(colData(sce_run))) {
        new_nmf_df <- as.data.frame(nmf_matrix, stringsAsFactors = FALSE)
        colData(sce_run) <- cbind(colData(sce_run), new_nmf_df)
        log_msg("NMF matrix attached by row order")
    } else {
        log_msg("WARNING: NMF matrix rows do not match SCE colData rows; skipping this run.")
        next
    }

    # Attach projection to spe_run$colData temporarily
    # projection matrix assumed rows = spots (colData rows)
    log_msg("Attaching projection matrix to SPE colData...")
    log_msg(sprintf(
        "SPE colData rows: %d, unique rownames: %d",
        nrow(colData(spe_run)), length(unique(rownames(colData(spe_run))))
    ))
    if (nrow(proj_matrix) == nrow(colData(spe_run))) {
        proj_df <- as.data.frame(proj_matrix, stringsAsFactors = FALSE)
        colData(spe_run) <- cbind(colData(spe_run), proj_df)
        log_msg("Projection matrix attached by row order")
    } else {
        log_msg("WARNING: Projection rows do not match SPE colData rows; skipping this run.")
        next
    }

    # Identify nmf columns in the (now augmented) sce_run colData
    nmf_cols <- grep("^nmf[0-9]+$", colnames(colData(sce_run)), value = TRUE)
    if (length(nmf_cols) == 0) {
        log_msg("No nmf columns found after attaching matrix; skipping.")
        next
    }
    log_msg(sprintf("Found %d nmf patterns for plotting", length(nmf_cols)))

    # ------------------------------
    # ECDF of nonzero counts (nuclei + spots)
    # ------------------------------
    log_msg("Creating ECDF plot for nonzero NMF pattern weights...")
    # Count nonzeros
    nonzero_nuclei <- colSums(as.matrix(colData(sce_run)[, nmf_cols]) > 0)
    nonzero_spots <- colSums(as.matrix(colData(spe_run)[, nmf_cols]) > 0)

    # Build long dataframe with source column
    nonzero_df <- bind_rows(
        data.frame(nonzero_count = nonzero_nuclei, source = "Nuclei"),
        data.frame(nonzero_count = nonzero_spots, source = "Spots")
    )

    # Single ECDF plot with facet_wrap
    p_ecdf <- ggplot(nonzero_df, aes(x = log10(nonzero_count))) +
        stat_ecdf(geom = "step") +
        coord_cartesian(xlim = c(0, 5)) +
        facet_wrap(~source, ncol = 1, scales = "fixed") +
        labs(
            x = "log10(# with nonzero weight) per NMF pattern",
            y = "ECDF",
            title = "ECDF of nonzero NMF pattern weights"
        ) +
        theme_minimal()

    ggsave(
        filename = file.path(plots_dir, "ecdf_nonzero_nuclei_spots_nmf_patterns_faceted.pdf"),
        plot = p_ecdf, width = 6, height = 8, dpi = 300
    )

    # ------------------------------
    # Dotplot: nuclei proportion (presence) and scaled avg
    # ------------------------------
    log_msg("Preparing data for dotplot of NMF pattern presence by cell type...")

    nmf_weight_matrix <- as.matrix(colData(sce_run)[, nmf_cols])
    # binary presence
    nuclei_nmf_nonzero_binary <- nmf_weight_matrix > 0
    nuclei_nmf_presence <- data.frame(
        cell_type = get_col(sce_run, cell_type_col_name),
        nuclei_nmf_nonzero_binary,
        check.names = FALSE
    )

    nuclei_nmf_prop_summary <- nuclei_nmf_presence %>%
        group_by(cell_type) %>%
        add_tally(name = "total") %>%
        group_by(cell_type, total) %>%
        summarize(across(all_of(nmf_cols), sum), .groups = "drop") %>%
        pivot_longer(cols = all_of(nmf_cols), names_to = "nmf", values_to = "n") %>%
        mutate(prop = n / total)

    # scaled avg
    nmf_scaled_matrix <- apply(nmf_weight_matrix, 2, scale)
    nuclei_nmf_scaled <- data.frame(
        cell_type = get_col(sce_run, cell_type_col_name),
        nmf_scaled_matrix,
        check.names = FALSE
    )

    nuclei_nmf_scaled_summary <- nuclei_nmf_scaled %>%
        group_by(cell_type) %>%
        summarize(across(all_of(nmf_cols), mean), .groups = "drop") %>%
        pivot_longer(cols = all_of(nmf_cols), names_to = "nmf", values_to = "scaled_avg")

    # ------------------------------
    # Abundance, entropy and GMM split
    # ------------------------------
    log_msg("Computing specificity / entropy and GMM split...")

    pseudo_count <- 1e-9
    specificity_df <- nuclei_nmf_prop_summary %>%
        group_by(nmf) %>%
        summarize(
            mean_prop = mean(prop),
            sd_prop = sd(prop),
            prop_cv = sd(prop) / mean(prop),
            entropy = -sum(((prop + pseudo_count) / sum(prop + pseudo_count)) * log((prop + pseudo_count) / sum(prop + pseudo_count)))
        )

    # Mclust on entropy (G=2)
    gmm_fit <- Mclust(specificity_df$entropy, G = 2, verbose = FALSE)
    specificity_df$entropy_cluster <- gmm_fit$classification
    cluster_means <- tapply(specificity_df$entropy, specificity_df$entropy_cluster, mean)
    specificity_df$pattern_type <- ifelse(
        specificity_df$entropy_cluster == which.max(cluster_means),
        "general", "specific"
    )

    log_msg("Plotting entropy histogram with GMM cluster split...")

    split_plot <- ggplot(specificity_df, aes(x = entropy, fill = pattern_type)) +
        geom_histogram(
            bins = max(5, floor(k / 2)), # dynamic bins with lower bound for stability
            color = "white",
            position = "identity",
            alpha = 0.6
        ) +
        scale_fill_manual(values = c("specific" = "#E69F00", "general" = "#56B4E9")) +
        theme_minimal(base_size = 14) +
        labs(
            title = sprintf("Entropy split (GMM, k=%d): General vs Specific patterns", k),
            x = "Entropy",
            y = "Count",
            fill = "Pattern type"
        ) +
        theme(
            plot.title = element_text(hjust = 0.5),
            legend.position = "top"
        )

    ggsave(
        filename = file.path(plots_dir, "dotplot_entropy_bimodal_split.pdf"),
        plot = split_plot,
        height = 6, width = 8, dpi = 300
    )
    log_msg("Saved entropy split histogram plot.")

    # Patterns abundance thresholds
    allowed_nmf <- setdiff(nmf_cols, character(0)) # no manual removal by default
    nonzero_spots_clean <- nonzero_spots[!is.na(nonzero_spots) & names(nonzero_spots) %in% allowed_nmf]
    abundance_threshold <- 1050
    low_abundance_nmf <- names(nonzero_spots_clean[nonzero_spots_clean < abundance_threshold])
    high_abundance_nmf <- setdiff(allowed_nmf, low_abundance_nmf)

    nmf_info <- data.frame(
        nmf = allowed_nmf,
        abundance = ifelse(allowed_nmf %in% low_abundance_nmf, "low", "high"),
        stringsAsFactors = FALSE
    ) %>%
        left_join(specificity_df[, c("nmf", "pattern_type")], by = "nmf")

    # staircase center_of_mass ordering
    staircase_df <- nuclei_nmf_scaled_summary %>%
        group_by(nmf) %>%
        summarize(center_of_mass = weighted.mean(
            x = as.numeric(factor(cell_type)),
            w = pmax(scaled_avg, 0)
        )) %>%
        ungroup()

    nmf_info <- nmf_info %>%
        left_join(staircase_df, by = "nmf") %>%
        mutate(order_group = case_when(
            TRUE ~ 5
        )) %>%
        arrange(order_group, center_of_mass)

    nmf_order <- nmf_info$nmf
    nmf_order <- nmf_order[!is.na(nmf_order)]

    # Merge summaries for plotting
    dot_df <- left_join(
        nuclei_nmf_prop_summary[, c("cell_type", "nmf", "prop")],
        nuclei_nmf_scaled_summary[, c("cell_type", "nmf", "scaled_avg")],
        by = c("cell_type", "nmf")
    ) %>%
        mutate(
            nmf_f = factor(nmf, levels = nmf_order),
            cell_type = factor(cell_type, levels = unique(cell_type))
        ) %>%
        filter(!is.na(nmf) & nmf %in% nmf_order)

    # Plot 1: nuclei dotplot
    p1 <- ggplot(dot_df, aes(x = nmf_f, y = cell_type, size = prop, color = scaled_avg)) +
        geom_point(stroke = 0, alpha = 0.9) +
        scale_size(range = c(0, 3), name = "Proportion") +
        scale_color_viridis_c(option = "F", direction = -1, name = "Scaled avg") +
        theme_bw(base_size = 12) +
        theme(
            axis.text.x = element_text(angle = 90, hjust = 1, vjust = 0.5),
            axis.text.y = element_text(size = 8),
            axis.title = element_blank(), panel.grid = element_blank(), legend.position = "right"
        ) +
        labs(
            title = "Dotplot of NMF patterns vs. snRNA-seq cell types",
            subtitle = sprintf("Dataset: dlPFC (run: %s)", run_prefix)
        )

    ggsave(
        filename = file.path(plots_dir, "dotplot_nmf_patterns_by_cell_type.pdf"),
        plot = p1, height = 8, width = 16
    )

    # ------------------------------
    # Spot dotplot by domain using spe_run
    # ------------------------------
    log_msg("Creating SRT projection dotplot of NMF patterns by anatomical domain...")

    nmf_weight_matrix_spe <- as.matrix(colData(spe_run)[, nmf_cols])
    spots_nmf_nonzero_binary <- nmf_weight_matrix_spe > 0
    spots_nmf_presence <- data.frame(
        domain = get_col(spe_run, domain_col_name),
        spots_nmf_nonzero_binary,
        check.names = FALSE
    )

    spots_nmf_prop_summary <- spots_nmf_presence %>%
        group_by(domain) %>%
        add_tally(name = "total") %>%
        group_by(domain, total) %>%
        summarize(across(all_of(nmf_cols), sum), .groups = "drop") %>%
        pivot_longer(cols = all_of(nmf_cols), names_to = "nmf", values_to = "n") %>%
        mutate(prop = n / total)

    nmf_scaled_matrix_spe <- apply(nmf_weight_matrix_spe, 2, scale)
    spots_nmf_scaled <- data.frame(
        domain = get_col(spe_run, domain_col_name),
        nmf_scaled_matrix_spe,
        check.names = FALSE
    )

    spots_nmf_scaled_summary <- spots_nmf_scaled %>%
        group_by(domain) %>%
        summarize(across(all_of(nmf_cols), mean), .groups = "drop") %>%
        pivot_longer(cols = all_of(nmf_cols), names_to = "nmf", values_to = "scaled_avg")

    spot_dot_df <- left_join(
        spots_nmf_prop_summary[, c("domain", "nmf", "prop")],
        spots_nmf_scaled_summary[, c("domain", "nmf", "scaled_avg")],
        by = c("domain", "nmf")
    ) %>%
        filter(!is.na(nmf) & nmf %in% high_abundance_nmf) %>%
        mutate(
            nmf_f = factor(nmf, levels = nmf_order[nmf_order %in% high_abundance_nmf]),
            domain = factor(domain, levels = unique(domain))
        )

    p2 <- ggplot(spot_dot_df, aes(x = nmf_f, y = domain, size = prop, color = scaled_avg)) +
        geom_point(stroke = 0, alpha = 0.9) +
        scale_size(range = c(0, 3), name = "Proportion") +
        scale_color_viridis_c(option = "F", direction = -1, name = "Scaled avg") +
        theme_bw(base_size = 12) +
        theme(
            axis.text.x = element_text(angle = 90, hjust = 1, vjust = 0.5),
            axis.text.y = element_text(size = 8),
            axis.title = element_blank(), panel.grid = element_blank(), legend.position = "right"
        ) +
        labs(
            title = "Dotplot of NMF patterns vs. SRT anatomical domains",
            subtitle = sprintf("High-abundance NMF patterns (run: %s)", run_prefix)
        )

    ggsave(
        filename = file.path(plots_dir, "dotplot_nmf_patterns_by_srt_domain.pdf"),
        plot = p2, height = 6, width = 12
    )

    # ------------------------------
    # Summarize this run and append to master CSV
    # ------------------------------
    n_specific <- sum(specificity_df$pattern_type == "specific", na.rm = TRUE)
    n_general <- sum(specificity_df$pattern_type == "general", na.rm = TRUE)
    n_common <- length(intersect(rownames(nmf_matrix), rownames(spe)))

    end_time <- Sys.time()
    elapsed <- as.numeric(difftime(end_time, start_time, units = "mins"))

    new_row <- tibble(
        timestamp = format(Sys.time(), "%Y-%m-%dT%H:%M:%SZ", tz = "UTC"),
        k = k,
        seed = seed,
        tol = tol,
        L1 = L1,
        nmf_input = nmf_path,
        projection_input = proj_path,
        n_common_genes = n_common,
        n_specific = n_specific,
        specific_factors = paste(specificity_df$nmf[specificity_df$pattern_type == "specific"], collapse = ","),
        n_general = n_general,
        general_factors = paste(specificity_df$nmf[specificity_df$pattern_type == "general"], collapse = ","),
        elapsed_min = elapsed,
        output_dir = run_outdir
    )

    write_tsv(new_row, summary_tsv_path, append = TRUE)
    log_msg(sprintf("Appended run summary to %s", summary_tsv_path))

    # cleanup for next run
    rm(nmf_obj, nmf_matrix, proj_matrix, proj_df, new_nmf_df, sce_run, spe_run, proj_df)
    gc()
} # end for runs

log_msg("===== All runs complete for batched_registration_dotplot =====")
close_log()

----- End Script Snapshot -----

[2025-11-12 19:45:04] ===== Session Info =====
R version 4.4.2 (2024-10-31)
Platform: x86_64-pc-linux-gnu
Running under: Ubuntu 22.04.5 LTS

Matrix products: default
BLAS:   /usr/lib/x86_64-linux-gnu/blas/libblas.so.3.10.0 
LAPACK: /usr/lib/x86_64-linux-gnu/lapack/liblapack.so.3.10.0

locale:
[1] C

time zone: America/New_York
tzcode source: system (glibc)

attached base packages:
[1] stats4    stats     graphics  grDevices utils     datasets  methods   base     

other attached packages:
 [1] readr_2.1.5                 viridis_0.6.5               viridisLite_0.4.2           mclust_6.1.1               
 [5] sessioninfo_1.2.2           scater_1.34.1               scuttle_1.16.0              ggplot2_4.0.0              
 [9] duckplyr_1.1.3              dplyr_1.1.4                 tidyr_1.3.1                 RcppML_0.5.5               
[13] SpatialExperiment_1.16.0    SingleCellExperiment_1.28.1 SummarizedExperiment_1.36.0 Biobase_2.66.0             
[17] GenomicRanges_1.58.0        GenomeInfoDb_1.42.1         IRanges_2.40.1              S4Vectors_0.44.0           
[21] BiocGenerics_0.52.0         MatrixGenerics_1.18.0       matrixStats_1.5.0           here_1.0.1                 

loaded via a namespace (and not attached):
 [1] beeswarm_0.4.0          gtable_0.3.6            rjson_0.2.23            xfun_0.53              
 [5] ggrepel_0.9.6           lattice_0.22-5          tzdb_0.4.0              vctrs_0.6.5            
 [9] tools_4.4.2             generics_0.1.4          parallel_4.4.2          tibble_3.3.0           
[13] BiocNeighbors_2.0.1     pkgconfig_2.0.3         Matrix_1.7-1            RColorBrewer_1.1-3     
[17] S7_0.2.0                lifecycle_1.0.4         GenomeInfoDbData_1.2.13 compiler_4.4.2         
[21] farver_2.1.2            codetools_0.2-19        vipor_0.4.7             pillar_1.11.1          
[25] crayon_1.5.3            BiocParallel_1.40.0     DelayedArray_0.32.0     cachem_1.1.0           
[29] magick_2.8.6            abind_1.4-8             rsvd_1.0.5              tidyselect_1.2.1       
[33] BiocSingular_1.22.0     duckdb_1.4.1            purrr_1.1.0             rprojroot_2.1.1        
[37] fastmap_1.2.0           grid_4.4.2              cli_3.6.5               SparseArray_1.6.0      
[41] magrittr_2.0.4          S4Arrays_1.6.0          withr_3.0.2             UCSC.utils_1.2.0       
[45] scales_1.4.0            ggbeeswarm_0.7.2        XVector_0.46.0          httr_1.4.7             
[49] gridExtra_2.3           RcppEigen_0.3.4.0.2     hms_1.1.3               ScaledMatrix_1.14.0    
[53] beachmat_2.22.0         memoise_2.0.1           evaluate_1.0.5          knitr_1.50             
[57] irlba_2.3.5.1           rlang_1.1.6             Rcpp_1.1.0              glue_1.8.0             
[61] DBI_1.2.3               collections_0.3.8       jsonlite_2.0.0          R6_2.6.1               
[65] zlibbioc_1.52.0        
- Session info ---------------------------------------------------------------
 setting  value
 version  R version 4.4.2 (2024-10-31)
 os       Ubuntu 22.04.5 LTS
 system   x86_64, linux-gnu
 ui       X11
 language (EN)
 collate  C
 ctype    C
 tz       America/New_York
 date     2025-11-12
 pandoc   2.9.2.1 @ /usr/bin/pandoc

- Packages -------------------------------------------------------------------
 package              * version   date (UTC) lib source
 abind                  1.4-8     2024-09-12 [1] CRAN (R 4.4.2)
 beachmat               2.22.0    2024-10-29 [1] Bioconductor 3.20 (R 4.4.2)
 beeswarm               0.4.0     2021-06-01 [1] CRAN (R 4.4.2)
 Biobase              * 2.66.0    2024-10-29 [1] Bioconductor 3.20 (R 4.4.2)
 BiocGenerics         * 0.52.0    2024-10-29 [1] Bioconductor 3.20 (R 4.4.2)
 BiocNeighbors          2.0.1     2024-11-28 [1] Bioconductor 3.20 (R 4.4.2)
 BiocParallel           1.40.0    2024-10-29 [1] Bioconductor 3.20 (R 4.4.2)
 BiocSingular           1.22.0    2024-10-29 [1] Bioconductor 3.20 (R 4.4.2)
 cachem                 1.1.0     2024-05-16 [1] CRAN (R 4.4.2)
 cli                    3.6.5     2025-04-23 [1] CRAN (R 4.4.2)
 codetools              0.2-19    2023-02-01 [3] CRAN (R 4.2.2)
 collections            0.3.8     2025-05-08 [1] CRAN (R 4.4.2)
 crayon                 1.5.3     2024-06-20 [1] CRAN (R 4.4.2)
 DBI                    1.2.3     2024-06-02 [1] CRAN (R 4.4.2)
 DelayedArray           0.32.0    2024-10-29 [1] Bioconductor 3.20 (R 4.4.2)
 dplyr                * 1.1.4     2023-11-17 [1] CRAN (R 4.4.2)
 duckdb                 1.4.1     2025-10-16 [1] CRAN (R 4.4.2)
 duckplyr             * 1.1.3     2025-11-04 [1] CRAN (R 4.4.2)
 evaluate               1.0.5     2025-08-27 [1] CRAN (R 4.4.2)
 farver                 2.1.2     2024-05-13 [1] CRAN (R 4.4.2)
 fastmap                1.2.0     2024-05-15 [1] CRAN (R 4.4.2)
 generics               0.1.4     2025-05-09 [1] CRAN (R 4.4.2)
 GenomeInfoDb         * 1.42.1    2024-11-28 [1] Bioconductor 3.20 (R 4.4.2)
 GenomeInfoDbData       1.2.13    2025-01-10 [1] Bioconductor
 GenomicRanges        * 1.58.0    2024-10-29 [1] Bioconductor 3.20 (R 4.4.2)
 ggbeeswarm             0.7.2     2023-04-29 [1] CRAN (R 4.4.2)
 ggplot2              * 4.0.0     2025-09-11 [1] CRAN (R 4.4.2)
 ggrepel                0.9.6     2024-09-07 [1] CRAN (R 4.4.2)
 glue                   1.8.0     2024-09-30 [1] CRAN (R 4.4.2)
 gridExtra              2.3       2017-09-09 [1] CRAN (R 4.4.2)
 gtable                 0.3.6     2024-10-25 [1] CRAN (R 4.4.2)
 here                 * 1.0.1     2020-12-13 [1] CRAN (R 4.4.2)
 hms                    1.1.3     2023-03-21 [1] CRAN (R 4.4.2)
 httr                   1.4.7     2023-08-15 [1] CRAN (R 4.4.2)
 IRanges              * 2.40.1    2024-12-05 [1] Bioconductor 3.20 (R 4.4.2)
 irlba                  2.3.5.1   2022-10-03 [1] CRAN (R 4.4.2)
 jsonlite               2.0.0     2025-03-27 [1] CRAN (R 4.4.2)
 knitr                  1.50      2025-03-16 [1] CRAN (R 4.4.2)
 lattice                0.22-5    2023-10-24 [3] CRAN (R 4.3.1)
 lifecycle              1.0.4     2023-11-07 [1] CRAN (R 4.4.2)
 magick                 2.8.6     2025-03-23 [1] CRAN (R 4.4.2)
 magrittr               2.0.4     2025-09-12 [1] CRAN (R 4.4.2)
 Matrix                 1.7-1     2024-10-18 [3] CRAN (R 4.4.1)
 MatrixGenerics       * 1.18.0    2024-10-29 [1] Bioconductor 3.20 (R 4.4.2)
 matrixStats          * 1.5.0     2025-01-07 [1] CRAN (R 4.4.2)
 mclust               * 6.1.1     2024-04-29 [1] CRAN (R 4.4.2)
 memoise                2.0.1     2021-11-26 [1] CRAN (R 4.4.2)
 pillar                 1.11.1    2025-09-17 [1] CRAN (R 4.4.2)
 pkgconfig              2.0.3     2019-09-22 [1] CRAN (R 4.4.2)
 purrr                  1.1.0     2025-07-10 [1] CRAN (R 4.4.2)
 R6                     2.6.1     2025-02-15 [1] CRAN (R 4.4.2)
 RColorBrewer           1.1-3     2022-04-03 [1] CRAN (R 4.4.2)
 Rcpp                   1.1.0     2025-07-02 [1] CRAN (R 4.4.2)
 RcppEigen              0.3.4.0.2 2024-08-24 [1] CRAN (R 4.4.2)
 RcppML               * 0.5.5     2025-09-09 [1] Github (zdebruine/RcppML@c997bcd)
 readr                * 2.1.5     2024-01-10 [1] CRAN (R 4.4.2)
 rjson                  0.2.23    2024-09-16 [1] CRAN (R 4.4.2)
 rlang                  1.1.6     2025-04-11 [1] CRAN (R 4.4.2)
 rprojroot              2.1.1     2025-08-26 [1] CRAN (R 4.4.2)
 rsvd                   1.0.5     2021-04-16 [1] CRAN (R 4.4.2)
 S4Arrays               1.6.0     2024-10-29 [1] Bioconductor 3.20 (R 4.4.2)
 S4Vectors            * 0.44.0    2024-10-29 [1] Bioconductor 3.20 (R 4.4.2)
 S7                     0.2.0     2024-11-07 [1] CRAN (R 4.4.2)
 ScaledMatrix           1.14.0    2024-10-29 [1] Bioconductor 3.20 (R 4.4.2)
 scales                 1.4.0     2025-04-24 [1] CRAN (R 4.4.2)
 scater               * 1.34.1    2025-03-03 [1] Bioconductor 3.20 (R 4.4.2)
 scuttle              * 1.16.0    2024-10-29 [1] Bioconductor 3.20 (R 4.4.2)
 sessioninfo          * 1.2.2     2021-12-06 [1] CRAN (R 4.4.2)
 SingleCellExperiment * 1.28.1    2024-11-10 [1] Bioconductor 3.20 (R 4.4.2)
 SparseArray            1.6.0     2024-10-29 [1] Bioconductor 3.20 (R 4.4.2)
 SpatialExperiment    * 1.16.0    2024-10-29 [1] Bioconductor 3.20 (R 4.4.2)
 SummarizedExperiment * 1.36.0    2024-10-29 [1] Bioconductor 3.20 (R 4.4.2)
 tibble                 3.3.0     2025-06-08 [1] CRAN (R 4.4.2)
 tidyr                * 1.3.1     2024-01-24 [1] CRAN (R 4.4.2)
 tidyselect             1.2.1     2024-03-11 [1] CRAN (R 4.4.2)
 tzdb                   0.4.0     2023-05-12 [1] CRAN (R 4.4.2)
 UCSC.utils             1.2.0     2024-10-29 [1] Bioconductor 3.20 (R 4.4.2)
 vctrs                  0.6.5     2023-12-01 [1] CRAN (R 4.4.2)
 vipor                  0.4.7     2023-12-18 [1] CRAN (R 4.4.2)
 viridis              * 0.6.5     2024-01-29 [1] CRAN (R 4.4.2)
 viridisLite          * 0.4.2     2023-05-02 [1] CRAN (R 4.4.2)
 withr                  3.0.2     2024-10-28 [1] CRAN (R 4.4.2)
 xfun                   0.53      2025-08-19 [1] CRAN (R 4.4.2)
 XVector                0.46.0    2024-10-29 [1] Bioconductor 3.20 (R 4.4.2)
 zlibbioc               1.52.0    2024-10-29 [1] Bioconductor 3.20 (R 4.4.2)

 [1] /usr/local/lib/R/site-library
 [2] /usr/lib/R/site-library
 [3] /usr/lib/R/library

------------------------------------------------------------------------------
[2025-11-12 19:45:04] ===== Starting batched registration dotplot =====
[2025-11-12 19:45:04] Initialized empty summary TSV at: /zata/zippy/kresgeb/nmf_stuff/dlPFC/output/batched_registration_dotplot/summary.tsv
[2025-11-12 19:45:05] Found 188 NMF runs and 157 projections
[2025-11-12 19:45:05] Loading SPE and SCE
[2025-11-12 19:45:05] Loading SPE from: /data/zusers/kresgeb/psych_encode/spatialLIBD_fetch_data/2024.RData
[2025-11-12 19:47:40] Loaded SPE
[2025-11-12 19:47:40] Loading SCE from: /data/zusers/kresgeb/psych_encode/spatialDLPFC_snRNAseq_fetch/2024_snRNA.RData
[2025-11-12 19:50:14] Loaded SCE
[2025-11-12 19:50:14] Ensuring SPE rownames are gene names
[2025-11-12 19:50:14] --------------------------------------------
[2025-11-12 19:50:14] Starting run 1 / 157: k10_seed42_tol1e-05_L10.1
[2025-11-12 19:50:14] nmf_path: /zata/zippy/kresgeb/nmf_stuff/dlPFC/data/batched_nmf/nmf_k10_seed42_tol1e-05_L10.1.rds
[2025-11-12 19:50:14] projection path: /zata/zippy/kresgeb/nmf_stuff/dlPFC/data/batched_projection/proj_k10_seed42_tol1e-05_L10.1.rds
[2025-11-12 19:50:14] NMF matrix: 77604 rows, 10 cols
[2025-11-12 19:50:14] Duplicate NMF rownames: 0
[2025-11-12 19:50:14] Projection matrix: 113927 rows, 10 cols
[2025-11-12 19:50:14] Duplicate projection rownames: 4069
[2025-11-12 19:50:14] Attaching NMF matrix to SCE colData...
[2025-11-12 19:50:14] SCE colData rows: 77604, unique rownames: 77604
[2025-11-12 19:50:14] NMF matrix attached by row order
[2025-11-12 19:50:14] Attaching projection matrix to SPE colData...
[2025-11-12 19:50:14] SPE colData rows: 113927, unique rownames: 4991
[2025-11-12 19:50:16] Projection matrix attached by row order
[2025-11-12 19:50:16] Found 10 nmf patterns for plotting
[2025-11-12 19:50:16] Creating ECDF plot for nonzero NMF pattern weights...
[2025-11-12 19:50:17] Preparing data for dotplot of NMF pattern presence by cell type...
[2025-11-12 19:50:17] Computing specificity / entropy and GMM split...
[2025-11-12 19:50:17] Plotting entropy histogram with GMM cluster split...
[2025-11-12 19:50:17] Saved entropy split histogram plot.
[2025-11-12 19:50:18] Creating SRT projection dotplot of NMF patterns by anatomical domain...
[2025-11-12 19:50:23] Appended run summary to /zata/zippy/kresgeb/nmf_stuff/dlPFC/output/batched_registration_dotplot/summary.tsv
[2025-11-12 19:50:26] --------------------------------------------
[2025-11-12 19:50:26] Starting run 2 / 157: k20_seed42_tol1e-05_L10.1
[2025-11-12 19:50:26] nmf_path: /zata/zippy/kresgeb/nmf_stuff/dlPFC/data/batched_nmf/nmf_k20_seed42_tol1e-05_L10.1.rds
[2025-11-12 19:50:26] projection path: /zata/zippy/kresgeb/nmf_stuff/dlPFC/data/batched_projection/proj_k20_seed42_tol1e-05_L10.1.rds
[2025-11-12 19:50:26] NMF matrix: 77604 rows, 20 cols
[2025-11-12 19:50:26] Duplicate NMF rownames: 0
[2025-11-12 19:50:26] Projection matrix: 113927 rows, 20 cols
[2025-11-12 19:50:26] Duplicate projection rownames: 4069
[2025-11-12 19:50:26] Attaching NMF matrix to SCE colData...
[2025-11-12 19:50:26] SCE colData rows: 77604, unique rownames: 77604
[2025-11-12 19:50:26] NMF matrix attached by row order
[2025-11-12 19:50:26] Attaching projection matrix to SPE colData...
[2025-11-12 19:50:26] SPE colData rows: 113927, unique rownames: 4991
[2025-11-12 19:50:27] Projection matrix attached by row order
[2025-11-12 19:50:27] Found 20 nmf patterns for plotting
[2025-11-12 19:50:27] Creating ECDF plot for nonzero NMF pattern weights...
[2025-11-12 19:50:28] Preparing data for dotplot of NMF pattern presence by cell type...
[2025-11-12 19:50:28] Computing specificity / entropy and GMM split...
[2025-11-12 19:50:28] Plotting entropy histogram with GMM cluster split...
[2025-11-12 19:50:28] Saved entropy split histogram plot.
DuckDB progress:   0%                     [2025-11-12 19:50:29] Creating SRT projection dotplot of NMF patterns by anatomical domain...
[2025-11-12 19:50:30] Appended run summary to /zata/zippy/kresgeb/nmf_stuff/dlPFC/output/batched_registration_dotplot/summary.tsv
[2025-11-12 19:50:34] --------------------------------------------
[2025-11-12 19:50:34] Starting run 3 / 157: k30_seed42_tol1e-05_L10.1
[2025-11-12 19:50:34] nmf_path: /zata/zippy/kresgeb/nmf_stuff/dlPFC/data/batched_nmf/nmf_k30_seed42_tol1e-05_L10.1.rds
[2025-11-12 19:50:34] projection path: /zata/zippy/kresgeb/nmf_stuff/dlPFC/data/batched_projection/proj_k30_seed42_tol1e-05_L10.1.rds
[2025-11-12 19:50:34] NMF matrix: 77604 rows, 30 cols
[2025-11-12 19:50:34] Duplicate NMF rownames: 0
[2025-11-12 19:50:35] Projection matrix: 113927 rows, 30 cols
[2025-11-12 19:50:35] Duplicate projection rownames: 4069
[2025-11-12 19:50:35] Attaching NMF matrix to SCE colData...
[2025-11-12 19:50:35] SCE colData rows: 77604, unique rownames: 77604
[2025-11-12 19:50:35] NMF matrix attached by row order
[2025-11-12 19:50:35] Attaching projection matrix to SPE colData...
[2025-11-12 19:50:35] SPE colData rows: 113927, unique rownames: 4991
[2025-11-12 19:50:36] Projection matrix attached by row order
[2025-11-12 19:50:36] Found 30 nmf patterns for plotting
[2025-11-12 19:50:36] Creating ECDF plot for nonzero NMF pattern weights...
[2025-11-12 19:50:36] Preparing data for dotplot of NMF pattern presence by cell type...
[2025-11-12 19:50:37] Computing specificity / entropy and GMM split...
[2025-11-12 19:50:37] Plotting entropy histogram with GMM cluster split...
[2025-11-12 19:50:37] Saved entropy split histogram plot.
DuckDB progress:   0%                     [2025-11-12 19:50:38] Creating SRT projection dotplot of NMF patterns by anatomical domain...
[2025-11-12 19:50:39] Appended run summary to /zata/zippy/kresgeb/nmf_stuff/dlPFC/output/batched_registration_dotplot/summary.tsv
[2025-11-12 19:50:42] --------------------------------------------
[2025-11-12 19:50:42] Starting run 4 / 157: k40_seed42_tol1e-05_L10.1
[2025-11-12 19:50:42] nmf_path: /zata/zippy/kresgeb/nmf_stuff/dlPFC/data/batched_nmf/nmf_k40_seed42_tol1e-05_L10.1.rds
[2025-11-12 19:50:42] projection path: /zata/zippy/kresgeb/nmf_stuff/dlPFC/data/batched_projection/proj_k40_seed42_tol1e-05_L10.1.rds
[2025-11-12 19:50:42] NMF matrix: 77604 rows, 40 cols
[2025-11-12 19:50:42] Duplicate NMF rownames: 0
[2025-11-12 19:50:43] Projection matrix: 113927 rows, 40 cols
[2025-11-12 19:50:43] Duplicate projection rownames: 4069
[2025-11-12 19:50:43] Attaching NMF matrix to SCE colData...
[2025-11-12 19:50:43] SCE colData rows: 77604, unique rownames: 77604
[2025-11-12 19:50:43] NMF matrix attached by row order
[2025-11-12 19:50:43] Attaching projection matrix to SPE colData...
[2025-11-12 19:50:43] SPE colData rows: 113927, unique rownames: 4991
[2025-11-12 19:50:44] Projection matrix attached by row order
[2025-11-12 19:50:44] Found 40 nmf patterns for plotting
[2025-11-12 19:50:44] Creating ECDF plot for nonzero NMF pattern weights...
[2025-11-12 19:50:44] Preparing data for dotplot of NMF pattern presence by cell type...
[2025-11-12 19:50:44] Computing specificity / entropy and GMM split...
[2025-11-12 19:50:44] Plotting entropy histogram with GMM cluster split...
[2025-11-12 19:50:45] Saved entropy split histogram plot.
DuckDB progress:   0%                     [2025-11-12 19:50:45] Creating SRT projection dotplot of NMF patterns by anatomical domain...
[2025-11-12 19:50:47] Appended run summary to /zata/zippy/kresgeb/nmf_stuff/dlPFC/output/batched_registration_dotplot/summary.tsv
[2025-11-12 19:50:50] --------------------------------------------
[2025-11-12 19:50:50] Starting run 5 / 157: k50_seed42_tol1e-05_L10.1
[2025-11-12 19:50:50] nmf_path: /zata/zippy/kresgeb/nmf_stuff/dlPFC/data/batched_nmf/nmf_k50_seed42_tol1e-05_L10.1.rds
[2025-11-12 19:50:50] projection path: /zata/zippy/kresgeb/nmf_stuff/dlPFC/data/batched_projection/proj_k50_seed42_tol1e-05_L10.1.rds
[2025-11-12 19:50:50] NMF matrix: 77604 rows, 50 cols
[2025-11-12 19:50:50] Duplicate NMF rownames: 0
[2025-11-12 19:50:50] Projection matrix: 113927 rows, 50 cols
[2025-11-12 19:50:50] Duplicate projection rownames: 4069
[2025-11-12 19:50:50] Attaching NMF matrix to SCE colData...
[2025-11-12 19:50:50] SCE colData rows: 77604, unique rownames: 77604
[2025-11-12 19:50:51] NMF matrix attached by row order
[2025-11-12 19:50:51] Attaching projection matrix to SPE colData...
[2025-11-12 19:50:51] SPE colData rows: 113927, unique rownames: 4991
[2025-11-12 19:50:52] Projection matrix attached by row order
[2025-11-12 19:50:52] Found 50 nmf patterns for plotting
[2025-11-12 19:50:52] Creating ECDF plot for nonzero NMF pattern weights...
[2025-11-12 19:50:52] Preparing data for dotplot of NMF pattern presence by cell type...
[2025-11-12 19:50:53] Computing specificity / entropy and GMM split...
[2025-11-12 19:50:53] Plotting entropy histogram with GMM cluster split...
[2025-11-12 19:50:53] Saved entropy split histogram plot.
DuckDB progress:   0%                     [2025-11-12 19:50:54] Creating SRT projection dotplot of NMF patterns by anatomical domain...
[2025-11-12 19:50:56] Appended run summary to /zata/zippy/kresgeb/nmf_stuff/dlPFC/output/batched_registration_dotplot/summary.tsv
[2025-11-12 19:50:59] --------------------------------------------
[2025-11-12 19:50:59] Starting run 6 / 157: k60_seed42_tol1e-05_L10.1
[2025-11-12 19:50:59] nmf_path: /zata/zippy/kresgeb/nmf_stuff/dlPFC/data/batched_nmf/nmf_k60_seed42_tol1e-05_L10.1.rds
[2025-11-12 19:50:59] projection path: /zata/zippy/kresgeb/nmf_stuff/dlPFC/data/batched_projection/proj_k60_seed42_tol1e-05_L10.1.rds
[2025-11-12 19:51:00] NMF matrix: 77604 rows, 60 cols
[2025-11-12 19:51:00] Duplicate NMF rownames: 0
[2025-11-12 19:51:00] Projection matrix: 113927 rows, 60 cols
[2025-11-12 19:51:00] Duplicate projection rownames: 4069
[2025-11-12 19:51:00] Attaching NMF matrix to SCE colData...
[2025-11-12 19:51:00] SCE colData rows: 77604, unique rownames: 77604
[2025-11-12 19:51:00] NMF matrix attached by row order
[2025-11-12 19:51:00] Attaching projection matrix to SPE colData...
[2025-11-12 19:51:00] SPE colData rows: 113927, unique rownames: 4991
[2025-11-12 19:51:01] Projection matrix attached by row order
[2025-11-12 19:51:01] Found 60 nmf patterns for plotting
[2025-11-12 19:51:01] Creating ECDF plot for nonzero NMF pattern weights...
[2025-11-12 19:51:02] Preparing data for dotplot of NMF pattern presence by cell type...
[2025-11-12 19:51:03] Computing specificity / entropy and GMM split...
[2025-11-12 19:51:03] Plotting entropy histogram with GMM cluster split...
[2025-11-12 19:51:03] Saved entropy split histogram plot.
DuckDB progress:   0%                     [2025-11-12 19:51:03] Creating SRT projection dotplot of NMF patterns by anatomical domain...
[2025-11-12 19:51:06] Appended run summary to /zata/zippy/kresgeb/nmf_stuff/dlPFC/output/batched_registration_dotplot/summary.tsv
[2025-11-12 19:51:08] --------------------------------------------
[2025-11-12 19:51:08] Starting run 7 / 157: k70_seed42_tol1e-05_L10.1
[2025-11-12 19:51:08] nmf_path: /zata/zippy/kresgeb/nmf_stuff/dlPFC/data/batched_nmf/nmf_k70_seed42_tol1e-05_L10.1.rds
[2025-11-12 19:51:08] projection path: /zata/zippy/kresgeb/nmf_stuff/dlPFC/data/batched_projection/proj_k70_seed42_tol1e-05_L10.1.rds
[2025-11-12 19:51:09] NMF matrix: 77604 rows, 70 cols
[2025-11-12 19:51:09] Duplicate NMF rownames: 0
[2025-11-12 19:51:09] Projection matrix: 113927 rows, 70 cols
[2025-11-12 19:51:09] Duplicate projection rownames: 4069
[2025-11-12 19:51:09] Attaching NMF matrix to SCE colData...
[2025-11-12 19:51:09] SCE colData rows: 77604, unique rownames: 77604
[2025-11-12 19:51:09] NMF matrix attached by row order
[2025-11-12 19:51:09] Attaching projection matrix to SPE colData...
[2025-11-12 19:51:09] SPE colData rows: 113927, unique rownames: 4991
[2025-11-12 19:51:10] Projection matrix attached by row order
[2025-11-12 19:51:10] Found 70 nmf patterns for plotting
[2025-11-12 19:51:10] Creating ECDF plot for nonzero NMF pattern weights...
[2025-11-12 19:51:11] Preparing data for dotplot of NMF pattern presence by cell type...
[2025-11-12 19:51:12] Computing specificity / entropy and GMM split...
[2025-11-12 19:51:12] Plotting entropy histogram with GMM cluster split...
[2025-11-12 19:51:12] Saved entropy split histogram plot.
DuckDB progress:   0%                     [2025-11-12 19:51:12] Creating SRT projection dotplot of NMF patterns by anatomical domain...
[2025-11-12 19:51:15] Appended run summary to /zata/zippy/kresgeb/nmf_stuff/dlPFC/output/batched_registration_dotplot/summary.tsv
[2025-11-12 19:51:19] --------------------------------------------
[2025-11-12 19:51:19] Starting run 8 / 157: k80_seed42_tol1e-05_L10.1
[2025-11-12 19:51:19] nmf_path: /zata/zippy/kresgeb/nmf_stuff/dlPFC/data/batched_nmf/nmf_k80_seed42_tol1e-05_L10.1.rds
[2025-11-12 19:51:19] projection path: /zata/zippy/kresgeb/nmf_stuff/dlPFC/data/batched_projection/proj_k80_seed42_tol1e-05_L10.1.rds
[2025-11-12 19:51:19] NMF matrix: 77604 rows, 80 cols
[2025-11-12 19:51:19] Duplicate NMF rownames: 0
[2025-11-12 19:51:20] Projection matrix: 113927 rows, 80 cols
[2025-11-12 19:51:20] Duplicate projection rownames: 4069
[2025-11-12 19:51:20] Attaching NMF matrix to SCE colData...
[2025-11-12 19:51:20] SCE colData rows: 77604, unique rownames: 77604
[2025-11-12 19:51:20] NMF matrix attached by row order
[2025-11-12 19:51:20] Attaching projection matrix to SPE colData...
[2025-11-12 19:51:20] SPE colData rows: 113927, unique rownames: 4991
[2025-11-12 19:51:21] Projection matrix attached by row order
[2025-11-12 19:51:21] Found 80 nmf patterns for plotting
[2025-11-12 19:51:21] Creating ECDF plot for nonzero NMF pattern weights...
[2025-11-12 19:51:21] Preparing data for dotplot of NMF pattern presence by cell type...
[2025-11-12 19:51:23] Computing specificity / entropy and GMM split...
[2025-11-12 19:51:23] Plotting entropy histogram with GMM cluster split...
[2025-11-12 19:51:23] Saved entropy split histogram plot.
DuckDB progress:   0%                     [2025-11-12 19:51:24] Creating SRT projection dotplot of NMF patterns by anatomical domain...
[2025-11-12 19:51:26] Appended run summary to /zata/zippy/kresgeb/nmf_stuff/dlPFC/output/batched_registration_dotplot/summary.tsv
[2025-11-12 19:51:29] --------------------------------------------
[2025-11-12 19:51:29] Starting run 9 / 157: k90_seed42_tol1e-05_L10.1
[2025-11-12 19:51:29] nmf_path: /zata/zippy/kresgeb/nmf_stuff/dlPFC/data/batched_nmf/nmf_k90_seed42_tol1e-05_L10.1.rds
[2025-11-12 19:51:29] projection path: /zata/zippy/kresgeb/nmf_stuff/dlPFC/data/batched_projection/proj_k90_seed42_tol1e-05_L10.1.rds
[2025-11-12 19:51:29] NMF matrix: 77604 rows, 90 cols
[2025-11-12 19:51:29] Duplicate NMF rownames: 0
[2025-11-12 19:51:30] Projection matrix: 113927 rows, 90 cols
[2025-11-12 19:51:30] Duplicate projection rownames: 4069
[2025-11-12 19:51:30] Attaching NMF matrix to SCE colData...
[2025-11-12 19:51:30] SCE colData rows: 77604, unique rownames: 77604
[2025-11-12 19:51:30] NMF matrix attached by row order
[2025-11-12 19:51:30] Attaching projection matrix to SPE colData...
[2025-11-12 19:51:30] SPE colData rows: 113927, unique rownames: 4991
[2025-11-12 19:51:31] Projection matrix attached by row order
[2025-11-12 19:51:31] Found 90 nmf patterns for plotting
[2025-11-12 19:51:31] Creating ECDF plot for nonzero NMF pattern weights...
[2025-11-12 19:51:31] Preparing data for dotplot of NMF pattern presence by cell type...
[2025-11-12 19:51:32] Computing specificity / entropy and GMM split...
[2025-11-12 19:51:32] Plotting entropy histogram with GMM cluster split...
[2025-11-12 19:51:33] Saved entropy split histogram plot.
DuckDB progress:   0%                     [2025-11-12 19:51:33] Creating SRT projection dotplot of NMF patterns by anatomical domain...
[2025-11-12 19:51:35] Appended run summary to /zata/zippy/kresgeb/nmf_stuff/dlPFC/output/batched_registration_dotplot/summary.tsv
[2025-11-12 19:51:38] --------------------------------------------
[2025-11-12 19:51:38] Starting run 10 / 157: k100_seed42_tol1e-05_L10.1
[2025-11-12 19:51:38] nmf_path: /zata/zippy/kresgeb/nmf_stuff/dlPFC/data/batched_nmf/nmf_k100_seed42_tol1e-05_L10.1.rds
[2025-11-12 19:51:38] projection path: /zata/zippy/kresgeb/nmf_stuff/dlPFC/data/batched_projection/proj_k100_seed42_tol1e-05_L10.1.rds
[2025-11-12 19:51:39] NMF matrix: 77604 rows, 100 cols
[2025-11-12 19:51:39] Duplicate NMF rownames: 0
[2025-11-12 19:51:39] Projection matrix: 113927 rows, 100 cols
[2025-11-12 19:51:39] Duplicate projection rownames: 4069
[2025-11-12 19:51:39] Attaching NMF matrix to SCE colData...
[2025-11-12 19:51:39] SCE colData rows: 77604, unique rownames: 77604
[2025-11-12 19:51:39] NMF matrix attached by row order
[2025-11-12 19:51:39] Attaching projection matrix to SPE colData...
[2025-11-12 19:51:39] SPE colData rows: 113927, unique rownames: 4991
[2025-11-12 19:51:41] Projection matrix attached by row order
[2025-11-12 19:51:41] Found 100 nmf patterns for plotting
[2025-11-12 19:51:41] Creating ECDF plot for nonzero NMF pattern weights...
[2025-11-12 19:51:41] Preparing data for dotplot of NMF pattern presence by cell type...
[2025-11-12 19:51:42] Computing specificity / entropy and GMM split...
[2025-11-12 19:51:42] Plotting entropy histogram with GMM cluster split...
[2025-11-12 19:51:42] Saved entropy split histogram plot.
DuckDB progress:   0%                     [2025-11-12 19:51:43] Creating SRT projection dotplot of NMF patterns by anatomical domain...
[2025-11-12 19:51:46] Appended run summary to /zata/zippy/kresgeb/nmf_stuff/dlPFC/output/batched_registration_dotplot/summary.tsv
[2025-11-12 19:51:49] --------------------------------------------
[2025-11-12 19:51:49] Starting run 11 / 157: k10_seed1029_tol1e-05_L10.1
[2025-11-12 19:51:49] nmf_path: /zata/zippy/kresgeb/nmf_stuff/dlPFC/data/batched_nmf/nmf_k10_seed1029_tol1e-05_L10.1.rds
[2025-11-12 19:51:49] projection path: /zata/zippy/kresgeb/nmf_stuff/dlPFC/data/batched_projection/proj_k10_seed1029_tol1e-05_L10.1.rds
[2025-11-12 19:51:49] NMF matrix: 77604 rows, 10 cols
[2025-11-12 19:51:49] Duplicate NMF rownames: 0
[2025-11-12 19:51:49] Projection matrix: 113927 rows, 10 cols
[2025-11-12 19:51:49] Duplicate projection rownames: 4069
[2025-11-12 19:51:49] Attaching NMF matrix to SCE colData...
[2025-11-12 19:51:49] SCE colData rows: 77604, unique rownames: 77604
[2025-11-12 19:51:49] NMF matrix attached by row order
[2025-11-12 19:51:49] Attaching projection matrix to SPE colData...
[2025-11-12 19:51:49] SPE colData rows: 113927, unique rownames: 4991
[2025-11-12 19:51:50] Projection matrix attached by row order
[2025-11-12 19:51:50] Found 10 nmf patterns for plotting
[2025-11-12 19:51:50] Creating ECDF plot for nonzero NMF pattern weights...
[2025-11-12 19:51:51] Preparing data for dotplot of NMF pattern presence by cell type...
[2025-11-12 19:51:51] Computing specificity / entropy and GMM split...
[2025-11-12 19:51:51] Plotting entropy histogram with GMM cluster split...
[2025-11-12 19:51:51] Saved entropy split histogram plot.
DuckDB progress:   0%                     [2025-11-12 19:51:51] Creating SRT projection dotplot of NMF patterns by anatomical domain...
[2025-11-12 19:51:53] Appended run summary to /zata/zippy/kresgeb/nmf_stuff/dlPFC/output/batched_registration_dotplot/summary.tsv
[2025-11-12 19:51:56] --------------------------------------------
[2025-11-12 19:51:56] Starting run 12 / 157: k20_seed1029_tol1e-05_L10.1
[2025-11-12 19:51:56] nmf_path: /zata/zippy/kresgeb/nmf_stuff/dlPFC/data/batched_nmf/nmf_k20_seed1029_tol1e-05_L10.1.rds
[2025-11-12 19:51:56] projection path: /zata/zippy/kresgeb/nmf_stuff/dlPFC/data/batched_projection/proj_k20_seed1029_tol1e-05_L10.1.rds
[2025-11-12 19:51:57] NMF matrix: 77604 rows, 20 cols
[2025-11-12 19:51:57] Duplicate NMF rownames: 0
[2025-11-12 19:51:57] Projection matrix: 113927 rows, 20 cols
[2025-11-12 19:51:57] Duplicate projection rownames: 4069
[2025-11-12 19:51:57] Attaching NMF matrix to SCE colData...
[2025-11-12 19:51:57] SCE colData rows: 77604, unique rownames: 77604
[2025-11-12 19:51:57] NMF matrix attached by row order
[2025-11-12 19:51:57] Attaching projection matrix to SPE colData...
[2025-11-12 19:51:57] SPE colData rows: 113927, unique rownames: 4991
[2025-11-12 19:51:58] Projection matrix attached by row order
[2025-11-12 19:51:58] Found 20 nmf patterns for plotting
[2025-11-12 19:51:58] Creating ECDF plot for nonzero NMF pattern weights...
[2025-11-12 19:51:59] Preparing data for dotplot of NMF pattern presence by cell type...
[2025-11-12 19:51:59] Computing specificity / entropy and GMM split...
[2025-11-12 19:51:59] Plotting entropy histogram with GMM cluster split...
[2025-11-12 19:52:00] Saved entropy split histogram plot.
DuckDB progress:   0%                     [2025-11-12 19:52:00] Creating SRT projection dotplot of NMF patterns by anatomical domain...
[2025-11-12 19:52:02] Appended run summary to /zata/zippy/kresgeb/nmf_stuff/dlPFC/output/batched_registration_dotplot/summary.tsv
[2025-11-12 19:52:04] --------------------------------------------
[2025-11-12 19:52:04] Starting run 13 / 157: k30_seed1029_tol1e-05_L10.1
[2025-11-12 19:52:04] nmf_path: /zata/zippy/kresgeb/nmf_stuff/dlPFC/data/batched_nmf/nmf_k30_seed1029_tol1e-05_L10.1.rds
[2025-11-12 19:52:04] projection path: /zata/zippy/kresgeb/nmf_stuff/dlPFC/data/batched_projection/proj_k30_seed1029_tol1e-05_L10.1.rds
[2025-11-12 19:52:04] NMF matrix: 77604 rows, 30 cols
[2025-11-12 19:52:04] Duplicate NMF rownames: 0
[2025-11-12 19:52:04] Projection matrix: 113927 rows, 30 cols
[2025-11-12 19:52:04] Duplicate projection rownames: 4069
[2025-11-12 19:52:04] Attaching NMF matrix to SCE colData...
[2025-11-12 19:52:04] SCE colData rows: 77604, unique rownames: 77604
[2025-11-12 19:52:04] NMF matrix attached by row order
[2025-11-12 19:52:04] Attaching projection matrix to SPE colData...
[2025-11-12 19:52:04] SPE colData rows: 113927, unique rownames: 4991
[2025-11-12 19:52:05] Projection matrix attached by row order
[2025-11-12 19:52:05] Found 30 nmf patterns for plotting
[2025-11-12 19:52:05] Creating ECDF plot for nonzero NMF pattern weights...
[2025-11-12 19:52:06] Preparing data for dotplot of NMF pattern presence by cell type...
[2025-11-12 19:52:06] Computing specificity / entropy and GMM split...
[2025-11-12 19:52:06] Plotting entropy histogram with GMM cluster split...
[2025-11-12 19:52:06] Saved entropy split histogram plot.
DuckDB progress:   0%                     [2025-11-12 19:52:07] Creating SRT projection dotplot of NMF patterns by anatomical domain...
[2025-11-12 19:52:08] Appended run summary to /zata/zippy/kresgeb/nmf_stuff/dlPFC/output/batched_registration_dotplot/summary.tsv
[2025-11-12 19:52:11] --------------------------------------------
[2025-11-12 19:52:11] Starting run 14 / 157: k40_seed1029_tol1e-05_L10.1
[2025-11-12 19:52:11] nmf_path: /zata/zippy/kresgeb/nmf_stuff/dlPFC/data/batched_nmf/nmf_k40_seed1029_tol1e-05_L10.1.rds
[2025-11-12 19:52:11] projection path: /zata/zippy/kresgeb/nmf_stuff/dlPFC/data/batched_projection/proj_k40_seed1029_tol1e-05_L10.1.rds
[2025-11-12 19:52:11] NMF matrix: 77604 rows, 40 cols
[2025-11-12 19:52:11] Duplicate NMF rownames: 0
[2025-11-12 19:52:11] Projection matrix: 113927 rows, 40 cols
[2025-11-12 19:52:11] Duplicate projection rownames: 4069
[2025-11-12 19:52:11] Attaching NMF matrix to SCE colData...
[2025-11-12 19:52:11] SCE colData rows: 77604, unique rownames: 77604
[2025-11-12 19:52:11] NMF matrix attached by row order
[2025-11-12 19:52:11] Attaching projection matrix to SPE colData...
[2025-11-12 19:52:11] SPE colData rows: 113927, unique rownames: 4991
[2025-11-12 19:52:13] Projection matrix attached by row order
[2025-11-12 19:52:13] Found 40 nmf patterns for plotting
[2025-11-12 19:52:13] Creating ECDF plot for nonzero NMF pattern weights...
[2025-11-12 19:52:13] Preparing data for dotplot of NMF pattern presence by cell type...
[2025-11-12 19:52:13] Computing specificity / entropy and GMM split...
[2025-11-12 19:52:13] Plotting entropy histogram with GMM cluster split...
[2025-11-12 19:52:14] Saved entropy split histogram plot.
DuckDB progress:   0%                     [2025-11-12 19:52:14] Creating SRT projection dotplot of NMF patterns by anatomical domain...
[2025-11-12 19:52:16] Appended run summary to /zata/zippy/kresgeb/nmf_stuff/dlPFC/output/batched_registration_dotplot/summary.tsv
[2025-11-12 19:52:20] --------------------------------------------
[2025-11-12 19:52:20] Starting run 15 / 157: k50_seed1029_tol1e-05_L10.1
[2025-11-12 19:52:20] nmf_path: /zata/zippy/kresgeb/nmf_stuff/dlPFC/data/batched_nmf/nmf_k50_seed1029_tol1e-05_L10.1.rds
[2025-11-12 19:52:20] projection path: /zata/zippy/kresgeb/nmf_stuff/dlPFC/data/batched_projection/proj_k50_seed1029_tol1e-05_L10.1.rds
[2025-11-12 19:52:20] NMF matrix: 77604 rows, 50 cols
[2025-11-12 19:52:20] Duplicate NMF rownames: 0
[2025-11-12 19:52:20] Projection matrix: 113927 rows, 50 cols
[2025-11-12 19:52:20] Duplicate projection rownames: 4069
[2025-11-12 19:52:20] Attaching NMF matrix to SCE colData...
[2025-11-12 19:52:20] SCE colData rows: 77604, unique rownames: 77604
[2025-11-12 19:52:20] NMF matrix attached by row order
[2025-11-12 19:52:20] Attaching projection matrix to SPE colData...
[2025-11-12 19:52:20] SPE colData rows: 113927, unique rownames: 4991
[2025-11-12 19:52:21] Projection matrix attached by row order
[2025-11-12 19:52:21] Found 50 nmf patterns for plotting
[2025-11-12 19:52:21] Creating ECDF plot for nonzero NMF pattern weights...
[2025-11-12 19:52:22] Preparing data for dotplot of NMF pattern presence by cell type...
[2025-11-12 19:52:23] Computing specificity / entropy and GMM split...
[2025-11-12 19:52:23] Plotting entropy histogram with GMM cluster split...
[2025-11-12 19:52:23] Saved entropy split histogram plot.
DuckDB progress:   0%                     [2025-11-12 19:52:23] Creating SRT projection dotplot of NMF patterns by anatomical domain...
[2025-11-12 19:52:26] Appended run summary to /zata/zippy/kresgeb/nmf_stuff/dlPFC/output/batched_registration_dotplot/summary.tsv
[2025-11-12 19:52:28] --------------------------------------------
[2025-11-12 19:52:28] Starting run 16 / 157: k60_seed1029_tol1e-05_L10.1
[2025-11-12 19:52:28] nmf_path: /zata/zippy/kresgeb/nmf_stuff/dlPFC/data/batched_nmf/nmf_k60_seed1029_tol1e-05_L10.1.rds
[2025-11-12 19:52:28] projection path: /zata/zippy/kresgeb/nmf_stuff/dlPFC/data/batched_projection/proj_k60_seed1029_tol1e-05_L10.1.rds
[2025-11-12 19:52:29] NMF matrix: 77604 rows, 60 cols
[2025-11-12 19:52:29] Duplicate NMF rownames: 0
[2025-11-12 19:52:29] Projection matrix: 113927 rows, 60 cols
[2025-11-12 19:52:29] Duplicate projection rownames: 4069
[2025-11-12 19:52:29] Attaching NMF matrix to SCE colData...
[2025-11-12 19:52:29] SCE colData rows: 77604, unique rownames: 77604
[2025-11-12 19:52:29] NMF matrix attached by row order
[2025-11-12 19:52:29] Attaching projection matrix to SPE colData...
[2025-11-12 19:52:29] SPE colData rows: 113927, unique rownames: 4991
[2025-11-12 19:52:30] Projection matrix attached by row order
[2025-11-12 19:52:30] Found 60 nmf patterns for plotting
[2025-11-12 19:52:30] Creating ECDF plot for nonzero NMF pattern weights...
[2025-11-12 19:52:30] Preparing data for dotplot of NMF pattern presence by cell type...
[2025-11-12 19:52:31] Computing specificity / entropy and GMM split...
[2025-11-12 19:52:31] Plotting entropy histogram with GMM cluster split...
[2025-11-12 19:52:32] Saved entropy split histogram plot.
DuckDB progress:   0%                     [2025-11-12 19:52:32] Creating SRT projection dotplot of NMF patterns by anatomical domain...
[2025-11-12 19:52:35] Appended run summary to /zata/zippy/kresgeb/nmf_stuff/dlPFC/output/batched_registration_dotplot/summary.tsv
[2025-11-12 19:52:37] --------------------------------------------
[2025-11-12 19:52:37] Starting run 17 / 157: k70_seed1029_tol1e-05_L10.1
[2025-11-12 19:52:37] nmf_path: /zata/zippy/kresgeb/nmf_stuff/dlPFC/data/batched_nmf/nmf_k70_seed1029_tol1e-05_L10.1.rds
[2025-11-12 19:52:37] projection path: /zata/zippy/kresgeb/nmf_stuff/dlPFC/data/batched_projection/proj_k70_seed1029_tol1e-05_L10.1.rds
[2025-11-12 19:52:37] NMF matrix: 77604 rows, 70 cols
[2025-11-12 19:52:37] Duplicate NMF rownames: 0
[2025-11-12 19:52:38] Projection matrix: 113927 rows, 70 cols
[2025-11-12 19:52:38] Duplicate projection rownames: 4069
[2025-11-12 19:52:38] Attaching NMF matrix to SCE colData...
[2025-11-12 19:52:38] SCE colData rows: 77604, unique rownames: 77604
[2025-11-12 19:52:38] NMF matrix attached by row order
[2025-11-12 19:52:38] Attaching projection matrix to SPE colData...
[2025-11-12 19:52:38] SPE colData rows: 113927, unique rownames: 4991
[2025-11-12 19:52:39] Projection matrix attached by row order
[2025-11-12 19:52:39] Found 70 nmf patterns for plotting
[2025-11-12 19:52:39] Creating ECDF plot for nonzero NMF pattern weights...
[2025-11-12 19:52:40] Preparing data for dotplot of NMF pattern presence by cell type...
[2025-11-12 19:52:41] Computing specificity / entropy and GMM split...
[2025-11-12 19:52:41] Plotting entropy histogram with GMM cluster split...
[2025-11-12 19:52:41] Saved entropy split histogram plot.
DuckDB progress:   0%                     [2025-11-12 19:52:41] Creating SRT projection dotplot of NMF patterns by anatomical domain...
[2025-11-12 19:52:44] Appended run summary to /zata/zippy/kresgeb/nmf_stuff/dlPFC/output/batched_registration_dotplot/summary.tsv
[2025-11-12 19:52:48] --------------------------------------------
[2025-11-12 19:52:48] Starting run 18 / 157: k80_seed1029_tol1e-05_L10.1
[2025-11-12 19:52:48] nmf_path: /zata/zippy/kresgeb/nmf_stuff/dlPFC/data/batched_nmf/nmf_k80_seed1029_tol1e-05_L10.1.rds
[2025-11-12 19:52:48] projection path: /zata/zippy/kresgeb/nmf_stuff/dlPFC/data/batched_projection/proj_k80_seed1029_tol1e-05_L10.1.rds
[2025-11-12 19:52:48] NMF matrix: 77604 rows, 80 cols
[2025-11-12 19:52:48] Duplicate NMF rownames: 0
[2025-11-12 19:52:49] Projection matrix: 113927 rows, 80 cols
[2025-11-12 19:52:49] Duplicate projection rownames: 4069
[2025-11-12 19:52:49] Attaching NMF matrix to SCE colData...
[2025-11-12 19:52:49] SCE colData rows: 77604, unique rownames: 77604
[2025-11-12 19:52:49] NMF matrix attached by row order
[2025-11-12 19:52:49] Attaching projection matrix to SPE colData...
[2025-11-12 19:52:49] SPE colData rows: 113927, unique rownames: 4991
[2025-11-12 19:52:50] Projection matrix attached by row order
[2025-11-12 19:52:50] Found 80 nmf patterns for plotting
[2025-11-12 19:52:50] Creating ECDF plot for nonzero NMF pattern weights...
[2025-11-12 19:52:50] Preparing data for dotplot of NMF pattern presence by cell type...
[2025-11-12 19:52:52] Computing specificity / entropy and GMM split...
[2025-11-12 19:52:52] Plotting entropy histogram with GMM cluster split...
[2025-11-12 19:52:52] Saved entropy split histogram plot.
DuckDB progress:   0%                     [2025-11-12 19:52:53] Creating SRT projection dotplot of NMF patterns by anatomical domain...
[2025-11-12 19:52:55] Appended run summary to /zata/zippy/kresgeb/nmf_stuff/dlPFC/output/batched_registration_dotplot/summary.tsv
[2025-11-12 19:52:57] --------------------------------------------
[2025-11-12 19:52:57] Starting run 19 / 157: k90_seed1029_tol1e-05_L10.1
[2025-11-12 19:52:57] nmf_path: /zata/zippy/kresgeb/nmf_stuff/dlPFC/data/batched_nmf/nmf_k90_seed1029_tol1e-05_L10.1.rds
[2025-11-12 19:52:57] projection path: /zata/zippy/kresgeb/nmf_stuff/dlPFC/data/batched_projection/proj_k90_seed1029_tol1e-05_L10.1.rds
[2025-11-12 19:52:57] NMF matrix: 77604 rows, 90 cols
[2025-11-12 19:52:57] Duplicate NMF rownames: 0
[2025-11-12 19:52:58] Projection matrix: 113927 rows, 90 cols
[2025-11-12 19:52:58] Duplicate projection rownames: 4069
[2025-11-12 19:52:58] Attaching NMF matrix to SCE colData...
[2025-11-12 19:52:58] SCE colData rows: 77604, unique rownames: 77604
[2025-11-12 19:52:58] NMF matrix attached by row order
[2025-11-12 19:52:58] Attaching projection matrix to SPE colData...
[2025-11-12 19:52:58] SPE colData rows: 113927, unique rownames: 4991
[2025-11-12 19:52:59] Projection matrix attached by row order
[2025-11-12 19:52:59] Found 90 nmf patterns for plotting
[2025-11-12 19:52:59] Creating ECDF plot for nonzero NMF pattern weights...
[2025-11-12 19:53:00] Preparing data for dotplot of NMF pattern presence by cell type...
[2025-11-12 19:53:01] Computing specificity / entropy and GMM split...
[2025-11-12 19:53:01] Plotting entropy histogram with GMM cluster split...
[2025-11-12 19:53:01] Saved entropy split histogram plot.
DuckDB progress:   0%                     [2025-11-12 19:53:02] Creating SRT projection dotplot of NMF patterns by anatomical domain...
[2025-11-12 19:53:04] Appended run summary to /zata/zippy/kresgeb/nmf_stuff/dlPFC/output/batched_registration_dotplot/summary.tsv
[2025-11-12 19:53:07] --------------------------------------------
[2025-11-12 19:53:07] Starting run 20 / 157: k100_seed1029_tol1e-05_L10.1
[2025-11-12 19:53:07] nmf_path: /zata/zippy/kresgeb/nmf_stuff/dlPFC/data/batched_nmf/nmf_k100_seed1029_tol1e-05_L10.1.rds
[2025-11-12 19:53:07] projection path: /zata/zippy/kresgeb/nmf_stuff/dlPFC/data/batched_projection/proj_k100_seed1029_tol1e-05_L10.1.rds
[2025-11-12 19:53:07] NMF matrix: 77604 rows, 100 cols
[2025-11-12 19:53:07] Duplicate NMF rownames: 0
[2025-11-12 19:53:08] Projection matrix: 113927 rows, 100 cols
[2025-11-12 19:53:08] Duplicate projection rownames: 4069
[2025-11-12 19:53:08] Attaching NMF matrix to SCE colData...
[2025-11-12 19:53:08] SCE colData rows: 77604, unique rownames: 77604
[2025-11-12 19:53:08] NMF matrix attached by row order
[2025-11-12 19:53:08] Attaching projection matrix to SPE colData...
[2025-11-12 19:53:08] SPE colData rows: 113927, unique rownames: 4991
[2025-11-12 19:53:09] Projection matrix attached by row order
[2025-11-12 19:53:09] Found 100 nmf patterns for plotting
[2025-11-12 19:53:09] Creating ECDF plot for nonzero NMF pattern weights...
[2025-11-12 19:53:09] Preparing data for dotplot of NMF pattern presence by cell type...
[2025-11-12 19:53:11] Computing specificity / entropy and GMM split...
[2025-11-12 19:53:11] Plotting entropy histogram with GMM cluster split...
[2025-11-12 19:53:11] Saved entropy split histogram plot.
DuckDB progress:   0%                     [2025-11-12 19:53:12] Creating SRT projection dotplot of NMF patterns by anatomical domain...
[2025-11-12 19:53:14] Appended run summary to /zata/zippy/kresgeb/nmf_stuff/dlPFC/output/batched_registration_dotplot/summary.tsv
[2025-11-12 19:53:17] --------------------------------------------
[2025-11-12 19:53:17] Starting run 21 / 157: k10_seed31415_tol1e-05_L10.1
[2025-11-12 19:53:17] nmf_path: /zata/zippy/kresgeb/nmf_stuff/dlPFC/data/batched_nmf/nmf_k10_seed31415_tol1e-05_L10.1.rds
[2025-11-12 19:53:17] projection path: /zata/zippy/kresgeb/nmf_stuff/dlPFC/data/batched_projection/proj_k10_seed31415_tol1e-05_L10.1.rds
[2025-11-12 19:53:17] NMF matrix: 77604 rows, 10 cols
[2025-11-12 19:53:17] Duplicate NMF rownames: 0
[2025-11-12 19:53:17] Projection matrix: 113927 rows, 10 cols
[2025-11-12 19:53:17] Duplicate projection rownames: 4069
[2025-11-12 19:53:17] Attaching NMF matrix to SCE colData...
[2025-11-12 19:53:17] SCE colData rows: 77604, unique rownames: 77604
[2025-11-12 19:53:17] NMF matrix attached by row order
[2025-11-12 19:53:17] Attaching projection matrix to SPE colData...
[2025-11-12 19:53:17] SPE colData rows: 113927, unique rownames: 4991
[2025-11-12 19:53:19] Projection matrix attached by row order
[2025-11-12 19:53:19] Found 10 nmf patterns for plotting
[2025-11-12 19:53:19] Creating ECDF plot for nonzero NMF pattern weights...
[2025-11-12 19:53:19] Preparing data for dotplot of NMF pattern presence by cell type...
[2025-11-12 19:53:19] Computing specificity / entropy and GMM split...
[2025-11-12 19:53:19] Plotting entropy histogram with GMM cluster split...
[2025-11-12 19:53:19] Saved entropy split histogram plot.
DuckDB progress:   0%                     [2025-11-12 19:53:20] Creating SRT projection dotplot of NMF patterns by anatomical domain...
[2025-11-12 19:53:21] Appended run summary to /zata/zippy/kresgeb/nmf_stuff/dlPFC/output/batched_registration_dotplot/summary.tsv
[2025-11-12 19:53:24] --------------------------------------------
[2025-11-12 19:53:24] Starting run 22 / 157: k20_seed31415_tol1e-05_L10.1
[2025-11-12 19:53:24] nmf_path: /zata/zippy/kresgeb/nmf_stuff/dlPFC/data/batched_nmf/nmf_k20_seed31415_tol1e-05_L10.1.rds
[2025-11-12 19:53:24] projection path: /zata/zippy/kresgeb/nmf_stuff/dlPFC/data/batched_projection/proj_k20_seed31415_tol1e-05_L10.1.rds
[2025-11-12 19:53:24] NMF matrix: 77604 rows, 20 cols
[2025-11-12 19:53:24] Duplicate NMF rownames: 0
[2025-11-12 19:53:24] Projection matrix: 113927 rows, 20 cols
[2025-11-12 19:53:24] Duplicate projection rownames: 4069
[2025-11-12 19:53:24] Attaching NMF matrix to SCE colData...
[2025-11-12 19:53:24] SCE colData rows: 77604, unique rownames: 77604
[2025-11-12 19:53:24] NMF matrix attached by row order
[2025-11-12 19:53:24] Attaching projection matrix to SPE colData...
[2025-11-12 19:53:24] SPE colData rows: 113927, unique rownames: 4991
[2025-11-12 19:53:25] Projection matrix attached by row order
[2025-11-12 19:53:25] Found 20 nmf patterns for plotting
[2025-11-12 19:53:25] Creating ECDF plot for nonzero NMF pattern weights...
[2025-11-12 19:53:25] Preparing data for dotplot of NMF pattern presence by cell type...
[2025-11-12 19:53:26] Computing specificity / entropy and GMM split...
[2025-11-12 19:53:26] Plotting entropy histogram with GMM cluster split...
[2025-11-12 19:53:26] Saved entropy split histogram plot.
DuckDB progress:   0%                     [2025-11-12 19:53:26] Creating SRT projection dotplot of NMF patterns by anatomical domain...
[2025-11-12 19:53:27] Appended run summary to /zata/zippy/kresgeb/nmf_stuff/dlPFC/output/batched_registration_dotplot/summary.tsv
[2025-11-12 19:53:30] --------------------------------------------
[2025-11-12 19:53:30] Starting run 23 / 157: k30_seed31415_tol1e-05_L10.1
[2025-11-12 19:53:30] nmf_path: /zata/zippy/kresgeb/nmf_stuff/dlPFC/data/batched_nmf/nmf_k30_seed31415_tol1e-05_L10.1.rds
[2025-11-12 19:53:30] projection path: /zata/zippy/kresgeb/nmf_stuff/dlPFC/data/batched_projection/proj_k30_seed31415_tol1e-05_L10.1.rds
[2025-11-12 19:53:30] NMF matrix: 77604 rows, 30 cols
[2025-11-12 19:53:30] Duplicate NMF rownames: 0
[2025-11-12 19:53:30] Projection matrix: 113927 rows, 30 cols
[2025-11-12 19:53:30] Duplicate projection rownames: 4069
[2025-11-12 19:53:30] Attaching NMF matrix to SCE colData...
[2025-11-12 19:53:30] SCE colData rows: 77604, unique rownames: 77604
[2025-11-12 19:53:30] NMF matrix attached by row order
[2025-11-12 19:53:30] Attaching projection matrix to SPE colData...
[2025-11-12 19:53:30] SPE colData rows: 113927, unique rownames: 4991
[2025-11-12 19:53:31] Projection matrix attached by row order
[2025-11-12 19:53:31] Found 30 nmf patterns for plotting
[2025-11-12 19:53:31] Creating ECDF plot for nonzero NMF pattern weights...
[2025-11-12 19:53:31] Preparing data for dotplot of NMF pattern presence by cell type...
[2025-11-12 19:53:32] Computing specificity / entropy and GMM split...
[2025-11-12 19:53:32] Plotting entropy histogram with GMM cluster split...
[2025-11-12 19:53:32] Saved entropy split histogram plot.
DuckDB progress:   0%                     [2025-11-12 19:53:32] Creating SRT projection dotplot of NMF patterns by anatomical domain...
[2025-11-12 19:53:34] Appended run summary to /zata/zippy/kresgeb/nmf_stuff/dlPFC/output/batched_registration_dotplot/summary.tsv
[2025-11-12 19:53:37] --------------------------------------------
[2025-11-12 19:53:37] Starting run 24 / 157: k40_seed31415_tol1e-05_L10.1
[2025-11-12 19:53:37] nmf_path: /zata/zippy/kresgeb/nmf_stuff/dlPFC/data/batched_nmf/nmf_k40_seed31415_tol1e-05_L10.1.rds
[2025-11-12 19:53:37] projection path: /zata/zippy/kresgeb/nmf_stuff/dlPFC/data/batched_projection/proj_k40_seed31415_tol1e-05_L10.1.rds
[2025-11-12 19:53:37] NMF matrix: 77604 rows, 40 cols
[2025-11-12 19:53:37] Duplicate NMF rownames: 0
[2025-11-12 19:53:37] Projection matrix: 113927 rows, 40 cols
[2025-11-12 19:53:37] Duplicate projection rownames: 4069
[2025-11-12 19:53:37] Attaching NMF matrix to SCE colData...
[2025-11-12 19:53:37] SCE colData rows: 77604, unique rownames: 77604
[2025-11-12 19:53:37] NMF matrix attached by row order
[2025-11-12 19:53:37] Attaching projection matrix to SPE colData...
[2025-11-12 19:53:37] SPE colData rows: 113927, unique rownames: 4991
[2025-11-12 19:53:39] Projection matrix attached by row order
[2025-11-12 19:53:39] Found 40 nmf patterns for plotting
[2025-11-12 19:53:39] Creating ECDF plot for nonzero NMF pattern weights...
[2025-11-12 19:53:39] Preparing data for dotplot of NMF pattern presence by cell type...
[2025-11-12 19:53:39] Computing specificity / entropy and GMM split...
[2025-11-12 19:53:39] Plotting entropy histogram with GMM cluster split...
[2025-11-12 19:53:40] Saved entropy split histogram plot.
DuckDB progress:   0%                     [2025-11-12 19:53:40] Creating SRT projection dotplot of NMF patterns by anatomical domain...
[2025-11-12 19:53:42] Appended run summary to /zata/zippy/kresgeb/nmf_stuff/dlPFC/output/batched_registration_dotplot/summary.tsv
[2025-11-12 19:53:46] --------------------------------------------
[2025-11-12 19:53:46] Starting run 25 / 157: k50_seed31415_tol1e-05_L10.1
[2025-11-12 19:53:46] nmf_path: /zata/zippy/kresgeb/nmf_stuff/dlPFC/data/batched_nmf/nmf_k50_seed31415_tol1e-05_L10.1.rds
[2025-11-12 19:53:46] projection path: /zata/zippy/kresgeb/nmf_stuff/dlPFC/data/batched_projection/proj_k50_seed31415_tol1e-05_L10.1.rds
[2025-11-12 19:53:46] NMF matrix: 77604 rows, 50 cols
[2025-11-12 19:53:46] Duplicate NMF rownames: 0
[2025-11-12 19:53:46] Projection matrix: 113927 rows, 50 cols
[2025-11-12 19:53:46] Duplicate projection rownames: 4069
[2025-11-12 19:53:46] Attaching NMF matrix to SCE colData...
[2025-11-12 19:53:46] SCE colData rows: 77604, unique rownames: 77604
[2025-11-12 19:53:46] NMF matrix attached by row order
[2025-11-12 19:53:46] Attaching projection matrix to SPE colData...
[2025-11-12 19:53:46] SPE colData rows: 113927, unique rownames: 4991
[2025-11-12 19:53:47] Projection matrix attached by row order
[2025-11-12 19:53:47] Found 50 nmf patterns for plotting
[2025-11-12 19:53:47] Creating ECDF plot for nonzero NMF pattern weights...
[2025-11-12 19:53:48] Preparing data for dotplot of NMF pattern presence by cell type...
[2025-11-12 19:53:49] Computing specificity / entropy and GMM split...
[2025-11-12 19:53:49] Plotting entropy histogram with GMM cluster split...
[2025-11-12 19:53:49] Saved entropy split histogram plot.
DuckDB progress:   0%                     [2025-11-12 19:53:49] Creating SRT projection dotplot of NMF patterns by anatomical domain...
[2025-11-12 19:53:52] Appended run summary to /zata/zippy/kresgeb/nmf_stuff/dlPFC/output/batched_registration_dotplot/summary.tsv
[2025-11-12 19:53:54] --------------------------------------------
[2025-11-12 19:53:54] Starting run 26 / 157: k60_seed31415_tol1e-05_L10.1
[2025-11-12 19:53:54] nmf_path: /zata/zippy/kresgeb/nmf_stuff/dlPFC/data/batched_nmf/nmf_k60_seed31415_tol1e-05_L10.1.rds
[2025-11-12 19:53:54] projection path: /zata/zippy/kresgeb/nmf_stuff/dlPFC/data/batched_projection/proj_k60_seed31415_tol1e-05_L10.1.rds
[2025-11-12 19:53:54] NMF matrix: 77604 rows, 60 cols
[2025-11-12 19:53:54] Duplicate NMF rownames: 0
[2025-11-12 19:53:55] Projection matrix: 113927 rows, 60 cols
[2025-11-12 19:53:55] Duplicate projection rownames: 4069
[2025-11-12 19:53:55] Attaching NMF matrix to SCE colData...
[2025-11-12 19:53:55] SCE colData rows: 77604, unique rownames: 77604
[2025-11-12 19:53:55] NMF matrix attached by row order
[2025-11-12 19:53:55] Attaching projection matrix to SPE colData...
[2025-11-12 19:53:55] SPE colData rows: 113927, unique rownames: 4991
[2025-11-12 19:53:55] Projection matrix attached by row order
[2025-11-12 19:53:55] Found 60 nmf patterns for plotting
[2025-11-12 19:53:55] Creating ECDF plot for nonzero NMF pattern weights...
[2025-11-12 19:53:56] Preparing data for dotplot of NMF pattern presence by cell type...
[2025-11-12 19:53:57] Computing specificity / entropy and GMM split...
[2025-11-12 19:53:57] Plotting entropy histogram with GMM cluster split...
[2025-11-12 19:53:57] Saved entropy split histogram plot.
DuckDB progress:   0%                     [2025-11-12 19:53:57] Creating SRT projection dotplot of NMF patterns by anatomical domain...
[2025-11-12 19:54:00] Appended run summary to /zata/zippy/kresgeb/nmf_stuff/dlPFC/output/batched_registration_dotplot/summary.tsv
[2025-11-12 19:54:03] --------------------------------------------
[2025-11-12 19:54:03] Starting run 27 / 157: k70_seed31415_tol1e-05_L10.1
[2025-11-12 19:54:03] nmf_path: /zata/zippy/kresgeb/nmf_stuff/dlPFC/data/batched_nmf/nmf_k70_seed31415_tol1e-05_L10.1.rds
[2025-11-12 19:54:03] projection path: /zata/zippy/kresgeb/nmf_stuff/dlPFC/data/batched_projection/proj_k70_seed31415_tol1e-05_L10.1.rds
[2025-11-12 19:54:04] NMF matrix: 77604 rows, 70 cols
[2025-11-12 19:54:04] Duplicate NMF rownames: 0
[2025-11-12 19:54:04] Projection matrix: 113927 rows, 70 cols
[2025-11-12 19:54:04] Duplicate projection rownames: 4069
[2025-11-12 19:54:04] Attaching NMF matrix to SCE colData...
[2025-11-12 19:54:04] SCE colData rows: 77604, unique rownames: 77604
[2025-11-12 19:54:04] NMF matrix attached by row order
[2025-11-12 19:54:04] Attaching projection matrix to SPE colData...
[2025-11-12 19:54:04] SPE colData rows: 113927, unique rownames: 4991
[2025-11-12 19:54:06] Projection matrix attached by row order
[2025-11-12 19:54:06] Found 70 nmf patterns for plotting
[2025-11-12 19:54:06] Creating ECDF plot for nonzero NMF pattern weights...
[2025-11-12 19:54:06] Preparing data for dotplot of NMF pattern presence by cell type...
[2025-11-12 19:54:07] Computing specificity / entropy and GMM split...
[2025-11-12 19:54:07] Plotting entropy histogram with GMM cluster split...
[2025-11-12 19:54:07] Saved entropy split histogram plot.
DuckDB progress:   0%                     [2025-11-12 19:54:08] Creating SRT projection dotplot of NMF patterns by anatomical domain...
[2025-11-12 19:54:11] Appended run summary to /zata/zippy/kresgeb/nmf_stuff/dlPFC/output/batched_registration_dotplot/summary.tsv
[2025-11-12 19:54:13] --------------------------------------------
[2025-11-12 19:54:13] Starting run 28 / 157: k80_seed31415_tol1e-05_L10.1
[2025-11-12 19:54:13] nmf_path: /zata/zippy/kresgeb/nmf_stuff/dlPFC/data/batched_nmf/nmf_k80_seed31415_tol1e-05_L10.1.rds
[2025-11-12 19:54:13] projection path: /zata/zippy/kresgeb/nmf_stuff/dlPFC/data/batched_projection/proj_k80_seed31415_tol1e-05_L10.1.rds
[2025-11-12 19:54:14] NMF matrix: 77604 rows, 80 cols
[2025-11-12 19:54:14] Duplicate NMF rownames: 0
[2025-11-12 19:54:14] Projection matrix: 113927 rows, 80 cols
[2025-11-12 19:54:14] Duplicate projection rownames: 4069
[2025-11-12 19:54:14] Attaching NMF matrix to SCE colData...
[2025-11-12 19:54:14] SCE colData rows: 77604, unique rownames: 77604
[2025-11-12 19:54:15] NMF matrix attached by row order
[2025-11-12 19:54:15] Attaching projection matrix to SPE colData...
[2025-11-12 19:54:15] SPE colData rows: 113927, unique rownames: 4991
[2025-11-12 19:54:15] Projection matrix attached by row order
[2025-11-12 19:54:15] Found 80 nmf patterns for plotting
[2025-11-12 19:54:15] Creating ECDF plot for nonzero NMF pattern weights...
[2025-11-12 19:54:16] Preparing data for dotplot of NMF pattern presence by cell type...
[2025-11-12 19:54:17] Computing specificity / entropy and GMM split...
[2025-11-12 19:54:17] Plotting entropy histogram with GMM cluster split...
[2025-11-12 19:54:17] Saved entropy split histogram plot.
DuckDB progress:   0%                     [2025-11-12 19:54:18] Creating SRT projection dotplot of NMF patterns by anatomical domain...
[2025-11-12 19:54:20] Appended run summary to /zata/zippy/kresgeb/nmf_stuff/dlPFC/output/batched_registration_dotplot/summary.tsv
[2025-11-12 19:54:22] --------------------------------------------
[2025-11-12 19:54:22] Starting run 29 / 157: k90_seed31415_tol1e-05_L10.1
[2025-11-12 19:54:22] nmf_path: /zata/zippy/kresgeb/nmf_stuff/dlPFC/data/batched_nmf/nmf_k90_seed31415_tol1e-05_L10.1.rds
[2025-11-12 19:54:22] projection path: /zata/zippy/kresgeb/nmf_stuff/dlPFC/data/batched_projection/proj_k90_seed31415_tol1e-05_L10.1.rds
[2025-11-12 19:54:23] NMF matrix: 77604 rows, 90 cols
[2025-11-12 19:54:23] Duplicate NMF rownames: 0
[2025-11-12 19:54:23] Projection matrix: 113927 rows, 90 cols
[2025-11-12 19:54:23] Duplicate projection rownames: 4069
[2025-11-12 19:54:23] Attaching NMF matrix to SCE colData...
[2025-11-12 19:54:23] SCE colData rows: 77604, unique rownames: 77604
[2025-11-12 19:54:23] NMF matrix attached by row order
[2025-11-12 19:54:23] Attaching projection matrix to SPE colData...
[2025-11-12 19:54:23] SPE colData rows: 113927, unique rownames: 4991
[2025-11-12 19:54:25] Projection matrix attached by row order
[2025-11-12 19:54:25] Found 90 nmf patterns for plotting
[2025-11-12 19:54:25] Creating ECDF plot for nonzero NMF pattern weights...
[2025-11-12 19:54:25] Preparing data for dotplot of NMF pattern presence by cell type...
[2025-11-12 19:54:27] Computing specificity / entropy and GMM split...
[2025-11-12 19:54:27] Plotting entropy histogram with GMM cluster split...
[2025-11-12 19:54:27] Saved entropy split histogram plot.
DuckDB progress:   0%                     [2025-11-12 19:54:27] Creating SRT projection dotplot of NMF patterns by anatomical domain...
[2025-11-12 19:54:30] Appended run summary to /zata/zippy/kresgeb/nmf_stuff/dlPFC/output/batched_registration_dotplot/summary.tsv
[2025-11-12 19:54:33] --------------------------------------------
[2025-11-12 19:54:33] Starting run 30 / 157: k100_seed31415_tol1e-05_L10.1
[2025-11-12 19:54:33] nmf_path: /zata/zippy/kresgeb/nmf_stuff/dlPFC/data/batched_nmf/nmf_k100_seed31415_tol1e-05_L10.1.rds
[2025-11-12 19:54:33] projection path: /zata/zippy/kresgeb/nmf_stuff/dlPFC/data/batched_projection/proj_k100_seed31415_tol1e-05_L10.1.rds
[2025-11-12 19:54:34] NMF matrix: 77604 rows, 100 cols
[2025-11-12 19:54:34] Duplicate NMF rownames: 0
[2025-11-12 19:54:35] Projection matrix: 113927 rows, 100 cols
[2025-11-12 19:54:35] Duplicate projection rownames: 4069
[2025-11-12 19:54:35] Attaching NMF matrix to SCE colData...
[2025-11-12 19:54:35] SCE colData rows: 77604, unique rownames: 77604
[2025-11-12 19:54:35] NMF matrix attached by row order
[2025-11-12 19:54:35] Attaching projection matrix to SPE colData...
[2025-11-12 19:54:35] SPE colData rows: 113927, unique rownames: 4991
[2025-11-12 19:54:36] Projection matrix attached by row order
[2025-11-12 19:54:36] Found 100 nmf patterns for plotting
[2025-11-12 19:54:36] Creating ECDF plot for nonzero NMF pattern weights...
[2025-11-12 19:54:36] Preparing data for dotplot of NMF pattern presence by cell type...
[2025-11-12 19:54:38] Computing specificity / entropy and GMM split...
[2025-11-12 19:54:38] Plotting entropy histogram with GMM cluster split...
[2025-11-12 19:54:38] Saved entropy split histogram plot.
DuckDB progress:   0%                     [2025-11-12 19:54:39] Creating SRT projection dotplot of NMF patterns by anatomical domain...
[2025-11-12 19:54:41] Appended run summary to /zata/zippy/kresgeb/nmf_stuff/dlPFC/output/batched_registration_dotplot/summary.tsv
[2025-11-12 19:54:43] --------------------------------------------
[2025-11-12 19:54:43] Starting run 31 / 157: k10_seed120301_tol1e-05_L10.1
[2025-11-12 19:54:43] nmf_path: /zata/zippy/kresgeb/nmf_stuff/dlPFC/data/batched_nmf/nmf_k10_seed120301_tol1e-05_L10.1.rds
[2025-11-12 19:54:43] projection path: /zata/zippy/kresgeb/nmf_stuff/dlPFC/data/batched_projection/proj_k10_seed120301_tol1e-05_L10.1.rds
[2025-11-12 19:54:44] NMF matrix: 77604 rows, 10 cols
[2025-11-12 19:54:44] Duplicate NMF rownames: 0
[2025-11-12 19:54:44] Projection matrix: 113927 rows, 10 cols
[2025-11-12 19:54:44] Duplicate projection rownames: 4069
[2025-11-12 19:54:44] Attaching NMF matrix to SCE colData...
[2025-11-12 19:54:44] SCE colData rows: 77604, unique rownames: 77604
[2025-11-12 19:54:44] NMF matrix attached by row order
[2025-11-12 19:54:44] Attaching projection matrix to SPE colData...
[2025-11-12 19:54:44] SPE colData rows: 113927, unique rownames: 4991
[2025-11-12 19:54:45] Projection matrix attached by row order
[2025-11-12 19:54:45] Found 10 nmf patterns for plotting
[2025-11-12 19:54:45] Creating ECDF plot for nonzero NMF pattern weights...
[2025-11-12 19:54:45] Preparing data for dotplot of NMF pattern presence by cell type...
[2025-11-12 19:54:46] Computing specificity / entropy and GMM split...
[2025-11-12 19:54:46] Plotting entropy histogram with GMM cluster split...
[2025-11-12 19:54:46] Saved entropy split histogram plot.
DuckDB progress:   0%                     [2025-11-12 19:54:46] Creating SRT projection dotplot of NMF patterns by anatomical domain...
[2025-11-12 19:54:48] Appended run summary to /zata/zippy/kresgeb/nmf_stuff/dlPFC/output/batched_registration_dotplot/summary.tsv
[2025-11-12 19:54:51] --------------------------------------------
[2025-11-12 19:54:51] Starting run 32 / 157: k20_seed120301_tol1e-05_L10.1
[2025-11-12 19:54:51] nmf_path: /zata/zippy/kresgeb/nmf_stuff/dlPFC/data/batched_nmf/nmf_k20_seed120301_tol1e-05_L10.1.rds
[2025-11-12 19:54:51] projection path: /zata/zippy/kresgeb/nmf_stuff/dlPFC/data/batched_projection/proj_k20_seed120301_tol1e-05_L10.1.rds
[2025-11-12 19:54:51] NMF matrix: 77604 rows, 20 cols
[2025-11-12 19:54:51] Duplicate NMF rownames: 0
[2025-11-12 19:54:51] Projection matrix: 113927 rows, 20 cols
[2025-11-12 19:54:51] Duplicate projection rownames: 4069
[2025-11-12 19:54:51] Attaching NMF matrix to SCE colData...
[2025-11-12 19:54:51] SCE colData rows: 77604, unique rownames: 77604
[2025-11-12 19:54:51] NMF matrix attached by row order
[2025-11-12 19:54:51] Attaching projection matrix to SPE colData...
[2025-11-12 19:54:51] SPE colData rows: 113927, unique rownames: 4991
[2025-11-12 19:54:52] Projection matrix attached by row order
[2025-11-12 19:54:52] Found 20 nmf patterns for plotting
[2025-11-12 19:54:52] Creating ECDF plot for nonzero NMF pattern weights...
[2025-11-12 19:54:52] Preparing data for dotplot of NMF pattern presence by cell type...
[2025-11-12 19:54:53] Computing specificity / entropy and GMM split...
[2025-11-12 19:54:53] Plotting entropy histogram with GMM cluster split...
[2025-11-12 19:54:53] Saved entropy split histogram plot.
DuckDB progress:   0%                     [2025-11-12 19:54:53] Creating SRT projection dotplot of NMF patterns by anatomical domain...
[2025-11-12 19:54:54] Appended run summary to /zata/zippy/kresgeb/nmf_stuff/dlPFC/output/batched_registration_dotplot/summary.tsv
[2025-11-12 19:54:57] --------------------------------------------
[2025-11-12 19:54:57] Starting run 33 / 157: k30_seed120301_tol1e-05_L10.1
[2025-11-12 19:54:57] nmf_path: /zata/zippy/kresgeb/nmf_stuff/dlPFC/data/batched_nmf/nmf_k30_seed120301_tol1e-05_L10.1.rds
[2025-11-12 19:54:57] projection path: /zata/zippy/kresgeb/nmf_stuff/dlPFC/data/batched_projection/proj_k30_seed120301_tol1e-05_L10.1.rds
[2025-11-12 19:54:57] NMF matrix: 77604 rows, 30 cols
[2025-11-12 19:54:57] Duplicate NMF rownames: 0
[2025-11-12 19:54:57] Projection matrix: 113927 rows, 30 cols
[2025-11-12 19:54:57] Duplicate projection rownames: 4069
[2025-11-12 19:54:57] Attaching NMF matrix to SCE colData...
[2025-11-12 19:54:57] SCE colData rows: 77604, unique rownames: 77604
[2025-11-12 19:54:57] NMF matrix attached by row order
[2025-11-12 19:54:57] Attaching projection matrix to SPE colData...
[2025-11-12 19:54:57] SPE colData rows: 113927, unique rownames: 4991
[2025-11-12 19:54:58] Projection matrix attached by row order
[2025-11-12 19:54:58] Found 30 nmf patterns for plotting
[2025-11-12 19:54:58] Creating ECDF plot for nonzero NMF pattern weights...
[2025-11-12 19:54:58] Preparing data for dotplot of NMF pattern presence by cell type...
[2025-11-12 19:54:59] Computing specificity / entropy and GMM split...
[2025-11-12 19:54:59] Plotting entropy histogram with GMM cluster split...
[2025-11-12 19:54:59] Saved entropy split histogram plot.
DuckDB progress:   0%                     [2025-11-12 19:55:00] Creating SRT projection dotplot of NMF patterns by anatomical domain...
[2025-11-12 19:55:02] Appended run summary to /zata/zippy/kresgeb/nmf_stuff/dlPFC/output/batched_registration_dotplot/summary.tsv
[2025-11-12 19:55:04] --------------------------------------------
[2025-11-12 19:55:04] Starting run 34 / 157: k40_seed120301_tol1e-05_L10.1
[2025-11-12 19:55:04] nmf_path: /zata/zippy/kresgeb/nmf_stuff/dlPFC/data/batched_nmf/nmf_k40_seed120301_tol1e-05_L10.1.rds
[2025-11-12 19:55:04] projection path: /zata/zippy/kresgeb/nmf_stuff/dlPFC/data/batched_projection/proj_k40_seed120301_tol1e-05_L10.1.rds
[2025-11-12 19:55:04] NMF matrix: 77604 rows, 40 cols
[2025-11-12 19:55:04] Duplicate NMF rownames: 0
[2025-11-12 19:55:04] Projection matrix: 113927 rows, 40 cols
[2025-11-12 19:55:04] Duplicate projection rownames: 4069
[2025-11-12 19:55:04] Attaching NMF matrix to SCE colData...
[2025-11-12 19:55:04] SCE colData rows: 77604, unique rownames: 77604
[2025-11-12 19:55:04] NMF matrix attached by row order
[2025-11-12 19:55:04] Attaching projection matrix to SPE colData...
[2025-11-12 19:55:04] SPE colData rows: 113927, unique rownames: 4991
[2025-11-12 19:55:05] Projection matrix attached by row order
[2025-11-12 19:55:05] Found 40 nmf patterns for plotting
[2025-11-12 19:55:05] Creating ECDF plot for nonzero NMF pattern weights...
[2025-11-12 19:55:05] Preparing data for dotplot of NMF pattern presence by cell type...
[2025-11-12 19:55:06] Computing specificity / entropy and GMM split...
[2025-11-12 19:55:06] Plotting entropy histogram with GMM cluster split...
[2025-11-12 19:55:06] Saved entropy split histogram plot.
DuckDB progress:   0%                     [2025-11-12 19:55:07] Creating SRT projection dotplot of NMF patterns by anatomical domain...
[2025-11-12 19:55:09] Appended run summary to /zata/zippy/kresgeb/nmf_stuff/dlPFC/output/batched_registration_dotplot/summary.tsv
[2025-11-12 19:55:11] --------------------------------------------
[2025-11-12 19:55:11] Starting run 35 / 157: k50_seed120301_tol1e-05_L10.1
[2025-11-12 19:55:11] nmf_path: /zata/zippy/kresgeb/nmf_stuff/dlPFC/data/batched_nmf/nmf_k50_seed120301_tol1e-05_L10.1.rds
[2025-11-12 19:55:11] projection path: /zata/zippy/kresgeb/nmf_stuff/dlPFC/data/batched_projection/proj_k50_seed120301_tol1e-05_L10.1.rds
[2025-11-12 19:55:11] NMF matrix: 77604 rows, 50 cols
[2025-11-12 19:55:11] Duplicate NMF rownames: 0
[2025-11-12 19:55:12] Projection matrix: 113927 rows, 50 cols
[2025-11-12 19:55:12] Duplicate projection rownames: 4069
[2025-11-12 19:55:12] Attaching NMF matrix to SCE colData...
[2025-11-12 19:55:12] SCE colData rows: 77604, unique rownames: 77604
[2025-11-12 19:55:12] NMF matrix attached by row order
[2025-11-12 19:55:12] Attaching projection matrix to SPE colData...
[2025-11-12 19:55:12] SPE colData rows: 113927, unique rownames: 4991
[2025-11-12 19:55:13] Projection matrix attached by row order
[2025-11-12 19:55:13] Found 50 nmf patterns for plotting
[2025-11-12 19:55:13] Creating ECDF plot for nonzero NMF pattern weights...
[2025-11-12 19:55:13] Preparing data for dotplot of NMF pattern presence by cell type...
[2025-11-12 19:55:14] Computing specificity / entropy and GMM split...
[2025-11-12 19:55:14] Plotting entropy histogram with GMM cluster split...
[2025-11-12 19:55:14] Saved entropy split histogram plot.
DuckDB progress:   0%                     [2025-11-12 19:55:14] Creating SRT projection dotplot of NMF patterns by anatomical domain...
[2025-11-12 19:55:17] Appended run summary to /zata/zippy/kresgeb/nmf_stuff/dlPFC/output/batched_registration_dotplot/summary.tsv
[2025-11-12 19:55:19] --------------------------------------------
[2025-11-12 19:55:19] Starting run 36 / 157: k60_seed120301_tol1e-05_L10.1
[2025-11-12 19:55:19] nmf_path: /zata/zippy/kresgeb/nmf_stuff/dlPFC/data/batched_nmf/nmf_k60_seed120301_tol1e-05_L10.1.rds
[2025-11-12 19:55:19] projection path: /zata/zippy/kresgeb/nmf_stuff/dlPFC/data/batched_projection/proj_k60_seed120301_tol1e-05_L10.1.rds
[2025-11-12 19:55:19] NMF matrix: 77604 rows, 60 cols
[2025-11-12 19:55:19] Duplicate NMF rownames: 0
[2025-11-12 19:55:20] Projection matrix: 113927 rows, 60 cols
[2025-11-12 19:55:20] Duplicate projection rownames: 4069
[2025-11-12 19:55:20] Attaching NMF matrix to SCE colData...
[2025-11-12 19:55:20] SCE colData rows: 77604, unique rownames: 77604
[2025-11-12 19:55:20] NMF matrix attached by row order
[2025-11-12 19:55:20] Attaching projection matrix to SPE colData...
[2025-11-12 19:55:20] SPE colData rows: 113927, unique rownames: 4991
[2025-11-12 19:55:21] Projection matrix attached by row order
[2025-11-12 19:55:21] Found 60 nmf patterns for plotting
[2025-11-12 19:55:21] Creating ECDF plot for nonzero NMF pattern weights...
[2025-11-12 19:55:21] Preparing data for dotplot of NMF pattern presence by cell type...
[2025-11-12 19:55:22] Computing specificity / entropy and GMM split...
[2025-11-12 19:55:22] Plotting entropy histogram with GMM cluster split...
[2025-11-12 19:55:22] Saved entropy split histogram plot.
DuckDB progress:   0%                     [2025-11-12 19:55:22] Creating SRT projection dotplot of NMF patterns by anatomical domain...
[2025-11-12 19:55:25] Appended run summary to /zata/zippy/kresgeb/nmf_stuff/dlPFC/output/batched_registration_dotplot/summary.tsv
[2025-11-12 19:55:27] --------------------------------------------
[2025-11-12 19:55:27] Starting run 37 / 157: k70_seed120301_tol1e-05_L10.1
[2025-11-12 19:55:27] nmf_path: /zata/zippy/kresgeb/nmf_stuff/dlPFC/data/batched_nmf/nmf_k70_seed120301_tol1e-05_L10.1.rds
[2025-11-12 19:55:27] projection path: /zata/zippy/kresgeb/nmf_stuff/dlPFC/data/batched_projection/proj_k70_seed120301_tol1e-05_L10.1.rds
[2025-11-12 19:55:28] NMF matrix: 77604 rows, 70 cols
[2025-11-12 19:55:28] Duplicate NMF rownames: 0
[2025-11-12 19:55:28] Projection matrix: 113927 rows, 70 cols
[2025-11-12 19:55:28] Duplicate projection rownames: 4069
[2025-11-12 19:55:28] Attaching NMF matrix to SCE colData...
[2025-11-12 19:55:28] SCE colData rows: 77604, unique rownames: 77604
[2025-11-12 19:55:28] NMF matrix attached by row order
[2025-11-12 19:55:28] Attaching projection matrix to SPE colData...
[2025-11-12 19:55:28] SPE colData rows: 113927, unique rownames: 4991
[2025-11-12 19:55:29] Projection matrix attached by row order
[2025-11-12 19:55:29] Found 70 nmf patterns for plotting
[2025-11-12 19:55:29] Creating ECDF plot for nonzero NMF pattern weights...
[2025-11-12 19:55:30] Preparing data for dotplot of NMF pattern presence by cell type...
[2025-11-12 19:55:30] Computing specificity / entropy and GMM split...
[2025-11-12 19:55:30] Plotting entropy histogram with GMM cluster split...
[2025-11-12 19:55:31] Saved entropy split histogram plot.
DuckDB progress:   0%                     [2025-11-12 19:55:31] Creating SRT projection dotplot of NMF patterns by anatomical domain...
[2025-11-12 19:55:34] Appended run summary to /zata/zippy/kresgeb/nmf_stuff/dlPFC/output/batched_registration_dotplot/summary.tsv
[2025-11-12 19:55:36] --------------------------------------------
[2025-11-12 19:55:36] Starting run 38 / 157: k80_seed120301_tol1e-05_L10.1
[2025-11-12 19:55:36] nmf_path: /zata/zippy/kresgeb/nmf_stuff/dlPFC/data/batched_nmf/nmf_k80_seed120301_tol1e-05_L10.1.rds
[2025-11-12 19:55:36] projection path: /zata/zippy/kresgeb/nmf_stuff/dlPFC/data/batched_projection/proj_k80_seed120301_tol1e-05_L10.1.rds
[2025-11-12 19:55:37] NMF matrix: 77604 rows, 80 cols
[2025-11-12 19:55:37] Duplicate NMF rownames: 0
[2025-11-12 19:55:37] Projection matrix: 113927 rows, 80 cols
[2025-11-12 19:55:37] Duplicate projection rownames: 4069
[2025-11-12 19:55:37] Attaching NMF matrix to SCE colData...
[2025-11-12 19:55:37] SCE colData rows: 77604, unique rownames: 77604
[2025-11-12 19:55:37] NMF matrix attached by row order
[2025-11-12 19:55:37] Attaching projection matrix to SPE colData...
[2025-11-12 19:55:37] SPE colData rows: 113927, unique rownames: 4991
[2025-11-12 19:55:38] Projection matrix attached by row order
[2025-11-12 19:55:38] Found 80 nmf patterns for plotting
[2025-11-12 19:55:38] Creating ECDF plot for nonzero NMF pattern weights...
[2025-11-12 19:55:39] Preparing data for dotplot of NMF pattern presence by cell type...
[2025-11-12 19:55:40] Computing specificity / entropy and GMM split...
[2025-11-12 19:55:40] Plotting entropy histogram with GMM cluster split...
[2025-11-12 19:55:40] Saved entropy split histogram plot.
DuckDB progress:   0%                     [2025-11-12 19:55:40] Creating SRT projection dotplot of NMF patterns by anatomical domain...
[2025-11-12 19:55:42] Appended run summary to /zata/zippy/kresgeb/nmf_stuff/dlPFC/output/batched_registration_dotplot/summary.tsv
[2025-11-12 19:55:44] --------------------------------------------
[2025-11-12 19:55:44] Starting run 39 / 157: k90_seed120301_tol1e-05_L10.1
[2025-11-12 19:55:44] nmf_path: /zata/zippy/kresgeb/nmf_stuff/dlPFC/data/batched_nmf/nmf_k90_seed120301_tol1e-05_L10.1.rds
[2025-11-12 19:55:44] projection path: /zata/zippy/kresgeb/nmf_stuff/dlPFC/data/batched_projection/proj_k90_seed120301_tol1e-05_L10.1.rds
[2025-11-12 19:55:45] NMF matrix: 77604 rows, 90 cols
[2025-11-12 19:55:45] Duplicate NMF rownames: 0
[2025-11-12 19:55:46] Projection matrix: 113927 rows, 90 cols
[2025-11-12 19:55:46] Duplicate projection rownames: 4069
[2025-11-12 19:55:46] Attaching NMF matrix to SCE colData...
[2025-11-12 19:55:46] SCE colData rows: 77604, unique rownames: 77604
[2025-11-12 19:55:46] NMF matrix attached by row order
[2025-11-12 19:55:46] Attaching projection matrix to SPE colData...
[2025-11-12 19:55:46] SPE colData rows: 113927, unique rownames: 4991
[2025-11-12 19:55:47] Projection matrix attached by row order
[2025-11-12 19:55:47] Found 90 nmf patterns for plotting
[2025-11-12 19:55:47] Creating ECDF plot for nonzero NMF pattern weights...
[2025-11-12 19:55:48] Preparing data for dotplot of NMF pattern presence by cell type...
[2025-11-12 19:55:49] Computing specificity / entropy and GMM split...
[2025-11-12 19:55:49] Plotting entropy histogram with GMM cluster split...
[2025-11-12 19:55:49] Saved entropy split histogram plot.
DuckDB progress:   0%                     [2025-11-12 19:55:50] Creating SRT projection dotplot of NMF patterns by anatomical domain...
[2025-11-12 19:55:52] Appended run summary to /zata/zippy/kresgeb/nmf_stuff/dlPFC/output/batched_registration_dotplot/summary.tsv
[2025-11-12 19:55:55] --------------------------------------------
[2025-11-12 19:55:55] Starting run 40 / 157: k100_seed120301_tol1e-05_L10.1
[2025-11-12 19:55:55] nmf_path: /zata/zippy/kresgeb/nmf_stuff/dlPFC/data/batched_nmf/nmf_k100_seed120301_tol1e-05_L10.1.rds
[2025-11-12 19:55:55] projection path: /zata/zippy/kresgeb/nmf_stuff/dlPFC/data/batched_projection/proj_k100_seed120301_tol1e-05_L10.1.rds
[2025-11-12 19:55:56] NMF matrix: 77604 rows, 100 cols
[2025-11-12 19:55:56] Duplicate NMF rownames: 0
[2025-11-12 19:55:57] Projection matrix: 113927 rows, 100 cols
[2025-11-12 19:55:57] Duplicate projection rownames: 4069
[2025-11-12 19:55:57] Attaching NMF matrix to SCE colData...
[2025-11-12 19:55:57] SCE colData rows: 77604, unique rownames: 77604
[2025-11-12 19:55:57] NMF matrix attached by row order
[2025-11-12 19:55:57] Attaching projection matrix to SPE colData...
[2025-11-12 19:55:57] SPE colData rows: 113927, unique rownames: 4991
[2025-11-12 19:55:58] Projection matrix attached by row order
[2025-11-12 19:55:58] Found 100 nmf patterns for plotting
[2025-11-12 19:55:58] Creating ECDF plot for nonzero NMF pattern weights...
[2025-11-12 19:55:59] Preparing data for dotplot of NMF pattern presence by cell type...
[2025-11-12 19:56:01] Computing specificity / entropy and GMM split...
[2025-11-12 19:56:01] Plotting entropy histogram with GMM cluster split...
[2025-11-12 19:56:01] Saved entropy split histogram plot.
DuckDB progress:   0%                     [2025-11-12 19:56:01] Creating SRT projection dotplot of NMF patterns by anatomical domain...
[2025-11-12 19:56:06] Appended run summary to /zata/zippy/kresgeb/nmf_stuff/dlPFC/output/batched_registration_dotplot/summary.tsv
[2025-11-12 19:56:08] --------------------------------------------
[2025-11-12 19:56:08] Starting run 41 / 157: k10_seed2025_tol1e-05_L10.1
[2025-11-12 19:56:08] nmf_path: /zata/zippy/kresgeb/nmf_stuff/dlPFC/data/batched_nmf/nmf_k10_seed2025_tol1e-05_L10.1.rds
[2025-11-12 19:56:08] projection path: /zata/zippy/kresgeb/nmf_stuff/dlPFC/data/batched_projection/proj_k10_seed2025_tol1e-05_L10.1.rds
[2025-11-12 19:56:09] NMF matrix: 77604 rows, 10 cols
[2025-11-12 19:56:09] Duplicate NMF rownames: 0
[2025-11-12 19:56:09] Projection matrix: 113927 rows, 10 cols
[2025-11-12 19:56:09] Duplicate projection rownames: 4069
[2025-11-12 19:56:09] Attaching NMF matrix to SCE colData...
[2025-11-12 19:56:09] SCE colData rows: 77604, unique rownames: 77604
[2025-11-12 19:56:09] NMF matrix attached by row order
[2025-11-12 19:56:09] Attaching projection matrix to SPE colData...
[2025-11-12 19:56:09] SPE colData rows: 113927, unique rownames: 4991
[2025-11-12 19:56:10] Projection matrix attached by row order
[2025-11-12 19:56:10] Found 10 nmf patterns for plotting
[2025-11-12 19:56:10] Creating ECDF plot for nonzero NMF pattern weights...
[2025-11-12 19:56:10] Preparing data for dotplot of NMF pattern presence by cell type...
[2025-11-12 19:56:10] Computing specificity / entropy and GMM split...
[2025-11-12 19:56:10] Plotting entropy histogram with GMM cluster split...
[2025-11-12 19:56:11] Saved entropy split histogram plot.
DuckDB progress:   0%                     [2025-11-12 19:56:11] Creating SRT projection dotplot of NMF patterns by anatomical domain...
[2025-11-12 19:56:12] Appended run summary to /zata/zippy/kresgeb/nmf_stuff/dlPFC/output/batched_registration_dotplot/summary.tsv
[2025-11-12 19:56:16] --------------------------------------------
[2025-11-12 19:56:16] Starting run 42 / 157: k20_seed2025_tol1e-05_L10.1
[2025-11-12 19:56:16] nmf_path: /zata/zippy/kresgeb/nmf_stuff/dlPFC/data/batched_nmf/nmf_k20_seed2025_tol1e-05_L10.1.rds
[2025-11-12 19:56:16] projection path: /zata/zippy/kresgeb/nmf_stuff/dlPFC/data/batched_projection/proj_k20_seed2025_tol1e-05_L10.1.rds
[2025-11-12 19:56:16] NMF matrix: 77604 rows, 20 cols
[2025-11-12 19:56:16] Duplicate NMF rownames: 0
[2025-11-12 19:56:16] Projection matrix: 113927 rows, 20 cols
[2025-11-12 19:56:16] Duplicate projection rownames: 4069
[2025-11-12 19:56:16] Attaching NMF matrix to SCE colData...
[2025-11-12 19:56:16] SCE colData rows: 77604, unique rownames: 77604
[2025-11-12 19:56:16] NMF matrix attached by row order
[2025-11-12 19:56:16] Attaching projection matrix to SPE colData...
[2025-11-12 19:56:16] SPE colData rows: 113927, unique rownames: 4991
[2025-11-12 19:56:17] Projection matrix attached by row order
[2025-11-12 19:56:17] Found 20 nmf patterns for plotting
[2025-11-12 19:56:17] Creating ECDF plot for nonzero NMF pattern weights...
[2025-11-12 19:56:17] Preparing data for dotplot of NMF pattern presence by cell type...
[2025-11-12 19:56:18] Computing specificity / entropy and GMM split...
[2025-11-12 19:56:18] Plotting entropy histogram with GMM cluster split...
[2025-11-12 19:56:18] Saved entropy split histogram plot.
DuckDB progress:   0%                     [2025-11-12 19:56:19] Creating SRT projection dotplot of NMF patterns by anatomical domain...
[2025-11-12 19:56:20] Appended run summary to /zata/zippy/kresgeb/nmf_stuff/dlPFC/output/batched_registration_dotplot/summary.tsv
[2025-11-12 19:56:22] --------------------------------------------
[2025-11-12 19:56:22] Starting run 43 / 157: k30_seed2025_tol1e-05_L10.1
[2025-11-12 19:56:22] nmf_path: /zata/zippy/kresgeb/nmf_stuff/dlPFC/data/batched_nmf/nmf_k30_seed2025_tol1e-05_L10.1.rds
[2025-11-12 19:56:22] projection path: /zata/zippy/kresgeb/nmf_stuff/dlPFC/data/batched_projection/proj_k30_seed2025_tol1e-05_L10.1.rds
[2025-11-12 19:56:23] NMF matrix: 77604 rows, 30 cols
[2025-11-12 19:56:23] Duplicate NMF rownames: 0
[2025-11-12 19:56:23] Projection matrix: 113927 rows, 30 cols
[2025-11-12 19:56:23] Duplicate projection rownames: 4069
[2025-11-12 19:56:23] Attaching NMF matrix to SCE colData...
[2025-11-12 19:56:23] SCE colData rows: 77604, unique rownames: 77604
[2025-11-12 19:56:23] NMF matrix attached by row order
[2025-11-12 19:56:23] Attaching projection matrix to SPE colData...
[2025-11-12 19:56:23] SPE colData rows: 113927, unique rownames: 4991
[2025-11-12 19:56:24] Projection matrix attached by row order
[2025-11-12 19:56:24] Found 30 nmf patterns for plotting
[2025-11-12 19:56:24] Creating ECDF plot for nonzero NMF pattern weights...
[2025-11-12 19:56:24] Preparing data for dotplot of NMF pattern presence by cell type...
[2025-11-12 19:56:24] Computing specificity / entropy and GMM split...
[2025-11-12 19:56:24] Plotting entropy histogram with GMM cluster split...
[2025-11-12 19:56:25] Saved entropy split histogram plot.
DuckDB progress:   0%                     [2025-11-12 19:56:25] Creating SRT projection dotplot of NMF patterns by anatomical domain...
[2025-11-12 19:56:27] Appended run summary to /zata/zippy/kresgeb/nmf_stuff/dlPFC/output/batched_registration_dotplot/summary.tsv
[2025-11-12 19:56:30] --------------------------------------------
[2025-11-12 19:56:30] Starting run 44 / 157: k40_seed2025_tol1e-05_L10.1
[2025-11-12 19:56:30] nmf_path: /zata/zippy/kresgeb/nmf_stuff/dlPFC/data/batched_nmf/nmf_k40_seed2025_tol1e-05_L10.1.rds
[2025-11-12 19:56:30] projection path: /zata/zippy/kresgeb/nmf_stuff/dlPFC/data/batched_projection/proj_k40_seed2025_tol1e-05_L10.1.rds
[2025-11-12 19:56:30] NMF matrix: 77604 rows, 40 cols
[2025-11-12 19:56:30] Duplicate NMF rownames: 0
[2025-11-12 19:56:31] Projection matrix: 113927 rows, 40 cols
[2025-11-12 19:56:31] Duplicate projection rownames: 4069
[2025-11-12 19:56:31] Attaching NMF matrix to SCE colData...
[2025-11-12 19:56:31] SCE colData rows: 77604, unique rownames: 77604
[2025-11-12 19:56:31] NMF matrix attached by row order
[2025-11-12 19:56:31] Attaching projection matrix to SPE colData...
[2025-11-12 19:56:31] SPE colData rows: 113927, unique rownames: 4991
[2025-11-12 19:56:32] Projection matrix attached by row order
[2025-11-12 19:56:32] Found 40 nmf patterns for plotting
[2025-11-12 19:56:32] Creating ECDF plot for nonzero NMF pattern weights...
[2025-11-12 19:56:32] Preparing data for dotplot of NMF pattern presence by cell type...
[2025-11-12 19:56:33] Computing specificity / entropy and GMM split...
[2025-11-12 19:56:33] Plotting entropy histogram with GMM cluster split...
[2025-11-12 19:56:33] Saved entropy split histogram plot.
DuckDB progress:   0%                     [2025-11-12 19:56:34] Creating SRT projection dotplot of NMF patterns by anatomical domain...
[2025-11-12 19:56:36] Appended run summary to /zata/zippy/kresgeb/nmf_stuff/dlPFC/output/batched_registration_dotplot/summary.tsv
[2025-11-12 19:56:38] --------------------------------------------
[2025-11-12 19:56:38] Starting run 45 / 157: k50_seed2025_tol1e-05_L10.1
[2025-11-12 19:56:38] nmf_path: /zata/zippy/kresgeb/nmf_stuff/dlPFC/data/batched_nmf/nmf_k50_seed2025_tol1e-05_L10.1.rds
[2025-11-12 19:56:38] projection path: /zata/zippy/kresgeb/nmf_stuff/dlPFC/data/batched_projection/proj_k50_seed2025_tol1e-05_L10.1.rds
[2025-11-12 19:56:38] NMF matrix: 77604 rows, 50 cols
[2025-11-12 19:56:38] Duplicate NMF rownames: 0
[2025-11-12 19:56:38] Projection matrix: 113927 rows, 50 cols
[2025-11-12 19:56:38] Duplicate projection rownames: 4069
[2025-11-12 19:56:38] Attaching NMF matrix to SCE colData...
[2025-11-12 19:56:38] SCE colData rows: 77604, unique rownames: 77604
[2025-11-12 19:56:39] NMF matrix attached by row order
[2025-11-12 19:56:39] Attaching projection matrix to SPE colData...
[2025-11-12 19:56:39] SPE colData rows: 113927, unique rownames: 4991
[2025-11-12 19:56:40] Projection matrix attached by row order
[2025-11-12 19:56:40] Found 50 nmf patterns for plotting
[2025-11-12 19:56:40] Creating ECDF plot for nonzero NMF pattern weights...
[2025-11-12 19:56:40] Preparing data for dotplot of NMF pattern presence by cell type...
[2025-11-12 19:56:41] Computing specificity / entropy and GMM split...
[2025-11-12 19:56:41] Plotting entropy histogram with GMM cluster split...
[2025-11-12 19:56:41] Saved entropy split histogram plot.
DuckDB progress:   0%                     [2025-11-12 19:56:41] Creating SRT projection dotplot of NMF patterns by anatomical domain...
[2025-11-12 19:56:44] Appended run summary to /zata/zippy/kresgeb/nmf_stuff/dlPFC/output/batched_registration_dotplot/summary.tsv
[2025-11-12 19:56:47] --------------------------------------------
[2025-11-12 19:56:47] Starting run 46 / 157: k60_seed2025_tol1e-05_L10.1
[2025-11-12 19:56:47] nmf_path: /zata/zippy/kresgeb/nmf_stuff/dlPFC/data/batched_nmf/nmf_k60_seed2025_tol1e-05_L10.1.rds
[2025-11-12 19:56:47] projection path: /zata/zippy/kresgeb/nmf_stuff/dlPFC/data/batched_projection/proj_k60_seed2025_tol1e-05_L10.1.rds
[2025-11-12 19:56:47] NMF matrix: 77604 rows, 60 cols
[2025-11-12 19:56:47] Duplicate NMF rownames: 0
[2025-11-12 19:56:48] Projection matrix: 113927 rows, 60 cols
[2025-11-12 19:56:48] Duplicate projection rownames: 4069
[2025-11-12 19:56:48] Attaching NMF matrix to SCE colData...
[2025-11-12 19:56:48] SCE colData rows: 77604, unique rownames: 77604
[2025-11-12 19:56:48] NMF matrix attached by row order
[2025-11-12 19:56:48] Attaching projection matrix to SPE colData...
[2025-11-12 19:56:48] SPE colData rows: 113927, unique rownames: 4991
[2025-11-12 19:56:49] Projection matrix attached by row order
[2025-11-12 19:56:49] Found 60 nmf patterns for plotting
[2025-11-12 19:56:49] Creating ECDF plot for nonzero NMF pattern weights...
[2025-11-12 19:56:49] Preparing data for dotplot of NMF pattern presence by cell type...
[2025-11-12 19:56:50] Computing specificity / entropy and GMM split...
[2025-11-12 19:56:50] Plotting entropy histogram with GMM cluster split...
[2025-11-12 19:56:51] Saved entropy split histogram plot.
DuckDB progress:   0%DuckDB progress:   0%DuckDB progress:   0%                     [2025-11-12 19:56:51] Creating SRT projection dotplot of NMF patterns by anatomical domain...
[2025-11-12 19:56:54] Appended run summary to /zata/zippy/kresgeb/nmf_stuff/dlPFC/output/batched_registration_dotplot/summary.tsv
[2025-11-12 19:56:56] --------------------------------------------
[2025-11-12 19:56:56] Starting run 47 / 157: k70_seed2025_tol1e-05_L10.1
[2025-11-12 19:56:56] nmf_path: /zata/zippy/kresgeb/nmf_stuff/dlPFC/data/batched_nmf/nmf_k70_seed2025_tol1e-05_L10.1.rds
[2025-11-12 19:56:56] projection path: /zata/zippy/kresgeb/nmf_stuff/dlPFC/data/batched_projection/proj_k70_seed2025_tol1e-05_L10.1.rds
[2025-11-12 19:56:57] NMF matrix: 77604 rows, 70 cols
[2025-11-12 19:56:57] Duplicate NMF rownames: 0
[2025-11-12 19:56:57] Projection matrix: 113927 rows, 70 cols
[2025-11-12 19:56:57] Duplicate projection rownames: 4069
[2025-11-12 19:56:57] Attaching NMF matrix to SCE colData...
[2025-11-12 19:56:57] SCE colData rows: 77604, unique rownames: 77604
[2025-11-12 19:56:57] NMF matrix attached by row order
[2025-11-12 19:56:57] Attaching projection matrix to SPE colData...
[2025-11-12 19:56:57] SPE colData rows: 113927, unique rownames: 4991
[2025-11-12 19:56:58] Projection matrix attached by row order
[2025-11-12 19:56:58] Found 70 nmf patterns for plotting
[2025-11-12 19:56:58] Creating ECDF plot for nonzero NMF pattern weights...
[2025-11-12 19:56:59] Preparing data for dotplot of NMF pattern presence by cell type...
[2025-11-12 19:57:00] Computing specificity / entropy and GMM split...
[2025-11-12 19:57:00] Plotting entropy histogram with GMM cluster split...
[2025-11-12 19:57:00] Saved entropy split histogram plot.
DuckDB progress:   0%                     [2025-11-12 19:57:00] Creating SRT projection dotplot of NMF patterns by anatomical domain...
[2025-11-12 19:57:03] Appended run summary to /zata/zippy/kresgeb/nmf_stuff/dlPFC/output/batched_registration_dotplot/summary.tsv
[2025-11-12 19:57:06] --------------------------------------------
[2025-11-12 19:57:06] Starting run 48 / 157: k80_seed2025_tol1e-05_L10.1
[2025-11-12 19:57:06] nmf_path: /zata/zippy/kresgeb/nmf_stuff/dlPFC/data/batched_nmf/nmf_k80_seed2025_tol1e-05_L10.1.rds
[2025-11-12 19:57:06] projection path: /zata/zippy/kresgeb/nmf_stuff/dlPFC/data/batched_projection/proj_k80_seed2025_tol1e-05_L10.1.rds
[2025-11-12 19:57:07] NMF matrix: 77604 rows, 80 cols
[2025-11-12 19:57:07] Duplicate NMF rownames: 0
[2025-11-12 19:57:07] Projection matrix: 113927 rows, 80 cols
[2025-11-12 19:57:07] Duplicate projection rownames: 4069
[2025-11-12 19:57:07] Attaching NMF matrix to SCE colData...
[2025-11-12 19:57:07] SCE colData rows: 77604, unique rownames: 77604
[2025-11-12 19:57:07] NMF matrix attached by row order
[2025-11-12 19:57:07] Attaching projection matrix to SPE colData...
[2025-11-12 19:57:07] SPE colData rows: 113927, unique rownames: 4991
[2025-11-12 19:57:08] Projection matrix attached by row order
[2025-11-12 19:57:08] Found 80 nmf patterns for plotting
[2025-11-12 19:57:08] Creating ECDF plot for nonzero NMF pattern weights...
[2025-11-12 19:57:09] Preparing data for dotplot of NMF pattern presence by cell type...
[2025-11-12 19:57:10] Computing specificity / entropy and GMM split...
[2025-11-12 19:57:10] Plotting entropy histogram with GMM cluster split...
[2025-11-12 19:57:10] Saved entropy split histogram plot.
DuckDB progress:   0%DuckDB progress:   0%DuckDB progress:   0%DuckDB progress:   0%                     [2025-11-12 19:57:11] Creating SRT projection dotplot of NMF patterns by anatomical domain...
[2025-11-12 19:57:13] Appended run summary to /zata/zippy/kresgeb/nmf_stuff/dlPFC/output/batched_registration_dotplot/summary.tsv
[2025-11-12 19:57:15] --------------------------------------------
[2025-11-12 19:57:15] Starting run 49 / 157: k90_seed2025_tol1e-05_L10.1
[2025-11-12 19:57:15] nmf_path: /zata/zippy/kresgeb/nmf_stuff/dlPFC/data/batched_nmf/nmf_k90_seed2025_tol1e-05_L10.1.rds
[2025-11-12 19:57:15] projection path: /zata/zippy/kresgeb/nmf_stuff/dlPFC/data/batched_projection/proj_k90_seed2025_tol1e-05_L10.1.rds
[2025-11-12 19:57:16] NMF matrix: 77604 rows, 90 cols
[2025-11-12 19:57:16] Duplicate NMF rownames: 0
[2025-11-12 19:57:16] Projection matrix: 113927 rows, 90 cols
[2025-11-12 19:57:16] Duplicate projection rownames: 4069
[2025-11-12 19:57:16] Attaching NMF matrix to SCE colData...
[2025-11-12 19:57:16] SCE colData rows: 77604, unique rownames: 77604
[2025-11-12 19:57:16] NMF matrix attached by row order
[2025-11-12 19:57:16] Attaching projection matrix to SPE colData...
[2025-11-12 19:57:16] SPE colData rows: 113927, unique rownames: 4991
[2025-11-12 19:57:18] Projection matrix attached by row order
[2025-11-12 19:57:18] Found 90 nmf patterns for plotting
[2025-11-12 19:57:18] Creating ECDF plot for nonzero NMF pattern weights...
[2025-11-12 19:57:18] Preparing data for dotplot of NMF pattern presence by cell type...
[2025-11-12 19:57:19] Computing specificity / entropy and GMM split...
[2025-11-12 19:57:19] Plotting entropy histogram with GMM cluster split...
[2025-11-12 19:57:20] Saved entropy split histogram plot.
DuckDB progress:   0%                     [2025-11-12 19:57:20] Creating SRT projection dotplot of NMF patterns by anatomical domain...
[2025-11-12 19:57:23] Appended run summary to /zata/zippy/kresgeb/nmf_stuff/dlPFC/output/batched_registration_dotplot/summary.tsv
[2025-11-12 19:57:26] --------------------------------------------
[2025-11-12 19:57:26] Starting run 50 / 157: k100_seed2025_tol1e-05_L10.1
[2025-11-12 19:57:26] nmf_path: /zata/zippy/kresgeb/nmf_stuff/dlPFC/data/batched_nmf/nmf_k100_seed2025_tol1e-05_L10.1.rds
[2025-11-12 19:57:26] projection path: /zata/zippy/kresgeb/nmf_stuff/dlPFC/data/batched_projection/proj_k100_seed2025_tol1e-05_L10.1.rds
[2025-11-12 19:57:27] NMF matrix: 77604 rows, 100 cols
[2025-11-12 19:57:27] Duplicate NMF rownames: 0
[2025-11-12 19:57:28] Projection matrix: 113927 rows, 100 cols
[2025-11-12 19:57:28] Duplicate projection rownames: 4069
[2025-11-12 19:57:28] Attaching NMF matrix to SCE colData...
[2025-11-12 19:57:28] SCE colData rows: 77604, unique rownames: 77604
[2025-11-12 19:57:28] NMF matrix attached by row order
[2025-11-12 19:57:28] Attaching projection matrix to SPE colData...
[2025-11-12 19:57:28] SPE colData rows: 113927, unique rownames: 4991
[2025-11-12 19:57:29] Projection matrix attached by row order
[2025-11-12 19:57:29] Found 100 nmf patterns for plotting
[2025-11-12 19:57:29] Creating ECDF plot for nonzero NMF pattern weights...
[2025-11-12 19:57:29] Preparing data for dotplot of NMF pattern presence by cell type...
[2025-11-12 19:57:31] Computing specificity / entropy and GMM split...
[2025-11-12 19:57:31] Plotting entropy histogram with GMM cluster split...
[2025-11-12 19:57:32] Saved entropy split histogram plot.
DuckDB progress:   0%                     [2025-11-12 19:57:32] Creating SRT projection dotplot of NMF patterns by anatomical domain...
[2025-11-12 19:57:35] Appended run summary to /zata/zippy/kresgeb/nmf_stuff/dlPFC/output/batched_registration_dotplot/summary.tsv
[2025-11-12 19:57:37] --------------------------------------------
[2025-11-12 19:57:37] Starting run 51 / 157: k10_seed42_tol1e-06_L10.1
[2025-11-12 19:57:37] nmf_path: /zata/zippy/kresgeb/nmf_stuff/dlPFC/data/batched_nmf/nmf_k10_seed42_tol1e-06_L10.1.rds
[2025-11-12 19:57:37] projection path: /zata/zippy/kresgeb/nmf_stuff/dlPFC/data/batched_projection/proj_k10_seed42_tol1e-06_L10.1.rds
[2025-11-12 19:57:37] NMF matrix: 77604 rows, 10 cols
[2025-11-12 19:57:37] Duplicate NMF rownames: 0
[2025-11-12 19:57:37] Projection matrix: 113927 rows, 10 cols
[2025-11-12 19:57:37] Duplicate projection rownames: 4069
[2025-11-12 19:57:37] Attaching NMF matrix to SCE colData...
[2025-11-12 19:57:37] SCE colData rows: 77604, unique rownames: 77604
[2025-11-12 19:57:37] NMF matrix attached by row order
[2025-11-12 19:57:37] Attaching projection matrix to SPE colData...
[2025-11-12 19:57:37] SPE colData rows: 113927, unique rownames: 4991
[2025-11-12 19:57:38] Projection matrix attached by row order
[2025-11-12 19:57:38] Found 10 nmf patterns for plotting
[2025-11-12 19:57:38] Creating ECDF plot for nonzero NMF pattern weights...
[2025-11-12 19:57:39] Preparing data for dotplot of NMF pattern presence by cell type...
[2025-11-12 19:57:39] Computing specificity / entropy and GMM split...
[2025-11-12 19:57:39] Plotting entropy histogram with GMM cluster split...
[2025-11-12 19:57:39] Saved entropy split histogram plot.
DuckDB progress:   0%                     [2025-11-12 19:57:39] Creating SRT projection dotplot of NMF patterns by anatomical domain...
[2025-11-12 19:57:41] Appended run summary to /zata/zippy/kresgeb/nmf_stuff/dlPFC/output/batched_registration_dotplot/summary.tsv
[2025-11-12 19:57:44] --------------------------------------------
[2025-11-12 19:57:44] Starting run 52 / 157: k20_seed42_tol1e-06_L10.1
[2025-11-12 19:57:44] nmf_path: /zata/zippy/kresgeb/nmf_stuff/dlPFC/data/batched_nmf/nmf_k20_seed42_tol1e-06_L10.1.rds
[2025-11-12 19:57:44] projection path: /zata/zippy/kresgeb/nmf_stuff/dlPFC/data/batched_projection/proj_k20_seed42_tol1e-06_L10.1.rds
[2025-11-12 19:57:44] NMF matrix: 77604 rows, 20 cols
[2025-11-12 19:57:44] Duplicate NMF rownames: 0
[2025-11-12 19:57:45] Projection matrix: 113927 rows, 20 cols
[2025-11-12 19:57:45] Duplicate projection rownames: 4069
[2025-11-12 19:57:45] Attaching NMF matrix to SCE colData...
[2025-11-12 19:57:45] SCE colData rows: 77604, unique rownames: 77604
[2025-11-12 19:57:45] NMF matrix attached by row order
[2025-11-12 19:57:45] Attaching projection matrix to SPE colData...
[2025-11-12 19:57:45] SPE colData rows: 113927, unique rownames: 4991
[2025-11-12 19:57:46] Projection matrix attached by row order
[2025-11-12 19:57:46] Found 20 nmf patterns for plotting
[2025-11-12 19:57:46] Creating ECDF plot for nonzero NMF pattern weights...
[2025-11-12 19:57:46] Preparing data for dotplot of NMF pattern presence by cell type...
[2025-11-12 19:57:46] Computing specificity / entropy and GMM split...
[2025-11-12 19:57:46] Plotting entropy histogram with GMM cluster split...
[2025-11-12 19:57:47] Saved entropy split histogram plot.
DuckDB progress:   0%                     [2025-11-12 19:57:47] Creating SRT projection dotplot of NMF patterns by anatomical domain...
[2025-11-12 19:57:49] Appended run summary to /zata/zippy/kresgeb/nmf_stuff/dlPFC/output/batched_registration_dotplot/summary.tsv
[2025-11-12 19:57:51] --------------------------------------------
[2025-11-12 19:57:51] Starting run 53 / 157: k30_seed42_tol1e-06_L10.1
[2025-11-12 19:57:51] nmf_path: /zata/zippy/kresgeb/nmf_stuff/dlPFC/data/batched_nmf/nmf_k30_seed42_tol1e-06_L10.1.rds
[2025-11-12 19:57:51] projection path: /zata/zippy/kresgeb/nmf_stuff/dlPFC/data/batched_projection/proj_k30_seed42_tol1e-06_L10.1.rds
[2025-11-12 19:57:51] NMF matrix: 77604 rows, 30 cols
[2025-11-12 19:57:51] Duplicate NMF rownames: 0
[2025-11-12 19:57:52] Projection matrix: 113927 rows, 30 cols
[2025-11-12 19:57:52] Duplicate projection rownames: 4069
[2025-11-12 19:57:52] Attaching NMF matrix to SCE colData...
[2025-11-12 19:57:52] SCE colData rows: 77604, unique rownames: 77604
[2025-11-12 19:57:52] NMF matrix attached by row order
[2025-11-12 19:57:52] Attaching projection matrix to SPE colData...
[2025-11-12 19:57:52] SPE colData rows: 113927, unique rownames: 4991
[2025-11-12 19:57:53] Projection matrix attached by row order
[2025-11-12 19:57:53] Found 30 nmf patterns for plotting
[2025-11-12 19:57:53] Creating ECDF plot for nonzero NMF pattern weights...
[2025-11-12 19:57:53] Preparing data for dotplot of NMF pattern presence by cell type...
[2025-11-12 19:57:54] Computing specificity / entropy and GMM split...
[2025-11-12 19:57:54] Plotting entropy histogram with GMM cluster split...
[2025-11-12 19:57:54] Saved entropy split histogram plot.
DuckDB progress:   0%DuckDB progress:   0%DuckDB progress:   0%                     [2025-11-12 19:57:54] Creating SRT projection dotplot of NMF patterns by anatomical domain...
[2025-11-12 19:57:56] Appended run summary to /zata/zippy/kresgeb/nmf_stuff/dlPFC/output/batched_registration_dotplot/summary.tsv
[2025-11-12 19:57:58] --------------------------------------------
[2025-11-12 19:57:58] Starting run 54 / 157: k40_seed42_tol1e-06_L10.1
[2025-11-12 19:57:58] nmf_path: /zata/zippy/kresgeb/nmf_stuff/dlPFC/data/batched_nmf/nmf_k40_seed42_tol1e-06_L10.1.rds
[2025-11-12 19:57:58] projection path: /zata/zippy/kresgeb/nmf_stuff/dlPFC/data/batched_projection/proj_k40_seed42_tol1e-06_L10.1.rds
[2025-11-12 19:57:59] NMF matrix: 77604 rows, 40 cols
[2025-11-12 19:57:59] Duplicate NMF rownames: 0
[2025-11-12 19:57:59] Projection matrix: 113927 rows, 40 cols
[2025-11-12 19:57:59] Duplicate projection rownames: 4069
[2025-11-12 19:57:59] Attaching NMF matrix to SCE colData...
[2025-11-12 19:57:59] SCE colData rows: 77604, unique rownames: 77604
[2025-11-12 19:57:59] NMF matrix attached by row order
[2025-11-12 19:57:59] Attaching projection matrix to SPE colData...
[2025-11-12 19:57:59] SPE colData rows: 113927, unique rownames: 4991
[2025-11-12 19:58:00] Projection matrix attached by row order
[2025-11-12 19:58:00] Found 40 nmf patterns for plotting
[2025-11-12 19:58:00] Creating ECDF plot for nonzero NMF pattern weights...
[2025-11-12 19:58:00] Preparing data for dotplot of NMF pattern presence by cell type...
[2025-11-12 19:58:01] Computing specificity / entropy and GMM split...
[2025-11-12 19:58:01] Plotting entropy histogram with GMM cluster split...
[2025-11-12 19:58:01] Saved entropy split histogram plot.
DuckDB progress:   0%                     [2025-11-12 19:58:01] Creating SRT projection dotplot of NMF patterns by anatomical domain...
[2025-11-12 19:58:03] Appended run summary to /zata/zippy/kresgeb/nmf_stuff/dlPFC/output/batched_registration_dotplot/summary.tsv
[2025-11-12 19:58:07] --------------------------------------------
[2025-11-12 19:58:07] Starting run 55 / 157: k50_seed42_tol1e-06_L10.1
[2025-11-12 19:58:07] nmf_path: /zata/zippy/kresgeb/nmf_stuff/dlPFC/data/batched_nmf/nmf_k50_seed42_tol1e-06_L10.1.rds
[2025-11-12 19:58:07] projection path: /zata/zippy/kresgeb/nmf_stuff/dlPFC/data/batched_projection/proj_k50_seed42_tol1e-06_L10.1.rds
[2025-11-12 19:58:07] NMF matrix: 77604 rows, 50 cols
[2025-11-12 19:58:07] Duplicate NMF rownames: 0
[2025-11-12 19:58:07] Projection matrix: 113927 rows, 50 cols
[2025-11-12 19:58:07] Duplicate projection rownames: 4069
[2025-11-12 19:58:07] Attaching NMF matrix to SCE colData...
[2025-11-12 19:58:07] SCE colData rows: 77604, unique rownames: 77604
[2025-11-12 19:58:07] NMF matrix attached by row order
[2025-11-12 19:58:07] Attaching projection matrix to SPE colData...
[2025-11-12 19:58:07] SPE colData rows: 113927, unique rownames: 4991
[2025-11-12 19:58:08] Projection matrix attached by row order
[2025-11-12 19:58:08] Found 50 nmf patterns for plotting
[2025-11-12 19:58:08] Creating ECDF plot for nonzero NMF pattern weights...
[2025-11-12 19:58:09] Preparing data for dotplot of NMF pattern presence by cell type...
[2025-11-12 19:58:10] Computing specificity / entropy and GMM split...
[2025-11-12 19:58:10] Plotting entropy histogram with GMM cluster split...
[2025-11-12 19:58:10] Saved entropy split histogram plot.
DuckDB progress:   0%DuckDB progress:   0%                     [2025-11-12 19:58:10] Creating SRT projection dotplot of NMF patterns by anatomical domain...
[2025-11-12 19:58:13] Appended run summary to /zata/zippy/kresgeb/nmf_stuff/dlPFC/output/batched_registration_dotplot/summary.tsv
[2025-11-12 19:58:15] --------------------------------------------
[2025-11-12 19:58:15] Starting run 56 / 157: k60_seed42_tol1e-06_L10.1
[2025-11-12 19:58:15] nmf_path: /zata/zippy/kresgeb/nmf_stuff/dlPFC/data/batched_nmf/nmf_k60_seed42_tol1e-06_L10.1.rds
[2025-11-12 19:58:15] projection path: /zata/zippy/kresgeb/nmf_stuff/dlPFC/data/batched_projection/proj_k60_seed42_tol1e-06_L10.1.rds
[2025-11-12 19:58:16] NMF matrix: 77604 rows, 60 cols
[2025-11-12 19:58:16] Duplicate NMF rownames: 0
[2025-11-12 19:58:16] Projection matrix: 113927 rows, 60 cols
[2025-11-12 19:58:16] Duplicate projection rownames: 4069
[2025-11-12 19:58:16] Attaching NMF matrix to SCE colData...
[2025-11-12 19:58:16] SCE colData rows: 77604, unique rownames: 77604
[2025-11-12 19:58:16] NMF matrix attached by row order
[2025-11-12 19:58:16] Attaching projection matrix to SPE colData...
[2025-11-12 19:58:16] SPE colData rows: 113927, unique rownames: 4991
[2025-11-12 19:58:17] Projection matrix attached by row order
[2025-11-12 19:58:17] Found 60 nmf patterns for plotting
[2025-11-12 19:58:17] Creating ECDF plot for nonzero NMF pattern weights...
[2025-11-12 19:58:18] Preparing data for dotplot of NMF pattern presence by cell type...
[2025-11-12 19:58:19] Computing specificity / entropy and GMM split...
[2025-11-12 19:58:19] Plotting entropy histogram with GMM cluster split...
[2025-11-12 19:58:19] Saved entropy split histogram plot.
DuckDB progress:   0%                     [2025-11-12 19:58:19] Creating SRT projection dotplot of NMF patterns by anatomical domain...
[2025-11-12 19:58:22] Appended run summary to /zata/zippy/kresgeb/nmf_stuff/dlPFC/output/batched_registration_dotplot/summary.tsv
[2025-11-12 19:58:24] --------------------------------------------
[2025-11-12 19:58:24] Starting run 57 / 157: k70_seed42_tol1e-06_L10.1
[2025-11-12 19:58:24] nmf_path: /zata/zippy/kresgeb/nmf_stuff/dlPFC/data/batched_nmf/nmf_k70_seed42_tol1e-06_L10.1.rds
[2025-11-12 19:58:24] projection path: /zata/zippy/kresgeb/nmf_stuff/dlPFC/data/batched_projection/proj_k70_seed42_tol1e-06_L10.1.rds
[2025-11-12 19:58:25] NMF matrix: 77604 rows, 70 cols
[2025-11-12 19:58:25] Duplicate NMF rownames: 0
[2025-11-12 19:58:25] Projection matrix: 113927 rows, 70 cols
[2025-11-12 19:58:25] Duplicate projection rownames: 4069
[2025-11-12 19:58:25] Attaching NMF matrix to SCE colData...
[2025-11-12 19:58:25] SCE colData rows: 77604, unique rownames: 77604
[2025-11-12 19:58:25] NMF matrix attached by row order
[2025-11-12 19:58:25] Attaching projection matrix to SPE colData...
[2025-11-12 19:58:25] SPE colData rows: 113927, unique rownames: 4991
[2025-11-12 19:58:27] Projection matrix attached by row order
[2025-11-12 19:58:27] Found 70 nmf patterns for plotting
[2025-11-12 19:58:27] Creating ECDF plot for nonzero NMF pattern weights...
[2025-11-12 19:58:27] Preparing data for dotplot of NMF pattern presence by cell type...
[2025-11-12 19:58:28] Computing specificity / entropy and GMM split...
[2025-11-12 19:58:28] Plotting entropy histogram with GMM cluster split...
[2025-11-12 19:58:28] Saved entropy split histogram plot.
DuckDB progress:   0%                     [2025-11-12 19:58:29] Creating SRT projection dotplot of NMF patterns by anatomical domain...
[2025-11-12 19:58:32] Appended run summary to /zata/zippy/kresgeb/nmf_stuff/dlPFC/output/batched_registration_dotplot/summary.tsv
[2025-11-12 19:58:35] --------------------------------------------
[2025-11-12 19:58:35] Starting run 58 / 157: k80_seed42_tol1e-06_L10.1
[2025-11-12 19:58:35] nmf_path: /zata/zippy/kresgeb/nmf_stuff/dlPFC/data/batched_nmf/nmf_k80_seed42_tol1e-06_L10.1.rds
[2025-11-12 19:58:35] projection path: /zata/zippy/kresgeb/nmf_stuff/dlPFC/data/batched_projection/proj_k80_seed42_tol1e-06_L10.1.rds
[2025-11-12 19:58:36] NMF matrix: 77604 rows, 80 cols
[2025-11-12 19:58:36] Duplicate NMF rownames: 0
[2025-11-12 19:58:36] Projection matrix: 113927 rows, 80 cols
[2025-11-12 19:58:36] Duplicate projection rownames: 4069
[2025-11-12 19:58:36] Attaching NMF matrix to SCE colData...
[2025-11-12 19:58:36] SCE colData rows: 77604, unique rownames: 77604
[2025-11-12 19:58:36] NMF matrix attached by row order
[2025-11-12 19:58:36] Attaching projection matrix to SPE colData...
[2025-11-12 19:58:36] SPE colData rows: 113927, unique rownames: 4991
[2025-11-12 19:58:37] Projection matrix attached by row order
[2025-11-12 19:58:37] Found 80 nmf patterns for plotting
[2025-11-12 19:58:37] Creating ECDF plot for nonzero NMF pattern weights...
[2025-11-12 19:58:37] Preparing data for dotplot of NMF pattern presence by cell type...
[2025-11-12 19:58:38] Computing specificity / entropy and GMM split...
[2025-11-12 19:58:38] Plotting entropy histogram with GMM cluster split...
[2025-11-12 19:58:38] Saved entropy split histogram plot.
DuckDB progress:   0%                     [2025-11-12 19:58:39] Creating SRT projection dotplot of NMF patterns by anatomical domain...
[2025-11-12 19:58:41] Appended run summary to /zata/zippy/kresgeb/nmf_stuff/dlPFC/output/batched_registration_dotplot/summary.tsv
[2025-11-12 19:58:44] --------------------------------------------
[2025-11-12 19:58:44] Starting run 59 / 157: k90_seed42_tol1e-06_L10.1
[2025-11-12 19:58:44] nmf_path: /zata/zippy/kresgeb/nmf_stuff/dlPFC/data/batched_nmf/nmf_k90_seed42_tol1e-06_L10.1.rds
[2025-11-12 19:58:44] projection path: /zata/zippy/kresgeb/nmf_stuff/dlPFC/data/batched_projection/proj_k90_seed42_tol1e-06_L10.1.rds
[2025-11-12 19:58:44] NMF matrix: 77604 rows, 90 cols
[2025-11-12 19:58:44] Duplicate NMF rownames: 0
[2025-11-12 19:58:45] Projection matrix: 113927 rows, 90 cols
[2025-11-12 19:58:45] Duplicate projection rownames: 4069
[2025-11-12 19:58:45] Attaching NMF matrix to SCE colData...
[2025-11-12 19:58:45] SCE colData rows: 77604, unique rownames: 77604
[2025-11-12 19:58:45] NMF matrix attached by row order
[2025-11-12 19:58:45] Attaching projection matrix to SPE colData...
[2025-11-12 19:58:45] SPE colData rows: 113927, unique rownames: 4991
[2025-11-12 19:58:46] Projection matrix attached by row order
[2025-11-12 19:58:46] Found 90 nmf patterns for plotting
[2025-11-12 19:58:46] Creating ECDF plot for nonzero NMF pattern weights...
[2025-11-12 19:58:47] Preparing data for dotplot of NMF pattern presence by cell type...
[2025-11-12 19:58:48] Computing specificity / entropy and GMM split...
[2025-11-12 19:58:48] Plotting entropy histogram with GMM cluster split...
[2025-11-12 19:58:49] Saved entropy split histogram plot.
DuckDB progress:   0%DuckDB progress:   0%DuckDB progress:   0%DuckDB progress:   0%                     [2025-11-12 19:58:49] Creating SRT projection dotplot of NMF patterns by anatomical domain...
[2025-11-12 19:58:52] Appended run summary to /zata/zippy/kresgeb/nmf_stuff/dlPFC/output/batched_registration_dotplot/summary.tsv
[2025-11-12 19:58:55] --------------------------------------------
[2025-11-12 19:58:55] Starting run 60 / 157: k100_seed42_tol1e-06_L10.1
[2025-11-12 19:58:55] nmf_path: /zata/zippy/kresgeb/nmf_stuff/dlPFC/data/batched_nmf/nmf_k100_seed42_tol1e-06_L10.1.rds
[2025-11-12 19:58:55] projection path: /zata/zippy/kresgeb/nmf_stuff/dlPFC/data/batched_projection/proj_k100_seed42_tol1e-06_L10.1.rds
[2025-11-12 19:58:55] NMF matrix: 77604 rows, 100 cols
[2025-11-12 19:58:55] Duplicate NMF rownames: 0
[2025-11-12 19:58:56] Projection matrix: 113927 rows, 100 cols
[2025-11-12 19:58:56] Duplicate projection rownames: 4069
[2025-11-12 19:58:56] Attaching NMF matrix to SCE colData...
[2025-11-12 19:58:56] SCE colData rows: 77604, unique rownames: 77604
[2025-11-12 19:58:56] NMF matrix attached by row order
[2025-11-12 19:58:56] Attaching projection matrix to SPE colData...
[2025-11-12 19:58:56] SPE colData rows: 113927, unique rownames: 4991
[2025-11-12 19:58:57] Projection matrix attached by row order
[2025-11-12 19:58:57] Found 100 nmf patterns for plotting
[2025-11-12 19:58:57] Creating ECDF plot for nonzero NMF pattern weights...
[2025-11-12 19:58:58] Preparing data for dotplot of NMF pattern presence by cell type...
[2025-11-12 19:59:00] Computing specificity / entropy and GMM split...
[2025-11-12 19:59:00] Plotting entropy histogram with GMM cluster split...
[2025-11-12 19:59:00] Saved entropy split histogram plot.
                     [2025-11-12 19:59:00] Creating SRT projection dotplot of NMF patterns by anatomical domain...
[2025-11-12 19:59:03] Appended run summary to /zata/zippy/kresgeb/nmf_stuff/dlPFC/output/batched_registration_dotplot/summary.tsv
[2025-11-12 19:59:05] --------------------------------------------
[2025-11-12 19:59:05] Starting run 61 / 157: k10_seed1029_tol1e-06_L10.1
[2025-11-12 19:59:05] nmf_path: /zata/zippy/kresgeb/nmf_stuff/dlPFC/data/batched_nmf/nmf_k10_seed1029_tol1e-06_L10.1.rds
[2025-11-12 19:59:05] projection path: /zata/zippy/kresgeb/nmf_stuff/dlPFC/data/batched_projection/proj_k10_seed1029_tol1e-06_L10.1.rds
[2025-11-12 19:59:05] NMF matrix: 77604 rows, 10 cols
[2025-11-12 19:59:05] Duplicate NMF rownames: 0
[2025-11-12 19:59:05] Projection matrix: 113927 rows, 10 cols
[2025-11-12 19:59:05] Duplicate projection rownames: 4069
[2025-11-12 19:59:05] Attaching NMF matrix to SCE colData...
[2025-11-12 19:59:05] SCE colData rows: 77604, unique rownames: 77604
[2025-11-12 19:59:05] NMF matrix attached by row order
[2025-11-12 19:59:05] Attaching projection matrix to SPE colData...
[2025-11-12 19:59:05] SPE colData rows: 113927, unique rownames: 4991
[2025-11-12 19:59:06] Projection matrix attached by row order
[2025-11-12 19:59:06] Found 10 nmf patterns for plotting
[2025-11-12 19:59:06] Creating ECDF plot for nonzero NMF pattern weights...
[2025-11-12 19:59:07] Preparing data for dotplot of NMF pattern presence by cell type...
[2025-11-12 19:59:07] Computing specificity / entropy and GMM split...
[2025-11-12 19:59:07] Plotting entropy histogram with GMM cluster split...
[2025-11-12 19:59:07] Saved entropy split histogram plot.
DuckDB progress:   0%                     [2025-11-12 19:59:08] Creating SRT projection dotplot of NMF patterns by anatomical domain...
[2025-11-12 19:59:09] Appended run summary to /zata/zippy/kresgeb/nmf_stuff/dlPFC/output/batched_registration_dotplot/summary.tsv
[2025-11-12 19:59:12] --------------------------------------------
[2025-11-12 19:59:12] Starting run 62 / 157: k20_seed1029_tol1e-06_L10.1
[2025-11-12 19:59:12] nmf_path: /zata/zippy/kresgeb/nmf_stuff/dlPFC/data/batched_nmf/nmf_k20_seed1029_tol1e-06_L10.1.rds
[2025-11-12 19:59:12] projection path: /zata/zippy/kresgeb/nmf_stuff/dlPFC/data/batched_projection/proj_k20_seed1029_tol1e-06_L10.1.rds
[2025-11-12 19:59:13] NMF matrix: 77604 rows, 20 cols
[2025-11-12 19:59:13] Duplicate NMF rownames: 0
[2025-11-12 19:59:13] Projection matrix: 113927 rows, 20 cols
[2025-11-12 19:59:13] Duplicate projection rownames: 4069
[2025-11-12 19:59:13] Attaching NMF matrix to SCE colData...
[2025-11-12 19:59:13] SCE colData rows: 77604, unique rownames: 77604
[2025-11-12 19:59:13] NMF matrix attached by row order
[2025-11-12 19:59:13] Attaching projection matrix to SPE colData...
[2025-11-12 19:59:13] SPE colData rows: 113927, unique rownames: 4991
[2025-11-12 19:59:14] Projection matrix attached by row order
[2025-11-12 19:59:14] Found 20 nmf patterns for plotting
[2025-11-12 19:59:14] Creating ECDF plot for nonzero NMF pattern weights...
[2025-11-12 19:59:14] Preparing data for dotplot of NMF pattern presence by cell type...
[2025-11-12 19:59:14] Computing specificity / entropy and GMM split...
[2025-11-12 19:59:14] Plotting entropy histogram with GMM cluster split...
[2025-11-12 19:59:15] Saved entropy split histogram plot.
DuckDB progress:   0%                     [2025-11-12 19:59:15] Creating SRT projection dotplot of NMF patterns by anatomical domain...
[2025-11-12 19:59:17] Appended run summary to /zata/zippy/kresgeb/nmf_stuff/dlPFC/output/batched_registration_dotplot/summary.tsv
[2025-11-12 19:59:19] --------------------------------------------
[2025-11-12 19:59:19] Starting run 63 / 157: k30_seed1029_tol1e-06_L10.1
[2025-11-12 19:59:19] nmf_path: /zata/zippy/kresgeb/nmf_stuff/dlPFC/data/batched_nmf/nmf_k30_seed1029_tol1e-06_L10.1.rds
[2025-11-12 19:59:19] projection path: /zata/zippy/kresgeb/nmf_stuff/dlPFC/data/batched_projection/proj_k30_seed1029_tol1e-06_L10.1.rds
[2025-11-12 19:59:20] NMF matrix: 77604 rows, 30 cols
[2025-11-12 19:59:20] Duplicate NMF rownames: 0
[2025-11-12 19:59:20] Projection matrix: 113927 rows, 30 cols
[2025-11-12 19:59:20] Duplicate projection rownames: 4069
[2025-11-12 19:59:20] Attaching NMF matrix to SCE colData...
[2025-11-12 19:59:20] SCE colData rows: 77604, unique rownames: 77604
[2025-11-12 19:59:20] NMF matrix attached by row order
[2025-11-12 19:59:20] Attaching projection matrix to SPE colData...
[2025-11-12 19:59:20] SPE colData rows: 113927, unique rownames: 4991
[2025-11-12 19:59:21] Projection matrix attached by row order
[2025-11-12 19:59:21] Found 30 nmf patterns for plotting
[2025-11-12 19:59:21] Creating ECDF plot for nonzero NMF pattern weights...
[2025-11-12 19:59:21] Preparing data for dotplot of NMF pattern presence by cell type...
[2025-11-12 19:59:22] Computing specificity / entropy and GMM split...
[2025-11-12 19:59:22] Plotting entropy histogram with GMM cluster split...
[2025-11-12 19:59:22] Saved entropy split histogram plot.
DuckDB progress:   0%                     [2025-11-12 19:59:22] Creating SRT projection dotplot of NMF patterns by anatomical domain...
[2025-11-12 19:59:24] Appended run summary to /zata/zippy/kresgeb/nmf_stuff/dlPFC/output/batched_registration_dotplot/summary.tsv
[2025-11-12 19:59:26] --------------------------------------------
[2025-11-12 19:59:26] Starting run 64 / 157: k40_seed1029_tol1e-06_L10.1
[2025-11-12 19:59:26] nmf_path: /zata/zippy/kresgeb/nmf_stuff/dlPFC/data/batched_nmf/nmf_k40_seed1029_tol1e-06_L10.1.rds
[2025-11-12 19:59:26] projection path: /zata/zippy/kresgeb/nmf_stuff/dlPFC/data/batched_projection/proj_k40_seed1029_tol1e-06_L10.1.rds
[2025-11-12 19:59:27] NMF matrix: 77604 rows, 40 cols
[2025-11-12 19:59:27] Duplicate NMF rownames: 0
[2025-11-12 19:59:27] Projection matrix: 113927 rows, 40 cols
[2025-11-12 19:59:27] Duplicate projection rownames: 4069
[2025-11-12 19:59:27] Attaching NMF matrix to SCE colData...
[2025-11-12 19:59:27] SCE colData rows: 77604, unique rownames: 77604
[2025-11-12 19:59:27] NMF matrix attached by row order
[2025-11-12 19:59:27] Attaching projection matrix to SPE colData...
[2025-11-12 19:59:27] SPE colData rows: 113927, unique rownames: 4991
[2025-11-12 19:59:28] Projection matrix attached by row order
[2025-11-12 19:59:28] Found 40 nmf patterns for plotting
[2025-11-12 19:59:28] Creating ECDF plot for nonzero NMF pattern weights...
[2025-11-12 19:59:29] Preparing data for dotplot of NMF pattern presence by cell type...
[2025-11-12 19:59:29] Computing specificity / entropy and GMM split...
[2025-11-12 19:59:29] Plotting entropy histogram with GMM cluster split...
[2025-11-12 19:59:30] Saved entropy split histogram plot.
DuckDB progress:   0%                     [2025-11-12 19:59:30] Creating SRT projection dotplot of NMF patterns by anatomical domain...
[2025-11-12 19:59:32] Appended run summary to /zata/zippy/kresgeb/nmf_stuff/dlPFC/output/batched_registration_dotplot/summary.tsv
[2025-11-12 19:59:36] --------------------------------------------
[2025-11-12 19:59:36] Starting run 65 / 157: k50_seed1029_tol1e-06_L10.1
[2025-11-12 19:59:36] nmf_path: /zata/zippy/kresgeb/nmf_stuff/dlPFC/data/batched_nmf/nmf_k50_seed1029_tol1e-06_L10.1.rds
[2025-11-12 19:59:36] projection path: /zata/zippy/kresgeb/nmf_stuff/dlPFC/data/batched_projection/proj_k50_seed1029_tol1e-06_L10.1.rds
[2025-11-12 19:59:36] NMF matrix: 77604 rows, 50 cols
[2025-11-12 19:59:36] Duplicate NMF rownames: 0
[2025-11-12 19:59:36] Projection matrix: 113927 rows, 50 cols
[2025-11-12 19:59:36] Duplicate projection rownames: 4069
[2025-11-12 19:59:36] Attaching NMF matrix to SCE colData...
[2025-11-12 19:59:36] SCE colData rows: 77604, unique rownames: 77604
[2025-11-12 19:59:37] NMF matrix attached by row order
[2025-11-12 19:59:37] Attaching projection matrix to SPE colData...
[2025-11-12 19:59:37] SPE colData rows: 113927, unique rownames: 4991
[2025-11-12 19:59:37] Projection matrix attached by row order
[2025-11-12 19:59:37] Found 50 nmf patterns for plotting
[2025-11-12 19:59:37] Creating ECDF plot for nonzero NMF pattern weights...
[2025-11-12 19:59:38] Preparing data for dotplot of NMF pattern presence by cell type...
[2025-11-12 19:59:39] Computing specificity / entropy and GMM split...
[2025-11-12 19:59:39] Plotting entropy histogram with GMM cluster split...
[2025-11-12 19:59:39] Saved entropy split histogram plot.
DuckDB progress:   0%                     [2025-11-12 19:59:40] Creating SRT projection dotplot of NMF patterns by anatomical domain...
[2025-11-12 19:59:42] Appended run summary to /zata/zippy/kresgeb/nmf_stuff/dlPFC/output/batched_registration_dotplot/summary.tsv
[2025-11-12 19:59:44] --------------------------------------------
[2025-11-12 19:59:44] Starting run 66 / 157: k60_seed1029_tol1e-06_L10.1
[2025-11-12 19:59:44] nmf_path: /zata/zippy/kresgeb/nmf_stuff/dlPFC/data/batched_nmf/nmf_k60_seed1029_tol1e-06_L10.1.rds
[2025-11-12 19:59:44] projection path: /zata/zippy/kresgeb/nmf_stuff/dlPFC/data/batched_projection/proj_k60_seed1029_tol1e-06_L10.1.rds
[2025-11-12 19:59:45] NMF matrix: 77604 rows, 60 cols
[2025-11-12 19:59:45] Duplicate NMF rownames: 0
[2025-11-12 19:59:45] Projection matrix: 113927 rows, 60 cols
[2025-11-12 19:59:45] Duplicate projection rownames: 4069
[2025-11-12 19:59:45] Attaching NMF matrix to SCE colData...
[2025-11-12 19:59:45] SCE colData rows: 77604, unique rownames: 77604
[2025-11-12 19:59:45] NMF matrix attached by row order
[2025-11-12 19:59:45] Attaching projection matrix to SPE colData...
[2025-11-12 19:59:45] SPE colData rows: 113927, unique rownames: 4991
[2025-11-12 19:59:46] Projection matrix attached by row order
[2025-11-12 19:59:46] Found 60 nmf patterns for plotting
[2025-11-12 19:59:46] Creating ECDF plot for nonzero NMF pattern weights...
[2025-11-12 19:59:47] Preparing data for dotplot of NMF pattern presence by cell type...
[2025-11-12 19:59:48] Computing specificity / entropy and GMM split...
[2025-11-12 19:59:48] Plotting entropy histogram with GMM cluster split...
[2025-11-12 19:59:48] Saved entropy split histogram plot.
DuckDB progress:   0%                     [2025-11-12 19:59:48] Creating SRT projection dotplot of NMF patterns by anatomical domain...
[2025-11-12 19:59:51] Appended run summary to /zata/zippy/kresgeb/nmf_stuff/dlPFC/output/batched_registration_dotplot/summary.tsv
[2025-11-12 19:59:54] --------------------------------------------
[2025-11-12 19:59:54] Starting run 67 / 157: k70_seed1029_tol1e-06_L10.1
[2025-11-12 19:59:54] nmf_path: /zata/zippy/kresgeb/nmf_stuff/dlPFC/data/batched_nmf/nmf_k70_seed1029_tol1e-06_L10.1.rds
[2025-11-12 19:59:54] projection path: /zata/zippy/kresgeb/nmf_stuff/dlPFC/data/batched_projection/proj_k70_seed1029_tol1e-06_L10.1.rds
[2025-11-12 19:59:55] NMF matrix: 77604 rows, 70 cols
[2025-11-12 19:59:55] Duplicate NMF rownames: 0
[2025-11-12 19:59:55] Projection matrix: 113927 rows, 70 cols
[2025-11-12 19:59:55] Duplicate projection rownames: 4069
[2025-11-12 19:59:55] Attaching NMF matrix to SCE colData...
[2025-11-12 19:59:55] SCE colData rows: 77604, unique rownames: 77604
[2025-11-12 19:59:55] NMF matrix attached by row order
[2025-11-12 19:59:55] Attaching projection matrix to SPE colData...
[2025-11-12 19:59:55] SPE colData rows: 113927, unique rownames: 4991
[2025-11-12 19:59:56] Projection matrix attached by row order
[2025-11-12 19:59:56] Found 70 nmf patterns for plotting
[2025-11-12 19:59:56] Creating ECDF plot for nonzero NMF pattern weights...
[2025-11-12 19:59:57] Preparing data for dotplot of NMF pattern presence by cell type...
[2025-11-12 19:59:58] Computing specificity / entropy and GMM split...
[2025-11-12 19:59:58] Plotting entropy histogram with GMM cluster split...
[2025-11-12 19:59:58] Saved entropy split histogram plot.
DuckDB progress:   0%                     [2025-11-12 19:59:59] Creating SRT projection dotplot of NMF patterns by anatomical domain...
[2025-11-12 20:00:02] Appended run summary to /zata/zippy/kresgeb/nmf_stuff/dlPFC/output/batched_registration_dotplot/summary.tsv
[2025-11-12 20:00:04] --------------------------------------------
[2025-11-12 20:00:04] Starting run 68 / 157: k80_seed1029_tol1e-06_L10.1
[2025-11-12 20:00:04] nmf_path: /zata/zippy/kresgeb/nmf_stuff/dlPFC/data/batched_nmf/nmf_k80_seed1029_tol1e-06_L10.1.rds
[2025-11-12 20:00:04] projection path: /zata/zippy/kresgeb/nmf_stuff/dlPFC/data/batched_projection/proj_k80_seed1029_tol1e-06_L10.1.rds
[2025-11-12 20:00:05] NMF matrix: 77604 rows, 80 cols
[2025-11-12 20:00:05] Duplicate NMF rownames: 0
[2025-11-12 20:00:06] Projection matrix: 113927 rows, 80 cols
[2025-11-12 20:00:06] Duplicate projection rownames: 4069
[2025-11-12 20:00:06] Attaching NMF matrix to SCE colData...
[2025-11-12 20:00:06] SCE colData rows: 77604, unique rownames: 77604
[2025-11-12 20:00:06] NMF matrix attached by row order
[2025-11-12 20:00:06] Attaching projection matrix to SPE colData...
[2025-11-12 20:00:06] SPE colData rows: 113927, unique rownames: 4991
[2025-11-12 20:00:07] Projection matrix attached by row order
[2025-11-12 20:00:07] Found 80 nmf patterns for plotting
[2025-11-12 20:00:07] Creating ECDF plot for nonzero NMF pattern weights...
[2025-11-12 20:00:07] Preparing data for dotplot of NMF pattern presence by cell type...
[2025-11-12 20:00:09] Computing specificity / entropy and GMM split...
[2025-11-12 20:00:09] Plotting entropy histogram with GMM cluster split...
[2025-11-12 20:00:09] Saved entropy split histogram plot.
DuckDB progress:   0%                     [2025-11-12 20:00:09] Creating SRT projection dotplot of NMF patterns by anatomical domain...
[2025-11-12 20:00:12] Appended run summary to /zata/zippy/kresgeb/nmf_stuff/dlPFC/output/batched_registration_dotplot/summary.tsv
[2025-11-12 20:00:15] --------------------------------------------
[2025-11-12 20:00:15] Starting run 69 / 157: k90_seed1029_tol1e-06_L10.1
[2025-11-12 20:00:15] nmf_path: /zata/zippy/kresgeb/nmf_stuff/dlPFC/data/batched_nmf/nmf_k90_seed1029_tol1e-06_L10.1.rds
[2025-11-12 20:00:15] projection path: /zata/zippy/kresgeb/nmf_stuff/dlPFC/data/batched_projection/proj_k90_seed1029_tol1e-06_L10.1.rds
[2025-11-12 20:00:16] NMF matrix: 77604 rows, 90 cols
[2025-11-12 20:00:16] Duplicate NMF rownames: 0
[2025-11-12 20:00:16] Projection matrix: 113927 rows, 90 cols
[2025-11-12 20:00:16] Duplicate projection rownames: 4069
[2025-11-12 20:00:16] Attaching NMF matrix to SCE colData...
[2025-11-12 20:00:16] SCE colData rows: 77604, unique rownames: 77604
[2025-11-12 20:00:16] NMF matrix attached by row order
[2025-11-12 20:00:16] Attaching projection matrix to SPE colData...
[2025-11-12 20:00:16] SPE colData rows: 113927, unique rownames: 4991
[2025-11-12 20:00:18] Projection matrix attached by row order
[2025-11-12 20:00:18] Found 90 nmf patterns for plotting
[2025-11-12 20:00:18] Creating ECDF plot for nonzero NMF pattern weights...
[2025-11-12 20:00:18] Preparing data for dotplot of NMF pattern presence by cell type...
[2025-11-12 20:00:20] Computing specificity / entropy and GMM split...
[2025-11-12 20:00:20] Plotting entropy histogram with GMM cluster split...
[2025-11-12 20:00:20] Saved entropy split histogram plot.
DuckDB progress:   0%                     [2025-11-12 20:00:21] Creating SRT projection dotplot of NMF patterns by anatomical domain...
[2025-11-12 20:00:24] Appended run summary to /zata/zippy/kresgeb/nmf_stuff/dlPFC/output/batched_registration_dotplot/summary.tsv
[2025-11-12 20:00:26] --------------------------------------------
[2025-11-12 20:00:26] Starting run 70 / 157: k100_seed1029_tol1e-06_L10.1
[2025-11-12 20:00:26] nmf_path: /zata/zippy/kresgeb/nmf_stuff/dlPFC/data/batched_nmf/nmf_k100_seed1029_tol1e-06_L10.1.rds
[2025-11-12 20:00:26] projection path: /zata/zippy/kresgeb/nmf_stuff/dlPFC/data/batched_projection/proj_k100_seed1029_tol1e-06_L10.1.rds
[2025-11-12 20:00:27] NMF matrix: 77604 rows, 100 cols
[2025-11-12 20:00:27] Duplicate NMF rownames: 0
[2025-11-12 20:00:28] Projection matrix: 113927 rows, 100 cols
[2025-11-12 20:00:28] Duplicate projection rownames: 4069
[2025-11-12 20:00:28] Attaching NMF matrix to SCE colData...
[2025-11-12 20:00:28] SCE colData rows: 77604, unique rownames: 77604
[2025-11-12 20:00:28] NMF matrix attached by row order
[2025-11-12 20:00:28] Attaching projection matrix to SPE colData...
[2025-11-12 20:00:28] SPE colData rows: 113927, unique rownames: 4991
[2025-11-12 20:00:29] Projection matrix attached by row order
[2025-11-12 20:00:29] Found 100 nmf patterns for plotting
[2025-11-12 20:00:29] Creating ECDF plot for nonzero NMF pattern weights...
[2025-11-12 20:00:30] Preparing data for dotplot of NMF pattern presence by cell type...
[2025-11-12 20:00:31] Computing specificity / entropy and GMM split...
[2025-11-12 20:00:31] Plotting entropy histogram with GMM cluster split...
[2025-11-12 20:00:32] Saved entropy split histogram plot.
DuckDB progress:   0%                     [2025-11-12 20:00:32] Creating SRT projection dotplot of NMF patterns by anatomical domain...
[2025-11-12 20:00:35] Appended run summary to /zata/zippy/kresgeb/nmf_stuff/dlPFC/output/batched_registration_dotplot/summary.tsv
[2025-11-12 20:00:38] --------------------------------------------
[2025-11-12 20:00:38] Starting run 71 / 157: k10_seed31415_tol1e-06_L10.1
[2025-11-12 20:00:38] nmf_path: /zata/zippy/kresgeb/nmf_stuff/dlPFC/data/batched_nmf/nmf_k10_seed31415_tol1e-06_L10.1.rds
[2025-11-12 20:00:38] projection path: /zata/zippy/kresgeb/nmf_stuff/dlPFC/data/batched_projection/proj_k10_seed31415_tol1e-06_L10.1.rds
[2025-11-12 20:00:38] NMF matrix: 77604 rows, 10 cols
[2025-11-12 20:00:38] Duplicate NMF rownames: 0
[2025-11-12 20:00:38] Projection matrix: 113927 rows, 10 cols
[2025-11-12 20:00:38] Duplicate projection rownames: 4069
[2025-11-12 20:00:38] Attaching NMF matrix to SCE colData...
[2025-11-12 20:00:38] SCE colData rows: 77604, unique rownames: 77604
[2025-11-12 20:00:38] NMF matrix attached by row order
[2025-11-12 20:00:38] Attaching projection matrix to SPE colData...
[2025-11-12 20:00:38] SPE colData rows: 113927, unique rownames: 4991
[2025-11-12 20:00:39] Projection matrix attached by row order
[2025-11-12 20:00:39] Found 10 nmf patterns for plotting
[2025-11-12 20:00:39] Creating ECDF plot for nonzero NMF pattern weights...
[2025-11-12 20:00:40] Preparing data for dotplot of NMF pattern presence by cell type...
[2025-11-12 20:00:40] Computing specificity / entropy and GMM split...
[2025-11-12 20:00:40] Plotting entropy histogram with GMM cluster split...
[2025-11-12 20:00:40] Saved entropy split histogram plot.
DuckDB progress:   0%                     [2025-11-12 20:00:41] Creating SRT projection dotplot of NMF patterns by anatomical domain...
[2025-11-12 20:00:42] Appended run summary to /zata/zippy/kresgeb/nmf_stuff/dlPFC/output/batched_registration_dotplot/summary.tsv
[2025-11-12 20:00:45] --------------------------------------------
[2025-11-12 20:00:45] Starting run 72 / 157: k20_seed31415_tol1e-06_L10.1
[2025-11-12 20:00:45] nmf_path: /zata/zippy/kresgeb/nmf_stuff/dlPFC/data/batched_nmf/nmf_k20_seed31415_tol1e-06_L10.1.rds
[2025-11-12 20:00:45] projection path: /zata/zippy/kresgeb/nmf_stuff/dlPFC/data/batched_projection/proj_k20_seed31415_tol1e-06_L10.1.rds
[2025-11-12 20:00:45] NMF matrix: 77604 rows, 20 cols
[2025-11-12 20:00:45] Duplicate NMF rownames: 0
[2025-11-12 20:00:45] Projection matrix: 113927 rows, 20 cols
[2025-11-12 20:00:45] Duplicate projection rownames: 4069
[2025-11-12 20:00:45] Attaching NMF matrix to SCE colData...
[2025-11-12 20:00:45] SCE colData rows: 77604, unique rownames: 77604
[2025-11-12 20:00:45] NMF matrix attached by row order
[2025-11-12 20:00:45] Attaching projection matrix to SPE colData...
[2025-11-12 20:00:45] SPE colData rows: 113927, unique rownames: 4991
[2025-11-12 20:00:46] Projection matrix attached by row order
[2025-11-12 20:00:46] Found 20 nmf patterns for plotting
[2025-11-12 20:00:46] Creating ECDF plot for nonzero NMF pattern weights...
[2025-11-12 20:00:46] Preparing data for dotplot of NMF pattern presence by cell type...
[2025-11-12 20:00:47] Computing specificity / entropy and GMM split...
[2025-11-12 20:00:47] Plotting entropy histogram with GMM cluster split...
[2025-11-12 20:00:47] Saved entropy split histogram plot.
DuckDB progress:   0%DuckDB progress:   0%                     [2025-11-12 20:00:48] Creating SRT projection dotplot of NMF patterns by anatomical domain...
[2025-11-12 20:00:49] Appended run summary to /zata/zippy/kresgeb/nmf_stuff/dlPFC/output/batched_registration_dotplot/summary.tsv
[2025-11-12 20:00:51] --------------------------------------------
[2025-11-12 20:00:51] Starting run 73 / 157: k30_seed31415_tol1e-06_L10.1
[2025-11-12 20:00:51] nmf_path: /zata/zippy/kresgeb/nmf_stuff/dlPFC/data/batched_nmf/nmf_k30_seed31415_tol1e-06_L10.1.rds
[2025-11-12 20:00:51] projection path: /zata/zippy/kresgeb/nmf_stuff/dlPFC/data/batched_projection/proj_k30_seed31415_tol1e-06_L10.1.rds
[2025-11-12 20:00:52] NMF matrix: 77604 rows, 30 cols
[2025-11-12 20:00:52] Duplicate NMF rownames: 0
[2025-11-12 20:00:52] Projection matrix: 113927 rows, 30 cols
[2025-11-12 20:00:52] Duplicate projection rownames: 4069
[2025-11-12 20:00:52] Attaching NMF matrix to SCE colData...
[2025-11-12 20:00:52] SCE colData rows: 77604, unique rownames: 77604
[2025-11-12 20:00:52] NMF matrix attached by row order
[2025-11-12 20:00:52] Attaching projection matrix to SPE colData...
[2025-11-12 20:00:52] SPE colData rows: 113927, unique rownames: 4991
[2025-11-12 20:00:53] Projection matrix attached by row order
[2025-11-12 20:00:53] Found 30 nmf patterns for plotting
[2025-11-12 20:00:53] Creating ECDF plot for nonzero NMF pattern weights...
[2025-11-12 20:00:53] Preparing data for dotplot of NMF pattern presence by cell type...
[2025-11-12 20:00:54] Computing specificity / entropy and GMM split...
[2025-11-12 20:00:54] Plotting entropy histogram with GMM cluster split...
[2025-11-12 20:00:54] Saved entropy split histogram plot.
DuckDB progress:   0%                     [2025-11-12 20:00:54] Creating SRT projection dotplot of NMF patterns by anatomical domain...
[2025-11-12 20:00:57] Appended run summary to /zata/zippy/kresgeb/nmf_stuff/dlPFC/output/batched_registration_dotplot/summary.tsv
[2025-11-12 20:01:00] --------------------------------------------
[2025-11-12 20:01:00] Starting run 74 / 157: k40_seed31415_tol1e-06_L10.1
[2025-11-12 20:01:00] nmf_path: /zata/zippy/kresgeb/nmf_stuff/dlPFC/data/batched_nmf/nmf_k40_seed31415_tol1e-06_L10.1.rds
[2025-11-12 20:01:00] projection path: /zata/zippy/kresgeb/nmf_stuff/dlPFC/data/batched_projection/proj_k40_seed31415_tol1e-06_L10.1.rds
[2025-11-12 20:01:00] NMF matrix: 77604 rows, 40 cols
[2025-11-12 20:01:00] Duplicate NMF rownames: 0
[2025-11-12 20:01:01] Projection matrix: 113927 rows, 40 cols
[2025-11-12 20:01:01] Duplicate projection rownames: 4069
[2025-11-12 20:01:01] Attaching NMF matrix to SCE colData...
[2025-11-12 20:01:01] SCE colData rows: 77604, unique rownames: 77604
[2025-11-12 20:01:01] NMF matrix attached by row order
[2025-11-12 20:01:01] Attaching projection matrix to SPE colData...
[2025-11-12 20:01:01] SPE colData rows: 113927, unique rownames: 4991
[2025-11-12 20:01:02] Projection matrix attached by row order
[2025-11-12 20:01:02] Found 40 nmf patterns for plotting
[2025-11-12 20:01:02] Creating ECDF plot for nonzero NMF pattern weights...
[2025-11-12 20:01:02] Preparing data for dotplot of NMF pattern presence by cell type...
[2025-11-12 20:01:03] Computing specificity / entropy and GMM split...
[2025-11-12 20:01:03] Plotting entropy histogram with GMM cluster split...
[2025-11-12 20:01:03] Saved entropy split histogram plot.
DuckDB progress:   0%DuckDB progress:   0%DuckDB progress:   0%                     [2025-11-12 20:01:04] Creating SRT projection dotplot of NMF patterns by anatomical domain...
[2025-11-12 20:01:06] Appended run summary to /zata/zippy/kresgeb/nmf_stuff/dlPFC/output/batched_registration_dotplot/summary.tsv
[2025-11-12 20:01:09] --------------------------------------------
[2025-11-12 20:01:09] Starting run 75 / 157: k50_seed31415_tol1e-06_L10.1
[2025-11-12 20:01:09] nmf_path: /zata/zippy/kresgeb/nmf_stuff/dlPFC/data/batched_nmf/nmf_k50_seed31415_tol1e-06_L10.1.rds
[2025-11-12 20:01:09] projection path: /zata/zippy/kresgeb/nmf_stuff/dlPFC/data/batched_projection/proj_k50_seed31415_tol1e-06_L10.1.rds
[2025-11-12 20:01:09] NMF matrix: 77604 rows, 50 cols
[2025-11-12 20:01:09] Duplicate NMF rownames: 0
[2025-11-12 20:01:09] Projection matrix: 113927 rows, 50 cols
[2025-11-12 20:01:09] Duplicate projection rownames: 4069
[2025-11-12 20:01:09] Attaching NMF matrix to SCE colData...
[2025-11-12 20:01:09] SCE colData rows: 77604, unique rownames: 77604
[2025-11-12 20:01:10] NMF matrix attached by row order
[2025-11-12 20:01:10] Attaching projection matrix to SPE colData...
[2025-11-12 20:01:10] SPE colData rows: 113927, unique rownames: 4991
[2025-11-12 20:01:10] Projection matrix attached by row order
[2025-11-12 20:01:10] Found 50 nmf patterns for plotting
[2025-11-12 20:01:10] Creating ECDF plot for nonzero NMF pattern weights...
[2025-11-12 20:01:11] Preparing data for dotplot of NMF pattern presence by cell type...
[2025-11-12 20:01:12] Computing specificity / entropy and GMM split...
[2025-11-12 20:01:12] Plotting entropy histogram with GMM cluster split...
[2025-11-12 20:01:12] Saved entropy split histogram plot.
DuckDB progress:   0%                     [2025-11-12 20:01:13] Creating SRT projection dotplot of NMF patterns by anatomical domain...
[2025-11-12 20:01:15] Appended run summary to /zata/zippy/kresgeb/nmf_stuff/dlPFC/output/batched_registration_dotplot/summary.tsv
[2025-11-12 20:01:17] --------------------------------------------
[2025-11-12 20:01:17] Starting run 76 / 157: k60_seed31415_tol1e-06_L10.1
[2025-11-12 20:01:17] nmf_path: /zata/zippy/kresgeb/nmf_stuff/dlPFC/data/batched_nmf/nmf_k60_seed31415_tol1e-06_L10.1.rds
[2025-11-12 20:01:17] projection path: /zata/zippy/kresgeb/nmf_stuff/dlPFC/data/batched_projection/proj_k60_seed31415_tol1e-06_L10.1.rds
[2025-11-12 20:01:18] NMF matrix: 77604 rows, 60 cols
[2025-11-12 20:01:18] Duplicate NMF rownames: 0
[2025-11-12 20:01:18] Projection matrix: 113927 rows, 60 cols
[2025-11-12 20:01:18] Duplicate projection rownames: 4069
[2025-11-12 20:01:18] Attaching NMF matrix to SCE colData...
[2025-11-12 20:01:18] SCE colData rows: 77604, unique rownames: 77604
[2025-11-12 20:01:18] NMF matrix attached by row order
[2025-11-12 20:01:18] Attaching projection matrix to SPE colData...
[2025-11-12 20:01:18] SPE colData rows: 113927, unique rownames: 4991
[2025-11-12 20:01:20] Projection matrix attached by row order
[2025-11-12 20:01:20] Found 60 nmf patterns for plotting
[2025-11-12 20:01:20] Creating ECDF plot for nonzero NMF pattern weights...
[2025-11-12 20:01:20] Preparing data for dotplot of NMF pattern presence by cell type...
[2025-11-12 20:01:21] Computing specificity / entropy and GMM split...
[2025-11-12 20:01:21] Plotting entropy histogram with GMM cluster split...
[2025-11-12 20:01:21] Saved entropy split histogram plot.
DuckDB progress:   0%                     [2025-11-12 20:01:22] Creating SRT projection dotplot of NMF patterns by anatomical domain...
[2025-11-12 20:01:25] Appended run summary to /zata/zippy/kresgeb/nmf_stuff/dlPFC/output/batched_registration_dotplot/summary.tsv
[2025-11-12 20:01:28] --------------------------------------------
[2025-11-12 20:01:28] Starting run 77 / 157: k70_seed31415_tol1e-06_L10.1
[2025-11-12 20:01:28] nmf_path: /zata/zippy/kresgeb/nmf_stuff/dlPFC/data/batched_nmf/nmf_k70_seed31415_tol1e-06_L10.1.rds
[2025-11-12 20:01:28] projection path: /zata/zippy/kresgeb/nmf_stuff/dlPFC/data/batched_projection/proj_k70_seed31415_tol1e-06_L10.1.rds
[2025-11-12 20:01:29] NMF matrix: 77604 rows, 70 cols
[2025-11-12 20:01:29] Duplicate NMF rownames: 0
[2025-11-12 20:01:29] Projection matrix: 113927 rows, 70 cols
[2025-11-12 20:01:29] Duplicate projection rownames: 4069
[2025-11-12 20:01:29] Attaching NMF matrix to SCE colData...
[2025-11-12 20:01:29] SCE colData rows: 77604, unique rownames: 77604
[2025-11-12 20:01:29] NMF matrix attached by row order
[2025-11-12 20:01:29] Attaching projection matrix to SPE colData...
[2025-11-12 20:01:29] SPE colData rows: 113927, unique rownames: 4991
[2025-11-12 20:01:30] Projection matrix attached by row order
[2025-11-12 20:01:30] Found 70 nmf patterns for plotting
[2025-11-12 20:01:30] Creating ECDF plot for nonzero NMF pattern weights...
[2025-11-12 20:01:31] Preparing data for dotplot of NMF pattern presence by cell type...
[2025-11-12 20:01:32] Computing specificity / entropy and GMM split...
[2025-11-12 20:01:32] Plotting entropy histogram with GMM cluster split...
[2025-11-12 20:01:32] Saved entropy split histogram plot.
DuckDB progress:   0%                     [2025-11-12 20:01:33] Creating SRT projection dotplot of NMF patterns by anatomical domain...
[2025-11-12 20:01:35] Appended run summary to /zata/zippy/kresgeb/nmf_stuff/dlPFC/output/batched_registration_dotplot/summary.tsv
[2025-11-12 20:01:37] --------------------------------------------
[2025-11-12 20:01:37] Starting run 78 / 157: k80_seed31415_tol1e-06_L10.1
[2025-11-12 20:01:37] nmf_path: /zata/zippy/kresgeb/nmf_stuff/dlPFC/data/batched_nmf/nmf_k80_seed31415_tol1e-06_L10.1.rds
[2025-11-12 20:01:37] projection path: /zata/zippy/kresgeb/nmf_stuff/dlPFC/data/batched_projection/proj_k80_seed31415_tol1e-06_L10.1.rds
[2025-11-12 20:01:38] NMF matrix: 77604 rows, 80 cols
[2025-11-12 20:01:38] Duplicate NMF rownames: 0
[2025-11-12 20:01:38] Projection matrix: 113927 rows, 80 cols
[2025-11-12 20:01:38] Duplicate projection rownames: 4069
[2025-11-12 20:01:38] Attaching NMF matrix to SCE colData...
[2025-11-12 20:01:38] SCE colData rows: 77604, unique rownames: 77604
[2025-11-12 20:01:38] NMF matrix attached by row order
[2025-11-12 20:01:38] Attaching projection matrix to SPE colData...
[2025-11-12 20:01:38] SPE colData rows: 113927, unique rownames: 4991
[2025-11-12 20:01:40] Projection matrix attached by row order
[2025-11-12 20:01:40] Found 80 nmf patterns for plotting
[2025-11-12 20:01:40] Creating ECDF plot for nonzero NMF pattern weights...
[2025-11-12 20:01:40] Preparing data for dotplot of NMF pattern presence by cell type...
[2025-11-12 20:01:41] Computing specificity / entropy and GMM split...
[2025-11-12 20:01:41] Plotting entropy histogram with GMM cluster split...
[2025-11-12 20:01:41] Saved entropy split histogram plot.
DuckDB progress:   0%                     [2025-11-12 20:01:42] Creating SRT projection dotplot of NMF patterns by anatomical domain...
[2025-11-12 20:01:44] Appended run summary to /zata/zippy/kresgeb/nmf_stuff/dlPFC/output/batched_registration_dotplot/summary.tsv
[2025-11-12 20:01:48] --------------------------------------------
[2025-11-12 20:01:48] Starting run 79 / 157: k90_seed31415_tol1e-06_L10.1
[2025-11-12 20:01:48] nmf_path: /zata/zippy/kresgeb/nmf_stuff/dlPFC/data/batched_nmf/nmf_k90_seed31415_tol1e-06_L10.1.rds
[2025-11-12 20:01:48] projection path: /zata/zippy/kresgeb/nmf_stuff/dlPFC/data/batched_projection/proj_k90_seed31415_tol1e-06_L10.1.rds
[2025-11-12 20:01:49] NMF matrix: 77604 rows, 90 cols
[2025-11-12 20:01:49] Duplicate NMF rownames: 0
[2025-11-12 20:01:49] Projection matrix: 113927 rows, 90 cols
[2025-11-12 20:01:49] Duplicate projection rownames: 4069
[2025-11-12 20:01:49] Attaching NMF matrix to SCE colData...
[2025-11-12 20:01:49] SCE colData rows: 77604, unique rownames: 77604
[2025-11-12 20:01:49] NMF matrix attached by row order
[2025-11-12 20:01:49] Attaching projection matrix to SPE colData...
[2025-11-12 20:01:49] SPE colData rows: 113927, unique rownames: 4991
[2025-11-12 20:01:50] Projection matrix attached by row order
[2025-11-12 20:01:50] Found 90 nmf patterns for plotting
[2025-11-12 20:01:50] Creating ECDF plot for nonzero NMF pattern weights...
[2025-11-12 20:01:51] Preparing data for dotplot of NMF pattern presence by cell type...
[2025-11-12 20:01:53] Computing specificity / entropy and GMM split...
[2025-11-12 20:01:53] Plotting entropy histogram with GMM cluster split...
[2025-11-12 20:01:53] Saved entropy split histogram plot.
DuckDB progress:   0%                     [2025-11-12 20:01:53] Creating SRT projection dotplot of NMF patterns by anatomical domain...
[2025-11-12 20:01:56] Appended run summary to /zata/zippy/kresgeb/nmf_stuff/dlPFC/output/batched_registration_dotplot/summary.tsv
[2025-11-12 20:01:58] --------------------------------------------
[2025-11-12 20:01:58] Starting run 80 / 157: k100_seed31415_tol1e-06_L10.1
[2025-11-12 20:01:58] nmf_path: /zata/zippy/kresgeb/nmf_stuff/dlPFC/data/batched_nmf/nmf_k100_seed31415_tol1e-06_L10.1.rds
[2025-11-12 20:01:58] projection path: /zata/zippy/kresgeb/nmf_stuff/dlPFC/data/batched_projection/proj_k100_seed31415_tol1e-06_L10.1.rds
[2025-11-12 20:01:59] NMF matrix: 77604 rows, 100 cols
[2025-11-12 20:01:59] Duplicate NMF rownames: 0
[2025-11-12 20:01:59] Projection matrix: 113927 rows, 100 cols
[2025-11-12 20:01:59] Duplicate projection rownames: 4069
[2025-11-12 20:01:59] Attaching NMF matrix to SCE colData...
[2025-11-12 20:01:59] SCE colData rows: 77604, unique rownames: 77604
[2025-11-12 20:02:00] NMF matrix attached by row order
[2025-11-12 20:02:00] Attaching projection matrix to SPE colData...
[2025-11-12 20:02:00] SPE colData rows: 113927, unique rownames: 4991
[2025-11-12 20:02:00] Projection matrix attached by row order
[2025-11-12 20:02:00] Found 100 nmf patterns for plotting
[2025-11-12 20:02:00] Creating ECDF plot for nonzero NMF pattern weights...
[2025-11-12 20:02:01] Preparing data for dotplot of NMF pattern presence by cell type...
[2025-11-12 20:02:02] Computing specificity / entropy and GMM split...
[2025-11-12 20:02:02] Plotting entropy histogram with GMM cluster split...
[2025-11-12 20:02:03] Saved entropy split histogram plot.
DuckDB progress:   0%                     [2025-11-12 20:02:03] Creating SRT projection dotplot of NMF patterns by anatomical domain...
[2025-11-12 20:02:06] Appended run summary to /zata/zippy/kresgeb/nmf_stuff/dlPFC/output/batched_registration_dotplot/summary.tsv
[2025-11-12 20:02:09] --------------------------------------------
[2025-11-12 20:02:09] Starting run 81 / 157: k10_seed120301_tol1e-06_L10.1
[2025-11-12 20:02:09] nmf_path: /zata/zippy/kresgeb/nmf_stuff/dlPFC/data/batched_nmf/nmf_k10_seed120301_tol1e-06_L10.1.rds
[2025-11-12 20:02:09] projection path: /zata/zippy/kresgeb/nmf_stuff/dlPFC/data/batched_projection/proj_k10_seed120301_tol1e-06_L10.1.rds
[2025-11-12 20:02:09] NMF matrix: 77604 rows, 10 cols
[2025-11-12 20:02:09] Duplicate NMF rownames: 0
[2025-11-12 20:02:09] Projection matrix: 113927 rows, 10 cols
[2025-11-12 20:02:09] Duplicate projection rownames: 4069
[2025-11-12 20:02:09] Attaching NMF matrix to SCE colData...
[2025-11-12 20:02:09] SCE colData rows: 77604, unique rownames: 77604
[2025-11-12 20:02:09] NMF matrix attached by row order
[2025-11-12 20:02:09] Attaching projection matrix to SPE colData...
[2025-11-12 20:02:09] SPE colData rows: 113927, unique rownames: 4991
[2025-11-12 20:02:10] Projection matrix attached by row order
[2025-11-12 20:02:10] Found 10 nmf patterns for plotting
[2025-11-12 20:02:10] Creating ECDF plot for nonzero NMF pattern weights...
[2025-11-12 20:02:11] Preparing data for dotplot of NMF pattern presence by cell type...
[2025-11-12 20:02:11] Computing specificity / entropy and GMM split...
[2025-11-12 20:02:11] Plotting entropy histogram with GMM cluster split...
[2025-11-12 20:02:11] Saved entropy split histogram plot.
DuckDB progress:   0%DuckDB progress:   0%DuckDB progress:   0%                     [2025-11-12 20:02:12] Creating SRT projection dotplot of NMF patterns by anatomical domain...
[2025-11-12 20:02:13] Appended run summary to /zata/zippy/kresgeb/nmf_stuff/dlPFC/output/batched_registration_dotplot/summary.tsv
[2025-11-12 20:02:15] --------------------------------------------
[2025-11-12 20:02:15] Starting run 82 / 157: k20_seed120301_tol1e-06_L10.1
[2025-11-12 20:02:15] nmf_path: /zata/zippy/kresgeb/nmf_stuff/dlPFC/data/batched_nmf/nmf_k20_seed120301_tol1e-06_L10.1.rds
[2025-11-12 20:02:15] projection path: /zata/zippy/kresgeb/nmf_stuff/dlPFC/data/batched_projection/proj_k20_seed120301_tol1e-06_L10.1.rds
[2025-11-12 20:02:15] NMF matrix: 77604 rows, 20 cols
[2025-11-12 20:02:15] Duplicate NMF rownames: 0
[2025-11-12 20:02:16] Projection matrix: 113927 rows, 20 cols
[2025-11-12 20:02:16] Duplicate projection rownames: 4069
[2025-11-12 20:02:16] Attaching NMF matrix to SCE colData...
[2025-11-12 20:02:16] SCE colData rows: 77604, unique rownames: 77604
[2025-11-12 20:02:16] NMF matrix attached by row order
[2025-11-12 20:02:16] Attaching projection matrix to SPE colData...
[2025-11-12 20:02:16] SPE colData rows: 113927, unique rownames: 4991
[2025-11-12 20:02:16] Projection matrix attached by row order
[2025-11-12 20:02:16] Found 20 nmf patterns for plotting
[2025-11-12 20:02:16] Creating ECDF plot for nonzero NMF pattern weights...
[2025-11-12 20:02:17] Preparing data for dotplot of NMF pattern presence by cell type...
[2025-11-12 20:02:17] Computing specificity / entropy and GMM split...
[2025-11-12 20:02:17] Plotting entropy histogram with GMM cluster split...
[2025-11-12 20:02:17] Saved entropy split histogram plot.
DuckDB progress:   0%                     [2025-11-12 20:02:18] Creating SRT projection dotplot of NMF patterns by anatomical domain...
[2025-11-12 20:02:19] Appended run summary to /zata/zippy/kresgeb/nmf_stuff/dlPFC/output/batched_registration_dotplot/summary.tsv
[2025-11-12 20:02:21] --------------------------------------------
[2025-11-12 20:02:21] Starting run 83 / 157: k30_seed120301_tol1e-06_L10.1
[2025-11-12 20:02:21] nmf_path: /zata/zippy/kresgeb/nmf_stuff/dlPFC/data/batched_nmf/nmf_k30_seed120301_tol1e-06_L10.1.rds
[2025-11-12 20:02:21] projection path: /zata/zippy/kresgeb/nmf_stuff/dlPFC/data/batched_projection/proj_k30_seed120301_tol1e-06_L10.1.rds
[2025-11-12 20:02:22] NMF matrix: 77604 rows, 30 cols
[2025-11-12 20:02:22] Duplicate NMF rownames: 0
[2025-11-12 20:02:22] Projection matrix: 113927 rows, 30 cols
[2025-11-12 20:02:22] Duplicate projection rownames: 4069
[2025-11-12 20:02:22] Attaching NMF matrix to SCE colData...
[2025-11-12 20:02:22] SCE colData rows: 77604, unique rownames: 77604
[2025-11-12 20:02:22] NMF matrix attached by row order
[2025-11-12 20:02:22] Attaching projection matrix to SPE colData...
[2025-11-12 20:02:22] SPE colData rows: 113927, unique rownames: 4991
[2025-11-12 20:02:23] Projection matrix attached by row order
[2025-11-12 20:02:23] Found 30 nmf patterns for plotting
[2025-11-12 20:02:23] Creating ECDF plot for nonzero NMF pattern weights...
[2025-11-12 20:02:23] Preparing data for dotplot of NMF pattern presence by cell type...
[2025-11-12 20:02:23] Computing specificity / entropy and GMM split...
[2025-11-12 20:02:23] Plotting entropy histogram with GMM cluster split...
[2025-11-12 20:02:24] Saved entropy split histogram plot.
DuckDB progress:   0%                     [2025-11-12 20:02:24] Creating SRT projection dotplot of NMF patterns by anatomical domain...
[2025-11-12 20:02:26] Appended run summary to /zata/zippy/kresgeb/nmf_stuff/dlPFC/output/batched_registration_dotplot/summary.tsv
[2025-11-12 20:02:29] --------------------------------------------
[2025-11-12 20:02:29] Starting run 84 / 157: k40_seed120301_tol1e-06_L10.1
[2025-11-12 20:02:29] nmf_path: /zata/zippy/kresgeb/nmf_stuff/dlPFC/data/batched_nmf/nmf_k40_seed120301_tol1e-06_L10.1.rds
[2025-11-12 20:02:29] projection path: /zata/zippy/kresgeb/nmf_stuff/dlPFC/data/batched_projection/proj_k40_seed120301_tol1e-06_L10.1.rds
[2025-11-12 20:02:30] NMF matrix: 77604 rows, 40 cols
[2025-11-12 20:02:30] Duplicate NMF rownames: 0
[2025-11-12 20:02:30] Projection matrix: 113927 rows, 40 cols
[2025-11-12 20:02:30] Duplicate projection rownames: 4069
[2025-11-12 20:02:30] Attaching NMF matrix to SCE colData...
[2025-11-12 20:02:30] SCE colData rows: 77604, unique rownames: 77604
[2025-11-12 20:02:30] NMF matrix attached by row order
[2025-11-12 20:02:30] Attaching projection matrix to SPE colData...
[2025-11-12 20:02:30] SPE colData rows: 113927, unique rownames: 4991
[2025-11-12 20:02:31] Projection matrix attached by row order
[2025-11-12 20:02:31] Found 40 nmf patterns for plotting
[2025-11-12 20:02:31] Creating ECDF plot for nonzero NMF pattern weights...
[2025-11-12 20:02:32] Preparing data for dotplot of NMF pattern presence by cell type...
[2025-11-12 20:02:32] Computing specificity / entropy and GMM split...
[2025-11-12 20:02:32] Plotting entropy histogram with GMM cluster split...
[2025-11-12 20:02:32] Saved entropy split histogram plot.
DuckDB progress:   0%                     [2025-11-12 20:02:33] Creating SRT projection dotplot of NMF patterns by anatomical domain...
[2025-11-12 20:02:35] Appended run summary to /zata/zippy/kresgeb/nmf_stuff/dlPFC/output/batched_registration_dotplot/summary.tsv
[2025-11-12 20:02:37] --------------------------------------------
[2025-11-12 20:02:37] Starting run 85 / 157: k50_seed120301_tol1e-06_L10.1
[2025-11-12 20:02:37] nmf_path: /zata/zippy/kresgeb/nmf_stuff/dlPFC/data/batched_nmf/nmf_k50_seed120301_tol1e-06_L10.1.rds
[2025-11-12 20:02:37] projection path: /zata/zippy/kresgeb/nmf_stuff/dlPFC/data/batched_projection/proj_k50_seed120301_tol1e-06_L10.1.rds
[2025-11-12 20:02:38] NMF matrix: 77604 rows, 50 cols
[2025-11-12 20:02:38] Duplicate NMF rownames: 0
[2025-11-12 20:02:38] Projection matrix: 113927 rows, 50 cols
[2025-11-12 20:02:38] Duplicate projection rownames: 4069
[2025-11-12 20:02:38] Attaching NMF matrix to SCE colData...
[2025-11-12 20:02:38] SCE colData rows: 77604, unique rownames: 77604
[2025-11-12 20:02:38] NMF matrix attached by row order
[2025-11-12 20:02:38] Attaching projection matrix to SPE colData...
[2025-11-12 20:02:38] SPE colData rows: 113927, unique rownames: 4991
[2025-11-12 20:02:39] Projection matrix attached by row order
[2025-11-12 20:02:39] Found 50 nmf patterns for plotting
[2025-11-12 20:02:39] Creating ECDF plot for nonzero NMF pattern weights...
[2025-11-12 20:02:40] Preparing data for dotplot of NMF pattern presence by cell type...
[2025-11-12 20:02:41] Computing specificity / entropy and GMM split...
[2025-11-12 20:02:41] Plotting entropy histogram with GMM cluster split...
[2025-11-12 20:02:41] Saved entropy split histogram plot.
DuckDB progress:   0%                     [2025-11-12 20:02:41] Creating SRT projection dotplot of NMF patterns by anatomical domain...
[2025-11-12 20:02:44] Appended run summary to /zata/zippy/kresgeb/nmf_stuff/dlPFC/output/batched_registration_dotplot/summary.tsv
[2025-11-12 20:02:46] --------------------------------------------
[2025-11-12 20:02:46] Starting run 86 / 157: k60_seed120301_tol1e-06_L10.1
[2025-11-12 20:02:46] nmf_path: /zata/zippy/kresgeb/nmf_stuff/dlPFC/data/batched_nmf/nmf_k60_seed120301_tol1e-06_L10.1.rds
[2025-11-12 20:02:46] projection path: /zata/zippy/kresgeb/nmf_stuff/dlPFC/data/batched_projection/proj_k60_seed120301_tol1e-06_L10.1.rds
[2025-11-12 20:02:46] NMF matrix: 77604 rows, 60 cols
[2025-11-12 20:02:46] Duplicate NMF rownames: 0
[2025-11-12 20:02:47] Projection matrix: 113927 rows, 60 cols
[2025-11-12 20:02:47] Duplicate projection rownames: 4069
[2025-11-12 20:02:47] Attaching NMF matrix to SCE colData...
[2025-11-12 20:02:47] SCE colData rows: 77604, unique rownames: 77604
[2025-11-12 20:02:47] NMF matrix attached by row order
[2025-11-12 20:02:47] Attaching projection matrix to SPE colData...
[2025-11-12 20:02:47] SPE colData rows: 113927, unique rownames: 4991
[2025-11-12 20:02:48] Projection matrix attached by row order
[2025-11-12 20:02:48] Found 60 nmf patterns for plotting
[2025-11-12 20:02:48] Creating ECDF plot for nonzero NMF pattern weights...
[2025-11-12 20:02:48] Preparing data for dotplot of NMF pattern presence by cell type...
[2025-11-12 20:02:49] Computing specificity / entropy and GMM split...
[2025-11-12 20:02:49] Plotting entropy histogram with GMM cluster split...
[2025-11-12 20:02:49] Saved entropy split histogram plot.
DuckDB progress:   0%                     [2025-11-12 20:02:50] Creating SRT projection dotplot of NMF patterns by anatomical domain...
[2025-11-12 20:02:53] Appended run summary to /zata/zippy/kresgeb/nmf_stuff/dlPFC/output/batched_registration_dotplot/summary.tsv
[2025-11-12 20:02:56] --------------------------------------------
[2025-11-12 20:02:56] Starting run 87 / 157: k70_seed120301_tol1e-06_L10.1
[2025-11-12 20:02:56] nmf_path: /zata/zippy/kresgeb/nmf_stuff/dlPFC/data/batched_nmf/nmf_k70_seed120301_tol1e-06_L10.1.rds
[2025-11-12 20:02:56] projection path: /zata/zippy/kresgeb/nmf_stuff/dlPFC/data/batched_projection/proj_k70_seed120301_tol1e-06_L10.1.rds
[2025-11-12 20:02:57] NMF matrix: 77604 rows, 70 cols
[2025-11-12 20:02:57] Duplicate NMF rownames: 0
[2025-11-12 20:02:57] Projection matrix: 113927 rows, 70 cols
[2025-11-12 20:02:57] Duplicate projection rownames: 4069
[2025-11-12 20:02:57] Attaching NMF matrix to SCE colData...
[2025-11-12 20:02:57] SCE colData rows: 77604, unique rownames: 77604
[2025-11-12 20:02:57] NMF matrix attached by row order
[2025-11-12 20:02:57] Attaching projection matrix to SPE colData...
[2025-11-12 20:02:57] SPE colData rows: 113927, unique rownames: 4991
[2025-11-12 20:02:58] Projection matrix attached by row order
[2025-11-12 20:02:58] Found 70 nmf patterns for plotting
[2025-11-12 20:02:58] Creating ECDF plot for nonzero NMF pattern weights...
[2025-11-12 20:02:59] Preparing data for dotplot of NMF pattern presence by cell type...
[2025-11-12 20:03:00] Computing specificity / entropy and GMM split...
[2025-11-12 20:03:00] Plotting entropy histogram with GMM cluster split...
[2025-11-12 20:03:00] Saved entropy split histogram plot.
DuckDB progress:   0%                     [2025-11-12 20:03:01] Creating SRT projection dotplot of NMF patterns by anatomical domain...
[2025-11-12 20:03:03] Appended run summary to /zata/zippy/kresgeb/nmf_stuff/dlPFC/output/batched_registration_dotplot/summary.tsv
[2025-11-12 20:03:07] --------------------------------------------
[2025-11-12 20:03:07] Starting run 88 / 157: k80_seed120301_tol1e-06_L10.1
[2025-11-12 20:03:07] nmf_path: /zata/zippy/kresgeb/nmf_stuff/dlPFC/data/batched_nmf/nmf_k80_seed120301_tol1e-06_L10.1.rds
[2025-11-12 20:03:07] projection path: /zata/zippy/kresgeb/nmf_stuff/dlPFC/data/batched_projection/proj_k80_seed120301_tol1e-06_L10.1.rds
[2025-11-12 20:03:08] NMF matrix: 77604 rows, 80 cols
[2025-11-12 20:03:08] Duplicate NMF rownames: 0
[2025-11-12 20:03:08] Projection matrix: 113927 rows, 80 cols
[2025-11-12 20:03:08] Duplicate projection rownames: 4069
[2025-11-12 20:03:08] Attaching NMF matrix to SCE colData...
[2025-11-12 20:03:08] SCE colData rows: 77604, unique rownames: 77604
[2025-11-12 20:03:08] NMF matrix attached by row order
[2025-11-12 20:03:08] Attaching projection matrix to SPE colData...
[2025-11-12 20:03:08] SPE colData rows: 113927, unique rownames: 4991
[2025-11-12 20:03:10] Projection matrix attached by row order
[2025-11-12 20:03:10] Found 80 nmf patterns for plotting
[2025-11-12 20:03:10] Creating ECDF plot for nonzero NMF pattern weights...
[2025-11-12 20:03:10] Preparing data for dotplot of NMF pattern presence by cell type...
[2025-11-12 20:03:11] Computing specificity / entropy and GMM split...
[2025-11-12 20:03:11] Plotting entropy histogram with GMM cluster split...
[2025-11-12 20:03:11] Saved entropy split histogram plot.
DuckDB progress:   0%                     [2025-11-12 20:03:12] Creating SRT projection dotplot of NMF patterns by anatomical domain...
[2025-11-12 20:03:14] Appended run summary to /zata/zippy/kresgeb/nmf_stuff/dlPFC/output/batched_registration_dotplot/summary.tsv
[2025-11-12 20:03:18] --------------------------------------------
[2025-11-12 20:03:18] Starting run 89 / 157: k90_seed120301_tol1e-06_L10.1
[2025-11-12 20:03:18] nmf_path: /zata/zippy/kresgeb/nmf_stuff/dlPFC/data/batched_nmf/nmf_k90_seed120301_tol1e-06_L10.1.rds
[2025-11-12 20:03:18] projection path: /zata/zippy/kresgeb/nmf_stuff/dlPFC/data/batched_projection/proj_k90_seed120301_tol1e-06_L10.1.rds
[2025-11-12 20:03:18] NMF matrix: 77604 rows, 90 cols
[2025-11-12 20:03:18] Duplicate NMF rownames: 0
[2025-11-12 20:03:19] Projection matrix: 113927 rows, 90 cols
[2025-11-12 20:03:19] Duplicate projection rownames: 4069
[2025-11-12 20:03:19] Attaching NMF matrix to SCE colData...
[2025-11-12 20:03:19] SCE colData rows: 77604, unique rownames: 77604
[2025-11-12 20:03:19] NMF matrix attached by row order
[2025-11-12 20:03:19] Attaching projection matrix to SPE colData...
[2025-11-12 20:03:19] SPE colData rows: 113927, unique rownames: 4991
[2025-11-12 20:03:20] Projection matrix attached by row order
[2025-11-12 20:03:20] Found 90 nmf patterns for plotting
[2025-11-12 20:03:20] Creating ECDF plot for nonzero NMF pattern weights...
[2025-11-12 20:03:21] Preparing data for dotplot of NMF pattern presence by cell type...
[2025-11-12 20:03:22] Computing specificity / entropy and GMM split...
[2025-11-12 20:03:22] Plotting entropy histogram with GMM cluster split...
[2025-11-12 20:03:22] Saved entropy split histogram plot.
DuckDB progress:   0%                     [2025-11-12 20:03:23] Creating SRT projection dotplot of NMF patterns by anatomical domain...
[2025-11-12 20:03:25] Appended run summary to /zata/zippy/kresgeb/nmf_stuff/dlPFC/output/batched_registration_dotplot/summary.tsv
[2025-11-12 20:03:27] --------------------------------------------
[2025-11-12 20:03:27] Starting run 90 / 157: k100_seed120301_tol1e-06_L10.1
[2025-11-12 20:03:27] nmf_path: /zata/zippy/kresgeb/nmf_stuff/dlPFC/data/batched_nmf/nmf_k100_seed120301_tol1e-06_L10.1.rds
[2025-11-12 20:03:27] projection path: /zata/zippy/kresgeb/nmf_stuff/dlPFC/data/batched_projection/proj_k100_seed120301_tol1e-06_L10.1.rds
[2025-11-12 20:03:28] NMF matrix: 77604 rows, 100 cols
[2025-11-12 20:03:28] Duplicate NMF rownames: 0
[2025-11-12 20:03:28] Projection matrix: 113927 rows, 100 cols
[2025-11-12 20:03:28] Duplicate projection rownames: 4069
[2025-11-12 20:03:28] Attaching NMF matrix to SCE colData...
[2025-11-12 20:03:28] SCE colData rows: 77604, unique rownames: 77604
[2025-11-12 20:03:29] NMF matrix attached by row order
[2025-11-12 20:03:29] Attaching projection matrix to SPE colData...
[2025-11-12 20:03:29] SPE colData rows: 113927, unique rownames: 4991
[2025-11-12 20:03:30] Projection matrix attached by row order
[2025-11-12 20:03:30] Found 100 nmf patterns for plotting
[2025-11-12 20:03:30] Creating ECDF plot for nonzero NMF pattern weights...
[2025-11-12 20:03:31] Preparing data for dotplot of NMF pattern presence by cell type...
[2025-11-12 20:03:32] Computing specificity / entropy and GMM split...
[2025-11-12 20:03:32] Plotting entropy histogram with GMM cluster split...
[2025-11-12 20:03:32] Saved entropy split histogram plot.
DuckDB progress:   0%                     [2025-11-12 20:03:33] Creating SRT projection dotplot of NMF patterns by anatomical domain...
[2025-11-12 20:03:35] Appended run summary to /zata/zippy/kresgeb/nmf_stuff/dlPFC/output/batched_registration_dotplot/summary.tsv
[2025-11-12 20:03:38] --------------------------------------------
[2025-11-12 20:03:38] Starting run 91 / 157: k10_seed2025_tol1e-06_L10.1
[2025-11-12 20:03:38] nmf_path: /zata/zippy/kresgeb/nmf_stuff/dlPFC/data/batched_nmf/nmf_k10_seed2025_tol1e-06_L10.1.rds
[2025-11-12 20:03:38] projection path: /zata/zippy/kresgeb/nmf_stuff/dlPFC/data/batched_projection/proj_k10_seed2025_tol1e-06_L10.1.rds
[2025-11-12 20:03:38] NMF matrix: 77604 rows, 10 cols
[2025-11-12 20:03:38] Duplicate NMF rownames: 0
[2025-11-12 20:03:39] Projection matrix: 113927 rows, 10 cols
[2025-11-12 20:03:39] Duplicate projection rownames: 4069
[2025-11-12 20:03:39] Attaching NMF matrix to SCE colData...
[2025-11-12 20:03:39] SCE colData rows: 77604, unique rownames: 77604
[2025-11-12 20:03:39] NMF matrix attached by row order
[2025-11-12 20:03:39] Attaching projection matrix to SPE colData...
[2025-11-12 20:03:39] SPE colData rows: 113927, unique rownames: 4991
[2025-11-12 20:03:39] Projection matrix attached by row order
[2025-11-12 20:03:39] Found 10 nmf patterns for plotting
[2025-11-12 20:03:39] Creating ECDF plot for nonzero NMF pattern weights...
[2025-11-12 20:03:40] Preparing data for dotplot of NMF pattern presence by cell type...
[2025-11-12 20:03:40] Computing specificity / entropy and GMM split...
[2025-11-12 20:03:40] Plotting entropy histogram with GMM cluster split...
[2025-11-12 20:03:40] Saved entropy split histogram plot.
DuckDB progress:   0%                     [2025-11-12 20:03:40] Creating SRT projection dotplot of NMF patterns by anatomical domain...
[2025-11-12 20:03:42] Appended run summary to /zata/zippy/kresgeb/nmf_stuff/dlPFC/output/batched_registration_dotplot/summary.tsv
[2025-11-12 20:03:44] --------------------------------------------
[2025-11-12 20:03:44] Starting run 92 / 157: k20_seed2025_tol1e-06_L10.1
[2025-11-12 20:03:44] nmf_path: /zata/zippy/kresgeb/nmf_stuff/dlPFC/data/batched_nmf/nmf_k20_seed2025_tol1e-06_L10.1.rds
[2025-11-12 20:03:44] projection path: /zata/zippy/kresgeb/nmf_stuff/dlPFC/data/batched_projection/proj_k20_seed2025_tol1e-06_L10.1.rds
[2025-11-12 20:03:45] NMF matrix: 77604 rows, 20 cols
[2025-11-12 20:03:45] Duplicate NMF rownames: 0
[2025-11-12 20:03:45] Projection matrix: 113927 rows, 20 cols
[2025-11-12 20:03:45] Duplicate projection rownames: 4069
[2025-11-12 20:03:45] Attaching NMF matrix to SCE colData...
[2025-11-12 20:03:45] SCE colData rows: 77604, unique rownames: 77604
[2025-11-12 20:03:45] NMF matrix attached by row order
[2025-11-12 20:03:45] Attaching projection matrix to SPE colData...
[2025-11-12 20:03:45] SPE colData rows: 113927, unique rownames: 4991
[2025-11-12 20:03:46] Projection matrix attached by row order
[2025-11-12 20:03:46] Found 20 nmf patterns for plotting
[2025-11-12 20:03:46] Creating ECDF plot for nonzero NMF pattern weights...
[2025-11-12 20:03:46] Preparing data for dotplot of NMF pattern presence by cell type...
[2025-11-12 20:03:47] Computing specificity / entropy and GMM split...
[2025-11-12 20:03:47] Plotting entropy histogram with GMM cluster split...
[2025-11-12 20:03:47] Saved entropy split histogram plot.
DuckDB progress:   0%                     [2025-11-12 20:03:48] Creating SRT projection dotplot of NMF patterns by anatomical domain...
[2025-11-12 20:03:49] Appended run summary to /zata/zippy/kresgeb/nmf_stuff/dlPFC/output/batched_registration_dotplot/summary.tsv
[2025-11-12 20:03:52] --------------------------------------------
[2025-11-12 20:03:52] Starting run 93 / 157: k30_seed2025_tol1e-06_L10.1
[2025-11-12 20:03:52] nmf_path: /zata/zippy/kresgeb/nmf_stuff/dlPFC/data/batched_nmf/nmf_k30_seed2025_tol1e-06_L10.1.rds
[2025-11-12 20:03:52] projection path: /zata/zippy/kresgeb/nmf_stuff/dlPFC/data/batched_projection/proj_k30_seed2025_tol1e-06_L10.1.rds
[2025-11-12 20:03:52] NMF matrix: 77604 rows, 30 cols
[2025-11-12 20:03:52] Duplicate NMF rownames: 0
[2025-11-12 20:03:53] Projection matrix: 113927 rows, 30 cols
[2025-11-12 20:03:53] Duplicate projection rownames: 4069
[2025-11-12 20:03:53] Attaching NMF matrix to SCE colData...
[2025-11-12 20:03:53] SCE colData rows: 77604, unique rownames: 77604
[2025-11-12 20:03:53] NMF matrix attached by row order
[2025-11-12 20:03:53] Attaching projection matrix to SPE colData...
[2025-11-12 20:03:53] SPE colData rows: 113927, unique rownames: 4991
[2025-11-12 20:03:53] Projection matrix attached by row order
[2025-11-12 20:03:53] Found 30 nmf patterns for plotting
[2025-11-12 20:03:53] Creating ECDF plot for nonzero NMF pattern weights...
[2025-11-12 20:03:54] Preparing data for dotplot of NMF pattern presence by cell type...
[2025-11-12 20:03:54] Computing specificity / entropy and GMM split...
[2025-11-12 20:03:54] Plotting entropy histogram with GMM cluster split...
[2025-11-12 20:03:55] Saved entropy split histogram plot.
DuckDB progress:   0%DuckDB progress:   0%                     [2025-11-12 20:03:55] Creating SRT projection dotplot of NMF patterns by anatomical domain...
[2025-11-12 20:03:57] Appended run summary to /zata/zippy/kresgeb/nmf_stuff/dlPFC/output/batched_registration_dotplot/summary.tsv
[2025-11-12 20:03:59] --------------------------------------------
[2025-11-12 20:03:59] Starting run 94 / 157: k40_seed2025_tol1e-06_L10.1
[2025-11-12 20:03:59] nmf_path: /zata/zippy/kresgeb/nmf_stuff/dlPFC/data/batched_nmf/nmf_k40_seed2025_tol1e-06_L10.1.rds
[2025-11-12 20:03:59] projection path: /zata/zippy/kresgeb/nmf_stuff/dlPFC/data/batched_projection/proj_k40_seed2025_tol1e-06_L10.1.rds
[2025-11-12 20:04:00] NMF matrix: 77604 rows, 40 cols
[2025-11-12 20:04:00] Duplicate NMF rownames: 0
[2025-11-12 20:04:00] Projection matrix: 113927 rows, 40 cols
[2025-11-12 20:04:00] Duplicate projection rownames: 4069
[2025-11-12 20:04:00] Attaching NMF matrix to SCE colData...
[2025-11-12 20:04:00] SCE colData rows: 77604, unique rownames: 77604
[2025-11-12 20:04:00] NMF matrix attached by row order
[2025-11-12 20:04:00] Attaching projection matrix to SPE colData...
[2025-11-12 20:04:00] SPE colData rows: 113927, unique rownames: 4991
[2025-11-12 20:04:01] Projection matrix attached by row order
[2025-11-12 20:04:01] Found 40 nmf patterns for plotting
[2025-11-12 20:04:01] Creating ECDF plot for nonzero NMF pattern weights...
[2025-11-12 20:04:01] Preparing data for dotplot of NMF pattern presence by cell type...
[2025-11-12 20:04:02] Computing specificity / entropy and GMM split...
[2025-11-12 20:04:02] Plotting entropy histogram with GMM cluster split...
[2025-11-12 20:04:02] Saved entropy split histogram plot.
DuckDB progress:   0%                     [2025-11-12 20:04:02] Creating SRT projection dotplot of NMF patterns by anatomical domain...
[2025-11-12 20:04:04] Appended run summary to /zata/zippy/kresgeb/nmf_stuff/dlPFC/output/batched_registration_dotplot/summary.tsv
[2025-11-12 20:04:07] --------------------------------------------
[2025-11-12 20:04:07] Starting run 95 / 157: k50_seed2025_tol1e-06_L10.1
[2025-11-12 20:04:07] nmf_path: /zata/zippy/kresgeb/nmf_stuff/dlPFC/data/batched_nmf/nmf_k50_seed2025_tol1e-06_L10.1.rds
[2025-11-12 20:04:07] projection path: /zata/zippy/kresgeb/nmf_stuff/dlPFC/data/batched_projection/proj_k50_seed2025_tol1e-06_L10.1.rds
[2025-11-12 20:04:07] NMF matrix: 77604 rows, 50 cols
[2025-11-12 20:04:07] Duplicate NMF rownames: 0
[2025-11-12 20:04:08] Projection matrix: 113927 rows, 50 cols
[2025-11-12 20:04:08] Duplicate projection rownames: 4069
[2025-11-12 20:04:08] Attaching NMF matrix to SCE colData...
[2025-11-12 20:04:08] SCE colData rows: 77604, unique rownames: 77604
[2025-11-12 20:04:08] NMF matrix attached by row order
[2025-11-12 20:04:08] Attaching projection matrix to SPE colData...
[2025-11-12 20:04:08] SPE colData rows: 113927, unique rownames: 4991
[2025-11-12 20:04:09] Projection matrix attached by row order
[2025-11-12 20:04:09] Found 50 nmf patterns for plotting
[2025-11-12 20:04:09] Creating ECDF plot for nonzero NMF pattern weights...
[2025-11-12 20:04:09] Preparing data for dotplot of NMF pattern presence by cell type...
[2025-11-12 20:04:10] Computing specificity / entropy and GMM split...
[2025-11-12 20:04:10] Plotting entropy histogram with GMM cluster split...
[2025-11-12 20:04:10] Saved entropy split histogram plot.
DuckDB progress:   0%                     [2025-11-12 20:04:11] Creating SRT projection dotplot of NMF patterns by anatomical domain...
[2025-11-12 20:04:14] Appended run summary to /zata/zippy/kresgeb/nmf_stuff/dlPFC/output/batched_registration_dotplot/summary.tsv
[2025-11-12 20:04:16] --------------------------------------------
[2025-11-12 20:04:16] Starting run 96 / 157: k60_seed2025_tol1e-06_L10.1
[2025-11-12 20:04:16] nmf_path: /zata/zippy/kresgeb/nmf_stuff/dlPFC/data/batched_nmf/nmf_k60_seed2025_tol1e-06_L10.1.rds
[2025-11-12 20:04:16] projection path: /zata/zippy/kresgeb/nmf_stuff/dlPFC/data/batched_projection/proj_k60_seed2025_tol1e-06_L10.1.rds
[2025-11-12 20:04:17] NMF matrix: 77604 rows, 60 cols
[2025-11-12 20:04:17] Duplicate NMF rownames: 0
[2025-11-12 20:04:17] Projection matrix: 113927 rows, 60 cols
[2025-11-12 20:04:17] Duplicate projection rownames: 4069
[2025-11-12 20:04:17] Attaching NMF matrix to SCE colData...
[2025-11-12 20:04:17] SCE colData rows: 77604, unique rownames: 77604
[2025-11-12 20:04:17] NMF matrix attached by row order
[2025-11-12 20:04:17] Attaching projection matrix to SPE colData...
[2025-11-12 20:04:17] SPE colData rows: 113927, unique rownames: 4991
[2025-11-12 20:04:18] Projection matrix attached by row order
[2025-11-12 20:04:18] Found 60 nmf patterns for plotting
[2025-11-12 20:04:18] Creating ECDF plot for nonzero NMF pattern weights...
[2025-11-12 20:04:18] Preparing data for dotplot of NMF pattern presence by cell type...
[2025-11-12 20:04:20] Computing specificity / entropy and GMM split...
[2025-11-12 20:04:20] Plotting entropy histogram with GMM cluster split...
[2025-11-12 20:04:20] Saved entropy split histogram plot.
DuckDB progress:   0%                     [2025-11-12 20:04:20] Creating SRT projection dotplot of NMF patterns by anatomical domain...
[2025-11-12 20:04:23] Appended run summary to /zata/zippy/kresgeb/nmf_stuff/dlPFC/output/batched_registration_dotplot/summary.tsv
[2025-11-12 20:04:25] --------------------------------------------
[2025-11-12 20:04:25] Starting run 97 / 157: k70_seed2025_tol1e-06_L10.1
[2025-11-12 20:04:25] nmf_path: /zata/zippy/kresgeb/nmf_stuff/dlPFC/data/batched_nmf/nmf_k70_seed2025_tol1e-06_L10.1.rds
[2025-11-12 20:04:25] projection path: /zata/zippy/kresgeb/nmf_stuff/dlPFC/data/batched_projection/proj_k70_seed2025_tol1e-06_L10.1.rds
[2025-11-12 20:04:26] NMF matrix: 77604 rows, 70 cols
[2025-11-12 20:04:26] Duplicate NMF rownames: 0
[2025-11-12 20:04:26] Projection matrix: 113927 rows, 70 cols
[2025-11-12 20:04:26] Duplicate projection rownames: 4069
[2025-11-12 20:04:26] Attaching NMF matrix to SCE colData...
[2025-11-12 20:04:26] SCE colData rows: 77604, unique rownames: 77604
[2025-11-12 20:04:26] NMF matrix attached by row order
[2025-11-12 20:04:26] Attaching projection matrix to SPE colData...
[2025-11-12 20:04:26] SPE colData rows: 113927, unique rownames: 4991
[2025-11-12 20:04:27] Projection matrix attached by row order
[2025-11-12 20:04:27] Found 70 nmf patterns for plotting
[2025-11-12 20:04:27] Creating ECDF plot for nonzero NMF pattern weights...
[2025-11-12 20:04:28] Preparing data for dotplot of NMF pattern presence by cell type...
[2025-11-12 20:04:29] Computing specificity / entropy and GMM split...
[2025-11-12 20:04:29] Plotting entropy histogram with GMM cluster split...
[2025-11-12 20:04:29] Saved entropy split histogram plot.
                     [2025-11-12 20:04:29] Creating SRT projection dotplot of NMF patterns by anatomical domain...
[2025-11-12 20:04:32] Appended run summary to /zata/zippy/kresgeb/nmf_stuff/dlPFC/output/batched_registration_dotplot/summary.tsv
[2025-11-12 20:04:35] --------------------------------------------
[2025-11-12 20:04:35] Starting run 98 / 157: k80_seed2025_tol1e-06_L10.1
[2025-11-12 20:04:35] nmf_path: /zata/zippy/kresgeb/nmf_stuff/dlPFC/data/batched_nmf/nmf_k80_seed2025_tol1e-06_L10.1.rds
[2025-11-12 20:04:35] projection path: /zata/zippy/kresgeb/nmf_stuff/dlPFC/data/batched_projection/proj_k80_seed2025_tol1e-06_L10.1.rds
[2025-11-12 20:04:36] NMF matrix: 77604 rows, 80 cols
[2025-11-12 20:04:36] Duplicate NMF rownames: 0
[2025-11-12 20:04:36] Projection matrix: 113927 rows, 80 cols
[2025-11-12 20:04:36] Duplicate projection rownames: 4069
[2025-11-12 20:04:36] Attaching NMF matrix to SCE colData...
[2025-11-12 20:04:36] SCE colData rows: 77604, unique rownames: 77604
[2025-11-12 20:04:36] NMF matrix attached by row order
[2025-11-12 20:04:36] Attaching projection matrix to SPE colData...
[2025-11-12 20:04:36] SPE colData rows: 113927, unique rownames: 4991
[2025-11-12 20:04:37] Projection matrix attached by row order
[2025-11-12 20:04:37] Found 80 nmf patterns for plotting
[2025-11-12 20:04:37] Creating ECDF plot for nonzero NMF pattern weights...
[2025-11-12 20:04:38] Preparing data for dotplot of NMF pattern presence by cell type...
[2025-11-12 20:04:39] Computing specificity / entropy and GMM split...
[2025-11-12 20:04:39] Plotting entropy histogram with GMM cluster split...
[2025-11-12 20:04:39] Saved entropy split histogram plot.
DuckDB progress:   0%                     [2025-11-12 20:04:39] Creating SRT projection dotplot of NMF patterns by anatomical domain...
[2025-11-12 20:04:42] Appended run summary to /zata/zippy/kresgeb/nmf_stuff/dlPFC/output/batched_registration_dotplot/summary.tsv
[2025-11-12 20:04:44] --------------------------------------------
[2025-11-12 20:04:44] Starting run 99 / 157: k90_seed2025_tol1e-06_L10.1
[2025-11-12 20:04:44] nmf_path: /zata/zippy/kresgeb/nmf_stuff/dlPFC/data/batched_nmf/nmf_k90_seed2025_tol1e-06_L10.1.rds
[2025-11-12 20:04:44] projection path: /zata/zippy/kresgeb/nmf_stuff/dlPFC/data/batched_projection/proj_k90_seed2025_tol1e-06_L10.1.rds
[2025-11-12 20:04:45] NMF matrix: 77604 rows, 90 cols
[2025-11-12 20:04:45] Duplicate NMF rownames: 0
[2025-11-12 20:04:45] Projection matrix: 113927 rows, 90 cols
[2025-11-12 20:04:45] Duplicate projection rownames: 4069
[2025-11-12 20:04:45] Attaching NMF matrix to SCE colData...
[2025-11-12 20:04:45] SCE colData rows: 77604, unique rownames: 77604
[2025-11-12 20:04:45] NMF matrix attached by row order
[2025-11-12 20:04:45] Attaching projection matrix to SPE colData...
[2025-11-12 20:04:45] SPE colData rows: 113927, unique rownames: 4991
[2025-11-12 20:04:47] Projection matrix attached by row order
[2025-11-12 20:04:47] Found 90 nmf patterns for plotting
[2025-11-12 20:04:47] Creating ECDF plot for nonzero NMF pattern weights...
[2025-11-12 20:04:47] Preparing data for dotplot of NMF pattern presence by cell type...
[2025-11-12 20:04:49] Computing specificity / entropy and GMM split...
[2025-11-12 20:04:49] Plotting entropy histogram with GMM cluster split...
[2025-11-12 20:04:49] Saved entropy split histogram plot.
DuckDB progress:   0%                     [2025-11-12 20:04:49] Creating SRT projection dotplot of NMF patterns by anatomical domain...
[2025-11-12 20:04:52] Appended run summary to /zata/zippy/kresgeb/nmf_stuff/dlPFC/output/batched_registration_dotplot/summary.tsv
[2025-11-12 20:04:55] --------------------------------------------
[2025-11-12 20:04:55] Starting run 100 / 157: k100_seed2025_tol1e-06_L10.1
[2025-11-12 20:04:55] nmf_path: /zata/zippy/kresgeb/nmf_stuff/dlPFC/data/batched_nmf/nmf_k100_seed2025_tol1e-06_L10.1.rds
[2025-11-12 20:04:55] projection path: /zata/zippy/kresgeb/nmf_stuff/dlPFC/data/batched_projection/proj_k100_seed2025_tol1e-06_L10.1.rds
[2025-11-12 20:04:56] NMF matrix: 77604 rows, 100 cols
[2025-11-12 20:04:56] Duplicate NMF rownames: 0
[2025-11-12 20:04:56] Projection matrix: 113927 rows, 100 cols
[2025-11-12 20:04:56] Duplicate projection rownames: 4069
[2025-11-12 20:04:56] Attaching NMF matrix to SCE colData...
[2025-11-12 20:04:56] SCE colData rows: 77604, unique rownames: 77604
[2025-11-12 20:04:57] NMF matrix attached by row order
[2025-11-12 20:04:57] Attaching projection matrix to SPE colData...
[2025-11-12 20:04:57] SPE colData rows: 113927, unique rownames: 4991
[2025-11-12 20:04:58] Projection matrix attached by row order
[2025-11-12 20:04:58] Found 100 nmf patterns for plotting
[2025-11-12 20:04:58] Creating ECDF plot for nonzero NMF pattern weights...
[2025-11-12 20:04:58] Preparing data for dotplot of NMF pattern presence by cell type...
[2025-11-12 20:05:00] Computing specificity / entropy and GMM split...
[2025-11-12 20:05:00] Plotting entropy histogram with GMM cluster split...
[2025-11-12 20:05:00] Saved entropy split histogram plot.
DuckDB progress:   0%                     [2025-11-12 20:05:01] Creating SRT projection dotplot of NMF patterns by anatomical domain...
[2025-11-12 20:05:04] Appended run summary to /zata/zippy/kresgeb/nmf_stuff/dlPFC/output/batched_registration_dotplot/summary.tsv
[2025-11-12 20:05:06] --------------------------------------------
[2025-11-12 20:05:06] Starting run 101 / 157: k10_seed42_tol1e-07_L10.1
[2025-11-12 20:05:06] nmf_path: /zata/zippy/kresgeb/nmf_stuff/dlPFC/data/batched_nmf/nmf_k10_seed42_tol1e-07_L10.1.rds
[2025-11-12 20:05:06] projection path: /zata/zippy/kresgeb/nmf_stuff/dlPFC/data/batched_projection/proj_k10_seed42_tol1e-07_L10.1.rds
[2025-11-12 20:05:06] NMF matrix: 77604 rows, 10 cols
[2025-11-12 20:05:06] Duplicate NMF rownames: 0
[2025-11-12 20:05:06] Projection matrix: 113927 rows, 10 cols
[2025-11-12 20:05:06] Duplicate projection rownames: 4069
[2025-11-12 20:05:06] Attaching NMF matrix to SCE colData...
[2025-11-12 20:05:06] SCE colData rows: 77604, unique rownames: 77604
[2025-11-12 20:05:06] NMF matrix attached by row order
[2025-11-12 20:05:06] Attaching projection matrix to SPE colData...
[2025-11-12 20:05:06] SPE colData rows: 113927, unique rownames: 4991
[2025-11-12 20:05:07] Projection matrix attached by row order
[2025-11-12 20:05:07] Found 10 nmf patterns for plotting
[2025-11-12 20:05:07] Creating ECDF plot for nonzero NMF pattern weights...
[2025-11-12 20:05:08] Preparing data for dotplot of NMF pattern presence by cell type...
[2025-11-12 20:05:08] Computing specificity / entropy and GMM split...
[2025-11-12 20:05:08] Plotting entropy histogram with GMM cluster split...
[2025-11-12 20:05:08] Saved entropy split histogram plot.
DuckDB progress:   0%                     [2025-11-12 20:05:08] Creating SRT projection dotplot of NMF patterns by anatomical domain...
[2025-11-12 20:05:10] Appended run summary to /zata/zippy/kresgeb/nmf_stuff/dlPFC/output/batched_registration_dotplot/summary.tsv
[2025-11-12 20:05:13] --------------------------------------------
[2025-11-12 20:05:13] Starting run 102 / 157: k20_seed42_tol1e-07_L10.1
[2025-11-12 20:05:13] nmf_path: /zata/zippy/kresgeb/nmf_stuff/dlPFC/data/batched_nmf/nmf_k20_seed42_tol1e-07_L10.1.rds
[2025-11-12 20:05:13] projection path: /zata/zippy/kresgeb/nmf_stuff/dlPFC/data/batched_projection/proj_k20_seed42_tol1e-07_L10.1.rds
[2025-11-12 20:05:13] NMF matrix: 77604 rows, 20 cols
[2025-11-12 20:05:13] Duplicate NMF rownames: 0
[2025-11-12 20:05:13] Projection matrix: 113927 rows, 20 cols
[2025-11-12 20:05:13] Duplicate projection rownames: 4069
[2025-11-12 20:05:13] Attaching NMF matrix to SCE colData...
[2025-11-12 20:05:13] SCE colData rows: 77604, unique rownames: 77604
[2025-11-12 20:05:13] NMF matrix attached by row order
[2025-11-12 20:05:13] Attaching projection matrix to SPE colData...
[2025-11-12 20:05:13] SPE colData rows: 113927, unique rownames: 4991
[2025-11-12 20:05:14] Projection matrix attached by row order
[2025-11-12 20:05:14] Found 20 nmf patterns for plotting
[2025-11-12 20:05:14] Creating ECDF plot for nonzero NMF pattern weights...
[2025-11-12 20:05:14] Preparing data for dotplot of NMF pattern presence by cell type...
[2025-11-12 20:05:15] Computing specificity / entropy and GMM split...
[2025-11-12 20:05:15] Plotting entropy histogram with GMM cluster split...
[2025-11-12 20:05:15] Saved entropy split histogram plot.
DuckDB progress:   0%                     [2025-11-12 20:05:16] Creating SRT projection dotplot of NMF patterns by anatomical domain...
[2025-11-12 20:05:17] Appended run summary to /zata/zippy/kresgeb/nmf_stuff/dlPFC/output/batched_registration_dotplot/summary.tsv
[2025-11-12 20:05:19] --------------------------------------------
[2025-11-12 20:05:19] Starting run 103 / 157: k30_seed42_tol1e-07_L10.1
[2025-11-12 20:05:19] nmf_path: /zata/zippy/kresgeb/nmf_stuff/dlPFC/data/batched_nmf/nmf_k30_seed42_tol1e-07_L10.1.rds
[2025-11-12 20:05:19] projection path: /zata/zippy/kresgeb/nmf_stuff/dlPFC/data/batched_projection/proj_k30_seed42_tol1e-07_L10.1.rds
[2025-11-12 20:05:20] NMF matrix: 77604 rows, 30 cols
[2025-11-12 20:05:20] Duplicate NMF rownames: 0
[2025-11-12 20:05:20] Projection matrix: 113927 rows, 30 cols
[2025-11-12 20:05:20] Duplicate projection rownames: 4069
[2025-11-12 20:05:20] Attaching NMF matrix to SCE colData...
[2025-11-12 20:05:20] SCE colData rows: 77604, unique rownames: 77604
[2025-11-12 20:05:20] NMF matrix attached by row order
[2025-11-12 20:05:20] Attaching projection matrix to SPE colData...
[2025-11-12 20:05:20] SPE colData rows: 113927, unique rownames: 4991
[2025-11-12 20:05:21] Projection matrix attached by row order
[2025-11-12 20:05:21] Found 30 nmf patterns for plotting
[2025-11-12 20:05:21] Creating ECDF plot for nonzero NMF pattern weights...
[2025-11-12 20:05:21] Preparing data for dotplot of NMF pattern presence by cell type...
[2025-11-12 20:05:21] Computing specificity / entropy and GMM split...
[2025-11-12 20:05:21] Plotting entropy histogram with GMM cluster split...
[2025-11-12 20:05:22] Saved entropy split histogram plot.
DuckDB progress:   0%                     [2025-11-12 20:05:22] Creating SRT projection dotplot of NMF patterns by anatomical domain...
[2025-11-12 20:05:24] Appended run summary to /zata/zippy/kresgeb/nmf_stuff/dlPFC/output/batched_registration_dotplot/summary.tsv
[2025-11-12 20:05:26] --------------------------------------------
[2025-11-12 20:05:26] Starting run 104 / 157: k40_seed42_tol1e-07_L10.1
[2025-11-12 20:05:26] nmf_path: /zata/zippy/kresgeb/nmf_stuff/dlPFC/data/batched_nmf/nmf_k40_seed42_tol1e-07_L10.1.rds
[2025-11-12 20:05:26] projection path: /zata/zippy/kresgeb/nmf_stuff/dlPFC/data/batched_projection/proj_k40_seed42_tol1e-07_L10.1.rds
[2025-11-12 20:05:27] NMF matrix: 77604 rows, 40 cols
[2025-11-12 20:05:27] Duplicate NMF rownames: 0
[2025-11-12 20:05:27] Projection matrix: 113927 rows, 40 cols
[2025-11-12 20:05:27] Duplicate projection rownames: 4069
[2025-11-12 20:05:27] Attaching NMF matrix to SCE colData...
[2025-11-12 20:05:27] SCE colData rows: 77604, unique rownames: 77604
[2025-11-12 20:05:27] NMF matrix attached by row order
[2025-11-12 20:05:27] Attaching projection matrix to SPE colData...
[2025-11-12 20:05:27] SPE colData rows: 113927, unique rownames: 4991
[2025-11-12 20:05:28] Projection matrix attached by row order
[2025-11-12 20:05:28] Found 40 nmf patterns for plotting
[2025-11-12 20:05:28] Creating ECDF plot for nonzero NMF pattern weights...
[2025-11-12 20:05:29] Preparing data for dotplot of NMF pattern presence by cell type...
[2025-11-12 20:05:29] Computing specificity / entropy and GMM split...
[2025-11-12 20:05:29] Plotting entropy histogram with GMM cluster split...
[2025-11-12 20:05:29] Saved entropy split histogram plot.
DuckDB progress:   0%                     [2025-11-12 20:05:30] Creating SRT projection dotplot of NMF patterns by anatomical domain...
[2025-11-12 20:05:32] Appended run summary to /zata/zippy/kresgeb/nmf_stuff/dlPFC/output/batched_registration_dotplot/summary.tsv
[2025-11-12 20:05:35] --------------------------------------------
[2025-11-12 20:05:35] Starting run 105 / 157: k50_seed42_tol1e-07_L10.1
[2025-11-12 20:05:35] nmf_path: /zata/zippy/kresgeb/nmf_stuff/dlPFC/data/batched_nmf/nmf_k50_seed42_tol1e-07_L10.1.rds
[2025-11-12 20:05:35] projection path: /zata/zippy/kresgeb/nmf_stuff/dlPFC/data/batched_projection/proj_k50_seed42_tol1e-07_L10.1.rds
[2025-11-12 20:05:36] NMF matrix: 77604 rows, 50 cols
[2025-11-12 20:05:36] Duplicate NMF rownames: 0
[2025-11-12 20:05:36] Projection matrix: 113927 rows, 50 cols
[2025-11-12 20:05:36] Duplicate projection rownames: 4069
[2025-11-12 20:05:36] Attaching NMF matrix to SCE colData...
[2025-11-12 20:05:36] SCE colData rows: 77604, unique rownames: 77604
[2025-11-12 20:05:36] NMF matrix attached by row order
[2025-11-12 20:05:36] Attaching projection matrix to SPE colData...
[2025-11-12 20:05:36] SPE colData rows: 113927, unique rownames: 4991
[2025-11-12 20:05:37] Projection matrix attached by row order
[2025-11-12 20:05:37] Found 50 nmf patterns for plotting
[2025-11-12 20:05:37] Creating ECDF plot for nonzero NMF pattern weights...
[2025-11-12 20:05:37] Preparing data for dotplot of NMF pattern presence by cell type...
[2025-11-12 20:05:38] Computing specificity / entropy and GMM split...
[2025-11-12 20:05:38] Plotting entropy histogram with GMM cluster split...
[2025-11-12 20:05:39] Saved entropy split histogram plot.
DuckDB progress:   0%                     [2025-11-12 20:05:39] Creating SRT projection dotplot of NMF patterns by anatomical domain...
[2025-11-12 20:05:42] Appended run summary to /zata/zippy/kresgeb/nmf_stuff/dlPFC/output/batched_registration_dotplot/summary.tsv
[2025-11-12 20:05:44] --------------------------------------------
[2025-11-12 20:05:44] Starting run 106 / 157: k60_seed42_tol1e-07_L10.1
[2025-11-12 20:05:44] nmf_path: /zata/zippy/kresgeb/nmf_stuff/dlPFC/data/batched_nmf/nmf_k60_seed42_tol1e-07_L10.1.rds
[2025-11-12 20:05:44] projection path: /zata/zippy/kresgeb/nmf_stuff/dlPFC/data/batched_projection/proj_k60_seed42_tol1e-07_L10.1.rds
[2025-11-12 20:05:44] NMF matrix: 77604 rows, 60 cols
[2025-11-12 20:05:44] Duplicate NMF rownames: 0
[2025-11-12 20:05:45] Projection matrix: 113927 rows, 60 cols
[2025-11-12 20:05:45] Duplicate projection rownames: 4069
[2025-11-12 20:05:45] Attaching NMF matrix to SCE colData...
[2025-11-12 20:05:45] SCE colData rows: 77604, unique rownames: 77604
[2025-11-12 20:05:45] NMF matrix attached by row order
[2025-11-12 20:05:45] Attaching projection matrix to SPE colData...
[2025-11-12 20:05:45] SPE colData rows: 113927, unique rownames: 4991
[2025-11-12 20:05:45] Projection matrix attached by row order
[2025-11-12 20:05:45] Found 60 nmf patterns for plotting
[2025-11-12 20:05:45] Creating ECDF plot for nonzero NMF pattern weights...
[2025-11-12 20:05:46] Preparing data for dotplot of NMF pattern presence by cell type...
[2025-11-12 20:05:47] Computing specificity / entropy and GMM split...
[2025-11-12 20:05:47] Plotting entropy histogram with GMM cluster split...
[2025-11-12 20:05:47] Saved entropy split histogram plot.
DuckDB progress:   0%                     [2025-11-12 20:05:47] Creating SRT projection dotplot of NMF patterns by anatomical domain...
[2025-11-12 20:05:50] Appended run summary to /zata/zippy/kresgeb/nmf_stuff/dlPFC/output/batched_registration_dotplot/summary.tsv
[2025-11-12 20:05:53] --------------------------------------------
[2025-11-12 20:05:53] Starting run 107 / 157: k70_seed42_tol1e-07_L10.1
[2025-11-12 20:05:53] nmf_path: /zata/zippy/kresgeb/nmf_stuff/dlPFC/data/batched_nmf/nmf_k70_seed42_tol1e-07_L10.1.rds
[2025-11-12 20:05:53] projection path: /zata/zippy/kresgeb/nmf_stuff/dlPFC/data/batched_projection/proj_k70_seed42_tol1e-07_L10.1.rds
[2025-11-12 20:05:54] NMF matrix: 77604 rows, 70 cols
[2025-11-12 20:05:54] Duplicate NMF rownames: 0
[2025-11-12 20:05:54] Projection matrix: 113927 rows, 70 cols
[2025-11-12 20:05:54] Duplicate projection rownames: 4069
[2025-11-12 20:05:54] Attaching NMF matrix to SCE colData...
[2025-11-12 20:05:54] SCE colData rows: 77604, unique rownames: 77604
[2025-11-12 20:05:54] NMF matrix attached by row order
[2025-11-12 20:05:54] Attaching projection matrix to SPE colData...
[2025-11-12 20:05:54] SPE colData rows: 113927, unique rownames: 4991
[2025-11-12 20:05:55] Projection matrix attached by row order
[2025-11-12 20:05:55] Found 70 nmf patterns for plotting
[2025-11-12 20:05:55] Creating ECDF plot for nonzero NMF pattern weights...
[2025-11-12 20:05:56] Preparing data for dotplot of NMF pattern presence by cell type...
[2025-11-12 20:05:57] Computing specificity / entropy and GMM split...
[2025-11-12 20:05:57] Plotting entropy histogram with GMM cluster split...
[2025-11-12 20:05:57] Saved entropy split histogram plot.
DuckDB progress:   0%                     [2025-11-12 20:05:58] Creating SRT projection dotplot of NMF patterns by anatomical domain...
[2025-11-12 20:06:01] Appended run summary to /zata/zippy/kresgeb/nmf_stuff/dlPFC/output/batched_registration_dotplot/summary.tsv
[2025-11-12 20:06:03] --------------------------------------------
[2025-11-12 20:06:03] Starting run 108 / 157: k80_seed42_tol1e-07_L10.1
[2025-11-12 20:06:03] nmf_path: /zata/zippy/kresgeb/nmf_stuff/dlPFC/data/batched_nmf/nmf_k80_seed42_tol1e-07_L10.1.rds
[2025-11-12 20:06:03] projection path: /zata/zippy/kresgeb/nmf_stuff/dlPFC/data/batched_projection/proj_k80_seed42_tol1e-07_L10.1.rds
[2025-11-12 20:06:04] NMF matrix: 77604 rows, 80 cols
[2025-11-12 20:06:04] Duplicate NMF rownames: 0
[2025-11-12 20:06:04] Projection matrix: 113927 rows, 80 cols
[2025-11-12 20:06:04] Duplicate projection rownames: 4069
[2025-11-12 20:06:04] Attaching NMF matrix to SCE colData...
[2025-11-12 20:06:04] SCE colData rows: 77604, unique rownames: 77604
[2025-11-12 20:06:05] NMF matrix attached by row order
[2025-11-12 20:06:05] Attaching projection matrix to SPE colData...
[2025-11-12 20:06:05] SPE colData rows: 113927, unique rownames: 4991
[2025-11-12 20:06:06] Projection matrix attached by row order
[2025-11-12 20:06:06] Found 80 nmf patterns for plotting
[2025-11-12 20:06:06] Creating ECDF plot for nonzero NMF pattern weights...
[2025-11-12 20:06:06] Preparing data for dotplot of NMF pattern presence by cell type...
[2025-11-12 20:06:08] Computing specificity / entropy and GMM split...
[2025-11-12 20:06:08] Plotting entropy histogram with GMM cluster split...
[2025-11-12 20:06:08] Saved entropy split histogram plot.
DuckDB progress:   0%                     [2025-11-12 20:06:08] Creating SRT projection dotplot of NMF patterns by anatomical domain...
[2025-11-12 20:06:10] Appended run summary to /zata/zippy/kresgeb/nmf_stuff/dlPFC/output/batched_registration_dotplot/summary.tsv
[2025-11-12 20:06:12] --------------------------------------------
[2025-11-12 20:06:12] Starting run 109 / 157: k90_seed42_tol1e-07_L10.1
[2025-11-12 20:06:12] nmf_path: /zata/zippy/kresgeb/nmf_stuff/dlPFC/data/batched_nmf/nmf_k90_seed42_tol1e-07_L10.1.rds
[2025-11-12 20:06:12] projection path: /zata/zippy/kresgeb/nmf_stuff/dlPFC/data/batched_projection/proj_k90_seed42_tol1e-07_L10.1.rds
[2025-11-12 20:06:13] NMF matrix: 77604 rows, 90 cols
[2025-11-12 20:06:13] Duplicate NMF rownames: 0
[2025-11-12 20:06:14] Projection matrix: 113927 rows, 90 cols
[2025-11-12 20:06:14] Duplicate projection rownames: 4069
[2025-11-12 20:06:14] Attaching NMF matrix to SCE colData...
[2025-11-12 20:06:14] SCE colData rows: 77604, unique rownames: 77604
[2025-11-12 20:06:14] NMF matrix attached by row order
[2025-11-12 20:06:14] Attaching projection matrix to SPE colData...
[2025-11-12 20:06:14] SPE colData rows: 113927, unique rownames: 4991
[2025-11-12 20:06:15] Projection matrix attached by row order
[2025-11-12 20:06:15] Found 90 nmf patterns for plotting
[2025-11-12 20:06:15] Creating ECDF plot for nonzero NMF pattern weights...
[2025-11-12 20:06:16] Preparing data for dotplot of NMF pattern presence by cell type...
[2025-11-12 20:06:17] Computing specificity / entropy and GMM split...
[2025-11-12 20:06:17] Plotting entropy histogram with GMM cluster split...
[2025-11-12 20:06:17] Saved entropy split histogram plot.
DuckDB progress:   0%                     [2025-11-12 20:06:18] Creating SRT projection dotplot of NMF patterns by anatomical domain...
[2025-11-12 20:06:20] Appended run summary to /zata/zippy/kresgeb/nmf_stuff/dlPFC/output/batched_registration_dotplot/summary.tsv
[2025-11-12 20:06:23] --------------------------------------------
[2025-11-12 20:06:23] Starting run 110 / 157: k100_seed42_tol1e-07_L10.1
[2025-11-12 20:06:23] nmf_path: /zata/zippy/kresgeb/nmf_stuff/dlPFC/data/batched_nmf/nmf_k100_seed42_tol1e-07_L10.1.rds
[2025-11-12 20:06:23] projection path: /zata/zippy/kresgeb/nmf_stuff/dlPFC/data/batched_projection/proj_k100_seed42_tol1e-07_L10.1.rds
[2025-11-12 20:06:24] NMF matrix: 77604 rows, 100 cols
[2025-11-12 20:06:24] Duplicate NMF rownames: 0
[2025-11-12 20:06:25] Projection matrix: 113927 rows, 100 cols
[2025-11-12 20:06:25] Duplicate projection rownames: 4069
[2025-11-12 20:06:25] Attaching NMF matrix to SCE colData...
[2025-11-12 20:06:25] SCE colData rows: 77604, unique rownames: 77604
[2025-11-12 20:06:25] NMF matrix attached by row order
[2025-11-12 20:06:25] Attaching projection matrix to SPE colData...
[2025-11-12 20:06:25] SPE colData rows: 113927, unique rownames: 4991
[2025-11-12 20:06:26] Projection matrix attached by row order
[2025-11-12 20:06:26] Found 100 nmf patterns for plotting
[2025-11-12 20:06:26] Creating ECDF plot for nonzero NMF pattern weights...
[2025-11-12 20:06:26] Preparing data for dotplot of NMF pattern presence by cell type...
[2025-11-12 20:06:28] Computing specificity / entropy and GMM split...
[2025-11-12 20:06:28] Plotting entropy histogram with GMM cluster split...
[2025-11-12 20:06:28] Saved entropy split histogram plot.
DuckDB progress:   0%                     [2025-11-12 20:06:29] Creating SRT projection dotplot of NMF patterns by anatomical domain...
[2025-11-12 20:06:31] Appended run summary to /zata/zippy/kresgeb/nmf_stuff/dlPFC/output/batched_registration_dotplot/summary.tsv
[2025-11-12 20:06:35] --------------------------------------------
[2025-11-12 20:06:35] Starting run 111 / 157: k10_seed1029_tol1e-07_L10.1
[2025-11-12 20:06:35] nmf_path: /zata/zippy/kresgeb/nmf_stuff/dlPFC/data/batched_nmf/nmf_k10_seed1029_tol1e-07_L10.1.rds
[2025-11-12 20:06:35] projection path: /zata/zippy/kresgeb/nmf_stuff/dlPFC/data/batched_projection/proj_k10_seed1029_tol1e-07_L10.1.rds
[2025-11-12 20:06:35] NMF matrix: 77604 rows, 10 cols
[2025-11-12 20:06:35] Duplicate NMF rownames: 0
[2025-11-12 20:06:35] Projection matrix: 113927 rows, 10 cols
[2025-11-12 20:06:35] Duplicate projection rownames: 4069
[2025-11-12 20:06:35] Attaching NMF matrix to SCE colData...
[2025-11-12 20:06:35] SCE colData rows: 77604, unique rownames: 77604
[2025-11-12 20:06:35] NMF matrix attached by row order
[2025-11-12 20:06:35] Attaching projection matrix to SPE colData...
[2025-11-12 20:06:35] SPE colData rows: 113927, unique rownames: 4991
[2025-11-12 20:06:36] Projection matrix attached by row order
[2025-11-12 20:06:36] Found 10 nmf patterns for plotting
[2025-11-12 20:06:36] Creating ECDF plot for nonzero NMF pattern weights...
[2025-11-12 20:06:36] Preparing data for dotplot of NMF pattern presence by cell type...
[2025-11-12 20:06:37] Computing specificity / entropy and GMM split...
[2025-11-12 20:06:37] Plotting entropy histogram with GMM cluster split...
[2025-11-12 20:06:37] Saved entropy split histogram plot.
DuckDB progress:   0%DuckDB progress:   0%                     [2025-11-12 20:06:37] Creating SRT projection dotplot of NMF patterns by anatomical domain...
[2025-11-12 20:06:39] Appended run summary to /zata/zippy/kresgeb/nmf_stuff/dlPFC/output/batched_registration_dotplot/summary.tsv
[2025-11-12 20:06:41] --------------------------------------------
[2025-11-12 20:06:41] Starting run 112 / 157: k20_seed1029_tol1e-07_L10.1
[2025-11-12 20:06:41] nmf_path: /zata/zippy/kresgeb/nmf_stuff/dlPFC/data/batched_nmf/nmf_k20_seed1029_tol1e-07_L10.1.rds
[2025-11-12 20:06:41] projection path: /zata/zippy/kresgeb/nmf_stuff/dlPFC/data/batched_projection/proj_k20_seed1029_tol1e-07_L10.1.rds
[2025-11-12 20:06:41] NMF matrix: 77604 rows, 20 cols
[2025-11-12 20:06:41] Duplicate NMF rownames: 0
[2025-11-12 20:06:41] Projection matrix: 113927 rows, 20 cols
[2025-11-12 20:06:41] Duplicate projection rownames: 4069
[2025-11-12 20:06:41] Attaching NMF matrix to SCE colData...
[2025-11-12 20:06:41] SCE colData rows: 77604, unique rownames: 77604
[2025-11-12 20:06:41] NMF matrix attached by row order
[2025-11-12 20:06:41] Attaching projection matrix to SPE colData...
[2025-11-12 20:06:41] SPE colData rows: 113927, unique rownames: 4991
[2025-11-12 20:06:42] Projection matrix attached by row order
[2025-11-12 20:06:42] Found 20 nmf patterns for plotting
[2025-11-12 20:06:42] Creating ECDF plot for nonzero NMF pattern weights...
[2025-11-12 20:06:42] Preparing data for dotplot of NMF pattern presence by cell type...
[2025-11-12 20:06:43] Computing specificity / entropy and GMM split...
[2025-11-12 20:06:43] Plotting entropy histogram with GMM cluster split...
[2025-11-12 20:06:43] Saved entropy split histogram plot.
DuckDB progress:   0%DuckDB progress:   0%                     [2025-11-12 20:06:43] Creating SRT projection dotplot of NMF patterns by anatomical domain...
[2025-11-12 20:06:45] Appended run summary to /zata/zippy/kresgeb/nmf_stuff/dlPFC/output/batched_registration_dotplot/summary.tsv
[2025-11-12 20:06:47] --------------------------------------------
[2025-11-12 20:06:47] Starting run 113 / 157: k30_seed1029_tol1e-07_L10.1
[2025-11-12 20:06:47] nmf_path: /zata/zippy/kresgeb/nmf_stuff/dlPFC/data/batched_nmf/nmf_k30_seed1029_tol1e-07_L10.1.rds
[2025-11-12 20:06:47] projection path: /zata/zippy/kresgeb/nmf_stuff/dlPFC/data/batched_projection/proj_k30_seed1029_tol1e-07_L10.1.rds
[2025-11-12 20:06:47] NMF matrix: 77604 rows, 30 cols
[2025-11-12 20:06:47] Duplicate NMF rownames: 0
[2025-11-12 20:06:48] Projection matrix: 113927 rows, 30 cols
[2025-11-12 20:06:48] Duplicate projection rownames: 4069
[2025-11-12 20:06:48] Attaching NMF matrix to SCE colData...
[2025-11-12 20:06:48] SCE colData rows: 77604, unique rownames: 77604
[2025-11-12 20:06:48] NMF matrix attached by row order
[2025-11-12 20:06:48] Attaching projection matrix to SPE colData...
[2025-11-12 20:06:48] SPE colData rows: 113927, unique rownames: 4991
[2025-11-12 20:06:49] Projection matrix attached by row order
[2025-11-12 20:06:49] Found 30 nmf patterns for plotting
[2025-11-12 20:06:49] Creating ECDF plot for nonzero NMF pattern weights...
[2025-11-12 20:06:49] Preparing data for dotplot of NMF pattern presence by cell type...
[2025-11-12 20:06:49] Computing specificity / entropy and GMM split...
[2025-11-12 20:06:49] Plotting entropy histogram with GMM cluster split...
[2025-11-12 20:06:50] Saved entropy split histogram plot.
DuckDB progress:   0%                     [2025-11-12 20:06:50] Creating SRT projection dotplot of NMF patterns by anatomical domain...
[2025-11-12 20:06:52] Appended run summary to /zata/zippy/kresgeb/nmf_stuff/dlPFC/output/batched_registration_dotplot/summary.tsv
[2025-11-12 20:06:55] --------------------------------------------
[2025-11-12 20:06:55] Starting run 114 / 157: k40_seed1029_tol1e-07_L10.1
[2025-11-12 20:06:55] nmf_path: /zata/zippy/kresgeb/nmf_stuff/dlPFC/data/batched_nmf/nmf_k40_seed1029_tol1e-07_L10.1.rds
[2025-11-12 20:06:55] projection path: /zata/zippy/kresgeb/nmf_stuff/dlPFC/data/batched_projection/proj_k40_seed1029_tol1e-07_L10.1.rds
[2025-11-12 20:06:56] NMF matrix: 77604 rows, 40 cols
[2025-11-12 20:06:56] Duplicate NMF rownames: 0
[2025-11-12 20:06:56] Projection matrix: 113927 rows, 40 cols
[2025-11-12 20:06:56] Duplicate projection rownames: 4069
[2025-11-12 20:06:56] Attaching NMF matrix to SCE colData...
[2025-11-12 20:06:56] SCE colData rows: 77604, unique rownames: 77604
[2025-11-12 20:06:56] NMF matrix attached by row order
[2025-11-12 20:06:56] Attaching projection matrix to SPE colData...
[2025-11-12 20:06:56] SPE colData rows: 113927, unique rownames: 4991
[2025-11-12 20:06:57] Projection matrix attached by row order
[2025-11-12 20:06:57] Found 40 nmf patterns for plotting
[2025-11-12 20:06:57] Creating ECDF plot for nonzero NMF pattern weights...
[2025-11-12 20:06:58] Preparing data for dotplot of NMF pattern presence by cell type...
[2025-11-12 20:06:58] Computing specificity / entropy and GMM split...
[2025-11-12 20:06:58] Plotting entropy histogram with GMM cluster split...
[2025-11-12 20:06:59] Saved entropy split histogram plot.
DuckDB progress:   0%                     [2025-11-12 20:06:59] Creating SRT projection dotplot of NMF patterns by anatomical domain...
[2025-11-12 20:07:01] Appended run summary to /zata/zippy/kresgeb/nmf_stuff/dlPFC/output/batched_registration_dotplot/summary.tsv
[2025-11-12 20:07:03] --------------------------------------------
[2025-11-12 20:07:03] Starting run 115 / 157: k50_seed1029_tol1e-07_L10.1
[2025-11-12 20:07:03] nmf_path: /zata/zippy/kresgeb/nmf_stuff/dlPFC/data/batched_nmf/nmf_k50_seed1029_tol1e-07_L10.1.rds
[2025-11-12 20:07:03] projection path: /zata/zippy/kresgeb/nmf_stuff/dlPFC/data/batched_projection/proj_k50_seed1029_tol1e-07_L10.1.rds
[2025-11-12 20:07:04] NMF matrix: 77604 rows, 50 cols
[2025-11-12 20:07:04] Duplicate NMF rownames: 0
[2025-11-12 20:07:04] Projection matrix: 113927 rows, 50 cols
[2025-11-12 20:07:04] Duplicate projection rownames: 4069
[2025-11-12 20:07:04] Attaching NMF matrix to SCE colData...
[2025-11-12 20:07:04] SCE colData rows: 77604, unique rownames: 77604
[2025-11-12 20:07:04] NMF matrix attached by row order
[2025-11-12 20:07:04] Attaching projection matrix to SPE colData...
[2025-11-12 20:07:04] SPE colData rows: 113927, unique rownames: 4991
[2025-11-12 20:07:05] Projection matrix attached by row order
[2025-11-12 20:07:05] Found 50 nmf patterns for plotting
[2025-11-12 20:07:05] Creating ECDF plot for nonzero NMF pattern weights...
[2025-11-12 20:07:05] Preparing data for dotplot of NMF pattern presence by cell type...
[2025-11-12 20:07:06] Computing specificity / entropy and GMM split...
[2025-11-12 20:07:06] Plotting entropy histogram with GMM cluster split...
[2025-11-12 20:07:06] Saved entropy split histogram plot.
DuckDB progress:   0%                     [2025-11-12 20:07:07] Creating SRT projection dotplot of NMF patterns by anatomical domain...
[2025-11-12 20:07:09] Appended run summary to /zata/zippy/kresgeb/nmf_stuff/dlPFC/output/batched_registration_dotplot/summary.tsv
[2025-11-12 20:07:11] --------------------------------------------
[2025-11-12 20:07:11] Starting run 116 / 157: k60_seed1029_tol1e-07_L10.1
[2025-11-12 20:07:11] nmf_path: /zata/zippy/kresgeb/nmf_stuff/dlPFC/data/batched_nmf/nmf_k60_seed1029_tol1e-07_L10.1.rds
[2025-11-12 20:07:11] projection path: /zata/zippy/kresgeb/nmf_stuff/dlPFC/data/batched_projection/proj_k60_seed1029_tol1e-07_L10.1.rds
[2025-11-12 20:07:12] NMF matrix: 77604 rows, 60 cols
[2025-11-12 20:07:12] Duplicate NMF rownames: 0
[2025-11-12 20:07:12] Projection matrix: 113927 rows, 60 cols
[2025-11-12 20:07:12] Duplicate projection rownames: 4069
[2025-11-12 20:07:12] Attaching NMF matrix to SCE colData...
[2025-11-12 20:07:12] SCE colData rows: 77604, unique rownames: 77604
[2025-11-12 20:07:12] NMF matrix attached by row order
[2025-11-12 20:07:12] Attaching projection matrix to SPE colData...
[2025-11-12 20:07:12] SPE colData rows: 113927, unique rownames: 4991
[2025-11-12 20:07:13] Projection matrix attached by row order
[2025-11-12 20:07:13] Found 60 nmf patterns for plotting
[2025-11-12 20:07:13] Creating ECDF plot for nonzero NMF pattern weights...
[2025-11-12 20:07:14] Preparing data for dotplot of NMF pattern presence by cell type...
[2025-11-12 20:07:15] Computing specificity / entropy and GMM split...
[2025-11-12 20:07:15] Plotting entropy histogram with GMM cluster split...
[2025-11-12 20:07:15] Saved entropy split histogram plot.
DuckDB progress:   0%                     [2025-11-12 20:07:15] Creating SRT projection dotplot of NMF patterns by anatomical domain...
[2025-11-12 20:07:18] Appended run summary to /zata/zippy/kresgeb/nmf_stuff/dlPFC/output/batched_registration_dotplot/summary.tsv
[2025-11-12 20:07:21] --------------------------------------------
[2025-11-12 20:07:21] Starting run 117 / 157: k70_seed1029_tol1e-07_L10.1
[2025-11-12 20:07:21] nmf_path: /zata/zippy/kresgeb/nmf_stuff/dlPFC/data/batched_nmf/nmf_k70_seed1029_tol1e-07_L10.1.rds
[2025-11-12 20:07:21] projection path: /zata/zippy/kresgeb/nmf_stuff/dlPFC/data/batched_projection/proj_k70_seed1029_tol1e-07_L10.1.rds
[2025-11-12 20:07:22] NMF matrix: 77604 rows, 70 cols
[2025-11-12 20:07:22] Duplicate NMF rownames: 0
[2025-11-12 20:07:22] Projection matrix: 113927 rows, 70 cols
[2025-11-12 20:07:22] Duplicate projection rownames: 4069
[2025-11-12 20:07:22] Attaching NMF matrix to SCE colData...
[2025-11-12 20:07:22] SCE colData rows: 77604, unique rownames: 77604
[2025-11-12 20:07:22] NMF matrix attached by row order
[2025-11-12 20:07:22] Attaching projection matrix to SPE colData...
[2025-11-12 20:07:22] SPE colData rows: 113927, unique rownames: 4991
[2025-11-12 20:07:23] Projection matrix attached by row order
[2025-11-12 20:07:23] Found 70 nmf patterns for plotting
[2025-11-12 20:07:23] Creating ECDF plot for nonzero NMF pattern weights...
[2025-11-12 20:07:24] Preparing data for dotplot of NMF pattern presence by cell type...
[2025-11-12 20:07:25] Computing specificity / entropy and GMM split...
[2025-11-12 20:07:25] Plotting entropy histogram with GMM cluster split...
[2025-11-12 20:07:25] Saved entropy split histogram plot.
DuckDB progress:   0%                     [2025-11-12 20:07:26] Creating SRT projection dotplot of NMF patterns by anatomical domain...
[2025-11-12 20:07:29] Appended run summary to /zata/zippy/kresgeb/nmf_stuff/dlPFC/output/batched_registration_dotplot/summary.tsv
[2025-11-12 20:07:31] --------------------------------------------
[2025-11-12 20:07:31] Starting run 118 / 157: k80_seed1029_tol1e-07_L10.1
[2025-11-12 20:07:31] nmf_path: /zata/zippy/kresgeb/nmf_stuff/dlPFC/data/batched_nmf/nmf_k80_seed1029_tol1e-07_L10.1.rds
[2025-11-12 20:07:31] projection path: /zata/zippy/kresgeb/nmf_stuff/dlPFC/data/batched_projection/proj_k80_seed1029_tol1e-07_L10.1.rds
[2025-11-12 20:07:31] NMF matrix: 77604 rows, 80 cols
[2025-11-12 20:07:31] Duplicate NMF rownames: 0
[2025-11-12 20:07:32] Projection matrix: 113927 rows, 80 cols
[2025-11-12 20:07:32] Duplicate projection rownames: 4069
[2025-11-12 20:07:32] Attaching NMF matrix to SCE colData...
[2025-11-12 20:07:32] SCE colData rows: 77604, unique rownames: 77604
[2025-11-12 20:07:32] NMF matrix attached by row order
[2025-11-12 20:07:32] Attaching projection matrix to SPE colData...
[2025-11-12 20:07:32] SPE colData rows: 113927, unique rownames: 4991
[2025-11-12 20:07:33] Projection matrix attached by row order
[2025-11-12 20:07:33] Found 80 nmf patterns for plotting
[2025-11-12 20:07:33] Creating ECDF plot for nonzero NMF pattern weights...
[2025-11-12 20:07:33] Preparing data for dotplot of NMF pattern presence by cell type...
[2025-11-12 20:07:34] Computing specificity / entropy and GMM split...
[2025-11-12 20:07:34] Plotting entropy histogram with GMM cluster split...
[2025-11-12 20:07:35] Saved entropy split histogram plot.
DuckDB progress:   0%                     [2025-11-12 20:07:35] Creating SRT projection dotplot of NMF patterns by anatomical domain...
[2025-11-12 20:07:37] Appended run summary to /zata/zippy/kresgeb/nmf_stuff/dlPFC/output/batched_registration_dotplot/summary.tsv
[2025-11-12 20:07:40] --------------------------------------------
[2025-11-12 20:07:40] Starting run 119 / 157: k90_seed1029_tol1e-07_L10.1
[2025-11-12 20:07:40] nmf_path: /zata/zippy/kresgeb/nmf_stuff/dlPFC/data/batched_nmf/nmf_k90_seed1029_tol1e-07_L10.1.rds
[2025-11-12 20:07:40] projection path: /zata/zippy/kresgeb/nmf_stuff/dlPFC/data/batched_projection/proj_k90_seed1029_tol1e-07_L10.1.rds
[2025-11-12 20:07:41] NMF matrix: 77604 rows, 90 cols
[2025-11-12 20:07:41] Duplicate NMF rownames: 0
[2025-11-12 20:07:42] Projection matrix: 113927 rows, 90 cols
[2025-11-12 20:07:42] Duplicate projection rownames: 4069
[2025-11-12 20:07:42] Attaching NMF matrix to SCE colData...
[2025-11-12 20:07:42] SCE colData rows: 77604, unique rownames: 77604
[2025-11-12 20:07:42] NMF matrix attached by row order
[2025-11-12 20:07:42] Attaching projection matrix to SPE colData...
[2025-11-12 20:07:42] SPE colData rows: 113927, unique rownames: 4991
[2025-11-12 20:07:43] Projection matrix attached by row order
[2025-11-12 20:07:43] Found 90 nmf patterns for plotting
[2025-11-12 20:07:43] Creating ECDF plot for nonzero NMF pattern weights...
[2025-11-12 20:07:44] Preparing data for dotplot of NMF pattern presence by cell type...
[2025-11-12 20:07:45] Computing specificity / entropy and GMM split...
[2025-11-12 20:07:45] Plotting entropy histogram with GMM cluster split...
[2025-11-12 20:07:45] Saved entropy split histogram plot.
DuckDB progress:   0%                     [2025-11-12 20:07:46] Creating SRT projection dotplot of NMF patterns by anatomical domain...
[2025-11-12 20:07:48] Appended run summary to /zata/zippy/kresgeb/nmf_stuff/dlPFC/output/batched_registration_dotplot/summary.tsv
[2025-11-12 20:07:50] --------------------------------------------
[2025-11-12 20:07:50] Starting run 120 / 157: k100_seed1029_tol1e-07_L10.1
[2025-11-12 20:07:50] nmf_path: /zata/zippy/kresgeb/nmf_stuff/dlPFC/data/batched_nmf/nmf_k100_seed1029_tol1e-07_L10.1.rds
[2025-11-12 20:07:50] projection path: /zata/zippy/kresgeb/nmf_stuff/dlPFC/data/batched_projection/proj_k100_seed1029_tol1e-07_L10.1.rds
[2025-11-12 20:07:51] NMF matrix: 77604 rows, 100 cols
[2025-11-12 20:07:51] Duplicate NMF rownames: 0
[2025-11-12 20:07:51] Projection matrix: 113927 rows, 100 cols
[2025-11-12 20:07:51] Duplicate projection rownames: 4069
[2025-11-12 20:07:51] Attaching NMF matrix to SCE colData...
[2025-11-12 20:07:51] SCE colData rows: 77604, unique rownames: 77604
[2025-11-12 20:07:52] NMF matrix attached by row order
[2025-11-12 20:07:52] Attaching projection matrix to SPE colData...
[2025-11-12 20:07:52] SPE colData rows: 113927, unique rownames: 4991
[2025-11-12 20:07:53] Projection matrix attached by row order
[2025-11-12 20:07:53] Found 100 nmf patterns for plotting
[2025-11-12 20:07:53] Creating ECDF plot for nonzero NMF pattern weights...
[2025-11-12 20:07:54] Preparing data for dotplot of NMF pattern presence by cell type...
[2025-11-12 20:07:55] Computing specificity / entropy and GMM split...
[2025-11-12 20:07:55] Plotting entropy histogram with GMM cluster split...
[2025-11-12 20:07:55] Saved entropy split histogram plot.
DuckDB progress:   0%                     [2025-11-12 20:07:56] Creating SRT projection dotplot of NMF patterns by anatomical domain...
[2025-11-12 20:07:59] Appended run summary to /zata/zippy/kresgeb/nmf_stuff/dlPFC/output/batched_registration_dotplot/summary.tsv
[2025-11-12 20:08:02] --------------------------------------------
[2025-11-12 20:08:02] Starting run 121 / 157: k10_seed31415_tol1e-07_L10.1
[2025-11-12 20:08:02] nmf_path: /zata/zippy/kresgeb/nmf_stuff/dlPFC/data/batched_nmf/nmf_k10_seed31415_tol1e-07_L10.1.rds
[2025-11-12 20:08:02] projection path: /zata/zippy/kresgeb/nmf_stuff/dlPFC/data/batched_projection/proj_k10_seed31415_tol1e-07_L10.1.rds
[2025-11-12 20:08:02] NMF matrix: 77604 rows, 10 cols
[2025-11-12 20:08:02] Duplicate NMF rownames: 0
[2025-11-12 20:08:02] Projection matrix: 113927 rows, 10 cols
[2025-11-12 20:08:02] Duplicate projection rownames: 4069
[2025-11-12 20:08:02] Attaching NMF matrix to SCE colData...
[2025-11-12 20:08:02] SCE colData rows: 77604, unique rownames: 77604
[2025-11-12 20:08:02] NMF matrix attached by row order
[2025-11-12 20:08:02] Attaching projection matrix to SPE colData...
[2025-11-12 20:08:02] SPE colData rows: 113927, unique rownames: 4991
[2025-11-12 20:08:03] Projection matrix attached by row order
[2025-11-12 20:08:03] Found 10 nmf patterns for plotting
[2025-11-12 20:08:03] Creating ECDF plot for nonzero NMF pattern weights...
[2025-11-12 20:08:03] Preparing data for dotplot of NMF pattern presence by cell type...
[2025-11-12 20:08:04] Computing specificity / entropy and GMM split...
[2025-11-12 20:08:04] Plotting entropy histogram with GMM cluster split...
[2025-11-12 20:08:04] Saved entropy split histogram plot.
DuckDB progress:   0%                     [2025-11-12 20:08:04] Creating SRT projection dotplot of NMF patterns by anatomical domain...
[2025-11-12 20:08:06] Appended run summary to /zata/zippy/kresgeb/nmf_stuff/dlPFC/output/batched_registration_dotplot/summary.tsv
[2025-11-12 20:08:08] --------------------------------------------
[2025-11-12 20:08:08] Starting run 122 / 157: k20_seed31415_tol1e-07_L10.1
[2025-11-12 20:08:08] nmf_path: /zata/zippy/kresgeb/nmf_stuff/dlPFC/data/batched_nmf/nmf_k20_seed31415_tol1e-07_L10.1.rds
[2025-11-12 20:08:08] projection path: /zata/zippy/kresgeb/nmf_stuff/dlPFC/data/batched_projection/proj_k20_seed31415_tol1e-07_L10.1.rds
[2025-11-12 20:08:08] NMF matrix: 77604 rows, 20 cols
[2025-11-12 20:08:08] Duplicate NMF rownames: 0
[2025-11-12 20:08:08] Projection matrix: 113927 rows, 20 cols
[2025-11-12 20:08:08] Duplicate projection rownames: 4069
[2025-11-12 20:08:08] Attaching NMF matrix to SCE colData...
[2025-11-12 20:08:08] SCE colData rows: 77604, unique rownames: 77604
[2025-11-12 20:08:08] NMF matrix attached by row order
[2025-11-12 20:08:08] Attaching projection matrix to SPE colData...
[2025-11-12 20:08:08] SPE colData rows: 113927, unique rownames: 4991
[2025-11-12 20:08:09] Projection matrix attached by row order
[2025-11-12 20:08:09] Found 20 nmf patterns for plotting
[2025-11-12 20:08:09] Creating ECDF plot for nonzero NMF pattern weights...
[2025-11-12 20:08:09] Preparing data for dotplot of NMF pattern presence by cell type...
[2025-11-12 20:08:10] Computing specificity / entropy and GMM split...
[2025-11-12 20:08:10] Plotting entropy histogram with GMM cluster split...
[2025-11-12 20:08:10] Saved entropy split histogram plot.
DuckDB progress:   0%                     [2025-11-12 20:08:10] Creating SRT projection dotplot of NMF patterns by anatomical domain...
[2025-11-12 20:08:12] Appended run summary to /zata/zippy/kresgeb/nmf_stuff/dlPFC/output/batched_registration_dotplot/summary.tsv
[2025-11-12 20:08:14] --------------------------------------------
[2025-11-12 20:08:14] Starting run 123 / 157: k30_seed31415_tol1e-07_L10.1
[2025-11-12 20:08:14] nmf_path: /zata/zippy/kresgeb/nmf_stuff/dlPFC/data/batched_nmf/nmf_k30_seed31415_tol1e-07_L10.1.rds
[2025-11-12 20:08:14] projection path: /zata/zippy/kresgeb/nmf_stuff/dlPFC/data/batched_projection/proj_k30_seed31415_tol1e-07_L10.1.rds
[2025-11-12 20:08:14] NMF matrix: 77604 rows, 30 cols
[2025-11-12 20:08:14] Duplicate NMF rownames: 0
[2025-11-12 20:08:15] Projection matrix: 113927 rows, 30 cols
[2025-11-12 20:08:15] Duplicate projection rownames: 4069
[2025-11-12 20:08:15] Attaching NMF matrix to SCE colData...
[2025-11-12 20:08:15] SCE colData rows: 77604, unique rownames: 77604
[2025-11-12 20:08:15] NMF matrix attached by row order
[2025-11-12 20:08:15] Attaching projection matrix to SPE colData...
[2025-11-12 20:08:15] SPE colData rows: 113927, unique rownames: 4991
[2025-11-12 20:08:16] Projection matrix attached by row order
[2025-11-12 20:08:16] Found 30 nmf patterns for plotting
[2025-11-12 20:08:16] Creating ECDF plot for nonzero NMF pattern weights...
[2025-11-12 20:08:16] Preparing data for dotplot of NMF pattern presence by cell type...
[2025-11-12 20:08:17] Computing specificity / entropy and GMM split...
[2025-11-12 20:08:17] Plotting entropy histogram with GMM cluster split...
[2025-11-12 20:08:17] Saved entropy split histogram plot.
DuckDB progress:   0%DuckDB progress:   0%                     [2025-11-12 20:08:17] Creating SRT projection dotplot of NMF patterns by anatomical domain...
[2025-11-12 20:08:20] Appended run summary to /zata/zippy/kresgeb/nmf_stuff/dlPFC/output/batched_registration_dotplot/summary.tsv
[2025-11-12 20:08:23] --------------------------------------------
[2025-11-12 20:08:23] Starting run 124 / 157: k40_seed31415_tol1e-07_L10.1
[2025-11-12 20:08:23] nmf_path: /zata/zippy/kresgeb/nmf_stuff/dlPFC/data/batched_nmf/nmf_k40_seed31415_tol1e-07_L10.1.rds
[2025-11-12 20:08:23] projection path: /zata/zippy/kresgeb/nmf_stuff/dlPFC/data/batched_projection/proj_k40_seed31415_tol1e-07_L10.1.rds
[2025-11-12 20:08:23] NMF matrix: 77604 rows, 40 cols
[2025-11-12 20:08:23] Duplicate NMF rownames: 0
[2025-11-12 20:08:23] Projection matrix: 113927 rows, 40 cols
[2025-11-12 20:08:23] Duplicate projection rownames: 4069
[2025-11-12 20:08:23] Attaching NMF matrix to SCE colData...
[2025-11-12 20:08:23] SCE colData rows: 77604, unique rownames: 77604
[2025-11-12 20:08:24] NMF matrix attached by row order
[2025-11-12 20:08:24] Attaching projection matrix to SPE colData...
[2025-11-12 20:08:24] SPE colData rows: 113927, unique rownames: 4991
[2025-11-12 20:08:24] Projection matrix attached by row order
[2025-11-12 20:08:24] Found 40 nmf patterns for plotting
[2025-11-12 20:08:24] Creating ECDF plot for nonzero NMF pattern weights...
[2025-11-12 20:08:25] Preparing data for dotplot of NMF pattern presence by cell type...
[2025-11-12 20:08:26] Computing specificity / entropy and GMM split...
[2025-11-12 20:08:26] Plotting entropy histogram with GMM cluster split...
[2025-11-12 20:08:26] Saved entropy split histogram plot.
DuckDB progress:   0%                     [2025-11-12 20:08:26] Creating SRT projection dotplot of NMF patterns by anatomical domain...
[2025-11-12 20:08:28] Appended run summary to /zata/zippy/kresgeb/nmf_stuff/dlPFC/output/batched_registration_dotplot/summary.tsv
[2025-11-12 20:08:30] --------------------------------------------
[2025-11-12 20:08:30] Starting run 125 / 157: k50_seed31415_tol1e-07_L10.1
[2025-11-12 20:08:30] nmf_path: /zata/zippy/kresgeb/nmf_stuff/dlPFC/data/batched_nmf/nmf_k50_seed31415_tol1e-07_L10.1.rds
[2025-11-12 20:08:30] projection path: /zata/zippy/kresgeb/nmf_stuff/dlPFC/data/batched_projection/proj_k50_seed31415_tol1e-07_L10.1.rds
[2025-11-12 20:08:31] NMF matrix: 77604 rows, 50 cols
[2025-11-12 20:08:31] Duplicate NMF rownames: 0
[2025-11-12 20:08:31] Projection matrix: 113927 rows, 50 cols
[2025-11-12 20:08:31] Duplicate projection rownames: 4069
[2025-11-12 20:08:31] Attaching NMF matrix to SCE colData...
[2025-11-12 20:08:31] SCE colData rows: 77604, unique rownames: 77604
[2025-11-12 20:08:31] NMF matrix attached by row order
[2025-11-12 20:08:31] Attaching projection matrix to SPE colData...
[2025-11-12 20:08:31] SPE colData rows: 113927, unique rownames: 4991
[2025-11-12 20:08:32] Projection matrix attached by row order
[2025-11-12 20:08:32] Found 50 nmf patterns for plotting
[2025-11-12 20:08:32] Creating ECDF plot for nonzero NMF pattern weights...
[2025-11-12 20:08:32] Preparing data for dotplot of NMF pattern presence by cell type...
[2025-11-12 20:08:33] Computing specificity / entropy and GMM split...
[2025-11-12 20:08:33] Plotting entropy histogram with GMM cluster split...
[2025-11-12 20:08:33] Saved entropy split histogram plot.
DuckDB progress:   0%                     [2025-11-12 20:08:34] Creating SRT projection dotplot of NMF patterns by anatomical domain...
[2025-11-12 20:08:36] Appended run summary to /zata/zippy/kresgeb/nmf_stuff/dlPFC/output/batched_registration_dotplot/summary.tsv
[2025-11-12 20:08:39] --------------------------------------------
[2025-11-12 20:08:39] Starting run 126 / 157: k60_seed31415_tol1e-07_L10.1
[2025-11-12 20:08:39] nmf_path: /zata/zippy/kresgeb/nmf_stuff/dlPFC/data/batched_nmf/nmf_k60_seed31415_tol1e-07_L10.1.rds
[2025-11-12 20:08:39] projection path: /zata/zippy/kresgeb/nmf_stuff/dlPFC/data/batched_projection/proj_k60_seed31415_tol1e-07_L10.1.rds
[2025-11-12 20:08:40] NMF matrix: 77604 rows, 60 cols
[2025-11-12 20:08:40] Duplicate NMF rownames: 0
[2025-11-12 20:08:40] Projection matrix: 113927 rows, 60 cols
[2025-11-12 20:08:40] Duplicate projection rownames: 4069
[2025-11-12 20:08:40] Attaching NMF matrix to SCE colData...
[2025-11-12 20:08:40] SCE colData rows: 77604, unique rownames: 77604
[2025-11-12 20:08:40] NMF matrix attached by row order
[2025-11-12 20:08:40] Attaching projection matrix to SPE colData...
[2025-11-12 20:08:40] SPE colData rows: 113927, unique rownames: 4991
[2025-11-12 20:08:41] Projection matrix attached by row order
[2025-11-12 20:08:41] Found 60 nmf patterns for plotting
[2025-11-12 20:08:41] Creating ECDF plot for nonzero NMF pattern weights...
[2025-11-12 20:08:42] Preparing data for dotplot of NMF pattern presence by cell type...
[2025-11-12 20:08:43] Computing specificity / entropy and GMM split...
[2025-11-12 20:08:43] Plotting entropy histogram with GMM cluster split...
[2025-11-12 20:08:43] Saved entropy split histogram plot.
DuckDB progress:   0%DuckDB progress:   0%DuckDB progress:   0%                     [2025-11-12 20:08:43] Creating SRT projection dotplot of NMF patterns by anatomical domain...
[2025-11-12 20:08:46] Appended run summary to /zata/zippy/kresgeb/nmf_stuff/dlPFC/output/batched_registration_dotplot/summary.tsv
[2025-11-12 20:08:49] --------------------------------------------
[2025-11-12 20:08:49] Starting run 127 / 157: k70_seed31415_tol1e-07_L10.1
[2025-11-12 20:08:49] nmf_path: /zata/zippy/kresgeb/nmf_stuff/dlPFC/data/batched_nmf/nmf_k70_seed31415_tol1e-07_L10.1.rds
[2025-11-12 20:08:49] projection path: /zata/zippy/kresgeb/nmf_stuff/dlPFC/data/batched_projection/proj_k70_seed31415_tol1e-07_L10.1.rds
[2025-11-12 20:08:49] NMF matrix: 77604 rows, 70 cols
[2025-11-12 20:08:49] Duplicate NMF rownames: 0
[2025-11-12 20:08:50] Projection matrix: 113927 rows, 70 cols
[2025-11-12 20:08:50] Duplicate projection rownames: 4069
[2025-11-12 20:08:50] Attaching NMF matrix to SCE colData...
[2025-11-12 20:08:50] SCE colData rows: 77604, unique rownames: 77604
[2025-11-12 20:08:50] NMF matrix attached by row order
[2025-11-12 20:08:50] Attaching projection matrix to SPE colData...
[2025-11-12 20:08:50] SPE colData rows: 113927, unique rownames: 4991
[2025-11-12 20:08:51] Projection matrix attached by row order
[2025-11-12 20:08:51] Found 70 nmf patterns for plotting
[2025-11-12 20:08:51] Creating ECDF plot for nonzero NMF pattern weights...
[2025-11-12 20:08:51] Preparing data for dotplot of NMF pattern presence by cell type...
[2025-11-12 20:08:52] Computing specificity / entropy and GMM split...
[2025-11-12 20:08:52] Plotting entropy histogram with GMM cluster split...
[2025-11-12 20:08:53] Saved entropy split histogram plot.
DuckDB progress:   0%                     [2025-11-12 20:08:53] Creating SRT projection dotplot of NMF patterns by anatomical domain...
[2025-11-12 20:08:55] Appended run summary to /zata/zippy/kresgeb/nmf_stuff/dlPFC/output/batched_registration_dotplot/summary.tsv
[2025-11-12 20:08:57] --------------------------------------------
[2025-11-12 20:08:57] Starting run 128 / 157: k80_seed31415_tol1e-07_L10.1
[2025-11-12 20:08:57] nmf_path: /zata/zippy/kresgeb/nmf_stuff/dlPFC/data/batched_nmf/nmf_k80_seed31415_tol1e-07_L10.1.rds
[2025-11-12 20:08:57] projection path: /zata/zippy/kresgeb/nmf_stuff/dlPFC/data/batched_projection/proj_k80_seed31415_tol1e-07_L10.1.rds
[2025-11-12 20:08:58] NMF matrix: 77604 rows, 80 cols
[2025-11-12 20:08:58] Duplicate NMF rownames: 0
[2025-11-12 20:08:58] Projection matrix: 113927 rows, 80 cols
[2025-11-12 20:08:58] Duplicate projection rownames: 4069
[2025-11-12 20:08:58] Attaching NMF matrix to SCE colData...
[2025-11-12 20:08:58] SCE colData rows: 77604, unique rownames: 77604
[2025-11-12 20:08:58] NMF matrix attached by row order
[2025-11-12 20:08:58] Attaching projection matrix to SPE colData...
[2025-11-12 20:08:58] SPE colData rows: 113927, unique rownames: 4991
[2025-11-12 20:09:00] Projection matrix attached by row order
[2025-11-12 20:09:00] Found 80 nmf patterns for plotting
[2025-11-12 20:09:00] Creating ECDF plot for nonzero NMF pattern weights...
[2025-11-12 20:09:00] Preparing data for dotplot of NMF pattern presence by cell type...
[2025-11-12 20:09:02] Computing specificity / entropy and GMM split...
[2025-11-12 20:09:02] Plotting entropy histogram with GMM cluster split...
[2025-11-12 20:09:02] Saved entropy split histogram plot.
DuckDB progress:   0%                     [2025-11-12 20:09:02] Creating SRT projection dotplot of NMF patterns by anatomical domain...
[2025-11-12 20:09:04] Appended run summary to /zata/zippy/kresgeb/nmf_stuff/dlPFC/output/batched_registration_dotplot/summary.tsv
[2025-11-12 20:09:08] --------------------------------------------
[2025-11-12 20:09:08] Starting run 129 / 157: k90_seed31415_tol1e-07_L10.1
[2025-11-12 20:09:08] nmf_path: /zata/zippy/kresgeb/nmf_stuff/dlPFC/data/batched_nmf/nmf_k90_seed31415_tol1e-07_L10.1.rds
[2025-11-12 20:09:08] projection path: /zata/zippy/kresgeb/nmf_stuff/dlPFC/data/batched_projection/proj_k90_seed31415_tol1e-07_L10.1.rds
[2025-11-12 20:09:09] NMF matrix: 77604 rows, 90 cols
[2025-11-12 20:09:09] Duplicate NMF rownames: 0
[2025-11-12 20:09:09] Projection matrix: 113927 rows, 90 cols
[2025-11-12 20:09:09] Duplicate projection rownames: 4069
[2025-11-12 20:09:09] Attaching NMF matrix to SCE colData...
[2025-11-12 20:09:09] SCE colData rows: 77604, unique rownames: 77604
[2025-11-12 20:09:09] NMF matrix attached by row order
[2025-11-12 20:09:09] Attaching projection matrix to SPE colData...
[2025-11-12 20:09:09] SPE colData rows: 113927, unique rownames: 4991
[2025-11-12 20:09:10] Projection matrix attached by row order
[2025-11-12 20:09:10] Found 90 nmf patterns for plotting
[2025-11-12 20:09:10] Creating ECDF plot for nonzero NMF pattern weights...
[2025-11-12 20:09:11] Preparing data for dotplot of NMF pattern presence by cell type...
[2025-11-12 20:09:13] Computing specificity / entropy and GMM split...
[2025-11-12 20:09:13] Plotting entropy histogram with GMM cluster split...
[2025-11-12 20:09:13] Saved entropy split histogram plot.
DuckDB progress:   0%                     [2025-11-12 20:09:13] Creating SRT projection dotplot of NMF patterns by anatomical domain...
[2025-11-12 20:09:16] Appended run summary to /zata/zippy/kresgeb/nmf_stuff/dlPFC/output/batched_registration_dotplot/summary.tsv
[2025-11-12 20:09:18] --------------------------------------------
[2025-11-12 20:09:18] Starting run 130 / 157: k100_seed31415_tol1e-07_L10.1
[2025-11-12 20:09:18] nmf_path: /zata/zippy/kresgeb/nmf_stuff/dlPFC/data/batched_nmf/nmf_k100_seed31415_tol1e-07_L10.1.rds
[2025-11-12 20:09:18] projection path: /zata/zippy/kresgeb/nmf_stuff/dlPFC/data/batched_projection/proj_k100_seed31415_tol1e-07_L10.1.rds
[2025-11-12 20:09:19] NMF matrix: 77604 rows, 100 cols
[2025-11-12 20:09:19] Duplicate NMF rownames: 0
[2025-11-12 20:09:19] Projection matrix: 113927 rows, 100 cols
[2025-11-12 20:09:19] Duplicate projection rownames: 4069
[2025-11-12 20:09:19] Attaching NMF matrix to SCE colData...
[2025-11-12 20:09:19] SCE colData rows: 77604, unique rownames: 77604
[2025-11-12 20:09:20] NMF matrix attached by row order
[2025-11-12 20:09:20] Attaching projection matrix to SPE colData...
[2025-11-12 20:09:20] SPE colData rows: 113927, unique rownames: 4991
[2025-11-12 20:09:21] Projection matrix attached by row order
[2025-11-12 20:09:21] Found 100 nmf patterns for plotting
[2025-11-12 20:09:21] Creating ECDF plot for nonzero NMF pattern weights...
[2025-11-12 20:09:21] Preparing data for dotplot of NMF pattern presence by cell type...
[2025-11-12 20:09:23] Computing specificity / entropy and GMM split...
[2025-11-12 20:09:23] Plotting entropy histogram with GMM cluster split...
[2025-11-12 20:09:23] Saved entropy split histogram plot.
DuckDB progress:   0%DuckDB progress:   0%                     [2025-11-12 20:09:24] Creating SRT projection dotplot of NMF patterns by anatomical domain...
[2025-11-12 20:09:26] Appended run summary to /zata/zippy/kresgeb/nmf_stuff/dlPFC/output/batched_registration_dotplot/summary.tsv
[2025-11-12 20:09:30] --------------------------------------------
[2025-11-12 20:09:30] Starting run 131 / 157: k10_seed120301_tol1e-07_L10.1
[2025-11-12 20:09:30] nmf_path: /zata/zippy/kresgeb/nmf_stuff/dlPFC/data/batched_nmf/nmf_k10_seed120301_tol1e-07_L10.1.rds
[2025-11-12 20:09:30] projection path: /zata/zippy/kresgeb/nmf_stuff/dlPFC/data/batched_projection/proj_k10_seed120301_tol1e-07_L10.1.rds
[2025-11-12 20:09:30] NMF matrix: 77604 rows, 10 cols
[2025-11-12 20:09:30] Duplicate NMF rownames: 0
[2025-11-12 20:09:30] Projection matrix: 113927 rows, 10 cols
[2025-11-12 20:09:30] Duplicate projection rownames: 4069
[2025-11-12 20:09:30] Attaching NMF matrix to SCE colData...
[2025-11-12 20:09:30] SCE colData rows: 77604, unique rownames: 77604
[2025-11-12 20:09:30] NMF matrix attached by row order
[2025-11-12 20:09:30] Attaching projection matrix to SPE colData...
[2025-11-12 20:09:30] SPE colData rows: 113927, unique rownames: 4991
[2025-11-12 20:09:31] Projection matrix attached by row order
[2025-11-12 20:09:31] Found 10 nmf patterns for plotting
[2025-11-12 20:09:31] Creating ECDF plot for nonzero NMF pattern weights...
[2025-11-12 20:09:31] Preparing data for dotplot of NMF pattern presence by cell type...
[2025-11-12 20:09:31] Computing specificity / entropy and GMM split...
[2025-11-12 20:09:31] Plotting entropy histogram with GMM cluster split...
[2025-11-12 20:09:32] Saved entropy split histogram plot.
DuckDB progress:   0%                     [2025-11-12 20:09:32] Creating SRT projection dotplot of NMF patterns by anatomical domain...
[2025-11-12 20:09:33] Appended run summary to /zata/zippy/kresgeb/nmf_stuff/dlPFC/output/batched_registration_dotplot/summary.tsv
[2025-11-12 20:09:35] --------------------------------------------
[2025-11-12 20:09:35] Starting run 132 / 157: k20_seed120301_tol1e-07_L10.1
[2025-11-12 20:09:35] nmf_path: /zata/zippy/kresgeb/nmf_stuff/dlPFC/data/batched_nmf/nmf_k20_seed120301_tol1e-07_L10.1.rds
[2025-11-12 20:09:35] projection path: /zata/zippy/kresgeb/nmf_stuff/dlPFC/data/batched_projection/proj_k20_seed120301_tol1e-07_L10.1.rds
[2025-11-12 20:09:36] NMF matrix: 77604 rows, 20 cols
[2025-11-12 20:09:36] Duplicate NMF rownames: 0
[2025-11-12 20:09:36] Projection matrix: 113927 rows, 20 cols
[2025-11-12 20:09:36] Duplicate projection rownames: 4069
[2025-11-12 20:09:36] Attaching NMF matrix to SCE colData...
[2025-11-12 20:09:36] SCE colData rows: 77604, unique rownames: 77604
[2025-11-12 20:09:36] NMF matrix attached by row order
[2025-11-12 20:09:36] Attaching projection matrix to SPE colData...
[2025-11-12 20:09:36] SPE colData rows: 113927, unique rownames: 4991
[2025-11-12 20:09:37] Projection matrix attached by row order
[2025-11-12 20:09:37] Found 20 nmf patterns for plotting
[2025-11-12 20:09:37] Creating ECDF plot for nonzero NMF pattern weights...
[2025-11-12 20:09:37] Preparing data for dotplot of NMF pattern presence by cell type...
[2025-11-12 20:09:38] Computing specificity / entropy and GMM split...
[2025-11-12 20:09:38] Plotting entropy histogram with GMM cluster split...
[2025-11-12 20:09:38] Saved entropy split histogram plot.
DuckDB progress:   0%                     [2025-11-12 20:09:38] Creating SRT projection dotplot of NMF patterns by anatomical domain...
[2025-11-12 20:09:40] Appended run summary to /zata/zippy/kresgeb/nmf_stuff/dlPFC/output/batched_registration_dotplot/summary.tsv
[2025-11-12 20:09:42] --------------------------------------------
[2025-11-12 20:09:42] Starting run 133 / 157: k30_seed120301_tol1e-07_L10.1
[2025-11-12 20:09:42] nmf_path: /zata/zippy/kresgeb/nmf_stuff/dlPFC/data/batched_nmf/nmf_k30_seed120301_tol1e-07_L10.1.rds
[2025-11-12 20:09:42] projection path: /zata/zippy/kresgeb/nmf_stuff/dlPFC/data/batched_projection/proj_k30_seed120301_tol1e-07_L10.1.rds
[2025-11-12 20:09:42] NMF matrix: 77604 rows, 30 cols
[2025-11-12 20:09:42] Duplicate NMF rownames: 0
[2025-11-12 20:09:43] Projection matrix: 113927 rows, 30 cols
[2025-11-12 20:09:43] Duplicate projection rownames: 4069
[2025-11-12 20:09:43] Attaching NMF matrix to SCE colData...
[2025-11-12 20:09:43] SCE colData rows: 77604, unique rownames: 77604
[2025-11-12 20:09:43] NMF matrix attached by row order
[2025-11-12 20:09:43] Attaching projection matrix to SPE colData...
[2025-11-12 20:09:43] SPE colData rows: 113927, unique rownames: 4991
[2025-11-12 20:09:44] Projection matrix attached by row order
[2025-11-12 20:09:44] Found 30 nmf patterns for plotting
[2025-11-12 20:09:44] Creating ECDF plot for nonzero NMF pattern weights...
[2025-11-12 20:09:44] Preparing data for dotplot of NMF pattern presence by cell type...
[2025-11-12 20:09:44] Computing specificity / entropy and GMM split...
[2025-11-12 20:09:44] Plotting entropy histogram with GMM cluster split...
[2025-11-12 20:09:45] Saved entropy split histogram plot.
DuckDB progress:   0%                     [2025-11-12 20:09:45] Creating SRT projection dotplot of NMF patterns by anatomical domain...
[2025-11-12 20:09:47] Appended run summary to /zata/zippy/kresgeb/nmf_stuff/dlPFC/output/batched_registration_dotplot/summary.tsv
[2025-11-12 20:09:50] --------------------------------------------
[2025-11-12 20:09:50] Starting run 134 / 157: k40_seed120301_tol1e-07_L10.1
[2025-11-12 20:09:50] nmf_path: /zata/zippy/kresgeb/nmf_stuff/dlPFC/data/batched_nmf/nmf_k40_seed120301_tol1e-07_L10.1.rds
[2025-11-12 20:09:50] projection path: /zata/zippy/kresgeb/nmf_stuff/dlPFC/data/batched_projection/proj_k40_seed120301_tol1e-07_L10.1.rds
[2025-11-12 20:09:51] NMF matrix: 77604 rows, 40 cols
[2025-11-12 20:09:51] Duplicate NMF rownames: 0
[2025-11-12 20:09:51] Projection matrix: 113927 rows, 40 cols
[2025-11-12 20:09:51] Duplicate projection rownames: 4069
[2025-11-12 20:09:51] Attaching NMF matrix to SCE colData...
[2025-11-12 20:09:51] SCE colData rows: 77604, unique rownames: 77604
[2025-11-12 20:09:51] NMF matrix attached by row order
[2025-11-12 20:09:51] Attaching projection matrix to SPE colData...
[2025-11-12 20:09:51] SPE colData rows: 113927, unique rownames: 4991
[2025-11-12 20:09:52] Projection matrix attached by row order
[2025-11-12 20:09:52] Found 40 nmf patterns for plotting
[2025-11-12 20:09:52] Creating ECDF plot for nonzero NMF pattern weights...
[2025-11-12 20:09:52] Preparing data for dotplot of NMF pattern presence by cell type...
[2025-11-12 20:09:53] Computing specificity / entropy and GMM split...
[2025-11-12 20:09:53] Plotting entropy histogram with GMM cluster split...
[2025-11-12 20:09:53] Saved entropy split histogram plot.
DuckDB progress:   0%                     [2025-11-12 20:09:54] Creating SRT projection dotplot of NMF patterns by anatomical domain...
[2025-11-12 20:09:56] Appended run summary to /zata/zippy/kresgeb/nmf_stuff/dlPFC/output/batched_registration_dotplot/summary.tsv
[2025-11-12 20:09:58] --------------------------------------------
[2025-11-12 20:09:58] Starting run 135 / 157: k50_seed120301_tol1e-07_L10.1
[2025-11-12 20:09:58] nmf_path: /zata/zippy/kresgeb/nmf_stuff/dlPFC/data/batched_nmf/nmf_k50_seed120301_tol1e-07_L10.1.rds
[2025-11-12 20:09:58] projection path: /zata/zippy/kresgeb/nmf_stuff/dlPFC/data/batched_projection/proj_k50_seed120301_tol1e-07_L10.1.rds
[2025-11-12 20:09:58] NMF matrix: 77604 rows, 50 cols
[2025-11-12 20:09:58] Duplicate NMF rownames: 0
[2025-11-12 20:09:59] Projection matrix: 113927 rows, 50 cols
[2025-11-12 20:09:59] Duplicate projection rownames: 4069
[2025-11-12 20:09:59] Attaching NMF matrix to SCE colData...
[2025-11-12 20:09:59] SCE colData rows: 77604, unique rownames: 77604
[2025-11-12 20:09:59] NMF matrix attached by row order
[2025-11-12 20:09:59] Attaching projection matrix to SPE colData...
[2025-11-12 20:09:59] SPE colData rows: 113927, unique rownames: 4991
[2025-11-12 20:10:00] Projection matrix attached by row order
[2025-11-12 20:10:00] Found 50 nmf patterns for plotting
[2025-11-12 20:10:00] Creating ECDF plot for nonzero NMF pattern weights...
[2025-11-12 20:10:00] Preparing data for dotplot of NMF pattern presence by cell type...
[2025-11-12 20:10:01] Computing specificity / entropy and GMM split...
[2025-11-12 20:10:01] Plotting entropy histogram with GMM cluster split...
[2025-11-12 20:10:01] Saved entropy split histogram plot.
DuckDB progress:   0%                     [2025-11-12 20:10:02] Creating SRT projection dotplot of NMF patterns by anatomical domain...
[2025-11-12 20:10:04] Appended run summary to /zata/zippy/kresgeb/nmf_stuff/dlPFC/output/batched_registration_dotplot/summary.tsv
[2025-11-12 20:10:06] --------------------------------------------
[2025-11-12 20:10:06] Starting run 136 / 157: k60_seed120301_tol1e-07_L10.1
[2025-11-12 20:10:06] nmf_path: /zata/zippy/kresgeb/nmf_stuff/dlPFC/data/batched_nmf/nmf_k60_seed120301_tol1e-07_L10.1.rds
[2025-11-12 20:10:06] projection path: /zata/zippy/kresgeb/nmf_stuff/dlPFC/data/batched_projection/proj_k60_seed120301_tol1e-07_L10.1.rds
[2025-11-12 20:10:07] NMF matrix: 77604 rows, 60 cols
[2025-11-12 20:10:07] Duplicate NMF rownames: 0
[2025-11-12 20:10:07] Projection matrix: 113927 rows, 60 cols
[2025-11-12 20:10:07] Duplicate projection rownames: 4069
[2025-11-12 20:10:07] Attaching NMF matrix to SCE colData...
[2025-11-12 20:10:07] SCE colData rows: 77604, unique rownames: 77604
[2025-11-12 20:10:07] NMF matrix attached by row order
[2025-11-12 20:10:07] Attaching projection matrix to SPE colData...
[2025-11-12 20:10:07] SPE colData rows: 113927, unique rownames: 4991
[2025-11-12 20:10:08] Projection matrix attached by row order
[2025-11-12 20:10:08] Found 60 nmf patterns for plotting
[2025-11-12 20:10:08] Creating ECDF plot for nonzero NMF pattern weights...
[2025-11-12 20:10:08] Preparing data for dotplot of NMF pattern presence by cell type...
[2025-11-12 20:10:09] Computing specificity / entropy and GMM split...
[2025-11-12 20:10:09] Plotting entropy histogram with GMM cluster split...
[2025-11-12 20:10:10] Saved entropy split histogram plot.
DuckDB progress:   0%                     [2025-11-12 20:10:10] Creating SRT projection dotplot of NMF patterns by anatomical domain...
[2025-11-12 20:10:13] Appended run summary to /zata/zippy/kresgeb/nmf_stuff/dlPFC/output/batched_registration_dotplot/summary.tsv
[2025-11-12 20:10:16] --------------------------------------------
[2025-11-12 20:10:16] Starting run 137 / 157: k70_seed120301_tol1e-07_L10.1
[2025-11-12 20:10:16] nmf_path: /zata/zippy/kresgeb/nmf_stuff/dlPFC/data/batched_nmf/nmf_k70_seed120301_tol1e-07_L10.1.rds
[2025-11-12 20:10:16] projection path: /zata/zippy/kresgeb/nmf_stuff/dlPFC/data/batched_projection/proj_k70_seed120301_tol1e-07_L10.1.rds
[2025-11-12 20:10:17] NMF matrix: 77604 rows, 70 cols
[2025-11-12 20:10:17] Duplicate NMF rownames: 0
[2025-11-12 20:10:17] Projection matrix: 113927 rows, 70 cols
[2025-11-12 20:10:17] Duplicate projection rownames: 4069
[2025-11-12 20:10:17] Attaching NMF matrix to SCE colData...
[2025-11-12 20:10:17] SCE colData rows: 77604, unique rownames: 77604
[2025-11-12 20:10:17] NMF matrix attached by row order
[2025-11-12 20:10:17] Attaching projection matrix to SPE colData...
[2025-11-12 20:10:17] SPE colData rows: 113927, unique rownames: 4991
[2025-11-12 20:10:18] Projection matrix attached by row order
[2025-11-12 20:10:18] Found 70 nmf patterns for plotting
[2025-11-12 20:10:18] Creating ECDF plot for nonzero NMF pattern weights...
[2025-11-12 20:10:19] Preparing data for dotplot of NMF pattern presence by cell type...
[2025-11-12 20:10:20] Computing specificity / entropy and GMM split...
[2025-11-12 20:10:20] Plotting entropy histogram with GMM cluster split...
[2025-11-12 20:10:20] Saved entropy split histogram plot.
DuckDB progress:   0%                     [2025-11-12 20:10:21] Creating SRT projection dotplot of NMF patterns by anatomical domain...
[2025-11-12 20:10:23] Appended run summary to /zata/zippy/kresgeb/nmf_stuff/dlPFC/output/batched_registration_dotplot/summary.tsv
[2025-11-12 20:10:25] --------------------------------------------
[2025-11-12 20:10:25] Starting run 138 / 157: k80_seed120301_tol1e-07_L10.1
[2025-11-12 20:10:25] nmf_path: /zata/zippy/kresgeb/nmf_stuff/dlPFC/data/batched_nmf/nmf_k80_seed120301_tol1e-07_L10.1.rds
[2025-11-12 20:10:25] projection path: /zata/zippy/kresgeb/nmf_stuff/dlPFC/data/batched_projection/proj_k80_seed120301_tol1e-07_L10.1.rds
[2025-11-12 20:10:26] NMF matrix: 77604 rows, 80 cols
[2025-11-12 20:10:26] Duplicate NMF rownames: 0
[2025-11-12 20:10:26] Projection matrix: 113927 rows, 80 cols
[2025-11-12 20:10:26] Duplicate projection rownames: 4069
[2025-11-12 20:10:26] Attaching NMF matrix to SCE colData...
[2025-11-12 20:10:26] SCE colData rows: 77604, unique rownames: 77604
[2025-11-12 20:10:26] NMF matrix attached by row order
[2025-11-12 20:10:26] Attaching projection matrix to SPE colData...
[2025-11-12 20:10:26] SPE colData rows: 113927, unique rownames: 4991
[2025-11-12 20:10:27] Projection matrix attached by row order
[2025-11-12 20:10:27] Found 80 nmf patterns for plotting
[2025-11-12 20:10:27] Creating ECDF plot for nonzero NMF pattern weights...
[2025-11-12 20:10:28] Preparing data for dotplot of NMF pattern presence by cell type...
[2025-11-12 20:10:29] Computing specificity / entropy and GMM split...
[2025-11-12 20:10:29] Plotting entropy histogram with GMM cluster split...
[2025-11-12 20:10:29] Saved entropy split histogram plot.
DuckDB progress:   0%                     [2025-11-12 20:10:30] Creating SRT projection dotplot of NMF patterns by anatomical domain...
[2025-11-12 20:10:32] Appended run summary to /zata/zippy/kresgeb/nmf_stuff/dlPFC/output/batched_registration_dotplot/summary.tsv
[2025-11-12 20:10:35] --------------------------------------------
[2025-11-12 20:10:35] Starting run 139 / 157: k90_seed120301_tol1e-07_L10.1
[2025-11-12 20:10:35] nmf_path: /zata/zippy/kresgeb/nmf_stuff/dlPFC/data/batched_nmf/nmf_k90_seed120301_tol1e-07_L10.1.rds
[2025-11-12 20:10:35] projection path: /zata/zippy/kresgeb/nmf_stuff/dlPFC/data/batched_projection/proj_k90_seed120301_tol1e-07_L10.1.rds
[2025-11-12 20:10:36] NMF matrix: 77604 rows, 90 cols
[2025-11-12 20:10:36] Duplicate NMF rownames: 0
[2025-11-12 20:10:36] Projection matrix: 113927 rows, 90 cols
[2025-11-12 20:10:36] Duplicate projection rownames: 4069
[2025-11-12 20:10:36] Attaching NMF matrix to SCE colData...
[2025-11-12 20:10:36] SCE colData rows: 77604, unique rownames: 77604
[2025-11-12 20:10:36] NMF matrix attached by row order
[2025-11-12 20:10:36] Attaching projection matrix to SPE colData...
[2025-11-12 20:10:36] SPE colData rows: 113927, unique rownames: 4991
[2025-11-12 20:10:38] Projection matrix attached by row order
[2025-11-12 20:10:38] Found 90 nmf patterns for plotting
[2025-11-12 20:10:38] Creating ECDF plot for nonzero NMF pattern weights...
[2025-11-12 20:10:38] Preparing data for dotplot of NMF pattern presence by cell type...
[2025-11-12 20:10:40] Computing specificity / entropy and GMM split...
[2025-11-12 20:10:40] Plotting entropy histogram with GMM cluster split...
[2025-11-12 20:10:40] Saved entropy split histogram plot.
DuckDB progress:   0%DuckDB progress:   0%                     [2025-11-12 20:10:41] Creating SRT projection dotplot of NMF patterns by anatomical domain...
[2025-11-12 20:10:44] Appended run summary to /zata/zippy/kresgeb/nmf_stuff/dlPFC/output/batched_registration_dotplot/summary.tsv
[2025-11-12 20:10:46] --------------------------------------------
[2025-11-12 20:10:46] Starting run 140 / 157: k100_seed120301_tol1e-07_L10.1
[2025-11-12 20:10:46] nmf_path: /zata/zippy/kresgeb/nmf_stuff/dlPFC/data/batched_nmf/nmf_k100_seed120301_tol1e-07_L10.1.rds
[2025-11-12 20:10:46] projection path: /zata/zippy/kresgeb/nmf_stuff/dlPFC/data/batched_projection/proj_k100_seed120301_tol1e-07_L10.1.rds
[2025-11-12 20:10:47] NMF matrix: 77604 rows, 100 cols
[2025-11-12 20:10:47] Duplicate NMF rownames: 0
[2025-11-12 20:10:47] Projection matrix: 113927 rows, 100 cols
[2025-11-12 20:10:47] Duplicate projection rownames: 4069
[2025-11-12 20:10:47] Attaching NMF matrix to SCE colData...
[2025-11-12 20:10:47] SCE colData rows: 77604, unique rownames: 77604
[2025-11-12 20:10:48] NMF matrix attached by row order
[2025-11-12 20:10:48] Attaching projection matrix to SPE colData...
[2025-11-12 20:10:48] SPE colData rows: 113927, unique rownames: 4991
[2025-11-12 20:10:49] Projection matrix attached by row order
[2025-11-12 20:10:49] Found 100 nmf patterns for plotting
[2025-11-12 20:10:49] Creating ECDF plot for nonzero NMF pattern weights...
[2025-11-12 20:10:49] Preparing data for dotplot of NMF pattern presence by cell type...
[2025-11-12 20:10:51] Computing specificity / entropy and GMM split...
[2025-11-12 20:10:51] Plotting entropy histogram with GMM cluster split...
[2025-11-12 20:10:51] Saved entropy split histogram plot.
DuckDB progress:   0%                     [2025-11-12 20:10:52] Creating SRT projection dotplot of NMF patterns by anatomical domain...
[2025-11-12 20:10:55] Appended run summary to /zata/zippy/kresgeb/nmf_stuff/dlPFC/output/batched_registration_dotplot/summary.tsv
[2025-11-12 20:10:57] --------------------------------------------
[2025-11-12 20:10:57] Starting run 141 / 157: k10_seed2025_tol1e-07_L10.1
[2025-11-12 20:10:57] nmf_path: /zata/zippy/kresgeb/nmf_stuff/dlPFC/data/batched_nmf/nmf_k10_seed2025_tol1e-07_L10.1.rds
[2025-11-12 20:10:57] projection path: /zata/zippy/kresgeb/nmf_stuff/dlPFC/data/batched_projection/proj_k10_seed2025_tol1e-07_L10.1.rds
[2025-11-12 20:10:58] NMF matrix: 77604 rows, 10 cols
[2025-11-12 20:10:58] Duplicate NMF rownames: 0
[2025-11-12 20:10:58] Projection matrix: 113927 rows, 10 cols
[2025-11-12 20:10:58] Duplicate projection rownames: 4069
[2025-11-12 20:10:58] Attaching NMF matrix to SCE colData...
[2025-11-12 20:10:58] SCE colData rows: 77604, unique rownames: 77604
[2025-11-12 20:10:58] NMF matrix attached by row order
[2025-11-12 20:10:58] Attaching projection matrix to SPE colData...
[2025-11-12 20:10:58] SPE colData rows: 113927, unique rownames: 4991
[2025-11-12 20:11:00] Projection matrix attached by row order
[2025-11-12 20:11:00] Found 10 nmf patterns for plotting
[2025-11-12 20:11:00] Creating ECDF plot for nonzero NMF pattern weights...
[2025-11-12 20:11:00] Preparing data for dotplot of NMF pattern presence by cell type...
[2025-11-12 20:11:01] Computing specificity / entropy and GMM split...
[2025-11-12 20:11:01] Plotting entropy histogram with GMM cluster split...
[2025-11-12 20:11:01] Saved entropy split histogram plot.
                     [2025-11-12 20:11:03] Creating SRT projection dotplot of NMF patterns by anatomical domain...
[2025-11-12 20:11:04] Appended run summary to /zata/zippy/kresgeb/nmf_stuff/dlPFC/output/batched_registration_dotplot/summary.tsv
[2025-11-12 20:11:07] --------------------------------------------
[2025-11-12 20:11:07] Starting run 142 / 157: k20_seed2025_tol1e-07_L10.1
[2025-11-12 20:11:07] nmf_path: /zata/zippy/kresgeb/nmf_stuff/dlPFC/data/batched_nmf/nmf_k20_seed2025_tol1e-07_L10.1.rds
[2025-11-12 20:11:07] projection path: /zata/zippy/kresgeb/nmf_stuff/dlPFC/data/batched_projection/proj_k20_seed2025_tol1e-07_L10.1.rds
[2025-11-12 20:11:08] NMF matrix: 77604 rows, 20 cols
[2025-11-12 20:11:08] Duplicate NMF rownames: 0
[2025-11-12 20:11:08] Projection matrix: 113927 rows, 20 cols
[2025-11-12 20:11:08] Duplicate projection rownames: 4069
[2025-11-12 20:11:08] Attaching NMF matrix to SCE colData...
[2025-11-12 20:11:08] SCE colData rows: 77604, unique rownames: 77604
[2025-11-12 20:11:08] NMF matrix attached by row order
[2025-11-12 20:11:08] Attaching projection matrix to SPE colData...
[2025-11-12 20:11:08] SPE colData rows: 113927, unique rownames: 4991
[2025-11-12 20:11:09] Projection matrix attached by row order
[2025-11-12 20:11:09] Found 20 nmf patterns for plotting
[2025-11-12 20:11:09] Creating ECDF plot for nonzero NMF pattern weights...
[2025-11-12 20:11:10] Preparing data for dotplot of NMF pattern presence by cell type...
[2025-11-12 20:11:10] Computing specificity / entropy and GMM split...
[2025-11-12 20:11:10] Plotting entropy histogram with GMM cluster split...
[2025-11-12 20:11:11] Saved entropy split histogram plot.
DuckDB progress:   0%                     [2025-11-12 20:11:11] Creating SRT projection dotplot of NMF patterns by anatomical domain...
[2025-11-12 20:11:13] Appended run summary to /zata/zippy/kresgeb/nmf_stuff/dlPFC/output/batched_registration_dotplot/summary.tsv
[2025-11-12 20:11:17] --------------------------------------------
[2025-11-12 20:11:17] Starting run 143 / 157: k30_seed2025_tol1e-07_L10.1
[2025-11-12 20:11:17] nmf_path: /zata/zippy/kresgeb/nmf_stuff/dlPFC/data/batched_nmf/nmf_k30_seed2025_tol1e-07_L10.1.rds
[2025-11-12 20:11:17] projection path: /zata/zippy/kresgeb/nmf_stuff/dlPFC/data/batched_projection/proj_k30_seed2025_tol1e-07_L10.1.rds
[2025-11-12 20:11:17] NMF matrix: 77604 rows, 30 cols
[2025-11-12 20:11:17] Duplicate NMF rownames: 0
[2025-11-12 20:11:18] Projection matrix: 113927 rows, 30 cols
[2025-11-12 20:11:18] Duplicate projection rownames: 4069
[2025-11-12 20:11:18] Attaching NMF matrix to SCE colData...
[2025-11-12 20:11:18] SCE colData rows: 77604, unique rownames: 77604
[2025-11-12 20:11:18] NMF matrix attached by row order
[2025-11-12 20:11:18] Attaching projection matrix to SPE colData...
[2025-11-12 20:11:18] SPE colData rows: 113927, unique rownames: 4991
[2025-11-12 20:11:19] Projection matrix attached by row order
[2025-11-12 20:11:19] Found 30 nmf patterns for plotting
[2025-11-12 20:11:19] Creating ECDF plot for nonzero NMF pattern weights...
[2025-11-12 20:11:19] Preparing data for dotplot of NMF pattern presence by cell type...
[2025-11-12 20:11:20] Computing specificity / entropy and GMM split...
[2025-11-12 20:11:20] Plotting entropy histogram with GMM cluster split...
[2025-11-12 20:11:20] Saved entropy split histogram plot.
DuckDB progress:   0%                     [2025-11-12 20:11:21] Creating SRT projection dotplot of NMF patterns by anatomical domain...
[2025-11-12 20:11:23] Appended run summary to /zata/zippy/kresgeb/nmf_stuff/dlPFC/output/batched_registration_dotplot/summary.tsv
[2025-11-12 20:11:27] --------------------------------------------
[2025-11-12 20:11:27] Starting run 144 / 157: k40_seed2025_tol1e-07_L10.1
[2025-11-12 20:11:27] nmf_path: /zata/zippy/kresgeb/nmf_stuff/dlPFC/data/batched_nmf/nmf_k40_seed2025_tol1e-07_L10.1.rds
[2025-11-12 20:11:27] projection path: /zata/zippy/kresgeb/nmf_stuff/dlPFC/data/batched_projection/proj_k40_seed2025_tol1e-07_L10.1.rds
[2025-11-12 20:11:27] NMF matrix: 77604 rows, 40 cols
[2025-11-12 20:11:27] Duplicate NMF rownames: 0
[2025-11-12 20:11:27] Projection matrix: 113927 rows, 40 cols
[2025-11-12 20:11:27] Duplicate projection rownames: 4069
[2025-11-12 20:11:27] Attaching NMF matrix to SCE colData...
[2025-11-12 20:11:27] SCE colData rows: 77604, unique rownames: 77604
[2025-11-12 20:11:28] NMF matrix attached by row order
[2025-11-12 20:11:28] Attaching projection matrix to SPE colData...
[2025-11-12 20:11:28] SPE colData rows: 113927, unique rownames: 4991
[2025-11-12 20:11:29] Projection matrix attached by row order
[2025-11-12 20:11:29] Found 40 nmf patterns for plotting
[2025-11-12 20:11:29] Creating ECDF plot for nonzero NMF pattern weights...
[2025-11-12 20:11:29] Preparing data for dotplot of NMF pattern presence by cell type...
[2025-11-12 20:11:30] Computing specificity / entropy and GMM split...
[2025-11-12 20:11:30] Plotting entropy histogram with GMM cluster split...
[2025-11-12 20:11:31] Saved entropy split histogram plot.
DuckDB progress:   0%DuckDB progress:   0%                     [2025-11-12 20:11:31] Creating SRT projection dotplot of NMF patterns by anatomical domain...
[2025-11-12 20:11:34] Appended run summary to /zata/zippy/kresgeb/nmf_stuff/dlPFC/output/batched_registration_dotplot/summary.tsv
[2025-11-12 20:11:38] --------------------------------------------
[2025-11-12 20:11:38] Starting run 145 / 157: k50_seed2025_tol1e-07_L10.1
[2025-11-12 20:11:38] nmf_path: /zata/zippy/kresgeb/nmf_stuff/dlPFC/data/batched_nmf/nmf_k50_seed2025_tol1e-07_L10.1.rds
[2025-11-12 20:11:38] projection path: /zata/zippy/kresgeb/nmf_stuff/dlPFC/data/batched_projection/proj_k50_seed2025_tol1e-07_L10.1.rds
[2025-11-12 20:11:38] NMF matrix: 77604 rows, 50 cols
[2025-11-12 20:11:38] Duplicate NMF rownames: 0
[2025-11-12 20:11:38] Projection matrix: 113927 rows, 50 cols
[2025-11-12 20:11:38] Duplicate projection rownames: 4069
[2025-11-12 20:11:38] Attaching NMF matrix to SCE colData...
[2025-11-12 20:11:38] SCE colData rows: 77604, unique rownames: 77604
[2025-11-12 20:11:38] NMF matrix attached by row order
[2025-11-12 20:11:38] Attaching projection matrix to SPE colData...
[2025-11-12 20:11:38] SPE colData rows: 113927, unique rownames: 4991
[2025-11-12 20:11:39] Projection matrix attached by row order
[2025-11-12 20:11:39] Found 50 nmf patterns for plotting
[2025-11-12 20:11:39] Creating ECDF plot for nonzero NMF pattern weights...
[2025-11-12 20:11:40] Preparing data for dotplot of NMF pattern presence by cell type...
[2025-11-12 20:11:41] Computing specificity / entropy and GMM split...
[2025-11-12 20:11:41] Plotting entropy histogram with GMM cluster split...
[2025-11-12 20:11:41] Saved entropy split histogram plot.
DuckDB progress:   0%                     [2025-11-12 20:11:41] Creating SRT projection dotplot of NMF patterns by anatomical domain...
[2025-11-12 20:11:44] Appended run summary to /zata/zippy/kresgeb/nmf_stuff/dlPFC/output/batched_registration_dotplot/summary.tsv
[2025-11-12 20:11:47] --------------------------------------------
[2025-11-12 20:11:47] Starting run 146 / 157: k60_seed2025_tol1e-07_L10.1
[2025-11-12 20:11:47] nmf_path: /zata/zippy/kresgeb/nmf_stuff/dlPFC/data/batched_nmf/nmf_k60_seed2025_tol1e-07_L10.1.rds
[2025-11-12 20:11:47] projection path: /zata/zippy/kresgeb/nmf_stuff/dlPFC/data/batched_projection/proj_k60_seed2025_tol1e-07_L10.1.rds
[2025-11-12 20:11:47] NMF matrix: 77604 rows, 60 cols
[2025-11-12 20:11:47] Duplicate NMF rownames: 0
[2025-11-12 20:11:48] Projection matrix: 113927 rows, 60 cols
[2025-11-12 20:11:48] Duplicate projection rownames: 4069
[2025-11-12 20:11:48] Attaching NMF matrix to SCE colData...
[2025-11-12 20:11:48] SCE colData rows: 77604, unique rownames: 77604
[2025-11-12 20:11:48] NMF matrix attached by row order
[2025-11-12 20:11:48] Attaching projection matrix to SPE colData...
[2025-11-12 20:11:48] SPE colData rows: 113927, unique rownames: 4991
[2025-11-12 20:11:49] Projection matrix attached by row order
[2025-11-12 20:11:49] Found 60 nmf patterns for plotting
[2025-11-12 20:11:49] Creating ECDF plot for nonzero NMF pattern weights...
[2025-11-12 20:11:49] Preparing data for dotplot of NMF pattern presence by cell type...
[2025-11-12 20:11:51] Computing specificity / entropy and GMM split...
[2025-11-12 20:11:51] Plotting entropy histogram with GMM cluster split...
[2025-11-12 20:11:51] Saved entropy split histogram plot.
DuckDB progress:   0%DuckDB progress:   0%                     [2025-11-12 20:11:51] Creating SRT projection dotplot of NMF patterns by anatomical domain...
[2025-11-12 20:11:54] Appended run summary to /zata/zippy/kresgeb/nmf_stuff/dlPFC/output/batched_registration_dotplot/summary.tsv
[2025-11-12 20:11:56] --------------------------------------------
[2025-11-12 20:11:56] Starting run 147 / 157: k70_seed2025_tol1e-07_L10.1
[2025-11-12 20:11:56] nmf_path: /zata/zippy/kresgeb/nmf_stuff/dlPFC/data/batched_nmf/nmf_k70_seed2025_tol1e-07_L10.1.rds
[2025-11-12 20:11:56] projection path: /zata/zippy/kresgeb/nmf_stuff/dlPFC/data/batched_projection/proj_k70_seed2025_tol1e-07_L10.1.rds
[2025-11-12 20:11:57] NMF matrix: 77604 rows, 70 cols
[2025-11-12 20:11:57] Duplicate NMF rownames: 0
[2025-11-12 20:11:57] Projection matrix: 113927 rows, 70 cols
[2025-11-12 20:11:57] Duplicate projection rownames: 4069
[2025-11-12 20:11:57] Attaching NMF matrix to SCE colData...
[2025-11-12 20:11:57] SCE colData rows: 77604, unique rownames: 77604
[2025-11-12 20:11:57] NMF matrix attached by row order
[2025-11-12 20:11:57] Attaching projection matrix to SPE colData...
[2025-11-12 20:11:57] SPE colData rows: 113927, unique rownames: 4991
[2025-11-12 20:11:58] Projection matrix attached by row order
[2025-11-12 20:11:58] Found 70 nmf patterns for plotting
[2025-11-12 20:11:58] Creating ECDF plot for nonzero NMF pattern weights...
[2025-11-12 20:11:58] Preparing data for dotplot of NMF pattern presence by cell type...
[2025-11-12 20:11:59] Computing specificity / entropy and GMM split...
[2025-11-12 20:12:00] Plotting entropy histogram with GMM cluster split...
[2025-11-12 20:12:00] Saved entropy split histogram plot.
DuckDB progress:   0%                     [2025-11-12 20:12:00] Creating SRT projection dotplot of NMF patterns by anatomical domain...
[2025-11-12 20:12:03] Appended run summary to /zata/zippy/kresgeb/nmf_stuff/dlPFC/output/batched_registration_dotplot/summary.tsv
[2025-11-12 20:12:05] --------------------------------------------
[2025-11-12 20:12:05] Starting run 148 / 157: k80_seed2025_tol1e-07_L10.1
[2025-11-12 20:12:05] nmf_path: /zata/zippy/kresgeb/nmf_stuff/dlPFC/data/batched_nmf/nmf_k80_seed2025_tol1e-07_L10.1.rds
[2025-11-12 20:12:05] projection path: /zata/zippy/kresgeb/nmf_stuff/dlPFC/data/batched_projection/proj_k80_seed2025_tol1e-07_L10.1.rds
[2025-11-12 20:12:06] NMF matrix: 77604 rows, 80 cols
[2025-11-12 20:12:06] Duplicate NMF rownames: 0
[2025-11-12 20:12:06] Projection matrix: 113927 rows, 80 cols
[2025-11-12 20:12:06] Duplicate projection rownames: 4069
[2025-11-12 20:12:06] Attaching NMF matrix to SCE colData...
[2025-11-12 20:12:06] SCE colData rows: 77604, unique rownames: 77604
[2025-11-12 20:12:06] NMF matrix attached by row order
[2025-11-12 20:12:06] Attaching projection matrix to SPE colData...
[2025-11-12 20:12:06] SPE colData rows: 113927, unique rownames: 4991
[2025-11-12 20:12:08] Projection matrix attached by row order
[2025-11-12 20:12:08] Found 80 nmf patterns for plotting
[2025-11-12 20:12:08] Creating ECDF plot for nonzero NMF pattern weights...
[2025-11-12 20:12:08] Preparing data for dotplot of NMF pattern presence by cell type...
[2025-11-12 20:12:09] Computing specificity / entropy and GMM split...
[2025-11-12 20:12:09] Plotting entropy histogram with GMM cluster split...
[2025-11-12 20:12:09] Saved entropy split histogram plot.
DuckDB progress:   0%DuckDB progress:   0%                     [2025-11-12 20:12:10] Creating SRT projection dotplot of NMF patterns by anatomical domain...
[2025-11-12 20:12:12] Appended run summary to /zata/zippy/kresgeb/nmf_stuff/dlPFC/output/batched_registration_dotplot/summary.tsv
[2025-11-12 20:12:15] --------------------------------------------
[2025-11-12 20:12:15] Starting run 149 / 157: k90_seed2025_tol1e-07_L10.1
[2025-11-12 20:12:15] nmf_path: /zata/zippy/kresgeb/nmf_stuff/dlPFC/data/batched_nmf/nmf_k90_seed2025_tol1e-07_L10.1.rds
[2025-11-12 20:12:15] projection path: /zata/zippy/kresgeb/nmf_stuff/dlPFC/data/batched_projection/proj_k90_seed2025_tol1e-07_L10.1.rds
[2025-11-12 20:12:16] NMF matrix: 77604 rows, 90 cols
[2025-11-12 20:12:16] Duplicate NMF rownames: 0
[2025-11-12 20:12:16] Projection matrix: 113927 rows, 90 cols
[2025-11-12 20:12:16] Duplicate projection rownames: 4069
[2025-11-12 20:12:16] Attaching NMF matrix to SCE colData...
[2025-11-12 20:12:16] SCE colData rows: 77604, unique rownames: 77604
[2025-11-12 20:12:16] NMF matrix attached by row order
[2025-11-12 20:12:16] Attaching projection matrix to SPE colData...
[2025-11-12 20:12:16] SPE colData rows: 113927, unique rownames: 4991
[2025-11-12 20:12:17] Projection matrix attached by row order
[2025-11-12 20:12:17] Found 90 nmf patterns for plotting
[2025-11-12 20:12:17] Creating ECDF plot for nonzero NMF pattern weights...
[2025-11-12 20:12:18] Preparing data for dotplot of NMF pattern presence by cell type...
[2025-11-12 20:12:19] Computing specificity / entropy and GMM split...
[2025-11-12 20:12:19] Plotting entropy histogram with GMM cluster split...
[2025-11-12 20:12:19] Saved entropy split histogram plot.
DuckDB progress:   0%                     [2025-11-12 20:12:20] Creating SRT projection dotplot of NMF patterns by anatomical domain...
[2025-11-12 20:12:23] Appended run summary to /zata/zippy/kresgeb/nmf_stuff/dlPFC/output/batched_registration_dotplot/summary.tsv
[2025-11-12 20:12:26] --------------------------------------------
[2025-11-12 20:12:26] Starting run 150 / 157: k100_seed2025_tol1e-07_L10.1
[2025-11-12 20:12:26] nmf_path: /zata/zippy/kresgeb/nmf_stuff/dlPFC/data/batched_nmf/nmf_k100_seed2025_tol1e-07_L10.1.rds
[2025-11-12 20:12:26] projection path: /zata/zippy/kresgeb/nmf_stuff/dlPFC/data/batched_projection/proj_k100_seed2025_tol1e-07_L10.1.rds
[2025-11-12 20:12:27] NMF matrix: 77604 rows, 100 cols
[2025-11-12 20:12:27] Duplicate NMF rownames: 0
[2025-11-12 20:12:27] Projection matrix: 113927 rows, 100 cols
[2025-11-12 20:12:27] Duplicate projection rownames: 4069
[2025-11-12 20:12:27] Attaching NMF matrix to SCE colData...
[2025-11-12 20:12:27] SCE colData rows: 77604, unique rownames: 77604
[2025-11-12 20:12:28] NMF matrix attached by row order
[2025-11-12 20:12:28] Attaching projection matrix to SPE colData...
[2025-11-12 20:12:28] SPE colData rows: 113927, unique rownames: 4991
[2025-11-12 20:12:29] Projection matrix attached by row order
[2025-11-12 20:12:29] Found 100 nmf patterns for plotting
[2025-11-12 20:12:29] Creating ECDF plot for nonzero NMF pattern weights...
[2025-11-12 20:12:29] Preparing data for dotplot of NMF pattern presence by cell type...
[2025-11-12 20:12:32] Computing specificity / entropy and GMM split...
[2025-11-12 20:12:32] Plotting entropy histogram with GMM cluster split...
[2025-11-12 20:12:32] Saved entropy split histogram plot.
DuckDB progress:   0%                     [2025-11-12 20:12:32] Creating SRT projection dotplot of NMF patterns by anatomical domain...
[2025-11-12 20:12:35] Appended run summary to /zata/zippy/kresgeb/nmf_stuff/dlPFC/output/batched_registration_dotplot/summary.tsv
[2025-11-12 20:12:37] --------------------------------------------
[2025-11-12 20:12:37] Starting run 151 / 157: k10_seed42_tol1e-05_L10.0
[2025-11-12 20:12:37] nmf_path: /zata/zippy/kresgeb/nmf_stuff/dlPFC/data/batched_nmf/nmf_k10_seed42_tol1e-05_L10.0.rds
[2025-11-12 20:12:37] projection path: /zata/zippy/kresgeb/nmf_stuff/dlPFC/data/batched_projection/proj_k10_seed42_tol1e-05_L10.0.rds
[2025-11-12 20:12:37] NMF matrix: 77604 rows, 10 cols
[2025-11-12 20:12:37] Duplicate NMF rownames: 0
[2025-11-12 20:12:37] Projection matrix: 113927 rows, 10 cols
[2025-11-12 20:12:37] Duplicate projection rownames: 4069
[2025-11-12 20:12:37] Attaching NMF matrix to SCE colData...
[2025-11-12 20:12:37] SCE colData rows: 77604, unique rownames: 77604
[2025-11-12 20:12:37] NMF matrix attached by row order
[2025-11-12 20:12:37] Attaching projection matrix to SPE colData...
[2025-11-12 20:12:37] SPE colData rows: 113927, unique rownames: 4991
[2025-11-12 20:12:38] Projection matrix attached by row order
[2025-11-12 20:12:38] Found 10 nmf patterns for plotting
[2025-11-12 20:12:38] Creating ECDF plot for nonzero NMF pattern weights...
[2025-11-12 20:12:38] Preparing data for dotplot of NMF pattern presence by cell type...
[2025-11-12 20:12:39] Computing specificity / entropy and GMM split...
[2025-11-12 20:12:39] Plotting entropy histogram with GMM cluster split...
[2025-11-12 20:12:39] Saved entropy split histogram plot.
DuckDB progress:   0%                     [2025-11-12 20:12:39] Creating SRT projection dotplot of NMF patterns by anatomical domain...
[2025-11-12 20:12:41] Appended run summary to /zata/zippy/kresgeb/nmf_stuff/dlPFC/output/batched_registration_dotplot/summary.tsv
[2025-11-12 20:12:43] --------------------------------------------
[2025-11-12 20:12:43] Starting run 152 / 157: k20_seed42_tol1e-05_L10.0
[2025-11-12 20:12:43] nmf_path: /zata/zippy/kresgeb/nmf_stuff/dlPFC/data/batched_nmf/nmf_k20_seed42_tol1e-05_L10.0.rds
[2025-11-12 20:12:43] projection path: /zata/zippy/kresgeb/nmf_stuff/dlPFC/data/batched_projection/proj_k20_seed42_tol1e-05_L10.0.rds
[2025-11-12 20:12:44] NMF matrix: 77604 rows, 20 cols
[2025-11-12 20:12:44] Duplicate NMF rownames: 0
[2025-11-12 20:12:44] Projection matrix: 113927 rows, 20 cols
[2025-11-12 20:12:44] Duplicate projection rownames: 4069
[2025-11-12 20:12:44] Attaching NMF matrix to SCE colData...
[2025-11-12 20:12:44] SCE colData rows: 77604, unique rownames: 77604
[2025-11-12 20:12:44] NMF matrix attached by row order
[2025-11-12 20:12:44] Attaching projection matrix to SPE colData...
[2025-11-12 20:12:44] SPE colData rows: 113927, unique rownames: 4991
[2025-11-12 20:12:45] Projection matrix attached by row order
[2025-11-12 20:12:45] Found 20 nmf patterns for plotting
[2025-11-12 20:12:45] Creating ECDF plot for nonzero NMF pattern weights...
[2025-11-12 20:12:45] Preparing data for dotplot of NMF pattern presence by cell type...
[2025-11-12 20:12:46] Computing specificity / entropy and GMM split...
[2025-11-12 20:12:46] Plotting entropy histogram with GMM cluster split...
[2025-11-12 20:12:46] Saved entropy split histogram plot.
DuckDB progress:   0%                     [2025-11-12 20:12:46] Creating SRT projection dotplot of NMF patterns by anatomical domain...
[2025-11-12 20:12:48] Appended run summary to /zata/zippy/kresgeb/nmf_stuff/dlPFC/output/batched_registration_dotplot/summary.tsv
[2025-11-12 20:12:51] --------------------------------------------
[2025-11-12 20:12:51] Starting run 153 / 157: k30_seed42_tol1e-05_L10.0
[2025-11-12 20:12:51] nmf_path: /zata/zippy/kresgeb/nmf_stuff/dlPFC/data/batched_nmf/nmf_k30_seed42_tol1e-05_L10.0.rds
[2025-11-12 20:12:51] projection path: /zata/zippy/kresgeb/nmf_stuff/dlPFC/data/batched_projection/proj_k30_seed42_tol1e-05_L10.0.rds
[2025-11-12 20:12:51] NMF matrix: 77604 rows, 30 cols
[2025-11-12 20:12:51] Duplicate NMF rownames: 0
[2025-11-12 20:12:51] Projection matrix: 113927 rows, 30 cols
[2025-11-12 20:12:51] Duplicate projection rownames: 4069
[2025-11-12 20:12:51] Attaching NMF matrix to SCE colData...
[2025-11-12 20:12:51] SCE colData rows: 77604, unique rownames: 77604
[2025-11-12 20:12:51] NMF matrix attached by row order
[2025-11-12 20:12:51] Attaching projection matrix to SPE colData...
[2025-11-12 20:12:51] SPE colData rows: 113927, unique rownames: 4991
[2025-11-12 20:12:52] Projection matrix attached by row order
[2025-11-12 20:12:52] Found 30 nmf patterns for plotting
[2025-11-12 20:12:52] Creating ECDF plot for nonzero NMF pattern weights...
[2025-11-12 20:12:52] Preparing data for dotplot of NMF pattern presence by cell type...
[2025-11-12 20:12:53] Computing specificity / entropy and GMM split...
[2025-11-12 20:12:53] Plotting entropy histogram with GMM cluster split...
[2025-11-12 20:12:53] Saved entropy split histogram plot.
DuckDB progress:   0%                     [2025-11-12 20:12:54] Creating SRT projection dotplot of NMF patterns by anatomical domain...
[2025-11-12 20:12:56] Appended run summary to /zata/zippy/kresgeb/nmf_stuff/dlPFC/output/batched_registration_dotplot/summary.tsv
[2025-11-12 20:12:58] --------------------------------------------
[2025-11-12 20:12:58] Starting run 154 / 157: k40_seed42_tol1e-05_L10.0
[2025-11-12 20:12:58] nmf_path: /zata/zippy/kresgeb/nmf_stuff/dlPFC/data/batched_nmf/nmf_k40_seed42_tol1e-05_L10.0.rds
[2025-11-12 20:12:58] projection path: /zata/zippy/kresgeb/nmf_stuff/dlPFC/data/batched_projection/proj_k40_seed42_tol1e-05_L10.0.rds
[2025-11-12 20:12:58] NMF matrix: 77604 rows, 40 cols
[2025-11-12 20:12:58] Duplicate NMF rownames: 0
[2025-11-12 20:12:58] Projection matrix: 113927 rows, 40 cols
[2025-11-12 20:12:58] Duplicate projection rownames: 4069
[2025-11-12 20:12:58] Attaching NMF matrix to SCE colData...
[2025-11-12 20:12:58] SCE colData rows: 77604, unique rownames: 77604
[2025-11-12 20:12:58] NMF matrix attached by row order
[2025-11-12 20:12:58] Attaching projection matrix to SPE colData...
[2025-11-12 20:12:58] SPE colData rows: 113927, unique rownames: 4991
[2025-11-12 20:12:59] Projection matrix attached by row order
[2025-11-12 20:12:59] Found 40 nmf patterns for plotting
[2025-11-12 20:12:59] Creating ECDF plot for nonzero NMF pattern weights...
[2025-11-12 20:13:00] Preparing data for dotplot of NMF pattern presence by cell type...
[2025-11-12 20:13:00] Computing specificity / entropy and GMM split...
[2025-11-12 20:13:00] Plotting entropy histogram with GMM cluster split...
[2025-11-12 20:13:00] Saved entropy split histogram plot.
DuckDB progress:   0%                     [2025-11-12 20:13:01] Creating SRT projection dotplot of NMF patterns by anatomical domain...
[2025-11-12 20:13:03] Appended run summary to /zata/zippy/kresgeb/nmf_stuff/dlPFC/output/batched_registration_dotplot/summary.tsv
[2025-11-12 20:13:05] --------------------------------------------
[2025-11-12 20:13:05] Starting run 155 / 157: k50_seed42_tol1e-05_L10.0
[2025-11-12 20:13:05] nmf_path: /zata/zippy/kresgeb/nmf_stuff/dlPFC/data/batched_nmf/nmf_k50_seed42_tol1e-05_L10.0.rds
[2025-11-12 20:13:05] projection path: /zata/zippy/kresgeb/nmf_stuff/dlPFC/data/batched_projection/proj_k50_seed42_tol1e-05_L10.0.rds
[2025-11-12 20:13:06] NMF matrix: 77604 rows, 50 cols
[2025-11-12 20:13:06] Duplicate NMF rownames: 0
[2025-11-12 20:13:06] Projection matrix: 113927 rows, 50 cols
[2025-11-12 20:13:06] Duplicate projection rownames: 4069
[2025-11-12 20:13:06] Attaching NMF matrix to SCE colData...
[2025-11-12 20:13:06] SCE colData rows: 77604, unique rownames: 77604
[2025-11-12 20:13:06] NMF matrix attached by row order
[2025-11-12 20:13:06] Attaching projection matrix to SPE colData...
[2025-11-12 20:13:06] SPE colData rows: 113927, unique rownames: 4991
[2025-11-12 20:13:07] Projection matrix attached by row order
[2025-11-12 20:13:07] Found 50 nmf patterns for plotting
[2025-11-12 20:13:07] Creating ECDF plot for nonzero NMF pattern weights...
[2025-11-12 20:13:08] Preparing data for dotplot of NMF pattern presence by cell type...
[2025-11-12 20:13:08] Computing specificity / entropy and GMM split...
[2025-11-12 20:13:08] Plotting entropy histogram with GMM cluster split...
[2025-11-12 20:13:08] Saved entropy split histogram plot.
DuckDB progress:   0%                     [2025-11-12 20:13:09] Creating SRT projection dotplot of NMF patterns by anatomical domain...
[2025-11-12 20:13:12] Appended run summary to /zata/zippy/kresgeb/nmf_stuff/dlPFC/output/batched_registration_dotplot/summary.tsv
[2025-11-12 20:13:15] --------------------------------------------
[2025-11-12 20:13:15] Starting run 156 / 157: k60_seed42_tol1e-05_L10.0
[2025-11-12 20:13:15] nmf_path: /zata/zippy/kresgeb/nmf_stuff/dlPFC/data/batched_nmf/nmf_k60_seed42_tol1e-05_L10.0.rds
[2025-11-12 20:13:15] projection path: /zata/zippy/kresgeb/nmf_stuff/dlPFC/data/batched_projection/proj_k60_seed42_tol1e-05_L10.0.rds
[2025-11-12 20:13:15] NMF matrix: 77604 rows, 60 cols
[2025-11-12 20:13:15] Duplicate NMF rownames: 0
[2025-11-12 20:13:16] Projection matrix: 113927 rows, 60 cols
[2025-11-12 20:13:16] Duplicate projection rownames: 4069
[2025-11-12 20:13:16] Attaching NMF matrix to SCE colData...
[2025-11-12 20:13:16] SCE colData rows: 77604, unique rownames: 77604
[2025-11-12 20:13:16] NMF matrix attached by row order
[2025-11-12 20:13:16] Attaching projection matrix to SPE colData...
[2025-11-12 20:13:16] SPE colData rows: 113927, unique rownames: 4991
[2025-11-12 20:13:17] Projection matrix attached by row order
[2025-11-12 20:13:17] Found 60 nmf patterns for plotting
[2025-11-12 20:13:17] Creating ECDF plot for nonzero NMF pattern weights...
[2025-11-12 20:13:17] Preparing data for dotplot of NMF pattern presence by cell type...
[2025-11-12 20:13:18] Computing specificity / entropy and GMM split...
[2025-11-12 20:13:18] Plotting entropy histogram with GMM cluster split...
[2025-11-12 20:13:19] Saved entropy split histogram plot.
DuckDB progress:   0%                     [2025-11-12 20:13:19] Creating SRT projection dotplot of NMF patterns by anatomical domain...
[2025-11-12 20:13:22] Appended run summary to /zata/zippy/kresgeb/nmf_stuff/dlPFC/output/batched_registration_dotplot/summary.tsv
[2025-11-12 20:13:24] --------------------------------------------
[2025-11-12 20:13:24] Starting run 157 / 157: k70_seed42_tol1e-05_L10.0
[2025-11-12 20:13:24] nmf_path: /zata/zippy/kresgeb/nmf_stuff/dlPFC/data/batched_nmf/nmf_k70_seed42_tol1e-05_L10.0.rds
[2025-11-12 20:13:24] projection path: /zata/zippy/kresgeb/nmf_stuff/dlPFC/data/batched_projection/proj_k70_seed42_tol1e-05_L10.0.rds
[2025-11-12 20:13:25] NMF matrix: 77604 rows, 70 cols
[2025-11-12 20:13:25] Duplicate NMF rownames: 0
[2025-11-12 20:13:25] Projection matrix: 113927 rows, 70 cols
[2025-11-12 20:13:25] Duplicate projection rownames: 4069
[2025-11-12 20:13:25] Attaching NMF matrix to SCE colData...
[2025-11-12 20:13:25] SCE colData rows: 77604, unique rownames: 77604
[2025-11-12 20:13:25] NMF matrix attached by row order
[2025-11-12 20:13:25] Attaching projection matrix to SPE colData...
[2025-11-12 20:13:25] SPE colData rows: 113927, unique rownames: 4991
[2025-11-12 20:13:26] Projection matrix attached by row order
[2025-11-12 20:13:26] Found 70 nmf patterns for plotting
[2025-11-12 20:13:26] Creating ECDF plot for nonzero NMF pattern weights...
[2025-11-12 20:13:27] Preparing data for dotplot of NMF pattern presence by cell type...
[2025-11-12 20:13:28] Computing specificity / entropy and GMM split...
[2025-11-12 20:13:28] Plotting entropy histogram with GMM cluster split...
[2025-11-12 20:13:28] Saved entropy split histogram plot.
DuckDB progress:   0%                     [2025-11-12 20:13:28] Creating SRT projection dotplot of NMF patterns by anatomical domain...
[2025-11-12 20:13:31] Appended run summary to /zata/zippy/kresgeb/nmf_stuff/dlPFC/output/batched_registration_dotplot/summary.tsv
[2025-11-12 20:13:34] ===== All runs complete for batched_registration_dotplot =====
