"barcode","BayesSpace_harmony_09","BayesSpace_harmony_16"
"AAACAAGTATCTCCCA-1",7,7
"AAACAATCTACTAGCA-1",8,5
"AAACACCAATAACTGC-1",2,2
"AAACAGAGCGACTCCT-1",5,3
"AAACAGCTTTCAGAAG-1",2,2
"AAACAGGGTCTATATT-1",3,8
"AAACATTTCCCGGATT-1",9,15
"AAACCACTACACAGAT-1",3,8
"AAACCCGAACGAAATC-1",4,4
"AAACCGGAAATGTTAA-1",7,7
"AAACCGGGTAGGTACC-1",8,9
"AAACCGTTCGTCCAGG-1",4,4
"AAACCTAAGCAGCCGG-1",9,13
"AAACCTCATGAAGTTG-1",5,3
"AAACGAAGAACATACC-1",8,5
"AAACGACAGTCTTGCC-1",3,8
"AAACGAGACGGTTGAT-1",7,7
"AAACGCCCGAGATCGG-1",3,8
"AAACGGGCGTACGGGT-1",6,15
"AAACGGGTTGGTATCC-1",5,3
"AAACGGTTGCGAACTG-1",4,4
"AAACGTGTTCGCCCTA-1",2,2
"AAACTAACGTGGCGAC-1",3,8
"AAACTCGGTTCGCAAT-1",7,7
"AAACTCGTGATATAAG-1",3,8
"AAACTGCTGGCTCCAA-1",7,13
"AAACTTGCAAACGTAT-1",3,8
"AAAGAATGTGGACTAA-1",6,6
"AAAGACCCAAGTCGCG-1",4,16
"AAAGACTGGGCGCTTT-1",3,8
"AAAGCTTGCCTACATA-1",2,2
"AAAGGCTACGGACCAT-1",4,4
"AAAGGCTCTCGCGCCG-1",4,7
"AAAGGGATGTAGCAAG-1",7,7
"AAAGGGCAGCTTGAAT-1",8,5
"AAAGGTAAGCTGTACC-1",3,8
"AAAGTAGCATTGCTCA-1",5,3
"AAAGTCACTGATGTAA-1",4,4
"AAAGTCGACCCTCAGT-1",3,3
"AAAGTGCCATCAATTA-1",9,12
"AAAGTGTGATTTATCT-1",7,7
"AAAGTTGACTCCCGTA-1",7,7
"AAATAACCATACGGGA-1",8,5
"AAATAAGGTAGTGCCC-1",5,9
"AAATACCTATAAGCAT-1",9,13
"AAATAGCTTAGACTTT-1",5,9
"AAATAGGGTGCTATTG-1",9,15
"AAATCACTCCTAAACG-1",4,12
"AAATCCGATACACGCC-1",6,15
"AAATCGTGTACCACAA-1",7,7
"AAATCTAGCCCTGCTA-1",9,13
"AAATGATTCGATCAGC-1",2,2
"AAATGCTCGTTACGTT-1",8,5
"AAATGGCATGTCTTGT-1",4,4
"AAATGGCCCGTGCCCT-1",3,8
"AAATGGTCAATGTGCC-1",7,7
"AAATGTGGGTGCTCCT-1",8,16
"AAATTAACGGGTAGCT-1",7,7
"AAATTACACGACTCTG-1",8,5
"AAATTACCTATCGATG-1",8,5
"AAATTCCAGGTCCAAA-1",5,9
"AAATTGATAGTCCTTT-1",8,9
"AAATTGCGGCGGTTCT-1",5,3
"AAATTGGTGAGAAGCA-1",2,2
"AAATTTACCGAAATCC-1",5,3
"AAATTTGCGGGTGTGG-1",8,5
"AACAACTGGTAGTTGC-1",4,4
"AACAATACATTGTCGA-1",5,3
"AACAATTACTCTACGC-1",8,5
"AACACACGCTCGCCGC-1",9,13
"AACACGACTGTACTGA-1",8,5
"AACACGAGACGCGGCC-1",5,3
"AACACGCGGCCGCGAA-1",8,5
"AACAGCTGTGTGGCAA-1",5,3
"AACAGGAAATCGAATA-1",4,4
"AACAGGATGGGCCGCG-1",4,16
"AACAGGTAGTATGGAT-1",7,4
"AACATAGCGTGTATCG-1",7,7
"AACATATCAACTGGTG-1",8,9
"AACATCGATACGTCTA-1",2,2
"AACATTGGTCAGCCGT-1",5,3
"AACATTGTGACTCGAG-1",4,4
"AACCAAGACTTCTCTG-1",8,5
"AACCAGTATCACTCTT-1",5,3
"AACCATGGGATCGCTA-1",8,5
"AACCCAGAGACGGAGA-1",4,4
"AACCCGACAACCCGTG-1",8,9
"AACCCGAGCAGAATCG-1",7,7
"AACCCGATAGGGCTTC-1",3,8
"AACCCTACTGTCAATA-1",7,7
"AACCCTGGTGGAACCA-1",8,5
"AACCGAGCTTGGTCAT-1",7,7
"AACCGCTAAGGGATGC-1",9,13
"AACCGTTGTGTTTGCT-1",4,16
"AACCTCGCTTTAGCCC-1",9,13
"AACCTGTCACGGAATT-1",8,9
"AACCTTTAAATACGGT-1",7,7
"AACCTTTACGACGTCT-1",5,9
"AACGACCTCCTAGCCG-1",9,11
"AACGATAATGCCGTAG-1",1,1
"AACGATAGAAGGGCCG-1",4,4
"AACGATATGTCAACTG-1",4,4
"AACGCATGATCTGGGT-1",3,8
"AACGCGAACGGCAACA-1",5,5
"AACGCGACCTTGGGCG-1",4,4
"AACGCGGTCTCCAGCC-1",7,7
"AACGCTGTTGCTGAAA-1",6,15
"AACGGACGTACGTATA-1",9,13
"AACGGCCATCTCCGGT-1",4,4
"AACGTACTGTGGGTAC-1",4,4
"AACGTAGTCTACCCAT-1",8,5
"AACGTCAGACTAGTGG-1",4,16
"AACGTCGCTGCACTTC-1",6,15
"AACGTGATGAAGGACA-1",8,5
"AACGTGCGAAAGTCTC-1",7,7
"AACTACCCGTTTGTCA-1",7,7
"AACTAGCGTATCGCAC-1",8,5
"AACTAGGCTTGGGTGT-1",7,7
"AACTCAAGTTAATTGC-1",4,4
"AACTCCTAATCCCATG-1",5,3
"AACTCGATAAACACGT-1",5,3
"AACTCGATGGCGCAGT-1",8,5
"AACTCTCAATAGAGCG-1",4,4
"AACTCTCAGTGTGCTC-1",8,5
"AACTGAGGTCAGCGTC-1",3,8
"AACTGAGTTATACTGA-1",4,4
"AACTGATATTAGGCCT-1",4,4
"AACTGGGTCCCGACGT-1",4,4
"AACTGGGTTCGAGCCG-1",8,5
"AACTGGTGTGGGCCTT-1",8,5
"AACTTCTGCGTCTATC-1",5,3
"AACTTGCCCGTATGCA-1",8,5
"AACTTGCGTTCTCGCG-1",5,3
"AACTTTAGCTGCTGAG-1",8,5
"AAGAAATCACCAGATT-1",1,14
"AAGAAGGATCAGTTAG-1",8,5
"AAGACATACGTGGTTT-1",6,15
"AAGACCCAACTGAACA-1",4,4
"AAGACTAACCCGTTGT-1",5,3
"AAGACTGCAAGCTACT-1",7,7
"AAGAGATGAATCGGTA-1",8,5
"AAGAGCTCTTTATCGG-1",7,7
"AAGAGGATGTACGCGA-1",8,9
"AAGAGGCATGGATCGC-1",7,7
"AAGAGGCCCTTTGGAA-1",9,13
"AAGATGGCACCGGACC-1",8,5
"AAGATTGGCGGAACGT-1",4,4
"AAGCACCCTGCGTATC-1",7,13
"AAGCATACTCTCCTGA-1",9,13
"AAGCCGAAGCGGTTTA-1",7,7
"AAGCCGCTTTACCTTG-1",1,14
"AAGCCGGAGAGCAGGA-1",7,7
"AAGCGCAGGGCTTTGA-1",7,7
"AAGCGGCGTCATGGGT-1",3,3
"AAGCGTCCCTCATCGA-1",8,5
"AAGCTAGATCGAGTAA-1",7,7
"AAGCTCGTGCCAAGTC-1",7,7
"AAGCTCTTTCATGGTG-1",9,11
"AAGGAGAACTTATAAG-1",8,12
"AAGGAGCGGTTGGTGC-1",4,10
"AAGGATCGATCGCTTG-1",4,4
"AAGGATGAGGGACCTC-1",4,12
"AAGGCAGGCTGTCTCC-1",4,4
"AAGGCGCGTAAAGCTT-1",4,16
"AAGGCTGTGCTCATCG-1",4,4
"AAGGGACAGATTCTGT-1",4,4
"AAGGGACTATGCATTC-1",3,8
"AAGGTATCCTAATATA-1",4,4
"AAGGTGATAAACCAGC-1",7,7
"AAGTAAGCTTCCAAAC-1",8,5
"AAGTAGAAGACCGGGT-1",4,4
"AAGTAGTGACGCGAGG-1",4,16
"AAGTCAATTGTCGTCA-1",7,7
"AAGTCTAGTAGCTGCC-1",1,1
"AAGTGACGACCGAATT-1",8,9
"AAGTGAGTCGGGTTTA-1",8,5
"AAGTGCAAAGGTAGAC-1",3,10
"AAGTGCCTTGACTGTA-1",7,7
"AAGTGCGTTAGAATCT-1",5,3
"AAGTGTTTGGAGACGG-1",9,13
"AAGTTCACTCCAAGCT-1",6,15
"AAGTTCAGTCTGCGTA-1",3,8
"AAGTTCGGCCAACAGG-1",8,5
"AAGTTGTGATGTTATA-1",6,6
"AAGTTTACTAATGGCA-1",8,5
"AAGTTTATGGGCCCAA-1",7,7
"AATAACAACGCTCGGC-1",8,5
"AATAACACTAGAACAA-1",8,5
"AATAAGTCCTCGAGAC-1",8,5
"AATAATCTTCGTATCG-1",4,9
"AATACAATGTTTCAGG-1",5,3
"AATACCGGAGGGCTGT-1",3,10
"AATACCTGATGTGAAC-1",6,6
"AATAGAACAGAGTGGC-1",4,4
"AATAGAATCTGTTTCA-1",9,15
"AATAGCAAGCCTCCTG-1",3,8
"AATAGCTACCGCGTGC-1",2,2
"AATAGTCCGTCCCGAC-1",7,7
"AATATCAAGGTCGGAT-1",8,5
"AATATCGAATCAATGC-1",7,7
"AATATCGAGGGTTCTC-1",8,9
"AATATTGGAGTATTGA-1",5,3
"AATCAGACTGCAGGAC-1",5,3
"AATCATGTAAAGACTC-1",6,15
"AATCCAAGGGCCTGAG-1",4,4
"AATCCATGCAAGGGTG-1",8,5
"AATCGCCTCAGCGCCA-1",9,13
"AATCGCGCAGAGGACT-1",4,4
"AATCGGGACACTACGA-1",8,5
"AATCGGTATAGCCCTC-1",6,11
"AATCGTGAGCCGAGCA-1",9,13
"AATCTAGGTTTACTTG-1",3,8
"AATCTATGCCGGAGCC-1",3,8
"AATCTCTACTGTGGTT-1",3,2
"AATCTGCGTTGGGACG-1",4,4
"AATCTGGCTTTCTAGT-1",3,2
"AATCTGGGTAGACCCT-1",5,9
"AATGACAGCAATGTCT-1",8,5
"AATGACGTAGGATGTC-1",9,13
"AATGACTGTCAGCCGG-1",4,4
"AATGAGTTCGCATATG-1",5,3
"AATGATGATACGCTAT-1",8,9
"AATGATGCGACTCCTG-1",5,9
"AATGCAACCGGGTACC-1",7,7
"AATGCACCAAGCAATG-1",5,3
"AATGGCCGCCAATGCG-1",3,8
"AATGGTCCACCGTTCA-1",5,3
"AATGGTTCTCACAAGC-1",4,16
"AATGTGCCCGAGGTGT-1",5,3
"AATGTTAAGACCCTGA-1",7,7
"AATGTTGTCGTGAGAC-1",6,15
"AATTAAAGGTCGGCGT-1",7,7
"AATTAACGGATTTCCA-1",7,7
"AATTAGCGCTGCAGCG-1",7,7
"AATTATACCCAGCAAG-1",9,11
"AATTCATAAGGGATCT-1",8,9
"AATTCCAACTTGGTGA-1",5,3
"AATTCCAAGCATGTAC-1",4,4
"AATTCGATTCGAGGAT-1",7,7
"AATTCTAGAGTTAGGC-1",7,7
"AATTGAACGCTCTGGT-1",9,13
"AATTGCAGCAATCGAC-1",6,15
"AATTGTGGTTGCCAAA-1",9,11
"AATTTGGGACATAGTA-1",5,3
"AATTTGGTTCCAAAGA-1",8,5
"ACAAAGCATGACCTAG-1",6,15
"ACAAATCGCACCGAAT-1",6,15
"ACAAATGGTAGTGTTT-1",9,13
"ACAAATTCAGATCTGA-1",3,8
"ACAACAGCATGAGCTA-1",7,7
"ACAACGGTCCCTGCGA-1",4,16
"ACAAGCAGTGCCTAGC-1",8,5
"ACAAGGAAATCCGCCC-1",6,6
"ACAAGGACAAGAGGTT-1",4,4
"ACAAGGATGCTTTAGG-1",6,15
"ACAAGGCCTACCAGCC-1",5,9
"ACAAGGGCAGGCTCTG-1",9,13
"ACAATAGTCGTACGTT-1",5,3
"ACAATCCATTTAAACC-1",4,5
"ACAATCGATCTTTATA-1",8,5
"ACAATGAATACGGAGA-1",8,3
"ACAATGATTCTTCTAC-1",3,8
"ACAATTGTGTCTCTTT-1",9,13
"ACAATTTAGGAGGCTC-1",3,10
"ACAATTTGAGCAGTGG-1",4,4
"ACAATTTGGCCATATT-1",8,9
"ACACAAAGACGGGTGG-1",7,7
"ACACAAATATTCCTAG-1",2,2
"ACACACCAGGACCAGT-1",7,7
"ACACACTTTCTACACG-1",4,4
"ACACATGATCAAATCT-1",2,2
"ACACATTGACGCAACA-1",5,3
"ACACATTTCCGTAGAC-1",7,7
"ACACCACATAATTAGC-1",5,9
"ACACCCAGCATGCAGC-1",4,4
"ACACCCGAGAAATCCG-1",4,4
"ACACCTTAAGTAGGGC-1",4,4
"ACACCTTACTACTTGC-1",4,4
"ACACGAGACTCCTTCT-1",7,7
"ACACGGCACTATGCAT-1",8,5
"ACACGGGAACTTAGGG-1",7,7
"ACACGTAGGCCACAAG-1",9,11
"ACACTCCAATGTCACT-1",5,3
"ACACTGATCAAGGTGT-1",4,4
"ACACTGGGACAGTCGT-1",7,7
"ACAGAACTGAGAACAA-1",3,8
"ACAGATTAGGTTAGTG-1",8,5
"ACAGCATAGAGCCAGT-1",4,16
"ACAGCGACATTCTCAT-1",9,15
"ACAGCGCACCCGCAGC-1",8,5
"ACAGGCACGGATCCTT-1",6,15
"ACAGGCTTGCCCGACT-1",6,15
"ACAGGTGGAGGTGAGG-1",8,5
"ACAGTAATACAACTTG-1",3,8
"ACAGTATACCGTGGGA-1",2,14
"ACAGTGCAGCGCATTT-1",5,9
"ACATAATAAGGCGGTG-1",4,4
"ACATCAGCTGGGACGC-1",3,8
"ACATCCCGGCCATACG-1",7,7
"ACATCCTGGTAACTGT-1",7,7
"ACATCGATCGTTTACC-1",7,7
"ACATCGGTCAGCCGCG-1",4,4
"ACATCGTATGCAATGG-1",9,13
"ACATCGTTAACCTAGT-1",8,5
"ACATCTCAACGCGTAA-1",8,9
"ACATGGCGCCAAAGTA-1",4,4
"ACATGGCTCAATTTAG-1",5,3
"ACATTAGTTTATATCC-1",7,7
"ACATTTGAAACCTAAC-1",6,15
"ACCAAACACCCAGCGA-1",2,2
"ACCAAACTAGAAATCC-1",8,5
"ACCAACACCACACACT-1",3,2
"ACCAACCGCACTCCAC-1",6,15
"ACCAACGCTTATTTAT-1",4,4
"ACCAAGAACGCGTGTC-1",4,4
"ACCAAGTCATCGGCAG-1",6,6
"ACCAATATGCAAGTTA-1",9,13
"ACCACAACTCAGAACA-1",5,3
"ACCACAAGTTTCTATC-1",7,7
"ACCACACGGTTGATGG-1",7,7
"ACCACCAATGTAACAA-1",4,4
"ACCACCCTCTCTTCTA-1",2,14
"ACCACGTGCAGCTATA-1",9,13
"ACCAGCCCGGTCTTTG-1",8,9
"ACCAGGAGTGTGATCT-1",8,4
"ACCAGTGCCCGGTCAA-1",3,8
"ACCAGTGCGGGAGACG-1",9,13
"ACCATATCCGCAATAA-1",7,7
"ACCATCCGCCAACTAG-1",3,8
"ACCATCGTATATGGTA-1",4,4
"ACCCAACGCCCGTGGC-1",4,4
"ACCCACCTACATGCTC-1",8,5
"ACCCATCTTGAGGGTA-1",4,4
"ACCCATTTGTCCCTCT-1",6,15
"ACCCGAGCGAAATTAC-1",5,3
"ACCCGGAAACTCCCAG-1",7,7
"ACCCGGAGCACCACAA-1",7,7
"ACCCGGATGACGCATC-1",4,4
"ACCCGGTTACACTTCC-1",4,4
"ACCCGTAGTCTAGTTG-1",6,15
"ACCCGTGTCATCAGTA-1",4,4
"ACCCTATAGGACTGAG-1",5,3
"ACCCTATGCCATATCG-1",8,5
"ACCCTCCCGTCAGGGC-1",6,15
"ACCCTCCCTTGCTATT-1",6,15
"ACCCTGGTAACGCCCT-1",2,14
"ACCCTTCATCTGCGAA-1",4,4
"ACCCTTGCCTGGGTCG-1",2,14
"ACCCTTTAGTTCTCCA-1",5,3
"ACCGAAAGGGCCCTGC-1",4,16
"ACCGACACATCTCCCA-1",7,7
"ACCGACTGAGTCCCAC-1",7,7
"ACCGAGTCTCCTTATT-1",7,7
"ACCGATAGGCATAACC-1",7,7
"ACCGATATTTAATCAT-1",7,7
"ACCGATGGTAGCATCG-1",4,4
"ACCGCAATAACTGCCT-1",9,13
"ACCGCGGTGGAAGTCG-1",4,4
"ACCGGGCCTTTGTTGA-1",7,7
"ACCGGTCAGGTACACC-1",2,14
"ACCGGTCTGAGTACGG-1",5,9
"ACCGTGACCACGTGGG-1",5,3
"ACCGTTCCCGCTCTGA-1",8,5
"ACCTAAGTACCTTTCA-1",8,5
"ACCTAATCGACTTCCT-1",4,16
"ACCTACAGTATGTGGT-1",4,4
"ACCTACTATAAATCTA-1",4,4
"ACCTCCGCCCTCGCTG-1",9,13
"ACCTCCGTTATTCACC-1",8,9
"ACCTGCGTGTCATGTT-1",3,8
"ACGAAATGGGCGGCAC-1",8,5
"ACGACCCATGAGTTGC-1",7,7
"ACGACTCTAGGGCCGA-1",6,15
"ACGACTGGTCATACTC-1",5,3
"ACGAGAACCCATCACG-1",8,5
"ACGAGATATTTGCTTA-1",8,5
"ACGAGGATACCACTCT-1",3,8
"ACGAGGTTTACAACGT-1",2,14
"ACGAGTACGGATGCCC-1",8,9
"ACGAGTCGCCGGCGTT-1",5,3
"ACGATACATAGAACTA-1",4,4
"ACGATCATACATAGAG-1",7,7
"ACGATCATCTTGTAAA-1",4,4
"ACGATGCATATGTTAT-1",4,4
"ACGATGGATCCGATGC-1",8,5
"ACGCAAACTAATAGAT-1",8,5
"ACGCAATCACTACAGC-1",3,8
"ACGCATAAATGACATG-1",3,8
"ACGCATACGTTTACTA-1",9,13
"ACGCATTCGTGAGTAC-1",7,7
"ACGCCAGATGATTTCT-1",4,4
"ACGCCAGTGCGTTTGC-1",6,6
"ACGCCCAGCTGTCGAT-1",8,9
"ACGCCGCTAGACGACC-1",9,13
"ACGCGAAGTCAGACGA-1",7,7
"ACGCGCTACACAGGGT-1",8,9
"ACGCGGGCCAAGGACA-1",7,7
"ACGCTAGTGATACACT-1",8,9
"ACGCTGTGAGGCGTAG-1",3,8
"ACGCTTAGTGTCTCTC-1",5,3
"ACGGAACACGAGTGCC-1",6,15
"ACGGAATTTAGCAAAT-1",8,5
"ACGGACTCTCAAAGCG-1",7,7
"ACGGAGCGCAAATTAC-1",3,8
"ACGGATGGTGCGGATA-1",9,11
"ACGGCACTTGCTTGGG-1",7,7
"ACGGCCAACATGGACT-1",4,4
"ACGGCGACGATGGGAA-1",9,13
"ACGGCGGGTTGCCCTG-1",8,5
"ACGGGAGTGTCGGCCC-1",5,3
"ACGGGCGTATGCGACA-1",2,2
"ACGGTACAGTTCAATG-1",6,15
"ACGTACAGATTTCTCT-1",8,5
"ACGTAGATTGCTGATG-1",7,7
"ACGTAGGAGAGTCGCT-1",7,7
"ACGTATTACTCCGATC-1",7,7
"ACGTGCGCCTCGTGCA-1",4,4
"ACGTTAATGTCGAAGA-1",7,7
"ACGTTAGATTTGCCCG-1",4,4
"ACGTTATTGGTCACTC-1",5,3
"ACGTTCCGCGCTCCGT-1",8,5
"ACGTTCGCAATCAATT-1",8,9
"ACGTTCGTTCAGGAAA-1",8,9
"ACGTTCTGTACAAGTC-1",6,15
"ACGTTTAGTTGTGATC-1",4,4
"ACTAAGGACGCACACC-1",2,2
"ACTAATACGTCAGGCG-1",3,3
"ACTACAAAGAGAGGTG-1",4,9
"ACTACCAGCTCTCTGG-1",4,4
"ACTACGCGTTAGAATT-1",4,4
"ACTAGTTGCGATCGTC-1",7,7
"ACTATATGCTGTGTTC-1",3,8
"ACTATCCAGGGCATGG-1",8,9
"ACTATCTGCCCGCGTA-1",7,7
"ACTATTCGTCCGTGGT-1",4,4
"ACTATTTCCGGGCCCA-1",8,5
"ACTCAACGAATGTATT-1",8,5
"ACTCAAGTGCAAGGCT-1",6,15
"ACTCAATAAAGGCACG-1",7,7
"ACTCAGACCTGCTTCT-1",8,5
"ACTCCAATATCATCAT-1",5,3
"ACTCCCATTCCTAAAG-1",3,8
"ACTCCCGAATTCGTTT-1",8,9
"ACTCCCGTAGACTAGG-1",1,1
"ACTCCCTAATGCTAAA-1",7,7
"ACTCCCTAGAATAGTA-1",9,13
"ACTCCGGCCGACCACT-1",1,1
"ACTCGCCGTTCGATAA-1",6,15
"ACTCGCGATCTGACGC-1",8,9
"ACTCGTAACCCGTCCT-1",5,3
"ACTCGTCAGTAATCCC-1",7,7
"ACTCTCTGACTTAGGT-1",9,13
"ACTCTCTTATACACGA-1",5,3
"ACTCTGACCTAATAGA-1",6,15
"ACTCTTCAGCTCCCGC-1",5,9
"ACTCTTGTATAGTAAC-1",7,7
"ACTGAAACGCCGTTAG-1",6,15
"ACTGAATGGCGAAAGT-1",9,13
"ACTGATTTAGTGATTC-1",8,5
"ACTGCCGTCGTAACTC-1",4,4
"ACTGCGGACACACCGT-1",8,9
"ACTGCTCGGAAGGATG-1",2,14
"ACTGGCGAACCTGCGT-1",2,2
"ACTGTACGATACACAT-1",7,7
"ACTGTAGCACTTTGGA-1",4,4
"ACTGTATACGCGAGCA-1",8,5
"ACTGTCCAGGATTATA-1",7,7
"ACTGTCTTCTTTAGAA-1",7,7
"ACTGTGCTAGTAGATC-1",8,5
"ACTGTTTAGTGTAGGC-1",8,9
"ACTTACCGGGCGCGCA-1",5,3
"ACTTACGCATCCACGC-1",9,13
"ACTTAGTACGACAAGA-1",8,5
"ACTTATACTTACCCGG-1",4,4
"ACTTATCTGATCTATA-1",5,5
"ACTTATTAGGATCGGT-1",7,7
"ACTTATTTATGTGCCA-1",9,13
"ACTTCAGGCTGATCCC-1",9,13
"ACTTCCATGCGGGACA-1",9,15
"ACTTCCTGTCGTGCGA-1",4,12
"ACTTCGCCATACGCAC-1",7,7
"ACTTCGCTAGCGAGTG-1",3,8
"ACTTGACTCCCTCTTT-1",9,13
"ACTTGCCATATTGTAC-1",8,5
"ACTTGGGACCCGGTGG-1",7,7
"ACTTGTAGTCCCTTCA-1",2,2
"ACTTGTGGATGGAACG-1",7,13
"ACTTTACCCTCATGAA-1",8,9
"ACTTTCCTATAGCTTC-1",7,7
"ACTTTGACTGCATCCT-1",3,8
"ACTTTGTCGACGCACT-1",7,7
"AGAAATTATGACTCGC-1",7,7
"AGAACCCAGCGTGACA-1",8,9
"AGAACGTGGTACATTC-1",7,7
"AGAACTGTACTTTGTA-1",9,15
"AGAAGGTACACTTCAC-1",2,2
"AGAAGGTTGCCGAATT-1",4,4
"AGAAGGTTGTAGGTCG-1",9,13
"AGAAGTGATTCGTGAT-1",8,5
"AGAATAAATCTTCAGG-1",3,8
"AGAATGCGGGTTCGGA-1",3,8
"AGAATTATGGATTCGA-1",4,4
"AGAATTGTTTGACATA-1",8,5
"AGACAGCTCAGAATCC-1",5,3
"AGACAGGCATCTCAGC-1",7,7
"AGACATAGATCCTTCC-1",8,5
"AGACCAAACCACACCT-1",2,14
"AGACCATGGGATACAA-1",8,5
"AGACCCACCGCTGATC-1",7,7
"AGACCCGCCCTCCTCG-1",7,7
"AGACCGCTCCGCGGTT-1",7,7
"AGACCGGGAAACCCTG-1",3,8
"AGACGAAGTGCCGGTC-1",7,7
"AGACGACGATGCCGCT-1",8,5
"AGACGCCCACTTCGCC-1",7,7
"AGACGGGCCGATTTAA-1",3,8
"AGACTAGCCTTCCAGA-1",4,4
"AGACTGTTACCGGGTC-1",8,5
"AGAGAACCGTCTAGGA-1",1,1
"AGAGAAGGAGTACAAT-1",8,5
"AGAGATCTCTAAAGCG-1",5,3
"AGAGCAGTTATGAGAC-1",5,3
"AGAGCCGCCGAGATTT-1",7,7
"AGAGCGCTTGTAACGG-1",1,14
"AGAGCGGGCTAATCAT-1",4,4
"AGAGCGTACAAGCTCG-1",8,5
"AGAGCTACGAAAGCAT-1",5,3
"AGAGGCTTCGGAAACC-1",9,13
"AGAGGTATCTCGGTCC-1",8,5
"AGAGTAAACTTCACTA-1",7,7
"AGAGTATAGTGTTACG-1",3,8
"AGAGTGAACAGACACC-1",5,16
"AGAGTTAGAGACCGAT-1",5,3
"AGATAACTTCAGGGCC-1",4,4
"AGATACCAGCACTTCA-1",2,2
"AGATACCGGTGTTCAC-1",4,4
"AGATACGACTTCATAT-1",8,16
"AGATACTCAAGATCGA-1",9,13
"AGATATAATACGACTA-1",7,7
"AGATCGTGCATAAGAT-1",5,3
"AGATCTCAGGTGTGAT-1",7,7
"AGATGACTCGCCCACG-1",4,16
"AGATGAGGGTTGCGAT-1",3,8
"AGATGATGGAGTCTGG-1",8,9
"AGATGCAAGACGTGCA-1",3,8
"AGATGCATCCTGTGTC-1",2,14
"AGATTATAGGACGTTT-1",7,7
"AGATTCACAACCGATA-1",2,2
"AGCAAAGGCCGCTAGT-1",9,13
"AGCAACATATCTTATT-1",7,7
"AGCAACCGAAAGTAAT-1",3,8
"AGCACCAGTACTCACG-1",7,7
"AGCACTACCGGCCTGT-1",5,3
"AGCACTACCTCACCAG-1",6,15
"AGCACTTAAGGACGCC-1",4,4
"AGCAGAAGGAGAAAGA-1",7,7
"AGCAGCCAGATGAATA-1",7,7
"AGCAGTCGAAGCATGC-1",9,11
"AGCATATCAATATGCT-1",9,13
"AGCATCATTTCGAAAG-1",3,8
"AGCATCGTCGATAATT-1",4,4
"AGCATTACGAGGCAAG-1",6,6
"AGCCAAGCTTTGTGTC-1",4,4
"AGCCACAGGTTACCCG-1",6,15
"AGCCACTCCCGTGCTT-1",4,4
"AGCCATATAGTATGTG-1",4,4
"AGCCCATACATGTAAG-1",8,9
"AGCCCGCAACAAGCAG-1",4,4
"AGCCCGCACTACAATG-1",6,15
"AGCCCGGCATTAGAGG-1",5,3
"AGCCCGGTAGCCTGTA-1",4,4
"AGCCCTAAGCGAAGTT-1",4,4
"AGCCCTGTCGCACCGT-1",8,9
"AGCCCTTCTAATCCGA-1",3,8
"AGCCCTTGGACATCCC-1",7,7
"AGCCGTGGCTAAATGT-1",5,3
"AGCCTAATACCCACGT-1",3,2
"AGCCTTAAAGCGGAAG-1",5,3
"AGCGACAGGAACGGTC-1",8,5
"AGCGACATCCCATTCA-1",4,4
"AGCGACCAACGATATT-1",7,7
"AGCGATGCGCCTAATA-1",9,11
"AGCGCATAATGAATCG-1",4,4
"AGCGCGGGTGCCAATG-1",8,9
"AGCGCTAGAGCGATGT-1",8,9
"AGCGCTTATGGGCAAG-1",5,3
"AGCGGACACTTCGTAG-1",1,1
"AGCGGCGGTTAGCGGT-1",2,2
"AGCGGGAAGGGTCCAT-1",8,5
"AGCGGGTCTGACACTC-1",7,7
"AGCGGTTGCCGCTCTG-1",2,14
"AGCGTACGAGAGCTAG-1",5,3
"AGCGTAGCGCTAGACC-1",5,3
"AGCGTCTGAACCCGCA-1",8,5
"AGCGTGGTATTCTACT-1",7,7
"AGCTAACAAGCAATGT-1",5,3
"AGCTAAGTACGCAGGC-1",6,15
"AGCTAGAAGCAGAAGT-1",5,3
"AGCTATTTAATCCAAC-1",4,4
"AGCTCCATATATGTTC-1",7,7
"AGCTCCTTCGCACATC-1",6,15
"AGCTCGTTGATGGAAA-1",2,14
"AGCTCTAGACGTTCCA-1",7,7
"AGCTCTTCCCAGTGCA-1",8,5
"AGCTCTTCGTAACCTT-1",4,4
"AGCTCTTTACTCAGTT-1",4,4
"AGCTGAAGTAAACCAA-1",8,5
"AGCTGCTGTGCCGAAT-1",5,3
"AGCTGTAACCTCAATC-1",5,3
"AGCTTATAGAGACCTG-1",8,5
"AGCTTCTTCTCGAGCA-1",6,15
"AGCTTGATCTTAACTT-1",5,3
"AGGAAAGCCTCTGATG-1",5,3
"AGGAACGAACGACTTC-1",9,11
"AGGAAGCTGTCCGCCG-1",7,7
"AGGACAGTCGAATCCC-1",9,13
"AGGACATCGCACGTCG-1",4,4
"AGGACATCGGCACACT-1",9,11
"AGGACGACCCATTAGA-1",4,4
"AGGACGCTCGATGTTG-1",5,3
"AGGAGACATCCACAGT-1",2,2
"AGGAGAGTCTGGCTAC-1",2,2
"AGGAGGCCTTCGCGCG-1",9,11
"AGGATAAAGTCGGGAT-1",7,7
"AGGATATAGGGATTTA-1",7,7
"AGGATATCCGACTGCA-1",6,15
"AGGATCACGCGATCTG-1",3,8
"AGGATTGCTTACGACA-1",3,8
"AGGCAAAGAGGAATCA-1",8,5
"AGGCACGTGACTGTCC-1",7,7
"AGGCAGATGCGTAAAC-1",4,4
"AGGCAGGGAGCGTACT-1",4,4
"AGGCATTGTCGTAGGG-1",7,7
"AGGCCACATTGGTTAC-1",4,10
"AGGCCACCCGTTATGA-1",4,4
"AGGCCCAGTGACTGGT-1",5,3
"AGGCCCATTGTACAGG-1",4,4
"AGGCCCTAGAACGCCA-1",5,3
"AGGCCTGAGAATCTCG-1",6,15
"AGGCGATAACTGGCGT-1",7,7
"AGGCGGTTTGTCCCGC-1",2,2
"AGGCGTCTATGGACGG-1",3,2
"AGGCTATGGTTAGCTT-1",8,5
"AGGCTTCCCGAAGAAG-1",4,4
"AGGCTTGCTAGACACC-1",5,3
"AGGGAAACGAGGTACT-1",8,3
"AGGGACAGCACGGCGG-1",8,5
"AGGGACCGGCTGCGTT-1",8,9
"AGGGACTCTACGCGAC-1",4,4
"AGGGAGACATACTTCG-1",3,8
"AGGGCAGCGGCGTGGT-1",8,5
"AGGGCCCTAATGTTCT-1",9,11
"AGGGCGAGCAGCTGAT-1",5,1
"AGGGCGTGATCGGCTA-1",4,4
"AGGGCTGCAGTTACAG-1",7,7
"AGGGTCAGTAACCCTA-1",2,2
"AGGGTCGATGCGAACT-1",4,4
"AGGGTCTGGACGCAGT-1",9,11
"AGGGTGCCGTTCTTTA-1",5,3
"AGGGTGCTCTCGAGGG-1",4,4
"AGGGTGGATAGTGCAT-1",3,10
"AGGGTGTGCTACACGC-1",3,8
"AGGGTTCAGACGGTCC-1",8,9
"AGGGTTCCCTTTGGTT-1",4,4
"AGGGTTTAGTTCGGGA-1",7,7
"AGGTAACCTCCTATTC-1",4,4
"AGGTACGATATTGCCA-1",8,5
"AGGTAGATCGAGATAT-1",5,3
"AGGTAGGTACAAAGCT-1",8,5
"AGGTATAATTGATAGT-1",8,9
"AGGTATGCGGACATTA-1",5,9
"AGGTCAGGTGAGAGTG-1",3,3
"AGGTCGCCACTTCGGT-1",5,3
"AGGTCGCCTCCCAACA-1",7,7
"AGGTCGCGGAGTTACT-1",5,9
"AGGTGCACGTCCACAT-1",6,6
"AGGTGGTGACCTTCGC-1",4,4
"AGGTGTATCGCCATGA-1",5,3
"AGGTGTTGCCGACCAC-1",9,11
"AGGTTACACCATGCCG-1",4,4
"AGGTTGAGGCACGCTT-1",4,4
"AGGTTTCACACACCTT-1",7,7
"AGTAACGTTCATCCTG-1",5,9
"AGTAACTATAGCAGCC-1",6,6
"AGTAATCTAAGGGTGG-1",9,11
"AGTAATGTCTTGCCGC-1",4,4
"AGTACAGAAGCTTATA-1",7,7
"AGTACATCATTTATCA-1",7,9
"AGTACCTTCGAGTGCT-1",3,8
"AGTACGGCCCGTATCG-1",3,8
"AGTACGGGCACCTGGC-1",4,4
"AGTACGTGGCCTGTCT-1",5,3
"AGTACTCTTATGCCCA-1",6,15
"AGTAGAAGGCGCCTCA-1",4,4
"AGTAGCTAGACGCCGA-1",5,9
"AGTAGGAAGGAAGTTG-1",5,3
"AGTAGGTAACATACAT-1",4,4
"AGTATAATACTAGGCA-1",4,16
"AGTATACACAGCGACA-1",8,5
"AGTATCCATAATAACG-1",5,3
"AGTATGCTGGAGACCA-1",3,8
"AGTATTTGGCACGACC-1",4,4
"AGTCAACACCACCATC-1",4,4
"AGTCAAGATGACACTT-1",9,13
"AGTCACTAGCTCTCGA-1",6,15
"AGTCACTCCGCCTCAT-1",5,3
"AGTCAGCCACCGCCTG-1",8,5
"AGTCCAGCGGGTACGT-1",5,3
"AGTCCATTGGCTGATG-1",7,7
"AGTCCCGCCTTTAATT-1",5,3
"AGTCCCTCGCAGAAAG-1",2,14
"AGTCGACGGTCTCAAG-1",7,7
"AGTCGGCCCAAACGAC-1",4,16
"AGTCGGCTCAACTTTA-1",5,3
"AGTCGGTTGCGTGAGA-1",8,9
"AGTCGTATAAAGCAGA-1",9,13
"AGTCGTCGACCACCAA-1",9,15
"AGTCGTGGGCATTACG-1",8,5
"AGTCTAAAGTATACTC-1",3,8
"AGTCTCACAAGACTAC-1",8,5
"AGTCTGGACATCCTTG-1",8,5
"AGTCTTCTCCTCAAAT-1",7,7
"AGTCTTTAAAGTGTCC-1",7,13
"AGTGAACAAACTTCTC-1",7,7
"AGTGAAGATGGTGTCC-1",1,14
"AGTGACCTACTTTACG-1",7,7
"AGTGAGACTTCCAGTA-1",7,7
"AGTGAGCCTCGCCGCC-1",8,9
"AGTGAGGGTTTCTGAC-1",5,3
"AGTGAGTCGAATTAAC-1",6,15
"AGTGATAACCTGCGCG-1",6,15
"AGTGATATGAGTAGTT-1",4,4
"AGTGATTCAAGCAGGA-1",4,4
"AGTGCACGCTTAAGAA-1",9,13
"AGTGCGTAGCTCGTAA-1",4,4
"AGTGCTAAACACAGCA-1",6,15
"AGTGCTTGCACGAATA-1",7,7
"AGTGGCCCGCAAATGG-1",9,15
"AGTGGCGGCAATTTGA-1",8,9
"AGTGGCGTCTGAAGGT-1",6,15
"AGTGGCTCCGTCGGCC-1",3,8
"AGTGGTGTTACCCGTG-1",2,2
"AGTGTATTGCGCATTG-1",5,3
"AGTGTGGTCTATTGTG-1",8,5
"AGTTAAACACTTGCGA-1",4,4
"AGTTAAGCGGTCCCGG-1",8,16
"AGTTAAGTCAACCGCT-1",5,3
"AGTTACCGCACATGGT-1",3,8
"AGTTACTCTATCGTGG-1",8,9
"AGTTCCTACAGAATTA-1",7,7
"AGTTCCTATTTATGTT-1",7,7
"AGTTCTGCGTTGTATC-1",5,3
"AGTTGACATCGGCTGG-1",5,5
"AGTTGACGGTCCTTGC-1",7,7
"AGTTGCTGACTGATAT-1",5,3
"AGTTTATGTAAAGACA-1",2,2
"AGTTTCGCAGGTCGGA-1",4,5
"AGTTTGCACCTGCCTC-1",9,13
"AGTTTGGCACGGGTTG-1",7,7
"AGTTTGGCCAGACCTA-1",8,5
"ATAAACCATTGGACGG-1",8,5
"ATAAACGGACCCGTAA-1",7,7
"ATAAACGTTGCACCAC-1",1,1
"ATAAAGGCTCGGTCGT-1",7,7
"ATAAAGGTCAAGTACG-1",5,5
"ATAAATATTAGCAGCT-1",8,5
"ATAACGCCGGAGGGTC-1",7,7
"ATAACGGAGTCCAACG-1",4,7
"ATAACGTTACCTCCAC-1",2,2
"ATAAGCAAACACCGAG-1",2,2
"ATAAGGTGGAGAACAT-1",9,13
"ATAAGTACCCGATTGT-1",3,2
"ATAAGTAGGATTCAGA-1",8,9
"ATAAGTAGGGCGACTC-1",8,9
"ATAAGTTACCGCGACG-1",7,7
"ATAATACCGTTAGCCG-1",5,3
"ATAATAGCTGTTGAAT-1",7,7
"ATAATAGTGTAGGGAC-1",8,5
"ATAATCTTGGAGAACC-1",9,13
"ATAATTAGCTAAGTAG-1",7,7
"ATACAGGCCCTCCAAT-1",9,13
"ATACCACGGGCAACTT-1",8,5
"ATACCAGCAAATTGCT-1",8,16
"ATACCAGGCTAATAGA-1",4,16
"ATACCAGGTGAGCGAT-1",8,9
"ATACCGTCATCCATAA-1",2,2
"ATACCTAACCAAGAAA-1",7,7
"ATACGAAGGCTTTCCA-1",5,9
"ATACGACAGATGGGTA-1",4,9
"ATACGCCGATCTACCG-1",5,5
"ATACGCCGGCGAAACC-1",9,13
"ATACGGAACGTCGTTT-1",3,8
"ATACGGGTTTCGATTG-1",4,4
"ATACGGTGAAGATGCA-1",3,8
"ATACGTACTTAGCCAC-1",9,13
"ATACGTCCACTCCTGT-1",9,13
"ATACGTTATGCACGGA-1",7,7
"ATACTACCCGTACCAC-1",9,15
"ATACTAGCATGACCCT-1",4,16
"ATACTCTCGCCACTCT-1",5,5
"ATACTGCCTTACACCG-1",9,15
"ATACTTGTTCTCGAGC-1",3,10
"ATAGACAACGGGACCT-1",4,4
"ATAGACGAAGAGAAAG-1",4,4
"ATAGAGTACTGGGACA-1",4,4
"ATAGAGTTATCAACTT-1",8,5
"ATAGCAACTAGGGAAG-1",6,15
"ATAGCCATAACAGTCA-1",6,15
"ATAGCCTCAGTACCCA-1",5,3
"ATAGGAATCTAAGCTT-1",5,9
"ATAGGCGGCTATAGAA-1",8,9
"ATAGGCTAGCTTCGCA-1",8,5
"ATAGGGATATCCTTGA-1",4,4
"ATAGGTTGGGCAGATG-1",7,7
"ATAGTCTTTGACGTGC-1",8,5
"ATAGTGAAGCGTTCTC-1",7,7
"ATAGTTCCACCCACTC-1",4,4
"ATATAAAGCGCTCGTG-1",7,7
"ATATAAATGTAGCTGC-1",9,13
"ATATAACACGGGCGCA-1",6,15
"ATATCAACCTACAGAG-1",4,4
"ATATCGGTAGGGAGAT-1",8,9
"ATATCGTGCCAGACCC-1",8,5
"ATATCGTTCCTCGAAC-1",6,15
"ATATCTCCCTCGTTAA-1",8,9
"ATATCTTAGGGCCTTC-1",7,7
"ATATGGGATAGCAACT-1",4,4
"ATATGTCTAGAGCGTG-1",7,10
"ATATGTCTCCCTAGCC-1",4,4
"ATATGTGCACAAACCA-1",2,2
"ATATTCAGTTAAACCT-1",4,4
"ATATTCCACATAGTGA-1",9,13
"ATATTCCCACAGGTCA-1",4,4
"ATATTGCTGTCAAAGT-1",8,5
"ATATTGGAGAGGCCTT-1",7,7
"ATATTTAACCCTCAAG-1",7,7
"ATCAAACACTGTTCCA-1",7,7
"ATCAAACGAAGGTTTG-1",8,5
"ATCAAGATCCCAGGAC-1",4,4
"ATCAATCTGGGCTGCA-1",7,7
"ATCAATGCCGTGGCTG-1",2,2
"ATCACATTAGAATATC-1",4,4
"ATCACGTGCTAATTAA-1",8,5
"ATCACTTCATCCTCGC-1",4,4
"ATCAGACGGCACGCCG-1",4,4
"ATCAGCCTCATGCTGC-1",6,6
"ATCAGCTCGTCCACTA-1",3,8
"ATCAGGTAGCTGACAG-1",3,8
"ATCAGGTCGCCATTGC-1",5,3
"ATCAGTAGGCAGGGAT-1",8,9
"ATCATAGCCCTATGTA-1",6,11
"ATCATCCAATATTTGT-1",7,7
"ATCATGGACTACCGAC-1",8,9
"ATCCAACGCAGTCATA-1",4,16
"ATCCAATGGAGGGTCC-1",8,9
"ATCCACATCGACAGAA-1",7,7
"ATCCACGCTAAATGTT-1",5,3
"ATCCACTTTCAGACTA-1",3,8
"ATCCAGAGCAACAACC-1",4,4
"ATCCAGGATTCGTGAA-1",4,4
"ATCCCATTTCCGTGGG-1",4,4
"ATCCGGACCAGCCTGA-1",9,11
"ATCCTACCTAAGCTCT-1",4,4
"ATCCTGAATCGCTGCG-1",8,9
"ATCCTGCGTGGAATGG-1",4,4
"ATCCTGCTGCAGATAG-1",8,5
"ATCCTTCTGAAAGAAC-1",4,4
"ATCGACCCAATACAGA-1",7,7
"ATCGACTCTTTCCGTT-1",7,7
"ATCGCACGATTGTTCA-1",5,3
"ATCGCACGCCGGGAGA-1",7,7
"ATCGCCAGTCAACATT-1",7,7
"ATCGCTGCGTGCAGCA-1",3,8
"ATCGCTTTACGTCTCA-1",5,9
"ATCGGAGACAGACGGC-1",9,13
"ATCGGCAAGCAGTCCA-1",8,3
"ATCGGTTACCTAGTAA-1",3,10
"ATCGTCCAATCGAGTC-1",5,3
"ATCGTGGAAAGTCTGG-1",3,10
"ATCGTTAGCTAGCGGA-1",6,15
"ATCGTTCACTTTCGCC-1",5,3
"ATCTAATATCCTACGG-1",7,7
"ATCTACCATCTGCTCC-1",9,15
"ATCTAGCTTGTGAGGG-1",7,7
"ATCTCCCACGGAATAT-1",9,15
"ATCTCCCTGCAATCTA-1",4,4
"ATCTCGTGAGCGAAAC-1",4,4
"ATCTGACATGGAAGGA-1",8,5
"ATCTGATAGTGTCTTA-1",5,3
"ATCTGCACCTCTGCGA-1",8,9
"ATCTGCTGTTATCGCC-1",4,4
"ATCTGGGCTGTTCTTG-1",7,7
"ATCTGGTTAAGACTGT-1",4,4
"ATCTGTAATTGTACCC-1",4,4
"ATCTTATCGCACACCC-1",6,15
"ATCTTGACCTGCAACG-1",4,4
"ATCTTGACTTGTCCAA-1",8,9
"ATCTTTCGTATAACCA-1",2,2
"ATGAAGCCAAGGAGCC-1",4,4
"ATGACGCCGGCTCTAA-1",4,4
"ATGACGCGTTCTATCC-1",8,5
"ATGACTATCAGCTGTG-1",8,5
"ATGACTATGCGACATT-1",9,11
"ATGAGGAGTGTTAATC-1",4,16
"ATGAGGGCAGCGGCTA-1",8,9
"ATGATCGGGAATAGAC-1",4,4
"ATGATGCAATGGTACA-1",7,7
"ATGCACTACCGCATTG-1",4,4
"ATGCATGATCCAGGAT-1",7,7
"ATGCATTCCGTGATGG-1",8,5
"ATGCCAATCGCTCTGC-1",3,8
"ATGCCATTTGCGACCA-1",7,7
"ATGCCGGTCTTGCATA-1",7,7
"ATGCCGGTTGATGGGA-1",8,5
"ATGCGACAATTGGTCC-1",3,8
"ATGCGACAGTCCCATT-1",7,7
"ATGCGAGTCCCACCAC-1",7,7
"ATGCTCAGTGTTGCAT-1",4,16
"ATGCTCTGGCGCGGTA-1",9,13
"ATGCTTAGGAGTTGAT-1",7,7
"ATGGAACAGAATAAAC-1",5,3
"ATGGAACCTTTGCACA-1",8,9
"ATGGAGCAGGCCGTGA-1",7,7
"ATGGATCCGGCGTCCG-1",4,4
"ATGGATTGACCAAACG-1",7,7
"ATGGCAGCCGAGAAAC-1",3,8
"ATGGCGGAATAGTCGC-1",5,9
"ATGGCTGGAAATGGCC-1",5,3
"ATGGGAACGGAAGCGG-1",8,5
"ATGGGACCTGCTGAAC-1",5,3
"ATGGGCCTCGGCCTCT-1",7,13
"ATGGTATTGGGAACCG-1",4,4
"ATGGTCGCGTGGTTTC-1",9,13
"ATGGTGCTCAAAGCCA-1",8,9
"ATGTAAGGCTGCTCTT-1",5,9
"ATGTACATGCGGTGAG-1",9,11
"ATGTACGATGACGTCG-1",7,7
"ATGTAGCGCGCGTAGG-1",7,7
"ATGTGAAAGCCTAATG-1",5,3
"ATGTGCATCCGACGCA-1",7,7
"ATGTGGACATCTTGAT-1",9,13
"ATGTGTAGTTTAGTCA-1",8,5
"ATGTTACGAGCAATAC-1",8,5
"ATGTTCGTCGACCCAC-1",3,8
"ATGTTGATTAGAGACT-1",6,15
"ATGTTGTAGTCTGTTT-1",8,9
"ATGTTTCGGCCCGGAG-1",5,9
"ATTAAACATGCGGACC-1",7,7
"ATTAATACTACGCGGG-1",7,7
"ATTAATGAACCAGTCG-1",4,4
"ATTAATTCGGTCACTC-1",4,4
"ATTACAACTACCGGCC-1",8,5
"ATTACATGTCAGTCTT-1",7,7
"ATTACCACACTGCCTG-1",4,4
"ATTACGACTCCACAGT-1",2,14
"ATTACGCGCTGGCAGG-1",8,9
"ATTACTAGCCTCTTGC-1",4,4
"ATTACTTACTGGGCAT-1",5,3
"ATTAGATTCCTCAGCA-1",5,9
"ATTAGATTGATAGCGG-1",4,4
"ATTAGGCGATGCTTTC-1",9,13
"ATTATACTTTGCTCGT-1",4,16
"ATTATAGCTACTTTAC-1",5,9
"ATTATCGGAATGTACG-1",4,4
"ATTATCTCGACAGATC-1",8,5
"ATTATGCCATAGGGAG-1",4,4
"ATTATGCTCAGTATTG-1",3,8
"ATTATTATGTCCGTCA-1",5,3
"ATTATTCAGAGTCACT-1",6,15
"ATTCAACCATTTAAGG-1",6,15
"ATTCACTGATGTTGGA-1",7,7
"ATTCAGGACCTATTTC-1",5,3
"ATTCAGTAGCAGGGTC-1",8,5
"ATTCATATACTGTCCA-1",7,7
"ATTCATCGTTGAGGCA-1",6,15
"ATTCCCACATAAACAA-1",3,8
"ATTCCTAAGACGTGGA-1",3,8
"ATTCCTCCGCCAGTGC-1",4,16
"ATTCCTTCCAGGCGGT-1",5,5
"ATTCGACGCCGGGCCT-1",8,5
"ATTCGCAGAGGACACT-1",2,14
"ATTCGCGCCTTGAGAG-1",9,11
"ATTCGTGCTATCTCTT-1",4,4
"ATTCTCGTCTCTTTAG-1",4,4
"ATTCTGAGTATGAACT-1",5,3
"ATTCTTCGTACTTATG-1",5,3
"ATTGAAGATCTTAGTG-1",7,7
"ATTGACCGGCGATGAC-1",2,2
"ATTGACGTAACTCGGT-1",8,5
"ATTGATAGCAACGAGA-1",8,5
"ATTGATCACCACATTT-1",2,14
"ATTGATGAGTCCTAAC-1",4,4
"ATTGCCTTTATGTTTG-1",6,15
"ATTGCGATCAGTAACT-1",9,13
"ATTGCTGCTCCTCCAT-1",4,4
"ATTGGATTACAGCGTA-1",9,13
"ATTGGGAATATCTTGG-1",4,4
"ATTGGGAGTTCTGTAA-1",3,8
"ATTGGTTGTGCATTAC-1",6,6
"ATTGTACAACTCGGCT-1",4,4
"ATTGTCGCAATACCTT-1",8,5
"ATTGTCTGTTTCATGT-1",4,10
"ATTGTGACTTCGCTGC-1",3,8
"ATTGTTCAACGATCCG-1",7,9
"ATTTAACTCGTATTAC-1",4,4
"ATTTACAGTTTACTGG-1",4,4
"ATTTACTAAGTCCATT-1",5,9
"ATTTATACTGGTAAAG-1",7,11
"ATTTCATTATTTCGCG-1",8,5
"ATTTCCGGGTTCTGCG-1",8,5
"ATTTGCGCGAGTAGCT-1",8,5
"ATTTGTCTTGGGAGCT-1",7,7
"ATTTGTTCCAGGGCTC-1",4,4
"CAAACCCTCCGGCGGG-1",7,7
"CAAACGAGTATCGCAG-1",4,4
"CAAACGGTCGCACTTT-1",4,4
"CAAACGTGGTCTTGCG-1",8,5
"CAAACTACGATAGAGA-1",8,5
"CAAACTATTGAGCTTC-1",8,5
"CAAACTCGCGACGCCG-1",4,4
"CAAAGATTATTGGGCC-1",5,3
"CAAAGGTCATCTGAAA-1",4,4
"CAAAGTCAGGTTAGCT-1",5,3
"CAAATCTCTCACAAGG-1",5,3
"CAAATGTCCTTCCGTG-1",7,7
"CAAATTGGATTATGCC-1",2,2
"CAAATTGTCAGCAAGC-1",4,4
"CAACACATCTCCTGCC-1",3,8
"CAACATGGCCTGATAA-1",5,3
"CAACCAGTGGCCTACC-1",9,13
"CAACCTACCGAGCAGT-1",6,15
"CAACCTGAACCTGCCA-1",2,2
"CAACGACCCGTTTACA-1",4,4
"CAACGGTTCTTGATAC-1",4,4
"CAACGTGGTGGAGTCT-1",7,7
"CAACTATATCGAATGC-1",8,16
"CAACTCCAACGTTTAG-1",5,5
"CAACTCCGTAACTTGC-1",2,2
"CAACTCCTTGATCCCG-1",4,4
"CAACTGAGGGTATGAC-1",2,2
"CAACTGCTCATCCGAT-1",4,4
"CAACTTGTAGTGGGCA-1",8,5
"CAAGACTCAGAAGCGC-1",3,8
"CAAGAGGGCGGAGTAC-1",9,13
"CAAGATATTATAACGT-1",9,13
"CAAGCAACGTCGGAGT-1",4,4
"CAAGCACCAAATGCCT-1",4,4
"CAAGCGGCACATAATT-1",9,13
"CAAGGATCGCATGTTC-1",7,7
"CAAGGCCAGTGGTGCA-1",6,15
"CAAGGTCCTATAGGCT-1",8,9
"CAAGTAAGTGATAGAC-1",4,4
"CAAGTGAACTTTGGTT-1",8,5
"CAAGTGTGGTTGCAAA-1",7,7
"CAATAAACCTTGGCCC-1",7,7
"CAATACGAGAGTCTGA-1",4,4
"CAATACGCTCTGAGGC-1",3,2
"CAATATGTAGATTTAC-1",5,9
"CAATATTCTTGACCTA-1",8,5
"CAATATTGGACTAGTG-1",5,3
"CAATCCCTATACCAGC-1",8,3
"CAATCCTGCCGTGGAG-1",8,5
"CAATGAGGTTCGACTA-1",3,8
"CAATGCGAGAAGTATC-1",9,15
"CAATGGAATCTACATA-1",5,3
"CAATGGATCTCTACCA-1",4,4
"CAATGGTCGGCCTGGG-1",8,5
"CAATGTGCCAACCCTT-1",8,9
"CAATTAAGGGTGATGA-1",7,7
"CAATTTCGTATAAGGG-1",7,7
"CAATTTGACCGGGAAG-1",5,3
"CACAAACCGCAGAACT-1",6,15
"CACAAGAAAGATATTA-1",3,2
"CACAATGAGCTGCTAT-1",7,7
"CACACACGCTAACGAG-1",9,13
"CACACAGCTTGCGCTC-1",4,4
"CACACAGGGATAGATT-1",8,5
"CACACGCGCTGTCTTA-1",4,4
"CACACGTTTCAATGGG-1",8,5
"CACACTTGTATTGCGA-1",2,2
"CACAGCACCCACGGCA-1",7,7
"CACAGCTAGGGAGTGA-1",4,16
"CACAGGGCCATATAGT-1",6,15
"CACAGGGCCGTTGTCA-1",4,4
"CACAGTCCCGCTTCGC-1",9,11
"CACAGTTCGCTTCCCA-1",7,7
"CACATAAGGCGACCGT-1",5,5
"CACATATTAGCAGGAT-1",9,7
"CACATCGTGCACGCGC-1",5,3
"CACATCTCACCGACGA-1",9,13
"CACATGATTCAGCAAC-1",7,7
"CACATGTTTGGACATG-1",5,3
"CACATTCTTTCGATGG-1",8,9
"CACATTTCTTGTCAGA-1",4,4
"CACCACGCCACACAGA-1",2,2
"CACCAGTCAGCATGCA-1",3,2
"CACCATCGGAGGAGAC-1",4,4
"CACCATGATCGCAAAG-1",2,2
"CACCCAAATCTTATGT-1",8,9
"CACCCACACGTCACCC-1",4,4
"CACCCACGAGGCAATT-1",8,5
"CACCCGCGTTTGACAC-1",9,11
"CACCCGGTTTGTGACT-1",8,5
"CACCCTAACAAGATCT-1",9,13
"CACCCTTGGTGAGACC-1",3,8
"CACCCTTTCCTCGCTC-1",8,5
"CACCGATACACCGAGC-1",8,5
"CACCGATGATGGGTAC-1",9,11
"CACCGCCAGAAGGTTT-1",7,7
"CACCGCCGACCAGCGA-1",8,5
"CACCGCGTCCACTCTA-1",3,8
"CACCGGAGATATCTCC-1",5,3
"CACCGGGCATCACAAG-1",6,15
"CACCGTATCCCATCCG-1",9,13
"CACCGTTAGGGATCAC-1",8,5
"CACCGTTGCGCGATAT-1",8,5
"CACCTAATAGAGTCGT-1",8,5
"CACCTAATCAGTTTAC-1",4,4
"CACCTCGATGGTGGAC-1",4,4
"CACCTCTACGAGTGTG-1",4,9
"CACCTTGCGAAACTCG-1",4,4
"CACCTTGGCGCCTTTG-1",7,7
"CACGAAAGTTAGTCCC-1",8,5
"CACGACGTAATAGTAA-1",3,8
"CACGACTAAAGTTCTG-1",8,5
"CACGATTGGTCGTTAA-1",8,5
"CACGCACAGCGCAGCT-1",7,7
"CACGCAGCGAGGCTTT-1",4,4
"CACGCGGAACTGTTGC-1",7,7
"CACGGCGCGCCAAAGG-1",3,8
"CACGGGATTGAGGGTT-1",3,8
"CACGTCAATCAATGGA-1",9,13
"CACGTCGGCAACCTCT-1",8,5
"CACGTCTATGATGTGG-1",5,3
"CACGTTCGTGCTCTAG-1",7,7
"CACGTTTCGTACACAC-1",6,15
"CACTAAAGTTGCCTAT-1",7,7
"CACTACGGGAGCTGCC-1",9,15
"CACTACTCAGTTCTGT-1",8,3
"CACTCAAGAGCTATGG-1",7,7
"CACTCAGCTCTTGAGG-1",8,5
"CACTCCTATGTAAGAT-1",8,5
"CACTCCTCTCGGTCGG-1",8,9
"CACTCGAGCTGAACAA-1",9,13
"CACTCGGTTAGGAGGA-1",3,8
"CACTCTCAAGCATCGA-1",8,9
"CACTCTTCTGCTAGCC-1",6,15
"CACTGACGATTGTGGA-1",4,4
"CACTGTCCAAGTGAGA-1",4,4
"CACTTAATCAGACGGA-1",7,7
"CACTTCGCCACAGGCT-1",4,16
"CACTTCGTCTTATCTC-1",5,3
"CAGAACTTAGCCCTCT-1",6,15
"CAGAATAACACACGGA-1",7,7
"CAGAATATTCGTTATC-1",4,4
"CAGACACCGATCGCTG-1",4,4
"CAGACCTGTAAGTGTT-1",8,9
"CAGACGAACCTGATAC-1",4,4
"CAGAGACGGTCACCCA-1",7,7
"CAGAGCATGAGCTTGC-1",7,7
"CAGAGCGATGGATGCT-1",9,11
"CAGAGGCGATGCATGA-1",4,4
"CAGAGTGATTTAACGT-1",8,5
"CAGATAATGGGCGGGT-1",6,6
"CAGATACTAACATAGT-1",4,4
"CAGATCATTTAAAGTC-1",3,8
"CAGATCCTGGTTTGAA-1",3,8
"CAGCAGCCCGTTCCTT-1",7,7
"CAGCAGTCCAGACTAT-1",9,7
"CAGCAGTCTGTGCTGC-1",7,7
"CAGCCCTCACAGGCAG-1",8,5
"CAGCCGGGCCCTCTAT-1",8,5
"CAGCCTCCTGCAGAGG-1",4,4
"CAGCCTCGATAGCGGT-1",9,11
"CAGCCTCTCCTCAAGA-1",5,3
"CAGCGATTCCCTTCAA-1",4,4
"CAGCTCACTGAGACAT-1",7,7
"CAGCTCGACAAGTTAA-1",4,4
"CAGCTCGTGCTTGTGT-1",4,4
"CAGCTGGCGTAACCGT-1",5,3
"CAGCTTAGTAGGTAGC-1",8,5
"CAGGAAGACTTTATAT-1",8,5
"CAGGACAGCTGCCCTT-1",5,9
"CAGGATATATCGTTGT-1",7,7
"CAGGATCCGCCCGACC-1",8,5
"CAGGCAGTCTTACCAG-1",6,15
"CAGGCCGTTTGGGTGT-1",4,4
"CAGGCGCACGGTGGTC-1",5,3
"CAGGCGCCATGCTAGG-1",9,13
"CAGGGCTAACGAAACC-1",5,3
"CAGGTTTAGTACTACA-1",2,2
"CAGTAACTATTTATTG-1",3,8
"CAGTAATCCCTCCCAG-1",8,5
"CAGTACATTCTCTAAA-1",3,8
"CAGTACCAGTTTACGT-1",3,8
"CAGTAGCCCACGCGGT-1",4,4
"CAGTAGCGAGGTAGTA-1",5,5
"CAGTCGAGGATGCAAT-1",8,9
"CAGTCTCTCGGCTAAT-1",5,3
"CAGTCTGTATACTGGG-1",7,7
"CAGTGAATAAATGACT-1",4,4
"CAGTGGTTGCACATGA-1",5,3
"CAGTGTCCGCAGAATG-1",8,16
"CAGTGTCGGCTGGCCC-1",9,15
"CAGTTCAAATTGACAC-1",7,7
"CAGTTCCGCGGGTCGA-1",8,5
"CAGTTCGAGGACCCGA-1",4,9
"CATAACGGACAGTCGT-1",4,4
"CATAAGAAGCTTGGCT-1",7,13
"CATAAGCTCTCCGTCT-1",3,8
"CATAATGAGCGGGCGA-1",8,5
"CATACAAAGCCGAACC-1",8,5
"CATACACGGTTCCCAC-1",4,4
"CATACCCGTACCCAGT-1",8,9
"CATACGAACTAGCTGG-1",5,3
"CATACGGCGTCTGGGC-1",7,13
"CATACGGGTGCATGAT-1",5,3
"CATACTATGTAATTGT-1",7,7
"CATACTTAGGCAATAC-1",8,9
"CATACTTCTTTCTCCG-1",4,4
"CATAGAGGAGATACTA-1",9,15
"CATAGCCGCCCGGGAT-1",8,5
"CATAGCGTTGCCCACC-1",4,5
"CATAGTACATTGAGAG-1",4,16
"CATAGTAGCATAGTAG-1",4,4
"CATAGTCAAATACATA-1",6,15
"CATAGTCCACAAGAAC-1",8,9
"CATATACTACTGATAA-1",3,8
"CATATAGGTACAGTCA-1",7,7
"CATATGTCAGGCTACG-1",5,3
"CATATTATTTGCCCTA-1",8,5
"CATCAAACTGGCGCCC-1",2,2
"CATCATCTACCCGGAC-1",8,5
"CATCATTACCCTGAGG-1",9,13
"CATCCCGAGATTCATA-1",6,15
"CATCCGCAGGCCCGAA-1",5,3
"CATCCTCTCAAAGATC-1",6,15
"CATCGAATGGATCTCT-1",5,3
"CATCGCCCGCGGCCAA-1",4,4
"CATCGGACGGGTTAAT-1",7,7
"CATCGTCCGGTTACTA-1",3,10
"CATCTACCCGAGAACG-1",3,8
"CATCTAGTGAAGGGAA-1",4,4
"CATCTATCCCGTGTCT-1",5,3
"CATCTTACACCACCTC-1",4,4
"CATGAACCGACATTTG-1",4,16
"CATGAACCTCTTATCA-1",8,5
"CATGACTTCGCTGAAT-1",4,4
"CATGAGATGCACTCTC-1",9,13
"CATGATCGCTTTGAGA-1",9,11
"CATGATGCACAATTCT-1",4,4
"CATGATGGAAGTTAGC-1",7,7
"CATGCACGTGTTACTG-1",8,9
"CATGCATGGAGACCCT-1",8,5
"CATGCCAACTCGCAAA-1",5,3
"CATGCGACCAGTTTAA-1",8,9
"CATGCGTTAGACAGAA-1",4,4
"CATGCTGGCTCCAATT-1",4,4
"CATGGAAATGGGACCA-1",3,8
"CATGGATTGTCTTCCG-1",6,15
"CATGGCAGGAAGATCG-1",4,4
"CATGGGTATGCCTTAT-1",9,15
"CATGGGTCGGGTGTGG-1",8,5
"CATGGTAAGTAGCGTT-1",9,13
"CATGGTCTAGATACCG-1",7,7
"CATGGTTTATTAATCA-1",6,6
"CATGTAAGAGACATTT-1",6,15
"CATGTAGGAGCGCCAA-1",3,2
"CATGTCTCATTTATGG-1",9,15
"CATTACATAGATTGTG-1",3,8
"CATTACGCAGGAAGGG-1",6,6
"CATTACGTCGGCCCGT-1",4,4
"CATTATGCTTGTTGTG-1",4,7
"CATTCACTGACAGCTA-1",8,5
"CATTCAGGTCAGTGCG-1",5,3
"CATTCCCATTCCGTCG-1",5,8
"CATTCCCTAAGTACAA-1",5,3
"CATTCGTCGTAGCGGT-1",9,11
"CATTGATGAACACGCC-1",2,14
"CATTGCGAAATGGGCG-1",3,8
"CATTGCGGGTCAATTC-1",3,8
"CATTGTGTGCTAGATC-1",5,3
"CATTTAGCGGACCATG-1",4,4
"CATTTATCGTTCAAGA-1",8,3
"CATTTCTAGCAGACTA-1",8,5
"CATTTGAGTGGTACGT-1",4,4
"CCAAACAGAACCCTCG-1",4,4
"CCAAAGCAGTTGGTTG-1",5,3
"CCAAAGTCCCGCTAAC-1",8,5
"CCAAATAACAAGATTC-1",7,7
"CCAACCTTATGTAACT-1",8,10
"CCAACGATGCACTGAT-1",4,4
"CCAACGCTTGCCAGGG-1",3,8
"CCAACTTGATAGATCC-1",4,4
"CCAAGAAAGTGGGCGA-1",4,4
"CCAAGACTTCTGCGAA-1",4,9
"CCAAGCGTAACTCGTA-1",7,7
"CCAAGGAACAGAGAGG-1",4,4
"CCAAGGTTGCCCTTTC-1",6,15
"CCAATAGTGCCGTCGA-1",4,4
"CCAATCGGTAGATCGA-1",8,5
"CCAATGTCACAGCAAG-1",7,7
"CCAATTACGGGTCGAG-1",8,9
"CCAATTGAATGTTAAT-1",4,4
"CCACAATGTACGTCTT-1",4,4
"CCACACTGAGATATTA-1",4,7
"CCACAGCTGAAATCAT-1",8,5
"CCACAGTACCCATCCT-1",9,11
"CCACATACTGCACCCA-1",7,7
"CCACCAACTTTACTGT-1",8,5
"CCACCCAAGGAAAGTG-1",7,7
"CCACCTGTATGGAATA-1",7,7
"CCACGAATTTAACCTC-1",4,4
"CCACGAGAAGAGAATC-1",4,4
"CCACGGAGCCATAAGA-1",5,3
"CCACGGTGCCCGGTAG-1",8,9
"CCACGTAAATTAGACT-1",5,9
"CCACTAAACTGAATCG-1",5,3
"CCACTATCCGGGTCAC-1",3,8
"CCACTCAGATCCGCAA-1",7,7
"CCACTGGTGGCTGGTT-1",5,3
"CCACTGTTTGGATTAA-1",9,15
"CCAGAAACTGATGCGA-1",6,15
"CCAGAAAGCAACTCAT-1",8,5
"CCAGAGACAAAGCCGG-1",8,3
"CCAGATAGTTGAGTGA-1",4,4
"CCAGATGTAAATGGGT-1",2,14
"CCAGCCTGGACCAATA-1",7,7
"CCAGCGGGATCACCAG-1",3,8
"CCAGCTACGCCTCATA-1",8,5
"CCAGCTCGAACGCATT-1",7,7
"CCAGCTGATGGTACTT-1",5,3
"CCAGCTTCCGCCCGCA-1",5,3
"CCAGGCTGGCGTCTGA-1",7,7
"CCAGGGACGTGGCCTC-1",7,7
"CCAGTAGTCTGATCCA-1",4,4
"CCAGTCAAATCTCTTA-1",2,2
"CCAGTCCATTATTCGA-1",5,5
"CCAGTCTAGACGGCGC-1",4,4
"CCAGTCTTGTCATAGA-1",4,4
"CCAGTTCGGTAACTCA-1",1,1
"CCATAAACAACCCGAC-1",8,5
"CCATACCTTTACTTGT-1",8,9
"CCATAGGTTGGCGTGG-1",4,4
"CCATAGTCAGTAACCC-1",5,3
"CCATATGGAAACTATA-1",7,7
"CCATATTGGATCATGA-1",5,3
"CCATCCATACCAAGTC-1",8,5
"CCATCGCAGTTAAACT-1",7,7
"CCATCTCACCAGTGAA-1",4,4
"CCATCTTGTTCACAAT-1",8,5
"CCATGCCCTAGATTTC-1",6,15
"CCATGCCTGTTTAGTA-1",7,7
"CCATGCTCTGCAGGAA-1",4,4
"CCATGGCCCTTGTACC-1",8,5
"CCATTAGCGATAATCC-1",4,4
"CCATTCCCTGCCCACA-1",4,4
"CCATTGTTTCCTCCAT-1",3,8
"CCATTTCTACCTATTA-1",7,7
"CCCAAACATGCTGCTC-1",4,4
"CCCAACATACGTCGCG-1",8,9
"CCCAACCACACTAACA-1",8,5
"CCCAAGACAGAGTATG-1",8,5
"CCCAAGTCATTACACT-1",6,15
"CCCAATGAGATTTGCA-1",8,5
"CCCAATTTCACAACTT-1",4,9
"CCCAGAGGAGGGCGTA-1",3,8
"CCCAGGAAGAATTCGA-1",7,7
"CCCAGGTCTGAAGGCT-1",7,7
"CCCAGTAAACTTGGGA-1",2,2
"CCCAGTTAAGGCGCCG-1",7,7
"CCCATATAGGTCGATT-1",9,11
"CCCGAAGTTTCGCGAA-1",2,2
"CCCGACCATAGTCCGC-1",4,4
"CCCGAGTTTCTCCGTA-1",7,7
"CCCGATAGCCTCGCCT-1",5,9
"CCCGCAGCGCGAACTA-1",7,7
"CCCGCAGGGCCCAAAG-1",8,5
"CCCGCCATGCTCCCGT-1",4,4
"CCCGCGCAATGCACCC-1",8,5
"CCCGCTTGCCCTCGTC-1",8,5
"CCCGGGTCGTTCAGGG-1",4,4
"CCCGGTGGAAGAACCT-1",8,3
"CCCGGTGTATCGGAAT-1",3,8
"CCCGTAAGTCTAGGCC-1",8,9
"CCCGTAGCTGGGAAGA-1",8,5
"CCCGTCAGCGTCTGAC-1",4,4
"CCCGTGGGTTAATTGA-1",5,3
"CCCGTTTCGCAGATGT-1",9,13
"CCCTACCCACACCCAG-1",9,11
"CCCTACTTGAACAATG-1",9,13
"CCCTAGTGTCAGGTGT-1",5,3
"CCCTATGTAGAGCAGA-1",3,8
"CCCTCATTCTGGAATT-1",4,4
"CCCTCCTCGCTCGTAT-1",7,7
"CCCTCGGGAGCCTTGT-1",8,9
"CCCTGAAATGAGTTGA-1",4,4
"CCCTGACTAACAAATT-1",3,8
"CCCTGATGTAACTCGT-1",5,3
"CCCTGCCCAATCCGCT-1",5,3
"CCCTGCGCTACGCATA-1",8,5
"CCCTGGCTGTTCCTTC-1",2,14
"CCCTGGTATGGGCGGC-1",8,5
"CCCTGTTGGCAAAGAC-1",5,3
"CCCTTCTCGTACGCGA-1",8,5
"CCCTTTGACAGGTCTT-1",7,7
"CCGAAAGTGGTGAGCA-1",8,5
"CCGAACACTGGGCCTC-1",3,8
"CCGAACCTTCCCGGCC-1",9,13
"CCGAAGGGCGTACCGC-1",3,8
"CCGAAGTATATTGTTC-1",8,5
"CCGACAAACACATGAG-1",5,3
"CCGACAAAGGGAGTGC-1",8,5
"CCGACAATAGGCCGCC-1",7,7
"CCGACGGGCATGAGGT-1",3,3
"CCGACGTAAACACAAC-1",5,3
"CCGACTCGCATAGTCT-1",8,9
"CCGAGAAGTCGCATAA-1",4,4
"CCGAGCTGTGCTTGTC-1",2,2
"CCGAGGGATGTTAGGC-1",8,5
"CCGATATGACGTAAGG-1",7,7
"CCGATCTCAACCTTAT-1",4,4
"CCGATCTTAAGAGGCT-1",2,2
"CCGATTCGAGGGACCC-1",5,16
"CCGCACAAAGACCAAC-1",7,7
"CCGCACACGAACGTGT-1",4,4
"CCGCACGTGACCTCGG-1",8,5
"CCGCACTTGCAATGAC-1",6,6
"CCGCATGTGGTACGAT-1",7,7
"CCGCCACCACAATCCA-1",8,5
"CCGCCGGAACTTCTCG-1",2,14
"CCGCCGGTCAACACAC-1",4,4
"CCGCCGTTGAGGATAA-1",4,4
"CCGCCTGCGAATTGGT-1",5,3
"CCGCGATTTGGTAGGT-1",3,2
"CCGCGGAATGCGTCAC-1",4,4
"CCGCGGGTACGAAGAA-1",8,5
"CCGCGTAGGTAAGGGC-1",8,5
"CCGCTATCAGCACCAG-1",7,7
"CCGCTCCAGGGCGATC-1",7,7
"CCGCTCTTCCGAACTA-1",6,15
"CCGCTGGTGCCATTCA-1",8,5
"CCGCTTACCTCACTCT-1",8,5
"CCGCTTCGCGGTTAAC-1",8,5
"CCGCTTGCTGACATGG-1",3,8
"CCGGAAGTTATCAGTC-1",4,4
"CCGGAATGGTTTCAGT-1",4,16
"CCGGAGCGTACTTTCT-1",4,4
"CCGGAGGTCTTATGGT-1",2,14
"CCGGCACGACCGTTTC-1",8,9
"CCGGCGCATATTGGAT-1",4,4
"CCGGCGTGAGACTCTG-1",2,2
"CCGGGACCCGCAGAGA-1",4,4
"CCGGGCGGTCTCGTCA-1",7,7
"CCGGGCTGCTCCATAC-1",7,7
"CCGGGTTCGAGGTTAC-1",8,9
"CCGGTAATGGCTAGTC-1",8,9
"CCGGTTTGTAATTGTG-1",8,5
"CCGTAAGTTGGTCCCA-1",7,7
"CCGTACCCAAGCGCCA-1",8,5
"CCGTAGGAAATCCCTG-1",9,15
"CCGTATCTCGTCGTAG-1",5,3
"CCGTATTAGCGCAGTT-1",3,2
"CCGTGAGGCATTCATG-1",5,9
"CCGTGCCCATGACGGC-1",4,16
"CCGTGGAACGATCCAA-1",3,8
"CCGTGTTAAATTCCAT-1",8,5
"CCGTTACGTTAGAACA-1",8,5
"CCGTTCCGAATCTCGG-1",5,3
"CCTAAAGGCTGACGCT-1",8,5
"CCTAAATTAACGGTTC-1",7,7
"CCTAAATTGTATCCTA-1",7,7
"CCTAACCCAAACAAGT-1",6,6
"CCTAACTAAGGCTCTA-1",8,9
"CCTAAGTGTCTAACCG-1",5,3
"CCTACAAGTCCGGAAT-1",3,8
"CCTACATTCACAGACG-1",8,5
"CCTACGCGACCTTACA-1",5,9
"CCTACGGCTCAGTCGA-1",8,5
"CCTACTCAACACGATT-1",9,11
"CCTACTGCTTACACTT-1",4,7
"CCTAGGCGTAGCGATC-1",7,13
"CCTAGGTAAAGGTAGC-1",2,14
"CCTAGTTAGTCGCATG-1",8,5
"CCTATAATGAGTGCCC-1",9,15
"CCTATACCGTCCTGTC-1",4,4
"CCTATATTTGTCCTGG-1",4,4
"CCTATCTATATCGGAA-1",4,4
"CCTATGAAGTGGTGCC-1",8,9
"CCTATGGCTCCTAGTG-1",3,8
"CCTATGGGTTACCGTC-1",7,7
"CCTATGGTCAAAGCTG-1",7,7
"CCTATGTCCACTCCAC-1",6,15
"CCTCACCAATCTTGAC-1",4,16
"CCTCACCTGAGGGAGC-1",8,9
"CCTCACCTTAGCATCG-1",8,5
"CCTCACGTCAGCTAAT-1",7,7
"CCTCATGCAGCTACGA-1",8,5
"CCTCCCGACAATCCCT-1",8,5
"CCTCCGACAATTCAAG-1",4,16
"CCTCCTGAGCCCACAT-1",2,2
"CCTCCTGTTGTGTCGT-1",6,15
"CCTCGAAGTGGACGGG-1",4,4
"CCTCGACCCACTGCCT-1",8,9
"CCTCGCCAGCAAATTA-1",4,4
"CCTCGCGCGATATAGG-1",5,3
"CCTCGCGCTGTGCGAT-1",7,7
"CCTCGGACCGGGATAG-1",7,7
"CCTCGGATGCTACCTG-1",2,14
"CCTCGTTACGCCTGTT-1",3,8
"CCTCTAATCTGCCAAG-1",4,4
"CCTCTATCGATTAGCA-1",5,3
"CCTCTCTCCCATCTAG-1",4,4
"CCTCTGGCCTAGACGG-1",4,4
"CCTCTGTACTATTCTA-1",7,7
"CCTGAACGATATATTC-1",7,7
"CCTGAATATTTACATA-1",1,1
"CCTGACCACCGATGGT-1",7,7
"CCTGACGCAACCTTTA-1",5,5
"CCTGCCCGTTGTCTAG-1",2,10
"CCTGCGATAGAACTGT-1",5,3
"CCTGCGTTCTACGCTT-1",3,8
"CCTGCTATTTGAGAAG-1",4,4
"CCTGGAAACGTTCTGC-1",8,9
"CCTGGCTAGACCCGCC-1",4,4
"CCTGGTCGAATGTGGG-1",7,7
"CCTGTAAGACATGATA-1",4,4
"CCTGTACTCACGCCCA-1",8,9
"CCTGTCACCCGGGCTC-1",7,7
"CCTGTCCCTCACGTTA-1",8,9
"CCTGTCGCCCGTAAAT-1",7,7
"CCTGTGCATAGGAGAC-1",5,3
"CCTGTGCGGATTGTAA-1",5,9
"CCTGTTCAACCTCGGG-1",4,9
"CCTTCAGTTAAAGTGA-1",8,5
"CCTTCGTATAGAATCC-1",4,4
"CCTTCTCAGCGTTCCT-1",3,8
"CCTTCTTGATCCAGTG-1",4,4
"CCTTGACCACTTTATT-1",7,11
"CCTTTAAGGGAGCACT-1",4,4
"CCTTTCAATGAAGAAA-1",8,5
"CGAAACATAGATGGCA-1",8,5
"CGAAACGCAATTCATG-1",8,9
"CGAACAGTATGGGCGT-1",9,13
"CGAACATAGTCAGAAA-1",3,2
"CGAACCCGCATGCGTC-1",4,4
"CGAACGCCCAGTGCCG-1",4,4
"CGAACGGCCGGACAAC-1",3,8
"CGAAGACTGCCCGGGA-1",8,5
"CGAAGATCAGTTTCAT-1",7,10
"CGAAGCTATAAATTCA-1",3,8
"CGAAGTTGCTCTGTGT-1",4,4
"CGAATCTGCTCGACGC-1",3,10
"CGAATGAAGTCATTGC-1",2,10
"CGAATGACGCATAATG-1",4,4
"CGAATTCCCGGTTCAA-1",9,11
"CGACAATTTGATCTAA-1",7,7
"CGACACCGCTTAAGGA-1",2,2
"CGACACGCTCCGACAG-1",9,13
"CGACACGGATGCCCAC-1",3,8
"CGACAGTTCGCGTTAT-1",6,6
"CGACATGCGATCTTCT-1",8,5
"CGACCCTTAACGCCGG-1",3,2
"CGACGCATCCGTACCT-1",2,14
"CGACTCAGGATGTTAT-1",8,9
"CGACTCGGTACACGGT-1",2,2
"CGACTTTGTATAGCCT-1",8,9
"CGAGACCCTAGAGTGT-1",7,7
"CGAGACTACTGCTGCT-1",6,15
"CGAGAGATGTGAACCT-1",7,7
"CGAGAGCGCGTAGATA-1",2,2
"CGAGAGCTTTCACTAC-1",6,15
"CGAGAGGGTAGCCGCG-1",9,13
"CGAGATGTTGCCTATA-1",5,5
"CGAGATTTCGCTCGGG-1",4,4
"CGAGCACTTCAAGTTT-1",8,5
"CGAGCGTTGATCAGCC-1",4,16
"CGAGCTGGGCTTTAGG-1",4,4
"CGAGGAGCTTCCATAT-1",2,14
"CGAGGATCGGGAACGA-1",3,8
"CGAGGCCAGGCATTGG-1",5,3
"CGAGGCTAAATATGGC-1",7,7
"CGAGGGACTGCGGTCG-1",7,7
"CGAGGGTATCCAGGTG-1",4,4
"CGAGTACTAAAGAGGA-1",8,5
"CGAGTGAAGGTACCAG-1",5,3
"CGAGTGCTATAGTTCG-1",8,5
"CGAGTTCTGTCCCACC-1",4,4
"CGAGTTTATCGGACTG-1",4,4
"CGATAACCAATTTGAG-1",3,8
"CGATAATACTCAGGTT-1",4,4
"CGATACCTCGCGGACA-1",4,4
"CGATAGTCGTACTGCA-1",6,15
"CGATATTAGCCGCAGG-1",8,5
"CGATCATTAGAGGCAC-1",2,2
"CGATCCACCATTGTTG-1",4,4
"CGATCCGACCCAGTGC-1",7,7
"CGATCGAGAAGCACCA-1",7,4
"CGATCTGTTGGAGGAC-1",5,3
"CGATGGACCCTACGCC-1",5,3
"CGATGTTGTTATCTAC-1",2,14
"CGATTAAATATCTCCT-1",7,7
"CGATTCGCCTGGCTGC-1",9,13
"CGCAAACACGAGTTAC-1",4,4
"CGCAATTACTTTCGGT-1",4,16
"CGCAATTAGGGTAATA-1",4,4
"CGCAATTCTACAATAA-1",8,5
"CGCACATGTCCACTAC-1",7,7
"CGCACGTGCGCTATCA-1",4,4
"CGCAGAAACATTTGCG-1",8,5
"CGCAGATCTTCACCCG-1",3,8
"CGCAGGCGATCCAAAC-1",9,13
"CGCATCATGGCTTCAG-1",5,3
"CGCATCCATCAGCCAG-1",3,8
"CGCATGCCGAATGCGT-1",6,15
"CGCATGGTGCGATGCT-1",7,7
"CGCATTAGCTAATAGG-1",7,7
"CGCCAAGAAGCCGAGT-1",5,3
"CGCCACAGGTCGCGAT-1",2,14
"CGCCACCCGCATTAAC-1",5,3
"CGCCATCCGATTATGA-1",4,4
"CGCCCAGCACGCCTAG-1",4,4
"CGCCCAGCGTTTCACG-1",6,15
"CGCCCGCTTCCGTACA-1",4,16
"CGCCCTTGAAGGCTGA-1",8,3
"CGCCGCCCATGCCTGT-1",7,7
"CGCCGGTGTCGCAGTA-1",2,2
"CGCCGTCTACCCATCG-1",5,9
"CGCCGTTCAGCATAGT-1",9,15
"CGCCTCCCTCCTCTAT-1",9,13
"CGCCTGGCCTACGTAA-1",8,9
"CGCCTTTAGCATGCTC-1",4,4
"CGCGAAGTGGCATACT-1",6,15
"CGCGACACTGCGCAGC-1",3,8
"CGCGACCGCGACAGAT-1",9,13
"CGCGAGAGGGACTTGT-1",3,8
"CGCGAGTCTGCCGGGT-1",3,8
"CGCGCAAATGTCCAGA-1",3,8
"CGCGCAAGGAACTACA-1",5,3
"CGCGCATGTTTGATTG-1",7,7
"CGCGCCCGACTTAATA-1",4,4
"CGCGGCAGTATTACGG-1",5,3
"CGCGGCTCAACTTGAA-1",7,7
"CGCGGGAATTAGGCAG-1",7,13
"CGCGGGAATTCCTTTC-1",9,13
"CGCGGTAAGTCTAGCT-1",3,8
"CGCGGTACGGTATACA-1",9,6
"CGCGGTCACAAACCAA-1",3,8
"CGCGTCATATTAAACC-1",8,9
"CGCGTGCTATCAACGA-1",5,3
"CGCGTTCATGAAATAC-1",4,4
"CGCTACCGCCCTATGA-1",8,5
"CGCTACGGGACATTTA-1",4,9
"CGCTAGAGACCGCTGC-1",4,4
"CGCTATACCGCCCACT-1",8,16
"CGCTATCGTGGCTTTA-1",3,8
"CGCTATTCAATGTATG-1",8,5
"CGCTATTCTTAGGCTC-1",7,7
"CGCTCGACATAATGAT-1",4,4
"CGCTCTCCGTAGATTA-1",4,4
"CGCTGAGGACGTCCAA-1",8,5
"CGCTGGTGACTACCCT-1",7,7
"CGCTGTGACGCCGCAC-1",4,13
"CGCTGTGTGGATGTTG-1",8,16
"CGCTTAGTATTGATAC-1",4,4
"CGCTTATTCCCGGTCG-1",8,9
"CGCTTCCACTGAAATC-1",4,4
"CGCTTCGGTCTAAGAC-1",6,6
"CGCTTGGACGGATAGA-1",9,11
"CGCTTTCATACCGGTG-1",4,4
"CGCTTTCCGCCAAGGT-1",7,7
"CGCTTTCTTGCATTCG-1",4,4
"CGGAAAGAATCAAACG-1",4,4
"CGGAAATTTCACATCC-1",5,3
"CGGAACGTAAACATAG-1",4,4
"CGGACCTTTACGTCCC-1",7,7
"CGGACGTTACTTGAAG-1",2,2
"CGGAGCAATTTAATCG-1",7,7
"CGGAGCATGGCGATCC-1",7,7
"CGGAGCTTATAACACC-1",8,5
"CGGAGTTTGAGAGACA-1",4,4
"CGGATAAGCGGACATG-1",5,3
"CGGATCCTCAAGGACT-1",9,13
"CGGCAAACATCGTGCG-1",7,7
"CGGCAATAAGATCGCC-1",7,7
"CGGCACCGTTAGCGCC-1",5,3
"CGGCACTCAAGAAAGT-1",8,5
"CGGCAGGGTCGGGTTG-1",4,4
"CGGCCACGCACAAAGT-1",7,7
"CGGCCAGAGCGACCAT-1",4,9
"CGGCCCAACCTGTAGT-1",3,8
"CGGCCCAGGTATATCC-1",4,4
"CGGCGCCATCAATCCC-1",6,15
"CGGCTCTAAAGCTGCA-1",7,7
"CGGCTCTTCGTCGAAC-1",5,3
"CGGCTGAAGGTTACGC-1",5,9
"CGGCTGCAAGATTAAG-1",8,5
"CGGCTTTGTATGATAA-1",8,5
"CGGGAATATAGTATAC-1",7,7
"CGGGAATTTATGTAAA-1",7,7
"CGGGAGCTTCAGTGTA-1",9,13
"CGGGAGTATACCGCCG-1",5,3
"CGGGATCAATGTAAGA-1",7,7
"CGGGCAGCTAAACCGC-1",7,7
"CGGGCCATAGCCGCAC-1",5,3
"CGGGCCTTCTTTGTAA-1",7,7
"CGGGCGATGGATCACG-1",7,7
"CGGGCTACTTAAATTG-1",3,8
"CGGGTGTACCCATTTA-1",4,4
"CGGGTTCGGCACGTAT-1",3,8
"CGGGTTGTAGCTTTGG-1",5,3
"CGGGTTTGTTAGGGCT-1",7,7
"CGGTACTAGAATCAAA-1",9,13
"CGGTAGAGGTGCAGGT-1",8,9
"CGGTATAGGTATTAGC-1",3,8
"CGGTATGGGCACTCTG-1",7,11
"CGGTCAAGTGGGAACC-1",4,4
"CGGTCAGTCCATATTT-1",7,7
"CGGTCCATGAGACTCC-1",2,14
"CGGTCCGTCGCAAGCC-1",4,4
"CGGTCTATCAACCCGT-1",8,5
"CGGTGAAGACTAAAGT-1",8,5
"CGGTGCAGATAGAACG-1",4,9
"CGGTGCGCGTTGGTCC-1",8,5
"CGGTGGGCTCCAGCCT-1",3,8
"CGGTGTACTTGATCCC-1",8,5
"CGGTTATCCAACAGTG-1",8,9
"CGGTTCAAGTAGGTGT-1",8,9
"CGGTTCCGGCTTCTTG-1",8,5
"CGGTTGACCTGGCATA-1",8,9
"CGGTTGGGCAGGGTCC-1",7,7
"CGGTTGGGTTCAAGTT-1",3,8
"CGGTTTATGAAGGAAC-1",3,8
"CGTAAACGCTTGAGTG-1",8,5
"CGTAACGGAACGATCA-1",3,10
"CGTAACTTCGACACTT-1",4,9
"CGTACCGAAAGTCTAG-1",5,3
"CGTACCTGATAGGCCT-1",7,7
"CGTAGAGAGTAATTAT-1",6,15
"CGTAGCGAATTGTCAG-1",4,4
"CGTAGCGCCGACGTTG-1",8,5
"CGTATCTAGAACTAAG-1",9,11
"CGTATTAAGAGATCTA-1",7,7
"CGTCAAATGGTCGCAG-1",1,14
"CGTCAAGGCTATAAAT-1",3,8
"CGTCACGTCCATTGGT-1",7,4
"CGTCAGTGCGCACAAG-1",4,16
"CGTCAGTTTATCGTCT-1",8,9
"CGTCATACCATATCCA-1",8,5
"CGTCCTCATCGCGTGC-1",6,15
"CGTCGCATGTGAGCCA-1",9,13
"CGTCGCGGCGGGATTT-1",5,3
"CGTCGCTTGGTTATAC-1",5,10
"CGTCGGATAGTGTTGA-1",4,4
"CGTCGGGTCTAAGCGC-1",3,8
"CGTCGTCCTTCGCGAA-1",9,13
"CGTCTCTCGCCGAGGC-1",3,8
"CGTCTGGAAGGGCCCG-1",4,4
"CGTCTTGAGTGTGACG-1",8,9
"CGTGAAGTTAATTCAC-1",7,7
"CGTGACATTGGGTCGT-1",8,5
"CGTGACCAGTCCTCTG-1",4,4
"CGTGCACACCACTGTA-1",6,15
"CGTGCAGACTGGGACA-1",9,13
"CGTGCATTGTCGACGC-1",8,9
"CGTGCCCGACATTTGT-1",8,9
"CGTGCCCTCCCGAAGA-1",9,13
"CGTGCTGGCCTAGTCG-1",5,3
"CGTGCTTCTACCTAAA-1",3,8
"CGTGGAAGCCTCGTAC-1",4,4
"CGTGGCCGAATATCTA-1",7,7
"CGTGGTACCCAAAGGC-1",8,10
"CGTGTCCCATTCGCGA-1",4,4
"CGTGTCTCGTTACGAC-1",5,3
"CGTGTGTTAAACCCTG-1",5,9
"CGTTAAACTAGTTAGG-1",7,7
"CGTTAATGTCCCGACG-1",6,15
"CGTTAGCTCACAACTG-1",5,3
"CGTTCAAGGAAACGGA-1",8,9
"CGTTCAGACCCGCGAA-1",4,4
"CGTTCATGGTGCGCGT-1",3,8
"CGTTCTTCGCACACCT-1",3,2
"CGTTGAATACCGCGCT-1",9,13
"CGTTGAGCGACCGTCG-1",6,6
"CGTTGAGTAATTGCGT-1",3,8
"CGTTGCCCGCGTGGGA-1",8,5
"CGTTGTAAACGTCAGG-1",5,3
"CGTTGTAAGATTGATT-1",3,8
"CGTTGTCGGCAATTGA-1",7,7
"CGTTGTTTCAATTCCC-1",4,4
"CGTTTAAGCGGAGCAC-1",4,4
"CGTTTACAAGGCAGCT-1",2,14
"CGTTTCACTTCGGGCG-1",8,9
"CGTTTCGCTCATTACA-1",7,7
"CGTTTCGGTTATATGC-1",9,11
"CGTTTGGTGTTGTGGG-1",9,11
"CGTTTGTGTAGAGGGT-1",8,5
"CTAAACGGGTGTAATC-1",8,5
"CTAAAGAATGCCTACT-1",4,4
"CTAAAGGGAAATAGGA-1",7,7
"CTAAAGTCCGAAGCTA-1",5,3
"CTAAATCCGGTGTACA-1",5,3
"CTAAATCCTATTCCGG-1",4,4
"CTAACCGCGCGCCCGT-1",4,4
"CTAACGAAACTTGCTG-1",4,4
"CTAACTGATAATCGCC-1",6,15
"CTAACTGGTCCGGTTC-1",8,5
"CTAAGGGAATGATTGG-1",9,13
"CTAAGTACAGGGCTAC-1",3,8
"CTAATTATGAAGCGTA-1",2,2
"CTAATTCGCACGCGCT-1",4,10
"CTAATTCTCAGATATT-1",5,9
"CTAATTTCAACAACAC-1",8,5
"CTACAAGAAATAACCC-1",8,5
"CTACACTAGCTTGTTC-1",8,5
"CTACACTCGCAGATGG-1",6,15
"CTACCCTAAGGTCATA-1",4,4
"CTACGAACTAGGTCGA-1",8,5
"CTACGACTAGCTATAA-1",8,9
"CTACGCACGGAGTACC-1",7,7
"CTACGCCATTTCCGAT-1",8,5
"CTACGTGTTGCCACCA-1",5,3
"CTACTATCATAGGTTT-1",3,8
"CTACTATCTTTCAGAG-1",4,4
"CTACTCAAGGTATAGT-1",8,10
"CTACTCTAGGCCCGGC-1",8,5
"CTACTGCCACCTGACC-1",7,7
"CTAGACATATATGTAG-1",3,8
"CTAGACTGCATTTCGT-1",5,3
"CTAGATAAACTCCTCG-1",5,3
"CTAGATGTGAGTGTAA-1",8,9
"CTAGATTTACGACGGC-1",9,13
"CTAGCAACTAATTTAC-1",5,3
"CTAGCATAGTATAATG-1",7,7
"CTAGCCACAGGCGAGC-1",7,7
"CTAGCCGATGTTATGA-1",5,8
"CTAGCTTAATGGTCCC-1",4,4
"CTAGGCGCCCTATCAG-1",6,15
"CTAGGCGGCAGAGAAT-1",8,5
"CTAGGTCTGAAGGAAT-1",4,4
"CTAGGTTCGGACGTGA-1",7,13
"CTAGTAGAAAGGGATT-1",9,13
"CTAGTATTCGGAATTA-1",8,5
"CTAGTCACGTCTTAAG-1",7,13
"CTAGTGAAGGACAGGA-1",4,4
"CTAGTTACAACCCGGT-1",9,13
"CTAGTTGGGCCCGGTA-1",7,7
"CTATAAGAGCCAATCG-1",8,9
"CTATAGGCGTTGATGT-1",5,3
"CTATCACAACGCTGGA-1",7,7
"CTATCGACGAAATACA-1",6,15
"CTATCGCGTAGAGAAC-1",7,7
"CTATCGGGTCTCAACA-1",7,7
"CTATGCCCGAATGCAA-1",4,4
"CTATGGGAAGCGGAAT-1",1,1
"CTATGTCACTAGCCCA-1",7,7
"CTATGTCTATTGAAAC-1",4,4
"CTATGTGAGTCACGGC-1",3,8
"CTATTCATGTGTCCCA-1",7,7
"CTATTGTGTTTGGTCA-1",3,8
"CTATTTGCTTGGAGGA-1",4,4
"CTATTTGGTTACGGAT-1",7,7
"CTCAAACCACTGCCCG-1",8,5
"CTCAACTAACCCGGAT-1",6,15
"CTCAAGACATTAGCGC-1",3,8
"CTCACACGCAAGCCTA-1",2,14
"CTCACATTTACTAAAT-1",7,7
"CTCACCGATCCAAACT-1",2,2
"CTCACTGTGATACTTA-1",7,7
"CTCACTTGGCTGGTAA-1",8,9
"CTCAGGACTCACCTGT-1",8,5
"CTCAGTCACGACAAAT-1",8,9
"CTCATAAATGTGTATA-1",6,15
"CTCATCACTTAGTGAT-1",2,2
"CTCATGGCTCACAATC-1",4,4
"CTCATGGTAATTTGCG-1",5,3
"CTCATTAACGTTGCCC-1",3,8
"CTCATTGCTCTAACAA-1",9,13
"CTCATTTGATGGGCGG-1",7,7
"CTCCCAATGAGTCGCG-1",7,4
"CTCCCTCCTTTCGATC-1",5,3
"CTCCGAGTAAATCCGC-1",4,16
"CTCCGCCCACATGAGG-1",4,4
"CTCCGGCCTAATATGC-1",1,1
"CTCCGGCTTGTAGACA-1",5,3
"CTCCTAAGTTATGTCT-1",8,5
"CTCCTCCAGCTCACAC-1",4,5
"CTCCTGTTCAAGGCAG-1",7,7
"CTCCTTTACGCAAGTC-1",3,8
"CTCGAATGGAACGTAT-1",3,8
"CTCGAGATCCAAAGCA-1",5,3
"CTCGAGGTCGAACAGT-1",7,7
"CTCGATATTTGCGAGC-1",5,9
"CTCGCACCTATATAGT-1",7,7
"CTCGCCGAATGTAGGG-1",7,7
"CTCGCTAGGTAAGCGA-1",6,15
"CTCGGGATAACACCTA-1",3,8
"CTCGGGTTCTCTGGCC-1",3,8
"CTCGGTACCACTGCTC-1",7,7
"CTCGGTCCGTAGCCTG-1",4,4
"CTCGGTTGTCGGCCCT-1",3,8
"CTCGTCGAGGGCTCAT-1",2,2
"CTCGTCTGTGCCTTCG-1",9,13
"CTCGTTTCTAATGTTT-1",3,8
"CTCTAATGCATTGATC-1",3,8
"CTCTACACTGGCGATT-1",3,8
"CTCTACATCCTGCGTG-1",4,4
"CTCTAGCCCTCGGAAA-1",6,15
"CTCTATTTGGCTGCAG-1",7,7
"CTCTCACAATCGATGA-1",7,7
"CTCTCGATGTGCGCCT-1",8,5
"CTCTCTAACTGCCTAG-1",3,8
"CTCTGCGAAGCAAGCA-1",4,4
"CTCTGGACGCCTGGTG-1",7,7
"CTCTGTCCATGCACCA-1",9,11
"CTCTGTGCCTGCTATG-1",8,5
"CTCTGTTTGAGGATTC-1",4,4
"CTCTTCTATTGACTGG-1",7,7
"CTCTTCTGGAAGTTAG-1",5,10
"CTCTTGTCCCGCTTGG-1",7,7
"CTGAAACGGCCCTCAG-1",3,8
"CTGAAAGAGATCCGAC-1",4,4
"CTGAATCCGAGACCTC-1",7,7
"CTGAATTTATTGCCAG-1",3,8
"CTGACATAGAAATAGA-1",7,7
"CTGACTGCGCAGCTCG-1",8,9
"CTGAGAAAGTTCGGCG-1",4,4
"CTGAGAGTAGAAATAC-1",9,11
"CTGAGCAAGTAACAAG-1",8,5
"CTGAGCGAGACTTATT-1",3,8
"CTGATAGTGTATCTCA-1",3,8
"CTGCACAACTACATAT-1",9,13
"CTGCACCTAGTCCACA-1",3,8
"CTGCACCTGGAACCGC-1",4,4
"CTGCACTCCAGTACAG-1",7,7
"CTGCAGAGAATCAGAG-1",6,15
"CTGCCAAGGTTGGAAG-1",4,4
"CTGCCATGCATCACAT-1",7,7
"CTGCCTAGCCACCAAG-1",8,5
"CTGCCTCATATGCAAC-1",5,9
"CTGCCTTTAATACCTT-1",5,3
"CTGCCTTTCTAGTAAA-1",6,15
"CTGCGACCTCGCCGAA-1",7,7
"CTGCGATTTCGAGATT-1",4,4
"CTGCGGGTGAAATGTT-1",8,5
"CTGCGGTAGTCACGTG-1",5,3
"CTGCGTTACGATATAA-1",5,3
"CTGCTGAGGCCACGAA-1",8,5
"CTGCTGTCTAACGAGC-1",4,4
"CTGCTTGGCGATAGCT-1",9,13
"CTGCTTTATGTCCGCG-1",2,2
"CTGGAAATGGATGCTT-1",7,7
"CTGGAAGACACGGTGG-1",6,15
"CTGGACGCAGTCCGGC-1",2,2
"CTGGATTTACACTTGA-1",7,7
"CTGGCATCCGAATGAG-1",5,3
"CTGGCGACATAAGTCC-1",8,16
"CTGGCGATTTACATGT-1",6,6
"CTGGCGCACAGGTCTG-1",7,7
"CTGGCGGGAATAAGTA-1",8,5
"CTGGCTCCTGCGGGAT-1",5,3
"CTGGCTGATTCATCCT-1",7,7
"CTGGCTGCTAACGTAA-1",5,3
"CTGGCTGGTTGTCAGT-1",7,7
"CTGGGATAAATAATGG-1",7,7
"CTGGGATACGCTACCC-1",8,9
"CTGGGCCTGCTATATC-1",8,9
"CTGGGCTATCCTTTGG-1",3,8
"CTGGGTAGGCAGTTAA-1",9,13
"CTGGGTTGAGTTAAAG-1",2,14
"CTGGTAAAGACTTACA-1",6,6
"CTGGTAAAGTGTGGGC-1",9,13
"CTGGTAACACATAGAA-1",7,7
"CTGGTAACGAGCTCTT-1",8,9
"CTGGTCATTCCAATCC-1",3,3
"CTGGTCCTAACTTGGC-1",8,5
"CTGGTTCAACGCATCA-1",8,5
"CTGGTTCGCGAGCTAC-1",8,9
"CTGGTTTCGAGCAAGA-1",9,13
"CTGTACTTCTTAGCAT-1",7,7
"CTGTAGCCATCTCACT-1",4,4
"CTGTAGTGAGGATCGA-1",8,10
"CTGTATGGTGTAGAAA-1",8,5
"CTGTCAAATGGCTCGG-1",4,4
"CTGTCACGCCAGGCGC-1",3,3
"CTGTGCAGGGTAGGTC-1",7,7
"CTGTGGTCGGGAGATA-1",6,15
"CTGTTACCCAATCTAG-1",7,7
"CTGTTCACTGCCTGTG-1",4,7
"CTGTTCATCTCACGGG-1",4,16
"CTTAACTTACAGTATA-1",6,15
"CTTAACTTCGAAGTAC-1",4,16
"CTTACACGGTATTCCA-1",4,4
"CTTACACTGGGAAATA-1",4,4
"CTTACATAGATTTCTT-1",7,7
"CTTAGATGTTTCATCC-1",1,1
"CTTAGCCTTCCACATG-1",4,4
"CTTAGTAGGCCTACAG-1",8,9
"CTTAGTGTAGTAGCAT-1",9,11
"CTTATAGATGGCTGTT-1",7,7
"CTTATGCGCTCAGGGC-1",3,2
"CTTATGTTGACTACCA-1",8,5
"CTTCAACTCCACTTGG-1",9,13
"CTTCAGTGGTCGCCTA-1",3,8
"CTTCAGTTGGACAACG-1",6,15
"CTTCATAGCTCAAGAA-1",4,4
"CTTCATTGTCAGTGGA-1",7,7
"CTTCCGCTCCGTGAAG-1",4,4
"CTTCCTGCATATTTAC-1",5,9
"CTTCGATTGCGCAAGC-1",6,15
"CTTCGGCCAATTGTTT-1",7,7
"CTTCGTAGATAGGTGA-1",4,4
"CTTCTATGTTGAAGTA-1",8,4
"CTTCTATTAATGCTAG-1",4,4
"CTTCTTACGTCGTATA-1",4,4
"CTTGACCCGAAAGATA-1",1,1
"CTTGAGGTTATCCCGA-1",8,5
"CTTGAGTTAGGGTAAT-1",7,7
"CTTGATGACCATCCAG-1",6,15
"CTTGCAACCGCCTCCT-1",8,9
"CTTGCCCACCCACGCA-1",6,6
"CTTGCCCAGGCTCTAC-1",7,7
"CTTGGCCAAGCTGGGA-1",4,4
"CTTGTACTTGTTGACT-1",4,4
"CTTGTCAACATTCGAG-1",7,7
"CTTGTCGTACGTGTCA-1",8,5
"CTTGTGAGGACAGCGG-1",5,3
"CTTGTGAGTCTTTGAC-1",8,5
"CTTGTGCTCACCGATT-1",8,9
"CTTGTTGCTGAGTCAA-1",7,7
"CTTGTTTATGTAGCCA-1",8,5
"CTTTAACTTTCAAAGG-1",7,7
"CTTTAATATTGGTCGA-1",1,1
"CTTTACCGAATAGTAG-1",6,15
"CTTTAGGAACACTGTT-1",7,7
"CTTTAGTGCTATTATT-1",7,7
"CTTTCTGTGCGGGCTT-1",7,7
"CTTTGCTGTCATGGAT-1",4,4
"CTTTGGCGCTTTATAC-1",5,8
"CTTTGGCTTTAGTAAA-1",4,4
"CTTTGGGATTGTTGCA-1",8,5
"GAAACAGATGACCACC-1",7,7
"GAAACAGCCATGCAGT-1",4,4
"GAAACATAGGAAACAG-1",2,2
"GAAACCATGGTGCGCT-1",5,3
"GAAACCGAATTACCTT-1",7,4
"GAAACCTATACAAATG-1",4,4
"GAAACTCGTGCGATGC-1",8,5
"GAAACTCTAATGAAGG-1",4,4
"GAAAGAACAGCGTTAT-1",4,4
"GAAAGCAGTGCACTTT-1",4,7
"GAAAGCCCTTTGGACC-1",5,3
"GAAAGTGACTAACTGC-1",4,16
"GAAATACCTGCTGGCT-1",5,3
"GAAATACTAAACGTTT-1",8,5
"GAAATATCACCATCAG-1",8,5
"GAAATATGCTTGAATG-1",3,2
"GAAATCGCGCGCAACT-1",4,4
"GAAATGGCGGTGTTAG-1",7,7
"GAAATGGGATGTAAAC-1",5,3
"GAAATTAGCACGGATA-1",5,3
"GAAATTCACATCGCTG-1",4,4
"GAAATTGTCTCTATAA-1",7,7
"GAACAACTGGGATGAA-1",6,15
"GAACACACATCAACCA-1",4,4
"GAACAGATTACTAAAT-1",7,13
"GAACATTAGTATGTTA-1",2,14
"GAACCATCTGGGAGAC-1",8,5
"GAACCCTCTGTGTTCT-1",7,7
"GAACCTCGACCTACAC-1",2,2
"GAACCTTTAACGATCC-1",9,13
"GAACGACCGAATGATA-1",4,4
"GAACGATAAGTTAAAG-1",2,2
"GAACGCGGGTCACACG-1",4,4
"GAACGTCTCATGGTCG-1",4,4
"GAACGTTAGGAAGACG-1",3,8
"GAACTGTGGAGAGACA-1",7,7
"GAACTTAGCGCCCGGT-1",5,9
"GAACTTGTGCACGGGA-1",2,14
"GAAGAAACGATATTGT-1",5,3
"GAAGAACGGTGCAGGT-1",4,4
"GAAGACTTCAATGCCG-1",8,5
"GAAGCAAGGCAATGTT-1",8,5
"GAAGCCACTGATTATG-1",7,7
"GAAGCCTGCACATTCC-1",4,4
"GAAGCGTGAGGAATTT-1",7,7
"GAAGCTCGGACCCGTC-1",3,8
"GAAGCTTGCTGACCGC-1",4,4
"GAAGGACTAAATTGAA-1",5,3
"GAAGGAGTCGAGTGCG-1",4,4
"GAAGGCTACCATTGTT-1",2,2
"GAAGGGCATAACCATG-1",5,3
"GAAGGGTCATTAAGAC-1",7,7
"GAAGTCAGTTGCACTA-1",7,7
"GAAGTCTCCCTAGCGA-1",7,7
"GAAGTGATTTATCGTG-1",4,4
"GAAGTGCTGGATAGCT-1",4,4
"GAAGTTTCCACTCAAT-1",4,4
"GAATAGACGCGACCCA-1",7,7
"GAATAGCATTTAGGGT-1",4,4
"GAATAGCCCTGCGGTC-1",3,2
"GAATAGTGCTCGATTA-1",5,3
"GAATATTCGGAGTCCC-1",8,5
"GAATCGACATGGTCAC-1",4,4
"GAATCGCCGGACACGG-1",8,5
"GAATCTGAACATTCTC-1",7,7
"GAATGAAGGTCTTCAG-1",2,14
"GAATGCCGAAATGACC-1",5,3
"GAATGCGAATCGGTTC-1",7,7
"GAATGTATGGCAGGTC-1",5,3
"GAATGTGGTCCGGATT-1",9,13
"GAATGTTGGGTAATCT-1",7,7
"GAATTATAGTGAAAGG-1",7,7
"GAATTATGCAACCTAC-1",3,8
"GAATTCACCCGGGTGT-1",7,7
"GAATTTCTCGCTGCAG-1",4,16
"GACAAACATATGCAGG-1",7,7
"GACAACGACCATTGAA-1",4,13
"GACAACGCAGCTTACG-1",4,16
"GACAAGACGCCCGTGC-1",9,11
"GACAAGAGATGAGATT-1",7,7
"GACACAAGGGAAGAAA-1",7,7
"GACACAGCCGGGACTG-1",6,6
"GACACGAGTTAGAGGA-1",8,5
"GACACTGAGTTCAGTG-1",4,4
"GACACTGGAACCCGAT-1",7,7
"GACACTTCCAATTACC-1",6,15
"GACAGATTTCTGGCTC-1",2,2
"GACAGCCAGACCTGAC-1",7,12
"GACAGGCACACACTAT-1",5,3
"GACATCCGTCGAACTG-1",7,7
"GACATCGATTTATAAC-1",4,4
"GACCAAACGTTGACTG-1",9,13
"GACCACACTTCCCTTT-1",7,7
"GACCAGAGCCCTGTAG-1",4,4
"GACCAGGTCATTCATA-1",8,9
"GACCCAATTATGATAC-1",3,8
"GACCCGTCGCCGGCTA-1",4,16
"GACCGACCGCTAATAT-1",5,3
"GACCGACGTGAAAGCA-1",8,9
"GACCGACTGAAGCGTC-1",8,5
"GACCGCGTCTGACGTG-1",7,7
"GACCGTCAGGTCGTGA-1",8,5
"GACCGTGCTGACGGTG-1",7,7
"GACCTTCCACGTCTAC-1",7,7
"GACGACGATCCGCGTT-1",9,13
"GACGACTTTCCAAGAA-1",5,3
"GACGAGGCTAATAAAC-1",6,15
"GACGCCGTAAAGGCTA-1",4,13
"GACGCCTGTTGCAGGG-1",8,5
"GACGCTTGCTTCTAAA-1",4,4
"GACGGACCGCGTTCCT-1",8,5
"GACGGGATGTCTTATG-1",5,3
"GACGGGCATCGAATTT-1",6,15
"GACGGGTTGGCCCGTA-1",4,4
"GACGGTCAATAGAAGC-1",8,9
"GACGGTCCTAGGGTGT-1",8,9
"GACGTGAGACTCCATG-1",8,5
"GACGTGTAGGGATTAT-1",4,10
"GACGTTCGTAAATACA-1",2,2
"GACTAACACAGCACCT-1",5,3
"GACTAAGATCATGCAC-1",4,7
"GACTAAGTAGGCTCAC-1",4,4
"GACTACAAAGCGGTGG-1",5,3
"GACTACAATTGCTCGT-1",5,3
"GACTAGGCCGTTAGGT-1",9,13
"GACTCACCCACGTGAG-1",4,4
"GACTCCCAGAATAAGG-1",5,9
"GACTCGCGGGAATGAC-1",8,5
"GACTCGGTCGGCGGAT-1",3,8
"GACTGATTGGTCACAA-1",3,8
"GACTGCAAATCGAGCT-1",9,13
"GACTGCACCAGCCCAG-1",9,13
"GACTGCGGCACGTGTA-1",3,8
"GACTGCTGGTGAGAAA-1",8,10
"GACTGGGCGCCGCAAC-1",5,3
"GACTTCAACGCATCAA-1",9,15
"GAGAAACTGGATCCCA-1",9,11
"GAGAACGGTTCTGACT-1",6,6
"GAGACCCTGCAACGCC-1",3,2
"GAGACTGATGGGTAGA-1",7,7
"GAGACTTCGCGACCGA-1",7,7
"GAGAGGCCTATGTGTA-1",9,11
"GAGAGGGCGCGAGGTT-1",4,4
"GAGAGGTGCATTCTGG-1",8,9
"GAGATCTGCTTGGCAT-1",4,4
"GAGATCTGTCACTCCG-1",7,7
"GAGATCTTCCATGACA-1",9,13
"GAGATGACAATCCTTA-1",3,8
"GAGATGGCTTTAATCA-1",7,7
"GAGATGGGAGTCGACA-1",1,1
"GAGCACCTGTGTCCAG-1",9,13
"GAGCACGGCGCCTCTT-1",8,9
"GAGCATCAACAACTTG-1",5,3
"GAGCATCATCCCTGGG-1",8,5
"GAGCCACGGTAGTAGG-1",8,5
"GAGCCAGCTACCTGTG-1",6,15
"GAGCCGAGCGTTTATT-1",3,8
"GAGCGAGGGAGTACCG-1",4,4
"GAGCGCAAATACTCCG-1",7,7
"GAGCGCGCACGAGTAG-1",9,13
"GAGCGCTGTTAGGTAA-1",3,8
"GAGCGGAATGCGGTGT-1",8,9
"GAGCTAAGGGCATATC-1",4,4
"GAGCTCAACATGAGCG-1",7,7
"GAGCTCTCGGACCTAA-1",8,5
"GAGCTGTCGTCTCGGA-1",3,8
"GAGGAATGGAGAGGTT-1",8,5
"GAGGAGTAATTCCTAC-1",8,9
"GAGGATAAACAGTGCT-1",8,9
"GAGGCATTTGCAGCAG-1",2,14
"GAGGCCCGACTCCGCA-1",3,8
"GAGGCTATCAAAGTCG-1",8,5
"GAGGGAGTCAGATCGC-1",8,10
"GAGGGCATCGCGTATC-1",8,5
"GAGGGCCATAATATTA-1",1,14
"GAGGGCCGGCAGAGTC-1",3,8
"GAGGGCGCAGCTCTGC-1",4,4
"GAGGGTAGTAACAAAG-1",5,3
"GAGGTACATCCATCTT-1",4,4
"GAGGTACGCGTGTCCC-1",7,7
"GAGGTCCCAAAGATCT-1",8,5
"GAGGTCTTAGTGGGTC-1",5,9
"GAGTAAACCGGAAAGT-1",7,4
"GAGTAAATTAAGAACC-1",9,11
"GAGTAAGGCCACGGGA-1",3,8
"GAGTACGGGTATACAA-1",4,4
"GAGTAGATACTAGTTG-1",7,7
"GAGTATCAAAGTTACA-1",7,7
"GAGTATGCCCGCCTTG-1",4,4
"GAGTATGCGCGTGCAT-1",7,7
"GAGTCAGACCAGAATC-1",4,4
"GAGTCCGCTTACCGGA-1",7,7
"GAGTCGACAGACCCTC-1",3,10
"GAGTGCACGGACAACA-1",1,1
"GAGTGTCAACCAGAAA-1",6,15
"GAGTGTGCGGTACCCA-1",7,13
"GAGTTGATGGCAATTT-1",3,8
"GATAAATCGGTGGATG-1",4,4
"GATAACTCGCACTGTG-1",7,7
"GATAAGGCAGATGCAA-1",8,5
"GATACCGTGTCGGAGT-1",8,9
"GATACGATGGGAGTCA-1",4,4
"GATAGAACCCGCTAGG-1",4,4
"GATAGATAGTACAGTC-1",9,15
"GATAGGATTAATTACA-1",8,9
"GATAGGTAACGTTGAC-1",7,7
"GATAGGTGTCCCGGGC-1",8,9
"GATAGTGCGAGTAAGT-1",8,9
"GATATCAGTATGTATC-1",5,3
"GATATCTCATGCAATA-1",4,4
"GATATGAGACACTAAC-1",7,7
"GATATGCGGTAGCCAA-1",8,9
"GATATGGATTACGCGG-1",5,3
"GATATTGAGATTGGCG-1",4,4
"GATATTTCCTACATGG-1",8,9
"GATCAACATAAAGGGA-1",5,3
"GATCATTCCAAACATT-1",7,7
"GATCCCTTTATACTGC-1",7,7
"GATCCGAATATAAGTG-1",5,9
"GATCCGGGAATTAACA-1",7,13
"GATCCTAAATCGGGAC-1",8,5
"GATCCTCGACACTGGC-1",8,5
"GATCCTCTTGCGCTTA-1",5,3
"GATCGACACTATCTGA-1",4,4
"GATCGCGGGCTCTCCA-1",7,7
"GATCGCTACCCGATTT-1",1,1
"GATCGCTATATCTCAG-1",3,8
"GATCGGATAGAACCAT-1",3,8
"GATCGGCGATAAGTCG-1",5,3
"GATCGGTGGCCATAAC-1",7,7
"GATCGTGACTGATATC-1",7,7
"GATCTCGACGCTGTGG-1",4,4
"GATCTGCTATCTAAGG-1",4,4
"GATCTTAGTGAACGTG-1",3,8
"GATCTTGGAGGGCATA-1",9,13
"GATCTTTGCAGGGTAT-1",4,4
"GATCTTTGCTCAAAGA-1",2,2
"GATGACAAGTAGGGCA-1",8,5
"GATGACGATGATCGCG-1",2,2
"GATGAGGAACCTTCGG-1",9,13
"GATGATTTGAAACTGG-1",8,5
"GATGCCACACTACAGC-1",8,5
"GATGCCAGCAGAAGGC-1",3,3
"GATGCCTTCTGCGGCA-1",2,14
"GATGCGTCCTGCATTC-1",7,7
"GATGCTACAAGCGCCT-1",4,4
"GATGCTACCTTCGATG-1",4,4
"GATGCTGTATTTCATC-1",9,13
"GATGGCGCACACATTA-1",8,5
"GATGGTGCCCTAGGCA-1",8,5
"GATGTAACGAACCACC-1",3,3
"GATGTCCGGATCACAT-1",8,5
"GATGTCGGTCAACTGC-1",8,5
"GATGTGTTGTCACAAG-1",8,3
"GATGTTCAATCCACGA-1",4,4
"GATGTTTGTGCGAGAT-1",8,5
"GATTAACCGAAAGCCC-1",6,15
"GATTAATCCTGGCTCA-1",5,3
"GATTACTGAATTTGGG-1",4,4
"GATTCCCTTGTCGCAG-1",7,7
"GATTCCGCGTTTCCGT-1",4,16
"GATTCCTATACGGCGC-1",8,5
"GATTCGACGGTTCACG-1",7,7
"GATTGACACTCTGCTC-1",8,5
"GATTGCTCCAGTTGCA-1",5,3
"GATTGGGAAAGGTTGT-1",9,13
"GATTTAGTGCGTACTG-1",2,14
"GCAAACCCTACATTAT-1",9,15
"GCAAACCTTGGCCATA-1",7,7
"GCAAACGTCGCCAGGT-1",4,4
"GCAAATATTACGCTTT-1",4,4
"GCAAATGAGGACACTT-1",2,2
"GCAACACACTAGAACT-1",3,8
"GCAACAGCAGTATGCG-1",7,7
"GCAACCACCAGACCGG-1",5,3
"GCAACCACGGCCGCGT-1",8,9
"GCAACGGCTAGTTATG-1",4,4
"GCAAGAATTCCTTGGC-1",4,4
"GCAAGATGTGTTCGCG-1",3,8
"GCAAGTGCACAGAGAA-1",4,4
"GCAAGTGTAAAGCATG-1",8,9
"GCAATTAGTCGCACCG-1",3,8
"GCACAAACGAGGCGTG-1",4,4
"GCACAAGTGTCGGAAG-1",8,16
"GCACACAGCTATTACC-1",7,7
"GCACACGCCCATGGTC-1",3,10
"GCACCTAGGCGAGTCC-1",6,15
"GCACCTTCCCGAAGGT-1",9,11
"GCACGCCGATTCCCGC-1",7,7
"GCACGCCTACTTAGAT-1",8,5
"GCACTAGTCGCGCTAT-1",4,4
"GCACTCCCACAGTCCC-1",8,5
"GCACTGCCTACCTTTA-1",7,7
"GCACTGTGCAAATGTA-1",8,5
"GCAGAAGGTAATCTCC-1",4,4
"GCAGACCCAGCACGTA-1",4,4
"GCAGATCCATAAGACT-1",6,15
"GCAGATCCTCGCAAAT-1",3,3
"GCAGATTAGGGATATC-1",7,7
"GCAGCACACAGCCCAG-1",4,4
"GCAGCCTATATCACAT-1",8,9
"GCAGCGGTGGGCATTA-1",5,3
"GCAGCTATGGACAGGT-1",2,2
"GCAGCTGTCAACGCAT-1",9,13
"GCAGGAACTTAGATCT-1",2,2
"GCAGGACTATAGAATA-1",4,4
"GCAGGTAGAGTATGGT-1",5,3
"GCAGTGCGGGCGGATG-1",7,7
"GCAGTGTGGCTATAGG-1",9,15
"GCAGTTCGATCCGAGC-1",7,7
"GCATAAATTGAACGCC-1",2,2
"GCATACGAGGTCTTTA-1",3,8
"GCATAGAGCACTCAGG-1",7,7
"GCATCCCTAACTTTGA-1",4,4
"GCATGAGGGACGCGGC-1",4,4
"GCATGCTAATAACGAT-1",6,15
"GCATTCAAGGCAACGC-1",5,9
"GCATTCGAAATGAACA-1",3,8
"GCATTGTAATTCATAT-1",5,3
"GCATTTCCAAGGCTCC-1",8,9
"GCCAACCATTTCCGGA-1",5,9
"GCCAAGAATACTTCTG-1",2,2
"GCCAATAGGGCATCTC-1",5,9
"GCCACAATTTAAGGAC-1",4,4
"GCCACTCAGAGCGCGA-1",9,15
"GCCACTCCTTACGGTA-1",7,7
"GCCAGGAGTAACCGAT-1",8,5
"GCCAGGCGTTCGCATG-1",5,3
"GCCATATTGCACACAG-1",8,9
"GCCATCGAGCTGCGTG-1",4,4
"GCCATCGATGCTGCAT-1",8,9
"GCCATTAGCCTCAAAC-1",2,14
"GCCCACCAAGGCTGTC-1",8,5
"GCCCACTGGTCCACAA-1",3,2
"GCCCAGATGCTGGAGA-1",5,9
"GCCCAGTTGGTATGCC-1",4,4
"GCCCGACTTCTTCCCG-1",5,3
"GCCCGATCTGTGGTCG-1",7,7
"GCCCGCGCGTAAACGG-1",4,4
"GCCCGCGCGTTTGACA-1",4,4
"GCCCGTAATACCTTCT-1",4,4
"GCCCTAGCCGTCGCGA-1",3,8
"GCCCTGAGGATGGGCT-1",7,7
"GCCGAAATTCCTACGT-1",4,4
"GCCGACCCACGACTGC-1",5,3
"GCCGATTGGCCAAGCT-1",7,7
"GCCGCACTCCGTTTCA-1",8,9
"GCCGCATTAGTCCGGC-1",5,3
"GCCGCTTGTGAGAAAC-1",4,4
"GCCGGAAACACATCTT-1",8,4
"GCCGGGTTAGGGTCGC-1",7,7
"GCCGGTCGTATCTCTC-1",4,4
"GCCGGTTTGGGCGGAT-1",5,3
"GCCGTGGAAGAAATGT-1",8,9
"GCCTACGTTCTGTGCA-1",9,13
"GCCTAGCGATCTGACC-1",4,4
"GCCTATAGTGTCAGGG-1",4,4
"GCCTATCAGGTAAGAT-1",7,7
"GCCTATGCTGGGCCTT-1",2,2
"GCCTATTCCGATATAG-1",4,16
"GCCTATTTGCTACACA-1",8,5
"GCCTCATCTGGAAATA-1",7,7
"GCCTCCGACAATTCAC-1",9,15
"GCCTCTATACATAGCA-1",9,13
"GCCTGCTACACTGAGA-1",3,8
"GCCTGTCCCGGTGCAT-1",4,4
"GCCTTCAGCCCTACCG-1",4,4
"GCCTTGTATATGCAGT-1",5,3
"GCGAAACGATCGGGAG-1",9,15
"GCGAAACTTAACTGGA-1",9,13
"GCGAAGAATCTGACGG-1",9,13
"GCGAAGCCATACCCGT-1",7,7
"GCGAATGGACTAGCGA-1",9,11
"GCGACATGTAAACATC-1",4,9
"GCGACCCAACCATCTG-1",5,3
"GCGACGATAGTTGTAC-1",7,7
"GCGACGGTAGTCTCCT-1",7,7
"GCGAGAAACGGGAGTT-1",5,3
"GCGAGAGGCCATGTAA-1",2,2
"GCGAGAGTTGCGTCCA-1",8,9
"GCGAGCGCATGCTCCC-1",8,9
"GCGAGGCCCGAGCAGA-1",4,9
"GCGAGTTCTGCAAAGA-1",7,7
"GCGATTCTGGAAGCAG-1",8,5
"GCGATTGTTAACGTTA-1",7,7
"GCGCAAATATATTCAA-1",5,3
"GCGCAAGAGCGCGCTG-1",4,4
"GCGCATCCAGTCAGCA-1",8,9
"GCGCCGTTCCACGATA-1",7,7
"GCGCCTCCCACTCCGA-1",7,7
"GCGCGATGGGTCAAGT-1",8,5
"GCGCGGTCTAGTAACT-1",4,4
"GCGCGTCATTGGTACA-1",9,15
"GCGCTAATTGAATAGA-1",7,7
"GCGCTATGCCGAGGCA-1",4,4
"GCGCTCGATCACCTGT-1",4,9
"GCGCTGATCCAGACTC-1",8,5
"GCGCTGCTTTGCATTT-1",8,5
"GCGCTTAAATAATTGG-1",6,15
"GCGGACCGCGTTGTGG-1",4,4
"GCGGAGAAACTTCGCA-1",8,5
"GCGGAGAGGGAGAACG-1",9,13
"GCGGCAAAGTATTGCC-1",5,8
"GCGGCTCTGACGTACC-1",4,4
"GCGGCTTTAGCAAGTT-1",7,7
"GCGGGAACCAGGCCCT-1",4,4
"GCGGGCATTACGATGC-1",3,8
"GCGGGCGAGCCTTACC-1",4,4
"GCGGTAACCCAAATGA-1",5,3
"GCGGTCCCGGTGAAGG-1",2,14
"GCGGTCCCTAGACGCA-1",4,4
"GCGGTCTTGCTTTCAC-1",7,7
"GCGGTGAACTGCGCTC-1",8,9
"GCGGTTCCCTATCATG-1",4,4
"GCGTAAATGGCCATAA-1",8,4
"GCGTCCAGCTCGTGGC-1",8,5
"GCGTCCCTAAGACATA-1",8,5
"GCGTCGAAATGTCGGT-1",4,4
"GCGTCGCCAGGGTGAT-1",7,7
"GCGTCTAACCTCCTAA-1",3,8
"GCGTCTCTGCATTGGG-1",4,4
"GCGTGGTACTGGGTTA-1",4,4
"GCGTGTATGTCGTATT-1",8,5
"GCGTTATATTTGGAAC-1",3,8
"GCGTTCGGAGACCGGG-1",3,8
"GCGTTCTGACTAAGCG-1",7,7
"GCTAAACCTGAGGTGA-1",8,5
"GCTAACTGAAGTCTGA-1",6,15
"GCTAAGTAAAGGCGAT-1",3,8
"GCTAAGTAGTTTCTCT-1",7,7
"GCTAATACCGAATGCC-1",4,4
"GCTACAATCGAGGATA-1",6,15
"GCTACACTGTCCGAAC-1",5,3
"GCTACAGTACGGACCG-1",3,8
"GCTACGACTTATTGGG-1",7,7
"GCTACTATAGTAGAGT-1",9,13
"GCTAGACCGTCTACTG-1",4,4
"GCTAGAGTAGAGATGT-1",6,15
"GCTAGCACCTGGGCCA-1",8,9
"GCTAGCAGGGAGTGGG-1",3,8
"GCTAGCTTGAATAGCT-1",4,4
"GCTAGGCACCACGGAG-1",6,15
"GCTAGTAGAGCTTGTA-1",7,7
"GCTAGTTTCATTGAGG-1",4,16
"GCTATACGTCTCGGAC-1",6,15
"GCTATCATACTCATGG-1",9,15
"GCTATCGCGGCGCAAC-1",8,5
"GCTCAATCCGTTTATT-1",8,5
"GCTCAATGTAATACCG-1",4,4
"GCTCATTACTGCATGT-1",5,3
"GCTCCATGAGTGCAGA-1",7,7
"GCTCCATGCAAAGCAA-1",4,4
"GCTCCCAGTCGGTCCA-1",4,4
"GCTCCGCTCGCTTCAG-1",4,4
"GCTCCGGACGTTGATA-1",5,9
"GCTCCTGACATACTGG-1",8,5
"GCTCGACCGAACTGAA-1",5,9
"GCTCGCGGTTCCGCTC-1",3,8
"GCTCGCTCATGTCCAA-1",7,7
"GCTCGGAATTTAAAGC-1",4,4
"GCTCTAAACCCTGACG-1",7,7
"GCTCTATGTTACGTGC-1",4,4
"GCTCTCGGGTACCGAA-1",7,7
"GCTCTTTCCGCTAGTG-1",4,4
"GCTGAACTCTCCAGGG-1",8,9
"GCTGAATCTTCCAATC-1",3,8
"GCTGAGGCGTGAGTAT-1",7,7
"GCTGCACGGTTTCTTA-1",7,7
"GCTGCTAAGTAGTCGA-1",4,4
"GCTGCTACTGCGTAGC-1",9,13
"GCTGCTCTCCGGACAC-1",7,7
"GCTGGACCCAAAGTGG-1",3,8
"GCTGGCATATTCACCT-1",4,16
"GCTGGCGGCGCATGCT-1",7,7
"GCTGGGTCCGCTGTTA-1",5,3
"GCTGGTGACTCGTAGT-1",2,2
"GCTGTATTACTGGCCC-1",4,4
"GCTGTTGCTACCGAAC-1",7,7
"GCTTAATGTAACTAAC-1",9,13
"GCTTACGTAGTTAGTA-1",8,9
"GCTTAGGGAAGCGGTA-1",2,2
"GCTTATGAAGCAGGAA-1",7,4
"GCTTCAGTGGGATTAC-1",3,8
"GCTTCCAGCTTAGATT-1",5,3
"GCTTCCATGTAACCGC-1",6,15
"GCTTCCGTCCCTAGAC-1",7,7
"GCTTGATGATAATCAG-1",4,16
"GCTTGCAGCACAATTG-1",2,14
"GCTTGGATCGATTAGG-1",8,9
"GCTTTACACAACTGGG-1",9,11
"GCTTTCAGAGGAGGTG-1",4,4
"GCTTTGCTGCCGGGTA-1",4,16
"GGAAACCTTGTTGAAT-1",3,8
"GGAAACTAAATGGGCC-1",6,6
"GGAAAGGGAATTGAGC-1",7,7
"GGAAAGTGCCCATGCC-1",8,9
"GGAACCGTGTAAATTG-1",4,4
"GGAACCTTGACTCTGC-1",3,2
"GGAACGGCCTGCAGCC-1",3,8
"GGAACTTTGGCGATTA-1",9,11
"GGAAGATAAGACTGTA-1",2,2
"GGAAGCTCGCTTACAG-1",8,5
"GGAAGGACACCGTATA-1",9,7
"GGAATAACCTCAAGAA-1",8,5
"GGAATGCGCTAGCGTG-1",7,7
"GGACAACCATGAAGCC-1",6,6
"GGACACAAGTTTACAC-1",7,4
"GGACCAACAGGATAAC-1",7,7
"GGACCTACGGTAACGT-1",3,8
"GGACCTCTAGGCCGCC-1",5,3
"GGACGGCTTGCGCAAC-1",3,8
"GGACGGGCGACCAACC-1",6,15
"GGACGTCCATAGTTGG-1",2,2
"GGACTCACAAATTAGG-1",4,4
"GGACTCGAAGCTTTCA-1",7,7
"GGACTCGACAGCGCAT-1",8,9
"GGACTCTTCCGGTTGA-1",7,7
"GGACTCTTTGACTAAG-1",6,6
"GGAGAAGTCATTGGCA-1",4,4
"GGAGACCAATGTGCTT-1",2,14
"GGAGACCATCTACATA-1",2,14
"GGAGACGACACCTTTG-1",7,7
"GGAGCAACATTTCAAG-1",9,13
"GGAGCACCAAGAACTA-1",4,4
"GGAGCGAGGCCTACTT-1",7,7
"GGAGGATTGAAAGGAG-1",8,5
"GGAGGCCGAAGTCGTC-1",8,9
"GGAGGCGAAGAACCGC-1",5,9
"GGAGGGCTTGGTTGGC-1",7,7
"GGAGTGCCGCCCTGGA-1",4,4
"GGAGTTGATTCTGTGT-1",6,15
"GGATACTCATGAATTG-1",8,5
"GGATCAAAGGACGAGG-1",8,5
"GGATCATCCCGTACGC-1",3,8
"GGATCCCTACCAGCTA-1",5,3
"GGATCCGGAATATACT-1",7,7
"GGATCTTGACTCAACC-1",3,8
"GGATGAAGATCGCTGA-1",7,7
"GGATGACGCGAGTTTA-1",4,4
"GGATGCTGGCGTTCCT-1",5,3
"GGATGGCTTGAAGTAT-1",6,15
"GGATGTCCTTACCGCA-1",4,4
"GGATTAAGCTAAGGTC-1",5,3
"GGATTAATCATGGACC-1",7,7
"GGATTCAGTACGGTGG-1",4,16
"GGATTCCGCTATACCC-1",4,5
"GGATTGCTGTGACTCC-1",6,15
"GGATTTCACTTCTATA-1",7,7
"GGCAAAGGCGCCAATA-1",8,5
"GGCAAATTACTTTACT-1",7,7
"GGCAAGCCAGGGATAG-1",2,14
"GGCAAGCCCATAGTGG-1",4,4
"GGCAAGGCGAAATAGC-1",9,13
"GGCAATAGTCAATGAG-1",7,7
"GGCACGCTGCTACAGT-1",6,15
"GGCACTCAGCCGACCC-1",7,7
"GGCACTCCACTGGGCA-1",4,4
"GGCACTGCGGTGGTTT-1",6,15
"GGCAGCAAACCTATGC-1",9,13
"GGCAGCGGTAATCCTA-1",3,8
"GGCATACAGGTAGCGG-1",4,16
"GGCATATCGGTTCTGC-1",8,5
"GGCATCAACGAGCACG-1",8,5
"GGCCAATTGTATAGAC-1",9,15
"GGCCACAAGCGATGGC-1",8,5
"GGCCCAGCTGGTTTGC-1",7,7
"GGCCCAGTTATCAGCA-1",2,2
"GGCCCGGAGCATGTCT-1",5,9
"GGCCCGTATACCATGC-1",3,8
"GGCCCTCACCCACTTA-1",5,3
"GGCCGAGACTCTGGTG-1",5,3
"GGCCGCAGGAACCGCA-1",6,15
"GGCCGGCGTCTGCTAT-1",9,13
"GGCCGTTTGGGTTTCA-1",4,4
"GGCCTGCTCTGATGTT-1",4,4
"GGCCTGCTTCTCCCGA-1",7,7
"GGCCTTTGCAACTGGC-1",2,10
"GGCGAAATCTAACTTG-1",7,12
"GGCGAACCGTTCTGAT-1",2,14
"GGCGAGCATCGAGGAC-1",5,3
"GGCGCAGGACATCTTC-1",8,5
"GGCGCATGAATTGATG-1",7,7
"GGCGCGGAGATCTTTC-1",6,15
"GGCGCGTTCGAGTTTA-1",7,7
"GGCGCTCCTCATCAAT-1",5,3
"GGCGCTTCATTCCCTG-1",7,7
"GGCGGAGTAATATTAG-1",4,4
"GGCGGGCTCTAAGAGT-1",7,7
"GGCGGTAGGATCATTG-1",7,7
"GGCGTACCCTATATAA-1",8,5
"GGCGTAGGGAAAGCTG-1",9,13
"GGCGTCCTATCCGCTG-1",4,16
"GGCTAAAGGGCGGGTC-1",5,3
"GGCTAATGATTGAAAT-1",3,2
"GGCTACTATACACTCC-1",8,5
"GGCTATTAAGTTGTAT-1",4,4
"GGCTCCTCCACCTGTT-1",5,3
"GGCTCGCGTTGAGGTA-1",4,4
"GGCTCGTGCCACCAGC-1",4,4
"GGCTCTGCTCCAACGC-1",7,7
"GGCTGAAATAGCAAAG-1",9,13
"GGCTGAGCATCGTAAG-1",3,8
"GGCTGGCAATCCCACG-1",9,11
"GGCTGGCTAGCTTAAA-1",8,5
"GGCTTTCAATAAGGGT-1",4,4
"GGGAAAGAATGCCAAC-1",6,15
"GGGAACCACCTGTTTC-1",8,5
"GGGAACGGGAGGTTAG-1",4,4
"GGGAACGGTTTCAGAT-1",5,3
"GGGAAGACGGTCTGTC-1",9,13
"GGGAAGGGCTTTCTCA-1",6,15
"GGGAATGAGCCCTCAC-1",3,8
"GGGACAGAGTTACTCC-1",3,8
"GGGACCCGTATATCTT-1",4,4
"GGGACTGCATAGATAG-1",7,7
"GGGAGAACTCACAGTA-1",7,7
"GGGAGCGACCGTAGTG-1",9,13
"GGGAGGATGCCCGAAA-1",7,7
"GGGAGTAATGGCTGGC-1",8,5
"GGGAGTTAATGAGGCG-1",7,7
"GGGATCCCAATACAAA-1",2,14
"GGGATGGTCGTAACCG-1",4,4
"GGGATTTACCGCACCT-1",7,7
"GGGCAACCGCACGTGC-1",3,8
"GGGCACGTAGTACTGT-1",8,9
"GGGCAGAGCAATCGTT-1",7,4
"GGGCAGTCAACGCCAA-1",7,13
"GGGCCCGTCTTAAACA-1",7,7
"GGGCCCTACGAAAGGG-1",5,3
"GGGCCGGCCGAAGTAC-1",7,7
"GGGCCTAAATGGGCTA-1",2,2
"GGGCCTATTTAAGTAT-1",2,2
"GGGCGATATGTGTGAA-1",7,7
"GGGCGCAGCGTTACTC-1",5,9
"GGGCGGCAAATGAATT-1",4,4
"GGGCGGGTTCCCTACG-1",4,4
"GGGCGGTCCTATTGTC-1",8,5
"GGGCGTACATTTATAT-1",4,7
"GGGCGTCACCACGTAA-1",4,4
"GGGCGTCCACTGGCTC-1",8,5
"GGGCGTGGTTTCCCAG-1",9,13
"GGGCTACTATTTCGTG-1",2,14
"GGGCTATGATCGATGG-1",4,4
"GGGCTCATCGAACCCA-1",8,4
"GGGCTGCCTAGGGCGA-1",1,1
"GGGCTGGTTAGTCGCG-1",7,7
"GGGTAATGCTGTGTTT-1",5,5
"GGGTACACTCTGGAGG-1",5,3
"GGGTACCCACGGTCCT-1",8,5
"GGGTACTTCATGAACT-1",4,4
"GGGTATGTATGCACTT-1",8,5
"GGGTCACCGTGACGGT-1",7,7
"GGGTCACTGAGTAGTG-1",3,8
"GGGTCAGGAGCTAGAT-1",4,4
"GGGTCATGCGTACCAT-1",5,3
"GGGTCGTGGCAAGTGT-1",2,2
"GGGTGACACCTTAACT-1",7,7
"GGGTGCATATGAAAGC-1",3,8
"GGGTGGTCCAGCCTGT-1",8,5
"GGGTGTTTCAGCTATG-1",4,4
"GGGTTAACATTTGAGT-1",4,4
"GGGTTCAGACGAACAA-1",8,3
"GGGTTTAGGATAGGAT-1",4,4
"GGTAAACTCTGCGCTG-1",6,15
"GGTAAATGTGCGTTAC-1",8,5
"GGTAACCGGGAGGATA-1",5,3
"GGTAACTATGTATCTG-1",4,4
"GGTACAAACATGCTAT-1",7,7
"GGTACACCAGATTTAT-1",3,8
"GGTACATCTGGGACGA-1",5,3
"GGTACCATTAAGACGG-1",8,9
"GGTACTAAGTGCTTTG-1",4,4
"GGTAGAAGACCGCCTG-1",9,13
"GGTAGACCGTTGGGCG-1",4,4
"GGTAGTGCTCGCACCA-1",7,7
"GGTATAGTGACACATA-1",8,9
"GGTATCAAGCATAGAA-1",5,3
"GGTATTGCCGAGTTTA-1",7,7
"GGTCAAGACTACTTCG-1",1,1
"GGTCACGTTAGATTCA-1",8,5
"GGTCAGTGGGTCCCAC-1",7,7
"GGTCATTGTAGTCATA-1",2,2
"GGTCGGATAAACGGCG-1",5,9
"GGTCGGCCAGGAGCTT-1",7,7
"GGTCGGTAATTAGACA-1",8,5
"GGTCGGTCGTCCACAG-1",4,4
"GGTCGTAAGCTCGCAC-1",3,3
"GGTCTCCAAGTAGTGC-1",4,4
"GGTCTCCGTCCAGGTT-1",6,15
"GGTCTCTGAATGGACT-1",8,5
"GGTCTGAGAATCTGGA-1",7,7
"GGTCTTGAGCGCTCTT-1",7,7
"GGTGAAACCGGGAATG-1",8,5
"GGTGAACGGGCTAGCC-1",8,5
"GGTGAAGTACAGGGAT-1",8,5
"GGTGACTGATAGAGAG-1",9,11
"GGTGAGATGCAGATAA-1",4,16
"GGTGATAAGGAGCAGT-1",7,7
"GGTGATTTCATCTTGT-1",8,5
"GGTGCAGAGCCTATCG-1",3,8
"GGTGCATAAATGATTA-1",8,9
"GGTGCGGATAAGTGGC-1",4,4
"GGTGCTGATCACAAAG-1",8,3
"GGTGCTGGTACACATT-1",4,4
"GGTGGACCACGTGTTA-1",3,8
"GGTGGACTGCTCTGGC-1",6,15
"GGTGGAGGTTGATACG-1",4,9
"GGTGTAAATCGATTGT-1",4,4
"GGTGTAGGTAAGTAAA-1",4,9
"GGTGTTCTGTTTCTAC-1",8,5
"GGTGTTGGGCGTCTTA-1",4,4
"GGTTACCACCCTCGGG-1",8,9
"GGTTACCCGACACTTT-1",5,9
"GGTTAGCTATATGTCT-1",9,11
"GGTTAGGCTTGGAGAA-1",4,4
"GGTTAGTTACGGCGCC-1",8,5
"GGTTCCCTAGTGTCTC-1",3,8
"GGTTCGGATTATACTA-1",2,2
"GGTTCTACTCGTCTGA-1",4,4
"GGTTGTATCGTGAAAT-1",8,9
"GGTTGTGTAGCCTGGC-1",3,8
"GGTTTAATTACCATCG-1",5,10
"GGTTTAATTGAGCAGG-1",3,8
"GGTTTACAATCTCAAT-1",7,7
"GGTTTAGCCTTTCTTG-1",7,7
"GGTTTCAATCGGTCAG-1",4,4
"GGTTTGACAAGAAGCT-1",2,2
"GGTTTGAGTGCTGGAA-1",4,4
"GGTTTGCGAACACGTA-1",2,2
"GTAACAACTGACCTTG-1",2,2
"GTAACATCTAAGATAA-1",7,12
"GTAACTGCCCAAGGAG-1",8,9
"GTAACTTGCGGCAGTC-1",8,5
"GTAAGCGGGCAGTCAG-1",7,7
"GTAAGGATTTGTCGGA-1",8,5
"GTAAGTAACAGTCTGG-1",7,7
"GTAAGTAGGGTATACC-1",4,16
"GTAAGTCCACACTCTA-1",4,4
"GTAATAAAGGGCTCCC-1",8,9
"GTAATCTGATTCTTCG-1",4,4
"GTACACTTACCTGAAG-1",7,7
"GTACAGAGGCAAGGGT-1",7,7
"GTACGACGGCGCTGCG-1",8,5
"GTACGAGATTGCGACA-1",4,16
"GTACGCTTCATTGCAC-1",9,13
"GTACGTCACGTATTAA-1",3,8
"GTACGTTTGCCCGTCA-1",7,7
"GTACTAAGATTTGGAG-1",7,7
"GTACTACGGCCTCGTT-1",9,11
"GTACTCCCTTATCGCT-1",8,5
"GTACTCCTGGGTATGC-1",5,9
"GTACTGAGGTCGTAAC-1",4,16
"GTACTGCATGAAGCGT-1",8,5
"GTACTGGAGTTAGACC-1",7,7
"GTACTTGGGCACTTCT-1",8,5
"GTAGAAACGGGTGGAG-1",3,8
"GTAGACAACCGATGAA-1",8,5
"GTAGACACGCCTGACT-1",7,7
"GTAGACGTCGTTACAT-1",8,5
"GTAGAGGGAGACAAGT-1",8,5
"GTAGCCAAACATGGGA-1",9,13
"GTAGCGCTGTTGTAGT-1",8,5
"GTAGCGGCTATACACT-1",7,7
"GTAGCTTCCTCTTGTT-1",4,4
"GTAGGTGATCCGTGTA-1",4,16
"GTAGTCGCGGGAATCA-1",9,13
"GTAGTCTACGATATTG-1",9,13
"GTAGTGAGCAACCTCA-1",6,15
"GTAGTTAGACAATATA-1",3,8
"GTATAATCTCCCGGAT-1",5,3
"GTATAGGACTCAGTAG-1",4,16
"GTATAGTGGCCCATGT-1",5,9
"GTATATGTTACGGCGG-1",5,3
"GTATCAAACGTTAGCT-1",6,15
"GTATCAAGGTACTTCC-1",7,7
"GTATCAGCTTGGGTTC-1",4,16
"GTATCCTTTGGTAACC-1",6,15
"GTATCGGGACGAGCTG-1",5,3
"GTATCTCAGTCTTGAC-1",3,8
"GTATCTTTCATAACCA-1",7,7
"GTATGAAATTTCACTC-1",3,8
"GTATGACGTGGGAAAC-1",5,3
"GTATGTGGGTCTAGTT-1",7,7
"GTATTAAGGCGTCTAA-1",8,5
"GTATTAGGGTTCGCGT-1",3,8
"GTATTCTGAGAAACGA-1",8,5
"GTATTCTTACCGTGCT-1",5,3
"GTATTTAATGGCATAA-1",7,7
"GTCAAAGAAGTGGTGT-1",3,8
"GTCAAAGTTTACATAG-1",8,5
"GTCAAGCGGACTCGGG-1",9,13
"GTCAATGCTATAATTT-1",2,14
"GTCAATTGTACTGAAG-1",8,5
"GTCACAAAGTTTCCAA-1",1,1
"GTCACCTGTCTATGTC-1",5,9
"GTCACTCTCCAAATCT-1",4,16
"GTCAGAATAGTCTATG-1",4,16
"GTCAGTTGTGCTCGTT-1",8,5
"GTCAGTTTGGTAGTCG-1",3,8
"GTCATCTCCTACAGCT-1",5,10
"GTCATGCACCTCCGTT-1",7,7
"GTCATGCGCGAGGGCT-1",6,15
"GTCATGGACATGACTA-1",7,7
"GTCATTAGAGCGAACG-1",7,7
"GTCATTGCATTGACCC-1",5,3
"GTCCAATATTTAGCCT-1",4,4
"GTCCACGTCGCATTCG-1",9,11
"GTCCAGGCACGTGTGC-1",8,10
"GTCCATTACTGCTACG-1",4,4
"GTCCCAACGTAAAGTA-1",7,7
"GTCCCGCGACGTTATG-1",9,13
"GTCCGAGAGCAATCAT-1",2,10
"GTCCGGACCTGAAATT-1",6,15
"GTCCGGCTGAATTGCG-1",7,7
"GTCCGGGTTCACATTA-1",7,7
"GTCCTACAGGCGGCTC-1",5,3
"GTCCTACGAATAGTCT-1",6,15
"GTCCTTCTAGTGGGTT-1",8,5
"GTCCTTTAATGACTTC-1",3,8
"GTCGATAGGTGACTTT-1",7,7
"GTCGCCGTTGTGTGTT-1",8,5
"GTCGCGTAACCCGTTG-1",7,7
"GTCGGAAGGATACCAG-1",2,2
"GTCGGATATCTCAGAC-1",4,4
"GTCGGATGTAGCGCGC-1",4,16
"GTCGGGAAGCAGAAAC-1",7,7
"GTCGGGTGAAGTACCG-1",9,11
"GTCGTACCATCTCGGG-1",7,7
"GTCGTACCTACGATTG-1",2,2
"GTCGTATTGGCGTACA-1",8,9
"GTCGTCAATTATAAGG-1",4,16
"GTCGTCTGGTTGGCTA-1",3,8
"GTCGTGTCTGGTCATC-1",3,10
"GTCGTTATTCGCTTAT-1",9,13
"GTCTAAGATGCCCAGC-1",3,8
"GTCTACTCAATTACAA-1",3,8
"GTCTAGTGAGCCGCTT-1",6,15
"GTCTATCTGAGTTTCT-1",4,4
"GTCTATTGCATGCTCG-1",6,11
"GTCTATTGGTTCCGGT-1",6,15
"GTCTCAAGGCCCGGCT-1",7,7
"GTCTCCCGAGTCCCGT-1",6,15
"GTCTCCGCCTCAATAC-1",4,4
"GTCTCCTGCCAGTATG-1",2,14
"GTCTCGACTAAGTTTG-1",3,8
"GTCTCGATCTGCTTTC-1",4,4
"GTCTGCCGACTCGACG-1",9,13
"GTCTGGGCGGTCGAGA-1",4,4
"GTCTTAGTACAGCCGG-1",8,5
"GTCTTGAGGAGCAGTG-1",8,9
"GTCTTGTAGCTATTCA-1",4,4
"GTGAAACGGCGCCACC-1",8,9
"GTGAAACGTGCTCCAC-1",8,5
"GTGAACTCCCATTCGA-1",8,9
"GTGAAGATTTCAAGTG-1",3,8
"GTGAAGCCGTATAGTC-1",3,8
"GTGAAGTCACGACTCG-1",2,14
"GTGACAGCTTCCCACT-1",7,7
"GTGACCGCACACTACG-1",7,7
"GTGACCTAAAGAATAA-1",3,8
"GTGACGAGGGTGACCC-1",5,9
"GTGACGCAGGTTTCAT-1",9,13
"GTGACTTCAGTAGTGC-1",7,7
"GTGAGCGTGCTGCACT-1",8,5
"GTGAGGACACTTAAGG-1",9,13
"GTGAGGAGCGGTTGAG-1",8,5
"GTGAGTCGACTAATAG-1",6,15
"GTGAGTCTAAGACGGA-1",3,8
"GTGAGTGGTACAACGC-1",7,7
"GTGATCAAGCGTGCAC-1",5,3
"GTGATCACTAACGCCT-1",7,7
"GTGATCATAGATCTGC-1",7,7
"GTGATCCTTGTCATGA-1",9,11
"GTGATGCACAACATCT-1",5,3
"GTGATTCGCCGCTCAA-1",4,4
"GTGCAACAAATGTGGC-1",4,4
"GTGCACCAGCTTCAAC-1",4,4
"GTGCACGAAAGTGACT-1",4,4
"GTGCAGCGTAGAGTAG-1",7,9
"GTGCCATCACACGGTG-1",8,9
"GTGCCCGTTCGGATTC-1",7,7
"GTGCCGCTTCAAAGGT-1",4,4
"GTGCCTAGCTATGCTT-1",5,3
"GTGCCTCAGTGTACGG-1",5,3
"GTGCCTGAGACCAAAC-1",6,15
"GTGCGAAATCGAACAC-1",4,4
"GTGCGACAGGGAGTGT-1",4,4
"GTGCGCAGCTTGCTCC-1",8,5
"GTGCGCTTACAAATGA-1",8,5
"GTGCGGGACCATCGGC-1",8,5
"GTGCGGGTCTCCAAAT-1",4,16
"GTGCGTGTATATGAGC-1",7,7
"GTGCTCAAGTACTGTC-1",7,7
"GTGCTGCAGATAAGGA-1",2,2
"GTGCTTACATCAGCGC-1",4,4
"GTGGAACCTACATGCG-1",8,5
"GTGGACCAACCCGATT-1",8,5
"GTGGACGCATTTGTCC-1",7,7
"GTGGACGTGCTGAGAC-1",4,4
"GTGGAGCATGTCGGCC-1",5,9
"GTGGAGCGTTTACCGA-1",2,2
"GTGGAGTCGGCGGTTG-1",8,5
"GTGGCAAACAGCGGCA-1",5,3
"GTGGCGGTCCCAGCGT-1",5,3
"GTGGCTGTTTCTGTTC-1",6,15
"GTGGGAAGACTGAATC-1",3,8
"GTGGGCTTAGACACAC-1",4,4
"GTGGGTCTTCTTTGCG-1",5,3
"GTGGTATAGTCTGCCG-1",8,5
"GTGGTCAGCGAAGTAT-1",5,3
"GTGGTGATGGTTTGTG-1",7,7
"GTGGTGGCCAAGTGAA-1",9,13
"GTGGTTACTTCTTTCG-1",8,9
"GTGGTTTCCGCCTTTC-1",8,9
"GTGTACCTTGGCTACG-1",4,4
"GTGTACGAACCGTTCC-1",8,9
"GTGTATATCAGCGGGC-1",9,13
"GTGTATGACTTTAAAG-1",8,5
"GTGTCCGATAAGGCAT-1",5,9
"GTGTCGTATAGCGTTC-1",9,13
"GTGTCGTATTCACCTT-1",2,2
"GTGTGAATAACTTAGG-1",7,7
"GTGTGAGCCGAGGTGC-1",5,5
"GTGTTACTATGCGTCC-1",9,13
"GTTAAAGTAGGACTGG-1",9,13
"GTTAACATCACTTAAA-1",9,13
"GTTAACTATGTTGTCA-1",4,4
"GTTAAGGGTGCGATGT-1",7,7
"GTTAAGTTAGAGTGGG-1",8,9
"GTTAATGTCTATCTTA-1",3,8
"GTTACAATTGGTGACG-1",4,4
"GTTACCAAGGCGTACG-1",9,11
"GTTACCTACAACTTGC-1",7,7
"GTTACGAAATCCACGC-1",8,5
"GTTACGGCCCGACTGC-1",8,5
"GTTACTTTGGGCCTAG-1",7,7
"GTTAGAGTGTGCCGCT-1",8,5
"GTTAGCCCATGACATC-1",7,7
"GTTAGCCGTAAATCAA-1",5,9
"GTTAGGCTACCCGTTT-1",2,2
"GTTATAATACGGTGAA-1",7,7
"GTTATATCAGGAGCCA-1",2,2
"GTTATATTATCTCCCT-1",7,7
"GTTATCAAGCTATCGA-1",6,6
"GTTATCACCTTCTGAA-1",8,5
"GTTATTAAATACGACC-1",5,5
"GTTATTAACGTGGGAG-1",5,3
"GTTCAATCTATGTCAA-1",5,5
"GTTCACAGGAGTCTAG-1",4,5
"GTTCAGTCGCCAAATG-1",4,4
"GTTCATCGTTTGGCTG-1",8,9
"GTTCCAAGACAGCGAC-1",5,3
"GTTCCAGTCTGACCAT-1",4,4
"GTTCCCGTAAACATAT-1",7,7
"GTTCGCCATAAGTGCC-1",7,7
"GTTCGCTGAGACGTCT-1",7,7
"GTTCGGAGCACTCAAC-1",9,11
"GTTCGGATCGGGAACA-1",4,4
"GTTCGGGCGTACCATT-1",8,9
"GTTCGTCTAAAGAACT-1",6,15
"GTTCGTCTGGGTCCCT-1",2,14
"GTTCGTTGCGGACCAG-1",8,5
"GTTCTTCCCTCGATGT-1",4,4
"GTTGAACCGGTTCCAT-1",4,4
"GTTGAGTCCCGCCGGT-1",9,13
"GTTGCACGGAGTTTCG-1",4,4
"GTTGCAGTCGACAACA-1",9,10
"GTTGCGCTAACATTAC-1",8,9
"GTTGCGGACGGTCAGG-1",7,7
"GTTGGACCGCATCAGG-1",2,14
"GTTGGATTCAGTGGCT-1",5,3
"GTTGGATTGAGAACAC-1",4,4
"GTTGGATTTGCGTTGG-1",7,7
"GTTGGTCATGCTATCC-1",7,7
"GTTGTAGATTTATGAG-1",4,4
"GTTGTCGTGTTAGTTG-1",4,4
"GTTGTTACATTGCGCT-1",2,2
"GTTGTTGCAAGATGGC-1",9,11
"GTTTACGTTCCATCTG-1",7,7
"GTTTCATATCGTCGCT-1",8,9
"GTTTCCTGGAGGGTGA-1",4,4
"GTTTCTAGAGGCGCGG-1",6,15
"GTTTCTGCAGTCTCCC-1",7,7
"GTTTGACCAAATCCTA-1",7,7
"GTTTGAGCGGTTATGT-1",8,5
"GTTTGGCCCAAGTTAT-1",7,12
"GTTTGGCCGCTCAGCG-1",8,5
"GTTTGGGCTTGTGAGC-1",7,7
"GTTTGGGTTTCGCCCG-1",6,15
"GTTTGGTAGGGTCAAC-1",7,7
"TAAACCCAGGAGGGCA-1",8,5
"TAAACGTCGTCAATGA-1",5,3
"TAAAGACAACCCTTTA-1",8,9
"TAAAGAGCCCGAAACC-1",4,16
"TAAAGCGGTATTTCCA-1",4,5
"TAAAGCGTTAGGAGAA-1",4,4
"TAAAGCTGCAATAGGG-1",5,3
"TAAATCTTTACACCTC-1",2,2
"TAAATGAATCCGTTTC-1",8,5
"TAAATGCCGTCTCATG-1",3,8
"TAAATGGGCTACTGAG-1",9,11
"TAAATTGTGGGTAAAG-1",1,1
"TAACAAAGGGAGAAGC-1",4,16
"TAACAATATTTGTTGC-1",5,3
"TAACAGCGTTTGTGCT-1",5,3
"TAACATACAATGTGGG-1",7,12
"TAACATACACGCGATC-1",3,8
"TAACCGCCCGCAGTGC-1",4,16
"TAACCTACCGTCCGAG-1",8,9
"TAACCTAGGGAGTCCA-1",9,15
"TAACGCTTTGAGAGCG-1",8,5
"TAACTATCGAAGGTCC-1",4,16
"TAACTATTACGCCAAA-1",8,9
"TAACTCATCCGCGCGG-1",4,4
"TAACTCCATGGAGGCT-1",8,5
"TAAGATTTAGCGGGAG-1",8,5
"TAAGCAGGCGACACGC-1",5,3
"TAAGCCCTTACGACCA-1",2,2
"TAAGCGCGAATCAAAT-1",5,3
"TAAGGAACTTGTGGGA-1",4,4
"TAAGGCAACATAAGAT-1",7,7
"TAAGGCATAACATCAA-1",4,4
"TAAGGCCCGTCACCCT-1",7,7
"TAAGGCTGAATCCCTC-1",7,7
"TAAGGGCCTGTCCGAT-1",6,15
"TAAGGGCTGGGAGAGG-1",5,3
"TAAGTAAATGTGCCGC-1",5,9
"TAAGTAACATCTTGAC-1",4,4
"TAAGTCGCCGAGTATC-1",5,3
"TAAGTCGGTGAGCTAG-1",9,11
"TAAGTTGCGACGTAGG-1",9,15
"TAATAAACAAGGAGAT-1",8,9
"TAATACACAGTAGTAT-1",4,4
"TAATACTAGAACAGAC-1",7,7
"TAATAGAACAGAGTTA-1",8,5
"TAATAGCTAAATGATG-1",2,2
"TAATAGGTCACCAGAA-1",2,2
"TAATAGTGACGACCAG-1",4,4
"TAATATTGAAATTCGC-1",4,4
"TAATCAACCAAATGGG-1",4,4
"TAATCGATCCGTACGT-1",8,9
"TAATGAAAGACCCTTG-1",3,3
"TAATTACGTCAGTAGA-1",6,15
"TAATTAGATGGATATG-1",8,5
"TAATTAGGACATCCGT-1",4,4
"TAATTCCAATGCTTCA-1",9,11
"TAATTGGAATCGGGAA-1",3,8
"TACAACGCACAACTCA-1",4,4
"TACAAGCTGTTCACTG-1",8,9
"TACAAGGGCTTCTTTA-1",6,15
"TACAAGTCTCGTGCAT-1",8,5
"TACAATGAAACCAGCA-1",8,5
"TACACAGCCGTGGTGC-1",7,7
"TACACCGTCGTTAGTC-1",1,1
"TACACCTCTTCGAATC-1",6,15
"TACAGAAACGGTGGGC-1",6,15
"TACATAGGCATACACC-1",7,7
"TACATCCCTATCCCTG-1",3,8
"TACATGCCGGAATTGT-1",7,7
"TACATTTCTAACGTGC-1",7,7
"TACCAAATAGCCCAGA-1",7,7
"TACCAATAAAGTACCA-1",9,15
"TACCAGAAGTAGGTTC-1",4,4
"TACCAGCTAGGTTTAA-1",4,16
"TACCAGGAATCCCGTC-1",8,10
"TACCATGTATTGATTT-1",4,4
"TACCCTCGGTAACCCT-1",9,11
"TACCGAATAATTGTAA-1",6,15
"TACCGCGGACTTGCAG-1",4,4
"TACCGGCTCACTGCCC-1",7,7
"TACCGGTCGTTTCCAT-1",8,9
"TACCGTAGGTTAACTA-1",4,4
"TACCGTGCCTCGGACC-1",9,13
"TACCTACTCCCAGTAT-1",7,7
"TACCTCACGCTTGTAC-1",4,4
"TACCTCAGTTGTCTGT-1",4,4
"TACCTCCACACCAATG-1",5,3
"TACCTCTTTACCATCC-1",9,11
"TACCTGCTGCACTGTG-1",8,5
"TACCTTAAGATTTCCC-1",8,5
"TACGAACACGACTTCA-1",7,7
"TACGACGCTTGCTGCG-1",7,7
"TACGACTGCCTCTTAG-1",7,7
"TACGAGAACTTCACGT-1",4,4
"TACGATGTTGATCATC-1",4,4
"TACGCAGTTCTTTCCT-1",7,7
"TACGCCATATTCTAAT-1",7,7
"TACGCCGAGGGTACCC-1",8,5
"TACGCCGCCTCAGAAG-1",4,10
"TACGCCTCCATTCCGA-1",7,7
"TACGCTATAGAAACCT-1",8,9
"TACGCTCGGTATTGGA-1",9,11
"TACGGAAGCCAAACCA-1",7,7
"TACGGCATGGACGCTA-1",9,11
"TACGGGATGCTAGCAG-1",4,4
"TACGGGTAATAACATA-1",9,15
"TACGTAAAGCGGAGTG-1",6,15
"TACGTACTAGTGCTGA-1",8,5
"TACGTGCAAGGTTCCT-1",5,9
"TACGTGCACTATGCTG-1",4,16
"TACGTGGGCCCAGGGC-1",9,13
"TACGTTTACCGGCAAT-1",4,9
"TACTACGTGCAATGCG-1",9,13
"TACTATGGTTCCTCAG-1",4,4
"TACTCATTGACGCATC-1",9,11
"TACTCCTCTAGTTGAC-1",5,3
"TACTCGGCACGCCGGG-1",3,8
"TACTCGTTTGAATCAA-1",9,13
"TACTCTCCGAACAAAT-1",4,4
"TACTCTTTCGTCTTCA-1",4,9
"TACTGAACAGATTTAG-1",8,5
"TACTGCAATCAATTAC-1",3,8
"TACTGGACAGCTCGGC-1",8,5
"TACTGTTTCTCTGGTA-1",4,4
"TACTTAAACATGTACA-1",6,15
"TACTTGTTAGTAGTCC-1",7,7
"TACTTTACTGAGCCGG-1",8,9
"TACTTTCCGCACGCCA-1",3,8
"TAGAAACCACTAAGTA-1",8,3
"TAGAAAGGTGGCGCTA-1",7,7
"TAGAAATTCACGTATA-1",3,8
"TAGAAGAAGGGTTACA-1",9,11
"TAGAATAGCCGATGAA-1",6,15
"TAGAATTAAGGGCAAC-1",8,5
"TAGACGAAACGCCAAT-1",7,7
"TAGACGCCCGTACCGG-1",4,4
"TAGACTACCTAGCGTT-1",4,4
"TAGAGATCATGCAACT-1",5,3
"TAGAGCTACGAAGAAC-1",4,4
"TAGAGGGAGTTTATCT-1",4,4
"TAGAGGTTCTACTTGT-1",6,15
"TAGAGTCTAAGCGAAC-1",7,7
"TAGATATGGACTGGAA-1",4,4
"TAGATCCGAAGTCGCA-1",8,5
"TAGATGGTTCCTTACT-1",9,15
"TAGATTCCTGGTTATT-1",5,3
"TAGATTCTCTAGCAAA-1",9,11
"TAGCAACCTGTCACAA-1",8,5
"TAGCAGATACTTAGGG-1",9,11
"TAGCAGTAAATACGCG-1",3,8
"TAGCAGTATGACTAAA-1",6,15
"TAGCCAGAGGGTCCGG-1",5,3
"TAGCCATTTCAAAGTC-1",7,7
"TAGCCGGCGGTCAGCG-1",7,7
"TAGCGTCCCTCGATTG-1",4,4
"TAGCGTCCGGTGTGGT-1",9,13
"TAGCGTTGGGTCTTAC-1",7,7
"TAGCTAAGTCCGGGAG-1",7,7
"TAGCTAGAAGGCATGA-1",4,4
"TAGCTAGTGATGATGG-1",4,4
"TAGCTCACTGTGTTTG-1",9,11
"TAGCTCAGATCCTAGT-1",3,8
"TAGCTCGCCTGATAAC-1",7,7
"TAGCTGATGTGAAGCG-1",2,2
"TAGGAACAGCCTCCAG-1",8,5
"TAGGAGGCTCGAGAAC-1",9,11
"TAGGCATGTTACGCCA-1",4,10
"TAGGCGATGAGGTCTC-1",1,1
"TAGGCTAAAGTGGCAC-1",6,15
"TAGGGAGCTTGGGATG-1",4,4
"TAGGGTGTTTCAAGAG-1",4,4
"TAGGTCCAAGTAAGGA-1",8,5
"TAGGTCGCCGGAACTG-1",8,9
"TAGGTGACGATAACCT-1",9,13
"TAGGTGAGCCCTACTC-1",4,4
"TAGGTGCTCGCCTAGC-1",7,7
"TAGGTGTTCCACAGAT-1",4,4
"TAGGTTCGAGTTCGTC-1",7,7
"TAGGTTCTGCTGAGAA-1",4,4
"TAGTACCTTAGTGGTC-1",8,5
"TAGTAGCTTATACCAG-1",8,5
"TAGTCCCGGAGACCAC-1",8,9
"TAGTCCGCAGAGAATG-1",7,7
"TAGTCCGTATGCATAA-1",5,10
"TAGTCGATCACGGGTT-1",7,7
"TAGTCTAACAACGAGA-1",4,9
"TAGTCTGTGACGTTGC-1",3,8
"TAGTCTTTCCGAATTG-1",7,4
"TAGTGAGAAGTGGTTG-1",8,5
"TAGTGCCCTCCAGAGT-1",7,7
"TAGTGGAACTCATACA-1",5,5
"TAGTGTCAGAAACGGC-1",8,5
"TAGTTAAGATAGGATA-1",8,5
"TAGTTTATTCTTGCTT-1",4,4
"TATAAATCCACAAGCT-1",4,4
"TATAAGTGAGGATAGC-1",4,4
"TATACACAGACGCCTT-1",7,7
"TATACACGCAAAGTAT-1",4,16
"TATACCGAGTGCCACA-1",4,4
"TATACGCGTCATCACT-1",7,7
"TATACTCATGCGGCAA-1",5,3
"TATAGAGTCGCTTGAA-1",8,5
"TATAGATGGTCGCAGT-1",4,4
"TATAGCGCACGTTATC-1",2,14
"TATAGGGTACTCATGA-1",5,3
"TATATAGGGCTTTACG-1",5,3
"TATATATCGAGAAATG-1",3,8
"TATATCCCTGGGAGGA-1",4,4
"TATATTACAAATGTCG-1",3,8
"TATATTCGCGTCGATA-1",8,16
"TATCACAGCACGGGCA-1",8,5
"TATCACCATGTAAAGT-1",5,3
"TATCACCCAACCGACC-1",5,9
"TATCACTTCGAGTAAC-1",5,3
"TATCCAATTGGTTATC-1",9,13
"TATCCATATCATGCGA-1",4,4
"TATCCATCTCGGTTAG-1",2,2
"TATCCGCACCGTCGGG-1",4,4
"TATCCTATCAACTGGT-1",4,4
"TATCCTGCATGGGAAT-1",4,4
"TATCGATCTATGCATA-1",8,9
"TATCGATGATTAAACG-1",4,4
"TATCTACAGAGGTAAT-1",8,5
"TATCTACCACAGCGGG-1",7,7
"TATCTAGCCTAAAGGA-1",3,8
"TATGAAGAATTAAGGT-1",6,15
"TATGAAGACAGGTGCG-1",8,5
"TATGATAAATCTAACG-1",5,3
"TATGATCCGGCACGCC-1",3,8
"TATGATTCTGCTTGGT-1",8,5
"TATGCTCCCTACTTAC-1",7,7
"TATGGAGTTTCTCGTT-1",8,5
"TATGGATGTGCTACGC-1",7,7
"TATGGCCCGGCCTCGC-1",4,16
"TATGGCTAGGCTAATT-1",2,2
"TATGGGACCGAGCAGG-1",7,7
"TATGGGTACGTATCGT-1",7,7
"TATGGTCTGAGTAACA-1",7,7
"TATGGTTAGTGGGAGA-1",4,4
"TATGTAAAGTGCTTAA-1",8,10
"TATGTCAAGACCGACT-1",8,9
"TATGTCTCATTGTGCC-1",7,7
"TATTAACACCAAAGCA-1",2,14
"TATTAACCTGACCGCG-1",4,9
"TATTACCATCCTGCTT-1",4,4
"TATTCAATTCTAATCC-1",7,7
"TATTCCACTCAGCTCG-1",7,7
"TATTCCGAGCTGTTAT-1",6,15
"TATTCCGGCAGTCCTA-1",8,5
"TATTCCTCCGCCCACT-1",8,5
"TATTCGTGCCAGAATA-1",7,7
"TATTGACATTTCTGCC-1",5,9
"TATTGCCGGGCTTGTA-1",6,15
"TATTTAGTCTAGATCG-1",4,4
"TATTTATACCGAGTAG-1",4,16
"TATTTGATTTGCACAG-1",7,7
"TATTTGTTACCCTTTA-1",4,4
"TCAAACAACCGCGTCG-1",7,7
"TCAAACAATTAGGACA-1",5,3
"TCAAACTTAGATTGTT-1",7,7
"TCAAATTGTTGTGCCG-1",9,13
"TCAAATTTGAGACTCA-1",7,7
"TCAACAAAGATAATTC-1",8,5
"TCAACACATTGGGTAA-1",8,5
"TCAACATAGCGCCCTA-1",8,5
"TCAACATCGACCGAGA-1",3,8
"TCAACCATGTTCGGGC-1",4,4
"TCAACGAGGAGACAAA-1",7,7
"TCAACGCAGGAAATAA-1",8,5
"TCAACGCGACCGGCAG-1",5,3
"TCAACTAACGTATAAC-1",5,3
"TCAACTGCAGAGTCAG-1",7,13
"TCAAGAAATACTAGCT-1",8,9
"TCAAGCGCGGACGGTA-1",7,7
"TCAAGCTGCCTTGAAA-1",2,2
"TCAAGGTTACTACACC-1",7,7
"TCAATACGCCGTCATG-1",4,4
"TCAATATACAGGAGGC-1",9,15
"TCAATCCCGCGCCAAA-1",9,11
"TCAATCCGGGAAGTTT-1",6,15
"TCACAGATCCTCAAAC-1",5,3
"TCACAGCAAACTCGAA-1",4,4
"TCACAGGAGAATAAGA-1",4,4
"TCACAGGGAATCGCAA-1",9,13
"TCACAGGTTATTGGGC-1",4,16
"TCACATCTTATCTGAT-1",5,3
"TCACCCTCTTAAGATT-1",7,7
"TCACCGCTCGGCACTC-1",4,4
"TCACGATGTCCGTGGA-1",5,3
"TCACGCATTGTAGATC-1",7,7
"TCACGGTCATCGCACA-1",4,4
"TCACGTGCCCGATTCA-1",7,7
"TCACTACGACCAATGC-1",5,3
"TCACTATCGTGCAATC-1",8,5
"TCACTCAGCGCATTAG-1",8,5
"TCACTCGTGCAACGGC-1",5,3
"TCAGAACCTCCACAGG-1",8,9
"TCAGAACGGCGGTAAT-1",7,7
"TCAGACGCTATAGAAG-1",9,13
"TCAGAGGACGCGTTAG-1",9,11
"TCAGAGTGTGAGCATG-1",7,7
"TCAGCAAATGCATCTC-1",7,7
"TCAGCAGTAGGCCCTG-1",3,10
"TCAGCCAATCCGTAAA-1",6,15
"TCAGCGCACGCCGTTT-1",7,7
"TCAGGGCGCAAACTCG-1",5,3
"TCAGGGTGCACGAAAC-1",5,3
"TCAGGGTGTAACGTAA-1",7,7
"TCAGGTTCTTTGAGAA-1",4,4
"TCAGTACTGACCCGCG-1",4,16
"TCAGTAGGGACTATAA-1",4,4
"TCAGTGTATACGTCAT-1",8,5
"TCAGTTACGGAATGAT-1",8,9
"TCATAAGTCCAAGAAG-1",9,10
"TCATACTTACAGATCC-1",8,5
"TCATATGAGCTTTGTT-1",4,4
"TCATCACTCGAGCTCG-1",8,5
"TCATCCCAGAGGGTGG-1",8,5
"TCATCCTCAGCTGCTT-1",6,15
"TCATCGACGACCGTCG-1",9,13
"TCATCGATGGTCCCAA-1",5,3
"TCATGCAGGTTCTCAT-1",8,5
"TCATTCGTATAATTTG-1",3,8
"TCATTTAAGTCTCCGA-1",4,4
"TCATTTAGAAGTGTGA-1",7,7
"TCCAACTCAGCTATCT-1",6,15
"TCCAACTTTAAATTCT-1",4,4
"TCCAAGCCTAGACACA-1",9,13
"TCCAATAAAGGCTACC-1",4,4
"TCCACAATGGTTTACG-1",4,4
"TCCACATCGTATATTG-1",4,4
"TCCACCAAGACATAGG-1",6,6
"TCCACCTCTAGCCTTT-1",4,4
"TCCACTTTATCTAGGT-1",7,7
"TCCAGAGCACCGGTTC-1",7,7
"TCCAGATGTACGCCAA-1",3,8
"TCCAGCGCTATAAGCG-1",7,4
"TCCAGGCAGGACGATC-1",4,4
"TCCAGGCGAGTACGGT-1",7,7
"TCCAGGGTATATACGA-1",7,7
"TCCATTAGTTGGATAG-1",5,3
"TCCATTCCCACTAGAG-1",2,14
"TCCATTGTGACCTCGT-1",8,5
"TCCCAAACAGACAACG-1",3,8
"TCCCAAAGACGAAGGA-1",7,7
"TCCCAAAGCCCTAAAT-1",8,9
"TCCCACTCTCTTCCGG-1",8,9
"TCCCAGCACACGACAT-1",7,7
"TCCCAGCTTTAGTCTG-1",7,7
"TCCCAGGCTTAGCTAA-1",7,7
"TCCCGCCTATGTGCGT-1",3,8
"TCCCGCGTACTCCTGG-1",7,7
"TCCCGGGTGTGCTGCT-1",4,4
"TCCCGGTCAGGAATTT-1",8,5
"TCCCGTCAGTCCCGCA-1",4,4
"TCCCGTCGCGTCATAG-1",3,8
"TCCCGTGTGCAATTTG-1",9,13
"TCCCTAGATCAATAGG-1",3,8
"TCCCTCCGAAATCGTT-1",5,3
"TCCCTCTTCTCAAGGG-1",9,11
"TCCCTGGCGTATTAAC-1",2,2
"TCCCTGGCTCGCTGGA-1",8,5
"TCCCTTAGATTACTCG-1",8,5
"TCCCTTGTCTGAAACT-1",6,15
"TCCGAACGTTGCCGCT-1",4,4
"TCCGAACTTGGCTTAC-1",5,3
"TCCGAAGTAGTCACCA-1",3,8
"TCCGAATGGTCCTGAG-1",5,9
"TCCGAGAAGGCTAAGC-1",8,5
"TCCGATAATTGCCATA-1",4,4
"TCCGATGACTGAGCTC-1",4,4
"TCCGATGGTGCGACAT-1",4,4
"TCCGATTACATTGCCG-1",4,16
"TCCGCCTGTCTACAAG-1",9,13
"TCCGCGGCAGCATCTG-1",7,7
"TCCGCGGCCCAATGAA-1",9,15
"TCCGCTGTCATCCCGG-1",9,15
"TCCGCTTATCCCATTA-1",7,7
"TCCGGAGGAAGGGCTG-1",3,8
"TCCGGCCTAGCGTACA-1",8,9
"TCCGGCTGTCGGGTCG-1",7,7
"TCCGGGCTTGACGGGA-1",6,15
"TCCGGTTCGTCCGGTC-1",4,4
"TCCGTAACCACAATCC-1",5,3
"TCCGTTAAGCTAATAT-1",9,13
"TCCGTTTAGCCTTGAA-1",4,4
"TCCTAAAGATTCAGAC-1",9,13
"TCCTAAATTGGGAAGC-1",7,7
"TCCTAACCGTCGGGCA-1",8,5
"TCCTACATCCACGGCC-1",9,13
"TCCTAGCAAAGAAGCT-1",4,4
"TCCTATCATAGGTAAC-1",4,4
"TCCTCCTAAGACATTC-1",5,3
"TCCTCGGGCTGGGCTT-1",9,13
"TCCTCTACGAGATGGC-1",4,16
"TCCTCTCCAGTTGTCC-1",5,3
"TCCTCTGGCCCATTAG-1",5,3
"TCCTGCCAACTGGAGA-1",5,3
"TCCTGCGTTGATACTC-1",8,5
"TCCTGGCGCTGCCTGG-1",3,8
"TCCTTACGACGGTCCG-1",9,13
"TCCTTCAGTGGTCGAA-1",4,4
"TCCTTGTCCTTTAATT-1",7,7
"TCCTTTAAATCCGCTT-1",6,15
"TCCTTTCTTACGCTTA-1",7,7
"TCGAAATTTAGGACCA-1",4,4
"TCGAAGAACCGAGCAC-1",7,7
"TCGAATATCCCGCAGG-1",8,5
"TCGAGACCAACACCGT-1",7,7
"TCGAGCCAGGCAGGCC-1",8,5
"TCGAGGGCAACAGACG-1",7,7
"TCGATAGGCTAGTCGC-1",8,5
"TCGCAAAGATGCATTT-1",9,13
"TCGCACCAGGAGGCAG-1",9,13
"TCGCATAAAGGGCGCA-1",9,11
"TCGCATCCCTAAGTGT-1",8,5
"TCGCATTCAATGACTT-1",8,5
"TCGCCCAACTGACTCC-1",3,8
"TCGCCGAAGTTGCGTC-1",4,4
"TCGCCGACATATTCGC-1",6,15
"TCGCCGCACCGCGTGA-1",2,14
"TCGCCGGTCGATCCGT-1",4,4
"TCGCCTCCTTCGGCTC-1",9,11
"TCGCCTCGACCTGTTG-1",5,3
"TCGCGTCCAGAAGGTC-1",4,16
"TCGCTAAACCGCTATC-1",8,5
"TCGCTACTGGCTTTGA-1",7,7
"TCGCTCGATATATTCC-1",7,7
"TCGCTCGGCACCAGCG-1",3,8
"TCGCTGCCAATGCTGT-1",9,13
"TCGCTGGGCGGATTGT-1",7,7
"TCGCTGTGCGTAAATC-1",4,4
"TCGCTTAATTACGAAG-1",2,2
"TCGCTTTAAACGTTTG-1",4,4
"TCGGAATGACCATCAA-1",8,3
"TCGGAATGCGCTCTGA-1",8,5
"TCGGACGCCCAGCCCA-1",7,7
"TCGGAGAGTATCGGGA-1",5,3
"TCGGAGTACATGAGTA-1",7,7
"TCGGCAGGGTTAAGGG-1",9,11
"TCGGCGAACCCAAACC-1",7,7
"TCGGCGGTATTAGATT-1",3,8
"TCGGCGTACTGCACAA-1",3,2
"TCGGCTAACTTCCCTT-1",8,10
"TCGGGAACGTGCCTAG-1",5,9
"TCGGGAGACAGCGTAC-1",7,13
"TCGGGATTCAAACATA-1",3,8
"TCGGGCACTTCTGGAT-1",8,5
"TCGGGCCGTCGTGGTA-1",7,7
"TCGGGTGAAACTGCTA-1",4,4
"TCGGTCCCGACAATAG-1",3,8
"TCGGTCCCTGACTCCA-1",5,3
"TCGGTGACCGCTCCGG-1",3,8
"TCGGTTAGCCATGTAG-1",5,9
"TCGTAACTCCCAAGAC-1",9,15
"TCGTAAGACGACATTG-1",4,4
"TCGTAAGCTCCGAGGA-1",3,8
"TCGTACCGACGTCAAG-1",4,4
"TCGTATAGTGCAATTA-1",4,4
"TCGTATTACCCATTGC-1",8,5
"TCGTATTTCGTCCGGA-1",8,5
"TCGTCAAGTACGCGCA-1",8,5
"TCGTCACACTGTTAGC-1",3,3
"TCGTCCGCTGGCGTCT-1",4,4
"TCGTCTTAGGCGTTAA-1",6,15
"TCGTGTCACGCTGACA-1",5,3
"TCGTTAGGAGTCCCTA-1",4,16
"TCGTTCGTTATTATGT-1",4,16
"TCGTTGCTATCCGGTC-1",4,4
"TCGTTGGCTCGTCAAT-1",8,5
"TCGTTTACGCGACCCT-1",6,15
"TCTAAAGAACAGTCTC-1",2,14
"TCTAACCTAGCCTGCG-1",6,15
"TCTAACTGTATGTAAA-1",3,8
"TCTAATACTGCCTCAG-1",3,8
"TCTACACGTTCATGCA-1",5,9
"TCTACCCAATAGAGAG-1",1,1
"TCTACCGTCCACAAGC-1",7,7
"TCTACGGGCTCAGTTG-1",2,14
"TCTAGCAATCTCCGCC-1",8,5
"TCTAGCATCTTCGATG-1",4,4
"TCTAGCATGCCCAGAA-1",7,7
"TCTAGGTGGCGACGCT-1",8,9
"TCTAGTGATATCGTGG-1",7,7
"TCTAGTTATCAGAAGA-1",7,7
"TCTATAGGTGGGTAAT-1",9,11
"TCTATCATGCAGTTAC-1",4,4
"TCTATCCGATTGCACA-1",9,11
"TCTATCGGTCGCAACA-1",7,7
"TCTATGCTATAACGAC-1",6,15
"TCTATTACGCTGGCGA-1",8,16
"TCTATTACTAGAGGAT-1",3,8
"TCTCAAATCAATCGGG-1",1,1
"TCTCAGGCTACTCGCT-1",9,11
"TCTCATGAGATAGGGT-1",9,15
"TCTCCAACGTAGGTTA-1",4,4
"TCTCCACAAGTTGAAT-1",6,15
"TCTCCCTGGGCAGCGT-1",9,15
"TCTCGAACGAGGTCAC-1",5,3
"TCTCGACGTATCGCCG-1",4,4
"TCTCGAGGAGGTTCGC-1",7,7
"TCTCGGCTCCAGGACT-1",8,5
"TCTCTAATAGCTGGTA-1",4,4
"TCTCTCGCCGCACATA-1",7,7
"TCTCTTACCGCGAACC-1",8,5
"TCTGAACCGGTCGGCT-1",4,4
"TCTGAACTCGTACCCG-1",7,7
"TCTGAAGCACGTGGTC-1",6,15
"TCTGAATTCCGTACAA-1",4,4
"TCTGACGGGCTAACCC-1",3,8
"TCTGACTGTAATGGTT-1",5,3
"TCTGAGCAATTGACTG-1",7,7
"TCTGATCGGGTGCTAG-1",5,9
"TCTGATGTATTCTGTC-1",6,15
"TCTGATTGGAAATGGA-1",5,9
"TCTGCACCATTAGTAA-1",2,14
"TCTGCATACCTTGCTT-1",9,15
"TCTGCCAGAAACTGCA-1",9,13
"TCTGCGAATCGTTCGC-1",2,14
"TCTGCGTCCGGTTTCT-1",5,3
"TCTGCTTAGAACAAGC-1",4,4
"TCTGGAGCGTAAGAGT-1",5,9
"TCTGGCCGTTCAAGTT-1",5,9
"TCTGGGAACCTTTGAA-1",7,7
"TCTGGGTAGCGCTCAT-1",4,4
"TCTGTCATACAAGAGC-1",4,16
"TCTGTGACTGACCGTT-1",5,3
"TCTGTGATGGAGGTTG-1",3,8
"TCTGTGCCATCATAGT-1",7,7
"TCTGTGGCTACATTTC-1",8,5
"TCTGTTACCCAGCATA-1",8,5
"TCTTACAGAGGTACCG-1",4,4
"TCTTACCGGAACTCGT-1",8,9
"TCTTACGGCATCCGAC-1",8,5
"TCTTACTTATGCCTCT-1",7,13
"TCTTAGAGCTCCAATT-1",4,4
"TCTTAGAGTGAACTCT-1",7,7
"TCTTATGGGTAGTACC-1",8,10
"TCTTCCCATGGGCACA-1",4,4
"TCTTCGAATAGACGTT-1",7,7
"TCTTCGATACCAATAA-1",7,7
"TCTTCGCGGTGAGAGG-1",7,7
"TCTTCTATAACCCGCC-1",7,7
"TCTTGATGCGTAGCGA-1",7,7
"TCTTGCTCCCGATACT-1",7,7
"TCTTGGTAACACCAAA-1",4,4
"TCTTTAAGACTATGAA-1",4,4
"TCTTTAGAGTCTAACA-1",7,4
"TCTTTAGCAGGCGAAC-1",5,9
"TCTTTCCTTCGAGATA-1",7,7
"TCTTTCTCTTAAGGAG-1",8,3
"TGAAACCTCAACTCAC-1",5,3
"TGAAACTTATGCAAGC-1",8,5
"TGAAAGGACCTGACTC-1",7,7
"TGAACACCCGAAGCAG-1",5,3
"TGAATACCGACGCGTA-1",9,13
"TGAATATGCTATAAAC-1",2,2
"TGAATGAGATACAGCA-1",2,14
"TGAATGAGTGTTTCCC-1",4,4
"TGAATGTCAGCCGGCC-1",7,7
"TGACAACGCATGTCGC-1",8,9
"TGACACTTCTCTTTGC-1",3,8
"TGACAGGACAAGTCCA-1",2,14
"TGACATCGAGCGGACC-1",4,4
"TGACATGTAACGTGAC-1",4,4
"TGACCAAATCTTAAAC-1",4,4
"TGACCAGCTTCAAAGT-1",5,3
"TGACCCAACTCACATT-1",5,5
"TGACCCACGTTAGACA-1",4,4
"TGACCCAGCATTCCCG-1",5,9
"TGACGAATATTTCCCT-1",5,3
"TGACGATGCACTAGAA-1",4,4
"TGACTATAATCCTTTC-1",9,13
"TGACTCTAACTGGTAA-1",9,11
"TGAGAATGCTTTACCG-1",4,4
"TGAGAGATTTACCACG-1",7,7
"TGAGATCAAATACTCA-1",8,5
"TGAGATTAGGCCCTAA-1",5,3
"TGAGCAGTCGTGAAGT-1",8,5
"TGAGCCATACAGTCTC-1",4,4
"TGAGCGGAAAGTGTTC-1",7,7
"TGAGCTCAACTGTATA-1",7,7
"TGAGCTTTAATGACGC-1",8,5
"TGAGGAGTGCCAGCTT-1",4,4
"TGAGGTGTGTGGCGGA-1",4,9
"TGAGGTTGATCCCAAG-1",8,5
"TGAGTAAATTAGCGTA-1",7,7
"TGAGTGCCTCTTAAAT-1",4,4
"TGAGTGGTCCGTGACG-1",4,7
"TGAGTGTAACAACGGG-1",6,6
"TGAGTTAAAGACATTC-1",7,4
"TGATACATTTAGCCGT-1",4,4
"TGATAGCGGGATTCTA-1",3,8
"TGATCACCACACTGAC-1",4,9
"TGATCAGGGAACTGCT-1",5,9
"TGATCCCAGCATTAGT-1",5,9
"TGATCGGTTTGACCCT-1",7,7
"TGATCTACGCTGATCT-1",3,8
"TGATCTATCACACTCT-1",6,15
"TGATCTCCGGCGCCAG-1",7,7
"TGATGCTCACGTAGTC-1",3,8
"TGATGGCTGTTTCTGA-1",3,8
"TGATGGGACTAAGTCA-1",5,3
"TGATGTCAATTAAGTG-1",6,15
"TGATTATGGCACGCAG-1",2,2
"TGATTCAGGTCCCGCG-1",2,14
"TGATTCCCGGTTACCT-1",8,5
"TGATTCGTCTATCACT-1",4,4
"TGATTCTGTCGCCGGT-1",4,4
"TGATTTATTAGCTGTG-1",4,4
"TGATTTCCTCCTGACG-1",8,3
"TGCAAAGTTCGTCTGT-1",4,4
"TGCAACCCATCTGCGG-1",6,15
"TGCAACTACTGGTTGA-1",6,15
"TGCAAGAATGACGTAA-1",7,7
"TGCAATCTAACACGGT-1",6,15
"TGCAATTTGGGCACGG-1",3,8
"TGCACAGTGAAGTTAT-1",3,8
"TGCACGAGTCGGCAGC-1",8,5
"TGCACTATGTGAGTGC-1",5,3
"TGCAGAACTATATCGT-1",5,3
"TGCAGAGTACCGAGCA-1",4,4
"TGCAGATCGTCCTAGG-1",3,8
"TGCAGCTACGTACTTC-1",3,8
"TGCAGGATCGGCAAAG-1",4,4
"TGCAGTGAGGCTCGGG-1",2,14
"TGCAGTTTCCTCCCAT-1",7,7
"TGCATATGTCTGTCAC-1",7,7
"TGCATCTCCGGATCTT-1",3,8
"TGCATGAGTAGATTCG-1",5,3
"TGCATGGATCGGATCT-1",4,4
"TGCATGTGACCCATAG-1",8,10
"TGCATGTGGTAATCTA-1",7,7
"TGCCAAAGTCAGACTT-1",3,8
"TGCCAATGGGTACTCT-1",4,4
"TGCCACCTGGCGAAAC-1",4,4
"TGCCAGTACGTGGAGA-1",9,13
"TGCCATGGCTTATAAG-1",5,9
"TGCCATTACTAAAGAA-1",8,9
"TGCCCGATAGTTAGAA-1",7,7
"TGCCCGTACCGTTAAA-1",9,13
"TGCCGAAAGCGTATTC-1",5,9
"TGCCGATGTCATCAAT-1",5,3
"TGCCGGATGTACGAGC-1",5,3
"TGCCGTGGATCGTCCT-1",7,7
"TGCCGTGGGACCCAAT-1",7,4
"TGCCTAAATTTAATAG-1",5,9
"TGCCTAATTGAAGATT-1",1,1
"TGCCTGACATCGGTCA-1",5,3
"TGCCTGATCAAACGAT-1",4,4
"TGCCTTGGCCAGGCAA-1",6,15
"TGCGAATATGGGATTT-1",3,8
"TGCGACACCCTAGTGC-1",4,4
"TGCGACGGCCGAACGT-1",5,3
"TGCGAGAAACGTTACG-1",5,3
"TGCGAGAATATTACCC-1",8,5
"TGCGAGATGGCGGCCA-1",2,2
"TGCGAGCCCTTCCGCG-1",3,8
"TGCGCAAAGCATTTGG-1",7,7
"TGCGCCGTTAATAACG-1",8,9
"TGCGCGATTAACGGAG-1",4,4
"TGCGGACTTGACTCCG-1",7,7
"TGCGGAGTAAAGGTGC-1",4,4
"TGCGGCATAGTTCAAC-1",4,4
"TGCGGTGAAATTTCAT-1",4,16
"TGCGTAAGAACCTGAT-1",4,4
"TGCGTACGGCTAATTG-1",6,15
"TGCGTCATGACTGAGC-1",3,8
"TGCGTGATTGGGTGTC-1",5,3
"TGCGTTTGTTGACACT-1",9,13
"TGCTAAGTGTCTATTT-1",6,15
"TGCTATACAAACGGAC-1",8,5
"TGCTCCACAGTTCTTA-1",7,7
"TGCTCGGCGAAACCCA-1",7,7
"TGCTCGGTGGGTCACC-1",7,7
"TGCTCTGCCGGTTCAC-1",2,2
"TGCTCTTGAGAGTTTG-1",7,7
"TGCTGGTTGGACAATT-1",4,4
"TGCTGTTGAAGAACTC-1",7,7
"TGCTTAGAGAGAATGC-1",3,8
"TGCTTCCCAAGCAGTA-1",7,7
"TGCTTGAAACCATGCA-1",5,3
"TGGAAACGGAGTGAAC-1",5,3
"TGGAACCACTGACACA-1",5,3
"TGGAAGAAGGGAACGT-1",4,4
"TGGAAGACGAACACCA-1",4,4
"TGGAAGGATAAAGATG-1",4,4
"TGGAATATCCTTGACC-1",3,8
"TGGAATTAGACGCTTT-1",3,3
"TGGACCAATCTAAGAT-1",9,13
"TGGACCACGGCGTTGA-1",5,3
"TGGACGCAATCCAGCC-1",3,2
"TGGACTGTTCGCTCAA-1",7,7
"TGGAGCTAAAGTTCCC-1",8,5
"TGGAGTGATGCGATGA-1",4,4
"TGGATAGAGTAACAGA-1",5,3
"TGGCAAACTAAATTAC-1",9,13
"TGGCAACTCGCGCGCC-1",8,16
"TGGCAAGCACAAGTCG-1",4,4
"TGGCAATGGGACGGCG-1",7,7
"TGGCACGAGCTCGAGT-1",5,9
"TGGCAGATTACGATCA-1",7,7
"TGGCAGCAGTAATAGT-1",7,7
"TGGCATGAAGTTTGGG-1",2,14
"TGGCCAAACTGAAGTA-1",7,7
"TGGCCAATTTGGTACT-1",2,2
"TGGCCGTATATTGACC-1",4,4
"TGGCGACTGCTCCAAA-1",4,4
"TGGCGATCAAGTTATG-1",7,7
"TGGCGGTGTGCGATTG-1",8,5
"TGGCTACACTCTACCT-1",6,15
"TGGCTATGTGACATAC-1",9,13
"TGGCTCTTGTCGCGTA-1",3,8
"TGGCTTGTACAAGCTT-1",2,2
"TGGCTTTGGGTAGACA-1",4,4
"TGGGAAATGCCTTTCC-1",8,5
"TGGGATGCACTCATTC-1",3,3
"TGGGCAATAGTTGGGT-1",7,7
"TGGGCACAAACAGAAC-1",8,5
"TGGGCACGTTCTATGG-1",4,4
"TGGGCAGGCCACCGCA-1",7,7
"TGGGCCACAAGAGCGC-1",4,4
"TGGGCCCATACTAATT-1",9,13
"TGGGCCTTGCCTGCAT-1",5,3
"TGGGCGATACAATAAG-1",4,4
"TGGGTAAGGTTCCCGC-1",8,5
"TGGGTGCACAAGCCAT-1",9,13
"TGGGTGGGATGTCATT-1",3,2
"TGGGTGTAATAGATTT-1",6,6
"TGGGTGTTAAGTAGAA-1",7,7
"TGGTAAGCAGGATTGA-1",3,8
"TGGTAGAATATATGGG-1",7,7
"TGGTATCGCATCCCAA-1",8,5
"TGGTATCGGTCTGTAT-1",8,5
"TGGTCCCACGCTACGG-1",1,1
"TGGTCGTGCAAGGCAA-1",2,2
"TGGTCGTTTGATAGAT-1",5,9
"TGGTCTGTTGGGCGTA-1",8,5
"TGGTGATCGTATTTGT-1",3,8
"TGGTTAAGGGCGCTGG-1",3,8
"TGGTTCAACGGGTAAT-1",9,13
"TGGTTCGTAGCAAAGG-1",4,7
"TGGTTGGAGGATCCTG-1",5,3
"TGGTTTAAACGTGGGT-1",3,8
"TGTAACTTGTCAACCT-1",8,5
"TGTAATGACCACAATA-1",3,8
"TGTACCTACACGAGGG-1",6,15
"TGTACGAACAAATCCG-1",7,7
"TGTACTACTCTCACGG-1",1,1
"TGTACTGTGCCAAAGT-1",8,5
"TGTACTTCCGGGCATG-1",9,11
"TGTAGCCAATTCCGTT-1",7,7
"TGTAGGAGAAATTTCC-1",7,7
"TGTAGTGATCTATAAT-1",4,4
"TGTATAACAGATCCTG-1",7,7
"TGTATACGGATGATGA-1",2,14
"TGTATCAGACTGAAGC-1",3,8
"TGTATCCTTATTCCAT-1",4,16
"TGTATGGCGCAGACAG-1",7,7
"TGTATTTACCTAATGC-1",3,8
"TGTCATTTGTTGGGAA-1",3,8
"TGTCCACGGCTCAACT-1",6,6
"TGTCCCGACATAGCAC-1",4,4
"TGTCCGTGGCGCCTTT-1",5,3
"TGTCCTAAGTCACCGC-1",8,5
"TGTCGGCATGGTGGAA-1",5,5
"TGTCTACAGTTTCTGT-1",4,4
"TGTGACTACGCCAGTC-1",4,4
"TGTGACTAGAGTTTGC-1",6,15
"TGTGAGACTAGCCCAA-1",7,7
"TGTGCCGGTGCCGGAA-1",9,11
"TGTGCTTTACGTAAGA-1",5,3
"TGTGGACTATCTACGT-1",7,4
"TGTGGAGGAAGCTTAA-1",8,9
"TGTGGCAAAGCGTATG-1",4,4
"TGTGGCGGGCTTCTGG-1",4,4
"TGTGGCTCCCACCAAC-1",4,4
"TGTGGTAGGGTGCCTT-1",7,7
"TGTGGTTGCTAAAGCT-1",8,5
"TGTGTAGTAGCACGTG-1",7,7
"TGTGTCGCGAGTTGCA-1",4,16
"TGTGTTCGTATCCAAG-1",5,3
"TGTTAACAAAGTGACT-1",9,11
"TGTTATTGTATGTGGC-1",7,13
"TGTTCCGCTTCCATGA-1",4,4
"TGTTCCGGCCTGAGCT-1",4,4
"TGTTCGTATTGCGGTG-1",7,7
"TGTTCTCTACTCCCTA-1",2,2
"TGTTCTTCCATTGACT-1",4,4
"TGTTGATCACTGTTTA-1",3,8
"TGTTGCCGTCGTCCCA-1",4,4
"TGTTGTCAAGAAGTCT-1",4,4
"TGTTTAATACTTCATC-1",8,5
"TGTTTCGGTACTTCTC-1",4,4
"TGTTTGAGATCGTCAG-1",4,4
"TTAAACAGAGTCCCGC-1",8,5
"TTAAACCGGTAGCGAC-1",8,5
"TTAAACCTGGTTCCTT-1",3,8
"TTAAACTCGAATTCAT-1",4,4
"TTAAAGTAAGTCGCCA-1",6,6
"TTAACACCTCGAACAT-1",8,5
"TTAACCAACCCTCCCT-1",4,16
"TTAACGAACAAGCAGT-1",2,2
"TTAACGTCGCAAGACC-1",4,16
"TTAACTCACGCGTGGA-1",3,8
"TTAACTTCAGGTAGGA-1",5,3
"TTAAGACGAACGAACC-1",5,3
"TTAAGATAGGATTGAC-1",7,7
"TTAAGCCGACAACTTC-1",8,5
"TTAAGCGCCTGACCCA-1",4,4
"TTAAGGATACGGAGGT-1",8,5
"TTAAGGCCCGTACTTT-1",3,8
"TTAAGTATTGTTATCC-1",6,15
"TTAATCAGTACGTCAG-1",4,10
"TTAATGCGAGGTAACT-1",8,9
"TTAATGTAGACCAGGT-1",7,7
"TTAATTGCTTTGGGTG-1",7,13
"TTAATTTCAGACGCGG-1",4,4
"TTACAACTACGCATCC-1",4,4
"TTACAGACCTAAATGA-1",8,5
"TTACATCGTGGCCTGG-1",4,16
"TTACATGCCACAACTA-1",4,4
"TTACCATTGATTACCC-1",8,5
"TTACCCATTGCCGGGT-1",8,5
"TTACCCTAACAGTCCT-1",8,5
"TTACCCTAGGGATTGG-1",4,4
"TTACCGCCTTAGGGAA-1",5,5
"TTACGGATGGTTCGAG-1",4,4
"TTACGGTGTCACCGAG-1",8,5
"TTACGTATCTATGACA-1",9,11
"TTACTAAAGGACTTTA-1",9,13
"TTACTATCGGCTTCTC-1",3,8
"TTACTCCGGCCGGGAA-1",7,7
"TTACTCTGGTACGTAC-1",8,9
"TTACTGGGATATTTCA-1",7,7
"TTACTGTCTAGAGCTC-1",2,14
"TTAGAAGAACATGACT-1",7,7
"TTAGAATAAGGGTCGG-1",8,5
"TTAGACACGATCGTTG-1",8,5
"TTAGACGAGTCACCTC-1",9,15
"TTAGAGTTTAGAAGGA-1",9,13
"TTAGATAGGTCGATAC-1",5,3
"TTAGCAACATGGATGT-1",8,5
"TTAGCTAATACGATCT-1",5,3
"TTAGCTCTGTAATCCG-1",3,8
"TTAGCTGATTTGCCGT-1",7,7
"TTAGGATGGGAGGGTA-1",4,10
"TTAGGTCATAACCGAC-1",8,5
"TTAGTAAACCTGCTCT-1",6,15
"TTAGTAGGGCGGCGGG-1",8,5
"TTAGTTATTCGTGGCA-1",9,13
"TTAGTTCAAGTGTTCG-1",2,2
"TTATAGATGCACATTA-1",8,5
"TTATAGGTAATTGTCT-1",7,7
"TTATAGTCCAAGGTGC-1",3,8
"TTATATACGCTGTCAC-1",7,7
"TTATATTTGGCAATCC-1",7,7
"TTATCATACTCGCAAA-1",5,3
"TTATCCAATCGAACTC-1",8,5
"TTATCCGGGATCTATA-1",6,15
"TTATCCTCAAGGAATA-1",3,8
"TTATCGCCTGCGAAGC-1",3,3
"TTATCTGACATTAGGA-1",2,2
"TTATCTGTATCATAAC-1",7,7
"TTATGAATGAAAGGGA-1",7,7
"TTATGACAAACTGGAT-1",4,4
"TTATGATCTTAACGAA-1",7,7
"TTATGCGTCCCGGTCC-1",8,5
"TTATGTTTGCGATAGA-1",3,3
"TTATTAGAGCGTGTTC-1",9,13
"TTATTAGGGAAGCATC-1",4,4
"TTATTATCTGGAAGGC-1",7,7
"TTATTTAGGTTCCTTA-1",9,11
"TTCAAAGTCTCTAGCC-1",7,7
"TTCAACGACCCGACCG-1",4,4
"TTCAAGCCGAGCTGAG-1",8,5
"TTCAATACTCTGAATC-1",7,7
"TTCAATTAGCCATAAT-1",8,3
"TTCACGAAAGGATCAC-1",7,7
"TTCACTCGAGCACCTA-1",7,7
"TTCACTTCCTAGAACG-1",4,4
"TTCAGAGTAACCTGAC-1",5,3
"TTCAGCCCTGGTCCAC-1",9,15
"TTCAGCTGGCGTGCCC-1",6,15
"TTCAGGCGTCAAAGCC-1",3,8
"TTCATAGCCTTGTAAC-1",5,3
"TTCATGGCGCAACAGG-1",4,4
"TTCCAATCAGAGCTAG-1",8,9
"TTCCAATCTGGCTATC-1",4,4
"TTCCACACAGATTTGA-1",4,4
"TTCCAGACGAGATTTA-1",4,9
"TTCCATCATGCGGTGA-1",3,8
"TTCCATCGACAGCGTG-1",9,11
"TTCCCGGCGCCAATAG-1",2,2
"TTCCGCAGAGAAATAT-1",5,9
"TTCCGCGTGAGGCGAT-1",7,7
"TTCCGGCCTTGAGGCT-1",4,4
"TTCCGGCTCGACTTCT-1",3,2
"TTCCGGTATCTGTGTC-1",4,4
"TTCCGGTTACCCACTT-1",7,13
"TTCCTCGAGGGTGTCT-1",4,4
"TTCCTCGGACTAACCA-1",6,15
"TTCCTCTGCCCGAATA-1",3,8
"TTCCTTTCTGTGTTGC-1",8,5
"TTCGACAGAGCCCGTG-1",9,13
"TTCGACGGGAAGGGCG-1",4,4
"TTCGCACTCGCGTGCT-1",4,4
"TTCGCACTGTACGACA-1",4,4
"TTCGCATCCGGAAGCA-1",5,3
"TTCGCGCGCCATACGA-1",4,4
"TTCGCTAGGAAGTTGT-1",4,4
"TTCGCTATCTGACGTG-1",3,8
"TTCGGACTGATGCCTT-1",5,3
"TTCGGCAACCCGCTGA-1",8,9
"TTCGGCTAGAGATGGT-1",8,5
"TTCGGGACTAATCGCG-1",7,7
"TTCGGGCGCTAGTCTT-1",8,5
"TTCGGGTTGCCACGGG-1",7,13
"TTCGGTACTGTAGAGG-1",4,4
"TTCGGTGGAGACGCCC-1",4,4
"TTCGTAATCCCAGCGG-1",8,5
"TTCGTACTCCAGAACG-1",8,5
"TTCGTTCAACGAAGTT-1",3,8
"TTCTAACCGAAGCTTA-1",4,4
"TTCTACCTTTATGTTG-1",5,3
"TTCTACTTGCGAGGGC-1",4,16
"TTCTAGAAAGTCTTAT-1",4,4
"TTCTAGGCCAATTGTG-1",4,4
"TTCTATGCCTTTCGCA-1",3,8
"TTCTATTAAACGCAGC-1",4,4
"TTCTGACCGGGCTCAA-1",6,15
"TTCTGCCGCGCCTAGA-1",9,13
"TTCTGCGAGCGCCCTT-1",3,8
"TTCTGCGGGTTAGCGG-1",7,11
"TTCTGCTAGACTCCAA-1",8,9
"TTCTGTTTCCTGTCGC-1",5,3
"TTCTTAGTGAACGGTG-1",8,5
"TTCTTAGTGGCTCAGA-1",4,4
"TTCTTATCCGCTGGGT-1",7,7
"TTCTTGAGCCGCGCTA-1",4,4
"TTCTTGCTAGCATCTC-1",4,4
"TTCTTGGACGATCTGC-1",8,9
"TTCTTGGAGTAATGAG-1",4,4
"TTCTTGTAACCTAATG-1",4,16
"TTCTTTGGTCGCGACG-1",5,9
"TTGAAACCCTCATTCC-1",9,11
"TTGAAAGGTGTAAAGG-1",3,8
"TTGAACGAATCCTTTG-1",8,5
"TTGAACGACGTGCTGA-1",6,15
"TTGAAGAATTCCCAGG-1",7,7
"TTGAATATGGACTTTC-1",7,7
"TTGAATCGTTGTATAA-1",2,14
"TTGAATTCACGTGAGG-1",4,4
"TTGACAGGAGCTCCCG-1",7,7
"TTGACATGAACGTGGA-1",8,9
"TTGACCAGGAACAACT-1",9,13
"TTGACCATGTTCTCCG-1",4,4
"TTGACCGTGTTAATGA-1",8,5
"TTGACGATTCAGCACG-1",4,16
"TTGACGCTCCATGAGC-1",7,4
"TTGACTACCATATGGT-1",4,4
"TTGACTATTGTCCGGC-1",7,7
"TTGAGAAGTTTAGCAT-1",6,15
"TTGAGAGTACTGCTAA-1",4,4
"TTGAGCAGCCCACGGT-1",4,4
"TTGAGCGCCACGTGAT-1",8,9
"TTGAGGCATTTAACTC-1",5,3
"TTGAGGGTCGAACGCG-1",3,8
"TTGAGTCCCGCTGCTG-1",8,9
"TTGATAGTCAATACAT-1",3,8
"TTGATCTAACTTTGTC-1",4,4
"TTGATGTGTAGTCCCG-1",8,9
"TTGATTAGCTGTTTCT-1",8,5
"TTGATTATGCAGATGA-1",4,16
"TTGCAAGAAGACTCCT-1",7,7
"TTGCACAATTCAGAAA-1",7,7
"TTGCACGGAGCAGCAC-1",4,7
"TTGCATGCTGATCACG-1",4,4
"TTGCCAAGCAGAACCC-1",4,4
"TTGCCATAGCCCGCTC-1",3,8
"TTGCCCTGATCACGGG-1",4,4
"TTGCCGCTTTCTAGTA-1",9,13
"TTGCCGGTGATCCCTC-1",5,3
"TTGCCTTCTCGCCGGG-1",6,6
"TTGCGCTTGATCAATA-1",6,6
"TTGCGGCATCAGAAAG-1",4,4
"TTGCGTAGTTTGAGGA-1",5,3
"TTGCGTCGGCCAACCG-1",8,9
"TTGCGTGAACGCTTAG-1",5,3
"TTGCGTGTGTAGGCAT-1",9,13
"TTGCTAGCTACCAATC-1",5,5
"TTGCTCATAGTACGTG-1",6,15
"TTGCTCCCATACCGGA-1",4,4
"TTGCTGAAGGAACCAC-1",4,16
"TTGCTGATCATGTTCG-1",7,7
"TTGCTGCACCTATCCA-1",5,3
"TTGCTGGCCGGGCTTC-1",8,5
"TTGGAAGAATACAGTC-1",5,3
"TTGGACATGTGGCTTA-1",8,9
"TTGGACCATCTGGCAA-1",9,13
"TTGGACCTATAACAGT-1",6,15
"TTGGAGTCTCCCTTCT-1",8,5
"TTGGATATCGTCTACG-1",4,4
"TTGGATCGACTTCTGG-1",4,16
"TTGGATTGGGTACCAC-1",4,4
"TTGGCCAAATTGTATC-1",9,11
"TTGGCCATCTTGCGCT-1",5,3
"TTGGCCTAGAATTTCG-1",8,5
"TTGGCGATCCGAATAT-1",5,9
"TTGGCTCGCATGAGAC-1",4,16
"TTGGGAAGACGAGCCG-1",4,4
"TTGGGACACTGCCCGC-1",7,7
"TTGGGACGTAAGAGTT-1",7,7
"TTGGGCGGCGGTTGCC-1",7,7
"TTGGGTTTATTCAGCG-1",2,14
"TTGGTATGGCTTGTGT-1",5,9
"TTGGTCACACTCGTAA-1",4,4
"TTGGTGCGGTGTTGAA-1",3,8
"TTGGTTCGCTCAAAGG-1",5,9
"TTGGTTGCGGTGCGCG-1",3,8
"TTGTAAGGACCTAAGT-1",8,5
"TTGTAAGGCCAGTTGG-1",4,4
"TTGTAATCCGTACTCG-1",7,7
"TTGTATCACACAGAAT-1",8,5
"TTGTCGTTCAGTTACC-1",7,7
"TTGTGAACCTAATCCG-1",6,15
"TTGTGAGGCATGACGC-1",3,8
"TTGTGATCTGTTCAGT-1",6,15
"TTGTGCAGCCACGTCA-1",9,13
"TTGTGGCCCTGACAGT-1",4,4
"TTGTGGTAGGAGGGAT-1",8,5
"TTGTGGTGGTACTAAG-1",6,15
"TTGTGTATGCCACCAA-1",7,7
"TTGTGTTTCCCGAAAG-1",7,7
"TTGTTAGCAAATTCGA-1",4,4
"TTGTTCAGTGTGCTAC-1",7,7
"TTGTTGTGTGTCAAGA-1",7,7
"TTGTTTCACATCCAGG-1",8,5
"TTGTTTCATTAGTCTA-1",5,10
"TTGTTTCCATACAACT-1",5,3
"TTGTTTGTGTAAATTC-1",8,5
