"barcode","BayesSpace_harmony_09","BayesSpace_harmony_16"
"AAACAACGAATAGTTC-1",3,10
"AAACAAGTATCTCCCA-1",3,2
"AAACAATCTACTAGCA-1",7,7
"AAACACCAATAACTGC-1",9,11
"AAACAGAGCGACTCCT-1",3,8
"AAACAGCTTTCAGAAG-1",9,15
"AAACAGGGTCTATATT-1",9,11
"AAACAGTGTTCCTGGG-1",7,12
"AAACATGGTGAGAGGA-1",9,11
"AAACATTTCCCGGATT-1",3,8
"AAACCGGGTAGGTACC-1",6,15
"AAACCGTTCGTCCAGG-1",7,13
"AAACCTAAGCAGCCGG-1",8,5
"AAACCTCATGAAGTTG-1",6,6
"AAACGAAGAACATACC-1",8,9
"AAACGAGACGGTTGAT-1",8,5
"AAACGGGCGTACGGGT-1",5,3
"AAACGGTTGCGAACTG-1",7,7
"AAACTCGGTTCGCAAT-1",4,4
"AAACTGCTGGCTCCAA-1",4,4
"AAACTTAATTGCACGC-1",9,11
"AAACTTGCAAACGTAT-1",6,6
"AAAGAATGACCTTAGA-1",9,11
"AAAGACATGAAGTTTA-1",3,8
"AAAGACCCAAGTCGCG-1",7,7
"AAAGACTGGGCGCTTT-1",6,15
"AAAGGCCCTATAATAC-1",9,11
"AAAGGCTACGGACCAT-1",7,7
"AAAGGCTCTCGCGCCG-1",7,7
"AAAGGGATGTAGCAAG-1",4,4
"AAAGGGCAGCTTGAAT-1",9,15
"AAAGGTAAGCTGTACC-1",2,2
"AAAGTAGCATTGCTCA-1",6,15
"AAAGTCACTGATGTAA-1",4,4
"AAAGTCGACCCTCAGT-1",9,15
"AAAGTGTGATTTATCT-1",5,3
"AAAGTTGACTCCCGTA-1",3,3
"AAATAACCATACGGGA-1",5,3
"AAATACCTATAAGCAT-1",4,4
"AAATAGCTTAGACTTT-1",2,2
"AAATAGGGTGCTATTG-1",8,5
"AAATCCGATACACGCC-1",8,5
"AAATCGCGGAAGGAGT-1",9,11
"AAATCGTGTACCACAA-1",7,7
"AAATCTAGCCCTGCTA-1",3,8
"AAATCTGCCCGCGTCC-1",9,11
"AAATGACTGATCAAAC-1",4,4
"AAATGCTCGTTACGTT-1",9,11
"AAATGGCATGTCTTGT-1",8,5
"AAATGGCCCGTGCCCT-1",9,11
"AAATGGTCAATGTGCC-1",7,7
"AAATGTATCTTATCCC-1",6,15
"AAATGTGGGTGCTCCT-1",4,4
"AAATTAACGGGTAGCT-1",4,4
"AAATTAATAAGCGCGA-1",6,15
"AAATTACACGACTCTG-1",5,3
"AAATTACCTATCGATG-1",3,3
"AAATTGATAGTCCTTT-1",9,11
"AAATTGCGGCGGTTCT-1",3,10
"AAATTTACCGAAATCC-1",3,8
"AAATTTGCGGGTGTGG-1",6,6
"AACAACTGGTAGTTGC-1",7,7
"AACAATACATTGTCGA-1",9,13
"AACAATTACTCTACGC-1",6,6
"AACACACGCTCGCCGC-1",3,8
"AACACGACTGTACTGA-1",8,5
"AACACGAGACGCGGCC-1",6,6
"AACACGCGGCCGCGAA-1",7,13
"AACAGCTGTGTGGCAA-1",9,11
"AACAGGAAATCGAATA-1",8,5
"AACAGGATGGGCCGCG-1",9,13
"AACATAGCGTGTATCG-1",8,5
"AACATATCAACTGGTG-1",3,8
"AACATTGTGACTCGAG-1",7,7
"AACCAAGACTTCTCTG-1",6,15
"AACCAGTATCACTCTT-1",3,8
"AACCATAGGGTTGAAC-1",9,11
"AACCATGGGATCGCTA-1",9,11
"AACCCAGAGACGGAGA-1",7,7
"AACCCATCCCATGATC-1",9,11
"AACCCGACAACCCGTG-1",7,12
"AACCCGCTGTATTCCA-1",7,7
"AACCCTACTGTCAATA-1",3,8
"AACCCTGGTGGAACCA-1",8,5
"AACCGAGCTTGGTCAT-1",4,16
"AACCGCTAAGGGATGC-1",5,3
"AACCGTTGTGTTTGCT-1",3,8
"AACCTAAAGCCGTCCG-1",5,3
"AACCTCGCTTTAGCCC-1",8,5
"AACCTTTAAATACGGT-1",4,4
"AACCTTTACGACGTCT-1",3,8
"AACGAAAGTCGTCCCA-1",9,11
"AACGATAATGCCGTAG-1",8,5
"AACGATAGAAGGGCCG-1",4,4
"AACGATATGTCAACTG-1",8,5
"AACGCATGATCTGGGT-1",2,2
"AACGCGAACGGCAACA-1",9,10
"AACGCGACCTTGGGCG-1",7,7
"AACGCGGTCTCCAGCC-1",4,4
"AACGCTGTTGCTGAAA-1",3,8
"AACGGACGTACGTATA-1",3,8
"AACGGCCATCTCCGGT-1",7,13
"AACGTACTGTGGGTAC-1",9,13
"AACGTAGTCTACCCAT-1",7,7
"AACGTCAGACTAGTGG-1",7,7
"AACGTCATCCGGCTTG-1",7,7
"AACGTGATGAAGGACA-1",5,3
"AACGTGCGAAAGTCTC-1",4,9
"AACGTTATCAGCACCT-1",9,11
"AACTAGCGTATCGCAC-1",4,4
"AACTAGGCTTGGGTGT-1",4,4
"AACTCAAGTTAATTGC-1",7,12
"AACTCCAGAGCGTGTT-1",5,3
"AACTCCTAATCCCATG-1",3,8
"AACTCGATGGCGCAGT-1",9,11
"AACTCTCAATAGAGCG-1",5,3
"AACTCTCAGTGTGCTC-1",6,6
"AACTGATATTAGGCCT-1",4,16
"AACTGGGTCCCGACGT-1",4,4
"AACTGGGTTCGAGCCG-1",3,3
"AACTGGTGTGGGCCTT-1",4,4
"AACTTCTGCGTCTATC-1",9,15
"AACTTGCCCGTATGCA-1",9,11
"AACTTGCGTTCTCGCG-1",9,11
"AACTTTACGGGAGCTT-1",6,15
"AACTTTAGCTGCTGAG-1",4,4
"AAGAAAGTTTGATGGG-1",9,13
"AAGAAGGATCAGTTAG-1",9,11
"AAGACCCAACTGAACA-1",7,7
"AAGACTAACCCGTTGT-1",9,11
"AAGACTCACGCCCACT-1",3,2
"AAGACTGCAAGCTACT-1",4,4
"AAGAGATGAATCGGTA-1",6,15
"AAGAGCTCTTTATCGG-1",8,5
"AAGAGGATGTACGCGA-1",9,11
"AAGAGGCATGGATCGC-1",8,5
"AAGAGGCCCTTTGGAA-1",2,14
"AAGATGGCACCGGACC-1",9,13
"AAGATTGGCGGAACGT-1",5,3
"AAGCACCCTGCGTATC-1",4,16
"AAGCATACTCTCCTGA-1",4,4
"AAGCCACTTGCAGGTA-1",9,14
"AAGCCGAAGCGGTTTA-1",2,14
"AAGCCGCCGTGAAATC-1",9,11
"AAGCGCAGGGCTTTGA-1",4,16
"AAGCGGCGTCATGGGT-1",3,8
"AAGCGTCCCTCATCGA-1",9,11
"AAGCTAGATCGAGTAA-1",4,4
"AAGCTCGTGCCAAGTC-1",4,8
"AAGCTCTTTCATGGTG-1",8,5
"AAGGAGAACTTATAAG-1",4,4
"AAGGAGCGGTTGGTGC-1",7,7
"AAGGATGAGGGACCTC-1",5,3
"AAGGCGCGTAAAGCTT-1",7,2
"AAGGCTGTGCTCATCG-1",7,7
"AAGGGAACGACTGGCT-1",9,11
"AAGGGACAGATTCTGT-1",5,3
"AAGGGACTATGCATTC-1",9,11
"AAGGGTTTGATTTCAG-1",9,11
"AAGGTATCCTAATATA-1",8,5
"AAGGTGATAAACCAGC-1",5,3
"AAGTAAGCTTCCAAAC-1",7,7
"AAGTAGAAGACCGGGT-1",7,7
"AAGTAGTGACGCGAGG-1",6,6
"AAGTCAATTGTCGTCA-1",3,2
"AAGTCTTCTGTGGCCT-1",9,11
"AAGTGACGACCGAATT-1",6,11
"AAGTGAGTCGGGTTTA-1",7,7
"AAGTGCAAAGGTAGAC-1",6,15
"AAGTGCCTTGACTGTA-1",2,2
"AAGTGCGTTAGAATCT-1",9,11
"AAGTGCTTCTCTATTG-1",7,13
"AAGTGTTTGGAGACGG-1",8,5
"AAGTTCACTCCAAGCT-1",8,5
"AAGTTCAGTCTGCGTA-1",2,14
"AAGTTCGGCCAACAGG-1",6,6
"AAGTTGTGATGTTATA-1",2,2
"AAGTTTACTAATGGCA-1",5,9
"AAGTTTATGGGCCCAA-1",4,16
"AATAACAACGCTCGGC-1",6,15
"AATAACACTAGAACAA-1",9,1
"AATAAGTCCTCGAGAC-1",8,5
"AATACAATGTTTCAGG-1",1,1
"AATACCGGAGGGCTGT-1",9,13
"AATACCTGATGTGAAC-1",2,2
"AATAGAACAGAGTGGC-1",7,10
"AATAGAATCTGTTTCA-1",5,3
"AATAGGCACGACCCTT-1",9,13
"AATAGTCCGTCCCGAC-1",7,7
"AATAGTCGCGAGTCGG-1",9,15
"AATATCAAGGTCGGAT-1",7,7
"AATATCCTAGCAAACT-1",9,11
"AATATCGAATCAATGC-1",2,14
"AATATCGAGGGTTCTC-1",2,2
"AATATTGGAGTATTGA-1",6,11
"AATCAGACTGCAGGAC-1",9,11
"AATCAGGTTTCATTTA-1",9,11
"AATCATGTAAAGACTC-1",3,8
"AATCCAAGGGCCTGAG-1",7,7
"AATCCATGCAAGGGTG-1",9,11
"AATCCCGCTCAGAGCC-1",7,7
"AATCGAGGTCTCAAGG-1",8,5
"AATCGCCTCAGCGCCA-1",8,5
"AATCGGGACACTACGA-1",4,4
"AATCGTGAGCCGAGCA-1",8,5
"AATCTAGGTTTACTTG-1",9,11
"AATCTATGCCGGAGCC-1",2,14
"AATCTCTACTGTGGTT-1",9,15
"AATCTGCGTTGGGACG-1",5,3
"AATCTGGCTTTCTAGT-1",9,11
"AATCTGGGTAGACCCT-1",3,8
"AATGACAGCAATGTCT-1",9,13
"AATGACGTAGGATGTC-1",8,5
"AATGACTGTCAGCCGG-1",7,7
"AATGAGTTCGCATATG-1",9,11
"AATGATGATACGCTAT-1",3,3
"AATGATGCGACTCCTG-1",3,2
"AATGCAACCGGGTACC-1",4,4
"AATGCACCAAGCAATG-1",3,8
"AATGGTCCACCGTTCA-1",6,15
"AATGGTTCTCACAAGC-1",7,7
"AATGTATGGCACTGTA-1",9,11
"AATGTGCCCGAGGTGT-1",9,11
"AATGTGCTAATCTGAG-1",9,11
"AATGTTAAGACCCTGA-1",8,5
"AATTAAAGGTCGGCGT-1",7,7
"AATTAACGGATTTCCA-1",4,16
"AATTACGAGACCCATC-1",9,11
"AATTAGCGCTGCAGCG-1",4,4
"AATTATACCCAGCAAG-1",5,3
"AATTCATAAGGGATCT-1",5,3
"AATTCATTGTCATGCA-1",9,11
"AATTCCAAGCATGTAC-1",7,7
"AATTCGATTCGAGGAT-1",4,16
"AATTCTAGAGTTAGGC-1",4,4
"AATTGAACGCTCTGGT-1",8,5
"AATTGCAGCAATCGAC-1",3,8
"AATTGCGTGGATTACA-1",9,11
"AATTTGGGACATAGTA-1",5,3
"AATTTGGTTCCAAAGA-1",8,5
"ACAAACCATGCGTCCT-1",9,11
"ACAAACCGACAAGGCG-1",5,3
"ACAAACTCCATCAGAG-1",9,13
"ACAAAGAAGGTAGGCC-1",9,11
"ACAAAGCATGACCTAG-1",3,8
"ACAAATCGCACCGAAT-1",8,5
"ACAAATGGTAGTGTTT-1",5,3
"ACAAATTCAGATCTGA-1",2,2
"ACAACAGCATGAGCTA-1",8,5
"ACAACGGTCCCTGCGA-1",9,11
"ACAAGCAGTGCCTAGC-1",9,15
"ACAAGCTATATGGAAG-1",9,11
"ACAAGGAAATCCGCCC-1",8,5
"ACAAGGACAAGAGGTT-1",9,13
"ACAAGGATGCTTTAGG-1",5,5
"ACAAGGGCAGGCTCTG-1",8,5
"ACAAGTAATTGTAAGG-1",9,15
"ACAATAGTCGTACGTT-1",6,6
"ACAATCCATTTAAACC-1",9,13
"ACAATCGATCTTTATA-1",8,5
"ACAATGAATACGGAGA-1",9,11
"ACAATTGTGTCTCTTT-1",3,8
"ACAATTTAGGAGGCTC-1",6,15
"ACAATTTGAGCAGTGG-1",8,5
"ACACAAAGACGGGTGG-1",4,4
"ACACACCAGGACCAGT-1",5,3
"ACACACTTTCTACACG-1",4,4
"ACACATGATCAAATCT-1",9,11
"ACACATTTCCGTAGAC-1",4,4
"ACACCCAGCATGCAGC-1",7,7
"ACACCCGAGAAATCCG-1",7,7
"ACACCGAGCGCTCTTT-1",9,10
"ACACCTTAAGTAGGGC-1",7,7
"ACACGAGACTCCTTCT-1",8,5
"ACACGGCACTATGCAT-1",8,5
"ACACGGGAACTTAGGG-1",4,16
"ACACTCCAATGTCACT-1",9,11
"ACACTGATCAAGGTGT-1",7,10
"ACAGAACTGAGAACAA-1",9,11
"ACAGATTAGGTTAGTG-1",4,4
"ACAGCATAGAGCCAGT-1",4,4
"ACAGCGACATTCTCAT-1",3,8
"ACAGCGCACCCGCAGC-1",8,5
"ACAGGAGGCGCAGCCG-1",9,11
"ACAGGCACGGATCCTT-1",5,3
"ACAGGCTTGCCCGACT-1",5,3
"ACAGGTGGAGGTGAGG-1",9,13
"ACAGGTGTGTTGTTGC-1",9,11
"ACAGTAATACAACTTG-1",9,11
"ACATAAGTCGTGGTGA-1",9,11
"ACATAATAAGGCGGTG-1",4,4
"ACATACAATCAAGCGG-1",3,8
"ACATCAGCTGGGACGC-1",6,15
"ACATCCCGGCCATACG-1",7,7
"ACATCCTGGTAACTGT-1",2,2
"ACATCGATCGTTTACC-1",4,4
"ACATCGCAATATTCGG-1",9,13
"ACATCGGTCAGCCGCG-1",9,13
"ACATCGTATGCAATGG-1",8,5
"ACATCGTTAACCTAGT-1",8,5
"ACATCTCAACGCGTAA-1",8,3
"ACATGCTTACGGCAGC-1",9,11
"ACATGGCGCCAAAGTA-1",2,2
"ACATGGCTCAATTTAG-1",9,10
"ACATTAGTTTATATCC-1",4,4
"ACATTCGCGCGGAATA-1",9,11
"ACATTTGAAACCTAAC-1",3,2
"ACCAAACTAGAAATCC-1",8,5
"ACCAACACCACACACT-1",2,14
"ACCAACCGCACTCCAC-1",3,8
"ACCAACGCTTATTTAT-1",7,7
"ACCAAGAACGCGTGTC-1",7,7
"ACCAATATGCAAGTTA-1",8,5
"ACCACAACTCAGAACA-1",5,3
"ACCACAAGTTTCTATC-1",7,7
"ACCACACGGTTGATGG-1",8,5
"ACCACCAATGTAACAA-1",1,1
"ACCACGTGCAGCTATA-1",8,16
"ACCAGACCATAACAAC-1",9,15
"ACCAGCCCGGTCTTTG-1",8,5
"ACCAGGAGTGTGATCT-1",4,4
"ACCAGTGCCCGGTCAA-1",2,2
"ACCAGTGCGGGAGACG-1",3,8
"ACCATATCCGCAATAA-1",7,7
"ACCATCCGCCAACTAG-1",9,11
"ACCATCGTATATGGTA-1",7,12
"ACCATTAAGGGTGTCA-1",9,11
"ACCCAACGCCCGTGGC-1",5,3
"ACCCACCTACATGCTC-1",9,13
"ACCCATCTTGAGGGTA-1",9,13
"ACCCATTTGTCCCTCT-1",3,8
"ACCCGAGCGAAATTAC-1",9,11
"ACCCGATTGGTTCCGA-1",9,13
"ACCCGGAAACTCCCAG-1",4,4
"ACCCGGATGACGCATC-1",3,8
"ACCCGGTTACACTTCC-1",7,7
"ACCCGTAGCAGAGAAT-1",9,11
"ACCCGTGTCATCAGTA-1",7,7
"ACCCTATAGGACTGAG-1",9,10
"ACCCTATGCCATATCG-1",9,13
"ACCCTCCCGTCAGGGC-1",2,2
"ACCCTCCCTTGCTATT-1",8,5
"ACCCTTCATCTGCGAA-1",4,8
"ACCCTTTAGTTCTCCA-1",5,3
"ACCGAAAGGGCCCTGC-1",4,4
"ACCGAAGAGTCTGGTT-1",9,11
"ACCGACACATCTCCCA-1",4,4
"ACCGACTGAGTCCCAC-1",4,4
"ACCGAGTCTCCTTATT-1",8,5
"ACCGATGGTAGCATCG-1",5,3
"ACCGCAATAACTGCCT-1",8,5
"ACCGCGGTGGAAGTCG-1",2,14
"ACCGCTAGTCATTGGT-1",9,13
"ACCGGGCCTTTGTTGA-1",3,2
"ACCGGTCAGGTACACC-1",9,11
"ACCGGTCTGAGTACGG-1",2,14
"ACCGTCCACTGGGCCC-1",9,11
"ACCGTGACCACGTGGG-1",9,13
"ACCGTTCCCGCTCTGA-1",8,5
"ACCTAAGTACCTTTCA-1",9,11
"ACCTAATCGACTTCCT-1",9,14
"ACCTACTATAAATCTA-1",7,7
"ACCTCAGCGAGGCGCA-1",2,2
"ACCTCCGCCCTCGCTG-1",2,14
"ACCTCGAACTTATGCT-1",9,11
"ACCTGCGTGTCATGTT-1",9,11
"ACCTTTCCTTTAGAAG-1",8,5
"ACGAAATGGGCGGCAC-1",9,15
"ACGACTCTAGGGCCGA-1",5,3
"ACGACTGGTCATACTC-1",9,11
"ACGAGAACCCATCACG-1",7,7
"ACGAGATATTTGCTTA-1",5,3
"ACGAGGATACCACTCT-1",9,11
"ACGAGGTTTACAACGT-1",9,11
"ACGAGTACGGATGCCC-1",2,14
"ACGATACATAGAACTA-1",8,5
"ACGATACCTATCCTGA-1",6,15
"ACGATCATACATAGAG-1",4,4
"ACGATCATCTTGTAAA-1",2,2
"ACGATGCATATGTTAT-1",7,12
"ACGATGGATCCGATGC-1",8,5
"ACGCAAACTAATAGAT-1",7,12
"ACGCAATCACTACAGC-1",2,14
"ACGCATACGTTTACTA-1",3,2
"ACGCATTCGTGAGTAC-1",4,4
"ACGCCACTCGAAACAG-1",4,16
"ACGCCAGATGATTTCT-1",8,5
"ACGCCAGTGCGTTTGC-1",2,2
"ACGCCCAGCTGTCGAT-1",8,5
"ACGCCGCTAGACGACC-1",4,16
"ACGCCTGACACGCGCT-1",9,11
"ACGCGAAGTCAGACGA-1",4,4
"ACGCGCTACACAGGGT-1",9,11
"ACGCGGGCCAAGGACA-1",4,4
"ACGCGTTTCTTAAGAG-1",6,15
"ACGCTAGTGATACACT-1",3,8
"ACGCTGTGAGGCGTAG-1",9,15
"ACGCTTAGTGTCTCTC-1",5,3
"ACGGAACACGAGTGCC-1",2,2
"ACGGAATTTAGCAAAT-1",9,11
"ACGGACGCAGCGACAA-1",9,11
"ACGGACTCTCAAAGCG-1",4,16
"ACGGAGCGCAAATTAC-1",2,14
"ACGGATGGTGCGGATA-1",8,5
"ACGGCACTTGCTTGGG-1",4,4
"ACGGCCAACATGGACT-1",7,7
"ACGGCGACGATGGGAA-1",8,5
"ACGGCGGGTTGCCCTG-1",7,13
"ACGGCTGGATGTAGAA-1",9,11
"ACGGGAGTGTCGGCCC-1",6,6
"ACGGGTCATGTGACTT-1",9,11
"ACGGGTTGTGACCTGT-1",9,11
"ACGGTACAGTTCAATG-1",3,8
"ACGGTCACCGAGAACA-1",9,11
"ACGTACAGATTTCTCT-1",8,5
"ACGTACTTTGGCACGG-1",9,15
"ACGTAGATTGCTGATG-1",4,4
"ACGTAGGAGAGTCGCT-1",4,16
"ACGTATTACTCCGATC-1",3,8
"ACGTCCTAAACGAGAT-1",8,5
"ACGTCGGGCAACTCGG-1",9,11
"ACGTCTCGTTCCGGGA-1",9,11
"ACGTGACAAAGTAAGT-1",9,11
"ACGTGCGCCTCGTGCA-1",4,4
"ACGTGGTCGAATGTGC-1",5,3
"ACGTTAATGTCGAAGA-1",4,4
"ACGTTAGATTTGCCCG-1",9,10
"ACGTTATTGGTCACTC-1",9,11
"ACGTTCACTATGCCGC-1",9,13
"ACGTTCCGCGCTCCGT-1",4,4
"ACGTTCGTTCAGGAAA-1",9,13
"ACGTTCTGTACAAGTC-1",5,3
"ACGTTGTCGTTGAAAG-1",9,13
"ACGTTTAGTTGTGATC-1",8,5
"ACTAATACGTCAGGCG-1",3,2
"ACTACAAAGAGAGGTG-1",7,7
"ACTACATCCCGACAAG-1",9,11
"ACTACCAGCTCTCTGG-1",7,7
"ACTACCATCCGAGGGC-1",9,11
"ACTACGCGTTAGAATT-1",7,7
"ACTAGTTGCGATCGTC-1",2,2
"ACTATATGCTGTGTTC-1",2,14
"ACTATCCAGGGCATGG-1",2,14
"ACTATCGCCGGCTAAA-1",9,11
"ACTATTCGTCCGTGGT-1",8,5
"ACTATTTCCGGGCCCA-1",9,14
"ACTCAACGAATGTATT-1",7,7
"ACTCAAGTGCAAGGCT-1",8,5
"ACTCAATAAAGGCACG-1",4,16
"ACTCAGACCTGCTTCT-1",7,7
"ACTCATGGCAGCCTTC-1",9,11
"ACTCCAATATCATCAT-1",9,11
"ACTCCCATTCCTAAAG-1",9,11
"ACTCCCGAATTCGTTT-1",2,2
"ACTCCCTAATGCTAAA-1",4,16
"ACTCCCTAGAATAGTA-1",4,16
"ACTCCGGCCGACCACT-1",5,3
"ACTCGATGTATTTCAT-1",1,1
"ACTCGTAACCCGTCCT-1",9,11
"ACTCGTCAGTAATCCC-1",8,5
"ACTCTAAACCTGGGAT-1",6,15
"ACTCTCTGACTTAGGT-1",8,5
"ACTCTCTTATACACGA-1",5,3
"ACTCTGACCTAATAGA-1",3,8
"ACTCTTGTATAGTAAC-1",4,4
"ACTGAAACGCCGTTAG-1",5,3
"ACTGAATGGCGAAAGT-1",8,5
"ACTGATTTAGTGATTC-1",5,3
"ACTGCCCGCCATTCTC-1",9,11
"ACTGCCGTCGTAACTC-1",8,5
"ACTGCTCGGAAGGATG-1",9,11
"ACTGGGATGCCAGTGC-1",7,7
"ACTGTACGATACACAT-1",8,5
"ACTGTAGCACTTTGGA-1",7,13
"ACTGTATACGCGAGCA-1",7,7
"ACTGTCCAGGATTATA-1",7,7
"ACTGTCTTCTTTAGAA-1",4,4
"ACTGTGCTAGTAGATC-1",9,11
"ACTGTTTAGTGTAGGC-1",4,4
"ACTTACCGGGCGCGCA-1",3,8
"ACTTACGCATCCACGC-1",8,5
"ACTTAGTACGACAAGA-1",9,12
"ACTTATACTTACCCGG-1",5,3
"ACTTATCTGATCTATA-1",7,7
"ACTTATTAGGATCGGT-1",7,7
"ACTTATTTATGTGCCA-1",5,3
"ACTTCAGGCTGATCCC-1",8,5
"ACTTCCAGTGGAAGCT-1",9,11
"ACTTCCATGCGGGACA-1",8,5
"ACTTCGCCATACGCAC-1",8,5
"ACTTGACTCCCTCTTT-1",4,16
"ACTTGCCATATTGTAC-1",4,4
"ACTTGCTCTATCTACC-1",9,11
"ACTTGGGACCCGGTGG-1",7,7
"ACTTGGGCTTTCGCCA-1",8,5
"ACTTGTAGTCCCTTCA-1",9,11
"ACTTGTGGATGGAACG-1",2,2
"ACTTGTTACCGGATCA-1",7,7
"ACTTTACCCTCATGAA-1",2,14
"ACTTTATACACCACTT-1",9,13
"ACTTTCCTATAGCTTC-1",4,4
"ACTTTGACTGCATCCT-1",9,15
"ACTTTGGTCGTGCTCC-1",9,11
"AGAACACGGCGATGGT-1",9,13
"AGAACCCTCAATTGGG-1",9,11
"AGAACGTGGTACATTC-1",8,5
"AGAACTGTACTTTGTA-1",3,8
"AGAAGGTTGCCGAATT-1",7,12
"AGAAGGTTGTAGGTCG-1",8,16
"AGAAGTGATTCGTGAT-1",9,13
"AGAATAAATCTTCAGG-1",9,15
"AGAATACAGGCTATCC-1",2,2
"AGAATGCGGGTTCGGA-1",2,14
"AGAATTATGGATTCGA-1",3,8
"AGAATTGTTTGACATA-1",9,11
"AGACAGCTCAGAATCC-1",9,11
"AGACATAGATCCTTCC-1",4,4
"AGACCAAACCACACCT-1",9,10
"AGACCATGGGATACAA-1",9,7
"AGACCCACCGCTGATC-1",4,4
"AGACCCGCCCTCCTCG-1",4,4
"AGACCGGGAAACCCTG-1",9,11
"AGACGAAGTGCCGGTC-1",3,8
"AGACGACGATGCCGCT-1",9,11
"AGACGGGATTGGTATA-1",5,3
"AGACGGGCCGATTTAA-1",2,2
"AGACTAGCCTTCCAGA-1",7,7
"AGACTGTTACCGGGTC-1",6,13
"AGAGAAACACCAGAAA-1",9,13
"AGAGAACCGTCTAGGA-1",5,3
"AGAGAAGGAGTACAAT-1",9,11
"AGAGATCTCTAAAGCG-1",6,6
"AGAGCAGTTATGAGAC-1",6,15
"AGAGCGGGCTAATCAT-1",4,4
"AGAGCGTACAAGCTCG-1",9,13
"AGAGGCTTCGGAAACC-1",3,2
"AGAGGTATCTCGGTCC-1",4,4
"AGAGTAAACTTCACTA-1",2,2
"AGAGTTAGAGACCGAT-1",3,2
"AGATAACTTCAGGGCC-1",7,7
"AGATAATCACACCTAT-1",1,1
"AGATACCGGTGTTCAC-1",9,6
"AGATACGACTTCATAT-1",7,7
"AGATACTCAAGATCGA-1",8,5
"AGATATAATACGACTA-1",4,16
"AGATCGTGCATAAGAT-1",3,8
"AGATCTCAGGTGTGAT-1",8,5
"AGATCTGGAGAGGATA-1",9,13
"AGATGACTCGCCCACG-1",4,4
"AGATGAGGGTTGCGAT-1",3,8
"AGATGATGGAGTCTGG-1",2,14
"AGATGCAAGACGTGCA-1",9,11
"AGATGCATCCTGTGTC-1",9,11
"AGATTATAGGACGTTT-1",7,7
"AGATTCACAACCGATA-1",9,11
"AGCAAAGGCCGCTAGT-1",4,16
"AGCAACATATCTTATT-1",5,3
"AGCAACCGAAAGTAAT-1",9,11
"AGCACACGTTTAGACT-1",9,11
"AGCACCAGTACTCACG-1",4,4
"AGCACTACCGGCCTGT-1",6,15
"AGCACTACCTCACCAG-1",8,5
"AGCACTTAAGGACGCC-1",9,13
"AGCAGAAGGAGAAAGA-1",4,4
"AGCAGCCAGATGAATA-1",4,7
"AGCAGTCGAAGCATGC-1",5,5
"AGCATATCAATATGCT-1",3,8
"AGCATCATTTCGAAAG-1",9,11
"AGCATCGTCGATAATT-1",7,7
"AGCATTACGAGGCAAG-1",2,14
"AGCCAAGCTTTGTGTC-1",7,7
"AGCCACAGGTTACCCG-1",5,3
"AGCCACTCCCGTGCTT-1",8,5
"AGCCATATAGTATGTG-1",4,4
"AGCCCATACATGTAAG-1",9,7
"AGCCCGCAACAAGCAG-1",7,7
"AGCCCGGCATTAGAGG-1",9,11
"AGCCCGGTAGCCTGTA-1",7,12
"AGCCCTAAGCGAAGTT-1",4,4
"AGCCCTCCCTGGTGGC-1",9,11
"AGCCCTTCTAATCCGA-1",2,2
"AGCCGCAAATTCAAAT-1",9,15
"AGCCGTGGCTAAATGT-1",9,11
"AGCCTAATACCCACGT-1",9,11
"AGCCTTAAAGCGGAAG-1",9,11
"AGCCTTGTCACTGATA-1",9,11
"AGCGACAGGAACGGTC-1",9,13
"AGCGACATCCCATTCA-1",4,4
"AGCGACCAACGATATT-1",4,4
"AGCGACTTTGAAGACA-1",7,7
"AGCGAGACGTGAAGGC-1",9,11
"AGCGATGCGCCTAATA-1",2,1
"AGCGCATAATGAATCG-1",7,7
"AGCGCGGGTGCCAATG-1",5,3
"AGCGCTTATGGGCAAG-1",3,8
"AGCGGACACTTCGTAG-1",4,16
"AGCGGGAAGGGTCCAT-1",7,7
"AGCGGGTCTGACACTC-1",4,4
"AGCGGTTGAGATGTAC-1",3,8
"AGCGTACGAGAGCTAG-1",9,11
"AGCGTAGCGCTAGACC-1",9,11
"AGCGTCTGAACCCGCA-1",7,7
"AGCGTGGTATTCTACT-1",4,16
"AGCGTTCCGATTTAAA-1",3,8
"AGCTAACAAGCAATGT-1",9,11
"AGCTAAGCTCCGTCCG-1",9,13
"AGCTAAGTACGCAGGC-1",8,5
"AGCTAGAAGCAGAAGT-1",3,8
"AGCTATTTAATCCAAC-1",8,5
"AGCTCCATATATGTTC-1",2,14
"AGCTCCTTCGCACATC-1",8,16
"AGCTCTAGACGTTCCA-1",8,7
"AGCTCTTCCCAGTGCA-1",5,3
"AGCTCTTCGTAACCTT-1",2,2
"AGCTCTTTACTCAGTT-1",7,12
"AGCTGAAGTAAACCAA-1",5,3
"AGCTGTAACCTCAATC-1",9,11
"AGCTTATAGAGACCTG-1",4,4
"AGCTTCAATACTTTGA-1",5,3
"AGCTTCTTCTCGAGCA-1",2,2
"AGCTTGATCAGGGTAG-1",9,11
"AGCTTGATCTTAACTT-1",6,6
"AGGAAGCTGTCCGCCG-1",4,4
"AGGACAGTCGAATCCC-1",5,3
"AGGACATCGCACGTCG-1",7,7
"AGGACGACCCATTAGA-1",7,12
"AGGACGCTCGATGTTG-1",3,8
"AGGACTTATAGGAGAA-1",9,11
"AGGAGGCCTTCGCGCG-1",3,8
"AGGATAAAGTCGGGAT-1",4,4
"AGGATATAGGGATTTA-1",3,2
"AGGATATCCGACTGCA-1",3,8
"AGGATCACGCGATCTG-1",9,11
"AGGCAAAGAGGAATCA-1",7,7
"AGGCAGATGCGTAAAC-1",5,3
"AGGCAGGGAGCGTACT-1",7,7
"AGGCATTGTCGTAGGG-1",3,8
"AGGCCACCCGTTATGA-1",7,12
"AGGCCCAGTGACTGGT-1",9,10
"AGGCCCATTGTACAGG-1",4,4
"AGGCCCTAGAACGCCA-1",6,15
"AGGCCTATCATACCAA-1",7,7
"AGGCCTGAGAATCTCG-1",5,3
"AGGCTATGGTTAGCTT-1",9,13
"AGGCTTAAGTTGCACA-1",4,4
"AGGCTTCCCGAAGAAG-1",9,13
"AGGCTTGCTAGACACC-1",9,15
"AGGGAAACGAGGTACT-1",5,3
"AGGGACAGCACGGCGG-1",4,4
"AGGGACTCTACGCGAC-1",7,7
"AGGGCAGCGGCGTGGT-1",8,5
"AGGGCGAGCAGCTGAT-1",6,11
"AGGGCGTGATCGGCTA-1",7,7
"AGGGCTGCAGTTACAG-1",4,4
"AGGGTCAGAGCACTCG-1",7,13
"AGGGTCGATGCGAACT-1",3,8
"AGGGTGCCGTTCTTTA-1",1,1
"AGGGTGCTCTCGAGGG-1",5,3
"AGGGTGGATAGTGCAT-1",6,15
"AGGGTTCAGACGGTCC-1",7,12
"AGGGTTCCCTTTGGTT-1",5,3
"AGGGTTTAGTTCGGGA-1",4,4
"AGGTAACCTCCTATTC-1",7,7
"AGGTACGATATTGCCA-1",8,5
"AGGTAGATCGAGATAT-1",9,11
"AGGTAGGTACAAAGCT-1",9,13
"AGGTATAATTGATAGT-1",2,14
"AGGTCAGGTGAGAGTG-1",8,11
"AGGTCGCCACTTCGGT-1",9,11
"AGGTCGCGGAGTTACT-1",2,14
"AGGTGCACGTCCACAT-1",2,2
"AGGTGGTGACCTTCGC-1",7,7
"AGGTGTATCGCCATGA-1",9,10
"AGGTTCTCCTTTCCGG-1",9,11
"AGGTTGAGGCACGCTT-1",8,8
"AGGTTTCACACACCTT-1",4,4
"AGTAACGTTCATCCTG-1",3,3
"AGTAATCTAAGGGTGG-1",5,3
"AGTAATGTCTTGCCGC-1",4,4
"AGTAATTTGCAAGCGT-1",9,11
"AGTACAGAAGCTTATA-1",8,5
"AGTACATCATTTATCA-1",2,14
"AGTACGGCCCGTATCG-1",6,15
"AGTACGGGCACCTGGC-1",8,5
"AGTACGTGGCCTGTCT-1",3,3
"AGTACTCTTATGCCCA-1",5,3
"AGTAGAAGGCGCCTCA-1",4,4
"AGTAGCGTGAACGAAC-1",8,5
"AGTAGCTAGACGCCGA-1",2,14
"AGTAGGAAGGAAGTTG-1",3,8
"AGTAGGTAACATACAT-1",7,7
"AGTATAATACTAGGCA-1",9,13
"AGTATACACAGCGACA-1",7,12
"AGTATCCATAATAACG-1",9,11
"AGTATGCTGGAGACCA-1",9,11
"AGTATTTGGCACGACC-1",7,7
"AGTCAAATGATGTGAT-1",9,13
"AGTCAACACCACCATC-1",7,12
"AGTCAAGATGACACTT-1",5,3
"AGTCACTAGCTCTCGA-1",3,8
"AGTCACTCCGCCTCAT-1",7,12
"AGTCAGCCACCGCCTG-1",9,11
"AGTCCAGCGGGTACGT-1",3,10
"AGTCCATTGGCTGATG-1",3,2
"AGTCCCGCCTTTAATT-1",3,8
"AGTCGAAACGATTCAG-1",9,11
"AGTCGACGGTCTCAAG-1",5,3
"AGTCGGCCCAAACGAC-1",7,7
"AGTCGGCTCAACTTTA-1",6,11
"AGTCGTATAAAGCAGA-1",8,5
"AGTCGTCGACCACCAA-1",5,3
"AGTCGTGGGCATTACG-1",3,10
"AGTCTCACAAGACTAC-1",9,11
"AGTCTGGACATCCTTG-1",9,11
"AGTCTTCTCCTCAAAT-1",4,4
"AGTCTTTAAAGTGTCC-1",8,5
"AGTGAACAAACTTCTC-1",3,2
"AGTGACCTACTTTACG-1",7,7
"AGTGACTGTGACACAA-1",9,11
"AGTGAGACTTCCAGTA-1",5,3
"AGTGAGCCTCGCCGCC-1",2,2
"AGTGAGGGTTTCTGAC-1",5,3
"AGTGATAACCTGCGCG-1",5,3
"AGTGATATGAGTAGTT-1",7,7
"AGTGATTCAAGCAGGA-1",5,3
"AGTGCACGCTTAAGAA-1",3,8
"AGTGCGTAGCTCGTAA-1",7,12
"AGTGCTAAACACAGCA-1",5,3
"AGTGCTTGCACGAATA-1",5,3
"AGTGGCCCGCAAATGG-1",3,8
"AGTGGCGGCAATTTGA-1",3,3
"AGTGGCGTCTGAAGGT-1",8,5
"AGTGGCTCCGTCGGCC-1",9,15
"AGTGGTGTTACCCGTG-1",9,11
"AGTGGTTGCGTATAGG-1",6,15
"AGTGTATTGCGCATTG-1",3,8
"AGTGTGCTAAGATCGC-1",9,11
"AGTGTGGTCTATTGTG-1",9,15
"AGTTAAACACTTGCGA-1",7,12
"AGTTAAGCGGTCCCGG-1",8,5
"AGTTAAGTCAACCGCT-1",6,6
"AGTTACCCTTAAGACT-1",9,7
"AGTTACCGCACATGGT-1",6,15
"AGTTACTCTATCGTGG-1",5,3
"AGTTATTGAAAGGTAA-1",5,3
"AGTTCACCGGTTGGAC-1",9,11
"AGTTCCTACAGAATTA-1",7,7
"AGTTCCTATTTATGTT-1",4,4
"AGTTCTGCGTTGTATC-1",9,10
"AGTTGACATCGGCTGG-1",9,11
"AGTTGACGGTCCTTGC-1",4,4
"AGTTGCTGACTGATAT-1",9,11
"AGTTGGCAAGGCTAGA-1",2,2
"AGTTTCGCAGGTCGGA-1",4,4
"AGTTTGCACCTGCCTC-1",4,16
"AGTTTGGCACGGGTTG-1",2,2
"AGTTTGGCCAGACCTA-1",6,6
"ATAAACCATTGGACGG-1",7,4
"ATAAACGGACCCGTAA-1",4,4
"ATAAACGTTGCACCAC-1",2,14
"ATAAAGGCTCGGTCGT-1",7,7
"ATAAAGGTCAAGTACG-1",5,3
"ATAAATATTAGCAGCT-1",9,11
"ATAACGCCGGAGGGTC-1",8,5
"ATAACGGAGTCCAACG-1",8,5
"ATAAGGTGGAGAACAT-1",4,16
"ATAAGTAGGATTCAGA-1",2,2
"ATAAGTAGGGCGACTC-1",2,14
"ATAAGTTACCGCGACG-1",7,7
"ATAATACCGTTAGCCG-1",9,11
"ATAATAGCTGTTGAAT-1",4,4
"ATAATAGTGTAGGGAC-1",9,11
"ATAATCTTGGAGAACC-1",8,5
"ATAATTAGCTAAGTAG-1",4,16
"ATACAGCGTCCACTGA-1",9,11
"ATACAGGCCCTCCAAT-1",4,4
"ATACCACGGGCAACTT-1",6,15
"ATACCAGCAAATTGCT-1",4,4
"ATACCAGGCTAATAGA-1",4,4
"ATACCAGGTGAGCGAT-1",4,5
"ATACCTAACCAAGAAA-1",4,16
"ATACGAGGTTTGTAAG-1",7,7
"ATACGCCGATCTACCG-1",9,13
"ATACGCCGGCGAAACC-1",8,5
"ATACGGAACGTCGTTT-1",9,11
"ATACGGGTTTCGATTG-1",8,5
"ATACGGTGAAGATGCA-1",6,15
"ATACGTACTTAGCCAC-1",8,5
"ATACGTCCACTCCTGT-1",5,3
"ATACGTTATGCACGGA-1",4,16
"ATACTACCCGTACCAC-1",2,10
"ATACTAGCATGACCCT-1",4,4
"ATACTCTCGCCACTCT-1",9,11
"ATACTGCCTTACACCG-1",8,5
"ATACTTGTTCTCGAGC-1",6,15
"ATAGACAACGGGACCT-1",5,3
"ATAGACGAAGAGAAAG-1",7,7
"ATAGAGTACTGGGACA-1",7,7
"ATAGAGTTATCAACTT-1",5,3
"ATAGATTTGCAGTCGG-1",8,5
"ATAGCAACTAGGGAAG-1",3,8
"ATAGCCTCAGTACCCA-1",9,11
"ATAGCTGCTCTTGTTA-1",9,11
"ATAGGAATCTAAGCTT-1",2,14
"ATAGGCGGCTATAGAA-1",9,13
"ATAGGCTAGCTTCGCA-1",3,8
"ATAGGGATATCCTTGA-1",8,5
"ATAGGTTGGGCAGATG-1",4,4
"ATAGTCTTTGACGTGC-1",8,5
"ATAGTGAAGCGTTCTC-1",4,4
"ATAGTTCCACCCACTC-1",2,2
"ATATAAAGCGCTCGTG-1",4,16
"ATATAAATGTAGCTGC-1",8,5
"ATATAACACGGGCGCA-1",5,2
"ATATACATGTATGGTA-1",9,11
"ATATACGCTCGTGACG-1",2,10
"ATATAGAGTATTGGTC-1",9,11
"ATATCAACCTACAGAG-1",2,2
"ATATCAATTCCAGCCT-1",9,11
"ATATCGTGCCAGACCC-1",5,3
"ATATCGTTCCTCGAAC-1",5,3
"ATATCTCCCTCGTTAA-1",5,3
"ATATCTTAGGGCCTTC-1",4,4
"ATATGGGATAGCAACT-1",7,7
"ATATGTCTAGAGCGTG-1",4,4
"ATATGTCTCCCTAGCC-1",3,2
"ATATTCAGTTAAACCT-1",6,13
"ATATTCCACATAGTGA-1",8,5
"ATATTCCCACAGGTCA-1",4,4
"ATATTGCTGTCAAAGT-1",9,13
"ATATTTAACCCTCAAG-1",4,4
"ATCAAACACTGTTCCA-1",2,14
"ATCAAACGAAGGTTTG-1",9,13
"ATCAAAGAGCCGTGGT-1",4,4
"ATCAAGATCCCAGGAC-1",7,7
"ATCAATCTGGGCTGCA-1",4,4
"ATCAATGCCGTGGCTG-1",9,11
"ATCACATTAGAATATC-1",8,5
"ATCACGTGCTAATTAA-1",9,13
"ATCACTTCATCCTCGC-1",4,16
"ATCAGACGGCACGCCG-1",7,13
"ATCAGCCTCATGCTGC-1",5,3
"ATCAGCTCGTCCACTA-1",9,11
"ATCAGGTCGCCATTGC-1",3,8
"ATCAGTAGGCAGGGAT-1",5,3
"ATCATAGATCGACGAG-1",7,7
"ATCATAGCCCTATGTA-1",2,14
"ATCATCCAATATTTGT-1",4,4
"ATCATCTGCCCAGTGT-1",5,3
"ATCATTGTACCGCATT-1",9,11
"ATCCAACGCAGTCATA-1",9,13
"ATCCAATGGAGGGTCC-1",9,15
"ATCCAATGGTACCGAA-1",6,15
"ATCCACATCGACAGAA-1",4,16
"ATCCACGCTAAATGTT-1",5,3
"ATCCAGAGCAACAACC-1",7,7
"ATCCAGGATTCGTGAA-1",7,7
"ATCCCATCCACAGCGC-1",9,11
"ATCCCATTTCCGTGGG-1",7,7
"ATCCTACCTAAGCTCT-1",7,7
"ATCCTGAATCGCTGCG-1",6,6
"ATCCTGCGTGGAATGG-1",7,12
"ATCCTGCTGCAGATAG-1",7,7
"ATCGACCCAATACAGA-1",4,4
"ATCGACTCTTTCCGTT-1",4,4
"ATCGCACGCCGGGAGA-1",4,4
"ATCGCCAGTCAACATT-1",2,14
"ATCGCTGCGTGCAGCA-1",2,14
"ATCGGAGACAGACGGC-1",8,5
"ATCGGCAAGCAGTCCA-1",3,8
"ATCGGTTACCTAGTAA-1",6,15
"ATCGTATTCCGAGAAC-1",6,15
"ATCGTGGAAAGTCTGG-1",9,11
"ATCGTTAGCTAGCGGA-1",3,8
"ATCGTTCACTTTCGCC-1",3,8
"ATCTAATATCCTACGG-1",4,4
"ATCTACCATCTGCTCC-1",5,3
"ATCTAGCTTGTGAGGG-1",4,4
"ATCTCCCACGGAATAT-1",2,14
"ATCTCCCTGCAATCTA-1",8,5
"ATCTGACATGGAAGGA-1",9,13
"ATCTGATAGTGTCTTA-1",9,11
"ATCTGCACCTCTGCGA-1",3,8
"ATCTGCTGTTATCGCC-1",7,7
"ATCTGGGCTGTTCTTG-1",4,4
"ATCTGGTTAAGACTGT-1",8,5
"ATCTGTAATTGTACCC-1",4,4
"ATCTTAGGGCATTAAT-1",9,11
"ATCTTATCGCACACCC-1",2,2
"ATCTTGACCTGCAACG-1",7,7
"ATCTTGACTTGTCCAA-1",2,14
"ATGAAGCCAAGGAGCC-1",7,7
"ATGAAGTGGACCCAGC-1",6,15
"ATGACGCCGGCTCTAA-1",4,4
"ATGACGCGTTCTATCC-1",9,11
"ATGACTATCAGCTGTG-1",9,13
"ATGACTATGCGACATT-1",5,3
"ATGAGGAGTGTTAATC-1",9,13
"ATGATCGGGAATAGAC-1",4,4
"ATGATGCAATGGTACA-1",7,7
"ATGCACCTTCCTTAAT-1",9,11
"ATGCACGCGCTGTTCA-1",9,11
"ATGCACTACCGCATTG-1",7,7
"ATGCATGATCCAGGAT-1",4,4
"ATGCATTCCGTGATGG-1",4,4
"ATGCCAATCGCTCTGC-1",2,14
"ATGCCATTTGCGACCA-1",5,3
"ATGCCGGTCTTGCATA-1",8,5
"ATGCCGGTTGATGGGA-1",5,3
"ATGCGACAGTCCCATT-1",4,16
"ATGCGAGTCCCACCAC-1",2,2
"ATGCTCAGTGTTGCAT-1",9,13
"ATGCTCTGGCGCGGTA-1",8,5
"ATGGAAATTTAAGGAG-1",9,11
"ATGGACTGCTTAGTTG-1",9,12
"ATGGAGCAGGCCGTGA-1",4,4
"ATGGATCCGGCGTCCG-1",8,5
"ATGGATTGACCAAACG-1",4,4
"ATGGCAGCATTACGAT-1",6,11
"ATGGCAGCCGAGAAAC-1",6,6
"ATGGCTGGAAATGGCC-1",3,8
"ATGGGAACGGAAGCGG-1",5,3
"ATGGGACCTGCTGAAC-1",9,11
"ATGGGCCTCGGCCTCT-1",5,3
"ATGGGTGTATACCTCC-1",9,11
"ATGGTATTGGGAACCG-1",4,4
"ATGGTATTTACTGATT-1",9,11
"ATGGTCGCGTGGTTTC-1",5,3
"ATGGTGCTCAAAGCCA-1",4,4
"ATGTACGATGACGTCG-1",4,4
"ATGTAGCGCGCGTAGG-1",4,16
"ATGTCATAATAAACGA-1",4,4
"ATGTCATTTCCCATTG-1",9,15
"ATGTCTTGTTTGACTC-1",9,13
"ATGTGAAAGCCTAATG-1",6,11
"ATGTGCATCCGACGCA-1",4,4
"ATGTGGACATCTTGAT-1",4,16
"ATGTGTAGTTTAGTCA-1",4,4
"ATGTTACGAGCAATAC-1",9,11
"ATGTTCCTGCCCACCT-1",9,11
"ATGTTCGTCGACCCAC-1",6,15
"ATGTTGATTAGAGACT-1",5,3
"ATGTTGTAGTCTGTTT-1",7,12
"ATTAAACATGCGGACC-1",4,4
"ATTAACACCTGAGATA-1",9,15
"ATTAATACTACGCGGG-1",4,4
"ATTAATGAACCAGTCG-1",8,5
"ATTAATTCGGTCACTC-1",8,5
"ATTACAACTACCGGCC-1",5,3
"ATTACATGTCAGTCTT-1",2,14
"ATTACGCGCTGGCAGG-1",9,13
"ATTACGGGCTACGGTT-1",9,11
"ATTACTAGCCTCTTGC-1",3,8
"ATTACTTACTGGGCAT-1",3,8
"ATTAGATTCCTCAGCA-1",1,1
"ATTAGATTGATAGCGG-1",7,7
"ATTAGGCGATGCTTTC-1",4,4
"ATTATACTTTGCTCGT-1",8,5
"ATTATCGGAATGTACG-1",7,7
"ATTATCTCGACAGATC-1",4,9
"ATTATGAGACCCAATT-1",9,11
"ATTATGCCATAGGGAG-1",4,4
"ATTATTATGTCCGTCA-1",9,13
"ATTATTCAGAGTCACT-1",3,8
"ATTCAACCATTTAAGG-1",2,2
"ATTCACTGATGTTGGA-1",4,4
"ATTCAGGACCTATTTC-1",3,2
"ATTCAGGATCGCCTCT-1",3,8
"ATTCAGTAGCAGGGTC-1",9,13
"ATTCATATACTGTCCA-1",4,4
"ATTCATCGTTGAGGCA-1",5,3
"ATTCCCACATAAACAA-1",9,7
"ATTCCCGAAGGTACAG-1",9,11
"ATTCCTAAGACGTGGA-1",2,14
"ATTCCTCCGCCAGTGC-1",7,7
"ATTCCTTCCAGGCGGT-1",9,11
"ATTCGACGCCGGGCCT-1",6,15
"ATTCGCGCCTTGAGAG-1",2,10
"ATTCGTGTACCCATTC-1",3,8
"ATTCTCGTCTCTTTAG-1",4,4
"ATTCTGAGTATGAACT-1",1,3
"ATTCTTCGTACTTATG-1",5,3
"ATTGAAGATCTTAGTG-1",7,7
"ATTGACGTAACTCGGT-1",8,5
"ATTGATAGCAACGAGA-1",5,10
"ATTGATCACCACATTT-1",9,11
"ATTGATGAGTCCTAAC-1",3,8
"ATTGCCTATTAGACCG-1",9,11
"ATTGCCTTTATGTTTG-1",8,5
"ATTGCGATCAGTAACT-1",3,8
"ATTGCTGCTCCTCCAT-1",7,12
"ATTGGATTACAGCGTA-1",3,8
"ATTGGGAATATCTTGG-1",7,4
"ATTGGTAGGATCCGCT-1",9,15
"ATTGTACAACTCGGCT-1",2,2
"ATTGTCGCAATACCTT-1",5,3
"ATTGTCTGTTTCATGT-1",7,7
"ATTTAACTCGTATTAC-1",7,7
"ATTTACAGTTTACTGG-1",9,13
"ATTTATACTGGTAAAG-1",8,16
"ATTTCATTATTTCGCG-1",8,5
"ATTTCCGGGTTCTGCG-1",9,15
"ATTTGCCTAGTTACGA-1",8,16
"ATTTGCGCGAGTAGCT-1",9,11
"ATTTGGAGATTGCGGT-1",9,11
"ATTTGTCTTGGGAGCT-1",5,3
"ATTTGTTCCAGGGCTC-1",8,5
"CAAACCAGGTCTGCAT-1",9,15
"CAAACCATAAGCGTAT-1",5,3
"CAAACCCTCCGGCGGG-1",4,16
"CAAACGAGTATCGCAG-1",7,13
"CAAACGGTCGCACTTT-1",7,12
"CAAACGTGGTCTTGCG-1",5,3
"CAAACTACGATAGAGA-1",5,3
"CAAACTATTGAGCTTC-1",8,5
"CAAAGATTATTGGGCC-1",9,11
"CAAATCTCTCACAAGG-1",6,6
"CAAATGCGGAGTGTTC-1",4,4
"CAAATGTCCTTCCGTG-1",7,7
"CAAATTGTCAGCAAGC-1",8,5
"CAACAGAATAACGCTA-1",3,8
"CAACAGTGCCAAACGG-1",8,5
"CAACCTACCGAGCAGT-1",2,2
"CAACGACCCGTTTACA-1",7,7
"CAACGAGCTTATTATG-1",9,13
"CAACGCGATGAGCCAA-1",9,13
"CAACGGTTCTTGATAC-1",7,7
"CAACTATATCGAATGC-1",8,5
"CAACTCCAACGTTTAG-1",5,3
"CAACTCCTTGATCCCG-1",7,7
"CAACTGCTCATCCGAT-1",7,7
"CAACTTGTAGTGGGCA-1",7,7
"CAAGAGGGCGGAGTAC-1",8,5
"CAAGATATTATAACGT-1",5,3
"CAAGCAACGTCGGAGT-1",9,13
"CAAGCACCAAATGCCT-1",4,4
"CAAGCGGCACATAATT-1",8,5
"CAAGGATCGCATGTTC-1",4,4
"CAAGGCCAGTGGTGCA-1",3,8
"CAAGGGAGTGTATTTG-1",3,10
"CAAGTAAGTGATAGAC-1",7,7
"CAAGTCGTTGAAATCT-1",7,7
"CAAGTGAACTTTGGTT-1",4,4
"CAAGTGTGGTTGCAAA-1",5,3
"CAATAAACCTTGGCCC-1",8,16
"CAATACGCTCTGAGGC-1",9,15
"CAATATTCTTGACCTA-1",9,13
"CAATATTGGACTAGTG-1",9,10
"CAATCCATTATCCGTT-1",2,2
"CAATCCCTATACCAGC-1",5,3
"CAATCCTGCCGTGGAG-1",9,11
"CAATGACCCTTAATTT-1",7,7
"CAATGCGAGAAGTATC-1",8,5
"CAATGGAATCTACATA-1",3,8
"CAATGGATCTCTACCA-1",8,5
"CAATGGTCGGCCTGGG-1",4,4
"CAATTAAGGGTGATGA-1",4,4
"CAATTGGGCCGCACTC-1",9,11
"CAATTTCGTATAAGGG-1",4,4
"CACAAGCTAAGAAAGG-1",9,11
"CACAATGAGCTGCTAT-1",7,7
"CACACACGCTAACGAG-1",2,2
"CACACAGGGATAGATT-1",9,15
"CACACGCGCTGTCTTA-1",5,3
"CACACGTTTCAATGGG-1",3,3
"CACAGAGACGAGGACG-1",9,11
"CACAGCACCCACGGCA-1",4,4
"CACAGCTAGGGAGTGA-1",4,4
"CACAGGGCCATATAGT-1",3,8
"CACAGGGCCGTTGTCA-1",7,7
"CACATAAGGCGACCGT-1",9,13
"CACATATTAGCAGGAT-1",4,16
"CACATCGTGCACGCGC-1",9,13
"CACATCTCACCGACGA-1",8,16
"CACATGATTCAGCAAC-1",4,4
"CACATGTTTGGACATG-1",9,10
"CACATTCTTTCGATGG-1",3,8
"CACATTTCTTGTCAGA-1",2,14
"CACCAATCATCCGTCT-1",9,11
"CACCACGCCACACAGA-1",9,15
"CACCATCGGAGGAGAC-1",4,4
"CACCCAAATCTTATGT-1",2,2
"CACCCACACGTCACCC-1",7,7
"CACCCACGAGGCAATT-1",5,3
"CACCCGGTTTGTGACT-1",9,13
"CACCCTAACAAGATCT-1",8,5
"CACCCTTGGTGAGACC-1",9,11
"CACCCTTTCCTCGCTC-1",7,7
"CACCGATACACCGAGC-1",5,3
"CACCGCCAGAAGGTTT-1",4,4
"CACCGCCGACCAGCGA-1",8,5
"CACCGCGTCCACTCTA-1",2,14
"CACCGGAGATATCTCC-1",3,8
"CACCGGGCATCACAAG-1",3,8
"CACCGGTAGAGACATT-1",9,6
"CACCGTATCCCATCCG-1",2,2
"CACCGTTAGGGATCAC-1",9,11
"CACCGTTGCGCGATAT-1",6,6
"CACCTAATAGAGTCGT-1",9,11
"CACCTAATCAGTTTAC-1",8,5
"CACCTCGATGGTGGAC-1",8,5
"CACCTTGCGAAACTCG-1",5,3
"CACCTTGGCGCCTTTG-1",2,2
"CACGAAAGTTAGTCCC-1",6,15
"CACGACCACAGACTTT-1",2,2
"CACGACTAAAGTTCTG-1",4,4
"CACGAGCAAACCAGAC-1",9,11
"CACGATTGGTCGTTAA-1",4,4
"CACGCACAGCGCAGCT-1",4,16
"CACGCAGCGAGGCTTT-1",7,7
"CACGCGGAACTGTTGC-1",3,2
"CACGGCGCGCCAAAGG-1",2,2
"CACGGGATTGAGGGTT-1",6,15
"CACGTCGGCAACCTCT-1",9,15
"CACGTCGGGTTCTAGA-1",9,11
"CACGTCTATGATGTGG-1",3,8
"CACGTTCGTGCTCTAG-1",8,5
"CACGTTTCGTACACAC-1",5,3
"CACTAAAGTTGCCTAT-1",7,7
"CACTACGGGAGCTGCC-1",2,14
"CACTACTCAGTTCTGT-1",5,3
"CACTCAAGAGCTATGG-1",7,9
"CACTCAGCTCTTGAGG-1",8,5
"CACTCCTATGTAAGAT-1",9,11
"CACTCCTCTCGGTCGG-1",5,3
"CACTCGAGCTGAACAA-1",4,16
"CACTCGGTTAGGAGGA-1",6,15
"CACTCTCAAGCATCGA-1",7,7
"CACTCTTCTGCTAGCC-1",2,2
"CACTGACGATTGTGGA-1",7,7
"CACTGTCCAAGTGAGA-1",7,7
"CACTTAATCAGACGGA-1",7,7
"CACTTCGCCACAGGCT-1",9,13
"CACTTCGTCTTATCTC-1",9,11
"CAGAACTTAGCCCTCT-1",5,3
"CAGACACCGATCGCTG-1",7,7
"CAGACCTGTAAGTGTT-1",3,8
"CAGACGAACCTGATAC-1",7,7
"CAGAGACGGTCACCCA-1",7,7
"CAGAGCATGAGCTTGC-1",4,2
"CAGAGGCGATGCATGA-1",7,9
"CAGAGTGATTTAACGT-1",8,5
"CAGATAATGGGCGGGT-1",2,2
"CAGATACTAACATAGT-1",7,7
"CAGATATGAAGATGAC-1",9,11
"CAGATCATTTAAAGTC-1",2,14
"CAGATCCTGGTTTGAA-1",9,11
"CAGATGTTTGTCCCAA-1",9,11
"CAGCAGCCCGTTCCTT-1",8,5
"CAGCAGTCCAGACTAT-1",3,8
"CAGCAGTCTGTGCTGC-1",4,16
"CAGCCCTCACAGGCAG-1",8,5
"CAGCCGGGCCCTCTAT-1",5,3
"CAGCCTCCTGCAGAGG-1",8,5
"CAGCCTCTCCTCAAGA-1",3,8
"CAGCGATTCCCTTCAA-1",7,13
"CAGCGCCAACACGATA-1",9,15
"CAGCTCACTGAGACAT-1",4,4
"CAGCTCGACAAGTTAA-1",5,3
"CAGCTCGTGCTTGTGT-1",7,7
"CAGCTCTGGGCTCACT-1",9,13
"CAGCTGGCGTAACCGT-1",6,11
"CAGCTTAGTAGGTAGC-1",6,15
"CAGGAAGACTTTATAT-1",5,3
"CAGGATATATCGTTGT-1",4,4
"CAGGATCCGCCCGACC-1",4,5
"CAGGCAGTCTTACCAG-1",8,5
"CAGGCCAGTACCACCT-1",9,11
"CAGGCCGTTTGGGTGT-1",7,12
"CAGGCGCACGGTGGTC-1",9,11
"CAGGCGCCATGCTAGG-1",4,16
"CAGGGAGATAGGCCAG-1",9,11
"CAGTAACTATTTATTG-1",2,2
"CAGTAAGGGACGTCTC-1",9,11
"CAGTAATCCCTCCCAG-1",9,15
"CAGTACATTCTCTAAA-1",2,2
"CAGTACCAGTTTACGT-1",9,11
"CAGTAGATGATGTCCG-1",9,11
"CAGTAGCCCACGCGGT-1",5,3
"CAGTAGCGAGGTAGTA-1",9,13
"CAGTCGAGGATGCAAT-1",3,8
"CAGTCGGCCTAGATAT-1",9,11
"CAGTCTCTCGGCTAAT-1",9,11
"CAGTCTGTATACTGGG-1",4,4
"CAGTGAATAAATGACT-1",5,3
"CAGTGGTTGCACATGA-1",9,11
"CAGTGTCCGCAGAATG-1",7,7
"CAGTGTCGGCTGGCCC-1",5,3
"CAGTGTTAATCTCTCA-1",9,11
"CAGTTCAAATTGACAC-1",7,7
"CAGTTCCGCGGGTCGA-1",6,15
"CAGTTCGAGGACCCGA-1",7,7
"CATAACGGACAGTCGT-1",5,3
"CATAAGAAGCTTGGCT-1",4,16
"CATAAGCTCTCCGTCT-1",9,11
"CATAATGAGCGGGCGA-1",4,4
"CATACAAAGCCGAACC-1",7,7
"CATACACAAAGTCAGC-1",9,11
"CATACACGGTTCCCAC-1",7,7
"CATACCCGTACCCAGT-1",9,15
"CATACGAACTAGCTGG-1",1,1
"CATACGGCGTCTGGGC-1",4,4
"CATACGGGTGCATGAT-1",3,10
"CATACTATGTAATTGT-1",7,7
"CATACTTCTTTCTCCG-1",7,7
"CATAGAGGAGATACTA-1",5,3
"CATAGCCGCCCGGGAT-1",6,6
"CATAGCGTTGCCCACC-1",9,13
"CATAGGGACACTTGTG-1",9,11
"CATAGTACATTGAGAG-1",8,5
"CATAGTAGCATAGTAG-1",7,7
"CATAGTCAAATACATA-1",5,3
"CATAGTCCACAAGAAC-1",9,11
"CATATACTACTGATAA-1",2,2
"CATATAGGTACAGTCA-1",7,7
"CATATGTCAGGCTACG-1",6,11
"CATATTATTTGCCCTA-1",8,5
"CATCAACACCTACTAA-1",9,11
"CATCATCTACCCGGAC-1",8,5
"CATCATTACCCTGAGG-1",3,8
"CATCCAATATAGTTTG-1",9,11
"CATCCGCAGGCCCGAA-1",9,11
"CATCCTCTCAAAGATC-1",5,3
"CATCGAATGGATCTCT-1",3,10
"CATCGCCCGCGGCCAA-1",7,7
"CATCGGACGGGTTAAT-1",4,4
"CATCGTCCGGTTACTA-1",9,15
"CATCTATCCCGTGTCT-1",3,8
"CATCTGCAGGATCATT-1",9,15
"CATCTTACACCACCTC-1",3,8
"CATGAACCGACATTTG-1",7,7
"CATGAACCTCTTATCA-1",8,5
"CATGACTTCGCTGAAT-1",2,2
"CATGAGATGCACTCTC-1",8,5
"CATGAGTCCATCACGG-1",9,13
"CATGATACGGTGAAAC-1",8,5
"CATGATGCACAATTCT-1",4,16
"CATGATGGAAGTTAGC-1",2,2
"CATGCACATGAGAGGC-1",9,11
"CATGCACGTGTTACTG-1",3,8
"CATGCATGGAGACCCT-1",8,5
"CATGCCAACTCGCAAA-1",6,6
"CATGCGACCAGTTTAA-1",3,8
"CATGCGTTAGACAGAA-1",4,4
"CATGCGTTGAGAGGAG-1",7,7
"CATGCTGGCTCCAATT-1",4,4
"CATGGAAATGGGACCA-1",2,14
"CATGGATTGTCTTCCG-1",3,8
"CATGGCAGGAAGATCG-1",4,4
"CATGGCTCCCTATGTC-1",9,15
"CATGGGTATGCCTTAT-1",8,5
"CATGGGTCGGGTGTGG-1",5,3
"CATGGTAAGTAGCGTT-1",4,16
"CATGGTATTAGTTTGT-1",9,11
"CATGGTCTAGATACCG-1",4,4
"CATGGTTTATTAATCA-1",2,2
"CATGTAAGAGACATTT-1",5,3
"CATGTCTCATTTATGG-1",8,5
"CATGTGGGCTCATCAC-1",5,3
"CATTACGCAGGAAGGG-1",2,2
"CATTACGTCGGCCCGT-1",4,4
"CATTATAACAGGGTCC-1",8,5
"CATTATCCCATTAACG-1",9,15
"CATTATGCTTGTTGTG-1",7,7
"CATTCACTGACAGCTA-1",8,5
"CATTCAGGTCAGTGCG-1",9,10
"CATTGCAAAGCATAAT-1",5,3
"CATTGCGAAATGGGCG-1",6,15
"CATTGTGTGCTAGATC-1",9,11
"CATTTAGCGGACCATG-1",5,3
"CATTTATCGTTCAAGA-1",5,3
"CATTTCTAGCAGACTA-1",9,11
"CATTTGAGTGGTACGT-1",7,7
"CCAAACAGAACCCTCG-1",7,7
"CCAAAGTCCCGCTAAC-1",7,7
"CCAAATCAAAGGGCAA-1",9,11
"CCAACCTTATGTAACT-1",7,13
"CCAACGATGCACTGAT-1",9,13
"CCAACGCTTGCCAGGG-1",3,2
"CCAAGAAAGTGGGCGA-1",7,7
"CCAAGACTTCTGCGAA-1",4,4
"CCAAGCGTAACTCGTA-1",4,4
"CCAAGCTTGATCTCCT-1",3,10
"CCAAGGAACAGAGAGG-1",7,7
"CCAAGTTTCTACAGAT-1",9,15
"CCAATAGATTTCATCT-1",6,15
"CCAATAGTGCCGTCGA-1",7,7
"CCAATCGGTAGATCGA-1",5,3
"CCAATGTCACAGCAAG-1",7,7
"CCAATTACGGGTCGAG-1",3,8
"CCAATTGAATGTTAAT-1",7,7
"CCACAATGTACGTCTT-1",5,9
"CCACACTGAGATATTA-1",7,7
"CCACAGCTGAAATCAT-1",9,11
"CCACAGTACCCATCCT-1",5,3
"CCACATGGCTCTTTAT-1",9,11
"CCACCAACTTTACTGT-1",9,13
"CCACCCAAGGAAAGTG-1",8,9
"CCACGAATTTAACCTC-1",1,1
"CCACGAGAAGAGAATC-1",8,5
"CCACGGCAGGTGTAGG-1",9,13
"CCACGGTGCCCGGTAG-1",2,14
"CCACTAAACTGAATCG-1",3,10
"CCACTCAGATCCGCAA-1",8,5
"CCACTGGTGGCTGGTT-1",6,6
"CCACTGTTTGGATTAA-1",2,14
"CCAGAAAGCAACTCAT-1",9,11
"CCAGAGACAAAGCCGG-1",9,13
"CCAGATAGTTGAGTGA-1",8,9
"CCAGCCTGGACCAATA-1",4,4
"CCAGCTACGCCTCATA-1",7,7
"CCAGCTCGAACGCATT-1",4,4
"CCAGCTGATGGTACTT-1",6,11
"CCAGCTTCCGCCCGCA-1",6,15
"CCAGGCGAGATGGTCT-1",9,11
"CCAGGGACGTGGCCTC-1",7,7
"CCAGTAGTCTGATCCA-1",5,3
"CCAGTCCATTATTCGA-1",9,10
"CCAGTCTAGACGGCGC-1",5,3
"CCAGTCTTGTCATAGA-1",7,7
"CCAGTGTACAGACCGA-1",9,11
"CCAGTTCGGTAACTCA-1",5,3
"CCATAAACAACCCGAC-1",8,5
"CCATAACCTGTGCAGT-1",9,11
"CCATACCTTTACTTGT-1",2,2
"CCATACTCGCCTCTCC-1",6,15
"CCATAGAGGCTGCCAG-1",9,11
"CCATAGGTTGGCGTGG-1",4,4
"CCATAGTCAGTAACCC-1",9,11
"CCATATGGAAACTATA-1",2,2
"CCATCCATACCAAGTC-1",7,7
"CCATCGCAGTTAAACT-1",4,4
"CCATCTCACCAGTGAA-1",3,8
"CCATCTTGTTCACAAT-1",7,7
"CCATGCCCTAGATTTC-1",3,8
"CCATGCCTGTTTAGTA-1",7,7
"CCATGCTCTGCAGGAA-1",7,7
"CCATGGCAAACGCTCA-1",7,13
"CCATGGCCCTTGTACC-1",9,15
"CCATGTTCATCTATAT-1",9,11
"CCATTAGCGATAATCC-1",7,7
"CCATTCCCTGCCCACA-1",7,12
"CCATTTCTACCTATTA-1",4,4
"CCCAAACATGCTGCTC-1",5,3
"CCCAACATACGTCGCG-1",9,13
"CCCAACCACACTAACA-1",8,5
"CCCAAGAATGCACGGT-1",3,3
"CCCAAGACAGAGTATG-1",4,4
"CCCAAGTCATTACACT-1",3,3
"CCCAATGAGATTTGCA-1",9,13
"CCCAATTTCACAACTT-1",9,13
"CCCACTCCACGGTATC-1",9,11
"CCCAGAGGAGGGCGTA-1",2,14
"CCCAGATTCCCGTGAC-1",9,13
"CCCAGGAAGAATTCGA-1",4,4
"CCCAGTAAACTTGGGA-1",9,11
"CCCAGTTAAGGCGCCG-1",8,5
"CCCGAAGTTTCGCGAA-1",9,11
"CCCGACCATAGTCCGC-1",8,5
"CCCGAGTTTCTCCGTA-1",2,14
"CCCGCAAATAATCATC-1",7,7
"CCCGCAGCGCGAACTA-1",4,4
"CCCGCAGGGCCCAAAG-1",8,5
"CCCGCCATGCTCCCGT-1",7,7
"CCCGCGCAATGCACCC-1",9,15
"CCCGCTAGAGGGTTAA-1",5,3
"CCCGCTTGCCCTCGTC-1",7,7
"CCCGGGTCGTTCAGGG-1",7,7
"CCCGGTGGAAGAACCT-1",9,15
"CCCGGTGTATCGGAAT-1",9,11
"CCCGTAAGTCTAGGCC-1",9,11
"CCCGTAGCTGGGAAGA-1",9,11
"CCCGTCAGCGTCTGAC-1",7,7
"CCCGTGACAGTGCCTT-1",5,3
"CCCGTTTCGCAGATGT-1",2,2
"CCCTACCCACACCCAG-1",5,3
"CCCTACTTGAACAATG-1",5,3
"CCCTAGCTCTAAGGTC-1",7,7
"CCCTAGGCAACAAGAG-1",9,11
"CCCTCAAGCTCTTAGT-1",6,15
"CCCTCAGATCGAGAAC-1",9,13
"CCCTCATCACAGAGTA-1",9,13
"CCCTCATTCTGGAATT-1",7,7
"CCCTCCTCGCTCGTAT-1",2,2
"CCCTCGATAATACACA-1",9,7
"CCCTCGGGAGCCTTGT-1",4,4
"CCCTGAAATGAGTTGA-1",7,13
"CCCTGACTAACAAATT-1",9,15
"CCCTGATGTAACTCGT-1",9,11
"CCCTGCCCAATCCGCT-1",6,6
"CCCTGCGCTACGCATA-1",6,15
"CCCTGGCTGTTCCTTC-1",9,11
"CCCTGGGAGGGATCCT-1",4,9
"CCCTGGTATGGGCGGC-1",8,5
"CCCTTCTCGTACGCGA-1",7,7
"CCCTTTGACAGGTCTT-1",7,7
"CCGAAACACGACCTCT-1",2,10
"CCGAAAGTGGTGAGCA-1",9,13
"CCGAACACTGGGCCTC-1",6,15
"CCGAACCTTCCCGGCC-1",4,16
"CCGAAGCATTGACCAA-1",9,10
"CCGAAGTATATTGTTC-1",9,15
"CCGACAAACACATGAG-1",9,11
"CCGACAAAGGGAGTGC-1",6,15
"CCGACGGGCATGAGGT-1",9,11
"CCGACGTAAACACAAC-1",3,8
"CCGACTCGCATAGTCT-1",5,3
"CCGAGGGATGTTAGGC-1",8,9
"CCGATCTCAACCTTAT-1",3,8
"CCGATTCGAGGGACCC-1",6,1
"CCGATTGGTCAATGAA-1",2,2
"CCGCACAAAGACCAAC-1",4,16
"CCGCACGTGACCTCGG-1",9,13
"CCGCATGTGGTACGAT-1",4,4
"CCGCCACCACAATCCA-1",8,5
"CCGCCGGAACTTCTCG-1",9,11
"CCGCCGGTCAACACAC-1",4,4
"CCGCCTGCGAATTGGT-1",3,8
"CCGCCTTGCGATGTCG-1",9,11
"CCGCGATTTGGTAGGT-1",9,15
"CCGCGCAAGATACCCA-1",9,11
"CCGCGGAATGCGTCAC-1",7,13
"CCGCGGGTACGAAGAA-1",9,15
"CCGCGTAGGTAAGGGC-1",6,15
"CCGCTATCAGCACCAG-1",4,4
"CCGCTCCAGGGCGATC-1",4,4
"CCGCTCCGGATAAGCT-1",9,11
"CCGCTCTTCCGAACTA-1",3,8
"CCGCTGGTGCCATTCA-1",8,5
"CCGCTTACCTCACTCT-1",9,13
"CCGCTTCGCGGTTAAC-1",7,7
"CCGGAATGGTTTCAGT-1",9,13
"CCGGAGCGTACTTTCT-1",7,7
"CCGGCCGCGAGCATAT-1",9,11
"CCGGCGCATATTGGAT-1",4,4
"CCGGCGTGAGACTCTG-1",9,11
"CCGGGACCCGCAGAGA-1",4,4
"CCGGGCGGTCTCGTCA-1",8,5
"CCGGGCTAAGAATTTC-1",9,11
"CCGGGCTGCTCCATAC-1",5,3
"CCGGGTTCGAGGTTAC-1",9,13
"CCGGTATCTGGCGACT-1",5,3
"CCGGTTTGTAATTGTG-1",9,13
"CCGTAAGTTGGTCCCA-1",8,5
"CCGTACCCAAGCGCCA-1",7,7
"CCGTAGGAAATCCCTG-1",5,3
"CCGTAGGGTTGTTTAC-1",2,10
"CCGTATCTCGTCGTAG-1",9,11
"CCGTCAACCTCTGGCG-1",9,11
"CCGTGCCCATGACGGC-1",7,7
"CCGTGGAACGATCCAA-1",2,14
"CCGTGTTAAATTCCAT-1",9,11
"CCGTTACGTTAGAACA-1",5,3
"CCGTTCCGAATCTCGG-1",6,6
"CCGTTTCCTTTCCGTG-1",7,7
"CCTAAACAGGGTCCGT-1",4,4
"CCTAAAGGCTGACGCT-1",5,3
"CCTAAATTAACGGTTC-1",4,4
"CCTAACCCAAACAAGT-1",5,3
"CCTAACTAAGGCTCTA-1",3,8
"CCTAAGTGTCTAACCG-1",5,10
"CCTACAAGTCCGGAAT-1",2,2
"CCTACAGTTGAGGGAG-1",8,5
"CCTACATTCACAGACG-1",9,11
"CCTACGCGACCTTACA-1",3,8
"CCTACGGCTCAGTCGA-1",9,13
"CCTACTGCTTACACTT-1",7,7
"CCTAGGCGTAGCGATC-1",5,3
"CCTAGGTAAAGGTAGC-1",9,11
"CCTAGTTAGTCGCATG-1",8,5
"CCTATAATGAGTGCCC-1",8,5
"CCTATACCGTCCTGTC-1",7,13
"CCTATATCGTGTCACG-1",9,11
"CCTATATTTGTCCTGG-1",7,7
"CCTATCTATATCGGAA-1",8,5
"CCTATGGCTCCTAGTG-1",9,11
"CCTATGGGTTACCGTC-1",4,4
"CCTATGGTCAAAGCTG-1",4,4
"CCTATGTCCACTCCAC-1",5,3
"CCTATTATTCCGGCCG-1",9,11
"CCTCAACGATCGCTGT-1",9,11
"CCTCACCAATCTTGAC-1",7,7
"CCTCACCTGAGGGAGC-1",2,2
"CCTCACCTTAGCATCG-1",3,8
"CCTCATGCAGCTACGA-1",9,10
"CCTCCCGACAATCCCT-1",4,9
"CCTCCGACAATTCAAG-1",6,6
"CCTCCTAGCTAGAGTC-1",9,11
"CCTCCTGAGCCCACAT-1",9,15
"CCTCCTGTTGTGTCGT-1",3,8
"CCTCGAAGTGGACGGG-1",8,5
"CCTCGACCCACTGCCT-1",8,5
"CCTCGCCAGCAAATTA-1",8,5
"CCTCGCGCGATATAGG-1",3,8
"CCTCGCGCTGTGCGAT-1",4,4
"CCTCGGACCGGGATAG-1",5,3
"CCTCGGATGCTACCTG-1",6,15
"CCTCGGTTTCCTTGCC-1",7,12
"CCTCTAATCTGCCAAG-1",4,16
"CCTCTACAAGGATTGG-1",9,11
"CCTCTATCGATTAGCA-1",6,15
"CCTCTCTCCCATCTAG-1",9,13
"CCTCTGGCCTAGACGG-1",8,5
"CCTCTGTACTATTCTA-1",4,7
"CCTGAACGATATATTC-1",5,3
"CCTGAATATTTACATA-1",4,16
"CCTGACAAACTCGCGC-1",9,15
"CCTGACCACCGATGGT-1",4,4
"CCTGACGCAACCTTTA-1",5,3
"CCTGAGAATAAATGCA-1",9,13
"CCTGATTCGCGAAGAA-1",3,8
"CCTGCCCGTTGTCTAG-1",6,15
"CCTGCGATAGAACTGT-1",9,10
"CCTGCGTTCTACGCTT-1",6,15
"CCTGCTATTTGAGAAG-1",7,7
"CCTGGCTAGACCCGCC-1",7,7
"CCTGGTCGAATGTGGG-1",4,16
"CCTGTAAGACATGATA-1",7,12
"CCTGTACTCACGCCCA-1",9,12
"CCTGTCACCCGGGCTC-1",4,4
"CCTGTCGCCCGTAAAT-1",4,4
"CCTGTGAAACCGTAAC-1",6,15
"CCTGTGCGGATTGTAA-1",2,2
"CCTGTTCAACCTCGGG-1",7,7
"CCTGTTTGAAGACACG-1",5,3
"CCTTAAGTACGCAATT-1",3,2
"CCTTCAGTTAAAGTGA-1",7,12
"CCTTCCGCAACGCTGC-1",9,11
"CCTTCGTATAGAATCC-1",7,7
"CCTTCTCAGCGTTCCT-1",6,11
"CCTTCTTGATCCAGTG-1",8,5
"CCTTGACCACTTTATT-1",2,14
"CCTTGTGAACGTGGTT-1",7,7
"CCTTTAAGGGAGCACT-1",7,7
"CCTTTCAATGAAGAAA-1",3,2
"CCTTTGAATTATGGCT-1",9,11
"CGAAACATAGATGGCA-1",8,5
"CGAAACGCAATTCATG-1",9,13
"CGAACAGTATGGGCGT-1",3,2
"CGAACCCGCATGCGTC-1",7,7
"CGAACCTCTTTCCTAG-1",9,11
"CGAACGCCCAGTGCCG-1",8,5
"CGAACGGCCGGACAAC-1",9,11
"CGAAGACGGTGAGTGC-1",6,15
"CGAAGACTGCCCGGGA-1",4,4
"CGAAGATCAGTTTCAT-1",4,4
"CGAAGCCACAGCATGG-1",9,11
"CGAAGCTATAAATTCA-1",2,14
"CGAAGGGTTTCAGATT-1",9,11
"CGAAGTTGCTCTGTGT-1",9,13
"CGAATCTGCTCGACGC-1",9,11
"CGAATGAAGTCATTGC-1",9,11
"CGAATGACGCATAATG-1",7,7
"CGAATGGTAGGTCGTC-1",9,13
"CGAATTACATGGTGTT-1",3,8
"CGACAATTTGATCTAA-1",5,3
"CGACACGCTCCGACAG-1",5,2
"CGACAGTTCGCGTTAT-1",7,12
"CGACATGCGATCTTCT-1",4,16
"CGACCCTTAACGCCGG-1",9,6
"CGACCGTTGGTATTCG-1",9,13
"CGACCTACTAGACAAT-1",9,11
"CGACGCATCCGTACCT-1",9,11
"CGACTCAGGATGTTAT-1",5,3
"CGACTTGCCGGGAAAT-1",9,11
"CGACTTTGTATAGCCT-1",2,14
"CGAGACCCTAGAGTGT-1",4,4
"CGAGACTACTGCTGCT-1",3,2
"CGAGAGATGTGAACCT-1",8,5
"CGAGAGCGCGTAGATA-1",9,11
"CGAGAGCTTTCACTAC-1",5,3
"CGAGAGGGTAGCCGCG-1",2,14
"CGAGATGTTGCCTATA-1",7,7
"CGAGCACTTCAAGTTT-1",9,13
"CGAGCGTTGATCAGCC-1",7,7
"CGAGCTGGGCTTTAGG-1",8,5
"CGAGGCCAGGCATTGG-1",9,10
"CGAGGCTAAATATGGC-1",8,9
"CGAGGGACTGCGGTCG-1",8,5
"CGAGGGTATCCAGGTG-1",7,12
"CGAGTACTAAAGAGGA-1",6,6
"CGAGTGAAGGTACCAG-1",9,11
"CGAGTGCTATAGTTCG-1",7,7
"CGAGTTCTGTCCCACC-1",5,3
"CGAGTTTATCGGACTG-1",5,3
"CGATACCTCGCGGACA-1",7,7
"CGATAGCGATACAGTG-1",9,11
"CGATAGTCGTACTGCA-1",5,3
"CGATATTAGCCGCAGG-1",7,7
"CGATCCACCATTGTTG-1",7,7
"CGATCCGACCCAGTGC-1",7,7
"CGATCCTCGCAACATA-1",9,13
"CGATCGAGAAGCACCA-1",4,16
"CGATCTGTTGGAGGAC-1",6,6
"CGATGGACCCTACGCC-1",3,8
"CGATGTTGTTATCTAC-1",9,11
"CGATTAAATATCTCCT-1",4,4
"CGATTCGCCTGGCTGC-1",4,16
"CGATTTGTCATTAATG-1",9,11
"CGCAAACACGAGTTAC-1",7,13
"CGCAATCGATCATTAG-1",9,15
"CGCAATTACTTTCGGT-1",9,13
"CGCAATTAGGGTAATA-1",7,7
"CGCAATTCTACAATAA-1",9,15
"CGCACATGTCCACTAC-1",5,3
"CGCACGTCTGTTTATG-1",9,11
"CGCACGTGCGCTATCA-1",3,8
"CGCAGAAACATTTGCG-1",4,4
"CGCAGGCGATCCAAAC-1",3,8
"CGCATCATGGCTTCAG-1",5,3
"CGCATGCCGAATGCGT-1",5,3
"CGCATGGTGCGATGCT-1",4,4
"CGCATTAGCTAATAGG-1",4,4
"CGCCAAGAAGCCGAGT-1",6,15
"CGCCACAGGTCGCGAT-1",9,11
"CGCCAGTAGTACCTTG-1",9,13
"CGCCATCCGATTATGA-1",8,5
"CGCCCAGCACGCCTAG-1",1,1
"CGCCCAGCGTTTCACG-1",5,3
"CGCCCGCTTCCGTACA-1",8,5
"CGCCCTAATTGTTCAA-1",9,11
"CGCCCTTACATCCACC-1",2,2
"CGCCCTTGAAGGCTGA-1",9,13
"CGCCGACTATTCGCTA-1",6,15
"CGCCGCCCATGCCTGT-1",5,3
"CGCCGCGTTCTGAACG-1",7,7
"CGCCGTTCAGCATAGT-1",2,2
"CGCCTCCCTCCTCTAT-1",4,16
"CGCCTGGCCTACGTAA-1",9,11
"CGCGAAGTGGCATACT-1",3,8
"CGCGACACTGCGCAGC-1",9,15
"CGCGACCGCGACAGAT-1",8,5
"CGCGAGAGGGACTTGT-1",2,14
"CGCGAGTCTGCCGGGT-1",9,11
"CGCGCAAGGAACTACA-1",9,11
"CGCGCATGTTTGATTG-1",7,7
"CGCGCCCGACTTAATA-1",8,5
"CGCGGCTCAACTTGAA-1",3,2
"CGCGGGAATTAGGCAG-1",8,5
"CGCGGGAATTCCTTTC-1",5,5
"CGCGGTCACAAACCAA-1",2,14
"CGCGTCATATTAAACC-1",8,5
"CGCGTGCTATCAACGA-1",9,14
"CGCGTGGGCCTGTGTT-1",9,11
"CGCGTTCATGAAATAC-1",7,7
"CGCTACCGCCCTATGA-1",7,7
"CGCTACGGGACATTTA-1",7,7
"CGCTAGAGACCGCTGC-1",3,8
"CGCTATACCGCCCACT-1",7,7
"CGCTATTCAATGTATG-1",9,11
"CGCTATTCTTAGGCTC-1",4,4
"CGCTCGACATAATGAT-1",7,7
"CGCTCTCCGTAGATTA-1",9,13
"CGCTGAGGACGTCCAA-1",7,7
"CGCTGGTGACTACCCT-1",3,8
"CGCTGTGACGCCGCAC-1",7,7
"CGCTGTGTGGATGTTG-1",7,13
"CGCTTAGTATTGATAC-1",7,7
"CGCTTATTCCCGGTCG-1",9,15
"CGCTTCCACTGAAATC-1",7,7
"CGCTTCGGTCTAAGAC-1",2,2
"CGCTTTCATACCGGTG-1",7,7
"CGCTTTCCGCCAAGGT-1",8,5
"CGCTTTCTTGCATTCG-1",8,5
"CGGAAAGAATCAAACG-1",7,7
"CGGAAAGCAAATGTGC-1",1,1
"CGGAAATTTCACATCC-1",5,3
"CGGAACGTAAACATAG-1",7,12
"CGGACCTCTGTAGTTA-1",7,7
"CGGACCTTTACGTCCC-1",4,16
"CGGACGTTACTTGAAG-1",9,11
"CGGAGCAATTTAATCG-1",4,4
"CGGAGCATGGCGATCC-1",4,4
"CGGAGCTTATAACACC-1",5,3
"CGGAGTTTGAGAGACA-1",9,13
"CGGATAAGCGGACATG-1",9,11
"CGGATCCTCAAGGACT-1",8,5
"CGGATGAATGCTGTGA-1",9,11
"CGGATTCTGCCTTATG-1",9,13
"CGGCAAACATCGTGCG-1",4,4
"CGGCAATAAGATCGCC-1",2,14
"CGGCACCGTTAGCGCC-1",3,3
"CGGCACTCAAGAAAGT-1",9,11
"CGGCAGGGTCGGGTTG-1",3,8
"CGGCCACGCACAAAGT-1",4,4
"CGGCCAGAGCGACCAT-1",7,7
"CGGCCCAGGTATATCC-1",2,2
"CGGCGCCATCAATCCC-1",5,3
"CGGCTCTTCGTCGAAC-1",5,3
"CGGCTGCAAGATTAAG-1",8,5
"CGGCTTTGTATGATAA-1",4,4
"CGGGAACGCCCTGCAT-1",9,11
"CGGGAAGTACCGTGGC-1",9,11
"CGGGAATATAGTATAC-1",2,2
"CGGGAATTTATGTAAA-1",4,4
"CGGGAGCTTCAGTGTA-1",5,3
"CGGGAGTATACCGCCG-1",9,11
"CGGGATCAATGTAAGA-1",4,4
"CGGGCAGCTAAACCGC-1",4,4
"CGGGCCATAGCCGCAC-1",9,11
"CGGGCCTTCTTTGTAA-1",7,7
"CGGGCGATGGATCACG-1",4,16
"CGGGTGTACCCATTTA-1",8,5
"CGGGTTGTAGCTTTGG-1",3,10
"CGGTACGGCAAACCCA-1",9,11
"CGGTACTAGAATCAAA-1",5,3
"CGGTAGAGGTGCAGGT-1",3,3
"CGGTATAGGTATTAGC-1",3,8
"CGGTATGGGCACTCTG-1",8,5
"CGGTCAAGTGGGAACC-1",8,5
"CGGTCCGTCGCAAGCC-1",7,7
"CGGTCTATCAACCCGT-1",5,3
"CGGTGAAGACTAAAGT-1",6,15
"CGGTGCAGATAGAACG-1",9,13
"CGGTGCGCGTTGGTCC-1",9,6
"CGGTGGGCTCCAGCCT-1",3,8
"CGGTGTACTTGATCCC-1",9,11
"CGGTTATCCAACAGTG-1",3,8
"CGGTTCAAGTAGGTGT-1",3,8
"CGGTTCCGGCTTCTTG-1",3,10
"CGGTTGACCTGGCATA-1",6,11
"CGGTTGAGTATCCTTC-1",9,11
"CGGTTGGGCAGGGTCC-1",8,5
"CGGTTGGGTTCAAGTT-1",2,2
"CGGTTTACTGAACATT-1",9,11
"CGGTTTATGAAGGAAC-1",2,2
"CGTAAACGCTTGAGTG-1",9,10
"CGTAAAGCAAGAAATC-1",9,15
"CGTAAATAACAAAGGG-1",7,7
"CGTAACTTCGACACTT-1",7,7
"CGTAATAATTACGAGT-1",9,11
"CGTACCTGATAGGCCT-1",4,16
"CGTAGAGAGTAATTAT-1",5,3
"CGTAGCGAATTGTCAG-1",8,5
"CGTAGCGCCGACGTTG-1",4,4
"CGTATTAAGAGATCTA-1",7,7
"CGTATTGTTTGGCGCC-1",9,11
"CGTCAAGGCTATAAAT-1",6,15
"CGTCACGTCCATTGGT-1",7,7
"CGTCAGCTATTTACTC-1",9,11
"CGTCAGTGCGCACAAG-1",7,7
"CGTCAGTTTATCGTCT-1",8,5
"CGTCATACCATATCCA-1",9,15
"CGTCCAGATGGCTCCA-1",9,11
"CGTCGCATGTGAGCCA-1",4,16
"CGTCGCTTGGTTATAC-1",9,11
"CGTCGGATAGTGTTGA-1",3,8
"CGTCGGGTCTAAGCGC-1",9,11
"CGTCGTCCTTCGCGAA-1",8,5
"CGTCTGGAAGGGCCCG-1",4,4
"CGTGAACTGACCCGAT-1",6,15
"CGTGAAGTTAATTCAC-1",7,7
"CGTGACATTGGGTCGT-1",5,3
"CGTGACCAGTCCTCTG-1",7,7
"CGTGCACACCACTGTA-1",5,3
"CGTGCAGACTGGGACA-1",8,5
"CGTGCATTGTCGACGC-1",9,13
"CGTGCCCGACATTTGT-1",4,4
"CGTGCCCTCCCGAAGA-1",8,5
"CGTGCTGGCCTAGTCG-1",9,10
"CGTGCTTCTACCTAAA-1",9,11
"CGTGGCCGAATATCTA-1",2,2
"CGTGGTACCCAAAGGC-1",7,13
"CGTGTCCCATTCGCGA-1",7,12
"CGTTAATGTCCCGACG-1",8,5
"CGTTAGCTCACAACTG-1",5,3
"CGTTATCATACTTCCA-1",9,11
"CGTTCAAGGAAACGGA-1",7,7
"CGTTCAGACCCGCGAA-1",7,16
"CGTTCATGGTGCGCGT-1",9,11
"CGTTCTTCGCACACCT-1",2,14
"CGTTGAATACCGCGCT-1",8,5
"CGTTGAGCGACCGTCG-1",8,16
"CGTTGAGTAATTGCGT-1",3,2
"CGTTGCCCGCGTGGGA-1",7,12
"CGTTGTAAACGTCAGG-1",9,11
"CGTTGTAAGATTGATT-1",2,14
"CGTTGTCGGCAATTGA-1",4,4
"CGTTGTTTCAATTCCC-1",7,12
"CGTTTAAGCGGAGCAC-1",4,4
"CGTTTCACTTCGGGCG-1",3,8
"CGTTTCGCTCATTACA-1",7,7
"CGTTTGTGTAGAGGGT-1",9,13
"CTAAACGGGTGTAATC-1",7,7
"CTAAAGAATGCCTACT-1",9,13
"CTAAAGGATGAGATAC-1",4,4
"CTAAAGGGAAATAGGA-1",4,4
"CTAAAGTCCGAAGCTA-1",9,10
"CTAAATCCGGTGTACA-1",9,11
"CTAAATCCTATTCCGG-1",5,3
"CTAACAGCACAATAAC-1",9,11
"CTAACCGCGCGCCCGT-1",9,13
"CTAACGAAACTTGCTG-1",3,3
"CTAACTGATAATCGCC-1",2,2
"CTAACTGGTCCGGTTC-1",9,13
"CTAAGGGAATGATTGG-1",4,16
"CTAAGTACAGGGCTAC-1",2,14
"CTAATTCGCACGCGCT-1",9,13
"CTAATTCTCAGATATT-1",2,14
"CTAATTTCAACAACAC-1",9,13
"CTACAAGAAATAACCC-1",9,12
"CTACACTAGCTTGTTC-1",7,7
"CTACACTCGCAGATGG-1",2,2
"CTACATATCGCGGGAC-1",9,11
"CTACCCTAAGGTCATA-1",5,3
"CTACGAACTAGGTCGA-1",8,5
"CTACGACTAGCTATAA-1",6,6
"CTACGATCCTATCCTA-1",9,13
"CTACGCACGGAGTACC-1",7,7
"CTACGCCATTTCCGAT-1",5,3
"CTACGTGTTGCCACCA-1",9,11
"CTACTATCATAGGTTT-1",9,11
"CTACTATCTTTCAGAG-1",5,3
"CTACTCAAGGTATAGT-1",9,13
"CTACTCTAGGCCCGGC-1",9,15
"CTACTGCCACCTGACC-1",4,4
"CTAGACTGCATTTCGT-1",3,8
"CTAGATAAACTCCTCG-1",9,11
"CTAGATGTGAGTGTAA-1",3,8
"CTAGATTTACGACGGC-1",8,5
"CTAGCAACTAATTTAC-1",9,1
"CTAGCATAGTATAATG-1",4,4
"CTAGCCCGGGAGACGA-1",9,13
"CTAGCCGATGTTATGA-1",3,8
"CTAGGCGCCCTATCAG-1",5,3
"CTAGGCGGCAGAGAAT-1",7,7
"CTAGGGATAGGGACAA-1",7,12
"CTAGGTCTGAAGGAAT-1",2,2
"CTAGGTTCGGACGTGA-1",4,16
"CTAGTAGAAAGGGATT-1",8,5
"CTAGTATTCGGAATTA-1",8,5
"CTAGTCACGTCTTAAG-1",4,4
"CTAGTGAAGGACAGGA-1",9,13
"CTAGTTACAACCCGGT-1",4,4
"CTAGTTGGGCCCGGTA-1",4,4
"CTATAAGAGCCAATCG-1",3,8
"CTATAAGTAGGGTTTG-1",9,11
"CTATACTTAAAGCGAG-1",9,11
"CTATAGGCGTTGATGT-1",9,13
"CTATATCCAGCCTGGC-1",9,11
"CTATCACAACGCTGGA-1",8,5
"CTATCGACGAAATACA-1",5,3
"CTATCGGGTCTCAACA-1",4,4
"CTATGAACACCTTGCC-1",1,1
"CTATGCCCGAATGCAA-1",7,7
"CTATGGGAAGCGGAAT-1",2,2
"CTATGTCACTAGCCCA-1",4,4
"CTATGTCTATTGAAAC-1",4,4
"CTATGTGAGTCACGGC-1",9,11
"CTATTCATGTGTCCCA-1",4,4
"CTATTGTGTTTGGTCA-1",2,2
"CTATTTGCTTGGAGGA-1",4,4
"CTATTTGGTTACGGAT-1",8,5
"CTCAAACCACTGCCCG-1",9,13
"CTCAACTAACCCGGAT-1",8,5
"CTCAAGACATTAGCGC-1",2,2
"CTCACATTTACTAAAT-1",4,4
"CTCACCAGTACAAGTG-1",6,15
"CTCACTGTGATACTTA-1",4,16
"CTCACTTGGCTGGTAA-1",9,11
"CTCAGAGCTAATGTCG-1",7,7
"CTCAGATTGTGATAAG-1",9,11
"CTCAGGACTCACCTGT-1",9,11
"CTCAGTCACGACAAAT-1",3,8
"CTCATGGCTCACAATC-1",4,4
"CTCATGGTAATTTGCG-1",6,15
"CTCATTCGTGAACATC-1",6,15
"CTCATTGCTCTAACAA-1",8,5
"CTCATTTGATGGGCGG-1",4,4
"CTCCCTCCTTTCGATC-1",9,11
"CTCCCTTGTATCAAGG-1",9,13
"CTCCGCCCACATGAGG-1",9,13
"CTCCGGCCTAATATGC-1",4,4
"CTCCGGCTTGTAGACA-1",9,11
"CTCCTAAGTTATGTCT-1",9,11
"CTCCTAGTAATCGTGA-1",9,11
"CTCCTCCAGCTCACAC-1",7,7
"CTCCTTTACGCAAGTC-1",2,14
"CTCGAATGGAACGTAT-1",2,2
"CTCGAGACATACGATA-1",9,11
"CTCGAGGCAAGTTTCA-1",9,13
"CTCGAGGTCGAACAGT-1",4,4
"CTCGATATTTGCGAGC-1",3,8
"CTCGCACCTATATAGT-1",4,16
"CTCGCATTGCATAGCC-1",9,11
"CTCGCCGAATGTAGGG-1",4,4
"CTCGCTAGGTAAGCGA-1",3,2
"CTCGGGCATCGTCGGG-1",1,1
"CTCGGGTTCTCTGGCC-1",9,11
"CTCGGTACCACTGCTC-1",8,5
"CTCGGTCCGTAGCCTG-1",7,7
"CTCGGTTGTCGGCCCT-1",1,1
"CTCGTCTGTGCCTTCG-1",8,5
"CTCGTGGCACTGAAAG-1",7,7
"CTCGTTACGGCTACCA-1",7,12
"CTCGTTTCTAATGTTT-1",2,2
"CTCTAACACCGGCAGC-1",5,3
"CTCTAATGCATTGATC-1",2,14
"CTCTACACTGGCGATT-1",6,11
"CTCTACATCCTGCGTG-1",4,4
"CTCTAGCCCTCGGAAA-1",5,3
"CTCTATTTGGCTGCAG-1",4,4
"CTCTCACAATCGATGA-1",4,4
"CTCTCGATGTGCGCCT-1",8,5
"CTCTCGCTGTACTATG-1",9,15
"CTCTGCAGGCATTCTT-1",9,11
"CTCTGCGAAGCAAGCA-1",7,12
"CTCTGGACGCCTGGTG-1",4,4
"CTCTGTCCATGCACCA-1",5,3
"CTCTGTGCCTGCTATG-1",3,7
"CTCTGTTTGAGGATTC-1",8,5
"CTCTTCTATTGACTGG-1",3,8
"CTCTTCTGGAAGTTAG-1",9,13
"CTCTTGTCCCGCTTGG-1",7,7
"CTGAAAGAGATCCGAC-1",8,5
"CTGAATCCGAGACCTC-1",7,7
"CTGAATTTATTGCCAG-1",2,14
"CTGACTGCGCAGCTCG-1",3,8
"CTGAGCAAGTAACAAG-1",9,11
"CTGATAGTGTATCTCA-1",6,15
"CTGATCCCTTTATGCA-1",9,15
"CTGCAAATGGGCTCCA-1",8,5
"CTGCACAACTACATAT-1",8,5
"CTGCACCTGGAACCGC-1",7,7
"CTGCACTCCAGTACAG-1",4,4
"CTGCAGAGAATCAGAG-1",2,2
"CTGCCAAGGTTGGAAG-1",8,5
"CTGCCATGCATCACAT-1",4,4
"CTGCCCACGAAGCGTT-1",6,15
"CTGCCTAGCCACCAAG-1",5,3
"CTGCCTTTAATACCTT-1",9,11
"CTGCCTTTCTAGTAAA-1",5,3
"CTGCGACCTCGCCGAA-1",4,16
"CTGCGATTTCGAGATT-1",4,7
"CTGCGGGTGAAATGTT-1",6,15
"CTGCGGTAGTCACGTG-1",3,8
"CTGCGTTACGATATAA-1",5,3
"CTGCTCTGACGGCAAA-1",4,4
"CTGCTGAGGCCACGAA-1",9,11
"CTGCTTGGCGATAGCT-1",8,5
"CTGGAAATGGATGCTT-1",7,7
"CTGGAAGACACGGTGG-1",5,3
"CTGGACGCAGTCCGGC-1",9,11
"CTGGATTTACACTTGA-1",7,7
"CTGGCATCCGAATGAG-1",9,11
"CTGGCGACATAAGTCC-1",8,5
"CTGGCGCACAGGTCTG-1",5,3
"CTGGCGGGAATAAGTA-1",9,15
"CTGGCTCCTGCGGGAT-1",9,11
"CTGGCTGATTCATCCT-1",5,3
"CTGGCTGCTAACGTAA-1",9,11
"CTGGCTGGTTGTCAGT-1",7,7
"CTGGGATAAATAATGG-1",5,3
"CTGGGATCGCCCAGAT-1",8,5
"CTGGGCACTAGTCGGA-1",2,2
"CTGGGCCTGCTATATC-1",9,10
"CTGGGCGGCCAAATGT-1",1,5
"CTGGGTAGGCAGTTAA-1",8,5
"CTGGGTTGAGTTAAAG-1",9,11
"CTGGTAAAGACTTACA-1",2,2
"CTGGTAACACATAGAA-1",5,3
"CTGGTAACGAGCTCTT-1",3,2
"CTGGTCATTCCAATCC-1",9,15
"CTGGTCCTAACTTGGC-1",8,5
"CTGGTGAATGGGCCTA-1",1,1
"CTGGTTCAACGCATCA-1",7,7
"CTGGTTTCGAGCAAGA-1",5,3
"CTGTACTTCTTAGCAT-1",7,7
"CTGTAGCCATCTCACT-1",7,12
"CTGTAGTGAGGATCGA-1",7,12
"CTGTATGGTGTAGAAA-1",9,13
"CTGTCAAATGGCTCGG-1",5,3
"CTGTCACGCCAGGCGC-1",3,8
"CTGTCCTGCGCACTAC-1",1,14
"CTGTGCAGGGTAGGTC-1",4,4
"CTGTGGTCGGGAGATA-1",5,3
"CTGTTACCCAATCTAG-1",4,4
"CTGTTCACTGCCTGTG-1",4,4
"CTGTTCATCTCACGGG-1",9,13
"CTGTTGGCTCTTCTGA-1",9,15
"CTGTTGTTCAGTCGTA-1",9,11
"CTTAAATAAGACCCAT-1",9,15
"CTTAACTTCGAAGTAC-1",4,4
"CTTAAGCAGCGAGCCG-1",9,11
"CTTAATCGACTTAGTA-1",4,4
"CTTACACGGTATTCCA-1",7,7
"CTTACACTGGGAAATA-1",7,7
"CTTACATAGATTTCTT-1",8,5
"CTTAGATGTTTCATCC-1",4,16
"CTTAGCCCGGATAGTG-1",6,15
"CTTAGCCTTCCACATG-1",8,5
"CTTAGGTATAGACCAG-1",9,11
"CTTAGTAGGCCTACAG-1",3,8
"CTTAGTGTAGTAGCAT-1",8,5
"CTTAGTTGAGGAATCG-1",9,11
"CTTATGCGCTCAGGGC-1",9,11
"CTTATGTTGACTACCA-1",9,11
"CTTCAACTCCACTTGG-1",8,5
"CTTCACGCCCTGGTAC-1",9,11
"CTTCAGTGGTCGCCTA-1",9,11
"CTTCAGTTGGACAACG-1",5,3
"CTTCATAGCTCAAGAA-1",7,7
"CTTCATCACCAGGGCT-1",5,3
"CTTCATTGTCAGTGGA-1",4,4
"CTTCCGCTCCGTGAAG-1",7,7
"CTTCCTGCATATTTAC-1",2,14
"CTTCGATTGCGCAAGC-1",5,3
"CTTCGGCCAATTGTTT-1",2,14
"CTTCGTAGATAGGTGA-1",7,12
"CTTCGTGCCCGCATCG-1",9,11
"CTTCTATGTTGAAGTA-1",6,6
"CTTCTATTAATGCTAG-1",7,7
"CTTCTGGGCGTACCTA-1",1,1
"CTTCTTACGTCGTATA-1",4,4
"CTTGACCCGAAAGATA-1",4,4
"CTTGAGGTTATCCCGA-1",9,11
"CTTGAGTTAGGGTAAT-1",5,3
"CTTGATGACCATCCAG-1",3,8
"CTTGCAACCGCCTCCT-1",6,15
"CTTGCCCACCCACGCA-1",2,2
"CTTGCCCAGGCTCTAC-1",7,7
"CTTGGCCAAGCTGGGA-1",7,7
"CTTGTACTTGTTGACT-1",3,8
"CTTGTCAACATTCGAG-1",4,4
"CTTGTCGTACGTGTCA-1",7,7
"CTTGTGAGTCTTTGAC-1",9,13
"CTTGTGCTCACCGATT-1",3,8
"CTTGTTGCTGAGTCAA-1",8,5
"CTTGTTTATGTAGCCA-1",9,13
"CTTTAACTTTCAAAGG-1",4,16
"CTTTAATATTGGTCGA-1",8,5
"CTTTACCGAATAGTAG-1",8,5
"CTTTAGGAACACTGTT-1",5,3
"CTTTAGTGCTATTATT-1",4,4
"CTTTATCCGACGCATG-1",7,7
"CTTTCTGTGCGGGCTT-1",4,4
"CTTTGAAACATATTCC-1",2,2
"CTTTGACGTCGCTTCT-1",9,11
"CTTTGCATCGCTCTTG-1",5,3
"CTTTGGCGCTTTATAC-1",6,15
"CTTTGGCTTTAGTAAA-1",7,12
"CTTTGGGATTGTTGCA-1",7,13
"CTTTGTCGAATGCTCC-1",9,11
"GAAACAGATGACCACC-1",5,3
"GAAACAGCCATGCAGT-1",4,4
"GAAACATAGGAAACAG-1",9,11
"GAAACCATGGTGCGCT-1",2,14
"GAAACCGAATTACCTT-1",7,7
"GAAACCTATACAAATG-1",7,7
"GAAACTCGTGCGATGC-1",6,6
"GAAACTCTAATGAAGG-1",8,5
"GAAAGAACAGCGTTAT-1",2,2
"GAAAGCAGTGCACTTT-1",7,7
"GAAAGCCCTTTGGACC-1",6,15
"GAAAGTGACTAACTGC-1",9,13
"GAAATACCTGCTGGCT-1",5,3
"GAAATACTAAACGTTT-1",9,11
"GAAATATCACCATCAG-1",9,15
"GAAATCGCGCGCAACT-1",8,5
"GAAATCTGACCAAGTT-1",9,11
"GAAATGGCGGTGTTAG-1",7,7
"GAAATGGGATGTAAAC-1",9,11
"GAAATTAGCACGGATA-1",3,8
"GAAATTCACATCGCTG-1",7,7
"GAAATTGTCTCTATAA-1",7,7
"GAACAACTGGGATGAA-1",8,5
"GAACACACATCAACCA-1",7,7
"GAACAGATTACTAAAT-1",4,16
"GAACCATCTGGGAGAC-1",4,4
"GAACCCTCTGTGTTCT-1",4,9
"GAACCTCGACCTACAC-1",9,11
"GAACCTTTAACGATCC-1",8,5
"GAACGACCGAATGATA-1",4,4
"GAACGTCTCATGGTCG-1",5,3
"GAACGTTAGGAAGACG-1",1,1
"GAACTGTGGAGAGACA-1",4,4
"GAACTTAGCGCCCGGT-1",2,14
"GAAGAAACGATATTGT-1",9,11
"GAAGAACGGTGCAGGT-1",7,7
"GAAGACTTCAATGCCG-1",8,5
"GAAGCAAGGCAATGTT-1",7,7
"GAAGCCACTGATTATG-1",4,4
"GAAGCCGGGTAAGCTC-1",9,15
"GAAGCCTGCACATTCC-1",7,7
"GAAGCGTGAGGAATTT-1",4,4
"GAAGCTCGGACCCGTC-1",9,11
"GAAGCTCTTTGCTTAG-1",9,11
"GAAGCTTGCTGACCGC-1",9,13
"GAAGGAGTCGAGTGCG-1",7,7
"GAAGGGTCATTAAGAC-1",8,5
"GAAGTCAGTTGCACTA-1",7,7
"GAAGTCTCCCTAGCGA-1",5,3
"GAAGTGATTTATCGTG-1",7,13
"GAAGTGCTGGATAGCT-1",4,4
"GAAGTTTCCACTCAAT-1",7,7
"GAATAGACGCGACCCA-1",5,3
"GAATAGTGCTCGATTA-1",9,13
"GAATATTCGGAGTCCC-1",5,3
"GAATCGACATGGTCAC-1",7,7
"GAATCGCCGGACACGG-1",7,7
"GAATCTATACTCGGAC-1",5,3
"GAATCTGAACATTCTC-1",4,4
"GAATGCCGAAATGACC-1",9,15
"GAATGCGAATCGGTTC-1",4,16
"GAATGGGCTTATCGAC-1",9,11
"GAATGTATGGCAGGTC-1",3,3
"GAATGTGGTCCGGATT-1",8,5
"GAATGTTGGGTAATCT-1",4,16
"GAATTATAGTGAAAGG-1",4,4
"GAATTCACCCGGGTGT-1",7,7
"GAATTTCTCGCTGCAG-1",9,13
"GACAAACATATGCAGG-1",3,2
"GACAACGACCATTGAA-1",8,5
"GACAACGCAGCTTACG-1",4,4
"GACACAAGGGAAGAAA-1",8,9
"GACACAGCCGGGACTG-1",2,2
"GACACCCAAAGACGCG-1",9,13
"GACACGAGTTAGAGGA-1",9,11
"GACACTGAGTTCAGTG-1",7,12
"GACACTTCCAATTACC-1",3,8
"GACAGAGGTCTTCAGT-1",4,4
"GACAGATTTCTGGCTC-1",9,11
"GACAGCCAGACCTGAC-1",5,3
"GACAGGCACACACTAT-1",6,15
"GACATACTGTCGCAGA-1",9,11
"GACATCCGTCGAACTG-1",4,4
"GACATCGATTTATAAC-1",7,7
"GACATTTCGCCCAGCC-1",9,11
"GACCAAACGTTGACTG-1",2,14
"GACCACACTTCCCTTT-1",8,5
"GACCAGAGCCCTGTAG-1",7,7
"GACCAGGTCATTCATA-1",8,5
"GACCCAATTATGATAC-1",9,11
"GACCCGTCGCCGGCTA-1",4,4
"GACCGACTGAAGCGTC-1",6,6
"GACCGATTAAATATGT-1",9,11
"GACCGGTGATACTCTC-1",6,15
"GACCGTCAGGTCGTGA-1",5,5
"GACCGTGCTGACGGTG-1",7,7
"GACCGTTACATGCGAC-1",6,15
"GACCTTCCACGTCTAC-1",4,16
"GACGACGATCCGCGTT-1",4,4
"GACGAGGCTAATAAAC-1",3,8
"GACGATATCACTGGGT-1",9,13
"GACGCATACCCGTCGG-1",9,11
"GACGCCGTAAAGGCTA-1",7,7
"GACGCCTGTTGCAGGG-1",9,11
"GACGCTTGCTTCTAAA-1",9,13
"GACGGACCGCGTTCCT-1",4,4
"GACGGGATGTCTTATG-1",9,11
"GACGGGTTGGCCCGTA-1",7,7
"GACGGTCAATAGAAGC-1",3,8
"GACGTGAGACTCCATG-1",9,13
"GACGTGTAGGGATTAT-1",9,10
"GACGTTGCTCGGCGGC-1",9,13
"GACTAACACAGCACCT-1",3,3
"GACTAAGATCATGCAC-1",7,7
"GACTAAGTAGGCTCAC-1",7,7
"GACTACAAAGCGGTGG-1",9,11
"GACTACAATTGCTCGT-1",5,3
"GACTAGGCCGTTAGGT-1",8,5
"GACTCACCCACGTGAG-1",2,2
"GACTCCTTCCAATTGA-1",9,11
"GACTCGCGGGAATGAC-1",3,2
"GACTCTAGAGTTCCAA-1",7,7
"GACTGATTGGTCACAA-1",2,2
"GACTGCAAATCGAGCT-1",4,16
"GACTGCACCAGCCCAG-1",8,5
"GACTGCGGCACGTGTA-1",6,15
"GACTGCTGGTGAGAAA-1",9,13
"GACTGGGCGCCGCAAC-1",3,8
"GACTTCAACGCATCAA-1",3,8
"GACTTTCGAGCGGTTC-1",4,4
"GAGAACGGTTCTGACT-1",2,2
"GAGAATCTCACGATCA-1",6,15
"GAGACTGATGGGTAGA-1",4,4
"GAGACTTCGCGACCGA-1",7,7
"GAGAGCGCAGTCCCTG-1",9,15
"GAGAGGGCGCGAGGTT-1",7,4
"GAGAGGTGCATTCTGG-1",6,15
"GAGAGTCTCGGGAGAG-1",7,12
"GAGATCGATCTTACTC-1",9,11
"GAGATCTGCTTGGCAT-1",7,7
"GAGATCTGTCACTCCG-1",8,5
"GAGATCTTCCATGACA-1",8,5
"GAGATGGCTTTAATCA-1",8,5
"GAGATGGGAGTCGACA-1",4,4
"GAGCACCTGTGTCCAG-1",8,5
"GAGCATCAACAACTTG-1",1,1
"GAGCATCATCCCTGGG-1",7,7
"GAGCCACGGTAGTAGG-1",7,7
"GAGCCAGCTACCTGTG-1",5,3
"GAGCCGAGCGTTTATT-1",2,14
"GAGCGAGGGAGTACCG-1",4,4
"GAGCGCAAATACTCCG-1",2,2
"GAGCGCGCACGAGTAG-1",3,8
"GAGCGCTATGTCAGGC-1",3,10
"GAGCGCTGTTAGGTAA-1",9,11
"GAGCGGAATGCGGTGT-1",7,7
"GAGCTAAGGGCATATC-1",3,8
"GAGCTCAACATGAGCG-1",4,4
"GAGCTCTCGGACCTAA-1",9,2
"GAGCTGTCGTCTCGGA-1",2,14
"GAGGAATATCTCTTTG-1",7,7
"GAGGAATGGAGAGGTT-1",9,13
"GAGGAGTAATTCCTAC-1",4,4
"GAGGCCCGACTCCGCA-1",9,11
"GAGGCCTGTTGATACA-1",2,14
"GAGGCTATCAAAGTCG-1",6,6
"GAGGGAGTCAGATCGC-1",7,13
"GAGGGCATCGCGTATC-1",9,13
"GAGGGCGCAGCTCTGC-1",5,3
"GAGGGTAGTAACAAAG-1",9,11
"GAGGTACATCCATCTT-1",8,5
"GAGGTACGCGTGTCCC-1",4,4
"GAGGTCCCAAAGATCT-1",9,13
"GAGGTCCGTTCGCTGT-1",9,13
"GAGGTCTTAGTGGGTC-1",3,8
"GAGTAAGGCCACGGGA-1",9,11
"GAGTACGGGTATACAA-1",7,7
"GAGTAGATACTAGTTG-1",4,4
"GAGTATACCCTAATCA-1",9,15
"GAGTATGCCCGCCTTG-1",9,13
"GAGTATGCGCGTGCAT-1",4,16
"GAGTCAGACCAGAATC-1",7,12
"GAGTCCACCAGGTTTA-1",3,8
"GAGTCCGCTTACCGGA-1",7,7
"GAGTCGACAGACCCTC-1",6,15
"GAGTCTTGTAAAGGAC-1",9,11
"GAGTGTCAACCAGAAA-1",8,5
"GAGTGTGCGGTACCCA-1",5,3
"GAGTTCTGTGGGTGCT-1",9,11
"GAGTTGATGGCAATTT-1",6,6
"GAGTTGTCACCAGTCT-1",9,11
"GATAAATCGGTGGATG-1",7,7
"GATAACTCGCACTGTG-1",5,3
"GATAAGGCAGATGCAA-1",9,11
"GATAAGGGACGATTAG-1",9,11
"GATACGATGGGAGTCA-1",7,12
"GATAGAACCCGCTAGG-1",8,5
"GATAGATAGTACAGTC-1",3,2
"GATAGGTAACGTTGAC-1",4,4
"GATAGTGCGAGTAAGT-1",7,12
"GATATCAAGCAGGAGC-1",9,11
"GATATCTCATGCAATA-1",4,4
"GATATGAGACACTAAC-1",8,5
"GATATGCGGTAGCCAA-1",3,8
"GATATGGATTACGCGG-1",6,15
"GATATTGAGATTGGCG-1",3,8
"GATATTTCCTACATGG-1",5,3
"GATCAACATAAAGGGA-1",9,13
"GATCATTCCAAACATT-1",4,4
"GATCCCTTTATACTGC-1",4,4
"GATCCGGGAATTAACA-1",8,5
"GATCCTAAATCGGGAC-1",3,8
"GATCCTCGACACTGGC-1",9,11
"GATCCTCTTGCGCTTA-1",5,3
"GATCGACACTATCTGA-1",7,7
"GATCGCGGGCTCTCCA-1",7,7
"GATCGCTACCCGATTT-1",3,8
"GATCGCTATATCTCAG-1",9,11
"GATCGCTGTGGTGCGT-1",9,11
"GATCGGATAGAACCAT-1",9,11
"GATCGGCGATAAGTCG-1",9,11
"GATCGGTGGCCATAAC-1",4,4
"GATCGTGACTGATATC-1",4,5
"GATCTGCTATCTAAGG-1",7,7
"GATCTTCATTGTCCTC-1",9,11
"GATCTTGGAGGGCATA-1",4,4
"GATCTTTGCAGGGTAT-1",9,13
"GATGAGGAACCTTCGG-1",8,5
"GATGATTTGAAACTGG-1",7,7
"GATGCCACACTACAGC-1",7,7
"GATGCCAGCAGAAGGC-1",1,1
"GATGCCTTCTGCGGCA-1",9,11
"GATGCGAATGGTATTA-1",6,15
"GATGCGTCCTGCATTC-1",7,7
"GATGCTACAAGCGCCT-1",7,7
"GATGCTACCTTCGATG-1",7,7
"GATGCTGTATTTCATC-1",8,5
"GATGGCGCACACATTA-1",9,11
"GATGGTGCCCTAGGCA-1",8,5
"GATGTAACGAACCACC-1",9,11
"GATGTCCGGATCACAT-1",7,7
"GATGTCGGTCAACTGC-1",8,5
"GATGTGTTGTCACAAG-1",5,3
"GATGTTCAATCCACGA-1",7,12
"GATGTTTGTGCGAGAT-1",9,13
"GATTAACCGAAAGCCC-1",3,3
"GATTAATCCTGGCTCA-1",9,13
"GATTACTGAATTTGGG-1",9,13
"GATTAGAAACAAGCGT-1",7,7
"GATTATCTTGCATTAT-1",3,8
"GATTCCCTTGTCGCAG-1",4,4
"GATTCCGCGTTTCCGT-1",8,5
"GATTCCTATACGGCGC-1",9,15
"GATTCGACGGTTCACG-1",4,4
"GATTCTGTTAATGAGT-1",1,1
"GATTGACACTCTGCTC-1",8,16
"GATTGCTCCAGTTGCA-1",9,11
"GATTGGGAAAGGTTGT-1",8,5
"GATTTGCGCTAACACC-1",7,7
"GCAAACCCTACATTAT-1",8,5
"GCAAACCTTGGCCATA-1",4,16
"GCAAACGTAAGCGACC-1",9,11
"GCAAAGGGCGTTAGCC-1",9,11
"GCAAATATTACGCTTT-1",7,12
"GCAAATGAGGACACTT-1",9,11
"GCAACACACTAGAACT-1",6,6
"GCAACAGCAGTATGCG-1",2,14
"GCAACCACCAGACCGG-1",3,8
"GCAACCACGGCCGCGT-1",9,13
"GCAACCCAAGTTGTTT-1",6,15
"GCAAGAATTCCTTGGC-1",6,15
"GCAAGATGTGTTCGCG-1",2,2
"GCAAGTGCACAGAGAA-1",7,7
"GCAAGTGTAAAGCATG-1",7,12
"GCACAAACCCTAGATG-1",9,11
"GCACAAGTGGATCATA-1",6,6
"GCACAAGTGTCGGAAG-1",4,16
"GCACACACTGGTAGCC-1",3,3
"GCACACAGCTATTACC-1",4,4
"GCACACGCCCATGGTC-1",6,15
"GCACAGCACGGGCCGA-1",7,12
"GCACCTAGGCGAGTCC-1",2,2
"GCACGCCGATTCCCGC-1",8,5
"GCACGCCTACTTAGAT-1",9,13
"GCACGTGGTTTACTTA-1",2,14
"GCACTAGTCGCGCTAT-1",7,7
"GCACTCCCACAGTCCC-1",7,7
"GCACTGCCTACCTTTA-1",4,4
"GCACTGTGCAAATGTA-1",7,7
"GCAGACCCAGCACGTA-1",3,8
"GCAGATCCATAAGACT-1",8,5
"GCAGATCCTCGCAAAT-1",9,11
"GCAGATTAGGGATATC-1",4,4
"GCAGCACACAGCCCAG-1",7,12
"GCAGCGGTGGGCATTA-1",7,7
"GCAGCTGTCAACGCAT-1",5,3
"GCAGGAACTTAGATCT-1",9,11
"GCAGGACTATAGAATA-1",9,13
"GCAGGTAGAGTATGGT-1",3,8
"GCAGTGTGGCTATAGG-1",8,5
"GCATACGAGGTCTTTA-1",9,15
"GCATAGAGCACTCAGG-1",7,7
"GCATCCCTAACTTTGA-1",7,7
"GCATCCTCTCCTATTA-1",9,11
"GCATCGGCCGTGTAGG-1",2,2
"GCATGAGGGACGCGGC-1",5,3
"GCATGCTAATAACGAT-1",5,3
"GCATGGGTACTGACGC-1",9,11
"GCATTCAAGGCAACGC-1",2,14
"GCATTCGAAATGAACA-1",6,15
"GCATTGACTTGCGGAA-1",9,11
"GCATTGTAATTCATAT-1",6,6
"GCCAACCATTTCCGGA-1",2,14
"GCCAAGAATACTTCTG-1",9,11
"GCCAATAGGGCATCTC-1",2,14
"GCCACAATTTAAGGAC-1",6,13
"GCCACTCAGAGCGCGA-1",5,3
"GCCAGGAAAGAACACT-1",9,13
"GCCAGGAGTAACCGAT-1",5,3
"GCCAGGCGTTCGCATG-1",3,3
"GCCATATTGCACACAG-1",5,3
"GCCATCGAGCTGCGTG-1",7,10
"GCCATTAGCCTCAAAC-1",9,11
"GCCCACCAAGGCTGTC-1",7,7
"GCCCAGCGACACAAAG-1",1,10
"GCCCAGTTGGTATGCC-1",7,7
"GCCCATGGGTGCAATG-1",3,8
"GCCCGACTTCTTCCCG-1",9,11
"GCCCGAGAGTCTAAAT-1",9,11
"GCCCGATCTGTGGTCG-1",4,4
"GCCCGATGCCCAGTTC-1",9,11
"GCCCGCGCGTAAACGG-1",9,13
"GCCCGCGCGTTTGACA-1",7,7
"GCCCGTAATACCTTCT-1",8,5
"GCCCGTTCACACAATT-1",9,12
"GCCCTAAGTGCAGGAT-1",8,5
"GCCCTAGCCGTCGCGA-1",9,11
"GCCCTGAGGATGGGCT-1",4,16
"GCCGAAATTCCTACGT-1",7,7
"GCCGACCCACGACTGC-1",9,11
"GCCGATTGGCCAAGCT-1",4,4
"GCCGCATTAGTCCGGC-1",6,15
"GCCGCTAGATACGCAG-1",3,2
"GCCGCTTGTGAGAAAC-1",9,13
"GCCGGAAACACATCTT-1",4,4
"GCCGGGTTAGGGTCGC-1",4,4
"GCCGGTCGTATCTCTC-1",7,7
"GCCGGTTTGGGCGGAT-1",7,7
"GCCGTCGGTTTCGGGC-1",7,12
"GCCTACGTTCTGTGCA-1",8,5
"GCCTAGCGATCTGACC-1",7,7
"GCCTATAGTGTCAGGG-1",5,3
"GCCTATTCCGATATAG-1",9,13
"GCCTATTTGCTACACA-1",4,4
"GCCTCAGGTACCGGTC-1",9,11
"GCCTCATCTGGAAATA-1",5,3
"GCCTCCGACAATTCAC-1",3,8
"GCCTCTATACATAGCA-1",8,5
"GCCTGTCCCGGTGCAT-1",4,4
"GCCTTCAGCCCTACCG-1",7,7
"GCCTTGTATATGCAGT-1",9,11
"GCGAAACGATCGGGAG-1",3,8
"GCGAAACTTAACTGGA-1",5,5
"GCGAAGAATCTGACGG-1",8,5
"GCGAAGCCATACCCGT-1",4,4
"GCGAATGGACTAGCGA-1",4,16
"GCGACATGTAAACATC-1",2,14
"GCGACCCAACCATCTG-1",9,11
"GCGACGATAGTTGTAC-1",7,7
"GCGACGGTAGTCTCCT-1",4,4
"GCGAGAAACGGGAGTT-1",9,10
"GCGAGAGTTGCGTCCA-1",2,14
"GCGAGCGCATGCTCCC-1",2,14
"GCGAGGCCCGAGCAGA-1",7,7
"GCGAGTTCTGCAAAGA-1",4,4
"GCGATGTCTGTGCTTG-1",9,11
"GCGATTCTGGAAGCAG-1",8,5
"GCGATTGTTAACGTTA-1",8,5
"GCGCAAATATATTCAA-1",9,11
"GCGCAAGAGCGCGCTG-1",3,8
"GCGCATCCAGTCAGCA-1",3,2
"GCGCCGTTCCACGATA-1",4,4
"GCGCGATGGGTCAAGT-1",7,7
"GCGCGGTCTAGTAACT-1",7,7
"GCGCGTCATTGGTACA-1",8,5
"GCGCTAAGTATGCATG-1",5,3
"GCGCTAATTGAATAGA-1",4,4
"GCGCTATGCCGAGGCA-1",7,12
"GCGCTGATCCAGACTC-1",5,3
"GCGCTGCTTTGCATTT-1",5,3
"GCGCTTAAATAATTGG-1",5,3
"GCGGACCGCGTTGTGG-1",9,13
"GCGGAGAAACTTCGCA-1",9,11
"GCGGAGAGGGAGAACG-1",8,5
"GCGGCAAAGTATTGCC-1",9,11
"GCGGCTCTGACGTACC-1",9,13
"GCGGCTTTAGCAAGTT-1",8,5
"GCGGGAACCAGGCCCT-1",7,7
"GCGGGCAGACGGGTGA-1",4,4
"GCGGGCGAGCCTTACC-1",7,7
"GCGGTAACCCAAATGA-1",9,11
"GCGGTCCCTAGACGCA-1",7,7
"GCGGTCTTGCTTTCAC-1",8,5
"GCGGTGAACTGCGCTC-1",3,8
"GCGGTGCGGAGCATCG-1",9,11
"GCGGTTCCCTATCATG-1",7,7
"GCGTAAATGGCCATAA-1",3,8
"GCGTCCAGCTCGTGGC-1",7,7
"GCGTCCCTAAGACATA-1",9,13
"GCGTCGAAATGTCGGT-1",4,4
"GCGTCGCCAGGGTGAT-1",4,4
"GCGTCGTAACATGGTC-1",8,5
"GCGTCTCTGCATTGGG-1",7,12
"GCGTGGTACTGGGTTA-1",5,3
"GCGTGTATGTCGTATT-1",8,5
"GCGTTATATTTGGAAC-1",6,15
"GCGTTCGGAGACCGGG-1",2,14
"GCTAAACCTGAGGTGA-1",9,15
"GCTAACTGAAGTCTGA-1",8,5
"GCTAAGTAAAGGCGAT-1",6,15
"GCTAAGTAGTTTCTCT-1",8,5
"GCTAATACCGAATGCC-1",7,7
"GCTACAATCGAGGATA-1",2,2
"GCTACACTGTCCGAAC-1",3,10
"GCTACAGTACGGACCG-1",6,15
"GCTACGACTTATTGGG-1",4,4
"GCTACTATAGTAGAGT-1",3,8
"GCTACTCGGACGCAGA-1",9,15
"GCTAGACCGTCTACTG-1",2,2
"GCTAGAGTAGAGATGT-1",3,3
"GCTAGCAACGCACCTA-1",3,2
"GCTAGCAGGGAGTGGG-1",2,2
"GCTAGCGATAGGTCTT-1",9,11
"GCTAGCTTGAATAGCT-1",7,12
"GCTAGGCACCACGGAG-1",8,5
"GCTAGTAGAGCTTGTA-1",4,4
"GCTAGTTTCATTGAGG-1",7,7
"GCTATACGTCTCGGAC-1",5,3
"GCTATCATACTCATGG-1",8,5
"GCTATCGCGGCGCAAC-1",9,15
"GCTATGCCAGCTTATG-1",9,11
"GCTCAACCTCTTAGAG-1",9,11
"GCTCAATCCGTTTATT-1",9,11
"GCTCAATGTAATACCG-1",7,7
"GCTCATTACTGCATGT-1",3,8
"GCTCATTGATCATATC-1",7,7
"GCTCCATGCAAAGCAA-1",7,7
"GCTCCCAGTCGGTCCA-1",2,14
"GCTCCGGACGTTGATA-1",2,14
"GCTCCTGACATACTGG-1",9,11
"GCTCGCGGTTCCGCTC-1",9,15
"GCTCGCTCATGTCCAA-1",3,8
"GCTCGGAATTTAAAGC-1",5,3
"GCTCTAAACCCTGACG-1",4,4
"GCTCTATGTTACGTGC-1",7,7
"GCTCTCGGGTACCGAA-1",4,4
"GCTCTTTCCGCTAGTG-1",7,7
"GCTGAAGGGTTCTTGG-1",9,11
"GCTGAATCTTCCAATC-1",9,11
"GCTGAGCAACGGTTCT-1",9,11
"GCTGAGGCGTGAGTAT-1",4,4
"GCTGCACGGTTTCTTA-1",8,5
"GCTGCGAAGAATTATT-1",7,7
"GCTGCGCCTCCCACGT-1",9,15
"GCTGCTAAGTAGTCGA-1",7,7
"GCTGCTACTGCGTAGC-1",8,5
"GCTGCTCTCCGGACAC-1",4,4
"GCTGGACCCAAAGTGG-1",2,14
"GCTGGCAGGTGCCGTG-1",6,15
"GCTGGCATATTCACCT-1",9,15
"GCTGGCGGCGCATGCT-1",4,4
"GCTGGGAGCGCGTCAA-1",9,13
"GCTGGTTTAGGCCATA-1",9,11
"GCTGTATTACTGGCCC-1",7,13
"GCTGTCTGTGATCGAC-1",3,8
"GCTGTTGCTACCGAAC-1",5,3
"GCTTAATGTAACTAAC-1",8,5
"GCTTATGAAGCAGGAA-1",5,3
"GCTTCCATGTAACCGC-1",2,2
"GCTTCCCGTAAGCTCC-1",3,8
"GCTTCCGTCCCTAGAC-1",8,5
"GCTTCGACGTTCAATC-1",9,11
"GCTTGATGATAATCAG-1",7,13
"GCTTGGATCGATTAGG-1",3,8
"GCTTTATTAAGTTACC-1",8,5
"GCTTTCAGAGGAGGTG-1",3,8
"GGAAACAGAGCTTGGG-1",9,13
"GGAAACCTTGTTGAAT-1",2,14
"GGAAACTAAATGGGCC-1",2,2
"GGAAAGGGAATTGAGC-1",4,16
"GGAAAGTCTTGATTGT-1",7,7
"GGAAAGTGCCCATGCC-1",5,3
"GGAACCCGAACAAGAA-1",9,15
"GGAACCGTGTAAATTG-1",7,7
"GGAACGGCCTGCAGCC-1",9,15
"GGAACTCGTGAATACG-1",7,12
"GGAAGCTCGCTTACAG-1",5,3
"GGAAGGACACCGTATA-1",8,5
"GGAATAACCTCAAGAA-1",4,9
"GGAATGCGCTAGCGTG-1",8,5
"GGACAACCATGAAGCC-1",2,2
"GGACAAGCCATGATCG-1",9,11
"GGACAAGTTGCAGTGA-1",6,15
"GGACACCTCGGTGTTG-1",4,4
"GGACCAACAGGATAAC-1",4,4
"GGACCTACGGTAACGT-1",2,14
"GGACCTCTAGGCCGCC-1",9,11
"GGACGGCTTGCGCAAC-1",2,2
"GGACTAAGTCAGGAGT-1",6,15
"GGACTCGACAGCGCAT-1",7,12
"GGACTCGTGAGTGGTC-1",9,13
"GGACTCTTTGACTAAG-1",8,5
"GGAGAAGTCATTGGCA-1",7,7
"GGAGACGACACCTTTG-1",4,4
"GGAGCAACATTTCAAG-1",2,14
"GGAGCACCAAGAACTA-1",8,5
"GGAGCGAGGCCTACTT-1",4,4
"GGAGGATTGAAAGGAG-1",8,5
"GGAGGCGAAGAACCGC-1",2,14
"GGAGGGCTTGGTTGGC-1",8,5
"GGAGTACACATGAGCT-1",9,11
"GGAGTGCCGCCCTGGA-1",4,4
"GGATACTCATGAATTG-1",7,7
"GGATCAAAGGACGAGG-1",4,4
"GGATCAGAGCCATCAG-1",9,11
"GGATCATCCCGTACGC-1",1,1
"GGATCCGGAATATACT-1",8,5
"GGATCTACCGTTCGTC-1",9,13
"GGATCTTACTGCCCTT-1",9,13
"GGATCTTGACTCAACC-1",9,13
"GGATGAAGATCGCTGA-1",5,3
"GGATGACGCGAGTTTA-1",7,7
"GGATGCTGGCGTTCCT-1",6,6
"GGATGGCTTGAAGTAT-1",2,2
"GGATGTCCTTACCGCA-1",5,3
"GGATTAAGCTAAGGTC-1",5,3
"GGATTAATCATGGACC-1",8,16
"GGATTCAGTACGGTGG-1",9,13
"GGATTCCGCTATACCC-1",8,5
"GGATTGAAGTAGCCTC-1",3,10
"GGATTGCTGTGACTCC-1",8,5
"GGATTTCACTTCTATA-1",8,5
"GGCAAAGGCGCCAATA-1",9,11
"GGCAAATTACTTTACT-1",7,7
"GGCAAGCCCATAGTGG-1",7,7
"GGCAAGGCGAAATAGC-1",4,4
"GGCAATAGTCAATGAG-1",8,4
"GGCACTCCACTGGGCA-1",7,7
"GGCAGAGAGATCGGGA-1",6,15
"GGCAGCAAACCTATGC-1",2,2
"GGCAGCGGTAATCCTA-1",3,8
"GGCATACAGGTAGCGG-1",9,11
"GGCATATCGGTTCTGC-1",5,3
"GGCATCAACGAGCACG-1",4,4
"GGCATTGAACATCTCA-1",7,7
"GGCCAATTGTATAGAC-1",3,2
"GGCCACAAGCGATGGC-1",7,7
"GGCCACACGAAAGCCT-1",9,15
"GGCCCAGCTGGTTTGC-1",4,16
"GGCCCTCACCCACTTA-1",6,11
"GGCCGAGACTCTGGTG-1",9,6
"GGCCGGCGTCTGCTAT-1",8,5
"GGCCGTTTGGGTTTCA-1",7,7
"GGCCTGCTCTGATGTT-1",4,4
"GGCCTTTGCAACTGGC-1",6,15
"GGCGAAATCTAACTTG-1",5,3
"GGCGAGCATCGAGGAC-1",9,10
"GGCGAGCGAAACGGCA-1",9,11
"GGCGCAGGACATCTTC-1",9,13
"GGCGCATGAATTGATG-1",7,7
"GGCGCGGAGATCTTTC-1",8,5
"GGCGCGTTCGAGTTTA-1",4,4
"GGCGCTCCTCATCAAT-1",9,11
"GGCGCTTCATTCCCTG-1",4,16
"GGCGGAGTAATATTAG-1",7,7
"GGCGGTAGGATCATTG-1",4,4
"GGCGGTTTGCCGGTGC-1",9,11
"GGCGTACCCTATATAA-1",4,4
"GGCGTAGGGAAAGCTG-1",8,5
"GGCGTCCTATCCGCTG-1",9,13
"GGCTAAAGGGCGGGTC-1",3,8
"GGCTACTATACACTCC-1",2,14
"GGCTATTAAGTTGTAT-1",7,7
"GGCTCCTCCACCTGTT-1",9,11
"GGCTCGCGTTGAGGTA-1",5,3
"GGCTCGTGCCACCAGC-1",7,7
"GGCTCTGCTCCAACGC-1",4,16
"GGCTGAAATAGCAAAG-1",8,5
"GGCTGAGCATCGTAAG-1",3,2
"GGCTGGCAATCCCACG-1",5,3
"GGCTGGCTAGCTTAAA-1",9,11
"GGCTGTCCTACTGCGG-1",7,7
"GGCTTCTCGTGGGTGG-1",8,5
"GGCTTGGCTCTCACCT-1",9,15
"GGCTTTCAATAAGGGT-1",7,7
"GGGAACCACCTGTTTC-1",7,7
"GGGAACGGGAGGTTAG-1",9,10
"GGGAACGGTTTCAGAT-1",9,11
"GGGAAGACGGTCTGTC-1",4,16
"GGGAAGGGCTTTCTCA-1",5,5
"GGGAATGAGCCCTCAC-1",2,14
"GGGAATTCTGTCCAGT-1",6,15
"GGGACAGAGTTACTCC-1",9,11
"GGGACCCGTATATCTT-1",7,7
"GGGACTGCATAGATAG-1",4,4
"GGGAGAACTCACAGTA-1",4,4
"GGGAGCGACCGTAGTG-1",5,3
"GGGAGGATGCCCGAAA-1",7,7
"GGGAGTAATGGCTGGC-1",7,7
"GGGAGTTAATGAGGCG-1",8,5
"GGGATACGGTAATAAT-1",9,11
"GGGATATTGATCGCCA-1",9,11
"GGGATGGACCCGCGTC-1",9,11
"GGGATGGTCGTAACCG-1",7,13
"GGGATTTACCGCACCT-1",5,3
"GGGCAACCGCACGTGC-1",9,11
"GGGCACGAATTGGCCG-1",6,15
"GGGCACGTAGTACTGT-1",7,7
"GGGCACTATTGACCAT-1",9,11
"GGGCAGACGTCACTGC-1",9,11
"GGGCAGAGCAATCGTT-1",7,7
"GGGCAGTCAACGCCAA-1",8,5
"GGGCATGCATGTCGAG-1",7,7
"GGGCCATTCGTGCTGG-1",9,11
"GGGCCCGTCTTAAACA-1",7,7
"GGGCCCTACGAAAGGG-1",9,15
"GGGCCCTTATCTATAC-1",6,15
"GGGCCGGCCGAAGTAC-1",5,3
"GGGCCTAAATGGGCTA-1",9,11
"GGGCGAATTTCTCCAC-1",1,1
"GGGCGATATGTGTGAA-1",4,4
"GGGCGATCCATAGGCC-1",9,11
"GGGCGGCAAATGAATT-1",9,13
"GGGCGGGTTCCCTACG-1",9,13
"GGGCGGTCCTATTGTC-1",9,11
"GGGCGTACATTTATAT-1",7,7
"GGGCGTCACCACGTAA-1",7,7
"GGGCGTCCACTGGCTC-1",5,3
"GGGCGTGGTTTCCCAG-1",8,5
"GGGCGTTTACATTCAT-1",9,11
"GGGCTACTATTTCGTG-1",9,11
"GGGCTATGATCGATGG-1",7,7
"GGGCTCATCGAACCCA-1",5,3
"GGGCTGCCTAGGGCGA-1",4,4
"GGGCTGGTTAGTCGCG-1",7,7
"GGGTAATGCTGTGTTT-1",9,10
"GGGTACCCACGGTCCT-1",9,11
"GGGTACTTCATGAACT-1",9,13
"GGGTATGTATGCACTT-1",9,13
"GGGTATTCTAGCAAAC-1",9,11
"GGGTCACCGTGACGGT-1",7,7
"GGGTCACGTGCTTATG-1",2,14
"GGGTCAGGAGCTAGAT-1",7,7
"GGGTCATGCGTACCAT-1",9,11
"GGGTCCTTGGAAGAAG-1",2,10
"GGGTCGTGGCAAGTGT-1",2,14
"GGGTGACACCTTAACT-1",7,7
"GGGTGGTCCAGCCTGT-1",8,5
"GGGTGTTTCAGCTATG-1",8,5
"GGGTTAACATTTGAGT-1",7,7
"GGGTTCAGACGAACAA-1",9,15
"GGGTTTAGGATAGGAT-1",2,2
"GGTAAATGTGCGTTAC-1",5,3
"GGTAACCGGGAGGATA-1",9,11
"GGTAACTATGTATCTG-1",7,7
"GGTACAAACATGCTAT-1",7,7
"GGTACATCTGGGACGA-1",6,6
"GGTACCATTAAGACGG-1",2,14
"GGTAGAAGACCGCCTG-1",4,4
"GGTAGACCGTTGGGCG-1",7,7
"GGTAGGCCAATATCAC-1",7,7
"GGTAGTGCTCGCACCA-1",8,5
"GGTATGAAAGAACTGA-1",9,11
"GGTATTGCCGAGTTTA-1",7,7
"GGTCAAGACTACTTCG-1",2,2
"GGTCACGTTAGATTCA-1",7,7
"GGTCAGTGGGTCCCAC-1",4,4
"GGTCCACGTCTATTTG-1",9,11
"GGTCCTTCATACGACT-1",9,10
"GGTCGGATAAACGGCG-1",3,8
"GGTCGGCCAGGAGCTT-1",8,5
"GGTCGGTAATTAGACA-1",7,7
"GGTCGGTCGTCCACAG-1",7,7
"GGTCGTAAGCTCGCAC-1",6,6
"GGTCTCCGTCCAGGTT-1",3,8
"GGTCTCTGAATGGACT-1",9,11
"GGTCTGAGAATCTGGA-1",8,5
"GGTCTTGAGCGCTCTT-1",4,4
"GGTGAAACCGGGAATG-1",4,4
"GGTGAACGGGCTAGCC-1",7,7
"GGTGAAGTACAGGGAT-1",9,13
"GGTGAGATGCAGATAA-1",7,7
"GGTGATAAGGAGCAGT-1",8,5
"GGTGATGAAGGAAGTG-1",6,15
"GGTGATTTCATCTTGT-1",7,7
"GGTGCAGAGCCTATCG-1",2,2
"GGTGCATAAATGATTA-1",7,7
"GGTGCGGATAAGTGGC-1",7,7
"GGTGCTGATCACAAAG-1",6,15
"GGTGCTGGTACACATT-1",7,12
"GGTGGACCACGTGTTA-1",2,2
"GGTGGACTGCTCTGGC-1",5,3
"GGTGGGATTAGGTCCC-1",9,13
"GGTGTAAATCGATTGT-1",4,4
"GGTGTAGGTAAGTAAA-1",7,7
"GGTGTTCTGTTTCTAC-1",3,3
"GGTTACCACCCTCGGG-1",9,11
"GGTTACCGCTCCCTAC-1",7,12
"GGTTAGCTATATGTCT-1",5,3
"GGTTAGGCTTGGAGAA-1",7,13
"GGTTAGGGATGCTAAT-1",9,13
"GGTTAGTTACGGCGCC-1",6,15
"GGTTCCACCCGCTTCT-1",1,1
"GGTTCCGTACGACTAA-1",9,13
"GGTTCGCATTTGCCGT-1",2,14
"GGTTCGGATTATACTA-1",6,15
"GGTTCTACTCGTCTGA-1",2,2
"GGTTGTATCGTGAAAT-1",4,4
"GGTTGTGCTCTTGTCC-1",9,15
"GGTTGTGTAGCCTGGC-1",1,1
"GGTTTAATTACCATCG-1",9,13
"GGTTTACAATCTCAAT-1",8,16
"GGTTTAGCCTTTCTTG-1",2,2
"GGTTTCAATCGGTCAG-1",5,3
"GGTTTGAGTGCTGGAA-1",7,7
"GGTTTGTGACCTGAGG-1",2,14
"GTAACAGGTTAACGGC-1",7,7
"GTAACTACGTAGACCT-1",9,11
"GTAACTGCCCAAGGAG-1",7,12
"GTAACTTGCGGCAGTC-1",7,7
"GTAAGCGGGCAGTCAG-1",4,4
"GTAAGGATTTGTCGGA-1",8,5
"GTAAGTAACAGTCTGG-1",8,5
"GTAAGTAGGGTATACC-1",9,13
"GTAATAAAGGGCTCCC-1",2,2
"GTAATCTGATTCTTCG-1",7,7
"GTACACTTACCTGAAG-1",4,4
"GTACAGAGGCAAGGGT-1",8,5
"GTACGACGGCGCTGCG-1",9,11
"GTACGAGATTGCGACA-1",4,4
"GTACGCTTCATTGCAC-1",4,16
"GTACGTCACGTATTAA-1",2,14
"GTACGTTTGCCCGTCA-1",4,4
"GTACTAAGATTTGGAG-1",7,7
"GTACTACGGCCTCGTT-1",5,3
"GTACTCCCTTATCGCT-1",6,15
"GTACTCCTGGGTATGC-1",2,2
"GTACTGAGGTCGTAAC-1",7,7
"GTACTGCATGAAGCGT-1",7,7
"GTACTGGAGTTAGACC-1",8,5
"GTACTTGGGCACTTCT-1",9,13
"GTAGAAACGGGTGGAG-1",9,15
"GTAGACAACCGATGAA-1",4,4
"GTAGACACGCCTGACT-1",4,4
"GTAGACGTCGTTACAT-1",7,7
"GTAGAGGGAGACAAGT-1",1,14
"GTAGCCAAACATGGGA-1",4,4
"GTAGCGCTGTTGTAGT-1",4,4
"GTAGCGGCTATACACT-1",4,4
"GTAGCTAGTAAGCGCG-1",5,3
"GTAGCTCCGGGAGGCT-1",9,13
"GTAGCTTCCTCTTGTT-1",5,3
"GTAGGTGATCCGTGTA-1",8,5
"GTAGTCGCGGGAATCA-1",8,5
"GTAGTCTACGATATTG-1",8,16
"GTAGTTCGAAGGCGAA-1",9,13
"GTAGTTTAAGCACACG-1",9,11
"GTATAATCTCCCGGAT-1",9,11
"GTATAGGACTCAGTAG-1",4,4
"GTATAGTGGCCCATGT-1",3,8
"GTATATGTTACGGCGG-1",9,10
"GTATCAAACGTTAGCT-1",3,8
"GTATCAAGGTACTTCC-1",4,16
"GTATCAGCTTGGGTTC-1",9,13
"GTATCCTTTGGTAACC-1",5,3
"GTATCTCAGTCTTGAC-1",9,11
"GTATCTCCCTAACTGT-1",3,8
"GTATCTCGGGCGCTTT-1",9,11
"GTATCTTGTTGCTCAC-1",4,4
"GTATCTTTCATAACCA-1",4,4
"GTATGAAATTTCACTC-1",9,11
"GTATGACGTGGGAAAC-1",9,11
"GTATGTGGGTCTAGTT-1",5,3
"GTATTAAGGCGTCTAA-1",9,15
"GTATTCTGAGAAACGA-1",9,13
"GTATTCTTACCGTGCT-1",9,10
"GTCAAAGAAGTGGTGT-1",9,11
"GTCAAAGTTTACATAG-1",9,11
"GTCAACCAGGCCTATA-1",2,2
"GTCAAGCGGACTCGGG-1",8,5
"GTCAATTGTACTGAAG-1",7,7
"GTCACAAAGTTTCCAA-1",4,4
"GTCACCTGTCTATGTC-1",2,2
"GTCACTCATGAGCGAT-1",9,11
"GTCACTCTCCAAATCT-1",9,13
"GTCAGAATAGTCTATG-1",9,13
"GTCAGTTGTGCTCGTT-1",8,5
"GTCAGTTTGGTAGTCG-1",6,15
"GTCATCCCAAACTCAC-1",9,11
"GTCATGCACCTCCGTT-1",4,4
"GTCATGCGCGAGGGCT-1",3,8
"GTCATGGACATGACTA-1",4,4
"GTCATTAGAGCGAACG-1",4,4
"GTCATTGCATTGACCC-1",6,15
"GTCCAATATTTAGCCT-1",7,7
"GTCCAGGCACGTGTGC-1",7,12
"GTCCATTACTGCTACG-1",2,2
"GTCCCAACGTAAAGTA-1",8,5
"GTCCCAATCATCCCGC-1",9,11
"GTCCCGCGACGTTATG-1",8,5
"GTCCGAGAGCAATCAT-1",6,15
"GTCCGGACCTGAAATT-1",5,3
"GTCCGGCTGAATTGCG-1",7,7
"GTCCGGGTTCACATTA-1",4,16
"GTCCGTTAGAGGGCCT-1",8,5
"GTCCTACAGGCGGCTC-1",9,11
"GTCCTACGAATAGTCT-1",5,3
"GTCCTACTCTACGGGC-1",9,11
"GTCCTAGGATACCTTA-1",9,11
"GTCCTATTGTTGTGGT-1",9,11
"GTCCTTCTACAACCCA-1",9,15
"GTCCTTCTAGTGGGTT-1",5,3
"GTCCTTTAATGACTTC-1",2,2
"GTCGAATTTGGGCGCT-1",9,11
"GTCGCCGTTGTGTGTT-1",9,13
"GTCGCGTAACCCGTTG-1",8,5
"GTCGGATATCTCAGAC-1",9,13
"GTCGGATGTAGCGCGC-1",8,5
"GTCGGGAACATGGTAG-1",9,11
"GTCGGGAAGCAGAAAC-1",4,16
"GTCGTACCATCTCGGG-1",4,4
"GTCGTACCTACGATTG-1",6,15
"GTCGTATTGGCGTACA-1",3,8
"GTCGTCAATTATAAGG-1",7,7
"GTCGTTATTCGCTTAT-1",8,5
"GTCTACTCAATTACAA-1",9,15
"GTCTAGTGAGCCGCTT-1",5,3
"GTCTATACACGCATGG-1",7,7
"GTCTATCTGAGTTTCT-1",7,14
"GTCTATTGCATGCTCG-1",2,2
"GTCTATTGGTTCCGGT-1",5,3
"GTCTCAAGGCCCGGCT-1",4,16
"GTCTCCGCCTCAATAC-1",4,4
"GTCTCGACTAAGTTTG-1",2,14
"GTCTCGATCTGCTTTC-1",8,5
"GTCTCGCCAACACGCC-1",8,5
"GTCTGCCGACTCGACG-1",5,3
"GTCTGGGCGGTCGAGA-1",7,12
"GTCTGTAGGTTGAACA-1",9,13
"GTCTTAGTACAGCCGG-1",8,5
"GTCTTCCTCACCTAAG-1",6,15
"GTGAAACGGCGCCACC-1",5,3
"GTGAAACGTGCTCCAC-1",7,7
"GTGAACTCCCATTCGA-1",2,14
"GTGAAGATTTCAAGTG-1",2,2
"GTGAAGCCGTATAGTC-1",2,14
"GTGACAGCTTCCCACT-1",4,16
"GTGACCGCACACTACG-1",5,3
"GTGACGCAGGTTTCAT-1",4,16
"GTGACTTCAGTAGTGC-1",7,7
"GTGAGATAACCTTATA-1",7,12
"GTGAGCGTGCTGCACT-1",9,15
"GTGAGGACACTTAAGG-1",8,5
"GTGAGGAGCGGTTGAG-1",5,3
"GTGAGTCTAAGACGGA-1",9,15
"GTGAGTGGTACAACGC-1",7,7
"GTGATCACTAACGCCT-1",3,2
"GTGATCATAGATCTGC-1",7,7
"GTGATCCTTGTCATGA-1",8,5
"GTGATGCACAACATCT-1",3,8
"GTGATTCGCCGCTCAA-1",9,13
"GTGCAACAAATGTGGC-1",4,4
"GTGCACCAGCTTCAAC-1",7,7
"GTGCACGAAAGTGACT-1",8,5
"GTGCCAAACGTTTCGA-1",9,11
"GTGCCATCACACGGTG-1",9,13
"GTGCCCGTTCGGATTC-1",5,3
"GTGCCGCTTCAAAGGT-1",7,12
"GTGCCTAGCTATGCTT-1",9,10
"GTGCCTCAGTGTACGG-1",3,8
"GTGCCTGAGACCAAAC-1",5,3
"GTGCGAAATCGAACAC-1",7,12
"GTGCGACAGGGAGTGT-1",3,8
"GTGCGCAGCTTGCTCC-1",7,13
"GTGCGCTTACAAATGA-1",7,7
"GTGCGGGACCATCGGC-1",7,7
"GTGCGGGTCTCCAAAT-1",4,4
"GTGCGTGTATATGAGC-1",8,5
"GTGCTATCCAGCTGGA-1",4,4
"GTGCTCAAGTACTGTC-1",7,7
"GTGCTGCAGATAAGGA-1",6,15
"GTGCTGTTAGAACATA-1",8,5
"GTGGAACCTACATGCG-1",8,5
"GTGGACCAACCCGATT-1",6,15
"GTGGACGCATTTGTCC-1",4,4
"GTGGACGTGCTGAGAC-1",7,7
"GTGGAGCGTTTACCGA-1",9,11
"GTGGAGTCGGCGGTTG-1",9,13
"GTGGCAAACAGCGGCA-1",9,11
"GTGGCCTAATATCATT-1",9,15
"GTGGCGGGCCGTAGCT-1",8,5
"GTGGCGGTCCCAGCGT-1",6,6
"GTGGCGTGCACCAGAG-1",2,2
"GTGGCTGTTTCTGTTC-1",5,3
"GTGGGAACAAACCGGG-1",7,7
"GTGGGAAGACTGAATC-1",9,13
"GTGGGCTTAGACACAC-1",7,13
"GTGGTATAGTCTGCCG-1",9,11
"GTGGTCAGCGAAGTAT-1",3,8
"GTGGTGGCCAAGTGAA-1",8,5
"GTGGTTACTTCTTTCG-1",2,14
"GTGGTTTCCGCCTTTC-1",9,11
"GTGTACCTTGGCTACG-1",8,5
"GTGTATATCAGCGGGC-1",8,16
"GTGTATGACTTTAAAG-1",7,7
"GTGTCAGTGTACGTGG-1",7,13
"GTGTCCGATAAGGCAT-1",2,2
"GTGTCGTATAGCGTTC-1",8,5
"GTGTGAATAACTTAGG-1",8,5
"GTGTGAGCCGAGGTGC-1",7,7
"GTGTGTCGACGTCGCT-1",9,11
"GTGTTACTATGCGTCC-1",8,5
"GTTAAAGTAGGACTGG-1",8,5
"GTTAACATCACTTAAA-1",4,4
"GTTAAGGGTGCGATGT-1",4,4
"GTTAATGTCTATCTTA-1",6,15
"GTTACAATTGGTGACG-1",9,13
"GTTACCTACAACTTGC-1",4,4
"GTTACGAAATCCACGC-1",7,7
"GTTACGGCCCGACTGC-1",7,7
"GTTACTTTGGGCCTAG-1",7,7
"GTTAGAGTGTGCCGCT-1",8,5
"GTTAGCCCATGACATC-1",4,16
"GTTATAATACGGTGAA-1",2,2
"GTTATATTATCTCCCT-1",7,7
"GTTATCAAGCTATCGA-1",2,2
"GTTATCACCTTCTGAA-1",4,4
"GTTATTAAATACGACC-1",5,3
"GTTATTAACGTGGGAG-1",1,1
"GTTCAAATCAGATGTC-1",6,15
"GTTCAATCTATGTCAA-1",5,3
"GTTCACAGGAGTCTAG-1",6,6
"GTTCAGTCGCCAAATG-1",4,7
"GTTCATCGTTTGGCTG-1",2,2
"GTTCCAAGACAGCGAC-1",9,11
"GTTCCAGTCTGACCAT-1",4,4
"GTTCCGTCCGCCTGCA-1",7,12
"GTTCGACAATTGTATA-1",9,15
"GTTCGCCATAAGTGCC-1",7,7
"GTTCGCTGAGACGTCT-1",2,14
"GTTCGGGCGTACCATT-1",2,14
"GTTCGTCTAAAGAACT-1",5,3
"GTTCGTTGCGGACCAG-1",7,7
"GTTCTTCCCTCGATGT-1",7,7
"GTTCTTGTAACTCAAT-1",4,4
"GTTGAACCGGTTCCAT-1",7,12
"GTTGAGTCCCGCCGGT-1",8,5
"GTTGCACGGAGTTTCG-1",7,7
"GTTGCCCTAACGGGTG-1",9,11
"GTTGGATTCAGTGGCT-1",3,8
"GTTGGATTGAGAACAC-1",5,3
"GTTGGATTTGCGTTGG-1",7,7
"GTTGGTCATGCTATCC-1",4,4
"GTTGTAGATTTATGAG-1",4,4
"GTTGTCGTGTTAGTTG-1",7,7
"GTTTACGTTCCATCTG-1",4,4
"GTTTATGGGATTTAGA-1",9,15
"GTTTCATATCGTCGCT-1",9,11
"GTTTCCTGGAGGGTGA-1",7,7
"GTTTCTAGAGGCGCGG-1",5,3
"GTTTCTGCAGTCTCCC-1",8,5
"GTTTCTTGTTAGAGCT-1",9,11
"GTTTGACCAAATCCTA-1",4,4
"GTTTGAGCGGTTATGT-1",7,7
"GTTTGGCCCAAGTTAT-1",8,5
"GTTTGGCCGCTCAGCG-1",9,11
"GTTTGGGCTTGTGAGC-1",4,4
"GTTTGGGTTTCGCCCG-1",5,3
"GTTTGGTAGGGTCAAC-1",4,7
"GTTTGGTGATCGGTGC-1",9,13
"GTTTGTTAGCCAAGTA-1",9,11
"TAAACCCAGGAGGGCA-1",9,15
"TAAACGTCGTCAATGA-1",9,11
"TAAAGAGCCCGAAACC-1",7,7
"TAAAGCGGTATTTCCA-1",7,7
"TAAAGCGTTAGGAGAA-1",5,3
"TAAAGCTGCAATAGGG-1",3,8
"TAAAGGAGAAACTAGT-1",5,3
"TAAAGTGCACGTCTCG-1",7,7
"TAAATGAATCCGTTTC-1",9,13
"TAAATGCCGTCTCATG-1",2,2
"TAAATTGTGGGTAAAG-1",4,16
"TAAATTTAGTAACACC-1",7,12
"TAACAAAGGGAGAAGC-1",7,13
"TAACAATATTTGTTGC-1",6,15
"TAACAGCGTTTGTGCT-1",9,13
"TAACAGGTTCCCTTAG-1",4,7
"TAACATACAATGTGGG-1",4,4
"TAACATACACGCGATC-1",9,11
"TAACCGCCCGCAGTGC-1",4,4
"TAACCTACCGTCCGAG-1",3,8
"TAACCTAGGGAGTCCA-1",2,10
"TAACGCTTTGAGAGCG-1",9,13
"TAACTATCGAAGGTCC-1",9,13
"TAACTATTACGCCAAA-1",2,14
"TAACTCATCCGCGCGG-1",7,7
"TAACTCCATGGAGGCT-1",9,15
"TAACTGAAATACGCCT-1",9,11
"TAAGATTTAGCGGGAG-1",7,7
"TAAGCAGGCGACACGC-1",6,15
"TAAGCGCGAATCAAAT-1",9,11
"TAAGGAACTTGTGGGA-1",7,7
"TAAGGCAACATAAGAT-1",4,16
"TAAGGCATAACATCAA-1",7,7
"TAAGGCCCGTCACCCT-1",4,4
"TAAGGCTGAATCCCTC-1",3,2
"TAAGGGCCTGTCCGAT-1",3,3
"TAAGGGCTGGGAGAGG-1",6,15
"TAAGTAAATGTGCCGC-1",3,8
"TAAGTAACATCTTGAC-1",7,13
"TAAGTCGCCGAGTATC-1",9,11
"TAAGTGAATAGTCTAC-1",9,11
"TAAGTTGCGACGTAGG-1",3,8
"TAATAAACAAGGAGAT-1",3,8
"TAATACACAGTAGTAT-1",4,4
"TAATACTAGAACAGAC-1",8,16
"TAATAGAACAGAGTTA-1",9,13
"TAATAGGTCACCAGAA-1",9,11
"TAATAGTGACGACCAG-1",8,5
"TAATATTGAAATTCGC-1",7,7
"TAATCGATCCGTACGT-1",5,3
"TAATGAAAGACCCTTG-1",9,15
"TAATGTCGGTTCATGG-1",9,11
"TAATTACGTCAGTAGA-1",2,2
"TAATTAGATGGATATG-1",9,7
"TAATTAGGACATCCGT-1",2,14
"TAATTGCGCTGATTAC-1",9,11
"TAATTGGAATCGGGAA-1",2,14
"TAATTTCCGTCCAGTA-1",9,11
"TACAAATTGCGGAGGT-1",5,3
"TACAACGCACAACTCA-1",7,7
"TACAAGCTGTTCACTG-1",4,4
"TACAAGGGCTTCTTTA-1",5,3
"TACAAGTCTCGTGCAT-1",9,10
"TACAATGAAACCAGCA-1",7,7
"TACACAGCCGTGGTGC-1",8,16
"TACACCTCTTCGAATC-1",5,3
"TACAGAAACGGTGGGC-1",8,5
"TACATAGGCATACACC-1",4,4
"TACATCCCTATCCCTG-1",6,6
"TACATGACCTTATCCG-1",9,15
"TACATTTCTAACGTGC-1",7,7
"TACCAAATAGCCCAGA-1",7,7
"TACCAATAAAGTACCA-1",8,5
"TACCAGAAGTAGGTTC-1",7,7
"TACCAGCTAGGTTTAA-1",8,5
"TACCAGGAATCCCGTC-1",9,13
"TACCGAATAATTGTAA-1",5,3
"TACCGATCCAACACTT-1",9,11
"TACCGCGGACTTGCAG-1",3,8
"TACCGGCTCACTGCCC-1",4,4
"TACCGGTCGTTTCCAT-1",9,11
"TACCGTAGGTTAACTA-1",7,7
"TACCGTGCCTCGGACC-1",4,4
"TACCTACTCCCAGTAT-1",4,7
"TACCTATCCCTAGAGG-1",9,11
"TACCTCACGCTTGTAC-1",4,4
"TACCTCAGTTGTCTGT-1",7,7
"TACCTCCACACCAATG-1",1,1
"TACCTGCTGCACTGTG-1",9,11
"TACCTTAAGATTTCCC-1",6,6
"TACGAACACGACTTCA-1",7,7
"TACGACGCTTGCTGCG-1",7,7
"TACGACTGCCTCTTAG-1",4,4
"TACGAGAACTTCACGT-1",9,12
"TACGATGTTGATCATC-1",9,13
"TACGCAGTTCTTTCCT-1",7,7
"TACGCCATATTCTAAT-1",4,4
"TACGCCGAGGGTACCC-1",9,10
"TACGCCTCCATTCCGA-1",4,4
"TACGCTATAGAAACCT-1",2,2
"TACGCTCCTAGAACTG-1",7,7
"TACGCTGATAGTTGTA-1",9,11
"TACGCTGCTGTGTTAA-1",9,11
"TACGGAAGCCAAACCA-1",4,16
"TACGGGATGCTAGCAG-1",5,3
"TACGGGTAATAACATA-1",5,3
"TACGTAAAGCGGAGTG-1",2,2
"TACGTACTAGTGCTGA-1",9,13
"TACGTGCACTATGCTG-1",9,13
"TACGTGGGCCCAGGGC-1",8,5
"TACGTTTACCGGCAAT-1",9,13
"TACTACGTGCAATGCG-1",5,5
"TACTATGGTTCCTCAG-1",7,12
"TACTCCTCTAGTTGAC-1",9,11
"TACTCGGCACGCCGGG-1",9,11
"TACTCGTTTGAATCAA-1",5,3
"TACTCTCCGAACAAAT-1",8,5
"TACTCTTTCGTCTTCA-1",7,7
"TACTGAACAGATTTAG-1",7,12
"TACTGAGGGAAGAAAG-1",9,11
"TACTGCAATCAATTAC-1",3,2
"TACTGCATGATTAAAT-1",7,7
"TACTGGACAGCTCGGC-1",6,15
"TACTTGTTAGTAGTCC-1",5,3
"TACTTTACTGAGCCGG-1",3,8
"TACTTTCCGCACGCCA-1",9,11
"TAGAAACACAATAGTG-1",9,11
"TAGAAACCACTAAGTA-1",5,3
"TAGAAAGGTGGCGCTA-1",8,5
"TAGAAATTCACGTATA-1",6,15
"TAGAATAGCCGATGAA-1",3,8
"TAGAATTAAGGGCAAC-1",8,5
"TAGACGAAACGCCAAT-1",4,16
"TAGACGCCCGTACCGG-1",5,3
"TAGACTACCTAGCGTT-1",2,2
"TAGACTCAGTTGGCCT-1",9,11
"TAGAGATCATGCAACT-1",6,15
"TAGAGCTACGAAGAAC-1",4,4
"TAGAGGGAGTTTATCT-1",4,4
"TAGAGGTTCTACTTGT-1",3,8
"TAGAGTCTAAGCGAAC-1",4,4
"TAGAGTGTTCCGGGTA-1",2,14
"TAGATATGGACTGGAA-1",7,7
"TAGATCCGAAGTCGCA-1",8,5
"TAGATGGTTCCTTACT-1",3,8
"TAGATTCAAAGTGCGG-1",7,13
"TAGATTCCTGGTTATT-1",6,15
"TAGCAACCTGTCACAA-1",9,15
"TAGCAGATACTTAGGG-1",3,3
"TAGCAGTATGACTAAA-1",3,8
"TAGCCATGATTGCCTA-1",9,11
"TAGCCATTTCAAAGTC-1",5,3
"TAGCCGGCGGTCAGCG-1",8,5
"TAGCGTCCCTCGATTG-1",2,14
"TAGCGTCCGGTGTGGT-1",8,5
"TAGCGTCGAATATTGA-1",6,15
"TAGCGTTGGGTCTTAC-1",4,4
"TAGCTAAGTCCGGGAG-1",4,4
"TAGCTAGAAGGCATGA-1",7,7
"TAGCTAGTGATGATGG-1",7,7
"TAGCTCGCCTGATAAC-1",7,7
"TAGCTGATGTGAAGCG-1",9,15
"TAGGAACAGCCTCCAG-1",5,3
"TAGGATCTTAACCGCA-1",4,4
"TAGGCATGTTACGCCA-1",5,3
"TAGGCGATGAGGTCTC-1",9,11
"TAGGCTAAAGTGGCAC-1",3,8
"TAGGGAGCTTGGGATG-1",3,3
"TAGGGTGTTTCAAGAG-1",4,4
"TAGGTCCAAGTAAGGA-1",6,15
"TAGGTCGCCGGAACTG-1",3,8
"TAGGTGACGATAACCT-1",8,5
"TAGGTGAGCCCTACTC-1",9,13
"TAGGTGCTCGCCTAGC-1",5,3
"TAGGTGTTCCACAGAT-1",7,7
"TAGGTTCGAGTTCGTC-1",4,4
"TAGGTTCTGCTGAGAA-1",4,4
"TAGTACCACAACTTTC-1",9,11
"TAGTACCTTAGTGGTC-1",9,11
"TAGTAGCTTATACCAG-1",7,13
"TAGTAGTTGCCGGACA-1",8,5
"TAGTCCCGGAGACCAC-1",7,7
"TAGTCCGCAGAGAATG-1",7,7
"TAGTCCGTATGCATAA-1",9,11
"TAGTCCTGCACTAAGC-1",9,11
"TAGTCGATCACGGGTT-1",3,8
"TAGTCTAACAACGAGA-1",9,13
"TAGTCTGCGGCACATT-1",9,13
"TAGTCTGTGACGTTGC-1",2,2
"TAGTGAGAAGTGGTTG-1",7,7
"TAGTGCCCTCCAGAGT-1",7,7
"TAGTGGAACTCATACA-1",5,3
"TAGTGTCAGAAACGGC-1",9,15
"TAGTTAAGATAGGATA-1",5,3
"TAGTTTATTCTTGCTT-1",4,4
"TAGTTTGATCGGTCGC-1",9,11
"TATAAATCCACAAGCT-1",7,7
"TATAAGTGAGGATAGC-1",7,7
"TATACACAGACGCCTT-1",7,7
"TATACACGCAAAGTAT-1",7,7
"TATACGCGTCATCACT-1",4,4
"TATACTCATGCGGCAA-1",9,15
"TATAGAGTCGCTTGAA-1",7,12
"TATAGATGGTCGCAGT-1",3,8
"TATAGCGCACGTTATC-1",9,11
"TATAGCTATTATCTCT-1",2,10
"TATAGGGTACTCATGA-1",6,6
"TATAGTTAGGTGTACT-1",9,11
"TATATAGGGCTTTACG-1",9,11
"TATATATCGAGAAATG-1",9,11
"TATATCAAAGTGATCT-1",9,13
"TATATCATTGATCAGT-1",9,11
"TATATCCCTGGGAGGA-1",3,8
"TATATGCTGGGTTGCC-1",9,15
"TATATTACAAATGTCG-1",2,14
"TATATTCGCGTCGATA-1",4,9
"TATCAAAGGTCTGTAA-1",9,15
"TATCACAGCACGGGCA-1",8,5
"TATCACCATGTAAAGT-1",3,8
"TATCACCCAACCGACC-1",1,1
"TATCACTTCGAGTAAC-1",3,8
"TATCAGTGGCGTAGTC-1",9,11
"TATCCAATTGGTTATC-1",8,5
"TATCCATATCATGCGA-1",4,4
"TATCCATCTCGGTTAG-1",9,11
"TATCCCTCGATCTGCA-1",5,3
"TATCCGCACCGTCGGG-1",7,7
"TATCCTATCAACTGGT-1",7,7
"TATCCTGCATGGGAAT-1",4,4
"TATCGATCTATGCATA-1",5,3
"TATCGATGATTAAACG-1",7,7
"TATCTACAGAGGTAAT-1",9,11
"TATCTACCACAGCGGG-1",4,4
"TATCTAGCCTAAAGGA-1",6,15
"TATCTGAGCCGATATT-1",9,11
"TATCTTGCAATACAAC-1",9,11
"TATGAAGAATTAAGGT-1",3,2
"TATGACCTTGCGCTGG-1",9,11
"TATGATAAATCTAACG-1",5,3
"TATGATCCGGCACGCC-1",2,14
"TATGATCTTCTCTTTA-1",8,5
"TATGATTCTGCTTGGT-1",7,7
"TATGCTCCCTACTTAC-1",4,4
"TATGGAGTTTCTCGTT-1",7,13
"TATGGATGTGCTACGC-1",7,7
"TATGGCCCGGCCTCGC-1",6,6
"TATGGGACCGAGCAGG-1",7,7
"TATGGGTACGTATCGT-1",4,4
"TATGGTCTGAGTAACA-1",7,9
"TATGGTTAGTGGGAGA-1",2,2
"TATGTAAAGTGCTTAA-1",7,13
"TATGTCAAGACCGACT-1",3,8
"TATGTCTCATTGTGCC-1",8,5
"TATTAACACCAAAGCA-1",9,11
"TATTAACCTGACCGCG-1",7,12
"TATTACCATCCTGCTT-1",3,3
"TATTATGTTTGCCTGC-1",9,11
"TATTCAATTCTAATCC-1",8,5
"TATTCCACTCAGCTCG-1",7,7
"TATTCCGAGCTGTTAT-1",5,3
"TATTCCGGCAGTCCTA-1",4,4
"TATTCCTCCGCCCACT-1",9,11
"TATTCGTGCCAGAATA-1",4,4
"TATTTAGTCTAGATCG-1",4,4
"TATTTATACCGAGTAG-1",8,5
"TATTTGTTACCCTTTA-1",7,7
"TCAAACAACCGCGTCG-1",4,4
"TCAAACTTAGATTGTT-1",4,4
"TCAAAGAGCTATCTGT-1",9,11
"TCAAAGTCACGGCGTC-1",9,11
"TCAAATTGTTGTGCCG-1",8,16
"TCAAATTTGAGACTCA-1",4,4
"TCAACAAAGATAATTC-1",9,11
"TCAACACATTGGGTAA-1",7,7
"TCAACATAGCGCCCTA-1",7,7
"TCAACATCGACCGAGA-1",6,6
"TCAACCATGTTCGGGC-1",7,7
"TCAACGAGGAGACAAA-1",4,4
"TCAACGCAGGAAATAA-1",9,13
"TCAACGCGACCGGCAG-1",6,11
"TCAACTAACGTATAAC-1",6,15
"TCAACTGCAGAGTCAG-1",2,14
"TCAAGAAATACTAGCT-1",2,14
"TCAAGGTTACTACACC-1",2,2
"TCAATACAATTGCTGC-1",6,15
"TCAATACGCCGTCATG-1",7,12
"TCACAAACCGAGGTAC-1",5,3
"TCACAGCAAACTCGAA-1",7,7
"TCACAGGAGAATAAGA-1",7,12
"TCACAGGGAATCGCAA-1",8,5
"TCACAGGTTATTGGGC-1",7,7
"TCACATCTTATCTGAT-1",6,15
"TCACCCTCTTAAGATT-1",4,4
"TCACCGCTCGGCACTC-1",5,3
"TCACGATGTCCGTGGA-1",6,15
"TCACGATTAATACGTT-1",6,15
"TCACGCATTGTAGATC-1",7,7
"TCACGGCCCAAGAGAG-1",9,11
"TCACGGTCATCGCACA-1",7,7
"TCACGTGCCCGATTCA-1",4,4
"TCACTACGACCAATGC-1",3,8
"TCACTATCCCTTCGGT-1",2,2
"TCACTATCGTGCAATC-1",7,7
"TCACTCAGCGCATTAG-1",7,7
"TCACTCGTGCAACGGC-1",3,8
"TCACTCTTCGTCTGTC-1",1,1
"TCAGAACCTCCACAGG-1",2,14
"TCAGAACGGCGGTAAT-1",8,5
"TCAGACGCTATAGAAG-1",4,16
"TCAGAGGACGCGTTAG-1",5,3
"TCAGCAAATGCATCTC-1",8,5
"TCAGCAGTAGGCCCTG-1",9,13
"TCAGCCAATCCGTAAA-1",2,14
"TCAGCGCACGCCGTTT-1",8,5
"TCAGCTTGAGCTTTCG-1",9,11
"TCAGGGCGACTTCCTT-1",9,15
"TCAGGGCGCAAACTCG-1",9,11
"TCAGGGTGCACGAAAC-1",3,8
"TCAGGGTGTAACGTAA-1",8,5
"TCAGGTTCTTTGAGAA-1",7,7
"TCAGTACTGACCCGCG-1",9,13
"TCAGTAGGGACTATAA-1",7,7
"TCAGTGTATACGTCAT-1",9,11
"TCAGTTACGGAATGAT-1",5,3
"TCATACTTACAGATCC-1",9,15
"TCATATGAGCTTTGTT-1",7,12
"TCATCACTCGAGCTCG-1",9,13
"TCATCCATCTGATCAC-1",9,11
"TCATCCCAGAGGGTGG-1",8,5
"TCATCCTCAGCTGCTT-1",5,3
"TCATCGACGACCGTCG-1",8,5
"TCATCGATGGTCCCAA-1",9,11
"TCATGAAGCGCTGCAT-1",9,11
"TCATGCAGGTTCTCAT-1",5,3
"TCATTTAAGTCTCCGA-1",3,8
"TCCAACTCAGCTATCT-1",5,3
"TCCAACTTTAAATTCT-1",7,12
"TCCAAGCCTAGACACA-1",8,5
"TCCAATAAAGGCTACC-1",7,7
"TCCAATGCGTCGCCGC-1",9,11
"TCCACAATGGTTTACG-1",9,13
"TCCACATCGTATATTG-1",4,4
"TCCACCTCTAGCCTTT-1",7,7
"TCCACTTTATCTAGGT-1",8,5
"TCCAGAGCACCGGTTC-1",4,4
"TCCAGGCAGGACGATC-1",7,7
"TCCAGGCGAGTACGGT-1",4,4
"TCCAGGGTATATACGA-1",7,7
"TCCATCAATACTAATC-1",9,11
"TCCATTAGTTGGATAG-1",9,11
"TCCATTGTGACCTCGT-1",8,5
"TCCCAAACAGACAACG-1",2,14
"TCCCAAACATCCTCTA-1",9,13
"TCCCAAAGACGAAGGA-1",4,4
"TCCCAATATCGACGAC-1",2,10
"TCCCACGGAGGGAGCT-1",5,3
"TCCCACTCTCTTCCGG-1",2,14
"TCCCAGCTTTAGTCTG-1",7,7
"TCCCAGGCTTAGCTAA-1",7,7
"TCCCGCGTACTCCTGG-1",4,4
"TCCCGGGTGTGCTGCT-1",9,13
"TCCCGGTCAGGAATTT-1",7,7
"TCCCGTCAGTCCCGCA-1",8,5
"TCCCGTGTGCAATTTG-1",8,5
"TCCCTCCGAAATCGTT-1",9,11
"TCCCTGGCGTATTAAC-1",9,11
"TCCCTGGCTCGCTGGA-1",9,15
"TCCCTTAGATTACTCG-1",5,3
"TCCGAACTTGGCTTAC-1",9,11
"TCCGACCGCTAATCAA-1",7,13
"TCCGAGAAGGCTAAGC-1",7,7
"TCCGATAATTGCCATA-1",4,4
"TCCGATGACTGAGCTC-1",3,8
"TCCGATGGTGCGACAT-1",7,7
"TCCGATTACATTGCCG-1",6,6
"TCCGCCTGTCTACAAG-1",4,16
"TCCGCGGCAGCATCTG-1",8,5
"TCCGCGGCCCAATGAA-1",3,8
"TCCGCTGGGTCGATCG-1",9,11
"TCCGCTGTCATCCCGG-1",8,5
"TCCGCTTATCCCATTA-1",4,4
"TCCGGAGGAAGGGCTG-1",1,14
"TCCGGCCTAGCGTACA-1",3,8
"TCCGGCCTGCATCGAT-1",5,3
"TCCGGGCCACTAACGG-1",2,14
"TCCGGGCTTGACGGGA-1",5,3
"TCCGGTTCGTCCGGTC-1",7,7
"TCCGTAACCACAATCC-1",9,11
"TCCGTTAAGCTAATAT-1",3,8
"TCCGTTTAGCCTTGAA-1",5,3
"TCCTAAAGATTCAGAC-1",8,5
"TCCTAAATTGGGAAGC-1",4,4
"TCCTAACCGTCGGGCA-1",7,12
"TCCTACATCCACGGCC-1",8,5
"TCCTAGCAAAGAAGCT-1",7,12
"TCCTCCTAAGACATTC-1",9,11
"TCCTCGGGCTGGGCTT-1",8,5
"TCCTCTACGAGATGGC-1",9,13
"TCCTCTCCAGTTGTCC-1",6,15
"TCCTCTGGCCCATTAG-1",5,3
"TCCTGCAGCCGCCAAT-1",8,5
"TCCTGCCAACTGGAGA-1",5,3
"TCCTGCGTTGATACTC-1",9,11
"TCCTGGCGCTGCCTGG-1",2,14
"TCCTTACGACGGTCCG-1",3,8
"TCCTTCAATCCCTACG-1",9,11
"TCCTTCAGTGGTCGAA-1",8,5
"TCCTTGTCCTTTAATT-1",4,16
"TCCTTTAAATCCGCTT-1",5,3
"TCCTTTCTTACGCTTA-1",4,4
"TCGAAATTTAGGACCA-1",7,7
"TCGAAGAACCGAGCAC-1",3,8
"TCGAATATCCCGCAGG-1",9,11
"TCGAATCGCAGGGTAG-1",7,7
"TCGACAACTGAACCCG-1",9,11
"TCGACATAGCGTAGCG-1",9,13
"TCGAGACCAACACCGT-1",7,7
"TCGAGCCAGGCAGGCC-1",9,11
"TCGAGTCTACGATTCG-1",9,11
"TCGATAGGCTAGTCGC-1",7,4
"TCGATGTTACGGCCGT-1",6,15
"TCGATTTACGAAACGA-1",4,4
"TCGCAAAGATGCATTT-1",8,16
"TCGCACCAGGAGGCAG-1",8,5
"TCGCACTAACGTTTGT-1",9,11
"TCGCATCCCTAAGTGT-1",9,11
"TCGCATTCAATGACTT-1",7,7
"TCGCCACCCGGATTAC-1",9,11
"TCGCCCACTGCGAGAG-1",9,11
"TCGCCGAAGTTGCGTC-1",6,6
"TCGCCGACATATTCGC-1",8,5
"TCGCCGCACCGCGTGA-1",9,11
"TCGCCGGATGGGCAAG-1",6,15
"TCGCCGGTCGATCCGT-1",4,4
"TCGCCTCCTTCGGCTC-1",3,8
"TCGCGCGTTTACATGA-1",9,11
"TCGCGTCCAGAAGGTC-1",9,13
"TCGCTAAACCGCTATC-1",5,3
"TCGCTACTGGCTTTGA-1",4,16
"TCGCTCGATATATTCC-1",4,4
"TCGCTCGGCACCAGCG-1",2,14
"TCGCTGCCAATGCTGT-1",8,5
"TCGCTGGGCGGATTGT-1",8,5
"TCGCTGTGCGTAAATC-1",7,7
"TCGCTTTAAACGTTTG-1",5,3
"TCGGAATGACCATCAA-1",5,3
"TCGGAATGCGCTCTGA-1",9,15
"TCGGACGCCCAGCCCA-1",8,5
"TCGGAGAGTATCGGGA-1",6,11
"TCGGAGTACATGAGTA-1",8,5
"TCGGAGTCCTGGTTGC-1",9,11
"TCGGATCTGGATGACC-1",9,11
"TCGGCGAACCCAAACC-1",2,2
"TCGGCGTACTGCACAA-1",9,11
"TCGGCTAACTTCCCTT-1",5,3
"TCGGCTTGTATCGACG-1",3,8
"TCGGGAACGTGCCTAG-1",2,14
"TCGGGAGACAGCGTAC-1",4,16
"TCGGGATTCAAACATA-1",9,15
"TCGGGCACTTCTGGAT-1",7,7
"TCGGGCCGTCGTGGTA-1",5,3
"TCGGGTGAAACTGCTA-1",4,4
"TCGGTCCCGACAATAG-1",9,11
"TCGGTCCCTGACTCCA-1",3,8
"TCGGTTAGCCATGTAG-1",3,8
"TCGTAAGACGACATTG-1",8,5
"TCGTAAGCTCCGAGGA-1",2,14
"TCGTACCGACGTCAAG-1",7,7
"TCGTATAGTGCAATTA-1",4,4
"TCGTATTACCCATTGC-1",6,15
"TCGTATTTCGTCCGGA-1",5,3
"TCGTCAAGTACGCGCA-1",9,11
"TCGTCACACTGTTAGC-1",6,15
"TCGTCCGCTGGCGTCT-1",7,7
"TCGTCTTAGGCGTTAA-1",8,5
"TCGTGTACTATGGATG-1",8,10
"TCGTGTCACGCTGACA-1",6,11
"TCGTTAGGAGTCCCTA-1",1,1
"TCGTTCGTTATTATGT-1",4,4
"TCGTTGACAGGGTCCC-1",6,15
"TCGTTGCTATCCGGTC-1",7,13
"TCGTTGGCTCGTCAAT-1",9,15
"TCGTTTACGCGACCCT-1",5,3
"TCTAAAGAACAGTCTC-1",9,11
"TCTAACTGTATGTAAA-1",6,15
"TCTAATACTGCCTCAG-1",9,11
"TCTACACGTTCATGCA-1",3,8
"TCTACCCAATAGAGAG-1",2,14
"TCTACCGTCCACAAGC-1",4,4
"TCTACGCACGATCTCC-1",9,13
"TCTAGCAATCTCCGCC-1",9,13
"TCTAGCATCTTCGATG-1",7,7
"TCTAGCATGCCCAGAA-1",4,4
"TCTAGGTGGCGACGCT-1",3,8
"TCTAGTGATATCGTGG-1",3,8
"TCTAGTTATCAGAAGA-1",7,7
"TCTATCATGCAGTTAC-1",7,7
"TCTATCCGATTGCACA-1",8,5
"TCTATCGGTCGCAACA-1",4,4
"TCTATGCTATAACGAC-1",5,3
"TCTATTACGCTGGCGA-1",7,7
"TCTATTACTAGAGGAT-1",9,11
"TCTCAAATCAATCGGG-1",5,3
"TCTCATGAGATAGGGT-1",8,5
"TCTCCAACGTAGGTTA-1",8,5
"TCTCCACAAGTTGAAT-1",5,3
"TCTCCCTGGGCAGCGT-1",8,5
"TCTCGAACGAGGTCAC-1",3,8
"TCTCGGCTCCAGGACT-1",9,11
"TCTCGTGTTACGAGGA-1",9,11
"TCTCTAATAGCTGGTA-1",4,4
"TCTCTTACCGCGAACC-1",7,12
"TCTGAACCGGTCGGCT-1",7,7
"TCTGAACTCGTACCCG-1",3,2
"TCTGAAGCACGTGGTC-1",8,5
"TCTGAATTCCGTACAA-1",5,16
"TCTGATGTATTCTGTC-1",8,5
"TCTGCAGATTCGAGTC-1",9,15
"TCTGCATACCTTGCTT-1",3,8
"TCTGCCAGAAACTGCA-1",8,5
"TCTGCGTCCGGTTTCT-1",9,11
"TCTGGCGCAAGCCGGG-1",6,15
"TCTGGGAACCTTTGAA-1",3,8
"TCTGGGTAGCGCTCAT-1",9,13
"TCTGTCATACAAGAGC-1",7,7
"TCTGTGCCATCATAGT-1",8,5
"TCTGTGGCTACATTTC-1",7,7
"TCTGTTACCCAGCATA-1",9,11
"TCTGTTTAGATTGTTC-1",9,15
"TCTTAACTCGGATGTA-1",9,11
"TCTTACAGAGGTACCG-1",7,7
"TCTTACCGGAACTCGT-1",5,3
"TCTTACGGCATCCGAC-1",6,15
"TCTTACTTATGCCTCT-1",5,2
"TCTTAGAGCTCCAATT-1",1,1
"TCTTAGAGTGAACTCT-1",3,8
"TCTTATGGGTAGTACC-1",4,4
"TCTTCCCATGGGCACA-1",3,8
"TCTTCGAATAGACGTT-1",4,5
"TCTTCGATACCAATAA-1",4,4
"TCTTCTATAACCCGCC-1",2,14
"TCTTGATGCGTAGCGA-1",4,4
"TCTTGCTCCCGATACT-1",4,4
"TCTTGGTAACACCAAA-1",4,4
"TCTTGGTCAATGATAC-1",9,11
"TCTTTAAGACTATGAA-1",3,8
"TCTTTCATCCGTCCTT-1",9,11
"TCTTTCTCTTAAGGAG-1",5,3
"TGAAACCTCAACTCAC-1",9,6
"TGAAACTTATGCAAGC-1",8,5
"TGAAAGGACCTGACTC-1",8,5
"TGAACAAGCAGGGACT-1",2,14
"TGAACTGCTATGACTT-1",9,11
"TGAAGAGCGGTCCTAG-1",9,11
"TGAAGTAGCTTACGGA-1",9,15
"TGAATACCGACGCGTA-1",8,5
"TGAATGAGTGTTTCCC-1",7,7
"TGAATGTCAGCCGGCC-1",2,14
"TGAATTTCACTTGCCT-1",9,11
"TGACAACTTAAAGGTG-1",9,12
"TGACACTTCTCTTTGC-1",1,1
"TGACAGAAATCTTGCT-1",9,11
"TGACAGGACAAGTCCA-1",9,11
"TGACATATATGACGAT-1",9,11
"TGACATCGAGCGGACC-1",3,8
"TGACATGTAACGTGAC-1",4,4
"TGACCAAATCTTAAAC-1",4,4
"TGACCAGCTTCAAAGT-1",3,2
"TGACCCAACTCACATT-1",9,13
"TGACCCACGTTAGACA-1",7,7
"TGACGAATATTTCCCT-1",6,11
"TGACGATGCACTAGAA-1",5,3
"TGACTATAATCCTTTC-1",4,4
"TGACTCCGAATCATAC-1",9,11
"TGAGAATGCTTTACCG-1",4,4
"TGAGACGTACCTCTCA-1",9,15
"TGAGAGATTTACCACG-1",5,3
"TGAGATCAAATACTCA-1",5,9
"TGAGATTAGGCCCTAA-1",3,8
"TGAGCAGTCGTGAAGT-1",7,7
"TGAGCCATACAGTCTC-1",9,13
"TGAGCGGAAAGTGTTC-1",4,4
"TGAGCTTTAATGACGC-1",5,3
"TGAGGAGTGCCAGCTT-1",7,7
"TGAGGCATGTACTGTG-1",9,11
"TGAGGTGTGTGGCGGA-1",7,7
"TGAGGTTGATCCCAAG-1",7,7
"TGAGTAAATTAGCGTA-1",7,7
"TGAGTGCCTCTTAAAT-1",6,13
"TGAGTGGTCCGTGACG-1",8,5
"TGATACATTTAGCCGT-1",9,13
"TGATAGCGGGATTCTA-1",6,15
"TGATCACCACACTGAC-1",7,7
"TGATCAGGGAACTGCT-1",6,6
"TGATCCCAGCATTAGT-1",2,14
"TGATCGGTTTGACCCT-1",7,7
"TGATCTACGCTGATCT-1",3,8
"TGATCTATCACACTCT-1",5,3
"TGATCTCCGGCGCCAG-1",7,7
"TGATGTCAATTAAGTG-1",2,2
"TGATTCAGGTCCCGCG-1",9,11
"TGATTCCCGGTTACCT-1",7,13
"TGATTCGTCTATCACT-1",7,12
"TGATTCTGTCGCCGGT-1",1,1
"TGATTTATTAGCTGTG-1",9,13
"TGATTTCCTCCTGACG-1",9,13
"TGCAAACCCACATCAA-1",9,11
"TGCAAACGTACTAGTT-1",7,7
"TGCAAAGTTCGTCTGT-1",4,4
"TGCAACCCATCTGCGG-1",5,5
"TGCAACTACTGGTTGA-1",5,3
"TGCAAGAATGACGTAA-1",4,4
"TGCAATCTAACACGGT-1",5,3
"TGCAATTTGGGCACGG-1",2,14
"TGCACAGTGAAGTTAT-1",2,2
"TGCACGAGTCGGCAGC-1",8,5
"TGCAGAACTATATCGT-1",6,6
"TGCAGAGTACCGAGCA-1",7,12
"TGCAGATCGTCCTAGG-1",9,11
"TGCAGCTACGTACTTC-1",9,11
"TGCAGGATCGGCAAAG-1",8,5
"TGCAGTGGTAGGGAAC-1",9,11
"TGCAGTTTCCTCCCAT-1",5,3
"TGCATATGTCTGTCAC-1",5,5
"TGCATGGATCGGATCT-1",4,4
"TGCATGTGACCCATAG-1",7,13
"TGCATGTGGTAATCTA-1",8,5
"TGCCAAAGTCAGACTT-1",6,15
"TGCCAATGGGTACTCT-1",7,7
"TGCCACACTAGAGGAA-1",9,11
"TGCCACCTGGCGAAAC-1",8,5
"TGCCAGTACGTGGAGA-1",4,4
"TGCCATGGCTTATAAG-1",3,8
"TGCCATTACTAAAGAA-1",5,3
"TGCCCGATAGTTAGAA-1",8,5
"TGCCCGTACCGTTAAA-1",8,5
"TGCCGGATGTACGAGC-1",9,11
"TGCCGTGGATCGTCCT-1",4,16
"TGCCGTGGGACCCAAT-1",4,4
"TGCCGTTCTTAATCGG-1",9,11
"TGCCTAATTGAAGATT-1",2,2
"TGCCTGACATCGGTCA-1",9,11
"TGCCTGATCAAACGAT-1",8,5
"TGCCTTGGCCAGGCAA-1",8,5
"TGCGAATATGGGATTT-1",9,11
"TGCGACACCCTAGTGC-1",7,12
"TGCGACGGCCGAACGT-1",9,11
"TGCGAGAATATTACCC-1",9,13
"TGCGAGCCCTTCCGCG-1",2,2
"TGCGATGCTAATGGCT-1",9,11
"TGCGCAAAGCATTTGG-1",4,4
"TGCGCGATTAACGGAG-1",7,7
"TGCGGACTTGACTCCG-1",4,16
"TGCGGAGTAAAGGTGC-1",4,16
"TGCGGCATAGTTCAAC-1",4,4
"TGCGGGTATTGGGATC-1",8,5
"TGCGGTCTACGAGTAA-1",3,8
"TGCGGTGAAATTTCAT-1",4,4
"TGCGTAAGAACCTGAT-1",7,12
"TGCGTACGGCTAATTG-1",2,2
"TGCGTCATGACTGAGC-1",9,11
"TGCGTTTGTTGACACT-1",8,5
"TGCTAAGTGTCTATTT-1",5,3
"TGCTATACAAACGGAC-1",4,4
"TGCTATGGCAAAGGGA-1",9,11
"TGCTCAAAGGATGCAC-1",9,11
"TGCTCCACAGTTCTTA-1",2,2
"TGCTCGGCGAAACCCA-1",4,4
"TGCTCGGTGGGTCACC-1",4,16
"TGCTCTTGAGAGTTTG-1",4,4
"TGCTGGTTGGACAATT-1",7,7
"TGCTGTTGAAGAACTC-1",4,4
"TGCTTCCCAAGCAGTA-1",4,4
"TGGAAACGGAGTGAAC-1",3,10
"TGGAACCACTGACACA-1",2,2
"TGGAAGAAGGGAACGT-1",9,13
"TGGAAGACGAACACCA-1",7,7
"TGGAAGGATAAAGATG-1",4,4
"TGGAATATCCTTGACC-1",2,14
"TGGAATTAGACGCTTT-1",9,11
"TGGACACCGTTGCTTG-1",9,11
"TGGACCAATCTAAGAT-1",8,5
"TGGACCACGGCGTTGA-1",9,10
"TGGACGCAATCCAGCC-1",9,11
"TGGACTGTTCGCTCAA-1",4,16
"TGGAGAATAATCGTCC-1",7,12
"TGGAGCTAAAGTTCCC-1",8,5
"TGGAGTGATGCGATGA-1",7,12
"TGGATGGCATCTTGGA-1",7,7
"TGGCAAACTAAATTAC-1",8,5
"TGGCAACTCGCGCGCC-1",5,3
"TGGCAAGCACAAGTCG-1",7,7
"TGGCAATGGGACGGCG-1",2,2
"TGGCACGAGCTCGAGT-1",2,2
"TGGCAGATTACGATCA-1",4,4
"TGGCAGCAGTAATAGT-1",4,4
"TGGCATGAAGTTTGGG-1",9,11
"TGGCCAAACTGAAGTA-1",8,5
"TGGCCAATTTGGTACT-1",9,11
"TGGCCGTATATTGACC-1",7,13
"TGGCGACTGCTCCAAA-1",7,13
"TGGCGATCAAGTTATG-1",7,7
"TGGCGGTGTGCGATTG-1",7,7
"TGGCTACACTCTACCT-1",3,8
"TGGCTATGTGACATAC-1",8,5
"TGGCTCTTGTCGCGTA-1",9,11
"TGGCTTATGTATAATG-1",9,11
"TGGCTTTGGGTAGACA-1",4,4
"TGGGAAATGCCTTTCC-1",9,13
"TGGGATGCACTCATTC-1",3,8
"TGGGCAATAGTTGGGT-1",2,14
"TGGGCACAAACAGAAC-1",7,7
"TGGGCACGTTCTATGG-1",8,5
"TGGGCCACAAGAGCGC-1",8,5
"TGGGCCCATACTAATT-1",5,3
"TGGGCGATACAATAAG-1",4,16
"TGGGTAAGGTTCCCGC-1",8,5
"TGGGTGCACAAGCCAT-1",5,3
"TGGGTGTAATAGATTT-1",2,2
"TGGGTGTTAAGTAGAA-1",4,4
"TGGGTTCCCGGACGGA-1",9,15
"TGGGTTTCGGGCGTAC-1",9,11
"TGGTAAGCAGGATTGA-1",9,15
"TGGTAGAATATATGGG-1",3,2
"TGGTATCGCATCCCAA-1",8,5
"TGGTATCGGTCTGTAT-1",4,4
"TGGTCCCACGCTACGG-1",8,5
"TGGTCGATATACCTCT-1",9,13
"TGGTCGGGTACAGGGC-1",9,11
"TGGTCGTGCAAGGCAA-1",9,11
"TGGTCTAGCTTACATG-1",6,15
"TGGTCTGTTGGGCGTA-1",6,15
"TGGTGATCGTATTTGT-1",9,15
"TGGTGCCCTGCCTTAC-1",7,7
"TGGTTAACTTACATTT-1",9,11
"TGGTTATGCTTGCGGT-1",9,15
"TGGTTCAACGGGTAAT-1",8,5
"TGGTTCGTAGCAAAGG-1",4,7
"TGGTTGGAGGATCCTG-1",3,8
"TGTAACTTGTCAACCT-1",7,7
"TGTAAGACTGATAAGA-1",9,11
"TGTAATGACCACAATA-1",9,13
"TGTACCCGACCCTAAT-1",9,11
"TGTACCTACACGAGGG-1",5,3
"TGTACGAACAAATCCG-1",7,7
"TGTACGCTATCAGCTT-1",5,3
"TGTACTATCGCTCGTT-1",3,8
"TGTACTGTGCCAAAGT-1",7,7
"TGTAGCCAATTCCGTT-1",8,5
"TGTAGGAGAAATTTCC-1",5,3
"TGTAGTGATCTATAAT-1",9,13
"TGTATAACAGATCCTG-1",8,5
"TGTATCCTTATTCCAT-1",7,7
"TGTATGGCGCAGACAG-1",5,3
"TGTATTTACCTAATGC-1",2,2
"TGTCATTTGTTGGGAA-1",2,14
"TGTCCACGGCTCAACT-1",3,8
"TGTCCCGACATAGCAC-1",4,4
"TGTCCGCAAACAATTC-1",7,7
"TGTCCGTGGCGCCTTT-1",6,15
"TGTCCTAAGTCACCGC-1",6,15
"TGTCGGCATGGTGGAA-1",9,11
"TGTCGTGGGTATAGGC-1",4,4
"TGTCGTTATCACATAT-1",9,11
"TGTCTACAGTTTCTGT-1",4,4
"TGTGACTACGCCAGTC-1",8,5
"TGTGAGACTAGCCCAA-1",4,16
"TGTGATTCCAGCGCTT-1",5,3
"TGTGCCGGTGCCGGAA-1",3,8
"TGTGCTTTACGTAAGA-1",6,15
"TGTGGAGGAAGCTTAA-1",4,4
"TGTGGCAAAGCGTATG-1",5,3
"TGTGGCGGGCTTCTGG-1",7,7
"TGTGGTTGCTAAAGCT-1",7,7
"TGTGTCGAAGTCGAGG-1",9,11
"TGTGTCGCGAGTTGCA-1",9,13
"TGTGTGACCATGAATC-1",9,11
"TGTGTTCGTATCCAAG-1",9,15
"TGTTATTGTATGTGGC-1",5,3
"TGTTCATAAATGTGCT-1",9,15
"TGTTCCGCTTCCATGA-1",7,7
"TGTTCCGGCCTGAGCT-1",4,4
"TGTTCGTATTGCGGTG-1",4,4
"TGTTCTTCCATTGACT-1",7,7
"TGTTGGCTGGCGGAAG-1",9,11
"TGTTGTCAAGAAGTCT-1",5,3
"TGTTTAATACTTCATC-1",8,5
"TGTTTCGGTACTTCTC-1",4,4
"TGTTTCTGAAGCGTGC-1",9,11
"TTAAACAGAGTCCCGC-1",3,10
"TTAAACCGGTAGCGAC-1",4,4
"TTAAACCTGGTTCCTT-1",6,15
"TTAAACTCGAATTCAT-1",3,8
"TTAAAGGCGATGCTCG-1",7,7
"TTAAAGTAAGTCGCCA-1",2,2
"TTAACACCTCGAACAT-1",9,15
"TTAACCAACCCTCCCT-1",4,4
"TTAACGTCGCAAGACC-1",4,4
"TTAACGTTAAAGCCTG-1",9,15
"TTAACTCACGCGTGGA-1",9,15
"TTAACTTCAGGTAGGA-1",6,15
"TTAAGACGAACGAACC-1",3,2
"TTAAGATACCCAGAGA-1",9,11
"TTAAGATAGGATTGAC-1",3,3
"TTAAGCCGACAACTTC-1",8,5
"TTAAGCGCCTGACCCA-1",7,7
"TTAAGGATACGGAGGT-1",7,7
"TTAAGGCCCGTACTTT-1",9,11
"TTAAGTATTGTTATCC-1",5,3
"TTAATCAGTACGTCAG-1",8,5
"TTAATGCGAGGTAACT-1",8,5
"TTAATGTAGACCAGGT-1",4,4
"TTAATTGCTTTGGGTG-1",8,16
"TTAATTTCAGACGCGG-1",8,5
"TTACAACTACGCATCC-1",7,7
"TTACAGACCTAAATGA-1",3,8
"TTACATCGTGGCCTGG-1",7,13
"TTACATGCCACAACTA-1",2,2
"TTACCATTGATTACCC-1",6,15
"TTACCCATTGCCGGGT-1",5,3
"TTACCCTAACAGTCCT-1",6,15
"TTACCCTAGGGATTGG-1",7,7
"TTACCGCCTTAGGGAA-1",9,10
"TTACGGATGGTTCGAG-1",5,3
"TTACGGTGTCACCGAG-1",7,7
"TTACGTAGCGCGTGCT-1",2,2
"TTACTAAAGGACTTTA-1",8,5
"TTACTATCGGCTTCTC-1",6,15
"TTACTCCGGCCGGGAA-1",8,5
"TTACTCTGGTACGTAC-1",9,15
"TTACTGGGATATTTCA-1",7,7
"TTACTGTTTCTCTACG-1",8,5
"TTAGAAGAACATGACT-1",4,4
"TTAGAATAAGGGTCGG-1",1,1
"TTAGACACGATCGTTG-1",5,3
"TTAGACGAGTCACCTC-1",8,5
"TTAGAGGGATATACAG-1",9,11
"TTAGAGTATTGTCGAG-1",9,13
"TTAGAGTTTAGAAGGA-1",5,3
"TTAGATAGGTCGATAC-1",3,10
"TTAGCAACATGGATGT-1",9,13
"TTAGCATCCCTCACGT-1",9,11
"TTAGCCATAGGGCTCG-1",9,13
"TTAGCGAATAGATAGG-1",3,8
"TTAGCTAATACGATCT-1",3,8
"TTAGCTCTGTAATCCG-1",6,15
"TTAGCTGATTTGCCGT-1",5,3
"TTAGGTCATAACCGAC-1",9,11
"TTAGTAAACCTGCTCT-1",5,3
"TTAGTAGGGCGGCGGG-1",6,15
"TTAGTTATTCGTGGCA-1",5,3
"TTATAGATGCACATTA-1",4,4
"TTATAGGTAATTGTCT-1",4,16
"TTATATACGCTGTCAC-1",4,16
"TTATATTTGGCAATCC-1",4,4
"TTATCATACTCGCAAA-1",3,10
"TTATCCAATCGAACTC-1",9,13
"TTATCCGGGATCTATA-1",5,3
"TTATCCTCAAGGAATA-1",9,11
"TTATCGCCTGCGAAGC-1",6,15
"TTATCTGACATTAGGA-1",9,11
"TTATCTGTATCATAAC-1",4,4
"TTATGAATGAAAGGGA-1",4,4
"TTATGACAAACTGGAT-1",9,13
"TTATGATCTTAACGAA-1",8,5
"TTATGCGTCCCGGTCC-1",7,7
"TTATGTTTGCGATAGA-1",6,15
"TTATTAGAGCGTGTTC-1",4,16
"TTATTAGGGAAGCATC-1",4,4
"TTATTTCATCCCAAAC-1",3,10
"TTCAAAGTCTCTAGCC-1",4,16
"TTCAACGACCCGACCG-1",7,7
"TTCAAGCCGAGCTGAG-1",8,5
"TTCAATACTCTGAATC-1",5,3
"TTCAATTAGCCATAAT-1",5,3
"TTCACGAAAGGATCAC-1",7,7
"TTCACGGTCGTCACGT-1",9,15
"TTCACTCGAGCACCTA-1",4,4
"TTCACTTCCTAGAACG-1",7,7
"TTCAGAGTAACCTGAC-1",9,10
"TTCAGCCCTGGTCCAC-1",5,3
"TTCAGCTGGCGTGCCC-1",3,8
"TTCAGGCGTCAAAGCC-1",6,6
"TTCAGTTCAAGAGGAG-1",7,12
"TTCAGTTTGTGGCAGC-1",6,15
"TTCATAGCCTTGTAAC-1",3,10
"TTCATAGGGTGTCCAT-1",6,15
"TTCATGGCGCAACAGG-1",8,5
"TTCCAATCAGAGCTAG-1",3,8
"TTCCAATCTGGCTATC-1",7,13
"TTCCACACAGATTTGA-1",7,7
"TTCCACATTTCTCGTC-1",5,3
"TTCCAGTGGGTTTCGT-1",7,7
"TTCCATCATGCGGTGA-1",3,8
"TTCCATCGACAGCGTG-1",2,10
"TTCCCGACGCTTCACT-1",3,8
"TTCCCGGCGCCAATAG-1",9,11
"TTCCGCAGAGAAATAT-1",3,2
"TTCCGCGTGAGGCGAT-1",4,4
"TTCCGGCCTTGAGGCT-1",7,13
"TTCCGGTTACCCACTT-1",5,3
"TTCCTCGAGGGTGTCT-1",7,7
"TTCCTCGGACTAACCA-1",8,5
"TTCCTCTGCCCGAATA-1",9,15
"TTCCTTTCTGTGTTGC-1",9,11
"TTCGAACGAAACATGC-1",7,12
"TTCGACAGAGCCCGTG-1",4,4
"TTCGACGGGAAGGGCG-1",7,7
"TTCGCACTCGCGTGCT-1",7,7
"TTCGCACTGTACGACA-1",7,7
"TTCGCATCCGGAAGCA-1",9,10
"TTCGCCGCTCGCGCTA-1",9,11
"TTCGCGCGCCATACGA-1",7,7
"TTCGCTATCTGACGTG-1",3,8
"TTCGGACTGATGCCTT-1",2,2
"TTCGGACTGGGCATGG-1",9,11
"TTCGGCAACCCGCTGA-1",5,3
"TTCGGCTAGAGATGGT-1",9,6
"TTCGGGACTAATCGCG-1",4,16
"TTCGGGCGCTAGTCTT-1",9,15
"TTCGGTACTGTAGAGG-1",4,1
"TTCGTAATCCCAGCGG-1",5,3
"TTCGTACTCCAGAACG-1",9,15
"TTCGTGCATGTTATAG-1",4,4
"TTCGTTCAACGAAGTT-1",2,14
"TTCTAACCGAAGCTTA-1",5,3
"TTCTACCTCAATCGGT-1",9,13
"TTCTACCTTTATGTTG-1",5,3
"TTCTACTTGCGAGGGC-1",9,6
"TTCTAGAAAGTCTTAT-1",7,7
"TTCTAGGCCAATTGTG-1",7,7
"TTCTATTAAACGCAGC-1",7,7
"TTCTCAATTGCTACAA-1",9,11
"TTCTCTTACAGGTGAT-1",9,11
"TTCTGACCGGGCTCAA-1",8,5
"TTCTGCCGCGCCTAGA-1",4,4
"TTCTGCGAGCGCCCTT-1",6,15
"TTCTGCGGGTTAGCGG-1",8,5
"TTCTGCTAGACTCCAA-1",2,14
"TTCTGTTTCCTGTCGC-1",9,11
"TTCTTAGTGAACGGTG-1",7,7
"TTCTTAGTGGCTCAGA-1",4,4
"TTCTTATCCGCTGGGT-1",3,2
"TTCTTCCCTTTGATAT-1",8,5
"TTCTTCGCAATAGAGC-1",5,3
"TTCTTGAGCCGCGCTA-1",7,12
"TTCTTGGAGTAATGAG-1",8,5
"TTCTTGTAACCTAATG-1",9,13
"TTCTTGTGTCCATCAG-1",9,11
"TTCTTTGGTCGCGACG-1",2,14
"TTGAAAGGTGTAAAGG-1",2,2
"TTGAACGAATCCTTTG-1",9,15
"TTGAACGACGTGCTGA-1",5,5
"TTGAAGAATTCCCAGG-1",7,7
"TTGAATATGGACTTTC-1",8,5
"TTGAATCGTTGTATAA-1",9,11
"TTGAATTCACGTGAGG-1",3,8
"TTGACAGGAGCTCCCG-1",3,2
"TTGACATGAACGTGGA-1",9,11
"TTGACCAGGAACAACT-1",8,5
"TTGACCATGTTCTCCG-1",8,5
"TTGACCGTGTTAATGA-1",9,6
"TTGACGATTCAGCACG-1",4,4
"TTGACGCTCCATGAGC-1",3,8
"TTGACTACCATATGGT-1",7,13
"TTGACTATTGTCCGGC-1",2,2
"TTGAGAAGTTTAGCAT-1",5,3
"TTGAGAGTACTGCTAA-1",6,6
"TTGAGGCATTTAACTC-1",3,8
"TTGATCTAACTTTGTC-1",7,7
"TTGATGCCGCTCGTCG-1",9,13
"TTGATGTGTAGTCCCG-1",5,3
"TTGATTAGCTGTTTCT-1",9,11
"TTGATTATGCAGATGA-1",9,13
"TTGCAAGAAGACTCCT-1",4,4
"TTGCACAATTCAGAAA-1",4,4
"TTGCACGGAGCAGCAC-1",4,4
"TTGCATGCTGATCACG-1",9,13
"TTGCCATAGCCCGCTC-1",9,11
"TTGCCCTGATCACGGG-1",9,13
"TTGCCGCTTTCTAGTA-1",8,5
"TTGCCGGTGATCCCTC-1",3,8
"TTGCCTAATCCAAAGT-1",9,13
"TTGCCTTCTCGCCGGG-1",2,2
"TTGCGCTCTCTCGCTT-1",9,15
"TTGCGCTTGATCAATA-1",2,2
"TTGCGGAAAGCTGCCC-1",7,12
"TTGCGGCATCAGAAAG-1",7,13
"TTGCGGCGACTCATGC-1",8,5
"TTGCGTAGTTTGAGGA-1",9,15
"TTGCGTCGGCCAACCG-1",9,13
"TTGCGTGAACGCTTAG-1",3,8
"TTGCGTGTGTAGGCAT-1",8,5
"TTGCTAGCTACCAATC-1",9,13
"TTGCTCCCATACCGGA-1",4,16
"TTGCTGAAGGAACCAC-1",4,4
"TTGCTGATCATGTTCG-1",4,4
"TTGCTGCACCTATCCA-1",1,1
"TTGCTGGCCGGGCTTC-1",5,5
"TTGGAAGAATACAGTC-1",6,6
"TTGGACATGTGGCTTA-1",9,11
"TTGGACCATCTGGCAA-1",2,2
"TTGGACCTATAACAGT-1",5,3
"TTGGAGTCTCCCTTCT-1",7,7
"TTGGATATCGTCTACG-1",7,7
"TTGGATCGACTTCTGG-1",4,4
"TTGGATTGGGTACCAC-1",4,4
"TTGGCCAAATTGTATC-1",5,3
"TTGGCCATCTTGCGCT-1",9,11
"TTGGCCTAGAATTTCG-1",8,5
"TTGGCTCGCATGAGAC-1",7,7
"TTGGGAAGACGAGCCG-1",4,4
"TTGGGACACTGCCCGC-1",4,4
"TTGGGACGTAAGAGTT-1",2,14
"TTGGGCGGCGGTTGCC-1",8,5
"TTGGTCACACTCGTAA-1",7,7
"TTGGTTGCGGTGCGCG-1",9,11
"TTGTAAGGACCTAAGT-1",9,13
"TTGTAAGGCCAGTTGG-1",8,5
"TTGTAATCCGTACTCG-1",7,7
"TTGTACACCTCGAACA-1",9,11
"TTGTATCACACAGAAT-1",8,5
"TTGTCACCGCGGTATC-1",9,11
"TTGTCGTTCAGTTACC-1",4,4
"TTGTCTCGGCAAGATG-1",7,12
"TTGTGAACCTAATCCG-1",5,3
"TTGTGAGGCATGACGC-1",9,11
"TTGTGCAGCCACGTCA-1",4,16
"TTGTGGAGACAGCCGG-1",9,13
"TTGTGGCCCTGACAGT-1",4,4
"TTGTGGTAGGAGGGAT-1",6,15
"TTGTGGTGGTACTAAG-1",5,2
"TTGTGTATGCCACCAA-1",4,4
"TTGTGTTTCCCGAAAG-1",7,7
"TTGTTAGCAAATTCGA-1",7,7
"TTGTTCAGTGTGCTAC-1",4,4
"TTGTTCTAGATACGCT-1",9,15
"TTGTTGGCAATGACTG-1",9,1
"TTGTTGTGTGTCAAGA-1",8,5
"TTGTTTCACATCCAGG-1",9,12
"TTGTTTCATTAGTCTA-1",9,11
"TTGTTTCCATACAACT-1",6,15
"TTGTTTGTATTACACG-1",9,13
"TTGTTTGTGTAAATTC-1",4,4
