"barcode","BayesSpace_harmony_09","BayesSpace_harmony_16"
"AAACAACGAATAGTTC-1",2,14
"AAACAAGTATCTCCCA-1",4,16
"AAACAATCTACTAGCA-1",6,15
"AAACACCAATAACTGC-1",3,8
"AAACAGAGCGACTCCT-1",6,6
"AAACAGCTTTCAGAAG-1",8,5
"AAACAGGGTCTATATT-1",8,5
"AAACAGTGTTCCTGGG-1",1,1
"AAACATGGTGAGAGGA-1",2,14
"AAACATTTCCCGGATT-1",8,5
"AAACCACTACACAGAT-1",6,11
"AAACCCGAACGAAATC-1",7,7
"AAACCGGAAATGTTAA-1",8,16
"AAACCGGGTAGGTACC-1",8,16
"AAACCGTTCGTCCAGG-1",8,5
"AAACCTAAGCAGCCGG-1",5,3
"AAACCTCATGAAGTTG-1",4,16
"AAACGAAGAACATACC-1",6,15
"AAACGAAGATGGAGTA-1",3,2
"AAACGACAGTCTTGCC-1",6,15
"AAACGAGACGGTTGAT-1",7,7
"AAACGCCCGAGATCGG-1",6,11
"AAACGGGCGTACGGGT-1",5,3
"AAACGGGTTGGTATCC-1",7,10
"AAACGGTTGCGAACTG-1",3,8
"AAACGTGTTCGCCCTA-1",6,15
"AAACTAACGTGGCGAC-1",6,15
"AAACTCGGTTCGCAAT-1",3,8
"AAACTCGTGATATAAG-1",6,15
"AAACTGCTGGCTCCAA-1",4,16
"AAACTTAATTGCACGC-1",2,14
"AAACTTGCAAACGTAT-1",8,5
"AAAGAATGACCTTAGA-1",2,14
"AAAGAATGTGGACTAA-1",5,3
"AAAGACATGAAGTTTA-1",6,15
"AAAGACCCAAGTCGCG-1",6,15
"AAAGACTGGGCGCTTT-1",4,16
"AAAGCTTGCCTACATA-1",9,13
"AAAGGCCCTATAATAC-1",2,14
"AAAGGCTACGGACCAT-1",5,3
"AAAGGCTCTCGCGCCG-1",8,5
"AAAGGGATGTAGCAAG-1",9,13
"AAAGGGCAGCTTGAAT-1",7,7
"AAAGGTAAGCTGTACC-1",6,6
"AAAGGTCAACGACATG-1",6,6
"AAAGTAGCATTGCTCA-1",8,5
"AAAGTCACTGATGTAA-1",6,15
"AAAGTCGACCCTCAGT-1",4,16
"AAAGTGCCATCAATTA-1",8,5
"AAAGTGTGATTTATCT-1",7,7
"AAAGTTGACTCCCGTA-1",7,7
"AAATAACCATACGGGA-1",9,13
"AAATAAGGTAGTGCCC-1",9,13
"AAATACCTATAAGCAT-1",4,16
"AAATAGCTTAGACTTT-1",7,7
"AAATAGGGTGCTATTG-1",4,16
"AAATCACTCCTAAACG-1",6,6
"AAATCCGATACACGCC-1",5,3
"AAATCGCGGAAGGAGT-1",3,8
"AAATCGTGTACCACAA-1",4,16
"AAATCTAGCCCTGCTA-1",4,16
"AAATGACTGATCAAAC-1",1,1
"AAATGATTCGATCAGC-1",6,6
"AAATGCTCGTTACGTT-1",9,13
"AAATGGCATGTCTTGT-1",6,15
"AAATGGCCCGTGCCCT-1",8,5
"AAATGGTCAATGTGCC-1",7,7
"AAATGTGGGTGCTCCT-1",6,11
"AAATTAACGGGTAGCT-1",7,7
"AAATTAATAAGCGCGA-1",4,12
"AAATTACACGACTCTG-1",9,13
"AAATTACCTATCGATG-1",9,13
"AAATTCCAGGTCCAAA-1",7,12
"AAATTGATAGTCCTTT-1",5,3
"AAATTGCGGCGGTTCT-1",7,12
"AAATTGGTGAGAAGCA-1",6,13
"AAATTTACCGAAATCC-1",6,15
"AAATTTGCGGGTGTGG-1",8,5
"AACAACTGGTAGTTGC-1",7,7
"AACAATACATTGTCGA-1",3,8
"AACAATTACTCTACGC-1",7,7
"AACACACGCTCGCCGC-1",4,16
"AACACGACTGTACTGA-1",9,13
"AACACGAGACGCGGCC-1",8,5
"AACACGCGGCCGCGAA-1",6,15
"AACAGCTGTGTGGCAA-1",3,3
"AACAGGAAATCGAATA-1",9,13
"AACAGGATGGGCCGCG-1",7,7
"AACAGGTAGTATGGAT-1",4,16
"AACATAGCGTGTATCG-1",3,8
"AACATATCAACTGGTG-1",9,13
"AACATCGATACGTCTA-1",6,15
"AACATTGAAGTTGATC-1",2,14
"AACATTGGTCAGCCGT-1",7,12
"AACATTGTGACTCGAG-1",3,8
"AACCAAGACTTCTCTG-1",4,16
"AACCAGTATCACTCTT-1",6,15
"AACCATAGGGTTGAAC-1",2,14
"AACCATGGGATCGCTA-1",9,13
"AACCCAGAGACGGAGA-1",9,13
"AACCCATCCCATGATC-1",3,8
"AACCCGACAACCCGTG-1",3,8
"AACCCGAGCAGAATCG-1",4,16
"AACCCGATAGGGCTTC-1",6,15
"AACCCGCTGTATTCCA-1",1,1
"AACCCTACTGTCAATA-1",7,7
"AACCCTGGTGGAACCA-1",9,13
"AACCGAGCTTGGTCAT-1",9,13
"AACCGCTAAGGGATGC-1",7,7
"AACCGTTGTGTTTGCT-1",9,11
"AACCTAAAGCCGTCCG-1",6,11
"AACCTCGCTTTAGCCC-1",5,3
"AACCTGTCACGGAATT-1",7,10
"AACCTTTAAATACGGT-1",8,5
"AACCTTTACGACGTCT-1",6,11
"AACGAAAGTCGTCCCA-1",3,8
"AACGACCTCCTAGCCG-1",3,3
"AACGATAATGCCGTAG-1",4,16
"AACGATAGAAGGGCCG-1",9,13
"AACGATATGTCAACTG-1",9,13
"AACGCATGATCTGGGT-1",6,13
"AACGCGAACGGCAACA-1",9,13
"AACGCGACCTTGGGCG-1",3,8
"AACGCGGTCTCCAGCC-1",9,13
"AACGCTGTTGCTGAAA-1",4,16
"AACGGACGTACGTATA-1",4,16
"AACGGCCATCTCCGGT-1",8,5
"AACGTACTGTGGGTAC-1",4,16
"AACGTCAGACTAGTGG-1",7,7
"AACGTCATCCGGCTTG-1",1,1
"AACGTCGCTGCACTTC-1",3,10
"AACGTGATGAAGGACA-1",6,15
"AACGTGCGAAAGTCTC-1",7,7
"AACGTTATCAGCACCT-1",7,12
"AACTACCCGTTTGTCA-1",7,7
"AACTAGCGTATCGCAC-1",9,11
"AACTAGGCTTGGGTGT-1",8,5
"AACTCAAGTTAATTGC-1",4,16
"AACTCCAGAGCGTGTT-1",8,5
"AACTCCTAATCCCATG-1",6,6
"AACTCGATGGCGCAGT-1",9,13
"AACTCTCAATAGAGCG-1",7,7
"AACTCTCAGTGTGCTC-1",8,5
"AACTGAGGTCAGCGTC-1",6,15
"AACTGAGTTATACTGA-1",4,16
"AACTGATATTAGGCCT-1",6,6
"AACTGGGTCCCGACGT-1",9,11
"AACTGGGTTCGAGCCG-1",6,15
"AACTGGTGTGGGCCTT-1",6,15
"AACTTCTGCGTCTATC-1",7,12
"AACTTGCCCGTATGCA-1",7,7
"AACTTGCGTTCTCGCG-1",9,13
"AACTTTACGGGAGCTT-1",4,12
"AACTTTAGCTGCTGAG-1",9,11
"AACTTTCTCGATCATG-1",6,15
"AAGAAGGATCAGTTAG-1",9,13
"AAGACATACGTGGTTT-1",5,3
"AAGACCAAATAACTCA-1",2,2
"AAGACCCAACTGAACA-1",5,3
"AAGACTAACCCGTTGT-1",9,13
"AAGACTCACGCCCACT-1",6,15
"AAGACTGCAAGCTACT-1",7,7
"AAGAGATGAATCGGTA-1",7,7
"AAGAGCTCTTTATCGG-1",7,7
"AAGAGGATGTACGCGA-1",4,16
"AAGAGGCATGGATCGC-1",7,7
"AAGAGGCCCTTTGGAA-1",8,5
"AAGATGGCACCGGACC-1",5,3
"AAGATTGGCGGAACGT-1",6,6
"AAGCACCCTGCGTATC-1",8,5
"AAGCATACTCTCCTGA-1",8,5
"AAGCCACTTGCAGGTA-1",1,14
"AAGCCGAAGCGGTTTA-1",4,16
"AAGCCGCCGTGAAATC-1",2,2
"AAGCCGCTTTACCTTG-1",9,15
"AAGCCGGAGAGCAGGA-1",8,5
"AAGCGCAGGGCTTTGA-1",3,8
"AAGCGGAGTGCGCGCA-1",6,15
"AAGCGGCGTCATGGGT-1",6,15
"AAGCGTCCCTCATCGA-1",5,3
"AAGCTAGATCGAGTAA-1",4,16
"AAGCTCGTGCCAAGTC-1",7,7
"AAGCTCTTTCATGGTG-1",8,5
"AAGGAGAACTTATAAG-1",6,6
"AAGGAGCGGTTGGTGC-1",7,7
"AAGGATCGATCGCTTG-1",7,7
"AAGGATGAGGGACCTC-1",9,13
"AAGGCAGGCTGTCTCC-1",7,7
"AAGGCGCGTAAAGCTT-1",7,7
"AAGGCTGTGCTCATCG-1",7,7
"AAGGGAACGACTGGCT-1",2,2
"AAGGGACAGATTCTGT-1",7,7
"AAGGGACTATGCATTC-1",3,8
"AAGGGTTTGATTTCAG-1",2,2
"AAGGTATCCTAATATA-1",9,13
"AAGGTGATAAACCAGC-1",7,7
"AAGTAGAAGACCGGGT-1",9,13
"AAGTAGTGACGCGAGG-1",4,16
"AAGTCAATTGTCGTCA-1",7,7
"AAGTCTAGTAGCTGCC-1",6,15
"AAGTCTTCTGTGGCCT-1",8,5
"AAGTGACGACCGAATT-1",8,16
"AAGTGAGTCGGGTTTA-1",3,8
"AAGTGCAAAGGTAGAC-1",7,12
"AAGTGCCTTGACTGTA-1",7,7
"AAGTGCGTTAGAATCT-1",8,5
"AAGTGCTTCTCTATTG-1",2,14
"AAGTGTTTGGAGACGG-1",4,16
"AAGTTCACTCCAAGCT-1",8,5
"AAGTTCAGTCTGCGTA-1",6,15
"AAGTTCGGCCAACAGG-1",8,5
"AAGTTGTGATGTTATA-1",5,3
"AAGTTTACTAATGGCA-1",6,15
"AAGTTTATGGGCCCAA-1",3,8
"AATAACAACGCTCGGC-1",4,16
"AATAACACTAGAACAA-1",8,5
"AATAACGTCGCGCCCA-1",3,10
"AATAAGTCCTCGAGAC-1",6,15
"AATAATCTTCGTATCG-1",4,16
"AATACAATGTTTCAGG-1",7,7
"AATACCGGAGGGCTGT-1",2,2
"AATACCTGATGTGAAC-1",3,8
"AATAGAACAGAGTGGC-1",8,5
"AATAGAATCTGTTTCA-1",4,16
"AATAGCAAGCCTCCTG-1",6,11
"AATAGCTACCGCGTGC-1",6,15
"AATAGTCCGTCCCGAC-1",8,5
"AATAGTCGCGAGTCGG-1",7,12
"AATATCAAGGTCGGAT-1",9,11
"AATATCCTAGCAAACT-1",8,5
"AATATCGAATCAATGC-1",4,16
"AATATCGAGGGTTCTC-1",9,13
"AATATTGGAGTATTGA-1",4,16
"AATCAGACTGCAGGAC-1",9,13
"AATCAGGTTTCATTTA-1",1,1
"AATCATGTAAAGACTC-1",4,16
"AATCCAAGGGCCTGAG-1",9,13
"AATCCATGCAAGGGTG-1",9,13
"AATCCCGCTCAGAGCC-1",1,1
"AATCGAGGTCTCAAGG-1",2,2
"AATCGCCTCAGCGCCA-1",7,7
"AATCGCGCAGAGGACT-1",7,7
"AATCGGGACACTACGA-1",6,15
"AATCGGTATAGCCCTC-1",5,3
"AATCGTGAGCCGAGCA-1",5,3
"AATCTAGGTTTACTTG-1",5,3
"AATCTATGCCGGAGCC-1",6,6
"AATCTCTACTGTGGTT-1",8,5
"AATCTGCGTTGGGACG-1",9,13
"AATCTGGCTTTCTAGT-1",5,3
"AATCTGGGTAGACCCT-1",6,15
"AATGACAGCAATGTCT-1",8,5
"AATGACGTAGGATGTC-1",8,16
"AATGACTGTCAGCCGG-1",7,12
"AATGAGTTCGCATATG-1",9,13
"AATGATGATACGCTAT-1",9,15
"AATGATGCGACTCCTG-1",9,13
"AATGCAACCGGGTACC-1",7,7
"AATGCACCAAGCAATG-1",6,15
"AATGGCCGCCAATGCG-1",9,15
"AATGGTCCACCGTTCA-1",4,16
"AATGGTTCTCACAAGC-1",9,13
"AATGTATGGCACTGTA-1",2,14
"AATGTGCCCGAGGTGT-1",5,3
"AATGTGCTAATCTGAG-1",2,2
"AATGTTAAGACCCTGA-1",3,8
"AATGTTGTCGTGAGAC-1",5,3
"AATTAAAGGTCGGCGT-1",4,16
"AATTAACGGATTTCCA-1",8,5
"AATTACGAGACCCATC-1",2,2
"AATTAGCGCTGCAGCG-1",4,16
"AATTATACCCAGCAAG-1",3,8
"AATTCATAAGGGATCT-1",9,13
"AATTCATTGTCATGCA-1",2,14
"AATTCCAAGCATGTAC-1",3,8
"AATTCGATTCGAGGAT-1",5,3
"AATTCTAGAGTTAGGC-1",4,16
"AATTGAACGCTCTGGT-1",4,16
"AATTGCAGCAATCGAC-1",8,5
"AATTGCGTGGATTACA-1",1,14
"AATTGTGGTTGCCAAA-1",8,5
"AATTTGGGACATAGTA-1",6,6
"AATTTGGTTCCAAAGA-1",6,15
"ACAAACCATGCGTCCT-1",2,14
"ACAAACCGACAAGGCG-1",6,11
"ACAAACTCCATCAGAG-1",2,10
"ACAAAGAAGGTAGGCC-1",8,5
"ACAAAGCATGACCTAG-1",8,5
"ACAAATCGCACCGAAT-1",4,16
"ACAAATGGTAGTGTTT-1",4,16
"ACAAATTCAGATCTGA-1",6,15
"ACAACAGCATGAGCTA-1",7,7
"ACAACGGTCCCTGCGA-1",7,7
"ACAAGCAGTGCCTAGC-1",7,7
"ACAAGCTATATGGAAG-1",4,10
"ACAAGGAAATCCGCCC-1",4,16
"ACAAGGACAAGAGGTT-1",7,7
"ACAAGGATGCTTTAGG-1",8,5
"ACAAGGCCTACCAGCC-1",6,11
"ACAAGGGCAGGCTCTG-1",4,16
"ACAATAGTCGTACGTT-1",8,5
"ACAATCCATTTAAACC-1",4,16
"ACAATCGATCTTTATA-1",6,11
"ACAATGAATACGGAGA-1",5,3
"ACAATGATTCTTCTAC-1",6,15
"ACAATTGTGTCTCTTT-1",4,16
"ACAATTTAGGAGGCTC-1",4,16
"ACAATTTGAGCAGTGG-1",9,13
"ACAATTTGGCCATATT-1",7,7
"ACACAAAGACGGGTGG-1",9,13
"ACACAAATATTCCTAG-1",6,15
"ACACACCAGGACCAGT-1",7,7
"ACACACTTTCTACACG-1",9,11
"ACACATGATCAAATCT-1",3,2
"ACACATTTCCGTAGAC-1",3,2
"ACACCACATAATTAGC-1",7,7
"ACACCCAGCATGCAGC-1",7,12
"ACACCCGAGAAATCCG-1",9,13
"ACACCCGTAAATCTGT-1",6,6
"ACACCGAGCGCTCTTT-1",7,12
"ACACCGGTCTGACCGC-1",2,14
"ACACCTTAAGTAGGGC-1",7,13
"ACACCTTACTACTTGC-1",7,7
"ACACGAGACTCCTTCT-1",7,7
"ACACGGCACTATGCAT-1",6,15
"ACACGGGAACTTAGGG-1",9,13
"ACACGTAGGCCACAAG-1",4,16
"ACACTCCAATGTCACT-1",7,12
"ACACTGATCAAGGTGT-1",8,5
"ACACTGGGACAGTCGT-1",8,5
"ACAGAACTGAGAACAA-1",5,3
"ACAGATTAGGTTAGTG-1",9,15
"ACAGCATAGAGCCAGT-1",6,15
"ACAGCGACATTCTCAT-1",8,16
"ACAGCGCACCCGCAGC-1",9,13
"ACAGGCACGGATCCTT-1",5,3
"ACAGGCTTGCCCGACT-1",4,16
"ACAGGTGGAGGTGAGG-1",8,5
"ACAGTAATACAACTTG-1",8,5
"ACAGTATACCGTGGGA-1",6,15
"ACAGTGCAGCGCATTT-1",6,15
"ACATAAGTCGTGGTGA-1",3,2
"ACATAATAAGGCGGTG-1",9,13
"ACATACAATCAAGCGG-1",3,8
"ACATCAGCTGGGACGC-1",4,16
"ACATCCCGGCCATACG-1",8,5
"ACATCCTGGTAACTGT-1",7,7
"ACATCGATCGTTTACC-1",4,16
"ACATCGGTCAGCCGCG-1",4,16
"ACATCGTATGCAATGG-1",4,16
"ACATCGTTAACCTAGT-1",6,15
"ACATCTCAACGCGTAA-1",6,15
"ACATGGCGCCAAAGTA-1",7,7
"ACATGGCTCAATTTAG-1",7,9
"ACATTAGTTTATATCC-1",4,16
"ACATTCGCGCGGAATA-1",1,1
"ACATTTGAAACCTAAC-1",3,8
"ACCAAACACCCAGCGA-1",6,6
"ACCAAACTAGAAATCC-1",6,6
"ACCAACACCACACACT-1",6,15
"ACCAACCGCACTCCAC-1",8,5
"ACCAACGCTTATTTAT-1",8,5
"ACCAAGAACGCGTGTC-1",9,13
"ACCAAGTCATCGGCAG-1",5,3
"ACCAATATGCAAGTTA-1",8,16
"ACCACAACTCAGAACA-1",6,15
"ACCACAAGTTTCTATC-1",7,7
"ACCACACGGTTGATGG-1",3,8
"ACCACCAATGTAACAA-1",7,7
"ACCACCCTCTCTTCTA-1",6,15
"ACCACGTGCAGCTATA-1",4,16
"ACCAGACCATAACAAC-1",4,12
"ACCAGCCCGGTCTTTG-1",6,15
"ACCAGGAGTGTGATCT-1",6,6
"ACCAGTGCCCGGTCAA-1",6,15
"ACCAGTGCGGGAGACG-1",4,16
"ACCATATCCGCAATAA-1",7,7
"ACCATCCGCCAACTAG-1",8,5
"ACCATCGTATATGGTA-1",4,16
"ACCCAACGCCCGTGGC-1",9,2
"ACCCACCTACATGCTC-1",7,7
"ACCCATCTTGAGGGTA-1",4,16
"ACCCATTTGTCCCTCT-1",8,5
"ACCCGAGCGAAATTAC-1",3,8
"ACCCGATTGGTTCCGA-1",1,1
"ACCCGGAAACTCCCAG-1",8,5
"ACCCGGAGCACCACAA-1",8,5
"ACCCGGATGACGCATC-1",7,7
"ACCCGGTTACACTTCC-1",4,16
"ACCCGTAGTCTAGTTG-1",5,3
"ACCCGTGTCATCAGTA-1",5,3
"ACCCTATAGGACTGAG-1",9,13
"ACCCTATGCCATATCG-1",5,3
"ACCCTCCCGTCAGGGC-1",5,3
"ACCCTCCCTTGCTATT-1",4,16
"ACCCTGGTAACGCCCT-1",6,6
"ACCCTTCATCTGCGAA-1",9,11
"ACCCTTTAGTTCTCCA-1",6,15
"ACCGAAAGGGCCCTGC-1",6,15
"ACCGAAGAGTCTGGTT-1",3,8
"ACCGACACATCTCCCA-1",5,3
"ACCGACTGAGTCCCAC-1",7,7
"ACCGAGTCTCCTTATT-1",3,8
"ACCGATAGGCATAACC-1",8,5
"ACCGATATTTAATCAT-1",8,5
"ACCGATGGTAGCATCG-1",7,7
"ACCGCAATAACTGCCT-1",4,16
"ACCGCGGTGGAAGTCG-1",7,7
"ACCGCTAGTCATTGGT-1",1,14
"ACCGGGCCTTTGTTGA-1",7,16
"ACCGGTCAGGTACACC-1",3,8
"ACCGGTCTGAGTACGG-1",6,15
"ACCGTCCACTGGGCCC-1",2,14
"ACCGTGACCACGTGGG-1",3,8
"ACCGTTCCCGCTCTGA-1",6,15
"ACCTAAGTACCTTTCA-1",8,5
"ACCTAATCGACTTCCT-1",8,16
"ACCTACAGTATGTGGT-1",7,7
"ACCTACTATAAATCTA-1",3,8
"ACCTCAGCGAGGCGCA-1",3,10
"ACCTCCGCCCTCGCTG-1",4,16
"ACCTCCGTTATTCACC-1",9,13
"ACCTCGAACTTATGCT-1",2,14
"ACCTGCGTGTCATGTT-1",8,5
"ACCTTTCCTTTAGAAG-1",6,15
"ACGAAATGGGCGGCAC-1",4,16
"ACGACCCATGAGTTGC-1",8,5
"ACGACTCTAGGGCCGA-1",5,3
"ACGACTGGTCATACTC-1",3,8
"ACGAGAACCCATCACG-1",9,11
"ACGAGATATTTGCTTA-1",6,15
"ACGAGGATACCACTCT-1",8,5
"ACGAGGTTTACAACGT-1",3,8
"ACGAGTACGGATGCCC-1",9,13
"ACGATACATAGAACTA-1",9,15
"ACGATCATACATAGAG-1",9,13
"ACGATCATCTTGTAAA-1",7,10
"ACGATGCATATGTTAT-1",4,16
"ACGATGGATCCGATGC-1",6,6
"ACGCAAACTAATAGAT-1",3,8
"ACGCAATCACTACAGC-1",6,6
"ACGCATAAATGACATG-1",6,11
"ACGCATACGTTTACTA-1",4,16
"ACGCATTCGTGAGTAC-1",7,7
"ACGCCACTCGAAACAG-1",2,2
"ACGCCAGATGATTTCT-1",6,6
"ACGCCAGTGCGTTTGC-1",5,3
"ACGCCCAGCTGTCGAT-1",6,6
"ACGCCGCTAGACGACC-1",4,16
"ACGCGAAGTCAGACGA-1",4,16
"ACGCGCTACACAGGGT-1",4,16
"ACGCGGGCCAAGGACA-1",7,7
"ACGCGTTTCTTAAGAG-1",4,12
"ACGCTACTGAATGGGC-1",3,8
"ACGCTAGTATCAGTGC-1",6,6
"ACGCTAGTGATACACT-1",9,13
"ACGCTGTGAGGCGTAG-1",4,16
"ACGCTTAGTGTCTCTC-1",6,11
"ACGGAACACGAGTGCC-1",3,8
"ACGGAATTTAGCAAAT-1",9,13
"ACGGACTCTCAAAGCG-1",5,3
"ACGGAGCGCAAATTAC-1",6,15
"ACGGATGGTGCGGATA-1",8,5
"ACGGCACTTGCTTGGG-1",8,16
"ACGGCCAACATGGACT-1",8,5
"ACGGCGACGATGGGAA-1",4,16
"ACGGCGGGTTGCCCTG-1",6,15
"ACGGCTGGATGTAGAA-1",2,2
"ACGGGAGTGTCGGCCC-1",8,5
"ACGGGCGTATGCGACA-1",6,15
"ACGGGTCATGTGACTT-1",7,12
"ACGGTACAGTTCAATG-1",5,3
"ACGTACAGATTTCTCT-1",9,13
"ACGTACTTTGGCACGG-1",1,1
"ACGTAGATTGCTGATG-1",7,7
"ACGTAGGAGAGTCGCT-1",3,8
"ACGTATTACTCCGATC-1",7,7
"ACGTCCTAAACGAGAT-1",6,6
"ACGTCTCGTTCCGGGA-1",8,5
"ACGTGACAAAGTAAGT-1",5,3
"ACGTGCGCCTCGTGCA-1",9,15
"ACGTGGTCGAATGTGC-1",6,11
"ACGTTAATGTCGAAGA-1",7,7
"ACGTTAGATTTGCCCG-1",4,16
"ACGTTATTGGTCACTC-1",7,12
"ACGTTCACTATGCCGC-1",1,1
"ACGTTCCGCGCTCCGT-1",6,15
"ACGTTCGCAATCAATT-1",9,13
"ACGTTCGTTCAGGAAA-1",5,3
"ACGTTCTGTACAAGTC-1",5,5
"ACGTTGTCGTTGAAAG-1",1,1
"ACGTTTAGTTGTGATC-1",9,11
"ACTAAGGACGCACACC-1",6,15
"ACTAATACGTCAGGCG-1",6,6
"ACTACAAAGAGAGGTG-1",2,14
"ACTACATCCCGACAAG-1",2,2
"ACTACCAGCTCTCTGG-1",7,7
"ACTACCATCCGAGGGC-1",1,14
"ACTACGCGTTAGAATT-1",5,3
"ACTAGTTGCGATCGTC-1",4,16
"ACTATATGCTGTGTTC-1",6,15
"ACTATCCAGGGCATGG-1",7,7
"ACTATCTGCCCGCGTA-1",8,5
"ACTATGTCCAGCTGCC-1",2,2
"ACTATTCGTCCGTGGT-1",6,11
"ACTATTTCCGGGCCCA-1",5,3
"ACTCAACGAATGTATT-1",6,15
"ACTCAAGTGCAAGGCT-1",8,5
"ACTCAATAAAGGCACG-1",9,13
"ACTCAGACCTGCTTCT-1",9,11
"ACTCATGGCAGCCTTC-1",2,14
"ACTCCAATATCATCAT-1",3,2
"ACTCCCATTCCTAAAG-1",8,5
"ACTCCCGAATTCGTTT-1",7,12
"ACTCCCGTAGACTAGG-1",6,15
"ACTCCCTAATGCTAAA-1",8,5
"ACTCCCTAGAATAGTA-1",4,16
"ACTCCGGCCGACCACT-1",5,3
"ACTCGATGTATTTCAT-1",7,12
"ACTCGCCGTTCGATAA-1",5,3
"ACTCGCGATCTGACGC-1",7,7
"ACTCGTAACCCGTCCT-1",8,5
"ACTCGTCAGTAATCCC-1",7,7
"ACTCTCTGACTTAGGT-1",7,7
"ACTCTCTTATACACGA-1",6,15
"ACTCTGACCTAATAGA-1",5,3
"ACTCTTCAGCTCCCGC-1",7,12
"ACTCTTGTATAGTAAC-1",7,7
"ACTGAAACGCCGTTAG-1",8,16
"ACTGAATGGCGAAAGT-1",4,16
"ACTGATTTAGTGATTC-1",6,15
"ACTGCCCGCCATTCTC-1",1,14
"ACTGCCGTCGTAACTC-1",9,11
"ACTGCGGACACACCGT-1",7,7
"ACTGCTCGGAAGGATG-1",5,3
"ACTGGCGAACCTGCGT-1",6,15
"ACTGGGATGCCAGTGC-1",2,14
"ACTGTACGATACACAT-1",7,12
"ACTGTAGCACTTTGGA-1",7,7
"ACTGTATACGCGAGCA-1",6,6
"ACTGTCCAGGATTATA-1",7,7
"ACTGTCTTCTTTAGAA-1",7,7
"ACTGTGCTAGTAGATC-1",9,13
"ACTGTTTAGTGTAGGC-1",6,6
"ACTTACCGGGCGCGCA-1",6,6
"ACTTACGCATCCACGC-1",8,5
"ACTTAGTACGACAAGA-1",9,13
"ACTTATACTTACCCGG-1",7,7
"ACTTATTAGGATCGGT-1",4,16
"ACTTATTTATGTGCCA-1",7,7
"ACTTCAGGCTGATCCC-1",4,16
"ACTTCCAGTGGAAGCT-1",3,8
"ACTTCCATGCGGGACA-1",8,5
"ACTTCCTGTCGTGCGA-1",6,15
"ACTTCGCCATACGCAC-1",9,13
"ACTTCGCTAGCGAGTG-1",9,13
"ACTTGACTCCCTCTTT-1",7,16
"ACTTGCCATATTGTAC-1",6,13
"ACTTGGGACCCGGTGG-1",7,7
"ACTTGGGCTTTCGCCA-1",2,2
"ACTTGTAGTCCCTTCA-1",8,5
"ACTTGTGGATGGAACG-1",4,16
"ACTTGTTACCGGATCA-1",1,1
"ACTTTACCCTCATGAA-1",7,12
"ACTTTCCTATAGCTTC-1",7,7
"ACTTTGACTGCATCCT-1",8,5
"ACTTTGGTCGTGCTCC-1",2,2
"ACTTTGTCGACGCACT-1",8,16
"AGAAATTATGACTCGC-1",4,16
"AGAACCCAGCGTGACA-1",7,7
"AGAACCCTCAATTGGG-1",2,2
"AGAACGTGGTACATTC-1",7,12
"AGAACTGTACTTTGTA-1",3,8
"AGAAGGTACACTTCAC-1",5,3
"AGAAGGTTGCCGAATT-1",4,16
"AGAAGGTTGTAGGTCG-1",5,3
"AGAAGTGATTCGTGAT-1",8,5
"AGAATAAATCTTCAGG-1",4,16
"AGAATACAGGCTATCC-1",3,8
"AGAATGCGGGTTCGGA-1",6,15
"AGAATTATGGATTCGA-1",9,13
"AGAATTGTTTGACATA-1",9,13
"AGACAGCTCAGAATCC-1",7,16
"AGACAGGCATCTCAGC-1",8,16
"AGACATAGATCCTTCC-1",6,15
"AGACCAAACCACACCT-1",5,3
"AGACCATGGGATACAA-1",7,7
"AGACCCACCGCTGATC-1",4,16
"AGACCCGCCCTCCTCG-1",7,12
"AGACCGCTCCGCGGTT-1",4,16
"AGACCGGGAAACCCTG-1",8,5
"AGACGAAGTGCCGGTC-1",4,16
"AGACGACGATGCCGCT-1",8,5
"AGACGCCCACTTCGCC-1",8,5
"AGACGGGATTGGTATA-1",6,11
"AGACGGGCCGATTTAA-1",6,15
"AGACTAGCCTTCCAGA-1",7,7
"AGACTGTTACCGGGTC-1",3,8
"AGAGAAACACCAGAAA-1",2,14
"AGAGAACCGTCTAGGA-1",9,13
"AGAGAAGGAGTACAAT-1",5,3
"AGAGATCTCTAAAGCG-1",4,16
"AGAGCAGTTATGAGAC-1",4,16
"AGAGCCGCCGAGATTT-1",8,5
"AGAGCGGGCTAATCAT-1",6,15
"AGAGCGTACAAGCTCG-1",7,7
"AGAGCTACGAAAGCAT-1",9,13
"AGAGGCTTCGGAAACC-1",4,16
"AGAGGGACAATTGTCC-1",6,15
"AGAGGTATCTCGGTCC-1",6,11
"AGAGTAAACTTCACTA-1",7,16
"AGAGTATAGTGTTACG-1",9,13
"AGAGTGAACAGACACC-1",6,6
"AGAGTTAGAGACCGAT-1",6,15
"AGAGTTGCAGGCCTCC-1",6,15
"AGATAACTTCAGGGCC-1",7,16
"AGATACCAATAGAACC-1",8,5
"AGATACCAGCACTTCA-1",6,15
"AGATACCGGTGTTCAC-1",4,16
"AGATACGACTTCATAT-1",9,13
"AGATACTCAAGATCGA-1",4,16
"AGATATAATACGACTA-1",5,3
"AGATCGTGCATAAGAT-1",6,6
"AGATCTCAGGTGTGAT-1",7,12
"AGATGACTCGCCCACG-1",9,13
"AGATGAGGGTTGCGAT-1",6,6
"AGATGATGGAGTCTGG-1",7,12
"AGATGCAAGACGTGCA-1",3,3
"AGATGCATCCTGTGTC-1",5,3
"AGATTATAGGACGTTT-1",5,3
"AGATTCAAGCGGGTCG-1",6,11
"AGATTCACAACCGATA-1",5,3
"AGCAAAGGCCGCTAGT-1",5,5
"AGCAACATATCTTATT-1",7,7
"AGCAACCGAAAGTAAT-1",3,8
"AGCACACGTTTAGACT-1",1,14
"AGCACCAGTACTCACG-1",7,7
"AGCACTACCGGCCTGT-1",4,16
"AGCACTACCTCACCAG-1",4,16
"AGCACTTAAGGACGCC-1",7,7
"AGCAGAAGGAGAAAGA-1",5,3
"AGCAGCCAGATGAATA-1",8,5
"AGCAGTCGAAGCATGC-1",3,8
"AGCATATCAATATGCT-1",4,16
"AGCATCATTTCGAAAG-1",5,3
"AGCATCGTCGATAATT-1",9,13
"AGCATTACGAGGCAAG-1",5,3
"AGCCAAGCTTTGTGTC-1",5,3
"AGCCACAGGTTACCCG-1",8,5
"AGCCACTCCCGTGCTT-1",9,13
"AGCCATATAGTATGTG-1",2,2
"AGCCCATACATGTAAG-1",8,5
"AGCCCGCAACAAGCAG-1",3,8
"AGCCCGCACTACAATG-1",3,3
"AGCCCGGCATTAGAGG-1",2,2
"AGCCCGGTAGCCTGTA-1",5,3
"AGCCCTAAGCGAAGTT-1",9,13
"AGCCCTCCCTGGTGGC-1",2,2
"AGCCCTGTCGCACCGT-1",7,7
"AGCCCTTCTAATCCGA-1",6,15
"AGCCCTTGGACATCCC-1",4,16
"AGCCGCAAATTCAAAT-1",4,16
"AGCCGTGGCTAAATGT-1",8,5
"AGCCTAATACCCACGT-1",5,3
"AGCCTTAAAGCGGAAG-1",7,7
"AGCGACAGGAACGGTC-1",8,5
"AGCGACATCCCATTCA-1",9,15
"AGCGACCAACGATATT-1",7,12
"AGCGACTTTGAAGACA-1",1,1
"AGCGAGACGTGAAGGC-1",1,14
"AGCGATGCGCCTAATA-1",8,5
"AGCGCATAATGAATCG-1",8,5
"AGCGCGGGTGCCAATG-1",9,13
"AGCGCTAGAGCGATGT-1",7,12
"AGCGCTTATGGGCAAG-1",6,6
"AGCGGACACTTCGTAG-1",5,3
"AGCGGCGGTTAGCGGT-1",5,3
"AGCGGGAAGGGTCCAT-1",9,11
"AGCGGGTCTGACACTC-1",3,8
"AGCGGTTGAGATGTAC-1",6,6
"AGCGGTTGCCGCTCTG-1",6,6
"AGCGTACGAGAGCTAG-1",9,13
"AGCGTAGCGCTAGACC-1",9,11
"AGCGTCTGAACCCGCA-1",6,15
"AGCGTGGTATTCTACT-1",4,16
"AGCGTTCCGATTTAAA-1",6,11
"AGCTAACAAGCAATGT-1",3,8
"AGCTAAGTACGCAGGC-1",5,3
"AGCTAGAAGCAGAAGT-1",9,13
"AGCTATTTAATCCAAC-1",7,4
"AGCTCCATATATGTTC-1",4,16
"AGCTCCTTCGCACATC-1",4,16
"AGCTCGTTGATGGAAA-1",6,15
"AGCTCTAGACGTTCCA-1",7,7
"AGCTCTTCCCAGTGCA-1",6,6
"AGCTCTTCGTAACCTT-1",7,7
"AGCTCTTTACTCAGTT-1",4,16
"AGCTGAAGTAAACCAA-1",6,6
"AGCTGCTGTGCCGAAT-1",6,11
"AGCTGTAACCTCAATC-1",5,3
"AGCTTATAGAGACCTG-1",9,11
"AGCTTCAATACTTTGA-1",6,11
"AGCTTCTTCTCGAGCA-1",5,3
"AGCTTGATCTTAACTT-1",8,16
"AGGAACGAACGACTTC-1",8,5
"AGGAAGCTGTCCGCCG-1",5,3
"AGGACAGTCGAATCCC-1",7,7
"AGGACATCGCACGTCG-1",9,13
"AGGACATCGGCACACT-1",5,3
"AGGACGACCCATTAGA-1",4,16
"AGGACGCTCGATGTTG-1",6,15
"AGGAGACATCCACAGT-1",9,13
"AGGAGGCCTTCGCGCG-1",4,16
"AGGATAAAGTCGGGAT-1",8,5
"AGGATATAGGGATTTA-1",4,16
"AGGATATCCGACTGCA-1",5,3
"AGGATCACGCGATCTG-1",8,5
"AGGATTGCTTACGACA-1",9,13
"AGGCAAAGAGGAATCA-1",9,11
"AGGCACGTGACTGTCC-1",4,16
"AGGCAGATGCGTAAAC-1",9,13
"AGGCAGGGAGCGTACT-1",5,3
"AGGCATTGTCGTAGGG-1",4,16
"AGGCCACATTGGTTAC-1",8,9
"AGGCCACCCGTTATGA-1",7,7
"AGGCCCAGTGACTGGT-1",7,12
"AGGCCCATTGTACAGG-1",9,15
"AGGCCCTAGAACGCCA-1",8,5
"AGGCCTATCATACCAA-1",2,14
"AGGCCTGAGAATCTCG-1",8,5
"AGGCGATAACTGGCGT-1",8,5
"AGGCGGTTTGTCCCGC-1",3,8
"AGGCGTCTATGGACGG-1",6,6
"AGGCTATGGTTAGCTT-1",7,7
"AGGCTTAAGTTGCACA-1",1,1
"AGGCTTCCCGAAGAAG-1",8,5
"AGGCTTGCTAGACACC-1",7,7
"AGGGAAACGAGGTACT-1",6,6
"AGGGACCGGCTGCGTT-1",7,7
"AGGGACTCTACGCGAC-1",8,5
"AGGGAGACATACTTCG-1",9,13
"AGGGCAGCGGCGTGGT-1",6,15
"AGGGCCCTAATGTTCT-1",8,5
"AGGGCGAGCAGCTGAT-1",8,5
"AGGGCGTGATCGGCTA-1",9,13
"AGGGCTGCAGTTACAG-1",7,7
"AGGGTCAGAGCACTCG-1",2,2
"AGGGTCAGTAACCCTA-1",6,6
"AGGGTCGATGCGAACT-1",7,7
"AGGGTCTGGACGCAGT-1",5,3
"AGGGTGCCGTTCTTTA-1",2,2
"AGGGTGCTCTCGAGGG-1",7,2
"AGGGTGGATAGTGCAT-1",8,5
"AGGGTGTGCTACACGC-1",6,15
"AGGGTTCAGACGGTCC-1",2,2
"AGGGTTCCCTTTGGTT-1",9,13
"AGGGTTTAGTTCGGGA-1",7,7
"AGGTAACCTCCTATTC-1",9,13
"AGGTACGATATTGCCA-1",6,15
"AGGTAGATCGAGATAT-1",3,8
"AGGTAGGTACAAAGCT-1",4,16
"AGGTATAATTGATAGT-1",7,2
"AGGTATGCGGACATTA-1",7,12
"AGGTCAGGTGAGAGTG-1",8,5
"AGGTCGCCACTTCGGT-1",9,13
"AGGTCGCCTCCCAACA-1",8,5
"AGGTCGCGGAGTTACT-1",6,13
"AGGTGCACGTCCACAT-1",5,3
"AGGTGGTGACCTTCGC-1",3,8
"AGGTGTATCGCCATGA-1",4,16
"AGGTGTTGCCGACCAC-1",8,5
"AGGTTACACCATGCCG-1",7,7
"AGGTTCTCCTTTCCGG-1",2,14
"AGGTTGAGGCACGCTT-1",9,13
"AGGTTTCACACACCTT-1",7,7
"AGTAACGTTCATCCTG-1",6,15
"AGTAACTATAGCAGCC-1",5,3
"AGTAATCTAAGGGTGG-1",3,8
"AGTAATGTCTTGCCGC-1",9,15
"AGTAATTTGCAAGCGT-1",1,14
"AGTACAGAAGCTTATA-1",3,8
"AGTACATCATTTATCA-1",9,13
"AGTACCTTCGAGTGCT-1",6,15
"AGTACGGCCCGTATCG-1",4,16
"AGTACGGGCACCTGGC-1",9,13
"AGTACGTGGCCTGTCT-1",6,15
"AGTACTCTTATGCCCA-1",8,5
"AGTAGAAGGCGCCTCA-1",2,2
"AGTAGCGTGAACGAAC-1",6,6
"AGTAGCTAGACGCCGA-1",6,11
"AGTAGGAAGGAAGTTG-1",6,15
"AGTAGGTAACATACAT-1",9,13
"AGTATAATACTAGGCA-1",7,7
"AGTATACACAGCGACA-1",3,8
"AGTATCCATAATAACG-1",9,11
"AGTATGCTGGAGACCA-1",5,3
"AGTATTTGGCACGACC-1",5,3
"AGTCAAATGATGTGAT-1",2,2
"AGTCAACACCACCATC-1",4,16
"AGTCAAGATGACACTT-1",4,16
"AGTCACTAGCTCTCGA-1",4,16
"AGTCACTCCGCCTCAT-1",6,15
"AGTCAGCCACCGCCTG-1",7,7
"AGTCCAGCGGGTACGT-1",7,12
"AGTCCATTGGCTGATG-1",7,7
"AGTCCCGCCTTTAATT-1",6,6
"AGTCCCTCGCAGAAAG-1",9,13
"AGTCGACGGTCTCAAG-1",7,7
"AGTCGGCCCAAACGAC-1",7,7
"AGTCGGCTCAACTTTA-1",8,5
"AGTCGGTTGCGTGAGA-1",7,7
"AGTCGTATAAAGCAGA-1",5,3
"AGTCGTCGACCACCAA-1",8,5
"AGTCGTGGGCATTACG-1",8,5
"AGTCTAAAGTATACTC-1",6,13
"AGTCTCACAAGACTAC-1",5,3
"AGTCTGGACATCCTTG-1",7,12
"AGTCTTCTCCTCAAAT-1",9,13
"AGTCTTTAAAGTGTCC-1",5,3
"AGTGAACAAACTTCTC-1",7,7
"AGTGAAGATGGTGTCC-1",6,15
"AGTGACCTACTTTACG-1",4,16
"AGTGACTGTGACACAA-1",2,2
"AGTGAGACTTCCAGTA-1",7,7
"AGTGAGCCTCGCCGCC-1",9,13
"AGTGAGGGTTTCTGAC-1",6,15
"AGTGAGTCGAATTAAC-1",5,3
"AGTGATAACCTGCGCG-1",8,5
"AGTGATATGAGTAGTT-1",4,16
"AGTGATTCAAGCAGGA-1",7,12
"AGTGCACGCTTAAGAA-1",4,16
"AGTGCGTAGCTCGTAA-1",4,16
"AGTGCTAAACACAGCA-1",8,5
"AGTGCTTGCACGAATA-1",7,7
"AGTGGCCCGCAAATGG-1",3,8
"AGTGGCGGCAATTTGA-1",7,7
"AGTGGCGTCTGAAGGT-1",8,5
"AGTGGCTCCGTCGGCC-1",8,5
"AGTGGTGTTACCCGTG-1",8,5
"AGTGGTTGCGTATAGG-1",4,16
"AGTGTATTGCGCATTG-1",6,6
"AGTGTGCTAAGATCGC-1",7,12
"AGTGTGGTCTATTGTG-1",7,7
"AGTTAAACACTTGCGA-1",4,16
"AGTTAAGCGGTCCCGG-1",9,15
"AGTTAAGTCAACCGCT-1",5,3
"AGTTACCCTTAAGACT-1",7,12
"AGTTACCGCACATGGT-1",7,16
"AGTTACTCTATCGTGG-1",6,6
"AGTTATTGAAAGGTAA-1",6,11
"AGTTCACCGGTTGGAC-1",7,12
"AGTTCCTACAGAATTA-1",7,7
"AGTTCCTATTTATGTT-1",4,16
"AGTTCTGCGTTGTATC-1",9,13
"AGTTGACATCGGCTGG-1",9,13
"AGTTGACGGTCCTTGC-1",3,8
"AGTTGCTGACTGATAT-1",7,12
"AGTTGGCAAGGCTAGA-1",5,3
"AGTTTATGTAAAGACA-1",6,15
"AGTTTCGCAGGTCGGA-1",9,15
"AGTTTGCACCTGCCTC-1",8,5
"AGTTTGGCACGGGTTG-1",7,16
"AGTTTGGCCAGACCTA-1",8,5
"ATAAACCATTGGACGG-1",6,15
"ATAAACGGACCCGTAA-1",4,16
"ATAAACGTTGCACCAC-1",4,16
"ATAAAGGCTCGGTCGT-1",7,7
"ATAAAGGTCAAGTACG-1",6,15
"ATAAATATTAGCAGCT-1",4,16
"ATAACGCCGGAGGGTC-1",7,7
"ATAACGGAGTCCAACG-1",9,13
"ATAACGTTACCTCCAC-1",6,15
"ATAAGCAAACACCGAG-1",6,15
"ATAAGGTGGAGAACAT-1",4,16
"ATAAGTACCCGATTGT-1",6,15
"ATAAGTAGGATTCAGA-1",9,13
"ATAAGTAGGGCGACTC-1",7,2
"ATAAGTTACCGCGACG-1",4,16
"ATAATACCGTTAGCCG-1",7,12
"ATAATAGCTGTTGAAT-1",4,16
"ATAATAGTGTAGGGAC-1",9,13
"ATAATCTTGGAGAACC-1",5,3
"ATAATTAGCTAAGTAG-1",5,3
"ATACAGGCCCTCCAAT-1",8,5
"ATACCACGGGCAACTT-1",4,16
"ATACCAGCAAATTGCT-1",6,6
"ATACCAGGCTAATAGA-1",6,15
"ATACCGTCATCCATAA-1",6,6
"ATACCTAACCAAGAAA-1",8,5
"ATACGAAGGCTTTCCA-1",7,12
"ATACGACAGATGGGTA-1",6,15
"ATACGAGGTTTGTAAG-1",1,1
"ATACGCCGGCGAAACC-1",7,7
"ATACGGAACGTCGTTT-1",3,8
"ATACGGGTTTCGATTG-1",9,11
"ATACGGTGAAGATGCA-1",4,16
"ATACGTACTTAGCCAC-1",8,16
"ATACGTCCACTCCTGT-1",4,16
"ATACGTTATGCACGGA-1",5,3
"ATACTACCCGTACCAC-1",8,5
"ATACTAGCATGACCCT-1",9,13
"ATACTCTCGCCACTCT-1",9,13
"ATACTGCCTTACACCG-1",8,5
"ATACTTGTTCTCGAGC-1",4,16
"ATAGACAACGGGACCT-1",9,13
"ATAGACGAAGAGAAAG-1",7,12
"ATAGAGTACTGGGACA-1",7,12
"ATAGAGTTATCAACTT-1",9,13
"ATAGATTTGCAGTCGG-1",6,15
"ATAGCAACTAGGGAAG-1",8,5
"ATAGCCATAACAGTCA-1",5,3
"ATAGCCTCAGTACCCA-1",7,12
"ATAGCTGCTCTTGTTA-1",7,12
"ATAGGAATCTAAGCTT-1",6,15
"ATAGGCGGCTATAGAA-1",8,16
"ATAGGCTAGCTTCGCA-1",9,13
"ATAGGGATATCCTTGA-1",9,13
"ATAGGTTGGGCAGATG-1",7,7
"ATAGTCTTTGACGTGC-1",9,13
"ATAGTGAAGCGTTCTC-1",4,16
"ATAGTTCCACCCACTC-1",7,7
"ATATAAAGCGCTCGTG-1",8,5
"ATATAAATGTAGCTGC-1",3,16
"ATATAACACGGGCGCA-1",5,3
"ATATACGCTCGTGACG-1",8,5
"ATATAGAGTATTGGTC-1",2,14
"ATATCAACCTACAGAG-1",7,7
"ATATCAATTCCAGCCT-1",3,8
"ATATCGGTAGGGAGAT-1",7,7
"ATATCGTGCCAGACCC-1",6,15
"ATATCGTTCCTCGAAC-1",8,5
"ATATCTCCCTCGTTAA-1",9,13
"ATATCTTAGGGCCTTC-1",7,7
"ATATGGGATAGCAACT-1",2,14
"ATATGTCTAGAGCGTG-1",3,2
"ATATGTCTCCCTAGCC-1",7,2
"ATATGTGCACAAACCA-1",6,15
"ATATTCAGTTAAACCT-1",4,16
"ATATTCCACATAGTGA-1",4,16
"ATATTCCCACAGGTCA-1",6,15
"ATATTGCTGTCAAAGT-1",9,13
"ATATTGGAGAGGCCTT-1",8,5
"ATATTTAACCCTCAAG-1",7,7
"ATCAAACACTGTTCCA-1",7,16
"ATCAAACGAAGGTTTG-1",8,5
"ATCAAAGAGCCGTGGT-1",1,1
"ATCAAGATCCCAGGAC-1",2,14
"ATCAATCTGGGCTGCA-1",7,7
"ATCAATGCCGTGGCTG-1",3,2
"ATCACATTAGAATATC-1",9,13
"ATCACGTGCTAATTAA-1",8,5
"ATCACTTCATCCTCGC-1",9,13
"ATCAGACGGCACGCCG-1",4,16
"ATCAGCCTCATGCTGC-1",8,5
"ATCAGCTCGTCCACTA-1",8,5
"ATCAGGTAGCTGACAG-1",9,13
"ATCAGGTCGCCATTGC-1",6,15
"ATCAGTAGGCAGGGAT-1",9,13
"ATCATAGATCGACGAG-1",1,1
"ATCATAGCCCTATGTA-1",8,5
"ATCATCCAATATTTGT-1",7,16
"ATCATCTGCCCAGTGT-1",6,15
"ATCATGGACTACCGAC-1",7,7
"ATCATTGTACCGCATT-1",2,14
"ATCCAACGCAGTCATA-1",7,7
"ATCCAATGGAGGGTCC-1",8,5
"ATCCAATGGTACCGAA-1",4,16
"ATCCACATCGACAGAA-1",5,3
"ATCCACGCTAAATGTT-1",6,15
"ATCCACTTTCAGACTA-1",6,15
"ATCCAGAGCAACAACC-1",4,16
"ATCCAGGATTCGTGAA-1",4,16
"ATCCCATCCACAGCGC-1",2,14
"ATCCCATTTCCGTGGG-1",2,2
"ATCCGGACCAGCCTGA-1",5,3
"ATCCTACCTAAGCTCT-1",4,16
"ATCCTGAATCGCTGCG-1",4,16
"ATCCTGCGTGGAATGG-1",4,16
"ATCCTGCTGCAGATAG-1",9,11
"ATCCTTCTGAAAGAAC-1",4,16
"ATCGACCCAATACAGA-1",4,16
"ATCGACTCTTTCCGTT-1",9,13
"ATCGCACGATTGTTCA-1",7,12
"ATCGCACGCCGGGAGA-1",7,12
"ATCGCCAGTCAACATT-1",7,7
"ATCGCTGCGTGCAGCA-1",6,15
"ATCGCTTTACGTCTCA-1",7,12
"ATCGGAGACAGACGGC-1",4,16
"ATCGGCAAGCAGTCCA-1",9,13
"ATCGGTTACCTAGTAA-1",4,16
"ATCGTCCAATCGAGTC-1",7,12
"ATCGTGGAAAGTCTGG-1",2,2
"ATCGTTAGCTAGCGGA-1",8,16
"ATCGTTCACTTTCGCC-1",6,15
"ATCTAATATCCTACGG-1",8,5
"ATCTACCATCTGCTCC-1",5,3
"ATCTAGCTTGTGAGGG-1",3,8
"ATCTCATAAACCTACC-1",6,11
"ATCTCCCACGGAATAT-1",8,5
"ATCTCCCTGCAATCTA-1",9,13
"ATCTCGTGAGCGAAAC-1",7,16
"ATCTGACATGGAAGGA-1",3,8
"ATCTGATAGTGTCTTA-1",7,12
"ATCTGCACCTCTGCGA-1",9,13
"ATCTGCTGTTATCGCC-1",3,8
"ATCTGGGCTGTTCTTG-1",5,3
"ATCTGGTTAAGACTGT-1",9,7
"ATCTGTAATTGTACCC-1",9,13
"ATCTTAGGGCATTAAT-1",2,14
"ATCTTATCGCACACCC-1",8,5
"ATCTTGACCTGCAACG-1",7,7
"ATCTTGACTTGTCCAA-1",9,13
"ATCTTTCGTATAACCA-1",6,15
"ATGAAGCCAAGGAGCC-1",7,13
"ATGACGCCGGCTCTAA-1",9,15
"ATGACGCGTTCTATCC-1",8,5
"ATGACTATCAGCTGTG-1",3,8
"ATGACTATGCGACATT-1",4,16
"ATGAGGAGTGTTAATC-1",7,7
"ATGAGGGCAGCGGCTA-1",7,7
"ATGATCGGGAATAGAC-1",9,13
"ATGATGCAATGGTACA-1",4,16
"ATGCACCTTCCTTAAT-1",7,12
"ATGCACGCGCTGTTCA-1",3,2
"ATGCACTACCGCATTG-1",7,7
"ATGCATGATCCAGGAT-1",9,13
"ATGCATTCCGTGATGG-1",6,11
"ATGCCAATCGCTCTGC-1",6,6
"ATGCCATTTGCGACCA-1",7,7
"ATGCCGGTCTTGCATA-1",7,7
"ATGCCGGTTGATGGGA-1",9,13
"ATGCGACAATTGGTCC-1",6,6
"ATGCGACAGTCCCATT-1",7,7
"ATGCGAGTCCCACCAC-1",7,16
"ATGCTCAGTGTTGCAT-1",7,7
"ATGCTCTGGCGCGGTA-1",8,5
"ATGCTTAGGAGTTGAT-1",4,16
"ATGGAAATTTAAGGAG-1",5,3
"ATGGAACAGAATAAAC-1",6,11
"ATGGAACCTTTGCACA-1",7,7
"ATGGACTGCTTAGTTG-1",1,1
"ATGGAGCAGGCCGTGA-1",7,7
"ATGGATCCGGCGTCCG-1",9,13
"ATGGATTGACCAAACG-1",7,7
"ATGGCAGCATTACGAT-1",2,2
"ATGGCAGCCGAGAAAC-1",4,16
"ATGGCGGAATAGTCGC-1",9,13
"ATGGCTGGAAATGGCC-1",6,6
"ATGGGAACGGAAGCGG-1",6,15
"ATGGGACCTGCTGAAC-1",3,8
"ATGGGCCTCGGCCTCT-1",7,7
"ATGGGTGTATACCTCC-1",2,2
"ATGGTATTGGGAACCG-1",2,14
"ATGGTATTTACTGATT-1",2,14
"ATGGTCGCGTGGTTTC-1",4,16
"ATGGTGCTCAAAGCCA-1",6,6
"ATGGTTACGAAACATG-1",6,15
"ATGTAAGGCTGCTCTT-1",9,13
"ATGTACATGCGGTGAG-1",8,5
"ATGTACGATGACGTCG-1",3,8
"ATGTAGCGCGCGTAGG-1",3,8
"ATGTCATAATAAACGA-1",1,1
"ATGTCTTGTTTGACTC-1",1,14
"ATGTGAAAGCCTAATG-1",8,5
"ATGTGCATCCGACGCA-1",9,13
"ATGTGGACATCTTGAT-1",4,16
"ATGTGTAGTTTAGTCA-1",6,11
"ATGTTACGAGCAATAC-1",7,7
"ATGTTCCTGCCCACCT-1",7,12
"ATGTTCGTCGACCCAC-1",4,16
"ATGTTGATTAGAGACT-1",5,3
"ATGTTGTAGTCTGTTT-1",3,8
"ATGTTTCGGCCCGGAG-1",9,13
"ATGTTTGTAAGATCAT-1",6,11
"ATTAAACATGCGGACC-1",4,16
"ATTAATACTACGCGGG-1",9,13
"ATTAATGAACCAGTCG-1",9,13
"ATTAATTCGGTCACTC-1",9,11
"ATTACAACTACCGGCC-1",6,15
"ATTACATGTCAGTCTT-1",4,16
"ATTACCACACTGCCTG-1",7,7
"ATTACGACTCCACAGT-1",9,13
"ATTACGCGCTGGCAGG-1",4,16
"ATTACTAGCCTCTTGC-1",9,13
"ATTACTTACTGGGCAT-1",6,6
"ATTAGATTCCTCAGCA-1",9,11
"ATTAGATTGATAGCGG-1",9,13
"ATTAGGCGATGCTTTC-1",7,7
"ATTATACTTTGCTCGT-1",9,15
"ATTATAGCTACTTTAC-1",9,13
"ATTATCGGAATGTACG-1",3,8
"ATTATCTCGACAGATC-1",6,15
"ATTATGAGACCCAATT-1",2,14
"ATTATGCCATAGGGAG-1",9,13
"ATTATGCTCAGTATTG-1",9,15
"ATTATTATGTCCGTCA-1",3,3
"ATTATTCAGAGTCACT-1",5,3
"ATTCAACCATTTAAGG-1",8,16
"ATTCACTGATGTTGGA-1",8,5
"ATTCAGATGAATCCCT-1",6,11
"ATTCAGGACCTATTTC-1",6,6
"ATTCAGGATCGCCTCT-1",9,11
"ATTCAGTAGCAGGGTC-1",7,7
"ATTCATATACTGTCCA-1",4,16
"ATTCATCGTTGAGGCA-1",8,5
"ATTCCCACATAAACAA-1",7,7
"ATTCCCGAAGGTACAG-1",2,2
"ATTCCTAAGACGTGGA-1",6,13
"ATTCCTCCGCCAGTGC-1",7,12
"ATTCCTTCCAGGCGGT-1",9,13
"ATTCGACGCCGGGCCT-1",4,16
"ATTCGCGCCTTGAGAG-1",8,5
"ATTCGTGCTATCTCTT-1",7,7
"ATTCGTGTACCCATTC-1",3,10
"ATTCTCGTCTCTTTAG-1",9,13
"ATTCTGAGTATGAACT-1",6,15
"ATTCTTCGTACTTATG-1",6,15
"ATTGAAGATCTTAGTG-1",7,7
"ATTGACCGGCGATGAC-1",6,15
"ATTGACGTAACTCGGT-1",6,6
"ATTGATAGCAACGAGA-1",9,13
"ATTGATCACCACATTT-1",5,3
"ATTGATGAGTCCTAAC-1",7,12
"ATTGCCTATTAGACCG-1",2,14
"ATTGCCTTTATGTTTG-1",5,3
"ATTGCGATCAGTAACT-1",4,16
"ATTGCTGCTCCTCCAT-1",4,16
"ATTGGATTACAGCGTA-1",4,16
"ATTGGGAATATCTTGG-1",9,13
"ATTGGGAGTTCTGTAA-1",6,15
"ATTGGTTGTGCATTAC-1",5,3
"ATTGTACAACTCGGCT-1",7,12
"ATTGTCGCAATACCTT-1",9,15
"ATTGTCTGTTTCATGT-1",2,14
"ATTGTGACTTCGCTGC-1",6,15
"ATTGTTCAACGATCCG-1",8,16
"ATTTAACTCGTATTAC-1",9,7
"ATTTACAGTTTACTGG-1",7,7
"ATTTACTAAGTCCATT-1",9,13
"ATTTATACTGGTAAAG-1",3,2
"ATTTCATTATTTCGCG-1",9,15
"ATTTCCGGGTTCTGCG-1",5,3
"ATTTGCCTAGTTACGA-1",6,6
"ATTTGCGCGAGTAGCT-1",8,5
"ATTTGGAGATTGCGGT-1",3,3
"ATTTGTCTTGGGAGCT-1",7,7
"ATTTGTTCCAGGGCTC-1",9,11
"CAAACCATAAGCGTAT-1",3,8
"CAAACCCTCCGGCGGG-1",2,2
"CAAACGAGTATCGCAG-1",4,16
"CAAACGGTCGCACTTT-1",7,7
"CAAACGTGGTCTTGCG-1",6,15
"CAAACTACGATAGAGA-1",6,6
"CAAACTATTGAGCTTC-1",6,15
"CAAACTCGCGACGCCG-1",7,7
"CAAAGATTATTGGGCC-1",5,3
"CAAAGGTCATCTGAAA-1",7,16
"CAAAGGTTAAATTCAG-1",6,11
"CAAATCTCTCACAAGG-1",8,5
"CAAATGCGGAGTGTTC-1",6,15
"CAAATGTCCTTCCGTG-1",4,16
"CAAATTGGATTATGCC-1",9,13
"CAAATTGTCAGCAAGC-1",9,15
"CAACACATCTCCTGCC-1",7,13
"CAACAGAATAACGCTA-1",6,11
"CAACAGTGCCAAACGG-1",6,15
"CAACCAGTGGCCTACC-1",8,5
"CAACCTACCGAGCAGT-1",8,5
"CAACCTGAACCTGCCA-1",6,13
"CAACGACCCGTTTACA-1",9,13
"CAACGCGATGAGCCAA-1",1,1
"CAACGGTTCTTGATAC-1",9,13
"CAACGTGGTGGAGTCT-1",8,5
"CAACTATATCGAATGC-1",9,15
"CAACTCCAACGTTTAG-1",6,15
"CAACTCCGTAACTTGC-1",6,15
"CAACTCCTTGATCCCG-1",9,13
"CAACTGAGGGTATGAC-1",6,15
"CAACTGCTCATCCGAT-1",5,3
"CAACTTGTAGTGGGCA-1",6,15
"CAAGAAACCCTAAACT-1",6,15
"CAAGAGGGCGGAGTAC-1",4,16
"CAAGATATTATAACGT-1",7,7
"CAAGCAACGTCGGAGT-1",4,4
"CAAGCACCAAATGCCT-1",6,15
"CAAGCGGCACATAATT-1",8,16
"CAAGGATCGCATGTTC-1",7,7
"CAAGGCCAGTGGTGCA-1",8,5
"CAAGGGAGTGTATTTG-1",9,11
"CAAGGTCCTATAGGCT-1",9,13
"CAAGTAAGTGATAGAC-1",3,2
"CAAGTCGTTGAAATCT-1",1,1
"CAAGTGAACTTTGGTT-1",6,15
"CAAGTGTGGTTGCAAA-1",7,7
"CAATAAACCTTGGCCC-1",9,6
"CAATACGAGAGTCTGA-1",7,7
"CAATACGCTCTGAGGC-1",8,5
"CAATATGTAGATTTAC-1",6,11
"CAATATTCTTGACCTA-1",8,5
"CAATATTGGACTAGTG-1",7,12
"CAATCCATTATCCGTT-1",6,11
"CAATCCCTATACCAGC-1",6,15
"CAATCCTGCCGTGGAG-1",9,13
"CAATGACCCTTAATTT-1",1,14
"CAATGAGGTTCGACTA-1",9,13
"CAATGCGAGAAGTATC-1",4,16
"CAATGGAATCTACATA-1",6,15
"CAATGGATCTCTACCA-1",9,13
"CAATGGTCGGCCTGGG-1",6,15
"CAATGTGCCAACCCTT-1",7,7
"CAATTAAGGGTGATGA-1",7,7
"CAATTGGGCCGCACTC-1",3,8
"CAATTTCGTATAAGGG-1",7,7
"CAATTTGACCGGGAAG-1",2,14
"CACAAACCGCAGAACT-1",5,3
"CACAAGAAAGATATTA-1",9,13
"CACAAGCTAAGAAAGG-1",2,14
"CACAATGAGCTGCTAT-1",4,16
"CACACACGCTAACGAG-1",4,16
"CACACAGCTTGCGCTC-1",7,7
"CACACAGGGATAGATT-1",7,7
"CACACGCGCTGTCTTA-1",9,13
"CACACGTTTCAATGGG-1",6,15
"CACACTTGTATTGCGA-1",9,15
"CACAGAGACGAGGACG-1",2,2
"CACAGCACCCACGGCA-1",7,7
"CACAGCTAGGGAGTGA-1",9,13
"CACAGGGCCATATAGT-1",4,16
"CACAGGGCCGTTGTCA-1",5,3
"CACAGTCCCGCTTCGC-1",8,5
"CACAGTTCGCTTCCCA-1",8,5
"CACATATTAGCAGGAT-1",4,16
"CACATCGTGCACGCGC-1",3,3
"CACATCTCACCGACGA-1",8,5
"CACATGATTCAGCAAC-1",7,7
"CACATGTTTGGACATG-1",9,13
"CACATTCTTTCGATGG-1",6,15
"CACATTTCTTGTCAGA-1",7,7
"CACCAATCATCCGTCT-1",3,8
"CACCACGCCACACAGA-1",8,5
"CACCAGTCAGCATGCA-1",3,8
"CACCATCGGAGGAGAC-1",9,13
"CACCATGATCGCAAAG-1",6,6
"CACCCAAATCTTATGT-1",7,12
"CACCCACACGTCACCC-1",9,13
"CACCCACGAGGCAATT-1",9,15
"CACCCGCGTTTGACAC-1",3,8
"CACCCGGTTTGTGACT-1",8,5
"CACCCTAACAAGATCT-1",8,16
"CACCCTTGGTGAGACC-1",8,5
"CACCCTTTCCTCGCTC-1",6,6
"CACCGATACACCGAGC-1",6,15
"CACCGATGATGGGTAC-1",5,3
"CACCGCCAGAAGGTTT-1",7,7
"CACCGCCGACCAGCGA-1",9,13
"CACCGCGTCCACTCTA-1",6,15
"CACCGGAGATATCTCC-1",6,15
"CACCGGGCATCACAAG-1",3,3
"CACCGGTAGAGACATT-1",2,14
"CACCGTATCCCATCCG-1",4,16
"CACCGTTAGGGATCAC-1",8,5
"CACCGTTGCGCGATAT-1",8,5
"CACCTAATAGAGTCGT-1",9,13
"CACCTAATCAGTTTAC-1",9,4
"CACCTCGATGGTGGAC-1",6,6
"CACCTCTACGAGTGTG-1",6,15
"CACCTTGCGAAACTCG-1",9,13
"CACCTTGGCGCCTTTG-1",7,7
"CACGAAAGTTAGTCCC-1",4,16
"CACGACCACAGACTTT-1",6,11
"CACGACGTAATAGTAA-1",6,15
"CACGACTAAAGTTCTG-1",9,11
"CACGATTGGTCGTTAA-1",6,6
"CACGCACAGCGCAGCT-1",9,13
"CACGCAGCGAGGCTTT-1",7,12
"CACGCGGAACTGTTGC-1",7,7
"CACGGACGTGGATGGC-1",9,13
"CACGGCGCGCCAAAGG-1",6,15
"CACGGGATTGAGGGTT-1",4,16
"CACGTCAATCAATGGA-1",8,5
"CACGTCGGCAACCTCT-1",8,5
"CACGTCTATGATGTGG-1",6,15
"CACGTTCGTGCTCTAG-1",7,7
"CACGTTTCGTACACAC-1",4,16
"CACTAAAGTTGCCTAT-1",7,16
"CACTACGGGAGCTGCC-1",8,5
"CACTACTCAGTTCTGT-1",6,15
"CACTCAAGAGCTATGG-1",7,7
"CACTCAGCTCTTGAGG-1",6,15
"CACTCCTATGTAAGAT-1",5,3
"CACTCCTCTCGGTCGG-1",9,15
"CACTCGAGCTGAACAA-1",4,16
"CACTCGGTTAGGAGGA-1",4,16
"CACTCTCAAGCATCGA-1",2,2
"CACTCTTCTGCTAGCC-1",8,16
"CACTGACGATTGTGGA-1",3,8
"CACTGTCCAAGTGAGA-1",9,13
"CACTTAATCAGACGGA-1",7,7
"CACTTCGCCACAGGCT-1",7,7
"CACTTCGTCTTATCTC-1",7,12
"CAGAACTTAGCCCTCT-1",4,16
"CAGAATAACACACGGA-1",4,16
"CAGAATATTCGTTATC-1",4,16
"CAGACACCGATCGCTG-1",8,5
"CAGACCTGTAAGTGTT-1",7,13
"CAGACGAACCTGATAC-1",8,16
"CAGAGACGGTCACCCA-1",8,16
"CAGAGCATGAGCTTGC-1",9,13
"CAGAGCGATGGATGCT-1",5,3
"CAGAGGCGATGCATGA-1",8,5
"CAGAGTGATTTAACGT-1",6,13
"CAGATAATGGGCGGGT-1",8,5
"CAGATACTAACATAGT-1",7,12
"CAGATATGAAGATGAC-1",2,14
"CAGATCATTTAAAGTC-1",6,15
"CAGATCCTGGTTTGAA-1",5,3
"CAGATGTTTGTCCCAA-1",5,3
"CAGCAGCCCGTTCCTT-1",9,13
"CAGCAGTCCAGACTAT-1",4,16
"CAGCAGTCTGTGCTGC-1",5,3
"CAGCCCTCACAGGCAG-1",6,11
"CAGCCGGGCCCTCTAT-1",6,15
"CAGCCTCCTGCAGAGG-1",9,13
"CAGCCTCGATAGCGGT-1",8,5
"CAGCCTCTCCTCAAGA-1",6,6
"CAGCGATTCCCTTCAA-1",8,5
"CAGCGCCAACACGATA-1",4,16
"CAGCTCACTGAGACAT-1",7,7
"CAGCTCGACAAGTTAA-1",9,13
"CAGCTCGTGCTTGTGT-1",9,13
"CAGCTCTGGGCTCACT-1",1,1
"CAGCTGGCGTAACCGT-1",8,5
"CAGCTTAGTAGGTAGC-1",4,16
"CAGGAAGACTTTATAT-1",6,15
"CAGGACAGCTGCCCTT-1",7,12
"CAGGATATATCGTTGT-1",4,16
"CAGGATCCGCCCGACC-1",6,6
"CAGGCAGTCTTACCAG-1",5,3
"CAGGCCGTTTGGGTGT-1",4,16
"CAGGCGCACGGTGGTC-1",5,3
"CAGGCGCCATGCTAGG-1",4,16
"CAGGTTTAGTACTACA-1",6,15
"CAGTAACTATTTATTG-1",6,11
"CAGTAAGGGACGTCTC-1",2,14
"CAGTAATCCCTCCCAG-1",7,7
"CAGTACATTCTCTAAA-1",6,6
"CAGTACCAGTTTACGT-1",8,5
"CAGTAGCCCACGCGGT-1",9,13
"CAGTAGCGAGGTAGTA-1",9,11
"CAGTCCAACGCCTTCT-1",6,15
"CAGTCGAGGATGCAAT-1",6,6
"CAGTCGGCCTAGATAT-1",8,5
"CAGTCTCTCGGCTAAT-1",6,6
"CAGTCTGTATACTGGG-1",5,3
"CAGTGAATAAATGACT-1",9,13
"CAGTGGTTGCACATGA-1",9,13
"CAGTGTCCGCAGAATG-1",9,13
"CAGTGTCGGCTGGCCC-1",4,16
"CAGTGTTAATCTCTCA-1",1,14
"CAGTTCAAATTGACAC-1",7,7
"CAGTTCCGCGGGTCGA-1",7,7
"CAGTTCGAGGACCCGA-1",2,2
"CATAACGGACAGTCGT-1",7,7
"CATAAGAAGCTTGGCT-1",8,5
"CATAAGCTCTCCGTCT-1",8,5
"CATACAAAGCCGAACC-1",6,6
"CATACACAAAGTCAGC-1",5,3
"CATACACGGTTCCCAC-1",5,3
"CATACCCGTACCCAGT-1",4,16
"CATACGAACTAGCTGG-1",2,2
"CATACGGCGTCTGGGC-1",7,7
"CATACGGGTGCATGAT-1",7,12
"CATACTATGTAATTGT-1",4,16
"CATACTTAGGCAATAC-1",7,7
"CATACTTCTTTCTCCG-1",3,2
"CATAGAGGAGATACTA-1",5,3
"CATAGCCGCCCGGGAT-1",7,7
"CATAGCGTTGCCCACC-1",8,5
"CATAGTACATTGAGAG-1",6,15
"CATAGTAGCATAGTAG-1",9,13
"CATAGTCAAATACATA-1",5,3
"CATAGTCCACAAGAAC-1",8,5
"CATATACTACTGATAA-1",6,15
"CATATAGGTACAGTCA-1",4,16
"CATATGTCAGGCTACG-1",8,5
"CATATTATTTGCCCTA-1",6,15
"CATCAAACTGGCGCCC-1",6,6
"CATCAACACCTACTAA-1",7,12
"CATCATCTACCCGGAC-1",6,6
"CATCATTACCCTGAGG-1",4,16
"CATCCAATATAGTTTG-1",2,14
"CATCCCGAGATTCATA-1",5,3
"CATCCGCAGGCCCGAA-1",7,12
"CATCCTCTCAAAGATC-1",4,16
"CATCGAATGGATCTCT-1",7,12
"CATCGCCCGCGGCCAA-1",9,13
"CATCGGACGGGTTAAT-1",4,16
"CATCGTCCGGTTACTA-1",7,12
"CATCTACCCGAGAACG-1",6,11
"CATCTAGTGAAGGGAA-1",7,7
"CATCTATCCCGTGTCT-1",6,15
"CATCTGCAGGATCATT-1",7,12
"CATCTTACACCACCTC-1",7,7
"CATGAACCGACATTTG-1",6,15
"CATGAACCTCTTATCA-1",6,15
"CATGACTTCGCTGAAT-1",7,7
"CATGAGATGCACTCTC-1",8,5
"CATGAGTCCATCACGG-1",1,14
"CATGATACGGTGAAAC-1",2,2
"CATGATCGCTTTGAGA-1",8,5
"CATGATGCACAATTCT-1",9,13
"CATGATGGAAGTTAGC-1",7,7
"CATGCACGTGTTACTG-1",6,15
"CATGCATGGAGACCCT-1",6,15
"CATGCCAACTCGCAAA-1",8,5
"CATGCGACCAGTTTAA-1",9,13
"CATGCGTTAGACAGAA-1",6,6
"CATGCGTTGAGAGGAG-1",1,14
"CATGCTGGCTCCAATT-1",9,15
"CATGGAAATGGGACCA-1",6,15
"CATGGATTGTCTTCCG-1",4,16
"CATGGCAGGAAGATCG-1",9,13
"CATGGGTATGCCTTAT-1",8,16
"CATGGGTCGGGTGTGG-1",9,11
"CATGGTAAGTAGCGTT-1",4,16
"CATGGTATTAGTTTGT-1",3,2
"CATGGTCTAGATACCG-1",9,13
"CATGGTTTATTAATCA-1",5,3
"CATGTAAGAGACATTT-1",4,16
"CATGTAGGAGCGCCAA-1",6,15
"CATGTCTCATTTATGG-1",4,16
"CATGTGGGCTCATCAC-1",3,8
"CATTACATAGATTGTG-1",6,13
"CATTACGCAGGAAGGG-1",5,3
"CATTACGTCGGCCCGT-1",9,13
"CATTATAACAGGGTCC-1",6,15
"CATTATCCCATTAACG-1",2,2
"CATTATGCTTGTTGTG-1",7,12
"CATTCACTGACAGCTA-1",6,15
"CATTCAGGTCAGTGCG-1",7,12
"CATTCCCATTCCGTCG-1",7,13
"CATTCCCTAAGTACAA-1",9,13
"CATTCGTCGTAGCGGT-1",8,5
"CATTGATGAACACGCC-1",9,13
"CATTGCAAAGCATAAT-1",6,6
"CATTGCGAAATGGGCG-1",4,16
"CATTGCGGGTCAATTC-1",9,13
"CATTGTGTGCTAGATC-1",9,13
"CATTTAGCGGACCATG-1",9,13
"CATTTATCGTTCAAGA-1",6,15
"CATTTCTAGCAGACTA-1",9,13
"CATTTGAGTGGTACGT-1",8,5
"CCAAACAGAACCCTCG-1",7,12
"CCAAAGTCCCGCTAAC-1",9,11
"CCAAATAACAAGATTC-1",4,16
"CCAAATCAAAGGGCAA-1",1,1
"CCAACCTTATGTAACT-1",2,2
"CCAACGATGCACTGAT-1",7,7
"CCAACGCTTGCCAGGG-1",6,15
"CCAACTTGATAGATCC-1",7,16
"CCAAGAAAGTGGGCGA-1",8,16
"CCAAGACTTCTGCGAA-1",9,13
"CCAAGCGTAACTCGTA-1",7,7
"CCAAGGAACAGAGAGG-1",9,15
"CCAAGGTTGCCCTTTC-1",5,3
"CCAAGTTTCTACAGAT-1",7,12
"CCAATAGTGCCGTCGA-1",4,16
"CCAATCGGTAGATCGA-1",6,15
"CCAATGTCACAGCAAG-1",4,16
"CCAATTACGGGTCGAG-1",6,15
"CCAATTGAATGTTAAT-1",7,7
"CCACAATGTACGTCTT-1",9,13
"CCACACTGAGATATTA-1",4,16
"CCACAGCTGAAATCAT-1",9,13
"CCACAGTACCCATCCT-1",4,16
"CCACATACTGCACCCA-1",4,16
"CCACATGGCTCTTTAT-1",3,8
"CCACCAACTTTACTGT-1",8,5
"CCACCCAAGGAAAGTG-1",7,7
"CCACCTGTATGGAATA-1",8,5
"CCACGAATTTAACCTC-1",7,7
"CCACGAGAAGAGAATC-1",9,15
"CCACGGAGCCATAAGA-1",8,5
"CCACGGCAGGTGTAGG-1",1,1
"CCACGGTGCCCGGTAG-1",7,12
"CCACGTAAATTAGACT-1",7,12
"CCACTAAACTGAATCG-1",7,12
"CCACTATCCGGGTCAC-1",9,13
"CCACTCAGATCCGCAA-1",3,8
"CCACTGGTGGCTGGTT-1",4,16
"CCACTGTTTGGATTAA-1",4,16
"CCAGAAACTGATGCGA-1",5,3
"CCAGAAAGCAACTCAT-1",8,5
"CCAGAGACAAAGCCGG-1",7,7
"CCAGATAGTTGAGTGA-1",9,13
"CCAGATGTAAATGGGT-1",9,15
"CCAGCCTGGACCAATA-1",7,7
"CCAGCGGGATCACCAG-1",9,13
"CCAGCTACGCCTCATA-1",6,15
"CCAGCTCGAACGCATT-1",5,3
"CCAGCTGATGGTACTT-1",4,16
"CCAGCTTCCGCCCGCA-1",4,16
"CCAGGCTGGCGTCTGA-1",8,16
"CCAGGGACGTGGCCTC-1",7,12
"CCAGTAGTCTGATCCA-1",9,13
"CCAGTCAAATCTCTTA-1",8,5
"CCAGTCCATTATTCGA-1",9,13
"CCAGTCTAGACGGCGC-1",9,13
"CCAGTCTTGTCATAGA-1",5,3
"CCAGTTCGGTAACTCA-1",3,8
"CCATAAACAACCCGAC-1",6,15
"CCATAACCTGTGCAGT-1",5,3
"CCATACCTTTACTTGT-1",7,13
"CCATAGAGGCTGCCAG-1",2,2
"CCATAGGTTGGCGTGG-1",9,11
"CCATAGTCAGTAACCC-1",7,12
"CCATATGGAAACTATA-1",4,16
"CCATATTGGATCATGA-1",7,12
"CCATCATAAGAACAGG-1",6,6
"CCATCCATACCAAGTC-1",6,6
"CCATCGCAGTTAAACT-1",4,16
"CCATCTCACCAGTGAA-1",7,7
"CCATCTTGTTCACAAT-1",9,11
"CCATGCCCTAGATTTC-1",4,16
"CCATGCCTGTTTAGTA-1",4,16
"CCATGCTCTGCAGGAA-1",7,7
"CCATGGCAAACGCTCA-1",1,1
"CCATGGCCCTTGTACC-1",4,16
"CCATGTTCATCTATAT-1",1,14
"CCATTAGCGATAATCC-1",7,16
"CCATTCCCTGCCCACA-1",4,16
"CCATTGTTTCCTCCAT-1",9,13
"CCATTTCTACCTATTA-1",8,5
"CCCAAACATGCTGCTC-1",7,7
"CCCAACATACGTCGCG-1",4,16
"CCCAACCACACTAACA-1",6,15
"CCCAAGAATGCACGGT-1",6,15
"CCCAAGACAGAGTATG-1",9,11
"CCCAAGTCATTACACT-1",5,3
"CCCAATGAGATTTGCA-1",3,3
"CCCAATTTCACAACTT-1",4,16
"CCCACTCCACGGTATC-1",8,5
"CCCAGAGGAGGGCGTA-1",6,6
"CCCAGGAAGAATTCGA-1",2,2
"CCCAGGTCTGAAGGCT-1",8,5
"CCCAGTAAACTTGGGA-1",5,3
"CCCAGTTAAGGCGCCG-1",7,7
"CCCATATAGGTCGATT-1",8,5
"CCCATTATTGTATCCT-1",3,8
"CCCGAAGTTTCGCGAA-1",8,5
"CCCGACCATAGTCCGC-1",9,13
"CCCGAGTTTCTCCGTA-1",7,16
"CCCGATAGCCTCGCCT-1",7,12
"CCCGCAAATAATCATC-1",1,1
"CCCGCAGCGCGAACTA-1",4,16
"CCCGCAGGGCCCAAAG-1",6,13
"CCCGCCATGCTCCCGT-1",9,13
"CCCGCGCAATGCACCC-1",7,12
"CCCGCTAGAGGGTTAA-1",6,11
"CCCGGCACGTGTCAGG-1",3,10
"CCCGGGTCGTTCAGGG-1",3,8
"CCCGGTGGAAGAACCT-1",7,7
"CCCGGTGTATCGGAAT-1",5,3
"CCCGTAAGTCTAGGCC-1",4,1
"CCCGTAGCTGGGAAGA-1",5,3
"CCCGTCAGCGTCTGAC-1",7,7
"CCCGTGACAGTGCCTT-1",3,8
"CCCGTGAGGGCGGTGA-1",8,5
"CCCGTTTCGCAGATGT-1",4,16
"CCCTACCCACACCCAG-1",3,8
"CCCTACTTGAACAATG-1",5,3
"CCCTAGCTCTAAGGTC-1",1,1
"CCCTAGGCAACAAGAG-1",8,5
"CCCTAGTGTCAGGTGT-1",9,13
"CCCTATGTAGAGCAGA-1",3,8
"CCCTCAGATCGAGAAC-1",1,1
"CCCTCATTCTGGAATT-1",9,13
"CCCTCCTCGCTCGTAT-1",4,16
"CCCTCGATAATACACA-1",1,1
"CCCTCGGGAGCCTTGT-1",6,6
"CCCTGAAATGAGTTGA-1",7,7
"CCCTGACTAACAAATT-1",4,16
"CCCTGATGTAACTCGT-1",9,13
"CCCTGCCCAATCCGCT-1",8,16
"CCCTGCGCTACGCATA-1",4,16
"CCCTGGCTGTTCCTTC-1",5,3
"CCCTGGGAGGGATCCT-1",2,2
"CCCTGGTATGGGCGGC-1",6,15
"CCCTGTTGGCAAAGAC-1",7,12
"CCCTTCTCGTACGCGA-1",9,11
"CCCTTTAATGGAGTTC-1",8,5
"CCCTTTGACAGGTCTT-1",8,16
"CCGAAAGTGGTGAGCA-1",9,13
"CCGAACACTGGGCCTC-1",8,5
"CCGAACCTTCCCGGCC-1",4,16
"CCGAAGCATTGACCAA-1",2,2
"CCGAAGGGCGTACCGC-1",9,13
"CCGAAGTATATTGTTC-1",7,7
"CCGACAAACACATGAG-1",7,12
"CCGACAAAGGGAGTGC-1",4,16
"CCGACAATAGGCCGCC-1",4,16
"CCGACGGGCATGAGGT-1",5,3
"CCGACGTAAACACAAC-1",6,6
"CCGACTCGCATAGTCT-1",6,15
"CCGAGAAGTCGCATAA-1",7,7
"CCGAGCTGTGCTTGTC-1",6,15
"CCGAGGGATGTTAGGC-1",6,15
"CCGATATGACGTAAGG-1",8,16
"CCGATCTCAACCTTAT-1",7,7
"CCGATCTTAAGAGGCT-1",6,15
"CCGATTCGAGGGACCC-1",4,16
"CCGCACAAAGACCAAC-1",7,7
"CCGCACACGAACGTGT-1",7,7
"CCGCACGTGACCTCGG-1",7,7
"CCGCACTTGCAATGAC-1",5,3
"CCGCATGTGGTACGAT-1",8,5
"CCGCCACCACAATCCA-1",6,15
"CCGCCGGAACTTCTCG-1",5,3
"CCGCCGGTCAACACAC-1",9,15
"CCGCCGTTGAGGATAA-1",7,7
"CCGCCTGCGAATTGGT-1",6,6
"CCGCCTTGCGATGTCG-1",8,5
"CCGCGATTTGGTAGGT-1",8,5
"CCGCGCAAGATACCCA-1",2,14
"CCGCGGAATGCGTCAC-1",8,5
"CCGCGGGTACGAAGAA-1",4,16
"CCGCGTAGGTAAGGGC-1",4,16
"CCGCTATCAGCACCAG-1",4,16
"CCGCTCCAGGGCGATC-1",2,2
"CCGCTCTTCCGAACTA-1",8,5
"CCGCTGGTGCCATTCA-1",6,15
"CCGCTTACCTCACTCT-1",8,5
"CCGCTTCGCGGTTAAC-1",9,11
"CCGCTTGCTGACATGG-1",9,13
"CCGGAAGTGCAATATG-1",3,10
"CCGGAAGTTATCAGTC-1",4,16
"CCGGAATGGTTTCAGT-1",7,7
"CCGGAGCGTACTTTCT-1",8,5
"CCGGAGGTCTTATGGT-1",6,15
"CCGGCACGACCGTTTC-1",7,2
"CCGGCCGCGAGCATAT-1",3,2
"CCGGCGCATATTGGAT-1",9,6
"CCGGCGTGAGACTCTG-1",8,5
"CCGGGACCCGCAGAGA-1",9,13
"CCGGGCGGTCTCGTCA-1",7,7
"CCGGGCTAAGAATTTC-1",1,1
"CCGGGCTGCTCCATAC-1",7,7
"CCGGGTTCGAGGTTAC-1",4,16
"CCGGTAATGGCTAGTC-1",7,7
"CCGGTATCTGGCGACT-1",2,2
"CCGGTTTGTAATTGTG-1",5,3
"CCGTAAGTTGGTCCCA-1",7,7
"CCGTACCCAAGCGCCA-1",6,6
"CCGTAGGAAATCCCTG-1",8,5
"CCGTAGGGTTGTTTAC-1",8,5
"CCGTATCTCGTCGTAG-1",5,3
"CCGTATTAGCGCAGTT-1",6,15
"CCGTCAACCTCTGGCG-1",2,14
"CCGTGAGGCATTCATG-1",7,12
"CCGTGCCCATGACGGC-1",9,13
"CCGTGGAACGATCCAA-1",9,13
"CCGTGTTAAATTCCAT-1",8,5
"CCGTTACGTTAGAACA-1",9,11
"CCGTTCCGAATCTCGG-1",4,16
"CCGTTTCCTTTCCGTG-1",1,1
"CCTAAACAGGGTCCGT-1",6,15
"CCTAAAGGCTGACGCT-1",9,15
"CCTAAATTAACGGTTC-1",7,7
"CCTAAATTGTATCCTA-1",4,16
"CCTAACCCAAACAAGT-1",4,16
"CCTAACTAAGGCTCTA-1",6,15
"CCTAAGTGTCTAACCG-1",8,10
"CCTACAAGTCCGGAAT-1",6,15
"CCTACAGTTGAGGGAG-1",2,2
"CCTACATTCACAGACG-1",8,5
"CCTACGCGACCTTACA-1",6,15
"CCTACGGCTCAGTCGA-1",9,13
"CCTACTCAACACGATT-1",8,5
"CCTACTGCTTACACTT-1",7,12
"CCTAGGCGTAGCGATC-1",7,7
"CCTAGGTAAAGGTAGC-1",5,3
"CCTAGTTAGTCGCATG-1",6,13
"CCTATAATGAGTGCCC-1",8,16
"CCTATACCGTCCTGTC-1",5,3
"CCTATATCGTGTCACG-1",2,2
"CCTATATTTGTCCTGG-1",3,3
"CCTATCTATATCGGAA-1",9,11
"CCTATGAAGTGGTGCC-1",7,7
"CCTATGGCTCCTAGTG-1",3,8
"CCTATGGGTTACCGTC-1",7,10
"CCTATGGTCAAAGCTG-1",3,8
"CCTATGTCCACTCCAC-1",8,5
"CCTATTATTCCGGCCG-1",2,14
"CCTCACCAATCTTGAC-1",9,13
"CCTCACCTGAGGGAGC-1",9,13
"CCTCACCTTAGCATCG-1",9,13
"CCTCACGTCAGCTAAT-1",8,5
"CCTCATGCAGCTACGA-1",6,15
"CCTCCCGACAATCCCT-1",6,15
"CCTCCGACAATTCAAG-1",4,16
"CCTCCTAGCTAGAGTC-1",2,14
"CCTCCTGAGCCCACAT-1",4,16
"CCTCCTGTTGTGTCGT-1",8,5
"CCTCGAAGTGGACGGG-1",6,6
"CCTCGACCCACTGCCT-1",6,15
"CCTCGCCAGCAAATTA-1",6,6
"CCTCGCGCGATATAGG-1",9,13
"CCTCGCGCTGTGCGAT-1",8,5
"CCTCGGACCGGGATAG-1",7,7
"CCTCGGATGCTACCTG-1",4,16
"CCTCGGTTTCCTTGCC-1",2,14
"CCTCGTTACGCCTGTT-1",9,11
"CCTCTAATCTGCCAAG-1",9,6
"CCTCTACAAGGATTGG-1",2,2
"CCTCTATCGATTAGCA-1",5,3
"CCTCTCTCCCATCTAG-1",4,16
"CCTCTGGCCTAGACGG-1",6,6
"CCTCTGTACTATTCTA-1",8,16
"CCTGAACGATATATTC-1",7,7
"CCTGAATATTTACATA-1",9,13
"CCTGACCACCGATGGT-1",4,16
"CCTGACGCAACCTTTA-1",6,15
"CCTGAGAATAAATGCA-1",1,14
"CCTGATTCGCGAAGAA-1",3,8
"CCTGCCCGTTGTCTAG-1",4,16
"CCTGCGATAGAACTGT-1",9,12
"CCTGCGTTCTACGCTT-1",4,16
"CCTGCTATTTGAGAAG-1",7,12
"CCTGGAAACGTTCTGC-1",7,7
"CCTGGCTAGACCCGCC-1",7,7
"CCTGGTCGAATGTGGG-1",8,5
"CCTGTAAGACATGATA-1",4,16
"CCTGTACTCACGCCCA-1",4,16
"CCTGTCACCCGGGCTC-1",7,7
"CCTGTCCCTCACGTTA-1",7,7
"CCTGTCGCCCGTAAAT-1",7,7
"CCTGTGAAACCGTAAC-1",4,16
"CCTGTGCATAGGAGAC-1",7,12
"CCTGTTCAACCTCGGG-1",2,14
"CCTGTTTGAAGACACG-1",8,5
"CCTTAAGTACGCAATT-1",3,8
"CCTTCAGTTAAAGTGA-1",5,3
"CCTTCGTATAGAATCC-1",3,8
"CCTTCTCAGCGTTCCT-1",8,5
"CCTTCTTGATCCAGTG-1",9,11
"CCTTGACCACTTTATT-1",4,16
"CCTTGTGAACGTGGTT-1",1,14
"CCTTTAAGGGAGCACT-1",5,3
"CCTTTCAATGAAGAAA-1",9,13
"CCTTTGAATTATGGCT-1",3,2
"CGAAACATAGATGGCA-1",6,6
"CGAAACGCAATTCATG-1",4,16
"CGAACAGTATGGGCGT-1",4,16
"CGAACATAGTCAGAAA-1",6,15
"CGAACCCGCATGCGTC-1",8,16
"CGAACCTCTTTCCTAG-1",3,10
"CGAACGCCCAGTGCCG-1",9,13
"CGAACGGCCGGACAAC-1",8,5
"CGAAGACGGTGAGTGC-1",4,16
"CGAAGACTGCCCGGGA-1",6,6
"CGAAGATCAGTTTCAT-1",3,8
"CGAAGCTATAAATTCA-1",6,13
"CGAAGGGTTTCAGATT-1",2,14
"CGAAGTTGCTCTGTGT-1",6,6
"CGAATCTGCTCGACGC-1",3,2
"CGAATGAAGTCATTGC-1",2,2
"CGAATGACGCATAATG-1",5,3
"CGAATGGTAGGTCGTC-1",1,14
"CGAATTACATGGTGTT-1",6,15
"CGAATTCCCGGTTCAA-1",5,10
"CGACAATTTGATCTAA-1",7,7
"CGACACCGCTTAAGGA-1",6,15
"CGACACGCTCCGACAG-1",7,16
"CGACAGTTCGCGTTAT-1",4,16
"CGACATGCGATCTTCT-1",6,15
"CGACCGTTGGTATTCG-1",1,14
"CGACGCATCCGTACCT-1",5,3
"CGACTCAGGATGTTAT-1",9,11
"CGACTCGGTACACGGT-1",6,15
"CGACTTTGTATAGCCT-1",7,7
"CGAGACCCTAGAGTGT-1",4,16
"CGAGACTACTGCTGCT-1",5,3
"CGAGAGATGTGAACCT-1",7,12
"CGAGAGCGCGTAGATA-1",8,5
"CGAGAGCTTTCACTAC-1",5,3
"CGAGAGGGTAGCCGCG-1",4,16
"CGAGATGTTGCCTATA-1",9,11
"CGAGATTTCGCTCGGG-1",7,7
"CGAGCACTTCAAGTTT-1",7,7
"CGAGCGTTGATCAGCC-1",9,15
"CGAGCTGGGCTTTAGG-1",9,13
"CGAGGAGCTTCCATAT-1",6,15
"CGAGGATCGGGAACGA-1",6,13
"CGAGGCCAGGCATTGG-1",9,13
"CGAGGCTAAATATGGC-1",7,7
"CGAGGGACTGCGGTCG-1",7,7
"CGAGGGTATCCAGGTG-1",3,8
"CGAGTACTAAAGAGGA-1",8,5
"CGAGTGAAGGTACCAG-1",5,3
"CGAGTGCTATAGTTCG-1",9,11
"CGAGTTCTGTCCCACC-1",9,13
"CGAGTTTATCGGACTG-1",7,7
"CGATAACCAATTTGAG-1",6,6
"CGATAATACTCAGGTT-1",7,7
"CGATACCTCGCGGACA-1",4,16
"CGATAGCGATACAGTG-1",2,14
"CGATAGTCGTACTGCA-1",5,3
"CGATATTAGCCGCAGG-1",6,15
"CGATCATTAGAGGCAC-1",6,15
"CGATCCACCATTGTTG-1",2,14
"CGATCCGACCCAGTGC-1",4,16
"CGATCCTCGCAACATA-1",3,8
"CGATCGAGAAGCACCA-1",1,14
"CGATCTGTTGGAGGAC-1",8,5
"CGATGGACCCTACGCC-1",6,6
"CGATGTTGTTATCTAC-1",3,8
"CGATTAAATATCTCCT-1",8,5
"CGATTCGCCTGGCTGC-1",8,5
"CGCAAACACGAGTTAC-1",7,7
"CGCAATTACTTTCGGT-1",7,7
"CGCAATTAGGGTAATA-1",7,7
"CGCAATTCTACAATAA-1",7,7
"CGCACATGTCCACTAC-1",7,7
"CGCACGTCTGTTTATG-1",1,14
"CGCACGTGCGCTATCA-1",7,7
"CGCAGAAACATTTGCG-1",6,15
"CGCAGATCTTCACCCG-1",9,7
"CGCAGGCGATCCAAAC-1",4,16
"CGCATCATGGCTTCAG-1",6,15
"CGCATCCATCAGCCAG-1",9,13
"CGCATGCCGAATGCGT-1",5,3
"CGCATGGTGCGATGCT-1",7,7
"CGCATTAGCTAATAGG-1",7,12
"CGCCAAGAAGCCGAGT-1",4,16
"CGCCACAGGTCGCGAT-1",5,3
"CGCCACCCGCATTAAC-1",7,12
"CGCCATCCGATTATGA-1",9,13
"CGCCCAGCACGCCTAG-1",5,3
"CGCCCAGCGTTTCACG-1",5,3
"CGCCCGCTTCCGTACA-1",9,15
"CGCCCTAATTGTTCAA-1",2,14
"CGCCCTTACATCCACC-1",6,11
"CGCCCTTGAAGGCTGA-1",7,7
"CGCCGACTATTCGCTA-1",4,16
"CGCCGCCCATGCCTGT-1",7,7
"CGCCGCGTTCTGAACG-1",1,1
"CGCCGTCTACCCATCG-1",7,12
"CGCCGTTCAGCATAGT-1",4,16
"CGCCTCCCTCCTCTAT-1",4,16
"CGCCTGGCCTACGTAA-1",4,1
"CGCCTTTAGCATGCTC-1",7,7
"CGCGAAGTGGCATACT-1",8,5
"CGCGACACTGCGCAGC-1",7,12
"CGCGACCGCGACAGAT-1",8,5
"CGCGAGAGGGACTTGT-1",6,6
"CGCGAGTCTGCCGGGT-1",5,3
"CGCGCAAATGTCCAGA-1",5,3
"CGCGCAAGGAACTACA-1",6,6
"CGCGCATGTTTGATTG-1",4,16
"CGCGCCCGACTTAATA-1",9,13
"CGCGGCAGTATTACGG-1",9,13
"CGCGGCTCAACTTGAA-1",7,16
"CGCGGGAATTAGGCAG-1",9,13
"CGCGGGAATTCCTTTC-1",3,8
"CGCGGTAAGTCTAGCT-1",9,13
"CGCGGTACGGTATACA-1",8,5
"CGCGGTCACAAACCAA-1",6,15
"CGCGTACATTCTGGAA-1",6,15
"CGCGTCATATTAAACC-1",6,15
"CGCGTGCTATCAACGA-1",6,15
"CGCGTTCATGAAATAC-1",7,12
"CGCTACGGGACATTTA-1",4,16
"CGCTAGAGACCGCTGC-1",7,7
"CGCTATACCGCCCACT-1",9,13
"CGCTATCGTGGCTTTA-1",9,13
"CGCTATTCAATGTATG-1",9,13
"CGCTATTCTTAGGCTC-1",7,7
"CGCTCGACATAATGAT-1",7,7
"CGCTCTCCGTAGATTA-1",4,16
"CGCTGAGGACGTCCAA-1",9,11
"CGCTGGTGACTACCCT-1",4,16
"CGCTGTGACGCCGCAC-1",7,12
"CGCTGTGTGGATGTTG-1",5,3
"CGCTTAGTATTGATAC-1",3,8
"CGCTTATTCCCGGTCG-1",8,5
"CGCTTCCACTGAAATC-1",9,13
"CGCTTCGGTCTAAGAC-1",5,5
"CGCTTGGACGGATAGA-1",8,5
"CGCTTTCATACCGGTG-1",9,13
"CGCTTTCCGCCAAGGT-1",3,8
"CGCTTTCTTGCATTCG-1",9,13
"CGGAAAGAATCAAACG-1",5,3
"CGGAAAGCAAATGTGC-1",7,12
"CGGAAATTTCACATCC-1",6,15
"CGGAACGTAAACATAG-1",4,16
"CGGACCTCTGTAGTTA-1",1,1
"CGGACCTTTACGTCCC-1",3,8
"CGGACGTTACTTGAAG-1",8,5
"CGGAGCAATTTAATCG-1",8,5
"CGGAGCATGGCGATCC-1",7,7
"CGGAGCTTATAACACC-1",6,15
"CGGAGTTTGAGAGACA-1",7,7
"CGGATAAGCGGACATG-1",7,7
"CGGATCCTCAAGGACT-1",8,5
"CGGATGAATGCTGTGA-1",1,1
"CGGCAAACATCGTGCG-1",8,5
"CGGCAATAAGATCGCC-1",4,16
"CGGCACCGTTAGCGCC-1",6,15
"CGGCACTCAAGAAAGT-1",9,13
"CGGCAGGGTCGGGTTG-1",9,13
"CGGCCACGCACAAAGT-1",7,7
"CGGCCAGAGCGACCAT-1",3,8
"CGGCCCAACCTGTAGT-1",9,13
"CGGCCCAGGTATATCC-1",7,7
"CGGCGCCATCAATCCC-1",8,5
"CGGCTCTAAAGCTGCA-1",7,7
"CGGCTCTTCGTCGAAC-1",6,15
"CGGCTGAAGGTTACGC-1",6,15
"CGGCTGCAAGATTAAG-1",6,6
"CGGCTTTGTATGATAA-1",6,15
"CGGGAATATAGTATAC-1",7,16
"CGGGAATTTATGTAAA-1",4,16
"CGGGAGCTTCAGTGTA-1",4,16
"CGGGAGTATACCGCCG-1",7,7
"CGGGATCAATGTAAGA-1",9,13
"CGGGCAGCTAAACCGC-1",7,7
"CGGGCCATAGCCGCAC-1",9,13
"CGGGCCTTCTTTGTAA-1",4,16
"CGGGCGATGGATCACG-1",3,8
"CGGGCTACTTAAATTG-1",6,15
"CGGGTGTACCCATTTA-1",9,13
"CGGGTTCGGCACGTAT-1",6,15
"CGGGTTGTAGCTTTGG-1",7,10
"CGGGTTTGTTAGGGCT-1",4,16
"CGGTACGGCAAACCCA-1",5,3
"CGGTACTAGAATCAAA-1",7,7
"CGGTAGAGGTGCAGGT-1",6,15
"CGGTATAGGTATTAGC-1",6,15
"CGGTATGGGCACTCTG-1",3,8
"CGGTCAAGTGGGAACC-1",9,13
"CGGTCAGTCCATATTT-1",8,5
"CGGTCCATGAGACTCC-1",6,15
"CGGTCCGTCGCAAGCC-1",3,8
"CGGTCTATCAACCCGT-1",9,13
"CGGTGAAGACTAAAGT-1",4,16
"CGGTGCAGATAGAACG-1",4,16
"CGGTGCGCGTTGGTCC-1",8,5
"CGGTGGGCTCCAGCCT-1",6,6
"CGGTGTACTTGATCCC-1",9,13
"CGGTTATCCAACAGTG-1",7,13
"CGGTTCAAGTAGGTGT-1",9,13
"CGGTTCCGGCTTCTTG-1",9,13
"CGGTTGACCTGGCATA-1",4,16
"CGGTTGAGTATCCTTC-1",2,2
"CGGTTGGGCAGGGTCC-1",3,8
"CGGTTGGGTTCAAGTT-1",6,15
"CGGTTTATGAAGGAAC-1",6,6
"CGTAAACGCTTGAGTG-1",9,13
"CGTAAAGCAAGAAATC-1",1,1
"CGTAAATAACAAAGGG-1",1,1
"CGTAACGGAACGATCA-1",6,6
"CGTAACTTCGACACTT-1",2,2
"CGTAATAATTACGAGT-1",7,12
"CGTACCGAAAGTCTAG-1",7,12
"CGTACCTGATAGGCCT-1",9,13
"CGTAGAGAGTAATTAT-1",5,3
"CGTAGCGAATTGTCAG-1",6,6
"CGTAGCGCCGACGTTG-1",6,15
"CGTATCTAGAACTAAG-1",8,5
"CGTATTAAGAGATCTA-1",7,7
"CGTATTGTTTCCTAAT-1",9,15
"CGTCAAATGGTCGCAG-1",6,15
"CGTCAAGGCTATAAAT-1",4,16
"CGTCAATCTTTAACAT-1",7,12
"CGTCACGTCCATTGGT-1",4,16
"CGTCAGCTATTTACTC-1",7,12
"CGTCAGTGCGCACAAG-1",9,13
"CGTCAGTTTATCGTCT-1",6,6
"CGTCATACCATATCCA-1",7,7
"CGTCCTCATCGCGTGC-1",5,3
"CGTCGCATGTGAGCCA-1",5,3
"CGTCGCGGCGGGATTT-1",7,13
"CGTCGCTTGGTTATAC-1",2,2
"CGTCGGATAGTGTTGA-1",7,12
"CGTCGGGTCTAAGCGC-1",5,3
"CGTCGTCCTTCGCGAA-1",8,5
"CGTCTGGAAGGGCCCG-1",9,15
"CGTCTTGAGTGTGACG-1",7,7
"CGTGAAGTTAATTCAC-1",4,16
"CGTGACATTGGGTCGT-1",9,15
"CGTGACCAGTCCTCTG-1",3,8
"CGTGCACACCACTGTA-1",3,8
"CGTGCAGACTGGGACA-1",7,7
"CGTGCATTGTCGACGC-1",4,16
"CGTGCCCGACATTTGT-1",6,6
"CGTGCCCTCCCGAAGA-1",8,16
"CGTGCTGGCCTAGTCG-1",9,13
"CGTGCTTCTACCTAAA-1",3,8
"CGTGGAAGCCTCGTAC-1",7,7
"CGTGGCCGAATATCTA-1",7,7
"CGTGGTACCCAAAGGC-1",3,8
"CGTGTATGGGAGCTGA-1",8,5
"CGTGTCCCATTCGCGA-1",7,7
"CGTGTCTCGTTACGAC-1",3,8
"CGTGTGTTAAACCCTG-1",9,13
"CGTTAAACTAGTTAGG-1",8,16
"CGTTAAATACGACCAG-1",3,10
"CGTTAATGTCCCGACG-1",8,5
"CGTTAGCTCACAACTG-1",6,15
"CGTTCAAGGAAACGGA-1",2,2
"CGTTCAGACCCGCGAA-1",3,8
"CGTTCATGGTGCGCGT-1",8,5
"CGTTCTTCGCACACCT-1",6,15
"CGTTGAATACCGCGCT-1",8,5
"CGTTGAGCGACCGTCG-1",4,16
"CGTTGAGTAATTGCGT-1",6,15
"CGTTGCCCGCGTGGGA-1",3,8
"CGTTGTAAACGTCAGG-1",7,12
"CGTTGTAAGATTGATT-1",6,6
"CGTTGTCGGCAATTGA-1",5,3
"CGTTGTTTCAATTCCC-1",4,16
"CGTTTAAGCGGAGCAC-1",9,15
"CGTTTACAAGGCAGCT-1",6,15
"CGTTTCACTTCGGGCG-1",6,6
"CGTTTCGCTCATTACA-1",7,16
"CGTTTCGGTTATATGC-1",3,10
"CGTTTGGTGTTGTGGG-1",8,5
"CGTTTGTGTAGAGGGT-1",5,3
"CTAAACGGGTGTAATC-1",6,6
"CTAAAGAATGCCTACT-1",4,16
"CTAAAGGATGAGATAC-1",1,1
"CTAAAGGGAAATAGGA-1",4,16
"CTAAAGTCCGAAGCTA-1",9,11
"CTAAATCCGGTGTACA-1",3,8
"CTAAATCCTATTCCGG-1",9,13
"CTAACAGCACAATAAC-1",2,2
"CTAACCGCGCGCCCGT-1",4,16
"CTAACGAAACTTGCTG-1",9,6
"CTAACTGATAATCGCC-1",4,16
"CTAACTGGTCCGGTTC-1",8,5
"CTAAGGGAATGATTGG-1",4,16
"CTAAGTACAGGGCTAC-1",6,11
"CTAATTATGAAGCGTA-1",6,15
"CTAATTCGCACGCGCT-1",7,7
"CTAATTCTCAGATATT-1",6,6
"CTAATTTCAACAACAC-1",7,7
"CTACAAGAAATAACCC-1",5,3
"CTACACTAGCTTGTTC-1",9,11
"CTACACTCGCAGATGG-1",4,16
"CTACATATCGCGGGAC-1",2,14
"CTACCCTAAGGTCATA-1",9,13
"CTACGAACTAGGTCGA-1",6,15
"CTACGACTAGCTATAA-1",4,16
"CTACGATCCTATCCTA-1",1,14
"CTACGCACGGAGTACC-1",7,7
"CTACGCCATTTCCGAT-1",9,13
"CTACGTGTTGCCACCA-1",9,13
"CTACTATCATAGGTTT-1",5,3
"CTACTATCTTTCAGAG-1",9,13
"CTACTCAAGGTATAGT-1",3,8
"CTACTCTAGGCCCGGC-1",4,16
"CTACTGCCACCTGACC-1",7,7
"CTAGACATATATGTAG-1",6,15
"CTAGACTGCATTTCGT-1",6,15
"CTAGATAAACTCCTCG-1",9,13
"CTAGATGTGAGTGTAA-1",7,12
"CTAGATTTACGACGGC-1",4,16
"CTAGCAACTAATTTAC-1",6,6
"CTAGCATAGTATAATG-1",7,7
"CTAGCCACAGGCGAGC-1",8,5
"CTAGCCGATGTTATGA-1",6,15
"CTAGCGCCAATCCTAC-1",6,15
"CTAGCTTAATGGTCCC-1",8,16
"CTAGGCGCCCTATCAG-1",4,16
"CTAGGCGGCAGAGAAT-1",9,15
"CTAGGGATAGGGACAA-1",2,14
"CTAGGTCTGAAGGAAT-1",7,12
"CTAGGTTCGGACGTGA-1",8,5
"CTAGTAGAAAGGGATT-1",5,3
"CTAGTATTCGGAATTA-1",9,13
"CTAGTCACGTCTTAAG-1",7,7
"CTAGTGAAGGACAGGA-1",4,16
"CTAGTTACAACCCGGT-1",8,5
"CTAGTTGGGCCCGGTA-1",7,13
"CTATAAGAGCCAATCG-1",9,13
"CTATACTTAAAGCGAG-1",2,14
"CTATAGGCGTTGATGT-1",3,8
"CTATATCCAGCCTGGC-1",1,14
"CTATCACAACGCTGGA-1",3,8
"CTATCGACGAAATACA-1",4,16
"CTATCGCGTAGAGAAC-1",8,5
"CTATCGGGTCTCAACA-1",7,7
"CTATGAACACCTTGCC-1",1,1
"CTATGCCCGAATGCAA-1",5,3
"CTATGGGAAGCGGAAT-1",4,16
"CTATGTCACTAGCCCA-1",7,7
"CTATGTCTATTGAAAC-1",6,15
"CTATGTGAGTCACGGC-1",8,5
"CTATTCATGTGTCCCA-1",4,16
"CTATTGTGTTTGGTCA-1",6,6
"CTATTTGCTTGGAGGA-1",2,2
"CTATTTGGTTACGGAT-1",7,7
"CTCAAACCACTGCCCG-1",3,8
"CTCAACTAACCCGGAT-1",8,5
"CTCAAGACATTAGCGC-1",6,15
"CTCACACGCAAGCCTA-1",9,15
"CTCACATTTACTAAAT-1",5,3
"CTCACCGATCCAAACT-1",6,6
"CTCACTGTGATACTTA-1",5,3
"CTCACTTGGCTGGTAA-1",4,16
"CTCAGAGCTAATGTCG-1",2,14
"CTCAGATTGTGATAAG-1",8,5
"CTCAGCAGACTGCCGA-1",6,11
"CTCAGGACTCACCTGT-1",9,10
"CTCAGTCACGACAAAT-1",9,13
"CTCATAAATGTGTATA-1",3,8
"CTCATCACTTAGTGAT-1",9,13
"CTCATGGCTCACAATC-1",9,11
"CTCATGGTAATTTGCG-1",8,5
"CTCATTGCTCTAACAA-1",8,5
"CTCATTTGATGGGCGG-1",9,13
"CTCCCAATGAGTCGCG-1",4,16
"CTCCCTCCTTTCGATC-1",5,3
"CTCCGAGTAAATCCGC-1",6,6
"CTCCGCCCACATGAGG-1",4,16
"CTCCGGCCTAATATGC-1",9,11
"CTCCGGCTTGTAGACA-1",9,13
"CTCCTAAGTTATGTCT-1",9,13
"CTCCTCCAGCTCACAC-1",3,3
"CTCCTGTTCAAGGCAG-1",8,16
"CTCCTTTACGCAAGTC-1",9,13
"CTCGAATGGAACGTAT-1",6,11
"CTCGAGACATACGATA-1",3,8
"CTCGAGATCCAAAGCA-1",7,12
"CTCGAGGCAAGTTTCA-1",1,1
"CTCGAGGTCGAACAGT-1",7,7
"CTCGATATTTGCGAGC-1",9,13
"CTCGCACCTATATAGT-1",9,13
"CTCGCATTGCATAGCC-1",2,2
"CTCGCCGAATGTAGGG-1",8,5
"CTCGCTAGGTAAGCGA-1",5,3
"CTCGGGATAACACCTA-1",9,13
"CTCGGGCATCGTCGGG-1",6,15
"CTCGGGTTCTCTGGCC-1",3,8
"CTCGGTACCACTGCTC-1",7,7
"CTCGGTCCGTAGCCTG-1",9,13
"CTCGGTTGTCGGCCCT-1",5,3
"CTCGTCGAGGGCTCAT-1",3,8
"CTCGTCTGTGCCTTCG-1",3,8
"CTCGTGGCACTGAAAG-1",1,1
"CTCGTTACGGCTACCA-1",2,2
"CTCGTTTCTAATGTTT-1",6,15
"CTCTAACACCGGCAGC-1",3,8
"CTCTAATGCATTGATC-1",9,13
"CTCTACACTGGCGATT-1",8,5
"CTCTACATCCTGCGTG-1",2,14
"CTCTAGCCCTCGGAAA-1",5,3
"CTCTATTTGGCTGCAG-1",4,16
"CTCTCACAATCGATGA-1",7,7
"CTCTCGATGTGCGCCT-1",6,15
"CTCTCGCTGTACTATG-1",7,12
"CTCTCTAACTGCCTAG-1",3,8
"CTCTGCAGGCATTCTT-1",1,1
"CTCTGCGAAGCAAGCA-1",9,13
"CTCTGGACGCCTGGTG-1",7,7
"CTCTGTCCATGCACCA-1",3,8
"CTCTGTGCCTGCTATG-1",6,15
"CTCTGTTTGAGGATTC-1",6,11
"CTCTTCTATTGACTGG-1",7,16
"CTCTTCTGGAAGTTAG-1",3,8
"CTCTTGTCCCGCTTGG-1",8,5
"CTGAAACGGCCCTCAG-1",6,15
"CTGAAAGAGATCCGAC-1",9,11
"CTGAATCCGAGACCTC-1",4,16
"CTGAATTTATTGCCAG-1",6,15
"CTGACATAGAAATAGA-1",4,16
"CTGACTGCGCAGCTCG-1",7,13
"CTGAGAAAGTTCGGCG-1",4,16
"CTGAGAGTAGAAATAC-1",8,5
"CTGAGCAAGTAACAAG-1",9,13
"CTGAGCGAGACTTATT-1",9,13
"CTGATAGTGTATCTCA-1",4,16
"CTGATCCCTTTATGCA-1",1,1
"CTGCAAATGGGCTCCA-1",6,6
"CTGCAAGCACGTTCCG-1",8,5
"CTGCACAACTACATAT-1",4,16
"CTGCACCTAGTCCACA-1",9,13
"CTGCACCTGGAACCGC-1",9,15
"CTGCACTCCAGTACAG-1",8,5
"CTGCAGAGAATCAGAG-1",8,5
"CTGCCAAGGTTGGAAG-1",9,13
"CTGCCATGCATCACAT-1",7,16
"CTGCCCACGAAGCGTT-1",4,12
"CTGCCTAGCCACCAAG-1",6,15
"CTGCCTCATATGCAAC-1",7,13
"CTGCCTTTAATACCTT-1",3,2
"CTGCCTTTCTAGTAAA-1",8,5
"CTGCGACCTCGCCGAA-1",3,8
"CTGCGATTTCGAGATT-1",2,14
"CTGCGGGTGAAATGTT-1",4,16
"CTGCGGTAGTCACGTG-1",6,6
"CTGCGTTACGATATAA-1",6,15
"CTGCTCTGACGGCAAA-1",1,1
"CTGCTGAGGCCACGAA-1",8,5
"CTGCTGTCTAACGAGC-1",4,16
"CTGCTTGGCGATAGCT-1",4,16
"CTGCTTTATGTCCGCG-1",6,15
"CTGGAAATGGATGCTT-1",7,7
"CTGGAAGACACGGTGG-1",4,16
"CTGGACGCAGTCCGGC-1",5,3
"CTGGATTTACACTTGA-1",8,16
"CTGGCATCCGAATGAG-1",8,5
"CTGGCGACATAAGTCC-1",9,15
"CTGGCGATTTACATGT-1",3,8
"CTGGCGCACAGGTCTG-1",7,7
"CTGGCGGGAATAAGTA-1",7,7
"CTGGCTCCTGCGGGAT-1",9,13
"CTGGCTGATTCATCCT-1",7,16
"CTGGCTGCTAACGTAA-1",9,13
"CTGGCTGGTTGTCAGT-1",8,5
"CTGGGATAAATAATGG-1",7,7
"CTGGGATACGCTACCC-1",7,7
"CTGGGATCGCCCAGAT-1",6,15
"CTGGGCACTAGTCGGA-1",6,11
"CTGGGCCTGCTATATC-1",8,5
"CTGGGCGGCCAAATGT-1",6,15
"CTGGGCTACTGGAGAG-1",3,10
"CTGGGCTATCCTTTGG-1",6,11
"CTGGGTAGGCAGTTAA-1",7,16
"CTGGGTTGAGTTAAAG-1",5,3
"CTGGTAAAGACTTACA-1",5,3
"CTGGTAAAGTGTGGGC-1",8,5
"CTGGTAACACATAGAA-1",7,7
"CTGGTAACGAGCTCTT-1",9,13
"CTGGTCATTCCAATCC-1",7,3
"CTGGTCCTAACTTGGC-1",6,15
"CTGGTGAATGGGCCTA-1",2,2
"CTGGTTCAACGCATCA-1",9,11
"CTGGTTCGCGAGCTAC-1",7,7
"CTGGTTTCGAGCAAGA-1",4,16
"CTGTACTTCTTAGCAT-1",4,16
"CTGTAGCCATCTCACT-1",5,3
"CTGTAGTGAGGATCGA-1",2,2
"CTGTATGGTGTAGAAA-1",7,7
"CTGTCAAATGGCTCGG-1",9,13
"CTGTCACGCCAGGCGC-1",6,15
"CTGTGCAGGGTAGGTC-1",7,7
"CTGTGGTCGGGAGATA-1",8,5
"CTGTTACCCAATCTAG-1",4,16
"CTGTTCACTGCCTGTG-1",9,13
"CTGTTCATCTCACGGG-1",7,12
"CTGTTGTTCAGTCGTA-1",2,14
"CTTAAATAAGACCCAT-1",7,12
"CTTAACTTACAGTATA-1",5,3
"CTTAACTTCGAAGTAC-1",6,6
"CTTAAGCAGCGAGCCG-1",5,3
"CTTAATCGACTTAGTA-1",1,1
"CTTACACGGTATTCCA-1",7,16
"CTTACACTGGGAAATA-1",9,13
"CTTACATAGATTTCTT-1",3,8
"CTTACTGACTCCTCTG-1",5,10
"CTTAGATGTTTCATCC-1",3,8
"CTTAGCCCGGATAGTG-1",7,12
"CTTAGCCTTCCACATG-1",9,13
"CTTAGGTATAGACCAG-1",2,2
"CTTAGTAGGCCTACAG-1",7,12
"CTTAGTGTAGTAGCAT-1",8,5
"CTTAGTTGAGGAATCG-1",2,2
"CTTATAGATGGCTGTT-1",8,5
"CTTATGCGCTCAGGGC-1",8,5
"CTTATGTTGACTACCA-1",9,13
"CTTCAACTCCACTTGG-1",8,5
"CTTCACGCCCTGGTAC-1",1,1
"CTTCAGTGGTCGCCTA-1",5,3
"CTTCAGTTGGACAACG-1",3,8
"CTTCATAGCTCAAGAA-1",9,13
"CTTCATCACCAGGGCT-1",2,14
"CTTCATTGTCAGTGGA-1",7,7
"CTTCCGCTCCGTGAAG-1",8,5
"CTTCGATTGCGCAAGC-1",5,3
"CTTCGGCCAATTGTTT-1",4,16
"CTTCGTAGATAGGTGA-1",4,16
"CTTCGTGCCCGCATCG-1",7,12
"CTTCTATGTTGAAGTA-1",8,5
"CTTCTATTAATGCTAG-1",8,5
"CTTCTGGGCGTACCTA-1",2,2
"CTTCTTACGTCGTATA-1",9,15
"CTTGACCCGAAAGATA-1",6,15
"CTTGAGGTTATCCCGA-1",9,13
"CTTGAGTTAGGGTAAT-1",7,7
"CTTGATGACCATCCAG-1",5,3
"CTTGCAACCGCCTCCT-1",8,5
"CTTGCCCACCCACGCA-1",5,3
"CTTGCCCAGGCTCTAC-1",4,16
"CTTGGCCAAGCTGGGA-1",5,3
"CTTGTACTTGTTGACT-1",9,13
"CTTGTCAACATTCGAG-1",4,16
"CTTGTGAGTCTTTGAC-1",6,15
"CTTGTGCTCACCGATT-1",6,15
"CTTGTTGCTGAGTCAA-1",7,7
"CTTGTTTATGTAGCCA-1",9,13
"CTTTAACTTTCAAAGG-1",9,13
"CTTTAATATTGGTCGA-1",4,16
"CTTTACCGAATAGTAG-1",4,16
"CTTTAGGAACACTGTT-1",7,7
"CTTTAGTGCTATTATT-1",4,16
"CTTTATCCGACGCATG-1",1,1
"CTTTCTGTGCGGGCTT-1",8,5
"CTTTGAAACATATTCC-1",6,11
"CTTTGCATCGCTCTTG-1",8,5
"CTTTGCTGTCATGGAT-1",3,16
"CTTTGGCAGACAGAGT-1",6,11
"CTTTGGCGCTTTATAC-1",4,16
"CTTTGGCTTTAGTAAA-1",7,7
"CTTTGGGATTGTTGCA-1",3,8
"CTTTGTCGAATGCTCC-1",3,8
"GAAACAGATGACCACC-1",7,7
"GAAACAGCCATGCAGT-1",9,15
"GAAACATAGGAAACAG-1",3,8
"GAAACCATGGTGCGCT-1",6,6
"GAAACCGAATTACCTT-1",4,16
"GAAACCTATACAAATG-1",5,3
"GAAACTCGTGCGATGC-1",7,7
"GAAACTCTAATGAAGG-1",6,6
"GAAAGAACAGCGTTAT-1",7,7
"GAAAGCAGTGCACTTT-1",8,5
"GAAAGCCCTTTGGACC-1",4,16
"GAAAGTGACTAACTGC-1",7,7
"GAAATACCTGCTGGCT-1",6,15
"GAAATACTAAACGTTT-1",7,12
"GAAATATCACCATCAG-1",4,16
"GAAATATGCTTGAATG-1",6,6
"GAAATCGCGCGCAACT-1",9,13
"GAAATGGCGGTGTTAG-1",7,7
"GAAATGGGATGTAAAC-1",9,13
"GAAATTAGCACGGATA-1",6,15
"GAAATTCACATCGCTG-1",9,13
"GAAATTGTCTCTATAA-1",4,16
"GAACAACTGGGATGAA-1",5,3
"GAACACACATCAACCA-1",7,13
"GAACAGATTACTAAAT-1",8,5
"GAACATTAGTATGTTA-1",6,15
"GAACCATCTGGGAGAC-1",6,15
"GAACCCTCTGTGTTCT-1",8,5
"GAACCTCGACCTACAC-1",8,5
"GAACCTTTAACGATCC-1",5,3
"GAACGACCGAATGATA-1",6,6
"GAACGATAAGTTAAAG-1",6,13
"GAACGCGGGTCACACG-1",7,16
"GAACGGTGTAAAGCAG-1",6,11
"GAACGTCTCATGGTCG-1",9,13
"GAACGTTAGGAAGACG-1",4,16
"GAACTGTGGAGAGACA-1",3,8
"GAACTTAGCGCCCGGT-1",6,11
"GAAGAAACGATATTGT-1",3,3
"GAAGAACGGTGCAGGT-1",9,13
"GAAGACTTCAATGCCG-1",6,6
"GAAGCAAGGCAATGTT-1",6,15
"GAAGCCACTGATTATG-1",5,3
"GAAGCCTGCACATTCC-1",5,3
"GAAGCGTGAGGAATTT-1",7,7
"GAAGCTCGGACCCGTC-1",3,3
"GAAGCTTGCTGACCGC-1",7,7
"GAAGGACTAAATTGAA-1",7,14
"GAAGGAGTCGAGTGCG-1",3,8
"GAAGGCTACCATTGTT-1",6,15
"GAAGGGTCATTAAGAC-1",3,8
"GAAGTCAGTTGCACTA-1",8,16
"GAAGTCTCCCTAGCGA-1",7,7
"GAAGTGATTTATCGTG-1",4,16
"GAAGTGCTGGATAGCT-1",9,15
"GAAGTTTCCACTCAAT-1",4,16
"GAATAGACGCGACCCA-1",7,7
"GAATAGCATTTAGGGT-1",7,7
"GAATAGCCCTGCGGTC-1",6,15
"GAATAGTGCTCGATTA-1",3,8
"GAATATTCGGAGTCCC-1",6,15
"GAATCGACATGGTCAC-1",7,7
"GAATCGCCGGACACGG-1",6,15
"GAATCTATACTCGGAC-1",6,15
"GAATCTGAACATTCTC-1",4,16
"GAATGAAGGTCTTCAG-1",6,6
"GAATGCCGAAATGACC-1",7,7
"GAATGCGAATCGGTTC-1",5,3
"GAATGGGCTTATCGAC-1",8,5
"GAATGTATGGCAGGTC-1",6,6
"GAATGTGGTCCGGATT-1",7,7
"GAATGTTGGGTAATCT-1",9,13
"GAATTATAGTGAAAGG-1",7,7
"GAATTATGCAACCTAC-1",9,13
"GAATTCACCCGGGTGT-1",4,16
"GAATTTCTCGCTGCAG-1",7,7
"GACAAACATATGCAGG-1",7,7
"GACAACGACCATTGAA-1",9,13
"GACAACGCAGCTTACG-1",9,13
"GACAAGACGCCCGTGC-1",5,3
"GACAAGAGATGAGATT-1",4,16
"GACACAAGGGAAGAAA-1",7,12
"GACACAGCCGGGACTG-1",3,3
"GACACCCAAAGACGCG-1",1,1
"GACACGAGTTAGAGGA-1",7,12
"GACACTGAGTTCAGTG-1",4,16
"GACACTGGAACCCGAT-1",4,16
"GACACTTCCAATTACC-1",5,3
"GACAGAGGTCTTCAGT-1",1,1
"GACAGATTTCTGGCTC-1",8,5
"GACAGCCAGACCTGAC-1",7,7
"GACAGGCACACACTAT-1",4,16
"GACATACTGTCGCAGA-1",7,12
"GACATCCGTCGAACTG-1",5,3
"GACATCGATTTATAAC-1",8,16
"GACCAAACGTTGACTG-1",8,16
"GACCACACTTCCCTTT-1",3,8
"GACCAGAGCCCTGTAG-1",7,7
"GACCAGGTCATTCATA-1",6,6
"GACCCAATTATGATAC-1",5,3
"GACCCGTCGCCGGCTA-1",9,15
"GACCGACGTGAAAGCA-1",7,7
"GACCGACTGAAGCGTC-1",4,16
"GACCGATTAAATATGT-1",2,14
"GACCGCGTCTGACGTG-1",4,16
"GACCGTCAGGTCGTGA-1",9,13
"GACCGTGCTGACGGTG-1",4,16
"GACCGTTACATGCGAC-1",4,16
"GACCTTCCACGTCTAC-1",3,3
"GACGACGATCCGCGTT-1",4,16
"GACGAGGCTAATAAAC-1",4,16
"GACGATATCACTGGGT-1",1,1
"GACGCATACCCGTCGG-1",2,14
"GACGCCGTAAAGGCTA-1",8,5
"GACGCCTGTTGCAGGG-1",6,6
"GACGCTTGCTTCTAAA-1",4,16
"GACGGACCGCGTTCCT-1",6,6
"GACGGGATGTCTTATG-1",9,11
"GACGGGCATCGAATTT-1",3,10
"GACGGGTTGGCCCGTA-1",5,3
"GACGGTCAATAGAAGC-1",9,13
"GACGGTCCTAGGGTGT-1",7,7
"GACGTGAGACTCCATG-1",9,13
"GACGTGTAGGGATTAT-1",7,7
"GACGTTCGTAAATACA-1",6,15
"GACGTTGCTCGGCGGC-1",1,1
"GACTAACACAGCACCT-1",6,15
"GACTAAGATCATGCAC-1",9,13
"GACTAAGTAGGCTCAC-1",7,7
"GACTACAAAGCGGTGG-1",8,5
"GACTACAATTGCTCGT-1",6,15
"GACTAGGCCGTTAGGT-1",5,3
"GACTCACCCACGTGAG-1",7,7
"GACTCCCAGAATAAGG-1",6,15
"GACTCCTTCCAATTGA-1",3,8
"GACTCGCGGGAATGAC-1",9,13
"GACTCGGTCGGCGGAT-1",6,15
"GACTCTAGAGTTCCAA-1",1,1
"GACTGATTGGTCACAA-1",6,15
"GACTGCAAATCGAGCT-1",8,5
"GACTGCACCAGCCCAG-1",4,16
"GACTGCGGCACGTGTA-1",4,16
"GACTGCTGGTGAGAAA-1",2,2
"GACTGGGCGCCGCAAC-1",6,15
"GACTTCAACGCATCAA-1",3,8
"GACTTTCGAGCGGTTC-1",2,2
"GAGAAACTGGATCCCA-1",8,5
"GAGAACGGTTCTGACT-1",5,3
"GAGAATCTCACGATCA-1",4,12
"GAGACCCTGCAACGCC-1",6,15
"GAGACTGATGGGTAGA-1",7,7
"GAGACTTCGCGACCGA-1",8,5
"GAGAGCGCAGTCCCTG-1",4,12
"GAGAGGCCTATGTGTA-1",8,5
"GAGAGGGCGCGAGGTT-1",4,16
"GAGAGGTGCATTCTGG-1",8,5
"GAGAGTCTCGGGAGAG-1",1,1
"GAGATCTGCTTGGCAT-1",3,16
"GAGATCTGTCACTCCG-1",7,12
"GAGATCTTCCATGACA-1",4,16
"GAGATGACAATCCTTA-1",9,13
"GAGATGGCTTTAATCA-1",3,8
"GAGATGGGAGTCGACA-1",4,16
"GAGCACCTGTGTCCAG-1",8,5
"GAGCACGGCGCCTCTT-1",7,7
"GAGCATCAACAACTTG-1",3,2
"GAGCATCATCCCTGGG-1",9,13
"GAGCCACGGTAGTAGG-1",6,6
"GAGCCAGCTACCTGTG-1",4,16
"GAGCCGAGCGTTTATT-1",6,15
"GAGCGAGGGAGTACCG-1",9,13
"GAGCGCAAATACTCCG-1",4,16
"GAGCGCGCACGAGTAG-1",4,16
"GAGCGCTATGTCAGGC-1",7,12
"GAGCGCTGTTAGGTAA-1",3,8
"GAGCGGAATGCGGTGT-1",2,2
"GAGCTAAGGGCATATC-1",9,13
"GAGCTCAACATGAGCG-1",3,2
"GAGCTCTCGGACCTAA-1",9,13
"GAGCTGTCGTCTCGGA-1",6,15
"GAGGAATATCTCTTTG-1",2,14
"GAGGAATGGAGAGGTT-1",7,7
"GAGGAGATCCTCATGC-1",7,3
"GAGGAGTAATTCCTAC-1",9,11
"GAGGATAAACAGTGCT-1",7,7
"GAGGCATTTGCAGCAG-1",6,15
"GAGGCCCGACTCCGCA-1",5,3
"GAGGCCTGTTGATACA-1",8,5
"GAGGCTATCAAAGTCG-1",4,16
"GAGGGAGTCAGATCGC-1",3,8
"GAGGGCATCGCGTATC-1",6,15
"GAGGGCCATAATATTA-1",6,15
"GAGGGCCGGCAGAGTC-1",6,6
"GAGGGCGCAGCTCTGC-1",9,13
"GAGGGTAGTAACAAAG-1",3,8
"GAGGTACATCCATCTT-1",6,15
"GAGGTACGCGTGTCCC-1",3,8
"GAGGTCCCAAAGATCT-1",7,13
"GAGGTCTTAGTGGGTC-1",6,15
"GAGTAAACCGGAAAGT-1",4,16
"GAGTAAATTAAGAACC-1",5,3
"GAGTAAGGCCACGGGA-1",8,5
"GAGTACGGGTATACAA-1",9,13
"GAGTAGATACTAGTTG-1",5,3
"GAGTATACCCTAATCA-1",1,1
"GAGTATCAAAGTTACA-1",8,16
"GAGTATGCCCGCCTTG-1",4,16
"GAGTATGCGCGTGCAT-1",5,3
"GAGTCAGACCAGAATC-1",8,5
"GAGTCCACCAGGTTTA-1",3,8
"GAGTCCGCTTACCGGA-1",4,16
"GAGTCGACAGACCCTC-1",4,12
"GAGTCTTGTAAAGGAC-1",8,5
"GAGTGTCAACCAGAAA-1",5,3
"GAGTGTGCGGTACCCA-1",7,7
"GAGTTCTGTGGGTGCT-1",3,2
"GAGTTGATGGCAATTT-1",5,3
"GAGTTGTCACCAGTCT-1",1,14
"GATAAATCGGTGGATG-1",9,13
"GATAACTCGCACTGTG-1",7,7
"GATAAGGCAGATGCAA-1",9,13
"GATACCGTGTCGGAGT-1",7,7
"GATACGATGGGAGTCA-1",4,16
"GATAGAACCCGCTAGG-1",2,2
"GATAGATAGTACAGTC-1",3,8
"GATAGGATTAATTACA-1",7,7
"GATAGGTAACGTTGAC-1",4,16
"GATAGGTGTCCCGGGC-1",7,12
"GATAGTGCGAGTAAGT-1",3,2
"GATATCAAGCAGGAGC-1",3,8
"GATATCTCATGCAATA-1",9,15
"GATATGAGACACTAAC-1",7,7
"GATATGCGGTAGCCAA-1",9,15
"GATATGGATTACGCGG-1",7,16
"GATATTGAGATTGGCG-1",7,12
"GATATTTCCTACATGG-1",9,11
"GATCAACATAAAGGGA-1",3,8
"GATCATTCCAAACATT-1",7,7
"GATCCCTTTATACTGC-1",7,7
"GATCCGAATATAAGTG-1",7,12
"GATCCGGGAATTAACA-1",7,7
"GATCCTAAATCGGGAC-1",6,13
"GATCCTCGACACTGGC-1",8,5
"GATCCTCTTGCGCTTA-1",6,15
"GATCGACACTATCTGA-1",7,12
"GATCGCGGGCTCTCCA-1",4,16
"GATCGCTACCCGATTT-1",4,16
"GATCGCTATATCTCAG-1",3,8
"GATCGCTGTGGTGCGT-1",1,1
"GATCGGATAGAACCAT-1",8,5
"GATCGGCGATAAGTCG-1",7,7
"GATCGGTGGCCATAAC-1",7,7
"GATCGTGACTGATATC-1",7,7
"GATCTAACCGTATTCA-1",5,3
"GATCTCGACGCTGTGG-1",4,16
"GATCTGCTATCTAAGG-1",5,3
"GATCTTAGTGAACGTG-1",9,12
"GATCTTCATTGTCCTC-1",7,12
"GATCTTGGAGGGCATA-1",4,16
"GATCTTTGCAGGGTAT-1",4,16
"GATCTTTGCTCAAAGA-1",6,15
"GATGACAAGTAGGGCA-1",5,3
"GATGACGATGATCGCG-1",6,15
"GATGAGGAACCTTCGG-1",5,3
"GATGATTTGAAACTGG-1",9,11
"GATGCCACACTACAGC-1",9,11
"GATGCCAGCAGAAGGC-1",7,7
"GATGCCTTCTGCGGCA-1",3,8
"GATGCGAATGGTATTA-1",7,12
"GATGCGTCCTGCATTC-1",7,7
"GATGCTACAAGCGCCT-1",9,15
"GATGCTACCTTCGATG-1",2,2
"GATGCTGTATTTCATC-1",4,16
"GATGGCGCACACATTA-1",9,13
"GATGGTGAAATAACCC-1",6,15
"GATGGTGCCCTAGGCA-1",6,6
"GATGTAACGAACCACC-1",5,3
"GATGTCCGGATCACAT-1",6,15
"GATGTCGGTCAACTGC-1",6,15
"GATGTGTTGTCACAAG-1",6,15
"GATGTTCAATCCACGA-1",4,16
"GATGTTTGTGCGAGAT-1",7,7
"GATTAACCGAAAGCCC-1",4,16
"GATTAATCCTGGCTCA-1",9,15
"GATTACTGAATTTGGG-1",4,16
"GATTAGAAACAAGCGT-1",1,1
"GATTATCTTGCATTAT-1",3,8
"GATTCCCTTGTCGCAG-1",9,13
"GATTCCGCGTTTCCGT-1",6,15
"GATTCCTATACGGCGC-1",7,7
"GATTCGACGGTTCACG-1",7,3
"GATTCTGTTAATGAGT-1",1,14
"GATTGACACTCTGCTC-1",6,15
"GATTGCTCCAGTTGCA-1",3,2
"GATTGGGAAAGGTTGT-1",5,3
"GATTTGCGCTAACACC-1",1,1
"GCAAACCCTACATTAT-1",4,16
"GCAAACCTTGGCCATA-1",8,5
"GCAAACGTCGCCAGGT-1",7,7
"GCAAAGGGCGTTAGCC-1",2,14
"GCAAATATTACGCTTT-1",4,16
"GCAAATGAGGACACTT-1",8,5
"GCAACACACTAGAACT-1",8,5
"GCAACAGCAGTATGCG-1",7,16
"GCAACCACCAGACCGG-1",6,11
"GCAACCACGGCCGCGT-1",8,16
"GCAACGGCTAGTTATG-1",7,7
"GCAAGAATTCCTTGGC-1",4,16
"GCAAGATGTGTTCGCG-1",6,15
"GCAAGCTGGAAACCGC-1",5,3
"GCAAGTGCACAGAGAA-1",7,7
"GCAAGTGTAAAGCATG-1",3,8
"GCAATTAGTCGCACCG-1",9,13
"GCACAAACCCTAGATG-1",2,2
"GCACAAACGAGGCGTG-1",7,7
"GCACAACCTCGGGCGT-1",3,8
"GCACAAGTGGATCATA-1",7,12
"GCACAAGTGTCGGAAG-1",9,13
"GCACACACTGGTAGCC-1",4,16
"GCACACAGCTATTACC-1",3,8
"GCACACGCCCATGGTC-1",4,16
"GCACAGCACGGGCCGA-1",1,1
"GCACCTAGGCGAGTCC-1",3,8
"GCACCTTCCCGAAGGT-1",5,5
"GCACGCCGATTCCCGC-1",3,8
"GCACGCCTACTTAGAT-1",5,3
"GCACGTGGTTTACTTA-1",8,5
"GCACTAGTCGCGCTAT-1",9,13
"GCACTCCCACAGTCCC-1",6,6
"GCACTGCCTACCTTTA-1",3,8
"GCACTGTGCAAATGTA-1",6,15
"GCAGAAACGTAATCCA-1",6,6
"GCAGAAGGTAATCTCC-1",4,16
"GCAGACCCAGCACGTA-1",7,7
"GCAGATCCATAAGACT-1",4,16
"GCAGATCCTCGCAAAT-1",7,16
"GCAGATTAGGGATATC-1",7,7
"GCAGCACACAGCCCAG-1",4,16
"GCAGCCTATATCACAT-1",7,7
"GCAGCGGTGGGCATTA-1",9,13
"GCAGCTATGGACAGGT-1",6,6
"GCAGCTGTCAACGCAT-1",5,3
"GCAGGAACTTAGATCT-1",5,3
"GCAGGACTATAGAATA-1",4,16
"GCAGGTAGAGTATGGT-1",6,6
"GCAGTGCGGGCGGATG-1",8,16
"GCAGTGTGGCTATAGG-1",8,5
"GCAGTTCGATCCGAGC-1",8,16
"GCATACGAGGTCTTTA-1",4,16
"GCATAGAGCACTCAGG-1",7,7
"GCATCCCTAACTTTGA-1",9,13
"GCATCGGCCGTGTAGG-1",4,16
"GCATGAGGGACGCGGC-1",9,13
"GCATGCTAATAACGAT-1",5,3
"GCATGGGTACTGACGC-1",8,5
"GCATTCAAGGCAACGC-1",9,13
"GCATTCGAAATGAACA-1",4,16
"GCATTGACTTGCGGAA-1",8,5
"GCATTGTAATTCATAT-1",8,16
"GCATTTCCAAGGCTCC-1",9,13
"GCCAACCATTTCCGGA-1",9,13
"GCCAAGAATACTTCTG-1",8,5
"GCCAATAGGGCATCTC-1",9,13
"GCCACAATTTAAGGAC-1",4,16
"GCCACTCAGAGCGCGA-1",8,5
"GCCACTCCTTACGGTA-1",8,5
"GCCAGGAAAGAACACT-1",1,14
"GCCAGGAGTAACCGAT-1",9,11
"GCCAGGCGTTCGCATG-1",6,15
"GCCATATTGCACACAG-1",9,11
"GCCATCGAGCTGCGTG-1",8,5
"GCCATCGATGCTGCAT-1",9,13
"GCCATTAGCCTCAAAC-1",3,8
"GCCCACCAAGGCTGTC-1",9,13
"GCCCACTGGTCCACAA-1",6,6
"GCCCAGATGCTGGAGA-1",7,12
"GCCCAGTTGGTATGCC-1",7,13
"GCCCATGGGTGCAATG-1",6,6
"GCCCGACTTCTTCCCG-1",8,5
"GCCCGAGAGTCTAAAT-1",2,14
"GCCCGATCTGTGGTCG-1",8,5
"GCCCGCGCGTAAACGG-1",8,16
"GCCCGCGCGTTTGACA-1",7,4
"GCCCGTAATACCTTCT-1",9,13
"GCCCGTTCACACAATT-1",2,10
"GCCCTAAGTGCAGGAT-1",2,2
"GCCCTAGCCGTCGCGA-1",5,3
"GCCCTGAGGATGGGCT-1",3,8
"GCCGAAATTCCTACGT-1",4,16
"GCCGACCCACGACTGC-1",3,8
"GCCGATTGGCCAAGCT-1",4,16
"GCCGCACTCCGTTTCA-1",7,7
"GCCGCATTAGTCCGGC-1",4,16
"GCCGCTAGATACGCAG-1",6,15
"GCCGCTTGTGAGAAAC-1",4,16
"GCCGGAAACACATCTT-1",6,15
"GCCGGGTTAGGGTCGC-1",4,16
"GCCGGTCGTATCTCTC-1",2,2
"GCCGGTTTGGGCGGAT-1",9,11
"GCCGTCGGTTTCGGGC-1",2,14
"GCCGTGGAAGAAATGT-1",7,7
"GCCTACGTTCTGTGCA-1",3,3
"GCCTAGCGATCTGACC-1",7,7
"GCCTATAGTGTCAGGG-1",9,13
"GCCTATCAGGTAAGAT-1",8,5
"GCCTATGCTGGGCCTT-1",6,15
"GCCTATTCCGATATAG-1",7,7
"GCCTATTTGCTACACA-1",6,15
"GCCTCATCTGGAAATA-1",7,7
"GCCTCCGACAATTCAC-1",8,5
"GCCTCTATACATAGCA-1",8,16
"GCCTGCTACACTGAGA-1",6,15
"GCCTGTCCCGGTGCAT-1",1,14
"GCCTTCAGCCCTACCG-1",9,15
"GCCTTGTATATGCAGT-1",7,12
"GCCTTTGTCAGTGGAC-1",2,14
"GCGAAACGATCGGGAG-1",4,16
"GCGAAACTTAACTGGA-1",7,7
"GCGAAGAATCTGACGG-1",5,3
"GCGAAGCCATACCCGT-1",7,7
"GCGAATGGACTAGCGA-1",3,8
"GCGACATGTAAACATC-1",7,7
"GCGACCCAACCATCTG-1",3,3
"GCGACGATAGTTGTAC-1",4,16
"GCGACGGTAGTCTCCT-1",3,8
"GCGAGAAACGGGAGTT-1",7,12
"GCGAGAGGCCATGTAA-1",6,6
"GCGAGAGTTGCGTCCA-1",7,12
"GCGAGCGCATGCTCCC-1",7,7
"GCGAGGCCCGAGCAGA-1",4,16
"GCGAGTTCTGCAAAGA-1",7,7
"GCGATTCTGGAAGCAG-1",6,15
"GCGATTGTTAACGTTA-1",7,7
"GCGCAAATATATTCAA-1",5,3
"GCGCAAGAGCGCGCTG-1",7,7
"GCGCATCCAGTCAGCA-1",9,13
"GCGCCGTTCCACGATA-1",7,7
"GCGCCTCCCACTCCGA-1",7,16
"GCGCGATGGGTCAAGT-1",6,15
"GCGCGGTCTAGTAACT-1",3,8
"GCGCGTCATTGGTACA-1",8,5
"GCGCTAAGTATGCATG-1",9,11
"GCGCTAATTGAATAGA-1",7,7
"GCGCTATGCCGAGGCA-1",4,16
"GCGCTCGATCACCTGT-1",7,9
"GCGCTGATCCAGACTC-1",9,11
"GCGCTGCTTTGCATTT-1",9,13
"GCGCTTAAATAATTGG-1",8,5
"GCGGACCGCGTTGTGG-1",8,5
"GCGGAGAAACTTCGCA-1",5,5
"GCGGAGAGGGAGAACG-1",4,16
"GCGGATTACTTGTTCT-1",3,10
"GCGGCAAAGTATTGCC-1",3,8
"GCGGCTCTGACGTACC-1",4,16
"GCGGCTTTAGCAAGTT-1",3,8
"GCGGGAACCAGGCCCT-1",9,13
"GCGGGCAGACGGGTGA-1",2,2
"GCGGGCATTACGATGC-1",7,13
"GCGGGCGAGCCTTACC-1",8,5
"GCGGTAACCCAAATGA-1",9,13
"GCGGTCCCGGTGAAGG-1",6,15
"GCGGTCCCTAGACGCA-1",9,13
"GCGGTCTTGCTTTCAC-1",3,8
"GCGGTGAACTGCGCTC-1",9,15
"GCGGTGCGGAGCATCG-1",7,10
"GCGGTTCCCTATCATG-1",4,16
"GCGTAAATGGCCATAA-1",7,12
"GCGTCCAGCTCGTGGC-1",9,11
"GCGTCCCTAAGACATA-1",3,8
"GCGTCGAAATGTCGGT-1",9,15
"GCGTCGCCAGGGTGAT-1",8,5
"GCGTCGTAACATGGTC-1",3,8
"GCGTCTAACCTCCTAA-1",9,13
"GCGTCTCTGCATTGGG-1",4,16
"GCGTGGTACTGGGTTA-1",7,7
"GCGTGTATGTCGTATT-1",6,11
"GCGTTATATTTGGAAC-1",4,16
"GCGTTCGGAGACCGGG-1",6,15
"GCGTTCTGACTAAGCG-1",8,16
"GCTAAACCTGAGGTGA-1",7,7
"GCTAACTGAAGTCTGA-1",8,5
"GCTAAGCCCAGTATGC-1",3,10
"GCTAAGTAAAGGCGAT-1",4,16
"GCTAAGTAGTTTCTCT-1",7,7
"GCTAATACCGAATGCC-1",9,13
"GCTACAATCGAGGATA-1",8,5
"GCTACACTGTCCGAAC-1",7,12
"GCTACAGTACGGACCG-1",8,5
"GCTACGACTTATTGGG-1",4,16
"GCTACTATAGTAGAGT-1",4,16
"GCTAGACCGTCTACTG-1",7,7
"GCTAGAGTAGAGATGT-1",4,16
"GCTAGCAACGCACCTA-1",3,14
"GCTAGCACCTGGGCCA-1",7,12
"GCTAGCAGGGAGTGGG-1",6,6
"GCTAGCGATAGGTCTT-1",2,14
"GCTAGCTTGAATAGCT-1",8,5
"GCTAGGCACCACGGAG-1",4,16
"GCTAGTAGAGCTTGTA-1",7,16
"GCTAGTTTCATTGAGG-1",9,13
"GCTATAAGGGCCAGGA-1",3,10
"GCTATACGTCTCGGAC-1",4,16
"GCTATCATACTCATGG-1",8,16
"GCTATCGCGGCGCAAC-1",7,7
"GCTATGCCAGCTTATG-1",8,10
"GCTCAACCTCTTAGAG-1",7,12
"GCTCAATCCGTTTATT-1",8,5
"GCTCAATGTAATACCG-1",5,3
"GCTCATTACTGCATGT-1",6,15
"GCTCATTGATCATATC-1",1,1
"GCTCCATGAGTGCAGA-1",8,16
"GCTCCATGCAAAGCAA-1",3,2
"GCTCCCAGTCGGTCCA-1",7,7
"GCTCCGCTCGCTTCAG-1",7,7
"GCTCCTGACATACTGG-1",5,3
"GCTCGACCGAACTGAA-1",6,11
"GCTCGCGGTTCCGCTC-1",7,16
"GCTCGCTCATGTCCAA-1",7,7
"GCTCGGAATTTAAAGC-1",6,6
"GCTCTAAACCCTGACG-1",9,13
"GCTCTATGTTACGTGC-1",7,7
"GCTCTCGGGTACCGAA-1",7,12
"GCTCTTTCCGCTAGTG-1",3,8
"GCTGAACTCTCCAGGG-1",7,12
"GCTGAATCTTCCAATC-1",3,8
"GCTGAGCAACGGTTCT-1",7,12
"GCTGAGGCGTGAGTAT-1",7,7
"GCTGCACGGTTTCTTA-1",7,7
"GCTGCGAAGAATTATT-1",1,1
"GCTGCTAAGTAGTCGA-1",8,5
"GCTGCTACTGCGTAGC-1",4,16
"GCTGCTCTCCGGACAC-1",7,7
"GCTGGACCCAAAGTGG-1",6,6
"GCTGGCATATTCACCT-1",7,7
"GCTGGCGGCGCATGCT-1",8,5
"GCTGGGAGCGCGTCAA-1",1,10
"GCTGGGTCCGCTGTTA-1",7,11
"GCTGGTGACTCGTAGT-1",6,15
"GCTGGTTTAGGCCATA-1",2,2
"GCTGTATTACTGGCCC-1",8,16
"GCTGTCTGTGATCGAC-1",6,11
"GCTGTTGCTACCGAAC-1",7,7
"GCTTAATGTAACTAAC-1",7,7
"GCTTACGTAGTTAGTA-1",7,7
"GCTTAGGGAAGCGGTA-1",6,15
"GCTTATGAAGCAGGAA-1",7,7
"GCTTCAGTGGGATTAC-1",6,15
"GCTTCCAGCTTAGATT-1",7,12
"GCTTCCATGTAACCGC-1",3,8
"GCTTCCCGTAAGCTCC-1",3,8
"GCTTCCGTCCCTAGAC-1",7,12
"GCTTCGACGTTCAATC-1",1,14
"GCTTGAGTGACCTCTG-1",3,3
"GCTTGATGATAATCAG-1",7,12
"GCTTGCAGCACAATTG-1",6,15
"GCTTGGATCGATTAGG-1",9,13
"GCTTTACACAACTGGG-1",5,3
"GCTTTATTAAGTTACC-1",2,2
"GCTTTCAGAGGAGGTG-1",9,13
"GCTTTCTATCTCAACT-1",6,11
"GCTTTGCTGCCGGGTA-1",9,10
"GGAAACCTTGTTGAAT-1",6,6
"GGAAACTAAATGGGCC-1",8,5
"GGAAAGGGAATTGAGC-1",3,8
"GGAAAGTCTTGATTGT-1",1,1
"GGAAAGTGCCCATGCC-1",9,15
"GGAACCCGAACAAGAA-1",7,12
"GGAACCGTGTAAATTG-1",8,16
"GGAACCTTGACTCTGC-1",3,8
"GGAACGGCCTGCAGCC-1",7,16
"GGAACTCGTGAATACG-1",1,1
"GGAACTTTGGCGATTA-1",8,5
"GGAAGATAAGACTGTA-1",6,6
"GGAAGCTCGCTTACAG-1",9,11
"GGAAGGACACCGTATA-1",3,8
"GGAATAACCTCAAGAA-1",6,15
"GGAATGCGCTAGCGTG-1",7,12
"GGACAACCATGAAGCC-1",5,3
"GGACAAGCCATGATCG-1",2,14
"GGACAAGTTGCAGTGA-1",4,16
"GGACACAAGTTTACAC-1",7,7
"GGACACCTCGGTGTTG-1",1,1
"GGACCAACAGGATAAC-1",8,16
"GGACCTACGGTAACGT-1",6,6
"GGACCTCTAGGCCGCC-1",5,3
"GGACGGCTTGCGCAAC-1",6,15
"GGACGGGCGACCAACC-1",5,5
"GGACGTCCATAGTTGG-1",6,15
"GGACTAAGTCAGGAGT-1",4,12
"GGACTCACAAATTAGG-1",4,16
"GGACTCGAAGCTTTCA-1",8,5
"GGACTCGACAGCGCAT-1",2,2
"GGACTCGTGAGTGGTC-1",3,8
"GGACTCTTCCGGTTGA-1",8,16
"GGACTCTTTGACTAAG-1",3,8
"GGAGAAGTCATTGGCA-1",7,7
"GGAGACCAATGTGCTT-1",9,13
"GGAGACCATCTACATA-1",5,3
"GGAGACGACACCTTTG-1",4,16
"GGAGCAACATTTCAAG-1",4,16
"GGAGCACCAAGAACTA-1",9,13
"GGAGCGAGGCCTACTT-1",3,8
"GGAGGATTGAAAGGAG-1",6,15
"GGAGGCCGAAGTCGTC-1",7,7
"GGAGGCGAAGAACCGC-1",6,11
"GGAGGGCTTGGTTGGC-1",7,12
"GGAGGGTCAAGTAAGA-1",8,5
"GGAGTGCCGCCCTGGA-1",9,13
"GGAGTTGATTCTGTGT-1",5,3
"GGATACTCATGAATTG-1",9,11
"GGATCAAAGGACGAGG-1",6,15
"GGATCAGAGCCATCAG-1",8,10
"GGATCATCCCGTACGC-1",6,15
"GGATCCCTACCAGCTA-1",2,14
"GGATCCGGAATATACT-1",7,7
"GGATCTTACTGCCCTT-1",3,2
"GGATCTTGACTCAACC-1",5,3
"GGATGAAGATCGCTGA-1",7,7
"GGATGACGCGAGTTTA-1",4,16
"GGATGCTGGCGTTCCT-1",4,16
"GGATGGCTTGAAGTAT-1",5,3
"GGATGTCCTTACCGCA-1",7,7
"GGATTAAGCTAAGGTC-1",6,15
"GGATTAATCATGGACC-1",3,8
"GGATTCAGTACGGTGG-1",9,13
"GGATTCCGCTATACCC-1",9,11
"GGATTGAAGTAGCCTC-1",3,10
"GGATTGCTGTGACTCC-1",8,5
"GGATTTCACTTCTATA-1",2,12
"GGCAAAGGCGCCAATA-1",8,5
"GGCAAATTACTTTACT-1",4,16
"GGCAAGCCAGGGATAG-1",6,6
"GGCAAGCCCATAGTGG-1",3,8
"GGCAAGGCGAAATAGC-1",4,16
"GGCAATAGTCAATGAG-1",7,7
"GGCACGCTGCTACAGT-1",5,3
"GGCACTCAGCCGACCC-1",8,16
"GGCACTCCACTGGGCA-1",4,16
"GGCACTGCGGTGGTTT-1",5,3
"GGCAGAGAGATCGGGA-1",4,16
"GGCAGCAAACCTATGC-1",4,16
"GGCAGCGGTAATCCTA-1",6,6
"GGCATACAGGTAGCGG-1",4,16
"GGCATATCGGTTCTGC-1",9,15
"GGCATCAACGAGCACG-1",6,11
"GGCATTGAACATCTCA-1",1,14
"GGCCAATTGTATAGAC-1",3,8
"GGCCCAATCTAGAGGG-1",6,15
"GGCCCAGCTGGTTTGC-1",3,8
"GGCCCAGTTATCAGCA-1",6,15
"GGCCCGGAGCATGTCT-1",7,12
"GGCCCGTATACCATGC-1",6,13
"GGCCCTCACCCACTTA-1",4,16
"GGCCGAGACTCTGGTG-1",3,8
"GGCCGCAGGAACCGCA-1",5,3
"GGCCGGCGTCTGCTAT-1",5,3
"GGCCGTTTGGGTTTCA-1",5,3
"GGCCTGCTCTGATGTT-1",2,14
"GGCCTGCTTCTCCCGA-1",8,5
"GGCCTTTGCAACTGGC-1",4,16
"GGCGAAATCTAACTTG-1",7,7
"GGCGAGCATCGAGGAC-1",9,15
"GGCGAGCGAAACGGCA-1",5,3
"GGCGCAGGACATCTTC-1",4,16
"GGCGCATGAATTGATG-1",4,16
"GGCGCGGAGATCTTTC-1",8,5
"GGCGCGTTCGAGTTTA-1",4,16
"GGCGCTCCTCATCAAT-1",7,12
"GGCGCTTCATTCCCTG-1",3,8
"GGCGGAGTAATATTAG-1",7,16
"GGCGGGCTCTAAGAGT-1",4,16
"GGCGGTAGGATCATTG-1",7,7
"GGCGGTTTGCCGGTGC-1",7,12
"GGCGTACCCTATATAA-1",6,11
"GGCGTAGGGAAAGCTG-1",5,3
"GGCGTCCTATCCGCTG-1",7,16
"GGCTAAAGGGCGGGTC-1",6,6
"GGCTAATGATTGAAAT-1",6,6
"GGCTACTATACACTCC-1",3,8
"GGCTATTAAGTTGTAT-1",7,16
"GGCTCCTCCACCTGTT-1",3,3
"GGCTCGCGTTGAGGTA-1",9,13
"GGCTCGTGCCACCAGC-1",9,13
"GGCTCTGCTCCAACGC-1",9,13
"GGCTGAAATAGCAAAG-1",4,16
"GGCTGAGCATCGTAAG-1",6,15
"GGCTGGCAATCCCACG-1",3,8
"GGCTGGCTAGCTTAAA-1",9,13
"GGCTGTCCTACTGCGG-1",1,1
"GGCTTCTCGTGGGTGG-1",3,2
"GGCTTTCAATAAGGGT-1",5,3
"GGGAAAGAATGCCAAC-1",5,3
"GGGAACCACCTGTTTC-1",9,11
"GGGAACGGGAGGTTAG-1",4,16
"GGGAACGGTTTCAGAT-1",3,2
"GGGAAGACGGTCTGTC-1",5,3
"GGGAAGGGCTTTCTCA-1",8,5
"GGGAATGAGCCCTCAC-1",9,13
"GGGACAGAGTTACTCC-1",3,8
"GGGACCCGTATATCTT-1",8,5
"GGGACTGCATAGATAG-1",7,7
"GGGAGAACTCACAGTA-1",7,7
"GGGAGCGACCGTAGTG-1",5,3
"GGGAGGATGCCCGAAA-1",4,16
"GGGAGTAATGGCTGGC-1",6,15
"GGGAGTTAATGAGGCG-1",7,7
"GGGATACGGTAATAAT-1",7,12
"GGGATCCCAATACAAA-1",9,13
"GGGATGGACCCGCGTC-1",2,14
"GGGATGGTCGTAACCG-1",4,16
"GGGATTTACCGCACCT-1",7,7
"GGGCAACCGCACGTGC-1",5,3
"GGGCACGTAGTACTGT-1",2,2
"GGGCACTATTGACCAT-1",2,2
"GGGCAGACGTCACTGC-1",8,5
"GGGCAGAGCAATCGTT-1",5,3
"GGGCAGGATTTCTGTG-1",2,14
"GGGCAGTCAACGCCAA-1",3,8
"GGGCATGCATGTCGAG-1",2,14
"GGGCCATTCGTGCTGG-1",2,14
"GGGCCCGTCTTAAACA-1",4,16
"GGGCCCTACGAAAGGG-1",4,16
"GGGCCCTTATCTATAC-1",4,12
"GGGCCGGCCGAAGTAC-1",7,7
"GGGCCTAAATGGGCTA-1",8,5
"GGGCCTATACAACCGG-1",6,11
"GGGCCTATTTAAGTAT-1",6,15
"GGGCGAATTTCTCCAC-1",7,12
"GGGCGATATGTGTGAA-1",7,12
"GGGCGCAGCGTTACTC-1",7,13
"GGGCGGCAAATGAATT-1",4,16
"GGGCGGGTTCCCTACG-1",4,16
"GGGCGGTCCTATTGTC-1",9,13
"GGGCGTACATTTATAT-1",9,13
"GGGCGTCACCACGTAA-1",4,16
"GGGCGTCCACTGGCTC-1",9,15
"GGGCGTGGTTTCCCAG-1",8,5
"GGGCGTTTACATTCAT-1",2,2
"GGGCTACTATTTCGTG-1",5,3
"GGGCTATGATCGATGG-1",8,5
"GGGCTCATCGAACCCA-1",6,6
"GGGCTGCCTAGGGCGA-1",7,7
"GGGCTGGTTAGTCGCG-1",7,7
"GGGTAATGCTGTGTTT-1",9,13
"GGGTACCCACGGTCCT-1",9,13
"GGGTACTTCATGAACT-1",4,16
"GGGTATGTATGCACTT-1",7,7
"GGGTATTCTAGCAAAC-1",3,3
"GGGTCACCGTGACGGT-1",4,16
"GGGTCACTGAGTAGTG-1",9,13
"GGGTCAGGAGCTAGAT-1",3,8
"GGGTCATGCGTACCAT-1",7,7
"GGGTCGTGGCAAGTGT-1",9,13
"GGGTCTATCGCTTTCC-1",8,5
"GGGTGACACCTTAACT-1",4,16
"GGGTGCATATGAAAGC-1",7,13
"GGGTGGTCCAGCCTGT-1",9,13
"GGGTGTTTCAGCTATG-1",9,11
"GGGTTAACATTTGAGT-1",8,5
"GGGTTCAGACGAACAA-1",7,7
"GGGTTTAGGATAGGAT-1",7,7
"GGTAAACTCTGCGCTG-1",8,5
"GGTAAATGTGCGTTAC-1",9,13
"GGTAACCGGGAGGATA-1",5,3
"GGTAACTATGTATCTG-1",9,13
"GGTACAAACATGCTAT-1",4,16
"GGTACACCAGATTTAT-1",9,13
"GGTACATCTGGGACGA-1",4,16
"GGTACCATTAAGACGG-1",9,13
"GGTACGTTGCGGCCGG-1",8,5
"GGTACTAAGTGCTTTG-1",4,16
"GGTAGAAGACCGCCTG-1",4,16
"GGTAGACCGTTGGGCG-1",8,5
"GGTAGGCCAATATCAC-1",1,1
"GGTAGTGCTCGCACCA-1",7,7
"GGTATAGTGACACATA-1",9,13
"GGTATTGCCGAGTTTA-1",7,7
"GGTCAAGACTACTTCG-1",4,16
"GGTCACGTTAGATTCA-1",9,11
"GGTCAGTGGGTCCCAC-1",4,16
"GGTCATTGTAGTCATA-1",6,15
"GGTCCTTCATACGACT-1",7,12
"GGTCGGATAAACGGCG-1",9,13
"GGTCGGCCAGGAGCTT-1",7,12
"GGTCGGTAATTAGACA-1",9,11
"GGTCGGTCGTCCACAG-1",8,5
"GGTCGTAAGCTCGCAC-1",8,5
"GGTCTCCAAGTAGTGC-1",4,16
"GGTCTCCGTCCAGGTT-1",8,5
"GGTCTCTGAATGGACT-1",8,5
"GGTCTGAGAATCTGGA-1",9,13
"GGTCTTGAGCGCTCTT-1",3,8
"GGTGAAACCGGGAATG-1",9,11
"GGTGAACGGGCTAGCC-1",6,15
"GGTGAAGTACAGGGAT-1",8,5
"GGTGACTGATAGAGAG-1",8,5
"GGTGAGATGCAGATAA-1",9,13
"GGTGATAAGGAGCAGT-1",7,7
"GGTGATTTCATCTTGT-1",9,11
"GGTGCAGAGCCTATCG-1",6,15
"GGTGCATAAATGATTA-1",3,8
"GGTGCGGATAAGTGGC-1",6,6
"GGTGCTGATCACAAAG-1",7,16
"GGTGCTGGTACACATT-1",4,16
"GGTGGACCACGTGTTA-1",6,15
"GGTGGACTGCTCTGGC-1",8,16
"GGTGGAGGTTGATACG-1",7,7
"GGTGTAAATCGATTGT-1",3,8
"GGTGTAGGTAAGTAAA-1",2,2
"GGTGTTCTGTTTCTAC-1",6,15
"GGTGTTGGGCGTCTTA-1",4,16
"GGTTACCACCCTCGGG-1",8,5
"GGTTACCCGACACTTT-1",9,13
"GGTTACCGCTCCCTAC-1",1,1
"GGTTAGCTATATGTCT-1",4,16
"GGTTAGGCTTGGAGAA-1",7,7
"GGTTAGTTACGGCGCC-1",7,16
"GGTTCCACCCGCTTCT-1",6,11
"GGTTCCCTAGTGTCTC-1",6,6
"GGTTCCGTACGACTAA-1",2,10
"GGTTCGATGCTGAGTT-1",6,11
"GGTTCGCATTTGCCGT-1",3,8
"GGTTCGGATTATACTA-1",8,5
"GGTTCTACTCGTCTGA-1",7,7
"GGTTGTATCGTGAAAT-1",9,11
"GGTTGTGCTCTTGTCC-1",7,12
"GGTTGTGTAGCCTGGC-1",4,16
"GGTTTAATTACCATCG-1",3,8
"GGTTTAATTGAGCAGG-1",9,13
"GGTTTACAATCTCAAT-1",9,13
"GGTTTAGCCTTTCTTG-1",7,7
"GGTTTCAATCGGTCAG-1",9,13
"GGTTTGACAAGAAGCT-1",6,6
"GGTTTGAGTGCTGGAA-1",9,13
"GGTTTGCGAACACGTA-1",6,15
"GGTTTGTGACCTGAGG-1",8,5
"GTAACAACTGACCTTG-1",6,15
"GTAACAGGTTAACGGC-1",1,1
"GTAACATCAGCTCATC-1",6,11
"GTAACATCTAAGATAA-1",4,16
"GTAACTGCCCAAGGAG-1",3,8
"GTAACTTGCGGCAGTC-1",6,6
"GTAAGCGGGCAGTCAG-1",9,13
"GTAAGGATTTGTCGGA-1",6,15
"GTAAGTAACAGTCTGG-1",7,7
"GTAAGTAGGGTATACC-1",7,7
"GTAAGTCCACACTCTA-1",7,7
"GTAATAAAGGGCTCCC-1",7,13
"GTAATCTGATTCTTCG-1",8,5
"GTACACTTACCTGAAG-1",7,7
"GTACAGAGGCAAGGGT-1",7,7
"GTACGACGGCGCTGCG-1",9,13
"GTACGAGATTGCGACA-1",9,13
"GTACGCTTCATTGCAC-1",4,16
"GTACGTCACGTATTAA-1",6,15
"GTACGTTTGCCCGTCA-1",4,16
"GTACTAAGATTTGGAG-1",7,12
"GTACTACGGCCTCGTT-1",3,8
"GTACTCCCTTATCGCT-1",4,16
"GTACTCCTGGGTATGC-1",9,13
"GTACTGAGGTCGTAAC-1",6,15
"GTACTGCATGAAGCGT-1",9,13
"GTACTGGAGTTAGACC-1",7,7
"GTACTTGGGCACTTCT-1",9,13
"GTAGAAACGGGTGGAG-1",7,7
"GTAGACAACCGATGAA-1",6,15
"GTAGACACGCCTGACT-1",5,3
"GTAGACGTCGTTACAT-1",9,13
"GTAGAGGGAGACAAGT-1",8,5
"GTAGCCAAACATGGGA-1",4,16
"GTAGCGCTGTTGTAGT-1",9,11
"GTAGCGGCTATACACT-1",7,7
"GTAGCTAGTAAGCGCG-1",6,11
"GTAGCTCCGGGAGGCT-1",3,8
"GTAGCTTCCTCTTGTT-1",9,12
"GTAGGTGATCCGTGTA-1",6,15
"GTAGTCGCGGGAATCA-1",4,16
"GTAGTCTACGATATTG-1",5,3
"GTAGTGAGCAACCTCA-1",5,3
"GTAGTTAGACAATATA-1",6,6
"GTAGTTCGAAGGCGAA-1",3,8
"GTATAATCTCCCGGAT-1",7,12
"GTATAGGACTCAGTAG-1",9,13
"GTATAGTGGCCCATGT-1",6,15
"GTATATGTTACGGCGG-1",7,12
"GTATCAAACGTTAGCT-1",4,16
"GTATCAAGGTACTTCC-1",3,8
"GTATCAGCTTGGGTTC-1",7,7
"GTATCCTTTGGTAACC-1",5,3
"GTATCGGGACGAGCTG-1",7,12
"GTATCTCAGTCTTGAC-1",3,8
"GTATCTCCCTAACTGT-1",6,6
"GTATCTCGGGCGCTTT-1",1,1
"GTATCTTGTTGCTCAC-1",6,11
"GTATCTTTCATAACCA-1",4,16
"GTATGAAATTTCACTC-1",5,3
"GTATGACGTGGGAAAC-1",9,13
"GTATGTGGGTCTAGTT-1",7,7
"GTATTAAGGCGTCTAA-1",7,7
"GTATTAGGGTTCGCGT-1",6,15
"GTATTCTGAGAAACGA-1",8,5
"GTATTCTTACCGTGCT-1",9,13
"GTATTTAATGGCATAA-1",4,16
"GTCAAAGAAGTGGTGT-1",3,8
"GTCAAAGTTTACATAG-1",9,13
"GTCAACCAGGCCTATA-1",8,5
"GTCAAGCGGACTCGGG-1",7,7
"GTCAATGCTATAATTT-1",6,15
"GTCACAAAGTTTCCAA-1",9,15
"GTCACTCTCCAAATCT-1",7,7
"GTCAGAATAGTCTATG-1",7,7
"GTCAGTTGTGCTCGTT-1",6,15
"GTCAGTTTGGTAGTCG-1",4,16
"GTCATCTCCTACAGCT-1",7,12
"GTCATGCACCTCCGTT-1",7,7
"GTCATGCGCGAGGGCT-1",8,5
"GTCATGGACATGACTA-1",7,13
"GTCATTAGAGCGAACG-1",7,7
"GTCATTGCATTGACCC-1",4,16
"GTCCAATATTTAGCCT-1",3,8
"GTCCACGTCGCATTCG-1",8,5
"GTCCAGGCACGTGTGC-1",2,2
"GTCCATTACTGCTACG-1",7,7
"GTCCCAACGTAAAGTA-1",7,7
"GTCCCAATCATCCCGC-1",8,5
"GTCCCGCGACGTTATG-1",8,5
"GTCCGAGAGCAATCAT-1",4,16
"GTCCGGACCTGAAATT-1",4,16
"GTCCGGCTGAATTGCG-1",7,7
"GTCCGGGTTCACATTA-1",3,8
"GTCCGTTAGAGGGCCT-1",3,2
"GTCCTACAGGCGGCTC-1",7,12
"GTCCTACGAATAGTCT-1",4,16
"GTCCTACTCTACGGGC-1",3,8
"GTCCTAGGATACCTTA-1",2,14
"GTCCTATTGTTGTGGT-1",4,12
"GTCCTTCTACAACCCA-1",7,12
"GTCCTTCTAGTGGGTT-1",9,15
"GTCCTTTAATGACTTC-1",6,15
"GTCGAATTTGGGCGCT-1",1,1
"GTCGATAGGTGACTTT-1",8,16
"GTCGCCGTTGTGTGTT-1",5,3
"GTCGCGTAACCCGTTG-1",7,7
"GTCGGAAGGATACCAG-1",6,6
"GTCGGATATCTCAGAC-1",4,16
"GTCGGATGTAGCGCGC-1",9,15
"GTCGGGAACATGGTAG-1",8,5
"GTCGGGAAGCAGAAAC-1",8,5
"GTCGGGTGAAGTACCG-1",3,3
"GTCGTACCATCTCGGG-1",4,16
"GTCGTACCTACGATTG-1",4,16
"GTCGTATTGGCGTACA-1",9,13
"GTCGTCAATTATAAGG-1",6,15
"GTCGTCTGGTTGGCTA-1",9,13
"GTCGTTATTCGCTTAT-1",4,16
"GTCTAAGATGCCCAGC-1",9,13
"GTCTACTCAATTACAA-1",4,16
"GTCTAGTGAGCCGCTT-1",5,3
"GTCTATACACGCATGG-1",1,1
"GTCTATCTGAGTTTCT-1",4,16
"GTCTATTGCATGCTCG-1",8,5
"GTCTATTGGTTCCGGT-1",4,16
"GTCTCAAGGCCCGGCT-1",8,5
"GTCTCCCGAGTCCCGT-1",5,3
"GTCTCCGCCTCAATAC-1",2,2
"GTCTCCTGCCAGTATG-1",3,8
"GTCTCGACTAAGTTTG-1",9,13
"GTCTCGATCTGCTTTC-1",9,13
"GTCTCGCCAACACGCC-1",6,15
"GTCTGCCGACTCGACG-1",3,8
"GTCTGGGCGGTCGAGA-1",4,16
"GTCTGTAGGTTGAACA-1",1,1
"GTCTTACCACGCCAAG-1",3,3
"GTCTTAGTACAGCCGG-1",6,15
"GTCTTGAGGAGCAGTG-1",7,7
"GTCTTGTAGCTATTCA-1",7,7
"GTGAAACGGCGCCACC-1",9,13
"GTGAAACGTGCTCCAC-1",9,13
"GTGAACTCCCATTCGA-1",9,13
"GTGAAGATTTCAAGTG-1",6,6
"GTGAAGCCGTATAGTC-1",6,15
"GTGAAGTCACGACTCG-1",5,3
"GTGACAGCTTCCCACT-1",5,3
"GTGACCGCACACTACG-1",7,7
"GTGACCTAAAGAATAA-1",9,13
"GTGACGAGGGTGACCC-1",9,13
"GTGACGCAGGTTTCAT-1",5,3
"GTGACTTCAGTAGTGC-1",4,16
"GTGAGATAACCTTATA-1",2,2
"GTGAGCGTGCTGCACT-1",4,16
"GTGAGGACACTTAAGG-1",7,7
"GTGAGGAGCGGTTGAG-1",6,6
"GTGAGTCGACTAATAG-1",5,3
"GTGAGTCTAAGACGGA-1",7,12
"GTGAGTGGTACAACGC-1",8,16
"GTGATCAAGCGTGCAC-1",2,2
"GTGATCACTAACGCCT-1",4,16
"GTGATCATAGATCTGC-1",4,16
"GTGATCCTTGTCATGA-1",8,5
"GTGATGCACAACATCT-1",6,6
"GTGATTCGCCGCTCAA-1",8,16
"GTGCAACAAATGTGGC-1",6,15
"GTGCACCAGCTTCAAC-1",3,8
"GTGCACGAAAGTGACT-1",6,6
"GTGCAGCGTAGAGTAG-1",8,16
"GTGCCATCACACGGTG-1",4,16
"GTGCCCGTTCGGATTC-1",7,7
"GTGCCGCTTCAAAGGT-1",4,16
"GTGCCTAGCTATGCTT-1",7,12
"GTGCCTCAGTGTACGG-1",6,6
"GTGCCTGAGACCAAAC-1",5,3
"GTGCGAAATCGAACAC-1",4,16
"GTGCGACAGGGAGTGT-1",7,12
"GTGCGCAGCTTGCTCC-1",6,15
"GTGCGCTTACAAATGA-1",6,6
"GTGCGGGACCATCGGC-1",9,11
"GTGCGGGTCTCCAAAT-1",9,13
"GTGCGTGTATATGAGC-1",7,7
"GTGCTATCCAGCTGGA-1",1,1
"GTGCTCAAGTACTGTC-1",7,7
"GTGCTGCAGATAAGGA-1",4,16
"GTGCTGTTAGAACATA-1",2,2
"GTGCTTACATCAGCGC-1",7,7
"GTGGAACCTACATGCG-1",9,15
"GTGGACCAACCCGATT-1",8,5
"GTGGACGCATTTGTCC-1",8,5
"GTGGACGTGCTGAGAC-1",9,13
"GTGGAGCATGTCGGCC-1",7,7
"GTGGAGCGTTTACCGA-1",3,8
"GTGGAGTCGGCGGTTG-1",8,5
"GTGGCAAACAGCGGCA-1",8,5
"GTGGCCGGTTTCTCGG-1",1,14
"GTGGCCTAATATCATT-1",4,16
"GTGGCGGGCCGTAGCT-1",6,15
"GTGGCGGTCCCAGCGT-1",4,16
"GTGGCTGTTTCTGTTC-1",5,3
"GTGGGAACAAACCGGG-1",2,14
"GTGGGAAGACTGAATC-1",8,5
"GTGGGCTTAGACACAC-1",7,7
"GTGGGTACTGAGCGTA-1",5,10
"GTGGGTCTTCTTTGCG-1",7,12
"GTGGTATAGTCTGCCG-1",5,3
"GTGGTCAGCGAAGTAT-1",6,6
"GTGGTGATGGTTTGTG-1",8,16
"GTGGTGGCCAAGTGAA-1",4,16
"GTGGTTACTTCTTTCG-1",7,12
"GTGGTTTCCGCCTTTC-1",8,16
"GTGTACCTTGGCTACG-1",9,13
"GTGTACGAACCGTTCC-1",7,7
"GTGTATATCAGCGGGC-1",8,5
"GTGTATGACTTTAAAG-1",9,11
"GTGTCAGTGTACGTGG-1",2,2
"GTGTCCGATAAGGCAT-1",6,15
"GTGTCGTATAGCGTTC-1",8,16
"GTGTCGTATTCACCTT-1",6,15
"GTGTGAATAACTTAGG-1",7,12
"GTGTGAGCCGAGGTGC-1",9,11
"GTGTTACTATGCGTCC-1",7,7
"GTTAAAGTAGGACTGG-1",4,16
"GTTAACATCACTTAAA-1",8,16
"GTTAACTATGTTGTCA-1",7,7
"GTTAAGGGTGCGATGT-1",5,3
"GTTAAGTTAGAGTGGG-1",7,7
"GTTAATAGCGTCATTA-1",3,8
"GTTAATGTCTATCTTA-1",4,16
"GTTACAATTGGTGACG-1",4,16
"GTTACCAAGGCGTACG-1",5,3
"GTTACCTACAACTTGC-1",4,16
"GTTACGAAATCCACGC-1",6,6
"GTTACTTTGGGCCTAG-1",4,16
"GTTAGAGTGTGCCGCT-1",6,15
"GTTAGCCCATGACATC-1",3,3
"GTTAGCCGTAAATCAA-1",6,6
"GTTAGGCTACCCGTTT-1",5,3
"GTTATAATACGGTGAA-1",4,16
"GTTATATCAGGAGCCA-1",6,15
"GTTATATTATCTCCCT-1",4,16
"GTTATCAAGCTATCGA-1",5,3
"GTTATCACCTTCTGAA-1",9,15
"GTTATTAAATACGACC-1",6,15
"GTTATTAACGTGGGAG-1",7,7
"GTTCAATCTATGTCAA-1",6,15
"GTTCACAGGAGTCTAG-1",7,16
"GTTCAGTCGCCAAATG-1",2,2
"GTTCATCGTTTGGCTG-1",7,12
"GTTCCAAGACAGCGAC-1",9,15
"GTTCCAGTCTGACCAT-1",9,15
"GTTCCCGTAAACATAT-1",8,5
"GTTCCGTCCGCCTGCA-1",2,2
"GTTCGACAATTGTATA-1",1,1
"GTTCGCCATAAGTGCC-1",4,16
"GTTCGCTGAGACGTCT-1",8,16
"GTTCGGAGCACTCAAC-1",8,5
"GTTCGGATCGGGAACA-1",7,8
"GTTCGGGCGTACCATT-1",7,12
"GTTCGTCTAAAGAACT-1",4,16
"GTTCGTCTGGGTCCCT-1",6,15
"GTTCTTCCCTCGATGT-1",9,13
"GTTCTTGTAACTCAAT-1",1,1
"GTTGAACCGGTTCCAT-1",4,16
"GTTGAGTCCCGCCGGT-1",4,16
"GTTGCACGGAGTTTCG-1",7,12
"GTTGCAGTCGACAACA-1",8,5
"GTTGCGCTAACATTAC-1",7,7
"GTTGCGGACGGTCAGG-1",8,16
"GTTGGACCGCATCAGG-1",6,6
"GTTGGATTCAGTGGCT-1",6,6
"GTTGGATTGAGAACAC-1",9,13
"GTTGGATTTGCGTTGG-1",4,16
"GTTGGTCATGCTATCC-1",8,5
"GTTGTAGATTTATGAG-1",2,2
"GTTGTCGTGTTAGTTG-1",6,15
"GTTGTTACATTGCGCT-1",6,15
"GTTGTTGCAAGATGGC-1",8,5
"GTTTACGTTCCATCTG-1",4,16
"GTTTATGGGATTTAGA-1",7,12
"GTTTCAAACGAGTTGT-1",8,5
"GTTTCATATCGTCGCT-1",4,16
"GTTTCCTGGAGGGTGA-1",7,12
"GTTTCTAGAGGCGCGG-1",5,3
"GTTTCTGCAGTCTCCC-1",7,7
"GTTTGACCAAATCCTA-1",7,7
"GTTTGGCCCAAGTTAT-1",7,7
"GTTTGGCCGCTCAGCG-1",6,15
"GTTTGGCGTCAGGCAC-1",6,11
"GTTTGGGCTTGTGAGC-1",4,16
"GTTTGGGTTTCGCCCG-1",8,5
"GTTTGGTAGGGTCAAC-1",8,5
"GTTTGGTGATCGGTGC-1",3,8
"GTTTGTTAGCCAAGTA-1",5,3
"TAAACCCAGGAGGGCA-1",8,5
"TAAACGTCGTCAATGA-1",7,12
"TAAAGACAACCCTTTA-1",7,7
"TAAAGAGCCCGAAACC-1",6,13
"TAAAGCGGTATTTCCA-1",3,8
"TAAAGCGTTAGGAGAA-1",9,13
"TAAAGCTGCAATAGGG-1",6,15
"TAAAGGAGAAACTAGT-1",6,6
"TAAAGTGCACGTCTCG-1",2,14
"TAAATCTTTACACCTC-1",6,15
"TAAATGAATCCGTTTC-1",7,7
"TAAATGCCGTCTCATG-1",6,15
"TAAATGGGCTACTGAG-1",8,5
"TAAATTGTGGGTAAAG-1",3,8
"TAAATTTAGTAACACC-1",1,14
"TAACAAAGGGAGAAGC-1",7,12
"TAACAATATTTGTTGC-1",4,16
"TAACAGCGTTTGTGCT-1",3,8
"TAACAGGTTCCCTTAG-1",1,14
"TAACATACAATGTGGG-1",7,7
"TAACATACACGCGATC-1",5,3
"TAACCGCCCGCAGTGC-1",6,6
"TAACCGTCCAGTTCAT-1",2,14
"TAACCTACCGTCCGAG-1",7,12
"TAACCTAGGGAGTCCA-1",8,5
"TAACGCTTTGAGAGCG-1",7,7
"TAACTATCGAAGGTCC-1",7,7
"TAACTATTACGCCAAA-1",9,13
"TAACTCATCCGCGCGG-1",4,16
"TAACTCCATGGAGGCT-1",7,12
"TAAGAGGGACAGGGAC-1",2,2
"TAAGATTTAGCGGGAG-1",9,15
"TAAGCAGGCGACACGC-1",4,16
"TAAGCCCTTACGACCA-1",6,6
"TAAGCGCGAATCAAAT-1",2,2
"TAAGGAACTTGTGGGA-1",9,13
"TAAGGCAACATAAGAT-1",9,13
"TAAGGCATAACATCAA-1",8,5
"TAAGGCCCGTCACCCT-1",5,3
"TAAGGCTGAATCCCTC-1",7,16
"TAAGGGCCTGTCCGAT-1",4,16
"TAAGGGCTGGGAGAGG-1",4,16
"TAAGTAAATGTGCCGC-1",6,15
"TAAGTAACATCTTGAC-1",4,16
"TAAGTCGCCGAGTATC-1",5,5
"TAAGTCGGTGAGCTAG-1",5,3
"TAAGTGAATAGTCTAC-1",1,1
"TAAGTTGCGACGTAGG-1",4,16
"TAATAAACAAGGAGAT-1",6,6
"TAATACACAGTAGTAT-1",9,13
"TAATACTAGAACAGAC-1",3,8
"TAATAGAACAGAGTTA-1",8,5
"TAATAGCTAAATGATG-1",6,13
"TAATAGGTCACCAGAA-1",3,2
"TAATAGTGACGACCAG-1",9,13
"TAATATTGAAATTCGC-1",9,13
"TAATCAACCAAATGGG-1",4,16
"TAATCGATCCGTACGT-1",9,13
"TAATGAAAGACCCTTG-1",7,7
"TAATTACGTCAGTAGA-1",8,5
"TAATTAGATGGATATG-1",6,15
"TAATTAGGACATCCGT-1",7,7
"TAATTCCAATGCTTCA-1",8,5
"TAATTGGAATCGGGAA-1",6,15
"TACAAATTGCGGAGGT-1",6,11
"TACAACAGCGCATACA-1",3,3
"TACAACGCACAACTCA-1",4,16
"TACAAGCTGTTCACTG-1",6,11
"TACAAGGGCTTCTTTA-1",5,3
"TACAAGTCTCGTGCAT-1",7,16
"TACACAGCCGTGGTGC-1",3,8
"TACACCGTCGTTAGTC-1",6,6
"TACACCTCTTCGAATC-1",5,3
"TACAGAAACGGTGGGC-1",8,5
"TACATAGGCATACACC-1",7,16
"TACATCCCTATCCCTG-1",8,5
"TACATGACCTTATCCG-1",7,10
"TACATGCCGGAATTGT-1",8,5
"TACATTTCTAACGTGC-1",4,16
"TACCAAATAGCCCAGA-1",8,5
"TACCAATAAAGTACCA-1",8,16
"TACCAGAAGTAGGTTC-1",4,16
"TACCAGCTAGGTTTAA-1",9,13
"TACCAGGAATCCCGTC-1",2,2
"TACCATGTATTGATTT-1",7,16
"TACCCTCGGTAACCCT-1",5,3
"TACCGAATAATTGTAA-1",5,3
"TACCGCGGACTTGCAG-1",7,12
"TACCGGCTCACTGCCC-1",4,16
"TACCGGTCGTTTCCAT-1",8,5
"TACCGTAGGTTAACTA-1",5,3
"TACCGTGCCTCGGACC-1",4,16
"TACCTACTCCCAGTAT-1",8,5
"TACCTATCCCTAGAGG-1",8,5
"TACCTCACGCTTGTAC-1",9,15
"TACCTCAGTTGTCTGT-1",5,3
"TACCTCCACACCAATG-1",2,2
"TACCTCTTTACCATCC-1",8,5
"TACCTGCTGCACTGTG-1",7,7
"TACCTTAAGATTTCCC-1",8,5
"TACGAACACGACTTCA-1",7,7
"TACGACGCTTGCTGCG-1",4,16
"TACGACTGCCTCTTAG-1",4,16
"TACGAGAACTTCACGT-1",4,16
"TACGATCCAAGCCACT-1",9,11
"TACGATGTTGATCATC-1",4,16
"TACGCAGTTCTTTCCT-1",4,16
"TACGCCATATTCTAAT-1",4,16
"TACGCCGAGGGTACCC-1",5,3
"TACGCCGCCTCAGAAG-1",7,7
"TACGCCTCCATTCCGA-1",8,5
"TACGCTATAGAAACCT-1",7,12
"TACGCTCCTAGAACTG-1",1,1
"TACGCTCGGTATTGGA-1",8,5
"TACGCTGCACGGTCGT-1",3,10
"TACGCTGCTGTGTTAA-1",1,14
"TACGGAAGCCAAACCA-1",3,8
"TACGGCATGGACGCTA-1",8,5
"TACGGGATGCTAGCAG-1",9,11
"TACGGGTAATAACATA-1",3,8
"TACGTAAAGCGGAGTG-1",8,5
"TACGTACTAGTGCTGA-1",3,8
"TACGTGCAAGGTTCCT-1",7,13
"TACGTGCACTATGCTG-1",7,12
"TACGTGGGCCCAGGGC-1",3,8
"TACGTTTACCGGCAAT-1",4,16
"TACTACGTGCAATGCG-1",5,3
"TACTATGGTTCCTCAG-1",5,3
"TACTCATTGACGCATC-1",3,3
"TACTCCTCTAGTTGAC-1",3,8
"TACTCGGCACGCCGGG-1",4,16
"TACTCGTTTGAATCAA-1",3,8
"TACTCTCCGAACAAAT-1",9,13
"TACTCTTACTTTACTG-1",8,5
"TACTCTTTCGTCTTCA-1",5,3
"TACTGAACAGATTTAG-1",5,3
"TACTGAGGGAAGAAAG-1",2,2
"TACTGCAATCAATTAC-1",6,6
"TACTGCATGATTAAAT-1",1,1
"TACTGGACAGCTCGGC-1",4,16
"TACTGTTTCTCTGGTA-1",7,7
"TACTTAAACATGTACA-1",5,3
"TACTTGTTAGTAGTCC-1",7,7
"TACTTTACTGAGCCGG-1",9,13
"TACTTTCCGCACGCCA-1",8,5
"TAGAAACCACTAAGTA-1",6,15
"TAGAAAGGTGGCGCTA-1",7,12
"TAGAAATTCACGTATA-1",4,16
"TAGAAGAAGGGTTACA-1",8,5
"TAGAATAGCCGATGAA-1",8,5
"TAGAATTAAGGGCAAC-1",6,6
"TAGACGAAACGCCAAT-1",5,3
"TAGACGCCCGTACCGG-1",9,13
"TAGACTACCTAGCGTT-1",7,7
"TAGAGATCATGCAACT-1",8,5
"TAGAGCTACGAAGAAC-1",9,13
"TAGAGGGAGTTTATCT-1",1,14
"TAGAGGTTCTACTTGT-1",4,16
"TAGAGTCTAAGCGAAC-1",7,7
"TAGAGTGTTCCGGGTA-1",3,8
"TAGATATGGACTGGAA-1",4,16
"TAGATCCGAAGTCGCA-1",6,15
"TAGATGGTTCCTTACT-1",8,16
"TAGATTCAAAGTGCGG-1",2,2
"TAGATTCCTGGTTATT-1",4,16
"TAGATTCTCTAGCAAA-1",3,8
"TAGCAACCTGTCACAA-1",7,7
"TAGCAGATACTTAGGG-1",3,8
"TAGCAGTAAATACGCG-1",6,15
"TAGCAGTATGACTAAA-1",8,5
"TAGCCATTTCAAAGTC-1",7,7
"TAGCCGGCGGTCAGCG-1",7,12
"TAGCGTCCCTCGATTG-1",7,7
"TAGCGTCCGGTGTGGT-1",4,16
"TAGCGTCGAATATTGA-1",4,16
"TAGCGTTGGGTCTTAC-1",7,7
"TAGCTAAGTCCGGGAG-1",7,7
"TAGCTAGAAGGCATGA-1",8,16
"TAGCTAGTGATGATGG-1",5,3
"TAGCTCACTGTGTTTG-1",3,3
"TAGCTCAGATCCTAGT-1",6,15
"TAGCTCGCCTGATAAC-1",8,16
"TAGCTGATGTGAAGCG-1",8,5
"TAGGAACAGCCTCCAG-1",6,15
"TAGGAGGCTCGAGAAC-1",3,3
"TAGGATCTTAACCGCA-1",2,2
"TAGGCATGTTACGCCA-1",9,13
"TAGGCCTATATAGTCT-1",8,5
"TAGGCGATGAGGTCTC-1",3,8
"TAGGCGGCTGCAAAGA-1",2,14
"TAGGCTAAAGTGGCAC-1",8,5
"TAGGGAGCTTGGGATG-1",7,7
"TAGGGTGTTTCAAGAG-1",9,13
"TAGGTCCAAGTAAGGA-1",7,7
"TAGGTCGCCGGAACTG-1",7,12
"TAGGTGACGATAACCT-1",5,3
"TAGGTGAGCCCTACTC-1",7,7
"TAGGTGCTCGCCTAGC-1",7,7
"TAGGTGTTCCACAGAT-1",5,3
"TAGGTTCGAGTTCGTC-1",7,7
"TAGGTTCTGCTGAGAA-1",2,14
"TAGTACCACAACTTTC-1",2,14
"TAGTACCTTAGTGGTC-1",7,7
"TAGTAGCTTATACCAG-1",3,8
"TAGTAGTTGCCGGACA-1",2,2
"TAGTCCCGGAGACCAC-1",3,8
"TAGTCCGCAGAGAATG-1",4,16
"TAGTCCGTATGCATAA-1",7,12
"TAGTCCTGCACTAAGC-1",1,1
"TAGTCGATCACGGGTT-1",4,16
"TAGTCTAACAACGAGA-1",4,16
"TAGTCTGCGGCACATT-1",1,1
"TAGTCTGTGACGTTGC-1",6,15
"TAGTCTTTCCGAATTG-1",4,16
"TAGTGAGAAGTGGTTG-1",9,11
"TAGTGCCCTCCAGAGT-1",7,7
"TAGTGGAACTCATACA-1",6,15
"TAGTGTCAGAAACGGC-1",7,7
"TAGTTAAGATAGGATA-1",9,15
"TAGTTTATTCTTGCTT-1",9,7
"TATAAATCCACAAGCT-1",9,13
"TATAAGTGAGGATAGC-1",7,13
"TATACACAGACGCCTT-1",4,16
"TATACACGCAAAGTAT-1",9,13
"TATACCGAGTGCCACA-1",4,16
"TATACGCGTCATCACT-1",5,3
"TATACTCATGCGGCAA-1",7,7
"TATAGAGTCGCTTGAA-1",3,8
"TATAGATGGTCGCAGT-1",7,7
"TATAGCGCACGTTATC-1",5,3
"TATAGGGTACTCATGA-1",4,16
"TATATAGGGCTTTACG-1",3,8
"TATATATCGAGAAATG-1",3,8
"TATATCAAAGTGATCT-1",1,14
"TATATCATTGATCAGT-1",4,12
"TATATCCCTGGGAGGA-1",7,7
"TATATGCTGGGTTGCC-1",7,12
"TATATTACAAATGTCG-1",6,15
"TATATTCGCGTCGATA-1",6,15
"TATCAAAGGTCTGTAA-1",7,12
"TATCACAGCACGGGCA-1",6,11
"TATCACCATGTAAAGT-1",6,15
"TATCACCCAACCGACC-1",6,13
"TATCACTTCGAGTAAC-1",6,15
"TATCAGTGGCGTAGTC-1",3,8
"TATCCAATTGGTTATC-1",8,16
"TATCCATATCATGCGA-1",9,13
"TATCCATCTCGGTTAG-1",2,2
"TATCCCTCGATCTGCA-1",3,2
"TATCCGCACCGTCGGG-1",5,3
"TATCCTATCAACTGGT-1",3,8
"TATCCTGCATGGGAAT-1",9,15
"TATCGATCTATGCATA-1",9,11
"TATCGATGATTAAACG-1",7,12
"TATCTACAGAGGTAAT-1",7,16
"TATCTACCACAGCGGG-1",4,16
"TATCTAGCCTAAAGGA-1",4,16
"TATCTGAGCCGATATT-1",2,14
"TATCTTGCAATACAAC-1",3,8
"TATGAAGAATTAAGGT-1",8,5
"TATGAAGACAGGTGCG-1",7,16
"TATGATAAATCTAACG-1",6,15
"TATGATCCGGCACGCC-1",9,13
"TATGATCTTCTCTTTA-1",8,5
"TATGATTCTGCTTGGT-1",9,11
"TATGCTCCCTACTTAC-1",7,7
"TATGGAGTTTCTCGTT-1",6,15
"TATGGATGTGCTACGC-1",7,12
"TATGGCAGACTTTCGA-1",7,12
"TATGGCCCGGCCTCGC-1",7,7
"TATGGCTAGGCTAATT-1",9,13
"TATGGGACCGAGCAGG-1",7,7
"TATGGGTACGTATCGT-1",7,7
"TATGGTCTGAGTAACA-1",7,7
"TATGGTTAGTGGGAGA-1",7,7
"TATGTAAAGTGCTTAA-1",3,8
"TATGTAGAAACCCGGC-1",2,2
"TATGTCAAGACCGACT-1",9,13
"TATGTCTCATTGTGCC-1",9,10
"TATTAACACCAAAGCA-1",5,3
"TATTAACCTGACCGCG-1",5,3
"TATTACCATCCTGCTT-1",7,7
"TATTATGTTTGCCTGC-1",3,8
"TATTCAATTCTAATCC-1",7,7
"TATTCCACTCAGCTCG-1",4,16
"TATTCCGAGCTGTTAT-1",4,16
"TATTCCGGCAGTCCTA-1",6,15
"TATTCCTCCGCCCACT-1",8,5
"TATTCGTGCCAGAATA-1",7,7
"TATTGACATTTCTGCC-1",7,13
"TATTGCCGGGCTTGTA-1",5,5
"TATTTAGTCTAGATCG-1",9,13
"TATTTATACCGAGTAG-1",9,13
"TATTTGATTTGCACAG-1",8,5
"TATTTGTTACCCTTTA-1",7,12
"TCAAACAACCGCGTCG-1",7,7
"TCAAACAATTAGGACA-1",6,15
"TCAAACTTAGATTGTT-1",7,7
"TCAAAGAGCTATCTGT-1",5,3
"TCAAAGTCACGGCGTC-1",1,1
"TCAAATTGTTGTGCCG-1",3,3
"TCAAATTTGAGACTCA-1",5,5
"TCAACAAAGATAATTC-1",5,3
"TCAACACATTGGGTAA-1",6,6
"TCAACATAGCGCCCTA-1",5,3
"TCAACATCGACCGAGA-1",8,5
"TCAACCATGTTCGGGC-1",7,12
"TCAACGAGGAGACAAA-1",4,16
"TCAACGCAGGAAATAA-1",8,5
"TCAACGCGACCGGCAG-1",4,16
"TCAACTAACGTATAAC-1",4,16
"TCAACTGCAGAGTCAG-1",4,16
"TCAAGAAATACTAGCT-1",7,13
"TCAAGCGCGGACGGTA-1",8,5
"TCAAGGTTACTACACC-1",7,16
"TCAATACGCCGTCATG-1",5,3
"TCAATATACAGGAGGC-1",5,3
"TCAATCCCGCGCCAAA-1",5,3
"TCAATCCGGGAAGTTT-1",3,8
"TCACAAACCGAGGTAC-1",8,5
"TCACAGATCCTCAAAC-1",9,13
"TCACAGCAAACTCGAA-1",8,5
"TCACAGGAGAATAAGA-1",8,5
"TCACAGGGAATCGCAA-1",4,16
"TCACAGGTTATTGGGC-1",7,7
"TCACATCTTATCTGAT-1",7,16
"TCACCCTCTTAAGATT-1",4,16
"TCACCGCTCGGCACTC-1",9,13
"TCACGATGTCCGTGGA-1",5,3
"TCACGCATTGTAGATC-1",7,7
"TCACGGCCCAAGAGAG-1",2,14
"TCACGGTCATCGCACA-1",7,12
"TCACGTGCCCGATTCA-1",7,7
"TCACTACGACCAATGC-1",6,6
"TCACTATCCCTTCGGT-1",5,3
"TCACTATCGTGCAATC-1",9,11
"TCACTCGTGCAACGGC-1",6,6
"TCACTCTTCGTCTGTC-1",7,12
"TCAGAACCTCCACAGG-1",9,13
"TCAGAACGGCGGTAAT-1",3,8
"TCAGACGCTATAGAAG-1",4,16
"TCAGAGGACGCGTTAG-1",3,8
"TCAGAGTGTGAGCATG-1",8,5
"TCAGATGGAGACGTAG-1",6,11
"TCAGCAAATGCATCTC-1",7,12
"TCAGCAGTAGGCCCTG-1",3,8
"TCAGCCAATCCGTAAA-1",8,5
"TCAGCGCACGCCGTTT-1",3,8
"TCAGCTTGAGCTTTCG-1",2,14
"TCAGGGCGCAAACTCG-1",7,7
"TCAGGGTGCACGAAAC-1",6,15
"TCAGGGTGTAACGTAA-1",7,2
"TCAGGTTCTTTGAGAA-1",7,7
"TCAGTACTGACCCGCG-1",7,7
"TCAGTAGGGACTATAA-1",4,16
"TCAGTGTATACGTCAT-1",5,3
"TCAGTTACGGAATGAT-1",6,15
"TCATAAGTCCAAGAAG-1",8,5
"TCATACTTACAGATCC-1",7,7
"TCATATGAGCTTTGTT-1",3,8
"TCATCACTCGAGCTCG-1",9,13
"TCATCCCAGAGGGTGG-1",6,15
"TCATCCTCAGCTGCTT-1",5,3
"TCATCGACGACCGTCG-1",5,3
"TCATCGATGGTCCCAA-1",5,3
"TCATGCAGGTTCTCAT-1",9,15
"TCATTCGTATAATTTG-1",9,11
"TCATTTAAGTCTCCGA-1",7,12
"TCATTTAGAAGTGTGA-1",8,5
"TCCAACTCAGCTATCT-1",5,3
"TCCAACTTTAAATTCT-1",4,16
"TCCAAGCCTAGACACA-1",5,3
"TCCAATAAAGGCTACC-1",3,8
"TCCAATGCGTCGCCGC-1",2,14
"TCCACAATGGTTTACG-1",7,7
"TCCACATCGTATATTG-1",3,8
"TCCACCAAGACATAGG-1",5,3
"TCCACCTCTAGCCTTT-1",5,3
"TCCACTTTATCTAGGT-1",9,13
"TCCAGAGCACCGGTTC-1",7,7
"TCCAGATGTACGCCAA-1",6,6
"TCCAGCGCTATAAGCG-1",4,16
"TCCAGGCAGGACGATC-1",2,14
"TCCAGGCGAGTACGGT-1",7,7
"TCCAGGGTATATACGA-1",5,3
"TCCATCAATACTAATC-1",2,14
"TCCATTAGTTGGATAG-1",9,13
"TCCATTGTGACCTCGT-1",6,15
"TCCCAAACAGACAACG-1",6,15
"TCCCAAACATCCTCTA-1",1,14
"TCCCAAAGACGAAGGA-1",7,7
"TCCCAAAGCCCTAAAT-1",7,12
"TCCCAATATCGACGAC-1",3,10
"TCCCACGGAGGGAGCT-1",6,11
"TCCCACTCTCTTCCGG-1",7,12
"TCCCAGCACACGACAT-1",8,16
"TCCCAGCTTTAGTCTG-1",7,7
"TCCCAGGCTTAGCTAA-1",7,7
"TCCCGCCTATGTGCGT-1",9,13
"TCCCGCGTACTCCTGG-1",7,13
"TCCCGGGTGTGCTGCT-1",4,16
"TCCCGGTCAGGAATTT-1",6,15
"TCCCGTCAGTCCCGCA-1",9,13
"TCCCGTCGCGTCATAG-1",9,13
"TCCCGTGTGCAATTTG-1",4,16
"TCCCTAGATCAATAGG-1",9,13
"TCCCTCCGAAATCGTT-1",9,11
"TCCCTCTTCTCAAGGG-1",8,5
"TCCCTGGCGTATTAAC-1",3,8
"TCCCTGGCTCGCTGGA-1",4,16
"TCCCTTAGATTACTCG-1",9,11
"TCCCTTGTCTGAAACT-1",5,3
"TCCGAACGTTGCCGCT-1",4,16
"TCCGAACTTGGCTTAC-1",4,16
"TCCGAAGTAGTCACCA-1",6,6
"TCCGAATGGTCCTGAG-1",9,13
"TCCGACCGCTAATCAA-1",1,14
"TCCGAGAAGGCTAAGC-1",9,11
"TCCGATAATTGCCATA-1",9,11
"TCCGATGACTGAGCTC-1",9,11
"TCCGATGGTGCGACAT-1",9,13
"TCCGATTACATTGCCG-1",7,16
"TCCGCAGCCACCTAGC-1",7,10
"TCCGCCTGTCTACAAG-1",8,5
"TCCGCGGCAGCATCTG-1",7,7
"TCCGCGGCCCAATGAA-1",4,16
"TCCGCTGTCATCCCGG-1",4,16
"TCCGCTTATCCCATTA-1",4,16
"TCCGGAGGAAGGGCTG-1",6,15
"TCCGGCCTAGCGTACA-1",9,13
"TCCGGCCTGCATCGAT-1",6,11
"TCCGGCTGTCGGGTCG-1",8,5
"TCCGGGCCACTAACGG-1",3,10
"TCCGGGCTTGACGGGA-1",5,3
"TCCGGTTCGTCCGGTC-1",8,16
"TCCGTAACCACAATCC-1",7,7
"TCCGTTAAGCTAATAT-1",4,16
"TCCGTTTAGCCTTGAA-1",9,13
"TCCTAAAGATTCAGAC-1",5,3
"TCCTAAATTGGGAAGC-1",8,5
"TCCTAACCGTCGGGCA-1",3,8
"TCCTACATCCACGGCC-1",4,16
"TCCTAGCAAAGAAGCT-1",4,16
"TCCTATCATAGGTAAC-1",7,7
"TCCTCCTAAGACATTC-1",8,5
"TCCTCGGGCTGGGCTT-1",7,7
"TCCTCTACGAGATGGC-1",7,7
"TCCTCTCCAGTTGTCC-1",4,16
"TCCTCTGGCCCATTAG-1",6,15
"TCCTGCAGCCGCCAAT-1",2,2
"TCCTGCCAACTGGAGA-1",6,15
"TCCTGCGTTGATACTC-1",4,16
"TCCTGGCGCTGCCTGG-1",6,15
"TCCTTACGACGGTCCG-1",4,16
"TCCTTCAGTGGTCGAA-1",9,13
"TCCTTGTCCTTTAATT-1",3,8
"TCCTTTAAATCCGCTT-1",4,16
"TCCTTTCTTACGCTTA-1",7,7
"TCGAAATTTAGGACCA-1",7,7
"TCGAAGAACCGAGCAC-1",7,16
"TCGAATATCCCGCAGG-1",5,3
"TCGAATCGCAGGGTAG-1",1,1
"TCGACAACTGAACCCG-1",3,8
"TCGACATAGCGTAGCG-1",1,1
"TCGACTGACGATGGCT-1",3,10
"TCGAGACCAACACCGT-1",7,3
"TCGAGCCAGGCAGGCC-1",5,3
"TCGAGGGCAACAGACG-1",8,16
"TCGAGTCTACGATTCG-1",3,8
"TCGATAGGCTAGTCGC-1",6,15
"TCGATTTACGAAACGA-1",1,14
"TCGCAAAGATGCATTT-1",4,16
"TCGCACCAGGAGGCAG-1",4,16
"TCGCATAAAGGGCGCA-1",8,5
"TCGCATCCCTAAGTGT-1",9,13
"TCGCATTCAATGACTT-1",9,11
"TCGCCCAACTGACTCC-1",9,15
"TCGCCCACTGCGAGAG-1",4,16
"TCGCCGAAGTTGCGTC-1",4,16
"TCGCCGACATATTCGC-1",5,3
"TCGCCGCACCGCGTGA-1",8,5
"TCGCCGGTCGATCCGT-1",9,11
"TCGCCTCCTTCGGCTC-1",3,8
"TCGCGTCCAGAAGGTC-1",7,7
"TCGCTAAACCGCTATC-1",6,15
"TCGCTACTGGCTTTGA-1",5,3
"TCGCTCGATATATTCC-1",7,7
"TCGCTCGGCACCAGCG-1",6,6
"TCGCTGCCAATGCTGT-1",3,3
"TCGCTGGGCGGATTGT-1",7,12
"TCGCTGTGCGTAAATC-1",9,13
"TCGCTTAATTACGAAG-1",6,15
"TCGCTTTAAACGTTTG-1",9,13
"TCGGAATGACCATCAA-1",6,15
"TCGGAATGCGCTCTGA-1",7,7
"TCGGACGCCCAGCCCA-1",7,12
"TCGGAGAGTATCGGGA-1",8,5
"TCGGAGTACATGAGTA-1",7,7
"TCGGCAGGGTTAAGGG-1",5,3
"TCGGCGAACCCAAACC-1",4,16
"TCGGCGGTATTAGATT-1",6,6
"TCGGCTAACTTCCCTT-1",9,11
"TCGGCTTGTATCGACG-1",4,16
"TCGGGAACGTGCCTAG-1",6,6
"TCGGGAGACAGCGTAC-1",8,5
"TCGGGATTCAAACATA-1",4,16
"TCGGGCCGTCGTGGTA-1",7,7
"TCGGGTGAAACTGCTA-1",6,15
"TCGGTCCCGACAATAG-1",3,8
"TCGGTCCCTGACTCCA-1",6,15
"TCGGTGACCGCTCCGG-1",6,15
"TCGGTTAGCCATGTAG-1",6,15
"TCGTAACTCCCAAGAC-1",5,3
"TCGTAAGACGACATTG-1",9,13
"TCGTAAGCTCCGAGGA-1",6,6
"TCGTACCGACGTCAAG-1",3,8
"TCGTATAGTGCAATTA-1",9,15
"TCGTATCACCAAGCTA-1",6,6
"TCGTATTACCCATTGC-1",4,16
"TCGTATTTCGTCCGGA-1",6,15
"TCGTCAAGTACGCGCA-1",5,3
"TCGTCACACTGTTAGC-1",7,7
"TCGTCCGCTGGCGTCT-1",7,7
"TCGTCCGGGTACACTC-1",6,11
"TCGTCTTAGGCGTTAA-1",4,16
"TCGTGTCACGCTGACA-1",8,5
"TCGTGTTCGACCACAA-1",4,16
"TCGTTAGGAGTCCCTA-1",8,16
"TCGTTCGTTATTATGT-1",9,13
"TCGTTGCTATCCGGTC-1",8,5
"TCGTTGGCTCGTCAAT-1",9,15
"TCGTTTACGCGACCCT-1",5,3
"TCTAAAGAACAGTCTC-1",5,3
"TCTAACCTAGCCTGCG-1",3,3
"TCTAACTGTATGTAAA-1",7,12
"TCTAATACTGCCTCAG-1",5,3
"TCTACACGTTCATGCA-1",6,15
"TCTACCCAATAGAGAG-1",4,16
"TCTACCCGCATCATTT-1",3,3
"TCTACCGTCCACAAGC-1",7,2
"TCTACGCACGATCTCC-1",1,14
"TCTACGGGCTCAGTTG-1",6,15
"TCTAGCAATCTCCGCC-1",8,5
"TCTAGCATCTTCGATG-1",7,7
"TCTAGCATGCCCAGAA-1",4,16
"TCTAGGTGGCGACGCT-1",9,13
"TCTAGTGATATCGTGG-1",7,16
"TCTAGTTATCAGAAGA-1",7,7
"TCTATAGGTGGGTAAT-1",8,5
"TCTATCATGCAGTTAC-1",9,13
"TCTATCCGATTGCACA-1",3,8
"TCTATCGGTCGCAACA-1",9,13
"TCTATGCTATAACGAC-1",8,5
"TCTATTACGCTGGCGA-1",9,13
"TCTATTACTAGAGGAT-1",8,5
"TCTCAAATCAATCGGG-1",5,3
"TCTCAGGCTACTCGCT-1",3,3
"TCTCATGAGATAGGGT-1",4,16
"TCTCCAACGTAGGTTA-1",9,13
"TCTCCACAAGTTGAAT-1",8,5
"TCTCCCTGGGCAGCGT-1",8,16
"TCTCGAACGAGGTCAC-1",6,6
"TCTCGACGTATCGCCG-1",7,7
"TCTCGAGGAGGTTCGC-1",8,5
"TCTCGGCTCCAGGACT-1",9,13
"TCTCGTGTTACGAGGA-1",8,5
"TCTCTAATAGCTGGTA-1",9,13
"TCTCTCGCCGCACATA-1",4,16
"TCTCTTACCGCGAACC-1",3,8
"TCTGAACCGGTCGGCT-1",7,13
"TCTGAACTCGTACCCG-1",4,16
"TCTGAAGCACGTGGTC-1",8,5
"TCTGAATTCCGTACAA-1",7,12
"TCTGACGGGCTAACCC-1",6,13
"TCTGACTGTAATGGTT-1",2,14
"TCTGAGCAATTGACTG-1",8,5
"TCTGATCGGGTGCTAG-1",7,13
"TCTGATGTATTCTGTC-1",4,16
"TCTGATTGGAAATGGA-1",7,10
"TCTGCAGATTCGAGTC-1",7,12
"TCTGCATACCTTGCTT-1",8,5
"TCTGCCAGAAACTGCA-1",7,7
"TCTGCGAATCGTTCGC-1",6,15
"TCTGCGTCCGGTTTCT-1",9,13
"TCTGCTTAGAACAAGC-1",4,16
"TCTGGAGCGTAAGAGT-1",7,12
"TCTGGCCGTTCAAGTT-1",7,12
"TCTGGCGCAAGCCGGG-1",4,16
"TCTGGGAACCTTTGAA-1",7,7
"TCTGGGTAGCGCTCAT-1",4,16
"TCTGTCATACAAGAGC-1",6,15
"TCTGTGACTGACCGTT-1",9,11
"TCTGTGATGGAGGTTG-1",6,15
"TCTGTGCCATCATAGT-1",7,12
"TCTGTGGCTACATTTC-1",9,11
"TCTGTTACCCAGCATA-1",8,5
"TCTTACAGAGGTACCG-1",6,15
"TCTTACCGGAACTCGT-1",6,6
"TCTTACGGCATCCGAC-1",7,7
"TCTTACTTATGCCTCT-1",7,7
"TCTTAGAGCTCCAATT-1",7,7
"TCTTAGAGTGAACTCT-1",7,16
"TCTTATGGGTAGTACC-1",6,15
"TCTTCCCATGGGCACA-1",9,13
"TCTTCGAATAGACGTT-1",7,7
"TCTTCGATACCAATAA-1",7,7
"TCTTCGCGGTGAGAGG-1",8,5
"TCTTCTATAACCCGCC-1",7,7
"TCTTGATGCGTAGCGA-1",7,7
"TCTTGCTCCCGATACT-1",3,8
"TCTTGGTAACACCAAA-1",9,13
"TCTTTAAGACTATGAA-1",7,12
"TCTTTAGAGTCTAACA-1",4,16
"TCTTTAGCAGGCGAAC-1",7,13
"TCTTTCATCCGTCCTT-1",2,14
"TCTTTCCTTCGAGATA-1",8,5
"TCTTTCTCTTAAGGAG-1",6,15
"TGAAACCTCAACTCAC-1",6,15
"TGAAACTTATGCAAGC-1",6,15
"TGAAAGGACCTGACTC-1",7,7
"TGAACAAGCAGGGACT-1",2,2
"TGAACACCCGAAGCAG-1",9,11
"TGAAGAGCGGTCCTAG-1",7,12
"TGAAGTAGCTTACGGA-1",7,12
"TGAATACCGACGCGTA-1",5,3
"TGAATATGCTATAAAC-1",6,6
"TGAATGAGATACAGCA-1",6,15
"TGAATGAGTGTTTCCC-1",3,8
"TGAATGTCAGCCGGCC-1",5,3
"TGAATTTCACTTGCCT-1",8,5
"TGACAACGCATGTCGC-1",7,7
"TGACACTTCTCTTTGC-1",6,15
"TGACAGGACAAGTCCA-1",3,8
"TGACATATATGACGAT-1",4,16
"TGACATCGAGCGGACC-1",7,12
"TGACATGTAACGTGAC-1",3,8
"TGACCAAATCTTAAAC-1",3,8
"TGACCAGCTTCAAAGT-1",6,6
"TGACCCACGTTAGACA-1",7,12
"TGACGAATATTTCCCT-1",8,5
"TGACGATGCACTAGAA-1",7,7
"TGACTATAATCCTTTC-1",4,16
"TGACTCCGAATCATAC-1",2,2
"TGACTCTAACTGGTAA-1",8,5
"TGAGAATGCTTTACCG-1",9,13
"TGAGACGTACCTCTCA-1",8,16
"TGAGAGATTTACCACG-1",7,7
"TGAGATCAAATACTCA-1",6,15
"TGAGATTAGGCCCTAA-1",6,6
"TGAGCAGTCGTGAAGT-1",9,11
"TGAGCCATACAGTCTC-1",4,16
"TGAGCGGAAAGTGTTC-1",8,5
"TGAGCTCAACTGTATA-1",8,5
"TGAGCTTTAATGACGC-1",9,13
"TGAGGAGTGCCAGCTT-1",8,5
"TGAGGCATGTACTGTG-1",3,8
"TGAGGTGTGTGGCGGA-1",2,2
"TGAGGTTGATCCCAAG-1",9,11
"TGAGTAAATTAGCGTA-1",4,16
"TGAGTGCCTCTTAAAT-1",4,16
"TGAGTGGTCCGTGACG-1",9,12
"TGAGTGTAACAACGGG-1",3,8
"TGAGTTAAAGACATTC-1",7,16
"TGATACATTTAGCCGT-1",5,3
"TGATAGCGGGATTCTA-1",8,5
"TGATCACCACACTGAC-1",2,2
"TGATCAGGGAACTGCT-1",8,16
"TGATCCCAGCATTAGT-1",9,13
"TGATCGGTTTGACCCT-1",7,7
"TGATCTACGCTGATCT-1",6,15
"TGATCTATCACACTCT-1",3,3
"TGATCTCCGGCGCCAG-1",7,7
"TGATGCTCACGTAGTC-1",6,15
"TGATGGCTGTTTCTGA-1",9,13
"TGATGTCAATTAAGTG-1",8,16
"TGATTATGGCACGCAG-1",6,11
"TGATTCAGGTCCCGCG-1",5,3
"TGATTCCCGGTTACCT-1",3,8
"TGATTCGTCTATCACT-1",7,7
"TGATTCTGTCGCCGGT-1",4,16
"TGATTTATTAGCTGTG-1",4,16
"TGATTTCCTCCTGACG-1",6,6
"TGCAAACGTACTAGTT-1",1,14
"TGCAAAGTTCGTCTGT-1",2,2
"TGCAACCCATCTGCGG-1",8,5
"TGCAACTACTGGTTGA-1",5,3
"TGCAAGAATGACGTAA-1",7,7
"TGCAATCTAACACGGT-1",8,5
"TGCAATTTGGGCACGG-1",6,15
"TGCACAGTGAAGTTAT-1",6,15
"TGCACGAGTCGGCAGC-1",6,15
"TGCACTATGTGAGTGC-1",7,12
"TGCAGAACTATATCGT-1",8,16
"TGCAGAGTACCGAGCA-1",4,16
"TGCAGATCGTCCTAGG-1",8,5
"TGCAGCTACGTACTTC-1",8,5
"TGCAGGATCGGCAAAG-1",9,13
"TGCAGTGAGGCTCGGG-1",6,15
"TGCAGTGGTAGGGAAC-1",2,14
"TGCAGTTTCCTCCCAT-1",7,7
"TGCATATGTCTGTCAC-1",7,7
"TGCATCTCCGGATCTT-1",6,11
"TGCATGGATCGGATCT-1",9,11
"TGCATGGCAGTCTTGC-1",6,15
"TGCATGTGACCCATAG-1",2,2
"TGCATGTGGTAATCTA-1",9,13
"TGCCAAAGTCAGACTT-1",8,5
"TGCCAATGGGTACTCT-1",8,5
"TGCCACACTAGAGGAA-1",8,5
"TGCCACCTGGCGAAAC-1",9,13
"TGCCAGTACGTGGAGA-1",4,16
"TGCCATGGCTTATAAG-1",6,15
"TGCCATTACTAAAGAA-1",9,13
"TGCCCGATAGTTAGAA-1",3,8
"TGCCCGTACCGTTAAA-1",4,16
"TGCCGAAAGCGTATTC-1",7,13
"TGCCGGATGTACGAGC-1",3,8
"TGCCGTGGATCGTCCT-1",8,5
"TGCCGTGGGACCCAAT-1",2,2
"TGCCGTTCTTAATCGG-1",3,3
"TGCCTAAATTTAATAG-1",7,12
"TGCCTAATTGAAGATT-1",4,16
"TGCCTGACATCGGTCA-1",9,12
"TGCCTGATCAAACGAT-1",9,11
"TGCCTTGGCCAGGCAA-1",4,16
"TGCGAATATGGGATTT-1",8,5
"TGCGACACCCTAGTGC-1",4,16
"TGCGACGGCCGAACGT-1",3,8
"TGCGAGAATATTACCC-1",8,5
"TGCGAGATGGCGGCCA-1",6,15
"TGCGAGCCCTTCCGCG-1",6,15
"TGCGATGCTAATGGCT-1",7,12
"TGCGCAAAGCATTTGG-1",7,7
"TGCGCCGTTAATAACG-1",7,7
"TGCGCGATTAACGGAG-1",7,7
"TGCGGACTTGACTCCG-1",3,3
"TGCGGAGTAAAGGTGC-1",9,13
"TGCGGCATAGTTCAAC-1",9,15
"TGCGGGTATTGGGATC-1",6,15
"TGCGGTCTACGAGTAA-1",6,15
"TGCGGTGAAATTTCAT-1",6,6
"TGCGTAAGAACCTGAT-1",4,16
"TGCGTACGGCTAATTG-1",5,5
"TGCGTCATGACTGAGC-1",5,3
"TGCGTGATTGGGTGTC-1",9,13
"TGCGTTTGTTGACACT-1",7,7
"TGCTAAGTGTCTATTT-1",4,16
"TGCTATACAAACGGAC-1",6,6
"TGCTATGGCAAAGGGA-1",1,1
"TGCTCACACAACAACC-1",9,11
"TGCTCCACAGTTCTTA-1",7,16
"TGCTCGGCGAAACCCA-1",8,5
"TGCTCGGTGGGTCACC-1",3,8
"TGCTCTTGAGAGTTTG-1",5,3
"TGCTGCGTCAGAGTTA-1",6,15
"TGCTGGTTGGACAATT-1",7,7
"TGCTGTTGAAGAACTC-1",7,7
"TGCTTAGAGAGAATGC-1",3,8
"TGCTTCCCAAGCAGTA-1",5,3
"TGCTTGAAACCATGCA-1",9,13
"TGGAAACGGAGTGAAC-1",7,12
"TGGAACCACTGACACA-1",6,15
"TGGAAGAAGGGAACGT-1",4,16
"TGGAAGACGAACACCA-1",6,15
"TGGAAGGATAAAGATG-1",9,13
"TGGAATATCCTTGACC-1",6,15
"TGGAATTAGACGCTTT-1",7,7
"TGGACACCGTTGCTTG-1",7,12
"TGGACCAATCTAAGAT-1",5,3
"TGGACCACGGCGTTGA-1",7,12
"TGGACGCAATCCAGCC-1",3,8
"TGGACTGTTCGCTCAA-1",7,7
"TGGAGAATAATCGTCC-1",1,1
"TGGAGCTAAAGTTCCC-1",6,15
"TGGAGGGAAACACCTC-1",6,6
"TGGAGTGATGCGATGA-1",7,7
"TGGATAGAGTAACAGA-1",7,12
"TGGATGGCATCTTGGA-1",1,1
"TGGCAAACTAAATTAC-1",4,16
"TGGCAACTCGCGCGCC-1",9,13
"TGGCAAGCACAAGTCG-1",3,8
"TGGCAATGGGACGGCG-1",4,16
"TGGCACGAGCTCGAGT-1",6,6
"TGGCAGATTACGATCA-1",4,16
"TGGCAGCAGTAATAGT-1",7,7
"TGGCATGAAGTTTGGG-1",3,8
"TGGCCAAACTGAAGTA-1",9,13
"TGGCCAATTTGGTACT-1",5,3
"TGGCCGTATATTGACC-1",7,7
"TGGCGACTGCTCCAAA-1",8,5
"TGGCGATCAAGTTATG-1",8,16
"TGGCGGTGTGCGATTG-1",9,11
"TGGCTACACTCTACCT-1",8,5
"TGGCTATGTGACATAC-1",8,5
"TGGCTCTTGTCGCGTA-1",8,5
"TGGCTTATGTATAATG-1",5,3
"TGGCTTGTACAAGCTT-1",6,6
"TGGCTTTGGGTAGACA-1",9,13
"TGGGAAATGCCTTTCC-1",7,7
"TGGGATGCACTCATTC-1",6,6
"TGGGCAATAGTTGGGT-1",7,7
"TGGGCACAAACAGAAC-1",9,11
"TGGGCACGTTCTATGG-1",6,6
"TGGGCAGGCCACCGCA-1",8,5
"TGGGCCACAAGAGCGC-1",6,6
"TGGGCCCATACTAATT-1",4,16
"TGGGCGATACAATAAG-1",3,8
"TGGGTAAGGTTCCCGC-1",6,6
"TGGGTGCACAAGCCAT-1",5,3
"TGGGTGTAATAGATTT-1",5,3
"TGGGTGTTAAGTAGAA-1",2,2
"TGGGTTTCGGGCGTAC-1",1,1
"TGGTAAGCAGGATTGA-1",8,5
"TGGTAGAATATATGGG-1",7,16
"TGGTATCGCATCCCAA-1",9,13
"TGGTATCGGTCTGTAT-1",6,6
"TGGTCCCACGCTACGG-1",4,16
"TGGTCGATATACCTCT-1",1,1
"TGGTCGTGCAAGGCAA-1",8,5
"TGGTCGTTTGATAGAT-1",6,11
"TGGTCTGTTGGGCGTA-1",4,16
"TGGTGATCGTATTTGT-1",7,16
"TGGTGCCCTGCCTTAC-1",1,1
"TGGTTAACTTACATTT-1",2,2
"TGGTTAAGGGCGCTGG-1",9,13
"TGGTTCAACGGGTAAT-1",4,16
"TGGTTCGTAGCAAAGG-1",9,13
"TGGTTGGAGGATCCTG-1",6,6
"TGGTTTAAACGTGGGT-1",9,13
"TGTAACTTGTCAACCT-1",9,11
"TGTAAGACTGATAAGA-1",2,14
"TGTAATGACCACAATA-1",4,16
"TGTACCCGACCCTAAT-1",1,14
"TGTACCTACACGAGGG-1",8,5
"TGTACGAACAAATCCG-1",7,7
"TGTACGCTATCAGCTT-1",6,11
"TGTACTACTCTCACGG-1",6,15
"TGTACTATCGCTCGTT-1",3,8
"TGTACTGTGCCAAAGT-1",9,11
"TGTACTTCCGGGCATG-1",5,3
"TGTAGCCAATTCCGTT-1",3,8
"TGTAGCCATCCCATTC-1",8,5
"TGTAGGAGAAATTTCC-1",7,7
"TGTAGTGATCTATAAT-1",4,16
"TGTATAACAGATCCTG-1",9,13
"TGTATACGGATGATGA-1",9,13
"TGTATCAGACTGAAGC-1",6,15
"TGTATCCTTATTCCAT-1",6,15
"TGTATGGCGCAGACAG-1",7,7
"TGTATTTACCTAATGC-1",6,15
"TGTCATTTGTTGGGAA-1",6,15
"TGTCCACGGCTCAACT-1",8,5
"TGTCCCGACATAGCAC-1",9,15
"TGTCCGCAAACAATTC-1",1,1
"TGTCCGTGGCGCCTTT-1",4,16
"TGTCCTAAGTCACCGC-1",4,16
"TGTCGGCATGGTGGAA-1",9,13
"TGTCGTGGGTATAGGC-1",2,2
"TGTCGTTATCACATAT-1",1,1
"TGTCTACAGTTTCTGT-1",9,11
"TGTGACTACGCCAGTC-1",9,13
"TGTGACTAGAGTTTGC-1",5,3
"TGTGAGACTAGCCCAA-1",8,5
"TGTGATTCCAGCGCTT-1",6,11
"TGTGCCAGAGGCAAAG-1",5,3
"TGTGCCGGTGCCGGAA-1",4,16
"TGTGCTTTACGTAAGA-1",4,16
"TGTGGACTATCTACGT-1",4,16
"TGTGGAGGAAGCTTAA-1",6,6
"TGTGGCAAAGCGTATG-1",9,13
"TGTGGCGGGCTTCTGG-1",3,8
"TGTGGCTCCCACCAAC-1",7,7
"TGTGGTAGGGTGCCTT-1",8,16
"TGTGGTTGCTAAAGCT-1",3,8
"TGTGTAGTAGCACGTG-1",8,5
"TGTGTCGCGAGTTGCA-1",7,7
"TGTGTGACCATGAATC-1",8,5
"TGTGTTCGTATCCAAG-1",4,16
"TGTTAACAAAGTGACT-1",5,3
"TGTTATTGTATGTGGC-1",7,16
"TGTTCATAAATGTGCT-1",7,12
"TGTTCCGCTTCCATGA-1",4,16
"TGTTCCGGCCTGAGCT-1",2,2
"TGTTCGTATTGCGGTG-1",4,16
"TGTTCTCTACTCCCTA-1",6,15
"TGTTCTTCCATTGACT-1",7,16
"TGTTGATCACTGTTTA-1",6,15
"TGTTGCCGTCGTCCCA-1",7,7
"TGTTGTCAAGAAGTCT-1",9,13
"TGTTTAATACTTCATC-1",6,15
"TGTTTCGGTACTTCTC-1",9,13
"TGTTTCTGAAGCGTGC-1",2,14
"TGTTTGAGATCGTCAG-1",4,16
"TTAAACAGAGTCCCGC-1",9,13
"TTAAACCGGTAGCGAC-1",6,15
"TTAAACCTGGTTCCTT-1",7,16
"TTAAACTCGAATTCAT-1",9,13
"TTAAAGGCGATGCTCG-1",1,1
"TTAAAGTAAGTCGCCA-1",5,3
"TTAACACCTCGAACAT-1",7,7
"TTAACCAACCCTCCCT-1",9,13
"TTAACGAACAAGCAGT-1",6,15
"TTAACGTCGCAAGACC-1",6,15
"TTAACGTTAAAGCCTG-1",4,16
"TTAACTCACGCGTGGA-1",7,16
"TTAACTTCAGGTAGGA-1",8,5
"TTAAGACGAACGAACC-1",6,6
"TTAAGATACCCAGAGA-1",1,10
"TTAAGATAGGATTGAC-1",7,10
"TTAAGCCGACAACTTC-1",6,15
"TTAAGCGCCTGACCCA-1",7,7
"TTAAGGATACGGAGGT-1",9,11
"TTAAGGCCCGTACTTT-1",3,8
"TTAAGTATTGTTATCC-1",5,3
"TTAATCAGTACGTCAG-1",9,11
"TTAATGCGAGGTAACT-1",6,6
"TTAATGTAGACCAGGT-1",7,7
"TTAATTGCTTTGGGTG-1",5,3
"TTAATTTCAGACGCGG-1",6,15
"TTACAACTACGCATCC-1",7,12
"TTACACGATCTGCGAC-1",8,5
"TTACAGACCTAAATGA-1",9,13
"TTACATCGTGGCCTGG-1",7,2
"TTACATGCCACAACTA-1",7,7
"TTACCATTGATTACCC-1",4,16
"TTACCCATTGCCGGGT-1",6,6
"TTACCCTAACAGTCCT-1",7,7
"TTACCCTAGGGATTGG-1",5,3
"TTACCGCCTTAGGGAA-1",9,13
"TTACGGATGGTTCGAG-1",9,13
"TTACGGTGTCACCGAG-1",9,11
"TTACGTAGCGCGTGCT-1",6,11
"TTACGTATCTATGACA-1",8,5
"TTACTAAAGGACTTTA-1",4,16
"TTACTATCGGCTTCTC-1",4,16
"TTACTCCGGCCGGGAA-1",7,12
"TTACTCTGGTACGTAC-1",8,5
"TTACTGGGATATTTCA-1",4,16
"TTACTGTCTAGAGCTC-1",6,6
"TTACTGTTTCTCTACG-1",6,6
"TTAGAAGAACATGACT-1",8,5
"TTAGAATAAGGGTCGG-1",3,8
"TTAGACACGATCGTTG-1",6,6
"TTAGACGAGTCACCTC-1",4,16
"TTAGAGTTTAGAAGGA-1",4,16
"TTAGATAGGTCGATAC-1",9,13
"TTAGCAACATGGATGT-1",7,7
"TTAGCGAATAGATAGG-1",3,8
"TTAGCTAATACGATCT-1",6,6
"TTAGCTCTGTAATCCG-1",4,16
"TTAGCTGATTTGCCGT-1",7,7
"TTAGGATGGGAGGGTA-1",8,16
"TTAGGTCATAACCGAC-1",5,3
"TTAGTAAACCTGCTCT-1",8,5
"TTAGTAGGGCGGCGGG-1",4,16
"TTAGTTATTCGTGGCA-1",4,16
"TTAGTTCAAGTGTTCG-1",6,6
"TTATAGATGCACATTA-1",6,6
"TTATAGGTAATTGTCT-1",5,3
"TTATAGTCCAAGGTGC-1",6,11
"TTATATACGCTGTCAC-1",7,7
"TTATATTTGGCAATCC-1",7,13
"TTATCATACTCGCAAA-1",9,11
"TTATCCAATCGAACTC-1",9,11
"TTATCCGGGATCTATA-1",4,16
"TTATCCTCAAGGAATA-1",5,3
"TTATCGCCTGCGAAGC-1",7,16
"TTATCTGACATTAGGA-1",8,5
"TTATCTGTATCATAAC-1",9,13
"TTATGAATGAAAGGGA-1",7,16
"TTATGACAAACTGGAT-1",7,7
"TTATGATCTTAACGAA-1",7,7
"TTATGCGTCCCGGTCC-1",9,11
"TTATGTTTGCGATAGA-1",7,7
"TTATTAGAGCGTGTTC-1",4,16
"TTATTAGGGAAGCATC-1",9,15
"TTATTATCTGGAAGGC-1",8,5
"TTATTTAGGTTCCTTA-1",5,3
"TTATTTCATCCCAAAC-1",7,12
"TTCAAAGTCTCTAGCC-1",7,7
"TTCAACGACCCGACCG-1",9,13
"TTCAAGCCGAGCTGAG-1",6,15
"TTCAATACTCTGAATC-1",7,7
"TTCAATTAGCCATAAT-1",6,15
"TTCACGAAAGGATCAC-1",4,16
"TTCACGGTCGTCACGT-1",1,1
"TTCACTCGAGCACCTA-1",8,5
"TTCACTTCCTAGAACG-1",3,8
"TTCAGAGTAACCTGAC-1",9,13
"TTCAGCCCTGGTCCAC-1",4,16
"TTCAGCTGGCGTGCCC-1",4,16
"TTCAGGCGTCAAAGCC-1",8,5
"TTCAGTTCAAGAGGAG-1",1,14
"TTCAGTTTGTGGCAGC-1",7,12
"TTCATAGCCTTGTAAC-1",7,12
"TTCATGGCGCAACAGG-1",9,13
"TTCCAATCAGAGCTAG-1",9,13
"TTCCAATCTGGCTATC-1",4,16
"TTCCACACAGATTTGA-1",8,5
"TTCCAGACGAGATTTA-1",7,7
"TTCCAGTGGGTTTCGT-1",1,1
"TTCCATCATGCGGTGA-1",6,6
"TTCCATCGACAGCGTG-1",8,5
"TTCCCGACGCTTCACT-1",6,11
"TTCCCGGCGCCAATAG-1",8,5
"TTCCGCAGAGAAATAT-1",6,6
"TTCCGCGTGAGGCGAT-1",4,16
"TTCCGGCCTTGAGGCT-1",8,5
"TTCCGGCTCGACTTCT-1",6,15
"TTCCGGTATCTGTGTC-1",7,7
"TTCCGGTTACCCACTT-1",4,16
"TTCCTCGAGGGTGTCT-1",9,13
"TTCCTCGGACTAACCA-1",4,16
"TTCCTCTGCCCGAATA-1",4,16
"TTCCTTTCTGTGTTGC-1",9,13
"TTCGAACGAAACATGC-1",1,1
"TTCGACAGAGCCCGTG-1",4,16
"TTCGACGGGAAGGGCG-1",7,12
"TTCGAGCCGGCGCTAC-1",6,6
"TTCGCACTCGCGTGCT-1",7,7
"TTCGCACTGTACGACA-1",5,3
"TTCGCATCCGGAAGCA-1",9,13
"TTCGCCGCTCGCGCTA-1",3,8
"TTCGCGCGCCATACGA-1",5,3
"TTCGCTAGGAAGTTGT-1",7,7
"TTCGCTATCTGACGTG-1",9,13
"TTCGGACTGATGCCTT-1",6,15
"TTCGGACTGGGCATGG-1",1,14
"TTCGGCAACCCGCTGA-1",9,11
"TTCGGCTAGAGATGGT-1",7,12
"TTCGGGACTAATCGCG-1",7,7
"TTCGGGCGCTAGTCTT-1",5,3
"TTCGGGTTGCCACGGG-1",8,5
"TTCGGTACTGTAGAGG-1",3,8
"TTCGGTGGAGACGCCC-1",7,7
"TTCGTAATCCCAGCGG-1",6,15
"TTCGTACTCCAGAACG-1",7,7
"TTCGTGCATGTTATAG-1",1,1
"TTCGTGGGCTGGAAGC-1",6,11
"TTCGTTCAACGAAGTT-1",9,13
"TTCTAACCGAAGCTTA-1",7,7
"TTCTACCTCAATCGGT-1",1,1
"TTCTACCTTTATGTTG-1",6,15
"TTCTACTTGCGAGGGC-1",7,7
"TTCTAGAAAGTCTTAT-1",5,3
"TTCTAGGCCAATTGTG-1",7,11
"TTCTATGCCTTTCGCA-1",9,13
"TTCTATTAAACGCAGC-1",3,8
"TTCTCTTACAGGTGAT-1",2,2
"TTCTGACCGGGCTCAA-1",4,16
"TTCTGCCGCGCCTAGA-1",4,16
"TTCTGCGAGCGCCCTT-1",4,16
"TTCTGCGGGTTAGCGG-1",7,7
"TTCTGCTAGACTCCAA-1",9,13
"TTCTGTTTCCTGTCGC-1",7,12
"TTCTTAGTGAACGGTG-1",9,13
"TTCTTAGTGGCTCAGA-1",9,13
"TTCTTATCCGCTGGGT-1",7,16
"TTCTTCCCTTTGATAT-1",6,15
"TTCTTCGCAATAGAGC-1",6,11
"TTCTTGAGCCGCGCTA-1",4,16
"TTCTTGCTAGCATCTC-1",7,7
"TTCTTGGACGATCTGC-1",8,5
"TTCTTGGAGTAATGAG-1",9,13
"TTCTTGTAACCTAATG-1",7,4
"TTCTTGTGTCCATCAG-1",4,16
"TTCTTTGGTCGCGACG-1",9,7
"TTGAAACCCTCATTCC-1",5,3
"TTGAAAGGTGTAAAGG-1",6,6
"TTGAACGAATCCTTTG-1",7,12
"TTGAACGACGTGCTGA-1",8,5
"TTGAAGAATTCCCAGG-1",7,7
"TTGAAGGATGGGCGCC-1",2,2
"TTGAATATGGACTTTC-1",7,7
"TTGAATTCACGTGAGG-1",7,7
"TTGACAGGAGCTCCCG-1",7,16
"TTGACATGAACGTGGA-1",8,5
"TTGACCAGGAACAACT-1",5,3
"TTGACCATGTTCTCCG-1",9,13
"TTGACCGTGTTAATGA-1",8,5
"TTGACGATTCAGCACG-1",6,6
"TTGACGCTCCATGAGC-1",7,7
"TTGACTACCATATGGT-1",4,16
"TTGACTATTGTCCGGC-1",7,7
"TTGAGAAGTTTAGCAT-1",8,16
"TTGAGAGTACTGCTAA-1",4,16
"TTGAGCAGCCCACGGT-1",7,7
"TTGAGCGCCACGTGAT-1",7,7
"TTGAGGCATTTAACTC-1",6,6
"TTGAGGGTCGAACGCG-1",6,15
"TTGAGTCCCGCTGCTG-1",7,12
"TTGATAGTCAATACAT-1",6,6
"TTGATCTAACTTTGTC-1",7,7
"TTGATGCCGCTCGTCG-1",1,1
"TTGATGTGTAGTCCCG-1",9,13
"TTGATTAGCTGTTTCT-1",8,5
"TTGATTATGCAGATGA-1",7,7
"TTGCAAGAAGACTCCT-1",2,2
"TTGCACAATTCAGAAA-1",4,16
"TTGCACGGAGCAGCAC-1",9,13
"TTGCAGGTCATGAAGT-1",6,11
"TTGCATGCTGATCACG-1",4,16
"TTGCCAAGCAGAACCC-1",7,7
"TTGCCATAGCCCGCTC-1",5,3
"TTGCCCTGATCACGGG-1",4,16
"TTGCCGCAGACCTACA-1",2,2
"TTGCCGCTTTCTAGTA-1",5,3
"TTGCCGGTGATCCCTC-1",6,6
"TTGCCTAATCCAAAGT-1",1,1
"TTGCCTTCTCGCCGGG-1",5,3
"TTGCGCACAACCACGT-1",3,10
"TTGCGCTTGATCAATA-1",5,3
"TTGCGGAAAGCTGCCC-1",1,1
"TTGCGGCATCAGAAAG-1",8,5
"TTGCGGCGACTCATGC-1",6,15
"TTGCGTAGTTTGAGGA-1",7,7
"TTGCGTCGGCCAACCG-1",8,5
"TTGCGTGAACGCTTAG-1",6,6
"TTGCGTGTGTAGGCAT-1",3,3
"TTGCTAGCTACCAATC-1",9,11
"TTGCTCATAGTACGTG-1",5,3
"TTGCTCCCATACCGGA-1",9,13
"TTGCTGAAGGAACCAC-1",9,13
"TTGCTGATCATGTTCG-1",7,7
"TTGCTGCACCTATCCA-1",7,7
"TTGCTGGCCGGGCTTC-1",6,15
"TTGGAAGAATACAGTC-1",8,5
"TTGGACATGTGGCTTA-1",4,1
"TTGGACCATCTGGCAA-1",4,16
"TTGGACCTATAACAGT-1",8,5
"TTGGAGTCTCCCTTCT-1",9,11
"TTGGATATCGTCTACG-1",4,16
"TTGGATCGACTTCTGG-1",9,15
"TTGGATTGGGTACCAC-1",9,15
"TTGGCCAAATTGTATC-1",3,8
"TTGGCCATCTTGCGCT-1",7,12
"TTGGCCTAGAATTTCG-1",9,15
"TTGGCGATCCGAATAT-1",7,12
"TTGGCTCAATATGTGT-1",8,5
"TTGGCTCGCATGAGAC-1",7,13
"TTGGGAAGACGAGCCG-1",3,8
"TTGGGACACTGCCCGC-1",7,11
"TTGGGACGTAAGAGTT-1",4,16
"TTGGGCGGCGGTTGCC-1",7,12
"TTGGGTTTATTCAGCG-1",6,15
"TTGGTATGGCTTGTGT-1",7,2
"TTGGTCACACTCGTAA-1",4,16
"TTGGTGCGGTGTTGAA-1",6,15
"TTGGTTCGCTCAAAGG-1",7,12
"TTGGTTGCGGTGCGCG-1",5,3
"TTGTAACTTCATAGCG-1",6,11
"TTGTAAGGACCTAAGT-1",8,5
"TTGTAAGGCCAGTTGG-1",9,13
"TTGTAATCCGTACTCG-1",7,7
"TTGTACACCTCGAACA-1",5,10
"TTGTATCACACAGAAT-1",6,6
"TTGTCACCGCGGTATC-1",5,3
"TTGTCGTTCAGTTACC-1",9,13
"TTGTCTCGGCAAGATG-1",1,1
"TTGTGAACCTAATCCG-1",4,16
"TTGTGAGGCATGACGC-1",8,5
"TTGTGATCTGTTCAGT-1",5,3
"TTGTGCAGCCACGTCA-1",8,5
"TTGTGCGGAAGCGGAT-1",2,2
"TTGTGGCCCTGACAGT-1",9,15
"TTGTGGTAGGAGGGAT-1",8,5
"TTGTGGTGGTACTAAG-1",8,5
"TTGTGTATGCCACCAA-1",8,5
"TTGTGTTTCCCGAAAG-1",8,16
"TTGTTAGCAAATTCGA-1",7,7
"TTGTTCAGTGTGCTAC-1",9,13
"TTGTTGTGTGTCAAGA-1",7,12
"TTGTTTCACATCCAGG-1",5,3
"TTGTTTCATTAGTCTA-1",3,8
"TTGTTTCCATACAACT-1",8,5
"TTGTTTGTATTACACG-1",1,1
"TTGTTTGTGTAAATTC-1",6,15
