"barcode","BayesSpace_harmony_09","BayesSpace_harmony_16"
"AAACAAGTATCTCCCA-1",4,4
"AAACACCAATAACTGC-1",8,5
"AAACAGAGCGACTCCT-1",8,3
"AAACAGCTTTCAGAAG-1",8,9
"AAACAGGGTCTATATT-1",8,9
"AAACAGTGTTCCTGGG-1",5,9
"AAACATGGTGAGAGGA-1",8,5
"AAACATTTCCCGGATT-1",4,4
"AAACCCGAACGAAATC-1",7,13
"AAACCGGAAATGTTAA-1",5,9
"AAACCGGGTAGGTACC-1",7,12
"AAACCGTTCGTCCAGG-1",7,7
"AAACCTAAGCAGCCGG-1",4,4
"AAACCTCATGAAGTTG-1",4,4
"AAACGAAGATGGAGTA-1",8,5
"AAACGAGACGGTTGAT-1",9,13
"AAACGGGCGTACGGGT-1",4,4
"AAACGGTTGCGAACTG-1",4,4
"AAACGTGTTCGCCCTA-1",3,8
"AAACTCGGTTCGCAAT-1",4,4
"AAACTCGTGATATAAG-1",5,3
"AAACTTAATTGCACGC-1",8,5
"AAACTTGCAAACGTAT-1",8,9
"AAAGAATGACCTTAGA-1",8,16
"AAAGAATGTGGACTAA-1",5,3
"AAAGACCCAAGTCGCG-1",6,6
"AAAGACTGGGCGCTTT-1",7,9
"AAAGCTTGCCTACATA-1",5,3
"AAAGGCCCTATAATAC-1",8,9
"AAAGGCTACGGACCAT-1",4,4
"AAAGGCTCTCGCGCCG-1",7,7
"AAAGGGATGTAGCAAG-1",6,15
"AAAGGGCAGCTTGAAT-1",7,13
"AAAGTAGCATTGCTCA-1",4,4
"AAAGTCACTGATGTAA-1",6,6
"AAAGTCGACCCTCAGT-1",8,9
"AAAGTGTGATTTATCT-1",7,7
"AAAGTTGACTCCCGTA-1",7,7
"AAATAACCATACGGGA-1",8,5
"AAATAAGGTAGTGCCC-1",1,1
"AAATACCTATAAGCAT-1",9,11
"AAATAGCTTAGACTTT-1",4,4
"AAATAGGGTGCTATTG-1",9,13
"AAATCCGATACACGCC-1",4,4
"AAATCGCGGAAGGAGT-1",8,5
"AAATCTAGCCCTGCTA-1",4,4
"AAATCTGCCCGCGTCC-1",5,3
"AAATGACTGATCAAAC-1",8,9
"AAATGATTCGATCAGC-1",1,1
"AAATGCTCGTTACGTT-1",7,13
"AAATGGCATGTCTTGT-1",7,12
"AAATGGCCCGTGCCCT-1",8,9
"AAATGGTCAATGTGCC-1",6,15
"AAATGTATCTTATCCC-1",5,9
"AAATTAACGGGTAGCT-1",6,6
"AAATTAATAAGCGCGA-1",5,9
"AAATTACACGACTCTG-1",4,16
"AAATTACCTATCGATG-1",4,4
"AAATTCCAGGTCCAAA-1",8,9
"AAATTGATAGTCCTTT-1",4,4
"AAATTGGTGAGAAGCA-1",3,8
"AAATTTGCGGGTGTGG-1",4,4
"AACAACTGGTAGTTGC-1",9,11
"AACAATACATTGTCGA-1",4,4
"AACAATTACTCTACGC-1",7,4
"AACACACGCTCGCCGC-1",7,7
"AACACGAGACGCGGCC-1",7,12
"AACAGCTGTGTGGCAA-1",4,4
"AACAGGAAATCGAATA-1",7,12
"AACAGGATGGGCCGCG-1",9,13
"AACAGGTAGTATGGAT-1",4,4
"AACATAGCGTGTATCG-1",8,9
"AACATATCAACTGGTG-1",4,4
"AACATCGATACGTCTA-1",5,3
"AACATTGAAGTTGATC-1",8,9
"AACATTGTGACTCGAG-1",4,4
"AACCAAGACTTCTCTG-1",4,4
"AACCATAGGGTTGAAC-1",8,5
"AACCATGGGATCGCTA-1",6,15
"AACCCAGAGACGGAGA-1",6,6
"AACCCATCCCATGATC-1",8,5
"AACCCGACAACCCGTG-1",4,4
"AACCCGAGCAGAATCG-1",8,9
"AACCCGCTGTATTCCA-1",8,9
"AACCCTACTGTCAATA-1",7,13
"AACCGAGCTTGGTCAT-1",2,14
"AACCGCTAAGGGATGC-1",7,7
"AACCGTTGTGTTTGCT-1",9,13
"AACCTCGCTTTAGCCC-1",7,7
"AACCTGTCACGGAATT-1",8,9
"AACCTTTAAATACGGT-1",9,13
"AACCTTTACGACGTCT-1",8,5
"AACGAAAGTCGTCCCA-1",8,5
"AACGACCTCCTAGCCG-1",3,10
"AACGATAATGCCGTAG-1",9,13
"AACGATAGAAGGGCCG-1",6,6
"AACGATATGTCAACTG-1",7,7
"AACGCATGATCTGGGT-1",8,5
"AACGCGAACGGCAACA-1",6,6
"AACGCGACCTTGGGCG-1",4,4
"AACGCGGTCTCCAGCC-1",6,15
"AACGCTGTTGCTGAAA-1",7,4
"AACGGACGTACGTATA-1",7,7
"AACGGCCATCTCCGGT-1",7,7
"AACGTACTGTGGGTAC-1",7,7
"AACGTCAGACTAGTGG-1",6,15
"AACGTCATCCGGCTTG-1",8,9
"AACGTCGCTGCACTTC-1",3,8
"AACGTGCGAAAGTCTC-1",9,15
"AACGTTATCAGCACCT-1",5,9
"AACTACCCGTTTGTCA-1",4,4
"AACTAGGCTTGGGTGT-1",7,12
"AACTCAAGTTAATTGC-1",7,7
"AACTCCAGAGCGTGTT-1",7,2
"AACTCCTAATCCCATG-1",2,14
"AACTCGATGGCGCAGT-1",6,6
"AACTCTCAATAGAGCG-1",7,12
"AACTCTCAGTGTGCTC-1",7,7
"AACTGAGTTATACTGA-1",5,9
"AACTGATATTAGGCCT-1",9,13
"AACTGGGTCCCGACGT-1",6,15
"AACTTCTGCGTCTATC-1",7,7
"AACTTGCCCGTATGCA-1",7,4
"AACTTGCGTTCTCGCG-1",7,13
"AACTTTACGGGAGCTT-1",5,9
"AACTTTCTCGATCATG-1",3,8
"AAGAAAGTTTGATGGG-1",3,2
"AAGAAATCACCAGATT-1",3,8
"AAGAAGGATCAGTTAG-1",6,6
"AAGACATACGTGGTTT-1",3,8
"AAGACCAAATAACTCA-1",8,5
"AAGACCCAACTGAACA-1",7,7
"AAGACTGCAAGCTACT-1",6,15
"AAGAGATGAATCGGTA-1",7,13
"AAGAGCTCTTTATCGG-1",9,13
"AAGAGGATGTACGCGA-1",7,4
"AAGAGGCATGGATCGC-1",9,13
"AAGAGGCCCTTTGGAA-1",4,4
"AAGATGGCACCGGACC-1",4,4
"AAGATTGGCGGAACGT-1",4,4
"AAGCACCCTGCGTATC-1",7,12
"AAGCATACTCTCCTGA-1",9,13
"AAGCCACTTGCAGGTA-1",5,3
"AAGCCGAAGCGGTTTA-1",4,4
"AAGCCGCCGTGAAATC-1",8,9
"AAGCCGCTTTACCTTG-1",3,8
"AAGCGCAGGGCTTTGA-1",4,4
"AAGCGGAGTGCGCGCA-1",3,8
"AAGCGTCCCTCATCGA-1",4,4
"AAGCTAGATCGAGTAA-1",9,13
"AAGCTATGGATTGACC-1",3,10
"AAGCTCGTGCCAAGTC-1",6,15
"AAGCTCTTTCATGGTG-1",7,7
"AAGGATCGATCGCTTG-1",4,9
"AAGGATGAGGGACCTC-1",7,7
"AAGGCAGGCTGTCTCC-1",8,9
"AAGGCGCGTAAAGCTT-1",9,7
"AAGGCTGTGCTCATCG-1",6,15
"AAGGGAACGACTGGCT-1",8,7
"AAGGGACAGATTCTGT-1",4,4
"AAGGGACTATGCATTC-1",8,5
"AAGGGTTTGATTTCAG-1",8,5
"AAGGTATCCTAATATA-1",7,7
"AAGGTGATAAACCAGC-1",7,7
"AAGTAGAAGACCGGGT-1",6,6
"AAGTAGTGACGCGAGG-1",7,12
"AAGTCAATTGTCGTCA-1",7,7
"AAGTCTAGTAGCTGCC-1",3,8
"AAGTCTTCTGTGGCCT-1",5,9
"AAGTGACGACCGAATT-1",4,4
"AAGTGAGTCGGGTTTA-1",4,4
"AAGTGCAAAGGTAGAC-1",7,7
"AAGTGCCTTGACTGTA-1",4,4
"AAGTGCGTTAGAATCT-1",4,4
"AAGTGCTTCTCTATTG-1",8,9
"AAGTGTTTGGAGACGG-1",7,13
"AAGTTCACTCCAAGCT-1",7,7
"AAGTTCAGTCTGCGTA-1",5,5
"AAGTTCGGCCAACAGG-1",7,4
"AAGTTGTGATGTTATA-1",5,9
"AAGTTTATGGGCCCAA-1",4,4
"AATAACAACGCTCGGC-1",7,12
"AATAACACTAGAACAA-1",4,4
"AATAACGTCGCGCCCA-1",3,8
"AATAATCTTCGTATCG-1",5,9
"AATACAATGTTTCAGG-1",7,13
"AATACCGGAGGGCTGT-1",4,4
"AATACCTGATGTGAAC-1",5,3
"AATAGAACAGAGTGGC-1",7,7
"AATAGAATCTGTTTCA-1",7,7
"AATAGCTACCGCGTGC-1",5,2
"AATAGGCACGACCCTT-1",5,8
"AATAGTCCGTCCCGAC-1",7,7
"AATAGTCGCGAGTCGG-1",5,9
"AATATCCTAGCAAACT-1",8,9
"AATATCGAATCAATGC-1",4,4
"AATATCGAGGGTTCTC-1",4,12
"AATATTGGAGTATTGA-1",4,4
"AATCAGGTTTCATTTA-1",8,9
"AATCATGTAAAGACTC-1",4,4
"AATCCAAGGGCCTGAG-1",6,15
"AATCCATGCAAGGGTG-1",6,6
"AATCCCGCTCAGAGCC-1",8,9
"AATCGAGGTCTCAAGG-1",8,9
"AATCGCCTCAGCGCCA-1",9,11
"AATCGCGCAGAGGACT-1",8,9
"AATCGGTATAGCCCTC-1",2,2
"AATCGTGAGCCGAGCA-1",4,4
"AATCTAGGTTTACTTG-1",4,4
"AATCTATGCCGGAGCC-1",5,12
"AATCTCTACTGTGGTT-1",7,9
"AATCTGCGTTGGGACG-1",9,13
"AATCTGGCTTTCTAGT-1",8,9
"AATGACAGCAATGTCT-1",4,4
"AATGACTGTCAGCCGG-1",6,15
"AATGAGTTCGCATATG-1",7,7
"AATGATGATACGCTAT-1",4,4
"AATGATGCGACTCCTG-1",8,5
"AATGCAACCGGGTACC-1",6,15
"AATGCACCAAGCAATG-1",8,9
"AATGGTCCACCGTTCA-1",7,9
"AATGGTTCTCACAAGC-1",6,15
"AATGTATGGCACTGTA-1",3,3
"AATGTGCCCGAGGTGT-1",4,4
"AATGTGCTAATCTGAG-1",8,10
"AATGTTAAGACCCTGA-1",8,9
"AATGTTGTCGTGAGAC-1",5,3
"AATTAACGGATTTCCA-1",7,13
"AATTACGAGACCCATC-1",8,5
"AATTACTCGTACGCTC-1",7,7
"AATTAGCGCTGCAGCG-1",9,13
"AATTATACCCAGCAAG-1",5,9
"AATTCATAAGGGATCT-1",4,4
"AATTCATTGTCATGCA-1",8,5
"AATTCCAAGCATGTAC-1",4,4
"AATTCGATTCGAGGAT-1",4,4
"AATTCTAGAGTTAGGC-1",9,13
"AATTGAACGCTCTGGT-1",9,13
"AATTGCAGCAATCGAC-1",4,9
"AATTGCGTGGATTACA-1",8,5
"AATTGTGGTTGCCAAA-1",5,3
"AATTTGGGACATAGTA-1",8,5
"AATTTGGTTCCAAAGA-1",7,12
"ACAAACCATGCGTCCT-1",8,5
"ACAAACTCCATCAGAG-1",7,7
"ACAAAGAAGGTAGGCC-1",8,9
"ACAAAGCATGACCTAG-1",4,4
"ACAAATCGCACCGAAT-1",7,7
"ACAAATGGTAGTGTTT-1",9,13
"ACAACAGCATGAGCTA-1",6,15
"ACAACGGTCCCTGCGA-1",7,7
"ACAAGCAGTGCCTAGC-1",7,4
"ACAAGCTATATGGAAG-1",5,9
"ACAAGGACAAGAGGTT-1",7,7
"ACAAGGATGCTTTAGG-1",7,12
"ACAAGGGCAGGCTCTG-1",9,11
"ACAAGTAATTGTAAGG-1",5,3
"ACAATAGTCGTACGTT-1",4,9
"ACAATCCATTTAAACC-1",7,12
"ACAATGAATACGGAGA-1",4,4
"ACAATTGTGTCTCTTT-1",7,4
"ACAATTTAGGAGGCTC-1",7,9
"ACAATTTGAGCAGTGG-1",7,7
"ACAATTTGGCCATATT-1",5,9
"ACACAAAGACGGGTGG-1",6,15
"ACACAAATATTCCTAG-1",3,8
"ACACACCAGGACCAGT-1",7,7
"ACACACTTTCTACACG-1",9,13
"ACACATGATCAAATCT-1",8,5
"ACACATTGACGCAACA-1",7,12
"ACACATTTCCGTAGAC-1",4,16
"ACACCACATAATTAGC-1",8,12
"ACACCCAGCATGCAGC-1",9,15
"ACACCCGAGAAATCCG-1",6,6
"ACACCGAGCGCTCTTT-1",5,9
"ACACCGGTCTGACCGC-1",8,5
"ACACCTTAAGTAGGGC-1",9,11
"ACACCTTACTACTTGC-1",4,4
"ACACGAGACTCCTTCT-1",6,15
"ACACGGGAACTTAGGG-1",9,11
"ACACGTAGGCCACAAG-1",4,4
"ACACTCCAATGTCACT-1",7,4
"ACACTGATCAAGGTGT-1",7,7
"ACACTGGGACAGTCGT-1",5,9
"ACAGAACTGAGAACAA-1",4,4
"ACAGCGACATTCTCAT-1",4,4
"ACAGGCACGGATCCTT-1",8,5
"ACAGGCTTGCCCGACT-1",7,7
"ACAGGTGGAGGTGAGG-1",1,1
"ACAGGTGTGTTGTTGC-1",5,9
"ACAGTAATACAACTTG-1",8,9
"ACAGTATACCGTGGGA-1",5,3
"ACATAAGTCGTGGTGA-1",8,5
"ACATAATAAGGCGGTG-1",6,15
"ACATACAATCAAGCGG-1",5,3
"ACATCAGCTGGGACGC-1",8,9
"ACATCCCGGCCATACG-1",7,7
"ACATCCTGGTAACTGT-1",7,4
"ACATCGCAATATTCGG-1",5,3
"ACATCGGTCAGCCGCG-1",7,4
"ACATCGTATGCAATGG-1",9,13
"ACATGCTTACGGCAGC-1",3,3
"ACATGGCGCCAAAGTA-1",4,4
"ACATGGCTCAATTTAG-1",7,12
"ACATTAGTTTATATCC-1",9,13
"ACATTCGCGCGGAATA-1",5,3
"ACATTTGAAACCTAAC-1",5,3
"ACCAAACACCCAGCGA-1",5,3
"ACCAACACCACACACT-1",5,3
"ACCAACCGCACTCCAC-1",4,4
"ACCAACGCTTATTTAT-1",9,13
"ACCAAGAACGCGTGTC-1",6,6
"ACCAAGTCATCGGCAG-1",5,3
"ACCAATATGCAAGTTA-1",7,7
"ACCACAAGTTTCTATC-1",6,15
"ACCACACGGTTGATGG-1",8,9
"ACCACCAATGTAACAA-1",4,4
"ACCACCCTCTCTTCTA-1",5,12
"ACCACGTGCAGCTATA-1",9,11
"ACCACTGTTCAAGAAG-1",5,9
"ACCAGACCATAACAAC-1",5,3
"ACCAGTGCGGGAGACG-1",7,7
"ACCATATCCGCAATAA-1",6,11
"ACCATCCGCCAACTAG-1",8,9
"ACCATCGTATATGGTA-1",7,7
"ACCATTAAGGGTGTCA-1",5,9
"ACCCAACGCCCGTGGC-1",7,12
"ACCCACCTACATGCTC-1",7,7
"ACCCATCTTGAGGGTA-1",7,7
"ACCCATTTGTCCCTCT-1",4,4
"ACCCGAGCGAAATTAC-1",4,4
"ACCCGATTGGTTCCGA-1",8,9
"ACCCGGAAACTCCCAG-1",7,7
"ACCCGGAGCACCACAA-1",5,10
"ACCCGGATGACGCATC-1",4,4
"ACCCGGTTACACTTCC-1",9,13
"ACCCGTAGCAGAGAAT-1",5,3
"ACCCGTAGTCTAGTTG-1",5,3
"ACCCGTGTCATCAGTA-1",7,7
"ACCCTATAGGACTGAG-1",7,13
"ACCCTATGCCATATCG-1",4,4
"ACCCTCCCGTCAGGGC-1",5,9
"ACCCTCCCTTGCTATT-1",7,7
"ACCCTGGTAACGCCCT-1",5,3
"ACCCTTCATCTGCGAA-1",9,13
"ACCCTTGCCTGGGTCG-1",3,8
"ACCGAAGAGTCTGGTT-1",8,5
"ACCGACACATCTCCCA-1",7,7
"ACCGACTGAGTCCCAC-1",6,15
"ACCGAGTCTCCTTATT-1",8,9
"ACCGATAGGCATAACC-1",5,10
"ACCGATATTTAATCAT-1",5,9
"ACCGATGGTAGCATCG-1",7,13
"ACCGCAATAACTGCCT-1",9,13
"ACCGCGGTGGAAGTCG-1",4,4
"ACCGCTAGTCATTGGT-1",5,10
"ACCGGGCCTTTGTTGA-1",7,7
"ACCGGTCAGGTACACC-1",8,5
"ACCGTCCACTGGGCCC-1",8,16
"ACCGTGACCACGTGGG-1",4,4
"ACCTAAGTACCTTTCA-1",4,4
"ACCTAATCGACTTCCT-1",7,7
"ACCTACAGTATGTGGT-1",4,9
"ACCTACTATAAATCTA-1",4,4
"ACCTCAGCGAGGCGCA-1",5,8
"ACCTCCGCCCTCGCTG-1",4,4
"ACCTCCGTTATTCACC-1",8,9
"ACCTCGAACTTATGCT-1",8,5
"ACCTGCGTGTCATGTT-1",8,9
"ACGAAATGGGCGGCAC-1",4,4
"ACGACTCTAGGGCCGA-1",8,5
"ACGACTGGTCATACTC-1",4,4
"ACGAGGATACCACTCT-1",8,9
"ACGAGGTTTACAACGT-1",8,5
"ACGAGTACGGATGCCC-1",7,7
"ACGATACATAGAACTA-1",7,7
"ACGATACCTATCCTGA-1",5,9
"ACGATCATACATAGAG-1",6,15
"ACGATCATCTTGTAAA-1",4,4
"ACGATGCATATGTTAT-1",7,7
"ACGCAAACTAATAGAT-1",4,4
"ACGCAATCACTACAGC-1",5,12
"ACGCATACGTTTACTA-1",4,4
"ACGCATTCGTGAGTAC-1",6,15
"ACGCCACTCGAAACAG-1",8,9
"ACGCCAGATGATTTCT-1",7,12
"ACGCCAGTGCGTTTGC-1",5,3
"ACGCGAAGTCAGACGA-1",9,13
"ACGCGCTACACAGGGT-1",7,4
"ACGCGGGCCAAGGACA-1",6,15
"ACGCGTTTCTTAAGAG-1",5,9
"ACGCTAGTGATACACT-1",4,4
"ACGCTGTGAGGCGTAG-1",8,9
"ACGGAACACGAGTGCC-1",5,3
"ACGGAATTTAGCAAAT-1",6,15
"ACGGACGCAGCGACAA-1",5,3
"ACGGACTCTCAAAGCG-1",7,7
"ACGGAGCGCAAATTAC-1",5,3
"ACGGATGGTGCGGATA-1",7,12
"ACGGCACTTGCTTGGG-1",7,12
"ACGGCCAACATGGACT-1",7,7
"ACGGCGACGATGGGAA-1",9,11
"ACGGCTGGATGTAGAA-1",8,5
"ACGGGAGTGTCGGCCC-1",4,4
"ACGGGCGTATGCGACA-1",5,3
"ACGGGTCATGTGACTT-1",5,9
"ACGGGTTGTGACCTGT-1",2,2
"ACGGTACAGTTCAATG-1",5,16
"ACGGTCACCGAGAACA-1",2,14
"ACGTACAGATTTCTCT-1",7,12
"ACGTACTTTGGCACGG-1",8,9
"ACGTAGATTGCTGATG-1",6,15
"ACGTAGGAGAGTCGCT-1",4,4
"ACGTATTACTCCGATC-1",7,12
"ACGTCGGGCAACTCGG-1",5,3
"ACGTCTCGTTCCGGGA-1",5,9
"ACGTGACAAAGTAAGT-1",5,9
"ACGTGCGCCTCGTGCA-1",6,6
"ACGTTAGATTTGCCCG-1",7,7
"ACGTTATTGGTCACTC-1",7,9
"ACGTTCACTATGCCGC-1",5,9
"ACGTTCGCAATCAATT-1",8,9
"ACGTTCGTTCAGGAAA-1",7,7
"ACGTTCTGTACAAGTC-1",4,4
"ACGTTGTCGTTGAAAG-1",5,8
"ACGTTTAGTTGTGATC-1",7,13
"ACTACAAAGAGAGGTG-1",8,5
"ACTACATCCCGACAAG-1",8,5
"ACTACCAGCTCTCTGG-1",9,11
"ACTACCATCCGAGGGC-1",5,3
"ACTACGCGTTAGAATT-1",7,7
"ACTAGTTGCGATCGTC-1",4,4
"ACTATATGCTGTGTTC-1",5,3
"ACTATCCAGGGCATGG-1",4,4
"ACTATCGCCGGCTAAA-1",5,3
"ACTATCTGCCCGCGTA-1",8,9
"ACTATGTCCAGCTGCC-1",8,9
"ACTATTCGTCCGTGGT-1",7,12
"ACTATTTCCGGGCCCA-1",4,4
"ACTCAAGTGCAAGGCT-1",7,12
"ACTCAATAAAGGCACG-1",9,15
"ACTCAGACCTGCTTCT-1",6,6
"ACTCATGGCAGCCTTC-1",8,16
"ACTCCAATATCATCAT-1",8,9
"ACTCCCATTCCTAAAG-1",8,9
"ACTCCCGAATTCGTTT-1",4,4
"ACTCCCGTAGACTAGG-1",3,8
"ACTCCCTAATGCTAAA-1",7,12
"ACTCCGGCCGACCACT-1",8,9
"ACTCGATGTATTTCAT-1",5,9
"ACTCGCCGTTCGATAA-1",5,3
"ACTCGCGATCTGACGC-1",5,10
"ACTCGTAACCCGTCCT-1",4,4
"ACTCGTCAGTAATCCC-1",9,13
"ACTCTAAACCTGGGAT-1",5,9
"ACTCTCTGACTTAGGT-1",9,11
"ACTCTGACCTAATAGA-1",8,16
"ACTCTTCAGCTCCCGC-1",5,10
"ACTCTTGTATAGTAAC-1",6,15
"ACTGAAACGCCGTTAG-1",7,12
"ACTGAATGGCGAAAGT-1",9,13
"ACTGCCCGCCATTCTC-1",8,9
"ACTGCCGTCGTAACTC-1",7,12
"ACTGCGGACACACCGT-1",5,9
"ACTGCTCGGAAGGATG-1",8,5
"ACTGGGATGCCAGTGC-1",8,9
"ACTGTACGATACACAT-1",7,7
"ACTGTAGCACTTTGGA-1",9,11
"ACTGTCCAGGATTATA-1",6,6
"ACTGTCTTCTTTAGAA-1",6,15
"ACTGTGCTAGTAGATC-1",6,6
"ACTTACCGGGCGCGCA-1",8,5
"ACTTACGCATCCACGC-1",7,13
"ACTTAGTACGACAAGA-1",6,15
"ACTTATACTTACCCGG-1",7,7
"ACTTATTTATGTGCCA-1",7,7
"ACTTCAGGCTGATCCC-1",7,12
"ACTTCCAGTGGAAGCT-1",8,3
"ACTTCCATGCGGGACA-1",7,12
"ACTTCGCCATACGCAC-1",7,7
"ACTTGCTCTATCTACC-1",5,3
"ACTTGGGACCCGGTGG-1",6,15
"ACTTGGGCTTTCGCCA-1",8,9
"ACTTGTAGTCCCTTCA-1",8,9
"ACTTGTGGATGGAACG-1",4,4
"ACTTGTTACCGGATCA-1",8,9
"ACTTTACCCTCATGAA-1",8,9
"ACTTTATACACCACTT-1",5,3
"ACTTTCCTATAGCTTC-1",6,15
"ACTTTGACTGCATCCT-1",5,9
"ACTTTGGTCGTGCTCC-1",8,5
"ACTTTGTCGACGCACT-1",5,8
"AGAAATTATGACTCGC-1",8,9
"AGAACACGGCGATGGT-1",2,2
"AGAACCCAGCGTGACA-1",5,9
"AGAACCCTCAATTGGG-1",8,5
"AGAACGTGGTACATTC-1",9,11
"AGAACTGTACTTTGTA-1",5,3
"AGAAGGTACACTTCAC-1",8,5
"AGAAGGTTGCCGAATT-1",7,7
"AGAAGGTTGTAGGTCG-1",4,4
"AGAAGTGATTCGTGAT-1",4,4
"AGAATAAATCTTCAGG-1",7,9
"AGAATACAGGCTATCC-1",5,3
"AGAATGCGGGTTCGGA-1",5,3
"AGAATTATGGATTCGA-1",4,4
"AGAATTGTTTGACATA-1",7,13
"AGACAGCTCAGAATCC-1",7,9
"AGACAGGCATCTCAGC-1",5,10
"AGACCAAACCACACCT-1",8,5
"AGACCATGGGATACAA-1",7,13
"AGACCCACCGCTGATC-1",9,13
"AGACCCGCCCTCCTCG-1",6,15
"AGACCGCTCCGCGGTT-1",4,4
"AGACCGGGAAACCCTG-1",8,9
"AGACGAAGTGCCGGTC-1",7,4
"AGACGACGATGCCGCT-1",4,4
"AGACGCCCACTTCGCC-1",5,10
"AGACTAGCCTTCCAGA-1",6,15
"AGACTGTTACCGGGTC-1",4,4
"AGAGAAACACCAGAAA-1",8,9
"AGAGAACCGTCTAGGA-1",7,4
"AGAGAAGGAGTACAAT-1",4,4
"AGAGATCTCTAAAGCG-1",8,9
"AGAGCAGTTATGAGAC-1",7,9
"AGAGCCGCCGAGATTT-1",4,4
"AGAGCGGGCTAATCAT-1",9,13
"AGAGCGTACAAGCTCG-1",7,13
"AGAGCTACGAAAGCAT-1",7,13
"AGAGGCTTCGGAAACC-1",4,4
"AGAGTAAACTTCACTA-1",4,4
"AGAGTATAGTGTTACG-1",3,8
"AGAGTTGCAGGCCTCC-1",3,8
"AGATAACTTCAGGGCC-1",9,11
"AGATAATCACACCTAT-1",5,3
"AGATACCAATAGAACC-1",5,9
"AGATACCAGCACTTCA-1",3,8
"AGATACCGGTGTTCAC-1",7,7
"AGATACGACTTCATAT-1",6,15
"AGATACTCAAGATCGA-1",9,13
"AGATATAATACGACTA-1",4,4
"AGATCGTGCATAAGAT-1",8,9
"AGATCTCAGGTGTGAT-1",9,13
"AGATCTGGAGAGGATA-1",5,3
"AGATGAGGGTTGCGAT-1",5,3
"AGATGATGGAGTCTGG-1",4,4
"AGATGCAAGACGTGCA-1",8,5
"AGATGCATCCTGTGTC-1",8,9
"AGATGCTATAACGAGC-1",7,7
"AGATTCACAACCGATA-1",8,5
"AGCAAAGGCCGCTAGT-1",7,12
"AGCAACATATCTTATT-1",7,13
"AGCAACCGAAAGTAAT-1",8,5
"AGCACACGTTTAGACT-1",8,9
"AGCACCAGTACTCACG-1",6,6
"AGCACTACCGGCCTGT-1",4,4
"AGCACTACCTCACCAG-1",7,13
"AGCACTTAAGGACGCC-1",7,7
"AGCAGAAGGAGAAAGA-1",4,4
"AGCAGCCAGATGAATA-1",7,7
"AGCAGTCGAAGCATGC-1",8,9
"AGCATATCAATATGCT-1",7,7
"AGCATCATTTCGAAAG-1",4,4
"AGCATCGTCGATAATT-1",6,15
"AGCATTACGAGGCAAG-1",5,9
"AGCCAAGCTTTGTGTC-1",4,4
"AGCCACAGGTTACCCG-1",7,4
"AGCCACTCCCGTGCTT-1",7,2
"AGCCATATAGTATGTG-1",4,4
"AGCCCATACATGTAAG-1",4,4
"AGCCCGCAACAAGCAG-1",4,4
"AGCCCGCACTACAATG-1",3,8
"AGCCCGGCATTAGAGG-1",8,9
"AGCCCGGTAGCCTGTA-1",7,7
"AGCCCTAAGCGAAGTT-1",9,13
"AGCCCTCCCTGGTGGC-1",8,9
"AGCCCTGTCGCACCGT-1",5,9
"AGCCCTTCTAATCCGA-1",5,3
"AGCCCTTGGACATCCC-1",8,9
"AGCCGCAAATTCAAAT-1",5,9
"AGCCGCTTGATTAGCG-1",5,9
"AGCCGTGGCTAAATGT-1",4,4
"AGCCTAATACCCACGT-1",8,9
"AGCCTTAAAGCGGAAG-1",7,12
"AGCCTTGTCACTGATA-1",5,3
"AGCGACAGGAACGGTC-1",4,4
"AGCGACATCCCATTCA-1",6,15
"AGCGACCAACGATATT-1",6,15
"AGCGACTTTGAAGACA-1",5,9
"AGCGAGACGTGAAGGC-1",8,9
"AGCGATGCGCCTAATA-1",1,1
"AGCGCATAATGAATCG-1",7,7
"AGCGCGGGTGCCAATG-1",4,4
"AGCGCTAGAGCGATGT-1",5,9
"AGCGGACACTTCGTAG-1",7,7
"AGCGGCGGTTAGCGGT-1",8,5
"AGCGGGAAGGGTCCAT-1",6,6
"AGCGGGTCTGACACTC-1",4,4
"AGCGGTTGCCGCTCTG-1",5,3
"AGCGTACGAGAGCTAG-1",6,6
"AGCGTGGTATTCTACT-1",9,11
"AGCTAACAAGCAATGT-1",4,4
"AGCTAAGCTCCGTCCG-1",5,3
"AGCTAAGTACGCAGGC-1",4,4
"AGCTAGAAGCAGAAGT-1",8,9
"AGCTATTTAATCCAAC-1",7,12
"AGCTCCATATATGTTC-1",4,4
"AGCTCCTTCGCACATC-1",7,7
"AGCTCGTTGATGGAAA-1",3,8
"AGCTCTAGACGTTCCA-1",9,13
"AGCTCTTCCCAGTGCA-1",4,4
"AGCTCTTCGTAACCTT-1",4,4
"AGCTCTTTACTCAGTT-1",7,7
"AGCTGAAGTAAACCAA-1",4,4
"AGCTGTAACCTCAATC-1",4,4
"AGCTTCTTCTCGAGCA-1",5,9
"AGCTTGATCAGGGTAG-1",5,3
"AGCTTGATCTTAACTT-1",4,4
"AGGAACGAACGACTTC-1",5,3
"AGGAAGCTGTCCGCCG-1",7,7
"AGGACAGTCGAATCCC-1",9,13
"AGGACATCGCACGTCG-1",6,6
"AGGACGACCCATTAGA-1",7,7
"AGGACGCTCGATGTTG-1",8,5
"AGGACTTATAGGAGAA-1",5,9
"AGGAGACATCCACAGT-1",5,3
"AGGAGAGTCTGGCTAC-1",3,10
"AGGAGGCCTTCGCGCG-1",4,4
"AGGATAAAGTCGGGAT-1",7,13
"AGGATATAGGGATTTA-1",7,13
"AGGATATCCGACTGCA-1",5,3
"AGGATCACGCGATCTG-1",8,9
"AGGATTGCTTACGACA-1",5,9
"AGGCACGTGACTGTCC-1",4,9
"AGGCAGATGCGTAAAC-1",7,7
"AGGCAGGGAGCGTACT-1",7,7
"AGGCATTGTCGTAGGG-1",7,4
"AGGCCACATTGGTTAC-1",5,10
"AGGCCACCCGTTATGA-1",9,11
"AGGCCCAGTGACTGGT-1",7,12
"AGGCCCATTGTACAGG-1",6,15
"AGGCCCTAGAACGCCA-1",4,4
"AGGCCTATCATACCAA-1",8,9
"AGGCCTGAGAATCTCG-1",7,7
"AGGCGGTTTGTCCCGC-1",8,4
"AGGCGTCTATGGACGG-1",5,3
"AGGCTATGGTTAGCTT-1",7,13
"AGGCTTAAGTTGCACA-1",8,9
"AGGCTTCCCGAAGAAG-1",7,7
"AGGCTTGCTAGACACC-1",7,12
"AGGGAAACGAGGTACT-1",8,5
"AGGGACCGGCTGCGTT-1",4,4
"AGGGACTCTACGCGAC-1",7,7
"AGGGAGACATACTTCG-1",8,9
"AGGGCGAGCAGCTGAT-1",4,9
"AGGGCGTGATCGGCTA-1",6,6
"AGGGCTGCAGTTACAG-1",6,15
"AGGGTCAGAGCACTCG-1",8,9
"AGGGTCAGTAACCCTA-1",3,3
"AGGGTCGATGCGAACT-1",7,9
"AGGGTCTGGACGCAGT-1",5,3
"AGGGTGCCGTTCTTTA-1",8,4
"AGGGTGCTCTCGAGGG-1",7,12
"AGGGTGGATAGTGCAT-1",7,7
"AGGGTTCAGACGGTCC-1",8,5
"AGGGTTCCCTTTGGTT-1",7,12
"AGGGTTTAGTTCGGGA-1",6,15
"AGGTAACCTCCTATTC-1",6,6
"AGGTACGATATTGCCA-1",4,16
"AGGTAGATCGAGATAT-1",4,4
"AGGTAGGTACAAAGCT-1",7,12
"AGGTATAATTGATAGT-1",8,9
"AGGTATGCGGACATTA-1",7,9
"AGGTCAGGTGAGAGTG-1",8,9
"AGGTCGCCTCCCAACA-1",5,10
"AGGTCGCGGAGTTACT-1",8,12
"AGGTGCACGTCCACAT-1",5,3
"AGGTGGTGACCTTCGC-1",4,4
"AGGTGTATCGCCATGA-1",8,9
"AGGTTACACCATGCCG-1",8,9
"AGGTTCTCCTTTCCGG-1",8,9
"AGGTTGAGGCACGCTT-1",7,7
"AGGTTTCACACACCTT-1",6,15
"AGTAACTATAGCAGCC-1",1,1
"AGTAAGGGACAGAATC-1",3,8
"AGTAATCTAAGGGTGG-1",8,9
"AGTAATGTCTTGCCGC-1",6,15
"AGTAATTTGCAAGCGT-1",5,3
"AGTACAGAAGCTTATA-1",8,9
"AGTACATCATTTATCA-1",8,9
"AGTACGGCCCGTATCG-1",5,9
"AGTACGGGCACCTGGC-1",7,7
"AGTACTCTTATGCCCA-1",7,7
"AGTAGAAGGCGCCTCA-1",4,4
"AGTAGGAAGGAAGTTG-1",8,5
"AGTAGGTAACATACAT-1",6,6
"AGTATAATACTAGGCA-1",7,7
"AGTATACACAGCGACA-1",4,4
"AGTATGCTGGAGACCA-1",8,5
"AGTATTTGGCACGACC-1",7,7
"AGTCAAATGATGTGAT-1",8,10
"AGTCAACACCACCATC-1",9,13
"AGTCAAGATGACACTT-1",7,7
"AGTCACTAGCTCTCGA-1",4,4
"AGTCAGCCACCGCCTG-1",9,15
"AGTCCATTGGCTGATG-1",7,4
"AGTCCCGCCTTTAATT-1",8,5
"AGTCCCTCGCAGAAAG-1",1,1
"AGTCGAAACGATTCAG-1",5,3
"AGTCGACGGTCTCAAG-1",7,7
"AGTCGGCCCAAACGAC-1",9,11
"AGTCGGCTCAACTTTA-1",4,9
"AGTCGGTTGCGTGAGA-1",8,9
"AGTCGTATAAAGCAGA-1",4,4
"AGTCGTCGACCACCAA-1",7,7
"AGTCGTGGGCATTACG-1",4,4
"AGTCTAAAGTATACTC-1",8,9
"AGTCTCACAAGACTAC-1",4,4
"AGTCTGGACATCCTTG-1",7,12
"AGTCTTCTCCTCAAAT-1",6,15
"AGTCTTTAAAGTGTCC-1",4,4
"AGTGAACAAACTTCTC-1",7,7
"AGTGAAGATGGTGTCC-1",5,2
"AGTGACCTACTTTACG-1",9,13
"AGTGACTGTGACACAA-1",8,2
"AGTGAGACTTCCAGTA-1",7,7
"AGTGAGCCTCGCCGCC-1",8,9
"AGTGAGTCGAATTAAC-1",5,2
"AGTGATAACCTGCGCG-1",7,7
"AGTGATATGAGTAGTT-1",9,13
"AGTGATTCAAGCAGGA-1",7,13
"AGTGCACGCTTAAGAA-1",7,4
"AGTGCGTAGCTCGTAA-1",7,7
"AGTGCTAAACACAGCA-1",7,7
"AGTGCTTGCACGAATA-1",7,13
"AGTGGCCCGCAAATGG-1",5,3
"AGTGGCGGCAATTTGA-1",4,4
"AGTGGCGTCTGAAGGT-1",7,4
"AGTGGCTCCGTCGGCC-1",8,9
"AGTGGTGTTACCCGTG-1",8,9
"AGTGGTTGCGTATAGG-1",5,9
"AGTGTATTGCGCATTG-1",8,5
"AGTGTGCTAAGATCGC-1",7,9
"AGTGTGGTCTATTGTG-1",7,13
"AGTTAAACACTTGCGA-1",7,7
"AGTTAAGCGGTCCCGG-1",4,4
"AGTTAAGTCAACCGCT-1",4,4
"AGTTACCCTTAAGACT-1",5,9
"AGTTACCGCACATGGT-1",7,9
"AGTTACTCTATCGTGG-1",8,5
"AGTTATTCAGACTGTG-1",3,8
"AGTTCACCGGTTGGAC-1",7,9
"AGTTCCTACAGAATTA-1",6,15
"AGTTCCTATTTATGTT-1",9,11
"AGTTCTGCGTTGTATC-1",7,13
"AGTTGACATCGGCTGG-1",6,6
"AGTTGACGGTCCTTGC-1",4,4
"AGTTGCGGTCCTCAAC-1",5,3
"AGTTGCTGACTGATAT-1",7,7
"AGTTGGCAAGGCTAGA-1",5,3
"AGTTTATGTAAAGACA-1",5,3
"AGTTTCGCAGGTCGGA-1",6,6
"AGTTTGCACCTGCCTC-1",7,7
"AGTTTGGCACGGGTTG-1",4,4
"AGTTTGGCCAGACCTA-1",4,4
"ATAAACGGACCCGTAA-1",9,11
"ATAAACGTTGCACCAC-1",4,4
"ATAAAGGCTCGGTCGT-1",6,6
"ATAAATATTAGCAGCT-1",4,4
"ATAACGCCGGAGGGTC-1",9,13
"ATAACGGAGTCCAACG-1",7,12
"ATAAGGTGGAGAACAT-1",9,11
"ATAAGTAGGATTCAGA-1",8,5
"ATAAGTAGGGCGACTC-1",4,4
"ATAAGTTACCGCGACG-1",7,7
"ATAATACCGTTAGCCG-1",7,7
"ATAATAGTGTAGGGAC-1",9,11
"ATAATCTTGGAGAACC-1",7,7
"ATAATTAGCTAAGTAG-1",4,4
"ATACAGGCCCTCCAAT-1",7,2
"ATACCACGGGCAACTT-1",7,12
"ATACCCTCCCGGCCAA-1",3,8
"ATACCGTCATCCATAA-1",5,3
"ATACCTAACCAAGAAA-1",7,7
"ATACGAAGGCTTTCCA-1",5,9
"ATACGAGGTTTGTAAG-1",8,9
"ATACGCCGGCGAAACC-1",9,11
"ATACGGAACGTCGTTT-1",8,5
"ATACGGGTTTCGATTG-1",7,7
"ATACGGTGAAGATGCA-1",7,9
"ATACGTACTTAGCCAC-1",7,7
"ATACGTCCACTCCTGT-1",7,7
"ATACGTTATGCACGGA-1",7,4
"ATACTACCCGTACCAC-1",4,4
"ATACTAGCATGACCCT-1",6,15
"ATACTCTCGCCACTCT-1",6,6
"ATACTGCCTTACACCG-1",7,7
"ATACTTGTTCTCGAGC-1",7,9
"ATAGACAACGGGACCT-1",4,4
"ATAGAGTTATCAACTT-1",4,4
"ATAGCAACTAGGGAAG-1",4,4
"ATAGCCATAACAGTCA-1",3,8
"ATAGCCTCAGTACCCA-1",7,7
"ATAGCTGCTCTTGTTA-1",5,9
"ATAGGCGGCTATAGAA-1",7,4
"ATAGGCTAGCTTCGCA-1",4,4
"ATAGGGATATCCTTGA-1",9,13
"ATAGGTTGGGCAGATG-1",6,15
"ATAGTTCCACCCACTC-1",4,4
"ATATAAAGCGCTCGTG-1",7,12
"ATATAAATGTAGCTGC-1",7,7
"ATATAACACGGGCGCA-1",8,9
"ATATACATGTATGGTA-1",8,9
"ATATACGCTCGTGACG-1",8,9
"ATATAGAGTATTGGTC-1",8,5
"ATATCAACCTACAGAG-1",4,4
"ATATCAATTCCAGCCT-1",8,5
"ATATCGGTAGGGAGAT-1",8,9
"ATATCGTTCCTCGAAC-1",7,7
"ATATCTCCCTCGTTAA-1",4,4
"ATATCTTAGGGCCTTC-1",6,15
"ATATGGGATAGCAACT-1",8,9
"ATATGTCTAGAGCGTG-1",8,9
"ATATGTCTCCCTAGCC-1",4,4
"ATATTATCCCGTATTT-1",5,9
"ATATTCAGTTAAACCT-1",7,13
"ATATTCCACATAGTGA-1",9,10
"ATATTCCCACAGGTCA-1",6,6
"ATATTGCTGTCAAAGT-1",6,15
"ATATTGGAGAGGCCTT-1",5,10
"ATATTTAACCCTCAAG-1",6,15
"ATCAAACACTGTTCCA-1",4,4
"ATCAAACGAAGGTTTG-1",4,4
"ATCAAAGAGCCGTGGT-1",8,9
"ATCAAGATCCCAGGAC-1",8,9
"ATCAATCTGGGCTGCA-1",6,15
"ATCAATGCCGTGGCTG-1",8,5
"ATCACATTAGAATATC-1",7,7
"ATCACGTGCTAATTAA-1",7,4
"ATCACTTCATCCTCGC-1",9,15
"ATCAGAAGCTGGTTGC-1",5,3
"ATCAGACGGCACGCCG-1",7,7
"ATCAGCCTCATGCTGC-1",7,7
"ATCAGCTCGTCCACTA-1",7,9
"ATCAGTAGGCAGGGAT-1",7,12
"ATCATAGATCGACGAG-1",5,9
"ATCATAGCCCTATGTA-1",8,9
"ATCATCCAATATTTGT-1",9,11
"ATCATTGTACCGCATT-1",8,5
"ATCCAACGCAGTCATA-1",9,11
"ATCCAATGGAGGGTCC-1",4,12
"ATCCAATGGTACCGAA-1",5,9
"ATCCACATCGACAGAA-1",7,7
"ATCCAGAGCAACAACC-1",7,7
"ATCCAGGATTCGTGAA-1",9,13
"ATCCCATCCACAGCGC-1",8,5
"ATCCCATTTCCGTGGG-1",4,9
"ATCCTACCTAAGCTCT-1",7,7
"ATCCTGAATCGCTGCG-1",4,4
"ATCCTGCGTGGAATGG-1",7,7
"ATCCTTCTGAAAGAAC-1",5,9
"ATCGACTCTTTCCGTT-1",6,15
"ATCGCACGATTGTTCA-1",9,13
"ATCGCACGCCGGGAGA-1",6,15
"ATCGCCAGTCAACATT-1",4,4
"ATCGCTGCGTGCAGCA-1",5,3
"ATCGCTTTACGTCTCA-1",5,10
"ATCGGAGACAGACGGC-1",9,13
"ATCGGCAAGCAGTCCA-1",8,9
"ATCGGTTACCTAGTAA-1",5,9
"ATCGTATTCCGAGAAC-1",5,9
"ATCGTCCAATCGAGTC-1",7,12
"ATCGTGGAAAGTCTGG-1",8,9
"ATCGTTAGCTAGCGGA-1",4,4
"ATCTAACGTCCCTATG-1",7,9
"ATCTAATATCCTACGG-1",7,7
"ATCTACCATCTGCTCC-1",8,9
"ATCTAGCTTGTGAGGG-1",4,4
"ATCTCCCACGGAATAT-1",5,9
"ATCTCCCTGCAATCTA-1",7,12
"ATCTCGTGAGCGAAAC-1",8,9
"ATCTGACATGGAAGGA-1",4,4
"ATCTGATAGTGTCTTA-1",8,9
"ATCTGCACCTCTGCGA-1",4,9
"ATCTGCTGTTATCGCC-1",4,4
"ATCTGGGCTGTTCTTG-1",7,7
"ATCTGGTTAAGACTGT-1",7,7
"ATCTGTAATTGTACCC-1",6,15
"ATCTTAGGGCATTAAT-1",5,3
"ATCTTATCGCACACCC-1",5,9
"ATCTTGACCTGCAACG-1",9,11
"ATCTTGACTTGTCCAA-1",8,9
"ATCTTTCGTATAACCA-1",5,3
"ATGAAGCCAAGGAGCC-1",6,15
"ATGAAGTGGACCCAGC-1",5,9
"ATGACGCCGGCTCTAA-1",6,15
"ATGACGCGTTCTATCC-1",4,4
"ATGACTATCAGCTGTG-1",4,4
"ATGACTATGCGACATT-1",7,7
"ATGAGGAGTGTTAATC-1",9,13
"ATGAGGGCAGCGGCTA-1",1,1
"ATGATCGGGAATAGAC-1",6,6
"ATGATGCAATGGTACA-1",9,13
"ATGCACCTTCCTTAAT-1",5,9
"ATGCACGCGCTGTTCA-1",8,5
"ATGCATGATCCAGGAT-1",6,15
"ATGCCAATCGCTCTGC-1",5,3
"ATGCCATTTGCGACCA-1",7,7
"ATGCCGGTCTTGCATA-1",9,13
"ATGCCGGTTGATGGGA-1",4,4
"ATGCGACAATTGGTCC-1",5,3
"ATGCGACAGTCCCATT-1",6,15
"ATGCGAGTCCCACCAC-1",4,4
"ATGCTCAGTGTTGCAT-1",7,13
"ATGCTCTGGCGCGGTA-1",7,13
"ATGCTTAGGAGTTGAT-1",4,4
"ATGGAAATTTAAGGAG-1",8,9
"ATGGAACCTTTGCACA-1",8,9
"ATGGACTGCTTAGTTG-1",7,7
"ATGGAGCAGGCCGTGA-1",6,15
"ATGGATCCGGCGTCCG-1",7,7
"ATGGATTGACCAAACG-1",9,15
"ATGGCAGCATTACGAT-1",8,5
"ATGGCAGCCGAGAAAC-1",7,9
"ATGGCGGAATAGTCGC-1",5,9
"ATGGGACCTGCTGAAC-1",4,4
"ATGGGCCTCGGCCTCT-1",7,7
"ATGGGTGTATACCTCC-1",8,9
"ATGGTATTGGGAACCG-1",8,9
"ATGGTATTTACTGATT-1",5,3
"ATGGTCGCGTGGTTTC-1",9,13
"ATGTAAGGCTGCTCTT-1",8,9
"ATGTACATGCGGTGAG-1",5,9
"ATGTACGATGACGTCG-1",4,4
"ATGTAGCGCGCGTAGG-1",4,4
"ATGTCATAATAAACGA-1",8,9
"ATGTCATTTCCCATTG-1",5,9
"ATGTCTTGTTTGACTC-1",5,9
"ATGTGAAAGCCTAATG-1",7,12
"ATGTGCATCCGACGCA-1",6,15
"ATGTTACGAGCAATAC-1",6,15
"ATGTTCCTGCCCACCT-1",5,9
"ATGTTCGTCGACCCAC-1",4,9
"ATGTTGATTAGAGACT-1",8,9
"ATGTTGTAGTCTGTTT-1",4,4
"ATGTTTCGGCCCGGAG-1",5,9
"ATTAACACCTGAGATA-1",5,9
"ATTAATACTACGCGGG-1",6,15
"ATTAATGAACCAGTCG-1",7,7
"ATTAATTCGGTCACTC-1",9,13
"ATTACAACTACCGGCC-1",8,16
"ATTACATGTCAGTCTT-1",4,4
"ATTACCACACTGCCTG-1",8,9
"ATTACGACTCCACAGT-1",5,3
"ATTACGCGCTGGCAGG-1",7,4
"ATTACGGGCTACGGTT-1",5,3
"ATTACTAGCCTCTTGC-1",6,6
"ATTACTTACTGGGCAT-1",8,9
"ATTAGATTCCTCAGCA-1",7,12
"ATTAGGCGATGCTTTC-1",6,6
"ATTATACTTTGCTCGT-1",7,2
"ATTATAGCTACTTTAC-1",8,9
"ATTATCGGAATGTACG-1",4,4
"ATTATGAGACCCAATT-1",8,3
"ATTATGCCATAGGGAG-1",6,15
"ATTATTATGTCCGTCA-1",4,4
"ATTATTCAGAGTCACT-1",8,9
"ATTCAAAGTACCTGTT-1",7,12
"ATTCAACCATTTAAGG-1",4,4
"ATTCACTGATGTTGGA-1",7,13
"ATTCAGGACCTATTTC-1",8,9
"ATTCAGTAGCAGGGTC-1",7,7
"ATTCATATACTGTCCA-1",9,11
"ATTCATCGTTGAGGCA-1",7,7
"ATTCCCACATAAACAA-1",7,7
"ATTCCCGAAGGTACAG-1",8,5
"ATTCCTAAGACGTGGA-1",1,1
"ATTCCTCCGCCAGTGC-1",6,15
"ATTCCTTCCAGGCGGT-1",6,15
"ATTCGACGCCGGGCCT-1",7,4
"ATTCGCAGAGGACACT-1",3,8
"ATTCGCGCCTTGAGAG-1",5,9
"ATTCGTGCTATCTCTT-1",4,4
"ATTCGTGTACCCATTC-1",2,2
"ATTCGTTTATCGTATT-1",3,8
"ATTCTCGTCTCTTTAG-1",6,6
"ATTGAAGATCTTAGTG-1",6,15
"ATTGACCGGCGATGAC-1",5,3
"ATTGATAGCAACGAGA-1",7,13
"ATTGATCACCACATTT-1",8,9
"ATTGATGAGTCCTAAC-1",4,4
"ATTGCCTATTAGACCG-1",8,9
"ATTGCCTTTATGTTTG-1",4,4
"ATTGCGATCAGTAACT-1",4,4
"ATTGCTGCTCCTCCAT-1",7,7
"ATTGGATTACAGCGTA-1",4,4
"ATTGGGAATATCTTGG-1",6,6
"ATTGGTAGGATCCGCT-1",5,9
"ATTGGTTGTGCATTAC-1",5,3
"ATTGTACAACTCGGCT-1",4,4
"ATTGTCGCAATACCTT-1",4,16
"ATTGTCTGTTTCATGT-1",8,9
"ATTGTGACTTCGCTGC-1",5,3
"ATTGTTCAACGATCCG-1",5,9
"ATTTAACTCGTATTAC-1",6,6
"ATTTACAGTTTACTGG-1",9,11
"ATTTACTAAGTCCATT-1",8,10
"ATTTATACTGGTAAAG-1",8,9
"ATTTCATTATTTCGCG-1",7,7
"ATTTCCGGGTTCTGCG-1",4,4
"ATTTGCGCGAGTAGCT-1",4,4
"ATTTGGAGATTGCGGT-1",8,3
"ATTTGTCTTGGGAGCT-1",9,13
"ATTTGTTCCAGGGCTC-1",9,12
"CAAACCAGGTCTGCAT-1",5,9
"CAAACCATAAGCGTAT-1",5,9
"CAAACCCTCCGGCGGG-1",4,4
"CAAACGAGTATCGCAG-1",7,7
"CAAACGGTCGCACTTT-1",9,11
"CAAACTACGATAGAGA-1",4,16
"CAAACTATTGAGCTTC-1",4,16
"CAAACTCGCGACGCCG-1",4,12
"CAAAGATTATTGGGCC-1",4,4
"CAAAGGTCATCTGAAA-1",5,9
"CAAAGTCAGGTTAGCT-1",7,12
"CAAATCTCTCACAAGG-1",4,4
"CAAATGTCCTTCCGTG-1",9,13
"CAAATTGGATTATGCC-1",5,3
"CAAATTGTCAGCAAGC-1",7,12
"CAACACATCTCCTGCC-1",8,9
"CAACATGGCCTGATAA-1",7,12
"CAACCAGTGGCCTACC-1",5,9
"CAACCGCACCTAGACA-1",5,9
"CAACCTACCGAGCAGT-1",4,4
"CAACCTGAACCTGCCA-1",5,2
"CAACGACCCGTTTACA-1",6,15
"CAACGAGCTTATTATG-1",5,3
"CAACGCGATGAGCCAA-1",5,9
"CAACGGTTCTTGATAC-1",6,15
"CAACGTGGTGGAGTCT-1",8,9
"CAACTATATCGAATGC-1",4,4
"CAACTCCGTAACTTGC-1",3,8
"CAACTCCTTGATCCCG-1",6,6
"CAACTGCTCATCCGAT-1",7,7
"CAACTTGTAGTGGGCA-1",6,6
"CAAGACTCAGAAGCGC-1",3,10
"CAAGAGGGCGGAGTAC-1",9,11
"CAAGATATTATAACGT-1",7,7
"CAAGCAACGTCGGAGT-1",7,7
"CAAGCACCAAATGCCT-1",9,15
"CAAGCGGCACATAATT-1",7,13
"CAAGGCCAGTGGTGCA-1",4,9
"CAAGGTCCTATAGGCT-1",8,9
"CAAGTAAGTGATAGAC-1",4,4
"CAAGTCGTTGAAATCT-1",5,9
"CAAGTGTGGTTGCAAA-1",7,7
"CAATAAACCTTGGCCC-1",1,1
"CAATACGAGAGTCTGA-1",8,9
"CAATACGCTCTGAGGC-1",5,9
"CAATATTCTTGACCTA-1",7,13
"CAATATTGGACTAGTG-1",9,13
"CAATCCCTATACCAGC-1",8,16
"CAATCCTGCCGTGGAG-1",6,15
"CAATGACCCTTAATTT-1",8,9
"CAATGAGGTTCGACTA-1",8,9
"CAATGCGAGAAGTATC-1",7,12
"CAATGGATCTCTACCA-1",7,7
"CAATGTGCCAACCCTT-1",8,9
"CAATTAAGGGTGATGA-1",6,15
"CAATTGGGCCGCACTC-1",8,9
"CAATTTCGTATAAGGG-1",6,15
"CAATTTGACCGGGAAG-1",7,12
"CACAAACCGCAGAACT-1",5,8
"CACAAGAAAGATATTA-1",3,3
"CACAAGCTAAGAAAGG-1",5,3
"CACAATGAGCTGCTAT-1",9,13
"CACACACGCTAACGAG-1",4,4
"CACACAGCTTGCGCTC-1",8,9
"CACACAGGGATAGATT-1",7,13
"CACACGCGCTGTCTTA-1",7,7
"CACAGAGACGAGGACG-1",8,3
"CACAGCACCCACGGCA-1",6,15
"CACAGCTAGGGAGTGA-1",6,15
"CACAGGGCCATATAGT-1",4,4
"CACAGGGCCGTTGTCA-1",4,4
"CACAGTCCCGCTTCGC-1",5,9
"CACAGTTCGCTTCCCA-1",8,9
"CACATATTAGCAGGAT-1",9,15
"CACATCGTGCACGCGC-1",4,4
"CACATCTCACCGACGA-1",7,13
"CACATGATTCAGCAAC-1",6,15
"CACATGTTTGGACATG-1",9,13
"CACATTCTTTCGATGG-1",4,12
"CACATTTCTTGTCAGA-1",4,4
"CACCAATCATCCGTCT-1",8,9
"CACCACGCCACACAGA-1",5,9
"CACCAGTCAGCATGCA-1",8,5
"CACCATGATCGCAAAG-1",3,8
"CACCCAAATCTTATGT-1",4,4
"CACCCACACGTCACCC-1",6,6
"CACCCACGAGGCAATT-1",4,4
"CACCCGCGTTTGACAC-1",3,8
"CACCCGGTTTGTGACT-1",4,4
"CACCCTAACAAGATCT-1",7,12
"CACCCTTGGTGAGACC-1",8,9
"CACCGATGATGGGTAC-1",3,8
"CACCGCCAGAAGGTTT-1",6,15
"CACCGCGTCCACTCTA-1",5,3
"CACCGGGCATCACAAG-1",8,5
"CACCGGTAGAGACATT-1",8,9
"CACCGTATCCCATCCG-1",4,4
"CACCGTTAGGGATCAC-1",4,4
"CACCGTTGCGCGATAT-1",4,4
"CACCTAATAGAGTCGT-1",9,13
"CACCTAATCAGTTTAC-1",9,12
"CACCTCGATGGTGGAC-1",7,12
"CACCTTGCGAAACTCG-1",7,7
"CACCTTGGCGCCTTTG-1",4,4
"CACGAAAGTTAGTCCC-1",7,13
"CACGAGCAAACCAGAC-1",5,3
"CACGCGGAACTGTTGC-1",7,7
"CACGGACGTGGATGGC-1",5,3
"CACGGCGCGCCAAAGG-1",5,3
"CACGGGATTGAGGGTT-1",8,9
"CACGTCAATCAATGGA-1",5,9
"CACGTCGGCAACCTCT-1",4,4
"CACGTCGGGTTCTAGA-1",5,3
"CACGTTCGTGCTCTAG-1",9,13
"CACGTTTCGTACACAC-1",7,7
"CACTAAAGTTGCCTAT-1",6,6
"CACTACGGGAGCTGCC-1",4,4
"CACTCAGCTCTTGAGG-1",7,7
"CACTCCTATGTAAGAT-1",4,4
"CACTCCTCTCGGTCGG-1",8,5
"CACTCGAGCTGAACAA-1",9,11
"CACTCGGTTAGGAGGA-1",5,9
"CACTCTCAAGCATCGA-1",8,5
"CACTCTTCTGCTAGCC-1",4,4
"CACTGACGATTGTGGA-1",4,4
"CACTTAATCAGACGGA-1",9,11
"CACTTCGCCACAGGCT-1",9,13
"CACTTCGTCTTATCTC-1",7,7
"CAGAACTTAGCCCTCT-1",7,7
"CAGAATAACACACGGA-1",4,4
"CAGAATATTCGTTATC-1",5,9
"CAGACACCGATCGCTG-1",7,7
"CAGACCTGTAAGTGTT-1",4,4
"CAGACGAACCTGATAC-1",7,7
"CAGAGACGGTCACCCA-1",7,7
"CAGAGCATGAGCTTGC-1",9,15
"CAGAGGCGATGCATGA-1",7,7
"CAGATAATGGGCGGGT-1",5,9
"CAGATACTAACATAGT-1",9,11
"CAGATATGAAGATGAC-1",8,9
"CAGATCATTTAAAGTC-1",5,3
"CAGATCCTGGTTTGAA-1",8,5
"CAGATGTTTGTCCCAA-1",8,3
"CAGCAGCCCGTTCCTT-1",7,7
"CAGCAGTCCAGACTAT-1",4,4
"CAGCAGTCTGTGCTGC-1",7,7
"CAGCCGGGCCCTCTAT-1",8,16
"CAGCCTCCTGCAGAGG-1",7,7
"CAGCCTCTCCTCAAGA-1",8,5
"CAGCGATTCCCTTCAA-1",7,7
"CAGCGCCAACACGATA-1",5,9
"CAGCTCACTGAGACAT-1",6,15
"CAGCTCGACAAGTTAA-1",4,4
"CAGCTCGTGCTTGTGT-1",6,15
"CAGCTCTGGGCTCACT-1",5,9
"CAGCTGGCGTAACCGT-1",8,9
"CAGCTTAGTAGGTAGC-1",7,12
"CAGGAAGACTTTATAT-1",4,16
"CAGGCAGTCTTACCAG-1",4,4
"CAGGCCAGTACCACCT-1",5,3
"CAGGCCGTTTGGGTGT-1",7,7
"CAGGCGCACGGTGGTC-1",4,4
"CAGGCGCCATGCTAGG-1",9,11
"CAGGGAGATAGGCCAG-1",5,3
"CAGGTTTAGTACTACA-1",3,8
"CAGTAACTATTTATTG-1",8,5
"CAGTAAGGGACGTCTC-1",8,16
"CAGTAATCCCTCCCAG-1",7,13
"CAGTACATTCTCTAAA-1",8,5
"CAGTACCAGTTTACGT-1",8,9
"CAGTAGATGATGTCCG-1",7,7
"CAGTAGCCCACGCGGT-1",4,4
"CAGTCGAGGATGCAAT-1",8,5
"CAGTCGGCCTAGATAT-1",8,9
"CAGTCTGTATACTGGG-1",6,11
"CAGTGAATAAATGACT-1",7,7
"CAGTGGTTGCACATGA-1",7,12
"CAGTGTCCGCAGAATG-1",6,6
"CAGTGTCGGCTGGCCC-1",7,7
"CAGTGTTAATCTCTCA-1",5,3
"CAGTTCAAATTGACAC-1",6,15
"CAGTTCCGCGGGTCGA-1",7,7
"CAGTTCGAGGACCCGA-1",8,5
"CATAACGGACAGTCGT-1",7,12
"CATAAGAAGCTTGGCT-1",7,7
"CATAAGCTCTCCGTCT-1",8,9
"CATACAAAGCCGAACC-1",6,6
"CATACACAAAGTCAGC-1",8,3
"CATACACGGTTCCCAC-1",7,4
"CATACCCGTACCCAGT-1",7,4
"CATACGAACTAGCTGG-1",8,9
"CATACTTAGGCAATAC-1",8,9
"CATACTTCTTTCTCCG-1",4,4
"CATAGAGGAGATACTA-1",4,4
"CATAGCCGCCCGGGAT-1",7,7
"CATAGCGTTGCCCACC-1",7,7
"CATAGGGACACTTGTG-1",5,8
"CATAGTACATTGAGAG-1",7,12
"CATAGTAGCATAGTAG-1",6,15
"CATAGTCAAATACATA-1",4,4
"CATAGTCCACAAGAAC-1",7,4
"CATATACTACTGATAA-1",5,3
"CATATAGGTACAGTCA-1",9,10
"CATATGTCAGGCTACG-1",4,4
"CATCAAACTGGCGCCC-1",3,3
"CATCAACACCTACTAA-1",5,12
"CATCATCTACCCGGAC-1",7,7
"CATCATTACCCTGAGG-1",7,7
"CATCCAATATAGTTTG-1",8,9
"CATCCCGAGATTCATA-1",5,3
"CATCCGCAGGCCCGAA-1",7,4
"CATCCTCTCAAAGATC-1",7,7
"CATCGCCCGCGGCCAA-1",6,15
"CATCGTCCGGTTACTA-1",5,9
"CATCTAGTGAAGGGAA-1",5,9
"CATCTATCCCGTGTCT-1",8,5
"CATCTGCAGGATCATT-1",5,9
"CATCTTACACCACCTC-1",4,4
"CATGAACCGACATTTG-1",6,6
"CATGACTTCGCTGAAT-1",4,4
"CATGAGATGCACTCTC-1",7,12
"CATGAGTCCATCACGG-1",5,7
"CATGATACGGTGAAAC-1",8,9
"CATGATCGCTTTGAGA-1",5,3
"CATGATGCACAATTCT-1",2,14
"CATGATGGAAGTTAGC-1",4,4
"CATGCACATGAGAGGC-1",5,3
"CATGCCAACTCGCAAA-1",4,4
"CATGCGACCAGTTTAA-1",4,16
"CATGCGTTAGACAGAA-1",9,15
"CATGCGTTGAGAGGAG-1",4,4
"CATGCTGGCTCCAATT-1",6,6
"CATGGATTGTCTTCCG-1",4,4
"CATGGCAGGAAGATCG-1",6,6
"CATGGCTCCCTATGTC-1",5,9
"CATGGGTATGCCTTAT-1",7,7
"CATGGGTCGGGTGTGG-1",4,4
"CATGGTAAGTAGCGTT-1",9,11
"CATGGTATTAGTTTGT-1",8,5
"CATGGTCTAGATACCG-1",6,15
"CATGGTTTATTAATCA-1",5,3
"CATGTAAGAGACATTT-1",7,7
"CATGTAGGAGCGCCAA-1",5,3
"CATGTCTCATTTATGG-1",7,7
"CATGTGGGCTCATCAC-1",5,9
"CATTACATAGATTGTG-1",8,9
"CATTACGCAGGAAGGG-1",5,3
"CATTACGTCGGCCCGT-1",6,15
"CATTATCCCATTAACG-1",8,10
"CATTCCCATTCCGTCG-1",8,9
"CATTCCCTAAGTACAA-1",7,13
"CATTGATGAACACGCC-1",5,3
"CATTGCGAAATGGGCG-1",7,9
"CATTGCGGGTCAATTC-1",5,9
"CATTGTGTGCTAGATC-1",7,12
"CATTTAGCGGACCATG-1",7,7
"CATTTCTAGCAGACTA-1",9,13
"CATTTGAGTGGTACGT-1",7,7
"CCAAACAGAACCCTCG-1",6,15
"CCAAAGCAGTTGGTTG-1",7,7
"CCAAATAACAAGATTC-1",4,9
"CCAAATCAAAGGGCAA-1",5,3
"CCAACCTTATGTAACT-1",4,4
"CCAACGATGCACTGAT-1",7,7
"CCAACGCTTGCCAGGG-1",5,3
"CCAACTTGATAGATCC-1",5,9
"CCAAGAAAGTGGGCGA-1",7,7
"CCAAGACTTCTGCGAA-1",6,15
"CCAAGCGTAACTCGTA-1",6,15
"CCAAGGAACAGAGAGG-1",6,15
"CCAAGGTTGCCCTTTC-1",5,3
"CCAAGTTTCTACAGAT-1",5,9
"CCAATAGATTTCATCT-1",5,9
"CCAATAGTGCCGTCGA-1",7,7
"CCAATCGGTAGATCGA-1",4,16
"CCAATTACGGGTCGAG-1",8,5
"CCAATTGAATGTTAAT-1",6,15
"CCACAATGTACGTCTT-1",7,12
"CCACACTGAGATATTA-1",9,11
"CCACAGCTGAAATCAT-1",6,6
"CCACAGTACCCATCCT-1",7,7
"CCACATACTGCACCCA-1",8,9
"CCACATGGCTCTTTAT-1",8,9
"CCACCAACTTTACTGT-1",4,4
"CCACCCAAGGAAAGTG-1",9,13
"CCACGAATTTAACCTC-1",4,4
"CCACGAGAAGAGAATC-1",7,12
"CCACGGAGCCATAAGA-1",4,4
"CCACGGCAGGTGTAGG-1",5,9
"CCACGGTGCCCGGTAG-1",4,4
"CCACGTAAATTAGACT-1",5,9
"CCACTATCCGGGTCAC-1",8,9
"CCACTCAGATCCGCAA-1",8,9
"CCACTGGTGGCTGGTT-1",4,9
"CCACTGTTTGGATTAA-1",4,4
"CCAGAAACTGATGCGA-1",5,3
"CCAGAAAGCAACTCAT-1",4,4
"CCAGAGACAAAGCCGG-1",7,7
"CCAGATAGTTGAGTGA-1",7,7
"CCAGATGTAAATGGGT-1",3,8
"CCAGCCTGGACCAATA-1",6,15
"CCAGCGGGATCACCAG-1",5,9
"CCAGCTACGCCTCATA-1",6,6
"CCAGCTCGAACGCATT-1",7,7
"CCAGCTGATGGTACTT-1",4,12
"CCAGCTTCCGCCCGCA-1",7,9
"CCAGGCGAGATGGTCT-1",3,3
"CCAGGCTGGCGTCTGA-1",5,10
"CCAGGGACGTGGCCTC-1",6,15
"CCAGTAGTCTGATCCA-1",4,4
"CCAGTCAAATCTCTTA-1",5,9
"CCAGTCCATTATTCGA-1",6,6
"CCAGTCTAGACGGCGC-1",1,1
"CCAGTCTTGTCATAGA-1",7,7
"CCAGTGTACAGACCGA-1",5,3
"CCAGTTCGGTAACTCA-1",5,9
"CCATAAACAACCCGAC-1",7,12
"CCATAACCTGTGCAGT-1",8,9
"CCATACCTTTACTTGT-1",8,9
"CCATACTCGCCTCTCC-1",5,9
"CCATAGAGGCTGCCAG-1",8,5
"CCATAGGTTGGCGTGG-1",6,15
"CCATAGTCAGTAACCC-1",7,7
"CCATATGGAAACTATA-1",4,4
"CCATATTGGATCATGA-1",7,7
"CCATCCATACCAAGTC-1",6,6
"CCATCGCAGTTAAACT-1",9,13
"CCATCTCACCAGTGAA-1",5,9
"CCATGCCCTAGATTTC-1",4,4
"CCATGCCTGTTTAGTA-1",6,6
"CCATGCTCTGCAGGAA-1",6,15
"CCATGGCAAACGCTCA-1",5,9
"CCATGGCCCTTGTACC-1",4,4
"CCATGTTCATCTATAT-1",8,9
"CCATTAGCGATAATCC-1",9,11
"CCATTCCCTGCCCACA-1",7,7
"CCATTGTTTCCTCCAT-1",3,8
"CCATTTCTACCTATTA-1",7,13
"CCCAAACATGCTGCTC-1",7,7
"CCCAACATACGTCGCG-1",7,4
"CCCAAGTCATTACACT-1",8,9
"CCCAATGAGATTTGCA-1",4,4
"CCCAATTTCACAACTT-1",7,4
"CCCACTCCACGGTATC-1",8,9
"CCCAGAGGAGGGCGTA-1",5,12
"CCCAGATTCCCGTGAC-1",7,7
"CCCAGGAAGAATTCGA-1",8,9
"CCCAGGTCTGAAGGCT-1",4,4
"CCCAGTAAACTTGGGA-1",8,5
"CCCAGTTAAGGCGCCG-1",9,13
"CCCATATAGGTCGATT-1",5,3
"CCCGAAGTTTCGCGAA-1",8,9
"CCCGACCATAGTCCGC-1",7,7
"CCCGAGTTTCTCCGTA-1",4,4
"CCCGCAAATAATCATC-1",5,9
"CCCGCAGCGCGAACTA-1",9,13
"CCCGCAGGGCCCAAAG-1",4,16
"CCCGCCATGCTCCCGT-1",6,6
"CCCGCGCAATGCACCC-1",7,12
"CCCGGCACGTGTCAGG-1",5,3
"CCCGGCTAGGTGAGAA-1",5,9
"CCCGGGTCGTTCAGGG-1",4,4
"CCCGGTGGAAGAACCT-1",7,4
"CCCGGTGTATCGGAAT-1",4,4
"CCCGTAAGTCTAGGCC-1",4,4
"CCCGTAGCTGGGAAGA-1",4,4
"CCCGTCAGCGTCTGAC-1",6,15
"CCCGTGACAGTGCCTT-1",5,9
"CCCGTGAGGGCGGTGA-1",5,9
"CCCGTTTCGCAGATGT-1",4,4
"CCCTACCCACACCCAG-1",8,9
"CCCTACTTGAACAATG-1",8,9
"CCCTAGCTCTAAGGTC-1",5,9
"CCCTAGGCAACAAGAG-1",8,9
"CCCTAGTGTCAGGTGT-1",9,13
"CCCTATGTAGAGCAGA-1",8,13
"CCCTCAAGCTCTTAGT-1",5,9
"CCCTCAGATCGAGAAC-1",5,3
"CCCTCATCACAGAGTA-1",5,3
"CCCTCATTCTGGAATT-1",6,15
"CCCTCCTCGCTCGTAT-1",9,13
"CCCTCGATAATACACA-1",8,9
"CCCTGAAATGAGTTGA-1",7,7
"CCCTGACTAACAAATT-1",8,9
"CCCTGATGTAACTCGT-1",7,12
"CCCTGCCCAATCCGCT-1",4,9
"CCCTGCGCTACGCATA-1",4,4
"CCCTGGCTGTTCCTTC-1",8,9
"CCCTGGGAGGGATCCT-1",8,9
"CCCTGTTGGCAAAGAC-1",7,4
"CCCTTTAATGGAGTTC-1",5,2
"CCCTTTGACAGGTCTT-1",9,13
"CCGAAACACGACCTCT-1",2,14
"CCGAAAGTGGTGAGCA-1",9,13
"CCGAACACTGGGCCTC-1",4,9
"CCGAACCTTCCCGGCC-1",9,11
"CCGAAGCATTGACCAA-1",8,5
"CCGAAGGGCGTACCGC-1",3,10
"CCGAAGTATATTGTTC-1",7,7
"CCGACAAACACATGAG-1",7,7
"CCGACAAAGGGAGTGC-1",4,4
"CCGACAATAGGCCGCC-1",4,4
"CCGACGGGCATGAGGT-1",4,4
"CCGACGTAAACACAAC-1",8,9
"CCGAGAAGTCGCATAA-1",4,13
"CCGAGCTGTGCTTGTC-1",5,3
"CCGATATGACGTAAGG-1",5,10
"CCGATCTCAACCTTAT-1",4,4
"CCGATTCGAGGGACCC-1",4,9
"CCGCACAAAGACCAAC-1",9,13
"CCGCACACGAACGTGT-1",5,9
"CCGCACGTGACCTCGG-1",7,13
"CCGCACTTGCAATGAC-1",5,3
"CCGCATGTGGTACGAT-1",7,7
"CCGCCGGAACTTCTCG-1",8,5
"CCGCCGGTCAACACAC-1",6,6
"CCGCCGTTGAGGATAA-1",8,9
"CCGCCTGCGAATTGGT-1",2,2
"CCGCCTTGCGATGTCG-1",5,9
"CCGCGATTTGGTAGGT-1",4,9
"CCGCGCAAGATACCCA-1",8,5
"CCGCGGAATGCGTCAC-1",7,7
"CCGCGGGTACGAAGAA-1",4,4
"CCGCGTAGGTAAGGGC-1",7,4
"CCGCTCCAGGGCGATC-1",8,9
"CCGCTCCGGATAAGCT-1",5,3
"CCGCTCTTCCGAACTA-1",4,4
"CCGCTTACCTCACTCT-1",4,4
"CCGCTTGCTGACATGG-1",5,9
"CCGGAAGTGCAATATG-1",1,1
"CCGGAAGTTATCAGTC-1",5,9
"CCGGAATGGTTTCAGT-1",7,12
"CCGGAGCGTACTTTCT-1",7,7
"CCGGAGGTCTTATGGT-1",5,3
"CCGGCACGACCGTTTC-1",8,9
"CCGGCCGCGAGCATAT-1",8,5
"CCGGCGCATATTGGAT-1",6,15
"CCGGCGTGAGACTCTG-1",8,9
"CCGGGACCCGCAGAGA-1",6,6
"CCGGGCGGTCTCGTCA-1",9,13
"CCGGGCTAAGAATTTC-1",5,3
"CCGGGCTGCTCCATAC-1",7,7
"CCGGGTTCGAGGTTAC-1",7,4
"CCGGTAATGGCTAGTC-1",8,9
"CCGGTATCTGGCGACT-1",5,9
"CCGGTGCGAGTGATAG-1",7,12
"CCGGTTTGTAATTGTG-1",7,7
"CCGTAAGTTGGTCCCA-1",9,13
"CCGTACCCAAGCGCCA-1",6,6
"CCGTAGGAAATCCCTG-1",7,4
"CCGTAGGGTTGTTTAC-1",4,4
"CCGTATCTCGTCGTAG-1",4,4
"CCGTATTAGCGCAGTT-1",5,3
"CCGTCAACCTCTGGCG-1",5,3
"CCGTGAGGCATTCATG-1",8,9
"CCGTGCCCATGACGGC-1",6,6
"CCGTGGAACGATCCAA-1",5,2
"CCGTGTTAAATTCCAT-1",4,4
"CCGTTACGTTAGAACA-1",4,4
"CCGTTCCGAATCTCGG-1",4,4
"CCGTTTCCTTTCCGTG-1",5,9
"CCTAAAGGCTGACGCT-1",4,16
"CCTAAATTGTATCCTA-1",8,9
"CCTAACCCAAACAAGT-1",7,7
"CCTAACTAAGGCTCTA-1",4,12
"CCTACAGTTGAGGGAG-1",5,9
"CCTACATTCACAGACG-1",4,4
"CCTACGGCTCAGTCGA-1",6,15
"CCTACTCAACACGATT-1",5,9
"CCTACTGCGGCGGCCA-1",3,10
"CCTAGGCGTAGCGATC-1",7,7
"CCTAGGTAAAGGTAGC-1",8,5
"CCTAGTTAGTCGCATG-1",7,7
"CCTATAATGAGTGCCC-1",7,12
"CCTATACCGTCCTGTC-1",7,7
"CCTATATCGTGTCACG-1",8,5
"CCTATATTTGTCCTGG-1",4,4
"CCTATCTATATCGGAA-1",7,12
"CCTATGAAGTGGTGCC-1",8,9
"CCTATGGCTCCTAGTG-1",8,9
"CCTATGGGTTACCGTC-1",6,15
"CCTATGGTCAAAGCTG-1",4,4
"CCTATGTCCACTCCAC-1",7,12
"CCTATTATTCCGGCCG-1",8,16
"CCTCAACGATCGCTGT-1",8,9
"CCTCACCAATCTTGAC-1",6,6
"CCTCACCTGAGGGAGC-1",4,13
"CCTCACCTTAGCATCG-1",4,4
"CCTCATGCAGCTACGA-1",6,6
"CCTCCGACAATTCAAG-1",7,12
"CCTCCTAGCTAGAGTC-1",8,5
"CCTCCTGAGCCCACAT-1",5,9
"CCTCCTGTTGTGTCGT-1",4,4
"CCTCGAAGTGGACGGG-1",7,13
"CCTCGCCAGCAAATTA-1",7,7
"CCTCGCGCGATATAGG-1",8,9
"CCTCGCGCTGTGCGAT-1",7,7
"CCTCGGACCGGGATAG-1",9,13
"CCTCGGATGCTACCTG-1",7,9
"CCTCGGTTTCCTTGCC-1",8,9
"CCTCTAATCTGCCAAG-1",7,12
"CCTCTACAAGGATTGG-1",8,9
"CCTCTATCGATTAGCA-1",4,4
"CCTCTCTCCCATCTAG-1",7,7
"CCTCTGGCCTAGACGG-1",7,12
"CCTCTGTACTATTCTA-1",7,7
"CCTGAACGATATATTC-1",9,13
"CCTGAATATTTACATA-1",9,13
"CCTGACAAACTCGCGC-1",5,9
"CCTGAGAATAAATGCA-1",5,9
"CCTGATTCGCGAAGAA-1",5,9
"CCTGCCCGTTGTCTAG-1",5,9
"CCTGCGATAGAACTGT-1",6,6
"CCTGCGTTCTACGCTT-1",8,9
"CCTGCTACAACCATAC-1",3,8
"CCTGGAAACGTTCTGC-1",8,9
"CCTGGTCGAATGTGGG-1",7,7
"CCTGTAAGACATGATA-1",7,7
"CCTGTACTCACGCCCA-1",4,4
"CCTGTCACCCGGGCTC-1",6,15
"CCTGTCCCTCACGTTA-1",8,9
"CCTGTCGCCCGTAAAT-1",6,15
"CCTGTCGTGTATGAAG-1",5,3
"CCTGTGAAACCGTAAC-1",5,9
"CCTGTTCAACCTCGGG-1",8,5
"CCTGTTTGAAGACACG-1",7,12
"CCTTAAGTACGCAATT-1",5,3
"CCTTCAGTTAAAGTGA-1",4,4
"CCTTCCGCAACGCTGC-1",5,3
"CCTTCGTATAGAATCC-1",4,4
"CCTTCTCAGCGTTCCT-1",8,9
"CCTTCTTGATCCAGTG-1",7,12
"CCTTGACCACTTTATT-1",4,4
"CCTTGTGAACGTGGTT-1",8,9
"CCTTTAAGGGAGCACT-1",7,7
"CCTTTCAATGAAGAAA-1",4,4
"CCTTTGAATTATGGCT-1",8,5
"CGAAACATAGATGGCA-1",4,16
"CGAAACGCAATTCATG-1",7,4
"CGAACAGTATGGGCGT-1",7,7
"CGAACCCGCATGCGTC-1",7,7
"CGAACCTCTTTCCTAG-1",5,8
"CGAACGCCCAGTGCCG-1",7,13
"CGAACGGCCGGACAAC-1",8,9
"CGAAGACGGTGAGTGC-1",5,9
"CGAAGATCAGTTTCAT-1",8,9
"CGAAGCCACAGCATGG-1",5,3
"CGAAGCTATAAATTCA-1",5,2
"CGAAGGGTTTCAGATT-1",8,5
"CGAAGTTGCTCTGTGT-1",7,12
"CGAATCTGCTCGACGC-1",8,5
"CGAATGAAGTCATTGC-1",8,5
"CGAATGACGCATAATG-1",4,4
"CGAATGGTAGGTCGTC-1",5,3
"CGACAATTTGATCTAA-1",7,7
"CGACACGCTCCGACAG-1",7,13
"CGACAGTTCGCGTTAT-1",7,13
"CGACCCTTAACGCCGG-1",8,9
"CGACCGTTGGTATTCG-1",5,3
"CGACCTACTAGACAAT-1",8,9
"CGACGCATCCGTACCT-1",8,9
"CGACTCAGGATGTTAT-1",4,13
"CGACTCGGTACACGGT-1",3,8
"CGACTTGCCGGGAAAT-1",3,3
"CGACTTTGTATAGCCT-1",8,9
"CGAGACTACTGCTGCT-1",5,3
"CGAGAGATGTGAACCT-1",9,13
"CGAGAGCGCGTAGATA-1",8,9
"CGAGAGCTTTCACTAC-1",4,4
"CGAGAGGGTAGCCGCG-1",4,4
"CGAGATTTCGCTCGGG-1",8,9
"CGAGCACTTCAAGTTT-1",7,13
"CGAGCCGAGCACTCGA-1",5,9
"CGAGCGTTGATCAGCC-1",6,6
"CGAGCTGGGCTTTAGG-1",9,13
"CGAGGAGCTTCCATAT-1",5,3
"CGAGGATCGGGAACGA-1",8,9
"CGAGGCCAGGCATTGG-1",7,7
"CGAGGCTAAATATGGC-1",9,13
"CGAGGGACTGCGGTCG-1",9,13
"CGAGGGTATCCAGGTG-1",4,4
"CGAGTACTAAAGAGGA-1",7,4
"CGAGTGAAGGTACCAG-1",4,4
"CGAGTTCTGTCCCACC-1",7,7
"CGAGTTTATCGGACTG-1",7,7
"CGATAATACTCAGGTT-1",8,9
"CGATACCTCGCGGACA-1",9,13
"CGATAGCGATACAGTG-1",8,9
"CGATAGTCGTACTGCA-1",4,4
"CGATCATTAGAGGCAC-1",3,8
"CGATCCACCATTGTTG-1",8,9
"CGATCCGACCCAGTGC-1",9,11
"CGATCCTCGCAACATA-1",4,4
"CGATCGAGAAGCACCA-1",8,9
"CGATCTGTTGGAGGAC-1",4,4
"CGATGGACCCTACGCC-1",8,9
"CGATGTTGTTATCTAC-1",8,5
"CGATTAAATATCTCCT-1",7,7
"CGATTCGCCTGGCTGC-1",7,12
"CGATTTGTCATTAATG-1",5,3
"CGCAAACACGAGTTAC-1",9,13
"CGCAATCGATCATTAG-1",5,9
"CGCAATTACTTTCGGT-1",9,13
"CGCAATTAGGGTAATA-1",9,11
"CGCAATTCTACAATAA-1",7,13
"CGCACATGTCCACTAC-1",7,7
"CGCACGTCTGTTTATG-1",8,9
"CGCACGTGCGCTATCA-1",9,13
"CGCAGATCTTCACCCG-1",5,9
"CGCAGGCGATCCAAAC-1",4,4
"CGCAGTTCTATCTTTC-1",3,8
"CGCATCCATCAGCCAG-1",8,9
"CGCATGCCGAATGCGT-1",4,4
"CGCATGGTGCGATGCT-1",6,15
"CGCATTAGCTAATAGG-1",6,15
"CGCCAAGAAGCCGAGT-1",8,9
"CGCCAATTATTGCGTT-1",8,9
"CGCCACAGGTCGCGAT-1",8,9
"CGCCAGTAGTACCTTG-1",5,3
"CGCCATCCGATTATGA-1",7,7
"CGCCCAGCACGCCTAG-1",7,7
"CGCCCAGCGTTTCACG-1",4,4
"CGCCCGCTTCCGTACA-1",7,4
"CGCCCTAATTGTTCAA-1",8,3
"CGCCCTTGAAGGCTGA-1",7,4
"CGCCGACTATTCGCTA-1",5,9
"CGCCGCCCATGCCTGT-1",9,13
"CGCCGCGTTCTGAACG-1",8,9
"CGCCGTCTACCCATCG-1",8,9
"CGCCGTTCAGCATAGT-1",4,4
"CGCCTGGCCTACGTAA-1",4,4
"CGCCTTTAGCATGCTC-1",8,9
"CGCGAAGTGGCATACT-1",4,4
"CGCGACACTGCGCAGC-1",8,9
"CGCGACCGCGACAGAT-1",7,12
"CGCGAGAGGGACTTGT-1",5,3
"CGCGAGTCTGCCGGGT-1",4,4
"CGCGCAAATGTCCAGA-1",8,5
"CGCGCATGTTTGATTG-1",7,7
"CGCGCCCGACTTAATA-1",7,12
"CGCGGCAGTATTACGG-1",7,12
"CGCGGCTCAACTTGAA-1",7,7
"CGCGGGAATTAGGCAG-1",7,7
"CGCGGGAATTCCTTTC-1",8,9
"CGCGGTAAGTCTAGCT-1",8,9
"CGCGGTACGGTATACA-1",5,9
"CGCGGTCACAAACCAA-1",5,3
"CGCGTGGGCCTGTGTT-1",5,3
"CGCGTTCATGAAATAC-1",6,15
"CGCTACGGGACATTTA-1",9,7
"CGCTAGAGACCGCTGC-1",4,4
"CGCTATACCGCCCACT-1",6,6
"CGCTATTCAATGTATG-1",9,13
"CGCTCGACATAATGAT-1",6,6
"CGCTCTCCGTAGATTA-1",7,7
"CGCTGGTGACTACCCT-1",7,12
"CGCTGTGACGCCGCAC-1",9,11
"CGCTGTGTGGATGTTG-1",7,4
"CGCTTAGTATTGATAC-1",4,4
"CGCTTATTCCCGGTCG-1",7,12
"CGCTTCCACTGAAATC-1",6,6
"CGCTTCGGTCTAAGAC-1",5,9
"CGCTTGGACGGATAGA-1",5,9
"CGCTTTCATACCGGTG-1",6,6
"CGCTTTCCGCCAAGGT-1",8,9
"CGCTTTCTTGCATTCG-1",7,12
"CGGAAAGAATCAAACG-1",7,7
"CGGAAAGCAAATGTGC-1",5,9
"CGGAACGTAAACATAG-1",7,7
"CGGACCTCTGTAGTTA-1",3,8
"CGGACCTTTACGTCCC-1",4,4
"CGGACGTTACTTGAAG-1",5,9
"CGGAGCAATTTAATCG-1",7,7
"CGGAGCATGGCGATCC-1",6,15
"CGGAGTTTGAGAGACA-1",7,7
"CGGATAAGCGGACATG-1",7,7
"CGGATCCTCAAGGACT-1",7,7
"CGGATGAATGCTGTGA-1",5,3
"CGGATTCTGCCTTATG-1",5,3
"CGGCAAACATCGTGCG-1",9,13
"CGGCAATAAGATCGCC-1",4,4
"CGGCACCGTTAGCGCC-1",8,9
"CGGCACTCAAGAAAGT-1",6,6
"CGGCAGGGTCGGGTTG-1",4,13
"CGGCCACGCACAAAGT-1",6,15
"CGGCCAGAGCGACCAT-1",4,4
"CGGCCCAACCTGTAGT-1",8,9
"CGGCCCAGGTATATCC-1",4,4
"CGGCGCCATCAATCCC-1",7,7
"CGGCTCTAAAGCTGCA-1",4,13
"CGGGAACGCCCTGCAT-1",5,3
"CGGGAAGTACCGTGGC-1",5,3
"CGGGAATATAGTATAC-1",4,4
"CGGGAATTTATGTAAA-1",9,11
"CGGGAGCTTCAGTGTA-1",7,7
"CGGGAGTATACCGCCG-1",7,13
"CGGGATCAATGTAAGA-1",6,15
"CGGGCAGCTAAACCGC-1",6,15
"CGGGCCATAGCCGCAC-1",7,13
"CGGGCGATGGATCACG-1",4,4
"CGGGTGTACCCATTTA-1",7,12
"CGGGTTTGTTAGGGCT-1",8,9
"CGGTACGGCAAACCCA-1",8,9
"CGGTACTAGAATCAAA-1",9,13
"CGGTAGAGGTGCAGGT-1",4,4
"CGGTATAGGTATTAGC-1",5,3
"CGGTATGGGCACTCTG-1",8,9
"CGGTCAAGTGGGAACC-1",7,7
"CGGTCCATGAGACTCC-1",5,3
"CGGTCCGTCGCAAGCC-1",4,4
"CGGTCTATCAACCCGT-1",4,4
"CGGTGAAGACTAAAGT-1",4,4
"CGGTGCAGATAGAACG-1",7,4
"CGGTGCGCGTTGGTCC-1",7,12
"CGGTGGGCTCCAGCCT-1",5,3
"CGGTGTACTTGATCCC-1",6,15
"CGGTTATCCAACAGTG-1",4,4
"CGGTTCAAGTAGGTGT-1",8,9
"CGGTTCCGGCTTCTTG-1",6,6
"CGGTTGACCTGGCATA-1",4,4
"CGGTTGAGTATCCTTC-1",8,10
"CGGTTGGGCAGGGTCC-1",8,9
"CGGTTTACTGAACATT-1",5,3
"CGGTTTATGAAGGAAC-1",5,3
"CGTAAACGCTTGAGTG-1",6,15
"CGTAAAGCAAGAAATC-1",8,9
"CGTAAATAACAAAGGG-1",8,9
"CGTAACTTCGACACTT-1",4,4
"CGTAATAATTACGAGT-1",5,9
"CGTACCGAAAGTCTAG-1",7,12
"CGTACCTGATAGGCCT-1",9,15
"CGTAGAGAGTAATTAT-1",4,4
"CGTAGCGAATTGTCAG-1",7,7
"CGTATCTAGAACTAAG-1",5,3
"CGTATTAAGAGATCTA-1",6,15
"CGTATTGTTTCCTAAT-1",3,10
"CGTATTGTTTGGCGCC-1",5,3
"CGTCAAATGGTCGCAG-1",3,8
"CGTCAAGGCTATAAAT-1",7,9
"CGTCAATCTTTAACAT-1",7,7
"CGTCACGTCCATTGGT-1",7,7
"CGTCAGCTATTTACTC-1",5,9
"CGTCAGTGCGCACAAG-1",6,6
"CGTCATACCATATCCA-1",7,7
"CGTCCAGATGGCTCCA-1",5,9
"CGTCCTCATCGCGTGC-1",5,8
"CGTCGCATGTGAGCCA-1",4,4
"CGTCGCGGCGGGATTT-1",7,7
"CGTCGCTTGGTTATAC-1",8,9
"CGTCGGATAGTGTTGA-1",4,12
"CGTCGGGTCTAAGCGC-1",8,5
"CGTCGTCCTTCGCGAA-1",7,7
"CGTCTGGAAGGGCCCG-1",6,6
"CGTCTTGAGTGTGACG-1",5,10
"CGTGAACTGACCCGAT-1",5,3
"CGTGACATTGGGTCGT-1",4,16
"CGTGACCAGTCCTCTG-1",4,4
"CGTGCACACCACTGTA-1",5,3
"CGTGCATTGTCGACGC-1",7,4
"CGTGCCCTCCCGAAGA-1",9,11
"CGTGCTGGCCTAGTCG-1",9,13
"CGTGCTTCTACCTAAA-1",8,4
"CGTGGAAGCCTCGTAC-1",5,9
"CGTGGCCGAATATCTA-1",4,4
"CGTGGTACCCAAAGGC-1",4,4
"CGTGTATGGGAGCTGA-1",5,9
"CGTGTCTCGTTACGAC-1",4,4
"CGTGTGTTAAACCCTG-1",2,2
"CGTTAAACTAGTTAGG-1",4,4
"CGTTAATGTCCCGACG-1",7,7
"CGTTAGCTCACAACTG-1",8,12
"CGTTATCATACTTCCA-1",5,9
"CGTTCAAGGAAACGGA-1",8,5
"CGTTCAGACCCGCGAA-1",4,4
"CGTTCATGGTGCGCGT-1",8,9
"CGTTCTTCGCACACCT-1",5,3
"CGTTGAATACCGCGCT-1",7,7
"CGTTGAGTAATTGCGT-1",5,3
"CGTTGCCCGCGTGGGA-1",4,4
"CGTTGTAAACGTCAGG-1",8,9
"CGTTGTAAGATTGATT-1",5,3
"CGTTGTCGGCAATTGA-1",7,7
"CGTTGTTTCAATTCCC-1",7,7
"CGTTTAAGCGGAGCAC-1",6,6
"CGTTTACAAGGCAGCT-1",5,3
"CGTTTCACTTCGGGCG-1",8,5
"CGTTTCGGTTATATGC-1",3,8
"CGTTTGGTGTTGTGGG-1",5,10
"CGTTTGTGTAGAGGGT-1",7,7
"CTAAAGAATGCCTACT-1",7,13
"CTAAAGGATGAGATAC-1",8,9
"CTAAATCCGGTGTACA-1",4,4
"CTAAATCCTATTCCGG-1",7,7
"CTAACAGCACAATAAC-1",8,5
"CTAACCGCGCGCCCGT-1",7,7
"CTAACGAAACTTGCTG-1",4,4
"CTAACTGATAATCGCC-1",4,4
"CTAACTGGTCCGGTTC-1",4,4
"CTAATTATGAAGCGTA-1",3,8
"CTAATTCGCACGCGCT-1",7,7
"CTAATTCTCAGATATT-1",8,9
"CTAATTTCAACAACAC-1",7,13
"CTACAAGAAATAACCC-1",4,4
"CTACACTCGCAGATGG-1",4,4
"CTACATATCGCGGGAC-1",8,3
"CTACCCTAAGGTCATA-1",9,13
"CTACGACTAGCTATAA-1",4,4
"CTACGATCCTATCCTA-1",5,9
"CTACGCACGGAGTACC-1",6,6
"CTACGCCATTTCCGAT-1",4,16
"CTACTATCATAGGTTT-1",4,4
"CTACTATCTTTCAGAG-1",7,7
"CTACTCAAGGTATAGT-1",4,4
"CTACTCTAGGCCCGGC-1",7,4
"CTACTGCCACCTGACC-1",6,15
"CTAGACTGCATTTCGT-1",3,3
"CTAGATAAACTCCTCG-1",6,6
"CTAGATGTGAGTGTAA-1",4,4
"CTAGCATAGTATAATG-1",6,15
"CTAGCCACAGGCGAGC-1",8,9
"CTAGCCCGGGAGACGA-1",7,7
"CTAGCCGATGTTATGA-1",8,5
"CTAGCTTAATGGTCCC-1",5,9
"CTAGGCGCCCTATCAG-1",7,7
"CTAGGGATAGGGACAA-1",8,5
"CTAGGTCTGAAGGAAT-1",4,4
"CTAGGTTCGGACGTGA-1",7,12
"CTAGTAGAAAGGGATT-1",7,4
"CTAGTATTCGGAATTA-1",4,16
"CTAGTCACGTCTTAAG-1",6,15
"CTAGTGAAGGACAGGA-1",7,7
"CTAGTTACAACCCGGT-1",9,13
"CTAGTTGGGCCCGGTA-1",9,15
"CTATAAGAGCCAATCG-1",4,12
"CTATAAGTAGGGTTTG-1",1,1
"CTATACTTAAAGCGAG-1",8,5
"CTATAGGCGTTGATGT-1",4,4
"CTATATCCAGCCTGGC-1",8,9
"CTATCACAACGCTGGA-1",8,2
"CTATCGACGAAATACA-1",7,7
"CTATCGCGTAGAGAAC-1",8,9
"CTATCGGGTCTCAACA-1",6,15
"CTATGAACACCTTGCC-1",5,3
"CTATGCCCGAATGCAA-1",4,4
"CTATGGGAAGCGGAAT-1",4,4
"CTATGTCACTAGCCCA-1",6,15
"CTATGTCTATTGAAAC-1",6,6
"CTATGTGAGTCACGGC-1",8,9
"CTATTCATGTGTCCCA-1",7,7
"CTATTGTGTTTGGTCA-1",5,3
"CTATTTGCTTGGAGGA-1",4,4
"CTATTTGGTTACGGAT-1",9,13
"CTCAAACCACTGCCCG-1",4,4
"CTCAACTAACCCGGAT-1",7,7
"CTCAAGACATTAGCGC-1",5,3
"CTCACACGCAAGCCTA-1",3,8
"CTCACATTTACTAAAT-1",7,7
"CTCACCAGTACAAGTG-1",5,9
"CTCACTGTGATACTTA-1",7,7
"CTCACTTGGCTGGTAA-1",4,4
"CTCAGAGCTAATGTCG-1",8,9
"CTCAGATTGTGATAAG-1",5,9
"CTCAGGACTCACCTGT-1",6,6
"CTCAGTCACGACAAAT-1",4,4
"CTCATAAATGTGTATA-1",1,1
"CTCATCACTTAGTGAT-1",3,10
"CTCATGGCTCACAATC-1",9,13
"CTCATGGTAATTTGCG-1",4,4
"CTCATTCGTGAACATC-1",5,9
"CTCATTGCTCTAACAA-1",7,13
"CTCATTTGATGGGCGG-1",6,15
"CTCCCAATGAGTCGCG-1",8,9
"CTCCCTCCTTTCGATC-1",4,4
"CTCCCTTGTATCAAGG-1",5,3
"CTCCGCCCACATGAGG-1",7,7
"CTCCGGCCTAATATGC-1",6,6
"CTCCGGCTTGTAGACA-1",7,7
"CTCCTAAGTTATGTCT-1",6,6
"CTCCTAGTAATCGTGA-1",5,3
"CTCCTCCAGCTCACAC-1",4,4
"CTCCTGTTCAAGGCAG-1",5,9
"CTCCTTTACGCAAGTC-1",5,3
"CTCGAGACATACGATA-1",8,9
"CTCGAGATCCAAAGCA-1",7,7
"CTCGAGGCAAGTTTCA-1",5,9
"CTCGAGGTCGAACAGT-1",6,15
"CTCGATATTTGCGAGC-1",8,9
"CTCGCACCTATATAGT-1",6,15
"CTCGCATTGCATAGCC-1",8,5
"CTCGCCGAATGTAGGG-1",7,7
"CTCGCTAGGTAAGCGA-1",4,16
"CTCGGGATAACACCTA-1",5,9
"CTCGGGTTCTCTGGCC-1",8,9
"CTCGGTACCACTGCTC-1",9,11
"CTCGGTCCGTAGCCTG-1",6,15
"CTCGGTTGTCGGCCCT-1",4,4
"CTCGTCGAGGGCTCAT-1",8,5
"CTCGTCTGTGCCTTCG-1",8,9
"CTCGTGGCACTGAAAG-1",8,9
"CTCGTTACGGCTACCA-1",8,5
"CTCGTTTCTAATGTTT-1",5,3
"CTCTAACACCGGCAGC-1",5,9
"CTCTAATGCATTGATC-1",5,3
"CTCTACACTGGCGATT-1",8,9
"CTCTACATCCTGCGTG-1",4,4
"CTCTAGCCCTCGGAAA-1",4,4
"CTCTATTTGGCTGCAG-1",9,11
"CTCTCACAATCGATGA-1",6,15
"CTCTCGCTGTACTATG-1",5,9
"CTCTCTAACTGCCTAG-1",8,5
"CTCTGCAGGCATTCTT-1",5,3
"CTCTGCGAAGCAAGCA-1",6,6
"CTCTGGACGCCTGGTG-1",6,15
"CTCTGTCCATGCACCA-1",5,9
"CTCTGTTTGAGGATTC-1",7,13
"CTCTTCTATTGACTGG-1",7,7
"CTCTTCTGGAAGTTAG-1",4,4
"CTCTTGTCCCGCTTGG-1",7,7
"CTGAAAGAGATCCGAC-1",9,12
"CTGAATCCGAGACCTC-1",7,7
"CTGAATTTATTGCCAG-1",5,2
"CTGACATAGAAATAGA-1",8,9
"CTGACTGCGCAGCTCG-1",4,4
"CTGAGAAAGTTCGGCG-1",5,9
"CTGAGCAAGTAACAAG-1",9,13
"CTGAGCGAGACTTATT-1",3,10
"CTGATAGTGTATCTCA-1",4,9
"CTGATCCCTTTATGCA-1",5,9
"CTGCAAGCACGTTCCG-1",5,9
"CTGCACAACTACATAT-1",9,11
"CTGCACCTAGTCCACA-1",8,9
"CTGCACCTGGAACCGC-1",6,6
"CTGCACTCCAGTACAG-1",2,2
"CTGCAGAGAATCAGAG-1",4,4
"CTGCAGGTGCTCGGCC-1",7,12
"CTGCCAAGGTTGGAAG-1",7,12
"CTGCCCACGAAGCGTT-1",5,9
"CTGCCTCATATGCAAC-1",5,9
"CTGCCTTTAATACCTT-1",8,9
"CTGCCTTTCTAGTAAA-1",7,7
"CTGCGACCTCGCCGAA-1",4,4
"CTGCGATTTCGAGATT-1",8,9
"CTGCGGGTGAAATGTT-1",4,4
"CTGCGTTACGATATAA-1",8,5
"CTGCTCTGACGGCAAA-1",8,9
"CTGCTGAGGCCACGAA-1",4,4
"CTGCTGTCTAACGAGC-1",5,9
"CTGCTTGGCGATAGCT-1",9,13
"CTGCTTTATGTCCGCG-1",5,2
"CTGGAAATGGATGCTT-1",6,15
"CTGGAAGACACGGTGG-1",7,7
"CTGGACGCAGTCCGGC-1",8,5
"CTGGATTTACACTTGA-1",9,13
"CTGGCATCCGAATGAG-1",4,4
"CTGGCGACATAAGTCC-1",4,4
"CTGGCGATTTACATGT-1",5,3
"CTGGCGCACAGGTCTG-1",7,7
"CTGGCGGGAATAAGTA-1",7,13
"CTGGCTGATTCATCCT-1",7,7
"CTGGCTGGTTGTCAGT-1",7,7
"CTGGGATAAATAATGG-1",7,13
"CTGGGATACGCTACCC-1",8,9
"CTGGGCCTGCTATATC-1",7,12
"CTGGGCTACTGGAGAG-1",1,1
"CTGGGTAGGCAGTTAA-1",9,11
"CTGGGTTGAGTTAAAG-1",8,5
"CTGGTAAAGACTTACA-1",5,3
"CTGGTAAAGTGTGGGC-1",5,9
"CTGGTAACACATAGAA-1",7,13
"CTGGTAACGAGCTCTT-1",4,4
"CTGGTCATTCCAATCC-1",8,9
"CTGGTGAATGGGCCTA-1",8,3
"CTGGTTCGCGAGCTAC-1",5,8
"CTGGTTTCGAGCAAGA-1",7,7
"CTGTAGCCATCTCACT-1",7,7
"CTGTAGTGAGGATCGA-1",8,5
"CTGTATGGTGTAGAAA-1",9,13
"CTGTCAAATGGCTCGG-1",7,7
"CTGTCACGCCAGGCGC-1",5,3
"CTGTCTGTGGCTGGCT-1",7,9
"CTGTGGTCGGGAGATA-1",7,7
"CTGTTACCCAATCTAG-1",9,11
"CTGTTCACTGCCTGTG-1",6,15
"CTGTTCATCTCACGGG-1",9,13
"CTGTTGGCTCTTCTGA-1",5,9
"CTGTTGTTCAGTCGTA-1",8,9
"CTTAAATAAGACCCAT-1",7,9
"CTTAACTTACAGTATA-1",5,8
"CTTAACTTCGAAGTAC-1",9,13
"CTTAAGCAGCGAGCCG-1",3,8
"CTTAATCGACTTAGTA-1",8,9
"CTTACACGGTATTCCA-1",9,15
"CTTACACTGGGAAATA-1",6,6
"CTTACATAGATTTCTT-1",8,9
"CTTAGATGTTTCATCC-1",8,9
"CTTAGCCCGGATAGTG-1",5,9
"CTTAGCCTTCCACATG-1",7,7
"CTTAGGTATAGACCAG-1",8,5
"CTTAGTAGGCCTACAG-1",4,4
"CTTAGTGTAGTAGCAT-1",7,4
"CTTAGTTGAGGAATCG-1",8,10
"CTTATAGATGGCTGTT-1",5,10
"CTTATGCGCTCAGGGC-1",8,9
"CTTATGTTGACTACCA-1",6,6
"CTTCAACTCCACTTGG-1",7,13
"CTTCACGCCCTGGTAC-1",5,3
"CTTCAGTGGTCGCCTA-1",8,5
"CTTCAGTTGGACAACG-1",1,1
"CTTCATAGCTCAAGAA-1",6,15
"CTTCATCACCAGGGCT-1",5,9
"CTTCATTGTCAGTGGA-1",6,15
"CTTCCGCTCCGTGAAG-1",7,7
"CTTCGATTGCGCAAGC-1",4,4
"CTTCGGCCAATTGTTT-1",4,4
"CTTCGTAGATAGGTGA-1",7,7
"CTTCTATGTTGAAGTA-1",4,4
"CTTCTATTAATGCTAG-1",7,7
"CTTCTGGGCGTACCTA-1",8,10
"CTTCTTACGTCGTATA-1",6,6
"CTTGAGGTTATCCCGA-1",6,6
"CTTGAGTTAGGGTAAT-1",7,7
"CTTGATGACCATCCAG-1",5,9
"CTTGCAACCGCCTCCT-1",4,4
"CTTGCCCACCCACGCA-1",2,2
"CTTGCCCAGGCTCTAC-1",9,13
"CTTGGCCAAGCTGGGA-1",7,7
"CTTGTACTTGTTGACT-1",6,15
"CTTGTCAACATTCGAG-1",9,13
"CTTGTGAGGACAGCGG-1",7,13
"CTTGTGAGTCTTTGAC-1",6,6
"CTTGTGCTCACCGATT-1",4,4
"CTTGTTGCTGAGTCAA-1",9,13
"CTTGTTTATGTAGCCA-1",9,13
"CTTTAACTTTCAAAGG-1",6,15
"CTTTAATATTGGTCGA-1",9,13
"CTTTACCGAATAGTAG-1",7,7
"CTTTAGGAACACTGTT-1",9,13
"CTTTAGTGCTATTATT-1",9,11
"CTTTATCCGACGCATG-1",8,9
"CTTTCTGTGCGGGCTT-1",7,13
"CTTTGACGTCGCTTCT-1",5,9
"CTTTGCATCGCTCTTG-1",7,4
"CTTTGCTGTCATGGAT-1",5,9
"CTTTGGCGCTTTATAC-1",4,9
"CTTTGGCTTTAGTAAA-1",7,7
"CTTTGGGATTGTTGCA-1",4,4
"CTTTGTCGAATGCTCC-1",8,5
"GAAACAGATGACCACC-1",7,13
"GAAACAGCCATGCAGT-1",6,6
"GAAACATAGGAAACAG-1",8,5
"GAAACCATGGTGCGCT-1",5,12
"GAAACCGAATTACCTT-1",9,13
"GAAACCTATACAAATG-1",7,7
"GAAACTCGTGCGATGC-1",7,4
"GAAACTCTAATGAAGG-1",7,7
"GAAAGAACAGCGTTAT-1",4,4
"GAAAGCAGTGCACTTT-1",7,7
"GAAAGCCCTTTGGACC-1",4,4
"GAAAGTGACTAACTGC-1",7,13
"GAAATACTAAACGTTT-1",7,13
"GAAATATCACCATCAG-1",4,4
"GAAATATGCTTGAATG-1",5,3
"GAAATCGCGCGCAACT-1",9,13
"GAAATCTGACCAAGTT-1",5,3
"GAAATGGCGGTGTTAG-1",6,15
"GAAATGGGATGTAAAC-1",7,12
"GAAATTAGCACGGATA-1",8,9
"GAAATTCACATCGCTG-1",6,6
"GAAATTGTCTCTATAA-1",9,13
"GAACAACTGGGATGAA-1",4,4
"GAACACACATCAACCA-1",6,15
"GAACAGATTACTAAAT-1",7,13
"GAACATTAGTATGTTA-1",3,8
"GAACCCTCTGTGTTCT-1",7,12
"GAACCTCGACCTACAC-1",5,9
"GAACCTTTAACGATCC-1",7,4
"GAACGACCGAATGATA-1",9,15
"GAACGATAAGTTAAAG-1",3,8
"GAACGCGGGTCACACG-1",4,4
"GAACGTCTCATGGTCG-1",7,12
"GAACGTTAGGAAGACG-1",4,9
"GAACTGTGGAGAGACA-1",4,4
"GAACTTGTGCACGGGA-1",3,8
"GAAGAAACGATATTGT-1",4,4
"GAAGAACGGTGCAGGT-1",6,6
"GAAGCCACTGATTATG-1",4,4
"GAAGCCGGGTAAGCTC-1",5,9
"GAAGCCTGCACATTCC-1",7,7
"GAAGCGTGAGGAATTT-1",6,15
"GAAGCTCGGACCCGTC-1",8,5
"GAAGCTCTTTGCTTAG-1",5,9
"GAAGCTTGCTGACCGC-1",7,7
"GAAGGAGTCGAGTGCG-1",4,4
"GAAGGCTACCATTGTT-1",5,3
"GAAGGGCATAACCATG-1",7,12
"GAAGGGTCATTAAGAC-1",8,9
"GAAGTCAGTTGCACTA-1",7,12
"GAAGTCTCCCTAGCGA-1",7,7
"GAAGTGATTTATCGTG-1",9,13
"GAAGTGCTGGATAGCT-1",6,15
"GAAGTTTCCACTCAAT-1",7,7
"GAATAGACGCGACCCA-1",7,7
"GAATAGCATTTAGGGT-1",8,9
"GAATAGCCCTGCGGTC-1",5,3
"GAATAGTGCTCGATTA-1",4,4
"GAATATTCGGAGTCCC-1",4,16
"GAATCGACATGGTCAC-1",9,11
"GAATCGCCGGACACGG-1",6,6
"GAATGAAGGTCTTCAG-1",3,8
"GAATGCCGAAATGACC-1",7,12
"GAATGCGAATCGGTTC-1",7,7
"GAATGGGCTTATCGAC-1",5,9
"GAATGTATGGCAGGTC-1",8,5
"GAATGTGGTCCGGATT-1",9,13
"GAATGTTGGGTAATCT-1",9,13
"GAATTATAGTGAAAGG-1",6,15
"GAATTCACCCGGGTGT-1",9,13
"GAATTTCTCGCTGCAG-1",9,13
"GACAAACATATGCAGG-1",7,7
"GACAACGACCATTGAA-1",7,7
"GACAACGCAGCTTACG-1",6,15
"GACAAGAGATGAGATT-1",8,9
"GACACAAGGGAAGAAA-1",9,13
"GACACAGCCGGGACTG-1",5,3
"GACACCCAAAGACGCG-1",5,7
"GACACGAGTTAGAGGA-1",7,12
"GACACTGAGTTCAGTG-1",7,7
"GACACTGGAACCCGAT-1",4,4
"GACACTTCCAATTACC-1",5,3
"GACAGAGGTCTTCAGT-1",8,9
"GACAGATTTCTGGCTC-1",8,9
"GACAGCCAGACCTGAC-1",9,13
"GACAGGCACACACTAT-1",4,4
"GACATACTGTCGCAGA-1",7,9
"GACATCCGTCGAACTG-1",4,4
"GACATCGATTTATAAC-1",7,7
"GACATTTCGCCCAGCC-1",5,3
"GACCAAACGTTGACTG-1",4,4
"GACCACACTTCCCTTT-1",8,9
"GACCAGAGCCCTGTAG-1",6,15
"GACCCAATTATGATAC-1",8,5
"GACCGACGTGAAAGCA-1",8,9
"GACCGACTGAAGCGTC-1",4,4
"GACCGATTAAATATGT-1",5,3
"GACCGCGTCTGACGTG-1",4,4
"GACCGGTGATACTCTC-1",3,3
"GACCGTCAGGTCGTGA-1",4,16
"GACCGTGCTGACGGTG-1",9,13
"GACCGTTACATGCGAC-1",5,9
"GACCTGGTCTGGGCGT-1",5,9
"GACCTTCCACGTCTAC-1",4,4
"GACGACGATCCGCGTT-1",9,13
"GACGAGGCTAATAAAC-1",4,4
"GACGATATCACTGGGT-1",5,9
"GACGCATACCCGTCGG-1",8,5
"GACGCCGTAAAGGCTA-1",7,7
"GACGCCTGTTGCAGGG-1",6,6
"GACGCTTGCTTCTAAA-1",7,7
"GACGGGCATCGAATTT-1",1,1
"GACGGGTTGGCCCGTA-1",7,7
"GACGGTCAATAGAAGC-1",4,4
"GACGGTCCTAGGGTGT-1",5,10
"GACGTGAGACTCCATG-1",6,6
"GACGTTCGTAAATACA-1",5,3
"GACGTTGCTCGGCGGC-1",5,3
"GACTAAGATCATGCAC-1",6,15
"GACTAAGTAGGCTCAC-1",9,11
"GACTACAAAGCGGTGG-1",8,9
"GACTAGGCCGTTAGGT-1",4,4
"GACTCACCCACGTGAG-1",4,4
"GACTCCCAGAATAAGG-1",5,9
"GACTCCTTCCAATTGA-1",8,5
"GACTCGCGGGAATGAC-1",7,7
"GACTCTAGAGTTCCAA-1",8,9
"GACTGCAAATCGAGCT-1",7,13
"GACTGCACCAGCCCAG-1",9,13
"GACTGCGGCACGTGTA-1",7,9
"GACTGCTGGTGAGAAA-1",4,4
"GACTTCAACGCATCAA-1",8,5
"GACTTTCGAGCGGTTC-1",8,9
"GAGAACGGTTCTGACT-1",5,9
"GAGAATCTCACGATCA-1",5,9
"GAGACCCTGCAACGCC-1",3,8
"GAGACTGATGGGTAGA-1",6,6
"GAGACTTCGCGACCGA-1",7,7
"GAGAGCGCAGTCCCTG-1",5,9
"GAGAGGCCTATGTGTA-1",5,3
"GAGAGGGCGCGAGGTT-1",7,7
"GAGAGGTGCATTCTGG-1",4,4
"GAGAGTCTCGGGAGAG-1",8,9
"GAGATCGATCTTACTC-1",5,3
"GAGATCTGTCACTCCG-1",9,13
"GAGATCTTCCATGACA-1",9,15
"GAGATGACAATCCTTA-1",5,3
"GAGATGGCTTTAATCA-1",8,16
"GAGATGGGAGTCGACA-1",9,13
"GAGCACCTGTGTCCAG-1",7,12
"GAGCACGGCGCCTCTT-1",5,9
"GAGCATCAACAACTTG-1",8,9
"GAGCATCATCCCTGGG-1",6,6
"GAGCCAGCTACCTGTG-1",7,7
"GAGCCGAGCGTTTATT-1",5,3
"GAGCGAGGGAGTACCG-1",6,6
"GAGCGCAAATACTCCG-1",4,4
"GAGCGCGCACGAGTAG-1",7,7
"GAGCGCTGTTAGGTAA-1",8,4
"GAGCGGAATGCGGTGT-1",8,5
"GAGCTAAGGGCATATC-1",7,7
"GAGCTCAACATGAGCG-1",8,9
"GAGCTCTCGGACCTAA-1",6,15
"GAGCTGTCGTCTCGGA-1",5,9
"GAGGAATATCTCTTTG-1",8,5
"GAGGAATGGAGAGGTT-1",7,13
"GAGGAGATCCTCATGC-1",8,9
"GAGGATAAACAGTGCT-1",8,9
"GAGGCATTTGCAGCAG-1",3,8
"GAGGCCCGACTCCGCA-1",8,5
"GAGGCCTGTTGATACA-1",8,9
"GAGGCTATCAAAGTCG-1",7,4
"GAGGGAGTCAGATCGC-1",4,4
"GAGGGCATCGCGTATC-1",6,6
"GAGGGCCATAATATTA-1",5,3
"GAGGGCGCAGCTCTGC-1",7,4
"GAGGGTAGTAACAAAG-1",4,4
"GAGGTACATCCATCTT-1",7,12
"GAGGTACGCGTGTCCC-1",4,4
"GAGGTCCCAAAGATCT-1",9,13
"GAGGTCCGTTCGCTGT-1",7,7
"GAGTAAACCGGAAAGT-1",8,9
"GAGTAAGGCCACGGGA-1",8,9
"GAGTACGGGTATACAA-1",6,15
"GAGTAGATACTAGTTG-1",7,7
"GAGTATACCCTAATCA-1",8,9
"GAGTATCAAAGTTACA-1",5,8
"GAGTATGCCCGCCTTG-1",7,7
"GAGTATGCGCGTGCAT-1",7,7
"GAGTCAGACCAGAATC-1",7,7
"GAGTCCACCAGGTTTA-1",5,8
"GAGTCCGCTTACCGGA-1",9,13
"GAGTCGACAGACCCTC-1",7,9
"GAGTCTTGTAAAGGAC-1",8,9
"GAGTGTCAACCAGAAA-1",7,4
"GAGTGTGCGGTACCCA-1",7,7
"GAGTTCTGTGGGTGCT-1",8,5
"GAGTTGATGGCAATTT-1",8,9
"GAGTTGTCACCAGTCT-1",8,3
"GATAAATCGGTGGATG-1",6,15
"GATAACTCGCACTGTG-1",7,7
"GATAAGGCAGATGCAA-1",6,6
"GATACGATGGGAGTCA-1",7,7
"GATAGAACCCGCTAGG-1",4,4
"GATAGATAGTACAGTC-1",5,3
"GATAGCGTACCACGCG-1",5,9
"GATAGGATTAATTACA-1",5,10
"GATAGGTAACGTTGAC-1",9,11
"GATAGGTGTCCCGGGC-1",4,9
"GATAGTGCGAGTAAGT-1",8,5
"GATATCAAGCAGGAGC-1",8,9
"GATATCAGTATGTATC-1",7,9
"GATATCTCATGCAATA-1",6,6
"GATATGAGACACTAAC-1",9,13
"GATATGCGGTAGCCAA-1",7,12
"GATATGGATTACGCGG-1",7,9
"GATATTGAGATTGGCG-1",4,4
"GATATTTCCTACATGG-1",4,5
"GATCAACATAAAGGGA-1",4,4
"GATCATTCCAAACATT-1",6,15
"GATCCAACCTTTAAAC-1",5,3
"GATCCCTTTATACTGC-1",6,15
"GATCCGAATATAAGTG-1",5,9
"GATCCGGGAATTAACA-1",6,15
"GATCCTAAATCGGGAC-1",4,4
"GATCCTCGACACTGGC-1",4,4
"GATCGACACTATCTGA-1",6,15
"GATCGCTACCCGATTT-1",7,4
"GATCGCTATATCTCAG-1",8,9
"GATCGCTGTGGTGCGT-1",5,3
"GATCGGATAGAACCAT-1",8,9
"GATCGGCGATAAGTCG-1",7,7
"GATCGGTGGCCATAAC-1",6,15
"GATCGTGACTGATATC-1",6,15
"GATCTAACCGTATTCA-1",8,9
"GATCTCGACGCTGTGG-1",5,9
"GATCTGCTATCTAAGG-1",4,4
"GATCTTCATTGTCCTC-1",5,9
"GATCTTGGAGGGCATA-1",9,11
"GATCTTTGCAGGGTAT-1",7,7
"GATCTTTGCTCAAAGA-1",3,8
"GATGACAAGTAGGGCA-1",4,4
"GATGACGATGATCGCG-1",5,3
"GATGAGGAACCTTCGG-1",4,4
"GATGCCAGCAGAAGGC-1",7,12
"GATGCCTTCTGCGGCA-1",8,5
"GATGCGAATGGTATTA-1",5,9
"GATGCTACAAGCGCCT-1",6,15
"GATGCTACCTTCGATG-1",4,4
"GATGCTGTATTTCATC-1",9,11
"GATGGCGCACACATTA-1",9,13
"GATGTAACGAACCACC-1",4,4
"GATGTTCAATCCACGA-1",7,7
"GATGTTTGTGCGAGAT-1",9,13
"GATTAACCGAAAGCCC-1",7,7
"GATTACTGAATTTGGG-1",7,13
"GATTAGAAACAAGCGT-1",5,9
"GATTATCTTGCATTAT-1",5,9
"GATTCCCTTGTCGCAG-1",6,15
"GATTCCGCGTTTCCGT-1",7,7
"GATTCCTATACGGCGC-1",7,7
"GATTCTGTTAATGAGT-1",8,9
"GATTGCTCCAGTTGCA-1",8,9
"GATTGGGAAAGGTTGT-1",4,4
"GATTTGCGCTAACACC-1",8,9
"GCAAACCCTACATTAT-1",9,13
"GCAAACCTTGGCCATA-1",7,7
"GCAAACGTAAGCGACC-1",5,3
"GCAAACGTCGCCAGGT-1",8,9
"GCAAAGGGCGTTAGCC-1",8,9
"GCAAATATTACGCTTT-1",7,7
"GCAAATGAGGACACTT-1",5,9
"GCAACACACTAGAACT-1",8,9
"GCAACAGCAGTATGCG-1",4,4
"GCAACCACCAGACCGG-1",8,12
"GCAACCACGGCCGCGT-1",7,12
"GCAACCCAAGTTGTTT-1",5,9
"GCAACGGCTAGTTATG-1",8,9
"GCAAGAATTCCTTGGC-1",7,4
"GCAAGATGTGTTCGCG-1",5,3
"GCAAGCTGGAAACCGC-1",8,9
"GCAAGTGTAAAGCATG-1",4,4
"GCAATTAGTCGCACCG-1",4,4
"GCACAAACCCTAGATG-1",8,13
"GCACAAACGAGGCGTG-1",7,12
"GCACAACCTCGGGCGT-1",8,5
"GCACAAGTGGATCATA-1",5,9
"GCACACACTGGTAGCC-1",7,7
"GCACACAGCTATTACC-1",8,9
"GCACACGCCCATGGTC-1",7,9
"GCACAGCACGGGCCGA-1",8,9
"GCACCTAGGCGAGTCC-1",5,2
"GCACGCCGATTCCCGC-1",8,9
"GCACGCCTACTTAGAT-1",4,4
"GCACGTGGTTTACTTA-1",8,9
"GCACTAGTCGCGCTAT-1",6,15
"GCACTGCCTACCTTTA-1",4,4
"GCACTGTGCAAATGTA-1",6,6
"GCAGAAGGTAATCTCC-1",5,9
"GCAGACCCAGCACGTA-1",4,4
"GCAGATCCATAAGACT-1",7,7
"GCAGATCCTCGCAAAT-1",8,9
"GCAGATTAGGGATATC-1",6,15
"GCAGCACACAGCCCAG-1",7,7
"GCAGCCTATATCACAT-1",8,9
"GCAGCTATGGACAGGT-1",3,3
"GCAGCTGTCAACGCAT-1",8,9
"GCAGGAACTTAGATCT-1",8,5
"GCAGGACTATAGAATA-1",7,7
"GCAGGTAGAGTATGGT-1",8,5
"GCAGTGCGGGCGGATG-1",5,10
"GCAGTGTGGCTATAGG-1",7,12
"GCAGTTCGATCCGAGC-1",5,9
"GCATACGAGGTCTTTA-1",8,9
"GCATAGAGCACTCAGG-1",6,15
"GCATCCCTAACTTTGA-1",6,6
"GCATGAGGGACGCGGC-1",7,12
"GCATGCTAATAACGAT-1",8,9
"GCATGGGTACTGACGC-1",5,9
"GCATTCAAGGCAACGC-1",8,9
"GCATTCGAAATGAACA-1",7,9
"GCATTGACTTGCGGAA-1",8,9
"GCATTGTAATTCATAT-1",4,9
"GCATTTCCAAGGCTCC-1",8,9
"GCCAACCATTTCCGGA-1",8,12
"GCCAAGAATACTTCTG-1",8,9
"GCCAATAGGGCATCTC-1",8,5
"GCCACAATTTAAGGAC-1",7,12
"GCCACCTTATTCGCGA-1",5,3
"GCCACTCAGAGCGCGA-1",7,4
"GCCACTCCTTACGGTA-1",5,10
"GCCAGGAAAGAACACT-1",5,9
"GCCAGGAGTAACCGAT-1",4,4
"GCCAGGCTTAGTGGTA-1",5,9
"GCCATATTGCACACAG-1",4,4
"GCCATCGAGCTGCGTG-1",7,7
"GCCATCGATGCTGCAT-1",8,9
"GCCATTAGCCTCAAAC-1",8,9
"GCCCACCAAGGCTGTC-1",6,6
"GCCCAGATGCTGGAGA-1",8,9
"GCCCAGTTGGTATGCC-1",6,15
"GCCCGACTTCTTCCCG-1",4,4
"GCCCGAGAGTCTAAAT-1",8,5
"GCCCGATCTGTGGTCG-1",7,13
"GCCCGATGCCCAGTTC-1",3,3
"GCCCGCGCGTAAACGG-1",7,7
"GCCCGCGCGTTTGACA-1",6,6
"GCCCGTAATACCTTCT-1",7,7
"GCCCGTTCACACAATT-1",7,7
"GCCCTAAGTGCAGGAT-1",8,9
"GCCCTAGCCGTCGCGA-1",8,5
"GCCCTGAGGATGGGCT-1",4,4
"GCCGAAATTCCTACGT-1",9,13
"GCCGACCCACGACTGC-1",4,4
"GCCGCACTCCGTTTCA-1",5,9
"GCCGCATTAGTCCGGC-1",7,9
"GCCGCTTGTGAGAAAC-1",7,13
"GCCGGTCGTATCTCTC-1",4,4
"GCCGTCGGTTTCGGGC-1",8,5
"GCCGTGGAAGAAATGT-1",8,9
"GCCTACGTTCTGTGCA-1",4,4
"GCCTAGCGATCTGACC-1",6,15
"GCCTATAGTGTCAGGG-1",7,12
"GCCTATGCTGGGCCTT-1",5,3
"GCCTATTCCGATATAG-1",7,7
"GCCTCAGGTACCGGTC-1",3,8
"GCCTCATCTGGAAATA-1",7,12
"GCCTCCGACAATTCAC-1",4,4
"GCCTCTATACATAGCA-1",7,7
"GCCTGTCCCGGTGCAT-1",8,9
"GCCTTCAGCCCTACCG-1",6,6
"GCCTTGTATATGCAGT-1",7,7
"GCCTTTGTCAGTGGAC-1",8,5
"GCGAAACGATCGGGAG-1",4,4
"GCGAAACTTAACTGGA-1",9,13
"GCGAAGAATCTGACGG-1",4,4
"GCGAAGCCATACCCGT-1",6,15
"GCGAATGGACTAGCGA-1",8,9
"GCGACATGTAAACATC-1",4,4
"GCGACCCAACCATCTG-1",4,4
"GCGACGATAGTTGTAC-1",9,13
"GCGACGGTAGTCTCCT-1",8,9
"GCGAGAAACGGGAGTT-1",7,7
"GCGAGAGGCCATGTAA-1",5,3
"GCGAGAGTTGCGTCCA-1",8,9
"GCGAGCGCATGCTCCC-1",4,4
"GCGAGGCCCGAGCAGA-1",9,13
"GCGAGTTCTGCAAAGA-1",6,15
"GCGATGTCTGTGCTTG-1",5,9
"GCGATTGTTAACGTTA-1",9,13
"GCGCAAATATATTCAA-1",8,5
"GCGCAAGAGCGCGCTG-1",4,13
"GCGCATCCAGTCAGCA-1",4,4
"GCGCCTCCCACTCCGA-1",4,4
"GCGCGGTCTAGTAACT-1",4,4
"GCGCGTCATTGGTACA-1",7,7
"GCGCTAATTGAATAGA-1",6,15
"GCGCTATGCCGAGGCA-1",7,7
"GCGCTCGATCACCTGT-1",2,14
"GCGCTGATCCAGACTC-1",4,4
"GCGCTGCTTTGCATTT-1",4,12
"GCGCTGGCGGAAAGTC-1",7,9
"GCGCTTAAATAATTGG-1",7,7
"GCGGACCGCGTTGTGG-1",7,7
"GCGGAGAAACTTCGCA-1",4,4
"GCGGAGAGGGAGAACG-1",9,15
"GCGGATTACTTGTTCT-1",3,8
"GCGGCAAAGTATTGCC-1",8,5
"GCGGCTCTGACGTACC-1",7,7
"GCGGCTTTAGCAAGTT-1",8,7
"GCGGGAACCAGGCCCT-1",6,6
"GCGGGCAGACGGGTGA-1",8,9
"GCGGGCATTACGATGC-1",8,9
"GCGGGCGAGCCTTACC-1",7,7
"GCGGTAACCCAAATGA-1",6,6
"GCGGTCCCGGTGAAGG-1",3,8
"GCGGTCCCTAGACGCA-1",6,15
"GCGGTCTTGCTTTCAC-1",8,9
"GCGGTGAACTGCGCTC-1",8,9
"GCGGTGCGGAGCATCG-1",5,9
"GCGGTTCCCTATCATG-1",7,7
"GCGTAAATGGCCATAA-1",4,4
"GCGTCCCTAAGACATA-1",4,4
"GCGTCGAAATGTCGGT-1",9,13
"GCGTCGCCAGGGTGAT-1",7,12
"GCGTCGTAACATGGTC-1",8,9
"GCGTCTCTGCATTGGG-1",7,7
"GCGTGGTACTGGGTTA-1",7,12
"GCGTTATATTTGGAAC-1",8,9
"GCGTTCGGAGACCGGG-1",5,3
"GCTAAACCTGAGGTGA-1",7,7
"GCTAACTGAAGTCTGA-1",7,7
"GCTAAGCCCAGTATGC-1",3,8
"GCTAAGTAAAGGCGAT-1",7,9
"GCTAAGTAGTTTCTCT-1",9,13
"GCTAATACCGAATGCC-1",6,15
"GCTACAATCGAGGATA-1",8,9
"GCTACAGTACGGACCG-1",8,9
"GCTACTATAGTAGAGT-1",7,7
"GCTACTCGGACGCAGA-1",3,3
"GCTAGACCGTCTACTG-1",4,4
"GCTAGAGTAGAGATGT-1",4,4
"GCTAGCAACGCACCTA-1",5,3
"GCTAGCACCTGGGCCA-1",8,9
"GCTAGCAGGGAGTGGG-1",5,3
"GCTAGCGATAGGTCTT-1",8,9
"GCTAGCTTGAATAGCT-1",7,7
"GCTAGGCACCACGGAG-1",7,7
"GCTAGTTTCATTGAGG-1",6,15
"GCTATAAGGGCCAGGA-1",3,8
"GCTATACGTCTCGGAC-1",7,7
"GCTATCATACTCATGG-1",9,13
"GCTATCGCGGCGCAAC-1",7,12
"GCTATGCCAGCTTATG-1",5,9
"GCTCAACCTCTTAGAG-1",5,9
"GCTCAATCCGTTTATT-1",4,13
"GCTCAATGTAATACCG-1",4,4
"GCTCATTACTGCATGT-1",8,5
"GCTCATTGATCATATC-1",8,9
"GCTCCATGCAAAGCAA-1",4,4
"GCTCCCAGTCGGTCCA-1",4,4
"GCTCCGCTCGCTTCAG-1",4,9
"GCTCCTGACATACTGG-1",4,4
"GCTCGCGGTTCCGCTC-1",8,9
"GCTCGCTCATGTCCAA-1",7,7
"GCTCGGAATTTAAAGC-1",7,4
"GCTCTATGTTACGTGC-1",9,11
"GCTCTCGGGTACCGAA-1",6,15
"GCTCTTTCCGCTAGTG-1",4,4
"GCTGAACTCTCCAGGG-1",8,9
"GCTGAAGGGTTCTTGG-1",5,3
"GCTGAATCTTCCAATC-1",8,5
"GCTGAGCAACGGTTCT-1",5,9
"GCTGCGAAGAATTATT-1",5,9
"GCTGCGCCTCCCACGT-1",5,9
"GCTGCTAAGTAGTCGA-1",7,7
"GCTGCTACTGCGTAGC-1",9,11
"GCTGCTCTCCGGACAC-1",6,15
"GCTGGACCCAAAGTGG-1",5,3
"GCTGGCAGGTGCCGTG-1",5,9
"GCTGGCATATTCACCT-1",7,7
"GCTGGCGGCGCATGCT-1",7,13
"GCTGGGAGCGCGTCAA-1",5,9
"GCTGGTGACTCGTAGT-1",3,8
"GCTGGTTTAGGCCATA-1",8,5
"GCTGTATTACTGGCCC-1",7,7
"GCTGTTGCTACCGAAC-1",7,7
"GCTTAATGTAACTAAC-1",9,13
"GCTTACGTAGTTAGTA-1",8,9
"GCTTAGGGAAGCGGTA-1",3,8
"GCTTATGAAGCAGGAA-1",7,7
"GCTTCCAGCTTAGATT-1",9,13
"GCTTCCATGTAACCGC-1",5,3
"GCTTCCCGTAAGCTCC-1",5,3
"GCTTCCGTCCCTAGAC-1",7,7
"GCTTCGACGTTCAATC-1",5,3
"GCTTGAGTGACCTCTG-1",3,8
"GCTTGATGATAATCAG-1",9,13
"GCTTGCAGCACAATTG-1",5,3
"GCTTGGATCGATTAGG-1",4,4
"GCTTTACACAACTGGG-1",5,8
"GCTTTATTAAGTTACC-1",8,9
"GCTTTCAGAGGAGGTG-1",4,4
"GGAAACAGAGCTTGGG-1",5,3
"GGAAACCTTGTTGAAT-1",5,3
"GGAAACTAAATGGGCC-1",4,4
"GGAAAGGGAATTGAGC-1",8,9
"GGAAAGTCTTGATTGT-1",5,9
"GGAAAGTGCCCATGCC-1",4,4
"GGAACCCGAACAAGAA-1",5,9
"GGAACCGTGTAAATTG-1",7,7
"GGAACCTTGACTCTGC-1",8,5
"GGAACGGCCTGCAGCC-1",8,9
"GGAACTCGTGAATACG-1",7,7
"GGAACTTTGGCGATTA-1",5,10
"GGAAGCTCGCTTACAG-1",4,16
"GGAAGGACACCGTATA-1",8,9
"GGAATGCGCTAGCGTG-1",7,12
"GGACAACCATGAAGCC-1",5,3
"GGACAAGTTGCAGTGA-1",7,9
"GGACACAAGTTTACAC-1",4,4
"GGACACCTCGGTGTTG-1",8,9
"GGACCAACAGGATAAC-1",9,13
"GGACCTACGGTAACGT-1",5,3
"GGACCTCTAGGCCGCC-1",4,4
"GGACGGGCGACCAACC-1",5,3
"GGACGTCCATAGTTGG-1",3,3
"GGACTAAGTCAGGAGT-1",5,9
"GGACTCACAAATTAGG-1",5,9
"GGACTCGACAGCGCAT-1",8,9
"GGACTCGTGAGTGGTC-1",4,4
"GGACTCTTCCGGTTGA-1",5,10
"GGACTCTTTGACTAAG-1",8,9
"GGAGAAGTCATTGGCA-1",6,15
"GGAGACATTCACGGGC-1",7,12
"GGAGACCAATGTGCTT-1",5,3
"GGAGACCATCTACATA-1",8,9
"GGAGCAACATTTCAAG-1",4,4
"GGAGCACCAAGAACTA-1",7,7
"GGAGCGAGGCCTACTT-1",4,4
"GGAGGCCGAAGTCGTC-1",8,9
"GGAGGGTCAAGTAAGA-1",5,9
"GGAGTACACATGAGCT-1",5,3
"GGAGTGCCGCCCTGGA-1",6,15
"GGAGTTGATTCTGTGT-1",3,8
"GGATACTCATGAATTG-1",6,6
"GGATCAGAGCCATCAG-1",5,9
"GGATCATCCCGTACGC-1",5,3
"GGATCCCTACCAGCTA-1",7,12
"GGATCCGGAATATACT-1",9,13
"GGATCTACCGTTCGTC-1",5,9
"GGATCTTACTGCCCTT-1",4,4
"GGATCTTGACTCAACC-1",4,4
"GGATGAAGATCGCTGA-1",7,7
"GGATGACGCGAGTTTA-1",7,7
"GGATGCTGGCGTTCCT-1",4,9
"GGATGGCTTGAAGTAT-1",8,9
"GGATGTCCTTACCGCA-1",7,7
"GGATTAATCATGGACC-1",8,9
"GGATTCAGTACGGTGG-1",6,15
"GGATTCCGCTATACCC-1",7,4
"GGATTGAAGTAGCCTC-1",5,3
"GGATTGCTGTGACTCC-1",7,12
"GGATTTCACTTCTATA-1",7,12
"GGCAAAGGCGCCAATA-1",4,4
"GGCAAGCCAGGGATAG-1",3,8
"GGCAAGCCCATAGTGG-1",4,4
"GGCAATAGTCAATGAG-1",6,15
"GGCACGCTGCTACAGT-1",5,8
"GGCACTCAGCCGACCC-1",5,10
"GGCACTCCACTGGGCA-1",9,11
"GGCACTGCGGTGGTTT-1",1,1
"GGCAGAGAGATCGGGA-1",5,9
"GGCAGCAAACCTATGC-1",4,4
"GGCAGCGGTAATCCTA-1",5,3
"GGCATACAGGTAGCGG-1",7,13
"GGCATATCGGTTCTGC-1",4,4
"GGCATTCCCTCCCTCG-1",3,8
"GGCATTGAACATCTCA-1",8,9
"GGCCAATTGTATAGAC-1",5,3
"GGCCACACGAAAGCCT-1",5,9
"GGCCCAGCTGGTTTGC-1",4,16
"GGCCCAGTTATCAGCA-1",3,8
"GGCCCGGAGCATGTCT-1",8,9
"GGCCCGTATACCATGC-1",1,1
"GGCCCTCACCCACTTA-1",4,4
"GGCCGAGACTCTGGTG-1",4,4
"GGCCGCAGGAACCGCA-1",5,3
"GGCCGGCGTCTGCTAT-1",4,4
"GGCCGTTTGGGTTTCA-1",7,7
"GGCCTGCTCTGATGTT-1",4,4
"GGCCTGCTTCTCCCGA-1",5,9
"GGCCTTTGCAACTGGC-1",5,9
"GGCGAAATCTAACTTG-1",7,13
"GGCGAGCGAAACGGCA-1",8,5
"GGCGCACAGTTTACCT-1",3,8
"GGCGCAGGACATCTTC-1",7,4
"GGCGCATGAATTGATG-1",9,10
"GGCGCGGAGATCTTTC-1",7,7
"GGCGCGTTCGAGTTTA-1",9,11
"GGCGCTCCTCATCAAT-1",7,7
"GGCGCTTCATTCCCTG-1",4,4
"GGCGGAGTAATATTAG-1",6,15
"GGCGGTAGGATCATTG-1",6,15
"GGCGGTTTGCCGGTGC-1",7,12
"GGCGTAGGGAAAGCTG-1",4,4
"GGCGTCCTATCCGCTG-1",7,7
"GGCTAAAGGGCGGGTC-1",8,5
"GGCTAATGATTGAAAT-1",3,8
"GGCTACTATACACTCC-1",4,4
"GGCTATTAAGTTGTAT-1",7,7
"GGCTCCTCCACCTGTT-1",4,4
"GGCTCGCGTTGAGGTA-1",7,12
"GGCTCGTGCCACCAGC-1",6,15
"GGCTCTGCTCCAACGC-1",9,11
"GGCTGAAATAGCAAAG-1",9,7
"GGCTGGCAATCCCACG-1",5,9
"GGCTGGCAGCTTTATG-1",7,9
"GGCTGGCTAGCTTAAA-1",6,6
"GGCTGTCCTACTGCGG-1",5,9
"GGCTTCTCGTGGGTGG-1",8,9
"GGCTTGGCTCTCACCT-1",5,9
"GGCTTTCAATAAGGGT-1",7,7
"GGGAAAGAATGCCAAC-1",5,3
"GGGAACGGGAGGTTAG-1",7,7
"GGGAACGGTTTCAGAT-1",4,4
"GGGAAGACGGTCTGTC-1",7,7
"GGGAAGGGCTTTCTCA-1",7,4
"GGGAATGAGCCCTCAC-1",5,3
"GGGAATTCTGTCCAGT-1",5,9
"GGGACAGAGTTACTCC-1",8,5
"GGGACCCGTATATCTT-1",7,7
"GGGACTGCATAGATAG-1",6,15
"GGGAGAACTCACAGTA-1",6,15
"GGGAGCGACCGTAGTG-1",4,4
"GGGAGTAATGGCTGGC-1",6,6
"GGGAGTTAATGAGGCG-1",9,15
"GGGATACGGTAATAAT-1",5,9
"GGGATATTGATCGCCA-1",2,14
"GGGATCCCAATACAAA-1",5,7
"GGGATGGACCCGCGTC-1",5,3
"GGGATGGTCGTAACCG-1",7,7
"GGGATTTACCGCACCT-1",7,7
"GGGCAACCGCACGTGC-1",8,5
"GGGCACGAATTGGCCG-1",5,9
"GGGCACGTAGTACTGT-1",8,5
"GGGCACTATTGACCAT-1",8,5
"GGGCAGACGTCACTGC-1",8,9
"GGGCAGAGCAATCGTT-1",7,7
"GGGCAGGATTTCTGTG-1",8,5
"GGGCAGTCAACGCCAA-1",8,5
"GGGCATGCATGTCGAG-1",8,9
"GGGCCATTCGTGCTGG-1",5,3
"GGGCCCGTCTTAAACA-1",9,13
"GGGCCCTACGAAAGGG-1",8,9
"GGGCCCTTATCTATAC-1",5,9
"GGGCCGGCCGAAGTAC-1",9,13
"GGGCCTAAATGGGCTA-1",8,9
"GGGCCTATTTAAGTAT-1",3,8
"GGGCGAATTTCTCCAC-1",5,9
"GGGCGATATGTGTGAA-1",6,6
"GGGCGCAGCGTTACTC-1",8,9
"GGGCGGCAAATGAATT-1",7,7
"GGGCGGGTTCCCTACG-1",7,4
"GGGCGGTCCTATTGTC-1",6,6
"GGGCGTACATTTATAT-1",6,15
"GGGCGTCACCACGTAA-1",7,7
"GGGCGTCCACTGGCTC-1",4,4
"GGGCGTGGTTTCCCAG-1",7,7
"GGGCGTTTACATTCAT-1",8,9
"GGGCTACTATTTCGTG-1",8,9
"GGGCTATGATCGATGG-1",7,7
"GGGCTCATCGAACCCA-1",4,4
"GGGCTGCCTAGGGCGA-1",6,15
"GGGCTGGTTAGTCGCG-1",6,6
"GGGTACACTCTGGAGG-1",7,12
"GGGTACCCACGGTCCT-1",6,15
"GGGTACTTCATGAACT-1",7,7
"GGGTATGTATGCACTT-1",9,13
"GGGTATTCTAGCAAAC-1",8,5
"GGGTCAGGAGCTAGAT-1",4,4
"GGGTCATGCGTACCAT-1",4,9
"GGGTCCTTGGAAGAAG-1",5,3
"GGGTCGTGGCAAGTGT-1",5,12
"GGGTCTATCGCTTTCC-1",5,9
"GGGTGACACCTTAACT-1",9,15
"GGGTGCATATGAAAGC-1",8,9
"GGGTGTTTCAGCTATG-1",7,13
"GGGTTAACATTTGAGT-1",7,7
"GGGTTCAGACGAACAA-1",7,7
"GGGTTTAGGATAGGAT-1",4,4
"GGTAAACTCTGCGCTG-1",5,3
"GGTAAATGTGCGTTAC-1",4,16
"GGTAACCGGCAAAGGT-1",7,12
"GGTAACCGGGAGGATA-1",4,4
"GGTAACTATGTATCTG-1",6,15
"GGTACACCAGATTTAT-1",5,2
"GGTACATCTGGGACGA-1",4,9
"GGTACCATTAAGACGG-1",8,9
"GGTACGTTGCGGCCGG-1",5,9
"GGTACTAAGTGCTTTG-1",5,9
"GGTAGAAGACCGCCTG-1",9,13
"GGTAGACCGTTGGGCG-1",7,7
"GGTAGGCCAATATCAC-1",8,9
"GGTAGTGCTCGCACCA-1",6,15
"GGTATAGTGACACATA-1",8,9
"GGTATGAAAGAACTGA-1",5,9
"GGTATTGCCGAGTTTA-1",6,6
"GGTCAAGACTACTTCG-1",4,4
"GGTCAGTGGGTCCCAC-1",9,11
"GGTCATTGTAGTCATA-1",3,8
"GGTCCACGTCTATTTG-1",5,3
"GGTCCTTCATACGACT-1",8,9
"GGTCGGATAAACGGCG-1",8,9
"GGTCGGCCAGGAGCTT-1",7,13
"GGTCGGTAATTAGACA-1",6,6
"GGTCGGTCGTCCACAG-1",7,7
"GGTCGTAAGCTCGCAC-1",8,9
"GGTCTCCAAGTAGTGC-1",5,9
"GGTCTCCGTCCAGGTT-1",4,4
"GGTCTCTGAATGGACT-1",4,4
"GGTCTGAGAATCTGGA-1",7,7
"GGTCTTGAGCGCTCTT-1",4,4
"GGTCTTGGTGTTAACT-1",7,9
"GGTGAAGTACAGGGAT-1",7,7
"GGTGAGATGCAGATAA-1",6,6
"GGTGATAAGGAGCAGT-1",9,13
"GGTGATGAAGGAAGTG-1",5,9
"GGTGATTTCATCTTGT-1",6,6
"GGTGCAGAGCCTATCG-1",5,3
"GGTGCATAAATGATTA-1",4,4
"GGTGCGGATAAGTGGC-1",6,6
"GGTGCTGATCACAAAG-1",7,12
"GGTGCTGGTACACATT-1",7,7
"GGTGGACTGCTCTGGC-1",7,7
"GGTGGAGGTTGATACG-1",5,9
"GGTGGGATTAGGTCCC-1",3,8
"GGTGTAAATCGATTGT-1",4,4
"GGTGTAGGTAAGTAAA-1",8,5
"GGTGTTGGGCGTCTTA-1",5,9
"GGTTACCACCCTCGGG-1",7,4
"GGTTACCCGACACTTT-1",5,9
"GGTTACCGCTCCCTAC-1",7,9
"GGTTAGCTATATGTCT-1",7,7
"GGTTAGGCTTGGAGAA-1",7,7
"GGTTAGGGATGCTAAT-1",1,1
"GGTTAGTTACGGCGCC-1",7,7
"GGTTCCGTACGACTAA-1",7,7
"GGTTCGCATTTGCCGT-1",5,2
"GGTTCGGATTATACTA-1",5,9
"GGTTCTACTCGTCTGA-1",4,4
"GGTTGTGCTCTTGTCC-1",5,9
"GGTTGTGTAGCCTGGC-1",4,9
"GGTTTAATTACCATCG-1",4,4
"GGTTTAATTGAGCAGG-1",5,9
"GGTTTACAATCTCAAT-1",9,13
"GGTTTAGCCTTTCTTG-1",7,4
"GGTTTCAATCGGTCAG-1",9,13
"GGTTTGACAAGAAGCT-1",3,3
"GGTTTGAGTGCTGGAA-1",6,6
"GGTTTGCGAACACGTA-1",3,8
"GGTTTGTGACCTGAGG-1",4,4
"GTAACAACTGACCTTG-1",3,8
"GTAACAGGTTAACGGC-1",5,9
"GTAACATCTAAGATAA-1",4,4
"GTAACTACGTAGACCT-1",5,3
"GTAACTGCCCAAGGAG-1",4,4
"GTAACTTGCGGCAGTC-1",6,6
"GTAAGCGGGCAGTCAG-1",6,15
"GTAAGTAACAGTCTGG-1",9,11
"GTAAGTAGGGTATACC-1",9,13
"GTAAGTCCACACTCTA-1",8,9
"GTAATAAAGGGCTCCC-1",4,4
"GTAATCTGATTCTTCG-1",7,7
"GTACACTTACCTGAAG-1",6,15
"GTACAGAGGCAAGGGT-1",9,13
"GTACGACGGCGCTGCG-1",6,6
"GTACGAGATTGCGACA-1",6,15
"GTACGTCACGTATTAA-1",5,3
"GTACTAAGATTTGGAG-1",6,15
"GTACTACGGCCTCGTT-1",8,9
"GTACTCCCTTATCGCT-1",7,4
"GTACTCCTGGGTATGC-1",8,5
"GTACTGAGGTCGTAAC-1",6,6
"GTACTGCATGAAGCGT-1",6,6
"GTACTGGAGTTAGACC-1",9,13
"GTACTTGGGCACTTCT-1",6,15
"GTAGAAACGGGTGGAG-1",8,9
"GTAGACACGCCTGACT-1",7,7
"GTAGACGTCGTTACAT-1",6,6
"GTAGAGGGAGACAAGT-1",4,4
"GTAGCCAAACATGGGA-1",9,13
"GTAGCGGCTATACACT-1",6,15
"GTAGCTCCGGGAGGCT-1",4,4
"GTAGCTTCCTCTTGTT-1",7,12
"GTAGGTGATCCGTGTA-1",4,4
"GTAGTCGCGGGAATCA-1",9,13
"GTAGTCTACGATATTG-1",7,7
"GTAGTGAGCAACCTCA-1",5,8
"GTAGTTCGAAGGCGAA-1",4,4
"GTAGTTTAAGCACACG-1",5,3
"GTATAATCTCCCGGAT-1",7,4
"GTATAGGACTCAGTAG-1",6,15
"GTATCAAACGTTAGCT-1",4,4
"GTATCAAGGTACTTCC-1",8,9
"GTATCAGCTTGGGTTC-1",9,13
"GTATCCTTTGGTAACC-1",7,13
"GTATCTCAGTCTTGAC-1",8,5
"GTATCTCGGGCGCTTT-1",5,3
"GTATCTTTCATAACCA-1",9,11
"GTATGAAATTTCACTC-1",4,4
"GTATGTGGGTCTAGTT-1",7,7
"GTATTAAGGCGTCTAA-1",7,12
"GTATTCTGAGAAACGA-1",7,7
"GTATTCTTACCGTGCT-1",6,15
"GTATTTAATGGCATAA-1",8,9
"GTCAAAGAAGTGGTGT-1",8,5
"GTCAAAGTTTACATAG-1",6,6
"GTCAACCAGGCCTATA-1",5,9
"GTCAAGCGGACTCGGG-1",9,13
"GTCAATGCTATAATTT-1",5,3
"GTCACTCATGAGCGAT-1",5,3
"GTCACTCTCCAAATCT-1",9,13
"GTCAGAATAGTCTATG-1",7,7
"GTCAGACAGCGTTGGA-1",7,12
"GTCAGTTTGGTAGTCG-1",7,9
"GTCATCCCAAACTCAC-1",5,3
"GTCATCTCCTACAGCT-1",7,7
"GTCATGCACCTCCGTT-1",6,15
"GTCATGCGCGAGGGCT-1",4,4
"GTCATGGACATGACTA-1",6,15
"GTCATTAGAGCGAACG-1",6,15
"GTCATTGCATTGACCC-1",8,9
"GTCCAATATTTAGCCT-1",4,4
"GTCCACGTCGCATTCG-1",5,3
"GTCCAGGCACGTGTGC-1",8,5
"GTCCATTACTGCTACG-1",4,4
"GTCCCAACGTAAAGTA-1",6,15
"GTCCCAATCATCCCGC-1",5,9
"GTCCCGCGACGTTATG-1",7,7
"GTCCGAGAGCAATCAT-1",5,9
"GTCCGGACCTGAAATT-1",7,7
"GTCCGGCTGAATTGCG-1",6,15
"GTCCGGGTTCACATTA-1",4,4
"GTCCGTTAGAGGGCCT-1",8,9
"GTCCTACAGGCGGCTC-1",7,7
"GTCCTACGAATAGTCT-1",7,7
"GTCCTACTCTACGGGC-1",8,9
"GTCCTAGGATACCTTA-1",5,3
"GTCCTATTGTTGTGGT-1",7,9
"GTCCTTCTACAACCCA-1",5,9
"GTCGAATTTGGGCGCT-1",5,3
"GTCGATAGGTGACTTT-1",5,9
"GTCGCCGTTGTGTGTT-1",7,7
"GTCGGAAGGATACCAG-1",3,8
"GTCGGATATCTCAGAC-1",7,7
"GTCGGATGTAGCGCGC-1",7,12
"GTCGGGAACATGGTAG-1",5,9
"GTCGGGAAGCAGAAAC-1",7,12
"GTCGGGTGAAGTACCG-1",3,8
"GTCGTACCTACGATTG-1",5,9
"GTCGTATTGGCGTACA-1",8,9
"GTCGTCAATTATAAGG-1",6,15
"GTCGTCTGGTTGGCTA-1",3,9
"GTCGTTATTCGCTTAT-1",9,15
"GTCTACTCAATTACAA-1",8,9
"GTCTAGTGAGCCGCTT-1",4,4
"GTCTATACACGCATGG-1",8,9
"GTCTATCTGAGTTTCT-1",7,7
"GTCTATTGCATGCTCG-1",5,9
"GTCTATTGGTTCCGGT-1",7,7
"GTCTCAAGGCCCGGCT-1",7,7
"GTCTCCCGAGTCCCGT-1",5,3
"GTCTCCGCCTCAATAC-1",8,9
"GTCTCCTGCCAGTATG-1",8,5
"GTCTCGACTAAGTTTG-1",5,9
"GTCTCGATCTGCTTTC-1",7,12
"GTCTGCCGACTCGACG-1",8,9
"GTCTGGGCGGTCGAGA-1",7,7
"GTCTGTAGGTTGAACA-1",5,9
"GTCTTACCACGCCAAG-1",3,8
"GTCTTAGTACAGCCGG-1",4,16
"GTCTTCCTCACCTAAG-1",5,9
"GTCTTGAGGAGCAGTG-1",8,9
"GTCTTGTAGCTATTCA-1",4,10
"GTGAAACGGCGCCACC-1",4,12
"GTGAAACGTGCTCCAC-1",6,6
"GTGAACTCCCATTCGA-1",1,1
"GTGAAGATTTCAAGTG-1",8,5
"GTGAAGCCGTATAGTC-1",5,2
"GTGAAGTCACGACTCG-1",8,9
"GTGACAGCTTCCCACT-1",7,4
"GTGACCGCACACTACG-1",7,7
"GTGACCTAAAGAATAA-1",3,8
"GTGACGAGGGTGACCC-1",8,9
"GTGACGCAGGTTTCAT-1",4,4
"GTGACTTCAGTAGTGC-1",7,7
"GTGAGATAACCTTATA-1",8,5
"GTGAGCGTGCTGCACT-1",4,4
"GTGAGGACACTTAAGG-1",9,11
"GTGAGGAGCGGTTGAG-1",8,16
"GTGAGTCGACTAATAG-1",5,8
"GTGAGTCTAAGACGGA-1",1,1
"GTGAGTGGTACAACGC-1",7,7
"GTGATCAAGCGTGCAC-1",8,9
"GTGATCACTAACGCCT-1",7,13
"GTGATCATAGATCTGC-1",9,11
"GTGATCCTTGTCATGA-1",7,7
"GTGATGCACAACATCT-1",8,3
"GTGATTCGCCGCTCAA-1",7,7
"GTGCAACAAATGTGGC-1",9,13
"GTGCACCAGCTTCAAC-1",4,4
"GTGCACGAAAGTGACT-1",7,12
"GTGCAGCGTAGAGTAG-1",1,1
"GTGCCAAACGTTTCGA-1",5,3
"GTGCCATCACACGGTG-1",7,4
"GTGCCCGTTCGGATTC-1",7,7
"GTGCCGCTTCAAAGGT-1",7,7
"GTGCCTAGCTATGCTT-1",7,9
"GTGCCTCAGTGTACGG-1",8,12
"GTGCCTGAGACCAAAC-1",8,9
"GTGCGAAATCGAACAC-1",7,7
"GTGCGACAGGGAGTGT-1",4,4
"GTGCGGGTCTCCAAAT-1",6,6
"GTGCGTGTATATGAGC-1",9,11
"GTGCTATCCAGCTGGA-1",8,9
"GTGCTCAAGTACTGTC-1",6,6
"GTGCTGCAGATAAGGA-1",5,9
"GTGCTGTTAGAACATA-1",5,9
"GTGCTTACATCAGCGC-1",8,9
"GTGGAACCTACATGCG-1",4,4
"GTGGACCAACCCGATT-1",4,4
"GTGGACGCATTTGTCC-1",7,7
"GTGGACGTGCTGAGAC-1",6,6
"GTGGAGCATGTCGGCC-1",5,10
"GTGGAGCGTTTACCGA-1",8,5
"GTGGAGTCGGCGGTTG-1",4,4
"GTGGCAAACAGCGGCA-1",8,9
"GTGGCCGGTTTCTCGG-1",8,3
"GTGGCCTAATATCATT-1",5,9
"GTGGCGGTCCCAGCGT-1",4,9
"GTGGCTGTTTCTGTTC-1",8,5
"GTGGGAACAAACCGGG-1",8,12
"GTGGGAAGACTGAATC-1",8,9
"GTGGGCTTAGACACAC-1",9,11
"GTGGGTACTGAGCGTA-1",8,12
"GTGGTATAGTCTGCCG-1",7,4
"GTGGTGGCCAAGTGAA-1",9,13
"GTGGTTACTTCTTTCG-1",8,9
"GTGGTTTCCGCCTTTC-1",7,4
"GTGTACCTTGGCTACG-1",7,7
"GTGTATATCAGCGGGC-1",7,13
"GTGTCAGTGTACGTGG-1",8,9
"GTGTCGTATAGCGTTC-1",2,14
"GTGTGAATAACTTAGG-1",7,7
"GTGTGTCGACGTCGCT-1",5,3
"GTGTTACTATGCGTCC-1",9,11
"GTTAAAGTAGGACTGG-1",7,7
"GTTAACATCACTTAAA-1",7,7
"GTTAACTATGTTGTCA-1",4,4
"GTTAAGGGTGCGATGT-1",7,7
"GTTAAGTTAGAGTGGG-1",8,9
"GTTAATGTCTATCTTA-1",7,9
"GTTACAATTGGTGACG-1",7,13
"GTTACCTACAACTTGC-1",9,11
"GTTACTTTGGGCCTAG-1",9,13
"GTTAGCCCATGACATC-1",4,4
"GTTAGCCGTAAATCAA-1",8,9
"GTTAGGCTACCCGTTT-1",8,5
"GTTATAATACGGTGAA-1",4,4
"GTTATATCAGGAGCCA-1",5,3
"GTTATATTATCTCCCT-1",9,13
"GTTATCAAGCTATCGA-1",5,3
"GTTATTAACGTGGGAG-1",7,7
"GTTCAAATCAGATGTC-1",5,9
"GTTCACAGGAGTCTAG-1",7,7
"GTTCAGTCGCCAAATG-1",4,9
"GTTCATCGTTTGGCTG-1",8,9
"GTTCCAGTCTGACCAT-1",6,15
"GTTCCCGTAAACATAT-1",5,9
"GTTCCGTCCGCCTGCA-1",8,5
"GTTCGACAATTGTATA-1",4,9
"GTTCGCTGAGACGTCT-1",4,4
"GTTCGGAGCACTCAAC-1",5,9
"GTTCGGATCGGGAACA-1",4,4
"GTTCGGGCGTACCATT-1",8,9
"GTTCGGTGTGGATTTA-1",7,12
"GTTCGTCTAAAGAACT-1",7,7
"GTTCGTCTGGGTCCCT-1",5,3
"GTTCTTCCCTCGATGT-1",6,6
"GTTCTTGTAACTCAAT-1",8,9
"GTTGAACCGGTTCCAT-1",7,12
"GTTGAGTCCCGCCGGT-1",9,13
"GTTGCCCTAACGGGTG-1",3,3
"GTTGCGCTAACATTAC-1",5,9
"GTTGCGGACGGTCAGG-1",1,1
"GTTGGACCGCATCAGG-1",5,3
"GTTGGATTCAGTGGCT-1",8,5
"GTTGGATTGAGAACAC-1",7,12
"GTTGGTCATGCTATCC-1",7,7
"GTTGTAGATTTATGAG-1",4,4
"GTTGTTACATTGCGCT-1",3,8
"GTTGTTGCAAGATGGC-1",5,10
"GTTTACGTTCCATCTG-1",9,11
"GTTTATGGGATTTAGA-1",5,9
"GTTTCAAACGAGTTGT-1",5,9
"GTTTCATATCGTCGCT-1",4,4
"GTTTCCTGGAGGGTGA-1",9,11
"GTTTCTAGAGGCGCGG-1",8,5
"GTTTCTTGTTAGAGCT-1",5,3
"GTTTGACCAAATCCTA-1",6,15
"GTTTGGCCCAAGTTAT-1",9,11
"GTTTGGCCGCTCAGCG-1",6,6
"GTTTGGGCTTGTGAGC-1",9,13
"GTTTGGGTTTCGCCCG-1",7,4
"GTTTGGTAGGGTCAAC-1",7,12
"GTTTGGTGATCGGTGC-1",4,4
"GTTTGTTAGCCAAGTA-1",8,9
"TAAACCCAGGAGGGCA-1",4,4
"TAAACGTCGTCAATGA-1",7,9
"TAAAGACAACCCTTTA-1",8,9
"TAAAGAGCCCGAAACC-1",6,6
"TAAAGCGGTATTTCCA-1",4,4
"TAAAGCGTTAGGAGAA-1",7,7
"TAAAGCTGCAATAGGG-1",8,5
"TAAAGTGCACGTCTCG-1",8,5
"TAAATCTTTACACCTC-1",5,3
"TAAATGAATCCGTTTC-1",7,7
"TAAATGCCGTCTCATG-1",5,3
"TAAATTGTGGGTAAAG-1",8,9
"TAAATTTAGTAACACC-1",8,9
"TAACAAAGGGAGAAGC-1",9,13
"TAACAATATTTGTTGC-1",7,9
"TAACAGCGTTTGTGCT-1",4,4
"TAACAGGTTCCCTTAG-1",8,9
"TAACATACAATGTGGG-1",6,15
"TAACATACACGCGATC-1",4,4
"TAACCTACCGTCCGAG-1",4,4
"TAACCTAGGGAGTCCA-1",4,4
"TAACGCTTTGAGAGCG-1",9,13
"TAACTATCGAAGGTCC-1",9,11
"TAACTATTACGCCAAA-1",8,9
"TAACTCATCCGCGCGG-1",9,13
"TAACTCCATGGAGGCT-1",7,12
"TAACTGAAATACGCCT-1",5,3
"TAAGAGGGACAGGGAC-1",8,5
"TAAGCAGGCGACACGC-1",4,9
"TAAGCCCTTACGACCA-1",3,3
"TAAGCGCGAATCAAAT-1",8,9
"TAAGGAACTTGTGGGA-1",6,6
"TAAGGCAACATAAGAT-1",9,11
"TAAGGCATAACATCAA-1",7,7
"TAAGGCCCGTCACCCT-1",7,7
"TAAGGCTGAATCCCTC-1",7,7
"TAAGGGCCTGTCCGAT-1",7,12
"TAAGGGCTGGGAGAGG-1",8,9
"TAAGTAACATCTTGAC-1",7,7
"TAAGTCGCCGAGTATC-1",4,4
"TAAGTGAATAGTCTAC-1",5,3
"TAAGTTGCGACGTAGG-1",7,14
"TAATAAACAAGGAGAT-1",8,5
"TAATACACAGTAGTAT-1",6,15
"TAATACTAGAACAGAC-1",4,4
"TAATAGAACAGAGTTA-1",9,13
"TAATAGCTAAATGATG-1",3,8
"TAATAGGTCACCAGAA-1",8,5
"TAATAGTGACGACCAG-1",7,7
"TAATATTGAAATTCGC-1",6,6
"TAATCAACCAAATGGG-1",5,9
"TAATCGATCCGTACGT-1",4,4
"TAATGAAAGACCCTTG-1",7,12
"TAATGTCGGTTCATGG-1",5,3
"TAATTACGTCAGTAGA-1",4,4
"TAATTAGATGGATATG-1",6,6
"TAATTAGGACATCCGT-1",4,4
"TAATTGCGCTGATTAC-1",5,3
"TAATTGGAATCGGGAA-1",5,3
"TAATTTCCGTCCAGTA-1",5,9
"TACAACAGCGCATACA-1",3,8
"TACAACGCACAACTCA-1",9,13
"TACAAGGGCTTCTTTA-1",8,9
"TACAAGTCTCGTGCAT-1",7,4
"TACACAGCCGTGGTGC-1",8,9
"TACACCGTCGTTAGTC-1",5,3
"TACACCTCTTCGAATC-1",8,5
"TACAGAAACGGTGGGC-1",7,12
"TACATCCCTATCCCTG-1",8,9
"TACATCTTGTTTCTTG-1",5,7
"TACATGACCTTATCCG-1",5,9
"TACATGCCGGAATTGT-1",5,9
"TACCAAATAGCCCAGA-1",7,7
"TACCAATAAAGTACCA-1",7,7
"TACCAGAAGTAGGTTC-1",7,7
"TACCAGCTAGGTTTAA-1",7,12
"TACCAGGAATCCCGTC-1",8,9
"TACCATGTATTGATTT-1",5,9
"TACCGAATAATTGTAA-1",8,9
"TACCGCGGACTTGCAG-1",4,13
"TACCGGTCGTTTCCAT-1",7,4
"TACCGTAGGTTAACTA-1",7,7
"TACCGTGCCTCGGACC-1",9,13
"TACCTACTCCCAGTAT-1",7,7
"TACCTATCCCTAGAGG-1",5,9
"TACCTCACGCTTGTAC-1",6,15
"TACCTCAGTTGTCTGT-1",7,7
"TACCTCCACACCAATG-1",8,10
"TACCTGCTGCACTGTG-1",7,4
"TACCTTAAGATTTCCC-1",4,4
"TACGAACACGACTTCA-1",6,15
"TACGACGCTTGCTGCG-1",9,11
"TACGACTGCCTCTTAG-1",9,11
"TACGAGAACTTCACGT-1",7,13
"TACGATGTTGATCATC-1",7,13
"TACGCAGTTCTTTCCT-1",9,13
"TACGCCATATTCTAAT-1",9,11
"TACGCCGAGGGTACCC-1",4,4
"TACGCCTCCATTCCGA-1",7,7
"TACGCTATAGAAACCT-1",4,4
"TACGCTCCTAGAACTG-1",9,13
"TACGCTCGGTATTGGA-1",5,9
"TACGCTGATAGTTGTA-1",3,8
"TACGCTGCTGTGTTAA-1",8,9
"TACGGAAGCCAAACCA-1",4,4
"TACGGCATGGACGCTA-1",5,9
"TACGGGATGCTAGCAG-1",7,4
"TACGGGTAATAACATA-1",5,9
"TACGTAAAGCGGAGTG-1",5,9
"TACGTACTAGTGCTGA-1",4,4
"TACGTGCAAGGTTCCT-1",5,10
"TACGTGCACTATGCTG-1",9,13
"TACGTGGGCCCAGGGC-1",8,9
"TACGTTTACCGGCAAT-1",7,4
"TACTACGTGCAATGCG-1",8,9
"TACTATGGTTCCTCAG-1",7,7
"TACTCCTCTAGTTGAC-1",4,4
"TACTCGGCACGCCGGG-1",7,9
"TACTCGTTTGAATCAA-1",8,9
"TACTCTCCGAACAAAT-1",7,13
"TACTCTTACTTTACTG-1",5,9
"TACTCTTTCGTCTTCA-1",7,7
"TACTGAACAGATTTAG-1",7,7
"TACTGAGGGAAGAAAG-1",8,5
"TACTGCAATCAATTAC-1",8,9
"TACTGCATGATTAAAT-1",5,9
"TACTGGACAGCTCGGC-1",7,4
"TACTGTTTCTCTGGTA-1",5,9
"TACTTAAACATGTACA-1",5,9
"TACTTGTTAGTAGTCC-1",7,7
"TACTTTACTGAGCCGG-1",4,4
"TACTTTCCGCACGCCA-1",8,9
"TAGAAACACAATAGTG-1",5,3
"TAGAAAGGTGGCGCTA-1",7,7
"TAGAAATTCACGTATA-1",5,9
"TAGAACGCCAGTAACG-1",7,12
"TAGAATAGCCGATGAA-1",4,4
"TAGACGAAACGCCAAT-1",7,7
"TAGACGCCCGTACCGG-1",7,16
"TAGACTACCTAGCGTT-1",4,4
"TAGACTCAGTTGGCCT-1",5,3
"TAGAGATCATGCAACT-1",4,4
"TAGAGCTACGAAGAAC-1",6,6
"TAGAGGGAGTTTATCT-1",8,9
"TAGAGGTTCTACTTGT-1",7,4
"TAGAGTCTAAGCGAAC-1",6,15
"TAGAGTGTTCCGGGTA-1",5,3
"TAGATATGGACTGGAA-1",7,7
"TAGATGGTTCCTTACT-1",4,4
"TAGATTCAAAGTGCGG-1",8,5
"TAGATTCCTGGTTATT-1",4,9
"TAGCAACCTGTCACAA-1",7,13
"TAGCAGATACTTAGGG-1",8,9
"TAGCAGTATGACTAAA-1",5,9
"TAGCCAGAGGGTCCGG-1",7,12
"TAGCCATGATTGCCTA-1",5,3
"TAGCCATTTCAAAGTC-1",7,13
"TAGCCGGCGGTCAGCG-1",7,12
"TAGCGTCCCTCGATTG-1",4,4
"TAGCGTCCGGTGTGGT-1",9,13
"TAGCGTCGAATATTGA-1",5,9
"TAGCGTTGGGTCTTAC-1",6,15
"TAGCTAAGTCCGGGAG-1",6,6
"TAGCTAGAAGGCATGA-1",7,7
"TAGCTAGTGATGATGG-1",7,7
"TAGCTCGCCTGATAAC-1",9,13
"TAGCTGATGTGAAGCG-1",8,9
"TAGGAGGCTCGAGAAC-1",3,8
"TAGGATCTTAACCGCA-1",8,9
"TAGGCATGTTACGCCA-1",7,7
"TAGGCCTATATAGTCT-1",5,9
"TAGGCGATGAGGTCTC-1",8,5
"TAGGCGGCTGCAAAGA-1",8,5
"TAGGCTAAAGTGGCAC-1",4,9
"TAGGGAGCTTGGGATG-1",4,4
"TAGGGTGTTTCAAGAG-1",6,15
"TAGGTCCAAGTAAGGA-1",7,4
"TAGGTCGCCGGAACTG-1",4,4
"TAGGTGACGATAACCT-1",7,7
"TAGGTGAGCCCTACTC-1",7,7
"TAGGTGCTCGCCTAGC-1",9,13
"TAGGTGTTCCACAGAT-1",7,7
"TAGGTTCGAGTTCGTC-1",6,15
"TAGGTTCTGCTGAGAA-1",8,9
"TAGTACCACAACTTTC-1",8,5
"TAGTACCTTAGTGGTC-1",7,7
"TAGTAGCTTATACCAG-1",4,4
"TAGTAGTTGCCGGACA-1",8,9
"TAGTCCCGGAGACCAC-1",4,4
"TAGTCCGTATGCATAA-1",7,4
"TAGTCCTGCACTAAGC-1",5,9
"TAGTCGATCACGGGTT-1",7,7
"TAGTCGGGATTCTTCG-1",5,9
"TAGTCTAACAACGAGA-1",7,4
"TAGTCTGCGGCACATT-1",5,9
"TAGTCTGTGACGTTGC-1",8,5
"TAGTCTTTCCGAATTG-1",8,9
"TAGTGCCCTCCAGAGT-1",6,6
"TAGTGCTTGAATCCTT-1",5,9
"TAGTGTCAGAAACGGC-1",7,7
"TAGTTAAGATAGGATA-1",4,16
"TAGTTTATTCTTGCTT-1",6,6
"TATAAATCCACAAGCT-1",6,15
"TATAAGTGAGGATAGC-1",6,15
"TATACACAGACGCCTT-1",9,13
"TATACACGCAAAGTAT-1",6,6
"TATACCGAGTGCCACA-1",5,9
"TATACGCGTCATCACT-1",7,7
"TATACTCATGCGGCAA-1",7,7
"TATAGAGTCGCTTGAA-1",4,4
"TATAGATGGTCGCAGT-1",4,4
"TATAGCGCACGTTATC-1",8,9
"TATAGCTATTATCTCT-1",2,2
"TATAGGGTACTCATGA-1",4,4
"TATAGTTAGGTGTACT-1",3,2
"TATATAGGGCTTTACG-1",4,4
"TATATATCGAGAAATG-1",4,4
"TATATCAAAGTGATCT-1",5,9
"TATATCATTGATCAGT-1",5,9
"TATATCCCTGGGAGGA-1",4,4
"TATATGCTGGGTTGCC-1",5,9
"TATATTACAAATGTCG-1",5,3
"TATCAAAGGTCTGTAA-1",5,9
"TATCACCCAACCGACC-1",8,5
"TATCACTTCGAGTAAC-1",8,5
"TATCAGTGGCGTAGTC-1",8,9
"TATCCAATTGGTTATC-1",7,7
"TATCCATATCATGCGA-1",6,15
"TATCCATCTCGGTTAG-1",8,5
"TATCCCTCGATCTGCA-1",5,9
"TATCCGCACCGTCGGG-1",7,7
"TATCCTATCAACTGGT-1",4,4
"TATCCTGCATGGGAAT-1",6,6
"TATCGATCTATGCATA-1",4,4
"TATCGATGATTAAACG-1",6,15
"TATCTACAGAGGTAAT-1",7,4
"TATCTAGCCTAAAGGA-1",7,9
"TATCTGAGCCGATATT-1",8,5
"TATCTTGCAATACAAC-1",8,5
"TATGAAGAATTAAGGT-1",5,9
"TATGAAGACAGGTGCG-1",7,4
"TATGACCTTGCGCTGG-1",8,9
"TATGATCCGGCACGCC-1",5,9
"TATGATCTTCTCTTTA-1",7,7
"TATGCTCCCTACTTAC-1",6,15
"TATGGATGTGCTACGC-1",6,15
"TATGGCCCGGCCTCGC-1",7,7
"TATGGCTAGGCTAATT-1",3,10
"TATGGGACCGAGCAGG-1",6,15
"TATGGGTACGTATCGT-1",6,15
"TATGGTCTGAGTAACA-1",6,15
"TATGGTTAGTGGGAGA-1",4,4
"TATGTAAAGTGCTTAA-1",1,1
"TATGTAGAAACCCGGC-1",8,5
"TATGTCAAGACCGACT-1",4,12
"TATGTCTCATTGTGCC-1",7,7
"TATTAACACCAAAGCA-1",8,16
"TATTAACCTGACCGCG-1",7,7
"TATTACCATCCTGCTT-1",7,13
"TATTATGTTTGCCTGC-1",8,5
"TATTCAATTCTAATCC-1",6,15
"TATTCCACTCAGCTCG-1",9,13
"TATTCCGAGCTGTTAT-1",7,7
"TATTCCTCCGCCCACT-1",4,4
"TATTGACATTTCTGCC-1",8,9
"TATTGCCGGGCTTGTA-1",2,2
"TATTTAGTCTAGATCG-1",6,6
"TATTTATACCGAGTAG-1",7,4
"TATTTGATTTGCACAG-1",5,9
"TATTTGTTACCCTTTA-1",9,11
"TCAAACAACCGCGTCG-1",6,15
"TCAAACTTAGATTGTT-1",6,15
"TCAAAGAGCTATCTGT-1",8,9
"TCAAAGTCACGGCGTC-1",5,9
"TCAAATTGTTGTGCCG-1",4,4
"TCAAATTTGAGACTCA-1",7,7
"TCAACAAAGATAATTC-1",4,4
"TCAACACATTGGGTAA-1",6,6
"TCAACATAGCGCCCTA-1",7,7
"TCAACATCGACCGAGA-1",8,9
"TCAACCATGTTCGGGC-1",9,11
"TCAACGCAGGAAATAA-1",4,4
"TCAACGCGACCGGCAG-1",4,4
"TCAACTAACGTATAAC-1",4,9
"TCAACTGCAGAGTCAG-1",4,4
"TCAAGAAATACTAGCT-1",4,9
"TCAAGCGCGGACGGTA-1",8,9
"TCAAGCTGCCTTGAAA-1",3,10
"TCAAGGTTACTACACC-1",4,4
"TCAATACAATTGCTGC-1",5,9
"TCAATACGCCGTCATG-1",4,4
"TCAATATACAGGAGGC-1",5,10
"TCAATCCGGGAAGTTT-1",2,2
"TCACAAACCGAGGTAC-1",7,4
"TCACAGATCCTCAAAC-1",7,12
"TCACAGCAAACTCGAA-1",7,7
"TCACAGGAGAATAAGA-1",7,7
"TCACAGGGAATCGCAA-1",9,13
"TCACAGGTTATTGGGC-1",6,15
"TCACATCTTATCTGAT-1",7,4
"TCACCGCTCGGCACTC-1",7,12
"TCACGATGTCCGTGGA-1",4,4
"TCACGATTAATACGTT-1",5,3
"TCACGCATTGTAGATC-1",6,6
"TCACGGCCCAAGAGAG-1",8,9
"TCACGGTCATCGCACA-1",9,11
"TCACTACGACCAATGC-1",8,9
"TCACTATCCCTTCGGT-1",5,3
"TCACTCGTGCAACGGC-1",8,12
"TCACTCTTCGTCTGTC-1",5,9
"TCAGAACCTCCACAGG-1",8,9
"TCAGAACGGCGGTAAT-1",8,9
"TCAGACGCTATAGAAG-1",9,11
"TCAGAGCATGTCAACG-1",2,2
"TCAGAGGACGCGTTAG-1",5,9
"TCAGCAAATGCATCTC-1",9,13
"TCAGCAGTAGGCCCTG-1",4,4
"TCAGCCAATCCGTAAA-1",8,9
"TCAGCGCACGCCGTTT-1",8,9
"TCAGCTTGAGCTTTCG-1",8,5
"TCAGGGCGACTTCCTT-1",5,9
"TCAGGGCGCAAACTCG-1",7,12
"TCAGGGTGTAACGTAA-1",9,13
"TCAGGTTCTTTGAGAA-1",9,11
"TCAGTACTGACCCGCG-1",7,13
"TCAGTAGGGACTATAA-1",7,7
"TCAGTGTATACGTCAT-1",4,4
"TCATACTTACAGATCC-1",7,13
"TCATATGAGCTTTGTT-1",4,4
"TCATCACTCGAGCTCG-1",6,15
"TCATCCATCTGATCAC-1",2,14
"TCATCCCAGAGGGTGG-1",7,7
"TCATCCTCAGCTGCTT-1",8,9
"TCATCGACGACCGTCG-1",8,9
"TCATCGATGGTCCCAA-1",4,4
"TCATGAAGCGCTGCAT-1",3,3
"TCATGCAGGTTCTCAT-1",4,4
"TCATTTAAGTCTCCGA-1",4,4
"TCATTTAGAAGTGTGA-1",4,4
"TCCAACTCAGCTATCT-1",4,12
"TCCAACTTTAAATTCT-1",7,7
"TCCAAGCCTAGACACA-1",4,4
"TCCAATAAAGGCTACC-1",4,4
"TCCAATGCGTCGCCGC-1",8,5
"TCCACAATGGTTTACG-1",7,7
"TCCACATCGTATATTG-1",4,4
"TCCACCAAGACATAGG-1",5,3
"TCCACCTCTAGCCTTT-1",7,7
"TCCACTTTATCTAGGT-1",7,11
"TCCAGAGCACCGGTTC-1",6,15
"TCCAGATGTACGCCAA-1",5,9
"TCCAGCGCTATAAGCG-1",8,9
"TCCAGGCAGGACGATC-1",8,9
"TCCAGGCGAGTACGGT-1",6,15
"TCCAGGGTATATACGA-1",7,7
"TCCATCAATACTAATC-1",8,5
"TCCATTCCCACTAGAG-1",3,8
"TCCCAAACAGACAACG-1",5,3
"TCCCAAACATCCTCTA-1",5,9
"TCCCAAAGACGAAGGA-1",6,15
"TCCCAAAGCCCTAAAT-1",8,9
"TCCCAATATCGACGAC-1",5,8
"TCCCACTCTCTTCCGG-1",8,9
"TCCCAGCTTTAGTCTG-1",6,6
"TCCCAGGCTTAGCTAA-1",6,15
"TCCCGCCTATGTGCGT-1",3,9
"TCCCGCGTACTCCTGG-1",9,15
"TCCCGGGTGTGCTGCT-1",7,13
"TCCCGTCAGTCCCGCA-1",7,7
"TCCCGTCGCGTCATAG-1",8,9
"TCCCGTGTGCAATTTG-1",9,13
"TCCCTAGATCAATAGG-1",8,9
"TCCCTCTTCTCAAGGG-1",5,3
"TCCCTGGCGTATTAAC-1",8,5
"TCCCTGGCTCGCTGGA-1",7,12
"TCCCTTAGATTACTCG-1",4,4
"TCCCTTGTCTGAAACT-1",5,3
"TCCGAACGTTGCCGCT-1",5,10
"TCCGAACTTGGCTTAC-1",4,13
"TCCGAAGTAGTCACCA-1",5,3
"TCCGAATGGTCCTGAG-1",8,9
"TCCGACCGCTAATCAA-1",8,9
"TCCGATAATTGCCATA-1",6,15
"TCCGATGACTGAGCTC-1",7,7
"TCCGATGGTGCGACAT-1",6,15
"TCCGATTACATTGCCG-1",7,7
"TCCGCAGCCACCTAGC-1",5,9
"TCCGCCTGTCTACAAG-1",7,7
"TCCGCGGCAGCATCTG-1",7,7
"TCCGCGGCCCAATGAA-1",4,4
"TCCGCTGTCATCCCGG-1",9,11
"TCCGCTTATCCCATTA-1",9,13
"TCCGGAGGAAGGGCTG-1",5,3
"TCCGGCCTAGCGTACA-1",4,4
"TCCGGGCCACTAACGG-1",5,3
"TCCGGGCTTGACGGGA-1",4,4
"TCCGGTTCGTCCGGTC-1",7,7
"TCCGTAACCACAATCC-1",7,7
"TCCGTTAAGCTAATAT-1",4,4
"TCCGTTTAGCCTTGAA-1",7,12
"TCCTAAAGATTCAGAC-1",4,4
"TCCTAAATTGGGAAGC-1",7,13
"TCCTAACCGTCGGGCA-1",4,4
"TCCTACATCCACGGCC-1",9,13
"TCCTAGCAAAGAAGCT-1",7,7
"TCCTATCATAGGTAAC-1",5,9
"TCCTCCTAAGACATTC-1",8,9
"TCCTCTACGAGATGGC-1",7,7
"TCCTCTCCAGTTGTCC-1",7,12
"TCCTGCAGCCGCCAAT-1",8,9
"TCCTGCCAACTGGAGA-1",8,9
"TCCTGCGTTGATACTC-1",7,4
"TCCTGGCGCTGCCTGG-1",5,3
"TCCTTACGACGGTCCG-1",7,7
"TCCTTCAATCCCTACG-1",5,9
"TCCTTCAGTGGTCGAA-1",7,12
"TCCTTGTCCTTTAATT-1",4,4
"TCCTTTAAATCCGCTT-1",7,7
"TCCTTTCTTACGCTTA-1",6,15
"TCGAAATTTAGGACCA-1",9,15
"TCGAAGAACCGAGCAC-1",7,7
"TCGAATATCCCGCAGG-1",4,4
"TCGAATCGCAGGGTAG-1",3,8
"TCGACAACTGAACCCG-1",8,5
"TCGACATAGCGTAGCG-1",4,9
"TCGAGCCAGGCAGGCC-1",4,4
"TCGAGGGCAACAGACG-1",5,10
"TCGAGTCTACGATTCG-1",8,3
"TCGATGTTACGGCCGT-1",5,3
"TCGATTTACGAAACGA-1",8,9
"TCGCAAAGATGCATTT-1",9,15
"TCGCACCAGGAGGCAG-1",9,11
"TCGCACTAACGTTTGT-1",5,3
"TCGCATAAAGGGCGCA-1",5,9
"TCGCATCCCTAAGTGT-1",6,6
"TCGCATTCAATGACTT-1",6,6
"TCGCCACCCGGATTAC-1",3,3
"TCGCCCACTGCGAGAG-1",5,9
"TCGCCGAAGTTGCGTC-1",7,7
"TCGCCGACATATTCGC-1",4,4
"TCGCCGCACCGCGTGA-1",8,9
"TCGCCGGATGGGCAAG-1",5,9
"TCGCCGGTCGATCCGT-1",6,15
"TCGCCTCCTTCGGCTC-1",5,9
"TCGCCTCGACCTGTTG-1",7,7
"TCGCGCGTTTACATGA-1",5,3
"TCGCGTCCAGAAGGTC-1",7,4
"TCGCTAAACCGCTATC-1",4,4
"TCGCTACTGGCTTTGA-1",4,4
"TCGCTCGGCACCAGCG-1",5,3
"TCGCTGCCAATGCTGT-1",4,4
"TCGCTGGGCGGATTGT-1",9,11
"TCGCTGTGCGTAAATC-1",6,6
"TCGCTTAATTACGAAG-1",3,8
"TCGCTTTAAACGTTTG-1",7,12
"TCGGAATGCGCTCTGA-1",7,4
"TCGGACGCCCAGCCCA-1",9,13
"TCGGAGAGTATCGGGA-1",4,4
"TCGGAGTACATGAGTA-1",9,11
"TCGGAGTCCTGGTTGC-1",2,2
"TCGGATCTGGATGACC-1",5,3
"TCGGCGAACCCAAACC-1",4,4
"TCGGCGTACTGCACAA-1",7,9
"TCGGCTTGTATCGACG-1",4,4
"TCGGGAACGTGCCTAG-1",8,9
"TCGGGAGACAGCGTAC-1",7,12
"TCGGGATTCAAACATA-1",8,9
"TCGGGCCGTCGTGGTA-1",7,10
"TCGGGTGAAACTGCTA-1",6,6
"TCGGTCCCGACAATAG-1",8,5
"TCGGTCCCTGACTCCA-1",5,10
"TCGGTGACCGCTCCGG-1",5,3
"TCGTAACTCCCAAGAC-1",5,3
"TCGTAAGACGACATTG-1",7,2
"TCGTAAGCTCCGAGGA-1",5,3
"TCGTACCGACGTCAAG-1",4,4
"TCGTATAGTGCAATTA-1",6,6
"TCGTATTACCCATTGC-1",4,4
"TCGTCAAGTACGCGCA-1",4,4
"TCGTCACACTGTTAGC-1",7,9
"TCGTCCGCTGGCGTCT-1",6,15
"TCGTCTTAGGCGTTAA-1",7,13
"TCGTGTCACGCTGACA-1",4,10
"TCGTGTTCGACCACAA-1",4,4
"TCGTTAGGAGTCCCTA-1",7,7
"TCGTTGACAGGGTCCC-1",5,9
"TCGTTGCTATCCGGTC-1",7,7
"TCGTTGGCTCGTCAAT-1",6,6
"TCGTTTACGCGACCCT-1",8,3
"TCTAAAGAACAGTCTC-1",8,16
"TCTAACCTAGCCTGCG-1",3,8
"TCTAACTGTATGTAAA-1",5,9
"TCTAATACTGCCTCAG-1",8,5
"TCTACCCAATAGAGAG-1",4,4
"TCTACCCGCATCATTT-1",3,8
"TCTACCGTCCACAAGC-1",6,15
"TCTACGCACGATCTCC-1",5,3
"TCTACGGGCTCAGTTG-1",3,8
"TCTAGCAATCTCCGCC-1",4,4
"TCTAGCATCTTCGATG-1",6,15
"TCTAGCATGCCCAGAA-1",9,11
"TCTAGGTGGCGACGCT-1",4,4
"TCTAGTGATATCGTGG-1",7,7
"TCTAGTTATCAGAAGA-1",6,6
"TCTATAGGTGGGTAAT-1",5,9
"TCTATCATGCAGTTAC-1",6,6
"TCTATCCGATTGCACA-1",8,9
"TCTATCGGTCGCAACA-1",6,15
"TCTATGCTATAACGAC-1",7,4
"TCTATTACGCTGGCGA-1",6,6
"TCTATTACTAGAGGAT-1",8,9
"TCTCAAATCAATCGGG-1",5,9
"TCTCAGGCTACTCGCT-1",3,8
"TCTCATGAGATAGGGT-1",7,7
"TCTCCAACGTAGGTTA-1",7,7
"TCTCCACAAGTTGAAT-1",7,12
"TCTCCCTGGGCAGCGT-1",7,13
"TCTCGAACGAGGTCAC-1",8,5
"TCTCGACGTATCGCCG-1",7,12
"TCTCGAGGAGGTTCGC-1",8,9
"TCTCGGCTCCAGGACT-1",6,15
"TCTCGTGTTACGAGGA-1",8,9
"TCTCTAATAGCTGGTA-1",6,15
"TCTCTCGCCGCACATA-1",8,9
"TCTCTTACCGCGAACC-1",4,4
"TCTGAACCGGTCGGCT-1",6,15
"TCTGAACTCGTACCCG-1",7,7
"TCTGAAGCACGTGGTC-1",7,7
"TCTGAATTCCGTACAA-1",7,12
"TCTGACGGGCTAACCC-1",1,1
"TCTGACTGTAATGGTT-1",9,12
"TCTGAGCAATTGACTG-1",8,9
"TCTGATCGGGTGCTAG-1",8,10
"TCTGATGTATTCTGTC-1",7,7
"TCTGATTGGAAATGGA-1",5,9
"TCTGCAGATTCGAGTC-1",5,9
"TCTGCATACCTTGCTT-1",4,4
"TCTGCCAGAAACTGCA-1",9,11
"TCTGCGAATCGTTCGC-1",3,8
"TCTGCGTCCGGTTTCT-1",9,13
"TCTGCTTAGAACAAGC-1",5,9
"TCTGGAGCGTAAGAGT-1",5,10
"TCTGGCCGTTCAAGTT-1",5,9
"TCTGGCGCAAGCCGGG-1",5,9
"TCTGGGAACCTTTGAA-1",7,13
"TCTGGGTAGCGCTCAT-1",7,4
"TCTGTCATACAAGAGC-1",6,6
"TCTGTGCCATCATAGT-1",7,13
"TCTGTTACCCAGCATA-1",4,4
"TCTGTTTAGATTGTTC-1",3,3
"TCTTAACTCGGATGTA-1",5,3
"TCTTACAGAGGTACCG-1",6,15
"TCTTACCGGAACTCGT-1",4,12
"TCTTACGGCATCCGAC-1",7,13
"TCTTACTTATGCCTCT-1",7,7
"TCTTAGAGCTCCAATT-1",4,4
"TCTTAGAGTGAACTCT-1",7,7
"TCTTCCCATGGGCACA-1",4,4
"TCTTCGAATAGACGTT-1",6,15
"TCTTCGATACCAATAA-1",6,15
"TCTTCGCGGTGAGAGG-1",5,9
"TCTTCTATAACCCGCC-1",4,4
"TCTTGATGCGTAGCGA-1",6,15
"TCTTGCTCCCGATACT-1",4,4
"TCTTGGTAACACCAAA-1",6,15
"TCTTGGTCAATGATAC-1",5,3
"TCTTTAAGACTATGAA-1",4,4
"TCTTTAGAGTCTAACA-1",4,9
"TCTTTAGCAGGCGAAC-1",8,9
"TCTTTCATCCGTCCTT-1",5,3
"TCTTTCCTTCGAGATA-1",5,9
"TGAAACTTATGCAAGC-1",7,7
"TGAAAGGACCTGACTC-1",9,13
"TGAACAAGCAGGGACT-1",8,9
"TGAACCTGAATGTGAG-1",2,2
"TGAACTGCTATGACTT-1",5,9
"TGAAGAGCGGTCCTAG-1",5,9
"TGAAGTAGCTTACGGA-1",5,9
"TGAATACCGACGCGTA-1",4,4
"TGAATATGCTATAAAC-1",5,3
"TGAATGAGATACAGCA-1",3,8
"TGAATGAGTGTTTCCC-1",4,4
"TGAATGTCAGCCGGCC-1",4,4
"TGAATTTCACTTGCCT-1",5,9
"TGACAACGCATGTCGC-1",4,4
"TGACAACTTAAAGGTG-1",7,7
"TGACACTTCTCTTTGC-1",5,3
"TGACAGAAATCTTGCT-1",5,3
"TGACAGGACAAGTCCA-1",8,5
"TGACATATATGACGAT-1",5,9
"TGACATCGAGCGGACC-1",4,4
"TGACATGTAACGTGAC-1",4,4
"TGACCAAATCTTAAAC-1",4,4
"TGACCCACGTTAGACA-1",6,15
"TGACGAATATTTCCCT-1",4,4
"TGACGATGCACTAGAA-1",7,7
"TGACTCCGAATCATAC-1",8,5
"TGAGAATGCTTTACCG-1",6,6
"TGAGACGTACCTCTCA-1",5,3
"TGAGAGATTTACCACG-1",7,7
"TGAGATTAGGCCCTAA-1",8,5
"TGAGCCATACAGTCTC-1",7,11
"TGAGCGGAAAGTGTTC-1",7,7
"TGAGCTCAACTGTATA-1",5,10
"TGAGCTTTAATGACGC-1",4,4
"TGAGGAGTGCCAGCTT-1",7,7
"TGAGGCATGTACTGTG-1",8,5
"TGAGGTGTGTGGCGGA-1",8,9
"TGAGTAAATTAGCGTA-1",9,13
"TGAGTGCCTCTTAAAT-1",7,7
"TGAGTGGTCCGTGACG-1",7,12
"TGAGTGTAACAACGGG-1",5,3
"TGAGTTAAAGACATTC-1",4,4
"TGATACATTTAGCCGT-1",7,7
"TGATAGCGGGATTCTA-1",7,9
"TGATCACCACACTGAC-1",4,4
"TGATCAGGGAACTGCT-1",4,4
"TGATCCCAGCATTAGT-1",8,9
"TGATCGGTTTGACCCT-1",6,15
"TGATCTACGCTGATCT-1",5,3
"TGATCTATCACACTCT-1",8,5
"TGATCTCCGGCGCCAG-1",6,15
"TGATGGCTGTTTCTGA-1",8,9
"TGATGGGACTAAGTCA-1",7,7
"TGATGTCAATTAAGTG-1",4,4
"TGATTATGGCACGCAG-1",5,3
"TGATTCAGGTCCCGCG-1",8,9
"TGATTCCCGGTTACCT-1",4,4
"TGATTCGTCTATCACT-1",9,11
"TGATTCTGTCGCCGGT-1",7,7
"TGATTTATTAGCTGTG-1",7,13
"TGATTTCCTCCTGACG-1",6,15
"TGCAAACGTACTAGTT-1",5,9
"TGCAAAGTTCGTCTGT-1",8,9
"TGCAACCCATCTGCGG-1",7,7
"TGCAACTACTGGTTGA-1",8,9
"TGCAAGAATGACGTAA-1",6,6
"TGCAATCTAACACGGT-1",7,4
"TGCAATTTGGGCACGG-1",5,3
"TGCACAGTGAAGTTAT-1",5,2
"TGCACTATGTGAGTGC-1",7,7
"TGCAGAACTATATCGT-1",4,4
"TGCAGAGTACCGAGCA-1",7,7
"TGCAGATCGTCCTAGG-1",4,9
"TGCAGCTACGTACTTC-1",8,9
"TGCAGGATCGGCAAAG-1",7,12
"TGCAGTGAGGCTCGGG-1",3,8
"TGCAGTGGTAGGGAAC-1",8,9
"TGCAGTTTCCTCCCAT-1",7,7
"TGCATATGTCTGTCAC-1",7,13
"TGCATGTGACCCATAG-1",8,9
"TGCATGTGGTAATCTA-1",7,7
"TGCCAAAGTCAGACTT-1",4,9
"TGCCAATGGGTACTCT-1",7,7
"TGCCACACTAGAGGAA-1",5,9
"TGCCACCTGGCGAAAC-1",7,13
"TGCCAGTACGTGGAGA-1",9,11
"TGCCATTACTAAAGAA-1",4,12
"TGCCCGATAGTTAGAA-1",8,9
"TGCCCGTACCGTTAAA-1",9,11
"TGCCGAAAGCGTATTC-1",8,9
"TGCCGGATGTACGAGC-1",4,4
"TGCCGTGGATCGTCCT-1",7,7
"TGCCGTGGGACCCAAT-1",4,4
"TGCCGTTCTTAATCGG-1",8,3
"TGCCTAATTGAAGATT-1",4,4
"TGCCTGACATCGGTCA-1",7,2
"TGCCTGATCAAACGAT-1",9,12
"TGCCTTGGCCAGGCAA-1",7,12
"TGCGAATATGGGATTT-1",8,9
"TGCGACACCCTAGTGC-1",7,7
"TGCGACGGCCGAACGT-1",4,4
"TGCGAGAATATTACCC-1",7,7
"TGCGAGATGGCGGCCA-1",3,8
"TGCGAGCCCTTCCGCG-1",5,2
"TGCGATGCTAATGGCT-1",7,9
"TGCGCAAAGCATTTGG-1",6,15
"TGCGCCGTTAATAACG-1",5,9
"TGCGGACTTGACTCCG-1",4,4
"TGCGGAGTAAAGGTGC-1",9,13
"TGCGGCATAGTTCAAC-1",6,6
"TGCGGTGAAATTTCAT-1",7,12
"TGCGTAAGAACCTGAT-1",7,7
"TGCGTACGGCTAATTG-1",5,9
"TGCGTCATGACTGAGC-1",4,4
"TGCGTGATTGGGTGTC-1",9,13
"TGCGTTTGTTGACACT-1",9,11
"TGCTAAGTGTCTATTT-1",7,7
"TGCTATGGCAAAGGGA-1",5,9
"TGCTCAAAGGATGCAC-1",2,14
"TGCTCCACAGTTCTTA-1",7,7
"TGCTCGGCGAAACCCA-1",7,7
"TGCTCGGTGGGTCACC-1",4,4
"TGCTCTTGAGAGTTTG-1",7,4
"TGCTGCGTCAGAGTTA-1",3,8
"TGCTGGTTGGACAATT-1",6,15
"TGCTGTTGAAGAACTC-1",6,15
"TGCTTAGAGAGAATGC-1",8,9
"TGCTTCCCAAGCAGTA-1",7,7
"TGCTTGAAACCATGCA-1",7,13
"TGGAAACGGAGTGAAC-1",9,13
"TGGAACCACTGACACA-1",8,5
"TGGAAGAAGGGAACGT-1",7,4
"TGGAAGACGAACACCA-1",6,15
"TGGAAGGATAAAGATG-1",9,11
"TGGAATATCCTTGACC-1",5,3
"TGGAATTAGACGCTTT-1",7,7
"TGGACACCGTTGCTTG-1",5,9
"TGGACCAATCTAAGAT-1",7,7
"TGGACCACGGCGTTGA-1",6,6
"TGGACGCAATCCAGCC-1",8,5
"TGGACGTAGGCGAATC-1",7,12
"TGGACTGTTCGCTCAA-1",6,15
"TGGAGAATAATCGTCC-1",1,1
"TGGAGGGAAACACCTC-1",3,8
"TGGAGTGATGCGATGA-1",9,11
"TGGATAGAGTAACAGA-1",7,12
"TGGATGGCATCTTGGA-1",5,9
"TGGCAAACTAAATTAC-1",9,11
"TGGCAACTCGCGCGCC-1",4,12
"TGGCAAGCACAAGTCG-1",4,4
"TGGCAATGGGACGGCG-1",4,4
"TGGCATGAAGTTTGGG-1",8,5
"TGGCCAAACTGAAGTA-1",9,10
"TGGCCAATTTGGTACT-1",8,9
"TGGCCGTATATTGACC-1",9,11
"TGGCGACTGCTCCAAA-1",7,7
"TGGCGATCAAGTTATG-1",7,7
"TGGCTACACTCTACCT-1",4,9
"TGGCTATGTGACATAC-1",7,7
"TGGCTCTTGTCGCGTA-1",8,9
"TGGCTTATGTATAATG-1",8,9
"TGGCTTGTACAAGCTT-1",5,3
"TGGCTTTGGGTAGACA-1",6,15
"TGGGAAATGCCTTTCC-1",7,13
"TGGGACCATTGGGAGT-1",7,12
"TGGGATGCACTCATTC-1",5,3
"TGGGCAATAGTTGGGT-1",4,4
"TGGGCACGTTCTATGG-1",7,12
"TGGGCAGGCCACCGCA-1",8,9
"TGGGCCACAAGAGCGC-1",7,12
"TGGGCCCATACTAATT-1",7,7
"TGGGCCTTGCCTGCAT-1",7,12
"TGGGCGATACAATAAG-1",4,4
"TGGGTAAGGTTCCCGC-1",4,16
"TGGGTGCACAAGCCAT-1",4,4
"TGGGTGTAATAGATTT-1",5,3
"TGGGTGTTAAGTAGAA-1",8,16
"TGGGTTCCCGGACGGA-1",5,9
"TGGGTTTCGGGCGTAC-1",5,9
"TGGTAAGCAGGATTGA-1",8,9
"TGGTAGAATATATGGG-1",4,4
"TGGTCCCACGCTACGG-1",9,13
"TGGTCGATATACCTCT-1",5,9
"TGGTCGGGTACAGGGC-1",3,3
"TGGTCGTGCAAGGCAA-1",5,9
"TGGTCTAGCTTACATG-1",5,9
"TGGTCTGTTGGGCGTA-1",7,4
"TGGTGATCGTATTTGT-1",7,9
"TGGTGCCCTGCCTTAC-1",8,9
"TGGTTAACTTACATTT-1",8,5
"TGGTTAAGGGCGCTGG-1",5,9
"TGGTTATGCTTGCGGT-1",5,9
"TGGTTCAACGGGTAAT-1",9,13
"TGGTTCGTAGCAAAGG-1",6,15
"TGGTTGGAGGATCCTG-1",5,3
"TGGTTTAAACGTGGGT-1",5,3
"TGTAATGACCACAATA-1",7,9
"TGTACCCGACCCTAAT-1",5,3
"TGTACCTACACGAGGG-1",7,7
"TGTACGAACAAATCCG-1",6,11
"TGTACTACTCTCACGG-1",5,3
"TGTACTATCGCTCGTT-1",5,8
"TGTACTTCCGGGCATG-1",5,8
"TGTAGCCAATTCCGTT-1",8,9
"TGTAGCCATCCCATTC-1",5,9
"TGTAGGAGAAATTTCC-1",7,13
"TGTAGTGATCTATAAT-1",7,12
"TGTATAACAGATCCTG-1",7,7
"TGTATACGGATGATGA-1",3,10
"TGTATCCTTATTCCAT-1",6,6
"TGTATGGCGCAGACAG-1",7,7
"TGTATTTACCTAATGC-1",5,3
"TGTCATTTGTTGGGAA-1",5,16
"TGTCCACGGCTCAACT-1",5,9
"TGTCCCGACATAGCAC-1",6,6
"TGTCCGCAAACAATTC-1",8,9
"TGTCCGTGGCGCCTTT-1",7,9
"TGTCCTAAGTCACCGC-1",7,13
"TGTCGGCATGGTGGAA-1",6,6
"TGTCGTGGGTATAGGC-1",8,9
"TGTCGTTATCACATAT-1",8,5
"TGTCTACAGTTTCTGT-1",6,6
"TGTGACTACGCCAGTC-1",9,13
"TGTGACTAGAGTTTGC-1",5,5
"TGTGAGACTAGCCCAA-1",7,7
"TGTGCCAGAGGCAAAG-1",8,9
"TGTGCCGGTGCCGGAA-1",7,4
"TGTGCTTTACGTAAGA-1",4,9
"TGTGGACTATCTACGT-1",5,10
"TGTGGCAAAGCGTATG-1",7,12
"TGTGGCGGGCTTCTGG-1",4,4
"TGTGGCTCCCACCAAC-1",8,9
"TGTGGTAGGGTGCCTT-1",5,10
"TGTGGTTGCTAAAGCT-1",4,4
"TGTGTAGTAGCACGTG-1",8,9
"TGTGTCGAAGTCGAGG-1",5,9
"TGTGTCGCGAGTTGCA-1",9,13
"TGTGTGACCATGAATC-1",8,9
"TGTGTTCGTATCCAAG-1",4,9
"TGTTATTGTATGTGGC-1",9,13
"TGTTCATAAATGTGCT-1",5,9
"TGTTCCGCTTCCATGA-1",7,7
"TGTTCCGGCCTGAGCT-1",4,4
"TGTTCGTATTGCGGTG-1",9,11
"TGTTCTCTACTCCCTA-1",3,8
"TGTTCTTCCATTGACT-1",9,11
"TGTTGCCGTCGTCCCA-1",5,9
"TGTTGTCAAGAAGTCT-1",7,7
"TGTTTCGGTACTTCTC-1",6,15
"TGTTTCTGAAGCGTGC-1",8,5
"TGTTTGAGATCGTCAG-1",4,9
"TTAAACAGAGTCCCGC-1",6,6
"TTAAACCTGGTTCCTT-1",5,9
"TTAAACTCGAATTCAT-1",4,4
"TTAAAGGCGATGCTCG-1",8,5
"TTAAAGTAAGTCGCCA-1",5,3
"TTAACACCTCGAACAT-1",7,7
"TTAACCAACCCTCCCT-1",6,6
"TTAACGAACAAGCAGT-1",5,3
"TTAACGTCGCAAGACC-1",6,6
"TTAACGTTAAAGCCTG-1",5,9
"TTAACTCACGCGTGGA-1",8,9
"TTAACTTCAGGTAGGA-1",4,4
"TTAAGATACCCAGAGA-1",5,3
"TTAAGATAGGATTGAC-1",7,7
"TTAAGCCGACAACTTC-1",9,13
"TTAAGCGCCTGACCCA-1",9,15
"TTAAGGCCCGTACTTT-1",8,5
"TTAAGTATTGTTATCC-1",4,4
"TTAATCAGTACGTCAG-1",7,12
"TTAATGTAGACCAGGT-1",6,15
"TTAATGTGTTTGCAGG-1",5,9
"TTAATTGCTTTGGGTG-1",7,7
"TTAATTTCAGACGCGG-1",9,13
"TTACAACTACGCATCC-1",6,15
"TTACACGATCTGCGAC-1",5,9
"TTACAGACCTAAATGA-1",4,4
"TTACATCGTGGCCTGG-1",6,15
"TTACATGCCACAACTA-1",4,4
"TTACCATTGATTACCC-1",7,4
"TTACCCATTGCCGGGT-1",4,4
"TTACCCTAACAGTCCT-1",7,7
"TTACCCTAGGGATTGG-1",7,7
"TTACCGCCTTAGGGAA-1",9,13
"TTACGGATGGTTCGAG-1",4,4
"TTACGTATCTATGACA-1",5,9
"TTACTAAAGGACTTTA-1",9,13
"TTACTATCGGCTTCTC-1",7,12
"TTACTCCGGCCGGGAA-1",9,13
"TTACTCTGGTACGTAC-1",7,12
"TTACTGGGATATTTCA-1",9,13
"TTACTGTCTAGAGCTC-1",5,3
"TTAGAAGAACATGACT-1",7,13
"TTAGAATAAGGGTCGG-1",4,4
"TTAGACACGATCGTTG-1",4,4
"TTAGACGAGTCACCTC-1",9,13
"TTAGAGGGATATACAG-1",8,12
"TTAGAGTATTGTCGAG-1",5,8
"TTAGAGTTTAGAAGGA-1",7,7
"TTAGATAGGTCGATAC-1",7,13
"TTAGCAACATGGATGT-1",7,12
"TTAGCATCCCTCACGT-1",5,3
"TTAGCCATAGGGCTCG-1",5,3
"TTAGCGAATAGATAGG-1",5,8
"TTAGCTAATACGATCT-1",8,9
"TTAGCTCTGTAATCCG-1",8,9
"TTAGCTGATTTGCCGT-1",7,7
"TTAGGTCATAACCGAC-1",4,4
"TTAGTAAACCTGCTCT-1",7,4
"TTAGTAGGGCGGCGGG-1",7,4
"TTAGTTATTCGTGGCA-1",7,7
"TTAGTTCAAGTGTTCG-1",5,3
"TTATAGGTAATTGTCT-1",7,7
"TTATATACGCTGTCAC-1",9,15
"TTATATTTGGCAATCC-1",6,15
"TTATCCAATCGAACTC-1",6,6
"TTATCCGGGATCTATA-1",7,7
"TTATCCTCAAGGAATA-1",4,4
"TTATCGCCTGCGAAGC-1",7,9
"TTATCTGACATTAGGA-1",8,9
"TTATCTGTATCATAAC-1",6,15
"TTATGACAAACTGGAT-1",7,7
"TTATGATCTTAACGAA-1",9,13
"TTATGTTTGCGATAGA-1",7,7
"TTATTAGGGAAGCATC-1",6,15
"TTATTATCTGGAAGGC-1",5,10
"TTCAAAGTCTCTAGCC-1",6,15
"TTCAACGACCCGACCG-1",6,6
"TTCAAGCCGAGCTGAG-1",2,2
"TTCAATACTCTGAATC-1",7,7
"TTCACGGTCGTCACGT-1",5,3
"TTCACTCGAGCACCTA-1",7,12
"TTCACTTCCTAGAACG-1",4,4
"TTCAGCCCTGGTCCAC-1",7,7
"TTCAGCTGGCGTGCCC-1",7,7
"TTCAGGCGTCAAAGCC-1",8,9
"TTCAGTTCAAGAGGAG-1",5,3
"TTCAGTTTGTGGCAGC-1",5,9
"TTCATAGCCTTGTAAC-1",9,13
"TTCATAGGGTGTCCAT-1",5,3
"TTCATGGCGCAACAGG-1",7,2
"TTCCAATCAGAGCTAG-1",4,9
"TTCCAATCTGGCTATC-1",7,7
"TTCCACACAGATTTGA-1",7,7
"TTCCAGACGAGATTTA-1",8,9
"TTCCAGTGGGTTTCGT-1",5,9
"TTCCATCATGCGGTGA-1",5,3
"TTCCATCGACAGCGTG-1",4,4
"TTCCCGGCGCCAATAG-1",8,9
"TTCCGCAGAGAAATAT-1",8,9
"TTCCGGCCTTGAGGCT-1",7,7
"TTCCGGCTCGACTTCT-1",5,3
"TTCCGGTATCTGTGTC-1",8,9
"TTCCGGTTACCCACTT-1",7,7
"TTCCTCGAGGGTGTCT-1",6,15
"TTCCTCGGACTAACCA-1",7,7
"TTCCTCTGCCCGAATA-1",7,9
"TTCCTTTCTGTGTTGC-1",6,6
"TTCGAACGAAACATGC-1",5,9
"TTCGACAGAGCCCGTG-1",9,13
"TTCGACGGGAAGGGCG-1",9,11
"TTCGCACTCGCGTGCT-1",9,11
"TTCGCACTGTACGACA-1",7,7
"TTCGCATCCGGAAGCA-1",7,13
"TTCGCCGCTCGCGCTA-1",8,5
"TTCGCGCGCCATACGA-1",7,7
"TTCGCTAGGAAGTTGT-1",8,9
"TTCGCTATCTGACGTG-1",8,9
"TTCGGACTGGGCATGG-1",5,3
"TTCGGCAACCCGCTGA-1",8,5
"TTCGGCTAGAGATGGT-1",9,13
"TTCGGGACTAATCGCG-1",6,15
"TTCGGGCGCTAGTCTT-1",4,4
"TTCGGGTTGCCACGGG-1",5,9
"TTCGGTACTGTAGAGG-1",4,4
"TTCGGTGGAGACGCCC-1",5,9
"TTCGTAATCCCAGCGG-1",8,9
"TTCGTACTCCAGAACG-1",9,13
"TTCGTGCATGTTATAG-1",8,9
"TTCGTTCAACGAAGTT-1",5,12
"TTCTAACCGAAGCTTA-1",7,13
"TTCTACCTCAATCGGT-1",8,9
"TTCTACTTGCGAGGGC-1",9,13
"TTCTAGAAAGTCTTAT-1",7,7
"TTCTAGGCCAATTGTG-1",6,15
"TTCTATGCCTTTCGCA-1",8,9
"TTCTATTAAACGCAGC-1",4,4
"TTCTCAATTGCTACAA-1",5,3
"TTCTCTTACAGGTGAT-1",8,5
"TTCTGACCGGGCTCAA-1",7,7
"TTCTGCCGCGCCTAGA-1",9,13
"TTCTGCGAGCGCCCTT-1",8,9
"TTCTGCGGGTTAGCGG-1",9,11
"TTCTGCTAGACTCCAA-1",8,9
"TTCTGTTTCCTGTCGC-1",7,9
"TTCTTAGTGAACGGTG-1",6,15
"TTCTTAGTGGCTCAGA-1",6,15
"TTCTTATCCGCTGGGT-1",4,4
"TTCTTGAGCCGCGCTA-1",7,7
"TTCTTGCTAGCATCTC-1",4,4
"TTCTTGGACGATCTGC-1",4,4
"TTCTTGGAGTAATGAG-1",7,7
"TTCTTGTAACCTAATG-1",9,13
"TTCTTGTGTCCATCAG-1",7,9
"TTCTTTGGTCGCGACG-1",5,10
"TTGAAAGGTGTAAAGG-1",5,3
"TTGAACGAATCCTTTG-1",7,7
"TTGAACGACGTGCTGA-1",7,7
"TTGAAGAATTCCCAGG-1",6,6
"TTGAAGGATGGGCGCC-1",8,5
"TTGAATATGGACTTTC-1",9,13
"TTGAATCGTTGTATAA-1",8,9
"TTGAATTCACGTGAGG-1",7,4
"TTGACAGGAGCTCCCG-1",7,12
"TTGACATGAACGTGGA-1",7,7
"TTGACCAGGAACAACT-1",4,4
"TTGACCATGTTCTCCG-1",7,7
"TTGACCGTGTTAATGA-1",4,4
"TTGACGCTCCATGAGC-1",4,4
"TTGACTACCATATGGT-1",7,7
"TTGACTATTGTCCGGC-1",4,4
"TTGAGAAGTTTAGCAT-1",7,7
"TTGAGAGTACTGCTAA-1",7,12
"TTGAGCAGCCCACGGT-1",8,9
"TTGAGCGCCACGTGAT-1",5,9
"TTGAGTCCCGCTGCTG-1",8,9
"TTGATAGTCAATACAT-1",5,9
"TTGATCTAACTTTGTC-1",6,15
"TTGATGCCGCTCGTCG-1",8,9
"TTGATGTGTAGTCCCG-1",4,4
"TTGATTAGCTGTTTCT-1",4,4
"TTGATTATGCAGATGA-1",7,7
"TTGCAAGAAGACTCCT-1",4,4
"TTGCACAATTCAGAAA-1",9,10
"TTGCACGGAGCAGCAC-1",6,15
"TTGCATGCTGATCACG-1",7,4
"TTGCCAAGCAGAACCC-1",4,12
"TTGCCATAGCCCGCTC-1",8,5
"TTGCCCTGATCACGGG-1",7,13
"TTGCCGCAGACCTACA-1",8,5
"TTGCCGCTTTCTAGTA-1",7,7
"TTGCCGGTGATCCCTC-1",8,5
"TTGCCTAATCCAAAGT-1",8,9
"TTGCCTTCTCGCCGGG-1",5,9
"TTGCGCACAACCACGT-1",2,14
"TTGCGCTCTCTCGCTT-1",5,9
"TTGCGCTTGATCAATA-1",5,3
"TTGCGGAAAGCTGCCC-1",7,7
"TTGCGGCATCAGAAAG-1",7,7
"TTGCGTAGTTTGAGGA-1",7,7
"TTGCGTCGGCCAACCG-1",7,7
"TTGCGTGAACGCTTAG-1",2,2
"TTGCGTGTGTAGGCAT-1",4,4
"TTGCTCATAGTACGTG-1",5,3
"TTGCTCCCATACCGGA-1",9,13
"TTGCTGAAGGAACCAC-1",6,6
"TTGCTGATCATGTTCG-1",6,15
"TTGCTGCACCTATCCA-1",7,7
"TTGGAAGAATACAGTC-1",4,4
"TTGGACATGTGGCTTA-1",7,4
"TTGGACCATCTGGCAA-1",4,4
"TTGGACCTATAACAGT-1",7,7
"TTGGATATCGTCTACG-1",7,7
"TTGGATCGACTTCTGG-1",6,6
"TTGGATTGGGTACCAC-1",6,15
"TTGGCCAAATTGTATC-1",8,9
"TTGGCCATCTTGCGCT-1",7,12
"TTGGCCTAGAATTTCG-1",4,4
"TTGGCGATCCGAATAT-1",8,9
"TTGGCTCAATATGTGT-1",5,9
"TTGGCTCGCATGAGAC-1",9,13
"TTGGGAAGACGAGCCG-1",4,4
"TTGGGACACTGCCCGC-1",9,13
"TTGGGACGTAAGAGTT-1",4,4
"TTGGGCGGCGGTTGCC-1",9,13
"TTGGGTTTATTCAGCG-1",3,8
"TTGGTATGGCTTGTGT-1",8,9
"TTGGTCACACTCGTAA-1",7,7
"TTGGTTCGCTCAAAGG-1",4,10
"TTGGTTGCGGTGCGCG-1",4,4
"TTGTAAGGACCTAAGT-1",4,4
"TTGTAAGGCCAGTTGG-1",7,7
"TTGTAATCCGTACTCG-1",6,6
"TTGTACACCTCGAACA-1",8,9
"TTGTATCACACAGAAT-1",7,7
"TTGTCACCGCGGTATC-1",8,9
"TTGTCGTTCAGTTACC-1",6,15
"TTGTCTCGGCAAGATG-1",7,9
"TTGTGAACCTAATCCG-1",7,7
"TTGTGAGGCATGACGC-1",8,9
"TTGTGATCTGTTCAGT-1",3,8
"TTGTGCAGCCACGTCA-1",7,13
"TTGTGCGGAAGCGGAT-1",8,5
"TTGTGGAGACAGCCGG-1",2,2
"TTGTGGCCCTGACAGT-1",6,6
"TTGTGGTAGGAGGGAT-1",4,4
"TTGTGGTGGTACTAAG-1",7,4
"TTGTGTATGCCACCAA-1",7,7
"TTGTGTTTCCCGAAAG-1",9,13
"TTGTTAGCAAATTCGA-1",6,15
"TTGTTCAGTGTGCTAC-1",6,15
"TTGTTCTAGATACGCT-1",5,9
"TTGTTGGCAATGACTG-1",5,3
"TTGTTTCACATCCAGG-1",7,4
"TTGTTTCATTAGTCTA-1",4,4
"TTGTTTCCATACAACT-1",4,4
"TTGTTTGTATTACACG-1",5,9
