"barcode","BayesSpace_harmony_09","BayesSpace_harmony_16"
"AAACAACGAATAGTTC-1",7,7
"AAACAAGTATCTCCCA-1",3,8
"AAACAATCTACTAGCA-1",9,13
"AAACAGAGCGACTCCT-1",7,12
"AAACAGCTTTCAGAAG-1",3,8
"AAACAGGGTCTATATT-1",3,8
"AAACAGTGTTCCTGGG-1",3,8
"AAACATGGTGAGAGGA-1",2,14
"AAACATTTCCCGGATT-1",1,14
"AAACCACTACACAGAT-1",7,7
"AAACCCGAACGAAATC-1",5,10
"AAACCGGGTAGGTACC-1",8,9
"AAACCGTTCGTCCAGG-1",3,8
"AAACCTAAGCAGCCGG-1",2,2
"AAACCTCATGAAGTTG-1",8,5
"AAACGAAGAACATACC-1",6,6
"AAACGAGACGGTTGAT-1",8,5
"AAACGCCCGAGATCGG-1",7,7
"AAACGGGCGTACGGGT-1",2,14
"AAACGGGTTGGTATCC-1",7,7
"AAACGGTTGCGAACTG-1",2,14
"AAACGTGTTCGCCCTA-1",4,16
"AAACTAACGTGGCGAC-1",7,7
"AAACTCGGTTCGCAAT-1",2,14
"AAACTCGTGATATAAG-1",8,5
"AAACTGCTGGCTCCAA-1",5,3
"AAACTTAATTGCACGC-1",2,14
"AAACTTGCAAACGTAT-1",5,3
"AAAGAATGACCTTAGA-1",2,14
"AAAGAATGTGGACTAA-1",3,8
"AAAGACATGAAGTTTA-1",6,15
"AAAGACCCAAGTCGCG-1",9,13
"AAAGACTGGGCGCTTT-1",8,5
"AAAGGCCCTATAATAC-1",2,2
"AAAGGCTACGGACCAT-1",1,1
"AAAGGCTCTCGCGCCG-1",3,8
"AAAGGGATGTAGCAAG-1",7,7
"AAAGGGCAGCTTGAAT-1",4,4
"AAAGGTAAGCTGTACC-1",7,13
"AAAGGTCAACGACATG-1",7,12
"AAAGTAGCATTGCTCA-1",3,8
"AAAGTCACTGATGTAA-1",9,13
"AAAGTCGACCCTCAGT-1",8,5
"AAAGTGTGATTTATCT-1",5,3
"AAAGTTGACTCCCGTA-1",8,5
"AAATAACCATACGGGA-1",7,7
"AAATAAGGTAGTGCCC-1",8,5
"AAATACCTATAAGCAT-1",5,3
"AAATAGCTTAGACTTT-1",8,5
"AAATAGGGTGCTATTG-1",3,8
"AAATCCGATACACGCC-1",1,1
"AAATCGTGTACCACAA-1",5,9
"AAATCTAGCCCTGCTA-1",3,8
"AAATCTGCCCGCGTCC-1",3,8
"AAATGACTGATCAAAC-1",3,8
"AAATGATTCGATCAGC-1",4,4
"AAATGCTCGTTACGTT-1",7,7
"AAATGGCATGTCTTGT-1",9,6
"AAATGGCCCGTGCCCT-1",3,8
"AAATGGTCAATGTGCC-1",4,4
"AAATGTATCTTATCCC-1",8,5
"AAATGTGGGTGCTCCT-1",6,6
"AAATTAACGGGTAGCT-1",4,4
"AAATTAATAAGCGCGA-1",8,5
"AAATTACACGACTCTG-1",7,7
"AAATTACCTATCGATG-1",4,4
"AAATTCCAGGTCCAAA-1",8,5
"AAATTGATAGTCCTTT-1",2,10
"AAATTGCGGCGGTTCT-1",7,7
"AAATTGGTGAGAAGCA-1",4,16
"AAATTTACCGAAATCC-1",6,15
"AAATTTGCGGGTGTGG-1",5,3
"AACAACTGGTAGTTGC-1",4,4
"AACAATACATTGTCGA-1",1,1
"AACAATTACTCTACGC-1",4,4
"AACACACGCTCGCCGC-1",3,8
"AACACGACTGTACTGA-1",6,6
"AACACGAGACGCGGCC-1",5,8
"AACACGCGGCCGCGAA-1",7,7
"AACAGGAAATCGAATA-1",7,12
"AACAGGATGGGCCGCG-1",4,4
"AACAGGTAGTATGGAT-1",5,10
"AACATAGCGTGTATCG-1",3,8
"AACATATCAACTGGTG-1",4,16
"AACATCGATACGTCTA-1",4,16
"AACATTGAAGTTGATC-1",2,2
"AACATTGGTCAGCCGT-1",7,7
"AACATTGTGACTCGAG-1",1,14
"AACCAAGACTTCTCTG-1",8,5
"AACCAGTATCACTCTT-1",6,13
"AACCATAGGGTTGAAC-1",2,2
"AACCATGGGATCGCTA-1",7,7
"AACCCAGAGACGGAGA-1",7,7
"AACCCGACAACCCGTG-1",2,2
"AACCCGCTGTATTCCA-1",3,8
"AACCCTACTGTCAATA-1",8,5
"AACCCTGGTGGAACCA-1",6,11
"AACCGAGCTTGGTCAT-1",7,7
"AACCGCTAAGGGATGC-1",5,3
"AACCGTTGTGTTTGCT-1",9,13
"AACCTAAAGCCGTCCG-1",6,6
"AACCTCGCTTTAGCCC-1",1,1
"AACCTTTAAATACGGT-1",3,8
"AACCTTTACGACGTCT-1",7,12
"AACGATAATGCCGTAG-1",3,8
"AACGATAGAAGGGCCG-1",7,13
"AACGATATGTCAACTG-1",7,13
"AACGCATGATCTGGGT-1",4,4
"AACGCGAACGGCAACA-1",7,7
"AACGCGACCTTGGGCG-1",2,14
"AACGCGGTCTCCAGCC-1",7,7
"AACGCTGTTGCTGAAA-1",3,8
"AACGGACGTACGTATA-1",5,8
"AACGGCCATCTCCGGT-1",5,9
"AACGTACTGTGGGTAC-1",5,3
"AACGTAGTCTACCCAT-1",9,13
"AACGTCAGACTAGTGG-1",4,4
"AACGTCATCCGGCTTG-1",3,8
"AACGTCGCTGCACTTC-1",3,8
"AACGTGATGAAGGACA-1",9,13
"AACGTGCGAAAGTCTC-1",8,5
"AACGTTATCAGCACCT-1",4,4
"AACTACCCGTTTGTCA-1",5,10
"AACTAGCGTATCGCAC-1",6,15
"AACTAGGCTTGGGTGT-1",3,8
"AACTCAAGTTAATTGC-1",8,9
"AACTCCAGAGCGTGTT-1",2,14
"AACTCCTAATCCCATG-1",7,7
"AACTCGATAAACACGT-1",7,16
"AACTCGATGGCGCAGT-1",7,7
"AACTCTCAATAGAGCG-1",8,5
"AACTCTCAGTGTGCTC-1",3,8
"AACTGAGGTCAGCGTC-1",7,12
"AACTGATATTAGGCCT-1",7,7
"AACTGGGTCCCGACGT-1",7,7
"AACTGGGTTCGAGCCG-1",6,6
"AACTGGTGTGGGCCTT-1",6,15
"AACTTCTGCGTCTATC-1",4,16
"AACTTGCCCGTATGCA-1",4,4
"AACTTGCGTTCTCGCG-1",7,13
"AACTTTACGGGAGCTT-1",8,5
"AACTTTAGCTGCTGAG-1",6,15
"AAGAAAGTTTGATGGG-1",3,8
"AAGAAGGATCAGTTAG-1",7,7
"AAGACCAAATAACTCA-1",2,14
"AAGACCCAACTGAACA-1",2,14
"AAGACTAACCCGTTGT-1",7,7
"AAGACTCACGCCCACT-1",6,15
"AAGACTGCAAGCTACT-1",8,5
"AAGAGATGAATCGGTA-1",4,4
"AAGAGCTCTTTATCGG-1",8,5
"AAGAGGATGTACGCGA-1",8,11
"AAGAGGCATGGATCGC-1",8,5
"AAGAGGCCCTTTGGAA-1",1,1
"AAGATGGCACCGGACC-1",2,14
"AAGATTGGCGGAACGT-1",4,4
"AAGCACCCTGCGTATC-1",2,2
"AAGCATACTCTCCTGA-1",3,8
"AAGCCACTTGCAGGTA-1",3,8
"AAGCCGAAGCGGTTTA-1",3,8
"AAGCCGCCGTGAAATC-1",2,2
"AAGCGCAGGGCTTTGA-1",2,2
"AAGCGGCGTCATGGGT-1",7,12
"AAGCGTCCCTCATCGA-1",2,2
"AAGCTAGATCGAGTAA-1",5,3
"AAGCTCGTGCCAAGTC-1",8,5
"AAGCTCTTTCATGGTG-1",3,10
"AAGGAGAACTTATAAG-1",6,6
"AAGGAGCGGTTGGTGC-1",4,4
"AAGGATCGATCGCTTG-1",5,3
"AAGGATGAGGGACCTC-1",4,4
"AAGGCGCGTAAAGCTT-1",4,4
"AAGGCTGTGCTCATCG-1",4,4
"AAGGGACAGATTCTGT-1",4,4
"AAGGTATCCTAATATA-1",4,4
"AAGGTGATAAACCAGC-1",5,3
"AAGTAAGCTTCCAAAC-1",9,15
"AAGTAGAAGACCGGGT-1",7,7
"AAGTAGTGACGCGAGG-1",8,5
"AAGTCAATTGTCGTCA-1",5,3
"AAGTCTTCTGTGGCCT-1",5,3
"AAGTGACGACCGAATT-1",8,9
"AAGTGAGTCGGGTTTA-1",1,1
"AAGTGCAAAGGTAGAC-1",8,5
"AAGTGCCTTGACTGTA-1",5,3
"AAGTGCGTTAGAATCT-1",3,8
"AAGTGCTTCTCTATTG-1",2,2
"AAGTGTTTGGAGACGG-1",5,3
"AAGTTCACTCCAAGCT-1",3,8
"AAGTTCAGTCTGCGTA-1",4,16
"AAGTTCGGCCAACAGG-1",5,3
"AAGTTGTGATGTTATA-1",2,2
"AAGTTTACTAATGGCA-1",6,6
"AAGTTTATGGGCCCAA-1",2,2
"AATAACAACGCTCGGC-1",8,9
"AATAACACTAGAACAA-1",3,8
"AATAAGTCCTCGAGAC-1",6,6
"AATACAATGTTTCAGG-1",4,4
"AATACCGGAGGGCTGT-1",2,2
"AATACCTGATGTGAAC-1",3,8
"AATAGAACAGAGTGGC-1",3,8
"AATAGAATCTGTTTCA-1",5,3
"AATAGCAAGCCTCCTG-1",7,7
"AATAGCTACCGCGTGC-1",4,16
"AATAGGCACGACCCTT-1",3,10
"AATAGTCCGTCCCGAC-1",3,8
"AATAGTCGCGAGTCGG-1",4,16
"AATATCAAGGTCGGAT-1",9,13
"AATATCCTAGCAAACT-1",2,2
"AATATCGAATCAATGC-1",3,8
"AATATCGAGGGTTCTC-1",8,5
"AATATTGGAGTATTGA-1",8,5
"AATCAGACTGCAGGAC-1",7,7
"AATCAGGTTTCATTTA-1",2,2
"AATCATGTAAAGACTC-1",3,8
"AATCCAAGGGCCTGAG-1",7,7
"AATCCATGCAAGGGTG-1",7,7
"AATCCCGCTCAGAGCC-1",3,8
"AATCGAGGTCTCAAGG-1",3,8
"AATCGCCTCAGCGCCA-1",8,5
"AATCGCGCAGAGGACT-1",5,3
"AATCGGGACACTACGA-1",6,15
"AATCGGTATAGCCCTC-1",3,8
"AATCGTGAGCCGAGCA-1",2,2
"AATCTAGGTTTACTTG-1",2,2
"AATCTATGCCGGAGCC-1",8,5
"AATCTCTACTGTGGTT-1",5,3
"AATCTGCGTTGGGACG-1",8,5
"AATCTGGCTTTCTAGT-1",3,10
"AATCTGGGTAGACCCT-1",6,6
"AATGACAGCAATGTCT-1",5,8
"AATGACGTAGGATGTC-1",8,9
"AATGACTGTCAGCCGG-1",7,7
"AATGAGTTCGCATATG-1",7,7
"AATGATGATACGCTAT-1",4,4
"AATGATGCGACTCCTG-1",4,5
"AATGCAACCGGGTACC-1",7,7
"AATGCACCAAGCAATG-1",4,16
"AATGGTCCACCGTTCA-1",8,5
"AATGGTTCTCACAAGC-1",7,7
"AATGTATGGCACTGTA-1",2,2
"AATGTGCCCGAGGTGT-1",2,14
"AATGTGCTAATCTGAG-1",2,2
"AATGTTAAGACCCTGA-1",3,8
"AATGTTGTCGTGAGAC-1",3,8
"AATTAAAGGTCGGCGT-1",8,9
"AATTAACGGATTTCCA-1",3,2
"AATTACTCGTACGCTC-1",4,16
"AATTAGCGCTGCAGCG-1",5,3
"AATTATACCCAGCAAG-1",3,8
"AATTCATAAGGGATCT-1",4,4
"AATTCATTGTCATGCA-1",2,14
"AATTCCAACTTGGTGA-1",7,7
"AATTCCAAGCATGTAC-1",2,14
"AATTCGATTCGAGGAT-1",2,2
"AATTCTAGAGTTAGGC-1",5,3
"AATTGAACGCTCTGGT-1",8,5
"AATTGCAGCAATCGAC-1",2,14
"AATTGCGTGGATTACA-1",2,2
"AATTTGGGACATAGTA-1",7,7
"AATTTGGTTCCAAAGA-1",9,13
"ACAAACCGACAAGGCG-1",6,6
"ACAAACTCCATCAGAG-1",3,8
"ACAAAGAAGGTAGGCC-1",2,2
"ACAAAGCATGACCTAG-1",1,14
"ACAAATCGCACCGAAT-1",5,3
"ACAAATGGTAGTGTTT-1",8,5
"ACAAATTCAGATCTGA-1",7,7
"ACAACAGCATGAGCTA-1",4,4
"ACAACGGTCCCTGCGA-1",4,4
"ACAAGCAGTGCCTAGC-1",4,4
"ACAAGCTATATGGAAG-1",5,3
"ACAAGGAAATCCGCCC-1",5,3
"ACAAGGACAAGAGGTT-1",4,4
"ACAAGGATGCTTTAGG-1",1,14
"ACAAGGCCTACCAGCC-1",7,12
"ACAAGGGCAGGCTCTG-1",8,9
"ACAAGTAATTGTAAGG-1",3,10
"ACAATAGTCGTACGTT-1",5,3
"ACAATCCATTTAAACC-1",8,9
"ACAATCGATCTTTATA-1",6,6
"ACAATGAATACGGAGA-1",2,14
"ACAATGATTCTTCTAC-1",7,7
"ACAATTGTGTCTCTTT-1",3,8
"ACAATTTAGGAGGCTC-1",8,5
"ACAATTTGAGCAGTGG-1",4,4
"ACACAAAGACGGGTGG-1",7,7
"ACACACCAGGACCAGT-1",5,3
"ACACACTTTCTACACG-1",9,13
"ACACATTGACGCAACA-1",4,16
"ACACATTTCCGTAGAC-1",3,8
"ACACCCAGCATGCAGC-1",9,11
"ACACCCGAGAAATCCG-1",7,7
"ACACCGAGCGCTCTTT-1",4,16
"ACACCTTAAGTAGGGC-1",7,7
"ACACCTTACTACTTGC-1",5,3
"ACACGAGACTCCTTCT-1",4,4
"ACACGGCACTATGCAT-1",9,13
"ACACGGGAACTTAGGG-1",4,4
"ACACGTAGGCCACAAG-1",1,1
"ACACTCCAATGTCACT-1",4,4
"ACACTGATCAAGGTGT-1",3,8
"ACAGAACTGAGAACAA-1",3,2
"ACAGATTAGGTTAGTG-1",6,15
"ACAGCATAGAGCCAGT-1",9,15
"ACAGCGACATTCTCAT-1",1,11
"ACAGCGCACCCGCAGC-1",9,13
"ACAGGAGGCGCAGCCG-1",7,12
"ACAGGCACGGATCCTT-1",3,8
"ACAGGCTTGCCCGACT-1",3,8
"ACAGGTGGAGGTGAGG-1",3,8
"ACAGGTGTGTTGTTGC-1",5,3
"ACAGTAATACAACTTG-1",3,8
"ACAGTGCAGCGCATTT-1",7,7
"ACATAATAAGGCGGTG-1",7,7
"ACATACAATCAAGCGG-1",3,8
"ACATCAGCTGGGACGC-1",8,5
"ACATCCCGGCCATACG-1",3,8
"ACATCCTGGTAACTGT-1",8,5
"ACATCGATCGTTTACC-1",5,9
"ACATCGCAATATTCGG-1",3,10
"ACATCGGTCAGCCGCG-1",8,9
"ACATCGTATGCAATGG-1",8,5
"ACATCGTTAACCTAGT-1",9,13
"ACATCTCAACGCGTAA-1",6,6
"ACATGCTTACGGCAGC-1",3,8
"ACATGGCGCCAAAGTA-1",8,5
"ACATGGCTCAATTTAG-1",4,16
"ACATTAGTTTATATCC-1",5,10
"ACATTCGCGCGGAATA-1",3,8
"ACATTTGAAACCTAAC-1",3,8
"ACCAAACACCCAGCGA-1",4,16
"ACCAAACTAGAAATCC-1",6,6
"ACCAACACCACACACT-1",4,4
"ACCAACCGCACTCCAC-1",2,14
"ACCAACGCTTATTTAT-1",3,8
"ACCAAGAACGCGTGTC-1",7,7
"ACCAAGTCATCGGCAG-1",3,8
"ACCAATATGCAAGTTA-1",3,8
"ACCACAACTCAGAACA-1",9,13
"ACCACAAGTTTCTATC-1",4,4
"ACCACACGGTTGATGG-1",3,8
"ACCACCAATGTAACAA-1",5,9
"ACCACGTGCAGCTATA-1",5,3
"ACCACTGTTCAAGAAG-1",4,16
"ACCAGACCATAACAAC-1",5,3
"ACCAGCCCGGTCTTTG-1",6,6
"ACCAGGAGTGTGATCT-1",6,6
"ACCAGTGCCCGGTCAA-1",7,7
"ACCAGTGCGGGAGACG-1",5,3
"ACCATATCCGCAATAA-1",8,9
"ACCATCCGCCAACTAG-1",3,8
"ACCATCGTATATGGTA-1",8,9
"ACCATTAAGGGTGTCA-1",4,16
"ACCCAACGCCCGTGGC-1",4,4
"ACCCACCTACATGCTC-1",4,4
"ACCCATCTTGAGGGTA-1",8,9
"ACCCATTTGTCCCTCT-1",1,14
"ACCCGAGCGAAATTAC-1",1,1
"ACCCGATTGGTTCCGA-1",2,2
"ACCCGGAAACTCCCAG-1",3,8
"ACCCGGATGACGCATC-1",8,5
"ACCCGGTTACACTTCC-1",8,9
"ACCCGTAGCAGAGAAT-1",3,8
"ACCCGTGTCATCAGTA-1",3,10
"ACCCTATAGGACTGAG-1",7,7
"ACCCTATGCCATATCG-1",2,2
"ACCCTCCCGTCAGGGC-1",3,8
"ACCCTCCCTTGCTATT-1",5,3
"ACCCTGGTAACGCCCT-1",8,5
"ACCCTTCATCTGCGAA-1",9,13
"ACCCTTTAGTTCTCCA-1",6,6
"ACCGAAAGGGCCCTGC-1",6,15
"ACCGACACATCTCCCA-1",2,2
"ACCGACTGAGTCCCAC-1",4,4
"ACCGAGTCTCCTTATT-1",3,8
"ACCGATGGTAGCATCG-1",8,5
"ACCGCAATAACTGCCT-1",5,3
"ACCGCGGTGGAAGTCG-1",5,3
"ACCGCTAGTCATTGGT-1",3,8
"ACCGGGCCTTTGTTGA-1",5,3
"ACCGGTCTGAGTACGG-1",6,15
"ACCGTCCACTGGGCCC-1",2,14
"ACCGTGACCACGTGGG-1",1,1
"ACCGTTCCCGCTCTGA-1",6,6
"ACCTAAGTACCTTTCA-1",3,8
"ACCTAATCGACTTCCT-1",4,4
"ACCTACAGTATGTGGT-1",5,3
"ACCTACTATAAATCTA-1",2,2
"ACCTCAGCGAGGCGCA-1",3,8
"ACCTCCGCCCTCGCTG-1",2,2
"ACCTCCGTTATTCACC-1",8,5
"ACCTCGAACTTATGCT-1",2,2
"ACCTGCGTGTCATGTT-1",3,8
"ACCTTTCCTTTAGAAG-1",6,6
"ACGAAATGGGCGGCAC-1",8,5
"ACGACTCTAGGGCCGA-1",3,8
"ACGACTGGTCATACTC-1",1,1
"ACGAGAACCCATCACG-1",7,13
"ACGAGATATTTGCTTA-1",9,13
"ACGAGGATACCACTCT-1",3,8
"ACGAGTACGGATGCCC-1",8,5
"ACGAGTCGCCGGCGTT-1",7,12
"ACGATACATAGAACTA-1",7,13
"ACGATACCTATCCTGA-1",8,5
"ACGATCATACATAGAG-1",4,4
"ACGATCATCTTGTAAA-1",8,5
"ACGATGCATATGTTAT-1",8,9
"ACGATGGATCCGATGC-1",9,13
"ACGCAAACTAATAGAT-1",1,1
"ACGCAATCACTACAGC-1",8,5
"ACGCATAAATGACATG-1",7,12
"ACGCATACGTTTACTA-1",2,2
"ACGCATTCGTGAGTAC-1",4,4
"ACGCCACTCGAAACAG-1",3,8
"ACGCCAGATGATTTCT-1",9,11
"ACGCCAGTGCGTTTGC-1",3,8
"ACGCCCAGCTGTCGAT-1",6,6
"ACGCCGCTAGACGACC-1",8,5
"ACGCGAAGTCAGACGA-1",5,3
"ACGCGCTACACAGGGT-1",5,9
"ACGCGGGCCAAGGACA-1",4,4
"ACGCGTTTCTTAAGAG-1",8,5
"ACGCTAGTGATACACT-1",8,5
"ACGCTGTGAGGCGTAG-1",5,3
"ACGCTTAGTGTCTCTC-1",6,6
"ACGGAACACGAGTGCC-1",3,8
"ACGGAATTTAGCAAAT-1",7,7
"ACGGACGCAGCGACAA-1",3,8
"ACGGAGCGCAAATTAC-1",4,16
"ACGGATGGTGCGGATA-1",3,8
"ACGGCACTTGCTTGGG-1",3,8
"ACGGCCAACATGGACT-1",3,8
"ACGGCGACGATGGGAA-1",5,3
"ACGGCGGGTTGCCCTG-1",7,7
"ACGGCTGGATGTAGAA-1",1,1
"ACGGGAGTGTCGGCCC-1",3,8
"ACGGGTCATGTGACTT-1",4,9
"ACGGGTTGTGACCTGT-1",3,8
"ACGGTACAGTTCAATG-1",3,8
"ACGGTCACCGAGAACA-1",3,8
"ACGTACAGATTTCTCT-1",9,13
"ACGTACTTTGGCACGG-1",2,2
"ACGTAGATTGCTGATG-1",4,4
"ACGTAGGAGAGTCGCT-1",3,2
"ACGTATTACTCCGATC-1",8,5
"ACGTCCTAAACGAGAT-1",6,15
"ACGTCGGGCAACTCGG-1",3,2
"ACGTCTCGTTCCGGGA-1",3,8
"ACGTGACAAAGTAAGT-1",2,14
"ACGTGCGCCTCGTGCA-1",7,7
"ACGTGGTCGAATGTGC-1",6,6
"ACGTTAATGTCGAAGA-1",8,5
"ACGTTAGATTTGCCCG-1",8,9
"ACGTTATTGGTCACTC-1",4,4
"ACGTTCACTATGCCGC-1",3,8
"ACGTTCCGCGCTCCGT-1",6,15
"ACGTTCGCAATCAATT-1",8,5
"ACGTTCGTTCAGGAAA-1",1,1
"ACGTTCTGTACAAGTC-1",2,14
"ACGTTGTCGTTGAAAG-1",3,8
"ACGTTTAGTTGTGATC-1",9,13
"ACTAATACGTCAGGCG-1",7,7
"ACTACAAAGAGAGGTG-1",3,2
"ACTACCAGCTCTCTGG-1",4,5
"ACTACCATCCGAGGGC-1",3,8
"ACTACGCGTTAGAATT-1",2,14
"ACTAGTTGCGATCGTC-1",3,8
"ACTATATGCTGTGTTC-1",7,16
"ACTATCCAGGGCATGG-1",8,5
"ACTATCGCCGGCTAAA-1",4,16
"ACTATCTGCCCGCGTA-1",5,10
"ACTATTCGTCCGTGGT-1",7,13
"ACTATTTCCGGGCCCA-1",2,14
"ACTCAACGAATGTATT-1",7,13
"ACTCAAGTGCAAGGCT-1",2,14
"ACTCAATAAAGGCACG-1",4,4
"ACTCAGACCTGCTTCT-1",9,13
"ACTCCAATATCATCAT-1",1,1
"ACTCCCATTCCTAAAG-1",3,8
"ACTCCCGAATTCGTTT-1",8,5
"ACTCCCTAATGCTAAA-1",3,8
"ACTCCCTAGAATAGTA-1",5,3
"ACTCCGGCCGACCACT-1",3,8
"ACTCGATGTATTTCAT-1",4,4
"ACTCGCCGTTCGATAA-1",2,14
"ACTCGTAACCCGTCCT-1",3,8
"ACTCGTCAGTAATCCC-1",8,5
"ACTCTAAACCTGGGAT-1",8,5
"ACTCTCTGACTTAGGT-1",8,9
"ACTCTCTTATACACGA-1",9,15
"ACTCTGACCTAATAGA-1",3,8
"ACTCTTGTATAGTAAC-1",8,5
"ACTGAAACGCCGTTAG-1",3,8
"ACTGAATGGCGAAAGT-1",5,3
"ACTGATTTAGTGATTC-1",6,6
"ACTGCCCGCCATTCTC-1",2,2
"ACTGCCGTCGTAACTC-1",7,13
"ACTGGGATGCCAGTGC-1",3,8
"ACTGTACGATACACAT-1",4,4
"ACTGTAGCACTTTGGA-1",4,4
"ACTGTATACGCGAGCA-1",7,7
"ACTGTCCAGGATTATA-1",4,4
"ACTGTCTTCTTTAGAA-1",4,4
"ACTGTGCTAGTAGATC-1",7,7
"ACTGTTTAGTGTAGGC-1",6,6
"ACTTACCGGGCGCGCA-1",7,12
"ACTTACGCATCCACGC-1",2,10
"ACTTAGTACGACAAGA-1",7,7
"ACTTATACTTACCCGG-1",8,5
"ACTTATCTGATCTATA-1",9,13
"ACTTATTAGGATCGGT-1",8,9
"ACTTATTTATGTGCCA-1",5,3
"ACTTCAGGCTGATCCC-1",5,3
"ACTTCCATGCGGGACA-1",1,1
"ACTTCGCCATACGCAC-1",4,4
"ACTTGACTCCCTCTTT-1",8,5
"ACTTGCCATATTGTAC-1",6,15
"ACTTGCTCTATCTACC-1",3,8
"ACTTGGGACCCGGTGG-1",4,4
"ACTTGGGCTTTCGCCA-1",3,8
"ACTTGTAGTCCCTTCA-1",3,8
"ACTTGTGGATGGAACG-1",3,8
"ACTTGTTACCGGATCA-1",3,8
"ACTTTACCCTCATGAA-1",8,5
"ACTTTATACACCACTT-1",3,8
"ACTTTCCTATAGCTTC-1",4,4
"ACTTTGACTGCATCCT-1",5,3
"ACTTTGGTCGTGCTCC-1",1,14
"AGAAATTATGACTCGC-1",5,10
"AGAACACGGCGATGGT-1",3,8
"AGAACCCTCAATTGGG-1",1,1
"AGAACGTGGTACATTC-1",4,4
"AGAACTGTACTTTGTA-1",3,8
"AGAAGAGCGCCGTTCC-1",8,10
"AGAAGGTACACTTCAC-1",2,14
"AGAAGGTTGCCGAATT-1",8,9
"AGAAGTGATTCGTGAT-1",5,8
"AGAATAAATCTTCAGG-1",8,5
"AGAATACAGGCTATCC-1",3,8
"AGAATGCGGGTTCGGA-1",4,16
"AGAATTATGGATTCGA-1",8,5
"AGAATTGTTTGACATA-1",4,4
"AGACAGCTCAGAATCC-1",4,4
"AGACATAGATCCTTCC-1",6,15
"AGACCAAACCACACCT-1",2,14
"AGACCATGGGATACAA-1",4,4
"AGACCCACCGCTGATC-1",5,3
"AGACCCGCCCTCCTCG-1",4,4
"AGACCGCTCCGCGGTT-1",5,10
"AGACCGGGAAACCCTG-1",5,3
"AGACGAAGTGCCGGTC-1",3,8
"AGACGACGATGCCGCT-1",3,8
"AGACGGGATTGGTATA-1",6,6
"AGACGGGCCGATTTAA-1",7,7
"AGACTAGCCTTCCAGA-1",4,4
"AGACTGTTACCGGGTC-1",1,1
"AGAGAAACACCAGAAA-1",2,2
"AGAGAACCGTCTAGGA-1",4,4
"AGAGAAGGAGTACAAT-1",2,14
"AGAGATCTCTAAAGCG-1",5,3
"AGAGCAGTTATGAGAC-1",4,4
"AGAGCCGCCGAGATTT-1",2,14
"AGAGCGGGCTAATCAT-1",7,7
"AGAGCGTACAAGCTCG-1",4,4
"AGAGCTACGAAAGCAT-1",6,15
"AGAGGCTTCGGAAACC-1",3,8
"AGAGGTATCTCGGTCC-1",6,15
"AGAGTAAACTTCACTA-1",5,3
"AGAGTTAGAGACCGAT-1",7,13
"AGATAACTTCAGGGCC-1",4,4
"AGATAATCACACCTAT-1",3,10
"AGATACCAATAGAACC-1",2,14
"AGATACCAGCACTTCA-1",4,16
"AGATACCGGTGTTCAC-1",8,9
"AGATACGACTTCATAT-1",7,7
"AGATACTCAAGATCGA-1",5,3
"AGATCGTGCATAAGAT-1",4,16
"AGATCTCAGGTGTGAT-1",4,4
"AGATCTGGAGAGGATA-1",3,8
"AGATGACTCGCCCACG-1",7,7
"AGATGAGGGTTGCGAT-1",7,7
"AGATGATGGAGTCTGG-1",8,5
"AGATGCATCCTGTGTC-1",2,2
"AGATGCTATAACGAGC-1",4,16
"AGATTATAGGACGTTT-1",8,9
"AGATTCAAGCGGGTCG-1",7,12
"AGATTCACAACCGATA-1",2,14
"AGCAAAGGCCGCTAGT-1",2,2
"AGCAACATATCTTATT-1",8,5
"AGCACACGTTTAGACT-1",2,14
"AGCACCAGTACTCACG-1",4,4
"AGCACTACCGGCCTGT-1",8,5
"AGCACTACCTCACCAG-1",3,8
"AGCACTTAAGGACGCC-1",4,4
"AGCAGCCAGATGAATA-1",3,8
"AGCAGTCGAAGCATGC-1",3,8
"AGCATATCAATATGCT-1",3,8
"AGCATCATTTCGAAAG-1",2,2
"AGCATCGTCGATAATT-1",7,7
"AGCATTACGAGGCAAG-1",2,2
"AGCCAAGCTTTGTGTC-1",1,1
"AGCCACAGGTTACCCG-1",2,14
"AGCCACTCCCGTGCTT-1",9,13
"AGCCATATAGTATGTG-1",3,2
"AGCCCATACATGTAAG-1",8,9
"AGCCCGCAACAAGCAG-1",2,14
"AGCCCGCACTACAATG-1",3,8
"AGCCCGGCATTAGAGG-1",2,14
"AGCCCGGTAGCCTGTA-1",1,1
"AGCCCTAAGCGAAGTT-1",7,7
"AGCCCTCCCTGGTGGC-1",2,14
"AGCCCTTCTAATCCGA-1",4,4
"AGCCGCAAATTCAAAT-1",5,3
"AGCCGCTTGATTAGCG-1",4,4
"AGCCGTGGCTAAATGT-1",3,8
"AGCCTAATACCCACGT-1",3,10
"AGCCTTAAAGCGGAAG-1",4,4
"AGCCTTGTCACTGATA-1",3,8
"AGCGACAGGAACGGTC-1",3,8
"AGCGACATCCCATTCA-1",7,7
"AGCGACCAACGATATT-1",4,4
"AGCGACTTTGAAGACA-1",3,10
"AGCGAGACGTGAAGGC-1",2,2
"AGCGATGCGCCTAATA-1",2,2
"AGCGCATAATGAATCG-1",3,8
"AGCGCGGGTGCCAATG-1",4,4
"AGCGCTTATGGGCAAG-1",7,7
"AGCGGACACTTCGTAG-1",1,1
"AGCGGCGGTTAGCGGT-1",2,14
"AGCGGGAAGGGTCCAT-1",7,7
"AGCGGGTCTGACACTC-1",2,14
"AGCGGTTGAGATGTAC-1",6,6
"AGCGGTTGCCGCTCTG-1",4,16
"AGCGTACGAGAGCTAG-1",7,7
"AGCGTAGCGCTAGACC-1",7,7
"AGCGTCTGAACCCGCA-1",9,13
"AGCGTGGTATTCTACT-1",5,3
"AGCGTTCCGATTTAAA-1",6,6
"AGCTAACAAGCAATGT-1",1,1
"AGCTAAGCTCCGTCCG-1",3,10
"AGCTAAGTACGCAGGC-1",1,1
"AGCTACGAATGGTGGT-1",3,8
"AGCTAGAAGCAGAAGT-1",4,16
"AGCTATTTAATCCAAC-1",7,7
"AGCTCCATATATGTTC-1",2,14
"AGCTCCTTCGCACATC-1",3,8
"AGCTCTAGACGTTCCA-1",8,5
"AGCTCTTCCCAGTGCA-1",7,7
"AGCTCTTCGTAACCTT-1",1,1
"AGCTCTTTACTCAGTT-1",8,9
"AGCTGAAGTAAACCAA-1",7,13
"AGCTGCATTTGAGGTG-1",9,13
"AGCTGCTGTGCCGAAT-1",7,7
"AGCTGTAACCTCAATC-1",3,10
"AGCTTATAGAGACCTG-1",9,15
"AGCTTCAATACTTTGA-1",6,6
"AGCTTCTTCTCGAGCA-1",3,8
"AGCTTGATCAGGGTAG-1",3,8
"AGCTTGATCTTAACTT-1",8,5
"AGGAAAGCCTCTGATG-1",7,16
"AGGAAGCTGTCCGCCG-1",2,14
"AGGACAGTCGAATCCC-1",8,5
"AGGACATCGCACGTCG-1",7,7
"AGGACGACCCATTAGA-1",8,9
"AGGACGCTCGATGTTG-1",4,12
"AGGACTTATAGGAGAA-1",4,16
"AGGAGGCCTTCGCGCG-1",3,8
"AGGATAAAGTCGGGAT-1",3,8
"AGGATATAGGGATTTA-1",5,3
"AGGATATCCGACTGCA-1",3,8
"AGGATCACGCGATCTG-1",3,8
"AGGCAAAGAGGAATCA-1",9,13
"AGGCAATACGGAGGAC-1",7,12
"AGGCACGTGACTGTCC-1",5,10
"AGGCAGATGCGTAAAC-1",4,4
"AGGCAGGGAGCGTACT-1",2,14
"AGGCATTGTCGTAGGG-1",3,8
"AGGCCACCCGTTATGA-1",4,11
"AGGCCCAGTGACTGGT-1",4,16
"AGGCCCATTGTACAGG-1",7,13
"AGGCCCTAGAACGCCA-1",5,9
"AGGCCTATCATACCAA-1",3,8
"AGGCCTGAGAATCTCG-1",1,14
"AGGCGTCTATGGACGG-1",4,16
"AGGCTATGGTTAGCTT-1",4,4
"AGGCTTAAGTTGCACA-1",3,10
"AGGCTTCCCGAAGAAG-1",3,8
"AGGCTTGCTAGACACC-1",4,4
"AGGGAAACGAGGTACT-1",7,7
"AGGGACAGCACGGCGG-1",9,15
"AGGGACCGGCTGCGTT-1",8,5
"AGGGACTCTACGCGAC-1",3,8
"AGGGAGACATACTTCG-1",8,5
"AGGGCAGCGGCGTGGT-1",6,6
"AGGGCGAGCAGCTGAT-1",5,3
"AGGGCGTGATCGGCTA-1",7,7
"AGGGCTGCAGTTACAG-1",4,4
"AGGGTCAGAGCACTCG-1",2,2
"AGGGTCAGTAACCCTA-1",4,16
"AGGGTCGATGCGAACT-1",8,5
"AGGGTGCCGTTCTTTA-1",1,14
"AGGGTGCTCTCGAGGG-1",8,5
"AGGGTGGATAGTGCAT-1",8,5
"AGGGTTCAGACGGTCC-1",2,2
"AGGGTTCCCTTTGGTT-1",4,4
"AGGGTTTAGTTCGGGA-1",4,4
"AGGTAACCTCCTATTC-1",7,7
"AGGTACGATATTGCCA-1",9,13
"AGGTAGATCGAGATAT-1",1,1
"AGGTAGGTACAAAGCT-1",8,5
"AGGTATAATTGATAGT-1",8,5
"AGGTCAGGTGAGAGTG-1",3,8
"AGGTCGCCACTTCGGT-1",7,7
"AGGTCGCGGAGTTACT-1",8,5
"AGGTGCACGTCCACAT-1",3,8
"AGGTGGTGACCTTCGC-1",1,14
"AGGTGTATCGCCATGA-1",8,5
"AGGTTACACCATGCCG-1",5,10
"AGGTTCTCCTTTCCGG-1",2,2
"AGGTTGAGGCACGCTT-1",7,7
"AGGTTTCACACACCTT-1",8,5
"AGTAACGTTCATCCTG-1",6,15
"AGTAACTATAGCAGCC-1",3,8
"AGTAAGGGACAGAATC-1",3,8
"AGTAATCTAAGGGTGG-1",3,8
"AGTAATGTCTTGCCGC-1",7,7
"AGTAATTTGCAAGCGT-1",3,8
"AGTACAGAAGCTTATA-1",3,8
"AGTACATCATTTATCA-1",8,5
"AGTACCTTCGAGTGCT-1",7,7
"AGTACGGCCCGTATCG-1",8,5
"AGTACGGGCACCTGGC-1",4,4
"AGTACGTGGCCTGTCT-1",6,6
"AGTACTCTTATGCCCA-1",3,8
"AGTAGAAGGCGCCTCA-1",2,2
"AGTAGCGTGAACGAAC-1",6,6
"AGTAGCTAGACGCCGA-1",9,13
"AGTAGGAAGGAAGTTG-1",7,12
"AGTAGGTAACATACAT-1",7,7
"AGTATAATACTAGGCA-1",4,4
"AGTATACACAGCGACA-1",1,1
"AGTATCCATAATAACG-1",7,7
"AGTATTTGGCACGACC-1",2,10
"AGTCAAATGATGTGAT-1",2,14
"AGTCAACACCACCATC-1",8,9
"AGTCAAGATGACACTT-1",5,3
"AGTCACTAGCTCTCGA-1",3,8
"AGTCACTCCGCCTCAT-1",7,7
"AGTCAGCCACCGCCTG-1",7,7
"AGTCCAGCGGGTACGT-1",7,7
"AGTCCATTGGCTGATG-1",8,5
"AGTCCCGCCTTTAATT-1",7,4
"AGTCGAAACGATTCAG-1",3,8
"AGTCGACGGTCTCAAG-1",8,5
"AGTCGGCCCAAACGAC-1",4,4
"AGTCGGCTCAACTTTA-1",3,8
"AGTCGGTTGCGTGAGA-1",5,3
"AGTCGTATAAAGCAGA-1",2,2
"AGTCGTCGACCACCAA-1",3,8
"AGTCGTGGGCATTACG-1",3,8
"AGTCTAAAGTATACTC-1",8,5
"AGTCTCACAAGACTAC-1",3,10
"AGTCTGGACATCCTTG-1",4,4
"AGTCTTCTCCTCAAAT-1",9,11
"AGTCTTTAAAGTGTCC-1",2,2
"AGTGAACAAACTTCTC-1",5,3
"AGTGACCTACTTTACG-1",5,9
"AGTGACTGTGACACAA-1",2,14
"AGTGAGACTTCCAGTA-1",8,5
"AGTGAGCCTCGCCGCC-1",8,5
"AGTGAGGGTTTCTGAC-1",9,13
"AGTGAGTCGAATTAAC-1",2,2
"AGTGATAACCTGCGCG-1",2,2
"AGTGATATGAGTAGTT-1",5,10
"AGTGATTCAAGCAGGA-1",8,5
"AGTGCACGCTTAAGAA-1",3,8
"AGTGCGTAGCTCGTAA-1",5,3
"AGTGCTAAACACAGCA-1",2,14
"AGTGCTTGCACGAATA-1",8,5
"AGTGGCCCGCAAATGG-1",3,8
"AGTGGCGGCAATTTGA-1",4,4
"AGTGGCGTCTGAAGGT-1",1,1
"AGTGGCTCCGTCGGCC-1",5,3
"AGTGGGAGTATACACG-1",4,4
"AGTGGTGTTACCCGTG-1",3,8
"AGTGGTTGCGTATAGG-1",8,5
"AGTGTATTGCGCATTG-1",7,4
"AGTGTGCTAAGATCGC-1",4,16
"AGTGTGGTCTATTGTG-1",4,4
"AGTTAAACACTTGCGA-1",8,9
"AGTTAAGCGGTCCCGG-1",7,7
"AGTTAAGTCAACCGCT-1",3,8
"AGTTACCCTTAAGACT-1",8,5
"AGTTACCGCACATGGT-1",4,4
"AGTTACTCTATCGTGG-1",7,7
"AGTTATTCAGACTGTG-1",3,8
"AGTTATTGAAAGGTAA-1",6,6
"AGTTCACCGGTTGGAC-1",4,4
"AGTTCCTACAGAATTA-1",4,4
"AGTTCCTATTTATGTT-1",8,5
"AGTTCTGCGTTGTATC-1",4,7
"AGTTGACATCGGCTGG-1",7,7
"AGTTGACGGTCCTTGC-1",2,14
"AGTTGCGGTCCTCAAC-1",3,8
"AGTTGCTGACTGATAT-1",4,16
"AGTTGGCAAGGCTAGA-1",3,2
"AGTTTCGCAGGTCGGA-1",6,6
"AGTTTGCACCTGCCTC-1",2,10
"AGTTTGGCACGGGTTG-1",5,3
"AGTTTGGCCAGACCTA-1",5,3
"ATAAACCATTGGACGG-1",6,6
"ATAAACGGACCCGTAA-1",5,3
"ATAAACGTTGCACCAC-1",2,14
"ATAAAGGCTCGGTCGT-1",4,4
"ATAAAGGTCAAGTACG-1",9,15
"ATAAATATTAGCAGCT-1",8,9
"ATAACGCCGGAGGGTC-1",8,5
"ATAACGGAGTCCAACG-1",4,4
"ATAACGTTACCTCCAC-1",4,16
"ATAAGGTGGAGAACAT-1",5,3
"ATAAGTACCCGATTGT-1",7,12
"ATAAGTAGGATTCAGA-1",4,16
"ATAAGTAGGGCGACTC-1",8,5
"ATAAGTTACCGCGACG-1",5,3
"ATAATACCGTTAGCCG-1",4,16
"ATAATAGCTGTTGAAT-1",5,3
"ATAATAGTGTAGGGAC-1",7,7
"ATACAGGCCCTCCAAT-1",3,8
"ATACCACGGGCAACTT-1",8,11
"ATACCAGCAAATTGCT-1",6,6
"ATACCAGGCTAATAGA-1",6,15
"ATACCAGGTGAGCGAT-1",6,15
"ATACCCTCCCGGCCAA-1",3,8
"ATACCCTGGCTCAAAT-1",7,7
"ATACCGTCATCCATAA-1",4,16
"ATACCTAACCAAGAAA-1",3,2
"ATACGAGGTTTGTAAG-1",3,8
"ATACGCCGATCTACCG-1",7,7
"ATACGCCGGCGAAACC-1",8,5
"ATACGGGTTTCGATTG-1",9,13
"ATACGGTGAAGATGCA-1",8,5
"ATACGTACTTAGCCAC-1",3,8
"ATACGTCCACTCCTGT-1",5,3
"ATACGTTATGCACGGA-1",1,1
"ATACTACCCGTACCAC-1",1,1
"ATACTAGCATGACCCT-1",7,13
"ATACTCTCGCCACTCT-1",7,7
"ATACTGCCTTACACCG-1",2,10
"ATACTTGTTCTCGAGC-1",8,5
"ATAGACAACGGGACCT-1",4,4
"ATAGACGAAGAGAAAG-1",4,4
"ATAGAGTACTGGGACA-1",7,7
"ATAGAGTTATCAACTT-1",4,4
"ATAGATTTGCAGTCGG-1",6,6
"ATAGCAACTAGGGAAG-1",1,14
"ATAGCCATAACAGTCA-1",3,8
"ATAGCCTCAGTACCCA-1",4,16
"ATAGCTGCTCTTGTTA-1",4,16
"ATAGGAATCTAAGCTT-1",7,12
"ATAGGCGGCTATAGAA-1",5,9
"ATAGGCTAGCTTCGCA-1",4,4
"ATAGGGATATCCTTGA-1",7,7
"ATAGGTTGGGCAGATG-1",4,4
"ATAGTCTTTGACGTGC-1",6,6
"ATAGTGAAGCGTTCTC-1",8,9
"ATAGTTCCACCCACTC-1",8,5
"ATATAAAGCGCTCGTG-1",3,2
"ATATAAATGTAGCTGC-1",3,8
"ATATAACACGGGCGCA-1",2,2
"ATATACATGTATGGTA-1",2,2
"ATATACGCTCGTGACG-1",1,14
"ATATAGAGTATTGGTC-1",2,14
"ATATCAACCTACAGAG-1",8,5
"ATATCGGTAGGGAGAT-1",5,3
"ATATCGTGCCAGACCC-1",6,6
"ATATCGTTCCTCGAAC-1",2,2
"ATATCTCCCTCGTTAA-1",7,7
"ATATCTTAGGGCCTTC-1",4,4
"ATATGGGATAGCAACT-1",3,8
"ATATGTCTAGAGCGTG-1",3,8
"ATATGTCTCCCTAGCC-1",8,5
"ATATTATCCCGTATTT-1",4,4
"ATATTCAGTTAAACCT-1",5,9
"ATATTCCACATAGTGA-1",5,3
"ATATTCCCACAGGTCA-1",9,15
"ATATTGCTGTCAAAGT-1",7,7
"ATATTTAACCCTCAAG-1",4,4
"ATCAAACACTGTTCCA-1",5,3
"ATCAAACGAAGGTTTG-1",3,8
"ATCAAAGAGCCGTGGT-1",3,10
"ATCAAGATCCCAGGAC-1",3,8
"ATCAATCTGGGCTGCA-1",4,4
"ATCACATTAGAATATC-1",7,7
"ATCACGTGCTAATTAA-1",5,3
"ATCACTTCATCCTCGC-1",7,7
"ATCAGACGGCACGCCG-1",5,9
"ATCAGCCTCATGCTGC-1",3,8
"ATCAGCTCGTCCACTA-1",3,8
"ATCAGGTCGCCATTGC-1",9,13
"ATCAGTAGGCAGGGAT-1",4,4
"ATCATAGATCGACGAG-1",3,8
"ATCATAGCCCTATGTA-1",1,1
"ATCATCCAATATTTGT-1",8,9
"ATCATCTGCCCAGTGT-1",6,6
"ATCATTGTACCGCATT-1",2,14
"ATCCAACGCAGTCATA-1",4,4
"ATCCAATGGAGGGTCC-1",5,9
"ATCCAATGGTACCGAA-1",5,3
"ATCCACGCTAAATGTT-1",6,15
"ATCCACTTTCAGACTA-1",7,16
"ATCCAGAGCAACAACC-1",5,3
"ATCCAGGATTCGTGAA-1",8,9
"ATCCCATCCACAGCGC-1",2,14
"ATCCCATTTCCGTGGG-1",3,8
"ATCCTACCTAAGCTCT-1",8,9
"ATCCTGAATCGCTGCG-1",8,5
"ATCCTGCGTGGAATGG-1",8,9
"ATCCTGCTGCAGATAG-1",6,6
"ATCGACCCAATACAGA-1",5,10
"ATCGACTCTTTCCGTT-1",7,7
"ATCGCACGATTGTTCA-1",7,7
"ATCGCACGCCGGGAGA-1",7,7
"ATCGCCAGTCAACATT-1",5,3
"ATCGCTGCGTGCAGCA-1",8,5
"ATCGGAGACAGACGGC-1",5,8
"ATCGGCAAGCAGTCCA-1",4,13
"ATCGGTTACCTAGTAA-1",8,5
"ATCGTATTCCGAGAAC-1",8,5
"ATCGTCCAATCGAGTC-1",4,16
"ATCGTTAGCTAGCGGA-1",2,2
"ATCGTTCACTTTCGCC-1",7,7
"ATCTAACGTCCCTATG-1",4,4
"ATCTAATATCCTACGG-1",3,8
"ATCTACCATCTGCTCC-1",3,8
"ATCTAGCTTGTGAGGG-1",2,14
"ATCTATCGATGATCAA-1",7,12
"ATCTCATAAACCTACC-1",6,15
"ATCTCCCACGGAATAT-1",1,1
"ATCTCCCTGCAATCTA-1",7,13
"ATCTCGTGAGCGAAAC-1",5,10
"ATCTGACATGGAAGGA-1",1,1
"ATCTGATAGTGTCTTA-1",4,16
"ATCTGCACCTCTGCGA-1",8,5
"ATCTGCTGTTATCGCC-1",2,14
"ATCTGGTTAAGACTGT-1",4,4
"ATCTGTAATTGTACCC-1",7,13
"ATCTTAGGGCATTAAT-1",3,8
"ATCTTATCGCACACCC-1",2,14
"ATCTTGACCTGCAACG-1",7,7
"ATCTTGACTTGTCCAA-1",8,5
"ATGAAGCCAAGGAGCC-1",7,7
"ATGAAGTGGACCCAGC-1",8,5
"ATGACGCCGGCTCTAA-1",7,7
"ATGACGCGTTCTATCC-1",3,8
"ATGACTATCAGCTGTG-1",1,1
"ATGACTATGCGACATT-1",5,3
"ATGAGGAGTGTTAATC-1",4,4
"ATGATCGGGAATAGAC-1",7,7
"ATGATGCAATGGTACA-1",8,9
"ATGCACCTTCCTTAAT-1",8,5
"ATGCACTACCGCATTG-1",4,4
"ATGCATGATCCAGGAT-1",6,15
"ATGCATTCCGTGATGG-1",6,6
"ATGCCAATCGCTCTGC-1",4,16
"ATGCCATTTGCGACCA-1",5,3
"ATGCCGGTCTTGCATA-1",4,4
"ATGCCGGTTGATGGGA-1",7,7
"ATGCGACAATTGGTCC-1",4,16
"ATGCGACAGTCCCATT-1",8,5
"ATGCGAGTCCCACCAC-1",5,3
"ATGCTCAGTGTTGCAT-1",4,4
"ATGCTCTGGCGCGGTA-1",2,14
"ATGCTTAGGAGTTGAT-1",5,3
"ATGGAACAGAATAAAC-1",7,7
"ATGGACTGCTTAGTTG-1",3,8
"ATGGAGCAGGCCGTGA-1",8,5
"ATGGATCCGGCGTCCG-1",9,13
"ATGGATTGACCAAACG-1",4,4
"ATGGCAGCCGAGAAAC-1",8,5
"ATGGCTGGAAATGGCC-1",9,13
"ATGGGAACGGAAGCGG-1",6,15
"ATGGGACCTGCTGAAC-1",1,1
"ATGGGCCTCGGCCTCT-1",5,3
"ATGGGTGTATACCTCC-1",2,14
"ATGGTATTGGGAACCG-1",3,8
"ATGGTCGCGTGGTTTC-1",5,9
"ATGGTGCTCAAAGCCA-1",6,6
"ATGGTTACGAAACATG-1",7,16
"ATGTAAGGCTGCTCTT-1",8,5
"ATGTACATGCGGTGAG-1",2,14
"ATGTACGATGACGTCG-1",2,14
"ATGTAGCGCGCGTAGG-1",2,2
"ATGTCATAATAAACGA-1",3,10
"ATGTCATTTCCCATTG-1",4,16
"ATGTCTTGTTTGACTC-1",3,8
"ATGTGAAAGCCTAATG-1",5,8
"ATGTGCATCCGACGCA-1",7,7
"ATGTGGACATCTTGAT-1",5,3
"ATGTGTAGTTTAGTCA-1",6,6
"ATGTTACGAGCAATAC-1",7,7
"ATGTTCCTGCCCACCT-1",4,4
"ATGTTCGTCGACCCAC-1",8,5
"ATGTTGATTAGAGACT-1",3,2
"ATGTTGTAGTCTGTTT-1",2,14
"ATGTTTGTAAGATCAT-1",9,13
"ATTAAACATGCGGACC-1",5,9
"ATTAAAGCGGACGAGC-1",7,12
"ATTAACACCTGAGATA-1",8,5
"ATTAATACTACGCGGG-1",7,7
"ATTAATGAACCAGTCG-1",8,9
"ATTAATTCGGTCACTC-1",7,13
"ATTACAACTACCGGCC-1",6,15
"ATTACATGTCAGTCTT-1",3,8
"ATTACCACACTGCCTG-1",5,3
"ATTACGCGCTGGCAGG-1",8,9
"ATTACGGGCTACGGTT-1",3,2
"ATTACTAGCCTCTTGC-1",7,7
"ATTACTTACTGGGCAT-1",4,16
"ATTAGATTCCTCAGCA-1",4,4
"ATTAGATTGATAGCGG-1",7,7
"ATTAGGCGATGCTTTC-1",8,5
"ATTATACTTTGCTCGT-1",9,13
"ATTATAGCTACTTTAC-1",8,5
"ATTATCGGAATGTACG-1",2,2
"ATTATCTCGACAGATC-1",6,6
"ATTATGAGACCCAATT-1",2,2
"ATTATGCCATAGGGAG-1",7,7
"ATTATTATGTCCGTCA-1",2,14
"ATTATTCAGAGTCACT-1",3,2
"ATTCAAAGTACCTGTT-1",4,16
"ATTCAACCATTTAAGG-1",2,2
"ATTCACTGATGTTGGA-1",3,8
"ATTCAGATGAATCCCT-1",7,12
"ATTCAGGACCTATTTC-1",4,16
"ATTCAGGATCGCCTCT-1",6,6
"ATTCAGTAGCAGGGTC-1",4,4
"ATTCATATACTGTCCA-1",5,9
"ATTCATCGTTGAGGCA-1",1,1
"ATTCCCACATAAACAA-1",4,4
"ATTCCTAAGACGTGGA-1",4,16
"ATTCCTCCGCCAGTGC-1",7,7
"ATTCCTTCCAGGCGGT-1",7,7
"ATTCGACGCCGGGCCT-1",8,5
"ATTCGCGCCTTGAGAG-1",2,2
"ATTCGTGCTATCTCTT-1",5,3
"ATTCGTGTACCCATTC-1",3,8
"ATTCGTTTATCGTATT-1",3,8
"ATTCTCGTCTCTTTAG-1",9,13
"ATTCTGAGTATGAACT-1",6,15
"ATTCTTCGTACTTATG-1",9,15
"ATTGAAGATCTTAGTG-1",4,4
"ATTGACCGGCGATGAC-1",4,16
"ATTGACGTAACTCGGT-1",6,6
"ATTGATAGCAACGAGA-1",7,7
"ATTGATGAGTCCTAAC-1",8,5
"ATTGCCTATTAGACCG-1",2,14
"ATTGCCTTTATGTTTG-1",1,1
"ATTGCGATCAGTAACT-1",3,8
"ATTGCTGCTCCTCCAT-1",4,4
"ATTGGATTACAGCGTA-1",3,2
"ATTGGGAATATCTTGG-1",9,13
"ATTGGGAGTTCTGTAA-1",7,12
"ATTGGTAGGATCCGCT-1",8,5
"ATTGGTTGTGCATTAC-1",3,8
"ATTGTACAACTCGGCT-1",8,5
"ATTGTCGCAATACCTT-1",7,7
"ATTGTCTGTTTCATGT-1",3,2
"ATTGTGACTTCGCTGC-1",4,16
"ATTTAACTCGTATTAC-1",7,13
"ATTTACAGTTTACTGG-1",4,4
"ATTTACTAAGTCCATT-1",8,5
"ATTTATACTGGTAAAG-1",3,8
"ATTTCATTATTTCGCG-1",7,12
"ATTTCCGGGTTCTGCG-1",3,10
"ATTTGCCTAGTTACGA-1",6,6
"ATTTGCGCGAGTAGCT-1",3,8
"ATTTGTCTTGGGAGCT-1",8,5
"ATTTGTTCCAGGGCTC-1",7,7
"CAAACCAGGTCTGCAT-1",5,3
"CAAACCATAAGCGTAT-1",3,8
"CAAACCCTCCGGCGGG-1",2,2
"CAAACGAGTATCGCAG-1",5,3
"CAAACGGTCGCACTTT-1",4,4
"CAAACGTGGTCTTGCG-1",6,6
"CAAACTACGATAGAGA-1",7,7
"CAAACTATTGAGCTTC-1",9,13
"CAAACTCGCGACGCCG-1",5,3
"CAAAGATTATTGGGCC-1",2,2
"CAAAGGTTAAATTCAG-1",7,12
"CAAAGTCAGGTTAGCT-1",4,16
"CAAATCTCTCACAAGG-1",5,9
"CAAATGCGGAGTGTTC-1",6,6
"CAAATGTCCTTCCGTG-1",5,9
"CAAATTGGATTATGCC-1",8,5
"CAAATTGTCAGCAAGC-1",9,13
"CAACAGAATAACGCTA-1",6,15
"CAACAGTGCCAAACGG-1",6,6
"CAACATGGCCTGATAA-1",7,16
"CAACCGCACCTAGACA-1",4,16
"CAACCTACCGAGCAGT-1",1,1
"CAACGACCCGTTTACA-1",7,7
"CAACGAGCTTATTATG-1",3,8
"CAACGCGATGAGCCAA-1",3,8
"CAACGGTTCTTGATAC-1",7,7
"CAACGTGGTGGAGTCT-1",5,10
"CAACTATATCGAATGC-1",7,7
"CAACTCCAACGTTTAG-1",6,15
"CAACTCCTTGATCCCG-1",7,7
"CAACTGCTCATCCGAT-1",2,14
"CAACTTGTAGTGGGCA-1",9,13
"CAAGAGGGCGGAGTAC-1",5,3
"CAAGATATTATAACGT-1",5,3
"CAAGCAACGTCGGAGT-1",4,4
"CAAGCACCAAATGCCT-1",7,7
"CAAGCGGCACATAATT-1",3,8
"CAAGGATCGCATGTTC-1",8,5
"CAAGGCCAGTGGTGCA-1",2,2
"CAAGGGAGTGTATTTG-1",7,7
"CAAGGTCCTATAGGCT-1",8,5
"CAAGTAAGTGATAGAC-1",2,2
"CAAGTCGTTGAAATCT-1",3,8
"CAAGTGAACTTTGGTT-1",6,6
"CAAGTGTGGTTGCAAA-1",8,5
"CAATAAACCTTGGCCC-1",4,4
"CAATACGCTCTGAGGC-1",5,3
"CAATATGTAGATTTAC-1",7,12
"CAATATTCTTGACCTA-1",3,8
"CAATATTGGACTAGTG-1",7,7
"CAATCCATTATCCGTT-1",6,6
"CAATCCCTATACCAGC-1",7,7
"CAATCCTGCCGTGGAG-1",7,7
"CAATGACCCTTAATTT-1",3,8
"CAATGCGAGAAGTATC-1",3,8
"CAATGGAATCTACATA-1",7,12
"CAATGGATCTCTACCA-1",4,4
"CAATGGTCGGCCTGGG-1",6,15
"CAATGTGCCAACCCTT-1",8,10
"CAATTAAGGGTGATGA-1",4,4
"CAATTTCGTATAAGGG-1",9,11
"CAATTTGACCGGGAAG-1",7,7
"CACAAACCGCAGAACT-1",3,8
"CACAAGAAAGATATTA-1",4,16
"CACAATGAGCTGCTAT-1",8,9
"CACACACGCTAACGAG-1",2,2
"CACACAGCTTGCGCTC-1",5,10
"CACACAGGGATAGATT-1",4,4
"CACACGCGCTGTCTTA-1",8,5
"CACACGTTTCAATGGG-1",6,6
"CACACTTGTATTGCGA-1",4,16
"CACAGCACCCACGGCA-1",4,4
"CACAGCTAGGGAGTGA-1",7,7
"CACAGGGCCATATAGT-1",2,2
"CACAGGGCCGTTGTCA-1",1,1
"CACAGTCCCGCTTCGC-1",1,1
"CACAGTTCGCTTCCCA-1",5,10
"CACATAAGGCGACCGT-1",7,7
"CACATATTAGCAGGAT-1",5,3
"CACATCGTGCACGCGC-1",1,1
"CACATCTCACCGACGA-1",3,10
"CACATGATTCAGCAAC-1",8,5
"CACATGTTTGGACATG-1",7,7
"CACATTCTTTCGATGG-1",7,7
"CACATTTCTTGTCAGA-1",5,3
"CACCACGCCACACAGA-1",5,3
"CACCATCGGAGGAGAC-1",9,11
"CACCATGATCGCAAAG-1",4,16
"CACCCAAATCTTATGT-1",8,5
"CACCCACACGTCACCC-1",7,7
"CACCCACGAGGCAATT-1",7,7
"CACCCGGTTTGTGACT-1",3,8
"CACCCTAACAAGATCT-1",1,1
"CACCCTTGGTGAGACC-1",3,8
"CACCCTTTCCTCGCTC-1",9,13
"CACCGATACACCGAGC-1",7,7
"CACCGCCAGAAGGTTT-1",4,11
"CACCGCCGACCAGCGA-1",9,13
"CACCGCGTCCACTCTA-1",4,16
"CACCGGAGATATCTCC-1",9,11
"CACCGGGCATCACAAG-1",3,8
"CACCGTATCCCATCCG-1",3,8
"CACCGTTAGGGATCAC-1",3,8
"CACCGTTGCGCGATAT-1",5,3
"CACCTAATAGAGTCGT-1",7,7
"CACCTAATCAGTTTAC-1",7,7
"CACCTCGATGGTGGAC-1",7,7
"CACCTTGCGAAACTCG-1",4,4
"CACCTTGGCGCCTTTG-1",5,3
"CACGAAAGTTAGTCCC-1",8,5
"CACGACCACAGACTTT-1",6,13
"CACGACGTAATAGTAA-1",7,7
"CACGACTAAAGTTCTG-1",6,6
"CACGAGCAAACCAGAC-1",3,8
"CACGATTGGTCGTTAA-1",6,15
"CACGCACAGCGCAGCT-1",7,4
"CACGCAGCGAGGCTTT-1",4,4
"CACGCGGAACTGTTGC-1",8,5
"CACGGCGCGCCAAAGG-1",4,13
"CACGGGATTGAGGGTT-1",8,5
"CACGTCGGCAACCTCT-1",5,10
"CACGTCGGGTTCTAGA-1",4,16
"CACGTCTATGATGTGG-1",9,13
"CACGTTCGTGCTCTAG-1",8,5
"CACGTTTCGTACACAC-1",3,8
"CACTAAAGTTGCCTAT-1",4,4
"CACTACGGGAGCTGCC-1",1,1
"CACTACTCAGTTCTGT-1",6,6
"CACTCAAGAGCTATGG-1",8,9
"CACTCAGCTCTTGAGG-1",9,13
"CACTCCTATGTAAGAT-1",2,2
"CACTCCTCTCGGTCGG-1",7,7
"CACTCGAGCTGAACAA-1",5,3
"CACTCGGTTAGGAGGA-1",8,5
"CACTCTCAAGCATCGA-1",2,2
"CACTCTTCTGCTAGCC-1",1,14
"CACTGACGATTGTGGA-1",1,14
"CACTGTCCAAGTGAGA-1",7,7
"CACTTAATCAGACGGA-1",4,4
"CACTTCGCCACAGGCT-1",9,11
"CACTTCGTCTTATCTC-1",4,16
"CAGAACTTAGCCCTCT-1",3,8
"CAGAATAACACACGGA-1",5,3
"CAGACACCGATCGCTG-1",3,8
"CAGACCTGTAAGTGTT-1",8,5
"CAGACGAACCTGATAC-1",5,3
"CAGAGACGGTCACCCA-1",5,3
"CAGAGCATGAGCTTGC-1",4,4
"CAGAGGCGATGCATGA-1",3,8
"CAGAGTGATTTAACGT-1",6,6
"CAGATAATGGGCGGGT-1",2,2
"CAGATACTAACATAGT-1",7,13
"CAGATATGAAGATGAC-1",2,2
"CAGATCATTTAAAGTC-1",4,16
"CAGATCCTGGTTTGAA-1",2,2
"CAGATGTTTGTCCCAA-1",2,2
"CAGCAGCCCGTTCCTT-1",4,4
"CAGCAGTCCAGACTAT-1",3,8
"CAGCCCTCACAGGCAG-1",6,6
"CAGCCGGGCCCTCTAT-1",7,7
"CAGCCTCCTGCAGAGG-1",7,7
"CAGCCTCTCCTCAAGA-1",7,12
"CAGCGATTCCCTTCAA-1",3,8
"CAGCGCCAACACGATA-1",5,3
"CAGCTCACTGAGACAT-1",4,4
"CAGCTCGACAAGTTAA-1",4,4
"CAGCTCGTGCTTGTGT-1",7,7
"CAGCTCTGGGCTCACT-1",3,8
"CAGCTGGCGTAACCGT-1",3,8
"CAGCTTAGTAGGTAGC-1",8,5
"CAGGAAGACTTTATAT-1",7,7
"CAGGATATATCGTTGT-1",5,9
"CAGGATCCGCCCGACC-1",6,15
"CAGGCCAGTACCACCT-1",3,8
"CAGGCCGTTTGGGTGT-1",8,9
"CAGGCGCACGGTGGTC-1",2,14
"CAGGCGCCATGCTAGG-1",5,3
"CAGGGAGATAGGCCAG-1",3,8
"CAGGGCTAACGAAACC-1",7,12
"CAGTAACTATTTATTG-1",4,5
"CAGTAAGGGACGTCTC-1",2,14
"CAGTAATCCCTCCCAG-1",4,4
"CAGTACATTCTCTAAA-1",4,16
"CAGTACCAGTTTACGT-1",3,8
"CAGTAGATGATGTCCG-1",4,16
"CAGTAGCCCACGCGGT-1",4,4
"CAGTAGCGAGGTAGTA-1",7,7
"CAGTCGAGGATGCAAT-1",4,4
"CAGTCGGCCTAGATAT-1",2,2
"CAGTCTCTCGGCTAAT-1",7,7
"CAGTCTGTATACTGGG-1",8,5
"CAGTGAATAAATGACT-1",4,4
"CAGTGGTTGCACATGA-1",7,7
"CAGTGTCCGCAGAATG-1",7,7
"CAGTGTCGGCTGGCCC-1",3,8
"CAGTGTTAATCTCTCA-1",3,8
"CAGTTCAAATTGACAC-1",4,4
"CAGTTCCGCGGGTCGA-1",4,4
"CAGTTCGAGGACCCGA-1",2,2
"CATAACGGACAGTCGT-1",8,5
"CATAAGAAGCTTGGCT-1",2,10
"CATAAGCTCTCCGTCT-1",5,3
"CATAATGAGCGGGCGA-1",9,13
"CATACAAAGCCGAACC-1",7,7
"CATACACGGTTCCCAC-1",1,14
"CATACCCGTACCCAGT-1",8,9
"CATACGAACTAGCTGG-1",1,14
"CATACGGCGTCTGGGC-1",8,9
"CATACGGGTGCATGAT-1",7,7
"CATACTATGTAATTGT-1",4,4
"CATACTTAGGCAATAC-1",8,5
"CATACTTCTTTCTCCG-1",2,14
"CATAGAGGAGATACTA-1",3,8
"CATAGCCGCCCGGGAT-1",4,4
"CATAGCGTTGCCCACC-1",3,8
"CATAGGGACACTTGTG-1",3,8
"CATAGTACATTGAGAG-1",7,12
"CATAGTAGCATAGTAG-1",7,7
"CATAGTCAAATACATA-1",2,2
"CATAGTCCACAAGAAC-1",5,3
"CATATACTACTGATAA-1",4,12
"CATATAGGTACAGTCA-1",8,9
"CATATGTCAGGCTACG-1",3,8
"CATATTATTTGCCCTA-1",9,15
"CATCAAACTGGCGCCC-1",4,16
"CATCAACACCTACTAA-1",4,16
"CATCATCTACCCGGAC-1",9,13
"CATCATTACCCTGAGG-1",3,8
"CATCCCGAGATTCATA-1",3,8
"CATCCGCAGGCCCGAA-1",4,16
"CATCCTCTCAAAGATC-1",3,8
"CATCGAATGGATCTCT-1",7,7
"CATCGCCCGCGGCCAA-1",7,7
"CATCGGACGGGTTAAT-1",5,9
"CATCGTCCGGTTACTA-1",4,4
"CATCTACCCGAGAACG-1",7,12
"CATCTATCCCGTGTCT-1",4,12
"CATCTGCAGGATCATT-1",8,5
"CATCTTACACCACCTC-1",8,5
"CATGAACCGACATTTG-1",7,12
"CATGAACCTCTTATCA-1",6,6
"CATGACTTCGCTGAAT-1",8,5
"CATGAGATGCACTCTC-1",2,2
"CATGAGTCCATCACGG-1",3,8
"CATGATACGGTGAAAC-1",3,8
"CATGATGCACAATTCT-1",7,7
"CATGATGGAAGTTAGC-1",5,3
"CATGCACATGAGAGGC-1",3,8
"CATGCACGTGTTACTG-1",6,6
"CATGCATGGAGACCCT-1",6,6
"CATGCCAACTCGCAAA-1",5,3
"CATGCGACCAGTTTAA-1",4,4
"CATGCGTTAGACAGAA-1",7,7
"CATGCGTTGAGAGGAG-1",3,8
"CATGCTGGCTCCAATT-1",9,15
"CATGGAAATGGGACCA-1",7,7
"CATGGATTGTCTTCCG-1",3,2
"CATGGCAGGAAGATCG-1",7,7
"CATGGCTCCCTATGTC-1",8,5
"CATGGGTATGCCTTAT-1",3,8
"CATGGGTCGGGTGTGG-1",4,4
"CATGGTAAGTAGCGTT-1",8,16
"CATGGTCTAGATACCG-1",4,4
"CATGGTTTATTAATCA-1",3,8
"CATGTAAGAGACATTT-1",3,8
"CATGTAGGAGCGCCAA-1",4,16
"CATGTCTCATTTATGG-1",5,3
"CATGTGGGCTCATCAC-1",3,8
"CATTACATAGATTGTG-1",8,5
"CATTACGCAGGAAGGG-1",3,8
"CATTACGTCGGCCCGT-1",7,7
"CATTATAACAGGGTCC-1",6,6
"CATTATCCCATTAACG-1",2,2
"CATTATGCTTGTTGTG-1",4,4
"CATTCACTGACAGCTA-1",6,6
"CATTCAGGTCAGTGCG-1",7,7
"CATTCCCTAAGTACAA-1",4,16
"CATTGCAAAGCATAAT-1",6,6
"CATTGCGAAATGGGCG-1",8,5
"CATTGCGGGTCAATTC-1",8,5
"CATTGTGTGCTAGATC-1",4,16
"CATTTAGCGGACCATG-1",4,4
"CATTTATCGTTCAAGA-1",6,6
"CATTTCTAGCAGACTA-1",7,7
"CATTTGAGTGGTACGT-1",5,8
"CCAAACAGAACCCTCG-1",7,7
"CCAAAGCAGTTGGTTG-1",4,16
"CCAAAGTCCCGCTAAC-1",9,13
"CCAAATAACAAGATTC-1",5,10
"CCAAATCAAAGGGCAA-1",3,8
"CCAACCTTATGTAACT-1",2,2
"CCAACGATGCACTGAT-1",4,4
"CCAACGCTTGCCAGGG-1",7,12
"CCAAGAAAGTGGGCGA-1",3,8
"CCAAGACTTCTGCGAA-1",7,7
"CCAAGCGTAACTCGTA-1",1,4
"CCAAGCTTGATCTCCT-1",7,7
"CCAAGGAACAGAGAGG-1",7,7
"CCAAGGTTGCCCTTTC-1",3,8
"CCAAGTTTCTACAGAT-1",4,16
"CCAATAGATTTCATCT-1",8,5
"CCAATAGTGCCGTCGA-1",4,4
"CCAATCGGTAGATCGA-1",7,7
"CCAATGTCACAGCAAG-1",8,9
"CCAATTACGGGTCGAG-1",7,12
"CCAATTGAATGTTAAT-1",7,7
"CCACAATGTACGTCTT-1",4,4
"CCACACTGAGATATTA-1",8,9
"CCACAGCTGAAATCAT-1",7,7
"CCACAGTACCCATCCT-1",5,3
"CCACCAACTTTACTGT-1",3,8
"CCACCCAAGGAAAGTG-1",8,5
"CCACGAATTTAACCTC-1",5,3
"CCACGAGAAGAGAATC-1",7,7
"CCACGGAGCCATAAGA-1",5,8
"CCACGGCAGGTGTAGG-1",2,2
"CCACGGTGCCCGGTAG-1",8,5
"CCACTAAACTGAATCG-1",7,7
"CCACTATCCGGGTCAC-1",8,5
"CCACTCAGATCCGCAA-1",3,8
"CCACTGGTGGCTGGTT-1",8,5
"CCACTGTTTGGATTAA-1",2,14
"CCACTTTCCTTCTAGG-1",3,8
"CCAGAAAGCAACTCAT-1",3,8
"CCAGAGACAAAGCCGG-1",4,4
"CCAGATAGTTGAGTGA-1",4,4
"CCAGCCTGGACCAATA-1",8,5
"CCAGCTACGCCTCATA-1",7,7
"CCAGCTGATGGTACTT-1",8,5
"CCAGCTTCCGCCCGCA-1",4,5
"CCAGGCGAGATGGTCT-1",3,10
"CCAGGGACGTGGCCTC-1",4,4
"CCAGTAGTCTGATCCA-1",4,4
"CCAGTCAAATCTCTTA-1",5,3
"CCAGTCCATTATTCGA-1",7,7
"CCAGTCTAGACGGCGC-1",4,4
"CCAGTCTTGTCATAGA-1",1,1
"CCAGTGAGCTCCTTGT-1",7,7
"CCAGTGTACAGACCGA-1",3,8
"CCAGTTCGGTAACTCA-1",3,8
"CCATAAACAACCCGAC-1",7,13
"CCATAACCTGTGCAGT-1",2,14
"CCATACCTTTACTTGT-1",8,5
"CCATACTCGCCTCTCC-1",8,5
"CCATAGAGGCTGCCAG-1",1,1
"CCATAGGTTGGCGTGG-1",7,7
"CCATAGTCAGTAACCC-1",4,16
"CCATATGGAAACTATA-1",3,8
"CCATATTGGATCATGA-1",4,16
"CCATCATAAGAACAGG-1",9,13
"CCATCCATACCAAGTC-1",7,7
"CCATCGCAGTTAAACT-1",5,3
"CCATCTCACCAGTGAA-1",8,5
"CCATCTTGTTCACAAT-1",6,6
"CCATGCCCTAGATTTC-1",3,8
"CCATGCCTGTTTAGTA-1",9,11
"CCATGCTCTGCAGGAA-1",7,7
"CCATGGCAAACGCTCA-1",3,8
"CCATGGCCCTTGTACC-1",8,5
"CCATGTTCATCTATAT-1",2,14
"CCATTAGCGATAATCC-1",4,4
"CCATTCCCTGCCCACA-1",4,4
"CCATTTCTACCTATTA-1",3,8
"CCCAAACATGCTGCTC-1",8,5
"CCCAACATACGTCGCG-1",5,9
"CCCAACCACACTAACA-1",6,13
"CCCAAGAATGCACGGT-1",6,6
"CCCAAGACAGAGTATG-1",6,6
"CCCAAGTCATTACACT-1",3,8
"CCCAATGAGATTTGCA-1",1,1
"CCCAATTTCACAACTT-1",8,9
"CCCACTCCACGGTATC-1",2,2
"CCCAGAGGAGGGCGTA-1",4,4
"CCCAGATTCCCGTGAC-1",3,8
"CCCAGGAAGAATTCGA-1",3,8
"CCCAGGTCTGAAGGCT-1",3,10
"CCCAGTAAACTTGGGA-1",2,14
"CCCAGTTAAGGCGCCG-1",8,5
"CCCGAAGTTTCGCGAA-1",3,8
"CCCGACCATAGTCCGC-1",7,7
"CCCGAGTTTCTCCGTA-1",5,3
"CCCGCAAATAATCATC-1",3,10
"CCCGCAGCGCGAACTA-1",5,3
"CCCGCAGGGCCCAAAG-1",9,13
"CCCGCCATGCTCCCGT-1",7,7
"CCCGCGCAATGCACCC-1",4,4
"CCCGCTAGAGGGTTAA-1",6,6
"CCCGCTTGCCCTCGTC-1",9,13
"CCCGGCACGTGTCAGG-1",3,8
"CCCGGCTAGGTGAGAA-1",4,4
"CCCGGGTCGTTCAGGG-1",2,14
"CCCGGTGGAAGAACCT-1",4,4
"CCCGGTGTATCGGAAT-1",2,2
"CCCGTAAGTCTAGGCC-1",8,9
"CCCGTAGCTGGGAAGA-1",2,2
"CCCGTCAGCGTCTGAC-1",7,4
"CCCGTGACAGTGCCTT-1",3,8
"CCCGTGAGGGCGGTGA-1",3,8
"CCCGTGGGTTAATTGA-1",7,12
"CCCGTTTCGCAGATGT-1",3,8
"CCCTACCCACACCCAG-1",3,8
"CCCTACTTGAACAATG-1",3,8
"CCCTAGCTCTAAGGTC-1",3,10
"CCCTAGGCAACAAGAG-1",2,2
"CCCTAGTGTCAGGTGT-1",7,7
"CCCTCAAGCTCTTAGT-1",8,5
"CCCTCAGATCGAGAAC-1",3,8
"CCCTCATCACAGAGTA-1",3,10
"CCCTCATTCTGGAATT-1",7,7
"CCCTCCTCGCTCGTAT-1",3,8
"CCCTCGATAATACACA-1",2,2
"CCCTCGGGAGCCTTGT-1",6,6
"CCCTGAAATGAGTTGA-1",4,4
"CCCTGACTAACAAATT-1",5,3
"CCCTGATGTAACTCGT-1",4,16
"CCCTGCCCAATCCGCT-1",5,3
"CCCTGCGCTACGCATA-1",8,5
"CCCTGGCTGTTCCTTC-1",2,2
"CCCTGGGAGGGATCCT-1",3,10
"CCCTGGTATGGGCGGC-1",6,6
"CCCTGTTGGCAAAGAC-1",4,16
"CCCTTCTCGTACGCGA-1",9,13
"CCCTTTAATGGAGTTC-1",2,14
"CCCTTTGACAGGTCTT-1",5,3
"CCGAAAGTGGTGAGCA-1",7,7
"CCGAACACTGGGCCTC-1",5,10
"CCGAACCTTCCCGGCC-1",5,3
"CCGAAGCATTGACCAA-1",2,14
"CCGAAGTATATTGTTC-1",4,4
"CCGACAAACACATGAG-1",4,16
"CCGACAAAGGGAGTGC-1",8,5
"CCGACAATAGGCCGCC-1",5,10
"CCGACGGGCATGAGGT-1",2,14
"CCGACGTAAACACAAC-1",7,7
"CCGACTCGCATAGTCT-1",6,6
"CCGAGAAGTCGCATAA-1",5,3
"CCGAGCTGTGCTTGTC-1",4,16
"CCGAGGGATGTTAGGC-1",6,6
"CCGATCTCAACCTTAT-1",8,5
"CCGATTCGAGGGACCC-1",8,5
"CCGATTGGTCAATGAA-1",6,6
"CCGCACAAAGACCAAC-1",8,5
"CCGCACGTGACCTCGG-1",4,4
"CCGCACTTGCAATGAC-1",3,8
"CCGCATGTGGTACGAT-1",3,8
"CCGCCACCACAATCCA-1",6,6
"CCGCCGGTCAACACAC-1",9,13
"CCGCCGTTGAGGATAA-1",5,10
"CCGCCTGCGAATTGGT-1",7,12
"CCGCCTTGCGATGTCG-1",3,10
"CCGCGATTTGGTAGGT-1",5,3
"CCGCGCAAGATACCCA-1",2,14
"CCGCGGAATGCGTCAC-1",3,8
"CCGCGGGTACGAAGAA-1",8,5
"CCGCGTAGGTAAGGGC-1",4,11
"CCGCTATCAGCACCAG-1",5,9
"CCGCTCCAGGGCGATC-1",3,8
"CCGCTCCGGATAAGCT-1",3,8
"CCGCTCTTCCGAACTA-1",1,14
"CCGCTGGTGCCATTCA-1",6,6
"CCGCTTACCTCACTCT-1",5,3
"CCGCTTCGCGGTTAAC-1",9,13
"CCGCTTGCTGACATGG-1",8,5
"CCGGAAGTGCAATATG-1",3,8
"CCGGAATGGTTTCAGT-1",4,4
"CCGGAGCGTACTTTCT-1",3,2
"CCGGAGGTCTTATGGT-1",4,16
"CCGGCACGACCGTTTC-1",8,5
"CCGGCGCATATTGGAT-1",7,13
"CCGGCGTGAGACTCTG-1",3,8
"CCGGGACCCGCAGAGA-1",7,13
"CCGGGCGGTCTCGTCA-1",4,4
"CCGGGCTAAGAATTTC-1",3,8
"CCGGGCTGCTCCATAC-1",8,5
"CCGGGTTCGAGGTTAC-1",8,9
"CCGGTAATGGCTAGTC-1",5,3
"CCGGTATCTGGCGACT-1",3,10
"CCGGTGCGAGTGATAG-1",4,16
"CCGGTTTGTAATTGTG-1",2,2
"CCGTAAGTTGGTCCCA-1",4,4
"CCGTACCCAAGCGCCA-1",7,7
"CCGTAGGAAATCCCTG-1",2,14
"CCGTAGGGTTGTTTAC-1",1,1
"CCGTATCTCGTCGTAG-1",3,8
"CCGTATTAGCGCAGTT-1",4,16
"CCGTGCCCATGACGGC-1",9,13
"CCGTGGAACGATCCAA-1",8,5
"CCGTGTTAAATTCCAT-1",5,3
"CCGTTACGTTAGAACA-1",7,7
"CCGTTCCGAATCTCGG-1",8,5
"CCGTTTCCTTTCCGTG-1",3,8
"CCTAAACAGGGTCCGT-1",6,15
"CCTAAAGGCTGACGCT-1",7,7
"CCTAAATTAACGGTTC-1",8,5
"CCTAAATTGTATCCTA-1",5,10
"CCTAACCCAAACAAGT-1",5,3
"CCTAACTAAGGCTCTA-1",4,12
"CCTAAGTGTCTAACCG-1",7,7
"CCTACAAGTCCGGAAT-1",7,7
"CCTACAGTTGAGGGAG-1",3,10
"CCTACATTCACAGACG-1",3,8
"CCTACGCGACCTTACA-1",6,6
"CCTACGGCTCAGTCGA-1",7,7
"CCTACTGCTTACACTT-1",4,4
"CCTAGGCGTAGCGATC-1",8,5
"CCTAGGTAAAGGTAGC-1",2,14
"CCTAGTTAGTCGCATG-1",9,13
"CCTATAATGAGTGCCC-1",3,8
"CCTATACCGTCCTGTC-1",3,2
"CCTATATTTGTCCTGG-1",1,1
"CCTATCTATATCGGAA-1",9,13
"CCTATGAAGTGGTGCC-1",8,5
"CCTATGGGTTACCGTC-1",4,4
"CCTATGGTCAAAGCTG-1",2,14
"CCTATGTCCACTCCAC-1",2,14
"CCTATTATTCCGGCCG-1",2,14
"CCTCAACGATCGCTGT-1",2,2
"CCTCACCAATCTTGAC-1",7,7
"CCTCACCTGAGGGAGC-1",8,5
"CCTCACCTTAGCATCG-1",4,4
"CCTCATGCAGCTACGA-1",6,15
"CCTCCCGACAATCCCT-1",6,6
"CCTCCGACAATTCAAG-1",4,4
"CCTCCTAGCTAGAGTC-1",2,2
"CCTCCTGAGCCCACAT-1",5,3
"CCTCCTGTTGTGTCGT-1",1,14
"CCTCGAAGTGGACGGG-1",7,13
"CCTCGACCCACTGCCT-1",6,6
"CCTCGCCAGCAAATTA-1",7,7
"CCTCGCGCGATATAGG-1",4,16
"CCTCGCGCTGTGCGAT-1",3,10
"CCTCGGACCGGGATAG-1",8,5
"CCTCGGATGCTACCTG-1",8,5
"CCTCGGTTTCCTTGCC-1",2,2
"CCTCGTTACGCCTGTT-1",7,7
"CCTCTAATCTGCCAAG-1",7,7
"CCTCTACAAGGATTGG-1",2,14
"CCTCTATCGATTAGCA-1",3,8
"CCTCTCTCCCATCTAG-1",4,4
"CCTCTGGCCTAGACGG-1",7,13
"CCTCTGTACTATTCTA-1",3,8
"CCTGAACGATATATTC-1",8,5
"CCTGAATATTTACATA-1",7,7
"CCTGACAAACTCGCGC-1",4,16
"CCTGACCACCGATGGT-1",5,9
"CCTGACGCAACCTTTA-1",6,6
"CCTGAGAATAAATGCA-1",2,2
"CCTGATTCGCGAAGAA-1",3,8
"CCTGCCCGTTGTCTAG-1",8,5
"CCTGCGATAGAACTGT-1",7,7
"CCTGCGTTCTACGCTT-1",8,5
"CCTGCTACAACCATAC-1",3,8
"CCTGCTATTTGAGAAG-1",7,7
"CCTGGAAACGTTCTGC-1",5,3
"CCTGGCTAGACCCGCC-1",4,4
"CCTGGTCGAATGTGGG-1",2,2
"CCTGTAAGACATGATA-1",4,12
"CCTGTACTCACGCCCA-1",8,5
"CCTGTCACCCGGGCTC-1",4,4
"CCTGTCCCTCACGTTA-1",8,5
"CCTGTCGCCCGTAAAT-1",8,4
"CCTGTCGTGTATGAAG-1",3,8
"CCTGTGAAACCGTAAC-1",8,5
"CCTGTGCATAGGAGAC-1",7,7
"CCTGTGCGGATTGTAA-1",6,15
"CCTGTTCAACCTCGGG-1",3,8
"CCTGTTTGAAGACACG-1",2,2
"CCTTAAGTACGCAATT-1",3,8
"CCTTCAGTTAAAGTGA-1",1,1
"CCTTCCGCAACGCTGC-1",3,8
"CCTTCGTATAGAATCC-1",2,2
"CCTTCTCAGCGTTCCT-1",3,8
"CCTTCTTGATCCAGTG-1",7,7
"CCTTGACCACTTTATT-1",2,2
"CCTTGTGAACGTGGTT-1",3,8
"CCTTTAAGGGAGCACT-1",2,2
"CCTTTCAATGAAGAAA-1",4,4
"CGAAACATAGATGGCA-1",9,13
"CGAAACGCAATTCATG-1",8,9
"CGAACAGTATGGGCGT-1",3,8
"CGAACATAGTCAGAAA-1",7,12
"CGAACCCGCATGCGTC-1",5,3
"CGAACCTCTTTCCTAG-1",3,8
"CGAACGCCCAGTGCCG-1",9,13
"CGAACGGCCGGACAAC-1",3,8
"CGAAGACGGTGAGTGC-1",8,5
"CGAAGACTGCCCGGGA-1",6,15
"CGAAGATCAGTTTCAT-1",3,8
"CGAAGCCACAGCATGG-1",3,8
"CGAAGCTATAAATTCA-1",4,16
"CGAAGGGTTTCAGATT-1",2,2
"CGAAGTTGCTCTGTGT-1",4,4
"CGAATGACGCATAATG-1",1,1
"CGAATGGTAGGTCGTC-1",3,8
"CGAATTACATGGTGTT-1",6,15
"CGACAATTTGATCTAA-1",5,3
"CGACACCGCTTAAGGA-1",4,16
"CGACACGCTCCGACAG-1",5,3
"CGACAGTTCGCGTTAT-1",4,4
"CGACATGCGATCTTCT-1",6,6
"CGACCCTTAACGCCGG-1",3,8
"CGACCGTTGGTATTCG-1",3,8
"CGACCTACTAGACAAT-1",2,2
"CGACGCATCCGTACCT-1",2,14
"CGACTCAGGATGTTAT-1",9,13
"CGACTTGCCGGGAAAT-1",3,10
"CGACTTTGTATAGCCT-1",8,5
"CGAGACCCTAGAGTGT-1",5,9
"CGAGACTACTGCTGCT-1",3,8
"CGAGAGATGTGAACCT-1",4,4
"CGAGAGCGCGTAGATA-1",3,8
"CGAGAGCTTTCACTAC-1",2,14
"CGAGAGGGTAGCCGCG-1",2,2
"CGAGATGTTGCCTATA-1",7,7
"CGAGATTTCGCTCGGG-1",5,3
"CGAGCACTTCAAGTTT-1",4,4
"CGAGCCGAGCACTCGA-1",4,16
"CGAGCGTTGATCAGCC-1",9,13
"CGAGCTGGGCTTTAGG-1",7,7
"CGAGGAGCTTCCATAT-1",8,5
"CGAGGCCAGGCATTGG-1",7,7
"CGAGGCTAAATATGGC-1",4,4
"CGAGGGACTGCGGTCG-1",8,5
"CGAGGGTATCCAGGTG-1",1,1
"CGAGTACTAAAGAGGA-1",5,9
"CGAGTGAAGGTACCAG-1",2,2
"CGAGTGCTATAGTTCG-1",7,7
"CGAGTTCTGTCCCACC-1",4,4
"CGAGTTTATCGGACTG-1",8,5
"CGATACCTCGCGGACA-1",8,9
"CGATAGCGATACAGTG-1",2,2
"CGATAGTCGTACTGCA-1",1,1
"CGATATTAGCCGCAGG-1",7,7
"CGATCCACCATTGTTG-1",3,8
"CGATCCGACCCAGTGC-1",8,9
"CGATCCTCGCAACATA-1",2,14
"CGATCGAGAAGCACCA-1",3,8
"CGATCTGTTGGAGGAC-1",5,3
"CGATGGACCCTACGCC-1",4,16
"CGATTAAATATCTCCT-1",3,8
"CGATTCGCCTGGCTGC-1",3,10
"CGATTTGTCATTAATG-1",3,8
"CGCAAACACGAGTTAC-1",4,4
"CGCAATCGATCATTAG-1",8,5
"CGCAATTACTTTCGGT-1",4,4
"CGCAATTAGGGTAATA-1",4,4
"CGCAATTCTACAATAA-1",4,4
"CGCACATGTCCACTAC-1",8,5
"CGCACGTCTGTTTATG-1",2,2
"CGCACGTGCGCTATCA-1",8,5
"CGCAGAAACATTTGCG-1",6,15
"CGCAGATCTTCACCCG-1",8,5
"CGCAGGCGATCCAAAC-1",3,8
"CGCAGTTCTATCTTTC-1",3,8
"CGCATCATGGCTTCAG-1",9,15
"CGCATCCATCAGCCAG-1",8,5
"CGCATGCCGAATGCGT-1",2,2
"CGCATGGTGCGATGCT-1",8,5
"CGCATTAGCTAATAGG-1",4,4
"CGCCAAGAAGCCGAGT-1",5,3
"CGCCAATTATTGCGTT-1",4,12
"CGCCACAGGTCGCGAT-1",2,2
"CGCCACCCGCATTAAC-1",7,7
"CGCCAGTAGTACCTTG-1",3,8
"CGCCATCCGATTATGA-1",4,4
"CGCCCAGCACGCCTAG-1",2,14
"CGCCCAGCGTTTCACG-1",2,14
"CGCCCGCTTCCGTACA-1",7,13
"CGCCCTAATTGTTCAA-1",2,2
"CGCCCTTACATCCACC-1",6,6
"CGCCCTTGAAGGCTGA-1",4,4
"CGCCGACTATTCGCTA-1",8,5
"CGCCGCCCATGCCTGT-1",8,5
"CGCCGCGTTCTGAACG-1",3,8
"CGCCGTTCAGCATAGT-1",2,14
"CGCCTCCCTCCTCTAT-1",8,9
"CGCCTGGCCTACGTAA-1",8,9
"CGCCTTTAGCATGCTC-1",5,9
"CGCGAAGTGGCATACT-1",2,14
"CGCGACACTGCGCAGC-1",4,4
"CGCGACCGCGACAGAT-1",2,10
"CGCGAGAGGGACTTGT-1",4,16
"CGCGAGTCTGCCGGGT-1",2,2
"CGCGCAAATGTCCAGA-1",2,14
"CGCGCAAGGAACTACA-1",7,7
"CGCGCATGTTTGATTG-1",5,3
"CGCGCCCGACTTAATA-1",7,7
"CGCGGCAGTATTACGG-1",4,16
"CGCGGCTCAACTTGAA-1",8,5
"CGCGGGAATTAGGCAG-1",4,4
"CGCGGGAATTCCTTTC-1",3,8
"CGCGGTCACAAACCAA-1",4,16
"CGCGTCATATTAAACC-1",6,6
"CGCGTGCTATCAACGA-1",7,7
"CGCGTGGGCCTGTGTT-1",3,8
"CGCGTTCATGAAATAC-1",4,4
"CGCTACCGCCCTATGA-1",9,13
"CGCTACGGGACATTTA-1",8,9
"CGCTAGAGACCGCTGC-1",8,5
"CGCTATACCGCCCACT-1",7,7
"CGCTATTCAATGTATG-1",7,7
"CGCTATTCTTAGGCTC-1",8,9
"CGCTCGACATAATGAT-1",7,7
"CGCTCTCCGTAGATTA-1",4,4
"CGCTGAGGACGTCCAA-1",9,13
"CGCTGGTGACTACCCT-1",5,3
"CGCTGTGACGCCGCAC-1",7,7
"CGCTGTGTGGATGTTG-1",2,14
"CGCTTAGTATTGATAC-1",2,14
"CGCTTATTCCCGGTCG-1",5,9
"CGCTTCCACTGAAATC-1",7,7
"CGCTTCGGTCTAAGAC-1",2,2
"CGCTTTCATACCGGTG-1",7,13
"CGCTTTCCGCCAAGGT-1",3,8
"CGCTTTCTTGCATTCG-1",4,4
"CGGAAAGAATCAAACG-1",1,1
"CGGAAAGCAAATGTGC-1",4,16
"CGGAAATTTCACATCC-1",6,15
"CGGAACGTAAACATAG-1",5,3
"CGGACCTCTGTAGTTA-1",3,8
"CGGACCTTTACGTCCC-1",3,8
"CGGACGTTACTTGAAG-1",3,3
"CGGAGCAATTTAATCG-1",3,8
"CGGAGCATGGCGATCC-1",8,5
"CGGAGCTTATAACACC-1",9,13
"CGGAGTCCTAACCTGG-1",6,15
"CGGAGTTTGAGAGACA-1",4,4
"CGGATAAGCGGACATG-1",4,4
"CGGATCCTCAAGGACT-1",2,14
"CGGATGAATGCTGTGA-1",3,8
"CGGATTCTGCCTTATG-1",3,10
"CGGCAAACATCGTGCG-1",3,8
"CGGCAATAAGATCGCC-1",3,8
"CGGCACCGTTAGCGCC-1",7,7
"CGGCACTCAAGAAAGT-1",7,7
"CGGCAGGGTCGGGTTG-1",8,5
"CGGCCACGCACAAAGT-1",4,4
"CGGCCAGAGCGACCAT-1",2,14
"CGGCCCAACCTGTAGT-1",8,5
"CGGCCCAGGTATATCC-1",5,3
"CGGCGCCATCAATCCC-1",2,2
"CGGCTCTAAAGCTGCA-1",5,3
"CGGCTCTTCGTCGAAC-1",9,15
"CGGCTGAAGGTTACGC-1",7,7
"CGGCTGCAAGATTAAG-1",6,6
"CGGCTTTGTATGATAA-1",6,6
"CGGGAACGCCCTGCAT-1",3,8
"CGGGAAGTACCGTGGC-1",3,8
"CGGGAATATAGTATAC-1",5,3
"CGGGAATTTATGTAAA-1",5,12
"CGGGAGCTTCAGTGTA-1",5,3
"CGGGAGTATACCGCCG-1",4,4
"CGGGATCAATGTAAGA-1",7,7
"CGGGCAGCTAAACCGC-1",4,4
"CGGGCCATAGCCGCAC-1",4,16
"CGGGCCTTCTTTGTAA-1",8,9
"CGGGCGATGGATCACG-1",2,2
"CGGGTGTACCCATTTA-1",4,4
"CGGGTTCGGCACGTAT-1",7,7
"CGGGTTGTAGCTTTGG-1",7,7
"CGGTAACAAGATACAT-1",7,12
"CGGTACTAGAATCAAA-1",8,5
"CGGTAGAGGTGCAGGT-1",4,13
"CGGTATAGGTATTAGC-1",7,12
"CGGTATGGGCACTCTG-1",3,8
"CGGTCAAGTGGGAACC-1",4,4
"CGGTCCATGAGACTCC-1",8,5
"CGGTCCGTCGCAAGCC-1",1,1
"CGGTCTATCAACCCGT-1",7,13
"CGGTGAAGACTAAAGT-1",8,5
"CGGTGCAGATAGAACG-1",8,9
"CGGTGCGCGTTGGTCC-1",5,9
"CGGTGGGCTCCAGCCT-1",7,12
"CGGTGTACTTGATCCC-1",7,7
"CGGTTATCCAACAGTG-1",8,5
"CGGTTCAAGTAGGTGT-1",4,4
"CGGTTCCGGCTTCTTG-1",7,7
"CGGTTGACCTGGCATA-1",8,5
"CGGTTGAGTATCCTTC-1",2,14
"CGGTTGGGCAGGGTCC-1",3,8
"CGGTTGGGTTCAAGTT-1",7,7
"CGGTTTACTGAACATT-1",2,2
"CGGTTTATGAAGGAAC-1",7,7
"CGTAAACGCTTGAGTG-1",7,7
"CGTAAAGCAAGAAATC-1",2,2
"CGTAAATAACAAAGGG-1",3,8
"CGTAACTTCGACACTT-1",2,14
"CGTAATAATTACGAGT-1",4,16
"CGTACCGAAAGTCTAG-1",4,16
"CGTACCTGATAGGCCT-1",7,7
"CGTAGCGAATTGTCAG-1",9,13
"CGTAGCGCCGACGTTG-1",6,15
"CGTATTAAGAGATCTA-1",4,4
"CGTATTGTTTGGCGCC-1",3,8
"CGTCAAGGCTATAAAT-1",8,5
"CGTCAATCTTTAACAT-1",4,16
"CGTCACGTCCATTGGT-1",5,3
"CGTCAGCTATTTACTC-1",4,4
"CGTCAGTGCGCACAAG-1",9,13
"CGTCAGTTTATCGTCT-1",6,6
"CGTCATACCATATCCA-1",4,4
"CGTCCAGATGGCTCCA-1",4,4
"CGTCCTCATCGCGTGC-1",3,8
"CGTCGCATGTGAGCCA-1",1,1
"CGTCGCGGCGGGATTT-1",4,13
"CGTCGCTTGGTTATAC-1",1,14
"CGTCGGATAGTGTTGA-1",8,5
"CGTCGGGTCTAAGCGC-1",2,2
"CGTCGTCCTTCGCGAA-1",3,10
"CGTCTGGAAGGGCCCG-1",7,7
"CGTGAAGTTAATTCAC-1",8,9
"CGTGACATTGGGTCGT-1",7,7
"CGTGACCAGTCCTCTG-1",1,1
"CGTGCACACCACTGTA-1",3,8
"CGTGCAGACTGGGACA-1",8,9
"CGTGCATTGTCGACGC-1",8,9
"CGTGCCCGACATTTGT-1",6,6
"CGTGCCCTCCCGAAGA-1",8,9
"CGTGCTGGCCTAGTCG-1",7,7
"CGTGCTTCTACCTAAA-1",1,1
"CGTGGCCGAATATCTA-1",5,3
"CGTGGTACCCAAAGGC-1",2,14
"CGTGTCCCATTCGCGA-1",4,4
"CGTGTGTTAAACCCTG-1",8,5
"CGTTAAACTAGTTAGG-1",5,8
"CGTTAATGTCCCGACG-1",2,14
"CGTTAGCTCACAACTG-1",7,7
"CGTTATCATACTTCCA-1",2,2
"CGTTCAAGGAAACGGA-1",2,2
"CGTTCAGACCCGCGAA-1",2,14
"CGTTCATGGTGCGCGT-1",3,8
"CGTTCTTCGCACACCT-1",4,16
"CGTTGAATACCGCGCT-1",3,10
"CGTTGAGCGACCGTCG-1",8,9
"CGTTGAGTAATTGCGT-1",7,7
"CGTTGCCCGCGTGGGA-1",2,14
"CGTTGTAAACGTCAGG-1",4,4
"CGTTGTAAGATTGATT-1",8,5
"CGTTGTTTCAATTCCC-1",4,4
"CGTTTAAGCGGAGCAC-1",9,15
"CGTTTACAAGGCAGCT-1",8,5
"CGTTTCACTTCGGGCG-1",7,12
"CGTTTCGCTCATTACA-1",4,4
"CGTTTGTGTAGAGGGT-1",2,10
"CTAAACGGGTGTAATC-1",9,13
"CTAAAGAATGCCTACT-1",8,9
"CTAAAGGATGAGATAC-1",3,10
"CTAAAGGGAAATAGGA-1",5,9
"CTAAAGTCCGAAGCTA-1",7,7
"CTAAATCCGGTGTACA-1",1,14
"CTAAATCCTATTCCGG-1",4,4
"CTAACAGCACAATAAC-1",2,14
"CTAACCGCGCGCCCGT-1",8,9
"CTAACGAAACTTGCTG-1",4,4
"CTAACTGATAATCGCC-1",2,14
"CTAACTGGTCCGGTTC-1",3,8
"CTAAGGGAATGATTGG-1",8,9
"CTAAGTACAGGGCTAC-1",9,13
"CTAATGCGCCCAACAA-1",7,12
"CTAATTCGCACGCGCT-1",4,11
"CTAATTCTCAGATATT-1",8,5
"CTAATTTCAACAACAC-1",4,4
"CTACAAGAAATAACCC-1",2,14
"CTACACTAGCTTGTTC-1",6,6
"CTACACTCGCAGATGG-1",2,14
"CTACATATCGCGGGAC-1",2,2
"CTACCCTAAGGTCATA-1",8,5
"CTACGAACTAGGTCGA-1",6,6
"CTACGACTAGCTATAA-1",8,5
"CTACGATCCTATCCTA-1",3,2
"CTACGCACGGAGTACC-1",8,5
"CTACGCCATTTCCGAT-1",7,7
"CTACGTGTTGCCACCA-1",7,7
"CTACTATCATAGGTTT-1",2,2
"CTACTATCTTTCAGAG-1",4,4
"CTACTCAAGGTATAGT-1",2,14
"CTACTCTAGGCCCGGC-1",8,5
"CTACTGCCACCTGACC-1",4,4
"CTAGACATATATGTAG-1",7,7
"CTAGACTGCATTTCGT-1",7,12
"CTAGATAAACTCCTCG-1",7,7
"CTAGATGTGAGTGTAA-1",8,5
"CTAGATTTACGACGGC-1",8,9
"CTAGCAACTAATTTAC-1",7,7
"CTAGCATAGTATAATG-1",4,4
"CTAGCCCGGGAGACGA-1",3,10
"CTAGCCGATGTTATGA-1",4,4
"CTAGCGCCAATCCTAC-1",7,7
"CTAGGCGCCCTATCAG-1",3,8
"CTAGGCGGCAGAGAAT-1",7,7
"CTAGGGATAGGGACAA-1",2,2
"CTAGGTCTGAAGGAAT-1",8,5
"CTAGGTTCGGACGTGA-1",2,2
"CTAGTATTCGGAATTA-1",7,7
"CTAGTCACGTCTTAAG-1",8,5
"CTAGTGAAGGACAGGA-1",4,4
"CTAGTTACAACCCGGT-1",3,8
"CTAGTTGGGCCCGGTA-1",4,4
"CTATAAGAGCCAATCG-1",4,16
"CTATAAGTAGGGTTTG-1",3,8
"CTATACTTAAAGCGAG-1",2,14
"CTATAGGCGTTGATGT-1",1,1
"CTATATCCAGCCTGGC-1",2,2
"CTATCACAACGCTGGA-1",3,8
"CTATCGACGAAATACA-1",3,8
"CTATCGGGTCTCAACA-1",4,4
"CTATGAACACCTTGCC-1",3,2
"CTATGCCCGAATGCAA-1",1,1
"CTATGGGAAGCGGAAT-1",3,2
"CTATGTCACTAGCCCA-1",4,4
"CTATGTCTATTGAAAC-1",9,13
"CTATGTGAGTCACGGC-1",3,8
"CTATTCATGTGTCCCA-1",3,8
"CTATTGTGTTTGGTCA-1",7,7
"CTATTTGCTTGGAGGA-1",2,2
"CTATTTGGTTACGGAT-1",8,5
"CTCAAACCACTGCCCG-1",1,14
"CTCAACTAACCCGGAT-1",1,1
"CTCAAGACATTAGCGC-1",7,12
"CTCACCAGTACAAGTG-1",8,5
"CTCACCGATCCAAACT-1",8,5
"CTCACTTGGCTGGTAA-1",8,5
"CTCAGAGCTAATGTCG-1",3,8
"CTCAGATTGTGATAAG-1",3,8
"CTCAGCAGACTGCCGA-1",7,12
"CTCAGGACTCACCTGT-1",7,7
"CTCAGTCACGACAAAT-1",4,4
"CTCATAAATGTGTATA-1",3,8
"CTCATGGCTCACAATC-1",9,13
"CTCATGGTAATTTGCG-1",3,8
"CTCATTCGTGAACATC-1",8,5
"CTCATTGCTCTAACAA-1",2,14
"CTCATTTGATGGGCGG-1",7,7
"CTCCCAATGAGTCGCG-1",5,3
"CTCCCTCCTTTCGATC-1",3,2
"CTCCCTTGTATCAAGG-1",3,8
"CTCCGCCCACATGAGG-1",8,9
"CTCCGGCCTAATATGC-1",7,7
"CTCCGGCTTGTAGACA-1",4,16
"CTCCTAAGTTATGTCT-1",7,7
"CTCCTAGTAATCGTGA-1",3,10
"CTCCTCCAGCTCACAC-1",1,1
"CTCCTTTACGCAAGTC-1",8,5
"CTCGAATGGAACGTAT-1",9,13
"CTCGAGATCCAAAGCA-1",4,13
"CTCGAGGCAAGTTTCA-1",3,8
"CTCGAGGTCGAACAGT-1",4,4
"CTCGATATTTGCGAGC-1",4,16
"CTCGCACCTATATAGT-1",4,4
"CTCGCCGAATGTAGGG-1",2,14
"CTCGCTAGGTAAGCGA-1",3,8
"CTCGGGCATCGTCGGG-1",6,6
"CTCGGTACCACTGCTC-1",8,5
"CTCGGTCCGTAGCCTG-1",7,7
"CTCGGTTGTCGGCCCT-1",2,14
"CTCGTCTGTGCCTTCG-1",3,8
"CTCGTGGCACTGAAAG-1",3,8
"CTCGTTACGGCTACCA-1",2,2
"CTCGTTTCTAATGTTT-1",4,4
"CTCTAACACCGGCAGC-1",3,8
"CTCTAATGCATTGATC-1",8,5
"CTCTACACTGGCGATT-1",5,3
"CTCTACATCCTGCGTG-1",3,8
"CTCTAGCCCTCGGAAA-1",2,2
"CTCTATTTGGCTGCAG-1",9,11
"CTCTCACAATCGATGA-1",4,4
"CTCTCGATGTGCGCCT-1",6,6
"CTCTCGCTGTACTATG-1",8,5
"CTCTGCAGGCATTCTT-1",3,8
"CTCTGCGAAGCAAGCA-1",9,13
"CTCTGGACGCCTGGTG-1",4,4
"CTCTGTCCATGCACCA-1",3,8
"CTCTGTGCCTGCTATG-1",6,6
"CTCTGTTTGAGGATTC-1",7,13
"CTCTTCTATTGACTGG-1",5,3
"CTCTTCTGGAAGTTAG-1",1,1
"CTCTTGTCCCGCTTGG-1",3,8
"CTGAAAGAGATCCGAC-1",7,7
"CTGAATCCGAGACCTC-1",5,10
"CTGAATTTATTGCCAG-1",4,16
"CTGACTGCGCAGCTCG-1",8,5
"CTGAGAAAGTTCGGCG-1",5,3
"CTGAGCAAGTAACAAG-1",7,7
"CTGATAGTGTATCTCA-1",8,5
"CTGATCCCTTTATGCA-1",2,2
"CTGCAAATGGGCTCCA-1",6,15
"CTGCAAGCACGTTCCG-1",1,1
"CTGCACAACTACATAT-1",5,3
"CTGCACCTAGTCCACA-1",8,5
"CTGCACCTGGAACCGC-1",7,13
"CTGCACTCCAGTACAG-1",3,8
"CTGCAGAGAATCAGAG-1",1,14
"CTGCAGGTGCTCGGCC-1",7,12
"CTGCCAAGGTTGGAAG-1",7,7
"CTGCCATGCATCACAT-1",8,9
"CTGCCCACGAAGCGTT-1",8,5
"CTGCCTAGCCACCAAG-1",9,15
"CTGCCTTTAATACCTT-1",2,14
"CTGCCTTTCTAGTAAA-1",2,14
"CTGCGACCTCGCCGAA-1",3,8
"CTGCGATTTCGAGATT-1",3,8
"CTGCGGGTGAAATGTT-1",8,5
"CTGCGGTAGTCACGTG-1",7,12
"CTGCGTTACGATATAA-1",7,13
"CTGCTCTGACGGCAAA-1",3,8
"CTGCTGAGGCCACGAA-1",3,8
"CTGCTTGGCGATAGCT-1",3,8
"CTGCTTTATGTCCGCG-1",4,16
"CTGGAAATGGATGCTT-1",4,4
"CTGGAAGACACGGTGG-1",5,8
"CTGGACGCAGTCCGGC-1",2,10
"CTGGATTTACACTTGA-1",5,3
"CTGGCATCCGAATGAG-1",3,8
"CTGGCGACATAAGTCC-1",7,12
"CTGGCGATTTACATGT-1",3,8
"CTGGCGCACAGGTCTG-1",8,5
"CTGGCGGGAATAAGTA-1",4,4
"CTGGCTCCTGCGGGAT-1",7,7
"CTGGCTGATTCATCCT-1",5,3
"CTGGCTGCTAACGTAA-1",7,7
"CTGGCTGGTTGTCAGT-1",3,8
"CTGGGATAAATAATGG-1",8,5
"CTGGGATACGCTACCC-1",8,5
"CTGGGATCGCCCAGAT-1",6,6
"CTGGGCACTAGTCGGA-1",6,6
"CTGGGCCTGCTATATC-1",5,9
"CTGGGCGGCCAAATGT-1",6,6
"CTGGGCTACTGGAGAG-1",3,8
"CTGGGCTATCCTTTGG-1",7,7
"CTGGGTAGGCAGTTAA-1",8,9
"CTGGGTTGAGTTAAAG-1",2,14
"CTGGTAAAGACTTACA-1",3,8
"CTGGTAACACATAGAA-1",8,5
"CTGGTAACGAGCTCTT-1",8,5
"CTGGTCATTCCAATCC-1",4,4
"CTGGTCCTAACTTGGC-1",6,6
"CTGGTTCAACGCATCA-1",7,13
"CTGGTTTCGAGCAAGA-1",5,3
"CTGTACTTCTTAGCAT-1",8,9
"CTGTAGCCATCTCACT-1",2,2
"CTGTAGTGAGGATCGA-1",2,2
"CTGTATGGTGTAGAAA-1",7,7
"CTGTCAAATGGCTCGG-1",4,4
"CTGTCACGCCAGGCGC-1",7,12
"CTGTCTGTGGCTGGCT-1",4,4
"CTGTGCAGGGTAGGTC-1",8,5
"CTGTGGTCGGGAGATA-1",3,8
"CTGTTACCCAATCTAG-1",5,3
"CTGTTCACTGCCTGTG-1",7,7
"CTGTTCATCTCACGGG-1",9,11
"CTGTTGGCTCTTCTGA-1",8,5
"CTGTTGTTCAGTCGTA-1",2,2
"CTTAAATAAGACCCAT-1",8,5
"CTTAACTTACAGTATA-1",3,8
"CTTAACTTCGAAGTAC-1",6,6
"CTTAAGCAGCGAGCCG-1",2,2
"CTTAATCGACTTAGTA-1",3,10
"CTTACACGGTATTCCA-1",4,4
"CTTACACTGGGAAATA-1",7,7
"CTTACATAGATTTCTT-1",3,8
"CTTAGCCCGGATAGTG-1",8,5
"CTTAGCCTTCCACATG-1",7,7
"CTTAGGTATAGACCAG-1",2,14
"CTTAGTAGGCCTACAG-1",8,5
"CTTAGTGTAGTAGCAT-1",1,1
"CTTAGTTGAGGAATCG-1",2,2
"CTTATGCGCTCAGGGC-1",5,3
"CTTATGTTGACTACCA-1",7,7
"CTTCAACTCCACTTGG-1",2,10
"CTTCACGCCCTGGTAC-1",3,8
"CTTCAGTGGTCGCCTA-1",2,2
"CTTCAGTTGGACAACG-1",3,8
"CTTCATAGCTCAAGAA-1",7,7
"CTTCATCACCAGGGCT-1",3,8
"CTTCATTGTCAGTGGA-1",8,5
"CTTCCGCTCCGTGAAG-1",2,10
"CTTCCTGCATATTTAC-1",9,13
"CTTCGATTGCGCAAGC-1",2,2
"CTTCGGCCAATTGTTT-1",3,8
"CTTCGTAGATAGGTGA-1",8,9
"CTTCGTGCCCGCATCG-1",7,7
"CTTCTATGTTGAAGTA-1",5,3
"CTTCTATTAATGCTAG-1",3,8
"CTTCTGGGCGTACCTA-1",2,14
"CTTCTTACGTCGTATA-1",7,7
"CTTGACCCGAAAGATA-1",6,15
"CTTGAGGTTATCCCGA-1",7,7
"CTTGAGTTAGGGTAAT-1",8,5
"CTTGATGACCATCCAG-1",3,8
"CTTGCAACCGCCTCCT-1",5,9
"CTTGCCCACCCACGCA-1",3,8
"CTTGCCCAGGCTCTAC-1",5,9
"CTTGGCCAAGCTGGGA-1",1,1
"CTTGTACTTGTTGACT-1",7,7
"CTTGTCAACATTCGAG-1",5,3
"CTTGTCGTACGTGTCA-1",9,13
"CTTGTGAGGACAGCGG-1",7,13
"CTTGTGAGTCTTTGAC-1",7,7
"CTTGTGCTCACCGATT-1",4,4
"CTTGTTGCTGAGTCAA-1",8,5
"CTTGTTTATGTAGCCA-1",7,7
"CTTTAACTTTCAAAGG-1",7,7
"CTTTAATATTGGTCGA-1",5,3
"CTTTACCGAATAGTAG-1",5,3
"CTTTAGGAACACTGTT-1",8,5
"CTTTAGTGCTATTATT-1",5,10
"CTTTATCCGACGCATG-1",3,10
"CTTTCTGTGCGGGCTT-1",3,8
"CTTTGAAACATATTCC-1",6,6
"CTTTGACGTCGCTTCT-1",2,2
"CTTTGCATCGCTCTTG-1",2,14
"CTTTGGCAGACAGAGT-1",7,7
"CTTTGGCGCTTTATAC-1",8,5
"CTTTGGCTTTAGTAAA-1",4,4
"CTTTGGGATTGTTGCA-1",1,1
"GAAACAGATGACCACC-1",8,5
"GAAACAGCCATGCAGT-1",9,12
"GAAACCATGGTGCGCT-1",8,5
"GAAACCGAATTACCTT-1",5,9
"GAAACCTATACAAATG-1",2,14
"GAAACTCGTGCGATGC-1",4,4
"GAAACTCTAATGAAGG-1",7,13
"GAAAGAACAGCGTTAT-1",8,5
"GAAAGCAGTGCACTTT-1",3,8
"GAAAGCCCTTTGGACC-1",8,5
"GAAAGTGACTAACTGC-1",4,4
"GAAATACCTGCTGGCT-1",9,15
"GAAATACTAAACGTTT-1",4,4
"GAAATATCACCATCAG-1",8,5
"GAAATATGCTTGAATG-1",4,16
"GAAATCGCGCGCAACT-1",7,7
"GAAATCTGACCAAGTT-1",4,16
"GAAATGGCGGTGTTAG-1",4,4
"GAAATGGGATGTAAAC-1",4,16
"GAAATTAGCACGGATA-1",6,15
"GAAATTCACATCGCTG-1",9,13
"GAAATTGTCTCTATAA-1",8,9
"GAACACACATCAACCA-1",7,7
"GAACAGATTACTAAAT-1",3,8
"GAACCATCTGGGAGAC-1",6,6
"GAACCCTCTGTGTTCT-1",2,2
"GAACCTCGACCTACAC-1",5,3
"GAACGACCGAATGATA-1",7,7
"GAACGCGGGTCACACG-1",5,10
"GAACGGTGTAAAGCAG-1",7,12
"GAACGTCTCATGGTCG-1",4,4
"GAACGTTAGGAAGACG-1",8,5
"GAACTGTGGAGAGACA-1",2,14
"GAACTTAGCGCCCGGT-1",9,13
"GAAGAACGGTGCAGGT-1",7,7
"GAAGACTTCAATGCCG-1",6,6
"GAAGCAAGGCAATGTT-1",9,15
"GAAGCCGGGTAAGCTC-1",8,5
"GAAGCCTGCACATTCC-1",1,14
"GAAGCGTGAGGAATTT-1",4,4
"GAAGCTCGGACCCGTC-1",2,2
"GAAGCTCTTTGCTTAG-1",4,16
"GAAGCTTGCTGACCGC-1",4,4
"GAAGGACTAAATTGAA-1",7,7
"GAAGGAGTCGAGTGCG-1",2,14
"GAAGGGCATAACCATG-1",7,16
"GAAGGGTCATTAAGAC-1",3,8
"GAAGTCAGTTGCACTA-1",3,8
"GAAGTCTCCCTAGCGA-1",8,5
"GAAGTGATTTATCGTG-1",8,9
"GAAGTGCTGGATAGCT-1",7,12
"GAAGTTTCCACTCAAT-1",9,11
"GAATAGACGCGACCCA-1",8,5
"GAATAGCATTTAGGGT-1",5,10
"GAATAGCCCTGCGGTC-1",4,16
"GAATAGTGCTCGATTA-1",1,14
"GAATATTCGGAGTCCC-1",7,7
"GAATCGACATGGTCAC-1",4,4
"GAATCGCCGGACACGG-1",9,13
"GAATCTATACTCGGAC-1",6,6
"GAATCTGAACATTCTC-1",8,5
"GAATGAAGGTCTTCAG-1",4,16
"GAATGCCGAAATGACC-1",4,4
"GAATGGGCTTATCGAC-1",5,3
"GAATGTATGGCAGGTC-1",7,7
"GAATGTGGTCCGGATT-1",8,5
"GAATGTTGGGTAATCT-1",7,7
"GAATTATAGTGAAAGG-1",4,4
"GAATTCACCCGGGTGT-1",5,3
"GAATTTCTCGCTGCAG-1",4,4
"GACAAACATATGCAGG-1",5,5
"GACAACGACCATTGAA-1",4,4
"GACAACGCAGCTTACG-1",7,7
"GACAAGAGATGAGATT-1",5,10
"GACACAAGGGAAGAAA-1",4,4
"GACACAGCCGGGACTG-1",3,8
"GACACCCAAAGACGCG-1",3,8
"GACACGAGTTAGAGGA-1",7,7
"GACACTGAGTTCAGTG-1",8,9
"GACACTGGAACCCGAT-1",3,8
"GACACTTCCAATTACC-1",3,8
"GACAGAGGTCTTCAGT-1",3,8
"GACAGATTTCTGGCTC-1",3,8
"GACAGCCAGACCTGAC-1",8,5
"GACAGGCACACACTAT-1",8,5
"GACATACTGTCGCAGA-1",4,4
"GACATCGATTTATAAC-1",3,8
"GACATTTCGCCCAGCC-1",3,8
"GACCAAACGTTGACTG-1",1,14
"GACCACACTTCCCTTT-1",3,8
"GACCAGAGCCCTGTAG-1",4,4
"GACCAGGTCATTCATA-1",6,6
"GACCCAATTATGATAC-1",2,2
"GACCCGTCGCCGGCTA-1",6,6
"GACCGACCGCTAATAT-1",7,13
"GACCGACGTGAAAGCA-1",5,3
"GACCGACTGAAGCGTC-1",8,5
"GACCGATTAAATATGT-1",2,2
"GACCGCGTCTGACGTG-1",5,10
"GACCGGTGATACTCTC-1",3,8
"GACCGTCAGGTCGTGA-1",7,7
"GACCGTGCTGACGGTG-1",8,9
"GACCGTTACATGCGAC-1",5,3
"GACCTGGTCTGGGCGT-1",4,4
"GACCTTCCACGTCTAC-1",2,2
"GACGACGATCCGCGTT-1",3,8
"GACGACTTTCCAAGAA-1",7,7
"GACGAGGCTAATAAAC-1",2,2
"GACGATATCACTGGGT-1",3,2
"GACGCATACCCGTCGG-1",2,14
"GACGCCGTAAAGGCTA-1",3,8
"GACGCCTGTTGCAGGG-1",7,7
"GACGCTTGCTTCTAAA-1",8,9
"GACGGACCGCGTTCCT-1",6,15
"GACGGGATGTCTTATG-1",7,7
"GACGGGCATCGAATTT-1",3,8
"GACGGGTTGGCCCGTA-1",1,14
"GACGGTCAATAGAAGC-1",8,5
"GACGTGAGACTCCATG-1",7,7
"GACGTTCGTAAATACA-1",8,5
"GACGTTGCTCGGCGGC-1",3,8
"GACTAACACAGCACCT-1",9,13
"GACTAAGATCATGCAC-1",7,4
"GACTAAGTAGGCTCAC-1",6,15
"GACTACAAAGCGGTGG-1",3,8
"GACTACAATTGCTCGT-1",9,15
"GACTAGGCCGTTAGGT-1",2,2
"GACTCACCCACGTGAG-1",1,1
"GACTCCCAGAATAAGG-1",8,5
"GACTCGCGGGAATGAC-1",4,4
"GACTCGGTCGGCGGAT-1",7,7
"GACTCTAGAGTTCCAA-1",3,8
"GACTGATTGGTCACAA-1",7,7
"GACTGCAAATCGAGCT-1",2,2
"GACTGCACCAGCCCAG-1",5,3
"GACTGCGGCACGTGTA-1",8,5
"GACTGCTGGTGAGAAA-1",2,2
"GACTGGGCGCCGCAAC-1",9,13
"GACTTCAACGCATCAA-1",3,8
"GACTTTCGAGCGGTTC-1",3,10
"GAGAACGGTTCTGACT-1",3,2
"GAGAATCTCACGATCA-1",8,5
"GAGACCCTGCAACGCC-1",4,16
"GAGACTGATGGGTAGA-1",4,4
"GAGACTTCGCGACCGA-1",3,8
"GAGAGCGCAGTCCCTG-1",8,5
"GAGAGGGCGCGAGGTT-1",8,9
"GAGAGGTGCATTCTGG-1",5,9
"GAGAGTCTCGGGAGAG-1",3,2
"GAGATCGATCTTACTC-1",2,2
"GAGATCTGCTTGGCAT-1",4,4
"GAGATCTGTCACTCCG-1",4,4
"GAGATCTTCCATGACA-1",8,9
"GAGATGGCTTTAATCA-1",3,2
"GAGATGGGAGTCGACA-1",3,8
"GAGCACCTGTGTCCAG-1",2,10
"GAGCATCAACAACTTG-1",1,1
"GAGCATCATCCCTGGG-1",7,7
"GAGCCACGGTAGTAGG-1",9,15
"GAGCCAGCTACCTGTG-1",3,8
"GAGCCGAGCGTTTATT-1",4,16
"GAGCGAGGGAGTACCG-1",7,7
"GAGCGCAAATACTCCG-1",3,8
"GAGCGCGCACGAGTAG-1",5,3
"GAGCGCTATGTCAGGC-1",7,7
"GAGCGGAATGCGGTGT-1",2,14
"GAGCTAAGGGCATATC-1",4,4
"GAGCTCAACATGAGCG-1",3,8
"GAGCTCTCGGACCTAA-1",7,7
"GAGCTGTCGTCTCGGA-1",4,4
"GAGGAATATCTCTTTG-1",2,2
"GAGGAATGGAGAGGTT-1",4,4
"GAGGAGATCCTCATGC-1",4,16
"GAGGAGTAATTCCTAC-1",6,15
"GAGGATAAACAGTGCT-1",5,3
"GAGGCCCGACTCCGCA-1",2,2
"GAGGCCTGTTGATACA-1",2,14
"GAGGCTATCAAAGTCG-1",8,5
"GAGGGAGTCAGATCGC-1",1,14
"GAGGGCATCGCGTATC-1",7,7
"GAGGGCGCAGCTCTGC-1",4,4
"GAGGGTAGTAACAAAG-1",1,1
"GAGGTACATCCATCTT-1",9,13
"GAGGTACGCGTGTCCC-1",2,14
"GAGGTCCCAAAGATCT-1",7,7
"GAGGTCCGTTCGCTGT-1",3,8
"GAGGTCTTAGTGGGTC-1",6,6
"GAGTAAACCGGAAAGT-1",5,3
"GAGTAAGGCCACGGGA-1",3,8
"GAGTACGGGTATACAA-1",7,7
"GAGTAGATACTAGTTG-1",2,14
"GAGTATACCCTAATCA-1",2,2
"GAGTATGCCCGCCTTG-1",5,8
"GAGTCAGACCAGAATC-1",3,10
"GAGTCCACCAGGTTTA-1",3,10
"GAGTCCGCTTACCGGA-1",5,3
"GAGTCGACAGACCCTC-1",8,5
"GAGTCTTGTAAAGGAC-1",2,2
"GAGTGTCAACCAGAAA-1",1,1
"GAGTGTGCGGTACCCA-1",5,3
"GAGTTGATGGCAATTT-1",2,2
"GAGTTGTCACCAGTCT-1",3,2
"GATAAATCGGTGGATG-1",7,7
"GATAACTCGCACTGTG-1",8,5
"GATAAGGCAGATGCAA-1",7,7
"GATAAGGGACGATTAG-1",7,12
"GATACGATGGGAGTCA-1",8,9
"GATAGAACCCGCTAGG-1",2,2
"GATAGATAGTACAGTC-1",3,8
"GATAGCGTACCACGCG-1",4,4
"GATAGGTAACGTTGAC-1",5,3
"GATAGTGCGAGTAAGT-1",2,2
"GATATCAGTATGTATC-1",4,16
"GATATCTCATGCAATA-1",6,6
"GATATGAGACACTAAC-1",8,5
"GATATGCGGTAGCCAA-1",7,12
"GATATGGATTACGCGG-1",4,5
"GATATTGAGATTGGCG-1",8,5
"GATATTTCCTACATGG-1",7,7
"GATCAACATAAAGGGA-1",1,1
"GATCATTCCAAACATT-1",4,4
"GATCCAACCTTTAAAC-1",3,10
"GATCCCTTTATACTGC-1",4,4
"GATCCGGGAATTAACA-1",8,5
"GATCCTAAATCGGGAC-1",4,4
"GATCCTCGACACTGGC-1",3,8
"GATCCTCTTGCGCTTA-1",6,15
"GATCGACACTATCTGA-1",4,4
"GATCGCGGGCTCTCCA-1",8,9
"GATCGCTACCCGATTT-1",3,8
"GATCGCTGTGGTGCGT-1",3,8
"GATCGGATAGAACCAT-1",5,3
"GATCGGCGATAAGTCG-1",4,4
"GATCGGTGGCCATAAC-1",4,4
"GATCGTGACTGATATC-1",8,5
"GATCTGCTATCTAAGG-1",1,1
"GATCTTCATTGTCCTC-1",4,4
"GATCTTGGAGGGCATA-1",5,3
"GATCTTTGCAGGGTAT-1",8,9
"GATGACAAGTAGGGCA-1",2,2
"GATGACGATGATCGCG-1",4,16
"GATGAGGAACCTTCGG-1",2,2
"GATGATTTGAAACTGG-1",9,13
"GATGCCACACTACAGC-1",9,13
"GATGCCAGCAGAAGGC-1",4,4
"GATGCGAATGGTATTA-1",4,16
"GATGCGTCCTGCATTC-1",8,9
"GATGCTACAAGCGCCT-1",7,7
"GATGCTACCTTCGATG-1",3,2
"GATGCTGTATTTCATC-1",8,9
"GATGGCGCACACATTA-1",7,7
"GATGGTGCCCTAGGCA-1",9,13
"GATGTAACGAACCACC-1",3,8
"GATGTCCGGATCACAT-1",9,13
"GATGTCGGTCAACTGC-1",6,6
"GATGTGTTGTCACAAG-1",6,15
"GATGTTCAATCCACGA-1",8,9
"GATGTTTGTGCGAGAT-1",7,7
"GATTAACCGAAAGCCC-1",3,8
"GATTAATCCTGGCTCA-1",7,7
"GATTACTGAATTTGGG-1",8,9
"GATTAGAAACAAGCGT-1",3,8
"GATTATCTTGCATTAT-1",3,8
"GATTCCCTTGTCGCAG-1",4,4
"GATTCCGCGTTTCCGT-1",9,13
"GATTCCTATACGGCGC-1",4,4
"GATTCGACGGTTCACG-1",8,5
"GATTCTGTTAATGAGT-1",3,8
"GATTGACACTCTGCTC-1",6,6
"GATTGCTCCAGTTGCA-1",1,14
"GATTGGGAAAGGTTGT-1",2,2
"GATTTGCGCTAACACC-1",3,8
"GCAAACCCTACATTAT-1",5,3
"GCAAACCTTGGCCATA-1",3,8
"GCAAACGTAAGCGACC-1",3,8
"GCAAACGTCGCCAGGT-1",5,3
"GCAAAGGGCGTTAGCC-1",2,2
"GCAAATATTACGCTTT-1",4,4
"GCAAATGAGGACACTT-1",5,3
"GCAACACACTAGAACT-1",3,8
"GCAACAGCAGTATGCG-1",5,3
"GCAACCACCAGACCGG-1",7,7
"GCAACCACGGCCGCGT-1",5,9
"GCAACCCAAGTTGTTT-1",8,5
"GCAACGGCTAGTTATG-1",5,3
"GCAAGAATTCCTTGGC-1",5,9
"GCAAGATGTGTTCGCG-1",7,7
"GCAAGTGCACAGAGAA-1",7,7
"GCAAGTGTAAAGCATG-1",2,14
"GCACAAACCCTAGATG-1",2,2
"GCACAAACGAGGCGTG-1",5,10
"GCACAAGTGGATCATA-1",4,16
"GCACAAGTGTCGGAAG-1",6,6
"GCACACACTGGTAGCC-1",3,8
"GCACACAGCTATTACC-1",3,8
"GCACACGCCCATGGTC-1",8,5
"GCACAGCACGGGCCGA-1",3,8
"GCACCTAGGCGAGTCC-1",3,8
"GCACGCCGATTCCCGC-1",3,8
"GCACGCCTACTTAGAT-1",2,10
"GCACGTGGTTTACTTA-1",2,14
"GCACTAGTCGCGCTAT-1",7,7
"GCACTCCCACAGTCCC-1",6,15
"GCACTGTGCAAATGTA-1",7,7
"GCAGACCCAGCACGTA-1",8,5
"GCAGATCCATAAGACT-1",5,8
"GCAGATCCTCGCAAAT-1",4,4
"GCAGATTAGGGATATC-1",8,5
"GCAGCACACAGCCCAG-1",8,9
"GCAGCCTATATCACAT-1",8,5
"GCAGCGGTGGGCATTA-1",7,7
"GCAGCTATGGACAGGT-1",4,16
"GCAGCTGTCAACGCAT-1",3,8
"GCAGGAACTTAGATCT-1",2,2
"GCAGGACTATAGAATA-1",4,4
"GCAGGTAGAGTATGGT-1",4,4
"GCAGTGTGGCTATAGG-1",2,14
"GCATACGAGGTCTTTA-1",8,5
"GCATAGAGCACTCAGG-1",8,9
"GCATCCCTAACTTTGA-1",7,7
"GCATCCTCTCCTATTA-1",7,12
"GCATGAGGGACGCGGC-1",4,4
"GCATGCTAATAACGAT-1",3,2
"GCATGGGTACTGACGC-1",3,8
"GCATTCAAGGCAACGC-1",8,5
"GCATTCGAAATGAACA-1",8,5
"GCATTGACTTGCGGAA-1",2,2
"GCATTGTAATTCATAT-1",8,3
"GCATTTCCAAGGCTCC-1",8,5
"GCCAACCATTTCCGGA-1",8,5
"GCCAAGAATACTTCTG-1",3,8
"GCCAATAGGGCATCTC-1",4,4
"GCCACAATTTAAGGAC-1",5,9
"GCCACCCATTCCACTT-1",7,12
"GCCACCTTATTCGCGA-1",3,10
"GCCACTCAGAGCGCGA-1",2,2
"GCCAGGAAAGAACACT-1",2,2
"GCCAGGAGTAACCGAT-1",4,12
"GCCAGGCGTTCGCATG-1",7,12
"GCCAGGCTTAGTGGTA-1",4,16
"GCCATATTGCACACAG-1",4,12
"GCCATCGAGCTGCGTG-1",3,8
"GCCATCGATGCTGCAT-1",8,5
"GCCCACCAAGGCTGTC-1",7,7
"GCCCAGTTGGTATGCC-1",7,7
"GCCCATGGGTGCAATG-1",6,6
"GCCCGACTTCTTCCCG-1",3,8
"GCCCGAGAGTCTAAAT-1",2,14
"GCCCGATCTGTGGTCG-1",3,8
"GCCCGATGCCCAGTTC-1",3,8
"GCCCGCGCGTAAACGG-1",5,3
"GCCCGCGCGTTTGACA-1",7,7
"GCCCGTAATACCTTCT-1",4,4
"GCCCGTTCACACAATT-1",3,10
"GCCCTAAGTGCAGGAT-1",3,8
"GCCCTAGCCGTCGCGA-1",2,2
"GCCCTGAGGATGGGCT-1",2,2
"GCCGAAATTCCTACGT-1",1,1
"GCCGACCCACGACTGC-1",1,1
"GCCGATTGGCCAAGCT-1",9,13
"GCCGCATTAGTCCGGC-1",8,5
"GCCGCTAGATACGCAG-1",6,15
"GCCGCTTGTGAGAAAC-1",8,9
"GCCGGAAACACATCTT-1",6,15
"GCCGGGTTAGGGTCGC-1",8,9
"GCCGGTCGTATCTCTC-1",2,2
"GCCGGTTTGGGCGGAT-1",7,7
"GCCGTCGGTTTCGGGC-1",2,2
"GCCGTGGAAGAAATGT-1",5,3
"GCCTACGTTCTGTGCA-1",2,2
"GCCTAGCGATCTGACC-1",7,7
"GCCTATAGTGTCAGGG-1",4,4
"GCCTATGCTGGGCCTT-1",4,16
"GCCTATTCCGATATAG-1",4,4
"GCCTATTTGCTACACA-1",9,15
"GCCTCAGGTACCGGTC-1",3,10
"GCCTCATCTGGAAATA-1",8,5
"GCCTCCGACAATTCAC-1",1,14
"GCCTCTATACATAGCA-1",3,8
"GCCTGCTACACTGAGA-1",7,7
"GCCTGTCCCGGTGCAT-1",3,8
"GCCTTCAGCCCTACCG-1",7,13
"GCCTTGTATATGCAGT-1",4,16
"GCCTTTGTCAGTGGAC-1",2,14
"GCGAAACGATCGGGAG-1",3,8
"GCGAAACTTAACTGGA-1",8,5
"GCGAAGCCATACCCGT-1",4,4
"GCGAATGGACTAGCGA-1",3,8
"GCGACATGTAAACATC-1",8,5
"GCGACCCAACCATCTG-1",2,14
"GCGACGATAGTTGTAC-1",5,3
"GCGACGGTAGTCTCCT-1",3,8
"GCGAGAAACGGGAGTT-1",4,16
"GCGAGAGGCCATGTAA-1",8,5
"GCGAGAGTTGCGTCCA-1",8,5
"GCGAGCGCATGCTCCC-1",8,5
"GCGAGGCCCGAGCAGA-1",8,9
"GCGAGGGACTGCTAGA-1",7,12
"GCGAGTTCTGCAAAGA-1",4,4
"GCGATGTCTGTGCTTG-1",8,5
"GCGATTCTGGAAGCAG-1",9,13
"GCGATTGTTAACGTTA-1",8,5
"GCGCAAGAGCGCGCTG-1",8,5
"GCGCATCCAGTCAGCA-1",4,4
"GCGCCGTTCCACGATA-1",8,5
"GCGCCTCCCACTCCGA-1",5,8
"GCGCGATGGGTCAAGT-1",6,15
"GCGCGGTCTAGTAACT-1",2,2
"GCGCGTCATTGGTACA-1",3,10
"GCGCGTTTAAATCGTA-1",7,12
"GCGCTAAGTATGCATG-1",6,6
"GCGCTAATTGAATAGA-1",4,4
"GCGCTATGCCGAGGCA-1",8,9
"GCGCTGATCCAGACTC-1",7,7
"GCGCTGCTTTGCATTT-1",4,4
"GCGCTGGCGGAAAGTC-1",4,4
"GCGCTTAAATAATTGG-1",3,8
"GCGGACCGCGTTGTGG-1",3,8
"GCGGAGAAACTTCGCA-1",3,2
"GCGGAGAGGGAGAACG-1",5,9
"GCGGATTACTTGTTCT-1",3,8
"GCGGCTCTGACGTACC-1",8,9
"GCGGCTTTAGCAAGTT-1",3,8
"GCGGGAACCAGGCCCT-1",7,7
"GCGGGCAGACGGGTGA-1",3,8
"GCGGGCGAGCCTTACC-1",3,8
"GCGGTAACCCAAATGA-1",7,7
"GCGGTCCCGGTGAAGG-1",4,16
"GCGGTCCCTAGACGCA-1",7,7
"GCGGTCTTGCTTTCAC-1",3,8
"GCGGTGAACTGCGCTC-1",4,12
"GCGGTGCGGAGCATCG-1",4,16
"GCGGTTCCCTATCATG-1",5,3
"GCGTAAATGGCCATAA-1",8,5
"GCGTCCAGCTCGTGGC-1",9,13
"GCGTCCCTAAGACATA-1",1,14
"GCGTCGAAATGTCGGT-1",7,7
"GCGTCGCCAGGGTGAT-1",3,8
"GCGTCGTAACATGGTC-1",3,8
"GCGTCTCTGCATTGGG-1",8,9
"GCGTGGTACTGGGTTA-1",8,5
"GCGTGTATGTCGTATT-1",6,6
"GCGTTATATTTGGAAC-1",8,5
"GCGTTCGGAGACCGGG-1",4,16
"GCTAAACCTGAGGTGA-1",4,4
"GCTAACTGAAGTCTGA-1",3,8
"GCTAAGCCCAGTATGC-1",3,8
"GCTAAGTAAAGGCGAT-1",8,5
"GCTAAGTAGTTTCTCT-1",8,5
"GCTAATACCGAATGCC-1",7,7
"GCTACAATCGAGGATA-1",1,14
"GCTACACTGTCCGAAC-1",7,7
"GCTACAGTACGGACCG-1",5,3
"GCTACGACTTATTGGG-1",8,5
"GCTACTATAGTAGAGT-1",5,8
"GCTACTCGGACGCAGA-1",3,8
"GCTAGACCGTCTACTG-1",5,3
"GCTAGAGTAGAGATGT-1",3,8
"GCTAGCAACGCACCTA-1",3,8
"GCTAGCAGGGAGTGGG-1",7,7
"GCTAGCGATAGGTCTT-1",2,2
"GCTAGCTTGAATAGCT-1",3,8
"GCTAGGCACCACGGAG-1",3,8
"GCTAGTAGAGCTTGTA-1",8,5
"GCTAGTTTCATTGAGG-1",7,7
"GCTATAAGGGCCAGGA-1",3,8
"GCTATACGTCTCGGAC-1",3,8
"GCTATCATACTCATGG-1",3,8
"GCTATCGCGGCGCAAC-1",4,4
"GCTATGCCAGCTTATG-1",2,2
"GCTCAACCTCTTAGAG-1",4,4
"GCTCAATCCGTTTATT-1",3,8
"GCTCAATGTAATACCG-1",1,1
"GCTCATTACTGCATGT-1",7,12
"GCTCATTGATCATATC-1",3,8
"GCTCCATGCAAAGCAA-1",2,2
"GCTCCCAGTCGGTCCA-1",5,3
"GCTCCGCTCGCTTCAG-1",5,3
"GCTCCGGACGTTGATA-1",9,13
"GCTCCTGACATACTGG-1",2,2
"GCTCGACCGAACTGAA-1",7,7
"GCTCGCGGTTCCGCTC-1",4,4
"GCTCGCTCATGTCCAA-1",8,5
"GCTCGGAATTTAAAGC-1",4,4
"GCTCTAAACCCTGACG-1",7,7
"GCTCTATGTTACGTGC-1",4,4
"GCTCTCGGGTACCGAA-1",7,7
"GCTCTTTCCGCTAGTG-1",1,14
"GCTGAAGGGTTCTTGG-1",3,8
"GCTGAGCAACGGTTCT-1",4,16
"GCTGAGGCGTGAGTAT-1",8,5
"GCTGCACGGTTTCTTA-1",8,9
"GCTGCGAAGAATTATT-1",3,8
"GCTGCGCCTCCCACGT-1",8,5
"GCTGCTAAGTAGTCGA-1",3,8
"GCTGCTACTGCGTAGC-1",5,3
"GCTGCTCTCCGGACAC-1",4,4
"GCTGGACCCAAAGTGG-1",4,16
"GCTGGCAGGTGCCGTG-1",8,5
"GCTGGCATATTCACCT-1",4,4
"GCTGGCGGCGCATGCT-1",3,8
"GCTGGGAGCGCGTCAA-1",3,8
"GCTGGGTCCGCTGTTA-1",7,7
"GCTGGTGACTCGTAGT-1",4,16
"GCTGTATTACTGGCCC-1",5,9
"GCTGTCTGTGATCGAC-1",6,6
"GCTGTTGCTACCGAAC-1",8,5
"GCTTAATGTAACTAAC-1",8,5
"GCTTACGTAGTTAGTA-1",8,5
"GCTTATGAAGCAGGAA-1",8,5
"GCTTCAGTGGGATTAC-1",7,16
"GCTTCCAGCTTAGATT-1",7,7
"GCTTCCATGTAACCGC-1",3,8
"GCTTCCCGTAAGCTCC-1",3,8
"GCTTCCGTCCCTAGAC-1",4,4
"GCTTCGACGTTCAATC-1",3,2
"GCTTGAGTGACCTCTG-1",3,8
"GCTTGATGATAATCAG-1",7,7
"GCTTGCAGCACAATTG-1",4,16
"GCTTGGATCGATTAGG-1",8,5
"GCTTTACACAACTGGG-1",3,8
"GCTTTATTAAGTTACC-1",3,10
"GCTTTCAGAGGAGGTG-1",8,5
"GCTTTCTATCTCAACT-1",7,7
"GGAAACAGAGCTTGGG-1",3,10
"GGAAACCTTGTTGAAT-1",4,4
"GGAAACTAAATGGGCC-1",1,1
"GGAAAGGGAATTGAGC-1",3,8
"GGAAAGTCTTGATTGT-1",3,8
"GGAAAGTGCCCATGCC-1",4,12
"GGAACCCGAACAAGAA-1",4,4
"GGAACCGTGTAAATTG-1",5,3
"GGAACGGCCTGCAGCC-1",4,4
"GGAACTCGTGAATACG-1",3,10
"GGAACTTTGGCGATTA-1",1,1
"GGAAGCTCGCTTACAG-1",9,15
"GGAAGGACACCGTATA-1",3,8
"GGAATAACCTCAAGAA-1",6,6
"GGAATGCGCTAGCGTG-1",4,4
"GGACAACCATGAAGCC-1",3,8
"GGACAAGCCATGATCG-1",2,14
"GGACAAGTTGCAGTGA-1",8,5
"GGACACAAGTTTACAC-1",5,3
"GGACACCTCGGTGTTG-1",3,8
"GGACCAACAGGATAAC-1",5,3
"GGACCTACGGTAACGT-1",4,16
"GGACGGCTTGCGCAAC-1",9,13
"GGACGTCCATAGTTGG-1",4,16
"GGACTAAGTCAGGAGT-1",8,5
"GGACTCGACAGCGCAT-1",2,14
"GGACTCGTGAGTGGTC-1",1,1
"GGACTCTTTGACTAAG-1",3,8
"GGAGAAGTCATTGGCA-1",7,7
"GGAGACATTCACGGGC-1",7,12
"GGAGACCATCTACATA-1",2,2
"GGAGACGACACCTTTG-1",8,5
"GGAGCAACATTTCAAG-1",2,14
"GGAGCACCAAGAACTA-1",4,4
"GGAGCGAGGCCTACTT-1",2,14
"GGAGGAGTGTGTTTAT-1",7,12
"GGAGGATTGAAAGGAG-1",6,6
"GGAGGCCGAAGTCGTC-1",5,3
"GGAGGCGAAGAACCGC-1",6,15
"GGAGGGCTTGGTTGGC-1",4,4
"GGAGTACACATGAGCT-1",4,16
"GGAGTGCCGCCCTGGA-1",7,7
"GGAGTTGATTCTGTGT-1",1,1
"GGATACTCATGAATTG-1",9,13
"GGATCAAAGGACGAGG-1",6,15
"GGATCAGAGCCATCAG-1",3,8
"GGATCATCCCGTACGC-1",4,12
"GGATCCCTACCAGCTA-1",4,16
"GGATCCGGAATATACT-1",7,12
"GGATCTACCGTTCGTC-1",3,10
"GGATCTTACTGCCCTT-1",1,14
"GGATCTTGACTCAACC-1",3,8
"GGATGAAGATCGCTGA-1",8,5
"GGATGACGCGAGTTTA-1",8,9
"GGATGCTGGCGTTCCT-1",8,5
"GGATGGCTTGAAGTAT-1",3,8
"GGATGTCCTTACCGCA-1",8,5
"GGATTAAGCTAAGGTC-1",6,6
"GGATTAATCATGGACC-1",3,8
"GGATTCAGTACGGTGG-1",7,7
"GGATTCCGCTATACCC-1",7,7
"GGATTGAAGTAGCCTC-1",3,8
"GGATTGCTGTGACTCC-1",2,14
"GGATTTCACTTCTATA-1",4,4
"GGCAAAGGCGCCAATA-1",3,8
"GGCAAATTACTTTACT-1",8,9
"GGCAAGCCCATAGTGG-1",1,1
"GGCAAGGCGAAATAGC-1",5,3
"GGCAATAGTCAATGAG-1",4,4
"GGCACGCTGCTACAGT-1",3,8
"GGCACTCCACTGGGCA-1",4,4
"GGCACTGCGGTGGTTT-1",3,8
"GGCAGAGAGATCGGGA-1",5,3
"GGCAGCAAACCTATGC-1",3,8
"GGCAGCGGTAATCCTA-1",7,7
"GGCATACAGGTAGCGG-1",8,5
"GGCATATCGGTTCTGC-1",7,7
"GGCATCAACGAGCACG-1",6,15
"GGCATTCCCTCCCTCG-1",3,8
"GGCATTGAACATCTCA-1",3,8
"GGCCAATTGTATAGAC-1",3,8
"GGCCACAAGCGATGGC-1",9,13
"GGCCACACGAAAGCCT-1",8,5
"GGCCCAATCTAGAGGG-1",7,4
"GGCCCAGCTGGTTTGC-1",3,8
"GGCCCAGTTATCAGCA-1",4,16
"GGCCCTCACCCACTTA-1",8,5
"GGCCGAGACTCTGGTG-1",1,1
"GGCCGCAGGAACCGCA-1",3,8
"GGCCGGCGTCTGCTAT-1",2,2
"GGCCGTTTGGGTTTCA-1",1,1
"GGCCTGCTCTGATGTT-1",3,8
"GGCCTTTGCAACTGGC-1",8,5
"GGCGAAATCTAACTTG-1",5,5
"GGCGAGCATCGAGGAC-1",7,7
"GGCGAGCGAAACGGCA-1",2,14
"GGCGCACAGTTTACCT-1",3,10
"GGCGCAGGACATCTTC-1",8,9
"GGCGCATGAATTGATG-1",8,9
"GGCGCGGAGATCTTTC-1",3,2
"GGCGCGTTCGAGTTTA-1",5,3
"GGCGCTCCTCATCAAT-1",4,4
"GGCGCTTCATTCCCTG-1",2,14
"GGCGGAGTAATATTAG-1",4,4
"GGCGGTAGGATCATTG-1",4,4
"GGCGGTTTGCCGGTGC-1",4,16
"GGCGTACCCTATATAA-1",6,15
"GGCGTAGGGAAAGCTG-1",1,1
"GGCGTCCTATCCGCTG-1",4,4
"GGCTAAAGGGCGGGTC-1",4,16
"GGCTAATGATTGAAAT-1",4,16
"GGCTACTATACACTCC-1",1,14
"GGCTATTAAGTTGTAT-1",4,4
"GGCTCCTCCACCTGTT-1",2,14
"GGCTCGCGTTGAGGTA-1",4,5
"GGCTCGTGCCACCAGC-1",7,7
"GGCTCTGCTCCAACGC-1",4,11
"GGCTGAAATAGCAAAG-1",5,3
"GGCTGAGCATCGTAAG-1",7,12
"GGCTGGCAATCCCACG-1",3,8
"GGCTGGCAGCTTTATG-1",7,12
"GGCTGGCTAGCTTAAA-1",7,7
"GGCTGTCCTACTGCGG-1",3,8
"GGCTTCTCGTGGGTGG-1",3,8
"GGCTTGGCTCTCACCT-1",8,5
"GGCTTTCAATAAGGGT-1",2,10
"GGGAAAGAATGCCAAC-1",3,8
"GGGAACCACCTGTTTC-1",6,6
"GGGAACGGGAGGTTAG-1",8,9
"GGGAACGGTTTCAGAT-1",1,1
"GGGAAGGGCTTTCTCA-1",1,1
"GGGAATGAGCCCTCAC-1",4,16
"GGGAATTCTGTCCAGT-1",8,5
"GGGACCCGTATATCTT-1",3,10
"GGGACTGCATAGATAG-1",4,4
"GGGAGAACTCACAGTA-1",4,4
"GGGAGCGACCGTAGTG-1",2,2
"GGGAGGATGCCCGAAA-1",8,9
"GGGAGTAATGGCTGGC-1",7,13
"GGGAGTTAATGAGGCG-1",4,4
"GGGATACGGTAATAAT-1",4,16
"GGGATATTGATCGCCA-1",3,8
"GGGATGGACCCGCGTC-1",2,1
"GGGATGGTCGTAACCG-1",5,3
"GGGATTATCTCACAAC-1",7,12
"GGGATTTACCGCACCT-1",5,9
"GGGCAACCGCACGTGC-1",2,2
"GGGCACGAATTGGCCG-1",8,5
"GGGCACGTAGTACTGT-1",2,2
"GGGCACTATTGACCAT-1",2,14
"GGGCAGACGTCACTGC-1",2,2
"GGGCAGAGCAATCGTT-1",2,2
"GGGCAGGATTTCTGTG-1",2,2
"GGGCAGTCAACGCCAA-1",3,2
"GGGCATGCATGTCGAG-1",3,8
"GGGCCATTCGTGCTGG-1",3,8
"GGGCCCGTCTTAAACA-1",8,9
"GGGCCCTACGAAAGGG-1",8,5
"GGGCCCTTATCTATAC-1",8,5
"GGGCCGGCCGAAGTAC-1",8,5
"GGGCCTAAATGGGCTA-1",3,8
"GGGCCTATACAACCGG-1",7,7
"GGGCCTATTTAAGTAT-1",4,16
"GGGCGAATTTCTCCAC-1",4,16
"GGGCGATATGTGTGAA-1",4,4
"GGGCGATCCATAGGCC-1",3,8
"GGGCGGCAAATGAATT-1",5,3
"GGGCGGGTTCCCTACG-1",8,9
"GGGCGGTCCTATTGTC-1",7,7
"GGGCGTACATTTATAT-1",7,7
"GGGCGTCACCACGTAA-1",5,3
"GGGCGTCCACTGGCTC-1",7,7
"GGGCGTTTACATTCAT-1",2,14
"GGGCTACTATTTCGTG-1",2,2
"GGGCTATGATCGATGG-1",2,10
"GGGCTCATCGAACCCA-1",4,4
"GGGCTGCCTAGGGCGA-1",4,4
"GGGCTGGTTAGTCGCG-1",4,4
"GGGTAATGCTGTGTTT-1",7,7
"GGGTACACTCTGGAGG-1",4,16
"GGGTACCCACGGTCCT-1",7,7
"GGGTACTTCATGAACT-1",8,9
"GGGTATGTATGCACTT-1",4,4
"GGGTATTCTAGCAAAC-1",2,2
"GGGTCACCGTGACGGT-1",4,4
"GGGTCACGTGCTTATG-1",9,13
"GGGTCAGGAGCTAGAT-1",1,14
"GGGTCATGCGTACCAT-1",4,4
"GGGTCCTTGGAAGAAG-1",3,8
"GGGTCGTGGCAAGTGT-1",8,5
"GGGTCTATCGCTTTCC-1",2,14
"GGGTGACACCTTAACT-1",5,3
"GGGTGCATATGAAAGC-1",8,5
"GGGTGGTCCAGCCTGT-1",6,6
"GGGTGTTTCAGCTATG-1",7,13
"GGGTTAACATTTGAGT-1",3,8
"GGGTTCAGACGAACAA-1",4,4
"GGGTTTAGGATAGGAT-1",5,3
"GGGTTTCCGGCTTCCA-1",7,7
"GGTAAACTCTGCGCTG-1",2,14
"GGTAAATGTGCGTTAC-1",9,13
"GGTAACCGGCAAAGGT-1",7,12
"GGTAACTATGTATCTG-1",9,13
"GGTACAAACATGCTAT-1",8,9
"GGTACACCAGATTTAT-1",8,5
"GGTACATCTGGGACGA-1",8,5
"GGTACCATTAAGACGG-1",8,5
"GGTACGTTGCGGCCGG-1",2,14
"GGTAGAAGACCGCCTG-1",3,8
"GGTAGACCGTTGGGCG-1",3,8
"GGTAGGCCAATATCAC-1",3,8
"GGTAGTGCTCGCACCA-1",8,5
"GGTATAGTGACACATA-1",8,5
"GGTATCAAGCATAGAA-1",7,7
"GGTATGAAAGAACTGA-1",8,5
"GGTATTGCCGAGTTTA-1",4,4
"GGTCAAGACTACTTCG-1",3,8
"GGTCACGTTAGATTCA-1",9,13
"GGTCAGTGGGTCCCAC-1",5,3
"GGTCCACGTCTATTTG-1",3,8
"GGTCCCATAACATAGA-1",6,15
"GGTCCTTCATACGACT-1",4,16
"GGTCGGATAAACGGCG-1",4,4
"GGTCGGCCAGGAGCTT-1",4,4
"GGTCGGTAATTAGACA-1",7,7
"GGTCGGTCGTCCACAG-1",3,10
"GGTCGTAAGCTCGCAC-1",3,8
"GGTCTCCGTCCAGGTT-1",1,14
"GGTCTCTGAATGGACT-1",3,8
"GGTCTGAGAATCTGGA-1",4,4
"GGTCTTGAGCGCTCTT-1",2,14
"GGTCTTGGTGTTAACT-1",4,4
"GGTGAAACCGGGAATG-1",9,13
"GGTGAACGGGCTAGCC-1",7,7
"GGTGAAGTACAGGGAT-1",5,3
"GGTGAGATGCAGATAA-1",7,7
"GGTGATAAGGAGCAGT-1",8,5
"GGTGATGAAGGAAGTG-1",8,5
"GGTGATTTCATCTTGT-1",7,7
"GGTGCAGAGCCTATCG-1",7,7
"GGTGCATAAATGATTA-1",2,14
"GGTGCGGATAAGTGGC-1",6,6
"GGTGCTGATCACAAAG-1",4,4
"GGTGCTGGTACACATT-1",8,9
"GGTGGACCACGTGTTA-1",7,7
"GGTGGACTGCTCTGGC-1",3,8
"GGTGGGATTAGGTCCC-1",3,8
"GGTGTAAATCGATTGT-1",2,2
"GGTGTAGGTAAGTAAA-1",2,2
"GGTGTTCTGTTTCTAC-1",6,15
"GGTTACCACCCTCGGG-1",5,3
"GGTTACCGCTCCCTAC-1",3,8
"GGTTAGCTATATGTCT-1",5,3
"GGTTAGGCTTGGAGAA-1",4,11
"GGTTAGGGATGCTAAT-1",3,8
"GGTTAGTTACGGCGCC-1",4,4
"GGTTCCACCCGCTTCT-1",6,6
"GGTTCCGTACGACTAA-1",3,10
"GGTTCGATGCTGAGTT-1",7,7
"GGTTCGCATTTGCCGT-1",3,8
"GGTTCGGATTATACTA-1",5,3
"GGTTCTACTCGTCTGA-1",8,5
"GGTTGTATCGTGAAAT-1",6,15
"GGTTGTGCTCTTGTCC-1",4,4
"GGTTGTGTAGCCTGGC-1",8,5
"GGTTTAATTACCATCG-1",1,1
"GGTTTAATTGAGCAGG-1",8,5
"GGTTTACAATCTCAAT-1",4,11
"GGTTTAGCCTTTCTTG-1",5,3
"GGTTTCAATCGGTCAG-1",8,5
"GGTTTGACAAGAAGCT-1",4,16
"GGTTTGAGTGCTGGAA-1",9,11
"GGTTTGTGACCTGAGG-1",1,1
"GTAACAGGTTAACGGC-1",3,8
"GTAACATCAGCTCATC-1",7,7
"GTAACATCTAAGATAA-1",5,2
"GTAACTACGTAGACCT-1",3,8
"GTAACTGCCCAAGGAG-1",2,14
"GTAACTTGCGGCAGTC-1",9,13
"GTAAGCGGGCAGTCAG-1",7,7
"GTAAGGATTTGTCGGA-1",9,13
"GTAAGTAACAGTCTGG-1",8,5
"GTAAGTAGGGTATACC-1",4,4
"GTAATAAAGGGCTCCC-1",8,5
"GTAATCTGATTCTTCG-1",5,8
"GTACACTTACCTGAAG-1",4,4
"GTACAGAGGCAAGGGT-1",8,5
"GTACGACGGCGCTGCG-1",7,7
"GTACGAGATTGCGACA-1",7,7
"GTACGCTTCATTGCAC-1",5,3
"GTACGTCACGTATTAA-1",7,13
"GTACGTTTGCCCGTCA-1",5,3
"GTACTAAGATTTGGAG-1",4,4
"GTACTACGGCCTCGTT-1",3,8
"GTACTCCCTTATCGCT-1",8,11
"GTACTCCTGGGTATGC-1",4,16
"GTACTGAGGTCGTAAC-1",7,13
"GTACTGCATGAAGCGT-1",7,7
"GTACTGGAGTTAGACC-1",8,4
"GTACTTGGGCACTTCT-1",7,7
"GTAGAAACGGGTGGAG-1",4,4
"GTAGACAACCGATGAA-1",6,15
"GTAGACGTCGTTACAT-1",7,7
"GTAGAGGGAGACAAGT-1",3,8
"GTAGCCAAACATGGGA-1",5,3
"GTAGCGCTGTTGTAGT-1",6,15
"GTAGCGGCTATACACT-1",8,5
"GTAGCTAGTAAGCGCG-1",6,6
"GTAGCTCCGGGAGGCT-1",1,14
"GTAGCTTCCTCTTGTT-1",4,4
"GTAGGTGATCCGTGTA-1",7,13
"GTAGTCGCGGGAATCA-1",5,3
"GTAGTGAGCAACCTCA-1",3,8
"GTAGTTCGAAGGCGAA-1",1,14
"GTAGTTTAAGCACACG-1",3,8
"GTATAATCTCCCGGAT-1",4,16
"GTATAGGACTCAGTAG-1",7,7
"GTATAGTGGCCCATGT-1",6,6
"GTATATGTTACGGCGG-1",7,7
"GTATCAAACGTTAGCT-1",3,8
"GTATCAAGGTACTTCC-1",3,8
"GTATCAGCTTGGGTTC-1",7,7
"GTATCCTTTGGTAACC-1",2,14
"GTATCGGGACGAGCTG-1",7,7
"GTATCTCCCTAACTGT-1",6,15
"GTATCTCGGGCGCTTT-1",3,8
"GTATCTTGTTGCTCAC-1",6,15
"GTATCTTTCATAACCA-1",5,3
"GTATGAAATTTCACTC-1",2,2
"GTATGACGTGGGAAAC-1",7,7
"GTATGTGGGTCTAGTT-1",8,5
"GTATTAAGGCGTCTAA-1",4,7
"GTATTAGGGTTCGCGT-1",7,7
"GTATTCTGAGAAACGA-1",5,3
"GTATTCTTACCGTGCT-1",7,7
"GTCAAAGTTTACATAG-1",7,7
"GTCAACCAGGCCTATA-1",2,2
"GTCAAGCGGACTCGGG-1",8,5
"GTCAATTGTACTGAAG-1",9,13
"GTCACAAAGTTTCCAA-1",6,6
"GTCACCTGTCTATGTC-1",6,6
"GTCACTCATGAGCGAT-1",2,2
"GTCACTCTCCAAATCT-1",4,4
"GTCAGAATAGTCTATG-1",4,4
"GTCAGACAGCGTTGGA-1",4,12
"GTCAGTTGTGCTCGTT-1",6,6
"GTCAGTTTGGTAGTCG-1",8,5
"GTCATCCCAAACTCAC-1",3,10
"GTCATCTCCTACAGCT-1",4,16
"GTCATGCACCTCCGTT-1",4,4
"GTCATGCGCGAGGGCT-1",2,14
"GTCATGGACATGACTA-1",7,7
"GTCATTAGAGCGAACG-1",8,5
"GTCATTGCATTGACCC-1",8,5
"GTCCAATATTTAGCCT-1",2,14
"GTCCAGGCACGTGTGC-1",2,2
"GTCCATTACTGCTACG-1",5,3
"GTCCCAACGTAAAGTA-1",4,4
"GTCCCAATCATCCCGC-1",3,8
"GTCCCGCGACGTTATG-1",2,2
"GTCCGAGAGCAATCAT-1",8,5
"GTCCGGACCTGAAATT-1",3,8
"GTCCGGCTGAATTGCG-1",4,4
"GTCCGGGTTCACATTA-1",2,2
"GTCCGTTAGAGGGCCT-1",3,8
"GTCCTACAGGCGGCTC-1",4,4
"GTCCTACGAATAGTCT-1",3,8
"GTCCTAGGATACCTTA-1",2,2
"GTCCTATTGTTGTGGT-1",8,5
"GTCCTTCTACAACCCA-1",8,5
"GTCCTTCTAGTGGGTT-1",9,13
"GTCCTTTAATGACTTC-1",7,7
"GTCGAATTTGGGCGCT-1",3,2
"GTCGCCGTTGTGTGTT-1",2,2
"GTCGCGTAACCCGTTG-1",8,9
"GTCGGAAGGATACCAG-1",4,16
"GTCGGATATCTCAGAC-1",4,4
"GTCGGATGTAGCGCGC-1",9,13
"GTCGGGAACATGGTAG-1",5,3
"GTCGGGAAGCAGAAAC-1",2,2
"GTCGTACCATCTCGGG-1",5,9
"GTCGTACCTACGATTG-1",8,5
"GTCGTATTGGCGTACA-1",4,4
"GTCGTCAATTATAAGG-1",7,13
"GTCGTGTCTGGTCATC-1",8,5
"GTCGTTATTCGCTTAT-1",5,9
"GTCTACTCAATTACAA-1",8,5
"GTCTAGTGAGCCGCTT-1",2,2
"GTCTATACACGCATGG-1",3,8
"GTCTATCTGAGTTTCT-1",8,9
"GTCTATTGCATGCTCG-1",2,2
"GTCTATTGGTTCCGGT-1",5,8
"GTCTCAAGGCCCGGCT-1",2,2
"GTCTCCCGAGTCCCGT-1",3,8
"GTCTCCGCCTCAATAC-1",3,8
"GTCTCGACTAAGTTTG-1",8,5
"GTCTCGATCTGCTTTC-1",7,13
"GTCTCGCCAACACGCC-1",6,6
"GTCTGCCGACTCGACG-1",3,8
"GTCTGGGCGGTCGAGA-1",5,3
"GTCTGTAGGTTGAACA-1",3,8
"GTCTTACCACGCCAAG-1",3,8
"GTCTTAGTACAGCCGG-1",9,13
"GTCTTCCTCACCTAAG-1",8,5
"GTCTTGAGGAGCAGTG-1",5,3
"GTCTTGTAGCTATTCA-1",5,3
"GTGAAACGGCGCCACC-1",4,4
"GTGAAACGTGCTCCAC-1",7,7
"GTGAACTCCCATTCGA-1",8,5
"GTGAAGATTTCAAGTG-1",4,4
"GTGAAGCCGTATAGTC-1",4,4
"GTGAAGTCACGACTCG-1",2,2
"GTGACCGCACACTACG-1",8,5
"GTGACGAGGGTGACCC-1",8,5
"GTGACGCAGGTTTCAT-1",1,1
"GTGACTTCAGTAGTGC-1",5,3
"GTGAGATAACCTTATA-1",2,2
"GTGAGCGTGCTGCACT-1",8,5
"GTGAGGACACTTAAGG-1",8,9
"GTGAGGAGCGGTTGAG-1",7,7
"GTGAGTCGACTAATAG-1",3,8
"GTGAGTCTAAGACGGA-1",4,4
"GTGAGTGGTACAACGC-1",3,8
"GTGATCAAGCGTGCAC-1",2,14
"GTGATCACTAACGCCT-1",5,3
"GTGATCATAGATCTGC-1",5,9
"GTGATCCTTGTCATGA-1",1,1
"GTGATGCACAACATCT-1",7,12
"GTGATTCGCCGCTCAA-1",5,9
"GTGCAAATCACCAATA-1",7,12
"GTGCAACAAATGTGGC-1",9,13
"GTGCACCAGCTTCAAC-1",2,14
"GTGCACGAAAGTGACT-1",7,13
"GTGCCAAACGTTTCGA-1",3,10
"GTGCCATCACACGGTG-1",8,9
"GTGCCCGTTCGGATTC-1",8,5
"GTGCCGCTTCAAAGGT-1",8,9
"GTGCCTAGCTATGCTT-1",4,16
"GTGCCTCAGTGTACGG-1",7,12
"GTGCCTGAGACCAAAC-1",3,2
"GTGCGAAATCGAACAC-1",5,9
"GTGCGACAGGGAGTGT-1",8,5
"GTGCGCAGCTTGCTCC-1",7,7
"GTGCGCTTACAAATGA-1",6,15
"GTGCGGGACCATCGGC-1",9,13
"GTGCGGGTCTCCAAAT-1",7,7
"GTGCGTGTATATGAGC-1",8,5
"GTGCTATCCAGCTGGA-1",3,8
"GTGCTCAAGTACTGTC-1",4,4
"GTGCTGCAGATAAGGA-1",5,3
"GTGCTGTTAGAACATA-1",3,10
"GTGCTTACATCAGCGC-1",5,9
"GTGGAACCTACATGCG-1",7,7
"GTGGACCAACCCGATT-1",5,3
"GTGGACGCATTTGTCC-1",3,8
"GTGGACGTGCTGAGAC-1",7,7
"GTGGAGTCGGCGGTTG-1",3,8
"GTGGCAAACAGCGGCA-1",3,8
"GTGGCCGGTTTCTCGG-1",2,2
"GTGGCCTAATATCATT-1",5,3
"GTGGCGGGCCGTAGCT-1",6,6
"GTGGCGGTCCCAGCGT-1",8,3
"GTGGCGTGCACCAGAG-1",6,6
"GTGGCTGTTTCTGTTC-1",3,8
"GTGGGAACAAACCGGG-1",2,2
"GTGGGAAGACTGAATC-1",3,8
"GTGGGCTTAGACACAC-1",4,4
"GTGGGTACTGAGCGTA-1",2,2
"GTGGGTCTTCTTTGCG-1",7,7
"GTGGTATAGTCTGCCG-1",2,2
"GTGGTCAGCGAAGTAT-1",9,13
"GTGGTGGCCAAGTGAA-1",8,9
"GTGGTTACTTCTTTCG-1",8,5
"GTGGTTTCCGCCTTTC-1",5,9
"GTGTACCTTGGCTACG-1",4,4
"GTGTATATCAGCGGGC-1",2,10
"GTGTATGACTTTAAAG-1",9,13
"GTGTCAGTGTACGTGG-1",2,2
"GTGTCCGATAAGGCAT-1",6,6
"GTGTCGTATAGCGTTC-1",3,8
"GTGTCGTATTCACCTT-1",8,5
"GTGTGAATAACTTAGG-1",8,5
"GTGTGAGCCGAGGTGC-1",9,13
"GTGTGTCGACGTCGCT-1",4,16
"GTGTTACTATGCGTCC-1",8,9
"GTTAAAGTAGGACTGG-1",5,3
"GTTAACATCACTTAAA-1",3,8
"GTTAACTATGTTGTCA-1",5,3
"GTTAAGTTAGAGTGGG-1",8,5
"GTTAATGTCTATCTTA-1",8,5
"GTTACAATTGGTGACG-1",8,9
"GTTACCTACAACTTGC-1",5,3
"GTTACGAAATCCACGC-1",9,13
"GTTACGGCCCGACTGC-1",9,13
"GTTACTTTGGGCCTAG-1",8,9
"GTTAGAGTGTGCCGCT-1",6,6
"GTTAGCCCATGACATC-1",2,2
"GTTAGCCGTAAATCAA-1",8,5
"GTTAGGCTACCCGTTT-1",2,2
"GTTATAATACGGTGAA-1",3,8
"GTTATATCAGGAGCCA-1",8,5
"GTTATATTATCTCCCT-1",5,3
"GTTATCAAGCTATCGA-1",3,8
"GTTATCACCTTCTGAA-1",6,15
"GTTATTAAATACGACC-1",6,6
"GTTATTAACGTGGGAG-1",4,4
"GTTCAAATCAGATGTC-1",8,5
"GTTCAATCTATGTCAA-1",9,15
"GTTCACAGGAGTCTAG-1",4,4
"GTTCAGTCGCCAAATG-1",2,2
"GTTCATCGTTTGGCTG-1",8,5
"GTTCCAAGACAGCGAC-1",7,7
"GTTCCAGTCTGACCAT-1",7,7
"GTTCCGTCCGCCTGCA-1",2,2
"GTTCGACAATTGTATA-1",1,1
"GTTCGCCATAAGTGCC-1",8,9
"GTTCGCTGAGACGTCT-1",3,8
"GTTCGGATCGGGAACA-1",5,3
"GTTCGGGCGTACCATT-1",8,5
"GTTCGGTGTGGATTTA-1",7,12
"GTTCGTCTAAAGAACT-1",5,8
"GTTCGTTGCGGACCAG-1",9,13
"GTTCTTCCCTCGATGT-1",7,13
"GTTCTTGTAACTCAAT-1",3,8
"GTTGAACCGGTTCCAT-1",8,9
"GTTGAGTCCCGCCGGT-1",5,8
"GTTGCACGGAGTTTCG-1",7,7
"GTTGCCCTAACGGGTG-1",3,8
"GTTGGACCGCATCAGG-1",8,5
"GTTGGATTCAGTGGCT-1",7,12
"GTTGGATTGAGAACAC-1",4,4
"GTTGGATTTGCGTTGG-1",4,4
"GTTGGTCATGCTATCC-1",3,8
"GTTGTAGATTTATGAG-1",3,8
"GTTGTCGTGTTAGTTG-1",7,7
"GTTGTTACATTGCGCT-1",4,16
"GTTTACGTTCCATCTG-1",5,3
"GTTTATGGGATTTAGA-1",4,4
"GTTTCAAACGAGTTGT-1",1,1
"GTTTCATATCGTCGCT-1",8,11
"GTTTCCTGGAGGGTGA-1",7,7
"GTTTCTAGAGGCGCGG-1",3,8
"GTTTCTGCAGTCTCCC-1",8,9
"GTTTCTTGTTAGAGCT-1",3,8
"GTTTGACCAAATCCTA-1",4,4
"GTTTGAGCGGTTATGT-1",9,15
"GTTTGGCCCAAGTTAT-1",8,5
"GTTTGGCCGCTCAGCG-1",7,7
"GTTTGGCGTCAGGCAC-1",7,12
"GTTTGGGCTTGTGAGC-1",5,8
"GTTTGGGTTTCGCCCG-1",2,14
"GTTTGGTAGGGTCAAC-1",3,8
"GTTTGGTGATCGGTGC-1",2,14
"TAAACCCAGGAGGGCA-1",3,8
"TAAACGTCGTCAATGA-1",4,16
"TAAAGAGCCCGAAACC-1",9,13
"TAAAGCGGTATTTCCA-1",1,1
"TAAAGCGTTAGGAGAA-1",4,4
"TAAAGCTGCAATAGGG-1",7,12
"TAAAGGAGAAACTAGT-1",6,6
"TAAAGTGCACGTCTCG-1",3,8
"TAAATGAATCCGTTTC-1",4,4
"TAAATGCCGTCTCATG-1",7,7
"TAAATTGTGGGTAAAG-1",3,8
"TAAATTTAGTAACACC-1",2,2
"TAACAAAGGGAGAAGC-1",7,7
"TAACAATATTTGTTGC-1",4,5
"TAACAGCGTTTGTGCT-1",1,1
"TAACAGGTTCCCTTAG-1",3,8
"TAACATACAATGTGGG-1",8,5
"TAACATACACGCGATC-1",2,2
"TAACCGCCCGCAGTGC-1",9,15
"TAACCGTCCAGTTCAT-1",7,7
"TAACCTACCGTCCGAG-1",8,5
"TAACCTAGGGAGTCCA-1",1,1
"TAACGCTTTGAGAGCG-1",4,4
"TAACTATCGAAGGTCC-1",4,11
"TAACTATTACGCCAAA-1",8,5
"TAACTCATCCGCGCGG-1",8,11
"TAACTCCATGGAGGCT-1",7,7
"TAACTGAAATACGCCT-1",3,8
"TAAGATTTAGCGGGAG-1",9,13
"TAAGCAGGCGACACGC-1",8,5
"TAAGCCCTTACGACCA-1",4,16
"TAAGCGCGAATCAAAT-1",2,2
"TAAGGAACTTGTGGGA-1",7,7
"TAAGGCAACATAAGAT-1",4,4
"TAAGGCATAACATCAA-1",2,2
"TAAGGCTGAATCCCTC-1",5,3
"TAAGGGCCTGTCCGAT-1",3,2
"TAAGGGCTGGGAGAGG-1",8,5
"TAAGTAAATGTGCCGC-1",9,13
"TAAGTAACATCTTGAC-1",5,9
"TAAGTCGCCGAGTATC-1",3,8
"TAAGTGAATAGTCTAC-1",3,8
"TAAGTTGCGACGTAGG-1",3,8
"TAATAAACAAGGAGAT-1",7,12
"TAATACACAGTAGTAT-1",7,7
"TAATACTAGAACAGAC-1",3,2
"TAATAGAACAGAGTTA-1",3,8
"TAATAGTGACGACCAG-1",4,4
"TAATATTGAAATTCGC-1",7,7
"TAATCAGGAATGCTGC-1",9,13
"TAATCGATCCGTACGT-1",4,4
"TAATGAAAGACCCTTG-1",4,4
"TAATGTCGGTTCATGG-1",3,8
"TAATTACGTCAGTAGA-1",1,14
"TAATTAGATGGATATG-1",7,7
"TAATTAGGACATCCGT-1",5,3
"TAATTGCGCTGATTAC-1",3,8
"TAATTGGAATCGGGAA-1",4,16
"TAATTTCCGTCCAGTA-1",3,8
"TACAAATTGCGGAGGT-1",6,6
"TACAACAGCGCATACA-1",3,8
"TACAACGCACAACTCA-1",8,9
"TACAAGCTGTTCACTG-1",6,15
"TACAAGGGCTTCTTTA-1",3,8
"TACAAGTCTCGTGCAT-1",4,4
"TACAATGAAACCAGCA-1",6,15
"TACACAGCCGTGGTGC-1",3,8
"TACACCGTCGTTAGTC-1",8,5
"TACACCTCTTCGAATC-1",3,8
"TACAGAAACGGTGGGC-1",2,2
"TACATAGGCATACACC-1",8,9
"TACATCCCTATCCCTG-1",3,8
"TACATCTTGTTTCTTG-1",4,16
"TACATGACCTTATCCG-1",8,5
"TACATTTCTAACGTGC-1",8,9
"TACCAAATAGCCCAGA-1",2,2
"TACCAATAAAGTACCA-1",3,8
"TACCAGAAGTAGGTTC-1",5,3
"TACCAGCTAGGTTTAA-1",9,13
"TACCAGGAATCCCGTC-1",2,2
"TACCGAATAATTGTAA-1",2,2
"TACCGATCCAACACTT-1",7,12
"TACCGCGGACTTGCAG-1",8,5
"TACCGGCTCACTGCCC-1",5,3
"TACCGGTCGTTTCCAT-1",5,9
"TACCGTAGGTTAACTA-1",2,2
"TACCGTGCCTCGGACC-1",5,3
"TACCTACTCCCAGTAT-1",2,2
"TACCTATCCCTAGAGG-1",3,8
"TACCTCACGCTTGTAC-1",7,7
"TACCTCAGTTGTCTGT-1",2,14
"TACCTCCACACCAATG-1",2,14
"TACCTGCTGCACTGTG-1",4,4
"TACCTTAAGATTTCCC-1",3,8
"TACGAACACGACTTCA-1",4,4
"TACGACGCTTGCTGCG-1",5,10
"TACGACTGCCTCTTAG-1",5,3
"TACGAGAACTTCACGT-1",4,4
"TACGATCCAAGCCACT-1",9,13
"TACGATGTTGATCATC-1",8,9
"TACGCAGTTCTTTCCT-1",8,9
"TACGCCATATTCTAAT-1",8,9
"TACGCCGAGGGTACCC-1",2,2
"TACGCCTCCATTCCGA-1",3,8
"TACGCTATAGAAACCT-1",8,5
"TACGCTCCTAGAACTG-1",3,8
"TACGCTGATAGTTGTA-1",3,8
"TACGCTGCTGTGTTAA-1",2,2
"TACGGAAGCCAAACCA-1",2,2
"TACGGGATGCTAGCAG-1",9,13
"TACGGGTAATAACATA-1",3,8
"TACGTAAAGCGGAGTG-1",2,14
"TACGTACTAGTGCTGA-1",1,1
"TACGTGCACTATGCTG-1",7,7
"TACGTGGGCCCAGGGC-1",3,2
"TACGTTTACCGGCAAT-1",8,9
"TACTACGTGCAATGCG-1",3,8
"TACTATGGTTCCTCAG-1",1,1
"TACTCACAACGTAGTA-1",7,12
"TACTCCTCTAGTTGAC-1",1,14
"TACTCGGCACGCCGGG-1",8,5
"TACTCGTTTGAATCAA-1",3,8
"TACTCTCCGAACAAAT-1",7,13
"TACTCTTACTTTACTG-1",1,1
"TACTCTTTCGTCTTCA-1",1,1
"TACTGAACAGATTTAG-1",2,2
"TACTGCAATCAATTAC-1",4,16
"TACTGCATGATTAAAT-1",3,10
"TACTGGACAGCTCGGC-1",8,5
"TACTGTTTCTCTGGTA-1",5,10
"TACTTAAACATGTACA-1",2,2
"TACTTGTTAGTAGTCC-1",8,5
"TACTTTACTGAGCCGG-1",8,5
"TACTTTCCGCACGCCA-1",3,8
"TAGAAACACAATAGTG-1",4,16
"TAGAAACCACTAAGTA-1",6,6
"TAGAAAGGTGGCGCTA-1",4,4
"TAGAAATTCACGTATA-1",8,5
"TAGAACGCCAGTAACG-1",7,12
"TAGAATAGCCGATGAA-1",1,14
"TAGAATTAAGGGCAAC-1",9,13
"TAGACGCCCGTACCGG-1",8,5
"TAGACTACCTAGCGTT-1",8,5
"TAGACTCAGTTGGCCT-1",3,8
"TAGAGATCATGCAACT-1",5,9
"TAGAGCTACGAAGAAC-1",9,13
"TAGAGGGAGTTTATCT-1",3,8
"TAGAGGTTCTACTTGT-1",3,8
"TAGAGTCTAAGCGAAC-1",4,4
"TAGAGTGTTCCGGGTA-1",3,8
"TAGATATGGACTGGAA-1",5,3
"TAGATCCGAAGTCGCA-1",6,6
"TAGATGGTTCCTTACT-1",2,14
"TAGATTCAAAGTGCGG-1",2,2
"TAGATTCCTGGTTATT-1",8,5
"TAGCAACCTGTCACAA-1",4,4
"TAGCAGATACTTAGGG-1",3,8
"TAGCAGTATGACTAAA-1",2,2
"TAGCCAGAGGGTCCGG-1",4,16
"TAGCCATGATTGCCTA-1",3,8
"TAGCCATTTCAAAGTC-1",5,9
"TAGCCGGCGGTCAGCG-1",8,5
"TAGCGTCCCTCGATTG-1",5,3
"TAGCGTCCGGTGTGGT-1",3,8
"TAGCGTCGAATATTGA-1",8,5
"TAGCGTTGGGTCTTAC-1",8,5
"TAGCTAAGTCCGGGAG-1",4,4
"TAGCTAGAAGGCATGA-1",3,8
"TAGCTAGTGATGATGG-1",1,1
"TAGCTCAGATCCTAGT-1",8,5
"TAGCTCGCCTGATAAC-1",5,3
"TAGCTGATGTGAAGCG-1",5,3
"TAGGAACAGCCTCCAG-1",6,15
"TAGGAGGCTCGAGAAC-1",3,8
"TAGGATCTTAACCGCA-1",3,8
"TAGGCATGTTACGCCA-1",4,4
"TAGGCCTATATAGTCT-1",2,2
"TAGGCGGCTGCAAAGA-1",2,2
"TAGGCTAAAGTGGCAC-1",2,14
"TAGGGAGCTTGGGATG-1",8,5
"TAGGGTGTTTCAAGAG-1",7,7
"TAGGTCCAAGTAAGGA-1",4,4
"TAGGTCGCCGGAACTG-1",8,5
"TAGGTGAGCCCTACTC-1",4,4
"TAGGTGCTCGCCTAGC-1",8,5
"TAGGTGTTCCACAGAT-1",2,10
"TAGGTTCGAGTTCGTC-1",4,4
"TAGGTTCTGCTGAGAA-1",3,8
"TAGTACCACAACTTTC-1",2,14
"TAGTACCTTAGTGGTC-1",4,4
"TAGTAGCTTATACCAG-1",1,1
"TAGTCCCGGAGACCAC-1",2,14
"TAGTCCGCAGAGAATG-1",8,9
"TAGTCCGTATGCATAA-1",4,16
"TAGTCCTGCACTAAGC-1",2,2
"TAGTCGATCACGGGTT-1",5,3
"TAGTCGGGATTCTTCG-1",4,16
"TAGTCTAACAACGAGA-1",8,9
"TAGTCTGCGGCACATT-1",3,2
"TAGTCTGTGACGTTGC-1",4,4
"TAGTCTTTCCGAATTG-1",5,3
"TAGTGAGAAGTGGTTG-1",9,13
"TAGTGCCCTCCAGAGT-1",4,4
"TAGTGCTTGAATCCTT-1",4,16
"TAGTGGAACTCATACA-1",6,6
"TAGTGTCAGAAACGGC-1",4,4
"TAGTTAAGATAGGATA-1",6,15
"TAGTTTATTCTTGCTT-1",9,11
"TAGTTTGATCGGTCGC-1",3,2
"TATAAATCCACAAGCT-1",7,7
"TATAAGTGAGGATAGC-1",7,7
"TATACACAGACGCCTT-1",5,3
"TATACACGCAAAGTAT-1",7,7
"TATACGCGTCATCACT-1",2,2
"TATACTCATGCGGCAA-1",4,4
"TATAGAGTCGCTTGAA-1",1,1
"TATAGATGGTCGCAGT-1",8,5
"TATAGCGCACGTTATC-1",3,8
"TATAGGGTACTCATGA-1",8,5
"TATAGTTAGGTGTACT-1",3,8
"TATATAGGGCTTTACG-1",1,1
"TATATCAAAGTGATCT-1",2,2
"TATATCATTGATCAGT-1",8,5
"TATATCCCTGGGAGGA-1",8,5
"TATATGCTGGGTTGCC-1",8,5
"TATATTACAAATGTCG-1",4,16
"TATATTCGCGTCGATA-1",6,6
"TATCAAAGGTCTGTAA-1",8,5
"TATCACAGCACGGGCA-1",6,6
"TATCACCATGTAAAGT-1",9,13
"TATCACCCAACCGACC-1",4,4
"TATCACTTCGAGTAAC-1",4,12
"TATCCAATTGGTTATC-1",3,8
"TATCCATATCATGCGA-1",7,7
"TATCCCTCGATCTGCA-1",3,8
"TATCCGCACCGTCGGG-1",2,14
"TATCCTATCAACTGGT-1",2,2
"TATCCTGCATGGGAAT-1",7,13
"TATCGATCTATGCATA-1",9,13
"TATCGATGATTAAACG-1",7,7
"TATCTACAGAGGTAAT-1",4,4
"TATCTACCACAGCGGG-1",5,9
"TATCTAGCCTAAAGGA-1",8,5
"TATCTGAGCCGATATT-1",2,14
"TATGAAGAATTAAGGT-1",3,8
"TATGAAGACAGGTGCG-1",4,4
"TATGACCTTGCGCTGG-1",2,2
"TATGATAAATCTAACG-1",6,15
"TATGATCCGGCACGCC-1",8,5
"TATGATCTTCTCTTTA-1",3,8
"TATGATTCTGCTTGGT-1",9,13
"TATGCTCCCTACTTAC-1",7,7
"TATGGAGTTTCTCGTT-1",7,13
"TATGGATGTGCTACGC-1",4,10
"TATGGCAGACTTTCGA-1",7,7
"TATGGCCCGGCCTCGC-1",1,1
"TATGGGACCGAGCAGG-1",8,9
"TATGGGTACGTATCGT-1",4,4
"TATGGTCTGAGTAACA-1",8,5
"TATGGTTAGTGGGAGA-1",8,5
"TATGTAAAGTGCTTAA-1",2,14
"TATGTAGAAACCCGGC-1",2,14
"TATGTCAAGACCGACT-1",4,12
"TATGTCTCATTGTGCC-1",4,4
"TATTAACCTGACCGCG-1",2,2
"TATTACCATCCTGCTT-1",8,5
"TATTCAATTCTAATCC-1",8,5
"TATTCCACTCAGCTCG-1",5,3
"TATTCCGAGCTGTTAT-1",3,8
"TATTCCGGCAGTCCTA-1",6,15
"TATTCCTCCGCCCACT-1",5,10
"TATTCGTGCCAGAATA-1",4,4
"TATTGACATTTCTGCC-1",8,5
"TATTGCCGGGCTTGTA-1",2,14
"TATTTAGTCTAGATCG-1",7,7
"TATTTATACCGAGTAG-1",9,13
"TATTTGTTACCCTTTA-1",7,7
"TCAAACAACCGCGTCG-1",7,7
"TCAAACAATTAGGACA-1",7,7
"TCAAACTTAGATTGTT-1",4,4
"TCAAAGAGCTATCTGT-1",2,2
"TCAAAGTCACGGCGTC-1",3,2
"TCAAATTGTTGTGCCG-1",2,2
"TCAAATTTGAGACTCA-1",2,2
"TCAACAAAGATAATTC-1",3,10
"TCAACACATTGGGTAA-1",7,7
"TCAACATAGCGCCCTA-1",2,14
"TCAACATCGACCGAGA-1",3,8
"TCAACCATGTTCGGGC-1",4,4
"TCAACGAGGAGACAAA-1",8,9
"TCAACGCAGGAAATAA-1",3,8
"TCAACGCGACCGGCAG-1",8,5
"TCAACTAACGTATAAC-1",8,5
"TCAACTGCAGAGTCAG-1",2,2
"TCAAGAAATACTAGCT-1",8,5
"TCAAGGTTACTACACC-1",5,3
"TCAATACAATTGCTGC-1",8,5
"TCAATACGCCGTCATG-1",1,1
"TCAATCCGGGAAGTTT-1",3,8
"TCACAAACCGAGGTAC-1",2,14
"TCACAGATCCTCAAAC-1",7,12
"TCACAGCAAACTCGAA-1",3,8
"TCACAGGAGAATAAGA-1",3,8
"TCACAGGGAATCGCAA-1",5,3
"TCACAGGTTATTGGGC-1",4,4
"TCACATCTTATCTGAT-1",4,4
"TCACCCTCTTAAGATT-1",5,9
"TCACCGCTCGGCACTC-1",4,4
"TCACGATGTCCGTGGA-1",3,10
"TCACGCATTGTAGATC-1",4,4
"TCACGGCCCAAGAGAG-1",2,2
"TCACGGTCATCGCACA-1",7,7
"TCACGTGCCCGATTCA-1",8,5
"TCACTACGACCAATGC-1",7,12
"TCACTATCCCTTCGGT-1",3,8
"TCACTATCGTGCAATC-1",9,13
"TCACTCAGCGCATTAG-1",9,15
"TCACTCGTGCAACGGC-1",7,12
"TCACTCTTCGTCTGTC-1",4,16
"TCAGAACCTCCACAGG-1",8,5
"TCAGAACGGCGGTAAT-1",3,8
"TCAGACGCTATAGAAG-1",5,3
"TCAGAGGACGCGTTAG-1",3,8
"TCAGCAAATGCATCTC-1",4,4
"TCAGCAGTAGGCCCTG-1",1,1
"TCAGCCAATCCGTAAA-1",2,14
"TCAGCGCACGCCGTTT-1",3,8
"TCAGCTTGAGCTTTCG-1",2,14
"TCAGGGCGACTTCCTT-1",8,5
"TCAGGGCGCAAACTCG-1",4,4
"TCAGGGTGCACGAAAC-1",9,13
"TCAGGGTGTAACGTAA-1",4,4
"TCAGGTTCTTTGAGAA-1",4,4
"TCAGTACTGACCCGCG-1",4,4
"TCAGTAGGGACTATAA-1",5,3
"TCAGTGTATACGTCAT-1",2,14
"TCAGTTACGGAATGAT-1",6,6
"TCATACTTACAGATCC-1",4,4
"TCATATGAGCTTTGTT-1",1,1
"TCATCACTCGAGCTCG-1",7,7
"TCATCCATCTGATCAC-1",3,8
"TCATCCCAGAGGGTGG-1",9,13
"TCATCCTCAGCTGCTT-1",3,2
"TCATCGACGACCGTCG-1",3,8
"TCATCGATGGTCCCAA-1",2,14
"TCATGAAGCGCTGCAT-1",3,10
"TCATGCAGGTTCTCAT-1",7,7
"TCATTCGTATAATTTG-1",7,7
"TCATTTAAGTCTCCGA-1",8,5
"TCATTTAGAAGTGTGA-1",3,8
"TCCAACTCAGCTATCT-1",3,2
"TCCAACTTTAAATTCT-1",8,9
"TCCAAGCCTAGACACA-1",2,2
"TCCAATAAAGGCTACC-1",1,1
"TCCAATGCGTCGCCGC-1",2,14
"TCCACAATGGTTTACG-1",4,4
"TCCACATCGTATATTG-1",2,2
"TCCACCAAGACATAGG-1",3,8
"TCCACCTCTAGCCTTT-1",1,1
"TCCACTTTATCTAGGT-1",4,4
"TCCAGAGCACCGGTTC-1",8,5
"TCCAGATGTACGCCAA-1",8,5
"TCCAGCGCTATAAGCG-1",5,10
"TCCAGGCAGGACGATC-1",3,8
"TCCAGGCGAGTACGGT-1",4,4
"TCCAGGGTATATACGA-1",2,14
"TCCATCAATACTAATC-1",2,14
"TCCATTAGTTGGATAG-1",7,7
"TCCATTGTGACCTCGT-1",6,6
"TCCCAAACAGACAACG-1",8,5
"TCCCAAACATCCTCTA-1",3,8
"TCCCAAAGACGAAGGA-1",7,7
"TCCCAAAGCCCTAAAT-1",5,3
"TCCCAATATCGACGAC-1",3,8
"TCCCACGGAGGGAGCT-1",6,6
"TCCCACTCTCTTCCGG-1",8,5
"TCCCAGCTTTAGTCTG-1",4,4
"TCCCAGGCTTAGCTAA-1",4,4
"TCCCGCGTACTCCTGG-1",4,4
"TCCCGGGTGTGCTGCT-1",8,4
"TCCCGGTCAGGAATTT-1",9,13
"TCCCGTCAGTCCCGCA-1",7,7
"TCCCGTCGCGTCATAG-1",8,5
"TCCCGTGTGCAATTTG-1",8,5
"TCCCTAGATCAATAGG-1",8,5
"TCCCTCCGAAATCGTT-1",7,7
"TCCCTGGCTCGCTGGA-1",8,5
"TCCCTTAGATTACTCG-1",7,7
"TCCGAACTTGGCTTAC-1",8,5
"TCCGAAGTAGTCACCA-1",4,16
"TCCGAATGGTCCTGAG-1",8,5
"TCCGACCGCTAATCAA-1",2,2
"TCCGAGAAGGCTAAGC-1",9,13
"TCCGATAATTGCCATA-1",7,7
"TCCGATGACTGAGCTC-1",7,7
"TCCGATGGTGCGACAT-1",4,4
"TCCGATTACATTGCCG-1",4,4
"TCCGCAGCCACCTAGC-1",4,16
"TCCGCCTGTCTACAAG-1",3,8
"TCCGCGGCAGCATCTG-1",8,5
"TCCGCGGCCCAATGAA-1",3,8
"TCCGCTGTCATCCCGG-1",5,3
"TCCGCTTATCCCATTA-1",5,3
"TCCGGAGGAAGGGCTG-1",4,16
"TCCGGCCTAGCGTACA-1",8,5
"TCCGGCCTGCATCGAT-1",6,6
"TCCGGGCCACTAACGG-1",3,8
"TCCGGGCTTGACGGGA-1",2,2
"TCCGGTTCGTCCGGTC-1",5,3
"TCCGTAACCACAATCC-1",4,4
"TCCGTTAAGCTAATAT-1",3,8
"TCCGTTTAGCCTTGAA-1",4,4
"TCCTAAAGATTCAGAC-1",2,2
"TCCTAAATTGGGAAGC-1",3,8
"TCCTAACCGTCGGGCA-1",1,1
"TCCTACATCCACGGCC-1",5,3
"TCCTAGCAAAGAAGCT-1",8,9
"TCCTCCTAAGACATTC-1",3,8
"TCCTCGGGCTGGGCTT-1",8,9
"TCCTCTACGAGATGGC-1",4,4
"TCCTCTCCAGTTGTCC-1",4,4
"TCCTCTGGCCCATTAG-1",7,12
"TCCTGCAGCCGCCAAT-1",3,10
"TCCTGCCAACTGGAGA-1",7,7
"TCCTGCGTTGATACTC-1",8,9
"TCCTGGCGCTGCCTGG-1",7,12
"TCCTTACGACGGTCCG-1",5,3
"TCCTTCAATCCCTACG-1",3,8
"TCCTTCAGTGGTCGAA-1",9,13
"TCCTTGTCCTTTAATT-1",2,2
"TCCTTTAAATCCGCTT-1",3,8
"TCCTTTCTTACGCTTA-1",4,4
"TCGAAATTTAGGACCA-1",4,4
"TCGAAGAACCGAGCAC-1",5,3
"TCGAATATCCCGCAGG-1",2,14
"TCGAATCGCAGGGTAG-1",3,8
"TCGACATAGCGTAGCG-1",3,8
"TCGAGACCAACACCGT-1",8,9
"TCGAGCCAGGCAGGCC-1",2,2
"TCGATAGGCTAGTCGC-1",6,6
"TCGATTTACGAAACGA-1",3,8
"TCGCAAAGATGCATTT-1",5,3
"TCGCACCAGGAGGCAG-1",5,3
"TCGCACTAACGTTTGT-1",4,16
"TCGCATAAAGGGCGCA-1",2,14
"TCGCATCCCTAAGTGT-1",7,7
"TCGCATTCAATGACTT-1",7,7
"TCGCCACCCGGATTAC-1",3,10
"TCGCCCAACTGACTCC-1",7,7
"TCGCCCACTGCGAGAG-1",5,3
"TCGCCGAAGTTGCGTC-1",5,9
"TCGCCGCACCGCGTGA-1",3,8
"TCGCCGGAGAGTCTTA-1",7,12
"TCGCCGGATGGGCAAG-1",8,5
"TCGCCGGTCGATCCGT-1",7,7
"TCGCCTCCTTCGGCTC-1",3,8
"TCGCCTCGACCTGTTG-1",7,16
"TCGCGCGTTTACATGA-1",3,8
"TCGCGTCCAGAAGGTC-1",4,4
"TCGCTAAACCGCTATC-1",7,12
"TCGCTACTGGCTTTGA-1",1,1
"TCGCTCGATATATTCC-1",4,4
"TCGCTCGGCACCAGCG-1",8,5
"TCGCTGCCAATGCTGT-1",2,2
"TCGCTGGGCGGATTGT-1",4,4
"TCGCTGTGCGTAAATC-1",7,7
"TCGCTTTAAACGTTTG-1",4,4
"TCGGAATGACCATCAA-1",6,15
"TCGGAATGCGCTCTGA-1",4,4
"TCGGACGCCCAGCCCA-1",4,4
"TCGGAGAGTATCGGGA-1",5,3
"TCGGAGTACATGAGTA-1",4,4
"TCGGAGTCCTGGTTGC-1",3,8
"TCGGATCTGGATGACC-1",2,2
"TCGGCGAACCCAAACC-1",3,8
"TCGGCGTACTGCACAA-1",3,8
"TCGGCTAACTTCCCTT-1",6,6
"TCGGCTTGTATCGACG-1",2,2
"TCGGGAACGTGCCTAG-1",8,5
"TCGGGAGACAGCGTAC-1",2,2
"TCGGGATTCAAACATA-1",5,3
"TCGGGCACTTCTGGAT-1",6,15
"TCGGGCCGTCGTGGTA-1",8,5
"TCGGGTGAAACTGCTA-1",6,15
"TCGGTCCCTGACTCCA-1",7,12
"TCGGTGACCGCTCCGG-1",4,16
"TCGGTTAGCCATGTAG-1",9,13
"TCGTAAGACGACATTG-1",4,4
"TCGTAAGCTCCGAGGA-1",4,16
"TCGTACCGACGTCAAG-1",2,14
"TCGTATAGTGCAATTA-1",6,6
"TCGTATCACCAAGCTA-1",7,13
"TCGTATTACCCATTGC-1",8,11
"TCGTATTTCGTCCGGA-1",6,6
"TCGTCAAGTACGCGCA-1",2,2
"TCGTCACACTGTTAGC-1",4,4
"TCGTCCGCTGGCGTCT-1",7,7
"TCGTCTTAGGCGTTAA-1",3,8
"TCGTGTCACGCTGACA-1",5,3
"TCGTTAGGAGTCCCTA-1",3,8
"TCGTTCGTTATTATGT-1",6,6
"TCGTTGACAGGGTCCC-1",8,5
"TCGTTGCTATCCGGTC-1",3,8
"TCGTTGGCTCGTCAAT-1",7,7
"TCGTTTACGCGACCCT-1",3,8
"TCTAAAGAACAGTCTC-1",2,14
"TCTAACCTAGCCTGCG-1",3,8
"TCTAACTGTATGTAAA-1",8,5
"TCTACACGTTCATGCA-1",6,13
"TCTACCCAATAGAGAG-1",2,2
"TCTACCCGCATCATTT-1",3,8
"TCTACCGTCCACAAGC-1",4,4
"TCTACGCACGATCTCC-1",3,8
"TCTAGCAATCTCCGCC-1",5,3
"TCTAGCATCTTCGATG-1",7,7
"TCTAGCATGCCCAGAA-1",5,3
"TCTAGGTGGCGACGCT-1",8,5
"TCTAGTGATATCGTGG-1",5,3
"TCTAGTTATCAGAAGA-1",4,4
"TCTATAGGTGGGTAAT-1",2,2
"TCTATCATGCAGTTAC-1",7,7
"TCTATCCGATTGCACA-1",3,8
"TCTATCGGTCGCAACA-1",7,7
"TCTATGCTATAACGAC-1",2,14
"TCTATTACGCTGGCGA-1",6,6
"TCTATTACTAGAGGAT-1",5,3
"TCTCAAATCAATCGGG-1",3,8
"TCTCATGAGATAGGGT-1",5,3
"TCTCCAACGTAGGTTA-1",9,13
"TCTCCACAAGTTGAAT-1",2,14
"TCTCCCTGGGCAGCGT-1",3,8
"TCTCGAACGAGGTCAC-1",7,12
"TCTCGACGTATCGCCG-1",5,10
"TCTCGAGGAGGTTCGC-1",5,10
"TCTCGGCTCCAGGACT-1",7,7
"TCTCGTGTTACGAGGA-1",3,8
"TCTCTAATAGCTGGTA-1",7,7
"TCTCTTACCGCGAACC-1",2,14
"TCTGAACCGGTCGGCT-1",7,7
"TCTGAACTCGTACCCG-1",5,3
"TCTGAAGCACGTGGTC-1",3,8
"TCTGAATTCCGTACAA-1",8,5
"TCTGACTGTAATGGTT-1",7,16
"TCTGAGCAATTGACTG-1",5,10
"TCTGATGTATTCTGTC-1",5,8
"TCTGCAGATTCGAGTC-1",8,5
"TCTGCATACCTTGCTT-1",1,14
"TCTGCCAGAAACTGCA-1",8,5
"TCTGCGTCCGGTTTCT-1",7,7
"TCTGGCGCAAGCCGGG-1",8,5
"TCTGGGAACCTTTGAA-1",8,5
"TCTGGGTAGCGCTCAT-1",8,9
"TCTGTCATACAAGAGC-1",6,6
"TCTGTGACTGACCGTT-1",7,7
"TCTGTGATGGAGGTTG-1",7,16
"TCTGTGCCATCATAGT-1",4,4
"TCTGTGGCTACATTTC-1",6,6
"TCTGTTACCCAGCATA-1",3,8
"TCTGTTTAGATTGTTC-1",3,8
"TCTTAACTCGGATGTA-1",4,16
"TCTTACAGAGGTACCG-1",7,7
"TCTTACCGGAACTCGT-1",4,12
"TCTTACGGCATCCGAC-1",4,4
"TCTTACTTATGCCTCT-1",5,3
"TCTTAGAGCTCCAATT-1",5,3
"TCTTAGAGTGAACTCT-1",8,5
"TCTTATGGGTAGTACC-1",6,15
"TCTTCCCATGGGCACA-1",8,5
"TCTTCGAATAGACGTT-1",8,5
"TCTTCGATACCAATAA-1",4,4
"TCTTCTATAACCCGCC-1",5,3
"TCTTGATGCGTAGCGA-1",4,4
"TCTTGGTAACACCAAA-1",7,7
"TCTTGGTCAATGATAC-1",3,8
"TCTTTAAGACTATGAA-1",8,5
"TCTTTAGAGTCTAACA-1",5,3
"TCTTTAGCAGGCGAAC-1",8,5
"TCTTTCATCCGTCCTT-1",2,2
"TCTTTCGGCGGGACAC-1",7,12
"TCTTTCTCTTAAGGAG-1",6,15
"TGAAACCTCAACTCAC-1",7,7
"TGAAACTTATGCAAGC-1",9,13
"TGAAAGGACCTGACTC-1",8,5
"TGAACAAGCAGGGACT-1",1,14
"TGAACACCCGAAGCAG-1",7,7
"TGAACTGCTATGACTT-1",5,3
"TGAAGAGCGGTCCTAG-1",4,16
"TGAAGTAGCTTACGGA-1",4,16
"TGAATACCGACGCGTA-1",2,2
"TGAATATGCTATAAAC-1",4,16
"TGAATGAGTGTTTCCC-1",2,14
"TGAATGTCAGCCGGCC-1",5,3
"TGAATTTCACTTGCCT-1",3,8
"TGACAACTTAAAGGTG-1",3,10
"TGACACTTCTCTTTGC-1",7,13
"TGACAGAAATCTTGCT-1",3,8
"TGACATATATGACGAT-1",5,3
"TGACATCGAGCGGACC-1",8,5
"TGACATGTAACGTGAC-1",2,14
"TGACCAAATCTTAAAC-1",2,14
"TGACCAGCTTCAAAGT-1",7,13
"TGACCCAACTCACATT-1",7,7
"TGACCCACGTTAGACA-1",4,4
"TGACCCAGCATTCCCG-1",9,13
"TGACGAATATTTCCCT-1",5,3
"TGACGATGCACTAGAA-1",8,5
"TGACTATAATCCTTTC-1",5,3
"TGACTCCGAATCATAC-1",2,14
"TGAGAATGCTTTACCG-1",7,7
"TGAGACGTACCTCTCA-1",5,3
"TGAGAGATTTACCACG-1",8,5
"TGAGATCAAATACTCA-1",6,6
"TGAGATTAGGCCCTAA-1",7,7
"TGAGCAGTCGTGAAGT-1",9,13
"TGAGCCATACAGTCTC-1",8,9
"TGAGCGGAAAGTGTTC-1",3,8
"TGAGCTTTAATGACGC-1",7,7
"TGAGGAGTGCCAGCTT-1",3,2
"TGAGGTGTGTGGCGGA-1",3,2
"TGAGGTTGATCCCAAG-1",9,13
"TGAGTAAATTAGCGTA-1",5,3
"TGAGTGCCTCTTAAAT-1",5,9
"TGAGTGGTCCGTGACG-1",4,4
"TGAGTGTAACAACGGG-1",3,8
"TGAGTTAAAGACATTC-1",5,8
"TGATACATTTAGCCGT-1",2,2
"TGATAGCGGGATTCTA-1",8,5
"TGATCACCACACTGAC-1",2,14
"TGATCAGGGAACTGCT-1",8,9
"TGATCCCAGCATTAGT-1",8,5
"TGATCGGTTTGACCCT-1",4,4
"TGATCTACGCTGATCT-1",7,12
"TGATCTATCACACTCT-1",3,8
"TGATCTCCGGCGCCAG-1",4,4
"TGATGGCTGTTTCTGA-1",8,5
"TGATGGGACTAAGTCA-1",7,4
"TGATGTCAATTAAGTG-1",1,1
"TGATTATGGCACGCAG-1",4,16
"TGATTCAGGTCCCGCG-1",3,2
"TGATTCCCGGTTACCT-1",1,14
"TGATTCGTCTATCACT-1",4,4
"TGATTCTGTCGCCGGT-1",5,3
"TGATTTATTAGCTGTG-1",8,9
"TGATTTCCTCCTGACG-1",7,7
"TGCAAACCCACATCAA-1",7,7
"TGCAAACGTACTAGTT-1",3,10
"TGCAAAGTTCGTCTGT-1",3,2
"TGCAACCCATCTGCGG-1",2,14
"TGCAACTACTGGTTGA-1",3,8
"TGCAAGAATGACGTAA-1",4,4
"TGCAATCTAACACGGT-1",2,14
"TGCAATTTGGGCACGG-1",4,16
"TGCACAGTGAAGTTAT-1",7,7
"TGCACGAGTCGGCAGC-1",6,1
"TGCACTATGTGAGTGC-1",4,4
"TGCAGAACTATATCGT-1",5,3
"TGCAGAGTACCGAGCA-1",8,9
"TGCAGATCGTCCTAGG-1",5,3
"TGCAGCTACGTACTTC-1",5,3
"TGCAGGATCGGCAAAG-1",7,7
"TGCAGTGGTAGGGAAC-1",2,2
"TGCAGTTTCCTCCCAT-1",8,5
"TGCATATGTCTGTCAC-1",8,5
"TGCATGAGTAGATTCG-1",7,7
"TGCATGGATCGGATCT-1",7,7
"TGCATGGCAGTCTTGC-1",6,15
"TGCATGTGACCCATAG-1",2,2
"TGCATGTGGTAATCTA-1",4,4
"TGCCAAAGTCAGACTT-1",5,3
"TGCCAATGGGTACTCT-1",3,8
"TGCCACACTAGAGGAA-1",3,8
"TGCCACCTGGCGAAAC-1",7,7
"TGCCAGTACGTGGAGA-1",5,3
"TGCCATGGCTTATAAG-1",6,6
"TGCCATTACTAAAGAA-1",9,13
"TGCCCGATAGTTAGAA-1",3,8
"TGCCCGTACCGTTAAA-1",8,9
"TGCCGATGTCATCAAT-1",7,7
"TGCCGGATGTACGAGC-1",1,1
"TGCCGTGGATCGTCCT-1",3,2
"TGCCGTGGGACCCAAT-1",3,2
"TGCCTAATTGAAGATT-1",2,2
"TGCCTGACATCGGTCA-1",4,4
"TGCCTGATCAAACGAT-1",7,7
"TGCCTTGCCCTTACGG-1",7,12
"TGCCTTGGCCAGGCAA-1",5,3
"TGCGAATATGGGATTT-1",3,8
"TGCGACACCCTAGTGC-1",5,9
"TGCGAGAAACGTTACG-1",7,12
"TGCGAGAATATTACCC-1",3,8
"TGCGAGATGGCGGCCA-1",4,16
"TGCGAGCCCTTCCGCG-1",7,7
"TGCGATGCTAATGGCT-1",4,4
"TGCGCAAAGCATTTGG-1",4,4
"TGCGCGATTAACGGAG-1",4,4
"TGCGGACTTGACTCCG-1",2,2
"TGCGGAGTAAAGGTGC-1",7,7
"TGCGGCATAGTTCAAC-1",9,13
"TGCGGGTATTGGGATC-1",6,6
"TGCGGTCTACGAGTAA-1",6,15
"TGCGGTGAAATTTCAT-1",9,13
"TGCGTAAGAACCTGAT-1",8,9
"TGCGTACGGCTAATTG-1",3,2
"TGCGTCATGACTGAGC-1",2,2
"TGCGTGATTGGGTGTC-1",7,7
"TGCGTTTGTTGACACT-1",8,9
"TGCTAAGTGTCTATTT-1",3,8
"TGCTATACAAACGGAC-1",6,15
"TGCTATGGCAAAGGGA-1",3,2
"TGCTCAAAGGATGCAC-1",3,10
"TGCTCACACAACAACC-1",9,13
"TGCTCCACAGTTCTTA-1",5,3
"TGCTCGGCGAAACCCA-1",3,10
"TGCTCGGTGGGTCACC-1",2,14
"TGCTGGTTGGACAATT-1",7,7
"TGCTGTTGAAGAACTC-1",8,5
"TGCTTGAAACCATGCA-1",7,7
"TGGAAACGGAGTGAAC-1",7,7
"TGGAACCACTGACACA-1",4,4
"TGGAAGAAGGGAACGT-1",8,9
"TGGAAGACGAACACCA-1",7,7
"TGGAAGGATAAAGATG-1",7,7
"TGGAATATCCTTGACC-1",4,16
"TGGAATTAGACGCTTT-1",4,4
"TGGACACCGTTGCTTG-1",4,4
"TGGACCACGGCGTTGA-1",7,7
"TGGACGTAGGCGAATC-1",4,16
"TGGACTGTTCGCTCAA-1",8,5
"TGGAGAATAATCGTCC-1",3,8
"TGGAGCTAAAGTTCCC-1",6,6
"TGGAGTGATGCGATGA-1",4,4
"TGGATAGAGTAACAGA-1",4,16
"TGGATGGCATCTTGGA-1",3,10
"TGGCAAACTAAATTAC-1",5,3
"TGGCAACTCGCGCGCC-1",4,4
"TGGCAAGCACAAGTCG-1",2,14
"TGGCAATGGGACGGCG-1",3,2
"TGGCACGAGCTCGAGT-1",9,13
"TGGCAGATTACGATCA-1",5,9
"TGGCAGCAGTAATAGT-1",8,4
"TGGCCAAACTGAAGTA-1",4,4
"TGGCCAATTTGGTACT-1",2,2
"TGGCCGTATATTGACC-1",4,4
"TGGCGACTGCTCCAAA-1",3,11
"TGGCGATCAAGTTATG-1",5,3
"TGGCGGTGTGCGATTG-1",9,13
"TGGCTACACTCTACCT-1",2,14
"TGGCTATGTGACATAC-1",2,14
"TGGCTCTTGTCGCGTA-1",5,3
"TGGCTTGTACAAGCTT-1",4,16
"TGGCTTTGGGTAGACA-1",7,7
"TGGGAAATGCCTTTCC-1",4,4
"TGGGACCATTGGGAGT-1",4,12
"TGGGATGCACTCATTC-1",7,7
"TGGGCAATAGTTGGGT-1",5,3
"TGGGCACAAACAGAAC-1",9,13
"TGGGCACGTTCTATGG-1",7,13
"TGGGCAGGCCACCGCA-1",5,10
"TGGGCCACAAGAGCGC-1",7,7
"TGGGCCCATACTAATT-1",5,3
"TGGGCCTTGCCTGCAT-1",4,16
"TGGGCGATACAATAAG-1",2,14
"TGGGTAAGGTTCCCGC-1",7,7
"TGGGTGCACAAGCCAT-1",3,8
"TGGGTGGGATGTCATT-1",4,16
"TGGGTGTAATAGATTT-1",3,8
"TGGGTGTTAAGTAGAA-1",3,8
"TGGGTTCCCGGACGGA-1",8,5
"TGGGTTTCGGGCGTAC-1",3,8
"TGGTAAGCAGGATTGA-1",5,3
"TGGTACCGGCACAGCC-1",7,12
"TGGTAGAATATATGGG-1",5,3
"TGGTATCGCATCCCAA-1",6,6
"TGGTATCGGTCTGTAT-1",6,6
"TGGTCCCACGCTACGG-1",3,8
"TGGTCGATATACCTCT-1",3,8
"TGGTCGGGTACAGGGC-1",3,8
"TGGTCGTGCAAGGCAA-1",5,3
"TGGTCGTTTGATAGAT-1",9,13
"TGGTCTAGCTTACATG-1",8,5
"TGGTCTGTTGGGCGTA-1",8,9
"TGGTGATCGTATTTGT-1",4,4
"TGGTGCCCTGCCTTAC-1",3,8
"TGGTGTGACAGACGAT-1",7,12
"TGGTTAAGGGCGCTGG-1",8,5
"TGGTTATGCTTGCGGT-1",8,5
"TGGTTCAACGGGTAAT-1",5,3
"TGGTTCGTAGCAAAGG-1",7,7
"TGGTTGGAGGATCCTG-1",7,7
"TGGTTTAAACGTGGGT-1",8,5
"TGTAACTTGTCAACCT-1",7,7
"TGTAAGACTGATAAGA-1",2,14
"TGTAATGACCACAATA-1",8,5
"TGTAATGCCTTCGGAC-1",7,7
"TGTACCCGACCCTAAT-1",2,2
"TGTACCTACACGAGGG-1",2,2
"TGTACGAACAAATCCG-1",8,9
"TGTACGCTATCAGCTT-1",6,6
"TGTACTATCGCTCGTT-1",3,8
"TGTACTGTGCCAAAGT-1",9,13
"TGTACTTCCGGGCATG-1",3,8
"TGTAGCCAATTCCGTT-1",3,8
"TGTAGGAGAAATTTCC-1",8,5
"TGTAGTGATCTATAAT-1",8,9
"TGTATAACAGATCCTG-1",4,4
"TGTATCAGACTGAAGC-1",7,16
"TGTATCCTTATTCCAT-1",9,13
"TGTATGGCGCAGACAG-1",5,3
"TGTATTTACCTAATGC-1",7,7
"TGTCATTTGTTGGGAA-1",4,16
"TGTCCACGGCTCAACT-1",1,1
"TGTCCCGACATAGCAC-1",6,15
"TGTCCGCAAACAATTC-1",3,8
"TGTCCGTGGCGCCTTT-1",4,4
"TGTCCTAAGTCACCGC-1",8,5
"TGTCGGCATGGTGGAA-1",7,7
"TGTCGTGGGTATAGGC-1",3,8
"TGTCGTTATCACATAT-1",1,1
"TGTCTACAGTTTCTGT-1",9,13
"TGTGACTACGCCAGTC-1",7,7
"TGTGACTAGAGTTTGC-1",3,8
"TGTGAGACTAGCCCAA-1",2,2
"TGTGATTCCAGCGCTT-1",6,6
"TGTGCCGGTGCCGGAA-1",3,8
"TGTGCTTTACGTAAGA-1",8,5
"TGTGGAGGAAGCTTAA-1",6,6
"TGTGGCAAAGCGTATG-1",4,4
"TGTGGCGGGCTTCTGG-1",1,14
"TGTGGTTGCTAAAGCT-1",2,14
"TGTGTCGAAGTCGAGG-1",3,8
"TGTGTCGCGAGTTGCA-1",4,4
"TGTGTGACCATGAATC-1",2,2
"TGTGTTCGTATCCAAG-1",4,4
"TGTTATTGTATGTGGC-1",5,5
"TGTTCATAAATGTGCT-1",4,4
"TGTTCCGCTTCCATGA-1",4,4
"TGTTCCGGCCTGAGCT-1",2,2
"TGTTCGTATTGCGGTG-1",5,3
"TGTTCTTCCATTGACT-1",4,4
"TGTTGGCTGGCGGAAG-1",7,12
"TGTTGTCAAGAAGTCT-1",4,4
"TGTTTAATACTTCATC-1",9,13
"TGTTTCGGTACTTCTC-1",7,7
"TGTTTCTGAAGCGTGC-1",2,14
"TGTTTGAGATCGTCAG-1",5,10
"TTAAACAGAGTCCCGC-1",7,7
"TTAAACCGGTAGCGAC-1",6,15
"TTAAACCTGGTTCCTT-1",4,4
"TTAAACTCGAATTCAT-1",8,5
"TTAAAGGCGATGCTCG-1",3,8
"TTAAAGTAAGTCGCCA-1",3,2
"TTAACACCTCGAACAT-1",4,4
"TTAACCAACCCTCCCT-1",7,7
"TTAACGAACAAGCAGT-1",8,5
"TTAACGTCGCAAGACC-1",6,15
"TTAACGTTAAAGCCTG-1",5,3
"TTAACTCACGCGTGGA-1",4,4
"TTAACTTCAGGTAGGA-1",5,3
"TTAAGACGAACGAACC-1",9,13
"TTAAGATACCCAGAGA-1",3,8
"TTAAGATAGGATTGAC-1",5,5
"TTAAGCCGACAACTTC-1",6,6
"TTAAGCGCCTGACCCA-1",4,4
"TTAAGGATACGGAGGT-1",9,13
"TTAAGTATTGTTATCC-1",2,14
"TTAATCAGTACGTCAG-1",9,13
"TTAATGCGAGGTAACT-1",6,6
"TTAATGTAGACCAGGT-1",4,4
"TTAATGTGTTTGCAGG-1",4,16
"TTAATTTCAGACGCGG-1",7,7
"TTACAACTACGCATCC-1",9,11
"TTACACGATCTGCGAC-1",1,1
"TTACAGACCTAAATGA-1",4,4
"TTACATCGTGGCCTGG-1",7,7
"TTACATGCCACAACTA-1",8,5
"TTACCATTGATTACCC-1",8,5
"TTACCCATTGCCGGGT-1",7,7
"TTACCCTAACAGTCCT-1",4,4
"TTACCCTAGGGATTGG-1",1,1
"TTACCGCCTTAGGGAA-1",7,7
"TTACGGATGGTTCGAG-1",8,5
"TTACGGTGTCACCGAG-1",9,13
"TTACGTAGCGCGTGCT-1",6,6
"TTACTAAAGGACTTTA-1",5,3
"TTACTATCGGCTTCTC-1",8,5
"TTACTCCGGCCGGGAA-1",8,5
"TTACTCTGGTACGTAC-1",5,9
"TTACTGGGATATTTCA-1",8,9
"TTACTGTCTAGAGCTC-1",4,16
"TTACTGTTTCTCTACG-1",6,6
"TTAGAAGAACATGACT-1",3,8
"TTAGAATAAGGGTCGG-1",1,1
"TTAGACACGATCGTTG-1",7,7
"TTAGACGAGTCACCTC-1",5,3
"TTAGAGGGATATACAG-1",2,2
"TTAGAGTATTGTCGAG-1",3,10
"TTAGAGTTTAGAAGGA-1",5,3
"TTAGATAGGTCGATAC-1",7,7
"TTAGCAACATGGATGT-1",7,7
"TTAGCCATAGGGCTCG-1",3,10
"TTAGCGAATAGATAGG-1",3,8
"TTAGCTAATACGATCT-1",4,16
"TTAGCTCTGTAATCCG-1",8,5
"TTAGCTGATTTGCCGT-1",8,5
"TTAGGTCATAACCGAC-1",2,14
"TTAGGTGTGACTGGTC-1",7,12
"TTAGTAAACCTGCTCT-1",2,14
"TTAGTAGGGCGGCGGG-1",8,5
"TTAGTTATTCGTGGCA-1",5,3
"TTAGTTCAAGTGTTCG-1",8,5
"TTATAGATGCACATTA-1",6,15
"TTATAGTCCAAGGTGC-1",7,7
"TTATATACGCTGTCAC-1",8,5
"TTATATTTGGCAATCC-1",4,4
"TTATCATACTCGCAAA-1",8,9
"TTATCCAATCGAACTC-1",7,7
"TTATCCGGGATCTATA-1",5,8
"TTATCCTCAAGGAATA-1",2,2
"TTATCGCCTGCGAAGC-1",4,4
"TTATCTGACATTAGGA-1",3,8
"TTATCTGTATCATAAC-1",7,7
"TTATGAATGAAAGGGA-1",8,9
"TTATGACAAACTGGAT-1",4,4
"TTATGATCTTAACGAA-1",8,5
"TTATGCGTCCCGGTCC-1",9,13
"TTATGTTTGCGATAGA-1",4,4
"TTATTAGAGCGTGTTC-1",5,3
"TTATTAGGGAAGCATC-1",7,7
"TTATTTCATCCCAAAC-1",7,7
"TTCAAAGTCTCTAGCC-1",8,5
"TTCAACGACCCGACCG-1",7,7
"TTCAAGCCGAGCTGAG-1",9,13
"TTCAATACTCTGAATC-1",8,5
"TTCAATTAGCCATAAT-1",6,6
"TTCACGAAAGGATCAC-1",8,9
"TTCACGGTCGTCACGT-1",3,2
"TTCACTCGAGCACCTA-1",3,8
"TTCACTTCCTAGAACG-1",2,14
"TTCAGAGTAACCTGAC-1",7,7
"TTCAGCCCTGGTCCAC-1",5,3
"TTCAGCTGGCGTGCCC-1",3,8
"TTCAGGCGTCAAAGCC-1",5,3
"TTCAGTTCAAGAGGAG-1",3,2
"TTCAGTTTGTGGCAGC-1",8,5
"TTCATAGCCTTGTAAC-1",7,7
"TTCATAGGGTGTCCAT-1",4,16
"TTCATGGCGCAACAGG-1",7,7
"TTCCAATCAGAGCTAG-1",4,4
"TTCCAATCTGGCTATC-1",5,3
"TTCCACACAGATTTGA-1",5,3
"TTCCACATTTCTCGTC-1",6,6
"TTCCAGACGAGATTTA-1",5,3
"TTCCAGTGGGTTTCGT-1",3,8
"TTCCATCATGCGGTGA-1",7,7
"TTCCATCGACAGCGTG-1",1,1
"TTCCCGACGCTTCACT-1",6,6
"TTCCCGGCGCCAATAG-1",3,8
"TTCCGCAGAGAAATAT-1",4,16
"TTCCGCGTGAGGCGAT-1",5,9
"TTCCGGCCTTGAGGCT-1",3,8
"TTCCGGCTCGACTTCT-1",4,16
"TTCCGGTATCTGTGTC-1",5,3
"TTCCGGTTACCCACTT-1",5,3
"TTCCTCGAGGGTGTCT-1",7,7
"TTCCTCGGACTAACCA-1",5,8
"TTCCTCTGCCCGAATA-1",8,5
"TTCCTTTCTGTGTTGC-1",7,7
"TTCGAACGAAACATGC-1",3,8
"TTCGACAGAGCCCGTG-1",3,8
"TTCGACGGGAAGGGCG-1",7,7
"TTCGCACTCGCGTGCT-1",7,7
"TTCGCACTGTACGACA-1",1,1
"TTCGCATCCGGAAGCA-1",7,7
"TTCGCGCGCCATACGA-1",1,1
"TTCGCTATCTGACGTG-1",4,16
"TTCGGACTGATGCCTT-1",7,12
"TTCGGACTGGGCATGG-1",3,2
"TTCGGCAACCCGCTGA-1",7,7
"TTCGGCTAGAGATGGT-1",4,4
"TTCGGGACTAATCGCG-1",8,5
"TTCGGGCGCTAGTCTT-1",3,10
"TTCGGTACTGTAGAGG-1",2,14
"TTCGTAATCCCAGCGG-1",7,7
"TTCGTACTCCAGAACG-1",4,4
"TTCGTGCATGTTATAG-1",3,10
"TTCGTGGGCTGGAAGC-1",7,7
"TTCGTTCAACGAAGTT-1",4,4
"TTCTAACCGAAGCTTA-1",8,5
"TTCTACCTCAATCGGT-1",3,2
"TTCTACCTTTATGTTG-1",6,15
"TTCTACTTGCGAGGGC-1",4,4
"TTCTAGAAAGTCTTAT-1",1,1
"TTCTAGGCCAATTGTG-1",7,7
"TTCTATTAAACGCAGC-1",2,14
"TTCTCAATTGCTACAA-1",3,8
"TTCTCTTACAGGTGAT-1",1,14
"TTCTGACCGGGCTCAA-1",3,8
"TTCTGCCGCGCCTAGA-1",5,3
"TTCTGCGAGCGCCCTT-1",8,5
"TTCTGCGGGTTAGCGG-1",8,5
"TTCTGCTAGACTCCAA-1",8,5
"TTCTGTTTCCTGTCGC-1",4,4
"TTCTTAGTGAACGGTG-1",7,7
"TTCTTAGTGGCTCAGA-1",7,7
"TTCTTATCCGCTGGGT-1",3,8
"TTCTTCCCTTTGATAT-1",6,6
"TTCTTCGCAATAGAGC-1",6,6
"TTCTTGAGCCGCGCTA-1",5,9
"TTCTTGCTAGCATCTC-1",5,3
"TTCTTGGACGATCTGC-1",3,8
"TTCTTGGAGTAATGAG-1",7,12
"TTCTTGTAACCTAATG-1",9,4
"TTCTTGTGTCCATCAG-1",8,5
"TTCTTTGGTCGCGACG-1",4,4
"TTGAAAGGTGTAAAGG-1",7,7
"TTGAACGAATCCTTTG-1",4,4
"TTGAACGACGTGCTGA-1",2,14
"TTGAAGAATTCCCAGG-1",4,4
"TTGAAGGATGGGCGCC-1",2,14
"TTGAATATGGACTTTC-1",8,5
"TTGAATCGTTGTATAA-1",2,2
"TTGAATTCACGTGAGG-1",8,5
"TTGACAGGAGCTCCCG-1",5,3
"TTGACATGAACGTGGA-1",5,9
"TTGACCATGTTCTCCG-1",7,7
"TTGACCGTGTTAATGA-1",3,8
"TTGACGATTCAGCACG-1",9,15
"TTGACGCTCCATGAGC-1",8,5
"TTGACTACCATATGGT-1",8,9
"TTGACTATTGTCCGGC-1",5,3
"TTGAGAAGTTTAGCAT-1",3,8
"TTGAGAGTACTGCTAA-1",5,9
"TTGAGGCATTTAACTC-1",9,13
"TTGATAGTCAATACAT-1",8,5
"TTGATCTAACTTTGTC-1",4,4
"TTGATGCCGCTCGTCG-1",2,2
"TTGATGTGTAGTCCCG-1",4,12
"TTGATTAGCTGTTTCT-1",5,3
"TTGATTATGCAGATGA-1",4,4
"TTGCAAGAAGACTCCT-1",2,2
"TTGCACAATTCAGAAA-1",5,9
"TTGCACGGAGCAGCAC-1",7,7
"TTGCAGGTCATGAAGT-1",6,15
"TTGCATGCTGATCACG-1",8,9
"TTGCCAAGCAGAACCC-1",5,3
"TTGCCATAGCCCGCTC-1",2,2
"TTGCCCTGATCACGGG-1",8,9
"TTGCCGGTGATCCCTC-1",7,7
"TTGCCTAATCCAAAGT-1",3,2
"TTGCCTTCTCGCCGGG-1",3,8
"TTGCGCACAACCACGT-1",3,8
"TTGCGCTCTCTCGCTT-1",8,5
"TTGCGCTTGATCAATA-1",3,8
"TTGCGGAAAGCTGCCC-1",3,8
"TTGCGGCATCAGAAAG-1",3,8
"TTGCGGCGACTCATGC-1",6,6
"TTGCGTAGTTTGAGGA-1",4,4
"TTGCGTCGGCCAACCG-1",3,8
"TTGCGTGAACGCTTAG-1",7,12
"TTGCGTGTGTAGGCAT-1",3,8
"TTGCTAGCTACCAATC-1",7,7
"TTGCTCATAGTACGTG-1",2,2
"TTGCTCCCATACCGGA-1",7,7
"TTGCTGAAGGAACCAC-1",7,7
"TTGCTGATCATGTTCG-1",4,4
"TTGCTGCACCTATCCA-1",4,4
"TTGCTGGCCGGGCTTC-1",6,6
"TTGGAAGAATACAGTC-1",3,8
"TTGGACATGTGGCTTA-1",8,9
"TTGGACCATCTGGCAA-1",3,8
"TTGGACCTATAACAGT-1",3,8
"TTGGAGTCTCCCTTCT-1",9,13
"TTGGATATCGTCTACG-1",5,3
"TTGGATCGACTTCTGG-1",9,11
"TTGGATTGGGTACCAC-1",7,7
"TTGGCCAAATTGTATC-1",3,8
"TTGGCCATCTTGCGCT-1",4,4
"TTGGCCTAGAATTTCG-1",7,7
"TTGGCTCGCATGAGAC-1",7,7
"TTGGGAAGACGAGCCG-1",2,14
"TTGGGACACTGCCCGC-1",9,13
"TTGGGACGTAAGAGTT-1",3,8
"TTGGGCGGCGGTTGCC-1",4,4
"TTGGTATGGCTTGTGT-1",8,5
"TTGGTCACACTCGTAA-1",5,10
"TTGGTTGCGGTGCGCG-1",2,2
"TTGTAACTTCATAGCG-1",7,13
"TTGTAAGGACCTAAGT-1",5,3
"TTGTAAGGCCAGTTGG-1",4,4
"TTGTAATCCGTACTCG-1",9,11
"TTGTACACCTCGAACA-1",2,2
"TTGTATCACACAGAAT-1",9,13
"TTGTCGTTCAGTTACC-1",7,7
"TTGTCTCGGCAAGATG-1",3,8
"TTGTGAACCTAATCCG-1",3,8
"TTGTGAGGCATGACGC-1",5,3
"TTGTGATCTGTTCAGT-1",3,8
"TTGTGCAGCCACGTCA-1",2,14
"TTGTGCGGAAGCGGAT-1",2,14
"TTGTGGAGACAGCCGG-1",3,8
"TTGTGGCCCTGACAGT-1",7,7
"TTGTGGTAGGAGGGAT-1",3,8
"TTGTGGTGGTACTAAG-1",2,14
"TTGTGTATGCCACCAA-1",3,8
"TTGTGTTTCCCGAAAG-1",5,3
"TTGTTAGCAAATTCGA-1",7,7
"TTGTTCAGTGTGCTAC-1",7,7
"TTGTTCTAGATACGCT-1",8,5
"TTGTTGGCAATGACTG-1",3,10
"TTGTTGTGTGTCAAGA-1",4,4
"TTGTTTCACATCCAGG-1",2,14
"TTGTTTCCATACAACT-1",5,9
"TTGTTTGTATTACACG-1",3,8
"TTGTTTGTGTAAATTC-1",6,15
