"barcode","BayesSpace_harmony_09","BayesSpace_harmony_16"
"AAACAAGTATCTCCCA-1",3,8
"AAACAATCTACTAGCA-1",4,7
"AAACACCAATAACTGC-1",3,8
"AAACAGAGCGACTCCT-1",9,13
"AAACAGCTTTCAGAAG-1",3,8
"AAACAGGGTCTATATT-1",3,8
"AAACATTTCCCGGATT-1",2,2
"AAACCACTACACAGAT-1",6,6
"AAACCCGAACGAAATC-1",5,3
"AAACCGGAAATGTTAA-1",2,2
"AAACCGGGTAGGTACC-1",5,3
"AAACCGTTCGTCCAGG-1",3,8
"AAACCTAAGCAGCCGG-1",2,2
"AAACCTCATGAAGTTG-1",5,3
"AAACGAAGAACATACC-1",9,13
"AAACGAGACGGTTGAT-1",8,5
"AAACGCCCGAGATCGG-1",6,6
"AAACGCTGGGCACGAC-1",1,14
"AAACGGGCGTACGGGT-1",2,2
"AAACGGGTTGGTATCC-1",8,9
"AAACGGTTGCGAACTG-1",2,2
"AAACGTGTTCGCCCTA-1",6,13
"AAACTAACGTGGCGAC-1",6,6
"AAACTCGGTTCGCAAT-1",2,14
"AAACTCGTGATATAAG-1",4,16
"AAACTGCTGGCTCCAA-1",5,3
"AAACTTAATTGCACGC-1",2,2
"AAACTTGCAAACGTAT-1",5,3
"AAAGACATGAAGTTTA-1",6,15
"AAAGACCCAAGTCGCG-1",7,7
"AAAGACTGGGCGCTTT-1",5,3
"AAAGCTTGCCTACATA-1",8,5
"AAAGGCCCTATAATAC-1",2,2
"AAAGGCTACGGACCAT-1",3,10
"AAAGGCTCTCGCGCCG-1",3,8
"AAAGGGATGTAGCAAG-1",4,4
"AAAGGGCAGCTTGAAT-1",8,5
"AAAGGTAAGCTGTACC-1",6,15
"AAAGTAGCATTGCTCA-1",3,8
"AAAGTCACTGATGTAA-1",7,7
"AAAGTCGACCCTCAGT-1",5,3
"AAAGTGCCATCAATTA-1",2,2
"AAAGTGTGATTTATCT-1",5,3
"AAAGTTGACTCCCGTA-1",5,3
"AAATAACCATACGGGA-1",9,13
"AAATAAGGTAGTGCCC-1",8,5
"AAATACCTATAAGCAT-1",5,3
"AAATAGCTTAGACTTT-1",8,5
"AAATAGGGTGCTATTG-1",3,8
"AAATCCGATACACGCC-1",2,2
"AAATCGTGTACCACAA-1",5,5
"AAATCTAGCCCTGCTA-1",3,8
"AAATGACTGATCAAAC-1",2,2
"AAATGATTCGATCAGC-1",7,7
"AAATGCTCGTTACGTT-1",8,5
"AAATGGCATGTCTTGT-1",9,13
"AAATGGCCCGTGCCCT-1",3,8
"AAATGGTCAATGTGCC-1",8,5
"AAATGTGGGTGCTCCT-1",7,7
"AAATTAACGGGTAGCT-1",8,5
"AAATTAATAAGCGCGA-1",3,8
"AAATTACACGACTCTG-1",9,13
"AAATTACCTATCGATG-1",4,4
"AAATTCCAGGTCCAAA-1",5,3
"AAATTGATAGTCCTTT-1",3,8
"AAATTGCGGCGGTTCT-1",5,9
"AAATTGGTGAGAAGCA-1",7,13
"AAATTTACCGAAATCC-1",6,15
"AAATTTGCGGGTGTGG-1",5,3
"AACAACTGGTAGTTGC-1",4,4
"AACAATACATTGTCGA-1",3,8
"AACAATTACTCTACGC-1",8,5
"AACACACGCTCGCCGC-1",3,8
"AACACGACTGTACTGA-1",9,13
"AACACGAGACGCGGCC-1",5,3
"AACACGCGGCCGCGAA-1",4,4
"AACAGCTGTGTGGCAA-1",3,8
"AACAGGAAATCGAATA-1",7,7
"AACAGGATGGGCCGCG-1",8,5
"AACAGGTAGTATGGAT-1",5,3
"AACATAGCGTGTATCG-1",2,2
"AACATATCAACTGGTG-1",4,4
"AACATCGATACGTCTA-1",7,7
"AACATTGAAGTTGATC-1",2,2
"AACATTGGTCAGCCGT-1",5,9
"AACATTGTGACTCGAG-1",2,10
"AACCAAGACTTCTCTG-1",5,3
"AACCAGTATCACTCTT-1",6,15
"AACCATAGGGTTGAAC-1",2,2
"AACCATGGGATCGCTA-1",8,5
"AACCCAGAGACGGAGA-1",4,4
"AACCCATCCCATGATC-1",3,8
"AACCCGACAACCCGTG-1",2,14
"AACCCGAGCAGAATCG-1",2,2
"AACCCGATAGGGCTTC-1",6,6
"AACCCGCTGTATTCCA-1",2,2
"AACCCTACTGTCAATA-1",8,5
"AACCCTGGTGGAACCA-1",9,13
"AACCGAGCTTGGTCAT-1",7,7
"AACCGCTAAGGGATGC-1",5,3
"AACCGTTGTGTTTGCT-1",9,13
"AACCTAAAGCCGTCCG-1",6,15
"AACCTCGCTTTAGCCC-1",3,2
"AACCTGTCACGGAATT-1",5,3
"AACCTTTAAATACGGT-1",3,8
"AACCTTTACGACGTCT-1",7,7
"AACGAAAGTCGTCCCA-1",3,8
"AACGACCTCCTAGCCG-1",1,1
"AACGATAATGCCGTAG-1",3,8
"AACGATAGAAGGGCCG-1",7,7
"AACGATATGTCAACTG-1",4,4
"AACGCATGATCTGGGT-1",7,7
"AACGCGAACGGCAACA-1",5,9
"AACGCGACCTTGGGCG-1",2,14
"AACGCGGTCTCCAGCC-1",7,7
"AACGCTGTTGCTGAAA-1",3,8
"AACGGACGTACGTATA-1",3,3
"AACGGCCATCTCCGGT-1",5,3
"AACGTACTGTGGGTAC-1",5,3
"AACGTAGTCTACCCAT-1",4,16
"AACGTCAGACTAGTGG-1",4,4
"AACGTCATCCGGCTTG-1",2,2
"AACGTCGCTGCACTTC-1",2,14
"AACGTGATGAAGGACA-1",6,15
"AACGTGCGAAAGTCTC-1",8,5
"AACGTTATCAGCACCT-1",5,3
"AACTACCCGTTTGTCA-1",5,3
"AACTAGGCTTGGGTGT-1",3,8
"AACTCAAGTTAATTGC-1",8,5
"AACTCCAGAGCGTGTT-1",3,8
"AACTCCTAATCCCATG-1",9,13
"AACTCGATGGCGCAGT-1",8,5
"AACTCTCAATAGAGCG-1",8,5
"AACTCTCAGTGTGCTC-1",3,8
"AACTGAGGTCAGCGTC-1",6,6
"AACTGAGTTATACTGA-1",3,8
"AACTGATATTAGGCCT-1",7,7
"AACTGGGTCCCGACGT-1",7,7
"AACTGGGTTCGAGCCG-1",6,15
"AACTGGTGTGGGCCTT-1",7,7
"AACTTCTGCGTCTATC-1",5,3
"AACTTGCCCGTATGCA-1",8,5
"AACTTGCGTTCTCGCG-1",8,5
"AACTTTACGGGAGCTT-1",3,8
"AACTTTCTCGATCATG-1",4,16
"AAGAAATCACCAGATT-1",4,16
"AAGAAGGATCAGTTAG-1",8,5
"AAGACCCAACTGAACA-1",3,8
"AAGACTAACCCGTTGT-1",8,9
"AAGACTCACGCCCACT-1",6,6
"AAGACTGCAAGCTACT-1",8,5
"AAGAGATGAATCGGTA-1",8,5
"AAGAGCTCTTTATCGG-1",8,5
"AAGAGGATGTACGCGA-1",5,3
"AAGAGGCATGGATCGC-1",8,5
"AAGAGGCCCTTTGGAA-1",2,2
"AAGATGGCACCGGACC-1",3,8
"AAGATTGGCGGAACGT-1",4,4
"AAGCACCCTGCGTATC-1",3,8
"AAGCATACTCTCCTGA-1",5,3
"AAGCCACTTGCAGGTA-1",1,14
"AAGCCGAAGCGGTTTA-1",5,3
"AAGCCGCCGTGAAATC-1",2,2
"AAGCCGCTTTACCTTG-1",7,16
"AAGCCGGAGAGCAGGA-1",2,2
"AAGCGCAGGGCTTTGA-1",2,2
"AAGCGGAGTGCGCGCA-1",6,15
"AAGCGGCGTCATGGGT-1",6,15
"AAGCGTCCCTCATCGA-1",3,8
"AAGCTAGATCGAGTAA-1",5,3
"AAGCTCGTGCCAAGTC-1",8,5
"AAGCTCTTTCATGGTG-1",3,8
"AAGGAGAACTTATAAG-1",7,13
"AAGGAGCGGTTGGTGC-1",4,4
"AAGGATCGATCGCTTG-1",5,3
"AAGGATGAGGGACCTC-1",4,16
"AAGGCAGGCTGTCTCC-1",5,3
"AAGGCGCGTAAAGCTT-1",4,4
"AAGGCTGTGCTCATCG-1",4,4
"AAGGGAACGACTGGCT-1",2,2
"AAGGGACAGATTCTGT-1",4,4
"AAGGGACTATGCATTC-1",3,8
"AAGGGTTAGCCATGCG-1",1,1
"AAGGTATCCTAATATA-1",4,4
"AAGGTGATAAACCAGC-1",5,3
"AAGTAAGCTTCCAAAC-1",4,16
"AAGTAGAAGACCGGGT-1",4,4
"AAGTAGTGACGCGAGG-1",8,5
"AAGTCAATTGTCGTCA-1",5,3
"AAGTCTAGTAGCTGCC-1",4,16
"AAGTCTTCTGTGGCCT-1",3,10
"AAGTGACGACCGAATT-1",5,3
"AAGTGAGTCGGGTTTA-1",3,10
"AAGTGCAAAGGTAGAC-1",5,3
"AAGTGCCTTGACTGTA-1",5,3
"AAGTGCGTTAGAATCT-1",5,3
"AAGTGCTTCTCTATTG-1",2,2
"AAGTGTTTGGAGACGG-1",3,8
"AAGTTCACTCCAAGCT-1",3,8
"AAGTTCAGTCTGCGTA-1",7,7
"AAGTTCGGCCAACAGG-1",5,3
"AAGTTGTGATGTTATA-1",2,14
"AAGTTTACTAATGGCA-1",9,13
"AAGTTTATGGGCCCAA-1",1,14
"AATAACAACGCTCGGC-1",5,3
"AATAACACTAGAACAA-1",5,3
"AATAACGTCGCGCCCA-1",2,2
"AATAAGTCCTCGAGAC-1",9,13
"AATAATCTTCGTATCG-1",3,8
"AATACAATGTTTCAGG-1",5,3
"AATACCGGAGGGCTGT-1",2,14
"AATACCTGATGTGAAC-1",2,14
"AATAGAACAGAGTGGC-1",5,3
"AATAGAATCTGTTTCA-1",5,3
"AATAGCAAGCCTCCTG-1",6,15
"AATAGCTACCGCGTGC-1",7,7
"AATAGTCCGTCCCGAC-1",3,8
"AATAGTCGCGAGTCGG-1",3,8
"AATATCCTAGCAAACT-1",3,10
"AATATCGAATCAATGC-1",5,3
"AATATCGAGGGTTCTC-1",4,16
"AATATTGGAGTATTGA-1",5,3
"AATCAGACTGCAGGAC-1",8,9
"AATCAGGTTTCATTTA-1",2,2
"AATCATGTAAAGACTC-1",3,8
"AATCCAAGGGCCTGAG-1",7,7
"AATCCCGCTCAGAGCC-1",2,2
"AATCGAGGTCTCAAGG-1",3,8
"AATCGCCTCAGCGCCA-1",8,5
"AATCGCGCAGAGGACT-1",5,3
"AATCGGGACACTACGA-1",9,13
"AATCGTGAGCCGAGCA-1",2,14
"AATCTAGGTTTACTTG-1",3,8
"AATCTATGCCGGAGCC-1",8,5
"AATCTCTACTGTGGTT-1",3,8
"AATCTGCGTTGGGACG-1",8,5
"AATCTGGCTTTCTAGT-1",3,8
"AATCTGGGTAGACCCT-1",6,15
"AATGACAGCAATGTCT-1",5,3
"AATGACGTAGGATGTC-1",5,3
"AATGACTGTCAGCCGG-1",4,4
"AATGAGTTCGCATATG-1",8,5
"AATGATGATACGCTAT-1",4,4
"AATGATGCGACTCCTG-1",4,16
"AATGCAACCGGGTACC-1",4,4
"AATGCACCAAGCAATG-1",1,1
"AATGGCCGCCAATGCG-1",6,6
"AATGGTCCACCGTTCA-1",5,3
"AATGGTTCTCACAAGC-1",4,4
"AATGTGCCCGAGGTGT-1",3,8
"AATGTGCTAATCTGAG-1",2,2
"AATGTTAAGACCCTGA-1",2,2
"AATTAAAGGTCGGCGT-1",8,5
"AATTAACGGATTTCCA-1",3,8
"AATTAGCGCTGCAGCG-1",5,3
"AATTATACCCAGCAAG-1",2,2
"AATTCATAAGGGATCT-1",4,4
"AATTCCAAGCATGTAC-1",2,2
"AATTCGATTCGAGGAT-1",2,2
"AATTCTAGAGTTAGGC-1",5,3
"AATTGAACGCTCTGGT-1",5,3
"AATTGCAGCAATCGAC-1",2,14
"AATTGTGGTTGCCAAA-1",2,2
"AATTTGGGACATAGTA-1",9,13
"AATTTGGTTCCAAAGA-1",9,13
"ACAAACCATGCGTCCT-1",2,2
"ACAAACCGACAAGGCG-1",6,15
"ACAAAGAAGGTAGGCC-1",3,2
"ACAAAGCATGACCTAG-1",1,1
"ACAAATCGCACCGAAT-1",5,3
"ACAAATGGTAGTGTTT-1",5,3
"ACAAATTCAGATCTGA-1",6,6
"ACAACAGCATGAGCTA-1",4,16
"ACAACGGTCCCTGCGA-1",8,5
"ACAAGCAGTGCCTAGC-1",8,5
"ACAAGCTATATGGAAG-1",3,10
"ACAAGGAAATCCGCCC-1",5,3
"ACAAGGACAAGAGGTT-1",8,5
"ACAAGGATGCTTTAGG-1",3,8
"ACAAGGCCTACCAGCC-1",6,6
"ACAAGGGCAGGCTCTG-1",8,5
"ACAATAGTCGTACGTT-1",5,3
"ACAATCCATTTAAACC-1",5,3
"ACAATCGATCTTTATA-1",9,13
"ACAATGAATACGGAGA-1",3,8
"ACAATGATTCTTCTAC-1",6,6
"ACAATTGTGTCTCTTT-1",3,8
"ACAATTTAGGAGGCTC-1",5,3
"ACAATTTGAGCAGTGG-1",4,16
"ACAATTTGGCCATATT-1",5,3
"ACACAAAGACGGGTGG-1",4,4
"ACACAAATATTCCTAG-1",6,15
"ACACACCAGGACCAGT-1",5,3
"ACACACTTTCTACACG-1",7,7
"ACACATGATCAAATCT-1",3,8
"ACACATTTCCGTAGAC-1",2,14
"ACACCACATAATTAGC-1",8,5
"ACACCCAGCATGCAGC-1",4,4
"ACACCCGAGAAATCCG-1",4,4
"ACACCGAGCGCTCTTT-1",3,8
"ACACCGGTCTGACCGC-1",2,2
"ACACCTTAAGTAGGGC-1",4,4
"ACACCTTACTACTTGC-1",5,3
"ACACGAGACTCCTTCT-1",4,16
"ACACGGCACTATGCAT-1",9,13
"ACACGGGAACTTAGGG-1",4,12
"ACACGTAGGCCACAAG-1",2,2
"ACACTCCAATGTCACT-1",5,3
"ACACTGATCAAGGTGT-1",5,3
"ACACTGGGACAGTCGT-1",2,14
"ACAGAACTGAGAACAA-1",3,8
"ACAGATTAGGTTAGTG-1",7,7
"ACAGCATAGAGCCAGT-1",9,13
"ACAGCGACATTCTCAT-1",3,8
"ACAGCGCACCCGCAGC-1",9,13
"ACAGGCACGGATCCTT-1",1,1
"ACAGGCTTGCCCGACT-1",3,8
"ACAGGTGGAGGTGAGG-1",5,3
"ACAGTAATACAACTTG-1",3,8
"ACAGTATACCGTGGGA-1",7,7
"ACATAAGTCGTGGTGA-1",3,2
"ACATAATAAGGCGGTG-1",7,7
"ACATACAATCAAGCGG-1",2,2
"ACATCAGCTGGGACGC-1",5,3
"ACATCCCGGCCATACG-1",3,8
"ACATCCTGGTAACTGT-1",5,3
"ACATCGATCGTTTACC-1",8,5
"ACATCGGTCAGCCGCG-1",5,3
"ACATCGTATGCAATGG-1",5,3
"ACATCGTTAACCTAGT-1",9,13
"ACATCTCAACGCGTAA-1",9,15
"ACATGCTTACGGCAGC-1",1,1
"ACATGGCGCCAAAGTA-1",5,3
"ACATGGCTCAATTTAG-1",3,8
"ACATTAGTTTATATCC-1",5,3
"ACATTCGCGCGGAATA-1",1,14
"ACATTTGAAACCTAAC-1",2,14
"ACCAAACACCCAGCGA-1",7,7
"ACCAAACTAGAAATCC-1",9,13
"ACCAACACCACACACT-1",7,7
"ACCAACCGCACTCCAC-1",2,14
"ACCAACGCTTATTTAT-1",5,3
"ACCAAGAACGCGTGTC-1",7,7
"ACCAATATGCAAGTTA-1",3,8
"ACCACAACTCAGAACA-1",6,15
"ACCACAAGTTTCTATC-1",4,4
"ACCACACGGTTGATGG-1",3,8
"ACCACCAATGTAACAA-1",5,3
"ACCACCCTCTCTTCTA-1",4,16
"ACCACGTGCAGCTATA-1",5,3
"ACCAGACCATAACAAC-1",3,8
"ACCAGCCCGGTCTTTG-1",9,13
"ACCAGGAGTGTGATCT-1",7,11
"ACCAGTGCCCGGTCAA-1",6,15
"ACCAGTGCGGGAGACG-1",5,3
"ACCATATCCGCAATAA-1",8,5
"ACCATCCGCCAACTAG-1",3,8
"ACCATCGTATATGGTA-1",5,3
"ACCCAACGCCCGTGGC-1",4,16
"ACCCACCTACATGCTC-1",8,5
"ACCCATCTTGAGGGTA-1",8,5
"ACCCATTTGTCCCTCT-1",3,2
"ACCCGAGCGAAATTAC-1",3,8
"ACCCGATTGGTTCCGA-1",2,2
"ACCCGGAAACTCCCAG-1",3,8
"ACCCGGAGCACCACAA-1",2,2
"ACCCGGATGACGCATC-1",8,5
"ACCCGGTTACACTTCC-1",8,5
"ACCCGTAGTCTAGTTG-1",2,14
"ACCCGTGTCATCAGTA-1",3,8
"ACCCTATAGGACTGAG-1",8,9
"ACCCTATGCCATATCG-1",3,8
"ACCCTCCCGTCAGGGC-1",2,14
"ACCCTCCCTTGCTATT-1",5,3
"ACCCTGGTAACGCCCT-1",4,16
"ACCCTTCATCTGCGAA-1",9,13
"ACCCTTGCCTGGGTCG-1",7,7
"ACCCTTTAGTTCTCCA-1",6,15
"ACCGAAAGGGCCCTGC-1",7,7
"ACCGAAGAGTCTGGTT-1",3,8
"ACCGACACATCTCCCA-1",2,2
"ACCGACTGAGTCCCAC-1",4,4
"ACCGAGTCTCCTTATT-1",2,14
"ACCGATAGGCATAACC-1",2,14
"ACCGATATTTAATCAT-1",2,2
"ACCGATGGTAGCATCG-1",8,5
"ACCGCAATAACTGCCT-1",3,8
"ACCGCGGTGGAAGTCG-1",5,3
"ACCGCTAGTCATTGGT-1",1,14
"ACCGGGCCTTTGTTGA-1",5,3
"ACCGGTCAGGTACACC-1",3,8
"ACCGGTCTGAGTACGG-1",6,6
"ACCGTGACCACGTGGG-1",3,8
"ACCGTTCCCGCTCTGA-1",9,13
"ACCTAAGTACCTTTCA-1",5,3
"ACCTAATCGACTTCCT-1",8,5
"ACCTACAGTATGTGGT-1",5,3
"ACCTCAGCGAGGCGCA-1",2,2
"ACCTCCGCCCTCGCTG-1",3,8
"ACCTCCGTTATTCACC-1",8,5
"ACCTCGAACTTATGCT-1",2,2
"ACCTGCGTGTCATGTT-1",3,3
"ACCTTTCCTTTAGAAG-1",9,11
"ACGAAATGGGCGGCAC-1",5,3
"ACGACCCATGAGTTGC-1",2,2
"ACGACTCTAGGGCCGA-1",2,14
"ACGACTGGTCATACTC-1",3,2
"ACGAGAACCCATCACG-1",4,4
"ACGAGATATTTGCTTA-1",6,15
"ACGAGGATACCACTCT-1",3,8
"ACGAGGTTTACAACGT-1",3,8
"ACGAGTACGGATGCCC-1",8,5
"ACGATACATAGAACTA-1",7,7
"ACGATCATACATAGAG-1",4,16
"ACGATCATCTTGTAAA-1",8,5
"ACGATGCATATGTTAT-1",8,5
"ACGATGGATCCGATGC-1",9,13
"ACGCAAACTAATAGAT-1",3,2
"ACGCAATCACTACAGC-1",4,16
"ACGCATAAATGACATG-1",6,6
"ACGCATACGTTTACTA-1",3,8
"ACGCATTCGTGAGTAC-1",4,4
"ACGCCACTCGAAACAG-1",2,2
"ACGCCAGATGATTTCT-1",7,7
"ACGCCCAGCTGTCGAT-1",9,13
"ACGCCGCTAGACGACC-1",8,5
"ACGCGAAGTCAGACGA-1",5,3
"ACGCGCTACACAGGGT-1",5,3
"ACGCGGGCCAAGGACA-1",8,5
"ACGCGTTTCTTAAGAG-1",3,8
"ACGCTACTGAATGGGC-1",1,1
"ACGCTAGTGATACACT-1",8,5
"ACGCTGTGAGGCGTAG-1",5,8
"ACGCTTAGTGTCTCTC-1",6,15
"ACGGAACACGAGTGCC-1",2,14
"ACGGAATTTAGCAAAT-1",8,5
"ACGGACGCAGCGACAA-1",1,1
"ACGGACTCTCAAAGCG-1",2,2
"ACGGAGCGCAAATTAC-1",7,7
"ACGGATGGTGCGGATA-1",3,8
"ACGGCACTTGCTTGGG-1",5,3
"ACGGCCAACATGGACT-1",3,8
"ACGGCGACGATGGGAA-1",5,3
"ACGGCGGGTTGCCCTG-1",8,5
"ACGGCTGGATGTAGAA-1",3,2
"ACGGGAGTGTCGGCCC-1",5,3
"ACGGGCGTATGCGACA-1",4,16
"ACGGGTCATGTGACTT-1",3,8
"ACGGTACAGTTCAATG-1",2,14
"ACGGTCACCGAGAACA-1",1,14
"ACGTACAGATTTCTCT-1",9,13
"ACGTACTTTGGCACGG-1",2,14
"ACGTAGATTGCTGATG-1",4,16
"ACGTAGGAGAGTCGCT-1",1,14
"ACGTATTACTCCGATC-1",5,3
"ACGTCCTAAACGAGAT-1",9,11
"ACGTCTCGTTCCGGGA-1",3,8
"ACGTGACAAAGTAAGT-1",3,2
"ACGTGCGCCTCGTGCA-1",7,7
"ACGTGGTCGAATGTGC-1",6,6
"ACGTTAATGTCGAAGA-1",8,5
"ACGTTAGATTTGCCCG-1",8,5
"ACGTTATTGGTCACTC-1",5,3
"ACGTTCCGCGCTCCGT-1",7,7
"ACGTTCGCAATCAATT-1",8,5
"ACGTTCGTTCAGGAAA-1",3,8
"ACGTTCTGTACAAGTC-1",2,14
"ACGTTTAGTTGTGATC-1",9,13
"ACGTTTCGGTGCACTT-1",1,1
"ACTAAGGACGCACACC-1",6,15
"ACTAATACGTCAGGCG-1",6,15
"ACTACATCCCGACAAG-1",1,2
"ACTACCAGCTCTCTGG-1",4,4
"ACTACCATCCGAGGGC-1",1,14
"ACTACGCGTTAGAATT-1",3,8
"ACTAGTTGCGATCGTC-1",3,8
"ACTATATGCTGTGTTC-1",9,13
"ACTATCCAGGGCATGG-1",5,3
"ACTATCTGCCCGCGTA-1",3,8
"ACTATGTCCAGCTGCC-1",2,2
"ACTATTCGTCCGTGGT-1",9,13
"ACTATTTCCGGGCCCA-1",3,8
"ACTCAACGAATGTATT-1",4,4
"ACTCAAGTGCAAGGCT-1",3,8
"ACTCAATAAAGGCACG-1",4,7
"ACTCAGACCTGCTTCT-1",4,4
"ACTCATGGCAGCCTTC-1",2,2
"ACTCCAATATCATCAT-1",3,2
"ACTCCCATTCCTAAAG-1",3,8
"ACTCCCGAATTCGTTT-1",8,5
"ACTCCCGTAGACTAGG-1",4,16
"ACTCCCTAATGCTAAA-1",3,8
"ACTCCCTAGAATAGTA-1",5,3
"ACTCCGGCCGACCACT-1",2,14
"ACTCGCCGTTCGATAA-1",2,14
"ACTCGCGATCTGACGC-1",5,3
"ACTCGTAACCCGTCCT-1",5,3
"ACTCGTCAGTAATCCC-1",8,5
"ACTCTCTGACTTAGGT-1",8,5
"ACTCTCTTATACACGA-1",6,15
"ACTCTGACCTAATAGA-1",2,14
"ACTCTTCAGCTCCCGC-1",8,5
"ACTCTTGTATAGTAAC-1",8,5
"ACTGAAACGCCGTTAG-1",3,8
"ACTGAATGGCGAAAGT-1",5,3
"ACTGATTTAGTGATTC-1",6,6
"ACTGCCCGCCATTCTC-1",2,2
"ACTGCCGTCGTAACTC-1",7,7
"ACTGCGGACACACCGT-1",5,3
"ACTGCTCGGAAGGATG-1",3,8
"ACTGGCGAACCTGCGT-1",6,6
"ACTGTACGATACACAT-1",4,16
"ACTGTAGCACTTTGGA-1",4,4
"ACTGTCCAGGATTATA-1",8,5
"ACTGTCTTCTTTAGAA-1",4,4
"ACTGTGCTAGTAGATC-1",8,5
"ACTGTTTAGTGTAGGC-1",9,13
"ACTTACCGGGCGCGCA-1",6,15
"ACTTACGCATCCACGC-1",3,8
"ACTTAGTACGACAAGA-1",8,5
"ACTTATACTTACCCGG-1",8,5
"ACTTATCTGATCTATA-1",8,9
"ACTTATTAGGATCGGT-1",8,5
"ACTTATTTATGTGCCA-1",5,3
"ACTTCAGGCTGATCCC-1",3,8
"ACTTCCATGCGGGACA-1",3,8
"ACTTCGCCATACGCAC-1",4,16
"ACTTCGCTAGCGAGTG-1",8,5
"ACTTGACTCCCTCTTT-1",8,5
"ACTTGCCATATTGTAC-1",7,7
"ACTTGGGACCCGGTGG-1",4,4
"ACTTGGGCTTTCGCCA-1",3,8
"ACTTGTAGTCCCTTCA-1",3,8
"ACTTGTGGATGGAACG-1",3,8
"ACTTGTTACCGGATCA-1",2,14
"ACTTTACCCTCATGAA-1",8,5
"ACTTTCCTATAGCTTC-1",4,4
"ACTTTGACTGCATCCT-1",3,8
"ACTTTGGTCGTGCTCC-1",3,2
"ACTTTGTCGACGCACT-1",2,2
"AGAAATTATGACTCGC-1",3,8
"AGAACCCAGCGTGACA-1",3,8
"AGAACGTGGTACATTC-1",4,16
"AGAACTGTACTTTGTA-1",1,14
"AGAAGGTACACTTCAC-1",3,8
"AGAAGGTTGCCGAATT-1",8,5
"AGAAGGTTGTAGGTCG-1",2,2
"AGAAGTGATTCGTGAT-1",5,3
"AGAATAAATCTTCAGG-1",5,8
"AGAATACAGGCTATCC-1",2,14
"AGAATGCGGGTTCGGA-1",6,6
"AGAATTATGGATTCGA-1",8,5
"AGAATTGTTTGACATA-1",8,5
"AGACAGCTCAGAATCC-1",5,3
"AGACAGGCATCTCAGC-1",2,2
"AGACATAGATCCTTCC-1",7,7
"AGACCAAACCACACCT-1",3,8
"AGACCATGGGATACAA-1",8,5
"AGACCCACCGCTGATC-1",5,3
"AGACCCGCCCTCCTCG-1",4,4
"AGACCGCTCCGCGGTT-1",3,8
"AGACCGGGAAACCCTG-1",5,3
"AGACGAAGTGCCGGTC-1",3,3
"AGACGACGATGCCGCT-1",3,8
"AGACGCCCACTTCGCC-1",2,2
"AGACGGGATTGGTATA-1",6,15
"AGACGGGCCGATTTAA-1",6,6
"AGACTAGCCTTCCAGA-1",4,4
"AGACTGTTACCGGGTC-1",3,2
"AGAGAAACACCAGAAA-1",2,2
"AGAGAACCGTCTAGGA-1",4,4
"AGAGAAGGAGTACAAT-1",3,8
"AGAGATCTCTAAAGCG-1",5,3
"AGAGCAGTTATGAGAC-1",5,3
"AGAGCCGCCGAGATTT-1",2,2
"AGAGCGCTTGTAACGG-1",4,16
"AGAGCGGGCTAATCAT-1",7,7
"AGAGCGTACAAGCTCG-1",8,5
"AGAGCTACGAAAGCAT-1",5,8
"AGAGGCTTCGGAAACC-1",3,8
"AGAGGGACAATTGTCC-1",6,6
"AGAGTAAACTTCACTA-1",5,3
"AGAGTATAGTGTTACG-1",8,5
"AGAGTTAGAGACCGAT-1",6,15
"AGAGTTGCAGGCCTCC-1",6,15
"AGATAACTTCAGGGCC-1",8,9
"AGATACCAATAGAACC-1",2,14
"AGATACCAGCACTTCA-1",7,7
"AGATACCGGTGTTCAC-1",5,3
"AGATACGACTTCATAT-1",4,4
"AGATACTCAAGATCGA-1",5,3
"AGATATAATACGACTA-1",2,2
"AGATCGTGCATAAGAT-1",7,12
"AGATCTCAGGTGTGAT-1",4,16
"AGATGACTCGCCCACG-1",7,7
"AGATGAGGGTTGCGAT-1",9,13
"AGATGATGGAGTCTGG-1",8,5
"AGATGCAAGACGTGCA-1",3,8
"AGATGCATCCTGTGTC-1",3,8
"AGATTATAGGACGTTT-1",8,5
"AGATTCAAGCGGGTCG-1",6,6
"AGATTCACAACCGATA-1",3,8
"AGCAAAGGCCGCTAGT-1",3,2
"AGCAACATATCTTATT-1",8,5
"AGCAACCGAAAGTAAT-1",3,8
"AGCACACGTTTAGACT-1",2,14
"AGCACCAGTACTCACG-1",4,4
"AGCACTACCGGCCTGT-1",5,3
"AGCACTACCTCACCAG-1",3,8
"AGCACTTAAGGACGCC-1",8,5
"AGCAGAAGGAGAAAGA-1",2,14
"AGCAGCCAGATGAATA-1",3,8
"AGCAGTCGAAGCATGC-1",2,2
"AGCATATCAATATGCT-1",3,8
"AGCATCATTTCGAAAG-1",3,8
"AGCATCGTCGATAATT-1",4,4
"AGCATTACGAGGCAAG-1",2,14
"AGCCAAGCTTTGTGTC-1",2,2
"AGCCACAGGTTACCCG-1",2,2
"AGCCACTCCCGTGCTT-1",4,7
"AGCCATATAGTATGTG-1",1,1
"AGCCCATACATGTAAG-1",5,3
"AGCCCGCAACAAGCAG-1",2,14
"AGCCCGCACTACAATG-1",1,14
"AGCCCGGCATTAGAGG-1",2,2
"AGCCCGGTAGCCTGTA-1",3,8
"AGCCCTAAGCGAAGTT-1",7,7
"AGCCCTCCCTGGTGGC-1",2,2
"AGCCCTGTCGCACCGT-1",5,3
"AGCCCTTCTAATCCGA-1",7,7
"AGCCCTTGGACATCCC-1",2,2
"AGCCGCAAATTCAAAT-1",3,10
"AGCCGTGGCTAAATGT-1",3,8
"AGCCTAATACCCACGT-1",3,8
"AGCCTTAAAGCGGAAG-1",5,3
"AGCGACAGGAACGGTC-1",5,3
"AGCGACATCCCATTCA-1",7,7
"AGCGACCAACGATATT-1",4,4
"AGCGAGACGTGAAGGC-1",2,14
"AGCGATGCGCCTAATA-1",2,14
"AGCGCATAATGAATCG-1",3,8
"AGCGCGGGTGCCAATG-1",4,4
"AGCGCTAGAGCGATGT-1",5,3
"AGCGCTTATGGGCAAG-1",6,15
"AGCGGACACTTCGTAG-1",2,2
"AGCGGCGGTTAGCGGT-1",3,8
"AGCGGGAAGGGTCCAT-1",4,4
"AGCGGGTCTGACACTC-1",2,14
"AGCGGTTGAGATGTAC-1",6,15
"AGCGGTTGCCGCTCTG-1",7,7
"AGCGTACGAGAGCTAG-1",8,9
"AGCGTAGCGCTAGACC-1",8,9
"AGCGTCTGAACCCGCA-1",4,4
"AGCGTGGTATTCTACT-1",5,3
"AGCGTTCCGATTTAAA-1",6,15
"AGCTAACAAGCAATGT-1",3,8
"AGCTAAGTACGCAGGC-1",2,2
"AGCTAGAAGCAGAAGT-1",7,12
"AGCTATTTAATCCAAC-1",7,13
"AGCTCCATATATGTTC-1",3,2
"AGCTCCTTCGCACATC-1",3,8
"AGCTCGTTGATGGAAA-1",7,12
"AGCTCTAGACGTTCCA-1",8,5
"AGCTCTTCCCAGTGCA-1",7,7
"AGCTCTTCGTAACCTT-1",5,3
"AGCTCTTTACTCAGTT-1",8,5
"AGCTGAAGTAAACCAA-1",7,7
"AGCTGTAACCTCAATC-1",3,8
"AGCTTCAATACTTTGA-1",6,15
"AGCTTCTTCTCGAGCA-1",1,14
"AGCTTGATCTTAACTT-1",5,3
"AGGAACGAACGACTTC-1",2,2
"AGGAAGCTGTCCGCCG-1",2,2
"AGGACAGTCGAATCCC-1",5,3
"AGGACATCGCACGTCG-1",4,4
"AGGACATCGGCACACT-1",2,14
"AGGACGACCCATTAGA-1",8,5
"AGGACGCTCGATGTTG-1",7,7
"AGGAGACATCCACAGT-1",4,16
"AGGAGAGTCTGGCTAC-1",8,5
"AGGAGGCCTTCGCGCG-1",3,8
"AGGATAAAGTCGGGAT-1",3,8
"AGGATATAGGGATTTA-1",5,3
"AGGATATCCGACTGCA-1",2,14
"AGGATCACGCGATCTG-1",3,8
"AGGATTGCTTACGACA-1",8,5
"AGGCAAAGAGGAATCA-1",4,4
"AGGCACGTGACTGTCC-1",2,2
"AGGCAGATGCGTAAAC-1",4,4
"AGGCAGGGAGCGTACT-1",3,8
"AGGCATTGTCGTAGGG-1",3,3
"AGGCCACATTGGTTAC-1",3,8
"AGGCCACCCGTTATGA-1",8,5
"AGGCCCAGTGACTGGT-1",3,8
"AGGCCCATTGTACAGG-1",7,7
"AGGCCCTAGAACGCCA-1",5,3
"AGGCCTGAGAATCTCG-1",3,2
"AGGCGATAACTGGCGT-1",2,2
"AGGCGGTTTGTCCCGC-1",3,8
"AGGCGTCTATGGACGG-1",7,13
"AGGCTATGGTTAGCTT-1",8,5
"AGGCTTAAGTTGCACA-1",2,2
"AGGCTTCCCGAAGAAG-1",5,3
"AGGCTTGCTAGACACC-1",5,3
"AGGGAAACGAGGTACT-1",9,13
"AGGGACCGGCTGCGTT-1",8,5
"AGGGACTCTACGCGAC-1",3,8
"AGGGAGACATACTTCG-1",8,5
"AGGGCAGCGGCGTGGT-1",9,15
"AGGGCCCTAATGTTCT-1",2,2
"AGGGCGAGCAGCTGAT-1",5,3
"AGGGCGTGATCGGCTA-1",4,4
"AGGGCTGCAGTTACAG-1",8,5
"AGGGTCAGAGCACTCG-1",2,14
"AGGGTCAGTAACCCTA-1",9,13
"AGGGTCGATGCGAACT-1",8,5
"AGGGTCTGGACGCAGT-1",1,14
"AGGGTGCCGTTCTTTA-1",2,2
"AGGGTGCTCTCGAGGG-1",8,5
"AGGGTGGATAGTGCAT-1",5,3
"AGGGTGTGCTACACGC-1",6,6
"AGGGTTCAGACGGTCC-1",2,14
"AGGGTTCCCTTTGGTT-1",4,16
"AGGGTTTAGTTCGGGA-1",4,4
"AGGTAACCTCCTATTC-1",4,4
"AGGTACGATATTGCCA-1",9,13
"AGGTAGATCGAGATAT-1",3,2
"AGGTAGGTACAAAGCT-1",8,5
"AGGTATAATTGATAGT-1",8,5
"AGGTATGCGGACATTA-1",5,3
"AGGTCAGGTGAGAGTG-1",5,3
"AGGTCGCCACTTCGGT-1",8,9
"AGGTCGCCTCCCAACA-1",2,2
"AGGTCGCGGAGTTACT-1",4,16
"AGGTGGTGACCTTCGC-1",2,2
"AGGTGTATCGCCATGA-1",5,3
"AGGTGTTGCCGACCAC-1",2,2
"AGGTTACACCATGCCG-1",5,3
"AGGTTGAGGCACGCTT-1",7,7
"AGGTTTCACACACCTT-1",8,5
"AGTAACGTTCATCCTG-1",6,15
"AGTAAGGGACAGAATC-1",2,2
"AGTAATCTAAGGGTGG-1",2,2
"AGTAATGTCTTGCCGC-1",7,7
"AGTACAGAAGCTTATA-1",2,14
"AGTACATCATTTATCA-1",8,5
"AGTACCTTCGAGTGCT-1",6,15
"AGTACGGCCCGTATCG-1",5,3
"AGTACGGGCACCTGGC-1",4,4
"AGTACGTGGCCTGTCT-1",6,15
"AGTACTCTTATGCCCA-1",3,8
"AGTAGCGTGAACGAAC-1",9,13
"AGTAGCTAGACGCCGA-1",6,6
"AGTAGGAAGGAAGTTG-1",7,7
"AGTAGGTAACATACAT-1",7,7
"AGTATAATACTAGGCA-1",8,5
"AGTATACACAGCGACA-1",2,2
"AGTATCCATAATAACG-1",8,9
"AGTATGCTGGAGACCA-1",3,8
"AGTATTTGGCACGACC-1",3,8
"AGTCAAATGATGTGAT-1",2,2
"AGTCAACACCACCATC-1",8,5
"AGTCAAGATGACACTT-1",5,3
"AGTCACTAGCTCTCGA-1",3,8
"AGTCACTCCGCCTCAT-1",8,5
"AGTCAGCCACCGCCTG-1",8,5
"AGTCCAGCGGGTACGT-1",5,9
"AGTCCATTGGCTGATG-1",5,3
"AGTCCCGCCTTTAATT-1",7,7
"AGTCCCTCGCAGAAAG-1",4,16
"AGTCGACGGTCTCAAG-1",8,5
"AGTCGGCCCAAACGAC-1",4,4
"AGTCGGCTCAACTTTA-1",5,3
"AGTCGGTTGCGTGAGA-1",5,3
"AGTCGTATAAAGCAGA-1",2,2
"AGTCGTCGACCACCAA-1",3,8
"AGTCGTGGGCATTACG-1",5,3
"AGTCTAAAGTATACTC-1",8,5
"AGTCTCACAAGACTAC-1",3,8
"AGTCTGGACATCCTTG-1",5,3
"AGTCTTCTCCTCAAAT-1",4,12
"AGTCTTTAAAGTGTCC-1",1,1
"AGTGAACAAACTTCTC-1",5,3
"AGTGAAGATGGTGTCC-1",4,16
"AGTGACCTACTTTACG-1",8,5
"AGTGACTGTGACACAA-1",2,2
"AGTGAGACTTCCAGTA-1",8,5
"AGTGAGCCTCGCCGCC-1",8,5
"AGTGAGGGTTTCTGAC-1",6,15
"AGTGAGTCGAATTAAC-1",2,14
"AGTGATAACCTGCGCG-1",3,8
"AGTGATATGAGTAGTT-1",5,3
"AGTGATTCAAGCAGGA-1",8,5
"AGTGCACGCTTAAGAA-1",3,8
"AGTGCGTAGCTCGTAA-1",5,3
"AGTGCTAAACACAGCA-1",1,2
"AGTGCTTGCACGAATA-1",8,5
"AGTGGCCCGCAAATGG-1",2,14
"AGTGGCGGCAATTTGA-1",4,4
"AGTGGCGTCTGAAGGT-1",3,2
"AGTGGCTCCGTCGGCC-1",3,8
"AGTGGTGTTACCCGTG-1",3,8
"AGTGGTTGCGTATAGG-1",3,8
"AGTGTATTGCGCATTG-1",7,7
"AGTGTGCTAAGATCGC-1",3,8
"AGTGTGGTCTATTGTG-1",8,5
"AGTTAAACACTTGCGA-1",8,5
"AGTTAAGCGGTCCCGG-1",9,13
"AGTTAAGTCAACCGCT-1",3,8
"AGTTACCCTTAAGACT-1",3,8
"AGTTACCGCACATGGT-1",5,3
"AGTTACTCTATCGTGG-1",9,13
"AGTTATTCAGACTGTG-1",2,2
"AGTTATTGAAAGGTAA-1",9,15
"AGTTCCTACAGAATTA-1",4,4
"AGTTCCTATTTATGTT-1",5,3
"AGTTCTGCGTTGTATC-1",5,8
"AGTTGACATCGGCTGG-1",8,5
"AGTTGACGGTCCTTGC-1",2,14
"AGTTGCTGACTGATAT-1",5,3
"AGTTTATGTAAAGACA-1",4,16
"AGTTTCGCAGGTCGGA-1",9,13
"AGTTTGCACCTGCCTC-1",3,8
"AGTTTGGCACGGGTTG-1",5,3
"AGTTTGGCCAGACCTA-1",5,3
"ATAAACCATTGGACGG-1",7,7
"ATAAACGGACCCGTAA-1",5,3
"ATAAACGTTGCACCAC-1",3,2
"ATAAAGGCTCGGTCGT-1",8,5
"ATAAAGGTCAAGTACG-1",9,15
"ATAAATATTAGCAGCT-1",5,3
"ATAACGCCGGAGGGTC-1",8,5
"ATAACGGAGTCCAACG-1",4,4
"ATAACGTTACCTCCAC-1",6,6
"ATAAGCAAACACCGAG-1",6,6
"ATAAGGTGGAGAACAT-1",5,3
"ATAAGTACCCGATTGT-1",6,6
"ATAAGTAGGATTCAGA-1",8,5
"ATAAGTAGGGCGACTC-1",8,5
"ATAAGTTACCGCGACG-1",5,3
"ATAATACCGTTAGCCG-1",5,3
"ATAATAGCTGTTGAAT-1",5,3
"ATAATAGTGTAGGGAC-1",8,5
"ATAATCTTGGAGAACC-1",3,2
"ATAATTAGCTAAGTAG-1",2,2
"ATACAGGCCCTCCAAT-1",3,8
"ATACCACGGGCAACTT-1",5,5
"ATACCAGCAAATTGCT-1",9,13
"ATACCAGGCTAATAGA-1",7,7
"ATACCAGGTGAGCGAT-1",7,7
"ATACCGTCATCCATAA-1",9,13
"ATACCTAACCAAGAAA-1",3,8
"ATACGAAGGCTTTCCA-1",5,3
"ATACGCCGATCTACCG-1",8,9
"ATACGCCGGCGAAACC-1",8,5
"ATACGGAACGTCGTTT-1",3,8
"ATACGGGTTTCGATTG-1",7,7
"ATACGGTGAAGATGCA-1",5,3
"ATACGTACTTAGCCAC-1",3,8
"ATACGTCCACTCCTGT-1",5,3
"ATACGTTATGCACGGA-1",2,2
"ATACTACCCGTACCAC-1",2,2
"ATACTAGCATGACCCT-1",7,7
"ATACTGCCTTACACCG-1",3,8
"ATACTTGTTCTCGAGC-1",5,3
"ATAGACAACGGGACCT-1",4,16
"ATAGACGAAGAGAAAG-1",8,5
"ATAGAGTACTGGGACA-1",4,4
"ATAGAGTTATCAACTT-1",4,4
"ATAGATTTGCAGTCGG-1",9,13
"ATAGCAACTAGGGAAG-1",2,2
"ATAGCCATAACAGTCA-1",2,14
"ATAGCCTCAGTACCCA-1",5,3
"ATAGGAATCTAAGCTT-1",6,6
"ATAGGCGGCTATAGAA-1",5,3
"ATAGGCTAGCTTCGCA-1",4,4
"ATAGGGATATCCTTGA-1",7,7
"ATAGGTTGGGCAGATG-1",4,4
"ATAGTCTTTGACGTGC-1",9,13
"ATAGTGAAGCGTTCTC-1",8,5
"ATAGTTCCACCCACTC-1",8,5
"ATATAAAGCGCTCGTG-1",3,8
"ATATAAATGTAGCTGC-1",3,8
"ATATAACACGGGCGCA-1",2,14
"ATATACGCTCGTGACG-1",2,14
"ATATAGAGTATTGGTC-1",2,2
"ATATCAACCTACAGAG-1",5,3
"ATATCAATTCCAGCCT-1",3,2
"ATATCGGTAGGGAGAT-1",5,3
"ATATCGTGCCAGACCC-1",6,6
"ATATCGTTCCTCGAAC-1",3,8
"ATATCTCCCTCGTTAA-1",7,7
"ATATCTTAGGGCCTTC-1",8,5
"ATATGTCTAGAGCGTG-1",2,14
"ATATGTCTCCCTAGCC-1",8,5
"ATATGTGCACAAACCA-1",6,13
"ATATTCAGTTAAACCT-1",5,3
"ATATTCCACATAGTGA-1",3,8
"ATATTCCCACAGGTCA-1",9,13
"ATATTGCTGTCAAAGT-1",8,5
"ATATTGGAGAGGCCTT-1",2,2
"ATATTTAACCCTCAAG-1",4,4
"ATCAAACACTGTTCCA-1",5,3
"ATCAAACGAAGGTTTG-1",5,3
"ATCAAAGAGCCGTGGT-1",2,2
"ATCAATCTGGGCTGCA-1",4,4
"ATCAATGCCGTGGCTG-1",3,2
"ATCACATTAGAATATC-1",7,7
"ATCACGTGCTAATTAA-1",5,3
"ATCACTTCATCCTCGC-1",7,7
"ATCAGACGGCACGCCG-1",5,3
"ATCAGCCTCATGCTGC-1",3,8
"ATCAGCTCGTCCACTA-1",3,8
"ATCAGGTAGCTGACAG-1",8,5
"ATCAGGTCGCCATTGC-1",6,15
"ATCAGTAGGCAGGGAT-1",7,7
"ATCATAGCCCTATGTA-1",2,14
"ATCATCCAATATTTGT-1",8,5
"ATCATCTGCCCAGTGT-1",6,15
"ATCATGGACTACCGAC-1",3,8
"ATCCAACGCAGTCATA-1",4,5
"ATCCAATGGAGGGTCC-1",5,3
"ATCCAATGGTACCGAA-1",3,8
"ATCCACATCGACAGAA-1",2,2
"ATCCACGCTAAATGTT-1",6,6
"ATCCACTTTCAGACTA-1",6,6
"ATCCAGAGCAACAACC-1",5,3
"ATCCAGGATTCGTGAA-1",8,5
"ATCCCATCCACAGCGC-1",3,2
"ATCCGGACCAGCCTGA-1",2,14
"ATCCTACCTAAGCTCT-1",8,5
"ATCCTGAATCGCTGCG-1",5,3
"ATCCTGCGTGGAATGG-1",5,3
"ATCCTTCTGAAAGAAC-1",3,8
"ATCGACCCAATACAGA-1",8,5
"ATCGACTCTTTCCGTT-1",7,7
"ATCGCACGATTGTTCA-1",5,10
"ATCGCACGCCGGGAGA-1",4,4
"ATCGCCAGTCAACATT-1",5,3
"ATCGCCGTGGTTCATG-1",1,1
"ATCGCTGCGTGCAGCA-1",4,16
"ATCGCTTTACGTCTCA-1",8,5
"ATCGGAGACAGACGGC-1",5,3
"ATCGGCAAGCAGTCCA-1",7,7
"ATCGGTTACCTAGTAA-1",3,8
"ATCGTATTCCGAGAAC-1",3,8
"ATCGTCCAATCGAGTC-1",3,8
"ATCGTGGAAAGTCTGG-1",2,2
"ATCGTTAGCTAGCGGA-1",3,8
"ATCGTTCACTTTCGCC-1",6,15
"ATCTAATATCCTACGG-1",3,8
"ATCTACCATCTGCTCC-1",2,14
"ATCTAGCTTGTGAGGG-1",2,14
"ATCTCCCACGGAATAT-1",2,2
"ATCTCCCTGCAATCTA-1",7,13
"ATCTCGTGAGCGAAAC-1",3,8
"ATCTGACATGGAAGGA-1",2,2
"ATCTGCACCTCTGCGA-1",8,5
"ATCTGCTGTTATCGCC-1",2,2
"ATCTGGGCTGTTCTTG-1",2,2
"ATCTGGTTAAGACTGT-1",4,4
"ATCTGTAATTGTACCC-1",7,7
"ATCTTAGGGCATTAAT-1",2,14
"ATCTTATCGCACACCC-1",2,14
"ATCTTGACCTGCAACG-1",4,4
"ATCTTGACTTGTCCAA-1",8,5
"ATCTTTCGTATAACCA-1",8,5
"ATGAAGCCAAGGAGCC-1",4,4
"ATGAAGTGGACCCAGC-1",3,8
"ATGACGCCGGCTCTAA-1",7,7
"ATGACGCGTTCTATCC-1",3,3
"ATGACTATCAGCTGTG-1",2,2
"ATGACTATGCGACATT-1",5,3
"ATGAGGAGTGTTAATC-1",8,5
"ATGAGGGCAGCGGCTA-1",5,3
"ATGATCGGGAATAGAC-1",7,13
"ATGATGCAATGGTACA-1",8,5
"ATGCACGCGCTGTTCA-1",3,8
"ATGCACTACCGCATTG-1",4,4
"ATGCATGATCCAGGAT-1",4,12
"ATGCCAATCGCTCTGC-1",9,13
"ATGCCATTTGCGACCA-1",8,5
"ATGCCGGTCTTGCATA-1",4,16
"ATGCCGGTTGATGGGA-1",7,7
"ATGCGACAATTGGTCC-1",9,13
"ATGCGACAGTCCCATT-1",8,5
"ATGCGAGTCCCACCAC-1",5,3
"ATGCTCAGTGTTGCAT-1",8,5
"ATGCTCTGGCGCGGTA-1",3,2
"ATGCTTAGGAGTTGAT-1",2,2
"ATGGAAATTTAAGGAG-1",3,8
"ATGGAACAGAATAAAC-1",6,6
"ATGGAACCTTTGCACA-1",5,3
"ATGGAGCAGGCCGTGA-1",8,5
"ATGGATCCGGCGTCCG-1",7,7
"ATGGATTGACCAAACG-1",4,16
"ATGGCAGCATTACGAT-1",2,2
"ATGGCAGCCGAGAAAC-1",3,8
"ATGGCCCGAAAGGTTA-1",1,1
"ATGGCGGAATAGTCGC-1",8,5
"ATGGCTGGAAATGGCC-1",9,15
"ATGGGAACGGAAGCGG-1",6,6
"ATGGGACCTGCTGAAC-1",3,8
"ATGGGCCTCGGCCTCT-1",5,3
"ATGGGTGTATACCTCC-1",2,2
"ATGGTATTGGGAACCG-1",2,14
"ATGGTATTTACTGATT-1",2,10
"ATGGTCGCGTGGTTTC-1",5,3
"ATGGTGCTCAAAGCCA-1",9,11
"ATGGTTACGAAACATG-1",6,6
"ATGTAAGGCTGCTCTT-1",8,5
"ATGTACATGCGGTGAG-1",2,14
"ATGTACGATGACGTCG-1",2,14
"ATGTCATAATAAACGA-1",2,2
"ATGTCATTTCCCATTG-1",5,8
"ATGTCTTGTTTGACTC-1",1,14
"ATGTGAAAGCCTAATG-1",5,3
"ATGTGCATCCGACGCA-1",4,7
"ATGTGGACATCTTGAT-1",5,3
"ATGTGTAGTTTAGTCA-1",7,13
"ATGTTACGAGCAATAC-1",8,5
"ATGTTCCTGCCCACCT-1",3,8
"ATGTTCGTCGACCCAC-1",5,3
"ATGTTGATTAGAGACT-1",1,1
"ATGTTGTAGTCTGTTT-1",2,14
"ATGTTTCGGCCCGGAG-1",8,5
"ATGTTTGTAAGATCAT-1",6,6
"ATTAAACATGCGGACC-1",8,5
"ATTAACACCTGAGATA-1",5,10
"ATTAATACTACGCGGG-1",7,7
"ATTAATGAACCAGTCG-1",7,7
"ATTAATTCGGTCACTC-1",7,13
"ATTACAACTACCGGCC-1",9,15
"ATTACATGTCAGTCTT-1",3,3
"ATTACCACACTGCCTG-1",3,8
"ATTACGACTCCACAGT-1",7,16
"ATTACGCGCTGGCAGG-1",5,3
"ATTACTAGCCTCTTGC-1",4,4
"ATTACTTACTGGGCAT-1",7,12
"ATTAGATTCCTCAGCA-1",4,16
"ATTAGATTGATAGCGG-1",7,7
"ATTAGGCGATGCTTTC-1",8,5
"ATTATACTTTGCTCGT-1",7,7
"ATTATAGCTACTTTAC-1",8,5
"ATTATCTCGACAGATC-1",9,13
"ATTATGAGACCCAATT-1",2,14
"ATTATGCCATAGGGAG-1",4,4
"ATTATGCTCAGTATTG-1",6,6
"ATTATTATGTCCGTCA-1",3,1
"ATTATTCAGAGTCACT-1",1,14
"ATTCAACCATTTAAGG-1",3,8
"ATTCACTGATGTTGGA-1",3,8
"ATTCAGGACCTATTTC-1",7,7
"ATTCAGGATCGCCTCT-1",6,15
"ATTCAGTAGCAGGGTC-1",8,5
"ATTCATATACTGTCCA-1",5,3
"ATTCATCGTTGAGGCA-1",3,8
"ATTCCCACATAAACAA-1",8,5
"ATTCCTAAGACGTGGA-1",9,13
"ATTCCTCCGCCAGTGC-1",4,4
"ATTCCTTCCAGGCGGT-1",8,5
"ATTCGACGCCGGGCCT-1",5,3
"ATTCGCAGAGGACACT-1",6,6
"ATTCGCGCCTTGAGAG-1",2,14
"ATTCGTGCTATCTCTT-1",5,3
"ATTCGTGTACCCATTC-1",2,2
"ATTCGTTTATCGTATT-1",2,2
"ATTCTCGTCTCTTTAG-1",7,7
"ATTCTGAGTATGAACT-1",6,15
"ATTCTTCGTACTTATG-1",6,15
"ATTGAAGATCTTAGTG-1",8,4
"ATTGACCGGCGATGAC-1",4,16
"ATTGACGTAACTCGGT-1",9,15
"ATTGATAGCAACGAGA-1",8,5
"ATTGATCACCACATTT-1",3,8
"ATTGATGAGTCCTAAC-1",8,5
"ATTGCCTATTAGACCG-1",2,2
"ATTGCCTTTATGTTTG-1",2,2
"ATTGCGATCAGTAACT-1",3,8
"ATTGCTGCTCCTCCAT-1",8,5
"ATTGGATTACAGCGTA-1",3,8
"ATTGGGAATATCTTGG-1",7,7
"ATTGGGAGTTCTGTAA-1",6,6
"ATTGTACAACTCGGCT-1",8,5
"ATTGTCGCAATACCTT-1",9,13
"ATTGTGACTTCGCTGC-1",6,6
"ATTGTTCAACGATCCG-1",2,2
"ATTTAACTCGTATTAC-1",7,7
"ATTTACAGTTTACTGG-1",8,5
"ATTTACTAAGTCCATT-1",8,5
"ATTTATACTGGTAAAG-1",2,2
"ATTTCATTATTTCGCG-1",9,13
"ATTTCCGGGTTCTGCG-1",3,8
"ATTTGCCTAGTTACGA-1",9,13
"ATTTGCGCGAGTAGCT-1",3,8
"ATTTGTCTTGGGAGCT-1",8,5
"ATTTGTTCCAGGGCTC-1",7,7
"CAAACCATAAGCGTAT-1",3,2
"CAAACCCTCCGGCGGG-1",1,1
"CAAACGAGTATCGCAG-1",5,3
"CAAACGGTCGCACTTT-1",8,5
"CAAACGTGGTCTTGCG-1",6,6
"CAAACTACGATAGAGA-1",9,13
"CAAACTATTGAGCTTC-1",9,13
"CAAACTCGCGACGCCG-1",5,3
"CAAAGATTATTGGGCC-1",3,8
"CAAAGGTCATCTGAAA-1",3,8
"CAAAGGTTAAATTCAG-1",6,6
"CAAAGTCAGGTTAGCT-1",3,8
"CAAATCTCTCACAAGG-1",5,3
"CAAATGCGGAGTGTTC-1",9,11
"CAAATGTCCTTCCGTG-1",5,5
"CAAATTGGATTATGCC-1",4,16
"CAAATTGTCAGCAAGC-1",9,13
"CAACACATCTCCTGCC-1",8,5
"CAACAGAATAACGCTA-1",6,15
"CAACAGTGCCAAACGG-1",9,13
"CAACCAGTGGCCTACC-1",2,14
"CAACCTACCGAGCAGT-1",2,2
"CAACCTGAACCTGCCA-1",4,16
"CAACGACCCGTTTACA-1",4,4
"CAACGATCGATCCAAT-1",1,14
"CAACGGTTCTTGATAC-1",4,4
"CAACGTGGTGGAGTCT-1",2,2
"CAACTATATCGAATGC-1",9,13
"CAACTCCAACGTTTAG-1",9,15
"CAACTCCGTAACTTGC-1",6,15
"CAACTCCTTGATCCCG-1",4,4
"CAACTGAGGGTATGAC-1",6,15
"CAACTGCTCATCCGAT-1",3,8
"CAACTTGTAGTGGGCA-1",4,4
"CAAGAAACCCTAAACT-1",6,6
"CAAGACTCAGAAGCGC-1",8,5
"CAAGAGGGCGGAGTAC-1",5,3
"CAAGATATTATAACGT-1",5,3
"CAAGCAACGTCGGAGT-1",8,5
"CAAGCACCAAATGCCT-1",7,7
"CAAGCGGCACATAATT-1",3,8
"CAAGGATCGCATGTTC-1",8,5
"CAAGGCCAGTGGTGCA-1",2,14
"CAAGGTCCTATAGGCT-1",8,5
"CAAGTGAACTTTGGTT-1",7,7
"CAAGTGTGGTTGCAAA-1",8,5
"CAATAAACCTTGGCCC-1",4,16
"CAATACGAGAGTCTGA-1",5,3
"CAATACGCTCTGAGGC-1",3,8
"CAATATGTAGATTTAC-1",6,6
"CAATATTCTTGACCTA-1",3,8
"CAATATTGGACTAGTG-1",5,8
"CAATCCCTATACCAGC-1",9,13
"CAATCCTGCCGTGGAG-1",8,5
"CAATGACCCTTAATTT-1",2,14
"CAATGAGGTTCGACTA-1",8,5
"CAATGCGAGAAGTATC-1",3,8
"CAATGGAATCTACATA-1",9,15
"CAATGGATCTCTACCA-1",4,16
"CAATGGTCGGCCTGGG-1",7,7
"CAATGTGCCAACCCTT-1",5,3
"CAATTAAGGGTGATGA-1",4,4
"CAATTGGGCCGCACTC-1",3,2
"CAATTTCGTATAAGGG-1",8,5
"CAATTTGACCGGGAAG-1",3,8
"CACAAACCGCAGAACT-1",1,14
"CACAAGAAAGATATTA-1",9,13
"CACAAGCTAAGAAAGG-1",2,2
"CACAATGAGCTGCTAT-1",8,5
"CACACACGCTAACGAG-1",3,8
"CACACAGCTTGCGCTC-1",3,3
"CACACAGGGATAGATT-1",8,5
"CACACGCGCTGTCTTA-1",8,5
"CACACGTTTCAATGGG-1",6,15
"CACACTTGTATTGCGA-1",6,6
"CACAGAGACGAGGACG-1",2,2
"CACAGCACCCACGGCA-1",4,4
"CACAGCTAGGGAGTGA-1",7,7
"CACAGGGCCATATAGT-1",3,8
"CACAGGGCCGTTGTCA-1",2,2
"CACAGTCCCGCTTCGC-1",2,14
"CACAGTTCGCTTCCCA-1",3,2
"CACATAAGGCGACCGT-1",8,9
"CACATATTAGCAGGAT-1",5,3
"CACATCGTGCACGCGC-1",3,8
"CACATCTCACCGACGA-1",3,8
"CACATGATTCAGCAAC-1",8,5
"CACATGTTTGGACATG-1",5,8
"CACATTCTTTCGATGG-1",7,7
"CACATTTCTTGTCAGA-1",5,3
"CACCAATCATCCGTCT-1",3,2
"CACCACGCCACACAGA-1",3,8
"CACCAGTCAGCATGCA-1",3,2
"CACCATCGGAGGAGAC-1",9,13
"CACCATGATCGCAAAG-1",6,13
"CACCCAAATCTTATGT-1",8,5
"CACCCACACGTCACCC-1",4,4
"CACCCACGAGGCAATT-1",7,7
"CACCCGCGTTTGACAC-1",1,1
"CACCCGGTTTGTGACT-1",3,8
"CACCCTAACAAGATCT-1",3,8
"CACCCTTGGTGAGACC-1",3,8
"CACCCTTTCCTCGCTC-1",4,4
"CACCGATACACCGAGC-1",9,15
"CACCGATGATGGGTAC-1",1,1
"CACCGCCAGAAGGTTT-1",4,4
"CACCGCCGACCAGCGA-1",9,13
"CACCGCGTCCACTCTA-1",7,7
"CACCGGAGATATCTCC-1",6,15
"CACCGGGCATCACAAG-1",2,14
"CACCGGTAGAGACATT-1",2,2
"CACCGTATCCCATCCG-1",3,8
"CACCGTTAGGGATCAC-1",3,8
"CACCGTTGCGCGATAT-1",5,3
"CACCTAATAGAGTCGT-1",8,5
"CACCTAATCAGTTTAC-1",7,7
"CACCTCGATGGTGGAC-1",7,7
"CACCTTGCGAAACTCG-1",4,4
"CACCTTGGCGCCTTTG-1",5,3
"CACGAAAGTTAGTCCC-1",8,5
"CACGACCACAGACTTT-1",6,15
"CACGACGTAATAGTAA-1",6,6
"CACGAGCAAACCAGAC-1",1,1
"CACGATTGGTCGTTAA-1",7,7
"CACGCACAGCGCAGCT-1",4,7
"CACGCAGCGAGGCTTT-1",8,5
"CACGCGGAACTGTTGC-1",5,3
"CACGGACGTGGATGGC-1",4,16
"CACGGCGCGCCAAAGG-1",9,13
"CACGGGATTGAGGGTT-1",5,3
"CACGTCAATCAATGGA-1",2,2
"CACGTCGGCAACCTCT-1",5,3
"CACGTCTATGATGTGG-1",6,15
"CACGTTCGTGCTCTAG-1",8,5
"CACGTTTCGTACACAC-1",3,8
"CACTAAAGTTGCCTAT-1",8,5
"CACTACGGGAGCTGCC-1",2,2
"CACTACTCAGTTCTGT-1",9,15
"CACTCAAGAGCTATGG-1",8,5
"CACTCAGCTCTTGAGG-1",9,13
"CACTCCTATGTAAGAT-1",3,8
"CACTCCTCTCGGTCGG-1",9,13
"CACTCGAGCTGAACAA-1",5,3
"CACTCGGTTAGGAGGA-1",5,3
"CACTCTCAAGCATCGA-1",2,14
"CACTCTTCTGCTAGCC-1",3,2
"CACTGACGATTGTGGA-1",2,14
"CACTGTCCAAGTGAGA-1",4,4
"CACTTAATCAGACGGA-1",8,5
"CACTTCGCCACAGGCT-1",8,5
"CAGAACTTAGCCCTCT-1",3,8
"CAGAATAACACACGGA-1",3,8
"CAGAATATTCGTTATC-1",3,8
"CAGACACCGATCGCTG-1",5,3
"CAGACCTGTAAGTGTT-1",8,5
"CAGACGAACCTGATAC-1",5,3
"CAGAGACGGTCACCCA-1",5,3
"CAGAGCATGAGCTTGC-1",4,12
"CAGAGCGATGGATGCT-1",1,14
"CAGAGGCGATGCATGA-1",3,8
"CAGAGTGATTTAACGT-1",9,13
"CAGATAATGGGCGGGT-1",2,14
"CAGATACTAACATAGT-1",4,4
"CAGATATGAAGATGAC-1",2,14
"CAGATCATTTAAAGTC-1",4,16
"CAGATCCTGGTTTGAA-1",3,8
"CAGCAGCCCGTTCCTT-1",4,16
"CAGCAGTCCAGACTAT-1",3,8
"CAGCAGTCTGTGCTGC-1",2,2
"CAGCCCTCACAGGCAG-1",9,13
"CAGCCGGGCCCTCTAT-1",9,15
"CAGCCTCCTGCAGAGG-1",4,4
"CAGCCTCGATAGCGGT-1",2,2
"CAGCCTCTCCTCAAGA-1",9,7
"CAGCGATTCCCTTCAA-1",3,8
"CAGCGCCAACACGATA-1",3,8
"CAGCTCACTGAGACAT-1",4,4
"CAGCTCGACAAGTTAA-1",4,16
"CAGCTCGTGCTTGTGT-1",4,4
"CAGCTCTGGGCTCACT-1",1,14
"CAGCTGGCGTAACCGT-1",5,3
"CAGCTTAGTAGGTAGC-1",8,5
"CAGGAAGACTTTATAT-1",9,13
"CAGGACAGCTGCCCTT-1",8,5
"CAGGATATATCGTTGT-1",5,5
"CAGGATCCGCCCGACC-1",7,7
"CAGGCAGTCTTACCAG-1",2,2
"CAGGCCAGTACCACCT-1",1,14
"CAGGCCGTTTGGGTGT-1",8,5
"CAGGCGCACGGTGGTC-1",3,8
"CAGGCGCCATGCTAGG-1",5,3
"CAGGTTTAGTACTACA-1",6,15
"CAGTAACTATTTATTG-1",7,7
"CAGTAATCCCTCCCAG-1",8,5
"CAGTACATTCTCTAAA-1",7,7
"CAGTACCAGTTTACGT-1",3,8
"CAGTAGCCCACGCGGT-1",4,4
"CAGTAGCGAGGTAGTA-1",8,9
"CAGTCCAACGCCTTCT-1",6,6
"CAGTCGAGGATGCAAT-1",4,4
"CAGTCGGCCTAGATAT-1",3,10
"CAGTCTCTCGGCTAAT-1",8,5
"CAGTCTGTATACTGGG-1",8,5
"CAGTGAATAAATGACT-1",4,4
"CAGTGGTTGCACATGA-1",8,5
"CAGTGTCCGCAGAATG-1",4,4
"CAGTGTCGGCTGGCCC-1",3,8
"CAGTGTTAATCTCTCA-1",1,1
"CAGTTCAAATTGACAC-1",4,4
"CAGTTCCGCGGGTCGA-1",8,5
"CAGTTCGAGGACCCGA-1",2,14
"CATAACGGACAGTCGT-1",8,5
"CATAAGAAGCTTGGCT-1",3,8
"CATAAGCTCTCCGTCT-1",3,8
"CATACAAAGCCGAACC-1",4,4
"CATACACGGTTCCCAC-1",3,10
"CATACCCGTACCCAGT-1",5,5
"CATACGAACTAGCTGG-1",2,2
"CATACGGCGTCTGGGC-1",8,5
"CATACGGGTGCATGAT-1",5,8
"CATACTATGTAATTGT-1",8,5
"CATACTTAGGCAATAC-1",5,3
"CATAGAGGAGATACTA-1",2,14
"CATAGCCGCCCGGGAT-1",8,5
"CATAGCGTTGCCCACC-1",3,8
"CATAGTACATTGAGAG-1",9,13
"CATAGTAGCATAGTAG-1",4,4
"CATAGTCAAATACATA-1",2,14
"CATAGTCCACAAGAAC-1",5,3
"CATAGTGGGCACGCCT-1",1,14
"CATATACTACTGATAA-1",7,7
"CATATAGGTACAGTCA-1",8,5
"CATATGTCAGGCTACG-1",5,3
"CATATTATTTGCCCTA-1",9,13
"CATCAAACTGGCGCCC-1",7,13
"CATCAACACCTACTAA-1",3,8
"CATCATCTACCCGGAC-1",9,13
"CATCATTACCCTGAGG-1",3,8
"CATCCAATATAGTTTG-1",2,2
"CATCCGCAGGCCCGAA-1",5,3
"CATCCTCTCAAAGATC-1",3,8
"CATCGAATGGATCTCT-1",5,9
"CATCGCCCGCGGCCAA-1",4,16
"CATCGGACGGGTTAAT-1",8,5
"CATCGTCCGGTTACTA-1",5,3
"CATCTACCCGAGAACG-1",6,6
"CATCTAGTGAAGGGAA-1",5,3
"CATCTATCCCGTGTCT-1",7,7
"CATCTGCAGGATCATT-1",3,8
"CATCTTACACCACCTC-1",8,5
"CATGAACCGACATTTG-1",4,4
"CATGAACCTCTTATCA-1",9,13
"CATGACTTCGCTGAAT-1",5,3
"CATGAGATGCACTCTC-1",3,8
"CATGATACGGTGAAAC-1",3,8
"CATGATCGCTTTGAGA-1",2,14
"CATGATGCACAATTCT-1",7,7
"CATGATGGAAGTTAGC-1",5,3
"CATGCACATGAGAGGC-1",1,1
"CATGCACGTGTTACTG-1",6,15
"CATGCATGGAGACCCT-1",9,13
"CATGCCAACTCGCAAA-1",5,3
"CATGCGACCAGTTTAA-1",4,4
"CATGCGTTAGACAGAA-1",7,7
"CATGCTGGCTCCAATT-1",9,13
"CATGGAAATGGGACCA-1",6,6
"CATGGATTGTCTTCCG-1",3,8
"CATGGCAGGAAGATCG-1",7,7
"CATGGGTATGCCTTAT-1",3,8
"CATGGGTCGGGTGTGG-1",7,7
"CATGGTAAGTAGCGTT-1",5,3
"CATGGTCTAGATACCG-1",4,12
"CATGGTTTATTAATCA-1",1,14
"CATGTAAGAGACATTT-1",3,8
"CATGTAGGAGCGCCAA-1",9,13
"CATGTCTCATTTATGG-1",5,3
"CATGTGGGCTCATCAC-1",2,2
"CATTACATAGATTGTG-1",8,5
"CATTACGCAGGAAGGG-1",2,14
"CATTACGTCGGCCCGT-1",7,7
"CATTATAACAGGGTCC-1",9,13
"CATTATCCCATTAACG-1",2,2
"CATTATGCTTGTTGTG-1",4,4
"CATTCACTGACAGCTA-1",9,13
"CATTCAGGTCAGTGCG-1",5,9
"CATTCCCATTCCGTCG-1",8,5
"CATTCCCTAAGTACAA-1",3,8
"CATTCGTCGTAGCGGT-1",2,2
"CATTGATGAACACGCC-1",4,16
"CATTGCAAAGCATAAT-1",6,15
"CATTGCGAAATGGGCG-1",5,3
"CATTGCGGGTCAATTC-1",4,16
"CATTGTGTGCTAGATC-1",3,8
"CATTTAGCGGACCATG-1",4,4
"CATTTATCGTTCAAGA-1",6,15
"CATTTCTAGCAGACTA-1",8,5
"CATTTGAGTGGTACGT-1",5,3
"CCAAACAGAACCCTCG-1",4,4
"CCAAAGCAGTTGGTTG-1",3,8
"CCAAAGTCCCGCTAAC-1",4,4
"CCAAATAACAAGATTC-1",3,8
"CCAAATCAAAGGGCAA-1",1,1
"CCAACCTTATGTAACT-1",2,14
"CCAACGATGCACTGAT-1",8,5
"CCAACGCTTGCCAGGG-1",6,15
"CCAACTTGATAGATCC-1",3,8
"CCAAGAAAGTGGGCGA-1",5,3
"CCAAGACTTCTGCGAA-1",7,7
"CCAAGCGTAACTCGTA-1",4,16
"CCAAGGAACAGAGAGG-1",7,7
"CCAAGTTTCTACAGAT-1",3,8
"CCAATAGTGCCGTCGA-1",8,5
"CCAATCGGTAGATCGA-1",9,13
"CCAATGTCACAGCAAG-1",8,5
"CCAATTACGGGTCGAG-1",7,7
"CCAATTGAATGTTAAT-1",4,4
"CCACAATGTACGTCTT-1",4,16
"CCACACTGAGATATTA-1",8,5
"CCACAGCTGAAATCAT-1",8,5
"CCACAGTACCCATCCT-1",5,3
"CCACATACTGCACCCA-1",3,8
"CCACATGGCTCTTTAT-1",3,2
"CCACCAACTTTACTGT-1",3,8
"CCACCCAAGGAAAGTG-1",8,5
"CCACCTGTATGGAATA-1",2,2
"CCACGAATTTAACCTC-1",5,3
"CCACGAGAAGAGAATC-1",7,7
"CCACGGAGCCATAAGA-1",5,3
"CCACGGCAGGTGTAGG-1",2,14
"CCACGGTGCCCGGTAG-1",8,5
"CCACGTAAATTAGACT-1",8,5
"CCACTAAACTGAATCG-1",5,9
"CCACTATCCGGGTCAC-1",8,5
"CCACTCAGATCCGCAA-1",2,14
"CCACTGGTGGCTGGTT-1",5,3
"CCACTGTTTGGATTAA-1",2,2
"CCAGAAACTGATGCGA-1",1,14
"CCAGAAAGCAACTCAT-1",5,3
"CCAGAGACAAAGCCGG-1",8,5
"CCAGATAGTTGAGTGA-1",4,16
"CCAGATGTAAATGGGT-1",7,16
"CCAGCCTGGACCAATA-1",8,5
"CCAGCGGGATCACCAG-1",8,5
"CCAGCTACGCCTCATA-1",4,16
"CCAGCTCGAACGCATT-1",2,2
"CCAGCTGATGGTACTT-1",5,3
"CCAGCTTCCGCCCGCA-1",5,3
"CCAGGCTGGCGTCTGA-1",2,2
"CCAGGGACGTGGCCTC-1",4,4
"CCAGTAGTCTGATCCA-1",4,4
"CCAGTCAAATCTCTTA-1",3,8
"CCAGTCTAGACGGCGC-1",4,13
"CCAGTCTTGTCATAGA-1",3,8
"CCAGTGTACAGACCGA-1",1,1
"CCAGTTCGGTAACTCA-1",2,14
"CCATAAACAACCCGAC-1",9,13
"CCATAACCTGTGCAGT-1",3,2
"CCATACCTTTACTTGT-1",8,5
"CCATAGGTTGGCGTGG-1",7,7
"CCATAGTCAGTAACCC-1",5,3
"CCATATGGAAACTATA-1",3,8
"CCATATTGGATCATGA-1",3,8
"CCATCCATACCAAGTC-1",4,4
"CCATCGCAGTTAAACT-1",5,3
"CCATCTCACCAGTGAA-1",8,5
"CCATCTTGTTCACAAT-1",4,4
"CCATGCCCTAGATTTC-1",3,8
"CCATGCCTGTTTAGTA-1",8,5
"CCATGCTCTGCAGGAA-1",4,4
"CCATGGCCCTTGTACC-1",5,3
"CCATGTTCATCTATAT-1",2,2
"CCATTAGCGATAATCC-1",8,5
"CCATTCCCTGCCCACA-1",8,5
"CCATTGTTTCCTCCAT-1",8,5
"CCATTTCTACCTATTA-1",3,8
"CCCAAACATGCTGCTC-1",8,5
"CCCAACATACGTCGCG-1",5,3
"CCCAACCACACTAACA-1",9,13
"CCCAAGAATGCACGGT-1",6,15
"CCCAAGTCATTACACT-1",1,1
"CCCAATGAGATTTGCA-1",3,8
"CCCAATTTCACAACTT-1",8,5
"CCCACTCCACGGTATC-1",3,2
"CCCAGAGGAGGGCGTA-1",7,12
"CCCAGGAAGAATTCGA-1",2,2
"CCCAGGTCTGAAGGCT-1",3,8
"CCCAGTAAACTTGGGA-1",3,8
"CCCAGTTAAGGCGCCG-1",5,3
"CCCATATAGGTCGATT-1",2,2
"CCCATTATTGTATCCT-1",1,1
"CCCGAAGTTTCGCGAA-1",3,8
"CCCGACCATAGTCCGC-1",7,7
"CCCGAGTTTCTCCGTA-1",5,3
"CCCGATAGCCTCGCCT-1",5,3
"CCCGCAAATAATCATC-1",2,2
"CCCGCAGCGCGAACTA-1",5,3
"CCCGCAGGGCCCAAAG-1",9,13
"CCCGCCATGCTCCCGT-1",4,4
"CCCGCGCAATGCACCC-1",8,5
"CCCGCTAGAGGGTTAA-1",6,15
"CCCGCTTGCCCTCGTC-1",4,4
"CCCGGCACGTGTCAGG-1",2,2
"CCCGGGTCGTTCAGGG-1",2,2
"CCCGGTGGAAGAACCT-1",8,5
"CCCGGTGTATCGGAAT-1",3,8
"CCCGTAAGTCTAGGCC-1",5,3
"CCCGTAGCTGGGAAGA-1",3,8
"CCCGTCAGCGTCTGAC-1",4,4
"CCCGTGACAGTGCCTT-1",3,8
"CCCGTGAGGGCGGTGA-1",3,8
"CCCGTTTCGCAGATGT-1",3,8
"CCCTACCCACACCCAG-1",2,2
"CCCTACTTGAACAATG-1",2,14
"CCCTAGCTCTAAGGTC-1",2,14
"CCCTAGGCAACAAGAG-1",3,10
"CCCTAGTGTCAGGTGT-1",5,9
"CCCTATGTAGAGCAGA-1",3,2
"CCCTCAGATCGAGAAC-1",2,14
"CCCTCATTCTGGAATT-1",4,4
"CCCTCCTCGCTCGTAT-1",3,3
"CCCTCGATAATACACA-1",2,14
"CCCTCGGGAGCCTTGT-1",9,13
"CCCTGAAATGAGTTGA-1",8,5
"CCCTGACTAACAAATT-1",5,8
"CCCTGATGTAACTCGT-1",5,3
"CCCTGCCCAATCCGCT-1",5,3
"CCCTGCGCTACGCATA-1",5,3
"CCCTGGCTGTTCCTTC-1",3,2
"CCCTGGGAGGGATCCT-1",2,2
"CCCTGGTATGGGCGGC-1",9,13
"CCCTGTTGGCAAAGAC-1",3,8
"CCCTTCTCGTACGCGA-1",4,4
"CCCTTTAATGGAGTTC-1",2,14
"CCCTTTGACAGGTCTT-1",5,3
"CCGAAAGTGGTGAGCA-1",8,5
"CCGAACACTGGGCCTC-1",5,3
"CCGAACCTTCCCGGCC-1",5,3
"CCGAAGGGCGTACCGC-1",8,5
"CCGAAGTATATTGTTC-1",8,5
"CCGACAAACACATGAG-1",5,3
"CCGACAAAGGGAGTGC-1",5,3
"CCGACAATAGGCCGCC-1",2,2
"CCGACGGGCATGAGGT-1",3,8
"CCGACGTAAACACAAC-1",9,13
"CCGACTCGCATAGTCT-1",6,15
"CCGAGAAGTCGCATAA-1",5,3
"CCGAGCTGTGCTTGTC-1",7,7
"CCGAGGGATGTTAGGC-1",9,13
"CCGATATGACGTAAGG-1",2,2
"CCGATCTCAACCTTAT-1",8,5
"CCGATCTTAAGAGGCT-1",6,15
"CCGATTCGAGGGACCC-1",5,3
"CCGATTGGTCAATGAA-1",6,15
"CCGCACAAAGACCAAC-1",8,5
"CCGCACACGAACGTGT-1",3,8
"CCGCACGTGACCTCGG-1",8,5
"CCGCATGTGGTACGAT-1",3,8
"CCGCCACCACAATCCA-1",9,13
"CCGCCGGAACTTCTCG-1",3,8
"CCGCCGGTCAACACAC-1",7,7
"CCGCCGTTGAGGATAA-1",5,3
"CCGCCTGCGAATTGGT-1",7,7
"CCGCCTTGCGATGTCG-1",3,8
"CCGCGATTTGGTAGGT-1",3,8
"CCGCGGAATGCGTCAC-1",5,3
"CCGCGGGTACGAAGAA-1",5,5
"CCGCGTAGGTAAGGGC-1",5,3
"CCGCTATCAGCACCAG-1",5,3
"CCGCTCCAGGGCGATC-1",1,1
"CCGCTCTTCCGAACTA-1",2,2
"CCGCTGGTGCCATTCA-1",9,15
"CCGCTTACCTCACTCT-1",5,3
"CCGCTTCGCGGTTAAC-1",4,4
"CCGCTTGCTGACATGG-1",8,5
"CCGGAAGTGCAATATG-1",2,2
"CCGGAAGTTATCAGTC-1",3,8
"CCGGAATGGTTTCAGT-1",8,5
"CCGGAGCGTACTTTCT-1",3,8
"CCGGAGGTCTTATGGT-1",7,7
"CCGGCACGACCGTTTC-1",8,5
"CCGGCGCATATTGGAT-1",7,7
"CCGGCGTGAGACTCTG-1",3,8
"CCGGGACCCGCAGAGA-1",7,7
"CCGGGCGGTCTCGTCA-1",4,16
"CCGGGCTAAGAATTTC-1",2,14
"CCGGGCTGCTCCATAC-1",8,5
"CCGGGTTCGAGGTTAC-1",5,5
"CCGGTAATGGCTAGTC-1",5,3
"CCGGTATCTGGCGACT-1",3,8
"CCGGTTTGTAATTGTG-1",3,8
"CCGTAAGTTGGTCCCA-1",8,5
"CCGTACCCAAGCGCCA-1",4,4
"CCGTAGGAAATCCCTG-1",3,2
"CCGTAGGGTTGTTTAC-1",2,2
"CCGTATCTCGTCGTAG-1",3,8
"CCGTATTAGCGCAGTT-1",7,7
"CCGTCAACCTCTGGCG-1",2,14
"CCGTGAGGCATTCATG-1",5,3
"CCGTGCCCATGACGGC-1",7,7
"CCGTGGAACGATCCAA-1",4,16
"CCGTGTTAAATTCCAT-1",5,3
"CCGTTACGTTAGAACA-1",7,7
"CCGTTCCGAATCTCGG-1",5,3
"CCTAAACAGGGTCCGT-1",9,7
"CCTAAAGGCTGACGCT-1",9,13
"CCTAAATTAACGGTTC-1",8,5
"CCTAAATTGTATCCTA-1",3,8
"CCTAACCCAAACAAGT-1",5,3
"CCTAACTAAGGCTCTA-1",7,7
"CCTAAGTGTCTAACCG-1",8,9
"CCTACAAGTCCGGAAT-1",6,6
"CCTACAGTTGAGGGAG-1",3,8
"CCTACATTCACAGACG-1",5,3
"CCTACGCGACCTTACA-1",6,15
"CCTACGGCTCAGTCGA-1",8,5
"CCTACTCAACACGATT-1",2,2
"CCTACTGCGGCGGCCA-1",4,16
"CCTACTGCTTACACTT-1",4,4
"CCTAGGCGTAGCGATC-1",8,5
"CCTAGGTAAAGGTAGC-1",3,8
"CCTAGTTAGTCGCATG-1",9,13
"CCTATAATGAGTGCCC-1",3,8
"CCTATACCGTCCTGTC-1",3,8
"CCTATATCGTGTCACG-1",3,2
"CCTATATTTGTCCTGG-1",3,10
"CCTATCTATATCGGAA-1",7,7
"CCTATGAAGTGGTGCC-1",5,3
"CCTATGGCTCCTAGTG-1",3,2
"CCTATGGGTTACCGTC-1",4,4
"CCTATGGTCAAAGCTG-1",1,14
"CCTATGTCCACTCCAC-1",2,2
"CCTCACCAATCTTGAC-1",4,4
"CCTCACCTGAGGGAGC-1",8,5
"CCTCACCTTAGCATCG-1",4,4
"CCTCACGTCAGCTAAT-1",2,2
"CCTCATGCAGCTACGA-1",8,5
"CCTCCCGACAATCCCT-1",9,13
"CCTCCGACAATTCAAG-1",8,5
"CCTCCTAGCTAGAGTC-1",2,14
"CCTCCTGAGCCCACAT-1",3,8
"CCTCCTGTTGTGTCGT-1",2,2
"CCTCGAAGTGGACGGG-1",9,13
"CCTCGACCCACTGCCT-1",9,15
"CCTCGCCAGCAAATTA-1",7,7
"CCTCGCGCGATATAGG-1",7,7
"CCTCGCGCTGTGCGAT-1",3,8
"CCTCGGACCGGGATAG-1",8,5
"CCTCGTTACGCCTGTT-1",6,6
"CCTCTAATCTGCCAAG-1",7,7
"CCTCTACAAGGATTGG-1",2,2
"CCTCTATCGATTAGCA-1",3,8
"CCTCTCTCCCATCTAG-1",8,5
"CCTCTGGCCTAGACGG-1",9,13
"CCTCTGTACTATTCTA-1",5,8
"CCTGAACGATATATTC-1",8,5
"CCTGAATATTTACATA-1",7,7
"CCTGACAAACTCGCGC-1",5,3
"CCTGACCACCGATGGT-1",5,3
"CCTGACGCAACCTTTA-1",6,6
"CCTGAGAATAAATGCA-1",2,14
"CCTGATTCGCGAAGAA-1",2,2
"CCTGCCCGTTGTCTAG-1",3,8
"CCTGCGATAGAACTGT-1",5,9
"CCTGCGTTCTACGCTT-1",5,3
"CCTGCTACAACCATAC-1",3,2
"CCTGCTATTTGAGAAG-1",4,4
"CCTGGAAACGTTCTGC-1",5,3
"CCTGGCTAGACCCGCC-1",4,4
"CCTGGTCGAATGTGGG-1",3,8
"CCTGTAAGACATGATA-1",8,5
"CCTGTACTCACGCCCA-1",5,3
"CCTGTCACCCGGGCTC-1",4,4
"CCTGTCCCTCACGTTA-1",5,3
"CCTGTCGCCCGTAAAT-1",8,5
"CCTGTGAAACCGTAAC-1",3,10
"CCTGTGCATAGGAGAC-1",5,9
"CCTGTGCGGATTGTAA-1",6,6
"CCTGTTTGAAGACACG-1",3,8
"CCTTAAGTACGCAATT-1",2,14
"CCTTCAGTTAAAGTGA-1",3,8
"CCTTCCGCAACGCTGC-1",1,14
"CCTTCTCAGCGTTCCT-1",3,8
"CCTTCTTGATCCAGTG-1",7,7
"CCTTGACCACTTTATT-1",3,8
"CCTTTAAGGGAGCACT-1",3,8
"CCTTTCAATGAAGAAA-1",4,4
"CGAAACATAGATGGCA-1",9,13
"CGAAACGCAATTCATG-1",5,3
"CGAACAGTATGGGCGT-1",3,8
"CGAACATAGTCAGAAA-1",6,6
"CGAACCCGCATGCGTC-1",5,3
"CGAACCTCTTTCCTAG-1",1,1
"CGAACGCCCAGTGCCG-1",9,13
"CGAACGGCCGGACAAC-1",3,8
"CGAAGACGGTGAGTGC-1",3,10
"CGAAGACTGCCCGGGA-1",7,7
"CGAAGATCAGTTTCAT-1",2,14
"CGAAGCTATAAATTCA-1",7,7
"CGAAGGGTTTCAGATT-1",2,10
"CGAAGTTGCTCTGTGT-1",8,5
"CGAATCTGCTCGACGC-1",3,2
"CGAATGAAGTCATTGC-1",3,2
"CGAATGACGCATAATG-1",2,2
"CGAATGGTAGGTCGTC-1",2,14
"CGAATTACATGGTGTT-1",6,15
"CGAATTCCCGGTTCAA-1",2,14
"CGACAATTTGATCTAA-1",5,3
"CGACACCGCTTAAGGA-1",6,6
"CGACACGCTCCGACAG-1",5,3
"CGACACGGATGCCCAC-1",6,6
"CGACAGTTCGCGTTAT-1",8,5
"CGACATGCGATCTTCT-1",9,13
"CGACCCTTAACGCCGG-1",3,8
"CGACGCATCCGTACCT-1",3,8
"CGACTCAGGATGTTAT-1",4,4
"CGACTCGGTACACGGT-1",6,15
"CGACTTTGTATAGCCT-1",8,5
"CGAGACCCTAGAGTGT-1",8,5
"CGAGACTACTGCTGCT-1",2,14
"CGAGAGATGTGAACCT-1",4,16
"CGAGAGCGCGTAGATA-1",3,8
"CGAGAGCTTTCACTAC-1",2,2
"CGAGAGGGTAGCCGCG-1",3,8
"CGAGATGTTGCCTATA-1",8,9
"CGAGATTTCGCTCGGG-1",5,3
"CGAGCACTTCAAGTTT-1",8,5
"CGAGCGTTGATCAGCC-1",7,7
"CGAGCTGGGCTTTAGG-1",7,7
"CGAGGAGCTTCCATAT-1",4,4
"CGAGGATCGGGAACGA-1",8,5
"CGAGGCCAGGCATTGG-1",8,5
"CGAGGCTAAATATGGC-1",4,4
"CGAGGGACTGCGGTCG-1",8,5
"CGAGGGTATCCAGGTG-1",2,2
"CGAGTACTAAAGAGGA-1",5,3
"CGAGTGAAGGTACCAG-1",3,8
"CGAGTTCTGTCCCACC-1",4,16
"CGAGTTTATCGGACTG-1",8,5
"CGATAACCAATTTGAG-1",6,6
"CGATAATACTCAGGTT-1",5,3
"CGATACCTCGCGGACA-1",8,5
"CGATAGCGATACAGTG-1",2,14
"CGATAGTCGTACTGCA-1",2,14
"CGATATTAGCCGCAGG-1",4,4
"CGATCATTAGAGGCAC-1",6,15
"CGATCCGACCCAGTGC-1",8,5
"CGATCCTCGCAACATA-1",2,14
"CGATCGAGAAGCACCA-1",2,2
"CGATCTGTTGGAGGAC-1",5,3
"CGATGGACCCTACGCC-1",7,7
"CGATGTTGTTATCTAC-1",3,8
"CGATTAAATATCTCCT-1",3,8
"CGATTCGCCTGGCTGC-1",3,8
"CGCAAACACGAGTTAC-1",8,5
"CGCAATTACTTTCGGT-1",8,5
"CGCAATTAGGGTAATA-1",4,4
"CGCAATTCTACAATAA-1",8,5
"CGCACATGTCCACTAC-1",8,5
"CGCACGTCTGTTTATG-1",2,2
"CGCACGTGCGCTATCA-1",8,5
"CGCAGAAACATTTGCG-1",7,13
"CGCAGATCTTCACCCG-1",4,16
"CGCAGGCGATCCAAAC-1",3,8
"CGCAGTTCTATCTTTC-1",2,2
"CGCATCATGGCTTCAG-1",6,15
"CGCATCCATCAGCCAG-1",8,5
"CGCATGCCGAATGCGT-1",2,14
"CGCATGGTGCGATGCT-1",8,5
"CGCATTAGCTAATAGG-1",4,4
"CGCCAAGAAGCCGAGT-1",5,3
"CGCCACAGGTCGCGAT-1",3,8
"CGCCACCCGCATTAAC-1",5,10
"CGCCATCCGATTATGA-1",4,4
"CGCCCAGCACGCCTAG-1",3,8
"CGCCCAGCGTTTCACG-1",2,2
"CGCCCGCTTCCGTACA-1",7,7
"CGCCCTAATTGTTCAA-1",2,14
"CGCCCTTGAAGGCTGA-1",8,5
"CGCCGACTATTCGCTA-1",3,8
"CGCCGCCCATGCCTGT-1",8,5
"CGCCGGTGTCGCAGTA-1",6,6
"CGCCGTCTACCCATCG-1",5,3
"CGCCGTTCAGCATAGT-1",3,2
"CGCCTCCCTCCTCTAT-1",8,5
"CGCCTGGCCTACGTAA-1",1,1
"CGCCTTTAGCATGCTC-1",5,3
"CGCGAAGTGGCATACT-1",2,2
"CGCGACACTGCGCAGC-1",5,3
"CGCGACCGCGACAGAT-1",3,8
"CGCGAGAGGGACTTGT-1",7,7
"CGCGAGTCTGCCGGGT-1",3,8
"CGCGCAAATGTCCAGA-1",3,8
"CGCGCAAGGAACTACA-1",8,5
"CGCGCATGTTTGATTG-1",5,3
"CGCGCCCGACTTAATA-1",7,7
"CGCGGCAGTATTACGG-1",3,8
"CGCGGCTCAACTTGAA-1",5,3
"CGCGGGAATTAGGCAG-1",4,16
"CGCGGGAATTCCTTTC-1",2,14
"CGCGGTAAGTCTAGCT-1",8,5
"CGCGGTACGGTATACA-1",2,2
"CGCGGTCACAAACCAA-1",7,7
"CGCGTACATTCTGGAA-1",6,6
"CGCGTCATATTAAACC-1",9,13
"CGCGTGCTATCAACGA-1",8,9
"CGCGTTCATGAAATAC-1",4,4
"CGCTACCGCCCTATGA-1",4,16
"CGCTACGGGACATTTA-1",8,5
"CGCTAGAGACCGCTGC-1",8,5
"CGCTATACCGCCCACT-1",4,4
"CGCTATCGTGGCTTTA-1",6,6
"CGCTATTCAATGTATG-1",8,5
"CGCTATTCTTAGGCTC-1",8,5
"CGCTCGACATAATGAT-1",4,4
"CGCTCTCCGTAGATTA-1",8,5
"CGCTGAGGACGTCCAA-1",4,4
"CGCTGGTGACTACCCT-1",5,3
"CGCTGTGACGCCGCAC-1",4,4
"CGCTGTGTGGATGTTG-1",3,8
"CGCTTAGTATTGATAC-1",2,10
"CGCTTATTCCCGGTCG-1",5,3
"CGCTTCCACTGAAATC-1",4,4
"CGCTTCGGTCTAAGAC-1",2,14
"CGCTTGGACGGATAGA-1",2,2
"CGCTTTCATACCGGTG-1",7,7
"CGCTTTCCGCCAAGGT-1",2,14
"CGCTTTCTTGCATTCG-1",4,16
"CGGAAAGAATCAAACG-1",3,8
"CGGAAAGCAAATGTGC-1",5,10
"CGGAAATTTCACATCC-1",6,6
"CGGAACGTAAACATAG-1",5,3
"CGGACCTCTGTAGTTA-1",2,14
"CGGACCTTTACGTCCC-1",1,1
"CGGACGTTACTTGAAG-1",3,8
"CGGAGCAATTTAATCG-1",3,8
"CGGAGCATGGCGATCC-1",8,5
"CGGAGCTTATAACACC-1",6,15
"CGGAGTTTGAGAGACA-1",8,5
"CGGATAAGCGGACATG-1",5,3
"CGGATCCTCAAGGACT-1",3,10
"CGGATGAATGCTGTGA-1",2,14
"CGGCAAACATCGTGCG-1",5,3
"CGGCAATAAGATCGCC-1",3,8
"CGGCACCGTTAGCGCC-1",6,15
"CGGCACTCAAGAAAGT-1",8,5
"CGGCAGGGTCGGGTTG-1",8,5
"CGGCCACGCACAAAGT-1",8,5
"CGGCCAGAGCGACCAT-1",2,14
"CGGCCCAACCTGTAGT-1",8,5
"CGGCCCAGGTATATCC-1",5,3
"CGGCGCCATCAATCCC-1",3,8
"CGGCTCTAAAGCTGCA-1",5,3
"CGGCTCTTCGTCGAAC-1",6,15
"CGGCTGCAAGATTAAG-1",9,13
"CGGCTTTGTATGATAA-1",7,7
"CGGGAAGTACCGTGGC-1",2,10
"CGGGAATATAGTATAC-1",5,3
"CGGGAATTTATGTAAA-1",5,3
"CGGGAGCTTCAGTGTA-1",5,3
"CGGGAGTATACCGCCG-1",5,3
"CGGGATCAATGTAAGA-1",4,7
"CGGGCAGCTAAACCGC-1",4,4
"CGGGCCATAGCCGCAC-1",5,3
"CGGGCCTTCTTTGTAA-1",8,5
"CGGGCGATGGATCACG-1",2,14
"CGGGCTACTTAAATTG-1",6,6
"CGGGTGTACCCATTTA-1",8,16
"CGGGTTCGGCACGTAT-1",6,6
"CGGGTTGTAGCTTTGG-1",5,9
"CGGGTTTGTTAGGGCT-1",2,2
"CGGTACTAGAATCAAA-1",5,3
"CGGTAGAGGTGCAGGT-1",9,13
"CGGTATAGGTATTAGC-1",6,15
"CGGTATGGGCACTCTG-1",3,8
"CGGTCAAGTGGGAACC-1",4,4
"CGGTCAGTCCATATTT-1",2,2
"CGGTCCATGAGACTCC-1",4,16
"CGGTCCGTCGCAAGCC-1",2,10
"CGGTCTATCAACCCGT-1",7,7
"CGGTGAAGACTAAAGT-1",5,3
"CGGTGCAGATAGAACG-1",5,3
"CGGTGCGCGTTGGTCC-1",5,3
"CGGTGGGCTCCAGCCT-1",9,13
"CGGTGTACTTGATCCC-1",8,5
"CGGTTATCCAACAGTG-1",8,5
"CGGTTCAAGTAGGTGT-1",4,4
"CGGTTCCGGCTTCTTG-1",8,5
"CGGTTGACCTGGCATA-1",5,3
"CGGTTGAGTATCCTTC-1",2,2
"CGGTTGGGCAGGGTCC-1",2,14
"CGGTTGGGTTCAAGTT-1",6,6
"CGGTTTATGAAGGAAC-1",6,15
"CGTAAACGCTTGAGTG-1",8,5
"CGTAAAGCAAGAAATC-1",2,14
"CGTAAATAACAAAGGG-1",2,14
"CGTAACTTCGACACTT-1",2,14
"CGTAATAATTACGAGT-1",3,8
"CGTACCGAAAGTCTAG-1",3,8
"CGTACCTGATAGGCCT-1",7,7
"CGTAGAGAGTAATTAT-1",2,14
"CGTAGCGAATTGTCAG-1",9,13
"CGTAGCGCCGACGTTG-1",7,7
"CGTATCTAGAACTAAG-1",2,2
"CGTATTAAGAGATCTA-1",4,10
"CGTATTGTTTCCTAAT-1",4,16
"CGTCAAATGGTCGCAG-1",4,16
"CGTCAAGGCTATAAAT-1",5,3
"CGTCAATCTTTAACAT-1",3,8
"CGTCACGTCCATTGGT-1",5,3
"CGTCAGTGCGCACAAG-1",7,7
"CGTCAGTTTATCGTCT-1",9,13
"CGTCATACCATATCCA-1",8,5
"CGTCCTCATCGCGTGC-1",1,14
"CGTCGCATGTGAGCCA-1",2,2
"CGTCGCGGCGGGATTT-1",3,8
"CGTCGCTTGGTTATAC-1",2,2
"CGTCGGATAGTGTTGA-1",8,5
"CGTCGGGTCTAAGCGC-1",3,8
"CGTCGTCCTTCGCGAA-1",3,8
"CGTCTCTCGCCGAGGC-1",6,6
"CGTCTGGAAGGGCCCG-1",7,7
"CGTCTTGAGTGTGACG-1",5,3
"CGTGAAGTTAATTCAC-1",8,5
"CGTGACATTGGGTCGT-1",9,13
"CGTGACCAGTCCTCTG-1",2,10
"CGTGCACACCACTGTA-1",2,14
"CGTGCAGACTGGGACA-1",8,5
"CGTGCATTGTCGACGC-1",5,5
"CGTGCCCGACATTTGT-1",9,11
"CGTGCCCTCCCGAAGA-1",8,5
"CGTGCTGGCCTAGTCG-1",5,9
"CGTGCTTCTACCTAAA-1",3,2
"CGTGGAAGCCTCGTAC-1",3,8
"CGTGGCCGAATATCTA-1",5,3
"CGTGGTACCCAAAGGC-1",2,14
"CGTGTCCCATTCGCGA-1",4,4
"CGTGTCTCGTTACGAC-1",3,8
"CGTGTGTTAAACCCTG-1",8,5
"CGTTAAACTAGTTAGG-1",3,3
"CGTTAAATACGACCAG-1",1,1
"CGTTAATGTCCCGACG-1",3,8
"CGTTAGCTCACAACTG-1",9,13
"CGTTCAAGGAAACGGA-1",2,14
"CGTTCAGACCCGCGAA-1",2,2
"CGTTCATGGTGCGCGT-1",3,8
"CGTTCTTCGCACACCT-1",7,7
"CGTTGAATACCGCGCT-1",3,8
"CGTTGAGCGACCGTCG-1",8,5
"CGTTGAGTAATTGCGT-1",6,15
"CGTTGCCCGCGTGGGA-1",2,14
"CGTTGTAAACGTCAGG-1",5,3
"CGTTGTAAGATTGATT-1",4,16
"CGTTGTCGGCAATTGA-1",2,2
"CGTTGTTTCAATTCCC-1",8,5
"CGTTTAAGCGGAGCAC-1",7,7
"CGTTTACAAGGCAGCT-1",4,16
"CGTTTCACTTCGGGCG-1",7,7
"CGTTTCGCTCATTACA-1",8,5
"CGTTTCGGTTATATGC-1",1,1
"CGTTTGGTGTTGTGGG-1",2,2
"CGTTTGTGTAGAGGGT-1",3,8
"CTAAACGGGTGTAATC-1",4,4
"CTAAAGAATGCCTACT-1",8,5
"CTAAAGGATGAGATAC-1",2,2
"CTAAAGGGAAATAGGA-1",5,3
"CTAAAGTCCGAAGCTA-1",8,9
"CTAAATCCGGTGTACA-1",3,8
"CTAAATCCTATTCCGG-1",4,4
"CTAACCGCGCGCCCGT-1",8,5
"CTAACGAAACTTGCTG-1",8,16
"CTAACTGATAATCGCC-1",3,8
"CTAACTGGTCCGGTTC-1",5,3
"CTAAGGGAATGATTGG-1",8,5
"CTAAGTACAGGGCTAC-1",6,6
"CTAATTATGAAGCGTA-1",6,6
"CTAATTCGCACGCGCT-1",8,5
"CTAATTCTCAGATATT-1",4,16
"CTAATTTCAACAACAC-1",8,5
"CTACAAGAAATAACCC-1",3,8
"CTACACTAGCTTGTTC-1",4,4
"CTACACTCGCAGATGG-1",3,8
"CTACATATCGCGGGAC-1",2,14
"CTACCCTAAGGTCATA-1",8,16
"CTACGAACTAGGTCGA-1",9,13
"CTACGACTAGCTATAA-1",5,3
"CTACGATCCTATCCTA-1",2,14
"CTACGCACGGAGTACC-1",8,5
"CTACGCCATTTCCGAT-1",9,13
"CTACGTGTTGCCACCA-1",8,9
"CTACTATCATAGGTTT-1",3,8
"CTACTATCTTTCAGAG-1",4,16
"CTACTCAAGGTATAGT-1",3,8
"CTACTCTAGGCCCGGC-1",5,3
"CTACTGCCACCTGACC-1",4,4
"CTAGACATATATGTAG-1",6,6
"CTAGACTGCATTTCGT-1",6,15
"CTAGATAAACTCCTCG-1",8,9
"CTAGATGTGAGTGTAA-1",8,5
"CTAGATTTACGACGGC-1",8,5
"CTAGCAACTAATTTAC-1",8,9
"CTAGCATAGTATAATG-1",8,5
"CTAGCCACAGGCGAGC-1",2,14
"CTAGCCGATGTTATGA-1",4,1
"CTAGCTTAATGGTCCC-1",3,8
"CTAGGCGCCCTATCAG-1",3,8
"CTAGGCGGCAGAGAAT-1",4,4
"CTAGGGATAGGGACAA-1",2,14
"CTAGGTCTGAAGGAAT-1",8,5
"CTAGGTTCGGACGTGA-1",3,8
"CTAGTAGAAAGGGATT-1",2,2
"CTAGTATTCGGAATTA-1",9,13
"CTAGTCACGTCTTAAG-1",8,5
"CTAGTGAAGGACAGGA-1",8,5
"CTAGTTACAACCCGGT-1",3,8
"CTAGTTGGGCCCGGTA-1",4,12
"CTATAAGAGCCAATCG-1",4,4
"CTATAGGCGTTGATGT-1",3,2
"CTATATCCAGCCTGGC-1",2,2
"CTATCACAACGCTGGA-1",2,14
"CTATCGACGAAATACA-1",3,8
"CTATCGCGTAGAGAAC-1",2,14
"CTATCGGGTCTCAACA-1",8,5
"CTATGAACACCTTGCC-1",2,14
"CTATGCCCGAATGCAA-1",2,2
"CTATGGGAAGCGGAAT-1",3,8
"CTATGTCACTAGCCCA-1",4,4
"CTATGTCTATTGAAAC-1",7,7
"CTATGTGAGTCACGGC-1",5,3
"CTATTCATGTGTCCCA-1",5,3
"CTATTGTGTTTGGTCA-1",9,13
"CTATTTGCTTGGAGGA-1",2,14
"CTATTTGGTTACGGAT-1",8,5
"CTCAAACCACTGCCCG-1",2,2
"CTCAACTAACCCGGAT-1",2,2
"CTCAAGACATTAGCGC-1",9,13
"CTCACACGCAAGCCTA-1",7,16
"CTCACATTTACTAAAT-1",2,2
"CTCACCAGTACAAGTG-1",3,10
"CTCACCGATCCAAACT-1",6,6
"CTCACTGTGATACTTA-1",2,2
"CTCACTTGGCTGGTAA-1",5,3
"CTCAGAGCTAATGTCG-1",1,1
"CTCAGATTGTGATAAG-1",3,8
"CTCAGCAGACTGCCGA-1",6,6
"CTCAGGACTCACCTGT-1",8,5
"CTCAGTCACGACAAAT-1",4,4
"CTCATAAATGTGTATA-1",2,2
"CTCATCACTTAGTGAT-1",8,5
"CTCATGGCTCACAATC-1",9,13
"CTCATGGTAATTTGCG-1",5,3
"CTCATTAACGTTGCCC-1",8,5
"CTCATTCGTGAACATC-1",3,8
"CTCATTGCTCTAACAA-1",3,2
"CTCATTTGATGGGCGG-1",7,7
"CTCCCAATGAGTCGCG-1",3,8
"CTCCCTCCTTTCGATC-1",3,8
"CTCCGCCCACATGAGG-1",5,1
"CTCCGGCCTAATATGC-1",7,7
"CTCCGGCTTGTAGACA-1",8,5
"CTCCTAAGTTATGTCT-1",8,4
"CTCCTCCAGCTCACAC-1",3,10
"CTCCTGTTCAAGGCAG-1",2,2
"CTCCTTTACGCAAGTC-1",4,16
"CTCGAATGGAACGTAT-1",6,15
"CTCGAGACATACGATA-1",3,2
"CTCGAGATCCAAAGCA-1",3,8
"CTCGAGGCAAGTTTCA-1",2,14
"CTCGAGGTCGAACAGT-1",4,4
"CTCGATATTTGCGAGC-1",4,12
"CTCGCACCTATATAGT-1",7,7
"CTCGCATTGCATAGCC-1",3,8
"CTCGCCGAATGTAGGG-1",3,8
"CTCGCTAGGTAAGCGA-1",2,14
"CTCGGGATAACACCTA-1",8,5
"CTCGGGCATCGTCGGG-1",9,13
"CTCGGGTTCTCTGGCC-1",3,8
"CTCGGTACCACTGCTC-1",8,5
"CTCGGTCCGTAGCCTG-1",7,7
"CTCGGTTGTCGGCCCT-1",3,8
"CTCGTCGAGGGCTCAT-1",3,8
"CTCGTCTGTGCCTTCG-1",2,14
"CTCGTGGCACTGAAAG-1",2,2
"CTCGTTACGGCTACCA-1",2,14
"CTCGTTTCTAATGTTT-1",7,12
"CTCTAACACCGGCAGC-1",3,2
"CTCTAATGCATTGATC-1",4,16
"CTCTACACTGGCGATT-1",5,3
"CTCTACATCCTGCGTG-1",1,1
"CTCTAGCCCTCGGAAA-1",2,14
"CTCTATTTGGCTGCAG-1",5,3
"CTCTCACAATCGATGA-1",4,16
"CTCTCGATGTGCGCCT-1",9,13
"CTCTCGCTGTACTATG-1",3,8
"CTCTCTAACTGCCTAG-1",3,8
"CTCTGCAGGCATTCTT-1",1,14
"CTCTGCGAAGCAAGCA-1",7,7
"CTCTGGACGCCTGGTG-1",4,4
"CTCTGTCCATGCACCA-1",2,2
"CTCTGTGCCTGCTATG-1",7,7
"CTCTGTTTGAGGATTC-1",9,13
"CTCTTCTATTGACTGG-1",5,3
"CTCTTCTGGAAGTTAG-1",3,2
"CTCTTGTCCCGCTTGG-1",3,8
"CTGAAACGGCCCTCAG-1",6,6
"CTGAAAGAGATCCGAC-1",7,7
"CTGAATCCGAGACCTC-1",5,3
"CTGAATTTATTGCCAG-1",4,16
"CTGACATAGAAATAGA-1",3,8
"CTGACTGCGCAGCTCG-1",8,5
"CTGAGAAAGTTCGGCG-1",3,8
"CTGAGAGTAGAAATAC-1",2,2
"CTGAGCAAGTAACAAG-1",8,5
"CTGAGCGAGACTTATT-1",8,5
"CTGATAGTGTATCTCA-1",5,3
"CTGATCCCTTTATGCA-1",2,14
"CTGCAAATGGGCTCCA-1",9,13
"CTGCAAGCACGTTCCG-1",2,14
"CTGCACAACTACATAT-1",5,3
"CTGCACCTAGTCCACA-1",8,5
"CTGCACCTGGAACCGC-1",7,7
"CTGCACTCCAGTACAG-1",3,8
"CTGCAGAGAATCAGAG-1",2,2
"CTGCAGGGTGACGCTC-1",2,2
"CTGCCAAGGTTGGAAG-1",7,7
"CTGCCATGCATCACAT-1",8,5
"CTGCCCACGAAGCGTT-1",3,8
"CTGCCTAGCCACCAAG-1",6,15
"CTGCCTCATATGCAAC-1",8,5
"CTGCCTTTAATACCTT-1",2,2
"CTGCCTTTCTAGTAAA-1",2,2
"CTGCGACCTCGCCGAA-1",2,14
"CTGCGATTTCGAGATT-1",2,14
"CTGCGGGTGAAATGTT-1",5,3
"CTGCGGTAGTCACGTG-1",9,15
"CTGCGTTACGATATAA-1",7,7
"CTGCTCTCAACACACC-1",1,14
"CTGCTCTGACGGCAAA-1",2,2
"CTGCTGAGGCCACGAA-1",5,3
"CTGCTGTCTAACGAGC-1",3,8
"CTGCTTGGCGATAGCT-1",3,8
"CTGCTTTATGTCCGCG-1",7,7
"CTGGAAATGGATGCTT-1",4,4
"CTGGAAGACACGGTGG-1",3,3
"CTGGACGCAGTCCGGC-1",3,8
"CTGGATTTACACTTGA-1",5,3
"CTGGCATCCGAATGAG-1",5,3
"CTGGCGACATAAGTCC-1",9,13
"CTGGCGCACAGGTCTG-1",8,5
"CTGGCGGGAATAAGTA-1",8,5
"CTGGCTGATTCATCCT-1",5,3
"CTGGCTGCTAACGTAA-1",8,9
"CTGGCTGGTTGTCAGT-1",3,8
"CTGGGATAAATAATGG-1",8,5
"CTGGGATACGCTACCC-1",5,3
"CTGGGATCGCCCAGAT-1",9,13
"CTGGGCACTAGTCGGA-1",6,15
"CTGGGCCTGCTATATC-1",5,3
"CTGGGCGGCCAAATGT-1",9,13
"CTGGGCTACTGGAGAG-1",2,2
"CTGGGCTATCCTTTGG-1",6,6
"CTGGGTAGGCAGTTAA-1",8,5
"CTGGGTTGAGTTAAAG-1",3,8
"CTGGTAAAGACTTACA-1",2,14
"CTGGTAAAGTGTGGGC-1",2,14
"CTGGTAACACATAGAA-1",8,5
"CTGGTAACGAGCTCTT-1",4,16
"CTGGTCATTCCAATCC-1",5,3
"CTGGTCCTAACTTGGC-1",9,13
"CTGGTGAATGGGCCTA-1",2,2
"CTGGTTCAACGCATCA-1",4,16
"CTGGTTCGCGAGCTAC-1",5,3
"CTGGTTTCGAGCAAGA-1",5,3
"CTGTACTTCTTAGCAT-1",8,5
"CTGTAGCCATCTCACT-1",3,8
"CTGTAGTGAGGATCGA-1",2,14
"CTGTATGGTGTAGAAA-1",8,5
"CTGTCAAATGGCTCGG-1",4,4
"CTGTCACGCCAGGCGC-1",6,15
"CTGTGCAGGGTAGGTC-1",8,5
"CTGTGGTCGGGAGATA-1",3,8
"CTGTTACCCAATCTAG-1",5,3
"CTGTTCACTGCCTGTG-1",4,4
"CTGTTCATCTCACGGG-1",4,5
"CTGTTGGCTCTTCTGA-1",5,10
"CTGTTGTTCAGTCGTA-1",2,14
"CTTAAATAAGACCCAT-1",3,8
"CTTAACTTCGAAGTAC-1",9,13
"CTTAAGCAGCGAGCCG-1",3,2
"CTTAATCGACTTAGTA-1",2,2
"CTTACACGGTATTCCA-1",4,4
"CTTACACTGGGAAATA-1",7,7
"CTTACATAGATTTCTT-1",2,14
"CTTACTGACTCCTCTG-1",2,14
"CTTAGATGTTTCATCC-1",2,14
"CTTAGCCCGGATAGTG-1",5,3
"CTTAGCCTTCCACATG-1",7,7
"CTTAGGTATAGACCAG-1",2,2
"CTTAGGTCCCAATCGT-1",4,16
"CTTAGTAGGCCTACAG-1",8,5
"CTTAGTGTAGTAGCAT-1",3,8
"CTTAGTTGAGGAATCG-1",2,2
"CTTATAGATGGCTGTT-1",2,2
"CTTATGCGCTCAGGGC-1",3,8
"CTTATGTTGACTACCA-1",8,5
"CTTCAACTCCACTTGG-1",3,8
"CTTCACGCCCTGGTAC-1",1,1
"CTTCAGTGGTCGCCTA-1",3,8
"CTTCAGTTGGACAACG-1",2,14
"CTTCATAGCTCAAGAA-1",4,4
"CTTCATCACCAGGGCT-1",3,2
"CTTCATTGTCAGTGGA-1",8,5
"CTTCCGCTCCGTGAAG-1",3,8
"CTTCCTGCATATTTAC-1",6,6
"CTTCGGCCAATTGTTT-1",3,8
"CTTCGTAGATAGGTGA-1",8,5
"CTTCTATGTTGAAGTA-1",5,3
"CTTCTATTAATGCTAG-1",5,3
"CTTCTGGGCGTACCTA-1",2,2
"CTTCTTACGTCGTATA-1",7,7
"CTTGACCCGAAAGATA-1",7,7
"CTTGAGGTTATCCCGA-1",8,5
"CTTGAGTTAGGGTAAT-1",8,5
"CTTGATGACCATCCAG-1",2,14
"CTTGCAACCGCCTCCT-1",5,3
"CTTGCCCACCCACGCA-1",2,14
"CTTGCCCAGGCTCTAC-1",5,5
"CTTGGCCAAGCTGGGA-1",3,2
"CTTGTACTTGTTGACT-1",4,4
"CTTGTCAACATTCGAG-1",5,3
"CTTGTCGTACGTGTCA-1",4,4
"CTTGTGCTCACCGATT-1",4,4
"CTTGTTGCTGAGTCAA-1",8,5
"CTTGTTTATGTAGCCA-1",8,5
"CTTTAACTTTCAAAGG-1",7,7
"CTTTAATATTGGTCGA-1",5,3
"CTTTACCGAATAGTAG-1",5,3
"CTTTAGGAACACTGTT-1",8,10
"CTTTAGTGCTATTATT-1",5,5
"CTTTATCCGACGCATG-1",2,2
"CTTTCTGTGCGGGCTT-1",3,8
"CTTTGAAACATATTCC-1",6,15
"CTTTGCATCGCTCTTG-1",3,2
"CTTTGCTGTCATGGAT-1",3,8
"CTTTGGCAGACAGAGT-1",6,6
"CTTTGGCGCTTTATAC-1",5,3
"CTTTGGCTTTAGTAAA-1",8,5
"CTTTGGGATTGTTGCA-1",3,2
"CTTTGTCGAATGCTCC-1",3,8
"GAAACAGATGACCACC-1",8,5
"GAAACAGCCATGCAGT-1",7,7
"GAAACATAGGAAACAG-1",3,2
"GAAACCATGGTGCGCT-1",8,16
"GAAACCGAATTACCTT-1",5,5
"GAAACCTATACAAATG-1",3,8
"GAAACTCGTGCGATGC-1",8,5
"GAAACTCTAATGAAGG-1",9,13
"GAAAGAACAGCGTTAT-1",8,5
"GAAAGCAGTGCACTTT-1",3,8
"GAAAGCCCTTTGGACC-1",5,3
"GAAAGTGACTAACTGC-1",8,5
"GAAATACCTGCTGGCT-1",6,6
"GAAATACTAAACGTTT-1",8,5
"GAAATATCACCATCAG-1",5,3
"GAAATATGCTTGAATG-1",7,7
"GAAATCGCGCGCAACT-1",7,7
"GAAATCTGACCAAGTT-1",5,3
"GAAATGGCGGTGTTAG-1",4,4
"GAAATGGGATGTAAAC-1",5,3
"GAAATTAGCACGGATA-1",7,7
"GAAATTCACATCGCTG-1",7,7
"GAAATTGTCTCTATAA-1",8,5
"GAACAACTGGGATGAA-1",2,14
"GAACACACATCAACCA-1",4,4
"GAACAGATTACTAAAT-1",3,8
"GAACATTAGTATGTTA-1",6,15
"GAACCCTCTGTGTTCT-1",3,8
"GAACCTCGACCTACAC-1",3,8
"GAACCTTTAACGATCC-1",2,2
"GAACGACCGAATGATA-1",7,7
"GAACGATAAGTTAAAG-1",8,5
"GAACGCGGGTCACACG-1",3,8
"GAACGGTGTAAAGCAG-1",6,6
"GAACGTCTCATGGTCG-1",4,16
"GAACGTTAGGAAGACG-1",5,3
"GAACTGTGGAGAGACA-1",2,14
"GAACTTAGCGCCCGGT-1",6,6
"GAACTTGTGCACGGGA-1",7,16
"GAAGAAACGATATTGT-1",3,8
"GAAGAACGGTGCAGGT-1",4,4
"GAAGACTTCAATGCCG-1",9,13
"GAAGCAAGGCAATGTT-1",4,16
"GAAGCCACTGATTATG-1",2,14
"GAAGCCTGCACATTCC-1",3,2
"GAAGCGTGAGGAATTT-1",8,5
"GAAGCTCGGACCCGTC-1",3,8
"GAAGCTTGCTGACCGC-1",8,5
"GAAGGAGTCGAGTGCG-1",2,2
"GAAGGCTACCATTGTT-1",4,16
"GAAGGGTCATTAAGAC-1",2,14
"GAAGTCAGTTGCACTA-1",5,3
"GAAGTCTCCCTAGCGA-1",8,5
"GAAGTGATTTATCGTG-1",8,5
"GAAGTGCTGGATAGCT-1",7,7
"GAAGTTTCCACTCAAT-1",8,5
"GAATAGACGCGACCCA-1",8,5
"GAATAGCATTTAGGGT-1",3,3
"GAATAGCCCTGCGGTC-1",7,7
"GAATAGTGCTCGATTA-1",3,8
"GAATATTCGGAGTCCC-1",9,13
"GAATCGACATGGTCAC-1",4,4
"GAATCGCCGGACACGG-1",4,4
"GAATCTATACTCGGAC-1",6,15
"GAATCTGAACATTCTC-1",8,5
"GAATGAAGGTCTTCAG-1",7,7
"GAATGCCGAAATGACC-1",5,3
"GAATGCGAATCGGTTC-1",2,2
"GAATGGGCTTATCGAC-1",3,8
"GAATGTATGGCAGGTC-1",9,13
"GAATGTGGTCCGGATT-1",5,3
"GAATGTTGGGTAATCT-1",7,7
"GAATTATAGTGAAAGG-1",8,5
"GAATTCACCCGGGTGT-1",5,3
"GAATTTCTCGCTGCAG-1",8,5
"GACAAACATATGCAGG-1",5,3
"GACAACGACCATTGAA-1",4,4
"GACAACGCAGCTTACG-1",7,7
"GACAAGACGCCCGTGC-1",1,14
"GACAAGAGATGAGATT-1",2,2
"GACACAAGGGAAGAAA-1",4,16
"GACACGAGTTAGAGGA-1",8,5
"GACACTGAGTTCAGTG-1",5,3
"GACACTGGAACCCGAT-1",3,8
"GACACTTCCAATTACC-1",2,14
"GACAGAGGTCTTCAGT-1",2,2
"GACAGATTTCTGGCTC-1",3,8
"GACAGCCAGACCTGAC-1",8,5
"GACAGGCACACACTAT-1",5,3
"GACAGGTAATCCGTGT-1",2,2
"GACATACTGTCGCAGA-1",5,3
"GACATCCGTCGAACTG-1",2,2
"GACATCGATTTATAAC-1",5,3
"GACATTTCGCCCAGCC-1",1,10
"GACCAAACGTTGACTG-1",2,2
"GACCACACTTCCCTTT-1",2,14
"GACCAGAGCCCTGTAG-1",4,4
"GACCAGGTCATTCATA-1",9,13
"GACCCAATTATGATAC-1",3,8
"GACCCGTCGCCGGCTA-1",9,13
"GACCGACGTGAAAGCA-1",5,3
"GACCGACTGAAGCGTC-1",5,3
"GACCGATTAAATATGT-1",2,14
"GACCGCGTCTGACGTG-1",3,8
"GACCGTCAGGTCGTGA-1",9,13
"GACCGTGCTGACGGTG-1",8,5
"GACCGTTACATGCGAC-1",3,8
"GACCTTCCACGTCTAC-1",2,2
"GACGACGATCCGCGTT-1",5,3
"GACGAGGCTAATAAAC-1",3,8
"GACGATATCACTGGGT-1",2,14
"GACGCCGTAAAGGCTA-1",3,8
"GACGCCTGTTGCAGGG-1",4,4
"GACGCTTGCTTCTAAA-1",8,5
"GACGGACCGCGTTCCT-1",7,13
"GACGGGATGTCTTATG-1",8,9
"GACGGGCATCGAATTT-1",2,2
"GACGGGTTGGCCCGTA-1",3,10
"GACGGTCAATAGAAGC-1",8,5
"GACGGTCCTAGGGTGT-1",3,3
"GACGTGAGACTCCATG-1",8,5
"GACGTTCGTAAATACA-1",4,16
"GACGTTGCTCGGCGGC-1",1,14
"GACTAACACAGCACCT-1",6,15
"GACTAAGATCATGCAC-1",4,4
"GACTAAGTAGGCTCAC-1",4,4
"GACTACAAAGCGGTGG-1",3,8
"GACTACAATTGCTCGT-1",6,15
"GACTAGGCCGTTAGGT-1",2,2
"GACTCACCCACGTGAG-1",5,3
"GACTCCCAGAATAAGG-1",8,5
"GACTCCTTCCAATTGA-1",3,8
"GACTCGCGGGAATGAC-1",4,12
"GACTCGGTCGGCGGAT-1",6,6
"GACTCTAGAGTTCCAA-1",2,14
"GACTGATTGGTCACAA-1",6,6
"GACTGCAAATCGAGCT-1",3,8
"GACTGCACCAGCCCAG-1",5,3
"GACTGCGGCACGTGTA-1",5,3
"GACTGCTGGTGAGAAA-1",2,14
"GACTGGGCGCCGCAAC-1",6,15
"GACTTCAACGCATCAA-1",2,14
"GACTTTCGAGCGGTTC-1",3,2
"GAGAAACTGGATCCCA-1",2,2
"GAGAACGGTTCTGACT-1",2,14
"GAGAATCTCACGATCA-1",3,8
"GAGACCCTGCAACGCC-1",6,6
"GAGACTGATGGGTAGA-1",4,4
"GAGACTTCGCGACCGA-1",3,8
"GAGAGCGCAGTCCCTG-1",3,8
"GAGAGGCCTATGTGTA-1",2,2
"GAGAGGGCGCGAGGTT-1",8,5
"GAGAGGTGCATTCTGG-1",5,3
"GAGATCTGCTTGGCAT-1",8,5
"GAGATCTGTCACTCCG-1",4,16
"GAGATCTTCCATGACA-1",5,3
"GAGATGACAATCCTTA-1",8,5
"GAGATGGCTTTAATCA-1",2,14
"GAGATGGGAGTCGACA-1",5,3
"GAGCACCTGTGTCCAG-1",3,8
"GAGCACGGCGCCTCTT-1",5,3
"GAGCATCAACAACTTG-1",3,2
"GAGCATCATCCCTGGG-1",4,4
"GAGCCACGGTAGTAGG-1",7,7
"GAGCCAGCTACCTGTG-1",3,8
"GAGCCGAGCGTTTATT-1",9,13
"GAGCGAGGGAGTACCG-1",7,7
"GAGCGCAAATACTCCG-1",3,8
"GAGCGCGCACGAGTAG-1",3,3
"GAGCGCTGTTAGGTAA-1",3,2
"GAGCGGAATGCGGTGT-1",2,14
"GAGCTAAGGGCATATC-1",4,16
"GAGCTCAACATGAGCG-1",2,14
"GAGCTCTCGGACCTAA-1",4,4
"GAGCTGTCGTCTCGGA-1",7,7
"GAGGAATGGAGAGGTT-1",8,5
"GAGGAGATCCTCATGC-1",3,8
"GAGGAGTAATTCCTAC-1",7,7
"GAGGATAAACAGTGCT-1",5,3
"GAGGCATTTGCAGCAG-1",7,7
"GAGGCCCGACTCCGCA-1",3,8
"GAGGCCTGTTGATACA-1",2,14
"GAGGCTATCAAAGTCG-1",5,3
"GAGGGAGTCAGATCGC-1",2,14
"GAGGGCATCGCGTATC-1",4,4
"GAGGGCCATAATATTA-1",4,16
"GAGGGCCGGCAGAGTC-1",6,6
"GAGGGCGCAGCTCTGC-1",4,16
"GAGGGTAGTAACAAAG-1",3,8
"GAGGTACATCCATCTT-1",9,13
"GAGGTACGCGTGTCCC-1",2,14
"GAGGTCCCAAAGATCT-1",8,5
"GAGGTCTTAGTGGGTC-1",6,15
"GAGTAAACCGGAAAGT-1",3,8
"GAGTAAATTAAGAACC-1",2,14
"GAGTAAGGCCACGGGA-1",3,8
"GAGTACGGGTATACAA-1",4,4
"GAGTAGATACTAGTTG-1",2,2
"GAGTATACCCTAATCA-1",2,14
"GAGTATCAAAGTTACA-1",2,2
"GAGTATGCCCGCCTTG-1",5,3
"GAGTATGCGCGTGCAT-1",2,2
"GAGTCAGACCAGAATC-1",3,8
"GAGTCCACCAGGTTTA-1",2,2
"GAGTCCGCTTACCGGA-1",5,3
"GAGTCGACAGACCCTC-1",5,3
"GAGTGCACGGACAACA-1",4,16
"GAGTGTCAACCAGAAA-1",2,2
"GAGTGTGCGGTACCCA-1",5,3
"GAGTTGATGGCAATTT-1",3,8
"GATAAATCGGTGGATG-1",4,4
"GATAACTCGCACTGTG-1",8,5
"GATAAGGCAGATGCAA-1",8,5
"GATACCGTGTCGGAGT-1",5,3
"GATACGATGGGAGTCA-1",5,3
"GATAGATAGTACAGTC-1",2,14
"GATAGGATTAATTACA-1",5,3
"GATAGGTAACGTTGAC-1",5,3
"GATAGGTGTCCCGGGC-1",5,3
"GATAGTGCGAGTAAGT-1",2,14
"GATATCTCATGCAATA-1",7,13
"GATATGAGACACTAAC-1",8,5
"GATATGCGGTAGCCAA-1",7,7
"GATATGGATTACGCGG-1",8,5
"GATATTGAGATTGGCG-1",8,5
"GATATTTCCTACATGG-1",7,7
"GATCAACATAAAGGGA-1",3,8
"GATCATTCCAAACATT-1",4,4
"GATCCCTTTATACTGC-1",4,4
"GATCCGAATATAAGTG-1",8,5
"GATCCGGGAATTAACA-1",8,5
"GATCCTAAATCGGGAC-1",4,4
"GATCCTCGACACTGGC-1",5,3
"GATCCTCTTGCGCTTA-1",6,15
"GATCGACACTATCTGA-1",4,4
"GATCGCGGGCTCTCCA-1",8,5
"GATCGCTACCCGATTT-1",3,8
"GATCGCTATATCTCAG-1",3,2
"GATCGCTGTGGTGCGT-1",1,14
"GATCGGATAGAACCAT-1",3,8
"GATCGGCGATAAGTCG-1",5,3
"GATCGGTGGCCATAAC-1",4,4
"GATCGTGACTGATATC-1",8,5
"GATCTAACCGTATTCA-1",3,8
"GATCTCGACGCTGTGG-1",3,8
"GATCTGCTATCTAAGG-1",3,2
"GATCTTGGAGGGCATA-1",5,3
"GATCTTTGCAGGGTAT-1",8,5
"GATCTTTGCTCAAAGA-1",6,6
"GATGACAAGTAGGGCA-1",3,8
"GATGACGATGATCGCG-1",7,7
"GATGAGGAACCTTCGG-1",2,14
"GATGATTTGAAACTGG-1",4,16
"GATGCCACACTACAGC-1",4,16
"GATGCCAGCAGAAGGC-1",5,3
"GATGCCTTCTGCGGCA-1",3,8
"GATGCGAATGGTATTA-1",5,3
"GATGCGTCCTGCATTC-1",8,5
"GATGCTACAAGCGCCT-1",7,7
"GATGCTGTATTTCATC-1",8,5
"GATGGCGCACACATTA-1",8,5
"GATGGTGAAATAACCC-1",6,6
"GATGGTGCCCTAGGCA-1",9,13
"GATGTAACGAACCACC-1",3,8
"GATGTCCGGATCACAT-1",4,16
"GATGTCGGTCAACTGC-1",9,13
"GATGTGTTGTCACAAG-1",6,15
"GATGTTCAATCCACGA-1",8,5
"GATGTTTGTGCGAGAT-1",8,5
"GATTAACCGAAAGCCC-1",3,8
"GATTAATCCTGGCTCA-1",8,9
"GATTACTGAATTTGGG-1",5,3
"GATTATCTTGCATTAT-1",2,2
"GATTCCCTTGTCGCAG-1",4,12
"GATTCCGCGTTTCCGT-1",9,13
"GATTCCTATACGGCGC-1",8,5
"GATTCGACGGTTCACG-1",8,5
"GATTCTGTTAATGAGT-1",2,2
"GATTGACACTCTGCTC-1",9,13
"GATTGCTCCAGTTGCA-1",2,2
"GATTGGGAAAGGTTGT-1",2,2
"GATTTAGTGCGTACTG-1",7,13
"GCAAACCCTACATTAT-1",5,3
"GCAAACCTTGGCCATA-1",3,8
"GCAAACGTCGCCAGGT-1",3,8
"GCAAAGGGCGTTAGCC-1",2,2
"GCAAATATTACGCTTT-1",8,5
"GCAAATGAGGACACTT-1",3,10
"GCAACACACTAGAACT-1",3,3
"GCAACAGCAGTATGCG-1",5,3
"GCAACCACCAGACCGG-1",9,13
"GCAACCACGGCCGCGT-1",5,3
"GCAACCCAAGTTGTTT-1",3,8
"GCAACGGCTAGTTATG-1",5,3
"GCAAGAATTCCTTGGC-1",5,3
"GCAAGATGTGTTCGCG-1",6,15
"GCAAGTGCACAGAGAA-1",4,4
"GCAAGTGTAAAGCATG-1",2,14
"GCAATTAGTCGCACCG-1",8,5
"GCACAAACCCTAGATG-1",2,2
"GCACAAACGAGGCGTG-1",5,3
"GCACAACCTCGGGCGT-1",3,8
"GCACAAGTGGATCATA-1",3,8
"GCACAAGTGTCGGAAG-1",9,13
"GCACACACTGGTAGCC-1",3,8
"GCACACAGCTATTACC-1",1,1
"GCACACGCCCATGGTC-1",5,3
"GCACCTTCCCGAAGGT-1",2,1
"GCACGCCGATTCCCGC-1",2,14
"GCACGCCTACTTAGAT-1",3,8
"GCACGTGGTTTACTTA-1",2,14
"GCACTAGTCGCGCTAT-1",4,16
"GCACTCCCACAGTCCC-1",7,7
"GCACTGCCTACCTTTA-1",2,14
"GCACTGTGCAAATGTA-1",4,4
"GCAGAAACGTAATCCA-1",6,6
"GCAGAAGGTAATCTCC-1",3,8
"GCAGACCCAGCACGTA-1",5,3
"GCAGATCCATAAGACT-1",5,3
"GCAGATCCTCGCAAAT-1",5,3
"GCAGATTAGGGATATC-1",8,5
"GCAGCACACAGCCCAG-1",8,5
"GCAGCCTATATCACAT-1",8,5
"GCAGCGGTGGGCATTA-1",8,4
"GCAGCTATGGACAGGT-1",9,13
"GCAGCTGTCAACGCAT-1",2,14
"GCAGGAACTTAGATCT-1",3,8
"GCAGGACTATAGAATA-1",8,5
"GCAGGTAGAGTATGGT-1",7,7
"GCAGTGCGGGCGGATG-1",2,2
"GCAGTGTGGCTATAGG-1",3,8
"GCAGTTCGATCCGAGC-1",2,2
"GCATAAATTGAACGCC-1",6,6
"GCATACGAGGTCTTTA-1",5,3
"GCATAGAGCACTCAGG-1",8,5
"GCATCCCTAACTTTGA-1",4,4
"GCATGACACAAAGGAA-1",1,14
"GCATGAGGGACGCGGC-1",4,16
"GCATGCTAATAACGAT-1",1,14
"GCATGGGTACTGACGC-1",3,10
"GCATTCAAGGCAACGC-1",8,5
"GCATTCGAAATGAACA-1",5,3
"GCATTGACTTGCGGAA-1",3,8
"GCATTGTAATTCATAT-1",5,3
"GCATTTCCAAGGCTCC-1",8,5
"GCCAACCATTTCCGGA-1",4,16
"GCCAAGAATACTTCTG-1",3,8
"GCCAATAGGGCATCTC-1",4,16
"GCCACAATTTAAGGAC-1",5,3
"GCCACTCAGAGCGCGA-1",3,8
"GCCACTCCTTACGGTA-1",2,2
"GCCAGGAAAGAACACT-1",2,14
"GCCAGGAGTAACCGAT-1",7,7
"GCCAGGCGTTCGCATG-1",6,15
"GCCATATTGCACACAG-1",7,7
"GCCATCGAGCTGCGTG-1",3,8
"GCCATCGATGCTGCAT-1",8,5
"GCCATTAGCCTCAAAC-1",3,8
"GCCCACCAAGGCTGTC-1",4,4
"GCCCACTGGTCCACAA-1",6,6
"GCCCAGATGCTGGAGA-1",5,3
"GCCCAGTTGGTATGCC-1",4,4
"GCCCATGGGTGCAATG-1",6,6
"GCCCGACTTCTTCCCG-1",5,3
"GCCCGAGAGTCTAAAT-1",3,2
"GCCCGATCTGTGGTCG-1",3,8
"GCCCGATGCCCAGTTC-1",1,1
"GCCCGCGCGTAAACGG-1",5,3
"GCCCGCGCGTTTGACA-1",4,4
"GCCCGTAATACCTTCT-1",4,16
"GCCCTAAGTGCAGGAT-1",3,2
"GCCCTAGCCGTCGCGA-1",3,8
"GCCCTGAGGATGGGCT-1",1,14
"GCCGAAATTCCTACGT-1",8,5
"GCCGACCCACGACTGC-1",3,8
"GCCGATTGGCCAAGCT-1",8,5
"GCCGCACTCCGTTTCA-1",5,3
"GCCGCATTAGTCCGGC-1",5,3
"GCCGCTAGATACGCAG-1",6,6
"GCCGCTTGTGAGAAAC-1",8,5
"GCCGGGTTAGGGTCGC-1",8,5
"GCCGGTTTGGGCGGAT-1",8,9
"GCCGTCGGTTTCGGGC-1",2,14
"GCCGTGGAAGAAATGT-1",5,3
"GCCTACGTTCTGTGCA-1",2,14
"GCCTAGCGATCTGACC-1",4,4
"GCCTATAGTGTCAGGG-1",4,16
"GCCTATCAGGTAAGAT-1",2,2
"GCCTATGCTGGGCCTT-1",7,7
"GCCTATTCCGATATAG-1",8,5
"GCCTATTTGCTACACA-1",7,7
"GCCTCATCTGGAAATA-1",8,5
"GCCTCCGACAATTCAC-1",3,2
"GCCTCTATACATAGCA-1",3,8
"GCCTGCTACACTGAGA-1",6,15
"GCCTGTCCCGGTGCAT-1",2,14
"GCCTTCAGCCCTACCG-1",7,7
"GCCTTGTATATGCAGT-1",5,3
"GCCTTTGTCAGTGGAC-1",2,2
"GCGAAACGATCGGGAG-1",3,8
"GCGAAACTTAACTGGA-1",5,3
"GCGAAGAATCTGACGG-1",2,14
"GCGAAGCCATACCCGT-1",4,4
"GCGAATGGACTAGCGA-1",2,2
"GCGACATGTAAACATC-1",5,5
"GCGACCCAACCATCTG-1",3,8
"GCGACGATAGTTGTAC-1",5,3
"GCGACGGTAGTCTCCT-1",1,1
"GCGAGAAACGGGAGTT-1",3,8
"GCGAGAGGCCATGTAA-1",4,16
"GCGAGAGTTGCGTCCA-1",8,5
"GCGAGCGCATGCTCCC-1",5,3
"GCGAGGCCCGAGCAGA-1",8,5
"GCGAGTTCTGCAAAGA-1",8,5
"GCGATTCTGGAAGCAG-1",9,13
"GCGATTGTTAACGTTA-1",8,5
"GCGCAAATATATTCAA-1",3,8
"GCGCAAGAGCGCGCTG-1",5,3
"GCGCATCCAGTCAGCA-1",4,16
"GCGCCGTTCCACGATA-1",8,5
"GCGCCTCCCACTCCGA-1",5,3
"GCGCGATGGGTCAAGT-1",7,7
"GCGCGTCATTGGTACA-1",3,8
"GCGCTAAGTATGCATG-1",6,15
"GCGCTAATTGAATAGA-1",8,5
"GCGCTATGCCGAGGCA-1",8,5
"GCGCTCGATCACCTGT-1",3,8
"GCGCTGATCCAGACTC-1",7,7
"GCGCTGCTTTGCATTT-1",4,16
"GCGCTTAAATAATTGG-1",3,8
"GCGGACCGCGTTGTGG-1",5,3
"GCGGAGAAACTTCGCA-1",3,8
"GCGGAGAGGGAGAACG-1",5,3
"GCGGATTACTTGTTCT-1",2,14
"GCGGCAAAGTATTGCC-1",3,8
"GCGGCTCTGACGTACC-1",8,5
"GCGGCTTTAGCAAGTT-1",2,14
"GCGGGAACCAGGCCCT-1",7,7
"GCGGGCAGACGGGTGA-1",2,2
"GCGGGCATTACGATGC-1",8,5
"GCGGGCGAGCCTTACC-1",3,8
"GCGGTAACCCAAATGA-1",8,9
"GCGGTCCCGGTGAAGG-1",7,7
"GCGGTCCCTAGACGCA-1",4,7
"GCGGTCTTGCTTTCAC-1",2,14
"GCGGTGAACTGCGCTC-1",7,7
"GCGGTGCGGAGCATCG-1",5,10
"GCGGTTCCCTATCATG-1",5,3
"GCGTAAATGGCCATAA-1",8,5
"GCGTCCAGCTCGTGGC-1",4,4
"GCGTCCCTAAGACATA-1",2,2
"GCGTCGAAATGTCGGT-1",7,7
"GCGTCGCCAGGGTGAT-1",3,8
"GCGTCGTAACATGGTC-1",2,14
"GCGTCTAACCTCCTAA-1",8,5
"GCGTCTCTGCATTGGG-1",8,5
"GCGTGGTACTGGGTTA-1",8,5
"GCGTGTATGTCGTATT-1",9,13
"GCGTTATATTTGGAAC-1",5,3
"GCGTTCGGAGACCGGG-1",7,7
"GCGTTCTGACTAAGCG-1",2,2
"GCTAAACCTGAGGTGA-1",8,5
"GCTAACTGAAGTCTGA-1",3,8
"GCTAAGCCCAGTATGC-1",2,2
"GCTAAGTAAAGGCGAT-1",5,3
"GCTAAGTAGTTTCTCT-1",8,5
"GCTAATACCGAATGCC-1",4,4
"GCTACAATCGAGGATA-1",2,2
"GCTACACTGTCCGAAC-1",5,9
"GCTACAGTACGGACCG-1",5,3
"GCTACGACTTATTGGG-1",8,5
"GCTACTATAGTAGAGT-1",3,8
"GCTAGACCGTCTACTG-1",5,3
"GCTAGAGTAGAGATGT-1",3,8
"GCTAGCAACGCACCTA-1",2,2
"GCTAGCACCTGGGCCA-1",5,3
"GCTAGCAGGGAGTGGG-1",9,13
"GCTAGCGATAGGTCTT-1",2,2
"GCTAGCTTGAATAGCT-1",3,3
"GCTAGGCACCACGGAG-1",3,8
"GCTAGTAGAGCTTGTA-1",8,5
"GCTAGTTTCATTGAGG-1",4,4
"GCTATAAGGGCCAGGA-1",2,2
"GCTATACGTCTCGGAC-1",3,8
"GCTATCATACTCATGG-1",3,8
"GCTATCGCGGCGCAAC-1",8,5
"GCTATGCCAGCTTATG-1",3,10
"GCTCAATCCGTTTATT-1",3,8
"GCTCAATGTAATACCG-1",1,1
"GCTCATTACTGCATGT-1",9,13
"GCTCCATGAGTGCAGA-1",2,2
"GCTCCCAGTCGGTCCA-1",5,3
"GCTCCGCTCGCTTCAG-1",5,3
"GCTCCGGACGTTGATA-1",6,6
"GCTCCTGACATACTGG-1",3,8
"GCTCGCGGTTCCGCTC-1",5,3
"GCTCGCTCATGTCCAA-1",5,3
"GCTCGGAATTTAAAGC-1",7,7
"GCTCTAAACCCTGACG-1",4,4
"GCTCTATGTTACGTGC-1",4,4
"GCTCTCGGGTACCGAA-1",4,4
"GCTCTTTCCGCTAGTG-1",2,2
"GCTGAACTCTCCAGGG-1",5,3
"GCTGAATCTTCCAATC-1",3,8
"GCTGAGGCGTGAGTAT-1",8,5
"GCTGCACGGTTTCTTA-1",8,5
"GCTGCTAAGTAGTCGA-1",3,8
"GCTGCTACTGCGTAGC-1",5,3
"GCTGCTCTCCGGACAC-1",4,4
"GCTGGACCCAAAGTGG-1",9,13
"GCTGGCATATTCACCT-1",8,5
"GCTGGCGGCGCATGCT-1",3,8
"GCTGGGAGCGCGTCAA-1",1,14
"GCTGGTGACTCGTAGT-1",6,15
"GCTGGTTTAGGCCATA-1",3,8
"GCTGTATTACTGGCCC-1",5,3
"GCTGTCTGTGATCGAC-1",6,15
"GCTGTTGCTACCGAAC-1",8,5
"GCTTAATGTAACTAAC-1",5,3
"GCTTACGTAGTTAGTA-1",8,5
"GCTTAGGGAAGCGGTA-1",6,15
"GCTTATGAAGCAGGAA-1",8,5
"GCTTCAGTGGGATTAC-1",6,15
"GCTTCCAGCTTAGATT-1",5,8
"GCTTCCATGTAACCGC-1",2,2
"GCTTCCCGTAAGCTCC-1",2,2
"GCTTCCGTCCCTAGAC-1",4,16
"GCTTCGACGTTCAATC-1",2,14
"GCTTGAGTGACCTCTG-1",2,14
"GCTTGATGATAATCAG-1",4,4
"GCTTGCAGCACAATTG-1",7,7
"GCTTGGATCGATTAGG-1",8,5
"GCTTTACACAACTGGG-1",1,1
"GCTTTATTAAGTTACC-1",3,8
"GCTTTCAGAGGAGGTG-1",8,5
"GCTTTCTATCTCAACT-1",6,6
"GGAAACCTTGTTGAAT-1",7,7
"GGAAACTAAATGGGCC-1",2,2
"GGAAAGGGAATTGAGC-1",2,14
"GGAAAGTGCCCATGCC-1",7,7
"GGAACCCGAACAAGAA-1",5,3
"GGAACCGTGTAAATTG-1",5,3
"GGAACCTTGACTCTGC-1",3,2
"GGAACGGCCTGCAGCC-1",5,3
"GGAACTTTGGCGATTA-1",2,2
"GGAAGATAAGACTGTA-1",6,6
"GGAAGCTCGCTTACAG-1",9,13
"GGAAGGACACCGTATA-1",2,2
"GGAATAACCTCAAGAA-1",9,13
"GGAATGCGCTAGCGTG-1",4,16
"GGACAACCATGAAGCC-1",2,14
"GGACAAGTTGCAGTGA-1",3,8
"GGACACAAGTTTACAC-1",5,3
"GGACACCTCGGTGTTG-1",2,2
"GGACCAACAGGATAAC-1",5,3
"GGACCTACGGTAACGT-1",7,7
"GGACCTCTAGGCCGCC-1",3,8
"GGACGGCTTGCGCAAC-1",6,6
"GGACGGGCGACCAACC-1",2,14
"GGACGTCCATAGTTGG-1",9,13
"GGACTAAGTCAGGAGT-1",3,8
"GGACTCACAAATTAGG-1",3,8
"GGACTCGAAGCTTTCA-1",2,2
"GGACTCGACAGCGCAT-1",2,14
"GGACTCGTGAGTGGTC-1",2,2
"GGACTCTTCCGGTTGA-1",2,2
"GGACTCTTTGACTAAG-1",2,14
"GGAGAAGTCATTGGCA-1",4,4
"GGAGACCAATGTGCTT-1",4,16
"GGAGACCATCTACATA-1",3,8
"GGAGACGACACCTTTG-1",5,3
"GGAGCAACATTTCAAG-1",3,8
"GGAGCACCAAGAACTA-1",4,4
"GGAGCGAGGCCTACTT-1",2,14
"GGAGGATTGAAAGGAG-1",9,15
"GGAGGCCGAAGTCGTC-1",5,3
"GGAGGCGAAGAACCGC-1",6,6
"GGAGGGCTTGGTTGGC-1",4,16
"GGAGGGTCAAGTAAGA-1",2,14
"GGAGTGCCGCCCTGGA-1",7,7
"GGATACTCATGAATTG-1",4,4
"GGATCAAAGGACGAGG-1",7,7
"GGATCAGAGCCATCAG-1",3,10
"GGATCATCCCGTACGC-1",7,7
"GGATCCCTACCAGCTA-1",3,8
"GGATCCGGAATATACT-1",8,5
"GGATCTTACTGCCCTT-1",2,2
"GGATCTTGACTCAACC-1",3,8
"GGATGAAGATCGCTGA-1",8,5
"GGATGACGCGAGTTTA-1",8,5
"GGATGCTGGCGTTCCT-1",5,3
"GGATGGCTTGAAGTAT-1",1,14
"GGATGTCCTTACCGCA-1",8,5
"GGATTAAGCTAAGGTC-1",6,15
"GGATTAATCATGGACC-1",2,14
"GGATTCAGTACGGTGG-1",8,5
"GGATTCCGCTATACCC-1",7,7
"GGATTGAAGTAGCCTC-1",2,2
"GGATTGCTGTGACTCC-1",3,8
"GGATTTCACTTCTATA-1",4,16
"GGCAAAGGCGCCAATA-1",3,8
"GGCAAATTACTTTACT-1",8,5
"GGCAAGCCAGGGATAG-1",7,7
"GGCAAGCCCATAGTGG-1",2,2
"GGCAAGGCGAAATAGC-1",5,3
"GGCAATAGTCAATGAG-1",4,4
"GGCACGCTGCTACAGT-1",2,14
"GGCACTCAGCCGACCC-1",2,2
"GGCACTCCACTGGGCA-1",8,5
"GGCAGAGAGATCGGGA-1",3,10
"GGCAGCAAACCTATGC-1",3,8
"GGCAGCGGTAATCCTA-1",9,13
"GGCATACAGGTAGCGG-1",8,5
"GGCATATCGGTTCTGC-1",9,13
"GGCATTGAACATCTCA-1",2,14
"GGCCAATTGTATAGAC-1",2,14
"GGCCCAATCTAGAGGG-1",6,6
"GGCCCAGCTGGTTTGC-1",2,14
"GGCCCAGTTATCAGCA-1",6,6
"GGCCCGGAGCATGTCT-1",5,3
"GGCCCGTATACCATGC-1",8,5
"GGCCCTCACCCACTTA-1",5,3
"GGCCGAGACTCTGGTG-1",3,8
"GGCCGGCGTCTGCTAT-1",2,2
"GGCCGTTTGGGTTTCA-1",3,8
"GGCCTGCTCTGATGTT-1",1,1
"GGCCTGCTTCTCCCGA-1",2,14
"GGCCTTTGCAACTGGC-1",3,8
"GGCGAAATCTAACTTG-1",8,5
"GGCGAACCGTTCTGAT-1",7,7
"GGCGAGCATCGAGGAC-1",8,9
"GGCGAGCGAAACGGCA-1",3,8
"GGCGCACAGTTTACCT-1",2,2
"GGCGCAGGACATCTTC-1",5,3
"GGCGCATGAATTGATG-1",8,5
"GGCGCGGAGATCTTTC-1",3,8
"GGCGCGTTCGAGTTTA-1",5,3
"GGCGCTCCTCATCAAT-1",5,3
"GGCGCTTCATTCCCTG-1",2,14
"GGCGGAGTAATATTAG-1",8,9
"GGCGGGCTCTAAGAGT-1",2,2
"GGCGGTAGGATCATTG-1",4,4
"GGCGTACCCTATATAA-1",7,7
"GGCGTAGGGAAAGCTG-1",2,2
"GGCGTCCTATCCGCTG-1",8,5
"GGCTAAAGGGCGGGTC-1",7,7
"GGCTAATGATTGAAAT-1",6,6
"GGCTACTATACACTCC-1",2,2
"GGCTATTAAGTTGTAT-1",8,5
"GGCTCCTCCACCTGTT-1",3,8
"GGCTCGCGTTGAGGTA-1",8,5
"GGCTCGTGCCACCAGC-1",4,4
"GGCTCTGCTCCAACGC-1",4,7
"GGCTGAAATAGCAAAG-1",5,3
"GGCTGAGCATCGTAAG-1",6,15
"GGCTGGCAATCCCACG-1",2,2
"GGCTGGCTAGCTTAAA-1",8,5
"GGCTGTCCTACTGCGG-1",2,14
"GGCTTCTCGTGGGTGG-1",3,8
"GGCTTTCAATAAGGGT-1",3,8
"GGGAACCACCTGTTTC-1",4,16
"GGGAACGGGAGGTTAG-1",8,5
"GGGAACGGTTTCAGAT-1",3,2
"GGGAAGACGGTCTGTC-1",2,2
"GGGAAGGGCTTTCTCA-1",2,2
"GGGAATGAGCCCTCAC-1",7,7
"GGGAATTCTGTCCAGT-1",3,8
"GGGACAGAGTTACTCC-1",3,8
"GGGACCCGTATATCTT-1",3,8
"GGGACTGCATAGATAG-1",4,4
"GGGAGAACTCACAGTA-1",4,4
"GGGAGCGACCGTAGTG-1",2,14
"GGGAGGATGCCCGAAA-1",8,5
"GGGAGTAATGGCTGGC-1",4,4
"GGGAGTTAATGAGGCG-1",4,16
"GGGATATTGATCGCCA-1",1,1
"GGGATCCCAATACAAA-1",7,7
"GGGATGGTCGTAACCG-1",5,3
"GGGATTTACCGCACCT-1",8,5
"GGGCAACCGCACGTGC-1",3,8
"GGGCACGTAGTACTGT-1",2,14
"GGGCAGACGTCACTGC-1",3,2
"GGGCAGAGCAATCGTT-1",3,8
"GGGCAGTCAACGCCAA-1",2,14
"GGGCCCGTCTTAAACA-1",8,5
"GGGCCCTACGAAAGGG-1",5,3
"GGGCCCTTATCTATAC-1",3,8
"GGGCCGGCCGAAGTAC-1",8,5
"GGGCCTAAATGGGCTA-1",3,8
"GGGCCTATACAACCGG-1",6,6
"GGGCCTATTTAAGTAT-1",6,6
"GGGCGAATTTCTCCAC-1",3,8
"GGGCGATATGTGTGAA-1",4,4
"GGGCGCAGCGTTACTC-1",8,5
"GGGCGGCAAATGAATT-1",5,3
"GGGCGGGTTCCCTACG-1",5,3
"GGGCGGTCCTATTGTC-1",8,5
"GGGCGTACATTTATAT-1",4,4
"GGGCGTCACCACGTAA-1",5,3
"GGGCGTCCACTGGCTC-1",9,13
"GGGCGTGGTTTCCCAG-1",3,2
"GGGCGTTTACATTCAT-1",2,2
"GGGCTACTATTTCGTG-1",3,8
"GGGCTATGATCGATGG-1",3,8
"GGGCTCATCGAACCCA-1",4,4
"GGGCTGCCTAGGGCGA-1",9,13
"GGGCTGGTTAGTCGCG-1",4,4
"GGGTAATGCTGTGTTT-1",5,9
"GGGTACCCACGGTCCT-1",8,5
"GGGTACTTCATGAACT-1",8,5
"GGGTATGTATGCACTT-1",8,5
"GGGTATTCTAGCAAAC-1",3,8
"GGGTCACCGTGACGGT-1",8,5
"GGGTCACGTGCTTATG-1",6,6
"GGGTCAGGAGCTAGAT-1",2,2
"GGGTCATGCGTACCAT-1",5,3
"GGGTCGTGGCAAGTGT-1",4,16
"GGGTCTATCGCTTTCC-1",2,14
"GGGTGACACCTTAACT-1",5,3
"GGGTGCATATGAAAGC-1",8,5
"GGGTGGTCCAGCCTGT-1",9,13
"GGGTGTTTCAGCTATG-1",7,7
"GGGTTAACATTTGAGT-1",3,8
"GGGTTCAGACGAACAA-1",5,3
"GGGTTTAGGATAGGAT-1",5,3
"GGTAAACTCTGCGCTG-1",2,14
"GGTAAATGTGCGTTAC-1",9,13
"GGTAACCGGGAGGATA-1",3,8
"GGTAACTATGTATCTG-1",4,16
"GGTACAAACATGCTAT-1",8,5
"GGTACACCAGATTTAT-1",4,16
"GGTACATCTGGGACGA-1",5,3
"GGTACCATTAAGACGG-1",8,5
"GGTACGTTGCGGCCGG-1",2,14
"GGTACTAAGTGCTTTG-1",3,8
"GGTAGAAGACCGCCTG-1",3,8
"GGTAGACCGTTGGGCG-1",3,8
"GGTAGTGCTCGCACCA-1",8,5
"GGTATAGTGACACATA-1",8,5
"GGTATTGCCGAGTTTA-1",8,5
"GGTCAAGACTACTTCG-1",3,8
"GGTCACGTTAGATTCA-1",4,4
"GGTCAGTGGGTCCCAC-1",5,3
"GGTCATTGTAGTCATA-1",6,15
"GGTCCACGTCTATTTG-1",1,1
"GGTCCCATAACATAGA-1",6,6
"GGTCCTTCATACGACT-1",3,8
"GGTCGGATAAACGGCG-1",4,4
"GGTCGGCCAGGAGCTT-1",4,16
"GGTCGGTAATTAGACA-1",4,4
"GGTCGGTCGTCCACAG-1",3,8
"GGTCGTAAGCTCGCAC-1",3,8
"GGTCTCCAAGTAGTGC-1",3,8
"GGTCTCCGTCCAGGTT-1",2,2
"GGTCTCTGAATGGACT-1",5,3
"GGTCTGAGAATCTGGA-1",4,16
"GGTCTTGAGCGCTCTT-1",2,14
"GGTGAAACCGGGAATG-1",7,7
"GGTGAACGGGCTAGCC-1",4,4
"GGTGAAGTACAGGGAT-1",5,3
"GGTGACTGATAGAGAG-1",2,2
"GGTGAGATGCAGATAA-1",4,4
"GGTGATAAGGAGCAGT-1",8,5
"GGTGATTTCATCTTGT-1",4,4
"GGTGCAGAGCCTATCG-1",9,13
"GGTGCATAAATGATTA-1",2,14
"GGTGCGGATAAGTGGC-1",7,7
"GGTGCTGATCACAAAG-1",8,5
"GGTGCTGGTACACATT-1",8,5
"GGTGGACCACGTGTTA-1",6,6
"GGTGGACTGCTCTGGC-1",3,8
"GGTGGAGGTTGATACG-1",5,3
"GGTGTAAATCGATTGT-1",2,14
"GGTGTTCTGTTTCTAC-1",6,15
"GGTGTTGGGCGTCTTA-1",3,8
"GGTTACCACCCTCGGG-1",5,3
"GGTTACCCGACACTTT-1",8,5
"GGTTAGCTATATGTCT-1",5,3
"GGTTAGGCTTGGAGAA-1",8,5
"GGTTAGTTACGGCGCC-1",8,5
"GGTTCCACCCGCTTCT-1",6,15
"GGTTCCCTAGTGTCTC-1",6,6
"GGTTCGATGCTGAGTT-1",6,6
"GGTTCGCATTTGCCGT-1",2,2
"GGTTCGGATTATACTA-1",3,8
"GGTTCTACTCGTCTGA-1",5,3
"GGTTGTATCGTGAAAT-1",7,7
"GGTTGTGCTCTTGTCC-1",3,8
"GGTTGTGTAGCCTGGC-1",5,3
"GGTTTAATTACCATCG-1",2,2
"GGTTTAATTGAGCAGG-1",4,16
"GGTTTACAATCTCAAT-1",4,4
"GGTTTAGCCTTTCTTG-1",5,3
"GGTTTCAATCGGTCAG-1",8,5
"GGTTTGACAAGAAGCT-1",6,15
"GGTTTGAGTGCTGGAA-1",4,4
"GGTTTGCGAACACGTA-1",7,13
"GGTTTGTGACCTGAGG-1",2,2
"GTAACAACTGACCTTG-1",6,6
"GTAACAGGTTAACGGC-1",2,14
"GTAACATCAGCTCATC-1",6,6
"GTAACATCTAAGATAA-1",2,2
"GTAACTACGTAGACCT-1",1,1
"GTAACTGCCCAAGGAG-1",2,14
"GTAACTTGCGGCAGTC-1",4,4
"GTAAGCGGGCAGTCAG-1",4,7
"GTAAGGATTTGTCGGA-1",9,13
"GTAAGTAACAGTCTGG-1",8,5
"GTAAGTAGGGTATACC-1",8,5
"GTAAGTCCACACTCTA-1",5,3
"GTAATAAAGGGCTCCC-1",8,5
"GTAATCTGATTCTTCG-1",5,3
"GTACACTTACCTGAAG-1",8,5
"GTACAGAGGCAAGGGT-1",8,5
"GTACGACGGCGCTGCG-1",8,5
"GTACGAGATTGCGACA-1",7,7
"GTACGCTTCATTGCAC-1",5,3
"GTACGTCACGTATTAA-1",6,15
"GTACGTTTGCCCGTCA-1",5,3
"GTACTAAGATTTGGAG-1",4,4
"GTACTACGGCCTCGTT-1",2,2
"GTACTCCCTTATCGCT-1",5,3
"GTACTCCTGGGTATGC-1",4,16
"GTACTGAGGTCGTAAC-1",7,7
"GTACTGCATGAAGCGT-1",4,4
"GTACTGGAGTTAGACC-1",8,5
"GTACTTGGGCACTTCT-1",4,5
"GTAGAAACGGGTGGAG-1",5,3
"GTAGACAACCGATGAA-1",7,7
"GTAGACACGCCTGACT-1",2,2
"GTAGACGTCGTTACAT-1",4,4
"GTAGAGGGAGACAAGT-1",5,3
"GTAGCCAAACATGGGA-1",5,3
"GTAGCGCTGTTGTAGT-1",7,7
"GTAGCGGCTATACACT-1",8,5
"GTAGCTAGTAAGCGCG-1",6,6
"GTAGCTCCGGGAGGCT-1",2,2
"GTAGCTTCCTCTTGTT-1",4,16
"GTAGGTGATCCGTGTA-1",9,13
"GTAGTCGCGGGAATCA-1",5,3
"GTAGTCTACGATATTG-1",2,2
"GTAGTTCGAAGGCGAA-1",2,2
"GTAGTTTAAGCACACG-1",1,1
"GTATAGGACTCAGTAG-1",7,7
"GTATAGTGGCCCATGT-1",6,15
"GTATATGTTACGGCGG-1",5,9
"GTATCAAACGTTAGCT-1",3,8
"GTATCAAGGTACTTCC-1",1,1
"GTATCAGCTTGGGTTC-1",4,4
"GTATCCTTTGGTAACC-1",2,2
"GTATCGGGACGAGCTG-1",5,8
"GTATCTCAGTCTTGAC-1",3,8
"GTATCTCCCTAACTGT-1",9,11
"GTATCTCGGGCGCTTT-1",1,1
"GTATCTTGTTGCTCAC-1",7,7
"GTATCTTTCATAACCA-1",5,3
"GTATGAAATTTCACTC-1",3,8
"GTATGACGTGGGAAAC-1",8,5
"GTATGTGGGTCTAGTT-1",8,5
"GTATTAAGGCGTCTAA-1",8,5
"GTATTAGGGTTCGCGT-1",6,6
"GTATTCTGAGAAACGA-1",5,3
"GTATTCTTACCGTGCT-1",5,9
"GTATTTAATGGCATAA-1",3,8
"GTCAAAGAAGTGGTGT-1",3,8
"GTCAAAGTTTACATAG-1",8,5
"GTCAACCAGGCCTATA-1",2,14
"GTCAAGCGGACTCGGG-1",8,5
"GTCAATGCTATAATTT-1",4,16
"GTCACAAAGTTTCCAA-1",9,13
"GTCACCTGTCTATGTC-1",6,15
"GTCACTCTCCAAATCT-1",8,5
"GTCAGAATAGTCTATG-1",8,5
"GTCAGTTGTGCTCGTT-1",9,13
"GTCAGTTTGGTAGTCG-1",5,3
"GTCATCTCCTACAGCT-1",3,8
"GTCATGCACCTCCGTT-1",4,4
"GTCATGCGCGAGGGCT-1",2,2
"GTCATGGACATGACTA-1",4,16
"GTCATTAGAGCGAACG-1",8,5
"GTCATTGCATTGACCC-1",5,3
"GTCCAATATTTAGCCT-1",2,10
"GTCCACGTCGCATTCG-1",2,2
"GTCCAGGCACGTGTGC-1",2,14
"GTCCATTACTGCTACG-1",5,3
"GTCCCAACGTAAAGTA-1",4,5
"GTCCCAATCATCCCGC-1",3,10
"GTCCCGCGACGTTATG-1",3,8
"GTCCGAGAGCAATCAT-1",3,8
"GTCCGGACCTGAAATT-1",3,8
"GTCCGGCTGAATTGCG-1",4,4
"GTCCGGGTTCACATTA-1",1,14
"GTCCGTTAGAGGGCCT-1",3,8
"GTCCTACAGGCGGCTC-1",5,3
"GTCCTACGAATAGTCT-1",3,8
"GTCCTACTCTACGGGC-1",3,2
"GTCCTATTGTTGTGGT-1",3,8
"GTCCTTCTAGTGGGTT-1",6,15
"GTCCTTTAATGACTTC-1",6,6
"GTCGAATTTGGGCGCT-1",2,14
"GTCGATAGGTGACTTT-1",3,2
"GTCGCCGTTGTGTGTT-1",3,8
"GTCGCGTAACCCGTTG-1",8,5
"GTCGGAAGGATACCAG-1",6,13
"GTCGGATATCTCAGAC-1",8,5
"GTCGGATGTAGCGCGC-1",9,13
"GTCGGGAACATGGTAG-1",3,10
"GTCGGGAAGCAGAAAC-1",3,8
"GTCGGGTGAAGTACCG-1",2,14
"GTCGTACCATCTCGGG-1",5,3
"GTCGTACCTACGATTG-1",3,8
"GTCGTATTGGCGTACA-1",7,7
"GTCGTCAATTATAAGG-1",4,4
"GTCGTCTGGTTGGCTA-1",8,5
"GTCGTGTCTGGTCATC-1",8,5
"GTCGTTATTCGCTTAT-1",5,3
"GTCTAAGATGCCCAGC-1",6,6
"GTCTACTCAATTACAA-1",5,3
"GTCTAGTGAGCCGCTT-1",2,14
"GTCTATCTGAGTTTCT-1",8,5
"GTCTATTGCATGCTCG-1",2,14
"GTCTATTGGTTCCGGT-1",3,8
"GTCTCAAGGCCCGGCT-1",3,8
"GTCTCCCGAGTCCCGT-1",1,14
"GTCTCCTGCCAGTATG-1",3,8
"GTCTCGACTAAGTTTG-1",4,16
"GTCTCGATCTGCTTTC-1",7,7
"GTCTCGCCAACACGCC-1",9,13
"GTCTGCCGACTCGACG-1",2,2
"GTCTGGGCGGTCGAGA-1",5,3
"GTCTTACCACGCCAAG-1",2,14
"GTCTTAGTACAGCCGG-1",9,13
"GTCTTGAGGAGCAGTG-1",5,3
"GTCTTGTAGCTATTCA-1",5,3
"GTGAAACGGCGCCACC-1",4,4
"GTGAAACGTGCTCCAC-1",4,4
"GTGAACTCCCATTCGA-1",8,5
"GTGAAGATTTCAAGTG-1",7,7
"GTGAAGCCGTATAGTC-1",7,7
"GTGAAGTCACGACTCG-1",3,8
"GTGACAGCTTCCCACT-1",2,2
"GTGACCGCACACTACG-1",8,5
"GTGACCTAAAGAATAA-1",8,5
"GTGACGAGGGTGACCC-1",8,5
"GTGACGCAGGTTTCAT-1",2,2
"GTGACTTCAGTAGTGC-1",5,3
"GTGAGATAACCTTATA-1",2,14
"GTGAGCGTGCTGCACT-1",5,3
"GTGAGGACACTTAAGG-1",8,5
"GTGAGGAGCGGTTGAG-1",9,13
"GTGAGTCGACTAATAG-1",1,14
"GTGAGTCTAAGACGGA-1",5,3
"GTGAGTGGTACAACGC-1",5,3
"GTGATCAAGCGTGCAC-1",2,2
"GTGATCACTAACGCCT-1",5,3
"GTGATCATAGATCTGC-1",5,5
"GTGATCCTTGTCATGA-1",3,2
"GTGATGCACAACATCT-1",6,15
"GTGATTCGCCGCTCAA-1",5,3
"GTGCAACAAATGTGGC-1",7,7
"GTGCACCAGCTTCAAC-1",2,14
"GTGCACGAAAGTGACT-1",7,7
"GTGCAGCGTAGAGTAG-1",3,8
"GTGCCATCACACGGTG-1",5,3
"GTGCCCGTTCGGATTC-1",8,5
"GTGCCGCTTCAAAGGT-1",5,3
"GTGCCTAGCTATGCTT-1",3,8
"GTGCCTCAGTGTACGG-1",9,15
"GTGCCTGAGACCAAAC-1",2,14
"GTGCGAAATCGAACAC-1",5,3
"GTGCGACAGGGAGTGT-1",8,5
"GTGCGCAGCTTGCTCC-1",4,4
"GTGCGCTTACAAATGA-1",4,16
"GTGCGGGACCATCGGC-1",4,4
"GTGCGGGTCTCCAAAT-1",7,7
"GTGCGTGTATATGAGC-1",8,3
"GTGCTATCCAGCTGGA-1",2,2
"GTGCTCAAGTACTGTC-1",8,5
"GTGCTGCAGATAAGGA-1",3,8
"GTGCTGTTAGAACATA-1",3,8
"GTGCTTACATCAGCGC-1",5,3
"GTGGAACCTACATGCG-1",7,13
"GTGGACCAACCCGATT-1",5,3
"GTGGACGCATTTGTCC-1",3,8
"GTGGACGTGCTGAGAC-1",4,4
"GTGGAGCATGTCGGCC-1",5,3
"GTGGAGCGTTTACCGA-1",3,8
"GTGGAGTCGGCGGTTG-1",3,8
"GTGGCAAACAGCGGCA-1",3,8
"GTGGCCGGTTTCTCGG-1",2,14
"GTGGCCTAATATCATT-1",3,10
"GTGGCGGGCCGTAGCT-1",9,13
"GTGGCGGTCCCAGCGT-1",5,3
"GTGGCGTGCACCAGAG-1",6,6
"GTGGCTGTTTCTGTTC-1",1,14
"GTGGGAAGACTGAATC-1",3,3
"GTGGGCTTAGACACAC-1",8,5
"GTGGTATAGTCTGCCG-1",3,8
"GTGGTCAGCGAAGTAT-1",6,15
"GTGGTGATGGTTTGTG-1",2,2
"GTGGTGGCCAAGTGAA-1",5,3
"GTGGTTACTTCTTTCG-1",8,5
"GTGGTTTCCGCCTTTC-1",5,3
"GTGTACCTTGGCTACG-1",4,4
"GTGTACGAACCGTTCC-1",3,8
"GTGTATATCAGCGGGC-1",3,8
"GTGTATGACTTTAAAG-1",4,4
"GTGTCAGTGTACGTGG-1",2,14
"GTGTCCGATAAGGCAT-1",6,6
"GTGTCGTATAGCGTTC-1",3,8
"GTGTCGTATTCACCTT-1",6,15
"GTGTGAATAACTTAGG-1",8,5
"GTGTGAGCCGAGGTGC-1",8,9
"GTGTTACTATGCGTCC-1",8,5
"GTTAAAGTAGGACTGG-1",5,3
"GTTAACATCACTTAAA-1",3,8
"GTTAACTATGTTGTCA-1",5,3
"GTTAAGGGTGCGATGT-1",2,2
"GTTAAGTTAGAGTGGG-1",5,3
"GTTAATAGCGTCATTA-1",1,1
"GTTAATGTCTATCTTA-1",5,3
"GTTACAATTGGTGACG-1",5,5
"GTTACCAAGGCGTACG-1",1,14
"GTTACCTACAACTTGC-1",5,3
"GTTACGAAATCCACGC-1",4,4
"GTTACGGCCCGACTGC-1",4,4
"GTTACTTTGGGCCTAG-1",8,5
"GTTAGAGTGTGCCGCT-1",9,15
"GTTAGCCCATGACATC-1",2,10
"GTTAGCCGTAAATCAA-1",8,5
"GTTAGGCTACCCGTTT-1",3,8
"GTTATAATACGGTGAA-1",3,8
"GTTATATCAGGAGCCA-1",4,4
"GTTATATTATCTCCCT-1",5,3
"GTTATCACCTTCTGAA-1",7,12
"GTTATTAAATACGACC-1",9,15
"GTTATTAACGTGGGAG-1",5,3
"GTTCAATCTATGTCAA-1",9,15
"GTTCACAGGAGTCTAG-1",8,5
"GTTCATCGTTTGGCTG-1",8,5
"GTTCCAAGACAGCGAC-1",8,9
"GTTCCAGTCTGACCAT-1",7,7
"GTTCCCGTAAACATAT-1",2,2
"GTTCCGTCCGCCTGCA-1",2,14
"GTTCGACAATTGTATA-1",2,14
"GTTCGCCATAAGTGCC-1",8,5
"GTTCGCTGAGACGTCT-1",3,8
"GTTCGGAGCACTCAAC-1",2,14
"GTTCGGATCGGGAACA-1",5,3
"GTTCGGGCGTACCATT-1",8,5
"GTTCGTCTAAAGAACT-1",3,8
"GTTCGTCTGGGTCCCT-1",4,16
"GTTCGTTGCGGACCAG-1",4,16
"GTTCTTCCCTCGATGT-1",7,7
"GTTCTTGTAACTCAAT-1",2,2
"GTTGAACCGGTTCCAT-1",5,3
"GTTGAGTCCCGCCGGT-1",3,8
"GTTGCACGGAGTTTCG-1",4,4
"GTTGCAGTCGACAACA-1",2,2
"GTTGCCCTAACGGGTG-1",1,11
"GTTGCGCTAACATTAC-1",5,3
"GTTGCGGACGGTCAGG-1",3,8
"GTTGGACCGCATCAGG-1",4,16
"GTTGGATTCAGTGGCT-1",7,7
"GTTGGATTGAGAACAC-1",8,5
"GTTGGATTTGCGTTGG-1",8,5
"GTTGGTCATGCTATCC-1",3,8
"GTTGTAGATTTATGAG-1",1,1
"GTTGTCGTGTTAGTTG-1",7,7
"GTTGTTACATTGCGCT-1",6,15
"GTTGTTGCAAGATGGC-1",2,2
"GTTTACGTTCCATCTG-1",5,3
"GTTTATGGGATTTAGA-1",5,3
"GTTTCAAACGAGTTGT-1",2,14
"GTTTCATATCGTCGCT-1",5,3
"GTTTCCTGGAGGGTGA-1",4,4
"GTTTCTAGAGGCGCGG-1",1,1
"GTTTCTGCAGTCTCCC-1",8,5
"GTTTGACCAAATCCTA-1",4,4
"GTTTGAGCGGTTATGT-1",4,16
"GTTTGGCCCAAGTTAT-1",8,5
"GTTTGGCCGCTCAGCG-1",4,4
"GTTTGGCGTCAGGCAC-1",6,6
"GTTTGGGCTTGTGAGC-1",5,3
"GTTTGGGTTTCGCCCG-1",2,2
"GTTTGGTAGGGTCAAC-1",3,8
"GTTTGGTGATCGGTGC-1",2,2
"TAAACCCAGGAGGGCA-1",3,8
"TAAACGTCGTCAATGA-1",5,3
"TAAAGACAACCCTTTA-1",5,3
"TAAAGAGCCCGAAACC-1",7,7
"TAAAGCGGTATTTCCA-1",2,10
"TAAAGCGTTAGGAGAA-1",4,16
"TAAAGCTGCAATAGGG-1",7,7
"TAAAGGAGAAACTAGT-1",9,13
"TAAATCTTTACACCTC-1",4,16
"TAAATGAATCCGTTTC-1",8,5
"TAAATGCCGTCTCATG-1",9,15
"TAAATGGGCTACTGAG-1",2,2
"TAAATTGTGGGTAAAG-1",2,14
"TAAATTTAGTAACACC-1",2,14
"TAACAAAGGGAGAAGC-1",4,4
"TAACAATATTTGTTGC-1",5,3
"TAACAGCGTTTGTGCT-1",2,2
"TAACAGGTTCCCTTAG-1",2,2
"TAACATACAATGTGGG-1",8,5
"TAACATACACGCGATC-1",3,8
"TAACCGCCCGCAGTGC-1",7,7
"TAACCTACCGTCCGAG-1",8,5
"TAACCTAGGGAGTCCA-1",2,2
"TAACGCTTTGAGAGCG-1",8,5
"TAACTATCGAAGGTCC-1",4,16
"TAACTATTACGCCAAA-1",8,5
"TAACTCATCCGCGCGG-1",8,5
"TAACTCCATGGAGGCT-1",8,5
"TAAGAGGGACAGGGAC-1",2,2
"TAAGATTTAGCGGGAG-1",4,4
"TAAGCAGGCGACACGC-1",5,3
"TAAGCCCTTACGACCA-1",9,13
"TAAGCGCGAATCAAAT-1",2,2
"TAAGGAACTTGTGGGA-1",4,4
"TAAGGCAACATAAGAT-1",4,7
"TAAGGCATAACATCAA-1",3,8
"TAAGGCCCGTCACCCT-1",2,2
"TAAGGCTGAATCCCTC-1",5,3
"TAAGGGCCTGTCCGAT-1",3,8
"TAAGGGCTGGGAGAGG-1",5,3
"TAAGTAAATGTGCCGC-1",6,6
"TAAGTAACATCTTGAC-1",5,3
"TAAGTCGCCGAGTATC-1",3,8
"TAAGTCGGTGAGCTAG-1",1,14
"TAAGTGAATAGTCTAC-1",1,1
"TAAGTTGCGACGTAGG-1",3,8
"TAATAAACAAGGAGAT-1",7,7
"TAATACACAGTAGTAT-1",7,7
"TAATACTAGAACAGAC-1",1,1
"TAATAGAACAGAGTTA-1",5,3
"TAATAGCTAAATGATG-1",8,5
"TAATAGGTCACCAGAA-1",3,2
"TAATAGTGACGACCAG-1",4,16
"TAATATTGAAATTCGC-1",7,7
"TAATCAACCAAATGGG-1",3,8
"TAATCGATCCGTACGT-1",4,4
"TAATGAAAGACCCTTG-1",5,3
"TAATGTCGGTTCATGG-1",1,1
"TAATTACGTCAGTAGA-1",2,2
"TAATTAGATGGATATG-1",8,5
"TAATTAGGACATCCGT-1",5,3
"TAATTCCAATGCTTCA-1",2,2
"TAATTGGAATCGGGAA-1",7,7
"TACAAATTGCGGAGGT-1",6,6
"TACAACAGCGCATACA-1",2,2
"TACAACGCACAACTCA-1",8,5
"TACAAGCTGTTCACTG-1",7,7
"TACAAGGGCTTCTTTA-1",1,1
"TACAAGTCTCGTGCAT-1",8,5
"TACAATGAAACCAGCA-1",4,4
"TACACAGCCGTGGTGC-1",2,14
"TACACCGTCGTTAGTC-1",4,16
"TACACCTCTTCGAATC-1",2,14
"TACAGAAACGGTGGGC-1",3,8
"TACATAGGCATACACC-1",8,5
"TACATCCCTATCCCTG-1",3,8
"TACATGCCGGAATTGT-1",2,2
"TACATTTCTAACGTGC-1",8,5
"TACCAAATAGCCCAGA-1",3,8
"TACCAATAAAGTACCA-1",3,8
"TACCAGAAGTAGGTTC-1",5,3
"TACCAGCTAGGTTTAA-1",9,13
"TACCAGGAATCCCGTC-1",2,2
"TACCATGTATTGATTT-1",3,8
"TACCCTCGGTAACCCT-1",2,2
"TACCGAATAATTGTAA-1",2,14
"TACCGCGGACTTGCAG-1",8,5
"TACCGGCTCACTGCCC-1",5,3
"TACCGGTCGTTTCCAT-1",5,3
"TACCGTAGGTTAACTA-1",3,8
"TACCGTGCCTCGGACC-1",5,3
"TACCTACTCCCAGTAT-1",3,8
"TACCTATCCCTAGAGG-1",3,10
"TACCTCACGCTTGTAC-1",7,7
"TACCTCAGTTGTCTGT-1",3,8
"TACCTCCACACCAATG-1",2,2
"TACCTCTTTACCATCC-1",2,2
"TACCTGCTGCACTGTG-1",5,3
"TACCTTAAGATTTCCC-1",5,3
"TACGAACACGACTTCA-1",4,4
"TACGACGCTTGCTGCG-1",5,3
"TACGACTGCCTCTTAG-1",5,3
"TACGAGAACTTCACGT-1",8,5
"TACGATCCAAGCCACT-1",6,6
"TACGATGTTGATCATC-1",8,5
"TACGCAGTTCTTTCCT-1",8,5
"TACGCCATATTCTAAT-1",8,5
"TACGCCGAGGGTACCC-1",3,8
"TACGCCGCCTCAGAAG-1",3,8
"TACGCCTCCATTCCGA-1",3,8
"TACGCTATAGAAACCT-1",8,5
"TACGCTCGGTATTGGA-1",2,14
"TACGCTGATAGTTGTA-1",1,1
"TACGCTGCACGGTCGT-1",1,1
"TACGCTGCTGTGTTAA-1",2,14
"TACGGAAGCCAAACCA-1",1,14
"TACGGCATGGACGCTA-1",2,14
"TACGGGATGCTAGCAG-1",7,7
"TACGGGTAATAACATA-1",2,14
"TACGTAAAGCGGAGTG-1",2,14
"TACGTACTAGTGCTGA-1",3,2
"TACGTGCAAGGTTCCT-1",8,5
"TACGTGCACTATGCTG-1",4,4
"TACGTGGGCCCAGGGC-1",2,14
"TACGTTTACCGGCAAT-1",5,3
"TACTACGTGCAATGCG-1",2,14
"TACTATGGTTCCTCAG-1",3,8
"TACTCATTGACGCATC-1",1,1
"TACTCCTCTAGTTGAC-1",2,2
"TACTCGGCACGCCGGG-1",5,3
"TACTCGTTTGAATCAA-1",2,14
"TACTCTCCGAACAAAT-1",7,7
"TACTCTTACTTTACTG-1",2,2
"TACTCTTTCGTCTTCA-1",3,8
"TACTGAACAGATTTAG-1",3,8
"TACTGCAATCAATTAC-1",7,12
"TACTGCATGATTAAAT-1",2,14
"TACTGGACAGCTCGGC-1",5,3
"TACTGTTTCTCTGGTA-1",3,8
"TACTTAAACATGTACA-1",2,14
"TACTTGTTAGTAGTCC-1",8,5
"TACTTTACTGAGCCGG-1",8,5
"TACTTTCCGCACGCCA-1",3,8
"TAGAAACCACTAAGTA-1",6,6
"TAGAAAGGTGGCGCTA-1",4,16
"TAGAAATTCACGTATA-1",5,8
"TAGAAGAAGGGTTACA-1",2,2
"TAGAATAGCCGATGAA-1",2,2
"TAGAATTAAGGGCAAC-1",9,13
"TAGACGAAACGCCAAT-1",2,2
"TAGACGCCCGTACCGG-1",8,5
"TAGACTACCTAGCGTT-1",5,3
"TAGACTCAGTTGGCCT-1",1,14
"TAGAGATCATGCAACT-1",5,3
"TAGAGCTACGAAGAAC-1",7,7
"TAGAGGGAGTTTATCT-1",2,14
"TAGAGGTTCTACTTGT-1",3,8
"TAGAGTCTAAGCGAAC-1",4,4
"TAGAGTGTTCCGGGTA-1",2,2
"TAGATATGGACTGGAA-1",5,3
"TAGATCCGAAGTCGCA-1",9,13
"TAGATGGTTCCTTACT-1",3,8
"TAGATTCAAAGTGCGG-1",2,14
"TAGATTCCTGGTTATT-1",5,3
"TAGATTCTCTAGCAAA-1",1,1
"TAGCAACCTGTCACAA-1",8,5
"TAGCAGATACTTAGGG-1",2,14
"TAGCAGTAAATACGCG-1",6,6
"TAGCAGTATGACTAAA-1",1,14
"TAGCCATTTCAAAGTC-1",8,5
"TAGCCGGCGGTCAGCG-1",8,5
"TAGCGTCCCTCGATTG-1",5,3
"TAGCGTCCGGTGTGGT-1",3,8
"TAGCGTCGAATATTGA-1",3,8
"TAGCGTTGGGTCTTAC-1",8,5
"TAGCTAAGTCCGGGAG-1",4,4
"TAGCTAGAAGGCATGA-1",5,3
"TAGCTAGTGATGATGG-1",3,8
"TAGCTCACTGTGTTTG-1",1,1
"TAGCTCAGATCCTAGT-1",6,6
"TAGCTCGCCTGATAAC-1",5,3
"TAGCTGATGTGAAGCG-1",3,8
"TAGGAACAGCCTCCAG-1",9,15
"TAGGAGGCTCGAGAAC-1",2,14
"TAGGATCTTAACCGCA-1",2,2
"TAGGCATGTTACGCCA-1",7,7
"TAGGCCTATATAGTCT-1",2,14
"TAGGCGATGAGGTCTC-1",3,8
"TAGGCGGCTGCAAAGA-1",2,2
"TAGGCTAAAGTGGCAC-1",2,14
"TAGGGAGCTTGGGATG-1",8,5
"TAGGGTGTTTCAAGAG-1",4,4
"TAGGTCCAAGTAAGGA-1",5,5
"TAGGTCGCCGGAACTG-1",8,5
"TAGGTGACGATAACCT-1",3,2
"TAGGTGAGCCCTACTC-1",8,5
"TAGGTGCTCGCCTAGC-1",8,5
"TAGGTGTTCCACAGAT-1",3,8
"TAGGTTCGAGTTCGTC-1",8,5
"TAGGTTCTGCTGAGAA-1",1,1
"TAGTACCACAACTTTC-1",2,2
"TAGTACCTTAGTGGTC-1",8,5
"TAGTAGCTTATACCAG-1",3,8
"TAGTAGTTGCCGGACA-1",3,8
"TAGTCCCGGAGACCAC-1",2,14
"TAGTCCGCAGAGAATG-1",8,5
"TAGTCCTGCACTAAGC-1",2,14
"TAGTCGATCACGGGTT-1",5,3
"TAGTCTAACAACGAGA-1",5,3
"TAGTCTGCGGCACATT-1",2,14
"TAGTCTGTGACGTTGC-1",4,16
"TAGTCTTTCCGAATTG-1",3,8
"TAGTGACAAGCTCTAC-1",1,1
"TAGTGAGAAGTGGTTG-1",4,16
"TAGTGCCCTCCAGAGT-1",8,5
"TAGTGGAACTCATACA-1",6,15
"TAGTGTCAGAAACGGC-1",5,3
"TAGTTAAGATAGGATA-1",9,13
"TAGTTTATTCTTGCTT-1",7,7
"TATAAATCCACAAGCT-1",4,4
"TATAAGTGAGGATAGC-1",4,4
"TATACACAGACGCCTT-1",5,3
"TATACACGCAAAGTAT-1",4,4
"TATACCGAGTGCCACA-1",3,8
"TATACGCGTCATCACT-1",2,2
"TATACTCATGCGGCAA-1",5,3
"TATAGAGTCGCTTGAA-1",2,10
"TATAGATGGTCGCAGT-1",5,3
"TATAGCGCACGTTATC-1",3,8
"TATAGGGTACTCATGA-1",5,3
"TATATAGGGCTTTACG-1",3,8
"TATATATCGAGAAATG-1",3,8
"TATATCAAAGTGATCT-1",2,14
"TATATCATTGATCAGT-1",3,8
"TATATCCCTGGGAGGA-1",8,5
"TATATGCTGGGTTGCC-1",5,3
"TATATTACAAATGTCG-1",7,7
"TATATTCGCGTCGATA-1",9,13
"TATCAAAGGTCTGTAA-1",3,8
"TATCACAGCACGGGCA-1",9,13
"TATCACCATGTAAAGT-1",6,15
"TATCACCCAACCGACC-1",4,4
"TATCACTTCGAGTAAC-1",7,7
"TATCAGTGGCGTAGTC-1",3,8
"TATCCAATTGGTTATC-1",3,8
"TATCCATATCATGCGA-1",7,7
"TATCCATCTCGGTTAG-1",3,8
"TATCCCTCGATCTGCA-1",3,8
"TATCCGCACCGTCGGG-1",3,8
"TATCCTGCATGGGAAT-1",7,7
"TATCGATCTATGCATA-1",7,7
"TATCGATGATTAAACG-1",4,4
"TATCTACAGAGGTAAT-1",5,3
"TATCTACCACAGCGGG-1",8,5
"TATCTAGCCTAAAGGA-1",5,3
"TATCTTGCAATACAAC-1",3,8
"TATGAAGAATTAAGGT-1",1,14
"TATGAAGACAGGTGCG-1",5,3
"TATGATAAATCTAACG-1",6,15
"TATGATCCGGCACGCC-1",8,5
"TATGATCTTCTCTTTA-1",3,8
"TATGATTCTGCTTGGT-1",4,4
"TATGCTCCCTACTTAC-1",4,4
"TATGGAGTTTCTCGTT-1",8,5
"TATGGATGTGCTACGC-1",4,4
"TATGGCAGACTTTCGA-1",8,9
"TATGGCCCGGCCTCGC-1",8,5
"TATGGCTAGGCTAATT-1",8,5
"TATGGGACCGAGCAGG-1",8,5
"TATGGGTACGTATCGT-1",4,4
"TATGGTCTGAGTAACA-1",8,5
"TATGGTTAGTGGGAGA-1",5,3
"TATGTAAAGTGCTTAA-1",2,14
"TATGTCAAGACCGACT-1",7,7
"TATGTCTCATTGTGCC-1",4,16
"TATTAACACCAAAGCA-1",3,8
"TATTAACCTGACCGCG-1",3,8
"TATTACCATCCTGCTT-1",8,5
"TATTATGTTTGCCTGC-1",3,8
"TATTCAATTCTAATCC-1",8,5
"TATTCCACTCAGCTCG-1",5,3
"TATTCCGAGCTGTTAT-1",3,8
"TATTCCGGCAGTCCTA-1",7,13
"TATTCCTCCGCCCACT-1",5,3
"TATTCGTGCCAGAATA-1",8,5
"TATTGACATTTCTGCC-1",5,3
"TATTGCCGGGCTTGTA-1",2,14
"TATTTAGTCTAGATCG-1",7,7
"TATTTATACCGAGTAG-1",9,13
"TATTTGATTTGCACAG-1",2,2
"TATTTGTTACCCTTTA-1",4,4
"TCAAACAACCGCGTCG-1",4,16
"TCAAACAATTAGGACA-1",6,6
"TCAAACTTAGATTGTT-1",4,4
"TCAAAGAGCTATCTGT-1",3,2
"TCAAAGTCACGGCGTC-1",2,14
"TCAAATTGTTGTGCCG-1",1,1
"TCAAATTTGAGACTCA-1",2,2
"TCAACAAAGATAATTC-1",3,8
"TCAACACATTGGGTAA-1",4,4
"TCAACATAGCGCCCTA-1",3,8
"TCAACATCGACCGAGA-1",5,3
"TCAACCATGTTCGGGC-1",4,4
"TCAACGAGGAGACAAA-1",8,5
"TCAACGCAGGAAATAA-1",5,3
"TCAACGCGACCGGCAG-1",5,3
"TCAACTAACGTATAAC-1",5,3
"TCAACTGCAGAGTCAG-1",3,8
"TCAAGAAATACTAGCT-1",8,5
"TCAAGCGCGGACGGTA-1",2,2
"TCAAGCTGCCTTGAAA-1",8,5
"TCAAGGTTACTACACC-1",5,3
"TCAATACAATTGCTGC-1",3,8
"TCAATACGCCGTCATG-1",2,2
"TCAATATACAGGAGGC-1",1,14
"TCAATCCCGCGCCAAA-1",1,14
"TCACAAACCGAGGTAC-1",3,2
"TCACAGATCCTCAAAC-1",3,8
"TCACAGCAAACTCGAA-1",5,3
"TCACAGGAGAATAAGA-1",3,8
"TCACAGGGAATCGCAA-1",5,3
"TCACAGGTTATTGGGC-1",8,4
"TCACATCTTATCTGAT-1",5,3
"TCACCCTCTTAAGATT-1",5,5
"TCACCGCTCGGCACTC-1",4,16
"TCACGATGTCCGTGGA-1",3,8
"TCACGCATTGTAGATC-1",8,5
"TCACGGCCCAAGAGAG-1",2,14
"TCACGGTCATCGCACA-1",4,4
"TCACGTGCCCGATTCA-1",8,5
"TCACTACGACCAATGC-1",9,13
"TCACTATCGTGCAATC-1",4,4
"TCACTCAGCGCATTAG-1",4,16
"TCACTCGTGCAACGGC-1",9,13
"TCAGAACCTCCACAGG-1",8,5
"TCAGAACGGCGGTAAT-1",2,14
"TCAGACGCTATAGAAG-1",5,3
"TCAGAGGACGCGTTAG-1",2,2
"TCAGAGTGTGAGCATG-1",2,2
"TCAGATGGAGACGTAG-1",6,15
"TCAGCAAATGCATCTC-1",4,16
"TCAGCAGTAGGCCCTG-1",3,8
"TCAGCCAATCCGTAAA-1",2,14
"TCAGCGCACGCCGTTT-1",2,2
"TCAGGGCGCAAACTCG-1",5,3
"TCAGGGTGCACGAAAC-1",6,15
"TCAGGGTGTAACGTAA-1",4,16
"TCAGGTTCTTTGAGAA-1",8,5
"TCAGTACTGACCCGCG-1",8,5
"TCAGTAGGGACTATAA-1",5,3
"TCAGTGTATACGTCAT-1",3,8
"TCAGTTACGGAATGAT-1",9,15
"TCATAAGTCCAAGAAG-1",2,2
"TCATACTTACAGATCC-1",8,5
"TCATATGAGCTTTGTT-1",2,14
"TCATCACTCGAGCTCG-1",8,5
"TCATCCCAGAGGGTGG-1",9,13
"TCATCCTCAGCTGCTT-1",1,14
"TCATCGACGACCGTCG-1",2,14
"TCATCGATGGTCCCAA-1",3,8
"TCATGCAGGTTCTCAT-1",7,7
"TCATTCGTATAATTTG-1",6,6
"TCATTTAAGTCTCCGA-1",8,5
"TCATTTAGAAGTGTGA-1",3,8
"TCCAACTCAGCTATCT-1",2,14
"TCCAACTTTAAATTCT-1",8,5
"TCCAAGCCTAGACACA-1",1,1
"TCCAATAAAGGCTACC-1",2,10
"TCCACAATGGTTTACG-1",8,5
"TCCACATCGTATATTG-1",1,14
"TCCACCTCTAGCCTTT-1",3,10
"TCCACTTTATCTAGGT-1",4,16
"TCCAGAGCACCGGTTC-1",8,5
"TCCAGATGTACGCCAA-1",4,16
"TCCAGCGCTATAAGCG-1",3,8
"TCCAGGCGAGTACGGT-1",4,4
"TCCAGGGTATATACGA-1",2,2
"TCCATCAATACTAATC-1",2,2
"TCCATTAGTTGGATAG-1",8,9
"TCCATTCCCACTAGAG-1",7,7
"TCCATTGTGACCTCGT-1",9,15
"TCCCAAACAGACAACG-1",4,16
"TCCCAAAGACGAAGGA-1",4,16
"TCCCAAAGCCCTAAAT-1",5,3
"TCCCAATATCGACGAC-1",2,2
"TCCCACGGAGGGAGCT-1",6,15
"TCCCACTCTCTTCCGG-1",8,5
"TCCCAGCACACGACAT-1",2,2
"TCCCAGCTTTAGTCTG-1",8,5
"TCCCAGGCTTAGCTAA-1",4,4
"TCCCGCCTATGTGCGT-1",8,5
"TCCCGCGTACTCCTGG-1",4,12
"TCCCGGGTGTGCTGCT-1",8,5
"TCCCGGTCAGGAATTT-1",4,4
"TCCCGTCAGTCCCGCA-1",7,7
"TCCCGTCGCGTCATAG-1",8,5
"TCCCGTGTGCAATTTG-1",5,3
"TCCCTAGATCAATAGG-1",8,5
"TCCCTCCGAAATCGTT-1",8,9
"TCCCTCTTCTCAAGGG-1",2,14
"TCCCTGGCGTATTAAC-1",3,8
"TCCCTGGCTCGCTGGA-1",8,5
"TCCCTTAGATTACTCG-1",7,7
"TCCCTTGTCTGAAACT-1",2,14
"TCCGAACGTTGCCGCT-1",3,8
"TCCGAACTTGGCTTAC-1",5,3
"TCCGAAGTAGTCACCA-1",9,13
"TCCGAATGGTCCTGAG-1",8,5
"TCCGACCGCTAATCAA-1",2,2
"TCCGAGAAGGCTAAGC-1",4,4
"TCCGATAATTGCCATA-1",7,7
"TCCGATGACTGAGCTC-1",7,7
"TCCGATGGTGCGACAT-1",4,4
"TCCGATTACATTGCCG-1",8,5
"TCCGCAGCCACCTAGC-1",3,8
"TCCGCCTGTCTACAAG-1",3,8
"TCCGCGGCAGCATCTG-1",8,5
"TCCGCGGCCCAATGAA-1",3,8
"TCCGCTGTCATCCCGG-1",5,3
"TCCGCTTATCCCATTA-1",5,3
"TCCGGAGGAAGGGCTG-1",9,13
"TCCGGCCTAGCGTACA-1",8,5
"TCCGGCCTGCATCGAT-1",6,15
"TCCGGCTGTCGGGTCG-1",2,2
"TCCGGGCCACTAACGG-1",2,2
"TCCGGGCTTGACGGGA-1",2,14
"TCCGGTTCGTCCGGTC-1",5,3
"TCCGTAACCACAATCC-1",5,3
"TCCGTTAAGCTAATAT-1",3,8
"TCCGTTTAGCCTTGAA-1",4,16
"TCCTAAAGATTCAGAC-1",2,14
"TCCTAAATTGGGAAGC-1",3,8
"TCCTAACCGTCGGGCA-1",3,2
"TCCTACATCCACGGCC-1",5,3
"TCCTAGCAAAGAAGCT-1",5,3
"TCCTATCATAGGTAAC-1",3,8
"TCCTCCTAAGACATTC-1",5,3
"TCCTCGGGCTGGGCTT-1",8,5
"TCCTCTACGAGATGGC-1",8,5
"TCCTCTCCAGTTGTCC-1",5,3
"TCCTCTGGCCCATTAG-1",9,15
"TCCTGCAGCCGCCAAT-1",3,8
"TCCTGCCAACTGGAGA-1",9,15
"TCCTGCGTTGATACTC-1",5,5
"TCCTGGCGCTGCCTGG-1",9,13
"TCCTTACGACGGTCCG-1",3,3
"TCCTTCAATCCCTACG-1",3,10
"TCCTTCAGTGGTCGAA-1",9,13
"TCCTTGTCCTTTAATT-1",1,14
"TCCTTTAAATCCGCTT-1",3,8
"TCCTTTCTTACGCTTA-1",4,4
"TCGAAATTTAGGACCA-1",4,4
"TCGAAGAACCGAGCAC-1",5,3
"TCGAATATCCCGCAGG-1",3,8
"TCGAATCGCAGGGTAG-1",2,14
"TCGACAACTGAACCCG-1",3,8
"TCGACATAGCGTAGCG-1",2,14
"TCGACTGACGATGGCT-1",1,1
"TCGAGACCAACACCGT-1",8,5
"TCGAGCCAGGCAGGCC-1",3,8
"TCGAGGGCAACAGACG-1",2,14
"TCGATAGGCTAGTCGC-1",7,7
"TCGATTTACGAAACGA-1",2,2
"TCGCAAAGATGCATTT-1",5,3
"TCGCACCAGGAGGCAG-1",3,8
"TCGCATAAAGGGCGCA-1",2,14
"TCGCATCCCTAAGTGT-1",8,5
"TCGCATTCAATGACTT-1",4,4
"TCGCCCAACTGACTCC-1",6,15
"TCGCCCACTGCGAGAG-1",3,10
"TCGCCGAAGTTGCGTC-1",5,3
"TCGCCGACATATTCGC-1",2,14
"TCGCCGCACCGCGTGA-1",3,8
"TCGCCGGATGGGCAAG-1",3,8
"TCGCCGGTCGATCCGT-1",7,7
"TCGCCTCCTTCGGCTC-1",2,14
"TCGCGTCCAGAAGGTC-1",8,5
"TCGCTAAACCGCTATC-1",7,7
"TCGCTACTGGCTTTGA-1",2,2
"TCGCTCGATATATTCC-1",4,4
"TCGCTCGGCACCAGCG-1",4,16
"TCGCTGCCAATGCTGT-1",2,14
"TCGCTGGGCGGATTGT-1",4,16
"TCGCTGTGCGTAAATC-1",4,4
"TCGCTTAATTACGAAG-1",6,15
"TCGCTTTAAACGTTTG-1",4,4
"TCGGAATGACCATCAA-1",9,15
"TCGGAATGCGCTCTGA-1",8,5
"TCGGACGCCCAGCCCA-1",4,16
"TCGGAGAGTATCGGGA-1",5,3
"TCGGAGTACATGAGTA-1",4,16
"TCGGCAGGGTTAAGGG-1",2,14
"TCGGCGAACCCAAACC-1",5,3
"TCGGCGTACTGCACAA-1",3,8
"TCGGCTAACTTCCCTT-1",6,6
"TCGGCTTGTATCGACG-1",3,8
"TCGGGAACGTGCCTAG-1",8,5
"TCGGGAGACAGCGTAC-1",3,8
"TCGGGATTCAAACATA-1",5,3
"TCGGGCACTTCTGGAT-1",7,7
"TCGGGCCGTCGTGGTA-1",8,5
"TCGGGTGAAACTGCTA-1",7,13
"TCGGTCCCGACAATAG-1",3,8
"TCGGTCCCTGACTCCA-1",9,15
"TCGGTGACCGCTCCGG-1",9,13
"TCGGTTAGCCATGTAG-1",6,15
"TCGTAACTCCCAAGAC-1",2,2
"TCGTAAGACGACATTG-1",4,16
"TCGTAAGCTCCGAGGA-1",7,7
"TCGTATTACCCATTGC-1",5,3
"TCGTATTTCGTCCGGA-1",6,15
"TCGTCAAGTACGCGCA-1",3,8
"TCGTCACACTGTTAGC-1",5,3
"TCGTCCGCTGGCGTCT-1",4,4
"TCGTCCGGGTACACTC-1",6,6
"TCGTCTTAGGCGTTAA-1",3,8
"TCGTGTCACGCTGACA-1",5,3
"TCGTGTTCGACCACAA-1",3,8
"TCGTTAGGAGTCCCTA-1",5,3
"TCGTTCGTTATTATGT-1",9,13
"TCGTTGACAGGGTCCC-1",3,8
"TCGTTGCTATCCGGTC-1",3,8
"TCGTTGGCTCGTCAAT-1",8,5
"TCGTTTACGCGACCCT-1",2,14
"TCTAAAGAACAGTCTC-1",3,8
"TCTAACCTAGCCTGCG-1",2,14
"TCTAACTGTATGTAAA-1",5,3
"TCTAATACTGCCTCAG-1",3,8
"TCTACACGTTCATGCA-1",6,15
"TCTACCCAATAGAGAG-1",3,8
"TCTACCCGCATCATTT-1",2,2
"TCTACCGTCCACAAGC-1",4,12
"TCTACGGGCTCAGTTG-1",7,7
"TCTAGCAATCTCCGCC-1",5,3
"TCTAGCATCTTCGATG-1",4,4
"TCTAGCATGCCCAGAA-1",5,3
"TCTAGGTGGCGACGCT-1",8,5
"TCTAGTGATATCGTGG-1",5,3
"TCTAGTTATCAGAAGA-1",8,5
"TCTATAGGTGGGTAAT-1",2,14
"TCTATCATGCAGTTAC-1",4,4
"TCTATCCGATTGCACA-1",2,2
"TCTATCGGTCGCAACA-1",7,7
"TCTATGCTATAACGAC-1",2,2
"TCTATTACGCTGGCGA-1",4,4
"TCTATTACTAGAGGAT-1",5,8
"TCTCAAATCAATCGGG-1",2,14
"TCTCAGGCTACTCGCT-1",1,1
"TCTCATGAGATAGGGT-1",5,3
"TCTCCAACGTAGGTTA-1",7,7
"TCTCCACAAGTTGAAT-1",2,2
"TCTCCCTGGGCAGCGT-1",3,8
"TCTCGAACGAGGTCAC-1",9,13
"TCTCGACGTATCGCCG-1",5,3
"TCTCGAGGAGGTTCGC-1",3,8
"TCTCGGCTCCAGGACT-1",8,5
"TCTCGTGTTACGAGGA-1",3,8
"TCTCTAATAGCTGGTA-1",4,4
"TCTCTCGCCGCACATA-1",2,2
"TCTCTTACCGCGAACC-1",2,14
"TCTGAACCGGTCGGCT-1",4,4
"TCTGAACTCGTACCCG-1",5,3
"TCTGAAGCACGTGGTC-1",3,8
"TCTGAATTCCGTACAA-1",8,5
"TCTGACGGGCTAACCC-1",8,5
"TCTGACTGTAATGGTT-1",5,8
"TCTGAGCAATTGACTG-1",3,8
"TCTGATCGGGTGCTAG-1",8,5
"TCTGATGTATTCTGTC-1",3,8
"TCTGATTGGAAATGGA-1",8,5
"TCTGCACCATTAGTAA-1",8,5
"TCTGCAGATTCGAGTC-1",3,8
"TCTGCATACCTTGCTT-1",3,2
"TCTGCCAGAAACTGCA-1",8,5
"TCTGCGAATCGTTCGC-1",7,7
"TCTGCGTCCGGTTTCT-1",8,5
"TCTGCTTAGAACAAGC-1",3,8
"TCTGGAGCGTAAGAGT-1",5,3
"TCTGGCCGTTCAAGTT-1",5,3
"TCTGGCGCAAGCCGGG-1",3,8
"TCTGGGAACCTTTGAA-1",8,5
"TCTGGGTAGCGCTCAT-1",5,3
"TCTGTCATACAAGAGC-1",4,4
"TCTGTGACTGACCGTT-1",8,9
"TCTGTGATGGAGGTTG-1",6,6
"TCTGTGCCATCATAGT-1",4,16
"TCTGTTACCCAGCATA-1",5,3
"TCTTACAGAGGTACCG-1",4,4
"TCTTACCGGAACTCGT-1",7,7
"TCTTACGGCATCCGAC-1",8,5
"TCTTACTTATGCCTCT-1",5,3
"TCTTAGAGCTCCAATT-1",5,3
"TCTTAGAGTGAACTCT-1",5,3
"TCTTATGGGTAGTACC-1",7,7
"TCTTCCCATGGGCACA-1",8,5
"TCTTCGAATAGACGTT-1",8,5
"TCTTCGATACCAATAA-1",4,4
"TCTTCGCGGTGAGAGG-1",2,14
"TCTTCTATAACCCGCC-1",5,3
"TCTTGATGCGTAGCGA-1",4,16
"TCTTGCTCCCGATACT-1",2,14
"TCTTGGTAACACCAAA-1",7,7
"TCTTTAAGACTATGAA-1",8,5
"TCTTTAGAGTCTAACA-1",3,8
"TCTTTAGCAGGCGAAC-1",5,3
"TCTTTCCTTCGAGATA-1",2,2
"TCTTTCTCTTAAGGAG-1",6,15
"TGAAACCTCAACTCAC-1",8,9
"TGAAACTTATGCAAGC-1",9,13
"TGAAAGGACCTGACTC-1",8,5
"TGAACAAGCAGGGACT-1",2,2
"TGAACTGCTATGACTT-1",3,10
"TGAAGAGCGGTCCTAG-1",5,3
"TGAAGTAGCTTACGGA-1",3,8
"TGAATACCGACGCGTA-1",2,14
"TGAATATGCTATAAAC-1",7,7
"TGAATGAGATACAGCA-1",7,7
"TGAATGAGTGTTTCCC-1",2,14
"TGAATGTCAGCCGGCC-1",5,3
"TGAATTTCACTTGCCT-1",3,10
"TGACAACGCATGTCGC-1",5,3
"TGACACTTCTCTTTGC-1",7,7
"TGACAGGACAAGTCCA-1",3,8
"TGACATATATGACGAT-1",3,10
"TGACATCGAGCGGACC-1",8,5
"TGACCAAATCTTAAAC-1",2,14
"TGACCAGCTTCAAAGT-1",6,15
"TGACCCAACTCACATT-1",8,9
"TGACCCACGTTAGACA-1",8,9
"TGACCCAGCATTCCCG-1",6,6
"TGACGAATATTTCCCT-1",5,3
"TGACGATGCACTAGAA-1",8,5
"TGACTATAATCCTTTC-1",5,3
"TGACTCCGAATCATAC-1",3,2
"TGACTCTAACTGGTAA-1",2,14
"TGAGAATGCTTTACCG-1",7,7
"TGAGACGTACCTCTCA-1",3,8
"TGAGAGATTTACCACG-1",8,5
"TGAGATCAAATACTCA-1",9,13
"TGAGATTAGGCCCTAA-1",7,7
"TGAGCAGTCGTGAAGT-1",4,4
"TGAGCCATACAGTCTC-1",5,3
"TGAGCGGAAAGTGTTC-1",3,8
"TGAGCTCAACTGTATA-1",2,2
"TGAGCTTTAATGACGC-1",7,7
"TGAGGAGTGCCAGCTT-1",3,8
"TGAGGCATGTACTGTG-1",3,8
"TGAGGTTGATCCCAAG-1",4,4
"TGAGTAAATTAGCGTA-1",5,3
"TGAGTGCCTCTTAAAT-1",5,3
"TGAGTGGTCCGTGACG-1",4,16
"TGAGTTAAAGACATTC-1",5,3
"TGATACATTTAGCCGT-1",3,8
"TGATAGCGGGATTCTA-1",5,3
"TGATCAGGGAACTGCT-1",5,3
"TGATCCCAGCATTAGT-1",4,16
"TGATCGGTTTGACCCT-1",4,4
"TGATCTACGCTGATCT-1",7,7
"TGATCTATCACACTCT-1",2,14
"TGATCTCCGGCGCCAG-1",4,4
"TGATGCTCACGTAGTC-1",6,6
"TGATGGCTGTTTCTGA-1",8,5
"TGATGTCAATTAAGTG-1",3,2
"TGATTATGGCACGCAG-1",9,13
"TGATTCAGGTCCCGCG-1",3,8
"TGATTCCCGGTTACCT-1",2,10
"TGATTCGTCTATCACT-1",8,5
"TGATTCTGTCGCCGGT-1",5,3
"TGATTTATTAGCTGTG-1",5,5
"TGATTTCCTCCTGACG-1",4,4
"TGCAAACCCACATCAA-1",8,9
"TGCAAACGTACTAGTT-1",2,14
"TGCAACCCATCTGCGG-1",3,8
"TGCAACTACTGGTTGA-1",1,14
"TGCAAGAATGACGTAA-1",4,4
"TGCAATCTAACACGGT-1",2,2
"TGCAATTTGGGCACGG-1",9,13
"TGCACAGTGAAGTTAT-1",9,13
"TGCACGAGTCGGCAGC-1",9,13
"TGCACTATGTGAGTGC-1",5,3
"TGCAGAACTATATCGT-1",5,3
"TGCAGAGTACCGAGCA-1",8,5
"TGCAGATCGTCCTAGG-1",5,3
"TGCAGCTACGTACTTC-1",5,3
"TGCAGGATCGGCAAAG-1",4,4
"TGCAGTGAGGCTCGGG-1",9,13
"TGCAGTGGTAGGGAAC-1",2,14
"TGCAGTTTCCTCCCAT-1",8,5
"TGCATATGTCTGTCAC-1",8,5
"TGCATCTCCGGATCTT-1",6,6
"TGCATGGATCGGATCT-1",7,7
"TGCATGGCAGTCTTGC-1",6,6
"TGCATGTGACCCATAG-1",2,14
"TGCATGTGGTAATCTA-1",4,16
"TGCCAAAGTCAGACTT-1",5,3
"TGCCAATGGGTACTCT-1",3,8
"TGCCACACTAGAGGAA-1",3,10
"TGCCACCTGGCGAAAC-1",7,7
"TGCCAGTACGTGGAGA-1",5,3
"TGCCATGGCTTATAAG-1",6,6
"TGCCATTACTAAAGAA-1",7,7
"TGCCCGATAGTTAGAA-1",2,14
"TGCCCGTACCGTTAAA-1",8,5
"TGCCGAAAGCGTATTC-1",8,5
"TGCCGGATGTACGAGC-1",3,8
"TGCCGTGGATCGTCCT-1",3,8
"TGCCGTGGGACCCAAT-1",1,1
"TGCCTAAATTTAATAG-1",5,3
"TGCCTAATTGAAGATT-1",3,8
"TGCCTGACATCGGTCA-1",8,5
"TGCCTGATCAAACGAT-1",7,7
"TGCCTTGGCCAGGCAA-1",3,8
"TGCGAATATGGGATTT-1",3,8
"TGCGACACCCTAGTGC-1",5,3
"TGCGACGGCCGAACGT-1",3,8
"TGCGAGAATATTACCC-1",5,3
"TGCGAGATGGCGGCCA-1",6,15
"TGCGAGCCCTTCCGCG-1",9,13
"TGCGATGCTAATGGCT-1",5,3
"TGCGCAAAGCATTTGG-1",4,4
"TGCGCCGTTAATAACG-1",5,3
"TGCGCGATTAACGGAG-1",4,4
"TGCGGACTTGACTCCG-1",1,1
"TGCGGAGTAAAGGTGC-1",7,7
"TGCGGCATAGTTCAAC-1",7,7
"TGCGGGTATTGGGATC-1",9,13
"TGCGGTCTACGAGTAA-1",6,15
"TGCGGTGAAATTTCAT-1",9,13
"TGCGTAAGAACCTGAT-1",5,3
"TGCGTACGGCTAATTG-1",2,14
"TGCGTCATGACTGAGC-1",3,8
"TGCGTGATTGGGTGTC-1",3,8
"TGCGTTTGTTGACACT-1",8,5
"TGCTAAGTGTCTATTT-1",3,8
"TGCTATACAAACGGAC-1",7,7
"TGCTATGGCAAAGGGA-1",2,14
"TGCTCACACAACAACC-1",6,6
"TGCTCCACAGTTCTTA-1",5,3
"TGCTCGGCGAAACCCA-1",3,8
"TGCTCGGTGGGTCACC-1",2,2
"TGCTCTGCCGGTTCAC-1",8,5
"TGCTCTTGAGAGTTTG-1",2,2
"TGCTGCGTCAGAGTTA-1",6,15
"TGCTGGTTGGACAATT-1",4,4
"TGCTGTTGAAGAACTC-1",8,5
"TGCTTAGAGAGAATGC-1",3,2
"TGCTTCCCAAGCAGTA-1",2,2
"TGCTTGAAACCATGCA-1",5,8
"TGGAAACGGAGTGAAC-1",5,8
"TGGAACCACTGACACA-1",4,4
"TGGAAGAAGGGAACGT-1",5,3
"TGGAAGACGAACACCA-1",7,7
"TGGAAGGATAAAGATG-1",7,7
"TGGAATATCCTTGACC-1",4,16
"TGGAATTAGACGCTTT-1",5,3
"TGGACACCGTTGCTTG-1",5,3
"TGGACCAATCTAAGAT-1",3,2
"TGGACCACGGCGTTGA-1",5,9
"TGGACGCAATCCAGCC-1",3,8
"TGGACTGTTCGCTCAA-1",8,5
"TGGAGCTAAAGTTCCC-1",9,13
"TGGAGGGAAACACCTC-1",4,16
"TGGAGTGATGCGATGA-1",8,5
"TGGATAGAGTAACAGA-1",3,8
"TGGATGGCATCTTGGA-1",2,14
"TGGCAAACTAAATTAC-1",5,3
"TGGCAACTCGCGCGCC-1",7,7
"TGGCAAGCACAAGTCG-1",2,2
"TGGCAATGGGACGGCG-1",3,8
"TGGCACGAGCTCGAGT-1",6,15
"TGGCAGATTACGATCA-1",8,5
"TGGCAGCAGTAATAGT-1",8,5
"TGGCATGAAGTTTGGG-1",3,8
"TGGCCAAACTGAAGTA-1",4,16
"TGGCCAATTTGGTACT-1",3,8
"TGGCCGTATATTGACC-1",4,4
"TGGCGACTGCTCCAAA-1",3,8
"TGGCGATCAAGTTATG-1",5,3
"TGGCTACACTCTACCT-1",2,14
"TGGCTATGTGACATAC-1",3,8
"TGGCTCTTGTCGCGTA-1",3,8
"TGGCTTGTACAAGCTT-1",7,12
"TGGCTTTGGGTAGACA-1",7,7
"TGGGAAATGCCTTTCC-1",8,5
"TGGGATGCACTCATTC-1",9,15
"TGGGCAATAGTTGGGT-1",5,3
"TGGGCACAAACAGAAC-1",7,7
"TGGGCACGTTCTATGG-1",9,13
"TGGGCAGGCCACCGCA-1",3,2
"TGGGCCACAAGAGCGC-1",7,7
"TGGGCCCATACTAATT-1",5,3
"TGGGCCTTGCCTGCAT-1",3,8
"TGGGTAAGGTTCCCGC-1",9,13
"TGGGTGCACAAGCCAT-1",2,14
"TGGGTGGGATGTCATT-1",6,6
"TGGGTGTAATAGATTT-1",1,1
"TGGGTGTTAAGTAGAA-1",2,14
"TGGGTTCCCGGACGGA-1",5,10
"TGGGTTTCGGGCGTAC-1",2,14
"TGGTAAGCAGGATTGA-1",3,8
"TGGTAGAATATATGGG-1",5,3
"TGGTATCGCATCCCAA-1",9,13
"TGGTATCGGTCTGTAT-1",7,12
"TGGTCCCACGCTACGG-1",5,3
"TGGTCGATATACCTCT-1",2,14
"TGGTCGGGTACAGGGC-1",1,1
"TGGTCGTGCAAGGCAA-1",3,8
"TGGTCGTTTGATAGAT-1",6,6
"TGGTCTGTTGGGCGTA-1",5,5
"TGGTGATCGTATTTGT-1",5,3
"TGGTTAACTTACATTT-1",3,2
"TGGTTAAGGGCGCTGG-1",8,5
"TGGTTCAACGGGTAAT-1",5,3
"TGGTTCGTAGCAAAGG-1",4,4
"TGGTTGGAGGATCCTG-1",9,15
"TGGTTTAAACGTGGGT-1",4,16
"TGTAACTTGTCAACCT-1",8,9
"TGTAATGACCACAATA-1",5,3
"TGTAATGCCTTCGGAC-1",6,6
"TGTACCTACACGAGGG-1",3,8
"TGTACGAACAAATCCG-1",8,5
"TGTACGCTATCAGCTT-1",6,15
"TGTACTACTCTCACGG-1",4,16
"TGTACTATCGCTCGTT-1",2,2
"TGTACTTCCGGGCATG-1",1,14
"TGTAGCCAATTCCGTT-1",2,14
"TGTAGCCATCCCATTC-1",2,14
"TGTAGGAGAAATTTCC-1",8,5
"TGTAGTGATCTATAAT-1",8,5
"TGTATAACAGATCCTG-1",4,16
"TGTATACGGATGATGA-1",4,16
"TGTATCAGACTGAAGC-1",6,15
"TGTATCCTTATTCCAT-1",7,7
"TGTATGGCGCAGACAG-1",8,5
"TGTATTTACCTAATGC-1",6,6
"TGTCATTTGTTGGGAA-1",7,7
"TGTCCACGGCTCAACT-1",2,14
"TGTCCCGACATAGCAC-1",7,13
"TGTCCGTGGCGCCTTT-1",5,3
"TGTCCTAAGTCACCGC-1",8,5
"TGTCGTGGGTATAGGC-1",2,2
"TGTCGTTATCACATAT-1",3,2
"TGTCTACAGTTTCTGT-1",7,7
"TGTGACTACGCCAGTC-1",7,7
"TGTGAGACTAGCCCAA-1",3,8
"TGTGATTCCAGCGCTT-1",6,15
"TGTGCCGGTGCCGGAA-1",3,8
"TGTGCTTTACGTAAGA-1",5,3
"TGTGGACTATCTACGT-1",3,8
"TGTGGAGGAAGCTTAA-1",9,11
"TGTGGCAAAGCGTATG-1",4,16
"TGTGGCGGGCTTCTGG-1",2,2
"TGTGGCTCCCACCAAC-1",5,3
"TGTGGTAGGGTGCCTT-1",2,2
"TGTGGTTGCTAAAGCT-1",2,14
"TGTGTAGTAGCACGTG-1",2,14
"TGTGTCGCGAGTTGCA-1",4,4
"TGTGTTCGTATCCAAG-1",5,3
"TGTTAACAAAGTGACT-1",1,1
"TGTTATTGTATGTGGC-1",5,3
"TGTTCATAAATGTGCT-1",3,8
"TGTTCCGCTTCCATGA-1",8,5
"TGTTCCGGCCTGAGCT-1",1,1
"TGTTCGTATTGCGGTG-1",5,3
"TGTTCTCATACTATAG-1",1,14
"TGTTCTCTACTCCCTA-1",6,15
"TGTTCTTCCATTGACT-1",8,5
"TGTTGCCGTCGTCCCA-1",3,8
"TGTTGTCAAGAAGTCT-1",4,4
"TGTTTAATACTTCATC-1",9,13
"TGTTTCGGTACTTCTC-1",7,7
"TGTTTGAGATCGTCAG-1",3,8
"TTAAACAGAGTCCCGC-1",8,5
"TTAAACCGGTAGCGAC-1",7,7
"TTAAACCTGGTTCCTT-1",5,3
"TTAAACTCGAATTCAT-1",8,5
"TTAACACCTCGAACAT-1",8,5
"TTAACCAACCCTCCCT-1",7,7
"TTAACGAACAAGCAGT-1",4,16
"TTAACGTCGCAAGACC-1",7,7
"TTAACGTTAAAGCCTG-1",3,8
"TTAACTCACGCGTGGA-1",5,3
"TTAACTGATCGTTTGG-1",1,14
"TTAACTTCAGGTAGGA-1",5,3
"TTAAGACGAACGAACC-1",6,15
"TTAAGATACCCAGAGA-1",1,1
"TTAAGATAGGATTGAC-1",5,3
"TTAAGCCGACAACTTC-1",9,13
"TTAAGCGCCTGACCCA-1",4,4
"TTAAGGATACGGAGGT-1",4,4
"TTAAGGCCCGTACTTT-1",3,8
"TTAAGTATTGTTATCC-1",2,2
"TTAATCAGTACGTCAG-1",7,7
"TTAATGCGAGGTAACT-1",9,13
"TTAATGTAGACCAGGT-1",4,4
"TTAATTGCTTTGGGTG-1",2,2
"TTAATTTCAGACGCGG-1",7,7
"TTACAACTACGCATCC-1",4,4
"TTACACGATCTGCGAC-1",2,14
"TTACAGACCTAAATGA-1",4,4
"TTACATCGTGGCCTGG-1",4,4
"TTACATGCCACAACTA-1",5,3
"TTACCATTGATTACCC-1",5,5
"TTACCCATTGCCGGGT-1",9,13
"TTACCCTAACAGTCCT-1",8,5
"TTACCCTAGGGATTGG-1",3,8
"TTACCGCCTTAGGGAA-1",8,10
"TTACGGATGGTTCGAG-1",8,5
"TTACGGTGTCACCGAG-1",4,4
"TTACGTAGCGCGTGCT-1",6,6
"TTACGTATCTATGACA-1",2,2
"TTACTAAAGGACTTTA-1",5,3
"TTACTATCGGCTTCTC-1",5,3
"TTACTCCGGCCGGGAA-1",8,5
"TTACTCTGGTACGTAC-1",5,3
"TTACTGGGATATTTCA-1",5,5
"TTACTGTCTAGAGCTC-1",7,7
"TTACTGTTTCTCTACG-1",9,13
"TTAGAAGAACATGACT-1",5,3
"TTAGAATAAGGGTCGG-1",3,8
"TTAGACACGATCGTTG-1",9,13
"TTAGACGAGTCACCTC-1",5,3
"TTAGAGTTTAGAAGGA-1",5,3
"TTAGATAGGTCGATAC-1",8,5
"TTAGCAACATGGATGT-1",8,5
"TTAGCGAATAGATAGG-1",2,2
"TTAGCTAATACGATCT-1",7,12
"TTAGCTCTGTAATCCG-1",5,3
"TTAGCTGATTTGCCGT-1",8,5
"TTAGGATGGGAGGGTA-1",3,8
"TTAGGTCATAACCGAC-1",3,8
"TTAGTAAACCTGCTCT-1",2,2
"TTAGTAGGGCGGCGGG-1",5,3
"TTAGTTATTCGTGGCA-1",5,3
"TTAGTTCAAGTGTTCG-1",4,16
"TTATAGATGCACATTA-1",7,7
"TTATAGGTAATTGTCT-1",2,2
"TTATAGTCCAAGGTGC-1",6,6
"TTATATACGCTGTCAC-1",8,5
"TTATATTTGGCAATCC-1",4,16
"TTATCATACTCGCAAA-1",8,9
"TTATCCAATCGAACTC-1",4,4
"TTATCCGGGATCTATA-1",3,3
"TTATCCTCAAGGAATA-1",3,8
"TTATCGCCTGCGAAGC-1",5,3
"TTATCTGACATTAGGA-1",3,8
"TTATCTGTATCATAAC-1",7,7
"TTATGAATGAAAGGGA-1",8,5
"TTATGACAAACTGGAT-1",8,5
"TTATGATCTTAACGAA-1",8,5
"TTATGTTTGCGATAGA-1",8,5
"TTATTAGAGCGTGTTC-1",5,3
"TTATTAGGGAAGCATC-1",7,7
"TTATTATCTGGAAGGC-1",2,2
"TTATTTAGGTTCCTTA-1",2,2
"TTCAAAGTCTCTAGCC-1",8,5
"TTCAACGACCCGACCG-1",4,4
"TTCAAGCCGAGCTGAG-1",9,13
"TTCAATACTCTGAATC-1",8,5
"TTCAATTAGCCATAAT-1",9,15
"TTCACGAAAGGATCAC-1",8,5
"TTCACGGTCGTCACGT-1",2,14
"TTCACTCGAGCACCTA-1",3,8
"TTCACTTCCTAGAACG-1",2,14
"TTCAGAGTAACCTGAC-1",5,9
"TTCAGCCCTGGTCCAC-1",5,3
"TTCAGCTGGCGTGCCC-1",3,8
"TTCAGGCGTCAAAGCC-1",5,3
"TTCAGTTCAAGAGGAG-1",2,14
"TTCAGTTTGTGGCAGC-1",3,8
"TTCATAGCCTTGTAAC-1",5,8
"TTCATGGCGCAACAGG-1",7,7
"TTCCAATCAGAGCTAG-1",4,4
"TTCCAATCTGGCTATC-1",5,3
"TTCCACACAGATTTGA-1",5,3
"TTCCACATTTCTCGTC-1",6,6
"TTCCAGACGAGATTTA-1",5,3
"TTCCATCATGCGGTGA-1",9,13
"TTCCATCGACAGCGTG-1",2,2
"TTCCCGACGCTTCACT-1",6,6
"TTCCCGGCGCCAATAG-1",3,8
"TTCCGCAGAGAAATAT-1",7,12
"TTCCGCGTGAGGCGAT-1",5,3
"TTCCGGCCTTGAGGCT-1",3,8
"TTCCGGCTCGACTTCT-1",6,6
"TTCCGGTATCTGTGTC-1",5,3
"TTCCGGTTACCCACTT-1",5,3
"TTCCTCGAGGGTGTCT-1",4,4
"TTCCTCGGACTAACCA-1",5,3
"TTCCTCTGCCCGAATA-1",5,3
"TTCCTTTCTGTGTTGC-1",8,5
"TTCGACAGAGCCCGTG-1",5,3
"TTCGACGGGAAGGGCG-1",4,4
"TTCGAGCCGGCGCTAC-1",6,15
"TTCGCACTCGCGTGCT-1",4,4
"TTCGCACTGTACGACA-1",1,2
"TTCGCATCCGGAAGCA-1",5,9
"TTCGCCGCTCGCGCTA-1",3,8
"TTCGCGCGCCATACGA-1",3,8
"TTCGCTAGGAAGTTGT-1",5,3
"TTCGCTATCTGACGTG-1",7,7
"TTCGGACTGATGCCTT-1",6,15
"TTCGGCAACCCGCTGA-1",9,13
"TTCGGCTAGAGATGGT-1",8,5
"TTCGGGACTAATCGCG-1",8,5
"TTCGGGCGCTAGTCTT-1",3,8
"TTCGGGTTGCCACGGG-1",2,14
"TTCGGTACTGTAGAGG-1",2,14
"TTCGGTGGAGACGCCC-1",3,8
"TTCGTAATCCCAGCGG-1",6,6
"TTCGTACTCCAGAACG-1",8,5
"TTCGTGCATGTTATAG-1",2,2
"TTCGTGGGCTGGAAGC-1",6,6
"TTCGTTCAACGAAGTT-1",4,16
"TTCTAACCGAAGCTTA-1",8,5
"TTCTACCTCAATCGGT-1",2,14
"TTCTACCTTTATGTTG-1",6,15
"TTCTACTTGCGAGGGC-1",8,5
"TTCTAGAAAGTCTTAT-1",3,8
"TTCTAGGCCAATTGTG-1",4,4
"TTCTATGCCTTTCGCA-1",8,5
"TTCTATTAAACGCAGC-1",2,14
"TTCTCAATTGCTACAA-1",1,14
"TTCTGACCGGGCTCAA-1",3,8
"TTCTGCCGCGCCTAGA-1",5,3
"TTCTGCGAGCGCCCTT-1",5,3
"TTCTGCGGGTTAGCGG-1",8,5
"TTCTGCTAGACTCCAA-1",8,5
"TTCTGTTTCCTGTCGC-1",5,3
"TTCTTAGTGAACGGTG-1",4,4
"TTCTTAGTGGCTCAGA-1",7,7
"TTCTTATCCGCTGGGT-1",3,3
"TTCTTCCCTTTGATAT-1",9,13
"TTCTTCGCAATAGAGC-1",6,15
"TTCTTGAGCCGCGCTA-1",5,3
"TTCTTGCTAGCATCTC-1",5,3
"TTCTTGGACGATCTGC-1",3,3
"TTCTTGGAGTAATGAG-1",7,7
"TTCTTGTAACCTAATG-1",4,4
"TTCTTGTGTCCATCAG-1",3,8
"TTCTTTGGTCGCGACG-1",4,16
"TTGAAACCCTCATTCC-1",2,14
"TTGAAAGGTGTAAAGG-1",9,13
"TTGAACGAATCCTTTG-1",8,5
"TTGAACGACGTGCTGA-1",3,8
"TTGAAGAATTCCCAGG-1",8,5
"TTGAAGGATGGGCGCC-1",3,2
"TTGAATATGGACTTTC-1",8,5
"TTGAATCGTTGTATAA-1",3,8
"TTGAATTCACGTGAGG-1",8,5
"TTGACAGGAGCTCCCG-1",5,3
"TTGACATGAACGTGGA-1",5,3
"TTGACCAGGAACAACT-1",2,2
"TTGACCATGTTCTCCG-1",4,4
"TTGACCGTGTTAATGA-1",5,3
"TTGACGATTCAGCACG-1",7,7
"TTGACGCTCCATGAGC-1",5,3
"TTGACTACCATATGGT-1",5,3
"TTGACTATTGTCCGGC-1",5,3
"TTGAGAAGTTTAGCAT-1",3,8
"TTGAGAGTACTGCTAA-1",5,3
"TTGAGCAGCCCACGGT-1",5,3
"TTGAGCGCCACGTGAT-1",5,3
"TTGAGGCATTTAACTC-1",6,15
"TTGAGGGTCGAACGCG-1",6,6
"TTGAGTCCCGCTGCTG-1",5,3
"TTGATAGTCAATACAT-1",8,5
"TTGATCTAACTTTGTC-1",4,4
"TTGATGCCGCTCGTCG-1",2,14
"TTGATGTGTAGTCCCG-1",4,4
"TTGATTAGCTGTTTCT-1",5,3
"TTGATTATGCAGATGA-1",8,5
"TTGCAAGAAGACTCCT-1",1,14
"TTGCACAATTCAGAAA-1",8,5
"TTGCACGGAGCAGCAC-1",7,7
"TTGCATGCTGATCACG-1",5,3
"TTGCCAAGCAGAACCC-1",5,3
"TTGCCATAGCCCGCTC-1",3,8
"TTGCCCTGATCACGGG-1",8,5
"TTGCCGCAGACCTACA-1",3,2
"TTGCCGCTTTCTAGTA-1",2,2
"TTGCCGGTGATCCCTC-1",6,15
"TTGCCTAATCCAAAGT-1",2,14
"TTGCCTTCTCGCCGGG-1",1,14
"TTGCGCACAACCACGT-1",2,2
"TTGCGCTTGATCAATA-1",2,14
"TTGCGGCATCAGAAAG-1",3,8
"TTGCGGCGACTCATGC-1",9,13
"TTGCGTAGTTTGAGGA-1",5,3
"TTGCGTCGGCCAACCG-1",5,3
"TTGCGTGAACGCTTAG-1",9,13
"TTGCTAGCTACCAATC-1",8,9
"TTGCTCATAGTACGTG-1",2,14
"TTGCTCCCATACCGGA-1",7,7
"TTGCTGAAGGAACCAC-1",7,7
"TTGCTGATCATGTTCG-1",4,5
"TTGCTGCACCTATCCA-1",8,5
"TTGCTGGCCGGGCTTC-1",6,15
"TTGGAAGAATACAGTC-1",5,3
"TTGGACATGTGGCTTA-1",5,3
"TTGGACCATCTGGCAA-1",3,8
"TTGGACCTATAACAGT-1",3,8
"TTGGAGTCTCCCTTCT-1",4,4
"TTGGATATCGTCTACG-1",5,3
"TTGGATCGACTTCTGG-1",9,13
"TTGGATTGGGTACCAC-1",7,7
"TTGGCCAAATTGTATC-1",2,2
"TTGGCCATCTTGCGCT-1",8,5
"TTGGCCTAGAATTTCG-1",9,13
"TTGGCGATCCGAATAT-1",5,3
"TTGGCTCAATATGTGT-1",2,14
"TTGGCTCGCATGAGAC-1",4,4
"TTGGGACACTGCCCGC-1",4,4
"TTGGGACGTAAGAGTT-1",3,8
"TTGGGCGGCGGTTGCC-1",4,16
"TTGGGTTTATTCAGCG-1",7,13
"TTGGTATGGCTTGTGT-1",8,5
"TTGGTCACACTCGTAA-1",5,3
"TTGGTGCGGTGTTGAA-1",6,6
"TTGGTTCGCTCAAAGG-1",5,3
"TTGGTTGCGGTGCGCG-1",3,8
"TTGTAACTTCATAGCG-1",6,6
"TTGTAAGGACCTAAGT-1",5,3
"TTGTAAGGCCAGTTGG-1",4,16
"TTGTAATCCGTACTCG-1",8,5
"TTGTATCACACAGAAT-1",9,13
"TTGTCACCGCGGTATC-1",3,2
"TTGTCGTTCAGTTACC-1",4,7
"TTGTGAACCTAATCCG-1",3,8
"TTGTGAGGCATGACGC-1",3,8
"TTGTGCAGCCACGTCA-1",3,2
"TTGTGGCCCTGACAGT-1",7,7
"TTGTGGTAGGAGGGAT-1",5,3
"TTGTGGTATAGGTATG-1",4,16
"TTGTGGTGGTACTAAG-1",2,2
"TTGTGTATGCCACCAA-1",3,8
"TTGTGTTTCCCGAAAG-1",5,3
"TTGTTAGCAAATTCGA-1",4,4
"TTGTTCAGTGTGCTAC-1",4,16
"TTGTTGTGTGTCAAGA-1",4,16
"TTGTTTCACATCCAGG-1",3,8
"TTGTTTCATTAGTCTA-1",3,8
"TTGTTTCCATACAACT-1",5,3
"TTGTTTGTGTAAATTC-1",7,7
