"barcode","BayesSpace_harmony_09","BayesSpace_harmony_16"
"AAACAAGTATCTCCCA-1",6,6
"AAACACCAATAACTGC-1",3,8
"AAACAGAGCGACTCCT-1",4,16
"AAACAGCTTTCAGAAG-1",3,8
"AAACAGGGTCTATATT-1",3,8
"AAACAGTGTTCCTGGG-1",2,10
"AAACATGGTGAGAGGA-1",8,5
"AAACATTTCCCGGATT-1",4,4
"AAACCCGAACGAAATC-1",6,15
"AAACCGGAAATGTTAA-1",6,15
"AAACCGGGTAGGTACC-1",3,8
"AAACCGTTCGTCCAGG-1",2,2
"AAACCTAAGCAGCCGG-1",5,3
"AAACCTCATGAAGTTG-1",3,8
"AAACGAAGATGGAGTA-1",8,5
"AAACGAGACGGTTGAT-1",9,13
"AAACGCTGGGCACGAC-1",6,6
"AAACGGGCGTACGGGT-1",5,3
"AAACGGTTGCGAACTG-1",2,2
"AAACGTGTTCGCCCTA-1",8,5
"AAACTAACGTGGCGAC-1",5,3
"AAACTCGGTTCGCAAT-1",3,8
"AAACTCGTGATATAAG-1",4,4
"AAACTGCTGGCTCCAA-1",4,4
"AAACTTAATTGCACGC-1",5,3
"AAACTTGCAAACGTAT-1",2,14
"AAAGAATGACCTTAGA-1",8,5
"AAAGAATGTGGACTAA-1",4,4
"AAAGACTGGGCGCTTT-1",5,3
"AAAGCTTGCCTACATA-1",8,9
"AAAGGCCCTATAATAC-1",5,3
"AAAGGCTACGGACCAT-1",2,2
"AAAGGCTCTCGCGCCG-1",3,8
"AAAGGGATGTAGCAAG-1",7,12
"AAAGGGCAGCTTGAAT-1",8,5
"AAAGGTAAGCTGTACC-1",8,5
"AAAGTAGCATTGCTCA-1",2,14
"AAAGTCGACCCTCAGT-1",2,2
"AAAGTGCCATCAATTA-1",6,15
"AAAGTGTGATTTATCT-1",6,6
"AAAGTTGACTCCCGTA-1",6,15
"AAATAACCATACGGGA-1",4,16
"AAATAAGGTAGTGCCC-1",4,4
"AAATACCTATAAGCAT-1",4,4
"AAATAGCTTAGACTTT-1",9,13
"AAATAGGGTGCTATTG-1",8,9
"AAATCCGATACACGCC-1",5,3
"AAATCGCGGAAGGAGT-1",8,5
"AAATCGTGTACCACAA-1",8,5
"AAATCTAGCCCTGCTA-1",9,13
"AAATCTGCCCGCGTCC-1",8,5
"AAATGATTCGATCAGC-1",4,4
"AAATGCTCGTTACGTT-1",4,16
"AAATGGCATGTCTTGT-1",7,12
"AAATGGCCCGTGCCCT-1",3,8
"AAATGGTCAATGTGCC-1",4,16
"AAATGTATCTTATCCC-1",3,8
"AAATTAACGGGTAGCT-1",4,16
"AAATTAATAAGCGCGA-1",2,2
"AAATTACACGACTCTG-1",4,16
"AAATTACCTATCGATG-1",7,7
"AAATTCCAGGTCCAAA-1",7,7
"AAATTGATAGTCCTTT-1",2,10
"AAATTGGTGAGAAGCA-1",8,5
"AAATTTGCGGGTGTGG-1",3,2
"AACAACTGGTAGTTGC-1",4,16
"AACAATACATTGTCGA-1",2,14
"AACAATTACTCTACGC-1",8,5
"AACACACGCTCGCCGC-1",7,7
"AACACGAGACGCGGCC-1",1,1
"AACAGCTGTGTGGCAA-1",2,14
"AACAGGAAATCGAATA-1",7,7
"AACAGGATGGGCCGCG-1",8,5
"AACAGGTAGTATGGAT-1",6,15
"AACATAGCGTGTATCG-1",3,8
"AACATATCAACTGGTG-1",7,7
"AACATCGATACGTCTA-1",8,5
"AACATTGAAGTTGATC-1",3,8
"AACATTGTGACTCGAG-1",2,2
"AACCAAGACTTCTCTG-1",3,8
"AACCATAGGGTTGAAC-1",8,5
"AACCATGGGATCGCTA-1",4,16
"AACCCAGAGACGGAGA-1",4,16
"AACCCATCCCATGATC-1",5,3
"AACCCGACAACCCGTG-1",2,14
"AACCCGAGCAGAATCG-1",6,6
"AACCCGCTGTATTCCA-1",2,10
"AACCCTACTGTCAATA-1",9,11
"AACCGAGCTTGGTCAT-1",7,12
"AACCGCTAAGGGATGC-1",9,13
"AACCGTTGTGTTTGCT-1",7,12
"AACCTCGCTTTAGCCC-1",5,3
"AACCTGTCACGGAATT-1",7,7
"AACCTTTAAATACGGT-1",5,3
"AACCTTTACGACGTCT-1",4,16
"AACGAAAGTCGTCCCA-1",8,5
"AACGACCTCCTAGCCG-1",9,13
"AACGATAATGCCGTAG-1",8,9
"AACGATAGAAGGGCCG-1",7,16
"AACGATATGTCAACTG-1",7,13
"AACGCATGATCTGGGT-1",4,16
"AACGCGACCTTGGGCG-1",2,14
"AACGCGGTCTCCAGCC-1",7,12
"AACGCTGTTGCTGAAA-1",7,7
"AACGGACGTACGTATA-1",7,7
"AACGGCCATCTCCGGT-1",3,8
"AACGTACTGTGGGTAC-1",3,8
"AACGTCAGACTAGTGG-1",4,16
"AACGTCGCTGCACTTC-1",7,7
"AACGTGCGAAAGTCTC-1",7,12
"AACGTTATCAGCACCT-1",5,3
"AACTACCCGTTTGTCA-1",6,15
"AACTAGGCTTGGGTGT-1",3,8
"AACTCAAGTTAATTGC-1",8,5
"AACTCCAGAGCGTGTT-1",4,4
"AACTCCTAATCCCATG-1",4,16
"AACTCTCAATAGAGCG-1",9,11
"AACTCTCAGTGTGCTC-1",2,2
"AACTGATATTAGGCCT-1",7,7
"AACTGGGTCCCGACGT-1",7,12
"AACTTCTGCGTCTATC-1",8,5
"AACTTGCCCGTATGCA-1",8,5
"AACTTGCGTTCTCGCG-1",8,16
"AACTTTACGGGAGCTT-1",3,2
"AACTTTCTCGATCATG-1",8,9
"AAGAAAGTTTGATGGG-1",8,5
"AAGAAATCACCAGATT-1",8,9
"AAGACATACGTGGTTT-1",9,13
"AAGACCAAATAACTCA-1",8,5
"AAGACCCAACTGAACA-1",2,2
"AAGACTGCAAGCTACT-1",7,7
"AAGAGATGAATCGGTA-1",8,5
"AAGAGCTCTTTATCGG-1",9,13
"AAGAGGATGTACGCGA-1",3,8
"AAGAGGCATGGATCGC-1",9,13
"AAGAGGCCCTTTGGAA-1",6,15
"AAGATGGCACCGGACC-1",2,14
"AAGATTGGCGGAACGT-1",7,7
"AAGCACCCTGCGTATC-1",5,3
"AAGCATACTCTCCTGA-1",5,3
"AAGCCACTTGCAGGTA-1",2,14
"AAGCCGAAGCGGTTTA-1",6,6
"AAGCCGCCGTGAAATC-1",3,8
"AAGCCGCTTTACCTTG-1",5,3
"AAGCCGGAGAGCAGGA-1",6,15
"AAGCGCAGGGCTTTGA-1",3,8
"AAGCGGAGTGCGCGCA-1",5,3
"AAGCGGCGTCATGGGT-1",8,16
"AAGCGTCCCTCATCGA-1",2,14
"AAGCTAGATCGAGTAA-1",5,3
"AAGCTATGGATTGACC-1",8,16
"AAGCTCGTGCCAAGTC-1",7,12
"AAGCTCTTTCATGGTG-1",8,5
"AAGGAGCGGTTGGTGC-1",4,16
"AAGGATCGATCGCTTG-1",9,13
"AAGGATGAGGGACCTC-1",7,7
"AAGGCAGGCTGTCTCC-1",6,6
"AAGGCGCGTAAAGCTT-1",4,16
"AAGGCTGTGCTCATCG-1",4,16
"AAGGGAACGACTGGCT-1",3,8
"AAGGGACAGATTCTGT-1",7,13
"AAGGGACTATGCATTC-1",3,8
"AAGGGTTTGATTTCAG-1",8,5
"AAGGTATCCTAATATA-1",9,13
"AAGGTGATAAACCAGC-1",9,15
"AAGTAGAAGACCGGGT-1",7,7
"AAGTAGTGACGCGAGG-1",5,3
"AAGTCAATTGTCGTCA-1",6,15
"AAGTCTAGTAGCTGCC-1",8,9
"AAGTCTTCTGTGGCCT-1",1,8
"AAGTGACGACCGAATT-1",3,8
"AAGTGAGTCGGGTTTA-1",2,14
"AAGTGCAAAGGTAGAC-1",3,8
"AAGTGCCTTGACTGTA-1",6,15
"AAGTGCGTTAGAATCT-1",1,1
"AAGTGCTTCTCTATTG-1",1,14
"AAGTGTTTGGAGACGG-1",4,4
"AAGTTCACTCCAAGCT-1",8,16
"AAGTTCAGTCTGCGTA-1",4,16
"AAGTTCGGCCAACAGG-1",3,8
"AAGTTGTGATGTTATA-1",7,7
"AAGTTTATGGGCCCAA-1",3,8
"AATAACAACGCTCGGC-1",5,3
"AATAACACTAGAACAA-1",2,2
"AATAATCTTCGTATCG-1",6,15
"AATACAATGTTTCAGG-1",8,5
"AATACCGGAGGGCTGT-1",2,14
"AATACCTGATGTGAAC-1",5,9
"AATAGAACAGAGTGGC-1",3,2
"AATAGAATCTGTTTCA-1",7,7
"AATAGCTACCGCGTGC-1",4,16
"AATAGGCACGACCCTT-1",3,2
"AATAGTCCGTCCCGAC-1",3,8
"AATAGTCGCGAGTCGG-1",3,8
"AATATCCTAGCAAACT-1",5,3
"AATATCGAATCAATGC-1",6,6
"AATATCGAGGGTTCTC-1",7,7
"AATATTGGAGTATTGA-1",3,8
"AATCAGGTTTCATTTA-1",2,14
"AATCATGTAAAGACTC-1",7,7
"AATCCAAGGGCCTGAG-1",7,12
"AATCCCGCTCAGAGCC-1",2,2
"AATCGAGGTCTCAAGG-1",3,8
"AATCGCCTCAGCGCCA-1",9,13
"AATCGCGCAGAGGACT-1",6,15
"AATCGGTATAGCCCTC-1",7,7
"AATCGTGAGCCGAGCA-1",3,8
"AATCTAGGTTTACTTG-1",3,8
"AATCTATGCCGGAGCC-1",4,4
"AATCTCTACTGTGGTT-1",2,14
"AATCTGCGTTGGGACG-1",9,13
"AATCTGGCTTTCTAGT-1",3,8
"AATGACAGCAATGTCT-1",2,2
"AATGACGTAGGATGTC-1",7,7
"AATGACTGTCAGCCGG-1",4,16
"AATGAGTTCGCATATG-1",4,16
"AATGATGATACGCTAT-1",7,7
"AATGATGCGACTCCTG-1",7,7
"AATGCAACCGGGTACC-1",7,12
"AATGCACCAAGCAATG-1",4,16
"AATGGTCCACCGTTCA-1",3,3
"AATGGTTCTCACAAGC-1",4,16
"AATGTATGGCACTGTA-1",8,5
"AATGTGCCCGAGGTGT-1",2,2
"AATGTGCTAATCTGAG-1",2,14
"AATGTTAAGACCCTGA-1",3,8
"AATGTTGTCGTGAGAC-1",7,12
"AATTAAAGGTCGGCGT-1",8,5
"AATTAACGGATTTCCA-1",3,8
"AATTACGAGACCCATC-1",8,5
"AATTAGCGCTGCAGCG-1",5,3
"AATTATACCCAGCAAG-1",3,8
"AATTCATAAGGGATCT-1",7,7
"AATTCATTGTCATGCA-1",8,5
"AATTCCAAGCATGTAC-1",2,2
"AATTCGATTCGAGGAT-1",3,8
"AATTCTAGAGTTAGGC-1",5,3
"AATTGAACGCTCTGGT-1",7,7
"AATTGCAGCAATCGAC-1",4,4
"AATTGCGTGGATTACA-1",8,5
"AATTGTGGTTGCCAAA-1",6,15
"AATTTGGGACATAGTA-1",4,16
"AATTTGGTTCCAAAGA-1",7,12
"ACAAACCATGCGTCCT-1",5,3
"ACAAACTCCATCAGAG-1",2,14
"ACAAAGAAGGTAGGCC-1",5,3
"ACAAAGCATGACCTAG-1",4,16
"ACAAATCGCACCGAAT-1",4,4
"ACAAATGGTAGTGTTT-1",7,7
"ACAACAGCATGAGCTA-1",9,13
"ACAACGGTCCCTGCGA-1",4,16
"ACAAGCAGTGCCTAGC-1",8,5
"ACAAGCTATATGGAAG-1",2,2
"ACAAGGAAATCCGCCC-1",4,16
"ACAAGGACAAGAGGTT-1",8,5
"ACAAGGATGCTTTAGG-1",8,5
"ACAAGGGCAGGCTCTG-1",7,7
"ACAAGTAATTGTAAGG-1",5,3
"ACAATAGTCGTACGTT-1",2,14
"ACAATCCATTTAAACC-1",5,3
"ACAATGAATACGGAGA-1",2,2
"ACAATGATTCTTCTAC-1",4,16
"ACAATTGTGTCTCTTT-1",9,13
"ACAATTTAGGAGGCTC-1",3,8
"ACAATTTGAGCAGTGG-1",9,13
"ACAATTTGGCCATATT-1",9,11
"ACACAAAGACGGGTGG-1",7,7
"ACACAAATATTCCTAG-1",5,3
"ACACACCAGGACCAGT-1",9,13
"ACACACTTTCTACACG-1",7,7
"ACACATGATCAAATCT-1",5,3
"ACACATTTCCGTAGAC-1",3,8
"ACACCACATAATTAGC-1",4,4
"ACACCCAGCATGCAGC-1",4,16
"ACACCCGAGAAATCCG-1",4,16
"ACACCGAGCGCTCTTT-1",5,3
"ACACCGGTCTGACCGC-1",5,3
"ACACCTTAAGTAGGGC-1",4,16
"ACACCTTACTACTTGC-1",9,15
"ACACGAGACTCCTTCT-1",9,13
"ACACGGGAACTTAGGG-1",9,13
"ACACGTAGGCCACAAG-1",6,15
"ACACTCCAATGTCACT-1",8,5
"ACACTGATCAAGGTGT-1",3,10
"ACACTGGGACAGTCGT-1",6,6
"ACAGAACTGAGAACAA-1",2,2
"ACAGCATAGAGCCAGT-1",7,12
"ACAGCGACATTCTCAT-1",7,7
"ACAGCGCACCCGCAGC-1",7,12
"ACAGGCACGGATCCTT-1",8,9
"ACAGGCTTGCCCGACT-1",4,4
"ACAGGTGGAGGTGAGG-1",2,2
"ACAGGTGTGTTGTTGC-1",3,8
"ACAGTAATACAACTTG-1",3,8
"ACAGTATACCGTGGGA-1",8,5
"ACATAAGTCGTGGTGA-1",8,5
"ACATAATAAGGCGGTG-1",7,12
"ACATACAATCAAGCGG-1",5,3
"ACATCAGCTGGGACGC-1",3,8
"ACATCCCGGCCATACG-1",3,8
"ACATCCTGGTAACTGT-1",9,11
"ACATCGATCGTTTACC-1",4,16
"ACATCGCAATATTCGG-1",3,8
"ACATCGGTCAGCCGCG-1",5,3
"ACATCGTATGCAATGG-1",7,7
"ACATCGTTAACCTAGT-1",7,12
"ACATGCTTACGGCAGC-1",5,3
"ACATGGCGCCAAAGTA-1",6,15
"ACATTAGTTTATATCC-1",5,3
"ACATTCGCGCGGAATA-1",3,8
"ACATTTGAAACCTAAC-1",5,9
"ACCAAACACCCAGCGA-1",8,5
"ACCAACACCACACACT-1",4,16
"ACCAACCGCACTCCAC-1",4,16
"ACCAACGCTTATTTAT-1",2,2
"ACCAAGAACGCGTGTC-1",7,16
"ACCAAGTCATCGGCAG-1",4,4
"ACCAATATGCAAGTTA-1",8,9
"ACCACAAGTTTCTATC-1",4,16
"ACCACACGGTTGATGG-1",3,8
"ACCACCAATGTAACAA-1",9,11
"ACCACCCTCTCTTCTA-1",8,9
"ACCACGTGCAGCTATA-1",4,4
"ACCAGACCATAACAAC-1",1,1
"ACCAGTGCCCGGTCAA-1",8,5
"ACCAGTGCGGGAGACG-1",9,13
"ACCATATCCGCAATAA-1",4,16
"ACCATCCGCCAACTAG-1",3,2
"ACCATCGTATATGGTA-1",5,3
"ACCATTAAGGGTGTCA-1",5,3
"ACCCAACGCCCGTGGC-1",6,13
"ACCCACCTACATGCTC-1",8,5
"ACCCATCTTGAGGGTA-1",5,3
"ACCCATTTGTCCCTCT-1",7,7
"ACCCGAGCGAAATTAC-1",2,2
"ACCCGATTGGTTCCGA-1",2,14
"ACCCGGAAACTCCCAG-1",3,8
"ACCCGGAGCACCACAA-1",6,6
"ACCCGGATGACGCATC-1",6,15
"ACCCGGTTACACTTCC-1",5,3
"ACCCGTAGCAGAGAAT-1",8,5
"ACCCGTAGTCTAGTTG-1",9,13
"ACCCGTGTCATCAGTA-1",2,2
"ACCCTATGCCATATCG-1",2,2
"ACCCTCCCGTCAGGGC-1",8,9
"ACCCTCCCTTGCTATT-1",7,7
"ACCCTGGTAACGCCCT-1",4,9
"ACCCTTCATCTGCGAA-1",7,12
"ACCCTTGCCTGGGTCG-1",5,3
"ACCGAAGAGTCTGGTT-1",5,3
"ACCGACACATCTCCCA-1",3,8
"ACCGACTGAGTCCCAC-1",7,12
"ACCGAGTCTCCTTATT-1",3,8
"ACCGATAGGCATAACC-1",6,6
"ACCGATATTTAATCAT-1",6,6
"ACCGATGGTAGCATCG-1",6,15
"ACCGCAATAACTGCCT-1",4,16
"ACCGCGGTGGAAGTCG-1",9,11
"ACCGCTAGTCATTGGT-1",2,14
"ACCGGGCCTTTGTTGA-1",6,15
"ACCGGTCAGGTACACC-1",5,3
"ACCGTCCACTGGGCCC-1",8,5
"ACCGTGACCACGTGGG-1",2,14
"ACCTAAGTACCTTTCA-1",2,14
"ACCTAATCGACTTCCT-1",5,3
"ACCTACAGTATGTGGT-1",9,13
"ACCTACTATAAATCTA-1",2,2
"ACCTCAGCGAGGCGCA-1",5,3
"ACCTCCGCCCTCGCTG-1",6,6
"ACCTCCGTTATTCACC-1",7,7
"ACCTCGAACTTATGCT-1",5,3
"ACCTGCGTGTCATGTT-1",2,2
"ACGAAATGGGCGGCAC-1",5,3
"ACGACCCATGAGTTGC-1",6,6
"ACGACTCTAGGGCCGA-1",5,3
"ACGACTGGTCATACTC-1",1,1
"ACGAGGATACCACTCT-1",3,8
"ACGAGGTTTACAACGT-1",5,3
"ACGAGTACGGATGCCC-1",7,7
"ACGAGTCGCCGGCGTT-1",8,10
"ACGATACATAGAACTA-1",7,12
"ACGATACCTATCCTGA-1",2,2
"ACGATCATACATAGAG-1",7,12
"ACGATCATCTTGTAAA-1",6,15
"ACGATGCATATGTTAT-1",8,5
"ACGATGGATCCGATGC-1",7,12
"ACGCAAACTAATAGAT-1",2,14
"ACGCAATCACTACAGC-1",4,4
"ACGCATACGTTTACTA-1",9,13
"ACGCATTCGTGAGTAC-1",7,16
"ACGCCACTCGAAACAG-1",3,8
"ACGCCAGATGATTTCT-1",7,7
"ACGCCAGTGCGTTTGC-1",4,4
"ACGCCGCTAGACGACC-1",4,4
"ACGCGAAGTCAGACGA-1",5,3
"ACGCGCTACACAGGGT-1",3,8
"ACGCGGGCCAAGGACA-1",7,7
"ACGCGTTTCTTAAGAG-1",3,8
"ACGCTAGTGATACACT-1",7,7
"ACGCTGTGAGGCGTAG-1",2,14
"ACGGAACACGAGTGCC-1",4,9
"ACGGAATTTAGCAAAT-1",4,16
"ACGGACGCAGCGACAA-1",5,3
"ACGGACTCTCAAAGCG-1",5,3
"ACGGAGCGCAAATTAC-1",4,16
"ACGGATGGTGCGGATA-1",5,3
"ACGGCACTTGCTTGGG-1",3,8
"ACGGCCAACATGGACT-1",3,8
"ACGGCGACGATGGGAA-1",4,4
"ACGGCTGGATGTAGAA-1",5,3
"ACGGGAGTGTCGGCCC-1",2,14
"ACGGGCGTATGCGACA-1",8,9
"ACGGGTCATGTGACTT-1",5,3
"ACGGGTTGTGACCTGT-1",8,5
"ACGGTACAGTTCAATG-1",8,9
"ACGGTCACCGAGAACA-1",5,3
"ACGTACAGATTTCTCT-1",7,10
"ACGTACTTTGGCACGG-1",3,2
"ACGTAGATTGCTGATG-1",7,7
"ACGTAGGAGAGTCGCT-1",3,8
"ACGTATTACTCCGATC-1",9,11
"ACGTCGGGCAACTCGG-1",8,5
"ACGTCTCGTTCCGGGA-1",3,8
"ACGTGACAAAGTAAGT-1",5,3
"ACGTGCGCCTCGTGCA-1",7,7
"ACGTTAATGTCGAAGA-1",4,4
"ACGTTAGATTTGCCCG-1",5,3
"ACGTTATTGGTCACTC-1",8,5
"ACGTTCACTATGCCGC-1",1,1
"ACGTTCGCAATCAATT-1",7,7
"ACGTTCGTTCAGGAAA-1",2,14
"ACGTTCTGTACAAGTC-1",8,9
"ACGTTGTCGTTGAAAG-1",3,8
"ACGTTTAGTTGTGATC-1",7,12
"ACTAAGGACGCACACC-1",5,3
"ACTACAAAGAGAGGTG-1",2,14
"ACTACATCCCGACAAG-1",3,3
"ACTACCAGCTCTCTGG-1",4,16
"ACTACCATCCGAGGGC-1",3,8
"ACTACGCGTTAGAATT-1",2,2
"ACTAGTTGCGATCGTC-1",6,11
"ACTATATGCTGTGTTC-1",8,5
"ACTATCCAGGGCATGG-1",9,13
"ACTATCGCCGGCTAAA-1",5,3
"ACTATCTGCCCGCGTA-1",6,6
"ACTATGTCCAGCTGCC-1",3,8
"ACTATTCGTCCGTGGT-1",7,7
"ACTATTTCCGGGCCCA-1",2,14
"ACTCAAGTGCAAGGCT-1",8,5
"ACTCAATAAAGGCACG-1",7,12
"ACTCATGGCAGCCTTC-1",5,3
"ACTCCAATATCATCAT-1",3,2
"ACTCCCATTCCTAAAG-1",3,3
"ACTCCCGAATTCGTTT-1",7,7
"ACTCCCGTAGACTAGG-1",8,9
"ACTCCCTAATGCTAAA-1",5,3
"ACTCCCTAGAATAGTA-1",4,9
"ACTCCGGCCGACCACT-1",5,3
"ACTCGATGTATTTCAT-1",5,3
"ACTCGCCGTTCGATAA-1",9,13
"ACTCGCGATCTGACGC-1",7,7
"ACTCGTAACCCGTCCT-1",1,14
"ACTCGTCAGTAATCCC-1",9,13
"ACTCTAAACCTGGGAT-1",3,8
"ACTCTCTGACTTAGGT-1",7,7
"ACTCTGACCTAATAGA-1",8,9
"ACTCTTCAGCTCCCGC-1",4,4
"ACTCTTGTATAGTAAC-1",7,7
"ACTGAAACGCCGTTAG-1",4,4
"ACTGAATGGCGAAAGT-1",7,7
"ACTGCCCGCCATTCTC-1",2,2
"ACTGCCGTCGTAACTC-1",7,7
"ACTGCGGACACACCGT-1",7,7
"ACTGCTCGGAAGGATG-1",5,3
"ACTGGCGAACCTGCGT-1",5,3
"ACTGGGATGCCAGTGC-1",2,2
"ACTGTACGATACACAT-1",9,13
"ACTGTAGCACTTTGGA-1",4,16
"ACTGTCCAGGATTATA-1",4,16
"ACTGTCTTCTTTAGAA-1",7,13
"ACTGTGCTAGTAGATC-1",4,16
"ACTTACCGGGCGCGCA-1",4,16
"ACTTACGCATCCACGC-1",5,3
"ACTTAGTACGACAAGA-1",4,16
"ACTTATACTTACCCGG-1",9,15
"ACTTATTAGGATCGGT-1",8,5
"ACTTATTTATGTGCCA-1",9,13
"ACTTCAGGCTGATCCC-1",4,4
"ACTTCCAGTGGAAGCT-1",8,5
"ACTTCCATGCGGGACA-1",8,5
"ACTTCGCCATACGCAC-1",9,13
"ACTTCGCTAGCGAGTG-1",4,4
"ACTTGACTCCCTCTTT-1",4,4
"ACTTGCTCTATCTACC-1",8,5
"ACTTGGGACCCGGTGG-1",4,16
"ACTTGGGCTTTCGCCA-1",3,8
"ACTTGTAGTCCCTTCA-1",3,8
"ACTTGTGGATGGAACG-1",6,6
"ACTTGTTACCGGATCA-1",2,2
"ACTTTACCCTCATGAA-1",7,7
"ACTTTATACACCACTT-1",8,5
"ACTTTCCTATAGCTTC-1",7,7
"ACTTTGACTGCATCCT-1",2,14
"ACTTTGGTCGTGCTCC-1",5,3
"ACTTTGTCGACGCACT-1",6,6
"AGAAATTATGACTCGC-1",6,15
"AGAACACGGCGATGGT-1",8,5
"AGAACCCAGCGTGACA-1",9,11
"AGAACCCTCAATTGGG-1",5,3
"AGAACGTGGTACATTC-1",9,13
"AGAACTGTACTTTGTA-1",5,3
"AGAAGGTACACTTCAC-1",3,3
"AGAAGGTTGCCGAATT-1",5,3
"AGAAGGTTGTAGGTCG-1",3,8
"AGAAGTGATTCGTGAT-1",2,10
"AGAATAAATCTTCAGG-1",2,14
"AGAATACAGGCTATCC-1",5,9
"AGAATGCGGGTTCGGA-1",8,5
"AGAATTATGGATTCGA-1",9,13
"AGAATTGTTTGACATA-1",4,16
"AGACAGCTCAGAATCC-1",5,3
"AGACAGGCATCTCAGC-1",6,15
"AGACCAAACCACACCT-1",5,3
"AGACCATGGGATACAA-1",4,16
"AGACCCACCGCTGATC-1",1,1
"AGACCCGCCCTCCTCG-1",7,7
"AGACCGCTCCGCGGTT-1",6,15
"AGACCGGGAAACCCTG-1",2,14
"AGACGAAGTGCCGGTC-1",9,13
"AGACGACGATGCCGCT-1",2,14
"AGACGCCCACTTCGCC-1",6,6
"AGACTAGCCTTCCAGA-1",4,16
"AGACTGTTACCGGGTC-1",2,14
"AGAGAAACACCAGAAA-1",2,14
"AGAGAACCGTCTAGGA-1",7,7
"AGAGAAGGAGTACAAT-1",1,1
"AGAGATCTCTAAAGCG-1",2,2
"AGAGCAGTTATGAGAC-1",5,3
"AGAGCCGCCGAGATTT-1",6,6
"AGAGCGCTTGTAACGG-1",5,3
"AGAGCGGGCTAATCAT-1",7,7
"AGAGCGTACAAGCTCG-1",4,16
"AGAGGCTTCGGAAACC-1",6,6
"AGAGTAAACTTCACTA-1",6,6
"AGAGTATAGTGTTACG-1",4,16
"AGAGTTGCAGGCCTCC-1",5,3
"AGATAACTTCAGGGCC-1",4,16
"AGATAATCACACCTAT-1",8,5
"AGATACCAATAGAACC-1",9,13
"AGATACCAGCACTTCA-1",8,5
"AGATACCGGTGTTCAC-1",5,3
"AGATACGACTTCATAT-1",4,16
"AGATACTCAAGATCGA-1",7,7
"AGATATAATACGACTA-1",3,8
"AGATCGTGCATAAGAT-1",7,7
"AGATCTCAGGTGTGAT-1",9,13
"AGATCTGGAGAGGATA-1",8,5
"AGATGACTCGCCCACG-1",7,12
"AGATGAGGGTTGCGAT-1",4,16
"AGATGATGGAGTCTGG-1",7,7
"AGATGCAAGACGTGCA-1",3,8
"AGATGCATCCTGTGTC-1",5,3
"AGATTATAGGACGTTT-1",4,16
"AGATTCACAACCGATA-1",5,3
"AGCAAAGGCCGCTAGT-1",5,3
"AGCAACATATCTTATT-1",9,11
"AGCAACCGAAAGTAAT-1",3,8
"AGCACACGTTTAGACT-1",3,8
"AGCACCAGTACTCACG-1",7,12
"AGCACTACCGGCCTGT-1",3,8
"AGCACTACCTCACCAG-1",4,9
"AGCACTTAAGGACGCC-1",8,5
"AGCAGAAGGAGAAAGA-1",3,8
"AGCAGCCAGATGAATA-1",3,8
"AGCAGTCGAAGCATGC-1",3,8
"AGCATATCAATATGCT-1",9,13
"AGCATCATTTCGAAAG-1",3,8
"AGCATCGTCGATAATT-1",7,16
"AGCATTACGAGGCAAG-1",7,12
"AGCCAAGCTTTGTGTC-1",2,2
"AGCCACAGGTTACCCG-1",8,9
"AGCCACTCCCGTGCTT-1",7,12
"AGCCATATAGTATGTG-1",2,2
"AGCCCATACATGTAAG-1",3,2
"AGCCCGCAACAAGCAG-1",2,2
"AGCCCGCACTACAATG-1",7,7
"AGCCCGGCATTAGAGG-1",3,8
"AGCCCGGTAGCCTGTA-1",2,14
"AGCCCTAAGCGAAGTT-1",7,7
"AGCCCTCCCTGGTGGC-1",3,8
"AGCCCTGTCGCACCGT-1",7,2
"AGCCCTTCTAATCCGA-1",4,4
"AGCCCTTGGACATCCC-1",6,6
"AGCCGCAAATTCAAAT-1",2,2
"AGCCGTGGCTAAATGT-1",2,2
"AGCCTAATACCCACGT-1",3,8
"AGCCTTAAAGCGGAAG-1",8,5
"AGCCTTGTCACTGATA-1",8,5
"AGCGACAGGAACGGTC-1",2,2
"AGCGACATCCCATTCA-1",7,7
"AGCGACCAACGATATT-1",7,7
"AGCGACTTTGAAGACA-1",2,14
"AGCGAGACGTGAAGGC-1",5,3
"AGCGATGCGCCTAATA-1",9,13
"AGCGCATAATGAATCG-1",2,2
"AGCGCGGGTGCCAATG-1",7,7
"AGCGCTAGAGCGATGT-1",7,12
"AGCGGACACTTCGTAG-1",3,2
"AGCGGCGGTTAGCGGT-1",3,3
"AGCGGGAAGGGTCCAT-1",4,16
"AGCGGGTCTGACACTC-1",3,8
"AGCGGTTGCCGCTCTG-1",8,5
"AGCGTGGTATTCTACT-1",4,4
"AGCTAACAAGCAATGT-1",1,1
"AGCTAAGCTCCGTCCG-1",2,10
"AGCTAAGTACGCAGGC-1",5,3
"AGCTAGAAGCAGAAGT-1",7,7
"AGCTATTTAATCCAAC-1",7,7
"AGCTCCATATATGTTC-1",6,6
"AGCTCCTTCGCACATC-1",4,4
"AGCTCGTTGATGGAAA-1",5,3
"AGCTCTAGACGTTCCA-1",7,12
"AGCTCTTCCCAGTGCA-1",7,7
"AGCTCTTCGTAACCTT-1",9,13
"AGCTCTTTACTCAGTT-1",5,3
"AGCTGAAGTAAACCAA-1",7,7
"AGCTGTAACCTCAATC-1",2,2
"AGCTTCTTCTCGAGCA-1",4,16
"AGCTTGATCAGGGTAG-1",8,5
"AGCTTGATCTTAACTT-1",3,8
"AGGAACGAACGACTTC-1",6,15
"AGGAAGCTGTCCGCCG-1",3,8
"AGGACAGTCGAATCCC-1",9,13
"AGGACATCGCACGTCG-1",4,16
"AGGACATCGGCACACT-1",6,6
"AGGACGACCCATTAGA-1",5,3
"AGGACGCTCGATGTTG-1",4,16
"AGGACTTATAGGAGAA-1",5,3
"AGGAGACATCCACAGT-1",8,9
"AGGAGAGTCTGGCTAC-1",8,9
"AGGAGGCCTTCGCGCG-1",9,13
"AGGATAAAGTCGGGAT-1",5,3
"AGGATATAGGGATTTA-1",9,13
"AGGATATCCGACTGCA-1",8,9
"AGGATCACGCGATCTG-1",3,8
"AGGATTGCTTACGACA-1",4,4
"AGGCACGTGACTGTCC-1",6,6
"AGGCAGATGCGTAAAC-1",7,7
"AGGCAGGGAGCGTACT-1",2,2
"AGGCATTGTCGTAGGG-1",6,6
"AGGCCACATTGGTTAC-1",9,11
"AGGCCACCCGTTATGA-1",4,16
"AGGCCCATTGTACAGG-1",7,16
"AGGCCCTAGAACGCCA-1",2,14
"AGGCCTATCATACCAA-1",2,2
"AGGCCTGAGAATCTCG-1",8,5
"AGGCGATAACTGGCGT-1",6,15
"AGGCGGTTTGTCCCGC-1",5,3
"AGGCGTCTATGGACGG-1",8,5
"AGGCTATGGTTAGCTT-1",8,16
"AGGCTTAAGTTGCACA-1",3,8
"AGGCTTCCCGAAGAAG-1",3,2
"AGGCTTGCTAGACACC-1",5,3
"AGGGAAACGAGGTACT-1",4,16
"AGGGACCGGCTGCGTT-1",7,13
"AGGGACTCTACGCGAC-1",3,2
"AGGGAGACATACTTCG-1",4,4
"AGGGCCCTAATGTTCT-1",6,15
"AGGGCGAGCAGCTGAT-1",2,14
"AGGGCGTGATCGGCTA-1",4,16
"AGGGCTGCAGTTACAG-1",7,7
"AGGGTCAGAGCACTCG-1",2,14
"AGGGTCAGTAACCCTA-1",8,5
"AGGGTCGATGCGAACT-1",6,15
"AGGGTCTGGACGCAGT-1",9,13
"AGGGTGCCGTTCTTTA-1",2,14
"AGGGTGCTCTCGAGGG-1",9,15
"AGGGTGGATAGTGCAT-1",3,8
"AGGGTTCAGACGGTCC-1",2,14
"AGGGTTCCCTTTGGTT-1",9,13
"AGGGTTTAGTTCGGGA-1",7,7
"AGGTAACCTCCTATTC-1",4,16
"AGGTACGATATTGCCA-1",7,12
"AGGTAGATCGAGATAT-1",1,1
"AGGTAGGTACAAAGCT-1",5,3
"AGGTATAATTGATAGT-1",7,7
"AGGTATGCGGACATTA-1",7,12
"AGGTCAGGTGAGAGTG-1",2,14
"AGGTCGCCTCCCAACA-1",6,6
"AGGTCGCGGAGTTACT-1",7,7
"AGGTGCACGTCCACAT-1",4,4
"AGGTGGTGACCTTCGC-1",2,2
"AGGTGTATCGCCATGA-1",3,8
"AGGTGTTGCCGACCAC-1",6,15
"AGGTTACACCATGCCG-1",6,11
"AGGTTCTCCTTTCCGG-1",8,5
"AGGTTGAGGCACGCTT-1",7,7
"AGGTTTCACACACCTT-1",4,4
"AGTAACTATAGCAGCC-1",4,4
"AGTAATCTAAGGGTGG-1",3,8
"AGTAATGTCTTGCCGC-1",7,7
"AGTAATTTGCAAGCGT-1",8,5
"AGTACAGAAGCTTATA-1",3,8
"AGTACATCATTTATCA-1",7,7
"AGTACCTTCGAGTGCT-1",8,5
"AGTACGGCCCGTATCG-1",2,2
"AGTACGGGCACCTGGC-1",9,13
"AGTACTCTTATGCCCA-1",4,4
"AGTAGAAGGCGCCTCA-1",3,2
"AGTAGGAAGGAAGTTG-1",4,16
"AGTAGGTAACATACAT-1",7,12
"AGTATAATACTAGGCA-1",4,16
"AGTATACACAGCGACA-1",2,14
"AGTATGCTGGAGACCA-1",2,2
"AGTATTTGGCACGACC-1",2,2
"AGTCAAATGATGTGAT-1",1,1
"AGTCAACACCACCATC-1",5,3
"AGTCAAGATGACACTT-1",7,7
"AGTCACTAGCTCTCGA-1",7,7
"AGTCAGCCACCGCCTG-1",4,16
"AGTCCATTGGCTGATG-1",6,6
"AGTCCCGCCTTTAATT-1",4,16
"AGTCCCTCGCAGAAAG-1",8,9
"AGTCGAAACGATTCAG-1",8,5
"AGTCGACGGTCTCAAG-1",9,15
"AGTCGGCCCAAACGAC-1",4,16
"AGTCGGCTCAACTTTA-1",1,1
"AGTCGGTTGCGTGAGA-1",9,13
"AGTCGTATAAAGCAGA-1",3,8
"AGTCGTCGACCACCAA-1",4,4
"AGTCGTGGGCATTACG-1",1,1
"AGTCTAAAGTATACTC-1",4,4
"AGTCTCACAAGACTAC-1",2,14
"AGTCTGGACATCCTTG-1",8,5
"AGTCTTCTCCTCAAAT-1",7,12
"AGTCTTTAAAGTGTCC-1",3,8
"AGTGAACAAACTTCTC-1",6,15
"AGTGAAGATGGTGTCC-1",8,9
"AGTGACCTACTTTACG-1",5,3
"AGTGACTGTGACACAA-1",3,8
"AGTGAGACTTCCAGTA-1",6,15
"AGTGAGCCTCGCCGCC-1",7,7
"AGTGAGTCGAATTAAC-1",7,12
"AGTGATAACCTGCGCG-1",4,16
"AGTGATATGAGTAGTT-1",5,3
"AGTGATTCAAGCAGGA-1",9,15
"AGTGCACGCTTAAGAA-1",9,13
"AGTGCGTAGCTCGTAA-1",3,8
"AGTGCTAAACACAGCA-1",8,5
"AGTGCTTGCACGAATA-1",9,13
"AGTGGCCCGCAAATGG-1",5,3
"AGTGGCGGCAATTTGA-1",7,7
"AGTGGCGTCTGAAGGT-1",8,5
"AGTGGCTCCGTCGGCC-1",2,14
"AGTGGTGTTACCCGTG-1",3,8
"AGTGGTTGCGTATAGG-1",1,14
"AGTGTATTGCGCATTG-1",4,16
"AGTGTGCTAAGATCGC-1",5,5
"AGTGTGGTCTATTGTG-1",8,5
"AGTTAAACACTTGCGA-1",5,3
"AGTTAAGCGGTCCCGG-1",7,16
"AGTTAAGTCAACCGCT-1",2,14
"AGTTACCCTTAAGACT-1",5,3
"AGTTACCGCACATGGT-1",5,3
"AGTTACTCTATCGTGG-1",4,16
"AGTTCACCGGTTGGAC-1",5,3
"AGTTCCTACAGAATTA-1",4,16
"AGTTCCTATTTATGTT-1",4,16
"AGTTCTGCGTTGTATC-1",8,16
"AGTTGACGGTCCTTGC-1",3,2
"AGTTGCGGTCCTCAAC-1",8,5
"AGTTGCTGACTGATAT-1",8,5
"AGTTGGCAAGGCTAGA-1",7,12
"AGTTTATGTAAAGACA-1",8,9
"AGTTTCGCAGGTCGGA-1",7,12
"AGTTTGCACCTGCCTC-1",5,3
"AGTTTGGCACGGGTTG-1",6,15
"AGTTTGGCCAGACCTA-1",2,2
"ATAAACGGACCCGTAA-1",8,9
"ATAAACGTTGCACCAC-1",6,6
"ATAAAGGCTCGGTCGT-1",4,16
"ATAAATATTAGCAGCT-1",3,8
"ATAACGCCGGAGGGTC-1",9,13
"ATAACGGAGTCCAACG-1",6,13
"ATAACGTTACCTCCAC-1",5,10
"ATAAGCAAACACCGAG-1",5,10
"ATAAGGTGGAGAACAT-1",5,3
"ATAAGTAGGATTCAGA-1",7,7
"ATAAGTAGGGCGACTC-1",9,13
"ATAAGTTACCGCGACG-1",5,3
"ATAATACCGTTAGCCG-1",8,5
"ATAATAGCTGTTGAAT-1",8,5
"ATAATAGTGTAGGGAC-1",4,16
"ATAATCTTGGAGAACC-1",5,3
"ATAATTAGCTAAGTAG-1",3,2
"ATACAGCGTCCACTGA-1",4,16
"ATACAGGCCCTCCAAT-1",5,3
"ATACCACGGGCAACTT-1",5,3
"ATACCCTCCCGGCCAA-1",8,5
"ATACCGTCATCCATAA-1",8,5
"ATACCTAACCAAGAAA-1",3,8
"ATACGAAGGCTTTCCA-1",7,12
"ATACGAGGTTTGTAAG-1",2,14
"ATACGCCGGCGAAACC-1",9,13
"ATACGGAACGTCGTTT-1",3,8
"ATACGGGTTTCGATTG-1",7,12
"ATACGGTGAAGATGCA-1",3,8
"ATACGTACTTAGCCAC-1",5,9
"ATACGTCCACTCCTGT-1",9,13
"ATACGTTATGCACGGA-1",3,2
"ATACTACCCGTACCAC-1",9,13
"ATACTAGCATGACCCT-1",7,7
"ATACTGCCTTACACCG-1",8,5
"ATACTTGTTCTCGAGC-1",3,8
"ATAGACAACGGGACCT-1",9,13
"ATAGACGAAGAGAAAG-1",4,16
"ATAGAGTACTGGGACA-1",4,16
"ATAGAGTTATCAACTT-1",7,13
"ATAGCAACTAGGGAAG-1",4,4
"ATAGCCATAACAGTCA-1",7,7
"ATAGCCTCAGTACCCA-1",8,5
"ATAGCTGCTCTTGTTA-1",5,3
"ATAGGCGGCTATAGAA-1",3,8
"ATAGGCTAGCTTCGCA-1",7,7
"ATAGGGATATCCTTGA-1",7,7
"ATAGGTTGGGCAGATG-1",7,12
"ATAGTGAAGCGTTCTC-1",8,5
"ATAGTTCCACCCACTC-1",6,15
"ATATAAAGCGCTCGTG-1",3,8
"ATATAAATGTAGCTGC-1",5,9
"ATATAACACGGGCGCA-1",8,9
"ATATACATGTATGGTA-1",5,3
"ATATACGCTCGTGACG-1",9,13
"ATATAGAGTATTGGTC-1",5,3
"ATATCAACCTACAGAG-1",6,13
"ATATCAATTCCAGCCT-1",8,5
"ATATCGGTAGGGAGAT-1",9,13
"ATATCGTTCCTCGAAC-1",4,4
"ATATCTCCCTCGTTAA-1",7,7
"ATATCTTAGGGCCTTC-1",4,16
"ATATGGGATAGCAACT-1",2,2
"ATATGTCTAGAGCGTG-1",3,8
"ATATGTCTCCCTAGCC-1",9,15
"ATATTCAGTTAAACCT-1",3,8
"ATATTCCACATAGTGA-1",4,16
"ATATTCCCACAGGTCA-1",7,12
"ATATTGCTGTCAAAGT-1",4,16
"ATATTGGAGAGGCCTT-1",6,15
"ATATTTAACCCTCAAG-1",4,16
"ATCAAACACTGTTCCA-1",6,6
"ATCAAACGAAGGTTTG-1",2,2
"ATCAAAGAGCCGTGGT-1",2,2
"ATCAAGATCCCAGGAC-1",2,2
"ATCAATCTGGGCTGCA-1",7,7
"ATCAATGCCGTGGCTG-1",5,3
"ATCACATTAGAATATC-1",7,7
"ATCACGTGCTAATTAA-1",3,8
"ATCACTTCATCCTCGC-1",7,12
"ATCAGAAGCTGGTTGC-1",8,5
"ATCAGACGGCACGCCG-1",5,3
"ATCAGCCTCATGCTGC-1",8,5
"ATCAGCTCGTCCACTA-1",3,8
"ATCAGGTAGCTGACAG-1",4,4
"ATCAGTAGGCAGGGAT-1",7,7
"ATCATAGATCGACGAG-1",2,10
"ATCATAGCCCTATGTA-1",7,13
"ATCATCCAATATTTGT-1",4,16
"ATCATGGACTACCGAC-1",9,11
"ATCATTGTACCGCATT-1",8,5
"ATCCAACGCAGTCATA-1",4,16
"ATCCAATGGAGGGTCC-1",2,2
"ATCCAATGGTACCGAA-1",1,14
"ATCCACATCGACAGAA-1",3,8
"ATCCAGAGCAACAACC-1",3,8
"ATCCAGGATTCGTGAA-1",5,3
"ATCCCATCCACAGCGC-1",5,3
"ATCCCATTTCCGTGGG-1",2,2
"ATCCGGACCAGCCTGA-1",6,6
"ATCCTACCTAAGCTCT-1",5,3
"ATCCTGAATCGCTGCG-1",3,8
"ATCCTGCGTGGAATGG-1",5,3
"ATCCTTCTGAAAGAAC-1",6,6
"ATCGACCCAATACAGA-1",8,5
"ATCGACTCTTTCCGTT-1",7,12
"ATCGCACGCCGGGAGA-1",7,7
"ATCGCCAGTCAACATT-1",9,15
"ATCGCTGCGTGCAGCA-1",4,4
"ATCGCTTTACGTCTCA-1",4,4
"ATCGGAGACAGACGGC-1",8,9
"ATCGGCAAGCAGTCCA-1",7,16
"ATCGGTTACCTAGTAA-1",1,1
"ATCGTATTCCGAGAAC-1",2,2
"ATCGTGGAAAGTCTGG-1",3,8
"ATCGTTAGCTAGCGGA-1",7,7
"ATCGTTCACTTTCGCC-1",4,16
"ATCTAATATCCTACGG-1",5,3
"ATCTACCATCTGCTCC-1",5,3
"ATCTAGCTTGTGAGGG-1",3,8
"ATCTCCCACGGAATAT-1",6,15
"ATCTCCCTGCAATCTA-1",7,7
"ATCTCGTGAGCGAAAC-1",6,15
"ATCTGACATGGAAGGA-1",2,14
"ATCTGATAGTGTCTTA-1",8,9
"ATCTGCACCTCTGCGA-1",7,7
"ATCTGCTGTTATCGCC-1",2,2
"ATCTGGGCTGTTCTTG-1",3,8
"ATCTGGTTAAGACTGT-1",9,13
"ATCTGTAATTGTACCC-1",7,16
"ATCTTAGGGCATTAAT-1",8,5
"ATCTTATCGCACACCC-1",7,7
"ATCTTGACCTGCAACG-1",4,16
"ATCTTGACTTGTCCAA-1",7,7
"ATCTTTCGTATAACCA-1",4,16
"ATGAAGCCAAGGAGCC-1",4,16
"ATGAAGTGGACCCAGC-1",2,2
"ATGACGCCGGCTCTAA-1",7,7
"ATGACGCGTTCTATCC-1",2,14
"ATGACTATCAGCTGTG-1",2,14
"ATGACTATGCGACATT-1",7,7
"ATGAGGAGTGTTAATC-1",4,16
"ATGAGGGCAGCGGCTA-1",9,11
"ATGATCGGGAATAGAC-1",7,16
"ATGATGCAATGGTACA-1",5,3
"ATGCACCTTCCTTAAT-1",5,3
"ATGCACGCGCTGTTCA-1",5,3
"ATGCACTACCGCATTG-1",4,16
"ATGCATGATCCAGGAT-1",7,12
"ATGCCAATCGCTCTGC-1",8,5
"ATGCCATTTGCGACCA-1",6,15
"ATGCCGGTCTTGCATA-1",9,13
"ATGCCGGTTGATGGGA-1",7,7
"ATGCGACAATTGGTCC-1",8,5
"ATGCGACAGTCCCATT-1",7,7
"ATGCGAGTCCCACCAC-1",6,15
"ATGCTCAGTGTTGCAT-1",4,16
"ATGCTCTGGCGCGGTA-1",5,3
"ATGCTTAGGAGTTGAT-1",6,6
"ATGGAAATTTAAGGAG-1",5,3
"ATGGAACCTTTGCACA-1",7,7
"ATGGACTGCTTAGTTG-1",1,1
"ATGGAGCAGGCCGTGA-1",7,7
"ATGGATCCGGCGTCCG-1",7,7
"ATGGATTGACCAAACG-1",7,7
"ATGGCAGCATTACGAT-1",5,3
"ATGGCAGCCGAGAAAC-1",3,2
"ATGGCGGAATAGTCGC-1",4,4
"ATGGGACCTGCTGAAC-1",2,2
"ATGGGCCTCGGCCTCT-1",6,15
"ATGGGTGTATACCTCC-1",3,8
"ATGGTATTGGGAACCG-1",2,2
"ATGGTATTTACTGATT-1",5,3
"ATGGTCGCGTGGTTTC-1",7,7
"ATGTAAGGCTGCTCTT-1",7,7
"ATGTACATGCGGTGAG-1",6,6
"ATGTACGATGACGTCG-1",3,2
"ATGTAGCGCGCGTAGG-1",3,8
"ATGTCATAATAAACGA-1",2,2
"ATGTCATTTCCCATTG-1",5,3
"ATGTCTTGTTTGACTC-1",2,10
"ATGTGAAAGCCTAATG-1",1,1
"ATGTGCATCCGACGCA-1",7,12
"ATGTGGACATCTTGAT-1",4,4
"ATGTTACGAGCAATAC-1",4,16
"ATGTTCCTGCCCACCT-1",5,3
"ATGTTCGTCGACCCAC-1",3,8
"ATGTTGATTAGAGACT-1",5,3
"ATGTTGTAGTCTGTTT-1",2,14
"ATGTTTCGGCCCGGAG-1",4,4
"ATTAAACATGCGGACC-1",8,5
"ATTAACACCTGAGATA-1",5,3
"ATTAATACTACGCGGG-1",7,13
"ATTAATGAACCAGTCG-1",7,12
"ATTAATTCGGTCACTC-1",7,7
"ATTACAACTACCGGCC-1",4,16
"ATTACATGTCAGTCTT-1",6,6
"ATTACCACACTGCCTG-1",6,15
"ATTACGACTCCACAGT-1",5,9
"ATTACGCGCTGGCAGG-1",3,8
"ATTACGGGCTACGGTT-1",8,5
"ATTACTAGCCTCTTGC-1",4,16
"ATTACTTACTGGGCAT-1",7,7
"ATTAGATTCCTCAGCA-1",7,7
"ATTAGATTGATAGCGG-1",7,7
"ATTAGGCGATGCTTTC-1",7,7
"ATTATACTTTGCTCGT-1",7,7
"ATTATAGCTACTTTAC-1",7,7
"ATTATCGGAATGTACG-1",2,2
"ATTATGAGACCCAATT-1",8,5
"ATTATGCCATAGGGAG-1",7,16
"ATTATTATGTCCGTCA-1",1,14
"ATTATTCAGAGTCACT-1",8,9
"ATTCAACCATTTAAGG-1",7,7
"ATTCACTGATGTTGGA-1",5,3
"ATTCAGGACCTATTTC-1",4,16
"ATTCAGTAGCAGGGTC-1",8,5
"ATTCATATACTGTCCA-1",8,5
"ATTCATCGTTGAGGCA-1",8,5
"ATTCCCACATAAACAA-1",8,5
"ATTCCCGAAGGTACAG-1",8,5
"ATTCCTAAGACGTGGA-1",8,5
"ATTCCTCCGCCAGTGC-1",4,16
"ATTCGACGCCGGGCCT-1",3,8
"ATTCGCAGAGGACACT-1",5,3
"ATTCGCGCCTTGAGAG-1",7,7
"ATTCGTGCTATCTCTT-1",9,15
"ATTCGTGTACCCATTC-1",5,3
"ATTGAAGATCTTAGTG-1",4,16
"ATTGACCGGCGATGAC-1",8,5
"ATTGATCACCACATTT-1",5,3
"ATTGATGAGTCCTAAC-1",9,13
"ATTGCCTATTAGACCG-1",3,8
"ATTGCCTTTATGTTTG-1",5,3
"ATTGCGATCAGTAACT-1",9,13
"ATTGCTGCTCCTCCAT-1",8,5
"ATTGGATTACAGCGTA-1",9,13
"ATTGGGAATATCTTGG-1",7,12
"ATTGGGAGTTCTGTAA-1",4,16
"ATTGGTAGGATCCGCT-1",3,8
"ATTGGTTGTGCATTAC-1",4,4
"ATTGTACAACTCGGCT-1",9,13
"ATTGTCGCAATACCTT-1",4,16
"ATTGTCTGTTTCATGT-1",2,14
"ATTGTGACTTCGCTGC-1",8,5
"ATTGTTCAACGATCCG-1",6,15
"ATTTAACTCGTATTAC-1",7,7
"ATTTACAGTTTACTGG-1",8,16
"ATTTACTAAGTCCATT-1",7,7
"ATTTATACTGGTAAAG-1",3,8
"ATTTCATTATTTCGCG-1",7,16
"ATTTCCGGGTTCTGCG-1",2,14
"ATTTGCGCGAGTAGCT-1",2,14
"ATTTGGAGATTGCGGT-1",8,5
"ATTTGTCTTGGGAGCT-1",9,13
"ATTTGTTCCAGGGCTC-1",7,7
"CAAACCAGGTCTGCAT-1",2,2
"CAAACCATAAGCGTAT-1",3,8
"CAAACCCTCCGGCGGG-1",3,8
"CAAACGAGTATCGCAG-1",3,8
"CAAACGGTCGCACTTT-1",4,16
"CAAACTACGATAGAGA-1",4,16
"CAAACTATTGAGCTTC-1",7,12
"CAAACTCGCGACGCCG-1",6,15
"CAAAGATTATTGGGCC-1",2,2
"CAAAGGTCATCTGAAA-1",6,15
"CAAATCTCTCACAAGG-1",2,2
"CAAATGTCCTTCCGTG-1",5,3
"CAAATTGGATTATGCC-1",4,16
"CAAATTGTCAGCAAGC-1",7,12
"CAACACATCTCCTGCC-1",4,4
"CAACCAGTGGCCTACC-1",6,15
"CAACCTACCGAGCAGT-1",7,7
"CAACCTGAACCTGCCA-1",8,9
"CAACGACCCGTTTACA-1",7,7
"CAACGAGCTTATTATG-1",8,5
"CAACGCGATGAGCCAA-1",1,10
"CAACGGTTCTTGATAC-1",4,16
"CAACGTGGTGGAGTCT-1",6,6
"CAACTATATCGAATGC-1",7,16
"CAACTCCGTAACTTGC-1",5,3
"CAACTCCTTGATCCCG-1",7,7
"CAACTGAGGGTATGAC-1",5,10
"CAACTGCTCATCCGAT-1",2,2
"CAAGACTCAGAAGCGC-1",4,4
"CAAGAGGGCGGAGTAC-1",4,4
"CAAGATATTATAACGT-1",7,13
"CAAGCAACGTCGGAGT-1",8,5
"CAAGCACCAAATGCCT-1",7,7
"CAAGCGGCACATAATT-1",5,9
"CAAGGATCGCATGTTC-1",4,4
"CAAGGCCAGTGGTGCA-1",4,16
"CAAGGTCCTATAGGCT-1",7,7
"CAAGTAAGTGATAGAC-1",2,14
"CAAGTCGTTGAAATCT-1",2,14
"CAAGTGTGGTTGCAAA-1",9,11
"CAATAAACCTTGGCCC-1",9,13
"CAATACGCTCTGAGGC-1",1,14
"CAATATTCTTGACCTA-1",2,2
"CAATCCCTATACCAGC-1",4,16
"CAATCCTGCCGTGGAG-1",4,16
"CAATGACCCTTAATTT-1",2,2
"CAATGAGGTTCGACTA-1",4,4
"CAATGCGAGAAGTATC-1",8,9
"CAATGGATCTCTACCA-1",9,13
"CAATGTGCCAACCCTT-1",7,7
"CAATTAAGGGTGATGA-1",7,12
"CAATTGGGCCGCACTC-1",8,5
"CAATTTCGTATAAGGG-1",4,16
"CACAAACCGCAGAACT-1",7,12
"CACAAGAAAGATATTA-1",8,5
"CACAAGCTAAGAAAGG-1",5,5
"CACAATGAGCTGCTAT-1",5,3
"CACACACGCTAACGAG-1",9,13
"CACACAGCTTGCGCTC-1",6,15
"CACACAGGGATAGATT-1",8,5
"CACACGCGCTGTCTTA-1",9,13
"CACACTTGTATTGCGA-1",5,10
"CACAGAGACGAGGACG-1",3,3
"CACAGCACCCACGGCA-1",4,16
"CACAGCTAGGGAGTGA-1",7,7
"CACAGGGCCATATAGT-1",7,7
"CACAGGGCCGTTGTCA-1",2,2
"CACAGTCCCGCTTCGC-1",6,15
"CACAGTTCGCTTCCCA-1",6,6
"CACATATTAGCAGGAT-1",4,4
"CACATCGTGCACGCGC-1",2,14
"CACATCTCACCGACGA-1",5,3
"CACATGATTCAGCAAC-1",4,16
"CACATTCTTTCGATGG-1",4,4
"CACCAATCATCCGTCT-1",5,3
"CACCACGCCACACAGA-1",3,8
"CACCAGTCAGCATGCA-1",3,8
"CACCATCGGAGGAGAC-1",7,12
"CACCATGATCGCAAAG-1",5,5
"CACCCAAATCTTATGT-1",7,13
"CACCCACACGTCACCC-1",4,16
"CACCCACGAGGCAATT-1",7,7
"CACCCGCGTTTGACAC-1",9,11
"CACCCGGTTTGTGACT-1",2,2
"CACCCTAACAAGATCT-1",8,9
"CACCCTTGGTGAGACC-1",3,8
"CACCGATACACCGAGC-1",7,12
"CACCGATGATGGGTAC-1",9,13
"CACCGCCAGAAGGTTT-1",7,7
"CACCGCGTCCACTCTA-1",8,16
"CACCGGGCATCACAAG-1",5,3
"CACCGGTAGAGACATT-1",5,3
"CACCGTATCCCATCCG-1",6,6
"CACCGTTAGGGATCAC-1",2,2
"CACCGTTGCGCGATAT-1",2,2
"CACCTAATAGAGTCGT-1",4,16
"CACCTAATCAGTTTAC-1",7,7
"CACCTCGATGGTGGAC-1",7,7
"CACCTTGCGAAACTCG-1",7,7
"CACCTTGGCGCCTTTG-1",9,11
"CACGAAAGTTAGTCCC-1",5,3
"CACGAGCAAACCAGAC-1",5,3
"CACGCACAGCGCAGCT-1",7,13
"CACGCAGCGAGGCTTT-1",4,16
"CACGCGGAACTGTTGC-1",6,15
"CACGGACGTGGATGGC-1",8,9
"CACGGCGCGCCAAAGG-1",8,5
"CACGGGATTGAGGGTT-1",3,8
"CACGTCAATCAATGGA-1",6,6
"CACGTCGGCAACCTCT-1",2,2
"CACGTCGGGTTCTAGA-1",5,3
"CACGTTCGTGCTCTAG-1",9,13
"CACGTTTCGTACACAC-1",4,4
"CACTAAAGTTGCCTAT-1",4,16
"CACTACGGGAGCTGCC-1",6,6
"CACTCAAGAGCTATGG-1",4,16
"CACTCAGCTCTTGAGG-1",7,12
"CACTCCTATGTAAGAT-1",2,14
"CACTCCTCTCGGTCGG-1",4,16
"CACTCGAGCTGAACAA-1",4,4
"CACTCGGTTAGGAGGA-1",3,2
"CACTCTCAAGCATCGA-1",2,14
"CACTCTTCTGCTAGCC-1",7,7
"CACTGACGATTGTGGA-1",2,14
"CACTGTCCAAGTGAGA-1",4,16
"CACTTAATCAGACGGA-1",4,16
"CACTTCGCCACAGGCT-1",4,16
"CACTTCGTCTTATCTC-1",8,5
"CAGAACTTAGCCCTCT-1",4,4
"CAGAATAACACACGGA-1",6,6
"CAGAATATTCGTTATC-1",6,15
"CAGACACCGATCGCTG-1",3,2
"CAGACCTGTAAGTGTT-1",9,13
"CAGACGAACCTGATAC-1",3,8
"CAGAGACGGTCACCCA-1",3,8
"CAGAGCATGAGCTTGC-1",7,13
"CAGAGCGATGGATGCT-1",6,6
"CAGAGGCGATGCATGA-1",2,2
"CAGAGTGATTTAACGT-1",7,10
"CAGATAATGGGCGGGT-1",4,10
"CAGATACTAACATAGT-1",4,16
"CAGATATGAAGATGAC-1",5,3
"CAGATCATTTAAAGTC-1",4,4
"CAGATCCTGGTTTGAA-1",5,3
"CAGATGTTTGTCCCAA-1",5,3
"CAGCAGCCCGTTCCTT-1",9,13
"CAGCAGTCCAGACTAT-1",6,6
"CAGCAGTCTGTGCTGC-1",3,8
"CAGCCGGGCCCTCTAT-1",7,12
"CAGCCTCCTGCAGAGG-1",7,13
"CAGCCTCGATAGCGGT-1",6,15
"CAGCCTCTCCTCAAGA-1",4,16
"CAGCGATTCCCTTCAA-1",2,2
"CAGCGCCAACACGATA-1",2,14
"CAGCTCACTGAGACAT-1",4,16
"CAGCTCGACAAGTTAA-1",9,13
"CAGCTCGTGCTTGTGT-1",4,16
"CAGCTCTGGGCTCACT-1",1,1
"CAGCTGGCGTAACCGT-1",2,14
"CAGCTTAGTAGGTAGC-1",5,3
"CAGGAAGACTTTATAT-1",4,16
"CAGGACAGCTGCCCTT-1",4,4
"CAGGATATATCGTTGT-1",8,5
"CAGGCAGTCTTACCAG-1",5,3
"CAGGCCAGTACCACCT-1",5,3
"CAGGCCGTTTGGGTGT-1",8,5
"CAGGCGCACGGTGGTC-1",2,2
"CAGGCGCCATGCTAGG-1",4,16
"CAGGGAGATAGGCCAG-1",5,3
"CAGGTTTAGTACTACA-1",5,3
"CAGTAACTATTTATTG-1",4,16
"CAGTAAGGGACGTCTC-1",8,5
"CAGTAATCCCTCCCAG-1",4,16
"CAGTACATTCTCTAAA-1",4,16
"CAGTACCAGTTTACGT-1",2,2
"CAGTAGATGATGTCCG-1",5,3
"CAGTAGCCCACGCGGT-1",7,7
"CAGTCGAGGATGCAAT-1",7,7
"CAGTCGGCCTAGATAT-1",5,3
"CAGTCTGTATACTGGG-1",4,16
"CAGTGAATAAATGACT-1",9,13
"CAGTGGTTGCACATGA-1",8,5
"CAGTGTCCGCAGAATG-1",4,16
"CAGTGTCGGCTGGCCC-1",7,7
"CAGTGTTAATCTCTCA-1",5,3
"CAGTTCAAATTGACAC-1",4,16
"CAGTTCCGCGGGTCGA-1",8,5
"CAGTTCGAGGACCCGA-1",2,14
"CATAACGGACAGTCGT-1",6,15
"CATAAGAAGCTTGGCT-1",5,3
"CATAAGCTCTCCGTCT-1",1,1
"CATACAAAGCCGAACC-1",4,16
"CATACACAAAGTCAGC-1",8,5
"CATACACGGTTCCCAC-1",2,2
"CATACCCGTACCCAGT-1",5,3
"CATACGAACTAGCTGG-1",2,14
"CATACGGCGTCTGGGC-1",4,4
"CATACTATGTAATTGT-1",8,5
"CATACTTAGGCAATAC-1",7,12
"CATACTTCTTTCTCCG-1",2,14
"CATAGAGGAGATACTA-1",5,3
"CATAGCCGCCCGGGAT-1",8,5
"CATAGCGTTGCCCACC-1",2,2
"CATAGGGACACTTGTG-1",5,3
"CATAGTACATTGAGAG-1",7,16
"CATAGTAGCATAGTAG-1",7,16
"CATAGTCAAATACATA-1",8,9
"CATAGTCCACAAGAAC-1",3,8
"CATAGTGGGCACGCCT-1",6,6
"CATATACTACTGATAA-1",4,16
"CATATAGGTACAGTCA-1",8,5
"CATATGTCAGGCTACG-1",2,14
"CATCAAACTGGCGCCC-1",8,5
"CATCAACACCTACTAA-1",5,3
"CATCATCTACCCGGAC-1",7,12
"CATCATTACCCTGAGG-1",7,7
"CATCCAATATAGTTTG-1",5,3
"CATCCCGAGATTCATA-1",6,13
"CATCCGCAGGCCCGAA-1",8,5
"CATCCTCTCAAAGATC-1",7,4
"CATCGCCCGCGGCCAA-1",4,16
"CATCGGACGGGTTAAT-1",8,5
"CATCGTCCGGTTACTA-1",5,3
"CATCTAGTGAAGGGAA-1",6,15
"CATCTATCCCGTGTCT-1",4,16
"CATCTGCAGGATCATT-1",3,8
"CATCTTACACCACCTC-1",6,15
"CATGAACCGACATTTG-1",4,16
"CATGACTTCGCTGAAT-1",9,15
"CATGAGATGCACTCTC-1",5,3
"CATGAGTCCATCACGG-1",2,14
"CATGATACGGTGAAAC-1",3,8
"CATGATCGCTTTGAGA-1",6,15
"CATGATGCACAATTCT-1",7,7
"CATGATGGAAGTTAGC-1",6,15
"CATGCACATGAGAGGC-1",5,3
"CATGCCAACTCGCAAA-1",2,14
"CATGCGACCAGTTTAA-1",7,7
"CATGCGTTAGACAGAA-1",7,7
"CATGCGTTGAGAGGAG-1",2,14
"CATGCTGGCTCCAATT-1",7,12
"CATGGATTGTCTTCCG-1",9,13
"CATGGCAGGAAGATCG-1",7,13
"CATGGCTCCCTATGTC-1",3,8
"CATGGGTATGCCTTAT-1",8,5
"CATGGGTCGGGTGTGG-1",7,7
"CATGGTAAGTAGCGTT-1",4,4
"CATGGTATTAGTTTGT-1",8,5
"CATGGTCTAGATACCG-1",7,12
"CATGGTTTATTAATCA-1",4,12
"CATGTAAGAGACATTT-1",4,4
"CATGTAGGAGCGCCAA-1",8,5
"CATGTCTCATTTATGG-1",7,7
"CATGTGGGCTCATCAC-1",3,8
"CATTACATAGATTGTG-1",4,4
"CATTACGCAGGAAGGG-1",4,9
"CATTACGTCGGCCCGT-1",7,7
"CATTATCCCATTAACG-1",2,2
"CATTATGCTTGTTGTG-1",7,7
"CATTCCCATTCCGTCG-1",4,4
"CATTCCCTAAGTACAA-1",4,16
"CATTCGTCGTAGCGGT-1",6,15
"CATTGATGAACACGCC-1",8,9
"CATTGCGAAATGGGCG-1",2,2
"CATTGCGGGTCAATTC-1",4,4
"CATTGTGTGCTAGATC-1",8,16
"CATTTAGCGGACCATG-1",7,7
"CATTTCTAGCAGACTA-1",4,16
"CATTTGAGTGGTACGT-1",3,8
"CCAAACAGAACCCTCG-1",4,16
"CCAAATAACAAGATTC-1",6,15
"CCAAATCAAAGGGCAA-1",5,3
"CCAACCTTATGTAACT-1",2,14
"CCAACGATGCACTGAT-1",8,5
"CCAACGCTTGCCAGGG-1",8,9
"CCAACTTGATAGATCC-1",6,15
"CCAAGAAAGTGGGCGA-1",3,8
"CCAAGACTTCTGCGAA-1",7,7
"CCAAGCGTAACTCGTA-1",7,7
"CCAAGGAACAGAGAGG-1",7,12
"CCAAGGTTGCCCTTTC-1",7,7
"CCAAGTTTCTACAGAT-1",5,3
"CCAATAGATTTCATCT-1",2,2
"CCAATAGTGCCGTCGA-1",8,5
"CCAATCGGTAGATCGA-1",4,16
"CCAATGTCACAGCAAG-1",8,5
"CCAATTACGGGTCGAG-1",4,4
"CCAATTGAATGTTAAT-1",7,16
"CCACAATGTACGTCTT-1",6,13
"CCACACTGAGATATTA-1",8,5
"CCACAGTACCCATCCT-1",9,13
"CCACATACTGCACCCA-1",6,15
"CCACATGGCTCTTTAT-1",5,3
"CCACCAACTTTACTGT-1",2,2
"CCACCCAAGGAAAGTG-1",7,12
"CCACCTGTATGGAATA-1",6,11
"CCACGAATTTAACCTC-1",9,15
"CCACGAGAAGAGAATC-1",7,7
"CCACGGAGCCATAAGA-1",2,14
"CCACGGCAGGTGTAGG-1",3,2
"CCACGGTGCCCGGTAG-1",7,7
"CCACGTAAATTAGACT-1",4,4
"CCACTATCCGGGTCAC-1",4,4
"CCACTCAGATCCGCAA-1",3,8
"CCACTGGTGGCTGGTT-1",3,8
"CCACTGTTTGGATTAA-1",6,15
"CCAGAAACTGATGCGA-1",9,13
"CCAGAAAGCAACTCAT-1",2,2
"CCAGAGACAAAGCCGG-1",8,5
"CCAGATAGTTGAGTGA-1",6,6
"CCAGATGTAAATGGGT-1",5,3
"CCAGCCTGGACCAATA-1",7,7
"CCAGCGGGATCACCAG-1",4,4
"CCAGCTCGAACGCATT-1",3,2
"CCAGCTGATGGTACTT-1",3,8
"CCAGCTTCCGCCCGCA-1",5,3
"CCAGGCGAGATGGTCT-1",5,3
"CCAGGCTGGCGTCTGA-1",6,6
"CCAGGGACGTGGCCTC-1",7,16
"CCAGTAGTCTGATCCA-1",9,13
"CCAGTCAAATCTCTTA-1",3,8
"CCAGTCTAGACGGCGC-1",7,7
"CCAGTCTTGTCATAGA-1",2,2
"CCAGTGTACAGACCGA-1",5,3
"CCAGTTCGGTAACTCA-1",3,8
"CCATAAACAACCCGAC-1",7,16
"CCATAACCTGTGCAGT-1",5,3
"CCATACCTTTACTTGT-1",7,7
"CCATACTCGCCTCTCC-1",2,2
"CCATAGAGGCTGCCAG-1",8,5
"CCATAGGTTGGCGTGG-1",7,7
"CCATAGTCAGTAACCC-1",8,5
"CCATATGGAAACTATA-1",6,13
"CCATCCATACCAAGTC-1",4,16
"CCATCGCAGTTAAACT-1",5,3
"CCATCTCACCAGTGAA-1",6,15
"CCATGCCCTAGATTTC-1",7,7
"CCATGCCTGTTTAGTA-1",4,16
"CCATGCTCTGCAGGAA-1",4,16
"CCATGGCAAACGCTCA-1",1,1
"CCATGGCCCTTGTACC-1",5,3
"CCATGTTCATCTATAT-1",3,8
"CCATTAGCGATAATCC-1",8,5
"CCATTCCCTGCCCACA-1",8,5
"CCATTGTTTCCTCCAT-1",8,9
"CCATTTCTACCTATTA-1",5,3
"CCCAAACATGCTGCTC-1",6,15
"CCCAACATACGTCGCG-1",3,8
"CCCAAGTCATTACACT-1",8,9
"CCCAATGAGATTTGCA-1",2,14
"CCCAATTTCACAACTT-1",5,3
"CCCACTCCACGGTATC-1",5,3
"CCCAGAGGAGGGCGTA-1",4,16
"CCCAGATTCCCGTGAC-1",1,14
"CCCAGGAAGAATTCGA-1",3,8
"CCCAGTAAACTTGGGA-1",5,3
"CCCAGTTAAGGCGCCG-1",7,13
"CCCATATAGGTCGATT-1",6,15
"CCCATTATTGTATCCT-1",6,13
"CCCGAAGTTTCGCGAA-1",3,8
"CCCGACCATAGTCCGC-1",7,7
"CCCGAGTTTCTCCGTA-1",6,6
"CCCGATAGCCTCGCCT-1",4,4
"CCCGCAGCGCGAACTA-1",8,5
"CCCGCAGGGCCCAAAG-1",7,12
"CCCGCCATGCTCCCGT-1",4,16
"CCCGCGCAATGCACCC-1",8,16
"CCCGGCACGTGTCAGG-1",4,4
"CCCGGGTCGTTCAGGG-1",2,2
"CCCGGTGGAAGAACCT-1",8,5
"CCCGGTGTATCGGAAT-1",3,8
"CCCGTAAGTCTAGGCC-1",3,8
"CCCGTAGCTGGGAAGA-1",2,14
"CCCGTCAGCGTCTGAC-1",7,7
"CCCGTGACAGTGCCTT-1",5,3
"CCCGTGAGGGCGGTGA-1",5,3
"CCCGTTTCGCAGATGT-1",6,6
"CCCTACCCACACCCAG-1",3,8
"CCCTACTTGAACAATG-1",3,8
"CCCTAGCTCTAAGGTC-1",2,2
"CCCTAGGCAACAAGAG-1",5,3
"CCCTATGTAGAGCAGA-1",3,8
"CCCTCAAGCTCTTAGT-1",5,3
"CCCTCAGATCGAGAAC-1",3,8
"CCCTCATCACAGAGTA-1",3,8
"CCCTCATTCTGGAATT-1",4,16
"CCCTCCTCGCTCGTAT-1",4,12
"CCCTCGATAATACACA-1",3,8
"CCCTGAAATGAGTTGA-1",8,16
"CCCTGACTAACAAATT-1",2,14
"CCCTGATGTAACTCGT-1",8,5
"CCCTGCCCAATCCGCT-1",2,2
"CCCTGCGCTACGCATA-1",3,3
"CCCTGGCTGTTCCTTC-1",5,3
"CCCTGGGAGGGATCCT-1",3,8
"CCCTTTAATGGAGTTC-1",9,13
"CCCTTTGACAGGTCTT-1",5,3
"CCGAAACACGACCTCT-1",8,5
"CCGAAAGTGGTGAGCA-1",4,16
"CCGAACACTGGGCCTC-1",1,1
"CCGAACCTTCCCGGCC-1",4,16
"CCGAAGCATTGACCAA-1",8,5
"CCGAAGGGCGTACCGC-1",8,9
"CCGAAGTATATTGTTC-1",8,5
"CCGACAAACACATGAG-1",8,9
"CCGACAAAGGGAGTGC-1",3,8
"CCGACAATAGGCCGCC-1",6,6
"CCGACGGGCATGAGGT-1",2,2
"CCGACGTAAACACAAC-1",4,16
"CCGAGAAGTCGCATAA-1",6,15
"CCGAGCTGTGCTTGTC-1",8,5
"CCGATATGACGTAAGG-1",6,15
"CCGATCTCAACCTTAT-1",6,15
"CCGATCTTAAGAGGCT-1",5,10
"CCGATTCGAGGGACCC-1",3,8
"CCGCACAAAGACCAAC-1",9,13
"CCGCACACGAACGTGT-1",6,15
"CCGCACGTGACCTCGG-1",8,5
"CCGCACTTGCAATGAC-1",7,12
"CCGCATGTGGTACGAT-1",3,8
"CCGCCGGAACTTCTCG-1",5,3
"CCGCCGGTCAACACAC-1",7,16
"CCGCCGTTGAGGATAA-1",6,15
"CCGCCTGCGAATTGGT-1",4,16
"CCGCCTTGCGATGTCG-1",3,8
"CCGCGATTTGGTAGGT-1",2,14
"CCGCGCAAGATACCCA-1",8,5
"CCGCGGAATGCGTCAC-1",3,2
"CCGCGGGTACGAAGAA-1",5,3
"CCGCGTAGGTAAGGGC-1",5,3
"CCGCTATCAGCACCAG-1",8,5
"CCGCTCCAGGGCGATC-1",3,8
"CCGCTCCGGATAAGCT-1",8,5
"CCGCTCTTCCGAACTA-1",4,16
"CCGCTTACCTCACTCT-1",3,8
"CCGCTTGCTGACATGG-1",4,4
"CCGGAAGTGCAATATG-1",4,4
"CCGGAAGTTATCAGTC-1",6,11
"CCGGAATGGTTTCAGT-1",4,16
"CCGGAGCGTACTTTCT-1",2,2
"CCGGAGGTCTTATGGT-1",8,5
"CCGGCACGACCGTTTC-1",7,7
"CCGGCCGCGAGCATAT-1",8,5
"CCGGCGCATATTGGAT-1",7,16
"CCGGCGTGAGACTCTG-1",3,8
"CCGGGACCCGCAGAGA-1",7,16
"CCGGGCGGTCTCGTCA-1",9,13
"CCGGGCTAAGAATTTC-1",5,3
"CCGGGCTGCTCCATAC-1",6,15
"CCGGGTTCGAGGTTAC-1",5,3
"CCGGTAATGGCTAGTC-1",9,13
"CCGGTATCTGGCGACT-1",3,8
"CCGGTTTGTAATTGTG-1",2,14
"CCGTAAGTTGGTCCCA-1",9,13
"CCGTACCCAAGCGCCA-1",4,16
"CCGTAGGAAATCCCTG-1",4,4
"CCGTAGGGTTGTTTAC-1",7,13
"CCGTATCTCGTCGTAG-1",2,10
"CCGTATTAGCGCAGTT-1",8,5
"CCGTCAACCTCTGGCG-1",5,5
"CCGTGAGGCATTCATG-1",7,7
"CCGTGCCCATGACGGC-1",7,12
"CCGTGGAACGATCCAA-1",7,7
"CCGTGTTAAATTCCAT-1",3,10
"CCGTTACGTTAGAACA-1",7,7
"CCGTTCCGAATCTCGG-1",3,8
"CCGTTTCCTTTCCGTG-1",2,14
"CCTAAAGGCTGACGCT-1",4,16
"CCTAAATTAACGGTTC-1",4,4
"CCTAAATTGTATCCTA-1",6,15
"CCTAACCCAAACAAGT-1",7,7
"CCTAACTAAGGCTCTA-1",7,7
"CCTAAGTGTCTAACCG-1",2,10
"CCTACAAGTCCGGAAT-1",8,5
"CCTACAGTTGAGGGAG-1",3,8
"CCTACATTCACAGACG-1",2,14
"CCTACGGCTCAGTCGA-1",4,16
"CCTACTCAACACGATT-1",6,15
"CCTACTGCGGCGGCCA-1",8,9
"CCTACTGCTTACACTT-1",4,16
"CCTAGGCGTAGCGATC-1",9,15
"CCTAGGTAAAGGTAGC-1",5,3
"CCTAGTTAGTCGCATG-1",7,12
"CCTATAATGAGTGCCC-1",8,9
"CCTATACCGTCCTGTC-1",2,14
"CCTATATCGTGTCACG-1",5,3
"CCTATATTTGTCCTGG-1",2,2
"CCTATCTATATCGGAA-1",7,7
"CCTATGAAGTGGTGCC-1",7,12
"CCTATGGCTCCTAGTG-1",3,8
"CCTATGGGTTACCGTC-1",9,13
"CCTATGGTCAAAGCTG-1",3,8
"CCTATGTCCACTCCAC-1",4,16
"CCTATTATTCCGGCCG-1",8,5
"CCTCAACGATCGCTGT-1",5,3
"CCTCACCAATCTTGAC-1",4,16
"CCTCACCTGAGGGAGC-1",7,7
"CCTCACCTTAGCATCG-1",7,7
"CCTCACGTCAGCTAAT-1",6,6
"CCTCATGCAGCTACGA-1",4,10
"CCTCCGACAATTCAAG-1",5,3
"CCTCCTAGCTAGAGTC-1",8,5
"CCTCCTGAGCCCACAT-1",2,14
"CCTCCTGTTGTGTCGT-1",4,16
"CCTCGAAGTGGACGGG-1",7,7
"CCTCGCCAGCAAATTA-1",7,7
"CCTCGCGCGATATAGG-1",7,7
"CCTCGCGCTGTGCGAT-1",3,8
"CCTCGGACCGGGATAG-1",9,13
"CCTCGGATGCTACCTG-1",3,8
"CCTCGGTTTCCTTGCC-1",1,1
"CCTCTAATCTGCCAAG-1",7,13
"CCTCTACAAGGATTGG-1",3,8
"CCTCTATCGATTAGCA-1",2,14
"CCTCTCTCCCATCTAG-1",8,5
"CCTCTGGCCTAGACGG-1",7,7
"CCTCTGTACTATTCTA-1",3,8
"CCTGAACGATATATTC-1",9,13
"CCTGAATATTTACATA-1",7,12
"CCTGACAAACTCGCGC-1",5,3
"CCTGACCACCGATGGT-1",8,5
"CCTGAGAATAAATGCA-1",2,2
"CCTGATTCGCGAAGAA-1",5,3
"CCTGCCCGTTGTCTAG-1",2,14
"CCTGCGTTCTACGCTT-1",3,8
"CCTGCTATTTGAGAAG-1",7,7
"CCTGGAAACGTTCTGC-1",9,13
"CCTGGCTAGACCCGCC-1",4,16
"CCTGGTCGAATGTGGG-1",3,8
"CCTGTAAGACATGATA-1",8,5
"CCTGTACTCACGCCCA-1",3,8
"CCTGTCACCCGGGCTC-1",9,13
"CCTGTCCCTCACGTTA-1",7,7
"CCTGTCGCCCGTAAAT-1",4,16
"CCTGTCGTGTATGAAG-1",8,5
"CCTGTGAAACCGTAAC-1",2,14
"CCTGTTCAACCTCGGG-1",2,14
"CCTGTTTGAAGACACG-1",4,4
"CCTTAAGTACGCAATT-1",5,3
"CCTTCAGTTAAAGTGA-1",2,14
"CCTTCCGCAACGCTGC-1",5,3
"CCTTCGTATAGAATCC-1",3,2
"CCTTCTCAGCGTTCCT-1",2,14
"CCTTCTTGATCCAGTG-1",7,7
"CCTTGACCACTTTATT-1",6,11
"CCTTGTGAACGTGGTT-1",2,14
"CCTTTAAGGGAGCACT-1",2,2
"CCTTTCAATGAAGAAA-1",7,7
"CCTTTGAATTATGGCT-1",8,5
"CGAAACATAGATGGCA-1",7,12
"CGAAACGCAATTCATG-1",3,8
"CGAACAGTATGGGCGT-1",9,13
"CGAACCCGCATGCGTC-1",3,8
"CGAACCTCTTTCCTAG-1",5,3
"CGAACGCCCAGTGCCG-1",7,16
"CGAACGGCCGGACAAC-1",3,8
"CGAAGACGGTGAGTGC-1",2,14
"CGAAGATCAGTTTCAT-1",3,8
"CGAAGCCACAGCATGG-1",8,5
"CGAAGCTATAAATTCA-1",4,16
"CGAAGGGTTTCAGATT-1",5,3
"CGAAGTTGCTCTGTGT-1",5,3
"CGAATCTGCTCGACGC-1",3,8
"CGAATGAAGTCATTGC-1",3,3
"CGAATGACGCATAATG-1",2,2
"CGAATGGTAGGTCGTC-1",3,10
"CGAATTCCCGGTTCAA-1",6,6
"CGACAATTTGATCTAA-1",6,6
"CGACACCGCTTAAGGA-1",5,10
"CGACACGCTCCGACAG-1",9,13
"CGACAGTTCGCGTTAT-1",8,5
"CGACCCTTAACGCCGG-1",3,8
"CGACCGTTGGTATTCG-1",3,8
"CGACCTACTAGACAAT-1",5,3
"CGACGCATCCGTACCT-1",5,3
"CGACTCAGGATGTTAT-1",7,7
"CGACTCGGTACACGGT-1",5,3
"CGACTTGCCGGGAAAT-1",5,3
"CGACTTTGTATAGCCT-1",7,7
"CGAGACCCTAGAGTGT-1",8,5
"CGAGACTACTGCTGCT-1",5,9
"CGAGAGATGTGAACCT-1",9,13
"CGAGAGCGCGTAGATA-1",3,8
"CGAGAGCTTTCACTAC-1",5,3
"CGAGAGGGTAGCCGCG-1",6,6
"CGAGATTTCGCTCGGG-1",9,11
"CGAGCACTTCAAGTTT-1",8,5
"CGAGCGTTGATCAGCC-1",7,16
"CGAGCTGGGCTTTAGG-1",7,7
"CGAGGAGCTTCCATAT-1",4,16
"CGAGGATCGGGAACGA-1",4,4
"CGAGGCCAGGCATTGG-1",4,16
"CGAGGCTAAATATGGC-1",6,6
"CGAGGGACTGCGGTCG-1",9,13
"CGAGGGTATCCAGGTG-1",2,2
"CGAGTACTAAAGAGGA-1",3,8
"CGAGTGAAGGTACCAG-1",2,14
"CGAGTGCTATAGTTCG-1",4,16
"CGAGTTCTGTCCCACC-1",9,13
"CGAGTTTATCGGACTG-1",9,15
"CGATAATACTCAGGTT-1",6,11
"CGATACCTCGCGGACA-1",8,5
"CGATAGCGATACAGTG-1",8,5
"CGATAGTCGTACTGCA-1",5,3
"CGATCATTAGAGGCAC-1",5,3
"CGATCCACCATTGTTG-1",2,2
"CGATCCGACCCAGTGC-1",8,5
"CGATCCTCGCAACATA-1",2,14
"CGATCGAGAAGCACCA-1",3,2
"CGATCTGTTGGAGGAC-1",2,14
"CGATGGACCCTACGCC-1",7,7
"CGATGTTGTTATCTAC-1",5,3
"CGATTAAATATCTCCT-1",3,8
"CGATTCGCCTGGCTGC-1",5,3
"CGATTTGTCATTAATG-1",3,8
"CGCAAACACGAGTTAC-1",4,16
"CGCAATCGATCATTAG-1",3,8
"CGCAATTACTTTCGGT-1",4,16
"CGCAATTAGGGTAATA-1",4,16
"CGCAATTCTACAATAA-1",8,5
"CGCACATGTCCACTAC-1",6,6
"CGCACGTCTGTTTATG-1",2,14
"CGCACGTGCGCTATCA-1",9,15
"CGCAGATCTTCACCCG-1",4,4
"CGCAGGCGATCCAAAC-1",6,13
"CGCATCCATCAGCCAG-1",4,4
"CGCATGCCGAATGCGT-1",5,3
"CGCATGGTGCGATGCT-1",4,4
"CGCATTAGCTAATAGG-1",7,7
"CGCCAAGAAGCCGAGT-1",2,2
"CGCCACAGGTCGCGAT-1",3,3
"CGCCAGTAGTACCTTG-1",8,5
"CGCCATCCGATTATGA-1",9,13
"CGCCCAGCACGCCTAG-1",2,2
"CGCCCAGCGTTTCACG-1",5,3
"CGCCCGCTTCCGTACA-1",7,7
"CGCCCTAATTGTTCAA-1",8,5
"CGCCCTTGAAGGCTGA-1",8,5
"CGCCGACTATTCGCTA-1",2,14
"CGCCGCCCATGCCTGT-1",9,13
"CGCCGCGTTCTGAACG-1",2,10
"CGCCGTCTACCCATCG-1",7,12
"CGCCGTTCAGCATAGT-1",9,13
"CGCCTCCCTCCTCTAT-1",4,4
"CGCCTGGCCTACGTAA-1",3,8
"CGCCTTTAGCATGCTC-1",6,6
"CGCGAAGTGGCATACT-1",4,16
"CGCGACACTGCGCAGC-1",5,3
"CGCGACCGCGACAGAT-1",5,3
"CGCGAGAGGGACTTGT-1",8,5
"CGCGAGTCTGCCGGGT-1",3,8
"CGCGCAAATGTCCAGA-1",3,2
"CGCGCATGTTTGATTG-1",5,3
"CGCGCCCGACTTAATA-1",7,7
"CGCGGCAGTATTACGG-1",4,16
"CGCGGCTCAACTTGAA-1",6,15
"CGCGGGAATTAGGCAG-1",9,13
"CGCGGGAATTCCTTTC-1",3,8
"CGCGGTAAGTCTAGCT-1",4,4
"CGCGGTACGGTATACA-1",6,6
"CGCGGTCACAAACCAA-1",4,16
"CGCGTGGGCCTGTGTT-1",8,5
"CGCGTTCATGAAATAC-1",4,16
"CGCTACGGGACATTTA-1",8,5
"CGCTAGAGACCGCTGC-1",6,15
"CGCTATACCGCCCACT-1",4,16
"CGCTATTCAATGTATG-1",4,16
"CGCTATTCTTAGGCTC-1",4,16
"CGCTCGACATAATGAT-1",4,16
"CGCTCTCCGTAGATTA-1",8,5
"CGCTGGTGACTACCCT-1",6,6
"CGCTGTGACGCCGCAC-1",4,16
"CGCTGTGTGGATGTTG-1",2,14
"CGCTTAGTATTGATAC-1",2,14
"CGCTTATTCCCGGTCG-1",3,8
"CGCTTCCACTGAAATC-1",4,16
"CGCTTCGGTCTAAGAC-1",7,10
"CGCTTGGACGGATAGA-1",6,6
"CGCTTTCATACCGGTG-1",7,12
"CGCTTTCCGCCAAGGT-1",3,8
"CGCTTTCTTGCATTCG-1",6,13
"CGGAAAGAATCAAACG-1",2,2
"CGGAAAGCAAATGTGC-1",5,3
"CGGAACGTAAACATAG-1",3,8
"CGGACCTCTGTAGTTA-1",2,2
"CGGACCTTTACGTCCC-1",3,8
"CGGACGTTACTTGAAG-1",3,8
"CGGAGCAATTTAATCG-1",3,8
"CGGAGCATGGCGATCC-1",4,16
"CGGAGCTTATAACACC-1",7,12
"CGGAGTTTGAGAGACA-1",8,5
"CGGATAAGCGGACATG-1",8,5
"CGGATCCTCAAGGACT-1",5,3
"CGGATGAATGCTGTGA-1",5,3
"CGGATTCTGCCTTATG-1",3,8
"CGGCAAACATCGTGCG-1",5,3
"CGGCAATAAGATCGCC-1",6,15
"CGGCACCGTTAGCGCC-1",4,16
"CGGCAGGGTCGGGTTG-1",9,13
"CGGCCACGCACAAAGT-1",4,16
"CGGCCAGAGCGACCAT-1",2,14
"CGGCCCAACCTGTAGT-1",4,4
"CGGCGCCATCAATCCC-1",4,4
"CGGCTCTAAAGCTGCA-1",6,15
"CGGGAACGCCCTGCAT-1",8,5
"CGGGAAGTACCGTGGC-1",5,3
"CGGGAATATAGTATAC-1",9,11
"CGGGAATTTATGTAAA-1",4,16
"CGGGAGCTTCAGTGTA-1",7,7
"CGGGAGTATACCGCCG-1",8,5
"CGGGATCAATGTAAGA-1",7,7
"CGGGCAGCTAAACCGC-1",4,16
"CGGGCCATAGCCGCAC-1",8,16
"CGGGCCTTCTTTGTAA-1",8,5
"CGGGCGATGGATCACG-1",3,8
"CGGGTGTACCCATTTA-1",9,13
"CGGGTTTGTTAGGGCT-1",6,6
"CGGTACGGCAAACCCA-1",5,3
"CGGTACTAGAATCAAA-1",7,13
"CGGTAGAGGTGCAGGT-1",7,7
"CGGTATAGGTATTAGC-1",8,9
"CGGTATGGGCACTCTG-1",3,8
"CGGTCAAGTGGGAACC-1",9,13
"CGGTCAGTCCATATTT-1",6,15
"CGGTCCATGAGACTCC-1",8,9
"CGGTCCGTCGCAAGCC-1",2,2
"CGGTCTATCAACCCGT-1",7,7
"CGGTGAAGACTAAAGT-1",3,8
"CGGTGCAGATAGAACG-1",3,8
"CGGTGCGCGTTGGTCC-1",2,2
"CGGTGGGCTCCAGCCT-1",4,16
"CGGTGTACTTGATCCC-1",4,16
"CGGTTATCCAACAGTG-1",7,7
"CGGTTCAAGTAGGTGT-1",7,7
"CGGTTCCGGCTTCTTG-1",4,10
"CGGTTGACCTGGCATA-1",3,8
"CGGTTGAGTATCCTTC-1",2,14
"CGGTTGGGCAGGGTCC-1",3,8
"CGGTTTACTGAACATT-1",8,5
"CGGTTTATGAAGGAAC-1",8,5
"CGTAAAGCAAGAAATC-1",3,8
"CGTAAATAACAAAGGG-1",2,2
"CGTAACTTCGACACTT-1",2,14
"CGTAATAATTACGAGT-1",5,3
"CGTACCTGATAGGCCT-1",7,12
"CGTAGAGAGTAATTAT-1",5,3
"CGTAGCGAATTGTCAG-1",7,12
"CGTATCTAGAACTAAG-1",9,15
"CGTATTAAGAGATCTA-1",4,16
"CGTATTGTTTCCTAAT-1",8,9
"CGTATTGTTTGGCGCC-1",8,5
"CGTCAAATGGTCGCAG-1",5,9
"CGTCAAGGCTATAAAT-1",3,8
"CGTCACGTCCATTGGT-1",5,3
"CGTCAGCTATTTACTC-1",5,3
"CGTCATACCATATCCA-1",8,5
"CGTCCTCATCGCGTGC-1",7,7
"CGTCGCATGTGAGCCA-1",3,8
"CGTCGCGGCGGGATTT-1",8,16
"CGTCGCTTGGTTATAC-1",3,8
"CGTCGGATAGTGTTGA-1",9,15
"CGTCGGGTCTAAGCGC-1",3,8
"CGTCGTCCTTCGCGAA-1",5,3
"CGTCTGGAAGGGCCCG-1",7,7
"CGTCTTGAGTGTGACG-1",7,12
"CGTGAACTGACCCGAT-1",8,5
"CGTGAAGTTAATTCAC-1",8,5
"CGTGACATTGGGTCGT-1",4,16
"CGTGACCAGTCCTCTG-1",2,2
"CGTGCACACCACTGTA-1",5,3
"CGTGCAGACTGGGACA-1",7,7
"CGTGCATTGTCGACGC-1",3,8
"CGTGCCCTCCCGAAGA-1",7,7
"CGTGCTTCTACCTAAA-1",3,2
"CGTGGCCGAATATCTA-1",6,15
"CGTGGTACCCAAAGGC-1",2,14
"CGTGTATGGGAGCTGA-1",9,11
"CGTGTCCCATTCGCGA-1",4,16
"CGTGTCTCGTTACGAC-1",1,1
"CGTGTGTTAAACCCTG-1",4,4
"CGTTAAACTAGTTAGG-1",6,15
"CGTTAAATACGACCAG-1",9,11
"CGTTAATGTCCCGACG-1",8,5
"CGTTAGCTCACAACTG-1",4,16
"CGTTATCATACTTCCA-1",5,3
"CGTTCAAGGAAACGGA-1",2,14
"CGTTCAGACCCGCGAA-1",3,2
"CGTTCATGGTGCGCGT-1",2,14
"CGTTCTTCGCACACCT-1",4,16
"CGTTGAATACCGCGCT-1",5,3
"CGTTGAGCGACCGTCG-1",4,4
"CGTTGAGTAATTGCGT-1",8,9
"CGTTGCCCGCGTGGGA-1",2,14
"CGTTGTAAACGTCAGG-1",5,3
"CGTTGTAAGATTGATT-1",4,4
"CGTTGTCGGCAATTGA-1",3,8
"CGTTGTTTCAATTCCC-1",8,5
"CGTTTAAGCGGAGCAC-1",7,12
"CGTTTACAAGGCAGCT-1",8,9
"CGTTTCACTTCGGGCG-1",4,4
"CGTTTCGCTCATTACA-1",8,5
"CGTTTCGGTTATATGC-1",7,11
"CGTTTGGTGTTGTGGG-1",6,6
"CGTTTGTGTAGAGGGT-1",2,14
"CTAAAGAATGCCTACT-1",5,3
"CTAAAGGATGAGATAC-1",2,2
"CTAAAGGGAAATAGGA-1",8,5
"CTAAATCCGGTGTACA-1",1,1
"CTAAATCCTATTCCGG-1",9,13
"CTAACAGCACAATAAC-1",8,5
"CTAACCGCGCGCCCGT-1",5,3
"CTAACGAAACTTGCTG-1",9,13
"CTAACTGATAATCGCC-1",7,7
"CTAACTGGTCCGGTTC-1",2,2
"CTAAGGGAATGATTGG-1",4,4
"CTAATTATGAAGCGTA-1",5,3
"CTAATTCGCACGCGCT-1",8,16
"CTAATTCTCAGATATT-1",7,7
"CTAATTTCAACAACAC-1",4,16
"CTACAAGAAATAACCC-1",2,14
"CTACACTCGCAGATGG-1",7,13
"CTACATATCGCGGGAC-1",8,5
"CTACCCTAAGGTCATA-1",9,13
"CTACGACTAGCTATAA-1",3,8
"CTACGATCCTATCCTA-1",5,3
"CTACGCACGGAGTACC-1",4,16
"CTACGCCATTTCCGAT-1",4,16
"CTACTATCATAGGTTT-1",2,2
"CTACTATCTTTCAGAG-1",9,13
"CTACTCAAGGTATAGT-1",2,14
"CTACTCTAGGCCCGGC-1",5,3
"CTACTGCCACCTGACC-1",7,12
"CTAGACATATATGTAG-1",8,3
"CTAGACTGCATTTCGT-1",8,16
"CTAGATGTGAGTGTAA-1",9,13
"CTAGATTTACGACGGC-1",4,4
"CTAGCATAGTATAATG-1",7,7
"CTAGCCACAGGCGAGC-1",6,6
"CTAGCCCGGGAGACGA-1",2,14
"CTAGCCGATGTTATGA-1",7,7
"CTAGCTTAATGGTCCC-1",6,15
"CTAGGCGCCCTATCAG-1",7,7
"CTAGGGATAGGGACAA-1",2,14
"CTAGGTCTGAAGGAAT-1",6,13
"CTAGGTTCGGACGTGA-1",5,3
"CTAGTAGAAAGGGATT-1",5,3
"CTAGTATTCGGAATTA-1",7,16
"CTAGTCACGTCTTAAG-1",7,7
"CTAGTGAAGGACAGGA-1",8,5
"CTAGTTACAACCCGGT-1",5,3
"CTAGTTGGGCCCGGTA-1",7,12
"CTATAAGAGCCAATCG-1",7,7
"CTATAAGTAGGGTTTG-1",8,5
"CTATACTTAAAGCGAG-1",8,5
"CTATAGGCGTTGATGT-1",2,14
"CTATATCCAGCCTGGC-1",2,2
"CTATCACAACGCTGGA-1",3,8
"CTATCGACGAAATACA-1",7,7
"CTATCGCGTAGAGAAC-1",6,6
"CTATCGGGTCTCAACA-1",7,7
"CTATGAACACCTTGCC-1",3,8
"CTATGCCCGAATGCAA-1",2,2
"CTATGGGAAGCGGAAT-1",6,6
"CTATGTCACTAGCCCA-1",7,13
"CTATGTCTATTGAAAC-1",7,12
"CTATGTGAGTCACGGC-1",2,2
"CTATTCATGTGTCCCA-1",5,3
"CTATTGTGTTTGGTCA-1",4,16
"CTATTTGCTTGGAGGA-1",3,2
"CTATTTGGTTACGGAT-1",9,13
"CTCAAACCACTGCCCG-1",1,14
"CTCAACTAACCCGGAT-1",5,3
"CTCAAGACATTAGCGC-1",4,16
"CTCACACGCAAGCCTA-1",5,3
"CTCACATTTACTAAAT-1",3,8
"CTCACCAGTACAAGTG-1",2,2
"CTCACTGTGATACTTA-1",3,8
"CTCACTTGGCTGGTAA-1",3,8
"CTCAGAGCTAATGTCG-1",2,2
"CTCAGATTGTGATAAG-1",3,3
"CTCAGGACTCACCTGT-1",4,16
"CTCAGTCACGACAAAT-1",7,7
"CTCATAAATGTGTATA-1",4,4
"CTCATCACTTAGTGAT-1",8,9
"CTCATGGCTCACAATC-1",7,12
"CTCATGGTAATTTGCG-1",2,14
"CTCATTAACGTTGCCC-1",8,9
"CTCATTCGTGAACATC-1",3,8
"CTCATTGCTCTAACAA-1",5,3
"CTCATTTGATGGGCGG-1",7,7
"CTCCCAATGAGTCGCG-1",6,15
"CTCCCTCCTTTCGATC-1",2,2
"CTCCCTTGTATCAAGG-1",8,5
"CTCCGCCCACATGAGG-1",3,8
"CTCCGGCCTAATATGC-1",7,7
"CTCCGGCTTGTAGACA-1",8,5
"CTCCTAAGTTATGTCT-1",4,16
"CTCCTAGTAATCGTGA-1",5,3
"CTCCTCCAGCTCACAC-1",2,2
"CTCCTGTTCAAGGCAG-1",6,6
"CTCCTTTACGCAAGTC-1",4,4
"CTCGAGACATACGATA-1",5,3
"CTCGAGGCAAGTTTCA-1",2,2
"CTCGAGGTCGAACAGT-1",7,7
"CTCGATATTTGCGAGC-1",7,7
"CTCGCACCTATATAGT-1",7,13
"CTCGCATTGCATAGCC-1",5,3
"CTCGCCGAATGTAGGG-1",3,8
"CTCGCTAGGTAAGCGA-1",5,3
"CTCGGGATAACACCTA-1",4,4
"CTCGGGTTCTCTGGCC-1",3,2
"CTCGGTACCACTGCTC-1",7,13
"CTCGGTCCGTAGCCTG-1",7,16
"CTCGGTTGTCGGCCCT-1",2,2
"CTCGTCGAGGGCTCAT-1",5,3
"CTCGTCTGTGCCTTCG-1",3,8
"CTCGTTACGGCTACCA-1",1,14
"CTCGTTTCTAATGTTT-1",4,4
"CTCTAACACCGGCAGC-1",3,8
"CTCTAATGCATTGATC-1",4,4
"CTCTACACTGGCGATT-1",1,14
"CTCTACATCCTGCGTG-1",3,2
"CTCTAGCCCTCGGAAA-1",5,3
"CTCTATTTGGCTGCAG-1",8,5
"CTCTCACAATCGATGA-1",7,13
"CTCTCGCTGTACTATG-1",3,3
"CTCTCTAACTGCCTAG-1",3,8
"CTCTGCAGGCATTCTT-1",3,8
"CTCTGCGAAGCAAGCA-1",7,12
"CTCTGGACGCCTGGTG-1",7,7
"CTCTGTCCATGCACCA-1",5,3
"CTCTGTTTGAGGATTC-1",7,16
"CTCTTCTATTGACTGG-1",6,15
"CTCTTCTGGAAGTTAG-1",2,14
"CTCTTGTCCCGCTTGG-1",3,8
"CTGAAAGAGATCCGAC-1",7,7
"CTGAATCCGAGACCTC-1",5,3
"CTGAATTTATTGCCAG-1",4,4
"CTGACATAGAAATAGA-1",6,15
"CTGACTGCGCAGCTCG-1",9,13
"CTGAGAAAGTTCGGCG-1",6,15
"CTGAGAGTAGAAATAC-1",6,15
"CTGAGCAAGTAACAAG-1",4,16
"CTGAGCGAGACTTATT-1",4,4
"CTGATAGTGTATCTCA-1",3,8
"CTGATCCCTTTATGCA-1",3,8
"CTGCAAGCACGTTCCG-1",6,15
"CTGCACAACTACATAT-1",4,16
"CTGCACCTAGTCCACA-1",4,4
"CTGCACCTGGAACCGC-1",7,7
"CTGCACTCCAGTACAG-1",5,3
"CTGCAGAGAATCAGAG-1",7,7
"CTGCCAAGGTTGGAAG-1",7,7
"CTGCCATGCATCACAT-1",4,4
"CTGCCCACGAAGCGTT-1",2,2
"CTGCCTCATATGCAAC-1",4,4
"CTGCCTTTAATACCTT-1",3,8
"CTGCCTTTCTAGTAAA-1",4,16
"CTGCGACCTCGCCGAA-1",3,8
"CTGCGATTTCGAGATT-1",2,2
"CTGCGGGTGAAATGTT-1",5,3
"CTGCGGTAGTCACGTG-1",4,16
"CTGCGTTACGATATAA-1",4,16
"CTGCTCTGACGGCAAA-1",3,2
"CTGCTGAGGCCACGAA-1",2,2
"CTGCTGTCTAACGAGC-1",6,15
"CTGCTTGGCGATAGCT-1",8,9
"CTGCTTTATGTCCGCG-1",4,4
"CTGGAAATGGATGCTT-1",4,16
"CTGGAAGACACGGTGG-1",7,7
"CTGGACGCAGTCCGGC-1",3,3
"CTGGATTTACACTTGA-1",5,3
"CTGGCATCCGAATGAG-1",2,14
"CTGGCGACATAAGTCC-1",7,7
"CTGGCGATTTACATGT-1",4,4
"CTGGCGCACAGGTCTG-1",9,15
"CTGGCGGGAATAAGTA-1",8,5
"CTGGCTGATTCATCCT-1",6,6
"CTGGCTGGTTGTCAGT-1",3,8
"CTGGGATAAATAATGG-1",9,13
"CTGGGATACGCTACCC-1",7,7
"CTGGGCCTGCTATATC-1",3,8
"CTGGGTAGGCAGTTAA-1",7,7
"CTGGGTTGAGTTAAAG-1",5,3
"CTGGTAAAGACTTACA-1",4,9
"CTGGTAAAGTGTGGGC-1",6,15
"CTGGTAACACATAGAA-1",9,13
"CTGGTAACGAGCTCTT-1",7,7
"CTGGTCATTCCAATCC-1",5,3
"CTGGTGAATGGGCCTA-1",5,3
"CTGGTTCGCGAGCTAC-1",9,11
"CTGGTTTCGAGCAAGA-1",7,7
"CTGTACTTCTTAGCAT-1",8,5
"CTGTAGCCATCTCACT-1",2,14
"CTGTAGTGAGGATCGA-1",2,14
"CTGTATGGTGTAGAAA-1",4,16
"CTGTCAAATGGCTCGG-1",7,7
"CTGTCACGCCAGGCGC-1",8,7
"CTGTCCTGCGCACTAC-1",4,16
"CTGTGCAGGGTAGGTC-1",4,4
"CTGTGGTCGGGAGATA-1",4,4
"CTGTTACCCAATCTAG-1",5,3
"CTGTTCACTGCCTGTG-1",7,12
"CTGTTCATCTCACGGG-1",4,16
"CTGTTGGCTCTTCTGA-1",5,3
"CTGTTGTTCAGTCGTA-1",5,3
"CTTAAATAAGACCCAT-1",3,8
"CTTAACTTACAGTATA-1",7,7
"CTTAACTTCGAAGTAC-1",7,12
"CTTAAGCAGCGAGCCG-1",5,3
"CTTAATCGACTTAGTA-1",2,2
"CTTACACGGTATTCCA-1",4,16
"CTTACACTGGGAAATA-1",7,7
"CTTACATAGATTTCTT-1",3,8
"CTTACTGACTCCTCTG-1",6,11
"CTTAGATGTTTCATCC-1",3,8
"CTTAGCCCGGATAGTG-1",3,8
"CTTAGCCTTCCACATG-1",7,7
"CTTAGGTATAGACCAG-1",5,3
"CTTAGGTCCCAATCGT-1",8,9
"CTTAGTAGGCCTACAG-1",9,13
"CTTAGTGTAGTAGCAT-1",5,3
"CTTAGTTGAGGAATCG-1",2,14
"CTTATAGATGGCTGTT-1",6,6
"CTTATGCGCTCAGGGC-1",3,2
"CTTATGTTGACTACCA-1",4,16
"CTTCAACTCCACTTGG-1",5,3
"CTTCACGCCCTGGTAC-1",5,3
"CTTCAGTGGTCGCCTA-1",3,8
"CTTCAGTTGGACAACG-1",5,3
"CTTCATAGCTCAAGAA-1",4,16
"CTTCATCACCAGGGCT-1",3,8
"CTTCATTGTCAGTGGA-1",4,4
"CTTCCGCTCCGTGAAG-1",2,2
"CTTCGATTGCGCAAGC-1",5,3
"CTTCGGCCAATTGTTT-1",6,6
"CTTCGTAGATAGGTGA-1",8,5
"CTTCTATGTTGAAGTA-1",2,2
"CTTCTATTAATGCTAG-1",3,8
"CTTCTGGGCGTACCTA-1",1,1
"CTTCTTACGTCGTATA-1",7,7
"CTTGAGTTAGGGTAAT-1",9,11
"CTTGATGACCATCCAG-1",8,9
"CTTGCAACCGCCTCCT-1",2,2
"CTTGCCCACCCACGCA-1",4,16
"CTTGCCCAGGCTCTAC-1",8,5
"CTTGGCCAAGCTGGGA-1",2,2
"CTTGTACTTGTTGACT-1",7,16
"CTTGTCAACATTCGAG-1",5,9
"CTTGTGAGTCTTTGAC-1",4,10
"CTTGTGCTCACCGATT-1",7,7
"CTTGTTGCTGAGTCAA-1",9,13
"CTTGTTTATGTAGCCA-1",4,16
"CTTTAACTTTCAAAGG-1",7,12
"CTTTAATATTGGTCGA-1",8,5
"CTTTACCGAATAGTAG-1",4,4
"CTTTAGGAACACTGTT-1",9,13
"CTTTAGTGCTATTATT-1",4,16
"CTTTCTGTGCGGGCTT-1",5,3
"CTTTGACGTCGCTTCT-1",5,3
"CTTTGCATCGCTCTTG-1",4,4
"CTTTGCTGTCATGGAT-1",6,15
"CTTTGGCGCTTTATAC-1",3,8
"CTTTGGCTTTAGTAAA-1",8,5
"CTTTGGGATTGTTGCA-1",2,14
"CTTTGTCGAATGCTCC-1",8,5
"GAAACAGATGACCACC-1",9,11
"GAAACAGCCATGCAGT-1",7,12
"GAAACATAGGAAACAG-1",3,8
"GAAACCATGGTGCGCT-1",4,4
"GAAACCGAATTACCTT-1",5,3
"GAAACCTATACAAATG-1",2,2
"GAAACTCGTGCGATGC-1",5,3
"GAAACTCTAATGAAGG-1",7,16
"GAAAGAACAGCGTTAT-1",6,15
"GAAAGCAGTGCACTTT-1",2,2
"GAAAGCCCTTTGGACC-1",3,8
"GAAAGTGACTAACTGC-1",8,16
"GAAATACTAAACGTTT-1",8,5
"GAAATATCACCATCAG-1",3,3
"GAAATATGCTTGAATG-1",8,5
"GAAATCGCGCGCAACT-1",7,7
"GAAATCTGACCAAGTT-1",5,3
"GAAATGGCGGTGTTAG-1",4,16
"GAAATGGGATGTAAAC-1",4,16
"GAAATTAGCACGGATA-1",4,16
"GAAATTCACATCGCTG-1",7,12
"GAAATTGTCTCTATAA-1",8,5
"GAACAACTGGGATGAA-1",3,8
"GAACACACATCAACCA-1",7,7
"GAACAGATTACTAAAT-1",5,3
"GAACATTAGTATGTTA-1",5,3
"GAACCCTCTGTGTTCT-1",3,8
"GAACCTCGACCTACAC-1",1,14
"GAACCTTTAACGATCC-1",5,3
"GAACGACCGAATGATA-1",7,7
"GAACGATAAGTTAAAG-1",8,9
"GAACGCGGGTCACACG-1",6,15
"GAACGTCTCATGGTCG-1",9,13
"GAACGTTAGGAAGACG-1",3,8
"GAACTGTGGAGAGACA-1",3,8
"GAACTTGTGCACGGGA-1",5,3
"GAAGAAACGATATTGT-1",2,2
"GAAGAACGGTGCAGGT-1",4,16
"GAAGCCACTGATTATG-1",3,8
"GAAGCCGGGTAAGCTC-1",3,8
"GAAGCCTGCACATTCC-1",3,2
"GAAGCGTGAGGAATTT-1",4,16
"GAAGCTCGGACCCGTC-1",3,8
"GAAGCTCTTTGCTTAG-1",5,3
"GAAGCTTGCTGACCGC-1",8,5
"GAAGGAGTCGAGTGCG-1",3,2
"GAAGGCTACCATTGTT-1",8,9
"GAAGGGTCATTAAGAC-1",3,8
"GAAGTCAGTTGCACTA-1",3,8
"GAAGTCTCCCTAGCGA-1",9,15
"GAAGTGATTTATCGTG-1",8,5
"GAAGTGCTGGATAGCT-1",7,7
"GAAGTTTCCACTCAAT-1",8,5
"GAATAGACGCGACCCA-1",6,15
"GAATAGCCCTGCGGTC-1",8,5
"GAATAGTGCTCGATTA-1",2,14
"GAATATTCGGAGTCCC-1",4,16
"GAATCGACATGGTCAC-1",4,16
"GAATCGCCGGACACGG-1",4,16
"GAATCTGAACATTCTC-1",4,16
"GAATGAAGGTCTTCAG-1",8,5
"GAATGCCGAAATGACC-1",8,5
"GAATGCGAATCGGTTC-1",3,8
"GAATGGGCTTATCGAC-1",1,1
"GAATGTATGGCAGGTC-1",4,16
"GAATGTGGTCCGGATT-1",7,7
"GAATGTTGGGTAATCT-1",7,12
"GAATTATAGTGAAAGG-1",7,7
"GAATTCACCCGGGTGT-1",5,3
"GAATTTCTCGCTGCAG-1",8,5
"GACAAACATATGCAGG-1",6,15
"GACAACGACCATTGAA-1",9,13
"GACAACGCAGCTTACG-1",7,7
"GACAAGACGCCCGTGC-1",6,6
"GACAAGAGATGAGATT-1",6,6
"GACACAAGGGAAGAAA-1",6,13
"GACACAGCCGGGACTG-1",5,9
"GACACCCAAAGACGCG-1",1,1
"GACACGAGTTAGAGGA-1",4,16
"GACACTGAGTTCAGTG-1",5,3
"GACACTGGAACCCGAT-1",6,6
"GACACTTCCAATTACC-1",8,9
"GACAGAGGTCTTCAGT-1",3,8
"GACAGATTTCTGGCTC-1",3,8
"GACAGCCAGACCTGAC-1",9,13
"GACAGGCACACACTAT-1",3,8
"GACATACTGTCGCAGA-1",5,3
"GACATCCGTCGAACTG-1",3,8
"GACATCGATTTATAAC-1",3,8
"GACATTTCGCCCAGCC-1",5,3
"GACCAAACGTTGACTG-1",6,6
"GACCACACTTCCCTTT-1",3,8
"GACCAGAGCCCTGTAG-1",4,16
"GACCCAATTATGATAC-1",3,8
"GACCGACGTGAAAGCA-1",9,13
"GACCGACTGAAGCGTC-1",3,8
"GACCGATTAAATATGT-1",5,3
"GACCGCGTCTGACGTG-1",6,11
"GACCGGTGATACTCTC-1",8,5
"GACCGTCAGGTCGTGA-1",4,16
"GACCGTGCTGACGGTG-1",8,5
"GACCGTTACATGCGAC-1",1,1
"GACCTTCCACGTCTAC-1",3,8
"GACGACGATCCGCGTT-1",5,3
"GACGAGGCTAATAAAC-1",7,13
"GACGATATCACTGGGT-1",2,10
"GACGCATACCCGTCGG-1",8,5
"GACGCCGTAAAGGCTA-1",3,8
"GACGCTTGCTTCTAAA-1",5,3
"GACGGGCATCGAATTT-1",4,12
"GACGGGTTGGCCCGTA-1",1,1
"GACGGTCAATAGAAGC-1",7,7
"GACGGTCCTAGGGTGT-1",9,11
"GACGTGAGACTCCATG-1",4,10
"GACGTGTAGGGATTAT-1",8,10
"GACGTTCGTAAATACA-1",4,16
"GACGTTGCTCGGCGGC-1",2,10
"GACTAAGATCATGCAC-1",7,7
"GACTAAGTAGGCTCAC-1",4,16
"GACTACAAAGCGGTGG-1",2,14
"GACTAGGCCGTTAGGT-1",3,8
"GACTCACCCACGTGAG-1",9,13
"GACTCCCAGAATAAGG-1",4,4
"GACTCCTTCCAATTGA-1",5,3
"GACTCGCGGGAATGAC-1",7,7
"GACTCTAGAGTTCCAA-1",2,2
"GACTGATTGGTCACAA-1",8,12
"GACTGCAAATCGAGCT-1",5,3
"GACTGCACCAGCCCAG-1",7,7
"GACTGCGGCACGTGTA-1",5,3
"GACTGCTGGTGAGAAA-1",2,14
"GACTTCAACGCATCAA-1",5,3
"GACTTTCGAGCGGTTC-1",3,8
"GAGAAACTGGATCCCA-1",6,6
"GAGAACGGTTCTGACT-1",4,10
"GAGAATCTCACGATCA-1",2,2
"GAGACCCTGCAACGCC-1",5,5
"GAGACTGATGGGTAGA-1",7,7
"GAGACTTCGCGACCGA-1",3,8
"GAGAGCGCAGTCCCTG-1",3,8
"GAGAGGCCTATGTGTA-1",6,15
"GAGAGGGCGCGAGGTT-1",8,5
"GAGAGGTGCATTCTGG-1",2,2
"GAGAGTCTCGGGAGAG-1",1,14
"GAGATCGATCTTACTC-1",8,5
"GAGATCTGCTTGGCAT-1",8,5
"GAGATCTGTCACTCCG-1",6,13
"GAGATCTTCCATGACA-1",7,7
"GAGATGACAATCCTTA-1",4,16
"GAGATGGCTTTAATCA-1",3,8
"GAGATGGGAGTCGACA-1",5,3
"GAGCACCTGTGTCCAG-1",5,3
"GAGCACGGCGCCTCTT-1",7,2
"GAGCATCAACAACTTG-1",2,2
"GAGCATCATCCCTGGG-1",4,16
"GAGCCAGCTACCTGTG-1",4,4
"GAGCCGAGCGTTTATT-1",8,5
"GAGCGAGGGAGTACCG-1",7,16
"GAGCGCAAATACTCCG-1",6,6
"GAGCGCGCACGAGTAG-1",9,13
"GAGCGCTGTTAGGTAA-1",3,8
"GAGCGGAATGCGGTGT-1",2,14
"GAGCTAAGGGCATATC-1",6,13
"GAGCTCAACATGAGCG-1",3,8
"GAGCTCTCGGACCTAA-1",4,16
"GAGCTGTCGTCTCGGA-1",4,16
"GAGGAATATCTCTTTG-1",2,14
"GAGGAATGGAGAGGTT-1",8,16
"GAGGATAAACAGTGCT-1",9,13
"GAGGCATTTGCAGCAG-1",8,5
"GAGGCCCGACTCCGCA-1",3,8
"GAGGCCTGTTGATACA-1",9,13
"GAGGCTATCAAAGTCG-1",5,3
"GAGGGAGTCAGATCGC-1",2,14
"GAGGGCCATAATATTA-1",5,9
"GAGGGCGCAGCTCTGC-1",9,13
"GAGGGTAGTAACAAAG-1",1,1
"GAGGTACATCCATCTT-1",7,12
"GAGGTACGCGTGTCCC-1",3,8
"GAGGTCCCAAAGATCT-1",4,16
"GAGGTCCGTTCGCTGT-1",2,2
"GAGTAAACCGGAAAGT-1",6,15
"GAGTAAATTAAGAACC-1",6,6
"GAGTAAGGCCACGGGA-1",3,8
"GAGTACGGGTATACAA-1",4,16
"GAGTAGATACTAGTTG-1",3,8
"GAGTATACCCTAATCA-1",3,8
"GAGTATCAAAGTTACA-1",6,15
"GAGTATGCCCGCCTTG-1",3,8
"GAGTATGCGCGTGCAT-1",3,8
"GAGTCAGACCAGAATC-1",2,2
"GAGTCCACCAGGTTTA-1",5,3
"GAGTCCGCTTACCGGA-1",8,5
"GAGTCGACAGACCCTC-1",3,8
"GAGTCTTGTAAAGGAC-1",5,3
"GAGTGCACGGACAACA-1",8,9
"GAGTGTCAACCAGAAA-1",5,3
"GAGTGTGCGGTACCCA-1",9,13
"GAGTTCTGTGGGTGCT-1",8,5
"GAGTTGATGGCAATTT-1",3,8
"GAGTTGTCACCAGTCT-1",8,5
"GATAAATCGGTGGATG-1",4,16
"GATAACTCGCACTGTG-1",6,6
"GATACCGTGTCGGAGT-1",7,12
"GATACGATGGGAGTCA-1",5,3
"GATAGAACCCGCTAGG-1",2,2
"GATAGATAGTACAGTC-1",5,3
"GATAGGATTAATTACA-1",7,12
"GATAGGTAACGTTGAC-1",5,3
"GATAGGTGTCCCGGGC-1",7,12
"GATAGTGCGAGTAAGT-1",2,14
"GATATCAAGCAGGAGC-1",8,5
"GATATCTCATGCAATA-1",7,12
"GATATGAGACACTAAC-1",9,13
"GATATGCGGTAGCCAA-1",7,7
"GATATGGATTACGCGG-1",5,3
"GATATTGAGATTGGCG-1",9,13
"GATATTTCCTACATGG-1",4,12
"GATCAACATAAAGGGA-1",1,14
"GATCATTCCAAACATT-1",7,16
"GATCCAACCTTTAAAC-1",8,5
"GATCCCTTTATACTGC-1",7,7
"GATCCGAATATAAGTG-1",7,12
"GATCCGGGAATTAACA-1",7,7
"GATCCTAAATCGGGAC-1",7,7
"GATCCTCGACACTGGC-1",2,14
"GATCGACACTATCTGA-1",4,16
"GATCGCGGGCTCTCCA-1",4,16
"GATCGCTACCCGATTT-1",9,13
"GATCGCTATATCTCAG-1",3,8
"GATCGCTGTGGTGCGT-1",5,3
"GATCGGATAGAACCAT-1",1,1
"GATCGGCGATAAGTCG-1",8,5
"GATCGGTGGCCATAAC-1",7,13
"GATCGTGACTGATATC-1",7,7
"GATCTAACCGTATTCA-1",5,3
"GATCTCGACGCTGTGG-1",6,15
"GATCTGCTATCTAAGG-1",2,2
"GATCTTCATTGTCCTC-1",5,3
"GATCTTGGAGGGCATA-1",4,4
"GATCTTTGCAGGGTAT-1",8,5
"GATCTTTGCTCAAAGA-1",5,3
"GATGACAAGTAGGGCA-1",2,14
"GATGACGATGATCGCG-1",8,5
"GATGAGGAACCTTCGG-1",3,8
"GATGCCAGCAGAAGGC-1",5,3
"GATGCCTTCTGCGGCA-1",5,3
"GATGCGAATGGTATTA-1",5,3
"GATGCGTCCTGCATTC-1",4,16
"GATGCTACAAGCGCCT-1",7,16
"GATGCTACCTTCGATG-1",2,2
"GATGCTGTATTTCATC-1",7,7
"GATGGCGCACACATTA-1",4,16
"GATGGTGCCCTAGGCA-1",7,12
"GATGTAACGAACCACC-1",3,8
"GATGTCGGTCAACTGC-1",7,12
"GATGTTCAATCCACGA-1",5,3
"GATGTTTGTGCGAGAT-1",4,16
"GATTAACCGAAAGCCC-1",4,4
"GATTACTGAATTTGGG-1",5,3
"GATTAGAAACAAGCGT-1",2,10
"GATTATCTTGCATTAT-1",5,3
"GATTCCCTTGTCGCAG-1",7,12
"GATTCCGCGTTTCCGT-1",7,7
"GATTCCTATACGGCGC-1",8,5
"GATTCGACGGTTCACG-1",4,4
"GATTCTGTTAATGAGT-1",2,2
"GATTGCTCCAGTTGCA-1",3,8
"GATTGGGAAAGGTTGT-1",3,8
"GATTTAGTGCGTACTG-1",5,3
"GATTTGCGCTAACACC-1",2,14
"GCAAACCCTACATTAT-1",4,4
"GCAAACCTTGGCCATA-1",3,8
"GCAAACGTAAGCGACC-1",8,5
"GCAAACGTCGCCAGGT-1",6,6
"GCAAAGGGCGTTAGCC-1",5,3
"GCAAATATTACGCTTT-1",8,5
"GCAAATGAGGACACTT-1",3,8
"GCAACACACTAGAACT-1",2,2
"GCAACAGCAGTATGCG-1",9,11
"GCAACCACCAGACCGG-1",4,16
"GCAACCACGGCCGCGT-1",3,8
"GCAACCCAAGTTGTTT-1",2,2
"GCAAGAATTCCTTGGC-1",3,8
"GCAAGATGTGTTCGCG-1",8,5
"GCAAGCTGGAAACCGC-1",5,3
"GCAAGTGCACAGAGAA-1",4,16
"GCAAGTGTAAAGCATG-1",2,14
"GCAATTAGTCGCACCG-1",4,4
"GCACAAACCCTAGATG-1",5,3
"GCACAAACGAGGCGTG-1",6,15
"GCACAACCTCGGGCGT-1",5,5
"GCACAAGTGGATCATA-1",5,3
"GCACAAGTGTCGGAAG-1",7,10
"GCACACACTGGTAGCC-1",4,4
"GCACACAGCTATTACC-1",3,8
"GCACACGCCCATGGTC-1",3,2
"GCACAGCACGGGCCGA-1",2,14
"GCACCTAGGCGAGTCC-1",4,4
"GCACCTTCCCGAAGGT-1",6,15
"GCACGCCGATTCCCGC-1",3,8
"GCACGCCTACTTAGAT-1",2,2
"GCACGTGGTTTACTTA-1",7,7
"GCACTAGTCGCGCTAT-1",4,16
"GCACTGCCTACCTTTA-1",3,8
"GCACTGTGCAAATGTA-1",4,10
"GCAGAAGGTAATCTCC-1",6,6
"GCAGACCCAGCACGTA-1",6,15
"GCAGATCCATAAGACT-1",4,4
"GCAGATCCTCGCAAAT-1",5,3
"GCAGATTAGGGATATC-1",4,16
"GCAGCACACAGCCCAG-1",5,5
"GCAGCCTATATCACAT-1",7,7
"GCAGCTATGGACAGGT-1",8,5
"GCAGCTGTCAACGCAT-1",3,8
"GCAGGAACTTAGATCT-1",5,3
"GCAGGACTATAGAATA-1",5,3
"GCAGGTAGAGTATGGT-1",4,16
"GCAGTGCGGGCGGATG-1",6,15
"GCAGTGTGGCTATAGG-1",8,5
"GCAGTTCGATCCGAGC-1",6,6
"GCATACGAGGTCTTTA-1",2,2
"GCATAGAGCACTCAGG-1",4,4
"GCATCCCTAACTTTGA-1",4,16
"GCATGAGGGACGCGGC-1",9,13
"GCATGCTAATAACGAT-1",8,9
"GCATGGGTACTGACGC-1",3,8
"GCATTCAAGGCAACGC-1",7,7
"GCATTCGAAATGAACA-1",5,3
"GCATTGACTTGCGGAA-1",5,3
"GCATTGTAATTCATAT-1",2,2
"GCATTTCCAAGGCTCC-1",7,7
"GCCAACCATTTCCGGA-1",7,7
"GCCAAGAATACTTCTG-1",3,8
"GCCAATAGGGCATCTC-1",7,7
"GCCACAATTTAAGGAC-1",3,8
"GCCACCTTATTCGCGA-1",8,5
"GCCACTCAGAGCGCGA-1",4,4
"GCCACTCCTTACGGTA-1",6,6
"GCCAGGAAAGAACACT-1",2,10
"GCCAGGAGTAACCGAT-1",7,7
"GCCATATTGCACACAG-1",7,7
"GCCATCGAGCTGCGTG-1",2,2
"GCCATCGATGCTGCAT-1",7,7
"GCCATTAGCCTCAAAC-1",5,3
"GCCCACCAAGGCTGTC-1",4,16
"GCCCAGATGCTGGAGA-1",7,7
"GCCCAGCGACACAAAG-1",4,16
"GCCCAGTTGGTATGCC-1",4,16
"GCCCGACTTCTTCCCG-1",1,1
"GCCCGAGAGTCTAAAT-1",5,3
"GCCCGATCTGTGGTCG-1",5,3
"GCCCGATGCCCAGTTC-1",5,3
"GCCCGCGCGTAAACGG-1",3,8
"GCCCGCGCGTTTGACA-1",4,16
"GCCCGTAATACCTTCT-1",9,13
"GCCCGTTCACACAATT-1",2,14
"GCCCTAAGTGCAGGAT-1",3,8
"GCCCTAGCCGTCGCGA-1",3,8
"GCCCTGAGGATGGGCT-1",3,8
"GCCGAAATTCCTACGT-1",8,5
"GCCGACCCACGACTGC-1",2,2
"GCCGATTGGCCAAGCT-1",4,16
"GCCGCACTCCGTTTCA-1",9,11
"GCCGCATTAGTCCGGC-1",3,8
"GCCGCTTGTGAGAAAC-1",8,5
"GCCGGGTTAGGGTCGC-1",4,16
"GCCGGTCGTATCTCTC-1",2,14
"GCCGTCGGTTTCGGGC-1",2,14
"GCCGTGGAAGAAATGT-1",7,7
"GCCTACGTTCTGTGCA-1",3,8
"GCCTAGCGATCTGACC-1",4,16
"GCCTATAGTGTCAGGG-1",9,13
"GCCTATCAGGTAAGAT-1",6,15
"GCCTATGCTGGGCCTT-1",8,5
"GCCTATTCCGATATAG-1",4,16
"GCCTCAGGTACCGGTC-1",5,3
"GCCTCATCTGGAAATA-1",9,11
"GCCTCCGACAATTCAC-1",4,4
"GCCTCTATACATAGCA-1",5,9
"GCCTGCTACACTGAGA-1",8,5
"GCCTGTCCCGGTGCAT-1",2,2
"GCCTTCAGCCCTACCG-1",7,7
"GCCTTGTATATGCAGT-1",8,10
"GCCTTTGTCAGTGGAC-1",8,5
"GCGAAACGATCGGGAG-1",9,13
"GCGAAACTTAACTGGA-1",7,7
"GCGAAGAATCTGACGG-1",3,8
"GCGAAGCCATACCCGT-1",7,7
"GCGAATGGACTAGCGA-1",3,8
"GCGACATGTAAACATC-1",9,13
"GCGACCCAACCATCTG-1",1,14
"GCGACGATAGTTGTAC-1",5,3
"GCGACGGTAGTCTCCT-1",3,8
"GCGAGAAACGGGAGTT-1",8,16
"GCGAGAGGCCATGTAA-1",4,4
"GCGAGAGTTGCGTCCA-1",7,7
"GCGAGCGCATGCTCCC-1",7,13
"GCGAGGCCCGAGCAGA-1",8,5
"GCGAGGGACTGCTAGA-1",8,3
"GCGAGTTCTGCAAAGA-1",7,7
"GCGATGTCTGTGCTTG-1",5,3
"GCGATTCTGGAAGCAG-1",7,12
"GCGATTGTTAACGTTA-1",9,13
"GCGCAAATATATTCAA-1",2,2
"GCGCAAGAGCGCGCTG-1",6,15
"GCGCATCCAGTCAGCA-1",7,12
"GCGCCGTTCCACGATA-1",4,16
"GCGCCTCCCACTCCGA-1",6,15
"GCGCGGTCTAGTAACT-1",3,2
"GCGCGTCATTGGTACA-1",8,5
"GCGCTAATTGAATAGA-1",7,7
"GCGCTATGCCGAGGCA-1",5,3
"GCGCTCGATCACCTGT-1",9,11
"GCGCTGATCCAGACTC-1",7,16
"GCGCTGCTTTGCATTT-1",7,13
"GCGCTTAAATAATTGG-1",4,4
"GCGGACCGCGTTGTGG-1",3,2
"GCGGAGAAACTTCGCA-1",2,14
"GCGGAGAGGGAGAACG-1",4,4
"GCGGATTACTTGTTCT-1",7,7
"GCGGCAAAGTATTGCC-1",2,2
"GCGGCTCTGACGTACC-1",5,5
"GCGGCTTTAGCAAGTT-1",3,8
"GCGGGAACCAGGCCCT-1",7,16
"GCGGGCAGACGGGTGA-1",3,8
"GCGGGCATTACGATGC-1",4,4
"GCGGGCGAGCCTTACC-1",2,2
"GCGGTCCCGGTGAAGG-1",8,5
"GCGGTCCCTAGACGCA-1",7,16
"GCGGTCTTGCTTTCAC-1",3,8
"GCGGTGAACTGCGCTC-1",7,7
"GCGGTGCGGAGCATCG-1",5,3
"GCGGTTCCCTATCATG-1",5,3
"GCGTAAATGGCCATAA-1",9,13
"GCGTCCCTAAGACATA-1",2,14
"GCGTCGAAATGTCGGT-1",7,7
"GCGTCGCCAGGGTGAT-1",3,8
"GCGTCGTAACATGGTC-1",3,8
"GCGTCTAACCTCCTAA-1",4,4
"GCGTCTCTGCATTGGG-1",5,3
"GCGTGGTACTGGGTTA-1",6,15
"GCGTTATATTTGGAAC-1",3,8
"GCGTTCGGAGACCGGG-1",4,16
"GCGTTCTGACTAAGCG-1",6,6
"GCTAAACCTGAGGTGA-1",8,5
"GCTAACTGAAGTCTGA-1",4,16
"GCTAAGCCCAGTATGC-1",4,4
"GCTAAGTAAAGGCGAT-1",5,3
"GCTAAGTAGTTTCTCT-1",9,13
"GCTAATACCGAATGCC-1",7,16
"GCTACAATCGAGGATA-1",7,7
"GCTACAGTACGGACCG-1",2,14
"GCTACGACTTATTGGG-1",4,4
"GCTACTATAGTAGAGT-1",9,13
"GCTACTCGGACGCAGA-1",8,5
"GCTAGACCGTCTACTG-1",9,11
"GCTAGAGTAGAGATGT-1",7,7
"GCTAGCAACGCACCTA-1",5,3
"GCTAGCACCTGGGCCA-1",7,7
"GCTAGCAGGGAGTGGG-1",4,16
"GCTAGCGATAGGTCTT-1",3,8
"GCTAGCTTGAATAGCT-1",2,2
"GCTAGGCACCACGGAG-1",4,4
"GCTAGTAGAGCTTGTA-1",4,4
"GCTAGTTTCATTGAGG-1",4,16
"GCTATAAGGGCCAGGA-1",4,12
"GCTATACGTCTCGGAC-1",4,4
"GCTATCATACTCATGG-1",8,9
"GCTATCGCGGCGCAAC-1",8,16
"GCTATGCCAGCTTATG-1",5,3
"GCTCAACCTCTTAGAG-1",5,3
"GCTCAATCCGTTTATT-1",2,14
"GCTCAATGTAATACCG-1",2,2
"GCTCATTACTGCATGT-1",4,16
"GCTCCATGAGTGCAGA-1",6,15
"GCTCCATGCAAAGCAA-1",2,2
"GCTCCCAGTCGGTCCA-1",9,15
"GCTCCGCTCGCTTCAG-1",9,15
"GCTCCTGACATACTGG-1",1,1
"GCTCGCGGTTCCGCTC-1",5,3
"GCTCGCTCATGTCCAA-1",9,11
"GCTCGGAATTTAAAGC-1",7,7
"GCTCTAAACCCTGACG-1",7,7
"GCTCTATGTTACGTGC-1",4,16
"GCTCTCGGGTACCGAA-1",7,7
"GCTCTTTCCGCTAGTG-1",2,2
"GCTGAACTCTCCAGGG-1",7,13
"GCTGAAGGGTTCTTGG-1",8,5
"GCTGAATCTTCCAATC-1",3,8
"GCTGAGCAACGGTTCT-1",5,3
"GCTGAGGCGTGAGTAT-1",4,4
"GCTGCACGGTTTCTTA-1",4,4
"GCTGCGAAGAATTATT-1",2,10
"GCTGCGCCTCCCACGT-1",3,3
"GCTGCTAAGTAGTCGA-1",3,8
"GCTGCTACTGCGTAGC-1",4,16
"GCTGCTCTCCGGACAC-1",7,7
"GCTGGACCCAAAGTGG-1",8,5
"GCTGGCAGGTGCCGTG-1",3,8
"GCTGGCATATTCACCT-1",8,5
"GCTGGCGGCGCATGCT-1",5,3
"GCTGGGAGCGCGTCAA-1",2,10
"GCTGGTGACTCGTAGT-1",5,3
"GCTGGTTTAGGCCATA-1",5,3
"GCTGTATTACTGGCCC-1",3,8
"GCTGTTGCTACCGAAC-1",9,11
"GCTTAATGTAACTAAC-1",7,13
"GCTTACGTAGTTAGTA-1",7,7
"GCTTAGGGAAGCGGTA-1",5,3
"GCTTATGAAGCAGGAA-1",6,15
"GCTTCCATGTAACCGC-1",4,4
"GCTTCCCGTAAGCTCC-1",5,3
"GCTTCCGTCCCTAGAC-1",9,13
"GCTTCGACGTTCAATC-1",5,3
"GCTTGAGTGACCTCTG-1",7,7
"GCTTGATGATAATCAG-1",4,16
"GCTTGCAGCACAATTG-1",8,5
"GCTTGGATCGATTAGG-1",9,13
"GCTTTACACAACTGGG-1",9,13
"GCTTTATTAAGTTACC-1",3,8
"GCTTTCAGAGGAGGTG-1",9,13
"GGAAACAGAGCTTGGG-1",3,8
"GGAAACCTTGTTGAAT-1",4,4
"GGAAACTAAATGGGCC-1",7,7
"GGAAAGGGAATTGAGC-1",3,8
"GGAAAGTCTTGATTGT-1",2,14
"GGAAAGTGCCCATGCC-1",7,7
"GGAACCCGAACAAGAA-1",5,3
"GGAACCGTGTAAATTG-1",3,8
"GGAACCTTGACTCTGC-1",3,8
"GGAACGGCCTGCAGCC-1",5,3
"GGAACTCGTGAATACG-1",2,14
"GGAACTTTGGCGATTA-1",6,15
"GGAAGCTCGCTTACAG-1",7,12
"GGAAGGACACCGTATA-1",3,8
"GGAATGCGCTAGCGTG-1",9,13
"GGACAACCATGAAGCC-1",4,16
"GGACAAGCCATGATCG-1",8,5
"GGACAAGTTGCAGTGA-1",2,2
"GGACACAAGTTTACAC-1",6,15
"GGACACCTCGGTGTTG-1",2,2
"GGACCAACAGGATAAC-1",5,3
"GGACCTACGGTAACGT-1",8,16
"GGACCTCTAGGCCGCC-1",2,14
"GGACGGGCGACCAACC-1",9,13
"GGACGTCCATAGTTGG-1",8,5
"GGACTAAGTCAGGAGT-1",3,8
"GGACTCACAAATTAGG-1",6,15
"GGACTCGAAGCTTTCA-1",6,15
"GGACTCGACAGCGCAT-1",2,14
"GGACTCGTGAGTGGTC-1",1,1
"GGACTCTTCCGGTTGA-1",6,15
"GGACTCTTTGACTAAG-1",3,8
"GGAGAAGTCATTGGCA-1",4,16
"GGAGACCAATGTGCTT-1",8,9
"GGAGACCATCTACATA-1",5,3
"GGAGACGACACCTTTG-1",4,16
"GGAGCAACATTTCAAG-1",9,13
"GGAGCACCAAGAACTA-1",9,13
"GGAGCGAGGCCTACTT-1",3,8
"GGAGGAGTGTGTTTAT-1",8,10
"GGAGGCCGAAGTCGTC-1",9,13
"GGAGGGCTTGGTTGGC-1",9,13
"GGAGGGTCAAGTAAGA-1",6,15
"GGAGTACACATGAGCT-1",5,3
"GGAGTGCCGCCCTGGA-1",7,7
"GGAGTTGATTCTGTGT-1",9,13
"GGATCAGAGCCATCAG-1",5,3
"GGATCATCCCGTACGC-1",4,16
"GGATCCGGAATATACT-1",9,13
"GGATCTACCGTTCGTC-1",3,8
"GGATCTTACTGCCCTT-1",1,1
"GGATCTTGACTCAACC-1",3,8
"GGATGAAGATCGCTGA-1",6,15
"GGATGACGCGAGTTTA-1",8,5
"GGATGCTGGCGTTCCT-1",3,2
"GGATGGCTTGAAGTAT-1",8,9
"GGATGTCCTTACCGCA-1",6,15
"GGATTAATCATGGACC-1",3,8
"GGATTCAGTACGGTGG-1",4,16
"GGATTCCGCTATACCC-1",7,7
"GGATTGAAGTAGCCTC-1",5,9
"GGATTGCTGTGACTCC-1",5,3
"GGATTTCACTTCTATA-1",9,13
"GGCAAAGGCGCCAATA-1",2,14
"GGCAAATTACTTTACT-1",8,5
"GGCAAGCCAGGGATAG-1",5,3
"GGCAAGCCCATAGTGG-1",3,2
"GGCAAGGCGAAATAGC-1",4,4
"GGCAATAGTCAATGAG-1",9,13
"GGCACGCTGCTACAGT-1",7,7
"GGCACTCAGCCGACCC-1",6,15
"GGCACTCCACTGGGCA-1",4,16
"GGCACTGCGGTGGTTT-1",7,7
"GGCAGAGAGATCGGGA-1",2,14
"GGCAGCAAACCTATGC-1",6,6
"GGCAGCGGTAATCCTA-1",4,16
"GGCATACAGGTAGCGG-1",5,3
"GGCATATCGGTTCTGC-1",7,7
"GGCATTGAACATCTCA-1",2,2
"GGCCAATTGTATAGAC-1",5,3
"GGCCACACGAAAGCCT-1",3,8
"GGCCCAGCTGGTTTGC-1",3,8
"GGCCCAGTTATCAGCA-1",5,5
"GGCCCGGAGCATGTCT-1",7,7
"GGCCCGTATACCATGC-1",4,4
"GGCCCTCACCCACTTA-1",3,8
"GGCCGAGACTCTGGTG-1",1,1
"GGCCGCAGGAACCGCA-1",6,15
"GGCCGGCGTCTGCTAT-1",3,8
"GGCCGTTTGGGTTTCA-1",2,14
"GGCCTGCTCTGATGTT-1",2,2
"GGCCTGCTTCTCCCGA-1",6,15
"GGCCTTTGCAACTGGC-1",2,14
"GGCGAAATCTAACTTG-1",9,13
"GGCGAACCGTTCTGAT-1",5,3
"GGCGAGCGAAACGGCA-1",5,3
"GGCGCAGGACATCTTC-1",3,8
"GGCGCATGAATTGATG-1",8,5
"GGCGCGGAGATCTTTC-1",8,5
"GGCGCGTTCGAGTTTA-1",5,9
"GGCGCTCCTCATCAAT-1",8,5
"GGCGCTTCATTCCCTG-1",3,8
"GGCGGAGTAATATTAG-1",4,16
"GGCGGGCTCTAAGAGT-1",6,15
"GGCGGTAGGATCATTG-1",7,13
"GGCGGTTTGCCGGTGC-1",8,5
"GGCGTAGGGAAAGCTG-1",5,3
"GGCGTCCTATCCGCTG-1",8,5
"GGCTAAAGGGCGGGTC-1",4,16
"GGCTAATGATTGAAAT-1",5,3
"GGCTACTATACACTCC-1",2,14
"GGCTATTAAGTTGTAT-1",8,5
"GGCTCCTCCACCTGTT-1",2,14
"GGCTCGCGTTGAGGTA-1",9,13
"GGCTCGTGCCACCAGC-1",4,16
"GGCTCTGCTCCAACGC-1",9,13
"GGCTGAAATAGCAAAG-1",4,4
"GGCTGAGCATCGTAAG-1",8,16
"GGCTGGCAATCCCACG-1",3,8
"GGCTGTCCTACTGCGG-1",2,10
"GGCTTCTCGTGGGTGG-1",3,8
"GGCTTGGCTCTCACCT-1",3,8
"GGCTTTCAATAAGGGT-1",3,8
"GGGAAAGAATGCCAAC-1",7,7
"GGGAACGGGAGGTTAG-1",5,3
"GGGAACGGTTTCAGAT-1",2,14
"GGGAAGACGGTCTGTC-1",3,8
"GGGAAGGGCTTTCTCA-1",8,9
"GGGAATGAGCCCTCAC-1",4,16
"GGGAATTCTGTCCAGT-1",3,8
"GGGACAGAGTTACTCC-1",3,8
"GGGACCCGTATATCTT-1",2,2
"GGGACTGCATAGATAG-1",4,16
"GGGAGAACTCACAGTA-1",7,7
"GGGAGCGACCGTAGTG-1",3,3
"GGGAGGATGCCCGAAA-1",8,16
"GGGAGTAATGGCTGGC-1",4,16
"GGGAGTTAATGAGGCG-1",9,13
"GGGATACGGTAATAAT-1",5,3
"GGGATATTGATCGCCA-1",5,3
"GGGATCCCAATACAAA-1",5,3
"GGGATGGACCCGCGTC-1",8,5
"GGGATGGTCGTAACCG-1",3,8
"GGGATTATCTCACAAC-1",8,10
"GGGATTTACCGCACCT-1",6,6
"GGGCAACCGCACGTGC-1",3,8
"GGGCACGAATTGGCCG-1",2,2
"GGGCACGTAGTACTGT-1",2,14
"GGGCACTATTGACCAT-1",8,5
"GGGCAGACGTCACTGC-1",5,3
"GGGCAGAGCAATCGTT-1",3,8
"GGGCAGGATTTCTGTG-1",8,5
"GGGCAGTCAACGCCAA-1",3,8
"GGGCATGCATGTCGAG-1",2,2
"GGGCCATTCGTGCTGG-1",8,5
"GGGCCCGTCTTAAACA-1",8,5
"GGGCCCTACGAAAGGG-1",2,2
"GGGCCCTTATCTATAC-1",2,14
"GGGCCGGCCGAAGTAC-1",6,15
"GGGCCTAAATGGGCTA-1",3,8
"GGGCCTATTTAAGTAT-1",5,5
"GGGCGAATTTCTCCAC-1",5,3
"GGGCGATATGTGTGAA-1",7,16
"GGGCGATCCATAGGCC-1",8,5
"GGGCGCAGCGTTACTC-1",4,16
"GGGCGGCAAATGAATT-1",3,8
"GGGCGGGTTCCCTACG-1",3,8
"GGGCGGTCCTATTGTC-1",4,16
"GGGCGTACATTTATAT-1",7,7
"GGGCGTCACCACGTAA-1",5,3
"GGGCGTCCACTGGCTC-1",7,16
"GGGCGTGGTTTCCCAG-1",5,3
"GGGCGTTTACATTCAT-1",3,8
"GGGCTACTATTTCGTG-1",5,3
"GGGCTATGATCGATGG-1",2,2
"GGGCTCATCGAACCCA-1",7,7
"GGGCTGCCTAGGGCGA-1",7,7
"GGGCTGGTTAGTCGCG-1",4,16
"GGGTACCCACGGTCCT-1",4,16
"GGGTACTTCATGAACT-1",5,5
"GGGTATGTATGCACTT-1",8,5
"GGGTATTCTAGCAAAC-1",5,3
"GGGTCACCGTGACGGT-1",8,5
"GGGTCAGGAGCTAGAT-1",2,2
"GGGTCATGCGTACCAT-1",5,3
"GGGTCCTTGGAAGAAG-1",8,5
"GGGTCGTGGCAAGTGT-1",7,4
"GGGTCTATCGCTTTCC-1",6,15
"GGGTGACACCTTAACT-1",5,3
"GGGTGCATATGAAAGC-1",4,4
"GGGTGTTTCAGCTATG-1",7,16
"GGGTTAACATTTGAGT-1",2,2
"GGGTTCAGACGAACAA-1",8,5
"GGGTTTAGGATAGGAT-1",9,15
"GGTAAACTCTGCGCTG-1",6,15
"GGTAAATGTGCGTTAC-1",7,12
"GGTAACCGGGAGGATA-1",2,2
"GGTAACTATGTATCTG-1",4,16
"GGTACAAACATGCTAT-1",8,5
"GGTACACCAGATTTAT-1",4,4
"GGTACATCTGGGACGA-1",3,2
"GGTACCATTAAGACGG-1",7,7
"GGTACGTTGCGGCCGG-1",9,13
"GGTACTAAGTGCTTTG-1",6,15
"GGTAGAAGACCGCCTG-1",5,9
"GGTAGACCGTTGGGCG-1",3,8
"GGTAGGCCAATATCAC-1",2,2
"GGTAGTGCTCGCACCA-1",7,7
"GGTATAGTGACACATA-1",7,7
"GGTATGAAAGAACTGA-1",2,2
"GGTATTGCCGAGTTTA-1",4,16
"GGTCAAGACTACTTCG-1",6,6
"GGTCAGTGGGTCCCAC-1",5,3
"GGTCATTGTAGTCATA-1",5,3
"GGTCCACGTCTATTTG-1",3,8
"GGTCGGATAAACGGCG-1",7,7
"GGTCGGCCAGGAGCTT-1",9,13
"GGTCGGTAATTAGACA-1",4,16
"GGTCGGTCGTCCACAG-1",2,2
"GGTCGTAAGCTCGCAC-1",3,8
"GGTCTCCAAGTAGTGC-1",6,15
"GGTCTCCGTCCAGGTT-1",7,7
"GGTCTCTGAATGGACT-1",2,14
"GGTCTGAGAATCTGGA-1",9,13
"GGTCTTGAGCGCTCTT-1",3,2
"GGTGAACGGGCTAGCC-1",4,10
"GGTGAAGTACAGGGAT-1",3,8
"GGTGACTGATAGAGAG-1",6,15
"GGTGAGATGCAGATAA-1",4,16
"GGTGATAAGGAGCAGT-1",9,13
"GGTGATGAAGGAAGTG-1",2,2
"GGTGCAGAGCCTATCG-1",8,5
"GGTGCATAAATGATTA-1",2,14
"GGTGCGGATAAGTGGC-1",4,16
"GGTGCTGATCACAAAG-1",5,3
"GGTGCTGGTACACATT-1",5,3
"GGTGGACTGCTCTGGC-1",4,4
"GGTGGAGGTTGATACG-1",9,11
"GGTGGGATTAGGTCCC-1",3,2
"GGTGTAAATCGATTGT-1",3,8
"GGTGTAGGTAAGTAAA-1",2,14
"GGTGTTGGGCGTCTTA-1",6,6
"GGTTACCACCCTCGGG-1",3,8
"GGTTACCCGACACTTT-1",4,4
"GGTTACCGCTCCCTAC-1",2,14
"GGTTAGCTATATGTCT-1",7,7
"GGTTAGGCTTGGAGAA-1",4,16
"GGTTAGGGATGCTAAT-1",8,5
"GGTTAGTTACGGCGCC-1",8,5
"GGTTCCGTACGACTAA-1",2,14
"GGTTCGCATTTGCCGT-1",4,9
"GGTTCGGATTATACTA-1",1,1
"GGTTCTACTCGTCTGA-1",6,15
"GGTTGTGCTCTTGTCC-1",5,3
"GGTTGTGTAGCCTGGC-1",3,8
"GGTTTAATTACCATCG-1",2,14
"GGTTTAATTGAGCAGG-1",4,4
"GGTTTACAATCTCAAT-1",7,7
"GGTTTAGCCTTTCTTG-1",6,15
"GGTTTCAATCGGTCAG-1",9,13
"GGTTTGACAAGAAGCT-1",5,5
"GGTTTGAGTGCTGGAA-1",4,16
"GGTTTGCGAACACGTA-1",5,3
"GGTTTGTGACCTGAGG-1",7,7
"GTAACAACTGACCTTG-1",5,3
"GTAACAGGTTAACGGC-1",2,2
"GTAACATCTAAGATAA-1",6,15
"GTAACTACGTAGACCT-1",5,3
"GTAACTGCCCAAGGAG-1",2,14
"GTAACTTGCGGCAGTC-1",4,16
"GTAAGCGGGCAGTCAG-1",7,12
"GTAAGGATTTGTCGGA-1",7,10
"GTAAGTAACAGTCTGG-1",9,13
"GTAAGTAGGGTATACC-1",4,16
"GTAAGTCCACACTCTA-1",9,11
"GTAATAAAGGGCTCCC-1",7,7
"GTAATCTGATTCTTCG-1",3,2
"GTACACTTACCTGAAG-1",7,7
"GTACAGAGGCAAGGGT-1",9,13
"GTACGAGATTGCGACA-1",7,12
"GTACGCTTCATTGCAC-1",4,4
"GTACGTCACGTATTAA-1",8,5
"GTACGTTTGCCCGTCA-1",4,4
"GTACTAAGATTTGGAG-1",7,16
"GTACTACGGCCTCGTT-1",3,8
"GTACTCCCTTATCGCT-1",5,3
"GTACTCCTGGGTATGC-1",7,7
"GTACTGCATGAAGCGT-1",4,16
"GTACTGGAGTTAGACC-1",9,13
"GTACTTGGGCACTTCT-1",4,16
"GTAGAAACGGGTGGAG-1",5,3
"GTAGACACGCCTGACT-1",3,8
"GTAGACGTCGTTACAT-1",4,16
"GTAGAGGGAGACAAGT-1",1,1
"GTAGCCAAACATGGGA-1",5,9
"GTAGCGGCTATACACT-1",7,7
"GTAGCTCCGGGAGGCT-1",2,14
"GTAGCTTCCTCTTGTT-1",9,13
"GTAGGTGATCCGTGTA-1",7,7
"GTAGTCGCGGGAATCA-1",4,4
"GTAGTCTACGATATTG-1",3,8
"GTAGTGAGCAACCTCA-1",9,13
"GTAGTTCGAAGGCGAA-1",1,14
"GTAGTTTAAGCACACG-1",5,3
"GTATAATCTCCCGGAT-1",8,5
"GTATAGGACTCAGTAG-1",7,7
"GTATCAAACGTTAGCT-1",7,7
"GTATCAAGGTACTTCC-1",3,8
"GTATCAGCTTGGGTTC-1",4,16
"GTATCCTTTGGTAACC-1",8,9
"GTATCTCAGTCTTGAC-1",3,8
"GTATCTCGGGCGCTTT-1",5,3
"GTATCTTTCATAACCA-1",8,5
"GTATGAAATTTCACTC-1",3,8
"GTATGTGGGTCTAGTT-1",9,11
"GTATTAAGGCGTCTAA-1",4,16
"GTATTCTGAGAAACGA-1",3,2
"GTATTTAATGGCATAA-1",6,6
"GTCAAAGAAGTGGTGT-1",3,3
"GTCAAAGTTTACATAG-1",4,16
"GTCAACCAGGCCTATA-1",7,7
"GTCAAGCGGACTCGGG-1",7,13
"GTCAATGCTATAATTT-1",8,9
"GTCACTCATGAGCGAT-1",8,5
"GTCACTCTCCAAATCT-1",4,16
"GTCAGAATAGTCTATG-1",8,5
"GTCAGTTGTGCTCGTT-1",7,10
"GTCAGTTTGGTAGTCG-1",3,8
"GTCATCCCAAACTCAC-1",5,3
"GTCATCTCCTACAGCT-1",8,16
"GTCATGCACCTCCGTT-1",7,7
"GTCATGCGCGAGGGCT-1",4,16
"GTCATGGACATGACTA-1",7,16
"GTCATTAGAGCGAACG-1",7,7
"GTCATTGCATTGACCC-1",3,8
"GTCCAATATTTAGCCT-1",2,2
"GTCCACGTCGCATTCG-1",6,6
"GTCCAGGCACGTGTGC-1",2,14
"GTCCATTACTGCTACG-1",9,15
"GTCCCAACGTAAAGTA-1",9,13
"GTCCCAATCATCCCGC-1",3,8
"GTCCCGCGACGTTATG-1",8,5
"GTCCGAGAGCAATCAT-1",3,2
"GTCCGGACCTGAAATT-1",4,4
"GTCCGGCTGAATTGCG-1",4,16
"GTCCGGGTTCACATTA-1",3,8
"GTCCGTTAGAGGGCCT-1",3,8
"GTCCTACAGGCGGCTC-1",8,5
"GTCCTACGAATAGTCT-1",7,7
"GTCCTACTCTACGGGC-1",5,3
"GTCCTAGGATACCTTA-1",8,5
"GTCCTATTGTTGTGGT-1",3,8
"GTCCTTCTACAACCCA-1",5,3
"GTCCTTCTAGTGGGTT-1",7,12
"GTCGAATTTGGGCGCT-1",5,3
"GTCGATAGGTGACTTT-1",6,15
"GTCGCCGTTGTGTGTT-1",2,14
"GTCGCGTAACCCGTTG-1",7,7
"GTCGGAAGGATACCAG-1",8,5
"GTCGGATATCTCAGAC-1",8,5
"GTCGGATGTAGCGCGC-1",7,7
"GTCGGGAACATGGTAG-1",3,8
"GTCGGGAAGCAGAAAC-1",3,8
"GTCGGGTGAAGTACCG-1",7,10
"GTCGTACCATCTCGGG-1",8,5
"GTCGTACCTACGATTG-1",2,14
"GTCGTATTGGCGTACA-1",4,16
"GTCGTCAATTATAAGG-1",4,16
"GTCGTCTGGTTGGCTA-1",4,16
"GTCGTGTCTGGTCATC-1",4,4
"GTCGTTATTCGCTTAT-1",4,4
"GTCTACTCAATTACAA-1",2,14
"GTCTAGTGAGCCGCTT-1",5,3
"GTCTATACACGCATGG-1",2,14
"GTCTATCTGAGTTTCT-1",5,3
"GTCTATTGCATGCTCG-1",7,7
"GTCTATTGGTTCCGGT-1",7,7
"GTCTCAAGGCCCGGCT-1",3,8
"GTCTCCCGAGTCCCGT-1",7,7
"GTCTCCGCCTCAATAC-1",2,2
"GTCTCCTGCCAGTATG-1",5,3
"GTCTCGACTAAGTTTG-1",4,4
"GTCTCGATCTGCTTTC-1",7,7
"GTCTGCCGACTCGACG-1",3,8
"GTCTGGGCGGTCGAGA-1",3,8
"GTCTGTAGGTTGAACA-1",1,1
"GTCTTACCACGCCAAG-1",7,7
"GTCTTAGTACAGCCGG-1",7,16
"GTCTTCCTCACCTAAG-1",2,2
"GTCTTGAGGAGCAGTG-1",7,7
"GTGAAACGGCGCCACC-1",7,7
"GTGAACTCCCATTCGA-1",7,7
"GTGAAGATTTCAAGTG-1",4,16
"GTGAAGCCGTATAGTC-1",4,4
"GTGAAGTCACGACTCG-1",5,3
"GTGACAGCTTCCCACT-1",3,8
"GTGACCGCACACTACG-1",9,11
"GTGACCTAAAGAATAA-1",4,9
"GTGACGAGGGTGACCC-1",7,7
"GTGACGCAGGTTTCAT-1",3,8
"GTGACTTCAGTAGTGC-1",5,3
"GTGAGATAACCTTATA-1",2,14
"GTGAGCGTGCTGCACT-1",5,3
"GTGAGGACACTTAAGG-1",7,7
"GTGAGGAGCGGTTGAG-1",4,16
"GTGAGTCGACTAATAG-1",7,7
"GTGAGTCTAAGACGGA-1",5,3
"GTGAGTGGTACAACGC-1",3,8
"GTGATCAAGCGTGCAC-1",3,8
"GTGATCACTAACGCCT-1",6,15
"GTGATCATAGATCTGC-1",8,5
"GTGATCCTTGTCATGA-1",5,3
"GTGATGCACAACATCT-1",4,16
"GTGATTCGCCGCTCAA-1",3,8
"GTGCAACAAATGTGGC-1",7,12
"GTGCACCAGCTTCAAC-1",2,2
"GTGCACGAAAGTGACT-1",7,7
"GTGCAGCGTAGAGTAG-1",6,15
"GTGCCAAACGTTTCGA-1",5,3
"GTGCCATCACACGGTG-1",3,8
"GTGCCCGTTCGGATTC-1",9,13
"GTGCCGCTTCAAAGGT-1",5,3
"GTGCCTCAGTGTACGG-1",4,16
"GTGCCTGAGACCAAAC-1",5,3
"GTGCGAAATCGAACAC-1",5,3
"GTGCGACAGGGAGTGT-1",6,6
"GTGCGGGTCTCCAAAT-1",7,12
"GTGCGTGTATATGAGC-1",9,13
"GTGCTATCCAGCTGGA-1",3,8
"GTGCTCAAGTACTGTC-1",4,16
"GTGCTGCAGATAAGGA-1",2,14
"GTGCTGTTAGAACATA-1",3,8
"GTGCTTACATCAGCGC-1",6,15
"GTGGAACCTACATGCG-1",7,16
"GTGGACCAACCCGATT-1",2,2
"GTGGACGCATTTGTCC-1",3,8
"GTGGACGTGCTGAGAC-1",4,16
"GTGGAGCATGTCGGCC-1",7,12
"GTGGAGCGTTTACCGA-1",5,3
"GTGGAGTCGGCGGTTG-1",2,2
"GTGGCAAACAGCGGCA-1",3,2
"GTGGCCGGTTTCTCGG-1",8,5
"GTGGCCTAATATCATT-1",2,2
"GTGGCGGTCCCAGCGT-1",3,2
"GTGGCTGTTTCTGTTC-1",8,5
"GTGGGAACAAACCGGG-1",2,14
"GTGGGAAGACTGAATC-1",2,2
"GTGGGCTTAGACACAC-1",4,16
"GTGGGTACTGAGCGTA-1",5,3
"GTGGTATAGTCTGCCG-1",2,14
"GTGGTGATGGTTTGTG-1",6,15
"GTGGTGGCCAAGTGAA-1",7,7
"GTGGTTACTTCTTTCG-1",7,7
"GTGGTTTCCGCCTTTC-1",3,8
"GTGTACCTTGGCTACG-1",9,6
"GTGTACGAACCGTTCC-1",9,11
"GTGTATATCAGCGGGC-1",5,3
"GTGTCAGTGTACGTGG-1",2,14
"GTGTCGTATAGCGTTC-1",8,9
"GTGTGAATAACTTAGG-1",9,13
"GTGTGTCGACGTCGCT-1",5,3
"GTGTTACTATGCGTCC-1",7,7
"GTTAAAGTAGGACTGG-1",4,4
"GTTAACATCACTTAAA-1",5,3
"GTTAACTATGTTGTCA-1",9,15
"GTTAAGGGTGCGATGT-1",3,8
"GTTAAGTTAGAGTGGG-1",7,7
"GTTAATAGCGTCATTA-1",9,11
"GTTAATGTCTATCTTA-1",3,8
"GTTACAATTGGTGACG-1",5,3
"GTTACCAAGGCGTACG-1",9,13
"GTTACCTACAACTTGC-1",8,5
"GTTACTTTGGGCCTAG-1",5,3
"GTTAGCCCATGACATC-1",3,8
"GTTAGCCGTAAATCAA-1",7,7
"GTTAGGCTACCCGTTT-1",5,3
"GTTATAATACGGTGAA-1",6,6
"GTTATATCAGGAGCCA-1",4,16
"GTTATATTATCTCCCT-1",5,3
"GTTATCAAGCTATCGA-1",4,12
"GTTATTAACGTGGGAG-1",8,5
"GTTCAAATCAGATGTC-1",3,8
"GTTCACAGGAGTCTAG-1",5,3
"GTTCAGTCGCCAAATG-1",2,2
"GTTCATCGTTTGGCTG-1",7,7
"GTTCCAGTCTGACCAT-1",7,16
"GTTCCCGTAAACATAT-1",6,15
"GTTCCGTCCGCCTGCA-1",1,14
"GTTCGACAATTGTATA-1",3,8
"GTTCGCCATAAGTGCC-1",4,16
"GTTCGCTGAGACGTCT-1",6,11
"GTTCGGAGCACTCAAC-1",6,11
"GTTCGGATCGGGAACA-1",9,15
"GTTCGGGCGTACCATT-1",7,7
"GTTCGTCTAAAGAACT-1",7,7
"GTTCGTCTGGGTCCCT-1",8,9
"GTTCTTCCCTCGATGT-1",7,16
"GTTCTTGTAACTCAAT-1",2,2
"GTTGAACCGGTTCCAT-1",5,3
"GTTGAGTCCCGCCGGT-1",4,16
"GTTGCACGGAGTTTCG-1",4,16
"GTTGCAGTCGACAACA-1",6,15
"GTTGCCCTAACGGGTG-1",5,3
"GTTGCGCTAACATTAC-1",9,13
"GTTGCGGACGGTCAGG-1",6,15
"GTTGGACCGCATCAGG-1",8,9
"GTTGGATTCAGTGGCT-1",4,16
"GTTGGATTGAGAACAC-1",9,13
"GTTGGATTTGCGTTGG-1",8,5
"GTTGGTCATGCTATCC-1",3,8
"GTTGTAGATTTATGAG-1",2,2
"GTTGTCGTGTTAGTTG-1",7,7
"GTTGTTACATTGCGCT-1",5,3
"GTTGTTGCAAGATGGC-1",6,15
"GTTTACGTTCCATCTG-1",8,5
"GTTTATGGGATTTAGA-1",5,3
"GTTTCAAACGAGTTGT-1",9,13
"GTTTCATATCGTCGCT-1",3,8
"GTTTCCTGGAGGGTGA-1",4,16
"GTTTCTAGAGGCGCGG-1",5,3
"GTTTCTGCAGTCTCCC-1",7,7
"GTTTCTTGTTAGAGCT-1",8,5
"GTTTGACCAAATCCTA-1",7,7
"GTTTGGCCCAAGTTAT-1",7,7
"GTTTGGCCGCTCAGCG-1",4,16
"GTTTGGGCTTGTGAGC-1",5,3
"GTTTGGGTTTCGCCCG-1",8,9
"GTTTGGTAGGGTCAAC-1",3,8
"GTTTGGTGATCGGTGC-1",2,14
"GTTTGTTAGCCAAGTA-1",5,3
"TAAACCCAGGAGGGCA-1",2,14
"TAAACGTCGTCAATGA-1",5,3
"TAAAGACAACCCTTTA-1",7,13
"TAAAGCGGTATTTCCA-1",2,14
"TAAAGCGTTAGGAGAA-1",9,13
"TAAAGCTGCAATAGGG-1",4,16
"TAAAGTGCACGTCTCG-1",2,14
"TAAATCTTTACACCTC-1",8,9
"TAAATGAATCCGTTTC-1",4,16
"TAAATGCCGTCTCATG-1",8,5
"TAAATGGGCTACTGAG-1",6,15
"TAAATTGTGGGTAAAG-1",3,8
"TAAATTTAGTAACACC-1",1,14
"TAACAAAGGGAGAAGC-1",4,16
"TAACAATATTTGTTGC-1",5,3
"TAACAGCGTTTGTGCT-1",2,14
"TAACAGGTTCCCTTAG-1",2,2
"TAACATACAATGTGGG-1",7,7
"TAACATACACGCGATC-1",2,2
"TAACCTACCGTCCGAG-1",9,13
"TAACCTAGGGAGTCCA-1",9,13
"TAACGCTTTGAGAGCG-1",8,5
"TAACTATCGAAGGTCC-1",4,16
"TAACTATTACGCCAAA-1",7,7
"TAACTCATCCGCGCGG-1",5,3
"TAACTCCATGGAGGCT-1",4,16
"TAACTGAAATACGCCT-1",8,5
"TAAGAGGGACAGGGAC-1",3,3
"TAAGCAGGCGACACGC-1",3,8
"TAAGCCCTTACGACCA-1",8,5
"TAAGCGCGAATCAAAT-1",3,8
"TAAGGAACTTGTGGGA-1",4,16
"TAAGGCAACATAAGAT-1",7,12
"TAAGGCATAACATCAA-1",2,2
"TAAGGCCCGTCACCCT-1",3,8
"TAAGGCTGAATCCCTC-1",6,15
"TAAGGGCCTGTCCGAT-1",7,7
"TAAGGGCTGGGAGAGG-1",3,8
"TAAGTAACATCTTGAC-1",3,8
"TAAGTCGCCGAGTATC-1",2,14
"TAAGTGAATAGTCTAC-1",3,8
"TAAGTTGCGACGTAGG-1",7,7
"TAATAAACAAGGAGAT-1",4,4
"TAATACACAGTAGTAT-1",7,12
"TAATACTAGAACAGAC-1",3,8
"TAATAGAACAGAGTTA-1",2,2
"TAATAGCTAAATGATG-1",8,9
"TAATAGGTCACCAGAA-1",3,8
"TAATAGTGACGACCAG-1",9,13
"TAATATTGAAATTCGC-1",7,16
"TAATCAACCAAATGGG-1",6,15
"TAATCGATCCGTACGT-1",7,7
"TAATGAAAGACCCTTG-1",5,3
"TAATGTCGGTTCATGG-1",3,8
"TAATTACGTCAGTAGA-1",7,7
"TAATTAGATGGATATG-1",4,10
"TAATTAGGACATCCGT-1",9,15
"TAATTCCAATGCTTCA-1",6,15
"TAATTGCGCTGATTAC-1",8,5
"TAATTGGAATCGGGAA-1",4,16
"TAATTTCCGTCCAGTA-1",3,8
"TACAACAGCGCATACA-1",7,7
"TACAACGCACAACTCA-1",5,3
"TACAAGGGCTTCTTTA-1",8,9
"TACAAGTCTCGTGCAT-1",5,3
"TACACAGCCGTGGTGC-1",3,8
"TACACCGTCGTTAGTC-1",4,4
"TACACCTCTTCGAATC-1",5,3
"TACAGAAACGGTGGGC-1",8,5
"TACATAGGCATACACC-1",4,16
"TACATCCCTATCCCTG-1",2,2
"TACATCTTGTTTCTTG-1",5,3
"TACATGACCTTATCCG-1",5,3
"TACATGCCGGAATTGT-1",6,15
"TACATTTCTAACGTGC-1",4,16
"TACCAAATAGCCCAGA-1",3,8
"TACCAATAAAGTACCA-1",4,4
"TACCAGAAGTAGGTTC-1",3,3
"TACCAGCTAGGTTTAA-1",7,12
"TACCAGGAATCCCGTC-1",1,14
"TACCATGTATTGATTT-1",6,6
"TACCCTCGGTAACCCT-1",6,6
"TACCGAATAATTGTAA-1",5,3
"TACCGCGGACTTGCAG-1",9,13
"TACCGGCTCACTGCCC-1",8,5
"TACCGGTCGTTTCCAT-1",3,8
"TACCGTAGGTTAACTA-1",2,2
"TACCGTGCCTCGGACC-1",5,3
"TACCTACTCCCAGTAT-1",3,8
"TACCTATCCCTAGAGG-1",3,8
"TACCTCACGCTTGTAC-1",7,16
"TACCTCAGTTGTCTGT-1",2,2
"TACCTCCACACCAATG-1",2,8
"TACCTCTTTACCATCC-1",6,15
"TACCTGCTGCACTGTG-1",5,3
"TACCTTAAGATTTCCC-1",3,10
"TACGAACACGACTTCA-1",4,16
"TACGACGCTTGCTGCG-1",5,3
"TACGACTGCCTCTTAG-1",4,16
"TACGAGAACTTCACGT-1",8,5
"TACGATGTTGATCATC-1",5,3
"TACGCAGTTCTTTCCT-1",8,5
"TACGCCATATTCTAAT-1",4,16
"TACGCCGAGGGTACCC-1",2,14
"TACGCCGCCTCAGAAG-1",9,11
"TACGCCTCCATTCCGA-1",3,8
"TACGCTATAGAAACCT-1",9,13
"TACGCTCCTAGAACTG-1",2,14
"TACGCTCGGTATTGGA-1",6,15
"TACGCTGATAGTTGTA-1",8,5
"TACGCTGCTGTGTTAA-1",3,8
"TACGGAAGCCAAACCA-1",3,8
"TACGGCATGGACGCTA-1",6,6
"TACGGGATGCTAGCAG-1",7,7
"TACGGGTAATAACATA-1",3,8
"TACGTAAAGCGGAGTG-1",7,7
"TACGTACTAGTGCTGA-1",2,14
"TACGTGCAAGGTTCCT-1",4,4
"TACGTGCACTATGCTG-1",4,16
"TACGTGGGCCCAGGGC-1",3,8
"TACGTTTACCGGCAAT-1",5,3
"TACTACGTGCAATGCG-1",3,8
"TACTATGGTTCCTCAG-1",2,14
"TACTCATTGACGCATC-1",6,6
"TACTCCTCTAGTTGAC-1",1,1
"TACTCGGCACGCCGGG-1",3,8
"TACTCGTTTGAATCAA-1",3,8
"TACTCTCCGAACAAAT-1",7,7
"TACTCTTACTTTACTG-1",6,15
"TACTCTTTCGTCTTCA-1",2,14
"TACTGAACAGATTTAG-1",2,14
"TACTGAGGGAAGAAAG-1",8,5
"TACTGCAATCAATTAC-1",7,7
"TACTGCATGATTAAAT-1",2,2
"TACTGGACAGCTCGGC-1",3,3
"TACTGTTTCTCTGGTA-1",6,6
"TACTTAAACATGTACA-1",7,12
"TACTTGTTAGTAGTCC-1",9,13
"TACTTTACTGAGCCGG-1",9,13
"TACTTTCCGCACGCCA-1",2,14
"TAGAAACACAATAGTG-1",5,3
"TAGAAAGGTGGCGCTA-1",9,13
"TAGAAATTCACGTATA-1",2,14
"TAGAACGCCAGTAACG-1",8,10
"TAGAAGAAGGGTTACA-1",6,6
"TAGAATAGCCGATGAA-1",7,7
"TAGAATTAAGGGCAAC-1",7,12
"TAGACGAAACGCCAAT-1",3,8
"TAGACGCCCGTACCGG-1",9,13
"TAGACTACCTAGCGTT-1",6,15
"TAGACTCAGTTGGCCT-1",5,3
"TAGAGATCATGCAACT-1",2,2
"TAGAGCTACGAAGAAC-1",7,12
"TAGAGGGAGTTTATCT-1",3,2
"TAGAGGTTCTACTTGT-1",7,7
"TAGAGTCTAAGCGAAC-1",4,16
"TAGAGTGTTCCGGGTA-1",5,9
"TAGATATGGACTGGAA-1",5,3
"TAGATCCGAAGTCGCA-1",7,12
"TAGATGGTTCCTTACT-1",4,4
"TAGATTCAAAGTGCGG-1",2,14
"TAGATTCCTGGTTATT-1",3,8
"TAGATTCTCTAGCAAA-1",9,11
"TAGCAACCTGTCACAA-1",4,16
"TAGCAGATACTTAGGG-1",5,3
"TAGCAGTATGACTAAA-1",4,16
"TAGCCATGATTGCCTA-1",8,5
"TAGCCATTTCAAAGTC-1",9,13
"TAGCCGGCGGTCAGCG-1",9,15
"TAGCGTCCCTCGATTG-1",6,6
"TAGCGTCCGGTGTGGT-1",8,9
"TAGCGTCGAATATTGA-1",2,14
"TAGCGTTGGGTCTTAC-1",7,7
"TAGCTAAGTCCGGGAG-1",7,7
"TAGCTAGAAGGCATGA-1",3,8
"TAGCTAGTGATGATGG-1",2,2
"TAGCTCACTGTGTTTG-1",6,6
"TAGCTCGCCTGATAAC-1",5,3
"TAGCTGATGTGAAGCG-1",3,2
"TAGGAGGCTCGAGAAC-1",7,7
"TAGGATCTTAACCGCA-1",3,8
"TAGGCATGTTACGCCA-1",7,7
"TAGGCCTATATAGTCT-1",9,13
"TAGGCGATGAGGTCTC-1",5,3
"TAGGCGGCTGCAAAGA-1",8,5
"TAGGCTAAAGTGGCAC-1",4,16
"TAGGGAGCTTGGGATG-1",6,15
"TAGGGTGTTTCAAGAG-1",7,16
"TAGGTCCAAGTAAGGA-1",5,3
"TAGGTCGCCGGAACTG-1",9,13
"TAGGTGACGATAACCT-1",5,3
"TAGGTGAGCCCTACTC-1",8,5
"TAGGTGCTCGCCTAGC-1",9,13
"TAGGTGTTCCACAGAT-1",3,2
"TAGGTTCGAGTTCGTC-1",7,7
"TAGGTTCTGCTGAGAA-1",2,2
"TAGTACCACAACTTTC-1",5,3
"TAGTACCTTAGTGGTC-1",8,5
"TAGTAGCTTATACCAG-1",2,14
"TAGTAGTTGCCGGACA-1",3,8
"TAGTCCCGGAGACCAC-1",2,14
"TAGTCCGCAGAGAATG-1",8,5
"TAGTCCGTATGCATAA-1",8,9
"TAGTCCTGCACTAAGC-1",3,8
"TAGTCGATCACGGGTT-1",6,13
"TAGTCGGGATTCTTCG-1",5,10
"TAGTCTAACAACGAGA-1",5,3
"TAGTCTGCGGCACATT-1",2,10
"TAGTCTGTGACGTTGC-1",7,7
"TAGTCTTTCCGAATTG-1",6,15
"TAGTGACAAGCTCTAC-1",9,11
"TAGTGCCCTCCAGAGT-1",4,16
"TAGTGTCAGAAACGGC-1",8,5
"TAGTTAAGATAGGATA-1",4,16
"TAGTTTATTCTTGCTT-1",7,12
"TAGTTTGATCGGTCGC-1",8,5
"TATAAATCCACAAGCT-1",4,16
"TATAAGTGAGGATAGC-1",4,16
"TATACACAGACGCCTT-1",5,3
"TATACACGCAAAGTAT-1",4,16
"TATACCGAGTGCCACA-1",6,15
"TATACGCGTCATCACT-1",3,8
"TATACTCATGCGGCAA-1",8,5
"TATAGAGTCGCTTGAA-1",2,14
"TATAGATGGTCGCAGT-1",6,15
"TATAGCGCACGTTATC-1",3,3
"TATAGCTATTATCTCT-1",4,16
"TATAGGGTACTCATGA-1",3,8
"TATAGTTAGGTGTACT-1",5,3
"TATATAGGGCTTTACG-1",1,1
"TATATATCGAGAAATG-1",2,2
"TATATCAAAGTGATCT-1",2,14
"TATATCATTGATCAGT-1",3,2
"TATATCCCTGGGAGGA-1",6,15
"TATATGCTGGGTTGCC-1",5,3
"TATATTACAAATGTCG-1",8,16
"TATCAAAGGTCTGTAA-1",3,8
"TATCACCATGTAAAGT-1",8,16
"TATCACCCAACCGACC-1",7,7
"TATCACTTCGAGTAAC-1",4,16
"TATCAGTGGCGTAGTC-1",5,3
"TATCCAATTGGTTATC-1",8,9
"TATCCATATCATGCGA-1",7,7
"TATCCATCTCGGTTAG-1",5,3
"TATCCCTCGATCTGCA-1",3,8
"TATCCGCACCGTCGGG-1",2,2
"TATCCTATCAACTGGT-1",2,2
"TATCCTGCATGGGAAT-1",7,16
"TATCGATCTATGCATA-1",7,7
"TATCGATGATTAAACG-1",7,16
"TATCTACAGAGGTAAT-1",5,3
"TATCTACCACAGCGGG-1",8,16
"TATCTAGCCTAAAGGA-1",3,8
"TATCTGAGCCGATATT-1",8,5
"TATCTTGCAATACAAC-1",5,3
"TATGAAGAATTAAGGT-1",4,16
"TATGAAGACAGGTGCG-1",5,3
"TATGACCTTGCGCTGG-1",5,3
"TATGATCCGGCACGCC-1",4,4
"TATGATCTTCTCTTTA-1",4,4
"TATGCTCCCTACTTAC-1",7,12
"TATGGATGTGCTACGC-1",7,7
"TATGGCCCGGCCTCGC-1",8,5
"TATGGCTAGGCTAATT-1",8,9
"TATGGGACCGAGCAGG-1",4,16
"TATGGGTACGTATCGT-1",4,16
"TATGGTCTGAGTAACA-1",4,16
"TATGGTTAGTGGGAGA-1",9,11
"TATGTAAAGTGCTTAA-1",1,14
"TATGTAGAAACCCGGC-1",8,5
"TATGTCAAGACCGACT-1",7,7
"TATGTCTCATTGTGCC-1",6,13
"TATTAACACCAAAGCA-1",5,3
"TATTAACCTGACCGCG-1",2,14
"TATTACCATCCTGCTT-1",9,11
"TATTATGTTTGCCTGC-1",5,3
"TATTCAATTCTAATCC-1",9,13
"TATTCCACTCAGCTCG-1",5,3
"TATTCCGAGCTGTTAT-1",4,4
"TATTCCTCCGCCCACT-1",2,2
"TATTCGTGCCAGAATA-1",7,7
"TATTGACATTTCTGCC-1",7,7
"TATTGCCGGGCTTGTA-1",9,13
"TATTTAGTCTAGATCG-1",7,7
"TATTTATACCGAGTAG-1",7,16
"TATTTGATTTGCACAG-1",6,6
"TATTTGTTACCCTTTA-1",4,16
"TCAAACAACCGCGTCG-1",7,12
"TCAAACTTAGATTGTT-1",7,7
"TCAAAGAGCTATCTGT-1",5,3
"TCAAAGTCACGGCGTC-1",3,8
"TCAAATTGTTGTGCCG-1",3,8
"TCAAATTTGAGACTCA-1",3,8
"TCAACAAAGATAATTC-1",2,14
"TCAACATAGCGCCCTA-1",2,14
"TCAACATCGACCGAGA-1",2,2
"TCAACCATGTTCGGGC-1",7,7
"TCAACGAGGAGACAAA-1",8,5
"TCAACGCAGGAAATAA-1",2,2
"TCAACGCGACCGGCAG-1",3,8
"TCAACTAACGTATAAC-1",3,8
"TCAACTGCAGAGTCAG-1",6,6
"TCAAGAAATACTAGCT-1",7,7
"TCAAGCGCGGACGGTA-1",6,6
"TCAAGCTGCCTTGAAA-1",8,9
"TCAAGGTTACTACACC-1",6,15
"TCAATACAATTGCTGC-1",2,2
"TCAATACGCCGTCATG-1",2,2
"TCAATATACAGGAGGC-1",9,13
"TCAATCCCGCGCCAAA-1",6,6
"TCAATCCGGGAAGTTT-1",4,4
"TCACAAACCGAGGTAC-1",4,16
"TCACAGCAAACTCGAA-1",3,8
"TCACAGGAGAATAAGA-1",2,2
"TCACAGGGAATCGCAA-1",4,4
"TCACAGGTTATTGGGC-1",4,16
"TCACATCTTATCTGAT-1",5,3
"TCACCCTCTTAAGATT-1",8,5
"TCACCGCTCGGCACTC-1",9,13
"TCACGATGTCCGTGGA-1",2,14
"TCACGATTAATACGTT-1",4,16
"TCACGCATTGTAGATC-1",4,16
"TCACGGCCCAAGAGAG-1",5,3
"TCACGGTCATCGCACA-1",4,16
"TCACGTGCCCGATTCA-1",4,16
"TCACTACGACCAATGC-1",4,16
"TCACTATCCCTTCGGT-1",4,4
"TCACTCGTGCAACGGC-1",4,16
"TCACTCTTCGTCTGTC-1",5,3
"TCAGAACCTCCACAGG-1",7,7
"TCAGAACGGCGGTAAT-1",3,8
"TCAGACGCTATAGAAG-1",4,16
"TCAGAGCATGTCAACG-1",8,5
"TCAGAGGACGCGTTAG-1",3,8
"TCAGAGTGTGAGCATG-1",6,15
"TCAGATGGAGACGTAG-1",5,3
"TCAGCAAATGCATCTC-1",9,13
"TCAGCAGTAGGCCCTG-1",2,14
"TCAGCCAATCCGTAAA-1",7,7
"TCAGCGCACGCCGTTT-1",3,8
"TCAGCTTGAGCTTTCG-1",8,5
"TCAGGGCGACTTCCTT-1",3,8
"TCAGGGCGCAAACTCG-1",5,3
"TCAGGGTGTAACGTAA-1",9,13
"TCAGGTTCTTTGAGAA-1",4,16
"TCAGTACTGACCCGCG-1",4,16
"TCAGTAGGGACTATAA-1",5,3
"TCAGTGTATACGTCAT-1",2,14
"TCATAAGTCCAAGAAG-1",6,15
"TCATACTTACAGATCC-1",8,5
"TCATATGAGCTTTGTT-1",3,2
"TCATCACTCGAGCTCG-1",4,16
"TCATCCATCTGATCAC-1",8,5
"TCATCCCAGAGGGTGG-1",7,12
"TCATCCTCAGCTGCTT-1",5,3
"TCATCGACGACCGTCG-1",3,8
"TCATCGATGGTCCCAA-1",2,2
"TCATGAAGCGCTGCAT-1",8,5
"TCATGCAGGTTCTCAT-1",7,7
"TCATTTAAGTCTCCGA-1",6,6
"TCATTTAGAAGTGTGA-1",6,6
"TCCAACTCAGCTATCT-1",5,3
"TCCAACTTTAAATTCT-1",5,3
"TCCAAGCCTAGACACA-1",3,8
"TCCAATAAAGGCTACC-1",2,2
"TCCAATGCGTCGCCGC-1",8,5
"TCCACAATGGTTTACG-1",8,5
"TCCACATCGTATATTG-1",3,8
"TCCACCAAGACATAGG-1",7,7
"TCCACCTCTAGCCTTT-1",2,2
"TCCACTTTATCTAGGT-1",9,13
"TCCAGAGCACCGGTTC-1",4,4
"TCCAGATGTACGCCAA-1",4,4
"TCCAGCGCTATAAGCG-1",6,6
"TCCAGGCAGGACGATC-1",2,2
"TCCAGGCGAGTACGGT-1",4,7
"TCCAGGGTATATACGA-1",3,8
"TCCATCAATACTAATC-1",5,3
"TCCATTCCCACTAGAG-1",5,3
"TCCCAAACAGACAACG-1",4,4
"TCCCAAACATCCTCTA-1",2,14
"TCCCAAAGACGAAGGA-1",7,13
"TCCCAAAGCCCTAAAT-1",7,7
"TCCCAATATCGACGAC-1",5,9
"TCCCACTCTCTTCCGG-1",7,7
"TCCCAGCACACGACAT-1",6,15
"TCCCAGCTTTAGTCTG-1",4,16
"TCCCAGGCTTAGCTAA-1",4,16
"TCCCGCCTATGTGCGT-1",4,4
"TCCCGCGTACTCCTGG-1",9,13
"TCCCGGGTGTGCTGCT-1",5,3
"TCCCGTCAGTCCCGCA-1",7,12
"TCCCGTCGCGTCATAG-1",4,4
"TCCCGTGTGCAATTTG-1",7,7
"TCCCTAGATCAATAGG-1",4,4
"TCCCTCCGAAATCGTT-1",2,10
"TCCCTCTTCTCAAGGG-1",6,6
"TCCCTGGCGTATTAAC-1",5,3
"TCCCTGGCTCGCTGGA-1",5,3
"TCCCTTAGATTACTCG-1",7,7
"TCCCTTGTCTGAAACT-1",9,13
"TCCGAACGTTGCCGCT-1",6,6
"TCCGAACTTGGCTTAC-1",3,8
"TCCGAAGTAGTCACCA-1",8,5
"TCCGAATGGTCCTGAG-1",7,7
"TCCGACCGCTAATCAA-1",2,14
"TCCGATAATTGCCATA-1",7,7
"TCCGATGACTGAGCTC-1",7,7
"TCCGATGGTGCGACAT-1",7,7
"TCCGATTACATTGCCG-1",5,3
"TCCGCAGCCACCTAGC-1",5,3
"TCCGCCTGTCTACAAG-1",5,3
"TCCGCGGCAGCATCTG-1",9,13
"TCCGCGGCCCAATGAA-1",9,13
"TCCGCTGGGTCGATCG-1",8,5
"TCCGCTGTCATCCCGG-1",4,4
"TCCGCTTATCCCATTA-1",5,3
"TCCGGAGGAAGGGCTG-1",8,5
"TCCGGCCTAGCGTACA-1",7,7
"TCCGGCTGTCGGGTCG-1",6,15
"TCCGGGCCACTAACGG-1",5,9
"TCCGGGCTTGACGGGA-1",8,9
"TCCGGTTCGTCCGGTC-1",3,8
"TCCGTAACCACAATCC-1",8,5
"TCCGTTAAGCTAATAT-1",9,13
"TCCGTTTAGCCTTGAA-1",9,13
"TCCTAAAGATTCAGAC-1",3,8
"TCCTAAATTGGGAAGC-1",5,3
"TCCTAACCGTCGGGCA-1",2,1
"TCCTACATCCACGGCC-1",7,7
"TCCTAGCAAAGAAGCT-1",5,3
"TCCTATCATAGGTAAC-1",6,11
"TCCTCCTAAGACATTC-1",2,14
"TCCTCGGGCTGGGCTT-1",7,7
"TCCTCTACGAGATGGC-1",8,16
"TCCTCTCCAGTTGTCC-1",5,3
"TCCTCTGGCCCATTAG-1",4,16
"TCCTGCAGCCGCCAAT-1",3,8
"TCCTGCCAACTGGAGA-1",4,16
"TCCTGCGTTGATACTC-1",3,8
"TCCTGGCGCTGCCTGG-1",8,5
"TCCTTACGACGGTCCG-1",9,13
"TCCTTCAATCCCTACG-1",3,8
"TCCTTCAGTGGTCGAA-1",7,7
"TCCTTGTCCTTTAATT-1",3,8
"TCCTTTAAATCCGCTT-1",4,4
"TCCTTTCTTACGCTTA-1",7,7
"TCGAAATTTAGGACCA-1",4,16
"TCGAAGAACCGAGCAC-1",6,15
"TCGAATATCCCGCAGG-1",2,14
"TCGAATCGCAGGGTAG-1",2,2
"TCGACAACTGAACCCG-1",5,3
"TCGACATAGCGTAGCG-1",3,8
"TCGAGACCAACACCGT-1",4,16
"TCGAGCCAGGCAGGCC-1",2,14
"TCGAGGGCAACAGACG-1",6,6
"TCGAGTCTACGATTCG-1",8,5
"TCGATGTTACGGCCGT-1",8,16
"TCGATTTACGAAACGA-1",3,8
"TCGCAAAGATGCATTT-1",4,4
"TCGCACCAGGAGGCAG-1",4,4
"TCGCACTAACGTTTGT-1",5,3
"TCGCATAAAGGGCGCA-1",9,13
"TCGCATCCCTAAGTGT-1",4,16
"TCGCCACCCGGATTAC-1",5,3
"TCGCCCACTGCGAGAG-1",2,2
"TCGCCGAAGTTGCGTC-1",3,8
"TCGCCGACATATTCGC-1",5,3
"TCGCCGCACCGCGTGA-1",5,3
"TCGCCGGATGGGCAAG-1",3,8
"TCGCCGGTCGATCCGT-1",7,7
"TCGCCTCCTTCGGCTC-1",5,3
"TCGCGCGTTTACATGA-1",8,5
"TCGCGTCCAGAAGGTC-1",5,5
"TCGCTAAACCGCTATC-1",7,7
"TCGCTACTGGCTTTGA-1",3,8
"TCGCTCGATATATTCC-1",7,12
"TCGCTCGGCACCAGCG-1",4,4
"TCGCTGCCAATGCTGT-1",3,8
"TCGCTGGGCGGATTGT-1",9,13
"TCGCTGTGCGTAAATC-1",4,16
"TCGCTTAATTACGAAG-1",5,3
"TCGCTTTAAACGTTTG-1",7,7
"TCGGAATGCGCTCTGA-1",5,5
"TCGGACGCCCAGCCCA-1",9,13
"TCGGAGAGTATCGGGA-1",2,14
"TCGGAGTACATGAGTA-1",9,13
"TCGGAGTCCTGGTTGC-1",8,5
"TCGGATCTGGATGACC-1",8,5
"TCGGCAGGGTTAAGGG-1",6,6
"TCGGCGAACCCAAACC-1",6,15
"TCGGCGTACTGCACAA-1",3,8
"TCGGCTTGTATCGACG-1",4,4
"TCGGGAACGTGCCTAG-1",7,7
"TCGGGAGACAGCGTAC-1",3,3
"TCGGGATTCAAACATA-1",2,2
"TCGGGCCGTCGTGGTA-1",6,6
"TCGGTCCCGACAATAG-1",3,8
"TCGGTCCCTGACTCCA-1",4,16
"TCGGTGACCGCTCCGG-1",8,5
"TCGTAACTCCCAAGAC-1",9,13
"TCGTAAGACGACATTG-1",9,13
"TCGTAAGCTCCGAGGA-1",8,5
"TCGTACCGACGTCAAG-1",2,2
"TCGTATAGTGCAATTA-1",7,12
"TCGTATTACCCATTGC-1",3,8
"TCGTCAAGTACGCGCA-1",2,2
"TCGTCACACTGTTAGC-1",5,3
"TCGTCCGCTGGCGTCT-1",4,16
"TCGTCCGGGTACACTC-1",5,10
"TCGTCTTAGGCGTTAA-1",4,4
"TCGTGTTCGACCACAA-1",6,15
"TCGTTAGGAGTCCCTA-1",3,8
"TCGTTCGTTATTATGT-1",7,10
"TCGTTGACAGGGTCCC-1",3,2
"TCGTTGCTATCCGGTC-1",2,2
"TCGTTTACGCGACCCT-1",5,3
"TCTAAAGAACAGTCTC-1",5,3
"TCTAACCTAGCCTGCG-1",7,7
"TCTAACTGTATGTAAA-1",5,3
"TCTAATACTGCCTCAG-1",3,2
"TCTACCCAATAGAGAG-1",6,6
"TCTACCCGCATCATTT-1",7,7
"TCTACCGTCCACAAGC-1",7,12
"TCTACGCACGATCTCC-1",3,8
"TCTACGGGCTCAGTTG-1",5,3
"TCTAGCAATCTCCGCC-1",2,2
"TCTAGCATCTTCGATG-1",4,16
"TCTAGCATGCCCAGAA-1",8,5
"TCTAGGTGGCGACGCT-1",7,7
"TCTAGTGATATCGTGG-1",6,15
"TCTAGTTATCAGAAGA-1",4,16
"TCTATAGGTGGGTAAT-1",9,13
"TCTATCATGCAGTTAC-1",4,16
"TCTATCCGATTGCACA-1",3,8
"TCTATCGGTCGCAACA-1",7,12
"TCTATGCTATAACGAC-1",4,16
"TCTATTACGCTGGCGA-1",4,16
"TCTATTACTAGAGGAT-1",2,14
"TCTCAAATCAATCGGG-1",5,3
"TCTCAGGCTACTCGCT-1",9,13
"TCTCATGAGATAGGGT-1",7,7
"TCTCCAACGTAGGTTA-1",7,7
"TCTCCACAAGTTGAAT-1",4,4
"TCTCCCTGGGCAGCGT-1",8,9
"TCTCGAACGAGGTCAC-1",4,16
"TCTCGACGTATCGCCG-1",6,15
"TCTCGAGGAGGTTCGC-1",6,15
"TCTCGGCTCCAGGACT-1",4,16
"TCTCGTGTTACGAGGA-1",3,8
"TCTCTAATAGCTGGTA-1",7,7
"TCTCTCGCCGCACATA-1",6,6
"TCTCTTACCGCGAACC-1",2,14
"TCTGAACCGGTCGGCT-1",4,16
"TCTGAACTCGTACCCG-1",9,13
"TCTGAAGCACGTGGTC-1",8,16
"TCTGAATTCCGTACAA-1",6,15
"TCTGACGGGCTAACCC-1",4,16
"TCTGAGCAATTGACTG-1",6,6
"TCTGATCGGGTGCTAG-1",7,4
"TCTGATGTATTCTGTC-1",4,4
"TCTGATTGGAAATGGA-1",4,4
"TCTGCACCATTAGTAA-1",8,9
"TCTGCAGATTCGAGTC-1",3,8
"TCTGCATACCTTGCTT-1",4,4
"TCTGCCAGAAACTGCA-1",9,13
"TCTGCGAATCGTTCGC-1",5,3
"TCTGCGTCCGGTTTCT-1",4,16
"TCTGCTTAGAACAAGC-1",6,15
"TCTGGAGCGTAAGAGT-1",7,12
"TCTGGCCGTTCAAGTT-1",4,4
"TCTGGCGCAAGCCGGG-1",2,14
"TCTGGGAACCTTTGAA-1",9,11
"TCTGGGTAGCGCTCAT-1",5,3
"TCTGTGCCATCATAGT-1",9,13
"TCTGTTACCCAGCATA-1",2,14
"TCTGTTTAGATTGTTC-1",8,5
"TCTTAACTCGGATGTA-1",5,3
"TCTTACAGAGGTACCG-1",4,16
"TCTTACCGGAACTCGT-1",7,7
"TCTTACGGCATCCGAC-1",8,16
"TCTTACTTATGCCTCT-1",9,15
"TCTTAGAGCTCCAATT-1",9,13
"TCTTAGAGTGAACTCT-1",6,15
"TCTTCCCATGGGCACA-1",9,13
"TCTTCGAATAGACGTT-1",7,7
"TCTTCGATACCAATAA-1",7,7
"TCTTCGCGGTGAGAGG-1",6,6
"TCTTCTATAACCCGCC-1",9,11
"TCTTGATGCGTAGCGA-1",7,7
"TCTTGCTCCCGATACT-1",3,8
"TCTTGGTAACACCAAA-1",7,12
"TCTTGGTCAATGATAC-1",5,3
"TCTTTAAGACTATGAA-1",9,13
"TCTTTAGAGTCTAACA-1",6,15
"TCTTTAGCAGGCGAAC-1",7,7
"TCTTTCATCCGTCCTT-1",8,5
"TCTTTCCTTCGAGATA-1",6,15
"TCTTTCGGCGGGACAC-1",8,10
"TGAAACTTATGCAAGC-1",7,12
"TGAAAGGACCTGACTC-1",9,13
"TGAACAAGCAGGGACT-1",2,14
"TGAACCTGAATGTGAG-1",8,5
"TGAACTGCTATGACTT-1",3,8
"TGAAGAGCGGTCCTAG-1",5,3
"TGAAGTAGCTTACGGA-1",5,3
"TGAATACCGACGCGTA-1",3,8
"TGAATATGCTATAAAC-1",8,5
"TGAATGAGATACAGCA-1",5,3
"TGAATGAGTGTTTCCC-1",2,14
"TGAATGTCAGCCGGCC-1",6,15
"TGAATTTCACTTGCCT-1",3,8
"TGACAACGCATGTCGC-1",7,12
"TGACAACTTAAAGGTG-1",2,2
"TGACACTTCTCTTTGC-1",4,16
"TGACAGAAATCTTGCT-1",8,5
"TGACAGGACAAGTCCA-1",5,3
"TGACATATATGACGAT-1",3,3
"TGACATCGAGCGGACC-1",9,13
"TGACATGTAACGTGAC-1",3,2
"TGACCAAATCTTAAAC-1",3,2
"TGACCCACGTTAGACA-1",4,16
"TGACGAATATTTCCCT-1",2,14
"TGACGATGCACTAGAA-1",6,15
"TGACTATAATCCTTTC-1",4,5
"TGACTCCGAATCATAC-1",5,3
"TGACTCTAACTGGTAA-1",6,6
"TGAGAATGCTTTACCG-1",7,7
"TGAGACGTACCTCTCA-1",1,1
"TGAGAGATTTACCACG-1",9,11
"TGAGATTAGGCCCTAA-1",4,16
"TGAGCCATACAGTCTC-1",3,3
"TGAGCGGAAAGTGTTC-1",5,3
"TGAGCTCAACTGTATA-1",6,15
"TGAGCTTTAATGACGC-1",7,7
"TGAGGAGTGCCAGCTT-1",3,8
"TGAGGCATGTACTGTG-1",5,3
"TGAGGTGTGTGGCGGA-1",2,14
"TGAGTAAATTAGCGTA-1",5,9
"TGAGTGCCTCTTAAAT-1",3,8
"TGAGTGGTCCGTGACG-1",6,13
"TGAGTGTAACAACGGG-1",4,4
"TGAGTTAAAGACATTC-1",6,15
"TGATACATTTAGCCGT-1",2,14
"TGATAGCGGGATTCTA-1",3,8
"TGATCACCACACTGAC-1",2,14
"TGATCAGGGAACTGCT-1",2,2
"TGATCCCAGCATTAGT-1",7,7
"TGATCGGTTTGACCCT-1",7,16
"TGATCTACGCTGATCT-1",4,16
"TGATCTATCACACTCT-1",5,3
"TGATCTCCGGCGCCAG-1",4,16
"TGATGGCTGTTTCTGA-1",4,4
"TGATGGGACTAAGTCA-1",8,10
"TGATGTCAATTAAGTG-1",7,12
"TGATTATGGCACGCAG-1",8,5
"TGATTCAGGTCCCGCG-1",5,3
"TGATTCCCGGTTACCT-1",2,14
"TGATTCGTCTATCACT-1",8,16
"TGATTCTGTCGCCGGT-1",3,8
"TGATTTATTAGCTGTG-1",5,3
"TGATTTCCTCCTGACG-1",4,16
"TGCAAACGTACTAGTT-1",2,14
"TGCAAAGTTCGTCTGT-1",2,2
"TGCAACCCATCTGCGG-1",8,16
"TGCAACTACTGGTTGA-1",5,3
"TGCAAGAATGACGTAA-1",7,7
"TGCAATCTAACACGGT-1",8,5
"TGCAATTTGGGCACGG-1",8,5
"TGCACAGTGAAGTTAT-1",4,16
"TGCACTATGTGAGTGC-1",8,9
"TGCAGAACTATATCGT-1",2,2
"TGCAGAGTACCGAGCA-1",8,5
"TGCAGATCGTCCTAGG-1",2,14
"TGCAGCTACGTACTTC-1",2,14
"TGCAGGATCGGCAAAG-1",7,12
"TGCAGTGAGGCTCGGG-1",5,3
"TGCAGTGGTAGGGAAC-1",5,3
"TGCAGTTTCCTCCCAT-1",9,11
"TGCATATGTCTGTCAC-1",6,15
"TGCATGGATCGGATCT-1",7,12
"TGCATGTGACCCATAG-1",2,14
"TGCATGTGGTAATCTA-1",9,13
"TGCCAAAGTCAGACTT-1",2,14
"TGCCAATGGGTACTCT-1",3,2
"TGCCACACTAGAGGAA-1",5,3
"TGCCACCTGGCGAAAC-1",7,7
"TGCCAGTACGTGGAGA-1",5,3
"TGCCATTACTAAAGAA-1",7,7
"TGCCCGATAGTTAGAA-1",3,8
"TGCCCGTACCGTTAAA-1",4,4
"TGCCGAAAGCGTATTC-1",4,7
"TGCCGGATGTACGAGC-1",1,1
"TGCCGTGGATCGTCCT-1",3,8
"TGCCGTGGGACCCAAT-1",3,2
"TGCCGTTCTTAATCGG-1",8,5
"TGCCTAAATTTAATAG-1",7,12
"TGCCTAATTGAAGATT-1",6,11
"TGCCTGACATCGGTCA-1",8,5
"TGCCTGATCAAACGAT-1",7,7
"TGCCTTGGCCAGGCAA-1",4,4
"TGCGAATATGGGATTT-1",3,2
"TGCGACACCCTAGTGC-1",5,3
"TGCGACGGCCGAACGT-1",1,1
"TGCGAGAAACGTTACG-1",8,10
"TGCGAGAATATTACCC-1",2,2
"TGCGAGATGGCGGCCA-1",5,10
"TGCGAGCCCTTCCGCG-1",4,16
"TGCGATGCTAATGGCT-1",5,3
"TGCGCAAAGCATTTGG-1",7,13
"TGCGCCGTTAATAACG-1",7,12
"TGCGCGATTAACGGAG-1",4,16
"TGCGGACTTGACTCCG-1",3,8
"TGCGGAGTAAAGGTGC-1",7,12
"TGCGGCATAGTTCAAC-1",7,12
"TGCGGTGAAATTTCAT-1",7,12
"TGCGTAAGAACCTGAT-1",5,3
"TGCGTACGGCTAATTG-1",4,16
"TGCGTCATGACTGAGC-1",3,8
"TGCGTTTGTTGACACT-1",7,7
"TGCTAAGTGTCTATTT-1",7,7
"TGCTATGGCAAAGGGA-1",3,8
"TGCTCAAAGGATGCAC-1",5,3
"TGCTCCACAGTTCTTA-1",6,15
"TGCTCGGCGAAACCCA-1",3,8
"TGCTCGGTGGGTCACC-1",3,8
"TGCTCTGCCGGTTCAC-1",8,9
"TGCTCTTGAGAGTTTG-1",3,8
"TGCTGCGTCAGAGTTA-1",5,10
"TGCTGGTTGGACAATT-1",4,16
"TGCTGTTGAAGAACTC-1",7,7
"TGCTTAGAGAGAATGC-1",3,8
"TGCTTCCCAAGCAGTA-1",3,8
"TGGAACCACTGACACA-1",7,7
"TGGAAGAAGGGAACGT-1",5,3
"TGGAAGACGAACACCA-1",7,7
"TGGAAGGATAAAGATG-1",7,12
"TGGAATATCCTTGACC-1",4,4
"TGGAATTAGACGCTTT-1",5,3
"TGGACACCGTTGCTTG-1",5,3
"TGGACCAATCTAAGAT-1",5,3
"TGGACGCAATCCAGCC-1",3,8
"TGGACTGTTCGCTCAA-1",7,7
"TGGAGAATAATCGTCC-1",2,14
"TGGAGGGAAACACCTC-1",8,9
"TGGAGTGATGCGATGA-1",4,16
"TGGATGGCATCTTGGA-1",2,14
"TGGCAAACTAAATTAC-1",4,16
"TGGCAACTCGCGCGCC-1",7,7
"TGGCAAGCACAAGTCG-1",2,2
"TGGCAATGGGACGGCG-1",6,6
"TGGCAGATTACGATCA-1",8,5
"TGGCAGCAGTAATAGT-1",4,4
"TGGCATGAAGTTTGGG-1",5,3
"TGGCCAAACTGAAGTA-1",9,13
"TGGCCAATTTGGTACT-1",3,8
"TGGCCGTATATTGACC-1",4,16
"TGGCGACTGCTCCAAA-1",2,2
"TGGCGATCAAGTTATG-1",3,8
"TGGCTACACTCTACCT-1",4,4
"TGGCTATGTGACATAC-1",5,3
"TGGCTCTTGTCGCGTA-1",1,1
"TGGCTTATGTATAATG-1",8,5
"TGGCTTGTACAAGCTT-1",8,5
"TGGCTTTGGGTAGACA-1",7,7
"TGGGAAATGCCTTTCC-1",4,16
"TGGGATGCACTCATTC-1",4,16
"TGGGCAATAGTTGGGT-1",6,11
"TGGGCACGTTCTATGG-1",7,7
"TGGGCAGGCCACCGCA-1",6,6
"TGGGCCACAAGAGCGC-1",7,7
"TGGGCCCATACTAATT-1",7,7
"TGGGCGATACAATAAG-1",3,2
"TGGGTAAGGTTCCCGC-1",4,16
"TGGGTGCACAAGCCAT-1",3,8
"TGGGTGGGATGTCATT-1",5,10
"TGGGTGTAATAGATTT-1",4,16
"TGGGTGTTAAGTAGAA-1",3,8
"TGGGTTCCCGGACGGA-1",5,3
"TGGGTTTCGGGCGTAC-1",3,8
"TGGTAAGCAGGATTGA-1",1,1
"TGGTAGAATATATGGG-1",6,6
"TGGTCCCACGCTACGG-1",8,5
"TGGTCGATATACCTCT-1",1,1
"TGGTCGGGTACAGGGC-1",5,5
"TGGTCGTGCAAGGCAA-1",3,8
"TGGTCTAGCTTACATG-1",5,3
"TGGTCTGTTGGGCGTA-1",3,8
"TGGTGATCGTATTTGT-1",5,3
"TGGTGCCCTGCCTTAC-1",2,2
"TGGTTAACTTACATTT-1",8,5
"TGGTTAAGGGCGCTGG-1",4,4
"TGGTTATGCTTGCGGT-1",3,8
"TGGTTCAACGGGTAAT-1",4,16
"TGGTTCGTAGCAAAGG-1",7,7
"TGGTTGGAGGATCCTG-1",4,16
"TGGTTTAAACGTGGGT-1",4,4
"TGTAAGACTGATAAGA-1",8,5
"TGTAATGACCACAATA-1",3,2
"TGTACCCGACCCTAAT-1",8,5
"TGTACCTACACGAGGG-1",4,4
"TGTACGAACAAATCCG-1",4,16
"TGTACTACTCTCACGG-1",8,9
"TGTACTATCGCTCGTT-1",5,3
"TGTACTTCCGGGCATG-1",7,13
"TGTAGCCAATTCCGTT-1",3,8
"TGTAGCCATCCCATTC-1",6,15
"TGTAGGAGAAATTTCC-1",9,15
"TGTAGTGATCTATAAT-1",5,3
"TGTATAACAGATCCTG-1",9,13
"TGTATACGGATGATGA-1",8,9
"TGTATGGCGCAGACAG-1",6,15
"TGTATTTACCTAATGC-1",8,9
"TGTCATTTGTTGGGAA-1",4,4
"TGTCCACGGCTCAACT-1",4,4
"TGTCCCGACATAGCAC-1",7,12
"TGTCCGCAAACAATTC-1",2,14
"TGTCCGTGGCGCCTTT-1",3,8
"TGTCCTAAGTCACCGC-1",5,3
"TGTCGTGGGTATAGGC-1",3,8
"TGTCGTTATCACATAT-1",5,3
"TGTCTACAGTTTCTGT-1",7,12
"TGTGACTACGCCAGTC-1",7,7
"TGTGACTAGAGTTTGC-1",7,12
"TGTGAGACTAGCCCAA-1",3,8
"TGTGCCAGAGGCAAAG-1",5,3
"TGTGCCGGTGCCGGAA-1",7,13
"TGTGCTTTACGTAAGA-1",3,8
"TGTGGACTATCTACGT-1",6,15
"TGTGGCAAAGCGTATG-1",9,13
"TGTGGCGGGCTTCTGG-1",2,2
"TGTGGCTCCCACCAAC-1",6,15
"TGTGGTAGGGTGCCTT-1",6,15
"TGTGGTTGCTAAAGCT-1",2,14
"TGTGTCGAAGTCGAGG-1",3,3
"TGTGTCGCGAGTTGCA-1",4,16
"TGTGTGACCATGAATC-1",5,3
"TGTGTTCGTATCCAAG-1",5,3
"TGTTAACAAAGTGACT-1",6,6
"TGTTATTGTATGTGGC-1",7,13
"TGTTCATAAATGTGCT-1",3,8
"TGTTCCGCTTCCATGA-1",8,5
"TGTTCCGGCCTGAGCT-1",3,8
"TGTTCGTATTGCGGTG-1",5,3
"TGTTCTCATACTATAG-1",6,11
"TGTTCTCTACTCCCTA-1",5,3
"TGTTCTTCCATTGACT-1",8,5
"TGTTGCCGTCGTCCCA-1",6,15
"TGTTGTCAAGAAGTCT-1",9,13
"TGTTTAATACTTCATC-1",7,12
"TGTTTCGGTACTTCTC-1",7,7
"TGTTTCTGAAGCGTGC-1",8,5
"TGTTTGAGATCGTCAG-1",6,15
"TTAAACCTGGTTCCTT-1",5,3
"TTAAACTCGAATTCAT-1",9,13
"TTAAAGGCGATGCTCG-1",2,14
"TTAAAGTAAGTCGCCA-1",7,12
"TTAACACCTCGAACAT-1",8,5
"TTAACCAACCCTCCCT-1",7,7
"TTAACGAACAAGCAGT-1",4,4
"TTAACGTTAAAGCCTG-1",2,14
"TTAACTCACGCGTGGA-1",5,3
"TTAACTTCAGGTAGGA-1",2,14
"TTAAGATACCCAGAGA-1",3,8
"TTAAGATAGGATTGAC-1",6,15
"TTAAGCCGACAACTTC-1",7,16
"TTAAGCGCCTGACCCA-1",4,16
"TTAAGGCCCGTACTTT-1",3,8
"TTAAGTATTGTTATCC-1",5,3
"TTAATCAGTACGTCAG-1",7,7
"TTAATGTAGACCAGGT-1",7,12
"TTAATGTGTTTGCAGG-1",5,3
"TTAATTGCTTTGGGTG-1",5,3
"TTAATTTCAGACGCGG-1",7,7
"TTACAACTACGCATCC-1",7,7
"TTACACGATCTGCGAC-1",6,15
"TTACAGACCTAAATGA-1",7,7
"TTACATCGTGGCCTGG-1",4,16
"TTACATGCCACAACTA-1",6,6
"TTACCATTGATTACCC-1",5,3
"TTACCCATTGCCGGGT-1",7,16
"TTACCCTAACAGTCCT-1",8,5
"TTACCCTAGGGATTGG-1",2,2
"TTACGGATGGTTCGAG-1",9,13
"TTACGTATCTATGACA-1",6,6
"TTACTAAAGGACTTTA-1",4,4
"TTACTATCGGCTTCTC-1",3,8
"TTACTCCGGCCGGGAA-1",9,13
"TTACTCTGGTACGTAC-1",3,8
"TTACTGGGATATTTCA-1",8,5
"TTACTGTCTAGAGCTC-1",8,5
"TTAGAAGAACATGACT-1",5,3
"TTAGAATAAGGGTCGG-1",2,14
"TTAGACACGATCGTTG-1",4,16
"TTAGACGAGTCACCTC-1",4,4
"TTAGAGGGATATACAG-1",5,3
"TTAGAGTATTGTCGAG-1",5,3
"TTAGAGTTTAGAAGGA-1",7,7
"TTAGATAGGTCGATAC-1",8,16
"TTAGCAACATGGATGT-1",4,16
"TTAGCATCCCTCACGT-1",8,5
"TTAGCCATAGGGCTCG-1",3,8
"TTAGCGAATAGATAGG-1",5,3
"TTAGCTAATACGATCT-1",7,7
"TTAGCTCTGTAATCCG-1",3,8
"TTAGCTGATTTGCCGT-1",9,11
"TTAGGTCATAACCGAC-1",2,14
"TTAGGTGTGACTGGTC-1",8,10
"TTAGTAAACCTGCTCT-1",4,16
"TTAGTAGGGCGGCGGG-1",5,3
"TTAGTTATTCGTGGCA-1",9,13
"TTAGTTCAAGTGTTCG-1",4,4
"TTATAGGTAATTGTCT-1",5,3
"TTATATACGCTGTCAC-1",7,7
"TTATATTTGGCAATCC-1",7,12
"TTATCATACTCGCAAA-1",2,10
"TTATCCAATCGAACTC-1",4,16
"TTATCCGGGATCTATA-1",4,4
"TTATCCTCAAGGAATA-1",3,8
"TTATCGCCTGCGAAGC-1",5,3
"TTATCTGACATTAGGA-1",3,8
"TTATCTGTATCATAAC-1",7,12
"TTATGAATGAAAGGGA-1",4,16
"TTATGACAAACTGGAT-1",4,16
"TTATGATCTTAACGAA-1",9,13
"TTATGTTTGCGATAGA-1",5,3
"TTATTAGAGCGTGTTC-1",4,4
"TTATTAGGGAAGCATC-1",7,16
"TTATTATCTGGAAGGC-1",6,6
"TTATTTAGGTTCCTTA-1",6,6
"TTCAAAGTCTCTAGCC-1",9,13
"TTCAACGACCCGACCG-1",7,7
"TTCAAGCCGAGCTGAG-1",7,7
"TTCAATACTCTGAATC-1",9,13
"TTCACGAAAGGATCAC-1",4,16
"TTCACGGTCGTCACGT-1",3,8
"TTCACTCGAGCACCTA-1",5,3
"TTCACTTCCTAGAACG-1",2,14
"TTCAGCCCTGGTCCAC-1",7,7
"TTCAGCTGGCGTGCCC-1",7,7
"TTCAGGCGTCAAAGCC-1",2,2
"TTCAGTTCAAGAGGAG-1",1,1
"TTCAGTTTGTGGCAGC-1",3,8
"TTCATAGGGTGTCCAT-1",5,3
"TTCATGGCGCAACAGG-1",7,7
"TTCCAATCAGAGCTAG-1",7,7
"TTCCAATCTGGCTATC-1",3,8
"TTCCACACAGATTTGA-1",3,8
"TTCCAGACGAGATTTA-1",9,13
"TTCCAGTGGGTTTCGT-1",2,14
"TTCCATCATGCGGTGA-1",4,16
"TTCCATCGACAGCGTG-1",9,13
"TTCCCGGCGCCAATAG-1",3,8
"TTCCGCAGAGAAATAT-1",7,16
"TTCCGCGTGAGGCGAT-1",8,5
"TTCCGGCCTTGAGGCT-1",2,2
"TTCCGGCTCGACTTCT-1",8,5
"TTCCGGTATCTGTGTC-1",9,13
"TTCCGGTTACCCACTT-1",7,7
"TTCCTCGAGGGTGTCT-1",7,16
"TTCCTCGGACTAACCA-1",4,4
"TTCCTCTGCCCGAATA-1",3,8
"TTCGAACGAAACATGC-1",2,14
"TTCGACAGAGCCCGTG-1",5,3
"TTCGACGGGAAGGGCG-1",4,16
"TTCGAGCCGGCGCTAC-1",5,10
"TTCGCACTCGCGTGCT-1",4,16
"TTCGCACTGTACGACA-1",2,2
"TTCGCCGCTCGCGCTA-1",5,3
"TTCGCGCGCCATACGA-1",2,2
"TTCGCTAGGAAGTTGT-1",9,11
"TTCGCTATCTGACGTG-1",4,16
"TTCGGACTGGGCATGG-1",8,5
"TTCGGCAACCCGCTGA-1",4,16
"TTCGGCTAGAGATGGT-1",4,16
"TTCGGGACTAATCGCG-1",7,7
"TTCGGGCGCTAGTCTT-1",2,14
"TTCGGGTTGCCACGGG-1",6,6
"TTCGGTACTGTAGAGG-1",3,2
"TTCGGTGGAGACGCCC-1",6,15
"TTCGTAATCCCAGCGG-1",4,16
"TTCGTACTCCAGAACG-1",8,5
"TTCGTTCAACGAAGTT-1",4,4
"TTCTAACCGAAGCTTA-1",6,15
"TTCTACCTCAATCGGT-1",5,3
"TTCTACTTGCGAGGGC-1",4,16
"TTCTAGAAAGTCTTAT-1",2,14
"TTCTAGGCCAATTGTG-1",4,16
"TTCTATGCCTTTCGCA-1",4,16
"TTCTATTAAACGCAGC-1",2,2
"TTCTCAATTGCTACAA-1",5,3
"TTCTCTTACAGGTGAT-1",8,5
"TTCTGACCGGGCTCAA-1",4,4
"TTCTGCCGCGCCTAGA-1",8,5
"TTCTGCGAGCGCCCTT-1",3,8
"TTCTGCGGGTTAGCGG-1",9,13
"TTCTGCTAGACTCCAA-1",7,7
"TTCTGTTTCCTGTCGC-1",5,5
"TTCTTAGTGAACGGTG-1",4,16
"TTCTTAGTGGCTCAGA-1",7,7
"TTCTTGAGCCGCGCTA-1",3,8
"TTCTTGCTAGCATCTC-1",9,15
"TTCTTGGACGATCTGC-1",2,14
"TTCTTGGAGTAATGAG-1",7,7
"TTCTTGTAACCTAATG-1",4,16
"TTCTTGTGTCCATCAG-1",3,8
"TTCTTTGGTCGCGACG-1",7,7
"TTGAAACCCTCATTCC-1",9,13
"TTGAAAGGTGTAAAGG-1",4,16
"TTGAACGAATCCTTTG-1",8,5
"TTGAACGACGTGCTGA-1",8,16
"TTGAAGAATTCCCAGG-1",4,16
"TTGAAGGATGGGCGCC-1",5,3
"TTGAATATGGACTTTC-1",9,13
"TTGAATCGTTGTATAA-1",3,8
"TTGAATTCACGTGAGG-1",9,11
"TTGACAGGAGCTCCCG-1",6,15
"TTGACATGAACGTGGA-1",3,8
"TTGACCAGGAACAACT-1",5,3
"TTGACCATGTTCTCCG-1",9,13
"TTGACCGTGTTAATGA-1",2,2
"TTGACTACCATATGGT-1",3,3
"TTGACTATTGTCCGGC-1",9,11
"TTGAGAAGTTTAGCAT-1",4,4
"TTGAGAGTACTGCTAA-1",3,8
"TTGAGCAGCCCACGGT-1",6,15
"TTGAGCGCCACGTGAT-1",7,7
"TTGAGTCCCGCTGCTG-1",7,7
"TTGATAGTCAATACAT-1",4,4
"TTGATCTAACTTTGTC-1",4,16
"TTGATGCCGCTCGTCG-1",2,2
"TTGATGTGTAGTCCCG-1",7,7
"TTGATTAGCTGTTTCT-1",2,10
"TTGATTATGCAGATGA-1",8,16
"TTGCAAGAAGACTCCT-1",3,8
"TTGCACAATTCAGAAA-1",8,5
"TTGCACGGAGCAGCAC-1",7,12
"TTGCATGCTGATCACG-1",3,3
"TTGCCAAGCAGAACCC-1",6,15
"TTGCCATAGCCCGCTC-1",2,10
"TTGCCCTGATCACGGG-1",5,3
"TTGCCGCAGACCTACA-1",5,3
"TTGCCGCTTTCTAGTA-1",5,3
"TTGCCGGTGATCCCTC-1",4,16
"TTGCCTAATCCAAAGT-1",5,3
"TTGCCTTCTCGCCGGG-1",7,12
"TTGCGCACAACCACGT-1",4,4
"TTGCGCTCTCTCGCTT-1",5,3
"TTGCGCTTGATCAATA-1",4,16
"TTGCGGAAAGCTGCCC-1",2,14
"TTGCGGCATCAGAAAG-1",2,2
"TTGCGTAGTTTGAGGA-1",5,3
"TTGCGTCGGCCAACCG-1",2,2
"TTGCGTGAACGCTTAG-1",4,16
"TTGCGTGTGTAGGCAT-1",3,8
"TTGCTCATAGTACGTG-1",7,12
"TTGCTCCCATACCGGA-1",7,12
"TTGCTGAAGGAACCAC-1",7,7
"TTGCTGATCATGTTCG-1",4,16
"TTGCTGCACCTATCCA-1",8,5
"TTGGAAGAATACAGTC-1",2,14
"TTGGACATGTGGCTTA-1",3,8
"TTGGACCATCTGGCAA-1",6,6
"TTGGACCTATAACAGT-1",8,5
"TTGGATATCGTCTACG-1",5,3
"TTGGATCGACTTCTGG-1",7,12
"TTGGATTGGGTACCAC-1",7,16
"TTGGCCAAATTGTATC-1",3,8
"TTGGCCATCTTGCGCT-1",8,5
"TTGGCCTAGAATTTCG-1",7,7
"TTGGCGATCCGAATAT-1",7,7
"TTGGCTCAATATGTGT-1",6,6
"TTGGCTCGCATGAGAC-1",4,16
"TTGGGAAGACGAGCCG-1",3,2
"TTGGGACACTGCCCGC-1",6,13
"TTGGGACGTAAGAGTT-1",6,6
"TTGGGCGGCGGTTGCC-1",6,6
"TTGGGTTTATTCAGCG-1",5,3
"TTGGTATGGCTTGTGT-1",4,4
"TTGGTCACACTCGTAA-1",3,8
"TTGGTTCGCTCAAAGG-1",7,12
"TTGGTTGCGGTGCGCG-1",3,8
"TTGTAAGGACCTAAGT-1",3,8
"TTGTAAGGCCAGTTGG-1",9,13
"TTGTAATCCGTACTCG-1",4,16
"TTGTACACCTCGAACA-1",5,3
"TTGTATCACACAGAAT-1",7,12
"TTGTCACCGCGGTATC-1",5,3
"TTGTCGTTCAGTTACC-1",7,12
"TTGTCTCGGCAAGATG-1",1,1
"TTGTGAACCTAATCCG-1",4,4
"TTGTGAGGCATGACGC-1",2,2
"TTGTGATCTGTTCAGT-1",7,7
"TTGTGCAGCCACGTCA-1",5,3
"TTGTGCGGAAGCGGAT-1",8,5
"TTGTGGAGACAGCCGG-1",8,5
"TTGTGGCCCTGACAGT-1",7,7
"TTGTGGTAGGAGGGAT-1",1,1
"TTGTGGTATAGGTATG-1",8,9
"TTGTGGTGGTACTAAG-1",4,16
"TTGTGTATGCCACCAA-1",3,8
"TTGTGTTTCCCGAAAG-1",5,3
"TTGTTAGCAAATTCGA-1",4,16
"TTGTTCAGTGTGCTAC-1",7,12
"TTGTTCTAGATACGCT-1",5,3
"TTGTTGGCAATGACTG-1",3,8
"TTGTTGTGTGTCAAGA-1",9,13
"TTGTTTCACATCCAGG-1",2,14
"TTGTTTCATTAGTCTA-1",2,2
"TTGTTTCCATACAACT-1",2,2
"TTGTTTGTATTACACG-1",1,1
