"barcode","BayesSpace_harmony_09","BayesSpace_harmony_16"
"AAACAAGTATCTCCCA-1",4,4
"AAACAATCTACTAGCA-1",7,9
"AAACACCAATAACTGC-1",8,5
"AAACAGAGCGACTCCT-1",3,8
"AAACAGCTTTCAGAAG-1",5,2
"AAACAGGGTCTATATT-1",5,3
"AAACAGTGTTCCTGGG-1",7,7
"AAACATGGTGAGAGGA-1",5,3
"AAACATTTCCCGGATT-1",7,7
"AAACCACTACACAGAT-1",5,3
"AAACCCGAACGAAATC-1",8,5
"AAACCGGGTAGGTACC-1",5,3
"AAACCGTTCGTCCAGG-1",4,16
"AAACCTAAGCAGCCGG-1",7,7
"AAACCTCATGAAGTTG-1",3,8
"AAACGAAGAACATACC-1",7,13
"AAACGAAGATGGAGTA-1",5,3
"AAACGACAGTCTTGCC-1",5,3
"AAACGAGACGGTTGAT-1",5,3
"AAACGCCCGAGATCGG-1",5,9
"AAACGGGCGTACGGGT-1",7,7
"AAACGGGTTGGTATCC-1",5,8
"AAACGGTTGCGAACTG-1",7,7
"AAACGTGTTCGCCCTA-1",3,8
"AAACTAACGTGGCGAC-1",5,3
"AAACTCGGTTCGCAAT-1",7,13
"AAACTCGTGATATAAG-1",2,14
"AAACTGCTGGCTCCAA-1",4,4
"AAACTTAATTGCACGC-1",8,9
"AAACTTGCAAACGTAT-1",5,3
"AAAGAATGACCTTAGA-1",5,3
"AAAGACATGAAGTTTA-1",8,9
"AAAGCTTGCCTACATA-1",2,2
"AAAGGCCCTATAATAC-1",4,4
"AAAGGCTACGGACCAT-1",7,7
"AAAGGCTCTCGCGCCG-1",4,16
"AAAGGGCAGCTTGAAT-1",1,14
"AAAGGTAAGCTGTACC-1",3,8
"AAAGGTCAACGACATG-1",8,9
"AAAGTAGCATTGCTCA-1",8,5
"AAAGTCACTGATGTAA-1",7,7
"AAAGTCGACCCTCAGT-1",2,2
"AAAGTGTGATTTATCT-1",8,9
"AAAGTTGACTCCCGTA-1",8,9
"AAATAACCATACGGGA-1",3,8
"AAATAAGGTAGTGCCC-1",3,8
"AAATACCTATAAGCAT-1",4,4
"AAATAGCTTAGACTTT-1",3,8
"AAATAGGGTGCTATTG-1",6,15
"AAATCCGATACACGCC-1",7,7
"AAATCGCGGAAGGAGT-1",5,3
"AAATCGTGTACCACAA-1",8,5
"AAATCTAGCCCTGCTA-1",4,4
"AAATCTGCCCGCGTCC-1",8,9
"AAATGACTGATCAAAC-1",7,7
"AAATGATTCGATCAGC-1",1,1
"AAATGCTCGTTACGTT-1",7,2
"AAATGGCATGTCTTGT-1",3,8
"AAATGGCCCGTGCCCT-1",5,3
"AAATGGTCAATGTGCC-1",3,8
"AAATGTGGGTGCTCCT-1",7,9
"AAATTAACGGGTAGCT-1",5,8
"AAATTACACGACTCTG-1",3,8
"AAATTACCTATCGATG-1",2,14
"AAATTCCAGGTCCAAA-1",3,8
"AAATTGATAGTCCTTT-1",4,16
"AAATTGCGGCGGTTCT-1",3,8
"AAATTGGTGAGAAGCA-1",3,8
"AAATTTACCGAAATCC-1",5,3
"AAATTTGCGGGTGTGG-1",8,5
"AACAACTGGTAGTTGC-1",2,2
"AACAATACATTGTCGA-1",7,7
"AACAATTACTCTACGC-1",2,14
"AACACACGCTCGCCGC-1",4,4
"AACACGACTGTACTGA-1",5,9
"AACACGAGACGCGGCC-1",5,3
"AACACGCGGCCGCGAA-1",6,15
"AACAGCTGTGTGGCAA-1",4,4
"AACAGGAAATCGAATA-1",3,8
"AACAGGATGGGCCGCG-1",2,14
"AACAGGTAGTATGGAT-1",8,5
"AACATATCAACTGGTG-1",2,2
"AACATCGATACGTCTA-1",3,8
"AACATTGAAGTTGATC-1",4,4
"AACATTGTGACTCGAG-1",7,13
"AACCAAGACTTCTCTG-1",3,8
"AACCAGTATCACTCTT-1",5,3
"AACCATAGGGTTGAAC-1",8,9
"AACCATGGGATCGCTA-1",3,8
"AACCCAGAGACGGAGA-1",3,8
"AACCCATCCCATGATC-1",5,3
"AACCCGACAACCCGTG-1",7,7
"AACCCGAGCAGAATCG-1",4,4
"AACCCGCTGTATTCCA-1",7,7
"AACCCTACTGTCAATA-1",5,3
"AACCCTGGTGGAACCA-1",7,9
"AACCGAGCTTGGTCAT-1",1,1
"AACCGCTAAGGGATGC-1",4,4
"AACCGTTGTGTTTGCT-1",3,8
"AACCTAAAGCCGTCCG-1",8,9
"AACCTCGCTTTAGCCC-1",7,7
"AACCTGTCACGGAATT-1",5,3
"AACCTTTAAATACGGT-1",7,7
"AACCTTTACGACGTCT-1",3,8
"AACGAAAGTCGTCCCA-1",5,3
"AACGATAATGCCGTAG-1",9,15
"AACGATATGTCAACTG-1",2,14
"AACGCATGATCTGGGT-1",2,14
"AACGCGAACGGCAACA-1",3,8
"AACGCGACCTTGGGCG-1",7,7
"AACGCTGTTGCTGAAA-1",4,4
"AACGGACGTACGTATA-1",4,4
"AACGGCCATCTCCGGT-1",8,5
"AACGTACTGTGGGTAC-1",8,5
"AACGTAGTCTACCCAT-1",7,9
"AACGTCAGACTAGTGG-1",1,1
"AACGTGATGAAGGACA-1",5,9
"AACGTGCGAAAGTCTC-1",5,10
"AACTACCCGTTTGTCA-1",8,5
"AACTAGCGTATCGCAC-1",8,3
"AACTAGGCTTGGGTGT-1",7,7
"AACTCAAGTTAATTGC-1",8,5
"AACTCCAGAGCGTGTT-1",7,4
"AACTCCTAATCCCATG-1",4,16
"AACTCGATAAACACGT-1",3,2
"AACTCGATGGCGCAGT-1",3,8
"AACTCTCAATAGAGCG-1",5,3
"AACTCTCAGTGTGCTC-1",4,12
"AACTGAGGTCAGCGTC-1",5,3
"AACTGATATTAGGCCT-1",3,8
"AACTGGGTCCCGACGT-1",2,14
"AACTGGGTTCGAGCCG-1",5,3
"AACTGGTGTGGGCCTT-1",9,11
"AACTTCTGCGTCTATC-1",2,14
"AACTTGCCCGTATGCA-1",2,14
"AACTTGCGTTCTCGCG-1",2,2
"AACTTTAGCTGCTGAG-1",8,5
"AAGAAAGTTTGATGGG-1",8,9
"AAGAAGGATCAGTTAG-1",9,15
"AAGACCAAATAACTCA-1",5,3
"AAGACCCAACTGAACA-1",7,7
"AAGACTAACCCGTTGT-1",5,8
"AAGACTCACGCCCACT-1",8,9
"AAGACTGCAAGCTACT-1",8,10
"AAGAGATGAATCGGTA-1",2,14
"AAGAGCTCTTTATCGG-1",5,3
"AAGAGGATGTACGCGA-1",3,8
"AAGAGGCATGGATCGC-1",5,3
"AAGAGGCCCTTTGGAA-1",4,4
"AAGATGGCACCGGACC-1",4,7
"AAGATTGGCGGAACGT-1",2,2
"AAGCACCCTGCGTATC-1",7,7
"AAGCATACTCTCCTGA-1",7,7
"AAGCCACTTGCAGGTA-1",4,4
"AAGCCGAAGCGGTTTA-1",4,4
"AAGCCGCCGTGAAATC-1",9,13
"AAGCGCAGGGCTTTGA-1",7,12
"AAGCGGCGTCATGGGT-1",5,7
"AAGCGTCCCTCATCGA-1",4,4
"AAGCTAGATCGAGTAA-1",4,4
"AAGCTATGGATTGACC-1",8,9
"AAGCTCGTGCCAAGTC-1",5,10
"AAGCTCTTTCATGGTG-1",7,7
"AAGGAGAACTTATAAG-1",4,16
"AAGGAGCGGTTGGTGC-1",2,2
"AAGGATCGATCGCTTG-1",5,9
"AAGGATGAGGGACCTC-1",2,2
"AAGGCAGGCTGTCTCC-1",8,5
"AAGGCGCGTAAAGCTT-1",1,1
"AAGGCTGTGCTCATCG-1",3,8
"AAGGGAACGACTGGCT-1",4,4
"AAGGGACAGATTCTGT-1",2,14
"AAGGGACTATGCATTC-1",4,4
"AAGGGTTTGATTTCAG-1",5,3
"AAGGTATCCTAATATA-1",2,14
"AAGGTGATAAACCAGC-1",8,9
"AAGTAAGCTTCCAAAC-1",7,9
"AAGTAGAAGACCGGGT-1",2,10
"AAGTAGTGACGCGAGG-1",3,8
"AAGTCAATTGTCGTCA-1",8,9
"AAGTCTTCTGTGGCCT-1",2,10
"AAGTGACGACCGAATT-1",5,3
"AAGTGAGTCGGGTTTA-1",7,7
"AAGTGCCTTGACTGTA-1",8,9
"AAGTGCGTTAGAATCT-1",8,5
"AAGTGCTTCTCTATTG-1",7,7
"AAGTGTTTGGAGACGG-1",9,13
"AAGTTCACTCCAAGCT-1",9,13
"AAGTTCAGTCTGCGTA-1",2,2
"AAGTTCGGCCAACAGG-1",8,5
"AAGTTGTGATGTTATA-1",8,9
"AAGTTTACTAATGGCA-1",7,9
"AAGTTTATGGGCCCAA-1",7,7
"AATAACAACGCTCGGC-1",3,8
"AATAACACTAGAACAA-1",4,16
"AATAAGTCCTCGAGAC-1",7,9
"AATAATCTTCGTATCG-1",8,5
"AATACAATGTTTCAGG-1",1,14
"AATACCGGAGGGCTGT-1",7,13
"AATAGAACAGAGTGGC-1",4,4
"AATAGAATCTGTTTCA-1",4,4
"AATAGCAAGCCTCCTG-1",5,3
"AATAGCTACCGCGTGC-1",1,1
"AATAGGCACGACCCTT-1",4,4
"AATAGTCCGTCCCGAC-1",7,7
"AATATCCTAGCAAACT-1",5,3
"AATATCGAATCAATGC-1",8,4
"AATATCGAGGGTTCTC-1",2,2
"AATATTGGAGTATTGA-1",3,8
"AATCAGACTGCAGGAC-1",5,8
"AATCAGGTTTCATTTA-1",7,7
"AATCATGTAAAGACTC-1",4,4
"AATCCATGCAAGGGTG-1",3,8
"AATCCCGCTCAGAGCC-1",7,7
"AATCGCCTCAGCGCCA-1",8,9
"AATCGCGCAGAGGACT-1",5,3
"AATCGGGACACTACGA-1",7,7
"AATCGTGAGCCGAGCA-1",7,7
"AATCTAGGTTTACTTG-1",5,3
"AATCTATGCCGGAGCC-1",2,2
"AATCTGCGTTGGGACG-1",3,8
"AATCTGGCTTTCTAGT-1",5,3
"AATCTGGGTAGACCCT-1",5,9
"AATGACAGCAATGTCT-1",8,5
"AATGACGTAGGATGTC-1",4,4
"AATGACTGTCAGCCGG-1",1,14
"AATGAGTTCGCATATG-1",2,2
"AATGATGATACGCTAT-1",2,14
"AATGATGCGACTCCTG-1",2,14
"AATGCACCAAGCAATG-1",2,2
"AATGGTCCACCGTTCA-1",1,1
"AATGGTTCTCACAAGC-1",2,2
"AATGTATGGCACTGTA-1",5,9
"AATGTGCCCGAGGTGT-1",4,16
"AATGTGCTAATCTGAG-1",7,16
"AATGTTGTCGTGAGAC-1",8,9
"AATTAAAGGTCGGCGT-1",8,5
"AATTAACGGATTTCCA-1",7,7
"AATTACGAGACCCATC-1",5,3
"AATTACTCGTACGCTC-1",2,14
"AATTAGCGCTGCAGCG-1",9,13
"AATTCATAAGGGATCT-1",2,14
"AATTCATTGTCATGCA-1",5,3
"AATTCCAACTTGGTGA-1",3,2
"AATTCCAAGCATGTAC-1",7,7
"AATTCGATTCGAGGAT-1",7,7
"AATTCTAGAGTTAGGC-1",4,4
"AATTGAACGCTCTGGT-1",4,4
"AATTGCAGCAATCGAC-1",7,7
"AATTGCGTGGATTACA-1",8,9
"AATTTGGGACATAGTA-1",3,8
"AATTTGGTTCCAAAGA-1",3,8
"ACAAACCATGCGTCCT-1",8,9
"ACAAACCGACAAGGCG-1",8,9
"ACAAACTCCATCAGAG-1",7,7
"ACAAAGAAGGTAGGCC-1",5,3
"ACAAAGCATGACCTAG-1",7,9
"ACAAATCGCACCGAAT-1",4,4
"ACAAATGGTAGTGTTT-1",4,4
"ACAAATTCAGATCTGA-1",5,3
"ACAACAGCATGAGCTA-1",5,10
"ACAACGGTCCCTGCGA-1",2,14
"ACAAGCAGTGCCTAGC-1",2,2
"ACAAGGAAATCCGCCC-1",4,4
"ACAAGGACAAGAGGTT-1",2,2
"ACAAGGATGCTTTAGG-1",7,7
"ACAAGGCCTACCAGCC-1",5,9
"ACAAGGGCAGGCTCTG-1",7,7
"ACAAGTAATTGTAAGG-1",4,10
"ACAATAGTCGTACGTT-1",5,3
"ACAATCCATTTAAACC-1",3,8
"ACAATCGATCTTTATA-1",7,13
"ACAATGAATACGGAGA-1",4,4
"ACAATGATTCTTCTAC-1",5,3
"ACAATTGTGTCTCTTT-1",4,4
"ACAATTTGAGCAGTGG-1",3,10
"ACAATTTGGCCATATT-1",8,5
"ACACACCAGGACCAGT-1",8,9
"ACACACTTTCTACACG-1",3,8
"ACACATGATCAAATCT-1",8,5
"ACACATTGACGCAACA-1",2,14
"ACACATTTCCGTAGAC-1",7,9
"ACACCACATAATTAGC-1",3,8
"ACACCCAGCATGCAGC-1",1,1
"ACACCCGAGAAATCCG-1",2,2
"ACACCGGTCTGACCGC-1",8,9
"ACACCTTAAGTAGGGC-1",1,1
"ACACCTTACTACTTGC-1",5,9
"ACACGGCACTATGCAT-1",5,9
"ACACGGGAACTTAGGG-1",2,10
"ACACGTAGGCCACAAG-1",4,4
"ACACTCCAATGTCACT-1",2,14
"ACACTGATCAAGGTGT-1",4,4
"ACACTGGGACAGTCGT-1",4,15
"ACAGAACTGAGAACAA-1",8,5
"ACAGATTAGGTTAGTG-1",7,7
"ACAGCATAGAGCCAGT-1",5,10
"ACAGCGACATTCTCAT-1",4,12
"ACAGCGCACCCGCAGC-1",5,3
"ACAGGCACGGATCCTT-1",7,9
"ACAGGCTTGCCCGACT-1",4,4
"ACAGGTGGAGGTGAGG-1",4,16
"ACAGTAATACAACTTG-1",5,3
"ACAGTATACCGTGGGA-1",2,14
"ACAGTGCAGCGCATTT-1",5,9
"ACATAAGTCGTGGTGA-1",5,3
"ACATCCCGGCCATACG-1",7,7
"ACATCCTGGTAACTGT-1",8,9
"ACATCGATCGTTTACC-1",4,16
"ACATCGCAATATTCGG-1",4,4
"ACATCGGTCAGCCGCG-1",8,5
"ACATCGTATGCAATGG-1",4,4
"ACATCGTTAACCTAGT-1",9,13
"ACATCTCAACGCGTAA-1",5,9
"ACATGCTTACGGCAGC-1",4,4
"ACATGGCGCCAAAGTA-1",8,5
"ACATGGCTCAATTTAG-1",2,14
"ACATTAGTTTATATCC-1",7,7
"ACATTCGCGCGGAATA-1",4,4
"ACCAAACACCCAGCGA-1",3,8
"ACCAAACTAGAAATCC-1",7,7
"ACCAACACCACACACT-1",1,1
"ACCAACCGCACTCCAC-1",7,9
"ACCAACGCTTATTTAT-1",4,4
"ACCAATATGCAAGTTA-1",7,7
"ACCACAACTCAGAACA-1",5,9
"ACCACAAGTTTCTATC-1",3,10
"ACCACCAATGTAACAA-1",5,9
"ACCACGTGCAGCTATA-1",4,4
"ACCAGACCATAACAAC-1",2,10
"ACCAGCCCGGTCTTTG-1",7,9
"ACCAGGAGTGTGATCT-1",9,15
"ACCAGTGCCCGGTCAA-1",5,2
"ACCAGTGCGGGAGACG-1",4,4
"ACCATATCCGCAATAA-1",8,5
"ACCATCCGCCAACTAG-1",5,3
"ACCATCGTATATGGTA-1",8,5
"ACCCAACGCCCGTGGC-1",3,10
"ACCCACCTACATGCTC-1",1,1
"ACCCATCTTGAGGGTA-1",5,3
"ACCCATTTGTCCCTCT-1",7,7
"ACCCGAGCGAAATTAC-1",4,4
"ACCCGATTGGTTCCGA-1",7,7
"ACCCGGAAACTCCCAG-1",7,13
"ACCCGGATGACGCATC-1",5,3
"ACCCGGTTACACTTCC-1",8,5
"ACCCGTAGCAGAGAAT-1",8,9
"ACCCGTGTCATCAGTA-1",7,7
"ACCCTATAGGACTGAG-1",6,15
"ACCCTATGCCATATCG-1",4,4
"ACCCTCCCGTCAGGGC-1",7,9
"ACCCTCCCTTGCTATT-1",4,4
"ACCCTGGTAACGCCCT-1",1,10
"ACCCTTCATCTGCGAA-1",3,8
"ACCCTTTAGTTCTCCA-1",5,9
"ACCGAAAGGGCCCTGC-1",7,7
"ACCGAAGAGTCTGGTT-1",5,3
"ACCGACACATCTCCCA-1",7,7
"ACCGAGTCTCCTTATT-1",7,4
"ACCGATAGGCATAACC-1",4,4
"ACCGATATTTAATCAT-1",4,16
"ACCGATGGTAGCATCG-1",5,3
"ACCGCAATAACTGCCT-1",4,13
"ACCGCGGTGGAAGTCG-1",8,9
"ACCGCTAGTCATTGGT-1",7,4
"ACCGGGCCTTTGTTGA-1",8,9
"ACCGGTCAGGTACACC-1",8,5
"ACCGGTCTGAGTACGG-1",8,9
"ACCGTCCACTGGGCCC-1",5,3
"ACCGTGACCACGTGGG-1",7,7
"ACCGTTCCCGCTCTGA-1",7,9
"ACCTAAGTACCTTTCA-1",8,5
"ACCTAATCGACTTCCT-1",2,2
"ACCTACAGTATGTGGT-1",5,3
"ACCTACTATAAATCTA-1",7,7
"ACCTCCGCCCTCGCTG-1",6,15
"ACCTCCGTTATTCACC-1",3,8
"ACCTCGAACTTATGCT-1",8,9
"ACCTGCGTGTCATGTT-1",5,3
"ACCTTTCCTTTAGAAG-1",7,9
"ACGAAATGGGCGGCAC-1",2,2
"ACGACTCTAGGGCCGA-1",7,9
"ACGACTGGTCATACTC-1",4,16
"ACGAGAACCCATCACG-1",9,15
"ACGAGATATTTGCTTA-1",5,9
"ACGAGGATACCACTCT-1",5,3
"ACGAGGTTTACAACGT-1",5,3
"ACGAGTACGGATGCCC-1",3,8
"ACGAGTCGCCGGCGTT-1",3,2
"ACGATACATAGAACTA-1",2,14
"ACGATCATCTTGTAAA-1",5,3
"ACGATGCATATGTTAT-1",5,3
"ACGATGGATCCGATGC-1",5,3
"ACGCAAACTAATAGAT-1",7,7
"ACGCAATCACTACAGC-1",2,14
"ACGCATAAATGACATG-1",5,9
"ACGCATACGTTTACTA-1",4,4
"ACGCATTCGTGAGTAC-1",8,5
"ACGCCACTCGAAACAG-1",7,9
"ACGCCAGATGATTTCT-1",3,10
"ACGCCCAGCTGTCGAT-1",7,9
"ACGCCGCTAGACGACC-1",4,4
"ACGCGAAGTCAGACGA-1",4,4
"ACGCGCTACACAGGGT-1",5,3
"ACGCGGGCCAAGGACA-1",5,3
"ACGCTAGTGATACACT-1",3,8
"ACGCTGTGAGGCGTAG-1",2,2
"ACGCTTAGTGTCTCTC-1",8,9
"ACGGAATTTAGCAAAT-1",3,8
"ACGGACGCAGCGACAA-1",4,4
"ACGGACTCTCAAAGCG-1",7,7
"ACGGAGCGCAAATTAC-1",2,2
"ACGGATGGTGCGGATA-1",7,7
"ACGGCACTTGCTTGGG-1",4,4
"ACGGCCAACATGGACT-1",4,16
"ACGGCGACGATGGGAA-1",4,4
"ACGGCGGGTTGCCCTG-1",9,10
"ACGGCTGGATGTAGAA-1",5,3
"ACGGGAGTGTCGGCCC-1",8,5
"ACGGGCGTATGCGACA-1",2,14
"ACGGGTTGTGACCTGT-1",8,9
"ACGGTCACCGAGAACA-1",4,4
"ACGTACAGATTTCTCT-1",5,9
"ACGTACTTTGGCACGG-1",7,7
"ACGTAGATTGCTGATG-1",5,10
"ACGTAGGAGAGTCGCT-1",7,7
"ACGTATTACTCCGATC-1",8,9
"ACGTCCTAAACGAGAT-1",7,9
"ACGTCGGGCAACTCGG-1",5,9
"ACGTCTCGTTCCGGGA-1",5,3
"ACGTGACAAAGTAAGT-1",3,8
"ACGTGCGCCTCGTGCA-1",3,8
"ACGTGGTCGAATGTGC-1",8,9
"ACGTTAATGTCGAAGA-1",8,5
"ACGTTAGATTTGCCCG-1",5,3
"ACGTTCACTATGCCGC-1",7,7
"ACGTTCCGCGCTCCGT-1",7,7
"ACGTTCGCAATCAATT-1",3,8
"ACGTTCGTTCAGGAAA-1",7,7
"ACGTTCTGTACAAGTC-1",7,9
"ACGTTGTCGTTGAAAG-1",4,4
"ACGTTTAGTTGTGATC-1",3,8
"ACTAATACGTCAGGCG-1",5,3
"ACTACAAAGAGAGGTG-1",7,7
"ACTACATCCCGACAAG-1",8,9
"ACTACCAGCTCTCTGG-1",1,1
"ACTACCATCCGAGGGC-1",4,4
"ACTACGCGTTAGAATT-1",7,7
"ACTAGTTGCGATCGTC-1",4,4
"ACTATATGCTGTGTTC-1",3,8
"ACTATCCAGGGCATGG-1",5,9
"ACTATCTGCCCGCGTA-1",4,4
"ACTATGTCCAGCTGCC-1",4,4
"ACTATTCGTCCGTGGT-1",3,8
"ACTATTTCCGGGCCCA-1",7,7
"ACTCAACGAATGTATT-1",9,15
"ACTCAAGTGCAAGGCT-1",7,7
"ACTCAATAAAGGCACG-1",2,14
"ACTCATGGCAGCCTTC-1",4,4
"ACTCCAATATCATCAT-1",4,4
"ACTCCCATTCCTAAAG-1",5,3
"ACTCCCGAATTCGTTT-1",3,8
"ACTCCCTAATGCTAAA-1",7,7
"ACTCCCTAGAATAGTA-1",4,4
"ACTCCGGCCGACCACT-1",7,9
"ACTCGCCGTTCGATAA-1",8,9
"ACTCGTAACCCGTCCT-1",5,3
"ACTCGTCAGTAATCCC-1",5,9
"ACTCTCTGACTTAGGT-1",8,9
"ACTCTCTTATACACGA-1",5,9
"ACTCTGACCTAATAGA-1",7,9
"ACTCTTGTATAGTAAC-1",8,10
"ACTGAAACGCCGTTAG-1",4,4
"ACTGAATGGCGAAAGT-1",4,4
"ACTGATTTAGTGATTC-1",5,9
"ACTGCCCGCCATTCTC-1",7,7
"ACTGCCGTCGTAACTC-1",3,8
"ACTGCGGACACACCGT-1",5,3
"ACTGCTCGGAAGGATG-1",5,3
"ACTGGGATGCCAGTGC-1",7,7
"ACTGTACGATACACAT-1",3,10
"ACTGTAGCACTTTGGA-1",2,14
"ACTGTATACGCGAGCA-1",9,15
"ACTGTCCAGGATTATA-1",3,8
"ACTGTGCTAGTAGATC-1",9,13
"ACTGTTTAGTGTAGGC-1",9,11
"ACTTACCGGGCGCGCA-1",5,8
"ACTTACGCATCCACGC-1",7,7
"ACTTAGTACGACAAGA-1",5,7
"ACTTATACTTACCCGG-1",5,3
"ACTTATCTGATCTATA-1",5,9
"ACTTATTAGGATCGGT-1",8,5
"ACTTATTTATGTGCCA-1",4,4
"ACTTCAGGCTGATCCC-1",8,9
"ACTTCCAGTGGAAGCT-1",5,3
"ACTTCCATGCGGGACA-1",7,7
"ACTTGACTCCCTCTTT-1",4,4
"ACTTGCCATATTGTAC-1",7,16
"ACTTGCTCTATCTACC-1",5,9
"ACTTGGGACCCGGTGG-1",2,2
"ACTTGTAGTCCCTTCA-1",5,3
"ACTTGTGGATGGAACG-1",4,4
"ACTTGTTACCGGATCA-1",7,7
"ACTTTACCCTCATGAA-1",3,8
"ACTTTATACACCACTT-1",8,9
"ACTTTGGTCGTGCTCC-1",5,3
"ACTTTGTCGACGCACT-1",4,16
"AGAAATTATGACTCGC-1",4,5
"AGAACACGGCGATGGT-1",4,4
"AGAACCCAGCGTGACA-1",8,5
"AGAACCCTCAATTGGG-1",5,3
"AGAACGTGGTACATTC-1",2,2
"AGAAGGTACACTTCAC-1",5,3
"AGAAGGTTGCCGAATT-1",8,5
"AGAAGGTTGTAGGTCG-1",7,7
"AGAAGTGATTCGTGAT-1",8,5
"AGAATGCGGGTTCGGA-1",3,8
"AGAATTATGGATTCGA-1",3,8
"AGAATTGTTTGACATA-1",2,2
"AGACATAGATCCTTCC-1",9,10
"AGACCAAACCACACCT-1",5,3
"AGACCATGGGATACAA-1",2,14
"AGACCCACCGCTGATC-1",4,5
"AGACCGCTCCGCGGTT-1",4,4
"AGACCGGGAAACCCTG-1",5,3
"AGACGAAGTGCCGGTC-1",4,4
"AGACGACGATGCCGCT-1",4,16
"AGACGCCCACTTCGCC-1",4,16
"AGACGGGATTGGTATA-1",8,9
"AGACGGGCCGATTTAA-1",5,3
"AGACTAGCCTTCCAGA-1",2,2
"AGACTGTTACCGGGTC-1",7,7
"AGAGAAACACCAGAAA-1",7,7
"AGAGAACCGTCTAGGA-1",2,2
"AGAGAAGGAGTACAAT-1",4,4
"AGAGATCTCTAAAGCG-1",3,3
"AGAGCAGTTATGAGAC-1",1,10
"AGAGCCGCCGAGATTT-1",4,4
"AGAGCGGGCTAATCAT-1",3,8
"AGAGCGTACAAGCTCG-1",2,14
"AGAGCTACGAAAGCAT-1",2,2
"AGAGGCTTCGGAAACC-1",4,4
"AGAGGGACAATTGTCC-1",5,3
"AGAGGTATCTCGGTCC-1",3,8
"AGAGTAAACTTCACTA-1",8,9
"AGAGTATAGTGTTACG-1",3,8
"AGAGTTAGAGACCGAT-1",5,3
"AGATAACTTCAGGGCC-1",3,8
"AGATACCAATAGAACC-1",4,4
"AGATACCAGCACTTCA-1",1,1
"AGATACCGGTGTTCAC-1",5,3
"AGATACGACTTCATAT-1",3,8
"AGATACTCAAGATCGA-1",4,4
"AGATATAATACGACTA-1",7,7
"AGATCGTGCATAAGAT-1",2,14
"AGATCTCAGGTGTGAT-1",3,10
"AGATCTGGAGAGGATA-1",4,9
"AGATGAGGGTTGCGAT-1",3,8
"AGATGATGGAGTCTGG-1",3,8
"AGATGCAAGACGTGCA-1",4,16
"AGATGCATCCTGTGTC-1",5,3
"AGATGCTATAACGAGC-1",2,14
"AGATTATAGGACGTTT-1",5,3
"AGATTCAAGCGGGTCG-1",5,9
"AGATTCACAACCGATA-1",5,3
"AGCAAAGGCCGCTAGT-1",7,7
"AGCAACATATCTTATT-1",8,9
"AGCAACCGAAAGTAAT-1",8,5
"AGCACACGTTTAGACT-1",4,4
"AGCACTACCGGCCTGT-1",2,2
"AGCACTACCTCACCAG-1",9,13
"AGCACTTAAGGACGCC-1",3,2
"AGCAGAAGGAGAAAGA-1",7,7
"AGCAGCCAGATGAATA-1",6,15
"AGCATATCAATATGCT-1",4,4
"AGCATCATTTCGAAAG-1",5,3
"AGCATCGTCGATAATT-1",2,10
"AGCATTACGAGGCAAG-1",8,9
"AGCCAAGCTTTGTGTC-1",7,13
"AGCCACAGGTTACCCG-1",7,7
"AGCCACTCCCGTGCTT-1",5,9
"AGCCATATAGTATGTG-1",7,7
"AGCCCATACATGTAAG-1",5,3
"AGCCCGCAACAAGCAG-1",7,7
"AGCCCGGCATTAGAGG-1",4,4
"AGCCCGGTAGCCTGTA-1",7,7
"AGCCCTAAGCGAAGTT-1",3,8
"AGCCCTCCCTGGTGGC-1",9,15
"AGCCCTGTCGCACCGT-1",8,5
"AGCCCTTCTAATCCGA-1",2,2
"AGCCCTTGGACATCCC-1",4,4
"AGCCGCAAATTCAAAT-1",1,10
"AGCCGTGGCTAAATGT-1",5,3
"AGCCTAATACCCACGT-1",5,3
"AGCCTTAAAGCGGAAG-1",1,14
"AGCCTTGTCACTGATA-1",8,9
"AGCGACAGGAACGGTC-1",4,16
"AGCGACTTTGAAGACA-1",7,7
"AGCGAGACGTGAAGGC-1",4,4
"AGCGATGCGCCTAATA-1",4,4
"AGCGCATAATGAATCG-1",7,7
"AGCGCGGGTGCCAATG-1",2,14
"AGCGCTAGAGCGATGT-1",5,3
"AGCGCTTATGGGCAAG-1",5,3
"AGCGGACACTTCGTAG-1",7,7
"AGCGGCGGTTAGCGGT-1",5,3
"AGCGGGAAGGGTCCAT-1",9,15
"AGCGGGTCTGACACTC-1",7,7
"AGCGGTTGAGATGTAC-1",8,9
"AGCGGTTGCCGCTCTG-1",2,14
"AGCGTACGAGAGCTAG-1",3,8
"AGCGTAGCGCTAGACC-1",5,8
"AGCGTGGTATTCTACT-1",4,4
"AGCGTTCCGATTTAAA-1",8,9
"AGCTAACAAGCAATGT-1",4,4
"AGCTAAGCTCCGTCCG-1",7,4
"AGCTAAGTACGCAGGC-1",7,7
"AGCTAGAAGCAGAAGT-1",1,14
"AGCTATTTAATCCAAC-1",3,8
"AGCTCCATATATGTTC-1",4,4
"AGCTCCTTCGCACATC-1",4,4
"AGCTCTAGACGTTCCA-1",8,9
"AGCTCTTCCCAGTGCA-1",3,10
"AGCTCTTCGTAACCTT-1",5,9
"AGCTCTTTACTCAGTT-1",8,5
"AGCTGAAGTAAACCAA-1",2,2
"AGCTGCATTTGAGGTG-1",8,9
"AGCTGCTGTGCCGAAT-1",5,9
"AGCTGTAACCTCAATC-1",4,16
"AGCTTATAGAGACCTG-1",3,8
"AGCTTCAATACTTTGA-1",8,9
"AGCTTCTTCTCGAGCA-1",7,9
"AGCTTGATCAGGGTAG-1",8,9
"AGCTTGATCTTAACTT-1",5,3
"AGGAAAGCCTCTGATG-1",3,2
"AGGAACGAACGACTTC-1",4,16
"AGGAAGCTGTCCGCCG-1",7,7
"AGGACAGTCGAATCCC-1",8,9
"AGGACATCGCACGTCG-1",3,8
"AGGACGACCCATTAGA-1",8,5
"AGGACGCTCGATGTTG-1",2,2
"AGGAGGCCTTCGCGCG-1",4,4
"AGGATAAAGTCGGGAT-1",7,7
"AGGATATAGGGATTTA-1",8,9
"AGGATCACGCGATCTG-1",5,3
"AGGATTGCTTACGACA-1",3,8
"AGGCAAAGAGGAATCA-1",7,9
"AGGCACGTGACTGTCC-1",4,4
"AGGCAGATGCGTAAAC-1",2,2
"AGGCAGGGAGCGTACT-1",7,7
"AGGCATTGTCGTAGGG-1",4,4
"AGGCCACCCGTTATGA-1",2,14
"AGGCCCAGTGACTGGT-1",2,2
"AGGCCCTAGAACGCCA-1",5,3
"AGGCCTATCATACCAA-1",7,7
"AGGCCTGAGAATCTCG-1",7,13
"AGGCGATAACTGGCGT-1",4,4
"AGGCGGTTTGTCCCGC-1",8,5
"AGGCGTCTATGGACGG-1",3,8
"AGGCTTCCCGAAGAAG-1",4,16
"AGGCTTGCTAGACACC-1",1,1
"AGGGAAACGAGGTACT-1",3,8
"AGGGACAGCACGGCGG-1",6,6
"AGGGACCGGCTGCGTT-1",5,3
"AGGGACTCTACGCGAC-1",4,4
"AGGGAGACATACTTCG-1",3,8
"AGGGCAGCGGCGTGGT-1",5,9
"AGGGCGAGCAGCTGAT-1",5,3
"AGGGCGTGATCGGCTA-1",4,10
"AGGGCTGCAGTTACAG-1",5,3
"AGGGTCAGAGCACTCG-1",7,7
"AGGGTCAGTAACCCTA-1",3,8
"AGGGTCGATGCGAACT-1",5,3
"AGGGTGCCGTTCTTTA-1",9,11
"AGGGTGCTCTCGAGGG-1",5,3
"AGGGTTCAGACGGTCC-1",6,6
"AGGGTTCCCTTTGGTT-1",3,10
"AGGGTTTAGTTCGGGA-1",9,10
"AGGTAACCTCCTATTC-1",9,11
"AGGTACGATATTGCCA-1",3,8
"AGGTAGATCGAGATAT-1",4,9
"AGGTAGGTACAAAGCT-1",3,8
"AGGTATAATTGATAGT-1",5,8
"AGGTCAGGTGAGAGTG-1",5,3
"AGGTCGCCACTTCGGT-1",5,10
"AGGTCGCCTCCCAACA-1",4,16
"AGGTCGCGGAGTTACT-1",2,2
"AGGTGGTGACCTTCGC-1",9,15
"AGGTGTATCGCCATGA-1",3,8
"AGGTTACACCATGCCG-1",8,3
"AGGTTCTCCTTTCCGG-1",5,9
"AGGTTGAGGCACGCTT-1",2,14
"AGGTTTCACACACCTT-1",8,5
"AGTAACGTTCATCCTG-1",5,3
"AGTAATGTCTTGCCGC-1",9,11
"AGTAATTTGCAAGCGT-1",8,9
"AGTACAGAAGCTTATA-1",7,4
"AGTACATCATTTATCA-1",3,8
"AGTACCTTCGAGTGCT-1",5,3
"AGTACGGGCACCTGGC-1",2,14
"AGTACGTGGCCTGTCT-1",5,3
"AGTACTCTTATGCCCA-1",4,4
"AGTAGAAGGCGCCTCA-1",7,7
"AGTAGCGTGAACGAAC-1",7,9
"AGTAGCTAGACGCCGA-1",7,9
"AGTAGGAAGGAAGTTG-1",3,2
"AGTATACACAGCGACA-1",7,7
"AGTATCCATAATAACG-1",5,9
"AGTATGCTGGAGACCA-1",4,16
"AGTATTTGGCACGACC-1",7,7
"AGTCAAATGATGTGAT-1",6,15
"AGTCAACACCACCATC-1",8,5
"AGTCAAGATGACACTT-1",4,4
"AGTCACTAGCTCTCGA-1",4,4
"AGTCACTCCGCCTCAT-1",9,11
"AGTCAGCCACCGCCTG-1",3,8
"AGTCCAGCGGGTACGT-1",3,8
"AGTCCATTGGCTGATG-1",8,9
"AGTCCCGCCTTTAATT-1",3,8
"AGTCGAAACGATTCAG-1",5,9
"AGTCGACGGTCTCAAG-1",5,3
"AGTCGGCCCAAACGAC-1",1,1
"AGTCGGCTCAACTTTA-1",5,3
"AGTCGGTTGCGTGAGA-1",5,3
"AGTCGTATAAAGCAGA-1",7,7
"AGTCGTCGACCACCAA-1",7,7
"AGTCGTGGGCATTACG-1",8,5
"AGTCTAAAGTATACTC-1",3,8
"AGTCTCACAAGACTAC-1",4,16
"AGTCTGGACATCCTTG-1",2,14
"AGTCTTTAAAGTGTCC-1",9,13
"AGTGAACAAACTTCTC-1",8,9
"AGTGAAGATGGTGTCC-1",1,1
"AGTGACCTACTTTACG-1",8,5
"AGTGACTGTGACACAA-1",9,13
"AGTGAGACTTCCAGTA-1",5,3
"AGTGAGCCTCGCCGCC-1",3,8
"AGTGAGGGTTTCTGAC-1",5,13
"AGTGAGTCGAATTAAC-1",8,9
"AGTGATAACCTGCGCG-1",7,7
"AGTGATATGAGTAGTT-1",4,16
"AGTGATTCAAGCAGGA-1",3,10
"AGTGCACGCTTAAGAA-1",4,4
"AGTGCGTAGCTCGTAA-1",8,5
"AGTGCTAAACACAGCA-1",7,7
"AGTGCTTGCACGAATA-1",8,9
"AGTGGCGGCAATTTGA-1",2,14
"AGTGGCGTCTGAAGGT-1",7,13
"AGTGGCTCCGTCGGCC-1",2,2
"AGTGGTGTTACCCGTG-1",5,3
"AGTGGTTGCGTATAGG-1",2,14
"AGTGTATTGCGCATTG-1",3,2
"AGTGTGCTAAGATCGC-1",2,14
"AGTGTGGTCTATTGTG-1",2,2
"AGTTAAACACTTGCGA-1",8,5
"AGTTAAGCGGTCCCGG-1",3,8
"AGTTAAGTCAACCGCT-1",8,5
"AGTTACTCTATCGTGG-1",3,8
"AGTTATTGAAAGGTAA-1",7,9
"AGTTCCTACAGAATTA-1",3,10
"AGTTCCTATTTATGTT-1",4,4
"AGTTCTGCGTTGTATC-1",2,2
"AGTTGACATCGGCTGG-1",3,8
"AGTTGACGGTCCTTGC-1",7,12
"AGTTGCGGTCCTCAAC-1",8,9
"AGTTGCTGACTGATAT-1",2,14
"AGTTGGCAAGGCTAGA-1",8,9
"AGTTTATGTAAAGACA-1",2,14
"AGTTTCGCAGGTCGGA-1",3,8
"AGTTTGCACCTGCCTC-1",7,7
"AGTTTGGCACGGGTTG-1",8,9
"AGTTTGGCCAGACCTA-1",8,5
"ATAAACCATTGGACGG-1",8,9
"ATAAACGGACCCGTAA-1",4,4
"ATAAACGTTGCACCAC-1",4,4
"ATAAAGGCTCGGTCGT-1",5,8
"ATAAAGGTCAAGTACG-1",5,9
"ATAAATATTAGCAGCT-1",3,8
"ATAACGCCGGAGGGTC-1",5,3
"ATAACGGAGTCCAACG-1",2,14
"ATAACGTTACCTCCAC-1",5,3
"ATAAGGTGGAGAACAT-1",6,15
"ATAAGTACCCGATTGT-1",5,3
"ATAAGTAGGATTCAGA-1",2,2
"ATAAGTAGGGCGACTC-1",5,3
"ATAAGTTACCGCGACG-1",4,4
"ATAATACCGTTAGCCG-1",2,14
"ATAATAGCTGTTGAAT-1",4,4
"ATAATAGTGTAGGGAC-1",3,2
"ATAATCTTGGAGAACC-1",7,7
"ATAATTAGCTAAGTAG-1",7,12
"ATACAGCGTCCACTGA-1",8,9
"ATACAGGCCCTCCAAT-1",7,7
"ATACCACGGGCAACTT-1",3,8
"ATACCAGCAAATTGCT-1",7,7
"ATACCAGGCTAATAGA-1",7,7
"ATACCAGGTGAGCGAT-1",6,15
"ATACCCTCCCGGCCAA-1",4,9
"ATACCCTGGCTCAAAT-1",3,10
"ATACCGTCATCCATAA-1",3,8
"ATACCTAACCAAGAAA-1",7,7
"ATACGAAGGCTTTCCA-1",5,3
"ATACGACAGATGGGTA-1",5,3
"ATACGAGGTTTGTAAG-1",7,7
"ATACGCCGATCTACCG-1",5,10
"ATACGCCGGCGAAACC-1",8,9
"ATACGGAACGTCGTTT-1",8,5
"ATACGGTGAAGATGCA-1",2,14
"ATACGTACTTAGCCAC-1",9,11
"ATACGTCCACTCCTGT-1",4,4
"ATACGTTATGCACGGA-1",6,6
"ATACTACCCGTACCAC-1",4,4
"ATACTCTCGCCACTCT-1",4,16
"ATACTGCCTTACACCG-1",7,7
"ATAGACAACGGGACCT-1",3,10
"ATAGACGAAGAGAAAG-1",3,8
"ATAGAGTACTGGGACA-1",2,14
"ATAGAGTTATCAACTT-1",2,10
"ATAGATTTGCAGTCGG-1",7,9
"ATAGCAACTAGGGAAG-1",7,7
"ATAGCCTCAGTACCCA-1",2,14
"ATAGGAATCTAAGCTT-1",5,9
"ATAGGCGGCTATAGAA-1",8,5
"ATAGGCTAGCTTCGCA-1",2,14
"ATAGGGATATCCTTGA-1",2,15
"ATAGTCTTTGACGTGC-1",7,9
"ATAGTGAAGCGTTCTC-1",8,5
"ATAGTTCCACCCACTC-1",5,3
"ATATAAAGCGCTCGTG-1",7,7
"ATATAAATGTAGCTGC-1",7,7
"ATATAACACGGGCGCA-1",7,7
"ATATACATGTATGGTA-1",2,2
"ATATACGCTCGTGACG-1",4,4
"ATATAGAGTATTGGTC-1",5,3
"ATATCAACCTACAGAG-1",5,3
"ATATCAATTCCAGCCT-1",3,8
"ATATCGGTAGGGAGAT-1",5,9
"ATATCGTGCCAGACCC-1",4,16
"ATATCGTTCCTCGAAC-1",4,4
"ATATCTCCCTCGTTAA-1",6,15
"ATATCTTAGGGCCTTC-1",5,3
"ATATGGGATAGCAACT-1",7,7
"ATATGTCTAGAGCGTG-1",7,9
"ATATGTCTCCCTAGCC-1",5,8
"ATATGTGCACAAACCA-1",5,3
"ATATTCAGTTAAACCT-1",8,5
"ATATTCCACATAGTGA-1",9,13
"ATATTCCCACAGGTCA-1",9,15
"ATATTGCTGTCAAAGT-1",3,8
"ATATTGGAGAGGCCTT-1",4,4
"ATATTTAACCCTCAAG-1",3,8
"ATCAAACACTGTTCCA-1",8,5
"ATCAAACGAAGGTTTG-1",8,5
"ATCAAAGAGCCGTGGT-1",7,7
"ATCAAGATCCCAGGAC-1",7,7
"ATCAATCTGGGCTGCA-1",5,10
"ATCAATGCCGTGGCTG-1",8,5
"ATCACATTAGAATATC-1",2,11
"ATCACGTGCTAATTAA-1",8,5
"ATCACTTCATCCTCGC-1",2,14
"ATCAGAAGCTGGTTGC-1",8,9
"ATCAGACGGCACGCCG-1",8,5
"ATCAGCCTCATGCTGC-1",7,7
"ATCAGCTCGTCCACTA-1",5,3
"ATCAGGTCGCCATTGC-1",5,3
"ATCAGTAGGCAGGGAT-1",1,14
"ATCATAGATCGACGAG-1",7,7
"ATCATAGCCCTATGTA-1",4,4
"ATCATCCAATATTTGT-1",8,5
"ATCATCTGCCCAGTGT-1",8,9
"ATCATTGTACCGCATT-1",5,3
"ATCCAACGCAGTCATA-1",1,14
"ATCCAATGGAGGGTCC-1",5,3
"ATCCAATGGTACCGAA-1",2,14
"ATCCACATCGACAGAA-1",7,7
"ATCCACGCTAAATGTT-1",5,9
"ATCCACTTTCAGACTA-1",5,3
"ATCCAGAGCAACAACC-1",4,4
"ATCCAGGATTCGTGAA-1",8,5
"ATCCCATCCACAGCGC-1",8,9
"ATCCCATTTCCGTGGG-1",7,7
"ATCCTACCTAAGCTCT-1",8,5
"ATCCTGAATCGCTGCG-1",3,8
"ATCCTGCGTGGAATGG-1",8,5
"ATCCTGCTGCAGATAG-1",9,11
"ATCGACCCAATACAGA-1",4,4
"ATCGCACGATTGTTCA-1",3,8
"ATCGCCAGTCAACATT-1",8,9
"ATCGCTGCGTGCAGCA-1",1,14
"ATCGGAGACAGACGGC-1",4,4
"ATCGGCAAGCAGTCCA-1",2,14
"ATCGTCCAATCGAGTC-1",2,14
"ATCGTGGAAAGTCTGG-1",4,4
"ATCGTTAGCTAGCGGA-1",4,4
"ATCGTTCACTTTCGCC-1",5,8
"ATCTAATATCCTACGG-1",7,7
"ATCTACCATCTGCTCC-1",7,9
"ATCTAGCTTGTGAGGG-1",7,7
"ATCTCATAAACCTACC-1",8,9
"ATCTCCCACGGAATAT-1",4,4
"ATCTCCCTGCAATCTA-1",3,8
"ATCTCGTGAGCGAAAC-1",8,5
"ATCTGACATGGAAGGA-1",7,7
"ATCTGATAGTGTCTTA-1",2,14
"ATCTGCACCTCTGCGA-1",3,8
"ATCTGCTGTTATCGCC-1",6,15
"ATCTGGGCTGTTCTTG-1",7,7
"ATCTGGTTAAGACTGT-1",2,14
"ATCTTAGGGCATTAAT-1",8,9
"ATCTTATCGCACACCC-1",7,7
"ATCTTGACCTGCAACG-1",2,14
"ATCTTGACTTGTCCAA-1",3,8
"ATCTTTCGTATAACCA-1",2,14
"ATGAAGCCAAGGAGCC-1",2,14
"ATGACGCCGGCTCTAA-1",9,11
"ATGACGCGTTCTATCC-1",8,5
"ATGACTATCAGCTGTG-1",7,7
"ATGACTATGCGACATT-1",4,4
"ATGAGGGCAGCGGCTA-1",8,5
"ATGATGCAATGGTACA-1",8,5
"ATGCACGCGCTGTTCA-1",5,3
"ATGCACTACCGCATTG-1",2,2
"ATGCATTCCGTGATGG-1",4,16
"ATGCCAATCGCTCTGC-1",3,8
"ATGCCATTTGCGACCA-1",8,9
"ATGCCGGTCTTGCATA-1",3,10
"ATGCCGGTTGATGGGA-1",2,2
"ATGCGACAATTGGTCC-1",3,8
"ATGCGACAGTCCCATT-1",5,10
"ATGCGAGTCCCACCAC-1",8,9
"ATGCTCAGTGTTGCAT-1",2,14
"ATGCTCTGGCGCGGTA-1",7,13
"ATGCTTAGGAGTTGAT-1",4,4
"ATGGAAATTTAAGGAG-1",3,8
"ATGGAACAGAATAAAC-1",5,3
"ATGGAACCTTTGCACA-1",5,3
"ATGGACTGCTTAGTTG-1",7,7
"ATGGAGCAGGCCGTGA-1",8,5
"ATGGATCCGGCGTCCG-1",2,2
"ATGGCAGCATTACGAT-1",8,9
"ATGGCTGGAAATGGCC-1",5,8
"ATGGGAACGGAAGCGG-1",5,3
"ATGGGACCTGCTGAAC-1",4,4
"ATGGGCCTCGGCCTCT-1",4,4
"ATGGGTGTATACCTCC-1",4,4
"ATGGTATTGGGAACCG-1",7,7
"ATGGTATTTACTGATT-1",8,9
"ATGGTCGCGTGGTTTC-1",4,4
"ATGGTGCTCAAAGCCA-1",9,15
"ATGGTTACGAAACATG-1",5,3
"ATGTAAGGCTGCTCTT-1",3,8
"ATGTACATGCGGTGAG-1",4,4
"ATGTACGATGACGTCG-1",6,6
"ATGTAGCGCGCGTAGG-1",7,12
"ATGTCTTGTTTGACTC-1",7,4
"ATGTGAAAGCCTAATG-1",5,3
"ATGTGGACATCTTGAT-1",4,4
"ATGTGTAGTTTAGTCA-1",3,10
"ATGTTACGAGCAATAC-1",3,8
"ATGTTCGTCGACCCAC-1",2,14
"ATGTTGATTAGAGACT-1",7,7
"ATGTTGTAGTCTGTTT-1",6,15
"ATGTTTGTAAGATCAT-1",8,9
"ATTAAACATGCGGACC-1",8,5
"ATTAATGAACCAGTCG-1",1,1
"ATTAATTCGGTCACTC-1",3,8
"ATTACAACTACCGGCC-1",5,8
"ATTACATGTCAGTCTT-1",4,4
"ATTACCACACTGCCTG-1",8,5
"ATTACGCGCTGGCAGG-1",5,3
"ATTACGGGCTACGGTT-1",5,9
"ATTACTAGCCTCTTGC-1",3,8
"ATTACTTACTGGGCAT-1",1,1
"ATTAGATTCCTCAGCA-1",2,15
"ATTAGGCGATGCTTTC-1",8,9
"ATTATACTTTGCTCGT-1",2,2
"ATTATAGCTACTTTAC-1",3,8
"ATTATCGGAATGTACG-1",6,15
"ATTATCTCGACAGATC-1",7,7
"ATTATGAGACCCAATT-1",8,9
"ATTATTATGTCCGTCA-1",4,4
"ATTATTCAGAGTCACT-1",7,9
"ATTCAACCATTTAAGG-1",4,15
"ATTCACTGATGTTGGA-1",7,7
"ATTCAGATGAATCCCT-1",8,9
"ATTCAGGACCTATTTC-1",2,14
"ATTCAGGATCGCCTCT-1",8,9
"ATTCAGTAGCAGGGTC-1",1,14
"ATTCATATACTGTCCA-1",4,4
"ATTCATCGTTGAGGCA-1",7,7
"ATTCCCACATAAACAA-1",1,1
"ATTCCCGAAGGTACAG-1",5,3
"ATTCCTAAGACGTGGA-1",3,8
"ATTCCTTCCAGGCGGT-1",4,16
"ATTCGACGCCGGGCCT-1",3,8
"ATTCGCGCCTTGAGAG-1",8,9
"ATTCGTGCTATCTCTT-1",5,9
"ATTCTGAGTATGAACT-1",5,7
"ATTCTTCGTACTTATG-1",5,3
"ATTGAAGATCTTAGTG-1",3,8
"ATTGACCGGCGATGAC-1",1,14
"ATTGACGTAACTCGGT-1",5,9
"ATTGATAGCAACGAGA-1",3,8
"ATTGATCACCACATTT-1",5,3
"ATTGATGAGTCCTAAC-1",3,8
"ATTGCCTATTAGACCG-1",4,4
"ATTGCCTTTATGTTTG-1",7,7
"ATTGCGATCAGTAACT-1",4,4
"ATTGCTGCTCCTCCAT-1",5,3
"ATTGGATTACAGCGTA-1",4,4
"ATTGGGAGTTCTGTAA-1",5,3
"ATTGTACAACTCGGCT-1",5,3
"ATTGTCGCAATACCTT-1",3,8
"ATTGTCTGTTTCATGT-1",7,7
"ATTGTGACTTCGCTGC-1",3,8
"ATTGTTCAACGATCCG-1",8,5
"ATTTACAGTTTACTGG-1",2,2
"ATTTACTAAGTCCATT-1",3,8
"ATTTATACTGGTAAAG-1",7,11
"ATTTCATTATTTCGCG-1",3,7
"ATTTCCGGGTTCTGCG-1",4,16
"ATTTGCCTAGTTACGA-1",7,7
"ATTTGCGCGAGTAGCT-1",4,16
"ATTTGGAGATTGCGGT-1",5,3
"ATTTGTCTTGGGAGCT-1",8,9
"ATTTGTTCCAGGGCTC-1",2,10
"CAAACCCTCCGGCGGG-1",7,7
"CAAACGAGTATCGCAG-1",4,16
"CAAACGGTCGCACTTT-1",3,2
"CAAACGTGGTCTTGCG-1",4,16
"CAAACTACGATAGAGA-1",5,8
"CAAACTATTGAGCTTC-1",3,8
"CAAACTCGCGACGCCG-1",8,5
"CAAAGATTATTGGGCC-1",4,16
"CAAAGGTCATCTGAAA-1",8,5
"CAAAGGTTAAATTCAG-1",5,3
"CAAAGTCAGGTTAGCT-1",2,14
"CAAATCTCTCACAAGG-1",5,3
"CAAATGCGGAGTGTTC-1",8,9
"CAAATGTCCTTCCGTG-1",4,4
"CAAATTGGATTATGCC-1",1,14
"CAAATTGTCAGCAAGC-1",3,8
"CAACACATCTCCTGCC-1",3,8
"CAACAGAATAACGCTA-1",8,9
"CAACAGTGCCAAACGG-1",8,9
"CAACATGGCCTGATAA-1",3,10
"CAACCAGTGGCCTACC-1",4,4
"CAACCTACCGAGCAGT-1",4,4
"CAACCTGAACCTGCCA-1",2,14
"CAACGAGCTTATTATG-1",4,9
"CAACGCGATGAGCCAA-1",7,7
"CAACGGTTCTTGATAC-1",2,2
"CAACGTGGTGGAGTCT-1",4,4
"CAACTATATCGAATGC-1",3,8
"CAACTCCAACGTTTAG-1",5,9
"CAACTCCGTAACTTGC-1",3,8
"CAACTCCTTGATCCCG-1",3,10
"CAACTGAGGGTATGAC-1",3,8
"CAACTGCTCATCCGAT-1",7,7
"CAAGAAACCCTAAACT-1",5,3
"CAAGAGGGCGGAGTAC-1",4,4
"CAAGATATTATAACGT-1",4,4
"CAAGCAACGTCGGAGT-1",3,8
"CAAGCACCAAATGCCT-1",3,7
"CAAGCGGCACATAATT-1",7,7
"CAAGGATCGCATGTTC-1",8,5
"CAAGGCCAGTGGTGCA-1",7,9
"CAAGGGAGTGTATTTG-1",3,10
"CAAGGTCCTATAGGCT-1",3,8
"CAAGTAAGTGATAGAC-1",7,7
"CAAGTCGTTGAAATCT-1",7,7
"CAAGTGAACTTTGGTT-1",7,16
"CAAGTGTGGTTGCAAA-1",5,3
"CAATAAACCTTGGCCC-1",2,14
"CAATACGAGAGTCTGA-1",8,5
"CAATACGCTCTGAGGC-1",2,2
"CAATATGTAGATTTAC-1",5,9
"CAATATTCTTGACCTA-1",4,16
"CAATATTGGACTAGTG-1",3,8
"CAATCCATTATCCGTT-1",8,9
"CAATCCCTATACCAGC-1",3,8
"CAATCCTGCCGTGGAG-1",3,8
"CAATGACCCTTAATTT-1",7,7
"CAATGAGGTTCGACTA-1",3,8
"CAATGCGAGAAGTATC-1",9,4
"CAATGGAATCTACATA-1",5,3
"CAATGGATCTCTACCA-1",3,10
"CAATGGTCGGCCTGGG-1",7,9
"CAATGTGCCAACCCTT-1",5,3
"CAATTGGGCCGCACTC-1",3,8
"CAATTTCGTATAAGGG-1",8,5
"CAATTTGACCGGGAAG-1",2,11
"CACAAGAAAGATATTA-1",3,8
"CACAAGCTAAGAAAGG-1",8,9
"CACAATGAGCTGCTAT-1",8,5
"CACACACGCTAACGAG-1",4,4
"CACACAGCTTGCGCTC-1",8,5
"CACACAGGGATAGATT-1",1,1
"CACACGCGCTGTCTTA-1",3,8
"CACACGTTTCAATGGG-1",5,10
"CACACTTGTATTGCGA-1",5,3
"CACAGAGACGAGGACG-1",9,15
"CACAGCACCCACGGCA-1",3,10
"CACAGGGCCATATAGT-1",4,4
"CACAGGGCCGTTGTCA-1",7,7
"CACAGTCCCGCTTCGC-1",4,4
"CACAGTTCGCTTCCCA-1",4,4
"CACATAAGGCGACCGT-1",5,10
"CACATATTAGCAGGAT-1",4,4
"CACATCGTGCACGCGC-1",7,7
"CACATCTCACCGACGA-1",7,7
"CACATGATTCAGCAAC-1",8,5
"CACATGTTTGGACATG-1",3,8
"CACATTCTTTCGATGG-1",2,2
"CACATTTCTTGTCAGA-1",8,9
"CACCAATCATCCGTCT-1",3,8
"CACCACGCCACACAGA-1",2,2
"CACCAGTCAGCATGCA-1",8,5
"CACCATCGGAGGAGAC-1",9,15
"CACCATGATCGCAAAG-1",3,8
"CACCCAAATCTTATGT-1",5,8
"CACCCACACGTCACCC-1",3,8
"CACCCACGAGGCAATT-1",2,14
"CACCCGGTTTGTGACT-1",4,16
"CACCCTAACAAGATCT-1",7,7
"CACCCTTGGTGAGACC-1",5,3
"CACCGATACACCGAGC-1",5,8
"CACCGCCGACCAGCGA-1",5,9
"CACCGCGTCCACTCTA-1",2,2
"CACCGGAGATATCTCC-1",5,3
"CACCGGTAGAGACATT-1",8,9
"CACCGTATCCCATCCG-1",4,4
"CACCGTTAGGGATCAC-1",4,16
"CACCGTTGCGCGATAT-1",8,5
"CACCTAATAGAGTCGT-1",2,2
"CACCTAATCAGTTTAC-1",2,15
"CACCTCGATGGTGGAC-1",3,8
"CACCTCTACGAGTGTG-1",9,11
"CACCTTGCGAAACTCG-1",1,1
"CACCTTGGCGCCTTTG-1",8,9
"CACGAAAGTTAGTCCC-1",8,5
"CACGACCACAGACTTT-1",8,9
"CACGACGTAATAGTAA-1",5,9
"CACGACTAAAGTTCTG-1",8,16
"CACGAGCAAACCAGAC-1",4,4
"CACGATTGGTCGTTAA-1",7,7
"CACGCACAGCGCAGCT-1",2,14
"CACGCAGCGAGGCTTT-1",3,8
"CACGCGGAACTGTTGC-1",8,9
"CACGGCGCGCCAAAGG-1",3,8
"CACGTCAATCAATGGA-1",4,4
"CACGTCGGCAACCTCT-1",8,5
"CACGTCTATGATGTGG-1",5,3
"CACGTTCGTGCTCTAG-1",8,9
"CACGTTTCGTACACAC-1",4,4
"CACTAAAGTTGCCTAT-1",5,8
"CACTACGGGAGCTGCC-1",4,4
"CACTACTCAGTTCTGT-1",5,9
"CACTCAAGAGCTATGG-1",8,5
"CACTCAGCTCTTGAGG-1",3,8
"CACTCCTATGTAAGAT-1",4,4
"CACTCCTCTCGGTCGG-1",3,8
"CACTCGAGCTGAACAA-1",4,4
"CACTCTCAAGCATCGA-1",7,7
"CACTCTTCTGCTAGCC-1",4,4
"CACTGACGATTGTGGA-1",7,7
"CACTGTCCAAGTGAGA-1",3,2
"CACTTAATCAGACGGA-1",5,8
"CACTTCGCCACAGGCT-1",2,14
"CACTTCGTCTTATCTC-1",2,14
"CAGAACTTAGCCCTCT-1",4,4
"CAGAATAACACACGGA-1",4,4
"CAGACACCGATCGCTG-1",6,6
"CAGACCTGTAAGTGTT-1",3,8
"CAGACGAACCTGATAC-1",4,4
"CAGAGACGGTCACCCA-1",4,7
"CAGAGCATGAGCTTGC-1",2,14
"CAGAGGCGATGCATGA-1",4,4
"CAGAGTGATTTAACGT-1",5,3
"CAGATAATGGGCGGGT-1",8,9
"CAGATACTAACATAGT-1",2,2
"CAGATATGAAGATGAC-1",4,4
"CAGATCATTTAAAGTC-1",1,1
"CAGATCCTGGTTTGAA-1",8,5
"CAGATGTTTGTCCCAA-1",3,8
"CAGCAGCCCGTTCCTT-1",3,10
"CAGCAGTCCAGACTAT-1",4,4
"CAGCAGTCTGTGCTGC-1",7,7
"CAGCCCTCACAGGCAG-1",7,7
"CAGCCGGGCCCTCTAT-1",5,8
"CAGCCTCCTGCAGAGG-1",1,14
"CAGCCTCTCCTCAAGA-1",3,8
"CAGCGATTCCCTTCAA-1",4,16
"CAGCGCCAACACGATA-1",1,1
"CAGCTCACTGAGACAT-1",3,8
"CAGCTCGACAAGTTAA-1",9,10
"CAGCTCGTGCTTGTGT-1",9,12
"CAGCTCTGGGCTCACT-1",7,7
"CAGCTGGCGTAACCGT-1",5,3
"CAGCTTAGTAGGTAGC-1",2,2
"CAGGAAGACTTTATAT-1",3,8
"CAGGATATATCGTTGT-1",4,4
"CAGGATCCGCCCGACC-1",7,7
"CAGGCAGTCTTACCAG-1",7,7
"CAGGCCAGTACCACCT-1",4,4
"CAGGCCGTTTGGGTGT-1",5,3
"CAGGCGCACGGTGGTC-1",4,16
"CAGGCGCCATGCTAGG-1",4,4
"CAGGGAGATAGGCCAG-1",4,4
"CAGGGCTAACGAAACC-1",5,2
"CAGTAACTATTTATTG-1",2,14
"CAGTAAGGGACGTCTC-1",5,3
"CAGTAATCCCTCCCAG-1",2,14
"CAGTACATTCTCTAAA-1",2,14
"CAGTACCAGTTTACGT-1",5,3
"CAGTAGCCCACGCGGT-1",2,14
"CAGTAGCGAGGTAGTA-1",5,10
"CAGTCCAACGCCTTCT-1",5,3
"CAGTCGAGGATGCAAT-1",2,14
"CAGTCGGCCTAGATAT-1",5,3
"CAGTCTCTCGGCTAAT-1",5,3
"CAGTCTGTATACTGGG-1",8,5
"CAGTGAATAAATGACT-1",2,14
"CAGTGGTTGCACATGA-1",2,2
"CAGTGTCCGCAGAATG-1",3,8
"CAGTGTCGGCTGGCCC-1",4,4
"CAGTGTTAATCTCTCA-1",4,4
"CAGTTCAAATTGACAC-1",2,2
"CAGTTCCGCGGGTCGA-1",1,1
"CAGTTCGAGGACCCGA-1",7,7
"CATAACGGACAGTCGT-1",5,3
"CATAAGAAGCTTGGCT-1",7,7
"CATAAGCTCTCCGTCT-1",5,3
"CATAATGAGCGGGCGA-1",4,10
"CATACAAAGCCGAACC-1",9,15
"CATACACAAAGTCAGC-1",3,8
"CATACACGGTTCCCAC-1",7,7
"CATACCCGTACCCAGT-1",3,8
"CATACGAACTAGCTGG-1",4,16
"CATACGGCGTCTGGGC-1",8,5
"CATACTATGTAATTGT-1",5,3
"CATACTTAGGCAATAC-1",5,3
"CATACTTCTTTCTCCG-1",7,7
"CATAGAGGAGATACTA-1",7,9
"CATAGCCGCCCGGGAT-1",1,1
"CATAGCGTTGCCCACC-1",4,4
"CATAGGGACACTTGTG-1",4,4
"CATAGTACATTGAGAG-1",3,8
"CATAGTAGCATAGTAG-1",9,11
"CATAGTCAAATACATA-1",7,7
"CATAGTCCACAAGAAC-1",8,5
"CATATACTACTGATAA-1",2,2
"CATATAGGTACAGTCA-1",8,5
"CATATGTCAGGCTACG-1",3,8
"CATATTATTTGCCCTA-1",5,9
"CATCAAACTGGCGCCC-1",3,8
"CATCATCTACCCGGAC-1",3,8
"CATCATTACCCTGAGG-1",4,4
"CATCCAATATAGTTTG-1",4,4
"CATCCGCAGGCCCGAA-1",2,14
"CATCCTCTCAAAGATC-1",4,4
"CATCGAATGGATCTCT-1",3,8
"CATCGCCCGCGGCCAA-1",9,11
"CATCGGACGGGTTAAT-1",8,5
"CATCTACCCGAGAACG-1",5,3
"CATCTAGTGAAGGGAA-1",8,5
"CATCTATCCCGTGTCT-1",2,2
"CATCTTACACCACCTC-1",5,3
"CATGAACCTCTTATCA-1",7,9
"CATGACTTCGCTGAAT-1",5,3
"CATGAGATGCACTCTC-1",7,7
"CATGAGTCCATCACGG-1",4,4
"CATGATGCACAATTCT-1",2,14
"CATGATGGAAGTTAGC-1",8,9
"CATGCACATGAGAGGC-1",4,4
"CATGCACGTGTTACTG-1",9,13
"CATGCATGGAGACCCT-1",7,9
"CATGCCAACTCGCAAA-1",5,3
"CATGCGACCAGTTTAA-1",2,15
"CATGCGTTAGACAGAA-1",3,8
"CATGCGTTGAGAGGAG-1",7,7
"CATGCTGGCTCCAATT-1",3,8
"CATGGAAATGGGACCA-1",5,9
"CATGGATTGTCTTCCG-1",4,4
"CATGGGTATGCCTTAT-1",9,11
"CATGGTAAGTAGCGTT-1",4,4
"CATGGTATTAGTTTGT-1",5,3
"CATGGTTTATTAATCA-1",4,10
"CATGTAAGAGACATTT-1",4,4
"CATGTCTCATTTATGG-1",4,4
"CATTACATAGATTGTG-1",2,2
"CATTACGTCGGCCCGT-1",2,2
"CATTATAACAGGGTCC-1",7,9
"CATTATCCCATTAACG-1",7,7
"CATTATGCTTGTTGTG-1",2,2
"CATTCACTGACAGCTA-1",7,9
"CATTCAGGTCAGTGCG-1",3,8
"CATTCCCATTCCGTCG-1",3,8
"CATTCCCTAAGTACAA-1",2,2
"CATTCGTCGTAGCGGT-1",4,16
"CATTGCAAAGCATAAT-1",8,9
"CATTGCGGGTCAATTC-1",2,2
"CATTGTGTGCTAGATC-1",2,2
"CATTTAGCGGACCATG-1",9,11
"CATTTATCGTTCAAGA-1",5,9
"CATTTCTAGCAGACTA-1",9,15
"CATTTGAGTGGTACGT-1",4,4
"CCAAACAGAACCCTCG-1",2,10
"CCAAAGCAGTTGGTTG-1",2,14
"CCAAAGTCCCGCTAAC-1",5,9
"CCAAATAACAAGATTC-1",8,5
"CCAAATCAAAGGGCAA-1",4,4
"CCAACCTTATGTAACT-1",7,7
"CCAACGATGCACTGAT-1",3,2
"CCAACGCTTGCCAGGG-1",5,7
"CCAACTTGATAGATCC-1",8,5
"CCAAGAAAGTGGGCGA-1",4,13
"CCAAGCGTAACTCGTA-1",9,11
"CCAAGCTTGATCTCCT-1",3,10
"CCAATAGTGCCGTCGA-1",3,8
"CCAATCGGTAGATCGA-1",3,8
"CCAATGTCACAGCAAG-1",8,5
"CCAATTACGGGTCGAG-1",2,2
"CCAATTGAATGTTAAT-1",2,2
"CCACAATGTACGTCTT-1",3,10
"CCACACTGAGATATTA-1",8,5
"CCACAGCTGAAATCAT-1",9,13
"CCACAGTACCCATCCT-1",4,4
"CCACATACTGCACCCA-1",8,5
"CCACATGGCTCTTTAT-1",3,8
"CCACCAACTTTACTGT-1",4,16
"CCACCCAAGGAAAGTG-1",6,15
"CCACGAATTTAACCTC-1",5,9
"CCACGAGAAGAGAATC-1",3,8
"CCACGGAGCCATAAGA-1",8,5
"CCACGGCAGGTGTAGG-1",7,7
"CCACGGTGCCCGGTAG-1",3,8
"CCACGTAAATTAGACT-1",3,8
"CCACTATCCGGGTCAC-1",3,8
"CCACTCAGATCCGCAA-1",4,9
"CCACTGGTGGCTGGTT-1",3,3
"CCACTGTTTGGATTAA-1",4,4
"CCAGAAAGCAACTCAT-1",4,16
"CCAGAGACAAAGCCGG-1",1,14
"CCAGCCTGGACCAATA-1",8,5
"CCAGCTACGCCTCATA-1",9,15
"CCAGCTCGAACGCATT-1",7,7
"CCAGCTGATGGTACTT-1",3,8
"CCAGCTTCCGCCCGCA-1",1,10
"CCAGGCGAGATGGTCT-1",4,10
"CCAGGCTGGCGTCTGA-1",4,16
"CCAGGGACGTGGCCTC-1",2,2
"CCAGTAGTCTGATCCA-1",2,2
"CCAGTCAAATCTCTTA-1",2,2
"CCAGTCCATTATTCGA-1",3,8
"CCAGTCTAGACGGCGC-1",2,10
"CCAGTCTTGTCATAGA-1",6,15
"CCAGTGTACAGACCGA-1",4,4
"CCAGTTCGGTAACTCA-1",7,9
"CCATAAACAACCCGAC-1",3,8
"CCATAACCTGTGCAGT-1",3,8
"CCATACCTTTACTTGT-1",3,8
"CCATAGAGGCTGCCAG-1",5,3
"CCATAGGTTGGCGTGG-1",9,11
"CCATAGTCAGTAACCC-1",2,14
"CCATATGGAAACTATA-1",4,4
"CCATATTGGATCATGA-1",2,14
"CCATCATAAGAACAGG-1",8,9
"CCATCCATACCAAGTC-1",3,8
"CCATCGCAGTTAAACT-1",9,13
"CCATCTCACCAGTGAA-1",5,3
"CCATGCCCTAGATTTC-1",4,4
"CCATGCCTGTTTAGTA-1",5,10
"CCATGCTCTGCAGGAA-1",2,14
"CCATGGCAAACGCTCA-1",7,7
"CCATGGCCCTTGTACC-1",2,2
"CCATGTTCATCTATAT-1",4,4
"CCATTAGCGATAATCC-1",3,8
"CCATTCCCTGCCCACA-1",3,8
"CCATTGTTTCCTCCAT-1",3,8
"CCATTTCTACCTATTA-1",7,7
"CCCAAACATGCTGCTC-1",5,3
"CCCAACATACGTCGCG-1",8,5
"CCCAACCACACTAACA-1",5,9
"CCCAAGAATGCACGGT-1",4,4
"CCCAAGACAGAGTATG-1",5,3
"CCCAAGTCATTACACT-1",7,7
"CCCAATGAGATTTGCA-1",7,7
"CCCAATTTCACAACTT-1",5,3
"CCCACTCCACGGTATC-1",3,8
"CCCAGAGGAGGGCGTA-1",2,14
"CCCAGATTCCCGTGAC-1",7,7
"CCCAGGAAGAATTCGA-1",7,9
"CCCAGGTCTGAAGGCT-1",4,4
"CCCAGTAAACTTGGGA-1",5,3
"CCCAGTTAAGGCGCCG-1",8,9
"CCCGAAGTTTCGCGAA-1",5,3
"CCCGACCATAGTCCGC-1",2,2
"CCCGAGTTTCTCCGTA-1",8,5
"CCCGCAGCGCGAACTA-1",4,4
"CCCGCAGGGCCCAAAG-1",5,3
"CCCGCCATGCTCCCGT-1",2,2
"CCCGCGCAATGCACCC-1",2,2
"CCCGCTAGAGGGTTAA-1",8,9
"CCCGCTTGCCCTCGTC-1",5,9
"CCCGGGTCGTTCAGGG-1",7,13
"CCCGGTGGAAGAACCT-1",1,1
"CCCGGTGTATCGGAAT-1",5,3
"CCCGTAAGTCTAGGCC-1",3,3
"CCCGTAGCTGGGAAGA-1",4,4
"CCCGTGAGGGCGGTGA-1",2,2
"CCCGTGGGTTAATTGA-1",3,2
"CCCGTTTCGCAGATGT-1",4,4
"CCCTACTTGAACAATG-1",7,9
"CCCTAGGCAACAAGAG-1",5,3
"CCCTAGTGTCAGGTGT-1",3,8
"CCCTATGTAGAGCAGA-1",4,16
"CCCTCAGATCGAGAAC-1",6,6
"CCCTCATCACAGAGTA-1",4,4
"CCCTCATTCTGGAATT-1",9,11
"CCCTCCTCGCTCGTAT-1",4,4
"CCCTCGATAATACACA-1",7,7
"CCCTCGGGAGCCTTGT-1",7,9
"CCCTGAAATGAGTTGA-1",3,8
"CCCTGATGTAACTCGT-1",2,1
"CCCTGCCCAATCCGCT-1",5,3
"CCCTGCGCTACGCATA-1",2,2
"CCCTGGCTGTTCCTTC-1",5,3
"CCCTGGGAGGGATCCT-1",7,9
"CCCTGGTATGGGCGGC-1",5,9
"CCCTGTTGGCAAAGAC-1",2,14
"CCCTTCTCGTACGCGA-1",5,9
"CCCTTTAATGGAGTTC-1",4,4
"CCCTTTGACAGGTCTT-1",4,4
"CCGAAACACGACCTCT-1",8,9
"CCGAAAGTGGTGAGCA-1",3,8
"CCGAACACTGGGCCTC-1",5,3
"CCGAACCTTCCCGGCC-1",4,4
"CCGAAGCATTGACCAA-1",5,3
"CCGAAGTATATTGTTC-1",2,14
"CCGACAAACACATGAG-1",2,14
"CCGACAAAGGGAGTGC-1",2,2
"CCGACAATAGGCCGCC-1",4,4
"CCGACGGGCATGAGGT-1",6,15
"CCGACGTAAACACAAC-1",3,8
"CCGACTCGCATAGTCT-1",7,9
"CCGAGAAGTCGCATAA-1",8,5
"CCGAGCTGTGCTTGTC-1",2,2
"CCGAGGGATGTTAGGC-1",7,5
"CCGATCTCAACCTTAT-1",5,3
"CCGATCTTAAGAGGCT-1",3,8
"CCGATTCGAGGGACCC-1",3,8
"CCGATTGGTCAATGAA-1",8,9
"CCGCACAAAGACCAAC-1",5,16
"CCGCACACGAACGTGT-1",8,5
"CCGCACGTGACCTCGG-1",2,14
"CCGCATGTGGTACGAT-1",7,7
"CCGCCACCACAATCCA-1",7,7
"CCGCCGGAACTTCTCG-1",5,3
"CCGCCGGTCAACACAC-1",9,10
"CCGCCGTTGAGGATAA-1",8,5
"CCGCCTGCGAATTGGT-1",3,8
"CCGCCTTGCGATGTCG-1",5,2
"CCGCGCAAGATACCCA-1",5,3
"CCGCGGAATGCGTCAC-1",9,13
"CCGCGGGTACGAAGAA-1",2,2
"CCGCTATCAGCACCAG-1",4,4
"CCGCTCCAGGGCGATC-1",7,7
"CCGCTCCGGATAAGCT-1",4,4
"CCGCTCTTCCGAACTA-1",7,7
"CCGCTGGTGCCATTCA-1",5,9
"CCGCTTACCTCACTCT-1",8,5
"CCGCTTCGCGGTTAAC-1",8,9
"CCGCTTGCTGACATGG-1",2,2
"CCGGAATGGTTTCAGT-1",2,14
"CCGGAGCGTACTTTCT-1",7,7
"CCGGAGGTCTTATGGT-1",2,14
"CCGGCACGACCGTTTC-1",3,8
"CCGGCCGCGAGCATAT-1",5,3
"CCGGCGCATATTGGAT-1",9,11
"CCGGCGTGAGACTCTG-1",5,3
"CCGGGCGGTCTCGTCA-1",3,10
"CCGGGCTAAGAATTTC-1",4,4
"CCGGGCTGCTCCATAC-1",5,3
"CCGGGTTCGAGGTTAC-1",5,3
"CCGGTAATGGCTAGTC-1",5,3
"CCGGTGCGAGTGATAG-1",2,14
"CCGGTTTGTAATTGTG-1",4,4
"CCGTAAGTTGGTCCCA-1",5,3
"CCGTACCCAAGCGCCA-1",9,13
"CCGTAGGAAATCCCTG-1",6,15
"CCGTAGGGTTGTTTAC-1",4,4
"CCGTATCTCGTCGTAG-1",8,5
"CCGTATTAGCGCAGTT-1",3,2
"CCGTCAACCTCTGGCG-1",8,9
"CCGTGAGGCATTCATG-1",3,3
"CCGTGGAACGATCCAA-1",2,14
"CCGTGTTAAATTCCAT-1",8,5
"CCGTTACGTTAGAACA-1",2,14
"CCGTTCCGAATCTCGG-1",5,3
"CCGTTTCCTTTCCGTG-1",7,7
"CCTAAACAGGGTCCGT-1",8,9
"CCTAAAGGCTGACGCT-1",3,8
"CCTAAATTAACGGTTC-1",8,5
"CCTAAATTGTATCCTA-1",8,5
"CCTAACCCAAACAAGT-1",4,4
"CCTAACTAAGGCTCTA-1",2,14
"CCTAAGTGTCTAACCG-1",5,8
"CCTACAAGTCCGGAAT-1",5,8
"CCTACATTCACAGACG-1",8,5
"CCTACGCGACCTTACA-1",8,9
"CCTACGGCTCAGTCGA-1",9,8
"CCTACTCAACACGATT-1",4,16
"CCTACTGCTTACACTT-1",2,2
"CCTAGGCGTAGCGATC-1",5,3
"CCTAGGTAAAGGTAGC-1",5,3
"CCTAGTTAGTCGCATG-1",3,8
"CCTATAATGAGTGCCC-1",9,13
"CCTATACCGTCCTGTC-1",4,4
"CCTATATCGTGTCACG-1",5,3
"CCTATATTTGTCCTGG-1",7,7
"CCTATCTATATCGGAA-1",2,2
"CCTATGAAGTGGTGCC-1",5,3
"CCTATGGCTCCTAGTG-1",4,4
"CCTATGGTCAAAGCTG-1",7,7
"CCTATGTCCACTCCAC-1",7,7
"CCTATTATTCCGGCCG-1",5,3
"CCTCAACGATCGCTGT-1",3,8
"CCTCACCAATCTTGAC-1",3,8
"CCTCACCTGAGGGAGC-1",3,8
"CCTCACCTTAGCATCG-1",2,10
"CCTCACGTCAGCTAAT-1",4,4
"CCTCATGCAGCTACGA-1",9,15
"CCTCCCGACAATCCCT-1",5,8
"CCTCCGACAATTCAAG-1",3,8
"CCTCCTAGCTAGAGTC-1",8,9
"CCTCCTGAGCCCACAT-1",2,2
"CCTCCTGTTGTGTCGT-1",7,4
"CCTCGAAGTGGACGGG-1",3,8
"CCTCGACCCACTGCCT-1",7,9
"CCTCGCCAGCAAATTA-1",2,10
"CCTCGCGCGATATAGG-1",2,14
"CCTCGCGCTGTGCGAT-1",7,7
"CCTCGGACCGGGATAG-1",8,9
"CCTCGGTTTCCTTGCC-1",7,13
"CCTCGTTACGCCTGTT-1",5,9
"CCTCTAATCTGCCAAG-1",2,14
"CCTCTACAAGGATTGG-1",4,4
"CCTCTATCGATTAGCA-1",8,5
"CCTCTCTCCCATCTAG-1",3,8
"CCTCTGGCCTAGACGG-1",3,8
"CCTCTGTACTATTCTA-1",7,7
"CCTGAACGATATATTC-1",5,9
"CCTGAATATTTACATA-1",1,1
"CCTGACCACCGATGGT-1",4,4
"CCTGACGCAACCTTTA-1",8,9
"CCTGAGAATAAATGCA-1",7,7
"CCTGCCCGTTGTCTAG-1",2,14
"CCTGCGATAGAACTGT-1",3,8
"CCTGCGTTCTACGCTT-1",1,1
"CCTGGAAACGTTCTGC-1",5,3
"CCTGGCTAGACCCGCC-1",2,2
"CCTGGTCGAATGTGGG-1",7,7
"CCTGTAAGACATGATA-1",5,3
"CCTGTACTCACGCCCA-1",5,3
"CCTGTCCCTCACGTTA-1",5,3
"CCTGTCGCCCGTAAAT-1",8,5
"CCTGTCGTGTATGAAG-1",8,9
"CCTGTGCGGATTGTAA-1",8,9
"CCTGTTCAACCTCGGG-1",7,7
"CCTGTTTGAAGACACG-1",4,4
"CCTTCAGTTAAAGTGA-1",7,7
"CCTTCCGCAACGCTGC-1",4,4
"CCTTCGTATAGAATCC-1",7,7
"CCTTCTCAGCGTTCCT-1",5,3
"CCTTCTTGATCCAGTG-1",2,10
"CCTTGACCACTTTATT-1",4,4
"CCTTGTGAACGTGGTT-1",7,7
"CCTTTAAGGGAGCACT-1",7,13
"CCTTTCAATGAAGAAA-1",2,14
"CCTTTGAATTATGGCT-1",5,3
"CGAAACATAGATGGCA-1",3,8
"CGAAACGCAATTCATG-1",5,3
"CGAACAGTATGGGCGT-1",4,4
"CGAACATAGTCAGAAA-1",5,3
"CGAACCCGCATGCGTC-1",4,4
"CGAACCTCTTTCCTAG-1",4,4
"CGAACGCCCAGTGCCG-1",3,8
"CGAACGGCCGGACAAC-1",5,3
"CGAAGACTGCCCGGGA-1",5,3
"CGAAGATCAGTTTCAT-1",7,4
"CGAAGCCACAGCATGG-1",8,9
"CGAAGCTATAAATTCA-1",2,14
"CGAAGGGTTTCAGATT-1",8,9
"CGAAGTTGCTCTGTGT-1",3,8
"CGAATCTGCTCGACGC-1",8,5
"CGAATGAAGTCATTGC-1",8,5
"CGAATGACGCATAATG-1",7,7
"CGAATGGTAGGTCGTC-1",7,7
"CGAATTACATGGTGTT-1",8,9
"CGACAATTTGATCTAA-1",8,9
"CGACACCGCTTAAGGA-1",5,3
"CGACACGCTCCGACAG-1",8,9
"CGACAGTTCGCGTTAT-1",5,3
"CGACATGCGATCTTCT-1",5,3
"CGACCCTTAACGCCGG-1",5,3
"CGACCGTTGGTATTCG-1",4,4
"CGACCTACTAGACAAT-1",2,14
"CGACGCATCCGTACCT-1",5,3
"CGACTTGCCGGGAAAT-1",4,4
"CGACTTTGTATAGCCT-1",3,8
"CGAGACCCTAGAGTGT-1",4,4
"CGAGAGATGTGAACCT-1",3,10
"CGAGAGCGCGTAGATA-1",5,3
"CGAGAGCTTTCACTAC-1",7,7
"CGAGAGGGTAGCCGCG-1",4,4
"CGAGATGTTGCCTATA-1",5,10
"CGAGATTTCGCTCGGG-1",8,5
"CGAGCACTTCAAGTTT-1",1,14
"CGAGCTGGGCTTTAGG-1",3,8
"CGAGGAGCTTCCATAT-1",1,14
"CGAGGATCGGGAACGA-1",2,2
"CGAGGCCAGGCATTGG-1",3,8
"CGAGGCTAAATATGGC-1",3,10
"CGAGGGACTGCGGTCG-1",8,9
"CGAGGGTATCCAGGTG-1",7,13
"CGAGTACTAAAGAGGA-1",8,5
"CGAGTGAAGGTACCAG-1",4,16
"CGAGTGCTATAGTTCG-1",9,15
"CGAGTTTATCGGACTG-1",5,3
"CGATAATACTCAGGTT-1",8,5
"CGATACCTCGCGGACA-1",8,5
"CGATAGCGATACAGTG-1",8,9
"CGATAGTCGTACTGCA-1",7,7
"CGATATTAGCCGCAGG-1",9,15
"CGATCATTAGAGGCAC-1",3,8
"CGATCCACCATTGTTG-1",7,7
"CGATCCGACCCAGTGC-1",8,5
"CGATCCTCGCAACATA-1",7,7
"CGATCGAGAAGCACCA-1",7,4
"CGATCTGTTGGAGGAC-1",5,3
"CGATGGACCCTACGCC-1",2,14
"CGATGTTGTTATCTAC-1",5,3
"CGATTAAATATCTCCT-1",7,7
"CGATTCGCCTGGCTGC-1",7,15
"CGATTTGTCATTAATG-1",4,4
"CGCAAACACGAGTTAC-1",2,14
"CGCAATTACTTTCGGT-1",2,14
"CGCAATTAGGGTAATA-1",2,2
"CGCAATTCTACAATAA-1",1,1
"CGCACATGTCCACTAC-1",8,9
"CGCACGTCTGTTTATG-1",5,3
"CGCACGTGCGCTATCA-1",5,3
"CGCAGAAACATTTGCG-1",7,7
"CGCAGATCTTCACCCG-1",2,2
"CGCAGGCGATCCAAAC-1",4,4
"CGCATCATGGCTTCAG-1",5,8
"CGCATCCATCAGCCAG-1",3,8
"CGCATGCCGAATGCGT-1",7,9
"CGCATGGTGCGATGCT-1",8,5
"CGCATTAGCTAATAGG-1",2,10
"CGCCAAGAAGCCGAGT-1",3,8
"CGCCACAGGTCGCGAT-1",5,3
"CGCCACCCGCATTAAC-1",3,8
"CGCCAGTAGTACCTTG-1",8,9
"CGCCATCCGATTATGA-1",1,1
"CGCCCAGCACGCCTAG-1",7,7
"CGCCCAGCGTTTCACG-1",7,7
"CGCCCGCTTCCGTACA-1",2,2
"CGCCCTAATTGTTCAA-1",8,9
"CGCCCTTACATCCACC-1",8,9
"CGCCCTTGAAGGCTGA-1",1,1
"CGCCGCCCATGCCTGT-1",8,9
"CGCCGCGTTCTGAACG-1",7,7
"CGCCGTCTACCCATCG-1",5,3
"CGCCGTTCAGCATAGT-1",4,4
"CGCCTCCCTCCTCTAT-1",4,4
"CGCCTGGCCTACGTAA-1",5,3
"CGCCTTTAGCATGCTC-1",8,5
"CGCGAAGTGGCATACT-1",7,9
"CGCGACCGCGACAGAT-1",7,7
"CGCGAGAGGGACTTGT-1",3,2
"CGCGAGTCTGCCGGGT-1",5,3
"CGCGCAAATGTCCAGA-1",8,5
"CGCGCAAGGAACTACA-1",9,11
"CGCGCATGTTTGATTG-1",4,4
"CGCGCCCGACTTAATA-1",2,2
"CGCGGCAGTATTACGG-1",2,2
"CGCGGCTCAACTTGAA-1",8,9
"CGCGGGAATTAGGCAG-1",3,10
"CGCGGGAATTCCTTTC-1",4,9
"CGCGGTAAGTCTAGCT-1",3,8
"CGCGGTACGGTATACA-1",4,16
"CGCGGTCACAAACCAA-1",2,2
"CGCGTACATTCTGGAA-1",5,3
"CGCGTCATATTAAACC-1",7,7
"CGCGTGCTATCAACGA-1",5,10
"CGCGTGGGCCTGTGTT-1",5,9
"CGCGTTCATGAAATAC-1",2,2
"CGCTACCGCCCTATGA-1",7,9
"CGCTACGGGACATTTA-1",8,5
"CGCTAGAGACCGCTGC-1",5,3
"CGCTATACCGCCCACT-1",9,15
"CGCTATTCAATGTATG-1",3,8
"CGCTATTCTTAGGCTC-1",8,5
"CGCTCGACATAATGAT-1",2,11
"CGCTCTCCGTAGATTA-1",3,8
"CGCTGAGGACGTCCAA-1",7,9
"CGCTGGTGACTACCCT-1",4,4
"CGCTGTGACGCCGCAC-1",2,14
"CGCTGTGTGGATGTTG-1",7,7
"CGCTTAGTATTGATAC-1",7,7
"CGCTTATTCCCGGTCG-1",5,3
"CGCTTCCACTGAAATC-1",3,10
"CGCTTCGGTCTAAGAC-1",8,9
"CGCTTGGACGGATAGA-1",4,4
"CGCTTTCCGCCAAGGT-1",7,4
"CGCTTTCTTGCATTCG-1",3,10
"CGGAAAGAATCAAACG-1",7,7
"CGGAAATTTCACATCC-1",5,9
"CGGAACGTAAACATAG-1",8,5
"CGGACCTCTGTAGTTA-1",7,7
"CGGACCTTTACGTCCC-1",7,4
"CGGACGTTACTTGAAG-1",2,2
"CGGAGCAATTTAATCG-1",7,7
"CGGAGCATGGCGATCC-1",8,5
"CGGAGCTTATAACACC-1",5,8
"CGGAGTCCTAACCTGG-1",8,9
"CGGAGTTTGAGAGACA-1",2,2
"CGGATAAGCGGACATG-1",2,14
"CGGATCCTCAAGGACT-1",7,7
"CGGATGAATGCTGTGA-1",4,4
"CGGATTCTGCCTTATG-1",4,4
"CGGCAAACATCGTGCG-1",7,12
"CGGCAATAAGATCGCC-1",4,4
"CGGCACCGTTAGCGCC-1",5,8
"CGGCACTCAAGAAAGT-1",9,13
"CGGCAGGGTCGGGTTG-1",3,8
"CGGCCACGCACAAAGT-1",5,3
"CGGCCAGAGCGACCAT-1",7,7
"CGGCCCAACCTGTAGT-1",3,2
"CGGCCCAGGTATATCC-1",8,9
"CGGCGCCATCAATCCC-1",9,15
"CGGCTCTAAAGCTGCA-1",8,5
"CGGCTCTTCGTCGAAC-1",5,3
"CGGCTGAAGGTTACGC-1",5,3
"CGGCTGCAAGATTAAG-1",7,7
"CGGCTTTGTATGATAA-1",7,7
"CGGGAACGCCCTGCAT-1",8,9
"CGGGAAGTACCGTGGC-1",8,9
"CGGGAATATAGTATAC-1",8,9
"CGGGAATTTATGTAAA-1",4,4
"CGGGAGCTTCAGTGTA-1",4,4
"CGGGAGTATACCGCCG-1",2,14
"CGGGCAGCTAAACCGC-1",3,8
"CGGGCCATAGCCGCAC-1",2,2
"CGGGCCTTCTTTGTAA-1",8,5
"CGGGCGATGGATCACG-1",7,4
"CGGGTGTACCCATTTA-1",3,10
"CGGGTTCGGCACGTAT-1",5,3
"CGGGTTGTAGCTTTGG-1",5,8
"CGGGTTTGTTAGGGCT-1",4,4
"CGGTACGGCAAACCCA-1",3,8
"CGGTACTAGAATCAAA-1",8,9
"CGGTAGAGGTGCAGGT-1",2,14
"CGGTATAGGTATTAGC-1",3,7
"CGGTATGGGCACTCTG-1",7,4
"CGGTCAAGTGGGAACC-1",2,10
"CGGTCCATGAGACTCC-1",2,14
"CGGTCCGTCGCAAGCC-1",7,7
"CGGTCTATCAACCCGT-1",3,2
"CGGTGAAGACTAAAGT-1",2,2
"CGGTGCAGATAGAACG-1",8,5
"CGGTGCGCGTTGGTCC-1",8,5
"CGGTGGGCTCCAGCCT-1",3,8
"CGGTGTACTTGATCCC-1",3,8
"CGGTTATCCAACAGTG-1",3,8
"CGGTTCAAGTAGGTGT-1",2,14
"CGGTTCCGGCTTCTTG-1",9,15
"CGGTTGACCTGGCATA-1",3,3
"CGGTTGAGTATCCTTC-1",9,13
"CGGTTGGGCAGGGTCC-1",7,4
"CGGTTGGGTTCAAGTT-1",5,8
"CGGTTTACTGAACATT-1",5,9
"CGGTTTATGAAGGAAC-1",5,8
"CGTAAACGCTTGAGTG-1",9,11
"CGTAAAGCAAGAAATC-1",7,7
"CGTAAATAACAAAGGG-1",7,7
"CGTAACTTCGACACTT-1",7,15
"CGTACCGAAAGTCTAG-1",2,14
"CGTACCTGATAGGCCT-1",2,14
"CGTAGAGAGTAATTAT-1",7,7
"CGTAGCGAATTGTCAG-1",3,8
"CGTAGCGCCGACGTTG-1",7,7
"CGTATTAAGAGATCTA-1",3,8
"CGTATTGTTTGGCGCC-1",8,9
"CGTCAATCTTTAACAT-1",2,14
"CGTCACGTCCATTGGT-1",4,4
"CGTCAGCTATTTACTC-1",2,14
"CGTCAGTTTATCGTCT-1",9,11
"CGTCATACCATATCCA-1",2,14
"CGTCGCATGTGAGCCA-1",7,7
"CGTCGCGGCGGGATTT-1",2,2
"CGTCGCTTGGTTATAC-1",4,4
"CGTCGGATAGTGTTGA-1",3,8
"CGTCGGGTCTAAGCGC-1",8,5
"CGTCGTCCTTCGCGAA-1",7,7
"CGTCTGGAAGGGCCCG-1",3,8
"CGTGAACTGACCCGAT-1",8,9
"CGTGAAGTTAATTCAC-1",8,5
"CGTGACATTGGGTCGT-1",3,8
"CGTGACCAGTCCTCTG-1",7,7
"CGTGCACACCACTGTA-1",7,9
"CGTGCAGACTGGGACA-1",8,9
"CGTGCATTGTCGACGC-1",5,3
"CGTGCCCGACATTTGT-1",7,7
"CGTGCCCTCCCGAAGA-1",4,4
"CGTGCTGGCCTAGTCG-1",3,8
"CGTGCTTCTACCTAAA-1",4,4
"CGTGGAAGCCTCGTAC-1",8,5
"CGTGGCCGAATATCTA-1",8,5
"CGTGGTACCCAAAGGC-1",6,15
"CGTGTCCCATTCGCGA-1",2,14
"CGTGTCTCGTTACGAC-1",4,4
"CGTGTGTTAAACCCTG-1",3,8
"CGTTAAACTAGTTAGG-1",8,5
"CGTTAATGTCCCGACG-1",7,7
"CGTTAGCTCACAACTG-1",3,8
"CGTTATCATACTTCCA-1",2,14
"CGTTCAAGGAAACGGA-1",7,7
"CGTTCAGACCCGCGAA-1",7,7
"CGTTCATGGTGCGCGT-1",5,3
"CGTTCTTCGCACACCT-1",2,14
"CGTTGAATACCGCGCT-1",7,7
"CGTTGAGCGACCGTCG-1",4,4
"CGTTGAGTAATTGCGT-1",3,8
"CGTTGCCCGCGTGGGA-1",7,7
"CGTTGTAAGATTGATT-1",2,2
"CGTTGTCGGCAATTGA-1",7,7
"CGTTGTTTCAATTCCC-1",3,8
"CGTTTAAGCGGAGCAC-1",9,10
"CGTTTACAAGGCAGCT-1",1,14
"CGTTTCACTTCGGGCG-1",2,2
"CGTTTCGCTCATTACA-1",5,8
"CGTTTGGTGTTGTGGG-1",4,16
"CGTTTGTGTAGAGGGT-1",4,4
"CTAAACGGGTGTAATC-1",7,9
"CTAAAGAATGCCTACT-1",3,3
"CTAAAGGATGAGATAC-1",8,9
"CTAAAGGGAAATAGGA-1",4,4
"CTAAAGTCCGAAGCTA-1",5,8
"CTAAATCCGGTGTACA-1",4,4
"CTAAATCCTATTCCGG-1",2,14
"CTAACAGCACAATAAC-1",5,3
"CTAACCGCGCGCCCGT-1",5,3
"CTAACGAAACTTGCTG-1",3,8
"CTAACTGATAATCGCC-1",4,4
"CTAACTGGTCCGGTTC-1",8,5
"CTAAGGGAATGATTGG-1",4,4
"CTAAGTACAGGGCTAC-1",4,4
"CTAATTATGAAGCGTA-1",3,8
"CTAATTCGCACGCGCT-1",2,14
"CTAATTCTCAGATATT-1",2,2
"CTAATTTCAACAACAC-1",2,2
"CTACAAGAAATAACCC-1",4,4
"CTACACTAGCTTGTTC-1",9,11
"CTACACTCGCAGATGG-1",4,4
"CTACATATCGCGGGAC-1",8,9
"CTACCCTAAGGTCATA-1",3,8
"CTACGAACTAGGTCGA-1",5,9
"CTACGACTAGCTATAA-1",4,4
"CTACGATCCTATCCTA-1",4,4
"CTACGCACGGAGTACC-1",5,3
"CTACGCCATTTCCGAT-1",9,11
"CTACGTGTTGCCACCA-1",3,8
"CTACTATCATAGGTTT-1",8,5
"CTACTATCTTTCAGAG-1",3,8
"CTACTCAAGGTATAGT-1",7,7
"CTACTCTAGGCCCGGC-1",2,2
"CTAGACATATATGTAG-1",5,3
"CTAGACTGCATTTCGT-1",5,7
"CTAGATAAACTCCTCG-1",5,8
"CTAGATGTGAGTGTAA-1",3,8
"CTAGATTTACGACGGC-1",4,4
"CTAGCAACTAATTTAC-1",5,10
"CTAGCATAGTATAATG-1",5,10
"CTAGCCACAGGCGAGC-1",4,4
"CTAGCCCGGGAGACGA-1",7,4
"CTAGCCGATGTTATGA-1",1,1
"CTAGCGCCAATCCTAC-1",8,9
"CTAGGCGCCCTATCAG-1",4,4
"CTAGGCGGCAGAGAAT-1",9,10
"CTAGGGATAGGGACAA-1",9,13
"CTAGGTCTGAAGGAAT-1",5,3
"CTAGGTTCGGACGTGA-1",7,7
"CTAGTAGAAAGGGATT-1",7,15
"CTAGTATTCGGAATTA-1",3,8
"CTAGTCACGTCTTAAG-1",8,9
"CTAGTGAAGGACAGGA-1",3,8
"CTAGTTACAACCCGGT-1",7,13
"CTATAAGAGCCAATCG-1",2,2
"CTATAAGTAGGGTTTG-1",4,9
"CTATACTTAAAGCGAG-1",5,3
"CTATAGGCGTTGATGT-1",7,7
"CTATATCCAGCCTGGC-1",7,7
"CTATCACAACGCTGGA-1",7,4
"CTATCGACGAAATACA-1",4,4
"CTATCGCGTAGAGAAC-1",4,4
"CTATCGGGTCTCAACA-1",5,10
"CTATGAACACCTTGCC-1",7,7
"CTATGCCCGAATGCAA-1",7,7
"CTATGGGAAGCGGAAT-1",4,4
"CTATGTCTATTGAAAC-1",4,11
"CTATGTGAGTCACGGC-1",5,3
"CTATTCATGTGTCCCA-1",7,7
"CTATTGTGTTTGGTCA-1",3,8
"CTATTTGCTTGGAGGA-1",7,7
"CTATTTGGTTACGGAT-1",5,9
"CTCAAACCACTGCCCG-1",7,7
"CTCAACTAACCCGGAT-1",7,7
"CTCAAGACATTAGCGC-1",3,8
"CTCACACGCAAGCCTA-1",2,14
"CTCACATTTACTAAAT-1",7,7
"CTCACCGATCCAAACT-1",5,3
"CTCACTGTGATACTTA-1",7,7
"CTCACTTGGCTGGTAA-1",5,3
"CTCAGAGCTAATGTCG-1",7,7
"CTCAGATTGTGATAAG-1",2,2
"CTCAGCAGACTGCCGA-1",5,9
"CTCAGGACTCACCTGT-1",9,15
"CTCAGTCACGACAAAT-1",2,14
"CTCATCACTTAGTGAT-1",3,8
"CTCATGGCTCACAATC-1",3,8
"CTCATGGTAATTTGCG-1",8,5
"CTCATTGCTCTAACAA-1",7,7
"CTCCCAATGAGTCGCG-1",8,5
"CTCCCTCCTTTCGATC-1",8,5
"CTCCCTTGTATCAAGG-1",4,9
"CTCCGCCCACATGAGG-1",8,5
"CTCCGGCTTGTAGACA-1",2,2
"CTCCTAAGTTATGTCT-1",9,13
"CTCCTAGTAATCGTGA-1",4,4
"CTCCTCCAGCTCACAC-1",6,6
"CTCCTGTTCAAGGCAG-1",4,4
"CTCCTTTACGCAAGTC-1",1,14
"CTCGAATGGAACGTAT-1",5,3
"CTCGAGACATACGATA-1",3,8
"CTCGAGATCCAAAGCA-1",2,2
"CTCGAGGCAAGTTTCA-1",7,7
"CTCGAGGTCGAACAGT-1",3,10
"CTCGATATTTGCGAGC-1",1,1
"CTCGCACCTATATAGT-1",1,14
"CTCGCATTGCATAGCC-1",5,3
"CTCGCCGAATGTAGGG-1",7,7
"CTCGGGATAACACCTA-1",3,8
"CTCGGGCATCGTCGGG-1",8,9
"CTCGGGTTCTCTGGCC-1",4,4
"CTCGGTACCACTGCTC-1",8,9
"CTCGGTTGTCGGCCCT-1",8,5
"CTCGTCGAGGGCTCAT-1",8,5
"CTCGTCTGTGCCTTCG-1",7,9
"CTCGTTACGGCTACCA-1",7,13
"CTCTAATGCATTGATC-1",2,14
"CTCTACACTGGCGATT-1",5,3
"CTCTACATCCTGCGTG-1",7,7
"CTCTAGCCCTCGGAAA-1",7,9
"CTCTATTTGGCTGCAG-1",4,4
"CTCTCGATGTGCGCCT-1",7,7
"CTCTCTAACTGCCTAG-1",8,5
"CTCTGCAGGCATTCTT-1",4,4
"CTCTGGACGCCTGGTG-1",3,10
"CTCTGTGCCTGCTATG-1",4,16
"CTCTGTTTGAGGATTC-1",3,8
"CTCTTCTATTGACTGG-1",8,9
"CTCTTCTGGAAGTTAG-1",7,7
"CTCTTGTCCCGCTTGG-1",9,15
"CTGAAACGGCCCTCAG-1",5,3
"CTGAAAGAGATCCGAC-1",3,8
"CTGAATCCGAGACCTC-1",4,4
"CTGACATAGAAATAGA-1",8,5
"CTGACTGCGCAGCTCG-1",3,8
"CTGAGAAAGTTCGGCG-1",8,5
"CTGAGCAAGTAACAAG-1",9,13
"CTGATAGTGTATCTCA-1",2,14
"CTGATCCCTTTATGCA-1",7,7
"CTGCAAATGGGCTCCA-1",7,9
"CTGCAAGCACGTTCCG-1",4,4
"CTGCACAACTACATAT-1",4,4
"CTGCACCTAGTCCACA-1",3,8
"CTGCACTCCAGTACAG-1",7,7
"CTGCAGAGAATCAGAG-1",7,7
"CTGCAGGTGCTCGGCC-1",2,14
"CTGCCAAGGTTGGAAG-1",2,2
"CTGCCATGCATCACAT-1",8,5
"CTGCCTAGCCACCAAG-1",5,9
"CTGCCTCATATGCAAC-1",3,8
"CTGCCTTTAATACCTT-1",6,6
"CTGCCTTTCTAGTAAA-1",7,7
"CTGCGACCTCGCCGAA-1",7,4
"CTGCGATTTCGAGATT-1",7,7
"CTGCGGGTGAAATGTT-1",2,14
"CTGCGGTAGTCACGTG-1",5,8
"CTGCGTTACGATATAA-1",3,8
"CTGCTCTGACGGCAAA-1",8,9
"CTGCTGAGGCCACGAA-1",8,5
"CTGCTGTCTAACGAGC-1",8,5
"CTGCTTGGCGATAGCT-1",6,15
"CTGCTTTATGTCCGCG-1",1,1
"CTGGAAATGGATGCTT-1",3,10
"CTGGAAGACACGGTGG-1",4,4
"CTGGACGCAGTCCGGC-1",5,3
"CTGGATTTACACTTGA-1",4,4
"CTGGCATCCGAATGAG-1",8,5
"CTGGCGACATAAGTCC-1",3,8
"CTGGCGCACAGGTCTG-1",5,3
"CTGGCGGGAATAAGTA-1",2,14
"CTGGCTCCTGCGGGAT-1",5,12
"CTGGCTGATTCATCCT-1",8,9
"CTGGCTGCTAACGTAA-1",5,9
"CTGGCTGGTTGTCAGT-1",7,12
"CTGGGATAAATAATGG-1",8,9
"CTGGGATACGCTACCC-1",5,3
"CTGGGATCGCCCAGAT-1",7,13
"CTGGGCACTAGTCGGA-1",8,9
"CTGGGCCTGCTATATC-1",8,5
"CTGGGCGGCCAAATGT-1",7,9
"CTGGGCTATCCTTTGG-1",5,3
"CTGGGTAGGCAGTTAA-1",8,4
"CTGGGTTGAGTTAAAG-1",5,3
"CTGGTAAAGTGTGGGC-1",4,4
"CTGGTAACACATAGAA-1",8,9
"CTGGTAACGAGCTCTT-1",3,8
"CTGGTCCTAACTTGGC-1",6,15
"CTGGTGAATGGGCCTA-1",4,4
"CTGGTTTCGAGCAAGA-1",4,4
"CTGTACTTCTTAGCAT-1",8,5
"CTGTAGCCATCTCACT-1",4,4
"CTGTAGTGAGGATCGA-1",7,7
"CTGTATGGTGTAGAAA-1",9,11
"CTGTCAAATGGCTCGG-1",1,1
"CTGTCACGCCAGGCGC-1",5,8
"CTGTCCTGCGCACTAC-1",8,9
"CTGTGCAGGGTAGGTC-1",4,4
"CTGTGGTCGGGAGATA-1",4,4
"CTGTTACCCAATCTAG-1",4,4
"CTGTTCATCTCACGGG-1",2,14
"CTGTTGTTCAGTCGTA-1",4,4
"CTTAACTTCGAAGTAC-1",3,8
"CTTAAGCAGCGAGCCG-1",3,8
"CTTAATCGACTTAGTA-1",8,9
"CTTACACGGTATTCCA-1",3,8
"CTTACATAGATTTCTT-1",4,10
"CTTAGATGTTTCATCC-1",7,4
"CTTAGCCTTCCACATG-1",2,14
"CTTAGGTATAGACCAG-1",8,9
"CTTAGTAGGCCTACAG-1",3,8
"CTTAGTGTAGTAGCAT-1",7,7
"CTTAGTTGAGGAATCG-1",7,7
"CTTATAGATGGCTGTT-1",4,16
"CTTATGCGCTCAGGGC-1",5,3
"CTTATGTTGACTACCA-1",7,7
"CTTCAACTCCACTTGG-1",7,7
"CTTCACGCCCTGGTAC-1",6,6
"CTTCAGTGGTCGCCTA-1",8,5
"CTTCATAGCTCAAGAA-1",2,2
"CTTCATTGTCAGTGGA-1",5,10
"CTTCCGCTCCGTGAAG-1",4,4
"CTTCCTGCATATTTAC-1",5,9
"CTTCGATTGCGCAAGC-1",7,9
"CTTCGGCCAATTGTTT-1",8,5
"CTTCGTAGATAGGTGA-1",8,5
"CTTCGTGCCCGCATCG-1",5,8
"CTTCTATGTTGAAGTA-1",8,5
"CTTCTATTAATGCTAG-1",4,4
"CTTCTGGGCGTACCTA-1",6,15
"CTTCTTACGTCGTATA-1",9,11
"CTTGACCCGAAAGATA-1",7,7
"CTTGAGGTTATCCCGA-1",3,8
"CTTGAGTTAGGGTAAT-1",5,3
"CTTGCAACCGCCTCCT-1",5,3
"CTTGCCCAGGCTCTAC-1",4,4
"CTTGGCCAAGCTGGGA-1",7,7
"CTTGTACTTGTTGACT-1",2,10
"CTTGTCAACATTCGAG-1",4,4
"CTTGTCGTACGTGTCA-1",5,10
"CTTGTGAGGACAGCGG-1",2,14
"CTTGTGAGTCTTTGAC-1",9,11
"CTTGTTGCTGAGTCAA-1",8,9
"CTTGTTTATGTAGCCA-1",3,2
"CTTTAACTTTCAAAGG-1",1,14
"CTTTAATATTGGTCGA-1",4,4
"CTTTACCGAATAGTAG-1",4,4
"CTTTAGGAACACTGTT-1",8,9
"CTTTAGTGCTATTATT-1",4,4
"CTTTCTGTGCGGGCTT-1",7,7
"CTTTGAAACATATTCC-1",8,9
"CTTTGCATCGCTCTTG-1",9,15
"CTTTGCTGTCATGGAT-1",8,5
"CTTTGGCAGACAGAGT-1",5,3
"CTTTGGCGCTTTATAC-1",2,14
"CTTTGGCTTTAGTAAA-1",3,8
"CTTTGGGATTGTTGCA-1",7,7
"CTTTGTCGAATGCTCC-1",5,3
"GAAACAGATGACCACC-1",5,9
"GAAACAGCCATGCAGT-1",3,8
"GAAACATAGGAAACAG-1",8,5
"GAAACCATGGTGCGCT-1",2,2
"GAAACCGAATTACCTT-1",4,4
"GAAACCTATACAAATG-1",7,7
"GAAACTCGTGCGATGC-1",2,14
"GAAACTCTAATGAAGG-1",3,8
"GAAAGAACAGCGTTAT-1",5,3
"GAAAGCAGTGCACTTT-1",7,7
"GAAAGCCCTTTGGACC-1",2,2
"GAAAGTGACTAACTGC-1",2,14
"GAAATACCTGCTGGCT-1",5,7
"GAAATACTAAACGTTT-1",6,6
"GAAATATCACCATCAG-1",2,2
"GAAATATGCTTGAATG-1",3,2
"GAAATCGCGCGCAACT-1",3,8
"GAAATGGCGGTGTTAG-1",3,10
"GAAATGGGATGTAAAC-1",2,2
"GAAATTAGCACGGATA-1",2,2
"GAAATTGTCTCTATAA-1",8,5
"GAACAACTGGGATGAA-1",7,13
"GAACACACATCAACCA-1",2,10
"GAACAGATTACTAAAT-1",7,7
"GAACATTAGTATGTTA-1",3,8
"GAACCATCTGGGAGAC-1",7,16
"GAACCCTCTGTGTTCT-1",7,7
"GAACCTCGACCTACAC-1",5,2
"GAACCTTTAACGATCC-1",7,7
"GAACGACCGAATGATA-1",3,10
"GAACGATAAGTTAAAG-1",2,2
"GAACGCGGGTCACACG-1",8,5
"GAACGGTGTAAAGCAG-1",5,9
"GAACGTCTCATGGTCG-1",3,10
"GAACGTTAGGAAGACG-1",1,14
"GAACTGTGGAGAGACA-1",7,7
"GAACTTAGCGCCCGGT-1",8,9
"GAAGAAACGATATTGT-1",4,4
"GAAGAACGGTGCAGGT-1",3,8
"GAAGACTTCAATGCCG-1",7,7
"GAAGCAAGGCAATGTT-1",7,9
"GAAGCCACTGATTATG-1",7,7
"GAAGCCTGCACATTCC-1",7,7
"GAAGCGTGAGGAATTT-1",5,3
"GAAGCTCGGACCCGTC-1",8,5
"GAAGCTTGCTGACCGC-1",2,2
"GAAGGACTAAATTGAA-1",3,2
"GAAGGAGTCGAGTGCG-1",7,7
"GAAGGCTACCATTGTT-1",2,14
"GAAGGGCATAACCATG-1",2,14
"GAAGGGTCATTAAGAC-1",4,4
"GAAGTCAGTTGCACTA-1",4,4
"GAAGTCTCCCTAGCGA-1",5,3
"GAAGTGATTTATCGTG-1",8,5
"GAAGTGCTGGATAGCT-1",9,11
"GAAGTTTCCACTCAAT-1",5,3
"GAATAGACGCGACCCA-1",8,9
"GAATAGCATTTAGGGT-1",8,5
"GAATAGCCCTGCGGTC-1",2,2
"GAATAGTGCTCGATTA-1",6,15
"GAATATTCGGAGTCCC-1",3,8
"GAATCGACATGGTCAC-1",1,1
"GAATCGCCGGACACGG-1",6,6
"GAATCTATACTCGGAC-1",8,9
"GAATCTGAACATTCTC-1",4,5
"GAATGAAGGTCTTCAG-1",3,8
"GAATGCCGAAATGACC-1",1,14
"GAATGCGAATCGGTTC-1",7,7
"GAATGGGCTTATCGAC-1",2,2
"GAATGTATGGCAGGTC-1",3,8
"GAATGTGGTCCGGATT-1",6,15
"GAATGTTGGGTAATCT-1",1,1
"GAATTATAGTGAAAGG-1",5,10
"GAATTCACCCGGGTGT-1",4,4
"GACAAACATATGCAGG-1",8,9
"GACAACGACCATTGAA-1",2,14
"GACAAGAGATGAGATT-1",4,4
"GACACAAGGGAAGAAA-1",3,10
"GACACCCAAAGACGCG-1",7,7
"GACACGAGTTAGAGGA-1",2,2
"GACACTGAGTTCAGTG-1",8,5
"GACACTGGAACCCGAT-1",8,5
"GACACTTCCAATTACC-1",8,9
"GACAGATTTCTGGCTC-1",5,2
"GACAGCCAGACCTGAC-1",8,9
"GACAGGCACACACTAT-1",3,8
"GACATCCGTCGAACTG-1",7,7
"GACATCGATTTATAAC-1",4,4
"GACATTTCGCCCAGCC-1",4,4
"GACCAAACGTTGACTG-1",6,15
"GACCACACTTCCCTTT-1",7,4
"GACCAGAGCCCTGTAG-1",3,8
"GACCAGGTCATTCATA-1",7,7
"GACCCAATTATGATAC-1",8,5
"GACCCGTCGCCGGCTA-1",6,15
"GACCGACCGCTAATAT-1",3,2
"GACCGACGTGAAAGCA-1",5,3
"GACCGACTGAAGCGTC-1",2,2
"GACCGATTAAATATGT-1",4,4
"GACCGCGTCTGACGTG-1",8,5
"GACCGGTGATACTCTC-1",8,9
"GACCGTCAGGTCGTGA-1",3,8
"GACCGTGCTGACGGTG-1",8,5
"GACCGTTACATGCGAC-1",2,2
"GACCTTCCACGTCTAC-1",7,7
"GACGACGATCCGCGTT-1",4,16
"GACGAGGCTAATAAAC-1",4,4
"GACGATATCACTGGGT-1",7,7
"GACGCATACCCGTCGG-1",5,3
"GACGCCGTAAAGGCTA-1",4,4
"GACGCCTGTTGCAGGG-1",9,11
"GACGCTTGCTTCTAAA-1",5,3
"GACGGACCGCGTTCCT-1",5,9
"GACGGGATGTCTTATG-1",5,10
"GACGGGTTGGCCCGTA-1",7,7
"GACGGTCAATAGAAGC-1",3,8
"GACGTGAGACTCCATG-1",9,12
"GACGTTCGTAAATACA-1",2,14
"GACGTTGCTCGGCGGC-1",7,4
"GACTAACACAGCACCT-1",5,3
"GACTAAGTAGGCTCAC-1",2,14
"GACTACAAAGCGGTGG-1",5,3
"GACTACAATTGCTCGT-1",5,9
"GACTAGGCCGTTAGGT-1",7,7
"GACTCACCCACGTGAG-1",5,3
"GACTCCCAGAATAAGG-1",2,2
"GACTCCTTCCAATTGA-1",5,3
"GACTCGCGGGAATGAC-1",3,2
"GACTCGGTCGGCGGAT-1",5,3
"GACTCTAGAGTTCCAA-1",7,7
"GACTGATTGGTCACAA-1",5,8
"GACTGCAAATCGAGCT-1",7,7
"GACTGCACCAGCCCAG-1",4,4
"GACTGCTGGTGAGAAA-1",7,7
"GACTGGGCGCCGCAAC-1",5,3
"GAGAACGGTTCTGACT-1",8,9
"GAGACCCTGCAACGCC-1",3,8
"GAGACTGATGGGTAGA-1",3,10
"GAGACTTCGCGACCGA-1",4,16
"GAGAGGGCGCGAGGTT-1",5,3
"GAGAGGTGCATTCTGG-1",5,3
"GAGAGTCTCGGGAGAG-1",7,7
"GAGATCGATCTTACTC-1",5,9
"GAGATCTGCTTGGCAT-1",3,8
"GAGATCTGTCACTCCG-1",3,10
"GAGATCTTCCATGACA-1",6,15
"GAGATGACAATCCTTA-1",2,2
"GAGATGGCTTTAATCA-1",7,4
"GAGATGGGAGTCGACA-1",4,16
"GAGCACCTGTGTCCAG-1",7,7
"GAGCACGGCGCCTCTT-1",8,5
"GAGCATCAACAACTTG-1",9,13
"GAGCATCATCCCTGGG-1",9,11
"GAGCCAGCTACCTGTG-1",4,4
"GAGCCGAGCGTTTATT-1",3,8
"GAGCGAGGGAGTACCG-1",9,11
"GAGCGCAAATACTCCG-1",4,4
"GAGCGCGCACGAGTAG-1",4,4
"GAGCGCTATGTCAGGC-1",3,8
"GAGCGCTGTTAGGTAA-1",8,5
"GAGCGGAATGCGGTGT-1",7,7
"GAGCTAAGGGCATATC-1",3,10
"GAGCTCAACATGAGCG-1",7,7
"GAGCTCTCGGACCTAA-1",9,15
"GAGCTGTCGTCTCGGA-1",1,1
"GAGGAATATCTCTTTG-1",7,13
"GAGGAGATCCTCATGC-1",2,14
"GAGGAGTAATTCCTAC-1",7,7
"GAGGATAAACAGTGCT-1",5,3
"GAGGCATTTGCAGCAG-1",3,2
"GAGGCCCGACTCCGCA-1",8,5
"GAGGCCTGTTGATACA-1",4,4
"GAGGCTATCAAAGTCG-1",3,8
"GAGGGAGTCAGATCGC-1",7,7
"GAGGGCATCGCGTATC-1",9,13
"GAGGGCCATAATATTA-1",1,1
"GAGGGCGCAGCTCTGC-1",2,2
"GAGGGTAGTAACAAAG-1",4,16
"GAGGTACATCCATCTT-1",3,8
"GAGGTACGCGTGTCCC-1",6,15
"GAGGTCCCAAAGATCT-1",2,2
"GAGGTCCGTTCGCTGT-1",4,4
"GAGGTCTTAGTGGGTC-1",8,9
"GAGTAAACCGGAAAGT-1",8,5
"GAGTAAGGCCACGGGA-1",5,3
"GAGTACGGGTATACAA-1",9,11
"GAGTAGATACTAGTTG-1",7,7
"GAGTATACCCTAATCA-1",7,7
"GAGTATCAAAGTTACA-1",4,4
"GAGTATGCCCGCCTTG-1",4,16
"GAGTATGCGCGTGCAT-1",7,7
"GAGTCAGACCAGAATC-1",4,4
"GAGTCCGCTTACCGGA-1",4,4
"GAGTCTTGTAAAGGAC-1",2,2
"GAGTGTCAACCAGAAA-1",7,7
"GAGTGTGCGGTACCCA-1",4,4
"GAGTTCTGTGGGTGCT-1",5,3
"GAGTTGATGGCAATTT-1",5,3
"GAGTTGTCACCAGTCT-1",8,9
"GATAAATCGGTGGATG-1",3,8
"GATAACTCGCACTGTG-1",8,9
"GATAAGGCAGATGCAA-1",6,15
"GATACGATGGGAGTCA-1",8,5
"GATAGAACCCGCTAGG-1",7,7
"GATAGGTAACGTTGAC-1",4,4
"GATAGGTGTCCCGGGC-1",5,3
"GATAGTGCGAGTAAGT-1",7,7
"GATATCAAGCAGGAGC-1",3,8
"GATATCAGTATGTATC-1",2,14
"GATATCTCATGCAATA-1",9,4
"GATATGAGACACTAAC-1",8,9
"GATATGCGGTAGCCAA-1",2,2
"GATATGGATTACGCGG-1",1,10
"GATATTGAGATTGGCG-1",5,8
"GATATTTCCTACATGG-1",3,10
"GATCAACATAAAGGGA-1",7,7
"GATCATTCCAAACATT-1",3,8
"GATCCAACCTTTAAAC-1",4,9
"GATCCGGGAATTAACA-1",8,9
"GATCCTAAATCGGGAC-1",3,2
"GATCCTCGACACTGGC-1",8,5
"GATCCTCTTGCGCTTA-1",5,9
"GATCGACACTATCTGA-1",2,2
"GATCGCGGGCTCTCCA-1",5,3
"GATCGCTACCCGATTT-1",4,4
"GATCGCTATATCTCAG-1",6,6
"GATCGCTGTGGTGCGT-1",4,4
"GATCGGATAGAACCAT-1",5,3
"GATCGGCGATAAGTCG-1",6,14
"GATCGTGACTGATATC-1",8,9
"GATCTAACCGTATTCA-1",3,8
"GATCTCGACGCTGTGG-1",8,5
"GATCTGCTATCTAAGG-1",7,7
"GATCTTGGAGGGCATA-1",4,4
"GATCTTTGCAGGGTAT-1",5,3
"GATCTTTGCTCAAAGA-1",3,8
"GATGACAAGTAGGGCA-1",4,4
"GATGACGATGATCGCG-1",1,1
"GATGAGGAACCTTCGG-1",7,7
"GATGATTTGAAACTGG-1",5,9
"GATGCCACACTACAGC-1",7,9
"GATGCCAGCAGAAGGC-1",1,14
"GATGCCTTCTGCGGCA-1",8,5
"GATGCGTCCTGCATTC-1",5,5
"GATGCTACCTTCGATG-1",6,6
"GATGCTGTATTTCATC-1",4,4
"GATGGCGCACACATTA-1",2,2
"GATGGTGAAATAACCC-1",5,3
"GATGGTGCCCTAGGCA-1",5,9
"GATGTAACGAACCACC-1",5,3
"GATGTCGGTCAACTGC-1",7,9
"GATGTGTTGTCACAAG-1",5,9
"GATGTTCAATCCACGA-1",8,5
"GATGTTTGTGCGAGAT-1",9,15
"GATTAACCGAAAGCCC-1",4,4
"GATTAATCCTGGCTCA-1",5,10
"GATTACTGAATTTGGG-1",8,5
"GATTAGAAACAAGCGT-1",7,7
"GATTCCGCGTTTCCGT-1",3,8
"GATTCGACGGTTCACG-1",4,4
"GATTCTGTTAATGAGT-1",7,4
"GATTGACACTCTGCTC-1",7,9
"GATTGCTCCAGTTGCA-1",4,4
"GATTGGGAAAGGTTGT-1",6,15
"GATTTGCGCTAACACC-1",7,7
"GCAAACCCTACATTAT-1",4,4
"GCAAACCTTGGCCATA-1",7,7
"GCAAACGTAAGCGACC-1",5,9
"GCAAACGTCGCCAGGT-1",8,5
"GCAAAGGGCGTTAGCC-1",4,4
"GCAAATATTACGCTTT-1",5,3
"GCAAATGAGGACACTT-1",2,2
"GCAACACACTAGAACT-1",5,3
"GCAACAGCAGTATGCG-1",8,9
"GCAACCACCAGACCGG-1",3,8
"GCAACCACGGCCGCGT-1",5,3
"GCAACGGCTAGTTATG-1",8,3
"GCAAGAATTCCTTGGC-1",8,5
"GCAAGATGTGTTCGCG-1",3,8
"GCAAGCTGGAAACCGC-1",3,8
"GCAAGTGCACAGAGAA-1",1,1
"GCAAGTGTAAAGCATG-1",7,15
"GCAATTAGTCGCACCG-1",3,8
"GCACAAACCCTAGATG-1",4,4
"GCACAAACGAGGCGTG-1",8,5
"GCACAACCTCGGGCGT-1",5,3
"GCACAAGTGTCGGAAG-1",3,8
"GCACACACTGGTAGCC-1",4,4
"GCACACAGCTATTACC-1",7,7
"GCACACGCCCATGGTC-1",2,14
"GCACAGCACGGGCCGA-1",7,7
"GCACGCCGATTCCCGC-1",7,4
"GCACGCCTACTTAGAT-1",4,13
"GCACGTGGTTTACTTA-1",7,7
"GCACTAGTCGCGCTAT-1",9,10
"GCACTCCCACAGTCCC-1",9,15
"GCACTGCCTACCTTTA-1",7,7
"GCACTGTGCAAATGTA-1",9,7
"GCAGAAGGTAATCTCC-1",8,5
"GCAGACCCAGCACGTA-1",5,3
"GCAGATCCATAAGACT-1",4,4
"GCAGATTAGGGATATC-1",8,5
"GCAGCACACAGCCCAG-1",5,3
"GCAGCCTATATCACAT-1",5,3
"GCAGCGGTGGGCATTA-1",9,12
"GCAGCTATGGACAGGT-1",3,8
"GCAGCTGTCAACGCAT-1",7,9
"GCAGGAACTTAGATCT-1",5,3
"GCAGGACTATAGAATA-1",3,8
"GCAGGTAGAGTATGGT-1",2,2
"GCAGTGTGGCTATAGG-1",7,7
"GCAGTTCGATCCGAGC-1",4,4
"GCATACGAGGTCTTTA-1",2,2
"GCATAGAGCACTCAGG-1",8,5
"GCATCCCTAACTTTGA-1",9,11
"GCATCCTCTCCTATTA-1",5,2
"GCATGAGGGACGCGGC-1",3,8
"GCATGCTAATAACGAT-1",7,7
"GCATGGGTACTGACGC-1",2,2
"GCATTCAAGGCAACGC-1",3,8
"GCATTGACTTGCGGAA-1",3,8
"GCATTGTAATTCATAT-1",5,3
"GCATTTCCAAGGCTCC-1",3,8
"GCCAACCATTTCCGGA-1",2,2
"GCCAAGAATACTTCTG-1",5,3
"GCCAATAGGGCATCTC-1",2,14
"GCCACAATTTAAGGAC-1",8,5
"GCCACCTTATTCGCGA-1",4,9
"GCCACTCAGAGCGCGA-1",9,12
"GCCACTCCTTACGGTA-1",4,16
"GCCAGGAAAGAACACT-1",7,7
"GCCAGGAGTAACCGAT-1",2,14
"GCCAGGCGTTCGCATG-1",5,8
"GCCATATTGCACACAG-1",2,14
"GCCATCGAGCTGCGTG-1",4,4
"GCCATCGATGCTGCAT-1",3,8
"GCCATTAGCCTCAAAC-1",5,3
"GCCCACCAAGGCTGTC-1",9,15
"GCCCAGATGCTGGAGA-1",5,3
"GCCCAGCGACACAAAG-1",8,9
"GCCCAGTTGGTATGCC-1",2,2
"GCCCATGGGTGCAATG-1",8,9
"GCCCGACTTCTTCCCG-1",8,5
"GCCCGAGAGTCTAAAT-1",5,3
"GCCCGATCTGTGGTCG-1",7,7
"GCCCGATGCCCAGTTC-1",4,4
"GCCCGCGCGTAAACGG-1",4,16
"GCCCGCGCGTTTGACA-1",2,2
"GCCCGTAATACCTTCT-1",3,10
"GCCCGTTCACACAATT-1",7,7
"GCCCTAGCCGTCGCGA-1",5,3
"GCCCTGAGGATGGGCT-1",7,12
"GCCGAAATTCCTACGT-1",5,3
"GCCGACCCACGACTGC-1",4,4
"GCCGATTGGCCAAGCT-1",8,5
"GCCGCACTCCGTTTCA-1",8,5
"GCCGCATTAGTCCGGC-1",2,2
"GCCGCTAGATACGCAG-1",8,9
"GCCGCTTGTGAGAAAC-1",5,3
"GCCGGAAACACATCTT-1",6,15
"GCCGGGTTAGGGTCGC-1",8,5
"GCCGGTCGTATCTCTC-1",7,7
"GCCGGTTTGGGCGGAT-1",5,10
"GCCGTCGGTTTCGGGC-1",7,7
"GCCGTGGAAGAAATGT-1",5,3
"GCCTACGTTCTGTGCA-1",7,7
"GCCTAGCGATCTGACC-1",2,2
"GCCTATAGTGTCAGGG-1",3,10
"GCCTATGCTGGGCCTT-1",2,2
"GCCTATTCCGATATAG-1",2,14
"GCCTATTTGCTACACA-1",9,11
"GCCTCAGGTACCGGTC-1",4,4
"GCCTCATCTGGAAATA-1",8,9
"GCCTCCGACAATTCAC-1",7,7
"GCCTCTATACATAGCA-1",7,13
"GCCTGCTACACTGAGA-1",5,3
"GCCTGTCCCGGTGCAT-1",7,4
"GCCTTGTATATGCAGT-1",2,14
"GCCTTTGTCAGTGGAC-1",5,3
"GCGAAACGATCGGGAG-1",4,4
"GCGAAACTTAACTGGA-1",4,4
"GCGAAGAATCTGACGG-1",7,7
"GCGAAGCCATACCCGT-1",3,10
"GCGAATGGACTAGCGA-1",7,9
"GCGACATGTAAACATC-1",5,3
"GCGACCCAACCATCTG-1",4,4
"GCGACGATAGTTGTAC-1",4,4
"GCGACGGTAGTCTCCT-1",7,7
"GCGAGAAACGGGAGTT-1",2,14
"GCGAGAGGCCATGTAA-1",1,1
"GCGAGAGTTGCGTCCA-1",3,8
"GCGAGCGCATGCTCCC-1",5,3
"GCGAGGCCCGAGCAGA-1",5,3
"GCGAGGGACTGCTAGA-1",5,2
"GCGAGTTCTGCAAAGA-1",5,3
"GCGATTCTGGAAGCAG-1",7,7
"GCGATTGTTAACGTTA-1",8,9
"GCGCAAATATATTCAA-1",4,16
"GCGCAAGAGCGCGCTG-1",5,3
"GCGCATCCAGTCAGCA-1",3,8
"GCGCCGTTCCACGATA-1",8,5
"GCGCCTCCCACTCCGA-1",8,5
"GCGCGATGGGTCAAGT-1",4,9
"GCGCGGTCTAGTAACT-1",6,6
"GCGCGTCATTGGTACA-1",9,11
"GCGCGTTTAAATCGTA-1",5,2
"GCGCTAAGTATGCATG-1",8,9
"GCGCTAATTGAATAGA-1",5,10
"GCGCTATGCCGAGGCA-1",8,5
"GCGCTGATCCAGACTC-1",3,10
"GCGCTGCTTTGCATTT-1",3,10
"GCGCTTAAATAATTGG-1",7,7
"GCGGACCGCGTTGTGG-1",4,16
"GCGGAGAAACTTCGCA-1",4,16
"GCGGAGAGGGAGAACG-1",4,4
"GCGGCAAAGTATTGCC-1",4,16
"GCGGCTCTGACGTACC-1",5,3
"GCGGCTTTAGCAAGTT-1",7,4
"GCGGGCAGACGGGTGA-1",7,9
"GCGGGCATTACGATGC-1",3,8
"GCGGGCGAGCCTTACC-1",4,4
"GCGGTAACCCAAATGA-1",3,8
"GCGGTCCCGGTGAAGG-1",2,2
"GCGGTCTTGCTTTCAC-1",4,9
"GCGGTGAACTGCGCTC-1",2,14
"GCGGTTCCCTATCATG-1",4,16
"GCGTAAATGGCCATAA-1",3,8
"GCGTCCAGCTCGTGGC-1",5,10
"GCGTCCCTAAGACATA-1",7,7
"GCGTCGAAATGTCGGT-1",3,8
"GCGTCGCCAGGGTGAT-1",7,7
"GCGTCGTAACATGGTC-1",7,4
"GCGTCTCTGCATTGGG-1",5,3
"GCGTGGTACTGGGTTA-1",5,3
"GCGTGTATGTCGTATT-1",7,9
"GCGTTCGGAGACCGGG-1",2,14
"GCTAAACCTGAGGTGA-1",2,14
"GCTAACTGAAGTCTGA-1",7,7
"GCTAAGTAGTTTCTCT-1",5,3
"GCTAATACCGAATGCC-1",6,15
"GCTACAATCGAGGATA-1",7,7
"GCTACACTGTCCGAAC-1",3,8
"GCTACAGTACGGACCG-1",3,8
"GCTACGACTTATTGGG-1",4,4
"GCTACTATAGTAGAGT-1",4,4
"GCTACTCGGACGCAGA-1",8,9
"GCTAGACCGTCTACTG-1",8,9
"GCTAGAGTAGAGATGT-1",4,4
"GCTAGCACCTGGGCCA-1",5,3
"GCTAGCAGGGAGTGGG-1",3,8
"GCTAGCGATAGGTCTT-1",4,4
"GCTAGCTTGAATAGCT-1",4,16
"GCTAGGCACCACGGAG-1",9,4
"GCTAGTAGAGCTTGTA-1",8,5
"GCTAGTTTCATTGAGG-1",3,2
"GCTATACGTCTCGGAC-1",4,4
"GCTATCATACTCATGG-1",4,4
"GCTATCGCGGCGCAAC-1",2,2
"GCTATGCCAGCTTATG-1",2,14
"GCTCAATCCGTTTATT-1",4,16
"GCTCAATGTAATACCG-1",7,7
"GCTCATTACTGCATGT-1",3,8
"GCTCATTGATCATATC-1",7,7
"GCTCCATGCAAAGCAA-1",7,7
"GCTCCCAGTCGGTCCA-1",8,9
"GCTCCGCTCGCTTCAG-1",5,3
"GCTCCGGACGTTGATA-1",7,9
"GCTCCTGACATACTGG-1",4,15
"GCTCGACCGAACTGAA-1",5,9
"GCTCGCTCATGTCCAA-1",5,3
"GCTCGGAATTTAAAGC-1",1,14
"GCTCTATGTTACGTGC-1",2,14
"GCTCTTTCCGCTAGTG-1",7,7
"GCTGAACTCTCCAGGG-1",3,8
"GCTGAAGGGTTCTTGG-1",8,9
"GCTGAATCTTCCAATC-1",8,5
"GCTGAGGCGTGAGTAT-1",8,5
"GCTGCACGGTTTCTTA-1",4,4
"GCTGCGAAGAATTATT-1",7,7
"GCTGCTAAGTAGTCGA-1",7,7
"GCTGCTACTGCGTAGC-1",4,4
"GCTGCTCTCCGGACAC-1",3,10
"GCTGGACCCAAAGTGG-1",3,8
"GCTGGCATATTCACCT-1",2,2
"GCTGGCGGCGCATGCT-1",7,7
"GCTGGGAGCGCGTCAA-1",7,4
"GCTGGGTCCGCTGTTA-1",3,8
"GCTGGTGACTCGTAGT-1",3,8
"GCTGGTTTAGGCCATA-1",8,5
"GCTGTATTACTGGCCC-1",8,5
"GCTGTCTGTGATCGAC-1",8,9
"GCTGTTGCTACCGAAC-1",5,3
"GCTTAATGTAACTAAC-1",8,9
"GCTTACGTAGTTAGTA-1",5,3
"GCTTATGAAGCAGGAA-1",5,3
"GCTTCAGTGGGATTAC-1",5,3
"GCTTCCAGCTTAGATT-1",2,14
"GCTTCCGTCCCTAGAC-1",3,10
"GCTTCGACGTTCAATC-1",4,4
"GCTTGATGATAATCAG-1",2,2
"GCTTGCAGCACAATTG-1",2,14
"GCTTGGATCGATTAGG-1",3,8
"GCTTTCAGAGGAGGTG-1",3,8
"GCTTTCTATCTCAACT-1",5,3
"GGAAACAGAGCTTGGG-1",4,4
"GGAAACCTTGTTGAAT-1",2,14
"GGAAACTAAATGGGCC-1",4,4
"GGAAAGGGAATTGAGC-1",7,4
"GGAAAGTCTTGATTGT-1",7,7
"GGAAAGTGCCCATGCC-1",2,16
"GGAACCGTGTAAATTG-1",4,4
"GGAACCTTGACTCTGC-1",8,5
"GGAACGGCCTGCAGCC-1",1,1
"GGAACTCGTGAATACG-1",7,7
"GGAACTTTGGCGATTA-1",4,4
"GGAAGCTCGCTTACAG-1",5,8
"GGAAGGACACCGTATA-1",4,9
"GGAATAACCTCAAGAA-1",7,7
"GGAATGCGCTAGCGTG-1",3,10
"GGACAAGCCATGATCG-1",5,3
"GGACACAAGTTTACAC-1",8,5
"GGACACCTCGGTGTTG-1",7,7
"GGACCAACAGGATAAC-1",7,12
"GGACCTACGGTAACGT-1",2,2
"GGACCTCTAGGCCGCC-1",4,4
"GGACGGCTTGCGCAAC-1",5,3
"GGACGTCCATAGTTGG-1",3,8
"GGACTCACAAATTAGG-1",8,5
"GGACTCGACAGCGCAT-1",7,7
"GGACTCGTGAGTGGTC-1",6,15
"GGACTCTTTGACTAAG-1",4,4
"GGAGACCAATGTGCTT-1",1,14
"GGAGACCATCTACATA-1",3,3
"GGAGACGACACCTTTG-1",4,4
"GGAGCAACATTTCAAG-1",4,4
"GGAGCACCAAGAACTA-1",2,10
"GGAGCGAGGCCTACTT-1",7,12
"GGAGGAGTGTGTTTAT-1",5,10
"GGAGGATTGAAAGGAG-1",5,9
"GGAGGCCGAAGTCGTC-1",5,3
"GGAGGCGAAGAACCGC-1",8,9
"GGAGGGCTTGGTTGGC-1",3,8
"GGAGGGTCAAGTAAGA-1",4,4
"GGATCAAAGGACGAGG-1",4,16
"GGATCAGAGCCATCAG-1",2,14
"GGATCATCCCGTACGC-1",2,2
"GGATCCCTACCAGCTA-1",2,14
"GGATCCGGAATATACT-1",5,3
"GGATCTACCGTTCGTC-1",4,4
"GGATCTTACTGCCCTT-1",6,6
"GGATCTTGACTCAACC-1",5,3
"GGATGAAGATCGCTGA-1",8,9
"GGATGACGCGAGTTTA-1",5,3
"GGATGCTGGCGTTCCT-1",3,8
"GGATGGCTTGAAGTAT-1",7,9
"GGATGTCCTTACCGCA-1",5,3
"GGATTAAGCTAAGGTC-1",5,7
"GGATTAATCATGGACC-1",7,4
"GGATTCAGTACGGTGG-1",9,13
"GGATTCCGCTATACCC-1",2,11
"GGATTGCTGTGACTCC-1",7,7
"GGATTTCACTTCTATA-1",3,10
"GGCAAAGGCGCCAATA-1",4,16
"GGCAAATTACTTTACT-1",8,5
"GGCAAGCCAGGGATAG-1",2,14
"GGCAAGCCCATAGTGG-1",7,7
"GGCAAGGCGAAATAGC-1",4,4
"GGCACTCCACTGGGCA-1",3,8
"GGCAGCAAACCTATGC-1",4,4
"GGCAGCGGTAATCCTA-1",3,8
"GGCATACAGGTAGCGG-1",3,8
"GGCATATCGGTTCTGC-1",3,8
"GGCATCAACGAGCACG-1",9,11
"GGCATTGAACATCTCA-1",7,7
"GGCCACAAGCGATGGC-1",7,9
"GGCCCAATCTAGAGGG-1",5,3
"GGCCCAGCTGGTTTGC-1",7,4
"GGCCCAGTTATCAGCA-1",3,8
"GGCCCGGAGCATGTCT-1",3,8
"GGCCCGTATACCATGC-1",2,2
"GGCCCTCACCCACTTA-1",3,8
"GGCCGAGACTCTGGTG-1",4,4
"GGCCGGCGTCTGCTAT-1",7,7
"GGCCGTTTGGGTTTCA-1",7,7
"GGCCTGCTCTGATGTT-1",7,7
"GGCCTGCTTCTCCCGA-1",4,4
"GGCCTTTGCAACTGGC-1",2,14
"GGCGAAATCTAACTTG-1",8,9
"GGCGAGCATCGAGGAC-1",5,9
"GGCGAGCGAAACGGCA-1",3,8
"GGCGCAGGACATCTTC-1",3,8
"GGCGCATGAATTGATG-1",8,5
"GGCGCGGAGATCTTTC-1",7,7
"GGCGCGTTCGAGTTTA-1",4,4
"GGCGCTCCTCATCAAT-1",2,11
"GGCGCTTCATTCCCTG-1",7,12
"GGCGGAGTAATATTAG-1",3,8
"GGCGGTTTGCCGGTGC-1",2,14
"GGCGTACCCTATATAA-1",7,9
"GGCGTAGGGAAAGCTG-1",7,7
"GGCGTCCTATCCGCTG-1",2,2
"GGCTAAAGGGCGGGTC-1",2,2
"GGCTAATGATTGAAAT-1",3,8
"GGCTACTATACACTCC-1",7,7
"GGCTATTAAGTTGTAT-1",3,8
"GGCTCCTCCACCTGTT-1",4,4
"GGCTCGCGTTGAGGTA-1",3,8
"GGCTCGTGCCACCAGC-1",2,2
"GGCTCTGCTCCAACGC-1",2,8
"GGCTGAAATAGCAAAG-1",4,4
"GGCTGAGCATCGTAAG-1",5,3
"GGCTGGCTAGCTTAAA-1",3,8
"GGCTGTCCTACTGCGG-1",7,7
"GGCTTTCAATAAGGGT-1",7,7
"GGGAACCACCTGTTTC-1",9,11
"GGGAACGGGAGGTTAG-1",5,3
"GGGAACGGTTTCAGAT-1",4,16
"GGGAAGACGGTCTGTC-1",6,15
"GGGAAGGGCTTTCTCA-1",7,7
"GGGAATGAGCCCTCAC-1",2,14
"GGGACAGAGTTACTCC-1",8,5
"GGGACCCGTATATCTT-1",9,15
"GGGACTGCATAGATAG-1",3,10
"GGGAGAACTCACAGTA-1",4,10
"GGGAGCGACCGTAGTG-1",7,9
"GGGAGGATGCCCGAAA-1",5,3
"GGGAGTTAATGAGGCG-1",5,10
"GGGATATTGATCGCCA-1",4,4
"GGGATCCCAATACAAA-1",2,14
"GGGATGGACCCGCGTC-1",5,5
"GGGATGGTCGTAACCG-1",8,5
"GGGATTATCTCACAAC-1",9,11
"GGGATTTACCGCACCT-1",8,9
"GGGCAACCGCACGTGC-1",8,5
"GGGCACGTAGTACTGT-1",7,7
"GGGCACTATTGACCAT-1",5,3
"GGGCAGACGTCACTGC-1",5,3
"GGGCAGAGCAATCGTT-1",7,7
"GGGCAGGATTTCTGTG-1",5,3
"GGGCAGTCAACGCCAA-1",7,7
"GGGCATGCATGTCGAG-1",7,7
"GGGCCATTCGTGCTGG-1",8,9
"GGGCCCGTCTTAAACA-1",8,5
"GGGCCCTACGAAAGGG-1",3,2
"GGGCCGGCCGAAGTAC-1",5,10
"GGGCCTAAATGGGCTA-1",5,3
"GGGCCTATACAACCGG-1",5,3
"GGGCCTATTTAAGTAT-1",3,8
"GGGCGATCCATAGGCC-1",5,9
"GGGCGCAGCGTTACTC-1",3,8
"GGGCGGCAAATGAATT-1",4,16
"GGGCGGGTTCCCTACG-1",8,5
"GGGCGGTCCTATTGTC-1",9,11
"GGGCGTCACCACGTAA-1",4,4
"GGGCGTCCACTGGCTC-1",3,8
"GGGCGTGGTTTCCCAG-1",7,7
"GGGCGTTTACATTCAT-1",9,15
"GGGCTACTATTTCGTG-1",3,3
"GGGCTATGATCGATGG-1",7,13
"GGGCTCATCGAACCCA-1",2,2
"GGGCTGCCTAGGGCGA-1",5,10
"GGGCTGGTTAGTCGCG-1",3,8
"GGGTAATGCTGTGTTT-1",3,8
"GGGTACACTCTGGAGG-1",2,14
"GGGTACCCACGGTCCT-1",3,8
"GGGTACTTCATGAACT-1",5,3
"GGGTATGTATGCACTT-1",2,14
"GGGTATTCTAGCAAAC-1",5,3
"GGGTCACCGTGACGGT-1",5,3
"GGGTCACGTGCTTATG-1",8,9
"GGGTCAGGAGCTAGAT-1",6,15
"GGGTCCTTGGAAGAAG-1",8,9
"GGGTCGTGGCAAGTGT-1",2,14
"GGGTCTATCGCTTTCC-1",4,4
"GGGTGACACCTTAACT-1",4,4
"GGGTGCATATGAAAGC-1",3,8
"GGGTGGTCCAGCCTGT-1",7,9
"GGGTGTTTCAGCTATG-1",3,8
"GGGTTAACATTTGAGT-1",4,4
"GGGTTCAGACGAACAA-1",2,6
"GGGTTTAGGATAGGAT-1",8,9
"GGGTTTCCGGCTTCCA-1",3,10
"GGTAAATGTGCGTTAC-1",5,8
"GGTAACCGGGAGGATA-1",4,16
"GGTACAAACATGCTAT-1",8,5
"GGTACACCAGATTTAT-1",2,2
"GGTACATCTGGGACGA-1",3,8
"GGTACCATTAAGACGG-1",3,8
"GGTACGTTGCGGCCGG-1",8,9
"GGTACTAAGTGCTTTG-1",8,5
"GGTAGAAGACCGCCTG-1",6,15
"GGTAGACCGTTGGGCG-1",9,13
"GGTAGGCCAATATCAC-1",7,7
"GGTAGTGCTCGCACCA-1",5,10
"GGTATAGTGACACATA-1",3,8
"GGTATCAAGCATAGAA-1",3,2
"GGTATTGCCGAGTTTA-1",3,8
"GGTCAAGACTACTTCG-1",4,4
"GGTCAGTGGGTCCCAC-1",4,4
"GGTCATTGTAGTCATA-1",3,8
"GGTCCACGTCTATTTG-1",4,4
"GGTCCCATAACATAGA-1",8,9
"GGTCCTTCATACGACT-1",2,14
"GGTCGGATAAACGGCG-1",1,1
"GGTCGGCCAGGAGCTT-1",3,3
"GGTCGGTAATTAGACA-1",9,15
"GGTCGGTCGTCCACAG-1",1,1
"GGTCGTAAGCTCGCAC-1",5,3
"GGTCTCCGTCCAGGTT-1",7,7
"GGTCTCTGAATGGACT-1",4,16
"GGTCTGAGAATCTGGA-1",3,10
"GGTCTTGAGCGCTCTT-1",7,12
"GGTGAAACCGGGAATG-1",7,12
"GGTGAACGGGCTAGCC-1",9,11
"GGTGAAGTACAGGGAT-1",8,5
"GGTGAGATGCAGATAA-1",3,8
"GGTGATAAGGAGCAGT-1",8,9
"GGTGCAGAGCCTATCG-1",3,8
"GGTGCATAAATGATTA-1",7,7
"GGTGCGGATAAGTGGC-1",9,11
"GGTGCTGATCACAAAG-1",1,1
"GGTGCTGGTACACATT-1",8,5
"GGTGGACCACGTGTTA-1",5,9
"GGTGGACTGCTCTGGC-1",4,4
"GGTGGAGGTTGATACG-1",8,5
"GGTGGGATTAGGTCCC-1",4,4
"GGTGTAAATCGATTGT-1",7,7
"GGTGTAGGTAAGTAAA-1",7,13
"GGTGTTCTGTTTCTAC-1",5,3
"GGTGTTGGGCGTCTTA-1",8,5
"GGTTACCACCCTCGGG-1",8,5
"GGTTACCCGACACTTT-1",3,8
"GGTTACCGCTCCCTAC-1",7,7
"GGTTAGCTATATGTCT-1",4,4
"GGTTAGGCTTGGAGAA-1",2,14
"GGTTAGTTACGGCGCC-1",1,1
"GGTTCCACCCGCTTCT-1",4,4
"GGTTCCGTACGACTAA-1",7,7
"GGTTCGATGCTGAGTT-1",5,9
"GGTTCGGATTATACTA-1",2,2
"GGTTCTACTCGTCTGA-1",5,3
"GGTTGTATCGTGAAAT-1",7,7
"GGTTGTGTAGCCTGGC-1",1,1
"GGTTTAATTACCATCG-1",7,7
"GGTTTAATTGAGCAGG-1",2,2
"GGTTTACAATCTCAAT-1",2,14
"GGTTTAGCCTTTCTTG-1",8,9
"GGTTTCAATCGGTCAG-1",3,8
"GGTTTGACAAGAAGCT-1",3,8
"GGTTTGAGTGCTGGAA-1",3,10
"GGTTTGTGACCTGAGG-1",6,15
"GTAACAACTGACCTTG-1",3,8
"GTAACAGGTTAACGGC-1",7,7
"GTAACATCAGCTCATC-1",5,9
"GTAACATCTAAGATAA-1",4,4
"GTAACTACGTAGACCT-1",4,4
"GTAACTGCCCAAGGAG-1",9,15
"GTAACTTGCGGCAGTC-1",9,15
"GTAAGGATTTGTCGGA-1",5,7
"GTAAGTAACAGTCTGG-1",8,9
"GTAAGTAGGGTATACC-1",2,14
"GTAAGTCCACACTCTA-1",8,5
"GTAATAAAGGGCTCCC-1",3,8
"GTAATCTGATTCTTCG-1",4,16
"GTACACTTACCTGAAG-1",5,3
"GTACAGAGGCAAGGGT-1",8,9
"GTACGACGGCGCTGCG-1",9,13
"GTACGCTTCATTGCAC-1",4,4
"GTACGTCACGTATTAA-1",3,8
"GTACGTTTGCCCGTCA-1",4,4
"GTACTAAGATTTGGAG-1",2,10
"GTACTCCCTTATCGCT-1",3,8
"GTACTCCTGGGTATGC-1",2,2
"GTACTGCATGAAGCGT-1",9,15
"GTACTGGAGTTAGACC-1",3,10
"GTACTTGGGCACTTCT-1",9,15
"GTAGAAACGGGTGGAG-1",1,1
"GTAGACAACCGATGAA-1",7,11
"GTAGACACGCCTGACT-1",7,7
"GTAGACGTCGTTACAT-1",9,8
"GTAGAGGGAGACAAGT-1",8,5
"GTAGCCAAACATGGGA-1",4,16
"GTAGCGCTGTTGTAGT-1",9,11
"GTAGCGGCTATACACT-1",8,9
"GTAGCTAGTAAGCGCG-1",9,11
"GTAGCTCCGGGAGGCT-1",7,7
"GTAGCTTCCTCTTGTT-1",3,10
"GTAGGTGATCCGTGTA-1",3,11
"GTAGTCGCGGGAATCA-1",4,4
"GTAGTCTACGATATTG-1",7,7
"GTAGTTCGAAGGCGAA-1",7,7
"GTAGTTTAAGCACACG-1",4,4
"GTATAATCTCCCGGAT-1",2,14
"GTATAGTGGCCCATGT-1",5,3
"GTATATGTTACGGCGG-1",3,8
"GTATCAAACGTTAGCT-1",4,4
"GTATCAAGGTACTTCC-1",7,4
"GTATCAGCTTGGGTTC-1",2,2
"GTATCCTTTGGTAACC-1",7,7
"GTATCTCAGTCTTGAC-1",8,5
"GTATCTCCCTAACTGT-1",7,9
"GTATCTCGGGCGCTTT-1",4,4
"GTATCTTGTTGCTCAC-1",7,7
"GTATCTTTCATAACCA-1",4,4
"GTATGAAATTTCACTC-1",5,3
"GTATGACGTGGGAAAC-1",7,12
"GTATGTGGGTCTAGTT-1",5,3
"GTATTAAGGCGTCTAA-1",2,2
"GTATTAGGGTTCGCGT-1",5,3
"GTATTCTGAGAAACGA-1",8,5
"GTATTCTTACCGTGCT-1",3,8
"GTATTTAATGGCATAA-1",8,5
"GTCAAAGAAGTGGTGT-1",8,5
"GTCAAAGTTTACATAG-1",7,7
"GTCAACCAGGCCTATA-1",7,9
"GTCAAGCGGACTCGGG-1",8,9
"GTCAATTGTACTGAAG-1",7,4
"GTCACAAAGTTTCCAA-1",5,3
"GTCACCTGTCTATGTC-1",8,9
"GTCACTCATGAGCGAT-1",5,9
"GTCACTCTCCAAATCT-1",2,14
"GTCAGAATAGTCTATG-1",2,2
"GTCAGTTGTGCTCGTT-1",7,9
"GTCATCCCAAACTCAC-1",8,4
"GTCATCTCCTACAGCT-1",2,14
"GTCATGCGCGAGGGCT-1",7,13
"GTCATTAGAGCGAACG-1",8,5
"GTCATTGCATTGACCC-1",1,14
"GTCCAATATTTAGCCT-1",7,7
"GTCCACGTCGCATTCG-1",4,4
"GTCCAGGCACGTGTGC-1",6,6
"GTCCATTACTGCTACG-1",8,9
"GTCCCAACGTAAAGTA-1",5,10
"GTCCCAATCATCCCGC-1",2,2
"GTCCCGCGACGTTATG-1",7,7
"GTCCGGACCTGAAATT-1",4,4
"GTCCGGCTGAATTGCG-1",2,2
"GTCCGGGTTCACATTA-1",7,7
"GTCCTACAGGCGGCTC-1",2,14
"GTCCTACGAATAGTCT-1",4,4
"GTCCTACTCTACGGGC-1",3,8
"GTCCTAGGATACCTTA-1",5,9
"GTCCTTCTAGTGGGTT-1",5,8
"GTCCTTTAATGACTTC-1",5,3
"GTCGAATTTGGGCGCT-1",4,4
"GTCGATAGGTGACTTT-1",8,5
"GTCGCCGTTGTGTGTT-1",4,4
"GTCGCGTAACCCGTTG-1",8,9
"GTCGGAAGGATACCAG-1",3,8
"GTCGGATATCTCAGAC-1",3,8
"GTCGGATGTAGCGCGC-1",3,8
"GTCGGGAACATGGTAG-1",2,2
"GTCGGGAAGCAGAAAC-1",7,13
"GTCGTACCATCTCGGG-1",4,4
"GTCGTACCTACGATTG-1",2,2
"GTCGTATTGGCGTACA-1",2,14
"GTCGTCTGGTTGGCTA-1",3,8
"GTCGTTATTCGCTTAT-1",4,4
"GTCTAGTGAGCCGCTT-1",7,7
"GTCTATACACGCATGG-1",7,7
"GTCTATCTGAGTTTCT-1",8,3
"GTCTATTGCATGCTCG-1",4,9
"GTCTATTGGTTCCGGT-1",4,4
"GTCTCAAGGCCCGGCT-1",7,7
"GTCTCCGCCTCAATAC-1",7,7
"GTCTCCTGCCAGTATG-1",8,5
"GTCTCGACTAAGTTTG-1",2,2
"GTCTCGATCTGCTTTC-1",2,14
"GTCTCGCCAACACGCC-1",9,11
"GTCTGCCGACTCGACG-1",4,9
"GTCTGGGCGGTCGAGA-1",8,5
"GTCTGTAGGTTGAACA-1",7,7
"GTCTTAGTACAGCCGG-1",3,8
"GTCTTGAGGAGCAGTG-1",5,3
"GTCTTGTAGCTATTCA-1",8,10
"GTGAAACGGCGCCACC-1",2,14
"GTGAAACGTGCTCCAC-1",9,15
"GTGAACTCCCATTCGA-1",3,8
"GTGAAGATTTCAAGTG-1",2,14
"GTGAAGCCGTATAGTC-1",1,1
"GTGAAGTCACGACTCG-1",5,3
"GTGACAGCTTCCCACT-1",7,15
"GTGACCGCACACTACG-1",5,9
"GTGACCTAAAGAATAA-1",3,8
"GTGACGAGGGTGACCC-1",3,8
"GTGACGCAGGTTTCAT-1",7,7
"GTGACTTCAGTAGTGC-1",4,16
"GTGAGATAACCTTATA-1",7,7
"GTGAGCGTGCTGCACT-1",2,2
"GTGAGGACACTTAAGG-1",4,4
"GTGAGGAGCGGTTGAG-1",3,8
"GTGAGTGGTACAACGC-1",4,4
"GTGATCAAGCGTGCAC-1",4,12
"GTGATCACTAACGCCT-1",4,4
"GTGATCATAGATCTGC-1",4,4
"GTGATCCTTGTCATGA-1",7,7
"GTGATGCACAACATCT-1",3,8
"GTGATTCGCCGCTCAA-1",8,5
"GTGCAACAAATGTGGC-1",3,8
"GTGCACCAGCTTCAAC-1",7,7
"GTGCACGAAAGTGACT-1",3,8
"GTGCCAAACGTTTCGA-1",4,4
"GTGCCATCACACGGTG-1",8,5
"GTGCCCGTTCGGATTC-1",8,9
"GTGCCGCTTCAAAGGT-1",8,5
"GTGCCTAGCTATGCTT-1",2,14
"GTGCCTCAGTGTACGG-1",5,8
"GTGCCTGAGACCAAAC-1",7,9
"GTGCGAAATCGAACAC-1",8,5
"GTGCGACAGGGAGTGT-1",5,8
"GTGCGCAGCTTGCTCC-1",9,10
"GTGCGCTTACAAATGA-1",5,3
"GTGCGGGACCATCGGC-1",6,15
"GTGCGTGTATATGAGC-1",8,9
"GTGCTATCCAGCTGGA-1",8,9
"GTGCTCAAGTACTGTC-1",5,8
"GTGCTGCAGATAAGGA-1",2,14
"GTGCTTACATCAGCGC-1",8,5
"GTGGAACCTACATGCG-1",3,8
"GTGGACCAACCCGATT-1",8,5
"GTGGACGCATTTGTCC-1",7,13
"GTGGACGTGCTGAGAC-1",3,8
"GTGGAGCGTTTACCGA-1",8,5
"GTGGAGTCGGCGGTTG-1",4,13
"GTGGCAAACAGCGGCA-1",5,3
"GTGGCCGGTTTCTCGG-1",8,9
"GTGGCGGGCCGTAGCT-1",9,11
"GTGGCGGTCCCAGCGT-1",3,3
"GTGGCGTGCACCAGAG-1",8,9
"GTGGCTGTTTCTGTTC-1",7,9
"GTGGGAACAAACCGGG-1",7,7
"GTGGGAAGACTGAATC-1",5,3
"GTGGGCTTAGACACAC-1",2,14
"GTGGGTACTGAGCGTA-1",3,2
"GTGGGTCTTCTTTGCG-1",3,8
"GTGGTATAGTCTGCCG-1",4,4
"GTGGTCAGCGAAGTAT-1",5,3
"GTGGTGGCCAAGTGAA-1",4,4
"GTGGTTACTTCTTTCG-1",3,8
"GTGGTTTCCGCCTTTC-1",5,3
"GTGTACCTTGGCTACG-1",2,14
"GTGTATATCAGCGGGC-1",7,7
"GTGTATGACTTTAAAG-1",6,15
"GTGTCAGTGTACGTGG-1",7,7
"GTGTCCGATAAGGCAT-1",8,9
"GTGTCGTATAGCGTTC-1",9,13
"GTGTCGTATTCACCTT-1",5,3
"GTGTGAATAACTTAGG-1",5,3
"GTGTGAGCCGAGGTGC-1",5,9
"GTGTTACTATGCGTCC-1",8,4
"GTTAAAGTAGGACTGG-1",4,4
"GTTAACATCACTTAAA-1",7,7
"GTTAACTATGTTGTCA-1",8,9
"GTTAAGGGTGCGATGT-1",7,7
"GTTAAGTTAGAGTGGG-1",5,3
"GTTACAATTGGTGACG-1",3,3
"GTTACCTACAACTTGC-1",4,4
"GTTACGAAATCCACGC-1",5,10
"GTTACGGCCCGACTGC-1",5,9
"GTTACTTTGGGCCTAG-1",8,5
"GTTAGAGTGTGCCGCT-1",5,9
"GTTAGCCCATGACATC-1",6,6
"GTTAGCCGTAAATCAA-1",3,8
"GTTAGGCTACCCGTTT-1",5,3
"GTTATAATACGGTGAA-1",4,4
"GTTATATCAGGAGCCA-1",1,1
"GTTATATTATCTCCCT-1",4,4
"GTTATCACCTTCTGAA-1",6,15
"GTTATTAAATACGACC-1",7,9
"GTTATTAACGTGGGAG-1",1,14
"GTTCAATCTATGTCAA-1",9,13
"GTTCACAGGAGTCTAG-1",3,8
"GTTCAGTCGCCAAATG-1",6,15
"GTTCATCGTTTGGCTG-1",3,8
"GTTCCAAGACAGCGAC-1",5,10
"GTTCCCGTAAACATAT-1",4,4
"GTTCCGTCCGCCTGCA-1",7,7
"GTTCGACAATTGTATA-1",4,4
"GTTCGCCATAAGTGCC-1",5,5
"GTTCGCTGAGACGTCT-1",4,4
"GTTCGGAGCACTCAAC-1",4,4
"GTTCGGATCGGGAACA-1",8,9
"GTTCGGGCGTACCATT-1",3,8
"GTTCGTCTAAAGAACT-1",4,4
"GTTCGTTGCGGACCAG-1",7,9
"GTTCTTGTAACTCAAT-1",7,7
"GTTGAACCGGTTCCAT-1",8,5
"GTTGAGTCCCGCCGGT-1",7,7
"GTTGCACGGAGTTTCG-1",1,1
"GTTGCCCTAACGGGTG-1",4,4
"GTTGCGCTAACATTAC-1",8,5
"GTTGCGGACGGTCAGG-1",8,5
"GTTGGACCGCATCAGG-1",2,14
"GTTGGATTCAGTGGCT-1",3,2
"GTTGGATTGAGAACAC-1",3,10
"GTTGGATTTGCGTTGG-1",5,3
"GTTGGTCATGCTATCC-1",7,7
"GTTGTAGATTTATGAG-1",7,7
"GTTGTTACATTGCGCT-1",3,8
"GTTGTTGCAAGATGGC-1",4,16
"GTTTACGTTCCATCTG-1",4,4
"GTTTCAAACGAGTTGT-1",4,4
"GTTTCATATCGTCGCT-1",3,8
"GTTTCCTGGAGGGTGA-1",2,14
"GTTTCTAGAGGCGCGG-1",7,9
"GTTTCTGCAGTCTCCC-1",8,9
"GTTTCTTGTTAGAGCT-1",8,9
"GTTTGACCAAATCCTA-1",3,10
"GTTTGAGCGGTTATGT-1",7,9
"GTTTGGCCCAAGTTAT-1",8,9
"GTTTGGCCGCTCAGCG-1",9,13
"GTTTGGCGTCAGGCAC-1",5,3
"GTTTGGGCTTGTGAGC-1",7,13
"GTTTGGGTTTCGCCCG-1",7,7
"GTTTGGTAGGGTCAAC-1",7,7
"GTTTGGTGATCGGTGC-1",7,7
"GTTTGTTAGCCAAGTA-1",3,8
"TAAACCCAGGAGGGCA-1",4,16
"TAAAGACAACCCTTTA-1",5,3
"TAAAGCGGTATTTCCA-1",7,7
"TAAAGCGTTAGGAGAA-1",3,10
"TAAAGCTGCAATAGGG-1",3,2
"TAAAGGAGAAACTAGT-1",8,9
"TAAAGTGCACGTCTCG-1",7,7
"TAAATGAATCCGTTTC-1",2,14
"TAAATGCCGTCTCATG-1",3,8
"TAAATTGTGGGTAAAG-1",7,4
"TAAATTTAGTAACACC-1",7,13
"TAACAAAGGGAGAAGC-1",2,2
"TAACAGCGTTTGTGCT-1",7,7
"TAACAGGTTCCCTTAG-1",7,7
"TAACATACAATGTGGG-1",8,9
"TAACATACACGCGATC-1",8,5
"TAACCGTCCAGTTCAT-1",3,10
"TAACCTACCGTCCGAG-1",3,8
"TAACCTAGGGAGTCCA-1",4,4
"TAACGCTTTGAGAGCG-1",2,14
"TAACTATTACGCCAAA-1",3,8
"TAACTCATCCGCGCGG-1",8,5
"TAACTCCATGGAGGCT-1",2,2
"TAACTGAAATACGCCT-1",8,9
"TAAGAGGGACAGGGAC-1",8,9
"TAAGATTTAGCGGGAG-1",9,11
"TAAGCAGGCGACACGC-1",2,2
"TAAGCCCTTACGACCA-1",3,8
"TAAGCGCGAATCAAAT-1",4,4
"TAAGGAACTTGTGGGA-1",3,8
"TAAGGCAACATAAGAT-1",2,14
"TAAGGCATAACATCAA-1",7,7
"TAAGGCCCGTCACCCT-1",7,7
"TAAGGCTGAATCCCTC-1",8,9
"TAAGGGCCTGTCCGAT-1",4,4
"TAAGGGCTGGGAGAGG-1",2,2
"TAAGTAAATGTGCCGC-1",5,9
"TAAGTAACATCTTGAC-1",8,5
"TAAGTCGCCGAGTATC-1",4,16
"TAAGTGAATAGTCTAC-1",4,4
"TAAGTTGCGACGTAGG-1",4,4
"TAATAAACAAGGAGAT-1",3,2
"TAATACACAGTAGTAT-1",2,11
"TAATACTAGAACAGAC-1",7,4
"TAATAGAACAGAGTTA-1",4,16
"TAATAGCTAAATGATG-1",2,2
"TAATAGGTCACCAGAA-1",8,5
"TAATAGTGACGACCAG-1",2,10
"TAATATTGAAATTCGC-1",3,8
"TAATCAGGAATGCTGC-1",8,9
"TAATCGATCCGTACGT-1",2,14
"TAATGAAAGACCCTTG-1",1,1
"TAATGTCGGTTCATGG-1",4,4
"TAATTACGTCAGTAGA-1",7,7
"TAATTAGATGGATATG-1",9,11
"TAATTAGGACATCCGT-1",5,9
"TAATTGCGCTGATTAC-1",8,9
"TAATTGGAATCGGGAA-1",2,2
"TACAAATTGCGGAGGT-1",8,9
"TACAACGCACAACTCA-1",8,5
"TACAAGCTGTTCACTG-1",7,9
"TACAAGGGCTTCTTTA-1",7,7
"TACAAGTCTCGTGCAT-1",2,2
"TACAATGAAACCAGCA-1",5,9
"TACACAGCCGTGGTGC-1",7,4
"TACACCGTCGTTAGTC-1",2,14
"TACACCTCTTCGAATC-1",7,9
"TACAGAAACGGTGGGC-1",7,7
"TACATAGGCATACACC-1",8,5
"TACATCCCTATCCCTG-1",5,3
"TACATGCCGGAATTGT-1",8,5
"TACATTTCTAACGTGC-1",8,5
"TACCAAATAGCCCAGA-1",7,7
"TACCAATAAAGTACCA-1",4,4
"TACCAGAAGTAGGTTC-1",4,4
"TACCAGCTAGGTTTAA-1",3,8
"TACCAGGAATCCCGTC-1",7,7
"TACCGAATAATTGTAA-1",7,7
"TACCGCGGACTTGCAG-1",3,8
"TACCGGCTCACTGCCC-1",4,4
"TACCGGTCGTTTCCAT-1",8,5
"TACCGTAGGTTAACTA-1",7,7
"TACCGTGCCTCGGACC-1",6,15
"TACCTACTCCCAGTAT-1",7,7
"TACCTATCCCTAGAGG-1",2,10
"TACCTCAGTTGTCTGT-1",7,7
"TACCTCCACACCAATG-1",6,15
"TACCTGCTGCACTGTG-1",1,1
"TACCTTAAGATTTCCC-1",8,5
"TACGAACACGACTTCA-1",3,8
"TACGACGCTTGCTGCG-1",4,4
"TACGACTGCCTCTTAG-1",4,4
"TACGAGAACTTCACGT-1",5,3
"TACGATCCAAGCCACT-1",5,9
"TACGATGTTGATCATC-1",3,8
"TACGCAGTTCTTTCCT-1",8,5
"TACGCCATATTCTAAT-1",8,5
"TACGCCGAGGGTACCC-1",4,16
"TACGCCTCCATTCCGA-1",9,13
"TACGCTATAGAAACCT-1",3,8
"TACGCTCCTAGAACTG-1",7,7
"TACGCTCGGTATTGGA-1",4,4
"TACGCTGATAGTTGTA-1",4,4
"TACGCTGCTGTGTTAA-1",4,4
"TACGGAAGCCAAACCA-1",7,13
"TACGGCATGGACGCTA-1",4,4
"TACGGGATGCTAGCAG-1",2,14
"TACGGGTAATAACATA-1",7,9
"TACGTAAAGCGGAGTG-1",7,7
"TACGTACTAGTGCTGA-1",7,7
"TACGTGCACTATGCTG-1",2,14
"TACGTGGGCCCAGGGC-1",7,7
"TACGTTTACCGGCAAT-1",5,3
"TACTACGTGCAATGCG-1",5,9
"TACTATGGTTCCTCAG-1",7,7
"TACTCCTCTAGTTGAC-1",7,7
"TACTCGGCACGCCGGG-1",2,2
"TACTCGTTTGAATCAA-1",4,9
"TACTCTCCGAACAAAT-1",2,14
"TACTCTTACTTTACTG-1",4,4
"TACTCTTTCGTCTTCA-1",7,7
"TACTGAACAGATTTAG-1",4,4
"TACTGAGGGAAGAAAG-1",5,3
"TACTGCAATCAATTAC-1",1,1
"TACTGGACAGCTCGGC-1",3,8
"TACTGTTTCTCTGGTA-1",8,5
"TACTTAAACATGTACA-1",8,9
"TACTTGTTAGTAGTCC-1",5,10
"TACTTTACTGAGCCGG-1",3,8
"TACTTTCCGCACGCCA-1",5,3
"TAGAAACCACTAAGTA-1",5,9
"TAGAAAGGTGGCGCTA-1",3,3
"TAGAACGCCAGTAACG-1",2,2
"TAGAATAGCCGATGAA-1",7,7
"TAGAATTAAGGGCAAC-1",7,7
"TAGACGAAACGCCAAT-1",7,7
"TAGACGCCCGTACCGG-1",3,8
"TAGACTACCTAGCGTT-1",5,3
"TAGACTCAGTTGGCCT-1",8,5
"TAGAGATCATGCAACT-1",5,3
"TAGAGGGAGTTTATCT-1",7,4
"TAGAGGTTCTACTTGT-1",4,4
"TAGAGTCTAAGCGAAC-1",3,10
"TAGATATGGACTGGAA-1",4,4
"TAGATCCGAAGTCGCA-1",7,12
"TAGATGGTTCCTTACT-1",9,13
"TAGATTCAAAGTGCGG-1",7,7
"TAGATTCCTGGTTATT-1",2,2
"TAGCAACCTGTCACAA-1",2,14
"TAGCAGTAAATACGCG-1",5,3
"TAGCAGTATGACTAAA-1",7,9
"TAGCCAGAGGGTCCGG-1",2,14
"TAGCCATGATTGCCTA-1",8,9
"TAGCCATTTCAAAGTC-1",8,9
"TAGCCGGCGGTCAGCG-1",3,3
"TAGCGTCCCTCGATTG-1",8,5
"TAGCGTCCGGTGTGGT-1",6,15
"TAGCGTTGGGTCTTAC-1",8,9
"TAGCTAAGTCCGGGAG-1",3,10
"TAGCTAGAAGGCATGA-1",4,4
"TAGCTAGTGATGATGG-1",7,7
"TAGCTCAGATCCTAGT-1",5,3
"TAGCTCGCCTGATAAC-1",4,4
"TAGCTGATGTGAAGCG-1",5,2
"TAGGAACAGCCTCCAG-1",5,3
"TAGGATCTTAACCGCA-1",4,9
"TAGGCATGTTACGCCA-1",1,14
"TAGGCCTATATAGTCT-1",8,9
"TAGGCGATGAGGTCTC-1",5,3
"TAGGCGGCTGCAAAGA-1",8,9
"TAGGCTAAAGTGGCAC-1",7,9
"TAGGGAGCTTGGGATG-1",5,3
"TAGGTCCAAGTAAGGA-1",1,1
"TAGGTCGCCGGAACTG-1",3,8
"TAGGTGACGATAACCT-1",7,7
"TAGGTGAGCCCTACTC-1",2,2
"TAGGTGCTCGCCTAGC-1",8,9
"TAGGTGTTCCACAGAT-1",9,13
"TAGGTTCGAGTTCGTC-1",5,10
"TAGGTTCTGCTGAGAA-1",7,7
"TAGTACCACAACTTTC-1",8,9
"TAGTACCTTAGTGGTC-1",2,14
"TAGTAGCTTATACCAG-1",7,7
"TAGTCCCGGAGACCAC-1",7,7
"TAGTCCGCAGAGAATG-1",8,5
"TAGTCCGTATGCATAA-1",2,14
"TAGTCCTGCACTAAGC-1",4,4
"TAGTCGATCACGGGTT-1",4,4
"TAGTCTAACAACGAGA-1",5,3
"TAGTCTGCGGCACATT-1",7,7
"TAGTCTGTGACGTTGC-1",2,14
"TAGTCTTTCCGAATTG-1",8,5
"TAGTGAGAAGTGGTTG-1",7,9
"TAGTGCCCTCCAGAGT-1",3,8
"TAGTGGAACTCATACA-1",6,15
"TAGTGTCAGAAACGGC-1",2,14
"TAGTTAAGATAGGATA-1",5,8
"TAGTTTATTCTTGCTT-1",9,10
"TAGTTTGATCGGTCGC-1",5,9
"TATAAATCCACAAGCT-1",2,2
"TATAAGTGAGGATAGC-1",2,2
"TATACACAGACGCCTT-1",4,7
"TATACACGCAAAGTAT-1",3,2
"TATACCGAGTGCCACA-1",8,5
"TATACGCGTCATCACT-1",7,7
"TATACTCATGCGGCAA-1",2,14
"TATAGAGTCGCTTGAA-1",7,7
"TATAGATGGTCGCAGT-1",5,3
"TATAGCGCACGTTATC-1",5,3
"TATAGCTATTATCTCT-1",8,9
"TATAGGGTACTCATGA-1",2,2
"TATAGTTAGGTGTACT-1",4,4
"TATATAGGGCTTTACG-1",4,16
"TATATATCGAGAAATG-1",4,4
"TATATCAAAGTGATCT-1",7,7
"TATATCCCTGGGAGGA-1",5,3
"TATATTACAAATGTCG-1",2,2
"TATATTCGCGTCGATA-1",7,7
"TATCACAGCACGGGCA-1",9,11
"TATCACCATGTAAAGT-1",5,7
"TATCACCCAACCGACC-1",2,10
"TATCACTTCGAGTAAC-1",2,2
"TATCAGTGGCGTAGTC-1",3,8
"TATCCAATTGGTTATC-1",7,7
"TATCCATCTCGGTTAG-1",8,5
"TATCCGCACCGTCGGG-1",7,7
"TATCCTATCAACTGGT-1",6,6
"TATCGATCTATGCATA-1",1,14
"TATCGATGATTAAACG-1",1,1
"TATCTACAGAGGTAAT-1",2,14
"TATCTACCACAGCGGG-1",8,5
"TATCTAGCCTAAAGGA-1",2,14
"TATCTGAGCCGATATT-1",5,3
"TATCTTGCAATACAAC-1",8,5
"TATGAAGAATTAAGGT-1",7,9
"TATGAAGACAGGTGCG-1",1,1
"TATGACCTTGCGCTGG-1",2,2
"TATGATAAATCTAACG-1",5,9
"TATGATCCGGCACGCC-1",2,2
"TATGATCTTCTCTTTA-1",9,11
"TATGATTCTGCTTGGT-1",9,11
"TATGGAGTTTCTCGTT-1",9,7
"TATGGCAGACTTTCGA-1",5,8
"TATGGCCCGGCCTCGC-1",2,2
"TATGGGACCGAGCAGG-1",5,3
"TATGGGTACGTATCGT-1",3,8
"TATGGTCTGAGTAACA-1",5,3
"TATGGTTAGTGGGAGA-1",5,9
"TATGTAAAGTGCTTAA-1",7,7
"TATGTAGAAACCCGGC-1",5,3
"TATGTCAAGACCGACT-1",2,14
"TATGTCTCATTGTGCC-1",3,10
"TATTAACACCAAAGCA-1",5,3
"TATTAACCTGACCGCG-1",4,4
"TATTACCATCCTGCTT-1",5,3
"TATTATGTTTGCCTGC-1",8,5
"TATTCAATTCTAATCC-1",5,10
"TATTCCACTCAGCTCG-1",4,4
"TATTCCGAGCTGTTAT-1",4,4
"TATTCCGGCAGTCCTA-1",6,15
"TATTCCTCCGCCCACT-1",8,5
"TATTCGTGCCAGAATA-1",5,10
"TATTGACATTTCTGCC-1",3,8
"TATTTATACCGAGTAG-1",3,11
"TATTTGATTTGCACAG-1",4,16
"TCAAACAATTAGGACA-1",5,3
"TCAAAGAGCTATCTGT-1",3,8
"TCAAAGTCACGGCGTC-1",4,4
"TCAAATTGTTGTGCCG-1",9,13
"TCAAATTTGAGACTCA-1",7,7
"TCAACAAAGATAATTC-1",8,5
"TCAACACATTGGGTAA-1",9,13
"TCAACATAGCGCCCTA-1",4,7
"TCAACATCGACCGAGA-1",5,3
"TCAACGAGGAGACAAA-1",8,5
"TCAACGCAGGAAATAA-1",8,5
"TCAACGCGACCGGCAG-1",3,3
"TCAACTAACGTATAAC-1",2,14
"TCAACTGCAGAGTCAG-1",4,4
"TCAAGAAATACTAGCT-1",3,8
"TCAAGCGCGGACGGTA-1",4,4
"TCAAGGTTACTACACC-1",8,9
"TCAATACGCCGTCATG-1",7,7
"TCACAAACCGAGGTAC-1",7,7
"TCACAGATCCTCAAAC-1",2,2
"TCACAGCAAACTCGAA-1",4,4
"TCACAGGAGAATAAGA-1",4,4
"TCACAGGGAATCGCAA-1",4,4
"TCACAGGTTATTGGGC-1",3,8
"TCACATCTTATCTGAT-1",1,1
"TCACCCTCTTAAGATT-1",4,4
"TCACCGCTCGGCACTC-1",3,8
"TCACGATGTCCGTGGA-1",8,5
"TCACGATTAATACGTT-1",8,9
"TCACGCATTGTAGATC-1",3,8
"TCACGGCCCAAGAGAG-1",4,4
"TCACGTGCCCGATTCA-1",8,5
"TCACTACGACCAATGC-1",3,8
"TCACTATCGTGCAATC-1",9,11
"TCACTCAGCGCATTAG-1",5,9
"TCACTCGTGCAACGGC-1",3,8
"TCAGAACCTCCACAGG-1",3,8
"TCAGAACGGCGGTAAT-1",7,7
"TCAGACGCTATAGAAG-1",4,4
"TCAGAGCATGTCAACG-1",4,9
"TCAGCAAATGCATCTC-1",3,10
"TCAGCAGTAGGCCCTG-1",7,7
"TCAGCCAATCCGTAAA-1",7,7
"TCAGCGCACGCCGTTT-1",4,10
"TCAGCTTGAGCTTTCG-1",5,3
"TCAGGGCGCAAACTCG-1",1,14
"TCAGGGTGCACGAAAC-1",5,3
"TCAGGGTGTAACGTAA-1",2,10
"TCAGGTTCTTTGAGAA-1",3,2
"TCAGTAGGGACTATAA-1",4,16
"TCAGTGTATACGTCAT-1",4,4
"TCAGTTACGGAATGAT-1",5,9
"TCATACTTACAGATCC-1",2,14
"TCATATGAGCTTTGTT-1",9,13
"TCATCACTCGAGCTCG-1",3,8
"TCATCCATCTGATCAC-1",4,4
"TCATCCCAGAGGGTGG-1",3,8
"TCATCCTCAGCTGCTT-1",7,9
"TCATCGACGACCGTCG-1",7,9
"TCATCGATGGTCCCAA-1",4,16
"TCATGAAGCGCTGCAT-1",4,10
"TCATGCAGGTTCTCAT-1",3,10
"TCATTCGTATAATTTG-1",5,3
"TCATTTAAGTCTCCGA-1",5,8
"TCATTTAGAAGTGTGA-1",4,4
"TCCAACTCAGCTATCT-1",7,7
"TCCAACTTTAAATTCT-1",8,5
"TCCAAGCCTAGACACA-1",9,13
"TCCAATAAAGGCTACC-1",7,7
"TCCAATGCGTCGCCGC-1",5,3
"TCCACAATGGTTTACG-1",3,2
"TCCACATCGTATATTG-1",9,13
"TCCACCTCTAGCCTTT-1",7,13
"TCCACTTTATCTAGGT-1",3,10
"TCCAGAGCACCGGTTC-1",8,9
"TCCAGATGTACGCCAA-1",2,2
"TCCAGCGCTATAAGCG-1",8,5
"TCCAGGCAGGACGATC-1",7,7
"TCCAGGCGAGTACGGT-1",3,8
"TCCAGGGTATATACGA-1",7,7
"TCCATCAATACTAATC-1",8,9
"TCCATTAGTTGGATAG-1",5,12
"TCCATTGTGACCTCGT-1",5,9
"TCCCAAACAGACAACG-1",1,14
"TCCCAAACATCCTCTA-1",7,4
"TCCCAAAGCCCTAAAT-1",5,3
"TCCCACGGAGGGAGCT-1",8,9
"TCCCACTCTCTTCCGG-1",3,8
"TCCCAGCTTTAGTCTG-1",5,8
"TCCCAGGCTTAGCTAA-1",3,8
"TCCCGCCTATGTGCGT-1",3,8
"TCCCGGGTGTGCTGCT-1",3,8
"TCCCGGTCAGGAATTT-1",9,15
"TCCCGTCAGTCCCGCA-1",2,14
"TCCCGTCGCGTCATAG-1",3,8
"TCCCGTGTGCAATTTG-1",4,4
"TCCCTAGATCAATAGG-1",3,8
"TCCCTCCGAAATCGTT-1",5,10
"TCCCTCTTCTCAAGGG-1",4,4
"TCCCTGGCGTATTAAC-1",8,5
"TCCCTGGCTCGCTGGA-1",2,2
"TCCCTTAGATTACTCG-1",3,10
"TCCGAACGTTGCCGCT-1",8,5
"TCCGAACTTGGCTTAC-1",2,2
"TCCGAAGTAGTCACCA-1",3,8
"TCCGAATGGTCCTGAG-1",3,8
"TCCGACCGCTAATCAA-1",7,7
"TCCGAGAAGGCTAAGC-1",6,15
"TCCGATAATTGCCATA-1",9,11
"TCCGATGACTGAGCTC-1",2,14
"TCCGATTACATTGCCG-1",3,8
"TCCGCCTGTCTACAAG-1",7,7
"TCCGCGGCAGCATCTG-1",5,3
"TCCGCGGCCCAATGAA-1",4,4
"TCCGCTGGGTCGATCG-1",8,9
"TCCGCTGTCATCCCGG-1",4,4
"TCCGCTTATCCCATTA-1",4,4
"TCCGGAGGAAGGGCTG-1",3,8
"TCCGGCCTAGCGTACA-1",3,2
"TCCGGCCTGCATCGAT-1",9,15
"TCCGGGCTTGACGGGA-1",7,13
"TCCGGTTCGTCCGGTC-1",4,4
"TCCGTAACCACAATCC-1",6,14
"TCCGTTAAGCTAATAT-1",4,4
"TCCGTTTAGCCTTGAA-1",3,10
"TCCTAAAGATTCAGAC-1",7,7
"TCCTAAATTGGGAAGC-1",7,13
"TCCTAACCGTCGGGCA-1",7,7
"TCCTACATCCACGGCC-1",4,4
"TCCTAGCAAAGAAGCT-1",8,5
"TCCTATCATAGGTAAC-1",8,5
"TCCTCCTAAGACATTC-1",5,3
"TCCTCGGGCTGGGCTT-1",8,9
"TCCTCTCCAGTTGTCC-1",1,1
"TCCTCTGGCCCATTAG-1",5,3
"TCCTGCCAACTGGAGA-1",3,8
"TCCTGCGTTGATACTC-1",3,8
"TCCTGGCGCTGCCTGG-1",3,8
"TCCTTACGACGGTCCG-1",4,4
"TCCTTCAATCCCTACG-1",2,14
"TCCTTCAGTGGTCGAA-1",3,8
"TCCTTGTCCTTTAATT-1",7,7
"TCCTTTAAATCCGCTT-1",4,4
"TCGAAATTTAGGACCA-1",2,2
"TCGAAGAACCGAGCAC-1",8,9
"TCGAATATCCCGCAGG-1",4,4
"TCGAATCGCAGGGTAG-1",7,7
"TCGACAACTGAACCCG-1",8,5
"TCGACATAGCGTAGCG-1",9,15
"TCGAGACCAACACCGT-1",5,5
"TCGAGCCAGGCAGGCC-1",4,15
"TCGAGGGCAACAGACG-1",4,4
"TCGAGTCTACGATTCG-1",3,8
"TCGATAGGCTAGTCGC-1",3,10
"TCGATGTTACGGCCGT-1",8,9
"TCGATTTACGAAACGA-1",4,9
"TCGCAAAGATGCATTT-1",4,4
"TCGCACCAGGAGGCAG-1",4,4
"TCGCATAAAGGGCGCA-1",4,4
"TCGCATCCCTAAGTGT-1",9,15
"TCGCATTCAATGACTT-1",9,15
"TCGCCACCCGGATTAC-1",4,4
"TCGCCCAACTGACTCC-1",5,3
"TCGCCCACTGCGAGAG-1",8,10
"TCGCCGAAGTTGCGTC-1",8,5
"TCGCCGACATATTCGC-1",7,7
"TCGCCGCACCGCGTGA-1",5,3
"TCGCCTCGACCTGTTG-1",3,2
"TCGCGCGTTTACATGA-1",8,9
"TCGCGTCCAGAAGGTC-1",2,2
"TCGCTAAACCGCTATC-1",2,2
"TCGCTACTGGCTTTGA-1",7,7
"TCGCTCGGCACCAGCG-1",1,14
"TCGCTGCCAATGCTGT-1",7,13
"TCGCTGGGCGGATTGT-1",3,10
"TCGCTGTGCGTAAATC-1",3,8
"TCGCTTAATTACGAAG-1",3,8
"TCGGAATGACCATCAA-1",5,9
"TCGGAATGCGCTCTGA-1",2,2
"TCGGACGCCCAGCCCA-1",3,10
"TCGGAGAGTATCGGGA-1",5,3
"TCGGAGTACATGAGTA-1",5,10
"TCGGAGTCCTGGTTGC-1",8,9
"TCGGATCTGGATGACC-1",5,9
"TCGGCGAACCCAAACC-1",4,4
"TCGGCGTACTGCACAA-1",5,3
"TCGGCTAACTTCCCTT-1",7,9
"TCGGCTTGTATCGACG-1",9,15
"TCGGGAACGTGCCTAG-1",3,8
"TCGGGAGACAGCGTAC-1",7,7
"TCGGGATTCAAACATA-1",3,2
"TCGGGCACTTCTGGAT-1",4,9
"TCGGGCCGTCGTGGTA-1",8,9
"TCGGGTGAAACTGCTA-1",6,15
"TCGGTCCCGACAATAG-1",8,5
"TCGGTCCCTGACTCCA-1",5,8
"TCGGTGACCGCTCCGG-1",3,8
"TCGGTTAGCCATGTAG-1",5,7
"TCGTAAGACGACATTG-1",2,11
"TCGTAAGCTCCGAGGA-1",2,2
"TCGTACCGACGTCAAG-1",7,7
"TCGTATCACCAAGCTA-1",8,9
"TCGTATTACCCATTGC-1",3,8
"TCGTATTTCGTCCGGA-1",5,9
"TCGTCAAGTACGCGCA-1",4,4
"TCGTCACACTGTTAGC-1",1,1
"TCGTCCGGGTACACTC-1",5,3
"TCGTCTTAGGCGTTAA-1",9,4
"TCGTGTCACGCTGACA-1",5,3
"TCGTGTTCGACCACAA-1",4,4
"TCGTTAGGAGTCCCTA-1",4,4
"TCGTTCGTTATTATGT-1",3,8
"TCGTTGCTATCCGGTC-1",4,12
"TCGTTGGCTCGTCAAT-1",9,11
"TCGTTTACGCGACCCT-1",8,9
"TCTAAAGAACAGTCTC-1",5,3
"TCTAATACTGCCTCAG-1",8,5
"TCTACACGTTCATGCA-1",5,3
"TCTACCCAATAGAGAG-1",4,4
"TCTACGCACGATCTCC-1",4,4
"TCTAGCAATCTCCGCC-1",8,5
"TCTAGCATGCCCAGAA-1",4,4
"TCTAGGTGGCGACGCT-1",3,8
"TCTAGTGATATCGTGG-1",8,9
"TCTAGTTATCAGAAGA-1",5,8
"TCTATAGGTGGGTAAT-1",8,9
"TCTATCATGCAGTTAC-1",2,10
"TCTATCCGATTGCACA-1",4,9
"TCTATGCTATAACGAC-1",7,7
"TCTATTACGCTGGCGA-1",9,11
"TCTATTACTAGAGGAT-1",5,3
"TCTCAAATCAATCGGG-1",7,9
"TCTCATGAGATAGGGT-1",4,4
"TCTCCAACGTAGGTTA-1",6,6
"TCTCCACAAGTTGAAT-1",6,6
"TCTCCCTGGGCAGCGT-1",9,15
"TCTCGAACGAGGTCAC-1",3,8
"TCTCGACGTATCGCCG-1",8,5
"TCTCGAGGAGGTTCGC-1",6,15
"TCTCGGCTCCAGGACT-1",3,8
"TCTCGTGTTACGAGGA-1",5,3
"TCTCTCGCCGCACATA-1",4,4
"TCTCTTACCGCGAACC-1",7,7
"TCTGAACCGGTCGGCT-1",2,2
"TCTGAACTCGTACCCG-1",4,4
"TCTGAAGCACGTGGTC-1",4,4
"TCTGAATTCCGTACAA-1",5,3
"TCTGACGGGCTAACCC-1",3,8
"TCTGACTGTAATGGTT-1",2,2
"TCTGAGCAATTGACTG-1",4,4
"TCTGATCGGGTGCTAG-1",3,8
"TCTGATGTATTCTGTC-1",9,13
"TCTGATTGGAAATGGA-1",3,8
"TCTGCATACCTTGCTT-1",7,7
"TCTGCCAGAAACTGCA-1",8,4
"TCTGCGTCCGGTTTCT-1",3,8
"TCTGGCCGTTCAAGTT-1",3,3
"TCTGGGAACCTTTGAA-1",5,3
"TCTGGGTAGCGCTCAT-1",5,3
"TCTGTGACTGACCGTT-1",5,8
"TCTGTGATGGAGGTTG-1",5,3
"TCTGTGCCATCATAGT-1",3,10
"TCTGTGGCTACATTTC-1",7,16
"TCTGTTACCCAGCATA-1",4,16
"TCTGTTTAGATTGTTC-1",4,9
"TCTTACAGAGGTACCG-1",9,11
"TCTTACCGGAACTCGT-1",2,14
"TCTTACTTATGCCTCT-1",8,9
"TCTTAGAGCTCCAATT-1",5,9
"TCTTAGAGTGAACTCT-1",8,9
"TCTTATGGGTAGTACC-1",7,7
"TCTTCCCATGGGCACA-1",3,8
"TCTTCGAATAGACGTT-1",8,9
"TCTTCGCGGTGAGAGG-1",4,4
"TCTTCTATAACCCGCC-1",8,9
"TCTTGCTCCCGATACT-1",7,13
"TCTTGGTAACACCAAA-1",2,10
"TCTTGGTCAATGATAC-1",4,4
"TCTTTAAGACTATGAA-1",5,8
"TCTTTAGAGTCTAACA-1",8,5
"TCTTTAGCAGGCGAAC-1",3,8
"TCTTTCATCCGTCCTT-1",5,9
"TCTTTCCTTCGAGATA-1",4,4
"TCTTTCTCTTAAGGAG-1",5,9
"TGAAACCTCAACTCAC-1",5,9
"TGAAACTTATGCAAGC-1",3,8
"TGAAAGGACCTGACTC-1",5,3
"TGAACAAGCAGGGACT-1",7,7
"TGAACACCCGAAGCAG-1",3,8
"TGAACCTGAATGTGAG-1",8,9
"TGAACTGCTATGACTT-1",2,10
"TGAATACCGACGCGTA-1",7,7
"TGAATATGCTATAAAC-1",3,8
"TGAATGAGTGTTTCCC-1",7,7
"TGAATGTCAGCCGGCC-1",8,5
"TGAATTTCACTTGCCT-1",2,2
"TGACAACTTAAAGGTG-1",4,4
"TGACACTTCTCTTTGC-1",3,10
"TGACAGAAATCTTGCT-1",8,9
"TGACAGGACAAGTCCA-1",5,3
"TGACATATATGACGAT-1",2,10
"TGACATCGAGCGGACC-1",5,8
"TGACATGTAACGTGAC-1",9,15
"TGACCAAATCTTAAAC-1",7,7
"TGACCAGCTTCAAAGT-1",5,3
"TGACCCAACTCACATT-1",5,9
"TGACCCACGTTAGACA-1",3,8
"TGACCCAGCATTCCCG-1",8,9
"TGACGAATATTTCCCT-1",5,3
"TGACGATGCACTAGAA-1",5,3
"TGACTATAATCCTTTC-1",4,4
"TGACTCCGAATCATAC-1",8,9
"TGAGACGTACCTCTCA-1",2,2
"TGAGAGATTTACCACG-1",8,9
"TGAGATCAAATACTCA-1",7,9
"TGAGATTAGGCCCTAA-1",3,8
"TGAGCCATACAGTCTC-1",8,5
"TGAGCGGAAAGTGTTC-1",7,7
"TGAGCTTTAATGACGC-1",7,10
"TGAGGAGTGCCAGCTT-1",7,7
"TGAGGCATGTACTGTG-1",5,3
"TGAGGTGTGTGGCGGA-1",7,7
"TGAGGTTGATCCCAAG-1",7,9
"TGAGTAAATTAGCGTA-1",4,4
"TGAGTGCCTCTTAAAT-1",8,5
"TGAGTGGTCCGTGACG-1",3,8
"TGAGTTAAAGACATTC-1",8,5
"TGATACATTTAGCCGT-1",4,4
"TGATCACCACACTGAC-1",7,7
"TGATCAGGGAACTGCT-1",5,3
"TGATCCCAGCATTAGT-1",2,2
"TGATCGGTTTGACCCT-1",2,10
"TGATCTACGCTGATCT-1",3,8
"TGATCTCCGGCGCCAG-1",2,2
"TGATGGCTGTTTCTGA-1",3,8
"TGATGGGACTAAGTCA-1",3,2
"TGATGTCAATTAAGTG-1",4,4
"TGATTATGGCACGCAG-1",3,8
"TGATTCAGGTCCCGCG-1",5,3
"TGATTCCCGGTTACCT-1",7,7
"TGATTCGTCTATCACT-1",3,8
"TGATTCTGTCGCCGGT-1",4,16
"TGATTTATTAGCTGTG-1",5,3
"TGATTTCCTCCTGACG-1",9,15
"TGCAAACCCACATCAA-1",5,8
"TGCAAAGTTCGTCTGT-1",7,7
"TGCAACCCATCTGCGG-1",7,7
"TGCAACTACTGGTTGA-1",7,9
"TGCAAGAATGACGTAA-1",3,10
"TGCAATCTAACACGGT-1",7,7
"TGCAATTTGGGCACGG-1",3,8
"TGCACAGTGAAGTTAT-1",3,8
"TGCACGAGTCGGCAGC-1",7,9
"TGCAGAACTATATCGT-1",5,3
"TGCAGAGTACCGAGCA-1",5,3
"TGCAGATCGTCCTAGG-1",5,3
"TGCAGCTACGTACTTC-1",5,3
"TGCAGGATCGGCAAAG-1",2,14
"TGCAGTGAGGCTCGGG-1",3,8
"TGCAGTGGTAGGGAAC-1",4,4
"TGCAGTTTCCTCCCAT-1",8,9
"TGCATATGTCTGTCAC-1",5,3
"TGCATCTCCGGATCTT-1",5,3
"TGCATGAGTAGATTCG-1",3,2
"TGCATGGATCGGATCT-1",3,11
"TGCATGGCAGTCTTGC-1",8,9
"TGCATGTGACCCATAG-1",6,15
"TGCATGTGGTAATCTA-1",3,10
"TGCCAAAGTCAGACTT-1",5,3
"TGCCAATGGGTACTCT-1",4,4
"TGCCACACTAGAGGAA-1",2,2
"TGCCACCTGGCGAAAC-1",2,2
"TGCCAGTACGTGGAGA-1",4,16
"TGCCATGGCTTATAAG-1",5,9
"TGCCATTACTAAAGAA-1",2,14
"TGCCCGATAGTTAGAA-1",7,4
"TGCCCGTACCGTTAAA-1",6,15
"TGCCGAAAGCGTATTC-1",3,8
"TGCCGATGTCATCAAT-1",3,10
"TGCCGGATGTACGAGC-1",4,7
"TGCCGTGGATCGTCCT-1",7,13
"TGCCGTGGGACCCAAT-1",7,7
"TGCCGTTCTTAATCGG-1",5,3
"TGCCTAATTGAAGATT-1",4,4
"TGCCTGACATCGGTCA-1",2,11
"TGCCTGATCAAACGAT-1",2,2
"TGCCTTGGCCAGGCAA-1",9,13
"TGCGAATATGGGATTT-1",5,3
"TGCGACACCCTAGTGC-1",8,5
"TGCGACGGCCGAACGT-1",4,4
"TGCGAGAAACGTTACG-1",3,2
"TGCGAGAATATTACCC-1",4,16
"TGCGAGATGGCGGCCA-1",3,8
"TGCGAGCCCTTCCGCG-1",3,8
"TGCGCCGTTAATAACG-1",5,3
"TGCGCGATTAACGGAG-1",2,14
"TGCGGACTTGACTCCG-1",9,13
"TGCGGAGTAAAGGTGC-1",1,1
"TGCGGGTATTGGGATC-1",9,11
"TGCGGTCTACGAGTAA-1",8,9
"TGCGGTGAAATTTCAT-1",3,8
"TGCGTAAGAACCTGAT-1",8,5
"TGCGTACGGCTAATTG-1",8,9
"TGCGTCATGACTGAGC-1",8,5
"TGCGTGATTGGGTGTC-1",2,2
"TGCGTTTGTTGACACT-1",8,5
"TGCTAAGTGTCTATTT-1",4,4
"TGCTATACAAACGGAC-1",7,12
"TGCTATGGCAAAGGGA-1",5,3
"TGCTCAAAGGATGCAC-1",4,4
"TGCTCACACAACAACC-1",8,9
"TGCTCCACAGTTCTTA-1",8,9
"TGCTCGGCGAAACCCA-1",7,7
"TGCTCGGTGGGTCACC-1",7,7
"TGCTCTTGAGAGTTTG-1",7,7
"TGCTGGTTGGACAATT-1",2,14
"TGCTGTTGAAGAACTC-1",8,5
"TGCTTAGAGAGAATGC-1",4,4
"TGCTTCCCAAGCAGTA-1",7,7
"TGCTTGAAACCATGCA-1",3,8
"TGGAACCACTGACACA-1",1,14
"TGGAAGAAGGGAACGT-1",5,3
"TGGAAGGATAAAGATG-1",2,15
"TGGAATATCCTTGACC-1",1,1
"TGGACCAATCTAAGAT-1",7,7
"TGGACCACGGCGTTGA-1",6,15
"TGGACGCAATCCAGCC-1",8,5
"TGGACGTAGGCGAATC-1",2,14
"TGGACTGTTCGCTCAA-1",8,10
"TGGAGAATAATCGTCC-1",7,7
"TGGAGCTAAAGTTCCC-1",7,9
"TGGAGGGAAACACCTC-1",1,1
"TGGAGTGATGCGATGA-1",2,2
"TGGATAGAGTAACAGA-1",2,2
"TGGATGGCATCTTGGA-1",7,7
"TGGCAAACTAAATTAC-1",9,13
"TGGCAACTCGCGCGCC-1",6,14
"TGGCAAGCACAAGTCG-1",7,7
"TGGCAATGGGACGGCG-1",4,4
"TGGCACGAGCTCGAGT-1",5,9
"TGGCAGATTACGATCA-1",4,4
"TGGCAGCAGTAATAGT-1",8,5
"TGGCATGAAGTTTGGG-1",5,3
"TGGCCAAACTGAAGTA-1",3,8
"TGGCCAATTTGGTACT-1",5,3
"TGGCCGTATATTGACC-1",2,14
"TGGCGACTGCTCCAAA-1",4,4
"TGGCGATCAAGTTATG-1",4,4
"TGGCGGTGTGCGATTG-1",9,11
"TGGCTACACTCTACCT-1",7,7
"TGGCTATGTGACATAC-1",7,7
"TGGCTCTTGTCGCGTA-1",5,3
"TGGCTTATGTATAATG-1",3,8
"TGGCTTGTACAAGCTT-1",3,8
"TGGGAAATGCCTTTCC-1",2,14
"TGGGATGCACTCATTC-1",3,8
"TGGGCAATAGTTGGGT-1",8,5
"TGGGCACAAACAGAAC-1",6,6
"TGGGCACGTTCTATGG-1",3,8
"TGGGCAGGCCACCGCA-1",4,4
"TGGGCCACAAGAGCGC-1",3,10
"TGGGCCCATACTAATT-1",4,4
"TGGGCCTTGCCTGCAT-1",2,14
"TGGGCGATACAATAAG-1",7,12
"TGGGTAAGGTTCCCGC-1",3,8
"TGGGTGCACAAGCCAT-1",7,9
"TGGGTGGGATGTCATT-1",5,3
"TGGGTGTAATAGATTT-1",4,9
"TGGGTGTTAAGTAGAA-1",7,7
"TGGGTTTCGGGCGTAC-1",5,3
"TGGTAAGCAGGATTGA-1",5,2
"TGGTACCGGCACAGCC-1",5,2
"TGGTAGAATATATGGG-1",4,4
"TGGTATCGCATCCCAA-1",7,7
"TGGTATCGGTCTGTAT-1",7,10
"TGGTCCCACGCTACGG-1",9,15
"TGGTCGATATACCTCT-1",7,7
"TGGTCGTGCAAGGCAA-1",2,2
"TGGTCGTTTGATAGAT-1",8,9
"TGGTCTGTTGGGCGTA-1",3,8
"TGGTGATCGTATTTGT-1",1,1
"TGGTGCCCTGCCTTAC-1",7,7
"TGGTTAACTTACATTT-1",5,3
"TGGTTAAGGGCGCTGG-1",2,2
"TGGTTCAACGGGTAAT-1",4,4
"TGGTTGGAGGATCCTG-1",5,8
"TGGTTTAAACGTGGGT-1",2,2
"TGTAACTTGTCAACCT-1",5,10
"TGTAAGACTGATAAGA-1",5,9
"TGTAATGCCTTCGGAC-1",5,9
"TGTACCCGACCCTAAT-1",5,9
"TGTACCTACACGAGGG-1",9,15
"TGTACGAACAAATCCG-1",8,5
"TGTACGCTATCAGCTT-1",8,9
"TGTACTGTGCCAAAGT-1",9,11
"TGTAGCCAATTCCGTT-1",8,9
"TGTAGCCATCCCATTC-1",4,4
"TGTAGGAGAAATTTCC-1",5,3
"TGTAGTGATCTATAAT-1",3,8
"TGTATAACAGATCCTG-1",3,10
"TGTATCAGACTGAAGC-1",5,3
"TGTATGGCGCAGACAG-1",8,9
"TGTATTTACCTAATGC-1",3,8
"TGTCATTTGTTGGGAA-1",1,1
"TGTCCACGGCTCAACT-1",7,9
"TGTCCCGACATAGCAC-1",5,3
"TGTCCGCAAACAATTC-1",7,7
"TGTCCGTGGCGCCTTT-1",1,1
"TGTCCTAAGTCACCGC-1",3,8
"TGTCGGCATGGTGGAA-1",3,8
"TGTCGTGGGTATAGGC-1",5,9
"TGTCGTTATCACATAT-1",8,5
"TGTGACTACGCCAGTC-1",2,2
"TGTGAGACTAGCCCAA-1",7,7
"TGTGATTCCAGCGCTT-1",6,15
"TGTGCCAGAGGCAAAG-1",3,8
"TGTGCCGGTGCCGGAA-1",4,4
"TGTGCTTTACGTAAGA-1",2,2
"TGTGGAGGAAGCTTAA-1",9,9
"TGTGGCAAAGCGTATG-1",3,10
"TGTGGCGGGCTTCTGG-1",7,7
"TGTGGCTCCCACCAAC-1",8,5
"TGTGGTTGCTAAAGCT-1",7,7
"TGTGTAGTAGCACGTG-1",4,4
"TGTGTGACCATGAATC-1",2,2
"TGTGTTCGTATCCAAG-1",2,14
"TGTTATTGTATGTGGC-1",4,9
"TGTTCCGCTTCCATGA-1",5,3
"TGTTCCGGCCTGAGCT-1",7,7
"TGTTCGTATTGCGGTG-1",9,15
"TGTTCTTCCATTGACT-1",3,8
"TGTTGCCGTCGTCCCA-1",8,5
"TGTTGTCAAGAAGTCT-1",2,10
"TGTTTAATACTTCATC-1",5,9
"TGTTTCTGAAGCGTGC-1",5,3
"TGTTTGAGATCGTCAG-1",8,5
"TTAAACAGAGTCCCGC-1",8,9
"TTAAACCGGTAGCGAC-1",7,7
"TTAAACTCGAATTCAT-1",3,8
"TTAAAGGCGATGCTCG-1",7,7
"TTAACACCTCGAACAT-1",1,14
"TTAACGAACAAGCAGT-1",1,1
"TTAACGTCGCAAGACC-1",3,8
"TTAACGTTAAAGCCTG-1",1,1
"TTAACTTCAGGTAGGA-1",8,5
"TTAAGACGAACGAACC-1",5,3
"TTAAGATACCCAGAGA-1",4,4
"TTAAGATAGGATTGAC-1",8,9
"TTAAGCCGACAACTTC-1",7,7
"TTAAGCGCCTGACCCA-1",3,8
"TTAAGGCCCGTACTTT-1",4,16
"TTAAGTATTGTTATCC-1",7,7
"TTAATCAGTACGTCAG-1",6,15
"TTAATGCGAGGTAACT-1",7,9
"TTAATTGCTTTGGGTG-1",7,7
"TTAATTTCAGACGCGG-1",3,8
"TTACAACTACGCATCC-1",1,1
"TTACACGATCTGCGAC-1",4,4
"TTACAGACCTAAATGA-1",2,14
"TTACATCGTGGCCTGG-1",2,2
"TTACATGCCACAACTA-1",8,5
"TTACCATTGATTACCC-1",3,8
"TTACCCATTGCCGGGT-1",3,8
"TTACCCTAACAGTCCT-1",1,14
"TTACCCTAGGGATTGG-1",9,13
"TTACCGCCTTAGGGAA-1",3,8
"TTACGGATGGTTCGAG-1",3,8
"TTACGGTGTCACCGAG-1",9,11
"TTACGTAGCGCGTGCT-1",8,9
"TTACGTATCTATGACA-1",4,4
"TTACTAAAGGACTTTA-1",4,4
"TTACTATCGGCTTCTC-1",2,14
"TTACTCCGGCCGGGAA-1",5,3
"TTACTCTGGTACGTAC-1",8,5
"TTACTGGGATATTTCA-1",8,5
"TTACTGTCTAGAGCTC-1",2,14
"TTACTGTTTCTCTACG-1",7,11
"TTAGAAGAACATGACT-1",7,13
"TTAGAATAAGGGTCGG-1",7,7
"TTAGACACGATCGTTG-1",3,8
"TTAGACGAGTCACCTC-1",4,4
"TTAGAGGGATATACAG-1",3,2
"TTAGAGTATTGTCGAG-1",7,4
"TTAGAGTTTAGAAGGA-1",4,4
"TTAGATAGGTCGATAC-1",3,8
"TTAGCAACATGGATGT-1",2,2
"TTAGCATCCCTCACGT-1",8,9
"TTAGCCATAGGGCTCG-1",4,4
"TTAGCTAATACGATCT-1",1,1
"TTAGCTCTGTAATCCG-1",1,14
"TTAGCTGATTTGCCGT-1",5,3
"TTAGGTCATAACCGAC-1",4,4
"TTAGGTGTGACTGGTC-1",5,2
"TTAGTAAACCTGCTCT-1",7,13
"TTAGTAGGGCGGCGGG-1",2,2
"TTAGTTATTCGTGGCA-1",4,4
"TTAGTTCAAGTGTTCG-1",1,1
"TTATAGATGCACATTA-1",4,16
"TTATAGGTAATTGTCT-1",7,7
"TTATAGTCCAAGGTGC-1",5,9
"TTATATACGCTGTCAC-1",8,9
"TTATCATACTCGCAAA-1",5,8
"TTATCCAATCGAACTC-1",9,15
"TTATCCGGGATCTATA-1",4,4
"TTATCCTCAAGGAATA-1",5,3
"TTATCGCCTGCGAAGC-1",1,1
"TTATCTGACATTAGGA-1",5,3
"TTATGAATGAAAGGGA-1",8,5
"TTATGACAAACTGGAT-1",2,14
"TTATGATCTTAACGAA-1",8,9
"TTATGCGTCCCGGTCC-1",9,11
"TTATTAGAGCGTGTTC-1",4,4
"TTATTAGGGAAGCATC-1",9,11
"TTATTATCTGGAAGGC-1",4,16
"TTATTTCATCCCAAAC-1",3,8
"TTCAAAGTCTCTAGCC-1",5,10
"TTCAACGACCCGACCG-1",2,11
"TTCAAGCCGAGCTGAG-1",3,8
"TTCAATACTCTGAATC-1",5,9
"TTCAATTAGCCATAAT-1",6,15
"TTCACGAAAGGATCAC-1",8,5
"TTCACGGTCGTCACGT-1",7,7
"TTCACTCGAGCACCTA-1",7,7
"TTCACTTCCTAGAACG-1",7,7
"TTCAGAGTAACCTGAC-1",3,8
"TTCAGCCCTGGTCCAC-1",4,4
"TTCAGCTGGCGTGCCC-1",6,15
"TTCAGGCGTCAAAGCC-1",3,3
"TTCAGTTCAAGAGGAG-1",7,7
"TTCATAGCCTTGTAAC-1",2,11
"TTCATGGCGCAACAGG-1",2,2
"TTCCAATCTGGCTATC-1",4,4
"TTCCACACAGATTTGA-1",4,13
"TTCCACATTTCTCGTC-1",8,9
"TTCCAGACGAGATTTA-1",5,3
"TTCCAGTGGGTTTCGT-1",7,7
"TTCCATCATGCGGTGA-1",3,8
"TTCCATCGACAGCGTG-1",4,4
"TTCCCGACGCTTCACT-1",8,9
"TTCCCGGCGCCAATAG-1",5,3
"TTCCGCAGAGAAATAT-1",1,14
"TTCCGCGTGAGGCGAT-1",4,4
"TTCCGGCCTTGAGGCT-1",4,7
"TTCCGGCTCGACTTCT-1",3,8
"TTCCGGTATCTGTGTC-1",5,3
"TTCCGGTTACCCACTT-1",4,4
"TTCCTCGGACTAACCA-1",4,4
"TTCCTCTGCCCGAATA-1",2,14
"TTCCTTTCTGTGTTGC-1",3,8
"TTCGAACGAAACATGC-1",7,7
"TTCGACAGAGCCCGTG-1",7,13
"TTCGACGGGAAGGGCG-1",1,1
"TTCGCACTGTACGACA-1",7,7
"TTCGCATCCGGAAGCA-1",3,8
"TTCGCCGCTCGCGCTA-1",5,3
"TTCGCGCGCCATACGA-1",7,7
"TTCGCTAGGAAGTTGT-1",5,3
"TTCGCTATCTGACGTG-1",2,14
"TTCGGACTGATGCCTT-1",5,3
"TTCGGACTGGGCATGG-1",5,9
"TTCGGCAACCCGCTGA-1",3,8
"TTCGGCTAGAGATGGT-1",2,2
"TTCGGGACTAATCGCG-1",8,10
"TTCGGGCGCTAGTCTT-1",4,13
"TTCGGGTTGCCACGGG-1",4,4
"TTCGGTACTGTAGAGG-1",7,12
"TTCGGTGGAGACGCCC-1",8,5
"TTCGTAATCCCAGCGG-1",5,8
"TTCGTACTCCAGAACG-1",2,14
"TTCGTGGGCTGGAAGC-1",5,3
"TTCGTTCAACGAAGTT-1",2,14
"TTCTAACCGAAGCTTA-1",3,8
"TTCTACCTCAATCGGT-1",4,4
"TTCTACCTTTATGTTG-1",5,9
"TTCTACTTGCGAGGGC-1",2,6
"TTCTAGAAAGTCTTAT-1",7,7
"TTCTAGGCCAATTGTG-1",2,14
"TTCTATGCCTTTCGCA-1",3,8
"TTCTATTAAACGCAGC-1",7,7
"TTCTCAATTGCTACAA-1",4,4
"TTCTCTTACAGGTGAT-1",5,3
"TTCTGACCGGGCTCAA-1",4,9
"TTCTGCCGCGCCTAGA-1",4,4
"TTCTGCGAGCGCCCTT-1",2,14
"TTCTGCGGGTTAGCGG-1",8,9
"TTCTGCTAGACTCCAA-1",3,8
"TTCTTAGTGAACGGTG-1",9,15
"TTCTTAGTGGCTCAGA-1",9,11
"TTCTTATCCGCTGGGT-1",4,4
"TTCTTCCCTTTGATAT-1",9,11
"TTCTTCGCAATAGAGC-1",8,9
"TTCTTGAGCCGCGCTA-1",8,5
"TTCTTGCTAGCATCTC-1",5,9
"TTCTTGGACGATCTGC-1",4,16
"TTCTTGGAGTAATGAG-1",2,14
"TTCTTGTAACCTAATG-1",2,14
"TTCTTTGGTCGCGACG-1",2,14
"TTGAAAGGTGTAAAGG-1",3,8
"TTGAACGAATCCTTTG-1",6,6
"TTGAACGACGTGCTGA-1",6,15
"TTGAAGAATTCCCAGG-1",3,8
"TTGAAGGATGGGCGCC-1",5,3
"TTGAATATGGACTTTC-1",5,10
"TTGAATCGTTGTATAA-1",5,3
"TTGAATTCACGTGAGG-1",5,3
"TTGACAGGAGCTCCCG-1",4,4
"TTGACATGAACGTGGA-1",8,5
"TTGACCAGGAACAACT-1",7,7
"TTGACCGTGTTAATGA-1",8,5
"TTGACGATTCAGCACG-1",7,7
"TTGACGCTCCATGAGC-1",5,3
"TTGACTACCATATGGT-1",8,5
"TTGACTATTGTCCGGC-1",8,9
"TTGAGAAGTTTAGCAT-1",4,4
"TTGAGAGTACTGCTAA-1",8,5
"TTGAGCAGCCCACGGT-1",8,5
"TTGAGCGCCACGTGAT-1",5,3
"TTGAGGCATTTAACTC-1",5,3
"TTGAGGGTCGAACGCG-1",5,3
"TTGAGTCCCGCTGCTG-1",5,3
"TTGATAGTCAATACAT-1",2,2
"TTGATCTAACTTTGTC-1",2,2
"TTGATGCCGCTCGTCG-1",7,7
"TTGATGTGTAGTCCCG-1",2,14
"TTGATTAGCTGTTTCT-1",8,5
"TTGCAAGAAGACTCCT-1",7,7
"TTGCACAATTCAGAAA-1",8,5
"TTGCAGGTCATGAAGT-1",8,9
"TTGCATGCTGATCACG-1",8,5
"TTGCCAAGCAGAACCC-1",8,5
"TTGCCATAGCCCGCTC-1",8,5
"TTGCCCTGATCACGGG-1",3,8
"TTGCCGCAGACCTACA-1",8,9
"TTGCCGCTTTCTAGTA-1",7,7
"TTGCCGGTGATCCCTC-1",3,8
"TTGCCTAATCCAAAGT-1",4,4
"TTGCCTTCTCGCCGGG-1",8,9
"TTGCGCTTGATCAATA-1",4,9
"TTGCGGAAAGCTGCCC-1",7,7
"TTGCGGCATCAGAAAG-1",4,4
"TTGCGGCGACTCATGC-1",7,16
"TTGCGTAGTTTGAGGA-1",1,1
"TTGCGTCGGCCAACCG-1",4,16
"TTGCGTGAACGCTTAG-1",3,8
"TTGCGTGTGTAGGCAT-1",7,9
"TTGCTAGCTACCAATC-1",5,10
"TTGCTCATAGTACGTG-1",5,9
"TTGCTGATCATGTTCG-1",3,8
"TTGCTGCACCTATCCA-1",2,14
"TTGCTGGCCGGGCTTC-1",5,9
"TTGGAAGAATACAGTC-1",8,5
"TTGGACATGTGGCTTA-1",5,3
"TTGGACCATCTGGCAA-1",4,4
"TTGGACCTATAACAGT-1",4,4
"TTGGATATCGTCTACG-1",4,4
"TTGGATCGACTTCTGG-1",3,8
"TTGGCCATCTTGCGCT-1",2,11
"TTGGCCTAGAATTTCG-1",3,8
"TTGGCGATCCGAATAT-1",3,8
"TTGGCTCAATATGTGT-1",4,4
"TTGGCTCGCATGAGAC-1",2,2
"TTGGGAAGACGAGCCG-1",7,7
"TTGGGACGTAAGAGTT-1",8,5
"TTGGGCGGCGGTTGCC-1",3,10
"TTGGTATGGCTTGTGT-1",3,8
"TTGGTCACACTCGTAA-1",4,4
"TTGGTTGCGGTGCGCG-1",8,5
"TTGTAACTTCATAGCG-1",5,9
"TTGTAAGGACCTAAGT-1",8,5
"TTGTAATCCGTACTCG-1",5,3
"TTGTACACCTCGAACA-1",3,8
"TTGTATCACACAGAAT-1",3,8
"TTGTCACCGCGGTATC-1",3,8
"TTGTCTCGGCAAGATG-1",7,7
"TTGTGAACCTAATCCG-1",7,7
"TTGTGAGGCATGACGC-1",5,3
"TTGTGCAGCCACGTCA-1",7,7
"TTGTGCGGAAGCGGAT-1",5,3
"TTGTGGAGACAGCCGG-1",4,9
"TTGTGGTAGGAGGGAT-1",8,5
"TTGTGGTGGTACTAAG-1",7,7
"TTGTGTATGCCACCAA-1",9,13
"TTGTGTTTCCCGAAAG-1",4,7
"TTGTTAGCAAATTCGA-1",2,14
"TTGTTGGCAATGACTG-1",4,4
"TTGTTGTGTGTCAAGA-1",3,10
"TTGTTTCACATCCAGG-1",4,4
"TTGTTTCATTAGTCTA-1",4,4
"TTGTTTCCATACAACT-1",5,3
"TTGTTTGTATTACACG-1",7,7
"TTGTTTGTGTAAATTC-1",3,8
