"barcode","BayesSpace_harmony_09","BayesSpace_harmony_16"
"AAACAACGAATAGTTC-1",4,9
"AAACAAGTATCTCCCA-1",5,9
"AAACAATCTACTAGCA-1",4,12
"AAACACCAATAACTGC-1",7,7
"AAACAGAGCGACTCCT-1",8,9
"AAACAGCTTTCAGAAG-1",4,16
"AAACAGGGTCTATATT-1",7,7
"AAACAGTGTTCCTGGG-1",7,7
"AAACATGGTGAGAGGA-1",7,7
"AAACATTTCCCGGATT-1",5,9
"AAACCCGAACGAAATC-1",5,9
"AAACCGGAAATGTTAA-1",5,9
"AAACCGGGTAGGTACC-1",7,7
"AAACCGTTCGTCCAGG-1",7,7
"AAACCTAAGCAGCCGG-1",4,9
"AAACCTCATGAAGTTG-1",2,2
"AAACGAAGAACATACC-1",4,16
"AAACGAAGATGGAGTA-1",7,7
"AAACGAGACGGTTGAT-1",4,9
"AAACGGGCGTACGGGT-1",8,9
"AAACGGGTTGGTATCC-1",4,4
"AAACGGTTGCGAACTG-1",5,9
"AAACGTGTTCGCCCTA-1",7,9
"AAACTAACGTGGCGAC-1",7,7
"AAACTCGGTTCGCAAT-1",4,4
"AAACTCGTGATATAAG-1",8,9
"AAACTGCTGGCTCCAA-1",4,4
"AAACTTAATTGCACGC-1",7,7
"AAACTTGCAAACGTAT-1",1,1
"AAAGAATGACCTTAGA-1",7,7
"AAAGAATGTGGACTAA-1",5,9
"AAAGACATGAAGTTTA-1",6,15
"AAAGACCCAAGTCGCG-1",4,4
"AAAGACTGGGCGCTTT-1",4,16
"AAAGCTTGCCTACATA-1",5,9
"AAAGGCCCTATAATAC-1",7,7
"AAAGGCTACGGACCAT-1",7,7
"AAAGGCTCTCGCGCCG-1",7,7
"AAAGGGATGTAGCAAG-1",8,10
"AAAGGGCAGCTTGAAT-1",4,4
"AAAGGTAAGCTGTACC-1",4,4
"AAAGTAGCATTGCTCA-1",7,7
"AAAGTCACTGATGTAA-1",4,16
"AAAGTCGACCCTCAGT-1",4,16
"AAAGTGCCATCAATTA-1",5,3
"AAAGTGTGATTTATCT-1",5,9
"AAAGTTGACTCCCGTA-1",5,9
"AAATAACCATACGGGA-1",8,9
"AAATAAGGTAGTGCCC-1",5,9
"AAATACCTATAAGCAT-1",4,4
"AAATAGCTTAGACTTT-1",8,9
"AAATAGGGTGCTATTG-1",4,4
"AAATCACTCCTAAACG-1",6,15
"AAATCCGATACACGCC-1",8,9
"AAATCGCGGAAGGAGT-1",7,7
"AAATCGTGTACCACAA-1",4,4
"AAATCTAGCCCTGCTA-1",5,9
"AAATGACTGATCAAAC-1",4,12
"AAATGATTCGATCAGC-1",8,9
"AAATGCTCGTTACGTT-1",3,8
"AAATGGCATGTCTTGT-1",4,4
"AAATGGCCCGTGCCCT-1",7,7
"AAATGGTCAATGTGCC-1",4,10
"AAATGTATCTTATCCC-1",8,5
"AAATGTGGGTGCTCCT-1",4,4
"AAATTAACGGGTAGCT-1",9,11
"AAATTAATAAGCGCGA-1",4,16
"AAATTACACGACTCTG-1",8,9
"AAATTACCTATCGATG-1",8,9
"AAATTCCAGGTCCAAA-1",5,9
"AAATTGATAGTCCTTT-1",7,7
"AAATTGCGGCGGTTCT-1",4,4
"AAATTGGTGAGAAGCA-1",3,8
"AAATTTACCGAAATCC-1",4,9
"AAATTTGCGGGTGTGG-1",7,7
"AACAACTGGTAGTTGC-1",4,10
"AACAATACATTGTCGA-1",7,7
"AACAATTACTCTACGC-1",4,4
"AACACACGCTCGCCGC-1",5,9
"AACACGACTGTACTGA-1",4,7
"AACACGAGACGCGGCC-1",5,3
"AACACGCGGCCGCGAA-1",4,2
"AACAGCTGTGTGGCAA-1",7,7
"AACAGGAAATCGAATA-1",5,10
"AACAGGATGGGCCGCG-1",4,4
"AACAGGTAGTATGGAT-1",5,9
"AACATAGCGTGTATCG-1",8,9
"AACATATCAACTGGTG-1",8,9
"AACATCGATACGTCTA-1",8,9
"AACATTGAAGTTGATC-1",7,7
"AACATTGGTCAGCCGT-1",4,4
"AACATTGTGACTCGAG-1",3,8
"AACCAAGACTTCTCTG-1",4,4
"AACCAGTATCACTCTT-1",4,4
"AACCATAGGGTTGAAC-1",7,7
"AACCATGGGATCGCTA-1",4,4
"AACCCAGAGACGGAGA-1",3,3
"AACCCATCCCATGATC-1",7,7
"AACCCGACAACCCGTG-1",7,7
"AACCCGAGCAGAATCG-1",5,9
"AACCCGATAGGGCTTC-1",6,15
"AACCCGCTGTATTCCA-1",4,9
"AACCCTACTGTCAATA-1",5,8
"AACCCTGGTGGAACCA-1",4,4
"AACCGAGCTTGGTCAT-1",8,9
"AACCGCTAAGGGATGC-1",4,4
"AACCGTTGTGTTTGCT-1",2,14
"AACCTAAAGCCGTCCG-1",7,7
"AACCTCGCTTTAGCCC-1",1,1
"AACCTGTCACGGAATT-1",5,9
"AACCTTTAAATACGGT-1",4,4
"AACCTTTACGACGTCT-1",8,9
"AACGAAAGTCGTCCCA-1",7,7
"AACGACCTCCTAGCCG-1",5,3
"AACGATAATGCCGTAG-1",4,4
"AACGATAGAAGGGCCG-1",6,15
"AACGATATGTCAACTG-1",8,9
"AACGCATGATCTGGGT-1",8,9
"AACGCGAACGGCAACA-1",4,4
"AACGCGACCTTGGGCG-1",7,7
"AACGCGGTCTCCAGCC-1",5,9
"AACGCTGTTGCTGAAA-1",5,9
"AACGGACGTACGTATA-1",4,4
"AACGGCCATCTCCGGT-1",7,7
"AACGTACTGTGGGTAC-1",7,7
"AACGTAGTCTACCCAT-1",8,5
"AACGTCAGACTAGTGG-1",4,4
"AACGTCGCTGCACTTC-1",5,9
"AACGTGATGAAGGACA-1",9,13
"AACGTGCGAAAGTCTC-1",5,3
"AACGTTATCAGCACCT-1",4,4
"AACTACCCGTTTGTCA-1",5,9
"AACTAGCGTATCGCAC-1",4,4
"AACTAGGCTTGGGTGT-1",4,4
"AACTCAAGTTAATTGC-1",4,3
"AACTCCAGAGCGTGTT-1",5,9
"AACTCCTAATCCCATG-1",8,9
"AACTCGATAAACACGT-1",4,4
"AACTCGATGGCGCAGT-1",3,10
"AACTCTCAATAGAGCG-1",8,9
"AACTCTCAGTGTGCTC-1",7,7
"AACTGAGGTCAGCGTC-1",7,7
"AACTGAGTTATACTGA-1",5,9
"AACTGATATTAGGCCT-1",5,5
"AACTGGGTCCCGACGT-1",5,9
"AACTGGGTTCGAGCCG-1",9,13
"AACTGGTGTGGGCCTT-1",3,10
"AACTTCTGCGTCTATC-1",4,4
"AACTTGCCCGTATGCA-1",2,10
"AACTTGCGTTCTCGCG-1",4,4
"AACTTTACGGGAGCTT-1",4,16
"AACTTTAGCTGCTGAG-1",4,4
"AACTTTCTCGATCATG-1",8,9
"AAGAAATCACCAGATT-1",8,9
"AAGAAGGATCAGTTAG-1",9,13
"AAGACATACGTGGTTT-1",5,9
"AAGACCAAATAACTCA-1",7,7
"AAGACCCAACTGAACA-1",7,7
"AAGACTAACCCGTTGT-1",4,4
"AAGACTCACGCCCACT-1",7,7
"AAGACTGCAAGCTACT-1",4,10
"AAGAGATGAATCGGTA-1",4,4
"AAGAGCTCTTTATCGG-1",4,4
"AAGAGGATGTACGCGA-1",9,15
"AAGAGGCATGGATCGC-1",4,4
"AAGAGGCCCTTTGGAA-1",5,9
"AAGATGGCACCGGACC-1",7,7
"AAGATTGGCGGAACGT-1",8,9
"AAGCACCCTGCGTATC-1",4,4
"AAGCATACTCTCCTGA-1",4,4
"AAGCCGAAGCGGTTTA-1",5,9
"AAGCCGCCGTGAAATC-1",7,7
"AAGCCGCTTTACCTTG-1",8,9
"AAGCCGGAGAGCAGGA-1",5,10
"AAGCGCAGGGCTTTGA-1",4,4
"AAGCGGAGTGCGCGCA-1",7,7
"AAGCGGCGTCATGGGT-1",4,4
"AAGCGTCCCTCATCGA-1",7,7
"AAGCTAGATCGAGTAA-1",4,4
"AAGCTCGTGCCAAGTC-1",9,11
"AAGCTCTTTCATGGTG-1",4,4
"AAGGAGAACTTATAAG-1",4,4
"AAGGAGCGGTTGGTGC-1",4,10
"AAGGATCGATCGCTTG-1",1,1
"AAGGATGAGGGACCTC-1",8,9
"AAGGCAGGCTGTCTCC-1",5,9
"AAGGCGCGTAAAGCTT-1",1,14
"AAGGCTGTGCTCATCG-1",4,4
"AAGGGAACGACTGGCT-1",7,8
"AAGGGACAGATTCTGT-1",8,9
"AAGGGACTATGCATTC-1",7,7
"AAGGGTTTGATTTCAG-1",7,7
"AAGGTATCCTAATATA-1",8,9
"AAGGTGATAAACCAGC-1",5,9
"AAGTAAGCTTCCAAAC-1",8,2
"AAGTAGAAGACCGGGT-1",3,10
"AAGTAGTGACGCGAGG-1",4,4
"AAGTCAATTGTCGTCA-1",5,9
"AAGTCTAGTAGCTGCC-1",8,9
"AAGTCTTCTGTGGCCT-1",4,16
"AAGTGACGACCGAATT-1",7,2
"AAGTGAGTCGGGTTTA-1",7,7
"AAGTGCAAAGGTAGAC-1",4,16
"AAGTGCCTTGACTGTA-1",5,9
"AAGTGCGTTAGAATCT-1",7,7
"AAGTGCTTCTCTATTG-1",7,7
"AAGTGTTTGGAGACGG-1",4,4
"AAGTTCACTCCAAGCT-1",4,4
"AAGTTCAGTCTGCGTA-1",8,9
"AAGTTCGGCCAACAGG-1",7,7
"AAGTTGTGATGTTATA-1",5,9
"AAGTTTACTAATGGCA-1",4,10
"AAGTTTATGGGCCCAA-1",4,4
"AATAACAACGCTCGGC-1",4,4
"AATAACACTAGAACAA-1",7,7
"AATAAGTCCTCGAGAC-1",4,4
"AATAATCTTCGTATCG-1",5,9
"AATACAATGTTTCAGG-1",4,4
"AATACCGGAGGGCTGT-1",7,7
"AATACCTGATGTGAAC-1",5,9
"AATAGAACAGAGTGGC-1",7,7
"AATAGAATCTGTTTCA-1",4,4
"AATAGCAAGCCTCCTG-1",7,2
"AATAGCTACCGCGTGC-1",8,9
"AATAGTCCGTCCCGAC-1",7,7
"AATAGTCGCGAGTCGG-1",2,14
"AATATCAAGGTCGGAT-1",4,4
"AATATCCTAGCAAACT-1",4,16
"AATATCGAATCAATGC-1",5,9
"AATATCGAGGGTTCTC-1",3,8
"AATATTGGAGTATTGA-1",4,4
"AATCAGACTGCAGGAC-1",4,4
"AATCAGGTTTCATTTA-1",7,7
"AATCATGTAAAGACTC-1",5,9
"AATCCAAGGGCCTGAG-1",3,8
"AATCCATGCAAGGGTG-1",4,4
"AATCCCGCTCAGAGCC-1",4,10
"AATCGAGGTCTCAAGG-1",8,9
"AATCGCCTCAGCGCCA-1",4,4
"AATCGCGCAGAGGACT-1",5,9
"AATCGGGACACTACGA-1",4,4
"AATCGGTATAGCCCTC-1",5,9
"AATCGTGAGCCGAGCA-1",4,9
"AATCTAGGTTTACTTG-1",7,7
"AATCTATGCCGGAGCC-1",8,9
"AATCTCTACTGTGGTT-1",4,16
"AATCTGCGTTGGGACG-1",8,9
"AATCTGGCTTTCTAGT-1",7,7
"AATCTGGGTAGACCCT-1",6,15
"AATGACAGCAATGTCT-1",7,7
"AATGACGTAGGATGTC-1",4,4
"AATGACTGTCAGCCGG-1",4,4
"AATGAGTTCGCATATG-1",4,4
"AATGATGATACGCTAT-1",8,9
"AATGATGCGACTCCTG-1",8,9
"AATGCAACCGGGTACC-1",8,10
"AATGCACCAAGCAATG-1",8,9
"AATGGTCCACCGTTCA-1",4,4
"AATGGTTCTCACAAGC-1",4,4
"AATGTATGGCACTGTA-1",7,7
"AATGTGCCCGAGGTGT-1",7,7
"AATGTGCTAATCTGAG-1",7,7
"AATGTTAAGACCCTGA-1",5,9
"AATGTTGTCGTGAGAC-1",5,9
"AATTAAAGGTCGGCGT-1",4,10
"AATTAACGGATTTCCA-1",4,4
"AATTACGAGACCCATC-1",7,7
"AATTACTCGTACGCTC-1",4,16
"AATTAGCGCTGCAGCG-1",4,4
"AATTATACCCAGCAAG-1",8,9
"AATTCATAAGGGATCT-1",8,9
"AATTCATTGTCATGCA-1",7,7
"AATTCCAACTTGGTGA-1",4,4
"AATTCCAAGCATGTAC-1",9,15
"AATTCGATTCGAGGAT-1",4,9
"AATTCTAGAGTTAGGC-1",4,4
"AATTGAACGCTCTGGT-1",4,4
"AATTGCAGCAATCGAC-1",5,9
"AATTGCGTGGATTACA-1",7,7
"AATTGTGGTTGCCAAA-1",5,9
"AATTTGGGACATAGTA-1",8,9
"AATTTGGTTCCAAAGA-1",5,10
"ACAAACCATGCGTCCT-1",7,7
"ACAAACCGACAAGGCG-1",7,7
"ACAAAGAAGGTAGGCC-1",4,16
"ACAAAGCATGACCTAG-1",5,9
"ACAAATCGCACCGAAT-1",4,4
"ACAAATGGTAGTGTTT-1",4,4
"ACAAATTCAGATCTGA-1",3,8
"ACAACAGCATGAGCTA-1",3,8
"ACAACGGTCCCTGCGA-1",4,4
"ACAAGCAGTGCCTAGC-1",4,4
"ACAAGCTATATGGAAG-1",4,16
"ACAAGGAAATCCGCCC-1",4,4
"ACAAGGACAAGAGGTT-1",4,4
"ACAAGGATGCTTTAGG-1",4,9
"ACAAGGGCAGGCTCTG-1",4,4
"ACAATAGTCGTACGTT-1",7,7
"ACAATCCATTTAAACC-1",4,4
"ACAATCGATCTTTATA-1",4,4
"ACAATGAATACGGAGA-1",7,7
"ACAATGATTCTTCTAC-1",7,7
"ACAATTGTGTCTCTTT-1",5,9
"ACAATTTAGGAGGCTC-1",4,16
"ACAATTTGAGCAGTGG-1",3,8
"ACAATTTGGCCATATT-1",5,9
"ACACAAAGACGGGTGG-1",8,16
"ACACAAATATTCCTAG-1",7,9
"ACACACCAGGACCAGT-1",4,4
"ACACACTTTCTACACG-1",5,3
"ACACATGATCAAATCT-1",7,7
"ACACATTGACGCAACA-1",4,16
"ACACATTTCCGTAGAC-1",4,4
"ACACCACATAATTAGC-1",5,9
"ACACCCAGCATGCAGC-1",4,10
"ACACCCGAGAAATCCG-1",4,4
"ACACCGAGCGCTCTTT-1",4,16
"ACACCGGTCTGACCGC-1",7,7
"ACACCTTAAGTAGGGC-1",4,8
"ACACCTTACTACTTGC-1",8,9
"ACACGAGACTCCTTCT-1",3,7
"ACACGGCACTATGCAT-1",4,4
"ACACGGGAACTTAGGG-1",8,9
"ACACGTAGGCCACAAG-1",5,9
"ACACTCCAATGTCACT-1",4,4
"ACACTGATCAAGGTGT-1",7,7
"ACACTGGGACAGTCGT-1",5,9
"ACAGAACTGAGAACAA-1",7,7
"ACAGATTAGGTTAGTG-1",4,4
"ACAGCATAGAGCCAGT-1",4,10
"ACAGCGACATTCTCAT-1",8,9
"ACAGCGCACCCGCAGC-1",5,9
"ACAGGCACGGATCCTT-1",8,9
"ACAGGCTTGCCCGACT-1",4,4
"ACAGGTGGAGGTGAGG-1",7,7
"ACAGGTGTGTTGTTGC-1",4,16
"ACAGTAATACAACTTG-1",7,7
"ACAGTATACCGTGGGA-1",8,9
"ACATAAGTCGTGGTGA-1",7,7
"ACATAATAAGGCGGTG-1",5,9
"ACATACAATCAAGCGG-1",5,9
"ACATCAGCTGGGACGC-1",4,3
"ACATCCCGGCCATACG-1",7,4
"ACATCCTGGTAACTGT-1",5,9
"ACATCGATCGTTTACC-1",4,4
"ACATCGGTCAGCCGCG-1",9,15
"ACATCGTATGCAATGG-1",4,4
"ACATCGTTAACCTAGT-1",3,10
"ACATCTCAACGCGTAA-1",4,4
"ACATGGCGCCAAAGTA-1",8,9
"ACATGGCTCAATTTAG-1",4,16
"ACATTAGTTTATATCC-1",8,5
"ACATTCGCGCGGAATA-1",9,13
"ACATTTGAAACCTAAC-1",5,9
"ACCAAACACCCAGCGA-1",8,9
"ACCAAACTAGAAATCC-1",4,4
"ACCAACACCACACACT-1",8,9
"ACCAACCGCACTCCAC-1",8,9
"ACCAACGCTTATTTAT-1",7,7
"ACCAAGAACGCGTGTC-1",5,16
"ACCAAGTCATCGGCAG-1",5,9
"ACCAATATGCAAGTTA-1",4,4
"ACCACAACTCAGAACA-1",4,4
"ACCACAAGTTTCTATC-1",4,4
"ACCACACGGTTGATGG-1",8,9
"ACCACCAATGTAACAA-1",8,9
"ACCACCCTCTCTTCTA-1",8,9
"ACCACGTGCAGCTATA-1",4,10
"ACCACTGTTCAAGAAG-1",8,16
"ACCAGACCATAACAAC-1",4,16
"ACCAGCCCGGTCTTTG-1",9,4
"ACCAGGAGTGTGATCT-1",4,4
"ACCAGTGCCCGGTCAA-1",4,4
"ACCAGTGCGGGAGACG-1",4,4
"ACCATATCCGCAATAA-1",4,4
"ACCATCCGCCAACTAG-1",7,7
"ACCATCGTATATGGTA-1",3,2
"ACCATTAAGGGTGTCA-1",4,16
"ACCCAACGCCCGTGGC-1",8,9
"ACCCACCTACATGCTC-1",4,4
"ACCCATCTTGAGGGTA-1",4,7
"ACCCATTTGTCCCTCT-1",5,9
"ACCCGAGCGAAATTAC-1",7,7
"ACCCGATTGGTTCCGA-1",7,7
"ACCCGGAAACTCCCAG-1",4,4
"ACCCGGAGCACCACAA-1",5,9
"ACCCGGATGACGCATC-1",8,9
"ACCCGGTTACACTTCC-1",4,4
"ACCCGTAGTCTAGTTG-1",5,3
"ACCCGTGTCATCAGTA-1",7,7
"ACCCTATAGGACTGAG-1",4,4
"ACCCTATGCCATATCG-1",7,7
"ACCCTCCCGTCAGGGC-1",8,9
"ACCCTCCCTTGCTATT-1",4,4
"ACCCTGGTAACGCCCT-1",8,9
"ACCCTTCATCTGCGAA-1",5,3
"ACCCTTGCCTGGGTCG-1",7,9
"ACCCTTTAGTTCTCCA-1",4,4
"ACCGAAAGGGCCCTGC-1",4,16
"ACCGAAGAGTCTGGTT-1",7,7
"ACCGACACATCTCCCA-1",4,5
"ACCGACTGAGTCCCAC-1",5,10
"ACCGAGTCTCCTTATT-1",8,9
"ACCGATAGGCATAACC-1",5,9
"ACCGATATTTAATCAT-1",5,9
"ACCGATGGTAGCATCG-1",8,9
"ACCGCAATAACTGCCT-1",4,4
"ACCGCGGTGGAAGTCG-1",5,9
"ACCGGGCCTTTGTTGA-1",5,10
"ACCGGTCAGGTACACC-1",7,7
"ACCGGTCTGAGTACGG-1",7,7
"ACCGTCCACTGGGCCC-1",7,7
"ACCGTGACCACGTGGG-1",7,7
"ACCGTTCCCGCTCTGA-1",4,4
"ACCTAAGTACCTTTCA-1",7,7
"ACCTAATCGACTTCCT-1",4,4
"ACCTACAGTATGTGGT-1",5,9
"ACCTACTATAAATCTA-1",5,5
"ACCTCAGCGAGGCGCA-1",5,3
"ACCTCCGCCCTCGCTG-1",5,9
"ACCTCCGTTATTCACC-1",8,9
"ACCTCGAACTTATGCT-1",7,7
"ACCTGCGTGTCATGTT-1",7,7
"ACCTTTCCTTTAGAAG-1",6,15
"ACGAAATGGGCGGCAC-1",4,4
"ACGACCCATGAGTTGC-1",5,9
"ACGACTCTAGGGCCGA-1",8,9
"ACGACTGGTCATACTC-1",7,7
"ACGAGAACCCATCACG-1",4,4
"ACGAGATATTTGCTTA-1",4,9
"ACGAGGATACCACTCT-1",7,7
"ACGAGGTTTACAACGT-1",7,7
"ACGAGTACGGATGCCC-1",8,9
"ACGAGTCGCCGGCGTT-1",4,4
"ACGATACATAGAACTA-1",8,9
"ACGATACCTATCCTGA-1",4,16
"ACGATCATACATAGAG-1",8,5
"ACGATCATCTTGTAAA-1",8,9
"ACGATGCATATGTTAT-1",4,10
"ACGATGGATCCGATGC-1",4,4
"ACGCAAACTAATAGAT-1",7,7
"ACGCAATCACTACAGC-1",8,9
"ACGCATACGTTTACTA-1",5,9
"ACGCATTCGTGAGTAC-1",9,11
"ACGCCACTCGAAACAG-1",5,9
"ACGCCAGATGATTTCT-1",8,10
"ACGCCAGTGCGTTTGC-1",5,9
"ACGCCCAGCTGTCGAT-1",4,4
"ACGCCGCTAGACGACC-1",4,4
"ACGCGAAGTCAGACGA-1",4,4
"ACGCGCTACACAGGGT-1",7,7
"ACGCGGGCCAAGGACA-1",9,11
"ACGCGTTTCTTAAGAG-1",4,16
"ACGCTAGTGATACACT-1",8,9
"ACGCTGTGAGGCGTAG-1",4,16
"ACGCTTAGTGTCTCTC-1",4,4
"ACGGAACACGAGTGCC-1",5,9
"ACGGAATTTAGCAAAT-1",4,4
"ACGGACTCTCAAAGCG-1",4,4
"ACGGAGCGCAAATTAC-1",8,9
"ACGGATGGTGCGGATA-1",4,4
"ACGGCACTTGCTTGGG-1",7,7
"ACGGCCAACATGGACT-1",7,7
"ACGGCGACGATGGGAA-1",4,4
"ACGGCGGGTTGCCCTG-1",4,3
"ACGGCTGGATGTAGAA-1",7,7
"ACGGGAGTGTCGGCCC-1",7,7
"ACGGGCGTATGCGACA-1",5,9
"ACGGGTCATGTGACTT-1",2,14
"ACGGTACAGTTCAATG-1",8,9
"ACGGTCACCGAGAACA-1",7,7
"ACGTACAGATTTCTCT-1",9,13
"ACGTACTTTGGCACGG-1",7,7
"ACGTAGATTGCTGATG-1",3,10
"ACGTAGGAGAGTCGCT-1",4,9
"ACGTATTACTCCGATC-1",5,10
"ACGTCCTAAACGAGAT-1",4,16
"ACGTCGGGCAACTCGG-1",7,7
"ACGTCTCGTTCCGGGA-1",4,16
"ACGTGACAAAGTAAGT-1",4,16
"ACGTGCGCCTCGTGCA-1",5,8
"ACGTGGTCGAATGTGC-1",4,4
"ACGTTAATGTCGAAGA-1",4,4
"ACGTTAGATTTGCCCG-1",4,4
"ACGTTATTGGTCACTC-1",4,4
"ACGTTCACTATGCCGC-1",7,7
"ACGTTCCGCGCTCCGT-1",4,16
"ACGTTCGCAATCAATT-1",5,9
"ACGTTCGTTCAGGAAA-1",7,7
"ACGTTCTGTACAAGTC-1",8,9
"ACGTTTAGTTGTGATC-1",2,14
"ACTAAGGACGCACACC-1",7,11
"ACTAATACGTCAGGCG-1",4,10
"ACTACAAAGAGAGGTG-1",7,7
"ACTACATCCCGACAAG-1",7,7
"ACTACCAGCTCTCTGG-1",4,4
"ACTACGCGTTAGAATT-1",7,7
"ACTAGTTGCGATCGTC-1",5,9
"ACTATATGCTGTGTTC-1",4,9
"ACTATCCAGGGCATGG-1",8,9
"ACTATCTGCCCGCGTA-1",5,9
"ACTATGTCCAGCTGCC-1",7,7
"ACTATTCGTCCGTGGT-1",3,8
"ACTATTTCCGGGCCCA-1",7,7
"ACTCAACGAATGTATT-1",7,7
"ACTCAAGTGCAAGGCT-1",4,4
"ACTCAATAAAGGCACG-1",3,8
"ACTCAGACCTGCTTCT-1",4,4
"ACTCATGGCAGCCTTC-1",7,7
"ACTCCAATATCATCAT-1",7,7
"ACTCCCATTCCTAAAG-1",7,7
"ACTCCCGAATTCGTTT-1",8,9
"ACTCCCGTAGACTAGG-1",8,9
"ACTCCCTAATGCTAAA-1",4,4
"ACTCCCTAGAATAGTA-1",4,4
"ACTCCGGCCGACCACT-1",8,9
"ACTCGATGTATTTCAT-1",4,16
"ACTCGCCGTTCGATAA-1",5,9
"ACTCGCGATCTGACGC-1",5,9
"ACTCGTAACCCGTCCT-1",7,7
"ACTCGTCAGTAATCCC-1",4,4
"ACTCTAAACCTGGGAT-1",8,16
"ACTCTCTGACTTAGGT-1",4,4
"ACTCTCTTATACACGA-1",4,4
"ACTCTGACCTAATAGA-1",8,9
"ACTCTTCAGCTCCCGC-1",5,9
"ACTCTTGTATAGTAAC-1",9,11
"ACTGAAACGCCGTTAG-1",5,9
"ACTGAATGGCGAAAGT-1",4,10
"ACTGATTTAGTGATTC-1",4,4
"ACTGCCCGCCATTCTC-1",7,7
"ACTGCCGTCGTAACTC-1",3,8
"ACTGCGGACACACCGT-1",5,9
"ACTGCTCGGAAGGATG-1",5,3
"ACTGGCGAACCTGCGT-1",7,10
"ACTGGGATGCCAGTGC-1",4,7
"ACTGTACGATACACAT-1",3,10
"ACTGTAGCACTTTGGA-1",4,10
"ACTGTATACGCGAGCA-1",4,4
"ACTGTCCAGGATTATA-1",4,4
"ACTGTCTTCTTTAGAA-1",4,10
"ACTGTGCTAGTAGATC-1",4,1
"ACTGTTTAGTGTAGGC-1",4,4
"ACTTACCGGGCGCGCA-1",8,9
"ACTTACGCATCCACGC-1",4,4
"ACTTAGTACGACAAGA-1",4,4
"ACTTATACTTACCCGG-1",8,9
"ACTTATCTGATCTATA-1",7,7
"ACTTATTAGGATCGGT-1",4,4
"ACTTATTTATGTGCCA-1",4,4
"ACTTCAGGCTGATCCC-1",4,4
"ACTTCCAGTGGAAGCT-1",7,7
"ACTTCCATGCGGGACA-1",4,4
"ACTTCCTGTCGTGCGA-1",6,15
"ACTTCGCCATACGCAC-1",8,9
"ACTTCGCTAGCGAGTG-1",5,3
"ACTTGACTCCCTCTTT-1",4,4
"ACTTGCCATATTGTAC-1",4,4
"ACTTGCTCTATCTACC-1",7,7
"ACTTGGGACCCGGTGG-1",4,4
"ACTTGGGCTTTCGCCA-1",5,9
"ACTTGTAGTCCCTTCA-1",7,16
"ACTTGTGGATGGAACG-1",5,9
"ACTTGTTACCGGATCA-1",4,12
"ACTTTACCCTCATGAA-1",8,9
"ACTTTCCTATAGCTTC-1",4,10
"ACTTTGACTGCATCCT-1",5,3
"ACTTTGGTCGTGCTCC-1",7,7
"ACTTTGTCGACGCACT-1",5,10
"AGAAATTATGACTCGC-1",5,9
"AGAACCCAGCGTGACA-1",5,9
"AGAACCCTCAATTGGG-1",7,7
"AGAACGTGGTACATTC-1",8,9
"AGAACTGTACTTTGTA-1",5,9
"AGAAGGTACACTTCAC-1",7,7
"AGAAGGTTGCCGAATT-1",3,8
"AGAAGGTTGTAGGTCG-1",4,4
"AGAAGTGATTCGTGAT-1",7,7
"AGAATAAATCTTCAGG-1",4,16
"AGAATACAGGCTATCC-1",5,9
"AGAATGCGGGTTCGGA-1",4,4
"AGAATTATGGATTCGA-1",8,9
"AGAATTGTTTGACATA-1",3,8
"AGACAGCTCAGAATCC-1",4,4
"AGACAGGCATCTCAGC-1",5,9
"AGACATAGATCCTTCC-1",4,4
"AGACCAAACCACACCT-1",7,7
"AGACCATGGGATACAA-1",4,2
"AGACCCACCGCTGATC-1",4,4
"AGACCCGCCCTCCTCG-1",2,2
"AGACCGCTCCGCGGTT-1",5,9
"AGACCGGGAAACCCTG-1",7,7
"AGACGAAGTGCCGGTC-1",5,9
"AGACGACGATGCCGCT-1",7,7
"AGACGCCCACTTCGCC-1",5,9
"AGACGGGATTGGTATA-1",7,7
"AGACGGGCCGATTTAA-1",2,10
"AGACTAGCCTTCCAGA-1",9,13
"AGACTGTTACCGGGTC-1",7,7
"AGAGAAACACCAGAAA-1",7,7
"AGAGAACCGTCTAGGA-1",7,9
"AGAGAAGGAGTACAAT-1",7,7
"AGAGATCTCTAAAGCG-1",5,3
"AGAGCAGTTATGAGAC-1",4,13
"AGAGCCGCCGAGATTT-1",5,9
"AGAGCGCTTGTAACGG-1",8,9
"AGAGCGGGCTAATCAT-1",5,8
"AGAGCGTACAAGCTCG-1",4,4
"AGAGCTACGAAAGCAT-1",4,4
"AGAGGCTTCGGAAACC-1",5,9
"AGAGGGACAATTGTCC-1",9,11
"AGAGGTATCTCGGTCC-1",4,4
"AGAGTAAACTTCACTA-1",5,9
"AGAGTATAGTGTTACG-1",5,9
"AGAGTGAACAGACACC-1",6,15
"AGAGTTAGAGACCGAT-1",7,7
"AGAGTTGCAGGCCTCC-1",7,7
"AGATAACTTCAGGGCC-1",4,4
"AGATACCAATAGAACC-1",5,9
"AGATACCAGCACTTCA-1",2,14
"AGATACCGGTGTTCAC-1",2,2
"AGATACGACTTCATAT-1",4,4
"AGATACTCAAGATCGA-1",4,4
"AGATATAATACGACTA-1",4,4
"AGATCGTGCATAAGAT-1",8,9
"AGATCTCAGGTGTGAT-1",5,9
"AGATGACTCGCCCACG-1",4,4
"AGATGAGGGTTGCGAT-1",8,9
"AGATGATGGAGTCTGG-1",8,9
"AGATGCAAGACGTGCA-1",7,7
"AGATGCATCCTGTGTC-1",7,16
"AGATGCTATAACGAGC-1",4,16
"AGATTATAGGACGTTT-1",4,4
"AGATTCACAACCGATA-1",7,7
"AGCAAAGGCCGCTAGT-1",4,4
"AGCAACATATCTTATT-1",5,9
"AGCAACCGAAAGTAAT-1",7,7
"AGCACACGTTTAGACT-1",7,7
"AGCACCAGTACTCACG-1",9,10
"AGCACTACCGGCCTGT-1",8,5
"AGCACTACCTCACCAG-1",4,4
"AGCACTTAAGGACGCC-1",4,4
"AGCAGAAGGAGAAAGA-1",4,16
"AGCAGCCAGATGAATA-1",4,4
"AGCAGTCGAAGCATGC-1",8,9
"AGCATATCAATATGCT-1",4,9
"AGCATCATTTCGAAAG-1",7,7
"AGCATCGTCGATAATT-1",9,13
"AGCATTACGAGGCAAG-1",8,9
"AGCCAAGCTTTGTGTC-1",7,7
"AGCCACAGGTTACCCG-1",5,9
"AGCCACTCCCGTGCTT-1",8,9
"AGCCATATAGTATGTG-1",2,2
"AGCCCATACATGTAAG-1",7,7
"AGCCCGCAACAAGCAG-1",7,7
"AGCCCGCACTACAATG-1",5,3
"AGCCCGGCATTAGAGG-1",7,11
"AGCCCGGTAGCCTGTA-1",7,7
"AGCCCTAAGCGAAGTT-1",5,10
"AGCCCTCCCTGGTGGC-1",7,7
"AGCCCTGTCGCACCGT-1",5,9
"AGCCCTTCTAATCCGA-1",8,9
"AGCCGCAAATTCAAAT-1",4,16
"AGCCGTGGCTAAATGT-1",7,7
"AGCCTAATACCCACGT-1",7,7
"AGCCTTAAAGCGGAAG-1",4,4
"AGCGACAGGAACGGTC-1",7,7
"AGCGACATCCCATTCA-1",5,8
"AGCGACCAACGATATT-1",3,8
"AGCGAGACGTGAAGGC-1",7,7
"AGCGATGCGCCTAATA-1",5,9
"AGCGCATAATGAATCG-1",7,7
"AGCGCGGGTGCCAATG-1",8,9
"AGCGCTAGAGCGATGT-1",5,9
"AGCGCTTATGGGCAAG-1",4,4
"AGCGGACACTTCGTAG-1",7,7
"AGCGGCGGTTAGCGGT-1",7,7
"AGCGGGAAGGGTCCAT-1",4,4
"AGCGGGTCTGACACTC-1",8,5
"AGCGGTTGAGATGTAC-1",9,13
"AGCGGTTGCCGCTCTG-1",8,9
"AGCGTACGAGAGCTAG-1",4,4
"AGCGTAGCGCTAGACC-1",4,10
"AGCGTCTGAACCCGCA-1",4,4
"AGCGTGGTATTCTACT-1",4,4
"AGCGTTCCGATTTAAA-1",2,2
"AGCTAACAAGCAATGT-1",7,7
"AGCTAAGTACGCAGGC-1",8,9
"AGCTAGAAGCAGAAGT-1",8,9
"AGCTATTTAATCCAAC-1",8,5
"AGCTCCATATATGTTC-1",5,9
"AGCTCCTTCGCACATC-1",4,4
"AGCTCGTTGATGGAAA-1",7,9
"AGCTCTAGACGTTCCA-1",4,4
"AGCTCTTCCCAGTGCA-1",8,9
"AGCTCTTCGTAACCTT-1",8,9
"AGCTCTTTACTCAGTT-1",4,13
"AGCTGAAGTAAACCAA-1",8,9
"AGCTGTAACCTCAATC-1",7,7
"AGCTTATAGAGACCTG-1",4,4
"AGCTTCAATACTTTGA-1",7,7
"AGCTTCTTCTCGAGCA-1",8,9
"AGCTTGATCAGGGTAG-1",7,11
"AGCTTGATCTTAACTT-1",7,7
"AGGAAAGCCTCTGATG-1",5,3
"AGGAACGAACGACTTC-1",5,9
"AGGAAGCTGTCCGCCG-1",4,4
"AGGACAGTCGAATCCC-1",4,4
"AGGACATCGCACGTCG-1",4,4
"AGGACATCGGCACACT-1",5,3
"AGGACGACCCATTAGA-1",4,4
"AGGACGCTCGATGTTG-1",8,9
"AGGAGACATCCACAGT-1",5,9
"AGGAGAGTCTGGCTAC-1",5,9
"AGGAGGCCTTCGCGCG-1",5,9
"AGGATAAAGTCGGGAT-1",2,2
"AGGATATAGGGATTTA-1",9,11
"AGGATATCCGACTGCA-1",8,9
"AGGATCACGCGATCTG-1",7,7
"AGGATTGCTTACGACA-1",5,9
"AGGCAAAGAGGAATCA-1",8,9
"AGGCAATACGGAGGAC-1",5,3
"AGGCACGTGACTGTCC-1",5,9
"AGGCAGATGCGTAAAC-1",8,9
"AGGCAGGGAGCGTACT-1",7,7
"AGGCATTGTCGTAGGG-1",7,9
"AGGCCACATTGGTTAC-1",5,8
"AGGCCACCCGTTATGA-1",4,4
"AGGCCCAGTGACTGGT-1",4,4
"AGGCCCATTGTACAGG-1",2,10
"AGGCCCTAGAACGCCA-1",7,7
"AGGCCTATCATACCAA-1",7,7
"AGGCCTGAGAATCTCG-1",5,9
"AGGCGATAACTGGCGT-1",5,10
"AGGCGGTTTGTCCCGC-1",7,7
"AGGCGTCTATGGACGG-1",3,9
"AGGCTATGGTTAGCTT-1",4,4
"AGGCTTAAGTTGCACA-1",5,10
"AGGCTTCCCGAAGAAG-1",7,7
"AGGCTTGCTAGACACC-1",4,4
"AGGGAAACGAGGTACT-1",8,9
"AGGGACAGCACGGCGG-1",1,10
"AGGGACCGGCTGCGTT-1",8,9
"AGGGACTCTACGCGAC-1",8,5
"AGGGAGACATACTTCG-1",8,9
"AGGGCAGCGGCGTGGT-1",3,10
"AGGGCCCTAATGTTCT-1",5,3
"AGGGCGAGCAGCTGAT-1",1,1
"AGGGCGTGATCGGCTA-1",4,2
"AGGGCTGCAGTTACAG-1",4,4
"AGGGTCAGAGCACTCG-1",7,7
"AGGGTCAGTAACCCTA-1",4,4
"AGGGTCGATGCGAACT-1",8,13
"AGGGTCTGGACGCAGT-1",5,3
"AGGGTGCCGTTCTTTA-1",7,7
"AGGGTGCTCTCGAGGG-1",8,9
"AGGGTGGATAGTGCAT-1",4,16
"AGGGTGTGCTACACGC-1",6,15
"AGGGTTCAGACGGTCC-1",7,7
"AGGGTTCCCTTTGGTT-1",8,9
"AGGGTTTAGTTCGGGA-1",9,11
"AGGTAACCTCCTATTC-1",3,8
"AGGTACGATATTGCCA-1",8,10
"AGGTAGATCGAGATAT-1",7,7
"AGGTAGGTACAAAGCT-1",4,10
"AGGTATAATTGATAGT-1",8,9
"AGGTATGCGGACATTA-1",5,9
"AGGTCAGGTGAGAGTG-1",9,13
"AGGTCGCCACTTCGGT-1",2,2
"AGGTCGCCTCCCAACA-1",5,9
"AGGTCGCGGAGTTACT-1",8,9
"AGGTGCACGTCCACAT-1",5,9
"AGGTGGTGACCTTCGC-1",7,7
"AGGTGTATCGCCATGA-1",4,16
"AGGTGTTGCCGACCAC-1",5,3
"AGGTTACACCATGCCG-1",5,9
"AGGTTCTCCTTTCCGG-1",7,7
"AGGTTGAGGCACGCTT-1",2,14
"AGGTTTCACACACCTT-1",4,4
"AGTAACGTTCATCCTG-1",7,7
"AGTAACTATAGCAGCC-1",5,9
"AGTAAGGGACAGAATC-1",5,3
"AGTAATCTAAGGGTGG-1",8,9
"AGTAATGTCTTGCCGC-1",5,10
"AGTAATTTGCAAGCGT-1",7,7
"AGTACAGAAGCTTATA-1",3,9
"AGTACATCATTTATCA-1",8,9
"AGTACCTTCGAGTGCT-1",7,4
"AGTACGGCCCGTATCG-1",4,16
"AGTACGGGCACCTGGC-1",8,10
"AGTACGTGGCCTGTCT-1",4,4
"AGTACTCTTATGCCCA-1",4,4
"AGTAGAAGGCGCCTCA-1",4,9
"AGTAGCGTGAACGAAC-1",4,4
"AGTAGCTAGACGCCGA-1",9,11
"AGTAGGAAGGAAGTTG-1",8,9
"AGTAGGTAACATACAT-1",4,9
"AGTATAATACTAGGCA-1",4,4
"AGTATACACAGCGACA-1",7,7
"AGTATCCATAATAACG-1",4,4
"AGTATGCTGGAGACCA-1",7,7
"AGTATTTGGCACGACC-1",7,7
"AGTCAAATGATGTGAT-1",7,7
"AGTCAACACCACCATC-1",4,8
"AGTCAAGATGACACTT-1",4,4
"AGTCACTAGCTCTCGA-1",5,9
"AGTCACTCCGCCTCAT-1",4,4
"AGTCAGCCACCGCCTG-1",4,4
"AGTCCAGCGGGTACGT-1",4,4
"AGTCCATTGGCTGATG-1",5,9
"AGTCCCGCCTTTAATT-1",8,9
"AGTCCCTCGCAGAAAG-1",5,9
"AGTCGAAACGATTCAG-1",7,7
"AGTCGACGGTCTCAAG-1",8,9
"AGTCGGCCCAAACGAC-1",4,4
"AGTCGGCTCAACTTTA-1",7,7
"AGTCGGTTGCGTGAGA-1",8,9
"AGTCGTATAAAGCAGA-1",4,12
"AGTCGTCGACCACCAA-1",3,8
"AGTCGTGGGCATTACG-1",7,7
"AGTCTAAAGTATACTC-1",8,9
"AGTCTCACAAGACTAC-1",7,7
"AGTCTGGACATCCTTG-1",4,4
"AGTCTTCTCCTCAAAT-1",5,9
"AGTCTTTAAAGTGTCC-1",4,9
"AGTGAACAAACTTCTC-1",5,9
"AGTGAAGATGGTGTCC-1",8,9
"AGTGACCTACTTTACG-1",4,4
"AGTGACTGTGACACAA-1",7,7
"AGTGAGACTTCCAGTA-1",8,9
"AGTGAGCCTCGCCGCC-1",8,9
"AGTGAGGGTTTCTGAC-1",3,10
"AGTGAGTCGAATTAAC-1",5,9
"AGTGATAACCTGCGCG-1",4,4
"AGTGATATGAGTAGTT-1",4,4
"AGTGATTCAAGCAGGA-1",8,9
"AGTGCACGCTTAAGAA-1",5,9
"AGTGCGTAGCTCGTAA-1",4,4
"AGTGCTAAACACAGCA-1",5,9
"AGTGCTTGCACGAATA-1",1,1
"AGTGGCCCGCAAATGG-1",5,9
"AGTGGCGGCAATTTGA-1",8,9
"AGTGGCGTCTGAAGGT-1",5,9
"AGTGGCTCCGTCGGCC-1",4,16
"AGTGGTGTTACCCGTG-1",7,5
"AGTGGTTGCGTATAGG-1",4,16
"AGTGTATTGCGCATTG-1",8,9
"AGTGTGCTAAGATCGC-1",4,16
"AGTGTGGTCTATTGTG-1",4,4
"AGTTAAACACTTGCGA-1",4,10
"AGTTAAGCGGTCCCGG-1",8,10
"AGTTAAGTCAACCGCT-1",7,7
"AGTTACCCTTAAGACT-1",4,16
"AGTTACCGCACATGGT-1",4,4
"AGTTACTCTATCGTGG-1",8,9
"AGTTATTGAAAGGTAA-1",4,4
"AGTTCACCGGTTGGAC-1",2,14
"AGTTCCTACAGAATTA-1",4,4
"AGTTCCTATTTATGTT-1",4,4
"AGTTCTGCGTTGTATC-1",4,4
"AGTTGACATCGGCTGG-1",4,8
"AGTTGACGGTCCTTGC-1",4,10
"AGTTGCGGTCCTCAAC-1",7,7
"AGTTGCTGACTGATAT-1",4,10
"AGTTGGCAAGGCTAGA-1",5,9
"AGTTTATGTAAAGACA-1",5,9
"AGTTTCGCAGGTCGGA-1",3,8
"AGTTTGCACCTGCCTC-1",4,4
"AGTTTGGCACGGGTTG-1",5,9
"AGTTTGGCCAGACCTA-1",7,13
"ATAAACCATTGGACGG-1",4,9
"ATAAACGGACCCGTAA-1",4,4
"ATAAACGTTGCACCAC-1",5,9
"ATAAAGGCTCGGTCGT-1",4,4
"ATAAAGGTCAAGTACG-1",2,14
"ATAAATATTAGCAGCT-1",4,7
"ATAACGCCGGAGGGTC-1",4,9
"ATAACGGAGTCCAACG-1",8,10
"ATAACGTTACCTCCAC-1",8,9
"ATAAGCAAACACCGAG-1",9,11
"ATAAGGTGGAGAACAT-1",4,4
"ATAAGTACCCGATTGT-1",7,7
"ATAAGTAGGATTCAGA-1",3,8
"ATAAGTAGGGCGACTC-1",8,9
"ATAAGTTACCGCGACG-1",9,11
"ATAATACCGTTAGCCG-1",4,8
"ATAATAGCTGTTGAAT-1",4,11
"ATAATAGTGTAGGGAC-1",4,4
"ATAATCTTGGAGAACC-1",4,4
"ATAATTAGCTAAGTAG-1",4,16
"ATACAGGCCCTCCAAT-1",4,2
"ATACCACGGGCAACTT-1",4,4
"ATACCAGCAAATTGCT-1",2,2
"ATACCAGGCTAATAGA-1",4,10
"ATACCAGGTGAGCGAT-1",4,4
"ATACCCTGGCTCAAAT-1",4,4
"ATACCGTCATCCATAA-1",9,11
"ATACCTAACCAAGAAA-1",4,4
"ATACGAAGGCTTTCCA-1",5,9
"ATACGACAGATGGGTA-1",6,15
"ATACGAGGTTTGTAAG-1",5,9
"ATACGCCGATCTACCG-1",7,7
"ATACGCCGGCGAAACC-1",4,4
"ATACGGAACGTCGTTT-1",7,7
"ATACGGGTTTCGATTG-1",8,9
"ATACGGTGAAGATGCA-1",4,16
"ATACGTACTTAGCCAC-1",4,4
"ATACGTCCACTCCTGT-1",4,4
"ATACGTTATGCACGGA-1",7,7
"ATACTACCCGTACCAC-1",8,9
"ATACTAGCATGACCCT-1",5,10
"ATACTCTCGCCACTCT-1",4,4
"ATACTGCCTTACACCG-1",4,4
"ATACTTGTTCTCGAGC-1",4,3
"ATAGACAACGGGACCT-1",8,9
"ATAGACGAAGAGAAAG-1",4,4
"ATAGAGTACTGGGACA-1",4,10
"ATAGAGTTATCAACTT-1",8,9
"ATAGATTTGCAGTCGG-1",4,4
"ATAGCAACTAGGGAAG-1",5,9
"ATAGCCATAACAGTCA-1",5,3
"ATAGCCTCAGTACCCA-1",4,4
"ATAGCTGCTCTTGTTA-1",9,13
"ATAGGAATCTAAGCTT-1",7,7
"ATAGGCGGCTATAGAA-1",7,7
"ATAGGCTAGCTTCGCA-1",8,9
"ATAGGGATATCCTTGA-1",5,3
"ATAGGTTGGGCAGATG-1",2,10
"ATAGTCTTTGACGTGC-1",4,10
"ATAGTGAAGCGTTCTC-1",4,4
"ATAGTTCCACCCACTC-1",8,9
"ATATAAAGCGCTCGTG-1",4,4
"ATATAAATGTAGCTGC-1",4,4
"ATATAACACGGGCGCA-1",8,9
"ATATACATGTATGGTA-1",4,16
"ATATACGCTCGTGACG-1",5,9
"ATATAGAGTATTGGTC-1",7,7
"ATATCAACCTACAGAG-1",8,9
"ATATCAATTCCAGCCT-1",7,7
"ATATCGGTAGGGAGAT-1",8,9
"ATATCGTGCCAGACCC-1",4,4
"ATATCGTTCCTCGAAC-1",5,9
"ATATCTCCCTCGTTAA-1",8,9
"ATATCTTAGGGCCTTC-1",4,4
"ATATGGGATAGCAACT-1",7,7
"ATATGTCTAGAGCGTG-1",4,4
"ATATGTCTCCCTAGCC-1",8,9
"ATATGTGCACAAACCA-1",7,7
"ATATTATCCCGTATTT-1",8,5
"ATATTCAGTTAAACCT-1",1,1
"ATATTCCACATAGTGA-1",4,4
"ATATTCCCACAGGTCA-1",4,10
"ATATTGCTGTCAAAGT-1",4,8
"ATATTGGAGAGGCCTT-1",5,9
"ATATTTAACCCTCAAG-1",4,4
"ATCAAACACTGTTCCA-1",5,9
"ATCAAACGAAGGTTTG-1",7,7
"ATCAAAGAGCCGTGGT-1",4,9
"ATCAAGATCCCAGGAC-1",4,7
"ATCAATCTGGGCTGCA-1",2,11
"ATCAATGCCGTGGCTG-1",7,7
"ATCACATTAGAATATC-1",8,9
"ATCACGTGCTAATTAA-1",7,7
"ATCACTTCATCCTCGC-1",5,9
"ATCAGACGGCACGCCG-1",4,7
"ATCAGCCTCATGCTGC-1",4,4
"ATCAGCTCGTCCACTA-1",7,7
"ATCAGGTAGCTGACAG-1",5,3
"ATCAGGTCGCCATTGC-1",4,4
"ATCAGTAGGCAGGGAT-1",8,9
"ATCATAGATCGACGAG-1",7,7
"ATCATAGCCCTATGTA-1",5,9
"ATCATCCAATATTTGT-1",4,4
"ATCATCTGCCCAGTGT-1",7,7
"ATCATGGACTACCGAC-1",5,9
"ATCATTGTACCGCATT-1",7,7
"ATCCAACGCAGTCATA-1",2,14
"ATCCAATGGAGGGTCC-1",7,7
"ATCCAATGGTACCGAA-1",4,16
"ATCCACATCGACAGAA-1",4,5
"ATCCACGCTAAATGTT-1",4,4
"ATCCAGAGCAACAACC-1",7,7
"ATCCAGGATTCGTGAA-1",4,3
"ATCCCATCCACAGCGC-1",7,7
"ATCCCATTTCCGTGGG-1",6,15
"ATCCGGACCAGCCTGA-1",5,3
"ATCCTACCTAAGCTCT-1",4,4
"ATCCTGAATCGCTGCG-1",4,16
"ATCCTGCGTGGAATGG-1",4,4
"ATCCTGCTGCAGATAG-1",4,4
"ATCCTTCTGAAAGAAC-1",5,9
"ATCGACCCAATACAGA-1",4,8
"ATCGACTCTTTCCGTT-1",5,10
"ATCGCACGATTGTTCA-1",4,4
"ATCGCACGCCGGGAGA-1",8,10
"ATCGCCAGTCAACATT-1",5,9
"ATCGCTGCGTGCAGCA-1",8,9
"ATCGCTTTACGTCTCA-1",5,8
"ATCGGAGACAGACGGC-1",4,4
"ATCGGCAAGCAGTCCA-1",8,9
"ATCGGTTACCTAGTAA-1",4,16
"ATCGTATTCCGAGAAC-1",4,16
"ATCGTCCAATCGAGTC-1",4,16
"ATCGTGGAAAGTCTGG-1",7,7
"ATCGTTAGCTAGCGGA-1",5,9
"ATCGTTCACTTTCGCC-1",4,4
"ATCTAACGTCCCTATG-1",8,5
"ATCTAATATCCTACGG-1",4,4
"ATCTACCATCTGCTCC-1",8,9
"ATCTAGCTTGTGAGGG-1",4,4
"ATCTATCGATGATCAA-1",5,3
"ATCTCCCACGGAATAT-1",8,9
"ATCTCCCTGCAATCTA-1",8,9
"ATCTCGTGAGCGAAAC-1",5,9
"ATCTGACATGGAAGGA-1",7,7
"ATCTGATAGTGTCTTA-1",4,16
"ATCTGCACCTCTGCGA-1",8,9
"ATCTGCTGTTATCGCC-1",4,4
"ATCTGGGCTGTTCTTG-1",8,5
"ATCTGGTTAAGACTGT-1",8,10
"ATCTGTAATTGTACCC-1",5,10
"ATCTTAGGGCATTAAT-1",7,7
"ATCTTATCGCACACCC-1",5,9
"ATCTTGACCTGCAACG-1",4,4
"ATCTTGACTTGTCCAA-1",8,9
"ATCTTTCGTATAACCA-1",5,9
"ATGAAGCCAAGGAGCC-1",3,8
"ATGAAGTGGACCCAGC-1",4,16
"ATGACGCCGGCTCTAA-1",5,9
"ATGACGCGTTCTATCC-1",7,7
"ATGACTATCAGCTGTG-1",7,7
"ATGACTATGCGACATT-1",4,4
"ATGAGGAGTGTTAATC-1",4,4
"ATGAGGGCAGCGGCTA-1",5,9
"ATGATCGGGAATAGAC-1",3,10
"ATGATGCAATGGTACA-1",5,3
"ATGCACCTTCCTTAAT-1",4,16
"ATGCACGCGCTGTTCA-1",7,7
"ATGCACTACCGCATTG-1",4,7
"ATGCATGATCCAGGAT-1",8,5
"ATGCATTCCGTGATGG-1",4,4
"ATGCCAATCGCTCTGC-1",8,9
"ATGCCATTTGCGACCA-1",4,4
"ATGCCGGTCTTGCATA-1",2,10
"ATGCCGGTTGATGGGA-1",8,9
"ATGCGACAATTGGTCC-1",4,10
"ATGCGACAGTCCCATT-1",3,10
"ATGCGAGTCCCACCAC-1",5,9
"ATGCTCAGTGTTGCAT-1",4,4
"ATGCTCTGGCGCGGTA-1",4,4
"ATGCTTAGGAGTTGAT-1",5,9
"ATGGAAATTTAAGGAG-1",5,3
"ATGGAACCTTTGCACA-1",5,9
"ATGGAGCAGGCCGTGA-1",1,1
"ATGGATCCGGCGTCCG-1",8,9
"ATGGATTGACCAAACG-1",4,10
"ATGGCAGCATTACGAT-1",7,7
"ATGGCAGCCGAGAAAC-1",4,16
"ATGGCGGAATAGTCGC-1",5,8
"ATGGCTGGAAATGGCC-1",4,4
"ATGGGAACGGAAGCGG-1",9,11
"ATGGGACCTGCTGAAC-1",7,7
"ATGGGCCTCGGCCTCT-1",4,4
"ATGGGTGTATACCTCC-1",7,7
"ATGGTATTGGGAACCG-1",4,9
"ATGGTATTTACTGATT-1",7,7
"ATGGTCGCGTGGTTTC-1",6,15
"ATGGTGCTCAAAGCCA-1",4,4
"ATGTAAGGCTGCTCTT-1",5,9
"ATGTACATGCGGTGAG-1",5,9
"ATGTACGATGACGTCG-1",6,15
"ATGTAGCGCGCGTAGG-1",4,4
"ATGTCATAATAAACGA-1",2,10
"ATGTCATTTCCCATTG-1",9,13
"ATGTGAAAGCCTAATG-1",5,3
"ATGTGCATCCGACGCA-1",8,16
"ATGTGGACATCTTGAT-1",4,4
"ATGTGTAGTTTAGTCA-1",4,11
"ATGTTACGAGCAATAC-1",4,4
"ATGTTCCTGCCCACCT-1",2,10
"ATGTTCGTCGACCCAC-1",4,16
"ATGTTGATTAGAGACT-1",8,9
"ATGTTGTAGTCTGTTT-1",7,7
"ATGTTTCGGCCCGGAG-1",5,3
"ATTAAACATGCGGACC-1",4,4
"ATTAACACCTGAGATA-1",5,3
"ATTAATACTACGCGGG-1",5,9
"ATTAATGAACCAGTCG-1",8,9
"ATTAATTCGGTCACTC-1",5,3
"ATTACAACTACCGGCC-1",5,9
"ATTACATGTCAGTCTT-1",5,9
"ATTACCACACTGCCTG-1",5,9
"ATTACGACTCCACAGT-1",8,9
"ATTACGCGCTGGCAGG-1",7,7
"ATTACGGGCTACGGTT-1",7,7
"ATTACTAGCCTCTTGC-1",5,3
"ATTACTTACTGGGCAT-1",8,9
"ATTAGATTCCTCAGCA-1",8,9
"ATTAGATTGATAGCGG-1",3,8
"ATTAGGCGATGCTTTC-1",4,3
"ATTATACTTTGCTCGT-1",8,5
"ATTATAGCTACTTTAC-1",3,8
"ATTATCGGAATGTACG-1",8,5
"ATTATCTCGACAGATC-1",4,4
"ATTATGAGACCCAATT-1",7,7
"ATTATGCCATAGGGAG-1",4,10
"ATTATGCTCAGTATTG-1",6,15
"ATTATTATGTCCGTCA-1",7,7
"ATTATTCAGAGTCACT-1",8,9
"ATTCAAAGTACCTGTT-1",8,5
"ATTCAACCATTTAAGG-1",8,9
"ATTCACTGATGTTGGA-1",4,10
"ATTCAGGACCTATTTC-1",8,9
"ATTCAGGATCGCCTCT-1",9,13
"ATTCAGTAGCAGGGTC-1",4,4
"ATTCATATACTGTCCA-1",4,4
"ATTCATCGTTGAGGCA-1",5,9
"ATTCCCACATAAACAA-1",4,4
"ATTCCCGAAGGTACAG-1",7,7
"ATTCCTAAGACGTGGA-1",8,9
"ATTCCTCCGCCAGTGC-1",4,4
"ATTCCTTCCAGGCGGT-1",4,4
"ATTCGACGCCGGGCCT-1",4,4
"ATTCGCAGAGGACACT-1",7,10
"ATTCGCGCCTTGAGAG-1",5,9
"ATTCGTGCTATCTCTT-1",5,9
"ATTCGTGTACCCATTC-1",5,9
"ATTCGTTTATCGTATT-1",5,10
"ATTCTCGTCTCTTTAG-1",4,16
"ATTCTGAGTATGAACT-1",4,4
"ATTCTTCGTACTTATG-1",3,10
"ATTGAAGATCTTAGTG-1",4,4
"ATTGACCGGCGATGAC-1",8,9
"ATTGACGTAACTCGGT-1",2,10
"ATTGATAGCAACGAGA-1",4,4
"ATTGATCACCACATTT-1",7,16
"ATTGATGAGTCCTAAC-1",8,9
"ATTGCCTATTAGACCG-1",7,7
"ATTGCCTTTATGTTTG-1",4,9
"ATTGCGATCAGTAACT-1",5,9
"ATTGCTGCTCCTCCAT-1",4,10
"ATTGGATTACAGCGTA-1",5,9
"ATTGGGAATATCTTGG-1",4,10
"ATTGGGAGTTCTGTAA-1",7,7
"ATTGGTAGGATCCGCT-1",8,5
"ATTGGTTGTGCATTAC-1",5,9
"ATTGTACAACTCGGCT-1",8,9
"ATTGTCGCAATACCTT-1",8,9
"ATTGTCTGTTTCATGT-1",7,7
"ATTGTGACTTCGCTGC-1",2,10
"ATTGTTCAACGATCCG-1",5,9
"ATTTAACTCGTATTAC-1",4,7
"ATTTACAGTTTACTGG-1",4,4
"ATTTACTAAGTCCATT-1",8,9
"ATTTATACTGGTAAAG-1",8,9
"ATTTCATTATTTCGCG-1",8,4
"ATTTCCGGGTTCTGCG-1",7,7
"ATTTGCCTAGTTACGA-1",9,11
"ATTTGCGCGAGTAGCT-1",7,7
"ATTTGGAGATTGCGGT-1",7,7
"ATTTGTCTTGGGAGCT-1",4,11
"ATTTGTTCCAGGGCTC-1",4,4
"CAAACCAGGTCTGCAT-1",4,16
"CAAACCATAAGCGTAT-1",8,9
"CAAACCCTCCGGCGGG-1",4,4
"CAAACGAGTATCGCAG-1",9,13
"CAAACGGTCGCACTTT-1",4,4
"CAAACGTGGTCTTGCG-1",4,3
"CAAACTACGATAGAGA-1",8,9
"CAAACTATTGAGCTTC-1",3,10
"CAAACTCGCGACGCCG-1",5,9
"CAAAGATTATTGGGCC-1",7,7
"CAAAGGTCATCTGAAA-1",5,9
"CAAAGTCAGGTTAGCT-1",4,16
"CAAATCTCTCACAAGG-1",7,7
"CAAATGCGGAGTGTTC-1",4,4
"CAAATGTCCTTCCGTG-1",4,4
"CAAATTGGATTATGCC-1",8,9
"CAAATTGTCAGCAAGC-1",5,3
"CAACACATCTCCTGCC-1",5,3
"CAACAGAATAACGCTA-1",7,7
"CAACAGTGCCAAACGG-1",4,4
"CAACATGGCCTGATAA-1",4,3
"CAACCAGTGGCCTACC-1",5,9
"CAACCGCACCTAGACA-1",6,6
"CAACCTACCGAGCAGT-1",5,9
"CAACCTGAACCTGCCA-1",5,9
"CAACGACCCGTTTACA-1",8,16
"CAACGCGATGAGCCAA-1",7,7
"CAACGGTTCTTGATAC-1",4,11
"CAACGTGGTGGAGTCT-1",5,9
"CAACTATATCGAATGC-1",8,4
"CAACTCCAACGTTTAG-1",7,4
"CAACTCCGTAACTTGC-1",7,4
"CAACTCCTTGATCCCG-1",9,11
"CAACTGAGGGTATGAC-1",7,10
"CAACTGCTCATCCGAT-1",7,7
"CAACTTGTAGTGGGCA-1",9,13
"CAAGAAACCCTAAACT-1",9,11
"CAAGACTCAGAAGCGC-1",5,9
"CAAGAGGGCGGAGTAC-1",4,4
"CAAGATATTATAACGT-1",4,4
"CAAGCAACGTCGGAGT-1",4,4
"CAAGCACCAAATGCCT-1",5,9
"CAAGCGGCACATAATT-1",4,4
"CAAGGATCGCATGTTC-1",4,4
"CAAGGCCAGTGGTGCA-1",8,9
"CAAGGGAGTGTATTTG-1",4,9
"CAAGGTCCTATAGGCT-1",8,9
"CAAGTAAGTGATAGAC-1",7,7
"CAAGTGAACTTTGGTT-1",4,14
"CAAGTGTGGTTGCAAA-1",5,9
"CAATAAACCTTGGCCC-1",8,10
"CAATACGAGAGTCTGA-1",5,9
"CAATACGCTCTGAGGC-1",9,13
"CAATATGTAGATTTAC-1",2,2
"CAATATTCTTGACCTA-1",7,7
"CAATATTGGACTAGTG-1",4,4
"CAATCCCTATACCAGC-1",9,13
"CAATCCTGCCGTGGAG-1",4,4
"CAATGACCCTTAATTT-1",4,9
"CAATGAGGTTCGACTA-1",5,9
"CAATGCGAGAAGTATC-1",4,4
"CAATGGAATCTACATA-1",4,4
"CAATGGATCTCTACCA-1",8,9
"CAATGGTCGGCCTGGG-1",4,4
"CAATGTGCCAACCCTT-1",5,9
"CAATTAAGGGTGATGA-1",3,10
"CAATTGGGCCGCACTC-1",7,7
"CAATTTCGTATAAGGG-1",4,10
"CAATTTGACCGGGAAG-1",4,16
"CACAAACCGCAGAACT-1",5,3
"CACAAGAAAGATATTA-1",4,4
"CACAAGCTAAGAAAGG-1",7,7
"CACAATGAGCTGCTAT-1",4,4
"CACACACGCTAACGAG-1",5,9
"CACACAGCTTGCGCTC-1",5,9
"CACACAGGGATAGATT-1",4,3
"CACACGCGCTGTCTTA-1",8,9
"CACACGTTTCAATGGG-1",4,2
"CACACTTGTATTGCGA-1",7,7
"CACAGAGACGAGGACG-1",7,8
"CACAGCACCCACGGCA-1",4,10
"CACAGCTAGGGAGTGA-1",5,10
"CACAGGGCCATATAGT-1",5,9
"CACAGGGCCGTTGTCA-1",7,7
"CACAGTCCCGCTTCGC-1",5,9
"CACAGTTCGCTTCCCA-1",5,14
"CACATAAGGCGACCGT-1",7,7
"CACATATTAGCAGGAT-1",4,4
"CACATCGTGCACGCGC-1",7,7
"CACATCTCACCGACGA-1",4,4
"CACATGATTCAGCAAC-1",4,4
"CACATGTTTGGACATG-1",4,4
"CACATTCTTTCGATGG-1",8,9
"CACATTTCTTGTCAGA-1",5,9
"CACCAATCATCCGTCT-1",7,7
"CACCACGCCACACAGA-1",3,8
"CACCAGTCAGCATGCA-1",7,7
"CACCATCGGAGGAGAC-1",3,10
"CACCATGATCGCAAAG-1",3,10
"CACCCAAATCTTATGT-1",8,9
"CACCCACACGTCACCC-1",4,10
"CACCCACGAGGCAATT-1",8,9
"CACCCGCGTTTGACAC-1",5,3
"CACCCGGTTTGTGACT-1",7,7
"CACCCTAACAAGATCT-1",4,4
"CACCCTTGGTGAGACC-1",7,7
"CACCCTTTCCTCGCTC-1",2,2
"CACCGATACACCGAGC-1",5,3
"CACCGATGATGGGTAC-1",5,3
"CACCGCCAGAAGGTTT-1",2,10
"CACCGCCGACCAGCGA-1",4,16
"CACCGCGTCCACTCTA-1",8,9
"CACCGGAGATATCTCC-1",4,4
"CACCGGGCATCACAAG-1",8,9
"CACCGGTAGAGACATT-1",7,7
"CACCGTATCCCATCCG-1",5,9
"CACCGTTAGGGATCAC-1",7,7
"CACCGTTGCGCGATAT-1",7,7
"CACCTAATAGAGTCGT-1",4,4
"CACCTAATCAGTTTAC-1",5,3
"CACCTCGATGGTGGAC-1",7,7
"CACCTCTACGAGTGTG-1",6,15
"CACCTTGCGAAACTCG-1",8,9
"CACCTTGGCGCCTTTG-1",5,9
"CACGAAAGTTAGTCCC-1",4,4
"CACGACGTAATAGTAA-1",7,7
"CACGACTAAAGTTCTG-1",4,8
"CACGATTGGTCGTTAA-1",4,4
"CACGCACAGCGCAGCT-1",8,10
"CACGCAGCGAGGCTTT-1",4,4
"CACGCGGAACTGTTGC-1",5,9
"CACGGACGTGGATGGC-1",8,9
"CACGGCGCGCCAAAGG-1",8,9
"CACGGGATTGAGGGTT-1",4,16
"CACGTCAATCAATGGA-1",5,9
"CACGTCGGCAACCTCT-1",7,7
"CACGTCTATGATGTGG-1",4,4
"CACGTTCGTGCTCTAG-1",4,10
"CACGTTTCGTACACAC-1",4,9
"CACTAAAGTTGCCTAT-1",4,4
"CACTACGGGAGCTGCC-1",8,9
"CACTACTCAGTTCTGT-1",4,4
"CACTCAAGAGCTATGG-1",4,13
"CACTCAGCTCTTGAGG-1",5,10
"CACTCCTATGTAAGAT-1",7,7
"CACTCCTCTCGGTCGG-1",8,9
"CACTCGAGCTGAACAA-1",4,4
"CACTCGGTTAGGAGGA-1",4,16
"CACTCTCAAGCATCGA-1",7,7
"CACTCTTCTGCTAGCC-1",8,9
"CACTGACGATTGTGGA-1",7,7
"CACTGTCCAAGTGAGA-1",3,8
"CACTTAATCAGACGGA-1",4,4
"CACTTCGCCACAGGCT-1",4,8
"CACTTCGTCTTATCTC-1",4,16
"CAGAACTTAGCCCTCT-1",4,4
"CAGAATAACACACGGA-1",5,9
"CAGAATATTCGTTATC-1",5,9
"CAGACACCGATCGCTG-1",7,7
"CAGACCTGTAAGTGTT-1",8,9
"CAGACGAACCTGATAC-1",7,7
"CAGAGACGGTCACCCA-1",7,7
"CAGAGCATGAGCTTGC-1",8,10
"CAGAGGCGATGCATGA-1",7,7
"CAGAGTGATTTAACGT-1",8,5
"CAGATAATGGGCGGGT-1",8,9
"CAGATACTAACATAGT-1",2,10
"CAGATATGAAGATGAC-1",7,7
"CAGATCATTTAAAGTC-1",8,9
"CAGATCCTGGTTTGAA-1",7,7
"CAGATGTTTGTCCCAA-1",4,16
"CAGCAGCCCGTTCCTT-1",8,9
"CAGCAGTCCAGACTAT-1",5,9
"CAGCAGTCTGTGCTGC-1",4,4
"CAGCCCTCACAGGCAG-1",4,4
"CAGCCGGGCCCTCTAT-1",5,3
"CAGCCTCCTGCAGAGG-1",8,9
"CAGCCTCGATAGCGGT-1",5,3
"CAGCCTCTCCTCAAGA-1",8,9
"CAGCGATTCCCTTCAA-1",7,7
"CAGCGCCAACACGATA-1",4,16
"CAGCTCACTGAGACAT-1",4,10
"CAGCTCGACAAGTTAA-1",8,9
"CAGCTCGTGCTTGTGT-1",3,10
"CAGCTCTGGGCTCACT-1",7,7
"CAGCTGGCGTAACCGT-1",7,13
"CAGCTTAGTAGGTAGC-1",4,3
"CAGGAAGACTTTATAT-1",8,9
"CAGGACAGCTGCCCTT-1",5,3
"CAGGATATATCGTTGT-1",4,4
"CAGGATCCGCCCGACC-1",4,4
"CAGGCAGTCTTACCAG-1",4,9
"CAGGCCAGTACCACCT-1",2,14
"CAGGCCGTTTGGGTGT-1",4,16
"CAGGCGCACGGTGGTC-1",7,7
"CAGGCGCCATGCTAGG-1",4,4
"CAGGTTTAGTACTACA-1",7,13
"CAGTAACTATTTATTG-1",8,9
"CAGTAAGGGACGTCTC-1",7,7
"CAGTAATCCCTCCCAG-1",4,4
"CAGTACATTCTCTAAA-1",8,9
"CAGTACCAGTTTACGT-1",7,7
"CAGTAGATGATGTCCG-1",4,16
"CAGTAGCCCACGCGGT-1",8,9
"CAGTAGCGAGGTAGTA-1",5,3
"CAGTCCAACGCCTTCT-1",9,11
"CAGTCGAGGATGCAAT-1",8,9
"CAGTCGGCCTAGATAT-1",4,16
"CAGTCTCTCGGCTAAT-1",4,4
"CAGTCTGTATACTGGG-1",4,4
"CAGTGAATAAATGACT-1",8,9
"CAGTGGTTGCACATGA-1",3,8
"CAGTGTCCGCAGAATG-1",4,4
"CAGTGTCGGCTGGCCC-1",4,9
"CAGTGTTAATCTCTCA-1",7,7
"CAGTTCAAATTGACAC-1",4,8
"CAGTTCCGCGGGTCGA-1",3,8
"CAGTTCGAGGACCCGA-1",7,7
"CATAACGGACAGTCGT-1",8,9
"CATAAGAAGCTTGGCT-1",4,4
"CATAAGCTCTCCGTCT-1",7,7
"CATAATGAGCGGGCGA-1",4,4
"CATACAAAGCCGAACC-1",4,4
"CATACACAAAGTCAGC-1",7,7
"CATACACGGTTCCCAC-1",7,7
"CATACCCGTACCCAGT-1",4,16
"CATACGAACTAGCTGG-1",9,15
"CATACGGCGTCTGGGC-1",4,4
"CATACGGGTGCATGAT-1",4,4
"CATACTATGTAATTGT-1",4,11
"CATACTTAGGCAATAC-1",8,9
"CATACTTCTTTCTCCG-1",7,7
"CATAGAGGAGATACTA-1",8,9
"CATAGCCGCCCGGGAT-1",4,4
"CATAGCGTTGCCCACC-1",7,7
"CATAGTACATTGAGAG-1",8,10
"CATAGTAGCATAGTAG-1",2,14
"CATAGTCAAATACATA-1",8,9
"CATAGTCCACAAGAAC-1",7,7
"CATATACTACTGATAA-1",8,9
"CATATAGGTACAGTCA-1",4,4
"CATATGTCAGGCTACG-1",7,7
"CATATTATTTGCCCTA-1",4,4
"CATCAAACTGGCGCCC-1",4,16
"CATCAACACCTACTAA-1",4,16
"CATCATCTACCCGGAC-1",8,9
"CATCATTACCCTGAGG-1",4,9
"CATCCAATATAGTTTG-1",7,7
"CATCCCGAGATTCATA-1",5,3
"CATCCGCAGGCCCGAA-1",4,16
"CATCCTCTCAAAGATC-1",7,9
"CATCGAATGGATCTCT-1",4,4
"CATCGCCCGCGGCCAA-1",1,1
"CATCGGACGGGTTAAT-1",4,4
"CATCGTCCGGTTACTA-1",4,5
"CATCTACCCGAGAACG-1",9,11
"CATCTAGTGAAGGGAA-1",5,9
"CATCTATCCCGTGTCT-1",8,9
"CATCTGCAGGATCATT-1",4,16
"CATCTTACACCACCTC-1",8,9
"CATGAACCGACATTTG-1",4,4
"CATGAACCTCTTATCA-1",4,4
"CATGACTTCGCTGAAT-1",8,9
"CATGAGATGCACTCTC-1",4,4
"CATGATACGGTGAAAC-1",8,9
"CATGATCGCTTTGAGA-1",5,3
"CATGATGCACAATTCT-1",5,10
"CATGATGGAAGTTAGC-1",5,9
"CATGCACATGAGAGGC-1",9,11
"CATGCACGTGTTACTG-1",7,7
"CATGCATGGAGACCCT-1",4,4
"CATGCCAACTCGCAAA-1",5,3
"CATGCGACCAGTTTAA-1",8,9
"CATGCGTTAGACAGAA-1",5,5
"CATGCGTTGAGAGGAG-1",7,7
"CATGCTGGCTCCAATT-1",2,10
"CATGGAAATGGGACCA-1",7,7
"CATGGATTGTCTTCCG-1",5,9
"CATGGCAGGAAGATCG-1",5,10
"CATGGCTCCCTATGTC-1",8,16
"CATGGGTATGCCTTAT-1",4,4
"CATGGGTCGGGTGTGG-1",8,9
"CATGGTAAGTAGCGTT-1",4,14
"CATGGTATTAGTTTGT-1",7,7
"CATGGTCTAGATACCG-1",2,10
"CATGGTTTATTAATCA-1",5,9
"CATGTAAGAGACATTT-1",4,4
"CATGTAGGAGCGCCAA-1",9,11
"CATGTCTCATTTATGG-1",4,4
"CATGTGGGCTCATCAC-1",8,9
"CATTACATAGATTGTG-1",5,9
"CATTACGCAGGAAGGG-1",8,9
"CATTACGTCGGCCCGT-1",5,9
"CATTATAACAGGGTCC-1",2,2
"CATTATCCCATTAACG-1",7,7
"CATTATGCTTGTTGTG-1",3,8
"CATTCACTGACAGCTA-1",4,4
"CATTCAGGTCAGTGCG-1",4,4
"CATTCCCATTCCGTCG-1",5,9
"CATTCCCTAAGTACAA-1",4,4
"CATTCGTCGTAGCGGT-1",5,10
"CATTGATGAACACGCC-1",8,9
"CATTGCAAAGCATAAT-1",7,7
"CATTGCGAAATGGGCG-1",4,16
"CATTGCGGGTCAATTC-1",5,9
"CATTGTGTGCTAGATC-1",4,16
"CATTTAGCGGACCATG-1",8,9
"CATTTATCGTTCAAGA-1",2,14
"CATTTCTAGCAGACTA-1",4,4
"CATTTGAGTGGTACGT-1",7,7
"CCAAACAGAACCCTCG-1",2,2
"CCAAAGCAGTTGGTTG-1",4,16
"CCAAAGTCCCGCTAAC-1",7,7
"CCAAATAACAAGATTC-1",5,9
"CCAAATCAAAGGGCAA-1",9,13
"CCAACCTTATGTAACT-1",7,7
"CCAACGATGCACTGAT-1",4,4
"CCAACGCTTGCCAGGG-1",4,4
"CCAACTTGATAGATCC-1",5,9
"CCAAGAAAGTGGGCGA-1",7,7
"CCAAGACTTCTGCGAA-1",5,10
"CCAAGCGTAACTCGTA-1",4,12
"CCAAGCTTGATCTCCT-1",4,9
"CCAAGGAACAGAGAGG-1",4,4
"CCAAGGTTGCCCTTTC-1",5,9
"CCAAGTTTCTACAGAT-1",3,16
"CCAATAGATTTCATCT-1",8,5
"CCAATAGTGCCGTCGA-1",4,4
"CCAATCGGTAGATCGA-1",8,9
"CCAATGTCACAGCAAG-1",4,4
"CCAATTACGGGTCGAG-1",8,9
"CCAATTGAATGTTAAT-1",4,4
"CCACAATGTACGTCTT-1",8,9
"CCACACTGAGATATTA-1",4,4
"CCACAGCTGAAATCAT-1",4,4
"CCACAGTACCCATCCT-1",4,10
"CCACATACTGCACCCA-1",5,9
"CCACATGGCTCTTTAT-1",7,7
"CCACCAACTTTACTGT-1",1,1
"CCACCCAAGGAAAGTG-1",4,4
"CCACCTGTATGGAATA-1",5,10
"CCACGAATTTAACCTC-1",8,9
"CCACGAGAAGAGAATC-1",8,5
"CCACGGAGCCATAAGA-1",7,7
"CCACGGCAGGTGTAGG-1",7,10
"CCACGGTGCCCGGTAG-1",8,9
"CCACGTAAATTAGACT-1",5,3
"CCACTAAACTGAATCG-1",4,4
"CCACTATCCGGGTCAC-1",5,9
"CCACTCAGATCCGCAA-1",8,9
"CCACTGGTGGCTGGTT-1",4,16
"CCACTGTTTGGATTAA-1",8,9
"CCAGAAACTGATGCGA-1",5,3
"CCAGAAAGCAACTCAT-1",7,7
"CCAGAGACAAAGCCGG-1",4,4
"CCAGATAGTTGAGTGA-1",3,8
"CCAGATGTAAATGGGT-1",8,9
"CCAGCCTGGACCAATA-1",4,10
"CCAGCGGGATCACCAG-1",5,3
"CCAGCTACGCCTCATA-1",4,4
"CCAGCTCGAACGCATT-1",2,2
"CCAGCTGATGGTACTT-1",4,4
"CCAGCTTCCGCCCGCA-1",4,4
"CCAGGCTGGCGTCTGA-1",5,10
"CCAGGGACGTGGCCTC-1",2,14
"CCAGTAGTCTGATCCA-1",8,9
"CCAGTCAAATCTCTTA-1",5,3
"CCAGTCCATTATTCGA-1",4,4
"CCAGTCTAGACGGCGC-1",8,9
"CCAGTCTTGTCATAGA-1",7,7
"CCAGTGAGCTCCTTGT-1",4,4
"CCAGTGTACAGACCGA-1",9,13
"CCAGTTCGGTAACTCA-1",8,9
"CCATAAACAACCCGAC-1",8,3
"CCATAACCTGTGCAGT-1",7,16
"CCATACCTTTACTTGT-1",8,9
"CCATACTCGCCTCTCC-1",4,16
"CCATAGAGGCTGCCAG-1",7,7
"CCATAGGTTGGCGTGG-1",5,9
"CCATAGTCAGTAACCC-1",4,16
"CCATATGGAAACTATA-1",5,9
"CCATATTGGATCATGA-1",4,16
"CCATCCATACCAAGTC-1",4,4
"CCATCGCAGTTAAACT-1",4,4
"CCATCTCACCAGTGAA-1",8,9
"CCATCTTGTTCACAAT-1",4,4
"CCATGCCCTAGATTTC-1",5,9
"CCATGCCTGTTTAGTA-1",4,4
"CCATGCTCTGCAGGAA-1",4,4
"CCATGGCAAACGCTCA-1",7,7
"CCATGGCCCTTGTACC-1",4,4
"CCATGTTCATCTATAT-1",7,7
"CCATTAGCGATAATCC-1",4,13
"CCATTCCCTGCCCACA-1",4,4
"CCATTGTTTCCTCCAT-1",5,8
"CCATTTCTACCTATTA-1",4,8
"CCCAAACATGCTGCTC-1",8,9
"CCCAACATACGTCGCG-1",7,16
"CCCAACCACACTAACA-1",4,10
"CCCAAGAATGCACGGT-1",9,13
"CCCAAGACAGAGTATG-1",4,4
"CCCAAGTCATTACACT-1",8,9
"CCCAATGAGATTTGCA-1",7,7
"CCCAATTTCACAACTT-1",4,4
"CCCACTCCACGGTATC-1",4,16
"CCCAGAGGAGGGCGTA-1",8,9
"CCCAGGAAGAATTCGA-1",4,4
"CCCAGGTCTGAAGGCT-1",5,11
"CCCAGTAAACTTGGGA-1",7,7
"CCCAGTTAAGGCGCCG-1",3,8
"CCCATATAGGTCGATT-1",5,9
"CCCGAAGTTTCGCGAA-1",7,4
"CCCGACCATAGTCCGC-1",8,5
"CCCGAGTTTCTCCGTA-1",5,9
"CCCGATAGCCTCGCCT-1",5,9
"CCCGCAGCGCGAACTA-1",4,4
"CCCGCAGGGCCCAAAG-1",3,8
"CCCGCCATGCTCCCGT-1",4,10
"CCCGCGCAATGCACCC-1",4,4
"CCCGCTAGAGGGTTAA-1",7,7
"CCCGCTTGCCCTCGTC-1",4,4
"CCCGGCACGTGTCAGG-1",5,3
"CCCGGGTCGTTCAGGG-1",7,11
"CCCGGTGGAAGAACCT-1",9,13
"CCCGGTGTATCGGAAT-1",7,7
"CCCGTAAGTCTAGGCC-1",3,8
"CCCGTAGCTGGGAAGA-1",7,7
"CCCGTCAGCGTCTGAC-1",9,15
"CCCGTGACAGTGCCTT-1",8,9
"CCCGTGAGGGCGGTGA-1",4,16
"CCCGTGGGTTAATTGA-1",4,4
"CCCGTTTCGCAGATGT-1",5,9
"CCCTACCCACACCCAG-1",8,9
"CCCTACTTGAACAATG-1",8,9
"CCCTAGGCAACAAGAG-1",4,16
"CCCTAGTGTCAGGTGT-1",4,10
"CCCTATGTAGAGCAGA-1",7,7
"CCCTCAAGCTCTTAGT-1",3,10
"CCCTCAGATCGAGAAC-1",7,7
"CCCTCATTCTGGAATT-1",4,16
"CCCTCCTCGCTCGTAT-1",5,9
"CCCTCGATAATACACA-1",7,7
"CCCTCGGGAGCCTTGT-1",4,4
"CCCTGAAATGAGTTGA-1",4,4
"CCCTGACTAACAAATT-1",4,16
"CCCTGATGTAACTCGT-1",4,4
"CCCTGCCCAATCCGCT-1",5,3
"CCCTGCGCTACGCATA-1",2,10
"CCCTGGCTGTTCCTTC-1",4,16
"CCCTGGGAGGGATCCT-1",5,9
"CCCTGGTATGGGCGGC-1",4,4
"CCCTGTTGGCAAAGAC-1",4,16
"CCCTTCTCGTACGCGA-1",2,14
"CCCTTTAATGGAGTTC-1",5,9
"CCCTTTGACAGGTCTT-1",7,7
"CCGAAAGTGGTGAGCA-1",4,4
"CCGAACACTGGGCCTC-1",7,7
"CCGAACCTTCCCGGCC-1",4,4
"CCGAAGCATTGACCAA-1",7,7
"CCGAAGGGCGTACCGC-1",5,9
"CCGAAGTATATTGTTC-1",4,4
"CCGACAAACACATGAG-1",4,16
"CCGACAAAGGGAGTGC-1",2,2
"CCGACAATAGGCCGCC-1",5,9
"CCGACGGGCATGAGGT-1",7,7
"CCGACGTAAACACAAC-1",7,9
"CCGACTCGCATAGTCT-1",4,10
"CCGAGAAGTCGCATAA-1",5,9
"CCGAGCTGTGCTTGTC-1",8,9
"CCGAGGGATGTTAGGC-1",9,15
"CCGATATGACGTAAGG-1",5,8
"CCGATCTCAACCTTAT-1",8,9
"CCGATCTTAAGAGGCT-1",7,7
"CCGATTCGAGGGACCC-1",2,14
"CCGATTGGTCAATGAA-1",7,7
"CCGCACAAAGACCAAC-1",4,4
"CCGCACACGAACGTGT-1",5,9
"CCGCACGTGACCTCGG-1",4,4
"CCGCACTTGCAATGAC-1",5,9
"CCGCATGTGGTACGAT-1",4,4
"CCGCCACCACAATCCA-1",4,4
"CCGCCGGAACTTCTCG-1",7,7
"CCGCCGGTCAACACAC-1",9,15
"CCGCCGTTGAGGATAA-1",5,9
"CCGCCTGCGAATTGGT-1",8,9
"CCGCCTTGCGATGTCG-1",4,16
"CCGCGATTTGGTAGGT-1",4,16
"CCGCGCAAGATACCCA-1",7,7
"CCGCGGAATGCGTCAC-1",7,7
"CCGCGGGTACGAAGAA-1",4,4
"CCGCGTAGGTAAGGGC-1",4,5
"CCGCTATCAGCACCAG-1",4,8
"CCGCTCCAGGGCGATC-1",4,7
"CCGCTCTTCCGAACTA-1",5,9
"CCGCTGGTGCCATTCA-1",4,4
"CCGCTTACCTCACTCT-1",7,7
"CCGCTTCGCGGTTAAC-1",7,7
"CCGCTTGCTGACATGG-1",5,9
"CCGGAAGTGCAATATG-1",5,9
"CCGGAAGTTATCAGTC-1",5,9
"CCGGAATGGTTTCAGT-1",4,4
"CCGGAGCGTACTTTCT-1",7,7
"CCGGAGGTCTTATGGT-1",8,9
"CCGGCACGACCGTTTC-1",8,9
"CCGGCCGCGAGCATAT-1",7,7
"CCGGCGCATATTGGAT-1",4,4
"CCGGCGTGAGACTCTG-1",7,7
"CCGGGACCCGCAGAGA-1",3,8
"CCGGGCGGTCTCGTCA-1",2,10
"CCGGGCTAAGAATTTC-1",7,8
"CCGGGCTGCTCCATAC-1",3,9
"CCGGGTTCGAGGTTAC-1",4,4
"CCGGTAATGGCTAGTC-1",8,9
"CCGGTATCTGGCGACT-1",8,9
"CCGGTGCGAGTGATAG-1",8,5
"CCGGTTTGTAATTGTG-1",7,7
"CCGTAAGTTGGTCCCA-1",4,9
"CCGTACCCAAGCGCCA-1",4,4
"CCGTAGGAAATCCCTG-1",5,9
"CCGTAGGGTTGTTTAC-1",8,9
"CCGTATCTCGTCGTAG-1",7,7
"CCGTATTAGCGCAGTT-1",3,8
"CCGTCAACCTCTGGCG-1",7,7
"CCGTGAGGCATTCATG-1",5,9
"CCGTGCCCATGACGGC-1",4,4
"CCGTGGAACGATCCAA-1",8,9
"CCGTGTTAAATTCCAT-1",7,7
"CCGTTACGTTAGAACA-1",8,9
"CCGTTCCGAATCTCGG-1",7,3
"CCTAAACAGGGTCCGT-1",8,5
"CCTAAAGGCTGACGCT-1",8,5
"CCTAAATTAACGGTTC-1",4,4
"CCTAAATTGTATCCTA-1",5,9
"CCTAACCCAAACAAGT-1",4,4
"CCTAACTAAGGCTCTA-1",8,9
"CCTAAGTGTCTAACCG-1",4,4
"CCTACAAGTCCGGAAT-1",2,14
"CCTACAGTTGAGGGAG-1",8,9
"CCTACATTCACAGACG-1",7,7
"CCTACGCGACCTTACA-1",7,7
"CCTACGGCTCAGTCGA-1",4,4
"CCTACTCAACACGATT-1",5,9
"CCTACTGCGGCGGCCA-1",8,9
"CCTACTGCTTACACTT-1",4,10
"CCTAGGCGTAGCGATC-1",8,9
"CCTAGGTAAAGGTAGC-1",7,7
"CCTAGTTAGTCGCATG-1",5,3
"CCTATAATGAGTGCCC-1",4,4
"CCTATACCGTCCTGTC-1",7,7
"CCTATATCGTGTCACG-1",7,7
"CCTATATTTGTCCTGG-1",7,7
"CCTATCTATATCGGAA-1",8,5
"CCTATGAAGTGGTGCC-1",8,9
"CCTATGGCTCCTAGTG-1",7,7
"CCTATGGGTTACCGTC-1",8,10
"CCTATGGTCAAAGCTG-1",4,4
"CCTATGTCCACTCCAC-1",5,14
"CCTATTATTCCGGCCG-1",7,7
"CCTCAACGATCGCTGT-1",4,16
"CCTCACCAATCTTGAC-1",4,4
"CCTCACCTGAGGGAGC-1",8,9
"CCTCACCTTAGCATCG-1",8,9
"CCTCACGTCAGCTAAT-1",5,9
"CCTCATGCAGCTACGA-1",4,4
"CCTCCCGACAATCCCT-1",4,4
"CCTCCGACAATTCAAG-1",8,5
"CCTCCTAGCTAGAGTC-1",7,7
"CCTCCTGAGCCCACAT-1",4,16
"CCTCCTGTTGTGTCGT-1",5,9
"CCTCGAAGTGGACGGG-1",3,10
"CCTCGACCCACTGCCT-1",4,4
"CCTCGCCAGCAAATTA-1",8,5
"CCTCGCGCGATATAGG-1",8,9
"CCTCGCGCTGTGCGAT-1",7,7
"CCTCGGACCGGGATAG-1",9,11
"CCTCGGATGCTACCTG-1",4,16
"CCTCGGTTTCCTTGCC-1",7,7
"CCTCTAATCTGCCAAG-1",8,9
"CCTCTACAAGGATTGG-1",7,7
"CCTCTATCGATTAGCA-1",7,7
"CCTCTCTCCCATCTAG-1",4,10
"CCTCTGGCCTAGACGG-1",8,5
"CCTCTGTACTATTCTA-1",7,7
"CCTGAACGATATATTC-1",4,4
"CCTGAATATTTACATA-1",5,10
"CCTGACAAACTCGCGC-1",5,3
"CCTGACCACCGATGGT-1",4,4
"CCTGACGCAACCTTTA-1",9,13
"CCTGAGAATAAATGCA-1",7,7
"CCTGATTCGCGAAGAA-1",5,3
"CCTGCCCGTTGTCTAG-1",4,16
"CCTGCGATAGAACTGT-1",4,4
"CCTGCGTTCTACGCTT-1",4,4
"CCTGCTACAACCATAC-1",5,10
"CCTGCTATTTGAGAAG-1",4,4
"CCTGGAAACGTTCTGC-1",8,9
"CCTGGCTAGACCCGCC-1",4,10
"CCTGGTCGAATGTGGG-1",4,4
"CCTGTAAGACATGATA-1",4,16
"CCTGTACTCACGCCCA-1",7,2
"CCTGTCACCCGGGCTC-1",5,10
"CCTGTCCCTCACGTTA-1",5,9
"CCTGTCGCCCGTAAAT-1",4,10
"CCTGTCGTGTATGAAG-1",7,10
"CCTGTGAAACCGTAAC-1",4,16
"CCTGTGCATAGGAGAC-1",4,4
"CCTGTGCGGATTGTAA-1",7,7
"CCTGTTCAACCTCGGG-1",7,7
"CCTGTTTGAAGACACG-1",8,9
"CCTTAAGTACGCAATT-1",5,9
"CCTTCAGTTAAAGTGA-1",7,7
"CCTTCCGCAACGCTGC-1",7,7
"CCTTCGTATAGAATCC-1",4,4
"CCTTCTCAGCGTTCCT-1",7,7
"CCTTCTTGATCCAGTG-1",8,5
"CCTTGACCACTTTATT-1",5,9
"CCTTGTGAACGTGGTT-1",7,7
"CCTTTAAGGGAGCACT-1",7,7
"CCTTTCAATGAAGAAA-1",8,9
"CCTTTGAATTATGGCT-1",7,7
"CGAAACATAGATGGCA-1",3,8
"CGAAACGCAATTCATG-1",4,4
"CGAACAGTATGGGCGT-1",5,10
"CGAACATAGTCAGAAA-1",7,7
"CGAACCCGCATGCGTC-1",7,7
"CGAACCTCTTTCCTAG-1",9,13
"CGAACGCCCAGTGCCG-1",8,5
"CGAACGGCCGGACAAC-1",7,7
"CGAAGACGGTGAGTGC-1",4,16
"CGAAGACTGCCCGGGA-1",4,4
"CGAAGATCAGTTTCAT-1",4,4
"CGAAGCTATAAATTCA-1",8,9
"CGAAGGGTTTCAGATT-1",7,7
"CGAAGTTGCTCTGTGT-1",2,10
"CGAATCTGCTCGACGC-1",7,7
"CGAATGAAGTCATTGC-1",7,9
"CGAATGACGCATAATG-1",7,7
"CGAATGGTAGGTCGTC-1",9,13
"CGAATTACATGGTGTT-1",3,8
"CGAATTCCCGGTTCAA-1",5,3
"CGACAATTTGATCTAA-1",5,9
"CGACACCGCTTAAGGA-1",9,13
"CGACACGCTCCGACAG-1",4,9
"CGACAGTTCGCGTTAT-1",4,10
"CGACATGCGATCTTCT-1",4,16
"CGACCCTTAACGCCGG-1",7,7
"CGACCTACTAGACAAT-1",4,16
"CGACGCATCCGTACCT-1",7,7
"CGACTCAGGATGTTAT-1",8,10
"CGACTCGGTACACGGT-1",7,7
"CGACTTTGTATAGCCT-1",8,9
"CGAGACCCTAGAGTGT-1",4,4
"CGAGACTACTGCTGCT-1",5,9
"CGAGAGATGTGAACCT-1",5,9
"CGAGAGCGCGTAGATA-1",7,16
"CGAGAGCTTTCACTAC-1",5,9
"CGAGAGGGTAGCCGCG-1",5,9
"CGAGATGTTGCCTATA-1",5,3
"CGAGATTTCGCTCGGG-1",5,9
"CGAGCACTTCAAGTTT-1",4,4
"CGAGCCGAGCACTCGA-1",8,16
"CGAGCGTTGATCAGCC-1",4,4
"CGAGCTGGGCTTTAGG-1",5,9
"CGAGGAGCTTCCATAT-1",8,9
"CGAGGATCGGGAACGA-1",5,9
"CGAGGCCAGGCATTGG-1",3,8
"CGAGGCTAAATATGGC-1",8,9
"CGAGGGACTGCGGTCG-1",4,4
"CGAGGGTATCCAGGTG-1",7,7
"CGAGTACTAAAGAGGA-1",7,7
"CGAGTGAAGGTACCAG-1",7,7
"CGAGTGCTATAGTTCG-1",4,4
"CGAGTTCTGTCCCACC-1",8,9
"CGAGTTTATCGGACTG-1",8,10
"CGATAACCAATTTGAG-1",6,15
"CGATAATACTCAGGTT-1",5,9
"CGATACCTCGCGGACA-1",4,4
"CGATAGCGATACAGTG-1",7,7
"CGATAGTCGTACTGCA-1",8,9
"CGATATTAGCCGCAGG-1",4,4
"CGATCATTAGAGGCAC-1",7,7
"CGATCCACCATTGTTG-1",7,7
"CGATCCGACCCAGTGC-1",4,4
"CGATCCTCGCAACATA-1",7,7
"CGATCGAGAAGCACCA-1",4,4
"CGATCTGTTGGAGGAC-1",7,7
"CGATGGACCCTACGCC-1",8,9
"CGATGTTGTTATCTAC-1",7,7
"CGATTAAATATCTCCT-1",4,4
"CGATTCGCCTGGCTGC-1",4,4
"CGCAAACACGAGTTAC-1",4,4
"CGCAATCGATCATTAG-1",8,16
"CGCAATTACTTTCGGT-1",4,4
"CGCAATTAGGGTAATA-1",4,7
"CGCAATTCTACAATAA-1",4,4
"CGCACATGTCCACTAC-1",7,9
"CGCACGTCTGTTTATG-1",7,7
"CGCACGTGCGCTATCA-1",8,9
"CGCAGAAACATTTGCG-1",4,4
"CGCAGATCTTCACCCG-1",5,9
"CGCAGGCGATCCAAAC-1",6,15
"CGCATCATGGCTTCAG-1",4,4
"CGCATCCATCAGCCAG-1",5,9
"CGCATGCCGAATGCGT-1",8,9
"CGCATGGTGCGATGCT-1",4,4
"CGCATTAGCTAATAGG-1",8,9
"CGCCAAGAAGCCGAGT-1",4,16
"CGCCAATTATTGCGTT-1",8,5
"CGCCACAGGTCGCGAT-1",7,7
"CGCCACCCGCATTAAC-1",4,4
"CGCCATCCGATTATGA-1",8,9
"CGCCCAGCACGCCTAG-1",7,7
"CGCCCAGCGTTTCACG-1",8,9
"CGCCCGCTTCCGTACA-1",8,10
"CGCCCTAATTGTTCAA-1",7,7
"CGCCCTTACATCCACC-1",6,11
"CGCCCTTGAAGGCTGA-1",4,10
"CGCCGACTATTCGCTA-1",4,16
"CGCCGCCCATGCCTGT-1",4,4
"CGCCGCGTTCTGAACG-1",7,7
"CGCCGGTGTCGCAGTA-1",7,10
"CGCCGTCTACCCATCG-1",5,9
"CGCCGTTCAGCATAGT-1",8,9
"CGCCTCCCTCCTCTAT-1",4,10
"CGCCTGGCCTACGTAA-1",7,16
"CGCCTTTAGCATGCTC-1",5,9
"CGCGAAGTGGCATACT-1",5,9
"CGCGACACTGCGCAGC-1",4,3
"CGCGACCGCGACAGAT-1",4,4
"CGCGAGAGGGACTTGT-1",8,9
"CGCGAGTCTGCCGGGT-1",7,7
"CGCGCAAATGTCCAGA-1",7,7
"CGCGCAAGGAACTACA-1",4,4
"CGCGCATGTTTGATTG-1",7,7
"CGCGCCCGACTTAATA-1",8,5
"CGCGGCAGTATTACGG-1",4,2
"CGCGGCTCAACTTGAA-1",5,9
"CGCGGGAATTAGGCAG-1",8,9
"CGCGGGAATTCCTTTC-1",8,9
"CGCGGTAAGTCTAGCT-1",5,9
"CGCGGTACGGTATACA-1",5,9
"CGCGGTCACAAACCAA-1",8,9
"CGCGTCATATTAAACC-1",4,4
"CGCGTGCTATCAACGA-1",5,3
"CGCGTTCATGAAATAC-1",6,15
"CGCTACCGCCCTATGA-1",4,4
"CGCTACGGGACATTTA-1",4,4
"CGCTAGAGACCGCTGC-1",8,9
"CGCTATACCGCCCACT-1",4,4
"CGCTATCGTGGCTTTA-1",6,15
"CGCTATTCAATGTATG-1",4,4
"CGCTATTCTTAGGCTC-1",4,4
"CGCTCGACATAATGAT-1",4,4
"CGCTCTCCGTAGATTA-1",4,4
"CGCTGAGGACGTCCAA-1",4,4
"CGCTGGTGACTACCCT-1",5,10
"CGCTGTGACGCCGCAC-1",3,10
"CGCTGTGTGGATGTTG-1",7,7
"CGCTTAGTATTGATAC-1",7,7
"CGCTTATTCCCGGTCG-1",7,7
"CGCTTCCACTGAAATC-1",4,4
"CGCTTCGGTCTAAGAC-1",1,1
"CGCTTGGACGGATAGA-1",5,9
"CGCTTTCATACCGGTG-1",4,4
"CGCTTTCCGCCAAGGT-1",8,9
"CGCTTTCTTGCATTCG-1",8,9
"CGGAAAGAATCAAACG-1",7,7
"CGGAAAGCAAATGTGC-1",4,16
"CGGAAATTTCACATCC-1",4,4
"CGGAACGTAAACATAG-1",7,7
"CGGACCTTTACGTCCC-1",4,9
"CGGACGTTACTTGAAG-1",2,16
"CGGAGCAATTTAATCG-1",6,15
"CGGAGCATGGCGATCC-1",4,4
"CGGAGCTTATAACACC-1",5,3
"CGGAGTTTGAGAGACA-1",4,4
"CGGATAAGCGGACATG-1",4,4
"CGGATCCTCAAGGACT-1",4,4
"CGGATGAATGCTGTGA-1",9,13
"CGGCAAACATCGTGCG-1",4,4
"CGGCAATAAGATCGCC-1",5,9
"CGGCACCGTTAGCGCC-1",8,9
"CGGCACTCAAGAAAGT-1",4,4
"CGGCAGGGTCGGGTTG-1",8,9
"CGGCCACGCACAAAGT-1",4,4
"CGGCCAGAGCGACCAT-1",7,7
"CGGCCCAACCTGTAGT-1",8,9
"CGGCCCAGGTATATCC-1",5,9
"CGGCGCCATCAATCCC-1",5,9
"CGGCTCTAAAGCTGCA-1",5,9
"CGGCTCTTCGTCGAAC-1",4,4
"CGGCTGCAAGATTAAG-1",4,4
"CGGCTTTGTATGATAA-1",4,4
"CGGGAACGCCCTGCAT-1",7,7
"CGGGAAGTACCGTGGC-1",7,7
"CGGGAATATAGTATAC-1",5,9
"CGGGAATTTATGTAAA-1",4,4
"CGGGAGCTTCAGTGTA-1",4,4
"CGGGAGTATACCGCCG-1",4,4
"CGGGATCAATGTAAGA-1",8,5
"CGGGCAGCTAAACCGC-1",4,10
"CGGGCCATAGCCGCAC-1",4,4
"CGGGCCTTCTTTGTAA-1",4,4
"CGGGCGATGGATCACG-1",4,9
"CGGGCTACTTAAATTG-1",6,15
"CGGGTGTACCCATTTA-1",8,10
"CGGGTTCGGCACGTAT-1",7,7
"CGGGTTGTAGCTTTGG-1",4,4
"CGGGTTTGTTAGGGCT-1",5,9
"CGGTACGGCAAACCCA-1",4,16
"CGGTACTAGAATCAAA-1",4,4
"CGGTAGAGGTGCAGGT-1",8,10
"CGGTATAGGTATTAGC-1",4,4
"CGGTATGGGCACTCTG-1",8,9
"CGGTCAAGTGGGAACC-1",8,9
"CGGTCAGTCCATATTT-1",5,9
"CGGTCCATGAGACTCC-1",8,9
"CGGTCCGTCGCAAGCC-1",7,7
"CGGTCTATCAACCCGT-1",8,9
"CGGTGAAGACTAAAGT-1",4,16
"CGGTGCAGATAGAACG-1",2,2
"CGGTGCGCGTTGGTCC-1",7,7
"CGGTGGGCTCCAGCCT-1",1,14
"CGGTGTACTTGATCCC-1",4,4
"CGGTTATCCAACAGTG-1",8,9
"CGGTTCAAGTAGGTGT-1",8,9
"CGGTTCCGGCTTCTTG-1",4,10
"CGGTTGACCTGGCATA-1",9,13
"CGGTTGAGTATCCTTC-1",7,7
"CGGTTGGGCAGGGTCC-1",8,9
"CGGTTGGGTTCAAGTT-1",4,10
"CGGTTTACTGAACATT-1",7,7
"CGGTTTATGAAGGAAC-1",4,4
"CGTAAACGCTTGAGTG-1",4,4
"CGTAAAGCAAGAAATC-1",7,7
"CGTAAATAACAAAGGG-1",4,2
"CGTAACGGAACGATCA-1",6,15
"CGTAACTTCGACACTT-1",7,7
"CGTAATAATTACGAGT-1",3,16
"CGTACCGAAAGTCTAG-1",4,16
"CGTACCTGATAGGCCT-1",5,9
"CGTAGAGAGTAATTAT-1",8,9
"CGTAGCGAATTGTCAG-1",4,4
"CGTAGCGCCGACGTTG-1",4,12
"CGTATCTAGAACTAAG-1",5,3
"CGTATTAAGAGATCTA-1",4,10
"CGTATTGTTTCCTAAT-1",5,9
"CGTCAAATGGTCGCAG-1",8,9
"CGTCAAGGCTATAAAT-1",4,16
"CGTCAATCTTTAACAT-1",4,16
"CGTCACGTCCATTGGT-1",7,7
"CGTCAGCTATTTACTC-1",4,16
"CGTCAGTGCGCACAAG-1",3,8
"CGTCAGTTTATCGTCT-1",2,2
"CGTCATACCATATCCA-1",3,10
"CGTCCTCATCGCGTGC-1",5,9
"CGTCGCATGTGAGCCA-1",4,4
"CGTCGCGGCGGGATTT-1",4,16
"CGTCGCTTGGTTATAC-1",7,7
"CGTCGGATAGTGTTGA-1",8,9
"CGTCGGGTCTAAGCGC-1",7,7
"CGTCGTCCTTCGCGAA-1",4,4
"CGTCTGGAAGGGCCCG-1",5,10
"CGTCTTGAGTGTGACG-1",5,9
"CGTGAAGTTAATTCAC-1",4,4
"CGTGACATTGGGTCGT-1",8,10
"CGTGACCAGTCCTCTG-1",7,7
"CGTGCACACCACTGTA-1",8,9
"CGTGCAGACTGGGACA-1",4,4
"CGTGCATTGTCGACGC-1",4,4
"CGTGCCCGACATTTGT-1",4,4
"CGTGCCCTCCCGAAGA-1",4,4
"CGTGCTGGCCTAGTCG-1",4,4
"CGTGCTTCTACCTAAA-1",7,7
"CGTGGAAGCCTCGTAC-1",5,9
"CGTGGCCGAATATCTA-1",5,10
"CGTGGTACCCAAAGGC-1",7,7
"CGTGTCCCATTCGCGA-1",4,4
"CGTGTCTCGTTACGAC-1",7,7
"CGTGTGTTAAACCCTG-1",3,8
"CGTTAAACTAGTTAGG-1",5,9
"CGTTAATGTCCCGACG-1",4,4
"CGTTAGCTCACAACTG-1",8,9
"CGTTATCATACTTCCA-1",4,16
"CGTTCAAGGAAACGGA-1",7,7
"CGTTCAGACCCGCGAA-1",4,3
"CGTTCATGGTGCGCGT-1",7,7
"CGTTCTTCGCACACCT-1",8,9
"CGTTGAATACCGCGCT-1",4,4
"CGTTGAGCGACCGTCG-1",4,4
"CGTTGAGTAATTGCGT-1",4,4
"CGTTGCCCGCGTGGGA-1",7,7
"CGTTGTAAACGTCAGG-1",4,4
"CGTTGTAAGATTGATT-1",8,9
"CGTTGTCGGCAATTGA-1",4,16
"CGTTGTTTCAATTCCC-1",4,4
"CGTTTAAGCGGAGCAC-1",9,10
"CGTTTACAAGGCAGCT-1",8,9
"CGTTTCACTTCGGGCG-1",8,9
"CGTTTCGCTCATTACA-1",4,4
"CGTTTGGTGTTGTGGG-1",5,9
"CGTTTGTGTAGAGGGT-1",7,7
"CTAAACGGGTGTAATC-1",3,8
"CTAAAGAATGCCTACT-1",4,4
"CTAAAGGATGAGATAC-1",2,10
"CTAAAGGGAAATAGGA-1",4,4
"CTAAAGTCCGAAGCTA-1",4,4
"CTAAATCCGGTGTACA-1",7,7
"CTAAATCCTATTCCGG-1",8,9
"CTAACAGCACAATAAC-1",7,7
"CTAACCGCGCGCCCGT-1",3,8
"CTAACGAAACTTGCTG-1",8,9
"CTAACTGATAATCGCC-1",8,9
"CTAACTGGTCCGGTTC-1",7,7
"CTAAGGGAATGATTGG-1",4,4
"CTAAGTACAGGGCTAC-1",7,11
"CTAATTATGAAGCGTA-1",7,7
"CTAATTCGCACGCGCT-1",4,4
"CTAATTCTCAGATATT-1",8,9
"CTAATTTCAACAACAC-1",4,4
"CTACAAGAAATAACCC-1",7,7
"CTACACTAGCTTGTTC-1",7,7
"CTACACTCGCAGATGG-1",8,9
"CTACATATCGCGGGAC-1",7,7
"CTACCCTAAGGTCATA-1",2,14
"CTACGAACTAGGTCGA-1",4,4
"CTACGACTAGCTATAA-1",3,8
"CTACGATCCTATCCTA-1",7,8
"CTACGCACGGAGTACC-1",4,4
"CTACGCCATTTCCGAT-1",8,9
"CTACGTGTTGCCACCA-1",4,4
"CTACTATCATAGGTTT-1",7,7
"CTACTATCTTTCAGAG-1",8,9
"CTACTCAAGGTATAGT-1",7,7
"CTACTCTAGGCCCGGC-1",4,10
"CTACTGCCACCTGACC-1",2,10
"CTAGACATATATGTAG-1",7,7
"CTAGACTGCATTTCGT-1",4,4
"CTAGATAAACTCCTCG-1",4,4
"CTAGATGTGAGTGTAA-1",8,9
"CTAGATTTACGACGGC-1",4,4
"CTAGCAACTAATTTAC-1",8,5
"CTAGCATAGTATAATG-1",4,4
"CTAGCCACAGGCGAGC-1",5,9
"CTAGCCGATGTTATGA-1",8,9
"CTAGCTTAATGGTCCC-1",5,9
"CTAGGCGCCCTATCAG-1",4,4
"CTAGGCGGCAGAGAAT-1",5,3
"CTAGGGATAGGGACAA-1",7,7
"CTAGGTCTGAAGGAAT-1",8,9
"CTAGGTTCGGACGTGA-1",4,4
"CTAGTAGAAAGGGATT-1",4,9
"CTAGTATTCGGAATTA-1",8,5
"CTAGTCACGTCTTAAG-1",4,9
"CTAGTGAAGGACAGGA-1",4,4
"CTAGTTACAACCCGGT-1",4,4
"CTAGTTGGGCCCGGTA-1",2,10
"CTATAAGAGCCAATCG-1",8,9
"CTATACTTAAAGCGAG-1",7,7
"CTATAGGCGTTGATGT-1",7,7
"CTATATCCAGCCTGGC-1",7,7
"CTATCACAACGCTGGA-1",8,9
"CTATCGACGAAATACA-1",5,9
"CTATCGGGTCTCAACA-1",3,10
"CTATGAACACCTTGCC-1",7,7
"CTATGCCCGAATGCAA-1",7,7
"CTATGGGAAGCGGAAT-1",5,9
"CTATGTCACTAGCCCA-1",4,10
"CTATGTCTATTGAAAC-1",4,10
"CTATGTGAGTCACGGC-1",7,7
"CTATTCATGTGTCCCA-1",4,4
"CTATTGTGTTTGGTCA-1",4,4
"CTATTTGCTTGGAGGA-1",2,10
"CTATTTGGTTACGGAT-1",4,10
"CTCAAACCACTGCCCG-1",7,7
"CTCAACTAACCCGGAT-1",5,9
"CTCAAGACATTAGCGC-1",7,4
"CTCACACGCAAGCCTA-1",8,9
"CTCACATTTACTAAAT-1",4,4
"CTCACCAGTACAAGTG-1",4,16
"CTCACCGATCCAAACT-1",9,11
"CTCACTGTGATACTTA-1",4,4
"CTCACTTGGCTGGTAA-1",7,2
"CTCAGAGCTAATGTCG-1",4,12
"CTCAGATTGTGATAAG-1",4,16
"CTCAGGACTCACCTGT-1",4,4
"CTCAGTCACGACAAAT-1",8,9
"CTCATAAATGTGTATA-1",5,9
"CTCATCACTTAGTGAT-1",5,9
"CTCATGGCTCACAATC-1",9,13
"CTCATGGTAATTTGCG-1",7,7
"CTCATTAACGTTGCCC-1",5,9
"CTCATTCGTGAACATC-1",4,16
"CTCATTGCTCTAACAA-1",4,4
"CTCATTTGATGGGCGG-1",5,11
"CTCCCAATGAGTCGCG-1",5,9
"CTCCCTCCTTTCGATC-1",7,7
"CTCCGAGTAAATCCGC-1",6,15
"CTCCGCCCACATGAGG-1",7,4
"CTCCGGCCTAATATGC-1",5,10
"CTCCGGCTTGTAGACA-1",4,10
"CTCCTAAGTTATGTCT-1",4,4
"CTCCTCCAGCTCACAC-1",7,7
"CTCCTGTTCAAGGCAG-1",5,9
"CTCCTTTACGCAAGTC-1",8,9
"CTCGAATGGAACGTAT-1",7,7
"CTCGAGACATACGATA-1",7,7
"CTCGAGATCCAAAGCA-1",4,16
"CTCGAGGCAAGTTTCA-1",7,7
"CTCGAGGTCGAACAGT-1",4,10
"CTCGATATTTGCGAGC-1",8,9
"CTCGCACCTATATAGT-1",5,9
"CTCGCATTGCATAGCC-1",7,7
"CTCGCCGAATGTAGGG-1",4,4
"CTCGCTAGGTAAGCGA-1",8,9
"CTCGGGATAACACCTA-1",5,9
"CTCGGGCATCGTCGGG-1",4,4
"CTCGGGTTCTCTGGCC-1",7,7
"CTCGGTACCACTGCTC-1",4,8
"CTCGGTCCGTAGCCTG-1",2,2
"CTCGGTTGTCGGCCCT-1",7,7
"CTCGTCGAGGGCTCAT-1",7,7
"CTCGTCTGTGCCTTCG-1",8,9
"CTCGTGGCACTGAAAG-1",4,4
"CTCGTTACGGCTACCA-1",7,7
"CTCGTTTCTAATGTTT-1",8,9
"CTCTAACACCGGCAGC-1",8,9
"CTCTAATGCATTGATC-1",8,9
"CTCTACACTGGCGATT-1",7,7
"CTCTACATCCTGCGTG-1",4,4
"CTCTAGCCCTCGGAAA-1",8,9
"CTCTATTTGGCTGCAG-1",4,4
"CTCTCACAATCGATGA-1",4,9
"CTCTCGATGTGCGCCT-1",4,4
"CTCTCGCTGTACTATG-1",4,16
"CTCTCTAACTGCCTAG-1",2,2
"CTCTGCAGGCATTCTT-1",7,13
"CTCTGCGAAGCAAGCA-1",4,10
"CTCTGGACGCCTGGTG-1",9,11
"CTCTGTCCATGCACCA-1",8,9
"CTCTGTGCCTGCTATG-1",4,11
"CTCTGTTTGAGGATTC-1",2,10
"CTCTTCTATTGACTGG-1",5,9
"CTCTTCTGGAAGTTAG-1",7,7
"CTCTTGTCCCGCTTGG-1",7,7
"CTGAAAGAGATCCGAC-1",5,8
"CTGAATCCGAGACCTC-1",5,8
"CTGAATTTATTGCCAG-1",8,9
"CTGACATAGAAATAGA-1",5,9
"CTGACTGCGCAGCTCG-1",8,9
"CTGAGAAAGTTCGGCG-1",5,9
"CTGAGAGTAGAAATAC-1",5,3
"CTGAGCAAGTAACAAG-1",4,4
"CTGAGCGAGACTTATT-1",5,3
"CTGATAGTGTATCTCA-1",4,4
"CTGATCCCTTTATGCA-1",7,7
"CTGCAAATGGGCTCCA-1",4,16
"CTGCAAGCACGTTCCG-1",5,9
"CTGCACAACTACATAT-1",4,4
"CTGCACCTAGTCCACA-1",5,9
"CTGCACCTGGAACCGC-1",4,4
"CTGCACTCCAGTACAG-1",4,4
"CTGCAGAGAATCAGAG-1",5,9
"CTGCAGGTGCTCGGCC-1",8,5
"CTGCCAAGGTTGGAAG-1",8,9
"CTGCCATGCATCACAT-1",4,4
"CTGCCCACGAAGCGTT-1",4,16
"CTGCCTAGCCACCAAG-1",4,4
"CTGCCTCATATGCAAC-1",5,3
"CTGCCTTTAATACCTT-1",7,7
"CTGCCTTTCTAGTAAA-1",5,10
"CTGCGACCTCGCCGAA-1",4,9
"CTGCGATTTCGAGATT-1",4,12
"CTGCGGGTGAAATGTT-1",4,3
"CTGCGGTAGTCACGTG-1",4,4
"CTGCGTTACGATATAA-1",8,9
"CTGCTCTGACGGCAAA-1",4,4
"CTGCTGAGGCCACGAA-1",7,7
"CTGCTGTCTAACGAGC-1",5,9
"CTGCTTGGCGATAGCT-1",4,4
"CTGCTTTATGTCCGCG-1",3,9
"CTGGAAATGGATGCTT-1",4,11
"CTGGAAGACACGGTGG-1",4,4
"CTGGACGCAGTCCGGC-1",7,7
"CTGGATTTACACTTGA-1",7,7
"CTGGCATCCGAATGAG-1",7,7
"CTGGCGACATAAGTCC-1",8,9
"CTGGCGATTTACATGT-1",5,9
"CTGGCGCACAGGTCTG-1",8,9
"CTGGCGGGAATAAGTA-1",4,4
"CTGGCTCCTGCGGGAT-1",4,4
"CTGGCTGATTCATCCT-1",5,9
"CTGGCTGCTAACGTAA-1",4,4
"CTGGCTGGTTGTCAGT-1",7,7
"CTGGGATAAATAATGG-1",7,9
"CTGGGATACGCTACCC-1",5,9
"CTGGGATCGCCCAGAT-1",4,10
"CTGGGCACTAGTCGGA-1",9,11
"CTGGGCCTGCTATATC-1",7,7
"CTGGGCGGCCAAATGT-1",4,4
"CTGGGCTACTGGAGAG-1",5,10
"CTGGGCTATCCTTTGG-1",7,7
"CTGGGTAGGCAGTTAA-1",4,15
"CTGGGTTGAGTTAAAG-1",7,7
"CTGGTAAAGACTTACA-1",8,9
"CTGGTAAAGTGTGGGC-1",5,9
"CTGGTAACACATAGAA-1",4,4
"CTGGTAACGAGCTCTT-1",8,9
"CTGGTCATTCCAATCC-1",4,3
"CTGGTCCTAACTTGGC-1",4,10
"CTGGTGAATGGGCCTA-1",7,8
"CTGGTTCAACGCATCA-1",4,4
"CTGGTTCGCGAGCTAC-1",5,9
"CTGGTTTCGAGCAAGA-1",3,8
"CTGTACTTCTTAGCAT-1",9,11
"CTGTAGCCATCTCACT-1",7,7
"CTGTAGTGAGGATCGA-1",7,7
"CTGTATGGTGTAGAAA-1",4,4
"CTGTCAAATGGCTCGG-1",8,9
"CTGTCACGCCAGGCGC-1",4,4
"CTGTGCAGGGTAGGTC-1",4,4
"CTGTGGTCGGGAGATA-1",4,4
"CTGTTACCCAATCTAG-1",4,4
"CTGTTCACTGCCTGTG-1",8,5
"CTGTTCATCTCACGGG-1",3,8
"CTGTTGGCTCTTCTGA-1",8,5
"CTGTTGTTCAGTCGTA-1",7,7
"CTTAAATAAGACCCAT-1",4,4
"CTTAACTTACAGTATA-1",5,9
"CTTAACTTCGAAGTAC-1",2,14
"CTTAAGCAGCGAGCCG-1",4,16
"CTTAATCGACTTAGTA-1",5,9
"CTTACACGGTATTCCA-1",4,4
"CTTACACTGGGAAATA-1",5,10
"CTTACATAGATTTCTT-1",8,9
"CTTAGATGTTTCATCC-1",5,9
"CTTAGCCCGGATAGTG-1",4,8
"CTTAGCCTTCCACATG-1",8,9
"CTTAGGTATAGACCAG-1",7,7
"CTTAGGTCCCAATCGT-1",8,9
"CTTAGTAGGCCTACAG-1",8,9
"CTTAGTGTAGTAGCAT-1",5,9
"CTTAGTTGAGGAATCG-1",7,7
"CTTATAGATGGCTGTT-1",5,9
"CTTATGCGCTCAGGGC-1",7,11
"CTTATGTTGACTACCA-1",4,4
"CTTCAACTCCACTTGG-1",4,4
"CTTCACGCCCTGGTAC-1",9,13
"CTTCAGTGGTCGCCTA-1",7,7
"CTTCAGTTGGACAACG-1",8,9
"CTTCATAGCTCAAGAA-1",4,10
"CTTCATCACCAGGGCT-1",8,9
"CTTCATTGTCAGTGGA-1",4,10
"CTTCCGCTCCGTGAAG-1",7,7
"CTTCCTGCATATTTAC-1",9,11
"CTTCGATTGCGCAAGC-1",8,9
"CTTCGGCCAATTGTTT-1",5,9
"CTTCGTAGATAGGTGA-1",4,4
"CTTCGTGCCCGCATCG-1",5,10
"CTTCTATGTTGAAGTA-1",7,7
"CTTCTATTAATGCTAG-1",7,7
"CTTCTGGGCGTACCTA-1",7,7
"CTTCTTACGTCGTATA-1",5,10
"CTTGACCCGAAAGATA-1",4,8
"CTTGAGGTTATCCCGA-1",1,1
"CTTGAGTTAGGGTAAT-1",8,9
"CTTGATGACCATCCAG-1",8,9
"CTTGCAACCGCCTCCT-1",7,7
"CTTGCCCACCCACGCA-1",8,9
"CTTGCCCAGGCTCTAC-1",4,4
"CTTGGCCAAGCTGGGA-1",7,7
"CTTGTACTTGTTGACT-1",4,10
"CTTGTCAACATTCGAG-1",9,13
"CTTGTCGTACGTGTCA-1",5,10
"CTTGTGAGGACAGCGG-1",4,9
"CTTGTGAGTCTTTGAC-1",4,10
"CTTGTGCTCACCGATT-1",8,9
"CTTGTTGCTGAGTCAA-1",4,4
"CTTGTTTATGTAGCCA-1",4,4
"CTTTAACTTTCAAAGG-1",5,8
"CTTTAATATTGGTCGA-1",4,4
"CTTTACCGAATAGTAG-1",4,4
"CTTTAGGAACACTGTT-1",3,8
"CTTTAGTGCTATTATT-1",4,4
"CTTTCTGTGCGGGCTT-1",4,4
"CTTTGAAACATATTCC-1",6,6
"CTTTGACGTCGCTTCT-1",4,16
"CTTTGCATCGCTCTTG-1",5,9
"CTTTGCTGTCATGGAT-1",5,9
"CTTTGGCGCTTTATAC-1",2,2
"CTTTGGCTTTAGTAAA-1",4,4
"CTTTGGGATTGTTGCA-1",7,7
"CTTTGTCGAATGCTCC-1",7,7
"GAAACAGATGACCACC-1",5,9
"GAAACAGCCATGCAGT-1",5,10
"GAAACATAGGAAACAG-1",7,7
"GAAACCATGGTGCGCT-1",8,9
"GAAACCGAATTACCTT-1",4,4
"GAAACCTATACAAATG-1",7,7
"GAAACTCGTGCGATGC-1",4,4
"GAAACTCTAATGAAGG-1",7,12
"GAAAGAACAGCGTTAT-1",8,9
"GAAAGCAGTGCACTTT-1",7,7
"GAAAGCCCTTTGGACC-1",7,7
"GAAAGTGACTAACTGC-1",4,4
"GAAATACCTGCTGGCT-1",4,4
"GAAATACTAAACGTTT-1",4,4
"GAAATATCACCATCAG-1",4,2
"GAAATATGCTTGAATG-1",4,4
"GAAATCGCGCGCAACT-1",5,9
"GAAATCTGACCAAGTT-1",8,5
"GAAATGGCGGTGTTAG-1",4,4
"GAAATGGGATGTAAAC-1",4,4
"GAAATTAGCACGGATA-1",8,9
"GAAATTCACATCGCTG-1",9,13
"GAAATTGTCTCTATAA-1",4,4
"GAACAACTGGGATGAA-1",8,9
"GAACACACATCAACCA-1",3,8
"GAACAGATTACTAAAT-1",4,4
"GAACATTAGTATGTTA-1",7,4
"GAACCATCTGGGAGAC-1",4,4
"GAACCCTCTGTGTTCT-1",4,4
"GAACCTCGACCTACAC-1",2,14
"GAACCTTTAACGATCC-1",4,4
"GAACGACCGAATGATA-1",5,9
"GAACGATAAGTTAAAG-1",5,9
"GAACGCGGGTCACACG-1",5,9
"GAACGTCTCATGGTCG-1",8,9
"GAACGTTAGGAAGACG-1",4,4
"GAACTGTGGAGAGACA-1",4,4
"GAACTTAGCGCCCGGT-1",7,7
"GAACTTGTGCACGGGA-1",8,9
"GAAGAAACGATATTGT-1",7,7
"GAAGAACGGTGCAGGT-1",2,10
"GAAGACTTCAATGCCG-1",4,4
"GAAGCAAGGCAATGTT-1",4,4
"GAAGCCACTGATTATG-1",8,5
"GAAGCCGGGTAAGCTC-1",4,16
"GAAGCCTGCACATTCC-1",7,7
"GAAGCGTGAGGAATTT-1",9,11
"GAAGCTCGGACCCGTC-1",7,7
"GAAGCTCTTTGCTTAG-1",4,16
"GAAGCTTGCTGACCGC-1",4,4
"GAAGGACTAAATTGAA-1",4,4
"GAAGGAGTCGAGTGCG-1",7,10
"GAAGGCTACCATTGTT-1",5,9
"GAAGGGCATAACCATG-1",4,4
"GAAGGGTCATTAAGAC-1",8,9
"GAAGTCAGTTGCACTA-1",7,7
"GAAGTCTCCCTAGCGA-1",8,9
"GAAGTGATTTATCGTG-1",4,4
"GAAGTGCTGGATAGCT-1",5,9
"GAAGTTTCCACTCAAT-1",4,5
"GAATAGACGCGACCCA-1",5,9
"GAATAGCATTTAGGGT-1",5,9
"GAATAGCCCTGCGGTC-1",8,9
"GAATAGTGCTCGATTA-1",7,7
"GAATATTCGGAGTCCC-1",8,9
"GAATCGACATGGTCAC-1",4,4
"GAATCGCCGGACACGG-1",4,4
"GAATCTATACTCGGAC-1",4,4
"GAATCTGAACATTCTC-1",4,4
"GAATGAAGGTCTTCAG-1",9,13
"GAATGCCGAAATGACC-1",2,14
"GAATGCGAATCGGTTC-1",2,14
"GAATGGGCTTATCGAC-1",4,16
"GAATGTATGGCAGGTC-1",2,14
"GAATGTGGTCCGGATT-1",4,4
"GAATGTTGGGTAATCT-1",5,10
"GAATTATAGTGAAAGG-1",4,10
"GAATTATGCAACCTAC-1",6,15
"GAATTCACCCGGGTGT-1",5,5
"GAATTTCTCGCTGCAG-1",4,4
"GACAAACATATGCAGG-1",5,9
"GACAACGACCATTGAA-1",8,9
"GACAACGCAGCTTACG-1",8,5
"GACACAAGGGAAGAAA-1",2,14
"GACACAGCCGGGACTG-1",8,9
"GACACGAGTTAGAGGA-1",4,4
"GACACTGAGTTCAGTG-1",4,8
"GACACTGGAACCCGAT-1",5,9
"GACACTTCCAATTACC-1",8,9
"GACAGAGGTCTTCAGT-1",2,10
"GACAGATTTCTGGCTC-1",4,16
"GACAGCCAGACCTGAC-1",4,4
"GACAGGCACACACTAT-1",4,12
"GACATACTGTCGCAGA-1",4,16
"GACATCCGTCGAACTG-1",4,4
"GACATCGATTTATAAC-1",7,7
"GACATTTCGCCCAGCC-1",9,13
"GACCAAACGTTGACTG-1",5,9
"GACCACACTTCCCTTT-1",8,9
"GACCAGAGCCCTGTAG-1",4,4
"GACCAGGTCATTCATA-1",4,4
"GACCCAATTATGATAC-1",7,7
"GACCCGTCGCCGGCTA-1",4,4
"GACCGACCGCTAATAT-1",4,4
"GACCGACGTGAAAGCA-1",8,9
"GACCGACTGAAGCGTC-1",8,5
"GACCGATTAAATATGT-1",7,7
"GACCGCGTCTGACGTG-1",5,9
"GACCGTCAGGTCGTGA-1",8,9
"GACCGTGCTGACGGTG-1",4,10
"GACCGTTACATGCGAC-1",4,16
"GACCTTCCACGTCTAC-1",4,4
"GACGACGATCCGCGTT-1",4,4
"GACGACTTTCCAAGAA-1",4,4
"GACGAGGCTAATAAAC-1",5,9
"GACGATATCACTGGGT-1",7,7
"GACGCATACCCGTCGG-1",7,7
"GACGCCGTAAAGGCTA-1",7,7
"GACGCCTGTTGCAGGG-1",4,4
"GACGCTTGCTTCTAAA-1",4,9
"GACGGACCGCGTTCCT-1",4,4
"GACGGGATGTCTTATG-1",7,7
"GACGGGCATCGAATTT-1",5,3
"GACGGGTTGGCCCGTA-1",7,7
"GACGGTCAATAGAAGC-1",3,8
"GACGGTCCTAGGGTGT-1",5,9
"GACGTGAGACTCCATG-1",4,10
"GACGTTCGTAAATACA-1",8,9
"GACGTTGCTCGGCGGC-1",7,7
"GACTAACACAGCACCT-1",9,15
"GACTAAGATCATGCAC-1",9,13
"GACTAAGTAGGCTCAC-1",4,13
"GACTACAAAGCGGTGG-1",7,7
"GACTACAATTGCTCGT-1",9,13
"GACTAGGCCGTTAGGT-1",4,9
"GACTCACCCACGTGAG-1",8,9
"GACTCCCAGAATAAGG-1",8,9
"GACTCCTTCCAATTGA-1",7,7
"GACTCGCGGGAATGAC-1",8,9
"GACTCGGTCGGCGGAT-1",7,10
"GACTCTAGAGTTCCAA-1",4,16
"GACTGATTGGTCACAA-1",4,4
"GACTGCAAATCGAGCT-1",4,4
"GACTGCACCAGCCCAG-1",4,4
"GACTGCGGCACGTGTA-1",4,4
"GACTGCTGGTGAGAAA-1",7,7
"GACTGGGCGCCGCAAC-1",4,4
"GACTTCAACGCATCAA-1",5,9
"GACTTTCGAGCGGTTC-1",2,14
"GAGAAACTGGATCCCA-1",5,3
"GAGAACGGTTCTGACT-1",8,9
"GAGAATCTCACGATCA-1",4,16
"GAGACCCTGCAACGCC-1",3,10
"GAGACTGATGGGTAGA-1",2,10
"GAGACTTCGCGACCGA-1",7,7
"GAGAGCGCAGTCCCTG-1",4,16
"GAGAGGCCTATGTGTA-1",5,9
"GAGAGGGCGCGAGGTT-1",4,16
"GAGAGGTGCATTCTGG-1",7,7
"GAGAGTCTCGGGAGAG-1",7,7
"GAGATCGATCTTACTC-1",7,7
"GAGATCTGCTTGGCAT-1",4,4
"GAGATCTGTCACTCCG-1",2,10
"GAGATCTTCCATGACA-1",4,4
"GAGATGACAATCCTTA-1",5,9
"GAGATGGCTTTAATCA-1",4,9
"GAGATGGGAGTCGACA-1",4,4
"GAGCACCTGTGTCCAG-1",4,4
"GAGCACGGCGCCTCTT-1",5,9
"GAGCATCAACAACTTG-1",7,7
"GAGCATCATCCCTGGG-1",4,4
"GAGCCACGGTAGTAGG-1",4,4
"GAGCCAGCTACCTGTG-1",4,4
"GAGCCGAGCGTTTATT-1",4,10
"GAGCGAGGGAGTACCG-1",5,10
"GAGCGCAAATACTCCG-1",5,9
"GAGCGCGCACGAGTAG-1",4,10
"GAGCGCTATGTCAGGC-1",4,10
"GAGCGCTGTTAGGTAA-1",7,7
"GAGCGGAATGCGGTGT-1",7,7
"GAGCTAAGGGCATATC-1",3,8
"GAGCTCAACATGAGCG-1",4,4
"GAGCTCTCGGACCTAA-1",4,4
"GAGCTGTCGTCTCGGA-1",8,9
"GAGGAATATCTCTTTG-1",7,7
"GAGGAATGGAGAGGTT-1",4,14
"GAGGAGATCCTCATGC-1",4,16
"GAGGAGTAATTCCTAC-1",3,8
"GAGGATAAACAGTGCT-1",5,9
"GAGGCATTTGCAGCAG-1",2,10
"GAGGCCCGACTCCGCA-1",7,7
"GAGGCCTGTTGATACA-1",5,9
"GAGGCTATCAAAGTCG-1",4,4
"GAGGGAGTCAGATCGC-1",7,7
"GAGGGCATCGCGTATC-1",4,10
"GAGGGCCATAATATTA-1",8,9
"GAGGGCCGGCAGAGTC-1",6,15
"GAGGGCGCAGCTCTGC-1",8,9
"GAGGGTAGTAACAAAG-1",7,7
"GAGGTACATCCATCTT-1",5,13
"GAGGTACGCGTGTCCC-1",4,4
"GAGGTCCCAAAGATCT-1",4,4
"GAGGTCTTAGTGGGTC-1",6,15
"GAGTAAACCGGAAAGT-1",5,9
"GAGTAAATTAAGAACC-1",5,3
"GAGTAAGGCCACGGGA-1",7,7
"GAGTACGGGTATACAA-1",4,9
"GAGTAGATACTAGTTG-1",4,7
"GAGTATACCCTAATCA-1",7,7
"GAGTATGCCCGCCTTG-1",7,7
"GAGTATGCGCGTGCAT-1",4,4
"GAGTCAGACCAGAATC-1",7,7
"GAGTCCACCAGGTTTA-1",8,9
"GAGTCCGCTTACCGGA-1",2,10
"GAGTCGACAGACCCTC-1",4,16
"GAGTCTTGTAAAGGAC-1",4,16
"GAGTGCACGGACAACA-1",8,9
"GAGTGTCAACCAGAAA-1",4,9
"GAGTGTGCGGTACCCA-1",4,4
"GAGTTCTGTGGGTGCT-1",7,7
"GAGTTGATGGCAATTT-1",7,7
"GAGTTGTCACCAGTCT-1",7,7
"GATAAATCGGTGGATG-1",3,10
"GATAACTCGCACTGTG-1",8,9
"GATAAGGCAGATGCAA-1",4,4
"GATACCGTGTCGGAGT-1",5,9
"GATACGATGGGAGTCA-1",4,3
"GATAGAACCCGCTAGG-1",5,3
"GATAGATAGTACAGTC-1",5,9
"GATAGGATTAATTACA-1",5,9
"GATAGGTAACGTTGAC-1",4,10
"GATAGGTGTCCCGGGC-1",5,9
"GATAGTGCGAGTAAGT-1",7,7
"GATATCAAGCAGGAGC-1",7,7
"GATATCAGTATGTATC-1",4,16
"GATATCTCATGCAATA-1",4,9
"GATATGAGACACTAAC-1",4,4
"GATATGCGGTAGCCAA-1",8,9
"GATATGGATTACGCGG-1",4,10
"GATATTGAGATTGGCG-1",8,9
"GATATTTCCTACATGG-1",8,9
"GATCAACATAAAGGGA-1",7,7
"GATCATTCCAAACATT-1",4,4
"GATCCCTTTATACTGC-1",4,10
"GATCCGAATATAAGTG-1",5,9
"GATCCGGGAATTAACA-1",4,4
"GATCCTAAATCGGGAC-1",8,9
"GATCCTCGACACTGGC-1",7,7
"GATCCTCTTGCGCTTA-1",4,4
"GATCGACACTATCTGA-1",4,4
"GATCGCGGGCTCTCCA-1",4,4
"GATCGCTACCCGATTT-1",5,9
"GATCGCTATATCTCAG-1",7,7
"GATCGCTGTGGTGCGT-1",7,14
"GATCGGATAGAACCAT-1",7,7
"GATCGGCGATAAGTCG-1",4,4
"GATCGGTGGCCATAAC-1",5,10
"GATCGTGACTGATATC-1",4,4
"GATCTAACCGTATTCA-1",4,16
"GATCTCGACGCTGTGG-1",5,9
"GATCTGCTATCTAAGG-1",7,7
"GATCTTAGTGAACGTG-1",6,15
"GATCTTCATTGTCCTC-1",4,16
"GATCTTGGAGGGCATA-1",4,10
"GATCTTTGCAGGGTAT-1",4,4
"GATCTTTGCTCAAAGA-1",7,9
"GATGACAAGTAGGGCA-1",7,7
"GATGACGATGATCGCG-1",8,9
"GATGAGGAACCTTCGG-1",4,9
"GATGATTTGAAACTGG-1",8,16
"GATGCCACACTACAGC-1",8,9
"GATGCCAGCAGAAGGC-1",4,4
"GATGCCTTCTGCGGCA-1",7,7
"GATGCGAATGGTATTA-1",4,4
"GATGCGTCCTGCATTC-1",4,4
"GATGCTACAAGCGCCT-1",3,8
"GATGCTACCTTCGATG-1",4,16
"GATGCTGTATTTCATC-1",4,11
"GATGGCGCACACATTA-1",4,4
"GATGGTGCCCTAGGCA-1",3,8
"GATGTAACGAACCACC-1",7,7
"GATGTCCGGATCACAT-1",4,4
"GATGTCGGTCAACTGC-1",3,8
"GATGTGTTGTCACAAG-1",4,10
"GATGTTCAATCCACGA-1",4,16
"GATGTTTGTGCGAGAT-1",4,4
"GATTAACCGAAAGCCC-1",5,9
"GATTAATCCTGGCTCA-1",4,4
"GATTACTGAATTTGGG-1",2,2
"GATTAGAAACAAGCGT-1",5,10
"GATTATCTTGCATTAT-1",8,9
"GATTCCCTTGTCGCAG-1",2,10
"GATTCCGCGTTTCCGT-1",8,10
"GATTCCTATACGGCGC-1",4,4
"GATTCGACGGTTCACG-1",4,11
"GATTCTGTTAATGAGT-1",4,4
"GATTGACACTCTGCTC-1",4,4
"GATTGCTCCAGTTGCA-1",7,7
"GATTGGGAAAGGTTGT-1",4,9
"GATTTAGTGCGTACTG-1",7,7
"GATTTGCGCTAACACC-1",4,12
"GCAAACCCTACATTAT-1",4,4
"GCAAACCTTGGCCATA-1",4,4
"GCAAACGTAAGCGACC-1",7,7
"GCAAACGTCGCCAGGT-1",5,9
"GCAAAGGGCGTTAGCC-1",7,7
"GCAAATATTACGCTTT-1",4,4
"GCAAATGAGGACACTT-1",4,16
"GCAACACACTAGAACT-1",7,7
"GCAACAGCAGTATGCG-1",5,9
"GCAACCACCAGACCGG-1",8,9
"GCAACCACGGCCGCGT-1",7,7
"GCAACCCAAGTTGTTT-1",4,16
"GCAACGGCTAGTTATG-1",5,9
"GCAAGAATTCCTTGGC-1",7,7
"GCAAGATGTGTTCGCG-1",4,10
"GCAAGCTGGAAACCGC-1",4,16
"GCAAGTGCACAGAGAA-1",4,4
"GCAAGTGTAAAGCATG-1",7,7
"GCAATTAGTCGCACCG-1",5,3
"GCACAAACCCTAGATG-1",7,8
"GCACAAACGAGGCGTG-1",5,9
"GCACAACCTCGGGCGT-1",7,7
"GCACAAGTGGATCATA-1",4,13
"GCACAAGTGTCGGAAG-1",4,10
"GCACACACTGGTAGCC-1",5,9
"GCACACAGCTATTACC-1",4,9
"GCACACGCCCATGGTC-1",4,16
"GCACAGCACGGGCCGA-1",7,7
"GCACCTAGGCGAGTCC-1",5,9
"GCACCTTCCCGAAGGT-1",5,3
"GCACGCCGATTCCCGC-1",5,9
"GCACGCCTACTTAGAT-1",7,7
"GCACGTGGTTTACTTA-1",5,9
"GCACTAGTCGCGCTAT-1",2,14
"GCACTCCCACAGTCCC-1",4,4
"GCACTGCCTACCTTTA-1",7,7
"GCACTGTGCAAATGTA-1",4,4
"GCAGAAACGTAATCCA-1",9,11
"GCAGAAGGTAATCTCC-1",5,9
"GCAGACCCAGCACGTA-1",8,9
"GCAGATCCATAAGACT-1",4,4
"GCAGATCCTCGCAAAT-1",5,3
"GCAGATTAGGGATATC-1",4,7
"GCAGCACACAGCCCAG-1",4,16
"GCAGCCTATATCACAT-1",8,9
"GCAGCGGTGGGCATTA-1",4,10
"GCAGCTATGGACAGGT-1",4,4
"GCAGCTGTCAACGCAT-1",8,9
"GCAGGAACTTAGATCT-1",7,7
"GCAGGACTATAGAATA-1",4,3
"GCAGGTAGAGTATGGT-1",8,9
"GCAGTGCGGGCGGATG-1",5,9
"GCAGTGTGGCTATAGG-1",4,4
"GCAGTTCGATCCGAGC-1",5,9
"GCATACGAGGTCTTTA-1",4,16
"GCATAGAGCACTCAGG-1",4,4
"GCATCCCTAACTTTGA-1",4,4
"GCATGAGGGACGCGGC-1",8,9
"GCATGCTAATAACGAT-1",8,9
"GCATGGGTACTGACGC-1",4,16
"GCATTCAAGGCAACGC-1",8,9
"GCATTCGAAATGAACA-1",4,4
"GCATTGACTTGCGGAA-1",7,16
"GCATTGTAATTCATAT-1",7,7
"GCATTTCCAAGGCTCC-1",8,9
"GCCAACCATTTCCGGA-1",8,9
"GCCAAGAATACTTCTG-1",7,2
"GCCAATAGGGCATCTC-1",3,10
"GCCACAATTTAAGGAC-1",7,7
"GCCACCCATTCCACTT-1",8,5
"GCCACTCAGAGCGCGA-1",5,9
"GCCACTCCTTACGGTA-1",5,9
"GCCAGGAAAGAACACT-1",7,7
"GCCAGGAGTAACCGAT-1",8,9
"GCCAGGCGTTCGCATG-1",9,11
"GCCAGGCTTAGTGGTA-1",8,5
"GCCATATTGCACACAG-1",8,9
"GCCATCGAGCTGCGTG-1",7,7
"GCCATCGATGCTGCAT-1",8,9
"GCCATTAGCCTCAAAC-1",7,7
"GCCCACCAAGGCTGTC-1",4,4
"GCCCACTGGTCCACAA-1",6,15
"GCCCAGATGCTGGAGA-1",5,9
"GCCCAGTTGGTATGCC-1",4,4
"GCCCATGGGTGCAATG-1",9,7
"GCCCGACTTCTTCCCG-1",7,7
"GCCCGAGAGTCTAAAT-1",7,7
"GCCCGATCTGTGGTCG-1",7,11
"GCCCGCGCGTAAACGG-1",7,7
"GCCCGCGCGTTTGACA-1",4,4
"GCCCGTAATACCTTCT-1",8,9
"GCCCTAAGTGCAGGAT-1",5,9
"GCCCTAGCCGTCGCGA-1",7,7
"GCCCTGAGGATGGGCT-1",4,10
"GCCGAAATTCCTACGT-1",4,4
"GCCGACCCACGACTGC-1",7,7
"GCCGATTGGCCAAGCT-1",4,4
"GCCGCACTCCGTTTCA-1",5,9
"GCCGCATTAGTCCGGC-1",4,16
"GCCGCTAGATACGCAG-1",7,7
"GCCGCTTGTGAGAAAC-1",4,10
"GCCGGAAACACATCTT-1",4,4
"GCCGGGTTAGGGTCGC-1",4,4
"GCCGGTCGTATCTCTC-1",7,7
"GCCGGTTTGGGCGGAT-1",6,15
"GCCGTCGGTTTCGGGC-1",7,7
"GCCGTGGAAGAAATGT-1",5,9
"GCCTACGTTCTGTGCA-1",4,9
"GCCTAGCGATCTGACC-1",4,4
"GCCTATAGTGTCAGGG-1",8,9
"GCCTATCAGGTAAGAT-1",5,10
"GCCTATGCTGGGCCTT-1",8,9
"GCCTATTCCGATATAG-1",4,4
"GCCTATTTGCTACACA-1",4,10
"GCCTCATCTGGAAATA-1",5,9
"GCCTCCGACAATTCAC-1",5,9
"GCCTCTATACATAGCA-1",4,4
"GCCTGCTACACTGAGA-1",9,11
"GCCTGTCCCGGTGCAT-1",4,4
"GCCTTCAGCCCTACCG-1",3,8
"GCCTTGTATATGCAGT-1",4,10
"GCCTTTGTCAGTGGAC-1",7,7
"GCGAAACGATCGGGAG-1",5,9
"GCGAAACTTAACTGGA-1",4,4
"GCGAAGAATCTGACGG-1",4,9
"GCGAAGCCATACCCGT-1",4,10
"GCGAATGGACTAGCGA-1",5,9
"GCGACATGTAAACATC-1",8,9
"GCGACCCAACCATCTG-1",7,7
"GCGACGATAGTTGTAC-1",5,3
"GCGACGGTAGTCTCCT-1",4,4
"GCGAGAAACGGGAGTT-1",4,10
"GCGAGAGGCCATGTAA-1",8,9
"GCGAGAGTTGCGTCCA-1",8,9
"GCGAGCGCATGCTCCC-1",8,9
"GCGAGGCCCGAGCAGA-1",4,4
"GCGAGTTCTGCAAAGA-1",4,4
"GCGATGTCTGTGCTTG-1",1,1
"GCGATTCTGGAAGCAG-1",4,10
"GCGATTGTTAACGTTA-1",4,4
"GCGCAAATATATTCAA-1",7,7
"GCGCAAGAGCGCGCTG-1",8,9
"GCGCATCCAGTCAGCA-1",8,9
"GCGCCGTTCCACGATA-1",4,10
"GCGCCTCCCACTCCGA-1",5,9
"GCGCGATGGGTCAAGT-1",4,5
"GCGCGGTCTAGTAACT-1",4,10
"GCGCGTCATTGGTACA-1",4,4
"GCGCGTTTAAATCGTA-1",4,4
"GCGCTAAGTATGCATG-1",9,11
"GCGCTAATTGAATAGA-1",4,13
"GCGCTATGCCGAGGCA-1",4,4
"GCGCTCGATCACCTGT-1",5,9
"GCGCTGATCCAGACTC-1",8,9
"GCGCTGCTTTGCATTT-1",8,9
"GCGCTGGCGGAAAGTC-1",8,5
"GCGCTTAAATAATTGG-1",4,4
"GCGGACCGCGTTGTGG-1",7,7
"GCGGAGAAACTTCGCA-1",7,7
"GCGGAGAGGGAGAACG-1",4,4
"GCGGATTACTTGTTCT-1",5,8
"GCGGCAAAGTATTGCC-1",7,7
"GCGGCTCTGACGTACC-1",1,1
"GCGGCTTTAGCAAGTT-1",8,9
"GCGGGAACCAGGCCCT-1",3,16
"GCGGGCAGACGGGTGA-1",4,4
"GCGGGCATTACGATGC-1",5,9
"GCGGGCGAGCCTTACC-1",7,7
"GCGGTAACCCAAATGA-1",4,4
"GCGGTCCCGGTGAAGG-1",4,9
"GCGGTCCCTAGACGCA-1",3,2
"GCGGTCTTGCTTTCAC-1",8,9
"GCGGTGAACTGCGCTC-1",8,9
"GCGGTGCGGAGCATCG-1",3,8
"GCGGTTCCCTATCATG-1",7,4
"GCGTAAATGGCCATAA-1",8,9
"GCGTCCAGCTCGTGGC-1",5,3
"GCGTCCCTAAGACATA-1",7,7
"GCGTCGAAATGTCGGT-1",5,10
"GCGTCGCCAGGGTGAT-1",2,14
"GCGTCGTAACATGGTC-1",8,9
"GCGTCTAACCTCCTAA-1",5,3
"GCGTCTCTGCATTGGG-1",4,16
"GCGTGGTACTGGGTTA-1",8,9
"GCGTGTATGTCGTATT-1",4,4
"GCGTTATATTTGGAAC-1",3,8
"GCGTTCGGAGACCGGG-1",8,9
"GCGTTCTGACTAAGCG-1",5,9
"GCTAAACCTGAGGTGA-1",4,4
"GCTAACTGAAGTCTGA-1",4,4
"GCTAAGCCCAGTATGC-1",5,8
"GCTAAGTAAAGGCGAT-1",2,14
"GCTAAGTAGTTTCTCT-1",9,13
"GCTAATACCGAATGCC-1",3,2
"GCTACAATCGAGGATA-1",5,9
"GCTACACTGTCCGAAC-1",4,4
"GCTACAGTACGGACCG-1",4,16
"GCTACGACTTATTGGG-1",4,4
"GCTACTATAGTAGAGT-1",5,10
"GCTAGACCGTCTACTG-1",5,9
"GCTAGAGTAGAGATGT-1",9,13
"GCTAGCAACGCACCTA-1",5,9
"GCTAGCACCTGGGCCA-1",5,9
"GCTAGCAGGGAGTGGG-1",8,9
"GCTAGCGATAGGTCTT-1",7,7
"GCTAGCTTGAATAGCT-1",7,7
"GCTAGGCACCACGGAG-1",4,4
"GCTAGTAGAGCTTGTA-1",4,4
"GCTAGTTTCATTGAGG-1",4,10
"GCTATAAGGGCCAGGA-1",5,8
"GCTATACGTCTCGGAC-1",4,4
"GCTATCATACTCATGG-1",4,4
"GCTATCGCGGCGCAAC-1",4,4
"GCTATGCCAGCTTATG-1",4,16
"GCTCAACCTCTTAGAG-1",4,16
"GCTCAATCCGTTTATT-1",7,7
"GCTCAATGTAATACCG-1",7,7
"GCTCATTACTGCATGT-1",8,9
"GCTCATTGATCATATC-1",5,9
"GCTCCATGAGTGCAGA-1",5,9
"GCTCCATGCAAAGCAA-1",7,7
"GCTCCCAGTCGGTCCA-1",5,9
"GCTCCGCTCGCTTCAG-1",5,9
"GCTCCGGACGTTGATA-1",9,11
"GCTCCTGACATACTGG-1",7,7
"GCTCGCGGTTCCGCTC-1",4,4
"GCTCGCTCATGTCCAA-1",5,9
"GCTCGGAATTTAAAGC-1",8,9
"GCTCTAAACCCTGACG-1",8,16
"GCTCTATGTTACGTGC-1",4,4
"GCTCTCGGGTACCGAA-1",8,16
"GCTCTTTCCGCTAGTG-1",7,7
"GCTGAACTCTCCAGGG-1",5,9
"GCTGAAGGGTTCTTGG-1",7,7
"GCTGAATCTTCCAATC-1",7,7
"GCTGAGCAACGGTTCT-1",4,16
"GCTGAGGCGTGAGTAT-1",4,4
"GCTGCACGGTTTCTTA-1",4,4
"GCTGCGAAGAATTATT-1",5,10
"GCTGCGCCTCCCACGT-1",5,3
"GCTGCTAAGTAGTCGA-1",7,7
"GCTGCTACTGCGTAGC-1",4,4
"GCTGCTCTCCGGACAC-1",3,8
"GCTGGACCCAAAGTGG-1",4,9
"GCTGGCAGGTGCCGTG-1",1,1
"GCTGGCATATTCACCT-1",4,4
"GCTGGCGGCGCATGCT-1",5,3
"GCTGGGAGCGCGTCAA-1",7,7
"GCTGGGTCCGCTGTTA-1",4,4
"GCTGGTGACTCGTAGT-1",9,15
"GCTGGTTTAGGCCATA-1",7,7
"GCTGTATTACTGGCCC-1",7,7
"GCTGTCTGTGATCGAC-1",9,7
"GCTGTTGCTACCGAAC-1",5,9
"GCTTAATGTAACTAAC-1",4,4
"GCTTACGTAGTTAGTA-1",8,9
"GCTTAGGGAAGCGGTA-1",7,7
"GCTTATGAAGCAGGAA-1",8,9
"GCTTCAGTGGGATTAC-1",9,15
"GCTTCCAGCTTAGATT-1",4,4
"GCTTCCATGTAACCGC-1",5,9
"GCTTCCCGTAAGCTCC-1",5,9
"GCTTCCGTCCCTAGAC-1",3,10
"GCTTCGACGTTCAATC-1",7,13
"GCTTGAGTGACCTCTG-1",5,3
"GCTTGATGATAATCAG-1",4,4
"GCTTGCAGCACAATTG-1",8,9
"GCTTGGATCGATTAGG-1",8,9
"GCTTTACACAACTGGG-1",5,3
"GCTTTATTAAGTTACC-1",8,9
"GCTTTCAGAGGAGGTG-1",8,9
"GGAAACCTTGTTGAAT-1",8,9
"GGAAACTAAATGGGCC-1",5,9
"GGAAAGGGAATTGAGC-1",5,9
"GGAAAGTGCCCATGCC-1",8,9
"GGAACCCGAACAAGAA-1",3,8
"GGAACCGTGTAAATTG-1",7,7
"GGAACCTTGACTCTGC-1",7,7
"GGAACGGCCTGCAGCC-1",4,2
"GGAACTTTGGCGATTA-1",5,9
"GGAAGCTCGCTTACAG-1",5,3
"GGAAGGACACCGTATA-1",8,9
"GGAATAACCTCAAGAA-1",4,4
"GGAATGCGCTAGCGTG-1",8,9
"GGACAACCATGAAGCC-1",5,9
"GGACAAGCCATGATCG-1",7,7
"GGACAAGTTGCAGTGA-1",4,16
"GGACACAAGTTTACAC-1",5,9
"GGACACCTCGGTGTTG-1",4,4
"GGACCAACAGGATAAC-1",4,4
"GGACCTACGGTAACGT-1",8,9
"GGACCTCTAGGCCGCC-1",7,7
"GGACGGCTTGCGCAAC-1",6,6
"GGACGGGCGACCAACC-1",5,3
"GGACGTCCATAGTTGG-1",4,4
"GGACTAAGTCAGGAGT-1",4,16
"GGACTCACAAATTAGG-1",5,9
"GGACTCGAAGCTTTCA-1",5,9
"GGACTCGACAGCGCAT-1",7,7
"GGACTCGTGAGTGGTC-1",7,7
"GGACTCTTCCGGTTGA-1",5,10
"GGACTCTTTGACTAAG-1",8,9
"GGAGAAGTCATTGGCA-1",4,4
"GGAGACATTCACGGGC-1",2,2
"GGAGACCAATGTGCTT-1",8,9
"GGAGACCATCTACATA-1",7,7
"GGAGACGACACCTTTG-1",4,4
"GGAGCAACATTTCAAG-1",8,9
"GGAGCACCAAGAACTA-1",8,9
"GGAGCGAGGCCTACTT-1",4,4
"GGAGGATTGAAAGGAG-1",3,8
"GGAGGCCGAAGTCGTC-1",5,9
"GGAGGCGAAGAACCGC-1",9,11
"GGAGGGCTTGGTTGGC-1",9,11
"GGAGGGTCAAGTAAGA-1",5,9
"GGAGTGCCGCCCTGGA-1",3,10
"GGAGTTGATTCTGTGT-1",5,9
"GGATACTCATGAATTG-1",4,4
"GGATCAAAGGACGAGG-1",4,10
"GGATCAGAGCCATCAG-1",4,16
"GGATCATCCCGTACGC-1",8,9
"GGATCCCTACCAGCTA-1",4,16
"GGATCCGGAATATACT-1",7,9
"GGATCTTACTGCCCTT-1",7,7
"GGATCTTGACTCAACC-1",7,7
"GGATGAAGATCGCTGA-1",5,9
"GGATGACGCGAGTTTA-1",4,4
"GGATGCTGGCGTTCCT-1",5,3
"GGATGGCTTGAAGTAT-1",8,9
"GGATGTCCTTACCGCA-1",8,9
"GGATTAAGCTAAGGTC-1",3,8
"GGATTAATCATGGACC-1",4,9
"GGATTCAGTACGGTGG-1",4,4
"GGATTCCGCTATACCC-1",8,9
"GGATTGAAGTAGCCTC-1",5,9
"GGATTGCTGTGACTCC-1",4,4
"GGATTTCACTTCTATA-1",3,8
"GGCAAAGGCGCCAATA-1",7,7
"GGCAAATTACTTTACT-1",4,4
"GGCAAGCCAGGGATAG-1",9,15
"GGCAAGCCCATAGTGG-1",4,10
"GGCAAGGCGAAATAGC-1",9,11
"GGCAATAGTCAATGAG-1",2,10
"GGCACGCTGCTACAGT-1",5,8
"GGCACTCAGCCGACCC-1",5,9
"GGCACTCCACTGGGCA-1",4,4
"GGCACTGCGGTGGTTT-1",5,9
"GGCAGAGAGATCGGGA-1",4,16
"GGCAGCAAACCTATGC-1",5,9
"GGCAGCGGTAATCCTA-1",8,9
"GGCATACAGGTAGCGG-1",4,4
"GGCATATCGGTTCTGC-1",8,9
"GGCATCAACGAGCACG-1",4,4
"GGCATTGAACATCTCA-1",4,9
"GGCCAATTGTATAGAC-1",5,9
"GGCCACAAGCGATGGC-1",4,4
"GGCCACACGAAAGCCT-1",5,2
"GGCCCAGCTGGTTTGC-1",4,9
"GGCCCAGTTATCAGCA-1",9,11
"GGCCCGGAGCATGTCT-1",5,9
"GGCCCGTATACCATGC-1",5,9
"GGCCCTCACCCACTTA-1",4,4
"GGCCGAGACTCTGGTG-1",7,7
"GGCCGCAGGAACCGCA-1",5,3
"GGCCGGCGTCTGCTAT-1",4,9
"GGCCGTTTGGGTTTCA-1",7,7
"GGCCTGCTCTGATGTT-1",4,4
"GGCCTGCTTCTCCCGA-1",5,9
"GGCCTTTGCAACTGGC-1",4,16
"GGCGAAATCTAACTTG-1",4,4
"GGCGAACCGTTCTGAT-1",7,9
"GGCGAGCATCGAGGAC-1",7,7
"GGCGAGCGAAACGGCA-1",7,7
"GGCGCACAGTTTACCT-1",5,3
"GGCGCAGGACATCTTC-1",4,7
"GGCGCATGAATTGATG-1",4,4
"GGCGCGGAGATCTTTC-1",4,4
"GGCGCGTTCGAGTTTA-1",9,15
"GGCGCTCCTCATCAAT-1",4,4
"GGCGCTTCATTCCCTG-1",4,4
"GGCGGAGTAATATTAG-1",4,4
"GGCGGGCTCTAAGAGT-1",5,9
"GGCGGTAGGATCATTG-1",2,10
"GGCGGTTTGCCGGTGC-1",4,16
"GGCGTACCCTATATAA-1",4,4
"GGCGTAGGGAAAGCTG-1",4,10
"GGCGTCCTATCCGCTG-1",4,4
"GGCTAAAGGGCGGGTC-1",8,9
"GGCTAATGATTGAAAT-1",2,10
"GGCTACTATACACTCC-1",7,7
"GGCTATTAAGTTGTAT-1",4,4
"GGCTCCTCCACCTGTT-1",7,7
"GGCTCGCGTTGAGGTA-1",8,9
"GGCTCGTGCCACCAGC-1",4,10
"GGCTCTGCTCCAACGC-1",8,9
"GGCTGAAATAGCAAAG-1",4,4
"GGCTGAGCATCGTAAG-1",4,4
"GGCTGGCAATCCCACG-1",8,9
"GGCTGGCAGCTTTATG-1",8,5
"GGCTGGCTAGCTTAAA-1",4,4
"GGCTTCTCGTGGGTGG-1",8,9
"GGCTTGGCTCTCACCT-1",8,16
"GGCTTTCAATAAGGGT-1",7,7
"GGGAAAGAATGCCAAC-1",5,9
"GGGAACCACCTGTTTC-1",8,10
"GGGAACGGGAGGTTAG-1",2,14
"GGGAACGGTTTCAGAT-1",7,7
"GGGAAGACGGTCTGTC-1",4,4
"GGGAAGGGCTTTCTCA-1",5,9
"GGGAATGAGCCCTCAC-1",8,9
"GGGAATTCTGTCCAGT-1",4,16
"GGGACAGAGTTACTCC-1",7,7
"GGGACCCGTATATCTT-1",7,7
"GGGACTGCATAGATAG-1",4,10
"GGGAGAACTCACAGTA-1",3,8
"GGGAGCGACCGTAGTG-1",8,9
"GGGAGGATGCCCGAAA-1",4,4
"GGGAGTAATGGCTGGC-1",4,10
"GGGAGTTAATGAGGCG-1",4,10
"GGGATACGGTAATAAT-1",4,16
"GGGATCCCAATACAAA-1",8,9
"GGGATGGACCCGCGTC-1",7,7
"GGGATGGTCGTAACCG-1",7,7
"GGGATTATCTCACAAC-1",2,2
"GGGATTTACCGCACCT-1",1,1
"GGGCAACCGCACGTGC-1",7,7
"GGGCACGAATTGGCCG-1",8,16
"GGGCACGTAGTACTGT-1",7,7
"GGGCACTATTGACCAT-1",7,7
"GGGCAGACGTCACTGC-1",4,16
"GGGCAGAGCAATCGTT-1",7,11
"GGGCAGGATTTCTGTG-1",7,7
"GGGCAGTCAACGCCAA-1",8,9
"GGGCATGCATGTCGAG-1",4,4
"GGGCCATTCGTGCTGG-1",7,7
"GGGCCCGTCTTAAACA-1",9,11
"GGGCCCTACGAAAGGG-1",4,16
"GGGCCCTTATCTATAC-1",8,5
"GGGCCGGCCGAAGTAC-1",8,9
"GGGCCTAAATGGGCTA-1",7,16
"GGGCCTATTTAAGTAT-1",3,10
"GGGCGAATTTCTCCAC-1",3,8
"GGGCGATATGTGTGAA-1",4,10
"GGGCGCAGCGTTACTC-1",5,9
"GGGCGGCAAATGAATT-1",7,7
"GGGCGGGTTCCCTACG-1",7,10
"GGGCGGTCCTATTGTC-1",4,4
"GGGCGTACATTTATAT-1",9,11
"GGGCGTCACCACGTAA-1",6,15
"GGGCGTCCACTGGCTC-1",8,9
"GGGCGTGGTTTCCCAG-1",4,9
"GGGCGTTTACATTCAT-1",7,7
"GGGCTACTATTTCGTG-1",7,7
"GGGCTATGATCGATGG-1",7,7
"GGGCTCATCGAACCCA-1",8,9
"GGGCTGCCTAGGGCGA-1",4,7
"GGGCTGGTTAGTCGCG-1",4,10
"GGGTAATGCTGTGTTT-1",4,4
"GGGTACACTCTGGAGG-1",4,7
"GGGTACCCACGGTCCT-1",4,4
"GGGTACTTCATGAACT-1",4,10
"GGGTATGTATGCACTT-1",4,4
"GGGTATTCTAGCAAAC-1",7,7
"GGGTCACCGTGACGGT-1",4,4
"GGGTCACTGAGTAGTG-1",6,15
"GGGTCAGGAGCTAGAT-1",7,7
"GGGTCATGCGTACCAT-1",4,4
"GGGTCCTTGGAAGAAG-1",7,7
"GGGTCGTGGCAAGTGT-1",8,9
"GGGTCTATCGCTTTCC-1",5,9
"GGGTGACACCTTAACT-1",4,4
"GGGTGCATATGAAAGC-1",8,9
"GGGTGGTCCAGCCTGT-1",4,4
"GGGTGTTTCAGCTATG-1",5,10
"GGGTTAACATTTGAGT-1",7,7
"GGGTTCAGACGAACAA-1",4,4
"GGGTTTAGGATAGGAT-1",5,9
"GGGTTTCCGGCTTCCA-1",4,4
"GGTAAACTCTGCGCTG-1",5,9
"GGTAAATGTGCGTTAC-1",8,9
"GGTAACCGGCAAAGGT-1",8,5
"GGTAACCGGGAGGATA-1",7,7
"GGTAACTATGTATCTG-1",4,10
"GGTACAAACATGCTAT-1",4,4
"GGTACACCAGATTTAT-1",5,9
"GGTACATCTGGGACGA-1",4,16
"GGTACCATTAAGACGG-1",8,9
"GGTACGTTGCGGCCGG-1",5,9
"GGTACTAAGTGCTTTG-1",5,9
"GGTAGAAGACCGCCTG-1",4,4
"GGTAGACCGTTGGGCG-1",7,7
"GGTAGGCCAATATCAC-1",4,9
"GGTAGTGCTCGCACCA-1",3,10
"GGTATAGTGACACATA-1",8,9
"GGTATCAAGCATAGAA-1",4,4
"GGTATGAAAGAACTGA-1",4,16
"GGTATTGCCGAGTTTA-1",4,4
"GGTCAAGACTACTTCG-1",5,9
"GGTCACGTTAGATTCA-1",9,13
"GGTCAGTGGGTCCCAC-1",4,10
"GGTCATTGTAGTCATA-1",7,4
"GGTCCACGTCTATTTG-1",9,11
"GGTCCCATAACATAGA-1",6,11
"GGTCCTTCATACGACT-1",4,16
"GGTCGGATAAACGGCG-1",8,9
"GGTCGGCCAGGAGCTT-1",8,10
"GGTCGGTAATTAGACA-1",4,4
"GGTCGGTCGTCCACAG-1",7,7
"GGTCGTAAGCTCGCAC-1",7,7
"GGTCTCCAAGTAGTGC-1",5,9
"GGTCTCCGTCCAGGTT-1",5,9
"GGTCTCTGAATGGACT-1",7,7
"GGTCTGAGAATCTGGA-1",5,9
"GGTCTTGAGCGCTCTT-1",2,2
"GGTCTTGGTGTTAACT-1",8,5
"GGTGAAACCGGGAATG-1",4,4
"GGTGAACGGGCTAGCC-1",4,10
"GGTGAAGTACAGGGAT-1",7,7
"GGTGACTGATAGAGAG-1",5,3
"GGTGAGATGCAGATAA-1",4,4
"GGTGATAAGGAGCAGT-1",4,10
"GGTGATGAAGGAAGTG-1",4,16
"GGTGATTTCATCTTGT-1",4,10
"GGTGCAGAGCCTATCG-1",4,10
"GGTGCATAAATGATTA-1",7,7
"GGTGCGGATAAGTGGC-1",4,4
"GGTGCTGATCACAAAG-1",3,8
"GGTGCTGGTACACATT-1",4,8
"GGTGGACCACGTGTTA-1",7,7
"GGTGGACTGCTCTGGC-1",4,4
"GGTGGAGGTTGATACG-1",5,9
"GGTGTAAATCGATTGT-1",4,4
"GGTGTAGGTAAGTAAA-1",7,7
"GGTGTTCTGTTTCTAC-1",7,7
"GGTGTTGGGCGTCTTA-1",5,9
"GGTTACCACCCTCGGG-1",7,7
"GGTTACCCGACACTTT-1",5,3
"GGTTAGCTATATGTCT-1",4,4
"GGTTAGGCTTGGAGAA-1",4,4
"GGTTAGTTACGGCGCC-1",4,4
"GGTTCCACCCGCTTCT-1",9,7
"GGTTCGCATTTGCCGT-1",5,8
"GGTTCGGATTATACTA-1",4,16
"GGTTCTACTCGTCTGA-1",8,9
"GGTTGTATCGTGAAAT-1",4,4
"GGTTGTGCTCTTGTCC-1",4,7
"GGTTGTGTAGCCTGGC-1",4,14
"GGTTTAATTACCATCG-1",7,15
"GGTTTAATTGAGCAGG-1",5,9
"GGTTTACAATCTCAAT-1",8,5
"GGTTTAGCCTTTCTTG-1",5,9
"GGTTTCAATCGGTCAG-1",8,9
"GGTTTGACAAGAAGCT-1",4,10
"GGTTTGAGTGCTGGAA-1",4,4
"GGTTTGCGAACACGTA-1",7,9
"GGTTTGTGACCTGAGG-1",5,9
"GTAACAACTGACCTTG-1",9,15
"GTAACATCTAAGATAA-1",5,9
"GTAACTGCCCAAGGAG-1",7,7
"GTAACTTGCGGCAGTC-1",4,4
"GTAAGCGGGCAGTCAG-1",5,10
"GTAAGGATTTGTCGGA-1",8,9
"GTAAGTAACAGTCTGG-1",4,10
"GTAAGTAGGGTATACC-1",4,4
"GTAAGTCCACACTCTA-1",5,9
"GTAATAAAGGGCTCCC-1",8,9
"GTAATCTGATTCTTCG-1",7,7
"GTACACTTACCTGAAG-1",4,4
"GTACAGAGGCAAGGGT-1",2,10
"GTACGACGGCGCTGCG-1",4,4
"GTACGAGATTGCGACA-1",4,4
"GTACGCTTCATTGCAC-1",4,4
"GTACGTTTGCCCGTCA-1",4,4
"GTACTAAGATTTGGAG-1",9,10
"GTACTACGGCCTCGTT-1",8,9
"GTACTCCCTTATCGCT-1",4,4
"GTACTCCTGGGTATGC-1",3,8
"GTACTGAGGTCGTAAC-1",4,4
"GTACTGCATGAAGCGT-1",4,4
"GTACTGGAGTTAGACC-1",8,9
"GTACTTGGGCACTTCT-1",4,4
"GTAGAAACGGGTGGAG-1",4,4
"GTAGACAACCGATGAA-1",4,4
"GTAGACACGCCTGACT-1",4,16
"GTAGACGTCGTTACAT-1",4,4
"GTAGAGGGAGACAAGT-1",7,7
"GTAGCCAAACATGGGA-1",4,4
"GTAGCGCTGTTGTAGT-1",4,10
"GTAGCGGCTATACACT-1",4,4
"GTAGCTAGTAAGCGCG-1",4,4
"GTAGCTCCGGGAGGCT-1",7,7
"GTAGCTTCCTCTTGTT-1",8,9
"GTAGGTGATCCGTGTA-1",8,5
"GTAGTCGCGGGAATCA-1",4,4
"GTAGTCTACGATATTG-1",4,4
"GTAGTGAGCAACCTCA-1",5,9
"GTAGTTAGACAATATA-1",6,15
"GTAGTTCGAAGGCGAA-1",7,7
"GTAGTTTAAGCACACG-1",9,10
"GTATAATCTCCCGGAT-1",4,16
"GTATAGGACTCAGTAG-1",2,10
"GTATAGTGGCCCATGT-1",7,7
"GTATATGTTACGGCGG-1",4,4
"GTATCAAACGTTAGCT-1",5,10
"GTATCAAGGTACTTCC-1",4,9
"GTATCAGCTTGGGTTC-1",4,4
"GTATCCTTTGGTAACC-1",8,9
"GTATCGGGACGAGCTG-1",4,10
"GTATCTCAGTCTTGAC-1",7,7
"GTATCTCCCTAACTGT-1",4,3
"GTATCTCGGGCGCTTT-1",9,13
"GTATCTTGTTGCTCAC-1",4,4
"GTATCTTTCATAACCA-1",4,4
"GTATGAAATTTCACTC-1",7,7
"GTATGACGTGGGAAAC-1",4,4
"GTATGTGGGTCTAGTT-1",3,8
"GTATTAAGGCGTCTAA-1",2,2
"GTATTAGGGTTCGCGT-1",7,7
"GTATTCTGAGAAACGA-1",7,7
"GTATTCTTACCGTGCT-1",4,4
"GTATTTAATGGCATAA-1",5,9
"GTCAAAGAAGTGGTGT-1",7,7
"GTCAAAGTTTACATAG-1",4,4
"GTCAACCAGGCCTATA-1",5,9
"GTCAAGCGGACTCGGG-1",4,4
"GTCAATGCTATAATTT-1",8,9
"GTCAATTGTACTGAAG-1",4,4
"GTCACAAAGTTTCCAA-1",4,4
"GTCACCTGTCTATGTC-1",7,7
"GTCACTCATGAGCGAT-1",7,7
"GTCACTCTCCAAATCT-1",4,4
"GTCAGAATAGTCTATG-1",4,10
"GTCAGACAGCGTTGGA-1",8,5
"GTCAGTTGTGCTCGTT-1",2,14
"GTCAGTTTGGTAGTCG-1",4,16
"GTCATCTCCTACAGCT-1",4,16
"GTCATGCACCTCCGTT-1",4,10
"GTCATGCGCGAGGGCT-1",5,9
"GTCATGGACATGACTA-1",8,10
"GTCATTAGAGCGAACG-1",3,8
"GTCATTGCATTGACCC-1",4,16
"GTCCAATATTTAGCCT-1",7,7
"GTCCACGTCGCATTCG-1",5,9
"GTCCAGGCACGTGTGC-1",7,7
"GTCCATTACTGCTACG-1",5,9
"GTCCCAACGTAAAGTA-1",3,10
"GTCCCAATCATCCCGC-1",4,16
"GTCCCGCGACGTTATG-1",4,4
"GTCCGAGAGCAATCAT-1",4,16
"GTCCGGACCTGAAATT-1",4,4
"GTCCGGCTGAATTGCG-1",4,10
"GTCCGGGTTCACATTA-1",4,4
"GTCCGTTAGAGGGCCT-1",8,9
"GTCCTACAGGCGGCTC-1",4,4
"GTCCTACGAATAGTCT-1",4,4
"GTCCTACTCTACGGGC-1",4,16
"GTCCTAGGATACCTTA-1",7,7
"GTCCTATTGTTGTGGT-1",4,16
"GTCCTTCTACAACCCA-1",4,16
"GTCCTTCTAGTGGGTT-1",5,9
"GTCCTTTAATGACTTC-1",9,11
"GTCGAATTTGGGCGCT-1",7,10
"GTCGATAGGTGACTTT-1",5,9
"GTCGCCGTTGTGTGTT-1",7,7
"GTCGCGTAACCCGTTG-1",4,4
"GTCGGAAGGATACCAG-1",9,13
"GTCGGATATCTCAGAC-1",4,4
"GTCGGATGTAGCGCGC-1",8,10
"GTCGGGAACATGGTAG-1",4,16
"GTCGGGAAGCAGAAAC-1",4,4
"GTCGGGTGAAGTACCG-1",5,3
"GTCGTACCATCTCGGG-1",4,11
"GTCGTACCTACGATTG-1",4,16
"GTCGTATTGGCGTACA-1",8,9
"GTCGTCAATTATAAGG-1",4,4
"GTCGTCTGGTTGGCTA-1",5,3
"GTCGTGTCTGGTCATC-1",8,11
"GTCGTTATTCGCTTAT-1",4,4
"GTCTAAGATGCCCAGC-1",6,15
"GTCTACTCAATTACAA-1",4,16
"GTCTAGTGAGCCGCTT-1",8,9
"GTCTATACACGCATGG-1",4,9
"GTCTATCTGAGTTTCT-1",4,16
"GTCTATTGCATGCTCG-1",5,9
"GTCTATTGGTTCCGGT-1",4,4
"GTCTCAAGGCCCGGCT-1",4,4
"GTCTCCCGAGTCCCGT-1",5,9
"GTCTCCGCCTCAATAC-1",4,16
"GTCTCCTGCCAGTATG-1",7,7
"GTCTCGACTAAGTTTG-1",8,9
"GTCTCGATCTGCTTTC-1",8,9
"GTCTCGCCAACACGCC-1",4,4
"GTCTGCCGACTCGACG-1",8,9
"GTCTGGGCGGTCGAGA-1",4,9
"GTCTGTAGGTTGAACA-1",7,7
"GTCTTAGTACAGCCGG-1",8,9
"GTCTTCCTCACCTAAG-1",8,5
"GTCTTGAGGAGCAGTG-1",5,9
"GTGAAACGGCGCCACC-1",8,9
"GTGAAACGTGCTCCAC-1",4,4
"GTGAACTCCCATTCGA-1",8,9
"GTGAAGATTTCAAGTG-1",8,9
"GTGAAGCCGTATAGTC-1",8,9
"GTGAAGTCACGACTCG-1",7,7
"GTGACAGCTTCCCACT-1",4,4
"GTGACCGCACACTACG-1",8,9
"GTGACCTAAAGAATAA-1",5,3
"GTGACGAGGGTGACCC-1",5,9
"GTGACGCAGGTTTCAT-1",4,4
"GTGACTTCAGTAGTGC-1",5,10
"GTGAGATAACCTTATA-1",7,7
"GTGAGCGTGCTGCACT-1",4,4
"GTGAGGACACTTAAGG-1",4,4
"GTGAGGAGCGGTTGAG-1",8,9
"GTGAGTCGACTAATAG-1",5,3
"GTGAGTCTAAGACGGA-1",4,4
"GTGAGTGGTACAACGC-1",7,7
"GTGATCAAGCGTGCAC-1",6,15
"GTGATCACTAACGCCT-1",5,9
"GTGATCATAGATCTGC-1",9,13
"GTGATCCTTGTCATGA-1",5,9
"GTGATGCACAACATCT-1",8,9
"GTGATTCGCCGCTCAA-1",7,7
"GTGCAACAAATGTGGC-1",5,16
"GTGCACCAGCTTCAAC-1",7,7
"GTGCACGAAAGTGACT-1",8,5
"GTGCAGCGTAGAGTAG-1",5,9
"GTGCCATCACACGGTG-1",2,10
"GTGCCCGTTCGGATTC-1",7,13
"GTGCCGCTTCAAAGGT-1",4,7
"GTGCCTAGCTATGCTT-1",4,16
"GTGCCTCAGTGTACGG-1",8,10
"GTGCCTGAGACCAAAC-1",8,9
"GTGCGAAATCGAACAC-1",4,4
"GTGCGACAGGGAGTGT-1",8,9
"GTGCGCAGCTTGCTCC-1",4,3
"GTGCGCTTACAAATGA-1",4,4
"GTGCGGGACCATCGGC-1",4,4
"GTGCGGGTCTCCAAAT-1",4,9
"GTGCGTGTATATGAGC-1",4,4
"GTGCTATCCAGCTGGA-1",4,4
"GTGCTCAAGTACTGTC-1",4,4
"GTGCTGCAGATAAGGA-1",4,16
"GTGCTGTTAGAACATA-1",8,9
"GTGCTTACATCAGCGC-1",5,9
"GTGGAACCTACATGCG-1",2,14
"GTGGACCAACCCGATT-1",7,7
"GTGGACGCATTTGTCC-1",1,1
"GTGGACGTGCTGAGAC-1",4,4
"GTGGAGCATGTCGGCC-1",5,9
"GTGGAGCGTTTACCGA-1",7,7
"GTGGAGTCGGCGGTTG-1",7,7
"GTGGCAAACAGCGGCA-1",7,7
"GTGGCCGGTTTCTCGG-1",7,7
"GTGGCCTAATATCATT-1",4,16
"GTGGCGGGCCGTAGCT-1",4,4
"GTGGCGGTCCCAGCGT-1",7,7
"GTGGCTGTTTCTGTTC-1",8,9
"GTGGGAACAAACCGGG-1",7,7
"GTGGGAAGACTGAATC-1",7,7
"GTGGGCTTAGACACAC-1",4,4
"GTGGGTACTGAGCGTA-1",4,16
"GTGGGTCTTCTTTGCG-1",4,4
"GTGGTATAGTCTGCCG-1",7,7
"GTGGTCAGCGAAGTAT-1",4,4
"GTGGTGATGGTTTGTG-1",5,9
"GTGGTGGCCAAGTGAA-1",4,4
"GTGGTTACTTCTTTCG-1",8,9
"GTGGTTTCCGCCTTTC-1",7,7
"GTGTACCTTGGCTACG-1",8,10
"GTGTACGAACCGTTCC-1",5,9
"GTGTATATCAGCGGGC-1",4,4
"GTGTATGACTTTAAAG-1",3,10
"GTGTCAGTGTACGTGG-1",7,7
"GTGTCCGATAAGGCAT-1",7,7
"GTGTCGTATAGCGTTC-1",4,4
"GTGTCGTATTCACCTT-1",7,7
"GTGTGAATAACTTAGG-1",8,10
"GTGTGAGCCGAGGTGC-1",7,10
"GTGTGTCGACGTCGCT-1",4,16
"GTGTTACTATGCGTCC-1",4,4
"GTTAAAGTAGGACTGG-1",4,4
"GTTAACATCACTTAAA-1",4,4
"GTTAACTATGTTGTCA-1",5,9
"GTTAAGGGTGCGATGT-1",4,4
"GTTAAGTTAGAGTGGG-1",5,9
"GTTAATGTCTATCTTA-1",4,16
"GTTACAATTGGTGACG-1",4,4
"GTTACCAAGGCGTACG-1",5,3
"GTTACCTACAACTTGC-1",4,4
"GTTACGAAATCCACGC-1",4,4
"GTTACGGCCCGACTGC-1",3,8
"GTTACTTTGGGCCTAG-1",4,4
"GTTAGAGTGTGCCGCT-1",9,13
"GTTAGCCCATGACATC-1",4,4
"GTTAGCCGTAAATCAA-1",8,9
"GTTAGGCTACCCGTTT-1",7,7
"GTTATAATACGGTGAA-1",5,9
"GTTATATCAGGAGCCA-1",8,9
"GTTATATTATCTCCCT-1",9,13
"GTTATCAAGCTATCGA-1",5,9
"GTTATCACCTTCTGAA-1",4,4
"GTTATTAAATACGACC-1",7,7
"GTTATTAACGTGGGAG-1",4,4
"GTTCAAATCAGATGTC-1",5,3
"GTTCAATCTATGTCAA-1",5,3
"GTTCACAGGAGTCTAG-1",4,5
"GTTCAGTCGCCAAATG-1",4,4
"GTTCATCGTTTGGCTG-1",8,9
"GTTCCAAGACAGCGAC-1",4,4
"GTTCCAGTCTGACCAT-1",9,11
"GTTCCCGTAAACATAT-1",5,9
"GTTCCGTCCGCCTGCA-1",7,7
"GTTCGACAATTGTATA-1",7,7
"GTTCGCCATAAGTGCC-1",4,4
"GTTCGCTGAGACGTCT-1",5,9
"GTTCGGAGCACTCAAC-1",5,9
"GTTCGGATCGGGAACA-1",5,9
"GTTCGGGCGTACCATT-1",8,9
"GTTCGGTGTGGATTTA-1",8,5
"GTTCGTCTAAAGAACT-1",4,11
"GTTCGTCTGGGTCCCT-1",8,9
"GTTCGTTGCGGACCAG-1",8,9
"GTTCTTCCCTCGATGT-1",3,8
"GTTCTTGTAACTCAAT-1",4,9
"GTTGAACCGGTTCCAT-1",2,2
"GTTGAGTCCCGCCGGT-1",4,4
"GTTGCACGGAGTTTCG-1",4,4
"GTTGCAGTCGACAACA-1",5,10
"GTTGCGCTAACATTAC-1",5,9
"GTTGCGGACGGTCAGG-1",5,9
"GTTGGACCGCATCAGG-1",8,9
"GTTGGATTCAGTGGCT-1",8,9
"GTTGGATTGAGAACAC-1",8,9
"GTTGGATTTGCGTTGG-1",4,4
"GTTGGTCATGCTATCC-1",7,7
"GTTGTAGATTTATGAG-1",4,10
"GTTGTCGTGTTAGTTG-1",4,10
"GTTGTTACATTGCGCT-1",9,7
"GTTGTTGCAAGATGGC-1",5,9
"GTTTACGTTCCATCTG-1",4,4
"GTTTATGGGATTTAGA-1",4,4
"GTTTCAAACGAGTTGT-1",5,9
"GTTTCATATCGTCGCT-1",4,9
"GTTTCCTGGAGGGTGA-1",4,10
"GTTTCTAGAGGCGCGG-1",8,9
"GTTTCTGCAGTCTCCC-1",4,4
"GTTTGACCAAATCCTA-1",4,10
"GTTTGAGCGGTTATGT-1",5,3
"GTTTGGCCCAAGTTAT-1",4,4
"GTTTGGCCGCTCAGCG-1",4,10
"GTTTGGGCTTGTGAGC-1",4,11
"GTTTGGGTTTCGCCCG-1",5,9
"GTTTGGTAGGGTCAAC-1",7,3
"GTTTGGTGATCGGTGC-1",7,7
"GTTTGTTAGCCAAGTA-1",4,16
"TAAACCCAGGAGGGCA-1",7,7
"TAAACGTCGTCAATGA-1",4,16
"TAAAGACAACCCTTTA-1",5,9
"TAAAGAGCCCGAAACC-1",4,4
"TAAAGCGGTATTTCCA-1",7,7
"TAAAGCGTTAGGAGAA-1",8,9
"TAAAGCTGCAATAGGG-1",8,9
"TAAAGGAGAAACTAGT-1",9,13
"TAAAGTGCACGTCTCG-1",7,7
"TAAATCTTTACACCTC-1",5,9
"TAAATGAATCCGTTTC-1",4,4
"TAAATGCCGTCTCATG-1",4,4
"TAAATGGGCTACTGAG-1",5,3
"TAAATTGTGGGTAAAG-1",1,1
"TAAATTTAGTAACACC-1",7,7
"TAACAAAGGGAGAAGC-1",4,4
"TAACAATATTTGTTGC-1",4,4
"TAACAGCGTTTGTGCT-1",7,7
"TAACAGGTTCCCTTAG-1",4,9
"TAACATACAATGTGGG-1",4,4
"TAACATACACGCGATC-1",7,7
"TAACCGCCCGCAGTGC-1",4,16
"TAACCGTCCAGTTCAT-1",4,4
"TAACCTACCGTCCGAG-1",8,9
"TAACCTAGGGAGTCCA-1",8,9
"TAACGCTTTGAGAGCG-1",4,10
"TAACTATCGAAGGTCC-1",4,4
"TAACTATTACGCCAAA-1",8,9
"TAACTCATCCGCGCGG-1",4,4
"TAACTCCATGGAGGCT-1",4,3
"TAACTGAAATACGCCT-1",7,10
"TAAGAGGGACAGGGAC-1",7,11
"TAAGATTTAGCGGGAG-1",5,3
"TAAGCAGGCGACACGC-1",7,7
"TAAGCCCTTACGACCA-1",4,4
"TAAGCGCGAATCAAAT-1",7,10
"TAAGGAACTTGTGGGA-1",4,4
"TAAGGCAACATAAGAT-1",8,5
"TAAGGCATAACATCAA-1",7,7
"TAAGGCCCGTCACCCT-1",4,7
"TAAGGCTGAATCCCTC-1",5,10
"TAAGGGCCTGTCCGAT-1",7,7
"TAAGGGCTGGGAGAGG-1",2,14
"TAAGTAAATGTGCCGC-1",3,8
"TAAGTAACATCTTGAC-1",7,3
"TAAGTCGCCGAGTATC-1",7,7
"TAAGTGAATAGTCTAC-1",9,13
"TAAGTTGCGACGTAGG-1",5,9
"TAATAAACAAGGAGAT-1",8,9
"TAATACACAGTAGTAT-1",5,8
"TAATACTAGAACAGAC-1",8,9
"TAATAGAACAGAGTTA-1",7,7
"TAATAGCTAAATGATG-1",5,9
"TAATAGGTCACCAGAA-1",7,7
"TAATAGTGACGACCAG-1",8,9
"TAATATTGAAATTCGC-1",5,3
"TAATCAACCAAATGGG-1",5,9
"TAATCGATCCGTACGT-1",8,9
"TAATGAAAGACCCTTG-1",4,2
"TAATTACGTCAGTAGA-1",5,9
"TAATTAGATGGATATG-1",4,4
"TAATTAGGACATCCGT-1",5,9
"TAATTCCAATGCTTCA-1",5,3
"TAATTGCGCTGATTAC-1",7,10
"TAATTGGAATCGGGAA-1",8,9
"TAATTTCCGTCCAGTA-1",4,16
"TACAAATTGCGGAGGT-1",7,7
"TACAACAGCGCATACA-1",5,8
"TACAACGCACAACTCA-1",4,4
"TACAAGCTGTTCACTG-1",4,4
"TACAAGGGCTTCTTTA-1",8,9
"TACAAGTCTCGTGCAT-1",2,2
"TACAATGAAACCAGCA-1",4,2
"TACACAGCCGTGGTGC-1",5,9
"TACACCGTCGTTAGTC-1",5,9
"TACACCTCTTCGAATC-1",8,9
"TACAGAAACGGTGGGC-1",4,4
"TACATAGGCATACACC-1",4,4
"TACATCCCTATCCCTG-1",7,7
"TACATCTTGTTTCTTG-1",4,16
"TACATGACCTTATCCG-1",4,16
"TACATGCCGGAATTGT-1",5,9
"TACATTTCTAACGTGC-1",4,4
"TACCAAATAGCCCAGA-1",4,16
"TACCAATAAAGTACCA-1",4,4
"TACCAGAAGTAGGTTC-1",4,4
"TACCAGCTAGGTTTAA-1",9,12
"TACCAGGAATCCCGTC-1",7,7
"TACCATGTATTGATTT-1",5,9
"TACCCTCGGTAACCCT-1",5,3
"TACCGAATAATTGTAA-1",8,9
"TACCGCGGACTTGCAG-1",8,9
"TACCGGCTCACTGCCC-1",4,4
"TACCGGTCGTTTCCAT-1",7,7
"TACCGTAGGTTAACTA-1",7,7
"TACCGTGCCTCGGACC-1",4,4
"TACCTACTCCCAGTAT-1",4,4
"TACCTATCCCTAGAGG-1",4,16
"TACCTCACGCTTGTAC-1",4,10
"TACCTCAGTTGTCTGT-1",7,7
"TACCTCCACACCAATG-1",7,7
"TACCTCTTTACCATCC-1",5,3
"TACCTGCTGCACTGTG-1",4,4
"TACCTTAAGATTTCCC-1",7,7
"TACGAACACGACTTCA-1",4,4
"TACGACGCTTGCTGCG-1",3,10
"TACGACTGCCTCTTAG-1",4,4
"TACGAGAACTTCACGT-1",4,10
"TACGATGTTGATCATC-1",2,14
"TACGCAGTTCTTTCCT-1",4,4
"TACGCCATATTCTAAT-1",4,4
"TACGCCGAGGGTACCC-1",7,7
"TACGCCGCCTCAGAAG-1",5,9
"TACGCCTCCATTCCGA-1",4,4
"TACGCTATAGAAACCT-1",8,9
"TACGCTCCTAGAACTG-1",5,9
"TACGCTCGGTATTGGA-1",5,9
"TACGCTGCTGTGTTAA-1",7,7
"TACGGAAGCCAAACCA-1",4,9
"TACGGCATGGACGCTA-1",5,9
"TACGGGATGCTAGCAG-1",8,9
"TACGGGTAATAACATA-1",8,9
"TACGTAAAGCGGAGTG-1",5,9
"TACGTACTAGTGCTGA-1",7,7
"TACGTGCAAGGTTCCT-1",5,3
"TACGTGCACTATGCTG-1",3,8
"TACGTGGGCCCAGGGC-1",8,9
"TACGTTTACCGGCAAT-1",3,10
"TACTACGTGCAATGCG-1",8,9
"TACTATGGTTCCTCAG-1",7,7
"TACTCACAACGTAGTA-1",8,5
"TACTCCTCTAGTTGAC-1",7,7
"TACTCGGCACGCCGGG-1",4,16
"TACTCGTTTGAATCAA-1",8,9
"TACTCTCCGAACAAAT-1",8,9
"TACTCTTACTTTACTG-1",5,9
"TACTCTTTCGTCTTCA-1",7,7
"TACTGAACAGATTTAG-1",7,7
"TACTGAGGGAAGAAAG-1",7,7
"TACTGCAATCAATTAC-1",8,9
"TACTGGACAGCTCGGC-1",4,4
"TACTGTTTCTCTGGTA-1",5,9
"TACTTAAACATGTACA-1",5,9
"TACTTGTTAGTAGTCC-1",8,9
"TACTTTACTGAGCCGG-1",8,9
"TACTTTCCGCACGCCA-1",7,3
"TAGAAACCACTAAGTA-1",4,4
"TAGAAAGGTGGCGCTA-1",3,8
"TAGAAATTCACGTATA-1",4,16
"TAGAACGCCAGTAACG-1",5,12
"TAGAAGAAGGGTTACA-1",5,3
"TAGAATAGCCGATGAA-1",5,9
"TAGAATTAAGGGCAAC-1",3,10
"TAGACGAAACGCCAAT-1",4,4
"TAGACGCCCGTACCGG-1",8,9
"TAGACTACCTAGCGTT-1",8,9
"TAGACTCAGTTGGCCT-1",7,7
"TAGAGATCATGCAACT-1",7,7
"TAGAGCTACGAAGAAC-1",2,14
"TAGAGGGAGTTTATCT-1",4,4
"TAGAGGTTCTACTTGT-1",5,9
"TAGAGTCTAAGCGAAC-1",4,4
"TAGAGTGTTCCGGGTA-1",5,9
"TAGATATGGACTGGAA-1",2,10
"TAGATCCGAAGTCGCA-1",1,14
"TAGATGGTTCCTTACT-1",5,9
"TAGATTCAAAGTGCGG-1",7,7
"TAGATTCCTGGTTATT-1",3,8
"TAGCAACCTGTCACAA-1",4,4
"TAGCAGATACTTAGGG-1",8,9
"TAGCAGTATGACTAAA-1",8,9
"TAGCCAGAGGGTCCGG-1",4,16
"TAGCCATTTCAAAGTC-1",4,4
"TAGCCGGCGGTCAGCG-1",8,10
"TAGCGTCCCTCGATTG-1",5,9
"TAGCGTCCGGTGTGGT-1",4,4
"TAGCGTCGAATATTGA-1",4,16
"TAGCGTTGGGTCTTAC-1",4,10
"TAGCTAAGTCCGGGAG-1",4,4
"TAGCTAGAAGGCATGA-1",7,7
"TAGCTAGTGATGATGG-1",7,7
"TAGCTCAGATCCTAGT-1",7,7
"TAGCTCGCCTGATAAC-1",7,7
"TAGCTGATGTGAAGCG-1",3,10
"TAGGAACAGCCTCCAG-1",2,2
"TAGGAGGCTCGAGAAC-1",5,3
"TAGGATCTTAACCGCA-1",5,9
"TAGGCATGTTACGCCA-1",8,9
"TAGGCCTATATAGTCT-1",5,9
"TAGGCGATGAGGTCTC-1",7,7
"TAGGCGGCTGCAAAGA-1",7,7
"TAGGCTAAAGTGGCAC-1",8,9
"TAGGGAGCTTGGGATG-1",8,10
"TAGGGTGTTTCAAGAG-1",9,10
"TAGGTCCAAGTAAGGA-1",4,4
"TAGGTCGCCGGAACTG-1",8,9
"TAGGTGACGATAACCT-1",4,9
"TAGGTGAGCCCTACTC-1",4,4
"TAGGTGCTCGCCTAGC-1",2,14
"TAGGTGTTCCACAGAT-1",7,7
"TAGGTTCGAGTTCGTC-1",3,10
"TAGGTTCTGCTGAGAA-1",4,4
"TAGTACCACAACTTTC-1",7,7
"TAGTACCTTAGTGGTC-1",2,10
"TAGTAGCTTATACCAG-1",7,7
"TAGTAGTTGCCGGACA-1",5,9
"TAGTCCCGGAGACCAC-1",7,7
"TAGTCCGCAGAGAATG-1",4,4
"TAGTCCGTATGCATAA-1",4,16
"TAGTCCTGCACTAAGC-1",7,7
"TAGTCGATCACGGGTT-1",5,9
"TAGTCGGGATTCTTCG-1",3,8
"TAGTCTAACAACGAGA-1",4,4
"TAGTCTGCGGCACATT-1",7,7
"TAGTCTGTGACGTTGC-1",8,9
"TAGTCTTTCCGAATTG-1",5,9
"TAGTGAGAAGTGGTTG-1",4,4
"TAGTGCCCTCCAGAGT-1",4,10
"TAGTGCTTGAATCCTT-1",8,2
"TAGTGGAACTCATACA-1",2,14
"TAGTGTCAGAAACGGC-1",5,3
"TAGTTAAGATAGGATA-1",8,9
"TAGTTTATTCTTGCTT-1",4,10
"TATAAATCCACAAGCT-1",4,4
"TATAAGTGAGGATAGC-1",4,10
"TATACACAGACGCCTT-1",7,7
"TATACACGCAAAGTAT-1",4,4
"TATACCGAGTGCCACA-1",5,9
"TATACGCGTCATCACT-1",4,4
"TATACTCATGCGGCAA-1",4,4
"TATAGAGTCGCTTGAA-1",7,7
"TATAGATGGTCGCAGT-1",8,9
"TATAGCGCACGTTATC-1",7,7
"TATAGGGTACTCATGA-1",2,2
"TATAGTTAGGTGTACT-1",7,11
"TATATAGGGCTTTACG-1",7,7
"TATATATCGAGAAATG-1",7,7
"TATATCAAAGTGATCT-1",7,7
"TATATCATTGATCAGT-1",4,2
"TATATCCCTGGGAGGA-1",8,9
"TATATGCTGGGTTGCC-1",4,16
"TATATTACAAATGTCG-1",8,9
"TATATTCGCGTCGATA-1",4,10
"TATCAAAGGTCTGTAA-1",4,16
"TATCACAGCACGGGCA-1",4,4
"TATCACCATGTAAAGT-1",4,4
"TATCACCCAACCGACC-1",8,9
"TATCACTTCGAGTAAC-1",8,9
"TATCAGTGGCGTAGTC-1",7,7
"TATCCAATTGGTTATC-1",4,4
"TATCCATATCATGCGA-1",4,16
"TATCCATCTCGGTTAG-1",7,7
"TATCCCTCGATCTGCA-1",8,9
"TATCCGCACCGTCGGG-1",7,7
"TATCCTATCAACTGGT-1",4,4
"TATCCTGCATGGGAAT-1",3,10
"TATCGATCTATGCATA-1",8,9
"TATCGATGATTAAACG-1",2,2
"TATCTACAGAGGTAAT-1",4,4
"TATCTACCACAGCGGG-1",2,14
"TATCTAGCCTAAAGGA-1",4,16
"TATCTGAGCCGATATT-1",7,7
"TATCTTGCAATACAAC-1",7,7
"TATGAAGAATTAAGGT-1",8,9
"TATGAAGACAGGTGCG-1",4,10
"TATGACCTTGCGCTGG-1",4,16
"TATGATAAATCTAACG-1",4,4
"TATGATCCGGCACGCC-1",5,9
"TATGATCTTCTCTTTA-1",4,4
"TATGATTCTGCTTGGT-1",4,4
"TATGCTCCCTACTTAC-1",8,5
"TATGGAGTTTCTCGTT-1",4,11
"TATGGATGTGCTACGC-1",9,11
"TATGGCAGACTTTCGA-1",4,4
"TATGGCCCGGCCTCGC-1",4,4
"TATGGCTAGGCTAATT-1",5,9
"TATGGGACCGAGCAGG-1",4,10
"TATGGGTACGTATCGT-1",4,10
"TATGGTCTGAGTAACA-1",4,4
"TATGGTTAGTGGGAGA-1",8,9
"TATGTAAAGTGCTTAA-1",7,7
"TATGTAGAAACCCGGC-1",7,7
"TATGTCAAGACCGACT-1",8,9
"TATGTCTCATTGTGCC-1",3,9
"TATTAACACCAAAGCA-1",7,7
"TATTAACCTGACCGCG-1",7,7
"TATTACCATCCTGCTT-1",8,9
"TATTATGTTTGCCTGC-1",7,7
"TATTCAATTCTAATCC-1",9,11
"TATTCCACTCAGCTCG-1",9,13
"TATTCCGAGCTGTTAT-1",4,4
"TATTCCGGCAGTCCTA-1",4,4
"TATTCCTCCGCCCACT-1",7,7
"TATTCGTGCCAGAATA-1",9,11
"TATTGACATTTCTGCC-1",5,9
"TATTGCCGGGCTTGTA-1",5,9
"TATTTAGTCTAGATCG-1",5,10
"TATTTATACCGAGTAG-1",8,10
"TATTTGATTTGCACAG-1",5,9
"TATTTGTTACCCTTTA-1",4,4
"TCAAACAACCGCGTCG-1",8,10
"TCAAACTTAGATTGTT-1",4,4
"TCAAAGAGCTATCTGT-1",4,16
"TCAAAGTCACGGCGTC-1",7,7
"TCAAATTGTTGTGCCG-1",7,9
"TCAAATTTGAGACTCA-1",4,4
"TCAACAAAGATAATTC-1",7,7
"TCAACACATTGGGTAA-1",4,4
"TCAACATAGCGCCCTA-1",7,7
"TCAACATCGACCGAGA-1",7,7
"TCAACCATGTTCGGGC-1",4,4
"TCAACGAGGAGACAAA-1",4,4
"TCAACGCAGGAAATAA-1",7,7
"TCAACGCGACCGGCAG-1",3,8
"TCAACTAACGTATAAC-1",4,4
"TCAACTGCAGAGTCAG-1",9,9
"TCAAGAAATACTAGCT-1",8,9
"TCAAGCGCGGACGGTA-1",5,9
"TCAAGCTGCCTTGAAA-1",5,9
"TCAAGGTTACTACACC-1",5,9
"TCAATACAATTGCTGC-1",4,16
"TCAATACGCCGTCATG-1",7,7
"TCAATATACAGGAGGC-1",5,3
"TCAATCCCGCGCCAAA-1",5,3
"TCAATCCGGGAAGTTT-1",5,9
"TCACAAACCGAGGTAC-1",5,9
"TCACAGATCCTCAAAC-1",4,4
"TCACAGCAAACTCGAA-1",7,7
"TCACAGGAGAATAAGA-1",7,7
"TCACAGGGAATCGCAA-1",4,4
"TCACAGGTTATTGGGC-1",4,4
"TCACATCTTATCTGAT-1",3,8
"TCACCCTCTTAAGATT-1",9,13
"TCACCGCTCGGCACTC-1",8,9
"TCACGATGTCCGTGGA-1",7,7
"TCACGCATTGTAGATC-1",4,4
"TCACGGCCCAAGAGAG-1",7,7
"TCACGGTCATCGCACA-1",4,10
"TCACGTGCCCGATTCA-1",4,4
"TCACTACGACCAATGC-1",8,9
"TCACTATCCCTTCGGT-1",5,9
"TCACTATCGTGCAATC-1",2,14
"TCACTCAGCGCATTAG-1",2,10
"TCACTCGTGCAACGGC-1",8,9
"TCACTCTTCGTCTGTC-1",4,16
"TCAGAACCTCCACAGG-1",8,9
"TCAGAACGGCGGTAAT-1",8,9
"TCAGACGCTATAGAAG-1",4,4
"TCAGAGGACGCGTTAG-1",8,9
"TCAGATGGAGACGTAG-1",7,7
"TCAGCAAATGCATCTC-1",3,10
"TCAGCAGTAGGCCCTG-1",7,7
"TCAGCCAATCCGTAAA-1",5,9
"TCAGCGCACGCCGTTT-1",5,9
"TCAGCTTGAGCTTTCG-1",7,7
"TCAGGGCGACTTCCTT-1",4,16
"TCAGGGCGCAAACTCG-1",4,2
"TCAGGGTGCACGAAAC-1",4,4
"TCAGGGTGTAACGTAA-1",8,9
"TCAGGTTCTTTGAGAA-1",4,4
"TCAGTACTGACCCGCG-1",4,4
"TCAGTAGGGACTATAA-1",2,10
"TCAGTGTATACGTCAT-1",7,7
"TCAGTTACGGAATGAT-1",4,4
"TCATAAGTCCAAGAAG-1",5,10
"TCATACTTACAGATCC-1",4,4
"TCATATGAGCTTTGTT-1",4,7
"TCATCACTCGAGCTCG-1",4,4
"TCATCCCAGAGGGTGG-1",1,1
"TCATCCTCAGCTGCTT-1",8,9
"TCATCGACGACCGTCG-1",8,9
"TCATCGATGGTCCCAA-1",7,7
"TCATGCAGGTTCTCAT-1",8,9
"TCATTCGTATAATTTG-1",9,11
"TCATTTAAGTCTCCGA-1",8,9
"TCATTTAGAAGTGTGA-1",5,14
"TCCAACTCAGCTATCT-1",8,9
"TCCAACTTTAAATTCT-1",4,16
"TCCAAGCCTAGACACA-1",7,9
"TCCAATAAAGGCTACC-1",7,7
"TCCAATGCGTCGCCGC-1",7,7
"TCCACAATGGTTTACG-1",4,4
"TCCACATCGTATATTG-1",4,4
"TCCACCAAGACATAGG-1",5,9
"TCCACCTCTAGCCTTT-1",7,7
"TCCACTTTATCTAGGT-1",3,10
"TCCAGAGCACCGGTTC-1",4,4
"TCCAGATGTACGCCAA-1",8,9
"TCCAGCGCTATAAGCG-1",5,9
"TCCAGGCAGGACGATC-1",7,7
"TCCAGGCGAGTACGGT-1",4,10
"TCCAGGGTATATACGA-1",7,7
"TCCATCAATACTAATC-1",7,7
"TCCATTAGTTGGATAG-1",4,4
"TCCATTCCCACTAGAG-1",8,9
"TCCATTGTGACCTCGT-1",4,10
"TCCCAAACAGACAACG-1",8,9
"TCCCAAAGACGAAGGA-1",8,5
"TCCCAAAGCCCTAAAT-1",5,9
"TCCCAATATCGACGAC-1",5,3
"TCCCACGGAGGGAGCT-1",9,11
"TCCCACTCTCTTCCGG-1",8,9
"TCCCAGCACACGACAT-1",5,9
"TCCCAGCTTTAGTCTG-1",3,8
"TCCCAGGCTTAGCTAA-1",4,4
"TCCCGCCTATGTGCGT-1",4,4
"TCCCGCGTACTCCTGG-1",8,10
"TCCCGGGTGTGCTGCT-1",5,3
"TCCCGGTCAGGAATTT-1",4,4
"TCCCGTCAGTCCCGCA-1",8,9
"TCCCGTCGCGTCATAG-1",5,9
"TCCCGTGTGCAATTTG-1",4,4
"TCCCTAGATCAATAGG-1",5,9
"TCCCTCCGAAATCGTT-1",7,7
"TCCCTCTTCTCAAGGG-1",5,9
"TCCCTGGCGTATTAAC-1",7,7
"TCCCTGGCTCGCTGGA-1",4,4
"TCCCTTAGATTACTCG-1",8,9
"TCCCTTGTCTGAAACT-1",5,9
"TCCGAACGTTGCCGCT-1",5,9
"TCCGAACTTGGCTTAC-1",2,2
"TCCGAAGTAGTCACCA-1",9,11
"TCCGAATGGTCCTGAG-1",5,9
"TCCGACCGCTAATCAA-1",7,7
"TCCGAGAAGGCTAAGC-1",4,4
"TCCGATAATTGCCATA-1",5,9
"TCCGATGACTGAGCTC-1",8,10
"TCCGATGGTGCGACAT-1",3,10
"TCCGATTACATTGCCG-1",4,10
"TCCGCAGCCACCTAGC-1",3,16
"TCCGCCTGTCTACAAG-1",4,4
"TCCGCGGCAGCATCTG-1",7,9
"TCCGCGGCCCAATGAA-1",5,9
"TCCGCTGTCATCCCGG-1",4,4
"TCCGCTTATCCCATTA-1",4,4
"TCCGGAGGAAGGGCTG-1",4,10
"TCCGGCCTAGCGTACA-1",8,9
"TCCGGCCTGCATCGAT-1",7,7
"TCCGGCTGTCGGGTCG-1",5,8
"TCCGGGCCACTAACGG-1",5,9
"TCCGGGCTTGACGGGA-1",8,9
"TCCGGTTCGTCCGGTC-1",3,8
"TCCGTAACCACAATCC-1",4,2
"TCCGTTAAGCTAATAT-1",5,9
"TCCGTTTAGCCTTGAA-1",8,9
"TCCTAAAGATTCAGAC-1",8,9
"TCCTAAATTGGGAAGC-1",4,4
"TCCTAACCGTCGGGCA-1",7,7
"TCCTACATCCACGGCC-1",4,8
"TCCTAGCAAAGAAGCT-1",4,16
"TCCTATCATAGGTAAC-1",5,9
"TCCTCCTAAGACATTC-1",7,7
"TCCTCGGGCTGGGCTT-1",4,4
"TCCTCTACGAGATGGC-1",4,4
"TCCTCTCCAGTTGTCC-1",1,1
"TCCTCTGGCCCATTAG-1",9,11
"TCCTGCAGCCGCCAAT-1",8,9
"TCCTGCCAACTGGAGA-1",8,9
"TCCTGCGTTGATACTC-1",2,10
"TCCTGGCGCTGCCTGG-1",4,4
"TCCTTACGACGGTCCG-1",5,10
"TCCTTCAATCCCTACG-1",4,16
"TCCTTCAGTGGTCGAA-1",5,10
"TCCTTGTCCTTTAATT-1",4,5
"TCCTTTAAATCCGCTT-1",5,9
"TCCTTTCTTACGCTTA-1",4,10
"TCGAAATTTAGGACCA-1",4,10
"TCGAAGAACCGAGCAC-1",5,9
"TCGAATATCCCGCAGG-1",7,7
"TCGAATCGCAGGGTAG-1",4,9
"TCGACAACTGAACCCG-1",7,7
"TCGACATAGCGTAGCG-1",7,8
"TCGAGACCAACACCGT-1",4,4
"TCGAGCCAGGCAGGCC-1",7,2
"TCGAGTCTACGATTCG-1",7,7
"TCGATAGGCTAGTCGC-1",4,10
"TCGATTTACGAAACGA-1",5,4
"TCGCAAAGATGCATTT-1",4,4
"TCGCACCAGGAGGCAG-1",4,4
"TCGCATAAAGGGCGCA-1",5,9
"TCGCATCCCTAAGTGT-1",4,4
"TCGCATTCAATGACTT-1",4,4
"TCGCCCAACTGACTCC-1",7,10
"TCGCCCACTGCGAGAG-1",4,16
"TCGCCGAAGTTGCGTC-1",7,7
"TCGCCGACATATTCGC-1",8,9
"TCGCCGCACCGCGTGA-1",4,16
"TCGCCGGAGAGTCTTA-1",8,5
"TCGCCGGATGGGCAAG-1",4,16
"TCGCCGGTCGATCCGT-1",5,10
"TCGCCTCCTTCGGCTC-1",8,9
"TCGCCTCGACCTGTTG-1",4,4
"TCGCGCGTTTACATGA-1",7,7
"TCGCGTCCAGAAGGTC-1",4,4
"TCGCTAAACCGCTATC-1",8,9
"TCGCTACTGGCTTTGA-1",4,4
"TCGCTCGATATATTCC-1",4,10
"TCGCTCGGCACCAGCG-1",8,9
"TCGCTGCCAATGCTGT-1",4,9
"TCGCTGGGCGGATTGT-1",5,9
"TCGCTGTGCGTAAATC-1",4,4
"TCGCTTAATTACGAAG-1",7,4
"TCGCTTTAAACGTTTG-1",8,9
"TCGGAATGACCATCAA-1",4,4
"TCGGAATGCGCTCTGA-1",4,4
"TCGGACGCCCAGCCCA-1",4,9
"TCGGAGAGTATCGGGA-1",7,7
"TCGGAGTACATGAGTA-1",3,10
"TCGGATCTGGATGACC-1",7,7
"TCGGCGAACCCAAACC-1",5,9
"TCGGCGTACTGCACAA-1",7,7
"TCGGCTAACTTCCCTT-1",4,10
"TCGGCTTGTATCGACG-1",5,9
"TCGGGAACGTGCCTAG-1",8,9
"TCGGGAGACAGCGTAC-1",4,4
"TCGGGATTCAAACATA-1",4,16
"TCGGGCACTTCTGGAT-1",4,10
"TCGGGCCGTCGTGGTA-1",3,8
"TCGGGTGAAACTGCTA-1",4,10
"TCGGTCCCGACAATAG-1",7,7
"TCGGTCCCTGACTCCA-1",3,10
"TCGGTGACCGCTCCGG-1",9,11
"TCGGTTAGCCATGTAG-1",4,4
"TCGTAACTCCCAAGAC-1",5,3
"TCGTAAGACGACATTG-1",8,10
"TCGTAAGCTCCGAGGA-1",8,9
"TCGTACCGACGTCAAG-1",7,7
"TCGTATAGTGCAATTA-1",4,10
"TCGTATTACCCATTGC-1",4,16
"TCGTATTTCGTCCGGA-1",4,4
"TCGTCAAGTACGCGCA-1",3,8
"TCGTCACACTGTTAGC-1",4,4
"TCGTCCGCTGGCGTCT-1",4,4
"TCGTCCGGGTACACTC-1",9,11
"TCGTCTTAGGCGTTAA-1",4,4
"TCGTGTCACGCTGACA-1",7,10
"TCGTGTTCGACCACAA-1",8,9
"TCGTTAGGAGTCCCTA-1",7,7
"TCGTTCGTTATTATGT-1",4,10
"TCGTTGACAGGGTCCC-1",3,8
"TCGTTGCTATCCGGTC-1",7,7
"TCGTTGGCTCGTCAAT-1",4,3
"TCGTTTACGCGACCCT-1",8,9
"TCTAAAGAACAGTCTC-1",7,7
"TCTAACCTAGCCTGCG-1",5,3
"TCTAACTGTATGTAAA-1",4,16
"TCTAATACTGCCTCAG-1",7,7
"TCTACACGTTCATGCA-1",4,4
"TCTACCCAATAGAGAG-1",8,9
"TCTACCGTCCACAAGC-1",5,10
"TCTACGGGCTCAGTTG-1",7,4
"TCTAGCAATCTCCGCC-1",7,7
"TCTAGCATCTTCGATG-1",4,4
"TCTAGCATGCCCAGAA-1",4,4
"TCTAGGTGGCGACGCT-1",8,9
"TCTAGTGATATCGTGG-1",5,10
"TCTAGTTATCAGAAGA-1",4,4
"TCTATAGGTGGGTAAT-1",5,9
"TCTATCATGCAGTTAC-1",4,4
"TCTATCCGATTGCACA-1",8,9
"TCTATCGGTCGCAACA-1",5,9
"TCTATGCTATAACGAC-1",3,8
"TCTATTACGCTGGCGA-1",4,4
"TCTATTACTAGAGGAT-1",7,7
"TCTCAAATCAATCGGG-1",8,9
"TCTCAGGCTACTCGCT-1",5,3
"TCTCATGAGATAGGGT-1",4,4
"TCTCCAACGTAGGTTA-1",8,9
"TCTCCACAAGTTGAAT-1",5,9
"TCTCCCTGGGCAGCGT-1",4,4
"TCTCGAACGAGGTCAC-1",8,9
"TCTCGACGTATCGCCG-1",5,9
"TCTCGAGGAGGTTCGC-1",5,9
"TCTCGGCTCCAGGACT-1",4,4
"TCTCGTGTTACGAGGA-1",4,16
"TCTCTAATAGCTGGTA-1",3,10
"TCTCTCGCCGCACATA-1",5,9
"TCTCTTACCGCGAACC-1",7,7
"TCTGAACCGGTCGGCT-1",4,4
"TCTGAACTCGTACCCG-1",4,9
"TCTGAAGCACGTGGTC-1",4,4
"TCTGAATTCCGTACAA-1",8,9
"TCTGACGGGCTAACCC-1",5,9
"TCTGACTGTAATGGTT-1",4,7
"TCTGAGCAATTGACTG-1",5,9
"TCTGATCGGGTGCTAG-1",5,9
"TCTGATGTATTCTGTC-1",4,4
"TCTGATTGGAAATGGA-1",5,8
"TCTGCACCATTAGTAA-1",5,9
"TCTGCAGATTCGAGTC-1",4,16
"TCTGCATACCTTGCTT-1",5,9
"TCTGCCAGAAACTGCA-1",4,4
"TCTGCGAATCGTTCGC-1",7,9
"TCTGCGTCCGGTTTCT-1",4,4
"TCTGCTTAGAACAAGC-1",5,9
"TCTGGAGCGTAAGAGT-1",5,9
"TCTGGCCGTTCAAGTT-1",5,9
"TCTGGCGCAAGCCGGG-1",4,16
"TCTGGGAACCTTTGAA-1",5,9
"TCTGGGTAGCGCTCAT-1",4,4
"TCTGTCATACAAGAGC-1",4,11
"TCTGTGACTGACCGTT-1",4,4
"TCTGTGCCATCATAGT-1",8,9
"TCTGTGGCTACATTTC-1",4,4
"TCTGTTACCCAGCATA-1",7,7
"TCTTAACTCGGATGTA-1",4,16
"TCTTACAGAGGTACCG-1",4,16
"TCTTACCGGAACTCGT-1",8,9
"TCTTACGGCATCCGAC-1",4,15
"TCTTACTTATGCCTCT-1",5,10
"TCTTAGAGCTCCAATT-1",5,9
"TCTTAGAGTGAACTCT-1",5,9
"TCTTATGGGTAGTACC-1",4,4
"TCTTCCCATGGGCACA-1",8,9
"TCTTCGAATAGACGTT-1",4,4
"TCTTCGATACCAATAA-1",8,5
"TCTTCGCGGTGAGAGG-1",5,9
"TCTTCTATAACCCGCC-1",5,9
"TCTTGATGCGTAGCGA-1",8,9
"TCTTGCTCCCGATACT-1",1,1
"TCTTGGTAACACCAAA-1",5,8
"TCTTTAAGACTATGAA-1",8,9
"TCTTTAGAGTCTAACA-1",5,9
"TCTTTAGCAGGCGAAC-1",5,9
"TCTTTCATCCGTCCTT-1",7,7
"TCTTTCGGCGGGACAC-1",8,5
"TCTTTCTCTTAAGGAG-1",4,4
"TGAAACCTCAACTCAC-1",7,7
"TGAAACTTATGCAAGC-1",5,10
"TGAAAGGACCTGACTC-1",7,9
"TGAACAAGCAGGGACT-1",7,7
"TGAACACCCGAAGCAG-1",4,4
"TGAACTGCTATGACTT-1",4,16
"TGAAGAGCGGTCCTAG-1",4,16
"TGAAGTAGCTTACGGA-1",6,13
"TGAATACCGACGCGTA-1",4,9
"TGAATATGCTATAAAC-1",9,11
"TGAATGAGATACAGCA-1",7,9
"TGAATGAGTGTTTCCC-1",7,7
"TGAATGTCAGCCGGCC-1",5,9
"TGAATTTCACTTGCCT-1",4,16
"TGACAACGCATGTCGC-1",5,9
"TGACACTTCTCTTTGC-1",8,10
"TGACAGGACAAGTCCA-1",7,7
"TGACATATATGACGAT-1",4,16
"TGACATCGAGCGGACC-1",8,9
"TGACATGTAACGTGAC-1",4,4
"TGACCAAATCTTAAAC-1",4,4
"TGACCAGCTTCAAAGT-1",2,2
"TGACCCAACTCACATT-1",7,7
"TGACCCACGTTAGACA-1",4,4
"TGACGAATATTTCCCT-1",7,7
"TGACGATGCACTAGAA-1",8,9
"TGACTATAATCCTTTC-1",4,4
"TGACTCCGAATCATAC-1",7,7
"TGACTCTAACTGGTAA-1",5,3
"TGAGAATGCTTTACCG-1",5,3
"TGAGACGTACCTCTCA-1",4,16
"TGAGAGATTTACCACG-1",7,9
"TGAGATCAAATACTCA-1",4,16
"TGAGATTAGGCCCTAA-1",8,9
"TGAGCAGTCGTGAAGT-1",7,7
"TGAGCCATACAGTCTC-1",9,15
"TGAGCGGAAAGTGTTC-1",4,4
"TGAGCTCAACTGTATA-1",5,9
"TGAGCTTTAATGACGC-1",8,9
"TGAGGAGTGCCAGCTT-1",7,7
"TGAGGCATGTACTGTG-1",7,7
"TGAGGTGTGTGGCGGA-1",7,7
"TGAGGTTGATCCCAAG-1",8,9
"TGAGTAAATTAGCGTA-1",5,10
"TGAGTGCCTCTTAAAT-1",7,7
"TGAGTGGTCCGTGACG-1",3,8
"TGAGTGTAACAACGGG-1",5,9
"TGAGTTAAAGACATTC-1",5,9
"TGATACATTTAGCCGT-1",7,7
"TGATAGCGGGATTCTA-1",4,4
"TGATCACCACACTGAC-1",7,7
"TGATCAGGGAACTGCT-1",7,7
"TGATCCCAGCATTAGT-1",8,9
"TGATCGGTTTGACCCT-1",4,10
"TGATCTACGCTGATCT-1",8,9
"TGATCTATCACACTCT-1",8,9
"TGATCTCCGGCGCCAG-1",4,4
"TGATGCTCACGTAGTC-1",6,15
"TGATGGCTGTTTCTGA-1",5,9
"TGATGGGACTAAGTCA-1",4,4
"TGATGTCAATTAAGTG-1",8,9
"TGATTATGGCACGCAG-1",4,4
"TGATTCAGGTCCCGCG-1",7,7
"TGATTCCCGGTTACCT-1",7,7
"TGATTCGTCTATCACT-1",4,4
"TGATTCTGTCGCCGGT-1",7,7
"TGATTTATTAGCTGTG-1",4,10
"TGATTTCCTCCTGACG-1",4,4
"TGCAAACCCACATCAA-1",5,10
"TGCAAAGTTCGTCTGT-1",4,16
"TGCAACCCATCTGCGG-1",7,9
"TGCAACTACTGGTTGA-1",8,9
"TGCAAGAATGACGTAA-1",4,4
"TGCAATCTAACACGGT-1",5,9
"TGCAATTTGGGCACGG-1",8,9
"TGCACAGTGAAGTTAT-1",4,4
"TGCACGAGTCGGCAGC-1",4,4
"TGCACTATGTGAGTGC-1",4,14
"TGCAGAACTATATCGT-1",7,7
"TGCAGAGTACCGAGCA-1",4,4
"TGCAGATCGTCCTAGG-1",7,7
"TGCAGCTACGTACTTC-1",7,7
"TGCAGGATCGGCAAAG-1",8,14
"TGCAGTGAGGCTCGGG-1",7,4
"TGCAGTGGTAGGGAAC-1",2,14
"TGCAGTTTCCTCCCAT-1",4,9
"TGCATATGTCTGTCAC-1",8,9
"TGCATGAGTAGATTCG-1",4,4
"TGCATGGATCGGATCT-1",5,9
"TGCATGTGACCCATAG-1",7,7
"TGCATGTGGTAATCTA-1",8,9
"TGCCAAAGTCAGACTT-1",7,7
"TGCCAATGGGTACTCT-1",7,7
"TGCCACACTAGAGGAA-1",2,2
"TGCCACCTGGCGAAAC-1",8,5
"TGCCAGTACGTGGAGA-1",4,4
"TGCCATGGCTTATAAG-1",3,8
"TGCCATTACTAAAGAA-1",8,9
"TGCCCGATAGTTAGAA-1",5,9
"TGCCCGTACCGTTAAA-1",4,4
"TGCCGAAAGCGTATTC-1",5,9
"TGCCGATGTCATCAAT-1",4,4
"TGCCGGATGTACGAGC-1",7,7
"TGCCGTGGATCGTCCT-1",4,4
"TGCCGTGGGACCCAAT-1",4,4
"TGCCGTTCTTAATCGG-1",7,7
"TGCCTAAATTTAATAG-1",5,9
"TGCCTAATTGAAGATT-1",5,9
"TGCCTGACATCGGTCA-1",4,5
"TGCCTGATCAAACGAT-1",5,3
"TGCCTTGCCCTTACGG-1",4,4
"TGCCTTGGCCAGGCAA-1",4,4
"TGCGAATATGGGATTT-1",7,7
"TGCGACACCCTAGTGC-1",5,9
"TGCGACGGCCGAACGT-1",7,7
"TGCGAGAAACGTTACG-1",4,4
"TGCGAGAATATTACCC-1",7,7
"TGCGAGATGGCGGCCA-1",3,10
"TGCGAGCCCTTCCGCG-1",4,4
"TGCGATGCTAATGGCT-1",4,4
"TGCGCAAAGCATTTGG-1",4,10
"TGCGCCGTTAATAACG-1",5,9
"TGCGCGATTAACGGAG-1",4,4
"TGCGGACTTGACTCCG-1",4,9
"TGCGGAGTAAAGGTGC-1",5,10
"TGCGGCATAGTTCAAC-1",4,10
"TGCGGGTATTGGGATC-1",4,4
"TGCGGTGAAATTTCAT-1",5,16
"TGCGTAAGAACCTGAT-1",3,8
"TGCGTACGGCTAATTG-1",8,9
"TGCGTCATGACTGAGC-1",7,7
"TGCGTGATTGGGTGTC-1",4,4
"TGCGTTTGTTGACACT-1",4,4
"TGCTAAGTGTCTATTT-1",4,4
"TGCTATACAAACGGAC-1",4,4
"TGCTATGGCAAAGGGA-1",7,7
"TGCTCCACAGTTCTTA-1",5,9
"TGCTCGGCGAAACCCA-1",4,4
"TGCTCGGTGGGTCACC-1",4,4
"TGCTCTGCCGGTTCAC-1",5,9
"TGCTCTTGAGAGTTTG-1",4,4
"TGCTGCGTCAGAGTTA-1",7,11
"TGCTGGTTGGACAATT-1",4,10
"TGCTGTTGAAGAACTC-1",4,4
"TGCTTAGAGAGAATGC-1",7,7
"TGCTTCCCAAGCAGTA-1",4,4
"TGCTTGAAACCATGCA-1",4,4
"TGGAAACGGAGTGAAC-1",4,10
"TGGAACCACTGACACA-1",8,9
"TGGAAGAAGGGAACGT-1",4,4
"TGGAAGACGAACACCA-1",4,16
"TGGAAGGATAAAGATG-1",5,3
"TGGAATATCCTTGACC-1",8,9
"TGGAATTAGACGCTTT-1",4,4
"TGGACACCGTTGCTTG-1",4,4
"TGGACCAATCTAAGAT-1",4,9
"TGGACCACGGCGTTGA-1",4,4
"TGGACGCAATCCAGCC-1",7,7
"TGGACGTAGGCGAATC-1",8,16
"TGGACTGTTCGCTCAA-1",4,11
"TGGAGAATAATCGTCC-1",7,7
"TGGAGCTAAAGTTCCC-1",4,4
"TGGAGGGAAACACCTC-1",8,9
"TGGAGTGATGCGATGA-1",4,10
"TGGATAGAGTAACAGA-1",4,4
"TGGCAAACTAAATTAC-1",4,4
"TGGCAACTCGCGCGCC-1",8,9
"TGGCAAGCACAAGTCG-1",7,7
"TGGCAATGGGACGGCG-1",5,9
"TGGCACGAGCTCGAGT-1",7,7
"TGGCAGATTACGATCA-1",4,4
"TGGCAGCAGTAATAGT-1",4,4
"TGGCATGAAGTTTGGG-1",7,7
"TGGCCAAACTGAAGTA-1",8,9
"TGGCCAATTTGGTACT-1",7,7
"TGGCCGTATATTGACC-1",4,4
"TGGCGACTGCTCCAAA-1",7,7
"TGGCGATCAAGTTATG-1",6,15
"TGGCGGTGTGCGATTG-1",4,4
"TGGCTACACTCTACCT-1",5,9
"TGGCTATGTGACATAC-1",4,4
"TGGCTCTTGTCGCGTA-1",7,7
"TGGCTTATGTATAATG-1",7,7
"TGGCTTGTACAAGCTT-1",4,4
"TGGCTTTGGGTAGACA-1",3,10
"TGGGAAATGCCTTTCC-1",4,4
"TGGGACCATTGGGAGT-1",8,5
"TGGGATGCACTCATTC-1",6,15
"TGGGCAATAGTTGGGT-1",5,9
"TGGGCACAAACAGAAC-1",4,4
"TGGGCACGTTCTATGG-1",6,15
"TGGGCAGGCCACCGCA-1",5,9
"TGGGCCACAAGAGCGC-1",8,10
"TGGGCCCATACTAATT-1",4,4
"TGGGCCTTGCCTGCAT-1",4,16
"TGGGCGATACAATAAG-1",4,7
"TGGGTAAGGTTCCCGC-1",8,9
"TGGGTGCACAAGCCAT-1",8,9
"TGGGTGGGATGTCATT-1",3,8
"TGGGTGTAATAGATTT-1",8,9
"TGGGTGTTAAGTAGAA-1",6,15
"TGGGTTCCCGGACGGA-1",5,3
"TGGGTTTCGGGCGTAC-1",7,7
"TGGTAAGCAGGATTGA-1",9,11
"TGGTAGAATATATGGG-1",5,8
"TGGTATCGCATCCCAA-1",9,13
"TGGTATCGGTCTGTAT-1",4,4
"TGGTCCCACGCTACGG-1",4,4
"TGGTCGATATACCTCT-1",7,7
"TGGTCGTGCAAGGCAA-1",5,3
"TGGTCTAGCTTACATG-1",4,16
"TGGTCTGTTGGGCGTA-1",3,10
"TGGTGATCGTATTTGT-1",4,10
"TGGTGCCCTGCCTTAC-1",4,9
"TGGTTAACTTACATTT-1",7,7
"TGGTTAAGGGCGCTGG-1",5,9
"TGGTTATGCTTGCGGT-1",8,16
"TGGTTCAACGGGTAAT-1",4,4
"TGGTTCGTAGCAAAGG-1",9,13
"TGGTTGGAGGATCCTG-1",8,10
"TGGTTTAAACGTGGGT-1",3,9
"TGTAACTTGTCAACCT-1",5,3
"TGTAAGACTGATAAGA-1",7,7
"TGTAATGACCACAATA-1",4,16
"TGTACCCGACCCTAAT-1",7,7
"TGTACCTACACGAGGG-1",5,9
"TGTACGAACAAATCCG-1",4,4
"TGTACGCTATCAGCTT-1",7,7
"TGTACTACTCTCACGG-1",8,9
"TGTACTATCGCTCGTT-1",8,9
"TGTACTGTGCCAAAGT-1",4,4
"TGTACTTCCGGGCATG-1",5,3
"TGTAGCCAATTCCGTT-1",8,9
"TGTAGCCATCCCATTC-1",5,9
"TGTAGGAGAAATTTCC-1",8,9
"TGTAGTGATCTATAAT-1",4,4
"TGTATAACAGATCCTG-1",8,9
"TGTATACGGATGATGA-1",5,9
"TGTATCAGACTGAAGC-1",7,7
"TGTATCCTTATTCCAT-1",3,10
"TGTATGGCGCAGACAG-1",5,9
"TGTATTTACCTAATGC-1",4,4
"TGTCATTTGTTGGGAA-1",8,9
"TGTCCACGGCTCAACT-1",5,9
"TGTCCCGACATAGCAC-1",4,10
"TGTCCGCAAACAATTC-1",4,4
"TGTCCGTGGCGCCTTT-1",4,4
"TGTCCTAAGTCACCGC-1",4,4
"TGTCGGCATGGTGGAA-1",4,4
"TGTCGTGGGTATAGGC-1",4,4
"TGTCGTTATCACATAT-1",7,7
"TGTCTACAGTTTCTGT-1",4,4
"TGTGACTACGCCAGTC-1",3,8
"TGTGACTAGAGTTTGC-1",5,9
"TGTGAGACTAGCCCAA-1",4,4
"TGTGATTCCAGCGCTT-1",3,8
"TGTGCCAGAGGCAAAG-1",4,16
"TGTGCCGGTGCCGGAA-1",5,9
"TGTGCTTTACGTAAGA-1",4,16
"TGTGGACTATCTACGT-1",5,9
"TGTGGAGGAAGCTTAA-1",4,4
"TGTGGCAAAGCGTATG-1",8,10
"TGTGGCGGGCTTCTGG-1",7,7
"TGTGGCTCCCACCAAC-1",5,9
"TGTGGTAGGGTGCCTT-1",5,9
"TGTGGTTGCTAAAGCT-1",7,7
"TGTGTCGAAGTCGAGG-1",4,16
"TGTGTCGCGAGTTGCA-1",4,4
"TGTGTGACCATGAATC-1",4,16
"TGTGTTCGTATCCAAG-1",3,8
"TGTTATTGTATGTGGC-1",4,4
"TGTTCATAAATGTGCT-1",4,16
"TGTTCCGCTTCCATGA-1",4,10
"TGTTCCGGCCTGAGCT-1",4,4
"TGTTCGTATTGCGGTG-1",9,11
"TGTTCTCTACTCCCTA-1",7,10
"TGTTCTTCCATTGACT-1",4,4
"TGTTGATCACTGTTTA-1",6,15
"TGTTGCCGTCGTCCCA-1",5,9
"TGTTGTCAAGAAGTCT-1",8,9
"TGTTTAATACTTCATC-1",3,8
"TGTTTCGGTACTTCTC-1",5,10
"TGTTTCTGAAGCGTGC-1",7,7
"TGTTTGAGATCGTCAG-1",5,9
"TTAAACAGAGTCCCGC-1",4,4
"TTAAACCGGTAGCGAC-1",4,16
"TTAAACCTGGTTCCTT-1",4,4
"TTAAACTCGAATTCAT-1",8,9
"TTAAAGGCGATGCTCG-1",7,9
"TTAAAGTAAGTCGCCA-1",5,9
"TTAACACCTCGAACAT-1",4,4
"TTAACCAACCCTCCCT-1",4,16
"TTAACGAACAAGCAGT-1",8,9
"TTAACGTCGCAAGACC-1",4,10
"TTAACGTTAAAGCCTG-1",4,16
"TTAACTCACGCGTGGA-1",4,13
"TTAACTTCAGGTAGGA-1",7,7
"TTAAGACGAACGAACC-1",4,4
"TTAAGATAGGATTGAC-1",5,9
"TTAAGCCGACAACTTC-1",8,4
"TTAAGCGCCTGACCCA-1",4,10
"TTAAGGATACGGAGGT-1",4,4
"TTAAGGCCCGTACTTT-1",7,7
"TTAAGTATTGTTATCC-1",5,9
"TTAATCAGTACGTCAG-1",8,5
"TTAATGCGAGGTAACT-1",4,4
"TTAATGTAGACCAGGT-1",8,10
"TTAATGTGTTTGCAGG-1",3,8
"TTAATTGCTTTGGGTG-1",4,4
"TTAATTTCAGACGCGG-1",5,9
"TTACAACTACGCATCC-1",3,7
"TTACACGATCTGCGAC-1",5,9
"TTACAGACCTAAATGA-1",8,9
"TTACATCGTGGCCTGG-1",4,10
"TTACATGCCACAACTA-1",5,9
"TTACCATTGATTACCC-1",4,4
"TTACCCATTGCCGGGT-1",8,9
"TTACCCTAACAGTCCT-1",4,4
"TTACCCTAGGGATTGG-1",7,7
"TTACCGCCTTAGGGAA-1",4,4
"TTACGGATGGTTCGAG-1",8,9
"TTACGGTGTCACCGAG-1",3,8
"TTACGTAGCGCGTGCT-1",9,11
"TTACGTATCTATGACA-1",5,9
"TTACTAAAGGACTTTA-1",4,4
"TTACTATCGGCTTCTC-1",4,4
"TTACTCCGGCCGGGAA-1",4,9
"TTACTCTGGTACGTAC-1",7,7
"TTACTGGGATATTTCA-1",4,4
"TTACTGTCTAGAGCTC-1",8,9
"TTACTGTTTCTCTACG-1",4,4
"TTAGAAGAACATGACT-1",4,4
"TTAGAATAAGGGTCGG-1",7,7
"TTAGACACGATCGTTG-1",8,9
"TTAGACGAGTCACCTC-1",4,4
"TTAGAGGGATATACAG-1",4,16
"TTAGAGTTTAGAAGGA-1",7,7
"TTAGATAGGTCGATAC-1",4,4
"TTAGCAACATGGATGT-1",4,4
"TTAGCGAATAGATAGG-1",5,9
"TTAGCTAATACGATCT-1",8,9
"TTAGCTCTGTAATCCG-1",4,4
"TTAGCTGATTTGCCGT-1",8,9
"TTAGGATGGGAGGGTA-1",5,9
"TTAGGTCATAACCGAC-1",7,7
"TTAGGTGTGACTGGTC-1",5,3
"TTAGTAAACCTGCTCT-1",5,9
"TTAGTAGGGCGGCGGG-1",4,4
"TTAGTTATTCGTGGCA-1",4,4
"TTAGTTCAAGTGTTCG-1",8,9
"TTATAGATGCACATTA-1",4,10
"TTATAGGTAATTGTCT-1",4,4
"TTATAGTCCAAGGTGC-1",6,6
"TTATATACGCTGTCAC-1",4,4
"TTATATTTGGCAATCC-1",9,15
"TTATCATACTCGCAAA-1",4,4
"TTATCCAATCGAACTC-1",4,4
"TTATCCGGGATCTATA-1",4,4
"TTATCCTCAAGGAATA-1",7,7
"TTATCGCCTGCGAAGC-1",4,4
"TTATCTGACATTAGGA-1",7,7
"TTATCTGTATCATAAC-1",7,12
"TTATGAATGAAAGGGA-1",4,4
"TTATGACAAACTGGAT-1",4,4
"TTATGATCTTAACGAA-1",6,15
"TTATGCGTCCCGGTCC-1",4,4
"TTATGTTTGCGATAGA-1",2,10
"TTATTAGAGCGTGTTC-1",6,15
"TTATTAGGGAAGCATC-1",5,10
"TTATTATCTGGAAGGC-1",5,9
"TTATTTAGGTTCCTTA-1",5,3
"TTATTTCATCCCAAAC-1",4,9
"TTCAAAGTCTCTAGCC-1",4,9
"TTCAACGACCCGACCG-1",2,14
"TTCAAGCCGAGCTGAG-1",5,3
"TTCAATACTCTGAATC-1",7,9
"TTCAATTAGCCATAAT-1",4,4
"TTCACGAAAGGATCAC-1",4,4
"TTCACGGTCGTCACGT-1",7,7
"TTCACTCGAGCACCTA-1",4,4
"TTCACTTCCTAGAACG-1",7,7
"TTCAGAGTAACCTGAC-1",4,4
"TTCAGCCCTGGTCCAC-1",4,4
"TTCAGCTGGCGTGCCC-1",5,10
"TTCAGGCGTCAAAGCC-1",2,2
"TTCAGTTCAAGAGGAG-1",7,7
"TTCAGTTTGTGGCAGC-1",4,16
"TTCATAGCCTTGTAAC-1",4,3
"TTCATAGGGTGTCCAT-1",4,16
"TTCATGGCGCAACAGG-1",8,5
"TTCCAATCAGAGCTAG-1",8,9
"TTCCAATCTGGCTATC-1",7,7
"TTCCACACAGATTTGA-1",7,7
"TTCCACATTTCTCGTC-1",7,7
"TTCCAGACGAGATTTA-1",8,9
"TTCCAGTGGGTTTCGT-1",5,10
"TTCCATCATGCGGTGA-1",8,9
"TTCCATCGACAGCGTG-1",5,9
"TTCCCGACGCTTCACT-1",9,13
"TTCCCGGCGCCAATAG-1",7,7
"TTCCGCAGAGAAATAT-1",8,9
"TTCCGCGTGAGGCGAT-1",4,11
"TTCCGGCCTTGAGGCT-1",7,7
"TTCCGGCTCGACTTCT-1",4,10
"TTCCGGTATCTGTGTC-1",5,9
"TTCCGGTTACCCACTT-1",4,4
"TTCCTCGAGGGTGTCT-1",3,16
"TTCCTCGGACTAACCA-1",4,4
"TTCCTCTGCCCGAATA-1",4,16
"TTCCTTTCTGTGTTGC-1",4,4
"TTCGAACGAAACATGC-1",7,7
"TTCGACAGAGCCCGTG-1",4,4
"TTCGACGGGAAGGGCG-1",4,4
"TTCGAGCCGGCGCTAC-1",9,11
"TTCGCACTCGCGTGCT-1",4,10
"TTCGCACTGTACGACA-1",7,7
"TTCGCATCCGGAAGCA-1",4,4
"TTCGCCGCTCGCGCTA-1",7,7
"TTCGCGCGCCATACGA-1",7,7
"TTCGCTAGGAAGTTGT-1",5,9
"TTCGCTATCTGACGTG-1",8,3
"TTCGGACTGATGCCTT-1",6,15
"TTCGGACTGGGCATGG-1",7,7
"TTCGGCAACCCGCTGA-1",8,9
"TTCGGCTAGAGATGGT-1",4,4
"TTCGGGACTAATCGCG-1",8,5
"TTCGGGCGCTAGTCTT-1",7,7
"TTCGGGTTGCCACGGG-1",5,9
"TTCGGTACTGTAGAGG-1",4,4
"TTCGGTGGAGACGCCC-1",5,9
"TTCGTAATCCCAGCGG-1",8,9
"TTCGTACTCCAGAACG-1",4,4
"TTCGTTCAACGAAGTT-1",8,9
"TTCTAACCGAAGCTTA-1",8,9
"TTCTACCTCAATCGGT-1",7,7
"TTCTACCTTTATGTTG-1",4,11
"TTCTACTTGCGAGGGC-1",4,4
"TTCTAGAAAGTCTTAT-1",7,7
"TTCTAGGCCAATTGTG-1",6,15
"TTCTATGCCTTTCGCA-1",5,9
"TTCTATTAAACGCAGC-1",7,7
"TTCTCAATTGCTACAA-1",7,7
"TTCTCTTACAGGTGAT-1",7,7
"TTCTGACCGGGCTCAA-1",4,4
"TTCTGCCGCGCCTAGA-1",4,4
"TTCTGCGAGCGCCCTT-1",4,4
"TTCTGCGGGTTAGCGG-1",4,4
"TTCTGCTAGACTCCAA-1",8,9
"TTCTGTTTCCTGTCGC-1",4,10
"TTCTTAGTGAACGGTG-1",4,10
"TTCTTAGTGGCTCAGA-1",5,9
"TTCTTATCCGCTGGGT-1",5,9
"TTCTTCCCTTTGATAT-1",4,4
"TTCTTCGCAATAGAGC-1",7,7
"TTCTTGAGCCGCGCTA-1",7,7
"TTCTTGCTAGCATCTC-1",8,9
"TTCTTGGACGATCTGC-1",7,7
"TTCTTGGAGTAATGAG-1",8,9
"TTCTTGTAACCTAATG-1",4,4
"TTCTTGTGTCCATCAG-1",4,16
"TTCTTTGGTCGCGACG-1",8,9
"TTGAAACCCTCATTCC-1",5,3
"TTGAAAGGTGTAAAGG-1",4,9
"TTGAACGAATCCTTTG-1",4,4
"TTGAACGACGTGCTGA-1",4,4
"TTGAAGAATTCCCAGG-1",4,4
"TTGAAGGATGGGCGCC-1",7,7
"TTGAATATGGACTTTC-1",4,4
"TTGAATCGTTGTATAA-1",7,7
"TTGAATTCACGTGAGG-1",5,9
"TTGACAGGAGCTCCCG-1",5,9
"TTGACATGAACGTGGA-1",7,7
"TTGACCAGGAACAACT-1",4,9
"TTGACCATGTTCTCCG-1",8,9
"TTGACCGTGTTAATGA-1",7,7
"TTGACGATTCAGCACG-1",4,16
"TTGACGCTCCATGAGC-1",5,9
"TTGACTACCATATGGT-1",8,5
"TTGACTATTGTCCGGC-1",5,9
"TTGAGAAGTTTAGCAT-1",4,4
"TTGAGAGTACTGCTAA-1",7,10
"TTGAGCAGCCCACGGT-1",5,9
"TTGAGCGCCACGTGAT-1",5,9
"TTGAGGCATTTAACTC-1",2,14
"TTGAGTCCCGCTGCTG-1",5,9
"TTGATAGTCAATACAT-1",5,9
"TTGATCTAACTTTGTC-1",4,4
"TTGATGCCGCTCGTCG-1",7,7
"TTGATGTGTAGTCCCG-1",8,9
"TTGATTAGCTGTTTCT-1",7,7
"TTGATTATGCAGATGA-1",4,4
"TTGCAAGAAGACTCCT-1",4,4
"TTGCACAATTCAGAAA-1",4,4
"TTGCACGGAGCAGCAC-1",5,10
"TTGCATGCTGATCACG-1",4,4
"TTGCCAAGCAGAACCC-1",5,9
"TTGCCATAGCCCGCTC-1",7,7
"TTGCCCTGATCACGGG-1",4,4
"TTGCCGCAGACCTACA-1",7,7
"TTGCCGCTTTCTAGTA-1",4,4
"TTGCCGGTGATCCCTC-1",4,4
"TTGCCTAATCCAAAGT-1",9,13
"TTGCCTTCTCGCCGGG-1",8,9
"TTGCGCACAACCACGT-1",5,9
"TTGCGCTCTCTCGCTT-1",4,10
"TTGCGCTTGATCAATA-1",8,9
"TTGCGGCATCAGAAAG-1",7,7
"TTGCGGCGACTCATGC-1",4,4
"TTGCGTAGTTTGAGGA-1",4,4
"TTGCGTCGGCCAACCG-1",7,7
"TTGCGTGAACGCTTAG-1",8,9
"TTGCGTGTGTAGGCAT-1",8,9
"TTGCTAGCTACCAATC-1",4,4
"TTGCTCATAGTACGTG-1",5,9
"TTGCTCCCATACCGGA-1",1,1
"TTGCTGAAGGAACCAC-1",5,10
"TTGCTGATCATGTTCG-1",4,10
"TTGCTGCACCTATCCA-1",4,10
"TTGCTGGCCGGGCTTC-1",4,2
"TTGGAAGAATACAGTC-1",7,7
"TTGGACATGTGGCTTA-1",7,7
"TTGGACCATCTGGCAA-1",5,9
"TTGGACCTATAACAGT-1",3,8
"TTGGAGTCTCCCTTCT-1",4,4
"TTGGATATCGTCTACG-1",5,3
"TTGGATCGACTTCTGG-1",4,10
"TTGGATTGGGTACCAC-1",2,10
"TTGGCCAAATTGTATC-1",8,9
"TTGGCCATCTTGCGCT-1",4,8
"TTGGCCTAGAATTTCG-1",8,9
"TTGGCGATCCGAATAT-1",5,9
"TTGGCTCAATATGTGT-1",5,9
"TTGGCTCGCATGAGAC-1",4,4
"TTGGGAAGACGAGCCG-1",4,10
"TTGGGACACTGCCCGC-1",8,9
"TTGGGACGTAAGAGTT-1",5,9
"TTGGGCGGCGGTTGCC-1",2,10
"TTGGGTTTATTCAGCG-1",7,10
"TTGGTATGGCTTGTGT-1",5,9
"TTGGTCACACTCGTAA-1",7,7
"TTGGTGCGGTGTTGAA-1",6,15
"TTGGTTCGCTCAAAGG-1",5,9
"TTGGTTGCGGTGCGCG-1",7,7
"TTGTAAGGACCTAAGT-1",7,7
"TTGTAAGGCCAGTTGG-1",8,9
"TTGTAATCCGTACTCG-1",4,11
"TTGTACACCTCGAACA-1",4,16
"TTGTATCACACAGAAT-1",5,10
"TTGTCACCGCGGTATC-1",4,16
"TTGTCGTTCAGTTACC-1",8,10
"TTGTGAACCTAATCCG-1",4,4
"TTGTGAGGCATGACGC-1",7,5
"TTGTGATCTGTTCAGT-1",5,9
"TTGTGCAGCCACGTCA-1",4,4
"TTGTGCGGAAGCGGAT-1",7,7
"TTGTGGCCCTGACAGT-1",5,10
"TTGTGGTAGGAGGGAT-1",7,7
"TTGTGGTATAGGTATG-1",5,9
"TTGTGGTGGTACTAAG-1",5,10
"TTGTGTATGCCACCAA-1",4,4
"TTGTGTTTCCCGAAAG-1",7,7
"TTGTTAGCAAATTCGA-1",4,4
"TTGTTCAGTGTGCTAC-1",8,10
"TTGTTCTAGATACGCT-1",8,5
"TTGTTGTGTGTCAAGA-1",3,10
"TTGTTTCACATCCAGG-1",7,7
"TTGTTTCATTAGTCTA-1",7,7
"TTGTTTCCATACAACT-1",7,7
"TTGTTTGTATTACACG-1",7,7
"TTGTTTGTGTAAATTC-1",4,4
