"barcode","BayesSpace_harmony_09","BayesSpace_harmony_16"
"AAACAACGAATAGTTC-1",7,9
"AAACAAGTATCTCCCA-1",7,13
"AAACAATCTACTAGCA-1",7,12
"AAACACCAATAACTGC-1",7,7
"AAACAGAGCGACTCCT-1",8,9
"AAACAGCTTTCAGAAG-1",7,12
"AAACAGGGTCTATATT-1",7,12
"AAACATGGTGAGAGGA-1",5,3
"AAACATTTCCCGGATT-1",7,9
"AAACCACTACACAGAT-1",8,9
"AAACCCGAACGAAATC-1",5,9
"AAACCGGAAATGTTAA-1",5,10
"AAACCGGGTAGGTACC-1",5,9
"AAACCGTTCGTCCAGG-1",8,9
"AAACCTAAGCAGCCGG-1",5,9
"AAACCTCATGAAGTTG-1",9,15
"AAACGAAGAACATACC-1",5,9
"AAACGAAGATGGAGTA-1",5,9
"AAACGACAGTCTTGCC-1",5,9
"AAACGAGACGGTTGAT-1",4,4
"AAACGCCCGAGATCGG-1",8,5
"AAACGGGCGTACGGGT-1",5,9
"AAACGGGTTGGTATCC-1",7,9
"AAACGGTTGCGAACTG-1",8,9
"AAACGTGTTCGCCCTA-1",8,9
"AAACTAACGTGGCGAC-1",8,5
"AAACTCGGTTCGCAAT-1",4,4
"AAACTCGTGATATAAG-1",8,5
"AAACTGCTGGCTCCAA-1",4,4
"AAACTTAATTGCACGC-1",3,2
"AAACTTGCAAACGTAT-1",5,7
"AAAGAATGACCTTAGA-1",5,3
"AAAGACATGAAGTTTA-1",4,10
"AAAGACCCAAGTCGCG-1",3,8
"AAAGACTGGGCGCTTT-1",3,10
"AAAGCTTGCCTACATA-1",8,9
"AAAGGCCCTATAATAC-1",3,8
"AAAGGCTACGGACCAT-1",8,9
"AAAGGCTCTCGCGCCG-1",8,9
"AAAGGGATGTAGCAAG-1",4,9
"AAAGGGCAGCTTGAAT-1",9,11
"AAAGGTAAGCTGTACC-1",8,9
"AAAGGTCAACGACATG-1",8,5
"AAAGTAGCATTGCTCA-1",5,9
"AAAGTCACTGATGTAA-1",7,7
"AAAGTCGACCCTCAGT-1",2,2
"AAAGTGCCATCAATTA-1",2,2
"AAAGTGTGATTTATCT-1",7,7
"AAAGTTGACTCCCGTA-1",7,4
"AAATAACCATACGGGA-1",8,9
"AAATAAGGTAGTGCCC-1",4,9
"AAATACCTATAAGCAT-1",4,4
"AAATAGCTTAGACTTT-1",4,4
"AAATAGGGTGCTATTG-1",4,4
"AAATCACTCCTAAACG-1",5,3
"AAATCCGATACACGCC-1",5,9
"AAATCGCGGAAGGAGT-1",5,9
"AAATCGTGTACCACAA-1",4,4
"AAATCTAGCCCTGCTA-1",7,12
"AAATCTGCCCGCGTCC-1",5,3
"AAATGATTCGATCAGC-1",8,5
"AAATGCTCGTTACGTT-1",3,8
"AAATGGCATGTCTTGT-1",7,9
"AAATGGCCCGTGCCCT-1",5,9
"AAATGGTCAATGTGCC-1",8,5
"AAATGTATCTTATCCC-1",2,11
"AAATGTGGGTGCTCCT-1",7,10
"AAATTAACGGGTAGCT-1",9,15
"AAATTAATAAGCGCGA-1",1,1
"AAATTACACGACTCTG-1",8,9
"AAATTACCTATCGATG-1",4,4
"AAATTCCAGGTCCAAA-1",4,4
"AAATTGATAGTCCTTT-1",5,9
"AAATTGCGGCGGTTCT-1",2,10
"AAATTGGTGAGAAGCA-1",8,9
"AAATTTACCGAAATCC-1",4,4
"AAATTTGCGGGTGTGG-1",4,9
"AACAACTGGTAGTTGC-1",5,3
"AACAATACATTGTCGA-1",5,8
"AACAATTACTCTACGC-1",9,15
"AACACACGCTCGCCGC-1",7,13
"AACACGACTGTACTGA-1",5,9
"AACACGAGACGCGGCC-1",3,8
"AACACGCGGCCGCGAA-1",3,8
"AACAGCTGTGTGGCAA-1",3,8
"AACAGGAAATCGAATA-1",8,9
"AACAGGATGGGCCGCG-1",3,10
"AACAGGTAGTATGGAT-1",8,5
"AACATATCAACTGGTG-1",4,4
"AACATCGATACGTCTA-1",8,9
"AACATTGAAGTTGATC-1",3,8
"AACATTGGTCAGCCGT-1",7,10
"AACATTGTGACTCGAG-1",8,9
"AACCAAGACTTCTCTG-1",3,8
"AACCAGTATCACTCTT-1",4,4
"AACCATAGGGTTGAAC-1",2,3
"AACCATGGGATCGCTA-1",3,8
"AACCCAGAGACGGAGA-1",3,8
"AACCCATCCCATGATC-1",5,12
"AACCCGACAACCCGTG-1",5,3
"AACCCGAGCAGAATCG-1",5,3
"AACCCGATAGGGCTTC-1",5,9
"AACCCTACTGTCAATA-1",7,4
"AACCCTGGTGGAACCA-1",7,7
"AACCGAGCTTGGTCAT-1",4,4
"AACCGCTAAGGGATGC-1",7,7
"AACCGTTGTGTTTGCT-1",5,9
"AACCTAAAGCCGTCCG-1",4,4
"AACCTCGCTTTAGCCC-1",8,9
"AACCTGTCACGGAATT-1",4,9
"AACCTTTAAATACGGT-1",4,4
"AACCTTTACGACGTCT-1",8,9
"AACGAAAGTCGTCCCA-1",5,3
"AACGATAATGCCGTAG-1",4,4
"AACGATAGAAGGGCCG-1",7,7
"AACGATATGTCAACTG-1",4,4
"AACGCATGATCTGGGT-1",4,4
"AACGCGAACGGCAACA-1",7,10
"AACGCGACCTTGGGCG-1",5,9
"AACGCGGTCTCCAGCC-1",8,10
"AACGCTGTTGCTGAAA-1",7,9
"AACGGACGTACGTATA-1",7,7
"AACGGCCATCTCCGGT-1",7,9
"AACGTACTGTGGGTAC-1",8,9
"AACGTAGTCTACCCAT-1",7,7
"AACGTCAGACTAGTGG-1",7,7
"AACGTGATGAAGGACA-1",5,9
"AACGTGCGAAAGTCTC-1",4,4
"AACGTTATCAGCACCT-1",2,2
"AACTACCCGTTTGTCA-1",4,4
"AACTAGCGTATCGCAC-1",7,7
"AACTAGGCTTGGGTGT-1",8,4
"AACTCAAGTTAATTGC-1",7,7
"AACTCCAGAGCGTGTT-1",7,9
"AACTCCTAATCCCATG-1",8,9
"AACTCGATAAACACGT-1",7,10
"AACTCGATGGCGCAGT-1",3,8
"AACTCTCAATAGAGCG-1",7,7
"AACTCTCAGTGTGCTC-1",8,9
"AACTGAGGTCAGCGTC-1",8,5
"AACTGAGTTATACTGA-1",5,10
"AACTGATATTAGGCCT-1",8,5
"AACTGGGTCCCGACGT-1",8,5
"AACTGGGTTCGAGCCG-1",4,4
"AACTGGTGTGGGCCTT-1",7,7
"AACTTCTGCGTCTATC-1",3,8
"AACTTGCCCGTATGCA-1",3,8
"AACTTGCGTTCTCGCG-1",3,8
"AACTTTACGGGAGCTT-1",2,2
"AACTTTAGCTGCTGAG-1",7,7
"AACTTTCTCGATCATG-1",5,10
"AAGAAATCACCAGATT-1",5,9
"AAGAAGGATCAGTTAG-1",3,8
"AAGACCAAATAACTCA-1",5,3
"AAGACCCAACTGAACA-1",8,9
"AAGACTAACCCGTTGT-1",7,8
"AAGACTCACGCCCACT-1",4,4
"AAGACTGCAAGCTACT-1",4,4
"AAGAGATGAATCGGTA-1",3,8
"AAGAGCTCTTTATCGG-1",7,7
"AAGAGGATGTACGCGA-1",5,9
"AAGAGGCATGGATCGC-1",4,4
"AAGAGGCCCTTTGGAA-1",7,7
"AAGATGGCACCGGACC-1",5,9
"AAGATTGGCGGAACGT-1",4,4
"AAGCACCCTGCGTATC-1",4,4
"AAGCATACTCTCCTGA-1",4,4
"AAGCCGAAGCGGTTTA-1",9,11
"AAGCCGCCGTGAAATC-1",3,8
"AAGCCGCTTTACCTTG-1",8,9
"AAGCCGGAGAGCAGGA-1",2,2
"AAGCGCAGGGCTTTGA-1",4,4
"AAGCGGAGTGCGCGCA-1",8,9
"AAGCGGCGTCATGGGT-1",5,9
"AAGCGTCCCTCATCGA-1",5,9
"AAGCTAGATCGAGTAA-1",4,4
"AAGCTCGTGCCAAGTC-1",4,4
"AAGCTCTTTCATGGTG-1",7,7
"AAGGAGAACTTATAAG-1",7,10
"AAGGAGCGGTTGGTGC-1",4,4
"AAGGATCGATCGCTTG-1",4,4
"AAGGATGAGGGACCTC-1",4,4
"AAGGCAGGCTGTCTCC-1",7,7
"AAGGCGCGTAAAGCTT-1",7,7
"AAGGCTGTGCTCATCG-1",7,7
"AAGGGAACGACTGGCT-1",3,8
"AAGGGACAGATTCTGT-1",4,4
"AAGGGACTATGCATTC-1",3,8
"AAGGGTTTGATTTCAG-1",5,9
"AAGGTATCCTAATATA-1",4,4
"AAGGTGATAAACCAGC-1",7,7
"AAGTAAGCTTCCAAAC-1",7,10
"AAGTAGAAGACCGGGT-1",8,9
"AAGTAGTGACGCGAGG-1",9,13
"AAGTCAATTGTCGTCA-1",7,4
"AAGTCTAGTAGCTGCC-1",5,9
"AAGTCTTCTGTGGCCT-1",9,11
"AAGTGACGACCGAATT-1",7,7
"AAGTGAGTCGGGTTTA-1",8,9
"AAGTGCAAAGGTAGAC-1",2,2
"AAGTGCCTTGACTGTA-1",7,4
"AAGTGCGTTAGAATCT-1",4,7
"AAGTGCTTCTCTATTG-1",5,3
"AAGTGTTTGGAGACGG-1",4,4
"AAGTTCACTCCAAGCT-1",7,9
"AAGTTCAGTCTGCGTA-1",4,9
"AAGTTCGGCCAACAGG-1",7,7
"AAGTTGTGATGTTATA-1",7,8
"AAGTTTACTAATGGCA-1",5,9
"AAGTTTATGGGCCCAA-1",4,4
"AATAACAACGCTCGGC-1",7,7
"AATAACACTAGAACAA-1",5,9
"AATAAGTCCTCGAGAC-1",7,7
"AATAATCTTCGTATCG-1",5,10
"AATACAATGTTTCAGG-1",9,13
"AATACCGGAGGGCTGT-1",5,3
"AATACCTGATGTGAAC-1",5,3
"AATAGAACAGAGTGGC-1",8,9
"AATAGAATCTGTTTCA-1",7,7
"AATAGCAAGCCTCCTG-1",8,5
"AATAGCTACCGCGTGC-1",8,5
"AATAGTCCGTCCCGAC-1",8,9
"AATAGTCGCGAGTCGG-1",2,2
"AATATCAAGGTCGGAT-1",5,3
"AATATCCTAGCAAACT-1",4,9
"AATATCGAATCAATGC-1",4,4
"AATATCGAGGGTTCTC-1",4,4
"AATATTGGAGTATTGA-1",3,8
"AATCAGACTGCAGGAC-1",7,7
"AATCAGGTTTCATTTA-1",3,8
"AATCATGTAAAGACTC-1",7,7
"AATCCAAGGGCCTGAG-1",9,11
"AATCCATGCAAGGGTG-1",3,8
"AATCGCCTCAGCGCCA-1",7,7
"AATCGCGCAGAGGACT-1",8,9
"AATCGGGACACTACGA-1",5,9
"AATCGTGAGCCGAGCA-1",4,16
"AATCTAGGTTTACTTG-1",9,11
"AATCTATGCCGGAGCC-1",4,4
"AATCTCTACTGTGGTT-1",7,12
"AATCTGCGTTGGGACG-1",7,4
"AATCTGGCTTTCTAGT-1",4,16
"AATCTGGGTAGACCCT-1",4,4
"AATGACAGCAATGTCT-1",4,9
"AATGACGTAGGATGTC-1",7,4
"AATGACTGTCAGCCGG-1",8,9
"AATGAGTTCGCATATG-1",3,8
"AATGATGATACGCTAT-1",4,4
"AATGATGCGACTCCTG-1",4,4
"AATGCAACCGGGTACC-1",4,4
"AATGCACCAAGCAATG-1",4,4
"AATGGCCGCCAATGCG-1",5,3
"AATGGTCCACCGTTCA-1",9,15
"AATGGTTCTCACAAGC-1",7,7
"AATGTATGGCACTGTA-1",2,14
"AATGTGCCCGAGGTGT-1",5,9
"AATGTGCTAATCTGAG-1",3,8
"AATGTTGTCGTGAGAC-1",9,7
"AATTAAAGGTCGGCGT-1",7,7
"AATTAACGGATTTCCA-1",4,4
"AATTACGAGACCCATC-1",5,3
"AATTACTCGTACGCTC-1",9,13
"AATTAGCGCTGCAGCG-1",4,4
"AATTATACCCAGCAAG-1",5,2
"AATTCATAAGGGATCT-1",4,4
"AATTCATTGTCATGCA-1",9,15
"AATTCCAACTTGGTGA-1",7,9
"AATTCCAAGCATGTAC-1",8,9
"AATTCGATTCGAGGAT-1",4,9
"AATTCTAGAGTTAGGC-1",4,4
"AATTGAACGCTCTGGT-1",7,7
"AATTGCAGCAATCGAC-1",7,7
"AATTGCGTGGATTACA-1",5,3
"AATTGTGGTTGCCAAA-1",2,2
"AATTTGGGACATAGTA-1",8,9
"AATTTGGTTCCAAAGA-1",7,9
"ACAAACCATGCGTCCT-1",3,2
"ACAAACCGACAAGGCG-1",4,4
"ACAAAGAAGGTAGGCC-1",4,4
"ACAAAGCATGACCTAG-1",7,7
"ACAAATCGCACCGAAT-1",4,4
"ACAAATGGTAGTGTTT-1",7,7
"ACAAATTCAGATCTGA-1",8,3
"ACAACAGCATGAGCTA-1",4,4
"ACAACGGTCCCTGCGA-1",9,11
"ACAAGCAGTGCCTAGC-1",3,8
"ACAAGCTATATGGAAG-1",9,11
"ACAAGGAAATCCGCCC-1",4,4
"ACAAGGACAAGAGGTT-1",9,11
"ACAAGGATGCTTTAGG-1",7,7
"ACAAGGCCTACCAGCC-1",9,11
"ACAAGGGCAGGCTCTG-1",4,4
"ACAATAGTCGTACGTT-1",7,7
"ACAATCCATTTAAACC-1",6,15
"ACAATCGATCTTTATA-1",7,7
"ACAATGAATACGGAGA-1",5,8
"ACAATGATTCTTCTAC-1",8,5
"ACAATTGTGTCTCTTT-1",6,15
"ACAATTTAGGAGGCTC-1",6,15
"ACAATTTGAGCAGTGG-1",4,4
"ACAATTTGGCCATATT-1",5,9
"ACACAAAGACGGGTGG-1",6,15
"ACACAAATATTCCTAG-1",8,9
"ACACACCAGGACCAGT-1",7,7
"ACACACTTTCTACACG-1",8,9
"ACACATGATCAAATCT-1",3,8
"ACACATTGACGCAACA-1",2,3
"ACACATTTCCGTAGAC-1",4,16
"ACACCACATAATTAGC-1",4,9
"ACACCCAGCATGCAGC-1",9,15
"ACACCCGAGAAATCCG-1",9,15
"ACACCCGTAAATCTGT-1",5,3
"ACACCGAGCGCTCTTT-1",2,2
"ACACCGGTCTGACCGC-1",2,2
"ACACCTTAAGTAGGGC-1",9,11
"ACACCTTACTACTTGC-1",4,9
"ACACGAGACTCCTTCT-1",4,4
"ACACGGCACTATGCAT-1",7,7
"ACACGGGAACTTAGGG-1",4,4
"ACACGTAGGCCACAAG-1",7,7
"ACACTCCAATGTCACT-1",3,8
"ACACTGATCAAGGTGT-1",8,9
"ACACTGGGACAGTCGT-1",4,16
"ACAGAACTGAGAACAA-1",5,9
"ACAGATTAGGTTAGTG-1",7,9
"ACAGCATAGAGCCAGT-1",5,9
"ACAGCGACATTCTCAT-1",7,7
"ACAGCGCACCCGCAGC-1",7,9
"ACAGGCACGGATCCTT-1",5,3
"ACAGGCTTGCCCGACT-1",5,9
"ACAGGTGGAGGTGAGG-1",5,9
"ACAGGTGTGTTGTTGC-1",9,11
"ACAGTAATACAACTTG-1",4,12
"ACAGTATACCGTGGGA-1",8,9
"ACAGTGCAGCGCATTT-1",8,5
"ACATAAGTCGTGGTGA-1",5,2
"ACATAATAAGGCGGTG-1",8,9
"ACATCAGCTGGGACGC-1",2,2
"ACATCCCGGCCATACG-1",8,9
"ACATCCTGGTAACTGT-1",7,13
"ACATCGATCGTTTACC-1",4,4
"ACATCGGTCAGCCGCG-1",7,9
"ACATCGTATGCAATGG-1",7,7
"ACATCGTTAACCTAGT-1",7,7
"ACATCTCAACGCGTAA-1",7,13
"ACATGGCGCCAAAGTA-1",4,4
"ACATGGCTCAATTTAG-1",2,2
"ACATTAGTTTATATCC-1",4,4
"ACATTTGAAACCTAAC-1",5,12
"ACCAAACACCCAGCGA-1",8,9
"ACCAAACTAGAAATCC-1",7,7
"ACCAACACCACACACT-1",8,5
"ACCAACCGCACTCCAC-1",7,7
"ACCAACGCTTATTTAT-1",8,9
"ACCAAGAACGCGTGTC-1",7,9
"ACCAATATGCAAGTTA-1",4,4
"ACCACAACTCAGAACA-1",7,9
"ACCACAAGTTTCTATC-1",6,15
"ACCACCAATGTAACAA-1",4,4
"ACCACCCTCTCTTCTA-1",8,9
"ACCACGTGCAGCTATA-1",4,4
"ACCACTGTTCAAGAAG-1",9,13
"ACCAGACCATAACAAC-1",9,14
"ACCAGCCCGGTCTTTG-1",7,7
"ACCAGGAGTGTGATCT-1",7,10
"ACCAGTGCCCGGTCAA-1",8,9
"ACCAGTGCGGGAGACG-1",7,7
"ACCATATCCGCAATAA-1",4,4
"ACCATCCGCCAACTAG-1",7,12
"ACCATCGTATATGGTA-1",7,7
"ACCATTAAGGGTGTCA-1",2,2
"ACCCAACGCCCGTGGC-1",4,4
"ACCCACCTACATGCTC-1",3,8
"ACCCATCTTGAGGGTA-1",7,7
"ACCCATTTGTCCCTCT-1",9,15
"ACCCGAGCGAAATTAC-1",3,8
"ACCCGATTGGTTCCGA-1",3,3
"ACCCGGAAACTCCCAG-1",4,4
"ACCCGGAGCACCACAA-1",3,8
"ACCCGGATGACGCATC-1",7,7
"ACCCGGTTACACTTCC-1",3,9
"ACCCGTGTCATCAGTA-1",8,9
"ACCCTATAGGACTGAG-1",3,8
"ACCCTATGCCATATCG-1",5,9
"ACCCTCCCGTCAGGGC-1",5,3
"ACCCTCCCTTGCTATT-1",7,4
"ACCCTGGTAACGCCCT-1",8,9
"ACCCTTCATCTGCGAA-1",5,9
"ACCCTTGCCTGGGTCG-1",8,9
"ACCCTTTAGTTCTCCA-1",7,9
"ACCGAAAGGGCCCTGC-1",5,8
"ACCGAAGAGTCTGGTT-1",5,3
"ACCGACACATCTCCCA-1",4,4
"ACCGACTGAGTCCCAC-1",6,15
"ACCGAGTCTCCTTATT-1",9,13
"ACCGATAGGCATAACC-1",3,8
"ACCGATATTTAATCAT-1",5,10
"ACCGATGGTAGCATCG-1",7,7
"ACCGCAATAACTGCCT-1",4,4
"ACCGCGGTGGAAGTCG-1",4,4
"ACCGGGCCTTTGTTGA-1",7,7
"ACCGGTCAGGTACACC-1",3,8
"ACCGGTCTGAGTACGG-1",4,7
"ACCGTCCACTGGGCCC-1",5,3
"ACCGTGACCACGTGGG-1",3,8
"ACCGTTCCCGCTCTGA-1",5,9
"ACCTAAGTACCTTTCA-1",5,9
"ACCTAATCGACTTCCT-1",3,8
"ACCTACAGTATGTGGT-1",4,7
"ACCTACTATAAATCTA-1",8,9
"ACCTCCGCCCTCGCTG-1",9,13
"ACCTCCGTTATTCACC-1",4,4
"ACCTCGAACTTATGCT-1",3,2
"ACCTGCGTGTCATGTT-1",3,8
"ACCTTTCCTTTAGAAG-1",7,9
"ACGAAATGGGCGGCAC-1",9,15
"ACGACCCATGAGTTGC-1",2,10
"ACGACTCTAGGGCCGA-1",5,3
"ACGACTGGTCATACTC-1",3,8
"ACGAGAACCCATCACG-1",3,8
"ACGAGATATTTGCTTA-1",7,9
"ACGAGGATACCACTCT-1",5,9
"ACGAGGTTTACAACGT-1",5,12
"ACGAGTACGGATGCCC-1",4,4
"ACGATACATAGAACTA-1",4,12
"ACGATCATACATAGAG-1",4,4
"ACGATCATCTTGTAAA-1",7,7
"ACGATGCATATGTTAT-1",8,5
"ACGATGGATCCGATGC-1",7,7
"ACGCAAACTAATAGAT-1",5,3
"ACGCAATCACTACAGC-1",4,4
"ACGCATAAATGACATG-1",8,5
"ACGCATACGTTTACTA-1",9,12
"ACGCATTCGTGAGTAC-1",4,4
"ACGCCAGATGATTTCT-1",8,5
"ACGCCAGTGCGTTTGC-1",6,15
"ACGCCCAGCTGTCGAT-1",7,7
"ACGCCGCTAGACGACC-1",4,4
"ACGCGAAGTCAGACGA-1",4,4
"ACGCGCTACACAGGGT-1",7,7
"ACGCGGGCCAAGGACA-1",4,4
"ACGCGTTTCTTAAGAG-1",1,14
"ACGCTAGTATCAGTGC-1",5,3
"ACGCTAGTGATACACT-1",4,4
"ACGCTGTGAGGCGTAG-1",7,12
"ACGCTTAGTGTCTCTC-1",4,10
"ACGGAACACGAGTGCC-1",5,2
"ACGGAATTTAGCAAAT-1",3,8
"ACGGACTCTCAAAGCG-1",4,4
"ACGGAGCGCAAATTAC-1",8,5
"ACGGATGGTGCGGATA-1",8,5
"ACGGCACTTGCTTGGG-1",8,9
"ACGGCCAACATGGACT-1",8,9
"ACGGCGACGATGGGAA-1",4,4
"ACGGCGGGTTGCCCTG-1",7,7
"ACGGCTGGATGTAGAA-1",5,3
"ACGGGAGTGTCGGCCC-1",3,8
"ACGGGCGTATGCGACA-1",8,9
"ACGGGTCATGTGACTT-1",2,2
"ACGGTACAGTTCAATG-1",5,12
"ACGGTCACCGAGAACA-1",2,14
"ACGTACAGATTTCTCT-1",9,13
"ACGTACTTTGGCACGG-1",3,8
"ACGTAGATTGCTGATG-1",9,11
"ACGTAGGAGAGTCGCT-1",4,4
"ACGTATTACTCCGATC-1",4,4
"ACGTCCTAAACGAGAT-1",7,10
"ACGTCGGGCAACTCGG-1",2,14
"ACGTCTCGTTCCGGGA-1",4,4
"ACGTGACAAAGTAAGT-1",8,9
"ACGTGCGCCTCGTGCA-1",8,9
"ACGTGGTCGAATGTGC-1",4,12
"ACGTTAATGTCGAAGA-1",4,4
"ACGTTAGATTTGCCCG-1",7,7
"ACGTTATTGGTCACTC-1",9,15
"ACGTTCCGCGCTCCGT-1",5,9
"ACGTTCGCAATCAATT-1",4,9
"ACGTTCGTTCAGGAAA-1",5,9
"ACGTTCTGTACAAGTC-1",7,7
"ACGTTTAGTTGTGATC-1",8,9
"ACTAAGGACGCACACC-1",8,9
"ACTAATACGTCAGGCG-1",4,15
"ACTACAAAGAGAGGTG-1",5,3
"ACTACATCCCGACAAG-1",1,1
"ACTACCAGCTCTCTGG-1",7,9
"ACTACGCGTTAGAATT-1",8,9
"ACTAGTTGCGATCGTC-1",9,13
"ACTATATGCTGTGTTC-1",8,9
"ACTATCCAGGGCATGG-1",4,4
"ACTATCGCCGGCTAAA-1",2,14
"ACTATCTGCCCGCGTA-1",8,9
"ACTATGTCCAGCTGCC-1",3,8
"ACTATTCGTCCGTGGT-1",7,9
"ACTATTTCCGGGCCCA-1",5,9
"ACTCAACGAATGTATT-1",3,8
"ACTCAAGTGCAAGGCT-1",7,9
"ACTCAATAAAGGCACG-1",4,4
"ACTCAGACCTGCTTCT-1",3,8
"ACTCATGGCAGCCTTC-1",2,2
"ACTCCAATATCATCAT-1",3,8
"ACTCCCATTCCTAAAG-1",5,8
"ACTCCCGAATTCGTTT-1",4,4
"ACTCCCGTAGACTAGG-1",8,10
"ACTCCCTAATGCTAAA-1",4,4
"ACTCCCTAGAATAGTA-1",4,4
"ACTCCGGCCGACCACT-1",5,3
"ACTCGATGTATTTCAT-1",2,2
"ACTCGCCGTTCGATAA-1",5,3
"ACTCGCGATCTGACGC-1",5,9
"ACTCGTAACCCGTCCT-1",3,8
"ACTCGTCAGTAATCCC-1",4,4
"ACTCTAAACCTGGGAT-1",2,11
"ACTCTCTGACTTAGGT-1",4,4
"ACTCTCTTATACACGA-1",5,9
"ACTCTGACCTAATAGA-1",5,3
"ACTCTTCAGCTCCCGC-1",3,10
"ACTCTTGTATAGTAAC-1",4,4
"ACTGAAACGCCGTTAG-1",7,7
"ACTGAATGGCGAAAGT-1",7,13
"ACTGATTTAGTGATTC-1",4,9
"ACTGCCCGCCATTCTC-1",3,8
"ACTGCCGTCGTAACTC-1",7,13
"ACTGCGGACACACCGT-1",4,11
"ACTGCTCGGAAGGATG-1",8,9
"ACTGGCGAACCTGCGT-1",5,9
"ACTGGGATGCCAGTGC-1",8,5
"ACTGTACGATACACAT-1",4,4
"ACTGTAGCACTTTGGA-1",8,10
"ACTGTATACGCGAGCA-1",3,8
"ACTGTCCAGGATTATA-1",8,5
"ACTGTCTTCTTTAGAA-1",4,4
"ACTGTGCTAGTAGATC-1",3,8
"ACTGTTTAGTGTAGGC-1",7,10
"ACTTACCGGGCGCGCA-1",4,9
"ACTTACGCATCCACGC-1",8,5
"ACTTAGTACGACAAGA-1",3,8
"ACTTATACTTACCCGG-1",7,7
"ACTTATCTGATCTATA-1",7,4
"ACTTATTAGGATCGGT-1",9,11
"ACTTATTTATGTGCCA-1",7,7
"ACTTCAGGCTGATCCC-1",4,4
"ACTTCCAGTGGAAGCT-1",5,9
"ACTTCCATGCGGGACA-1",8,9
"ACTTCCTGTCGTGCGA-1",5,3
"ACTTCGCCATACGCAC-1",4,4
"ACTTCGCTAGCGAGTG-1",5,9
"ACTTGACTCCCTCTTT-1",4,4
"ACTTGCCATATTGTAC-1",7,10
"ACTTGCTCTATCTACC-1",5,5
"ACTTGGGACCCGGTGG-1",9,15
"ACTTGTAGTCCCTTCA-1",7,12
"ACTTGTGGATGGAACG-1",8,5
"ACTTTACCCTCATGAA-1",4,4
"ACTTTCCTATAGCTTC-1",9,13
"ACTTTGACTGCATCCT-1",7,12
"ACTTTGGTCGTGCTCC-1",5,3
"ACTTTGTCGACGCACT-1",5,10
"AGAAATTATGACTCGC-1",5,9
"AGAACCCAGCGTGACA-1",5,9
"AGAACCCTCAATTGGG-1",1,1
"AGAACGTGGTACATTC-1",4,4
"AGAACTGTACTTTGTA-1",5,12
"AGAAGGTACACTTCAC-1",5,12
"AGAAGGTTGCCGAATT-1",8,9
"AGAAGGTTGTAGGTCG-1",8,9
"AGAAGTGATTCGTGAT-1",7,7
"AGAATAAATCTTCAGG-1",2,2
"AGAATACAGGCTATCC-1",5,3
"AGAATGCGGGTTCGGA-1",8,9
"AGAATTATGGATTCGA-1",4,4
"AGAATTGTTTGACATA-1",3,8
"AGACAGCTCAGAATCC-1",3,2
"AGACAGGCATCTCAGC-1",5,10
"AGACATAGATCCTTCC-1",7,8
"AGACCAAACCACACCT-1",8,12
"AGACCATGGGATACAA-1",3,8
"AGACCCACCGCTGATC-1",4,4
"AGACCCGCCCTCCTCG-1",9,15
"AGACCGCTCCGCGGTT-1",4,4
"AGACCGGGAAACCCTG-1",7,7
"AGACGAAGTGCCGGTC-1",6,15
"AGACGACGATGCCGCT-1",5,9
"AGACGCCCACTTCGCC-1",3,8
"AGACGGGATTGGTATA-1",4,10
"AGACGGGCCGATTTAA-1",8,16
"AGACTAGCCTTCCAGA-1",4,4
"AGACTGTTACCGGGTC-1",5,9
"AGAGAAACACCAGAAA-1",3,8
"AGAGAACCGTCTAGGA-1",4,4
"AGAGAAGGAGTACAAT-1",5,8
"AGAGATCTCTAAAGCG-1",7,12
"AGAGCAGTTATGAGAC-1",3,8
"AGAGCCGCCGAGATTT-1",5,5
"AGAGCGCTTGTAACGG-1",8,9
"AGAGCGGGCTAATCAT-1",8,9
"AGAGCGTACAAGCTCG-1",9,11
"AGAGCTACGAAAGCAT-1",2,2
"AGAGGCTTCGGAAACC-1",7,4
"AGAGGGACAATTGTCC-1",8,9
"AGAGGTATCTCGGTCC-1",7,12
"AGAGTAAACTTCACTA-1",4,16
"AGAGTATAGTGTTACG-1",5,9
"AGAGTGAACAGACACC-1",5,3
"AGAGTTAGAGACCGAT-1",4,4
"AGAGTTGCAGGCCTCC-1",5,10
"AGATAACTTCAGGGCC-1",7,15
"AGATACCAATAGAACC-1",7,7
"AGATACCAGCACTTCA-1",8,9
"AGATACCGGTGTTCAC-1",7,7
"AGATACGACTTCATAT-1",7,7
"AGATACTCAAGATCGA-1",7,7
"AGATATAATACGACTA-1",4,9
"AGATCGTGCATAAGAT-1",4,4
"AGATCTCAGGTGTGAT-1",4,4
"AGATGACTCGCCCACG-1",8,9
"AGATGAGGGTTGCGAT-1",8,9
"AGATGATGGAGTCTGG-1",4,4
"AGATGCAAGACGTGCA-1",3,8
"AGATGCATCCTGTGTC-1",9,15
"AGATGCTATAACGAGC-1",9,12
"AGATTATAGGACGTTT-1",8,5
"AGATTCAAGCGGGTCG-1",8,10
"AGATTCACAACCGATA-1",5,9
"AGCAAAGGCCGCTAGT-1",4,4
"AGCAACATATCTTATT-1",4,4
"AGCAACCGAAAGTAAT-1",5,9
"AGCACACGTTTAGACT-1",3,8
"AGCACCAGTACTCACG-1",9,15
"AGCACTACCGGCCTGT-1",9,11
"AGCACTACCTCACCAG-1",4,4
"AGCACTTAAGGACGCC-1",3,8
"AGCAGAAGGAGAAAGA-1",4,9
"AGCAGCCAGATGAATA-1",8,9
"AGCAGTCGAAGCATGC-1",5,3
"AGCATATCAATATGCT-1",7,7
"AGCATCATTTCGAAAG-1",5,9
"AGCATCGTCGATAATT-1",8,9
"AGCATTACGAGGCAAG-1",3,8
"AGCCAAGCTTTGTGTC-1",8,9
"AGCCACAGGTTACCCG-1",8,9
"AGCCACTCCCGTGCTT-1",4,4
"AGCCATATAGTATGTG-1",5,3
"AGCCCATACATGTAAG-1",7,7
"AGCCCGCAACAAGCAG-1",5,9
"AGCCCGGCATTAGAGG-1",3,8
"AGCCCGGTAGCCTGTA-1",8,9
"AGCCCTAAGCGAAGTT-1",8,9
"AGCCCTCCCTGGTGGC-1",3,8
"AGCCCTGTCGCACCGT-1",7,7
"AGCCCTTCTAATCCGA-1",8,9
"AGCCCTTGGACATCCC-1",5,10
"AGCCGCAAATTCAAAT-1",9,11
"AGCCGTGGCTAAATGT-1",5,9
"AGCCTAATACCCACGT-1",5,12
"AGCCTTAAAGCGGAAG-1",3,8
"AGCGACAGGAACGGTC-1",5,9
"AGCGACATCCCATTCA-1",8,9
"AGCGACCAACGATATT-1",7,7
"AGCGAGACGTGAAGGC-1",3,8
"AGCGATGCGCCTAATA-1",7,7
"AGCGCATAATGAATCG-1",8,9
"AGCGCGGGTGCCAATG-1",4,4
"AGCGCTAGAGCGATGT-1",5,9
"AGCGCTTATGGGCAAG-1",4,9
"AGCGGACACTTCGTAG-1",9,13
"AGCGGCGGTTAGCGGT-1",5,12
"AGCGGGAAGGGTCCAT-1",7,7
"AGCGGGTCTGACACTC-1",8,9
"AGCGGTTGAGATGTAC-1",4,4
"AGCGGTTGCCGCTCTG-1",8,9
"AGCGTACGAGAGCTAG-1",3,8
"AGCGTAGCGCTAGACC-1",5,3
"AGCGTCTGAACCCGCA-1",3,8
"AGCGTGGTATTCTACT-1",4,4
"AGCGTTCCGATTTAAA-1",4,4
"AGCTAACAAGCAATGT-1",3,8
"AGCTAAGTACGCAGGC-1",4,9
"AGCTAGAAGCAGAAGT-1",4,9
"AGCTATTTAATCCAAC-1",7,7
"AGCTCCATATATGTTC-1",9,15
"AGCTCCTTCGCACATC-1",4,4
"AGCTCGTTGATGGAAA-1",8,9
"AGCTCTAGACGTTCCA-1",4,4
"AGCTCTTCCCAGTGCA-1",8,9
"AGCTCTTCGTAACCTT-1",4,4
"AGCTCTTTACTCAGTT-1",4,9
"AGCTGAAGTAAACCAA-1",4,4
"AGCTGCATTTGAGGTG-1",8,5
"AGCTGCTGTGCCGAAT-1",8,5
"AGCTGTAACCTCAATC-1",5,9
"AGCTTATAGAGACCTG-1",7,7
"AGCTTCAATACTTTGA-1",4,4
"AGCTTCTTCTCGAGCA-1",5,3
"AGCTTGATCTTAACTT-1",7,7
"AGGAAAGCCTCTGATG-1",5,10
"AGGAACGAACGACTTC-1",2,2
"AGGAAGCTGTCCGCCG-1",8,9
"AGGACAGTCGAATCCC-1",7,7
"AGGACATCGCACGTCG-1",7,7
"AGGACGACCCATTAGA-1",7,9
"AGGACGCTCGATGTTG-1",4,4
"AGGACTTATAGGAGAA-1",2,14
"AGGAGACATCCACAGT-1",8,9
"AGGAGAGTCTGGCTAC-1",5,9
"AGGAGGCCTTCGCGCG-1",7,11
"AGGATAAAGTCGGGAT-1",4,4
"AGGATATAGGGATTTA-1",7,7
"AGGATATCCGACTGCA-1",5,3
"AGGATCACGCGATCTG-1",5,8
"AGGATTGCTTACGACA-1",4,9
"AGGCAAAGAGGAATCA-1",7,7
"AGGCACGTGACTGTCC-1",5,3
"AGGCAGATGCGTAAAC-1",4,4
"AGGCAGGGAGCGTACT-1",8,9
"AGGCATTGTCGTAGGG-1",7,7
"AGGCCACATTGGTTAC-1",5,10
"AGGCCACCCGTTATGA-1",9,11
"AGGCCCAGTGACTGGT-1",2,2
"AGGCCCATTGTACAGG-1",7,7
"AGGCCCTAGAACGCCA-1",7,9
"AGGCCTATCATACCAA-1",6,15
"AGGCCTGAGAATCTCG-1",7,7
"AGGCGATAACTGGCGT-1",3,8
"AGGCGGTTTGTCCCGC-1",3,8
"AGGCGTCTATGGACGG-1",8,9
"AGGCTATGGTTAGCTT-1",9,15
"AGGCTTCCCGAAGAAG-1",8,9
"AGGCTTGCTAGACACC-1",9,11
"AGGGAAACGAGGTACT-1",8,9
"AGGGACAGCACGGCGG-1",7,7
"AGGGACCGGCTGCGTT-1",4,4
"AGGGACTCTACGCGAC-1",8,9
"AGGGAGACATACTTCG-1",4,4
"AGGGCAGCGGCGTGGT-1",7,7
"AGGGCCCTAATGTTCT-1",2,2
"AGGGCGAGCAGCTGAT-1",7,7
"AGGGCGTGATCGGCTA-1",9,15
"AGGGCTGCAGTTACAG-1",4,4
"AGGGTCAGAGCACTCG-1",5,3
"AGGGTCAGTAACCCTA-1",8,9
"AGGGTCGATGCGAACT-1",7,7
"AGGGTGCCGTTCTTTA-1",3,8
"AGGGTGCTCTCGAGGG-1",7,13
"AGGGTGTGCTACACGC-1",5,10
"AGGGTTCAGACGGTCC-1",5,3
"AGGGTTCCCTTTGGTT-1",4,4
"AGGGTTTAGTTCGGGA-1",4,4
"AGGTAACCTCCTATTC-1",3,8
"AGGTACGATATTGCCA-1",7,9
"AGGTAGATCGAGATAT-1",3,8
"AGGTAGGTACAAAGCT-1",6,15
"AGGTATAATTGATAGT-1",4,4
"AGGTATGCGGACATTA-1",4,10
"AGGTCAGGTGAGAGTG-1",5,8
"AGGTCGCCACTTCGGT-1",5,10
"AGGTCGCCTCCCAACA-1",3,8
"AGGTCGCGGAGTTACT-1",4,4
"AGGTGCACGTCCACAT-1",6,15
"AGGTGGTGACCTTCGC-1",8,9
"AGGTGTATCGCCATGA-1",9,11
"AGGTTACACCATGCCG-1",5,9
"AGGTTCTCCTTTCCGG-1",2,2
"AGGTTGAGGCACGCTT-1",4,10
"AGGTTTCACACACCTT-1",4,4
"AGTAACGTTCATCCTG-1",4,4
"AGTAATCTAAGGGTGG-1",5,2
"AGTAATGTCTTGCCGC-1",8,9
"AGTAATTTGCAAGCGT-1",2,12
"AGTACAGAAGCTTATA-1",4,16
"AGTACATCATTTATCA-1",4,4
"AGTACCTTCGAGTGCT-1",8,10
"AGTACGGCCCGTATCG-1",2,2
"AGTACGGGCACCTGGC-1",4,4
"AGTACGTGGCCTGTCT-1",4,4
"AGTACTCTTATGCCCA-1",7,7
"AGTAGAAGGCGCCTCA-1",5,3
"AGTAGCGTGAACGAAC-1",7,7
"AGTAGCTAGACGCCGA-1",8,5
"AGTAGGAAGGAAGTTG-1",8,9
"AGTAGGTAACATACAT-1",7,7
"AGTATAATACTAGGCA-1",9,11
"AGTATACACAGCGACA-1",5,3
"AGTATCCATAATAACG-1",9,10
"AGTATGCTGGAGACCA-1",3,8
"AGTATTTGGCACGACC-1",8,9
"AGTCAAATGATGTGAT-1",3,8
"AGTCAACACCACCATC-1",7,9
"AGTCAAGATGACACTT-1",7,7
"AGTCACTAGCTCTCGA-1",7,7
"AGTCACTCCGCCTCAT-1",7,7
"AGTCAGCCACCGCCTG-1",3,8
"AGTCCAGCGGGTACGT-1",9,11
"AGTCCATTGGCTGATG-1",7,4
"AGTCCCGCCTTTAATT-1",8,9
"AGTCCCTCGCAGAAAG-1",9,10
"AGTCGAAACGATTCAG-1",2,14
"AGTCGACGGTCTCAAG-1",7,7
"AGTCGGCCCAAACGAC-1",7,9
"AGTCGGCTCAACTTTA-1",7,7
"AGTCGGTTGCGTGAGA-1",4,4
"AGTCGTATAAAGCAGA-1",8,9
"AGTCGTCGACCACCAA-1",7,7
"AGTCGTGGGCATTACG-1",5,9
"AGTCTAAAGTATACTC-1",4,4
"AGTCTCACAAGACTAC-1",5,9
"AGTCTGGACATCCTTG-1",3,8
"AGTCTTCTCCTCAAAT-1",4,4
"AGTCTTTAAAGTGTCC-1",4,9
"AGTGAACAAACTTCTC-1",7,4
"AGTGAAGATGGTGTCC-1",8,9
"AGTGACCTACTTTACG-1",8,9
"AGTGACTGTGACACAA-1",3,8
"AGTGAGACTTCCAGTA-1",7,13
"AGTGAGCCTCGCCGCC-1",4,4
"AGTGAGGGTTTCTGAC-1",3,8
"AGTGAGTCGAATTAAC-1",9,13
"AGTGATAACCTGCGCG-1",7,7
"AGTGATATGAGTAGTT-1",4,9
"AGTGATTCAAGCAGGA-1",7,4
"AGTGCACGCTTAAGAA-1",7,9
"AGTGCGTAGCTCGTAA-1",4,9
"AGTGCTAAACACAGCA-1",7,7
"AGTGCTTGCACGAATA-1",7,7
"AGTGGCCCGCAAATGG-1",5,12
"AGTGGCGGCAATTTGA-1",4,4
"AGTGGCGTCTGAAGGT-1",8,9
"AGTGGCTCCGTCGGCC-1",7,15
"AGTGGTGTTACCCGTG-1",7,12
"AGTGGTTGCGTATAGG-1",9,13
"AGTGTATTGCGCATTG-1",8,9
"AGTGTGCTAAGATCGC-1",2,2
"AGTGTGGTCTATTGTG-1",3,10
"AGTTAAACACTTGCGA-1",7,16
"AGTTAAGCGGTCCCGG-1",8,9
"AGTTAAGTCAACCGCT-1",5,9
"AGTTACCCTTAAGACT-1",2,2
"AGTTACCGCACATGGT-1",3,10
"AGTTACTCTATCGTGG-1",8,9
"AGTTATTGAAAGGTAA-1",7,10
"AGTTCACCGGTTGGAC-1",2,2
"AGTTCCTACAGAATTA-1",6,6
"AGTTCCTATTTATGTT-1",4,4
"AGTTCTGCGTTGTATC-1",3,8
"AGTTGACATCGGCTGG-1",3,8
"AGTTGACGGTCCTTGC-1",8,9
"AGTTGCGGTCCTCAAC-1",2,13
"AGTTGCTGACTGATAT-1",3,8
"AGTTGGCAAGGCTAGA-1",7,7
"AGTTTATGTAAAGACA-1",8,9
"AGTTTCGCAGGTCGGA-1",5,9
"AGTTTGCACCTGCCTC-1",4,4
"AGTTTGGCACGGGTTG-1",7,7
"AGTTTGGCCAGACCTA-1",4,9
"ATAAACCATTGGACGG-1",7,7
"ATAAACGGACCCGTAA-1",4,4
"ATAAACGTTGCACCAC-1",7,12
"ATAAAGGCTCGGTCGT-1",6,15
"ATAAAGGTCAAGTACG-1",4,4
"ATAAATATTAGCAGCT-1",5,8
"ATAACGCCGGAGGGTC-1",4,4
"ATAACGGAGTCCAACG-1",4,4
"ATAACGTTACCTCCAC-1",8,9
"ATAAGCAAACACCGAG-1",8,5
"ATAAGGTGGAGAACAT-1",4,4
"ATAAGTACCCGATTGT-1",8,10
"ATAAGTAGGATTCAGA-1",4,4
"ATAAGTAGGGCGACTC-1",4,4
"ATAAGTTACCGCGACG-1",8,9
"ATAATACCGTTAGCCG-1",3,8
"ATAATAGCTGTTGAAT-1",4,4
"ATAATAGTGTAGGGAC-1",3,8
"ATAATCTTGGAGAACC-1",4,4
"ATAATTAGCTAAGTAG-1",8,9
"ATACAGGCCCTCCAAT-1",4,4
"ATACCACGGGCAACTT-1",3,8
"ATACCAGCAAATTGCT-1",7,4
"ATACCAGGCTAATAGA-1",5,7
"ATACCAGGTGAGCGAT-1",7,10
"ATACCCTGGCTCAAAT-1",7,9
"ATACCGTCATCCATAA-1",8,9
"ATACCTAACCAAGAAA-1",4,4
"ATACGAAGGCTTTCCA-1",4,10
"ATACGACAGATGGGTA-1",5,3
"ATACGCCGATCTACCG-1",3,8
"ATACGCCGGCGAAACC-1",8,5
"ATACGGAACGTCGTTT-1",5,9
"ATACGGGTTTCGATTG-1",4,4
"ATACGGTGAAGATGCA-1",2,2
"ATACGTACTTAGCCAC-1",4,4
"ATACGTCCACTCCTGT-1",7,7
"ATACGTTATGCACGGA-1",3,8
"ATACTACCCGTACCAC-1",7,7
"ATACTAGCATGACCCT-1",8,9
"ATACTCTCGCCACTCT-1",3,8
"ATACTGCCTTACACCG-1",7,9
"ATACTTGTTCTCGAGC-1",2,2
"ATAGACAACGGGACCT-1",4,4
"ATAGACGAAGAGAAAG-1",7,7
"ATAGAGTACTGGGACA-1",6,15
"ATAGAGTTATCAACTT-1",4,4
"ATAGATTTGCAGTCGG-1",7,9
"ATAGCAACTAGGGAAG-1",7,9
"ATAGCCTCAGTACCCA-1",3,8
"ATAGCTGCTCTTGTTA-1",2,2
"ATAGGAATCTAAGCTT-1",8,5
"ATAGGCGGCTATAGAA-1",7,7
"ATAGGCTAGCTTCGCA-1",4,4
"ATAGGGATATCCTTGA-1",8,5
"ATAGGTTGGGCAGATG-1",9,15
"ATAGTCTTTGACGTGC-1",7,9
"ATAGTGAAGCGTTCTC-1",4,4
"ATAGTTCCACCCACTC-1",4,4
"ATATAAAGCGCTCGTG-1",4,4
"ATATAAATGTAGCTGC-1",4,4
"ATATAACACGGGCGCA-1",5,8
"ATATACATGTATGGTA-1",4,9
"ATATACGCTCGTGACG-1",7,7
"ATATAGAGTATTGGTC-1",3,8
"ATATCAACCTACAGAG-1",4,4
"ATATCAATTCCAGCCT-1",9,11
"ATATCGGTAGGGAGAT-1",4,4
"ATATCGTGCCAGACCC-1",4,9
"ATATCGTTCCTCGAAC-1",7,7
"ATATCTCCCTCGTTAA-1",8,9
"ATATCTTAGGGCCTTC-1",4,4
"ATATGGGATAGCAACT-1",7,12
"ATATGTCTAGAGCGTG-1",4,10
"ATATGTCTCCCTAGCC-1",7,7
"ATATGTGCACAAACCA-1",8,9
"ATATTCAGTTAAACCT-1",7,9
"ATATTCCACATAGTGA-1",4,13
"ATATTCCCACAGGTCA-1",5,9
"ATATTGCTGTCAAAGT-1",3,8
"ATATTGGAGAGGCCTT-1",3,8
"ATATTTAACCCTCAAG-1",6,15
"ATCAAACACTGTTCCA-1",6,15
"ATCAAACGAAGGTTTG-1",5,9
"ATCAAGATCCCAGGAC-1",8,5
"ATCAATCTGGGCTGCA-1",4,4
"ATCAATGCCGTGGCTG-1",3,8
"ATCACATTAGAATATC-1",4,4
"ATCACGTGCTAATTAA-1",7,7
"ATCACTTCATCCTCGC-1",9,11
"ATCAGACGGCACGCCG-1",7,9
"ATCAGCCTCATGCTGC-1",7,7
"ATCAGCTCGTCCACTA-1",5,12
"ATCAGGTAGCTGACAG-1",5,9
"ATCAGGTCGCCATTGC-1",4,9
"ATCAGTAGGCAGGGAT-1",4,4
"ATCATAGCCCTATGTA-1",7,7
"ATCATCCAATATTTGT-1",4,4
"ATCATCTGCCCAGTGT-1",4,4
"ATCATGGACTACCGAC-1",5,3
"ATCATTGTACCGCATT-1",5,3
"ATCCAACGCAGTCATA-1",7,9
"ATCCAATGGAGGGTCC-1",7,7
"ATCCAATGGTACCGAA-1",9,15
"ATCCACATCGACAGAA-1",4,4
"ATCCACGCTAAATGTT-1",4,5
"ATCCACTTTCAGACTA-1",8,9
"ATCCAGAGCAACAACC-1",8,9
"ATCCAGGATTCGTGAA-1",4,16
"ATCCCATCCACAGCGC-1",3,8
"ATCCCATTTCCGTGGG-1",8,5
"ATCCTACCTAAGCTCT-1",4,9
"ATCCTGAATCGCTGCG-1",7,7
"ATCCTGCGTGGAATGG-1",4,9
"ATCCTGCTGCAGATAG-1",7,8
"ATCCTTCTGAAAGAAC-1",5,10
"ATCGACCCAATACAGA-1",4,4
"ATCGACTCTTTCCGTT-1",8,9
"ATCGCACGATTGTTCA-1",9,13
"ATCGCACGCCGGGAGA-1",4,4
"ATCGCCAGTCAACATT-1",9,11
"ATCGCTGCGTGCAGCA-1",8,5
"ATCGCTTTACGTCTCA-1",7,9
"ATCGGAGACAGACGGC-1",4,4
"ATCGGCAAGCAGTCCA-1",4,4
"ATCGGTTACCTAGTAA-1",2,2
"ATCGTATTCCGAGAAC-1",6,11
"ATCGTCCAATCGAGTC-1",2,2
"ATCGTGGAAAGTCTGG-1",3,8
"ATCGTTAGCTAGCGGA-1",7,7
"ATCGTTCACTTTCGCC-1",5,9
"ATCTAACGTCCCTATG-1",2,14
"ATCTAATATCCTACGG-1",4,4
"ATCTACCATCTGCTCC-1",5,3
"ATCTAGCTTGTGAGGG-1",5,9
"ATCTCATAAACCTACC-1",9,11
"ATCTCCCACGGAATAT-1",7,7
"ATCTCCCTGCAATCTA-1",9,15
"ATCTCGTGAGCGAAAC-1",4,9
"ATCTGACATGGAAGGA-1",5,9
"ATCTGATAGTGTCTTA-1",2,2
"ATCTGCACCTCTGCGA-1",4,4
"ATCTGCTGTTATCGCC-1",5,9
"ATCTGGGCTGTTCTTG-1",4,4
"ATCTGGTTAAGACTGT-1",4,4
"ATCTGTAATTGTACCC-1",7,10
"ATCTTAGGGCATTAAT-1",2,3
"ATCTTATCGCACACCC-1",7,12
"ATCTTGACCTGCAACG-1",9,11
"ATCTTGACTTGTCCAA-1",4,4
"ATCTTTCGTATAACCA-1",8,9
"ATGAAGCCAAGGAGCC-1",8,9
"ATGAAGTGGACCCAGC-1",6,15
"ATGACGCCGGCTCTAA-1",8,9
"ATGACGCGTTCTATCC-1",5,9
"ATGACTATCAGCTGTG-1",5,9
"ATGACTATGCGACATT-1",7,7
"ATGAGGAGTGTTAATC-1",9,15
"ATGAGGGCAGCGGCTA-1",7,10
"ATGATCGGGAATAGAC-1",7,7
"ATGATGCAATGGTACA-1",4,9
"ATGCACCTTCCTTAAT-1",2,2
"ATGCACGCGCTGTTCA-1",5,3
"ATGCACTACCGCATTG-1",7,4
"ATGCATGATCCAGGAT-1",4,11
"ATGCATTCCGTGATGG-1",7,9
"ATGCCAATCGCTCTGC-1",8,9
"ATGCCATTTGCGACCA-1",7,7
"ATGCCGGTCTTGCATA-1",4,11
"ATGCCGGTTGATGGGA-1",8,9
"ATGCGACAATTGGTCC-1",8,9
"ATGCGACAGTCCCATT-1",4,13
"ATGCGAGTCCCACCAC-1",4,4
"ATGCTCAGTGTTGCAT-1",9,11
"ATGCTCTGGCGCGGTA-1",4,4
"ATGCTTAGGAGTTGAT-1",9,15
"ATGGAAATTTAAGGAG-1",8,9
"ATGGAACAGAATAAAC-1",8,5
"ATGGAACCTTTGCACA-1",4,10
"ATGGAGCAGGCCGTGA-1",4,4
"ATGGATCCGGCGTCCG-1",9,11
"ATGGATTGACCAAACG-1",9,13
"ATGGCAGCATTACGAT-1",3,8
"ATGGCAGCCGAGAAAC-1",2,2
"ATGGCGGAATAGTCGC-1",7,9
"ATGGCTGGAAATGGCC-1",5,9
"ATGGGAACGGAAGCGG-1",4,4
"ATGGGACCTGCTGAAC-1",3,8
"ATGGGCCTCGGCCTCT-1",7,7
"ATGGGTGTATACCTCC-1",3,8
"ATGGTATTGGGAACCG-1",8,14
"ATGGTATTTACTGATT-1",2,14
"ATGGTCGCGTGGTTTC-1",7,7
"ATGGTGCTCAAAGCCA-1",7,10
"ATGGTTACGAAACATG-1",8,9
"ATGTAAGGCTGCTCTT-1",4,9
"ATGTACATGCGGTGAG-1",3,8
"ATGTACGATGACGTCG-1",8,9
"ATGTAGCGCGCGTAGG-1",4,4
"ATGTCATTTCCCATTG-1",2,2
"ATGTGAAAGCCTAATG-1",3,8
"ATGTGCATCCGACGCA-1",8,9
"ATGTGGACATCTTGAT-1",4,4
"ATGTGTAGTTTAGTCA-1",7,7
"ATGTTACGAGCAATAC-1",3,8
"ATGTTCCTGCCCACCT-1",9,13
"ATGTTCGTCGACCCAC-1",6,15
"ATGTTGATTAGAGACT-1",5,3
"ATGTTGTAGTCTGTTT-1",6,15
"ATGTTTCGGCCCGGAG-1",5,9
"ATGTTTGTAAGATCAT-1",8,5
"ATTAAACATGCGGACC-1",4,4
"ATTAACACCTGAGATA-1",1,1
"ATTAATACTACGCGGG-1",8,9
"ATTAATGAACCAGTCG-1",9,15
"ATTAATTCGGTCACTC-1",8,9
"ATTACAACTACCGGCC-1",8,9
"ATTACATGTCAGTCTT-1",9,11
"ATTACCACACTGCCTG-1",5,9
"ATTACGACTCCACAGT-1",8,9
"ATTACGCGCTGGCAGG-1",5,9
"ATTACGGGCTACGGTT-1",8,5
"ATTACTAGCCTCTTGC-1",7,7
"ATTACTTACTGGGCAT-1",4,4
"ATTAGATTCCTCAGCA-1",4,4
"ATTAGATTGATAGCGG-1",7,7
"ATTAGGCGATGCTTTC-1",4,4
"ATTATACTTTGCTCGT-1",8,9
"ATTATAGCTACTTTAC-1",4,9
"ATTATCGGAATGTACG-1",1,1
"ATTATCTCGACAGATC-1",5,9
"ATTATGAGACCCAATT-1",2,14
"ATTATGCCATAGGGAG-1",9,13
"ATTATGCTCAGTATTG-1",5,9
"ATTATTATGTCCGTCA-1",5,8
"ATTATTCAGAGTCACT-1",1,1
"ATTCAACCATTTAAGG-1",5,3
"ATTCACTGATGTTGGA-1",4,4
"ATTCAGATGAATCCCT-1",8,10
"ATTCAGGACCTATTTC-1",4,4
"ATTCAGGATCGCCTCT-1",4,4
"ATTCAGTAGCAGGGTC-1",3,8
"ATTCATATACTGTCCA-1",4,4
"ATTCATCGTTGAGGCA-1",7,7
"ATTCCCACATAAACAA-1",7,7
"ATTCCCGAAGGTACAG-1",5,3
"ATTCCTAAGACGTGGA-1",8,9
"ATTCCTCCGCCAGTGC-1",9,11
"ATTCCTTCCAGGCGGT-1",3,8
"ATTCGACGCCGGGCCT-1",9,13
"ATTCGCAGAGGACACT-1",8,9
"ATTCGCGCCTTGAGAG-1",7,7
"ATTCGTGCTATCTCTT-1",4,10
"ATTCTCGTCTCTTTAG-1",5,3
"ATTCTGAGTATGAACT-1",4,4
"ATTCTTCGTACTTATG-1",5,9
"ATTGAAGATCTTAGTG-1",7,7
"ATTGACCGGCGATGAC-1",8,5
"ATTGACGTAACTCGGT-1",7,7
"ATTGATAGCAACGAGA-1",3,8
"ATTGATCACCACATTT-1",9,15
"ATTGATGAGTCCTAAC-1",4,4
"ATTGCCTATTAGACCG-1",3,8
"ATTGCCTTTATGTTTG-1",5,9
"ATTGCGATCAGTAACT-1",7,13
"ATTGCTGCTCCTCCAT-1",9,15
"ATTGGATTACAGCGTA-1",6,15
"ATTGGGAATATCTTGG-1",1,1
"ATTGGGAGTTCTGTAA-1",8,5
"ATTGGTAGGATCCGCT-1",2,14
"ATTGTACAACTCGGCT-1",7,13
"ATTGTCGCAATACCTT-1",8,9
"ATTGTCTGTTTCATGT-1",7,7
"ATTGTGACTTCGCTGC-1",8,9
"ATTGTTCAACGATCCG-1",5,10
"ATTTAACTCGTATTAC-1",7,7
"ATTTACAGTTTACTGG-1",9,13
"ATTTACTAAGTCCATT-1",9,11
"ATTTATACTGGTAAAG-1",4,16
"ATTTCATTATTTCGCG-1",8,9
"ATTTCCGGGTTCTGCG-1",5,9
"ATTTGCCTAGTTACGA-1",7,10
"ATTTGCGCGAGTAGCT-1",5,9
"ATTTGGAGATTGCGGT-1",5,9
"ATTTGTCTTGGGAGCT-1",7,7
"ATTTGTTCCAGGGCTC-1",8,7
"CAAACCAGGTCTGCAT-1",9,11
"CAAACCCTCCGGCGGG-1",4,4
"CAAACGAGTATCGCAG-1",4,9
"CAAACGGTCGCACTTT-1",7,7
"CAAACGTGGTCTTGCG-1",7,9
"CAAACTACGATAGAGA-1",8,9
"CAAACTATTGAGCTTC-1",7,9
"CAAACTCGCGACGCCG-1",9,13
"CAAAGATTATTGGGCC-1",5,9
"CAAAGGTCATCTGAAA-1",5,10
"CAAAGGTTAAATTCAG-1",8,9
"CAAAGTCAGGTTAGCT-1",2,2
"CAAATCTCTCACAAGG-1",7,9
"CAAATGCGGAGTGTTC-1",7,10
"CAAATGTCCTTCCGTG-1",8,9
"CAAATTGGATTATGCC-1",8,9
"CAAATTGTCAGCAAGC-1",8,9
"CAACACATCTCCTGCC-1",4,9
"CAACAGAATAACGCTA-1",4,4
"CAACAGTGCCAAACGG-1",4,4
"CAACATGGCCTGATAA-1",5,10
"CAACCAGTGGCCTACC-1",3,8
"CAACCGCACCTAGACA-1",7,16
"CAACCTACCGAGCAGT-1",7,7
"CAACCTGAACCTGCCA-1",8,9
"CAACGACCCGTTTACA-1",7,7
"CAACGGTTCTTGATAC-1",9,11
"CAACGTGGTGGAGTCT-1",5,9
"CAACTATATCGAATGC-1",8,9
"CAACTCCAACGTTTAG-1",4,15
"CAACTCCGTAACTTGC-1",8,9
"CAACTCCTTGATCCCG-1",7,9
"CAACTGAGGGTATGAC-1",8,9
"CAACTGCTCATCCGAT-1",8,9
"CAACTTGTAGTGGGCA-1",3,8
"CAAGAAACCCTAAACT-1",8,9
"CAAGACTCAGAAGCGC-1",5,9
"CAAGAGGGCGGAGTAC-1",4,4
"CAAGATATTATAACGT-1",9,13
"CAAGCAACGTCGGAGT-1",9,15
"CAAGCACCAAATGCCT-1",8,5
"CAAGCGGCACATAATT-1",4,4
"CAAGGATCGCATGTTC-1",4,4
"CAAGGCCAGTGGTGCA-1",3,8
"CAAGGGAGTGTATTTG-1",7,9
"CAAGGTCCTATAGGCT-1",4,4
"CAAGTAAGTGATAGAC-1",5,9
"CAAGTGAACTTTGGTT-1",7,7
"CAAGTGTGGTTGCAAA-1",7,7
"CAATAAACCTTGGCCC-1",4,4
"CAATACGAGAGTCTGA-1",7,7
"CAATACGCTCTGAGGC-1",7,12
"CAATATGTAGATTTAC-1",8,5
"CAATATTCTTGACCTA-1",8,9
"CAATATTGGACTAGTG-1",5,3
"CAATCCATTATCCGTT-1",8,9
"CAATCCCTATACCAGC-1",8,9
"CAATCCTGCCGTGGAG-1",3,8
"CAATGACCCTTAATTT-1",8,5
"CAATGAGGTTCGACTA-1",8,9
"CAATGCGAGAAGTATC-1",4,4
"CAATGGAATCTACATA-1",4,9
"CAATGGATCTCTACCA-1",4,4
"CAATGGTCGGCCTGGG-1",7,7
"CAATGTGCCAACCCTT-1",4,4
"CAATTAAGGGTGATGA-1",9,13
"CAATTGGGCCGCACTC-1",9,11
"CAATTTCGTATAAGGG-1",4,4
"CAATTTGACCGGGAAG-1",5,16
"CACAAGAAAGATATTA-1",8,9
"CACAAGCTAAGAAAGG-1",2,2
"CACAATGAGCTGCTAT-1",8,9
"CACACACGCTAACGAG-1",9,13
"CACACAGCTTGCGCTC-1",4,9
"CACACAGGGATAGATT-1",9,7
"CACACGCGCTGTCTTA-1",7,7
"CACACGTTTCAATGGG-1",4,4
"CACACTTGTATTGCGA-1",8,9
"CACAGAGACGAGGACG-1",3,8
"CACAGCACCCACGGCA-1",9,15
"CACAGCTAGGGAGTGA-1",8,9
"CACAGGGCCATATAGT-1",7,7
"CACAGGGCCGTTGTCA-1",8,9
"CACAGTCCCGCTTCGC-1",9,11
"CACAGTTCGCTTCCCA-1",8,9
"CACATAAGGCGACCGT-1",7,9
"CACATATTAGCAGGAT-1",4,4
"CACATCGTGCACGCGC-1",5,3
"CACATCTCACCGACGA-1",4,4
"CACATGATTCAGCAAC-1",4,4
"CACATGTTTGGACATG-1",3,2
"CACATTCTTTCGATGG-1",8,9
"CACATTTCTTGTCAGA-1",4,4
"CACCAATCATCCGTCT-1",8,9
"CACCACGCCACACAGA-1",7,12
"CACCAGTCAGCATGCA-1",3,8
"CACCATCGGAGGAGAC-1",5,9
"CACCATGATCGCAAAG-1",8,9
"CACCCAAATCTTATGT-1",4,4
"CACCCACACGTCACCC-1",9,15
"CACCCACGAGGCAATT-1",4,4
"CACCCGGTTTGTGACT-1",8,9
"CACCCTAACAAGATCT-1",7,7
"CACCCTTGGTGAGACC-1",5,8
"CACCCTTTCCTCGCTC-1",3,10
"CACCGATACACCGAGC-1",5,9
"CACCGCCAGAAGGTTT-1",9,13
"CACCGCCGACCAGCGA-1",5,7
"CACCGCGTCCACTCTA-1",8,9
"CACCGGAGATATCTCC-1",4,4
"CACCGGGCATCACAAG-1",5,12
"CACCGGTAGAGACATT-1",2,2
"CACCGTATCCCATCCG-1",6,15
"CACCGTTAGGGATCAC-1",5,9
"CACCGTTGCGCGATAT-1",7,7
"CACCTAATAGAGTCGT-1",3,13
"CACCTAATCAGTTTAC-1",8,5
"CACCTCGATGGTGGAC-1",8,5
"CACCTCTACGAGTGTG-1",5,3
"CACCTTGCGAAACTCG-1",4,4
"CACCTTGGCGCCTTTG-1",7,4
"CACGAAAGTTAGTCCC-1",3,8
"CACGACCACAGACTTT-1",8,9
"CACGACGTAATAGTAA-1",8,5
"CACGACTAAAGTTCTG-1",7,7
"CACGATTGGTCGTTAA-1",4,10
"CACGCACAGCGCAGCT-1",4,10
"CACGCAGCGAGGCTTT-1",7,7
"CACGCGGAACTGTTGC-1",7,4
"CACGGACGTGGATGGC-1",8,10
"CACGGCGCGCCAAAGG-1",8,9
"CACGGGATTGAGGGTT-1",3,2
"CACGTCAATCAATGGA-1",3,8
"CACGTCGGCAACCTCT-1",5,9
"CACGTCGGGTTCTAGA-1",2,14
"CACGTCTATGATGTGG-1",4,4
"CACGTTCGTGCTCTAG-1",4,4
"CACGTTTCGTACACAC-1",7,7
"CACTAAAGTTGCCTAT-1",9,15
"CACTACGGGAGCTGCC-1",7,7
"CACTACTCAGTTCTGT-1",8,5
"CACTCAAGAGCTATGG-1",4,4
"CACTCAGCTCTTGAGG-1",7,7
"CACTCCTATGTAAGAT-1",5,9
"CACTCCTCTCGGTCGG-1",8,9
"CACTCGAGCTGAACAA-1",4,4
"CACTCGGTTAGGAGGA-1",1,1
"CACTCTCAAGCATCGA-1",5,3
"CACTCTTCTGCTAGCC-1",9,13
"CACTGACGATTGTGGA-1",8,9
"CACTGTCCAAGTGAGA-1",8,9
"CACTTAATCAGACGGA-1",4,4
"CACTTCGCCACAGGCT-1",9,11
"CACTTCGTCTTATCTC-1",2,2
"CAGAACTTAGCCCTCT-1",4,9
"CAGAATAACACACGGA-1",9,15
"CAGAATATTCGTTATC-1",5,10
"CAGACACCGATCGCTG-1",8,9
"CAGACCTGTAAGTGTT-1",4,4
"CAGACGAACCTGATAC-1",8,9
"CAGAGACGGTCACCCA-1",8,9
"CAGAGCATGAGCTTGC-1",4,10
"CAGAGGCGATGCATGA-1",8,9
"CAGAGTGATTTAACGT-1",7,7
"CAGATAATGGGCGGGT-1",3,10
"CAGATACTAACATAGT-1",7,7
"CAGATATGAAGATGAC-1",3,2
"CAGATCATTTAAAGTC-1",4,4
"CAGATCCTGGTTTGAA-1",5,9
"CAGATGTTTGTCCCAA-1",8,10
"CAGCAGCCCGTTCCTT-1",4,4
"CAGCAGTCCAGACTAT-1",7,13
"CAGCAGTCTGTGCTGC-1",4,9
"CAGCCCTCACAGGCAG-1",7,9
"CAGCCGGGCCCTCTAT-1",5,9
"CAGCCTCCTGCAGAGG-1",4,4
"CAGCCTCGATAGCGGT-1",2,14
"CAGCCTCTCCTCAAGA-1",8,9
"CAGCGATTCCCTTCAA-1",8,9
"CAGCGCCAACACGATA-1",9,15
"CAGCTCACTGAGACAT-1",9,15
"CAGCTCGACAAGTTAA-1",4,4
"CAGCTCGTGCTTGTGT-1",3,11
"CAGCTGGCGTAACCGT-1",7,7
"CAGCTTAGTAGGTAGC-1",3,8
"CAGGAAGACTTTATAT-1",8,9
"CAGGACAGCTGCCCTT-1",7,9
"CAGGATATATCGTTGT-1",4,4
"CAGGATCCGCCCGACC-1",9,11
"CAGGCAGTCTTACCAG-1",5,9
"CAGGCCAGTACCACCT-1",2,14
"CAGGCCGTTTGGGTGT-1",7,7
"CAGGCGCACGGTGGTC-1",5,9
"CAGGCGCCATGCTAGG-1",4,4
"CAGGTTTAGTACTACA-1",8,9
"CAGTAACTATTTATTG-1",4,4
"CAGTAAGGGACGTCTC-1",5,3
"CAGTAATCCCTCCCAG-1",9,11
"CAGTACATTCTCTAAA-1",4,9
"CAGTACCAGTTTACGT-1",5,9
"CAGTAGATGATGTCCG-1",6,15
"CAGTAGCCCACGCGGT-1",4,4
"CAGTAGCGAGGTAGTA-1",7,10
"CAGTCCAACGCCTTCT-1",8,9
"CAGTCGAGGATGCAAT-1",4,4
"CAGTCGGCCTAGATAT-1",4,4
"CAGTCTCTCGGCTAAT-1",7,7
"CAGTCTGTATACTGGG-1",4,4
"CAGTGAATAAATGACT-1",4,4
"CAGTGGTTGCACATGA-1",3,8
"CAGTGTCCGCAGAATG-1",8,5
"CAGTGTCGGCTGGCCC-1",7,7
"CAGTGTTAATCTCTCA-1",2,14
"CAGTTCAAATTGACAC-1",4,4
"CAGTTCCGCGGGTCGA-1",9,13
"CAGTTCGAGGACCCGA-1",5,3
"CATAACGGACAGTCGT-1",7,7
"CATAAGAAGCTTGGCT-1",4,4
"CATAAGCTCTCCGTCT-1",7,7
"CATAATGAGCGGGCGA-1",7,3
"CATACAAAGCCGAACC-1",7,12
"CATACACAAAGTCAGC-1",8,9
"CATACACGGTTCCCAC-1",8,9
"CATACCCGTACCCAGT-1",5,9
"CATACGAACTAGCTGG-1",3,8
"CATACGGCGTCTGGGC-1",4,4
"CATACGGGTGCATGAT-1",2,10
"CATACTATGTAATTGT-1",7,7
"CATACTTAGGCAATAC-1",4,4
"CATACTTCTTTCTCCG-1",5,9
"CATAGAGGAGATACTA-1",5,3
"CATAGCCGCCCGGGAT-1",9,11
"CATAGCGTTGCCCACC-1",8,9
"CATAGTACATTGAGAG-1",8,9
"CATAGTAGCATAGTAG-1",8,9
"CATAGTCAAATACATA-1",5,9
"CATAGTCCACAAGAAC-1",7,7
"CATATACTACTGATAA-1",4,9
"CATATAGGTACAGTCA-1",4,4
"CATATGTCAGGCTACG-1",7,7
"CATATTATTTGCCCTA-1",7,13
"CATCAAACTGGCGCCC-1",8,9
"CATCAACACCTACTAA-1",2,2
"CATCATCTACCCGGAC-1",7,9
"CATCATTACCCTGAGG-1",7,9
"CATCCAATATAGTTTG-1",3,2
"CATCCGCAGGCCCGAA-1",6,15
"CATCCTCTCAAAGATC-1",7,7
"CATCGAATGGATCTCT-1",3,10
"CATCGCCCGCGGCCAA-1",3,8
"CATCGGACGGGTTAAT-1",8,5
"CATCGTCCGGTTACTA-1",2,2
"CATCTACCCGAGAACG-1",8,5
"CATCTAGTGAAGGGAA-1",5,9
"CATCTATCCCGTGTCT-1",4,4
"CATCTGCAGGATCATT-1",2,10
"CATCTTACACCACCTC-1",7,7
"CATGAACCGACATTTG-1",3,8
"CATGAACCTCTTATCA-1",7,7
"CATGACTTCGCTGAAT-1",4,4
"CATGAGATGCACTCTC-1",7,7
"CATGATCGCTTTGAGA-1",2,2
"CATGATGCACAATTCT-1",8,5
"CATGATGGAAGTTAGC-1",7,4
"CATGCACGTGTTACTG-1",4,4
"CATGCATGGAGACCCT-1",7,7
"CATGCCAACTCGCAAA-1",7,7
"CATGCGACCAGTTTAA-1",4,4
"CATGCGTTAGACAGAA-1",8,9
"CATGCTGGCTCCAATT-1",5,9
"CATGGAAATGGGACCA-1",8,5
"CATGGATTGTCTTCCG-1",9,13
"CATGGCAGGAAGATCG-1",8,9
"CATGGGTATGCCTTAT-1",7,4
"CATGGGTCGGGTGTGG-1",4,4
"CATGGTAAGTAGCGTT-1",4,4
"CATGGTATTAGTTTGT-1",5,3
"CATGGTCTAGATACCG-1",4,4
"CATGGTTTATTAATCA-1",5,3
"CATGTAAGAGACATTT-1",7,7
"CATGTAGGAGCGCCAA-1",8,9
"CATGTCTCATTTATGG-1",7,7
"CATTACATAGATTGTG-1",8,9
"CATTACGCAGGAAGGG-1",6,15
"CATTACGTCGGCCCGT-1",8,5
"CATTATAACAGGGTCC-1",7,10
"CATTATCCCATTAACG-1",6,15
"CATTATGCTTGTTGTG-1",9,11
"CATTCACTGACAGCTA-1",7,7
"CATTCAGGTCAGTGCG-1",9,10
"CATTCCCATTCCGTCG-1",4,9
"CATTCCCTAAGTACAA-1",3,8
"CATTCGTCGTAGCGGT-1",2,2
"CATTGATGAACACGCC-1",8,9
"CATTGCAAAGCATAAT-1",4,4
"CATTGCGAAATGGGCG-1",6,15
"CATTGCGGGTCAATTC-1",8,9
"CATTGTGTGCTAGATC-1",2,2
"CATTTAGCGGACCATG-1",4,4
"CATTTATCGTTCAAGA-1",7,9
"CATTTCTAGCAGACTA-1",3,8
"CATTTGAGTGGTACGT-1",8,9
"CCAAACAGAACCCTCG-1",7,7
"CCAAAGCAGTTGGTTG-1",2,2
"CCAAAGTCCCGCTAAC-1",7,10
"CCAAATAACAAGATTC-1",9,12
"CCAAATCAAAGGGCAA-1",3,2
"CCAACCTTATGTAACT-1",5,3
"CCAACGATGCACTGAT-1",9,15
"CCAACGCTTGCCAGGG-1",8,16
"CCAACTTGATAGATCC-1",5,10
"CCAAGAAAGTGGGCGA-1",8,9
"CCAAGACTTCTGCGAA-1",8,9
"CCAAGCGTAACTCGTA-1",4,4
"CCAAGCTTGATCTCCT-1",7,9
"CCAAGGAACAGAGAGG-1",8,9
"CCAAGTTTCTACAGAT-1",2,2
"CCAATAGATTTCATCT-1",2,11
"CCAATAGTGCCGTCGA-1",7,7
"CCAATCGGTAGATCGA-1",8,9
"CCAATGTCACAGCAAG-1",7,7
"CCAATTACGGGTCGAG-1",7,7
"CCAATTGAATGTTAAT-1",8,9
"CCACAATGTACGTCTT-1",4,4
"CCACACTGAGATATTA-1",7,7
"CCACAGCTGAAATCAT-1",3,8
"CCACAGTACCCATCCT-1",7,7
"CCACATACTGCACCCA-1",5,10
"CCACATGGCTCTTTAT-1",9,11
"CCACCAACTTTACTGT-1",8,9
"CCACCCAAGGAAAGTG-1",4,4
"CCACCTGTATGGAATA-1",5,12
"CCACGAATTTAACCTC-1",4,4
"CCACGAGAAGAGAATC-1",9,15
"CCACGGAGCCATAAGA-1",7,7
"CCACGGCAGGTGTAGG-1",3,8
"CCACGGTGCCCGGTAG-1",4,4
"CCACGTAAATTAGACT-1",4,9
"CCACTAAACTGAATCG-1",3,10
"CCACTATCCGGGTCAC-1",4,9
"CCACTCAGATCCGCAA-1",5,3
"CCACTGGTGGCTGGTT-1",7,7
"CCACTGTTTGGATTAA-1",7,7
"CCAGAAAGCAACTCAT-1",5,9
"CCAGAGACAAAGCCGG-1",9,13
"CCAGATAGTTGAGTGA-1",4,4
"CCAGATGTAAATGGGT-1",8,9
"CCAGCCTGGACCAATA-1",4,4
"CCAGCGGGATCACCAG-1",5,9
"CCAGCTACGCCTCATA-1",3,8
"CCAGCTCGAACGCATT-1",8,9
"CCAGCTGATGGTACTT-1",9,13
"CCAGCTTCCGCCCGCA-1",3,8
"CCAGGCTGGCGTCTGA-1",3,8
"CCAGGGACGTGGCCTC-1",9,7
"CCAGTAGTCTGATCCA-1",4,4
"CCAGTCAAATCTCTTA-1",7,12
"CCAGTCCATTATTCGA-1",3,8
"CCAGTCTAGACGGCGC-1",4,4
"CCAGTCTTGTCATAGA-1",8,9
"CCAGTGAGCTCCTTGT-1",7,9
"CCAGTGTACAGACCGA-1",2,14
"CCAGTTCGGTAACTCA-1",7,7
"CCATAAACAACCCGAC-1",7,9
"CCATAACCTGTGCAGT-1",8,9
"CCATACCTTTACTTGT-1",4,4
"CCATACTCGCCTCTCC-1",6,11
"CCATAGAGGCTGCCAG-1",5,3
"CCATAGGTTGGCGTGG-1",8,9
"CCATAGTCAGTAACCC-1",3,8
"CCATATGGAAACTATA-1",6,15
"CCATATTGGATCATGA-1",9,15
"CCATCATAAGAACAGG-1",8,5
"CCATCCATACCAAGTC-1",7,7
"CCATCGCAGTTAAACT-1",4,4
"CCATCTCACCAGTGAA-1",7,7
"CCATCTTGTTCACAAT-1",7,9
"CCATGCCCTAGATTTC-1",7,7
"CCATGCCTGTTTAGTA-1",8,5
"CCATGCTCTGCAGGAA-1",8,9
"CCATGGCCCTTGTACC-1",9,15
"CCATGTTCATCTATAT-1",3,8
"CCATTAGCGATAATCC-1",7,7
"CCATTCCCTGCCCACA-1",9,7
"CCATTGTTTCCTCCAT-1",5,9
"CCATTTCTACCTATTA-1",4,4
"CCCAAACATGCTGCTC-1",7,7
"CCCAACATACGTCGCG-1",7,7
"CCCAACCACACTAACA-1",7,7
"CCCAAGAATGCACGGT-1",4,4
"CCCAAGACAGAGTATG-1",7,7
"CCCAAGTCATTACACT-1",5,3
"CCCAATGAGATTTGCA-1",5,9
"CCCAATTTCACAACTT-1",7,9
"CCCACTCCACGGTATC-1",8,9
"CCCAGAGGAGGGCGTA-1",4,4
"CCCAGGAAGAATTCGA-1",4,10
"CCCAGGTCTGAAGGCT-1",8,9
"CCCAGTAAACTTGGGA-1",5,9
"CCCAGTTAAGGCGCCG-1",7,7
"CCCATATAGGTCGATT-1",9,13
"CCCGAAGTTTCGCGAA-1",7,12
"CCCGACCATAGTCCGC-1",4,5
"CCCGAGTTTCTCCGTA-1",9,11
"CCCGATAGCCTCGCCT-1",5,9
"CCCGCAGCGCGAACTA-1",4,4
"CCCGCAGGGCCCAAAG-1",8,9
"CCCGCCATGCTCCCGT-1",9,11
"CCCGCGCAATGCACCC-1",3,8
"CCCGCTAGAGGGTTAA-1",4,4
"CCCGCTTGCCCTCGTC-1",7,7
"CCCGGCTAGGTGAGAA-1",2,14
"CCCGGGTCGTTCAGGG-1",8,9
"CCCGGTGGAAGAACCT-1",6,15
"CCCGGTGTATCGGAAT-1",5,9
"CCCGTAAGTCTAGGCC-1",5,9
"CCCGTAGCTGGGAAGA-1",5,9
"CCCGTCAGCGTCTGAC-1",9,15
"CCCGTGAGGGCGGTGA-1",4,4
"CCCGTGGGTTAATTGA-1",7,9
"CCCGTTTCGCAGATGT-1",4,4
"CCCTACCCACACCCAG-1",5,12
"CCCTACTTGAACAATG-1",5,12
"CCCTAGGCAACAAGAG-1",4,4
"CCCTAGTGTCAGGTGT-1",3,10
"CCCTATGTAGAGCAGA-1",3,8
"CCCTCAAGCTCTTAGT-1",2,2
"CCCTCATTCTGGAATT-1",7,7
"CCCTCCTCGCTCGTAT-1",9,11
"CCCTCGATAATACACA-1",3,8
"CCCTCGGGAGCCTTGT-1",7,10
"CCCTGAAATGAGTTGA-1",7,7
"CCCTGACTAACAAATT-1",7,12
"CCCTGATGTAACTCGT-1",9,15
"CCCTGCCCAATCCGCT-1",7,7
"CCCTGCGCTACGCATA-1",3,10
"CCCTGGCTGTTCCTTC-1",4,10
"CCCTGGTATGGGCGGC-1",7,7
"CCCTGTTGGCAAAGAC-1",2,2
"CCCTTCTCGTACGCGA-1",7,11
"CCCTTTAATGGAGTTC-1",7,7
"CCCTTTGACAGGTCTT-1",4,9
"CCGAAAGTGGTGAGCA-1",3,8
"CCGAACACTGGGCCTC-1",9,13
"CCGAACCTTCCCGGCC-1",4,4
"CCGAAGCATTGACCAA-1",5,3
"CCGAAGGGCGTACCGC-1",5,10
"CCGAAGTATATTGTTC-1",3,10
"CCGACAAACACATGAG-1",6,15
"CCGACAAAGGGAGTGC-1",9,15
"CCGACAATAGGCCGCC-1",9,15
"CCGACGGGCATGAGGT-1",5,9
"CCGACGTAAACACAAC-1",8,9
"CCGACTCGCATAGTCT-1",7,7
"CCGAGAAGTCGCATAA-1",8,9
"CCGAGCTGTGCTTGTC-1",8,5
"CCGAGGGATGTTAGGC-1",5,9
"CCGATATGACGTAAGG-1",5,10
"CCGATCTCAACCTTAT-1",7,7
"CCGATCTTAAGAGGCT-1",8,10
"CCGATTCGAGGGACCC-1",7,7
"CCGATTGGTCAATGAA-1",4,10
"CCGCACAAAGACCAAC-1",4,4
"CCGCACACGAACGTGT-1",5,10
"CCGCACGTGACCTCGG-1",3,10
"CCGCATGTGGTACGAT-1",4,4
"CCGCCACCACAATCCA-1",5,9
"CCGCCGGAACTTCTCG-1",5,12
"CCGCCGGTCAACACAC-1",7,7
"CCGCCGTTGAGGATAA-1",5,8
"CCGCCTGCGAATTGGT-1",8,9
"CCGCCTTGCGATGTCG-1",1,1
"CCGCGATTTGGTAGGT-1",7,12
"CCGCGCAAGATACCCA-1",5,3
"CCGCGGAATGCGTCAC-1",8,9
"CCGCGGGTACGAAGAA-1",3,8
"CCGCTATCAGCACCAG-1",4,4
"CCGCTCCAGGGCGATC-1",4,4
"CCGCTCTTCCGAACTA-1",7,7
"CCGCTGGTGCCATTCA-1",7,7
"CCGCTTACCTCACTCT-1",4,9
"CCGCTTCGCGGTTAAC-1",7,14
"CCGCTTGCTGACATGG-1",4,4
"CCGGAAGTTATCAGTC-1",5,10
"CCGGAATGGTTTCAGT-1",3,10
"CCGGAGCGTACTTTCT-1",8,9
"CCGGAGGTCTTATGGT-1",8,9
"CCGGCACGACCGTTTC-1",4,4
"CCGGCCGCGAGCATAT-1",5,9
"CCGGCGCATATTGGAT-1",7,7
"CCGGCGTGAGACTCTG-1",7,12
"CCGGGACCCGCAGAGA-1",7,7
"CCGGGCGGTCTCGTCA-1",4,4
"CCGGGCTAAGAATTTC-1",2,2
"CCGGGCTGCTCCATAC-1",7,7
"CCGGGTTCGAGGTTAC-1",5,9
"CCGGTAATGGCTAGTC-1",4,4
"CCGGTGCGAGTGATAG-1",2,10
"CCGGTTTGTAATTGTG-1",8,9
"CCGTAAGTTGGTCCCA-1",4,4
"CCGTACCCAAGCGCCA-1",3,8
"CCGTAGGAAATCCCTG-1",7,9
"CCGTAGGGTTGTTTAC-1",7,7
"CCGTATCTCGTCGTAG-1",5,9
"CCGTATTAGCGCAGTT-1",8,9
"CCGTCAACCTCTGGCG-1",2,2
"CCGTGAGGCATTCATG-1",4,11
"CCGTGCCCATGACGGC-1",1,1
"CCGTGGAACGATCCAA-1",4,4
"CCGTGTTAAATTCCAT-1",7,9
"CCGTTACGTTAGAACA-1",6,15
"CCGTTCCGAATCTCGG-1",7,7
"CCTAAACAGGGTCCGT-1",7,10
"CCTAAAGGCTGACGCT-1",8,9
"CCTAAATTAACGGTTC-1",4,4
"CCTAAATTGTATCCTA-1",9,10
"CCTAACCCAAACAAGT-1",7,7
"CCTAACTAAGGCTCTA-1",7,7
"CCTAAGTGTCTAACCG-1",5,9
"CCTACAAGTCCGGAAT-1",8,9
"CCTACATTCACAGACG-1",5,9
"CCTACGCGACCTTACA-1",4,10
"CCTACGGCTCAGTCGA-1",7,7
"CCTACTCAACACGATT-1",3,8
"CCTACTGCGGCGGCCA-1",5,10
"CCTACTGCTTACACTT-1",4,4
"CCTAGGCGTAGCGATC-1",7,7
"CCTAGGTAAAGGTAGC-1",9,12
"CCTAGTTAGTCGCATG-1",7,9
"CCTATAATGAGTGCCC-1",4,4
"CCTATACCGTCCTGTC-1",8,9
"CCTATATCGTGTCACG-1",5,3
"CCTATATTTGTCCTGG-1",8,9
"CCTATCTATATCGGAA-1",3,3
"CCTATGAAGTGGTGCC-1",4,4
"CCTATGGCTCCTAGTG-1",3,8
"CCTATGGGTTACCGTC-1",4,4
"CCTATGGTCAAAGCTG-1",4,9
"CCTATGTCCACTCCAC-1",5,9
"CCTATTATTCCGGCCG-1",5,3
"CCTCAACGATCGCTGT-1",8,9
"CCTCACCAATCTTGAC-1",7,7
"CCTCACCTGAGGGAGC-1",4,4
"CCTCACCTTAGCATCG-1",4,4
"CCTCACGTCAGCTAAT-1",5,8
"CCTCATGCAGCTACGA-1",3,8
"CCTCCCGACAATCCCT-1",5,9
"CCTCCGACAATTCAAG-1",9,13
"CCTCCTAGCTAGAGTC-1",2,2
"CCTCCTGAGCCCACAT-1",9,15
"CCTCCTGTTGTGTCGT-1",7,9
"CCTCGAAGTGGACGGG-1",7,7
"CCTCGACCCACTGCCT-1",7,7
"CCTCGCCAGCAAATTA-1",8,5
"CCTCGCGCGATATAGG-1",4,4
"CCTCGCGCTGTGCGAT-1",8,9
"CCTCGGACCGGGATAG-1",7,7
"CCTCGGATGCTACCTG-1",2,2
"CCTCGGTTTCCTTGCC-1",5,3
"CCTCGTTACGCCTGTT-1",8,5
"CCTCTAATCTGCCAAG-1",4,5
"CCTCTACAAGGATTGG-1",3,8
"CCTCTATCGATTAGCA-1",5,9
"CCTCTCTCCCATCTAG-1",7,7
"CCTCTGGCCTAGACGG-1",7,9
"CCTCTGTACTATTCTA-1",8,9
"CCTGAACGATATATTC-1",4,4
"CCTGAATATTTACATA-1",4,13
"CCTGACAAACTCGCGC-1",2,14
"CCTGACCACCGATGGT-1",4,4
"CCTGACGCAACCTTTA-1",4,4
"CCTGAGAATAAATGCA-1",3,8
"CCTGATTCGCGAAGAA-1",5,10
"CCTGCCCGTTGTCTAG-1",2,2
"CCTGCGATAGAACTGT-1",3,10
"CCTGCGTTCTACGCTT-1",1,14
"CCTGCTATTTGAGAAG-1",8,9
"CCTGGAAACGTTCTGC-1",4,4
"CCTGGCTAGACCCGCC-1",7,4
"CCTGGTCGAATGTGGG-1",4,4
"CCTGTAAGACATGATA-1",7,7
"CCTGTACTCACGCCCA-1",7,7
"CCTGTCACCCGGGCTC-1",9,15
"CCTGTCCCTCACGTTA-1",4,4
"CCTGTCGCCCGTAAAT-1",4,4
"CCTGTGCATAGGAGAC-1",7,10
"CCTGTGCGGATTGTAA-1",5,10
"CCTGTTCAACCTCGGG-1",5,3
"CCTGTTTGAAGACACG-1",7,7
"CCTTAAGTACGCAATT-1",5,3
"CCTTCAGTTAAAGTGA-1",8,9
"CCTTCCGCAACGCTGC-1",2,14
"CCTTCGTATAGAATCC-1",5,3
"CCTTCTCAGCGTTCCT-1",7,7
"CCTTCTTGATCCAGTG-1",8,5
"CCTTGACCACTTTATT-1",9,13
"CCTTGTGAACGTGGTT-1",5,3
"CCTTTAAGGGAGCACT-1",8,9
"CCTTTCAATGAAGAAA-1",4,4
"CCTTTGAATTATGGCT-1",5,3
"CGAAACATAGATGGCA-1",7,9
"CGAAACGCAATTCATG-1",7,7
"CGAACAGTATGGGCGT-1",7,7
"CGAACATAGTCAGAAA-1",8,9
"CGAACCCGCATGCGTC-1",6,15
"CGAACCTCTTTCCTAG-1",2,14
"CGAACGCCCAGTGCCG-1",7,9
"CGAACGGCCGGACAAC-1",3,8
"CGAAGACTGCCCGGGA-1",9,11
"CGAAGATCAGTTTCAT-1",4,16
"CGAAGCTATAAATTCA-1",4,4
"CGAAGGGTTTCAGATT-1",2,2
"CGAAGTTGCTCTGTGT-1",9,13
"CGAATCTGCTCGACGC-1",3,8
"CGAATGAAGTCATTGC-1",1,1
"CGAATGACGCATAATG-1",8,9
"CGAATTACATGGTGTT-1",4,4
"CGACAATTTGATCTAA-1",7,7
"CGACACCGCTTAAGGA-1",8,9
"CGACACGCTCCGACAG-1",7,7
"CGACACGGATGCCCAC-1",5,8
"CGACAGTTCGCGTTAT-1",6,15
"CGACATGCGATCTTCT-1",5,9
"CGACCCTTAACGCCGG-1",5,12
"CGACCTACTAGACAAT-1",4,9
"CGACGCATCCGTACCT-1",2,2
"CGACTCAGGATGTTAT-1",4,4
"CGACTCGGTACACGGT-1",5,10
"CGACTTTGTATAGCCT-1",4,4
"CGAGACCCTAGAGTGT-1",4,4
"CGAGACTACTGCTGCT-1",5,12
"CGAGAGATGTGAACCT-1",4,4
"CGAGAGCGCGTAGATA-1",1,1
"CGAGAGCTTTCACTAC-1",5,9
"CGAGAGGGTAGCCGCG-1",9,13
"CGAGATGTTGCCTATA-1",7,10
"CGAGATTTCGCTCGGG-1",7,9
"CGAGCACTTCAAGTTT-1",9,15
"CGAGCCGAGCACTCGA-1",2,14
"CGAGCGTTGATCAGCC-1",5,8
"CGAGCTGGGCTTTAGG-1",8,5
"CGAGGAGCTTCCATAT-1",8,9
"CGAGGATCGGGAACGA-1",8,9
"CGAGGCCAGGCATTGG-1",3,8
"CGAGGCTAAATATGGC-1",4,4
"CGAGGGACTGCGGTCG-1",4,4
"CGAGGGTATCCAGGTG-1",8,9
"CGAGTACTAAAGAGGA-1",7,7
"CGAGTGAAGGTACCAG-1",5,9
"CGAGTGCTATAGTTCG-1",3,8
"CGAGTTCTGTCCCACC-1",4,4
"CGAGTTTATCGGACTG-1",7,7
"CGATAACCAATTTGAG-1",5,9
"CGATAATACTCAGGTT-1",7,7
"CGATACCTCGCGGACA-1",5,3
"CGATAGCGATACAGTG-1",2,14
"CGATAGTCGTACTGCA-1",5,3
"CGATATTAGCCGCAGG-1",3,8
"CGATCATTAGAGGCAC-1",8,9
"CGATCCACCATTGTTG-1",1,1
"CGATCCGACCCAGTGC-1",7,7
"CGATCCTCGCAACATA-1",3,8
"CGATCGAGAAGCACCA-1",8,10
"CGATCTGTTGGAGGAC-1",7,7
"CGATGGACCCTACGCC-1",4,4
"CGATGTTGTTATCTAC-1",5,3
"CGATTAAATATCTCCT-1",4,9
"CGATTCGCCTGGCTGC-1",4,4
"CGCAAACACGAGTTAC-1",9,15
"CGCAATTACTTTCGGT-1",9,11
"CGCAATTAGGGTAATA-1",7,4
"CGCAATTCTACAATAA-1",9,13
"CGCACATGTCCACTAC-1",7,7
"CGCACGTCTGTTTATG-1",3,8
"CGCACGTGCGCTATCA-1",4,4
"CGCAGAAACATTTGCG-1",5,8
"CGCAGATCTTCACCCG-1",8,9
"CGCAGGCGATCCAAAC-1",6,15
"CGCATCATGGCTTCAG-1",5,9
"CGCATCCATCAGCCAG-1",8,9
"CGCATGCCGAATGCGT-1",5,7
"CGCATGGTGCGATGCT-1",4,4
"CGCATTAGCTAATAGG-1",9,11
"CGCCAAGAAGCCGAGT-1",7,7
"CGCCAATTATTGCGTT-1",2,10
"CGCCACAGGTCGCGAT-1",2,2
"CGCCACCCGCATTAAC-1",9,11
"CGCCATCCGATTATGA-1",4,4
"CGCCCAGCACGCCTAG-1",8,9
"CGCCCAGCGTTTCACG-1",5,9
"CGCCCGCTTCCGTACA-1",7,9
"CGCCCTAATTGTTCAA-1",2,14
"CGCCCTTACATCCACC-1",8,9
"CGCCCTTGAAGGCTGA-1",9,10
"CGCCGACTATTCGCTA-1",9,15
"CGCCGCCCATGCCTGT-1",7,7
"CGCCGGTGTCGCAGTA-1",5,8
"CGCCGTCTACCCATCG-1",4,9
"CGCCGTTCAGCATAGT-1",9,15
"CGCCTCCCTCCTCTAT-1",4,4
"CGCCTGGCCTACGTAA-1",3,8
"CGCCTTTAGCATGCTC-1",5,10
"CGCGAAGTGGCATACT-1",7,7
"CGCGACACTGCGCAGC-1",6,15
"CGCGACCGCGACAGAT-1",7,9
"CGCGAGAGGGACTTGT-1",8,9
"CGCGAGTCTGCCGGGT-1",5,9
"CGCGCAAATGTCCAGA-1",3,8
"CGCGCAAGGAACTACA-1",7,7
"CGCGCATGTTTGATTG-1",4,4
"CGCGCCCGACTTAATA-1",4,5
"CGCGGCAGTATTACGG-1",2,2
"CGCGGCTCAACTTGAA-1",7,4
"CGCGGGAATTAGGCAG-1",4,4
"CGCGGGAATTCCTTTC-1",5,3
"CGCGGTAAGTCTAGCT-1",4,9
"CGCGGTACGGTATACA-1",3,8
"CGCGGTCACAAACCAA-1",4,4
"CGCGTACATTCTGGAA-1",8,9
"CGCGTCATATTAAACC-1",7,9
"CGCGTGCTATCAACGA-1",7,13
"CGCGTGGGCCTGTGTT-1",2,10
"CGCGTTCATGAAATAC-1",9,15
"CGCTACCGCCCTATGA-1",7,12
"CGCTACGGGACATTTA-1",7,7
"CGCTAGAGACCGCTGC-1",4,4
"CGCTATACCGCCCACT-1",7,7
"CGCTATCGTGGCTTTA-1",5,3
"CGCTATTCAATGTATG-1",3,8
"CGCTATTCTTAGGCTC-1",5,9
"CGCTCGACATAATGAT-1",8,9
"CGCTCTCCGTAGATTA-1",9,13
"CGCTGAGGACGTCCAA-1",9,11
"CGCTGGTGACTACCCT-1",7,7
"CGCTGTGACGCCGCAC-1",8,9
"CGCTGTGTGGATGTTG-1",5,9
"CGCTTAGTATTGATAC-1",8,9
"CGCTTATTCCCGGTCG-1",7,7
"CGCTTCCACTGAAATC-1",7,7
"CGCTTCGGTCTAAGAC-1",3,8
"CGCTTGGACGGATAGA-1",3,8
"CGCTTTCATACCGGTG-1",7,7
"CGCTTTCCGCCAAGGT-1",5,3
"CGCTTTCTTGCATTCG-1",4,4
"CGGAAAGAATCAAACG-1",8,9
"CGGAAAGCAAATGTGC-1",2,2
"CGGAAATTTCACATCC-1",6,15
"CGGAACGTAAACATAG-1",7,9
"CGGACCTTTACGTCCC-1",4,16
"CGGACGTTACTTGAAG-1",7,11
"CGGAGCAATTTAATCG-1",8,9
"CGGAGCATGGCGATCC-1",4,4
"CGGAGCTTATAACACC-1",5,9
"CGGAGTCCTAACCTGG-1",8,9
"CGGAGTTTGAGAGACA-1",7,7
"CGGATAAGCGGACATG-1",9,15
"CGGATCCTCAAGGACT-1",8,9
"CGGATGAATGCTGTGA-1",3,8
"CGGCAAACATCGTGCG-1",4,4
"CGGCAATAAGATCGCC-1",7,7
"CGGCACCGTTAGCGCC-1",8,9
"CGGCACTCAAGAAAGT-1",3,8
"CGGCAGGGTCGGGTTG-1",4,4
"CGGCCACGCACAAAGT-1",4,12
"CGGCCAGAGCGACCAT-1",5,3
"CGGCCCAACCTGTAGT-1",4,4
"CGGCCCAGGTATATCC-1",4,4
"CGGCGCCATCAATCCC-1",7,7
"CGGCTCTAAAGCTGCA-1",7,4
"CGGCTCTTCGTCGAAC-1",5,9
"CGGCTGAAGGTTACGC-1",5,10
"CGGCTGCAAGATTAAG-1",7,7
"CGGCTTTGTATGATAA-1",5,7
"CGGGAACGCCCTGCAT-1",5,5
"CGGGAAGTACCGTGGC-1",2,14
"CGGGAATATAGTATAC-1",4,4
"CGGGAATTTATGTAAA-1",4,4
"CGGGAGCTTCAGTGTA-1",7,7
"CGGGAGTATACCGCCG-1",9,15
"CGGGATCAATGTAAGA-1",8,9
"CGGGCAGCTAAACCGC-1",6,15
"CGGGCCATAGCCGCAC-1",3,8
"CGGGCCTTCTTTGTAA-1",4,4
"CGGGCGATGGATCACG-1",4,4
"CGGGCTACTTAAATTG-1",8,11
"CGGGTGTACCCATTTA-1",4,4
"CGGGTTCGGCACGTAT-1",8,5
"CGGGTTGTAGCTTTGG-1",9,10
"CGGGTTTGTTAGGGCT-1",5,3
"CGGTACGGCAAACCCA-1",8,9
"CGGTACTAGAATCAAA-1",7,7
"CGGTAGAGGTGCAGGT-1",4,4
"CGGTATAGGTATTAGC-1",8,9
"CGGTCAAGTGGGAACC-1",4,4
"CGGTCAGTCCATATTT-1",2,10
"CGGTCCATGAGACTCC-1",8,9
"CGGTCCGTCGCAAGCC-1",8,9
"CGGTCTATCAACCCGT-1",8,9
"CGGTGAAGACTAAAGT-1",3,8
"CGGTGCAGATAGAACG-1",7,9
"CGGTGCGCGTTGGTCC-1",5,9
"CGGTGGGCTCCAGCCT-1",4,4
"CGGTGTACTTGATCCC-1",3,8
"CGGTTATCCAACAGTG-1",4,4
"CGGTTCAAGTAGGTGT-1",4,13
"CGGTTCCGGCTTCTTG-1",9,11
"CGGTTGACCTGGCATA-1",7,7
"CGGTTGAGTATCCTTC-1",3,8
"CGGTTGGGCAGGGTCC-1",4,16
"CGGTTGGGTTCAAGTT-1",4,16
"CGGTTTACTGAACATT-1",5,3
"CGGTTTATGAAGGAAC-1",8,9
"CGTAAACGCTTGAGTG-1",3,8
"CGTAAAGCAAGAAATC-1",3,16
"CGTAACGGAACGATCA-1",5,3
"CGTAACTTCGACACTT-1",5,3
"CGTAATAATTACGAGT-1",2,2
"CGTACCGAAAGTCTAG-1",2,2
"CGTACCTGATAGGCCT-1",8,5
"CGTAGAGAGTAATTAT-1",7,7
"CGTAGCGAATTGTCAG-1",7,9
"CGTAGCGCCGACGTTG-1",7,7
"CGTATCTAGAACTAAG-1",2,2
"CGTATTAAGAGATCTA-1",6,15
"CGTATTGTTTCCTAAT-1",5,10
"CGTATTGTTTGGCGCC-1",2,12
"CGTCAAATGGTCGCAG-1",8,9
"CGTCAAGGCTATAAAT-1",3,8
"CGTCAATCTTTAACAT-1",2,2
"CGTCACGTCCATTGGT-1",8,9
"CGTCAGCTATTTACTC-1",2,2
"CGTCAGTGCGCACAAG-1",4,16
"CGTCAGTTTATCGTCT-1",7,10
"CGTCATACCATATCCA-1",3,12
"CGTCCAGATGGCTCCA-1",2,14
"CGTCGCATGTGAGCCA-1",4,9
"CGTCGCGGCGGGATTT-1",2,2
"CGTCGCTTGGTTATAC-1",3,8
"CGTCGGATAGTGTTGA-1",4,4
"CGTCGGGTCTAAGCGC-1",5,9
"CGTCGTCCTTCGCGAA-1",4,4
"CGTCTCTCGCCGAGGC-1",5,9
"CGTCTGGAAGGGCCCG-1",8,9
"CGTCTTGAGTGTGACG-1",5,9
"CGTGAAGTTAATTCAC-1",4,4
"CGTGACATTGGGTCGT-1",8,9
"CGTGACCAGTCCTCTG-1",8,9
"CGTGCACACCACTGTA-1",7,7
"CGTGCAGACTGGGACA-1",4,4
"CGTGCATTGTCGACGC-1",5,9
"CGTGCCCGACATTTGT-1",7,10
"CGTGCCCTCCCGAAGA-1",4,4
"CGTGCTGGCCTAGTCG-1",3,10
"CGTGCTTCTACCTAAA-1",3,8
"CGTGGAAGCCTCGTAC-1",5,10
"CGTGGCCGAATATCTA-1",7,7
"CGTGGTACCCAAAGGC-1",5,3
"CGTGTCCCATTCGCGA-1",9,11
"CGTGTCTCGTTACGAC-1",3,8
"CGTGTGTTAAACCCTG-1",4,9
"CGTTAAACTAGTTAGG-1",9,4
"CGTTAATGTCCCGACG-1",7,7
"CGTTAGCTCACAACTG-1",8,9
"CGTTATCATACTTCCA-1",4,4
"CGTTCAAGGAAACGGA-1",5,3
"CGTTCAGACCCGCGAA-1",8,9
"CGTTCATGGTGCGCGT-1",5,9
"CGTTCTTCGCACACCT-1",8,4
"CGTTGAATACCGCGCT-1",8,5
"CGTTGAGCGACCGTCG-1",4,15
"CGTTGAGTAATTGCGT-1",8,9
"CGTTGCCCGCGTGGGA-1",5,3
"CGTTGTAAACGTCAGG-1",3,2
"CGTTGTAAGATTGATT-1",4,4
"CGTTGTCGGCAATTGA-1",8,9
"CGTTGTTTCAATTCCC-1",7,7
"CGTTTAAGCGGAGCAC-1",7,7
"CGTTTACAAGGCAGCT-1",8,9
"CGTTTCACTTCGGGCG-1",8,9
"CGTTTCGCTCATTACA-1",7,4
"CGTTTGGTGTTGTGGG-1",3,10
"CGTTTGTGTAGAGGGT-1",8,9
"CTAAACGGGTGTAATC-1",7,9
"CTAAAGAATGCCTACT-1",7,7
"CTAAAGGGAAATAGGA-1",4,4
"CTAAAGTCCGAAGCTA-1",5,10
"CTAAATCCGGTGTACA-1",5,8
"CTAAATCCTATTCCGG-1",4,4
"CTAACAGCACAATAAC-1",5,3
"CTAACCGCGCGCCCGT-1",7,7
"CTAACGAAACTTGCTG-1",4,4
"CTAACTGATAATCGCC-1",5,3
"CTAACTGGTCCGGTTC-1",5,9
"CTAAGGGAATGATTGG-1",4,4
"CTAAGTACAGGGCTAC-1",8,5
"CTAATTATGAAGCGTA-1",8,9
"CTAATTCGCACGCGCT-1",7,10
"CTAATTCTCAGATATT-1",4,4
"CTAATTTCAACAACAC-1",3,8
"CTACAAGAAATAACCC-1",5,9
"CTACACTAGCTTGTTC-1",9,10
"CTACACTCGCAGATGG-1",9,12
"CTACATATCGCGGGAC-1",2,14
"CTACCCTAAGGTCATA-1",4,4
"CTACGAACTAGGTCGA-1",7,7
"CTACGACTAGCTATAA-1",7,7
"CTACGATCCTATCCTA-1",2,2
"CTACGCACGGAGTACC-1",8,5
"CTACGCCATTTCCGAT-1",8,9
"CTACGTGTTGCCACCA-1",5,3
"CTACTATCATAGGTTT-1",5,9
"CTACTATCTTTCAGAG-1",4,4
"CTACTCAAGGTATAGT-1",5,9
"CTACTCTAGGCCCGGC-1",9,7
"CTACTGCCACCTGACC-1",9,13
"CTAGACATATATGTAG-1",8,5
"CTAGACTGCATTTCGT-1",5,9
"CTAGATAAACTCCTCG-1",7,7
"CTAGATGTGAGTGTAA-1",4,4
"CTAGATTTACGACGGC-1",4,4
"CTAGCAACTAATTTAC-1",5,10
"CTAGCATAGTATAATG-1",4,4
"CTAGCCACAGGCGAGC-1",3,8
"CTAGCCGATGTTATGA-1",4,4
"CTAGCGCCAATCCTAC-1",8,5
"CTAGCTTAATGGTCCC-1",5,10
"CTAGGCGCCCTATCAG-1",7,7
"CTAGGCGGCAGAGAAT-1",9,11
"CTAGGTCTGAAGGAAT-1",4,4
"CTAGGTTCGGACGTGA-1",4,4
"CTAGTAGAAAGGGATT-1",8,16
"CTAGTATTCGGAATTA-1",8,9
"CTAGTCACGTCTTAAG-1",4,4
"CTAGTGAAGGACAGGA-1",9,11
"CTAGTTACAACCCGGT-1",4,4
"CTAGTTGGGCCCGGTA-1",4,4
"CTATAAGAGCCAATCG-1",4,4
"CTATACTTAAAGCGAG-1",5,3
"CTATAGGCGTTGATGT-1",3,8
"CTATATCCAGCCTGGC-1",3,5
"CTATCACAACGCTGGA-1",9,13
"CTATCGACGAAATACA-1",7,7
"CTATCGCGTAGAGAAC-1",3,8
"CTATCGGGTCTCAACA-1",4,4
"CTATGCCCGAATGCAA-1",8,9
"CTATGGGAAGCGGAAT-1",7,7
"CTATGTCACTAGCCCA-1",4,4
"CTATGTCTATTGAAAC-1",5,7
"CTATGTGAGTCACGGC-1",5,3
"CTATTCATGTGTCCCA-1",4,4
"CTATTGTGTTTGGTCA-1",8,9
"CTATTTGCTTGGAGGA-1",5,3
"CTATTTGGTTACGGAT-1",4,4
"CTCAAACCACTGCCCG-1",5,3
"CTCAACTAACCCGGAT-1",8,9
"CTCAAGACATTAGCGC-1",8,9
"CTCACACGCAAGCCTA-1",8,9
"CTCACATTTACTAAAT-1",4,4
"CTCACCGATCCAAACT-1",8,9
"CTCACTGTGATACTTA-1",8,9
"CTCACTTGGCTGGTAA-1",7,7
"CTCAGAGCTAATGTCG-1",8,5
"CTCAGATTGTGATAAG-1",7,9
"CTCAGCAGACTGCCGA-1",8,8
"CTCAGGACTCACCTGT-1",6,15
"CTCAGTCACGACAAAT-1",4,4
"CTCATCACTTAGTGAT-1",5,9
"CTCATGGCTCACAATC-1",9,11
"CTCATGGTAATTTGCG-1",5,8
"CTCATTAACGTTGCCC-1",5,10
"CTCATTCGTGAACATC-1",1,1
"CTCATTGCTCTAACAA-1",8,9
"CTCATTTGATGGGCGG-1",8,9
"CTCCCAATGAGTCGCG-1",9,10
"CTCCCTCCTTTCGATC-1",5,9
"CTCCGAGTAAATCCGC-1",5,3
"CTCCGCCCACATGAGG-1",7,7
"CTCCGGCCTAATATGC-1",8,9
"CTCCGGCTTGTAGACA-1",3,8
"CTCCTAAGTTATGTCT-1",3,8
"CTCCTCCAGCTCACAC-1",8,9
"CTCCTGTTCAAGGCAG-1",5,10
"CTCCTTTACGCAAGTC-1",8,5
"CTCGAATGGAACGTAT-1",4,4
"CTCGAGACATACGATA-1",5,9
"CTCGAGATCCAAAGCA-1",2,2
"CTCGAGGTCGAACAGT-1",8,4
"CTCGATATTTGCGAGC-1",4,4
"CTCGCACCTATATAGT-1",4,4
"CTCGCATTGCATAGCC-1",5,3
"CTCGCCGAATGTAGGG-1",4,4
"CTCGCTAGGTAAGCGA-1",5,12
"CTCGGGATAACACCTA-1",7,9
"CTCGGGCATCGTCGGG-1",7,9
"CTCGGGTTCTCTGGCC-1",3,8
"CTCGGTACCACTGCTC-1",7,7
"CTCGGTCCGTAGCCTG-1",7,7
"CTCGGTTGTCGGCCCT-1",5,9
"CTCGTCGAGGGCTCAT-1",3,8
"CTCGTCTGTGCCTTCG-1",5,3
"CTCGTTACGGCTACCA-1",5,3
"CTCGTTTCTAATGTTT-1",9,13
"CTCTAATGCATTGATC-1",4,4
"CTCTACACTGGCGATT-1",7,9
"CTCTACATCCTGCGTG-1",4,16
"CTCTAGCCCTCGGAAA-1",5,3
"CTCTATTTGGCTGCAG-1",4,4
"CTCTCACAATCGATGA-1",4,4
"CTCTCGATGTGCGCCT-1",7,10
"CTCTCGCTGTACTATG-1",2,2
"CTCTCTAACTGCCTAG-1",5,9
"CTCTGCAGGCATTCTT-1",3,8
"CTCTGCGAAGCAAGCA-1",5,3
"CTCTGGACGCCTGGTG-1",9,11
"CTCTGTCCATGCACCA-1",5,10
"CTCTGTGCCTGCTATG-1",9,11
"CTCTGTTTGAGGATTC-1",7,9
"CTCTTCTATTGACTGG-1",9,11
"CTCTTCTGGAAGTTAG-1",5,9
"CTCTTGTCCCGCTTGG-1",8,9
"CTGAAACGGCCCTCAG-1",8,9
"CTGAAAGAGATCCGAC-1",8,5
"CTGAATCCGAGACCTC-1",8,9
"CTGAATTTATTGCCAG-1",4,4
"CTGACTGCGCAGCTCG-1",4,4
"CTGAGAAAGTTCGGCG-1",9,11
"CTGAGCAAGTAACAAG-1",3,8
"CTGAGCGAGACTTATT-1",5,9
"CTGATAGTGTATCTCA-1",9,11
"CTGATCCCTTTATGCA-1",3,8
"CTGCAAATGGGCTCCA-1",7,10
"CTGCAAGCACGTTCCG-1",7,7
"CTGCACAACTACATAT-1",4,4
"CTGCACCTAGTCCACA-1",8,9
"CTGCACCTGGAACCGC-1",7,7
"CTGCACTCCAGTACAG-1",4,4
"CTGCAGAGAATCAGAG-1",6,15
"CTGCCAAGGTTGGAAG-1",4,4
"CTGCCATGCATCACAT-1",4,4
"CTGCCCACGAAGCGTT-1",1,1
"CTGCCTAGCCACCAAG-1",5,9
"CTGCCTCATATGCAAC-1",4,9
"CTGCCTTTAATACCTT-1",3,8
"CTGCCTTTCTAGTAAA-1",7,7
"CTGCGACCTCGCCGAA-1",4,16
"CTGCGATTTCGAGATT-1",5,7
"CTGCGGGTGAAATGTT-1",9,11
"CTGCGGTAGTCACGTG-1",5,9
"CTGCGTTACGATATAA-1",8,9
"CTGCTGAGGCCACGAA-1",5,9
"CTGCTGTCTAACGAGC-1",5,9
"CTGCTTGGCGATAGCT-1",4,4
"CTGCTTTATGTCCGCG-1",8,5
"CTGGAAATGGATGCTT-1",9,11
"CTGGAAGACACGGTGG-1",7,7
"CTGGACGCAGTCCGGC-1",4,12
"CTGGATTTACACTTGA-1",4,4
"CTGGCATCCGAATGAG-1",7,7
"CTGGCGACATAAGTCC-1",8,9
"CTGGCGCACAGGTCTG-1",7,7
"CTGGCGGGAATAAGTA-1",3,8
"CTGGCTCCTGCGGGAT-1",3,8
"CTGGCTGATTCATCCT-1",7,7
"CTGGCTGCTAACGTAA-1",9,11
"CTGGCTGGTTGTCAGT-1",8,9
"CTGGGATAAATAATGG-1",7,7
"CTGGGATACGCTACCC-1",4,10
"CTGGGATCGCCCAGAT-1",7,10
"CTGGGCACTAGTCGGA-1",8,10
"CTGGGCCTGCTATATC-1",3,8
"CTGGGCGGCCAAATGT-1",4,4
"CTGGGCTATCCTTTGG-1",8,5
"CTGGGTAGGCAGTTAA-1",7,7
"CTGGGTTGAGTTAAAG-1",5,9
"CTGGTAAAGACTTACA-1",5,2
"CTGGTAAAGTGTGGGC-1",9,11
"CTGGTAACACATAGAA-1",7,7
"CTGGTAACGAGCTCTT-1",4,4
"CTGGTCATTCCAATCC-1",3,8
"CTGGTCCTAACTTGGC-1",5,9
"CTGGTGAATGGGCCTA-1",3,2
"CTGGTTCAACGCATCA-1",3,8
"CTGGTTCGCGAGCTAC-1",5,9
"CTGGTTTCGAGCAAGA-1",7,7
"CTGTACTTCTTAGCAT-1",4,4
"CTGTAGCCATCTCACT-1",8,9
"CTGTAGTGAGGATCGA-1",5,3
"CTGTATGGTGTAGAAA-1",3,8
"CTGTCAAATGGCTCGG-1",4,4
"CTGTCACGCCAGGCGC-1",8,9
"CTGTCTGTGGCTGGCT-1",9,11
"CTGTGCAGGGTAGGTC-1",4,4
"CTGTGGTCGGGAGATA-1",7,7
"CTGTTACCCAATCTAG-1",4,4
"CTGTTCACTGCCTGTG-1",8,9
"CTGTTCATCTCACGGG-1",3,8
"CTGTTGGCTCTTCTGA-1",1,1
"CTGTTGTTCAGTCGTA-1",3,2
"CTTAAATAAGACCCAT-1",2,2
"CTTAACTTCGAAGTAC-1",5,9
"CTTAAGCAGCGAGCCG-1",8,9
"CTTACACGGTATTCCA-1",7,7
"CTTACACTGGGAAATA-1",7,7
"CTTAGATGTTTCATCC-1",4,16
"CTTAGCCCGGATAGTG-1",2,2
"CTTAGCCTTCCACATG-1",9,11
"CTTAGGTATAGACCAG-1",3,2
"CTTAGGTCCCAATCGT-1",5,10
"CTTAGTAGGCCTACAG-1",4,4
"CTTAGTGTAGTAGCAT-1",8,9
"CTTAGTTGAGGAATCG-1",3,8
"CTTATAGATGGCTGTT-1",3,8
"CTTATGCGCTCAGGGC-1",7,12
"CTTATGTTGACTACCA-1",3,8
"CTTCAACTCCACTTGG-1",8,9
"CTTCACGCCCTGGTAC-1",2,2
"CTTCAGTGGTCGCCTA-1",5,9
"CTTCAGTTGGACAACG-1",5,12
"CTTCATAGCTCAAGAA-1",9,15
"CTTCATTGTCAGTGGA-1",4,16
"CTTCCGCTCCGTGAAG-1",8,9
"CTTCCTGCATATTTAC-1",8,5
"CTTCGATTGCGCAAGC-1",7,7
"CTTCGTAGATAGGTGA-1",7,7
"CTTCGTGCCCGCATCG-1",7,10
"CTTCTATGTTGAAGTA-1",7,7
"CTTCTATTAATGCTAG-1",8,9
"CTTCTGGGCGTACCTA-1",3,8
"CTTCTTACGTCGTATA-1",5,9
"CTTGACCCGAAAGATA-1",5,9
"CTTGAGGTTATCCCGA-1",3,8
"CTTGAGTTAGGGTAAT-1",7,7
"CTTGATGACCATCCAG-1",5,3
"CTTGCAACCGCCTCCT-1",7,7
"CTTGCCCACCCACGCA-1",5,3
"CTTGCCCAGGCTCTAC-1",8,9
"CTTGGCCAAGCTGGGA-1",8,9
"CTTGTACTTGTTGACT-1",8,9
"CTTGTCAACATTCGAG-1",4,4
"CTTGTCGTACGTGTCA-1",7,7
"CTTGTGAGGACAGCGG-1",5,10
"CTTGTGAGTCTTTGAC-1",3,8
"CTTGTGCTCACCGATT-1",4,4
"CTTGTTGCTGAGTCAA-1",7,7
"CTTGTTTATGTAGCCA-1",3,8
"CTTTAACTTTCAAAGG-1",4,10
"CTTTAATATTGGTCGA-1",4,4
"CTTTACCGAATAGTAG-1",7,7
"CTTTAGGAACACTGTT-1",7,7
"CTTTAGTGCTATTATT-1",4,4
"CTTTCTGTGCGGGCTT-1",4,4
"CTTTGAAACATATTCC-1",5,10
"CTTTGACGTCGCTTCT-1",4,10
"CTTTGCATCGCTCTTG-1",5,9
"CTTTGCTGTCATGGAT-1",5,10
"CTTTGGCAGACAGAGT-1",8,5
"CTTTGGCGCTTTATAC-1",9,15
"CTTTGGCTTTAGTAAA-1",7,7
"CTTTGGGATTGTTGCA-1",5,9
"CTTTGTCGAATGCTCC-1",5,3
"GAAACAGATGACCACC-1",7,7
"GAAACAGCCATGCAGT-1",6,15
"GAAACATAGGAAACAG-1",3,8
"GAAACCATGGTGCGCT-1",4,4
"GAAACCGAATTACCTT-1",4,9
"GAAACCTATACAAATG-1",8,9
"GAAACTCGTGCGATGC-1",3,8
"GAAACTCTAATGAAGG-1",7,9
"GAAAGAACAGCGTTAT-1",4,4
"GAAAGCAGTGCACTTT-1",8,9
"GAAAGCCCTTTGGACC-1",9,15
"GAAAGTGACTAACTGC-1",5,3
"GAAATACCTGCTGGCT-1",4,4
"GAAATACTAAACGTTT-1",9,13
"GAAATATCACCATCAG-1",3,8
"GAAATATGCTTGAATG-1",8,9
"GAAATCGCGCGCAACT-1",8,5
"GAAATCTGACCAAGTT-1",2,14
"GAAATGGCGGTGTTAG-1",8,5
"GAAATGGGATGTAAAC-1",3,8
"GAAATTAGCACGGATA-1",4,4
"GAAATTCACATCGCTG-1",9,15
"GAAATTGTCTCTATAA-1",8,9
"GAACAACTGGGATGAA-1",4,7
"GAACACACATCAACCA-1",8,9
"GAACAGATTACTAAAT-1",4,4
"GAACATTAGTATGTTA-1",8,10
"GAACCATCTGGGAGAC-1",7,10
"GAACCCTCTGTGTTCT-1",4,4
"GAACCTCGACCTACAC-1",7,12
"GAACCTTTAACGATCC-1",8,9
"GAACGACCGAATGATA-1",8,9
"GAACGATAAGTTAAAG-1",8,9
"GAACGCGGGTCACACG-1",4,9
"GAACGGTGTAAAGCAG-1",8,16
"GAACGTCTCATGGTCG-1",4,4
"GAACGTTAGGAAGACG-1",9,15
"GAACTGTGGAGAGACA-1",5,9
"GAACTTAGCGCCCGGT-1",8,5
"GAACTTGTGCACGGGA-1",8,9
"GAAGAAACGATATTGT-1",3,8
"GAAGAACGGTGCAGGT-1",3,8
"GAAGACTTCAATGCCG-1",7,9
"GAAGCAAGGCAATGTT-1",9,11
"GAAGCCACTGATTATG-1",4,9
"GAAGCCGGGTAAGCTC-1",2,14
"GAAGCCTGCACATTCC-1",8,9
"GAAGCGTGAGGAATTT-1",9,15
"GAAGCTCGGACCCGTC-1",5,9
"GAAGCTCTTTGCTTAG-1",2,14
"GAAGCTTGCTGACCGC-1",7,7
"GAAGGACTAAATTGAA-1",7,10
"GAAGGAGTCGAGTGCG-1",8,9
"GAAGGCTACCATTGTT-1",8,9
"GAAGGGCATAACCATG-1",5,2
"GAAGGGTCATTAAGAC-1",5,3
"GAAGTCAGTTGCACTA-1",8,9
"GAAGTCTCCCTAGCGA-1",7,7
"GAAGTGATTTATCGTG-1",7,7
"GAAGTGCTGGATAGCT-1",8,9
"GAAGTTTCCACTCAAT-1",7,13
"GAATAGACGCGACCCA-1",4,4
"GAATAGCATTTAGGGT-1",5,10
"GAATAGCCCTGCGGTC-1",8,5
"GAATAGTGCTCGATTA-1",5,8
"GAATATTCGGAGTCCC-1",8,9
"GAATCGACATGGTCAC-1",9,11
"GAATCGCCGGACACGG-1",3,8
"GAATCTATACTCGGAC-1",4,4
"GAATCTGAACATTCTC-1",4,4
"GAATGAAGGTCTTCAG-1",8,9
"GAATGCCGAAATGACC-1",3,8
"GAATGCGAATCGGTTC-1",8,9
"GAATGGGCTTATCGAC-1",1,1
"GAATGTATGGCAGGTC-1",8,9
"GAATGTGGTCCGGATT-1",7,7
"GAATGTTGGGTAATCT-1",4,10
"GAATTATAGTGAAAGG-1",4,4
"GAATTATGCAACCTAC-1",5,3
"GAATTCACCCGGGTGT-1",4,9
"GAATTTCTCGCTGCAG-1",7,7
"GACAAACATATGCAGG-1",7,4
"GACAACGACCATTGAA-1",4,4
"GACAACGCAGCTTACG-1",6,15
"GACAAGAGATGAGATT-1",5,9
"GACACAAGGGAAGAAA-1",4,4
"GACACAGCCGGGACTG-1",5,2
"GACACGAGTTAGAGGA-1",3,10
"GACACTGAGTTCAGTG-1",4,9
"GACACTGGAACCCGAT-1",9,13
"GACACTTCCAATTACC-1",5,3
"GACAGATTTCTGGCTC-1",7,12
"GACAGCCAGACCTGAC-1",7,7
"GACAGGCACACACTAT-1",7,7
"GACATACTGTCGCAGA-1",2,2
"GACATCCGTCGAACTG-1",4,9
"GACATCGATTTATAAC-1",8,9
"GACATTTCGCCCAGCC-1",2,14
"GACCAAACGTTGACTG-1",6,15
"GACCACACTTCCCTTT-1",5,8
"GACCAGAGCCCTGTAG-1",7,7
"GACCAGGTCATTCATA-1",7,13
"GACCCAATTATGATAC-1",5,9
"GACCCGTCGCCGGCTA-1",5,9
"GACCGACCGCTAATAT-1",7,9
"GACCGACGTGAAAGCA-1",4,4
"GACCGACTGAAGCGTC-1",9,15
"GACCGATTAAATATGT-1",2,2
"GACCGTCAGGTCGTGA-1",8,9
"GACCGTGCTGACGGTG-1",4,4
"GACCGTTACATGCGAC-1",2,14
"GACCTTCCACGTCTAC-1",4,9
"GACGACGATCCGCGTT-1",4,4
"GACGACTTTCCAAGAA-1",7,9
"GACGAGGCTAATAAAC-1",8,5
"GACGCATACCCGTCGG-1",5,3
"GACGCCGTAAAGGCTA-1",8,9
"GACGCCTGTTGCAGGG-1",3,8
"GACGCTTGCTTCTAAA-1",7,7
"GACGGACCGCGTTCCT-1",7,3
"GACGGGATGTCTTATG-1",5,9
"GACGGGTTGGCCCGTA-1",8,9
"GACGGTCAATAGAAGC-1",4,4
"GACGGTCCTAGGGTGT-1",5,10
"GACGTGAGACTCCATG-1",3,8
"GACGTTCGTAAATACA-1",8,9
"GACTAACACAGCACCT-1",5,9
"GACTAAGATCATGCAC-1",6,15
"GACTAAGTAGGCTCAC-1",9,11
"GACTACAAAGCGGTGG-1",4,9
"GACTACAATTGCTCGT-1",5,9
"GACTAGGCCGTTAGGT-1",4,9
"GACTCACCCACGTGAG-1",4,4
"GACTCCCAGAATAAGG-1",4,4
"GACTCCTTCCAATTGA-1",5,12
"GACTCGCGGGAATGAC-1",4,4
"GACTCGGTCGGCGGAT-1",8,5
"GACTCTAGAGTTCCAA-1",8,5
"GACTGATTGGTCACAA-1",4,16
"GACTGCAAATCGAGCT-1",4,4
"GACTGCACCAGCCCAG-1",7,7
"GACTGCGGCACGTGTA-1",3,10
"GACTGCTGGTGAGAAA-1",3,3
"GACTGGGCGCCGCAAC-1",4,4
"GACTTCAACGCATCAA-1",5,12
"GAGAACGGTTCTGACT-1",3,8
"GAGAATCTCACGATCA-1",1,1
"GAGACCCTGCAACGCC-1",8,9
"GAGACTGATGGGTAGA-1",6,15
"GAGACTTCGCGACCGA-1",8,9
"GAGAGCGCAGTCCCTG-1",6,6
"GAGAGGGCGCGAGGTT-1",7,7
"GAGAGGTGCATTCTGG-1",7,7
"GAGATCGATCTTACTC-1",5,5
"GAGATCTGCTTGGCAT-1",7,7
"GAGATCTGTCACTCCG-1",4,4
"GAGATCTTCCATGACA-1",7,4
"GAGATGACAATCCTTA-1",8,9
"GAGATGGCTTTAATCA-1",5,3
"GAGATGGGAGTCGACA-1",4,4
"GAGCACCTGTGTCCAG-1",8,9
"GAGCACGGCGCCTCTT-1",7,10
"GAGCATCAACAACTTG-1",3,8
"GAGCATCATCCCTGGG-1",3,8
"GAGCCACGGTAGTAGG-1",3,10
"GAGCCAGCTACCTGTG-1",7,7
"GAGCCGAGCGTTTATT-1",8,9
"GAGCGAGGGAGTACCG-1",7,7
"GAGCGCAAATACTCCG-1",9,15
"GAGCGCGCACGAGTAG-1",7,7
"GAGCGCTATGTCAGGC-1",7,10
"GAGCGCTGTTAGGTAA-1",3,8
"GAGCGGAATGCGGTGT-1",5,3
"GAGCTAAGGGCATATC-1",6,15
"GAGCTCAACATGAGCG-1",9,13
"GAGCTCTCGGACCTAA-1",3,8
"GAGCTGTCGTCTCGGA-1",4,4
"GAGGAATGGAGAGGTT-1",6,15
"GAGGAGATCCTCATGC-1",2,2
"GAGGAGTAATTCCTAC-1",9,11
"GAGGATAAACAGTGCT-1",4,9
"GAGGCATTTGCAGCAG-1",8,10
"GAGGCCCGACTCCGCA-1",5,9
"GAGGCCTGTTGATACA-1",7,7
"GAGGCTATCAAAGTCG-1",3,8
"GAGGGAGTCAGATCGC-1",3,10
"GAGGGCATCGCGTATC-1",3,8
"GAGGGCCATAATATTA-1",8,9
"GAGGGCCGGCAGAGTC-1",5,3
"GAGGGCGCAGCTCTGC-1",4,4
"GAGGGTAGTAACAAAG-1",3,8
"GAGGTACATCCATCTT-1",7,9
"GAGGTACGCGTGTCCC-1",8,9
"GAGGTCCCAAAGATCT-1",3,8
"GAGGTCTTAGTGGGTC-1",4,10
"GAGTAAGGCCACGGGA-1",9,13
"GAGTACGGGTATACAA-1",7,7
"GAGTAGATACTAGTTG-1",8,9
"GAGTATACCCTAATCA-1",3,8
"GAGTATCAAAGTTACA-1",3,8
"GAGTATGCCCGCCTTG-1",8,9
"GAGTATGCGCGTGCAT-1",4,4
"GAGTCAGACCAGAATC-1",8,9
"GAGTCCGCTTACCGGA-1",4,9
"GAGTCGACAGACCCTC-1",2,2
"GAGTCTTGTAAAGGAC-1",4,9
"GAGTGCACGGACAACA-1",5,9
"GAGTGTCAACCAGAAA-1",8,9
"GAGTGTGCGGTACCCA-1",7,4
"GAGTTCTGTGGGTGCT-1",5,3
"GAGTTGATGGCAATTT-1",5,9
"GAGTTGTCACCAGTCT-1",5,3
"GATAAATCGGTGGATG-1",7,7
"GATAACTCGCACTGTG-1",7,7
"GATAAGGCAGATGCAA-1",3,8
"GATACCGTGTCGGAGT-1",5,9
"GATACGATGGGAGTCA-1",4,9
"GATAGAACCCGCTAGG-1",8,5
"GATAGATAGTACAGTC-1",5,12
"GATAGCGTACCACGCG-1",2,14
"GATAGGATTAATTACA-1",4,9
"GATAGGTAACGTTGAC-1",4,4
"GATAGGTGTCCCGGGC-1",4,10
"GATAGTGCGAGTAAGT-1",5,3
"GATATCAAGCAGGAGC-1",8,9
"GATATCAGTATGTATC-1",2,2
"GATATCTCATGCAATA-1",6,15
"GATATGAGACACTAAC-1",7,7
"GATATGCGGTAGCCAA-1",8,9
"GATATGGATTACGCGG-1",6,15
"GATATTGAGATTGGCG-1",4,4
"GATATTTCCTACATGG-1",8,9
"GATCAACATAAAGGGA-1",1,1
"GATCATTCCAAACATT-1",6,15
"GATCCCTTTATACTGC-1",9,13
"GATCCGAATATAAGTG-1",5,9
"GATCCGGGAATTAACA-1",4,4
"GATCCTAAATCGGGAC-1",4,4
"GATCCTCGACACTGGC-1",5,9
"GATCCTCTTGCGCTTA-1",5,7
"GATCGACACTATCTGA-1",4,4
"GATCGCGGGCTCTCCA-1",6,15
"GATCGCTACCCGATTT-1",7,9
"GATCGCTATATCTCAG-1",3,8
"GATCGCTGTGGTGCGT-1",2,2
"GATCGGATAGAACCAT-1",7,7
"GATCGGCGATAAGTCG-1",2,2
"GATCGGTGGCCATAAC-1",4,4
"GATCGTGACTGATATC-1",4,4
"GATCTAACCGTATTCA-1",8,9
"GATCTCGACGCTGTGG-1",5,10
"GATCTGCTATCTAAGG-1",8,9
"GATCTTAGTGAACGTG-1",5,3
"GATCTTCATTGTCCTC-1",2,2
"GATCTTGGAGGGCATA-1",4,4
"GATCTTTGCAGGGTAT-1",7,7
"GATCTTTGCTCAAAGA-1",8,9
"GATGACAAGTAGGGCA-1",5,9
"GATGACGATGATCGCG-1",8,5
"GATGAGGAACCTTCGG-1",3,8
"GATGATTTGAAACTGG-1",7,10
"GATGCCACACTACAGC-1",7,10
"GATGCCAGCAGAAGGC-1",3,8
"GATGCCTTCTGCGGCA-1",5,3
"GATGCGAATGGTATTA-1",6,15
"GATGCGTCCTGCATTC-1",4,12
"GATGCTACAAGCGCCT-1",7,7
"GATGCTACCTTCGATG-1",5,9
"GATGCTGTATTTCATC-1",8,5
"GATGGCGCACACATTA-1",3,8
"GATGGTGAAATAACCC-1",8,9
"GATGGTGCCCTAGGCA-1",7,13
"GATGTAACGAACCACC-1",5,9
"GATGTCCGGATCACAT-1",3,8
"GATGTCGGTCAACTGC-1",7,7
"GATGTGTTGTCACAAG-1",7,9
"GATGTTCAATCCACGA-1",7,9
"GATGTTTGTGCGAGAT-1",3,8
"GATTAACCGAAAGCCC-1",7,7
"GATTAATCCTGGCTCA-1",7,9
"GATTACTGAATTTGGG-1",7,9
"GATTCCCTTGTCGCAG-1",4,4
"GATTCCGCGTTTCCGT-1",7,9
"GATTCCTATACGGCGC-1",3,8
"GATTCGACGGTTCACG-1",4,4
"GATTCTGTTAATGAGT-1",8,10
"GATTGACACTCTGCTC-1",5,9
"GATTGCTCCAGTTGCA-1",3,8
"GATTGGGAAAGGTTGT-1",7,7
"GATTTAGTGCGTACTG-1",8,9
"GCAAACCCTACATTAT-1",4,4
"GCAAACCTTGGCCATA-1",4,4
"GCAAACGTAAGCGACC-1",5,5
"GCAAACGTCGCCAGGT-1",5,9
"GCAAAGGGCGTTAGCC-1",3,2
"GCAAATATTACGCTTT-1",7,7
"GCAAATGAGGACACTT-1",7,7
"GCAACACACTAGAACT-1",7,12
"GCAACAGCAGTATGCG-1",7,9
"GCAACCACCAGACCGG-1",8,9
"GCAACCACGGCCGCGT-1",3,8
"GCAACCCAAGTTGTTT-1",6,15
"GCAACGGCTAGTTATG-1",8,9
"GCAAGAATTCCTTGGC-1",7,7
"GCAAGATGTGTTCGCG-1",8,9
"GCAAGCTGGAAACCGC-1",8,9
"GCAAGTGCACAGAGAA-1",8,9
"GCAAGTGTAAAGCATG-1",5,3
"GCAATTAGTCGCACCG-1",5,9
"GCACAAACCCTAGATG-1",3,15
"GCACAAACGAGGCGTG-1",5,9
"GCACAACCTCGGGCGT-1",5,3
"GCACAAGTGGATCATA-1",2,2
"GCACAAGTGTCGGAAG-1",5,9
"GCACACACTGGTAGCC-1",7,7
"GCACACAGCTATTACC-1",4,16
"GCACACGCCCATGGTC-1",2,2
"GCACGCCGATTCCCGC-1",9,13
"GCACGCCTACTTAGAT-1",5,9
"GCACGTGGTTTACTTA-1",7,7
"GCACTAGTCGCGCTAT-1",3,8
"GCACTCCCACAGTCCC-1",9,11
"GCACTGCCTACCTTTA-1",8,9
"GCACTGTGCAAATGTA-1",3,8
"GCAGAAACGTAATCCA-1",8,9
"GCAGAAGGTAATCTCC-1",5,10
"GCAGACCCAGCACGTA-1",4,4
"GCAGATCCATAAGACT-1",4,7
"GCAGATCCTCGCAAAT-1",2,2
"GCAGATTAGGGATATC-1",9,13
"GCAGCACACAGCCCAG-1",7,7
"GCAGCCTATATCACAT-1",4,9
"GCAGCGGTGGGCATTA-1",3,8
"GCAGCTATGGACAGGT-1",8,9
"GCAGCTGTCAACGCAT-1",5,3
"GCAGGAACTTAGATCT-1",8,9
"GCAGGACTATAGAATA-1",7,7
"GCAGGTAGAGTATGGT-1",8,9
"GCAGTGCGGGCGGATG-1",3,10
"GCAGTGTGGCTATAGG-1",7,9
"GCAGTTCGATCCGAGC-1",5,10
"GCATAAATTGAACGCC-1",5,8
"GCATACGAGGTCTTTA-1",7,12
"GCATAGAGCACTCAGG-1",9,13
"GCATCCCTAACTTTGA-1",7,7
"GCATGAGGGACGCGGC-1",4,4
"GCATGCTAATAACGAT-1",5,8
"GCATGGGTACTGACGC-1",9,11
"GCATTCAAGGCAACGC-1",4,4
"GCATTCGAAATGAACA-1",3,10
"GCATTGACTTGCGGAA-1",8,10
"GCATTGTAATTCATAT-1",7,7
"GCATTTCCAAGGCTCC-1",4,4
"GCCAACCATTTCCGGA-1",4,4
"GCCAAGAATACTTCTG-1",7,12
"GCCAATAGGGCATCTC-1",4,4
"GCCACAATTTAAGGAC-1",7,7
"GCCACTCAGAGCGCGA-1",7,7
"GCCACTCCTTACGGTA-1",5,10
"GCCAGGAAAGAACACT-1",5,3
"GCCAGGAGTAACCGAT-1",4,13
"GCCAGGCGTTCGCATG-1",5,9
"GCCAGGCTTAGTGGTA-1",2,10
"GCCATATTGCACACAG-1",4,4
"GCCATCGAGCTGCGTG-1",8,9
"GCCATCGATGCTGCAT-1",4,4
"GCCATTAGCCTCAAAC-1",5,12
"GCCCACCAAGGCTGTC-1",3,8
"GCCCACTGGTCCACAA-1",5,10
"GCCCAGATGCTGGAGA-1",4,9
"GCCCAGTTGGTATGCC-1",8,9
"GCCCATGGGTGCAATG-1",4,4
"GCCCGACTTCTTCCCG-1",3,8
"GCCCGAGAGTCTAAAT-1",6,15
"GCCCGATCTGTGGTCG-1",8,4
"GCCCGCGCGTAAACGG-1",8,9
"GCCCGCGCGTTTGACA-1",8,9
"GCCCGTAATACCTTCT-1",4,4
"GCCCTAGCCGTCGCGA-1",5,9
"GCCCTGAGGATGGGCT-1",4,4
"GCCGAAATTCCTACGT-1",7,9
"GCCGACCCACGACTGC-1",3,8
"GCCGATTGGCCAAGCT-1",4,4
"GCCGCACTCCGTTTCA-1",7,10
"GCCGCATTAGTCCGGC-1",2,2
"GCCGCTAGATACGCAG-1",4,9
"GCCGCTTGTGAGAAAC-1",7,7
"GCCGGAAACACATCTT-1",7,10
"GCCGGGTTAGGGTCGC-1",4,4
"GCCGGTCGTATCTCTC-1",5,2
"GCCGGTTTGGGCGGAT-1",7,9
"GCCGTCGGTTTCGGGC-1",5,3
"GCCGTGGAAGAAATGT-1",4,4
"GCCTACGTTCTGTGCA-1",7,7
"GCCTAGCGATCTGACC-1",8,9
"GCCTATAGTGTCAGGG-1",4,4
"GCCTATCAGGTAAGAT-1",2,2
"GCCTATGCTGGGCCTT-1",8,9
"GCCTATTCCGATATAG-1",9,11
"GCCTATTTGCTACACA-1",7,7
"GCCTCATCTGGAAATA-1",4,4
"GCCTCCGACAATTCAC-1",7,12
"GCCTCTATACATAGCA-1",4,4
"GCCTGCTACACTGAGA-1",8,5
"GCCTGTCCCGGTGCAT-1",5,3
"GCCTTCAGCCCTACCG-1",7,7
"GCCTTGTATATGCAGT-1",2,2
"GCCTTTGTCAGTGGAC-1",2,10
"GCGAAACGATCGGGAG-1",7,4
"GCGAAACTTAACTGGA-1",7,7
"GCGAAGAATCTGACGG-1",5,9
"GCGAAGCCATACCCGT-1",9,13
"GCGACATGTAAACATC-1",4,4
"GCGACCCAACCATCTG-1",5,8
"GCGACGATAGTTGTAC-1",8,9
"GCGACGGTAGTCTCCT-1",4,16
"GCGAGAAACGGGAGTT-1",9,2
"GCGAGAGGCCATGTAA-1",8,9
"GCGAGAGTTGCGTCCA-1",4,4
"GCGAGCGCATGCTCCC-1",4,4
"GCGAGGCCCGAGCAGA-1",7,7
"GCGAGTTCTGCAAAGA-1",4,4
"GCGATTCTGGAAGCAG-1",7,7
"GCGATTGTTAACGTTA-1",4,4
"GCGCAAATATATTCAA-1",3,8
"GCGCAAGAGCGCGCTG-1",8,5
"GCGCATCCAGTCAGCA-1",4,4
"GCGCCGTTCCACGATA-1",4,4
"GCGCCTCCCACTCCGA-1",4,4
"GCGCGATGGGTCAAGT-1",7,10
"GCGCGGTCTAGTAACT-1",5,9
"GCGCGTCATTGGTACA-1",7,7
"GCGCGTTTAAATCGTA-1",7,9
"GCGCTAAGTATGCATG-1",4,4
"GCGCTAATTGAATAGA-1",4,4
"GCGCTATGCCGAGGCA-1",4,9
"GCGCTCGATCACCTGT-1",5,10
"GCGCTGATCCAGACTC-1",7,9
"GCGCTGCTTTGCATTT-1",4,4
"GCGCTGGCGGAAAGTC-1",2,10
"GCGCTTAAATAATTGG-1",7,7
"GCGGACCGCGTTGTGG-1",8,9
"GCGGAGAAACTTCGCA-1",5,9
"GCGGAGAGGGAGAACG-1",6,6
"GCGGCAAAGTATTGCC-1",3,8
"GCGGCTCTGACGTACC-1",7,7
"GCGGCTTTAGCAAGTT-1",3,8
"GCGGGAACCAGGCCCT-1",7,7
"GCGGGCATTACGATGC-1",4,9
"GCGGGCGAGCCTTACC-1",8,9
"GCGGTAACCCAAATGA-1",7,7
"GCGGTCCCGGTGAAGG-1",8,9
"GCGGTCCCTAGACGCA-1",3,8
"GCGGTCTTGCTTTCAC-1",5,3
"GCGGTGAACTGCGCTC-1",4,7
"GCGGTGCGGAGCATCG-1",2,2
"GCGGTTCCCTATCATG-1",4,9
"GCGTAAATGGCCATAA-1",4,4
"GCGTCCAGCTCGTGGC-1",7,7
"GCGTCCCTAAGACATA-1",5,9
"GCGTCGAAATGTCGGT-1",9,11
"GCGTCGCCAGGGTGAT-1",8,4
"GCGTCGTAACATGGTC-1",2,14
"GCGTCTAACCTCCTAA-1",5,9
"GCGTCTCTGCATTGGG-1",7,3
"GCGTGGTACTGGGTTA-1",7,7
"GCGTGTATGTCGTATT-1",7,10
"GCGTTATATTTGGAAC-1",6,15
"GCGTTCGGAGACCGGG-1",4,4
"GCGTTCTGACTAAGCG-1",2,10
"GCTAAACCTGAGGTGA-1",9,16
"GCTAACTGAAGTCTGA-1",7,7
"GCTAAGTAAAGGCGAT-1",9,11
"GCTAAGTAGTTTCTCT-1",4,4
"GCTAATACCGAATGCC-1",8,9
"GCTACAATCGAGGATA-1",7,13
"GCTACACTGTCCGAAC-1",7,10
"GCTACAGTACGGACCG-1",7,7
"GCTACGACTTATTGGG-1",4,4
"GCTACTATAGTAGAGT-1",7,7
"GCTAGACCGTCTACTG-1",4,4
"GCTAGAGTAGAGATGT-1",7,7
"GCTAGCACCTGGGCCA-1",4,10
"GCTAGCAGGGAGTGGG-1",4,9
"GCTAGCGATAGGTCTT-1",3,8
"GCTAGCTTGAATAGCT-1",8,9
"GCTAGGCACCACGGAG-1",4,4
"GCTAGTAGAGCTTGTA-1",4,4
"GCTAGTTTCATTGAGG-1",7,7
"GCTATACGTCTCGGAC-1",7,7
"GCTATCATACTCATGG-1",4,4
"GCTATCGCGGCGCAAC-1",3,8
"GCTATGCCAGCTTATG-1",4,10
"GCTCAACCTCTTAGAG-1",2,2
"GCTCAATCCGTTTATT-1",5,9
"GCTCAATGTAATACCG-1",8,9
"GCTCATTACTGCATGT-1",8,9
"GCTCCATGAGTGCAGA-1",3,10
"GCTCCATGCAAAGCAA-1",5,9
"GCTCCCAGTCGGTCCA-1",9,13
"GCTCCGCTCGCTTCAG-1",8,9
"GCTCCGGACGTTGATA-1",8,9
"GCTCCTGACATACTGG-1",5,9
"GCTCGACCGAACTGAA-1",8,5
"GCTCGCGGTTCCGCTC-1",2,10
"GCTCGCTCATGTCCAA-1",4,4
"GCTCGGAATTTAAAGC-1",4,4
"GCTCTAAACCCTGACG-1",8,9
"GCTCTATGTTACGTGC-1",9,11
"GCTCTCGGGTACCGAA-1",4,4
"GCTCTTTCCGCTAGTG-1",8,9
"GCTGAACTCTCCAGGG-1",5,10
"GCTGAAGGGTTCTTGG-1",5,12
"GCTGAATCTTCCAATC-1",3,8
"GCTGAGCAACGGTTCT-1",2,2
"GCTGAGGCGTGAGTAT-1",4,4
"GCTGCACGGTTTCTTA-1",4,4
"GCTGCGCCTCCCACGT-1",1,1
"GCTGCTAAGTAGTCGA-1",8,9
"GCTGCTACTGCGTAGC-1",4,4
"GCTGCTCTCCGGACAC-1",6,15
"GCTGGACCCAAAGTGG-1",8,9
"GCTGGCATATTCACCT-1",3,8
"GCTGGCGGCGCATGCT-1",4,4
"GCTGGGTCCGCTGTTA-1",7,10
"GCTGGTGACTCGTAGT-1",8,9
"GCTGGTTTAGGCCATA-1",5,3
"GCTGTATTACTGGCCC-1",7,7
"GCTGTCTGTGATCGAC-1",4,10
"GCTGTTGCTACCGAAC-1",7,4
"GCTTAATGTAACTAAC-1",7,7
"GCTTACGTAGTTAGTA-1",4,4
"GCTTAGGGAAGCGGTA-1",5,9
"GCTTATGAAGCAGGAA-1",7,7
"GCTTCAGTGGGATTAC-1",8,5
"GCTTCCAGCTTAGATT-1",2,2
"GCTTCCATGTAACCGC-1",5,3
"GCTTCCCGTAAGCTCC-1",5,12
"GCTTCCGTCCCTAGAC-1",4,4
"GCTTCGACGTTCAATC-1",2,2
"GCTTGATGATAATCAG-1",9,11
"GCTTGCAGCACAATTG-1",8,9
"GCTTGGATCGATTAGG-1",4,4
"GCTTTCAGAGGAGGTG-1",4,4
"GCTTTCTATCTCAACT-1",8,9
"GCTTTGCTGCCGGGTA-1",5,3
"GGAAACCTTGTTGAAT-1",4,4
"GGAAACTAAATGGGCC-1",7,7
"GGAAAGGGAATTGAGC-1",4,16
"GGAAAGTGCCCATGCC-1",8,9
"GGAACCCGAACAAGAA-1",9,13
"GGAACCGTGTAAATTG-1",8,9
"GGAACCTTGACTCTGC-1",3,8
"GGAACGGCCTGCAGCC-1",3,8
"GGAACTTTGGCGATTA-1",7,7
"GGAAGATAAGACTGTA-1",8,9
"GGAAGCTCGCTTACAG-1",5,9
"GGAAGGACACCGTATA-1",5,16
"GGAATAACCTCAAGAA-1",7,7
"GGAATGCGCTAGCGTG-1",4,4
"GGACAACCATGAAGCC-1",5,3
"GGACAAGCCATGATCG-1",5,10
"GGACAAGTTGCAGTGA-1",2,2
"GGACACAAGTTTACAC-1",4,4
"GGACCAACAGGATAAC-1",4,4
"GGACCTACGGTAACGT-1",8,9
"GGACCTCTAGGCCGCC-1",3,8
"GGACGGCTTGCGCAAC-1",4,16
"GGACGTCCATAGTTGG-1",8,9
"GGACTAAGTCAGGAGT-1",6,14
"GGACTCACAAATTAGG-1",5,9
"GGACTCGAAGCTTTCA-1",2,2
"GGACTCGACAGCGCAT-1",5,3
"GGACTCGTGAGTGGTC-1",3,8
"GGACTCTTCCGGTTGA-1",3,8
"GGACTCTTTGACTAAG-1",5,3
"GGAGAAGTCATTGGCA-1",8,9
"GGAGACCAATGTGCTT-1",8,9
"GGAGACCATCTACATA-1",8,9
"GGAGACGACACCTTTG-1",4,4
"GGAGCAACATTTCAAG-1",6,15
"GGAGCACCAAGAACTA-1",4,4
"GGAGCGAGGCCTACTT-1",8,9
"GGAGGATTGAAAGGAG-1",7,7
"GGAGGCCGAAGTCGTC-1",4,9
"GGAGGCGAAGAACCGC-1",8,9
"GGAGGGCTTGGTTGGC-1",4,4
"GGAGGGTCAAGTAAGA-1",3,8
"GGAGTACACATGAGCT-1",2,14
"GGAGTGCCGCCCTGGA-1",7,7
"GGAGTTGATTCTGTGT-1",2,2
"GGATACTCATGAATTG-1",3,8
"GGATCAAAGGACGAGG-1",7,7
"GGATCAGAGCCATCAG-1",4,10
"GGATCATCCCGTACGC-1",8,9
"GGATCCCTACCAGCTA-1",2,2
"GGATCCGGAATATACT-1",4,4
"GGATCTTACTGCCCTT-1",3,8
"GGATCTTGACTCAACC-1",5,9
"GGATGAAGATCGCTGA-1",4,4
"GGATGACGCGAGTTTA-1",7,7
"GGATGCTGGCGTTCCT-1",7,7
"GGATGGCTTGAAGTAT-1",5,3
"GGATGTCCTTACCGCA-1",7,7
"GGATTAAGCTAAGGTC-1",4,4
"GGATTAATCATGGACC-1",4,16
"GGATTCAGTACGGTGG-1",7,7
"GGATTCCGCTATACCC-1",4,9
"GGATTGCTGTGACTCC-1",7,9
"GGATTTCACTTCTATA-1",4,4
"GGCAAAGGCGCCAATA-1",5,9
"GGCAAATTACTTTACT-1",8,5
"GGCAAGCCAGGGATAG-1",8,9
"GGCAAGCCCATAGTGG-1",5,9
"GGCAAGGCGAAATAGC-1",4,4
"GGCAATAGTCAATGAG-1",4,4
"GGCACTCAGCCGACCC-1",5,10
"GGCACTCCACTGGGCA-1",9,11
"GGCAGAGAGATCGGGA-1",9,10
"GGCAGCAAACCTATGC-1",7,13
"GGCAGCGGTAATCCTA-1",8,9
"GGCATACAGGTAGCGG-1",7,7
"GGCATATCGGTTCTGC-1",8,9
"GGCATCAACGAGCACG-1",7,7
"GGCATTGAACATCTCA-1",8,5
"GGCCAATTGTATAGAC-1",5,3
"GGCCACAAGCGATGGC-1",7,7
"GGCCACACGAAAGCCT-1",1,1
"GGCCCAATCTAGAGGG-1",8,9
"GGCCCAGCTGGTTTGC-1",4,16
"GGCCCAGTTATCAGCA-1",8,9
"GGCCCGGAGCATGTCT-1",4,9
"GGCCCGTATACCATGC-1",8,9
"GGCCCTCACCCACTTA-1",3,8
"GGCCGAGACTCTGGTG-1",3,8
"GGCCGGCGTCTGCTAT-1",8,9
"GGCCGTTTGGGTTTCA-1",8,9
"GGCCTGCTCTGATGTT-1",5,3
"GGCCTGCTTCTCCCGA-1",3,8
"GGCCTTTGCAACTGGC-1",9,13
"GGCGAAATCTAACTTG-1",7,7
"GGCGAACCGTTCTGAT-1",8,9
"GGCGAGCATCGAGGAC-1",7,9
"GGCGAGCGAAACGGCA-1",8,12
"GGCGCAGGACATCTTC-1",9,13
"GGCGCATGAATTGATG-1",8,9
"GGCGCGGAGATCTTTC-1",7,7
"GGCGCGTTCGAGTTTA-1",4,5
"GGCGCTCCTCATCAAT-1",3,8
"GGCGCTTCATTCCCTG-1",4,4
"GGCGGAGTAATATTAG-1",7,7
"GGCGGGCTCTAAGAGT-1",5,10
"GGCGGTAGGATCATTG-1",4,4
"GGCGGTTTGCCGGTGC-1",2,2
"GGCGTACCCTATATAA-1",7,10
"GGCGTAGGGAAAGCTG-1",8,9
"GGCGTCCTATCCGCTG-1",3,10
"GGCTAAAGGGCGGGTC-1",4,4
"GGCTAATGATTGAAAT-1",8,9
"GGCTACTATACACTCC-1",5,3
"GGCTATTAAGTTGTAT-1",7,7
"GGCTCCTCCACCTGTT-1",5,8
"GGCTCGCGTTGAGGTA-1",4,4
"GGCTCGTGCCACCAGC-1",9,15
"GGCTCTGCTCCAACGC-1",4,10
"GGCTGAAATAGCAAAG-1",4,4
"GGCTGAGCATCGTAAG-1",4,16
"GGCTGGCTAGCTTAAA-1",3,8
"GGCTTTCAATAAGGGT-1",8,9
"GGGAACCACCTGTTTC-1",7,10
"GGGAACGGGAGGTTAG-1",7,7
"GGGAACGGTTTCAGAT-1",3,8
"GGGAAGACGGTCTGTC-1",4,9
"GGGAAGGGCTTTCTCA-1",8,9
"GGGAATGAGCCCTCAC-1",4,4
"GGGAATTCTGTCCAGT-1",1,14
"GGGACAGAGTTACTCC-1",7,12
"GGGACCCGTATATCTT-1",8,9
"GGGACTGCATAGATAG-1",8,5
"GGGAGAACTCACAGTA-1",4,4
"GGGAGCGACCGTAGTG-1",7,7
"GGGAGGATGCCCGAAA-1",7,7
"GGGAGTAATGGCTGGC-1",3,8
"GGGAGTTAATGAGGCG-1",4,4
"GGGATACGGTAATAAT-1",2,2
"GGGATCCCAATACAAA-1",8,9
"GGGATGGACCCGCGTC-1",5,3
"GGGATGGTCGTAACCG-1",4,9
"GGGATTTACCGCACCT-1",7,7
"GGGCAACCGCACGTGC-1",5,9
"GGGCACGTAGTACTGT-1",5,3
"GGGCACTATTGACCAT-1",5,3
"GGGCAGACGTCACTGC-1",4,10
"GGGCAGAGCAATCGTT-1",8,9
"GGGCAGGATTTCTGTG-1",5,3
"GGGCAGTCAACGCCAA-1",4,7
"GGGCATGCATGTCGAG-1",8,5
"GGGCCATTCGTGCTGG-1",5,5
"GGGCCCGTCTTAAACA-1",7,9
"GGGCCCTACGAAAGGG-1",7,12
"GGGCCCTTATCTATAC-1",6,15
"GGGCCGGCCGAAGTAC-1",4,4
"GGGCCTAAATGGGCTA-1",7,12
"GGGCCTATACAACCGG-1",8,5
"GGGCCTATTTAAGTAT-1",8,9
"GGGCGAATTTCTCCAC-1",2,2
"GGGCGATATGTGTGAA-1",9,15
"GGGCGATCCATAGGCC-1",2,14
"GGGCGCAGCGTTACTC-1",4,9
"GGGCGGCAAATGAATT-1",8,9
"GGGCGGGTTCCCTACG-1",7,7
"GGGCGGTCCTATTGTC-1",3,8
"GGGCGTACATTTATAT-1",6,15
"GGGCGTCACCACGTAA-1",8,9
"GGGCGTCCACTGGCTC-1",8,9
"GGGCGTGGTTTCCCAG-1",8,9
"GGGCGTTTACATTCAT-1",3,8
"GGGCTACTATTTCGTG-1",8,9
"GGGCTATGATCGATGG-1",8,9
"GGGCTCATCGAACCCA-1",4,4
"GGGCTGCCTAGGGCGA-1",4,4
"GGGCTGGTTAGTCGCG-1",8,5
"GGGTAATGCTGTGTTT-1",3,10
"GGGTACACTCTGGAGG-1",5,10
"GGGTACCCACGGTCCT-1",3,8
"GGGTACTTCATGAACT-1",7,7
"GGGTATGTATGCACTT-1",3,10
"GGGTATTCTAGCAAAC-1",5,12
"GGGTCACCGTGACGGT-1",4,4
"GGGTCACGTGCTTATG-1",8,5
"GGGTCACTGAGTAGTG-1",5,3
"GGGTCAGGAGCTAGAT-1",8,9
"GGGTCATGCGTACCAT-1",9,15
"GGGTCGTGGCAAGTGT-1",4,4
"GGGTCTATCGCTTTCC-1",3,10
"GGGTGACACCTTAACT-1",8,9
"GGGTGCATATGAAAGC-1",4,4
"GGGTGGTCCAGCCTGT-1",7,7
"GGGTGTTTCAGCTATG-1",8,5
"GGGTTAACATTTGAGT-1",8,9
"GGGTTCAGACGAACAA-1",3,8
"GGGTTTAGGATAGGAT-1",4,4
"GGGTTTCCGGCTTCCA-1",7,9
"GGTAAACTCTGCGCTG-1",5,3
"GGTAAATGTGCGTTAC-1",7,9
"GGTAACCGGGAGGATA-1",3,8
"GGTAACTATGTATCTG-1",3,8
"GGTACAAACATGCTAT-1",8,9
"GGTACACCAGATTTAT-1",8,9
"GGTACATCTGGGACGA-1",7,7
"GGTACCATTAAGACGG-1",4,4
"GGTACGTTGCGGCCGG-1",5,3
"GGTACTAAGTGCTTTG-1",5,10
"GGTAGAAGACCGCCTG-1",4,4
"GGTAGACCGTTGGGCG-1",8,9
"GGTAGTGCTCGCACCA-1",4,4
"GGTATAGTGACACATA-1",4,9
"GGTATCAAGCATAGAA-1",7,9
"GGTATTGCCGAGTTTA-1",9,11
"GGTCAAGACTACTTCG-1",7,7
"GGTCACGTTAGATTCA-1",3,8
"GGTCAGTGGGTCCCAC-1",4,4
"GGTCATTGTAGTCATA-1",8,9
"GGTCCCATAACATAGA-1",8,5
"GGTCCTTCATACGACT-1",2,2
"GGTCGGATAAACGGCG-1",4,4
"GGTCGGCCAGGAGCTT-1",4,4
"GGTCGGTAATTAGACA-1",3,8
"GGTCGGTCGTCCACAG-1",8,9
"GGTCGTAAGCTCGCAC-1",5,9
"GGTCTCCAAGTAGTGC-1",5,10
"GGTCTCCGTCCAGGTT-1",7,7
"GGTCTCTGAATGGACT-1",5,9
"GGTCTGAGAATCTGGA-1",4,4
"GGTCTTGAGCGCTCTT-1",8,9
"GGTCTTGGTGTTAACT-1",9,11
"GGTGAAACCGGGAATG-1",7,7
"GGTGAACGGGCTAGCC-1",3,8
"GGTGAAGTACAGGGAT-1",7,7
"GGTGAGATGCAGATAA-1",7,7
"GGTGATAAGGAGCAGT-1",4,4
"GGTGATTTCATCTTGT-1",3,8
"GGTGCAGAGCCTATCG-1",8,9
"GGTGCATAAATGATTA-1",5,3
"GGTGCGGATAAGTGGC-1",7,7
"GGTGCTGATCACAAAG-1",3,8
"GGTGCTGGTACACATT-1",4,9
"GGTGGACCACGTGTTA-1",8,5
"GGTGGACTGCTCTGGC-1",7,13
"GGTGGAGGTTGATACG-1",5,10
"GGTGTAAATCGATTGT-1",5,9
"GGTGTAGGTAAGTAAA-1",5,5
"GGTGTTCTGTTTCTAC-1",4,4
"GGTGTTGGGCGTCTTA-1",5,10
"GGTTACCACCCTCGGG-1",7,7
"GGTTACCCGACACTTT-1",5,9
"GGTTAGCTATATGTCT-1",7,7
"GGTTAGGCTTGGAGAA-1",7,7
"GGTTAGTTACGGCGCC-1",9,11
"GGTTCCACCCGCTTCT-1",4,4
"GGTTCCCTAGTGTCTC-1",8,9
"GGTTCGATGCTGAGTT-1",8,5
"GGTTCGGATTATACTA-1",2,14
"GGTTCTACTCGTCTGA-1",4,4
"GGTTGTATCGTGAAAT-1",9,11
"GGTTGTGCTCTTGTCC-1",2,2
"GGTTGTGTAGCCTGGC-1",6,15
"GGTTTAATTACCATCG-1",3,8
"GGTTTAATTGAGCAGG-1",8,9
"GGTTTACAATCTCAAT-1",4,10
"GGTTTAGCCTTTCTTG-1",9,11
"GGTTTCAATCGGTCAG-1",7,4
"GGTTTGACAAGAAGCT-1",8,9
"GGTTTGAGTGCTGGAA-1",7,7
"GGTTTGCGAACACGTA-1",7,7
"GGTTTGTGACCTGAGG-1",7,7
"GTAACAACTGACCTTG-1",8,9
"GTAACATCAGCTCATC-1",8,5
"GTAACATCTAAGATAA-1",9,15
"GTAACTGCCCAAGGAG-1",5,3
"GTAACTTGCGGCAGTC-1",3,8
"GTAAGCGGGCAGTCAG-1",8,9
"GTAAGGATTTGTCGGA-1",7,7
"GTAAGTAACAGTCTGG-1",7,7
"GTAAGTAGGGTATACC-1",9,11
"GTAAGTCCACACTCTA-1",7,7
"GTAATAAAGGGCTCCC-1",4,4
"GTAATCTGATTCTTCG-1",8,9
"GTACACTTACCTGAAG-1",4,4
"GTACAGAGGCAAGGGT-1",7,4
"GTACGACGGCGCTGCG-1",3,8
"GTACGAGATTGCGACA-1",8,9
"GTACGCTTCATTGCAC-1",4,4
"GTACGTCACGTATTAA-1",8,9
"GTACGTTTGCCCGTCA-1",4,4
"GTACTAAGATTTGGAG-1",9,11
"GTACTACGGCCTCGTT-1",5,3
"GTACTCCCTTATCGCT-1",7,7
"GTACTCCTGGGTATGC-1",4,4
"GTACTGAGGTCGTAAC-1",3,8
"GTACTGCATGAAGCGT-1",3,8
"GTACTGGAGTTAGACC-1",4,4
"GTACTTGGGCACTTCT-1",3,8
"GTAGAAACGGGTGGAG-1",3,8
"GTAGACAACCGATGAA-1",7,7
"GTAGACACGCCTGACT-1",8,9
"GTAGACGTCGTTACAT-1",3,8
"GTAGAGGGAGACAAGT-1",5,9
"GTAGCCAAACATGGGA-1",4,4
"GTAGCGCTGTTGTAGT-1",7,7
"GTAGCGGCTATACACT-1",4,4
"GTAGCTAGTAAGCGCG-1",4,9
"GTAGCTCCGGGAGGCT-1",3,8
"GTAGCTTCCTCTTGTT-1",4,4
"GTAGGTGATCCGTGTA-1",8,9
"GTAGTCGCGGGAATCA-1",4,4
"GTAGTCTACGATATTG-1",8,9
"GTAGTTAGACAATATA-1",5,3
"GTAGTTCGAAGGCGAA-1",3,8
"GTATAATCTCCCGGAT-1",2,2
"GTATAGGACTCAGTAG-1",6,15
"GTATAGTGGCCCATGT-1",4,4
"GTATATGTTACGGCGG-1",9,11
"GTATCAAACGTTAGCT-1",7,7
"GTATCAAGGTACTTCC-1",4,16
"GTATCAGCTTGGGTTC-1",9,11
"GTATCCTTTGGTAACC-1",5,9
"GTATCGGGACGAGCTG-1",2,10
"GTATCTCAGTCTTGAC-1",3,8
"GTATCTCCCTAACTGT-1",7,9
"GTATCTCGGGCGCTTT-1",2,14
"GTATCTTGTTGCTCAC-1",7,10
"GTATCTTTCATAACCA-1",4,4
"GTATGAAATTTCACTC-1",5,9
"GTATGACGTGGGAAAC-1",3,8
"GTATGTGGGTCTAGTT-1",7,7
"GTATTAAGGCGTCTAA-1",3,8
"GTATTAGGGTTCGCGT-1",8,5
"GTATTCTGAGAAACGA-1",7,9
"GTATTCTTACCGTGCT-1",7,7
"GTATTTAATGGCATAA-1",5,10
"GTCAAAGAAGTGGTGT-1",1,1
"GTCAAAGTTTACATAG-1",3,8
"GTCAACCAGGCCTATA-1",7,7
"GTCAAGCGGACTCGGG-1",7,7
"GTCAATGCTATAATTT-1",8,9
"GTCAATTGTACTGAAG-1",7,7
"GTCACAAAGTTTCCAA-1",5,9
"GTCACCTGTCTATGTC-1",4,10
"GTCACTCATGAGCGAT-1",5,3
"GTCACTCTCCAAATCT-1",9,8
"GTCAGAATAGTCTATG-1",6,15
"GTCAGACAGCGTTGGA-1",2,10
"GTCAGTTGTGCTCGTT-1",7,7
"GTCAGTTTGGTAGTCG-1",3,10
"GTCATCTCCTACAGCT-1",2,2
"GTCATGCACCTCCGTT-1",6,15
"GTCATGCGCGAGGGCT-1",7,7
"GTCATGGACATGACTA-1",4,4
"GTCATTAGAGCGAACG-1",4,4
"GTCATTGCATTGACCC-1",9,11
"GTCCAATATTTAGCCT-1",8,9
"GTCCACGTCGCATTCG-1",3,8
"GTCCAGGCACGTGTGC-1",5,3
"GTCCATTACTGCTACG-1",9,11
"GTCCCAACGTAAAGTA-1",4,4
"GTCCCAATCATCCCGC-1",4,10
"GTCCCGCGACGTTATG-1",7,9
"GTCCGAGAGCAATCAT-1",2,2
"GTCCGGACCTGAAATT-1",7,7
"GTCCGGCTGAATTGCG-1",9,4
"GTCCGGGTTCACATTA-1",4,10
"GTCCTACAGGCGGCTC-1",3,8
"GTCCTACGAATAGTCT-1",7,7
"GTCCTACTCTACGGGC-1",8,9
"GTCCTAGGATACCTTA-1",5,3
"GTCCTATTGTTGTGGT-1",6,15
"GTCCTTCTACAACCCA-1",2,2
"GTCCTTCTAGTGGGTT-1",5,9
"GTCCTTTAATGACTTC-1",8,10
"GTCGAATTTGGGCGCT-1",2,2
"GTCGATAGGTGACTTT-1",5,10
"GTCGCCGTTGTGTGTT-1",8,9
"GTCGCGTAACCCGTTG-1",4,4
"GTCGGAAGGATACCAG-1",8,9
"GTCGGATATCTCAGAC-1",9,13
"GTCGGATGTAGCGCGC-1",8,9
"GTCGGGAACATGGTAG-1",9,10
"GTCGGGAAGCAGAAAC-1",4,4
"GTCGTACCATCTCGGG-1",4,4
"GTCGTACCTACGATTG-1",9,2
"GTCGTATTGGCGTACA-1",4,4
"GTCGTCAATTATAAGG-1",5,8
"GTCGTCTGGTTGGCTA-1",5,9
"GTCGTTATTCGCTTAT-1",4,4
"GTCTAAGATGCCCAGC-1",5,9
"GTCTACTCAATTACAA-1",6,15
"GTCTAGTGAGCCGCTT-1",5,3
"GTCTATCTGAGTTTCT-1",7,7
"GTCTATTGCATGCTCG-1",7,7
"GTCTATTGGTTCCGGT-1",7,7
"GTCTCAAGGCCCGGCT-1",4,4
"GTCTCCGCCTCAATAC-1",5,3
"GTCTCCTGCCAGTATG-1",5,3
"GTCTCGACTAAGTTTG-1",4,4
"GTCTCGATCTGCTTTC-1",4,4
"GTCTCGCCAACACGCC-1",4,4
"GTCTGCCGACTCGACG-1",7,7
"GTCTGGGCGGTCGAGA-1",4,9
"GTCTTAGTACAGCCGG-1",7,9
"GTCTTGAGGAGCAGTG-1",4,9
"GTGAAACGGCGCCACC-1",6,15
"GTGAAACGTGCTCCAC-1",3,8
"GTGAACTCCCATTCGA-1",4,4
"GTGAAGATTTCAAGTG-1",4,4
"GTGAAGCCGTATAGTC-1",4,4
"GTGAAGTCACGACTCG-1",8,9
"GTGACAGCTTCCCACT-1",4,9
"GTGACCGCACACTACG-1",7,7
"GTGACCTAAAGAATAA-1",5,9
"GTGACGAGGGTGACCC-1",4,9
"GTGACGCAGGTTTCAT-1",4,9
"GTGACTTCAGTAGTGC-1",4,9
"GTGAGATAACCTTATA-1",5,3
"GTGAGCGTGCTGCACT-1",3,8
"GTGAGGACACTTAAGG-1",4,4
"GTGAGGAGCGGTTGAG-1",8,9
"GTGAGTCTAAGACGGA-1",6,15
"GTGAGTGGTACAACGC-1",8,9
"GTGATCAAGCGTGCAC-1",3,8
"GTGATCACTAACGCCT-1",7,7
"GTGATCATAGATCTGC-1",4,4
"GTGATCCTTGTCATGA-1",8,9
"GTGATGCACAACATCT-1",8,9
"GTGATTCGCCGCTCAA-1",7,9
"GTGCAACAAATGTGGC-1",8,10
"GTGCACCAGCTTCAAC-1",8,9
"GTGCACGAAAGTGACT-1",8,5
"GTGCAGCGTAGAGTAG-1",5,10
"GTGCCATCACACGGTG-1",7,7
"GTGCCCGTTCGGATTC-1",7,7
"GTGCCGCTTCAAAGGT-1",4,9
"GTGCCTAGCTATGCTT-1",2,2
"GTGCCTCAGTGTACGG-1",8,9
"GTGCCTGAGACCAAAC-1",5,3
"GTGCGAAATCGAACAC-1",4,9
"GTGCGACAGGGAGTGT-1",7,7
"GTGCGCAGCTTGCTCC-1",7,7
"GTGCGCTTACAAATGA-1",9,11
"GTGCGGGACCATCGGC-1",9,11
"GTGCGGGTCTCCAAAT-1",8,9
"GTGCGTGTATATGAGC-1",7,7
"GTGCTCAAGTACTGTC-1",8,9
"GTGCTGCAGATAAGGA-1",9,15
"GTGCTTACATCAGCGC-1",5,10
"GTGGAACCTACATGCG-1",8,9
"GTGGACCAACCCGATT-1",7,7
"GTGGACGCATTTGTCC-1",4,4
"GTGGACGTGCTGAGAC-1",7,7
"GTGGAGCATGTCGGCC-1",4,10
"GTGGAGCGTTTACCGA-1",3,8
"GTGGAGTCGGCGGTTG-1",8,9
"GTGGCAAACAGCGGCA-1",5,9
"GTGGCCGGTTTCTCGG-1",5,3
"GTGGCGGGCCGTAGCT-1",4,9
"GTGGCGGTCCCAGCGT-1",7,7
"GTGGCGTGCACCAGAG-1",9,13
"GTGGCTGTTTCTGTTC-1",5,9
"GTGGGAACAAACCGGG-1",5,3
"GTGGGAAGACTGAATC-1",9,15
"GTGGGCTTAGACACAC-1",9,9
"GTGGGTACTGAGCGTA-1",8,9
"GTGGGTCTTCTTTGCG-1",7,10
"GTGGTATAGTCTGCCG-1",5,9
"GTGGTCAGCGAAGTAT-1",5,9
"GTGGTGATGGTTTGTG-1",5,10
"GTGGTGGCCAAGTGAA-1",7,7
"GTGGTTACTTCTTTCG-1",4,4
"GTGGTTTCCGCCTTTC-1",7,7
"GTGTACCTTGGCTACG-1",4,4
"GTGTACGAACCGTTCC-1",5,9
"GTGTATATCAGCGGGC-1",8,4
"GTGTATGACTTTAAAG-1",5,9
"GTGTCAGTGTACGTGG-1",5,3
"GTGTCCGATAAGGCAT-1",4,10
"GTGTCGTATAGCGTTC-1",4,4
"GTGTCGTATTCACCTT-1",9,11
"GTGTGAATAACTTAGG-1",9,13
"GTGTGAGCCGAGGTGC-1",7,8
"GTGTGTCGACGTCGCT-1",2,14
"GTGTTACTATGCGTCC-1",4,4
"GTTAAAGTAGGACTGG-1",4,4
"GTTAACATCACTTAAA-1",4,4
"GTTAACTATGTTGTCA-1",4,9
"GTTAAGGGTGCGATGT-1",4,4
"GTTAAGTTAGAGTGGG-1",4,4
"GTTAATGTCTATCTTA-1",6,15
"GTTACAATTGGTGACG-1",7,7
"GTTACCTACAACTTGC-1",4,4
"GTTACGAAATCCACGC-1",7,7
"GTTACGGCCCGACTGC-1",7,10
"GTTACTTTGGGCCTAG-1",8,9
"GTTAGAGTGTGCCGCT-1",7,7
"GTTAGCCCATGACATC-1",4,9
"GTTAGCCGTAAATCAA-1",4,4
"GTTAGGCTACCCGTTT-1",5,9
"GTTATAATACGGTGAA-1",7,13
"GTTATATCAGGAGCCA-1",8,11
"GTTATATTATCTCCCT-1",8,9
"GTTATCAAGCTATCGA-1",5,3
"GTTATCACCTTCTGAA-1",7,11
"GTTATTAAATACGACC-1",4,4
"GTTATTAACGTGGGAG-1",3,8
"GTTCAAATCAGATGTC-1",6,11
"GTTCAATCTATGTCAA-1",4,4
"GTTCACAGGAGTCTAG-1",9,13
"GTTCAGTCGCCAAATG-1",5,3
"GTTCATCGTTTGGCTG-1",4,4
"GTTCCAAGACAGCGAC-1",9,11
"GTTCCAGTCTGACCAT-1",9,11
"GTTCCCGTAAACATAT-1",3,8
"GTTCCGTCCGCCTGCA-1",5,3
"GTTCGACAATTGTATA-1",3,8
"GTTCGCCATAAGTGCC-1",8,9
"GTTCGCTGAGACGTCT-1",8,9
"GTTCGGAGCACTCAAC-1",3,11
"GTTCGGATCGGGAACA-1",8,9
"GTTCGGGCGTACCATT-1",4,4
"GTTCGTCTAAAGAACT-1",7,7
"GTTCGTCTGGGTCCCT-1",8,9
"GTTCGTTGCGGACCAG-1",7,10
"GTTCTTCCCTCGATGT-1",7,7
"GTTGAACCGGTTCCAT-1",7,9
"GTTGAGTCCCGCCGGT-1",4,4
"GTTGCACGGAGTTTCG-1",8,9
"GTTGCAGTCGACAACA-1",2,2
"GTTGCGCTAACATTAC-1",8,9
"GTTGCGGACGGTCAGG-1",5,10
"GTTGGACCGCATCAGG-1",8,9
"GTTGGATTCAGTGGCT-1",8,9
"GTTGGATTGAGAACAC-1",7,4
"GTTGGATTTGCGTTGG-1",7,7
"GTTGGTCATGCTATCC-1",4,4
"GTTGTAGATTTATGAG-1",5,3
"GTTGTCGTGTTAGTTG-1",7,10
"GTTGTTACATTGCGCT-1",8,9
"GTTGTTGCAAGATGGC-1",2,2
"GTTTACGTTCCATCTG-1",4,4
"GTTTATGGGATTTAGA-1",2,2
"GTTTCAAACGAGTTGT-1",7,7
"GTTTCATATCGTCGCT-1",3,8
"GTTTCCTGGAGGGTGA-1",8,9
"GTTTCTAGAGGCGCGG-1",5,3
"GTTTCTGCAGTCTCCC-1",4,4
"GTTTGACCAAATCCTA-1",8,9
"GTTTGAGCGGTTATGT-1",9,11
"GTTTGGCCCAAGTTAT-1",7,7
"GTTTGGCCGCTCAGCG-1",3,8
"GTTTGGCGTCAGGCAC-1",8,9
"GTTTGGGCTTGTGAGC-1",4,4
"GTTTGGGTTTCGCCCG-1",7,9
"GTTTGGTAGGGTCAAC-1",8,9
"GTTTGGTGATCGGTGC-1",3,8
"GTTTGTTAGCCAAGTA-1",8,9
"TAAACCCAGGAGGGCA-1",5,9
"TAAACGTCGTCAATGA-1",2,14
"TAAAGACAACCCTTTA-1",4,9
"TAAAGAGCCCGAAACC-1",3,8
"TAAAGCGGTATTTCCA-1",8,9
"TAAAGCGTTAGGAGAA-1",4,4
"TAAAGCTGCAATAGGG-1",8,9
"TAAAGGAGAAACTAGT-1",4,4
"TAAAGTGCACGTCTCG-1",5,3
"TAAATCTTTACACCTC-1",8,9
"TAAATGAATCCGTTTC-1",9,11
"TAAATGCCGTCTCATG-1",8,9
"TAAATTGTGGGTAAAG-1",4,16
"TAAATTTAGTAACACC-1",5,3
"TAACAAAGGGAGAAGC-1",7,7
"TAACAATATTTGTTGC-1",3,8
"TAACAGCGTTTGTGCT-1",3,8
"TAACAGGTTCCCTTAG-1",8,5
"TAACATACAATGTGGG-1",4,4
"TAACATACACGCGATC-1",5,9
"TAACCGCCCGCAGTGC-1",9,11
"TAACCGTCCAGTTCAT-1",7,9
"TAACCTACCGTCCGAG-1",4,4
"TAACCTAGGGAGTCCA-1",7,15
"TAACGCTTTGAGAGCG-1",3,3
"TAACTATCGAAGGTCC-1",3,8
"TAACTATTACGCCAAA-1",4,4
"TAACTCATCCGCGCGG-1",8,9
"TAACTCCATGGAGGCT-1",3,8
"TAACTGAAATACGCCT-1",5,5
"TAAGAGGGACAGGGAC-1",3,8
"TAAGATTTAGCGGGAG-1",9,11
"TAAGCAGGCGACACGC-1",9,13
"TAAGCCCTTACGACCA-1",8,9
"TAAGCGCGAATCAAAT-1",3,8
"TAAGGAACTTGTGGGA-1",7,7
"TAAGGCAACATAAGAT-1",4,4
"TAAGGCATAACATCAA-1",8,9
"TAAGGCCCGTCACCCT-1",4,4
"TAAGGCTGAATCCCTC-1",7,7
"TAAGGGCCTGTCCGAT-1",7,7
"TAAGGGCTGGGAGAGG-1",9,15
"TAAGTAAATGTGCCGC-1",4,4
"TAAGTAACATCTTGAC-1",7,7
"TAAGTCGCCGAGTATC-1",5,9
"TAAGTGAATAGTCTAC-1",3,8
"TAAGTTGCGACGTAGG-1",7,7
"TAATAAACAAGGAGAT-1",7,12
"TAATACACAGTAGTAT-1",8,9
"TAATACTAGAACAGAC-1",4,7
"TAATAGAACAGAGTTA-1",5,9
"TAATAGCTAAATGATG-1",7,9
"TAATAGGTCACCAGAA-1",3,8
"TAATAGTGACGACCAG-1",4,4
"TAATATTGAAATTCGC-1",7,7
"TAATCAACCAAATGGG-1",5,10
"TAATCAGGAATGCTGC-1",8,5
"TAATCGATCCGTACGT-1",4,4
"TAATGAAAGACCCTTG-1",3,8
"TAATTACGTCAGTAGA-1",7,7
"TAATTAGATGGATATG-1",3,8
"TAATTAGGACATCCGT-1",4,4
"TAATTCCAATGCTTCA-1",2,2
"TAATTGCGCTGATTAC-1",5,10
"TAATTGGAATCGGGAA-1",8,9
"TAATTTCCGTCCAGTA-1",4,4
"TACAAATTGCGGAGGT-1",4,12
"TACAACGCACAACTCA-1",4,9
"TACAAGCTGTTCACTG-1",7,10
"TACAAGGGCTTCTTTA-1",5,8
"TACAAGTCTCGTGCAT-1",3,11
"TACAATGAAACCAGCA-1",9,11
"TACACAGCCGTGGTGC-1",4,16
"TACACCGTCGTTAGTC-1",8,9
"TACACCTCTTCGAATC-1",5,9
"TACAGAAACGGTGGGC-1",7,9
"TACATAGGCATACACC-1",4,4
"TACATCCCTATCCCTG-1",9,13
"TACATGACCTTATCCG-1",2,2
"TACATGCCGGAATTGT-1",5,10
"TACATTTCTAACGTGC-1",4,4
"TACCAAATAGCCCAGA-1",8,9
"TACCAATAAAGTACCA-1",7,4
"TACCAGAAGTAGGTTC-1",8,9
"TACCAGCTAGGTTTAA-1",5,9
"TACCAGGAATCCCGTC-1",3,3
"TACCATGTATTGATTT-1",5,10
"TACCGAATAATTGTAA-1",5,3
"TACCGCGGACTTGCAG-1",4,4
"TACCGGCTCACTGCCC-1",4,4
"TACCGGTCGTTTCCAT-1",7,7
"TACCGTAGGTTAACTA-1",8,9
"TACCGTGCCTCGGACC-1",4,4
"TACCTACTCCCAGTAT-1",8,9
"TACCTATCCCTAGAGG-1",4,4
"TACCTCACGCTTGTAC-1",7,7
"TACCTCAGTTGTCTGT-1",8,9
"TACCTCCACACCAATG-1",3,8
"TACCTGCTGCACTGTG-1",6,15
"TACCTTAAGATTTCCC-1",4,9
"TACGAACACGACTTCA-1",8,5
"TACGACGCTTGCTGCG-1",8,9
"TACGACTGCCTCTTAG-1",4,4
"TACGAGAACTTCACGT-1",7,7
"TACGATCCAAGCCACT-1",8,10
"TACGATGTTGATCATC-1",6,15
"TACGCAGTTCTTTCCT-1",8,9
"TACGCCATATTCTAAT-1",4,4
"TACGCCGAGGGTACCC-1",5,9
"TACGCCGCCTCAGAAG-1",5,9
"TACGCCTCCATTCCGA-1",8,9
"TACGCTATAGAAACCT-1",4,4
"TACGCTCGGTATTGGA-1",3,10
"TACGCTGCTGTGTTAA-1",3,8
"TACGGAAGCCAAACCA-1",4,16
"TACGGCATGGACGCTA-1",3,8
"TACGGGATGCTAGCAG-1",4,11
"TACGGGTAATAACATA-1",7,7
"TACGTAAAGCGGAGTG-1",7,2
"TACGTACTAGTGCTGA-1",5,9
"TACGTGCAAGGTTCCT-1",7,9
"TACGTGCACTATGCTG-1",9,11
"TACGTGGGCCCAGGGC-1",7,7
"TACGTTTACCGGCAAT-1",5,9
"TACTACGTGCAATGCG-1",5,3
"TACTATGGTTCCTCAG-1",8,9
"TACTCCTCTAGTTGAC-1",3,8
"TACTCGGCACGCCGGG-1",9,11
"TACTCGTTTGAATCAA-1",7,7
"TACTCTCCGAACAAAT-1",4,16
"TACTCTTACTTTACTG-1",9,11
"TACTCTTTCGTCTTCA-1",8,9
"TACTGAACAGATTTAG-1",8,9
"TACTGAGGGAAGAAAG-1",5,3
"TACTGCAATCAATTAC-1",4,9
"TACTGGACAGCTCGGC-1",3,8
"TACTGTTTCTCTGGTA-1",5,10
"TACTTAAACATGTACA-1",9,13
"TACTTGTTAGTAGTCC-1",7,7
"TACTTTACTGAGCCGG-1",4,4
"TACTTTCCGCACGCCA-1",5,9
"TAGAAACACAATAGTG-1",6,15
"TAGAAACCACTAAGTA-1",7,9
"TAGAAAGGTGGCGCTA-1",4,4
"TAGAAATTCACGTATA-1",6,6
"TAGAATAGCCGATGAA-1",7,7
"TAGAATTAAGGGCAAC-1",7,9
"TAGACGAAACGCCAAT-1",4,9
"TAGACGCCCGTACCGG-1",7,7
"TAGACTACCTAGCGTT-1",4,4
"TAGACTCAGTTGGCCT-1",2,14
"TAGAGATCATGCAACT-1",3,8
"TAGAGCTACGAAGAAC-1",7,7
"TAGAGGGAGTTTATCT-1",4,13
"TAGAGGTTCTACTTGT-1",7,3
"TAGAGTCTAAGCGAAC-1",6,15
"TAGATATGGACTGGAA-1",8,9
"TAGATCCGAAGTCGCA-1",7,7
"TAGATGGTTCCTTACT-1",7,15
"TAGATTCAAAGTGCGG-1",5,3
"TAGATTCCTGGTTATT-1",9,15
"TAGCAACCTGTCACAA-1",3,8
"TAGCAGATACTTAGGG-1",5,12
"TAGCAGTAAATACGCG-1",5,9
"TAGCAGTATGACTAAA-1",1,1
"TAGCCAGAGGGTCCGG-1",2,10
"TAGCCATTTCAAAGTC-1",7,7
"TAGCCGGCGGTCAGCG-1",4,4
"TAGCGTCCCTCGATTG-1",9,13
"TAGCGTCCGGTGTGGT-1",4,4
"TAGCGTCGAATATTGA-1",6,6
"TAGCGTTGGGTCTTAC-1",4,4
"TAGCTAAGTCCGGGAG-1",6,15
"TAGCTAGAAGGCATGA-1",8,9
"TAGCTAGTGATGATGG-1",8,9
"TAGCTCAGATCCTAGT-1",8,9
"TAGCTCGCCTGATAAC-1",4,4
"TAGCTGATGTGAAGCG-1",7,15
"TAGGAACAGCCTCCAG-1",4,4
"TAGGCATGTTACGCCA-1",4,4
"TAGGCCTATATAGTCT-1",5,3
"TAGGCGATGAGGTCTC-1",5,12
"TAGGCGGCTGCAAAGA-1",3,2
"TAGGCTAAAGTGGCAC-1",3,8
"TAGGGAGCTTGGGATG-1",7,7
"TAGGGTGTTTCAAGAG-1",8,9
"TAGGTCCAAGTAAGGA-1",3,8
"TAGGTCGCCGGAACTG-1",4,4
"TAGGTGACGATAACCT-1",8,9
"TAGGTGAGCCCTACTC-1",5,9
"TAGGTGCTCGCCTAGC-1",7,7
"TAGGTGTTCCACAGAT-1",8,9
"TAGGTTCGAGTTCGTC-1",4,4
"TAGGTTCTGCTGAGAA-1",5,3
"TAGTACCACAACTTTC-1",3,8
"TAGTACCTTAGTGGTC-1",3,10
"TAGTAGCTTATACCAG-1",5,9
"TAGTCCCGGAGACCAC-1",5,3
"TAGTCCGCAGAGAATG-1",4,4
"TAGTCCGTATGCATAA-1",7,12
"TAGTCCTGCACTAAGC-1",3,8
"TAGTCGATCACGGGTT-1",7,7
"TAGTCGGGATTCTTCG-1",2,2
"TAGTCTAACAACGAGA-1",7,7
"TAGTCTGCGGCACATT-1",5,3
"TAGTCTGTGACGTTGC-1",4,4
"TAGTCTTTCCGAATTG-1",3,10
"TAGTGAGAAGTGGTTG-1",7,12
"TAGTGCCCTCCAGAGT-1",8,5
"TAGTGCTTGAATCCTT-1",2,14
"TAGTGGAACTCATACA-1",4,9
"TAGTGTCAGAAACGGC-1",3,10
"TAGTTAAGATAGGATA-1",8,9
"TAGTTTATTCTTGCTT-1",7,7
"TAGTTTGATCGGTCGC-1",2,10
"TATAAATCCACAAGCT-1",8,9
"TATAAGTGAGGATAGC-1",8,9
"TATACACAGACGCCTT-1",4,4
"TATACACGCAAAGTAT-1",8,5
"TATACCGAGTGCCACA-1",5,9
"TATACGCGTCATCACT-1",4,4
"TATACTCATGCGGCAA-1",3,10
"TATAGAGTCGCTTGAA-1",5,3
"TATAGATGGTCGCAGT-1",4,4
"TATAGCGCACGTTATC-1",9,7
"TATAGGGTACTCATGA-1",9,13
"TATATAGGGCTTTACG-1",3,8
"TATATATCGAGAAATG-1",3,8
"TATATCAAAGTGATCT-1",5,3
"TATATCATTGATCAGT-1",2,14
"TATATCCCTGGGAGGA-1",7,7
"TATATGCTGGGTTGCC-1",2,2
"TATATTACAAATGTCG-1",8,9
"TATATTCGCGTCGATA-1",5,9
"TATCAAAGGTCTGTAA-1",2,14
"TATCACAGCACGGGCA-1",5,9
"TATCACCATGTAAAGT-1",5,9
"TATCACCCAACCGACC-1",4,4
"TATCACTTCGAGTAAC-1",8,9
"TATCAGTGGCGTAGTC-1",8,9
"TATCCAATTGGTTATC-1",7,7
"TATCCATATCATGCGA-1",9,11
"TATCCATCTCGGTTAG-1",3,8
"TATCCGCACCGTCGGG-1",8,9
"TATCCTATCAACTGGT-1",5,9
"TATCCTGCATGGGAAT-1",7,7
"TATCGATCTATGCATA-1",4,4
"TATCGATGATTAAACG-1",8,9
"TATCTACAGAGGTAAT-1",3,10
"TATCTACCACAGCGGG-1",4,4
"TATCTAGCCTAAAGGA-1",2,2
"TATCTGAGCCGATATT-1",5,3
"TATCTTGCAATACAAC-1",5,9
"TATGAAGAATTAAGGT-1",5,3
"TATGAAGACAGGTGCG-1",3,8
"TATGACCTTGCGCTGG-1",4,9
"TATGATAAATCTAACG-1",3,8
"TATGATCCGGCACGCC-1",4,4
"TATGATCTTCTCTTTA-1",7,7
"TATGATTCTGCTTGGT-1",7,11
"TATGCTCCCTACTTAC-1",4,4
"TATGGAGTTTCTCGTT-1",7,7
"TATGGATGTGCTACGC-1",9,4
"TATGGCAGACTTTCGA-1",7,10
"TATGGCCCGGCCTCGC-1",9,13
"TATGGCTAGGCTAATT-1",5,9
"TATGGGACCGAGCAGG-1",4,12
"TATGGGTACGTATCGT-1",8,5
"TATGGTCTGAGTAACA-1",4,12
"TATGGTTAGTGGGAGA-1",4,4
"TATGTAAAGTGCTTAA-1",5,3
"TATGTAGAAACCCGGC-1",5,3
"TATGTCAAGACCGACT-1",8,9
"TATGTCTCATTGTGCC-1",4,4
"TATTAACACCAAAGCA-1",5,12
"TATTAACCTGACCGCG-1",8,9
"TATTACCATCCTGCTT-1",7,7
"TATTATGTTTGCCTGC-1",3,8
"TATTCAATTCTAATCC-1",4,4
"TATTCCACTCAGCTCG-1",4,4
"TATTCCGAGCTGTTAT-1",7,9
"TATTCCGGCAGTCCTA-1",7,10
"TATTCCTCCGCCCACT-1",4,9
"TATTCGTGCCAGAATA-1",4,4
"TATTGACATTTCTGCC-1",4,4
"TATTGCCGGGCTTGTA-1",2,2
"TATTTAGTCTAGATCG-1",8,9
"TATTTATACCGAGTAG-1",8,9
"TATTTGATTTGCACAG-1",9,11
"TATTTGTTACCCTTTA-1",8,9
"TCAAACAACCGCGTCG-1",8,9
"TCAAACAATTAGGACA-1",8,5
"TCAAACTTAGATTGTT-1",4,4
"TCAAAGAGCTATCTGT-1",8,11
"TCAAAGTCACGGCGTC-1",3,8
"TCAAATTGTTGTGCCG-1",4,4
"TCAAATTTGAGACTCA-1",4,4
"TCAACAAAGATAATTC-1",5,9
"TCAACACATTGGGTAA-1",3,8
"TCAACATAGCGCCCTA-1",8,9
"TCAACATCGACCGAGA-1",9,11
"TCAACCATGTTCGGGC-1",7,7
"TCAACGAGGAGACAAA-1",8,5
"TCAACGCAGGAAATAA-1",5,9
"TCAACGCGACCGGCAG-1",7,7
"TCAACTAACGTATAAC-1",9,15
"TCAACTGCAGAGTCAG-1",9,13
"TCAAGAAATACTAGCT-1",4,4
"TCAAGCGCGGACGGTA-1",9,11
"TCAAGCTGCCTTGAAA-1",5,9
"TCAAGGTTACTACACC-1",9,11
"TCAATACGCCGTCATG-1",8,9
"TCACAAACCGAGGTAC-1",5,9
"TCACAGATCCTCAAAC-1",2,2
"TCACAGCAAACTCGAA-1",8,9
"TCACAGGAGAATAAGA-1",8,9
"TCACAGGGAATCGCAA-1",4,4
"TCACAGGTTATTGGGC-1",7,7
"TCACATCTTATCTGAT-1",3,8
"TCACCCTCTTAAGATT-1",4,4
"TCACCGCTCGGCACTC-1",4,4
"TCACGATGTCCGTGGA-1",5,9
"TCACGCATTGTAGATC-1",6,15
"TCACGGCCCAAGAGAG-1",2,2
"TCACGGTCATCGCACA-1",8,9
"TCACGTGCCCGATTCA-1",4,4
"TCACTACGACCAATGC-1",8,9
"TCACTATCGTGCAATC-1",7,10
"TCACTCAGCGCATTAG-1",9,11
"TCACTCGTGCAACGGC-1",8,9
"TCACTCTTCGTCTGTC-1",2,2
"TCAGAACCTCCACAGG-1",4,4
"TCAGAACGGCGGTAAT-1",5,3
"TCAGACGCTATAGAAG-1",4,4
"TCAGAGGACGCGTTAG-1",5,3
"TCAGAGTGTGAGCATG-1",2,2
"TCAGATGGAGACGTAG-1",8,9
"TCAGCAAATGCATCTC-1",4,4
"TCAGCAGTAGGCCCTG-1",5,9
"TCAGCCAATCCGTAAA-1",7,13
"TCAGCGCACGCCGTTT-1",2,14
"TCAGCTTGAGCTTTCG-1",5,3
"TCAGGGCGACTTCCTT-1",2,2
"TCAGGGCGCAAACTCG-1",3,10
"TCAGGGTGCACGAAAC-1",5,9
"TCAGGGTGTAACGTAA-1",4,4
"TCAGGTTCTTTGAGAA-1",7,7
"TCAGTACTGACCCGCG-1",9,15
"TCAGTAGGGACTATAA-1",4,9
"TCAGTGTATACGTCAT-1",5,9
"TCAGTTACGGAATGAT-1",7,13
"TCATAAGTCCAAGAAG-1",6,6
"TCATACTTACAGATCC-1",3,8
"TCATATGAGCTTTGTT-1",8,9
"TCATCACTCGAGCTCG-1",6,15
"TCATCCCAGAGGGTGG-1",7,9
"TCATCCTCAGCTGCTT-1",5,3
"TCATCGACGACCGTCG-1",5,3
"TCATCGATGGTCCCAA-1",5,9
"TCATGCAGGTTCTCAT-1",8,9
"TCATTCGTATAATTTG-1",8,5
"TCATTTAAGTCTCCGA-1",7,7
"TCATTTAGAAGTGTGA-1",9,13
"TCCAACTCAGCTATCT-1",5,3
"TCCAACTTTAAATTCT-1",7,7
"TCCAAGCCTAGACACA-1",4,9
"TCCAATAAAGGCTACC-1",8,9
"TCCAATGCGTCGCCGC-1",5,10
"TCCACAATGGTTTACG-1",9,15
"TCCACATCGTATATTG-1",4,4
"TCCACCTCTAGCCTTT-1",8,9
"TCCACTTTATCTAGGT-1",4,4
"TCCAGAGCACCGGTTC-1",4,4
"TCCAGATGTACGCCAA-1",8,9
"TCCAGCGCTATAAGCG-1",5,10
"TCCAGGCAGGACGATC-1",8,5
"TCCAGGCGAGTACGGT-1",8,5
"TCCAGGGTATATACGA-1",8,9
"TCCATCAATACTAATC-1",3,2
"TCCATTAGTTGGATAG-1",7,7
"TCCATTCCCACTAGAG-1",8,9
"TCCATTGTGACCTCGT-1",7,5
"TCCCAAACAGACAACG-1",8,5
"TCCCAAAGACGAAGGA-1",4,13
"TCCCAAAGCCCTAAAT-1",4,9
"TCCCACGGAGGGAGCT-1",4,10
"TCCCACTCTCTTCCGG-1",4,4
"TCCCAGCACACGACAT-1",3,10
"TCCCAGCTTTAGTCTG-1",8,5
"TCCCAGGCTTAGCTAA-1",7,7
"TCCCGCCTATGTGCGT-1",5,9
"TCCCGCGTACTCCTGG-1",4,4
"TCCCGGGTGTGCTGCT-1",6,15
"TCCCGGTCAGGAATTT-1",3,8
"TCCCGTCAGTCCCGCA-1",4,4
"TCCCGTCGCGTCATAG-1",4,9
"TCCCGTGTGCAATTTG-1",7,7
"TCCCTAGATCAATAGG-1",4,4
"TCCCTCCGAAATCGTT-1",5,9
"TCCCTCTTCTCAAGGG-1",3,3
"TCCCTGGCGTATTAAC-1",3,8
"TCCCTGGCTCGCTGGA-1",3,8
"TCCCTTAGATTACTCG-1",7,9
"TCCCTTGTCTGAAACT-1",2,2
"TCCGAACTTGGCTTAC-1",9,15
"TCCGAAGTAGTCACCA-1",8,9
"TCCGAATGGTCCTGAG-1",4,9
"TCCGACCGCTAATCAA-1",5,3
"TCCGAGAAGGCTAAGC-1",7,7
"TCCGATAATTGCCATA-1",8,9
"TCCGATGACTGAGCTC-1",4,4
"TCCGATGGTGCGACAT-1",6,15
"TCCGATTACATTGCCG-1",9,13
"TCCGCAGCCACCTAGC-1",2,2
"TCCGCCTGTCTACAAG-1",4,4
"TCCGCGGCAGCATCTG-1",4,4
"TCCGCGGCCCAATGAA-1",7,4
"TCCGCTGTCATCCCGG-1",7,4
"TCCGCTTATCCCATTA-1",4,4
"TCCGGAGGAAGGGCTG-1",8,9
"TCCGGCCTAGCGTACA-1",4,4
"TCCGGCCTGCATCGAT-1",9,13
"TCCGGCTGTCGGGTCG-1",2,14
"TCCGGGCTTGACGGGA-1",5,8
"TCCGGTTCGTCCGGTC-1",9,15
"TCCGTAACCACAATCC-1",9,15
"TCCGTTAAGCTAATAT-1",7,4
"TCCGTTTAGCCTTGAA-1",4,4
"TCCTAAAGATTCAGAC-1",7,7
"TCCTAAATTGGGAAGC-1",4,4
"TCCTAACCGTCGGGCA-1",1,1
"TCCTACATCCACGGCC-1",7,7
"TCCTAGCAAAGAAGCT-1",7,7
"TCCTATCATAGGTAAC-1",5,10
"TCCTCCTAAGACATTC-1",4,4
"TCCTCGGGCTGGGCTT-1",9,13
"TCCTCTACGAGATGGC-1",9,10
"TCCTCTCCAGTTGTCC-1",3,10
"TCCTCTGGCCCATTAG-1",5,9
"TCCTGCCAACTGGAGA-1",8,9
"TCCTGCGTTGATACTC-1",5,8
"TCCTGGCGCTGCCTGG-1",8,9
"TCCTTACGACGGTCCG-1",7,7
"TCCTTCAATCCCTACG-1",4,9
"TCCTTCAGTGGTCGAA-1",7,7
"TCCTTGTCCTTTAATT-1",4,4
"TCCTTTAAATCCGCTT-1",7,7
"TCCTTTCTTACGCTTA-1",4,16
"TCGAAATTTAGGACCA-1",7,7
"TCGAAGAACCGAGCAC-1",7,4
"TCGAATATCCCGCAGG-1",3,8
"TCGACAACTGAACCCG-1",5,3
"TCGAGACCAACACCGT-1",9,13
"TCGAGCCAGGCAGGCC-1",5,9
"TCGAGGGCAACAGACG-1",3,8
"TCGAGTCTACGATTCG-1",8,9
"TCGATAGGCTAGTCGC-1",3,8
"TCGCAAAGATGCATTT-1",4,4
"TCGCACCAGGAGGCAG-1",4,4
"TCGCACTAACGTTTGT-1",2,14
"TCGCATAAAGGGCGCA-1",7,7
"TCGCATCCCTAAGTGT-1",3,8
"TCGCATTCAATGACTT-1",9,13
"TCGCCCAACTGACTCC-1",8,5
"TCGCCCACTGCGAGAG-1",9,11
"TCGCCGAAGTTGCGTC-1",7,7
"TCGCCGACATATTCGC-1",5,3
"TCGCCGCACCGCGTGA-1",4,10
"TCGCCGGATGGGCAAG-1",2,14
"TCGCCGGTCGATCCGT-1",8,9
"TCGCCTCCTTCGGCTC-1",5,12
"TCGCCTCGACCTGTTG-1",5,10
"TCGCGCGTTTACATGA-1",5,10
"TCGCGTCCAGAAGGTC-1",1,1
"TCGCTAAACCGCTATC-1",8,9
"TCGCTACTGGCTTTGA-1",4,9
"TCGCTCGATATATTCC-1",6,6
"TCGCTCGGCACCAGCG-1",4,4
"TCGCTGCCAATGCTGT-1",3,8
"TCGCTGGGCGGATTGT-1",4,4
"TCGCTGTGCGTAAATC-1",7,7
"TCGCTTAATTACGAAG-1",8,9
"TCGCTTTAAACGTTTG-1",4,4
"TCGGAATGACCATCAA-1",7,7
"TCGGAATGCGCTCTGA-1",9,11
"TCGGACGCCCAGCCCA-1",4,4
"TCGGAGAGTATCGGGA-1",3,8
"TCGGAGTACATGAGTA-1",4,4
"TCGGATCTGGATGACC-1",5,5
"TCGGCGAACCCAAACC-1",4,4
"TCGGCGGTATTAGATT-1",5,3
"TCGGCGTACTGCACAA-1",5,12
"TCGGCTAACTTCCCTT-1",4,9
"TCGGCTTGTATCGACG-1",7,7
"TCGGGAACGTGCCTAG-1",4,4
"TCGGGAGACAGCGTAC-1",4,4
"TCGGGATTCAAACATA-1",7,12
"TCGGGCACTTCTGGAT-1",3,8
"TCGGGCCGTCGTGGTA-1",7,7
"TCGGGTGAAACTGCTA-1",5,10
"TCGGTCCCGACAATAG-1",3,8
"TCGGTCCCTGACTCCA-1",8,9
"TCGGTGACCGCTCCGG-1",8,9
"TCGGTTAGCCATGTAG-1",4,4
"TCGTAAGACGACATTG-1",4,4
"TCGTAAGCTCCGAGGA-1",8,9
"TCGTACCGACGTCAAG-1",5,9
"TCGTATCACCAAGCTA-1",8,5
"TCGTATTACCCATTGC-1",9,11
"TCGTATTTCGTCCGGA-1",4,4
"TCGTCAAGTACGCGCA-1",5,9
"TCGTCACACTGTTAGC-1",6,15
"TCGTCCGCTGGCGTCT-1",8,9
"TCGTCCGGGTACACTC-1",8,10
"TCGTCTTAGGCGTTAA-1",4,4
"TCGTGTCACGCTGACA-1",7,10
"TCGTGTTCGACCACAA-1",9,11
"TCGTTAGGAGTCCCTA-1",8,9
"TCGTTCGTTATTATGT-1",5,10
"TCGTTGCTATCCGGTC-1",8,9
"TCGTTGGCTCGTCAAT-1",3,8
"TCGTTTACGCGACCCT-1",5,3
"TCTAAAGAACAGTCTC-1",8,9
"TCTAACTGTATGTAAA-1",2,1
"TCTAATACTGCCTCAG-1",3,8
"TCTACACGTTCATGCA-1",4,4
"TCTACCCAATAGAGAG-1",7,7
"TCTACCGTCCACAAGC-1",4,4
"TCTACGGGCTCAGTTG-1",7,10
"TCTAGCAATCTCCGCC-1",7,7
"TCTAGCATCTTCGATG-1",8,9
"TCTAGCATGCCCAGAA-1",4,4
"TCTAGGTGGCGACGCT-1",4,4
"TCTAGTGATATCGTGG-1",7,4
"TCTAGTTATCAGAAGA-1",9,11
"TCTATAGGTGGGTAAT-1",9,15
"TCTATCATGCAGTTAC-1",9,11
"TCTATCCGATTGCACA-1",5,16
"TCTATCGGTCGCAACA-1",8,9
"TCTATGCTATAACGAC-1",5,9
"TCTATTACGCTGGCGA-1",7,7
"TCTATTACTAGAGGAT-1",7,7
"TCTCAAATCAATCGGG-1",5,3
"TCTCATGAGATAGGGT-1",7,7
"TCTCCAACGTAGGTTA-1",2,10
"TCTCCACAAGTTGAAT-1",5,9
"TCTCCCTGGGCAGCGT-1",4,4
"TCTCGAACGAGGTCAC-1",8,9
"TCTCGACGTATCGCCG-1",8,9
"TCTCGAGGAGGTTCGC-1",9,11
"TCTCGGCTCCAGGACT-1",3,8
"TCTCGTGTTACGAGGA-1",4,4
"TCTCTAATAGCTGGTA-1",7,7
"TCTCTCGCCGCACATA-1",5,9
"TCTCTTACCGCGAACC-1",5,3
"TCTGAACCGGTCGGCT-1",3,10
"TCTGAACTCGTACCCG-1",7,7
"TCTGAAGCACGTGGTC-1",7,4
"TCTGAATTCCGTACAA-1",4,4
"TCTGACGGGCTAACCC-1",8,9
"TCTGACTGTAATGGTT-1",2,14
"TCTGAGCAATTGACTG-1",4,9
"TCTGATCGGGTGCTAG-1",4,9
"TCTGATGTATTCTGTC-1",4,4
"TCTGATTGGAAATGGA-1",7,9
"TCTGCACCATTAGTAA-1",5,9
"TCTGCAGATTCGAGTC-1",6,6
"TCTGCATACCTTGCTT-1",7,7
"TCTGCCAGAAACTGCA-1",6,15
"TCTGCGAATCGTTCGC-1",8,10
"TCTGCGTCCGGTTTCT-1",3,8
"TCTGCTTAGAACAAGC-1",5,10
"TCTGGAGCGTAAGAGT-1",5,9
"TCTGGCCGTTCAAGTT-1",4,9
"TCTGGCGCAAGCCGGG-1",1,1
"TCTGGGAACCTTTGAA-1",7,4
"TCTGGGTAGCGCTCAT-1",7,7
"TCTGTCATACAAGAGC-1",3,8
"TCTGTGACTGACCGTT-1",5,10
"TCTGTGATGGAGGTTG-1",8,10
"TCTGTGCCATCATAGT-1",4,4
"TCTGTGGCTACATTTC-1",7,7
"TCTGTTACCCAGCATA-1",5,9
"TCTTACAGAGGTACCG-1",7,7
"TCTTACCGGAACTCGT-1",4,4
"TCTTACGGCATCCGAC-1",5,3
"TCTTACTTATGCCTCT-1",7,7
"TCTTAGAGCTCCAATT-1",4,4
"TCTTAGAGTGAACTCT-1",7,4
"TCTTATGGGTAGTACC-1",7,10
"TCTTCCCATGGGCACA-1",4,4
"TCTTCGAATAGACGTT-1",4,4
"TCTTCGATACCAATAA-1",4,4
"TCTTCGCGGTGAGAGG-1",3,10
"TCTTCTATAACCCGCC-1",7,4
"TCTTGATGCGTAGCGA-1",4,4
"TCTTGCTCCCGATACT-1",8,9
"TCTTGGTAACACCAAA-1",8,9
"TCTTTAAGACTATGAA-1",4,4
"TCTTTAGAGTCTAACA-1",8,9
"TCTTTAGCAGGCGAAC-1",4,9
"TCTTTCATCCGTCCTT-1",5,3
"TCTTTCCTTCGAGATA-1",3,11
"TCTTTCTCTTAAGGAG-1",7,9
"TGAAACCTCAACTCAC-1",7,9
"TGAAACTTATGCAAGC-1",7,8
"TGAAAGGACCTGACTC-1",4,4
"TGAACAAGCAGGGACT-1",3,8
"TGAACACCCGAAGCAG-1",7,10
"TGAACTGCTATGACTT-1",9,11
"TGAAGTAGCTTACGGA-1",2,14
"TGAATACCGACGCGTA-1",7,7
"TGAATATGCTATAAAC-1",8,9
"TGAATGAGATACAGCA-1",8,9
"TGAATGAGTGTTTCCC-1",5,3
"TGAATGTCAGCCGGCC-1",7,4
"TGAATTTCACTTGCCT-1",4,4
"TGACAACGCATGTCGC-1",5,9
"TGACACTTCTCTTTGC-1",4,9
"TGACAGGACAAGTCCA-1",2,14
"TGACATATATGACGAT-1",9,11
"TGACATCGAGCGGACC-1",7,7
"TGACATGTAACGTGAC-1",5,9
"TGACCAAATCTTAAAC-1",4,9
"TGACCAGCTTCAAAGT-1",4,4
"TGACCCAACTCACATT-1",7,11
"TGACCCACGTTAGACA-1",7,11
"TGACCCAGCATTCCCG-1",8,5
"TGACGAATATTTCCCT-1",7,8
"TGACGATGCACTAGAA-1",7,7
"TGACTATAATCCTTTC-1",4,4
"TGACTCCGAATCATAC-1",3,8
"TGAGAATGCTTTACCG-1",9,11
"TGAGACGTACCTCTCA-1",9,15
"TGAGAGATTTACCACG-1",7,7
"TGAGATCAAATACTCA-1",5,7
"TGAGATTAGGCCCTAA-1",8,9
"TGAGCAGTCGTGAAGT-1",9,11
"TGAGCCATACAGTCTC-1",7,9
"TGAGCGGAAAGTGTTC-1",4,4
"TGAGCTCAACTGTATA-1",2,10
"TGAGCTTTAATGACGC-1",8,9
"TGAGGAGTGCCAGCTT-1",8,9
"TGAGGCATGTACTGTG-1",9,12
"TGAGGTGTGTGGCGGA-1",8,5
"TGAGGTTGATCCCAAG-1",7,10
"TGAGTAAATTAGCGTA-1",4,9
"TGAGTGCCTCTTAAAT-1",4,4
"TGAGTGGTCCGTGACG-1",4,4
"TGAGTTAAAGACATTC-1",9,11
"TGATACATTTAGCCGT-1",8,9
"TGATAGCGGGATTCTA-1",6,6
"TGATCACCACACTGAC-1",5,9
"TGATCAGGGAACTGCT-1",7,7
"TGATCCCAGCATTAGT-1",4,4
"TGATCGGTTTGACCCT-1",9,15
"TGATCTACGCTGATCT-1",4,9
"TGATCTATCACACTCT-1",5,3
"TGATCTCCGGCGCCAG-1",4,4
"TGATGCTCACGTAGTC-1",5,9
"TGATGGCTGTTTCTGA-1",4,9
"TGATGGGACTAAGTCA-1",5,10
"TGATGTCAATTAAGTG-1",9,13
"TGATTATGGCACGCAG-1",8,9
"TGATTCAGGTCCCGCG-1",9,15
"TGATTCCCGGTTACCT-1",8,9
"TGATTCGTCTATCACT-1",7,7
"TGATTCTGTCGCCGGT-1",8,9
"TGATTTATTAGCTGTG-1",7,7
"TGATTTCCTCCTGACG-1",7,7
"TGCAAACCCACATCAA-1",7,9
"TGCAAAGTTCGTCTGT-1",5,3
"TGCAACCCATCTGCGG-1",7,7
"TGCAACTACTGGTTGA-1",5,8
"TGCAAGAATGACGTAA-1",8,16
"TGCAATCTAACACGGT-1",7,7
"TGCAATTTGGGCACGG-1",8,9
"TGCACAGTGAAGTTAT-1",8,9
"TGCACGAGTCGGCAGC-1",5,9
"TGCACTATGTGAGTGC-1",2,14
"TGCAGAACTATATCGT-1",7,7
"TGCAGAGTACCGAGCA-1",7,7
"TGCAGATCGTCCTAGG-1",9,11
"TGCAGCTACGTACTTC-1",9,13
"TGCAGGATCGGCAAAG-1",4,4
"TGCAGTGAGGCTCGGG-1",8,10
"TGCAGTGGTAGGGAAC-1",2,2
"TGCAGTTTCCTCCCAT-1",7,7
"TGCATATGTCTGTCAC-1",7,4
"TGCATCTCCGGATCTT-1",8,9
"TGCATGAGTAGATTCG-1",7,9
"TGCATGGATCGGATCT-1",8,5
"TGCATGGCAGTCTTGC-1",8,5
"TGCATGTGACCCATAG-1",5,3
"TGCATGTGGTAATCTA-1",4,4
"TGCCAAAGTCAGACTT-1",7,7
"TGCCAATGGGTACTCT-1",8,9
"TGCCACACTAGAGGAA-1",3,10
"TGCCACCTGGCGAAAC-1",4,5
"TGCCAGTACGTGGAGA-1",4,4
"TGCCATGGCTTATAAG-1",4,4
"TGCCATTACTAAAGAA-1",4,4
"TGCCCGATAGTTAGAA-1",4,16
"TGCCCGTACCGTTAAA-1",4,4
"TGCCGAAAGCGTATTC-1",4,9
"TGCCGATGTCATCAAT-1",7,10
"TGCCGGATGTACGAGC-1",3,8
"TGCCGTGGATCGTCCT-1",4,4
"TGCCGTGGGACCCAAT-1",4,7
"TGCCGTTCTTAATCGG-1",5,10
"TGCCTAAATTTAATAG-1",4,9
"TGCCTAATTGAAGATT-1",8,9
"TGCCTGACATCGGTCA-1",3,8
"TGCCTGATCAAACGAT-1",8,5
"TGCCTTGCCCTTACGG-1",7,9
"TGCCTTGGCCAGGCAA-1",4,4
"TGCGAATATGGGATTT-1",7,12
"TGCGACACCCTAGTGC-1",4,9
"TGCGACGGCCGAACGT-1",3,8
"TGCGAGAAACGTTACG-1",7,9
"TGCGAGAATATTACCC-1",4,9
"TGCGAGATGGCGGCCA-1",8,9
"TGCGAGCCCTTCCGCG-1",8,9
"TGCGATGCTAATGGCT-1",2,2
"TGCGCAAAGCATTTGG-1",4,4
"TGCGCCGTTAATAACG-1",5,9
"TGCGCGATTAACGGAG-1",9,11
"TGCGGACTTGACTCCG-1",4,4
"TGCGGAGTAAAGGTGC-1",8,5
"TGCGGCATAGTTCAAC-1",5,9
"TGCGGGTATTGGGATC-1",9,11
"TGCGGTCTACGAGTAA-1",4,10
"TGCGGTGAAATTTCAT-1",5,9
"TGCGTAAGAACCTGAT-1",7,9
"TGCGTACGGCTAATTG-1",3,7
"TGCGTCATGACTGAGC-1",5,9
"TGCGTGATTGGGTGTC-1",3,2
"TGCGTTTGTTGACACT-1",4,4
"TGCTAAGTGTCTATTT-1",7,7
"TGCTATACAAACGGAC-1",7,10
"TGCTATGGCAAAGGGA-1",3,8
"TGCTCACACAACAACC-1",8,5
"TGCTCCACAGTTCTTA-1",7,7
"TGCTCGGCGAAACCCA-1",8,9
"TGCTCGGTGGGTCACC-1",4,4
"TGCTCTGCCGGTTCAC-1",5,9
"TGCTCTTGAGAGTTTG-1",8,9
"TGCTGCGTCAGAGTTA-1",5,3
"TGCTGGTTGGACAATT-1",8,9
"TGCTGTTGAAGAACTC-1",4,4
"TGCTTAGAGAGAATGC-1",3,8
"TGCTTCCCAAGCAGTA-1",8,9
"TGCTTGAAACCATGCA-1",2,2
"TGGAAACGGAGTGAAC-1",2,10
"TGGAACCACTGACACA-1",4,4
"TGGAAGAAGGGAACGT-1",7,7
"TGGAAGACGAACACCA-1",9,11
"TGGAAGGATAAAGATG-1",8,5
"TGGAATATCCTTGACC-1",4,4
"TGGAATTAGACGCTTT-1",3,8
"TGGACACCGTTGCTTG-1",2,2
"TGGACCAATCTAAGAT-1",8,5
"TGGACCACGGCGTTGA-1",9,11
"TGGACGCAATCCAGCC-1",3,8
"TGGACGTAGGCGAATC-1",2,2
"TGGACTGTTCGCTCAA-1",4,4
"TGGAGCTAAAGTTCCC-1",7,7
"TGGAGGGAAACACCTC-1",8,9
"TGGAGTGATGCGATGA-1",7,9
"TGGATAGAGTAACAGA-1",2,2
"TGGCAAACTAAATTAC-1",4,4
"TGGCAACTCGCGCGCC-1",4,4
"TGGCAAGCACAAGTCG-1",8,9
"TGGCAATGGGACGGCG-1",7,7
"TGGCACGAGCTCGAGT-1",2,10
"TGGCAGATTACGATCA-1",4,4
"TGGCAGCAGTAATAGT-1",6,15
"TGGCATGAAGTTTGGG-1",5,3
"TGGCCAAACTGAAGTA-1",4,4
"TGGCCAATTTGGTACT-1",9,13
"TGGCCGTATATTGACC-1",8,9
"TGGCGACTGCTCCAAA-1",8,9
"TGGCGATCAAGTTATG-1",8,9
"TGGCGGTGTGCGATTG-1",7,7
"TGGCTACACTCTACCT-1",7,7
"TGGCTATGTGACATAC-1",8,9
"TGGCTCTTGTCGCGTA-1",7,12
"TGGCTTATGTATAATG-1",8,9
"TGGCTTGTACAAGCTT-1",8,9
"TGGCTTTGGGTAGACA-1",7,7
"TGGGAAATGCCTTTCC-1",9,11
"TGGGACCATTGGGAGT-1",2,10
"TGGGATGCACTCATTC-1",8,9
"TGGGCAATAGTTGGGT-1",7,4
"TGGGCACAAACAGAAC-1",3,8
"TGGGCACGTTCTATGG-1",7,7
"TGGGCAGGCCACCGCA-1",5,10
"TGGGCCACAAGAGCGC-1",8,5
"TGGGCCCATACTAATT-1",7,7
"TGGGCCTTGCCTGCAT-1",2,10
"TGGGCGATACAATAAG-1",5,3
"TGGGTAAGGTTCCCGC-1",8,9
"TGGGTGCACAAGCCAT-1",7,7
"TGGGTGGGATGTCATT-1",8,9
"TGGGTGTAATAGATTT-1",5,3
"TGGGTGTTAAGTAGAA-1",4,16
"TGGGTTTCGGGCGTAC-1",3,8
"TGGTAAGCAGGATTGA-1",7,12
"TGGTAGAATATATGGG-1",7,7
"TGGTATCGCATCCCAA-1",7,7
"TGGTATCGGTCTGTAT-1",7,7
"TGGTCCCACGCTACGG-1",4,4
"TGGTCGTGCAAGGCAA-1",7,12
"TGGTCGTTTGATAGAT-1",8,5
"TGGTCTAGCTTACATG-1",2,2
"TGGTCTGTTGGGCGTA-1",7,7
"TGGTGATCGTATTTGT-1",3,8
"TGGTTAACTTACATTT-1",1,3
"TGGTTAAGGGCGCTGG-1",8,9
"TGGTTCAACGGGTAAT-1",4,4
"TGGTTCGTAGCAAAGG-1",8,9
"TGGTTGGAGGATCCTG-1",8,9
"TGGTTTAAACGTGGGT-1",8,9
"TGTAACTTGTCAACCT-1",7,4
"TGTAAGACTGATAAGA-1",2,10
"TGTAATGACCACAATA-1",9,12
"TGTAATGCCTTCGGAC-1",8,4
"TGTACCCGACCCTAAT-1",5,3
"TGTACCTACACGAGGG-1",7,7
"TGTACGAACAAATCCG-1",4,12
"TGTACGCTATCAGCTT-1",4,4
"TGTACTACTCTCACGG-1",8,9
"TGTACTGTGCCAAAGT-1",7,7
"TGTAGCCAATTCCGTT-1",5,3
"TGTAGCCATCCCATTC-1",7,16
"TGTAGGAGAAATTTCC-1",7,7
"TGTAGTGATCTATAAT-1",6,15
"TGTATAACAGATCCTG-1",4,4
"TGTATACGGATGATGA-1",5,9
"TGTATCAGACTGAAGC-1",8,9
"TGTATCCTTATTCCAT-1",3,8
"TGTATGGCGCAGACAG-1",7,7
"TGTATTTACCTAATGC-1",8,9
"TGTCATTTGTTGGGAA-1",8,5
"TGTCCACGGCTCAACT-1",3,8
"TGTCCCGACATAGCAC-1",5,9
"TGTCCGCAAACAATTC-1",5,3
"TGTCCGTGGCGCCTTT-1",9,15
"TGTCCTAAGTCACCGC-1",9,13
"TGTCGGCATGGTGGAA-1",3,8
"TGTCGTTATCACATAT-1",3,8
"TGTCTACAGTTTCTGT-1",5,10
"TGTGACTACGCCAGTC-1",4,15
"TGTGACTAGAGTTTGC-1",9,11
"TGTGAGACTAGCCCAA-1",8,9
"TGTGATTCCAGCGCTT-1",4,4
"TGTGCCAGAGGCAAAG-1",8,9
"TGTGCCGGTGCCGGAA-1",7,9
"TGTGCTTTACGTAAGA-1",3,8
"TGTGGAGGAAGCTTAA-1",7,10
"TGTGGCAAAGCGTATG-1",4,4
"TGTGGCGGGCTTCTGG-1",8,9
"TGTGGCTCCCACCAAC-1",7,7
"TGTGGTAGGGTGCCTT-1",5,10
"TGTGGTTGCTAAAGCT-1",5,9
"TGTGTAGTAGCACGTG-1",5,10
"TGTGTCGAAGTCGAGG-1",4,4
"TGTGTCGCGAGTTGCA-1",7,7
"TGTGTGACCATGAATC-1",4,9
"TGTGTTCGTATCCAAG-1",3,8
"TGTTATTGTATGTGGC-1",7,7
"TGTTCATAAATGTGCT-1",6,15
"TGTTCCGCTTCCATGA-1",7,7
"TGTTCCGGCCTGAGCT-1",3,8
"TGTTCGTATTGCGGTG-1",4,4
"TGTTCTCTACTCCCTA-1",8,9
"TGTTCTTCCATTGACT-1",7,7
"TGTTGATCACTGTTTA-1",5,3
"TGTTGCCGTCGTCCCA-1",5,10
"TGTTGTCAAGAAGTCT-1",4,4
"TGTTTAATACTTCATC-1",7,7
"TGTTTCGGTACTTCTC-1",9,11
"TGTTTCTGAAGCGTGC-1",5,3
"TGTTTGAGATCGTCAG-1",8,10
"TTAAACAGAGTCCCGC-1",7,12
"TTAAACCGGTAGCGAC-1",7,7
"TTAAACCTGGTTCCTT-1",2,10
"TTAAACTCGAATTCAT-1",4,4
"TTAAAGGCGATGCTCG-1",5,3
"TTAAAGTAAGTCGCCA-1",5,5
"TTAACACCTCGAACAT-1",9,13
"TTAACCAACCCTCCCT-1",8,5
"TTAACGAACAAGCAGT-1",8,9
"TTAACGTCGCAAGACC-1",5,7
"TTAACGTTAAAGCCTG-1",6,15
"TTAACTCACGCGTGGA-1",9,11
"TTAACTTCAGGTAGGA-1",7,7
"TTAAGACGAACGAACC-1",4,4
"TTAAGATAGGATTGAC-1",7,4
"TTAAGCCGACAACTTC-1",7,9
"TTAAGCGCCTGACCCA-1",7,13
"TTAAGGATACGGAGGT-1",3,3
"TTAAGGCCCGTACTTT-1",3,8
"TTAAGTATTGTTATCC-1",5,9
"TTAATCAGTACGTCAG-1",7,9
"TTAATGCGAGGTAACT-1",7,7
"TTAATGTAGACCAGGT-1",4,4
"TTAATGTGTTTGCAGG-1",2,2
"TTAATTGCTTTGGGTG-1",8,9
"TTAATTTCAGACGCGG-1",8,5
"TTACAACTACGCATCC-1",7,7
"TTACACGATCTGCGAC-1",9,11
"TTACAGACCTAAATGA-1",4,4
"TTACATCGTGGCCTGG-1",7,7
"TTACATGCCACAACTA-1",7,4
"TTACCATTGATTACCC-1",3,8
"TTACCCATTGCCGGGT-1",8,9
"TTACCCTAACAGTCCT-1",9,10
"TTACCCTAGGGATTGG-1",8,9
"TTACCGCCTTAGGGAA-1",3,8
"TTACGGATGGTTCGAG-1",7,9
"TTACGGTGTCACCGAG-1",9,11
"TTACGTAGCGCGTGCT-1",8,9
"TTACGTATCTATGACA-1",3,8
"TTACTAAAGGACTTTA-1",4,4
"TTACTATCGGCTTCTC-1",6,15
"TTACTCCGGCCGGGAA-1",4,4
"TTACTCTGGTACGTAC-1",3,8
"TTACTGGGATATTTCA-1",8,9
"TTACTGTCTAGAGCTC-1",8,9
"TTACTGTTTCTCTACG-1",7,9
"TTAGAAGAACATGACT-1",4,4
"TTAGAATAAGGGTCGG-1",8,9
"TTAGACACGATCGTTG-1",8,9
"TTAGACGAGTCACCTC-1",4,4
"TTAGAGGGATATACAG-1",4,4
"TTAGAGTTTAGAAGGA-1",7,7
"TTAGATAGGTCGATAC-1",3,8
"TTAGCAACATGGATGT-1",3,8
"TTAGCTAATACGATCT-1",4,4
"TTAGCTCTGTAATCCG-1",9,11
"TTAGCTGATTTGCCGT-1",7,7
"TTAGGATGGGAGGGTA-1",5,10
"TTAGGTCATAACCGAC-1",5,9
"TTAGTAAACCTGCTCT-1",7,9
"TTAGTAGGGCGGCGGG-1",3,8
"TTAGTTATTCGTGGCA-1",7,7
"TTAGTTCAAGTGTTCG-1",8,5
"TTATAGATGCACATTA-1",7,7
"TTATAGGTAATTGTCT-1",4,4
"TTATAGTCCAAGGTGC-1",8,5
"TTATATACGCTGTCAC-1",4,4
"TTATATTTGGCAATCC-1",4,4
"TTATCATACTCGCAAA-1",5,9
"TTATCCAATCGAACTC-1",7,12
"TTATCCGGGATCTATA-1",7,7
"TTATCCTCAAGGAATA-1",5,9
"TTATCGCCTGCGAAGC-1",6,15
"TTATCTGACATTAGGA-1",6,15
"TTATCTGTATCATAAC-1",8,9
"TTATGAATGAAAGGGA-1",4,4
"TTATGACAAACTGGAT-1",9,5
"TTATGATCTTAACGAA-1",4,4
"TTATGCGTCCCGGTCC-1",7,8
"TTATGTTTGCGATAGA-1",3,10
"TTATTAGAGCGTGTTC-1",4,4
"TTATTAGGGAAGCATC-1",8,9
"TTATTATCTGGAAGGC-1",5,10
"TTATTTCATCCCAAAC-1",7,10
"TTCAAAGTCTCTAGCC-1",4,4
"TTCAACGACCCGACCG-1",9,11
"TTCAAGCCGAGCTGAG-1",7,9
"TTCAATACTCTGAATC-1",7,7
"TTCAATTAGCCATAAT-1",7,9
"TTCACGAAAGGATCAC-1",8,9
"TTCACGGTCGTCACGT-1",3,8
"TTCACTCGAGCACCTA-1",4,4
"TTCACTTCCTAGAACG-1",5,3
"TTCAGAGTAACCTGAC-1",7,7
"TTCAGCCCTGGTCCAC-1",7,4
"TTCAGCTGGCGTGCCC-1",7,4
"TTCAGGCGTCAAAGCC-1",7,7
"TTCAGTTCAAGAGGAG-1",5,3
"TTCAGTTTGTGGCAGC-1",6,6
"TTCATAGCCTTGTAAC-1",9,12
"TTCATAGGGTGTCCAT-1",2,14
"TTCATGGCGCAACAGG-1",9,15
"TTCCAATCAGAGCTAG-1",4,4
"TTCCAATCTGGCTATC-1",8,9
"TTCCACACAGATTTGA-1",8,9
"TTCCACATTTCTCGTC-1",4,10
"TTCCAGACGAGATTTA-1",4,4
"TTCCATCATGCGGTGA-1",8,9
"TTCCATCGACAGCGTG-1",7,7
"TTCCCGACGCTTCACT-1",4,4
"TTCCCGGCGCCAATAG-1",7,12
"TTCCGCAGAGAAATAT-1",4,9
"TTCCGCGTGAGGCGAT-1",4,4
"TTCCGGCCTTGAGGCT-1",8,9
"TTCCGGCTCGACTTCT-1",8,9
"TTCCGGTATCTGTGTC-1",4,11
"TTCCGGTTACCCACTT-1",7,7
"TTCCTCGAGGGTGTCT-1",3,8
"TTCCTCGGACTAACCA-1",7,7
"TTCCTCTGCCCGAATA-1",9,15
"TTCCTTTCTGTGTTGC-1",3,8
"TTCGACAGAGCCCGTG-1",4,4
"TTCGACGGGAAGGGCG-1",9,11
"TTCGAGCCGGCGCTAC-1",8,10
"TTCGCACTCGCGTGCT-1",8,9
"TTCGCACTGTACGACA-1",8,9
"TTCGCATCCGGAAGCA-1",3,10
"TTCGCCGCTCGCGCTA-1",5,3
"TTCGCGCGCCATACGA-1",8,9
"TTCGCTAGGAAGTTGT-1",8,9
"TTCGCTATCTGACGTG-1",4,9
"TTCGGACTGATGCCTT-1",4,4
"TTCGGACTGGGCATGG-1",5,5
"TTCGGCAACCCGCTGA-1",8,9
"TTCGGCTAGAGATGGT-1",3,11
"TTCGGGACTAATCGCG-1",4,4
"TTCGGGCGCTAGTCTT-1",5,9
"TTCGGGTTGCCACGGG-1",3,8
"TTCGGTACTGTAGAGG-1",3,8
"TTCGGTGGAGACGCCC-1",5,10
"TTCGTAATCCCAGCGG-1",8,9
"TTCGTACTCCAGAACG-1",3,8
"TTCGTGGGCTGGAAGC-1",8,9
"TTCGTTCAACGAAGTT-1",4,4
"TTCTAACCGAAGCTTA-1",7,7
"TTCTACCTCAATCGGT-1",3,8
"TTCTACCTTTATGTTG-1",4,4
"TTCTACTTGCGAGGGC-1",9,11
"TTCTAGAAAGTCTTAT-1",8,9
"TTCTAGGCCAATTGTG-1",8,9
"TTCTATGCCTTTCGCA-1",8,9
"TTCTATTAAACGCAGC-1",5,9
"TTCTCAATTGCTACAA-1",2,14
"TTCTCTTACAGGTGAT-1",5,3
"TTCTGACCGGGCTCAA-1",4,4
"TTCTGCCGCGCCTAGA-1",4,4
"TTCTGCGAGCGCCCTT-1",9,10
"TTCTGCGGGTTAGCGG-1",7,7
"TTCTGCTAGACTCCAA-1",4,4
"TTCTTAGTGAACGGTG-1",7,7
"TTCTTAGTGGCTCAGA-1",8,9
"TTCTTATCCGCTGGGT-1",7,7
"TTCTTCCCTTTGATAT-1",7,10
"TTCTTCGCAATAGAGC-1",4,4
"TTCTTGAGCCGCGCTA-1",4,9
"TTCTTGCTAGCATCTC-1",4,4
"TTCTTGGACGATCTGC-1",5,9
"TTCTTGGAGTAATGAG-1",4,10
"TTCTTGTAACCTAATG-1",3,8
"TTCTTGTGTCCATCAG-1",6,15
"TTCTTTGGTCGCGACG-1",4,4
"TTGAAAGGTGTAAAGG-1",8,9
"TTGAACGAATCCTTTG-1",3,8
"TTGAACGACGTGCTGA-1",7,7
"TTGAAGAATTCCCAGG-1",8,5
"TTGAAGGATGGGCGCC-1",3,8
"TTGAATATGGACTTTC-1",4,4
"TTGAATCGTTGTATAA-1",9,15
"TTGAATTCACGTGAGG-1",7,4
"TTGACAGGAGCTCCCG-1",7,7
"TTGACATGAACGTGGA-1",7,7
"TTGACCAGGAACAACT-1",8,9
"TTGACCATGTTCTCCG-1",4,4
"TTGACCGTGTTAATGA-1",5,9
"TTGACGATTCAGCACG-1",3,8
"TTGACGCTCCATGAGC-1",4,4
"TTGACTACCATATGGT-1",7,9
"TTGACTATTGTCCGGC-1",7,4
"TTGAGAAGTTTAGCAT-1",7,7
"TTGAGAGTACTGCTAA-1",7,7
"TTGAGCAGCCCACGGT-1",5,9
"TTGAGCGCCACGTGAT-1",4,10
"TTGAGGCATTTAACTC-1",5,9
"TTGAGGGTCGAACGCG-1",5,10
"TTGAGTCCCGCTGCTG-1",4,4
"TTGATAGTCAATACAT-1",8,9
"TTGATCTAACTTTGTC-1",8,5
"TTGATGCCGCTCGTCG-1",3,3
"TTGATGTGTAGTCCCG-1",4,4
"TTGATTAGCTGTTTCT-1",4,9
"TTGATTATGCAGATGA-1",9,11
"TTGCAAGAAGACTCCT-1",4,4
"TTGCACAATTCAGAAA-1",4,4
"TTGCACGGAGCAGCAC-1",8,9
"TTGCAGGTCATGAAGT-1",8,10
"TTGCATGCTGATCACG-1",7,9
"TTGCCAAGCAGAACCC-1",8,9
"TTGCCATAGCCCGCTC-1",5,9
"TTGCCCTGATCACGGG-1",7,7
"TTGCCGCAGACCTACA-1",3,8
"TTGCCGCTTTCTAGTA-1",8,9
"TTGCCGGTGATCCCTC-1",8,9
"TTGCCTAATCCAAAGT-1",2,2
"TTGCCTTCTCGCCGGG-1",7,7
"TTGCGCTCTCTCGCTT-1",2,2
"TTGCGCTTGATCAATA-1",5,3
"TTGCGGCATCAGAAAG-1",8,9
"TTGCGGCGACTCATGC-1",7,9
"TTGCGTAGTTTGAGGA-1",3,10
"TTGCGTCGGCCAACCG-1",8,9
"TTGCGTGAACGCTTAG-1",8,9
"TTGCGTGTGTAGGCAT-1",7,7
"TTGCTAGCTACCAATC-1",9,11
"TTGCTCATAGTACGTG-1",3,8
"TTGCTCCCATACCGGA-1",4,10
"TTGCTGAAGGAACCAC-1",9,11
"TTGCTGATCATGTTCG-1",8,9
"TTGCTGCACCTATCCA-1",9,13
"TTGCTGGCCGGGCTTC-1",7,9
"TTGGAAGAATACAGTC-1",3,8
"TTGGACATGTGGCTTA-1",9,13
"TTGGACCATCTGGCAA-1",4,4
"TTGGACCTATAACAGT-1",7,7
"TTGGAGTCTCCCTTCT-1",3,8
"TTGGATATCGTCTACG-1",8,9
"TTGGATCGACTTCTGG-1",5,9
"TTGGATTGGGTACCAC-1",7,7
"TTGGCCAAATTGTATC-1",5,16
"TTGGCCATCTTGCGCT-1",3,8
"TTGGCCTAGAATTTCG-1",7,9
"TTGGCGATCCGAATAT-1",4,9
"TTGGCTCAATATGTGT-1",3,3
"TTGGCTCGCATGAGAC-1",6,15
"TTGGGAAGACGAGCCG-1",5,9
"TTGGGACACTGCCCGC-1",4,4
"TTGGGACGTAAGAGTT-1",9,15
"TTGGGCGGCGGTTGCC-1",4,4
"TTGGGTTTATTCAGCG-1",8,9
"TTGGTATGGCTTGTGT-1",4,9
"TTGGTCACACTCGTAA-1",8,9
"TTGGTGCGGTGTTGAA-1",8,9
"TTGGTTCGCTCAAAGG-1",4,9
"TTGGTTGCGGTGCGCG-1",5,9
"TTGTAACTTCATAGCG-1",8,5
"TTGTAAGGACCTAAGT-1",4,7
"TTGTAAGGCCAGTTGG-1",4,4
"TTGTAATCCGTACTCG-1",8,5
"TTGTACACCTCGAACA-1",8,9
"TTGTATCACACAGAAT-1",7,9
"TTGTCACCGCGGTATC-1",4,9
"TTGTCGTTCAGTTACC-1",8,9
"TTGTGAACCTAATCCG-1",7,7
"TTGTGAGGCATGACGC-1",7,12
"TTGTGCAGCCACGTCA-1",4,4
"TTGTGCGGAAGCGGAT-1",5,3
"TTGTGGCCCTGACAGT-1",8,9
"TTGTGGTAGGAGGGAT-1",5,9
"TTGTGGTATAGGTATG-1",5,10
"TTGTGGTGGTACTAAG-1",7,7
"TTGTGTATGCCACCAA-1",8,9
"TTGTGTTTCCCGAAAG-1",4,4
"TTGTTAGCAAATTCGA-1",8,9
"TTGTTCAGTGTGCTAC-1",4,4
"TTGTTCTAGATACGCT-1",1,1
"TTGTTGTGTGTCAAGA-1",4,4
"TTGTTTCACATCCAGG-1",5,9
"TTGTTTCATTAGTCTA-1",3,8
"TTGTTTCCATACAACT-1",7,7
"TTGTTTGTGTAAATTC-1",5,3
