"barcode","BayesSpace_harmony_09","BayesSpace_harmony_16"
"AAACAAGTATCTCCCA-1",5,3
"AAACAATCTACTAGCA-1",7,12
"AAACACCAATAACTGC-1",4,16
"AAACAGAGCGACTCCT-1",2,14
"AAACAGCTTTCAGAAG-1",4,16
"AAACAGGGTCTATATT-1",7,16
"AAACAGTGTTCCTGGG-1",5,3
"AAACATGGTGAGAGGA-1",4,12
"AAACATTTCCCGGATT-1",3,8
"AAACCCGAACGAAATC-1",8,5
"AAACCGGAAATGTTAA-1",4,16
"AAACCGGGTAGGTACC-1",4,16
"AAACCGTTCGTCCAGG-1",8,5
"AAACCTAAGCAGCCGG-1",2,2
"AAACCTCATGAAGTTG-1",9,13
"AAACGAAGAACATACC-1",8,9
"AAACGAAGATGGAGTA-1",4,16
"AAACGAGACGGTTGAT-1",3,8
"AAACGCTGGGCACGAC-1",4,16
"AAACGGGCGTACGGGT-1",3,8
"AAACGGTTGCGAACTG-1",3,8
"AAACGTGTTCGCCCTA-1",5,3
"AAACTAACGTGGCGAC-1",2,14
"AAACTCGTGATATAAG-1",5,3
"AAACTGCTGGCTCCAA-1",3,8
"AAACTTAATTGCACGC-1",4,16
"AAACTTGCAAACGTAT-1",6,15
"AAAGAATGACCTTAGA-1",4,12
"AAAGAATGTGGACTAA-1",3,8
"AAAGACATGAAGTTTA-1",2,14
"AAAGACCCAAGTCGCG-1",4,4
"AAAGACTGGGCGCTTT-1",7,7
"AAAGCTTGCCTACATA-1",8,9
"AAAGGCCCTATAATAC-1",4,16
"AAAGGCTACGGACCAT-1",3,8
"AAAGGCTCTCGCGCCG-1",3,8
"AAAGGGATGTAGCAAG-1",8,9
"AAAGGGCAGCTTGAAT-1",6,15
"AAAGGTAAGCTGTACC-1",1,14
"AAAGTAGCATTGCTCA-1",4,16
"AAAGTCACTGATGTAA-1",4,4
"AAAGTCGACCCTCAGT-1",6,15
"AAAGTGCCATCAATTA-1",4,4
"AAAGTGTGATTTATCT-1",3,8
"AAAGTTGACTCCCGTA-1",3,8
"AAATAACCATACGGGA-1",3,8
"AAATAAGGTAGTGCCC-1",5,3
"AAATACCTATAAGCAT-1",3,8
"AAATAGCTTAGACTTT-1",5,3
"AAATAGGGTGCTATTG-1",1,1
"AAATCACTCCTAAACG-1",1,1
"AAATCCGATACACGCC-1",3,8
"AAATCGCGGAAGGAGT-1",4,16
"AAATCGTGTACCACAA-1",8,5
"AAATCTAGCCCTGCTA-1",5,3
"AAATGACTGATCAAAC-1",2,2
"AAATGATTCGATCAGC-1",5,3
"AAATGCTCGTTACGTT-1",9,13
"AAATGGCATGTCTTGT-1",5,9
"AAATGGCCCGTGCCCT-1",6,6
"AAATGGTCAATGTGCC-1",8,5
"AAATGTGGGTGCTCCT-1",4,4
"AAATTAACGGGTAGCT-1",8,5
"AAATTACACGACTCTG-1",3,8
"AAATTCCAGGTCCAAA-1",8,5
"AAATTGATAGTCCTTT-1",4,16
"AAATTGGTGAGAAGCA-1",5,3
"AAATTTACCGAAATCC-1",3,8
"AAATTTGCGGGTGTGG-1",4,16
"AACAACTGGTAGTTGC-1",4,4
"AACAATACATTGTCGA-1",8,5
"AACAATTACTCTACGC-1",7,7
"AACACACGCTCGCCGC-1",3,8
"AACACGACTGTACTGA-1",7,9
"AACACGAGACGCGGCC-1",4,16
"AACACGCGGCCGCGAA-1",7,7
"AACAGCTGTGTGGCAA-1",4,16
"AACAGGAAATCGAATA-1",5,9
"AACAGGATGGGCCGCG-1",4,4
"AACAGGTAGTATGGAT-1",8,5
"AACATAGCGTGTATCG-1",3,8
"AACATATCAACTGGTG-1",3,8
"AACATCGATACGTCTA-1",3,2
"AACATTGAAGTTGATC-1",4,13
"AACATTGTGACTCGAG-1",5,3
"AACCAAGACTTCTCTG-1",4,12
"AACCAGTATCACTCTT-1",2,14
"AACCATAGGGTTGAAC-1",9,15
"AACCATGGGATCGCTA-1",9,13
"AACCCAGAGACGGAGA-1",7,12
"AACCCATCCCATGATC-1",4,16
"AACCCGACAACCCGTG-1",5,3
"AACCCGAGCAGAATCG-1",8,5
"AACCCGCTGTATTCCA-1",3,2
"AACCCTACTGTCAATA-1",3,8
"AACCCTGGTGGAACCA-1",7,9
"AACCGAGCTTGGTCAT-1",5,9
"AACCGCTAAGGGATGC-1",3,8
"AACCGTTGTGTTTGCT-1",7,9
"AACCTGTCACGGAATT-1",8,5
"AACCTTTAAATACGGT-1",2,2
"AACCTTTACGACGTCT-1",2,10
"AACGAAAGTCGTCCCA-1",4,16
"AACGACCTCCTAGCCG-1",8,5
"AACGATATGTCAACTG-1",3,3
"AACGCATGATCTGGGT-1",2,14
"AACGCGACCTTGGGCG-1",3,8
"AACGCGGTCTCCAGCC-1",8,9
"AACGCTGTTGCTGAAA-1",3,8
"AACGGACGTACGTATA-1",3,8
"AACGGCCATCTCCGGT-1",4,16
"AACGTACTGTGGGTAC-1",8,16
"AACGTCAGACTAGTGG-1",4,4
"AACGTCATCCGGCTTG-1",2,10
"AACGTCGCTGCACTTC-1",3,8
"AACGTGATGAAGGACA-1",3,8
"AACGTGCGAAAGTCTC-1",3,8
"AACTACCCGTTTGTCA-1",8,5
"AACTAGCGTATCGCAC-1",4,4
"AACTAGGCTTGGGTGT-1",3,8
"AACTCAAGTTAATTGC-1",8,5
"AACTCCAGAGCGTGTT-1",3,8
"AACTCCTAATCCCATG-1",2,2
"AACTCGATGGCGCAGT-1",9,13
"AACTCTCAATAGAGCG-1",2,2
"AACTCTCAGTGTGCTC-1",8,5
"AACTGAGGTCAGCGTC-1",3,8
"AACTGAGTTATACTGA-1",4,4
"AACTGATATTAGGCCT-1",5,9
"AACTGGGTCCCGACGT-1",8,5
"AACTGGGTTCGAGCCG-1",2,2
"AACTGGTGTGGGCCTT-1",4,4
"AACTTGCCCGTATGCA-1",7,7
"AACTTTAGCTGCTGAG-1",7,12
"AACTTTCTCGATCATG-1",6,15
"AAGAAATCACCAGATT-1",8,5
"AAGACATACGTGGTTT-1",5,9
"AAGACCAAATAACTCA-1",4,16
"AAGACCCAACTGAACA-1",5,3
"AAGACTCACGCCCACT-1",2,14
"AAGACTGCAAGCTACT-1",5,3
"AAGAGATGAATCGGTA-1",7,7
"AAGAGCTCTTTATCGG-1",3,8
"AAGAGGATGTACGCGA-1",4,4
"AAGAGGCATGGATCGC-1",3,8
"AAGAGGCCCTTTGGAA-1",5,3
"AAGATGGCACCGGACC-1",8,5
"AAGCATACTCTCCTGA-1",2,2
"AAGCCACTTGCAGGTA-1",8,5
"AAGCCGAAGCGGTTTA-1",5,3
"AAGCCGCCGTGAAATC-1",4,16
"AAGCCGCTTTACCTTG-1",5,3
"AAGCCGGAGAGCAGGA-1",4,4
"AAGCGGAGTGCGCGCA-1",5,3
"AAGCGGCGTCATGGGT-1",1,1
"AAGCGTCCCTCATCGA-1",8,5
"AAGCTAGATCGAGTAA-1",3,8
"AAGCTCGTGCCAAGTC-1",3,8
"AAGCTCTTTCATGGTG-1",1,1
"AAGGAGAACTTATAAG-1",8,9
"AAGGAGCGGTTGGTGC-1",8,16
"AAGGATCGATCGCTTG-1",5,3
"AAGGCAGGCTGTCTCC-1",8,5
"AAGGCGCGTAAAGCTT-1",4,4
"AAGGCTGTGCTCATCG-1",8,5
"AAGGGAACGACTGGCT-1",6,15
"AAGGGACTATGCATTC-1",4,16
"AAGGGTTTGATTTCAG-1",4,16
"AAGGTATCCTAATATA-1",3,8
"AAGGTGATAAACCAGC-1",3,8
"AAGTAGAAGACCGGGT-1",4,12
"AAGTAGTGACGCGAGG-1",4,4
"AAGTCAATTGTCGTCA-1",5,3
"AAGTCTAGTAGCTGCC-1",8,5
"AAGTCTTCTGTGGCCT-1",7,7
"AAGTGACGACCGAATT-1",4,16
"AAGTGAGTCGGGTTTA-1",5,3
"AAGTGCCTTGACTGTA-1",5,3
"AAGTGCGTTAGAATCT-1",4,16
"AAGTGCTTCTCTATTG-1",8,5
"AAGTTCAGTCTGCGTA-1",3,8
"AAGTTCGGCCAACAGG-1",4,16
"AAGTTGTGATGTTATA-1",3,8
"AAGTTTACTAATGGCA-1",8,9
"AATAACAACGCTCGGC-1",4,4
"AATAACACTAGAACAA-1",4,16
"AATAAGTCCTCGAGAC-1",5,9
"AATAATCTTCGTATCG-1",9,13
"AATACAATGTTTCAGG-1",6,15
"AATACCGGAGGGCTGT-1",6,15
"AATACCTGATGTGAAC-1",3,2
"AATAGAACAGAGTGGC-1",8,5
"AATAGAATCTGTTTCA-1",2,14
"AATAGCTACCGCGTGC-1",3,3
"AATAGGCACGACCCTT-1",8,5
"AATAGTCCGTCCCGAC-1",3,8
"AATATCAAGGTCGGAT-1",7,13
"AATATCCTAGCAAACT-1",7,7
"AATATCGAATCAATGC-1",5,3
"AATATCGAGGGTTCTC-1",3,8
"AATATTGGAGTATTGA-1",4,16
"AATCAGGTTTCATTTA-1",8,5
"AATCATGTAAAGACTC-1",3,8
"AATCCAAGGGCCTGAG-1",4,4
"AATCCCGCTCAGAGCC-1",3,8
"AATCGAGGTCTCAAGG-1",3,8
"AATCGCCTCAGCGCCA-1",3,10
"AATCGCGCAGAGGACT-1",8,5
"AATCGGGACACTACGA-1",8,9
"AATCGGTATAGCCCTC-1",3,8
"AATCGTGAGCCGAGCA-1",2,2
"AATCTAGGTTTACTTG-1",4,16
"AATCTATGCCGGAGCC-1",5,3
"AATCTCTACTGTGGTT-1",7,7
"AATCTGGCTTTCTAGT-1",4,16
"AATCTGGGTAGACCCT-1",1,14
"AATGACAGCAATGTCT-1",4,16
"AATGACTGTCAGCCGG-1",4,16
"AATGATGCGACTCCTG-1",3,8
"AATGCAACCGGGTACC-1",8,5
"AATGCACCAAGCAATG-1",1,14
"AATGGTCCACCGTTCA-1",7,7
"AATGGTTCTCACAAGC-1",9,15
"AATGTATGGCACTGTA-1",4,16
"AATGTGCCCGAGGTGT-1",4,16
"AATGTGCTAATCTGAG-1",8,5
"AATGTTAAGACCCTGA-1",3,8
"AATGTTGTCGTGAGAC-1",3,8
"AATTAAAGGTCGGCGT-1",8,5
"AATTAACGGATTTCCA-1",2,14
"AATTACGAGACCCATC-1",6,15
"AATTAGCGCTGCAGCG-1",3,8
"AATTATACCCAGCAAG-1",3,8
"AATTCATTGTCATGCA-1",4,16
"AATTCCAAGCATGTAC-1",3,8
"AATTCTAGAGTTAGGC-1",3,8
"AATTGCAGCAATCGAC-1",3,8
"AATTGCGTGGATTACA-1",4,16
"AATTGTGGTTGCCAAA-1",8,5
"AATTTGGGACATAGTA-1",2,10
"AATTTGGTTCCAAAGA-1",7,9
"ACAAACCATGCGTCCT-1",4,16
"ACAAACTCCATCAGAG-1",5,3
"ACAAAGAAGGTAGGCC-1",7,7
"ACAAAGCATGACCTAG-1",3,8
"ACAAATCGCACCGAAT-1",1,1
"ACAAATGGTAGTGTTT-1",2,14
"ACAACAGCATGAGCTA-1",5,3
"ACAACGGTCCCTGCGA-1",9,15
"ACAAGCAGTGCCTAGC-1",7,7
"ACAAGGACAAGAGGTT-1",4,4
"ACAAGGATGCTTTAGG-1",2,14
"ACAAGTAATTGTAAGG-1",4,16
"ACAATAGTCGTACGTT-1",4,16
"ACAATCCATTTAAACC-1",4,4
"ACAATCGATCTTTATA-1",8,9
"ACAATGAATACGGAGA-1",4,16
"ACAATGATTCTTCTAC-1",2,14
"ACAATTGTGTCTCTTT-1",3,8
"ACAATTTGAGCAGTGG-1",3,8
"ACAATTTGGCCATATT-1",4,16
"ACACAAAGACGGGTGG-1",8,5
"ACACAAATATTCCTAG-1",5,3
"ACACACCAGGACCAGT-1",3,8
"ACACACTTTCTACACG-1",7,9
"ACACATGATCAAATCT-1",4,16
"ACACCACATAATTAGC-1",8,5
"ACACCCAGCATGCAGC-1",8,16
"ACACCCGAGAAATCCG-1",7,7
"ACACCGGTCTGACCGC-1",4,16
"ACACCTTAAGTAGGGC-1",4,16
"ACACCTTACTACTTGC-1",5,3
"ACACGAGACTCCTTCT-1",9,15
"ACACGGCACTATGCAT-1",7,9
"ACACGGGAACTTAGGG-1",5,3
"ACACGTAGGCCACAAG-1",5,3
"ACACTGATCAAGGTGT-1",8,5
"ACACTGGGACAGTCGT-1",8,5
"ACAGAACTGAGAACAA-1",4,16
"ACAGATTAGGTTAGTG-1",8,9
"ACAGCATAGAGCCAGT-1",8,16
"ACAGCGACATTCTCAT-1",3,8
"ACAGCGCACCCGCAGC-1",3,8
"ACAGGCACGGATCCTT-1",3,8
"ACAGGTGGAGGTGAGG-1",8,16
"ACAGTAATACAACTTG-1",7,16
"ACAGTATACCGTGGGA-1",5,3
"ACATAAGTCGTGGTGA-1",4,16
"ACATAATAAGGCGGTG-1",8,5
"ACATACAATCAAGCGG-1",2,2
"ACATCAGCTGGGACGC-1",7,7
"ACATCCCGGCCATACG-1",3,8
"ACATCCTGGTAACTGT-1",5,3
"ACATCGATCGTTTACC-1",8,9
"ACATCGCAATATTCGG-1",8,5
"ACATCGGTCAGCCGCG-1",4,16
"ACATCGTTAACCTAGT-1",3,8
"ACATCTCAACGCGTAA-1",5,9
"ACATGCTTACGGCAGC-1",4,15
"ACATGGCGCCAAAGTA-1",5,3
"ACATTAGTTTATATCC-1",3,8
"ACATTCGCGCGGAATA-1",8,5
"ACATTTGAAACCTAAC-1",3,8
"ACCAAACACCCAGCGA-1",5,3
"ACCAAACTAGAAATCC-1",5,9
"ACCAACACCACACACT-1",3,3
"ACCAACCGCACTCCAC-1",3,8
"ACCAACGCTTATTTAT-1",8,5
"ACCAAGAACGCGTGTC-1",4,4
"ACCAAGTCATCGGCAG-1",3,8
"ACCACAACTCAGAACA-1",3,8
"ACCACAAGTTTCTATC-1",8,5
"ACCACACGGTTGATGG-1",3,8
"ACCACCAATGTAACAA-1",5,3
"ACCACCCTCTCTTCTA-1",5,3
"ACCAGACCATAACAAC-1",7,7
"ACCAGCCCGGTCTTTG-1",5,9
"ACCAGGAGTGTGATCT-1",4,4
"ACCAGTGCGGGAGACG-1",3,8
"ACCATATCCGCAATAA-1",8,5
"ACCATCCGCCAACTAG-1",7,7
"ACCATCGTATATGGTA-1",8,5
"ACCCACCTACATGCTC-1",7,7
"ACCCATCTTGAGGGTA-1",4,4
"ACCCATTTGTCCCTCT-1",3,8
"ACCCGAGCGAAATTAC-1",4,16
"ACCCGATTGGTTCCGA-1",8,5
"ACCCGGAAACTCCCAG-1",2,14
"ACCCGGAGCACCACAA-1",8,5
"ACCCGGATGACGCATC-1",3,8
"ACCCGGTTACACTTCC-1",8,5
"ACCCGTAGCAGAGAAT-1",4,16
"ACCCGTAGTCTAGTTG-1",8,5
"ACCCGTGTCATCAGTA-1",3,3
"ACCCTATGCCATATCG-1",8,5
"ACCCTCCCGTCAGGGC-1",3,8
"ACCCTGGTAACGCCCT-1",5,3
"ACCCTTCATCTGCGAA-1",5,9
"ACCCTTGCCTGGGTCG-1",5,3
"ACCCTTTAGTTCTCCA-1",3,8
"ACCGAAAGGGCCCTGC-1",4,4
"ACCGAAGAGTCTGGTT-1",9,13
"ACCGACACATCTCCCA-1",2,14
"ACCGACTGAGTCCCAC-1",5,3
"ACCGAGTCTCCTTATT-1",2,2
"ACCGATAGGCATAACC-1",8,5
"ACCGATATTTAATCAT-1",9,13
"ACCGATGGTAGCATCG-1",2,2
"ACCGCGGTGGAAGTCG-1",5,3
"ACCGCTAGTCATTGGT-1",8,5
"ACCGGGCCTTTGTTGA-1",3,8
"ACCGGTCAGGTACACC-1",4,16
"ACCGGTCTGAGTACGG-1",1,1
"ACCGTCCACTGGGCCC-1",4,16
"ACCGTGACCACGTGGG-1",8,5
"ACCGTTCCCGCTCTGA-1",9,9
"ACCTAAGTACCTTTCA-1",4,16
"ACCTAATCGACTTCCT-1",6,15
"ACCTACAGTATGTGGT-1",8,5
"ACCTACTATAAATCTA-1",3,8
"ACCTCCGCCCTCGCTG-1",5,3
"ACCTCCGTTATTCACC-1",8,5
"ACCTCGAACTTATGCT-1",4,16
"ACCTGCGTGTCATGTT-1",6,15
"ACGAAATGGGCGGCAC-1",6,6
"ACGACCCATGAGTTGC-1",4,4
"ACGACTCTAGGGCCGA-1",3,8
"ACGACTGGTCATACTC-1",8,5
"ACGAGAACCCATCACG-1",7,7
"ACGAGATATTTGCTTA-1",3,8
"ACGAGGATACCACTCT-1",4,16
"ACGAGGTTTACAACGT-1",6,15
"ACGAGTACGGATGCCC-1",3,8
"ACGATACATAGAACTA-1",3,8
"ACGATCATACATAGAG-1",8,9
"ACGATCATCTTGTAAA-1",5,3
"ACGATGCATATGTTAT-1",8,5
"ACGATGGATCCGATGC-1",5,9
"ACGCAAACTAATAGAT-1",5,3
"ACGCAATCACTACAGC-1",5,3
"ACGCATACGTTTACTA-1",5,3
"ACGCATTCGTGAGTAC-1",8,5
"ACGCCACTCGAAACAG-1",2,14
"ACGCCAGATGATTTCT-1",5,9
"ACGCCAGTGCGTTTGC-1",3,8
"ACGCCCAGCTGTCGAT-1",5,9
"ACGCCGCTAGACGACC-1",3,8
"ACGCGAAGTCAGACGA-1",5,3
"ACGCGCTACACAGGGT-1",6,6
"ACGCGGGCCAAGGACA-1",8,5
"ACGCTACTGAATGGGC-1",8,5
"ACGCTAGTGATACACT-1",2,14
"ACGCTGTGAGGCGTAG-1",4,4
"ACGCTTAGTGTCTCTC-1",3,8
"ACGGAACACGAGTGCC-1",3,8
"ACGGAATTTAGCAAAT-1",6,6
"ACGGACGCAGCGACAA-1",4,16
"ACGGAGCGCAAATTAC-1",3,8
"ACGGCACTTGCTTGGG-1",3,8
"ACGGCCAACATGGACT-1",3,8
"ACGGCTGGATGTAGAA-1",4,16
"ACGGGAGTGTCGGCCC-1",4,16
"ACGGGCGTATGCGACA-1",5,3
"ACGGTACAGTTCAATG-1",3,8
"ACGGTCACCGAGAACA-1",4,16
"ACGTACAGATTTCTCT-1",7,9
"ACGTACTTTGGCACGG-1",8,5
"ACGTAGATTGCTGATG-1",8,5
"ACGTATTACTCCGATC-1",3,8
"ACGTCGGGCAACTCGG-1",9,13
"ACGTCTCGTTCCGGGA-1",7,7
"ACGTGACAAAGTAAGT-1",4,4
"ACGTGCGCCTCGTGCA-1",8,9
"ACGTGGTCGAATGTGC-1",3,8
"ACGTTAATGTCGAAGA-1",3,3
"ACGTTAGATTTGCCCG-1",8,5
"ACGTTCACTATGCCGC-1",5,3
"ACGTTCCGCGCTCCGT-1",4,16
"ACGTTCGCAATCAATT-1",8,5
"ACGTTCGTTCAGGAAA-1",8,5
"ACGTTCTGTACAAGTC-1",3,8
"ACGTTGTCGTTGAAAG-1",8,5
"ACGTTTAGTTGTGATC-1",5,9
"ACTAAGGACGCACACC-1",5,3
"ACTAATACGTCAGGCG-1",1,1
"ACTACAAAGAGAGGTG-1",5,3
"ACTACATCCCGACAAG-1",4,16
"ACTACCAGCTCTCTGG-1",4,13
"ACTACCATCCGAGGGC-1",6,15
"ACTACGCGTTAGAATT-1",3,8
"ACTAGTTGCGATCGTC-1",5,3
"ACTATCCAGGGCATGG-1",5,3
"ACTATCTGCCCGCGTA-1",8,5
"ACTATGTCCAGCTGCC-1",4,16
"ACTATTCGTCCGTGGT-1",5,3
"ACTATTTCCGGGCCCA-1",8,5
"ACTCAACGAATGTATT-1",9,13
"ACTCAAGTGCAAGGCT-1",2,2
"ACTCAATAAAGGCACG-1",5,9
"ACTCAGACCTGCTTCT-1",7,7
"ACTCATGGCAGCCTTC-1",4,16
"ACTCCAATATCATCAT-1",4,2
"ACTCCCATTCCTAAAG-1",4,16
"ACTCCCGAATTCGTTT-1",3,8
"ACTCCCGTAGACTAGG-1",5,3
"ACTCCCTAATGCTAAA-1",2,14
"ACTCCCTAGAATAGTA-1",2,2
"ACTCCGGCCGACCACT-1",3,8
"ACTCGCCGTTCGATAA-1",5,3
"ACTCGCGATCTGACGC-1",4,16
"ACTCGTAACCCGTCCT-1",4,16
"ACTCGTCAGTAATCCC-1",3,8
"ACTCTCTTATACACGA-1",3,8
"ACTCTGACCTAATAGA-1",3,8
"ACTCTTCAGCTCCCGC-1",4,16
"ACTCTTGTATAGTAAC-1",5,3
"ACTGAAACGCCGTTAG-1",3,8
"ACTGAATGGCGAAAGT-1",1,1
"ACTGATTTAGTGATTC-1",3,8
"ACTGCCCGCCATTCTC-1",8,5
"ACTGCCGTCGTAACTC-1",5,9
"ACTGCGGACACACCGT-1",8,16
"ACTGCTCGGAAGGATG-1",4,16
"ACTGGCGAACCTGCGT-1",3,8
"ACTGGGATGCCAGTGC-1",3,8
"ACTGTACGATACACAT-1",3,10
"ACTGTAGCACTTTGGA-1",9,13
"ACTGTATACGCGAGCA-1",7,13
"ACTGTCCAGGATTATA-1",6,15
"ACTGTCTTCTTTAGAA-1",8,5
"ACTGTGCTAGTAGATC-1",6,15
"ACTGTTTAGTGTAGGC-1",8,9
"ACTTAGTACGACAAGA-1",7,7
"ACTTATTAGGATCGGT-1",8,5
"ACTTATTTATGTGCCA-1",3,8
"ACTTCAGGCTGATCCC-1",1,1
"ACTTCCAGTGGAAGCT-1",4,16
"ACTTCCATGCGGGACA-1",2,14
"ACTTCCTGTCGTGCGA-1",1,1
"ACTTCGCCATACGCAC-1",3,10
"ACTTCGCTAGCGAGTG-1",4,16
"ACTTGACTCCCTCTTT-1",3,8
"ACTTGCCATATTGTAC-1",8,9
"ACTTGGGACCCGGTGG-1",8,5
"ACTTGGGCTTTCGCCA-1",2,8
"ACTTGTAGTCCCTTCA-1",9,13
"ACTTGTGGATGGAACG-1",5,3
"ACTTGTTACCGGATCA-1",3,8
"ACTTTACCCTCATGAA-1",5,3
"ACTTTATACACCACTT-1",4,16
"ACTTTCCTATAGCTTC-1",8,5
"ACTTTGACTGCATCCT-1",7,7
"ACTTTGGTCGTGCTCC-1",6,15
"ACTTTGTCGACGCACT-1",8,16
"AGAAATTATGACTCGC-1",8,5
"AGAACACGGCGATGGT-1",4,16
"AGAACCCAGCGTGACA-1",9,13
"AGAACCCTCAATTGGG-1",4,16
"AGAACGTGGTACATTC-1",3,3
"AGAACTGTACTTTGTA-1",3,2
"AGAAGGTACACTTCAC-1",4,16
"AGAAGGTTGCCGAATT-1",8,12
"AGAAGTGATTCGTGAT-1",4,16
"AGAATAAATCTTCAGG-1",7,7
"AGAATACAGGCTATCC-1",2,2
"AGAATGCGGGTTCGGA-1",3,8
"AGAATTATGGATTCGA-1",3,10
"AGAATTGTTTGACATA-1",9,13
"AGACAGGCATCTCAGC-1",4,4
"AGACATAGATCCTTCC-1",9,13
"AGACCAAACCACACCT-1",4,16
"AGACCATGGGATACAA-1",7,7
"AGACCCACCGCTGATC-1",3,8
"AGACCCGCCCTCCTCG-1",8,9
"AGACCGCTCCGCGGTT-1",5,3
"AGACCGGGAAACCCTG-1",4,4
"AGACGAAGTGCCGGTC-1",3,8
"AGACGACGATGCCGCT-1",4,16
"AGACGCCCACTTCGCC-1",8,5
"AGACTAGCCTTCCAGA-1",4,16
"AGACTGTTACCGGGTC-1",5,3
"AGAGAAACACCAGAAA-1",8,5
"AGAGAAGGAGTACAAT-1",4,16
"AGAGATCTCTAAAGCG-1",4,4
"AGAGCAGTTATGAGAC-1",7,7
"AGAGCCGCCGAGATTT-1",5,3
"AGAGCGCTTGTAACGG-1",8,5
"AGAGCGGGCTAATCAT-1",8,9
"AGAGCGTACAAGCTCG-1",7,7
"AGAGGCTTCGGAAACC-1",5,3
"AGAGGGACAATTGTCC-1",3,10
"AGAGGTATCTCGGTCC-1",4,4
"AGAGTAAACTTCACTA-1",5,3
"AGAGTATAGTGTTACG-1",8,5
"AGAGTGAACAGACACC-1",1,1
"AGAGTTAGAGACCGAT-1",1,14
"AGAGTTGCAGGCCTCC-1",5,3
"AGATAACTTCAGGGCC-1",4,12
"AGATAATCACACCTAT-1",4,16
"AGATACCAATAGAACC-1",5,3
"AGATACCAGCACTTCA-1",5,3
"AGATACCGGTGTTCAC-1",4,16
"AGATACGACTTCATAT-1",7,7
"AGATACTCAAGATCGA-1",1,1
"AGATCTCAGGTGTGAT-1",3,3
"AGATCTGGAGAGGATA-1",4,16
"AGATGACTCGCCCACG-1",8,5
"AGATGATGGAGTCTGG-1",5,3
"AGATGCAAGACGTGCA-1",4,16
"AGATGCATCCTGTGTC-1",7,7
"AGATTATAGGACGTTT-1",6,15
"AGATTCACAACCGATA-1",4,16
"AGCAACATATCTTATT-1",3,8
"AGCAACCGAAAGTAAT-1",4,16
"AGCACACGTTTAGACT-1",4,16
"AGCACCAGTACTCACG-1",5,3
"AGCACTACCGGCCTGT-1",9,13
"AGCACTTAAGGACGCC-1",9,11
"AGCAGAAGGAGAAAGA-1",2,14
"AGCAGCCAGATGAATA-1",3,8
"AGCAGTCGAAGCATGC-1",3,8
"AGCATATCAATATGCT-1",3,8
"AGCATCATTTCGAAAG-1",4,16
"AGCATCGTCGATAATT-1",8,5
"AGCATTACGAGGCAAG-1",3,8
"AGCCAAGCTTTGTGTC-1",3,8
"AGCCACAGGTTACCCG-1",3,8
"AGCCACTCCCGTGCTT-1",3,8
"AGCCATATAGTATGTG-1",2,14
"AGCCCATACATGTAAG-1",4,16
"AGCCCGCAACAAGCAG-1",3,8
"AGCCCGCACTACAATG-1",5,3
"AGCCCGGCATTAGAGG-1",4,16
"AGCCCGGTAGCCTGTA-1",5,3
"AGCCCTAAGCGAAGTT-1",5,9
"AGCCCTCCCTGGTGGC-1",8,5
"AGCCCTGTCGCACCGT-1",4,16
"AGCCCTTCTAATCCGA-1",3,8
"AGCCCTTGGACATCCC-1",8,5
"AGCCGCAAATTCAAAT-1",7,7
"AGCCGTGGCTAAATGT-1",4,16
"AGCCTAATACCCACGT-1",4,16
"AGCGACAGGAACGGTC-1",4,16
"AGCGACATCCCATTCA-1",8,9
"AGCGACCAACGATATT-1",8,5
"AGCGACTTTGAAGACA-1",5,3
"AGCGAGACGTGAAGGC-1",4,16
"AGCGATGCGCCTAATA-1",5,3
"AGCGCATAATGAATCG-1",3,8
"AGCGCTAGAGCGATGT-1",4,16
"AGCGGACACTTCGTAG-1",3,8
"AGCGGCGGTTAGCGGT-1",4,16
"AGCGGGAAGGGTCCAT-1",7,7
"AGCGGGTCTGACACTC-1",2,14
"AGCGGTTGCCGCTCTG-1",5,3
"AGCGTCTGAACCCGCA-1",7,7
"AGCGTGGTATTCTACT-1",3,8
"AGCGTTCCGATTTAAA-1",2,2
"AGCTAACAAGCAATGT-1",4,16
"AGCTAAGCTCCGTCCG-1",5,3
"AGCTAAGTACGCAGGC-1",3,8
"AGCTAGAAGCAGAAGT-1",2,2
"AGCTATTTAATCCAAC-1",5,9
"AGCTCCATATATGTTC-1",5,3
"AGCTCGTTGATGGAAA-1",5,3
"AGCTCTAGACGTTCCA-1",3,8
"AGCTCTTCCCAGTGCA-1",3,8
"AGCTCTTCGTAACCTT-1",5,3
"AGCTCTTTACTCAGTT-1",8,12
"AGCTGAAGTAAACCAA-1",3,8
"AGCTGTAACCTCAATC-1",4,16
"AGCTTATAGAGACCTG-1",7,12
"AGCTTCTTCTCGAGCA-1",3,8
"AGCTTGATCAGGGTAG-1",9,13
"AGCTTGATCTTAACTT-1",4,16
"AGGAACGAACGACTTC-1",8,5
"AGGACAGTCGAATCCC-1",2,14
"AGGACATCGCACGTCG-1",7,7
"AGGACATCGGCACACT-1",4,16
"AGGACGACCCATTAGA-1",8,12
"AGGAGACATCCACAGT-1",5,3
"AGGAGAGTCTGGCTAC-1",8,16
"AGGAGGCCTTCGCGCG-1",3,3
"AGGATAAAGTCGGGAT-1",3,8
"AGGATATAGGGATTTA-1",3,8
"AGGATATCCGACTGCA-1",3,8
"AGGATCACGCGATCTG-1",4,16
"AGGATTGCTTACGACA-1",8,5
"AGGCACGTGACTGTCC-1",8,5
"AGGCAGGGAGCGTACT-1",5,3
"AGGCATTGTCGTAGGG-1",3,10
"AGGCCACATTGGTTAC-1",4,16
"AGGCCACCCGTTATGA-1",4,4
"AGGCCCATTGTACAGG-1",8,9
"AGGCCCTAGAACGCCA-1",4,16
"AGGCCTATCATACCAA-1",3,3
"AGGCCTGAGAATCTCG-1",3,8
"AGGCGATAACTGGCGT-1",4,16
"AGGCGGTTTGTCCCGC-1",4,16
"AGGCGTCTATGGACGG-1",3,8
"AGGCTATGGTTAGCTT-1",6,15
"AGGCTTCCCGAAGAAG-1",8,16
"AGGCTTGCTAGACACC-1",7,7
"AGGGAAACGAGGTACT-1",3,8
"AGGGACAGCACGGCGG-1",6,15
"AGGGACCGGCTGCGTT-1",8,5
"AGGGACTCTACGCGAC-1",3,8
"AGGGAGACATACTTCG-1",5,3
"AGGGCAGCGGCGTGGT-1",7,9
"AGGGCCCTAATGTTCT-1",8,12
"AGGGCGAGCAGCTGAT-1",4,16
"AGGGCGTGATCGGCTA-1",4,4
"AGGGCTGCAGTTACAG-1",5,3
"AGGGTCAGAGCACTCG-1",5,3
"AGGGTCAGTAACCCTA-1",3,8
"AGGGTCGATGCGAACT-1",3,8
"AGGGTCTGGACGCAGT-1",8,5
"AGGGTGCCGTTCTTTA-1",8,16
"AGGGTTCAGACGGTCC-1",5,3
"AGGGTTTAGTTCGGGA-1",8,5
"AGGTAACCTCCTATTC-1",7,12
"AGGTACGATATTGCCA-1",5,8
"AGGTAGATCGAGATAT-1",9,13
"AGGTAGGTACAAAGCT-1",4,4
"AGGTATAATTGATAGT-1",8,5
"AGGTATGCGGACATTA-1",4,16
"AGGTCAGGTGAGAGTG-1",4,16
"AGGTCGCCTCCCAACA-1",8,5
"AGGTCGCGGAGTTACT-1",3,8
"AGGTGCACGTCCACAT-1",3,8
"AGGTGGTGACCTTCGC-1",3,8
"AGGTGTATCGCCATGA-1",4,16
"AGGTGTTGCCGACCAC-1",4,16
"AGGTTACACCATGCCG-1",8,5
"AGGTTCTCCTTTCCGG-1",9,13
"AGGTTGAGGCACGCTT-1",5,9
"AGGTTTCACACACCTT-1",5,3
"AGTAACGTTCATCCTG-1",2,2
"AGTAACTATAGCAGCC-1",3,8
"AGTAATCTAAGGGTGG-1",3,8
"AGTAATGTCTTGCCGC-1",8,9
"AGTAATTTGCAAGCGT-1",4,16
"AGTACAGAAGCTTATA-1",2,2
"AGTACATCATTTATCA-1",5,3
"AGTACCTTCGAGTGCT-1",3,8
"AGTACGGCCCGTATCG-1",7,7
"AGTACGGGCACCTGGC-1",3,8
"AGTACGTGGCCTGTCT-1",3,8
"AGTACTCTTATGCCCA-1",3,8
"AGTAGAAGGCGCCTCA-1",2,14
"AGTAGCGTGAACGAAC-1",5,9
"AGTAGGTAACATACAT-1",4,4
"AGTATAATACTAGGCA-1",4,4
"AGTATACACAGCGACA-1",5,3
"AGTATGCTGGAGACCA-1",4,16
"AGTATTTGGCACGACC-1",5,3
"AGTCAAATGATGTGAT-1",8,5
"AGTCAACACCACCATC-1",8,5
"AGTCAAGATGACACTT-1",3,8
"AGTCACTAGCTCTCGA-1",3,8
"AGTCAGCCACCGCCTG-1",7,7
"AGTCCATTGGCTGATG-1",3,8
"AGTCCCTCGCAGAAAG-1",8,5
"AGTCGAAACGATTCAG-1",9,13
"AGTCGACGGTCTCAAG-1",2,14
"AGTCGGCCCAAACGAC-1",9,13
"AGTCGGCTCAACTTTA-1",6,15
"AGTCGGTTGCGTGAGA-1",8,5
"AGTCGTATAAAGCAGA-1",2,2
"AGTCGTCGACCACCAA-1",3,8
"AGTCGTGGGCATTACG-1",4,16
"AGTCTAAAGTATACTC-1",5,3
"AGTCTCACAAGACTAC-1",4,16
"AGTCTGGACATCCTTG-1",9,10
"AGTCTTCTCCTCAAAT-1",5,9
"AGTCTTTAAAGTGTCC-1",1,1
"AGTGAACAAACTTCTC-1",5,3
"AGTGAAGATGGTGTCC-1",5,3
"AGTGACCTACTTTACG-1",8,5
"AGTGACTGTGACACAA-1",4,16
"AGTGAGCCTCGCCGCC-1",3,8
"AGTGAGGGTTTCTGAC-1",3,8
"AGTGAGTCGAATTAAC-1",5,8
"AGTGATAACCTGCGCG-1",3,8
"AGTGATATGAGTAGTT-1",8,5
"AGTGCACGCTTAAGAA-1",3,8
"AGTGCGTAGCTCGTAA-1",6,15
"AGTGCTAAACACAGCA-1",3,8
"AGTGCTTGCACGAATA-1",2,14
"AGTGGCCCGCAAATGG-1",3,8
"AGTGGCGTCTGAAGGT-1",2,2
"AGTGGCTCCGTCGGCC-1",7,16
"AGTGGTGTTACCCGTG-1",9,13
"AGTGGTTGCGTATAGG-1",7,7
"AGTGTATTGCGCATTG-1",1,1
"AGTGTGGTCTATTGTG-1",9,13
"AGTTAAACACTTGCGA-1",8,5
"AGTTAAGCGGTCCCGG-1",3,8
"AGTTAAGTCAACCGCT-1",4,16
"AGTTACCGCACATGGT-1",7,7
"AGTTACTCTATCGTGG-1",3,10
"AGTTCCTACAGAATTA-1",8,5
"AGTTCCTATTTATGTT-1",5,8
"AGTTGACGGTCCTTGC-1",3,2
"AGTTGCGGTCCTCAAC-1",4,16
"AGTTGGCAAGGCTAGA-1",3,8
"AGTTTATGTAAAGACA-1",8,3
"AGTTTCGCAGGTCGGA-1",7,9
"AGTTTGGCACGGGTTG-1",5,3
"AGTTTGGCCAGACCTA-1",4,16
"ATAAACCATTGGACGG-1",8,12
"ATAAACGGACCCGTAA-1",5,8
"ATAAACGTTGCACCAC-1",5,3
"ATAAAGGCTCGGTCGT-1",8,5
"ATAAAGGTCAAGTACG-1",3,8
"ATAAATATTAGCAGCT-1",4,4
"ATAACGCCGGAGGGTC-1",3,8
"ATAACGGAGTCCAACG-1",5,3
"ATAACGTTACCTCCAC-1",3,8
"ATAAGCAAACACCGAG-1",3,8
"ATAAGGTGGAGAACAT-1",2,14
"ATAAGTACCCGATTGT-1",3,8
"ATAAGTAGGATTCAGA-1",3,8
"ATAAGTAGGGCGACTC-1",5,3
"ATAAGTTACCGCGACG-1",8,5
"ATAATAGCTGTTGAAT-1",3,8
"ATAATAGTGTAGGGAC-1",7,7
"ATAATTAGCTAAGTAG-1",2,2
"ATACCACGGGCAACTT-1",4,1
"ATACCAGCAAATTGCT-1",8,9
"ATACCAGGCTAATAGA-1",8,16
"ATACCCTCCCGGCCAA-1",4,16
"ATACCGTCATCCATAA-1",3,3
"ATACCTAACCAAGAAA-1",2,14
"ATACGAAGGCTTTCCA-1",4,16
"ATACGAGGTTTGTAAG-1",5,3
"ATACGCCGGCGAAACC-1",2,14
"ATACGGAACGTCGTTT-1",4,16
"ATACGGGTTTCGATTG-1",3,8
"ATACGGTGAAGATGCA-1",7,7
"ATACGTCCACTCCTGT-1",3,8
"ATACGTTATGCACGGA-1",3,2
"ATACTACCCGTACCAC-1",5,3
"ATACTAGCATGACCCT-1",8,5
"ATACTTGTTCTCGAGC-1",7,7
"ATAGACAACGGGACCT-1",1,1
"ATAGACGAAGAGAAAG-1",8,11
"ATAGAGTACTGGGACA-1",4,16
"ATAGCAACTAGGGAAG-1",3,8
"ATAGCCATAACAGTCA-1",5,3
"ATAGGCGGCTATAGAA-1",4,16
"ATAGGGATATCCTTGA-1",5,9
"ATAGGTTGGGCAGATG-1",5,3
"ATAGTCTTTGACGTGC-1",5,9
"ATAGTGAAGCGTTCTC-1",8,5
"ATAGTTCCACCCACTC-1",5,3
"ATATAAAGCGCTCGTG-1",2,14
"ATATAACACGGGCGCA-1",3,8
"ATATACATGTATGGTA-1",7,7
"ATATACGCTCGTGACG-1",5,3
"ATATAGAGTATTGGTC-1",4,16
"ATATCAACCTACAGAG-1",5,3
"ATATCAATTCCAGCCT-1",4,16
"ATATCGGTAGGGAGAT-1",5,5
"ATATCGTGCCAGACCC-1",3,8
"ATATCGTTCCTCGAAC-1",3,8
"ATATCTCCCTCGTTAA-1",3,8
"ATATCTTAGGGCCTTC-1",8,5
"ATATGGGATAGCAACT-1",3,8
"ATATGTCTAGAGCGTG-1",1,1
"ATATGTCTCCCTAGCC-1",3,8
"ATATGTGCACAAACCA-1",3,8
"ATATTCAGTTAAACCT-1",4,16
"ATATTCCCACAGGTCA-1",8,9
"ATATTGCTGTCAAAGT-1",7,7
"ATATTGGAGAGGCCTT-1",8,5
"ATATTTAACCCTCAAG-1",8,5
"ATCAAACACTGTTCCA-1",5,3
"ATCAAACGAAGGTTTG-1",4,16
"ATCAAAGAGCCGTGGT-1",2,14
"ATCAAGATCCCAGGAC-1",3,8
"ATCAATCTGGGCTGCA-1",8,5
"ATCAATGCCGTGGCTG-1",4,16
"ATCACATTAGAATATC-1",3,8
"ATCACGTGCTAATTAA-1",4,16
"ATCACTTCATCCTCGC-1",8,9
"ATCAGACGGCACGCCG-1",4,16
"ATCAGCCTCATGCTGC-1",2,2
"ATCAGCTCGTCCACTA-1",4,16
"ATCAGGTAGCTGACAG-1",4,16
"ATCATAGATCGACGAG-1",5,3
"ATCATAGCCCTATGTA-1",5,3
"ATCATCCAATATTTGT-1",8,5
"ATCATCTGCCCAGTGT-1",3,8
"ATCATGGACTACCGAC-1",4,16
"ATCATTGTACCGCATT-1",4,12
"ATCCAACGCAGTCATA-1",4,4
"ATCCAATGGAGGGTCC-1",4,16
"ATCCAATGGTACCGAA-1",7,7
"ATCCACGCTAAATGTT-1",3,8
"ATCCACTTTCAGACTA-1",2,10
"ATCCAGAGCAACAACC-1",8,5
"ATCCAGGATTCGTGAA-1",8,5
"ATCCCATCCACAGCGC-1",4,16
"ATCCCATTTCCGTGGG-1",3,8
"ATCCGGACCAGCCTGA-1",6,15
"ATCCTACCTAAGCTCT-1",8,5
"ATCCTGAATCGCTGCG-1",4,4
"ATCCTGCGTGGAATGG-1",8,5
"ATCCTGCTGCAGATAG-1",7,12
"ATCCTTCTGAAAGAAC-1",4,16
"ATCGACCCAATACAGA-1",5,9
"ATCGACTCTTTCCGTT-1",8,9
"ATCGCACGCCGGGAGA-1",8,5
"ATCGCCAGTCAACATT-1",5,3
"ATCGCCGTGGTTCATG-1",4,16
"ATCGCTGCGTGCAGCA-1",5,3
"ATCGCTTTACGTCTCA-1",4,16
"ATCGGTTACCTAGTAA-1",7,7
"ATCGTGGAAAGTCTGG-1",4,13
"ATCGTTAGCTAGCGGA-1",3,8
"ATCTAATATCCTACGG-1",2,2
"ATCTACCATCTGCTCC-1",3,8
"ATCTAGCTTGTGAGGG-1",2,14
"ATCTCCCACGGAATAT-1",5,3
"ATCTCCCTGCAATCTA-1",5,9
"ATCTCGTGAGCGAAAC-1",8,5
"ATCTGACATGGAAGGA-1",5,3
"ATCTGCACCTCTGCGA-1",3,8
"ATCTGCTGTTATCGCC-1",3,8
"ATCTGGGCTGTTCTTG-1",2,14
"ATCTGGTTAAGACTGT-1",3,8
"ATCTGTAATTGTACCC-1",8,9
"ATCTTAGGGCATTAAT-1",4,16
"ATCTTATCGCACACCC-1",3,8
"ATCTTGACCTGCAACG-1",4,4
"ATCTTGACTTGTCCAA-1",5,3
"ATCTTTCGTATAACCA-1",8,9
"ATGAAGCCAAGGAGCC-1",4,16
"ATGACGCCGGCTCTAA-1",8,9
"ATGACGCGTTCTATCC-1",4,16
"ATGACTATCAGCTGTG-1",5,3
"ATGACTATGCGACATT-1",2,2
"ATGAGGAGTGTTAATC-1",4,4
"ATGAGGGCAGCGGCTA-1",4,16
"ATGATCGGGAATAGAC-1",8,5
"ATGATGCAATGGTACA-1",6,6
"ATGCACGCGCTGTTCA-1",4,16
"ATGCACTACCGCATTG-1",4,16
"ATGCATGATCCAGGAT-1",7,9
"ATGCATTCCGTGATGG-1",4,4
"ATGCCAATCGCTCTGC-1",3,8
"ATGCCATTTGCGACCA-1",3,8
"ATGCCGGTCTTGCATA-1",3,8
"ATGCCGGTTGATGGGA-1",3,8
"ATGCGACAATTGGTCC-1",3,8
"ATGCGACAGTCCCATT-1",5,3
"ATGCGAGTCCCACCAC-1",5,3
"ATGCTCAGTGTTGCAT-1",9,13
"ATGCTTAGGAGTTGAT-1",8,5
"ATGGAAATTTAAGGAG-1",4,12
"ATGGAACAGAATAAAC-1",1,1
"ATGGAACCTTTGCACA-1",9,15
"ATGGACTGCTTAGTTG-1",5,3
"ATGGAGCAGGCCGTGA-1",5,3
"ATGGATCCGGCGTCCG-1",3,8
"ATGGATTGACCAAACG-1",8,9
"ATGGCAGCATTACGAT-1",4,16
"ATGGCAGCCGAGAAAC-1",7,7
"ATGGCGGAATAGTCGC-1",4,16
"ATGGCTGGAAATGGCC-1",2,2
"ATGGGAACGGAAGCGG-1",3,8
"ATGGGACCTGCTGAAC-1",4,16
"ATGGGCCTCGGCCTCT-1",3,8
"ATGGGTGTATACCTCC-1",4,16
"ATGGTATTGGGAACCG-1",3,8
"ATGGTATTTACTGATT-1",4,16
"ATGGTCGCGTGGTTTC-1",2,14
"ATGTAAGGCTGCTCTT-1",5,5
"ATGTACATGCGGTGAG-1",5,3
"ATGTACGATGACGTCG-1",2,14
"ATGTCATAATAAACGA-1",2,14
"ATGTCTTGTTTGACTC-1",8,5
"ATGTGAAAGCCTAATG-1",6,15
"ATGTGCATCCGACGCA-1",8,5
"ATGTGGACATCTTGAT-1",2,2
"ATGTGTAGTTTAGTCA-1",8,9
"ATGTTACGAGCAATAC-1",7,7
"ATGTTCGTCGACCCAC-1",7,7
"ATGTTGATTAGAGACT-1",3,8
"ATGTTGTAGTCTGTTT-1",5,3
"ATGTTTCGGCCCGGAG-1",4,16
"ATTAAACATGCGGACC-1",8,5
"ATTAATACTACGCGGG-1",8,9
"ATTAATGAACCAGTCG-1",3,8
"ATTAATTCGGTCACTC-1",5,9
"ATTACAACTACCGGCC-1",3,8
"ATTACATGTCAGTCTT-1",5,3
"ATTACCACACTGCCTG-1",8,5
"ATTACGACTCCACAGT-1",5,3
"ATTACGCGCTGGCAGG-1",4,4
"ATTACGGGCTACGGTT-1",4,16
"ATTACTAGCCTCTTGC-1",4,4
"ATTAGATTCCTCAGCA-1",3,8
"ATTAGATTGATAGCGG-1",4,12
"ATTAGGCGATGCTTTC-1",3,3
"ATTATACTTTGCTCGT-1",5,10
"ATTATAGCTACTTTAC-1",8,5
"ATTATCGGAATGTACG-1",3,8
"ATTATCTCGACAGATC-1",8,9
"ATTATGAGACCCAATT-1",6,15
"ATTATGCCATAGGGAG-1",8,5
"ATTATTATGTCCGTCA-1",8,5
"ATTATTCAGAGTCACT-1",3,8
"ATTCAACCATTTAAGG-1",3,8
"ATTCACTGATGTTGGA-1",2,14
"ATTCAGGATCGCCTCT-1",3,8
"ATTCAGTAGCAGGGTC-1",7,7
"ATTCATATACTGTCCA-1",5,9
"ATTCATCGTTGAGGCA-1",3,8
"ATTCCCACATAAACAA-1",7,7
"ATTCCCGAAGGTACAG-1",4,16
"ATTCCTAAGACGTGGA-1",3,8
"ATTCCTCCGCCAGTGC-1",4,4
"ATTCGACGCCGGGCCT-1",4,5
"ATTCGCAGAGGACACT-1",5,3
"ATTCGCGCCTTGAGAG-1",5,3
"ATTCGTGCTATCTCTT-1",5,3
"ATTCGTGTACCCATTC-1",2,2
"ATTCTCGTCTCTTTAG-1",4,11
"ATTCTGAGTATGAACT-1",3,8
"ATTCTTCGTACTTATG-1",3,10
"ATTGACCGGCGATGAC-1",5,3
"ATTGACGTAACTCGGT-1",7,9
"ATTGATCACCACATTT-1",4,7
"ATTGATGAGTCCTAAC-1",3,10
"ATTGCCTATTAGACCG-1",4,16
"ATTGCCTTTATGTTTG-1",2,2
"ATTGCGATCAGTAACT-1",3,3
"ATTGCTGCTCCTCCAT-1",4,4
"ATTGGATTACAGCGTA-1",5,3
"ATTGGGAATATCTTGG-1",4,4
"ATTGGGAGTTCTGTAA-1",2,10
"ATTGGTTGTGCATTAC-1",3,8
"ATTGTACAACTCGGCT-1",5,3
"ATTGTCGCAATACCTT-1",3,8
"ATTGTCTGTTTCATGT-1",3,3
"ATTGTGACTTCGCTGC-1",3,8
"ATTGTTCAACGATCCG-1",4,16
"ATTTAACTCGTATTAC-1",4,4
"ATTTACAGTTTACTGG-1",4,4
"ATTTACTAAGTCCATT-1",5,3
"ATTTATACTGGTAAAG-1",2,2
"ATTTCATTATTTCGCG-1",5,10
"ATTTCCGGGTTCTGCG-1",8,16
"ATTTGCGCGAGTAGCT-1",4,15
"ATTTGGAGATTGCGGT-1",4,16
"ATTTGTTCCAGGGCTC-1",5,9
"CAAACCATAAGCGTAT-1",3,2
"CAAACGAGTATCGCAG-1",8,5
"CAAACGGTCGCACTTT-1",6,15
"CAAACGTGGTCTTGCG-1",3,8
"CAAACTACGATAGAGA-1",3,8
"CAAACTATTGAGCTTC-1",5,8
"CAAACTCGCGACGCCG-1",5,3
"CAAAGATTATTGGGCC-1",4,16
"CAAAGGTCATCTGAAA-1",4,16
"CAAAGGTTAAATTCAG-1",2,14
"CAAATCTCTCACAAGG-1",4,16
"CAAATGTCCTTCCGTG-1",8,5
"CAAATTGGATTATGCC-1",5,3
"CAAATTGTCAGCAAGC-1",5,12
"CAACACATCTCCTGCC-1",8,5
"CAACAGAATAACGCTA-1",2,14
"CAACCAGTGGCCTACC-1",5,3
"CAACCTACCGAGCAGT-1",3,8
"CAACCTGAACCTGCCA-1",8,5
"CAACGACCCGTTTACA-1",6,15
"CAACGAGCTTATTATG-1",4,16
"CAACGATCGATCCAAT-1",4,16
"CAACGCGATGAGCCAA-1",8,5
"CAACGGTTCTTGATAC-1",7,7
"CAACGTGGTGGAGTCT-1",8,5
"CAACTATATCGAATGC-1",5,8
"CAACTCCAACGTTTAG-1",3,8
"CAACTCCGTAACTTGC-1",5,3
"CAACTCCTTGATCCCG-1",4,4
"CAACTGAGGGTATGAC-1",3,8
"CAACTGCTCATCCGAT-1",5,3
"CAACTTGTAGTGGGCA-1",7,7
"CAAGAAACCCTAAACT-1",3,8
"CAAGACTCAGAAGCGC-1",9,15
"CAAGAGGGCGGAGTAC-1",2,14
"CAAGATATTATAACGT-1",3,8
"CAAGCAACGTCGGAGT-1",4,4
"CAAGCACCAAATGCCT-1",8,5
"CAAGGATCGCATGTTC-1",5,3
"CAAGGCCAGTGGTGCA-1",3,8
"CAAGGTCCTATAGGCT-1",8,5
"CAAGTAAGTGATAGAC-1",3,3
"CAAGTCGTTGAAATCT-1",5,3
"CAAGTGAACTTTGGTT-1",4,13
"CAAGTGTGGTTGCAAA-1",3,8
"CAATAAACCTTGGCCC-1",3,3
"CAATACGAGAGTCTGA-1",4,16
"CAATACGCTCTGAGGC-1",7,7
"CAATATTCTTGACCTA-1",8,5
"CAATCCCTATACCAGC-1",3,8
"CAATCCTGCCGTGGAG-1",9,13
"CAATGACCCTTAATTT-1",3,8
"CAATGAGGTTCGACTA-1",8,5
"CAATGGTCGGCCTGGG-1",9,13
"CAATGTGCCAACCCTT-1",8,5
"CAATTAAGGGTGATGA-1",5,5
"CAATTGGGCCGCACTC-1",4,16
"CAATTTCGTATAAGGG-1",8,5
"CACAAACCGCAGAACT-1",5,3
"CACAAGAAAGATATTA-1",3,8
"CACAAGCTAAGAAAGG-1",4,16
"CACAATGAGCTGCTAT-1",8,5
"CACACACGCTAACGAG-1",5,3
"CACACAGCTTGCGCTC-1",8,5
"CACACAGGGATAGATT-1",7,7
"CACACGTTTCAATGGG-1",3,8
"CACACTTGTATTGCGA-1",3,8
"CACAGAGACGAGGACG-1",4,16
"CACAGCACCCACGGCA-1",8,5
"CACAGCTAGGGAGTGA-1",8,5
"CACAGGGCCATATAGT-1",3,8
"CACAGGGCCGTTGTCA-1",3,8
"CACAGTCCCGCTTCGC-1",5,3
"CACAGTTCGCTTCCCA-1",8,5
"CACATATTAGCAGGAT-1",2,2
"CACATCGTGCACGCGC-1",8,5
"CACATGATTCAGCAAC-1",5,3
"CACATTTCTTGTCAGA-1",5,3
"CACCAATCATCCGTCT-1",6,6
"CACCACGCCACACAGA-1",7,7
"CACCAGTCAGCATGCA-1",4,16
"CACCATCGGAGGAGAC-1",7,9
"CACCATGATCGCAAAG-1",3,8
"CACCCAAATCTTATGT-1",5,3
"CACCCACACGTCACCC-1",4,4
"CACCCACGAGGCAATT-1",3,11
"CACCCGCGTTTGACAC-1",5,3
"CACCCGGTTTGTGACT-1",8,16
"CACCCTTGGTGAGACC-1",4,16
"CACCCTTTCCTCGCTC-1",9,13
"CACCGATACACCGAGC-1",3,8
"CACCGATGATGGGTAC-1",8,5
"CACCGCCAGAAGGTTT-1",8,9
"CACCGCCGACCAGCGA-1",7,9
"CACCGCGTCCACTCTA-1",3,8
"CACCGGAGATATCTCC-1",2,14
"CACCGGGCATCACAAG-1",3,8
"CACCGGTAGAGACATT-1",4,16
"CACCGTATCCCATCCG-1",5,3
"CACCGTTAGGGATCAC-1",4,16
"CACCGTTGCGCGATAT-1",4,16
"CACCTAATAGAGTCGT-1",9,13
"CACCTAATCAGTTTAC-1",5,9
"CACCTCGATGGTGGAC-1",5,9
"CACCTTGCGAAACTCG-1",3,8
"CACCTTGGCGCCTTTG-1",5,3
"CACGAAAGTTAGTCCC-1",9,15
"CACGACCACAGACTTT-1",1,1
"CACGACTAAAGTTCTG-1",4,11
"CACGAGCAAACCAGAC-1",4,16
"CACGCACAGCGCAGCT-1",5,3
"CACGCAGCGAGGCTTT-1",4,4
"CACGCGGAACTGTTGC-1",3,8
"CACGGACGTGGATGGC-1",8,5
"CACGGCGCGCCAAAGG-1",3,8
"CACGGGATTGAGGGTT-1",7,7
"CACGTCAATCAATGGA-1",8,5
"CACGTCGGCAACCTCT-1",4,16
"CACGTCTATGATGTGG-1",2,14
"CACGTTTCGTACACAC-1",3,8
"CACTAAAGTTGCCTAT-1",8,5
"CACTACGGGAGCTGCC-1",5,3
"CACTACTCAGTTCTGT-1",7,9
"CACTCAAGAGCTATGG-1",8,5
"CACTCAGCTCTTGAGG-1",5,9
"CACTCCTATGTAAGAT-1",8,5
"CACTCCTCTCGGTCGG-1",3,10
"CACTCGGTTAGGAGGA-1",6,15
"CACTCTCAAGCATCGA-1",5,3
"CACTCTTCTGCTAGCC-1",3,8
"CACTGACGATTGTGGA-1",5,3
"CACTGTCCAAGTGAGA-1",4,4
"CACTTAATCAGACGGA-1",8,5
"CACTTCGCCACAGGCT-1",6,15
"CAGAATAACACACGGA-1",5,3
"CAGAATATTCGTTATC-1",4,16
"CAGACACCGATCGCTG-1",8,5
"CAGACCTGTAAGTGTT-1",3,10
"CAGACGAACCTGATAC-1",8,5
"CAGAGACGGTCACCCA-1",5,3
"CAGAGCATGAGCTTGC-1",5,3
"CAGAGCGATGGATGCT-1",4,16
"CAGAGGCGATGCATGA-1",8,5
"CAGAGTGATTTAACGT-1",5,9
"CAGATAATGGGCGGGT-1",3,8
"CAGATACTAACATAGT-1",4,16
"CAGATATGAAGATGAC-1",4,16
"CAGATCATTTAAAGTC-1",3,8
"CAGATCCTGGTTTGAA-1",6,15
"CAGATGTTTGTCCCAA-1",4,4
"CAGCAGCCCGTTCCTT-1",3,10
"CAGCAGTCCAGACTAT-1",5,3
"CAGCCCTCACAGGCAG-1",8,9
"CAGCCGGGCCCTCTAT-1",3,8
"CAGCCTCCTGCAGAGG-1",3,10
"CAGCCTCGATAGCGGT-1",8,5
"CAGCGATTCCCTTCAA-1",8,5
"CAGCGCCAACACGATA-1",7,7
"CAGCTCACTGAGACAT-1",8,5
"CAGCTCGTGCTTGTGT-1",7,12
"CAGCTCTGGGCTCACT-1",8,5
"CAGCTGGCGTAACCGT-1",4,16
"CAGCTTAGTAGGTAGC-1",9,15
"CAGGAAGACTTTATAT-1",3,8
"CAGGACAGCTGCCCTT-1",4,16
"CAGGATATATCGTTGT-1",8,9
"CAGGCAGTCTTACCAG-1",2,2
"CAGGCCAGTACCACCT-1",4,16
"CAGGCCGTTTGGGTGT-1",8,12
"CAGGCGCACGGTGGTC-1",4,16
"CAGGCGCCATGCTAGG-1",2,14
"CAGGGAGATAGGCCAG-1",4,16
"CAGGTTTAGTACTACA-1",5,3
"CAGTAAGGGACGTCTC-1",9,15
"CAGTAATCCCTCCCAG-1",7,7
"CAGTACATTCTCTAAA-1",3,2
"CAGTACCAGTTTACGT-1",4,16
"CAGTCCAACGCCTTCT-1",3,10
"CAGTCGAGGATGCAAT-1",3,8
"CAGTCGGCCTAGATAT-1",7,7
"CAGTCTGTATACTGGG-1",5,3
"CAGTGAATAAATGACT-1",3,8
"CAGTGGTTGCACATGA-1",9,13
"CAGTGTCCGCAGAATG-1",6,15
"CAGTGTCGGCTGGCCC-1",3,8
"CAGTGTTAATCTCTCA-1",4,16
"CAGTTCAAATTGACAC-1",8,5
"CAGTTCCGCGGGTCGA-1",7,7
"CAGTTCGAGGACCCGA-1",5,3
"CATAACGGACAGTCGT-1",3,8
"CATAAGCTCTCCGTCT-1",4,16
"CATAATGAGCGGGCGA-1",7,12
"CATACAAAGCCGAACC-1",7,13
"CATACACAAAGTCAGC-1",4,4
"CATACACGGTTCCCAC-1",3,8
"CATACCCGTACCCAGT-1",4,4
"CATACGAACTAGCTGG-1",4,16
"CATACGGCGTCTGGGC-1",5,3
"CATACTATGTAATTGT-1",8,5
"CATACTTAGGCAATAC-1",8,5
"CATACTTCTTTCTCCG-1",5,3
"CATAGAGGAGATACTA-1",3,8
"CATAGCCGCCCGGGAT-1",7,7
"CATAGCGTTGCCCACC-1",8,5
"CATAGGGACACTTGTG-1",9,15
"CATAGTACATTGAGAG-1",5,3
"CATAGTAGCATAGTAG-1",4,4
"CATAGTCAAATACATA-1",3,8
"CATAGTCCACAAGAAC-1",4,16
"CATAGTGGGCACGCCT-1",4,16
"CATATACTACTGATAA-1",3,8
"CATATAGGTACAGTCA-1",8,5
"CATATGTCAGGCTACG-1",4,16
"CATATTATTTGCCCTA-1",3,8
"CATCAAACTGGCGCCC-1",5,3
"CATCATCTACCCGGAC-1",5,9
"CATCATTACCCTGAGG-1",3,8
"CATCCAATATAGTTTG-1",4,16
"CATCCCGAGATTCATA-1",5,5
"CATCCTCTCAAAGATC-1",3,10
"CATCGCCCGCGGCCAA-1",7,12
"CATCGGACGGGTTAAT-1",8,5
"CATCTAGTGAAGGGAA-1",4,16
"CATCTTACACCACCTC-1",3,8
"CATGAACCGACATTTG-1",9,13
"CATGAACCTCTTATCA-1",5,9
"CATGACTTCGCTGAAT-1",5,3
"CATGAGTCCATCACGG-1",6,6
"CATGATACGGTGAAAC-1",3,8
"CATGATCGCTTTGAGA-1",5,9
"CATGATGCACAATTCT-1",8,9
"CATGATGGAAGTTAGC-1",5,3
"CATGCACATGAGAGGC-1",4,16
"CATGCACGTGTTACTG-1",2,2
"CATGCATGGAGACCCT-1",5,9
"CATGCCAACTCGCAAA-1",4,16
"CATGCGACCAGTTTAA-1",2,2
"CATGCGTTAGACAGAA-1",8,9
"CATGCGTTGAGAGGAG-1",5,3
"CATGCTGGCTCCAATT-1",8,9
"CATGGAAATGGGACCA-1",1,1
"CATGGATTGTCTTCCG-1",5,3
"CATGGCAGGAAGATCG-1",8,5
"CATGGGTCGGGTGTGG-1",3,8
"CATGGTAAGTAGCGTT-1",2,2
"CATGGTATTAGTTTGT-1",4,16
"CATGGTCTAGATACCG-1",5,3
"CATGGTTTATTAATCA-1",3,8
"CATGTAAGAGACATTT-1",3,10
"CATGTAGGAGCGCCAA-1",3,8
"CATGTCTCATTTATGG-1",2,11
"CATGTGGGCTCATCAC-1",3,2
"CATTACATAGATTGTG-1",5,3
"CATTACGCAGGAAGGG-1",3,8
"CATTACGTCGGCCCGT-1",8,5
"CATTATCCCATTAACG-1",8,5
"CATTATGCTTGTTGTG-1",8,5
"CATTCACTGACAGCTA-1",5,9
"CATTCCCATTCCGTCG-1",8,5
"CATTCGTCGTAGCGGT-1",8,5
"CATTGATGAACACGCC-1",5,3
"CATTGCAAAGCATAAT-1",3,8
"CATTGCGAAATGGGCG-1",7,7
"CATTGCGGGTCAATTC-1",5,3
"CATTTATCGTTCAAGA-1",3,8
"CATTTCTAGCAGACTA-1",7,7
"CATTTGAGTGGTACGT-1",8,5
"CCAAACAGAACCCTCG-1",4,16
"CCAAAGTCCCGCTAAC-1",7,10
"CCAAATAACAAGATTC-1",8,5
"CCAAATCAAAGGGCAA-1",4,16
"CCAACCTTATGTAACT-1",5,3
"CCAACGATGCACTGAT-1",4,4
"CCAACTTGATAGATCC-1",4,16
"CCAAGAAAGTGGGCGA-1",8,5
"CCAAGACTTCTGCGAA-1",6,15
"CCAAGCGTAACTCGTA-1",5,3
"CCAAGGAACAGAGAGG-1",4,4
"CCAAGGTTGCCCTTTC-1",3,8
"CCAATCGGTAGATCGA-1",3,8
"CCAATGTCACAGCAAG-1",8,5
"CCAATTGAATGTTAAT-1",4,4
"CCACACTGAGATATTA-1",8,5
"CCACAGTACCCATCCT-1",3,8
"CCACATACTGCACCCA-1",8,5
"CCACATGGCTCTTTAT-1",7,7
"CCACCAACTTTACTGT-1",8,5
"CCACCCAAGGAAAGTG-1",3,8
"CCACCTGTATGGAATA-1",4,12
"CCACGAATTTAACCTC-1",5,3
"CCACGAGAAGAGAATC-1",5,9
"CCACGGAGCCATAAGA-1",4,16
"CCACGGCAGGTGTAGG-1",8,5
"CCACGGTGCCCGGTAG-1",5,3
"CCACGTAAATTAGACT-1",9,13
"CCACTATCCGGGTCAC-1",8,5
"CCACTCAGATCCGCAA-1",6,15
"CCACTGGTGGCTGGTT-1",4,16
"CCACTGTTTGGATTAA-1",5,3
"CCAGAAACTGATGCGA-1",8,5
"CCAGAAAGCAACTCAT-1",4,16
"CCAGAGACAAAGCCGG-1",9,15
"CCAGATAGTTGAGTGA-1",3,10
"CCAGATGTAAATGGGT-1",5,3
"CCAGCCTGGACCAATA-1",5,3
"CCAGCGGGATCACCAG-1",6,15
"CCAGCTACGCCTCATA-1",7,7
"CCAGCTCGAACGCATT-1",2,2
"CCAGCTGATGGTACTT-1",6,6
"CCAGCTTCCGCCCGCA-1",7,7
"CCAGGCGAGATGGTCT-1",4,4
"CCAGGCTGGCGTCTGA-1",4,16
"CCAGGGACGTGGCCTC-1",8,5
"CCAGTCAAATCTCTTA-1",7,16
"CCAGTCTAGACGGCGC-1",3,8
"CCAGTCTTGTCATAGA-1",3,8
"CCAGTGTACAGACCGA-1",4,16
"CCAGTTCGGTAACTCA-1",3,8
"CCATAAACAACCCGAC-1",5,3
"CCATAACCTGTGCAGT-1",7,7
"CCATACCTTTACTTGT-1",3,8
"CCATAGAGGCTGCCAG-1",4,16
"CCATAGGTTGGCGTGG-1",8,5
"CCATATGGAAACTATA-1",5,3
"CCATCCATACCAAGTC-1",7,7
"CCATCGCAGTTAAACT-1",3,8
"CCATCTCACCAGTGAA-1",3,8
"CCATCTTGTTCACAAT-1",7,13
"CCATGCCCTAGATTTC-1",3,8
"CCATGCCTGTTTAGTA-1",8,5
"CCATGCTCTGCAGGAA-1",4,4
"CCATGGCAAACGCTCA-1",5,3
"CCATGGCCCTTGTACC-1",7,7
"CCATGTTCATCTATAT-1",9,15
"CCATTAGCGATAATCC-1",6,6
"CCATTCCCTGCCCACA-1",4,5
"CCATTGTTTCCTCCAT-1",8,5
"CCATTTCTACCTATTA-1",2,14
"CCCAAACATGCTGCTC-1",1,14
"CCCAACATACGTCGCG-1",4,16
"CCCAACCACACTAACA-1",8,9
"CCCAAGAATGCACGGT-1",3,2
"CCCAAGACAGAGTATG-1",4,4
"CCCAAGTCATTACACT-1",3,8
"CCCAATGAGATTTGCA-1",8,5
"CCCAATTTCACAACTT-1",4,16
"CCCACTCCACGGTATC-1",7,7
"CCCAGAGGAGGGCGTA-1",3,8
"CCCAGATTCCCGTGAC-1",5,3
"CCCAGGTCTGAAGGCT-1",5,3
"CCCAGTAAACTTGGGA-1",4,16
"CCCATATAGGTCGATT-1",8,5
"CCCATTATTGTATCCT-1",8,5
"CCCGAAGTTTCGCGAA-1",7,7
"CCCGACCATAGTCCGC-1",5,9
"CCCGAGTTTCTCCGTA-1",5,3
"CCCGATAGCCTCGCCT-1",4,16
"CCCGCAAATAATCATC-1",3,10
"CCCGCAGCGCGAACTA-1",3,8
"CCCGCAGGGCCCAAAG-1",3,8
"CCCGCCATGCTCCCGT-1",4,4
"CCCGCGCAATGCACCC-1",7,7
"CCCGCTAGAGGGTTAA-1",3,8
"CCCGCTTGCCCTCGTC-1",8,10
"CCCGGCACGTGTCAGG-1",3,8
"CCCGGGTCGTTCAGGG-1",3,8
"CCCGGTGGAAGAACCT-1",7,7
"CCCGGTGTATCGGAAT-1",4,16
"CCCGTAAGTCTAGGCC-1",4,4
"CCCGTAGCTGGGAAGA-1",8,5
"CCCGTCAGCGTCTGAC-1",8,5
"CCCGTGACAGTGCCTT-1",2,2
"CCCGTGAGGGCGGTGA-1",7,7
"CCCGTTTCGCAGATGT-1",5,3
"CCCTACCCACACCCAG-1",3,8
"CCCTACTTGAACAATG-1",3,8
"CCCTAGCTCTAAGGTC-1",3,8
"CCCTAGGCAACAAGAG-1",6,15
"CCCTATGTAGAGCAGA-1",4,16
"CCCTCAGATCGAGAAC-1",4,16
"CCCTCATCACAGAGTA-1",8,5
"CCCTCATTCTGGAATT-1",4,4
"CCCTCCTCGCTCGTAT-1",5,3
"CCCTCGATAATACACA-1",8,5
"CCCTCGGGAGCCTTGT-1",8,9
"CCCTGAAATGAGTTGA-1",4,4
"CCCTGACTAACAAATT-1",9,13
"CCCTGCCCAATCCGCT-1",4,13
"CCCTGCGCTACGCATA-1",6,15
"CCCTGGCTGTTCCTTC-1",7,7
"CCCTGGGAGGGATCCT-1",2,14
"CCCTGGTATGGGCGGC-1",5,9
"CCCTTTAATGGAGTTC-1",5,3
"CCCTTTGACAGGTCTT-1",5,3
"CCGAAAGTGGTGAGCA-1",7,7
"CCGAACACTGGGCCTC-1",4,16
"CCGAACCTTCCCGGCC-1",2,14
"CCGAAGCATTGACCAA-1",4,16
"CCGAAGGGCGTACCGC-1",8,16
"CCGAAGTATATTGTTC-1",9,13
"CCGACAAAGGGAGTGC-1",7,7
"CCGACAATAGGCCGCC-1",5,3
"CCGACGGGCATGAGGT-1",4,16
"CCGACGTAAACACAAC-1",2,14
"CCGACTCGCATAGTCT-1",5,9
"CCGAGAAGTCGCATAA-1",8,5
"CCGAGCTGTGCTTGTC-1",3,8
"CCGAGGGATGTTAGGC-1",8,9
"CCGATATGACGTAAGG-1",4,4
"CCGATCTCAACCTTAT-1",5,10
"CCGATCTTAAGAGGCT-1",3,8
"CCGATTCGAGGGACCC-1",4,12
"CCGATTGGTCAATGAA-1",1,1
"CCGCACAAAGACCAAC-1",3,8
"CCGCACACGAACGTGT-1",4,16
"CCGCACGTGACCTCGG-1",7,7
"CCGCACTTGCAATGAC-1",3,8
"CCGCATGTGGTACGAT-1",2,14
"CCGCCACCACAATCCA-1",5,9
"CCGCCGGAACTTCTCG-1",4,16
"CCGCCGGTCAACACAC-1",9,13
"CCGCCGTTGAGGATAA-1",8,5
"CCGCCTTGCGATGTCG-1",7,7
"CCGCGATTTGGTAGGT-1",7,13
"CCGCGCAAGATACCCA-1",4,12
"CCGCGGAATGCGTCAC-1",8,5
"CCGCGGGTACGAAGAA-1",6,15
"CCGCGTAGGTAAGGGC-1",6,15
"CCGCTATCAGCACCAG-1",5,9
"CCGCTCCGGATAAGCT-1",4,16
"CCGCTCTTCCGAACTA-1",3,8
"CCGCTGGTGCCATTCA-1",7,9
"CCGCTTACCTCACTCT-1",4,16
"CCGCTTGCTGACATGG-1",5,3
"CCGGAAGTGCAATATG-1",3,8
"CCGGAAGTTATCAGTC-1",4,16
"CCGGAATGGTTTCAGT-1",4,4
"CCGGAGCGTACTTTCT-1",3,8
"CCGGAGGTCTTATGGT-1",5,3
"CCGGCACGACCGTTTC-1",8,5
"CCGGCCGCGAGCATAT-1",4,16
"CCGGCGCATATTGGAT-1",8,9
"CCGGCGTGAGACTCTG-1",7,12
"CCGGGACCCGCAGAGA-1",8,9
"CCGGGCGGTCTCGTCA-1",3,8
"CCGGGCTAAGAATTTC-1",4,16
"CCGGGTTCGAGGTTAC-1",4,4
"CCGGTAATGGCTAGTC-1",8,5
"CCGGTTTGTAATTGTG-1",8,5
"CCGTAAGTTGGTCCCA-1",3,8
"CCGTACCCAAGCGCCA-1",7,7
"CCGTAGGAAATCCCTG-1",3,8
"CCGTAGGGTTGTTTAC-1",5,8
"CCGTATCTCGTCGTAG-1",4,16
"CCGTATTAGCGCAGTT-1",3,8
"CCGTCAACCTCTGGCG-1",4,16
"CCGTGAGGCATTCATG-1",8,16
"CCGTGCCCATGACGGC-1",4,4
"CCGTGGAACGATCCAA-1",3,8
"CCGTGTTAAATTCCAT-1",4,16
"CCGTTCCGAATCTCGG-1",4,16
"CCGTTTCCTTTCCGTG-1",5,3
"CCTAAAGGCTGACGCT-1",3,8
"CCTAAATTAACGGTTC-1",3,8
"CCTAAATTGTATCCTA-1",8,5
"CCTAACCCAAACAAGT-1",3,8
"CCTACAGTTGAGGGAG-1",3,10
"CCTACATTCACAGACG-1",4,16
"CCTACGCGACCTTACA-1",2,2
"CCTACGGCTCAGTCGA-1",7,7
"CCTACTCAACACGATT-1",8,5
"CCTACTGCGGCGGCCA-1",8,5
"CCTACTGCTTACACTT-1",4,16
"CCTAGGTAAAGGTAGC-1",4,16
"CCTAGTTAGTCGCATG-1",5,9
"CCTATACCGTCCTGTC-1",8,5
"CCTATATCGTGTCACG-1",6,6
"CCTATATTTGTCCTGG-1",5,3
"CCTATCTATATCGGAA-1",5,8
"CCTATGAAGTGGTGCC-1",8,5
"CCTATGGCTCCTAGTG-1",4,16
"CCTATGGGTTACCGTC-1",5,3
"CCTATGTCCACTCCAC-1",3,8
"CCTATTATTCCGGCCG-1",4,12
"CCTCAACGATCGCTGT-1",4,4
"CCTCACCAATCTTGAC-1",7,7
"CCTCACCTGAGGGAGC-1",3,8
"CCTCACGTCAGCTAAT-1",9,15
"CCTCATGCAGCTACGA-1",9,13
"CCTCCCGACAATCCCT-1",8,9
"CCTCCGACAATTCAAG-1",4,4
"CCTCCTAGCTAGAGTC-1",9,13
"CCTCCTGAGCCCACAT-1",7,13
"CCTCCTGTTGTGTCGT-1",3,8
"CCTCGAAGTGGACGGG-1",5,9
"CCTCGACCCACTGCCT-1",5,9
"CCTCGCCAGCAAATTA-1",5,9
"CCTCGCGCTGTGCGAT-1",3,8
"CCTCGGATGCTACCTG-1",7,7
"CCTCGGTTTCCTTGCC-1",8,5
"CCTCTAATCTGCCAAG-1",5,9
"CCTCTACAAGGATTGG-1",9,15
"CCTCTATCGATTAGCA-1",4,16
"CCTCTCTCCCATCTAG-1",9,15
"CCTCTGGCCTAGACGG-1",5,3
"CCTCTGTACTATTCTA-1",3,8
"CCTGAATATTTACATA-1",5,9
"CCTGACCACCGATGGT-1",5,10
"CCTGACGCAACCTTTA-1",3,8
"CCTGAGAATAAATGCA-1",8,5
"CCTGATTCGCGAAGAA-1",3,2
"CCTGCCCGTTGTCTAG-1",7,7
"CCTGCGTTCTACGCTT-1",7,7
"CCTGCTATTTGAGAAG-1",6,15
"CCTGGAAACGTTCTGC-1",8,5
"CCTGGCTAGACCCGCC-1",9,15
"CCTGGTCGAATGTGGG-1",2,14
"CCTGTAAGACATGATA-1",8,5
"CCTGTACTCACGCCCA-1",4,16
"CCTGTCACCCGGGCTC-1",5,3
"CCTGTCCCTCACGTTA-1",8,5
"CCTGTCGCCCGTAAAT-1",8,5
"CCTGTCGTGTATGAAG-1",4,16
"CCTGTGCGGATTGTAA-1",1,1
"CCTGTTCAACCTCGGG-1",5,3
"CCTGTTTGAAGACACG-1",3,8
"CCTTAAGTACGCAATT-1",2,2
"CCTTCAGTTAAAGTGA-1",5,3
"CCTTCCGCAACGCTGC-1",4,16
"CCTTCGTATAGAATCC-1",2,2
"CCTTCTCAGCGTTCCT-1",4,16
"CCTTCTTGATCCAGTG-1",5,9
"CCTTGACCACTTTATT-1",5,3
"CCTTGTGAACGTGGTT-1",5,3
"CCTTTAAGGGAGCACT-1",5,3
"CCTTTGAATTATGGCT-1",4,16
"CGAAACATAGATGGCA-1",3,8
"CGAAACGCAATTCATG-1",4,16
"CGAACAGTATGGGCGT-1",3,8
"CGAACATAGTCAGAAA-1",3,8
"CGAACCCGCATGCGTC-1",8,5
"CGAACCTCTTTCCTAG-1",4,16
"CGAACGCCCAGTGCCG-1",5,9
"CGAACGGCCGGACAAC-1",4,16
"CGAAGATCAGTTTCAT-1",1,1
"CGAAGCCACAGCATGG-1",4,16
"CGAAGCTATAAATTCA-1",3,8
"CGAAGGGTTTCAGATT-1",4,16
"CGAAGTTGCTCTGTGT-1",9,15
"CGAATCTGCTCGACGC-1",4,16
"CGAATGAAGTCATTGC-1",4,16
"CGAATGACGCATAATG-1",3,8
"CGAATGGTAGGTCGTC-1",8,5
"CGAATTACATGGTGTT-1",1,14
"CGAATTCCCGGTTCAA-1",4,16
"CGACAATTTGATCTAA-1",3,8
"CGACACCGCTTAAGGA-1",3,10
"CGACACGCTCCGACAG-1",3,8
"CGACACGGATGCCCAC-1",3,8
"CGACAGTTCGCGTTAT-1",8,5
"CGACATGCGATCTTCT-1",8,9
"CGACCCTTAACGCCGG-1",4,16
"CGACCGTTGGTATTCG-1",8,5
"CGACCTACTAGACAAT-1",7,7
"CGACGCATCCGTACCT-1",4,16
"CGACTCGGTACACGGT-1",5,3
"CGACTTGCCGGGAAAT-1",4,4
"CGACTTTGTATAGCCT-1",5,3
"CGAGACCCTAGAGTGT-1",8,9
"CGAGACTACTGCTGCT-1",3,8
"CGAGAGATGTGAACCT-1",5,3
"CGAGAGCGCGTAGATA-1",6,15
"CGAGAGCTTTCACTAC-1",3,8
"CGAGAGGGTAGCCGCG-1",5,3
"CGAGATTTCGCTCGGG-1",8,5
"CGAGCACTTCAAGTTT-1",7,7
"CGAGCGTTGATCAGCC-1",4,4
"CGAGCTGGGCTTTAGG-1",5,9
"CGAGGAGCTTCCATAT-1",5,3
"CGAGGATCGGGAACGA-1",8,9
"CGAGGCTAAATATGGC-1",5,3
"CGAGGGACTGCGGTCG-1",3,10
"CGAGGGTATCCAGGTG-1",3,8
"CGAGTACTAAAGAGGA-1",4,16
"CGAGTGAAGGTACCAG-1",4,16
"CGAGTGCTATAGTTCG-1",7,7
"CGAGTTTATCGGACTG-1",2,2
"CGATAACCAATTTGAG-1",3,8
"CGATAATACTCAGGTT-1",8,5
"CGATACCTCGCGGACA-1",8,5
"CGATAGCGATACAGTG-1",4,16
"CGATAGTCGTACTGCA-1",3,8
"CGATATTAGCCGCAGG-1",7,11
"CGATCATTAGAGGCAC-1",5,3
"CGATCCACCATTGTTG-1",3,8
"CGATCCGACCCAGTGC-1",8,5
"CGATCCTCGCAACATA-1",5,3
"CGATCTGTTGGAGGAC-1",6,15
"CGATGGACCCTACGCC-1",2,14
"CGATGTTGTTATCTAC-1",4,16
"CGATTAAATATCTCCT-1",3,8
"CGATTTGTCATTAATG-1",9,13
"CGCAAACACGAGTTAC-1",9,13
"CGCAATTACTTTCGGT-1",6,15
"CGCAATTAGGGTAATA-1",9,13
"CGCAATTCTACAATAA-1",7,7
"CGCACGTCTGTTTATG-1",8,5
"CGCACGTGCGCTATCA-1",3,8
"CGCAGAAACATTTGCG-1",8,9
"CGCAGATCTTCACCCG-1",5,3
"CGCAGGCGATCCAAAC-1",5,3
"CGCATCATGGCTTCAG-1",3,8
"CGCATCCATCAGCCAG-1",9,11
"CGCATGCCGAATGCGT-1",3,8
"CGCATGGTGCGATGCT-1",5,3
"CGCATTAGCTAATAGG-1",8,9
"CGCCAAGAAGCCGAGT-1",4,13
"CGCCACAGGTCGCGAT-1",4,16
"CGCCAGTAGTACCTTG-1",4,16
"CGCCATCCGATTATGA-1",3,10
"CGCCCAGCACGCCTAG-1",5,3
"CGCCCAGCGTTTCACG-1",3,8
"CGCCCGCTTCCGTACA-1",3,8
"CGCCCTAATTGTTCAA-1",4,16
"CGCCCTTGAAGGCTGA-1",6,15
"CGCCGACTATTCGCTA-1",7,7
"CGCCGCGTTCTGAACG-1",5,3
"CGCCGGTGTCGCAGTA-1",3,8
"CGCCGTCTACCCATCG-1",4,16
"CGCCGTTCAGCATAGT-1",5,10
"CGCCTCCCTCCTCTAT-1",2,2
"CGCCTGGCCTACGTAA-1",4,16
"CGCCTTTAGCATGCTC-1",8,5
"CGCGAAGTGGCATACT-1",3,8
"CGCGAGAGGGACTTGT-1",3,8
"CGCGAGTCTGCCGGGT-1",6,15
"CGCGCAAATGTCCAGA-1",4,16
"CGCGCATGTTTGATTG-1",8,5
"CGCGCCCGACTTAATA-1",5,9
"CGCGGCTCAACTTGAA-1",3,8
"CGCGGGAATTAGGCAG-1",3,10
"CGCGGGAATTCCTTTC-1",3,8
"CGCGGTAAGTCTAGCT-1",8,5
"CGCGGTACGGTATACA-1",8,5
"CGCGGTCACAAACCAA-1",3,8
"CGCGTCATATTAAACC-1",5,9
"CGCGTTCATGAAATAC-1",8,5
"CGCTACCGCCCTATGA-1",8,10
"CGCTACGGGACATTTA-1",8,5
"CGCTAGAGACCGCTGC-1",5,3
"CGCTATACCGCCCACT-1",7,7
"CGCTATCGTGGCTTTA-1",2,10
"CGCTATTCAATGTATG-1",7,7
"CGCTATTCTTAGGCTC-1",8,5
"CGCTCGACATAATGAT-1",4,16
"CGCTCTCCGTAGATTA-1",4,4
"CGCTGAGGACGTCCAA-1",7,7
"CGCTGGTGACTACCCT-1",3,8
"CGCTGTGACGCCGCAC-1",6,15
"CGCTGTGTGGATGTTG-1",8,5
"CGCTTAGTATTGATAC-1",3,8
"CGCTTATTCCCGGTCG-1",4,13
"CGCTTCCACTGAAATC-1",4,4
"CGCTTCGGTCTAAGAC-1",3,8
"CGCTTGGACGGATAGA-1",8,5
"CGCTTTCATACCGGTG-1",4,4
"CGCTTTCCGCCAAGGT-1",3,8
"CGGAAAGAATCAAACG-1",5,3
"CGGAAATTTCACATCC-1",3,8
"CGGAACGTAAACATAG-1",8,5
"CGGACCTCTGTAGTTA-1",3,8
"CGGACGTTACTTGAAG-1",9,15
"CGGAGCAATTTAATCG-1",3,8
"CGGAGCATGGCGATCC-1",5,3
"CGGAGCTTATAACACC-1",3,8
"CGGAGTCCTAACCTGG-1",1,1
"CGGAGTTTGAGAGACA-1",4,4
"CGGATCCTCAAGGACT-1",1,1
"CGGATGAATGCTGTGA-1",4,16
"CGGATTCTGCCTTATG-1",8,5
"CGGCAAACATCGTGCG-1",3,8
"CGGCAATAAGATCGCC-1",5,3
"CGGCACCGTTAGCGCC-1",3,8
"CGGCACTCAAGAAAGT-1",9,13
"CGGCCACGCACAAAGT-1",8,5
"CGGCCAGAGCGACCAT-1",5,3
"CGGCCCAACCTGTAGT-1",5,3
"CGGCCCAGGTATATCC-1",5,3
"CGGCGCCATCAATCCC-1",3,8
"CGGCTCTAAAGCTGCA-1",5,3
"CGGCTCTTCGTCGAAC-1",3,8
"CGGCTGCAAGATTAAG-1",5,9
"CGGCTTTGTATGATAA-1",8,5
"CGGGAACGCCCTGCAT-1",4,16
"CGGGAAGTACCGTGGC-1",9,11
"CGGGAATATAGTATAC-1",5,3
"CGGGAATTTATGTAAA-1",5,9
"CGGGAGCTTCAGTGTA-1",3,8
"CGGGATCAATGTAAGA-1",6,15
"CGGGCAGCTAAACCGC-1",8,5
"CGGGCCTTCTTTGTAA-1",8,5
"CGGGCGATGGATCACG-1",1,1
"CGGGTTTGTTAGGGCT-1",8,5
"CGGTACGGCAAACCCA-1",4,7
"CGGTATGGGCACTCTG-1",3,8
"CGGTCAAGTGGGAACC-1",3,8
"CGGTCAGTCCATATTT-1",4,4
"CGGTCCATGAGACTCC-1",5,3
"CGGTCCGTCGCAAGCC-1",5,3
"CGGTCTATCAACCCGT-1",3,8
"CGGTGAAGACTAAAGT-1",4,16
"CGGTGCAGATAGAACG-1",4,16
"CGGTGCGCGTTGGTCC-1",4,16
"CGGTGTACTTGATCCC-1",7,7
"CGGTTATCCAACAGTG-1",3,2
"CGGTTCAAGTAGGTGT-1",2,14
"CGGTTCCGGCTTCTTG-1",9,13
"CGGTTGACCTGGCATA-1",4,4
"CGGTTGAGTATCCTTC-1",8,16
"CGGTTGGGCAGGGTCC-1",2,2
"CGGTTGGGTTCAAGTT-1",1,1
"CGGTTTACTGAACATT-1",4,12
"CGTAAAGCAAGAAATC-1",4,16
"CGTAAATAACAAAGGG-1",3,8
"CGTAACTTCGACACTT-1",5,3
"CGTACCTGATAGGCCT-1",9,13
"CGTAGAGAGTAATTAT-1",3,8
"CGTAGCGAATTGTCAG-1",5,9
"CGTAGCGCCGACGTTG-1",4,12
"CGTATCTAGAACTAAG-1",8,5
"CGTATTAAGAGATCTA-1",8,5
"CGTATTGTTTCCTAAT-1",8,5
"CGTCAAATGGTCGCAG-1",8,13
"CGTCAAGGCTATAAAT-1",7,7
"CGTCACGTCCATTGGT-1",8,5
"CGTCAGTGCGCACAAG-1",4,4
"CGTCAGTTTATCGTCT-1",8,9
"CGTCATACCATATCCA-1",9,13
"CGTCCTCATCGCGTGC-1",5,8
"CGTCGCTTGGTTATAC-1",4,16
"CGTCGGATAGTGTTGA-1",3,8
"CGTCGGGTCTAAGCGC-1",4,16
"CGTCTGGAAGGGCCCG-1",8,9
"CGTCTTGAGTGTGACG-1",4,16
"CGTGAAGTTAATTCAC-1",8,5
"CGTGACATTGGGTCGT-1",3,8
"CGTGACCAGTCCTCTG-1",3,8
"CGTGCACACCACTGTA-1",3,8
"CGTGCAGACTGGGACA-1",3,10
"CGTGCATTGTCGACGC-1",4,13
"CGTGCTTCTACCTAAA-1",4,16
"CGTGGAAGCCTCGTAC-1",8,5
"CGTGGCCGAATATCTA-1",5,3
"CGTGGTACCCAAAGGC-1",5,3
"CGTGTCCCATTCGCGA-1",4,4
"CGTGTCTCGTTACGAC-1",8,5
"CGTGTGTTAAACCCTG-1",8,5
"CGTTAAACTAGTTAGG-1",8,5
"CGTTAAATACGACCAG-1",5,3
"CGTTAATGTCCCGACG-1",3,2
"CGTTAGCTCACAACTG-1",9,11
"CGTTATCATACTTCCA-1",7,7
"CGTTCAAGGAAACGGA-1",5,3
"CGTTCAGACCCGCGAA-1",3,8
"CGTTCATGGTGCGCGT-1",4,16
"CGTTCTTCGCACACCT-1",3,8
"CGTTGAGCGACCGTCG-1",2,2
"CGTTGCCCGCGTGGGA-1",5,3
"CGTTGTAAGATTGATT-1",5,3
"CGTTGTCGGCAATTGA-1",2,14
"CGTTGTTTCAATTCCC-1",4,4
"CGTTTAAGCGGAGCAC-1",8,9
"CGTTTACAAGGCAGCT-1",5,3
"CGTTTCGCTCATTACA-1",8,5
"CGTTTCGGTTATATGC-1",5,3
"CGTTTGGTGTTGTGGG-1",8,5
"CGTTTGTGTAGAGGGT-1",8,5
"CTAAACGGGTGTAATC-1",7,7
"CTAAAGAATGCCTACT-1",4,11
"CTAAAGGGAAATAGGA-1",9,12
"CTAAATCCGGTGTACA-1",8,5
"CTAAATCCTATTCCGG-1",3,10
"CTAACAGCACAATAAC-1",9,13
"CTAACCGCGCGCCCGT-1",9,11
"CTAACTGATAATCGCC-1",3,8
"CTAACTGGTCCGGTTC-1",4,16
"CTAAGGGAATGATTGG-1",3,8
"CTAATTATGAAGCGTA-1",5,3
"CTAATTCGCACGCGCT-1",4,12
"CTAATTCTCAGATATT-1",3,8
"CTAATTTCAACAACAC-1",7,7
"CTACAAGAAATAACCC-1",8,5
"CTACACTAGCTTGTTC-1",7,10
"CTACACTCGCAGATGG-1",3,8
"CTACATATCGCGGGAC-1",4,16
"CTACGAACTAGGTCGA-1",5,9
"CTACGACTAGCTATAA-1",4,4
"CTACGATCCTATCCTA-1",4,16
"CTACGCACGGAGTACC-1",8,5
"CTACGCCATTTCCGAT-1",3,8
"CTACTATCATAGGTTT-1",4,16
"CTACTCAAGGTATAGT-1",8,5
"CTACTCTAGGCCCGGC-1",7,7
"CTACTGCCACCTGACC-1",5,3
"CTAGACATATATGTAG-1",2,14
"CTAGATGTGAGTGTAA-1",3,8
"CTAGATTTACGACGGC-1",2,2
"CTAGCATAGTATAATG-1",8,5
"CTAGCCACAGGCGAGC-1",8,5
"CTAGCCCGGGAGACGA-1",5,3
"CTAGCCGATGTTATGA-1",3,8
"CTAGCTTAATGGTCCC-1",4,16
"CTAGGCGCCCTATCAG-1",3,8
"CTAGGGATAGGGACAA-1",5,3
"CTAGGTCTGAAGGAAT-1",5,3
"CTAGTAGAAAGGGATT-1",2,14
"CTAGTATTCGGAATTA-1",3,10
"CTAGTCACGTCTTAAG-1",9,15
"CTAGTGAAGGACAGGA-1",9,15
"CTAGTTACAACCCGGT-1",2,2
"CTAGTTGGGCCCGGTA-1",5,3
"CTATAAGAGCCAATCG-1",3,8
"CTATAAGTAGGGTTTG-1",4,16
"CTATACTTAAAGCGAG-1",4,16
"CTATAGGCGTTGATGT-1",8,5
"CTATATCCAGCCTGGC-1",8,5
"CTATCACAACGCTGGA-1",3,8
"CTATCGACGAAATACA-1",3,8
"CTATCGCGTAGAGAAC-1",8,5
"CTATCGGGTCTCAACA-1",5,3
"CTATGAACACCTTGCC-1",6,15
"CTATGCCCGAATGCAA-1",3,8
"CTATGGGAAGCGGAAT-1",5,3
"CTATGTCACTAGCCCA-1",8,5
"CTATGTCTATTGAAAC-1",4,16
"CTATGTGAGTCACGGC-1",4,16
"CTATTCATGTGTCCCA-1",3,8
"CTATTTGCTTGGAGGA-1",2,14
"CTCAAACCACTGCCCG-1",5,5
"CTCAACTAACCCGGAT-1",2,2
"CTCACACGCAAGCCTA-1",5,3
"CTCACATTTACTAAAT-1",2,14
"CTCACCGATCCAAACT-1",3,10
"CTCACTTGGCTGGTAA-1",4,4
"CTCAGAGCTAATGTCG-1",3,8
"CTCAGATTGTGATAAG-1",7,7
"CTCAGGACTCACCTGT-1",7,7
"CTCATAAATGTGTATA-1",3,8
"CTCATCACTTAGTGAT-1",8,5
"CTCATGGCTCACAATC-1",7,9
"CTCATGGTAATTTGCG-1",4,16
"CTCATTAACGTTGCCC-1",8,16
"CTCATTTGATGGGCGG-1",8,5
"CTCCCAATGAGTCGCG-1",8,5
"CTCCCTCCTTTCGATC-1",4,15
"CTCCCTTGTATCAAGG-1",4,16
"CTCCGCCCACATGAGG-1",4,16
"CTCCGGCCTAATATGC-1",8,5
"CTCCTAAGTTATGTCT-1",4,16
"CTCCTAGTAATCGTGA-1",4,11
"CTCCTCCAGCTCACAC-1",5,3
"CTCCTGTTCAAGGCAG-1",8,5
"CTCCTTTACGCAAGTC-1",5,3
"CTCGAGACATACGATA-1",4,16
"CTCGAGGCAAGTTTCA-1",8,5
"CTCGAGGTCGAACAGT-1",8,9
"CTCGCACCTATATAGT-1",5,9
"CTCGCATTGCATAGCC-1",4,16
"CTCGCCGAATGTAGGG-1",3,8
"CTCGCTAGGTAAGCGA-1",3,8
"CTCGGGATAACACCTA-1",8,5
"CTCGGGTTCTCTGGCC-1",4,16
"CTCGGTCCGTAGCCTG-1",4,16
"CTCGGTTGTCGGCCCT-1",4,16
"CTCGTCGAGGGCTCAT-1",4,16
"CTCGTCTGTGCCTTCG-1",2,2
"CTCGTGGCACTGAAAG-1",9,15
"CTCGTTACGGCTACCA-1",8,5
"CTCGTTTCTAATGTTT-1",3,8
"CTCTAACACCGGCAGC-1",3,8
"CTCTAATGCATTGATC-1",5,3
"CTCTACACTGGCGATT-1",4,16
"CTCTACATCCTGCGTG-1",2,14
"CTCTAGCCCTCGGAAA-1",3,8
"CTCTATTTGGCTGCAG-1",3,8
"CTCTCACAATCGATGA-1",5,3
"CTCTCGATGTGCGCCT-1",8,9
"CTCTCTAACTGCCTAG-1",4,16
"CTCTGCAGGCATTCTT-1",4,16
"CTCTGCGAAGCAAGCA-1",6,15
"CTCTGGACGCCTGGTG-1",8,5
"CTCTGTCCATGCACCA-1",3,2
"CTCTGTGCCTGCTATG-1",4,9
"CTCTGTTTGAGGATTC-1",5,9
"CTCTTCTATTGACTGG-1",5,3
"CTCTTCTGGAAGTTAG-1",8,5
"CTCTTGTCCCGCTTGG-1",3,8
"CTGAAACGGCCCTCAG-1",2,14
"CTGAAAGAGATCCGAC-1",5,9
"CTGAATCCGAGACCTC-1",8,5
"CTGAATTTATTGCCAG-1",6,15
"CTGACATAGAAATAGA-1",8,5
"CTGACTGCGCAGCTCG-1",3,8
"CTGAGAAAGTTCGGCG-1",8,5
"CTGAGAGTAGAAATAC-1",9,13
"CTGAGCAAGTAACAAG-1",9,13
"CTGAGCGAGACTTATT-1",4,16
"CTGATAGTGTATCTCA-1",6,15
"CTGATCCCTTTATGCA-1",8,5
"CTGCAAGCACGTTCCG-1",5,3
"CTGCACCTAGTCCACA-1",8,5
"CTGCACCTGGAACCGC-1",4,4
"CTGCACTCCAGTACAG-1",2,14
"CTGCAGAGAATCAGAG-1",3,8
"CTGCCAAGGTTGGAAG-1",9,13
"CTGCCATGCATCACAT-1",8,5
"CTGCCTAGCCACCAAG-1",3,8
"CTGCCTCATATGCAAC-1",8,5
"CTGCCTTTAATACCTT-1",4,16
"CTGCCTTTCTAGTAAA-1",3,8
"CTGCGACCTCGCCGAA-1",1,1
"CTGCGATTTCGAGATT-1",3,8
"CTGCGGGTGAAATGTT-1",7,7
"CTGCGGTAGTCACGTG-1",2,2
"CTGCGTTACGATATAA-1",3,10
"CTGCTCTCAACACACC-1",4,16
"CTGCTCTGACGGCAAA-1",2,14
"CTGCTGAGGCCACGAA-1",4,16
"CTGCTGTCTAACGAGC-1",8,5
"CTGCTTTATGTCCGCG-1",5,3
"CTGGAAATGGATGCTT-1",8,5
"CTGGAAGACACGGTGG-1",3,8
"CTGGACGCAGTCCGGC-1",4,16
"CTGGATTTACACTTGA-1",8,9
"CTGGCATCCGAATGAG-1",4,16
"CTGGCGACATAAGTCC-1",3,8
"CTGGCGATTTACATGT-1",3,8
"CTGGCGGGAATAAGTA-1",9,13
"CTGGCTGATTCATCCT-1",3,8
"CTGGCTGGTTGTCAGT-1",3,8
"CTGGGATACGCTACCC-1",8,5
"CTGGGCACTAGTCGGA-1",1,1
"CTGGGCCTGCTATATC-1",4,16
"CTGGGCTACTGGAGAG-1",3,10
"CTGGGTTGAGTTAAAG-1",4,16
"CTGGTAAAGACTTACA-1",3,8
"CTGGTAAAGTGTGGGC-1",5,3
"CTGGTAACACATAGAA-1",2,14
"CTGGTAACGAGCTCTT-1",2,2
"CTGGTCATTCCAATCC-1",7,7
"CTGGTCCTAACTTGGC-1",8,9
"CTGGTGAATGGGCCTA-1",4,16
"CTGGTTCAACGCATCA-1",7,7
"CTGGTTCGCGAGCTAC-1",4,16
"CTGGTTTCGAGCAAGA-1",3,8
"CTGTACTTCTTAGCAT-1",8,5
"CTGTAGCCATCTCACT-1",8,5
"CTGTAGTGAGGATCGA-1",5,3
"CTGTATGGTGTAGAAA-1",7,7
"CTGTCAAATGGCTCGG-1",3,8
"CTGTGCAGGGTAGGTC-1",3,10
"CTGTGGTCGGGAGATA-1",3,8
"CTGTTACCCAATCTAG-1",5,3
"CTGTTCACTGCCTGTG-1",8,5
"CTGTTCATCTCACGGG-1",6,15
"CTGTTGTTCAGTCGTA-1",4,16
"CTTAACTTACAGTATA-1",5,3
"CTTAACTTCGAAGTAC-1",7,9
"CTTAAGCAGCGAGCCG-1",4,4
"CTTAATCGACTTAGTA-1",2,14
"CTTACACGGTATTCCA-1",9,13
"CTTACACTGGGAAATA-1",4,4
"CTTACATAGATTTCTT-1",3,8
"CTTACTGACTCCTCTG-1",4,13
"CTTAGATGTTTCATCC-1",2,14
"CTTAGCCTTCCACATG-1",3,10
"CTTAGGTATAGACCAG-1",4,16
"CTTAGGTCCCAATCGT-1",8,5
"CTTAGTAGGCCTACAG-1",3,8
"CTTAGTTGAGGAATCG-1",8,5
"CTTATAGATGGCTGTT-1",8,5
"CTTATGCGCTCAGGGC-1",4,16
"CTTATGTTGACTACCA-1",6,6
"CTTCACGCCCTGGTAC-1",4,16
"CTTCAGTGGTCGCCTA-1",4,16
"CTTCAGTTGGACAACG-1",3,8
"CTTCATAGCTCAAGAA-1",7,7
"CTTCATTGTCAGTGGA-1",8,5
"CTTCCGCTCCGTGAAG-1",5,3
"CTTCCTGCATATTTAC-1",1,1
"CTTCGATTGCGCAAGC-1",3,8
"CTTCGGCCAATTGTTT-1",5,3
"CTTCGTAGATAGGTGA-1",8,5
"CTTCTATGTTGAAGTA-1",6,6
"CTTCTATTAATGCTAG-1",8,5
"CTTCTGGGCGTACCTA-1",9,13
"CTTCTTACGTCGTATA-1",8,9
"CTTGACCCGAAAGATA-1",8,9
"CTTGAGTTAGGGTAAT-1",3,8
"CTTGATGACCATCCAG-1",3,8
"CTTGCAACCGCCTCCT-1",6,15
"CTTGCCCACCCACGCA-1",3,8
"CTTGCCCAGGCTCTAC-1",8,5
"CTTGGCCAAGCTGGGA-1",3,8
"CTTGTACTTGTTGACT-1",8,16
"CTTGTCAACATTCGAG-1",3,8
"CTTGTGAGTCTTTGAC-1",7,7
"CTTGTTGCTGAGTCAA-1",3,10
"CTTGTTTATGTAGCCA-1",7,7
"CTTTAACTTTCAAAGG-1",5,9
"CTTTAGTGCTATTATT-1",5,9
"CTTTATCCGACGCATG-1",2,2
"CTTTCTGTGCGGGCTT-1",3,8
"CTTTGAAACATATTCC-1",1,14
"CTTTGACGTCGCTTCT-1",7,7
"CTTTGCATCGCTCTTG-1",3,8
"CTTTGCTGTCATGGAT-1",4,16
"CTTTGGCGCTTTATAC-1",7,7
"CTTTGGCTTTAGTAAA-1",4,16
"CTTTGGGATTGTTGCA-1",5,3
"CTTTGTCGAATGCTCC-1",4,16
"GAAACAGATGACCACC-1",3,8
"GAAACAGCCATGCAGT-1",7,9
"GAAACATAGGAAACAG-1",4,16
"GAAACCATGGTGCGCT-1",5,3
"GAAACCGAATTACCTT-1",8,5
"GAAACCTATACAAATG-1",5,3
"GAAACTCGTGCGATGC-1",7,7
"GAAACTCTAATGAAGG-1",5,9
"GAAAGAACAGCGTTAT-1",5,3
"GAAAGCAGTGCACTTT-1",3,8
"GAAAGCCCTTTGGACC-1",9,13
"GAAAGTGACTAACTGC-1",7,13
"GAAATACCTGCTGGCT-1",3,8
"GAAATACTAAACGTTT-1",6,15
"GAAATATCACCATCAG-1",6,15
"GAAATATGCTTGAATG-1",3,8
"GAAATCGCGCGCAACT-1",8,5
"GAAATTAGCACGGATA-1",1,14
"GAAATTCACATCGCTG-1",4,4
"GAAATTGTCTCTATAA-1",8,5
"GAACAACTGGGATGAA-1",3,8
"GAACACACATCAACCA-1",8,16
"GAACAGATTACTAAAT-1",2,14
"GAACATTAGTATGTTA-1",5,3
"GAACCATCTGGGAGAC-1",4,4
"GAACCCTCTGTGTTCT-1",2,14
"GAACCTCGACCTACAC-1",6,15
"GAACGACCGAATGATA-1",8,5
"GAACGATAAGTTAAAG-1",8,9
"GAACGCGGGTCACACG-1",8,5
"GAACGTTAGGAAGACG-1",7,7
"GAACTGTGGAGAGACA-1",2,14
"GAACTTGTGCACGGGA-1",5,3
"GAAGAAACGATATTGT-1",4,16
"GAAGAACGGTGCAGGT-1",7,12
"GAAGACTTCAATGCCG-1",5,9
"GAAGCCTGCACATTCC-1",3,8
"GAAGCGTGAGGAATTT-1",8,5
"GAAGCTCGGACCCGTC-1",4,16
"GAAGCTTGCTGACCGC-1",4,4
"GAAGGAGTCGAGTGCG-1",3,8
"GAAGGCTACCATTGTT-1",8,5
"GAAGGGTCATTAAGAC-1",3,8
"GAAGTCAGTTGCACTA-1",3,8
"GAAGTCTCCCTAGCGA-1",2,2
"GAAGTGATTTATCGTG-1",8,5
"GAAGTGCTGGATAGCT-1",8,9
"GAAGTTTCCACTCAAT-1",8,5
"GAATAGACGCGACCCA-1",3,8
"GAATAGCATTTAGGGT-1",8,5
"GAATAGCCCTGCGGTC-1",3,8
"GAATAGTGCTCGATTA-1",8,5
"GAATATTCGGAGTCCC-1",3,8
"GAATCGACATGGTCAC-1",4,4
"GAATCGCCGGACACGG-1",9,13
"GAATCTATACTCGGAC-1",3,14
"GAATCTGAACATTCTC-1",5,9
"GAATGAAGGTCTTCAG-1",5,3
"GAATGCCGAAATGACC-1",7,10
"GAATGCGAATCGGTTC-1",2,14
"GAATGGGCTTATCGAC-1",7,7
"GAATGTATGGCAGGTC-1",2,10
"GAATGTTGGGTAATCT-1",5,9
"GAATTATAGTGAAAGG-1",5,3
"GAATTCACCCGGGTGT-1",8,5
"GAATTTCTCGCTGCAG-1",4,13
"GACAAACATATGCAGG-1",5,3
"GACAACGACCATTGAA-1",3,8
"GACAACGCAGCTTACG-1",8,5
"GACAAGACGCCCGTGC-1",4,16
"GACAAGAGATGAGATT-1",8,5
"GACACAAGGGAAGAAA-1",5,3
"GACACAGCCGGGACTG-1",3,8
"GACACCCAAAGACGCG-1",5,3
"GACACGAGTTAGAGGA-1",9,13
"GACACTGAGTTCAGTG-1",8,5
"GACACTGGAACCCGAT-1",5,3
"GACACTTCCAATTACC-1",3,8
"GACAGATTTCTGGCTC-1",9,13
"GACAGGCACACACTAT-1",4,4
"GACATCGATTTATAAC-1",8,5
"GACATTTCGCCCAGCC-1",4,16
"GACCAAACGTTGACTG-1",5,3
"GACCACACTTCCCTTT-1",2,2
"GACCAGAGCCCTGTAG-1",8,5
"GACCAGGTCATTCATA-1",5,9
"GACCCAATTATGATAC-1",6,6
"GACCCGTCGCCGGCTA-1",8,12
"GACCGACGTGAAAGCA-1",8,5
"GACCGACTGAAGCGTC-1",4,4
"GACCGATTAAATATGT-1",4,16
"GACCGCGTCTGACGTG-1",5,3
"GACCGTCAGGTCGTGA-1",3,8
"GACCGTGCTGACGGTG-1",8,5
"GACCGTTACATGCGAC-1",7,7
"GACGACGATCCGCGTT-1",2,14
"GACGAGGCTAATAAAC-1",3,8
"GACGATATCACTGGGT-1",8,5
"GACGCATACCCGTCGG-1",4,16
"GACGCCGTAAAGGCTA-1",5,3
"GACGCCTGTTGCAGGG-1",9,13
"GACGCTTGCTTCTAAA-1",4,4
"GACGGACCGCGTTCCT-1",8,9
"GACGGGCATCGAATTT-1",3,8
"GACGGGTTGGCCCGTA-1",5,3
"GACGGTCAATAGAAGC-1",3,8
"GACGGTCCTAGGGTGT-1",4,16
"GACGTGAGACTCCATG-1",9,13
"GACGTTCGTAAATACA-1",5,3
"GACGTTGCTCGGCGGC-1",8,5
"GACTAACACAGCACCT-1",3,9
"GACTAAGATCATGCAC-1",8,5
"GACTAAGTAGGCTCAC-1",4,4
"GACTACAAAGCGGTGG-1",4,16
"GACTACAATTGCTCGT-1",3,8
"GACTAGGCCGTTAGGT-1",1,1
"GACTCACCCACGTGAG-1",5,3
"GACTCCCAGAATAAGG-1",5,3
"GACTCCTTCCAATTGA-1",4,16
"GACTCGCGGGAATGAC-1",2,14
"GACTCTAGAGTTCCAA-1",3,8
"GACTGCGGCACGTGTA-1",6,15
"GACTGCTGGTGAGAAA-1",5,3
"GACTGGGCGCCGCAAC-1",2,14
"GACTTCAACGCATCAA-1",3,2
"GAGAAACTGGATCCCA-1",4,16
"GAGAACGGTTCTGACT-1",3,8
"GAGACCCTGCAACGCC-1",3,8
"GAGACTGATGGGTAGA-1",8,9
"GAGACTTCGCGACCGA-1",3,8
"GAGAGGCCTATGTGTA-1",8,5
"GAGAGGGCGCGAGGTT-1",4,16
"GAGAGGTGCATTCTGG-1",4,16
"GAGAGTCTCGGGAGAG-1",5,3
"GAGATCGATCTTACTC-1",9,13
"GAGATCTGCTTGGCAT-1",8,5
"GAGATCTGTCACTCCG-1",3,10
"GAGATGACAATCCTTA-1",8,9
"GAGATGGCTTTAATCA-1",2,14
"GAGCACGGCGCCTCTT-1",4,16
"GAGCATCAACAACTTG-1",9,13
"GAGCATCATCCCTGGG-1",7,4
"GAGCCACGGTAGTAGG-1",4,12
"GAGCCAGCTACCTGTG-1",3,10
"GAGCCGAGCGTTTATT-1",3,8
"GAGCGAGGGAGTACCG-1",8,9
"GAGCGCAAATACTCCG-1",5,3
"GAGCGCGCACGAGTAG-1",3,8
"GAGCGCTGTTAGGTAA-1",4,16
"GAGCGGAATGCGGTGT-1",5,3
"GAGCTAAGGGCATATC-1",3,10
"GAGCTCTCGGACCTAA-1",7,7
"GAGCTGTCGTCTCGGA-1",3,8
"GAGGAATATCTCTTTG-1",5,3
"GAGGAATGGAGAGGTT-1",4,16
"GAGGAGTAATTCCTAC-1",4,4
"GAGGATAAACAGTGCT-1",8,5
"GAGGCATTTGCAGCAG-1",5,3
"GAGGCCCGACTCCGCA-1",4,16
"GAGGCCTGTTGATACA-1",5,3
"GAGGCTATCAAAGTCG-1",4,5
"GAGGGAGTCAGATCGC-1",5,3
"GAGGGCATCGCGTATC-1",7,7
"GAGGGCCATAATATTA-1",5,3
"GAGGGCCGGCAGAGTC-1",3,8
"GAGGGTAGTAACAAAG-1",4,16
"GAGGTACATCCATCTT-1",5,9
"GAGGTACGCGTGTCCC-1",2,14
"GAGGTCCCAAAGATCT-1",9,13
"GAGGTCCGTTCGCTGT-1",8,5
"GAGGTCTTAGTGGGTC-1",1,14
"GAGTAAACCGGAAAGT-1",8,5
"GAGTAAATTAAGAACC-1",4,16
"GAGTAAGGCCACGGGA-1",4,16
"GAGTACGGGTATACAA-1",7,7
"GAGTAGATACTAGTTG-1",2,2
"GAGTATACCCTAATCA-1",8,5
"GAGTATCAAAGTTACA-1",4,4
"GAGTATGCCCGCCTTG-1",6,15
"GAGTCAGACCAGAATC-1",5,3
"GAGTCCACCAGGTTTA-1",2,2
"GAGTCCGCTTACCGGA-1",8,9
"GAGTCTTGTAAAGGAC-1",7,7
"GAGTGCACGGACAACA-1",8,5
"GAGTGTCAACCAGAAA-1",2,2
"GAGTGTGCGGTACCCA-1",3,8
"GAGTTCTGTGGGTGCT-1",4,16
"GAGTTGATGGCAATTT-1",4,16
"GAGTTGTCACCAGTCT-1",4,16
"GATAAATCGGTGGATG-1",7,12
"GATAACTCGCACTGTG-1",2,14
"GATAAGGCAGATGCAA-1",9,13
"GATACCGTGTCGGAGT-1",4,16
"GATACGATGGGAGTCA-1",6,15
"GATAGAACCCGCTAGG-1",3,8
"GATAGATAGTACAGTC-1",3,8
"GATAGGATTAATTACA-1",4,16
"GATAGGTAACGTTGAC-1",5,3
"GATAGGTGTCCCGGGC-1",4,16
"GATAGTGCGAGTAAGT-1",5,3
"GATATCAAGCAGGAGC-1",6,15
"GATATCTCATGCAATA-1",9,9
"GATATGGATTACGCGG-1",7,7
"GATATTGAGATTGGCG-1",3,8
"GATATTTCCTACATGG-1",3,10
"GATCAACATAAAGGGA-1",9,13
"GATCATTCCAAACATT-1",8,9
"GATCCCTTTATACTGC-1",8,9
"GATCCGAATATAAGTG-1",4,16
"GATCCGGGAATTAACA-1",3,8
"GATCCTAAATCGGGAC-1",2,14
"GATCCTCGACACTGGC-1",4,16
"GATCCTCTTGCGCTTA-1",3,8
"GATCGACACTATCTGA-1",4,16
"GATCGCGGGCTCTCCA-1",8,5
"GATCGCTACCCGATTT-1",3,8
"GATCGCTATATCTCAG-1",4,16
"GATCGCTGTGGTGCGT-1",4,16
"GATCGGATAGAACCAT-1",7,16
"GATCGGTGGCCATAAC-1",5,3
"GATCGTGACTGATATC-1",3,8
"GATCTAACCGTATTCA-1",7,7
"GATCTCGACGCTGTGG-1",8,5
"GATCTGCTATCTAAGG-1",3,8
"GATCTTGGAGGGCATA-1",3,8
"GATCTTTGCTCAAAGA-1",5,3
"GATGACAAGTAGGGCA-1",4,16
"GATGACGATGATCGCG-1",5,3
"GATGAGGAACCTTCGG-1",2,14
"GATGCCAGCAGAAGGC-1",7,7
"GATGCCTTCTGCGGCA-1",4,16
"GATGCGTCCTGCATTC-1",6,15
"GATGCTACAAGCGCCT-1",9,13
"GATGCTACCTTCGATG-1",3,8
"GATGCTGTATTTCATC-1",2,2
"GATGGCGCACACATTA-1",6,6
"GATGGTGAAATAACCC-1",2,14
"GATGGTGCCCTAGGCA-1",3,8
"GATGTAACGAACCACC-1",9,15
"GATGTCCGGATCACAT-1",7,7
"GATGTCGGTCAACTGC-1",7,9
"GATGTGTTGTCACAAG-1",3,8
"GATGTTCAATCCACGA-1",8,5
"GATGTTTGTGCGAGAT-1",9,15
"GATTAACCGAAAGCCC-1",3,8
"GATTACTGAATTTGGG-1",8,5
"GATTAGAAACAAGCGT-1",5,3
"GATTATCTTGCATTAT-1",2,2
"GATTCCCTTGTCGCAG-1",5,9
"GATTCCGCGTTTCCGT-1",5,9
"GATTCCTATACGGCGC-1",7,7
"GATTCGACGGTTCACG-1",3,8
"GATTGACACTCTGCTC-1",8,9
"GATTGCTCCAGTTGCA-1",4,16
"GATTGGGAAAGGTTGT-1",2,14
"GATTTAGTGCGTACTG-1",5,3
"GATTTGCGCTAACACC-1",3,8
"GCAAACCCTACATTAT-1",1,1
"GCAAACCTTGGCCATA-1",2,14
"GCAAACGTAAGCGACC-1",4,16
"GCAAACGTCGCCAGGT-1",8,5
"GCAAAGGGCGTTAGCC-1",4,16
"GCAAATATTACGCTTT-1",4,4
"GCAAATGAGGACACTT-1",7,7
"GCAACACACTAGAACT-1",4,16
"GCAACAGCAGTATGCG-1",5,3
"GCAACCACCAGACCGG-1",9,11
"GCAACCACGGCCGCGT-1",4,16
"GCAACGGCTAGTTATG-1",9,13
"GCAAGAATTCCTTGGC-1",4,16
"GCAAGCTGGAAACCGC-1",4,16
"GCAAGTGCACAGAGAA-1",4,4
"GCAAGTGTAAAGCATG-1",5,3
"GCAATTAGTCGCACCG-1",4,16
"GCACAAACCCTAGATG-1",4,15
"GCACAAACGAGGCGTG-1",8,5
"GCACAACCTCGGGCGT-1",4,16
"GCACAAGTGTCGGAAG-1",7,9
"GCACACACTGGTAGCC-1",3,8
"GCACACGCCCATGGTC-1",7,7
"GCACAGCACGGGCCGA-1",5,3
"GCACCTAGGCGAGTCC-1",3,8
"GCACCTTCCCGAAGGT-1",4,16
"GCACGCCGATTCCCGC-1",2,2
"GCACGCCTACTTAGAT-1",8,5
"GCACGTGGTTTACTTA-1",3,3
"GCACTAGTCGCGCTAT-1",7,4
"GCACTGTGCAAATGTA-1",7,7
"GCAGAAACGTAATCCA-1",3,8
"GCAGAAGGTAATCTCC-1",4,16
"GCAGACCCAGCACGTA-1",5,3
"GCAGATTAGGGATATC-1",8,5
"GCAGCACACAGCCCAG-1",8,5
"GCAGCCTATATCACAT-1",8,5
"GCAGCGGTGGGCATTA-1",9,13
"GCAGCTATGGACAGGT-1",3,8
"GCAGCTGTCAACGCAT-1",3,8
"GCAGGAACTTAGATCT-1",6,15
"GCAGGACTATAGAATA-1",4,4
"GCAGGTAGAGTATGGT-1",1,1
"GCAGTGCGGGCGGATG-1",4,4
"GCAGTTCGATCCGAGC-1",8,5
"GCATAAATTGAACGCC-1",3,8
"GCATACGAGGTCTTTA-1",9,13
"GCATAGAGCACTCAGG-1",8,10
"GCATCCCTAACTTTGA-1",4,4
"GCATGACACAAAGGAA-1",4,16
"GCATGAGGGACGCGGC-1",1,1
"GCATGCTAATAACGAT-1",3,8
"GCATGGGTACTGACGC-1",7,7
"GCATTCAAGGCAACGC-1",5,3
"GCATTCGAAATGAACA-1",7,7
"GCATTGACTTGCGGAA-1",7,7
"GCATTGTAATTCATAT-1",4,16
"GCATTTCCAAGGCTCC-1",8,5
"GCCAACCATTTCCGGA-1",3,8
"GCCAAGAATACTTCTG-1",7,12
"GCCAATAGGGCATCTC-1",3,8
"GCCACAATTTAAGGAC-1",4,16
"GCCACCTTATTCGCGA-1",4,16
"GCCACTCAGAGCGCGA-1",3,8
"GCCACTCCTTACGGTA-1",8,3
"GCCAGGAAAGAACACT-1",8,5
"GCCAGGCGTTCGCATG-1",3,10
"GCCATCGAGCTGCGTG-1",8,5
"GCCATCGATGCTGCAT-1",5,3
"GCCATTAGCCTCAAAC-1",4,16
"GCCCACCAAGGCTGTC-1",6,15
"GCCCACTGGTCCACAA-1",3,8
"GCCCAGATGCTGGAGA-1",4,16
"GCCCAGTTGGTATGCC-1",4,4
"GCCCATGGGTGCAATG-1",2,14
"GCCCGACTTCTTCCCG-1",4,16
"GCCCGAGAGTCTAAAT-1",4,16
"GCCCGATCTGTGGTCG-1",3,8
"GCCCGATGCCCAGTTC-1",4,16
"GCCCGCGCGTAAACGG-1",1,16
"GCCCGCGCGTTTGACA-1",4,4
"GCCCGTAATACCTTCT-1",3,10
"GCCCGTTCACACAATT-1",5,3
"GCCCTAAGTGCAGGAT-1",2,2
"GCCCTAGCCGTCGCGA-1",4,16
"GCCGAAATTCCTACGT-1",8,5
"GCCGACCCACGACTGC-1",4,16
"GCCGATTGGCCAAGCT-1",8,5
"GCCGCACTCCGTTTCA-1",4,16
"GCCGCATTAGTCCGGC-1",6,15
"GCCGCTAGATACGCAG-1",1,14
"GCCGCTTGTGAGAAAC-1",8,5
"GCCGGAAACACATCTT-1",4,4
"GCCGGGTTAGGGTCGC-1",8,5
"GCCGGTCGTATCTCTC-1",3,8
"GCCGTCGGTTTCGGGC-1",5,3
"GCCGTGGAAGAAATGT-1",8,5
"GCCTACGTTCTGTGCA-1",2,2
"GCCTAGCGATCTGACC-1",4,4
"GCCTATCAGGTAAGAT-1",4,4
"GCCTATGCTGGGCCTT-1",5,3
"GCCTATTCCGATATAG-1",7,7
"GCCTATTTGCTACACA-1",4,4
"GCCTCAGGTACCGGTC-1",4,4
"GCCTCATCTGGAAATA-1",3,8
"GCCTCCGACAATTCAC-1",3,8
"GCCTGTCCCGGTGCAT-1",2,14
"GCCTTTGTCAGTGGAC-1",4,16
"GCGAAACGATCGGGAG-1",5,3
"GCGAAGAATCTGACGG-1",2,2
"GCGAAGCCATACCCGT-1",8,5
"GCGAATGGACTAGCGA-1",2,14
"GCGACATGTAAACATC-1",5,3
"GCGACCCAACCATCTG-1",4,16
"GCGACGATAGTTGTAC-1",8,5
"GCGACGGTAGTCTCCT-1",1,1
"GCGAGAGGCCATGTAA-1",5,3
"GCGAGAGTTGCGTCCA-1",5,3
"GCGAGCGCATGCTCCC-1",5,3
"GCGAGGCCCGAGCAGA-1",8,5
"GCGAGTTCTGCAAAGA-1",8,5
"GCGATTCTGGAAGCAG-1",3,8
"GCGATTGTTAACGTTA-1",3,8
"GCGCAAATATATTCAA-1",4,16
"GCGCAAGAGCGCGCTG-1",3,8
"GCGCCGTTCCACGATA-1",5,3
"GCGCCTCCCACTCCGA-1",5,3
"GCGCGATGGGTCAAGT-1",8,10
"GCGCGGTCTAGTAACT-1",3,8
"GCGCTAAGTATGCATG-1",3,8
"GCGCTAATTGAATAGA-1",5,3
"GCGCTATGCCGAGGCA-1",8,5
"GCGCTCGATCACCTGT-1",6,6
"GCGCTGATCCAGACTC-1",3,10
"GCGCTTAAATAATTGG-1",3,8
"GCGGACCGCGTTGTGG-1",8,5
"GCGGAGAAACTTCGCA-1",4,16
"GCGGATTACTTGTTCT-1",5,3
"GCGGCAAAGTATTGCC-1",6,15
"GCGGCTCTGACGTACC-1",4,4
"GCGGCTTTAGCAAGTT-1",2,14
"GCGGGAACCAGGCCCT-1",6,15
"GCGGGCAGACGGGTGA-1",1,1
"GCGGGCATTACGATGC-1",8,5
"GCGGGCGAGCCTTACC-1",5,3
"GCGGTCCCGGTGAAGG-1",5,3
"GCGGTCCCTAGACGCA-1",4,11
"GCGGTCTTGCTTTCAC-1",3,8
"GCGGTTCCCTATCATG-1",8,5
"GCGTAAATGGCCATAA-1",3,8
"GCGTCCCTAAGACATA-1",5,3
"GCGTCGAAATGTCGGT-1",8,5
"GCGTCGCCAGGGTGAT-1",3,8
"GCGTCGTAACATGGTC-1",2,2
"GCGTCTAACCTCCTAA-1",6,15
"GCGTCTCTGCATTGGG-1",8,5
"GCGTGGTACTGGGTTA-1",3,8
"GCGTGTATGTCGTATT-1",8,9
"GCGTTATATTTGGAAC-1",7,7
"GCGTTCGGAGACCGGG-1",2,14
"GCGTTCTGACTAAGCG-1",4,4
"GCTAAACCTGAGGTGA-1",7,7
"GCTAACTGAAGTCTGA-1",3,8
"GCTAAGCCCAGTATGC-1",3,8
"GCTAAGTAAAGGCGAT-1",7,10
"GCTAAGTAGTTTCTCT-1",3,10
"GCTAATACCGAATGCC-1",6,15
"GCTACAATCGAGGATA-1",3,8
"GCTACAGTACGGACCG-1",6,15
"GCTACGACTTATTGGG-1",3,8
"GCTACTATAGTAGAGT-1",3,8
"GCTAGACCGTCTACTG-1",5,3
"GCTAGAGTAGAGATGT-1",3,8
"GCTAGCAACGCACCTA-1",2,2
"GCTAGCACCTGGGCCA-1",6,15
"GCTAGCGATAGGTCTT-1",4,16
"GCTAGCTTGAATAGCT-1",8,5
"GCTAGTAGAGCTTGTA-1",5,3
"GCTAGTTTCATTGAGG-1",7,7
"GCTATAAGGGCCAGGA-1",3,3
"GCTATCGCGGCGCAAC-1",7,7
"GCTATGCCAGCTTATG-1",7,7
"GCTCAATCCGTTTATT-1",4,16
"GCTCAATGTAATACCG-1",3,8
"GCTCATTGATCATATC-1",5,3
"GCTCCATGAGTGCAGA-1",4,4
"GCTCCATGCAAAGCAA-1",3,8
"GCTCCCAGTCGGTCCA-1",5,3
"GCTCCGCTCGCTTCAG-1",8,5
"GCTCCTGACATACTGG-1",4,16
"GCTCGCTCATGTCCAA-1",3,8
"GCTCGGAATTTAAAGC-1",3,8
"GCTCTAAACCCTGACG-1",8,5
"GCTCTATGTTACGTGC-1",4,4
"GCTCTCGGGTACCGAA-1",8,9
"GCTCTTTCCGCTAGTG-1",3,8
"GCTGAACTCTCCAGGG-1",4,16
"GCTGAAGGGTTCTTGG-1",4,16
"GCTGAATCTTCCAATC-1",4,16
"GCTGAGGCGTGAGTAT-1",5,3
"GCTGCACGGTTTCTTA-1",3,10
"GCTGCGAAGAATTATT-1",5,3
"GCTGCTAAGTAGTCGA-1",3,8
"GCTGCTCTCCGGACAC-1",8,5
"GCTGGACCCAAAGTGG-1",3,8
"GCTGGCATATTCACCT-1",4,4
"GCTGGCGGCGCATGCT-1",3,8
"GCTGGGAGCGCGTCAA-1",8,5
"GCTGGTGACTCGTAGT-1",3,10
"GCTGGTTTAGGCCATA-1",4,16
"GCTGTATTACTGGCCC-1",4,16
"GCTGTCTGTGATCGAC-1",2,2
"GCTGTTGCTACCGAAC-1",3,8
"GCTTACGTAGTTAGTA-1",8,5
"GCTTAGGGAAGCGGTA-1",5,3
"GCTTCCATGTAACCGC-1",3,8
"GCTTCCCGTAAGCTCC-1",2,2
"GCTTCCGTCCCTAGAC-1",3,10
"GCTTCGACGTTCAATC-1",4,16
"GCTTGAGTGACCTCTG-1",5,3
"GCTTGATGATAATCAG-1",4,4
"GCTTGCAGCACAATTG-1",5,3
"GCTTGGATCGATTAGG-1",3,10
"GCTTTACACAACTGGG-1",8,5
"GCTTTATTAAGTTACC-1",3,8
"GGAAACAGAGCTTGGG-1",8,5
"GGAAACCTTGTTGAAT-1",3,8
"GGAAACTAAATGGGCC-1",3,8
"GGAAAGGGAATTGAGC-1",2,14
"GGAAAGTCTTGATTGT-1",5,3
"GGAACCGTGTAAATTG-1",8,5
"GGAACCTTGACTCTGC-1",4,16
"GGAACGGCCTGCAGCC-1",7,7
"GGAACTCGTGAATACG-1",5,3
"GGAACTTTGGCGATTA-1",5,3
"GGAAGATAAGACTGTA-1",3,8
"GGAAGCTCGCTTACAG-1",3,8
"GGAAGGACACCGTATA-1",3,8
"GGAATAACCTCAAGAA-1",8,9
"GGAATGCGCTAGCGTG-1",3,8
"GGACAACCATGAAGCC-1",3,8
"GGACAAGCCATGATCG-1",4,12
"GGACAAGTTGCAGTGA-1",7,10
"GGACACAAGTTTACAC-1",8,5
"GGACACCTCGGTGTTG-1",2,14
"GGACCAACAGGATAAC-1",3,8
"GGACCTACGGTAACGT-1",3,8
"GGACCTCTAGGCCGCC-1",4,16
"GGACGGGCGACCAACC-1",8,5
"GGACGTCCATAGTTGG-1",3,8
"GGACTCACAAATTAGG-1",9,13
"GGACTCGAAGCTTTCA-1",4,4
"GGACTCGACAGCGCAT-1",5,3
"GGACTCGTGAGTGGTC-1",8,5
"GGACTCTTCCGGTTGA-1",4,16
"GGACTCTTTGACTAAG-1",3,8
"GGAGAAGTCATTGGCA-1",4,4
"GGAGACCAATGTGCTT-1",5,3
"GGAGACCATCTACATA-1",4,7
"GGAGACGACACCTTTG-1",3,8
"GGAGCAACATTTCAAG-1",3,8
"GGAGCACCAAGAACTA-1",3,8
"GGAGGATTGAAAGGAG-1",7,9
"GGAGGCCGAAGTCGTC-1",8,5
"GGAGGCGAAGAACCGC-1",1,1
"GGAGGGCTTGGTTGGC-1",3,10
"GGAGGGTCAAGTAAGA-1",5,3
"GGAGTGCCGCCCTGGA-1",8,5
"GGAGTTGATTCTGTGT-1",5,3
"GGATACTCATGAATTG-1",4,4
"GGATCAAAGGACGAGG-1",4,4
"GGATCAGAGCCATCAG-1",7,7
"GGATCATCCCGTACGC-1",2,14
"GGATCCGGAATATACT-1",3,2
"GGATCTACCGTTCGTC-1",8,5
"GGATCTTACTGCCCTT-1",8,5
"GGATCTTGACTCAACC-1",4,16
"GGATGAAGATCGCTGA-1",3,8
"GGATGACGCGAGTTTA-1",8,5
"GGATGCTGGCGTTCCT-1",4,16
"GGATGGCTTGAAGTAT-1",3,8
"GGATTAAGCTAAGGTC-1",3,8
"GGATTAATCATGGACC-1",2,14
"GGATTCAGTACGGTGG-1",7,7
"GGATTCCGCTATACCC-1",3,8
"GGATTGAAGTAGCCTC-1",2,2
"GGATTTCACTTCTATA-1",3,10
"GGCAAAGGCGCCAATA-1",4,16
"GGCAAATTACTTTACT-1",8,5
"GGCAAGCCAGGGATAG-1",5,3
"GGCAAGCCCATAGTGG-1",3,8
"GGCAAGGCGAAATAGC-1",3,8
"GGCAATAGTCAATGAG-1",5,3
"GGCACGCTGCTACAGT-1",5,3
"GGCACTCAGCCGACCC-1",4,4
"GGCACTCCACTGGGCA-1",8,5
"GGCACTGCGGTGGTTT-1",5,8
"GGCAGCAAACCTATGC-1",5,3
"GGCAGCGGTAATCCTA-1",2,14
"GGCATACAGGTAGCGG-1",6,15
"GGCATATCGGTTCTGC-1",3,10
"GGCATCAACGAGCACG-1",4,4
"GGCATTGAACATCTCA-1",3,8
"GGCCAATTGTATAGAC-1",3,2
"GGCCACAAGCGATGGC-1",6,15
"GGCCCAATCTAGAGGG-1",3,10
"GGCCCAGCTGGTTTGC-1",1,1
"GGCCCAGTTATCAGCA-1",3,8
"GGCCCGGAGCATGTCT-1",8,2
"GGCCCGTATACCATGC-1",8,5
"GGCCCTCACCCACTTA-1",4,12
"GGCCGAGACTCTGGTG-1",4,16
"GGCCGCAGGAACCGCA-1",5,5
"GGCCGGCGTCTGCTAT-1",2,14
"GGCCGTTTGGGTTTCA-1",8,5
"GGCCTGCTCTGATGTT-1",2,14
"GGCCTGCTTCTCCCGA-1",5,3
"GGCCTTTGCAACTGGC-1",7,7
"GGCGAAATCTAACTTG-1",2,14
"GGCGAACCGTTCTGAT-1",5,3
"GGCGAGCGAAACGGCA-1",4,7
"GGCGCAGGACATCTTC-1",4,12
"GGCGCATGAATTGATG-1",8,5
"GGCGCGGAGATCTTTC-1",2,2
"GGCGCGTTCGAGTTTA-1",5,3
"GGCGGAGTAATATTAG-1",8,12
"GGCGGGCTCTAAGAGT-1",4,16
"GGCGGTAGGATCATTG-1",5,3
"GGCGTACCCTATATAA-1",4,4
"GGCGTAGGGAAAGCTG-1",2,2
"GGCGTCCTATCCGCTG-1",9,15
"GGCTAATGATTGAAAT-1",3,8
"GGCTACTATACACTCC-1",5,3
"GGCTATTAAGTTGTAT-1",4,4
"GGCTCCTCCACCTGTT-1",8,5
"GGCTCGTGCCACCAGC-1",7,11
"GGCTCTGCTCCAACGC-1",5,3
"GGCTGGCAATCCCACG-1",3,8
"GGCTGGCTAGCTTAAA-1",9,13
"GGCTGTCCTACTGCGG-1",3,3
"GGCTTCTCGTGGGTGG-1",3,8
"GGCTTTCAATAAGGGT-1",3,8
"GGGAAAGAATGCCAAC-1",3,8
"GGGAACGGGAGGTTAG-1",4,16
"GGGAACGGTTTCAGAT-1",4,16
"GGGAAGGGCTTTCTCA-1",3,8
"GGGAATGAGCCCTCAC-1",3,8
"GGGACAGAGTTACTCC-1",4,16
"GGGACCCGTATATCTT-1",3,8
"GGGACTGCATAGATAG-1",9,13
"GGGAGAACTCACAGTA-1",8,5
"GGGAGCGACCGTAGTG-1",3,8
"GGGAGGATGCCCGAAA-1",8,5
"GGGAGTAATGGCTGGC-1",7,7
"GGGAGTTAATGAGGCG-1",3,8
"GGGATATTGATCGCCA-1",4,16
"GGGATCCCAATACAAA-1",5,3
"GGGATGGACCCGCGTC-1",4,16
"GGGATGGTCGTAACCG-1",8,5
"GGGATTTACCGCACCT-1",3,10
"GGGCAACCGCACGTGC-1",4,16
"GGGCACGTAGTACTGT-1",5,3
"GGGCACTATTGACCAT-1",4,16
"GGGCAGACGTCACTGC-1",7,7
"GGGCAGAGCAATCGTT-1",3,8
"GGGCAGGATTTCTGTG-1",4,16
"GGGCAGTCAACGCCAA-1",2,2
"GGGCATGCATGTCGAG-1",3,8
"GGGCCATTCGTGCTGG-1",4,16
"GGGCCCGTCTTAAACA-1",8,5
"GGGCCCTACGAAAGGG-1",4,16
"GGGCCTAAATGGGCTA-1",9,13
"GGGCCTATTTAAGTAT-1",5,3
"GGGCGATATGTGTGAA-1",8,9
"GGGCGCAGCGTTACTC-1",8,5
"GGGCGGCAAATGAATT-1",8,5
"GGGCGGGTTCCCTACG-1",6,15
"GGGCGGTCCTATTGTC-1",7,7
"GGGCGTACATTTATAT-1",8,5
"GGGCGTCACCACGTAA-1",8,5
"GGGCGTCCACTGGCTC-1",3,10
"GGGCGTTTACATTCAT-1",4,16
"GGGCTACTATTTCGTG-1",7,7
"GGGCTATGATCGATGG-1",5,3
"GGGCTGCCTAGGGCGA-1",5,3
"GGGCTGGTTAGTCGCG-1",8,5
"GGGTACCCACGGTCCT-1",6,6
"GGGTACTTCATGAACT-1",4,4
"GGGTATGTATGCACTT-1",9,11
"GGGTATTCTAGCAAAC-1",4,13
"GGGTCACCGTGACGGT-1",8,5
"GGGTCAGGAGCTAGAT-1",3,8
"GGGTCCTTGGAAGAAG-1",4,16
"GGGTCGTGGCAAGTGT-1",3,8
"GGGTCTATCGCTTTCC-1",5,3
"GGGTGACACCTTAACT-1",8,5
"GGGTGCATATGAAAGC-1",5,3
"GGGTGGTCCAGCCTGT-1",5,9
"GGGTGTTTCAGCTATG-1",5,9
"GGGTTAACATTTGAGT-1",8,7
"GGGTTCAGACGAACAA-1",9,13
"GGGTTTAGGATAGGAT-1",5,3
"GGTAAACTCTGCGCTG-1",5,9
"GGTAAATGTGCGTTAC-1",3,8
"GGTAACCGGGAGGATA-1",4,16
"GGTAACTATGTATCTG-1",4,12
"GGTACAAACATGCTAT-1",8,5
"GGTACACCAGATTTAT-1",8,5
"GGTACATCTGGGACGA-1",4,16
"GGTACCATTAAGACGG-1",3,8
"GGTACGTTGCGGCCGG-1",5,9
"GGTACTAAGTGCTTTG-1",4,16
"GGTAGAAGACCGCCTG-1",2,14
"GGTAGACCGTTGGGCG-1",5,3
"GGTAGGCCAATATCAC-1",3,8
"GGTAGTGCTCGCACCA-1",5,3
"GGTATAGTGACACATA-1",8,5
"GGTATTGCCGAGTTTA-1",8,5
"GGTCAAGACTACTTCG-1",5,3
"GGTCAGTGGGTCCCAC-1",3,8
"GGTCATTGTAGTCATA-1",5,3
"GGTCCACGTCTATTTG-1",4,16
"GGTCGGATAAACGGCG-1",2,14
"GGTCGGCCAGGAGCTT-1",3,2
"GGTCGGTAATTAGACA-1",7,13
"GGTCGGTCGTCCACAG-1",3,8
"GGTCGTAAGCTCGCAC-1",4,16
"GGTCTCCAAGTAGTGC-1",4,16
"GGTCTCCGTCCAGGTT-1",3,8
"GGTCTCTGAATGGACT-1",4,16
"GGTCTGAGAATCTGGA-1",3,10
"GGTCTTGAGCGCTCTT-1",2,14
"GGTGAAACCGGGAATG-1",7,12
"GGTGAACGGGCTAGCC-1",7,7
"GGTGAAGTACAGGGAT-1",4,16
"GGTGACTGATAGAGAG-1",4,16
"GGTGAGATGCAGATAA-1",7,7
"GGTGATAAGGAGCAGT-1",3,8
"GGTGATTTCATCTTGT-1",7,7
"GGTGCATAAATGATTA-1",5,3
"GGTGCGGATAAGTGGC-1",4,4
"GGTGCTGATCACAAAG-1",7,7
"GGTGCTGGTACACATT-1",6,6
"GGTGGAGGTTGATACG-1",4,16
"GGTGGGATTAGGTCCC-1",8,5
"GGTGTAAATCGATTGT-1",2,14
"GGTGTAGGTAAGTAAA-1",5,3
"GGTGTTCTGTTTCTAC-1",2,2
"GGTGTTGGGCGTCTTA-1",4,16
"GGTTACCACCCTCGGG-1",4,16
"GGTTACCCGACACTTT-1",4,16
"GGTTACCGCTCCCTAC-1",5,3
"GGTTAGCTATATGTCT-1",2,2
"GGTTAGGCTTGGAGAA-1",6,15
"GGTTAGGGATGCTAAT-1",4,13
"GGTTAGTTACGGCGCC-1",7,7
"GGTTCCACCCGCTTCT-1",2,2
"GGTTCCCTAGTGTCTC-1",3,8
"GGTTCCGTACGACTAA-1",5,3
"GGTTCGCATTTGCCGT-1",3,8
"GGTTCGGATTATACTA-1",7,7
"GGTTCTACTCGTCTGA-1",5,3
"GGTTGTGTAGCCTGGC-1",7,7
"GGTTTAATTACCATCG-1",8,5
"GGTTTAATTGAGCAGG-1",5,3
"GGTTTACAATCTCAAT-1",5,3
"GGTTTAGCCTTTCTTG-1",5,3
"GGTTTGACAAGAAGCT-1",3,8
"GGTTTGAGTGCTGGAA-1",7,12
"GGTTTGCGAACACGTA-1",5,3
"GGTTTGTGACCTGAGG-1",5,3
"GTAACAACTGACCTTG-1",5,3
"GTAACAGGTTAACGGC-1",3,8
"GTAACATCTAAGATAA-1",5,3
"GTAACTACGTAGACCT-1",4,16
"GTAACTGCCCAAGGAG-1",5,3
"GTAACTTGCGGCAGTC-1",7,7
"GTAAGCGGGCAGTCAG-1",8,9
"GTAAGGATTTGTCGGA-1",5,9
"GTAAGTAGGGTATACC-1",4,4
"GTAAGTCCACACTCTA-1",8,5
"GTAATAAAGGGCTCCC-1",3,8
"GTAATCTGATTCTTCG-1",8,5
"GTACACTTACCTGAAG-1",5,3
"GTACGACGGCGCTGCG-1",9,13
"GTACGAGATTGCGACA-1",8,5
"GTACGCTTCATTGCAC-1",2,2
"GTACGTCACGTATTAA-1",3,8
"GTACGTTTGCCCGTCA-1",3,8
"GTACTAAGATTTGGAG-1",8,9
"GTACTACGGCCTCGTT-1",3,8
"GTACTCCCTTATCGCT-1",6,15
"GTACTCCTGGGTATGC-1",3,8
"GTACTGAGGTCGTAAC-1",4,4
"GTACTGCATGAAGCGT-1",7,7
"GTACTGGAGTTAGACC-1",3,2
"GTACTTGGGCACTTCT-1",7,7
"GTAGAAACGGGTGGAG-1",7,7
"GTAGACAACCGATGAA-1",4,13
"GTAGACGTCGTTACAT-1",6,15
"GTAGAGGGAGACAAGT-1",6,15
"GTAGCCAAACATGGGA-1",2,14
"GTAGCGCTGTTGTAGT-1",4,4
"GTAGCGGCTATACACT-1",5,3
"GTAGCTAGTAAGCGCG-1",3,8
"GTAGCTCCGGGAGGCT-1",8,5
"GTAGGTGATCCGTGTA-1",5,8
"GTAGTGAGCAACCTCA-1",5,3
"GTAGTTCGAAGGCGAA-1",5,3
"GTAGTTTAAGCACACG-1",6,15
"GTATAGGACTCAGTAG-1",8,5
"GTATAGTGGCCCATGT-1",2,14
"GTATCAAACGTTAGCT-1",3,8
"GTATCAAGGTACTTCC-1",1,1
"GTATCAGCTTGGGTTC-1",7,7
"GTATCCTTTGGTAACC-1",3,8
"GTATCTCAGTCTTGAC-1",4,16
"GTATCTCGGGCGCTTT-1",4,16
"GTATCTTTCATAACCA-1",3,8
"GTATGAAATTTCACTC-1",4,16
"GTATGTGGGTCTAGTT-1",2,2
"GTATTAAGGCGTCTAA-1",7,7
"GTATTCTGAGAAACGA-1",4,16
"GTATTTAATGGCATAA-1",8,5
"GTCAAAGAAGTGGTGT-1",4,16
"GTCAAAGTTTACATAG-1",6,15
"GTCAACCAGGCCTATA-1",3,8
"GTCAAGCGGACTCGGG-1",3,10
"GTCAATGCTATAATTT-1",5,3
"GTCAATTGTACTGAAG-1",7,12
"GTCACAAAGTTTCCAA-1",8,9
"GTCACCTGTCTATGTC-1",1,1
"GTCACTCATGAGCGAT-1",9,13
"GTCACTCTCCAAATCT-1",7,7
"GTCAGAATAGTCTATG-1",9,15
"GTCAGTTGTGCTCGTT-1",7,9
"GTCAGTTTGGTAGTCG-1",7,7
"GTCATCCCAAACTCAC-1",9,11
"GTCATGCACCTCCGTT-1",8,5
"GTCATGCGCGAGGGCT-1",3,8
"GTCATGGACATGACTA-1",7,12
"GTCATTAGAGCGAACG-1",5,3
"GTCATTGCATTGACCC-1",7,7
"GTCCAATATTTAGCCT-1",3,8
"GTCCACGTCGCATTCG-1",8,5
"GTCCAGGCACGTGTGC-1",5,3
"GTCCATTACTGCTACG-1",5,3
"GTCCCAACGTAAAGTA-1",3,8
"GTCCCAATCATCCCGC-1",7,7
"GTCCCGCGACGTTATG-1",1,1
"GTCCGGACCTGAAATT-1",3,10
"GTCCGGCTGAATTGCG-1",8,5
"GTCCGTTAGAGGGCCT-1",3,8
"GTCCTACGAATAGTCT-1",3,10
"GTCCTACTCTACGGGC-1",9,13
"GTCCTAGGATACCTTA-1",4,16
"GTCCTTCTAGTGGGTT-1",3,11
"GTCGAATTTGGGCGCT-1",4,16
"GTCGATAGGTGACTTT-1",8,16
"GTCGCCGTTGTGTGTT-1",8,5
"GTCGCGTAACCCGTTG-1",3,10
"GTCGGAAGGATACCAG-1",3,8
"GTCGGATATCTCAGAC-1",4,4
"GTCGGATGTAGCGCGC-1",5,8
"GTCGGGAACATGGTAG-1",7,7
"GTCGGGAAGCAGAAAC-1",2,2
"GTCGGGTGAAGTACCG-1",8,5
"GTCGTACCATCTCGGG-1",5,9
"GTCGTACCTACGATTG-1",7,7
"GTCGTATTGGCGTACA-1",1,1
"GTCGTCAATTATAAGG-1",4,4
"GTCGTCTGGTTGGCTA-1",8,13
"GTCTACTCAATTACAA-1",7,7
"GTCTAGTGAGCCGCTT-1",3,8
"GTCTATACACGCATGG-1",3,3
"GTCTATCTGAGTTTCT-1",8,5
"GTCTATTGCATGCTCG-1",3,8
"GTCTATTGGTTCCGGT-1",3,8
"GTCTCCCGAGTCCCGT-1",3,8
"GTCTCCGCCTCAATAC-1",3,8
"GTCTCCTGCCAGTATG-1",4,16
"GTCTCGACTAAGTTTG-1",5,3
"GTCTCGATCTGCTTTC-1",3,8
"GTCTGCCGACTCGACG-1",3,8
"GTCTGGGCGGTCGAGA-1",8,5
"GTCTGTAGGTTGAACA-1",5,3
"GTCTTACCACGCCAAG-1",5,3
"GTCTTAGTACAGCCGG-1",3,10
"GTCTTGAGGAGCAGTG-1",8,5
"GTGAAACGTGCTCCAC-1",7,7
"GTGAACTCCCATTCGA-1",3,8
"GTGAAGATTTCAAGTG-1",3,8
"GTGAAGCCGTATAGTC-1",3,8
"GTGAAGTCACGACTCG-1",7,7
"GTGACCGCACACTACG-1",3,8
"GTGACCTAAAGAATAA-1",9,13
"GTGACGAGGGTGACCC-1",8,5
"GTGACTTCAGTAGTGC-1",8,5
"GTGAGATAACCTTATA-1",5,3
"GTGAGCGTGCTGCACT-1",6,15
"GTGAGGACACTTAAGG-1",2,2
"GTGAGGAGCGGTTGAG-1",3,8
"GTGAGTCGACTAATAG-1",5,3
"GTGAGTGGTACAACGC-1",3,8
"GTGATCAAGCGTGCAC-1",4,16
"GTGATCACTAACGCCT-1",3,8
"GTGATCATAGATCTGC-1",8,5
"GTGATCCTTGTCATGA-1",2,2
"GTGATGCACAACATCT-1",2,14
"GTGATTCGCCGCTCAA-1",4,16
"GTGCAACAAATGTGGC-1",8,9
"GTGCACCAGCTTCAAC-1",3,8
"GTGCACGAAAGTGACT-1",5,9
"GTGCAGCGTAGAGTAG-1",6,15
"GTGCCAAACGTTTCGA-1",4,4
"GTGCCATCACACGGTG-1",4,16
"GTGCCGCTTCAAAGGT-1",6,15
"GTGCCTCAGTGTACGG-1",2,2
"GTGCCTGAGACCAAAC-1",3,8
"GTGCGAAATCGAACAC-1",4,16
"GTGCGACAGGGAGTGT-1",3,8
"GTGCGGGACCATCGGC-1",7,7
"GTGCGGGTCTCCAAAT-1",8,5
"GTGCTCAAGTACTGTC-1",8,5
"GTGCTGCAGATAAGGA-1",7,7
"GTGCTGTTAGAACATA-1",3,8
"GTGCTTACATCAGCGC-1",8,5
"GTGGAACCTACATGCG-1",3,8
"GTGGACCAACCCGATT-1",4,16
"GTGGACGCATTTGTCC-1",3,8
"GTGGACGTGCTGAGAC-1",7,7
"GTGGAGCATGTCGGCC-1",4,16
"GTGGAGCGTTTACCGA-1",4,16
"GTGGAGTCGGCGGTTG-1",6,6
"GTGGCAAACAGCGGCA-1",4,16
"GTGGCCGGTTTCTCGG-1",4,16
"GTGGCGGTCCCAGCGT-1",4,16
"GTGGCTGTTTCTGTTC-1",3,8
"GTGGGAACAAACCGGG-1",5,3
"GTGGGAAGACTGAATC-1",7,16
"GTGGGCTTAGACACAC-1",6,15
"GTGGGTACTGAGCGTA-1",7,7
"GTGGTATAGTCTGCCG-1",8,5
"GTGGTCAGCGAAGTAT-1",2,14
"GTGGTGATGGTTTGTG-1",4,4
"GTGGTTACTTCTTTCG-1",3,8
"GTGGTTTCCGCCTTTC-1",4,16
"GTGTACCTTGGCTACG-1",3,8
"GTGTACGAACCGTTCC-1",4,16
"GTGTATGACTTTAAAG-1",7,7
"GTGTCAGTGTACGTGG-1",5,3
"GTGTCCGATAAGGCAT-1",1,1
"GTGTCGTATTCACCTT-1",3,10
"GTGTGAATAACTTAGG-1",3,2
"GTGTTACTATGCGTCC-1",2,2
"GTTAAAGTAGGACTGG-1",1,11
"GTTAACTATGTTGTCA-1",5,3
"GTTAAGTTAGAGTGGG-1",8,5
"GTTAATAGCGTCATTA-1",8,16
"GTTAATGTCTATCTTA-1",7,7
"GTTACAATTGGTGACG-1",4,4
"GTTACCAAGGCGTACG-1",8,5
"GTTACCTACAACTTGC-1",3,8
"GTTACGGCCCGACTGC-1",7,10
"GTTACTTTGGGCCTAG-1",8,5
"GTTAGAGTGTGCCGCT-1",7,9
"GTTAGCCGTAAATCAA-1",5,3
"GTTAGGCTACCCGTTT-1",4,16
"GTTATAATACGGTGAA-1",5,3
"GTTATATCAGGAGCCA-1",5,3
"GTTATATTATCTCCCT-1",8,9
"GTTATCAAGCTATCGA-1",3,8
"GTTATCACCTTCTGAA-1",8,9
"GTTATTAAATACGACC-1",3,8
"GTTATTAACGTGGGAG-1",7,7
"GTTCAATCTATGTCAA-1",3,8
"GTTCACAGGAGTCTAG-1",4,4
"GTTCAGTCGCCAAATG-1",3,8
"GTTCATCGTTTGGCTG-1",5,10
"GTTCCAGTCTGACCAT-1",8,5
"GTTCCCGTAAACATAT-1",8,5
"GTTCCGTCCGCCTGCA-1",5,3
"GTTCGACAATTGTATA-1",4,16
"GTTCGCCATAAGTGCC-1",8,7
"GTTCGCTGAGACGTCT-1",5,3
"GTTCGGAGCACTCAAC-1",8,5
"GTTCGGATCGGGAACA-1",5,3
"GTTCGGGCGTACCATT-1",5,3
"GTTCGTCTAAAGAACT-1",3,8
"GTTCGTCTGGGTCCCT-1",5,3
"GTTCTTGTAACTCAAT-1",2,14
"GTTGAACCGGTTCCAT-1",8,5
"GTTGCACGGAGTTTCG-1",4,16
"GTTGCAGTCGACAACA-1",4,4
"GTTGCCCTAACGGGTG-1",4,16
"GTTGCGCTAACATTAC-1",4,16
"GTTGCGGACGGTCAGG-1",8,5
"GTTGGACCGCATCAGG-1",5,3
"GTTGGATTTGCGTTGG-1",8,5
"GTTGGTCATGCTATCC-1",3,8
"GTTGTCGTGTTAGTTG-1",4,4
"GTTGTTACATTGCGCT-1",5,3
"GTTGTTGCAAGATGGC-1",8,5
"GTTTACGTTCCATCTG-1",3,8
"GTTTCAAACGAGTTGT-1",5,3
"GTTTCATATCGTCGCT-1",4,4
"GTTTCCTGGAGGGTGA-1",8,9
"GTTTCTAGAGGCGCGG-1",3,8
"GTTTCTGCAGTCTCCC-1",3,10
"GTTTGACCAAATCCTA-1",8,5
"GTTTGGCCGCTCAGCG-1",7,7
"GTTTGGGCTTGTGAGC-1",3,8
"GTTTGGGTTTCGCCCG-1",3,8
"GTTTGGTAGGGTCAAC-1",3,8
"GTTTGGTGATCGGTGC-1",5,3
"GTTTGTTAGCCAAGTA-1",4,4
"TAAACCCAGGAGGGCA-1",4,16
"TAAAGACAACCCTTTA-1",4,4
"TAAAGAGCCCGAAACC-1",4,4
"TAAAGCGGTATTTCCA-1",5,3
"TAAAGCGTTAGGAGAA-1",2,14
"TAAAGTGCACGTCTCG-1",5,3
"TAAATCTTTACACCTC-1",5,3
"TAAATGAATCCGTTTC-1",7,7
"TAAATGGGCTACTGAG-1",4,4
"TAAATTGTGGGTAAAG-1",2,14
"TAAATTTAGTAACACC-1",8,5
"TAACAAAGGGAGAAGC-1",7,7
"TAACAATATTTGTTGC-1",7,7
"TAACAGCGTTTGTGCT-1",8,13
"TAACAGGTTCCCTTAG-1",3,8
"TAACATACAATGTGGG-1",5,3
"TAACATACACGCGATC-1",4,16
"TAACCGCCCGCAGTGC-1",4,4
"TAACCTACCGTCCGAG-1",3,8
"TAACCTAGGGAGTCCA-1",5,3
"TAACGCTTTGAGAGCG-1",4,5
"TAACTATCGAAGGTCC-1",4,4
"TAACTATTACGCCAAA-1",3,8
"TAACTCATCCGCGCGG-1",8,5
"TAACTCCATGGAGGCT-1",9,13
"TAACTGAAATACGCCT-1",4,16
"TAAGAGGGACAGGGAC-1",4,16
"TAAGATTTAGCGGGAG-1",7,10
"TAAGCAGGCGACACGC-1",9,15
"TAAGCCCTTACGACCA-1",3,8
"TAAGCGCGAATCAAAT-1",4,16
"TAAGGAACTTGTGGGA-1",4,16
"TAAGGCAACATAAGAT-1",5,3
"TAAGGCATAACATCAA-1",5,3
"TAAGGCTGAATCCCTC-1",3,8
"TAAGGGCCTGTCCGAT-1",3,8
"TAAGGGCTGGGAGAGG-1",7,7
"TAAGTAAATGTGCCGC-1",1,14
"TAAGTAACATCTTGAC-1",4,16
"TAAGTCGCCGAGTATC-1",4,16
"TAAGTCGGTGAGCTAG-1",4,16
"TAAGTGAATAGTCTAC-1",4,16
"TAAGTTGCGACGTAGG-1",3,8
"TAATAAACAAGGAGAT-1",3,10
"TAATACACAGTAGTAT-1",8,5
"TAATACTAGAACAGAC-1",2,14
"TAATAGAACAGAGTTA-1",4,16
"TAATAGCTAAATGATG-1",8,5
"TAATAGGTCACCAGAA-1",4,16
"TAATAGTGACGACCAG-1",3,10
"TAATATTGAAATTCGC-1",4,4
"TAATCAACCAAATGGG-1",4,4
"TAATGAAAGACCCTTG-1",7,7
"TAATGTCGGTTCATGG-1",4,16
"TAATTACGTCAGTAGA-1",3,8
"TAATTAGATGGATATG-1",7,7
"TAATTAGGACATCCGT-1",5,3
"TAATTCCAATGCTTCA-1",8,5
"TAATTGGAATCGGGAA-1",3,8
"TAATTTCCGTCCAGTA-1",7,7
"TACAAATTGCGGAGGT-1",3,8
"TACAACAGCGCATACA-1",5,3
"TACAACGCACAACTCA-1",8,5
"TACAAGGGCTTCTTTA-1",3,8
"TACAAGTCTCGTGCAT-1",9,13
"TACACAGCCGTGGTGC-1",2,14
"TACACCGTCGTTAGTC-1",5,3
"TACACCTCTTCGAATC-1",3,8
"TACAGAAACGGTGGGC-1",2,2
"TACATAGGCATACACC-1",8,5
"TACATCCCTATCCCTG-1",7,16
"TACATGCCGGAATTGT-1",9,15
"TACATTTCTAACGTGC-1",8,5
"TACCAAATAGCCCAGA-1",3,8
"TACCAATAAAGTACCA-1",2,14
"TACCAGAAGTAGGTTC-1",8,5
"TACCAGCTAGGTTTAA-1",7,9
"TACCAGGAATCCCGTC-1",8,5
"TACCATGTATTGATTT-1",4,16
"TACCCTCGGTAACCCT-1",4,16
"TACCGAATAATTGTAA-1",3,8
"TACCGCGGACTTGCAG-1",3,10
"TACCGGCTCACTGCCC-1",3,8
"TACCGGTCGTTTCCAT-1",4,16
"TACCGTAGGTTAACTA-1",3,8
"TACCGTGCCTCGGACC-1",2,14
"TACCTACTCCCAGTAT-1",3,8
"TACCTATCCCTAGAGG-1",7,7
"TACCTCACGCTTGTAC-1",8,5
"TACCTCAGTTGTCTGT-1",5,3
"TACCTCCACACCAATG-1",4,16
"TACCTCTTTACCATCC-1",4,16
"TACCTGCTGCACTGTG-1",7,7
"TACCTTAAGATTTCCC-1",4,16
"TACGAACACGACTTCA-1",8,5
"TACGACGCTTGCTGCG-1",8,5
"TACGACTGCCTCTTAG-1",3,8
"TACGAGAACTTCACGT-1",9,11
"TACGATGTTGATCATC-1",9,13
"TACGCAGTTCTTTCCT-1",8,5
"TACGCCATATTCTAAT-1",8,5
"TACGCCGAGGGTACCC-1",4,16
"TACGCCGCCTCAGAAG-1",4,16
"TACGCCTCCATTCCGA-1",3,8
"TACGCTATAGAAACCT-1",5,3
"TACGCTCCTAGAACTG-1",5,3
"TACGCTCGGTATTGGA-1",5,3
"TACGCTGATAGTTGTA-1",4,16
"TACGCTGCTGTGTTAA-1",4,16
"TACGGCATGGACGCTA-1",8,13
"TACGGGATGCTAGCAG-1",3,8
"TACGGGTAATAACATA-1",3,8
"TACGTAAAGCGGAGTG-1",3,8
"TACGTACTAGTGCTGA-1",8,5
"TACGTGCAAGGTTCCT-1",4,16
"TACGTGCACTATGCTG-1",9,15
"TACGTGGGCCCAGGGC-1",2,2
"TACGTTTACCGGCAAT-1",9,15
"TACTACGTGCAATGCG-1",3,8
"TACTATGGTTCCTCAG-1",5,3
"TACTCATTGACGCATC-1",6,15
"TACTCCTCTAGTTGAC-1",8,5
"TACTCGGCACGCCGGG-1",7,7
"TACTCGTTTGAATCAA-1",3,8
"TACTCTCCGAACAAAT-1",3,8
"TACTCTTACTTTACTG-1",5,3
"TACTCTTTCGTCTTCA-1",5,3
"TACTGAACAGATTTAG-1",8,5
"TACTGAGGGAAGAAAG-1",4,16
"TACTGCAATCAATTAC-1",3,8
"TACTGCATGATTAAAT-1",3,10
"TACTGGACAGCTCGGC-1",4,5
"TACTGTTTCTCTGGTA-1",8,5
"TACTTAAACATGTACA-1",3,8
"TACTTTCCGCACGCCA-1",4,16
"TAGAAACCACTAAGTA-1",3,8
"TAGAAAGGTGGCGCTA-1",3,10
"TAGAAATTCACGTATA-1",7,7
"TAGAAGAAGGGTTACA-1",4,16
"TAGAATAGCCGATGAA-1",3,8
"TAGAATTAAGGGCAAC-1",3,8
"TAGACTACCTAGCGTT-1",5,3
"TAGACTCAGTTGGCCT-1",4,16
"TAGAGATCATGCAACT-1",4,16
"TAGAGCTACGAAGAAC-1",4,13
"TAGAGGTTCTACTTGT-1",3,8
"TAGAGTGTTCCGGGTA-1",2,2
"TAGATATGGACTGGAA-1",8,5
"TAGATCCGAAGTCGCA-1",5,9
"TAGATGGTTCCTTACT-1",3,8
"TAGATTCAAAGTGCGG-1",8,5
"TAGATTCCTGGTTATT-1",7,7
"TAGATTCTCTAGCAAA-1",9,13
"TAGCAACCTGTCACAA-1",7,7
"TAGCAGATACTTAGGG-1",3,8
"TAGCAGTATGACTAAA-1",3,8
"TAGCCATGATTGCCTA-1",4,16
"TAGCCATTTCAAAGTC-1",3,8
"TAGCGTCCCTCGATTG-1",5,3
"TAGCGTTGGGTCTTAC-1",5,3
"TAGCTAAGTCCGGGAG-1",8,9
"TAGCTAGAAGGCATGA-1",8,5
"TAGCTAGTGATGATGG-1",5,3
"TAGCTCACTGTGTTTG-1",4,16
"TAGCTCAGATCCTAGT-1",3,10
"TAGCTCGCCTGATAAC-1",5,3
"TAGCTGATGTGAAGCG-1",4,16
"TAGGAACAGCCTCCAG-1",3,8
"TAGGAGGCTCGAGAAC-1",5,3
"TAGGCATGTTACGCCA-1",3,8
"TAGGCCTATATAGTCT-1",5,3
"TAGGCGATGAGGTCTC-1",4,16
"TAGGCGGCTGCAAAGA-1",4,16
"TAGGCTAAAGTGGCAC-1",3,8
"TAGGGAGCTTGGGATG-1",3,8
"TAGGGTGTTTCAAGAG-1",8,5
"TAGGTCCAAGTAAGGA-1",7,7
"TAGGTCGCCGGAACTG-1",3,8
"TAGGTGAGCCCTACTC-1",4,4
"TAGGTGTTCCACAGAT-1",3,8
"TAGGTTCGAGTTCGTC-1",5,3
"TAGGTTCTGCTGAGAA-1",2,14
"TAGTACCACAACTTTC-1",4,16
"TAGTACCTTAGTGGTC-1",7,7
"TAGTAGCTTATACCAG-1",8,5
"TAGTAGTTGCCGGACA-1",2,14
"TAGTCCCGGAGACCAC-1",5,3
"TAGTCCGCAGAGAATG-1",8,5
"TAGTCCTGCACTAAGC-1",6,15
"TAGTCGATCACGGGTT-1",3,8
"TAGTCTAACAACGAGA-1",4,16
"TAGTCTGCGGCACATT-1",8,5
"TAGTCTGTGACGTTGC-1",3,8
"TAGTCTTTCCGAATTG-1",8,5
"TAGTGACAAGCTCTAC-1",4,16
"TAGTGAGAAGTGGTTG-1",8,10
"TAGTGCCCTCCAGAGT-1",8,5
"TAGTGGAACTCATACA-1",3,8
"TAGTGTCAGAAACGGC-1",9,15
"TAGTTAAGATAGGATA-1",3,8
"TAGTTTATTCTTGCTT-1",8,9
"TAGTTTGATCGGTCGC-1",9,13
"TATAAATCCACAAGCT-1",4,4
"TATAAGTGAGGATAGC-1",4,4
"TATACACAGACGCCTT-1",3,8
"TATACACGCAAAGTAT-1",7,7
"TATACCGAGTGCCACA-1",8,5
"TATAGAGTCGCTTGAA-1",5,3
"TATAGATGGTCGCAGT-1",5,3
"TATAGCGCACGTTATC-1",9,13
"TATAGGGTACTCATGA-1",9,13
"TATAGTTAGGTGTACT-1",4,16
"TATATAGGGCTTTACG-1",8,16
"TATATATCGAGAAATG-1",4,16
"TATATCAAAGTGATCT-1",8,5
"TATATCCCTGGGAGGA-1",3,8
"TATATTACAAATGTCG-1",3,8
"TATATTCGCGTCGATA-1",8,9
"TATCACAGCACGGGCA-1",5,9
"TATCACCATGTAAAGT-1",2,14
"TATCACCCAACCGACC-1",3,8
"TATCACTTCGAGTAAC-1",2,14
"TATCAGTGGCGTAGTC-1",4,16
"TATCCATATCATGCGA-1",8,5
"TATCCATCTCGGTTAG-1",6,15
"TATCCCTCGATCTGCA-1",3,8
"TATCCGCACCGTCGGG-1",5,3
"TATCCTATCAACTGGT-1",3,8
"TATCGATGATTAAACG-1",6,6
"TATCTACAGAGGTAAT-1",7,7
"TATCTACCACAGCGGG-1",8,9
"TATCTAGCCTAAAGGA-1",7,7
"TATCTGAGCCGATATT-1",6,15
"TATCTTGCAATACAAC-1",4,16
"TATGAAGAATTAAGGT-1",3,8
"TATGAAGACAGGTGCG-1",7,7
"TATGACCTTGCGCTGG-1",9,13
"TATGATAAATCTAACG-1",3,8
"TATGATCCGGCACGCC-1",5,3
"TATGATCTTCTCTTTA-1",3,8
"TATGATTCTGCTTGGT-1",7,7
"TATGCTCCCTACTTAC-1",8,11
"TATGGATGTGCTACGC-1",8,5
"TATGGCCCGGCCTCGC-1",7,7
"TATGGCTAGGCTAATT-1",8,16
"TATGGGACCGAGCAGG-1",8,5
"TATGGGTACGTATCGT-1",8,5
"TATGGTCTGAGTAACA-1",8,5
"TATGGTTAGTGGGAGA-1",5,3
"TATGTAAAGTGCTTAA-1",5,3
"TATGTAGAAACCCGGC-1",4,16
"TATGTCTCATTGTGCC-1",3,10
"TATTAACACCAAAGCA-1",4,16
"TATTAACCTGACCGCG-1",8,5
"TATTACCATCCTGCTT-1",3,8
"TATTATGTTTGCCTGC-1",4,16
"TATTCAATTCTAATCC-1",3,8
"TATTCCACTCAGCTCG-1",5,3
"TATTCCGGCAGTCCTA-1",8,9
"TATTCCTCCGCCCACT-1",4,16
"TATTCGTGCCAGAATA-1",8,5
"TATTGACATTTCTGCC-1",8,5
"TATTGCCGGGCTTGTA-1",5,9
"TATTTAGTCTAGATCG-1",8,5
"TATTTATACCGAGTAG-1",5,8
"TATTTGATTTGCACAG-1",8,5
"TATTTGTTACCCTTTA-1",4,16
"TCAAACAACCGCGTCG-1",8,5
"TCAAACTTAGATTGTT-1",6,15
"TCAAAGAGCTATCTGT-1",7,13
"TCAAAGTCACGGCGTC-1",6,15
"TCAAATTGTTGTGCCG-1",1,14
"TCAAATTTGAGACTCA-1",2,14
"TCAACAAAGATAATTC-1",4,16
"TCAACACATTGGGTAA-1",7,7
"TCAACATAGCGCCCTA-1",8,5
"TCAACATCGACCGAGA-1",4,16
"TCAACCATGTTCGGGC-1",6,15
"TCAACGAGGAGACAAA-1",8,5
"TCAACGCAGGAAATAA-1",4,16
"TCAACGCGACCGGCAG-1",6,15
"TCAACTAACGTATAAC-1",7,7
"TCAACTGCAGAGTCAG-1",5,3
"TCAAGAAATACTAGCT-1",5,3
"TCAAGCGCGGACGGTA-1",8,5
"TCAAGCTGCCTTGAAA-1",8,5
"TCAAGGTTACTACACC-1",5,3
"TCAATACGCCGTCATG-1",2,14
"TCAATATACAGGAGGC-1",8,5
"TCAATCCCGCGCCAAA-1",8,16
"TCAATCCGGGAAGTTT-1",3,8
"TCACAAACCGAGGTAC-1",3,8
"TCACAGCAAACTCGAA-1",8,5
"TCACAGGAGAATAAGA-1",5,3
"TCACAGGTTATTGGGC-1",8,5
"TCACATCTTATCTGAT-1",7,7
"TCACCCTCTTAAGATT-1",8,9
"TCACGATGTCCGTGGA-1",4,16
"TCACGCATTGTAGATC-1",8,5
"TCACGGCCCAAGAGAG-1",4,16
"TCACGGTCATCGCACA-1",4,16
"TCACGTGCCCGATTCA-1",8,5
"TCACTACGACCAATGC-1",2,14
"TCACTATCCCTTCGGT-1",3,8
"TCACTCGTGCAACGGC-1",2,14
"TCAGAACCTCCACAGG-1",3,8
"TCAGAACGGCGGTAAT-1",3,8
"TCAGACGCTATAGAAG-1",2,14
"TCAGAGGACGCGTTAG-1",3,8
"TCAGAGTGTGAGCATG-1",4,4
"TCAGATGGAGACGTAG-1",5,3
"TCAGCAAATGCATCTC-1",5,3
"TCAGCAGTAGGCCCTG-1",8,5
"TCAGCCAATCCGTAAA-1",3,8
"TCAGCGCACGCCGTTT-1",3,8
"TCAGCTTGAGCTTTCG-1",4,16
"TCAGGGCGCAAACTCG-1",7,7
"TCAGGGTGCACGAAAC-1",3,8
"TCAGGGTGTAACGTAA-1",5,3
"TCAGGTTCTTTGAGAA-1",6,15
"TCAGTACTGACCCGCG-1",4,4
"TCAGTAGGGACTATAA-1",8,5
"TCAGTGTATACGTCAT-1",8,5
"TCAGTTACGGAATGAT-1",5,3
"TCATAAGTCCAAGAAG-1",4,4
"TCATACTTACAGATCC-1",7,7
"TCATATGAGCTTTGTT-1",3,8
"TCATCACTCGAGCTCG-1",7,7
"TCATCCATCTGATCAC-1",4,16
"TCATCCCAGAGGGTGG-1",5,9
"TCATCCTCAGCTGCTT-1",3,8
"TCATCGACGACCGTCG-1",3,8
"TCATCGATGGTCCCAA-1",9,13
"TCATGCAGGTTCTCAT-1",3,8
"TCATTTAAGTCTCCGA-1",3,8
"TCATTTAGAAGTGTGA-1",5,3
"TCCAACTCAGCTATCT-1",3,8
"TCCAACTTTAAATTCT-1",6,15
"TCCAAGCCTAGACACA-1",1,1
"TCCAATAAAGGCTACC-1",5,3
"TCCAATGCGTCGCCGC-1",4,12
"TCCACAATGGTTTACG-1",4,4
"TCCACCAAGACATAGG-1",3,8
"TCCACCTCTAGCCTTT-1",5,3
"TCCACTTTATCTAGGT-1",3,10
"TCCAGAGCACCGGTTC-1",3,3
"TCCAGATGTACGCCAA-1",5,3
"TCCAGCGCTATAAGCG-1",8,5
"TCCAGGCAGGACGATC-1",3,8
"TCCAGGCGAGTACGGT-1",8,5
"TCCAGGGTATATACGA-1",3,8
"TCCATCAATACTAATC-1",4,16
"TCCATTCCCACTAGAG-1",8,5
"TCCATTGTGACCTCGT-1",3,8
"TCCCAAACAGACAACG-1",3,3
"TCCCAAACATCCTCTA-1",5,3
"TCCCAAAGACGAAGGA-1",8,9
"TCCCAAAGCCCTAAAT-1",9,13
"TCCCACTCTCTTCCGG-1",5,3
"TCCCAGCACACGACAT-1",6,15
"TCCCAGCTTTAGTCTG-1",8,5
"TCCCAGGCTTAGCTAA-1",8,5
"TCCCGCCTATGTGCGT-1",8,5
"TCCCGCGTACTCCTGG-1",5,3
"TCCCGGGTGTGCTGCT-1",9,15
"TCCCGGTCAGGAATTT-1",7,7
"TCCCGTCAGTCCCGCA-1",5,10
"TCCCGTCGCGTCATAG-1",5,3
"TCCCTAGATCAATAGG-1",5,3
"TCCCTCTTCTCAAGGG-1",5,3
"TCCCTGGCGTATTAAC-1",4,16
"TCCCTGGCTCGCTGGA-1",4,4
"TCCCTTAGATTACTCG-1",3,8
"TCCCTTGTCTGAAACT-1",5,9
"TCCGAACGTTGCCGCT-1",8,5
"TCCGAACTTGGCTTAC-1",7,7
"TCCGAAGTAGTCACCA-1",3,8
"TCCGAATGGTCCTGAG-1",5,3
"TCCGACCGCTAATCAA-1",8,5
"TCCGAGAAGGCTAAGC-1",7,7
"TCCGATAATTGCCATA-1",8,5
"TCCGATGACTGAGCTC-1",5,10
"TCCGATGGTGCGACAT-1",8,12
"TCCGATTACATTGCCG-1",4,4
"TCCGCGGCAGCATCTG-1",1,14
"TCCGCGGCCCAATGAA-1",3,3
"TCCGCTTATCCCATTA-1",3,8
"TCCGGAGGAAGGGCTG-1",3,8
"TCCGGCCTAGCGTACA-1",2,14
"TCCGGCCTGCATCGAT-1",3,8
"TCCGGCTGTCGGGTCG-1",4,4
"TCCGGGCCACTAACGG-1",2,2
"TCCGGGCTTGACGGGA-1",3,8
"TCCGGTTCGTCCGGTC-1",8,5
"TCCGTTAAGCTAATAT-1",5,3
"TCCTAAAGATTCAGAC-1",3,8
"TCCTAAATTGGGAAGC-1",2,14
"TCCTAACCGTCGGGCA-1",5,3
"TCCTAGCAAAGAAGCT-1",8,5
"TCCTATCATAGGTAAC-1",8,12
"TCCTCCTAAGACATTC-1",4,16
"TCCTCGGGCTGGGCTT-1",2,10
"TCCTCTACGAGATGGC-1",4,4
"TCCTCTCCAGTTGTCC-1",7,7
"TCCTCTGGCCCATTAG-1",3,10
"TCCTGCAGCCGCCAAT-1",3,8
"TCCTGCCAACTGGAGA-1",2,2
"TCCTGCGTTGATACTC-1",4,4
"TCCTGGCGCTGCCTGG-1",3,8
"TCCTTACGACGGTCCG-1",3,8
"TCCTTCAATCCCTACG-1",7,7
"TCCTTCAGTGGTCGAA-1",5,9
"TCCTTTAAATCCGCTT-1",3,8
"TCCTTTCTTACGCTTA-1",8,5
"TCGAAATTTAGGACCA-1",9,13
"TCGAAGAACCGAGCAC-1",3,8
"TCGAATATCCCGCAGG-1",6,15
"TCGAATCGCAGGGTAG-1",3,8
"TCGACAACTGAACCCG-1",4,16
"TCGACATAGCGTAGCG-1",8,5
"TCGAGACCAACACCGT-1",6,15
"TCGAGCCAGGCAGGCC-1",8,5
"TCGAGGGCAACAGACG-1",8,5
"TCGAGTCTACGATTCG-1",6,15
"TCGATAGGCTAGTCGC-1",4,4
"TCGCATAAAGGGCGCA-1",5,3
"TCGCATCCCTAAGTGT-1",7,7
"TCGCATTCAATGACTT-1",7,7
"TCGCCACCCGGATTAC-1",4,4
"TCGCCCAACTGACTCC-1",2,14
"TCGCCGAAGTTGCGTC-1",4,10
"TCGCCGACATATTCGC-1",3,2
"TCGCCGCACCGCGTGA-1",7,13
"TCGCCGGTCGATCCGT-1",8,5
"TCGCCTCCTTCGGCTC-1",3,8
"TCGCGCGTTTACATGA-1",4,16
"TCGCGTCCAGAAGGTC-1",4,16
"TCGCTCGATATATTCC-1",8,5
"TCGCTCGGCACCAGCG-1",3,8
"TCGCTGCCAATGCTGT-1",2,14
"TCGCTGGGCGGATTGT-1",3,10
"TCGCTGTGCGTAAATC-1",9,13
"TCGCTTAATTACGAAG-1",5,3
"TCGGAATGACCATCAA-1",7,7
"TCGGAATGCGCTCTGA-1",7,7
"TCGGACGCCCAGCCCA-1",3,10
"TCGGAGAGTATCGGGA-1",4,16
"TCGGAGTACATGAGTA-1",3,10
"TCGGATCTGGATGACC-1",4,16
"TCGGCAGGGTTAAGGG-1",4,16
"TCGGCGAACCCAAACC-1",5,3
"TCGGCGTACTGCACAA-1",4,16
"TCGGCTAACTTCCCTT-1",3,8
"TCGGCTTGTATCGACG-1",3,8
"TCGGGAACGTGCCTAG-1",5,3
"TCGGGATTCAAACATA-1",4,4
"TCGGGCACTTCTGGAT-1",8,10
"TCGGGTGAAACTGCTA-1",8,16
"TCGGTCCCGACAATAG-1",4,16
"TCGGTCCCTGACTCCA-1",3,10
"TCGGTGACCGCTCCGG-1",3,8
"TCGGTTAGCCATGTAG-1",1,14
"TCGTAACTCCCAAGAC-1",8,5
"TCGTAAGACGACATTG-1",3,10
"TCGTAAGCTCCGAGGA-1",3,8
"TCGTACCGACGTCAAG-1",3,8
"TCGTATAGTGCAATTA-1",4,16
"TCGTATTACCCATTGC-1",4,12
"TCGTATTTCGTCCGGA-1",3,8
"TCGTCAAGTACGCGCA-1",8,5
"TCGTCACACTGTTAGC-1",7,7
"TCGTCCGCTGGCGTCT-1",4,4
"TCGTCCGGGTACACTC-1",3,8
"TCGTGTCACGCTGACA-1",4,10
"TCGTTAGGAGTCCCTA-1",8,5
"TCGTTCGTTATTATGT-1",8,9
"TCGTTGCTATCCGGTC-1",8,5
"TCGTTGGCTCGTCAAT-1",9,13
"TCGTTTACGCGACCCT-1",3,8
"TCTAAAGAACAGTCTC-1",6,15
"TCTAACCTAGCCTGCG-1",5,3
"TCTAATACTGCCTCAG-1",4,16
"TCTACACGTTCATGCA-1",2,14
"TCTACCCAATAGAGAG-1",5,3
"TCTACCCGCATCATTT-1",5,3
"TCTACCGTCCACAAGC-1",5,3
"TCTACGCACGATCTCC-1",8,5
"TCTACGGGCTCAGTTG-1",5,3
"TCTAGCAATCTCCGCC-1",6,15
"TCTAGCATCTTCGATG-1",4,4
"TCTAGCATGCCCAGAA-1",3,8
"TCTAGGTGGCGACGCT-1",2,2
"TCTAGTGATATCGTGG-1",3,8
"TCTAGTTATCAGAAGA-1",8,5
"TCTATAGGTGGGTAAT-1",5,3
"TCTATCATGCAGTTAC-1",4,12
"TCTATCCGATTGCACA-1",3,8
"TCTATCGGTCGCAACA-1",8,9
"TCTATGCTATAACGAC-1",3,8
"TCTATTACGCTGGCGA-1",7,7
"TCTATTACTAGAGGAT-1",9,15
"TCTCAAATCAATCGGG-1",3,8
"TCTCAGGCTACTCGCT-1",8,5
"TCTCATGAGATAGGGT-1",2,14
"TCTCCAACGTAGGTTA-1",3,8
"TCTCCACAAGTTGAAT-1",3,8
"TCTCGACGTATCGCCG-1",8,5
"TCTCGAGGAGGTTCGC-1",5,3
"TCTCGTGTTACGAGGA-1",7,7
"TCTCTAATAGCTGGTA-1",8,5
"TCTCTCGCCGCACATA-1",8,5
"TCTCTTACCGCGAACC-1",5,3
"TCTGAACCGGTCGGCT-1",6,15
"TCTGAACTCGTACCCG-1",3,8
"TCTGAAGCACGTGGTC-1",2,14
"TCTGAATTCCGTACAA-1",3,2
"TCTGACGGGCTAACCC-1",8,9
"TCTGAGCAATTGACTG-1",8,5
"TCTGATCGGGTGCTAG-1",8,5
"TCTGATTGGAAATGGA-1",4,16
"TCTGCACCATTAGTAA-1",8,5
"TCTGCATACCTTGCTT-1",3,8
"TCTGCCAGAAACTGCA-1",2,14
"TCTGCGAATCGTTCGC-1",5,3
"TCTGCGTCCGGTTTCT-1",9,13
"TCTGCTTAGAACAAGC-1",4,16
"TCTGGAGCGTAAGAGT-1",4,16
"TCTGGCCGTTCAAGTT-1",6,15
"TCTGGCGCAAGCCGGG-1",7,7
"TCTGGGAACCTTTGAA-1",3,8
"TCTGGGTAGCGCTCAT-1",4,16
"TCTGTCATACAAGAGC-1",4,16
"TCTGTGCCATCATAGT-1",3,8
"TCTGTGGCTACATTTC-1",8,9
"TCTGTTACCCAGCATA-1",4,16
"TCTTACAGAGGTACCG-1",4,4
"TCTTACGGCATCCGAC-1",7,7
"TCTTACTTATGCCTCT-1",3,8
"TCTTAGAGCTCCAATT-1",5,3
"TCTTAGAGTGAACTCT-1",3,8
"TCTTCCCATGGGCACA-1",3,10
"TCTTCGAATAGACGTT-1",3,8
"TCTTCGATACCAATAA-1",5,3
"TCTTCGCGGTGAGAGG-1",8,5
"TCTTCTATAACCCGCC-1",5,3
"TCTTGATGCGTAGCGA-1",5,3
"TCTTGCTCCCGATACT-1",2,14
"TCTTGGTAACACCAAA-1",8,9
"TCTTGGTCAATGATAC-1",4,16
"TCTTTAAGACTATGAA-1",3,10
"TCTTTAGAGTCTAACA-1",8,12
"TCTTTAGCAGGCGAAC-1",8,5
"TCTTTCATCCGTCCTT-1",4,16
"TCTTTCCTTCGAGATA-1",9,15
"TCTTTCTCTTAAGGAG-1",3,8
"TGAAACTTATGCAAGC-1",5,9
"TGAAAGGACCTGACTC-1",1,1
"TGAACAAGCAGGGACT-1",8,5
"TGAACTGCTATGACTT-1",7,7
"TGAATACCGACGCGTA-1",2,2
"TGAATATGCTATAAAC-1",3,3
"TGAATGAGATACAGCA-1",5,3
"TGAATGAGTGTTTCCC-1",5,3
"TGAATGTCAGCCGGCC-1",5,3
"TGAATTTCACTTGCCT-1",7,7
"TGACAACGCATGTCGC-1",4,16
"TGACAACTTAAAGGTG-1",8,5
"TGACAGAAATCTTGCT-1",4,16
"TGACAGGACAAGTCCA-1",4,16
"TGACATATATGACGAT-1",7,7
"TGACATCGAGCGGACC-1",9,11
"TGACATGTAACGTGAC-1",2,2
"TGACCAAATCTTAAAC-1",3,2
"TGACCAGCTTCAAAGT-1",1,14
"TGACCCACGTTAGACA-1",8,11
"TGACGAATATTTCCCT-1",4,16
"TGACGATGCACTAGAA-1",3,8
"TGACTATAATCCTTTC-1",3,8
"TGACTCCGAATCATAC-1",4,16
"TGACTCTAACTGGTAA-1",4,16
"TGAGAATGCTTTACCG-1",8,5
"TGAGACGTACCTCTCA-1",7,7
"TGAGAGATTTACCACG-1",3,8
"TGAGATCAAATACTCA-1",8,9
"TGAGCAGTCGTGAAGT-1",7,7
"TGAGCCATACAGTCTC-1",8,16
"TGAGCGGAAAGTGTTC-1",3,8
"TGAGCTCAACTGTATA-1",4,4
"TGAGCTTTAATGACGC-1",3,8
"TGAGGAGTGCCAGCTT-1",3,8
"TGAGGCATGTACTGTG-1",6,6
"TGAGGTGTGTGGCGGA-1",5,3
"TGAGTAAATTAGCGTA-1",8,9
"TGAGTGCCTCTTAAAT-1",4,16
"TGAGTGTAACAACGGG-1",3,8
"TGAGTTAAAGACATTC-1",8,5
"TGATACATTTAGCCGT-1",8,5
"TGATCACCACACTGAC-1",5,3
"TGATCAGGGAACTGCT-1",4,16
"TGATCCCAGCATTAGT-1",3,3
"TGATCGGTTTGACCCT-1",8,9
"TGATCTATCACACTCT-1",3,8
"TGATCTCCGGCGCCAG-1",8,5
"TGATGGCTGTTTCTGA-1",5,3
"TGATGTCAATTAAGTG-1",3,8
"TGATTATGGCACGCAG-1",3,8
"TGATTCAGGTCCCGCG-1",7,16
"TGATTCCCGGTTACCT-1",5,3
"TGATTCGTCTATCACT-1",6,15
"TGATTCTGTCGCCGGT-1",8,5
"TGATTTATTAGCTGTG-1",4,4
"TGATTTCCTCCTGACG-1",7,7
"TGCAAACGTACTAGTT-1",5,3
"TGCAAAGTTCGTCTGT-1",3,8
"TGCAACCCATCTGCGG-1",3,8
"TGCAACTACTGGTTGA-1",3,8
"TGCAAGAATGACGTAA-1",8,2
"TGCAATCTAACACGGT-1",3,8
"TGCACAGTGAAGTTAT-1",2,14
"TGCACGAGTCGGCAGC-1",9,13
"TGCAGAACTATATCGT-1",4,16
"TGCAGAGTACCGAGCA-1",8,5
"TGCAGATCGTCCTAGG-1",4,13
"TGCAGCTACGTACTTC-1",4,4
"TGCAGGATCGGCAAAG-1",5,3
"TGCAGTGAGGCTCGGG-1",5,3
"TGCAGTGGTAGGGAAC-1",4,16
"TGCAGTTTCCTCCCAT-1",2,14
"TGCATGGATCGGATCT-1",8,5
"TGCATGTGACCCATAG-1",8,5
"TGCATGTGGTAATCTA-1",3,10
"TGCCAAAGTCAGACTT-1",4,16
"TGCCAATGGGTACTCT-1",5,3
"TGCCACACTAGAGGAA-1",7,7
"TGCCACCTGGCGAAAC-1",5,7
"TGCCAGTACGTGGAGA-1",2,14
"TGCCATGGCTTATAAG-1",1,1
"TGCCATTACTAAAGAA-1",3,8
"TGCCCGATAGTTAGAA-1",3,2
"TGCCCGTACCGTTAAA-1",2,14
"TGCCGAAAGCGTATTC-1",8,5
"TGCCGGATGTACGAGC-1",4,16
"TGCCGTGGATCGTCCT-1",3,8
"TGCCGTTCTTAATCGG-1",4,16
"TGCCTAAATTTAATAG-1",4,16
"TGCCTAATTGAAGATT-1",5,3
"TGCCTGATCAAACGAT-1",9,13
"TGCGAATATGGGATTT-1",7,16
"TGCGACACCCTAGTGC-1",8,5
"TGCGACGGCCGAACGT-1",4,16
"TGCGAGAATATTACCC-1",4,16
"TGCGAGATGGCGGCCA-1",3,8
"TGCGCAAAGCATTTGG-1",5,3
"TGCGCCGTTAATAACG-1",4,16
"TGCGCGATTAACGGAG-1",4,4
"TGCGGACTTGACTCCG-1",1,1
"TGCGGAGTAAAGGTGC-1",5,9
"TGCGGCATAGTTCAAC-1",4,4
"TGCGGTCTACGAGTAA-1",2,14
"TGCGGTGAAATTTCAT-1",5,9
"TGCGTAAGAACCTGAT-1",4,16
"TGCGTACGGCTAATTG-1",3,8
"TGCGTCATGACTGAGC-1",4,16
"TGCGTTTGTTGACACT-1",2,2
"TGCTAAGTGTCTATTT-1",3,8
"TGCTATACAAACGGAC-1",4,4
"TGCTATGGCAAAGGGA-1",4,16
"TGCTCAAAGGATGCAC-1",4,4
"TGCTCCACAGTTCTTA-1",3,8
"TGCTCGGCGAAACCCA-1",3,8
"TGCTCTGCCGGTTCAC-1",9,13
"TGCTGCGTCAGAGTTA-1",3,8
"TGCTGGTTGGACAATT-1",4,4
"TGCTGTTGAAGAACTC-1",5,3
"TGCTTAGAGAGAATGC-1",6,6
"TGCTTCCCAAGCAGTA-1",2,14
"TGGAACCACTGACACA-1",3,8
"TGGAAGAAGGGAACGT-1",4,16
"TGGAAGACGAACACCA-1",4,4
"TGGAAGGATAAAGATG-1",8,9
"TGGAATATCCTTGACC-1",3,2
"TGGAATTAGACGCTTT-1",7,7
"TGGACCAATCTAAGAT-1",2,14
"TGGACGCAATCCAGCC-1",4,13
"TGGACTGTTCGCTCAA-1",3,8
"TGGAGAATAATCGTCC-1",5,3
"TGGAGCTAAAGTTCCC-1",5,9
"TGGAGGGAAACACCTC-1",5,3
"TGGAGTGATGCGATGA-1",4,4
"TGGATGGCATCTTGGA-1",5,3
"TGGCAACTCGCGCGCC-1",3,8
"TGGCAAGCACAAGTCG-1",3,8
"TGGCAATGGGACGGCG-1",5,3
"TGGCAGATTACGATCA-1",8,5
"TGGCAGCAGTAATAGT-1",8,5
"TGGCATGAAGTTTGGG-1",4,16
"TGGCCAAACTGAAGTA-1",3,3
"TGGCCAATTTGGTACT-1",4,16
"TGGCCGTATATTGACC-1",4,4
"TGGCGACTGCTCCAAA-1",8,5
"TGGCGATCAAGTTATG-1",8,5
"TGGCGGTGTGCGATTG-1",7,13
"TGGCTACACTCTACCT-1",3,8
"TGGCTCTTGTCGCGTA-1",7,16
"TGGCTTATGTATAATG-1",4,12
"TGGCTTGTACAAGCTT-1",5,3
"TGGCTTTGGGTAGACA-1",8,5
"TGGGAAATGCCTTTCC-1",7,7
"TGGGCAATAGTTGGGT-1",5,3
"TGGGCACAAACAGAAC-1",4,4
"TGGGCACGTTCTATGG-1",5,9
"TGGGCAGGCCACCGCA-1",8,5
"TGGGCCACAAGAGCGC-1",5,9
"TGGGCCCATACTAATT-1",3,8
"TGGGCGATACAATAAG-1",2,2
"TGGGTAAGGTTCCCGC-1",3,8
"TGGGTGCACAAGCCAT-1",3,8
"TGGGTGGGATGTCATT-1",3,8
"TGGGTGTAATAGATTT-1",3,8
"TGGGTTTCGGGCGTAC-1",4,16
"TGGTAAGCAGGATTGA-1",7,16
"TGGTAGAATATATGGG-1",5,3
"TGGTATCGCATCCCAA-1",7,9
"TGGTATCGGTCTGTAT-1",8,9
"TGGTCGATATACCTCT-1",8,5
"TGGTCGGGTACAGGGC-1",4,12
"TGGTCGTGCAAGGCAA-1",7,7
"TGGTCTGTTGGGCGTA-1",4,4
"TGGTGATCGTATTTGT-1",7,7
"TGGTGCCCTGCCTTAC-1",3,8
"TGGTTAACTTACATTT-1",4,16
"TGGTTAAGGGCGCTGG-1",5,3
"TGGTTCGTAGCAAAGG-1",6,15
"TGGTTGGAGGATCCTG-1",2,2
"TGGTTTAAACGTGGGT-1",5,3
"TGTAAGACTGATAAGA-1",4,12
"TGTAATGACCACAATA-1",7,7
"TGTACCCGACCCTAAT-1",4,16
"TGTACCTACACGAGGG-1",3,8
"TGTACGAACAAATCCG-1",8,5
"TGTACTACTCTCACGG-1",5,3
"TGTACTATCGCTCGTT-1",2,2
"TGTACTGTGCCAAAGT-1",7,7
"TGTACTTCCGGGCATG-1",5,3
"TGTAGCCAATTCCGTT-1",3,2
"TGTAGCCATCCCATTC-1",5,3
"TGTAGTGATCTATAAT-1",4,4
"TGTATAACAGATCCTG-1",3,10
"TGTATACGGATGATGA-1",8,5
"TGTATCAGACTGAAGC-1",3,8
"TGTATCCTTATTCCAT-1",4,4
"TGTATGGCGCAGACAG-1",3,8
"TGTCATTTGTTGGGAA-1",3,8
"TGTCCACGGCTCAACT-1",3,8
"TGTCCCGACATAGCAC-1",8,16
"TGTCCGCAAACAATTC-1",3,3
"TGTCCGTGGCGCCTTT-1",6,15
"TGTCCTAAGTCACCGC-1",4,4
"TGTCGTTATCACATAT-1",4,16
"TGTCTACAGTTTCTGT-1",4,4
"TGTGACTACGCCAGTC-1",5,9
"TGTGACTAGAGTTTGC-1",5,3
"TGTGAGACTAGCCCAA-1",3,8
"TGTGATTCCAGCGCTT-1",3,10
"TGTGCCAGAGGCAAAG-1",4,16
"TGTGCCGGTGCCGGAA-1",3,8
"TGTGCTTTACGTAAGA-1",7,16
"TGTGGACTATCTACGT-1",4,4
"TGTGGAGGAAGCTTAA-1",7,4
"TGTGGCGGGCTTCTGG-1",3,8
"TGTGGCTCCCACCAAC-1",8,5
"TGTGGTAGGGTGCCTT-1",4,4
"TGTGGTTGCTAAAGCT-1",5,3
"TGTGTAGTAGCACGTG-1",8,5
"TGTGTCGAAGTCGAGG-1",7,7
"TGTGTCGCGAGTTGCA-1",4,4
"TGTGTGACCATGAATC-1",6,6
"TGTGTTCGTATCCAAG-1",6,15
"TGTTAACAAAGTGACT-1",4,16
"TGTTCCGCTTCCATGA-1",8,5
"TGTTCCGGCCTGAGCT-1",2,14
"TGTTCGTATTGCGGTG-1",3,8
"TGTTCTCATACTATAG-1",4,16
"TGTTCTCTACTCCCTA-1",5,3
"TGTTCTTCCATTGACT-1",8,5
"TGTTGCCGTCGTCCCA-1",4,16
"TGTTGTCAAGAAGTCT-1",3,8
"TGTTTAATACTTCATC-1",3,8
"TGTTTCGGTACTTCTC-1",8,5
"TGTTTCTGAAGCGTGC-1",4,16
"TGTTTGAGATCGTCAG-1",8,5
"TTAAACCGGTAGCGAC-1",4,11
"TTAAAGGCGATGCTCG-1",5,3
"TTAAAGTAAGTCGCCA-1",3,8
"TTAACACCTCGAACAT-1",7,7
"TTAACCAACCCTCCCT-1",8,5
"TTAACGAACAAGCAGT-1",5,3
"TTAACGTCGCAAGACC-1",4,4
"TTAACGTTAAAGCCTG-1",7,7
"TTAACTGATCGTTTGG-1",4,16
"TTAACTTCAGGTAGGA-1",4,16
"TTAAGACGAACGAACC-1",1,14
"TTAAGATACCCAGAGA-1",8,5
"TTAAGATAGGATTGAC-1",5,3
"TTAAGCCGACAACTTC-1",5,3
"TTAAGCGCCTGACCCA-1",4,16
"TTAAGGATACGGAGGT-1",7,7
"TTAAGGCCCGTACTTT-1",4,16
"TTAAGTATTGTTATCC-1",3,8
"TTAATCAGTACGTCAG-1",5,8
"TTAATGCGAGGTAACT-1",5,9
"TTAATGTAGACCAGGT-1",5,3
"TTAATTTCAGACGCGG-1",5,9
"TTACAACTACGCATCC-1",8,5
"TTACACGATCTGCGAC-1",5,3
"TTACAGACCTAAATGA-1",2,14
"TTACATCGTGGCCTGG-1",7,7
"TTACATGCCACAACTA-1",5,3
"TTACCATTGATTACCC-1",4,13
"TTACCCATTGCCGGGT-1",3,10
"TTACCCTAACAGTCCT-1",7,7
"TTACCCTAGGGATTGG-1",3,8
"TTACGGTGTCACCGAG-1",7,7
"TTACGTATCTATGACA-1",8,5
"TTACTATCGGCTTCTC-1",7,7
"TTACTCCGGCCGGGAA-1",3,10
"TTACTCTGGTACGTAC-1",4,16
"TTACTGGGATATTTCA-1",8,5
"TTACTGTCTAGAGCTC-1",5,3
"TTACTGTTTCTCTACG-1",5,9
"TTAGAAGAACATGACT-1",3,8
"TTAGAATAAGGGTCGG-1",5,3
"TTAGACACGATCGTTG-1",3,10
"TTAGAGGGATATACAG-1",7,13
"TTAGAGTATTGTCGAG-1",4,11
"TTAGCAACATGGATGT-1",7,7
"TTAGCCATAGGGCTCG-1",8,5
"TTAGCGAATAGATAGG-1",2,2
"TTAGCTCTGTAATCCG-1",7,7
"TTAGCTGATTTGCCGT-1",3,8
"TTAGGATGGGAGGGTA-1",4,16
"TTAGGTCATAACCGAC-1",8,5
"TTAGTAAACCTGCTCT-1",3,8
"TTAGTAGGGCGGCGGG-1",4,4
"TTAGTTATTCGTGGCA-1",3,8
"TTAGTTCAAGTGTTCG-1",5,3
"TTATAGATGCACATTA-1",4,4
"TTATATACGCTGTCAC-1",3,8
"TTATATTTGGCAATCC-1",7,9
"TTATCCAATCGAACTC-1",6,15
"TTATCCTCAAGGAATA-1",4,16
"TTATCGCCTGCGAAGC-1",7,7
"TTATCTGACATTAGGA-1",9,13
"TTATCTGTATCATAAC-1",8,5
"TTATGAATGAAAGGGA-1",8,9
"TTATGACAAACTGGAT-1",4,7
"TTATGCGTCCCGGTCC-1",7,12
"TTATGTTTGCGATAGA-1",7,7
"TTATTAGAGCGTGTTC-1",3,8
"TTATTAGGGAAGCATC-1",8,9
"TTATTATCTGGAAGGC-1",8,16
"TTATTTAGGTTCCTTA-1",4,16
"TTCAAAGTCTCTAGCC-1",3,8
"TTCAACGACCCGACCG-1",6,15
"TTCAAGCCGAGCTGAG-1",5,3
"TTCAATTAGCCATAAT-1",3,7
"TTCACGAAAGGATCAC-1",8,5
"TTCACGGTCGTCACGT-1",4,16
"TTCACTCGAGCACCTA-1",2,14
"TTCACTTCCTAGAACG-1",2,2
"TTCAGCTGGCGTGCCC-1",3,8
"TTCAGGCGTCAAAGCC-1",4,4
"TTCAGTTCAAGAGGAG-1",8,5
"TTCATGGCGCAACAGG-1",5,9
"TTCCAATCTGGCTATC-1",8,5
"TTCCACACAGATTTGA-1",6,6
"TTCCAGACGAGATTTA-1",8,5
"TTCCAGTGGGTTTCGT-1",5,3
"TTCCATCGACAGCGTG-1",5,3
"TTCCCGACGCTTCACT-1",2,2
"TTCCCGGCGCCAATAG-1",7,16
"TTCCGCAGAGAAATAT-1",3,2
"TTCCGCGTGAGGCGAT-1",3,8
"TTCCGGCCTTGAGGCT-1",8,5
"TTCCGGCTCGACTTCT-1",3,8
"TTCCGGTATCTGTGTC-1",6,15
"TTCCTCGAGGGTGTCT-1",8,16
"TTCCTCTGCCCGAATA-1",7,7
"TTCCTTTCTGTGTTGC-1",9,13
"TTCGAACGAAACATGC-1",5,3
"TTCGACAGAGCCCGTG-1",2,14
"TTCGACGGGAAGGGCG-1",6,15
"TTCGAGCCGGCGCTAC-1",3,8
"TTCGCACTCGCGTGCT-1",4,16
"TTCGCACTGTACGACA-1",3,8
"TTCGCCGCTCGCGCTA-1",4,16
"TTCGCGCGCCATACGA-1",5,3
"TTCGCTAGGAAGTTGT-1",8,5
"TTCGGACTGGGCATGG-1",4,16
"TTCGGCAACCCGCTGA-1",3,10
"TTCGGCTAGAGATGGT-1",9,13
"TTCGGGACTAATCGCG-1",3,8
"TTCGGGCGCTAGTCTT-1",8,5
"TTCGGGTTGCCACGGG-1",8,5
"TTCGGTACTGTAGAGG-1",2,2
"TTCGGTGGAGACGCCC-1",4,16
"TTCGTAATCCCAGCGG-1",3,8
"TTCGTACTCCAGAACG-1",7,7
"TTCGTTCAACGAAGTT-1",3,8
"TTCTACCTCAATCGGT-1",4,13
"TTCTACCTTTATGTTG-1",3,8
"TTCTACTTGCGAGGGC-1",6,15
"TTCTAGAAAGTCTTAT-1",5,3
"TTCTAGGCCAATTGTG-1",4,4
"TTCTATGCCTTTCGCA-1",8,5
"TTCTATTAAACGCAGC-1",3,8
"TTCTCAATTGCTACAA-1",4,16
"TTCTCTTACAGGTGAT-1",4,16
"TTCTGCCGCGCCTAGA-1",3,8
"TTCTGCGAGCGCCCTT-1",7,7
"TTCTGCTAGACTCCAA-1",3,8
"TTCTTAGTGAACGGTG-1",7,7
"TTCTTAGTGGCTCAGA-1",8,9
"TTCTTATCCGCTGGGT-1",5,3
"TTCTTCCCTTTGATAT-1",5,9
"TTCTTCGCAATAGAGC-1",3,8
"TTCTTGAGCCGCGCTA-1",4,16
"TTCTTGCTAGCATCTC-1",5,3
"TTCTTGGACGATCTGC-1",4,16
"TTCTTGGAGTAATGAG-1",3,8
"TTCTTGTAACCTAATG-1",4,4
"TTCTTTGGTCGCGACG-1",3,8
"TTGAAACCCTCATTCC-1",8,5
"TTGAACGAATCCTTTG-1",9,13
"TTGAACGACGTGCTGA-1",3,8
"TTGAAGAATTCCCAGG-1",8,5
"TTGAAGGATGGGCGCC-1",4,16
"TTGAATATGGACTTTC-1",3,8
"TTGAATCGTTGTATAA-1",9,13
"TTGAATTCACGTGAGG-1",3,8
"TTGACAGGAGCTCCCG-1",5,3
"TTGACATGAACGTGGA-1",4,16
"TTGACCATGTTCTCCG-1",3,10
"TTGACCGTGTTAATGA-1",4,16
"TTGACGATTCAGCACG-1",4,4
"TTGACGCTCCATGAGC-1",3,8
"TTGACTACCATATGGT-1",9,13
"TTGACTATTGTCCGGC-1",5,3
"TTGAGAAGTTTAGCAT-1",3,10
"TTGAGAGTACTGCTAA-1",4,16
"TTGAGCAGCCCACGGT-1",8,5
"TTGAGCGCCACGTGAT-1",8,5
"TTGAGGCATTTAACTC-1",2,14
"TTGAGTCCCGCTGCTG-1",8,5
"TTGATAGTCAATACAT-1",5,3
"TTGATCTAACTTTGTC-1",8,5
"TTGATGCCGCTCGTCG-1",8,5
"TTGATTAGCTGTTTCT-1",4,16
"TTGATTATGCAGATGA-1",4,16
"TTGCACAATTCAGAAA-1",8,5
"TTGCACGGAGCAGCAC-1",8,5
"TTGCATGCTGATCACG-1",4,16
"TTGCCAAGCAGAACCC-1",8,5
"TTGCCATAGCCCGCTC-1",4,16
"TTGCCCTGATCACGGG-1",4,4
"TTGCCGCAGACCTACA-1",4,16
"TTGCCTAATCCAAAGT-1",4,16
"TTGCCTTCTCGCCGGG-1",3,8
"TTGCGCACAACCACGT-1",3,8
"TTGCGCTTGATCAATA-1",3,8
"TTGCGGAAAGCTGCCC-1",5,3
"TTGCGGCATCAGAAAG-1",8,5
"TTGCGGCGACTCATGC-1",5,9
"TTGCGTAGTTTGAGGA-1",7,7
"TTGCGTCGGCCAACCG-1",8,5
"TTGCGTGAACGCTTAG-1",2,14
"TTGCGTGTGTAGGCAT-1",3,8
"TTGCTCATAGTACGTG-1",3,8
"TTGCTCCCATACCGGA-1",5,9
"TTGCTGAAGGAACCAC-1",8,5
"TTGCTGATCATGTTCG-1",8,5
"TTGCTGCACCTATCCA-1",7,7
"TTGCTGGCCGGGCTTC-1",3,8
"TTGGAAGAATACAGTC-1",4,16
"TTGGACATGTGGCTTA-1",4,16
"TTGGACCATCTGGCAA-1",5,3
"TTGGACCTATAACAGT-1",2,2
"TTGGAGTCTCCCTTCT-1",7,3
"TTGGATATCGTCTACG-1",8,5
"TTGGATCGACTTCTGG-1",8,9
"TTGGATTGGGTACCAC-1",8,5
"TTGGCCAAATTGTATC-1",3,8
"TTGGCCTAGAATTTCG-1",3,10
"TTGGCGATCCGAATAT-1",8,16
"TTGGCTCAATATGTGT-1",5,9
"TTGGCTCGCATGAGAC-1",4,4
"TTGGGAAGACGAGCCG-1",2,14
"TTGGGACACTGCCCGC-1",5,3
"TTGGGACGTAAGAGTT-1",5,3
"TTGGGCGGCGGTTGCC-1",3,10
"TTGGGTTTATTCAGCG-1",5,3
"TTGGTATGGCTTGTGT-1",8,5
"TTGGTCACACTCGTAA-1",8,5
"TTGGTTCGCTCAAAGG-1",4,16
"TTGGTTGCGGTGCGCG-1",4,16
"TTGTAAGGACCTAAGT-1",6,6
"TTGTAAGGCCAGTTGG-1",3,8
"TTGTAATCCGTACTCG-1",8,5
"TTGTACACCTCGAACA-1",4,4
"TTGTATCACACAGAAT-1",9,13
"TTGTCACCGCGGTATC-1",4,16
"TTGTCGTTCAGTTACC-1",8,5
"TTGTCTCGGCAAGATG-1",5,3
"TTGTGAACCTAATCCG-1",3,8
"TTGTGAGGCATGACGC-1",4,16
"TTGTGATCTGTTCAGT-1",5,8
"TTGTGCGGAAGCGGAT-1",4,16
"TTGTGGAGACAGCCGG-1",4,16
"TTGTGGCCCTGACAGT-1",8,5
"TTGTGGTAGGAGGGAT-1",4,16
"TTGTGGTATAGGTATG-1",8,5
"TTGTGGTGGTACTAAG-1",3,8
"TTGTGTATGCCACCAA-1",3,8
"TTGTGTTTCCCGAAAG-1",3,8
"TTGTTAGCAAATTCGA-1",4,4
"TTGTTCAGTGTGCTAC-1",8,9
"TTGTTGGCAATGACTG-1",8,5
"TTGTTGTGTGTCAAGA-1",3,8
"TTGTTTCACATCCAGG-1",8,5
"TTGTTTCATTAGTCTA-1",4,16
"TTGTTTCCATACAACT-1",6,15
"TTGTTTGTATTACACG-1",5,3
"TTGTTTGTGTAAATTC-1",4,4
